<experiment>
    <fileAuthor>Marton Kovacs, ELTE Chemical Kinetics Laboratory</fileAuthor>
    <fileDOI>10.24388/x10100001</fileDOI>
    <fileVersion>
        <major>1</major>
        <minor>0</minor>
    </fileVersion>
    <ReSpecThVersion>
        <major>2</major>
        <minor>3</minor>
    </ReSpecThVersion>
    <firstPublicationDate>2020-02-23</firstPublicationDate>
    <lastModificationDate>2020-11-16</lastModificationDate>
    <bibliographyLink>
        <description>N. Fujii et al., Proc. Comb. Inst. 18 (1981) 873-883, Fig 2. open circles</description>
        <referenceDOI>10.1016/S0082-0784(81)80091-4</referenceDOI>
        <location>Main article</location>
        <figure>Fig. 2. open circles</figure>
        <details>
            <author>N. Fujii and H. Miyama and M. Koshi and T. Asaba</author>
            <journal>Symposium (International) on Combustion</journal>
            <number>1</number>
            <pages>873 - 883</pages>
            <title>Kinetics of ammonia oxidation in shock waves</title>
            <volume>18</volume>
            <year>1981</year>
        </details>
    </bibliographyLink>
    <experimentType>ignition delay measurement</experimentType>
    <apparatus>
        <kind>shock tube</kind>
        <mode>reflected shock</mode>
    </apparatus>
    <commonProperties>
        <property name="pressure"                      sourcetype="reported"   units="atm"           ><value>8.55</value></property>
        <property name="initial composition"           sourcetype="reported"  >
            <component><speciesLink preferredKey="NH3"  CAS="7664-41-7"  InChI="1S/H3N/h1H3"  SMILES="N"     chemName="ammonia"  /><amount units="mole fraction" >0.05</amount></component>
            <component><speciesLink preferredKey="O2"   CAS="7782-44-7"  InChI="1S/O2/c1-2"   SMILES="O=O"   chemName="oxygen"   /><amount units="mole fraction" >0.05</amount></component>
            <component><speciesLink preferredKey="H2"   CAS="1333-74-0"  InChI="1S/H2/h1H"    SMILES="[HH]"  chemName="hydrogen" /><amount units="mole fraction" >0.0075</amount></component>
            <component><speciesLink preferredKey="Ar"   CAS="7440-37-1"  InChI="1S/Ar"        SMILES="[Ar]"  chemName="argon"    /><amount units="mole fraction" >0.8925</amount></component>
        </property>
        <property name="evaluated standard deviation"  sourcetype="estimated"  units="unitless"       reference="ignition delay"  kind="relative"  method="generic uncertainty" ><value>0.1</value></property>
    </commonProperties>
    <dataGroup id="dg1">
        <property name="temperature"     id="x1"   label="T"    sourcetype="digitized"  units="K"  />
        <property name="ignition delay"  id="x2"   label="tau"  sourcetype="digitized"  units="us" />

        <dataPoint><x1>1358.8</x1><x2>511.4</x2></dataPoint>
        <dataPoint><x1>1397.1</x1><x2>275.6</x2></dataPoint>
        <dataPoint><x1>1493.1</x1><x2>108.6</x2></dataPoint>
        <dataPoint><x1>1508.8</x1> <x2>98.2</x2></dataPoint>
        <dataPoint><x1>1520.8</x1> <x2>84.0</x2></dataPoint>
        <dataPoint><x1>1615.0</x1> <x2>45.9</x2></dataPoint>
        <dataPoint><x1>1751.2</x1> <x2>19.8</x2></dataPoint>
        <dataPoint><x1>1836.5</x1> <x2>13.5</x2></dataPoint>
    </dataGroup>
    <ignitionType target="NH3" type="relative concentration" amount="0.95" units="unitless"/>
</experiment>
