<experiment>
    <fileAuthor>Marton Kovacs, ELTE Chemical Kinetics Laboratory</fileAuthor>
    <fileDOI>10.24388/x10100002</fileDOI>
    <fileVersion>
        <major>1</major>
        <minor>0</minor>
    </fileVersion>
    <ReSpecThVersion>
        <major>2</major>
        <minor>3</minor>
    </ReSpecThVersion>
    <firstPublicationDate>2020-02-23</firstPublicationDate>
    <lastModificationDate>2020-11-16</lastModificationDate>
    <bibliographyLink>
        <description>N. Fujii et al., Proc. Comb. Inst. 18 (1981) 873-883, Fig 2. solid circles</description>
        <referenceDOI>10.1016/S0082-0784(81)80091-4</referenceDOI>
        <location>Main article</location>
        <figure>Fig. 2. solid circles</figure>
        <details>
            <author>N. Fujii and H. Miyama and M. Koshi and T. Asaba</author>
            <journal>Symposium (International) on Combustion</journal>
            <number>1</number>
            <pages>873 - 883</pages>
            <title>Kinetics of ammonia oxidation in shock waves</title>
            <volume>18</volume>
            <year>1981</year>
        </details>
    </bibliographyLink>
    <experimentType>ignition delay measurement</experimentType>
    <apparatus>
        <kind>shock tube</kind>
        <mode>reflected shock</mode>
    </apparatus>
    <commonProperties>
        <property name="pressure"                      sourcetype="reported"   units="atm"           ><value>7.4</value></property>
        <property name="initial composition"           sourcetype="reported"  >
            <component><speciesLink preferredKey="NH3"  CAS="7664-41-7"  InChI="1S/H3N/h1H3"  SMILES="N"     chemName="ammonia"  /><amount units="mole fraction" >0.05</amount></component>
            <component><speciesLink preferredKey="O2"   CAS="7782-44-7"  InChI="1S/O2/c1-2"   SMILES="O=O"   chemName="oxygen"   /><amount units="mole fraction" >0.05</amount></component>
            <component><speciesLink preferredKey="H2"   CAS="1333-74-0"  InChI="1S/H2/h1H"    SMILES="[HH]"  chemName="hydrogen" /><amount units="mole fraction" >0.003</amount></component>
            <component><speciesLink preferredKey="Ar"   CAS="7440-37-1"  InChI="1S/Ar"        SMILES="[Ar]"  chemName="argon"    /><amount units="mole fraction" >0.897</amount></component>
        </property>
        <property name="evaluated standard deviation"  sourcetype="estimated"  units="unitless"       reference="ignition delay"  kind="relative"  method="statistical scatter" ><value>0.17</value></property>
    </commonProperties>
    <dataGroup id="dg1">
        <property name="temperature"     id="x1"   label="T"    sourcetype="digitized"  units="K"  />
        <property name="ignition delay"  id="x2"   label="tau"  sourcetype="digitized"  units="us" />

        <dataPoint><x1>1988.7</x1> <x2>15.9</x2></dataPoint>
        <dataPoint><x1>1997.2</x1> <x2>18.0</x2></dataPoint>
        <dataPoint><x1>1901.8</x1> <x2>27.9</x2></dataPoint>
        <dataPoint><x1>1823.0</x1> <x2>30.7</x2></dataPoint>
        <dataPoint><x1>1844.1</x1> <x2>29.1</x2></dataPoint>
        <dataPoint><x1>1842.9</x1> <x2>26.4</x2></dataPoint>
        <dataPoint><x1>1720.4</x1> <x2>69.4</x2></dataPoint>
        <dataPoint><x1>1638.9</x1><x2>136.3</x2></dataPoint>
        <dataPoint><x1>1582.7</x1><x2>187.1</x2></dataPoint>
        <dataPoint><x1>1573.0</x1><x2>159.4</x2></dataPoint>
        <dataPoint><x1>1526.8</x1><x2>181.5</x2></dataPoint>
        <dataPoint><x1>1530.4</x1><x2>276.6</x2></dataPoint>
        <dataPoint><x1>1470.7</x1><x2>428.4</x2></dataPoint>
        <dataPoint><x1>1423.3</x1><x2>742.9</x2></dataPoint>
        <dataPoint><x1>1404.4</x1><x2>743.8</x2></dataPoint>
    </dataGroup>
    <ignitionType target="NH3" type="relative concentration" amount="0.95" units="unitless"/>
</experiment>
