<experiment>
    <fileAuthor>Bence Horvath; ELTE Chemical Kinetics Laboratory</fileAuthor>
    <fileDOI>10.24388/x10199005</fileDOI>
    <fileVersion>
        <major>1</major>
        <minor>0</minor>
    </fileVersion>
    <ReSpecThVersion>
        <major>2</major>
        <minor>3</minor>
    </ReSpecThVersion>
    <firstPublicationDate>2020-02-23</firstPublicationDate>
    <lastModificationDate>2020-11-16</lastModificationDate>
    <bibliographyLink>
        <description>L.J.Drummond; Combustion Science and Technology,1972,Vol.5.,175-182; Fig2, black triangles</description>
        <referenceDOI>10.1080/00102207208952518</referenceDOI>
        <location>Main article</location>
        <figure>Fig. 2. black triangles</figure>
        <details>
            <author>L. J. DRUMMOND</author>
            <journal>Combustion Science and Technology</journal>
            <number>1</number>
            <pages>175-182</pages>
            <publisher>Taylor &amp; Francis</publisher>
            <title>High Temperature Oxidation of Ammonia</title>
            <volume>5</volume>
            <year>1972</year>
        </details>
    </bibliographyLink>
    <experimentType>ignition delay measurement</experimentType>
    <apparatus>
        <kind>shock tube</kind>
        <mode>reflected shock</mode>
    </apparatus>
    <commonProperties>
        <property name="initial composition"           sourcetype="reported" >
            <component><speciesLink preferredKey="NH3"  CAS="7664-41-7"  InChI="1S/H3N/h1H3"  SMILES="N"     chemName="ammonia" /><amount units="mole fraction" >0.01</amount></component>
            <component><speciesLink preferredKey="O2"   CAS="7782-44-7"  InChI="1S/O2/c1-2"   SMILES="O=O"   chemName="oxygen"  /><amount units="mole fraction" >0.02</amount></component>
            <component><speciesLink preferredKey="Ar"   CAS="7440-37-1"  InChI="1S/Ar"        SMILES="[Ar]"  chemName="argon"   /><amount units="mole fraction" >0.97</amount></component>
        </property>
        <property name="pressure"                      sourcetype="reported"  units="atm"           ><value>35.8</value></property>
        <property name="evaluated standard deviation"  sourcetype="reported"  units="unitless"       reference="ignition delay"  kind="relative"  method="reported uncertainty" ><value>0.2</value></property>
    </commonProperties>
    <dataGroup id="dg1">
        <property name="temperature"     id="x1"   label="T"    sourcetype="digitized"  units="K"  />
        <property name="ignition delay"  id="x2"   label="tau"  sourcetype="digitized"  units="us" />

        <dataPoint><x1>2066.16</x1>  <x2>22.1</x2></dataPoint>
        <dataPoint><x1>1968.29</x1>  <x2>37.8</x2></dataPoint>
        <dataPoint><x1>1903.02</x1> <x2>51.14</x2></dataPoint>
        <dataPoint><x1>1782.14</x1><x2>102.75</x2></dataPoint>
        <dataPoint><x1>1655.31</x1> <x2>134.6</x2></dataPoint>
        <dataPoint> <x1>2399.9</x1>  <x2>2.35</x2></dataPoint>
        <dataPoint><x1>2357.74</x1>  <x2>3.46</x2></dataPoint>
    </dataGroup>
    <ignitionType target="OH*" type="baseline min intercept from d/dt"/>
</experiment>
