<experiment>
    <fileAuthor>Andras Gy. Szanthoffer, Chemical Kinetics Laboratory, Institute of Chemistry, ELTE, Budapest, Hungary</fileAuthor>
    <fileDOI>10.24388/x10199032</fileDOI>
    <fileVersion>
        <major>2</major>
        <minor>0</minor>
    </fileVersion>
    <ReSpecThVersion>
        <major>2</major>
        <minor>4</minor>
    </ReSpecThVersion>
    <firstPublicationDate>2023-03-13</firstPublicationDate>
    <lastModificationDate>2023-03-13</lastModificationDate>
    <bibliographyLink>
        <description>B. Shu, S.K. Vallabhuni, X. He, G. Issayev, K. Moshammer, A. Farooq, R.X. Fernandes, Proceedings of the Combustion Institute 37 (2019), 205–211</description>
        <referenceDOI>10.1016/j.proci.2018.07.074</referenceDOI>
        <location>Main article and Supplementary Material</location>
        <table>Supp. Mat., Table S1., phi = 1.0, p = 40 bar</table>
        <figure>Main article, Fig. 2. (right graph), empty red circles</figure>
        <details>
            <author>Shu, B. and Vallabhuni, S.K. and He, X. and Issayev, G. and Moshammer, K. and Farooq, A. and Fernandes, R.X.</author>
            <journal>Proceedings of the Combustion Institute</journal>
            <number>1</number>
            <pages>205–211</pages>
            <title>A shock tube and modeling study on the autoignition properties of ammonia at intermediate temperatures</title>
            <type>Journal Article</type>
            <volume>37</volume>
            <year>2019</year>
        </details>
    </bibliographyLink>
    <experimentType>ignition delay measurement</experimentType>
    <apparatus>
        <kind>shock tube</kind>
        <mode>reflected</mode>
    </apparatus>
    <commonProperties>
        <property name="initial composition"           sourcetype="reported"  >
            <component><speciesLink preferredKey="NH3"  CAS="7664-41-7"  InChI="1S/H3N/h1H3"  SMILES="N"    chemName="ammonia"  /><amount units="mole fraction" >0.219</amount></component>
            <component><speciesLink preferredKey="O2"   CAS="7782-44-7"  InChI="1S/O2/c1-2"   SMILES="O=O"  chemName="oxygen"   /><amount units="mole fraction" >0.164</amount></component>
            <component><speciesLink preferredKey="N2"   CAS="7727-37-9"  InChI="1S/N2/c1-2"   SMILES="N#N"  chemName="nitrogen" /><amount units="mole fraction" >0.617</amount></component>
        </property>
        <property name="uncertainty"                   sourcetype="reported"   units="unitless"       reference="ignition delay"  kind="relative"  bound="plusminus" ><value>0.2</value></property>
        <property name="evaluated standard deviation"  sourcetype="estimated"  units="unitless"       reference="ignition delay"  kind="relative"  method="combined from scatter and reported uncertainty" ><value>0.124615</value></property>
    </commonProperties>
    <dataGroup id="dg1">
        <property name="temperature"     id="x1"   label="T"    sourcetype="reported"  units="K"   />
        <property name="ignition delay"  id="x2"   label="tau"  sourcetype="reported"  units="us"  />
        <property name="pressure"        id="x3"   label="p"    sourcetype="reported"  units="bar" />

        <dataPoint><x1>1280</x1><x2>811</x2><x3>42.2</x3></dataPoint>
        <dataPoint><x1>1342</x1><x2>488</x2><x3>40</x3></dataPoint>
        <dataPoint><x1>1437</x1><x2>211</x2><x3>39.2</x3></dataPoint>
        <dataPoint><x1>1484</x1><x2>136</x2><x3>37.5</x3></dataPoint>
        <dataPoint><x1>1581</x1><x2>35</x2><x3>41.6</x3></dataPoint>
    </dataGroup>
    <ignitionType target="OH*" type="baseline min intercept from d/dt"/>
    <comment>Reactive volume-time profiles were obtained through personal communication with the authors. The volumes are normalized values. Simulations should be carried out using the constant U-V reactor model.</comment>
    <comment>The authors determined the IDTs experimentally based on both the pressure profiles and the OH* profiles. They found that the two experimental results were quasi-identical, i.e., the differences were negligible. In the XML, the IDTs are defined based on the OH* profiles because it was found that numerically it gives much more stable results if a volume-time (or pressure-time) profile is considered due to the typically noisy nature of these profiles.</comment>
    <dataGroup id="dg2" label="V-t profile" dataPointLink="1">
        <property name="time"    id="x4"   label="t"            sourcetype="reported"  units="us" />
        <property name="volume"  id="x5"   label="V"            sourcetype="reported"  units="m3" />

        <dataPoint><x4>0.0</x4><x5>1.0000</x5></dataPoint>
        <dataPoint><x4>2.0</x4><x5>1.0032</x5></dataPoint>
        <dataPoint><x4>4.0</x4><x5>1.0104</x5></dataPoint>
        <dataPoint><x4>6.0</x4><x5>1.0174</x5></dataPoint>
        <dataPoint><x4>8.0</x4><x5>1.0240</x5></dataPoint>
        <dataPoint><x4>10.0</x4><x5>1.0268</x5></dataPoint>
        <dataPoint><x4>12.0</x4><x5>1.0287</x5></dataPoint>
        <dataPoint><x4>14.0</x4><x5>1.0326</x5></dataPoint>
        <dataPoint><x4>16.0</x4><x5>1.0369</x5></dataPoint>
        <dataPoint><x4>18.0</x4><x5>1.0418</x5></dataPoint>
        <dataPoint><x4>20.0</x4><x5>1.0438</x5></dataPoint>
        <dataPoint><x4>22.0</x4><x5>1.0423</x5></dataPoint>
        <dataPoint><x4>24.0</x4><x5>1.0409</x5></dataPoint>
        <dataPoint><x4>26.0</x4><x5>1.0389</x5></dataPoint>
        <dataPoint><x4>28.0</x4><x5>1.0355</x5></dataPoint>
        <dataPoint><x4>30.0</x4><x5>1.0321</x5></dataPoint>
        <dataPoint><x4>32.0</x4><x5>1.0297</x5></dataPoint>
        <dataPoint><x4>34.0</x4><x5>1.0311</x5></dataPoint>
        <dataPoint><x4>36.0</x4><x5>1.0331</x5></dataPoint>
        <dataPoint><x4>38.0</x4><x5>1.0365</x5></dataPoint>
        <dataPoint><x4>40.0</x4><x5>1.0394</x5></dataPoint>
        <dataPoint><x4>42.0</x4><x5>1.0423</x5></dataPoint>
        <dataPoint><x4>44.0</x4><x5>1.0448</x5></dataPoint>
        <dataPoint><x4>46.0</x4><x5>1.0478</x5></dataPoint>
        <dataPoint><x4>48.0</x4><x5>1.0488</x5></dataPoint>
        <dataPoint><x4>50.0</x4><x5>1.0493</x5></dataPoint>
        <dataPoint><x4>52.0</x4><x5>1.0498</x5></dataPoint>
        <dataPoint><x4>54.0</x4><x5>1.0513</x5></dataPoint>
        <dataPoint><x4>56.0</x4><x5>1.0518</x5></dataPoint>
        <dataPoint><x4>58.0</x4><x5>1.0528</x5></dataPoint>
        <dataPoint><x4>60.0</x4><x5>1.0548</x5></dataPoint>
        <dataPoint><x4>62.0</x4><x5>1.0563</x5></dataPoint>
        <dataPoint><x4>64.0</x4><x5>1.0548</x5></dataPoint>
        <dataPoint><x4>66.0</x4><x5>1.0538</x5></dataPoint>
        <dataPoint><x4>68.0</x4><x5>1.0508</x5></dataPoint>
        <dataPoint><x4>70.0</x4><x5>1.0473</x5></dataPoint>
        <dataPoint><x4>72.0</x4><x5>1.0443</x5></dataPoint>
        <dataPoint><x4>74.0</x4><x5>1.0409</x5></dataPoint>
        <dataPoint><x4>76.0</x4><x5>1.0399</x5></dataPoint>
        <dataPoint><x4>78.0</x4><x5>1.0379</x5></dataPoint>
        <dataPoint><x4>80.0</x4><x5>1.0374</x5></dataPoint>
        <dataPoint><x4>82.0</x4><x5>1.0374</x5></dataPoint>
        <dataPoint><x4>84.0</x4><x5>1.0379</x5></dataPoint>
        <dataPoint><x4>86.0</x4><x5>1.0379</x5></dataPoint>
        <dataPoint><x4>88.0</x4><x5>1.0394</x5></dataPoint>
        <dataPoint><x4>90.0</x4><x5>1.0404</x5></dataPoint>
        <dataPoint><x4>92.0</x4><x5>1.0404</x5></dataPoint>
        <dataPoint><x4>94.0</x4><x5>1.0379</x5></dataPoint>
        <dataPoint><x4>96.0</x4><x5>1.0360</x5></dataPoint>
        <dataPoint><x4>98.0</x4><x5>1.0336</x5></dataPoint>
        <dataPoint><x4>100.0</x4><x5>1.0307</x5></dataPoint>
        <dataPoint><x4>102.0</x4><x5>1.0283</x5></dataPoint>
        <dataPoint><x4>104.0</x4><x5>1.0283</x5></dataPoint>
        <dataPoint><x4>106.0</x4><x5>1.0264</x5></dataPoint>
        <dataPoint><x4>108.0</x4><x5>1.0245</x5></dataPoint>
        <dataPoint><x4>110.0</x4><x5>1.0226</x5></dataPoint>
        <dataPoint><x4>112.0</x4><x5>1.0226</x5></dataPoint>
        <dataPoint><x4>114.0</x4><x5>1.0226</x5></dataPoint>
        <dataPoint><x4>116.0</x4><x5>1.0240</x5></dataPoint>
        <dataPoint><x4>118.0</x4><x5>1.0235</x5></dataPoint>
        <dataPoint><x4>120.0</x4><x5>1.0245</x5></dataPoint>
        <dataPoint><x4>122.0</x4><x5>1.0254</x5></dataPoint>
        <dataPoint><x4>124.0</x4><x5>1.0254</x5></dataPoint>
        <dataPoint><x4>126.0</x4><x5>1.0268</x5></dataPoint>
        <dataPoint><x4>128.0</x4><x5>1.0268</x5></dataPoint>
        <dataPoint><x4>130.0</x4><x5>1.0268</x5></dataPoint>
        <dataPoint><x4>132.0</x4><x5>1.0273</x5></dataPoint>
        <dataPoint><x4>134.0</x4><x5>1.0259</x5></dataPoint>
        <dataPoint><x4>136.0</x4><x5>1.0226</x5></dataPoint>
        <dataPoint><x4>138.0</x4><x5>1.0212</x5></dataPoint>
        <dataPoint><x4>140.0</x4><x5>1.0197</x5></dataPoint>
        <dataPoint><x4>142.0</x4><x5>1.0188</x5></dataPoint>
        <dataPoint><x4>144.0</x4><x5>1.0174</x5></dataPoint>
        <dataPoint><x4>146.0</x4><x5>1.0179</x5></dataPoint>
        <dataPoint><x4>148.0</x4><x5>1.0188</x5></dataPoint>
        <dataPoint><x4>150.0</x4><x5>1.0221</x5></dataPoint>
        <dataPoint><x4>152.0</x4><x5>1.0264</x5></dataPoint>
        <dataPoint><x4>154.0</x4><x5>1.0287</x5></dataPoint>
        <dataPoint><x4>156.0</x4><x5>1.0316</x5></dataPoint>
        <dataPoint><x4>158.0</x4><x5>1.0316</x5></dataPoint>
        <dataPoint><x4>160.0</x4><x5>1.0307</x5></dataPoint>
        <dataPoint><x4>162.0</x4><x5>1.0287</x5></dataPoint>
        <dataPoint><x4>164.0</x4><x5>1.0259</x5></dataPoint>
        <dataPoint><x4>166.0</x4><x5>1.0226</x5></dataPoint>
        <dataPoint><x4>168.0</x4><x5>1.0226</x5></dataPoint>
        <dataPoint><x4>170.0</x4><x5>1.0221</x5></dataPoint>
        <dataPoint><x4>172.0</x4><x5>1.0235</x5></dataPoint>
        <dataPoint><x4>174.0</x4><x5>1.0245</x5></dataPoint>
        <dataPoint><x4>176.0</x4><x5>1.0259</x5></dataPoint>
        <dataPoint><x4>178.0</x4><x5>1.0273</x5></dataPoint>
        <dataPoint><x4>180.0</x4><x5>1.0268</x5></dataPoint>
        <dataPoint><x4>182.0</x4><x5>1.0264</x5></dataPoint>
        <dataPoint><x4>184.0</x4><x5>1.0273</x5></dataPoint>
        <dataPoint><x4>186.0</x4><x5>1.0264</x5></dataPoint>
        <dataPoint><x4>188.0</x4><x5>1.0259</x5></dataPoint>
        <dataPoint><x4>190.0</x4><x5>1.0259</x5></dataPoint>
        <dataPoint><x4>192.0</x4><x5>1.0249</x5></dataPoint>
        <dataPoint><x4>194.0</x4><x5>1.0235</x5></dataPoint>
        <dataPoint><x4>196.0</x4><x5>1.0235</x5></dataPoint>
        <dataPoint><x4>198.0</x4><x5>1.0240</x5></dataPoint>
        <dataPoint><x4>200.0</x4><x5>1.0226</x5></dataPoint>
        <dataPoint><x4>202.0</x4><x5>1.0202</x5></dataPoint>
        <dataPoint><x4>204.0</x4><x5>1.0165</x5></dataPoint>
        <dataPoint><x4>206.0</x4><x5>1.0151</x5></dataPoint>
        <dataPoint><x4>208.0</x4><x5>1.0155</x5></dataPoint>
        <dataPoint><x4>210.0</x4><x5>1.0169</x5></dataPoint>
        <dataPoint><x4>212.0</x4><x5>1.0193</x5></dataPoint>
        <dataPoint><x4>214.0</x4><x5>1.0212</x5></dataPoint>
        <dataPoint><x4>216.0</x4><x5>1.0226</x5></dataPoint>
        <dataPoint><x4>218.0</x4><x5>1.0235</x5></dataPoint>
        <dataPoint><x4>220.0</x4><x5>1.0245</x5></dataPoint>
        <dataPoint><x4>222.0</x4><x5>1.0245</x5></dataPoint>
        <dataPoint><x4>224.0</x4><x5>1.0245</x5></dataPoint>
        <dataPoint><x4>226.0</x4><x5>1.0249</x5></dataPoint>
        <dataPoint><x4>228.0</x4><x5>1.0245</x5></dataPoint>
        <dataPoint><x4>230.0</x4><x5>1.0221</x5></dataPoint>
        <dataPoint><x4>232.0</x4><x5>1.0188</x5></dataPoint>
        <dataPoint><x4>234.0</x4><x5>1.0151</x5></dataPoint>
        <dataPoint><x4>236.0</x4><x5>1.0132</x5></dataPoint>
        <dataPoint><x4>238.0</x4><x5>1.0128</x5></dataPoint>
        <dataPoint><x4>240.0</x4><x5>1.0151</x5></dataPoint>
        <dataPoint><x4>242.0</x4><x5>1.0169</x5></dataPoint>
        <dataPoint><x4>244.0</x4><x5>1.0197</x5></dataPoint>
        <dataPoint><x4>246.0</x4><x5>1.0221</x5></dataPoint>
        <dataPoint><x4>248.0</x4><x5>1.0249</x5></dataPoint>
        <dataPoint><x4>250.0</x4><x5>1.0249</x5></dataPoint>
        <dataPoint><x4>252.0</x4><x5>1.0254</x5></dataPoint>
        <dataPoint><x4>254.0</x4><x5>1.0245</x5></dataPoint>
        <dataPoint><x4>256.0</x4><x5>1.0226</x5></dataPoint>
        <dataPoint><x4>258.0</x4><x5>1.0207</x5></dataPoint>
        <dataPoint><x4>260.0</x4><x5>1.0197</x5></dataPoint>
        <dataPoint><x4>262.0</x4><x5>1.0169</x5></dataPoint>
        <dataPoint><x4>264.0</x4><x5>1.0146</x5></dataPoint>
        <dataPoint><x4>266.0</x4><x5>1.0128</x5></dataPoint>
        <dataPoint><x4>268.0</x4><x5>1.0128</x5></dataPoint>
        <dataPoint><x4>270.0</x4><x5>1.0105</x5></dataPoint>
        <dataPoint><x4>272.0</x4><x5>1.0100</x5></dataPoint>
        <dataPoint><x4>274.0</x4><x5>1.0072</x5></dataPoint>
        <dataPoint><x4>276.0</x4><x5>1.0054</x5></dataPoint>
        <dataPoint><x4>278.0</x4><x5>1.0050</x5></dataPoint>
        <dataPoint><x4>280.0</x4><x5>1.0050</x5></dataPoint>
        <dataPoint><x4>282.0</x4><x5>1.0063</x5></dataPoint>
        <dataPoint><x4>284.0</x4><x5>1.0082</x5></dataPoint>
        <dataPoint><x4>286.0</x4><x5>1.0128</x5></dataPoint>
        <dataPoint><x4>288.0</x4><x5>1.0169</x5></dataPoint>
        <dataPoint><x4>290.0</x4><x5>1.0212</x5></dataPoint>
        <dataPoint><x4>292.0</x4><x5>1.0240</x5></dataPoint>
        <dataPoint><x4>294.0</x4><x5>1.0264</x5></dataPoint>
        <dataPoint><x4>296.0</x4><x5>1.0268</x5></dataPoint>
        <dataPoint><x4>298.0</x4><x5>1.0273</x5></dataPoint>
        <dataPoint><x4>300.0</x4><x5>1.0278</x5></dataPoint>
        <dataPoint><x4>302.0</x4><x5>1.0268</x5></dataPoint>
        <dataPoint><x4>304.0</x4><x5>1.0264</x5></dataPoint>
        <dataPoint><x4>306.0</x4><x5>1.0264</x5></dataPoint>
        <dataPoint><x4>308.0</x4><x5>1.0287</x5></dataPoint>
        <dataPoint><x4>310.0</x4><x5>1.0316</x5></dataPoint>
        <dataPoint><x4>312.0</x4><x5>1.0350</x5></dataPoint>
        <dataPoint><x4>314.0</x4><x5>1.0355</x5></dataPoint>
        <dataPoint><x4>316.0</x4><x5>1.0365</x5></dataPoint>
        <dataPoint><x4>318.0</x4><x5>1.0336</x5></dataPoint>
        <dataPoint><x4>320.0</x4><x5>1.0321</x5></dataPoint>
        <dataPoint><x4>322.0</x4><x5>1.0292</x5></dataPoint>
        <dataPoint><x4>324.0</x4><x5>1.0264</x5></dataPoint>
        <dataPoint><x4>326.0</x4><x5>1.0235</x5></dataPoint>
        <dataPoint><x4>328.0</x4><x5>1.0193</x5></dataPoint>
        <dataPoint><x4>330.0</x4><x5>1.0165</x5></dataPoint>
        <dataPoint><x4>332.0</x4><x5>1.0141</x5></dataPoint>
        <dataPoint><x4>334.0</x4><x5>1.0109</x5></dataPoint>
        <dataPoint><x4>336.0</x4><x5>1.0100</x5></dataPoint>
        <dataPoint><x4>338.0</x4><x5>1.0086</x5></dataPoint>
        <dataPoint><x4>340.0</x4><x5>1.0077</x5></dataPoint>
        <dataPoint><x4>342.0</x4><x5>1.0073</x5></dataPoint>
        <dataPoint><x4>344.0</x4><x5>1.0063</x5></dataPoint>
        <dataPoint><x4>346.0</x4><x5>1.0054</x5></dataPoint>
        <dataPoint><x4>348.0</x4><x5>1.0045</x5></dataPoint>
        <dataPoint><x4>350.0</x4><x5>1.0036</x5></dataPoint>
        <dataPoint><x4>352.0</x4><x5>1.0045</x5></dataPoint>
        <dataPoint><x4>354.0</x4><x5>1.0068</x5></dataPoint>
        <dataPoint><x4>356.0</x4><x5>1.0114</x5></dataPoint>
        <dataPoint><x4>358.0</x4><x5>1.0151</x5></dataPoint>
        <dataPoint><x4>360.0</x4><x5>1.0183</x5></dataPoint>
        <dataPoint><x4>362.0</x4><x5>1.0202</x5></dataPoint>
        <dataPoint><x4>364.0</x4><x5>1.0202</x5></dataPoint>
        <dataPoint><x4>366.0</x4><x5>1.0183</x5></dataPoint>
        <dataPoint><x4>368.0</x4><x5>1.0155</x5></dataPoint>
        <dataPoint><x4>370.0</x4><x5>1.0118</x5></dataPoint>
        <dataPoint><x4>372.0</x4><x5>1.0077</x5></dataPoint>
        <dataPoint><x4>374.0</x4><x5>1.0059</x5></dataPoint>
        <dataPoint><x4>376.0</x4><x5>1.0032</x5></dataPoint>
        <dataPoint><x4>378.0</x4><x5>1.0014</x5></dataPoint>
        <dataPoint><x4>380.0</x4><x5>1.0000</x5></dataPoint>
        <dataPoint><x4>382.0</x4><x5>0.9987</x5></dataPoint>
        <dataPoint><x4>384.0</x4><x5>0.9969</x5></dataPoint>
        <dataPoint><x4>386.0</x4><x5>0.9955</x5></dataPoint>
        <dataPoint><x4>388.0</x4><x5>0.9942</x5></dataPoint>
        <dataPoint><x4>390.0</x4><x5>0.9951</x5></dataPoint>
        <dataPoint><x4>392.0</x4><x5>0.9946</x5></dataPoint>
        <dataPoint><x4>394.0</x4><x5>0.9942</x5></dataPoint>
        <dataPoint><x4>396.0</x4><x5>0.9933</x5></dataPoint>
        <dataPoint><x4>398.0</x4><x5>0.9902</x5></dataPoint>
        <dataPoint><x4>400.0</x4><x5>0.9863</x5></dataPoint>
        <dataPoint><x4>402.0</x4><x5>0.9837</x5></dataPoint>
        <dataPoint><x4>404.0</x4><x5>0.9815</x5></dataPoint>
        <dataPoint><x4>406.0</x4><x5>0.9798</x5></dataPoint>
        <dataPoint><x4>408.0</x4><x5>0.9789</x5></dataPoint>
        <dataPoint><x4>410.0</x4><x5>0.9794</x5></dataPoint>
        <dataPoint><x4>412.0</x4><x5>0.9815</x5></dataPoint>
        <dataPoint><x4>414.0</x4><x5>0.9833</x5></dataPoint>
        <dataPoint><x4>416.0</x4><x5>0.9850</x5></dataPoint>
        <dataPoint><x4>418.0</x4><x5>0.9863</x5></dataPoint>
        <dataPoint><x4>420.0</x4><x5>0.9850</x5></dataPoint>
        <dataPoint><x4>422.0</x4><x5>0.9824</x5></dataPoint>
        <dataPoint><x4>424.0</x4><x5>0.9794</x5></dataPoint>
        <dataPoint><x4>426.0</x4><x5>0.9755</x5></dataPoint>
        <dataPoint><x4>428.0</x4><x5>0.9721</x5></dataPoint>
        <dataPoint><x4>430.0</x4><x5>0.9688</x5></dataPoint>
        <dataPoint><x4>432.0</x4><x5>0.9671</x5></dataPoint>
        <dataPoint><x4>434.0</x4><x5>0.9684</x5></dataPoint>
        <dataPoint><x4>436.0</x4><x5>0.9700</x5></dataPoint>
        <dataPoint><x4>438.0</x4><x5>0.9730</x5></dataPoint>
        <dataPoint><x4>440.0</x4><x5>0.9755</x5></dataPoint>
        <dataPoint><x4>442.0</x4><x5>0.9785</x5></dataPoint>
        <dataPoint><x4>444.0</x4><x5>0.9802</x5></dataPoint>
        <dataPoint><x4>446.0</x4><x5>0.9824</x5></dataPoint>
        <dataPoint><x4>448.0</x4><x5>0.9850</x5></dataPoint>
        <dataPoint><x4>450.0</x4><x5>0.9850</x5></dataPoint>
        <dataPoint><x4>452.0</x4><x5>0.9837</x5></dataPoint>
        <dataPoint><x4>454.0</x4><x5>0.9807</x5></dataPoint>
        <dataPoint><x4>456.0</x4><x5>0.9760</x5></dataPoint>
        <dataPoint><x4>458.0</x4><x5>0.9717</x5></dataPoint>
        <dataPoint><x4>460.0</x4><x5>0.9675</x5></dataPoint>
        <dataPoint><x4>462.0</x4><x5>0.9646</x5></dataPoint>
        <dataPoint><x4>464.0</x4><x5>0.9609</x5></dataPoint>
        <dataPoint><x4>466.0</x4><x5>0.9560</x5></dataPoint>
        <dataPoint><x4>468.0</x4><x5>0.9516</x5></dataPoint>
        <dataPoint><x4>470.0</x4><x5>0.9487</x5></dataPoint>
        <dataPoint><x4>472.0</x4><x5>0.9464</x5></dataPoint>
        <dataPoint><x4>474.0</x4><x5>0.9460</x5></dataPoint>
        <dataPoint><x4>476.0</x4><x5>0.9452</x5></dataPoint>
        <dataPoint><x4>478.0</x4><x5>0.9456</x5></dataPoint>
        <dataPoint><x4>480.0</x4><x5>0.9472</x5></dataPoint>
        <dataPoint><x4>482.0</x4><x5>0.9491</x5></dataPoint>
        <dataPoint><x4>484.0</x4><x5>0.9516</x5></dataPoint>
        <dataPoint><x4>486.0</x4><x5>0.9536</x5></dataPoint>
        <dataPoint><x4>488.0</x4><x5>0.9552</x5></dataPoint>
        <dataPoint><x4>490.0</x4><x5>0.9540</x5></dataPoint>
        <dataPoint><x4>492.0</x4><x5>0.9520</x5></dataPoint>
        <dataPoint><x4>494.0</x4><x5>0.9468</x5></dataPoint>
        <dataPoint><x4>496.0</x4><x5>0.9393</x5></dataPoint>
        <dataPoint><x4>498.0</x4><x5>0.9304</x5></dataPoint>
        <dataPoint><x4>500.0</x4><x5>0.9235</x5></dataPoint>
        <dataPoint><x4>502.0</x4><x5>0.9202</x5></dataPoint>
        <dataPoint><x4>504.0</x4><x5>0.9198</x5></dataPoint>
        <dataPoint><x4>506.0</x4><x5>0.9220</x5></dataPoint>
        <dataPoint><x4>508.0</x4><x5>0.9243</x5></dataPoint>
        <dataPoint><x4>510.0</x4><x5>0.9254</x5></dataPoint>
        <dataPoint><x4>512.0</x4><x5>0.9262</x5></dataPoint>
        <dataPoint><x4>514.0</x4><x5>0.9247</x5></dataPoint>
        <dataPoint><x4>516.0</x4><x5>0.9220</x5></dataPoint>
        <dataPoint><x4>518.0</x4><x5>0.9190</x5></dataPoint>
        <dataPoint><x4>520.0</x4><x5>0.9146</x5></dataPoint>
        <dataPoint><x4>522.0</x4><x5>0.9098</x5></dataPoint>
        <dataPoint><x4>524.0</x4><x5>0.9051</x5></dataPoint>
        <dataPoint><x4>526.0</x4><x5>0.9026</x5></dataPoint>
        <dataPoint><x4>528.0</x4><x5>0.9012</x5></dataPoint>
        <dataPoint><x4>530.0</x4><x5>0.8991</x5></dataPoint>
        <dataPoint><x4>532.0</x4><x5>0.8948</x5></dataPoint>
        <dataPoint><x4>534.0</x4><x5>0.8903</x5></dataPoint>
        <dataPoint><x4>536.0</x4><x5>0.8855</x5></dataPoint>
        <dataPoint><x4>538.0</x4><x5>0.8821</x5></dataPoint>
        <dataPoint><x4>540.0</x4><x5>0.8810</x5></dataPoint>
        <dataPoint><x4>542.0</x4><x5>0.8821</x5></dataPoint>
        <dataPoint><x4>544.0</x4><x5>0.8855</x5></dataPoint>
        <dataPoint><x4>546.0</x4><x5>0.8879</x5></dataPoint>
        <dataPoint><x4>548.0</x4><x5>0.8889</x5></dataPoint>
        <dataPoint><x4>550.0</x4><x5>0.8893</x5></dataPoint>
        <dataPoint><x4>552.0</x4><x5>0.8872</x5></dataPoint>
        <dataPoint><x4>554.0</x4><x5>0.8851</x5></dataPoint>
        <dataPoint><x4>556.0</x4><x5>0.8824</x5></dataPoint>
        <dataPoint><x4>558.0</x4><x5>0.8777</x5></dataPoint>
        <dataPoint><x4>560.0</x4><x5>0.8730</x5></dataPoint>
        <dataPoint><x4>562.0</x4><x5>0.8687</x5></dataPoint>
        <dataPoint><x4>564.0</x4><x5>0.8654</x5></dataPoint>
        <dataPoint><x4>566.0</x4><x5>0.8615</x5></dataPoint>
        <dataPoint><x4>568.0</x4><x5>0.8570</x5></dataPoint>
        <dataPoint><x4>570.0</x4><x5>0.8507</x5></dataPoint>
        <dataPoint><x4>572.0</x4><x5>0.8423</x5></dataPoint>
        <dataPoint><x4>574.0</x4><x5>0.8341</x5></dataPoint>
        <dataPoint><x4>576.0</x4><x5>0.8276</x5></dataPoint>
        <dataPoint><x4>578.0</x4><x5>0.8238</x5></dataPoint>
        <dataPoint><x4>580.0</x4><x5>0.8229</x5></dataPoint>
        <dataPoint><x4>582.0</x4><x5>0.8252</x5></dataPoint>
        <dataPoint><x4>584.0</x4><x5>0.8285</x5></dataPoint>
        <dataPoint><x4>586.0</x4><x5>0.8333</x5></dataPoint>
        <dataPoint><x4>588.0</x4><x5>0.8384</x5></dataPoint>
        <dataPoint><x4>590.0</x4><x5>0.8417</x5></dataPoint>
        <dataPoint><x4>592.0</x4><x5>0.8442</x5></dataPoint>
        <dataPoint><x4>594.0</x4><x5>0.8460</x5></dataPoint>
        <dataPoint><x4>596.0</x4><x5>0.8454</x5></dataPoint>
        <dataPoint><x4>598.0</x4><x5>0.8433</x5></dataPoint>
        <dataPoint><x4>600.0</x4><x5>0.8399</x5></dataPoint>
        <dataPoint><x4>602.0</x4><x5>0.8369</x5></dataPoint>
        <dataPoint><x4>604.0</x4><x5>0.8333</x5></dataPoint>
        <dataPoint><x4>606.0</x4><x5>0.8276</x5></dataPoint>
        <dataPoint><x4>608.0</x4><x5>0.8203</x5></dataPoint>
        <dataPoint><x4>610.0</x4><x5>0.8129</x5></dataPoint>
        <dataPoint><x4>612.0</x4><x5>0.8067</x5></dataPoint>
        <dataPoint><x4>614.0</x4><x5>0.8028</x5></dataPoint>
        <dataPoint><x4>616.0</x4><x5>0.8011</x5></dataPoint>
        <dataPoint><x4>618.0</x4><x5>0.8014</x5></dataPoint>
        <dataPoint><x4>620.0</x4><x5>0.8020</x5></dataPoint>
        <dataPoint><x4>622.0</x4><x5>0.8025</x5></dataPoint>
        <dataPoint><x4>624.0</x4><x5>0.8009</x5></dataPoint>
        <dataPoint><x4>626.0</x4><x5>0.7987</x5></dataPoint>
        <dataPoint><x4>628.0</x4><x5>0.7952</x5></dataPoint>
        <dataPoint><x4>630.0</x4><x5>0.7914</x5></dataPoint>
        <dataPoint><x4>632.0</x4><x5>0.7882</x5></dataPoint>
        <dataPoint><x4>634.0</x4><x5>0.7848</x5></dataPoint>
        <dataPoint><x4>636.0</x4><x5>0.7824</x5></dataPoint>
        <dataPoint><x4>638.0</x4><x5>0.7803</x5></dataPoint>
        <dataPoint><x4>640.0</x4><x5>0.7785</x5></dataPoint>
        <dataPoint><x4>642.0</x4><x5>0.7796</x5></dataPoint>
        <dataPoint><x4>644.0</x4><x5>0.7837</x5></dataPoint>
        <dataPoint><x4>646.0</x4><x5>0.7890</x5></dataPoint>
        <dataPoint><x4>648.0</x4><x5>0.7949</x5></dataPoint>
        <dataPoint><x4>650.0</x4><x5>0.7998</x5></dataPoint>
        <dataPoint><x4>652.0</x4><x5>0.8036</x5></dataPoint>
        <dataPoint><x4>654.0</x4><x5>0.8075</x5></dataPoint>
        <dataPoint><x4>656.0</x4><x5>0.8106</x5></dataPoint>
        <dataPoint><x4>658.0</x4><x5>0.8126</x5></dataPoint>
        <dataPoint><x4>660.0</x4><x5>0.8123</x5></dataPoint>
        <dataPoint><x4>662.0</x4><x5>0.8098</x5></dataPoint>
        <dataPoint><x4>664.0</x4><x5>0.8072</x5></dataPoint>
        <dataPoint><x4>666.0</x4><x5>0.8053</x5></dataPoint>
        <dataPoint><x4>668.0</x4><x5>0.8039</x5></dataPoint>
        <dataPoint><x4>670.0</x4><x5>0.8020</x5></dataPoint>
        <dataPoint><x4>672.0</x4><x5>0.8014</x5></dataPoint>
        <dataPoint><x4>674.0</x4><x5>0.8020</x5></dataPoint>
        <dataPoint><x4>676.0</x4><x5>0.8045</x5></dataPoint>
        <dataPoint><x4>678.0</x4><x5>0.8070</x5></dataPoint>
        <dataPoint><x4>680.0</x4><x5>0.8089</x5></dataPoint>
        <dataPoint><x4>682.0</x4><x5>0.8103</x5></dataPoint>
        <dataPoint><x4>684.0</x4><x5>0.8109</x5></dataPoint>
        <dataPoint><x4>686.0</x4><x5>0.8103</x5></dataPoint>
        <dataPoint><x4>688.0</x4><x5>0.8098</x5></dataPoint>
        <dataPoint><x4>690.0</x4><x5>0.8092</x5></dataPoint>
        <dataPoint><x4>692.0</x4><x5>0.8081</x5></dataPoint>
        <dataPoint><x4>694.0</x4><x5>0.8058</x5></dataPoint>
        <dataPoint><x4>696.0</x4><x5>0.8033</x5></dataPoint>
        <dataPoint><x4>698.0</x4><x5>0.7995</x5></dataPoint>
        <dataPoint><x4>700.0</x4><x5>0.7954</x5></dataPoint>
        <dataPoint><x4>702.0</x4><x5>0.7911</x5></dataPoint>
        <dataPoint><x4>704.0</x4><x5>0.7882</x5></dataPoint>
        <dataPoint><x4>706.0</x4><x5>0.7871</x5></dataPoint>
        <dataPoint><x4>708.0</x4><x5>0.7871</x5></dataPoint>
        <dataPoint><x4>710.0</x4><x5>0.7879</x5></dataPoint>
        <dataPoint><x4>712.0</x4><x5>0.7895</x5></dataPoint>
        <dataPoint><x4>714.0</x4><x5>0.7898</x5></dataPoint>
        <dataPoint><x4>716.0</x4><x5>0.7882</x5></dataPoint>
        <dataPoint><x4>718.0</x4><x5>0.7858</x5></dataPoint>
        <dataPoint><x4>720.0</x4><x5>0.7827</x5></dataPoint>
        <dataPoint><x4>722.0</x4><x5>0.7780</x5></dataPoint>
        <dataPoint><x4>724.0</x4><x5>0.7742</x5></dataPoint>
        <dataPoint><x4>726.0</x4><x5>0.7709</x5></dataPoint>
        <dataPoint><x4>728.0</x4><x5>0.7674</x5></dataPoint>
        <dataPoint><x4>730.0</x4><x5>0.7644</x5></dataPoint>
        <dataPoint><x4>732.0</x4><x5>0.7610</x5></dataPoint>
        <dataPoint><x4>734.0</x4><x5>0.7573</x5></dataPoint>
        <dataPoint><x4>736.0</x4><x5>0.7539</x5></dataPoint>
        <dataPoint><x4>738.0</x4><x5>0.7520</x5></dataPoint>
        <dataPoint><x4>740.0</x4><x5>0.7515</x5></dataPoint>
        <dataPoint><x4>742.0</x4><x5>0.7508</x5></dataPoint>
        <dataPoint><x4>744.0</x4><x5>0.7494</x5></dataPoint>
        <dataPoint><x4>746.0</x4><x5>0.7485</x5></dataPoint>
        <dataPoint><x4>748.0</x4><x5>0.7475</x5></dataPoint>
        <dataPoint><x4>750.0</x4><x5>0.7475</x5></dataPoint>
    </dataGroup>
    <dataGroup id="dg3" label="V-t profile" dataPointLink="2">
        <property name="time"    id="x6"   label="t"            sourcetype="reported"  units="us" />
        <property name="volume"  id="x7"   label="V"            sourcetype="reported"  units="m3" />

        <dataPoint><x6>0.0</x6><x7>1.0000</x7></dataPoint>
        <dataPoint><x6>2.0</x6><x7>1.0066</x7></dataPoint>
        <dataPoint><x6>4.0</x6><x7>1.0156</x7></dataPoint>
        <dataPoint><x6>6.0</x6><x7>1.0264</x7></dataPoint>
        <dataPoint><x6>8.0</x6><x7>1.0348</x7></dataPoint>
        <dataPoint><x6>10.0</x6><x7>1.0404</x7></dataPoint>
        <dataPoint><x6>12.0</x6><x7>1.0435</x7></dataPoint>
        <dataPoint><x6>14.0</x6><x7>1.0455</x7></dataPoint>
        <dataPoint><x6>16.0</x6><x7>1.0465</x7></dataPoint>
        <dataPoint><x6>18.0</x6><x7>1.0460</x7></dataPoint>
        <dataPoint><x6>20.0</x6><x7>1.0435</x7></dataPoint>
        <dataPoint><x6>22.0</x6><x7>1.0399</x7></dataPoint>
        <dataPoint><x6>24.0</x6><x7>1.0379</x7></dataPoint>
        <dataPoint><x6>26.0</x6><x7>1.0369</x7></dataPoint>
        <dataPoint><x6>28.0</x6><x7>1.0343</x7></dataPoint>
        <dataPoint><x6>30.0</x6><x7>1.0313</x7></dataPoint>
        <dataPoint><x6>32.0</x6><x7>1.0323</x7></dataPoint>
        <dataPoint><x6>34.0</x6><x7>1.0348</x7></dataPoint>
        <dataPoint><x6>36.0</x6><x7>1.0394</x7></dataPoint>
        <dataPoint><x6>38.0</x6><x7>1.0435</x7></dataPoint>
        <dataPoint><x6>40.0</x6><x7>1.0471</x7></dataPoint>
        <dataPoint><x6>42.0</x6><x7>1.0491</x7></dataPoint>
        <dataPoint><x6>44.0</x6><x7>1.0507</x7></dataPoint>
        <dataPoint><x6>46.0</x6><x7>1.0523</x7></dataPoint>
        <dataPoint><x6>48.0</x6><x7>1.0523</x7></dataPoint>
        <dataPoint><x6>50.0</x6><x7>1.0517</x7></dataPoint>
        <dataPoint><x6>52.0</x6><x7>1.0523</x7></dataPoint>
        <dataPoint><x6>54.0</x6><x7>1.0543</x7></dataPoint>
        <dataPoint><x6>56.0</x6><x7>1.0549</x7></dataPoint>
        <dataPoint><x6>58.0</x6><x7>1.0554</x7></dataPoint>
        <dataPoint><x6>60.0</x6><x7>1.0549</x7></dataPoint>
        <dataPoint><x6>62.0</x6><x7>1.0543</x7></dataPoint>
        <dataPoint><x6>64.0</x6><x7>1.0533</x7></dataPoint>
        <dataPoint><x6>66.0</x6><x7>1.0538</x7></dataPoint>
        <dataPoint><x6>68.0</x6><x7>1.0528</x7></dataPoint>
        <dataPoint><x6>70.0</x6><x7>1.0517</x7></dataPoint>
        <dataPoint><x6>72.0</x6><x7>1.0507</x7></dataPoint>
        <dataPoint><x6>74.0</x6><x7>1.0507</x7></dataPoint>
        <dataPoint><x6>76.0</x6><x7>1.0512</x7></dataPoint>
        <dataPoint><x6>78.0</x6><x7>1.0533</x7></dataPoint>
        <dataPoint><x6>80.0</x6><x7>1.0538</x7></dataPoint>
        <dataPoint><x6>82.0</x6><x7>1.0538</x7></dataPoint>
        <dataPoint><x6>84.0</x6><x7>1.0543</x7></dataPoint>
        <dataPoint><x6>86.0</x6><x7>1.0523</x7></dataPoint>
        <dataPoint><x6>88.0</x6><x7>1.0486</x7></dataPoint>
        <dataPoint><x6>90.0</x6><x7>1.0440</x7></dataPoint>
        <dataPoint><x6>92.0</x6><x7>1.0394</x7></dataPoint>
        <dataPoint><x6>94.0</x6><x7>1.0353</x7></dataPoint>
        <dataPoint><x6>96.0</x6><x7>1.0328</x7></dataPoint>
        <dataPoint><x6>98.0</x6><x7>1.0303</x7></dataPoint>
        <dataPoint><x6>100.0</x6><x7>1.0269</x7></dataPoint>
        <dataPoint><x6>102.0</x6><x7>1.0274</x7></dataPoint>
        <dataPoint><x6>104.0</x6><x7>1.0274</x7></dataPoint>
        <dataPoint><x6>106.0</x6><x7>1.0279</x7></dataPoint>
        <dataPoint><x6>108.0</x6><x7>1.0293</x7></dataPoint>
        <dataPoint><x6>110.0</x6><x7>1.0303</x7></dataPoint>
        <dataPoint><x6>112.0</x6><x7>1.0298</x7></dataPoint>
        <dataPoint><x6>114.0</x6><x7>1.0289</x7></dataPoint>
        <dataPoint><x6>116.0</x6><x7>1.0279</x7></dataPoint>
        <dataPoint><x6>118.0</x6><x7>1.0289</x7></dataPoint>
        <dataPoint><x6>120.0</x6><x7>1.0279</x7></dataPoint>
        <dataPoint><x6>122.0</x6><x7>1.0284</x7></dataPoint>
        <dataPoint><x6>124.0</x6><x7>1.0284</x7></dataPoint>
        <dataPoint><x6>126.0</x6><x7>1.0274</x7></dataPoint>
        <dataPoint><x6>128.0</x6><x7>1.0254</x7></dataPoint>
        <dataPoint><x6>130.0</x6><x7>1.0239</x7></dataPoint>
        <dataPoint><x6>132.0</x6><x7>1.0220</x7></dataPoint>
        <dataPoint><x6>134.0</x6><x7>1.0210</x7></dataPoint>
        <dataPoint><x6>136.0</x6><x7>1.0200</x7></dataPoint>
        <dataPoint><x6>138.0</x6><x7>1.0190</x7></dataPoint>
        <dataPoint><x6>140.0</x6><x7>1.0185</x7></dataPoint>
        <dataPoint><x6>142.0</x6><x7>1.0205</x7></dataPoint>
        <dataPoint><x6>144.0</x6><x7>1.0215</x7></dataPoint>
        <dataPoint><x6>146.0</x6><x7>1.0244</x7></dataPoint>
        <dataPoint><x6>148.0</x6><x7>1.0254</x7></dataPoint>
        <dataPoint><x6>150.0</x6><x7>1.0259</x7></dataPoint>
        <dataPoint><x6>152.0</x6><x7>1.0254</x7></dataPoint>
        <dataPoint><x6>154.0</x6><x7>1.0249</x7></dataPoint>
        <dataPoint><x6>156.0</x6><x7>1.0244</x7></dataPoint>
        <dataPoint><x6>158.0</x6><x7>1.0224</x7></dataPoint>
        <dataPoint><x6>160.0</x6><x7>1.0215</x7></dataPoint>
        <dataPoint><x6>162.0</x6><x7>1.0210</x7></dataPoint>
        <dataPoint><x6>164.0</x6><x7>1.0210</x7></dataPoint>
        <dataPoint><x6>166.0</x6><x7>1.0215</x7></dataPoint>
        <dataPoint><x6>168.0</x6><x7>1.0220</x7></dataPoint>
        <dataPoint><x6>170.0</x6><x7>1.0220</x7></dataPoint>
        <dataPoint><x6>172.0</x6><x7>1.0224</x7></dataPoint>
        <dataPoint><x6>174.0</x6><x7>1.0244</x7></dataPoint>
        <dataPoint><x6>176.0</x6><x7>1.0259</x7></dataPoint>
        <dataPoint><x6>178.0</x6><x7>1.0264</x7></dataPoint>
        <dataPoint><x6>180.0</x6><x7>1.0269</x7></dataPoint>
        <dataPoint><x6>182.0</x6><x7>1.0259</x7></dataPoint>
        <dataPoint><x6>184.0</x6><x7>1.0249</x7></dataPoint>
        <dataPoint><x6>186.0</x6><x7>1.0254</x7></dataPoint>
        <dataPoint><x6>188.0</x6><x7>1.0239</x7></dataPoint>
        <dataPoint><x6>190.0</x6><x7>1.0220</x7></dataPoint>
        <dataPoint><x6>192.0</x6><x7>1.0200</x7></dataPoint>
        <dataPoint><x6>194.0</x6><x7>1.0200</x7></dataPoint>
        <dataPoint><x6>196.0</x6><x7>1.0195</x7></dataPoint>
        <dataPoint><x6>198.0</x6><x7>1.0181</x7></dataPoint>
        <dataPoint><x6>200.0</x6><x7>1.0176</x7></dataPoint>
        <dataPoint><x6>202.0</x6><x7>1.0185</x7></dataPoint>
        <dataPoint><x6>204.0</x6><x7>1.0195</x7></dataPoint>
        <dataPoint><x6>206.0</x6><x7>1.0215</x7></dataPoint>
        <dataPoint><x6>208.0</x6><x7>1.0220</x7></dataPoint>
        <dataPoint><x6>210.0</x6><x7>1.0215</x7></dataPoint>
        <dataPoint><x6>212.0</x6><x7>1.0210</x7></dataPoint>
        <dataPoint><x6>214.0</x6><x7>1.0185</x7></dataPoint>
        <dataPoint><x6>216.0</x6><x7>1.0166</x7></dataPoint>
        <dataPoint><x6>218.0</x6><x7>1.0152</x7></dataPoint>
        <dataPoint><x6>220.0</x6><x7>1.0152</x7></dataPoint>
        <dataPoint><x6>222.0</x6><x7>1.0161</x7></dataPoint>
        <dataPoint><x6>224.0</x6><x7>1.0176</x7></dataPoint>
        <dataPoint><x6>226.0</x6><x7>1.0181</x7></dataPoint>
        <dataPoint><x6>228.0</x6><x7>1.0190</x7></dataPoint>
        <dataPoint><x6>230.0</x6><x7>1.0195</x7></dataPoint>
        <dataPoint><x6>232.0</x6><x7>1.0200</x7></dataPoint>
        <dataPoint><x6>234.0</x6><x7>1.0200</x7></dataPoint>
        <dataPoint><x6>236.0</x6><x7>1.0205</x7></dataPoint>
        <dataPoint><x6>238.0</x6><x7>1.0210</x7></dataPoint>
        <dataPoint><x6>240.0</x6><x7>1.0215</x7></dataPoint>
        <dataPoint><x6>242.0</x6><x7>1.0224</x7></dataPoint>
        <dataPoint><x6>244.0</x6><x7>1.0229</x7></dataPoint>
        <dataPoint><x6>246.0</x6><x7>1.0254</x7></dataPoint>
        <dataPoint><x6>248.0</x6><x7>1.0259</x7></dataPoint>
        <dataPoint><x6>250.0</x6><x7>1.0264</x7></dataPoint>
        <dataPoint><x6>252.0</x6><x7>1.0254</x7></dataPoint>
        <dataPoint><x6>254.0</x6><x7>1.0259</x7></dataPoint>
        <dataPoint><x6>256.0</x6><x7>1.0249</x7></dataPoint>
        <dataPoint><x6>258.0</x6><x7>1.0239</x7></dataPoint>
        <dataPoint><x6>260.0</x6><x7>1.0205</x7></dataPoint>
        <dataPoint><x6>262.0</x6><x7>1.0171</x7></dataPoint>
        <dataPoint><x6>264.0</x6><x7>1.0123</x7></dataPoint>
        <dataPoint><x6>266.0</x6><x7>1.0089</x7></dataPoint>
        <dataPoint><x6>268.0</x6><x7>1.0047</x7></dataPoint>
        <dataPoint><x6>270.0</x6><x7>1.0033</x7></dataPoint>
        <dataPoint><x6>272.0</x6><x7>1.0042</x7></dataPoint>
        <dataPoint><x6>274.0</x6><x7>1.0052</x7></dataPoint>
        <dataPoint><x6>276.0</x6><x7>1.0047</x7></dataPoint>
        <dataPoint><x6>278.0</x6><x7>1.0033</x7></dataPoint>
        <dataPoint><x6>280.0</x6><x7>1.0028</x7></dataPoint>
        <dataPoint><x6>282.0</x6><x7>1.0028</x7></dataPoint>
        <dataPoint><x6>284.0</x6><x7>1.0052</x7></dataPoint>
        <dataPoint><x6>286.0</x6><x7>1.0066</x7></dataPoint>
        <dataPoint><x6>288.0</x6><x7>1.0080</x7></dataPoint>
        <dataPoint><x6>290.0</x6><x7>1.0075</x7></dataPoint>
        <dataPoint><x6>292.0</x6><x7>1.0070</x7></dataPoint>
        <dataPoint><x6>294.0</x6><x7>1.0056</x7></dataPoint>
        <dataPoint><x6>296.0</x6><x7>1.0023</x7></dataPoint>
        <dataPoint><x6>298.0</x6><x7>0.9991</x7></dataPoint>
        <dataPoint><x6>300.0</x6><x7>0.9949</x7></dataPoint>
        <dataPoint><x6>302.0</x6><x7>0.9922</x7></dataPoint>
        <dataPoint><x6>304.0</x6><x7>0.9885</x7></dataPoint>
        <dataPoint><x6>306.0</x6><x7>0.9844</x7></dataPoint>
        <dataPoint><x6>308.0</x6><x7>0.9835</x7></dataPoint>
        <dataPoint><x6>310.0</x6><x7>0.9840</x7></dataPoint>
        <dataPoint><x6>312.0</x6><x7>0.9840</x7></dataPoint>
        <dataPoint><x6>314.0</x6><x7>0.9853</x7></dataPoint>
        <dataPoint><x6>316.0</x6><x7>0.9867</x7></dataPoint>
        <dataPoint><x6>318.0</x6><x7>0.9871</x7></dataPoint>
        <dataPoint><x6>320.0</x6><x7>0.9867</x7></dataPoint>
        <dataPoint><x6>322.0</x6><x7>0.9862</x7></dataPoint>
        <dataPoint><x6>324.0</x6><x7>0.9835</x7></dataPoint>
        <dataPoint><x6>326.0</x6><x7>0.9795</x7></dataPoint>
        <dataPoint><x6>328.0</x6><x7>0.9738</x7></dataPoint>
        <dataPoint><x6>330.0</x6><x7>0.9664</x7></dataPoint>
        <dataPoint><x6>332.0</x6><x7>0.9582</x7></dataPoint>
        <dataPoint><x6>334.0</x6><x7>0.9494</x7></dataPoint>
        <dataPoint><x6>336.0</x6><x7>0.9420</x7></dataPoint>
        <dataPoint><x6>338.0</x6><x7>0.9368</x7></dataPoint>
        <dataPoint><x6>340.0</x6><x7>0.9335</x7></dataPoint>
        <dataPoint><x6>342.0</x6><x7>0.9323</x7></dataPoint>
        <dataPoint><x6>344.0</x6><x7>0.9300</x7></dataPoint>
        <dataPoint><x6>346.0</x6><x7>0.9284</x7></dataPoint>
        <dataPoint><x6>348.0</x6><x7>0.9272</x7></dataPoint>
        <dataPoint><x6>350.0</x6><x7>0.9264</x7></dataPoint>
        <dataPoint><x6>352.0</x6><x7>0.9272</x7></dataPoint>
        <dataPoint><x6>354.0</x6><x7>0.9296</x7></dataPoint>
        <dataPoint><x6>356.0</x6><x7>0.9304</x7></dataPoint>
        <dataPoint><x6>358.0</x6><x7>0.9316</x7></dataPoint>
        <dataPoint><x6>360.0</x6><x7>0.9308</x7></dataPoint>
        <dataPoint><x6>362.0</x6><x7>0.9288</x7></dataPoint>
        <dataPoint><x6>364.0</x6><x7>0.9237</x7></dataPoint>
        <dataPoint><x6>366.0</x6><x7>0.9159</x7></dataPoint>
        <dataPoint><x6>368.0</x6><x7>0.9068</x7></dataPoint>
        <dataPoint><x6>370.0</x6><x7>0.8987</x7></dataPoint>
        <dataPoint><x6>372.0</x6><x7>0.8907</x7></dataPoint>
        <dataPoint><x6>374.0</x6><x7>0.8839</x7></dataPoint>
        <dataPoint><x6>376.0</x6><x7>0.8782</x7></dataPoint>
        <dataPoint><x6>378.0</x6><x7>0.8751</x7></dataPoint>
        <dataPoint><x6>380.0</x6><x7>0.8717</x7></dataPoint>
        <dataPoint><x6>382.0</x6><x7>0.8689</x7></dataPoint>
        <dataPoint><x6>384.0</x6><x7>0.8655</x7></dataPoint>
        <dataPoint><x6>386.0</x6><x7>0.8605</x7></dataPoint>
        <dataPoint><x6>388.0</x6><x7>0.8552</x7></dataPoint>
        <dataPoint><x6>390.0</x6><x7>0.8500</x7></dataPoint>
        <dataPoint><x6>392.0</x6><x7>0.8442</x7></dataPoint>
        <dataPoint><x6>394.0</x6><x7>0.8388</x7></dataPoint>
        <dataPoint><x6>396.0</x6><x7>0.8334</x7></dataPoint>
        <dataPoint><x6>398.0</x6><x7>0.8297</x7></dataPoint>
        <dataPoint><x6>400.0</x6><x7>0.8267</x7></dataPoint>
        <dataPoint><x6>402.0</x6><x7>0.8224</x7></dataPoint>
        <dataPoint><x6>404.0</x6><x7>0.8197</x7></dataPoint>
        <dataPoint><x6>406.0</x6><x7>0.8170</x7></dataPoint>
        <dataPoint><x6>408.0</x6><x7>0.8155</x7></dataPoint>
        <dataPoint><x6>410.0</x6><x7>0.8152</x7></dataPoint>
        <dataPoint><x6>412.0</x6><x7>0.8152</x7></dataPoint>
        <dataPoint><x6>414.0</x6><x7>0.8152</x7></dataPoint>
        <dataPoint><x6>416.0</x6><x7>0.8164</x7></dataPoint>
        <dataPoint><x6>418.0</x6><x7>0.8167</x7></dataPoint>
        <dataPoint><x6>420.0</x6><x7>0.8173</x7></dataPoint>
        <dataPoint><x6>422.0</x6><x7>0.8182</x7></dataPoint>
        <dataPoint><x6>424.0</x6><x7>0.8179</x7></dataPoint>
        <dataPoint><x6>426.0</x6><x7>0.8173</x7></dataPoint>
        <dataPoint><x6>428.0</x6><x7>0.8155</x7></dataPoint>
        <dataPoint><x6>430.0</x6><x7>0.8135</x7></dataPoint>
        <dataPoint><x6>432.0</x6><x7>0.8099</x7></dataPoint>
        <dataPoint><x6>434.0</x6><x7>0.8056</x7></dataPoint>
        <dataPoint><x6>436.0</x6><x7>0.7990</x7></dataPoint>
        <dataPoint><x6>438.0</x6><x7>0.7912</x7></dataPoint>
        <dataPoint><x6>440.0</x6><x7>0.7830</x7></dataPoint>
        <dataPoint><x6>442.0</x6><x7>0.7747</x7></dataPoint>
        <dataPoint><x6>444.0</x6><x7>0.7663</x7></dataPoint>
        <dataPoint><x6>446.0</x6><x7>0.7589</x7></dataPoint>
        <dataPoint><x6>448.0</x6><x7>0.7531</x7></dataPoint>
        <dataPoint><x6>450.0</x6><x7>0.7492</x7></dataPoint>
        <dataPoint><x6>452.0</x6><x7>0.7480</x7></dataPoint>
        <dataPoint><x6>454.0</x6><x7>0.7494</x7></dataPoint>
        <dataPoint><x6>456.0</x6><x7>0.7529</x7></dataPoint>
        <dataPoint><x6>458.0</x6><x7>0.7566</x7></dataPoint>
        <dataPoint><x6>460.0</x6><x7>0.7592</x7></dataPoint>
    </dataGroup>
    <dataGroup id="dg4" label="V-t profile" dataPointLink="3">
        <property name="time"    id="x8"   label="t"            sourcetype="reported"  units="us" />
        <property name="volume"  id="x9"   label="V"            sourcetype="reported"  units="m3" />

        <dataPoint><x8>0.0</x8><x9>1.0000</x9></dataPoint>
        <dataPoint><x8>2.0</x8><x9>0.9966</x9></dataPoint>
        <dataPoint><x8>4.0</x8><x9>0.9956</x9></dataPoint>
        <dataPoint><x8>6.0</x8><x9>0.9966</x9></dataPoint>
        <dataPoint><x8>8.0</x8><x9>1.0005</x9></dataPoint>
        <dataPoint><x8>10.0</x8><x9>1.0054</x9></dataPoint>
        <dataPoint><x8>12.0</x8><x9>1.0128</x9></dataPoint>
        <dataPoint><x8>14.0</x8><x9>1.0179</x9></dataPoint>
        <dataPoint><x8>16.0</x8><x9>1.0230</x9></dataPoint>
        <dataPoint><x8>18.0</x8><x9>1.0265</x9></dataPoint>
        <dataPoint><x8>20.0</x8><x9>1.0291</x9></dataPoint>
        <dataPoint><x8>22.0</x8><x9>1.0302</x9></dataPoint>
        <dataPoint><x8>24.0</x8><x9>1.0291</x9></dataPoint>
        <dataPoint><x8>26.0</x8><x9>1.0271</x9></dataPoint>
        <dataPoint><x8>28.0</x8><x9>1.0245</x9></dataPoint>
        <dataPoint><x8>30.0</x8><x9>1.0224</x9></dataPoint>
        <dataPoint><x8>32.0</x8><x9>1.0209</x9></dataPoint>
        <dataPoint><x8>34.0</x8><x9>1.0214</x9></dataPoint>
        <dataPoint><x8>36.0</x8><x9>1.0230</x9></dataPoint>
        <dataPoint><x8>38.0</x8><x9>1.0245</x9></dataPoint>
        <dataPoint><x8>40.0</x8><x9>1.0265</x9></dataPoint>
        <dataPoint><x8>42.0</x8><x9>1.0302</x9></dataPoint>
        <dataPoint><x8>44.0</x8><x9>1.0349</x9></dataPoint>
        <dataPoint><x8>46.0</x8><x9>1.0402</x9></dataPoint>
        <dataPoint><x8>48.0</x8><x9>1.0450</x9></dataPoint>
        <dataPoint><x8>50.0</x8><x9>1.0482</x9></dataPoint>
        <dataPoint><x8>52.0</x8><x9>1.0525</x9></dataPoint>
        <dataPoint><x8>54.0</x8><x9>1.0558</x9></dataPoint>
        <dataPoint><x8>56.0</x8><x9>1.0586</x9></dataPoint>
        <dataPoint><x8>58.0</x8><x9>1.0575</x9></dataPoint>
        <dataPoint><x8>60.0</x8><x9>1.0564</x9></dataPoint>
        <dataPoint><x8>62.0</x8><x9>1.0520</x9></dataPoint>
        <dataPoint><x8>64.0</x8><x9>1.0487</x9></dataPoint>
        <dataPoint><x8>66.0</x8><x9>1.0439</x9></dataPoint>
        <dataPoint><x8>68.0</x8><x9>1.0391</x9></dataPoint>
        <dataPoint><x8>70.0</x8><x9>1.0312</x9></dataPoint>
        <dataPoint><x8>72.0</x8><x9>1.0255</x9></dataPoint>
        <dataPoint><x8>74.0</x8><x9>1.0199</x9></dataPoint>
        <dataPoint><x8>76.0</x8><x9>1.0174</x9></dataPoint>
        <dataPoint><x8>78.0</x8><x9>1.0169</x9></dataPoint>
        <dataPoint><x8>80.0</x8><x9>1.0158</x9></dataPoint>
        <dataPoint><x8>82.0</x8><x9>1.0164</x9></dataPoint>
        <dataPoint><x8>84.0</x8><x9>1.0153</x9></dataPoint>
        <dataPoint><x8>86.0</x8><x9>1.0123</x9></dataPoint>
        <dataPoint><x8>88.0</x8><x9>1.0079</x9></dataPoint>
        <dataPoint><x8>90.0</x8><x9>1.0044</x9></dataPoint>
        <dataPoint><x8>92.0</x8><x9>1.0024</x9></dataPoint>
        <dataPoint><x8>94.0</x8><x9>1.0015</x9></dataPoint>
        <dataPoint><x8>96.0</x8><x9>0.9985</x9></dataPoint>
        <dataPoint><x8>98.0</x8><x9>0.9981</x9></dataPoint>
        <dataPoint><x8>100.0</x8><x9>0.9976</x9></dataPoint>
        <dataPoint><x8>102.0</x8><x9>0.9985</x9></dataPoint>
        <dataPoint><x8>104.0</x8><x9>1.0005</x9></dataPoint>
        <dataPoint><x8>106.0</x8><x9>1.0000</x9></dataPoint>
        <dataPoint><x8>108.0</x8><x9>0.9981</x9></dataPoint>
        <dataPoint><x8>110.0</x8><x9>0.9976</x9></dataPoint>
        <dataPoint><x8>112.0</x8><x9>0.9956</x9></dataPoint>
        <dataPoint><x8>114.0</x8><x9>0.9971</x9></dataPoint>
        <dataPoint><x8>116.0</x8><x9>0.9976</x9></dataPoint>
        <dataPoint><x8>118.0</x8><x9>0.9981</x9></dataPoint>
        <dataPoint><x8>120.0</x8><x9>0.9985</x9></dataPoint>
        <dataPoint><x8>122.0</x8><x9>1.0000</x9></dataPoint>
        <dataPoint><x8>124.0</x8><x9>0.9995</x9></dataPoint>
        <dataPoint><x8>126.0</x8><x9>0.9985</x9></dataPoint>
        <dataPoint><x8>128.0</x8><x9>0.9981</x9></dataPoint>
        <dataPoint><x8>130.0</x8><x9>0.9976</x9></dataPoint>
        <dataPoint><x8>132.0</x8><x9>0.9976</x9></dataPoint>
        <dataPoint><x8>134.0</x8><x9>0.9976</x9></dataPoint>
        <dataPoint><x8>136.0</x8><x9>0.9976</x9></dataPoint>
        <dataPoint><x8>138.0</x8><x9>0.9976</x9></dataPoint>
        <dataPoint><x8>140.0</x8><x9>0.9985</x9></dataPoint>
        <dataPoint><x8>142.0</x8><x9>0.9995</x9></dataPoint>
        <dataPoint><x8>144.0</x8><x9>0.9981</x9></dataPoint>
        <dataPoint><x8>146.0</x8><x9>0.9961</x9></dataPoint>
        <dataPoint><x8>148.0</x8><x9>0.9928</x9></dataPoint>
        <dataPoint><x8>150.0</x8><x9>0.9899</x9></dataPoint>
        <dataPoint><x8>152.0</x8><x9>0.9866</x9></dataPoint>
        <dataPoint><x8>154.0</x8><x9>0.9833</x9></dataPoint>
        <dataPoint><x8>156.0</x8><x9>0.9810</x9></dataPoint>
        <dataPoint><x8>158.0</x8><x9>0.9772</x9></dataPoint>
        <dataPoint><x8>160.0</x8><x9>0.9749</x9></dataPoint>
        <dataPoint><x8>162.0</x8><x9>0.9731</x9></dataPoint>
        <dataPoint><x8>164.0</x8><x9>0.9699</x9></dataPoint>
        <dataPoint><x8>166.0</x8><x9>0.9658</x9></dataPoint>
        <dataPoint><x8>168.0</x8><x9>0.9609</x9></dataPoint>
        <dataPoint><x8>170.0</x8><x9>0.9565</x9></dataPoint>
        <dataPoint><x8>172.0</x8><x9>0.9525</x9></dataPoint>
        <dataPoint><x8>174.0</x8><x9>0.9473</x9></dataPoint>
        <dataPoint><x8>176.0</x8><x9>0.9413</x9></dataPoint>
        <dataPoint><x8>178.0</x8><x9>0.9329</x9></dataPoint>
        <dataPoint><x8>180.0</x8><x9>0.9263</x9></dataPoint>
    </dataGroup>
    <dataGroup id="dg5" label="V-t profile" dataPointLink="4">
        <property name="time"    id="x10"  label="t"            sourcetype="reported"  units="us" />
        <property name="volume"  id="x11"  label="V"            sourcetype="reported"  units="m3" />

        <dataPoint><x10>0.0</x10><x11>1.0000</x11></dataPoint>
        <dataPoint><x10>2.0</x10><x11>1.0036</x11></dataPoint>
        <dataPoint><x10>4.0</x10><x11>1.0078</x11></dataPoint>
        <dataPoint><x10>6.0</x10><x11>1.0125</x11></dataPoint>
        <dataPoint><x10>8.0</x10><x11>1.0173</x11></dataPoint>
        <dataPoint><x10>10.0</x10><x11>1.0238</x11></dataPoint>
        <dataPoint><x10>12.0</x10><x11>1.0287</x11></dataPoint>
        <dataPoint><x10>14.0</x10><x11>1.0325</x11></dataPoint>
        <dataPoint><x10>16.0</x10><x11>1.0364</x11></dataPoint>
        <dataPoint><x10>18.0</x10><x11>1.0392</x11></dataPoint>
        <dataPoint><x10>20.0</x10><x11>1.0403</x11></dataPoint>
        <dataPoint><x10>22.0</x10><x11>1.0398</x11></dataPoint>
        <dataPoint><x10>24.0</x10><x11>1.0375</x11></dataPoint>
        <dataPoint><x10>26.0</x10><x11>1.0370</x11></dataPoint>
        <dataPoint><x10>28.0</x10><x11>1.0359</x11></dataPoint>
        <dataPoint><x10>30.0</x10><x11>1.0337</x11></dataPoint>
        <dataPoint><x10>32.0</x10><x11>1.0314</x11></dataPoint>
        <dataPoint><x10>34.0</x10><x11>1.0314</x11></dataPoint>
        <dataPoint><x10>36.0</x10><x11>1.0314</x11></dataPoint>
        <dataPoint><x10>38.0</x10><x11>1.0320</x11></dataPoint>
        <dataPoint><x10>40.0</x10><x11>1.0314</x11></dataPoint>
        <dataPoint><x10>42.0</x10><x11>1.0309</x11></dataPoint>
        <dataPoint><x10>44.0</x10><x11>1.0314</x11></dataPoint>
        <dataPoint><x10>46.0</x10><x11>1.0320</x11></dataPoint>
        <dataPoint><x10>48.0</x10><x11>1.0337</x11></dataPoint>
        <dataPoint><x10>50.0</x10><x11>1.0342</x11></dataPoint>
        <dataPoint><x10>52.0</x10><x11>1.0353</x11></dataPoint>
        <dataPoint><x10>54.0</x10><x11>1.0370</x11></dataPoint>
        <dataPoint><x10>56.0</x10><x11>1.0398</x11></dataPoint>
        <dataPoint><x10>58.0</x10><x11>1.0420</x11></dataPoint>
        <dataPoint><x10>60.0</x10><x11>1.0460</x11></dataPoint>
        <dataPoint><x10>62.0</x10><x11>1.0477</x11></dataPoint>
        <dataPoint><x10>64.0</x10><x11>1.0483</x11></dataPoint>
        <dataPoint><x10>66.0</x10><x11>1.0477</x11></dataPoint>
        <dataPoint><x10>68.0</x10><x11>1.0443</x11></dataPoint>
        <dataPoint><x10>70.0</x10><x11>1.0381</x11></dataPoint>
        <dataPoint><x10>72.0</x10><x11>1.0303</x11></dataPoint>
        <dataPoint><x10>74.0</x10><x11>1.0238</x11></dataPoint>
        <dataPoint><x10>76.0</x10><x11>1.0152</x11></dataPoint>
        <dataPoint><x10>78.0</x10><x11>1.0088</x11></dataPoint>
        <dataPoint><x10>80.0</x10><x11>1.0062</x11></dataPoint>
        <dataPoint><x10>82.0</x10><x11>1.0047</x11></dataPoint>
        <dataPoint><x10>84.0</x10><x11>1.0041</x11></dataPoint>
        <dataPoint><x10>86.0</x10><x11>1.0031</x11></dataPoint>
        <dataPoint><x10>88.0</x10><x11>1.0026</x11></dataPoint>
        <dataPoint><x10>90.0</x10><x11>1.0015</x11></dataPoint>
        <dataPoint><x10>92.0</x10><x11>1.0010</x11></dataPoint>
        <dataPoint><x10>94.0</x10><x11>0.9995</x11></dataPoint>
        <dataPoint><x10>96.0</x10><x11>0.9985</x11></dataPoint>
        <dataPoint><x10>98.0</x10><x11>0.9964</x11></dataPoint>
        <dataPoint><x10>100.0</x10><x11>0.9949</x11></dataPoint>
        <dataPoint><x10>102.0</x10><x11>0.9923</x11></dataPoint>
        <dataPoint><x10>104.0</x10><x11>0.9883</x11></dataPoint>
        <dataPoint><x10>106.0</x10><x11>0.9813</x11></dataPoint>
        <dataPoint><x10>108.0</x10><x11>0.9701</x11></dataPoint>
        <dataPoint><x10>110.0</x10><x11>0.9555</x11></dataPoint>
    </dataGroup>
    <dataGroup id="dg6" label="V-t profile" dataPointLink="5">
        <property name="time"    id="x12"  label="t"            sourcetype="reported"  units="us" />
        <property name="volume"  id="x13"  label="V"            sourcetype="reported"  units="m3" />

        <dataPoint><x12>0.0</x12><x13>1.0000</x13></dataPoint>
        <dataPoint><x12>2.0</x12><x13>1.0009</x13></dataPoint>
        <dataPoint><x12>4.0</x12><x13>1.0033</x13></dataPoint>
        <dataPoint><x12>6.0</x12><x13>1.0057</x13></dataPoint>
        <dataPoint><x12>8.0</x12><x13>1.0019</x13></dataPoint>
        <dataPoint><x12>10.0</x12><x13>0.9907</x13></dataPoint>
    </dataGroup>
</experiment>
