<experiment>
    <fileAuthor>Andras Gy. Szanthoffer, Chemical Kinetics Laboratory, Institute of Chemistry, ELTE, Budapest, Hungary</fileAuthor>
    <fileDOI>10.24388/x20101071</fileDOI>
    <fileVersion>
        <major>2</major>
        <minor>0</minor>
    </fileVersion>
    <ReSpecThVersion>
        <major>2</major>
        <minor>4</minor>
    </ReSpecThVersion>
    <firstPublicationDate>2023-03-13</firstPublicationDate>
    <lastModificationDate>2023-03-13</lastModificationDate>
    <bibliographyLink>
        <description>G. Yin, C. Wang, M. Zhou, Y. Zhou, E. Hu, Z. Huang, Frontiers in Energy (2021)</description>
        <referenceDOI>10.1007/s11708-021-0791-7</referenceDOI>
        <location>Main article</location>
        <table>Table 1, Case 1</table>
        <figure>Fig. 6. c)</figure>
        <details>
            <author>Geyuan Yin and Chaojun Wang and Meng Zhou and Yajie Zhou and Erjiang Hu and Zuohua Huang</author>
            <journal>Frontiers in Energy</journal>
            <title>Experimental and kinetic study on laminar flame speeds of ammonia/syngas/air at a high temperature and elevated pressure</title>
            <year>2021</year>
        </details>
    </bibliographyLink>
    <experimentType>laminar burning velocity measurement</experimentType>
    <apparatus>
        <kind>outwardly propagating spherical flame</kind>
        <mode>premixed</mode>
    </apparatus>
    <commonProperties>
        <property name="pressure"     label="p"  sourcetype="reported"  units="atm" ><value>1</value></property>
        <property name="temperature"  label="T"  sourcetype="reported"  units="K"   ><value>298</value></property>
    </commonProperties>
    <dataGroup id="dg1">
        <property name="equivalence ratio"             id="x1"   label="phi"    sourcetype="reported"    units="unitless"      />
        <property name="composition"                   id="x2"   label="x_H2"   sourcetype="calculated"  units="mole fraction" >
            <speciesLink preferredKey="H2"   CAS="1333-74-0"  InChI="1S/H2/h1H"    SMILES="[HH]"       chemName="hydrogen"        />
        </property>
        <property name="composition"                   id="x3"   label="x_CO"   sourcetype="calculated"  units="mole fraction" >
            <speciesLink preferredKey="CO"   CAS="630-08-0"   InChI="1S/CO/c1-2"   SMILES="[C-]#[O+]"  chemName="carbon monoxide" />
        </property>
        <property name="composition"                   id="x4"   label="x_NH3"  sourcetype="calculated"  units="mole fraction" >
            <speciesLink preferredKey="NH3"  CAS="7664-41-7"  InChI="1S/H3N/h1H3"  SMILES="N"          chemName="ammonia"         />
        </property>
        <property name="composition"                   id="x5"   label="x_O2"   sourcetype="calculated"  units="mole fraction" >
            <speciesLink preferredKey="O2"   CAS="7782-44-7"  InChI="1S/O2/c1-2"   SMILES="O=O"        chemName="oxygen"          />
        </property>
        <property name="composition"                   id="x6"   label="x_N2"   sourcetype="calculated"  units="mole fraction" >
            <speciesLink preferredKey="N2"   CAS="7727-37-9"  InChI="1S/N2/c1-2"   SMILES="N#N"        chemName="nitrogen"        />
        </property>
        <property name="laminar burning velocity"      id="x7"   label="Sl"     sourcetype="reported"    units="cm/s"          />
        <property name="uncertainty"                   id="x8"   label="d_Sl"   sourcetype="reported"    units="cm/s"           reference="laminar burning velocity"  kind="absolute"  bound="plusminus" />
        <property name="evaluated standard deviation"  id="x9"   sourcetype="estimated"   units="cm/s"           reference="laminar burning velocity"  kind="absolute"  method="combined from scatter and reported uncertainty" />

        <dataPoint><x1>0.7</x1><x2>0.047604</x2><x3>0.047604</x3><x4>0.095207</x4><x5>0.170013</x5><x6>0.639573</x6><x7>17.902</x7><x8>0.819</x8><x9>0.9169</x9></dataPoint>
        <dataPoint><x1>0.8</x1><x2>0.052963</x2><x3>0.052963</x3><x4>0.105927</x4><x5>0.165511</x5><x6>0.622636</x6><x7>23.520</x7><x8>0.546</x8><x9>1.1118</x9></dataPoint>
        <dataPoint><x1>0.9</x1><x2>0.058047</x2><x3>0.058047</x3><x4>0.116093</x4><x5>0.161241</x5><x6>0.606572</x6><x7>26.578</x7><x8>0.482</x8><x9>1.2416</x9></dataPoint>
        <dataPoint><x1>1.0</x1><x2>0.062874</x2><x3>0.062874</x3><x4>0.125749</x4><x5>0.157186</x5><x6>0.591317</x6><x7>29.403</x7><x8>0.615</x8><x9>1.3821</x9></dataPoint>
        <dataPoint><x1>1.1</x1><x2>0.067465</x2><x3>0.067465</x3><x4>0.134930</x4><x5>0.153329</x5><x6>0.576811</x6><x7>32.407</x7><x8>0.400</x8><x9>1.4985</x9></dataPoint>
        <dataPoint><x1>1.2</x1><x2>0.071836</x2><x3>0.071836</x3><x4>0.143672</x4><x5>0.149658</x5><x6>0.562999</x6><x7>30.156</x7><x8>0.828</x8><x9>1.4426</x9></dataPoint>
        <dataPoint><x1>1.3</x1><x2>0.076002</x2><x3>0.076002</x3><x4>0.152004</x4><x5>0.146158</x5><x6>0.549833</x6><x7>25.738</x7><x8>0.518</x8><x9>1.2075</x9></dataPoint>
        <dataPoint><x1>1.4</x1><x2>0.079978</x2><x3>0.079978</x3><x4>0.159956</x4><x5>0.142818</x5><x6>0.537269</x6><x7>21.364</x7><x8>1.212</x8><x9>1.1515</x9></dataPoint>
        <dataPoint><x1>1.5</x1><x2>0.083777</x2><x3>0.083777</x3><x4>0.167553</x4><x5>0.139628</x5><x6>0.525266</x6><x7>18.503</x7><x8>0.925</x8><x9>0.9658</x9></dataPoint>
        <dataPoint><x1>1.6</x1><x2>0.087409</x2><x3>0.087409</x3><x4>0.174818</x4><x5>0.136576</x5><x6>0.513788</x6><x7>16.305</x7><x8>1.034</x8><x9>0.9085</x9></dataPoint>
    </dataGroup>
    <comment>The numerical Sl-d_Sl data were obtained through personal communication with the corresponding author.</comment>
    <comment>phi = (0.5 * (x_H2 + x_CO) + 0.75 * x_NH3) / x_O2 was assumed, and air was assumed to be composed of 21% O2 and 79% N2.</comment>
</experiment>
