<experiment>
    <fileAuthor>Andras Gy. Szanthoffer, Chemical Kinetics Laboratory, Institute of Chemistry, ELTE, Budapest, Hungary</fileAuthor>
    <fileDOI>10.24388/x20101058</fileDOI>
    <fileVersion>
        <major>2</major>
        <minor>0</minor>
    </fileVersion>
    <ReSpecThVersion>
        <major>2</major>
        <minor>4</minor>
    </ReSpecThVersion>
    <firstPublicationDate>2023-03-13</firstPublicationDate>
    <lastModificationDate>2023-03-13</lastModificationDate>
    <bibliographyLink>
        <description>S. Zhou, W. Yang, H. Tan, Q. An, J. Wang, H. Dai, X. Wang, X. Wang, S. Deng, Combustion and Flame 233 (2021), 111594</description>
        <referenceDOI>10.1016/j.combustflame.2021.111594</referenceDOI>
        <location>Main article</location>
        <table>Table 1</table>
        <figure>Fig. 3</figure>
        <details>
            <author>Shangkun Zhou and Wenjun Yang and Houzhang Tan and Qiwei An and Jinhua Wang and Hongchao Dai and Xiaoxiao Wang and Xuebin Wang and Shuanghui Deng</author>
            <journal>Combustion and Flame</journal>
            <pages>111594</pages>
            <title>Experimental and kinetic modeling study on NH3/syngas/air and NH3/bio-syngas/air premixed laminar flames at elevated temperature</title>
            <volume>233</volume>
            <year>2021</year>
        </details>
    </bibliographyLink>
    <experimentType>laminar burning velocity measurement</experimentType>
    <apparatus>
        <kind>outwardly propagating spherical flame</kind>
        <mode>premixed</mode>
    </apparatus>
    <commonProperties>
        <property name="pressure"  label="p"  sourcetype="reported"  units="atm" ><value>1</value></property>
    </commonProperties>
    <dataGroup id="dg1">
        <property name="equivalence ratio"             id="x1"   label="phi"    sourcetype="reported"    units="unitless"      />
        <property name="temperature"                   id="x2"   label="T"      sourcetype="reported"    units="K"             />
        <property name="composition"                   id="x3"   label="x_H2"   sourcetype="calculated"  units="mole fraction" >
            <speciesLink preferredKey="H2"   CAS="1333-74-0"  InChI="1S/H2/h1H"      SMILES="[HH]"       chemName="hydrogen"        />
        </property>
        <property name="composition"                   id="x4"   label="x_CO"   sourcetype="calculated"  units="mole fraction" >
            <speciesLink preferredKey="CO"   CAS="630-08-0"   InChI="1S/CO/c1-2"     SMILES="[C-]#[O+]"  chemName="carbon monoxide" />
        </property>
        <property name="composition"                   id="x5"   label="x_NH3"  sourcetype="calculated"  units="mole fraction" >
            <speciesLink preferredKey="NH3"  CAS="7664-41-7"  InChI="1S/H3N/h1H3"    SMILES="N"          chemName="ammonia"         />
        </property>
        <property name="composition"                   id="x6"   label="x_O2"   sourcetype="calculated"  units="mole fraction" >
            <speciesLink preferredKey="O2"   CAS="7782-44-7"  InChI="1S/O2/c1-2"     SMILES="O=O"        chemName="oxygen"          />
        </property>
        <property name="composition"                   id="x7"   label="x_CO2"  sourcetype="calculated"  units="mole fraction" >
            <speciesLink preferredKey="CO2"  CAS="124-38-9"   InChI="1S/CO2/c2-1-3"  SMILES="C(=O)=O"    chemName="carbon dioxide"  />
        </property>
        <property name="composition"                   id="x8"   label="x_N2"   sourcetype="calculated"  units="mole fraction" >
            <speciesLink preferredKey="N2"   CAS="7727-37-9"  InChI="1S/N2/c1-2"     SMILES="N#N"        chemName="nitrogen"        />
        </property>
        <property name="laminar burning velocity"      id="x9"   label="Sl"     sourcetype="reported"    units="cm/s"          />
        <property name="uncertainty"                   id="x10"  label="d_Sl"   sourcetype="reported"    units="cm/s"           reference="laminar burning velocity"  kind="absolute"  bound="plusminus" />
        <property name="evaluated standard deviation"  id="x11"  sourcetype="estimated"   units="cm/s"           reference="laminar burning velocity"  kind="absolute"  method="combined from scatter and reported uncertainty" />

        <dataPoint><x1>1.0089</x1><x2>298.10</x2><x3>0.000000</x3><x4>0.000000</x4><x5>0.220268</x5><x6>0.163744</x6><x7>0.000000</x7><x8>0.615988</x8><x9>6.107</x9><x10>0.810</x10><x11>0.5</x11></dataPoint>
        <dataPoint><x1>1.0070</x1><x2>298.00</x2><x3>0.003499</x3><x4>0.005832</x4><x5>0.209967</x5><x6>0.161008</x6><x7>0.002333</x7><x8>0.617361</x8><x9>6.685</x9><x10>0.653</x10><x11>0.5</x11></dataPoint>
        <dataPoint><x1>0.9769</x1><x2>298.00</x2><x3>0.007282</x3><x4>0.012137</x4><x5>0.194196</x5><x6>0.159024</x6><x7>0.004855</x7><x8>0.622506</x8><x9>7.157</x9><x10>0.723</x10><x11>0.5</x11></dataPoint>
        <dataPoint><x1>1.0054</x1><x2>298.00</x2><x3>0.011934</x3><x4>0.019890</x4><x5>0.185644</x5><x6>0.154307</x6><x7>0.007956</x7><x8>0.620268</x8><x9>7.578</x9><x10>0.688</x10><x11>0.5</x11></dataPoint>
        <dataPoint><x1>1.0223</x1><x2>298.00</x2><x3>0.017298</x3><x4>0.028829</x4><x5>0.172977</x5><x6>0.149458</x6><x7>0.011532</x7><x8>0.619906</x8><x9>8.149</x9><x10>0.674</x10><x11>0.5</x11></dataPoint>
        <dataPoint><x1>1.0063</x1><x2>298.10</x2><x3>0.023093</x3><x4>0.038489</x4><x5>0.153955</x5><x6>0.145339</x6><x7>0.015396</x7><x8>0.623728</x8><x9>8.754</x9><x10>0.858</x10><x11>0.5</x11></dataPoint>
        <dataPoint><x1>1.0046</x1><x2>298.00</x2><x3>0.030092</x3><x4>0.050153</x4><x5>0.133742</x5><x6>0.139786</x6><x7>0.020061</x7><x8>0.626166</x8><x9>11.081</x9><x10>0.942</x10><x11>0.7167</x11></dataPoint>
        <dataPoint><x1>1.0097</x1><x2>298.05</x2><x3>0.038583</x3><x4>0.064305</x4><x5>0.110237</x5><x6>0.132834</x6><x7>0.025722</x7><x8>0.628319</x8><x9>14.327</x9><x10>0.653</x10><x11>0.7711</x11></dataPoint>
        <dataPoint><x1>1.0141</x1><x2>298.00</x2><x3>0.048867</x3><x4>0.081445</x4><x5>0.081445</x5><x6>0.124483</x6><x7>0.032578</x7><x8>0.631183</x8><x9>19.247</x9><x10>0.867</x10><x11>1.0337</x11></dataPoint>
        <dataPoint><x1>1.0172</x1><x2>298.10</x2><x3>0.061538</x3><x4>0.102563</x4><x5>0.045583</x5><x6>0.114275</x6><x7>0.041025</x7><x8>0.635017</x8><x9>23.765</x9><x10>0.792</x10><x11>1.2244</x11></dataPoint>
        <dataPoint><x1>1.0134</x1><x2>298.00</x2><x3>0.077330</x3><x4>0.128883</x4><x5>0.000000</x5><x6>0.101739</x6><x7>0.051553</x7><x8>0.640496</x8><x9>32.886</x9><x10>1.451</x10><x11>1.7597</x11></dataPoint>
    </dataGroup>
    <comment>The numerical phi-T-Sl-d_Sl data were obtained through personal communication with the corresponding author.</comment>
    <comment>phi = (0.5 * (x_H2 + x_CO) + 0.75 * x_NH3) / x_O2 was assumed, and air was assumed to be composed of 21% O2 and 79% N2.</comment>
</experiment>
