<experiment>
    <fileAuthor>Andras Gy. Szanthoffer, Chemical Kinetics Laboratory, Institute of Chemistry, ELTE, Budapest, Hungary</fileAuthor>
    <fileDOI>10.24388/x20199005</fileDOI>
    <fileVersion>
        <major>2</major>
        <minor>0</minor>
    </fileVersion>
    <ReSpecThVersion>
        <major>2</major>
        <minor>4</minor>
    </ReSpecThVersion>
    <firstPublicationDate>2023-08-03</firstPublicationDate>
    <lastModificationDate>2023-08-03</lastModificationDate>
    <bibliographyLink>
        <description>X. Han, Z. Wang, M. Costa, Z. Sun, Y. He, K. Cen, Combustion and Flame 206 (2019), 214–226</description>
        <referenceDOI>10.1016/j.combustflame.2019.05.003</referenceDOI>
        <location>Main Article (figure) and Supp. Mat. (data source)</location>
        <figure>Fig. 4.</figure>
        <details>
            <author>Han, Xinlu and Wang, Zhihua and Costa, Mário and Sun, Zhiwei and He, Yong and Cen, Kefa</author>
            <journal>Combustion and Flame</journal>
            <pages>214–226</pages>
            <title>Experimental and kinetic modeling study of laminar burning velocities of NH3/air, NH3/H2/air, NH3/CO/air and NH3/CH4/air premixed flames</title>
            <type>Journal Article</type>
            <volume>206</volume>
            <year>2019</year>
        </details>
    </bibliographyLink>
    <experimentType>laminar burning velocity measurement</experimentType>
    <apparatus>
        <kind>heat flux burner</kind>
        <mode>premixed</mode>
    </apparatus>
    <commonProperties>
        <property name="pressure"                      label="p"  sourcetype="reported"   units="atm"  ><value>1</value></property>
        <property name="temperature"                   label="T"  sourcetype="reported"   units="K"    ><value>298</value></property>
        <property name="evaluated standard deviation"  sourcetype="estimated"  units="cm/s"  reference="laminar burning velocity"  kind="absolute"  method="combined from scatter and reported uncertainty" ><value>1.414</value></property>
    </commonProperties>
    <dataGroup id="dg1">
        <property name="equivalence ratio"         id="x1"   label="phi"    sourcetype="reported"  units="unitless"      />
        <property name="composition"               id="x2"   label="X_NH3"  sourcetype="reported"  units="mole fraction" >
            <speciesLink preferredKey="NH3"  CAS="7664-41-7"  InChI="1S/H3N/h1H3"  SMILES="N"    chemName="ammonia"  />
        </property>
        <property name="composition"               id="x3"   label="X_N2"   sourcetype="reported"  units="mole fraction" >
            <speciesLink preferredKey="N2"   CAS="7727-37-9"  InChI="1S/N2/c1-2"   SMILES="N#N"  chemName="nitrogen" />
        </property>
        <property name="composition"               id="x4"   label="X_O2"   sourcetype="reported"  units="mole fraction" >
            <speciesLink preferredKey="O2"   CAS="7782-44-7"  InChI="1S/O2/c1-2"   SMILES="O=O"  chemName="oxygen"   />
        </property>
        <property name="laminar burning velocity"  id="x5"   label="Sl"     sourcetype="reported"  units="cm/s"          />
        <property name="uncertainty"               id="x6"   label="d_Sl"   sourcetype="reported"  units="cm/s"           reference="laminar burning velocity"  kind="absolute"  bound="plusminus" />

        <dataPoint><x1>0.85</x1><x2>0.192246</x2><x3>0.638126</x3><x4>0.169628</x4><x5>3.0</x5><x6>1.0</x6></dataPoint>
        <dataPoint><x1>0.90</x1><x2>0.201278</x2><x3>0.630990</x3><x4>0.167732</x4><x5>4.2</x5><x6>0.9</x6></dataPoint>
        <dataPoint><x1>0.95</x1><x2>0.210111</x2><x3>0.624013</x3><x4>0.165877</x4><x5>5.5</x5><x6>0.6</x6></dataPoint>
        <dataPoint><x1>1.00</x1><x2>0.218750</x2><x3>0.617188</x3><x4>0.164063</x4><x5>6.1</x5><x6>0.6</x6></dataPoint>
        <dataPoint><x1>1.05</x1><x2>0.227203</x2><x3>0.610510</x3><x4>0.162288</x4><x5>6.4</x5><x6>0.6</x6></dataPoint>
        <dataPoint><x1>1.10</x1><x2>0.235474</x2><x3>0.603976</x3><x4>0.160551</x4><x5>6.3</x5><x6>0.5</x6></dataPoint>
        <dataPoint><x1>1.15</x1><x2>0.243570</x2><x3>0.597579</x3><x4>0.158850</x4><x5>6.0</x5><x6>0.6</x6></dataPoint>
        <dataPoint><x1>1.20</x1><x2>0.251497</x2><x3>0.591317</x3><x4>0.157186</x4><x5>5.5</x5><x6>0.6</x6></dataPoint>
        <dataPoint><x1>1.25</x1><x2>0.259259</x2><x3>0.585185</x3><x4>0.155556</x4><x5>4.9</x5><x6>0.6</x6></dataPoint>
    </dataGroup>
    <comment>The reported data are from Supp. Mat.</comment>
</experiment>
