<experiment>
    <fileAuthor>Andras Gy. Szanthoffer, Chemical Kinetics Laboratory, Institute of Chemistry, ELTE, Budapest, Hungary</fileAuthor>
    <fileDOI>10.24388/x20101051</fileDOI>
    <fileVersion>
        <major>2</major>
        <minor>0</minor>
    </fileVersion>
    <ReSpecThVersion>
        <major>2</major>
        <minor>4</minor>
    </ReSpecThVersion>
    <firstPublicationDate>2023-03-13</firstPublicationDate>
    <lastModificationDate>2023-03-13</lastModificationDate>
    <bibliographyLink>
        <description>S. Zhou, W. Yang, H. Tan, Q. An, J. Wang, H. Dai, X. Wang, X. Wang, S. Deng, Combustion and Flame 233 (2021), 111594</description>
        <referenceDOI>10.1016/j.combustflame.2021.111594</referenceDOI>
        <location>Main article</location>
        <table>Table 1</table>
        <figure>Fig. 2. (alpha = 0.5, beta = 0.5), T = 323 K</figure>
        <details>
            <author>Shangkun Zhou and Wenjun Yang and Houzhang Tan and Qiwei An and Jinhua Wang and Hongchao Dai and Xiaoxiao Wang and Xuebin Wang and Shuanghui Deng</author>
            <journal>Combustion and Flame</journal>
            <pages>111594</pages>
            <title>Experimental and kinetic modeling study on NH3/syngas/air and NH3/bio-syngas/air premixed laminar flames at elevated temperature</title>
            <volume>233</volume>
            <year>2021</year>
        </details>
    </bibliographyLink>
    <experimentType>laminar burning velocity measurement</experimentType>
    <apparatus>
        <kind>outwardly propagating spherical flame</kind>
        <mode>premixed</mode>
    </apparatus>
    <commonProperties>
        <property name="pressure"  label="p"  sourcetype="reported"  units="atm" ><value>1</value></property>
    </commonProperties>
    <dataGroup id="dg1">
        <property name="equivalence ratio"             id="x1"   label="phi"    sourcetype="reported"    units="unitless"      />
        <property name="temperature"                   id="x2"   label="T"      sourcetype="reported"    units="K"             />
        <property name="composition"                   id="x3"   label="x_H2"   sourcetype="calculated"  units="mole fraction" >
            <speciesLink preferredKey="H2"   CAS="1333-74-0"  InChI="1S/H2/h1H"    SMILES="[HH]"       chemName="hydrogen"        />
        </property>
        <property name="composition"                   id="x4"   label="x_CO"   sourcetype="calculated"  units="mole fraction" >
            <speciesLink preferredKey="CO"   CAS="630-08-0"   InChI="1S/CO/c1-2"   SMILES="[C-]#[O+]"  chemName="carbon monoxide" />
        </property>
        <property name="composition"                   id="x5"   label="x_NH3"  sourcetype="calculated"  units="mole fraction" >
            <speciesLink preferredKey="NH3"  CAS="7664-41-7"  InChI="1S/H3N/h1H3"  SMILES="N"          chemName="ammonia"         />
        </property>
        <property name="composition"                   id="x6"   label="x_O2"   sourcetype="calculated"  units="mole fraction" >
            <speciesLink preferredKey="O2"   CAS="7782-44-7"  InChI="1S/O2/c1-2"   SMILES="O=O"        chemName="oxygen"          />
        </property>
        <property name="composition"                   id="x7"   label="x_N2"   sourcetype="calculated"  units="mole fraction" >
            <speciesLink preferredKey="N2"   CAS="7727-37-9"  InChI="1S/N2/c1-2"   SMILES="N#N"        chemName="nitrogen"        />
        </property>
        <property name="laminar burning velocity"      id="x8"   label="Sl"     sourcetype="reported"    units="cm/s"          />
        <property name="uncertainty"                   id="x9"   label="d_Sl"   sourcetype="reported"    units="cm/s"           reference="laminar burning velocity"  kind="absolute"  bound="plusminus" />
        <property name="evaluated standard deviation"  id="x10"  sourcetype="estimated"   units="cm/s"           reference="laminar burning velocity"  kind="absolute"  method="combined from scatter and reported uncertainty" />

        <dataPoint><x1>0.7047</x1><x2>323.00</x2><x3>0.047861</x3><x4>0.047861</x4><x5>0.095723</x5><x6>0.169797</x6><x7>0.638758</x7><x8>21.488</x8><x9>0.895</x9><x10>0.4655</x10></dataPoint>
        <dataPoint><x1>0.8069</x1><x2>323.10</x2><x3>0.053325</x3><x4>0.053325</x4><x5>0.106650</x5><x6>0.165207</x6><x7>0.621493</x7><x8>28.939</x8><x9>2.728</x9><x10>1.3748</x10></dataPoint>
        <dataPoint><x1>0.8989</x1><x2>323.15</x2><x3>0.057994</x3><x4>0.057994</x4><x5>0.115988</x5><x6>0.161285</x6><x7>0.606740</x7><x8>34.363</x8><x9>1.375</x9><x10>0.7173</x10></dataPoint>
        <dataPoint><x1>1.0016</x1><x2>323.05</x2><x3>0.062948</x3><x4>0.062948</x4><x5>0.125896</x5><x6>0.157124</x6><x7>0.591084</x7><x8>39.344</x8><x9>0.890</x9><x10>0.5028</x10></dataPoint>
        <dataPoint><x1>1.1090</x1><x2>323.15</x2><x3>0.067867</x3><x4>0.067867</x4><x5>0.135735</x5><x6>0.152991</x6><x7>0.575539</x7><x8>41.210</x8><x9>0.988</x9><x10>0.5515</x10></dataPoint>
        <dataPoint><x1>1.2085</x1><x2>323.10</x2><x3>0.072196</x3><x4>0.072196</x4><x5>0.144393</x5><x6>0.149355</x6><x7>0.561859</x7><x8>40.908</x8><x9>2.146</x9><x10>1.1002</x10></dataPoint>
        <dataPoint><x1>1.3105</x1><x2>323.20</x2><x3>0.076430</x3><x4>0.076430</x4><x5>0.152860</x5><x6>0.145799</x6><x7>0.548482</x7><x8>36.689</x8><x9>1.333</x9><x10>0.7013</x10></dataPoint>
        <dataPoint><x1>1.4196</x1><x2>323.20</x2><x3>0.080736</x3><x4>0.080736</x4><x5>0.161472</x5><x6>0.142182</x6><x7>0.534873</x7><x8>28.833</x8><x9>2.316</x9><x10>1.1706</x10></dataPoint>
    </dataGroup>
    <comment>The numerical phi-T-Sl-d_Sl data were obtained through personal communication with the corresponding author.</comment>
    <comment>phi = (0.5 * (x_H2 + x_CO) + 0.75 * x_NH3) / x_O2 was assumed, and air was assumed to be composed of 21% O2 and 79% N2.</comment>
</experiment>
