<experiment>
    <fileAuthor>Andras Gy. Szanthoffer, Chemical Kinetics Laboratory, Institute of Chemistry, ELTE, Budapest, Hungary</fileAuthor>
    <fileDOI>10.24388/x20100019</fileDOI>
    <fileVersion>
        <major>2</major>
        <minor>0</minor>
    </fileVersion>
    <ReSpecThVersion>
        <major>2</major>
        <minor>4</minor>
    </ReSpecThVersion>
    <firstPublicationDate>2023-08-03</firstPublicationDate>
    <lastModificationDate>2023-08-03</lastModificationDate>
    <bibliographyLink>
        <description>X. Han, Z. Wang, M. Costa, Z. Sun, Y. He, K. Cen, Combustion and Flame 206 (2019), 214–226</description>
        <referenceDOI>10.1016/j.combustflame.2019.05.003</referenceDOI>
        <location>Main Article (figure) and Supp. Mat. (data source)</location>
        <figure>Fig. 6., xH2 = 0.15</figure>
        <details>
            <author>Han, Xinlu and Wang, Zhihua and Costa, Mário and Sun, Zhiwei and He, Yong and Cen, Kefa</author>
            <journal>Combustion and Flame</journal>
            <pages>214–226</pages>
            <title>Experimental and kinetic modeling study of laminar burning velocities of NH3/air, NH3/H2/air, NH3/CO/air and NH3/CH4/air premixed flames</title>
            <type>Journal Article</type>
            <volume>206</volume>
            <year>2019</year>
        </details>
    </bibliographyLink>
    <experimentType>laminar burning velocity measurement</experimentType>
    <apparatus>
        <kind>heat flux burner</kind>
        <mode>premixed</mode>
    </apparatus>
    <commonProperties>
        <property name="pressure"                      label="p"  sourcetype="reported"   units="atm"  ><value>1</value></property>
        <property name="temperature"                   label="T"  sourcetype="reported"   units="K"    ><value>298</value></property>
        <property name="evaluated standard deviation"  sourcetype="estimated"  units="cm/s"  reference="laminar burning velocity"  kind="absolute"  method="combined from scatter and reported uncertainty" ><value>0.500</value></property>
    </commonProperties>
    <dataGroup id="dg1">
        <property name="equivalence ratio"         id="x1"   label="phi"    sourcetype="reported"  units="unitless"      />
        <property name="composition"               id="x2"   label="X_NH3"  sourcetype="reported"  units="mole fraction" >
            <speciesLink preferredKey="NH3"  CAS="7664-41-7"  InChI="1S/H3N/h1H3"  SMILES="N"     chemName="ammonia"  />
        </property>
        <property name="composition"               id="x3"   label="X_H2"   sourcetype="reported"  units="mole fraction" >
            <speciesLink preferredKey="H2"   CAS="1333-74-0"  InChI="1S/H2/h1H"    SMILES="[HH]"  chemName="hydrogen" />
        </property>
        <property name="composition"               id="x4"   label="X_N2"   sourcetype="reported"  units="mole fraction" >
            <speciesLink preferredKey="N2"   CAS="7727-37-9"  InChI="1S/N2/c1-2"   SMILES="N#N"   chemName="nitrogen" />
        </property>
        <property name="composition"               id="x5"   label="X_O2"   sourcetype="reported"  units="mole fraction" >
            <speciesLink preferredKey="O2"   CAS="7782-44-7"  InChI="1S/O2/c1-2"   SMILES="O=O"   chemName="oxygen"   />
        </property>
        <property name="laminar burning velocity"  id="x6"   label="Sl"     sourcetype="reported"  units="cm/s"          />
        <property name="uncertainty"               id="x7"   label="d_Sl"   sourcetype="reported"  units="cm/s"           reference="laminar burning velocity"  kind="absolute"  bound="plusminus" />

        <dataPoint><x1>0.75</x1><x2>0.153879</x2><x3>0.027155</x3><x4>0.646983</x4><x5>0.171983</x5><x6>6.0</x6><x7>0.7</x7></dataPoint>
        <dataPoint><x1>0.80</x1><x2>0.162181</x2><x3>0.028620</x3><x4>0.639268</x4><x5>0.169932</x5><x6>7.1</x6><x7>0.6</x7></dataPoint>
        <dataPoint><x1>0.85</x1><x2>0.170286</x2><x3>0.030051</x3><x4>0.631734</x4><x5>0.167929</x5><x6>8.1</x6><x7>0.6</x7></dataPoint>
        <dataPoint><x1>0.90</x1><x2>0.178203</x2><x3>0.031448</x3><x4>0.624376</x4><x5>0.165973</x5><x6>9.1</x6><x7>0.6</x7></dataPoint>
        <dataPoint><x1>0.95</x1><x2>0.185938</x2><x3>0.032813</x3><x4>0.617188</x4><x5>0.164063</x5><x6>10.0</x6><x7>0.6</x7></dataPoint>
        <dataPoint><x1>1.00</x1><x2>0.193496</x2><x3>0.034146</x3><x4>0.610163</x4><x5>0.162195</x5><x6>10.7</x6><x7>0.6</x7></dataPoint>
        <dataPoint><x1>1.05</x1><x2>0.200884</x2><x3>0.035450</x3><x4>0.603296</x4><x5>0.160370</x5><x6>11.2</x6><x7>0.6</x7></dataPoint>
        <dataPoint><x1>1.10</x1><x2>0.208108</x2><x3>0.036725</x3><x4>0.596582</x4><x5>0.158585</x5><x6>11.1</x6><x7>0.6</x7></dataPoint>
        <dataPoint><x1>1.15</x1><x2>0.215173</x2><x3>0.037972</x3><x4>0.590016</x4><x5>0.156840</x5><x6>10.6</x6><x7>0.6</x7></dataPoint>
        <dataPoint><x1>1.20</x1><x2>0.222084</x2><x3>0.039191</x3><x4>0.583593</x4><x5>0.155132</x5><x6>9.9</x6><x7>0.6</x7></dataPoint>
        <dataPoint><x1>1.25</x1><x2>0.228846</x2><x3>0.040385</x3><x4>0.577308</x4><x5>0.153462</x5><x6>9.2</x6><x7>0.6</x7></dataPoint>
        <dataPoint><x1>1.30</x1><x2>0.235464</x2><x3>0.041553</x3><x4>0.571157</x4><x5>0.151827</x5><x6>8.3</x6><x7>0.6</x7></dataPoint>
        <dataPoint><x1>1.35</x1><x2>0.241943</x2><x3>0.042696</x3><x4>0.565136</x4><x5>0.150226</x5><x6>7.6</x6><x7>0.6</x7></dataPoint>
        <dataPoint><x1>1.40</x1><x2>0.248286</x2><x3>0.043815</x3><x4>0.559240</x4><x5>0.148659</x5><x6>6.9</x6><x7>0.6</x7></dataPoint>
    </dataGroup>
    <comment>The reported data are from Supp. Mat.</comment>
</experiment>
