<experiment>
    <fileAuthor>Andras Gy. Szanthoffer, Chemical Kinetics Laboratory, Institute of Chemistry, ELTE, Budapest, Hungary</fileAuthor>
    <fileDOI>10.24388/x20100022</fileDOI>
    <fileVersion>
        <major>2</major>
        <minor>0</minor>
    </fileVersion>
    <ReSpecThVersion>
        <major>2</major>
        <minor>4</minor>
    </ReSpecThVersion>
    <firstPublicationDate>2023-08-03</firstPublicationDate>
    <lastModificationDate>2023-08-03</lastModificationDate>
    <bibliographyLink>
        <description>X. Han, Z. Wang, M. Costa, Z. Sun, Y. He, K. Cen, Combustion and Flame 206 (2019), 214–226</description>
        <referenceDOI>10.1016/j.combustflame.2019.05.003</referenceDOI>
        <location>Main Article (figure) and Supp. Mat. (data source)</location>
        <figure>Fig. 6., xH2 = 0.40</figure>
        <details>
            <author>Han, Xinlu and Wang, Zhihua and Costa, Mário and Sun, Zhiwei and He, Yong and Cen, Kefa</author>
            <journal>Combustion and Flame</journal>
            <pages>214–226</pages>
            <title>Experimental and kinetic modeling study of laminar burning velocities of NH3/air, NH3/H2/air, NH3/CO/air and NH3/CH4/air premixed flames</title>
            <type>Journal Article</type>
            <volume>206</volume>
            <year>2019</year>
        </details>
    </bibliographyLink>
    <experimentType>laminar burning velocity measurement</experimentType>
    <apparatus>
        <kind>heat flux burner</kind>
        <mode>premixed</mode>
    </apparatus>
    <commonProperties>
        <property name="pressure"                      label="p"  sourcetype="reported"   units="atm"  ><value>1</value></property>
        <property name="temperature"                   label="T"  sourcetype="reported"   units="K"    ><value>298</value></property>
        <property name="evaluated standard deviation"  sourcetype="estimated"  units="cm/s"  reference="laminar burning velocity"  kind="absolute"  method="combined from scatter and reported uncertainty" ><value>0.500</value></property>
    </commonProperties>
    <dataGroup id="dg1">
        <property name="equivalence ratio"         id="x1"   label="phi"    sourcetype="reported"  units="unitless"      />
        <property name="composition"               id="x2"   label="X_NH3"  sourcetype="reported"  units="mole fraction" >
            <speciesLink preferredKey="NH3"  CAS="7664-41-7"  InChI="1S/H3N/h1H3"  SMILES="N"     chemName="ammonia"  />
        </property>
        <property name="composition"               id="x3"   label="X_H2"   sourcetype="reported"  units="mole fraction" >
            <speciesLink preferredKey="H2"   CAS="1333-74-0"  InChI="1S/H2/h1H"    SMILES="[HH]"  chemName="hydrogen" />
        </property>
        <property name="composition"               id="x4"   label="X_N2"   sourcetype="reported"  units="mole fraction" >
            <speciesLink preferredKey="N2"   CAS="7727-37-9"  InChI="1S/N2/c1-2"   SMILES="N#N"   chemName="nitrogen" />
        </property>
        <property name="composition"               id="x5"   label="X_O2"   sourcetype="reported"  units="mole fraction" >
            <speciesLink preferredKey="O2"   CAS="7782-44-7"  InChI="1S/O2/c1-2"   SMILES="O=O"   chemName="oxygen"   />
        </property>
        <property name="laminar burning velocity"  id="x6"   label="Sl"     sourcetype="reported"  units="cm/s"          />
        <property name="uncertainty"               id="x7"   label="d_Sl"   sourcetype="reported"  units="cm/s"           reference="laminar burning velocity"  kind="absolute"  bound="plusminus" />

        <dataPoint><x1>0.70</x1><x2>0.110665</x2><x3>0.073777</x3><x4>0.644291</x4><x5>0.171267</x5><x6>13.0</x6><x7>0.8</x7></dataPoint>
        <dataPoint><x1>0.75</x1><x2>0.117028</x2><x3>0.078019</x3><x4>0.635913</x4><x5>0.169040</x5><x6>15.8</x6><x7>0.7</x7></dataPoint>
        <dataPoint><x1>0.80</x1><x2>0.123227</x2><x3>0.082152</x3><x4>0.627751</x4><x5>0.166870</x5><x6>18.6</x6><x7>0.7</x7></dataPoint>
        <dataPoint><x1>0.85</x1><x2>0.129270</x2><x3>0.086180</x3><x4>0.619795</x4><x5>0.164756</x5><x6>21.3</x6><x7>0.7</x7></dataPoint>
        <dataPoint><x1>0.90</x1><x2>0.135161</x2><x3>0.090107</x3><x4>0.612038</x4><x5>0.162694</x5><x6>23.7</x6><x7>0.6</x7></dataPoint>
        <dataPoint><x1>0.95</x1><x2>0.140906</x2><x3>0.093938</x3><x4>0.604473</x4><x5>0.160683</x5><x6>25.9</x6><x7>0.6</x7></dataPoint>
        <dataPoint><x1>1.00</x1><x2>0.146512</x2><x3>0.097674</x3><x4>0.597093</x4><x5>0.158721</x5><x6>27.8</x6><x7>0.6</x7></dataPoint>
        <dataPoint><x1>1.05</x1><x2>0.151982</x2><x3>0.101321</x3><x4>0.589891</x4><x5>0.156806</x5><x6>29.1</x6><x7>0.6</x7></dataPoint>
        <dataPoint><x1>1.10</x1><x2>0.157321</x2><x3>0.104881</x3><x4>0.582860</x4><x5>0.154938</x5><x6>29.3</x6><x7>0.6</x7></dataPoint>
        <dataPoint><x1>1.15</x1><x2>0.162535</x2><x3>0.108357</x3><x4>0.575996</x4><x5>0.153113</x5><x6>28.4</x6><x7>0.6</x7></dataPoint>
        <dataPoint><x1>1.20</x1><x2>0.167628</x2><x3>0.111752</x3><x4>0.569291</x4><x5>0.151330</x5><x6>26.7</x6><x7>0.6</x7></dataPoint>
        <dataPoint><x1>1.25</x1><x2>0.172603</x2><x3>0.115069</x3><x4>0.562740</x4><x5>0.149589</x5><x6>24.7</x6><x7>0.6</x7></dataPoint>
        <dataPoint><x1>1.30</x1><x2>0.177465</x2><x3>0.118310</x3><x4>0.556338</x4><x5>0.147887</x5><x6>22.7</x6><x7>0.6</x7></dataPoint>
        <dataPoint><x1>1.35</x1><x2>0.182218</x2><x3>0.121478</x3><x4>0.550080</x4><x5>0.146224</x5><x6>21.1</x6><x7>0.6</x7></dataPoint>
        <dataPoint><x1>1.40</x1><x2>0.186864</x2><x3>0.124576</x3><x4>0.543962</x4><x5>0.144598</x5><x6>19.6</x6><x7>0.6</x7></dataPoint>
        <dataPoint><x1>1.45</x1><x2>0.191409</x2><x3>0.127606</x3><x4>0.537978</x4><x5>0.143007</x5><x6>18.2</x6><x7>0.6</x7></dataPoint>
        <dataPoint><x1>1.50</x1><x2>0.195855</x2><x3>0.130570</x3><x4>0.532124</x4><x5>0.141451</x5><x6>17.0</x6><x7>0.6</x7></dataPoint>
        <dataPoint><x1>1.55</x1><x2>0.200205</x2><x3>0.133470</x3><x4>0.526397</x4><x5>0.139928</x5><x6>15.8</x6><x7>0.6</x7></dataPoint>
        <dataPoint><x1>1.60</x1><x2>0.204463</x2><x3>0.136308</x3><x4>0.520791</x4><x5>0.138438</x5><x6>14.7</x6><x7>0.6</x7></dataPoint>
    </dataGroup>
    <comment>The reported data are from Supp. Mat.</comment>
</experiment>
