<experiment>
    <fileAuthor>András Szanthoffer, Chemical Kinetics Laboratory, Institute of Chemistry, ELTE, Budapest, Hungary</fileAuthor>
    <fileDOI>10.24388/x20100071</fileDOI>
    <fileVersion>
        <major>2</major>
        <minor>0</minor>
    </fileVersion>
    <ReSpecThVersion>
        <major>2</major>
        <minor>4</minor>
    </ReSpecThVersion>
    <firstPublicationDate>2023-08-03</firstPublicationDate>
    <lastModificationDate>2023-08-03</lastModificationDate>
    <bibliographyLink>
        <description>G.J. Gotama, A. Hayakawa, E.C. Okafor, R. Kanoshima, M. Hayashi, T. Kudo, H. Kobayashi, Combustion and Flame 236 (2022), 111753</description>
        <referenceDOI>10.1016/j.combustflame.2021.111753</referenceDOI>
        <location>Main article and Supp. Mat.</location>
        <table>Supp. Mat., S4, 0.5 MPa</table>
        <figure>Fig. 4. b), full black squares (present study, non-linear)</figure>
        <details>
            <author>Gotama, Gabriel J. and Hayakawa, Akihiro and Okafor, Ekenechukwu C. and Kanoshima, Ryuhei and Hayashi, Masao and Kudo, Taku and Kobayashi, Hideaki</author>
            <journal>Combustion and Flame</journal>
            <pages>111753</pages>
            <title>Measurement of the laminar burning velocity and kinetics study of the importance of the hydrogen recovery mechanism of ammonia/hydrogen/air premixed flames</title>
            <type>Journal Article</type>
            <volume>236</volume>
            <year>2022</year>
        </details>
    </bibliographyLink>
    <experimentType>laminar burning velocity measurement</experimentType>
    <apparatus>
        <kind>outwardly propagating spherical flame</kind>
        <mode>constant volume combustion chamber</mode>
        <mode>premixed</mode>
        <mode>laminar</mode>
        <mode>unstretched</mode>
        <mode>extrapolation method to zero stretch: NQ</mode>
    </apparatus>
    <commonProperties>
        <property name="temperature"  label="T"    sourcetype="reported"  units="K"   ><value>298</value></property>
        <property name="uncertainty"  label="d_T"  sourcetype="reported"  units="K"    reference="temperature"  kind="absolute"  bound="plusminus" ><value>5</value></property>
        <property name="pressure"     label="p"    sourcetype="reported"  units="MPa" ><value>0.5</value></property>
    </commonProperties>
    <dataGroup id="dg1">
        <property name="equivalence ratio"             id="x1"   label="phi"    sourcetype="reported"   units="unitless"      />
        <property name="composition"                   id="x2"   label="x_NH3"  sourcetype="estimated"  units="mole fraction" >
            <speciesLink preferredKey="NH3"  CAS="7664-41-7"  InChI="1S/H3N/h1H3"  SMILES="N"     chemName="ammonia"  />
        </property>
        <property name="composition"                   id="x3"   label="x_H2"   sourcetype="estimated"  units="mole fraction" >
            <speciesLink preferredKey="H2"   CAS="1333-74-0"  InChI="1S/H2/h1H"    SMILES="[HH]"  chemName="hydrogen" />
        </property>
        <property name="composition"                   id="x4"   label="x_O2"   sourcetype="estimated"  units="mole fraction" >
            <speciesLink preferredKey="O2"   CAS="7782-44-7"  InChI="1S/O2/c1-2"   SMILES="O=O"   chemName="oxygen"   />
        </property>
        <property name="composition"                   id="x5"   label="x_N2"   sourcetype="estimated"  units="mole fraction" >
            <speciesLink preferredKey="N2"   CAS="7727-37-9"  InChI="1S/N2/c1-2"   SMILES="N#N"   chemName="nitrogen" />
        </property>
        <property name="laminar burning velocity"      id="x6"   label="Sl"     sourcetype="reported"   units="cm/s"          />
        <property name="uncertainty"                   id="x7"   label="d_Sl"   sourcetype="reported"   units="cm/s"           reference="laminar burning velocity"  kind="absolute"  bound="plusminus" />
        <property name="evaluated standard deviation"  id="x8"   sourcetype="estimated"  units="cm/s"           reference="laminar burning velocity"  kind="absolute"  method="combined from scatter and reported uncertainty" />

        <dataPoint><x1>1.0</x1><x2>0.146512</x2><x3>0.097674</x3><x4>0.158721</x4><x5>0.597093</x5><x6>14.41</x6><x7>0.16</x7><x8>0.714</x8></dataPoint>
        <dataPoint><x1>1.1</x1><x2>0.157321</x2><x3>0.104881</x3><x4>0.154938</x4><x5>0.582860</x5><x6>14.96</x6><x7>0.15</x7><x8>0.738</x8></dataPoint>
        <dataPoint><x1>1.2</x1><x2>0.167627</x2><x3>0.111752</x3><x4>0.151330</x4><x5>0.569290</x5><x6>13.76</x6><x7>0.08</x7><x8>0.670</x8></dataPoint>
        <dataPoint><x1>1.4</x1><x2>0.186864</x2><x3>0.124576</x3><x4>0.144597</x4><x5>0.543962</x5><x6>10.36</x6><x7>0.04</x7><x8>0.502</x8></dataPoint>
        <dataPoint><x1>1.6</x1><x2>0.204462</x2><x3>0.136308</x3><x4>0.138438</x4><x5>0.520791</x5><x6>7.57</x6><x7>0.09</x7><x8>0.500</x8></dataPoint>
        <dataPoint><x1>1.8</x1><x2>0.220623</x2><x3>0.147082</x3><x4>0.132782</x4><x5>0.499514</x5><x6>5.56</x6><x7>0.04</x7><x8>0.500</x8></dataPoint>
    </dataGroup>
    <comment>The composition of air was assumed to be 79% N2 and 21% O2 and the formula phi = (0.5*x_H2 + 0.75*x_NH3)/x_O2 was applied.</comment>
    <comment>The experimental uncertainties refer to the standard deviation of the experimental data.</comment>
    <comment>The experimental results at phi = 0.8 an 0.9 are not included because the authors reported that those measurements "Can be considered inaccurate due to large cellular instability effect.".</comment>
</experiment>
