<experiment>
    <fileAuthor>Andras Gy. Szanthoffer, Chemical Kinetics Laboratory, Institute of Chemistry, ELTE, Budapest, Hungary</fileAuthor>
    <fileDOI>10.24388/x20101003</fileDOI>
    <fileVersion>
        <major>2</major>
        <minor>0</minor>
    </fileVersion>
    <ReSpecThVersion>
        <major>2</major>
        <minor>4</minor>
    </ReSpecThVersion>
    <firstPublicationDate>2023-03-13</firstPublicationDate>
    <lastModificationDate>2023-03-13</lastModificationDate>
    <bibliographyLink>
        <description>X. Han, Z. Wang, M. Costa, Z. Sun, Y. He, K. Cen, Combustion and Flame 206 (2019), 214-226</description>
        <referenceDOI>10.1016/j.combustflame.2019.05.003</referenceDOI>
        <location>Main Article (figure) and Supp. Mat. (data source)</location>
        <figure>Fig. 8., xCO = 0.6</figure>
        <details>
            <author>Xinlu Han and Zhihua Wang and Mário Costa and Zhiwei Sun and Yong He and Kefa Cen</author>
            <journal>Combustion and Flame</journal>
            <pages>214-226</pages>
            <title>Experimental and kinetic modeling study of laminar burning velocities of NH3/air, NH3/H2/air, NH3/CO/air and NH3/CH4/air premixed flames</title>
            <volume>206</volume>
            <year>2019</year>
        </details>
    </bibliographyLink>
    <experimentType>laminar burning velocity measurement</experimentType>
    <apparatus>
        <kind>heat flux burner</kind>
        <mode>premixed</mode>
    </apparatus>
    <commonProperties>
        <property name="pressure"                      label="p"  sourcetype="reported"   units="atm"  ><value>1</value></property>
        <property name="temperature"                   label="T"  sourcetype="reported"   units="K"    ><value>298</value></property>
        <property name="evaluated standard deviation"  sourcetype="estimated"  units="cm/s"  reference="laminar burning velocity"  kind="absolute"  method="combined from scatter and reported uncertainty" ><value>0.5</value></property>
    </commonProperties>
    <dataGroup id="dg1">
        <property name="equivalence ratio"         id="x1"   label="phi"    sourcetype="reported"  units="unitless"      />
        <property name="composition"               id="x2"   label="X_NH3"  sourcetype="reported"  units="mole fraction" >
            <speciesLink preferredKey="NH3"  CAS="7664-41-7"  InChI="1S/H3N/h1H3"  SMILES="N"          chemName="ammonia"         />
        </property>
        <property name="composition"               id="x3"   label="X_CO"   sourcetype="reported"  units="mole fraction" >
            <speciesLink preferredKey="CO"   CAS="630-08-0"   InChI="1S/CO/c1-2"   SMILES="[C-]#[O+]"  chemName="carbon monoxide" />
        </property>
        <property name="composition"               id="x4"   label="X_N2"   sourcetype="reported"  units="mole fraction" >
            <speciesLink preferredKey="N2"   CAS="7727-37-9"  InChI="1S/N2/c1-2"   SMILES="N#N"        chemName="nitrogen"        />
        </property>
        <property name="composition"               id="x5"   label="X_O2"   sourcetype="reported"  units="mole fraction" >
            <speciesLink preferredKey="O2"   CAS="7782-44-7"  InChI="1S/O2/c1-2"   SMILES="O=O"        chemName="oxygen"          />
        </property>
        <property name="laminar burning velocity"  id="x6"   label="Sl"     sourcetype="reported"  units="cm/s"          />
        <property name="uncertainty"               id="x7"   label="d_Sl"   sourcetype="reported"  units="cm/s"           reference="laminar burning velocity"  kind="absolute"  bound="plusminus" />

        <dataPoint><x1>0.70</x1><x2>0.078715</x2><x3>0.118072</x3><x4>0.634538</x4><x5>0.168675</x5><x6>18.1</x6><x7>0.5</x7></dataPoint>
        <dataPoint><x1>0.75</x1><x2>0.083168</x2><x3>0.124753</x3><x4>0.625743</x4><x5>0.166337</x5><x6>20.9</x6><x7>0.5</x7></dataPoint>
        <dataPoint><x1>0.80</x1><x2>0.087500</x2><x3>0.131250</x3><x4>0.617188</x4><x5>0.164063</x5><x6>23.5</x6><x7>0.5</x7></dataPoint>
        <dataPoint><x1>0.85</x1><x2>0.091715</x2><x3>0.137572</x3><x4>0.608863</x4><x5>0.161850</x5><x6>26.1</x6><x7>0.5</x7></dataPoint>
        <dataPoint><x1>0.90</x1><x2>0.095817</x2><x3>0.143726</x3><x4>0.600761</x4><x5>0.159696</x5><x6>28.3</x6><x7>0.5</x7></dataPoint>
        <dataPoint><x1>0.95</x1><x2>0.099812</x2><x3>0.149719</x3><x4>0.592871</x4><x5>0.157599</x5><x6>30.2</x6><x7>0.5</x7></dataPoint>
        <dataPoint><x1>1.00</x1><x2>0.103704</x2><x3>0.155556</x3><x4>0.585185</x4><x5>0.155556</x5><x6>31.6</x6><x7>0.5</x7></dataPoint>
        <dataPoint><x1>1.05</x1><x2>0.107495</x2><x3>0.161243</x3><x4>0.577697</x4><x5>0.153565</x5><x6>32.6</x6><x7>0.5</x7></dataPoint>
        <dataPoint><x1>1.10</x1><x2>0.111191</x2><x3>0.166787</x3><x4>0.570397</x4><x5>0.151625</x5><x6>33.3</x6><x7>0.5</x7></dataPoint>
        <dataPoint><x1>1.15</x1><x2>0.114795</x2><x3>0.172193</x3><x4>0.563280</x4><x5>0.149733</x5><x6>33.5</x6><x7>0.5</x7></dataPoint>
        <dataPoint><x1>1.20</x1><x2>0.118310</x2><x3>0.177465</x3><x4>0.556338</x4><x5>0.147887</x5><x6>33.3</x6><x7>0.5</x7></dataPoint>
        <dataPoint><x1>1.25</x1><x2>0.121739</x2><x3>0.182609</x3><x4>0.549565</x4><x5>0.146087</x5><x6>32.7</x6><x7>0.5</x7></dataPoint>
        <dataPoint><x1>1.30</x1><x2>0.125086</x2><x3>0.187629</x3><x4>0.542955</x4><x5>0.144330</x5><x6>31.9</x6><x7>0.5</x7></dataPoint>
        <dataPoint><x1>1.35</x1><x2>0.128353</x2><x3>0.192530</x3><x4>0.536503</x4><x5>0.142615</x5><x6>30.6</x6><x7>0.5</x7></dataPoint>
        <dataPoint><x1>1.40</x1><x2>0.131544</x2><x3>0.197315</x3><x4>0.530201</x4><x5>0.140940</x5><x6>28.9</x6><x7>0.5</x7></dataPoint>
        <dataPoint><x1>1.45</x1><x2>0.134660</x2><x3>0.201990</x3><x4>0.524046</x4><x5>0.139304</x5><x6>26.8</x6><x7>0.5</x7></dataPoint>
        <dataPoint><x1>1.50</x1><x2>0.137705</x2><x3>0.206557</x3><x4>0.518033</x4><x5>0.137705</x5><x6>24.9</x6><x7>0.5</x7></dataPoint>
        <dataPoint><x1>1.55</x1><x2>0.140681</x2><x3>0.211021</x3><x4>0.512156</x4><x5>0.136143</x5><x6>22.8</x6><x7>0.4</x7></dataPoint>
        <dataPoint><x1>1.60</x1><x2>0.143590</x2><x3>0.215385</x3><x4>0.506410</x4><x5>0.134615</x5><x6>20.5</x6><x7>0.5</x7></dataPoint>
    </dataGroup>
    <comment>The reported data are from Supp. Mat.</comment>
</experiment>
