<experiment>
    <fileAuthor>Andras Gy. Szanthoffer, Chemical Kinetics Laboratory, Institute of Chemistry, ELTE, Budapest, Hungary</fileAuthor>
    <fileDOI>10.24388/x20101011</fileDOI>
    <fileVersion>
        <major>2</major>
        <minor>0</minor>
    </fileVersion>
    <ReSpecThVersion>
        <major>2</major>
        <minor>4</minor>
    </ReSpecThVersion>
    <firstPublicationDate>2023-03-13</firstPublicationDate>
    <lastModificationDate>2023-03-13</lastModificationDate>
    <bibliographyLink>
        <description>X. Han, Z. Wang, Y. He, Y. Zhu, K. Cen, Combustion and Flame 213 (2020), 1-13</description>
        <referenceDOI>10.1016/j.combustflame.2019.11.032</referenceDOI>
        <location>Main Article (figure); Supp. Mat. (data source)</location>
        <figure>Fig. 4, X_SYN_B = 0.4.</figure>
        <details>
            <author>Xinlu Han and Zhihua Wang and Yong He and Yanqun Zhu and Kefa Cen</author>
            <journal>Combustion and Flame</journal>
            <pages>1-13</pages>
            <title>Experimental and kinetic modeling study of laminar burning velocities of NH3/syngas/air premixed flames</title>
            <volume>213</volume>
            <year>2020</year>
        </details>
    </bibliographyLink>
    <experimentType>laminar burning velocity measurement</experimentType>
    <apparatus>
        <kind>heat flux burner</kind>
        <mode>premixed</mode>
    </apparatus>
    <commonProperties>
        <property name="pressure"                      label="p"  sourcetype="reported"   units="atm"  ><value>1</value></property>
        <property name="temperature"                   label="T"  sourcetype="reported"   units="K"    ><value>298</value></property>
        <property name="evaluated standard deviation"  sourcetype="estimated"  units="cm/s"  reference="laminar burning velocity"  kind="absolute"  method="combined from scatter and reported uncertainty" ><value>0.5</value></property>
    </commonProperties>
    <dataGroup id="dg1">
        <property name="composition"               id="x1"   label="X_NH3"  sourcetype="reported"  units="mole fraction" >
            <speciesLink preferredKey="NH3"  CAS="7664-41-7"  InChI="1S/H3N/h1H3"  SMILES="N"          chemName="ammonia"         />
        </property>
        <property name="composition"               id="x2"   label="X_H2"   sourcetype="reported"  units="mole fraction" >
            <speciesLink preferredKey="H2"   CAS="1333-74-0"  InChI="1S/H2/h1H"    SMILES="[HH]"       chemName="hydrogen"        />
        </property>
        <property name="composition"               id="x3"   label="X_CO"   sourcetype="reported"  units="mole fraction" >
            <speciesLink preferredKey="CO"   CAS="630-08-0"   InChI="1S/CO/c1-2"   SMILES="[C-]#[O+]"  chemName="carbon monoxide" />
        </property>
        <property name="composition"               id="x4"   label="X_N2"   sourcetype="reported"  units="mole fraction" >
            <speciesLink preferredKey="N2"   CAS="7727-37-9"  InChI="1S/N2/c1-2"   SMILES="N#N"        chemName="nitrogen"        />
        </property>
        <property name="composition"               id="x5"   label="X_O2"   sourcetype="reported"  units="mole fraction" >
            <speciesLink preferredKey="O2"   CAS="7782-44-7"  InChI="1S/O2/c1-2"   SMILES="O=O"        chemName="oxygen"          />
        </property>
        <property name="laminar burning velocity"  id="x6"   label="Sl"     sourcetype="reported"  units="cm/s"          />
        <property name="uncertainty"               id="x7"   label="d_Sl"   sourcetype="reported"  units="cm/s"           reference="laminar burning velocity"  kind="absolute"  bound="plusminus" />
        <property name="equivalence ratio"         id="x8"   label="phi"    sourcetype="reported"  units="unitless"      />

        <dataPoint><x1>0.110665</x1><x2>0.036888</x2><x3>0.036888</x3><x4>0.644291</x4><x5>0.171267</x5><x6>11.0</x6><x7>0.5</x7><x8>0.70</x8></dataPoint>
        <dataPoint><x1>0.117028</x1><x2>0.039009</x2><x3>0.039009</x3><x4>0.635913</x4><x5>0.169040</x5><x6>13.2</x6><x7>0.5</x7><x8>0.75</x8></dataPoint>
        <dataPoint><x1>0.123227</x1><x2>0.041076</x2><x3>0.041076</x3><x4>0.627751</x4><x5>0.166870</x5><x6>15.1</x6><x7>0.5</x7><x8>0.80</x8></dataPoint>
        <dataPoint><x1>0.129270</x1><x2>0.043090</x2><x3>0.043090</x3><x4>0.619795</x4><x5>0.164756</x5><x6>17.2</x6><x7>0.5</x7><x8>0.85</x8></dataPoint>
        <dataPoint><x1>0.135161</x1><x2>0.045054</x2><x3>0.045054</x3><x4>0.612038</x4><x5>0.162694</x5><x6>19.0</x6><x7>0.5</x7><x8>0.90</x8></dataPoint>
        <dataPoint><x1>0.140906</x1><x2>0.046969</x2><x3>0.046969</x3><x4>0.604473</x4><x5>0.160683</x5><x6>20.5</x6><x7>0.5</x7><x8>0.95</x8></dataPoint>
        <dataPoint><x1>0.146512</x1><x2>0.048837</x2><x3>0.048837</x3><x4>0.597093</x4><x5>0.158721</x5><x6>21.7</x6><x7>0.5</x7><x8>1.00</x8></dataPoint>
        <dataPoint><x1>0.151982</x1><x2>0.050661</x2><x3>0.050661</x3><x4>0.589891</x4><x5>0.156806</x5><x6>22.3</x6><x7>0.4</x7><x8>1.05</x8></dataPoint>
        <dataPoint><x1>0.157321</x1><x2>0.052440</x2><x3>0.052440</x3><x4>0.582860</x4><x5>0.154938</x5><x6>22.4</x6><x7>0.5</x7><x8>1.10</x8></dataPoint>
        <dataPoint><x1>0.162535</x1><x2>0.054178</x2><x3>0.054178</x3><x4>0.575996</x4><x5>0.153113</x5><x6>21.9</x6><x7>0.5</x7><x8>1.15</x8></dataPoint>
        <dataPoint><x1>0.167627</x1><x2>0.055876</x2><x3>0.055876</x3><x4>0.569291</x4><x5>0.151330</x5><x6>20.6</x6><x7>0.5</x7><x8>1.20</x8></dataPoint>
        <dataPoint><x1>0.172603</x1><x2>0.057534</x2><x3>0.057534</x3><x4>0.562740</x4><x5>0.149589</x5><x6>19.3</x6><x7>0.5</x7><x8>1.25</x8></dataPoint>
        <dataPoint><x1>0.177465</x1><x2>0.059155</x2><x3>0.059155</x3><x4>0.556338</x4><x5>0.147887</x5><x6>17.8</x6><x7>0.4</x7><x8>1.30</x8></dataPoint>
        <dataPoint><x1>0.182217</x1><x2>0.060739</x2><x3>0.060739</x3><x4>0.550080</x4><x5>0.146224</x5><x6>16.1</x6><x7>0.5</x7><x8>1.35</x8></dataPoint>
        <dataPoint><x1>0.186864</x1><x2>0.062288</x2><x3>0.062288</x3><x4>0.543962</x4><x5>0.144597</x5><x6>14.8</x6><x7>0.4</x7><x8>1.40</x8></dataPoint>
        <dataPoint><x1>0.191409</x1><x2>0.063803</x2><x3>0.063803</x3><x4>0.537978</x4><x5>0.143007</x5><x6>13.7</x6><x7>0.4</x7><x8>1.45</x8></dataPoint>
        <dataPoint><x1>0.195855</x1><x2>0.065285</x2><x3>0.065285</x3><x4>0.532124</x4><x5>0.141451</x5><x6>12.6</x6><x7>0.4</x7><x8>1.50</x8></dataPoint>
        <dataPoint><x1>0.200205</x1><x2>0.066735</x2><x3>0.066735</x3><x4>0.526397</x4><x5>0.139928</x5><x6>11.7</x6><x7>0.6</x7><x8>1.55</x8></dataPoint>
        <dataPoint><x1>0.204462</x1><x2>0.068154</x2><x3>0.068154</x3><x4>0.520791</x4><x5>0.138438</x5><x6>10.6</x6><x7>0.5</x7><x8>1.60</x8></dataPoint>
    </dataGroup>
    <comment>The reported data are from Supp. Mat.: SYN_B, X_SYN_B = 0.4</comment>
</experiment>
