<experiment>
    <fileAuthor>Andras Gy. Szanthoffer, Chemical Kinetics Laboratory, Institute of Chemistry, ELTE, Budapest, Hungary</fileAuthor>
    <fileDOI>10.24388/x20101000</fileDOI>
    <fileVersion>
        <major>2</major>
        <minor>0</minor>
    </fileVersion>
    <ReSpecThVersion>
        <major>2</major>
        <minor>4</minor>
    </ReSpecThVersion>
    <firstPublicationDate>2023-03-13</firstPublicationDate>
    <lastModificationDate>2023-03-13</lastModificationDate>
    <bibliographyLink>
        <description>X. Han, Z. Wang, M. Costa, Z. Sun, Y. He, K. Cen, Combustion and Flame 206 (2019), 214-226</description>
        <referenceDOI>10.1016/j.combustflame.2019.05.003</referenceDOI>
        <location>Main Article (figure) and Supp. Mat. (data source)</location>
        <figure>Fig. 7.</figure>
        <details>
            <author>Xinlu Han and Zhihua Wang and Mário Costa and Zhiwei Sun and Yong He and Kefa Cen</author>
            <journal>Combustion and Flame</journal>
            <pages>214-226</pages>
            <title>Experimental and kinetic modeling study of laminar burning velocities of NH3/air, NH3/H2/air, NH3/CO/air and NH3/CH4/air premixed flames</title>
            <volume>206</volume>
            <year>2019</year>
        </details>
    </bibliographyLink>
    <experimentType>laminar burning velocity measurement</experimentType>
    <apparatus>
        <kind>heat flux burner</kind>
        <mode>premixed</mode>
    </apparatus>
    <commonProperties>
        <property name="pressure"                      label="p"  sourcetype="reported"   units="atm"  ><value>1</value></property>
        <property name="temperature"                   label="T"  sourcetype="reported"   units="K"    ><value>298</value></property>
        <property name="evaluated standard deviation"  sourcetype="estimated"  units="cm/s"  reference="laminar burning velocity"  kind="absolute"  method="combined from scatter and reported uncertainty" ><value>0.5</value></property>
    </commonProperties>
    <dataGroup id="dg1">
        <property name="composition"               id="x1"   label="X_NH3"  sourcetype="reported"  units="mole fraction" >
            <speciesLink preferredKey="NH3"  CAS="7664-41-7"  InChI="1S/H3N/h1H3"  SMILES="N"          chemName="ammonia"         />
        </property>
        <property name="composition"               id="x2"   label="X_CO"   sourcetype="reported"  units="mole fraction" >
            <speciesLink preferredKey="CO"   CAS="630-08-0"   InChI="1S/CO/c1-2"   SMILES="[C-]#[O+]"  chemName="carbon monoxide" />
        </property>
        <property name="composition"               id="x3"   label="X_N2"   sourcetype="reported"  units="mole fraction" >
            <speciesLink preferredKey="N2"   CAS="7727-37-9"  InChI="1S/N2/c1-2"   SMILES="N#N"        chemName="nitrogen"        />
        </property>
        <property name="composition"               id="x4"   label="X_O2"   sourcetype="reported"  units="mole fraction" >
            <speciesLink preferredKey="O2"   CAS="7782-44-7"  InChI="1S/O2/c1-2"   SMILES="O=O"        chemName="oxygen"          />
        </property>
        <property name="laminar burning velocity"  id="x5"   label="Sl"     sourcetype="reported"  units="cm/s"          />
        <property name="uncertainty"               id="x6"   label="d_Sl"   sourcetype="reported"  units="cm/s"           reference="laminar burning velocity"  kind="absolute"  bound="plusminus" />

        <dataPoint><x1>0.218750</x1><x2>0.000000</x2><x3>0.617188</x3><x4>0.164063</x4><x5>6.1</x5><x6>0.6</x6></dataPoint>
        <dataPoint><x1>0.214679</x1><x2>0.005505</x2><x3>0.616055</x3><x4>0.163762</x4><x5>7.0</x5><x6>0.7</x6></dataPoint>
        <dataPoint><x1>0.210554</x1><x2>0.011082</x2><x3>0.614908</x3><x4>0.163457</x4><x5>7.4</x5><x6>0.7</x6></dataPoint>
        <dataPoint><x1>0.206375</x1><x2>0.016733</x2><x3>0.613745</x3><x4>0.163147</x4><x5>7.8</x5><x6>0.7</x6></dataPoint>
        <dataPoint><x1>0.202139</x1><x2>0.022460</x2><x3>0.612567</x3><x4>0.162834</x4><x5>8.5</x5><x6>0.7</x6></dataPoint>
        <dataPoint><x1>0.197847</x1><x2>0.028264</x2><x3>0.611373</x3><x4>0.162517</x4><x5>9.2</x5><x6>0.6</x6></dataPoint>
        <dataPoint><x1>0.193496</x1><x2>0.034146</x2><x3>0.610163</x3><x4>0.162195</x4><x5>9.7</x5><x6>0.6</x6></dataPoint>
        <dataPoint><x1>0.189086</x1><x2>0.040109</x2><x3>0.608936</x3><x4>0.161869</x4><x5>10.5</x5><x6>0.5</x6></dataPoint>
        <dataPoint><x1>0.184615</x1><x2>0.046154</x2><x3>0.607692</x3><x4>0.161539</x4><x5>11.2</x5><x6>0.5</x6></dataPoint>
        <dataPoint><x1>0.180083</x1><x2>0.052282</x2><x3>0.606432</x3><x4>0.161203</x4><x5>12.1</x5><x6>0.5</x6></dataPoint>
        <dataPoint><x1>0.175488</x1><x2>0.058496</x2><x3>0.605153</x3><x4>0.160864</x4><x5>12.9</x5><x6>0.5</x6></dataPoint>
        <dataPoint><x1>0.170828</x1><x2>0.064797</x2><x3>0.603857</x3><x4>0.160519</x4><x5>13.8</x5><x6>0.5</x6></dataPoint>
        <dataPoint><x1>0.166102</x1><x2>0.071186</x2><x3>0.602542</x3><x4>0.160170</x4><x5>14.8</x5><x6>0.5</x6></dataPoint>
        <dataPoint><x1>0.161309</x1><x2>0.077667</x2><x3>0.601209</x3><x4>0.159815</x4><x5>15.9</x5><x6>0.5</x6></dataPoint>
        <dataPoint><x1>0.156447</x1><x2>0.084241</x2><x3>0.599857</x3><x4>0.159456</x4><x5>17.0</x5><x6>0.5</x6></dataPoint>
        <dataPoint><x1>0.151515</x1><x2>0.090909</x2><x3>0.598485</x3><x4>0.159091</x4><x5>18.2</x5><x6>0.4</x6></dataPoint>
        <dataPoint><x1>0.146512</x1><x2>0.097674</x2><x3>0.597093</x3><x4>0.158721</x4><x5>19.4</x5><x6>0.4</x6></dataPoint>
        <dataPoint><x1>0.141435</x1><x2>0.104539</x2><x3>0.595681</x3><x4>0.158346</x4><x5>20.8</x5><x6>0.5</x6></dataPoint>
        <dataPoint><x1>0.136283</x1><x2>0.111504</x2><x3>0.594248</x3><x4>0.157965</x4><x5>22.2</x5><x6>0.5</x6></dataPoint>
        <dataPoint><x1>0.131055</x1><x2>0.118574</x2><x3>0.592794</x3><x4>0.157578</x4><x5>23.6</x5><x6>0.5</x6></dataPoint>
        <dataPoint><x1>0.125749</x1><x2>0.125749</x2><x3>0.591317</x3><x4>0.157186</x4><x5>25.2</x5><x6>0.5</x6></dataPoint>
        <dataPoint><x1>0.120362</x1><x2>0.133032</x2><x3>0.589819</x3><x4>0.156787</x4><x5>26.8</x5><x6>0.5</x6></dataPoint>
        <dataPoint><x1>0.114894</x1><x2>0.140426</x2><x3>0.588298</x3><x4>0.156383</x4><x5>28.4</x5><x6>0.5</x6></dataPoint>
        <dataPoint><x1>0.109342</x1><x2>0.147933</x2><x3>0.586753</x3><x4>0.155972</x4><x5>30.0</x5><x6>0.5</x6></dataPoint>
        <dataPoint><x1>0.103704</x1><x2>0.155556</x2><x3>0.585185</x3><x4>0.155556</x4><x5>31.6</x5><x6>0.5</x6></dataPoint>
        <dataPoint><x1>0.097978</x1><x2>0.163297</x2><x3>0.583593</x3><x4>0.155132</x4><x5>33.3</x5><x6>0.5</x6></dataPoint>
        <dataPoint><x1>0.092163</x1><x2>0.171160</x2><x3>0.581975</x3><x4>0.154702</x4><x5>34.9</x5><x6>0.5</x6></dataPoint>
        <dataPoint><x1>0.086256</x1><x2>0.179147</x2><x3>0.580332</x3><x4>0.154265</x4><x5>36.4</x5><x6>0.5</x6></dataPoint>
        <dataPoint><x1>0.080255</x1><x2>0.187261</x2><x3>0.578662</x3><x4>0.153822</x4><x5>37.8</x5><x6>0.5</x6></dataPoint>
        <dataPoint><x1>0.074157</x1><x2>0.195506</x2><x3>0.576966</x3><x4>0.153371</x4><x5>39.1</x5><x6>0.5</x6></dataPoint>
        <dataPoint><x1>0.067961</x1><x2>0.203884</x2><x3>0.575243</x3><x4>0.152913</x4><x5>40.1</x5><x6>0.5</x6></dataPoint>
        <dataPoint><x1>0.061664</x1><x2>0.212398</x2><x3>0.573491</x3><x4>0.152447</x4><x5>41.0</x5><x6>0.5</x6></dataPoint>
        <dataPoint><x1>0.055263</x1><x2>0.221053</x2><x3>0.571711</x3><x4>0.151974</x4><x5>41.7</x5><x6>0.5</x6></dataPoint>
        <dataPoint><x1>0.048756</x1><x2>0.229851</x2><x3>0.569901</x3><x4>0.151493</x4><x5>42.2</x5><x6>0.5</x6></dataPoint>
        <dataPoint><x1>0.042140</x1><x2>0.238796</x2><x3>0.568060</x3><x4>0.151003</x4><x5>42.4</x5><x6>0.5</x6></dataPoint>
        <dataPoint><x1>0.035413</x1><x2>0.247892</x2><x3>0.566189</x3><x4>0.150506</x4><x5>42.2</x5><x6>0.5</x6></dataPoint>
        <dataPoint><x1>0.028571</x1><x2>0.257143</x2><x3>0.564286</x3><x4>0.150000</x4><x5>41.7</x5><x6>0.4</x6></dataPoint>
        <dataPoint><x1>0.025802</x1><x2>0.260887</x2><x3>0.563515</x3><x4>0.149795</x4><x5>41.1</x5><x6>0.5</x6></dataPoint>
        <dataPoint><x1>0.023014</x1><x2>0.264658</x2><x3>0.562740</x3><x4>0.149589</x4><x5>40.6</x5><x6>0.5</x6></dataPoint>
        <dataPoint><x1>0.020206</x1><x2>0.268454</x2><x3>0.561959</x3><x4>0.149381</x4><x5>40.1</x5><x6>0.5</x6></dataPoint>
        <dataPoint><x1>0.017379</x1><x2>0.272276</x2><x3>0.561172</x3><x4>0.149172</x4><x5>39.0</x5><x6>0.4</x6></dataPoint>
        <dataPoint><x1>0.014533</x1><x2>0.276125</x2><x3>0.560381</x3><x4>0.148962</x4><x5>37.9</x5><x6>0.4</x6></dataPoint>
        <dataPoint><x1>0.011667</x1><x2>0.280000</x2><x3>0.559583</x3><x4>0.148750</x4><x5>36.2</x5><x6>0.5</x6></dataPoint>
        <dataPoint><x1>0.008780</x1><x2>0.283902</x2><x3>0.558781</x3><x4>0.148537</x4><x5>34.1</x5><x6>0.5</x6></dataPoint>
    </dataGroup>
    <comment>The reported data are from Supp. Mat.</comment>
</experiment>
