<experiment>
    <fileAuthor>András Szanthoffer, Chemical Kinetics Laboratory, Institute of Chemistry, ELTE, Budapest, Hungary</fileAuthor>
    <fileDOI>10.24388/x20100012</fileDOI>
    <fileVersion>
        <major>2</major>
        <minor>0</minor>
    </fileVersion>
    <ReSpecThVersion>
        <major>2</major>
        <minor>4</minor>
    </ReSpecThVersion>
    <firstPublicationDate>2023-08-03</firstPublicationDate>
    <lastModificationDate>2023-08-03</lastModificationDate>
    <bibliographyLink>
        <description>A. Ichikawa, A. Hayakawa, Y. Kitagawa, A.S.K.D. Kunkuma, T. Kudo, H. Kobayashi, International Journal of Hydrogen Energy 40 (2015), 9570–9578</description>
        <referenceDOI>10.1016/j.ijhydene.2015.04.024</referenceDOI>
        <location>Main article</location>
        <table>Table 1 (Pi = 0.1 MPa) - inlet mixture composition</table>
        <figure>Fig. 5.</figure>
        <details>
            <author>Ichikawa, Akinori and Hayakawa, Akihiro and Kitagawa, Yuichi and Kunkuma Amila Somarathne, K.D. and Kudo, Taku and Kobayashi, Hideaki</author>
            <journal>International Journal of Hydrogen Energy</journal>
            <number>30</number>
            <pages>9570–9578</pages>
            <title>Laminar burning velocity and Markstein length of ammonia/hydrogen/air premixed flames at elevated pressures</title>
            <type>Journal Article</type>
            <volume>40</volume>
            <year>2015</year>
        </details>
    </bibliographyLink>
    <experimentType>laminar burning velocity measurement</experimentType>
    <apparatus>
        <kind>outwardly propagating spherical flame</kind>
        <mode>constant volume combustion chamber</mode>
        <mode>premixed</mode>
        <mode>laminar</mode>
        <mode>unstretched</mode>
        <mode>extrapolation method to zero stretch: LS</mode>
    </apparatus>
    <commonProperties>
        <property name="equivalence ratio"  label="phi"  sourcetype="reported"  units="unitless" ><value>1.0</value></property>
        <property name="temperature"        label="T"    sourcetype="reported"  units="K"        ><value>298</value></property>
        <property name="pressure"           label="p"    sourcetype="reported"  units="MPa"      ><value>0.1</value></property>
    </commonProperties>
    <dataGroup id="dg1">
        <property name="composition"                   id="x1"   label="x_H2"   sourcetype="estimated"  units="mole fraction" >
            <speciesLink preferredKey="H2"   CAS="1333-74-0"  InChI="1S/H2/h1H"    SMILES="[HH]"  chemName="hydrogen" />
        </property>
        <property name="composition"                   id="x2"   label="x_NH3"  sourcetype="estimated"  units="mole fraction" >
            <speciesLink preferredKey="NH3"  CAS="7664-41-7"  InChI="1S/H3N/h1H3"  SMILES="N"     chemName="ammonia"  />
        </property>
        <property name="composition"                   id="x3"   label="x_O2"   sourcetype="estimated"  units="mole fraction" >
            <speciesLink preferredKey="O2"   CAS="7782-44-7"  InChI="1S/O2/c1-2"   SMILES="O=O"   chemName="oxygen"   />
        </property>
        <property name="composition"                   id="x4"   label="x_N2"   sourcetype="estimated"  units="mole fraction" >
            <speciesLink preferredKey="N2"   CAS="7727-37-9"  InChI="1S/N2/c1-2"   SMILES="N#N"   chemName="nitrogen" />
        </property>
        <property name="laminar burning velocity"      id="x5"   label="Sl"     sourcetype="digitized"  units="cm/s"          />
        <property name="uncertainty"                   id="x6"   label="d_Sl"   sourcetype="digitized"  units="cm/s"           reference="laminar burning velocity"  kind="absolute"  bound="plusminus" />
        <property name="evaluated standard deviation"  id="x7"   sourcetype="estimated"  units="cm/s"           reference="laminar burning velocity"  kind="absolute"  method="combined from scatter and reported uncertainty" />

        <dataPoint><x1>0.000000</x1><x2>0.218750</x2><x3>0.164063</x3><x4>0.617188</x4><x5>6.9</x5><x6>0.73</x6><x7>0.696</x7></dataPoint>
        <dataPoint><x1>0.011082</x1><x2>0.210554</x2><x3>0.163456</x3><x4>0.614908</x4><x5>9.6</x5><x6>0.92</x6><x7>0.942</x7></dataPoint>
        <dataPoint><x1>0.022460</x1><x2>0.202139</x2><x3>0.162834</x3><x4>0.612567</x4><x5>11.4</x5><x6>1.34</x6><x7>1.184</x7></dataPoint>
        <dataPoint><x1>0.034146</x1><x2>0.193496</x2><x3>0.162195</x3><x4>0.610163</x4><x5>11.9</x5><x6>0.28</x6><x7>1.030</x7></dataPoint>
        <dataPoint><x1>0.046154</x1><x2>0.184615</x2><x3>0.161538</x3><x4>0.607692</x4><x5>13.8</x5><x6>0.92</x6><x7>1.269</x7></dataPoint>
        <dataPoint><x1>0.097674</x1><x2>0.146512</x2><x3>0.158721</x3><x4>0.597093</x4><x5>31.5</x5><x6>1.35</x6><x7>2.784</x7></dataPoint>
        <dataPoint><x1>0.155556</x1><x2>0.103704</x2><x3>0.155556</x3><x4>0.585185</x4><x5>63.7</x5><x6>2.09</x6><x7>5.560</x7></dataPoint>
        <dataPoint><x1>0.221053</x1><x2>0.055263</x2><x3>0.151974</x3><x4>0.571711</x4><x5>125.6</x5><x6>2.98</x6><x7>10.869</x7></dataPoint>
        <dataPoint><x1>0.295775</x1><x2>0.000000</x2><x3>0.147887</x3><x4>0.556338</x4><x5>210.8</x5><x6>14.08</x6><x7>19.393</x7></dataPoint>
    </dataGroup>
    <comment>Air is assumed to be composed of 79% N2 and 21% O2, and phi = 0.75 * x_NH3 / x_O2 is assumed.</comment>
</experiment>
