<experiment>
    <fileAuthor>Andras Gy. Szanthoffer, Chemical Kinetics Laboratory, Institute of Chemistry, ELTE, Budapest, Hungary</fileAuthor>
    <fileDOI>10.24388/x20101046</fileDOI>
    <fileVersion>
        <major>2</major>
        <minor>0</minor>
    </fileVersion>
    <ReSpecThVersion>
        <major>2</major>
        <minor>4</minor>
    </ReSpecThVersion>
    <firstPublicationDate>2023-03-13</firstPublicationDate>
    <lastModificationDate>2023-03-13</lastModificationDate>
    <bibliographyLink>
        <description>S. Zhou, W. Yang, H. Tan, Q. An, J. Wang, H. Dai, X. Wang, X. Wang, S. Deng, Combustion and Flame 233 (2021), 111594</description>
        <referenceDOI>10.1016/j.combustflame.2021.111594</referenceDOI>
        <location>Main article</location>
        <table>Table 1</table>
        <figure>Fig. 2. (alpha = 0.5, beta = 0.1), T = 298 K</figure>
        <details>
            <author>Shangkun Zhou and Wenjun Yang and Houzhang Tan and Qiwei An and Jinhua Wang and Hongchao Dai and Xiaoxiao Wang and Xuebin Wang and Shuanghui Deng</author>
            <journal>Combustion and Flame</journal>
            <pages>111594</pages>
            <title>Experimental and kinetic modeling study on NH3/syngas/air and NH3/bio-syngas/air premixed laminar flames at elevated temperature</title>
            <volume>233</volume>
            <year>2021</year>
        </details>
    </bibliographyLink>
    <experimentType>laminar burning velocity measurement</experimentType>
    <apparatus>
        <kind>outwardly propagating spherical flame</kind>
        <mode>premixed</mode>
    </apparatus>
    <commonProperties>
        <property name="pressure"  label="p"  sourcetype="reported"  units="atm" ><value>1</value></property>
    </commonProperties>
    <dataGroup id="dg1">
        <property name="equivalence ratio"             id="x1"   label="phi"    sourcetype="reported"    units="unitless"      />
        <property name="temperature"                   id="x2"   label="T"      sourcetype="reported"    units="K"             />
        <property name="composition"                   id="x3"   label="x_H2"   sourcetype="calculated"  units="mole fraction" >
            <speciesLink preferredKey="H2"   CAS="1333-74-0"  InChI="1S/H2/h1H"    SMILES="[HH]"       chemName="hydrogen"        />
        </property>
        <property name="composition"                   id="x4"   label="x_CO"   sourcetype="calculated"  units="mole fraction" >
            <speciesLink preferredKey="CO"   CAS="630-08-0"   InChI="1S/CO/c1-2"   SMILES="[C-]#[O+]"  chemName="carbon monoxide" />
        </property>
        <property name="composition"                   id="x5"   label="x_NH3"  sourcetype="calculated"  units="mole fraction" >
            <speciesLink preferredKey="NH3"  CAS="7664-41-7"  InChI="1S/H3N/h1H3"  SMILES="N"          chemName="ammonia"         />
        </property>
        <property name="composition"                   id="x6"   label="x_O2"   sourcetype="calculated"  units="mole fraction" >
            <speciesLink preferredKey="O2"   CAS="7782-44-7"  InChI="1S/O2/c1-2"   SMILES="O=O"        chemName="oxygen"          />
        </property>
        <property name="composition"                   id="x7"   label="x_N2"   sourcetype="calculated"  units="mole fraction" >
            <speciesLink preferredKey="N2"   CAS="7727-37-9"  InChI="1S/N2/c1-2"   SMILES="N#N"        chemName="nitrogen"        />
        </property>
        <property name="laminar burning velocity"      id="x8"   label="Sl"     sourcetype="reported"    units="cm/s"          />
        <property name="uncertainty"                   id="x9"   label="d_Sl"   sourcetype="reported"    units="cm/s"           reference="laminar burning velocity"  kind="absolute"  bound="plusminus" />
        <property name="evaluated standard deviation"  id="x10"  sourcetype="estimated"   units="cm/s"           reference="laminar burning velocity"  kind="absolute"  method="combined from scatter and reported uncertainty" />

        <dataPoint><x1>0.7001</x1><x2>298.20</x2><x3>0.009521</x3><x4>0.085693</x4><x5>0.095214</x5><x6>0.170010</x6><x7>0.639562</x7><x8>13.488</x8><x9>1.688</x9><x10>0.8567</x10></dataPoint>
        <dataPoint><x1>0.8068</x1><x2>297.95</x2><x3>0.010664</x3><x4>0.095974</x4><x5>0.106638</x5><x6>0.165212</x6><x7>0.621512</x7><x8>19.005</x8><x9>1.267</x9><x10>0.6665</x10></dataPoint>
        <dataPoint><x1>0.9088</x1><x2>298.15</x2><x3>0.011696</x3><x4>0.105268</x4><x5>0.116964</x5><x6>0.160875</x6><x7>0.605197</x7><x8>23.158</x8><x9>1.785</x9><x10>0.9275</x10></dataPoint>
        <dataPoint><x1>1.0096</x1><x2>298.15</x2><x3>0.012665</x3><x4>0.113985</x4><x5>0.126650</x5><x6>0.156807</x6><x7>0.589892</x7><x8>26.409</x8><x9>0.733</x9><x10>0.4662</x10></dataPoint>
        <dataPoint><x1>1.1101</x1><x2>298.00</x2><x3>0.013583</x3><x4>0.122246</x4><x5>0.135829</x5><x6>0.152952</x6><x7>0.575391</x7><x8>26.884</x8><x9>1.988</x9><x10>1.0366</x10></dataPoint>
        <dataPoint><x1>1.2108</x1><x2>298.00</x2><x3>0.014459</x3><x4>0.130134</x4><x5>0.144593</x5><x6>0.149271</x6><x7>0.561543</x7><x8>26.742</x8><x9>1.023</x9><x10>0.5888</x10></dataPoint>
        <dataPoint><x1>1.3142</x1><x2>298.10</x2><x3>0.015315</x3><x4>0.137838</x4><x5>0.153153</x5><x6>0.145676</x6><x7>0.548018</x7><x8>24.161</x8><x9>1.027</x9><x10>0.5773</x10></dataPoint>
        <dataPoint><x1>1.4149</x1><x2>298.10</x2><x3>0.016111</x3><x4>0.145001</x4><x5>0.161113</x5><x6>0.142333</x6><x7>0.535442</x7><x8>20.285</x8><x9>1.125</x9><x10>0.6046</x10></dataPoint>
    </dataGroup>
    <comment>The numerical phi-T-Sl-d_Sl data were obtained through personal communication with the corresponding author.</comment>
    <comment>phi = (0.5 * (x_H2 + x_CO) + 0.75 * x_NH3) / x_O2 was assumed, and air was assumed to be composed of 21% O2 and 79% N2.</comment>
</experiment>
