<experiment>
    <fileAuthor>András Szanthoffer, Chemical Kinetics Laboratory, Institute of Chemistry, ELTE, Budapest, Hungary</fileAuthor>
    <fileDOI>10.24388/x20100076</fileDOI>
    <fileVersion>
        <major>2</major>
        <minor>0</minor>
    </fileVersion>
    <ReSpecThVersion>
        <major>2</major>
        <minor>4</minor>
    </ReSpecThVersion>
    <firstPublicationDate>2023-08-03</firstPublicationDate>
    <lastModificationDate>2023-08-03</lastModificationDate>
    <bibliographyLink>
        <description>B. Mei, J. Zhang, X. Shi, Z. Xi, Y. Li, Combustion and Flame 231 (2021), 111472</description>
        <referenceDOI>10.1016/j.combustflame.2021.111472</referenceDOI>
        <location>Main article and Supp. Mat.</location>
        <table>Supp. Mat., SSM#2-Experimental data, phi = 1.0, Pu = 1 atm</table>
        <figure>Fig. 5., black squares</figure>
        <details>
            <author>Mei, Bowen and Zhang, Jianguo and Shi, Xiaoxiang and Xi, Zhongya and Li, Yuyang</author>
            <journal>Combustion and Flame</journal>
            <pages>111472</pages>
            <title>Enhancement of ammonia combustion with partial fuel cracking strategy: Laminar flame propagation and kinetic modeling investigation of NH3/H2/N2/air mixtures up to 10 atm</title>
            <type>Journal Article</type>
            <volume>231</volume>
            <year>2021</year>
        </details>
    </bibliographyLink>
    <experimentType>laminar burning velocity measurement</experimentType>
    <apparatus>
        <kind>outwardly propagating spherical flame</kind>
        <mode>constant volume combustion chamber</mode>
        <mode>premixed</mode>
        <mode>laminar</mode>
        <mode>unstretched</mode>
        <mode>extrapolation method to zero stretch: NQ</mode>
    </apparatus>
    <commonProperties>
        <property name="temperature"        label="T"    sourcetype="reported"  units="K"        ><value>298</value></property>
        <property name="pressure"           label="p"    sourcetype="reported"  units="atm"      ><value>1</value></property>
        <property name="equivalence ratio"  label="phi"  sourcetype="reported"  units="unitless" ><value>1.0</value></property>
    </commonProperties>
    <dataGroup id="dg1">
        <property name="composition"                   id="x1"   label="x_NH3"  sourcetype="calculated"  units="mole fraction" >
            <speciesLink preferredKey="NH3"  CAS="7664-41-7"  InChI="1S/H3N/h1H3"  SMILES="N"     chemName="ammonia"  />
        </property>
        <property name="composition"                   id="x2"   label="x_H2"   sourcetype="calculated"  units="mole fraction" >
            <speciesLink preferredKey="H2"   CAS="1333-74-0"  InChI="1S/H2/h1H"    SMILES="[HH]"  chemName="hydrogen" />
        </property>
        <property name="composition"                   id="x3"   label="x_O2"   sourcetype="calculated"  units="mole fraction" >
            <speciesLink preferredKey="O2"   CAS="7782-44-7"  InChI="1S/O2/c1-2"   SMILES="O=O"   chemName="oxygen"   />
        </property>
        <property name="composition"                   id="x4"   label="x_N2"   sourcetype="calculated"  units="mole fraction" >
            <speciesLink preferredKey="N2"   CAS="7727-37-9"  InChI="1S/N2/c1-2"   SMILES="N#N"   chemName="nitrogen" />
        </property>
        <property name="laminar burning velocity"      id="x5"   label="Sl"     sourcetype="reported"    units="cm/s"          />
        <property name="uncertainty"                   id="x6"   label="d_Sl"   sourcetype="reported"    units="cm/s"           reference="laminar burning velocity"  kind="absolute"  bound="plusminus" />
        <property name="evaluated standard deviation"  id="x7"   sourcetype="estimated"   units="cm/s"           reference="laminar burning velocity"  kind="absolute"  method="combined from scatter and reported uncertainty" />

        <dataPoint><x1>0.192661</x1><x2>0.032110</x2><x3>0.160550</x3><x4>0.614679</x4><x5>9.43</x5><x6>0.83</x6><x7>0.609</x7></dataPoint>
        <dataPoint><x1>0.167665</x1><x2>0.062874</x2><x3>0.157186</x3><x4>0.612275</x4><x5>14.71</x5><x6>0.81</x6><x7>0.803</x7></dataPoint>
        <dataPoint><x1>0.143695</x1><x2>0.092375</x2><x3>0.153959</x3><x4>0.609971</x4><x5>24.20</x5><x6>0.90</x6><x7>1.227</x7></dataPoint>
        <dataPoint><x1>0.120690</x1><x2>0.120690</x2><x3>0.150862</x3><x4>0.607759</x4><x5>35.66</x5><x6>1.13</x6><x7>1.774</x7></dataPoint>
        <dataPoint><x1>0.098592</x1><x2>0.147887</x2><x3>0.147887</x3><x4>0.605634</x4><x5>56.60</x5><x6>2.67</x6><x7>2.983</x7></dataPoint>
        <dataPoint><x1>0.077348</x1><x2>0.174033</x2><x3>0.145028</x3><x4>0.603591</x4><x5>68.27</x5><x6>2.06</x6><x7>3.380</x7></dataPoint>
        <dataPoint><x1>0.056911</x1><x2>0.199187</x2><x3>0.142276</x3><x4>0.601626</x4><x5>90.06</x5><x6>2.48</x6><x7>4.423</x7></dataPoint>
        <dataPoint><x1>0.037234</x1><x2>0.223404</x2><x3>0.139628</x3><x4>0.599734</x4><x5>112.66</x5><x6>3.06</x6><x7>5.527</x7></dataPoint>
    </dataGroup>
    <comment>The composition of air was reported to be 79% N2 and 21% O2.</comment>
</experiment>
