<experiment>
    <fileAuthor>Andras Gy. Szanthoffer, Chemical Kinetics Laboratory, Institute of Chemistry, ELTE, Budapest, Hungary</fileAuthor>
    <fileDOI>10.24388/x20101005</fileDOI>
    <fileVersion>
        <major>2</major>
        <minor>0</minor>
    </fileVersion>
    <ReSpecThVersion>
        <major>2</major>
        <minor>4</minor>
    </ReSpecThVersion>
    <firstPublicationDate>2023-03-13</firstPublicationDate>
    <lastModificationDate>2023-03-13</lastModificationDate>
    <bibliographyLink>
        <description>X. Han, Z. Wang, Y. He, Y. Zhu, K. Cen, Combustion and Flame 213 (2020), 1-13</description>
        <referenceDOI>10.1016/j.combustflame.2019.11.032</referenceDOI>
        <location>Main Article (figure); Supp. Mat. (data source)</location>
        <figure>Fig. 1.</figure>
        <details>
            <author>Xinlu Han and Zhihua Wang and Yong He and Yanqun Zhu and Kefa Cen</author>
            <journal>Combustion and Flame</journal>
            <pages>1-13</pages>
            <title>Experimental and kinetic modeling study of laminar burning velocities of NH3/syngas/air premixed flames</title>
            <volume>213</volume>
            <year>2020</year>
        </details>
    </bibliographyLink>
    <experimentType>laminar burning velocity measurement</experimentType>
    <apparatus>
        <kind>heat flux burner</kind>
        <mode>premixed</mode>
    </apparatus>
    <commonProperties>
        <property name="pressure"     label="p"  sourcetype="reported"  units="atm" ><value>1</value></property>
        <property name="temperature"  label="T"  sourcetype="reported"  units="K"   ><value>298</value></property>
    </commonProperties>
    <dataGroup id="dg1">
        <property name="composition"                   id="x1"   label="X_NH3"  sourcetype="reported"   units="mole fraction" >
            <speciesLink preferredKey="NH3"  CAS="7664-41-7"  InChI="1S/H3N/h1H3"  SMILES="N"          chemName="ammonia"         />
        </property>
        <property name="composition"                   id="x2"   label="X_H2"   sourcetype="reported"   units="mole fraction" >
            <speciesLink preferredKey="H2"   CAS="1333-74-0"  InChI="1S/H2/h1H"    SMILES="[HH]"       chemName="hydrogen"        />
        </property>
        <property name="composition"                   id="x3"   label="X_CO"   sourcetype="reported"   units="mole fraction" >
            <speciesLink preferredKey="CO"   CAS="630-08-0"   InChI="1S/CO/c1-2"   SMILES="[C-]#[O+]"  chemName="carbon monoxide" />
        </property>
        <property name="composition"                   id="x4"   label="X_N2"   sourcetype="reported"   units="mole fraction" >
            <speciesLink preferredKey="N2"   CAS="7727-37-9"  InChI="1S/N2/c1-2"   SMILES="N#N"        chemName="nitrogen"        />
        </property>
        <property name="composition"                   id="x5"   label="X_O2"   sourcetype="reported"   units="mole fraction" >
            <speciesLink preferredKey="O2"   CAS="7782-44-7"  InChI="1S/O2/c1-2"   SMILES="O=O"        chemName="oxygen"          />
        </property>
        <property name="laminar burning velocity"      id="x6"   label="Sl"     sourcetype="reported"   units="cm/s"          />
        <property name="uncertainty"                   id="x7"   label="d_Sl"   sourcetype="reported"   units="cm/s"           reference="laminar burning velocity"  kind="absolute"  bound="plusminus" />
        <property name="evaluated standard deviation"  id="x8"   sourcetype="estimated"  units="cm/s"           reference="laminar burning velocity"  kind="absolute"  method="combined from scatter and reported uncertainty" />

        <dataPoint><x1>0.218750</x1><x2>0.000000</x2><x3>0.000000</x3><x4>0.617188</x4><x5>0.164062</x5><x6>6.1</x6><x7>0.6</x7><x8>0.5499</x8></dataPoint>
        <dataPoint><x1>0.214679</x1><x2>0.000275</x2><x3>0.005229</x3><x4>0.616055</x4><x5>0.163761</x5><x6>6.5</x6><x7>0.7</x7><x8>0.5787</x8></dataPoint>
        <dataPoint><x1>0.210554</x1><x2>0.000554</x2><x3>0.010528</x3><x4>0.614908</x4><x5>0.163456</x5><x6>7.3</x6><x7>0.6</x7><x8>0.5499</x8></dataPoint>
        <dataPoint><x1>0.206374</x1><x2>0.000837</x2><x3>0.015896</x3><x4>0.613745</x4><x5>0.163147</x5><x6>7.8</x6><x7>0.6</x7><x8>0.5499</x8></dataPoint>
        <dataPoint><x1>0.202139</x1><x2>0.001123</x2><x3>0.021337</x3><x4>0.612567</x4><x5>0.162834</x5><x6>8.4</x6><x7>0.5</x7><x8>0.5243</x8></dataPoint>
        <dataPoint><x1>0.197847</x1><x2>0.001413</x2><x3>0.026851</x3><x4>0.611373</x4><x5>0.162517</x5><x6>8.9</x6><x7>0.5</x7><x8>0.5243</x8></dataPoint>
        <dataPoint><x1>0.193496</x1><x2>0.001707</x2><x3>0.032439</x3><x4>0.610163</x4><x5>0.162195</x5><x6>9.4</x6><x7>0.5</x7><x8>0.5243</x8></dataPoint>
        <dataPoint><x1>0.189086</x1><x2>0.002005</x2><x3>0.038104</x3><x4>0.608936</x4><x5>0.161869</x5><x6>10.1</x6><x7>0.6</x7><x8>0.5499</x8></dataPoint>
        <dataPoint><x1>0.184615</x1><x2>0.002308</x2><x3>0.043846</x3><x4>0.607692</x4><x5>0.161538</x5><x6>10.8</x6><x7>0.5</x7><x8>0.5243</x8></dataPoint>
        <dataPoint><x1>0.180083</x1><x2>0.002614</x2><x3>0.049668</x3><x4>0.606432</x4><x5>0.161203</x5><x6>11.6</x6><x7>0.5</x7><x8>0.5243</x8></dataPoint>
        <dataPoint><x1>0.175487</x1><x2>0.002925</x2><x3>0.055571</x3><x4>0.605153</x4><x5>0.160863</x5><x6>12.4</x6><x7>0.5</x7><x8>0.5243</x8></dataPoint>
        <dataPoint><x1>0.170827</x1><x2>0.003240</x2><x3>0.061557</x3><x4>0.603857</x4><x5>0.160519</x5><x6>13.3</x6><x7>0.5</x7><x8>0.5243</x8></dataPoint>
        <dataPoint><x1>0.166102</x1><x2>0.003559</x2><x3>0.067627</x3><x4>0.602542</x4><x5>0.160169</x5><x6>14.2</x6><x7>0.5</x7><x8>0.5243</x8></dataPoint>
        <dataPoint><x1>0.161309</x1><x2>0.003883</x2><x3>0.073784</x3><x4>0.601209</x4><x5>0.159815</x5><x6>15.2</x6><x7>0.5</x7><x8>0.5243</x8></dataPoint>
        <dataPoint><x1>0.156447</x1><x2>0.004212</x2><x3>0.080029</x3><x4>0.599857</x4><x5>0.159456</x5><x6>16.2</x6><x7>0.5</x7><x8>0.5243</x8></dataPoint>
        <dataPoint><x1>0.151515</x1><x2>0.004545</x2><x3>0.086364</x3><x4>0.598485</x4><x5>0.159091</x5><x6>17.4</x6><x7>0.5</x7><x8>0.5243</x8></dataPoint>
        <dataPoint><x1>0.146512</x1><x2>0.004884</x2><x3>0.092791</x3><x4>0.597093</x4><x5>0.158721</x5><x6>18.8</x6><x7>0.5</x7><x8>0.5243</x8></dataPoint>
        <dataPoint><x1>0.141435</x1><x2>0.005227</x2><x3>0.099312</x3><x4>0.595681</x4><x5>0.158346</x5><x6>20.3</x6><x7>0.5</x7><x8>0.5243</x8></dataPoint>
        <dataPoint><x1>0.136283</x1><x2>0.005575</x2><x3>0.105929</x3><x4>0.594248</x4><x5>0.157965</x5><x6>21.7</x6><x7>0.5</x7><x8>0.5243</x8></dataPoint>
        <dataPoint><x1>0.131055</x1><x2>0.005929</x2><x3>0.112645</x3><x4>0.592794</x4><x5>0.157578</x5><x6>23.2</x6><x7>0.5</x7><x8>0.5243</x8></dataPoint>
        <dataPoint><x1>0.125748</x1><x2>0.006287</x2><x3>0.119461</x3><x4>0.591317</x4><x5>0.157186</x5><x6>24.8</x6><x7>0.5</x7><x8>0.5243</x8></dataPoint>
        <dataPoint><x1>0.120362</x1><x2>0.006652</x2><x3>0.126380</x3><x4>0.589819</x4><x5>0.156787</x5><x6>26.5</x6><x7>0.5</x7><x8>0.5243</x8></dataPoint>
        <dataPoint><x1>0.114894</x1><x2>0.007021</x2><x3>0.133404</x3><x4>0.588298</x4><x5>0.156383</x5><x6>28.2</x6><x7>0.5</x7><x8>0.5243</x8></dataPoint>
        <dataPoint><x1>0.109341</x1><x2>0.007397</x2><x3>0.140536</x3><x4>0.586754</x4><x5>0.155972</x5><x6>30.0</x6><x7>0.5</x7><x8>0.5243</x8></dataPoint>
        <dataPoint><x1>0.103704</x1><x2>0.007778</x2><x3>0.147778</x3><x4>0.585185</x4><x5>0.155556</x5><x6>31.7</x6><x7>0.5</x7><x8>0.5243</x8></dataPoint>
        <dataPoint><x1>0.097978</x1><x2>0.008165</x2><x3>0.155132</x3><x4>0.583593</x4><x5>0.155132</x5><x6>33.5</x6><x7>0.5</x7><x8>0.5243</x8></dataPoint>
        <dataPoint><x1>0.092163</x1><x2>0.008558</x2><x3>0.162602</x3><x4>0.581975</x4><x5>0.154702</x5><x6>35.2</x6><x7>0.5</x7><x8>0.5243</x8></dataPoint>
        <dataPoint><x1>0.086256</x1><x2>0.008957</x2><x3>0.170190</x3><x4>0.580332</x4><x5>0.154265</x5><x6>36.9</x6><x7>0.5</x7><x8>0.5243</x8></dataPoint>
        <dataPoint><x1>0.080255</x1><x2>0.009363</x2><x3>0.177898</x3><x4>0.578663</x4><x5>0.153822</x5><x6>38.5</x6><x7>0.5</x7><x8>0.5243</x8></dataPoint>
        <dataPoint><x1>0.074157</x1><x2>0.009775</x2><x3>0.185730</x3><x4>0.576966</x4><x5>0.153371</x5><x6>39.8</x6><x7>0.5</x7><x8>0.5243</x8></dataPoint>
        <dataPoint><x1>0.067961</x1><x2>0.010194</x2><x3>0.193689</x3><x4>0.575243</x4><x5>0.152913</x5><x6>41.0</x6><x7>0.5</x7><x8>0.5243</x8></dataPoint>
        <dataPoint><x1>0.061664</x1><x2>0.010620</x2><x3>0.201778</x3><x4>0.573491</x4><x5>0.152447</x5><x6>42.1</x6><x7>0.5</x7><x8>0.5243</x8></dataPoint>
        <dataPoint><x1>0.055263</x1><x2>0.011053</x2><x3>0.210000</x3><x4>0.571711</x4><x5>0.151974</x5><x6>43.1</x6><x7>0.5</x7><x8>0.5243</x8></dataPoint>
        <dataPoint><x1>0.048756</x1><x2>0.011493</x2><x3>0.218358</x3><x4>0.569901</x4><x5>0.151493</x5><x6>43.8</x6><x7>0.5</x7><x8>0.5243</x8></dataPoint>
        <dataPoint><x1>0.042140</x1><x2>0.011940</x2><x3>0.226856</x3><x4>0.568060</x4><x5>0.151003</x5><x6>44.4</x6><x7>0.5</x7><x8>0.5243</x8></dataPoint>
        <dataPoint><x1>0.035413</x1><x2>0.012395</x2><x3>0.235497</x3><x4>0.566189</x4><x5>0.150506</x5><x6>44.6</x6><x7>0.5</x7><x8>0.5243</x8></dataPoint>
        <dataPoint><x1>0.028571</x1><x2>0.012857</x2><x3>0.244286</x3><x4>0.564286</x4><x5>0.150000</x5><x6>44.6</x6><x7>0.5</x7><x8>0.5243</x8></dataPoint>
        <dataPoint><x1>0.021612</x1><x2>0.013328</x2><x3>0.253225</x3><x4>0.562350</x4><x5>0.149485</x5><x6>43.9</x6><x7>0.5</x7><x8>0.5243</x8></dataPoint>
        <dataPoint><x1>0.014533</x1><x2>0.013806</x2><x3>0.262318</x3><x4>0.560381</x4><x5>0.148962</x5><x6>42.5</x6><x7>0.5</x7><x8>0.5243</x8></dataPoint>
        <dataPoint><x1>0.007330</x1><x2>0.014293</x2><x3>0.271571</x3><x4>0.558377</x4><x5>0.148429</x5><x6>40.5</x6><x7>0.5</x7><x8>0.5243</x8></dataPoint>
        <dataPoint><x1>0.002947</x1><x2>0.014589</x2><x3>0.277200</x3><x4>0.557158</x4><x5>0.148105</x5><x6>38.0</x6><x7>0.5</x7><x8>0.5243</x8></dataPoint>
        <dataPoint><x1>0.000000</x1><x2>0.014789</x2><x3>0.280986</x3><x4>0.556338</x4><x5>0.147887</x5><x6>34.4</x6><x7>0.5</x7><x8>0.5243</x8></dataPoint>
    </dataGroup>
    <comment>The reported data are from Supp. Mat.: SYN_A, fi = 1.</comment>
</experiment>
