<experiment>
    <fileAuthor>András Szanthoffer, Chemical Kinetics Laboratory, Institute of Chemistry, ELTE, Budapest, Hungary</fileAuthor>
    <fileDOI>10.24388/x20199041</fileDOI>
    <fileVersion>
        <major>2</major>
        <minor>0</minor>
    </fileVersion>
    <ReSpecThVersion>
        <major>2</major>
        <minor>4</minor>
    </ReSpecThVersion>
    <firstPublicationDate>2023-08-03</firstPublicationDate>
    <lastModificationDate>2023-08-03</lastModificationDate>
    <bibliographyLink>
        <description>K.P. Shrestha, C. Lhuillier, A.A. Barbosa, P. Brequigny, F. Contino, C. Mounaïm-Rousselle, L. Seidel, F. Mauss, Proceedings of the Combustion Institute 38 (2021), 2163–2174</description>
        <referenceDOI>10.1016/j.proci.2020.06.197</referenceDOI>
        <location>Main article and Supp. Mat.</location>
        <table>Supp. Mat., NH3-O2-N2, P = 1 bar, T = 323 K, xO2 = 27%</table>
        <figure>Fig. 6. b), xO2 = 27%</figure>
        <details>
            <author>Shrestha, Krishna Prasad and Lhuillier, Charles and Barbosa, Amanda Alves and Brequigny, Pierre and Contino, Francesco and Mounaïm-Rousselle, Christine and Seidel, Lars and Mauss, Fabian</author>
            <journal>Proceedings of the Combustion Institute</journal>
            <number>2</number>
            <pages>2163–2174</pages>
            <title>An experimental and modeling study of ammonia with enriched oxygen content and ammonia/hydrogen laminar flame speed at elevated pressure and temperature</title>
            <type>Journal Article</type>
            <volume>38</volume>
            <year>2021</year>
        </details>
    </bibliographyLink>
    <experimentType>laminar burning velocity measurement</experimentType>
    <apparatus>
        <kind>outwardly propagating spherical flame</kind>
        <mode>constant volume combustion chamber</mode>
        <mode>premixed</mode>
        <mode>laminar</mode>
        <mode>unstretched</mode>
        <mode>extrapolation method to zero stretch: NQ</mode>
    </apparatus>
    <commonProperties>
        <property name="temperature"  label="T"    sourcetype="reported"  units="K"   ><value>323</value></property>
        <property name="uncertainty"  label="d_T"  sourcetype="reported"  units="K"    reference="temperature"  kind="absolute"  bound="plusminus" ><value>2</value></property>
        <property name="pressure"     label="p"    sourcetype="reported"  units="bar" ><value>1</value></property>
    </commonProperties>
    <dataGroup id="dg1">
        <property name="equivalence ratio"             id="x1"   label="phi"    sourcetype="reported"    units="unitless"      />
        <property name="composition"                   id="x2"   label="x_NH3"  sourcetype="calculated"  units="mole fraction" >
            <speciesLink preferredKey="NH3"  CAS="7664-41-7"  InChI="1S/H3N/h1H3"  SMILES="N"    chemName="ammonia"  />
        </property>
        <property name="composition"                   id="x3"   label="x_O2"   sourcetype="calculated"  units="mole fraction" >
            <speciesLink preferredKey="O2"   CAS="7782-44-7"  InChI="1S/O2/c1-2"   SMILES="O=O"  chemName="oxygen"   />
        </property>
        <property name="composition"                   id="x4"   label="x_N2"   sourcetype="calculated"  units="mole fraction" >
            <speciesLink preferredKey="N2"   CAS="7727-37-9"  InChI="1S/N2/c1-2"   SMILES="N#N"  chemName="nitrogen" />
        </property>
        <property name="laminar burning velocity"      id="x5"   label="Sl"     sourcetype="reported"    units="cm/s"          />
        <property name="uncertainty"                   id="x6"   label="d_Sl"   sourcetype="reported"    units="cm/s"           reference="laminar burning velocity"  kind="absolute"  bound="plusminus" />
        <property name="evaluated standard deviation"  id="x7"   sourcetype="estimated"   units="cm/s"           reference="laminar burning velocity"  kind="absolute"  method="combined from scatter and reported uncertainty" />

        <dataPoint><x1>0.8</x1><x2>0.223602</x2><x3>0.209627</x3><x4>0.566770</x4><x5>9.12</x5><x6>0.40</x6><x7>0.706</x7></dataPoint>
        <dataPoint><x1>0.9</x1><x2>0.244713</x2><x3>0.203927</x3><x4>0.551360</x4><x5>11.75</x5><x6>0.35</x6><x7>0.700</x7></dataPoint>
        <dataPoint><x1>1.0</x1><x2>0.264706</x2><x3>0.198529</x3><x4>0.536765</x4><x5>13.71</x5><x6>0.89</x6><x7>0.811</x7></dataPoint>
        <dataPoint><x1>1.1</x1><x2>0.283668</x2><x3>0.193410</x3><x4>0.522923</x4><x5>16.13</x5><x6>1.18</x6><x7>0.897</x7></dataPoint>
        <dataPoint><x1>1.2</x1><x2>0.301676</x2><x3>0.188547</x3><x4>0.509777</x4><x5>17.71</x5><x6>2.46</x6><x7>1.405</x7></dataPoint>
        <dataPoint><x1>1.3</x1><x2>0.318801</x2><x3>0.183924</x3><x4>0.497275</x4><x5>16.20</x5><x6>2.01</x6><x7>1.211</x7></dataPoint>
    </dataGroup>
    <comment>The experimental uncertainties contain only a statistical term published in the Supp. Mat. They refer to the 95% confidence intervals.</comment>
</experiment>
