<experiment>
    <fileAuthor>Andras Gy. Szanthoffer, Chemical Kinetics Laboratory, Institute of Chemistry, ELTE, Budapest, Hungary</fileAuthor>
    <fileDOI>10.24388/x20101049</fileDOI>
    <fileVersion>
        <major>2</major>
        <minor>0</minor>
    </fileVersion>
    <ReSpecThVersion>
        <major>2</major>
        <minor>4</minor>
    </ReSpecThVersion>
    <firstPublicationDate>2023-03-13</firstPublicationDate>
    <lastModificationDate>2023-03-13</lastModificationDate>
    <bibliographyLink>
        <description>S. Zhou, W. Yang, H. Tan, Q. An, J. Wang, H. Dai, X. Wang, X. Wang, S. Deng, Combustion and Flame 233 (2021), 111594</description>
        <referenceDOI>10.1016/j.combustflame.2021.111594</referenceDOI>
        <location>Main article</location>
        <table>Table 1</table>
        <figure>Fig. 2. (alpha = 0.5, beta = 0.1), T = 423 K</figure>
        <details>
            <author>Shangkun Zhou and Wenjun Yang and Houzhang Tan and Qiwei An and Jinhua Wang and Hongchao Dai and Xiaoxiao Wang and Xuebin Wang and Shuanghui Deng</author>
            <journal>Combustion and Flame</journal>
            <pages>111594</pages>
            <title>Experimental and kinetic modeling study on NH3/syngas/air and NH3/bio-syngas/air premixed laminar flames at elevated temperature</title>
            <volume>233</volume>
            <year>2021</year>
        </details>
    </bibliographyLink>
    <experimentType>laminar burning velocity measurement</experimentType>
    <apparatus>
        <kind>outwardly propagating spherical flame</kind>
        <mode>premixed</mode>
    </apparatus>
    <commonProperties>
        <property name="pressure"  label="p"  sourcetype="reported"  units="atm" ><value>1</value></property>
    </commonProperties>
    <dataGroup id="dg1">
        <property name="equivalence ratio"             id="x1"   label="phi"    sourcetype="reported"    units="unitless"      />
        <property name="temperature"                   id="x2"   label="T"      sourcetype="reported"    units="K"             />
        <property name="composition"                   id="x3"   label="x_H2"   sourcetype="calculated"  units="mole fraction" >
            <speciesLink preferredKey="H2"   CAS="1333-74-0"  InChI="1S/H2/h1H"    SMILES="[HH]"       chemName="hydrogen"        />
        </property>
        <property name="composition"                   id="x4"   label="x_CO"   sourcetype="calculated"  units="mole fraction" >
            <speciesLink preferredKey="CO"   CAS="630-08-0"   InChI="1S/CO/c1-2"   SMILES="[C-]#[O+]"  chemName="carbon monoxide" />
        </property>
        <property name="composition"                   id="x5"   label="x_NH3"  sourcetype="calculated"  units="mole fraction" >
            <speciesLink preferredKey="NH3"  CAS="7664-41-7"  InChI="1S/H3N/h1H3"  SMILES="N"          chemName="ammonia"         />
        </property>
        <property name="composition"                   id="x6"   label="x_O2"   sourcetype="calculated"  units="mole fraction" >
            <speciesLink preferredKey="O2"   CAS="7782-44-7"  InChI="1S/O2/c1-2"   SMILES="O=O"        chemName="oxygen"          />
        </property>
        <property name="composition"                   id="x7"   label="x_N2"   sourcetype="calculated"  units="mole fraction" >
            <speciesLink preferredKey="N2"   CAS="7727-37-9"  InChI="1S/N2/c1-2"   SMILES="N#N"        chemName="nitrogen"        />
        </property>
        <property name="laminar burning velocity"      id="x8"   label="Sl"     sourcetype="reported"    units="cm/s"          />
        <property name="uncertainty"                   id="x9"   label="d_Sl"   sourcetype="reported"    units="cm/s"           reference="laminar burning velocity"  kind="absolute"  bound="plusminus" />
        <property name="evaluated standard deviation"  id="x10"  sourcetype="estimated"   units="cm/s"           reference="laminar burning velocity"  kind="absolute"  method="combined from scatter and reported uncertainty" />

        <dataPoint><x1>0.7074</x1><x2>423.00</x2><x3>0.009602</x3><x4>0.086419</x4><x5>0.096022</x5><x6>0.169671</x6><x7>0.638286</x7><x8>29.253</x8><x9>1.633</x9><x10>0.8786</x10></dataPoint>
        <dataPoint><x1>0.8053</x1><x2>423.00</x2><x3>0.010648</x3><x4>0.095832</x4><x5>0.106480</x5><x6>0.165278</x6><x7>0.621762</x7><x8>38.411</x8><x9>2.368</x9><x10>1.2581</x10></dataPoint>
        <dataPoint><x1>0.9123</x1><x2>423.15</x2><x3>0.011730</x3><x4>0.105574</x4><x5>0.117304</x5><x6>0.160732</x6><x7>0.604660</x7><x8>45.200</x8><x9>1.541</x9><x10>0.9192</x10></dataPoint>
        <dataPoint><x1>1.0067</x1><x2>422.90</x2><x3>0.012638</x3><x4>0.113738</x4><x5>0.126376</x5><x6>0.156922</x6><x7>0.590326</x7><x8>47.684</x8><x9>1.378</x9><x10>0.8683</x10></dataPoint>
        <dataPoint><x1>1.1075</x1><x2>422.85</x2><x3>0.013560</x3><x4>0.122036</x4><x5>0.135596</x5><x6>0.153050</x6><x7>0.575758</x7><x8>50.281</x8><x9>2.441</x9><x10>1.3415</x10></dataPoint>
        <dataPoint><x1>1.2208</x1><x2>422.95</x2><x3>0.014544</x3><x4>0.130896</x4><x5>0.145440</x5><x6>0.148915</x6><x7>0.560205</x7><x8>48.875</x8><x9>1.593</x9><x10>0.9635</x10></dataPoint>
        <dataPoint><x1>1.3240</x1><x2>423.20</x2><x3>0.015395</x3><x4>0.138552</x4><x5>0.153947</x5><x6>0.145342</x6><x7>0.546764</x7><x8>44.640</x8><x9>1.717</x9><x10>0.991</x10></dataPoint>
        <dataPoint><x1>1.4081</x1><x2>423.00</x2><x3>0.016058</x3><x4>0.144526</x4><x5>0.160584</x5><x6>0.142555</x6><x7>0.536277</x7><x8>40.284</x8><x9>2.061</x9><x10>1.1231</x10></dataPoint>
    </dataGroup>
    <comment>The numerical phi-T-Sl-d_Sl data were obtained through personal communication with the corresponding author.</comment>
    <comment>phi = (0.5 * (x_H2 + x_CO) + 0.75 * x_NH3) / x_O2 was assumed, and air was assumed to be composed of 21% O2 and 79% N2.</comment>
</experiment>
