<experiment>
    <fileAuthor>Andras Gy. Szanthoffer, Chemical Kinetics Laboratory, Institute of Chemistry, ELTE, Budapest, Hungary</fileAuthor>
    <fileDOI>10.24388/x20101037</fileDOI>
    <fileVersion>
        <major>2</major>
        <minor>0</minor>
    </fileVersion>
    <ReSpecThVersion>
        <major>2</major>
        <minor>4</minor>
    </ReSpecThVersion>
    <firstPublicationDate>2023-03-13</firstPublicationDate>
    <lastModificationDate>2023-03-13</lastModificationDate>
    <bibliographyLink>
        <description>S. Wang, Z. Wang, A.M. Elbaz, X. Han, Y. He, M. Costa, A.A. Konnov, W.L. Roberts, Combustion and Flame 221 (2020), 270-287</description>
        <referenceDOI>10.1016/j.combustflame.2020.08.004</referenceDOI>
        <location>Main Article (figure); Supp. Mat. Table S5 (data source)</location>
        <figure>Fig. 3., NH3/syngas/air, x_NH3 = 0.6, P = 1 atm</figure>
        <details>
            <author>Shixing Wang and Zhihua Wang and Ayman M. Elbaz and Xinlu Han and Yong He and Mário Costa and Alexander A. Konnov and William L. Roberts</author>
            <journal>Combustion and Flame</journal>
            <pages>270-287</pages>
            <title>Experimental study and kinetic analysis of the laminar burning velocity of NH3/syngas/air, NH3/CO/air and NH3/H2/air premixed flames at elevated pressures</title>
            <volume>221</volume>
            <year>2020</year>
        </details>
    </bibliographyLink>
    <experimentType>laminar burning velocity measurement</experimentType>
    <apparatus>
        <kind>heat flux burner</kind>
        <mode>premixed</mode>
    </apparatus>
    <commonProperties>
        <property name="pressure"     label="p"  sourcetype="reported"  units="atm" ><value>1</value></property>
        <property name="temperature"  label="T"  sourcetype="reported"  units="K"   ><value>298</value></property>
    </commonProperties>
    <dataGroup id="dg1">
        <property name="equivalence ratio"             id="x1"   label="phi"    sourcetype="reported"   units="unitless"      />
        <property name="composition"                   id="x2"   label="X_NH3"  sourcetype="reported"   units="mole fraction" >
            <speciesLink preferredKey="NH3"  CAS="7664-41-7"  InChI="1S/H3N/h1H3"  SMILES="N"          chemName="ammonia"         />
        </property>
        <property name="composition"                   id="x3"   label="X_H2"   sourcetype="reported"   units="mole fraction" >
            <speciesLink preferredKey="H2"   CAS="1333-74-0"  InChI="1S/H2/h1H"    SMILES="[HH]"       chemName="hydrogen"        />
        </property>
        <property name="composition"                   id="x4"   label="X_CO"   sourcetype="reported"   units="mole fraction" >
            <speciesLink preferredKey="CO"   CAS="630-08-0"   InChI="1S/CO/c1-2"   SMILES="[C-]#[O+]"  chemName="carbon monoxide" />
        </property>
        <property name="composition"                   id="x5"   label="X_O2"   sourcetype="reported"   units="mole fraction" >
            <speciesLink preferredKey="O2"   CAS="7782-44-7"  InChI="1S/O2/c1-2"   SMILES="O=O"        chemName="oxygen"          />
        </property>
        <property name="composition"                   id="x6"   label="X_N2"   sourcetype="reported"   units="mole fraction" >
            <speciesLink preferredKey="N2"   CAS="7727-37-9"  InChI="1S/N2/c1-2"   SMILES="N#N"        chemName="nitrogen"        />
        </property>
        <property name="laminar burning velocity"      id="x7"   label="Sl"     sourcetype="reported"   units="cm/s"          />
        <property name="uncertainty"                   id="x8"   label="d_Sl"   sourcetype="reported"   units="cm/s"           reference="laminar burning velocity"  kind="absolute"  bound="plusminus" />
        <property name="evaluated standard deviation"  id="x9"   sourcetype="estimated"  units="cm/s"           reference="laminar burning velocity"  kind="absolute"  method="combined from scatter and reported uncertainty" />

        <dataPoint><x1>0.70</x1><x2>0.110665</x2><x3>0.036888</x3><x4>0.036888</x4><x5>0.171267</x5><x6>0.644291</x6><x7>12.37</x7><x8>0.9091</x8><x9>0.5</x9></dataPoint>
        <dataPoint><x1>0.80</x1><x2>0.123227</x2><x3>0.041076</x3><x4>0.041076</x4><x5>0.166870</x5><x6>0.627751</x6><x7>16.48</x7><x8>0.8907</x8><x9>0.5</x9></dataPoint>
        <dataPoint><x1>0.90</x1><x2>0.135161</x2><x3>0.045054</x3><x4>0.045054</x4><x5>0.162694</x5><x6>0.612038</x6><x7>20.20</x7><x8>0.7621</x8><x9>0.5</x9></dataPoint>
        <dataPoint><x1>1.00</x1><x2>0.146512</x2><x3>0.048837</x3><x4>0.048837</x4><x5>0.158721</x5><x6>0.597093</x6><x7>22.74</x7><x8>0.9206</x8><x9>0.5</x9></dataPoint>
        <dataPoint><x1>1.05</x1><x2>0.151982</x2><x3>0.050661</x3><x4>0.050661</x4><x5>0.156806</x5><x6>0.589891</x6><x7>23.47</x7><x8>0.8419</x8><x9>0.5</x9></dataPoint>
        <dataPoint><x1>1.10</x1><x2>0.157321</x2><x3>0.052440</x3><x4>0.052440</x4><x5>0.154938</x5><x6>0.582860</x6><x7>23.35</x7><x8>0.9554</x8><x9>0.5059</x9></dataPoint>
        <dataPoint><x1>1.15</x1><x2>0.162535</x2><x3>0.054178</x3><x4>0.054178</x4><x5>0.153113</x5><x6>0.575996</x6><x7>22.82</x7><x8>0.9512</x8><x9>0.504</x9></dataPoint>
        <dataPoint><x1>1.20</x1><x2>0.167627</x2><x3>0.055876</x3><x4>0.055876</x4><x5>0.151330</x5><x6>0.569290</x6><x7>21.47</x7><x8>0.8688</x8><x9>0.5</x9></dataPoint>
        <dataPoint><x1>1.30</x1><x2>0.177465</x2><x3>0.059155</x3><x4>0.059155</x4><x5>0.147887</x5><x6>0.556338</x6><x7>18.62</x7><x8>0.8595</x8><x9>0.5</x9></dataPoint>
        <dataPoint><x1>1.40</x1><x2>0.186864</x2><x3>0.062288</x3><x4>0.062288</x4><x5>0.144597</x5><x6>0.543962</x6><x7>15.89</x7><x8>0.8822</x8><x9>0.5</x9></dataPoint>
        <dataPoint><x1>1.50</x1><x2>0.195855</x2><x3>0.065285</x3><x4>0.065285</x4><x5>0.141451</x5><x6>0.532124</x6><x7>13.86</x7><x8>0.8195</x8><x9>0.5</x9></dataPoint>
        <dataPoint><x1>1.60</x1><x2>0.204462</x2><x3>0.068154</x3><x4>0.068154</x4><x5>0.138438</x5><x6>0.520791</x6><x7>11.98</x7><x8>0.9430</x8><x9>0.5001</x9></dataPoint>
    </dataGroup>
</experiment>
