<experiment>
    <fileAuthor>Andras Gy. Szanthoffer, Chemical Kinetics Laboratory, Institute of Chemistry, ELTE, Budapest, Hungary</fileAuthor>
    <fileDOI>10.24388/x20101079</fileDOI>
    <fileVersion>
        <major>2</major>
        <minor>0</minor>
    </fileVersion>
    <ReSpecThVersion>
        <major>2</major>
        <minor>4</minor>
    </ReSpecThVersion>
    <firstPublicationDate>2023-03-13</firstPublicationDate>
    <lastModificationDate>2023-03-13</lastModificationDate>
    <bibliographyLink>
        <description>G. Yin, C. Wang, M. Zhou, Y. Zhou, E. Hu, Z. Huang, Frontiers in Energy (2021)</description>
        <referenceDOI>10.1007/s11708-021-0791-7</referenceDOI>
        <location>Main article</location>
        <table>Table 1, Case 9</table>
        <figure>Fig. 6. e)</figure>
        <details>
            <author>Geyuan Yin and Chaojun Wang and Meng Zhou and Yajie Zhou and Erjiang Hu and Zuohua Huang</author>
            <journal>Frontiers in Energy</journal>
            <title>Experimental and kinetic study on laminar flame speeds of ammonia/syngas/air at a high temperature and elevated pressure</title>
            <year>2021</year>
        </details>
    </bibliographyLink>
    <experimentType>laminar burning velocity measurement</experimentType>
    <apparatus>
        <kind>outwardly propagating spherical flame</kind>
        <mode>premixed</mode>
    </apparatus>
    <commonProperties>
        <property name="pressure"     label="p"  sourcetype="reported"  units="atm" ><value>1</value></property>
        <property name="temperature"  label="T"  sourcetype="reported"  units="K"   ><value>298</value></property>
    </commonProperties>
    <dataGroup id="dg1">
        <property name="equivalence ratio"             id="x1"   label="phi"    sourcetype="reported"    units="unitless"      />
        <property name="composition"                   id="x2"   label="x_H2"   sourcetype="calculated"  units="mole fraction" >
            <speciesLink preferredKey="H2"   CAS="1333-74-0"  InChI="1S/H2/h1H"    SMILES="[HH]"       chemName="hydrogen"        />
        </property>
        <property name="composition"                   id="x3"   label="x_CO"   sourcetype="calculated"  units="mole fraction" >
            <speciesLink preferredKey="CO"   CAS="630-08-0"   InChI="1S/CO/c1-2"   SMILES="[C-]#[O+]"  chemName="carbon monoxide" />
        </property>
        <property name="composition"                   id="x4"   label="x_NH3"  sourcetype="calculated"  units="mole fraction" >
            <speciesLink preferredKey="NH3"  CAS="7664-41-7"  InChI="1S/H3N/h1H3"  SMILES="N"          chemName="ammonia"         />
        </property>
        <property name="composition"                   id="x5"   label="x_O2"   sourcetype="calculated"  units="mole fraction" >
            <speciesLink preferredKey="O2"   CAS="7782-44-7"  InChI="1S/O2/c1-2"   SMILES="O=O"        chemName="oxygen"          />
        </property>
        <property name="composition"                   id="x6"   label="x_N2"   sourcetype="calculated"  units="mole fraction" >
            <speciesLink preferredKey="N2"   CAS="7727-37-9"  InChI="1S/N2/c1-2"   SMILES="N#N"        chemName="nitrogen"        />
        </property>
        <property name="laminar burning velocity"      id="x7"   label="Sl"     sourcetype="reported"    units="cm/s"          />
        <property name="uncertainty"                   id="x8"   label="d_Sl"   sourcetype="reported"    units="cm/s"           reference="laminar burning velocity"  kind="absolute"  bound="plusminus" />
        <property name="evaluated standard deviation"  id="x9"   sourcetype="estimated"   units="cm/s"           reference="laminar burning velocity"  kind="absolute"  method="combined from scatter and reported uncertainty" />

        <dataPoint><x1>0.7</x1><x2>0.098438</x2><x3>0.098438</x3><x4>0.021875</x4><x5>0.164063</x5><x6>0.617188</x6><x7>51.051</x7><x8>0.634</x8><x9>0.5448</x9></dataPoint>
        <dataPoint><x1>0.8</x1><x2>0.109091</x2><x3>0.109091</x3><x4>0.024242</x4><x5>0.159091</x5><x6>0.598485</x6><x7>62.828</x7><x8>0.728</x8><x9>0.6554</x9></dataPoint>
        <dataPoint><x1>0.9</x1><x2>0.119118</x2><x3>0.119118</x3><x4>0.026471</x4><x5>0.154412</x5><x6>0.580882</x6><x7>76.526</x7><x8>0.452</x8><x9>0.7653</x9></dataPoint>
        <dataPoint><x1>1.0</x1><x2>0.128571</x2><x3>0.128571</x3><x4>0.028571</x4><x5>0.150000</x5><x6>0.564286</x6><x7>88.569</x7><x8>0.009</x8><x9>0.8857</x9></dataPoint>
        <dataPoint><x1>1.1</x1><x2>0.137500</x2><x3>0.137500</x3><x4>0.030556</x4><x5>0.145833</x5><x6>0.548611</x6><x7>97.505</x7><x8>0.230</x8><x9>0.9751</x9></dataPoint>
        <dataPoint><x1>1.2</x1><x2>0.145946</x2><x3>0.145946</x3><x4>0.032432</x4><x5>0.141892</x5><x6>0.533784</x6><x7>106.596</x7><x8>0.266</x8><x9>1.066</x9></dataPoint>
        <dataPoint><x1>1.3</x1><x2>0.153947</x2><x3>0.153947</x3><x4>0.034211</x4><x5>0.138158</x5><x6>0.519737</x6><x7>110.901</x7><x8>1.485</x8><x9>1.2152</x9></dataPoint>
        <dataPoint><x1>1.4</x1><x2>0.161538</x2><x3>0.161538</x3><x4>0.035897</x4><x5>0.134615</x5><x6>0.506410</x6><x7>115.471</x7><x8>0.014</x8><x9>1.1547</x9></dataPoint>
        <dataPoint><x1>1.5</x1><x2>0.168750</x2><x3>0.168750</x3><x4>0.037500</x4><x5>0.131250</x5><x6>0.493750</x6><x7>118.497</x7><x8>0.458</x8><x9>1.185</x9></dataPoint>
        <dataPoint><x1>1.6</x1><x2>0.175610</x2><x3>0.175610</x3><x4>0.039024</x4><x5>0.128049</x5><x6>0.481707</x6><x7>117.587</x7><x8>0.514</x8><x9>1.1759</x9></dataPoint>
    </dataGroup>
    <comment>The numerical Sl-d_Sl data were obtained through personal communication with the corresponding author.</comment>
    <comment>phi = (0.5 * (x_H2 + x_CO) + 0.75 * x_NH3) / x_O2 was assumed, and air was assumed to be composed of 21% O2 and 79% N2.</comment>
</experiment>
