<experiment>
    <fileAuthor>Andras Gy. Szanthoffer, Chemical Kinetics Laboratory, Institute of Chemistry, ELTE, Budapest, Hungary</fileAuthor>
    <fileDOI>10.24388/x20101065</fileDOI>
    <fileVersion>
        <major>2</major>
        <minor>0</minor>
    </fileVersion>
    <ReSpecThVersion>
        <major>2</major>
        <minor>4</minor>
    </ReSpecThVersion>
    <firstPublicationDate>2023-03-13</firstPublicationDate>
    <lastModificationDate>2023-03-13</lastModificationDate>
    <bibliographyLink>
        <description>S. Zhou, W. Yang, H. Tan, Q. An, J. Wang, H. Dai, X. Wang, X. Wang, S. Deng, Combustion and Flame 233 (2021), 111594</description>
        <referenceDOI>10.1016/j.combustflame.2021.111594</referenceDOI>
        <location>Main article</location>
        <table>Table 1</table>
        <figure>Fig. 4. (alpha = 0.7), T = 373 K</figure>
        <details>
            <author>Shangkun Zhou and Wenjun Yang and Houzhang Tan and Qiwei An and Jinhua Wang and Hongchao Dai and Xiaoxiao Wang and Xuebin Wang and Shuanghui Deng</author>
            <journal>Combustion and Flame</journal>
            <pages>111594</pages>
            <title>Experimental and kinetic modeling study on NH3/syngas/air and NH3/bio-syngas/air premixed laminar flames at elevated temperature</title>
            <volume>233</volume>
            <year>2021</year>
        </details>
    </bibliographyLink>
    <experimentType>laminar burning velocity measurement</experimentType>
    <apparatus>
        <kind>outwardly propagating spherical flame</kind>
        <mode>premixed</mode>
    </apparatus>
    <commonProperties>
        <property name="pressure"  label="p"  sourcetype="reported"  units="atm" ><value>1</value></property>
    </commonProperties>
    <dataGroup id="dg1">
        <property name="equivalence ratio"             id="x1"   label="phi"    sourcetype="reported"    units="unitless"      />
        <property name="temperature"                   id="x2"   label="T"      sourcetype="reported"    units="K"             />
        <property name="composition"                   id="x3"   label="x_H2"   sourcetype="calculated"  units="mole fraction" >
            <speciesLink preferredKey="H2"   CAS="1333-74-0"  InChI="1S/H2/h1H"      SMILES="[HH]"       chemName="hydrogen"        />
        </property>
        <property name="composition"                   id="x4"   label="x_CO"   sourcetype="calculated"  units="mole fraction" >
            <speciesLink preferredKey="CO"   CAS="630-08-0"   InChI="1S/CO/c1-2"     SMILES="[C-]#[O+]"  chemName="carbon monoxide" />
        </property>
        <property name="composition"                   id="x5"   label="x_NH3"  sourcetype="calculated"  units="mole fraction" >
            <speciesLink preferredKey="NH3"  CAS="7664-41-7"  InChI="1S/H3N/h1H3"    SMILES="N"          chemName="ammonia"         />
        </property>
        <property name="composition"                   id="x6"   label="x_O2"   sourcetype="calculated"  units="mole fraction" >
            <speciesLink preferredKey="O2"   CAS="7782-44-7"  InChI="1S/O2/c1-2"     SMILES="O=O"        chemName="oxygen"          />
        </property>
        <property name="composition"                   id="x7"   label="x_CO2"  sourcetype="calculated"  units="mole fraction" >
            <speciesLink preferredKey="CO2"  CAS="124-38-9"   InChI="1S/CO2/c2-1-3"  SMILES="C(=O)=O"    chemName="carbon dioxide"  />
        </property>
        <property name="composition"                   id="x8"   label="x_N2"   sourcetype="calculated"  units="mole fraction" >
            <speciesLink preferredKey="N2"   CAS="7727-37-9"  InChI="1S/N2/c1-2"     SMILES="N#N"        chemName="nitrogen"        />
        </property>
        <property name="laminar burning velocity"      id="x9"   label="Sl"     sourcetype="reported"    units="cm/s"          />
        <property name="uncertainty"                   id="x10"  label="d_Sl"   sourcetype="reported"    units="cm/s"           reference="laminar burning velocity"  kind="absolute"  bound="plusminus" />
        <property name="evaluated standard deviation"  id="x11"  sourcetype="estimated"   units="cm/s"           reference="laminar burning velocity"  kind="absolute"  method="combined from scatter and reported uncertainty" />

        <dataPoint><x1>0.8038</x1><x2>372.90</x2><x3>0.033203</x3><x4>0.055339</x4><x5>0.094867</x5><x6>0.143593</x6><x7>0.022136</x7><x8>0.650862</x8><x9>16.772</x9><x10>1.687</x10><x11>0.9667</x11></dataPoint>
        <dataPoint><x1>0.9025</x1><x2>372.80</x2><x3>0.035886</x3><x4>0.059811</x4><x5>0.102533</x5><x6>0.138227</x6><x7>0.023924</x7><x8>0.639619</x8><x9>20.198</x9><x10>1.187</x10><x11>0.8215</x11></dataPoint>
        <dataPoint><x1>1.0069</x1><x2>372.95</x2><x3>0.038516</x3><x4>0.064193</x4><x5>0.110044</x5><x6>0.132969</x6><x7>0.025677</x7><x8>0.628602</x8><x9>22.676</x9><x10>0.839</x10><x11>0.7636</x11></dataPoint>
        <dataPoint><x1>1.1081</x1><x2>372.80</x2><x3>0.040879</x3><x4>0.068132</x4><x5>0.116798</x5><x6>0.128241</x6><x7>0.027253</x7><x8>0.618696</x8><x9>23.691</x9><x10>1.627</x10><x11>1.0517</x11></dataPoint>
        <dataPoint><x1>1.2105</x1><x2>373.05</x2><x3>0.043105</x3><x4>0.071842</x4><x5>0.123158</x5><x6>0.123789</x6><x7>0.028737</x7><x8>0.609368</x8><x9>19.858</x9><x10>1.725</x10><x11>1.0275</x11></dataPoint>
        <dataPoint><x1>1.3137</x1><x2>373.10</x2><x3>0.045199</x3><x4>0.075332</x4><x5>0.129140</x5><x6>0.119602</x6><x7>0.030133</x7><x8>0.600595</x8><x9>15.501</x9><x10>1.872</x10><x11>1.0325</x11></dataPoint>
    </dataGroup>
    <comment>The numerical phi-T-Sl-d_Sl data were obtained through personal communication with the corresponding author.</comment>
    <comment>phi = (0.5 * (x_H2 + x_CO) + 0.75 * x_NH3) / x_O2 was assumed, and air was assumed to be composed of 21% O2 and 79% N2.</comment>
</experiment>
