<experiment>
    <fileAuthor>Andras Gy. Szanthoffer, Chemical Kinetics Laboratory, Institute of Chemistry, ELTE, Budapest, Hungary</fileAuthor>
    <fileDOI>10.24388/x20101006</fileDOI>
    <fileVersion>
        <major>2</major>
        <minor>0</minor>
    </fileVersion>
    <ReSpecThVersion>
        <major>2</major>
        <minor>4</minor>
    </ReSpecThVersion>
    <firstPublicationDate>2023-03-13</firstPublicationDate>
    <lastModificationDate>2023-03-13</lastModificationDate>
    <bibliographyLink>
        <description>X. Han, Z. Wang, Y. He, Y. Zhu, K. Cen, Combustion and Flame 213 (2020), 1-13</description>
        <referenceDOI>10.1016/j.combustflame.2019.11.032</referenceDOI>
        <location>Main Article (figure); Supp. Mat. (data source)</location>
        <figure>Fig. 2, X_SYN_A = 0.2.</figure>
        <details>
            <author>Xinlu Han and Zhihua Wang and Yong He and Yanqun Zhu and Kefa Cen</author>
            <journal>Combustion and Flame</journal>
            <pages>1-13</pages>
            <title>Experimental and kinetic modeling study of laminar burning velocities of NH3/syngas/air premixed flames</title>
            <volume>213</volume>
            <year>2020</year>
        </details>
    </bibliographyLink>
    <experimentType>laminar burning velocity measurement</experimentType>
    <apparatus>
        <kind>heat flux burner</kind>
        <mode>premixed</mode>
    </apparatus>
    <commonProperties>
        <property name="pressure"                      label="p"  sourcetype="reported"   units="atm"  ><value>1</value></property>
        <property name="temperature"                   label="T"  sourcetype="reported"   units="K"    ><value>298</value></property>
        <property name="evaluated standard deviation"  sourcetype="estimated"  units="cm/s"  reference="laminar burning velocity"  kind="absolute"  method="combined from scatter and reported uncertainty" ><value>0.5</value></property>
    </commonProperties>
    <dataGroup id="dg1">
        <property name="composition"               id="x1"   label="X_NH3"  sourcetype="reported"  units="mole fraction" >
            <speciesLink preferredKey="NH3"  CAS="7664-41-7"  InChI="1S/H3N/h1H3"  SMILES="N"          chemName="ammonia"         />
        </property>
        <property name="composition"               id="x2"   label="X_H2"   sourcetype="reported"  units="mole fraction" >
            <speciesLink preferredKey="H2"   CAS="1333-74-0"  InChI="1S/H2/h1H"    SMILES="[HH]"       chemName="hydrogen"        />
        </property>
        <property name="composition"               id="x3"   label="X_CO"   sourcetype="reported"  units="mole fraction" >
            <speciesLink preferredKey="CO"   CAS="630-08-0"   InChI="1S/CO/c1-2"   SMILES="[C-]#[O+]"  chemName="carbon monoxide" />
        </property>
        <property name="composition"               id="x4"   label="X_N2"   sourcetype="reported"  units="mole fraction" >
            <speciesLink preferredKey="N2"   CAS="7727-37-9"  InChI="1S/N2/c1-2"   SMILES="N#N"        chemName="nitrogen"        />
        </property>
        <property name="composition"               id="x5"   label="X_O2"   sourcetype="reported"  units="mole fraction" >
            <speciesLink preferredKey="O2"   CAS="7782-44-7"  InChI="1S/O2/c1-2"   SMILES="O=O"        chemName="oxygen"          />
        </property>
        <property name="laminar burning velocity"  id="x6"   label="Sl"     sourcetype="reported"  units="cm/s"          />
        <property name="uncertainty"               id="x7"   label="d_Sl"   sourcetype="reported"  units="cm/s"           reference="laminar burning velocity"  kind="absolute"  bound="plusminus" />
        <property name="equivalence ratio"         id="x8"   label="phi"    sourcetype="reported"  units="unitless"      />

        <dataPoint><x1>0.162550</x1><x2>0.002032</x2><x3>0.038606</x3><x4>0.629482</x4><x5>0.167331</x5><x6>8.5</x6><x7>0.5</x7><x8>0.85</x8></dataPoint>
        <dataPoint><x1>0.170079</x1><x2>0.002126</x2><x3>0.040394</x3><x4>0.622047</x4><x5>0.165354</x5><x6>9.4</x6><x7>0.6</x7><x8>0.90</x8></dataPoint>
        <dataPoint><x1>0.177432</x1><x2>0.002218</x2><x3>0.042140</x3><x4>0.614786</x4><x5>0.163424</x5><x6>10.1</x6><x7>0.5</x7><x8>0.95</x8></dataPoint>
        <dataPoint><x1>0.184615</x1><x2>0.002308</x2><x3>0.043846</x3><x4>0.607692</x4><x5>0.161538</x5><x6>10.8</x6><x7>0.5</x7><x8>1.00</x8></dataPoint>
        <dataPoint><x1>0.191635</x1><x2>0.002395</x2><x3>0.045513</x3><x4>0.600761</x4><x5>0.159696</x5><x6>11.3</x6><x7>0.5</x7><x8>1.05</x8></dataPoint>
        <dataPoint><x1>0.198496</x1><x2>0.002481</x2><x3>0.047143</x3><x4>0.593985</x4><x5>0.157895</x5><x6>11.3</x6><x7>0.5</x7><x8>1.10</x8></dataPoint>
        <dataPoint><x1>0.205204</x1><x2>0.002565</x2><x3>0.048736</x3><x4>0.587361</x4><x5>0.156134</x5><x6>10.9</x6><x7>0.6</x7><x8>1.15</x8></dataPoint>
        <dataPoint><x1>0.211765</x1><x2>0.002647</x2><x3>0.050294</x3><x4>0.580882</x4><x5>0.154412</x5><x6>10.3</x6><x7>0.5</x7><x8>1.20</x8></dataPoint>
        <dataPoint><x1>0.218182</x1><x2>0.002727</x2><x3>0.051818</x3><x4>0.574546</x4><x5>0.152727</x5><x6>9.6</x6><x7>0.5</x7><x8>1.25</x8></dataPoint>
        <dataPoint><x1>0.224460</x1><x2>0.002806</x2><x3>0.053309</x3><x4>0.568345</x4><x5>0.151079</x5><x6>8.6</x6><x7>0.5</x7><x8>1.30</x8></dataPoint>
        <dataPoint><x1>0.230605</x1><x2>0.002883</x2><x3>0.054769</x3><x4>0.562278</x4><x5>0.149466</x5><x6>7.9</x6><x7>0.6</x7><x8>1.35</x8></dataPoint>
        <dataPoint><x1>0.236620</x1><x2>0.002958</x2><x3>0.056197</x3><x4>0.556338</x4><x5>0.147887</x5><x6>7.1</x6><x7>0.6</x7><x8>1.40</x8></dataPoint>
    </dataGroup>
    <comment>The reported data are from Supp. Mat.: SYN_A, X_SYN_A = 0.2</comment>
</experiment>
