<experiment>
    <fileAuthor>András Szanthoffer, Chemical Kinetics Laboratory, Institute of Chemistry, ELTE, Budapest, Hungary</fileAuthor>
    <fileDOI>10.24388/x20100074</fileDOI>
    <fileVersion>
        <major>2</major>
        <minor>0</minor>
    </fileVersion>
    <ReSpecThVersion>
        <major>2</major>
        <minor>4</minor>
    </ReSpecThVersion>
    <firstPublicationDate>2023-08-03</firstPublicationDate>
    <lastModificationDate>2023-08-03</lastModificationDate>
    <bibliographyLink>
        <description>B. Mei, J. Zhang, X. Shi, Z. Xi, Y. Li, Combustion and Flame 231 (2021), 111472</description>
        <referenceDOI>10.1016/j.combustflame.2021.111472</referenceDOI>
        <location>Main article and Supp. Mat.</location>
        <table>Supp. Mat., SSM#2-Experimental data, gamma = 40%, Pu = 5 atm</table>
        <figure>Fig. 4., red triangles</figure>
        <details>
            <author>Mei, Bowen and Zhang, Jianguo and Shi, Xiaoxiang and Xi, Zhongya and Li, Yuyang</author>
            <journal>Combustion and Flame</journal>
            <pages>111472</pages>
            <title>Enhancement of ammonia combustion with partial fuel cracking strategy: Laminar flame propagation and kinetic modeling investigation of NH3/H2/N2/air mixtures up to 10 atm</title>
            <type>Journal Article</type>
            <volume>231</volume>
            <year>2021</year>
        </details>
    </bibliographyLink>
    <experimentType>laminar burning velocity measurement</experimentType>
    <apparatus>
        <kind>outwardly propagating spherical flame</kind>
        <mode>constant volume combustion chamber</mode>
        <mode>premixed</mode>
        <mode>laminar</mode>
        <mode>unstretched</mode>
        <mode>extrapolation method to zero stretch: NQ</mode>
    </apparatus>
    <commonProperties>
        <property name="temperature"                   label="T"  sourcetype="reported"   units="K"    ><value>298</value></property>
        <property name="pressure"                      label="p"  sourcetype="reported"   units="atm"  ><value>5</value></property>
        <property name="evaluated standard deviation"  sourcetype="estimated"  units="cm/s"  reference="laminar burning velocity"  kind="absolute"  method="combined from scatter and reported uncertainty" ><value>0.500</value></property>
    </commonProperties>
    <dataGroup id="dg1">
        <property name="equivalence ratio"         id="x1"   label="phi"    sourcetype="reported"    units="unitless"      />
        <property name="composition"               id="x2"   label="x_NH3"  sourcetype="calculated"  units="mole fraction" >
            <speciesLink preferredKey="NH3"  CAS="7664-41-7"  InChI="1S/H3N/h1H3"  SMILES="N"     chemName="ammonia"  />
        </property>
        <property name="composition"               id="x3"   label="x_H2"   sourcetype="calculated"  units="mole fraction" >
            <speciesLink preferredKey="H2"   CAS="1333-74-0"  InChI="1S/H2/h1H"    SMILES="[HH]"  chemName="hydrogen" />
        </property>
        <property name="composition"               id="x4"   label="x_O2"   sourcetype="calculated"  units="mole fraction" >
            <speciesLink preferredKey="O2"   CAS="7782-44-7"  InChI="1S/O2/c1-2"   SMILES="O=O"   chemName="oxygen"   />
        </property>
        <property name="composition"               id="x5"   label="x_N2"   sourcetype="calculated"  units="mole fraction" >
            <speciesLink preferredKey="N2"   CAS="7727-37-9"  InChI="1S/N2/c1-2"   SMILES="N#N"   chemName="nitrogen" />
        </property>
        <property name="laminar burning velocity"  id="x6"   label="Sl"     sourcetype="reported"    units="cm/s"          />
        <property name="uncertainty"               id="x7"   label="d_Sl"   sourcetype="reported"    units="cm/s"           reference="laminar burning velocity"  kind="absolute"  bound="plusminus" />

        <dataPoint><x1>1.1</x1><x2>0.129122</x2><x3>0.129122</x3><x4>0.146730</x4><x5>0.595025</x5><x6>19.48</x6><x7>0.76</x7></dataPoint>
        <dataPoint><x1>1.2</x1><x2>0.137106</x2><x3>0.137106</x3><x4>0.142818</x4><x5>0.582971</x5><x6>17.02</x6><x7>0.71</x7></dataPoint>
        <dataPoint><x1>1.3</x1><x2>0.144674</x2><x3>0.144674</x3><x4>0.139110</x4><x5>0.571542</x5><x6>14.78</x6><x7>0.68</x7></dataPoint>
        <dataPoint><x1>1.4</x1><x2>0.151860</x2><x3>0.151860</x3><x4>0.135589</x4><x5>0.560692</x5><x6>12.38</x6><x7>0.66</x7></dataPoint>
    </dataGroup>
    <comment>The composition of air was reported to be 79% N2 and 21% O2.</comment>
</experiment>
