<experiment>
    <fileAuthor>András Szanthoffer, Chemical Kinetics Laboratory, Institute of Chemistry, ELTE, Budapest, Hungary</fileAuthor>
    <fileDOI>10.24388/x20199020</fileDOI>
    <fileVersion>
        <major>2</major>
        <minor>0</minor>
    </fileVersion>
    <ReSpecThVersion>
        <major>2</major>
        <minor>4</minor>
    </ReSpecThVersion>
    <firstPublicationDate>2023-08-03</firstPublicationDate>
    <lastModificationDate>2023-08-03</lastModificationDate>
    <bibliographyLink>
        <description>D. Wang, C. Ji, Z. Wang, S. Wang, T. Zhang, J. Yang, Fuel 279 (2020), 118425</description>
        <referenceDOI>10.1016/j.fuel.2020.118425</referenceDOI>
        <location>Main article and Supp. Mat.</location>
        <table>Supp. Mat. mmc1, Oxygen fraction worksheet, omega = 1.0</table>
        <figure>Fig. 3., omega = 1.0</figure>
        <details>
            <author>Wang, Du and Ji, Changwei and Wang, Zhe and Wang, Shuofeng and Zhang, Tianyue and Yang, Jinxin</author>
            <journal>Fuel</journal>
            <pages>118425</pages>
            <title>Measurement of oxy-ammonia laminar burning velocity at normal and elevated temperatures</title>
            <type>Journal Article</type>
            <volume>279</volume>
            <year>2020</year>
        </details>
    </bibliographyLink>
    <experimentType>laminar burning velocity measurement</experimentType>
    <apparatus>
        <kind>outwardly propagating spherical flame</kind>
        <mode>constant volume combustion chamber</mode>
        <mode>premixed</mode>
        <mode>laminar</mode>
        <mode>unstretched</mode>
        <mode>extrapolation method to zero stretch: LC</mode>
    </apparatus>
    <commonProperties>
        <property name="temperature"  label="T"  sourcetype="reported"  units="K"   ><value>303</value></property>
        <property name="pressure"     label="p"  sourcetype="reported"  units="MPa" ><value>0.1</value></property>
    </commonProperties>
    <dataGroup id="dg1">
        <property name="equivalence ratio"             id="x1"   label="phi"    sourcetype="reported"    units="unitless"      />
        <property name="composition"                   id="x2"   label="x_NH3"  sourcetype="calculated"  units="mole fraction" >
            <speciesLink preferredKey="NH3"  CAS="7664-41-7"  InChI="1S/H3N/h1H3"  SMILES="N"    chemName="ammonia" />
        </property>
        <property name="composition"                   id="x3"   label="x_O2"   sourcetype="calculated"  units="mole fraction" >
            <speciesLink preferredKey="O2"   CAS="7782-44-7"  InChI="1S/O2/c1-2"   SMILES="O=O"  chemName="oxygen"  />
        </property>
        <property name="laminar burning velocity"      id="x4"   label="Sl"     sourcetype="reported"    units="cm/s"          />
        <property name="uncertainty"                   id="x5"   label="d_Sl"   sourcetype="reported"    units="cm/s"           reference="laminar burning velocity"  kind="absolute"  bound="plusminus" />
        <property name="evaluated standard deviation"  id="x6"   sourcetype="estimated"   units="cm/s"           reference="laminar burning velocity"  kind="absolute"  method="combined from scatter and reported uncertainty" />

        <dataPoint><x1>0.6</x1><x2>0.444444</x2><x3>0.555556</x3><x4>93.2</x4><x5>4.3</x5><x6>2.389</x6></dataPoint>
        <dataPoint><x1>0.7</x1><x2>0.482759</x2><x3>0.517241</x3><x4>117.7</x4><x5>6.5</x5><x6>3.516</x6></dataPoint>
        <dataPoint><x1>0.8</x1><x2>0.516129</x2><x3>0.483871</x3><x4>122.9</x4><x5>5.7</x5><x6>3.173</x6></dataPoint>
        <dataPoint><x1>0.9</x1><x2>0.545455</x2><x3>0.454545</x3><x4>125.1</x4><x5>6.0</x5><x6>3.310</x6></dataPoint>
        <dataPoint><x1>1.0</x1><x2>0.571429</x2><x3>0.428571</x3><x4>121.2</x4><x5>5.6</x5><x6>3.103</x6></dataPoint>
        <dataPoint><x1>1.1</x1><x2>0.594595</x2><x3>0.405405</x3><x4>113.1</x4><x5>5.2</x5><x6>2.912</x6></dataPoint>
        <dataPoint><x1>1.2</x1><x2>0.615385</x2><x3>0.384615</x3><x4>102.3</x4><x5>5.6</x5><x6>3.035</x6></dataPoint>
        <dataPoint><x1>1.3</x1><x2>0.634146</x2><x3>0.365854</x3><x4>87.4</x4><x5>6.6</x5><x6>3.424</x6></dataPoint>
        <dataPoint><x1>1.4</x1><x2>0.651163</x2><x3>0.348837</x3><x4>75.1</x4><x5>4.0</x5><x6>2.149</x6></dataPoint>
    </dataGroup>
</experiment>
