<experiment>
    <fileAuthor>Andras Gy. Szanthoffer, Chemical Kinetics Laboratory, Institute of Chemistry, ELTE, Budapest, Hungary</fileAuthor>
    <fileDOI>10.24388/x20101047</fileDOI>
    <fileVersion>
        <major>2</major>
        <minor>0</minor>
    </fileVersion>
    <ReSpecThVersion>
        <major>2</major>
        <minor>4</minor>
    </ReSpecThVersion>
    <firstPublicationDate>2023-03-13</firstPublicationDate>
    <lastModificationDate>2023-03-13</lastModificationDate>
    <bibliographyLink>
        <description>S. Zhou, W. Yang, H. Tan, Q. An, J. Wang, H. Dai, X. Wang, X. Wang, S. Deng, Combustion and Flame 233 (2021), 111594</description>
        <referenceDOI>10.1016/j.combustflame.2021.111594</referenceDOI>
        <location>Main article</location>
        <table>Table 1</table>
        <figure>Fig. 2. (alpha = 0.5, beta = 0.1), T = 323 K</figure>
        <details>
            <author>Shangkun Zhou and Wenjun Yang and Houzhang Tan and Qiwei An and Jinhua Wang and Hongchao Dai and Xiaoxiao Wang and Xuebin Wang and Shuanghui Deng</author>
            <journal>Combustion and Flame</journal>
            <pages>111594</pages>
            <title>Experimental and kinetic modeling study on NH3/syngas/air and NH3/bio-syngas/air premixed laminar flames at elevated temperature</title>
            <volume>233</volume>
            <year>2021</year>
        </details>
    </bibliographyLink>
    <experimentType>laminar burning velocity measurement</experimentType>
    <apparatus>
        <kind>outwardly propagating spherical flame</kind>
        <mode>premixed</mode>
    </apparatus>
    <commonProperties>
        <property name="pressure"  label="p"  sourcetype="reported"  units="atm" ><value>1</value></property>
    </commonProperties>
    <dataGroup id="dg1">
        <property name="equivalence ratio"             id="x1"   label="phi"    sourcetype="reported"    units="unitless"      />
        <property name="temperature"                   id="x2"   label="T"      sourcetype="reported"    units="K"             />
        <property name="composition"                   id="x3"   label="x_H2"   sourcetype="calculated"  units="mole fraction" >
            <speciesLink preferredKey="H2"   CAS="1333-74-0"  InChI="1S/H2/h1H"    SMILES="[HH]"       chemName="hydrogen"        />
        </property>
        <property name="composition"                   id="x4"   label="x_CO"   sourcetype="calculated"  units="mole fraction" >
            <speciesLink preferredKey="CO"   CAS="630-08-0"   InChI="1S/CO/c1-2"   SMILES="[C-]#[O+]"  chemName="carbon monoxide" />
        </property>
        <property name="composition"                   id="x5"   label="x_NH3"  sourcetype="calculated"  units="mole fraction" >
            <speciesLink preferredKey="NH3"  CAS="7664-41-7"  InChI="1S/H3N/h1H3"  SMILES="N"          chemName="ammonia"         />
        </property>
        <property name="composition"                   id="x6"   label="x_O2"   sourcetype="calculated"  units="mole fraction" >
            <speciesLink preferredKey="O2"   CAS="7782-44-7"  InChI="1S/O2/c1-2"   SMILES="O=O"        chemName="oxygen"          />
        </property>
        <property name="composition"                   id="x7"   label="x_N2"   sourcetype="calculated"  units="mole fraction" >
            <speciesLink preferredKey="N2"   CAS="7727-37-9"  InChI="1S/N2/c1-2"   SMILES="N#N"        chemName="nitrogen"        />
        </property>
        <property name="laminar burning velocity"      id="x8"   label="Sl"     sourcetype="reported"    units="cm/s"          />
        <property name="uncertainty"                   id="x9"   label="d_Sl"   sourcetype="reported"    units="cm/s"           reference="laminar burning velocity"  kind="absolute"  bound="plusminus" />
        <property name="evaluated standard deviation"  id="x10"  sourcetype="estimated"   units="cm/s"           reference="laminar burning velocity"  kind="absolute"  method="combined from scatter and reported uncertainty" />

        <dataPoint><x1>0.7052</x1><x2>323.20</x2><x3>0.009578</x3><x4>0.086201</x4><x5>0.095779</x5><x6>0.169773</x6><x7>0.638670</x7><x8>16.739</x8><x9>1.226</x9><x10>0.6334</x10></dataPoint>
        <dataPoint><x1>0.7985</x1><x2>322.95</x2><x3>0.010577</x3><x4>0.095193</x4><x5>0.105770</x5><x6>0.165577</x6><x7>0.622884</x7><x8>22.281</x8><x9>1.885</x9><x10>0.9663</x10></dataPoint>
        <dataPoint><x1>0.9057</x1><x2>322.95</x2><x3>0.011666</x3><x4>0.104991</x4><x5>0.116657</x5><x6>0.161004</x6><x7>0.605682</x7><x8>27.702</x8><x9>0.836</x9><x10>0.4943</x10></dataPoint>
        <dataPoint><x1>1.0080</x1><x2>323.20</x2><x3>0.012650</x3><x4>0.113846</x4><x5>0.126495</x5><x6>0.156872</x6><x7>0.590137</x7><x8>30.673</x8><x9>1.194</x9><x10>0.6646</x10></dataPoint>
        <dataPoint><x1>1.1090</x1><x2>323.00</x2><x3>0.013573</x3><x4>0.122161</x4><x5>0.135734</x5><x6>0.152992</x6><x7>0.575540</x7><x8>32.316</x8><x9>0.803</x9><x10>0.5058</x10></dataPoint>
        <dataPoint><x1>1.2110</x1><x2>323.00</x2><x3>0.014460</x3><x4>0.130144</x4><x5>0.144604</x5><x6>0.149266</x6><x7>0.561525</x7><x8>30.844</x8><x9>2.600</x9><x10>1.3327</x10></dataPoint>
        <dataPoint><x1>1.3119</x1><x2>323.25</x2><x3>0.015297</x3><x4>0.137677</x4><x5>0.152974</x5><x6>0.145751</x6><x7>0.548301</x7><x8>27.979</x8><x9>1.865</x9><x10>0.9699</x10></dataPoint>
        <dataPoint><x1>1.4135</x1><x2>323.05</x2><x3>0.016100</x3><x4>0.144904</x4><x5>0.161005</x5><x6>0.142378</x6><x7>0.535613</x7><x8>25.045</x8><x9>2.055</x9><x10>1.0547</x10></dataPoint>
    </dataGroup>
    <comment>The numerical phi-T-Sl-d_Sl data were obtained through personal communication with the corresponding author.</comment>
    <comment>phi = (0.5 * (x_H2 + x_CO) + 0.75 * x_NH3) / x_O2 was assumed, and air was assumed to be composed of 21% O2 and 79% N2.</comment>
</experiment>
