<experiment>
    <fileAuthor>András Szanthoffer, Chemical Kinetics Laboratory, Institute of Chemistry, ELTE, Budapest, Hungary</fileAuthor>
    <fileDOI>10.24388/x20199017</fileDOI>
    <fileVersion>
        <major>2</major>
        <minor>0</minor>
    </fileVersion>
    <ReSpecThVersion>
        <major>2</major>
        <minor>4</minor>
    </ReSpecThVersion>
    <firstPublicationDate>2023-08-03</firstPublicationDate>
    <lastModificationDate>2023-08-03</lastModificationDate>
    <bibliographyLink>
        <description>B. Mei, X. Zhang, S. Ma, M. Cui, H. Guo, Z. Cao, Y. Li, Combustion and Flame 210 (2019), 236–246</description>
        <referenceDOI>10.1016/j.combustflame.2019.08.033</referenceDOI>
        <location>Main article and Supp. Mat.</location>
        <table>Supp. Mat. mmc2, NH3-O2-N2 with various O2 content, phi = 1.5</table>
        <figure>Fig. 7. c) squares</figure>
        <details>
            <author>Mei, Bowen and Zhang, Xiaoyuan and Ma, Siyuan and Cui, Mingli and Guo, Hanwen and Cao, Zhihao and Li, Yuyang</author>
            <journal>Combustion and Flame</journal>
            <pages>236–246</pages>
            <title>Experimental and kinetic modeling investigation on the laminar flame propagation of ammonia under oxygen enrichment and elevated pressure conditions</title>
            <type>Journal Article</type>
            <volume>210</volume>
            <year>2019</year>
        </details>
    </bibliographyLink>
    <experimentType>laminar burning velocity measurement</experimentType>
    <apparatus>
        <kind>outwardly propagating spherical flame</kind>
        <mode>constant volume combustion chamber</mode>
        <mode>premixed</mode>
        <mode>laminar</mode>
        <mode>unstretched</mode>
        <mode>extrapolation method to zero stretch: NQ</mode>
    </apparatus>
    <commonProperties>
        <property name="temperature"        label="T"    sourcetype="reported"  units="K"        ><value>298</value></property>
        <property name="pressure"           label="p"    sourcetype="reported"  units="atm"      ><value>1.0</value></property>
        <property name="equivalence ratio"  label="phi"  sourcetype="reported"  units="unitless" ><value>1.5</value></property>
    </commonProperties>
    <dataGroup id="dg1">
        <property name="composition"                   id="x1"   label="x_NH3"  sourcetype="calculated"  units="mole fraction" >
            <speciesLink preferredKey="NH3"  CAS="7664-41-7"  InChI="1S/H3N/h1H3"  SMILES="N"    chemName="ammonia"  />
        </property>
        <property name="composition"                   id="x2"   label="x_O2"   sourcetype="calculated"  units="mole fraction" >
            <speciesLink preferredKey="O2"   CAS="7782-44-7"  InChI="1S/O2/c1-2"   SMILES="O=O"  chemName="oxygen"   />
        </property>
        <property name="composition"                   id="x3"   label="x_N2"   sourcetype="calculated"  units="mole fraction" >
            <speciesLink preferredKey="N2"   CAS="7727-37-9"  InChI="1S/N2/c1-2"   SMILES="N#N"  chemName="nitrogen" />
        </property>
        <property name="laminar burning velocity"      id="x4"   label="Sl"     sourcetype="reported"    units="cm/s"          />
        <property name="uncertainty"                   id="x5"   label="d_Sl"   sourcetype="reported"    units="cm/s"           reference="laminar burning velocity"  kind="absolute"  bound="plusminus" />
        <property name="evaluated standard deviation"  id="x6"   sourcetype="estimated"   units="cm/s"           reference="laminar burning velocity"  kind="absolute"  method="combined from scatter and reported uncertainty" />

        <dataPoint><x1>0.333333</x1><x2>0.166667</x2><x3>0.500000</x3><x4>7.58</x4><x5>0.81</x5><x6>0.500</x6></dataPoint>
        <dataPoint><x1>0.375000</x1><x2>0.187500</x2><x3>0.437500</x3><x4>11.78</x4><x5>0.80</x5><x6>0.500</x6></dataPoint>
        <dataPoint><x1>0.411765</x1><x2>0.205882</x2><x3>0.382353</x3><x4>17.28</x4><x5>0.83</x5><x6>0.500</x6></dataPoint>
        <dataPoint><x1>0.444444</x1><x2>0.222222</x2><x3>0.333333</x3><x4>22.29</x4><x5>0.87</x5><x6>0.525</x6></dataPoint>
        <dataPoint><x1>0.473684</x1><x2>0.236842</x2><x3>0.289474</x3><x4>27.46</x4><x5>1.01</x5><x6>0.622</x6></dataPoint>
    </dataGroup>
</experiment>
