<experiment>
    <fileAuthor>Andras Gy. Szanthoffer, Chemical Kinetics Laboratory, Institute of Chemistry, ELTE, Budapest, Hungary</fileAuthor>
    <fileDOI>10.24388/x20101056</fileDOI>
    <fileVersion>
        <major>2</major>
        <minor>0</minor>
    </fileVersion>
    <ReSpecThVersion>
        <major>2</major>
        <minor>4</minor>
    </ReSpecThVersion>
    <firstPublicationDate>2023-03-13</firstPublicationDate>
    <lastModificationDate>2023-03-13</lastModificationDate>
    <bibliographyLink>
        <description>S. Zhou, W. Yang, H. Tan, Q. An, J. Wang, H. Dai, X. Wang, X. Wang, S. Deng, Combustion and Flame 233 (2021), 111594</description>
        <referenceDOI>10.1016/j.combustflame.2021.111594</referenceDOI>
        <location>Main article</location>
        <table>Table 1</table>
        <figure>Fig. 2. (alpha = 0.5, beta = 0.9), T = 373 K</figure>
        <details>
            <author>Shangkun Zhou and Wenjun Yang and Houzhang Tan and Qiwei An and Jinhua Wang and Hongchao Dai and Xiaoxiao Wang and Xuebin Wang and Shuanghui Deng</author>
            <journal>Combustion and Flame</journal>
            <pages>111594</pages>
            <title>Experimental and kinetic modeling study on NH3/syngas/air and NH3/bio-syngas/air premixed laminar flames at elevated temperature</title>
            <volume>233</volume>
            <year>2021</year>
        </details>
    </bibliographyLink>
    <experimentType>laminar burning velocity measurement</experimentType>
    <apparatus>
        <kind>outwardly propagating spherical flame</kind>
        <mode>premixed</mode>
    </apparatus>
    <commonProperties>
        <property name="pressure"  label="p"  sourcetype="reported"  units="atm" ><value>1</value></property>
    </commonProperties>
    <dataGroup id="dg1">
        <property name="equivalence ratio"             id="x1"   label="phi"    sourcetype="reported"    units="unitless"      />
        <property name="temperature"                   id="x2"   label="T"      sourcetype="reported"    units="K"             />
        <property name="composition"                   id="x3"   label="x_H2"   sourcetype="calculated"  units="mole fraction" >
            <speciesLink preferredKey="H2"   CAS="1333-74-0"  InChI="1S/H2/h1H"    SMILES="[HH]"       chemName="hydrogen"        />
        </property>
        <property name="composition"                   id="x4"   label="x_CO"   sourcetype="calculated"  units="mole fraction" >
            <speciesLink preferredKey="CO"   CAS="630-08-0"   InChI="1S/CO/c1-2"   SMILES="[C-]#[O+]"  chemName="carbon monoxide" />
        </property>
        <property name="composition"                   id="x5"   label="x_NH3"  sourcetype="calculated"  units="mole fraction" >
            <speciesLink preferredKey="NH3"  CAS="7664-41-7"  InChI="1S/H3N/h1H3"  SMILES="N"          chemName="ammonia"         />
        </property>
        <property name="composition"                   id="x6"   label="x_O2"   sourcetype="calculated"  units="mole fraction" >
            <speciesLink preferredKey="O2"   CAS="7782-44-7"  InChI="1S/O2/c1-2"   SMILES="O=O"        chemName="oxygen"          />
        </property>
        <property name="composition"                   id="x7"   label="x_N2"   sourcetype="calculated"  units="mole fraction" >
            <speciesLink preferredKey="N2"   CAS="7727-37-9"  InChI="1S/N2/c1-2"   SMILES="N#N"        chemName="nitrogen"        />
        </property>
        <property name="laminar burning velocity"      id="x8"   label="Sl"     sourcetype="reported"    units="cm/s"          />
        <property name="uncertainty"                   id="x9"   label="d_Sl"   sourcetype="reported"    units="cm/s"           reference="laminar burning velocity"  kind="absolute"  bound="plusminus" />
        <property name="evaluated standard deviation"  id="x10"  sourcetype="estimated"   units="cm/s"           reference="laminar burning velocity"  kind="absolute"  method="combined from scatter and reported uncertainty" />

        <dataPoint><x1>0.8059</x1><x2>373.15</x2><x3>0.095886</x3><x4>0.010654</x4><x5>0.106540</x5><x6>0.165253</x6><x7>0.621666</x7><x8>54.806</x8><x9>2.993</x9><x10>1.6989</x10></dataPoint>
        <dataPoint><x1>0.8961</x1><x2>373.15</x2><x3>0.104132</x3><x4>0.011570</x4><x5>0.115702</x5><x6>0.161405</x6><x7>0.607191</x7><x8>59.549</x8><x9>2.695</x9><x10>1.6057</x10></dataPoint>
        <dataPoint><x1>1.0047</x1><x2>372.95</x2><x3>0.113574</x3><x4>0.012619</x4><x5>0.126193</x5><x6>0.156999</x6><x7>0.590615</x7><x8>65.290</x8><x9>3.299</x9><x10>1.9075</x10></dataPoint>
        <dataPoint><x1>1.1095</x1><x2>372.90</x2><x3>0.122201</x3><x4>0.013578</x4><x5>0.135779</x5><x6>0.152973</x6><x7>0.575469</x7><x8>66.295</x8><x9>3.163</x9><x10>1.8564</x10></dataPoint>
        <dataPoint><x1>1.2117</x1><x2>373.00</x2><x3>0.130201</x3><x4>0.014467</x4><x5>0.144667</x5><x6>0.149240</x6><x7>0.561426</x7><x8>65.928</x8><x9>1.692</x9><x10>1.2849</x10></dataPoint>
        <dataPoint><x1>1.3138</x1><x2>373.25</x2><x3>0.137808</x3><x4>0.015312</x4><x5>0.153120</x5><x6>0.145690</x6><x7>0.548071</x7><x8>57.969</x8><x9>3.034</x9><x10>1.7392</x10></dataPoint>
        <dataPoint><x1>1.4128</x1><x2>372.85</x2><x3>0.144853</x3><x4>0.016095</x4><x5>0.160948</x5><x6>0.142402</x6><x7>0.535702</x7><x8>49.746</x8><x9>1.616</x9><x10>1.0887</x10></dataPoint>
    </dataGroup>
    <comment>The numerical phi-T-Sl-d_Sl data were obtained through personal communication with the corresponding author.</comment>
    <comment>phi = (0.5 * (x_H2 + x_CO) + 0.75 * x_NH3) / x_O2 was assumed, and air was assumed to be composed of 21% O2 and 79% N2.</comment>
</experiment>
