<experiment>
    <fileAuthor>Andras Gy. Szanthoffer, Chemical Kinetics Laboratory, Institute of Chemistry, ELTE, Budapest, Hungary</fileAuthor>
    <fileDOI>10.24388/x20101054</fileDOI>
    <fileVersion>
        <major>2</major>
        <minor>0</minor>
    </fileVersion>
    <ReSpecThVersion>
        <major>2</major>
        <minor>4</minor>
    </ReSpecThVersion>
    <firstPublicationDate>2023-03-13</firstPublicationDate>
    <lastModificationDate>2023-03-13</lastModificationDate>
    <bibliographyLink>
        <description>S. Zhou, W. Yang, H. Tan, Q. An, J. Wang, H. Dai, X. Wang, X. Wang, S. Deng, Combustion and Flame 233 (2021), 111594</description>
        <referenceDOI>10.1016/j.combustflame.2021.111594</referenceDOI>
        <location>Main article</location>
        <table>Table 1</table>
        <figure>Fig. 2. (alpha = 0.5, beta = 0.9), T = 298 K</figure>
        <details>
            <author>Shangkun Zhou and Wenjun Yang and Houzhang Tan and Qiwei An and Jinhua Wang and Hongchao Dai and Xiaoxiao Wang and Xuebin Wang and Shuanghui Deng</author>
            <journal>Combustion and Flame</journal>
            <pages>111594</pages>
            <title>Experimental and kinetic modeling study on NH3/syngas/air and NH3/bio-syngas/air premixed laminar flames at elevated temperature</title>
            <volume>233</volume>
            <year>2021</year>
        </details>
    </bibliographyLink>
    <experimentType>laminar burning velocity measurement</experimentType>
    <apparatus>
        <kind>outwardly propagating spherical flame</kind>
        <mode>premixed</mode>
    </apparatus>
    <commonProperties>
        <property name="pressure"  label="p"  sourcetype="reported"  units="atm" ><value>1</value></property>
    </commonProperties>
    <dataGroup id="dg1">
        <property name="equivalence ratio"             id="x1"   label="phi"    sourcetype="reported"    units="unitless"      />
        <property name="temperature"                   id="x2"   label="T"      sourcetype="reported"    units="K"             />
        <property name="composition"                   id="x3"   label="x_H2"   sourcetype="calculated"  units="mole fraction" >
            <speciesLink preferredKey="H2"   CAS="1333-74-0"  InChI="1S/H2/h1H"    SMILES="[HH]"       chemName="hydrogen"        />
        </property>
        <property name="composition"                   id="x4"   label="x_CO"   sourcetype="calculated"  units="mole fraction" >
            <speciesLink preferredKey="CO"   CAS="630-08-0"   InChI="1S/CO/c1-2"   SMILES="[C-]#[O+]"  chemName="carbon monoxide" />
        </property>
        <property name="composition"                   id="x5"   label="x_NH3"  sourcetype="calculated"  units="mole fraction" >
            <speciesLink preferredKey="NH3"  CAS="7664-41-7"  InChI="1S/H3N/h1H3"  SMILES="N"          chemName="ammonia"         />
        </property>
        <property name="composition"                   id="x6"   label="x_O2"   sourcetype="calculated"  units="mole fraction" >
            <speciesLink preferredKey="O2"   CAS="7782-44-7"  InChI="1S/O2/c1-2"   SMILES="O=O"        chemName="oxygen"          />
        </property>
        <property name="composition"                   id="x7"   label="x_N2"   sourcetype="calculated"  units="mole fraction" >
            <speciesLink preferredKey="N2"   CAS="7727-37-9"  InChI="1S/N2/c1-2"   SMILES="N#N"        chemName="nitrogen"        />
        </property>
        <property name="laminar burning velocity"      id="x8"   label="Sl"     sourcetype="reported"    units="cm/s"          />
        <property name="uncertainty"                   id="x9"   label="d_Sl"   sourcetype="reported"    units="cm/s"           reference="laminar burning velocity"  kind="absolute"  bound="plusminus" />
        <property name="evaluated standard deviation"  id="x10"  sourcetype="estimated"   units="cm/s"           reference="laminar burning velocity"  kind="absolute"  method="combined from scatter and reported uncertainty" />

        <dataPoint><x1>0.8080</x1><x2>298.30</x2><x3>0.096087</x3><x4>0.010676</x4><x5>0.106763</x5><x6>0.165159</x6><x7>0.621314</x7><x8>30.343</x8><x9>1.963</x9><x10>1.0483</x10></dataPoint>
        <dataPoint><x1>0.9125</x1><x2>298.05</x2><x3>0.105597</x3><x4>0.011733</x4><x5>0.117330</x5><x6>0.160721</x6><x7>0.604618</x7><x8>35.356</x8><x9>1.190</x9><x10>0.7334</x10></dataPoint>
        <dataPoint><x1>1.0122</x1><x2>297.95</x2><x3>0.114201</x3><x4>0.012689</x4><x5>0.126890</x5><x6>0.156706</x6><x7>0.589513</x7><x8>41.251</x8><x9>2.619</x9><x10>1.4015</x10></dataPoint>
        <dataPoint><x1>1.1073</x1><x2>298.10</x2><x3>0.122021</x3><x4>0.013558</x4><x5>0.135579</x5><x6>0.153057</x6><x7>0.575785</x7><x8>44.054</x8><x9>2.414</x9><x10>1.3196</x10></dataPoint>
        <dataPoint><x1>1.2099</x1><x2>298.10</x2><x3>0.130065</x3><x4>0.014452</x4><x5>0.144517</x5><x6>0.149303</x6><x7>0.561664</x7><x8>43.329</x8><x9>2.565</x9><x10>1.3857</x10></dataPoint>
        <dataPoint><x1>1.3161</x1><x2>298.10</x2><x3>0.137976</x3><x4>0.015331</x4><x5>0.153307</x5><x6>0.145611</x6><x7>0.547775</x7><x8>38.938</x8><x9>2.453</x9><x10>1.3144</x10></dataPoint>
        <dataPoint><x1>1.4211</x1><x2>298.20</x2><x3>0.145429</x3><x4>0.016159</x4><x5>0.161588</x5><x6>0.142133</x6><x7>0.534691</x7><x8>30.338</x8><x9>2.410</x9><x10>1.2598</x10></dataPoint>
    </dataGroup>
    <comment>The numerical phi-T-Sl-d_Sl data were obtained through personal communication with the corresponding author.</comment>
    <comment>phi = (0.5 * (x_H2 + x_CO) + 0.75 * x_NH3) / x_O2 was assumed, and air was assumed to be composed of 21% O2 and 79% N2.</comment>
</experiment>
