<experiment>
    <fileAuthor>Andras Gy. Szanthoffer, Chemical Kinetics Laboratory, Institute of Chemistry, ELTE, Budapest, Hungary</fileAuthor>
    <fileDOI>10.24388/x20101078</fileDOI>
    <fileVersion>
        <major>2</major>
        <minor>0</minor>
    </fileVersion>
    <ReSpecThVersion>
        <major>2</major>
        <minor>4</minor>
    </ReSpecThVersion>
    <firstPublicationDate>2023-03-13</firstPublicationDate>
    <lastModificationDate>2023-03-13</lastModificationDate>
    <bibliographyLink>
        <description>G. Yin, C. Wang, M. Zhou, Y. Zhou, E. Hu, Z. Huang, Frontiers in Energy (2021)</description>
        <referenceDOI>10.1007/s11708-021-0791-7</referenceDOI>
        <location>Main article</location>
        <table>Table 1, Case 8</table>
        <figure>Fig. 6. d)</figure>
        <details>
            <author>Geyuan Yin and Chaojun Wang and Meng Zhou and Yajie Zhou and Erjiang Hu and Zuohua Huang</author>
            <journal>Frontiers in Energy</journal>
            <title>Experimental and kinetic study on laminar flame speeds of ammonia/syngas/air at a high temperature and elevated pressure</title>
            <year>2021</year>
        </details>
    </bibliographyLink>
    <experimentType>laminar burning velocity measurement</experimentType>
    <apparatus>
        <kind>outwardly propagating spherical flame</kind>
        <mode>premixed</mode>
    </apparatus>
    <commonProperties>
        <property name="pressure"     label="p"  sourcetype="reported"  units="atm" ><value>1</value></property>
        <property name="temperature"  label="T"  sourcetype="reported"  units="K"   ><value>298</value></property>
    </commonProperties>
    <dataGroup id="dg1">
        <property name="equivalence ratio"             id="x1"   label="phi"    sourcetype="reported"    units="unitless"      />
        <property name="composition"                   id="x2"   label="x_H2"   sourcetype="calculated"  units="mole fraction" >
            <speciesLink preferredKey="H2"   CAS="1333-74-0"  InChI="1S/H2/h1H"    SMILES="[HH]"       chemName="hydrogen"        />
        </property>
        <property name="composition"                   id="x3"   label="x_CO"   sourcetype="calculated"  units="mole fraction" >
            <speciesLink preferredKey="CO"   CAS="630-08-0"   InChI="1S/CO/c1-2"   SMILES="[C-]#[O+]"  chemName="carbon monoxide" />
        </property>
        <property name="composition"                   id="x4"   label="x_NH3"  sourcetype="calculated"  units="mole fraction" >
            <speciesLink preferredKey="NH3"  CAS="7664-41-7"  InChI="1S/H3N/h1H3"  SMILES="N"          chemName="ammonia"         />
        </property>
        <property name="composition"                   id="x5"   label="x_O2"   sourcetype="calculated"  units="mole fraction" >
            <speciesLink preferredKey="O2"   CAS="7782-44-7"  InChI="1S/O2/c1-2"   SMILES="O=O"        chemName="oxygen"          />
        </property>
        <property name="composition"                   id="x6"   label="x_N2"   sourcetype="calculated"  units="mole fraction" >
            <speciesLink preferredKey="N2"   CAS="7727-37-9"  InChI="1S/N2/c1-2"   SMILES="N#N"        chemName="nitrogen"        />
        </property>
        <property name="laminar burning velocity"      id="x7"   label="Sl"     sourcetype="reported"    units="cm/s"          />
        <property name="uncertainty"                   id="x8"   label="d_Sl"   sourcetype="reported"    units="cm/s"           reference="laminar burning velocity"  kind="absolute"  bound="plusminus" />
        <property name="evaluated standard deviation"  id="x9"   sourcetype="estimated"   units="cm/s"           reference="laminar burning velocity"  kind="absolute"  method="combined from scatter and reported uncertainty" />

        <dataPoint><x1>0.7</x1><x2>0.071260</x2><x3>0.071260</x3><x4>0.061080</x4><x5>0.167244</x5><x6>0.629155</x6><x7>33.891</x7><x8>1.643</x8><x9>0.9061</x9></dataPoint>
        <dataPoint><x1>0.8</x1><x2>0.079139</x2><x3>0.079139</x3><x4>0.067833</x4><x5>0.162517</x5><x6>0.611373</x6><x7>43.564</x7><x8>0.597</x8><x9>0.5749</x9></dataPoint>
        <dataPoint><x1>0.9</x1><x2>0.086584</x2><x3>0.086584</x3><x4>0.074215</x4><x5>0.158050</x5><x6>0.594568</x6><x7>50.488</x7><x8>2.349</x8><x9>1.3055</x9></dataPoint>
        <dataPoint><x1>1.0</x1><x2>0.093631</x2><x3>0.093631</x3><x4>0.080255</x4><x5>0.153822</x5><x6>0.578662</x6><x7>56.533</x7><x8>1.673</x8><x9>1.0519</x9></dataPoint>
        <dataPoint><x1>1.1</x1><x2>0.100310</x2><x3>0.100310</x3><x4>0.085980</x4><x5>0.149814</x5><x6>0.563586</x6><x7>61.238</x7><x8>0.888</x8><x9>0.8213</x9></dataPoint>
        <dataPoint><x1>1.2</x1><x2>0.106651</x2><x3>0.106651</x3><x4>0.091415</x4><x5>0.146010</x5><x6>0.549274</x6><x7>64.759</x7><x8>1.326</x8><x9>0.9864</x9></dataPoint>
        <dataPoint><x1>1.3</x1><x2>0.112677</x2><x3>0.112677</x3><x4>0.096580</x4><x5>0.142394</x5><x6>0.535672</x6><x7>63.468</x7><x8>0.634</x8><x9>0.783</x9></dataPoint>
        <dataPoint><x1>1.4</x1><x2>0.118412</x2><x3>0.118412</x3><x4>0.101496</x4><x5>0.138953</x5><x6>0.522727</x6><x7>60.207</x7><x8>1.400</x8><x9>0.9755</x9></dataPoint>
        <dataPoint><x1>1.5</x1><x2>0.123876</x2><x3>0.123876</x3><x4>0.106180</x4><x5>0.135674</x5><x6>0.510393</x6><x7>54.705</x7><x8>2.574</x8><x9>1.4274</x9></dataPoint>
        <dataPoint><x1>1.6</x1><x2>0.129089</x2><x3>0.129089</x3><x4>0.110648</x4><x5>0.132547</x5><x6>0.498628</x6><x7>49.019</x7><x8>0.694</x8><x9>0.6527</x9></dataPoint>
    </dataGroup>
    <comment>The numerical Sl-d_Sl data were obtained through personal communication with the corresponding author.</comment>
    <comment>phi = (0.5 * (x_H2 + x_CO) + 0.75 * x_NH3) / x_O2 was assumed, and air was assumed to be composed of 21% O2 and 79% N2.</comment>
</experiment>
