<experiment>
    <fileAuthor>András Szanthoffer, Chemical Kinetics Laboratory, Institute of Chemistry, ELTE, Budapest, Hungary</fileAuthor>
    <fileDOI>10.24388/x20100079</fileDOI>
    <fileVersion>
        <major>2</major>
        <minor>0</minor>
    </fileVersion>
    <ReSpecThVersion>
        <major>2</major>
        <minor>4</minor>
    </ReSpecThVersion>
    <firstPublicationDate>2023-08-03</firstPublicationDate>
    <lastModificationDate>2023-08-03</lastModificationDate>
    <bibliographyLink>
        <description>N. Wang, S. Huang, Z. Zhang, T. Li, P. Yi, D. Wu, G. Chen, International Journal of Hydrogen Energy 46 (2021), 31879–31893</description>
        <referenceDOI>10.1016/j.ijhydene.2021.07.063</referenceDOI>
        <location>Main article</location>
        <table>Table 2, P0 = 0.1 MPa, xH2 = 20%</table>
        <figure>Fig. 9., black squares</figure>
        <details>
            <author>Wang, Ning and Huang, Shuai and Zhang, Zhifei and Li, Tie and Yi, Ping and Wu, Dawei and Chen, Gen</author>
            <journal>International Journal of Hydrogen Energy</journal>
            <number>62</number>
            <pages>31879–31893</pages>
            <title>Laminar burning characteristics of ammonia/hydrogen/air mixtures with laser ignition</title>
            <type>Journal Article</type>
            <volume>46</volume>
            <year>2021</year>
        </details>
    </bibliographyLink>
    <experimentType>laminar burning velocity measurement</experimentType>
    <apparatus>
        <kind>outwardly propagating spherical flame</kind>
        <mode>constant volume combustion chamber</mode>
        <mode>premixed</mode>
        <mode>laminar</mode>
        <mode>unstretched</mode>
        <mode>extrapolation method to zero stretch: LS</mode>
    </apparatus>
    <commonProperties>
        <property name="temperature"  label="T"  sourcetype="reported"  units="K"   ><value>360</value></property>
        <property name="pressure"     label="p"  sourcetype="reported"  units="MPa" ><value>0.1</value></property>
    </commonProperties>
    <dataGroup id="dg1">
        <property name="equivalence ratio"             id="x1"   label="phi"    sourcetype="reported"    units="unitless"      />
        <property name="composition"                   id="x2"   label="x_NH3"  sourcetype="calculated"  units="mole fraction" >
            <speciesLink preferredKey="NH3"  CAS="7664-41-7"  InChI="1S/H3N/h1H3"  SMILES="N"     chemName="ammonia"  />
        </property>
        <property name="composition"                   id="x3"   label="x_H2"   sourcetype="calculated"  units="mole fraction" >
            <speciesLink preferredKey="H2"   CAS="1333-74-0"  InChI="1S/H2/h1H"    SMILES="[HH]"  chemName="hydrogen" />
        </property>
        <property name="composition"                   id="x4"   label="x_O2"   sourcetype="calculated"  units="mole fraction" >
            <speciesLink preferredKey="O2"   CAS="7782-44-7"  InChI="1S/O2/c1-2"   SMILES="O=O"   chemName="oxygen"   />
        </property>
        <property name="composition"                   id="x5"   label="x_N2"   sourcetype="calculated"  units="mole fraction" >
            <speciesLink preferredKey="N2"   CAS="7727-37-9"  InChI="1S/N2/c1-2"   SMILES="N#N"   chemName="nitrogen" />
        </property>
        <property name="laminar burning velocity"      id="x6"   label="Sl"     sourcetype="digitized"   units="cm/s"          />
        <property name="uncertainty"                   id="x7"   label="d_Sl"   sourcetype="digitized"   units="cm/s"           reference="laminar burning velocity"  kind="absolute"  bound="plusminus" />
        <property name="evaluated standard deviation"  id="x8"   sourcetype="estimated"   units="cm/s"           reference="laminar burning velocity"  kind="absolute"  method="combined from scatter and reported uncertainty" />

        <dataPoint><x1>0.5</x1><x2>0.104348</x2><x3>0.026087</x3><x4>0.182609</x4><x5>0.686957</x5><x6>5.5</x6><x7>0.32</x7><x8>0.500</x8></dataPoint>
        <dataPoint><x1>0.6</x1><x2>0.122034</x2><x3>0.030508</x3><x4>0.177966</x4><x5>0.669492</x5><x6>7.5</x6><x7>0.54</x7><x8>0.570</x8></dataPoint>
        <dataPoint><x1>0.7</x1><x2>0.138843</x2><x3>0.034711</x3><x4>0.173554</x4><x5>0.652893</x5><x6>8.9</x6><x7>0.36</x7><x8>0.621</x8></dataPoint>
        <dataPoint><x1>0.8</x1><x2>0.154839</x2><x3>0.038710</x3><x4>0.169355</x4><x5>0.637097</x5><x6>11.7</x6><x7>1.46</x7><x8>1.066</x8></dataPoint>
        <dataPoint><x1>0.9</x1><x2>0.170079</x2><x3>0.042520</x3><x4>0.165354</x4><x5>0.622047</x5><x6>14.2</x6><x7>1.37</x7><x8>1.170</x8></dataPoint>
        <dataPoint><x1>1.0</x1><x2>0.184615</x2><x3>0.046154</x3><x4>0.161538</x4><x5>0.607692</x5><x6>17.7</x6><x7>2.46</x7><x8>1.705</x8></dataPoint>
        <dataPoint><x1>1.1</x1><x2>0.198496</x2><x3>0.049624</x3><x4>0.157895</x4><x5>0.593985</x5><x6>18.4</x6><x7>2.94</x7><x8>1.916</x8></dataPoint>
        <dataPoint><x1>1.2</x1><x2>0.211765</x2><x3>0.052941</x3><x4>0.154412</x4><x5>0.580882</x5><x6>14.6</x6><x7>0.41</x7><x8>0.997</x8></dataPoint>
        <dataPoint><x1>1.3</x1><x2>0.224460</x2><x3>0.056115</x3><x4>0.151079</x4><x5>0.568345</x5><x6>12.1</x6><x7>0.98</x7><x8>0.947</x8></dataPoint>
        <dataPoint><x1>1.4</x1><x2>0.236620</x2><x3>0.059155</x3><x4>0.147887</x4><x5>0.556338</x5><x6>10.4</x6><x7>1.82</x7><x8>1.147</x8></dataPoint>
        <dataPoint><x1>1.5</x1><x2>0.248276</x2><x3>0.062069</x3><x4>0.144828</x4><x5>0.544828</x5><x6>6.6</x6><x7>1.94</x7><x8>1.058</x8></dataPoint>
    </dataGroup>
    <comment>The composition of air is assumed to be 79% N2 and 21% O2, and the equivalence ratio was assumed to be phi = (0.5 * x_H2 + 0.75 * x_NH3) / x_O2.</comment>
</experiment>
