<experiment>
    <fileAuthor>Andras Gy. Szanthoffer, Chemical Kinetics Laboratory, Institute of Chemistry, ELTE, Budapest, Hungary</fileAuthor>
    <fileDOI>10.24388/x20101012</fileDOI>
    <fileVersion>
        <major>2</major>
        <minor>0</minor>
    </fileVersion>
    <ReSpecThVersion>
        <major>2</major>
        <minor>4</minor>
    </ReSpecThVersion>
    <firstPublicationDate>2023-03-13</firstPublicationDate>
    <lastModificationDate>2023-03-13</lastModificationDate>
    <bibliographyLink>
        <description>X. Han, Z. Wang, Y. He, Y. Zhu, K. Cen, Combustion and Flame 213 (2020), 1-13</description>
        <referenceDOI>10.1016/j.combustflame.2019.11.032</referenceDOI>
        <location>Main Article (figure); Supp. Mat. (data source)</location>
        <figure>Fig. 4, X_SYN_B = 0.6.</figure>
        <details>
            <author>Xinlu Han and Zhihua Wang and Yong He and Yanqun Zhu and Kefa Cen</author>
            <journal>Combustion and Flame</journal>
            <pages>1-13</pages>
            <title>Experimental and kinetic modeling study of laminar burning velocities of NH3/syngas/air premixed flames</title>
            <volume>213</volume>
            <year>2020</year>
        </details>
    </bibliographyLink>
    <experimentType>laminar burning velocity measurement</experimentType>
    <apparatus>
        <kind>heat flux burner</kind>
        <mode>premixed</mode>
    </apparatus>
    <commonProperties>
        <property name="pressure"                      label="p"  sourcetype="reported"   units="atm"  ><value>1</value></property>
        <property name="temperature"                   label="T"  sourcetype="reported"   units="K"    ><value>298</value></property>
        <property name="evaluated standard deviation"  sourcetype="estimated"  units="cm/s"  reference="laminar burning velocity"  kind="absolute"  method="combined from scatter and reported uncertainty" ><value>0.5</value></property>
    </commonProperties>
    <dataGroup id="dg1">
        <property name="composition"               id="x1"   label="X_NH3"  sourcetype="reported"  units="mole fraction" >
            <speciesLink preferredKey="NH3"  CAS="7664-41-7"  InChI="1S/H3N/h1H3"  SMILES="N"          chemName="ammonia"         />
        </property>
        <property name="composition"               id="x2"   label="X_H2"   sourcetype="reported"  units="mole fraction" >
            <speciesLink preferredKey="H2"   CAS="1333-74-0"  InChI="1S/H2/h1H"    SMILES="[HH]"       chemName="hydrogen"        />
        </property>
        <property name="composition"               id="x3"   label="X_CO"   sourcetype="reported"  units="mole fraction" >
            <speciesLink preferredKey="CO"   CAS="630-08-0"   InChI="1S/CO/c1-2"   SMILES="[C-]#[O+]"  chemName="carbon monoxide" />
        </property>
        <property name="composition"               id="x4"   label="X_N2"   sourcetype="reported"  units="mole fraction" >
            <speciesLink preferredKey="N2"   CAS="7727-37-9"  InChI="1S/N2/c1-2"   SMILES="N#N"        chemName="nitrogen"        />
        </property>
        <property name="composition"               id="x5"   label="X_O2"   sourcetype="reported"  units="mole fraction" >
            <speciesLink preferredKey="O2"   CAS="7782-44-7"  InChI="1S/O2/c1-2"   SMILES="O=O"        chemName="oxygen"          />
        </property>
        <property name="laminar burning velocity"  id="x6"   label="Sl"     sourcetype="reported"  units="cm/s"          />
        <property name="uncertainty"               id="x7"   label="d_Sl"   sourcetype="reported"  units="cm/s"           reference="laminar burning velocity"  kind="absolute"  bound="plusminus" />
        <property name="equivalence ratio"         id="x8"   label="phi"    sourcetype="reported"  units="unitless"      />

        <dataPoint><x1>0.078715</x1><x2>0.059036</x2><x3>0.059036</x3><x4>0.634538</x4><x5>0.168675</x5><x6>21.6</x6><x7>0.6</x7><x8>0.70</x8></dataPoint>
        <dataPoint><x1>0.083168</x1><x2>0.062376</x2><x3>0.062376</x3><x4>0.625743</x4><x5>0.166337</x5><x6>25.3</x6><x7>0.6</x7><x8>0.75</x8></dataPoint>
        <dataPoint><x1>0.087500</x1><x2>0.065625</x2><x3>0.065625</x3><x4>0.617188</x4><x5>0.164062</x5><x6>29.0</x6><x7>0.5</x7><x8>0.80</x8></dataPoint>
        <dataPoint><x1>0.091715</x1><x2>0.068786</x2><x3>0.068786</x3><x4>0.608863</x4><x5>0.161850</x5><x6>32.5</x6><x7>0.5</x7><x8>0.85</x8></dataPoint>
        <dataPoint><x1>0.095817</x1><x2>0.071863</x2><x3>0.071863</x3><x4>0.600761</x4><x5>0.159696</x5><x6>35.6</x6><x7>0.5</x7><x8>0.90</x8></dataPoint>
        <dataPoint><x1>0.099812</x1><x2>0.074859</x2><x3>0.074859</x3><x4>0.592871</x4><x5>0.157598</x5><x6>38.2</x6><x7>0.4</x7><x8>0.95</x8></dataPoint>
        <dataPoint><x1>0.103704</x1><x2>0.077778</x2><x3>0.077778</x3><x4>0.585185</x4><x5>0.155556</x5><x6>40.1</x6><x7>0.5</x7><x8>1.00</x8></dataPoint>
        <dataPoint><x1>0.107495</x1><x2>0.080622</x2><x3>0.080622</x3><x4>0.577697</x4><x5>0.153565</x5><x6>41.9</x6><x7>0.5</x7><x8>1.05</x8></dataPoint>
        <dataPoint><x1>0.111191</x1><x2>0.083393</x2><x3>0.083393</x3><x4>0.570397</x4><x5>0.151625</x5><x6>42.9</x6><x7>0.5</x7><x8>1.10</x8></dataPoint>
        <dataPoint><x1>0.114795</x1><x2>0.086096</x2><x3>0.086096</x3><x4>0.563280</x4><x5>0.149733</x5><x6>43.4</x6><x7>0.5</x7><x8>1.15</x8></dataPoint>
        <dataPoint><x1>0.118310</x1><x2>0.088732</x2><x3>0.088732</x3><x4>0.556338</x4><x5>0.147887</x5><x6>43.3</x6><x7>0.5</x7><x8>1.20</x8></dataPoint>
        <dataPoint><x1>0.121739</x1><x2>0.091304</x2><x3>0.091304</x3><x4>0.549565</x4><x5>0.146087</x5><x6>42.6</x6><x7>0.5</x7><x8>1.25</x8></dataPoint>
        <dataPoint><x1>0.125086</x1><x2>0.093814</x2><x3>0.093814</x3><x4>0.542955</x4><x5>0.144330</x5><x6>41.5</x6><x7>0.5</x7><x8>1.30</x8></dataPoint>
        <dataPoint><x1>0.128353</x1><x2>0.096265</x2><x3>0.096265</x3><x4>0.536503</x4><x5>0.142615</x5><x6>39.3</x6><x7>0.5</x7><x8>1.35</x8></dataPoint>
        <dataPoint><x1>0.131544</x1><x2>0.098658</x2><x3>0.098658</x3><x4>0.530201</x4><x5>0.140940</x5><x6>36.9</x6><x7>0.5</x7><x8>1.40</x8></dataPoint>
        <dataPoint><x1>0.134660</x1><x2>0.100995</x2><x3>0.100995</x3><x4>0.524047</x4><x5>0.139303</x5><x6>34.1</x6><x7>0.6</x7><x8>1.45</x8></dataPoint>
        <dataPoint><x1>0.137705</x1><x2>0.103279</x2><x3>0.103279</x3><x4>0.518033</x4><x5>0.137705</x5><x6>31.7</x6><x7>0.5</x7><x8>1.50</x8></dataPoint>
        <dataPoint><x1>0.140681</x1><x2>0.105511</x2><x3>0.105511</x3><x4>0.512156</x4><x5>0.136143</x5><x6>28.7</x6><x7>0.5</x7><x8>1.55</x8></dataPoint>
        <dataPoint><x1>0.143590</x1><x2>0.107692</x2><x3>0.107692</x3><x4>0.506410</x4><x5>0.134615</x5><x6>25.6</x6><x7>0.6</x7><x8>1.60</x8></dataPoint>
    </dataGroup>
    <comment>The reported data are from Supp. Mat.: SYN_B, X_SYN_B = 0.6</comment>
</experiment>
