<experiment>
    <fileAuthor>Andras Gy. Szanthoffer, Chemical Kinetics Laboratory, Institute of Chemistry, ELTE, Budapest, Hungary</fileAuthor>
    <fileDOI>10.24388/x20101048</fileDOI>
    <fileVersion>
        <major>2</major>
        <minor>0</minor>
    </fileVersion>
    <ReSpecThVersion>
        <major>2</major>
        <minor>4</minor>
    </ReSpecThVersion>
    <firstPublicationDate>2023-03-13</firstPublicationDate>
    <lastModificationDate>2023-03-13</lastModificationDate>
    <bibliographyLink>
        <description>S. Zhou, W. Yang, H. Tan, Q. An, J. Wang, H. Dai, X. Wang, X. Wang, S. Deng, Combustion and Flame 233 (2021), 111594</description>
        <referenceDOI>10.1016/j.combustflame.2021.111594</referenceDOI>
        <location>Main article</location>
        <table>Table 1</table>
        <figure>Fig. 2. (alpha = 0.5, beta = 0.1), T = 373 K</figure>
        <details>
            <author>Shangkun Zhou and Wenjun Yang and Houzhang Tan and Qiwei An and Jinhua Wang and Hongchao Dai and Xiaoxiao Wang and Xuebin Wang and Shuanghui Deng</author>
            <journal>Combustion and Flame</journal>
            <pages>111594</pages>
            <title>Experimental and kinetic modeling study on NH3/syngas/air and NH3/bio-syngas/air premixed laminar flames at elevated temperature</title>
            <volume>233</volume>
            <year>2021</year>
        </details>
    </bibliographyLink>
    <experimentType>laminar burning velocity measurement</experimentType>
    <apparatus>
        <kind>outwardly propagating spherical flame</kind>
        <mode>premixed</mode>
    </apparatus>
    <commonProperties>
        <property name="pressure"  label="p"  sourcetype="reported"  units="atm" ><value>1</value></property>
    </commonProperties>
    <dataGroup id="dg1">
        <property name="equivalence ratio"             id="x1"   label="phi"    sourcetype="reported"    units="unitless"      />
        <property name="temperature"                   id="x2"   label="T"      sourcetype="reported"    units="K"             />
        <property name="composition"                   id="x3"   label="x_H2"   sourcetype="calculated"  units="mole fraction" >
            <speciesLink preferredKey="H2"   CAS="1333-74-0"  InChI="1S/H2/h1H"    SMILES="[HH]"       chemName="hydrogen"        />
        </property>
        <property name="composition"                   id="x4"   label="x_CO"   sourcetype="calculated"  units="mole fraction" >
            <speciesLink preferredKey="CO"   CAS="630-08-0"   InChI="1S/CO/c1-2"   SMILES="[C-]#[O+]"  chemName="carbon monoxide" />
        </property>
        <property name="composition"                   id="x5"   label="x_NH3"  sourcetype="calculated"  units="mole fraction" >
            <speciesLink preferredKey="NH3"  CAS="7664-41-7"  InChI="1S/H3N/h1H3"  SMILES="N"          chemName="ammonia"         />
        </property>
        <property name="composition"                   id="x6"   label="x_O2"   sourcetype="calculated"  units="mole fraction" >
            <speciesLink preferredKey="O2"   CAS="7782-44-7"  InChI="1S/O2/c1-2"   SMILES="O=O"        chemName="oxygen"          />
        </property>
        <property name="composition"                   id="x7"   label="x_N2"   sourcetype="calculated"  units="mole fraction" >
            <speciesLink preferredKey="N2"   CAS="7727-37-9"  InChI="1S/N2/c1-2"   SMILES="N#N"        chemName="nitrogen"        />
        </property>
        <property name="laminar burning velocity"      id="x8"   label="Sl"     sourcetype="reported"    units="cm/s"          />
        <property name="uncertainty"                   id="x9"   label="d_Sl"   sourcetype="reported"    units="cm/s"           reference="laminar burning velocity"  kind="absolute"  bound="plusminus" />
        <property name="evaluated standard deviation"  id="x10"  sourcetype="estimated"   units="cm/s"           reference="laminar burning velocity"  kind="absolute"  method="combined from scatter and reported uncertainty" />

        <dataPoint><x1>0.6997</x1><x2>372.95</x2><x3>0.009517</x3><x4>0.085654</x4><x5>0.095171</x5><x6>0.170028</x6><x7>0.639630</x7><x8>23.025</x8><x9>1.744</x9><x10>0.9</x10></dataPoint>
        <dataPoint><x1>0.8050</x1><x2>372.85</x2><x3>0.010644</x3><x4>0.095799</x4><x5>0.106443</x5><x6>0.165294</x6><x7>0.621819</x7><x8>30.919</x8><x9>0.955</x9><x10>0.5631</x10></dataPoint>
        <dataPoint><x1>0.9007</x1><x2>373.10</x2><x3>0.011616</x3><x4>0.104547</x4><x5>0.116164</x5><x6>0.161211</x6><x7>0.606461</x7><x8>36.145</x8><x9>2.591</x9><x10>1.3417</x10></dataPoint>
        <dataPoint><x1>1.0049</x1><x2>373.25</x2><x3>0.012621</x3><x4>0.113587</x4><x5>0.126208</x5><x6>0.156993</x6><x7>0.590592</x7><x8>39.313</x8><x9>1.489</x9><x10>0.8356</x10></dataPoint>
        <dataPoint><x1>1.1088</x1><x2>372.85</x2><x3>0.013572</x3><x4>0.122145</x4><x5>0.135717</x5><x6>0.152999</x6><x7>0.575567</x7><x8>40.283</x8><x9>2.436</x9><x10>1.2785</x10></dataPoint>
        <dataPoint><x1>1.2070</x1><x2>373.30</x2><x3>0.014427</x3><x4>0.129840</x4><x5>0.144267</x5><x6>0.149408</x6><x7>0.562059</x7><x8>39.430</x8><x9>1.021</x9><x10>0.637</x10></dataPoint>
        <dataPoint><x1>1.3135</x1><x2>373.20</x2><x3>0.015310</x3><x4>0.137792</x4><x5>0.153102</x5><x6>0.145697</x6><x7>0.548099</x7><x8>35.393</x8><x9>2.462</x9><x10>1.2773</x10></dataPoint>
        <dataPoint><x1>1.4187</x1><x2>373.10</x2><x3>0.016140</x3><x4>0.145261</x4><x5>0.161401</x5><x6>0.142211</x6><x7>0.534986</x7><x8>31.497</x8><x9>2.370</x9><x10>1.2236</x10></dataPoint>
    </dataGroup>
    <comment>The numerical phi-T-Sl-d_Sl data were obtained through personal communication with the corresponding author.</comment>
    <comment>phi = (0.5 * (x_H2 + x_CO) + 0.75 * x_NH3) / x_O2 was assumed, and air was assumed to be composed of 21% O2 and 79% N2.</comment>
</experiment>
