<experiment>
    <fileAuthor>Andras Gy. Szanthoffer, Chemical Kinetics Laboratory, Institute of Chemistry, ELTE, Budapest, Hungary</fileAuthor>
    <fileDOI>10.24388/x20101001</fileDOI>
    <fileVersion>
        <major>2</major>
        <minor>0</minor>
    </fileVersion>
    <ReSpecThVersion>
        <major>2</major>
        <minor>4</minor>
    </ReSpecThVersion>
    <firstPublicationDate>2023-03-13</firstPublicationDate>
    <lastModificationDate>2023-03-13</lastModificationDate>
    <bibliographyLink>
        <description>X. Han, Z. Wang, M. Costa, Z. Sun, Y. He, K. Cen, Combustion and Flame 206 (2019), 214-226</description>
        <referenceDOI>10.1016/j.combustflame.2019.05.003</referenceDOI>
        <location>Main Article (figure) and Supp. Mat. (data source)</location>
        <figure>Fig. 8., xCO = 0.2</figure>
        <details>
            <author>Xinlu Han and Zhihua Wang and Mário Costa and Zhiwei Sun and Yong He and Kefa Cen</author>
            <journal>Combustion and Flame</journal>
            <pages>214-226</pages>
            <title>Experimental and kinetic modeling study of laminar burning velocities of NH3/air, NH3/H2/air, NH3/CO/air and NH3/CH4/air premixed flames</title>
            <volume>206</volume>
            <year>2019</year>
        </details>
    </bibliographyLink>
    <experimentType>laminar burning velocity measurement</experimentType>
    <apparatus>
        <kind>heat flux burner</kind>
        <mode>premixed</mode>
    </apparatus>
    <commonProperties>
        <property name="pressure"                      label="p"    sourcetype="reported"   units="atm"      ><value>1</value></property>
        <property name="temperature"                   label="T"    sourcetype="reported"   units="K"        ><value>298</value></property>
        <property name="equivalence ratio"             label="phi"  sourcetype="reported"   units="unitless" ><value>1</value></property>
        <property name="evaluated standard deviation"  sourcetype="estimated"  units="cm/s"      reference="laminar burning velocity"  kind="absolute"  method="combined from scatter and reported uncertainty" ><value>0.5</value></property>
    </commonProperties>
    <dataGroup id="dg1">
        <property name="equivalence ratio"         id="x1"   label="phi"    sourcetype="reported"  units="unitless"      />
        <property name="composition"               id="x2"   label="X_NH3"  sourcetype="reported"  units="mole fraction" >
            <speciesLink preferredKey="NH3"  CAS="7664-41-7"  InChI="1S/H3N/h1H3"  SMILES="N"          chemName="ammonia"         />
        </property>
        <property name="composition"               id="x3"   label="X_CO"   sourcetype="reported"  units="mole fraction" >
            <speciesLink preferredKey="CO"   CAS="630-08-0"   InChI="1S/CO/c1-2"   SMILES="[C-]#[O+]"  chemName="carbon monoxide" />
        </property>
        <property name="composition"               id="x4"   label="X_N2"   sourcetype="reported"  units="mole fraction" >
            <speciesLink preferredKey="N2"   CAS="7727-37-9"  InChI="1S/N2/c1-2"   SMILES="N#N"        chemName="nitrogen"        />
        </property>
        <property name="composition"               id="x5"   label="X_O2"   sourcetype="reported"  units="mole fraction" >
            <speciesLink preferredKey="O2"   CAS="7782-44-7"  InChI="1S/O2/c1-2"   SMILES="O=O"        chemName="oxygen"          />
        </property>
        <property name="laminar burning velocity"  id="x6"   label="Sl"     sourcetype="reported"  units="cm/s"          />
        <property name="uncertainty"               id="x7"   label="d_Sl"   sourcetype="reported"  units="cm/s"           reference="laminar burning velocity"  kind="absolute"  bound="plusminus" />

        <dataPoint><x1>0.80</x1><x2>0.154839</x2><x3>0.038710</x3><x4>0.637097</x4><x5>0.169355</x5><x6>7.7</x6><x7>0.5</x7></dataPoint>
        <dataPoint><x1>0.85</x1><x2>0.162550</x2><x3>0.040637</x3><x4>0.629482</x4><x5>0.167331</x5><x6>8.6</x6><x7>0.6</x7></dataPoint>
        <dataPoint><x1>0.90</x1><x2>0.170079</x2><x3>0.042520</x3><x4>0.622047</x4><x5>0.165354</x5><x6>9.8</x6><x7>0.5</x7></dataPoint>
        <dataPoint><x1>0.95</x1><x2>0.177432</x2><x3>0.044358</x3><x4>0.614786</x4><x5>0.163424</x5><x6>10.6</x6><x7>0.5</x7></dataPoint>
        <dataPoint><x1>1.00</x1><x2>0.184615</x2><x3>0.046154</x3><x4>0.607692</x4><x5>0.161539</x5><x6>11.2</x6><x7>0.5</x7></dataPoint>
        <dataPoint><x1>1.05</x1><x2>0.191635</x2><x3>0.047909</x3><x4>0.600761</x4><x5>0.159696</x5><x6>11.6</x6><x7>0.5</x7></dataPoint>
        <dataPoint><x1>1.10</x1><x2>0.198496</x2><x3>0.049624</x3><x4>0.593985</x4><x5>0.157895</x5><x6>11.5</x6><x7>0.5</x7></dataPoint>
        <dataPoint><x1>1.15</x1><x2>0.205205</x2><x3>0.051301</x3><x4>0.587361</x4><x5>0.156134</x5><x6>10.9</x6><x7>0.4</x7></dataPoint>
        <dataPoint><x1>1.20</x1><x2>0.211765</x2><x3>0.052941</x3><x4>0.580882</x4><x5>0.154412</x5><x6>10.2</x6><x7>0.5</x7></dataPoint>
        <dataPoint><x1>1.25</x1><x2>0.218182</x2><x3>0.054545</x3><x4>0.574546</x4><x5>0.152727</x5><x6>9.5</x6><x7>0.4</x7></dataPoint>
        <dataPoint><x1>1.30</x1><x2>0.224460</x2><x3>0.056115</x3><x4>0.568345</x4><x5>0.151079</x5><x6>8.7</x6><x7>0.5</x7></dataPoint>
        <dataPoint><x1>1.35</x1><x2>0.230605</x2><x3>0.057651</x3><x4>0.562278</x4><x5>0.149466</x5><x6>8.0</x6><x7>0.5</x7></dataPoint>
        <dataPoint><x1>1.40</x1><x2>0.236620</x2><x3>0.059155</x3><x4>0.556338</x4><x5>0.147887</x5><x6>7.0</x6><x7>0.7</x7></dataPoint>
        <dataPoint><x1>1.45</x1><x2>0.242509</x2><x3>0.060627</x3><x4>0.550523</x4><x5>0.146342</x5><x6>6.3</x6><x7>0.5</x7></dataPoint>
    </dataGroup>
    <comment>The reported data are from Supp. Mat.</comment>
</experiment>
