<experiment>
    <fileAuthor>Andras Gy. Szanthoffer, Chemical Kinetics Laboratory, Institute of Chemistry, ELTE, Budapest, Hungary</fileAuthor>
    <fileDOI>10.24388/x20101050</fileDOI>
    <fileVersion>
        <major>2</major>
        <minor>0</minor>
    </fileVersion>
    <ReSpecThVersion>
        <major>2</major>
        <minor>4</minor>
    </ReSpecThVersion>
    <firstPublicationDate>2023-03-13</firstPublicationDate>
    <lastModificationDate>2023-03-13</lastModificationDate>
    <bibliographyLink>
        <description>S. Zhou, W. Yang, H. Tan, Q. An, J. Wang, H. Dai, X. Wang, X. Wang, S. Deng, Combustion and Flame 233 (2021), 111594</description>
        <referenceDOI>10.1016/j.combustflame.2021.111594</referenceDOI>
        <location>Main article</location>
        <table>Table 1</table>
        <figure>Fig. 2. (alpha = 0.5, beta = 0.5), T = 298 K</figure>
        <details>
            <author>Shangkun Zhou and Wenjun Yang and Houzhang Tan and Qiwei An and Jinhua Wang and Hongchao Dai and Xiaoxiao Wang and Xuebin Wang and Shuanghui Deng</author>
            <journal>Combustion and Flame</journal>
            <pages>111594</pages>
            <title>Experimental and kinetic modeling study on NH3/syngas/air and NH3/bio-syngas/air premixed laminar flames at elevated temperature</title>
            <volume>233</volume>
            <year>2021</year>
        </details>
    </bibliographyLink>
    <experimentType>laminar burning velocity measurement</experimentType>
    <apparatus>
        <kind>outwardly propagating spherical flame</kind>
        <mode>premixed</mode>
    </apparatus>
    <commonProperties>
        <property name="pressure"  label="p"  sourcetype="reported"  units="atm" ><value>1</value></property>
    </commonProperties>
    <dataGroup id="dg1">
        <property name="equivalence ratio"             id="x1"   label="phi"    sourcetype="reported"    units="unitless"      />
        <property name="temperature"                   id="x2"   label="T"      sourcetype="reported"    units="K"             />
        <property name="composition"                   id="x3"   label="x_H2"   sourcetype="calculated"  units="mole fraction" >
            <speciesLink preferredKey="H2"   CAS="1333-74-0"  InChI="1S/H2/h1H"    SMILES="[HH]"       chemName="hydrogen"        />
        </property>
        <property name="composition"                   id="x4"   label="x_CO"   sourcetype="calculated"  units="mole fraction" >
            <speciesLink preferredKey="CO"   CAS="630-08-0"   InChI="1S/CO/c1-2"   SMILES="[C-]#[O+]"  chemName="carbon monoxide" />
        </property>
        <property name="composition"                   id="x5"   label="x_NH3"  sourcetype="calculated"  units="mole fraction" >
            <speciesLink preferredKey="NH3"  CAS="7664-41-7"  InChI="1S/H3N/h1H3"  SMILES="N"          chemName="ammonia"         />
        </property>
        <property name="composition"                   id="x6"   label="x_O2"   sourcetype="calculated"  units="mole fraction" >
            <speciesLink preferredKey="O2"   CAS="7782-44-7"  InChI="1S/O2/c1-2"   SMILES="O=O"        chemName="oxygen"          />
        </property>
        <property name="composition"                   id="x7"   label="x_N2"   sourcetype="calculated"  units="mole fraction" >
            <speciesLink preferredKey="N2"   CAS="7727-37-9"  InChI="1S/N2/c1-2"   SMILES="N#N"        chemName="nitrogen"        />
        </property>
        <property name="laminar burning velocity"      id="x8"   label="Sl"     sourcetype="reported"    units="cm/s"          />
        <property name="uncertainty"                   id="x9"   label="d_Sl"   sourcetype="reported"    units="cm/s"           reference="laminar burning velocity"  kind="absolute"  bound="plusminus" />
        <property name="evaluated standard deviation"  id="x10"  sourcetype="estimated"   units="cm/s"           reference="laminar burning velocity"  kind="absolute"  method="combined from scatter and reported uncertainty" />

        <dataPoint><x1>0.7102</x1><x2>298.00</x2><x3>0.048163</x3><x4>0.048163</x4><x5>0.096326</x5><x6>0.169543</x6><x7>0.637806</x7><x8>18.290</x8><x9>1.234</x9><x10>0.647</x10></dataPoint>
        <dataPoint><x1>0.8133</x1><x2>298.20</x2><x3>0.053657</x3><x4>0.053657</x4><x5>0.107315</x5><x6>0.164928</x6><x7>0.620443</x7><x8>24.260</x8><x9>1.441</x9><x10>0.7652</x10></dataPoint>
        <dataPoint><x1>0.9118</x1><x2>298.10</x2><x3>0.058627</x3><x4>0.058627</x4><x5>0.117255</x5><x6>0.160753</x6><x7>0.604738</x7><x8>29.522</x8><x9>2.373</x9><x10>1.2272</x10></dataPoint>
        <dataPoint><x1>1.0166</x1><x2>298.10</x2><x3>0.063652</x3><x4>0.063652</x4><x5>0.127303</x5><x6>0.156533</x6><x7>0.588861</x7><x8>33.270</x8><x9>1.008</x9><x10>0.616</x10></dataPoint>
        <dataPoint><x1>1.1135</x1><x2>298.00</x2><x3>0.068068</x3><x4>0.068068</x4><x5>0.136135</x5><x6>0.152823</x6><x7>0.574906</x7><x8>34.396</x8><x9>2.537</x9><x10>1.3202</x10></dataPoint>
        <dataPoint><x1>1.2210</x1><x2>298.10</x2><x3>0.072729</x3><x4>0.072729</x4><x5>0.145457</x5><x6>0.148908</x6><x7>0.560178</x7><x8>33.752</x8><x9>2.806</x9><x10>1.4484</x10></dataPoint>
        <dataPoint><x1>1.3145</x1><x2>298.10</x2><x3>0.076590</x3><x4>0.076590</x4><x5>0.153180</x5><x6>0.145664</x6><x7>0.547975</x7><x8>29.773</x8><x9>2.396</x9><x10>1.239</x10></dataPoint>
        <dataPoint><x1>1.4093</x1><x2>298.00</x2><x3>0.080337</x3><x4>0.080337</x4><x5>0.160675</x5><x6>0.142517</x6><x7>0.536134</x7><x8>25.933</x8><x9>2.905</x9><x10>1.4786</x10></dataPoint>
    </dataGroup>
    <comment>The numerical phi-T-Sl-d_Sl data were obtained through personal communication with the corresponding author.</comment>
    <comment>phi = (0.5 * (x_H2 + x_CO) + 0.75 * x_NH3) / x_O2 was assumed, and air was assumed to be composed of 21% O2 and 79% N2.</comment>
</experiment>
