<experiment>
    <fileAuthor>Andras Gy. Szanthoffer, Chemical Kinetics Laboratory, Institute of Chemistry, ELTE, Budapest, Hungary</fileAuthor>
    <fileDOI>10.24388/x20101034</fileDOI>
    <fileVersion>
        <major>2</major>
        <minor>0</minor>
    </fileVersion>
    <ReSpecThVersion>
        <major>2</major>
        <minor>4</minor>
    </ReSpecThVersion>
    <firstPublicationDate>2023-03-13</firstPublicationDate>
    <lastModificationDate>2023-03-13</lastModificationDate>
    <bibliographyLink>
        <description>S. Wang, Z. Wang, A.M. Elbaz, X. Han, Y. He, M. Costa, A.A. Konnov, W.L. Roberts, Combustion and Flame 221 (2020), 270-287</description>
        <referenceDOI>10.1016/j.combustflame.2020.08.004</referenceDOI>
        <location>Main Article (figure); Supp. Mat. Table S3 (data source)</location>
        <figure>Fig. 3., NH3/syngas/air, x_NH3 = 0.4, P = 1 atm</figure>
        <details>
            <author>Shixing Wang and Zhihua Wang and Ayman M. Elbaz and Xinlu Han and Yong He and Mário Costa and Alexander A. Konnov and William L. Roberts</author>
            <journal>Combustion and Flame</journal>
            <pages>270-287</pages>
            <title>Experimental study and kinetic analysis of the laminar burning velocity of NH3/syngas/air, NH3/CO/air and NH3/H2/air premixed flames at elevated pressures</title>
            <volume>221</volume>
            <year>2020</year>
        </details>
    </bibliographyLink>
    <experimentType>laminar burning velocity measurement</experimentType>
    <apparatus>
        <kind>heat flux burner</kind>
        <mode>premixed</mode>
    </apparatus>
    <commonProperties>
        <property name="pressure"     label="p"  sourcetype="reported"  units="atm" ><value>1</value></property>
        <property name="temperature"  label="T"  sourcetype="reported"  units="K"   ><value>298</value></property>
    </commonProperties>
    <dataGroup id="dg1">
        <property name="equivalence ratio"             id="x1"   label="phi"    sourcetype="reported"   units="unitless"      />
        <property name="composition"                   id="x2"   label="X_NH3"  sourcetype="reported"   units="mole fraction" >
            <speciesLink preferredKey="NH3"  CAS="7664-41-7"  InChI="1S/H3N/h1H3"  SMILES="N"          chemName="ammonia"         />
        </property>
        <property name="composition"                   id="x3"   label="X_H2"   sourcetype="reported"   units="mole fraction" >
            <speciesLink preferredKey="H2"   CAS="1333-74-0"  InChI="1S/H2/h1H"    SMILES="[HH]"       chemName="hydrogen"        />
        </property>
        <property name="composition"                   id="x4"   label="X_CO"   sourcetype="reported"   units="mole fraction" >
            <speciesLink preferredKey="CO"   CAS="630-08-0"   InChI="1S/CO/c1-2"   SMILES="[C-]#[O+]"  chemName="carbon monoxide" />
        </property>
        <property name="composition"                   id="x5"   label="X_O2"   sourcetype="reported"   units="mole fraction" >
            <speciesLink preferredKey="O2"   CAS="7782-44-7"  InChI="1S/O2/c1-2"   SMILES="O=O"        chemName="oxygen"          />
        </property>
        <property name="composition"                   id="x6"   label="X_N2"   sourcetype="reported"   units="mole fraction" >
            <speciesLink preferredKey="N2"   CAS="7727-37-9"  InChI="1S/N2/c1-2"   SMILES="N#N"        chemName="nitrogen"        />
        </property>
        <property name="laminar burning velocity"      id="x7"   label="Sl"     sourcetype="reported"   units="cm/s"          />
        <property name="uncertainty"                   id="x8"   label="d_Sl"   sourcetype="reported"   units="cm/s"           reference="laminar burning velocity"  kind="absolute"  bound="plusminus" />
        <property name="evaluated standard deviation"  id="x9"   sourcetype="estimated"  units="cm/s"           reference="laminar burning velocity"  kind="absolute"  method="combined from scatter and reported uncertainty" />

        <dataPoint><x1>0.80</x1><x2>0.087500</x2><x3>0.065625</x3><x4>0.065625</x4><x5>0.164063</x5><x6>0.617188</x6><x7>27.91</x7><x8>1.2109</x8><x9>0.5885</x9></dataPoint>
        <dataPoint><x1>0.90</x1><x2>0.095817</x2><x3>0.071863</x3><x4>0.071863</x4><x5>0.159696</x5><x6>0.600760</x6><x7>35.43</x7><x8>1.2332</x8><x9>0.6484</x9></dataPoint>
        <dataPoint><x1>1.00</x1><x2>0.103704</x2><x3>0.077778</x3><x4>0.077778</x4><x5>0.155556</x5><x6>0.585185</x6><x7>41.70</x7><x8>1.3120</x8><x9>0.5791</x9></dataPoint>
        <dataPoint><x1>1.05</x1><x2>0.107495</x2><x3>0.080622</x3><x4>0.080622</x4><x5>0.153565</x5><x6>0.577697</x6><x7>43.98</x7><x8>1.3435</x8><x9>0.6082</x9></dataPoint>
        <dataPoint><x1>1.10</x1><x2>0.111191</x2><x3>0.083394</x3><x4>0.083394</x4><x5>0.151625</x5><x6>0.570397</x6><x7>46.20</x7><x8>1.2893</x8><x9>0.5</x9></dataPoint>
        <dataPoint><x1>1.15</x1><x2>0.114795</x2><x3>0.086096</x3><x4>0.086096</x4><x5>0.149733</x5><x6>0.563280</x6><x7>46.81</x7><x8>1.3008</x8><x9>0.5461</x9></dataPoint>
        <dataPoint><x1>1.20</x1><x2>0.118310</x2><x3>0.088732</x3><x4>0.088732</x4><x5>0.147887</x5><x6>0.556338</x6><x7>46.91</x7><x8>1.1054</x8><x9>0.5711</x9></dataPoint>
        <dataPoint><x1>1.30</x1><x2>0.125086</x2><x3>0.093814</x3><x4>0.093814</x4><x5>0.144330</x5><x6>0.542955</x6><x7>44.45</x7><x8>1.4298</x8><x9>0.6488</x9></dataPoint>
        <dataPoint><x1>1.40</x1><x2>0.131544</x2><x3>0.098658</x3><x4>0.098658</x4><x5>0.140940</x5><x6>0.530201</x6><x7>39.97</x7><x8>1.2887</x8><x9>0.585</x9></dataPoint>
        <dataPoint><x1>1.50</x1><x2>0.137705</x2><x3>0.103279</x3><x4>0.103279</x4><x5>0.137705</x5><x6>0.518033</x6><x7>34.05</x7><x8>1.2664</x8><x9>0.5612</x9></dataPoint>
        <dataPoint><x1>1.60</x1><x2>0.143590</x2><x3>0.107692</x3><x4>0.107692</x4><x5>0.134615</x5><x6>0.506410</x6><x7>28.13</x7><x8>1.1022</x8><x9>0.6235</x9></dataPoint>
    </dataGroup>
</experiment>
