<experiment>
    <fileAuthor>András Szanthoffer, Chemical Kinetics Laboratory, Institute of Chemistry, ELTE, Budapest, Hungary</fileAuthor>
    <fileDOI>10.24388/x20199011</fileDOI>
    <fileVersion>
        <major>2</major>
        <minor>0</minor>
    </fileVersion>
    <ReSpecThVersion>
        <major>2</major>
        <minor>4</minor>
    </ReSpecThVersion>
    <firstPublicationDate>2023-08-03</firstPublicationDate>
    <lastModificationDate>2023-08-03</lastModificationDate>
    <bibliographyLink>
        <description>B. Mei, X. Zhang, S. Ma, M. Cui, H. Guo, Z. Cao, Y. Li, Combustion and Flame 210 (2019), 236–246</description>
        <referenceDOI>10.1016/j.combustflame.2019.08.033</referenceDOI>
        <location>Main article and Supp. Mat.</location>
        <table>Supp. Mat. mmc2, NH3/air</table>
        <figure>Fig. 5., squares</figure>
        <details>
            <author>Mei, Bowen and Zhang, Xiaoyuan and Ma, Siyuan and Cui, Mingli and Guo, Hanwen and Cao, Zhihao and Li, Yuyang</author>
            <journal>Combustion and Flame</journal>
            <pages>236–246</pages>
            <title>Experimental and kinetic modeling investigation on the laminar flame propagation of ammonia under oxygen enrichment and elevated pressure conditions</title>
            <type>Journal Article</type>
            <volume>210</volume>
            <year>2019</year>
        </details>
    </bibliographyLink>
    <experimentType>laminar burning velocity measurement</experimentType>
    <apparatus>
        <kind>outwardly propagating spherical flame</kind>
        <mode>constant volume combustion chamber</mode>
        <mode>premixed</mode>
        <mode>laminar</mode>
        <mode>unstretched</mode>
        <mode>extrapolation method to zero stretch: NQ</mode>
    </apparatus>
    <commonProperties>
        <property name="temperature"  label="T"  sourcetype="reported"  units="K"   ><value>298</value></property>
        <property name="pressure"     label="p"  sourcetype="reported"  units="atm" ><value>1.0</value></property>
    </commonProperties>
    <dataGroup id="dg1">
        <property name="equivalence ratio"             id="x1"   label="phi"    sourcetype="reported"    units="unitless"      />
        <property name="composition"                   id="x2"   label="x_NH3"  sourcetype="calculated"  units="mole fraction" >
            <speciesLink preferredKey="NH3"  CAS="7664-41-7"  InChI="1S/H3N/h1H3"  SMILES="N"    chemName="ammonia"  />
        </property>
        <property name="composition"                   id="x3"   label="x_O2"   sourcetype="calculated"  units="mole fraction" >
            <speciesLink preferredKey="O2"   CAS="7782-44-7"  InChI="1S/O2/c1-2"   SMILES="O=O"  chemName="oxygen"   />
        </property>
        <property name="composition"                   id="x4"   label="x_N2"   sourcetype="calculated"  units="mole fraction" >
            <speciesLink preferredKey="N2"   CAS="7727-37-9"  InChI="1S/N2/c1-2"   SMILES="N#N"  chemName="nitrogen" />
        </property>
        <property name="laminar burning velocity"      id="x5"   label="Sl"     sourcetype="reported"    units="cm/s"          />
        <property name="uncertainty"                   id="x6"   label="d_Sl"   sourcetype="reported"    units="cm/s"           reference="laminar burning velocity"  kind="absolute"  bound="plusminus" />
        <property name="evaluated standard deviation"  id="x7"   sourcetype="estimated"   units="cm/s"           reference="laminar burning velocity"  kind="absolute"  method="combined from scatter and reported uncertainty" />

        <dataPoint><x1>0.90</x1><x2>0.201278</x2><x3>0.167732</x3><x4>0.630990</x4><x5>5.49</x5><x6>0.85</x6><x7>0.547</x7></dataPoint>
        <dataPoint><x1>1.00</x1><x2>0.218750</x2><x3>0.164063</x3><x4>0.617188</x4><x5>6.53</x5><x6>0.82</x6><x7>0.579</x7></dataPoint>
        <dataPoint><x1>1.10</x1><x2>0.235474</x2><x3>0.160550</x3><x4>0.603976</x4><x5>8.18</x5><x6>0.81</x6><x7>0.653</x7></dataPoint>
        <dataPoint><x1>1.20</x1><x2>0.251497</x2><x3>0.157186</x3><x4>0.591317</x4><x5>7.53</x5><x6>0.81</x6><x7>0.622</x7></dataPoint>
        <dataPoint><x1>1.30</x1><x2>0.266862</x2><x3>0.153959</x3><x4>0.579179</x4><x5>5.98</x5><x6>0.83</x6><x7>0.559</x7></dataPoint>
    </dataGroup>
</experiment>
