<experiment>
    <fileAuthor>Chemical Kinetics Laboratory, Institute of Chemistry, ELTE, Budapest, Hungary</fileAuthor>
    <fileDOI>10.24388/x00003001</fileDOI>
    <fileVersion>
        <major>2</major>
        <minor>0</minor>
    </fileVersion>
    <ReSpecThVersion>
        <major>2</major>
        <minor>3</minor>
    </ReSpecThVersion>
    <firstPublicationDate>2015-10-11</firstPublicationDate>
    <lastModificationDate>2020-11-13</lastModificationDate>
    <bibliographyLink>
        <description>N. Leplat, P. Dagaut, C. Togbe, J. Vandooren, Combust. Flame 158 (2011) 705-725.</description>
        <referenceDOI>10.1016/j.combustflame.2010.12.008</referenceDOI>
        <location>Main Article</location>
        <figure>Fig. 9, C3H6 not taken</figure>
        <details>
            <author>Leplat, N and Dagaut, P and Togb{\'{e}}, C and Vandooren, J</author>
            <journal>Combust Flame</journal>
            <number>4</number>
            <pages>705--725</pages>
            <title>Numerical and experimental study of ethanol combustion and oxidation in laminar premixed flames and in jet-stirred reactor</title>
            <volume>158</volume>
            <year>2011</year>
        </details>
    </bibliographyLink>
    <experimentType>jet stirred reactor measurement</experimentType>
    <apparatus>
        <kind>stirred reactor</kind>
    </apparatus>
    <commonProperties>
        <property name="pressure"                      label="P"    sourcetype="reported"   units="atm"           ><value>1</value></property>
        <property name="volume"                        label="V"    sourcetype="reported"   units="cm3"           ><value>30</value></property>
        <property name="residence time"                label="tau"  sourcetype="reported"   units="s"             ><value>0.07</value></property>
        <property name="initial composition"           sourcetype="reported"  >
            <component><speciesLink preferredKey="C2H5OH"  CAS="64-17-5"    InChI="1S/C2H6O/c1-2-3/h3H,2H2,1H3"  SMILES="CCO"  chemName="ethanol"  /><amount units="mole fraction" >0.002</amount></component>
            <component><speciesLink preferredKey="O2"      CAS="7782-44-7"  InChI="1S/O2/c1-2"                   SMILES="O=O"  chemName="oxygen"   /><amount units="mole fraction" >0.024</amount></component>
            <component><speciesLink preferredKey="N2"      CAS="7727-37-9"  InChI="1S/N2/c1-2"                   SMILES="N#N"  chemName="nitrogen" /><amount units="mole fraction" >0.974</amount></component>
        </property>
        <property name="evaluated standard deviation"  sourcetype="estimated"  units="mole fraction"  reference="composition"  kind="absolute"  method="statistical scatter" >
            <speciesLink preferredKey="C2H5OH"  CAS="64-17-5"    InChI="1S/C2H6O/c1-2-3/h3H,2H2,1H3"  SMILES="CCO"        chemName="ethanol"         />
            <value>0.000146</value>
        </property>
        <property name="evaluated standard deviation"  sourcetype="estimated"  units="mole fraction"  reference="composition"  kind="absolute"  method="statistical scatter" >
            <speciesLink preferredKey="O2"      CAS="7782-44-7"  InChI="1S/O2/c1-2"                   SMILES="O=O"        chemName="oxygen"          />
            <value>0.00107</value>
        </property>
        <property name="evaluated standard deviation"  sourcetype="estimated"  units="mole fraction"  reference="composition"  kind="absolute"  method="statistical scatter" >
            <speciesLink preferredKey="H2"      CAS="1333-74-0"  InChI="1S/H2/h1H"                    SMILES="[HH]"       chemName="hydrogen"        />
            <value>0.000275</value>
        </property>
        <property name="evaluated standard deviation"  sourcetype="estimated"  units="mole fraction"  reference="composition"  kind="absolute"  method="statistical scatter" >
            <speciesLink preferredKey="H2O"     CAS="7732-18-5"  InChI="1S/H2O/h1H2"                  SMILES="O"          chemName="water"           />
            <value>0.000394</value>
        </property>
        <property name="evaluated standard deviation"  sourcetype="estimated"  units="mole fraction"  reference="composition"  kind="absolute"  method="statistical scatter" >
            <speciesLink preferredKey="CO"      CAS="630-08-0"   InChI="1S/CO/c1-2"                   SMILES="[C-]#[O+]"  chemName="carbon monoxide" />
            <value>0.000379</value>
        </property>
        <property name="evaluated standard deviation"  sourcetype="estimated"  units="mole fraction"  reference="composition"  kind="absolute"  method="statistical scatter" >
            <speciesLink preferredKey="CO2"     CAS="124-38-9"   InChI="1S/CO2/c2-1-3"                SMILES="C(=O)=O"    chemName="carbon dioxide"  />
            <value>0.000546</value>
        </property>
        <property name="evaluated standard deviation"  sourcetype="estimated"  units="mole fraction"  reference="composition"  kind="absolute"  method="statistical scatter" >
            <speciesLink preferredKey="CH2O"    CAS="50-00-0"    InChI="1S/CH2O/c1-2/h1H2"            SMILES="C=O"        chemName="formaldehyde"    />
            <value>1.24e-5</value>
        </property>
        <property name="evaluated standard deviation"  sourcetype="estimated"  units="mole fraction"  reference="composition"  kind="absolute"  method="statistical scatter" >
            <speciesLink preferredKey="CH3CHO"  CAS="75-07-0"    InChI="1S/C2H4O/c1-2-3/h2H,1H3"      SMILES="CC=O"       chemName="acetaldehyde"    />
            <value>1.94e-5</value>
        </property>
        <property name="evaluated standard deviation"  sourcetype="estimated"  units="mole fraction"  reference="composition"  kind="absolute"  method="statistical scatter" >
            <speciesLink preferredKey="CH4"     CAS="74-82-8"    InChI="1S/CH4/h1H4"                  SMILES="C"          chemName="methane"         />
            <value>5.66e-5</value>
        </property>
        <property name="evaluated standard deviation"  sourcetype="estimated"  units="mole fraction"  reference="composition"  kind="absolute"  method="statistical scatter" >
            <speciesLink preferredKey="C2H2"    CAS="74-86-2"    InChI="1S/C2H2/c1-2/h1-2H"           SMILES="C#C"        chemName="acetylene"       />
            <value>1.69e-6</value>
        </property>
        <property name="evaluated standard deviation"  sourcetype="estimated"  units="mole fraction"  reference="composition"  kind="absolute"  method="statistical scatter" >
            <speciesLink preferredKey="C2H4"    CAS="74-85-1"    InChI="1S/C2H4/c1-2/h1-2H2"          SMILES="C=C"        chemName="ethene"          />
            <value>4.31e-5</value>
        </property>
        <property name="evaluated standard deviation"  sourcetype="estimated"  units="mole fraction"  reference="composition"  kind="absolute"  method="statistical scatter" >
            <speciesLink preferredKey="C2H6"    CAS="74-84-0"    InChI="1S/C2H6/c1-2/h1-2H3"          SMILES="CC"         chemName="ethane"          />
            <value>1.24e-5</value>
        </property>
    </commonProperties>
    <dataGroup id="dg1">
        <property name="temperature"  id="x1"   label="T"         sourcetype="digitized"  units="K"             />
        <property name="composition"  id="x2"   label="[H2O]"     sourcetype="digitized"  units="mole fraction" >
            <speciesLink preferredKey="H2O"     CAS="7732-18-5"  InChI="1S/H2O/h1H2"                  SMILES="O"          chemName="water"           />
        </property>
        <property name="composition"  id="x3"   label="[CO2]"     sourcetype="digitized"  units="mole fraction" >
            <speciesLink preferredKey="CO2"     CAS="124-38-9"   InChI="1S/CO2/c2-1-3"                SMILES="C(=O)=O"    chemName="carbon dioxide"  />
        </property>
        <property name="composition"  id="x4"   label="[CO]"      sourcetype="digitized"  units="mole fraction" >
            <speciesLink preferredKey="CO"      CAS="630-08-0"   InChI="1S/CO/c1-2"                   SMILES="[C-]#[O+]"  chemName="carbon monoxide" />
        </property>
        <property name="composition"  id="x5"   label="[CH2O]"    sourcetype="digitized"  units="mole fraction" >
            <speciesLink preferredKey="CH2O"    CAS="50-00-0"    InChI="1S/CH2O/c1-2/h1H2"            SMILES="C=O"        chemName="formaldehyde"    />
        </property>
        <property name="composition"  id="x6"   label="[CH4]"     sourcetype="digitized"  units="mole fraction" >
            <speciesLink preferredKey="CH4"     CAS="74-82-8"    InChI="1S/CH4/h1H4"                  SMILES="C"          chemName="methane"         />
        </property>
        <property name="composition"  id="x7"   label="[C2H2]"    sourcetype="digitized"  units="mole fraction" >
            <speciesLink preferredKey="C2H2"    CAS="74-86-2"    InChI="1S/C2H2/c1-2/h1-2H"           SMILES="C#C"        chemName="acetylene"       />
        </property>
        <property name="composition"  id="x8"   label="[C2H4]"    sourcetype="digitized"  units="mole fraction" >
            <speciesLink preferredKey="C2H4"    CAS="74-85-1"    InChI="1S/C2H4/c1-2/h1-2H2"          SMILES="C=C"        chemName="ethene"          />
        </property>
        <property name="composition"  id="x9"   label="[C2H6]"    sourcetype="digitized"  units="mole fraction" >
            <speciesLink preferredKey="C2H6"    CAS="74-84-0"    InChI="1S/C2H6/c1-2/h1-2H3"          SMILES="CC"         chemName="ethane"          />
        </property>
        <property name="composition"  id="x10"  label="[CH3CHO]"  sourcetype="digitized"  units="mole fraction" >
            <speciesLink preferredKey="CH3CHO"  CAS="75-07-0"    InChI="1S/C2H4O/c1-2-3/h2H,1H3"      SMILES="CC=O"       chemName="acetaldehyde"    />
        </property>
        <property name="composition"  id="x11"  label="[C2H5OH]"  sourcetype="digitized"  units="mole fraction" >
            <speciesLink preferredKey="C2H5OH"  CAS="64-17-5"    InChI="1S/C2H6O/c1-2-3/h3H,2H2,1H3"  SMILES="CCO"        chemName="ethanol"         />
        </property>
        <property name="composition"  id="x12"  label="[H2]"      sourcetype="digitized"  units="mole fraction" >
            <speciesLink preferredKey="H2"      CAS="1333-74-0"  InChI="1S/H2/h1H"                    SMILES="[HH]"       chemName="hydrogen"        />
        </property>
        <property name="composition"  id="x13"  label="[O2]"      sourcetype="digitized"  units="mole fraction" >
            <speciesLink preferredKey="O2"      CAS="7782-44-7"  InChI="1S/O2/c1-2"                   SMILES="O=O"        chemName="oxygen"          />
        </property>

        <dataPoint><x1>0890</x1><x2>5.10E-05</x2><x3>2.00E-07</x3><x4>7.00E-07</x4><x5>3.60E-07</x5><x6>9.31E-07</x6><x7>0.00E+00</x7><x8>1.71E-06</x8><x9>0.00E+00</x9><x10>2.60E-05</x10><x11>1.89E-03</x11><x12>0.00E+00</x12><x13>2.11E-02</x13></dataPoint>
        <dataPoint><x1>0920</x1><x2>6.56E-05</x2><x3>5.00E-07</x3><x4>1.20E-06</x4><x5>2.30E-06</x5><x6>1.09E-06</x6><x7>0.00E+00</x7><x8>1.74E-06</x8><x9>3.25E-08</x9><x10>4.40E-05</x10><x11>1.82E-03</x11><x12>6.28E-07</x12><x13>2.07E-02</x13></dataPoint>
        <dataPoint><x1>0950</x1><x2>1.52E-04</x2><x3>1.40E-06</x3><x4>8.00E-06</x4><x5>1.37E-05</x5><x6>5.21E-06</x6><x7>2.83E-07</x7><x8>1.97E-05</x8><x9>1.78E-07</x9><x10>1.22E-04</x10><x11>1.88E-03</x11><x12>7.72E-06</x12><x13>2.20E-02</x13></dataPoint>
        <dataPoint><x1>0980</x1><x2>4.11E-04</x2><x3>3.80E-06</x3><x4>7.50E-05</x4><x5>5.36E-05</x5><x6>2.64E-05</x6><x7>1.24E-07</x7><x8>7.87E-05</x8><x9>2.98E-06</x9><x10>2.57E-04</x10><x11>1.55E-03</x11><x12>4.29E-05</x12><x13>2.07E-02</x13></dataPoint>
        <dataPoint><x1>1010</x1><x2>8.97E-04</x2><x3>1.21E-05</x3><x4>2.97E-04</x4><x5>1.17E-04</x5><x6>6.96E-05</x6><x7>2.60E-07</x7><x8>1.50E-04</x8><x9>1.03E-05</x9><x10>3.33E-04</x10><x11>8.98E-04</x11><x12>1.23E-04</x12><x13>2.04E-02</x13></dataPoint>
        <dataPoint><x1>1040</x1><x2>1.52E-03</x2><x3>3.10E-05</x3><x4>6.74E-04</x4><x5>1.64E-04</x5><x6>1.48E-04</x6><x7>4.97E-07</x7><x8>2.56E-04</x8><x9>2.47E-05</x9><x10>3.54E-04</x10><x11>5.18E-04</x11><x12>3.06E-04</x12><x13>2.06E-02</x13></dataPoint>
        <dataPoint><x1>1070</x1><x2>2.12E-03</x2><x3>6.55E-05</x3><x4>1.13E-03</x4><x5>1.71E-04</x5><x6>2.06E-04</x6><x7>1.28E-06</x7><x8>3.21E-04</x8><x9>3.60E-05</x9><x10>2.81E-04</x10><x11>1.92E-04</x11><x12>4.99E-04</x12><x13>2.06E-02</x13></dataPoint>
        <dataPoint><x1>1100</x1><x2>3.55E-03</x2><x3>2.28E-04</x3><x4>2.20E-03</x4><x5>1.33E-04</x5><x6>2.63E-04</x6><x7>3.16E-06</x7><x8>3.28E-04</x8><x9>4.51E-05</x9><x10>1.13E-04</x10><x11>1.46E-06</x11><x12>8.08E-04</x12><x13>1.98E-02</x13></dataPoint>
        <dataPoint><x1>1131</x1><x2>6.71E-03</x2><x3>2.85E-03</x3><x4>1.67E-03</x4><x5>2.90E-06</x5><x6>9.69E-06</x6><x7>3.21E-07</x7><x8>6.82E-05</x8><x9>5.58E-07</x9><x10>0.00E+00</x10><x11>0.00E+00</x11><x12>5.67E-05</x12><x13>1.45E-02</x13></dataPoint>
    </dataGroup>
</experiment>
