<experiment>
    <fileAuthor>Chemical Kinetics Laboratory, Institute of Chemistry, ELTE, Budapest, Hungary</fileAuthor>
    <fileDOI>10.24388/x00003006_x</fileDOI>
    <fileVersion>
        <major>2</major>
        <minor>0</minor>
    </fileVersion>
    <ReSpecThVersion>
        <major>2</major>
        <minor>3</minor>
    </ReSpecThVersion>
    <firstPublicationDate>2015-10-11</firstPublicationDate>
    <lastModificationDate>2020-11-13</lastModificationDate>
    <bibliographyLink>
        <description>N. Leplat, P. Dagaut, C. Togbe, J. Vandooren, Combust. Flame 158 (2011) 705-725.</description>
        <referenceDOI>10.1016/j.combustflame.2010.12.008</referenceDOI>
        <location>Main Article</location>
        <figure>Fig. 13, C2H2 and C3H6 not taken</figure>
        <details>
            <author>Leplat, N and Dagaut, P and Togb{\'{e}}, C and Vandooren, J</author>
            <journal>Combust Flame</journal>
            <number>4</number>
            <pages>705--725</pages>
            <title>Numerical and experimental study of ethanol combustion and oxidation in laminar premixed flames and in jet-stirred reactor</title>
            <volume>158</volume>
            <year>2011</year>
        </details>
    </bibliographyLink>
    <experimentType>jet stirred reactor measurement</experimentType>
    <apparatus>
        <kind>stirred reactor</kind>
    </apparatus>
    <commonProperties>
        <property name="pressure"                      label="P"    sourcetype="reported"   units="atm"           ><value>10</value></property>
        <property name="volume"                        label="V"    sourcetype="reported"   units="cm3"           ><value>30</value></property>
        <property name="residence time"                label="tau"  sourcetype="reported"   units="s"             ><value>0.7</value></property>
        <property name="initial composition"           sourcetype="reported"  >
            <component><speciesLink preferredKey="C2H5OH"  CAS="64-17-5"    InChI="1S/C2H6O/c1-2-3/h3H,2H2,1H3"  SMILES="CCO"  chemName="ethanol"  /><amount units="mole fraction" >0.002</amount></component>
            <component><speciesLink preferredKey="O2"      CAS="7782-44-7"  InChI="1S/O2/c1-2"                   SMILES="O=O"  chemName="oxygen"   /><amount units="mole fraction" >0.010</amount></component>
            <component><speciesLink preferredKey="N2"      CAS="7727-37-9"  InChI="1S/N2/c1-2"                   SMILES="N#N"  chemName="nitrogen" /><amount units="mole fraction" >0.988</amount></component>
        </property>
        <property name="evaluated standard deviation"  sourcetype="estimated"  units="mole fraction"  reference="composition"  kind="absolute"  method="statistical scatter"  >
            <speciesLink preferredKey="C2H5OH"  CAS="64-17-5"    InChI="1S/C2H6O/c1-2-3/h3H,2H2,1H3"  SMILES="CCO"        chemName="ethanol"         />
            <value>6.71e-5</value>
        </property>
        <property name="evaluated standard deviation"  sourcetype="estimated"  units="mole fraction"  reference="composition"  kind="absolute"  method="statistical scatter"  >
            <speciesLink preferredKey="O2"      CAS="7782-44-7"  InChI="1S/O2/c1-2"                   SMILES="O=O"        chemName="oxygen"          />
            <value>0.000329</value>
        </property>
        <property name="evaluated standard deviation"  sourcetype="estimated"  units="mole fraction"  reference="composition"  kind="absolute"  method="statistical scatter"  >
            <speciesLink preferredKey="H2"      CAS="1333-74-0"  InChI="1S/H2/h1H"                    SMILES="[HH]"       chemName="hydrogen"        />
            <value>9.13e-6</value>
        </property>
        <property name="evaluated standard deviation"  sourcetype="estimated"  units="mole fraction"  reference="composition"  kind="absolute"  method="statistical scatter"  >
            <speciesLink preferredKey="H2O"     CAS="7732-18-5"  InChI="1S/H2O/h1H2"                  SMILES="O"          chemName="water"           />
            <value>8.86e-5</value>
        </property>
        <property name="evaluated standard deviation"  sourcetype="estimated"  units="mole fraction"  reference="composition"  kind="absolute"  method="statistical scatter"  >
            <speciesLink preferredKey="CO"      CAS="630-08-0"   InChI="1S/CO/c1-2"                   SMILES="[C-]#[O+]"  chemName="carbon monoxide" />
            <value>5.84e-5</value>
        </property>
        <property name="evaluated standard deviation"  sourcetype="estimated"  units="mole fraction"  reference="composition"  kind="absolute"  method="statistical scatter"  >
            <speciesLink preferredKey="CO2"     CAS="124-38-9"   InChI="1S/CO2/c2-1-3"                SMILES="C(=O)=O"    chemName="carbon dioxide"  />
            <value>2.04e-5</value>
        </property>
        <property name="evaluated standard deviation"  sourcetype="estimated"  units="mole fraction"  reference="composition"  kind="absolute"  method="statistical scatter"  >
            <speciesLink preferredKey="CH2O"    CAS="50-00-0"    InChI="1S/CH2O/c1-2/h1H2"            SMILES="C=O"        chemName="formaldehyde"    />
            <value>2.97e-5</value>
        </property>
        <property name="evaluated standard deviation"  sourcetype="reported"   units="mole fraction"  reference="composition"  kind="absolute"  method="reported uncertainty" >
            <speciesLink preferredKey="CH3CHO"  CAS="75-07-0"    InChI="1S/C2H4O/c1-2-3/h2H,1H3"      SMILES="CC=O"       chemName="acetaldehyde"    />
            <value>3.56e-5</value>
        </property>
        <property name="evaluated standard deviation"  sourcetype="estimated"  units="mole fraction"  reference="composition"  kind="absolute"  method="statistical scatter"  >
            <speciesLink preferredKey="CH4"     CAS="74-82-8"    InChI="1S/CH4/h1H4"                  SMILES="C"          chemName="methane"         />
            <value>1.27e-5</value>
        </property>
        <property name="evaluated standard deviation"  sourcetype="estimated"  units="mole fraction"  reference="composition"  kind="absolute"  method="statistical scatter"  >
            <speciesLink preferredKey="C2H4"    CAS="74-85-1"    InChI="1S/C2H4/c1-2/h1-2H2"          SMILES="C=C"        chemName="ethene"          />
            <value>8.28e-6</value>
        </property>
        <property name="evaluated standard deviation"  sourcetype="estimated"  units="mole fraction"  reference="composition"  kind="absolute"  method="statistical scatter"  >
            <speciesLink preferredKey="C2H6"    CAS="74-84-0"    InChI="1S/C2H6/c1-2/h1-2H3"          SMILES="CC"         chemName="ethane"          />
            <value>1.18e-6</value>
        </property>
    </commonProperties>
    <dataGroup id="dg1">
        <property name="temperature"  id="x1"   label="T"         sourcetype="digitized"  units="K"             />
        <property name="composition"  id="x2"   label="[H2O]"     sourcetype="digitized"  units="mole fraction" >
            <speciesLink preferredKey="H2O"     CAS="7732-18-5"  InChI="1S/H2O/h1H2"                  SMILES="O"          chemName="water"           />
        </property>
        <property name="composition"  id="x3"   label="[CO2]"     sourcetype="digitized"  units="mole fraction" >
            <speciesLink preferredKey="CO2"     CAS="124-38-9"   InChI="1S/CO2/c2-1-3"                SMILES="C(=O)=O"    chemName="carbon dioxide"  />
        </property>
        <property name="composition"  id="x4"   label="[CO]"      sourcetype="digitized"  units="mole fraction" >
            <speciesLink preferredKey="CO"      CAS="630-08-0"   InChI="1S/CO/c1-2"                   SMILES="[C-]#[O+]"  chemName="carbon monoxide" />
        </property>
        <property name="composition"  id="x5"   label="[CH2O]"    sourcetype="digitized"  units="mole fraction" >
            <speciesLink preferredKey="CH2O"    CAS="50-00-0"    InChI="1S/CH2O/c1-2/h1H2"            SMILES="C=O"        chemName="formaldehyde"    />
        </property>
        <property name="composition"  id="x6"   label="[CH4]"     sourcetype="digitized"  units="mole fraction" >
            <speciesLink preferredKey="CH4"     CAS="74-82-8"    InChI="1S/CH4/h1H4"                  SMILES="C"          chemName="methane"         />
        </property>
        <property name="composition"  id="x7"   label="[C2H4]"    sourcetype="digitized"  units="mole fraction" >
            <speciesLink preferredKey="C2H4"    CAS="74-85-1"    InChI="1S/C2H4/c1-2/h1-2H2"          SMILES="C=C"        chemName="ethene"          />
        </property>
        <property name="composition"  id="x8"   label="[C2H6]"    sourcetype="digitized"  units="mole fraction" >
            <speciesLink preferredKey="C2H6"    CAS="74-84-0"    InChI="1S/C2H6/c1-2/h1-2H3"          SMILES="CC"         chemName="ethane"          />
        </property>
        <property name="composition"  id="x9"   label="[CH3CHO]"  sourcetype="digitized"  units="mole fraction" >
            <speciesLink preferredKey="CH3CHO"  CAS="75-07-0"    InChI="1S/C2H4O/c1-2-3/h2H,1H3"      SMILES="CC=O"       chemName="acetaldehyde"    />
        </property>
        <property name="composition"  id="x10"  label="[C2H5OH]"  sourcetype="digitized"  units="mole fraction" >
            <speciesLink preferredKey="C2H5OH"  CAS="64-17-5"    InChI="1S/C2H6O/c1-2-3/h3H,2H2,1H3"  SMILES="CCO"        chemName="ethanol"         />
        </property>
        <property name="composition"  id="x11"  label="[H2]"      sourcetype="digitized"  units="mole fraction" >
            <speciesLink preferredKey="H2"      CAS="1333-74-0"  InChI="1S/H2/h1H"                    SMILES="[HH]"       chemName="hydrogen"        />
        </property>
        <property name="composition"  id="x12"  label="[O2]"      sourcetype="digitized"  units="mole fraction" >
            <speciesLink preferredKey="O2"      CAS="7782-44-7"  InChI="1S/O2/c1-2"                   SMILES="O=O"        chemName="oxygen"          />
        </property>

        <dataPoint><x1>0801</x1><x2>1.04E-04</x2><x3>0.00E+00</x3><x4>1.60E-05</x4><x5>1.90E-05</x5><x6>5.00E-06</x6><x7>1.01E-05</x7><x8>0.00E+00</x8><x9>1.01E-04</x9><x10>1.86E-03</x10><x11>0.00E+00</x11><x12>9.09E-03</x12></dataPoint>
        <dataPoint><x1>0830</x1><x2>1.10E-03</x2><x3>1.80E-05</x3><x4>5.51E-04</x4><x5>1.32E-04</x5><x6>9.69E-05</x6><x7>1.04E-04</x7><x8>7.21E-06</x8><x9>2.25E-04</x9><x10>1.10E-03</x10><x11>5.52E-05</x11><x12>8.03E-03</x12></dataPoint>
        <dataPoint><x1>0861</x1><x2>2.23E-03</x2><x3>8.70E-05</x3><x4>1.26E-03</x4><x5>1.34E-04</x5><x6>1.99E-04</x6><x7>1.86E-04</x7><x8>1.84E-05</x8><x9>1.16E-04</x9><x10>5.89E-04</x10><x11>1.16E-04</x11><x12>7.00E-03</x12></dataPoint>
        <dataPoint><x1>0889</x1><x2>2.79E-03</x2><x3>1.79E-04</x3><x4>1.62E-03</x4><x5>1.03E-04</x5><x6>2.25E-04</x6><x7>2.09E-04</x7><x8>2.10E-05</x8><x9>3.40E-05</x9><x10>3.62E-04</x10><x11>1.53E-04</x11><x12>7.20E-03</x12></dataPoint>
        <dataPoint><x1>0918</x1><x2>3.46E-03</x2><x3>3.26E-04</x3><x4>1.98E-03</x4><x5>8.10E-05</x5><x6>2.19E-04</x6><x7>1.99E-04</x7><x8>1.89E-05</x8><x9>0.00E+00</x9><x10>2.71E-04</x10><x11>1.67E-04</x11><x12>6.85E-03</x12></dataPoint>
        <dataPoint><x1>0950</x1><x2>3.91E-03</x2><x3>4.74E-04</x3><x4>2.11E-03</x4><x5>6.30E-05</x5><x6>2.15E-04</x6><x7>1.89E-04</x7><x8>1.70E-05</x8><x9>0.00E+00</x9><x10>1.87E-04</x10><x11>1.90E-04</x11><x12>6.35E-03</x12></dataPoint>
        <dataPoint><x1>0980</x1><x2>4.31E-03</x2><x3>6.77E-04</x3><x4>2.23E-03</x4><x5>4.70E-05</x5><x6>1.92E-04</x6><x7>1.57E-04</x7><x8>1.33E-05</x8><x9>0.00E+00</x9><x10>1.47E-04</x10><x11>2.03E-04</x11><x12>6.30E-03</x12></dataPoint>
        <dataPoint><x1>1011</x1><x2>4.73E-03</x2><x3>9.69E-04</x3><x4>2.27E-03</x4><x5>3.40E-05</x5><x6>1.47E-04</x6><x7>1.11E-04</x7><x8>8.80E-06</x8><x9>0.00E+00</x9><x10>1.09E-04</x10><x11>1.79E-04</x11><x12>6.27E-03</x12></dataPoint>
        <dataPoint><x1>1039</x1><x2>5.12E-03</x2><x3>1.32E-03</x3><x4>2.17E-03</x4><x5>2.50E-05</x5><x6>1.08E-04</x6><x7>7.08E-05</x7><x8>5.41E-06</x8><x9>0.00E+00</x9><x10>7.10E-05</x10><x11>1.57E-04</x11><x12>5.44E-03</x12></dataPoint>
        <dataPoint><x1>1071</x1><x2>5.41E-03</x2><x3>1.77E-03</x3><x4>1.92E-03</x4><x5>2.00E-05</x5><x6>5.90E-05</x6><x7>4.30E-05</x7><x8>2.70E-06</x8><x9>0.00E+00</x9><x10>4.00E-05</x10><x11>1.39E-04</x11><x12>0.00E+00</x12></dataPoint>
    </dataGroup>
</experiment>
