<experiment>
    <fileAuthor>Chemical Kinetics Laboratory, Institute of Chemistry, ELTE, Budapest, Hungary</fileAuthor>
    <fileDOI>10.24388/x00003003</fileDOI>
    <fileVersion>
        <major>2</major>
        <minor>0</minor>
    </fileVersion>
    <ReSpecThVersion>
        <major>2</major>
        <minor>3</minor>
    </ReSpecThVersion>
    <firstPublicationDate>2015-10-11</firstPublicationDate>
    <lastModificationDate>2020-11-13</lastModificationDate>
    <bibliographyLink>
        <description>N. Leplat, P. Dagaut, C. Togbe, J. Vandooren, Combust. Flame 158 (2011) 705-725.</description>
        <referenceDOI>10.1016/j.combustflame.2010.12.008</referenceDOI>
        <location>Main Article</location>
        <figure>Fig. 6, C3H6 not taken</figure>
        <details>
            <author>Leplat, N and Dagaut, P and Togb{\'{e}}, C and Vandooren, J</author>
            <journal>Combust Flame</journal>
            <number>4</number>
            <pages>705--725</pages>
            <title>Numerical and experimental study of ethanol combustion and oxidation in laminar premixed flames and in jet-stirred reactor</title>
            <volume>158</volume>
            <year>2011</year>
        </details>
    </bibliographyLink>
    <experimentType>jet stirred reactor measurement</experimentType>
    <apparatus>
        <kind>stirred reactor</kind>
    </apparatus>
    <commonProperties>
        <property name="pressure"                      label="P"    sourcetype="reported"   units="atm"           ><value>1</value></property>
        <property name="volume"                        label="V"    sourcetype="reported"   units="cm3"           ><value>30</value></property>
        <property name="residence time"                label="tau"  sourcetype="reported"   units="s"             ><value>0.07</value></property>
        <property name="initial composition"           sourcetype="reported"  >
            <component><speciesLink preferredKey="C2H5OH"  CAS="64-17-5"    InChI="1S/C2H6O/c1-2-3/h3H,2H2,1H3"  SMILES="CCO"  chemName="ethanol"  /><amount units="mole fraction" >0.002</amount></component>
            <component><speciesLink preferredKey="O2"      CAS="7782-44-7"  InChI="1S/O2/c1-2"                   SMILES="O=O"  chemName="oxygen"   /><amount units="mole fraction" >0.006</amount></component>
            <component><speciesLink preferredKey="N2"      CAS="7727-37-9"  InChI="1S/N2/c1-2"                   SMILES="N#N"  chemName="nitrogen" /><amount units="mole fraction" >0.992</amount></component>
        </property>
        <property name="evaluated standard deviation"  sourcetype="estimated"  units="mole fraction"  reference="composition"  kind="absolute"  method="statistical scatter" >
            <speciesLink preferredKey="C2H5OH"  CAS="64-17-5"    InChI="1S/C2H6O/c1-2-3/h3H,2H2,1H3"  SMILES="CCO"        chemName="ethanol"         />
            <value>6.53e-5</value>
        </property>
        <property name="evaluated standard deviation"  sourcetype="estimated"  units="mole fraction"  reference="composition"  kind="absolute"  method="statistical scatter" >
            <speciesLink preferredKey="O2"      CAS="7782-44-7"  InChI="1S/O2/c1-2"                   SMILES="O=O"        chemName="oxygen"          />
            <value>0.00361</value>
        </property>
        <property name="evaluated standard deviation"  sourcetype="estimated"  units="mole fraction"  reference="composition"  kind="absolute"  method="statistical scatter" >
            <speciesLink preferredKey="H2"      CAS="1333-74-0"  InChI="1S/H2/h1H"                    SMILES="[HH]"       chemName="hydrogen"        />
            <value>0.000278</value>
        </property>
        <property name="evaluated standard deviation"  sourcetype="estimated"  units="mole fraction"  reference="composition"  kind="absolute"  method="statistical scatter" >
            <speciesLink preferredKey="H2O"     CAS="7732-18-5"  InChI="1S/H2O/h1H2"                  SMILES="O"          chemName="water"           />
            <value>0.000526</value>
        </property>
        <property name="evaluated standard deviation"  sourcetype="estimated"  units="mole fraction"  reference="composition"  kind="absolute"  method="statistical scatter" >
            <speciesLink preferredKey="CO"      CAS="630-08-0"   InChI="1S/CO/c1-2"                   SMILES="[C-]#[O+]"  chemName="carbon monoxide" />
            <value>0.000217</value>
        </property>
        <property name="evaluated standard deviation"  sourcetype="estimated"  units="mole fraction"  reference="composition"  kind="absolute"  method="statistical scatter" >
            <speciesLink preferredKey="CO2"     CAS="124-38-9"   InChI="1S/CO2/c2-1-3"                SMILES="C(=O)=O"    chemName="carbon dioxide"  />
            <value>0.000343</value>
        </property>
        <property name="evaluated standard deviation"  sourcetype="estimated"  units="mole fraction"  reference="composition"  kind="absolute"  method="statistical scatter" >
            <speciesLink preferredKey="CH2O"    CAS="50-00-0"    InChI="1S/CH2O/c1-2/h1H2"            SMILES="C=O"        chemName="formaldehyde"    />
            <value>9.66e-6</value>
        </property>
        <property name="evaluated standard deviation"  sourcetype="estimated"  units="mole fraction"  reference="composition"  kind="absolute"  method="statistical scatter" >
            <speciesLink preferredKey="CH3CHO"  CAS="75-07-0"    InChI="1S/C2H4O/c1-2-3/h2H,1H3"      SMILES="CC=O"       chemName="acetaldehyde"    />
            <value>3.05e-5</value>
        </property>
        <property name="evaluated standard deviation"  sourcetype="estimated"  units="mole fraction"  reference="composition"  kind="absolute"  method="statistical scatter" >
            <speciesLink preferredKey="CH4"     CAS="74-82-8"    InChI="1S/CH4/h1H4"                  SMILES="C"          chemName="methane"         />
            <value>8.08e-5</value>
        </property>
        <property name="evaluated standard deviation"  sourcetype="estimated"  units="mole fraction"  reference="composition"  kind="absolute"  method="statistical scatter" >
            <speciesLink preferredKey="C2H2"    CAS="74-86-2"    InChI="1S/C2H2/c1-2/h1-2H"           SMILES="C#C"        chemName="acetylene"       />
            <value>4.14e-6</value>
        </property>
        <property name="evaluated standard deviation"  sourcetype="estimated"  units="mole fraction"  reference="composition"  kind="absolute"  method="statistical scatter" >
            <speciesLink preferredKey="C2H4"    CAS="74-85-1"    InChI="1S/C2H4/c1-2/h1-2H2"          SMILES="C=C"        chemName="ethene"          />
            <value>8.83e-5</value>
        </property>
        <property name="evaluated standard deviation"  sourcetype="estimated"  units="mole fraction"  reference="composition"  kind="absolute"  method="statistical scatter" >
            <speciesLink preferredKey="C2H6"    CAS="74-84-0"    InChI="1S/C2H6/c1-2/h1-2H3"          SMILES="CC"         chemName="ethane"          />
            <value>1.46e-5</value>
        </property>
    </commonProperties>
    <dataGroup id="dg1">
        <property name="temperature"  id="x1"   label="T"         sourcetype="digitized"  units="K"             />
        <property name="composition"  id="x2"   label="[H2O]"     sourcetype="digitized"  units="mole fraction" >
            <speciesLink preferredKey="H2O"     CAS="7732-18-5"  InChI="1S/H2O/h1H2"                  SMILES="O"          chemName="water"           />
        </property>
        <property name="composition"  id="x3"   label="[CO2]"     sourcetype="digitized"  units="mole fraction" >
            <speciesLink preferredKey="CO2"     CAS="124-38-9"   InChI="1S/CO2/c2-1-3"                SMILES="C(=O)=O"    chemName="carbon dioxide"  />
        </property>
        <property name="composition"  id="x4"   label="[CO]"      sourcetype="digitized"  units="mole fraction" >
            <speciesLink preferredKey="CO"      CAS="630-08-0"   InChI="1S/CO/c1-2"                   SMILES="[C-]#[O+]"  chemName="carbon monoxide" />
        </property>
        <property name="composition"  id="x5"   label="[CH2O]"    sourcetype="digitized"  units="mole fraction" >
            <speciesLink preferredKey="CH2O"    CAS="50-00-0"    InChI="1S/CH2O/c1-2/h1H2"            SMILES="C=O"        chemName="formaldehyde"    />
        </property>
        <property name="composition"  id="x6"   label="[CH4]"     sourcetype="digitized"  units="mole fraction" >
            <speciesLink preferredKey="CH4"     CAS="74-82-8"    InChI="1S/CH4/h1H4"                  SMILES="C"          chemName="methane"         />
        </property>
        <property name="composition"  id="x7"   label="[C2H2]"    sourcetype="digitized"  units="mole fraction" >
            <speciesLink preferredKey="C2H2"    CAS="74-86-2"    InChI="1S/C2H2/c1-2/h1-2H"           SMILES="C#C"        chemName="acetylene"       />
        </property>
        <property name="composition"  id="x8"   label="[C2H4]"    sourcetype="digitized"  units="mole fraction" >
            <speciesLink preferredKey="C2H4"    CAS="74-85-1"    InChI="1S/C2H4/c1-2/h1-2H2"          SMILES="C=C"        chemName="ethene"          />
        </property>
        <property name="composition"  id="x9"   label="[C2H6]"    sourcetype="digitized"  units="mole fraction" >
            <speciesLink preferredKey="C2H6"    CAS="74-84-0"    InChI="1S/C2H6/c1-2/h1-2H3"          SMILES="CC"         chemName="ethane"          />
        </property>
        <property name="composition"  id="x10"  label="[CH3CHO]"  sourcetype="digitized"  units="mole fraction" >
            <speciesLink preferredKey="CH3CHO"  CAS="75-07-0"    InChI="1S/C2H4O/c1-2-3/h2H,1H3"      SMILES="CC=O"       chemName="acetaldehyde"    />
        </property>
        <property name="composition"  id="x11"  label="[C2H5OH]"  sourcetype="digitized"  units="mole fraction" >
            <speciesLink preferredKey="C2H5OH"  CAS="64-17-5"    InChI="1S/C2H6O/c1-2-3/h3H,2H2,1H3"  SMILES="CCO"        chemName="ethanol"         />
        </property>
        <property name="composition"  id="x12"  label="[H2]"      sourcetype="digitized"  units="mole fraction" >
            <speciesLink preferredKey="H2"      CAS="1333-74-0"  InChI="1S/H2/h1H"                    SMILES="[HH]"       chemName="hydrogen"        />
        </property>
        <property name="composition"  id="x13"  label="[O2]"      sourcetype="digitized"  units="mole fraction" >
            <speciesLink preferredKey="O2"      CAS="7782-44-7"  InChI="1S/O2/c1-2"                   SMILES="O=O"        chemName="oxygen"          />
        </property>

        <dataPoint><x1>0890</x1><x2>1.02E-04</x2><x3>5.27E-06</x3><x4>3.00E-07</x4><x5>4.00E-07</x5><x6>0.00E+00</x6><x7>0.00E+00</x7><x8>2.64E-06</x8><x9>0.00E+00</x9><x10>2.88E-05</x10><x11>2.01E-03</x11><x12>0.00E+00</x12><x13>5.54E-03</x13></dataPoint>
        <dataPoint><x1>0920</x1><x2>1.06E-04</x2><x3>5.70E-06</x3><x4>9.00E-07</x4><x5>1.50E-06</x5><x6>0.00E+00</x6><x7>0.00E+00</x7><x8>3.30E-06</x8><x9>0.00E+00</x9><x10>3.60E-05</x10><x11>1.88E-03</x11><x12>4.43E-07</x12><x13>5.37E-03</x13></dataPoint>
        <dataPoint><x1>0950</x1><x2>2.09E-04</x2><x3>8.75E-06</x3><x4>1.01E-05</x4><x5>1.05E-05</x5><x6>3.48E-06</x6><x7>0.00E+00</x7><x8>1.34E-05</x8><x9>0.00E+00</x9><x10>1.02E-04</x10><x11>1.83E-03</x11><x12>5.09E-06</x12><x13>5.25E-03</x13></dataPoint>
        <dataPoint><x1>0980</x1><x2>3.53E-04</x2><x3>1.32E-05</x3><x4>3.24E-05</x4><x5>2.96E-05</x5><x6>1.62E-05</x6><x7>0.00E+00</x7><x8>4.80E-05</x8><x9>1.70E-06</x9><x10>1.89E-04</x10><x11>1.71E-03</x11><x12>3.61E-05</x12><x13>7.40E-03</x13></dataPoint>
        <dataPoint><x1>1010</x1><x2>5.71E-04</x2><x3>1.73E-05</x3><x4>1.29E-04</x4><x5>6.76E-05</x5><x6>4.85E-05</x6><x7>0.00E+00</x7><x8>1.10E-04</x8><x9>7.55E-06</x9><x10>2.88E-04</x10><x11>1.45E-03</x11><x12>1.26E-04</x12><x13>5.01E-03</x13></dataPoint>
        <dataPoint><x1>1040</x1><x2>8.41E-04</x2><x3>3.28E-05</x3><x4>2.77E-04</x4><x5>1.01E-04</x5><x6>9.03E-05</x6><x7>0.00E+00</x7><x8>1.72E-04</x8><x9>1.68E-05</x9><x10>3.47E-04</x10><x11>1.22E-03</x11><x12>2.64E-04</x12><x13>5.53E-03</x13></dataPoint>
        <dataPoint><x1>1071</x1><x2>9.69E-04</x2><x3>3.28E-05</x3><x4>4.01E-04</x4><x5>1.11E-04</x5><x6>1.36E-04</x6><x7>0.00E+00</x7><x8>2.43E-04</x8><x9>2.75E-05</x9><x10>3.36E-04</x10><x11>9.20E-04</x11><x12>4.03E-04</x12><x13>5.36E-03</x13></dataPoint>
        <dataPoint><x1>1100</x1><x2>1.45E-03</x2><x3>4.72E-05</x3><x4>8.32E-04</x4><x5>1.39E-04</x5><x6>1.75E-04</x6><x7>1.53E-06</x7><x8>3.05E-04</x8><x9>3.98E-05</x9><x10>3.69E-04</x10><x11>8.14E-04</x11><x12>5.79E-04</x12><x13>5.76E-03</x13></dataPoint>
        <dataPoint><x1>1130</x1><x2>1.52E-03</x2><x3>4.77E-05</x3><x4>9.77E-04</x4><x5>1.21E-04</x5><x6>2.99E-04</x6><x7>7.21E-06</x7><x8>4.87E-04</x8><x9>6.80E-05</x9><x10>2.35E-04</x10><x11>4.59E-04</x11><x12>1.09E-03</x12><x13>3.83E-03</x13></dataPoint>
        <dataPoint><x1>1160</x1><x2>2.46E-03</x2><x3>5.79E-04</x3><x4>1.31E-03</x4><x5>7.70E-05</x5><x6>3.26E-04</x6><x7>1.47E-05</x7><x8>5.10E-04</x8><x9>7.70E-05</x9><x10>1.19E-04</x10><x11>2.04E-04</x11><x12>1.36E-03</x12><x13>3.51E-03</x13></dataPoint>
        <dataPoint><x1>1190</x1><x2>4.34E-03</x2><x3>1.39E-03</x3><x4>1.99E-03</x4><x5>3.20E-05</x5><x6>6.72E-05</x6><x7>9.60E-06</x7><x8>2.79E-04</x8><x9>1.58E-05</x9><x10>0.00E+00</x10><x11>5.31E-05</x11><x12>6.76E-04</x12><x13>6.32E-04</x13></dataPoint>
        <dataPoint><x1>1220</x1><x2>6.07E-03</x2><x3>2.91E-03</x3><x4>1.52E-03</x4><x5>0.00E+00</x5><x6>2.09E-05</x6><x7>7.70E-06</x7><x8>1.80E-05</x8><x9>0.00E+00</x9><x10>0.00E+00</x10><x11>7.00E-07</x11><x12>3.46E-04</x12><x13>1.08E-03</x13></dataPoint>
        <dataPoint><x1>1252</x1><x2>6.31E-03</x2><x3>3.04E-03</x3><x4>1.69E-03</x4><x5>0.00E+00</x5><x6>1.29E-05</x6><x7>1.14E-05</x7><x8>8.00E-06</x8><x9>0.00E+00</x9><x10>0.00E+00</x10><x11>0.00E+00</x11><x12>6.80E-04</x12><x13>2.37E-03</x13></dataPoint>
    </dataGroup>
</experiment>
