<experiment>
    <fileAuthor>Chemical Kinetics Laboratory, Institute of Chemistry, ELTE, Budapest, Hungary</fileAuthor>
    <fileDOI>10.24388/x00003004</fileDOI>
    <fileVersion>
        <major>2</major>
        <minor>0</minor>
    </fileVersion>
    <ReSpecThVersion>
        <major>2</major>
        <minor>3</minor>
    </ReSpecThVersion>
    <firstPublicationDate>2015-10-11</firstPublicationDate>
    <lastModificationDate>2020-11-13</lastModificationDate>
    <bibliographyLink>
        <description>N. Leplat, P. Dagaut, C. Togbe, J. Vandooren, Combust. Flame 158 (2011) 705-725.</description>
        <referenceDOI>10.1016/j.combustflame.2010.12.008</referenceDOI>
        <location>Main Article</location>
        <figure>Fig. 7, C3H6 not taken</figure>
        <details>
            <author>Leplat, N and Dagaut, P and Togb{\'{e}}, C and Vandooren, J</author>
            <journal>Combust Flame</journal>
            <number>4</number>
            <pages>705--725</pages>
            <title>Numerical and experimental study of ethanol combustion and oxidation in laminar premixed flames and in jet-stirred reactor</title>
            <volume>158</volume>
            <year>2011</year>
        </details>
    </bibliographyLink>
    <experimentType>jet stirred reactor measurement</experimentType>
    <apparatus>
        <kind>stirred reactor</kind>
    </apparatus>
    <commonProperties>
        <property name="pressure"                      label="P"    sourcetype="reported"   units="atm"           ><value>1</value></property>
        <property name="volume"                        label="V"    sourcetype="reported"   units="cm3"           ><value>30</value></property>
        <property name="residence time"                label="tau"  sourcetype="reported"   units="s"             ><value>0.07</value></property>
        <property name="initial composition"           sourcetype="reported"  >
            <component><speciesLink preferredKey="C2H5OH"  CAS="64-17-5"    InChI="1S/C2H6O/c1-2-3/h3H,2H2,1H3"  SMILES="CCO"  chemName="ethanol"  /><amount units="mole fraction" >0.002</amount></component>
            <component><speciesLink preferredKey="O2"      CAS="7782-44-7"  InChI="1S/O2/c1-2"                   SMILES="O=O"  chemName="oxygen"   /><amount units="mole fraction" >0.003</amount></component>
            <component><speciesLink preferredKey="N2"      CAS="7727-37-9"  InChI="1S/N2/c1-2"                   SMILES="N#N"  chemName="nitrogen" /><amount units="mole fraction" >0.995</amount></component>
        </property>
        <property name="evaluated standard deviation"  sourcetype="estimated"  units="mole fraction"  reference="composition"  kind="absolute"  method="statistical scatter" >
            <speciesLink preferredKey="C2H5OH"  CAS="64-17-5"    InChI="1S/C2H6O/c1-2-3/h3H,2H2,1H3"  SMILES="CCO"        chemName="ethanol"         />
            <value>8.39e-5</value>
        </property>
        <property name="evaluated standard deviation"  sourcetype="estimated"  units="mole fraction"  reference="composition"  kind="absolute"  method="statistical scatter" >
            <speciesLink preferredKey="O2"      CAS="7782-44-7"  InChI="1S/O2/c1-2"                   SMILES="O=O"        chemName="oxygen"          />
            <value>0.000363</value>
        </property>
        <property name="evaluated standard deviation"  sourcetype="estimated"  units="mole fraction"  reference="composition"  kind="absolute"  method="statistical scatter" >
            <speciesLink preferredKey="H2"      CAS="1333-74-0"  InChI="1S/H2/h1H"                    SMILES="[HH]"       chemName="hydrogen"        />
            <value>0.000156</value>
        </property>
        <property name="evaluated standard deviation"  sourcetype="estimated"  units="mole fraction"  reference="composition"  kind="absolute"  method="statistical scatter" >
            <speciesLink preferredKey="H2O"     CAS="7732-18-5"  InChI="1S/H2O/h1H2"                  SMILES="O"          chemName="water"           />
            <value>0.000109</value>
        </property>
        <property name="evaluated standard deviation"  sourcetype="estimated"  units="mole fraction"  reference="composition"  kind="absolute"  method="statistical scatter" >
            <speciesLink preferredKey="CO"      CAS="630-08-0"   InChI="1S/CO/c1-2"                   SMILES="[C-]#[O+]"  chemName="carbon monoxide" />
            <value>0.0001</value>
        </property>
        <property name="evaluated standard deviation"  sourcetype="estimated"  units="mole fraction"  reference="composition"  kind="absolute"  method="statistical scatter" >
            <speciesLink preferredKey="CO2"     CAS="124-38-9"   InChI="1S/CO2/c2-1-3"                SMILES="C(=O)=O"    chemName="carbon dioxide"  />
            <value>3.79e-5</value>
        </property>
        <property name="evaluated standard deviation"  sourcetype="estimated"  units="mole fraction"  reference="composition"  kind="absolute"  method="statistical scatter" >
            <speciesLink preferredKey="CH2O"    CAS="50-00-0"    InChI="1S/CH2O/c1-2/h1H2"            SMILES="C=O"        chemName="formaldehyde"    />
            <value>9.8e-6</value>
        </property>
        <property name="evaluated standard deviation"  sourcetype="estimated"  units="mole fraction"  reference="composition"  kind="absolute"  method="statistical scatter" >
            <speciesLink preferredKey="CH3CHO"  CAS="75-07-0"    InChI="1S/C2H4O/c1-2-3/h2H,1H3"      SMILES="CC=O"       chemName="acetaldehyde"    />
            <value>2.17e-5</value>
        </property>
        <property name="evaluated standard deviation"  sourcetype="estimated"  units="mole fraction"  reference="composition"  kind="absolute"  method="statistical scatter" >
            <speciesLink preferredKey="CH4"     CAS="74-82-8"    InChI="1S/CH4/h1H4"                  SMILES="C"          chemName="methane"         />
            <value>5.23e-5</value>
        </property>
        <property name="evaluated standard deviation"  sourcetype="estimated"  units="mole fraction"  reference="composition"  kind="absolute"  method="statistical scatter" >
            <speciesLink preferredKey="C2H2"    CAS="74-86-2"    InChI="1S/C2H2/c1-2/h1-2H"           SMILES="C#C"        chemName="acetylene"       />
            <value>1.23e-5</value>
        </property>
        <property name="evaluated standard deviation"  sourcetype="estimated"  units="mole fraction"  reference="composition"  kind="absolute"  method="statistical scatter" >
            <speciesLink preferredKey="C2H4"    CAS="74-85-1"    InChI="1S/C2H4/c1-2/h1-2H2"          SMILES="C=C"        chemName="ethene"          />
            <value>0.000105</value>
        </property>
        <property name="evaluated standard deviation"  sourcetype="estimated"  units="mole fraction"  reference="composition"  kind="absolute"  method="statistical scatter" >
            <speciesLink preferredKey="C2H6"    CAS="74-84-0"    InChI="1S/C2H6/c1-2/h1-2H3"          SMILES="CC"         chemName="ethane"          />
            <value>1.37e-5</value>
        </property>
    </commonProperties>
    <dataGroup id="dg1">
        <property name="temperature"  id="x1"   label="T"         sourcetype="digitized"  units="K"             />
        <property name="composition"  id="x2"   label="[H2O]"     sourcetype="digitized"  units="mole fraction" >
            <speciesLink preferredKey="H2O"     CAS="7732-18-5"  InChI="1S/H2O/h1H2"                  SMILES="O"          chemName="water"           />
        </property>
        <property name="composition"  id="x3"   label="[CO2]"     sourcetype="digitized"  units="mole fraction" >
            <speciesLink preferredKey="CO2"     CAS="124-38-9"   InChI="1S/CO2/c2-1-3"                SMILES="C(=O)=O"    chemName="carbon dioxide"  />
        </property>
        <property name="composition"  id="x4"   label="[CO]"      sourcetype="digitized"  units="mole fraction" >
            <speciesLink preferredKey="CO"      CAS="630-08-0"   InChI="1S/CO/c1-2"                   SMILES="[C-]#[O+]"  chemName="carbon monoxide" />
        </property>
        <property name="composition"  id="x5"   label="[CH2O]"    sourcetype="digitized"  units="mole fraction" >
            <speciesLink preferredKey="CH2O"    CAS="50-00-0"    InChI="1S/CH2O/c1-2/h1H2"            SMILES="C=O"        chemName="formaldehyde"    />
        </property>
        <property name="composition"  id="x6"   label="[CH4]"     sourcetype="digitized"  units="mole fraction" >
            <speciesLink preferredKey="CH4"     CAS="74-82-8"    InChI="1S/CH4/h1H4"                  SMILES="C"          chemName="methane"         />
        </property>
        <property name="composition"  id="x7"   label="[C2H2]"    sourcetype="digitized"  units="mole fraction" >
            <speciesLink preferredKey="C2H2"    CAS="74-86-2"    InChI="1S/C2H2/c1-2/h1-2H"           SMILES="C#C"        chemName="acetylene"       />
        </property>
        <property name="composition"  id="x8"   label="[C2H4]"    sourcetype="digitized"  units="mole fraction" >
            <speciesLink preferredKey="C2H4"    CAS="74-85-1"    InChI="1S/C2H4/c1-2/h1-2H2"          SMILES="C=C"        chemName="ethene"          />
        </property>
        <property name="composition"  id="x9"   label="[C2H6]"    sourcetype="digitized"  units="mole fraction" >
            <speciesLink preferredKey="C2H6"    CAS="74-84-0"    InChI="1S/C2H6/c1-2/h1-2H3"          SMILES="CC"         chemName="ethane"          />
        </property>
        <property name="composition"  id="x10"  label="[CH3CHO]"  sourcetype="digitized"  units="mole fraction" >
            <speciesLink preferredKey="CH3CHO"  CAS="75-07-0"    InChI="1S/C2H4O/c1-2-3/h2H,1H3"      SMILES="CC=O"       chemName="acetaldehyde"    />
        </property>
        <property name="composition"  id="x11"  label="[C2H5OH]"  sourcetype="digitized"  units="mole fraction" >
            <speciesLink preferredKey="C2H5OH"  CAS="64-17-5"    InChI="1S/C2H6O/c1-2-3/h3H,2H2,1H3"  SMILES="CCO"        chemName="ethanol"         />
        </property>
        <property name="composition"  id="x12"  label="[H2]"      sourcetype="digitized"  units="mole fraction" >
            <speciesLink preferredKey="H2"      CAS="1333-74-0"  InChI="1S/H2/h1H"                    SMILES="[HH]"       chemName="hydrogen"        />
        </property>
        <property name="composition"  id="x13"  label="[O2]"      sourcetype="digitized"  units="mole fraction" >
            <speciesLink preferredKey="O2"      CAS="7782-44-7"  InChI="1S/O2/c1-2"                   SMILES="O=O"        chemName="oxygen"          />
        </property>

        <dataPoint><x1>0890</x1><x2>1.06E-04</x2><x3>1.25E-05</x3><x4>2.10E-06</x4><x5>6.00E-07</x5><x6>4.86E-07</x6><x7>1.53E-06</x7><x8>2.07E-06</x8><x9>0.00E+00</x9><x10>4.80E-05</x10><x11>1.92E-03</x11><x12>6.90E-06</x12><x13>2.64E-03</x13></dataPoint>
        <dataPoint><x1>0920</x1><x2>1.34E-04</x2><x3>1.72E-05</x3><x4>3.80E-06</x4><x5>2.60E-06</x5><x6>1.36E-06</x6><x7>2.18E-07</x7><x8>5.98E-06</x8><x9>0.00E+00</x9><x10>8.28E-05</x10><x11>1.89E-03</x11><x12>3.55E-06</x12><x13>2.59E-03</x13></dataPoint>
        <dataPoint><x1>0951</x1><x2>2.15E-04</x2><x3>2.60E-05</x3><x4>1.16E-05</x4><x5>1.06E-05</x5><x6>7.48E-06</x6><x7>1.32E-07</x7><x8>2.28E-05</x8><x9>4.49E-07</x9><x10>1.43E-04</x10><x11>1.64E-03</x11><x12>1.94E-05</x12><x13>2.60E-03</x13></dataPoint>
        <dataPoint><x1>0980</x1><x2>3.79E-04</x2><x3>3.90E-05</x3><x4>5.70E-05</x4><x5>3.50E-05</x5><x6>1.84E-05</x6><x7>2.95E-07</x7><x8>4.51E-05</x8><x9>2.21E-06</x9><x10>2.35E-04</x10><x11>1.64E-03</x11><x12>5.17E-05</x12><x13>3.49E-03</x13></dataPoint>
        <dataPoint><x1>1010</x1><x2>5.10E-04</x2><x3>5.00E-05</x3><x4>1.22E-04</x4><x5>5.67E-05</x5><x6>4.65E-05</x6><x7>6.37E-07</x7><x8>9.30E-05</x8><x9>7.67E-06</x9><x10>2.76E-04</x10><x11>1.40E-03</x11><x12>1.54E-04</x12><x13>2.18E-03</x13></dataPoint>
        <dataPoint><x1>1040</x1><x2>6.28E-04</x2><x3>5.45E-05</x3><x4>1.99E-04</x4><x5>7.48E-05</x5><x6>8.07E-05</x6><x7>9.78E-07</x7><x8>1.47E-04</x8><x9>1.51E-05</x9><x10>3.28E-04</x10><x11>1.24E-03</x11><x12>2.74E-04</x12><x13>2.74E-03</x13></dataPoint>
        <dataPoint><x1>1070</x1><x2>7.71E-04</x2><x3>5.46E-05</x3><x4>3.09E-04</x4><x5>9.29E-05</x5><x6>1.16E-04</x6><x7>1.72E-06</x7><x8>2.16E-04</x8><x9>2.48E-05</x9><x10>3.81E-04</x10><x11>1.15E-03</x11><x12>3.93E-04</x12><x13>2.60E-03</x13></dataPoint>
        <dataPoint><x1>1100</x1><x2>8.96E-04</x2><x3>4.43E-05</x3><x4>4.61E-04</x4><x5>1.03E-04</x5><x6>1.73E-04</x6><x7>2.79E-06</x7><x8>3.27E-04</x8><x9>4.01E-05</x9><x10>3.24E-04</x10><x11>9.15E-04</x11><x12>6.13E-04</x12><x13>1.83E-03</x13></dataPoint>
        <dataPoint><x1>1130</x1><x2>1.07E-03</x2><x3>3.62E-05</x3><x4>6.70E-04</x4><x5>1.06E-04</x5><x6>2.68E-04</x6><x7>8.36E-06</x7><x8>5.00E-04</x8><x9>6.58E-05</x9><x10>2.93E-04</x10><x11>5.99E-04</x11><x12>9.38E-04</x12><x13>1.69E-03</x13></dataPoint>
        <dataPoint><x1>1160</x1><x2>1.23E-03</x2><x3>3.70E-05</x3><x4>8.94E-04</x4><x5>9.48E-05</x5><x6>3.31E-04</x6><x7>1.78E-05</x7><x8>6.03E-04</x8><x9>8.10E-05</x9><x10>2.17E-04</x10><x11>3.64E-04</x11><x12>1.22E-03</x12><x13>1.38E-03</x13></dataPoint>
        <dataPoint><x1>1190</x1><x2>1.55E-03</x2><x3>5.51E-05</x3><x4>1.35E-03</x4><x5>7.64E-05</x5><x6>4.34E-04</x6><x7>4.64E-05</x7><x8>7.16E-04</x8><x9>9.58E-05</x9><x10>1.21E-04</x10><x11>1.85E-04</x11><x12>1.76E-03</x12><x13>1.24E-03</x13></dataPoint>
        <dataPoint><x1>1220</x1><x2>2.12E-03</x2><x3>1.69E-04</x3><x4>2.25E-03</x4><x5>2.14E-05</x5><x6>4.07E-04</x6><x7>1.30E-04</x7><x8>4.85E-04</x8><x9>5.51E-05</x9><x10>0.00E+00</x10><x11>2.05E-05</x11><x12>2.53E-03</x12><x13>6.38E-04</x13></dataPoint>
        <dataPoint><x1>1250</x1><x2>2.88E-03</x2><x3>3.58E-04</x3><x4>2.88E-03</x4><x5>7.40E-06</x5><x6>2.38E-04</x6><x7>1.84E-04</x7><x8>1.95E-04</x8><x9>1.72E-05</x9><x10>0.00E+00</x10><x11>4.80E-06</x11><x12>2.46E-03</x12><x13>6.20E-04</x13></dataPoint>
    </dataGroup>
</experiment>
