<experiment>
    <fileAuthor>Chemical Kinetics Laboratory, Institute of Chemistry, ELTE, Budapest, Hungary</fileAuthor>
    <fileDOI>10.24388/x00003007_x</fileDOI>
    <fileVersion>
        <major>2</major>
        <minor>0</minor>
    </fileVersion>
    <ReSpecThVersion>
        <major>2</major>
        <minor>3</minor>
    </ReSpecThVersion>
    <firstPublicationDate>2015-10-11</firstPublicationDate>
    <lastModificationDate>2020-11-13</lastModificationDate>
    <bibliographyLink>
        <description>N. Leplat, P. Dagaut, C. Togbe, J. Vandooren, Combust. Flame 158 (2011) 705-725.</description>
        <referenceDOI>10.1016/j.combustflame.2010.12.008</referenceDOI>
        <location>Main Article</location>
        <figure>Fig. 11, C2H2 and C3H6 not taken</figure>
        <details>
            <author>Leplat, N and Dagaut, P and Togb{\'{e}}, C and Vandooren, J</author>
            <journal>Combust Flame</journal>
            <number>4</number>
            <pages>705--725</pages>
            <title>Numerical and experimental study of ethanol combustion and oxidation in laminar premixed flames and in jet-stirred reactor</title>
            <volume>158</volume>
            <year>2011</year>
        </details>
    </bibliographyLink>
    <experimentType>jet stirred reactor measurement</experimentType>
    <apparatus>
        <kind>stirred reactor</kind>
    </apparatus>
    <commonProperties>
        <property name="pressure"                      label="P"    sourcetype="reported"   units="atm"           ><value>10</value></property>
        <property name="volume"                        label="V"    sourcetype="reported"   units="cm3"           ><value>30</value></property>
        <property name="residence time"                label="tau"  sourcetype="reported"   units="s"             ><value>0.7</value></property>
        <property name="initial composition"           sourcetype="reported"  >
            <component><speciesLink preferredKey="C2H5OH"  CAS="64-17-5"    InChI="1S/C2H6O/c1-2-3/h3H,2H2,1H3"  SMILES="CCO"  chemName="ethanol"  /><amount units="mole fraction" >0.002</amount></component>
            <component><speciesLink preferredKey="O2"      CAS="7782-44-7"  InChI="1S/O2/c1-2"                   SMILES="O=O"  chemName="oxygen"   /><amount units="mole fraction" >0.006</amount></component>
            <component><speciesLink preferredKey="N2"      CAS="7727-37-9"  InChI="1S/N2/c1-2"                   SMILES="N#N"  chemName="nitrogen" /><amount units="mole fraction" >0.992</amount></component>
        </property>
        <property name="evaluated standard deviation"  sourcetype="estimated"  units="mole fraction"  reference="composition"  kind="absolute"  method="statistical scatter" >
            <speciesLink preferredKey="C2H5OH"  CAS="64-17-5"    InChI="1S/C2H6O/c1-2-3/h3H,2H2,1H3"  SMILES="CCO"        chemName="ethanol"         />
            <value>9.4e-5</value>
        </property>
        <property name="evaluated standard deviation"  sourcetype="estimated"  units="mole fraction"  reference="composition"  kind="absolute"  method="statistical scatter" >
            <speciesLink preferredKey="O2"      CAS="7782-44-7"  InChI="1S/O2/c1-2"                   SMILES="O=O"        chemName="oxygen"          />
            <value>0.000164</value>
        </property>
        <property name="evaluated standard deviation"  sourcetype="estimated"  units="mole fraction"  reference="composition"  kind="absolute"  method="statistical scatter" >
            <speciesLink preferredKey="H2"      CAS="1333-74-0"  InChI="1S/H2/h1H"                    SMILES="[HH]"       chemName="hydrogen"        />
            <value>2.84e-5</value>
        </property>
        <property name="evaluated standard deviation"  sourcetype="estimated"  units="mole fraction"  reference="composition"  kind="absolute"  method="statistical scatter" >
            <speciesLink preferredKey="H2O"     CAS="7732-18-5"  InChI="1S/H2O/h1H2"                  SMILES="O"          chemName="water"           />
            <value>7.79e-5</value>
        </property>
        <property name="evaluated standard deviation"  sourcetype="estimated"  units="mole fraction"  reference="composition"  kind="absolute"  method="statistical scatter" >
            <speciesLink preferredKey="CO"      CAS="630-08-0"   InChI="1S/CO/c1-2"                   SMILES="[C-]#[O+]"  chemName="carbon monoxide" />
            <value>8.1e-5</value>
        </property>
        <property name="evaluated standard deviation"  sourcetype="estimated"  units="mole fraction"  reference="composition"  kind="absolute"  method="statistical scatter" >
            <speciesLink preferredKey="CO2"     CAS="124-38-9"   InChI="1S/CO2/c2-1-3"                SMILES="C(=O)=O"    chemName="carbon dioxide"  />
            <value>4.8e-5</value>
        </property>
        <property name="evaluated standard deviation"  sourcetype="estimated"  units="mole fraction"  reference="composition"  kind="absolute"  method="statistical scatter" >
            <speciesLink preferredKey="CH2O"    CAS="50-00-0"    InChI="1S/CH2O/c1-2/h1H2"            SMILES="C=O"        chemName="formaldehyde"    />
            <value>2.47e-5</value>
        </property>
        <property name="evaluated standard deviation"  sourcetype="estimated"  units="mole fraction"  reference="composition"  kind="absolute"  method="statistical scatter" >
            <speciesLink preferredKey="CH3CHO"  CAS="75-07-0"    InChI="1S/C2H4O/c1-2-3/h2H,1H3"      SMILES="CC=O"       chemName="acetaldehyde"    />
            <value>7.95e-5</value>
        </property>
        <property name="evaluated standard deviation"  sourcetype="estimated"  units="mole fraction"  reference="composition"  kind="absolute"  method="statistical scatter" >
            <speciesLink preferredKey="CH4"     CAS="74-82-8"    InChI="1S/CH4/h1H4"                  SMILES="C"          chemName="methane"         />
            <value>2.05e-5</value>
        </property>
        <property name="evaluated standard deviation"  sourcetype="estimated"  units="mole fraction"  reference="composition"  kind="absolute"  method="statistical scatter" >
            <speciesLink preferredKey="C2H4"    CAS="74-85-1"    InChI="1S/C2H4/c1-2/h1-2H2"          SMILES="C=C"        chemName="ethene"          />
            <value>1.76e-5</value>
        </property>
        <property name="evaluated standard deviation"  sourcetype="estimated"  units="mole fraction"  reference="composition"  kind="absolute"  method="statistical scatter" >
            <speciesLink preferredKey="C2H6"    CAS="74-84-0"    InChI="1S/C2H6/c1-2/h1-2H3"          SMILES="CC"         chemName="ethane"          />
            <value>2.5e-6</value>
        </property>
    </commonProperties>
    <dataGroup id="dg1">
        <property name="temperature"  id="x1"   label="T"         sourcetype="digitized"  units="K"             />
        <property name="composition"  id="x2"   label="[H2O]"     sourcetype="digitized"  units="mole fraction" >
            <speciesLink preferredKey="H2O"     CAS="7732-18-5"  InChI="1S/H2O/h1H2"                  SMILES="O"          chemName="water"           />
        </property>
        <property name="composition"  id="x3"   label="[CO2]"     sourcetype="digitized"  units="mole fraction" >
            <speciesLink preferredKey="CO2"     CAS="124-38-9"   InChI="1S/CO2/c2-1-3"                SMILES="C(=O)=O"    chemName="carbon dioxide"  />
        </property>
        <property name="composition"  id="x4"   label="[CO]"      sourcetype="digitized"  units="mole fraction" >
            <speciesLink preferredKey="CO"      CAS="630-08-0"   InChI="1S/CO/c1-2"                   SMILES="[C-]#[O+]"  chemName="carbon monoxide" />
        </property>
        <property name="composition"  id="x5"   label="[CH2O]"    sourcetype="digitized"  units="mole fraction" >
            <speciesLink preferredKey="CH2O"    CAS="50-00-0"    InChI="1S/CH2O/c1-2/h1H2"            SMILES="C=O"        chemName="formaldehyde"    />
        </property>
        <property name="composition"  id="x6"   label="[CH4]"     sourcetype="digitized"  units="mole fraction" >
            <speciesLink preferredKey="CH4"     CAS="74-82-8"    InChI="1S/CH4/h1H4"                  SMILES="C"          chemName="methane"         />
        </property>
        <property name="composition"  id="x7"   label="[C2H4]"    sourcetype="digitized"  units="mole fraction" >
            <speciesLink preferredKey="C2H4"    CAS="74-85-1"    InChI="1S/C2H4/c1-2/h1-2H2"          SMILES="C=C"        chemName="ethene"          />
        </property>
        <property name="composition"  id="x8"   label="[C2H6]"    sourcetype="digitized"  units="mole fraction" >
            <speciesLink preferredKey="C2H6"    CAS="74-84-0"    InChI="1S/C2H6/c1-2/h1-2H3"          SMILES="CC"         chemName="ethane"          />
        </property>
        <property name="composition"  id="x9"   label="[CH3CHO]"  sourcetype="digitized"  units="mole fraction" >
            <speciesLink preferredKey="CH3CHO"  CAS="75-07-0"    InChI="1S/C2H4O/c1-2-3/h2H,1H3"      SMILES="CC=O"       chemName="acetaldehyde"    />
        </property>
        <property name="composition"  id="x10"  label="[C2H5OH]"  sourcetype="digitized"  units="mole fraction" >
            <speciesLink preferredKey="C2H5OH"  CAS="64-17-5"    InChI="1S/C2H6O/c1-2-3/h3H,2H2,1H3"  SMILES="CCO"        chemName="ethanol"         />
        </property>
        <property name="composition"  id="x11"  label="[H2]"      sourcetype="digitized"  units="mole fraction" >
            <speciesLink preferredKey="H2"      CAS="1333-74-0"  InChI="1S/H2/h1H"                    SMILES="[HH]"       chemName="hydrogen"        />
        </property>
        <property name="composition"  id="x12"  label="[O2]"      sourcetype="digitized"  units="mole fraction" >
            <speciesLink preferredKey="O2"      CAS="7782-44-7"  InChI="1S/O2/c1-2"                   SMILES="O=O"        chemName="oxygen"          />
        </property>

        <dataPoint><x1>0800</x1><x2>4.57E-04</x2><x3>1.00E-05</x3><x4>3.50E-05</x4><x5>1.90E-05</x5><x6>7.93E-06</x6><x7>1.50E-05</x7><x8>0.00E+00</x8><x9>1.19E-04</x9><x10>2.04E-03</x10><x11>0.00E+00</x11><x12>6.10E-03</x12></dataPoint>
        <dataPoint><x1>0830</x1><x2>1.48E-03</x2><x3>2.50E-05</x3><x4>5.01E-04</x4><x5>1.19E-04</x5><x6>1.04E-04</x6><x7>1.12E-04</x7><x8>9.67E-06</x8><x9>2.54E-04</x9><x10>1.17E-03</x10><x11>7.08E-05</x11><x12>5.34E-03</x12></dataPoint>
        <dataPoint><x1>0860</x1><x2>2.49E-03</x2><x3>7.40E-05</x3><x4>1.12E-03</x4><x5>1.30E-04</x5><x6>2.12E-04</x6><x7>1.93E-04</x7><x8>2.24E-05</x8><x9>1.74E-04</x9><x10>6.69E-04</x10><x11>1.67E-04</x11><x12>4.72E-03</x12></dataPoint>
        <dataPoint><x1>0890</x1><x2>3.06E-03</x2><x3>1.39E-04</x3><x4>1.47E-03</x4><x5>1.07E-04</x5><x6>2.42E-04</x6><x7>2.11E-04</x7><x8>2.61E-05</x8><x9>9.90E-05</x9><x10>4.60E-04</x10><x11>2.15E-04</x11><x12>4.53E-03</x12></dataPoint>
        <dataPoint><x1>0920</x1><x2>3.46E-03</x2><x3>2.23E-04</x3><x4>1.71E-03</x4><x5>8.40E-05</x5><x6>2.39E-04</x6><x7>2.00E-04</x7><x8>2.44E-05</x8><x9>3.70E-05</x9><x10>3.66E-04</x10><x11>2.52E-04</x11><x12>4.39E-03</x12></dataPoint>
        <dataPoint><x1>0950</x1><x2>3.89E-03</x2><x3>3.21E-04</x3><x4>2.00E-03</x4><x5>7.00E-05</x5><x6>2.73E-04</x6><x7>2.08E-04</x7><x8>2.58E-05</x8><x9>8.50E-06</x9><x10>2.36E-04</x10><x11>3.58E-04</x11><x12>4.00E-03</x12></dataPoint>
        <dataPoint><x1>0980</x1><x2>4.11E-03</x2><x3>5.37E-04</x3><x4>2.08E-03</x4><x5>5.40E-05</x5><x6>2.92E-04</x6><x7>2.01E-04</x7><x8>2.45E-05</x8><x9>0.00E+00</x9><x10>1.71E-04</x10><x11>4.48E-04</x11><x12>3.52E-03</x12></dataPoint>
        <dataPoint><x1>1010</x1><x2>4.58E-03</x2><x3>6.00E-04</x3><x4>2.32E-03</x4><x5>4.40E-05</x5><x6>2.86E-04</x6><x7>1.76E-04</x7><x8>2.00E-05</x8><x9>0.00E+00</x9><x10>1.34E-04</x10><x11>5.17E-04</x11><x12>3.46E-03</x12></dataPoint>
        <dataPoint><x1>1040</x1><x2>4.85E-03</x2><x3>7.96E-04</x3><x4>2.31E-03</x4><x5>3.30E-05</x5><x6>2.35E-04</x6><x7>1.32E-04</x7><x8>1.42E-05</x8><x9>0.00E+00</x9><x10>8.60E-05</x10><x11>4.98E-04</x11><x12>3.39E-03</x12></dataPoint>
        <dataPoint><x1>1070</x1><x2>5.53E-03</x2><x3>1.15E-03</x3><x4>2.42E-03</x4><x5>2.10E-05</x5><x6>1.96E-04</x6><x7>8.40E-05</x7><x8>9.87E-06</x8><x9>0.00E+00</x9><x10>3.80E-05</x10><x11>5.06E-04</x11><x12>3.13E-03</x12></dataPoint>
    </dataGroup>
</experiment>
