<experiment>
    <fileAuthor>Chemical Kinetics Laboratory, Institute of Chemistry, ELTE, Budapest, Hungary</fileAuthor>
    <fileDOI>10.24388/x00003008_x</fileDOI>
    <fileVersion>
        <major>2</major>
        <minor>0</minor>
    </fileVersion>
    <ReSpecThVersion>
        <major>2</major>
        <minor>3</minor>
    </ReSpecThVersion>
    <firstPublicationDate>2015-10-11</firstPublicationDate>
    <lastModificationDate>2020-11-13</lastModificationDate>
    <bibliographyLink>
        <description>N. Leplat, P. Dagaut, C. Togbe, J. Vandooren, Combust. Flame 158 (2011) 705-725.</description>
        <referenceDOI>10.1016/j.combustflame.2010.12.008</referenceDOI>
        <location>Main Article</location>
        <figure>Fig. 12, C2H2 and C3H6 not taken</figure>
        <details>
            <author>Leplat, N and Dagaut, P and Togb{\'{e}}, C and Vandooren, J</author>
            <journal>Combust Flame</journal>
            <number>4</number>
            <pages>705--725</pages>
            <title>Numerical and experimental study of ethanol combustion and oxidation in laminar premixed flames and in jet-stirred reactor</title>
            <volume>158</volume>
            <year>2011</year>
        </details>
    </bibliographyLink>
    <experimentType>jet stirred reactor measurement</experimentType>
    <apparatus>
        <kind>stirred reactor</kind>
    </apparatus>
    <commonProperties>
        <property name="pressure"                      label="P"    sourcetype="reported"   units="atm"           ><value>10</value></property>
        <property name="volume"                        label="V"    sourcetype="reported"   units="cm3"           ><value>30</value></property>
        <property name="residence time"                label="tau"  sourcetype="reported"   units="s"             ><value>0.7</value></property>
        <property name="initial composition"           sourcetype="reported"  >
            <component><speciesLink preferredKey="C2H5OH"  CAS="64-17-5"    InChI="1S/C2H6O/c1-2-3/h3H,2H2,1H3"  SMILES="CCO"  chemName="ethanol"  /><amount units="mole fraction" >0.002</amount></component>
            <component><speciesLink preferredKey="O2"      CAS="7782-44-7"  InChI="1S/O2/c1-2"                   SMILES="O=O"  chemName="oxygen"   /><amount units="mole fraction" >0.003</amount></component>
            <component><speciesLink preferredKey="N2"      CAS="7727-37-9"  InChI="1S/N2/c1-2"                   SMILES="N#N"  chemName="nitrogen" /><amount units="mole fraction" >0.995</amount></component>
        </property>
        <property name="evaluated standard deviation"  sourcetype="estimated"  units="mole fraction"  reference="composition"  kind="absolute"  method="statistical scatter" >
            <speciesLink preferredKey="C2H5OH"  CAS="64-17-5"    InChI="1S/C2H6O/c1-2-3/h3H,2H2,1H3"  SMILES="CCO"        chemName="ethanol"         />
            <value>8.11e-5</value>
        </property>
        <property name="evaluated standard deviation"  sourcetype="estimated"  units="mole fraction"  reference="composition"  kind="absolute"  method="statistical scatter" >
            <speciesLink preferredKey="O2"      CAS="7782-44-7"  InChI="1S/O2/c1-2"                   SMILES="O=O"        chemName="oxygen"          />
            <value>0.000137</value>
        </property>
        <property name="evaluated standard deviation"  sourcetype="estimated"  units="mole fraction"  reference="composition"  kind="absolute"  method="statistical scatter" >
            <speciesLink preferredKey="H2"      CAS="1333-74-0"  InChI="1S/H2/h1H"                    SMILES="[HH]"       chemName="hydrogen"        />
            <value>4.52e-5</value>
        </property>
        <property name="evaluated standard deviation"  sourcetype="estimated"  units="mole fraction"  reference="composition"  kind="absolute"  method="statistical scatter" >
            <speciesLink preferredKey="H2O"     CAS="7732-18-5"  InChI="1S/H2O/h1H2"                  SMILES="O"          chemName="water"           />
            <value>0.000113</value>
        </property>
        <property name="evaluated standard deviation"  sourcetype="estimated"  units="mole fraction"  reference="composition"  kind="absolute"  method="statistical scatter" >
            <speciesLink preferredKey="CO"      CAS="630-08-0"   InChI="1S/CO/c1-2"                   SMILES="[C-]#[O+]"  chemName="carbon monoxide" />
            <value>8.22e-5</value>
        </property>
        <property name="evaluated standard deviation"  sourcetype="estimated"  units="mole fraction"  reference="composition"  kind="absolute"  method="statistical scatter" >
            <speciesLink preferredKey="CO2"     CAS="124-38-9"   InChI="1S/CO2/c2-1-3"                SMILES="C(=O)=O"    chemName="carbon dioxide"  />
            <value>1.45e-5</value>
        </property>
        <property name="evaluated standard deviation"  sourcetype="estimated"  units="mole fraction"  reference="composition"  kind="absolute"  method="statistical scatter" >
            <speciesLink preferredKey="CH2O"    CAS="50-00-0"    InChI="1S/CH2O/c1-2/h1H2"            SMILES="C=O"        chemName="formaldehyde"    />
            <value>1.87e-5</value>
        </property>
        <property name="evaluated standard deviation"  sourcetype="estimated"  units="mole fraction"  reference="composition"  kind="absolute"  method="statistical scatter" >
            <speciesLink preferredKey="CH3CHO"  CAS="75-07-0"    InChI="1S/C2H4O/c1-2-3/h2H,1H3"      SMILES="CC=O"       chemName="acetaldehyde"    />
            <value>4.71e-5</value>
        </property>
        <property name="evaluated standard deviation"  sourcetype="estimated"  units="mole fraction"  reference="composition"  kind="absolute"  method="statistical scatter" >
            <speciesLink preferredKey="CH4"     CAS="74-82-8"    InChI="1S/CH4/h1H4"                  SMILES="C"          chemName="methane"         />
            <value>2.4e-5</value>
        </property>
        <property name="evaluated standard deviation"  sourcetype="estimated"  units="mole fraction"  reference="composition"  kind="absolute"  method="statistical scatter" >
            <speciesLink preferredKey="C2H4"    CAS="74-85-1"    InChI="1S/C2H4/c1-2/h1-2H2"          SMILES="C=C"        chemName="ethene"          />
            <value>1.82e-5</value>
        </property>
        <property name="evaluated standard deviation"  sourcetype="estimated"  units="mole fraction"  reference="composition"  kind="absolute"  method="statistical scatter" >
            <speciesLink preferredKey="C2H6"    CAS="74-84-0"    InChI="1S/C2H6/c1-2/h1-2H3"          SMILES="CC"         chemName="ethane"          />
            <value>1.65e-6</value>
        </property>
    </commonProperties>
    <dataGroup id="dg1">
        <property name="temperature"  id="x1"   label="T"         sourcetype="digitized"  units="K"             />
        <property name="composition"  id="x2"   label="[H2O]"     sourcetype="digitized"  units="mole fraction" >
            <speciesLink preferredKey="H2O"     CAS="7732-18-5"  InChI="1S/H2O/h1H2"                  SMILES="O"          chemName="water"           />
        </property>
        <property name="composition"  id="x3"   label="[CO2]"     sourcetype="digitized"  units="mole fraction" >
            <speciesLink preferredKey="CO2"     CAS="124-38-9"   InChI="1S/CO2/c2-1-3"                SMILES="C(=O)=O"    chemName="carbon dioxide"  />
        </property>
        <property name="composition"  id="x4"   label="[CO]"      sourcetype="digitized"  units="mole fraction" >
            <speciesLink preferredKey="CO"      CAS="630-08-0"   InChI="1S/CO/c1-2"                   SMILES="[C-]#[O+]"  chemName="carbon monoxide" />
        </property>
        <property name="composition"  id="x5"   label="[CH2O]"    sourcetype="digitized"  units="mole fraction" >
            <speciesLink preferredKey="CH2O"    CAS="50-00-0"    InChI="1S/CH2O/c1-2/h1H2"            SMILES="C=O"        chemName="formaldehyde"    />
        </property>
        <property name="composition"  id="x6"   label="[CH4]"     sourcetype="digitized"  units="mole fraction" >
            <speciesLink preferredKey="CH4"     CAS="74-82-8"    InChI="1S/CH4/h1H4"                  SMILES="C"          chemName="methane"         />
        </property>
        <property name="composition"  id="x7"   label="[C2H4]"    sourcetype="digitized"  units="mole fraction" >
            <speciesLink preferredKey="C2H4"    CAS="74-85-1"    InChI="1S/C2H4/c1-2/h1-2H2"          SMILES="C=C"        chemName="ethene"          />
        </property>
        <property name="composition"  id="x8"   label="[C2H6]"    sourcetype="digitized"  units="mole fraction" >
            <speciesLink preferredKey="C2H6"    CAS="74-84-0"    InChI="1S/C2H6/c1-2/h1-2H3"          SMILES="CC"         chemName="ethane"          />
        </property>
        <property name="composition"  id="x9"   label="[CH3CHO]"  sourcetype="digitized"  units="mole fraction" >
            <speciesLink preferredKey="CH3CHO"  CAS="75-07-0"    InChI="1S/C2H4O/c1-2-3/h2H,1H3"      SMILES="CC=O"       chemName="acetaldehyde"    />
        </property>
        <property name="composition"  id="x10"  label="[C2H5OH]"  sourcetype="digitized"  units="mole fraction" >
            <speciesLink preferredKey="C2H5OH"  CAS="64-17-5"    InChI="1S/C2H6O/c1-2-3/h3H,2H2,1H3"  SMILES="CCO"        chemName="ethanol"         />
        </property>
        <property name="composition"  id="x11"  label="[H2]"      sourcetype="digitized"  units="mole fraction" >
            <speciesLink preferredKey="H2"      CAS="1333-74-0"  InChI="1S/H2/h1H"                    SMILES="[HH]"       chemName="hydrogen"        />
        </property>
        <property name="composition"  id="x12"  label="[O2]"      sourcetype="digitized"  units="mole fraction" >
            <speciesLink preferredKey="O2"      CAS="7782-44-7"  InChI="1S/O2/c1-2"                   SMILES="O=O"        chemName="oxygen"          />
        </property>

        <dataPoint><x1>0801</x1><x2>3.35E-04</x2><x3>6.00E-06</x3><x4>2.70E-05</x4><x5>1.50E-05</x5><x6>5.67E-06</x6><x7>1.10E-05</x7><x8>0.00E+00</x8><x9>1.19E-04</x9><x10>2.01E-03</x10><x11>0.00E+00</x11><x12>3.25E-03</x12></dataPoint>
        <dataPoint><x1>0831</x1><x2>1.12E-03</x2><x3>8.00E-06</x3><x4>3.87E-04</x4><x5>9.70E-05</x5><x6>1.06E-04</x6><x7>1.06E-04</x7><x8>1.10E-05</x8><x9>2.69E-04</x9><x10>1.29E-03</x10><x11>8.50E-05</x11><x12>2.71E-03</x12></dataPoint>
        <dataPoint><x1>0861</x1><x2>2.06E-03</x2><x3>5.10E-05</x3><x4>9.75E-04</x4><x5>1.24E-04</x5><x6>2.16E-04</x6><x7>1.76E-04</x7><x8>2.87E-05</x8><x9>2.10E-04</x9><x10>7.79E-04</x10><x11>2.19E-04</x11><x12>2.45E-03</x12></dataPoint>
        <dataPoint><x1>0889</x1><x2>2.57E-03</x2><x3>1.10E-04</x3><x4>1.34E-03</x4><x5>1.10E-04</x5><x6>2.75E-04</x6><x7>1.97E-04</x7><x8>3.81E-05</x8><x9>1.36E-04</x9><x10>5.35E-04</x10><x11>3.28E-04</x11><x12>1.99E-03</x12></dataPoint>
        <dataPoint><x1>0917</x1><x2>2.82E-03</x2><x3>1.38E-04</x3><x4>1.52E-03</x4><x5>9.50E-05</x5><x6>3.31E-04</x6><x7>2.13E-04</x7><x8>4.43E-05</x8><x9>7.40E-05</x9><x10>3.95E-04</x10><x11>5.02E-04</x11><x12>1.55E-03</x12></dataPoint>
        <dataPoint><x1>0950</x1><x2>3.00E-03</x2><x3>1.89E-04</x3><x4>1.71E-03</x4><x5>7.90E-05</x5><x6>3.69E-04</x6><x7>2.23E-04</x7><x8>4.42E-05</x8><x9>5.90E-05</x9><x10>3.15E-04</x10><x11>5.68E-04</x11><x12>0.00E+00</x12></dataPoint>
        <dataPoint><x1>0981</x1><x2>3.05E-03</x2><x3>2.46E-04</x3><x4>1.89E-03</x4><x5>6.50E-05</x5><x6>4.32E-04</x6><x7>2.41E-04</x7><x8>4.44E-05</x8><x9>3.20E-05</x9><x10>2.42E-04</x10><x11>8.47E-04</x11><x12>0.00E+00</x12></dataPoint>
        <dataPoint><x1>1010</x1><x2>3.09E-03</x2><x3>2.80E-04</x3><x4>1.94E-03</x4><x5>5.30E-05</x5><x6>4.47E-04</x6><x7>2.39E-04</x7><x8>3.99E-05</x8><x9>1.70E-05</x9><x10>2.18E-04</x10><x11>8.75E-04</x11><x12>0.00E+00</x12></dataPoint>
        <dataPoint><x1>1040</x1><x2>3.19E-03</x2><x3>3.22E-04</x3><x4>2.08E-03</x4><x5>4.40E-05</x5><x6>4.98E-04</x6><x7>2.50E-04</x7><x8>3.65E-05</x8><x9>9.50E-06</x9><x10>1.50E-04</x10><x11>9.99E-04</x11><x12>0.00E+00</x12></dataPoint>
        <dataPoint><x1>1072</x1><x2>3.29E-03</x2><x3>3.48E-04</x3><x4>2.19E-03</x4><x5>3.20E-05</x5><x6>5.38E-04</x6><x7>2.46E-04</x7><x8>3.18E-05</x8><x9>0.00E+00</x9><x10>8.40E-05</x10><x11>1.14E-03</x11><x12>0.00E+00</x12></dataPoint>
        <dataPoint><x1>1100</x1><x2>3.46E-03</x2><x3>4.18E-04</x3><x4>2.35E-03</x4><x5>2.40E-05</x5><x6>5.45E-04</x6><x7>2.16E-04</x7><x8>2.54E-05</x8><x9>0.00E+00</x9><x10>4.90E-05</x10><x11>1.26E-03</x11><x12>0.00E+00</x12></dataPoint>
        <dataPoint><x1>1130</x1><x2>3.49E-03</x2><x3>4.74E-04</x3><x4>2.35E-03</x4><x5>1.70E-05</x5><x6>4.70E-04</x6><x7>1.68E-04</x7><x8>3.02E-05</x8><x9>0.00E+00</x9><x10>3.60E-05</x10><x11>1.29E-03</x11><x12>0.00E+00</x12></dataPoint>
    </dataGroup>
</experiment>
