<experiment>
    <fileAuthor>Chemical Kinetics Laboratory, Institute of Chemistry, ELTE, Budapest, Hungary</fileAuthor>
    <fileDOI>10.24388/x00003002</fileDOI>
    <fileVersion>
        <major>2</major>
        <minor>0</minor>
    </fileVersion>
    <ReSpecThVersion>
        <major>2</major>
        <minor>3</minor>
    </ReSpecThVersion>
    <firstPublicationDate>2015-10-11</firstPublicationDate>
    <lastModificationDate>2020-11-13</lastModificationDate>
    <bibliographyLink>
        <description>N. Leplat, P. Dagaut, C. Togbe, J. Vandooren, Combust. Flame 158 (2011) 705-725.</description>
        <referenceDOI>10.1016/j.combustflame.2010.12.008</referenceDOI>
        <location>Main Article</location>
        <figure>Fig. 8, C3H6 not taken</figure>
        <details>
            <author>Leplat, N and Dagaut, P and Togb{\'{e}}, C and Vandooren, J</author>
            <journal>Combust Flame</journal>
            <number>4</number>
            <pages>705--725</pages>
            <title>Numerical and experimental study of ethanol combustion and oxidation in laminar premixed flames and in jet-stirred reactor</title>
            <volume>158</volume>
            <year>2011</year>
        </details>
    </bibliographyLink>
    <experimentType>jet stirred reactor measurement</experimentType>
    <apparatus>
        <kind>stirred reactor</kind>
    </apparatus>
    <commonProperties>
        <property name="pressure"                      label="P"    sourcetype="reported"   units="atm"           ><value>1</value></property>
        <property name="volume"                        label="V"    sourcetype="reported"   units="cm3"           ><value>30</value></property>
        <property name="residence time"                label="tau"  sourcetype="reported"   units="s"             ><value>0.07</value></property>
        <property name="initial composition"           sourcetype="reported"  >
            <component><speciesLink preferredKey="C2H5OH"  CAS="64-17-5"    InChI="1S/C2H6O/c1-2-3/h3H,2H2,1H3"  SMILES="CCO"  chemName="ethanol"  /><amount units="mole fraction" >0.002</amount></component>
            <component><speciesLink preferredKey="O2"      CAS="7782-44-7"  InChI="1S/O2/c1-2"                   SMILES="O=O"  chemName="oxygen"   /><amount units="mole fraction" >0.012</amount></component>
            <component><speciesLink preferredKey="N2"      CAS="7727-37-9"  InChI="1S/N2/c1-2"                   SMILES="N#N"  chemName="nitrogen" /><amount units="mole fraction" >0.986</amount></component>
        </property>
        <property name="evaluated standard deviation"  sourcetype="estimated"  units="mole fraction"  reference="composition"  kind="absolute"  method="statistical scatter" >
            <speciesLink preferredKey="C2H5OH"  CAS="64-17-5"    InChI="1S/C2H6O/c1-2-3/h3H,2H2,1H3"  SMILES="CCO"        chemName="ethanol"         />
            <value>4.77e-5</value>
        </property>
        <property name="evaluated standard deviation"  sourcetype="estimated"  units="mole fraction"  reference="composition"  kind="absolute"  method="statistical scatter" >
            <speciesLink preferredKey="O2"      CAS="7782-44-7"  InChI="1S/O2/c1-2"                   SMILES="O=O"        chemName="oxygen"          />
            <value>0.00116</value>
        </property>
        <property name="evaluated standard deviation"  sourcetype="estimated"  units="mole fraction"  reference="composition"  kind="absolute"  method="statistical scatter" >
            <speciesLink preferredKey="H2"      CAS="1333-74-0"  InChI="1S/H2/h1H"                    SMILES="[HH]"       chemName="hydrogen"        />
            <value>0.000283</value>
        </property>
        <property name="evaluated standard deviation"  sourcetype="estimated"  units="mole fraction"  reference="composition"  kind="absolute"  method="statistical scatter" >
            <speciesLink preferredKey="H2O"     CAS="7732-18-5"  InChI="1S/H2O/h1H2"                  SMILES="O"          chemName="water"           />
            <value>0.000647</value>
        </property>
        <property name="evaluated standard deviation"  sourcetype="estimated"  units="mole fraction"  reference="composition"  kind="absolute"  method="statistical scatter" >
            <speciesLink preferredKey="CO"      CAS="630-08-0"   InChI="1S/CO/c1-2"                   SMILES="[C-]#[O+]"  chemName="carbon monoxide" />
            <value>0.0004</value>
        </property>
        <property name="evaluated standard deviation"  sourcetype="estimated"  units="mole fraction"  reference="composition"  kind="absolute"  method="statistical scatter" >
            <speciesLink preferredKey="CO2"     CAS="124-38-9"   InChI="1S/CO2/c2-1-3"                SMILES="C(=O)=O"    chemName="carbon dioxide"  />
            <value>0.000746</value>
        </property>
        <property name="evaluated standard deviation"  sourcetype="estimated"  units="mole fraction"  reference="composition"  kind="absolute"  method="statistical scatter" >
            <speciesLink preferredKey="CH2O"    CAS="50-00-0"    InChI="1S/CH2O/c1-2/h1H2"            SMILES="C=O"        chemName="formaldehyde"    />
            <value>4.61e-6</value>
        </property>
        <property name="evaluated standard deviation"  sourcetype="estimated"  units="mole fraction"  reference="composition"  kind="absolute"  method="statistical scatter" >
            <speciesLink preferredKey="CH3CHO"  CAS="75-07-0"    InChI="1S/C2H4O/c1-2-3/h2H,1H3"      SMILES="CC=O"       chemName="acetaldehyde"    />
            <value>1.56e-5</value>
        </property>
        <property name="evaluated standard deviation"  sourcetype="estimated"  units="mole fraction"  reference="composition"  kind="absolute"  method="statistical scatter" >
            <speciesLink preferredKey="CH4"     CAS="74-82-8"    InChI="1S/CH4/h1H4"                  SMILES="C"          chemName="methane"         />
            <value>6.46e-5</value>
        </property>
        <property name="evaluated standard deviation"  sourcetype="estimated"  units="mole fraction"  reference="composition"  kind="absolute"  method="statistical scatter" >
            <speciesLink preferredKey="C2H2"    CAS="74-86-2"    InChI="1S/C2H2/c1-2/h1-2H"           SMILES="C#C"        chemName="acetylene"       />
            <value>2.09e-7</value>
        </property>
        <property name="evaluated standard deviation"  sourcetype="estimated"  units="mole fraction"  reference="composition"  kind="absolute"  method="statistical scatter" >
            <speciesLink preferredKey="C2H4"    CAS="74-85-1"    InChI="1S/C2H4/c1-2/h1-2H2"          SMILES="C=C"        chemName="ethene"          />
            <value>8.93e-5</value>
        </property>
        <property name="evaluated standard deviation"  sourcetype="estimated"  units="mole fraction"  reference="composition"  kind="absolute"  method="statistical scatter" >
            <speciesLink preferredKey="C2H6"    CAS="74-84-0"    InChI="1S/C2H6/c1-2/h1-2H3"          SMILES="CC"         chemName="ethane"          />
            <value>3.19e-6</value>
        </property>
    </commonProperties>
    <dataGroup id="dg1">
        <property name="temperature"  id="x1"   label="T"         sourcetype="digitized"  units="K"             />
        <property name="composition"  id="x2"   label="[H2O]"     sourcetype="digitized"  units="mole fraction" >
            <speciesLink preferredKey="H2O"     CAS="7732-18-5"  InChI="1S/H2O/h1H2"                  SMILES="O"          chemName="water"           />
        </property>
        <property name="composition"  id="x3"   label="[CO2]"     sourcetype="digitized"  units="mole fraction" >
            <speciesLink preferredKey="CO2"     CAS="124-38-9"   InChI="1S/CO2/c2-1-3"                SMILES="C(=O)=O"    chemName="carbon dioxide"  />
        </property>
        <property name="composition"  id="x4"   label="[CO]"      sourcetype="digitized"  units="mole fraction" >
            <speciesLink preferredKey="CO"      CAS="630-08-0"   InChI="1S/CO/c1-2"                   SMILES="[C-]#[O+]"  chemName="carbon monoxide" />
        </property>
        <property name="composition"  id="x5"   label="[CH2O]"    sourcetype="digitized"  units="mole fraction" >
            <speciesLink preferredKey="CH2O"    CAS="50-00-0"    InChI="1S/CH2O/c1-2/h1H2"            SMILES="C=O"        chemName="formaldehyde"    />
        </property>
        <property name="composition"  id="x6"   label="[CH4]"     sourcetype="digitized"  units="mole fraction" >
            <speciesLink preferredKey="CH4"     CAS="74-82-8"    InChI="1S/CH4/h1H4"                  SMILES="C"          chemName="methane"         />
        </property>
        <property name="composition"  id="x7"   label="[C2H2]"    sourcetype="digitized"  units="mole fraction" >
            <speciesLink preferredKey="C2H2"    CAS="74-86-2"    InChI="1S/C2H2/c1-2/h1-2H"           SMILES="C#C"        chemName="acetylene"       />
        </property>
        <property name="composition"  id="x8"   label="[C2H4]"    sourcetype="digitized"  units="mole fraction" >
            <speciesLink preferredKey="C2H4"    CAS="74-85-1"    InChI="1S/C2H4/c1-2/h1-2H2"          SMILES="C=C"        chemName="ethene"          />
        </property>
        <property name="composition"  id="x9"   label="[C2H6]"    sourcetype="digitized"  units="mole fraction" >
            <speciesLink preferredKey="C2H6"    CAS="74-84-0"    InChI="1S/C2H6/c1-2/h1-2H3"          SMILES="CC"         chemName="ethane"          />
        </property>
        <property name="composition"  id="x10"  label="[CH3CHO]"  sourcetype="digitized"  units="mole fraction" >
            <speciesLink preferredKey="CH3CHO"  CAS="75-07-0"    InChI="1S/C2H4O/c1-2-3/h2H,1H3"      SMILES="CC=O"       chemName="acetaldehyde"    />
        </property>
        <property name="composition"  id="x11"  label="[C2H5OH]"  sourcetype="digitized"  units="mole fraction" >
            <speciesLink preferredKey="C2H5OH"  CAS="64-17-5"    InChI="1S/C2H6O/c1-2-3/h3H,2H2,1H3"  SMILES="CCO"        chemName="ethanol"         />
        </property>
        <property name="composition"  id="x12"  label="[H2]"      sourcetype="digitized"  units="mole fraction" >
            <speciesLink preferredKey="H2"      CAS="1333-74-0"  InChI="1S/H2/h1H"                    SMILES="[HH]"       chemName="hydrogen"        />
        </property>
        <property name="composition"  id="x13"  label="[O2]"      sourcetype="digitized"  units="mole fraction" >
            <speciesLink preferredKey="O2"      CAS="7782-44-7"  InChI="1S/O2/c1-2"                   SMILES="O=O"        chemName="oxygen"          />
        </property>

        <dataPoint><x1>0891</x1><x2>7.20E-05</x2><x3>6.00E-07</x3><x4>7.00E-07</x4><x5>6.00E-07</x5><x6>5.56E-07</x6><x7>0.00E+00</x7><x8>1.74E-06</x8><x9>0.00E+00</x9><x10>3.62E-05</x10><x11>1.96E-03</x11><x12>6.40E-07</x12><x13>1.03E-02</x13></dataPoint>
        <dataPoint><x1>0920</x1><x2>9.00E-05</x2><x3>1.40E-06</x3><x4>1.30E-06</x4><x5>1.90E-06</x5><x6>1.04E-06</x6><x7>4.19E-07</x7><x8>5.81E-06</x8><x9>5.75E-08</x9><x10>6.50E-05</x10><x11>1.82E-03</x11><x12>2.26E-06</x12><x13>1.02E-02</x13></dataPoint>
        <dataPoint><x1>0950</x1><x2>1.79E-04</x2><x3>3.50E-06</x3><x4>8.50E-06</x4><x5>1.20E-05</x5><x6>5.56E-06</x6><x7>2.30E-07</x7><x8>2.22E-05</x8><x9>3.03E-07</x9><x10>1.41E-04</x10><x11>1.76E-03</x11><x12>7.75E-06</x12><x13>1.04E-02</x13></dataPoint>
        <dataPoint><x1>0980</x1><x2>4.17E-04</x2><x3>7.30E-06</x3><x4>6.80E-05</x4><x5>4.70E-05</x5><x6>2.04E-05</x6><x7>5.87E-08</x7><x8>6.06E-05</x8><x9>2.33E-06</x9><x10>2.48E-04</x10><x11>1.59E-03</x11><x12>3.69E-05</x12><x13>1.02E-02</x13></dataPoint>
        <dataPoint><x1>1010</x1><x2>7.55E-04</x2><x3>1.44E-05</x3><x4>2.19E-04</x4><x5>9.40E-05</x5><x6>5.22E-05</x6><x7>1.41E-07</x7><x8>1.18E-04</x8><x9>7.96E-06</x9><x10>3.30E-04</x10><x11>1.32E-03</x11><x12>1.15E-04</x12><x13>9.87E-03</x13></dataPoint>
        <dataPoint><x1>1040</x1><x2>1.10E-03</x2><x3>2.30E-05</x3><x4>4.34E-04</x4><x5>1.30E-04</x5><x6>1.16E-04</x6><x7>3.82E-07</x7><x8>2.09E-04</x8><x9>2.01E-05</x9><x10>3.66E-04</x10><x11>1.09E-03</x11><x12>2.84E-04</x12><x13>1.00E-02</x13></dataPoint>
        <dataPoint><x1>1070</x1><x2>1.46E-03</x2><x3>3.50E-05</x3><x4>7.05E-04</x4><x5>1.50E-04</x5><x6>1.63E-04</x6><x7>9.40E-07</x7><x8>2.76E-04</x8><x9>3.14E-05</x9><x10>3.59E-04</x10><x11>7.85E-04</x11><x12>4.43E-04</x12><x13>1.04E-02</x13></dataPoint>
        <dataPoint><x1>1100</x1><x2>1.88E-03</x2><x3>5.98E-05</x3><x4>1.10E-03</x4><x5>1.48E-04</x5><x6>2.56E-04</x6><x7>2.67E-06</x7><x8>3.89E-04</x8><x9>5.09E-05</x9><x10>2.80E-04</x10><x11>4.89E-04</x11><x12>7.81E-04</x12><x13>1.05E-02</x13></dataPoint>
        <dataPoint><x1>1130</x1><x2>2.77E-03</x2><x3>1.96E-04</x3><x4>1.93E-03</x4><x5>1.09E-04</x5><x6>2.84E-04</x6><x7>5.89E-06</x7><x8>3.68E-04</x8><x9>6.07E-05</x9><x10>1.33E-04</x10><x11>1.82E-04</x11><x12>1.11E-03</x12><x13>1.01E-02</x13></dataPoint>
        <dataPoint><x1>1160</x1><x2>6.40E-03</x2><x3>3.70E-03</x3><x4>6.03E-04</x4><x5>0.00E+00</x5><x6>7.93E-07</x6><x7>0.00E+00</x7><x8>3.41E-07</x8><x9>0.00E+00</x9><x10>0.00E+00</x10><x11>1.18E-06</x11><x12>1.85E-05</x12><x13>5.12E-03</x13></dataPoint>
    </dataGroup>
</experiment>
