<experiment>
    <fileAuthor>Chemical Kinetics Laboratory, Institute of Chemistry, ELTE, Budapest, Hungary</fileAuthor>
    <fileDOI>10.24388/x00003010_x</fileDOI>
    <fileVersion>
        <major>2</major>
        <minor>0</minor>
    </fileVersion>
    <ReSpecThVersion>
        <major>2</major>
        <minor>3</minor>
    </ReSpecThVersion>
    <firstPublicationDate>2015-10-11</firstPublicationDate>
    <lastModificationDate>2020-11-13</lastModificationDate>
    <bibliographyLink>
        <description>B. Aboussi, Ph.D. Dissertation, Orleans, 1991. data from: P. Dagaut, J.C. Boettner, M. Cathonnet, J. Chim. Phys. 89 (1992), 867-884.</description>
        <referenceDOI>10.1051/jcp/1992890867</referenceDOI>
        <location>Main Article</location>
        <figure>Fig. 2b (phi=2)</figure>
        <details>
            <author>Dagaut, P and Boettner, J C and Cathonnet, M</author>
            <journal>J Chim Phys</journal>
            <pages>867--884</pages>
            <title>Kinetic modeling of ethanol pyrolysis and combustion</title>
            <volume>89</volume>
            <year>1992</year>
        </details>
    </bibliographyLink>
    <experimentType>jet stirred reactor measurement</experimentType>
    <apparatus>
        <kind>stirred reactor</kind>
    </apparatus>
    <commonProperties>
        <property name="pressure"                      label="P"  sourcetype="reported"   units="atm"           ><value>1</value></property>
        <property name="volume"                        label="V"  sourcetype="reported"   units="cm3"           ><value>30</value></property>
        <property name="initial composition"           sourcetype="reported"  >
            <component><speciesLink preferredKey="C2H5OH"  CAS="64-17-5"    InChI="1S/C2H6O/c1-2-3/h3H,2H2,1H3"  SMILES="CCO"  chemName="ethanol"  /><amount units="mole fraction" >0.0030</amount></component>
            <component><speciesLink preferredKey="O2"      CAS="7782-44-7"  InChI="1S/O2/c1-2"                   SMILES="O=O"  chemName="oxygen"   /><amount units="mole fraction" >0.0045</amount></component>
            <component><speciesLink preferredKey="N2"      CAS="7727-37-9"  InChI="1S/N2/c1-2"                   SMILES="N#N"  chemName="nitrogen" /><amount units="mole fraction" >0.9925</amount></component>
        </property>
        <property name="evaluated standard deviation"  sourcetype="estimated"  units="mole fraction"  reference="composition"  kind="absolute"  method="statistical scatter" >
            <speciesLink preferredKey="C2H5OH"  CAS="64-17-5"    InChI="1S/C2H6O/c1-2-3/h3H,2H2,1H3"  SMILES="CCO"        chemName="ethanol"         />
            <value>0.000117</value>
        </property>
        <property name="evaluated standard deviation"  sourcetype="estimated"  units="mole fraction"  reference="composition"  kind="absolute"  method="statistical scatter" >
            <speciesLink preferredKey="CO"      CAS="630-08-0"   InChI="1S/CO/c1-2"                   SMILES="[C-]#[O+]"  chemName="carbon monoxide" />
            <value>7.08e-5</value>
        </property>
        <property name="evaluated standard deviation"  sourcetype="estimated"  units="mole fraction"  reference="composition"  kind="absolute"  method="statistical scatter" >
            <speciesLink preferredKey="CO2"     CAS="124-38-9"   InChI="1S/CO2/c2-1-3"                SMILES="C(=O)=O"    chemName="carbon dioxide"  />
            <value>2.69e-5</value>
        </property>
        <property name="evaluated standard deviation"  sourcetype="estimated"  units="mole fraction"  reference="composition"  kind="absolute"  method="statistical scatter" >
            <speciesLink preferredKey="CH3CHO"  CAS="75-07-0"    InChI="1S/C2H4O/c1-2-3/h2H,1H3"      SMILES="CC=O"       chemName="acetaldehyde"    />
            <value>1.47e-5</value>
        </property>
        <property name="evaluated standard deviation"  sourcetype="estimated"  units="mole fraction"  reference="composition"  kind="absolute"  method="statistical scatter" >
            <speciesLink preferredKey="CH4"     CAS="74-82-8"    InChI="1S/CH4/h1H4"                  SMILES="C"          chemName="methane"         />
            <value>2.04e-5</value>
        </property>
        <property name="evaluated standard deviation"  sourcetype="estimated"  units="mole fraction"  reference="composition"  kind="absolute"  method="statistical scatter" >
            <speciesLink preferredKey="C2H4"    CAS="74-85-1"    InChI="1S/C2H4/c1-2/h1-2H2"          SMILES="C=C"        chemName="ethene"          />
            <value>3.01e-5</value>
        </property>
        <property name="evaluated standard deviation"  sourcetype="estimated"  units="mole fraction"  reference="composition"  kind="absolute"  method="statistical scatter" >
            <speciesLink preferredKey="C2H6"    CAS="74-84-0"    InChI="1S/C2H6/c1-2/h1-2H3"          SMILES="CC"         chemName="ethane"          />
            <value>4.46e-6</value>
        </property>
    </commonProperties>
    <dataGroup id="dg1">
        <property name="residence time"  id="x1"   label="t"         sourcetype="digitized"  units="s"             />
        <property name="composition"     id="x2"   label="[C2H5OH]"  sourcetype="digitized"  units="mole fraction" >
            <speciesLink preferredKey="C2H5OH"  CAS="64-17-5"   InChI="1S/C2H6O/c1-2-3/h3H,2H2,1H3"  SMILES="CCO"        chemName="ethanol"         />
        </property>
        <property name="composition"     id="x3"   label="[CO]"      sourcetype="digitized"  units="mole fraction" >
            <speciesLink preferredKey="CO"      CAS="630-08-0"  InChI="1S/CO/c1-2"                   SMILES="[C-]#[O+]"  chemName="carbon monoxide" />
        </property>
        <property name="composition"     id="x4"   label="[CO2]"     sourcetype="digitized"  units="mole fraction" >
            <speciesLink preferredKey="CO2"     CAS="124-38-9"  InChI="1S/CO2/c2-1-3"                SMILES="C(=O)=O"    chemName="carbon dioxide"  />
        </property>
        <property name="composition"     id="x5"   label="[CH4]"     sourcetype="digitized"  units="mole fraction" >
            <speciesLink preferredKey="CH4"     CAS="74-82-8"   InChI="1S/CH4/h1H4"                  SMILES="C"          chemName="methane"         />
        </property>
        <property name="composition"     id="x6"   label="[C2H6]"    sourcetype="digitized"  units="mole fraction" >
            <speciesLink preferredKey="C2H6"    CAS="74-84-0"   InChI="1S/C2H6/c1-2/h1-2H3"          SMILES="CC"         chemName="ethane"          />
        </property>
        <property name="composition"     id="x7"   label="[C2H4]"    sourcetype="digitized"  units="mole fraction" >
            <speciesLink preferredKey="C2H4"    CAS="74-85-1"   InChI="1S/C2H4/c1-2/h1-2H2"          SMILES="C=C"        chemName="ethene"          />
        </property>
        <property name="composition"     id="x8"   label="[CH3CHO]"  sourcetype="digitized"  units="mole fraction" >
            <speciesLink preferredKey="CH3CHO"  CAS="75-07-0"   InChI="1S/C2H4O/c1-2-3/h2H,1H3"      SMILES="CC=O"       chemName="acetaldehyde"    />
        </property>
        <property name="temperature"     id="x9"   label="T"         sourcetype="digitized"  units="K"             />

        <dataPoint><x1>0.08</x1><x2>1.9016E-03</x2><x3>5.4416E-04</x3><x4>-1.0000000</x4><x5>1.6470E-04</x5><x6>3.2528E-05</x6><x7>2.7159E-04</x7><x8>2.8182E-04</x8><x9>1064</x9></dataPoint>
        <dataPoint><x1>0.10</x1><x2>1.5922E-03</x2><x3>5.4824E-04</x3><x4>1.0061E-04</x4><x5>1.9073E-04</x5><x6>3.9459E-05</x6><x7>2.9486E-04</x7><x8>2.8402E-04</x8><x9>1070</x9></dataPoint>
        <dataPoint><x1>0.12</x1><x2>1.4094E-03</x2><x3>7.6445E-04</x3><x4>9.7696E-05</x4><x5>2.7080E-04</x5><x6>5.1079E-05</x6><x7>3.7801E-04</x7><x8>3.2886E-04</x8><x9>1070</x9></dataPoint>
        <dataPoint><x1>0.14</x1><x2>1.4470E-03</x2><x3>1.0266E-03</x3><x4>1.0032E-04</x4><x5>2.6302E-04</x5><x6>6.3117E-05</x6><x7>4.5438E-04</x7><x8>3.4734E-04</x8><x9>1073</x9></dataPoint>
        <dataPoint><x1>0.16</x1><x2>1.3795E-03</x2><x3>1.4183E-03</x3><x4>1.6068E-04</x4><x5>2.8023E-04</x5><x6>7.5158E-05</x6><x7>5.3104E-04</x7><x8>3.5992E-04</x8><x9>1077</x9></dataPoint>
        <dataPoint><x1>0.18</x1><x2>1.1768E-03</x2><x3>1.6122E-03</x3><x4>1.5035E-04</x4><x5>2.9041E-04</x5><x6>7.5740E-05</x6><x7>5.3527E-04</x7><x8>3.3685E-04</x8><x9>1072</x9></dataPoint>
        <dataPoint><x1>0.24</x1><x2>1.0385E-03</x2><x3>1.5044E-03</x3><x4>1.9217E-04</x4><x5>3.0566E-04</x5><x6>7.8270E-05</x6><x7>5.5301E-04</x7><x8>2.9180E-04</x8><x9>1067</x9></dataPoint>
    </dataGroup>
</experiment>
