<experiment>
    <fileAuthor>Chemical Kinetics Laboratory, Institute of Chemistry, ELTE, Budapest, Hungary</fileAuthor>
    <fileDOI>10.24388/x10003027</fileDOI>
    <fileVersion>
        <major>2</major>
        <minor>0</minor>
    </fileVersion>
    <ReSpecThVersion>
        <major>2</major>
        <minor>3</minor>
    </ReSpecThVersion>
    <firstPublicationDate>2015-10-11</firstPublicationDate>
    <lastModificationDate>2020-11-13</lastModificationDate>
    <bibliographyLink>
        <description>J. Herzler, C. Naumann: Ignition Delay Time Measurements for the Validation of Reaction Mechanisms for Different Alcohols. Proc. Europ. Combust Meeting 2013. Paper P3-8. VTIM calculated at mean temperature (1282.5 K) was used</description>
        <location>Main Article + Personal Communication Channel</location>
        <figure>Fig. 3, red triangle</figure>
        <details>
            <author>Herzler, J and Naumann, C</author>
            <journal>Proceedings of the 6th European Combustion Meeting</journal>
            <pages>Paper P3--8</pages>
            <title>Ignition Delay Time Measurements for the Validation of Reaction Mechanisms for Different Alcohols</title>
            <year>2013</year>
        </details>
    </bibliographyLink>
    <experimentType>ignition delay measurement</experimentType>
    <apparatus>
        <kind>shock tube</kind>
    </apparatus>
    <commonProperties>
        <property name="initial composition"           sourcetype="calculated" >
            <component><speciesLink preferredKey="C2H5OH"  CAS="64-17-5"    InChI="1S/C2H6O/c1-2-3/h3H,2H2,1H3"  SMILES="CCO"   chemName="ethanol" /><amount units="mole fraction" >0.012527</amount></component>
            <component><speciesLink preferredKey="O2"      CAS="7782-44-7"  InChI="1S/O2/c1-2"                   SMILES="O=O"   chemName="oxygen"  /><amount units="mole fraction" >0.038985</amount></component>
            <component><speciesLink preferredKey="Ar"      CAS="7440-37-1"  InChI="1S/Ar"                        SMILES="[Ar]"  chemName="argon"   /><amount units="mole fraction" >0.948488</amount></component>
        </property>
        <property name="evaluated standard deviation"  sourcetype="estimated"   units="unitless"       reference="ignition delay"  kind="relative"  method="generic uncertainty" ><value>0.1</value></property>
    </commonProperties>
    <dataGroup id="dg1">
        <property name="temperature"     id="x1"   label="T"    sourcetype="reported"  units="K"   />
        <property name="pressure"        id="x2"   label="p"    sourcetype="reported"  units="bar" />
        <property name="ignition delay"  id="x3"   label="tau"  sourcetype="reported"  units="us"  />

        <dataPoint><x1>1005</x1><x2>4.14</x2><x3>8403</x3></dataPoint>
        <dataPoint><x1>1050</x1><x2>4.12</x2><x3>5822</x3></dataPoint>
        <dataPoint><x1>1107</x1><x2>4.10</x2><x3>3391</x3></dataPoint>
        <dataPoint><x1>1181</x1><x2>4.61</x2><x3>1940</x3></dataPoint>
        <dataPoint><x1>1239</x1><x2>4.05</x2><x3>0978</x3></dataPoint>
        <dataPoint><x1>1304</x1><x2>4.20</x2><x3>0528</x3></dataPoint>
        <dataPoint><x1>1349</x1><x2>4.24</x2><x3>0259</x3></dataPoint>
        <dataPoint><x1>1391</x1><x2>4.28</x2><x3>0165</x3></dataPoint>
        <dataPoint><x1>1481</x1><x2>4.30</x2><x3>0064</x3></dataPoint>
        <dataPoint><x1>1560</x1><x2>4.30</x2><x3>0027</x3></dataPoint>
    </dataGroup>
    <ignitionType target="CHEX;" type="max"/>
    <dataGroup id="dg2">
        <property name="time"    id="x3"   label="t"  units="s"   />
        <property name="volume"  id="x4"   label="V"  units="cm3" />

        <dataPoint><x3>0.000000</x3><x4>1.00000000</x4></dataPoint>
        <dataPoint><x3>0.000936</x3><x4>0.99992018</x4></dataPoint>
        <dataPoint><x3>0.001053</x3><x4>0.99960108</x4></dataPoint>
        <dataPoint><x3>0.001169</x3><x4>0.99920256</x4></dataPoint>
        <dataPoint><x3>0.001286</x3><x4>0.99874079</x4></dataPoint>
        <dataPoint><x3>0.001403</x3><x4>0.99821599</x4></dataPoint>
        <dataPoint><x3>0.001520</x3><x4>0.99762841</x4></dataPoint>
        <dataPoint><x3>0.001637</x3><x4>0.99696250</x4></dataPoint>
        <dataPoint><x3>0.001754</x3><x4>0.99621866</x4></dataPoint>
        <dataPoint><x3>0.001871</x3><x4>0.99542889</x4></dataPoint>
        <dataPoint><x3>0.001988</x3><x4>0.99456199</x4></dataPoint>
        <dataPoint><x3>0.002105</x3><x4>0.99363418</x4></dataPoint>
        <dataPoint><x3>0.002222</x3><x4>0.99263024</x4></dataPoint>
        <dataPoint><x3>0.002339</x3><x4>0.99156639</x4></dataPoint>
        <dataPoint><x3>0.002456</x3><x4>0.99044313</x4></dataPoint>
        <dataPoint><x3>0.002573</x3><x4>0.98924544</x4></dataPoint>
        <dataPoint><x3>0.002690</x3><x4>0.98798953</x4></dataPoint>
        <dataPoint><x3>0.002807</x3><x4>0.98666054</x4></dataPoint>
        <dataPoint><x3>0.002924</x3><x4>0.98528998</x4></dataPoint>
        <dataPoint><x3>0.003041</x3><x4>0.98384769</x4></dataPoint>
        <dataPoint><x3>0.003158</x3><x4>0.98233449</x4></dataPoint>
        <dataPoint><x3>0.003275</x3><x4>0.98076645</x4></dataPoint>
        <dataPoint><x3>0.003392</x3><x4>0.97914427</x4></dataPoint>
        <dataPoint><x3>0.003508</x3><x4>0.97746866</x4></dataPoint>
        <dataPoint><x3>0.003625</x3><x4>0.97572537</x4></dataPoint>
        <dataPoint><x3>0.003742</x3><x4>0.97393031</x4></dataPoint>
        <dataPoint><x3>0.003859</x3><x4>0.97206938</x4></dataPoint>
        <dataPoint><x3>0.003976</x3><x4>0.97015840</x4></dataPoint>
        <dataPoint><x3>0.004093</x3><x4>0.96819817</x4></dataPoint>
        <dataPoint><x3>0.004210</x3><x4>0.96617490</x4></dataPoint>
        <dataPoint><x3>0.004327</x3><x4>0.96411876</x4></dataPoint>
        <dataPoint><x3>0.004444</x3><x4>0.96198698</x4></dataPoint>
        <dataPoint><x3>0.004561</x3><x4>0.95982405</x4></dataPoint>
        <dataPoint><x3>0.004678</x3><x4>0.95760202</x4></dataPoint>
        <dataPoint><x3>0.004795</x3><x4>0.95532204</x4></dataPoint>
        <dataPoint><x3>0.004912</x3><x4>0.95301350</x4></dataPoint>
        <dataPoint><x3>0.005029</x3><x4>0.95064899</x4></dataPoint>
        <dataPoint><x3>0.005146</x3><x4>0.94822970</x4></dataPoint>
        <dataPoint><x3>0.005263</x3><x4>0.94578452</x4></dataPoint>
        <dataPoint><x3>0.005380</x3><x4>0.94328659</x4></dataPoint>
        <dataPoint><x3>0.005497</x3><x4>0.94073713</x4></dataPoint>
        <dataPoint><x3>0.005614</x3><x4>0.93815092</x4></dataPoint>
        <dataPoint><x3>0.005731</x3><x4>0.93552891</x4></dataPoint>
        <dataPoint><x3>0.005847</x3><x4>0.93287204</x4></dataPoint>
        <dataPoint><x3>0.005964</x3><x4>0.93016798</x4></dataPoint>
        <dataPoint><x3>0.006081</x3><x4>0.92743115</x4></dataPoint>
        <dataPoint><x3>0.006198</x3><x4>0.92464941</x4></dataPoint>
        <dataPoint><x3>0.006315</x3><x4>0.92184996</x4></dataPoint>
        <dataPoint><x3>0.006432</x3><x4>0.91899482</x4></dataPoint>
        <dataPoint><x3>0.006500</x3><x4>0.91733864</x4></dataPoint>
        <dataPoint><x3>0.006550</x3><x4>0.91609830</x4></dataPoint>
        <dataPoint><x3>0.006600</x3><x4>0.91486224</x4></dataPoint>
        <dataPoint><x3>0.006650</x3><x4>0.91361774</x4></dataPoint>
        <dataPoint><x3>0.006700</x3><x4>0.91236493</x4></dataPoint>
        <dataPoint><x3>0.006750</x3><x4>0.91110390</x4></dataPoint>
        <dataPoint><x3>0.006800</x3><x4>0.90984731</x4></dataPoint>
        <dataPoint><x3>0.006850</x3><x4>0.90857013</x4></dataPoint>
        <dataPoint><x3>0.006900</x3><x4>0.90729752</x4></dataPoint>
        <dataPoint><x3>0.006950</x3><x4>0.90601704</x4></dataPoint>
        <dataPoint><x3>0.007000</x3><x4>0.90474116</x4></dataPoint>
        <dataPoint><x3>0.007050</x3><x4>0.90344521</x4></dataPoint>
        <dataPoint><x3>0.007100</x3><x4>0.90215399</x4></dataPoint>
        <dataPoint><x3>0.007150</x3><x4>0.90085524</x4></dataPoint>
        <dataPoint><x3>0.007200</x3><x4>0.89954907</x4></dataPoint>
        <dataPoint><x3>0.007250</x3><x4>0.89823557</x4></dataPoint>
        <dataPoint><x3>0.007300</x3><x4>0.89692696</x4></dataPoint>
        <dataPoint><x3>0.007350</x3><x4>0.89559911</x4></dataPoint>
        <dataPoint><x3>0.007400</x3><x4>0.89427626</x4></dataPoint>
        <dataPoint><x3>0.007450</x3><x4>0.89294643</x4></dataPoint>
        <dataPoint><x3>0.007500</x3><x4>0.89162163</x4></dataPoint>
        <dataPoint><x3>0.007550</x3><x4>0.89027810</x4></dataPoint>
        <dataPoint><x3>0.007600</x3><x4>0.88893972</x4></dataPoint>
        <dataPoint><x3>0.007650</x3><x4>0.88759469</x4></dataPoint>
        <dataPoint><x3>0.007700</x3><x4>0.88624312</x4></dataPoint>
        <dataPoint><x3>0.007750</x3><x4>0.88489678</x4></dataPoint>
        <dataPoint><x3>0.007800</x3><x4>0.88353236</x4></dataPoint>
        <dataPoint><x3>0.007850</x3><x4>0.88217331</x4></dataPoint>
        <dataPoint><x3>0.007900</x3><x4>0.88080802</x4></dataPoint>
        <dataPoint><x3>0.007950</x3><x4>0.87943662</x4></dataPoint>
        <dataPoint><x3>0.008000</x3><x4>0.87807064</x4></dataPoint>
        <dataPoint><x3>0.008050</x3><x4>0.87668725</x4></dataPoint>
        <dataPoint><x3>0.008100</x3><x4>0.87530941</x4></dataPoint>
        <dataPoint><x3>0.008150</x3><x4>0.87392575</x4></dataPoint>
        <dataPoint><x3>0.008200</x3><x4>0.87253639</x4></dataPoint>
        <dataPoint><x3>0.008250</x3><x4>0.87115266</x4></dataPoint>
        <dataPoint><x3>0.008300</x3><x4>0.86975214</x4></dataPoint>
        <dataPoint><x3>0.008350</x3><x4>0.86835736</x4></dataPoint>
        <dataPoint><x3>0.008400</x3><x4>0.86695717</x4></dataPoint>
        <dataPoint><x3>0.008450</x3><x4>0.86556274</x4></dataPoint>
        <dataPoint><x3>0.008500</x3><x4>0.86415201</x4></dataPoint>
        <dataPoint><x3>0.008550</x3><x4>0.86274713</x4></dataPoint>
        <dataPoint><x3>0.008600</x3><x4>0.86133716</x4></dataPoint>
        <dataPoint><x3>0.008650</x3><x4>0.85992219</x4></dataPoint>
        <dataPoint><x3>0.008700</x3><x4>0.85850232</x4></dataPoint>
        <dataPoint><x3>0.008750</x3><x4>0.85708842</x4></dataPoint>
        <dataPoint><x3>0.008800</x3><x4>0.85565898</x4></dataPoint>
        <dataPoint><x3>0.008850</x3><x4>0.85423562</x4></dataPoint>
        <dataPoint><x3>0.008900</x3><x4>0.85280765</x4></dataPoint>
        <dataPoint><x3>0.008950</x3><x4>0.85138575</x4></dataPoint>
        <dataPoint><x3>0.009000</x3><x4>0.84994879</x4></dataPoint>
        <dataPoint><x3>0.009050</x3><x4>0.84851801</x4></dataPoint>
        <dataPoint><x3>0.009100</x3><x4>0.84708290</x4></dataPoint>
        <dataPoint><x3>0.009150</x3><x4>0.84564356</x4></dataPoint>
        <dataPoint><x3>0.009200</x3><x4>0.84420007</x4></dataPoint>
        <dataPoint><x3>0.009250</x3><x4>0.84276286</x4></dataPoint>
        <dataPoint><x3>0.009300</x3><x4>0.84131133</x4></dataPoint>
        <dataPoint><x3>0.009350</x3><x4>0.83986616</x4></dataPoint>
        <dataPoint><x3>0.009400</x3><x4>0.83842730</x4></dataPoint>
        <dataPoint><x3>0.009450</x3><x4>0.83697444</x4></dataPoint>
        <dataPoint><x3>0.009500</x3><x4>0.83551789</x4></dataPoint>
        <dataPoint><x3>0.009550</x3><x4>0.83406778</x4></dataPoint>
        <dataPoint><x3>0.009600</x3><x4>0.83261408</x4></dataPoint>
        <dataPoint><x3>0.009650</x3><x4>0.83115686</x4></dataPoint>
        <dataPoint><x3>0.009700</x3><x4>0.82970613</x4></dataPoint>
        <dataPoint><x3>0.009750</x3><x4>0.82824210</x4></dataPoint>
        <dataPoint><x3>0.009800</x3><x4>0.82678465</x4></dataPoint>
        <dataPoint><x3>0.009850</x3><x4>0.82532393</x4></dataPoint>
        <dataPoint><x3>0.009900</x3><x4>0.82386004</x4></dataPoint>
        <dataPoint><x3>0.009950</x3><x4>0.82240276</x4></dataPoint>
        <dataPoint><x3>0.010000</x3><x4>0.82093273</x4></dataPoint>
    </dataGroup>
</experiment>
