<experiment>
    <fileAuthor>Chemical Kinetics Laboratory, Institute of Chemistry, ELTE, Budapest, Hungary</fileAuthor>
    <fileDOI>10.24388/x10003039</fileDOI>
    <fileVersion>
        <major>2</major>
        <minor>0</minor>
    </fileVersion>
    <ReSpecThVersion>
        <major>2</major>
        <minor>3</minor>
    </ReSpecThVersion>
    <firstPublicationDate>2015-10-11</firstPublicationDate>
    <lastModificationDate>2020-11-13</lastModificationDate>
    <bibliographyLink>
        <description>M. Braun-Unkhoff, J. Dembowski, J. Herzler, J. Karle, C. Naumann, U. Riedel, J. Eng. Gas Turb Power 137 (2015), GTP-14-1640.</description>
        <referenceDOI>10.1115/1.4029625</referenceDOI>
        <location>Main Article + Personal Communication Channel</location>
        <table>Tabelle B.2. 4 bar series, VTIM calculated at average temperature (1282.5 K) was used, and Tabelle D.1, mixture #226 (Naumann(20150327))</table>
        <details>
            <author>Braun-Unkhoff, Marina and Dembowski, Jens and Herzler, J{\"{u}}rgen and Karle, J{\"{u}}rgen and Naumann, Clemens and Riedel, Uwe</author>
            <journal>J Eng Gas Turbines Power</journal>
            <number>9</number>
            <pages>91503</pages>
            <title>Alternative Fuels Basedon Biomass: An Experimentaland Modeling Study of EthanolCofiring to Natural Gas</title>
            <volume>137</volume>
            <year>2015</year>
        </details>
    </bibliographyLink>
    <experimentType>ignition delay measurement</experimentType>
    <apparatus>
        <kind>shock tube</kind>
    </apparatus>
    <commonProperties>
        <property name="initial composition"           sourcetype="reported"  >
            <component><speciesLink preferredKey="C2H5OH"  CAS="64-17-5"    InChI="1S/C2H6O/c1-2-3/h3H,2H2,1H3"  SMILES="CCO"   chemName="ethanol" /><amount units="mole fraction" >0.012972</amount></component>
            <component><speciesLink preferredKey="O2"      CAS="7782-44-7"  InChI="1S/O2/c1-2"                   SMILES="O=O"   chemName="oxygen"  /><amount units="mole fraction" >0.039163</amount></component>
            <component><speciesLink preferredKey="Ar"      CAS="7440-37-1"  InChI="1S/Ar"                        SMILES="[Ar]"  chemName="argon"   /><amount units="mole fraction" >0.947864</amount></component>
        </property>
        <property name="evaluated standard deviation"  sourcetype="estimated"  units="unitless"       reference="ignition delay"  kind="relative"  method="generic uncertainty" ><value>0.1</value></property>
    </commonProperties>
    <dataGroup id="dg1">
        <property name="temperature"     id="x1"   label="T"    sourcetype="reported"  units="K"   />
        <property name="pressure"        id="x2"   label="p"    sourcetype="reported"  units="bar" />
        <property name="ignition delay"  id="x3"   label="tau"  sourcetype="reported"  units="us"  />

        <dataPoint><x1>1005</x1><x2>4.14</x2><x3>8403.0</x3></dataPoint>
        <dataPoint><x1>1050</x1><x2>4.12</x2><x3>5822.0</x3></dataPoint>
        <dataPoint><x1>1107</x1><x2>4.10</x2><x3>3391.0</x3></dataPoint>
        <dataPoint><x1>1181</x1><x2>4.61</x2><x3>1940.0</x3></dataPoint>
        <dataPoint><x1>1239</x1><x2>4.05</x2> <x3>978.0</x3></dataPoint>
        <dataPoint><x1>1304</x1><x2>4.20</x2> <x3>528.0</x3></dataPoint>
        <dataPoint><x1>1349</x1><x2>4.24</x2> <x3>259.0</x3></dataPoint>
        <dataPoint><x1>1391</x1><x2>4.28</x2> <x3>165.0</x3></dataPoint>
        <dataPoint><x1>1481</x1><x2>4.30</x2>  <x3>64.0</x3></dataPoint>
        <dataPoint><x1>1560</x1><x2>4.30</x2>  <x3>27.0</x3></dataPoint>
    </dataGroup>
    <ignitionType target="CHEX;" type="max"/>
    <dataGroup id="dg2">
        <property name="time"    id="x3"   label="t"  sourcetype="reported"    units="s"   />
        <property name="volume"  id="x4"   label="V"  sourcetype="calculated"  units="cm3" />

        <dataPoint><x3>0.0000</x3><x4>1.00000000</x4></dataPoint>
        <dataPoint><x3>0.0005</x3><x4>1.00000000</x4></dataPoint>
        <dataPoint><x3>0.0010</x3><x4>1.00000000</x4></dataPoint>
        <dataPoint><x3>0.0015</x3><x4>0.99770422</x4></dataPoint>
        <dataPoint><x3>0.0020</x3><x4>0.99447478</x4></dataPoint>
        <dataPoint><x3>0.0025</x3><x4>0.98996064</x4></dataPoint>
        <dataPoint><x3>0.0030</x3><x4>0.98432941</x4></dataPoint>
        <dataPoint><x3>0.0035</x3><x4>0.97757000</x4></dataPoint>
        <dataPoint><x3>0.0040</x3><x4>0.96974312</x4></dataPoint>
        <dataPoint><x3>0.0045</x3><x4>0.96091682</x4></dataPoint>
        <dataPoint><x3>0.0050</x3><x4>0.95116501</x4></dataPoint>
        <dataPoint><x3>0.0055</x3><x4>0.94056591</x4></dataPoint>
        <dataPoint><x3>0.0060</x3><x4>0.92925363</x4></dataPoint>
        <dataPoint><x3>0.0065</x3><x4>0.91720282</x4></dataPoint>
        <dataPoint><x3>0.0070</x3><x4>0.90460027</x4></dataPoint>
        <dataPoint><x3>0.0075</x3><x4>0.89147429</x4></dataPoint>
        <dataPoint><x3>0.0080</x3><x4>0.87790413</x4></dataPoint>
        <dataPoint><x3>0.0085</x3><x4>0.86396611</x4></dataPoint>
        <dataPoint><x3>0.0090</x3><x4>0.84973288</x4></dataPoint>
        <dataPoint><x3>0.0095</x3><x4>0.83527290</x4></dataPoint>
        <dataPoint><x3>0.0100</x3><x4>0.82068867</x4></dataPoint>
        <dataPoint><x3>0.0105</x3><x4>0.80596022</x4></dataPoint>
        <dataPoint><x3>0.0110</x3><x4>0.79121725</x4></dataPoint>
        <dataPoint><x3>0.0115</x3><x4>0.77647036</x4></dataPoint>
        <dataPoint><x3>0.0120</x3><x4>0.76176390</x4></dataPoint>
        <dataPoint><x3>0.0125</x3><x4>0.74713748</x4></dataPoint>
        <dataPoint><x3>0.0130</x3><x4>0.73262612</x4></dataPoint>
        <dataPoint><x3>0.0135</x3><x4>0.71828806</x4></dataPoint>
        <dataPoint><x3>0.0140</x3><x4>0.70409354</x4></dataPoint>
        <dataPoint><x3>0.0145</x3><x4>0.69011923</x4></dataPoint>
        <dataPoint><x3>0.0150</x3><x4>0.67635718</x4></dataPoint>
        <dataPoint><x3>0.0155</x3><x4>0.66282373</x4></dataPoint>
        <dataPoint><x3>0.0160</x3><x4>0.64953234</x4></dataPoint>
        <dataPoint><x3>0.0165</x3><x4>0.63649384</x4></dataPoint>
        <dataPoint><x3>0.0170</x3><x4>0.62371669</x4></dataPoint>
        <dataPoint><x3>0.0175</x3><x4>0.61122549</x4></dataPoint>
        <dataPoint><x3>0.0180</x3><x4>0.59898731</x4></dataPoint>
        <dataPoint><x3>0.0185</x3><x4>0.58704064</x4></dataPoint>
        <dataPoint><x3>0.0190</x3><x4>0.57536876</x4></dataPoint>
        <dataPoint><x3>0.0195</x3><x4>0.56397190</x4></dataPoint>
        <dataPoint><x3>0.0200</x3><x4>0.55284921</x4></dataPoint>
        <dataPoint><x3>0.0205</x3><x4>0.54199887</x4></dataPoint>
        <dataPoint><x3>0.0210</x3><x4>0.53143105</x4></dataPoint>
        <dataPoint><x3>0.0215</x3><x4>0.52111625</x4></dataPoint>
        <dataPoint><x3>0.0220</x3><x4>0.51107559</x4></dataPoint>
        <dataPoint><x3>0.0225</x3><x4>0.50129202</x4></dataPoint>
        <dataPoint><x3>0.0230</x3><x4>0.49175038</x4></dataPoint>
        <dataPoint><x3>0.0235</x3><x4>0.48246717</x4></dataPoint>
        <dataPoint><x3>0.0240</x3><x4>0.47343566</x4></dataPoint>
        <dataPoint><x3>0.0245</x3><x4>0.46463090</x4></dataPoint>
        <dataPoint><x3>0.0250</x3><x4>0.45605733</x4></dataPoint>
        <dataPoint><x3>0.0255</x3><x4>0.44771753</x4></dataPoint>
        <dataPoint><x3>0.0260</x3><x4>0.43959677</x4></dataPoint>
        <dataPoint><x3>0.0265</x3><x4>0.43168179</x4></dataPoint>
        <dataPoint><x3>0.0270</x3><x4>0.42398234</x4></dataPoint>
        <dataPoint><x3>0.0275</x3><x4>0.41648484</x4></dataPoint>
        <dataPoint><x3>0.0280</x3><x4>0.40919026</x4></dataPoint>
        <dataPoint><x3>0.0285</x3><x4>0.40207960</x4></dataPoint>
        <dataPoint><x3>0.0290</x3><x4>0.39515427</x4></dataPoint>
        <dataPoint><x3>0.0295</x3><x4>0.38841463</x4></dataPoint>
        <dataPoint><x3>0.0300</x3><x4>0.38184917</x4></dataPoint>
        <dataPoint><x3>0.0305</x3><x4>0.37545274</x4></dataPoint>
        <dataPoint><x3>0.0310</x3><x4>0.36922031</x4></dataPoint>
        <dataPoint><x3>0.0315</x3><x4>0.36314699</x4></dataPoint>
        <dataPoint><x3>0.0320</x3><x4>0.35722799</x4></dataPoint>
        <dataPoint><x3>0.0325</x3><x4>0.35145865</x4></dataPoint>
        <dataPoint><x3>0.0330</x3><x4>0.34583872</x4></dataPoint>
        <dataPoint><x3>0.0335</x3><x4>0.34035505</x4></dataPoint>
        <dataPoint><x3>0.0340</x3><x4>0.33501179</x4></dataPoint>
        <dataPoint><x3>0.0345</x3><x4>0.32980050</x4></dataPoint>
        <dataPoint><x3>0.0350</x3><x4>0.32471718</x4></dataPoint>
        <dataPoint><x3>0.0355</x3><x4>0.31975794</x4></dataPoint>
        <dataPoint><x3>0.0360</x3><x4>0.31492240</x4></dataPoint>
        <dataPoint><x3>0.0365</x3><x4>0.31020001</x4></dataPoint>
        <dataPoint><x3>0.0370</x3><x4>0.30559389</x4></dataPoint>
        <dataPoint><x3>0.0375</x3><x4>0.30109424</x4></dataPoint>
        <dataPoint><x3>0.0380</x3><x4>0.29670390</x4></dataPoint>
        <dataPoint><x3>0.0385</x3><x4>0.29241656</x4></dataPoint>
        <dataPoint><x3>0.0390</x3><x4>0.28822913</x4></dataPoint>
        <dataPoint><x3>0.0395</x3><x4>0.28413863</x4></dataPoint>
        <dataPoint><x3>0.0400</x3><x4>0.28014468</x4></dataPoint>
        <dataPoint><x3>0.0405</x3><x4>0.27623939</x4></dataPoint>
        <dataPoint><x3>0.0410</x3><x4>0.27242500</x4></dataPoint>
        <dataPoint><x3>0.0415</x3><x4>0.26869640</x4></dataPoint>
        <dataPoint><x3>0.0420</x3><x4>0.26504891</x4></dataPoint>
        <dataPoint><x3>0.0425</x3><x4>0.26148454</x4></dataPoint>
        <dataPoint><x3>0.0430</x3><x4>0.25800071</x4></dataPoint>
        <dataPoint><x3>0.0435</x3><x4>0.25459103</x4></dataPoint>
        <dataPoint><x3>0.0440</x3><x4>0.25125540</x4></dataPoint>
        <dataPoint><x3>0.0445</x3><x4>0.24799355</x4></dataPoint>
        <dataPoint><x3>0.0450</x3><x4>0.24479969</x4></dataPoint>
        <dataPoint><x3>0.0455</x3><x4>0.24167548</x4></dataPoint>
        <dataPoint><x3>0.0460</x3><x4>0.23861715</x4></dataPoint>
        <dataPoint><x3>0.0465</x3><x4>0.23562287</x4></dataPoint>
        <dataPoint><x3>0.0470</x3><x4>0.23269086</x4></dataPoint>
        <dataPoint><x3>0.0475</x3><x4>0.22982091</x4></dataPoint>
        <dataPoint><x3>0.0480</x3><x4>0.22700826</x4></dataPoint>
        <dataPoint><x3>0.0485</x3><x4>0.22425430</x4></dataPoint>
        <dataPoint><x3>0.0490</x3><x4>0.22155457</x4></dataPoint>
        <dataPoint><x3>0.0495</x3><x4>0.21891037</x4></dataPoint>
        <dataPoint><x3>0.0500</x3><x4>0.21631883</x4></dataPoint>
    </dataGroup>
</experiment>
