<experiment>
    <fileAuthor>Chemical Kinetics Laboratory, Institute of Chemistry, ELTE, Budapest, Hungary</fileAuthor>
    <fileDOI>10.24388/x10003035</fileDOI>
    <fileVersion>
        <major>2</major>
        <minor>0</minor>
    </fileVersion>
    <ReSpecThVersion>
        <major>2</major>
        <minor>3</minor>
    </ReSpecThVersion>
    <firstPublicationDate>2015-10-11</firstPublicationDate>
    <lastModificationDate>2020-11-13</lastModificationDate>
    <bibliographyLink>
        <description>K.A.Heufer, H. Olivier, S. Vranckx, C. Lee, R.X. Fernandes, Experimental study of the high-pressure ignition of alcohol based biofuels. Proc. 5th Europ. Combust. Meeting (2011), Cardiff.</description>
        <referenceDOI>10.1007/s00193-010-0262-2</referenceDOI>
        <location>Main Article</location>
        <figure>Fig. 1, top, blue reverse triangle</figure>
        <details>
            <author>Heufer, K A and Olivier, H</author>
            <journal>Shock Waves</journal>
            <number>4</number>
            <pages>307--316</pages>
            <title>Determination of ignition delay times of different hydrocarbons in a new high pressure shock tube</title>
            <volume>20</volume>
            <year>2010</year>
        </details>
    </bibliographyLink>
    <experimentType>ignition delay measurement</experimentType>
    <apparatus>
        <kind>shock tube</kind>
    </apparatus>
    <commonProperties>
        <property name="initial composition"           sourcetype="calculated" >
            <component><speciesLink preferredKey="C2H5OH"  CAS="64-17-5"    InChI="1S/C2H6O/c1-2-3/h3H,2H2,1H3"  SMILES="CCO"  chemName="ethanol"  /><amount units="mole fraction" >0.063963</amount></component>
            <component><speciesLink preferredKey="O2"      CAS="7782-44-7"  InChI="1S/O2/c1-2"                   SMILES="O=O"  chemName="oxygen"   /><amount units="mole fraction" >0.191888</amount></component>
            <component><speciesLink preferredKey="N2"      CAS="7727-37-9"  InChI="1S/N2/c1-2"                   SMILES="N#N"  chemName="nitrogen" /><amount units="mole fraction" >0.744149</amount></component>
        </property>
        <property name="evaluated standard deviation"  sourcetype="estimated"   units="unitless"       reference="ignition delay"  kind="relative"  method="statistical scatter" ><value>0.16</value></property>
    </commonProperties>
    <dataGroup id="dg1">
        <property name="temperature"     id="x1"   label="T"    sourcetype="digitized"  units="K"   />
        <property name="pressure"        id="x2"   label="p"    sourcetype="digitized"  units="atm" />
        <property name="ignition delay"  id="x3"   label="tau"  sourcetype="digitized"  units="ms"  />

        <dataPoint><x1>7.7810E+02</x1><x2>71.65</x2><x3>4.9723E+00</x3></dataPoint>
        <dataPoint><x1>7.8210E+02</x1><x2>74.41</x2><x3>3.5176E+00</x3></dataPoint>
        <dataPoint><x1>7.9300E+02</x1><x2>66.86</x2><x3>3.4909E+00</x3></dataPoint>
        <dataPoint><x1>7.9900E+02</x1><x2>70.37</x2><x3>3.7018E+00</x3></dataPoint>
        <dataPoint><x1>8.0630E+02</x1><x2>66.81</x2><x3>3.8424E+00</x3></dataPoint>
        <dataPoint><x1>8.2800E+02</x1><x2>77.21</x2><x3>3.5386E+00</x3></dataPoint>
        <dataPoint><x1>8.3000E+02</x1><x2>71.80</x2><x3>3.8096E+00</x3></dataPoint>
        <dataPoint><x1>8.3400E+02</x1><x2>73.25</x2><x3>2.3816E+00</x3></dataPoint>
        <dataPoint><x1>8.5200E+02</x1><x2>79.45</x2><x3>2.3469E+00</x3></dataPoint>
        <dataPoint><x1>9.1700E+02</x1><x2>83.89</x2><x3>1.4500E+00</x3></dataPoint>
        <dataPoint><x1>9.4200E+02</x1><x2>91.49</x2><x3>8.7302E-01</x3></dataPoint>
        <dataPoint><x1>9.6940E+02</x1><x2>81.03</x2><x3>4.9661E-01</x3></dataPoint>
        <dataPoint><x1>9.8380E+02</x1><x2>75.01</x2><x3>3.9279E-01</x3></dataPoint>
        <dataPoint><x1>1.0050E+03</x1><x2>75.89</x2><x3>2.9197E-01</x3></dataPoint>
    </dataGroup>
    <ignitionType target="p;" type="d/dt max"/>
</experiment>
