<experiment>
    <fileAuthor>Chemical Kinetics Laboratory, Institute of Chemistry, ELTE, Budapest, Hungary</fileAuthor>
    <fileDOI>10.24388/x10003037</fileDOI>
    <fileVersion>
        <major>2</major>
        <minor>0</minor>
    </fileVersion>
    <ReSpecThVersion>
        <major>2</major>
        <minor>3</minor>
    </ReSpecThVersion>
    <firstPublicationDate>2015-10-11</firstPublicationDate>
    <lastModificationDate>2020-11-13</lastModificationDate>
    <bibliographyLink>
        <description>J. Herzler, M. Fikri, O. Welz, C. Schulz, Proc. 7th Europ. Combust. Meeting, 2015, P1-44.</description>
        <referenceDOI>10.1016/j.proci.2014.05.063</referenceDOI>
        <location>Main Article</location>
        <figure>Fig. 6, full black square, CH4+5%C2H5OH autoignition, VTIM calculated at average temperature (1245 K) was used</figure>
        <details>
            <author>Aghsaee, M and Nativel, D and Bozkurt, M and Fikri, M and Chaumeix, N and Schulz, C</author>
            <journal>Proc Combust Inst</journal>
            <number>1</number>
            <pages>393--400</pages>
            <title>Experimental study of the kinetics of ethanol pyrolysis and oxidation behind reflected shockwaves and in laminar flames</title>
            <volume>35</volume>
            <year>2015</year>
        </details>
    </bibliographyLink>
    <experimentType>ignition delay measurement</experimentType>
    <apparatus>
        <kind>shock tube</kind>
    </apparatus>
    <commonProperties>
        <property name="initial composition"           sourcetype="calculated" >
            <component><speciesLink preferredKey="CH4"     CAS="74-82-8"    InChI="1S/CH4/h1H4"                  SMILES="C"    chemName="methane"  /><amount units="mole fraction" >0.158333</amount></component>
            <component><speciesLink preferredKey="C2H5OH"  CAS="64-17-5"    InChI="1S/C2H6O/c1-2-3/h3H,2H2,1H3"  SMILES="CCO"  chemName="ethanol"  /><amount units="mole fraction" >0.008333</amount></component>
            <component><speciesLink preferredKey="O2"      CAS="7782-44-7"  InChI="1S/O2/c1-2"                   SMILES="O=O"  chemName="oxygen"   /><amount units="mole fraction" >0.170833</amount></component>
            <component><speciesLink preferredKey="N2"      CAS="7727-37-9"  InChI="1S/N2/c1-2"                   SMILES="N#N"  chemName="nitrogen" /><amount units="mole fraction" >0.662501</amount></component>
        </property>
        <property name="pressure"                      label="P"  sourcetype="reported"    units="bar"           ><value>30</value></property>
        <property name="evaluated standard deviation"  sourcetype="estimated"   units="unitless"       reference="ignition delay"  kind="relative"  method="statistical scatter" ><value>0.16</value></property>
    </commonProperties>
    <dataGroup id="dg1">
        <property name="temperature"     id="x1"   label="T"    sourcetype="digitized"  units="K"  />
        <property name="ignition delay"  id="x2"   label="tau"  sourcetype="digitized"  units="us" />

        <dataPoint> <x1>920</x1><x2>10511</x2></dataPoint>
        <dataPoint> <x1>963</x1> <x2>4982</x2></dataPoint>
        <dataPoint> <x1>973</x1> <x2>4625</x2></dataPoint>
        <dataPoint><x1>1013</x1> <x2>1989</x2></dataPoint>
        <dataPoint><x1>1063</x1> <x2>1522</x2></dataPoint>
        <dataPoint><x1>1098</x1> <x2>1288</x2></dataPoint>
        <dataPoint><x1>1108</x1> <x2>1121</x2></dataPoint>
        <dataPoint><x1>1113</x1> <x2>1388</x2></dataPoint>
        <dataPoint><x1>1155</x1>  <x2>858</x2></dataPoint>
        <dataPoint><x1>1175</x1>  <x2>845</x2></dataPoint>
        <dataPoint><x1>1224</x1>  <x2>626</x2></dataPoint>
        <dataPoint><x1>1268</x1>  <x2>314</x2></dataPoint>
        <dataPoint><x1>1363</x1>  <x2>118</x2></dataPoint>
        <dataPoint><x1>1466</x1>   <x2>58</x2></dataPoint>
        <dataPoint><x1>1570</x1>   <x2>29</x2></dataPoint>
    </dataGroup>
    <ignitionType target="CH*;" type="baseline min intercept from d/dt"/>
    <dataGroup id="dg2">
        <property name="time"    id="x3"   label="t"  units="s"   />
        <property name="volume"  id="x4"   label="V"  units="cm3" />

        <dataPoint><x3>0.0000</x3><x4>1.00000000</x4></dataPoint>
        <dataPoint><x3>0.0002</x3><x4>0.99202364</x4></dataPoint>
        <dataPoint><x3>0.0004</x3><x4>0.98418758</x4></dataPoint>
        <dataPoint><x3>0.0006</x3><x4>0.97648802</x4></dataPoint>
        <dataPoint><x3>0.0008</x3><x4>0.96892130</x4></dataPoint>
        <dataPoint><x3>0.0010</x3><x4>0.96148389</x4></dataPoint>
        <dataPoint><x3>0.0012</x3><x4>0.95417240</x4></dataPoint>
        <dataPoint><x3>0.0014</x3><x4>0.94698353</x4></dataPoint>
        <dataPoint><x3>0.0016</x3><x4>0.93991412</x4></dataPoint>
        <dataPoint><x3>0.0018</x3><x4>0.93296112</x4></dataPoint>
        <dataPoint><x3>0.0020</x3><x4>0.92612157</x4></dataPoint>
        <dataPoint><x3>0.0022</x3><x4>0.91939263</x4></dataPoint>
        <dataPoint><x3>0.0024</x3><x4>0.91277154</x4></dataPoint>
        <dataPoint><x3>0.0026</x3><x4>0.90625563</x4></dataPoint>
        <dataPoint><x3>0.0028</x3><x4>0.89984234</x4></dataPoint>
        <dataPoint><x3>0.0030</x3><x4>0.89984234</x4></dataPoint>
        <dataPoint><x3>3.0000</x3><x4>0.89984234</x4></dataPoint>
    </dataGroup>
</experiment>
