<experiment>
    <fileAuthor>Chemical Kinetics Laboratory, Institute of Chemistry, ELTE, Budapest, Hungary</fileAuthor>
    <fileDOI>10.24388/x10003003</fileDOI>
    <fileVersion>
        <major>2</major>
        <minor>0</minor>
    </fileVersion>
    <ReSpecThVersion>
        <major>2</major>
        <minor>3</minor>
    </ReSpecThVersion>
    <firstPublicationDate>2015-10-11</firstPublicationDate>
    <lastModificationDate>2020-11-13</lastModificationDate>
    <bibliographyLink>
        <description>K.E. Noorani, B. Akih-Kumgeh, J.M. Bergthorson, Energy Fuels 24 (2010), 5834-5843.</description>
        <referenceDOI>10.1021/ef1009692</referenceDOI>
        <location>Supp. Inf.</location>
        <table>Table 11. Low p series. Mixture 4 (phi=1, D=20)</table>
        <details>
            <author>Noorani, Khalid Emilio and Akih-Kumgeh, Benjamin and Bergthorson, Jeffrey M</author>
            <journal>Energy Fuels</journal>
            <number>11</number>
            <pages>5834--5843</pages>
            <title>Comparative High Temperature Shock Tube Ignition of C$_{1}$--C$_{4}$ Primary Alcohols</title>
            <volume>24</volume>
            <year>2010</year>
        </details>
    </bibliographyLink>
    <experimentType>ignition delay measurement</experimentType>
    <apparatus>
        <kind>shock tube</kind>
        <mode>reflected shock</mode>
    </apparatus>
    <commonProperties>
        <property name="initial composition"           sourcetype="reported"  >
            <component><speciesLink preferredKey="C2H5OH"  CAS="64-17-5"    InChI="1S/C2H6O/c1-2-3/h3H,2H2,1H3"  SMILES="CCO"   chemName="ethanol" /><amount units="mole fraction" >0.015</amount></component>
            <component><speciesLink preferredKey="O2"      CAS="7782-44-7"  InChI="1S/O2/c1-2"                   SMILES="O=O"   chemName="oxygen"  /><amount units="mole fraction" >0.047</amount></component>
            <component><speciesLink preferredKey="Ar"      CAS="7440-37-1"  InChI="1S/Ar"                        SMILES="[Ar]"  chemName="argon"   /><amount units="mole fraction" >0.938</amount></component>
        </property>
        <property name="evaluated standard deviation"  sourcetype="estimated"  units="unitless"       reference="ignition delay"  kind="relative"  method="statistical scatter" ><value>0.21</value></property>
    </commonProperties>
    <dataGroup id="dg1">
        <property name="temperature"     id="x1"   label="T"    sourcetype="reported"  units="K"   />
        <property name="ignition delay"  id="x2"   label="tau"  sourcetype="reported"  units="us"  />
        <property name="pressure"        id="x3"   label="P"    sourcetype="reported"  units="atm" />

        <dataPoint><x1>1192</x1><x2>1341</x2><x3>2.4</x3></dataPoint>
        <dataPoint><x1>1245</x1><x2>0837</x2><x3>2.3</x3></dataPoint>
        <dataPoint><x1>1311</x1><x2>0586</x2><x3>2.3</x3></dataPoint>
        <dataPoint><x1>1342</x1><x2>0348</x2><x3>2.0</x3></dataPoint>
        <dataPoint><x1>1489</x1><x2>0111</x2><x3>1.9</x3></dataPoint>
        <dataPoint><x1>1521</x1><x2>0087</x2><x3>2.1</x3></dataPoint>
        <dataPoint><x1>1623</x1><x2>0046</x2><x3>2.0</x3></dataPoint>
        <dataPoint><x1>1575</x1><x2>0041</x2><x3>2.0</x3></dataPoint>
        <dataPoint><x1>1584</x1><x2>0037</x2><x3>1.8</x3></dataPoint>
    </dataGroup>
    <ignitionType target="CHEX;" type="baseline min intercept from d/dt"/>
</experiment>
