<experiment>
    <fileAuthor>Chemical Kinetics Laboratory, Institute of Chemistry, ELTE, Budapest, Hungary</fileAuthor>
    <fileDOI>10.24388/x10003024</fileDOI>
    <fileVersion>
        <major>2</major>
        <minor>0</minor>
    </fileVersion>
    <ReSpecThVersion>
        <major>2</major>
        <minor>3</minor>
    </ReSpecThVersion>
    <firstPublicationDate>2015-10-11</firstPublicationDate>
    <lastModificationDate>2020-11-13</lastModificationDate>
    <bibliographyLink>
        <description>K.A. Heufer, H. Olivier: Determination of ignition delay times of different hydrocarbons in a new high pressure shock tube. Shock Waves, 2010, 20, 307-316, from: Heufer, K.A., Olivier, H., Vranckx, S., Lee, C., Fernandes, R.X.: Experimental study of the high-pressure ignition of alcohol based biofuels. ECM 2011 Cardiff</description>
        <referenceDOI>10.1007/s00193-010-0262-2</referenceDOI>
        <location>Main Article</location>
        <figure>Fig. 12, red triangle, PRE-IGNITION DATA (T .lt. 900 K)</figure>
        <details>
            <author>Heufer, K A and Olivier, H</author>
            <journal>Shock Waves</journal>
            <number>4</number>
            <pages>307--316</pages>
            <title>Determination of ignition delay times of different hydrocarbons in a new high pressure shock tube</title>
            <volume>20</volume>
            <year>2010</year>
        </details>
    </bibliographyLink>
    <experimentType>ignition delay measurement</experimentType>
    <apparatus>
        <kind>shock tube</kind>
    </apparatus>
    <commonProperties>
        <property name="initial composition"           sourcetype="calculated" >
            <component><speciesLink preferredKey="C2H5OH"  CAS="64-17-5"    InChI="1S/C2H6O/c1-2-3/h3H,2H2,1H3"  SMILES="CCO"  chemName="ethanol"  /><amount units="mole fraction" >0.063963</amount></component>
            <component><speciesLink preferredKey="O2"      CAS="7782-44-7"  InChI="1S/O2/c1-2"                   SMILES="O=O"  chemName="oxygen"   /><amount units="mole fraction" >0.191888</amount></component>
            <component><speciesLink preferredKey="N2"      CAS="7727-37-9"  InChI="1S/N2/c1-2"                   SMILES="N#N"  chemName="nitrogen" /><amount units="mole fraction" >0.744149</amount></component>
        </property>
        <property name="evaluated standard deviation"  sourcetype="estimated"   units="unitless"       reference="ignition delay"  kind="relative"  method="generic uncertainty" ><value>0.1</value></property>
    </commonProperties>
    <dataGroup id="dg1">
        <property name="temperature"     id="x1"   label="T"    sourcetype="digitized"  units="K"   />
        <property name="pressure"        id="x2"   label="p"    sourcetype="digitized"  units="atm" />
        <property name="ignition delay"  id="x3"   label="tau"  sourcetype="digitized"  units="ms"  />

        <dataPoint><x1>8.5300E+02</x1><x2>19.44</x2><x3>4.8764E+00</x3></dataPoint>
        <dataPoint><x1>8.9200E+02</x1><x2>18.31</x2><x3>3.5120E+00</x3></dataPoint>
        <dataPoint><x1>9.4000E+02</x1><x2>16.94</x2><x3>2.0770E+00</x3></dataPoint>
        <dataPoint><x1>9.9300E+02</x1><x2>21.91</x2><x3>1.0268E+00</x3></dataPoint>
        <dataPoint><x1>1.0070E+03</x1><x2>19.07</x2><x3>8.5151E-01</x3></dataPoint>
        <dataPoint><x1>1.0130E+03</x1><x2>18.60</x2><x3>7.7198E-01</x3></dataPoint>
        <dataPoint><x1>1.0470E+03</x1><x2>19.80</x2><x3>5.1519E-01</x3></dataPoint>
        <dataPoint><x1>1.0510E+03</x1><x2>19.44</x2><x3>4.6407E-01</x3></dataPoint>
        <dataPoint><x1>1.0640E+03</x1><x2>18.95</x2><x3>4.0817E-01</x3></dataPoint>
        <dataPoint><x1>1.0740E+03</x1><x2>16.28</x2><x3>3.3975E-01</x3></dataPoint>
        <dataPoint><x1>1.1390E+03</x1><x2>18.61</x2><x3>1.0466E-01</x3></dataPoint>
        <dataPoint><x1>1.1630E+03</x1><x2>17.56</x2><x3>9.0007E-02</x3></dataPoint>
        <dataPoint><x1>1.3520E+03</x1><x2>18.04</x2><x3>2.3328E-02</x3></dataPoint>
    </dataGroup>
    <ignitionType target="p;" type="d/dt max"/>
</experiment>
