<experiment>
    <fileAuthor>Chemical Kinetics Laboratory, Institute of Chemistry, ELTE, Budapest, Hungary</fileAuthor>
    <fileDOI>10.24388/x10003005</fileDOI>
    <fileVersion>
        <major>2</major>
        <minor>0</minor>
    </fileVersion>
    <ReSpecThVersion>
        <major>2</major>
        <minor>3</minor>
    </ReSpecThVersion>
    <firstPublicationDate>2015-10-11</firstPublicationDate>
    <lastModificationDate>2020-11-13</lastModificationDate>
    <bibliographyLink>
        <description>K.E. Noorani, B. Akih-Kumgeh, J.M. Bergthorson, Energy Fuels 24 (2010), 5834-5843.</description>
        <referenceDOI>10.1021/ef1009692</referenceDOI>
        <location>Supp. Inf.</location>
        <table>Table 12. Mixture 3 (phi=2, D=15)</table>
        <details>
            <author>Noorani, Khalid Emilio and Akih-Kumgeh, Benjamin and Bergthorson, Jeffrey M</author>
            <journal>Energy Fuels</journal>
            <number>11</number>
            <pages>5834--5843</pages>
            <title>Comparative High Temperature Shock Tube Ignition of C$_{1}$--C$_{4}$ Primary Alcohols</title>
            <volume>24</volume>
            <year>2010</year>
        </details>
    </bibliographyLink>
    <experimentType>ignition delay measurement</experimentType>
    <apparatus>
        <kind>shock tube</kind>
        <mode>reflected shock</mode>
    </apparatus>
    <commonProperties>
        <property name="initial composition"           sourcetype="reported"  >
            <component><speciesLink preferredKey="C2H5OH"  CAS="64-17-5"    InChI="1S/C2H6O/c1-2-3/h3H,2H2,1H3"  SMILES="CCO"   chemName="ethanol" /><amount units="mole fraction" >0.040</amount></component>
            <component><speciesLink preferredKey="O2"      CAS="7782-44-7"  InChI="1S/O2/c1-2"                   SMILES="O=O"   chemName="oxygen"  /><amount units="mole fraction" >0.060</amount></component>
            <component><speciesLink preferredKey="Ar"      CAS="7440-37-1"  InChI="1S/Ar"                        SMILES="[Ar]"  chemName="argon"   /><amount units="mole fraction" >0.900</amount></component>
        </property>
        <property name="evaluated standard deviation"  sourcetype="estimated"  units="unitless"       reference="ignition delay"  kind="relative"  method="statistical scatter" ><value>0.19</value></property>
    </commonProperties>
    <dataGroup id="dg1">
        <property name="temperature"     id="x1"   label="T"    sourcetype="reported"  units="K"   />
        <property name="ignition delay"  id="x2"   label="tau"  sourcetype="reported"  units="us"  />
        <property name="pressure"        id="x3"   label="P"    sourcetype="reported"  units="atm" />

        <dataPoint><x1>1116</x1><x2>1571</x2><x3>2.5</x3></dataPoint>
        <dataPoint><x1>1161</x1><x2>1011</x2><x3>2.6</x3></dataPoint>
        <dataPoint><x1>1175</x1><x2>0838</x2><x3>2.5</x3></dataPoint>
        <dataPoint><x1>1198</x1><x2>0689</x2><x3>2.4</x3></dataPoint>
        <dataPoint><x1>1205</x1><x2>0532</x2><x3>2.4</x3></dataPoint>
        <dataPoint><x1>1217</x1><x2>0723</x2><x3>2.7</x3></dataPoint>
        <dataPoint><x1>1231</x1><x2>0570</x2><x3>2.3</x3></dataPoint>
        <dataPoint><x1>1291</x1><x2>0369</x2><x3>2.3</x3></dataPoint>
        <dataPoint><x1>1291</x1><x2>0295</x2><x3>2.5</x3></dataPoint>
        <dataPoint><x1>1293</x1><x2>0373</x2><x3>2.4</x3></dataPoint>
        <dataPoint><x1>1330</x1><x2>0318</x2><x3>2.4</x3></dataPoint>
        <dataPoint><x1>1370</x1><x2>0172</x2><x3>2.0</x3></dataPoint>
        <dataPoint><x1>1393</x1><x2>0124</x2><x3>2.1</x3></dataPoint>
        <dataPoint><x1>1460</x1><x2>0089</x2><x3>1.9</x3></dataPoint>
        <dataPoint><x1>1518</x1><x2>0088</x2><x3>2.0</x3></dataPoint>
        <dataPoint><x1>1578</x1><x2>0033</x2><x3>1.9</x3></dataPoint>
    </dataGroup>
    <ignitionType target="CHEX;" type="baseline min intercept from d/dt"/>
</experiment>
