<experiment>
    <fileAuthor>Chemical Kinetics Laboratory, Institute of Chemistry, ELTE, Budapest, Hungary</fileAuthor>
    <fileDOI>10.24388/x10003040</fileDOI>
    <fileVersion>
        <major>2</major>
        <minor>0</minor>
    </fileVersion>
    <ReSpecThVersion>
        <major>2</major>
        <minor>3</minor>
    </ReSpecThVersion>
    <firstPublicationDate>2015-10-11</firstPublicationDate>
    <lastModificationDate>2020-11-13</lastModificationDate>
    <bibliographyLink>
        <description>M. Braun-Unkhoff, J. Dembowski, J. Herzler, J. Karle, C. Naumann, U. Riedel, J. Eng. Gas Turb Power 137 (2015), GTP-14-1640.</description>
        <referenceDOI>10.1115/1.4029625</referenceDOI>
        <location>Main Article + Personal Communication Channel</location>
        <table>Tabelle B.2. mixture #225, 1 bar series, no VTIM was necessary (Naumann(20150327))</table>
        <details>
            <author>Braun-Unkhoff, Marina and Dembowski, Jens and Herzler, J{\"{u}}rgen and Karle, J{\"{u}}rgen and Naumann, Clemens and Riedel, Uwe</author>
            <journal>J Eng Gas Turbines Power</journal>
            <number>9</number>
            <pages>91503</pages>
            <title>Alternative Fuels Basedon Biomass: An Experimentaland Modeling Study of EthanolCofiring to Natural Gas</title>
            <volume>137</volume>
            <year>2015</year>
        </details>
    </bibliographyLink>
    <experimentType>ignition delay measurement</experimentType>
    <apparatus>
        <kind>shock tube</kind>
    </apparatus>
    <commonProperties>
        <property name="initial composition"           sourcetype="reported"  >
            <component><speciesLink preferredKey="C2H5OH"  CAS="64-17-5"    InChI="1S/C2H6O/c1-2-3/h3H,2H2,1H3"  SMILES="CCO"   chemName="ethanol" /><amount units="mole fraction" >0.012527</amount></component>
            <component><speciesLink preferredKey="O2"      CAS="7782-44-7"  InChI="1S/O2/c1-2"                   SMILES="O=O"   chemName="oxygen"  /><amount units="mole fraction" >0.038985</amount></component>
            <component><speciesLink preferredKey="Ar"      CAS="7440-37-1"  InChI="1S/Ar"                        SMILES="[Ar]"  chemName="argon"   /><amount units="mole fraction" >0.948487</amount></component>
        </property>
        <property name="evaluated standard deviation"  sourcetype="estimated"  units="unitless"       reference="ignition delay"  kind="relative"  method="generic uncertainty" ><value>0.1</value></property>
    </commonProperties>
    <dataGroup id="dg1">
        <property name="temperature"     id="x1"   label="T"    sourcetype="reported"  units="K"   />
        <property name="pressure"        id="x2"   label="p"    sourcetype="reported"  units="bar" />
        <property name="ignition delay"  id="x3"   label="tau"  sourcetype="reported"  units="us"  />

        <dataPoint><x1>1094</x1><x2>0.93</x2><x3>9288.0</x3></dataPoint>
        <dataPoint><x1>1114</x1><x2>0.91</x2><x3>7570.0</x3></dataPoint>
        <dataPoint><x1>1156</x1><x2>0.97</x2><x3>6341.0</x3></dataPoint>
        <dataPoint><x1>1169</x1><x2>0.94</x2><x3>6002.0</x3></dataPoint>
        <dataPoint><x1>1245</x1><x2>0.98</x2><x3>1911.0</x3></dataPoint>
        <dataPoint><x1>1268</x1><x2>0.95</x2><x3>1398.0</x3></dataPoint>
        <dataPoint><x1>1335</x1><x2>0.97</x2> <x3>728.0</x3></dataPoint>
        <dataPoint><x1>1412</x1><x2>1.06</x2> <x3>257.0</x3></dataPoint>
        <dataPoint><x1>1431</x1><x2>1.01</x2> <x3>229.0</x3></dataPoint>
        <dataPoint><x1>1543</x1><x2>1.05</x2>  <x3>79.0</x3></dataPoint>
        <dataPoint><x1>1595</x1><x2>1.02</x2>  <x3>56.5</x3></dataPoint>
        <dataPoint><x1>1675</x1><x2>0.96</x2>  <x3>34.0</x3></dataPoint>
    </dataGroup>
    <ignitionType target="CHEX;" type="max"/>
</experiment>
