<experiment>
    <fileAuthor>Chemical Kinetics Laboratory, Institute of Chemistry, ELTE, Budapest, Hungary</fileAuthor>
    <fileDOI>10.24388/x10003023</fileDOI>
    <fileVersion>
        <major>2</major>
        <minor>0</minor>
    </fileVersion>
    <ReSpecThVersion>
        <major>2</major>
        <minor>3</minor>
    </ReSpecThVersion>
    <firstPublicationDate>2015-10-11</firstPublicationDate>
    <lastModificationDate>2020-11-13</lastModificationDate>
    <bibliographyLink>
        <description>K.A. Heufer, H. Olivier: Determination of ignition delay times of different hydrocarbons in a new high pressure shock tube. Shock Waves, 2010, 20, 307-316, from: Heufer, K.A., Olivier, H., Vranckx, S., Lee, C., Fernandes, R.X.: Experimental study of the high-pressure ignition of alcohol based biofuels. ECM 2011 Cardiff</description>
        <referenceDOI>10.1007/s00193-010-0262-2</referenceDOI>
        <location>Main Article</location>
        <figure>Fig. 12, green square, PRE-IGNITION DATA (T .lt. 900 K)</figure>
        <details>
            <author>Heufer, K A and Olivier, H</author>
            <journal>Shock Waves</journal>
            <number>4</number>
            <pages>307--316</pages>
            <title>Determination of ignition delay times of different hydrocarbons in a new high pressure shock tube</title>
            <volume>20</volume>
            <year>2010</year>
        </details>
    </bibliographyLink>
    <experimentType>ignition delay measurement</experimentType>
    <apparatus>
        <kind>shock tube</kind>
    </apparatus>
    <commonProperties>
        <property name="initial composition"           sourcetype="calculated" >
            <component><speciesLink preferredKey="C2H5OH"  CAS="64-17-5"    InChI="1S/C2H6O/c1-2-3/h3H,2H2,1H3"  SMILES="CCO"  chemName="ethanol"  /><amount units="mole fraction" >0.063963</amount></component>
            <component><speciesLink preferredKey="O2"      CAS="7782-44-7"  InChI="1S/O2/c1-2"                   SMILES="O=O"  chemName="oxygen"   /><amount units="mole fraction" >0.191888</amount></component>
            <component><speciesLink preferredKey="N2"      CAS="7727-37-9"  InChI="1S/N2/c1-2"                   SMILES="N#N"  chemName="nitrogen" /><amount units="mole fraction" >0.744149</amount></component>
        </property>
        <property name="evaluated standard deviation"  sourcetype="estimated"   units="unitless"       reference="ignition delay"  kind="relative"  method="statistical scatter" ><value>0.11</value></property>
    </commonProperties>
    <dataGroup id="dg1">
        <property name="temperature"     id="x1"   label="T"    sourcetype="digitized"  units="K"   />
        <property name="pressure"        id="x2"   label="p"    sourcetype="digitized"  units="atm" />
        <property name="ignition delay"  id="x3"   label="tau"  sourcetype="digitized"  units="ms"  />

        <dataPoint><x1>8.6300E+02</x1><x2>12.90</x2><x3>4.8545E+00</x3></dataPoint>
        <dataPoint><x1>9.0460E+02</x1><x2>13.07</x2><x3>4.4447E+00</x3></dataPoint>
        <dataPoint><x1>9.2540E+02</x1><x2>12.19</x2><x3>2.9189E+00</x3></dataPoint>
        <dataPoint><x1>9.6000E+02</x1><x2>13.28</x2><x3>2.2181E+00</x3></dataPoint>
        <dataPoint><x1>9.6990E+02</x1><x2>13.40</x2><x3>1.9189E+00</x3></dataPoint>
        <dataPoint><x1>9.7673E+02</x1><x2>13.81</x2><x3>1.9303E+00</x3></dataPoint>
        <dataPoint><x1>1.0350E+03</x1><x2>13.35</x2><x3>8.8378E-01</x3></dataPoint>
        <dataPoint><x1>1.0470E+03</x1><x2>12.57</x2><x3>8.2162E-01</x3></dataPoint>
        <dataPoint><x1>1.1070E+03</x1><x2>13.39</x2><x3>3.7778E-01</x3></dataPoint>
        <dataPoint><x1>1.1880E+03</x1><x2>13.42</x2><x3>1.0975E-01</x3></dataPoint>
        <dataPoint><x1>1.1880E+03</x1><x2>13.46</x2><x3>1.0740E-01</x3></dataPoint>
        <dataPoint><x1>1.1900E+03</x1><x2>13.36</x2><x3>1.1299E-01</x3></dataPoint>
        <dataPoint><x1>1.3300E+03</x1><x2>13.58</x2><x3>3.7610E-02</x3></dataPoint>
        <dataPoint><x1>1.4110E+03</x1><x2>12.74</x2><x3>2.1883E-02</x3></dataPoint>
    </dataGroup>
    <ignitionType target="p;" type="d/dt max"/>
</experiment>
