<experiment>
    <fileAuthor>Chemical Kinetics Laboratory, Institute of Chemistry, ELTE, Budapest, Hungary</fileAuthor>
    <fileDOI>10.24388/x10003026</fileDOI>
    <fileVersion>
        <major>2</major>
        <minor>0</minor>
    </fileVersion>
    <ReSpecThVersion>
        <major>2</major>
        <minor>3</minor>
    </ReSpecThVersion>
    <firstPublicationDate>2015-10-11</firstPublicationDate>
    <lastModificationDate>2020-11-13</lastModificationDate>
    <bibliographyLink>
        <description>J. Herzler, C. Naumann: Ignition Delay Time Measurements for the Validation of Reaction Mechanisms for Different Alcohols. Proc. Europ. Combust Meeting 2013. Paper P3-8.</description>
        <location>Main Article + Personal Communication Channel</location>
        <figure>Fig. 3, blue square</figure>
        <details>
            <author>Herzler, J and Naumann, C</author>
            <journal>Proceedings of the 6th European Combustion Meeting</journal>
            <pages>Paper P3--8</pages>
            <title>Ignition Delay Time Measurements for the Validation of Reaction Mechanisms for Different Alcohols</title>
            <year>2013</year>
        </details>
    </bibliographyLink>
    <experimentType>ignition delay measurement</experimentType>
    <apparatus>
        <kind>shock tube</kind>
    </apparatus>
    <commonProperties>
        <property name="initial composition"           sourcetype="calculated" >
            <component><speciesLink preferredKey="C2H5OH"  CAS="64-17-5"    InChI="1S/C2H6O/c1-2-3/h3H,2H2,1H3"  SMILES="CCO"   chemName="ethanol" /><amount units="mole fraction" >0.012527</amount></component>
            <component><speciesLink preferredKey="O2"      CAS="7782-44-7"  InChI="1S/O2/c1-2"                   SMILES="O=O"   chemName="oxygen"  /><amount units="mole fraction" >0.038985</amount></component>
            <component><speciesLink preferredKey="Ar"      CAS="7440-37-1"  InChI="1S/Ar"                        SMILES="[Ar]"  chemName="argon"   /><amount units="mole fraction" >0.948488</amount></component>
        </property>
        <property name="evaluated standard deviation"  sourcetype="estimated"   units="unitless"       reference="ignition delay"  kind="relative"  method="generic uncertainty" ><value>0.1</value></property>
    </commonProperties>
    <dataGroup id="dg1">
        <property name="temperature"     id="x1"   label="T"    sourcetype="reported"  units="K"   />
        <property name="pressure"        id="x2"   label="p"    sourcetype="reported"  units="bar" />
        <property name="ignition delay"  id="x3"   label="tau"  sourcetype="reported"  units="us"  />

        <dataPoint><x1>1094</x1><x2>0.93</x2><x3>9288</x3></dataPoint>
        <dataPoint><x1>1114</x1><x2>0.91</x2><x3>7570</x3></dataPoint>
        <dataPoint><x1>1156</x1><x2>0.97</x2><x3>6341</x3></dataPoint>
        <dataPoint><x1>1169</x1><x2>0.94</x2><x3>6002</x3></dataPoint>
        <dataPoint><x1>1245</x1><x2>0.98</x2><x3>1911</x3></dataPoint>
        <dataPoint><x1>1268</x1><x2>0.95</x2><x3>1398</x3></dataPoint>
        <dataPoint><x1>1335</x1><x2>0.97</x2><x3>0728</x3></dataPoint>
        <dataPoint><x1>1412</x1><x2>1.06</x2><x3>0257</x3></dataPoint>
        <dataPoint><x1>1431</x1><x2>1.01</x2><x3>0229</x3></dataPoint>
        <dataPoint><x1>1543</x1><x2>1.05</x2><x3>0079</x3></dataPoint>
        <dataPoint><x1>1595</x1><x2>1.02</x2><x3>0057</x3></dataPoint>
        <dataPoint><x1>1675</x1><x2>0.96</x2><x3>0034</x3></dataPoint>
    </dataGroup>
    <ignitionType target="CHEX;" type="max"/>
</experiment>
