<experiment>
    <fileAuthor>Chemical Kinetics Laboratory, Institute of Chemistry, ELTE, Budapest, Hungary</fileAuthor>
    <fileDOI>10.24388/x10003022</fileDOI>
    <fileVersion>
        <major>2</major>
        <minor>0</minor>
    </fileVersion>
    <ReSpecThVersion>
        <major>2</major>
        <minor>3</minor>
    </ReSpecThVersion>
    <firstPublicationDate>2015-10-11</firstPublicationDate>
    <lastModificationDate>2020-11-13</lastModificationDate>
    <bibliographyLink>
        <description>C. Lee, S. Vranckx, K.A. Heufer, S.V. Khomik, Y. Uygun, H. Olivier, R.X. Fernandes, On the Chemical Kinetics of Ethanol Oxidation: Shock Tube, Rapid Compression Machine and Detailed Modeling Study. Z. Phys. Chem. 2012, 226, 1-27.</description>
        <referenceDOI>10.1524/zpch.2012.0185</referenceDOI>
        <location>Main Article</location>
        <table>Table 1</table>
        <details>
            <author>Lee, Changyoul and Vranckx, Stijn and Heufer, Karl A and Khomik, Sergey V and Uygun, Yasar and Olivier, H and Fernandes, Ravi X</author>
            <journal>Z Phys Chem</journal>
            <number>1</number>
            <pages>1--27</pages>
            <title>On the Chemical Kinetics of Ethanol Oxidation: Shock Tube, Rapid Compression Machine and Detailed Modeling Study</title>
            <volume>226</volume>
            <year>2012</year>
        </details>
    </bibliographyLink>
    <experimentType>ignition delay measurement</experimentType>
    <apparatus>
        <kind>shock tube</kind>
    </apparatus>
    <commonProperties>
        <property name="initial composition"           sourcetype="calculated" >
            <component><speciesLink preferredKey="C2H5OH"  CAS="64-17-5"    InChI="1S/C2H6O/c1-2-3/h3H,2H2,1H3"  SMILES="CCO"  chemName="ethanol"  /><amount units="mole fraction" >0.063963</amount></component>
            <component><speciesLink preferredKey="O2"      CAS="7782-44-7"  InChI="1S/O2/c1-2"                   SMILES="O=O"  chemName="oxygen"   /><amount units="mole fraction" >0.191888</amount></component>
            <component><speciesLink preferredKey="N2"      CAS="7727-37-9"  InChI="1S/N2/c1-2"                   SMILES="N#N"  chemName="nitrogen" /><amount units="mole fraction" >0.744150</amount></component>
        </property>
        <property name="evaluated standard deviation"  sourcetype="estimated"   units="unitless"       reference="ignition delay"  kind="relative"  method="statistical scatter" ><value>0.13</value></property>
    </commonProperties>
    <dataGroup id="dg1">
        <property name="temperature"     id="x1"   label="T"    sourcetype="reported"  units="K"   />
        <property name="pressure"        id="x2"   label="P"    sourcetype="reported"  units="bar" />
        <property name="ignition delay"  id="x3"   label="tau"  sourcetype="reported"  units="ms"  />

        <dataPoint> <x1>778.1</x1><x2>73</x2><x3>4.52</x3></dataPoint>
        <dataPoint> <x1>782.1</x1><x2>75</x2><x3>3.19</x3></dataPoint>
        <dataPoint> <x1>793.0</x1><x2>68</x2><x3>3.17</x3></dataPoint>
        <dataPoint> <x1>799.0</x1><x2>71</x2><x3>3.36</x3></dataPoint>
        <dataPoint> <x1>806.3</x1><x2>68</x2><x3>3.49</x3></dataPoint>
        <dataPoint> <x1>828.0</x1><x2>78</x2><x3>3.21</x3></dataPoint>
        <dataPoint> <x1>830.0</x1><x2>73</x2><x3>2.95</x3></dataPoint>
        <dataPoint> <x1>834.0</x1><x2>74</x2><x3>2.16</x3></dataPoint>
        <dataPoint> <x1>852.0</x1><x2>81</x2><x3>2.13</x3></dataPoint>
        <dataPoint> <x1>917.0</x1><x2>85</x2><x3>1.31</x3></dataPoint>
        <dataPoint> <x1>942.0</x1><x2>93</x2><x3>0.79</x3></dataPoint>
        <dataPoint> <x1>969.4</x1><x2>82</x2><x3>0.45</x3></dataPoint>
        <dataPoint> <x1>984.8</x1><x2>76</x2><x3>0.36</x3></dataPoint>
        <dataPoint><x1>1005.0</x1><x2>77</x2><x3>0.27</x3></dataPoint>
    </dataGroup>
    <ignitionType target="CH*;" type="d/dt max"/>
</experiment>
