<experiment>
    <fileAuthor>Chemical Kinetics Laboratory, Institute of Chemistry, ELTE, Budapest, Hungary</fileAuthor>
    <fileDOI>10.24388/x10003008</fileDOI>
    <fileVersion>
        <major>2</major>
        <minor>0</minor>
    </fileVersion>
    <ReSpecThVersion>
        <major>2</major>
        <minor>3</minor>
    </ReSpecThVersion>
    <firstPublicationDate>2015-10-11</firstPublicationDate>
    <lastModificationDate>2020-11-13</lastModificationDate>
    <bibliographyLink>
        <description>L.R. Cancino, M. Fikri, A.A.M. Oliveira, C. Schulz, Energy Fuels 24 (2010), 2830-2840.</description>
        <referenceDOI>10.1021/ef100076w</referenceDOI>
        <location>Main Article</location>
        <table>Table 2, phi=1/50 bar series</table>
        <details>
            <author>Cancino, L R and Fikri, M and Oliveira, A A M and Schulz, C</author>
            <journal>Energy Fuels</journal>
            <number>5</number>
            <pages>2830--2840</pages>
            <title>Measurement and chemical kinetics modeling of shock-induced ignition of ethanol--air mixtures</title>
            <volume>24</volume>
            <year>2010</year>
        </details>
    </bibliographyLink>
    <experimentType>ignition delay measurement</experimentType>
    <apparatus>
        <kind>shock tube</kind>
    </apparatus>
    <commonProperties>
        <property name="initial composition"           sourcetype="calculated" >
            <component><speciesLink preferredKey="C2H5OH"  CAS="64-17-5"    InChI="1S/C2H6O/c1-2-3/h3H,2H2,1H3"  SMILES="CCO"  chemName="ethanol"  /><amount units="mole fraction" >0.063963</amount></component>
            <component><speciesLink preferredKey="O2"      CAS="7782-44-7"  InChI="1S/O2/c1-2"                   SMILES="O=O"  chemName="oxygen"   /><amount units="mole fraction" >0.191888</amount></component>
            <component><speciesLink preferredKey="N2"      CAS="7727-37-9"  InChI="1S/N2/c1-2"                   SMILES="N#N"  chemName="nitrogen" /><amount units="mole fraction" >0.744150</amount></component>
        </property>
        <property name="pressure rise"                 label="dp/dt"  sourcetype="reported"    units="ms-1"           kind="relative" ><value>0.02</value></property>
        <property name="evaluated standard deviation"  sourcetype="estimated"   units="unitless"       reference="ignition delay"  kind="relative"  method="statistical scatter" ><value>0.16</value></property>
    </commonProperties>
    <dataGroup id="dg1">
        <property name="temperature"     id="x1"   label="T"    sourcetype="reported"  units="K"   />
        <property name="pressure"        id="x2"   label="P"    sourcetype="reported"  units="bar" />
        <property name="ignition delay"  id="x3"   label="tau"  sourcetype="reported"  units="us"  />
        <property name="uncertainty"     id="x4"   label="d_T"  sourcetype="reported"  units="K"    reference="x1"  kind="absolute"  bound="plusminus" />

        <dataPoint><x1>1.234000e+003</x1><x2>5.300000e+001</x2><x3>1.600000e+001</x3><x4>1.000000e+000</x4></dataPoint>
        <dataPoint><x1>1.168000e+003</x1><x2>5.200000e+001</x2><x3>3.000000e+001</x3><x4>1.000000e+000</x4></dataPoint>
        <dataPoint><x1>1.085000e+003</x1><x2>4.800000e+001</x2><x3>1.340000e+002</x3><x4>1.000000e+000</x4></dataPoint>
        <dataPoint><x1>1.065000e+003</x1><x2>5.200000e+001</x2><x3>1.560000e+002</x3><x4>1.000000e+000</x4></dataPoint>
        <dataPoint><x1>9.990000e+002</x1><x2>5.000000e+001</x2><x3>5.110000e+002</x3><x4>3.000000e+000</x4></dataPoint>
        <dataPoint><x1>9.370000e+002</x1><x2>4.800000e+001</x2><x3>1.006000e+003</x3><x4>5.000000e+000</x4></dataPoint>
        <dataPoint><x1>8.810000e+002</x1><x2>4.800000e+001</x2><x3>2.095000e+003</x3><x4>1.100000e+001</x4></dataPoint>
        <dataPoint><x1>8.410000e+002</x1><x2>4.900000e+001</x2><x3>3.304000e+003</x3><x4>1.600000e+001</x4></dataPoint>
    </dataGroup>
    <ignitionType target="CH*;" type="baseline min intercept from d/dt"/>
</experiment>
