<experiment>
    <fileAuthor>Chemical Kinetics Laboratory, Institute of Chemistry, ELTE, Budapest, Hungary</fileAuthor>
    <fileDOI>10.24388/x10003041</fileDOI>
    <fileVersion>
        <major>2</major>
        <minor>0</minor>
    </fileVersion>
    <ReSpecThVersion>
        <major>2</major>
        <minor>3</minor>
    </ReSpecThVersion>
    <firstPublicationDate>2015-10-11</firstPublicationDate>
    <lastModificationDate>2020-11-13</lastModificationDate>
    <bibliographyLink>
        <description>I.N. Kosarev, S.V. Kindysheva, N.L. Aleksandrov, A.Yu. Starikovskiy, Combust. Flame (2015) 50-59.</description>
        <referenceDOI>10.1016/j.combustflame.2014.07.014</referenceDOI>
        <location>Main Article</location>
        <figure>Fig. 7a, full square</figure>
        <details>
            <author>Kosarev, I N and Kindysheva, S V and Aleksandrov, N L and Starikovskiy, AYu</author>
            <journal>Combust Flame</journal>
            <number>1</number>
            <pages>50--59</pages>
            <title>Ignition of ethanol-containing mixtures excited by nanoseconddischarge above self-ignition threshold</title>
            <volume>162</volume>
            <year>2015</year>
        </details>
    </bibliographyLink>
    <experimentType>ignition delay measurement</experimentType>
    <apparatus>
        <kind>shock tube</kind>
    </apparatus>
    <commonProperties>
        <property name="initial composition"           sourcetype="reported"  >
            <component><speciesLink preferredKey="C2H5OH"  CAS="64-17-5"    InChI="1S/C2H6O/c1-2-3/h3H,2H2,1H3"  SMILES="CCO"   chemName="ethanol" /><amount units="mole fraction" >0.014</amount></component>
            <component><speciesLink preferredKey="O2"      CAS="7782-44-7"  InChI="1S/O2/c1-2"                   SMILES="O=O"   chemName="oxygen"  /><amount units="mole fraction" >0.086</amount></component>
            <component><speciesLink preferredKey="Ar"      CAS="7440-37-1"  InChI="1S/Ar"                        SMILES="[Ar]"  chemName="argon"   /><amount units="mole fraction" >0.900</amount></component>
        </property>
        <property name="evaluated standard deviation"  sourcetype="estimated"  units="unitless"       reference="ignition delay"  kind="relative"  method="statistical scatter" ><value>0.16</value></property>
    </commonProperties>
    <dataGroup id="dg1">
        <property name="temperature"     id="x1"   label="T"    sourcetype="reported"  units="K"   />
        <property name="pressure"        id="x2"   label="p"    sourcetype="reported"  units="atm" />
        <property name="ignition delay"  id="x3"   label="tau"  sourcetype="reported"  units="us"  />

        <dataPoint><x1>1430</x1><x2>0.49</x2><x3>375</x3></dataPoint>
        <dataPoint><x1>1450</x1><x2>0.46</x2><x3>305</x3></dataPoint>
        <dataPoint><x1>1480</x1><x2>0.39</x2><x3>314</x3></dataPoint>
        <dataPoint><x1>1490</x1><x2>0.44</x2><x3>196</x3></dataPoint>
        <dataPoint><x1>1530</x1><x2>0.37</x2><x3>149</x3></dataPoint>
        <dataPoint><x1>1580</x1><x2>0.34</x2><x3>149</x3></dataPoint>
        <dataPoint><x1>1630</x1><x2>0.26</x2><x3>129</x3></dataPoint>
        <dataPoint><x1>1640</x1><x2>0.31</x2><x3>116</x3></dataPoint>
    </dataGroup>
    <ignitionType target="CH;" type="baseline min intercept from d/dt"/>
</experiment>
