<experiment>
    <fileAuthor>Chemical Kinetics Laboratory, Institute of Chemistry, ELTE, Budapest, Hungary</fileAuthor>
    <fileDOI>10.24388/x10003006</fileDOI>
    <fileVersion>
        <major>2</major>
        <minor>0</minor>
    </fileVersion>
    <ReSpecThVersion>
        <major>2</major>
        <minor>3</minor>
    </ReSpecThVersion>
    <firstPublicationDate>2015-10-11</firstPublicationDate>
    <lastModificationDate>2020-11-13</lastModificationDate>
    <bibliographyLink>
        <description>L.R. Cancino, M. Fikri, A.A.M. Oliveira, C. Schulz, Energy Fuels 24 (2010), 2830-2840.</description>
        <referenceDOI>10.1021/ef100076w</referenceDOI>
        <location>Main Article</location>
        <table>Table 2, phi=1/10 bar series</table>
        <details>
            <author>Cancino, L R and Fikri, M and Oliveira, A A M and Schulz, C</author>
            <journal>Energy Fuels</journal>
            <number>5</number>
            <pages>2830--2840</pages>
            <title>Measurement and chemical kinetics modeling of shock-induced ignition of ethanol--air mixtures</title>
            <volume>24</volume>
            <year>2010</year>
        </details>
    </bibliographyLink>
    <experimentType>ignition delay measurement</experimentType>
    <apparatus>
        <kind>shock tube</kind>
    </apparatus>
    <commonProperties>
        <property name="initial composition"           sourcetype="calculated" >
            <component><speciesLink preferredKey="C2H5OH"  CAS="64-17-5"    InChI="1S/C2H6O/c1-2-3/h3H,2H2,1H3"  SMILES="CCO"  chemName="ethanol"  /><amount units="mole fraction" >0.063963</amount></component>
            <component><speciesLink preferredKey="O2"      CAS="7782-44-7"  InChI="1S/O2/c1-2"                   SMILES="O=O"  chemName="oxygen"   /><amount units="mole fraction" >0.191888</amount></component>
            <component><speciesLink preferredKey="N2"      CAS="7727-37-9"  InChI="1S/N2/c1-2"                   SMILES="N#N"  chemName="nitrogen" /><amount units="mole fraction" >0.744150</amount></component>
        </property>
        <property name="pressure rise"                 label="dp/dt"  sourcetype="calculated"  units="ms-1"           kind="relative" ><value>0.02</value></property>
        <property name="evaluated standard deviation"  sourcetype="estimated"   units="unitless"       reference="ignition delay"  kind="relative"  method="generic uncertainty" ><value>0.1</value></property>
    </commonProperties>
    <dataGroup id="dg1">
        <property name="temperature"     id="x1"   label="T"    sourcetype="reported"  units="K"   />
        <property name="pressure"        id="x2"   label="P"    sourcetype="reported"  units="bar" />
        <property name="ignition delay"  id="x3"   label="tau"  sourcetype="reported"  units="us"  />
        <property name="uncertainty"     id="x4"   label="d_T"  sourcetype="reported"  units="K"    reference="x1"  kind="absolute"  bound="plusminus" />

        <dataPoint><x1>1223</x1><x2>10.5</x2>  <x3>70</x3><x4>1</x4></dataPoint>
        <dataPoint><x1>1190</x1><x2>10.0</x2> <x3>140</x3><x4>1</x4></dataPoint>
        <dataPoint><x1>1145</x1><x2>11.0</x2> <x3>252</x3><x4>2</x4></dataPoint>
        <dataPoint><x1>1096</x1> <x2>9.0</x2> <x3>409</x3><x4>3</x4></dataPoint>
        <dataPoint><x1>1049</x1><x2>10.1</x2> <x3>738</x3><x4>5</x4></dataPoint>
        <dataPoint> <x1>992</x1> <x2>9.8</x2><x3>1171</x3><x4>7</x4></dataPoint>
        <dataPoint> <x1>954</x1><x2>10.3</x2><x3>1698</x3><x4>9</x4></dataPoint>
    </dataGroup>
    <ignitionType target="CH*;" type="baseline min intercept from d/dt"/>
</experiment>
