<experiment>
    <fileAuthor>Chemical Kinetics Laboratory, Institute of Chemistry, ELTE, Budapest, Hungary</fileAuthor>
    <fileDOI>10.24388/x10003002</fileDOI>
    <fileVersion>
        <major>2</major>
        <minor>0</minor>
    </fileVersion>
    <ReSpecThVersion>
        <major>2</major>
        <minor>3</minor>
    </ReSpecThVersion>
    <firstPublicationDate>2015-10-11</firstPublicationDate>
    <lastModificationDate>2020-11-13</lastModificationDate>
    <bibliographyLink>
        <description>K.E. Noorani, B. Akih-Kumgeh, J.M. Bergthorson, Energy Fuels 24 (2010), 5834-5843.</description>
        <referenceDOI>10.1021/ef1009692</referenceDOI>
        <location>Supp. Inf.</location>
        <table>Table 10. Mixture 1 (phi=1, D=10)</table>
        <details>
            <author>Noorani, Khalid Emilio and Akih-Kumgeh, Benjamin and Bergthorson, Jeffrey M</author>
            <journal>Energy Fuels</journal>
            <number>11</number>
            <pages>5834--5843</pages>
            <title>Comparative High Temperature Shock Tube Ignition of C$_{1}$--C$_{4}$ Primary Alcohols</title>
            <volume>24</volume>
            <year>2010</year>
        </details>
    </bibliographyLink>
    <experimentType>ignition delay measurement</experimentType>
    <apparatus>
        <kind>shock tube</kind>
        <mode>reflected shock</mode>
    </apparatus>
    <commonProperties>
        <property name="initial composition"           sourcetype="reported"  >
            <component><speciesLink preferredKey="C2H5OH"  CAS="64-17-5"    InChI="1S/C2H6O/c1-2-3/h3H,2H2,1H3"  SMILES="CCO"   chemName="ethanol" /><amount units="mole fraction" >0.029</amount></component>
            <component><speciesLink preferredKey="O2"      CAS="7782-44-7"  InChI="1S/O2/c1-2"                   SMILES="O=O"   chemName="oxygen"  /><amount units="mole fraction" >0.088</amount></component>
            <component><speciesLink preferredKey="Ar"      CAS="7440-37-1"  InChI="1S/Ar"                        SMILES="[Ar]"  chemName="argon"   /><amount units="mole fraction" >0.883</amount></component>
        </property>
        <property name="evaluated standard deviation"  sourcetype="estimated"  units="unitless"       reference="ignition delay"  kind="relative"  method="statistical scatter" ><value>0.15</value></property>
    </commonProperties>
    <dataGroup id="dg1">
        <property name="temperature"     id="x1"   label="T"    sourcetype="reported"  units="K"   />
        <property name="ignition delay"  id="x2"   label="tau"  sourcetype="reported"  units="us"  />
        <property name="pressure"        id="x3"   label="P"    sourcetype="reported"  units="atm" />

        <dataPoint><x1>1.100000e+003</x1><x2>1730</x2><x3>2.7</x3></dataPoint>
        <dataPoint><x1>1.232000e+003</x1><x2>0490</x2><x3>2.7</x3></dataPoint>
        <dataPoint><x1>1.251000e+003</x1><x2>0430</x2><x3>2.4</x3></dataPoint>
        <dataPoint><x1>1.311000e+003</x1><x2>0215</x2><x3>2.4</x3></dataPoint>
        <dataPoint><x1>1.348000e+003</x1><x2>0186</x2><x3>2.4</x3></dataPoint>
        <dataPoint><x1>1.350000e+003</x1><x2>0142</x2><x3>2.2</x3></dataPoint>
        <dataPoint><x1>1.385000e+003</x1><x2>0163</x2><x3>2.4</x3></dataPoint>
        <dataPoint><x1>1.433000e+003</x1><x2>0091</x2><x3>2.1</x3></dataPoint>
        <dataPoint><x1>1.439000e+003</x1><x2>0077</x2><x3>2.1</x3></dataPoint>
        <dataPoint><x1>1.462000e+003</x1><x2>0060</x2><x3>2.2</x3></dataPoint>
        <dataPoint><x1>1.542000e+003</x1><x2>0029</x2><x3>1.9</x3></dataPoint>
    </dataGroup>
    <ignitionType target="CHEX;" type="baseline min intercept from d/dt"/>
</experiment>
