<experiment>
    <fileAuthor>Chemical Kinetics Laboratory, Institute of Chemistry, ELTE, Budapest, Hungary</fileAuthor>
    <fileDOI>10.24388/x10003028</fileDOI>
    <fileVersion>
        <major>2</major>
        <minor>0</minor>
    </fileVersion>
    <ReSpecThVersion>
        <major>2</major>
        <minor>3</minor>
    </ReSpecThVersion>
    <firstPublicationDate>2015-10-11</firstPublicationDate>
    <lastModificationDate>2020-11-13</lastModificationDate>
    <bibliographyLink>
        <description>J. Herzler, C. Naumann: Ignition Delay Time Measurements for the Validation of Reaction Mechanisms for Different Alcohols. Proc. Europ. Combust Meeting 2013. Paper P3-8. VTIM calculated at mean temperature (1220.5 K) was used</description>
        <location>Main Article + Personal Communication Channel</location>
        <figure>Fig. 3, black circle</figure>
        <details>
            <author>Herzler, J and Naumann, C</author>
            <journal>Proceedings of the 6th European Combustion Meeting</journal>
            <pages>Paper P3--8</pages>
            <title>Ignition Delay Time Measurements for the Validation of Reaction Mechanisms for Different Alcohols</title>
            <year>2013</year>
        </details>
    </bibliographyLink>
    <experimentType>ignition delay measurement</experimentType>
    <apparatus>
        <kind>shock tube</kind>
    </apparatus>
    <commonProperties>
        <property name="initial composition"           sourcetype="calculated" >
            <component><speciesLink preferredKey="C2H5OH"  CAS="64-17-5"    InChI="1S/C2H6O/c1-2-3/h3H,2H2,1H3"  SMILES="CCO"   chemName="ethanol" /><amount units="mole fraction" >0.012527</amount></component>
            <component><speciesLink preferredKey="O2"      CAS="7782-44-7"  InChI="1S/O2/c1-2"                   SMILES="O=O"   chemName="oxygen"  /><amount units="mole fraction" >0.038985</amount></component>
            <component><speciesLink preferredKey="Ar"      CAS="7440-37-1"  InChI="1S/Ar"                        SMILES="[Ar]"  chemName="argon"   /><amount units="mole fraction" >0.948488</amount></component>
        </property>
        <property name="evaluated standard deviation"  sourcetype="estimated"   units="unitless"       reference="ignition delay"  kind="relative"  method="generic uncertainty" ><value>0.1</value></property>
    </commonProperties>
    <dataGroup id="dg1">
        <property name="temperature"     id="x1"   label="T"    sourcetype="reported"  units="K"   />
        <property name="pressure"        id="x2"   label="p"    sourcetype="reported"  units="bar" />
        <property name="ignition delay"  id="x3"   label="tau"  sourcetype="reported"  units="us"  />

        <dataPoint><x1>0980</x1><x2>15.59</x2><x3>5672</x3></dataPoint>
        <dataPoint><x1>1014</x1><x2>16.63</x2><x3>4166</x3></dataPoint>
        <dataPoint><x1>1016</x1><x2>15.77</x2><x3>4155</x3></dataPoint>
        <dataPoint><x1>1019</x1><x2>15.84</x2><x3>4161</x3></dataPoint>
        <dataPoint><x1>1050</x1><x2>16.71</x2><x3>2580</x3></dataPoint>
        <dataPoint><x1>1083</x1><x2>16.27</x2><x3>2075</x3></dataPoint>
        <dataPoint><x1>1136</x1><x2>15.62</x2><x3>1205</x3></dataPoint>
        <dataPoint><x1>1211</x1><x2>16.46</x2><x3>0498</x3></dataPoint>
        <dataPoint><x1>1297</x1><x2>17.16</x2><x3>0216</x3></dataPoint>
        <dataPoint><x1>1384</x1><x2>16.16</x2><x3>0076</x3></dataPoint>
        <dataPoint><x1>1461</x1><x2>16.65</x2><x3>0027</x3></dataPoint>
    </dataGroup>
    <ignitionType target="CHEX;" type="max"/>
    <dataGroup id="dg2">
        <property name="time"    id="x3"   label="t"  units="s"   />
        <property name="volume"  id="x4"   label="V"  units="cm3" />

        <dataPoint><x3>0.000000</x3><x4>1.00000000</x4></dataPoint>
        <dataPoint><x3>0.000901</x3><x4>0.99999601</x4></dataPoint>
        <dataPoint><x3>0.001254</x3><x4>0.99752403</x4></dataPoint>
        <dataPoint><x3>0.001608</x3><x4>0.99445788</x4></dataPoint>
        <dataPoint><x3>0.001962</x3><x4>0.99080776</x4></dataPoint>
        <dataPoint><x3>0.002316</x3><x4>0.98659419</x4></dataPoint>
        <dataPoint><x3>0.002669</x3><x4>0.98183596</x4></dataPoint>
        <dataPoint><x3>0.003023</x3><x4>0.97655385</x4></dataPoint>
        <dataPoint><x3>0.003377</x3><x4>0.97076674</x4></dataPoint>
        <dataPoint><x3>0.003731</x3><x4>0.96450255</x4></dataPoint>
        <dataPoint><x3>0.004084</x3><x4>0.95778668</x4></dataPoint>
        <dataPoint><x3>0.004438</x3><x4>0.95064206</x4></dataPoint>
        <dataPoint><x3>0.004792</x3><x4>0.94310298</x4></dataPoint>
        <dataPoint><x3>0.005146</x3><x4>0.93519024</x4></dataPoint>
        <dataPoint><x3>0.005499</x3><x4>0.92693213</x4></dataPoint>
        <dataPoint><x3>0.005853</x3><x4>0.91836343</x4></dataPoint>
        <dataPoint><x3>0.006207</x3><x4>0.90950566</x4></dataPoint>
        <dataPoint><x3>0.006500</x3><x4>0.89928149</x4></dataPoint>
        <dataPoint><x3>0.006550</x3><x4>0.89798881</x4></dataPoint>
        <dataPoint><x3>0.006600</x3><x4>0.89669181</x4></dataPoint>
        <dataPoint><x3>0.006650</x3><x4>0.89539056</x4></dataPoint>
        <dataPoint><x3>0.006700</x3><x4>0.89408513</x4></dataPoint>
        <dataPoint><x3>0.006750</x3><x4>0.89277560</x4></dataPoint>
        <dataPoint><x3>0.006800</x3><x4>0.89145906</x4></dataPoint>
        <dataPoint><x3>0.006850</x3><x4>0.89014451</x4></dataPoint>
        <dataPoint><x3>0.006900</x3><x4>0.88882014</x4></dataPoint>
        <dataPoint><x3>0.006950</x3><x4>0.88749197</x4></dataPoint>
        <dataPoint><x3>0.007000</x3><x4>0.88616300</x4></dataPoint>
        <dataPoint><x3>0.007050</x3><x4>0.88482451</x4></dataPoint>
        <dataPoint><x3>0.007100</x3><x4>0.88348827</x4></dataPoint>
        <dataPoint><x3>0.007150</x3><x4>0.88214269</x4></dataPoint>
        <dataPoint><x3>0.007200</x3><x4>0.88079657</x4></dataPoint>
        <dataPoint><x3>0.007250</x3><x4>0.87944994</x4></dataPoint>
        <dataPoint><x3>0.007300</x3><x4>0.87809138</x4></dataPoint>
        <dataPoint><x3>0.007350</x3><x4>0.87673532</x4></dataPoint>
        <dataPoint><x3>0.007400</x3><x4>0.87537325</x4></dataPoint>
        <dataPoint><x3>0.007450</x3><x4>0.87401090</x4></dataPoint>
        <dataPoint><x3>0.007500</x3><x4>0.87264270</x4></dataPoint>
        <dataPoint><x3>0.007550</x3><x4>0.87127154</x4></dataPoint>
        <dataPoint><x3>0.007600</x3><x4>0.86989748</x4></dataPoint>
        <dataPoint><x3>0.007650</x3><x4>0.86852338</x4></dataPoint>
        <dataPoint><x3>0.007700</x3><x4>0.86714095</x4></dataPoint>
        <dataPoint><x3>0.007750</x3><x4>0.86575861</x4></dataPoint>
        <dataPoint><x3>0.007800</x3><x4>0.86437089</x4></dataPoint>
        <dataPoint><x3>0.007850</x3><x4>0.86298336</x4></dataPoint>
        <dataPoint><x3>0.007900</x3><x4>0.86159060</x4></dataPoint>
        <dataPoint><x3>0.007950</x3><x4>0.86019813</x4></dataPoint>
        <dataPoint><x3>0.008000</x3><x4>0.85880058</x4></dataPoint>
        <dataPoint><x3>0.008050</x3><x4>0.85739805</x4></dataPoint>
        <dataPoint><x3>0.008100</x3><x4>0.85599867</x4></dataPoint>
        <dataPoint><x3>0.008150</x3><x4>0.85459442</x4></dataPoint>
        <dataPoint><x3>0.008200</x3><x4>0.85318807</x4></dataPoint>
        <dataPoint><x3>0.008250</x3><x4>0.85177967</x4></dataPoint>
        <dataPoint><x3>0.008300</x3><x4>0.85036664</x4></dataPoint>
        <dataPoint><x3>0.008350</x3><x4>0.84895433</x4></dataPoint>
        <dataPoint><x3>0.008400</x3><x4>0.84753754</x4></dataPoint>
        <dataPoint><x3>0.008450</x3><x4>0.84611897</x4></dataPoint>
        <dataPoint><x3>0.008500</x3><x4>0.84469866</x4></dataPoint>
        <dataPoint><x3>0.008550</x3><x4>0.84327926</x4></dataPoint>
        <dataPoint><x3>0.008600</x3><x4>0.84185309</x4></dataPoint>
        <dataPoint><x3>0.008650</x3><x4>0.84042795</x4></dataPoint>
        <dataPoint><x3>0.008700</x3><x4>0.83900130</x4></dataPoint>
        <dataPoint><x3>0.008750</x3><x4>0.83757575</x4></dataPoint>
        <dataPoint><x3>0.008800</x3><x4>0.83614122</x4></dataPoint>
        <dataPoint><x3>0.008850</x3><x4>0.83471042</x4></dataPoint>
        <dataPoint><x3>0.008900</x3><x4>0.83327835</x4></dataPoint>
        <dataPoint><x3>0.008950</x3><x4>0.83184008</x4></dataPoint>
        <dataPoint><x3>0.009000</x3><x4>0.83040316</x4></dataPoint>
        <dataPoint><x3>0.009050</x3><x4>0.82896762</x4></dataPoint>
        <dataPoint><x3>0.009100</x3><x4>0.82752856</x4></dataPoint>
        <dataPoint><x3>0.009150</x3><x4>0.82608607</x4></dataPoint>
        <dataPoint><x3>0.009200</x3><x4>0.82464510</x4></dataPoint>
        <dataPoint><x3>0.009250</x3><x4>0.82320083</x4></dataPoint>
        <dataPoint><x3>0.009300</x3><x4>0.82176058</x4></dataPoint>
        <dataPoint><x3>0.009350</x3><x4>0.82031472</x4></dataPoint>
        <dataPoint><x3>0.009400</x3><x4>0.81886815</x4></dataPoint>
        <dataPoint><x3>0.009450</x3><x4>0.81742330</x4></dataPoint>
        <dataPoint><x3>0.009500</x3><x4>0.81597546</x4></dataPoint>
        <dataPoint><x3>0.009550</x3><x4>0.81452706</x4></dataPoint>
        <dataPoint><x3>0.009600</x3><x4>0.81307579</x4></dataPoint>
        <dataPoint><x3>0.009650</x3><x4>0.81162877</x4></dataPoint>
        <dataPoint><x3>0.009700</x3><x4>0.81017898</x4></dataPoint>
        <dataPoint><x3>0.009750</x3><x4>0.80872883</x4></dataPoint>
        <dataPoint><x3>0.009800</x3><x4>0.80727374</x4></dataPoint>
        <dataPoint><x3>0.009850</x3><x4>0.80582301</x4></dataPoint>
        <dataPoint><x3>0.009900</x3><x4>0.80436977</x4></dataPoint>
        <dataPoint><x3>0.009950</x3><x4>0.80291637</x4></dataPoint>
        <dataPoint><x3>0.010000</x3><x4>0.80146285</x4></dataPoint>
    </dataGroup>
</experiment>
