<experiment>
    <fileAuthor>Chemical Kinetics Laboratory, Institute of Chemistry, ELTE, Budapest, Hungary</fileAuthor>
    <fileDOI>10.24388/x10003029</fileDOI>
    <fileVersion>
        <major>2</major>
        <minor>0</minor>
    </fileVersion>
    <ReSpecThVersion>
        <major>2</major>
        <minor>3</minor>
    </ReSpecThVersion>
    <firstPublicationDate>2015-10-11</firstPublicationDate>
    <lastModificationDate>2020-11-13</lastModificationDate>
    <bibliographyLink>
        <description>K. Natarajan, K.A. Bhaskaran, Thirteenth International Symposium on Shock Waves, 1982, pp. 834-842. Data from: Saxena Williams 2007.</description>
        <referenceDOI>10.1016/j.proci.2006.08.097</referenceDOI>
        <location>Main Article + Personal Communication Channel</location>
        <figure>Fig. 2, open circle</figure>
        <details>
            <author>Saxena, Priyank and Williams, Forman A</author>
            <journal>Proc Combust Inst</journal>
            <pages>1149--1156</pages>
            <title>Numerical and experimental studies of ethanol flames</title>
            <volume>31</volume>
            <year>2007</year>
        </details>
    </bibliographyLink>
    <experimentType>ignition delay measurement</experimentType>
    <apparatus>
        <kind>shock tube</kind>
    </apparatus>
    <commonProperties>
        <property name="initial composition"          >
            <component><speciesLink preferredKey="C2H5OH"  CAS="64-17-5"    InChI="1S/C2H6O/c1-2-3/h3H,2H2,1H3"  SMILES="CCO"   sourcetype="calculated"  chemName="ethanol" /><amount units="mole fraction" >0.0143</amount></component>
            <component><speciesLink preferredKey="O2"      CAS="7782-44-7"  InChI="1S/O2/c1-2"                   SMILES="O=O"   sourcetype="calculated"  chemName="oxygen"  /><amount units="mole fraction" >0.0857</amount></component>
            <component><speciesLink preferredKey="Ar"      CAS="7440-37-1"  InChI="1S/Ar"                        SMILES="[Ar]"  sourcetype="reported"    chemName="argon"   /><amount units="mole fraction" >0.9000</amount></component>
        </property>
        <property name="evaluated standard deviation"  sourcetype="estimated"   units="unitless"       reference="ignition delay"  kind="relative"  method="generic uncertainty" ><value>0.1</value></property>
    </commonProperties>
    <dataGroup id="dg1">
        <property name="temperature"     id="x1"   label="T"    sourcetype="digitized"  units="K"   />
        <property name="pressure"        id="x2"   label="p"    sourcetype="reported"   units="bar" />
        <property name="ignition delay"  id="x3"   label="tau"  sourcetype="digitized"  units="us"  />

        <dataPoint><x1>1693.2</x1><x2>1</x2><x3>16.38</x3></dataPoint>
        <dataPoint><x1>1666.0</x1><x2>1</x2><x3>20.77</x3></dataPoint>
        <dataPoint><x1>1614.3</x1><x2>1</x2><x3>31.75</x3></dataPoint>
        <dataPoint><x1>1569.4</x1><x2>1</x2><x3>41.73</x3></dataPoint>
        <dataPoint><x1>1536.7</x1><x2>1</x2><x3>56.33</x3></dataPoint>
        <dataPoint><x1>1529.9</x1><x2>1</x2><x3>59.96</x3></dataPoint>
        <dataPoint><x1>1479.6</x1><x2>1</x2><x3>95.23</x3></dataPoint>
        <dataPoint><x1>1471.4</x1><x2>1</x2><x3>102.7</x3></dataPoint>
        <dataPoint><x1>1438.8</x1><x2>1</x2><x3>120.5</x3></dataPoint>
        <dataPoint><x1>1384.4</x1><x2>1</x2><x3>206.5</x3></dataPoint>
        <dataPoint><x1>1324.5</x1><x2>1</x2><x3>292.2</x3></dataPoint>
        <dataPoint><x1>1306.8</x1><x2>1</x2><x3>371.0</x3></dataPoint>
    </dataGroup>
    <ignitionType target="p;" type="d/dt max"/>
</experiment>
