<experiment>
    <fileAuthor>Chemical Kinetics Laboratory, Institute of Chemistry, ELTE, Budapest, Hungary</fileAuthor>
    <fileDOI>10.24388/x10003010_x</fileDOI>
    <fileVersion>
        <major>2</major>
        <minor>0</minor>
    </fileVersion>
    <ReSpecThVersion>
        <major>2</major>
        <minor>3</minor>
    </ReSpecThVersion>
    <firstPublicationDate>2015-10-11</firstPublicationDate>
    <lastModificationDate>2020-11-13</lastModificationDate>
    <bibliographyLink>
        <description>D.F. Cooke, M.G. Dodson, A. Williams, Combust. Flame (16) 1971, 233-236.</description>
        <referenceDOI>10.1016/S0010-2180(71)80093-7</referenceDOI>
        <location>Main Article</location>
        <figure>Fig. 2, dotted circle, CO2* emission</figure>
        <details>
            <author>Cooke, D F and Dodson, M G and Williams, Alan</author>
            <journal>Combust Flame</journal>
            <number>3</number>
            <pages>233--236</pages>
            <title>A shock-tube study of the ignition of methanol and ethanol with oxygen</title>
            <volume>16</volume>
            <year>1971</year>
        </details>
    </bibliographyLink>
    <experimentType>ignition delay measurement</experimentType>
    <apparatus>
        <kind>shock tube</kind>
    </apparatus>
    <commonProperties>
        <property name="pressure"                      label="P"  sourcetype="calculated"  units="atm"           ><value>0.33</value></property>
        <property name="initial composition"          >
            <component><speciesLink preferredKey="C2H5OH"  CAS="64-17-5"    InChI="1S/C2H6O/c1-2-3/h3H,2H2,1H3"  SMILES="CCO"   sourcetype="calculated"  chemName="ethanol" /><amount units="mole fraction" >0.0375</amount></component>
            <component><speciesLink preferredKey="O2"      CAS="7782-44-7"  InChI="1S/O2/c1-2"                   SMILES="O=O"   sourcetype="calculated"  chemName="oxygen"  /><amount units="mole fraction" >0.0125</amount></component>
            <component><speciesLink preferredKey="Ar"      CAS="7440-37-1"  InChI="1S/Ar"                        SMILES="[Ar]"  sourcetype="reported"    chemName="argon"   /><amount units="mole fraction" >0.9500</amount></component>
        </property>
        <property name="evaluated standard deviation"  sourcetype="estimated"   units="unitless"       reference="ignition delay"  kind="relative"  method="generic uncertainty" ><value>0.1</value></property>
    </commonProperties>
    <dataGroup id="dg1">
        <property name="temperature"     id="x1"   label="T"    sourcetype="digitized"  units="K"  />
        <property name="ignition delay"  id="x2"   label="tau"  sourcetype="digitized"  units="us" />

        <dataPoint><x1>1.363000e+003</x1><x2>1.696000e+003</x2></dataPoint>
        <dataPoint><x1>1.467000e+003</x1><x2>6.640000e+002</x2></dataPoint>
        <dataPoint><x1>1.472000e+003</x1><x2>6.690000e+002</x2></dataPoint>
        <dataPoint><x1>1.477000e+003</x1><x2>5.900000e+002</x2></dataPoint>
        <dataPoint><x1>1.482000e+003</x1><x2>6.010000e+002</x2></dataPoint>
        <dataPoint><x1>1.512000e+003</x1><x2>4.910000e+002</x2></dataPoint>
        <dataPoint><x1>1.534000e+003</x1><x2>4.300000e+002</x2></dataPoint>
        <dataPoint><x1>1.543000e+003</x1><x2>4.300000e+002</x2></dataPoint>
        <dataPoint><x1>1.557000e+003</x1><x2>3.820000e+002</x2></dataPoint>
        <dataPoint><x1>1.573000e+003</x1><x2>3.010000e+002</x2></dataPoint>
        <dataPoint><x1>1.589000e+003</x1><x2>2.910000e+002</x2></dataPoint>
        <dataPoint><x1>1.604000e+003</x1><x2>2.770000e+002</x2></dataPoint>
        <dataPoint><x1>1.612000e+003</x1><x2>2.650000e+002</x2></dataPoint>
        <dataPoint><x1>1.629000e+003</x1><x2>2.270000e+002</x2></dataPoint>
        <dataPoint><x1>1.664000e+003</x1><x2>1.970000e+002</x2></dataPoint>
    </dataGroup>
    <ignitionType target="CO2*;" type="relative concentration" amount="5.000000E-002" units="unitless"/>
</experiment>
