<experiment>
    <fileAuthor>Chemical Kinetics Laboratory, Institute of Chemistry, ELTE, Budapest, Hungary</fileAuthor>
    <fileDOI>10.24388/x10003033</fileDOI>
    <fileVersion>
        <major>2</major>
        <minor>0</minor>
    </fileVersion>
    <ReSpecThVersion>
        <major>2</major>
        <minor>3</minor>
    </ReSpecThVersion>
    <firstPublicationDate>2015-10-11</firstPublicationDate>
    <lastModificationDate>2020-11-13</lastModificationDate>
    <bibliographyLink>
        <description>K. Natarajan, K.A. Bhaskaran, Thirteenth International Symposium on Shock Waves, 1982, pp. 834-842. Data from: Saxena Williams 2007.</description>
        <referenceDOI>10.1016/j.proci.2006.08.097</referenceDOI>
        <location>Main Article + Personal Communication Channel</location>
        <figure>correspondence with Priyank Saxena</figure>
        <details>
            <author>Saxena, Priyank and Williams, Forman A</author>
            <journal>Proc Combust Inst</journal>
            <pages>1149--1156</pages>
            <title>Numerical and experimental studies of ethanol flames</title>
            <volume>31</volume>
            <year>2007</year>
        </details>
    </bibliographyLink>
    <experimentType>ignition delay measurement</experimentType>
    <apparatus>
        <kind>shock tube</kind>
    </apparatus>
    <commonProperties>
        <property name="initial composition"          >
            <component><speciesLink preferredKey="C2H5OH"  CAS="64-17-5"    InChI="1S/C2H6O/c1-2-3/h3H,2H2,1H3"  SMILES="CCO"   sourcetype="calculated"  chemName="ethanol" /><amount units="mole fraction" >0.0250</amount></component>
            <component><speciesLink preferredKey="O2"      CAS="7782-44-7"  InChI="1S/O2/c1-2"                   SMILES="O=O"   sourcetype="calculated"  chemName="oxygen"  /><amount units="mole fraction" >0.0750</amount></component>
            <component><speciesLink preferredKey="Ar"      CAS="7440-37-1"  InChI="1S/Ar"                        SMILES="[Ar]"  sourcetype="reported"    chemName="argon"   /><amount units="mole fraction" >0.9000</amount></component>
        </property>
        <property name="evaluated standard deviation"  sourcetype="estimated"   units="unitless"       reference="ignition delay"  kind="relative"  method="generic uncertainty" ><value>0.1</value></property>
    </commonProperties>
    <dataGroup id="dg1">
        <property name="temperature"     id="x1"   label="T"    sourcetype="digitized"  units="K"   />
        <property name="pressure"        id="x2"   label="p"    sourcetype="reported"   units="bar" />
        <property name="ignition delay"  id="x3"   label="tau"  sourcetype="digitized"  units="us"  />

        <dataPoint><x1>1620.0</x1><x2>2</x2><x3>19.68</x3></dataPoint>
        <dataPoint><x1>1586.0</x1><x2>2</x2><x3>26.97</x3></dataPoint>
        <dataPoint><x1>1524.7</x1><x2>2</x2><x3>41.91</x3></dataPoint>
        <dataPoint><x1>1480.4</x1><x2>2</x2><x3>60.21</x3></dataPoint>
        <dataPoint><x1>1412.3</x1><x2>2</x2><x3>92.11</x3></dataPoint>
        <dataPoint><x1>1359.6</x1><x2>2</x2><x3>143.2</x3></dataPoint>
        <dataPoint><x1>1310.2</x1><x2>2</x2><x3>229.6</x3></dataPoint>
    </dataGroup>
    <ignitionType target="p;" type="d/dt max"/>
</experiment>
