<experiment>
    <fileAuthor>Chemical Kinetics Laboratory, Institute of Chemistry, ELTE, Budapest, Hungary</fileAuthor>
    <fileDOI>10.24388/x21003048</fileDOI>
    <fileVersion>
        <major>2</major>
        <minor>0</minor>
    </fileVersion>
    <ReSpecThVersion>
        <major>2</major>
        <minor>3</minor>
    </ReSpecThVersion>
    <firstPublicationDate>2015-10-11</firstPublicationDate>
    <lastModificationDate>2020-11-13</lastModificationDate>
    <bibliographyLink>
        <description>N. Hinton, R. Stone, Comparison of hydrous ethanol laminar burning velocity measurements with constant volume bomb methods, 23rd Journees d'Etude of the Belgian Section of the Combustion Institute, 28th May 2014.</description>
        <location>Main Report + Personal Communication Channel</location>
        <figure>4 bar/ 380 K/ 0% H2O series</figure>
        <details>
            <author>Hinton, Nathan Ian David</author>
            <school>University of Oxford</school>
            <title>Measuring laminar burning velocities using constant volume combustion vessel technique</title>
            <type>PhD Thesis</type>
            <year>2014</year>
        </details>
    </bibliographyLink>
    <experimentType>laminar burning velocity measurement</experimentType>
    <apparatus>
        <kind>flame</kind>
        <mode>premixed</mode>
        <mode>laminar</mode>
        <mode>OPF</mode>
    </apparatus>
    <commonProperties>
        <property name="temperature"                   label="T"  sourcetype="reported"   units="K"    ><value>380</value></property>
        <property name="pressure"                      label="P"  sourcetype="reported"   units="bar"  ><value>4</value></property>
        <property name="evaluated standard deviation"  sourcetype="estimated"  units="cm/s"  reference="laminar burning velocity"  kind="absolute"  method="statistical scatter" ><value>6.08</value></property>
    </commonProperties>
    <dataGroup id="dg1">
        <property name="composition"               id="x1"   label="[C2H5OH]"  sourcetype="calculated"  units="mole fraction" >
            <speciesLink preferredKey="C2H5OH"  CAS="64-17-5"    InChI="1S/C2H6O/c1-2-3/h3H,2H2,1H3"  SMILES="CCO"  chemName="ethanol"  />
        </property>
        <property name="composition"               id="x2"   label="[O2]"      sourcetype="calculated"  units="mole fraction" >
            <speciesLink preferredKey="O2"      CAS="7782-44-7"  InChI="1S/O2/c1-2"                   SMILES="O=O"  chemName="oxygen"   />
        </property>
        <property name="composition"               id="x3"   label="[N2]"      sourcetype="calculated"  units="mole fraction" >
            <speciesLink preferredKey="N2"      CAS="7727-37-9"  InChI="1S/N2/c1-2"                   SMILES="N#N"  chemName="nitrogen" />
        </property>
        <property name="laminar burning velocity"  id="x4"   label="Sl"        sourcetype="reported"    units="cm/s"          />

        <dataPoint><x1>0.04713</x1><x2>0.19915</x2><x3>0.75372</x3><x4>21.197</x4></dataPoint>
        <dataPoint><x1>0.05217</x1><x2>0.19810</x2><x3>0.74974</x3><x4>28.887</x4></dataPoint>
        <dataPoint><x1>0.05900</x1><x2>0.19667</x2><x3>0.74433</x3><x4>38.510</x4></dataPoint>
        <dataPoint><x1>0.06208</x1><x2>0.19603</x2><x3>0.74190</x3><x4>37.731</x4></dataPoint>
        <dataPoint><x1>0.06513</x1><x2>0.19539</x2><x3>0.73948</x3><x4>40.563</x4></dataPoint>
        <dataPoint><x1>0.07058</x1><x2>0.19425</x2><x3>0.73517</x3><x4>41.755</x4></dataPoint>
        <dataPoint><x1>0.07358</x1><x2>0.19362</x2><x3>0.73280</x3><x4>41.559</x4></dataPoint>
        <dataPoint><x1>0.07656</x1><x2>0.19300</x2><x3>0.73044</x3><x4>40.910</x4></dataPoint>
        <dataPoint><x1>0.07774</x1><x2>0.19275</x2><x3>0.72951</x3><x4>40.085</x4></dataPoint>
        <dataPoint><x1>0.07893</x1><x2>0.19250</x2><x3>0.72857</x3><x4>38.674</x4></dataPoint>
        <dataPoint><x1>0.08246</x1><x2>0.19177</x2><x3>0.72577</x3><x4>34.179</x4></dataPoint>
        <dataPoint><x1>0.08829</x1><x2>0.19055</x2><x3>0.72116</x3><x4>26.721</x4></dataPoint>
    </dataGroup>
</experiment>
