<experiment>
    <fileAuthor>Chemical Kinetics Laboratory, Institute of Chemistry, ELTE, Budapest, Hungary</fileAuthor>
    <fileDOI>10.24388/x21003057</fileDOI>
    <fileVersion>
        <major>2</major>
        <minor>0</minor>
    </fileVersion>
    <ReSpecThVersion>
        <major>2</major>
        <minor>3</minor>
    </ReSpecThVersion>
    <firstPublicationDate>2015-10-11</firstPublicationDate>
    <lastModificationDate>2020-11-13</lastModificationDate>
    <bibliographyLink>
        <description>N. Hinton, R. Stone, Comparison of hydrous ethanol laminar burning velocity measurements with constant volume bomb methods, 23rd Journees d'Etude of the Belgian Section of the Combustion Institute, 28th May 2014.</description>
        <location>Main Report + Personal Communication Channel</location>
        <figure>2 bar/ 380 K/ 40% H2O series</figure>
        <details>
            <author>Hinton, Nathan Ian David</author>
            <school>University of Oxford</school>
            <title>Measuring laminar burning velocities using constant volume combustion vessel technique</title>
            <type>PhD Thesis</type>
            <year>2014</year>
        </details>
    </bibliographyLink>
    <experimentType>laminar burning velocity measurement</experimentType>
    <apparatus>
        <kind>flame</kind>
        <mode>premixed</mode>
        <mode>laminar</mode>
        <mode>OPF</mode>
    </apparatus>
    <commonProperties>
        <property name="temperature"                   label="T"  sourcetype="reported"   units="K"    ><value>380</value></property>
        <property name="pressure"                      label="P"  sourcetype="reported"   units="bar"  ><value>2</value></property>
        <property name="evaluated standard deviation"  sourcetype="estimated"  units="cm/s"  reference="laminar burning velocity"  kind="absolute"  method="statistical scatter" ><value>6.49</value></property>
    </commonProperties>
    <dataGroup id="dg1">
        <property name="composition"               id="x1"   label="[C2H5OH]"  sourcetype="calculated"  units="mole fraction" >
            <speciesLink preferredKey="C2H5OH"  CAS="64-17-5"    InChI="1S/C2H6O/c1-2-3/h3H,2H2,1H3"  SMILES="CCO"  chemName="ethanol"  />
        </property>
        <property name="composition"               id="x2"   label="[O2]"      sourcetype="calculated"  units="mole fraction" >
            <speciesLink preferredKey="O2"      CAS="7782-44-7"  InChI="1S/O2/c1-2"                   SMILES="O=O"  chemName="oxygen"   />
        </property>
        <property name="composition"               id="x3"   label="[N2]"      sourcetype="calculated"  units="mole fraction" >
            <speciesLink preferredKey="N2"      CAS="7727-37-9"  InChI="1S/N2/c1-2"                   SMILES="N#N"  chemName="nitrogen" />
        </property>
        <property name="composition"               id="x4"   label="[H2O]"     sourcetype="calculated"  units="mole fraction" >
            <speciesLink preferredKey="H2O"     CAS="7732-18-5"  InChI="1S/H2O/h1H2"                  SMILES="O"    chemName="water"    />
        </property>
        <property name="laminar burning velocity"  id="x5"   label="Sl"        sourcetype="reported"    units="cm/s"          />

        <dataPoint><x1>0.04286</x1><x2>0.18111</x2><x3>0.68543</x3><x4>0.09061</x4><x5>12.156</x5></dataPoint>
        <dataPoint><x1>0.04800</x1><x2>0.17776</x2><x3>0.67278</x3><x4>0.10146</x4><x5>21.098</x5></dataPoint>
        <dataPoint><x1>0.05439</x1><x2>0.17360</x2><x3>0.65702</x3><x4>0.11499</x4><x5>27.648</x5></dataPoint>
        <dataPoint><x1>0.06050</x1><x2>0.16963</x2><x3>0.64198</x3><x4>0.12789</x4><x5>30.065</x5></dataPoint>
        <dataPoint><x1>0.06501</x1><x2>0.16669</x2><x3>0.63087</x3><x4>0.13743</x4><x5>30.272</x5></dataPoint>
        <dataPoint><x1>0.07064</x1><x2>0.16302</x2><x3>0.61700</x3><x4>0.14934</x4><x5>26.253</x5></dataPoint>
        <dataPoint><x1>0.07644</x1><x2>0.15925</x2><x3>0.60272</x3><x4>0.16159</x4><x5>14.407</x5></dataPoint>
        <dataPoint><x1>0.08159</x1><x2>0.15590</x2><x3>0.59004</x3><x4>0.17247</x4><x5>10.892</x5></dataPoint>
    </dataGroup>
</experiment>
