<experiment>
    <fileAuthor>Chemical Kinetics Laboratory, Institute of Chemistry, ELTE, Budapest, Hungary</fileAuthor>
    <fileDOI>10.24388/x21003003</fileDOI>
    <fileVersion>
        <major>2</major>
        <minor>0</minor>
    </fileVersion>
    <ReSpecThVersion>
        <major>2</major>
        <minor>3</minor>
    </ReSpecThVersion>
    <firstPublicationDate>2015-10-11</firstPublicationDate>
    <lastModificationDate>2020-11-13</lastModificationDate>
    <bibliographyLink>
        <description>D. Bradley. M. Lawes, M.S. Mansour, Combust. Flame 156 (2009), 1462-1470.</description>
        <referenceDOI>10.1016/j.combustflame.2009.02.007</referenceDOI>
        <location>Main Article</location>
        <figure>Fig. 7, asterisk</figure>
        <details>
            <author>Bradley, D and Lawes, M and Mansour, M S</author>
            <journal>Combust Flame</journal>
            <number>7</number>
            <pages>1462--1470</pages>
            <title>Explosion bomb measurements of ethanol--air laminar gaseous flamecharacteristics at pressures up to 1.4 MPa</title>
            <volume>156</volume>
            <year>2009</year>
        </details>
    </bibliographyLink>
    <experimentType>laminar burning velocity measurement</experimentType>
    <apparatus>
        <kind>flame</kind>
        <mode>premixed</mode>
        <mode>laminar</mode>
        <mode>OPF</mode>
    </apparatus>
    <commonProperties>
        <property name="temperature"                   label="T"  sourcetype="reported"    units="K"    ><value>358</value></property>
        <property name="pressure"                      label="P"  sourcetype="calculated"  units="bar"  ><value>7</value></property>
        <property name="evaluated standard deviation"  sourcetype="estimated"   units="cm/s"  reference="laminar burning velocity"  kind="absolute"  method="statistical scatter" ><value>5.41</value></property>
    </commonProperties>
    <dataGroup id="dg1">
        <property name="composition"               id="x1"   label="[C2H5OH]"  sourcetype="calculated"  units="mole fraction" >
            <speciesLink preferredKey="C2H5OH"  CAS="64-17-5"    InChI="1S/C2H6O/c1-2-3/h3H,2H2,1H3"  SMILES="CCO"  chemName="ethanol"  />
        </property>
        <property name="composition"               id="x2"   label="[O2]"      sourcetype="calculated"  units="mole fraction" >
            <speciesLink preferredKey="O2"      CAS="7782-44-7"  InChI="1S/O2/c1-2"                   SMILES="O=O"  chemName="oxygen"   />
        </property>
        <property name="composition"               id="x3"   label="[N2]"      sourcetype="calculated"  units="mole fraction" >
            <speciesLink preferredKey="N2"      CAS="7727-37-9"  InChI="1S/N2/c1-2"                   SMILES="N#N"  chemName="nitrogen" />
        </property>
        <property name="laminar burning velocity"  id="x4"   label="Sl"        sourcetype="digitized"   units="cm/s"          />
        <property name="uncertainty"               id="x5"   sourcetype="digitized"   units="cm/s"           reference="laminar burning velocity"  kind="absolute"  bound="plusminus" />

        <dataPoint><x1>4.649900e-002</x1><x2>1.992820e-001</x2><x3>7.542190e-001</x3><x4>1.239000e+001</x4><x5>8.000000e-002</x5></dataPoint>
        <dataPoint><x1>5.279100e-002</x1><x2>1.979670e-001</x2><x3>7.492420e-001</x3><x4>1.902000e+001</x4><x5>4.000000e-002</x5></dataPoint>
        <dataPoint><x1>5.900100e-002</x1><x2>1.966690e-001</x2><x3>7.443300e-001</x3><x4>2.394000e+001</x4><x5>4.900000e-001</x5></dataPoint>
        <dataPoint><x1>6.512900e-002</x1><x2>1.953880e-001</x2><x3>7.394830e-001</x3><x4>2.788000e+001</x4><x5>2.700000e-001</x5></dataPoint>
        <dataPoint><x1>7.117900e-002</x1><x2>1.941240e-001</x2><x3>7.346980e-001</x3><x4>3.110000e+001</x4><x5>3.800000e-001</x5></dataPoint>
        <dataPoint><x1>7.715000e-002</x1><x2>1.928760e-001</x2><x3>7.299740e-001</x3><x4>3.129000e+001</x4><x5>6.800000e-001</x5></dataPoint>
        <dataPoint><x1>8.304600e-002</x1><x2>1.916430e-001</x2><x3>7.253110e-001</x3><x4>2.902000e+001</x4><x5>5.300000e-001</x5></dataPoint>
        <dataPoint><x1>8.886600e-002</x1><x2>1.904270e-001</x2><x3>7.207070e-001</x3><x4>2.462000e+001</x4><x5>6.400000e-001</x5></dataPoint>
    </dataGroup>
</experiment>
