<experiment>
    <fileAuthor>Chemical Kinetics Laboratory, Institute of Chemistry, ELTE, Budapest, Hungary</fileAuthor>
    <fileDOI>10.24388/x21003026</fileDOI>
    <fileVersion>
        <major>2</major>
        <minor>0</minor>
    </fileVersion>
    <ReSpecThVersion>
        <major>2</major>
        <minor>3</minor>
    </ReSpecThVersion>
    <firstPublicationDate>2015-10-11</firstPublicationDate>
    <lastModificationDate>2020-11-13</lastModificationDate>
    <bibliographyLink>
        <description>E. Varea et al., Proc. Combust. Inst. 34 (2013), 735-744.</description>
        <referenceDOI>10.1016/j.proci.2012.06.072</referenceDOI>
        <location>Main Article</location>
        <figure>Fig. 2, cross</figure>
        <details>
            <author>Varea, Emilien and Modica, Vincent and Renou, Bruno and Boukhalfa, Abdelkrim M</author>
            <journal>Proc Combust Inst</journal>
            <pages>735--744</pages>
            <title>Pressure effects on laminar burning velocities and Markstein lengths for Isooctane--Ethanol--Air mixtures</title>
            <volume>34</volume>
            <year>2013</year>
        </details>
    </bibliographyLink>
    <experimentType>laminar burning velocity measurement</experimentType>
    <apparatus>
        <kind>flame</kind>
        <mode>premixed</mode>
        <mode>laminar</mode>
        <mode>OPF</mode>
    </apparatus>
    <commonProperties>
        <property name="temperature"                   label="T"  sourcetype="reported"    units="K"    ><value>373</value></property>
        <property name="pressure"                      label="P"  sourcetype="calculated"  units="bar"  ><value>1</value></property>
        <property name="evaluated standard deviation"  sourcetype="estimated"   units="cm/s"  reference="laminar burning velocity"  kind="absolute"  method="statistical scatter" ><value>1.53</value></property>
    </commonProperties>
    <dataGroup id="dg1">
        <property name="composition"               id="x1"   label="[C2H5OH]"  sourcetype="calculated"  units="mole fraction" >
            <speciesLink preferredKey="C2H5OH"  CAS="64-17-5"    InChI="1S/C2H6O/c1-2-3/h3H,2H2,1H3"  SMILES="CCO"  chemName="ethanol"  />
        </property>
        <property name="composition"               id="x2"   label="[O2]"      sourcetype="calculated"  units="mole fraction" >
            <speciesLink preferredKey="O2"      CAS="7782-44-7"  InChI="1S/O2/c1-2"                   SMILES="O=O"  chemName="oxygen"   />
        </property>
        <property name="composition"               id="x3"   label="[N2]"      sourcetype="calculated"  units="mole fraction" >
            <speciesLink preferredKey="N2"      CAS="7727-37-9"  InChI="1S/N2/c1-2"                   SMILES="N#N"  chemName="nitrogen" />
        </property>
        <property name="laminar burning velocity"  id="x4"   label="Sl"        sourcetype="digitized"   units="cm/s"          />
        <property name="uncertainty"               id="x5"   sourcetype="digitized"   units="cm/s"           reference="laminar burning velocity"  kind="absolute"  bound="plusminus" />

        <dataPoint><x1>4.649900e-002</x1><x2>1.992820e-001</x2><x3>7.542190e-001</x3><x4>3.284000e+001</x4><x5>1.980000e+000</x5></dataPoint>
        <dataPoint><x1>5.279100e-002</x1><x2>1.979670e-001</x2><x3>7.492420e-001</x3><x4>4.628000e+001</x4><x5>1.470000e+000</x5></dataPoint>
        <dataPoint><x1>5.900100e-002</x1><x2>1.966690e-001</x2><x3>7.443300e-001</x3><x4>5.436000e+001</x4><x5>9.500000e-001</x5></dataPoint>
        <dataPoint><x1>6.512900e-002</x1><x2>1.953880e-001</x2><x3>7.394830e-001</x3><x4>6.038000e+001</x4><x5>6.600000e-001</x5></dataPoint>
        <dataPoint><x1>7.117900e-002</x1><x2>1.941240e-001</x2><x3>7.346980e-001</x3><x4>6.111000e+001</x4><x5>1.030000e+000</x5></dataPoint>
        <dataPoint><x1>7.715000e-002</x1><x2>1.928760e-001</x2><x3>7.299740e-001</x3><x4>6.045000e+001</x4><x5>5.900000e-001</x5></dataPoint>
        <dataPoint><x1>8.304600e-002</x1><x2>1.916430e-001</x2><x3>7.253110e-001</x3><x4>5.656000e+001</x4><x5>9.500000e-001</x5></dataPoint>
        <dataPoint><x1>8.886600e-002</x1><x2>1.904270e-001</x2><x3>7.207070e-001</x3><x4>4.834000e+001</x4><x5>1.470000e+000</x5></dataPoint>
        <dataPoint><x1>9.461300e-002</x1><x2>1.892260e-001</x2><x3>7.161610e-001</x3><x4>4.268000e+001</x4><x5>1.470000e+000</x5></dataPoint>
    </dataGroup>
</experiment>
