<experiment>
    <fileAuthor>Chemical Kinetics Laboratory, Institute of Chemistry, ELTE, Budapest, Hungary</fileAuthor>
    <fileDOI>10.24388/x21003050</fileDOI>
    <fileVersion>
        <major>2</major>
        <minor>0</minor>
    </fileVersion>
    <ReSpecThVersion>
        <major>2</major>
        <minor>3</minor>
    </ReSpecThVersion>
    <firstPublicationDate>2015-10-11</firstPublicationDate>
    <lastModificationDate>2020-11-13</lastModificationDate>
    <bibliographyLink>
        <description>N. Hinton, R. Stone, Comparison of hydrous ethanol laminar burning velocity measurements with constant volume bomb methods, 23rd Journees d'Etude of the Belgian Section of the Combustion Institute, 28th May 2014.</description>
        <location>Main Report + Personal Communication Channel</location>
        <figure>4 bar/ 450 K/ 0% H2O series</figure>
        <details>
            <author>Hinton, Nathan Ian David</author>
            <school>University of Oxford</school>
            <title>Measuring laminar burning velocities using constant volume combustion vessel technique</title>
            <type>PhD Thesis</type>
            <year>2014</year>
        </details>
    </bibliographyLink>
    <experimentType>laminar burning velocity measurement</experimentType>
    <apparatus>
        <kind>flame</kind>
        <mode>premixed</mode>
        <mode>laminar</mode>
        <mode>OPF</mode>
    </apparatus>
    <commonProperties>
        <property name="temperature"                   label="T"  sourcetype="reported"   units="K"    ><value>450</value></property>
        <property name="pressure"                      label="P"  sourcetype="reported"   units="bar"  ><value>4</value></property>
        <property name="evaluated standard deviation"  sourcetype="estimated"  units="cm/s"  reference="laminar burning velocity"  kind="absolute"  method="statistical scatter" ><value>6.29</value></property>
    </commonProperties>
    <dataGroup id="dg1">
        <property name="composition"               id="x1"   label="[C2H5OH]"  sourcetype="calculated"  units="mole fraction" >
            <speciesLink preferredKey="C2H5OH"  CAS="64-17-5"    InChI="1S/C2H6O/c1-2-3/h3H,2H2,1H3"  SMILES="CCO"  chemName="ethanol"  />
        </property>
        <property name="composition"               id="x2"   label="[O2]"      sourcetype="calculated"  units="mole fraction" >
            <speciesLink preferredKey="O2"      CAS="7782-44-7"  InChI="1S/O2/c1-2"                   SMILES="O=O"  chemName="oxygen"   />
        </property>
        <property name="composition"               id="x3"   label="[N2]"      sourcetype="calculated"  units="mole fraction" >
            <speciesLink preferredKey="N2"      CAS="7727-37-9"  InChI="1S/N2/c1-2"                   SMILES="N#N"  chemName="nitrogen" />
        </property>
        <property name="laminar burning velocity"  id="x4"   label="Sl"        sourcetype="reported"    units="cm/s"          />

        <dataPoint><x1>0.04650</x1><x2>0.19928</x2><x3>0.75422</x3><x4>29.147</x4></dataPoint>
        <dataPoint><x1>0.05279</x1><x2>0.19797</x2><x3>0.74924</x3><x4>36.058</x4></dataPoint>
        <dataPoint><x1>0.05900</x1><x2>0.19667</x2><x3>0.74433</x3><x4>47.964</x4></dataPoint>
        <dataPoint><x1>0.06513</x1><x2>0.19539</x2><x3>0.73948</x3><x4>53.617</x4></dataPoint>
        <dataPoint><x1>0.07118</x1><x2>0.19412</x2><x3>0.73470</x3><x4>56.339</x4></dataPoint>
        <dataPoint><x1>0.07715</x1><x2>0.19288</x2><x3>0.72997</x3><x4>55.593</x4></dataPoint>
        <dataPoint><x1>0.08128</x1><x2>0.19201</x2><x3>0.72670</x3><x4>53.675</x4></dataPoint>
        <dataPoint><x1>0.08771</x1><x2>0.19067</x2><x3>0.72162</x3><x4>39.765</x4></dataPoint>
    </dataGroup>
</experiment>
