<experiment>
    <fileAuthor>Chemical Kinetics Laboratory, Institute of Chemistry, ELTE, Budapest, Hungary</fileAuthor>
    <fileDOI>10.24388/x21003025</fileDOI>
    <fileVersion>
        <major>2</major>
        <minor>0</minor>
    </fileVersion>
    <ReSpecThVersion>
        <major>2</major>
        <minor>3</minor>
    </ReSpecThVersion>
    <firstPublicationDate>2015-10-11</firstPublicationDate>
    <lastModificationDate>2020-11-13</lastModificationDate>
    <bibliographyLink>
        <description>S. Jerzembeck: Experimentelle und numerische Untersuchung instationaerer laminarer Flammen bei hohem Druck. Dissertation. RWTH Aachen. 2010.</description>
        <location>Main Article</location>
        <figure>Fig. 4.11, full square</figure>
        <details>
            <author>Jerzembeck, Sven</author>
            <school>Rheinisch-Westf{\"{a}}lische Technische Hochschule Aachen</school>
            <title>Experimentelle und numerische Untersuchung instation{\"{a}}rer laminarer Flammen bei hohem Druck</title>
            <type>Dissertation</type>
            <year>2010</year>
        </details>
    </bibliographyLink>
    <experimentType>laminar burning velocity measurement</experimentType>
    <apparatus>
        <kind>flame</kind>
        <mode>premixed</mode>
        <mode>laminar</mode>
        <mode>OPF</mode>
    </apparatus>
    <commonProperties>
        <property name="temperature"                   label="T"  sourcetype="reported"   units="K"    ><value>373</value></property>
        <property name="pressure"                      label="P"  sourcetype="reported"   units="bar"  ><value>10</value></property>
        <property name="evaluated standard deviation"  sourcetype="estimated"  units="cm/s"  reference="laminar burning velocity"  kind="absolute"  method="statistical scatter" ><value>8.1</value></property>
    </commonProperties>
    <dataGroup id="dg1">
        <property name="composition"               id="x1"   label="[C2H5OH]"  sourcetype="calculated"  units="mole fraction" >
            <speciesLink preferredKey="C2H5OH"  CAS="64-17-5"    InChI="1S/C2H6O/c1-2-3/h3H,2H2,1H3"  SMILES="CCO"  chemName="ethanol"  />
        </property>
        <property name="composition"               id="x2"   label="[O2]"      sourcetype="calculated"  units="mole fraction" >
            <speciesLink preferredKey="O2"      CAS="7782-44-7"  InChI="1S/O2/c1-2"                   SMILES="O=O"  chemName="oxygen"   />
        </property>
        <property name="composition"               id="x3"   label="[N2]"      sourcetype="calculated"  units="mole fraction" >
            <speciesLink preferredKey="N2"      CAS="7727-37-9"  InChI="1S/N2/c1-2"                   SMILES="N#N"  chemName="nitrogen" />
        </property>
        <property name="laminar burning velocity"  id="x4"   label="Sl"        sourcetype="digitized"   units="cm/s"          />
        <property name="uncertainty"               id="x5"   sourcetype="digitized"   units="cm/s"           reference="laminar burning velocity"  kind="absolute"  bound="plusminus" />

        <dataPoint><x1>5.279100e-002</x1><x2>1.979670e-001</x2><x3>7.492420e-001</x3><x4>1.471000e+001</x4><x5>4.290000e+000</x5></dataPoint>
        <dataPoint><x1>5.900100e-002</x1><x2>1.966690e-001</x2><x3>7.443300e-001</x3><x4>2.093000e+001</x4><x5>3.530000e+000</x5></dataPoint>
        <dataPoint><x1>6.512900e-002</x1><x2>1.953880e-001</x2><x3>7.394830e-001</x3><x4>2.715000e+001</x4><x5>2.580000e+000</x5></dataPoint>
        <dataPoint><x1>7.117900e-002</x1><x2>1.941240e-001</x2><x3>7.346980e-001</x3><x4>2.946000e+001</x4><x5>2.480000e+000</x5></dataPoint>
        <dataPoint><x1>7.715000e-002</x1><x2>1.928760e-001</x2><x3>7.299740e-001</x3><x4>2.719000e+001</x4><x5>2.190000e+000</x5></dataPoint>
    </dataGroup>
</experiment>
