<experiment>
    <fileAuthor>Chemical Kinetics Laboratory, Institute of Chemistry, ELTE, Budapest, Hungary</fileAuthor>
    <fileDOI>10.24388/x21003061</fileDOI>
    <fileVersion>
        <major>2</major>
        <minor>0</minor>
    </fileVersion>
    <ReSpecThVersion>
        <major>2</major>
        <minor>3</minor>
    </ReSpecThVersion>
    <firstPublicationDate>2015-10-11</firstPublicationDate>
    <lastModificationDate>2020-11-13</lastModificationDate>
    <bibliographyLink>
        <description>M. Aghsaee, D. Nativel, M. Bozkurt, M. Fikri, N. Chaumeix, C. Schulz, Proc. Combust. Inst. 35 (2015), 393-400; private communication with N. Chaumeix.</description>
        <referenceDOI>10.1016/j.proci.2014.05.063</referenceDOI>
        <location>Main Article</location>
        <figure>Fig. 5, 318 K/ 1 bar series</figure>
        <details>
            <author>Aghsaee, M and Nativel, D and Bozkurt, M and Fikri, M and Chaumeix, N and Schulz, C</author>
            <journal>Proc Combust Inst</journal>
            <number>1</number>
            <pages>393--400</pages>
            <title>Experimental study of the kinetics of ethanol pyrolysis and oxidation behind reflected shockwaves and in laminar flames</title>
            <volume>35</volume>
            <year>2015</year>
        </details>
    </bibliographyLink>
    <experimentType>laminar burning velocity measurement</experimentType>
    <apparatus>
        <kind>flame</kind>
        <mode>premixed</mode>
        <mode>laminar</mode>
        <mode>OPF</mode>
    </apparatus>
    <commonProperties>
        <property name="temperature"                   label="T"  sourcetype="reported"   units="K"    ><value>318</value></property>
        <property name="pressure"                      label="P"  sourcetype="reported"   units="bar"  ><value>1</value></property>
        <property name="evaluated standard deviation"  sourcetype="estimated"  units="cm/s"  reference="laminar burning velocity"  kind="absolute"  method="generic uncertainty" ><value>1.0</value></property>
    </commonProperties>
    <dataGroup id="dg1">
        <property name="composition"               id="x1"   label="[C2H5OH]"  sourcetype="reported"  units="mole fraction" >
            <speciesLink preferredKey="C2H5OH"  CAS="64-17-5"    InChI="1S/C2H6O/c1-2-3/h3H,2H2,1H3"  SMILES="CCO"  chemName="ethanol"  />
        </property>
        <property name="composition"               id="x2"   label="[O2]"      sourcetype="reported"  units="mole fraction" >
            <speciesLink preferredKey="O2"      CAS="7782-44-7"  InChI="1S/O2/c1-2"                   SMILES="O=O"  chemName="oxygen"   />
        </property>
        <property name="composition"               id="x3"   label="[N2]"      sourcetype="reported"  units="mole fraction" >
            <speciesLink preferredKey="N2"      CAS="7727-37-9"  InChI="1S/N2/c1-2"                   SMILES="N#N"  chemName="nitrogen" />
        </property>
        <property name="laminar burning velocity"  id="x4"   label="Sl"        sourcetype="reported"  units="cm/s"          />
        <property name="uncertainty"               id="x5"   sourcetype="reported"  units="cm/s"           reference="laminar burning velocity"  kind="absolute"  bound="plusminus" />

        <dataPoint><x1>0.049689</x1><x2>0.198615</x2><x3>0.751696</x3><x4>29.89</x4><x5>0.16</x5></dataPoint>
        <dataPoint><x1>0.052833</x1><x2>0.197958</x2><x3>0.749209</x3><x4>33.77</x4><x5>0.19</x5></dataPoint>
        <dataPoint><x1>0.059036</x1><x2>0.196661</x2><x3>0.744302</x3><x4>40.10</x4><x5>0.24</x5></dataPoint>
        <dataPoint><x1>0.065269</x1><x2>0.195359</x2><x3>0.739372</x3><x4>44.19</x4><x5>0.31</x5></dataPoint>
        <dataPoint><x1>0.071198</x1><x2>0.194120</x2><x3>0.734683</x3><x4>45.37</x4><x5>0.27</x5></dataPoint>
        <dataPoint><x1>0.077195</x1><x2>0.192866</x2><x3>0.729938</x3><x4>43.38</x4><x5>0.31</x5></dataPoint>
        <dataPoint><x1>0.083047</x1><x2>0.191643</x2><x3>0.725309</x3><x4>37.77</x4><x5>0.26</x5></dataPoint>
        <dataPoint><x1>0.088917</x1><x2>0.190416</x2><x3>0.720667</x3><x4>29.12</x4><x5>0.22</x5></dataPoint>
        <dataPoint><x1>0.068174</x1><x2>0.194752</x2><x3>0.737074</x3><x4>44.38</x4><x5>0.38</x5></dataPoint>
        <dataPoint><x1>0.074174</x1><x2>0.193498</x2><x3>0.732329</x3><x4>44.86</x4><x5>0.33</x5></dataPoint>
    </dataGroup>
</experiment>
