<experiment>
    <fileAuthor>Chemical Kinetics Laboratory, Institute of Chemistry, ELTE, Budapest, Hungary</fileAuthor>
    <fileDOI>10.24388/x21003030</fileDOI>
    <fileVersion>
        <major>2</major>
        <minor>0</minor>
    </fileVersion>
    <ReSpecThVersion>
        <major>2</major>
        <minor>3</minor>
    </ReSpecThVersion>
    <firstPublicationDate>2015-10-11</firstPublicationDate>
    <lastModificationDate>2020-11-13</lastModificationDate>
    <bibliographyLink>
        <description>O.L. Guelder, Proc. Combust. Inst. 19 (1982), 275-281.</description>
        <referenceDOI>10.1016/S0082-0784(82)80198-7</referenceDOI>
        <location>Main Article</location>
        <figure>Fig. 2, open square</figure>
        <details>
            <author>G{\"{u}}lder, {\"{O}}mer L</author>
            <journal>Symp (Int) Combust</journal>
            <number>1</number>
            <pages>275--281</pages>
            <title>Laminar burning velocities of methanol, ethanol and isooctane-air mixtures</title>
            <volume>19</volume>
            <year>1982</year>
        </details>
    </bibliographyLink>
    <experimentType>laminar burning velocity measurement</experimentType>
    <apparatus>
        <kind>flame</kind>
        <mode>premixed</mode>
        <mode>laminar</mode>
        <mode>OPF</mode>
    </apparatus>
    <commonProperties>
        <property name="temperature"                   label="T"  sourcetype="reported"    units="K"    ><value>300</value></property>
        <property name="pressure"                      label="P"  sourcetype="calculated"  units="bar"  ><value>1</value></property>
        <property name="evaluated standard deviation"  sourcetype="estimated"   units="cm/s"  reference="laminar burning velocity"  kind="absolute"  method="statistical scatter" ><value>7.02</value></property>
    </commonProperties>
    <dataGroup id="dg1">
        <property name="composition"               id="x1"   label="[C2H5OH]"  sourcetype="calculated"  units="mole fraction" >
            <speciesLink preferredKey="C2H5OH"  CAS="64-17-5"    InChI="1S/C2H6O/c1-2-3/h3H,2H2,1H3"  SMILES="CCO"  chemName="ethanol"  />
        </property>
        <property name="composition"               id="x2"   label="[O2]"      sourcetype="calculated"  units="mole fraction" >
            <speciesLink preferredKey="O2"      CAS="7782-44-7"  InChI="1S/O2/c1-2"                   SMILES="O=O"  chemName="oxygen"   />
        </property>
        <property name="composition"               id="x3"   label="[N2]"      sourcetype="calculated"  units="mole fraction" >
            <speciesLink preferredKey="N2"      CAS="7727-37-9"  InChI="1S/N2/c1-2"                   SMILES="N#N"  chemName="nitrogen" />
        </property>
        <property name="laminar burning velocity"  id="x4"   label="Sl"        sourcetype="digitized"   units="cm/s"          />

        <dataPoint><x1>4.649900e-002</x1><x2>1.992820e-001</x2><x3>7.542190e-001</x3><x4>1.770000e+001</x4></dataPoint>
        <dataPoint><x1>4.965600e-002</x1><x2>1.986220e-001</x2><x3>7.517220e-001</x3><x4>2.256000e+001</x4></dataPoint>
        <dataPoint><x1>5.279100e-002</x1><x2>1.979670e-001</x2><x3>7.492420e-001</x3><x4>2.764000e+001</x4></dataPoint>
        <dataPoint><x1>5.590600e-002</x1><x2>1.973160e-001</x2><x3>7.467780e-001</x3><x4>3.211000e+001</x4></dataPoint>
        <dataPoint><x1>5.900100e-002</x1><x2>1.966690e-001</x2><x3>7.443300e-001</x3><x4>3.767000e+001</x4></dataPoint>
        <dataPoint><x1>6.207500e-002</x1><x2>1.960260e-001</x2><x3>7.418990e-001</x3><x4>4.114000e+001</x4></dataPoint>
        <dataPoint><x1>6.512900e-002</x1><x2>1.953880e-001</x2><x3>7.394830e-001</x3><x4>4.436000e+001</x4></dataPoint>
        <dataPoint><x1>6.816400e-002</x1><x2>1.947540e-001</x2><x3>7.370820e-001</x3><x4>4.687000e+001</x4></dataPoint>
        <dataPoint><x1>7.023400e-002</x1><x2>1.943210e-001</x2><x3>7.354450e-001</x3><x4>4.766000e+001</x4></dataPoint>
        <dataPoint><x1>7.117900e-002</x1><x2>1.941240e-001</x2><x3>7.346980e-001</x3><x4>4.770000e+001</x4></dataPoint>
        <dataPoint><x1>7.417400e-002</x1><x2>1.934980e-001</x2><x3>7.323280e-001</x3><x4>4.622000e+001</x4></dataPoint>
        <dataPoint><x1>7.715000e-002</x1><x2>1.928760e-001</x2><x3>7.299740e-001</x3><x4>4.384000e+001</x4></dataPoint>
        <dataPoint><x1>8.010700e-002</x1><x2>1.922580e-001</x2><x3>7.276350e-001</x3><x4>4.010000e+001</x4></dataPoint>
        <dataPoint><x1>8.304600e-002</x1><x2>1.916430e-001</x2><x3>7.253110e-001</x3><x4>3.550000e+001</x4></dataPoint>
        <dataPoint><x1>8.596500e-002</x1><x2>1.910330e-001</x2><x3>7.230020e-001</x3><x4>3.255000e+001</x4></dataPoint>
        <dataPoint><x1>8.886600e-002</x1><x2>1.904270e-001</x2><x3>7.207070e-001</x3><x4>2.764000e+001</x4></dataPoint>
    </dataGroup>
</experiment>
