<experiment>
    <fileAuthor>Chemical Kinetics Laboratory, Institute of Chemistry, ELTE, Budapest, Hungary</fileAuthor>
    <fileDOI>10.24388/x21003027</fileDOI>
    <fileVersion>
        <major>2</major>
        <minor>0</minor>
    </fileVersion>
    <ReSpecThVersion>
        <major>2</major>
        <minor>3</minor>
    </ReSpecThVersion>
    <firstPublicationDate>2015-10-11</firstPublicationDate>
    <lastModificationDate>2020-11-13</lastModificationDate>
    <bibliographyLink>
        <description>J. Beeckmann et al., Proc. 6th Europ. Combust. Meeting (2013), P3-76.</description>
        <location>Main Article</location>
        <figure>Fig. 4, RWTH data series @ 1 atm, 373 K for ethanol, results scaled to 20.94% O2 content of air</figure>
        <details>
            <author>Beeckmann, J and Chaumeix, N and Dagaut, P and Dayma, G and Egolfopoulos, F and Foucher, F and de Goey, L P H and Halter, F and Konnov, A A and Mouna{\"{i}}m-Rousselle, C</author>
            <journal>Proceedings of the 6th European Combustion Meeting</journal>
            <pages>Paper P3--76</pages>
            <title>Collaborative Study for Accurate Measurements of Laminar Burning Velocity</title>
            <year>2013</year>
        </details>
    </bibliographyLink>
    <experimentType>laminar burning velocity measurement</experimentType>
    <apparatus>
        <kind>flame</kind>
        <mode>premixed</mode>
        <mode>laminar</mode>
        <mode>OPF</mode>
    </apparatus>
    <commonProperties>
        <property name="temperature"                   label="T"  sourcetype="reported"   units="K"    ><value>373</value></property>
        <property name="pressure"                      label="P"  sourcetype="reported"   units="atm"  ><value>1</value></property>
        <property name="evaluated standard deviation"  sourcetype="estimated"  units="cm/s"  reference="laminar burning velocity"  kind="absolute"  method="generic uncertainty" ><value>1.0</value></property>
    </commonProperties>
    <dataGroup id="dg1">
        <property name="composition"               id="x1"   label="[C2H5OH]"  sourcetype="calculated"  units="mole fraction" >
            <speciesLink preferredKey="C2H5OH"  CAS="64-17-5"    InChI="1S/C2H6O/c1-2-3/h3H,2H2,1H3"  SMILES="CCO"  chemName="ethanol"  />
        </property>
        <property name="composition"               id="x2"   label="[O2]"      sourcetype="calculated"  units="mole fraction" >
            <speciesLink preferredKey="O2"      CAS="7782-44-7"  InChI="1S/O2/c1-2"                   SMILES="O=O"  chemName="oxygen"   />
        </property>
        <property name="composition"               id="x3"   label="[N2]"      sourcetype="calculated"  units="mole fraction" >
            <speciesLink preferredKey="N2"      CAS="7727-37-9"  InChI="1S/N2/c1-2"                   SMILES="N#N"  chemName="nitrogen" />
        </property>
        <property name="laminar burning velocity"  id="x4"   label="Sl"        sourcetype="digitized"   units="cm/s"          />
        <property name="uncertainty"               id="x5"   sourcetype="digitized"   units="cm/s"           reference="laminar burning velocity"  kind="absolute"  bound="plusminus" />

        <dataPoint><x1>0.046584</x1><x2>0.199645</x2><x3>0.753771</x3><x4>35.52908</x4><x5>1.16741</x5></dataPoint>
        <dataPoint><x1>0.052887</x1><x2>0.198326</x2><x3>0.748788</x3><x4>43.78724</x4><x5>0.22072</x5></dataPoint>
        <dataPoint><x1>0.059107</x1><x2>0.197023</x2><x3>0.743870</x3><x4>51.93291</x4><x5>0.88450</x5></dataPoint>
        <dataPoint><x1>0.065246</x1><x2>0.195738</x2><x3>0.739017</x3><x4>56.78467</x4><x5>0.66476</x5></dataPoint>
        <dataPoint><x1>0.071305</x1><x2>0.194469</x2><x3>0.734226</x3><x4>60.42713</x4><x5>0.29229</x5></dataPoint>
        <dataPoint><x1>0.077286</x1><x2>0.193216</x2><x3>0.729497</x3><x4>59.60148</x4><x5>0.51078</x5></dataPoint>
        <dataPoint><x1>0.083191</x1><x2>0.191980</x2><x3>0.724829</x3><x4>56.30107</x4><x5>0.83228</x5></dataPoint>
    </dataGroup>
</experiment>
