<experiment>
    <fileAuthor>Chemical Kinetics Laboratory, Institute of Chemistry, ELTE, Budapest, Hungary</fileAuthor>
    <fileDOI>10.24388/x21003018</fileDOI>
    <fileVersion>
        <major>2</major>
        <minor>0</minor>
    </fileVersion>
    <ReSpecThVersion>
        <major>2</major>
        <minor>3</minor>
    </ReSpecThVersion>
    <firstPublicationDate>2015-10-11</firstPublicationDate>
    <lastModificationDate>2020-11-13</lastModificationDate>
    <bibliographyLink>
        <description>G. Broustail, F. Halter, P. Seers, G. Moreac, C. Mounaim-Rousselle, Fuel 106 (2013) 310-317.</description>
        <referenceDOI>10.1016/j.fuel.2012.10.066</referenceDOI>
        <location>Main Article</location>
        <figure>Fig. 4, top left, open circle</figure>
        <details>
            <author>Broustail, G and Halter, F and Seers, P and Mor{\'{e}}ac, G and Mouna{\"{i}}m-Rousselle, C</author>
            <journal>Fuel</journal>
            <pages>310--317</pages>
            <title>Experimental determination of laminar burning velocity for butanol/iso-octane and ethanol/iso-octane blends for different initial pressures</title>
            <volume>106</volume>
            <year>2013</year>
        </details>
    </bibliographyLink>
    <experimentType>laminar burning velocity measurement</experimentType>
    <apparatus>
        <kind>flame</kind>
        <mode>premixed</mode>
        <mode>laminar</mode>
        <mode>OPF</mode>
    </apparatus>
    <commonProperties>
        <property name="temperature"                   label="T"  sourcetype="reported"    units="K"    ><value>423</value></property>
        <property name="pressure"                      label="P"  sourcetype="calculated"  units="bar"  ><value>1</value></property>
        <property name="evaluated standard deviation"  sourcetype="estimated"   units="cm/s"  reference="laminar burning velocity"  kind="absolute"  method="statistical scatter" ><value>1.22</value></property>
    </commonProperties>
    <dataGroup id="dg1">
        <property name="composition"               id="x1"   label="[C2H5OH]"  sourcetype="calculated"  units="mole fraction" >
            <speciesLink preferredKey="C2H5OH"  CAS="64-17-5"    InChI="1S/C2H6O/c1-2-3/h3H,2H2,1H3"  SMILES="CCO"  chemName="ethanol"  />
        </property>
        <property name="composition"               id="x2"   label="[O2]"      sourcetype="calculated"  units="mole fraction" >
            <speciesLink preferredKey="O2"      CAS="7782-44-7"  InChI="1S/O2/c1-2"                   SMILES="O=O"  chemName="oxygen"   />
        </property>
        <property name="composition"               id="x3"   label="[N2]"      sourcetype="calculated"  units="mole fraction" >
            <speciesLink preferredKey="N2"      CAS="7727-37-9"  InChI="1S/N2/c1-2"                   SMILES="N#N"  chemName="nitrogen" />
        </property>
        <property name="laminar burning velocity"  id="x4"   label="Sl"        sourcetype="digitized"   units="cm/s"          />

        <dataPoint><x1>4.605500e-002</x1><x2>1.993740e-001</x2><x3>7.545700e-001</x3><x4>3.959000e+001</x4></dataPoint>
        <dataPoint><x1>5.410200e-002</x1><x2>1.976930e-001</x2><x3>7.482050e-001</x3><x4>5.378000e+001</x4></dataPoint>
        <dataPoint><x1>5.930900e-002</x1><x2>1.966040e-001</x2><x3>7.440870e-001</x3><x4>6.000000e+001</x4></dataPoint>
        <dataPoint><x1>6.549500e-002</x1><x2>1.953120e-001</x2><x3>7.391940e-001</x3><x4>6.599000e+001</x4></dataPoint>
        <dataPoint><x1>6.858700e-002</x1><x2>1.946650e-001</x2><x3>7.367480e-001</x3><x4>6.843000e+001</x4></dataPoint>
        <dataPoint><x1>7.207900e-002</x1><x2>1.939350e-001</x2><x3>7.339850e-001</x3><x4>6.808000e+001</x4></dataPoint>
        <dataPoint><x1>7.381600e-002</x1><x2>1.935730e-001</x2><x3>7.326120e-001</x3><x4>6.802000e+001</x4></dataPoint>
        <dataPoint><x1>7.715000e-002</x1><x2>1.928760e-001</x2><x3>7.299740e-001</x3><x4>6.610000e+001</x4></dataPoint>
        <dataPoint><x1>8.304600e-002</x1><x2>1.916430e-001</x2><x3>7.253110e-001</x3><x4>6.023000e+001</x4></dataPoint>
        <dataPoint><x1>8.886600e-002</x1><x2>1.904270e-001</x2><x3>7.207070e-001</x3><x4>5.128000e+001</x4></dataPoint>
    </dataGroup>
</experiment>
