<experiment>
    <fileAuthor>Chemical Kinetics Laboratory, Institute of Chemistry, ELTE, Budapest, Hungary</fileAuthor>
    <fileDOI>10.24388/x21003065</fileDOI>
    <fileVersion>
        <major>2</major>
        <minor>0</minor>
    </fileVersion>
    <ReSpecThVersion>
        <major>2</major>
        <minor>3</minor>
    </ReSpecThVersion>
    <firstPublicationDate>2015-10-11</firstPublicationDate>
    <lastModificationDate>2020-11-13</lastModificationDate>
    <bibliographyLink>
        <description>M. Aghsaee, D. Nativel, M. Bozkurt, M. Fikri, N. Chaumeix, C. Schulz, Proc. Combust. Inst. 35 (2015), 393-400; private communication with N. Chaumeix.</description>
        <referenceDOI>10.1016/j.proci.2014.05.063</referenceDOI>
        <location>Main Article</location>
        <figure>Fig. 5, 373 K/ 1.013 bar series</figure>
        <details>
            <author>Aghsaee, M and Nativel, D and Bozkurt, M and Fikri, M and Chaumeix, N and Schulz, C</author>
            <journal>Proc Combust Inst</journal>
            <number>1</number>
            <pages>393--400</pages>
            <title>Experimental study of the kinetics of ethanol pyrolysis and oxidation behind reflected shockwaves and in laminar flames</title>
            <volume>35</volume>
            <year>2015</year>
        </details>
    </bibliographyLink>
    <experimentType>laminar burning velocity measurement</experimentType>
    <apparatus>
        <kind>flame</kind>
        <mode>premixed</mode>
        <mode>laminar</mode>
        <mode>OPF</mode>
    </apparatus>
    <commonProperties>
        <property name="temperature"                   label="T"  sourcetype="reported"   units="K"    ><value>373</value></property>
        <property name="pressure"                      label="P"  sourcetype="reported"   units="bar"  ><value>1.013</value></property>
        <property name="evaluated standard deviation"  sourcetype="estimated"  units="cm/s"  reference="laminar burning velocity"  kind="absolute"  method="generic uncertainty" ><value>1.0</value></property>
    </commonProperties>
    <dataGroup id="dg1">
        <property name="composition"               id="x1"   label="[C2H5OH]"  sourcetype="reported"  units="mole fraction" >
            <speciesLink preferredKey="C2H5OH"  CAS="64-17-5"    InChI="1S/C2H6O/c1-2-3/h3H,2H2,1H3"  SMILES="CCO"   chemName="ethanol"  />
        </property>
        <property name="composition"               id="x2"   label="[O2]"      sourcetype="reported"  units="mole fraction" >
            <speciesLink preferredKey="O2"      CAS="7782-44-7"  InChI="1S/O2/c1-2"                   SMILES="O=O"   chemName="oxygen"   />
        </property>
        <property name="composition"               id="x3"   label="[N2]"      sourcetype="reported"  units="mole fraction" >
            <speciesLink preferredKey="N2"      CAS="7727-37-9"  InChI="1S/N2/c1-2"                   SMILES="N#N"   chemName="nitrogen" />
        </property>
        <property name="composition"               id="x4"   label="[Ar]"      sourcetype="reported"  units="mole fraction" >
            <speciesLink preferredKey="Ar"      CAS="7440-37-1"  InChI="1S/Ar"                        SMILES="[Ar]"  chemName="argon"    />
        </property>
        <property name="laminar burning velocity"  id="x5"   label="Sl"        sourcetype="reported"  units="cm/s"          />
        <property name="uncertainty"               id="x6"   sourcetype="reported"  units="cm/s"           reference="laminar burning velocity"  kind="absolute"  bound="plusminus" />

        <dataPoint><x1>0.055948</x1><x2>0.197779</x2><x3>0.737493</x3><x4>0.008780</x4><x5>46.51</x5><x6>0.32</x6></dataPoint>
        <dataPoint><x1>0.046936</x1><x2>0.199667</x2><x3>0.744533</x3><x4>0.008863</x4><x5>32.59</x5><x6>0.24</x6></dataPoint>
        <dataPoint><x1>0.053128</x1><x2>0.198370</x2><x3>0.739697</x3><x4>0.008806</x4><x5>42.84</x5><x6>0.31</x6></dataPoint>
        <dataPoint><x1>0.059235</x1><x2>0.197090</x2><x3>0.734925</x3><x4>0.008749</x4><x5>50.95</x5><x6>0.50</x6></dataPoint>
        <dataPoint><x1>0.065040</x1><x2>0.195874</x2><x3>0.730391</x3><x4>0.008695</x4><x5>55.67</x5><x6>0.39</x6></dataPoint>
        <dataPoint><x1>0.067287</x1><x2>0.195403</x2><x3>0.728635</x3><x4>0.008674</x4><x5>56.89</x5><x6>0.41</x6></dataPoint>
        <dataPoint><x1>0.068232</x1><x2>0.195205</x2><x3>0.727897</x3><x4>0.008665</x4><x5>57.27</x5><x6>0.42</x6></dataPoint>
        <dataPoint><x1>0.069791</x1><x2>0.194879</x2><x3>0.726679</x3><x4>0.008651</x4><x5>57.75</x5><x6>0.46</x6></dataPoint>
        <dataPoint><x1>0.071556</x1><x2>0.194509</x2><x3>0.725300</x3><x4>0.008635</x4><x5>58.27</x5><x6>0.43</x6></dataPoint>
        <dataPoint><x1>0.073666</x1><x2>0.194067</x2><x3>0.723652</x3><x4>0.008615</x4><x5>58.22</x5><x6>0.44</x6></dataPoint>
        <dataPoint><x1>0.077652</x1><x2>0.193232</x2><x3>0.720538</x3><x4>0.008578</x4><x5>56.78</x5><x6>0.47</x6></dataPoint>
        <dataPoint><x1>0.083323</x1><x2>0.192044</x2><x3>0.716108</x3><x4>0.008525</x4><x5>51.74</x5><x6>0.57</x6></dataPoint>
    </dataGroup>
</experiment>
