<experiment>
    <fileAuthor>Chemical Kinetics Laboratory, Institute of Chemistry, ELTE, Budapest, Hungary</fileAuthor>
    <fileDOI>10.24388/x21003066</fileDOI>
    <fileVersion>
        <major>2</major>
        <minor>0</minor>
    </fileVersion>
    <ReSpecThVersion>
        <major>2</major>
        <minor>3</minor>
    </ReSpecThVersion>
    <firstPublicationDate>2015-10-11</firstPublicationDate>
    <lastModificationDate>2020-11-13</lastModificationDate>
    <bibliographyLink>
        <description>M. Aghsaee, D. Nativel, M. Bozkurt, M. Fikri, N. Chaumeix, C. Schulz, Proc. Combust. Inst. 35 (2015), 393-400; private communication with N. Chaumeix.</description>
        <referenceDOI>10.1016/j.proci.2014.05.063</referenceDOI>
        <location>Main Article</location>
        <figure>Fig. 5, 373 K/ 5 bar series</figure>
        <details>
            <author>Aghsaee, M and Nativel, D and Bozkurt, M and Fikri, M and Chaumeix, N and Schulz, C</author>
            <journal>Proc Combust Inst</journal>
            <number>1</number>
            <pages>393--400</pages>
            <title>Experimental study of the kinetics of ethanol pyrolysis and oxidation behind reflected shockwaves and in laminar flames</title>
            <volume>35</volume>
            <year>2015</year>
        </details>
    </bibliographyLink>
    <experimentType>laminar burning velocity measurement</experimentType>
    <apparatus>
        <kind>flame</kind>
        <mode>premixed</mode>
        <mode>laminar</mode>
        <mode>OPF</mode>
    </apparatus>
    <commonProperties>
        <property name="temperature"                   label="T"  sourcetype="reported"   units="K"    ><value>373</value></property>
        <property name="pressure"                      label="P"  sourcetype="reported"   units="bar"  ><value>5</value></property>
        <property name="evaluated standard deviation"  sourcetype="estimated"  units="cm/s"  reference="laminar burning velocity"  kind="absolute"  method="statistical scatter" ><value>1.59</value></property>
    </commonProperties>
    <dataGroup id="dg1">
        <property name="composition"               id="x1"   label="[C2H5OH]"  sourcetype="reported"  units="mole fraction" >
            <speciesLink preferredKey="C2H5OH"  CAS="64-17-5"    InChI="1S/C2H6O/c1-2-3/h3H,2H2,1H3"  SMILES="CCO"   chemName="ethanol"  />
        </property>
        <property name="composition"               id="x2"   label="[O2]"      sourcetype="reported"  units="mole fraction" >
            <speciesLink preferredKey="O2"      CAS="7782-44-7"  InChI="1S/O2/c1-2"                   SMILES="O=O"   chemName="oxygen"   />
        </property>
        <property name="composition"               id="x3"   label="[N2]"      sourcetype="reported"  units="mole fraction" >
            <speciesLink preferredKey="N2"      CAS="7727-37-9"  InChI="1S/N2/c1-2"                   SMILES="N#N"   chemName="nitrogen" />
        </property>
        <property name="composition"               id="x4"   label="[Ar]"      sourcetype="reported"  units="mole fraction" >
            <speciesLink preferredKey="Ar"      CAS="7440-37-1"  InChI="1S/Ar"                        SMILES="[Ar]"  chemName="argon"    />
        </property>
        <property name="laminar burning velocity"  id="x5"   label="Sl"        sourcetype="reported"  units="cm/s"          />
        <property name="uncertainty"               id="x6"   sourcetype="reported"  units="cm/s"           reference="laminar burning velocity"  kind="absolute"  bound="plusminus" />

        <dataPoint><x1>0.046644</x1><x2>0.199728</x2><x3>0.744762</x3><x4>0.008866</x4><x5>18.79</x5><x6>0.41</x6></dataPoint>
        <dataPoint><x1>0.053204</x1><x2>0.198354</x2><x3>0.739637</x3><x4>0.008805</x4><x5>26.45</x5><x6>0.43</x6></dataPoint>
        <dataPoint><x1>0.059140</x1><x2>0.197110</x2><x3>0.735000</x3><x4>0.008750</x4><x5>32.88</x5><x6>0.73</x6></dataPoint>
        <dataPoint><x1>0.065333</x1><x2>0.195813</x2><x3>0.730162</x3><x4>0.008692</x4><x5>38.76</x5><x6>1.60</x6></dataPoint>
        <dataPoint><x1>0.068388</x1><x2>0.195173</x2><x3>0.727775</x3><x4>0.008664</x4><x5>38.44</x5><x6>3.12</x6></dataPoint>
        <dataPoint><x1>0.071402</x1><x2>0.194541</x2><x3>0.725421</x3><x4>0.008636</x4><x5>40.39</x5><x6>1.13</x6></dataPoint>
        <dataPoint><x1>0.074408</x1><x2>0.193912</x2><x3>0.723073</x3><x4>0.008608</x4><x5>39.23</x5><x6>2.08</x6></dataPoint>
    </dataGroup>
</experiment>
