<experiment>
    <fileAuthor>Chemical Kinetics Laboratory, Institute of Chemistry, ELTE, Budapest, Hungary</fileAuthor>
    <fileDOI>10.24388/x21003063</fileDOI>
    <fileVersion>
        <major>2</major>
        <minor>0</minor>
    </fileVersion>
    <ReSpecThVersion>
        <major>2</major>
        <minor>3</minor>
    </ReSpecThVersion>
    <firstPublicationDate>2015-10-11</firstPublicationDate>
    <lastModificationDate>2020-11-13</lastModificationDate>
    <bibliographyLink>
        <description>M. Aghsaee, D. Nativel, M. Bozkurt, M. Fikri, N. Chaumeix, C. Schulz, Proc. Combust. Inst. 35 (2015), 393-400; private communication with N. Chaumeix.</description>
        <referenceDOI>10.1016/j.proci.2014.05.063</referenceDOI>
        <location>Main Article</location>
        <figure>Fig. 5, 358 K/ 1 bar series</figure>
        <details>
            <author>Aghsaee, M and Nativel, D and Bozkurt, M and Fikri, M and Chaumeix, N and Schulz, C</author>
            <journal>Proc Combust Inst</journal>
            <number>1</number>
            <pages>393--400</pages>
            <title>Experimental study of the kinetics of ethanol pyrolysis and oxidation behind reflected shockwaves and in laminar flames</title>
            <volume>35</volume>
            <year>2015</year>
        </details>
    </bibliographyLink>
    <experimentType>laminar burning velocity measurement</experimentType>
    <apparatus>
        <kind>flame</kind>
        <mode>premixed</mode>
        <mode>laminar</mode>
        <mode>OPF</mode>
    </apparatus>
    <commonProperties>
        <property name="temperature"                   label="T"  sourcetype="reported"   units="K"    ><value>358</value></property>
        <property name="pressure"                      label="P"  sourcetype="reported"   units="bar"  ><value>1</value></property>
        <property name="evaluated standard deviation"  sourcetype="estimated"  units="cm/s"  reference="laminar burning velocity"  kind="absolute"  method="generic uncertainty" ><value>1.0</value></property>
    </commonProperties>
    <dataGroup id="dg1">
        <property name="composition"               id="x1"   label="[C2H5OH]"  sourcetype="reported"  units="mole fraction" >
            <speciesLink preferredKey="C2H5OH"  CAS="64-17-5"    InChI="1S/C2H6O/c1-2-3/h3H,2H2,1H3"  SMILES="CCO"  chemName="ethanol"  />
        </property>
        <property name="composition"               id="x2"   label="[O2]"      sourcetype="reported"  units="mole fraction" >
            <speciesLink preferredKey="O2"      CAS="7782-44-7"  InChI="1S/O2/c1-2"                   SMILES="O=O"  chemName="oxygen"   />
        </property>
        <property name="composition"               id="x3"   label="[N2]"      sourcetype="reported"  units="mole fraction" >
            <speciesLink preferredKey="N2"      CAS="7727-37-9"  InChI="1S/N2/c1-2"                   SMILES="N#N"  chemName="nitrogen" />
        </property>
        <property name="laminar burning velocity"  id="x4"   label="Sl"        sourcetype="reported"  units="cm/s"          />
        <property name="uncertainty"               id="x5"   sourcetype="reported"  units="cm/s"           reference="laminar burning velocity"  kind="absolute"  bound="plusminus" />

        <dataPoint><x1>0.046541</x1><x2>0.199273</x2><x3>0.754186</x3><x4>31.17</x4><x5>0.19</x5></dataPoint>
        <dataPoint><x1>0.052795</x1><x2>0.197966</x2><x3>0.749239</x3><x4>41.37</x4><x5>0.24</x5></dataPoint>
        <dataPoint><x1>0.059036</x1><x2>0.196661</x2><x3>0.744303</x3><x4>48.14</x4><x5>0.61</x5></dataPoint>
        <dataPoint><x1>0.065148</x1><x2>0.195384</x2><x3>0.739468</x3><x4>53.41</x4><x5>0.33</x5></dataPoint>
        <dataPoint><x1>0.068155</x1><x2>0.194756</x2><x3>0.737089</x3><x4>54.45</x4><x5>0.35</x5></dataPoint>
        <dataPoint><x1>0.071204</x1><x2>0.194118</x2><x3>0.734678</x3><x4>55.23</x4><x5>0.43</x5></dataPoint>
        <dataPoint><x1>0.074155</x1><x2>0.193502</x2><x3>0.732344</x3><x4>54.02</x4><x5>0.57</x5></dataPoint>
        <dataPoint><x1>0.077147</x1><x2>0.192876</x2><x3>0.729977</x3><x4>52.58</x4><x5>0.53</x5></dataPoint>
        <dataPoint><x1>0.083094</x1><x2>0.191633</x2><x3>0.725273</x3><x4>47.25</x4><x5>0.40</x5></dataPoint>
        <dataPoint><x1>0.088883</x1><x2>0.190423</x2><x3>0.720693</x3><x4>37.43</x4><x5>0.37</x5></dataPoint>
    </dataGroup>
</experiment>
