<experiment>
    <fileAuthor>Chemical Kinetics Laboratory, Institute of Chemistry, ELTE, Budapest, Hungary</fileAuthor>
    <fileDOI>10.24388/x21003029</fileDOI>
    <fileVersion>
        <major>2</major>
        <minor>0</minor>
    </fileVersion>
    <ReSpecThVersion>
        <major>2</major>
        <minor>3</minor>
    </ReSpecThVersion>
    <firstPublicationDate>2015-10-11</firstPublicationDate>
    <lastModificationDate>2020-11-13</lastModificationDate>
    <bibliographyLink>
        <description>J. Beeckmann, O. Roehl, N. Peters, SAE paper 2009-01-2784.</description>
        <referenceDOI>10.4271/2009-01-2784</referenceDOI>
        <location>Main Article</location>
        <figure>Fig. 5, full black square</figure>
        <details>
            <author>Beeckmann, Joachim and R{\"{o}}hl, Olaf and Peters, Norbert</author>
            <journal>SAE Paper</journal>
            <pages>2009--01--2784</pages>
            <title>Numerical and Experimental Investigation of Laminar Burning Velocities of iso-Octane, Ethanol and n-Butanol</title>
            <year>2009</year>
        </details>
    </bibliographyLink>
    <experimentType>laminar burning velocity measurement</experimentType>
    <apparatus>
        <kind>flame</kind>
        <mode>premixed</mode>
        <mode>laminar</mode>
        <mode>OPF</mode>
    </apparatus>
    <commonProperties>
        <property name="temperature"                   label="T"  sourcetype="reported"   units="K"    ><value>373</value></property>
        <property name="pressure"                      label="P"  sourcetype="reported"   units="bar"  ><value>10</value></property>
        <property name="evaluated standard deviation"  sourcetype="estimated"  units="cm/s"  reference="laminar burning velocity"  kind="absolute"  method="statistical scatter" ><value>5.75</value></property>
    </commonProperties>
    <dataGroup id="dg1">
        <property name="composition"               id="x1"   label="[C2H5OH]"  sourcetype="calculated"  units="mole fraction" >
            <speciesLink preferredKey="C2H5OH"  CAS="64-17-5"    InChI="1S/C2H6O/c1-2-3/h3H,2H2,1H3"  SMILES="CCO"  chemName="ethanol"  />
        </property>
        <property name="composition"               id="x2"   label="[O2]"      sourcetype="calculated"  units="mole fraction" >
            <speciesLink preferredKey="O2"      CAS="7782-44-7"  InChI="1S/O2/c1-2"                   SMILES="O=O"  chemName="oxygen"   />
        </property>
        <property name="composition"               id="x3"   label="[N2]"      sourcetype="calculated"  units="mole fraction" >
            <speciesLink preferredKey="N2"      CAS="7727-37-9"  InChI="1S/N2/c1-2"                   SMILES="N#N"  chemName="nitrogen" />
        </property>
        <property name="laminar burning velocity"  id="x4"   label="Sl"        sourcetype="digitized"   units="cm/s"          />
        <property name="uncertainty"               id="x5"   sourcetype="digitized"   units="cm/s"           reference="laminar burning velocity"  kind="absolute"  bound="plusminus" />

        <dataPoint><x1>0.051833</x1><x2>0.194374</x2><x3>0.753793</x3><x4>17.46</x4><x5>0.36</x5></dataPoint>
        <dataPoint><x1>0.057937</x1><x2>0.193123</x2><x3>0.748940</x3><x4>22.31</x4><x5>0.14</x5></dataPoint>
        <dataPoint><x1>0.063963</x1><x2>0.191888</x2><x3>0.744150</x3><x4>27.94</x4><x5>1.35</x5></dataPoint>
        <dataPoint><x1>0.069912</x1><x2>0.190668</x2><x3>0.739420</x3><x4>31.86</x4><x5>0.50</x5></dataPoint>
        <dataPoint><x1>0.075786</x1><x2>0.189464</x2><x3>0.734750</x3><x4>31.79</x4><x5>0.78</x5></dataPoint>
    </dataGroup>
</experiment>
