<experiment>
    <fileAuthor>Chemical Kinetics Laboratory, Institute of Chemistry, ELTE, Budapest, Hungary</fileAuthor>
    <fileDOI>10.24388/x21003028</fileDOI>
    <fileVersion>
        <major>2</major>
        <minor>0</minor>
    </fileVersion>
    <ReSpecThVersion>
        <major>2</major>
        <minor>3</minor>
    </ReSpecThVersion>
    <firstPublicationDate>2015-10-11</firstPublicationDate>
    <lastModificationDate>2020-11-13</lastModificationDate>
    <bibliographyLink>
        <description>J. Beeckmann et al., Proc. 6th Europ. Combust. Meeting (2013), P3-76.</description>
        <location>Main Article</location>
        <figure>Fig. 5, RWTH data series @ 5 bar, 373 K for ethanol, technical air with 20.5% O2</figure>
        <details>
            <author>Beeckmann, J and Chaumeix, N and Dagaut, P and Dayma, G and Egolfopoulos, F and Foucher, F and de Goey, L P H and Halter, F and Konnov, A A and Mouna{\"{i}}m-Rousselle, C</author>
            <journal>Proceedings of the 6th European Combustion Meeting</journal>
            <pages>Paper P3--76</pages>
            <title>Collaborative Study for Accurate Measurements of Laminar Burning Velocity</title>
            <year>2013</year>
        </details>
    </bibliographyLink>
    <experimentType>laminar burning velocity measurement</experimentType>
    <apparatus>
        <kind>flame</kind>
        <mode>premixed</mode>
        <mode>laminar</mode>
        <mode>OPF</mode>
    </apparatus>
    <commonProperties>
        <property name="temperature"                   label="T"  sourcetype="reported"   units="K"    ><value>373</value></property>
        <property name="pressure"                      label="P"  sourcetype="reported"   units="bar"  ><value>5</value></property>
        <property name="evaluated standard deviation"  sourcetype="estimated"  units="cm/s"  reference="laminar burning velocity"  kind="absolute"  method="generic uncertainty" ><value>1.0</value></property>
    </commonProperties>
    <dataGroup id="dg1">
        <property name="composition"               id="x1"   label="[C2H5OH]"  sourcetype="calculated"  units="mole fraction" >
            <speciesLink preferredKey="C2H5OH"  CAS="64-17-5"    InChI="1S/C2H6O/c1-2-3/h3H,2H2,1H3"  SMILES="CCO"  chemName="ethanol"  />
        </property>
        <property name="composition"               id="x2"   label="[O2]"      sourcetype="calculated"  units="mole fraction" >
            <speciesLink preferredKey="O2"      CAS="7782-44-7"  InChI="1S/O2/c1-2"                   SMILES="O=O"  chemName="oxygen"   />
        </property>
        <property name="composition"               id="x3"   label="[N2]"      sourcetype="calculated"  units="mole fraction" >
            <speciesLink preferredKey="N2"      CAS="7727-37-9"  InChI="1S/N2/c1-2"                   SMILES="N#N"  chemName="nitrogen" />
        </property>
        <property name="laminar burning velocity"  id="x4"   label="Sl"        sourcetype="digitized"   units="cm/s"          />
        <property name="uncertainty"               id="x5"   sourcetype="digitized"   units="cm/s"           reference="laminar burning velocity"  kind="absolute"  bound="plusminus" />

        <dataPoint><x1>0.045650</x1><x2>0.195642</x2><x3>0.758708</x3><x4>14.77837</x4><x5>0.37301</x5></dataPoint>
        <dataPoint><x1>0.051833</x1><x2>0.194374</x2><x3>0.753793</x3><x4>26.55997</x4><x5>0.14901</x5></dataPoint>
        <dataPoint><x1>0.057937</x1><x2>0.193123</x2><x3>0.748940</x3><x4>33.61461</x4><x5>0.38186</x5></dataPoint>
        <dataPoint><x1>0.063963</x1><x2>0.191888</x2><x3>0.744150</x3><x4>39.28994</x4><x5>0.32780</x5></dataPoint>
        <dataPoint><x1>0.069912</x1><x2>0.190668</x2><x3>0.739420</x3><x4>41.34411</x4><x5>0.28679</x5></dataPoint>
        <dataPoint><x1>0.075786</x1><x2>0.189464</x2><x3>0.734750</x3><x4>39.91005</x4><x5>0.90244</x5></dataPoint>
        <dataPoint><x1>0.081586</x1><x2>0.188275</x2><x3>0.730139</x3><x4>38.22090</x4><x5>0.87889</x5></dataPoint>
    </dataGroup>
</experiment>
