<experiment>
    <fileAuthor>Chemical Kinetics Laboratory, Institute of Chemistry, ELTE, Budapest, Hungary</fileAuthor>
    <fileDOI>10.24388/x21003022</fileDOI>
    <fileVersion>
        <major>2</major>
        <minor>0</minor>
    </fileVersion>
    <ReSpecThVersion>
        <major>2</major>
        <minor>3</minor>
    </ReSpecThVersion>
    <firstPublicationDate>2015-10-11</firstPublicationDate>
    <lastModificationDate>2020-11-13</lastModificationDate>
    <bibliographyLink>
        <description>K. Ohara, M. Tsukikawa, Y. Araki, A. Hayakawa, S. Kobayashi, Y. Nagano, T. Kitagawa, Journal of the Japan Institute of Energy, 89, 1088-1094 (2010).</description>
        <referenceDOI>10.3775/jie.89.1088</referenceDOI>
        <location>Main Article</location>
        <figure>Fig. 2, full circle</figure>
        <details>
            <author>Ohara, Kazutaka and Tsukikawa, Masayoshi and Araki, Yousuke and Hayakawa, Akihiro and Kobayashi, Shoichi and Nagano, Yukihide and Kitagawa, Toshiaki</author>
            <journal>J Japan Inst Energy</journal>
            <pages>1088--1094</pages>
            <title>Effects of Pressure on Laminar and Turbulent Burning Velocities of Ethanol Premixed Flames</title>
            <volume>89</volume>
            <year>2010</year>
        </details>
    </bibliographyLink>
    <experimentType>laminar burning velocity measurement</experimentType>
    <apparatus>
        <kind>flame</kind>
        <mode>premixed</mode>
        <mode>laminar</mode>
        <mode>OPF</mode>
    </apparatus>
    <commonProperties>
        <property name="temperature"                   label="T"  sourcetype="reported"    units="K"    ><value>340</value></property>
        <property name="pressure"                      label="P"  sourcetype="calculated"  units="bar"  ><value>1</value></property>
        <property name="evaluated standard deviation"  sourcetype="estimated"   units="cm/s"  reference="laminar burning velocity"  kind="absolute"  method="statistical scatter" ><value>5.78</value></property>
    </commonProperties>
    <dataGroup id="dg1">
        <property name="composition"               id="x1"   label="[C2H5OH]"  sourcetype="calculated"  units="mole fraction" >
            <speciesLink preferredKey="C2H5OH"  CAS="64-17-5"    InChI="1S/C2H6O/c1-2-3/h3H,2H2,1H3"  SMILES="CCO"  chemName="ethanol"  />
        </property>
        <property name="composition"               id="x2"   label="[O2]"      sourcetype="calculated"  units="mole fraction" >
            <speciesLink preferredKey="O2"      CAS="7782-44-7"  InChI="1S/O2/c1-2"                   SMILES="O=O"  chemName="oxygen"   />
        </property>
        <property name="composition"               id="x3"   label="[N2]"      sourcetype="calculated"  units="mole fraction" >
            <speciesLink preferredKey="N2"      CAS="7727-37-9"  InChI="1S/N2/c1-2"                   SMILES="N#N"  chemName="nitrogen" />
        </property>
        <property name="laminar burning velocity"  id="x4"   label="Sl"        sourcetype="digitized"   units="cm/s"          />
        <property name="uncertainty"               id="x5"   sourcetype="digitized"   units="cm/s"           reference="laminar burning velocity"  kind="absolute"  bound="plusminus" />

        <dataPoint><x1>5.279100e-002</x1><x2>1.979670e-001</x2><x3>7.492420e-001</x3><x4>3.049000e+001</x4><x5>5.800000e-001</x5></dataPoint>
        <dataPoint><x1>6.512900e-002</x1><x2>1.953880e-001</x2><x3>7.394830e-001</x3><x4>4.500000e+001</x4><x5>9.700000e-001</x5></dataPoint>
        <dataPoint><x1>8.886600e-002</x1><x2>1.904270e-001</x2><x3>7.207070e-001</x3><x4>3.594000e+001</x4><x5>7.800000e-001</x5></dataPoint>
    </dataGroup>
</experiment>
