<experiment>
    <fileAuthor>Chemical Kinetics Laboratory, Institute of Chemistry, ELTE, Budapest, Hungary</fileAuthor>
    <fileDOI>10.24388/x21003013</fileDOI>
    <fileVersion>
        <major>2</major>
        <minor>0</minor>
    </fileVersion>
    <ReSpecThVersion>
        <major>2</major>
        <minor>3</minor>
    </ReSpecThVersion>
    <firstPublicationDate>2015-10-11</firstPublicationDate>
    <lastModificationDate>2020-11-13</lastModificationDate>
    <bibliographyLink>
        <description>S.Y. Liao, D.M. Jiang, Z.H. Huang, K. Zeng, Q. Cheng. Applied Thermal Engineering 27 (2007) 374-380.</description>
        <referenceDOI>10.1016/j.applthermaleng.2006.07.026</referenceDOI>
        <location>Main Article</location>
        <figure>Fig. 8, bottom, full diamond</figure>
        <details>
            <author>Liao, S Y and Jiang, D M and Huang, Z H and Zeng, K and Cheng, Q</author>
            <journal>Appl Therm Eng</journal>
            <number>2--3</number>
            <pages>374--380</pages>
            <title>Determination of the laminar burning velocities for mixtures of ethanol and air at elevated temperatures</title>
            <volume>27</volume>
            <year>2007</year>
        </details>
    </bibliographyLink>
    <experimentType>laminar burning velocity measurement</experimentType>
    <apparatus>
        <kind>flame</kind>
        <mode>premixed</mode>
        <mode>laminar</mode>
        <mode>OPF</mode>
    </apparatus>
    <commonProperties>
        <property name="pressure"                      label="P"  sourcetype="calculated"  units="bar"           ><value>1</value></property>
        <property name="initial composition"           sourcetype="calculated" >
            <component><speciesLink preferredKey="C2H5OH"  CAS="64-17-5"    InChI="1S/C2H6O/c1-2-3/h3H,2H2,1H3"  SMILES="CCO"  chemName="ethanol"  /><amount units="mole fraction" >0.077150</amount></component>
            <component><speciesLink preferredKey="O2"      CAS="7782-44-7"  InChI="1S/O2/c1-2"                   SMILES="O=O"  chemName="oxygen"   /><amount units="mole fraction" >0.192876</amount></component>
            <component><speciesLink preferredKey="N2"      CAS="7727-37-9"  InChI="1S/N2/c1-2"                   SMILES="N#N"  chemName="nitrogen" /><amount units="mole fraction" >0.729974</amount></component>
        </property>
        <property name="evaluated standard deviation"  sourcetype="estimated"   units="cm/s"           reference="laminar burning velocity"  kind="absolute"  method="statistical scatter" ><value>6.04</value></property>
    </commonProperties>
    <dataGroup id="dg1">
        <property name="temperature"               id="x1"   label="T"   sourcetype="digitized"  units="K"    />
        <property name="laminar burning velocity"  id="x2"   label="Sl"  sourcetype="digitized"  units="cm/s" />

        <dataPoint><x1>3.580000e+002</x1><x2>5.317000e+001</x2></dataPoint>
        <dataPoint><x1>4.000000e+002</x1><x2>6.683000e+001</x2></dataPoint>
        <dataPoint><x1>4.200000e+002</x1><x2>7.254000e+001</x2></dataPoint>
        <dataPoint><x1>4.500000e+002</x1><x2>8.048000e+001</x2></dataPoint>
        <dataPoint><x1>4.800000e+002</x1><x2>8.905000e+001</x2></dataPoint>
    </dataGroup>
</experiment>
