<experiment>
    <fileAuthor>Chemical Kinetics Laboratory, Institute of Chemistry, ELTE, Budapest, Hungary</fileAuthor>
    <fileDOI>10.24388/x21003053</fileDOI>
    <fileVersion>
        <major>2</major>
        <minor>0</minor>
    </fileVersion>
    <ReSpecThVersion>
        <major>2</major>
        <minor>3</minor>
    </ReSpecThVersion>
    <firstPublicationDate>2015-10-11</firstPublicationDate>
    <lastModificationDate>2020-11-13</lastModificationDate>
    <bibliographyLink>
        <description>N. Hinton, R. Stone, Comparison of hydrous ethanol laminar burning velocity measurements with constant volume bomb methods, 23rd Journees d'Etude of the Belgian Section of the Combustion Institute, 28th May 2014.</description>
        <location>Main Report + Personal Communication Channel</location>
        <figure>2 bar/ 380 K/ 20% H2O series</figure>
        <details>
            <author>Hinton, Nathan Ian David</author>
            <school>University of Oxford</school>
            <title>Measuring laminar burning velocities using constant volume combustion vessel technique</title>
            <type>PhD Thesis</type>
            <year>2014</year>
        </details>
    </bibliographyLink>
    <experimentType>laminar burning velocity measurement</experimentType>
    <apparatus>
        <kind>flame</kind>
        <mode>premixed</mode>
        <mode>laminar</mode>
        <mode>OPF</mode>
    </apparatus>
    <commonProperties>
        <property name="temperature"                   label="T"  sourcetype="reported"   units="K"    ><value>380</value></property>
        <property name="pressure"                      label="P"  sourcetype="reported"   units="bar"  ><value>2</value></property>
        <property name="evaluated standard deviation"  sourcetype="estimated"  units="cm/s"  reference="laminar burning velocity"  kind="absolute"  method="statistical scatter" ><value>6.07</value></property>
    </commonProperties>
    <dataGroup id="dg1">
        <property name="composition"               id="x1"   label="[C2H5OH]"  sourcetype="calculated"  units="mole fraction" >
            <speciesLink preferredKey="C2H5OH"  CAS="64-17-5"    InChI="1S/C2H6O/c1-2-3/h3H,2H2,1H3"  SMILES="CCO"  chemName="ethanol"  />
        </property>
        <property name="composition"               id="x2"   label="[O2]"      sourcetype="calculated"  units="mole fraction" >
            <speciesLink preferredKey="O2"      CAS="7782-44-7"  InChI="1S/O2/c1-2"                   SMILES="O=O"  chemName="oxygen"   />
        </property>
        <property name="composition"               id="x3"   label="[N2]"      sourcetype="calculated"  units="mole fraction" >
            <speciesLink preferredKey="N2"      CAS="7727-37-9"  InChI="1S/N2/c1-2"                   SMILES="N#N"  chemName="nitrogen" />
        </property>
        <property name="composition"               id="x4"   label="[H2O]"     sourcetype="calculated"  units="mole fraction" >
            <speciesLink preferredKey="H2O"     CAS="7732-18-5"  InChI="1S/H2O/h1H2"                  SMILES="O"    chemName="water"    />
        </property>
        <property name="laminar burning velocity"  id="x5"   label="Sl"        sourcetype="reported"    units="cm/s"          />

        <dataPoint><x1>0.04543</x1><x2>0.19198</x2><x3>0.72657</x3><x4>0.03602</x4><x5>23.252</x5></dataPoint>
        <dataPoint><x1>0.05067</x1><x2>0.19001</x2><x3>0.71915</x3><x4>0.04017</x4><x5>30.123</x5></dataPoint>
        <dataPoint><x1>0.05467</x1><x2>0.18852</x2><x3>0.71348</x3><x4>0.04334</x4><x5>35.154</x5></dataPoint>
        <dataPoint><x1>0.06138</x1><x2>0.18600</x2><x3>0.70396</x3><x4>0.04866</x4><x5>40.631</x5></dataPoint>
        <dataPoint><x1>0.06630</x1><x2>0.18416</x2><x3>0.69699</x3><x4>0.05256</x4><x5>42.010</x5></dataPoint>
        <dataPoint><x1>0.07112</x1><x2>0.18235</x2><x3>0.69015</x3><x4>0.05638</x4><x5>42.291</x5></dataPoint>
        <dataPoint><x1>0.07636</x1><x2>0.18039</x2><x3>0.68271</x3><x4>0.06054</x4><x5>35.623</x5></dataPoint>
    </dataGroup>
</experiment>
