<experiment>
    <fileAuthor>Chemical Kinetics Laboratory, Institute of Chemistry, ELTE, Budapest, Hungary</fileAuthor>
    <fileDOI>10.24388/x21003049</fileDOI>
    <fileVersion>
        <major>2</major>
        <minor>0</minor>
    </fileVersion>
    <ReSpecThVersion>
        <major>2</major>
        <minor>3</minor>
    </ReSpecThVersion>
    <firstPublicationDate>2015-10-11</firstPublicationDate>
    <lastModificationDate>2020-11-13</lastModificationDate>
    <bibliographyLink>
        <description>N. Hinton, R. Stone, Comparison of hydrous ethanol laminar burning velocity measurements with constant volume bomb methods, 23rd Journees d'Etude of the Belgian Section of the Combustion Institute, 28th May 2014.</description>
        <location>Main Report + Personal Communication Channel</location>
        <figure>2 bar/ 380 K/ 0% H2O series</figure>
        <details>
            <author>Hinton, Nathan Ian David</author>
            <school>University of Oxford</school>
            <title>Measuring laminar burning velocities using constant volume combustion vessel technique</title>
            <type>PhD Thesis</type>
            <year>2014</year>
        </details>
    </bibliographyLink>
    <experimentType>laminar burning velocity measurement</experimentType>
    <apparatus>
        <kind>flame</kind>
        <mode>premixed</mode>
        <mode>laminar</mode>
        <mode>OPF</mode>
    </apparatus>
    <commonProperties>
        <property name="temperature"                   label="T"  sourcetype="reported"   units="K"    ><value>380</value></property>
        <property name="pressure"                      label="P"  sourcetype="reported"   units="bar"  ><value>2</value></property>
        <property name="evaluated standard deviation"  sourcetype="estimated"  units="cm/s"  reference="laminar burning velocity"  kind="absolute"  method="statistical scatter" ><value>6.06</value></property>
    </commonProperties>
    <dataGroup id="dg1">
        <property name="composition"               id="x1"   label="[C2H5OH]"  sourcetype="calculated"  units="mole fraction" >
            <speciesLink preferredKey="C2H5OH"  CAS="64-17-5"    InChI="1S/C2H6O/c1-2-3/h3H,2H2,1H3"  SMILES="CCO"  chemName="ethanol"  />
        </property>
        <property name="composition"               id="x2"   label="[O2]"      sourcetype="calculated"  units="mole fraction" >
            <speciesLink preferredKey="O2"      CAS="7782-44-7"  InChI="1S/O2/c1-2"                   SMILES="O=O"  chemName="oxygen"   />
        </property>
        <property name="composition"               id="x3"   label="[N2]"      sourcetype="calculated"  units="mole fraction" >
            <speciesLink preferredKey="N2"      CAS="7727-37-9"  InChI="1S/N2/c1-2"                   SMILES="N#N"  chemName="nitrogen" />
        </property>
        <property name="laminar burning velocity"  id="x4"   label="Sl"        sourcetype="reported"    units="cm/s"          />

        <dataPoint><x1>0.04650</x1><x2>0.19928</x2><x3>0.75422</x3><x4>26.921</x4></dataPoint>
        <dataPoint><x1>0.05217</x1><x2>0.19810</x2><x3>0.74974</x3><x4>36.632</x4></dataPoint>
        <dataPoint><x1>0.05900</x1><x2>0.19667</x2><x3>0.74433</x3><x4>44.174</x4></dataPoint>
        <dataPoint><x1>0.06146</x1><x2>0.19615</x2><x3>0.74238</x3><x4>46.364</x4></dataPoint>
        <dataPoint><x1>0.06452</x1><x2>0.19552</x2><x3>0.73996</x3><x4>47.907</x4></dataPoint>
        <dataPoint><x1>0.06756</x1><x2>0.19488</x2><x3>0.73756</x3><x4>49.763</x4></dataPoint>
        <dataPoint><x1>0.07118</x1><x2>0.19412</x2><x3>0.73470</x3><x4>51.062</x4></dataPoint>
        <dataPoint><x1>0.07358</x1><x2>0.19362</x2><x3>0.73280</x3><x4>50.525</x4></dataPoint>
        <dataPoint><x1>0.07656</x1><x2>0.19300</x2><x3>0.73044</x3><x4>47.348</x4></dataPoint>
        <dataPoint><x1>0.07952</x1><x2>0.19238</x2><x3>0.72810</x3><x4>46.888</x4></dataPoint>
        <dataPoint><x1>0.08246</x1><x2>0.19177</x2><x3>0.72577</x3><x4>42.174</x4></dataPoint>
        <dataPoint><x1>0.08944</x1><x2>0.19031</x2><x3>0.72025</x3><x4>32.815</x4></dataPoint>
    </dataGroup>
</experiment>
