<experiment>
    <fileAuthor>Chemical Kinetics Laboratory, Institute of Chemistry, ELTE, Budapest, Hungary</fileAuthor>
    <fileDOI>10.24388/x21003068</fileDOI>
    <fileVersion>
        <major>2</major>
        <minor>0</minor>
    </fileVersion>
    <ReSpecThVersion>
        <major>2</major>
        <minor>3</minor>
    </ReSpecThVersion>
    <firstPublicationDate>2015-10-11</firstPublicationDate>
    <lastModificationDate>2020-11-13</lastModificationDate>
    <bibliographyLink>
        <description>J. Liang, G. Li, Z. Zhang, Z. Xiong, F. Dong, R. Yang, Energy Fuels 28 (2014), 4754-4761.</description>
        <referenceDOI>10.1021/ef4024178</referenceDOI>
        <location>Main Article</location>
        <figure>Fig. 5, black square (0% H2O)</figure>
        <details>
            <author>Liang, Junjie and Li, Gesheng and Zhang, Zunhua and Xiong, Zhuang and Dong, Fan and Yang, Rui</author>
            <journal>Energy Fuels</journal>
            <number>7</number>
            <pages>4754--4761</pages>
            <title>Experimental and Numerical Studies on Laminar Premixed Flames of Ethanol--Water--Air Mixtures</title>
            <volume>28</volume>
            <year>2014</year>
        </details>
    </bibliographyLink>
    <experimentType>laminar burning velocity measurement</experimentType>
    <apparatus>
        <kind>flame</kind>
        <mode>premixed</mode>
        <mode>laminar</mode>
        <mode>OPF</mode>
    </apparatus>
    <commonProperties>
        <property name="temperature"                   label="T"  sourcetype="reported"    units="K"    ><value>383</value></property>
        <property name="pressure"                      label="P"  sourcetype="calculated"  units="bar"  ><value>1</value></property>
        <property name="evaluated standard deviation"  sourcetype="estimated"   units="cm/s"  reference="laminar burning velocity"  kind="absolute"  method="statistical scatter" ><value>1.29</value></property>
    </commonProperties>
    <dataGroup id="dg1">
        <property name="composition"               id="x1"   label="[C2H5OH]"  sourcetype="calculated"  units="mole fraction" >
            <speciesLink preferredKey="C2H5OH"  CAS="64-17-5"    InChI="1S/C2H6O/c1-2-3/h3H,2H2,1H3"  SMILES="CCO"  chemName="ethanol"  />
        </property>
        <property name="composition"               id="x2"   label="[O2]"      sourcetype="calculated"  units="mole fraction" >
            <speciesLink preferredKey="O2"      CAS="7782-44-7"  InChI="1S/O2/c1-2"                   SMILES="O=O"  chemName="oxygen"   />
        </property>
        <property name="composition"               id="x3"   label="[N2]"      sourcetype="calculated"  units="mole fraction" >
            <speciesLink preferredKey="N2"      CAS="7727-37-9"  InChI="1S/N2/c1-2"                   SMILES="N#N"  chemName="nitrogen" />
        </property>
        <property name="laminar burning velocity"  id="x4"   label="Sl"        sourcetype="digitized"   units="cm/s"          />

        <dataPoint><x1>0.04650</x1><x2>0.19928</x2><x3>0.75422</x3><x4>31.313</x4></dataPoint>
        <dataPoint><x1>0.05279</x1><x2>0.19797</x2><x3>0.74924</x3><x4>44.394</x4></dataPoint>
        <dataPoint><x1>0.05900</x1><x2>0.19667</x2><x3>0.74433</x3><x4>54.756</x4></dataPoint>
        <dataPoint><x1>0.06513</x1><x2>0.19539</x2><x3>0.73948</x3><x4>62.157</x4></dataPoint>
        <dataPoint><x1>0.07118</x1><x2>0.19412</x2><x3>0.73470</x3><x4>67.431</x4></dataPoint>
        <dataPoint><x1>0.07715</x1><x2>0.19288</x2><x3>0.72997</x3><x4>65.999</x4></dataPoint>
        <dataPoint><x1>0.08305</x1><x2>0.19164</x2><x3>0.72531</x3><x4>60.086</x4></dataPoint>
        <dataPoint><x1>0.08887</x1><x2>0.19043</x2><x3>0.72071</x3><x4>49.194</x4></dataPoint>
        <dataPoint><x1>0.09461</x1><x2>0.18923</x2><x3>0.71616</x3><x4>37.850</x4></dataPoint>
        <dataPoint><x1>0.10029</x1><x2>0.18804</x2><x3>0.71167</x3><x4>28.708</x4></dataPoint>
    </dataGroup>
</experiment>
