<experiment>
    <fileAuthor>Chemical Kinetics Laboratory, Institute of Chemistry, ELTE, Budapest, Hungary</fileAuthor>
    <fileDOI>10.24388/x21003067</fileDOI>
    <fileVersion>
        <major>2</major>
        <minor>0</minor>
    </fileVersion>
    <ReSpecThVersion>
        <major>2</major>
        <minor>3</minor>
    </ReSpecThVersion>
    <firstPublicationDate>2015-10-11</firstPublicationDate>
    <lastModificationDate>2020-11-13</lastModificationDate>
    <bibliographyLink>
        <description>M. Aghsaee, D. Nativel, M. Bozkurt, M. Fikri, N. Chaumeix, C. Schulz, Proc. Combust. Inst. 35 (2015), 393-400; private communication with N. Chaumeix.</description>
        <referenceDOI>10.1016/j.proci.2014.05.063</referenceDOI>
        <location>Main Article</location>
        <figure>Fig. 5, 473 K/ 1 bar series</figure>
        <details>
            <author>Aghsaee, M and Nativel, D and Bozkurt, M and Fikri, M and Chaumeix, N and Schulz, C</author>
            <journal>Proc Combust Inst</journal>
            <number>1</number>
            <pages>393--400</pages>
            <title>Experimental study of the kinetics of ethanol pyrolysis and oxidation behind reflected shockwaves and in laminar flames</title>
            <volume>35</volume>
            <year>2015</year>
        </details>
    </bibliographyLink>
    <experimentType>laminar burning velocity measurement</experimentType>
    <apparatus>
        <kind>flame</kind>
        <mode>premixed</mode>
        <mode>laminar</mode>
        <mode>OPF</mode>
    </apparatus>
    <commonProperties>
        <property name="temperature"                   label="T"  sourcetype="reported"   units="K"    ><value>473</value></property>
        <property name="pressure"                      label="P"  sourcetype="reported"   units="bar"  ><value>1</value></property>
        <property name="evaluated standard deviation"  sourcetype="estimated"  units="cm/s"  reference="laminar burning velocity"  kind="absolute"  method="generic uncertainty" ><value>1.0</value></property>
    </commonProperties>
    <dataGroup id="dg1">
        <property name="composition"               id="x1"   label="[C2H5OH]"  sourcetype="reported"  units="mole fraction" >
            <speciesLink preferredKey="C2H5OH"  CAS="64-17-5"    InChI="1S/C2H6O/c1-2-3/h3H,2H2,1H3"  SMILES="CCO"  chemName="ethanol"  />
        </property>
        <property name="composition"               id="x2"   label="[O2]"      sourcetype="reported"  units="mole fraction" >
            <speciesLink preferredKey="O2"      CAS="7782-44-7"  InChI="1S/O2/c1-2"                   SMILES="O=O"  chemName="oxygen"   />
        </property>
        <property name="composition"               id="x3"   label="[N2]"      sourcetype="reported"  units="mole fraction" >
            <speciesLink preferredKey="N2"      CAS="7727-37-9"  InChI="1S/N2/c1-2"                   SMILES="N#N"  chemName="nitrogen" />
        </property>
        <property name="laminar burning velocity"  id="x4"   label="Sl"        sourcetype="reported"  units="cm/s"          />
        <property name="uncertainty"               id="x5"   sourcetype="reported"  units="cm/s"           reference="laminar burning velocity"  kind="absolute"  bound="plusminus" />

        <dataPoint><x1>0.046804</x1><x2>0.199218</x2><x3>0.753978</x3><x4>56.67</x4><x5>0.33</x5></dataPoint>
        <dataPoint><x1>0.052806</x1><x2>0.197964</x2><x3>0.749231</x3><x4>69.70</x4><x5>0.49</x5></dataPoint>
        <dataPoint><x1>0.059014</x1><x2>0.196666</x2><x3>0.744320</x3><x4>80.88</x4><x5>0.47</x5></dataPoint>
        <dataPoint><x1>0.065141</x1><x2>0.195385</x2><x3>0.739473</x3><x4>88.53</x4><x5>0.70</x5></dataPoint>
        <dataPoint><x1>0.068090</x1><x2>0.194769</x2><x3>0.737141</x3><x4>89.38</x4><x5>0.62</x5></dataPoint>
        <dataPoint><x1>0.071199</x1><x2>0.194119</x2><x3>0.734682</x3><x4>89.86</x4><x5>0.63</x5></dataPoint>
        <dataPoint><x1>0.074173</x1><x2>0.193498</x2><x3>0.732329</x3><x4>89.05</x4><x5>0.79</x5></dataPoint>
        <dataPoint><x1>0.077178</x1><x2>0.192870</x2><x3>0.729952</x3><x4>86.96</x4><x5>0.79</x5></dataPoint>
        <dataPoint><x1>0.083061</x1><x2>0.191640</x2><x3>0.725299</x3><x4>79.04</x4><x5>0.58</x5></dataPoint>
        <dataPoint><x1>0.088881</x1><x2>0.190424</x2><x3>0.720695</x3><x4>65.21</x4><x5>0.60</x5></dataPoint>
    </dataGroup>
</experiment>
