<experiment>
    <fileAuthor>Chemical Kinetics Laboratory, Institute of Chemistry, ELTE, Budapest, Hungary</fileAuthor>
    <fileDOI>10.24388/x21003055</fileDOI>
    <fileVersion>
        <major>2</major>
        <minor>0</minor>
    </fileVersion>
    <ReSpecThVersion>
        <major>2</major>
        <minor>3</minor>
    </ReSpecThVersion>
    <firstPublicationDate>2015-10-11</firstPublicationDate>
    <lastModificationDate>2020-11-13</lastModificationDate>
    <bibliographyLink>
        <description>N. Hinton, R. Stone, Comparison of hydrous ethanol laminar burning velocity measurements with constant volume bomb methods, 23rd Journees d'Etude of the Belgian Section of the Combustion Institute, 28th May 2014.</description>
        <location>Main Report + Personal Communication Channel</location>
        <figure>2 bar/ 450 K/ 20% H2O series</figure>
        <details>
            <author>Hinton, Nathan Ian David</author>
            <school>University of Oxford</school>
            <title>Measuring laminar burning velocities using constant volume combustion vessel technique</title>
            <type>PhD Thesis</type>
            <year>2014</year>
        </details>
    </bibliographyLink>
    <experimentType>laminar burning velocity measurement</experimentType>
    <apparatus>
        <kind>flame</kind>
        <mode>premixed</mode>
        <mode>laminar</mode>
        <mode>OPF</mode>
    </apparatus>
    <commonProperties>
        <property name="temperature"                   label="T"  sourcetype="reported"   units="K"    ><value>450</value></property>
        <property name="pressure"                      label="P"  sourcetype="reported"   units="bar"  ><value>2</value></property>
        <property name="evaluated standard deviation"  sourcetype="estimated"  units="cm/s"  reference="laminar burning velocity"  kind="absolute"  method="statistical scatter" ><value>6.04</value></property>
    </commonProperties>
    <dataGroup id="dg1">
        <property name="composition"               id="x1"   label="[C2H5OH]"  sourcetype="calculated"  units="mole fraction" >
            <speciesLink preferredKey="C2H5OH"  CAS="64-17-5"    InChI="1S/C2H6O/c1-2-3/h3H,2H2,1H3"  SMILES="CCO"  chemName="ethanol"  />
        </property>
        <property name="composition"               id="x2"   label="[O2]"      sourcetype="calculated"  units="mole fraction" >
            <speciesLink preferredKey="O2"      CAS="7782-44-7"  InChI="1S/O2/c1-2"                   SMILES="O=O"  chemName="oxygen"   />
        </property>
        <property name="composition"               id="x3"   label="[N2]"      sourcetype="calculated"  units="mole fraction" >
            <speciesLink preferredKey="N2"      CAS="7727-37-9"  InChI="1S/N2/c1-2"                   SMILES="N#N"  chemName="nitrogen" />
        </property>
        <property name="composition"               id="x4"   label="[H2O]"     sourcetype="calculated"  units="mole fraction" >
            <speciesLink preferredKey="H2O"     CAS="7732-18-5"  InChI="1S/H2O/h1H2"                  SMILES="O"    chemName="water"    />
        </property>
        <property name="laminar burning velocity"  id="x5"   label="Sl"        sourcetype="reported"    units="cm/s"          />

        <dataPoint><x1>0.04009</x1><x2>0.19398</x2><x3>0.73415</x3><x4>0.03178</x4><x5>22.789</x5></dataPoint>
        <dataPoint><x1>0.04543</x1><x2>0.19198</x2><x3>0.72657</x3><x4>0.03602</x4><x5>33.070</x5></dataPoint>
        <dataPoint><x1>0.05125</x1><x2>0.18980</x2><x3>0.71833</x3><x4>0.04062</x4><x5>41.356</x5></dataPoint>
        <dataPoint><x1>0.05693</x1><x2>0.18767</x2><x3>0.71028</x3><x4>0.04513</x4><x5>50.051</x5></dataPoint>
        <dataPoint><x1>0.06138</x1><x2>0.18600</x2><x3>0.70396</x3><x4>0.04866</x4><x5>54.488</x5></dataPoint>
        <dataPoint><x1>0.06738</x1><x2>0.18376</x2><x3>0.69546</x3><x4>0.05341</x4><x5>57.590</x5></dataPoint>
        <dataPoint><x1>0.07218</x1><x2>0.18196</x2><x3>0.68865</x3><x4>0.05722</x4><x5>56.797</x5></dataPoint>
        <dataPoint><x1>0.07688</x1><x2>0.18019</x2><x3>0.68198</x3><x4>0.06095</x4><x5>51.676</x5></dataPoint>
        <dataPoint><x1>0.08201</x1><x2>0.17827</x2><x3>0.67471</x3><x4>0.06501</x4><x5>43.035</x5></dataPoint>
    </dataGroup>
</experiment>
