<experiment>
    <fileAuthor>Chemical Kinetics Laboratory, Institute of Chemistry, ELTE, Budapest, Hungary</fileAuthor>
    <fileDOI>10.24388/x21003009</fileDOI>
    <fileVersion>
        <major>2</major>
        <minor>0</minor>
    </fileVersion>
    <ReSpecThVersion>
        <major>2</major>
        <minor>3</minor>
    </ReSpecThVersion>
    <firstPublicationDate>2015-10-11</firstPublicationDate>
    <lastModificationDate>2020-11-13</lastModificationDate>
    <bibliographyLink>
        <description>E. Varea, V. Modica, A. Vandel, B. Renou, Combust. Flame 159 (2012) 577-590.</description>
        <referenceDOI>10.1016/j.combustflame.2011.09.002</referenceDOI>
        <location>Main Article</location>
        <figure>Fig. 24, open circle</figure>
        <details>
            <author>Varea, Emilien and Modica, Vincent and Vandel, Alexis and Renou, Bruno</author>
            <journal>Combust Flame</journal>
            <pages>577--590</pages>
            <title>Measurement of laminar burning velocity and Markstein length relativeto fresh gases using a new postprocessing procedure: Application to laminarspherical flames for methane, ethanol and isooctane/air mixtures</title>
            <volume>159</volume>
            <year>2012</year>
        </details>
    </bibliographyLink>
    <experimentType>laminar burning velocity measurement</experimentType>
    <apparatus>
        <kind>flame</kind>
        <mode>premixed</mode>
        <mode>laminar</mode>
        <mode>OPF</mode>
    </apparatus>
    <commonProperties>
        <property name="temperature"                   label="T"  sourcetype="reported"    units="K"             ><value>373</value></property>
        <property name="initial composition"           sourcetype="calculated" >
            <component><speciesLink preferredKey="C2H5OH"  CAS="64-17-5"    InChI="1S/C2H6O/c1-2-3/h3H,2H2,1H3"  SMILES="CCO"  chemName="ethanol"  /><amount units="mole fraction" >0.065129</amount></component>
            <component><speciesLink preferredKey="O2"      CAS="7782-44-7"  InChI="1S/O2/c1-2"                   SMILES="O=O"  chemName="oxygen"   /><amount units="mole fraction" >0.195388</amount></component>
            <component><speciesLink preferredKey="N2"      CAS="7727-37-9"  InChI="1S/N2/c1-2"                   SMILES="N#N"  chemName="nitrogen" /><amount units="mole fraction" >0.739483</amount></component>
        </property>
        <property name="evaluated standard deviation"  sourcetype="estimated"   units="cm/s"           reference="laminar burning velocity"  kind="absolute"  method="statistical scatter" ><value>1.07</value></property>
    </commonProperties>
    <dataGroup id="dg1">
        <property name="pressure"                  id="x1"   label="P"   sourcetype="digitized"  units="bar"  />
        <property name="laminar burning velocity"  id="x2"   label="Sl"  sourcetype="digitized"  units="cm/s" />

        <dataPoint><x1>1.000000e+000</x1><x2>5.714000e+001</x2></dataPoint>
        <dataPoint><x1>2.000000e+000</x1><x2>5.167000e+001</x2></dataPoint>
        <dataPoint><x1>3.000000e+000</x1><x2>4.749000e+001</x2></dataPoint>
        <dataPoint><x1>4.000000e+000</x1><x2>4.381000e+001</x2></dataPoint>
        <dataPoint><x1>5.000000e+000</x1><x2>4.119000e+001</x2></dataPoint>
    </dataGroup>
</experiment>
