<experiment>
    <fileAuthor>Chemical Kinetics Laboratory, Institute of Chemistry, ELTE, Budapest, Hungary</fileAuthor>
    <fileDOI>10.24388/x21003070</fileDOI>
    <fileVersion>
        <major>2</major>
        <minor>0</minor>
    </fileVersion>
    <ReSpecThVersion>
        <major>2</major>
        <minor>3</minor>
    </ReSpecThVersion>
    <firstPublicationDate>2015-10-11</firstPublicationDate>
    <lastModificationDate>2020-11-13</lastModificationDate>
    <bibliographyLink>
        <description>J. Liang, G. Li, Z. Zhang, Z. Xiong, F. Dong, R. Yang, Energy Fuels 28 (2014), 4754-4761.</description>
        <referenceDOI>10.1021/ef4024178</referenceDOI>
        <location>Main Article</location>
        <figure>Fig. 5, blue triangle (20% H2O)</figure>
        <details>
            <author>Liang, Junjie and Li, Gesheng and Zhang, Zunhua and Xiong, Zhuang and Dong, Fan and Yang, Rui</author>
            <journal>Energy Fuels</journal>
            <number>7</number>
            <pages>4754--4761</pages>
            <title>Experimental and Numerical Studies on Laminar Premixed Flames of Ethanol--Water--Air Mixtures</title>
            <volume>28</volume>
            <year>2014</year>
        </details>
    </bibliographyLink>
    <experimentType>laminar burning velocity measurement</experimentType>
    <apparatus>
        <kind>flame</kind>
        <mode>premixed</mode>
        <mode>laminar</mode>
        <mode>OPF</mode>
    </apparatus>
    <commonProperties>
        <property name="temperature"                   label="T"  sourcetype="reported"    units="K"    ><value>383</value></property>
        <property name="pressure"                      label="P"  sourcetype="calculated"  units="bar"  ><value>1</value></property>
        <property name="evaluated standard deviation"  sourcetype="estimated"   units="cm/s"  reference="laminar burning velocity"  kind="absolute"  method="statistical scatter" ><value>1.35</value></property>
    </commonProperties>
    <dataGroup id="dg1">
        <property name="composition"               id="x1"   label="[C2H5OH]"  sourcetype="calculated"  units="mole fraction" >
            <speciesLink preferredKey="C2H5OH"  CAS="64-17-5"    InChI="1S/C2H6O/c1-2-3/h3H,2H2,1H3"  SMILES="CCO"  chemName="ethanol"  />
        </property>
        <property name="composition"               id="x2"   label="[O2]"      sourcetype="calculated"  units="mole fraction" >
            <speciesLink preferredKey="O2"      CAS="7782-44-7"  InChI="1S/O2/c1-2"                   SMILES="O=O"  chemName="oxygen"   />
        </property>
        <property name="composition"               id="x3"   label="[N2]"      sourcetype="calculated"  units="mole fraction" >
            <speciesLink preferredKey="N2"      CAS="7727-37-9"  InChI="1S/N2/c1-2"                   SMILES="N#N"  chemName="nitrogen" />
        </property>
        <property name="composition"               id="x4"   label="[H2O]"     sourcetype="calculated"  units="mole fraction" >
            <speciesLink preferredKey="H2O"     CAS="7732-18-5"  InChI="1S/H2O/h1H2"                  SMILES="O"    chemName="water"    />
        </property>
        <property name="laminar burning velocity"  id="x5"   label="Sl"        sourcetype="digitized"   units="cm/s"          />

        <dataPoint><x1>0.04485</x1><x2>0.19220</x2><x3>0.72741</x3><x4>0.03555</x4><x5>24.818</x5></dataPoint>
        <dataPoint><x1>0.05067</x1><x2>0.19001</x2><x3>0.71915</x3><x4>0.04017</x4><x5>37.100</x5></dataPoint>
        <dataPoint><x1>0.05636</x1><x2>0.18788</x2><x3>0.71107</x3><x4>0.04468</x4><x5>45.965</x5></dataPoint>
        <dataPoint><x1>0.06193</x1><x2>0.18580</x2><x3>0.70318</x3><x4>0.04909</x4><x5>52.665</x5></dataPoint>
        <dataPoint><x1>0.06738</x1><x2>0.18376</x2><x3>0.69546</x3><x4>0.05341</x4><x5>57.484</x5></dataPoint>
        <dataPoint><x1>0.07270</x1><x2>0.18176</x2><x3>0.68790</x3><x4>0.05763</x4><x5>55.790</x5></dataPoint>
        <dataPoint><x1>0.07792</x1><x2>0.17981</x2><x3>0.68051</x3><x4>0.06177</x4><x5>49.069</x5></dataPoint>
        <dataPoint><x1>0.08302</x1><x2>0.17789</x2><x3>0.67328</x3><x4>0.06581</x4><x5>40.990</x5></dataPoint>
        <dataPoint><x1>0.08801</x1><x2>0.17602</x2><x3>0.66620</x3><x4>0.06977</x4><x5>30.212</x5></dataPoint>
        <dataPoint><x1>0.09290</x1><x2>0.17419</x2><x3>0.65926</x3><x4>0.07365</x4><x5>23.183</x5></dataPoint>
    </dataGroup>
</experiment>
