<experiment>
    <fileAuthor>Chemical Kinetics Laboratory, Institute of Chemistry, ELTE, Budapest, Hungary</fileAuthor>
    <fileDOI>10.24388/x21003047</fileDOI>
    <fileVersion>
        <major>2</major>
        <minor>0</minor>
    </fileVersion>
    <ReSpecThVersion>
        <major>2</major>
        <minor>3</minor>
    </ReSpecThVersion>
    <firstPublicationDate>2015-10-11</firstPublicationDate>
    <lastModificationDate>2020-11-13</lastModificationDate>
    <bibliographyLink>
        <description>J. Beeckmann, L. Cai, H. Pitsch, Fuel 117 (2014), 340-350.</description>
        <referenceDOI>10.1016/j.fuel.2013.09.025</referenceDOI>
        <location>Main Article</location>
        <figure>Fig. 6, full circle</figure>
        <details>
            <author>Beeckmann, J and Cai, L and Pitsch, H</author>
            <journal>Fuel</journal>
            <pages>340--350</pages>
            <title>Experimental investigation of the laminar burning velocities of methanol, ethanol, n-propanol, and n-butanol at high pressure</title>
            <volume>117, Part A</volume>
            <year>2014</year>
        </details>
    </bibliographyLink>
    <experimentType>laminar burning velocity measurement</experimentType>
    <apparatus>
        <kind>flame</kind>
        <mode>premixed</mode>
        <mode>laminar</mode>
        <mode>OPF</mode>
    </apparatus>
    <commonProperties>
        <property name="temperature"                   label="T"  sourcetype="reported"   units="K"    ><value>373</value></property>
        <property name="pressure"                      label="P"  sourcetype="reported"   units="bar"  ><value>10</value></property>
        <property name="evaluated standard deviation"  sourcetype="estimated"  units="cm/s"  reference="laminar burning velocity"  kind="absolute"  method="generic uncertainty" ><value>1.0</value></property>
    </commonProperties>
    <dataGroup id="dg1">
        <property name="composition"               id="x1"   label="[C2H5OH]"  sourcetype="calculated"  units="mole fraction" >
            <speciesLink preferredKey="C2H5OH"  CAS="64-17-5"    InChI="1S/C2H6O/c1-2-3/h3H,2H2,1H3"  SMILES="CCO"  chemName="ethanol"  />
        </property>
        <property name="composition"               id="x2"   label="[O2]"      sourcetype="calculated"  units="mole fraction" >
            <speciesLink preferredKey="O2"      CAS="7782-44-7"  InChI="1S/O2/c1-2"                   SMILES="O=O"  chemName="oxygen"   />
        </property>
        <property name="composition"               id="x3"   label="[N2]"      sourcetype="calculated"  units="mole fraction" >
            <speciesLink preferredKey="N2"      CAS="7727-37-9"  InChI="1S/N2/c1-2"                   SMILES="N#N"  chemName="nitrogen" />
        </property>
        <property name="laminar burning velocity"  id="x4"   label="Sl"        sourcetype="digitized"   units="cm/s"          />
        <property name="uncertainty"               id="x5"   sourcetype="digitized"   units="cm/s"           reference="laminar burning velocity"  kind="absolute"  bound="plusminus" />

        <dataPoint><x1>0.046359</x1><x2>0.195496</x2><x3>0.758145</x3><x4>17.82</x4><x5>0.32</x5></dataPoint>
        <dataPoint><x1>0.052848</x1><x2>0.194166</x2><x3>0.752986</x3><x4>24.19</x4><x5>0.59</x5></dataPoint>
        <dataPoint><x1>0.058954</x1><x2>0.192914</x2><x3>0.748131</x3><x4>29.74</x4><x5>0.41</x5></dataPoint>
        <dataPoint><x1>0.065108</x1><x2>0.191653</x2><x3>0.743239</x3><x4>32.14</x4><x5>0.32</x5></dataPoint>
        <dataPoint><x1>0.071181</x1><x2>0.190408</x2><x3>0.738411</x3><x4>31.87</x4><x5>0.99</x5></dataPoint>
        <dataPoint><x1>0.076973</x1><x2>0.189221</x2><x3>0.733806</x3><x4>30.06</x4><x5>0.63</x5></dataPoint>
        <dataPoint><x1>0.082613</x1><x2>0.188064</x2><x3>0.729323</x3><x4>22.79</x4><x5>0.90</x5></dataPoint>
    </dataGroup>
</experiment>
