<experiment>
    <fileAuthor>Chemical Kinetics Laboratory, Institute of Chemistry, ELTE, Budapest, Hungary</fileAuthor>
    <fileDOI>10.24388/x21003069</fileDOI>
    <fileVersion>
        <major>2</major>
        <minor>0</minor>
    </fileVersion>
    <ReSpecThVersion>
        <major>2</major>
        <minor>3</minor>
    </ReSpecThVersion>
    <firstPublicationDate>2015-10-11</firstPublicationDate>
    <lastModificationDate>2020-11-13</lastModificationDate>
    <bibliographyLink>
        <description>J. Liang, G. Li, Z. Zhang, Z. Xiong, F. Dong, R. Yang, Energy Fuels 28 (2014), 4754-4761.</description>
        <referenceDOI>10.1021/ef4024178</referenceDOI>
        <location>Main Article</location>
        <figure>Fig. 5, red circle (10% H2O)</figure>
        <details>
            <author>Liang, Junjie and Li, Gesheng and Zhang, Zunhua and Xiong, Zhuang and Dong, Fan and Yang, Rui</author>
            <journal>Energy Fuels</journal>
            <number>7</number>
            <pages>4754--4761</pages>
            <title>Experimental and Numerical Studies on Laminar Premixed Flames of Ethanol--Water--Air Mixtures</title>
            <volume>28</volume>
            <year>2014</year>
        </details>
    </bibliographyLink>
    <experimentType>laminar burning velocity measurement</experimentType>
    <apparatus>
        <kind>flame</kind>
        <mode>premixed</mode>
        <mode>laminar</mode>
        <mode>OPF</mode>
    </apparatus>
    <commonProperties>
        <property name="temperature"                   label="T"  sourcetype="reported"    units="K"    ><value>383</value></property>
        <property name="pressure"                      label="P"  sourcetype="calculated"  units="bar"  ><value>1</value></property>
        <property name="evaluated standard deviation"  sourcetype="estimated"   units="cm/s"  reference="laminar burning velocity"  kind="absolute"  method="statistical scatter" ><value>1.31</value></property>
    </commonProperties>
    <dataGroup id="dg1">
        <property name="composition"               id="x1"   label="[C2H5OH]"  sourcetype="calculated"  units="mole fraction" >
            <speciesLink preferredKey="C2H5OH"  CAS="64-17-5"    InChI="1S/C2H6O/c1-2-3/h3H,2H2,1H3"  SMILES="CCO"  chemName="ethanol"  />
        </property>
        <property name="composition"               id="x2"   label="[O2]"      sourcetype="calculated"  units="mole fraction" >
            <speciesLink preferredKey="O2"      CAS="7782-44-7"  InChI="1S/O2/c1-2"                   SMILES="O=O"  chemName="oxygen"   />
        </property>
        <property name="composition"               id="x3"   label="[N2]"      sourcetype="calculated"  units="mole fraction" >
            <speciesLink preferredKey="N2"      CAS="7727-37-9"  InChI="1S/N2/c1-2"                   SMILES="N#N"  chemName="nitrogen" />
        </property>
        <property name="composition"               id="x4"   label="[H2O]"     sourcetype="calculated"  units="mole fraction" >
            <speciesLink preferredKey="H2O"     CAS="7732-18-5"  InChI="1S/H2O/h1H2"                  SMILES="O"    chemName="water"    />
        </property>
        <property name="laminar burning velocity"  id="x5"   label="Sl"        sourcetype="digitized"   units="cm/s"          />

        <dataPoint><x1>0.04575</x1><x2>0.19607</x2><x3>0.74206</x3><x4>0.01612</x4><x5>30.193</x5></dataPoint>
        <dataPoint><x1>0.05183</x1><x2>0.19435</x2><x3>0.73556</x3><x4>0.01826</x4><x5>42.438</x5></dataPoint>
        <dataPoint><x1>0.05780</x1><x2>0.19266</x2><x3>0.72917</x3><x4>0.02036</x4><x5>51.160</x5></dataPoint>
        <dataPoint><x1>0.06367</x1><x2>0.19101</x2><x3>0.72289</x3><x4>0.02243</x4><x5>58.701</x5></dataPoint>
        <dataPoint><x1>0.06944</x1><x2>0.18937</x2><x3>0.71672</x3><x4>0.02446</x4><x5>63.624</x5></dataPoint>
        <dataPoint><x1>0.07511</x1><x2>0.18777</x2><x3>0.71066</x3><x4>0.02646</x4><x5>61.276</x5></dataPoint>
        <dataPoint><x1>0.08068</x1><x2>0.18620</x2><x3>0.70469</x3><x4>0.02843</x4><x5>55.185</x5></dataPoint>
        <dataPoint><x1>0.08617</x1><x2>0.18465</x2><x3>0.69883</x3><x4>0.03036</x4><x5>44.969</x5></dataPoint>
        <dataPoint><x1>0.09156</x1><x2>0.18312</x2><x3>0.69306</x3><x4>0.03226</x4><x5>34.560</x5></dataPoint>
        <dataPoint><x1>0.09687</x1><x2>0.18162</x2><x3>0.68738</x3><x4>0.03413</x4><x5>25.462</x5></dataPoint>
    </dataGroup>
</experiment>
