<experiment>
    <fileAuthor>Chemical Kinetics Laboratory, Institute of Chemistry, ELTE, Budapest, Hungary</fileAuthor>
    <fileDOI>10.24388/x22003001</fileDOI>
    <fileVersion>
        <major>2</major>
        <minor>0</minor>
    </fileVersion>
    <ReSpecThVersion>
        <major>2</major>
        <minor>3</minor>
    </ReSpecThVersion>
    <firstPublicationDate>2015-10-11</firstPublicationDate>
    <lastModificationDate>2020-11-13</lastModificationDate>
    <bibliographyLink>
        <description>F.N. Egolfopoulos, D.X. Du, C.K. Law, Proc. Combust. Inst. 24 (1992), 834-841.</description>
        <referenceDOI>10.1016/S0082-0784(06)80101-3</referenceDOI>
        <location>Main Article</location>
        <figure>Fig. 1 top, open triangle</figure>
        <details>
            <author>Egolfopoulos, F N and Du, D X and Law, C K</author>
            <journal>Symp (Int) Combust</journal>
            <number>2</number>
            <pages>833--841</pages>
            <title>A study on ethanol oxidation kinetics in laminar premixed flames, flow reactors and shock tubes</title>
            <volume>24</volume>
            <year>1992</year>
        </details>
    </bibliographyLink>
    <experimentType>laminar burning velocity measurement</experimentType>
    <apparatus>
        <kind>flame</kind>
        <mode>premixed</mode>
        <mode>laminar</mode>
        <mode>CTF</mode>
    </apparatus>
    <commonProperties>
        <property name="temperature"                   label="T"  sourcetype="reported"   units="K"    ><value>453</value></property>
        <property name="pressure"                      label="P"  sourcetype="reported"   units="atm"  ><value>1</value></property>
        <property name="evaluated standard deviation"  sourcetype="estimated"  units="cm/s"  reference="laminar burning velocity"  kind="absolute"  method="statistical scatter" ><value>10.34</value></property>
    </commonProperties>
    <dataGroup id="dg1">
        <property name="composition"               id="x1"   label="[C2H5OH]"  sourcetype="calculated"  units="mole fraction" >
            <speciesLink preferredKey="C2H5OH"  CAS="64-17-5"    InChI="1S/C2H6O/c1-2-3/h3H,2H2,1H3"  SMILES="CCO"  chemName="ethanol"  />
        </property>
        <property name="composition"               id="x2"   label="[O2]"      sourcetype="calculated"  units="mole fraction" >
            <speciesLink preferredKey="O2"      CAS="7782-44-7"  InChI="1S/O2/c1-2"                   SMILES="O=O"  chemName="oxygen"   />
        </property>
        <property name="composition"               id="x3"   label="[N2]"      sourcetype="calculated"  units="mole fraction" >
            <speciesLink preferredKey="N2"      CAS="7727-37-9"  InChI="1S/N2/c1-2"                   SMILES="N#N"  chemName="nitrogen" />
        </property>
        <property name="laminar burning velocity"  id="x4"   label="Sl"        sourcetype="digitized"   units="cm/s"          />

        <dataPoint><x1>4.012300e-002</x1><x2>2.006140e-001</x2><x3>7.592630e-001</x3><x4>3.947000e+001</x4></dataPoint>
        <dataPoint><x1>4.332200e-002</x1><x2>1.999460e-001</x2><x3>7.567330e-001</x3><x4>4.552000e+001</x4></dataPoint>
        <dataPoint><x1>4.649900e-002</x1><x2>1.992820e-001</x2><x3>7.542190e-001</x3><x4>4.938000e+001</x4></dataPoint>
        <dataPoint><x1>5.091200e-002</x1><x2>1.983590e-001</x2><x3>7.507280e-001</x3><x4>5.492000e+001</x4></dataPoint>
        <dataPoint><x1>5.279100e-002</x1><x2>1.979670e-001</x2><x3>7.492420e-001</x3><x4>6.517000e+001</x4></dataPoint>
        <dataPoint><x1>5.590600e-002</x1><x2>1.973160e-001</x2><x3>7.467780e-001</x3><x4>6.836000e+001</x4></dataPoint>
        <dataPoint><x1>5.900100e-002</x1><x2>1.966690e-001</x2><x3>7.443300e-001</x3><x4>7.961000e+001</x4></dataPoint>
        <dataPoint><x1>6.207500e-002</x1><x2>1.960260e-001</x2><x3>7.418990e-001</x3><x4>8.246000e+001</x4></dataPoint>
        <dataPoint><x1>6.512900e-002</x1><x2>1.953880e-001</x2><x3>7.394830e-001</x3><x4>8.532000e+001</x4></dataPoint>
        <dataPoint><x1>6.816400e-002</x1><x2>1.947540e-001</x2><x3>7.370820e-001</x3><x4>9.270000e+001</x4></dataPoint>
        <dataPoint><x1>7.117900e-002</x1><x2>1.941240e-001</x2><x3>7.346980e-001</x3><x4>9.102000e+001</x4></dataPoint>
        <dataPoint><x1>7.417400e-002</x1><x2>1.934980e-001</x2><x3>7.323280e-001</x3><x4>9.034000e+001</x4></dataPoint>
        <dataPoint><x1>7.536700e-002</x1><x2>1.932480e-001</x2><x3>7.313850e-001</x3><x4>9.101000e+001</x4></dataPoint>
        <dataPoint><x1>7.833500e-002</x1><x2>1.926280e-001</x2><x3>7.290370e-001</x3><x4>8.983000e+001</x4></dataPoint>
        <dataPoint><x1>8.010700e-002</x1><x2>1.922580e-001</x2><x3>7.276350e-001</x3><x4>8.663000e+001</x4></dataPoint>
        <dataPoint><x1>8.187200e-002</x1><x2>1.918890e-001</x2><x3>7.262390e-001</x3><x4>7.924000e+001</x4></dataPoint>
        <dataPoint><x1>8.304600e-002</x1><x2>1.916430e-001</x2><x3>7.253110e-001</x3><x4>8.293000e+001</x4></dataPoint>
        <dataPoint><x1>8.596500e-002</x1><x2>1.910330e-001</x2><x3>7.230020e-001</x3><x4>7.822000e+001</x4></dataPoint>
        <dataPoint><x1>8.886600e-002</x1><x2>1.904270e-001</x2><x3>7.207070e-001</x3><x4>7.401000e+001</x4></dataPoint>
        <dataPoint><x1>9.174900e-002</x1><x2>1.898250e-001</x2><x3>7.184270e-001</x3><x4>6.577000e+001</x4></dataPoint>
        <dataPoint><x1>9.461300e-002</x1><x2>1.892260e-001</x2><x3>7.161610e-001</x3><x4>5.434000e+001</x4></dataPoint>
        <dataPoint><x1>9.461300e-002</x1><x2>1.892260e-001</x2><x3>7.161610e-001</x3><x4>4.526000e+001</x4></dataPoint>
        <dataPoint><x1>9.915900e-002</x1><x2>1.882760e-001</x2><x3>7.125660e-001</x3><x4>3.954000e+001</x4></dataPoint>
        <dataPoint><x1>1.030990e-001</x1><x2>1.874520e-001</x2><x3>7.094490e-001</x3><x4>3.399000e+001</x4></dataPoint>
        <dataPoint><x1>1.058920e-001</x1><x2>1.868690e-001</x2><x3>7.072390e-001</x3><x4>2.894000e+001</x4></dataPoint>
        <dataPoint><x1>1.086680e-001</x1><x2>1.862880e-001</x2><x3>7.050430e-001</x3><x4>2.339000e+001</x4></dataPoint>
        <dataPoint><x1>1.114270e-001</x1><x2>1.857120e-001</x2><x3>7.028610e-001</x3><x4>1.767000e+001</x4></dataPoint>
    </dataGroup>
</experiment>
