<experiment>
    <fileAuthor>Chemical Kinetics Laboratory, Institute of Chemistry, ELTE, Budapest, Hungary</fileAuthor>
    <fileDOI>10.24388/x22003003</fileDOI>
    <fileVersion>
        <major>2</major>
        <minor>0</minor>
    </fileVersion>
    <ReSpecThVersion>
        <major>2</major>
        <minor>3</minor>
    </ReSpecThVersion>
    <firstPublicationDate>2015-10-11</firstPublicationDate>
    <lastModificationDate>2020-11-13</lastModificationDate>
    <bibliographyLink>
        <description>F.N. Egolfopoulos, D.X. Du, C.K. Law, Proc. Combust. Inst. 24 (1992), 834-841.</description>
        <referenceDOI>10.1016/S0082-0784(06)80101-3</referenceDOI>
        <location>Main Article</location>
        <figure>Fig. 1 bottom, full triangle</figure>
        <details>
            <author>Egolfopoulos, F N and Du, D X and Law, C K</author>
            <journal>Symp (Int) Combust</journal>
            <number>2</number>
            <pages>833--841</pages>
            <title>A study on ethanol oxidation kinetics in laminar premixed flames, flow reactors and shock tubes</title>
            <volume>24</volume>
            <year>1992</year>
        </details>
    </bibliographyLink>
    <experimentType>laminar burning velocity measurement</experimentType>
    <apparatus>
        <kind>flame</kind>
        <mode>premixed</mode>
        <mode>laminar</mode>
        <mode>CTF</mode>
    </apparatus>
    <commonProperties>
        <property name="temperature"                   label="T"  sourcetype="reported"   units="K"    ><value>428</value></property>
        <property name="pressure"                      label="P"  sourcetype="reported"   units="atm"  ><value>1</value></property>
        <property name="evaluated standard deviation"  sourcetype="estimated"  units="cm/s"  reference="laminar burning velocity"  kind="absolute"  method="statistical scatter" ><value>9.21</value></property>
    </commonProperties>
    <dataGroup id="dg1">
        <property name="composition"               id="x1"   label="[C2H5OH]"  sourcetype="calculated"  units="mole fraction" >
            <speciesLink preferredKey="C2H5OH"  CAS="64-17-5"    InChI="1S/C2H6O/c1-2-3/h3H,2H2,1H3"  SMILES="CCO"  chemName="ethanol"  />
        </property>
        <property name="composition"               id="x2"   label="[O2]"      sourcetype="calculated"  units="mole fraction" >
            <speciesLink preferredKey="O2"      CAS="7782-44-7"  InChI="1S/O2/c1-2"                   SMILES="O=O"  chemName="oxygen"   />
        </property>
        <property name="composition"               id="x3"   label="[N2]"      sourcetype="calculated"  units="mole fraction" >
            <speciesLink preferredKey="N2"      CAS="7727-37-9"  InChI="1S/N2/c1-2"                   SMILES="N#N"  chemName="nitrogen" />
        </property>
        <property name="laminar burning velocity"  id="x4"   label="Sl"        sourcetype="digitized"   units="cm/s"          />

        <dataPoint><x1>3.819300e-002</x1><x2>2.010180e-001</x2><x3>7.607890e-001</x3><x4>3.177000e+001</x4></dataPoint>
        <dataPoint><x1>4.012300e-002</x1><x2>2.006140e-001</x2><x3>7.592630e-001</x3><x4>3.311000e+001</x4></dataPoint>
        <dataPoint><x1>4.332200e-002</x1><x2>1.999460e-001</x2><x3>7.567330e-001</x3><x4>4.047000e+001</x4></dataPoint>
        <dataPoint><x1>4.649900e-002</x1><x2>1.992820e-001</x2><x3>7.542190e-001</x3><x4>4.314000e+001</x4></dataPoint>
        <dataPoint><x1>4.965600e-002</x1><x2>1.986220e-001</x2><x3>7.517220e-001</x3><x4>4.866000e+001</x4></dataPoint>
        <dataPoint><x1>5.279100e-002</x1><x2>1.979670e-001</x2><x3>7.492420e-001</x3><x4>5.351000e+001</x4></dataPoint>
        <dataPoint><x1>5.590600e-002</x1><x2>1.973160e-001</x2><x3>7.467780e-001</x3><x4>6.171000e+001</x4></dataPoint>
        <dataPoint><x1>5.900100e-002</x1><x2>1.966690e-001</x2><x3>7.443300e-001</x3><x4>6.789000e+001</x4></dataPoint>
        <dataPoint><x1>6.268700e-002</x1><x2>1.958980e-001</x2><x3>7.414140e-001</x3><x4>7.559000e+001</x4></dataPoint>
        <dataPoint><x1>6.452000e-002</x1><x2>1.955150e-001</x2><x3>7.399650e-001</x3><x4>7.709000e+001</x4></dataPoint>
        <dataPoint><x1>6.573800e-002</x1><x2>1.952610e-001</x2><x3>7.390010e-001</x3><x4>7.826000e+001</x4></dataPoint>
        <dataPoint><x1>6.876800e-002</x1><x2>1.946270e-001</x2><x3>7.366040e-001</x3><x4>8.094000e+001</x4></dataPoint>
        <dataPoint><x1>7.057700e-002</x1><x2>1.942490e-001</x2><x3>7.351730e-001</x3><x4>8.010000e+001</x4></dataPoint>
        <dataPoint><x1>7.237900e-002</x1><x2>1.938730e-001</x2><x3>7.337480e-001</x3><x4>8.060000e+001</x4></dataPoint>
        <dataPoint><x1>7.417400e-002</x1><x2>1.934980e-001</x2><x3>7.323280e-001</x3><x4>8.027000e+001</x4></dataPoint>
        <dataPoint><x1>7.596200e-002</x1><x2>1.931240e-001</x2><x3>7.309140e-001</x3><x4>7.809000e+001</x4></dataPoint>
        <dataPoint><x1>7.951700e-002</x1><x2>1.923810e-001</x2><x3>7.281020e-001</x3><x4>7.659000e+001</x4></dataPoint>
        <dataPoint><x1>8.245900e-002</x1><x2>1.917660e-001</x2><x3>7.257750e-001</x3><x4>7.425000e+001</x4></dataPoint>
        <dataPoint><x1>8.596500e-002</x1><x2>1.910330e-001</x2><x3>7.230020e-001</x3><x4>6.589000e+001</x4></dataPoint>
        <dataPoint><x1>8.770800e-002</x1><x2>1.906690e-001</x2><x3>7.216230e-001</x3><x4>6.355000e+001</x4></dataPoint>
        <dataPoint><x1>8.944400e-002</x1><x2>1.903060e-001</x2><x3>7.202500e-001</x3><x4>5.886000e+001</x4></dataPoint>
        <dataPoint><x1>9.232300e-002</x1><x2>1.897050e-001</x2><x3>7.179730e-001</x3><x4>5.301000e+001</x4></dataPoint>
        <dataPoint><x1>9.575400e-002</x1><x2>1.889870e-001</x2><x3>7.152590e-001</x3><x4>4.298000e+001</x4></dataPoint>
        <dataPoint><x1>9.859300e-002</x1><x2>1.883940e-001</x2><x3>7.130130e-001</x3><x4>3.679000e+001</x4></dataPoint>
        <dataPoint><x1>1.014140e-001</x1><x2>1.878040e-001</x2><x3>7.107810e-001</x3><x4>3.194000e+001</x4></dataPoint>
        <dataPoint><x1>1.042180e-001</x1><x2>1.872180e-001</x2><x3>7.085630e-001</x3><x4>2.542000e+001</x4></dataPoint>
        <dataPoint><x1>1.075600e-001</x1><x2>1.865200e-001</x2><x3>7.059200e-001</x3><x4>2.107000e+001</x4></dataPoint>
        <dataPoint><x1>1.103260e-001</x1><x2>1.859420e-001</x2><x3>7.037320e-001</x3><x4>1.957000e+001</x4></dataPoint>
        <dataPoint><x1>1.125260e-001</x1><x2>1.854820e-001</x2><x3>7.019920e-001</x3><x4>1.722000e+001</x4></dataPoint>
    </dataGroup>
</experiment>
