<experiment>
    <fileAuthor>Chemical Kinetics Laboratory, Institute of Chemistry, ELTE, Budapest, Hungary</fileAuthor>
    <fileDOI>10.24388/x22003005</fileDOI>
    <fileVersion>
        <major>2</major>
        <minor>0</minor>
    </fileVersion>
    <ReSpecThVersion>
        <major>2</major>
        <minor>3</minor>
    </ReSpecThVersion>
    <firstPublicationDate>2015-10-11</firstPublicationDate>
    <lastModificationDate>2020-11-13</lastModificationDate>
    <bibliographyLink>
        <description>P.S. Veloo, Y.L. Wang, F.N. Egolfopoulos, C.K. Westbrook, Combustion and Flame, 157 (2010), 1989-2004.</description>
        <referenceDOI>10.1016/j.combustflame.2010.04.001</referenceDOI>
        <location>Main Article</location>
        <figure>Fig. 5, red open square</figure>
        <details>
            <author>Veloo, Peter S and Wang, Yang L and Egolfopoulos, Fokion N and Westbrook, Charles K</author>
            <journal>Combust Flame</journal>
            <number>10</number>
            <pages>1989--2004</pages>
            <title>A comparative experimental and computational study of methanol, ethanol, and n-butanol flames</title>
            <volume>157</volume>
            <year>2010</year>
        </details>
    </bibliographyLink>
    <experimentType>laminar burning velocity measurement</experimentType>
    <apparatus>
        <kind>flame</kind>
        <mode>premixed</mode>
        <mode>laminar</mode>
        <mode>CTF</mode>
    </apparatus>
    <commonProperties>
        <property name="temperature"                   label="T"  sourcetype="reported"   units="K"    ><value>343</value></property>
        <property name="pressure"                      label="P"  sourcetype="reported"   units="atm"  ><value>1</value></property>
        <property name="evaluated standard deviation"  sourcetype="estimated"  units="cm/s"  reference="laminar burning velocity"  kind="absolute"  method="statistical scatter" ><value>1.93</value></property>
    </commonProperties>
    <dataGroup id="dg1">
        <property name="composition"               id="x1"   label="[C2H5OH]"  sourcetype="calculated"  units="mole fraction" >
            <speciesLink preferredKey="C2H5OH"  CAS="64-17-5"    InChI="1S/C2H6O/c1-2-3/h3H,2H2,1H3"  SMILES="CCO"  chemName="ethanol"  />
        </property>
        <property name="composition"               id="x2"   label="[O2]"      sourcetype="calculated"  units="mole fraction" >
            <speciesLink preferredKey="O2"      CAS="7782-44-7"  InChI="1S/O2/c1-2"                   SMILES="O=O"  chemName="oxygen"   />
        </property>
        <property name="composition"               id="x3"   label="[N2]"      sourcetype="calculated"  units="mole fraction" >
            <speciesLink preferredKey="N2"      CAS="7727-37-9"  InChI="1S/N2/c1-2"                   SMILES="N#N"  chemName="nitrogen" />
        </property>
        <property name="laminar burning velocity"  id="x4"   label="Sl"        sourcetype="digitized"   units="cm/s"          />
        <property name="uncertainty"               id="x5"   sourcetype="digitized"   units="cm/s"           reference="laminar burning velocity"  kind="absolute"  bound="plusminus" />

        <dataPoint><x1>0.046638</x1><x2>0.199878</x2><x3>0.753483</x3><x4>25.64</x4><x5>1.17</x5></dataPoint>
        <dataPoint><x1>0.052948</x1><x2>0.198556</x2><x3>0.748496</x3><x4>37.34</x4><x5>1.17</x5></dataPoint>
        <dataPoint><x1>0.059175</x1><x2>0.197250</x2><x3>0.743575</x3><x4>45.11</x4><x5>1.17</x5></dataPoint>
        <dataPoint><x1>0.065321</x1><x2>0.195962</x2><x3>0.738718</x3><x4>49.89</x4><x5>1.17</x5></dataPoint>
        <dataPoint><x1>0.071386</x1><x2>0.194690</x2><x3>0.733924</x3><x4>51.28</x4><x5>1.49</x5></dataPoint>
        <dataPoint><x1>0.077374</x1><x2>0.193435</x2><x3>0.729192</x3><x4>50.00</x4><x5>1.60</x5></dataPoint>
        <dataPoint><x1>0.083285</x1><x2>0.192195</x2><x3>0.724520</x3><x4>42.45</x4><x5>2.55</x5></dataPoint>
        <dataPoint><x1>0.089120</x1><x2>0.190972</x2><x3>0.719908</x3><x4>33.30</x4><x5>2.66</x5></dataPoint>
        <dataPoint><x1>0.094882</x1><x2>0.189764</x2><x3>0.715354</x3><x4>22.77</x4><x5>2.66</x5></dataPoint>
    </dataGroup>
</experiment>
