<experiment>
    <fileAuthor>Chemical Kinetics Laboratory, Institute of Chemistry, ELTE, Budapest, Hungary</fileAuthor>
    <fileDOI>10.24388/x23003041</fileDOI>
    <fileVersion>
        <major>2</major>
        <minor>0</minor>
    </fileVersion>
    <ReSpecThVersion>
        <major>2</major>
        <minor>3</minor>
    </ReSpecThVersion>
    <firstPublicationDate>2015-10-11</firstPublicationDate>
    <lastModificationDate>2020-11-13</lastModificationDate>
    <bibliographyLink>
        <description>L. Sileghem, V.A. Alekseev, J. Vancoillie, E.J.K. Nilsson, S. Verhelst, A.A. Konnov, Fuel 115 (2014), 32-40.</description>
        <referenceDOI>10.1016/j.fuel.2013.07.004</referenceDOI>
        <location>Supp. Mat.</location>
        <table>Ethanol, T = 338 K</table>
        <details>
            <author>Sileghem, L and Alekseev, V A and Vancoillie, J and Nilsson, E J K and Verhelst, S and Konnov, A A</author>
            <journal>Fuel</journal>
            <pages>32--40</pages>
            <title>Laminar burning velocities of primary reference fuels and simple alcohols</title>
            <volume>115</volume>
            <year>2014</year>
        </details>
    </bibliographyLink>
    <experimentType>laminar burning velocity measurement</experimentType>
    <apparatus>
        <kind>flame</kind>
        <mode>premixed</mode>
        <mode>laminar</mode>
        <mode>HFM</mode>
    </apparatus>
    <commonProperties>
        <property name="temperature"                   label="T"  sourcetype="reported"   units="K"    ><value>338</value></property>
        <property name="pressure"                      label="P"  sourcetype="reported"   units="atm"  ><value>1</value></property>
        <property name="evaluated standard deviation"  sourcetype="estimated"  units="cm/s"  reference="laminar burning velocity"  kind="absolute"  method="generic uncertainty" ><value>1.0</value></property>
    </commonProperties>
    <dataGroup id="dg1">
        <property name="composition"               id="x1"   label="[C2H5OH]"  sourcetype="calculated"  units="mole fraction" >
            <speciesLink preferredKey="C2H5OH"  CAS="64-17-5"    InChI="1S/C2H6O/c1-2-3/h3H,2H2,1H3"  SMILES="CCO"  chemName="ethanol"  />
        </property>
        <property name="composition"               id="x2"   label="[O2]"      sourcetype="calculated"  units="mole fraction" >
            <speciesLink preferredKey="O2"      CAS="7782-44-7"  InChI="1S/O2/c1-2"                   SMILES="O=O"  chemName="oxygen"   />
        </property>
        <property name="composition"               id="x3"   label="[N2]"      sourcetype="calculated"  units="mole fraction" >
            <speciesLink preferredKey="N2"      CAS="7727-37-9"  InChI="1S/N2/c1-2"                   SMILES="N#N"  chemName="nitrogen" />
        </property>
        <property name="laminar burning velocity"  id="x4"   label="Sl"        sourcetype="reported"    units="cm/s"          />
        <property name="uncertainty"               id="x5"   sourcetype="reported"    units="cm/s"           reference="laminar burning velocity"  kind="absolute"  bound="plusminus" />

        <dataPoint><x1>0.046499</x1><x2>0.199282</x2><x3>0.754219</x3><x4>26.5</x4><x5>0.5</x5></dataPoint>
        <dataPoint><x1>0.052791</x1><x2>0.197967</x2><x3>0.749242</x3><x4>36.0</x4><x5>0.5</x5></dataPoint>
        <dataPoint><x1>0.059001</x1><x2>0.196669</x2><x3>0.744330</x3><x4>43.4</x4><x5>0.6</x5></dataPoint>
        <dataPoint><x1>0.065129</x1><x2>0.195388</x2><x3>0.739483</x3><x4>48.3</x4><x5>0.6</x5></dataPoint>
        <dataPoint><x1>0.071179</x1><x2>0.194124</x2><x3>0.734698</x3><x4>50.7</x4><x5>0.7</x5></dataPoint>
        <dataPoint><x1>0.077150</x1><x2>0.192876</x2><x3>0.729974</x3><x4>49.7</x4><x5>0.8</x5></dataPoint>
        <dataPoint><x1>0.083046</x1><x2>0.191643</x2><x3>0.725311</x3><x4>44.8</x4><x5>0.9</x5></dataPoint>
        <dataPoint><x1>0.088866</x1><x2>0.190427</x2><x3>0.720707</x3><x4>36.1</x4><x5>0.9</x5></dataPoint>
    </dataGroup>
</experiment>
