<experiment>
    <fileAuthor>Chemical Kinetics Laboratory, Institute of Chemistry, ELTE, Budapest, Hungary</fileAuthor>
    <fileDOI>10.24388/x23003046</fileDOI>
    <fileVersion>
        <major>2</major>
        <minor>0</minor>
    </fileVersion>
    <ReSpecThVersion>
        <major>2</major>
        <minor>3</minor>
    </ReSpecThVersion>
    <firstPublicationDate>2015-10-11</firstPublicationDate>
    <lastModificationDate>2020-11-13</lastModificationDate>
    <bibliographyLink>
        <description>S. Voss, F. Rau, V.A. Alekseev, A.A. Konnov, R. Haas-Wittmuess, R.T.E. Hermanns, E. Volkov, L.P.H. de Goey, Proc. Europ. Combust. Meeting 2015, P3-46.</description>
        <location>Main Article</location>
        <table>Table 3 (average from three measurements: Lund, Freiberg, OWI; the uncertainties in the XML are the reported standard deviation)</table>
        <details>
            <author>Voss, S and Rau, F and Alekseev, V A and Konnov, A A and Haas-Wittmüß, R and Hermanns, R T E and Volkov, E and de Goey, L P H</author>
            <journal>Proceedings of the 7th European Combustion Meeting</journal>
            <pages>P3--46</pages>
            <title>A comparative study of laminar burning velocities of methane, methanol and ethanol using the Heat Flux method</title>
            <year>2015</year>
        </details>
    </bibliographyLink>
    <experimentType>laminar burning velocity measurement</experimentType>
    <apparatus>
        <kind>flame</kind>
        <mode>premixed</mode>
        <mode>laminar</mode>
        <mode>HFM</mode>
    </apparatus>
    <commonProperties>
        <property name="temperature"                   label="T"  sourcetype="reported"   units="K"    ><value>318</value></property>
        <property name="pressure"                      label="p"  sourcetype="reported"   units="atm"  ><value>1</value></property>
        <property name="evaluated standard deviation"  sourcetype="estimated"  units="cm/s"  reference="laminar burning velocity"  kind="absolute"  method="generic uncertainty" ><value>1.0</value></property>
    </commonProperties>
    <dataGroup id="dg1">
        <property name="composition"               id="x1"   label="[C2H5OH]"  sourcetype="calculated"  units="mole fraction" >
            <speciesLink preferredKey="C2H5OH"  CAS="64-17-5"    InChI="1S/C2H6O/c1-2-3/h3H,2H2,1H3"  SMILES="CCO"  chemName="ethanol"  />
        </property>
        <property name="composition"               id="x2"   label="[O2]"      sourcetype="calculated"  units="mole fraction" >
            <speciesLink preferredKey="O2"      CAS="7782-44-7"  InChI="1S/O2/c1-2"                   SMILES="O=O"  chemName="oxygen"   />
        </property>
        <property name="composition"               id="x3"   label="[N2]"      sourcetype="calculated"  units="mole fraction" >
            <speciesLink preferredKey="N2"      CAS="7727-37-9"  InChI="1S/N2/c1-2"                   SMILES="N#N"  chemName="nitrogen" />
        </property>
        <property name="laminar burning velocity"  id="x4"   label="Sl"        sourcetype="reported"    units="cm/s"          />
        <property name="uncertainty"               id="x5"   sourcetype="reported"    units="cm/s"           reference="laminar burning velocity"  kind="absolute"  bound="plusminus" />

        <dataPoint><x1>0.046499</x1><x2>0.199282</x2><x3>0.754219</x3><x4>23.1</x4><x5>1.9</x5></dataPoint>
        <dataPoint><x1>0.052791</x1><x2>0.197967</x2><x3>0.749242</x3><x4>33.1</x4><x5>0.6</x5></dataPoint>
        <dataPoint><x1>0.059001</x1><x2>0.196669</x2><x3>0.744330</x3><x4>41.4</x4><x5>0.1</x5></dataPoint>
        <dataPoint><x1>0.065129</x1><x2>0.195388</x2><x3>0.739483</x3><x4>46.9</x4><x5>0.3</x5></dataPoint>
        <dataPoint><x1>0.071179</x1><x2>0.194124</x2><x3>0.734698</x3><x4>48.8</x4><x5>0.6</x5></dataPoint>
        <dataPoint><x1>0.077150</x1><x2>0.192876</x2><x3>0.729974</x3><x4>47.4</x4><x5>0.5</x5></dataPoint>
        <dataPoint><x1>0.083046</x1><x2>0.191643</x2><x3>0.725311</x3><x4>42.1</x4><x5>0.7</x5></dataPoint>
        <dataPoint><x1>0.088866</x1><x2>0.190427</x2><x3>0.720707</x3><x4>34.5</x4><x5>1.0</x5></dataPoint>
    </dataGroup>
</experiment>
