<experiment>
    <fileAuthor>Chemical Kinetics Laboratory, Institute of Chemistry, ELTE, Budapest, Hungary</fileAuthor>
    <fileDOI>10.24388/x23003013</fileDOI>
    <fileVersion>
        <major>2</major>
        <minor>0</minor>
    </fileVersion>
    <ReSpecThVersion>
        <major>2</major>
        <minor>3</minor>
    </ReSpecThVersion>
    <firstPublicationDate>2015-10-11</firstPublicationDate>
    <lastModificationDate>2020-11-13</lastModificationDate>
    <bibliographyLink>
        <description>P.A. Glaude, O. Herbinet, P. Dirrenberger, H. Le Gall, R. Bounaceur, F. Battin-Leclerc, A. Pires da Cruz, A.A. Konnov, ECM 2011, paper 268.</description>
        <location>Main Article</location>
        <figure>Fig. 2, full blue square</figure>
        <details>
            <author>Glaude, P A and Herbinet, O and Dirrenberger, P and {Le Gall}, H and Bounaceur, R and Battin-Leclerc, F</author>
            <journal>Proceedings of the 5th European Combustion Meeting</journal>
            <pages>Paper 268</pages>
            <title>Laminar Flame Velocity of Gasolines with Addition of Ethanol</title>
            <year>2011</year>
        </details>
    </bibliographyLink>
    <experimentType>laminar burning velocity measurement</experimentType>
    <apparatus>
        <kind>flame</kind>
        <mode>premixed</mode>
        <mode>laminar</mode>
        <mode>HFM</mode>
    </apparatus>
    <commonProperties>
        <property name="temperature"                   label="T"  sourcetype="reported"   units="K"    ><value>358</value></property>
        <property name="pressure"                      label="P"  sourcetype="reported"   units="atm"  ><value>1</value></property>
        <property name="evaluated standard deviation"  sourcetype="estimated"  units="cm/s"  reference="laminar burning velocity"  kind="absolute"  method="statistical scatter" ><value>1.26</value></property>
    </commonProperties>
    <dataGroup id="dg1">
        <property name="composition"               id="x1"   label="[C2H5OH]"  sourcetype="calculated"  units="mole fraction" >
            <speciesLink preferredKey="C2H5OH"  CAS="64-17-5"    InChI="1S/C2H6O/c1-2-3/h3H,2H2,1H3"  SMILES="CCO"  chemName="ethanol"  />
        </property>
        <property name="composition"               id="x2"   label="[O2]"      sourcetype="calculated"  units="mole fraction" >
            <speciesLink preferredKey="O2"      CAS="7782-44-7"  InChI="1S/O2/c1-2"                   SMILES="O=O"  chemName="oxygen"   />
        </property>
        <property name="composition"               id="x3"   label="[N2]"      sourcetype="calculated"  units="mole fraction" >
            <speciesLink preferredKey="N2"      CAS="7727-37-9"  InChI="1S/N2/c1-2"                   SMILES="N#N"  chemName="nitrogen" />
        </property>
        <property name="laminar burning velocity"  id="x4"   label="Sl"        sourcetype="digitized"   units="cm/s"          />

        <dataPoint><x1>3.690300e-002</x1><x2>2.012870e-001</x2><x3>7.618100e-001</x3><x4>1.419000e+001</x4></dataPoint>
        <dataPoint><x1>4.012300e-002</x1><x2>2.006140e-001</x2><x3>7.592630e-001</x3><x4>1.965000e+001</x4></dataPoint>
        <dataPoint><x1>4.332200e-002</x1><x2>1.999460e-001</x2><x3>7.567330e-001</x3><x4>2.547000e+001</x4></dataPoint>
        <dataPoint><x1>4.649900e-002</x1><x2>1.992820e-001</x2><x3>7.542190e-001</x3><x4>3.058000e+001</x4></dataPoint>
        <dataPoint><x1>4.965600e-002</x1><x2>1.986220e-001</x2><x3>7.517220e-001</x3><x4>3.535000e+001</x4></dataPoint>
        <dataPoint><x1>5.279100e-002</x1><x2>1.979670e-001</x2><x3>7.492420e-001</x3><x4>3.965000e+001</x4></dataPoint>
        <dataPoint><x1>5.590600e-002</x1><x2>1.973160e-001</x2><x3>7.467780e-001</x3><x4>4.407000e+001</x4></dataPoint>
        <dataPoint><x1>5.900100e-002</x1><x2>1.966690e-001</x2><x3>7.443300e-001</x3><x4>4.953000e+001</x4></dataPoint>
        <dataPoint><x1>6.207500e-002</x1><x2>1.960260e-001</x2><x3>7.418990e-001</x3><x4>5.267000e+001</x4></dataPoint>
        <dataPoint><x1>6.512900e-002</x1><x2>1.953880e-001</x2><x3>7.394830e-001</x3><x4>5.523000e+001</x4></dataPoint>
        <dataPoint><x1>6.816400e-002</x1><x2>1.947540e-001</x2><x3>7.370820e-001</x3><x4>5.709000e+001</x4></dataPoint>
        <dataPoint><x1>7.117900e-002</x1><x2>1.941240e-001</x2><x3>7.346980e-001</x3><x4>5.791000e+001</x4></dataPoint>
        <dataPoint><x1>7.417400e-002</x1><x2>1.934980e-001</x2><x3>7.323280e-001</x3><x4>5.767000e+001</x4></dataPoint>
        <dataPoint><x1>7.715000e-002</x1><x2>1.928760e-001</x2><x3>7.299740e-001</x3><x4>5.640000e+001</x4></dataPoint>
        <dataPoint><x1>8.010700e-002</x1><x2>1.922580e-001</x2><x3>7.276350e-001</x3><x4>5.442000e+001</x4></dataPoint>
        <dataPoint><x1>8.304600e-002</x1><x2>1.916430e-001</x2><x3>7.253110e-001</x3><x4>5.163000e+001</x4></dataPoint>
        <dataPoint><x1>8.596500e-002</x1><x2>1.910330e-001</x2><x3>7.230020e-001</x3><x4>4.674000e+001</x4></dataPoint>
        <dataPoint><x1>8.886600e-002</x1><x2>1.904270e-001</x2><x3>7.207070e-001</x3><x4>4.035000e+001</x4></dataPoint>
        <dataPoint><x1>9.174900e-002</x1><x2>1.898250e-001</x2><x3>7.184270e-001</x3><x4>3.488000e+001</x4></dataPoint>
        <dataPoint><x1>9.461300e-002</x1><x2>1.892260e-001</x2><x3>7.161610e-001</x3><x4>3.000000e+001</x4></dataPoint>
        <dataPoint><x1>9.745900e-002</x1><x2>1.886310e-001</x2><x3>7.139100e-001</x3><x4>2.465000e+001</x4></dataPoint>
    </dataGroup>
</experiment>
