<experiment>
    <fileAuthor>Chemical Kinetics Laboratory, Institute of Chemistry, ELTE, Budapest, Hungary</fileAuthor>
    <fileDOI>10.24388/x23003007</fileDOI>
    <fileVersion>
        <major>2</major>
        <minor>0</minor>
    </fileVersion>
    <ReSpecThVersion>
        <major>2</major>
        <minor>3</minor>
    </ReSpecThVersion>
    <firstPublicationDate>2015-10-11</firstPublicationDate>
    <lastModificationDate>2020-11-13</lastModificationDate>
    <bibliographyLink>
        <description>A.A. Konnov, R.J. Meuwissen, L.P.H. de Goey, Proceedings of the Combustion Institute 33 (2011) 1011-1019.</description>
        <referenceDOI>10.1016/j.proci.2010.06.143</referenceDOI>
        <location>Main Article</location>
        <table>Table 2, 358 K</table>
        <details>
            <author>Konnov, A A and Meuwissen, R J and de Goey, L P H</author>
            <journal>Proc Combust Inst</journal>
            <number>1</number>
            <pages>1011--1019</pages>
            <title>The temperature dependence of the laminarburning velocity of ethanol flames</title>
            <volume>33</volume>
            <year>2011</year>
        </details>
    </bibliographyLink>
    <experimentType>laminar burning velocity measurement</experimentType>
    <apparatus>
        <kind>flame</kind>
        <mode>premixed</mode>
        <mode>laminar</mode>
        <mode>HFM</mode>
    </apparatus>
    <commonProperties>
        <property name="temperature"                   label="T"  sourcetype="reported"   units="K"    ><value>358</value></property>
        <property name="pressure"                      label="P"  sourcetype="reported"   units="atm"  ><value>1</value></property>
        <property name="evaluated standard deviation"  sourcetype="estimated"  units="cm/s"  reference="laminar burning velocity"  kind="absolute"  method="generic uncertainty" ><value>1.0</value></property>
    </commonProperties>
    <dataGroup id="dg1">
        <property name="composition"               id="x1"   label="[C2H5OH]"  sourcetype="calculated"  units="mole fraction" >
            <speciesLink preferredKey="C2H5OH"  CAS="64-17-5"    InChI="1S/C2H6O/c1-2-3/h3H,2H2,1H3"  SMILES="CCO"  chemName="ethanol"  />
        </property>
        <property name="composition"               id="x2"   label="[O2]"      sourcetype="calculated"  units="mole fraction" >
            <speciesLink preferredKey="O2"      CAS="7782-44-7"  InChI="1S/O2/c1-2"                   SMILES="O=O"  chemName="oxygen"   />
        </property>
        <property name="composition"               id="x3"   label="[N2]"      sourcetype="calculated"  units="mole fraction" >
            <speciesLink preferredKey="N2"      CAS="7727-37-9"  InChI="1S/N2/c1-2"                   SMILES="N#N"  chemName="nitrogen" />
        </property>
        <property name="laminar burning velocity"  id="x4"   label="Sl"        sourcetype="reported"    units="cm/s"          />

        <dataPoint><x1>4.332200e-002</x1><x2>1.999460e-001</x2><x3>7.567330e-001</x3><x4>19.33</x4></dataPoint>
        <dataPoint><x1>4.649900e-002</x1><x2>1.992820e-001</x2><x3>7.542190e-001</x3><x4>25.90</x4></dataPoint>
        <dataPoint><x1>4.965600e-002</x1><x2>1.986220e-001</x2><x3>7.517220e-001</x3><x4>31.23</x4></dataPoint>
        <dataPoint><x1>5.279100e-002</x1><x2>1.979670e-001</x2><x3>7.492420e-001</x3><x4>38.00</x4></dataPoint>
        <dataPoint><x1>5.590600e-002</x1><x2>1.973160e-001</x2><x3>7.467780e-001</x3><x4>41.65</x4></dataPoint>
        <dataPoint><x1>5.900100e-002</x1><x2>1.966690e-001</x2><x3>7.443300e-001</x3><x4>46.30</x4></dataPoint>
        <dataPoint><x1>6.207500e-002</x1><x2>1.960260e-001</x2><x3>7.418990e-001</x3><x4>49.54</x4></dataPoint>
        <dataPoint><x1>6.512900e-002</x1><x2>1.953880e-001</x2><x3>7.394830e-001</x3><x4>52.50</x4></dataPoint>
        <dataPoint><x1>6.816400e-002</x1><x2>1.947540e-001</x2><x3>7.370820e-001</x3><x4>54.52</x4></dataPoint>
        <dataPoint><x1>7.117900e-002</x1><x2>1.941240e-001</x2><x3>7.346980e-001</x3><x4>55.90</x4></dataPoint>
        <dataPoint><x1>7.417400e-002</x1><x2>1.934980e-001</x2><x3>7.323280e-001</x3><x4>56.20</x4></dataPoint>
        <dataPoint><x1>7.715000e-002</x1><x2>1.928760e-001</x2><x3>7.299740e-001</x3><x4>55.00</x4></dataPoint>
        <dataPoint><x1>8.010700e-002</x1><x2>1.922580e-001</x2><x3>7.276350e-001</x3><x4>53.97</x4></dataPoint>
        <dataPoint><x1>8.304600e-002</x1><x2>1.916430e-001</x2><x3>7.253110e-001</x3><x4>50.20</x4></dataPoint>
        <dataPoint><x1>8.596500e-002</x1><x2>1.910330e-001</x2><x3>7.230020e-001</x3><x4>47.93</x4></dataPoint>
        <dataPoint><x1>8.886600e-002</x1><x2>1.904270e-001</x2><x3>7.207070e-001</x3><x4>42.60</x4></dataPoint>
        <dataPoint><x1>9.174900e-002</x1><x2>1.898250e-001</x2><x3>7.184270e-001</x3><x4>39.50</x4></dataPoint>
        <dataPoint><x1>9.461300e-002</x1><x2>1.892260e-001</x2><x3>7.161610e-001</x3><x4>32.90</x4></dataPoint>
        <dataPoint><x1>9.745900e-002</x1><x2>1.886310e-001</x2><x3>7.139100e-001</x3><x4>29.30</x4></dataPoint>
    </dataGroup>
</experiment>
