<experiment>
    <fileAuthor>Chemical Kinetics Laboratory, Institute of Chemistry, ELTE, Budapest, Hungary</fileAuthor>
    <fileDOI>10.24388/x23003044</fileDOI>
    <fileVersion>
        <major>2</major>
        <minor>0</minor>
    </fileVersion>
    <ReSpecThVersion>
        <major>2</major>
        <minor>3</minor>
    </ReSpecThVersion>
    <firstPublicationDate>2015-10-11</firstPublicationDate>
    <lastModificationDate>2020-11-13</lastModificationDate>
    <bibliographyLink>
        <description>P. Dirrenberger, P.A. Glaude, R. Bounaceur, H. Le Gall, A. Pires da Cruz, A.A. Konnov, F. Battin-Leclerc, Fuel 115 (2014), 162-169.</description>
        <referenceDOI>10.1016/j.fuel.2013.07.015</referenceDOI>
        <location>Supplementary Material</location>
        <table>Ethanol, T = 358 K</table>
        <details>
            <author>Dirrenberger, P and Glaude, P A and Bounaceur, R and {Le Gall}, H and {Pires da Cruz}, A and Konnov, A A and Battin-Leclerc, F</author>
            <journal>Fuel</journal>
            <pages>162--169</pages>
            <title>Laminar burning velocity of gasolines with addition of ethanol</title>
            <volume>115</volume>
            <year>2014</year>
        </details>
    </bibliographyLink>
    <experimentType>laminar burning velocity measurement</experimentType>
    <apparatus>
        <kind>flame</kind>
        <mode>premixed</mode>
        <mode>laminar</mode>
        <mode>HFM</mode>
    </apparatus>
    <commonProperties>
        <property name="temperature"                   label="T"  sourcetype="reported"   units="K"    ><value>358</value></property>
        <property name="pressure"                      label="P"  sourcetype="reported"   units="atm"  ><value>1</value></property>
        <property name="evaluated standard deviation"  sourcetype="estimated"  units="cm/s"  reference="laminar burning velocity"  kind="absolute"  method="statistical scatter" ><value>1.15</value></property>
    </commonProperties>
    <dataGroup id="dg1">
        <property name="composition"               id="x1"   label="[C2H5OH]"  sourcetype="calculated"  units="mole fraction" >
            <speciesLink preferredKey="C2H5OH"  CAS="64-17-5"    InChI="1S/C2H6O/c1-2-3/h3H,2H2,1H3"  SMILES="CCO"  chemName="ethanol"  />
        </property>
        <property name="composition"               id="x2"   label="[O2]"      sourcetype="calculated"  units="mole fraction" >
            <speciesLink preferredKey="O2"      CAS="7782-44-7"  InChI="1S/O2/c1-2"                   SMILES="O=O"  chemName="oxygen"   />
        </property>
        <property name="composition"               id="x3"   label="[N2]"      sourcetype="calculated"  units="mole fraction" >
            <speciesLink preferredKey="N2"      CAS="7727-37-9"  InChI="1S/N2/c1-2"                   SMILES="N#N"  chemName="nitrogen" />
        </property>
        <property name="laminar burning velocity"  id="x4"   label="Sl"        sourcetype="reported"    units="cm/s"          />
        <property name="uncertainty"               id="x5"   sourcetype="reported"    units="cm/s"           reference="laminar burning velocity"  kind="absolute"  bound="plusminus" />

        <dataPoint><x1>0.036903</x1><x2>0.201287</x2><x3>0.761810</x3><x4>14.2</x4><x5>0.6</x5></dataPoint>
        <dataPoint><x1>0.040123</x1><x2>0.200614</x2><x3>0.759263</x3><x4>19.7</x4><x5>0.7</x5></dataPoint>
        <dataPoint><x1>0.043322</x1><x2>0.199946</x2><x3>0.756733</x3><x4>25.5</x4><x5>0.8</x5></dataPoint>
        <dataPoint><x1>0.046499</x1><x2>0.199282</x2><x3>0.754219</x3><x4>30.6</x4><x5>0.9</x5></dataPoint>
        <dataPoint><x1>0.049656</x1><x2>0.198622</x2><x3>0.751722</x3><x4>35.4</x4><x5>0.9</x5></dataPoint>
        <dataPoint><x1>0.052791</x1><x2>0.197967</x2><x3>0.749242</x3><x4>39.7</x4><x5>1.0</x5></dataPoint>
        <dataPoint><x1>0.055906</x1><x2>0.197316</x2><x3>0.746778</x3><x4>44.1</x4><x5>1.1</x5></dataPoint>
        <dataPoint><x1>0.059001</x1><x2>0.196669</x2><x3>0.744330</x3><x4>49.6</x4><x5>1.1</x5></dataPoint>
        <dataPoint><x1>0.062075</x1><x2>0.196026</x2><x3>0.741899</x3><x4>52.9</x4><x5>1.2</x5></dataPoint>
        <dataPoint><x1>0.065129</x1><x2>0.195388</x2><x3>0.739483</x3><x4>55.5</x4><x5>1.2</x5></dataPoint>
        <dataPoint><x1>0.068164</x1><x2>0.194754</x2><x3>0.737082</x3><x4>57.1</x4><x5>1.3</x5></dataPoint>
        <dataPoint><x1>0.071179</x1><x2>0.194124</x2><x3>0.734698</x3><x4>57.9</x4><x5>1.3</x5></dataPoint>
        <dataPoint><x1>0.074174</x1><x2>0.193498</x2><x3>0.732328</x3><x4>57.8</x4><x5>1.3</x5></dataPoint>
        <dataPoint><x1>0.077150</x1><x2>0.192876</x2><x3>0.729974</x3><x4>56.7</x4><x5>1.3</x5></dataPoint>
        <dataPoint><x1>0.080107</x1><x2>0.192258</x2><x3>0.727635</x3><x4>54.6</x4><x5>1.2</x5></dataPoint>
        <dataPoint><x1>0.083046</x1><x2>0.191643</x2><x3>0.725311</x3><x4>51.6</x4><x5>1.2</x5></dataPoint>
        <dataPoint><x1>0.085965</x1><x2>0.191033</x2><x3>0.723002</x3><x4>47.0</x4><x5>1.1</x5></dataPoint>
        <dataPoint><x1>0.088866</x1><x2>0.190427</x2><x3>0.720707</x3><x4>40.2</x4><x5>1.0</x5></dataPoint>
        <dataPoint><x1>0.091749</x1><x2>0.189825</x2><x3>0.718427</x3><x4>35.0</x4><x5>0.9</x5></dataPoint>
        <dataPoint><x1>0.094613</x1><x2>0.189226</x2><x3>0.716161</x3><x4>29.9</x4><x5>0.8</x5></dataPoint>
        <dataPoint><x1>0.097459</x1><x2>0.188631</x2><x3>0.713910</x3><x4>24.9</x4><x5>0.8</x5></dataPoint>
    </dataGroup>
</experiment>
