<experiment>
    <fileAuthor>Chemical Kinetics Laboratory, Institute of Chemistry, ELTE, Budapest, Hungary</fileAuthor>
    <fileDOI>10.24388/x23003009</fileDOI>
    <fileVersion>
        <major>2</major>
        <minor>0</minor>
    </fileVersion>
    <ReSpecThVersion>
        <major>2</major>
        <minor>3</minor>
    </ReSpecThVersion>
    <firstPublicationDate>2015-10-11</firstPublicationDate>
    <lastModificationDate>2020-11-13</lastModificationDate>
    <bibliographyLink>
        <description>J.P.J. van Lipzig, E.J.K. Nilsson, L.P.H. de Goey, A.A. Konnov, Fuel 90 (2011) 2773-2781.</description>
        <referenceDOI>10.1016/j.fuel.2011.04.029</referenceDOI>
        <location>Main Article</location>
        <figure>Fig. 5, cross</figure>
        <details>
            <author>van Lipzig, J P J and Nilsson, E J K and de Goey, L P H and Konnov, A A</author>
            <journal>Fuel</journal>
            <number>8</number>
            <pages>2773–2781</pages>
            <title>Laminar burning velocities of n-heptane, iso-octane, ethanol and their binary and tertiary mixtures</title>
            <volume>90</volume>
            <year>2011</year>
        </details>
    </bibliographyLink>
    <experimentType>laminar burning velocity measurement</experimentType>
    <apparatus>
        <kind>flame</kind>
        <mode>premixed</mode>
        <mode>laminar</mode>
        <mode>HFM</mode>
    </apparatus>
    <commonProperties>
        <property name="temperature"                   label="T"  sourcetype="reported"   units="K"    ><value>298</value></property>
        <property name="pressure"                      label="P"  sourcetype="reported"   units="atm"  ><value>1</value></property>
        <property name="evaluated standard deviation"  sourcetype="estimated"  units="cm/s"  reference="laminar burning velocity"  kind="absolute"  method="statistical scatter" ><value>1.57</value></property>
    </commonProperties>
    <dataGroup id="dg1">
        <property name="composition"               id="x1"   label="[C2H5OH]"  sourcetype="calculated"  units="mole fraction" >
            <speciesLink preferredKey="C2H5OH"  CAS="64-17-5"    InChI="1S/C2H6O/c1-2-3/h3H,2H2,1H3"  SMILES="CCO"  chemName="ethanol"  />
        </property>
        <property name="composition"               id="x2"   label="[O2]"      sourcetype="calculated"  units="mole fraction" >
            <speciesLink preferredKey="O2"      CAS="7782-44-7"  InChI="1S/O2/c1-2"                   SMILES="O=O"  chemName="oxygen"   />
        </property>
        <property name="composition"               id="x3"   label="[N2]"      sourcetype="calculated"  units="mole fraction" >
            <speciesLink preferredKey="N2"      CAS="7727-37-9"  InChI="1S/N2/c1-2"                   SMILES="N#N"  chemName="nitrogen" />
        </property>
        <property name="laminar burning velocity"  id="x4"   label="Sl"        sourcetype="digitized"   units="cm/s"          />
        <property name="uncertainty"               id="x5"   sourcetype="reported"    units="cm/s"           reference="laminar burning velocity"  kind="absolute"  bound="plusminus" />

        <dataPoint><x1>0.040123</x1><x2>0.200614</x2><x3>0.759263</x3><x4>14.38</x4><x5>3.13</x5></dataPoint>
        <dataPoint><x1>0.046499</x1><x2>0.199282</x2><x3>0.754219</x3><x4>22.37</x4><x5>2.00</x5></dataPoint>
        <dataPoint><x1>0.052791</x1><x2>0.197967</x2><x3>0.749242</x3><x4>30.43</x4><x5>2.00</x5></dataPoint>
        <dataPoint><x1>0.059001</x1><x2>0.196669</x2><x3>0.744330</x3><x4>37.28</x4><x5>2.00</x5></dataPoint>
        <dataPoint><x1>0.065129</x1><x2>0.195388</x2><x3>0.739483</x3><x4>42.21</x4><x5>2.00</x5></dataPoint>
        <dataPoint><x1>0.071179</x1><x2>0.194124</x2><x3>0.734698</x3><x4>44.27</x4><x5>2.00</x5></dataPoint>
        <dataPoint><x1>0.077150</x1><x2>0.192876</x2><x3>0.729974</x3><x4>43.34</x4><x5>2.00</x5></dataPoint>
    </dataGroup>
    <comment>d_Sl values were updated in accordance with the recommendations of Alekseev et al., Combust. Sci. Technol. 188 (2016), 853-894, Table 3</comment>
</experiment>
