<experiment>
    <fileAuthor>Chemical Kinetics Laboratory, Institute of Chemistry, ELTE, Budapest, Hungary</fileAuthor>
    <fileDOI>10.24388/x23003201</fileDOI>
    <fileVersion>
        <major>2</major>
        <minor>0</minor>
    </fileVersion>
    <ReSpecThVersion>
        <major>2</major>
        <minor>3</minor>
    </ReSpecThVersion>
    <firstPublicationDate>2015-10-11</firstPublicationDate>
    <lastModificationDate>2020-11-13</lastModificationDate>
    <bibliographyLink>
        <description>M. Christensen, M.T. Abebe, E.J.K. Nilsson, A.A. Konnov, Proc. Combust. Inst. 35 (2015), 499-506. Supp. Mat.</description>
        <referenceDOI>10.1016/j.proci.2014.06.136</referenceDOI>
        <location>Supplementary material</location>
        <table>Table S1, T = 298 K</table>
        <details>
            <author>Christensen, Moah and Abebe, Mengistu T and Nilsson, Elna J K and Konnov, Alexander A</author>
            <journal>Proc Combust Inst</journal>
            <number>1</number>
            <pages>499--506</pages>
            <title>Kinetics of premixed acetaldehyde + air flames</title>
            <volume>35</volume>
            <year>2015</year>
        </details>
    </bibliographyLink>
    <experimentType>laminar burning velocity measurement</experimentType>
    <apparatus>
        <kind>flame</kind>
        <mode>premixed</mode>
        <mode>laminar</mode>
        <mode>HFM</mode>
    </apparatus>
    <commonProperties>
        <property name="temperature"                   label="T"  sourcetype="reported"   units="K"    ><value>298</value></property>
        <property name="pressure"                      label="P"  sourcetype="reported"   units="atm"  ><value>1</value></property>
        <property name="evaluated standard deviation"  sourcetype="estimated"  units="cm/s"  reference="laminar burning velocity"  kind="absolute"  method="statistical scatter" ><value>1.14</value></property>
    </commonProperties>
    <dataGroup id="dg1">
        <property name="composition"               id="x1"   label="[CH3CHO]"  sourcetype="calculated"  units="mole fraction" >
            <speciesLink preferredKey="CH3CHO"  CAS="75-07-0"    InChI="1S/C2H4O/c1-2-3/h2H,1H3"  SMILES="CC=O"  chemName="acetaldehyde" />
        </property>
        <property name="composition"               id="x2"   label="[O2]"      sourcetype="calculated"  units="mole fraction" >
            <speciesLink preferredKey="O2"      CAS="7782-44-7"  InChI="1S/O2/c1-2"               SMILES="O=O"   chemName="oxygen"       />
        </property>
        <property name="composition"               id="x3"   label="[N2]"      sourcetype="calculated"  units="mole fraction" >
            <speciesLink preferredKey="N2"      CAS="7727-37-9"  InChI="1S/N2/c1-2"               SMILES="N#N"   chemName="nitrogen"     />
        </property>
        <property name="laminar burning velocity"  id="x4"   label="Sl"        sourcetype="calculated"  units="cm/s"          />
        <property name="uncertainty"               id="x5"   sourcetype="reported"    units="cm/s"           reference="laminar burning velocity"  kind="absolute"  bound="plusminus" />

        <dataPoint><x1>0.055285</x1><x2>0.197445</x2><x3>0.747270</x3><x4>20.89</x4><x5>1.0</x5></dataPoint>
        <dataPoint><x1>0.062687</x1><x2>0.195898</x2><x3>0.741414</x3><x4>29.22</x4><x5>0.9</x5></dataPoint>
        <dataPoint><x1>0.069975</x1><x2>0.194375</x2><x3>0.735650</x3><x4>35.55</x4><x5>0.7</x5></dataPoint>
        <dataPoint><x1>0.077150</x1><x2>0.192876</x2><x3>0.729974</x3><x4>40.30</x4><x5>0.7</x5></dataPoint>
        <dataPoint><x1>0.084216</x1><x2>0.191399</x2><x3>0.724386</x3><x4>42.94</x4><x5>0.8</x5></dataPoint>
        <dataPoint><x1>0.091173</x1><x2>0.189945</x2><x3>0.718882</x3><x4>43.26</x4><x5>0.8</x5></dataPoint>
        <dataPoint><x1>0.098026</x1><x2>0.188512</x2><x3>0.713461</x3><x4>40.72</x4><x5>0.9</x5></dataPoint>
        <dataPoint><x1>0.104777</x1><x2>0.187102</x2><x3>0.708121</x3><x4>35.13</x4><x5>1.2</x5></dataPoint>
        <dataPoint><x1>0.111427</x1><x2>0.185712</x2><x3>0.702861</x3><x4>26.80</x4><x5>1.1</x5></dataPoint>
        <dataPoint><x1>0.117979</x1><x2>0.184342</x2><x3>0.697679</x3><x4>19.41</x4><x5>1.0</x5></dataPoint>
        <dataPoint><x1>0.124435</x1><x2>0.182993</x2><x3>0.692572</x3><x4>13.72</x4><x5>1.2</x5></dataPoint>
        <dataPoint><x1>0.130798</x1><x2>0.181663</x2><x3>0.687539</x3><x4>09.18</x4><x5>1.6</x5></dataPoint>
    </dataGroup>
    <comment>Sl values reported in the paper were corrected by multiplication with factor 1.055 in accordance with the recommendations of Alekseev et al., Combust. Sci. Technol. 188 (2016), 853-894, Table 3</comment>
</experiment>
