<experiment>
    <fileAuthor>Chemical Kinetics Laboratory, Institute of Chemistry, ELTE, Budapest, Hungary</fileAuthor>
    <fileDOI>10.24388/x23003015</fileDOI>
    <fileVersion>
        <major>2</major>
        <minor>0</minor>
    </fileVersion>
    <ReSpecThVersion>
        <major>2</major>
        <minor>3</minor>
    </ReSpecThVersion>
    <firstPublicationDate>2015-10-11</firstPublicationDate>
    <lastModificationDate>2020-11-13</lastModificationDate>
    <bibliographyLink>
        <description>F. Rau, S. Hartl, S. Voss, C. Hasse, D. Trimis: Measurements and Numerical Study of Laminar Burning Velocities of Iso-octane and Ethanol Blends, Proceedings of the European Combustion Meeting 2013, Paper P4-77.</description>
        <location>Main Article</location>
        <details>
            <author>Rau, Florian and Hartl, Sandra and Voss, Stefan and Hasse, Christian and Trimis, Dimosthenis</author>
            <journal>Proceedings of the 6th European Combustion Meeting</journal>
            <pages>Paper P4--77</pages>
            <title>Measurements and Numerical Study of Laminar Burning Velocities of Iso-octane and Ethanol Blends</title>
            <volume>6</volume>
            <year>2013</year>
        </details>
    </bibliographyLink>
    <experimentType>laminar burning velocity measurement</experimentType>
    <apparatus>
        <kind>flame</kind>
        <mode>premixed</mode>
        <mode>laminar</mode>
        <mode>HFM</mode>
    </apparatus>
    <commonProperties>
        <property name="initial composition"           sourcetype="calculated" >
            <component><speciesLink preferredKey="C2H5OH"  CAS="64-17-5"    InChI="1S/C2H6O/c1-2-3/h3H,2H2,1H3"  SMILES="CCO"  chemName="ethanol"  /><amount units="mole fraction" >0.065129</amount></component>
            <component><speciesLink preferredKey="O2"      CAS="7782-44-7"  InChI="1S/O2/c1-2"                   SMILES="O=O"  chemName="oxygen"   /><amount units="mole fraction" >0.195388</amount></component>
            <component><speciesLink preferredKey="N2"      CAS="7727-37-9"  InChI="1S/N2/c1-2"                   SMILES="N#N"  chemName="nitrogen" /><amount units="mole fraction" >0.739483</amount></component>
        </property>
        <property name="pressure"                      label="P"  sourcetype="reported"    units="bar"           ><value>0.967</value></property>
        <property name="evaluated standard deviation"  sourcetype="estimated"   units="cm/s"           reference="laminar burning velocity"  kind="absolute"  method="statistical scatter" ><value>1.34</value></property>
    </commonProperties>
    <dataGroup id="dg1">
        <property name="temperature"               id="x1"   label="T"   sourcetype="reported"  units="K"    />
        <property name="laminar burning velocity"  id="x2"   label="Sl"  sourcetype="reported"  units="cm/s" />
        <property name="uncertainty"               id="x3"   sourcetype="reported"  units="cm/s"  reference="laminar burning velocity"  kind="absolute"  bound="plusminus" />

        <dataPoint><x1>323</x1><x2>44.44</x2><x3>0.88</x3></dataPoint>
        <dataPoint><x1>348</x1><x2>49.84</x2><x3>0.98</x3></dataPoint>
        <dataPoint><x1>373</x1><x2>57.03</x2><x3>1.14</x3></dataPoint>
    </dataGroup>
    <comment>additional data points provided by the author.</comment>
</experiment>
