<experiment>
    <fileAuthor>Chemical Kinetics Laboratory, Institute of Chemistry, ELTE, Budapest, Hungary</fileAuthor>
    <fileDOI>10.24388/x23003014</fileDOI>
    <fileVersion>
        <major>2</major>
        <minor>0</minor>
    </fileVersion>
    <ReSpecThVersion>
        <major>2</major>
        <minor>3</minor>
    </ReSpecThVersion>
    <firstPublicationDate>2015-10-11</firstPublicationDate>
    <lastModificationDate>2020-11-13</lastModificationDate>
    <bibliographyLink>
        <description>F. Rau, S. Hartl, S. Voss, C. Hasse, D. Trimis: Measurements and Numerical Study of Laminar Burning Velocities of Iso-octane and Ethanol Blends, Proceedings of the European Combustion Meeting 2013, Paper P4-77.</description>
        <location>Main Article</location>
        <figure>Fig. 5, full circle</figure>
        <details>
            <author>Rau, Florian and Hartl, Sandra and Voss, Stefan and Hasse, Christian and Trimis, Dimosthenis</author>
            <journal>Proceedings of the 6th European Combustion Meeting</journal>
            <pages>Paper P4--77</pages>
            <title>Measurements and Numerical Study of Laminar Burning Velocities of Iso-octane and Ethanol Blends</title>
            <volume>6</volume>
            <year>2013</year>
        </details>
    </bibliographyLink>
    <experimentType>laminar burning velocity measurement</experimentType>
    <apparatus>
        <kind>flame</kind>
        <mode>premixed</mode>
        <mode>laminar</mode>
        <mode>HFM</mode>
    </apparatus>
    <commonProperties>
        <property name="temperature"                   label="T"  sourcetype="reported"   units="K"    ><value>298</value></property>
        <property name="evaluated standard deviation"  sourcetype="estimated"  units="cm/s"  reference="laminar burning velocity"  kind="absolute"  method="statistical scatter" ><value>1.11</value></property>
    </commonProperties>
    <dataGroup id="dg1">
        <property name="composition"               id="x1"   label="[C2H5OH]"  sourcetype="calculated"  units="mole fraction" >
            <speciesLink preferredKey="C2H5OH"  CAS="64-17-5"    InChI="1S/C2H6O/c1-2-3/h3H,2H2,1H3"  SMILES="CCO"  chemName="ethanol"  />
        </property>
        <property name="composition"               id="x2"   label="[O2]"      sourcetype="calculated"  units="mole fraction" >
            <speciesLink preferredKey="O2"      CAS="7782-44-7"  InChI="1S/O2/c1-2"                   SMILES="O=O"  chemName="oxygen"   />
        </property>
        <property name="composition"               id="x3"   label="[N2]"      sourcetype="calculated"  units="mole fraction" >
            <speciesLink preferredKey="N2"      CAS="7727-37-9"  InChI="1S/N2/c1-2"                   SMILES="N#N"  chemName="nitrogen" />
        </property>
        <property name="laminar burning velocity"  id="x4"   label="Sl"        sourcetype="reported"    units="cm/s"          />
        <property name="uncertainty"               id="x5"   sourcetype="reported"    units="cm/s"           reference="laminar burning velocity"  kind="absolute"  bound="plusminus" />
        <property name="pressure"                  id="x6"   label="p"         sourcetype="reported"    units="bar"           />

        <dataPoint><x1>0.046499</x1><x2>0.199282</x2><x3>0.754219</x3><x4>21.46</x4><x5>0.73</x5><x6>0.953</x6></dataPoint>
        <dataPoint><x1>0.052791</x1><x2>0.197967</x2><x3>0.749242</x3><x4>28.48</x4><x5>0.62</x5><x6>0.951</x6></dataPoint>
        <dataPoint><x1>0.059001</x1><x2>0.196669</x2><x3>0.744330</x3><x4>35.66</x4><x5>0.80</x5><x6>0.945</x6></dataPoint>
        <dataPoint><x1>0.065129</x1><x2>0.195388</x2><x3>0.739483</x3><x4>40.28</x4><x5>0.85</x5><x6>0.946</x6></dataPoint>
        <dataPoint><x1>0.071179</x1><x2>0.194124</x2><x3>0.734698</x3><x4>42.04</x4><x5>0.87</x5><x6>0.953</x6></dataPoint>
    </dataGroup>
</experiment>
