<experiment>
    <fileAuthor>Chemical Kinetics Laboratory, Institute of Chemistry, ELTE, Budapest, Hungary</fileAuthor>
    <fileDOI>10.24388/x30003003_x</fileDOI>
    <fileVersion>
        <major>2</major>
        <minor>0</minor>
    </fileVersion>
    <ReSpecThVersion>
        <major>2</major>
        <minor>3</minor>
    </ReSpecThVersion>
    <firstPublicationDate>2015-10-11</firstPublicationDate>
    <lastModificationDate>2020-11-13</lastModificationDate>
    <bibliographyLink>
        <description>T.S. Norton, F.L. Dryer, Int. J. Chem. Kinet. (1992) 24, 319-344.</description>
        <referenceDOI>10.1002/kin.550240403</referenceDOI>
        <location>Main Article</location>
        <figure>Fig. 3</figure>
        <details>
            <author>Norton, Thomas S and Dryer, Frederick L</author>
            <journal>Int J Chem Kinet</journal>
            <pages>319--344</pages>
            <title>An Experimental and Modeling Study of Ethanol Oxidation Kinetics in an Atmospheric Pressure Flow Reactor</title>
            <volume>24</volume>
            <year>1992</year>
        </details>
    </bibliographyLink>
    <experimentType>concentration time profile measurement</experimentType>
    <apparatus>
        <kind>flow reactor</kind>
    </apparatus>
    <commonProperties>
        <property name="pressure"                      label="P"  sourcetype="reported"    units="atm"           ><value>1</value></property>
        <property name="temperature"                   label="T"  sourcetype="reported"    units="K"             ><value>1100</value></property>
        <property name="initial composition"           sourcetype="calculated" >
            <component><speciesLink preferredKey="C2H5OH"  CAS="64-17-5"    InChI="1S/C2H6O/c1-2-3/h3H,2H2,1H3"  SMILES="CCO"  chemName="ethanol"  /><amount units="mole fraction" >0.00581</amount></component>
            <component><speciesLink preferredKey="O2"      CAS="7782-44-7"  InChI="1S/O2/c1-2"                   SMILES="O=O"  chemName="oxygen"   /><amount units="mole fraction" >0.01407</amount></component>
            <component><speciesLink preferredKey="N2"      CAS="7727-37-9"  InChI="1S/N2/c1-2"                   SMILES="N#N"  chemName="nitrogen" /><amount units="mole fraction" >0.98012</amount></component>
        </property>
        <property name="evaluated standard deviation"  sourcetype="reported"    units="mole fraction"  reference="composition"  kind="absolute"  method="reported uncertainty" >
            <speciesLink preferredKey="C2H5OH"  CAS="64-17-5"    InChI="1S/C2H6O/c1-2-3/h3H,2H2,1H3"  SMILES="CCO"        chemName="ethanol"         />
            <value>0.000253</value>
        </property>
        <property name="evaluated standard deviation"  sourcetype="reported"    units="mole fraction"  reference="composition"  kind="absolute"  method="reported uncertainty" >
            <speciesLink preferredKey="H2"      CAS="1333-74-0"  InChI="1S/H2/h1H"                    SMILES="[HH]"       chemName="hydrogen"        />
            <value>0.000355</value>
        </property>
        <property name="evaluated standard deviation"  sourcetype="reported"    units="mole fraction"  reference="composition"  kind="absolute"  method="reported uncertainty" >
            <speciesLink preferredKey="CO"      CAS="630-08-0"   InChI="1S/CO/c1-2"                   SMILES="[C-]#[O+]"  chemName="carbon monoxide" />
            <value>0.000865</value>
        </property>
        <property name="evaluated standard deviation"  sourcetype="reported"    units="mole fraction"  reference="composition"  kind="absolute"  method="reported uncertainty" >
            <speciesLink preferredKey="CO2"     CAS="124-38-9"   InChI="1S/CO2/c2-1-3"                SMILES="C(=O)=O"    chemName="carbon dioxide"  />
            <value>0.000178</value>
        </property>
        <property name="evaluated standard deviation"  sourcetype="reported"    units="mole fraction"  reference="composition"  kind="absolute"  method="reported uncertainty" >
            <speciesLink preferredKey="CH3CHO"  CAS="75-07-0"    InChI="1S/C2H4O/c1-2-3/h2H,1H3"      SMILES="CC=O"       chemName="acetaldehyde"    />
            <value>9.06e-5</value>
        </property>
        <property name="evaluated standard deviation"  sourcetype="reported"    units="mole fraction"  reference="composition"  kind="absolute"  method="reported uncertainty" >
            <speciesLink preferredKey="CH4"     CAS="74-82-8"    InChI="1S/CH4/h1H4"                  SMILES="C"          chemName="methane"         />
            <value>0.000147</value>
        </property>
        <property name="evaluated standard deviation"  sourcetype="reported"    units="mole fraction"  reference="composition"  kind="absolute"  method="reported uncertainty" >
            <speciesLink preferredKey="C2H2"    CAS="74-86-2"    InChI="1S/C2H2/c1-2/h1-2H"           SMILES="C#C"        chemName="acetylene"       />
            <value>6.37e-6</value>
        </property>
        <property name="evaluated standard deviation"  sourcetype="reported"    units="mole fraction"  reference="composition"  kind="absolute"  method="reported uncertainty" >
            <speciesLink preferredKey="C2H4"    CAS="74-85-1"    InChI="1S/C2H4/c1-2/h1-2H2"          SMILES="C=C"        chemName="ethene"          />
            <value>0.00013</value>
        </property>
        <property name="evaluated standard deviation"  sourcetype="reported"    units="mole fraction"  reference="composition"  kind="absolute"  method="reported uncertainty" >
            <speciesLink preferredKey="C2H6"    CAS="74-84-0"    InChI="1S/C2H6/c1-2/h1-2H3"          SMILES="CC"         chemName="ethane"          />
            <value>2.16e-5</value>
        </property>
        <property name="evaluated standard deviation"  sourcetype="reported"    units="mole fraction"  reference="composition"  kind="absolute"  method="reported uncertainty" >
            <speciesLink preferredKey="C3H6"    CAS="115-07-1"   InChI="1S/C3H6/c1-3-2/h3H,1H2,2H3"   SMILES="CC=C"       chemName="propene"         />
            <value>1.13e-6</value>
        </property>
        <property name="evaluated standard deviation"  sourcetype="reported"    units="mole fraction"  reference="composition"  kind="absolute"  method="reported uncertainty" >
            <speciesLink preferredKey="C3H8"    CAS="74-98-6"    InChI="1S/C3H8/c1-3-2/h3H2,1-2H3"    SMILES="CCC"        chemName="propane"         />
            <value>5.89e-7</value>
        </property>
    </commonProperties>
    <dataGroup id="dg1">
        <property name="time"         id="x1"   label="t"         sourcetype="digitized"   units="ms"            />
        <property name="composition"  id="x2"   label="[C2H5OH]"  sourcetype="calculated"  units="mole fraction" >
            <speciesLink preferredKey="C2H5OH"  CAS="64-17-5"    InChI="1S/C2H6O/c1-2-3/h3H,2H2,1H3"  SMILES="CCO"        chemName="ethanol"         />
        </property>
        <property name="composition"  id="x3"   label="[H2]"      sourcetype="calculated"  units="mole fraction" >
            <speciesLink preferredKey="H2"      CAS="1333-74-0"  InChI="1S/H2/h1H"                    SMILES="[HH]"       chemName="hydrogen"        />
        </property>
        <property name="composition"  id="x4"   label="[CO]"      sourcetype="calculated"  units="mole fraction" >
            <speciesLink preferredKey="CO"      CAS="630-08-0"   InChI="1S/CO/c1-2"                   SMILES="[C-]#[O+]"  chemName="carbon monoxide" />
        </property>
        <property name="composition"  id="x5"   label="[CO2]"     sourcetype="calculated"  units="mole fraction" >
            <speciesLink preferredKey="CO2"     CAS="124-38-9"   InChI="1S/CO2/c2-1-3"                SMILES="C(=O)=O"    chemName="carbon dioxide"  />
        </property>
        <property name="composition"  id="x6"   label="[CH3CHO]"  sourcetype="calculated"  units="mole fraction" >
            <speciesLink preferredKey="CH3CHO"  CAS="75-07-0"    InChI="1S/C2H4O/c1-2-3/h2H,1H3"      SMILES="CC=O"       chemName="acetaldehyde"    />
        </property>
        <property name="composition"  id="x7"   label="[C2H4]"    sourcetype="calculated"  units="mole fraction" >
            <speciesLink preferredKey="C2H4"    CAS="74-85-1"    InChI="1S/C2H4/c1-2/h1-2H2"          SMILES="C=C"        chemName="ethene"          />
        </property>
        <property name="composition"  id="x8"   label="[CH4]"     sourcetype="calculated"  units="mole fraction" >
            <speciesLink preferredKey="CH4"     CAS="74-82-8"    InChI="1S/CH4/h1H4"                  SMILES="C"          chemName="methane"         />
        </property>
        <property name="composition"  id="x9"   label="[C2H6]"    sourcetype="calculated"  units="mole fraction" >
            <speciesLink preferredKey="C2H6"    CAS="74-84-0"    InChI="1S/C2H6/c1-2/h1-2H3"          SMILES="CC"         chemName="ethane"          />
        </property>
        <property name="composition"  id="x10"  label="[C2H2]"    sourcetype="calculated"  units="mole fraction" >
            <speciesLink preferredKey="C2H2"    CAS="74-86-2"    InChI="1S/C2H2/c1-2/h1-2H"           SMILES="C#C"        chemName="acetylene"       />
        </property>
        <property name="composition"  id="x11"  label="[C3H6]"    sourcetype="calculated"  units="mole fraction" >
            <speciesLink preferredKey="C3H6"    CAS="115-07-1"   InChI="1S/C3H6/c1-3-2/h3H,1H2,2H3"   SMILES="CC=C"       chemName="propene"         />
        </property>
        <property name="composition"  id="x12"  label="[C3H8]"    sourcetype="calculated"  units="mole fraction" >
            <speciesLink preferredKey="C3H8"    CAS="74-98-6"    InChI="1S/C3H8/c1-3-2/h3H2,1-2H3"    SMILES="CCC"        chemName="propane"         />
        </property>

        <dataPoint><x1>9.100E+00</x1><x2>2.5317E-03</x2><x3>9.5012E-04</x3><x4>1.8642E-03</x4><x5>3.2382E-04</x5><x6>9.0610E-04</x6><x7>7.4051E-04</x7><x8>4.8922E-04</x8><x9>1.0351E-04</x9><x10>1.0292E-05</x10><x11>3.1984E-06</x11><x12>3.7835E-06</x12></dataPoint>
        <dataPoint><x1>1.630E+01</x1><x2>1.8216E-03</x2><x3>1.3243E-03</x3><x4>2.6276E-03</x4><x5>3.4249E-04</x5><x6>8.6929E-04</x6><x7>9.3162E-04</x7><x8>6.9591E-04</x8><x9>1.4072E-04</x9><x10>1.1801E-05</x10><x11>5.3847E-06</x11><x12>3.7890E-06</x12></dataPoint>
        <dataPoint><x1>2.620E+01</x1><x2>1.2812E-03</x2><x3>1.6313E-03</x3><x4>3.2902E-03</x4><x5>3.6181E-04</x5><x6>7.9554E-04</x6><x7>1.0761E-03</x7><x8>8.6761E-04</x8><x9>1.7021E-04</x9><x10>1.4793E-05</x10><x11>7.3604E-06</x11><x12>3.9560E-06</x12></dataPoint>
        <dataPoint><x1>3.640E+01</x1><x2>9.7769E-04</x2><x3>1.8877E-03</x3><x4>3.8005E-03</x4><x5>3.9812E-04</x5><x6>6.7504E-04</x6><x7>1.1484E-03</x7><x8>9.9257E-04</x8><x9>1.8997E-04</x9><x10>1.7299E-05</x10><x11>8.6979E-06</x11><x12>4.1234E-06</x12></dataPoint>
        <dataPoint><x1>4.530E+01</x1><x2>7.6719E-04</x2><x3>2.1269E-03</x3><x4>4.2766E-03</x4><x5>3.8336E-04</x5><x6>5.6619E-04</x6><x7>1.2188E-03</x7><x8>1.1156E-03</x8><x9>2.0581E-04</x9><x10>1.9309E-05</x10><x11>9.5557E-06</x11><x12>4.0770E-06</x12></dataPoint>
        <dataPoint><x1>5.610E+01</x1><x2>5.3151E-04</x2><x3>2.2141E-03</x3><x4>4.7701E-03</x4><x5>4.0286E-04</x5><x6>4.6520E-04</x6><x7>1.2678E-03</x7><x8>1.2074E-03</x8><x9>2.1585E-04</x9><x10>2.2305E-05</x10><x11>1.0415E-05</x11><x12>4.1916E-06</x12></dataPoint>
        <dataPoint><x1>6.680E+01</x1><x2>3.7200E-04</x2><x3>2.3352E-03</x3><x4>5.1281E-03</x4><x5>4.5625E-04</x5><x6>3.6614E-04</x6><x7>1.2876E-03</x7><x8>1.3012E-03</x8><x9>2.1614E-04</x9><x10>2.4328E-05</x10><x11>1.1327E-05</x11><x12>4.1996E-06</x12></dataPoint>
        <dataPoint><x1>7.690E+01</x1><x2>2.1242E-04</x2><x3>2.5915E-03</x3><x4>5.4860E-03</x4><x5>4.4180E-04</x5><x6>2.8266E-04</x6><x7>1.2995E-03</x7><x8>1.3502E-03</x8><x9>2.1642E-04</x9><x10>2.8295E-05</x10><x11>1.1335E-05</x11><x12>4.2606E-06</x12></dataPoint>
        <dataPoint><x1>8.580E+01</x1><x2>1.2040E-04</x2><x3>2.8814E-03</x3><x4>5.8606E-03</x4><x5>4.7777E-04</x5><x6>2.0109E-04</x6><x7>1.2959E-03</x7><x8>1.4011E-03</x8><x9>2.0694E-04</x9><x10>3.2740E-05</x10><x11>1.1129E-05</x11><x12>4.5332E-06</x12></dataPoint>
        <dataPoint><x1>9.640E+01</x1><x2>7.0902E-05</x2><x3>2.8332E-03</x3><x4>6.3371E-03</x4><x5>5.3113E-04</x5><x6>1.3710E-04</x6><x7>1.2981E-03</x7><x8>1.4676E-03</x8><x9>2.0138E-04</x9><x10>3.5735E-05</x10><x11>1.0605E-05</x11><x12>4.7541E-06</x12></dataPoint>
        <dataPoint><x1>1.070E+02</x1><x2>4.4654E-06</x2><x3>3.0220E-03</x3><x4>6.8306E-03</x4><x5>5.6755E-04</x5><x6>6.7260E-05</x6><x7>1.2049E-03</x7><x8>1.4484E-03</x8><x9>1.8024E-04</x9><x10>4.5062E-05</x10><x11>9.7090E-06</x11><x12>5.3473E-06</x12></dataPoint>
        <dataPoint><x1>1.169E+02</x1><x2>-99999E+90</x2><x3>3.2106E-03</x3><x4>7.5100E-03</x4><x5>6.8843E-04</x5><x6>2.4685E-05</x6><x7>1.0377E-03</x7><x8>1.3572E-03</x8><x9>1.4936E-04</x9><x10>5.5360E-05</x10><x11>7.6421E-06</x11><x12>5.8867E-06</x12></dataPoint>
        <dataPoint><x1>1.258E+02</x1><x2>-99999E+90</x2><x3>3.5512E-03</x3><x4>8.2570E-03</x4><x5>8.9370E-04</x5><x6>7.3952E-06</x6><x7>7.7103E-04</x7><x8>1.1977E-03</x8><x9>1.1454E-04</x9><x10>6.3700E-05</x10><x11>6.2126E-06</x11><x12>5.6806E-06</x12></dataPoint>
        <dataPoint><x1>1.363E+02</x1><x2>-99999E+90</x2><x3>3.1645E-03</x3><x4>8.6488E-03</x4><x5>1.7765E-03</x5><x6>1.8414E-06</x6><x7>3.6613E-04</x7><x8>7.4600E-04</x8><x9>6.2237E-05</x9><x10>5.5007E-05</x10><x11>4.4653E-06</x11><x12>3.8801E-06</x12></dataPoint>
    </dataGroup>
    <timeshift target="C2H5OH" type="relative decrease" amount="0.2180"/>
</experiment>
