<experiment>
    <fileAuthor>Chemical Kinetics Laboratory, Institute of Chemistry, ELTE, Budapest, Hungary</fileAuthor>
    <fileDOI>10.24388/x30003006</fileDOI>
    <fileVersion>
        <major>2</major>
        <minor>0</minor>
    </fileVersion>
    <ReSpecThVersion>
        <major>2</major>
        <minor>3</minor>
    </ReSpecThVersion>
    <firstPublicationDate>2015-10-11</firstPublicationDate>
    <lastModificationDate>2020-11-13</lastModificationDate>
    <bibliographyLink>
        <description>M.U. Alzueta, J.M. Hernandez, Energy Fuels (2002), 16, 166-171.</description>
        <referenceDOI>10.1021/ef010153n</referenceDOI>
        <location>Main Article</location>
        <figure>Figs. 2-4, open square: air excess ratio=35.1 (set 5)</figure>
        <details>
            <author>Alzueta, M U and Hern{\'{a}}ndez, J M</author>
            <journal>Energy Fuels</journal>
            <number>1</number>
            <pages>166--171</pages>
            <title>Ethanol Oxidation and Its Interaction with Nitric Oxide</title>
            <volume>16</volume>
            <year>2002</year>
        </details>
    </bibliographyLink>
    <experimentType>outlet concentration measurement</experimentType>
    <apparatus>
        <kind>flow reactor</kind>
    </apparatus>
    <commonProperties>
        <property name="pressure"                      label="P"  sourcetype="reported"    units="atm"           ><value>1</value></property>
        <property name="initial composition"           sourcetype="calculated" >
            <component><speciesLink preferredKey="C2H5OH"  CAS="64-17-5"    InChI="1S/C2H6O/c1-2-3/h3H,2H2,1H3"  SMILES="CCO"  chemName="ethanol"  /><amount units="mole fraction" >0.000725</amount></component>
            <component><speciesLink preferredKey="O2"      CAS="7782-44-7"  InChI="1S/O2/c1-2"                   SMILES="O=O"  chemName="oxygen"   /><amount units="mole fraction" >0.076300</amount></component>
            <component><speciesLink preferredKey="H2O"     CAS="7732-18-5"  InChI="1S/H2O/h1H2"                  SMILES="O"    chemName="water"    /><amount units="mole fraction" >0.007000</amount></component>
            <component><speciesLink preferredKey="N2"      CAS="7727-37-9"  InChI="1S/N2/c1-2"                   SMILES="N#N"  chemName="nitrogen" /><amount units="mole fraction" >0.915975</amount></component>
        </property>
        <property name="evaluated standard deviation"  sourcetype="reported"    units="mole fraction"  reference="composition"  kind="absolute"  method="reported uncertainty" >
            <speciesLink preferredKey="C2H5OH"  CAS="64-17-5"    InChI="1S/C2H6O/c1-2-3/h3H,2H2,1H3"  SMILES="CCO"        chemName="ethanol"         />
            <value>3.62e-5</value>
        </property>
        <property name="evaluated standard deviation"  sourcetype="estimated"   units="mole fraction"  reference="composition"  kind="absolute"  method="statistical scatter"  >
            <speciesLink preferredKey="CO"      CAS="630-08-0"   InChI="1S/CO/c1-2"                   SMILES="[C-]#[O+]"  chemName="carbon monoxide" />
            <value>0.000141</value>
        </property>
        <property name="evaluated standard deviation"  sourcetype="estimated"   units="mole fraction"  reference="composition"  kind="absolute"  method="statistical scatter"  >
            <speciesLink preferredKey="CO2"     CAS="124-38-9"   InChI="1S/CO2/c2-1-3"                SMILES="C(=O)=O"    chemName="carbon dioxide"  />
            <value>0.000121</value>
        </property>
    </commonProperties>
    <dataGroup id="dg1">
        <property name="residence time"  id="x1"   label="t"         sourcetype="calculated"  units="s"             />
        <property name="composition"     id="x2"   label="[C2H5OH]"  sourcetype="calculated"  units="mole fraction" >
            <speciesLink preferredKey="C2H5OH"  CAS="64-17-5"   InChI="1S/C2H6O/c1-2-3/h3H,2H2,1H3"  SMILES="CCO"        chemName="ethanol"         />
        </property>
        <property name="composition"     id="x3"   label="[CO]"      sourcetype="calculated"  units="mole fraction" >
            <speciesLink preferredKey="CO"      CAS="630-08-0"  InChI="1S/CO/c1-2"                   SMILES="[C-]#[O+]"  chemName="carbon monoxide" />
        </property>
        <property name="composition"     id="x4"   label="[CO2]"     sourcetype="calculated"  units="mole fraction" >
            <speciesLink preferredKey="CO2"     CAS="124-38-9"  InChI="1S/CO2/c2-1-3"                SMILES="C(=O)=O"    chemName="carbon dioxide"  />
        </property>
        <property name="temperature"     id="x5"   label="T"         sourcetype="digitized"   units="K"             />

        <dataPoint><x1>3.0255E-01</x1><x2>7.2461E-04</x2><x3>2.6455E-06</x3><x4>0.0000E+00</x4> <x5>760.2</x5></dataPoint>
        <dataPoint><x1>2.7384E-01</x1><x2>7.2425E-04</x2><x3>2.6455E-06</x3><x4>0.0000E+00</x4> <x5>839.9</x5></dataPoint>
        <dataPoint><x1>2.6292E-01</x1><x2>6.9941E-04</x2><x3>5.8201E-05</x3><x4>0.0000E+00</x4> <x5>874.8</x5></dataPoint>
        <dataPoint><x1>2.4865E-01</x1><x2>4.3816E-04</x2><x3>4.1005E-04</x3><x4>1.7800E-04</x4> <x5>925.0</x5></dataPoint>
        <dataPoint><x1>2.3582E-01</x1><x2>3.1096E-04</x2><x3>5.9524E-04</x3><x4>2.1294E-04</x4> <x5>975.3</x5></dataPoint>
        <dataPoint><x1>2.2768E-01</x1><x2>2.3144E-04</x2><x3>7.0370E-04</x3><x4>3.3935E-04</x4><x5>1010.2</x5></dataPoint>
        <dataPoint><x1>2.1696E-01</x1><x2>1.0952E-04</x2><x3>2.1958E-04</x3><x4>1.0492E-03</x4><x5>1060.1</x5></dataPoint>
        <dataPoint><x1>2.0726E-01</x1><x2>7.4031E-05</x2><x3>0.0000E+00</x3><x4>1.2985E-03</x4><x5>1109.7</x5></dataPoint>
        <dataPoint><x1>1.9915E-01</x1><x2>7.0307E-05</x2><x3>0.0000E+00</x3><x4>1.3195E-03</x4><x5>1154.9</x5></dataPoint>
        <dataPoint><x1>1.9084E-01</x1><x2>3.4809E-05</x2><x3>0.0000E+00</x3><x4>1.3509E-03</x4><x5>1205.2</x5></dataPoint>
        <dataPoint><x1>1.8388E-01</x1><x2>0.0000E+00</x2><x3>0.0000E+00</x3><x4>1.4105E-03</x4><x5>1250.8</x5></dataPoint>
        <dataPoint><x1>1.7692E-01</x1><x2>0.0000E+00</x2><x3>0.0000E+00</x3><x4>1.4419E-03</x4><x5>1300.0</x5></dataPoint>
        <dataPoint><x1>1.7037E-01</x1><x2>0.0000E+00</x2><x3>0.0000E+00</x3><x4>1.4523E-03</x4><x5>1350.0</x5></dataPoint>
        <dataPoint><x1>1.6429E-01</x1><x2>0.0000E+00</x2><x3>0.0000E+00</x3><x4>1.4521E-03</x4><x5>1400.0</x5></dataPoint>
    </dataGroup>
</experiment>
