<experiment>
    <fileAuthor>Chemical Kinetics Laboratory, Institute of Chemistry, ELTE, Budapest, Hungary</fileAuthor>
    <fileDOI>10.24388/x30003022_x</fileDOI>
    <fileVersion>
        <major>2</major>
        <minor>0</minor>
    </fileVersion>
    <ReSpecThVersion>
        <major>2</major>
        <minor>3</minor>
    </ReSpecThVersion>
    <firstPublicationDate>2015-10-11</firstPublicationDate>
    <lastModificationDate>2020-11-13</lastModificationDate>
    <bibliographyLink>
        <description>J. Li, A. Kazakov, M. Chaos, F.L. Dryer, 5th US Combustion Meeting 2007, Paper #C26.</description>
        <location>Main Article</location>
        <figure>Fig. 7 bottom</figure>
        <details>
            <author>Li, J and Kazakov, A and Chaos, M and Dryer, F L</author>
            <journal>5$^{\text{th}}$ US Combustion Meeting</journal>
            <pages>Paper {\#} C26</pages>
            <title>Chemical Kinetics of Ethanol Oxidation</title>
            <year>2007</year>
        </details>
    </bibliographyLink>
    <experimentType>concentration time profile measurement</experimentType>
    <apparatus>
        <kind>flow reactor</kind>
    </apparatus>
    <commonProperties>
        <property name="pressure"                      label="P"  sourcetype="reported"    units="atm"           ><value>9</value></property>
        <property name="temperature"                   label="T"  sourcetype="reported"    units="K"             ><value>830</value></property>
        <property name="initial composition"           sourcetype="calculated" >
            <component><speciesLink preferredKey="C2H5OH"  CAS="64-17-5"    InChI="1S/C2H6O/c1-2-3/h3H,2H2,1H3"  SMILES="CCO"  chemName="ethanol"  /><amount units="mole fraction" >0.0030</amount></component>
            <component><speciesLink preferredKey="O2"      CAS="7782-44-7"  InChI="1S/O2/c1-2"                   SMILES="O=O"  chemName="oxygen"   /><amount units="mole fraction" >0.0064</amount></component>
            <component><speciesLink preferredKey="N2"      CAS="7727-37-9"  InChI="1S/N2/c1-2"                   SMILES="N#N"  chemName="nitrogen" /><amount units="mole fraction" >0.9906</amount></component>
        </property>
        <property name="evaluated standard deviation"  sourcetype="reported"    units="mole fraction"  reference="composition"  kind="absolute"  method="reported uncertainty" >
            <speciesLink preferredKey="C2H5OH"  CAS="64-17-5"    InChI="1S/C2H6O/c1-2-3/h3H,2H2,1H3"  SMILES="CCO"        chemName="ethanol"         />
            <value>0.000128</value>
        </property>
        <property name="evaluated standard deviation"  sourcetype="reported"    units="mole fraction"  reference="composition"  kind="absolute"  method="reported uncertainty" >
            <speciesLink preferredKey="O2"      CAS="7782-44-7"  InChI="1S/O2/c1-2"                   SMILES="O=O"        chemName="oxygen"          />
            <value>0.000635</value>
        </property>
        <property name="evaluated standard deviation"  sourcetype="reported"    units="mole fraction"  reference="composition"  kind="absolute"  method="reported uncertainty" >
            <speciesLink preferredKey="H2O"     CAS="7732-18-5"  InChI="1S/H2O/h1H2"                  SMILES="O"          chemName="water"           />
            <value>0.000581</value>
        </property>
        <property name="evaluated standard deviation"  sourcetype="reported"    units="mole fraction"  reference="composition"  kind="absolute"  method="reported uncertainty" >
            <speciesLink preferredKey="CO"      CAS="630-08-0"   InChI="1S/CO/c1-2"                   SMILES="[C-]#[O+]"  chemName="carbon monoxide" />
            <value>0.000358</value>
        </property>
        <property name="evaluated standard deviation"  sourcetype="reported"    units="mole fraction"  reference="composition"  kind="absolute"  method="reported uncertainty" >
            <speciesLink preferredKey="CO2"     CAS="124-38-9"   InChI="1S/CO2/c2-1-3"                SMILES="C(=O)=O"    chemName="carbon dioxide"  />
            <value>4.04e-5</value>
        </property>
        <property name="evaluated standard deviation"  sourcetype="reported"    units="mole fraction"  reference="composition"  kind="absolute"  method="reported uncertainty" >
            <speciesLink preferredKey="CH2O"    CAS="50-00-0"    InChI="1S/CH2O/c1-2/h1H2"            SMILES="C=O"        chemName="formaldehyde"    />
            <value>1.76e-5</value>
        </property>
        <property name="evaluated standard deviation"  sourcetype="reported"    units="mole fraction"  reference="composition"  kind="absolute"  method="reported uncertainty" >
            <speciesLink preferredKey="CH3CHO"  CAS="75-07-0"    InChI="1S/C2H4O/c1-2-3/h2H,1H3"      SMILES="CC=O"       chemName="acetaldehyde"    />
            <value>3.39e-5</value>
        </property>
        <property name="evaluated standard deviation"  sourcetype="reported"    units="mole fraction"  reference="composition"  kind="absolute"  method="reported uncertainty" >
            <speciesLink preferredKey="CH4"     CAS="74-82-8"    InChI="1S/CH4/h1H4"                  SMILES="C"          chemName="methane"         />
            <value>4.51e-5</value>
        </property>
        <property name="evaluated standard deviation"  sourcetype="reported"    units="mole fraction"  reference="composition"  kind="absolute"  method="reported uncertainty" >
            <speciesLink preferredKey="C2H4"    CAS="74-85-1"    InChI="1S/C2H4/c1-2/h1-2H2"          SMILES="C=C"        chemName="ethene"          />
            <value>5.49e-5</value>
        </property>
        <property name="evaluated standard deviation"  sourcetype="reported"    units="mole fraction"  reference="composition"  kind="absolute"  method="reported uncertainty" >
            <speciesLink preferredKey="C2H6"    CAS="74-84-0"    InChI="1S/C2H6/c1-2/h1-2H3"          SMILES="CC"         chemName="ethane"          />
            <value>2.74e-6</value>
        </property>
    </commonProperties>
    <dataGroup id="dg1">
        <property name="time"         id="x1"   label="t"         sourcetype="digitized"   units="s"             />
        <property name="composition"  id="x2"   label="[C2H5OH]"  sourcetype="calculated"  units="mole fraction" >
            <speciesLink preferredKey="C2H5OH"  CAS="64-17-5"    InChI="1S/C2H6O/c1-2-3/h3H,2H2,1H3"  SMILES="CCO"        chemName="ethanol"         />
        </property>
        <property name="composition"  id="x3"   label="[O2]"      sourcetype="calculated"  units="mole fraction" >
            <speciesLink preferredKey="O2"      CAS="7782-44-7"  InChI="1S/O2/c1-2"                   SMILES="O=O"        chemName="oxygen"          />
        </property>
        <property name="composition"  id="x4"   label="[H2O]"     sourcetype="calculated"  units="mole fraction" >
            <speciesLink preferredKey="H2O"     CAS="7732-18-5"  InChI="1S/H2O/h1H2"                  SMILES="O"          chemName="water"           />
        </property>
        <property name="composition"  id="x5"   label="[CO]"      sourcetype="calculated"  units="mole fraction" >
            <speciesLink preferredKey="CO"      CAS="630-08-0"   InChI="1S/CO/c1-2"                   SMILES="[C-]#[O+]"  chemName="carbon monoxide" />
        </property>
        <property name="composition"  id="x6"   label="[CO2]"     sourcetype="calculated"  units="mole fraction" >
            <speciesLink preferredKey="CO2"     CAS="124-38-9"   InChI="1S/CO2/c2-1-3"                SMILES="C(=O)=O"    chemName="carbon dioxide"  />
        </property>
        <property name="composition"  id="x7"   label="[C2H4]"    sourcetype="calculated"  units="mole fraction" >
            <speciesLink preferredKey="C2H4"    CAS="74-85-1"    InChI="1S/C2H4/c1-2/h1-2H2"          SMILES="C=C"        chemName="ethene"          />
        </property>
        <property name="composition"  id="x8"   label="[CH4]"     sourcetype="calculated"  units="mole fraction" >
            <speciesLink preferredKey="CH4"     CAS="74-82-8"    InChI="1S/CH4/h1H4"                  SMILES="C"          chemName="methane"         />
        </property>
        <property name="composition"  id="x9"   label="[CH3CHO]"  sourcetype="calculated"  units="mole fraction" >
            <speciesLink preferredKey="CH3CHO"  CAS="75-07-0"    InChI="1S/C2H4O/c1-2-3/h2H,1H3"      SMILES="CC=O"       chemName="acetaldehyde"    />
        </property>
        <property name="composition"  id="x10"  label="[C2H6]"    sourcetype="calculated"  units="mole fraction" >
            <speciesLink preferredKey="C2H6"    CAS="74-84-0"    InChI="1S/C2H6/c1-2/h1-2H3"          SMILES="CC"         chemName="ethane"          />
        </property>
        <property name="composition"  id="x11"  label="[CH2O]"    sourcetype="calculated"  units="mole fraction" >
            <speciesLink preferredKey="CH2O"    CAS="50-00-0"    InChI="1S/CH2O/c1-2/h1H2"            SMILES="C=O"        chemName="formaldehyde"    />
        </property>

        <dataPoint><x1>2.0213E-02</x1><x2>1.2779E-03</x2><x3>6.3477E-03</x3><x4>3.8039E-04</x4><x5>4.7548E-05</x5><x6>2.9718E-05</x6><x7>2.2857E-04</x7><x8>0.0000E+00</x8><x9>4.1667E-05</x9><x10>3.1746E-06</x10><x11>1.4286E-05</x11></dataPoint>
        <dataPoint><x1>4.9185E-02</x1><x2>1.2065E-03</x2><x3>6.3239E-03</x3><x4>4.9926E-04</x4><x5>7.1322E-05</x5><x6>2.9718E-05</x6><x7>2.8095E-04</x7><x8>1.1905E-06</x8><x9>7.7976E-05</x9><x10>3.1746E-06</x10><x11>2.6190E-05</x11></dataPoint>
        <dataPoint><x1>8.5065E-02</x1><x2>1.1382E-03</x2><x3>6.1337E-03</x3><x4>6.5379E-04</x4><x5>1.3076E-04</x5><x6>3.2690E-05</x6><x7>3.2619E-04</x7><x8>5.9524E-06</x8><x9>1.3155E-04</x9><x10>4.1667E-06</x10><x11>4.7619E-05</x11></dataPoint>
        <dataPoint><x1>1.3273E-01</x1><x2>1.0282E-03</x2><x3>6.0030E-03</x3><x4>8.7964E-04</x4><x5>2.2585E-04</x5><x6>3.5661E-05</x6><x7>3.7500E-04</x7><x8>2.7381E-05</x8><x9>1.9226E-04</x9><x10>4.5635E-06</x10><x11>7.1429E-05</x11></dataPoint>
        <dataPoint><x1>1.9405E-01</x1><x2>8.9153E-04</x2><x3>5.7771E-03</x3><x4>1.1768E-03</x4><x5>3.6850E-04</x5><x6>4.1605E-05</x6><x7>4.2619E-04</x7><x8>6.6667E-05</x8><x9>2.5417E-04</x9><x10>7.5397E-06</x10><x11>1.0000E-04</x11></dataPoint>
        <dataPoint><x1>2.6917E-01</x1><x2>7.5780E-04</x2><x3>5.4562E-03</x3><x4>1.5691E-03</x4><x5>6.5379E-04</x5><x6>5.0520E-05</x6><x7>4.6548E-04</x7><x8>1.1905E-04</x8><x9>3.0774E-04</x9><x10>1.0317E-05</x10><x11>1.2143E-04</x11></dataPoint>
        <dataPoint><x1>3.5458E-01</x1><x2>6.0030E-04</x2><x3>5.0996E-03</x3><x4>2.1159E-03</x4><x5>9.8663E-04</x5><x6>6.2407E-05</x6><x7>5.0476E-04</x7><x8>1.8452E-04</x8><x9>3.3929E-04</x9><x10>1.4881E-05</x10><x11>1.5000E-04</x11></dataPoint>
        <dataPoint><x1>4.4436E-01</x1><x2>4.2496E-04</x2><x3>4.6003E-03</x3><x4>2.8291E-03</x4><x5>1.5097E-03</x5><x6>8.6181E-05</x6><x7>5.3452E-04</x7><x8>2.6667E-04</x8><x9>3.1845E-04</x9><x10>2.0437E-05</x10><x11>1.6905E-04</x11></dataPoint>
        <dataPoint><x1>5.3380E-01</x1><x2>3.1501E-04</x2><x3>4.2556E-03</x3><x4>3.3640E-03</x4><x5>1.8900E-03</x5><x6>1.0698E-04</x6><x7>5.4405E-04</x7><x8>3.2262E-04</x8><x9>2.8095E-04</x9><x10>2.3413E-05</x10><x11>1.7619E-04</x11></dataPoint>
        <dataPoint><x1>6.2476E-01</x1><x2>2.2585E-04</x2><x3>3.9227E-03</x3><x4>3.9109E-03</x4><x5>2.2585E-03</x5><x6>1.3076E-04</x6><x7>5.4881E-04</x7><x8>3.6786E-04</x8><x9>2.3512E-04</x9><x10>2.5794E-05</x10><x11>1.7143E-04</x11></dataPoint>
        <dataPoint><x1>7.1488E-01</x1><x2>1.5750E-04</x2><x3>3.6731E-03</x3><x4>4.2794E-03</x4><x5>2.5676E-03</x5><x6>1.6345E-04</x6><x7>5.4167E-04</x7><x8>3.9881E-04</x8><x9>1.8571E-04</x9><x10>2.6389E-05</x10><x11>1.6429E-04</x11></dataPoint>
        <dataPoint><x1>8.0517E-01</x1><x2>1.0401E-04</x2><x3>3.3640E-03</x3><x4>4.7192E-03</x4><x5>2.8886E-03</x5><x6>2.0208E-04</x6><x7>5.3452E-04</x7><x8>4.2619E-04</x8><x9>1.3869E-04</x9><x10>2.7381E-05</x10><x11>1.5476E-04</x11></dataPoint>
        <dataPoint><x1>8.9427E-01</x1><x2>7.1323E-05</x2><x3>3.1501E-03</x3><x4>5.0282E-03</x4><x5>3.0788E-03</x5><x6>2.4071E-04</x6><x7>5.1429E-04</x7><x8>4.4048E-04</x8><x9>1.0298E-04</x9><x10>2.6786E-05</x10><x11>1.4524E-04</x11></dataPoint>
        <dataPoint><x1>9.8439E-01</x1><x2>5.3492E-05</x2><x3>3.0193E-03</x3><x4>5.2303E-03</x4><x5>3.2095E-03</x5><x6>2.7340E-04</x6><x7>4.9881E-04</x7><x8>4.4286E-04</x8><x9>8.1548E-05</x9><x10>2.4802E-05</x10><x11>1.3333E-04</x11></dataPoint>
        <dataPoint><x1>1.0742E+00</x1><x2>3.5661E-05</x2><x3>2.9005E-03</x3><x4>5.3611E-03</x4><x5>3.3046E-03</x5><x6>2.9421E-04</x6><x7>4.8452E-04</x7><x8>4.4762E-04</x8><x9>6.6072E-05</x9><x10>2.2818E-05</x10><x11>1.2619E-04</x11></dataPoint>
        <dataPoint><x1>1.1641E+00</x1><x2>2.3774E-05</x2><x3>2.7935E-03</x3><x4>5.4799E-03</x4><x5>3.3759E-03</x5><x6>3.1798E-04</x6><x7>4.7262E-04</x7><x8>4.5000E-04</x8><x9>5.4762E-05</x9><x10>2.2818E-05</x10><x11>1.1905E-04</x11></dataPoint>
        <dataPoint><x1>1.2547E+00</x1><x2>1.4859E-05</x2><x3>2.7103E-03</x3><x4>5.5750E-03</x4><x5>3.4591E-03</x5><x6>3.4473E-04</x6><x7>4.5595E-04</x7><x8>4.4881E-04</x8><x9>4.2262E-05</x9><x10>2.0833E-05</x10><x11>1.0952E-04</x11></dataPoint>
        <dataPoint><x1>1.3449E+00</x1><x2>8.9153E-06</x2><x3>2.6033E-03</x3><x4>5.7058E-03</x4><x5>3.5186E-03</x5><x6>3.7147E-04</x6><x7>4.4286E-04</x7><x8>4.5119E-04</x8><x9>3.4524E-05</x9><x10>2.0635E-05</x10><x11>1.0238E-04</x11></dataPoint>
        <dataPoint><x1>1.4353E+00</x1><x2>2.9718E-06</x2><x3>2.5201E-03</x3><x4>5.8128E-03</x4><x5>3.5780E-03</x5><x6>4.0416E-04</x6><x7>4.2857E-04</x7><x8>4.4881E-04</x8><x9>2.4405E-05</x9><x10>1.8651E-05</x10><x11>1.0000E-04</x11></dataPoint>
    </dataGroup>
    <timeshift target="C2H5OH" type="half decrease"/>
    <comment>The measurement uncertainties for the data reported here are: O2 - ±2%, CO - ±2%, CO2 - ±2%, C2H5OH - ±3%, H2O - ±6%, C2H4 - ±3%, CH4 - ±4%, CH3CHO - ±3%, CH2O - ±3%, C2H6 - ±4%, and C2H2 - ±3% of reading</comment>
</experiment>
