<experiment>
    <fileAuthor>Chemical Kinetics Laboratory, Institute of Chemistry, ELTE, Budapest, Hungary</fileAuthor>
    <fileDOI>10.24388/x30003002_x</fileDOI>
    <fileVersion>
        <major>2</major>
        <minor>0</minor>
    </fileVersion>
    <ReSpecThVersion>
        <major>2</major>
        <minor>3</minor>
    </ReSpecThVersion>
    <firstPublicationDate>2015-10-11</firstPublicationDate>
    <lastModificationDate>2020-11-13</lastModificationDate>
    <bibliographyLink>
        <description>T.S. Norton, F.L. Dryer, Int. J. Chem. Kinet. (1992) 24, 319-344.</description>
        <referenceDOI>10.1002/kin.550240403</referenceDOI>
        <location>Main Article</location>
        <figure>Fig. 2</figure>
        <details>
            <author>Norton, Thomas S and Dryer, Frederick L</author>
            <journal>Int J Chem Kinet</journal>
            <pages>319--344</pages>
            <title>An Experimental and Modeling Study of Ethanol Oxidation Kinetics in an Atmospheric Pressure Flow Reactor</title>
            <volume>24</volume>
            <year>1992</year>
        </details>
    </bibliographyLink>
    <experimentType>concentration time profile measurement</experimentType>
    <apparatus>
        <kind>flow reactor</kind>
    </apparatus>
    <commonProperties>
        <property name="pressure"                      label="P"  sourcetype="reported"    units="atm"           ><value>1</value></property>
        <property name="temperature"                   label="T"  sourcetype="reported"    units="K"             ><value>1090</value></property>
        <property name="initial composition"           sourcetype="calculated" >
            <component><speciesLink preferredKey="C2H5OH"  CAS="64-17-5"    InChI="1S/C2H6O/c1-2-3/h3H,2H2,1H3"  SMILES="CCO"  chemName="ethanol"  /><amount units="mole fraction" >0.00588</amount></component>
            <component><speciesLink preferredKey="O2"      CAS="7782-44-7"  InChI="1S/O2/c1-2"                   SMILES="O=O"  chemName="oxygen"   /><amount units="mole fraction" >0.02185</amount></component>
            <component><speciesLink preferredKey="N2"      CAS="7727-37-9"  InChI="1S/N2/c1-2"                   SMILES="N#N"  chemName="nitrogen" /><amount units="mole fraction" >0.97227</amount></component>
        </property>
        <property name="evaluated standard deviation"  sourcetype="reported"    units="mole fraction"  reference="composition"  kind="absolute"  method="reported uncertainty" >
            <speciesLink preferredKey="C2H5OH"  CAS="64-17-5"    InChI="1S/C2H6O/c1-2-3/h3H,2H2,1H3"  SMILES="CCO"        chemName="ethanol"         />
            <value>0.000397</value>
        </property>
        <property name="evaluated standard deviation"  sourcetype="reported"    units="mole fraction"  reference="composition"  kind="absolute"  method="reported uncertainty" >
            <speciesLink preferredKey="H2"      CAS="1333-74-0"  InChI="1S/H2/h1H"                    SMILES="[HH]"       chemName="hydrogen"        />
            <value>0.000701</value>
        </property>
        <property name="evaluated standard deviation"  sourcetype="reported"    units="mole fraction"  reference="composition"  kind="absolute"  method="reported uncertainty" >
            <speciesLink preferredKey="CO"      CAS="630-08-0"   InChI="1S/CO/c1-2"                   SMILES="[C-]#[O+]"  chemName="carbon monoxide" />
            <value>0.00123</value>
        </property>
        <property name="evaluated standard deviation"  sourcetype="estimated"   units="mole fraction"  reference="composition"  kind="absolute"  method="statistical scatter"  >
            <speciesLink preferredKey="CO2"     CAS="124-38-9"   InChI="1S/CO2/c2-1-3"                SMILES="C(=O)=O"    chemName="carbon dioxide"  />
            <value>0.000196</value>
        </property>
        <property name="evaluated standard deviation"  sourcetype="reported"    units="mole fraction"  reference="composition"  kind="absolute"  method="reported uncertainty" >
            <speciesLink preferredKey="CH3CHO"  CAS="75-07-0"    InChI="1S/C2H4O/c1-2-3/h2H,1H3"      SMILES="CC=O"       chemName="acetaldehyde"    />
            <value>0.000233</value>
        </property>
        <property name="evaluated standard deviation"  sourcetype="reported"    units="mole fraction"  reference="composition"  kind="absolute"  method="reported uncertainty" >
            <speciesLink preferredKey="CH4"     CAS="74-82-8"    InChI="1S/CH4/h1H4"                  SMILES="C"          chemName="methane"         />
            <value>0.000123</value>
        </property>
        <property name="evaluated standard deviation"  sourcetype="reported"    units="mole fraction"  reference="composition"  kind="absolute"  method="reported uncertainty" >
            <speciesLink preferredKey="C2H2"    CAS="74-86-2"    InChI="1S/C2H2/c1-2/h1-2H"           SMILES="C#C"        chemName="acetylene"       />
            <value>2.53e-6</value>
        </property>
        <property name="evaluated standard deviation"  sourcetype="reported"    units="mole fraction"  reference="composition"  kind="absolute"  method="reported uncertainty" >
            <speciesLink preferredKey="C2H4"    CAS="74-85-1"    InChI="1S/C2H4/c1-2/h1-2H2"          SMILES="C=C"        chemName="ethene"          />
            <value>0.000103</value>
        </property>
        <property name="evaluated standard deviation"  sourcetype="reported"    units="mole fraction"  reference="composition"  kind="absolute"  method="reported uncertainty" >
            <speciesLink preferredKey="C2H6"    CAS="74-84-0"    InChI="1S/C2H6/c1-2/h1-2H3"          SMILES="CC"         chemName="ethane"          />
            <value>2.09e-5</value>
        </property>
        <property name="evaluated standard deviation"  sourcetype="reported"    units="mole fraction"  reference="composition"  kind="absolute"  method="reported uncertainty" >
            <speciesLink preferredKey="C3H6"    CAS="115-07-1"   InChI="1S/C3H6/c1-3-2/h3H,1H2,2H3"   SMILES="CC=C"       chemName="propene"         />
            <value>1.12e-6</value>
        </property>
        <property name="evaluated standard deviation"  sourcetype="reported"    units="mole fraction"  reference="composition"  kind="absolute"  method="reported uncertainty" >
            <speciesLink preferredKey="C3H8"    CAS="74-98-6"    InChI="1S/C3H8/c1-3-2/h3H2,1-2H3"    SMILES="CCC"        chemName="propane"         />
            <value>5.88e-7</value>
        </property>
    </commonProperties>
    <dataGroup id="dg1">
        <property name="time"         id="x1"   label="t"         sourcetype="digitized"   units="ms"            />
        <property name="composition"  id="x2"   label="[C2H5OH]"  sourcetype="calculated"  units="mole fraction" >
            <speciesLink preferredKey="C2H5OH"  CAS="64-17-5"    InChI="1S/C2H6O/c1-2-3/h3H,2H2,1H3"  SMILES="CCO"        chemName="ethanol"         />
        </property>
        <property name="composition"  id="x3"   label="[H2]"      sourcetype="calculated"  units="mole fraction" >
            <speciesLink preferredKey="H2"      CAS="1333-74-0"  InChI="1S/H2/h1H"                    SMILES="[HH]"       chemName="hydrogen"        />
        </property>
        <property name="composition"  id="x4"   label="[CO]"      sourcetype="calculated"  units="mole fraction" >
            <speciesLink preferredKey="CO"      CAS="630-08-0"   InChI="1S/CO/c1-2"                   SMILES="[C-]#[O+]"  chemName="carbon monoxide" />
        </property>
        <property name="composition"  id="x5"   label="[CO2]"     sourcetype="calculated"  units="mole fraction" >
            <speciesLink preferredKey="CO2"     CAS="124-38-9"   InChI="1S/CO2/c2-1-3"                SMILES="C(=O)=O"    chemName="carbon dioxide"  />
        </property>
        <property name="composition"  id="x6"   label="[CH3CHO]"  sourcetype="calculated"  units="mole fraction" >
            <speciesLink preferredKey="CH3CHO"  CAS="75-07-0"    InChI="1S/C2H4O/c1-2-3/h2H,1H3"      SMILES="CC=O"       chemName="acetaldehyde"    />
        </property>
        <property name="composition"  id="x7"   label="[C2H4]"    sourcetype="calculated"  units="mole fraction" >
            <speciesLink preferredKey="C2H4"    CAS="74-85-1"    InChI="1S/C2H4/c1-2/h1-2H2"          SMILES="C=C"        chemName="ethene"          />
        </property>
        <property name="composition"  id="x8"   label="[CH4]"     sourcetype="calculated"  units="mole fraction" >
            <speciesLink preferredKey="CH4"     CAS="74-82-8"    InChI="1S/CH4/h1H4"                  SMILES="C"          chemName="methane"         />
        </property>
        <property name="composition"  id="x9"   label="[C2H6]"    sourcetype="calculated"  units="mole fraction" >
            <speciesLink preferredKey="C2H6"    CAS="74-84-0"    InChI="1S/C2H6/c1-2/h1-2H3"          SMILES="CC"         chemName="ethane"          />
        </property>
        <property name="composition"  id="x10"  label="[C2H2]"    sourcetype="calculated"  units="mole fraction" >
            <speciesLink preferredKey="C2H2"    CAS="74-86-2"    InChI="1S/C2H2/c1-2/h1-2H"           SMILES="C#C"        chemName="acetylene"       />
        </property>
        <property name="composition"  id="x11"  label="[C3H6]"    sourcetype="calculated"  units="mole fraction" >
            <speciesLink preferredKey="C3H6"    CAS="115-07-1"   InChI="1S/C3H6/c1-3-2/h3H,1H2,2H3"   SMILES="CC=C"       chemName="propene"         />
        </property>
        <property name="composition"  id="x12"  label="[C3H8]"    sourcetype="calculated"  units="mole fraction" >
            <speciesLink preferredKey="C3H8"    CAS="74-98-6"    InChI="1S/C3H8/c1-3-2/h3H2,1-2H3"    SMILES="CCC"        chemName="propane"         />
        </property>

        <dataPoint><x1>3.70E+00</x1><x2>3.9717E-03</x2><x3>3.9038E-04</x3><x4>9.5050E-04</x4><x5>2.0368E-04</x5><x6>8.9657E-04</x6><x7>4.3568E-04</x7><x8>2.2408E-04</x8><x9>4.6011E-05</x9><x10>1.5516E-06</x10><x11>-99999E+90</x11><x12>-99999E+90</x12></dataPoint>
        <dataPoint><x1>6.40E+00</x1><x2>3.0212E-03</x2><x3>7.1287E-04</x3><x4>1.6464E-03</x4><x5>2.3762E-04</x5><x6>1.0348E-03</x6><x7>6.6816E-04</x7><x8>3.9791E-04</x8><x9>8.1569E-05</x9><x10>2.5850E-06</x10><x11>-99999E+90</x11><x12>-99999E+90</x12></dataPoint>
        <dataPoint><x1>1.15E+01</x1><x2>2.1895E-03</x2><x3>1.0523E-03</x3><x4>2.4272E-03</x4><x5>2.5460E-04</x5><x6>1.0200E-03</x6><x7>8.6708E-04</x7><x8>5.8845E-04</x8><x9>1.2127E-04</x9><x10>3.6069E-06</x10><x11>4.9557E-06</x11><x12>-99999E+90</x12></dataPoint>
        <dataPoint><x1>1.84E+01</x1><x2>1.5785E-03</x2><x3>1.3579E-03</x3><x4>3.2249E-03</x4><x5>2.8854E-04</x5><x6>9.2769E-04</x6><x7>1.0220E-03</x7><x8>7.6847E-04</x8><x9>1.5673E-04</x9><x10>6.1885E-06</x10><x11>6.8592E-06</x11><x12>-99999E+90</x12></dataPoint>
        <dataPoint><x1>2.55E+01</x1><x2>1.1796E-03</x2><x3>1.6125E-03</x3><x4>3.8699E-03</x4><x5>3.0552E-04</x5><x6>7.9765E-04</x6><x7>1.1014E-03</x7><x8>9.0449E-04</x8><x9>1.7964E-04</x9><x10>8.2460E-06</x10><x11>8.4628E-06</x11><x12>-99999E+90</x12></dataPoint>
        <dataPoint><x1>3.18E+01</x1><x2>8.2320E-04</x2><x3>1.8331E-03</x3><x4>4.5149E-03</x4><x5>3.0552E-04</x5><x6>6.5506E-04</x6><x7>1.1767E-03</x7><x8>1.0259E-03</x8><x9>2.0045E-04</x9><x10>1.1356E-05</x10><x11>9.7160E-06</x11><x12>5.7159E-06</x12></dataPoint>
        <dataPoint><x1>3.93E+01</x1><x2>5.9406E-04</x2><x3>1.9180E-03</x3><x4>5.0750E-03</x4><x5>3.5644E-04</x5><x6>5.3130E-04</x6><x7>1.2143E-03</x7><x8>1.1221E-03</x8><x9>2.0239E-04</x9><x10>1.2888E-05</x10><x11>1.0620E-05</x11><x12>5.7196E-06</x12></dataPoint>
        <dataPoint><x1>4.68E+01</x1><x2>3.8190E-04</x2><x3>2.1386E-03</x3><x4>5.6860E-03</x4><x5>3.9038E-04</x5><x6>4.0544E-04</x6><x7>1.2309E-03</x7><x8>1.2015E-03</x8><x9>2.0852E-04</x9><x10>1.5991E-05</x10><x11>1.1223E-05</x11><x12>5.6734E-06</x12></dataPoint>
        <dataPoint><x1>5.38E+01</x1><x2>1.3579E-04</x2><x3>2.2914E-03</x3><x4>6.3819E-03</x4><x5>4.7525E-04</x5><x6>2.6703E-04</x6><x7>1.1993E-03</x7><x8>1.2517E-03</x8><x9>1.9790E-04</x9><x10>2.1192E-05</x10><x11>1.1077E-05</x11><x12>5.8769E-06</x12></dataPoint>
        <dataPoint><x1>6.00E+01</x1><x2>3.3946E-05</x2><x3>2.3253E-03</x3><x4>7.0099E-03</x4><x5>1.0354E-03</x5><x6>1.3911E-04</x6><x7>1.0127E-03</x7><x8>1.1552E-03</x8><x9>1.6425E-04</x9><x10>2.5349E-05</x10><x11>1.0130E-05</x11><x12>5.8800E-06</x12></dataPoint>
        <dataPoint><x1>6.72E+01</x1><x2>0.0000E+00</x2><x3>1.4427E-03</x3><x4>5.8557E-03</x4><x5>4.7016E-03</x5><x6>2.7926E-05</x6><x7>4.4692E-04</x7><x8>6.0404E-04</x8><x9>7.4015E-05</x9><x10>1.8750E-05</x10><x11>8.4836E-06</x11><x12>4.6335E-06</x12></dataPoint>
        <dataPoint><x1>7.40E+01</x1><x2>-99999E+90</x2><x3>6.7893E-04</x3><x4>2.8685E-03</x4><x5>9.3352E-03</x5><x6>8.9258E-06</x6><x7>8.6438E-05</x7><x8>1.4510E-04</x8><x9>8.9258E-06</x9><x10>3.2785E-06</x10><x11>7.4370E-06</x11><x12>3.1869E-06</x12></dataPoint>
        <dataPoint><x1>8.02E+01</x1><x2>-99999E+90</x2><x3>1.3579E-04</x3><x4>6.6195E-04</x4><x5>1.1881E-02</x5><x6>4.6079E-06</x6><x7>4.6062E-06</x7><x8>1.0895E-05</x8><x9>6.7029E-06</x9><x10>1.6757E-06</x10><x11>1.4005E-07</x11><x12>4.0090E-08</x12></dataPoint>
        <dataPoint><x1>8.56E+01</x1><x2>-99999E+90</x2><x3>-99999E+90</x3><x4>2.5460E-04</x4><x5>1.2272E-02</x5><x6>-99999E+90</x6><x7>-99999E+90</x7><x8>2.3986E-06</x8><x9>-99999E+90</x9><x10>-99999E+90</x10><x11>-99999E+90</x11><x12>-99999E+90</x12></dataPoint>
        <dataPoint><x1>9.23E+01</x1><x2>-99999E+90</x2><x3>-99999E+90</x3><x4>1.5276E-04</x4><x5>1.2272E-02</x5><x6>-99999E+90</x6><x7>-99999E+90</x7><x8>2.2588E-06</x8><x9>-99999E+90</x9><x10>-99999E+90</x10><x11>-99999E+90</x11><x12>-99999E+90</x12></dataPoint>
    </dataGroup>
    <timeshift target="C2H5OH" type="half decrease"/>
</experiment>
