<experiment>
    <fileAuthor>Chemical Kinetics Laboratory, Institute of Chemistry, ELTE, Budapest, Hungary</fileAuthor>
    <fileDOI>10.24388/x30003018</fileDOI>
    <fileVersion>
        <major>2</major>
        <minor>0</minor>
    </fileVersion>
    <ReSpecThVersion>
        <major>2</major>
        <minor>3</minor>
    </ReSpecThVersion>
    <firstPublicationDate>2015-10-11</firstPublicationDate>
    <lastModificationDate>2020-11-13</lastModificationDate>
    <bibliographyLink>
        <description>J. Li, A. Kazakov, M. Chaos, F.L. Dryer, 5th US Combustion Meeting 2007, Paper #C26.</description>
        <location>Main Article</location>
        <figure>Fig. 6 middle</figure>
        <details>
            <author>Li, J and Kazakov, A and Chaos, M and Dryer, F L</author>
            <journal>5$^{\text{th}}$ US Combustion Meeting</journal>
            <pages>Paper {\#} C26</pages>
            <title>Chemical Kinetics of Ethanol Oxidation</title>
            <year>2007</year>
        </details>
    </bibliographyLink>
    <experimentType>concentration time profile measurement</experimentType>
    <apparatus>
        <kind>flow reactor</kind>
    </apparatus>
    <commonProperties>
        <property name="pressure"                      label="P"  sourcetype="reported"    units="atm"           ><value>6</value></property>
        <property name="temperature"                   label="T"  sourcetype="reported"    units="K"             ><value>860</value></property>
        <property name="initial composition"           sourcetype="calculated" >
            <component><speciesLink preferredKey="C2H5OH"  CAS="64-17-5"    InChI="1S/C2H6O/c1-2-3/h3H,2H2,1H3"  SMILES="CCO"  chemName="ethanol"  /><amount units="mole fraction" >0.0030</amount></component>
            <component><speciesLink preferredKey="O2"      CAS="7782-44-7"  InChI="1S/O2/c1-2"                   SMILES="O=O"  chemName="oxygen"   /><amount units="mole fraction" >0.0090</amount></component>
            <component><speciesLink preferredKey="N2"      CAS="7727-37-9"  InChI="1S/N2/c1-2"                   SMILES="N#N"  chemName="nitrogen" /><amount units="mole fraction" >0.9880</amount></component>
        </property>
        <property name="evaluated standard deviation"  sourcetype="reported"    units="mole fraction"  reference="composition"  kind="absolute"  method="reported uncertainty" >
            <speciesLink preferredKey="C2H5OH"  CAS="64-17-5"    InChI="1S/C2H6O/c1-2-3/h3H,2H2,1H3"  SMILES="CCO"        chemName="ethanol"         />
            <value>0.000252</value>
        </property>
        <property name="evaluated standard deviation"  sourcetype="reported"    units="mole fraction"  reference="composition"  kind="absolute"  method="reported uncertainty" >
            <speciesLink preferredKey="O2"      CAS="7782-44-7"  InChI="1S/O2/c1-2"                   SMILES="O=O"        chemName="oxygen"          />
            <value>0.000884</value>
        </property>
        <property name="evaluated standard deviation"  sourcetype="reported"    units="mole fraction"  reference="composition"  kind="absolute"  method="reported uncertainty" >
            <speciesLink preferredKey="H2O"     CAS="7732-18-5"  InChI="1S/H2O/h1H2"                  SMILES="O"          chemName="water"           />
            <value>0.000547</value>
        </property>
        <property name="evaluated standard deviation"  sourcetype="reported"    units="mole fraction"  reference="composition"  kind="absolute"  method="reported uncertainty" >
            <speciesLink preferredKey="CO"      CAS="630-08-0"   InChI="1S/CO/c1-2"                   SMILES="[C-]#[O+]"  chemName="carbon monoxide" />
            <value>0.000335</value>
        </property>
        <property name="evaluated standard deviation"  sourcetype="reported"    units="mole fraction"  reference="composition"  kind="absolute"  method="reported uncertainty" >
            <speciesLink preferredKey="CO2"     CAS="124-38-9"   InChI="1S/CO2/c2-1-3"                SMILES="C(=O)=O"    chemName="carbon dioxide"  />
            <value>2.84e-5</value>
        </property>
        <property name="evaluated standard deviation"  sourcetype="reported"    units="mole fraction"  reference="composition"  kind="absolute"  method="reported uncertainty" >
            <speciesLink preferredKey="CH2O"    CAS="50-00-0"    InChI="1S/CH2O/c1-2/h1H2"            SMILES="C=O"        chemName="formaldehyde"    />
            <value>1.94e-5</value>
        </property>
        <property name="evaluated standard deviation"  sourcetype="reported"    units="mole fraction"  reference="composition"  kind="absolute"  method="reported uncertainty" >
            <speciesLink preferredKey="CH3CHO"  CAS="75-07-0"    InChI="1S/C2H4O/c1-2-3/h2H,1H3"      SMILES="CC=O"       chemName="acetaldehyde"    />
            <value>3.35e-5</value>
        </property>
        <property name="evaluated standard deviation"  sourcetype="reported"    units="mole fraction"  reference="composition"  kind="absolute"  method="reported uncertainty" >
            <speciesLink preferredKey="CH4"     CAS="74-82-8"    InChI="1S/CH4/h1H4"                  SMILES="C"          chemName="methane"         />
            <value>4.32e-5</value>
        </property>
        <property name="evaluated standard deviation"  sourcetype="reported"    units="mole fraction"  reference="composition"  kind="absolute"  method="reported uncertainty" >
            <speciesLink preferredKey="C2H4"    CAS="74-85-1"    InChI="1S/C2H4/c1-2/h1-2H2"          SMILES="C=C"        chemName="ethene"          />
            <value>5.98e-5</value>
        </property>
        <property name="evaluated standard deviation"  sourcetype="reported"    units="mole fraction"  reference="composition"  kind="absolute"  method="reported uncertainty" >
            <speciesLink preferredKey="C2H6"    CAS="74-84-0"    InChI="1S/C2H6/c1-2/h1-2H3"          SMILES="CC"         chemName="ethane"          />
            <value>2.74e-6</value>
        </property>
    </commonProperties>
    <dataGroup id="dg1">
        <property name="time"         id="x1"   label="t"         sourcetype="digitized"   units="s"             />
        <property name="composition"  id="x2"   label="[C2H5OH]"  sourcetype="calculated"  units="mole fraction" >
            <speciesLink preferredKey="C2H5OH"  CAS="64-17-5"    InChI="1S/C2H6O/c1-2-3/h3H,2H2,1H3"  SMILES="CCO"        chemName="ethanol"         />
        </property>
        <property name="composition"  id="x3"   label="[O2]"      sourcetype="calculated"  units="mole fraction" >
            <speciesLink preferredKey="O2"      CAS="7782-44-7"  InChI="1S/O2/c1-2"                   SMILES="O=O"        chemName="oxygen"          />
        </property>
        <property name="composition"  id="x4"   label="[H2O]"     sourcetype="calculated"  units="mole fraction" >
            <speciesLink preferredKey="H2O"     CAS="7732-18-5"  InChI="1S/H2O/h1H2"                  SMILES="O"          chemName="water"           />
        </property>
        <property name="composition"  id="x5"   label="[CO]"      sourcetype="calculated"  units="mole fraction" >
            <speciesLink preferredKey="CO"      CAS="630-08-0"   InChI="1S/CO/c1-2"                   SMILES="[C-]#[O+]"  chemName="carbon monoxide" />
        </property>
        <property name="composition"  id="x6"   label="[CO2]"     sourcetype="calculated"  units="mole fraction" >
            <speciesLink preferredKey="CO2"     CAS="124-38-9"   InChI="1S/CO2/c2-1-3"                SMILES="C(=O)=O"    chemName="carbon dioxide"  />
        </property>
        <property name="composition"  id="x7"   label="[C2H4]"    sourcetype="calculated"  units="mole fraction" >
            <speciesLink preferredKey="C2H4"    CAS="74-85-1"    InChI="1S/C2H4/c1-2/h1-2H2"          SMILES="C=C"        chemName="ethene"          />
        </property>
        <property name="composition"  id="x8"   label="[CH4]"     sourcetype="calculated"  units="mole fraction" >
            <speciesLink preferredKey="CH4"     CAS="74-82-8"    InChI="1S/CH4/h1H4"                  SMILES="C"          chemName="methane"         />
        </property>
        <property name="composition"  id="x9"   label="[CH3CHO]"  sourcetype="calculated"  units="mole fraction" >
            <speciesLink preferredKey="CH3CHO"  CAS="75-07-0"    InChI="1S/C2H4O/c1-2-3/h2H,1H3"      SMILES="CC=O"       chemName="acetaldehyde"    />
        </property>
        <property name="composition"  id="x10"  label="[C2H6]"    sourcetype="calculated"  units="mole fraction" >
            <speciesLink preferredKey="C2H6"    CAS="74-84-0"    InChI="1S/C2H6/c1-2/h1-2H3"          SMILES="CC"         chemName="ethane"          />
        </property>
        <property name="composition"  id="x11"  label="[CH2O]"    sourcetype="calculated"  units="mole fraction" >
            <speciesLink preferredKey="CH2O"    CAS="50-00-0"    InChI="1S/CH2O/c1-2/h1H2"            SMILES="C=O"        chemName="formaldehyde"    />
        </property>

        <dataPoint><x1>1.2954E-02</x1><x2>2.5214E-03</x2><x3>8.8449E-03</x3><x4>4.4313E-04</x4><x5>3.5451E-05</x5><x6>2.6588E-05</x6><x7>2.4724E-04</x7><x8>0.0000E+00</x8><x9>5.5862E-05</x9><x10>2.0690E-06</x10><x11>1.8621E-05</x11></dataPoint>
        <dataPoint><x1>3.1044E-02</x1><x2>2.4328E-03</x2><x3>8.8095E-03</x3><x4>5.3176E-04</x4><x5>8.8626E-05</x5><x6>2.6588E-05</x6><x7>2.8138E-04</x7><x8>0.0000E+00</x8><x9>8.0690E-05</x9><x10>3.1035E-06</x10><x11>2.8966E-05</x11></dataPoint>
        <dataPoint><x1>5.3936E-02</x1><x2>2.3131E-03</x2><x3>8.7386E-03</x3><x4>6.5584E-04</x4><x5>8.8626E-05</x5><x6>2.6588E-05</x6><x7>3.2276E-04</x7><x8>6.2069E-06</x8><x9>1.2000E-04</x9><x10>4.1379E-06</x10><x11>4.5517E-05</x11></dataPoint>
        <dataPoint><x1>8.5204E-02</x1><x2>2.1315E-03</x2><x3>8.7208E-03</x3><x4>8.1536E-04</x4><x5>1.7725E-04</x5><x6>3.1019E-05</x6><x7>3.6207E-04</x7><x8>2.2759E-05</x8><x9>1.5828E-04</x9><x10>4.6552E-06</x10><x11>6.6207E-05</x11></dataPoint>
        <dataPoint><x1>1.2518E-01</x1><x2>1.9232E-03</x2><x3>8.4372E-03</x3><x4>1.0812E-03</x4><x5>3.1906E-04</x5><x6>3.5451E-05</x6><x7>4.1793E-04</x7><x8>5.0690E-05</x8><x9>2.2035E-04</x9><x10>4.9138E-06</x10><x11>9.5172E-05</x11></dataPoint>
        <dataPoint><x1>1.7376E-01</x1><x2>1.7061E-03</x2><x3>8.2954E-03</x3><x4>1.3117E-03</x4><x5>4.6086E-04</x5><x6>3.9882E-05</x6><x7>4.5414E-04</x7><x8>8.0690E-05</x8><x9>2.6690E-04</x9><x10>7.5000E-06</x10><x11>1.1379E-04</x11></dataPoint>
        <dataPoint><x1>2.2881E-01</x1><x2>1.4712E-03</x2><x3>8.0473E-03</x3><x4>1.6307E-03</x4><x5>6.5584E-04</x5><x6>4.4313E-05</x6><x7>4.8517E-04</x7><x8>1.1690E-04</x8><x9>3.0310E-04</x9><x10>1.0345E-05</x10><x11>1.3448E-04</x11></dataPoint>
        <dataPoint><x1>2.8688E-01</x1><x2>1.2585E-03</x2><x3>7.7637E-03</x3><x4>2.0207E-03</x4><x5>9.0399E-04</x5><x6>5.3176E-05</x6><x7>5.2035E-04</x7><x8>1.6241E-04</x8><x9>3.2897E-04</x9><x10>1.3966E-05</x10><x11>1.5517E-04</x11></dataPoint>
        <dataPoint><x1>3.4528E-01</x1><x2>1.0502E-03</x2><x3>7.5332E-03</x3><x4>2.3929E-03</x4><x5>1.1521E-03</x5><x6>6.6470E-05</x6><x7>5.4414E-04</x7><x8>2.0276E-04</x8><x9>3.3517E-04</x9><x10>1.7069E-05</x10><x11>1.6966E-04</x11></dataPoint>
        <dataPoint><x1>4.0380E-01</x1><x2>8.3309E-04</x2><x3>7.1965E-03</x3><x4>2.8449E-03</x4><x5>1.4712E-03</x5><x6>7.9764E-05</x6><x7>5.6793E-04</x7><x8>2.5241E-04</x8><x9>3.2276E-04</x9><x10>2.1207E-05</x10><x11>1.8414E-04</x11></dataPoint>
        <dataPoint><x1>4.6242E-01</x1><x2>6.3811E-04</x2><x3>6.8774E-03</x3><x4>3.3146E-03</x4><x5>1.8080E-03</x5><x6>9.3058E-05</x6><x7>5.8759E-04</x7><x8>3.0103E-04</x8><x9>2.9276E-04</x9><x10>2.4569E-05</x10><x11>1.9241E-04</x11></dataPoint>
        <dataPoint><x1>5.2138E-01</x1><x2>4.6972E-04</x2><x3>6.5938E-03</x3><x4>3.7843E-03</x4><x5>2.1448E-03</x5><x6>1.1965E-04</x6><x7>5.9483E-04</x7><x8>3.4448E-04</x8><x9>2.4931E-04</x9><x10>2.6121E-05</x10><x11>1.9448E-04</x11></dataPoint>
        <dataPoint><x1>5.7956E-01</x1><x2>3.4121E-04</x2><x3>6.3279E-03</x3><x4>4.1566E-03</x4><x5>2.4284E-03</x5><x6>1.3737E-04</x6><x7>5.9690E-04</x7><x8>3.7241E-04</x8><x9>2.0690E-04</x9><x10>2.6638E-05</x10><x11>1.9034E-04</x11></dataPoint>
        <dataPoint><x1>6.3875E-01</x1><x2>2.5259E-04</x2><x3>6.1152E-03</x3><x4>4.4845E-03</x4><x5>2.6765E-03</x5><x6>1.6396E-04</x6><x7>5.9793E-04</x7><x8>3.9517E-04</x8><x9>1.6862E-04</x9><x10>2.7155E-05</x10><x11>1.8414E-04</x11></dataPoint>
        <dataPoint><x1>6.9682E-01</x1><x2>1.8612E-04</x2><x3>5.9734E-03</x3><x4>4.6883E-03</x4><x5>2.8360E-03</x5><x6>1.8168E-04</x6><x7>5.9379E-04</x7><x8>4.0966E-04</x8><x9>1.4379E-04</x9><x10>2.7414E-05</x10><x11>1.7379E-04</x11></dataPoint>
        <dataPoint><x1>7.5567E-01</x1><x2>1.2851E-04</x2><x3>5.7784E-03</x3><x4>5.0074E-03</x4><x5>3.0310E-03</x5><x6>2.0827E-04</x6><x7>5.8345E-04</x7><x8>4.2414E-04</x8><x9>1.0862E-04</x9><x10>2.6379E-05</x10><x11>1.5931E-04</x11></dataPoint>
        <dataPoint><x1>8.1429E-01</x1><x2>7.5332E-05</x2><x3>5.5657E-03</x3><x4>5.2644E-03</x4><x5>3.2083E-03</x5><x6>2.3929E-04</x6><x7>5.7103E-04</x7><x8>4.3241E-04</x8><x9>7.8621E-05</x9><x10>2.3534E-05</x10><x11>1.4483E-04</x11></dataPoint>
        <dataPoint><x1>8.7281E-01</x1><x2>5.7607E-05</x2><x3>5.4771E-03</x3><x4>5.3796E-03</x4><x5>3.2792E-03</x5><x6>2.6145E-04</x6><x7>5.5138E-04</x7><x8>4.3241E-04</x8><x9>6.5172E-05</x9><x10>2.3276E-05</x10><x11>1.3655E-04</x11></dataPoint>
        <dataPoint><x1>9.3132E-01</x1><x2>3.1019E-05</x2><x3>5.3885E-03</x3><x4>5.4683E-03</x4><x5>3.3501E-03</x5><x6>2.8361E-04</x6><x7>5.3483E-04</x7><x8>4.3035E-04</x8><x9>5.2759E-05</x9><x10>2.0948E-05</x10><x11>1.2621E-04</x11></dataPoint>
    </dataGroup>
    <timeshift target="C2H5OH" type="half decrease"/>
    <comment>The measurement uncertainties for the data reported here are: O2 - ±2%, CO - ±2%, CO2 - ±2%, C2H5OH - ±3%, H2O - ±6%, C2H4 - ±3%, CH4 - ±4%, CH3CHO - ±3%, CH2O - ±3%, C2H6 - ±4%, and C2H2 - ±3% of reading</comment>
</experiment>
