<experiment>
    <fileAuthor>Chemical Kinetics Laboratory, Institute of Chemistry, ELTE, Budapest, Hungary</fileAuthor>
    <fileDOI>10.24388/x30003020</fileDOI>
    <fileVersion>
        <major>2</major>
        <minor>0</minor>
    </fileVersion>
    <ReSpecThVersion>
        <major>2</major>
        <minor>3</minor>
    </ReSpecThVersion>
    <firstPublicationDate>2015-10-11</firstPublicationDate>
    <lastModificationDate>2020-11-13</lastModificationDate>
    <bibliographyLink>
        <description>J. Li, A. Kazakov, M. Chaos, F.L. Dryer, 5th US Combustion Meeting 2007, Paper #C26.</description>
        <location>Main Article</location>
        <figure>Fig. 7 top</figure>
        <details>
            <author>Li, J and Kazakov, A and Chaos, M and Dryer, F L</author>
            <journal>5$^{\text{th}}$ US Combustion Meeting</journal>
            <pages>Paper {\#} C26</pages>
            <title>Chemical Kinetics of Ethanol Oxidation</title>
            <year>2007</year>
        </details>
    </bibliographyLink>
    <experimentType>concentration time profile measurement</experimentType>
    <apparatus>
        <kind>flow reactor</kind>
    </apparatus>
    <commonProperties>
        <property name="pressure"                      label="P"  sourcetype="reported"    units="atm"           ><value>9</value></property>
        <property name="temperature"                   label="T"  sourcetype="reported"    units="K"             ><value>830</value></property>
        <property name="initial composition"           sourcetype="calculated" >
            <component><speciesLink preferredKey="C2H5OH"  CAS="64-17-5"    InChI="1S/C2H6O/c1-2-3/h3H,2H2,1H3"  SMILES="CCO"  chemName="ethanol"  /><amount units="mole fraction" >0.0030</amount></component>
            <component><speciesLink preferredKey="O2"      CAS="7782-44-7"  InChI="1S/O2/c1-2"                   SMILES="O=O"  chemName="oxygen"   /><amount units="mole fraction" >0.0150</amount></component>
            <component><speciesLink preferredKey="N2"      CAS="7727-37-9"  InChI="1S/N2/c1-2"                   SMILES="N#N"  chemName="nitrogen" /><amount units="mole fraction" >0.9820</amount></component>
        </property>
        <property name="evaluated standard deviation"  sourcetype="reported"    units="mole fraction"  reference="composition"  kind="absolute"  method="reported uncertainty" >
            <speciesLink preferredKey="C2H5OH"  CAS="64-17-5"    InChI="1S/C2H6O/c1-2-3/h3H,2H2,1H3"  SMILES="CCO"        chemName="ethanol"         />
            <value>0.000252</value>
        </property>
        <property name="evaluated standard deviation"  sourcetype="reported"    units="mole fraction"  reference="composition"  kind="absolute"  method="reported uncertainty" >
            <speciesLink preferredKey="O2"      CAS="7782-44-7"  InChI="1S/O2/c1-2"                   SMILES="O=O"        chemName="oxygen"          />
            <value>0.00148</value>
        </property>
        <property name="evaluated standard deviation"  sourcetype="reported"    units="mole fraction"  reference="composition"  kind="absolute"  method="reported uncertainty" >
            <speciesLink preferredKey="H2O"     CAS="7732-18-5"  InChI="1S/H2O/h1H2"                  SMILES="O"          chemName="water"           />
            <value>0.000701</value>
        </property>
        <property name="evaluated standard deviation"  sourcetype="reported"    units="mole fraction"  reference="composition"  kind="absolute"  method="reported uncertainty" >
            <speciesLink preferredKey="CO"      CAS="630-08-0"   InChI="1S/CO/c1-2"                   SMILES="[C-]#[O+]"  chemName="carbon monoxide" />
            <value>0.000393</value>
        </property>
        <property name="evaluated standard deviation"  sourcetype="reported"    units="mole fraction"  reference="composition"  kind="absolute"  method="reported uncertainty" >
            <speciesLink preferredKey="CO2"     CAS="124-38-9"   InChI="1S/CO2/c2-1-3"                SMILES="C(=O)=O"    chemName="carbon dioxide"  />
            <value>4.23e-5</value>
        </property>
        <property name="evaluated standard deviation"  sourcetype="reported"    units="mole fraction"  reference="composition"  kind="absolute"  method="reported uncertainty" >
            <speciesLink preferredKey="CH2O"    CAS="50-00-0"    InChI="1S/CH2O/c1-2/h1H2"            SMILES="C=O"        chemName="formaldehyde"    />
            <value>1.65e-5</value>
        </property>
        <property name="evaluated standard deviation"  sourcetype="reported"    units="mole fraction"  reference="composition"  kind="absolute"  method="reported uncertainty" >
            <speciesLink preferredKey="CH3CHO"  CAS="75-07-0"    InChI="1S/C2H4O/c1-2-3/h2H,1H3"      SMILES="CC=O"       chemName="acetaldehyde"    />
            <value>2.91e-5</value>
        </property>
        <property name="evaluated standard deviation"  sourcetype="reported"    units="mole fraction"  reference="composition"  kind="absolute"  method="reported uncertainty" >
            <speciesLink preferredKey="CH4"     CAS="74-82-8"    InChI="1S/CH4/h1H4"                  SMILES="C"          chemName="methane"         />
            <value>3.35e-5</value>
        </property>
        <property name="evaluated standard deviation"  sourcetype="reported"    units="mole fraction"  reference="composition"  kind="absolute"  method="reported uncertainty" >
            <speciesLink preferredKey="C2H4"    CAS="74-85-1"    InChI="1S/C2H4/c1-2/h1-2H2"          SMILES="C=C"        chemName="ethene"          />
            <value>4.92e-5</value>
        </property>
        <property name="evaluated standard deviation"  sourcetype="reported"    units="mole fraction"  reference="composition"  kind="absolute"  method="reported uncertainty" >
            <speciesLink preferredKey="C2H6"    CAS="74-84-0"    InChI="1S/C2H6/c1-2/h1-2H3"          SMILES="CC"         chemName="ethane"          />
            <value>2.78e-6</value>
        </property>
    </commonProperties>
    <dataGroup id="dg1">
        <property name="time"         id="x1"   label="t"         sourcetype="digitized"   units="s"             />
        <property name="composition"  id="x2"   label="[C2H5OH]"  sourcetype="calculated"  units="mole fraction" >
            <speciesLink preferredKey="C2H5OH"  CAS="64-17-5"    InChI="1S/C2H6O/c1-2-3/h3H,2H2,1H3"  SMILES="CCO"        chemName="ethanol"         />
        </property>
        <property name="composition"  id="x3"   label="[O2]"      sourcetype="calculated"  units="mole fraction" >
            <speciesLink preferredKey="O2"      CAS="7782-44-7"  InChI="1S/O2/c1-2"                   SMILES="O=O"        chemName="oxygen"          />
        </property>
        <property name="composition"  id="x4"   label="[H2O]"     sourcetype="calculated"  units="mole fraction" >
            <speciesLink preferredKey="H2O"     CAS="7732-18-5"  InChI="1S/H2O/h1H2"                  SMILES="O"          chemName="water"           />
        </property>
        <property name="composition"  id="x5"   label="[CO]"      sourcetype="calculated"  units="mole fraction" >
            <speciesLink preferredKey="CO"      CAS="630-08-0"   InChI="1S/CO/c1-2"                   SMILES="[C-]#[O+]"  chemName="carbon monoxide" />
        </property>
        <property name="composition"  id="x6"   label="[CO2]"     sourcetype="calculated"  units="mole fraction" >
            <speciesLink preferredKey="CO2"     CAS="124-38-9"   InChI="1S/CO2/c2-1-3"                SMILES="C(=O)=O"    chemName="carbon dioxide"  />
        </property>
        <property name="composition"  id="x7"   label="[C2H4]"    sourcetype="calculated"  units="mole fraction" >
            <speciesLink preferredKey="C2H4"    CAS="74-85-1"    InChI="1S/C2H4/c1-2/h1-2H2"          SMILES="C=C"        chemName="ethene"          />
        </property>
        <property name="composition"  id="x8"   label="[CH4]"     sourcetype="calculated"  units="mole fraction" >
            <speciesLink preferredKey="CH4"     CAS="74-82-8"    InChI="1S/CH4/h1H4"                  SMILES="C"          chemName="methane"         />
        </property>
        <property name="composition"  id="x9"   label="[CH3CHO]"  sourcetype="calculated"  units="mole fraction" >
            <speciesLink preferredKey="CH3CHO"  CAS="75-07-0"    InChI="1S/C2H4O/c1-2-3/h2H,1H3"      SMILES="CC=O"       chemName="acetaldehyde"    />
        </property>
        <property name="composition"  id="x10"  label="[C2H6]"    sourcetype="calculated"  units="mole fraction" >
            <speciesLink preferredKey="C2H6"    CAS="74-84-0"    InChI="1S/C2H6/c1-2/h1-2H3"          SMILES="CC"         chemName="ethane"          />
        </property>
        <property name="composition"  id="x11"  label="[CH2O]"    sourcetype="calculated"  units="mole fraction" >
            <speciesLink preferredKey="CH2O"    CAS="50-00-0"    InChI="1S/CH2O/c1-2/h1H2"            SMILES="C=O"        chemName="formaldehyde"    />
        </property>

        <dataPoint><x1>2.0382E-02</x1><x2>2.5216E-03</x2><x3>1.4784E-02</x3><x4>4.2921E-04</x4><x5>4.7690E-05</x5><x6>3.5768E-05</x6><x7>2.2083E-04</x7><x8>0.0000E+00</x8><x9>5.2084E-05</x9><x10>4.6875E-06</x10><x11>2.2917E-05</x11></dataPoint>
        <dataPoint><x1>4.8849E-02</x1><x2>2.3309E-03</x2><x3>1.4712E-02</x3><x4>5.2459E-04</x4><x5>1.1923E-04</x5><x6>3.5768E-05</x6><x7>2.7188E-04</x7><x8>0.0000E+00</x8><x9>1.0000E-04</x9><x10>5.5556E-06</x10><x11>4.3750E-05</x11></dataPoint>
        <dataPoint><x1>8.4054E-02</x1><x2>2.1818E-03</x2><x3>1.4593E-02</x3><x4>7.3920E-04</x4><x5>1.9076E-04</x5><x6>3.5768E-05</x6><x7>3.1250E-04</x7><x8>1.4583E-05</x8><x9>1.4583E-04</x9><x10>5.5556E-06</x10><x11>6.4583E-05</x11></dataPoint>
        <dataPoint><x1>1.3139E-01</x1><x2>1.9195E-03</x2><x3>1.4355E-02</x3><x4>1.0253E-03</x4><x5>3.5768E-04</x5><x6>3.5768E-05</x6><x7>3.6354E-04</x7><x8>4.2708E-05</x8><x9>2.0990E-04</x9><x10>6.4236E-06</x10><x11>9.5833E-05</x11></dataPoint>
        <dataPoint><x1>1.9270E-01</x1><x2>1.5559E-03</x2><x3>1.3878E-02</x3><x4>1.5738E-03</x4><x5>7.1535E-04</x5><x6>4.7690E-05</x6><x7>4.1354E-04</x7><x8>9.5833E-05</x8><x9>2.6823E-04</x9><x10>1.1632E-05</x10><x11>1.2083E-04</x11></dataPoint>
        <dataPoint><x1>2.6698E-01</x1><x2>1.2519E-03</x2><x3>1.3377E-02</x3><x4>2.2176E-03</x4><x5>1.1207E-03</x5><x6>5.9613E-05</x6><x7>4.4688E-04</x7><x8>1.5000E-04</x8><x9>2.9115E-04</x9><x10>1.5625E-05</x10><x11>1.3542E-04</x11></dataPoint>
        <dataPoint><x1>3.5121E-01</x1><x2>9.1803E-04</x2><x3>1.2876E-02</x3><x4>2.9568E-03</x4><x5>1.5976E-03</x5><x6>8.3458E-05</x6><x7>4.7500E-04</x7><x8>2.0625E-04</x8><x9>2.8490E-04</x9><x10>2.1701E-05</x10><x11>1.5417E-04</x11></dataPoint>
        <dataPoint><x1>4.3964E-01</x1><x2>6.0805E-04</x2><x3>1.2304E-02</x3><x4>3.7914E-03</x4><x5>2.1222E-03</x5><x6>1.0730E-04</x6><x7>4.8750E-04</x7><x8>2.6042E-04</x8><x9>2.4896E-04</x9><x10>2.3785E-05</x10><x11>1.6458E-04</x11></dataPoint>
        <dataPoint><x1>5.2875E-01</x1><x2>4.0537E-04</x2><x3>1.1851E-02</x3><x4>4.4352E-03</x4><x5>2.5753E-03</x5><x6>1.3115E-04</x6><x7>4.9167E-04</x7><x8>2.9792E-04</x8><x9>2.0104E-04</x9><x10>2.7778E-05</x10><x11>1.6250E-04</x11></dataPoint>
        <dataPoint><x1>6.1701E-01</x1><x2>2.4441E-04</x2><x3>1.1398E-02</x3><x4>5.0075E-03</x4><x5>2.9568E-03</x5><x6>1.5499E-04</x6><x7>4.8125E-04</x7><x8>3.2188E-04</x8><x9>1.4688E-04</x9><x10>2.5868E-05</x10><x11>1.5000E-04</x11></dataPoint>
        <dataPoint><x1>7.0578E-01</x1><x2>1.0134E-04</x2><x3>1.1016E-02</x3><x4>5.6036E-03</x4><x5>3.2906E-03</x5><x6>2.0268E-04</x6><x7>4.5729E-04</x7><x8>3.3438E-04</x8><x9>9.1146E-05</x9><x10>2.2743E-05</x10><x11>1.3125E-04</x11></dataPoint>
        <dataPoint><x1>7.9405E-01</x1><x2>3.5768E-05</x2><x3>1.0683E-02</x3><x4>5.9851E-03</x4><x5>3.5529E-03</x5><x6>2.4441E-04</x6><x7>4.2917E-04</x7><x8>3.3542E-04</x8><x9>5.1563E-05</x9><x10>1.7882E-05</x10><x11>1.1458E-04</x11></dataPoint>
        <dataPoint><x1>8.8231E-01</x1><x2>0.0000E+00</x2><x3>1.0444E-02</x3><x4>6.2474E-03</x4><x5>3.6721E-03</x5><x6>2.6826E-04</x6><x7>3.9688E-04</x7><x8>3.2813E-04</x8><x9>3.0208E-05</x9><x10>1.4757E-05</x10><x11>9.5833E-05</x11></dataPoint>
        <dataPoint><x1>9.7024E-01</x1><x2>0.0000E+00</x2><x3>1.0206E-02</x3><x4>6.5574E-03</x4><x5>3.8152E-03</x5><x6>3.1595E-04</x6><x7>3.6042E-04</x7><x8>3.1563E-04</x8><x9>1.0938E-05</x9><x10>1.1806E-05</x10><x11>8.1250E-05</x11></dataPoint>
        <dataPoint><x1>1.0582E+00</x1><x2>0.0000E+00</x2><x3>1.0086E-02</x3><x4>6.6289E-03</x4><x5>3.8629E-03</x5><x6>3.3383E-04</x6><x7>3.3646E-04</x7><x8>3.0938E-04</x8><x9>4.1667E-06</x9><x10>1.0764E-05</x10><x11>7.0833E-05</x11></dataPoint>
        <dataPoint><x1>1.1468E+00</x1><x2>0.0000E+00</x2><x3>9.9911E-03</x3><x4>6.7243E-03</x4><x5>3.8867E-03</x5><x6>3.5768E-04</x6><x7>3.1875E-04</x7><x8>3.0104E-04</x8><x9>5.2084E-07</x9><x10>9.7222E-06</x10><x11>6.4583E-05</x11></dataPoint>
        <dataPoint><x1>1.2357E+00</x1><x2>0.0000E+00</x2><x3>9.8957E-03</x3><x4>6.8197E-03</x4><x5>3.9106E-03</x5><x6>3.7556E-04</x6><x7>3.0000E-04</x7><x8>2.9167E-04</x8><x9>0.0000E+00</x9><x10>7.4653E-06</x10><x11>6.0417E-05</x11></dataPoint>
        <dataPoint><x1>1.3236E+00</x1><x2>0.0000E+00</x2><x3>9.8003E-03</x3><x4>6.9389E-03</x4><x5>3.9344E-03</x5><x6>3.9941E-04</x6><x7>2.8333E-04</x7><x8>2.8333E-04</x8><x9>0.0000E+00</x9><x10>5.7292E-06</x10><x11>5.4167E-05</x11></dataPoint>
        <dataPoint><x1>1.4126E+00</x1><x2>0.0000E+00</x2><x3>9.6811E-03</x3><x4>7.0104E-03</x4><x5>3.9344E-03</x5><x6>4.2325E-04</x6><x7>2.5938E-04</x7><x8>2.7188E-04</x8><x9>0.0000E+00</x9><x10>5.5556E-06</x10><x11>5.0000E-05</x11></dataPoint>
    </dataGroup>
    <timeshift target="C2H5OH" type="half decrease"/>
    <comment>The measurement uncertainties for the data reported here are: O2 - ±2%, CO - ±2%, CO2 - ±2%, C2H5OH - ±3%, H2O - ±6%, C2H4 - ±3%, CH4 - ±4%, CH3CHO - ±3%, CH2O - ±3%, C2H6 - ±4%, and C2H2 - ±3% of reading</comment>
</experiment>
