<experiment>
    <fileAuthor>Chemical Kinetics Laboratory, Institute of Chemistry, ELTE, Budapest, Hungary</fileAuthor>
    <fileDOI>10.24388/x30003021</fileDOI>
    <fileVersion>
        <major>2</major>
        <minor>0</minor>
    </fileVersion>
    <ReSpecThVersion>
        <major>2</major>
        <minor>3</minor>
    </ReSpecThVersion>
    <firstPublicationDate>2015-10-11</firstPublicationDate>
    <lastModificationDate>2020-11-13</lastModificationDate>
    <bibliographyLink>
        <description>J. Li, A. Kazakov, M. Chaos, F.L. Dryer, 5th US Combustion Meeting 2007, Paper #C26.</description>
        <location>Main Article</location>
        <figure>Fig. 7 middle and Fig. 2b</figure>
        <details>
            <author>Li, J and Kazakov, A and Chaos, M and Dryer, F L</author>
            <journal>5$^{\text{th}}$ US Combustion Meeting</journal>
            <pages>Paper {\#} C26</pages>
            <title>Chemical Kinetics of Ethanol Oxidation</title>
            <year>2007</year>
        </details>
    </bibliographyLink>
    <experimentType>concentration time profile measurement</experimentType>
    <apparatus>
        <kind>flow reactor</kind>
    </apparatus>
    <commonProperties>
        <property name="pressure"                      label="P"  sourcetype="reported"    units="atm"           ><value>9</value></property>
        <property name="temperature"                   label="T"  sourcetype="reported"    units="K"             ><value>830</value></property>
        <property name="initial composition"           sourcetype="calculated" >
            <component><speciesLink preferredKey="C2H5OH"  CAS="64-17-5"    InChI="1S/C2H6O/c1-2-3/h3H,2H2,1H3"  SMILES="CCO"  chemName="ethanol"  /><amount units="mole fraction" >0.0030</amount></component>
            <component><speciesLink preferredKey="O2"      CAS="7782-44-7"  InChI="1S/O2/c1-2"                   SMILES="O=O"  chemName="oxygen"   /><amount units="mole fraction" >0.0090</amount></component>
            <component><speciesLink preferredKey="N2"      CAS="7727-37-9"  InChI="1S/N2/c1-2"                   SMILES="N#N"  chemName="nitrogen" /><amount units="mole fraction" >0.9880</amount></component>
        </property>
        <property name="evaluated standard deviation"  sourcetype="reported"    units="mole fraction"  reference="composition"  kind="absolute"  method="reported uncertainty" >
            <speciesLink preferredKey="C2H5OH"  CAS="64-17-5"    InChI="1S/C2H6O/c1-2-3/h3H,2H2,1H3"  SMILES="CCO"        chemName="ethanol"         />
            <value>0.000261</value>
        </property>
        <property name="evaluated standard deviation"  sourcetype="reported"    units="mole fraction"  reference="composition"  kind="absolute"  method="reported uncertainty" >
            <speciesLink preferredKey="O2"      CAS="7782-44-7"  InChI="1S/O2/c1-2"                   SMILES="O=O"        chemName="oxygen"          />
            <value>0.000867</value>
        </property>
        <property name="evaluated standard deviation"  sourcetype="reported"    units="mole fraction"  reference="composition"  kind="absolute"  method="reported uncertainty" >
            <speciesLink preferredKey="H2O"     CAS="7732-18-5"  InChI="1S/H2O/h1H2"                  SMILES="O"          chemName="water"           />
            <value>0.000663</value>
        </property>
        <property name="evaluated standard deviation"  sourcetype="reported"    units="mole fraction"  reference="composition"  kind="absolute"  method="reported uncertainty" >
            <speciesLink preferredKey="CO"      CAS="630-08-0"   InChI="1S/CO/c1-2"                   SMILES="[C-]#[O+]"  chemName="carbon monoxide" />
            <value>0.000385</value>
        </property>
        <property name="evaluated standard deviation"  sourcetype="reported"    units="mole fraction"  reference="composition"  kind="absolute"  method="reported uncertainty" >
            <speciesLink preferredKey="CO2"     CAS="124-38-9"   InChI="1S/CO2/c2-1-3"                SMILES="C(=O)=O"    chemName="carbon dioxide"  />
            <value>5.78e-5</value>
        </property>
        <property name="evaluated standard deviation"  sourcetype="reported"    units="mole fraction"  reference="composition"  kind="absolute"  method="reported uncertainty" >
            <speciesLink preferredKey="CH2O"    CAS="50-00-0"    InChI="1S/CH2O/c1-2/h1H2"            SMILES="C=O"        chemName="formaldehyde"    />
            <value>1.67e-5</value>
        </property>
        <property name="evaluated standard deviation"  sourcetype="reported"    units="mole fraction"  reference="composition"  kind="absolute"  method="reported uncertainty" >
            <speciesLink preferredKey="CH3CHO"  CAS="75-07-0"    InChI="1S/C2H4O/c1-2-3/h2H,1H3"      SMILES="CC=O"       chemName="acetaldehyde"    />
            <value>2.98e-5</value>
        </property>
        <property name="evaluated standard deviation"  sourcetype="reported"    units="mole fraction"  reference="composition"  kind="absolute"  method="reported uncertainty" >
            <speciesLink preferredKey="CH4"     CAS="74-82-8"    InChI="1S/CH4/h1H4"                  SMILES="C"          chemName="methane"         />
            <value>3.98e-5</value>
        </property>
        <property name="evaluated standard deviation"  sourcetype="reported"    units="mole fraction"  reference="composition"  kind="absolute"  method="reported uncertainty" >
            <speciesLink preferredKey="C2H4"    CAS="74-85-1"    InChI="1S/C2H4/c1-2/h1-2H2"          SMILES="C=C"        chemName="ethene"          />
            <value>5.4e-5</value>
        </property>
        <property name="evaluated standard deviation"  sourcetype="reported"    units="mole fraction"  reference="composition"  kind="absolute"  method="reported uncertainty" >
            <speciesLink preferredKey="C2H6"    CAS="74-84-0"    InChI="1S/C2H6/c1-2/h1-2H3"          SMILES="CC"         chemName="ethane"          />
            <value>3.75e-6</value>
        </property>
    </commonProperties>
    <dataGroup id="dg1">
        <property name="time"         id="x1"   label="t"         sourcetype="digitized"   units="s"             />
        <property name="composition"  id="x2"   label="[C2H5OH]"  sourcetype="calculated"  units="mole fraction" >
            <speciesLink preferredKey="C2H5OH"  CAS="64-17-5"    InChI="1S/C2H6O/c1-2-3/h3H,2H2,1H3"  SMILES="CCO"        chemName="ethanol"         />
        </property>
        <property name="composition"  id="x3"   label="[O2]"      sourcetype="calculated"  units="mole fraction" >
            <speciesLink preferredKey="O2"      CAS="7782-44-7"  InChI="1S/O2/c1-2"                   SMILES="O=O"        chemName="oxygen"          />
        </property>
        <property name="composition"  id="x4"   label="[H2O]"     sourcetype="calculated"  units="mole fraction" >
            <speciesLink preferredKey="H2O"     CAS="7732-18-5"  InChI="1S/H2O/h1H2"                  SMILES="O"          chemName="water"           />
        </property>
        <property name="composition"  id="x5"   label="[CO]"      sourcetype="calculated"  units="mole fraction" >
            <speciesLink preferredKey="CO"      CAS="630-08-0"   InChI="1S/CO/c1-2"                   SMILES="[C-]#[O+]"  chemName="carbon monoxide" />
        </property>
        <property name="composition"  id="x6"   label="[CO2]"     sourcetype="calculated"  units="mole fraction" >
            <speciesLink preferredKey="CO2"     CAS="124-38-9"   InChI="1S/CO2/c2-1-3"                SMILES="C(=O)=O"    chemName="carbon dioxide"  />
        </property>
        <property name="composition"  id="x7"   label="[C2H4]"    sourcetype="calculated"  units="mole fraction" >
            <speciesLink preferredKey="C2H4"    CAS="74-85-1"    InChI="1S/C2H4/c1-2/h1-2H2"          SMILES="C=C"        chemName="ethene"          />
        </property>
        <property name="composition"  id="x8"   label="[CH4]"     sourcetype="calculated"  units="mole fraction" >
            <speciesLink preferredKey="CH4"     CAS="74-82-8"    InChI="1S/CH4/h1H4"                  SMILES="C"          chemName="methane"         />
        </property>
        <property name="composition"  id="x9"   label="[CH3CHO]"  sourcetype="calculated"  units="mole fraction" >
            <speciesLink preferredKey="CH3CHO"  CAS="75-07-0"    InChI="1S/C2H4O/c1-2-3/h2H,1H3"      SMILES="CC=O"       chemName="acetaldehyde"    />
        </property>
        <property name="composition"  id="x10"  label="[C2H6]"    sourcetype="calculated"  units="mole fraction" >
            <speciesLink preferredKey="C2H6"    CAS="74-84-0"    InChI="1S/C2H6/c1-2/h1-2H3"          SMILES="CC"         chemName="ethane"          />
        </property>
        <property name="composition"  id="x11"  label="[CH2O]"    sourcetype="calculated"  units="mole fraction" >
            <speciesLink preferredKey="CH2O"    CAS="50-00-0"    InChI="1S/CH2O/c1-2/h1H2"            SMILES="C=O"        chemName="formaldehyde"    />
        </property>

        <dataPoint><x1>1.8242E-02</x1><x2>2.6149E-03</x2><x3>8.6708E-03</x3><x4>3.4783E-04</x4><x5>1.2422E-04</x5><x6>3.1056E-05</x6><x7>2.2976E-04</x7><x8>0.0000E+00</x8><x9>3.6905E-05</x9><x10>6.5476E-06</x10><x11>1.9048E-05</x11></dataPoint>
        <dataPoint><x1>4.5290E-02</x1><x2>2.2981E-03</x2><x3>8.5466E-03</x3><x4>6.2112E-04</x4><x5>9.9379E-05</x5><x6>3.7267E-05</x6><x7>3.0952E-04</x7><x8>4.7619E-06</x8><x9>1.0952E-04</x9><x10>7.7381E-06</x10><x11>4.2857E-05</x11></dataPoint>
        <dataPoint><x1>7.7371E-02</x1><x2>2.0807E-03</x2><x3>8.3478E-03</x3><x4>8.6957E-04</x4><x5>3.2298E-04</x5><x6>4.9690E-05</x6><x7>3.5000E-04</x7><x8>3.5714E-05</x8><x9>1.6191E-04</x9><x10>1.1607E-05</x10><x11>7.1429E-05</x11></dataPoint>
        <dataPoint><x1>1.2140E-01</x1><x2>1.9006E-03</x2><x3>8.1988E-03</x3><x4>1.0683E-03</x4><x5>3.9752E-04</x5><x6>4.9690E-05</x6><x7>3.9524E-04</x7><x8>5.7143E-05</x8><x9>2.0833E-04</x9><x10>1.1607E-05</x10><x11>8.0952E-05</x11></dataPoint>
        <dataPoint><x1>1.7948E-01</x1><x2>1.6149E-03</x2><x3>7.8758E-03</x3><x4>1.5155E-03</x4><x5>6.4596E-04</x5><x6>6.2112E-05</x6><x7>4.4167E-04</x7><x8>9.7619E-05</x8><x9>2.5714E-04</x9><x10>1.5774E-05</x10><x11>1.0000E-04</x11></dataPoint>
        <dataPoint><x1>2.4847E-01</x1><x2>1.3230E-03</x2><x3>7.5031E-03</x3><x4>2.0373E-03</x4><x5>9.4410E-04</x5><x6>7.4534E-05</x6><x7>4.7857E-04</x7><x8>1.5476E-04</x8><x9>2.9405E-04</x9><x10>1.9643E-05</x10><x11>1.2381E-04</x11></dataPoint>
        <dataPoint><x1>3.2710E-01</x1><x2>1.0373E-03</x2><x3>7.1304E-03</x3><x4>2.6087E-03</x4><x5>1.3416E-03</x5><x6>9.9379E-05</x6><x7>5.0476E-04</x7><x8>2.1191E-04</x8><x9>2.9762E-04</x9><x10>2.6488E-05</x10><x11>1.4286E-04</x11></dataPoint>
        <dataPoint><x1>4.1076E-01</x1><x2>7.5155E-04</x2><x3>6.6335E-03</x3><x4>3.3292E-03</x4><x5>1.8137E-03</x5><x6>1.3043E-04</x6><x7>5.2738E-04</x7><x8>2.7381E-04</x8><x9>2.7381E-04</x9><x10>3.1250E-05</x10><x11>1.5714E-04</x11></dataPoint>
        <dataPoint><x1>4.9337E-01</x1><x2>5.4659E-04</x2><x3>6.2609E-03</x3><x4>3.8758E-03</x4><x5>2.1863E-03</x5><x6>1.6149E-04</x6><x7>5.4048E-04</x7><x8>3.1905E-04</x8><x9>2.4048E-04</x9><x10>3.5417E-05</x10><x11>1.6667E-04</x11></dataPoint>
        <dataPoint><x1>5.7661E-01</x1><x2>3.7267E-04</x2><x3>5.9130E-03</x3><x4>4.3975E-03</x4><x5>2.5342E-03</x5><x6>1.9255E-04</x6><x7>5.3929E-04</x7><x8>3.5000E-04</x8><x9>1.9524E-04</x9><x10>3.6607E-05</x10><x11>1.6190E-04</x11></dataPoint>
        <dataPoint><x1>6.6006E-01</x1><x2>2.3602E-04</x2><x3>5.5901E-03</x3><x4>4.8944E-03</x4><x5>2.8820E-03</x5><x6>2.4224E-04</x6><x7>5.3334E-04</x7><x8>3.7857E-04</x8><x9>1.4762E-04</x9><x10>3.7500E-05</x10><x11>1.5238E-04</x11></dataPoint>
        <dataPoint><x1>7.4310E-01</x1><x2>1.4286E-04</x2><x3>5.2671E-03</x3><x4>5.3665E-03</x4><x5>3.1553E-03</x5><x6>2.9814E-04</x6><x7>5.1429E-04</x7><x8>3.9286E-04</x8><x9>1.0119E-04</x9><x10>3.2441E-05</x10><x11>1.4286E-04</x11></dataPoint>
        <dataPoint><x1>8.2592E-01</x1><x2>6.2112E-05</x2><x3>5.0186E-03</x3><x4>5.6894E-03</x4><x5>3.3789E-03</x5><x6>3.4783E-04</x6><x7>4.8691E-04</x7><x8>3.9762E-04</x8><x9>6.4286E-05</x9><x10>3.2441E-05</x10><x11>1.2857E-04</x11></dataPoint>
        <dataPoint><x1>9.0853E-01</x1><x2>1.8634E-05</x2><x3>4.8199E-03</x3><x4>6.0621E-03</x4><x5>3.5280E-03</x5><x6>4.0373E-04</x6><x7>4.6310E-04</x7><x8>3.9762E-04</x8><x9>4.1667E-05</x9><x10>2.8274E-05</x10><x11>1.0952E-04</x11></dataPoint>
        <dataPoint><x1>9.9156E-01</x1><x2>6.2112E-06</x2><x3>4.6957E-03</x3><x4>6.1615E-03</x4><x5>3.6273E-03</x5><x6>4.3478E-04</x6><x7>4.4524E-04</x7><x8>3.9762E-04</x8><x9>2.6191E-05</x9><x10>2.5595E-05</x10><x11>1.0476E-04</x11></dataPoint>
        <dataPoint><x1>1.0738E+00</x1><x2>0.0000E+00</x2><x3>4.5963E-03</x3><x4>6.2857E-03</x4><x5>3.7019E-03</x5><x6>4.7205E-04</x6><x7>4.2738E-04</x7><x8>3.9762E-04</x8><x9>1.7857E-05</x9><x10>2.2619E-05</x10><x11>9.0476E-05</x11></dataPoint>
        <dataPoint><x1>1.1576E+00</x1><x2>0.0000E+00</x2><x3>4.4969E-03</x3><x4>6.3851E-03</x4><x5>3.7267E-03</x5><x6>4.9690E-04</x6><x7>4.1071E-04</x7><x8>3.8571E-04</x8><x9>1.1905E-05</x9><x10>2.0238E-05</x10><x11>8.5714E-05</x11></dataPoint>
        <dataPoint><x1>1.2407E+00</x1><x2>0.0000E+00</x2><x3>4.4224E-03</x3><x4>6.4596E-03</x4><x5>3.7764E-03</x5><x6>5.3416E-04</x6><x7>3.9048E-04</x7><x8>3.7857E-04</x8><x9>4.7619E-06</x9><x10>1.9643E-05</x10><x11>8.0952E-05</x11></dataPoint>
        <dataPoint><x1>1.3245E+00</x1><x2>0.0000E+00</x2><x3>4.2981E-03</x3><x4>6.6335E-03</x4><x5>3.8509E-03</x5><x6>5.7764E-04</x6><x7>3.7619E-04</x7><x8>3.7619E-04</x8><x9>1.1905E-06</x9><x10>1.6667E-05</x10><x11>7.1429E-05</x11></dataPoint>
    </dataGroup>
    <timeshift target="C2H5OH" type="relative decrease" amount="0.2100"/>
    <comment>The measurement uncertainties for the data reported here are: O2 - ±2%, CO - ±2%, CO2 - ±2%, C2H5OH - ±3%, H2O - ±6%, C2H4 - ±3%, CH4 - ±4%, CH3CHO - ±3%, CH2O - ±3%, C2H6 - ±4%, and C2H2 - ±3% of reading</comment>
</experiment>
