<experiment>
    <fileAuthor>Chemical Kinetics Laboratory, Institute of Chemistry, ELTE, Budapest, Hungary</fileAuthor>
    <fileDOI>10.24388/x30003015</fileDOI>
    <fileVersion>
        <major>2</major>
        <minor>0</minor>
    </fileVersion>
    <ReSpecThVersion>
        <major>2</major>
        <minor>3</minor>
    </ReSpecThVersion>
    <firstPublicationDate>2015-10-11</firstPublicationDate>
    <lastModificationDate>2020-11-13</lastModificationDate>
    <bibliographyLink>
        <description>J. Li, A. Kazakov, M. Chaos, F.L. Dryer, 5th US Combustion Meeting 2007, Paper #C26.</description>
        <location>Main Article</location>
        <figure>Fig. 5 middle</figure>
        <details>
            <author>Li, J and Kazakov, A and Chaos, M and Dryer, F L</author>
            <journal>5$^{\text{th}}$ US Combustion Meeting</journal>
            <pages>Paper {\#} C26</pages>
            <title>Chemical Kinetics of Ethanol Oxidation</title>
            <year>2007</year>
        </details>
    </bibliographyLink>
    <experimentType>concentration time profile measurement</experimentType>
    <apparatus>
        <kind>flow reactor</kind>
    </apparatus>
    <commonProperties>
        <property name="pressure"                      label="P"  sourcetype="reported"    units="atm"           ><value>3</value></property>
        <property name="temperature"                   label="T"  sourcetype="reported"    units="K"             ><value>950</value></property>
        <property name="initial composition"           sourcetype="calculated" >
            <component><speciesLink preferredKey="C2H5OH"  CAS="64-17-5"    InChI="1S/C2H6O/c1-2-3/h3H,2H2,1H3"  SMILES="CCO"  chemName="ethanol"  /><amount units="mole fraction" >0.0030</amount></component>
            <component><speciesLink preferredKey="O2"      CAS="7782-44-7"  InChI="1S/O2/c1-2"                   SMILES="O=O"  chemName="oxygen"   /><amount units="mole fraction" >0.0090</amount></component>
            <component><speciesLink preferredKey="N2"      CAS="7727-37-9"  InChI="1S/N2/c1-2"                   SMILES="N#N"  chemName="nitrogen" /><amount units="mole fraction" >0.9880</amount></component>
        </property>
        <property name="evaluated standard deviation"  sourcetype="reported"    units="mole fraction"  reference="composition"  kind="absolute"  method="reported uncertainty" >
            <speciesLink preferredKey="C2H5OH"  CAS="64-17-5"    InChI="1S/C2H6O/c1-2-3/h3H,2H2,1H3"  SMILES="CCO"        chemName="ethanol"         />
            <value>0.000249</value>
        </property>
        <property name="evaluated standard deviation"  sourcetype="reported"    units="mole fraction"  reference="composition"  kind="absolute"  method="reported uncertainty" >
            <speciesLink preferredKey="O2"      CAS="7782-44-7"  InChI="1S/O2/c1-2"                   SMILES="O=O"        chemName="oxygen"          />
            <value>0.000865</value>
        </property>
        <property name="evaluated standard deviation"  sourcetype="reported"    units="mole fraction"  reference="composition"  kind="absolute"  method="reported uncertainty" >
            <speciesLink preferredKey="H2O"     CAS="7732-18-5"  InChI="1S/H2O/h1H2"                  SMILES="O"          chemName="water"           />
            <value>0.000485</value>
        </property>
        <property name="evaluated standard deviation"  sourcetype="reported"    units="mole fraction"  reference="composition"  kind="absolute"  method="reported uncertainty" >
            <speciesLink preferredKey="CO"      CAS="630-08-0"   InChI="1S/CO/c1-2"                   SMILES="[C-]#[O+]"  chemName="carbon monoxide" />
            <value>0.00033</value>
        </property>
        <property name="evaluated standard deviation"  sourcetype="reported"    units="mole fraction"  reference="composition"  kind="absolute"  method="reported uncertainty" >
            <speciesLink preferredKey="CO2"     CAS="124-38-9"   InChI="1S/CO2/c2-1-3"                SMILES="C(=O)=O"    chemName="carbon dioxide"  />
            <value>2.75e-5</value>
        </property>
        <property name="evaluated standard deviation"  sourcetype="reported"    units="mole fraction"  reference="composition"  kind="absolute"  method="reported uncertainty" >
            <speciesLink preferredKey="CH2O"    CAS="50-00-0"    InChI="1S/CH2O/c1-2/h1H2"            SMILES="C=O"        chemName="formaldehyde"    />
            <value>2.23e-5</value>
        </property>
        <property name="evaluated standard deviation"  sourcetype="reported"    units="mole fraction"  reference="composition"  kind="absolute"  method="reported uncertainty" >
            <speciesLink preferredKey="CH3CHO"  CAS="75-07-0"    InChI="1S/C2H4O/c1-2-3/h2H,1H3"      SMILES="CC=O"       chemName="acetaldehyde"    />
            <value>3.42e-5</value>
        </property>
        <property name="evaluated standard deviation"  sourcetype="reported"    units="mole fraction"  reference="composition"  kind="absolute"  method="reported uncertainty" >
            <speciesLink preferredKey="CH4"     CAS="74-82-8"    InChI="1S/CH4/h1H4"                  SMILES="C"          chemName="methane"         />
            <value>5.05e-5</value>
        </property>
        <property name="evaluated standard deviation"  sourcetype="reported"    units="mole fraction"  reference="composition"  kind="absolute"  method="reported uncertainty" >
            <speciesLink preferredKey="C2H4"    CAS="74-85-1"    InChI="1S/C2H4/c1-2/h1-2H2"          SMILES="C=C"        chemName="ethene"          />
            <value>7.07e-5</value>
        </property>
        <property name="evaluated standard deviation"  sourcetype="reported"    units="mole fraction"  reference="composition"  kind="absolute"  method="reported uncertainty" >
            <speciesLink preferredKey="C2H6"    CAS="74-84-0"    InChI="1S/C2H6/c1-2/h1-2H3"          SMILES="CC"         chemName="ethane"          />
            <value>9.45e-6</value>
        </property>
    </commonProperties>
    <dataGroup id="dg1">
        <property name="time"         id="x1"   label="t"         sourcetype="digitized"   units="s"             />
        <property name="composition"  id="x2"   label="[C2H5OH]"  sourcetype="calculated"  units="mole fraction" >
            <speciesLink preferredKey="C2H5OH"  CAS="64-17-5"    InChI="1S/C2H6O/c1-2-3/h3H,2H2,1H3"  SMILES="CCO"        chemName="ethanol"         />
        </property>
        <property name="composition"  id="x3"   label="[O2]"      sourcetype="calculated"  units="mole fraction" >
            <speciesLink preferredKey="O2"      CAS="7782-44-7"  InChI="1S/O2/c1-2"                   SMILES="O=O"        chemName="oxygen"          />
        </property>
        <property name="composition"  id="x4"   label="[H2O]"     sourcetype="calculated"  units="mole fraction" >
            <speciesLink preferredKey="H2O"     CAS="7732-18-5"  InChI="1S/H2O/h1H2"                  SMILES="O"          chemName="water"           />
        </property>
        <property name="composition"  id="x5"   label="[CO]"      sourcetype="calculated"  units="mole fraction" >
            <speciesLink preferredKey="CO"      CAS="630-08-0"   InChI="1S/CO/c1-2"                   SMILES="[C-]#[O+]"  chemName="carbon monoxide" />
        </property>
        <property name="composition"  id="x6"   label="[CO2]"     sourcetype="calculated"  units="mole fraction" >
            <speciesLink preferredKey="CO2"     CAS="124-38-9"   InChI="1S/CO2/c2-1-3"                SMILES="C(=O)=O"    chemName="carbon dioxide"  />
        </property>
        <property name="composition"  id="x7"   label="[C2H4]"    sourcetype="calculated"  units="mole fraction" >
            <speciesLink preferredKey="C2H4"    CAS="74-85-1"    InChI="1S/C2H4/c1-2/h1-2H2"          SMILES="C=C"        chemName="ethene"          />
        </property>
        <property name="composition"  id="x8"   label="[CH4]"     sourcetype="calculated"  units="mole fraction" >
            <speciesLink preferredKey="CH4"     CAS="74-82-8"    InChI="1S/CH4/h1H4"                  SMILES="C"          chemName="methane"         />
        </property>
        <property name="composition"  id="x9"   label="[CH3CHO]"  sourcetype="calculated"  units="mole fraction" >
            <speciesLink preferredKey="CH3CHO"  CAS="75-07-0"    InChI="1S/C2H4O/c1-2-3/h2H,1H3"      SMILES="CC=O"       chemName="acetaldehyde"    />
        </property>
        <property name="composition"  id="x10"  label="[C2H6]"    sourcetype="calculated"  units="mole fraction" >
            <speciesLink preferredKey="C2H6"    CAS="74-84-0"    InChI="1S/C2H6/c1-2/h1-2H3"          SMILES="CC"         chemName="ethane"          />
        </property>
        <property name="composition"  id="x11"  label="[CH2O]"    sourcetype="calculated"  units="mole fraction" >
            <speciesLink preferredKey="CH2O"    CAS="50-00-0"    InChI="1S/CH2O/c1-2/h1H2"            SMILES="C=O"        chemName="formaldehyde"    />
        </property>

        <dataPoint><x1>5.7995E-03</x1><x2>2.4904E-03</x2><x3>8.6499E-03</x3><x4>5.3176E-04</x4><x5>8.8626E-05</x5><x6>5.3176E-05</x6><x7>2.7888E-04</x7><x8>0.0000E+00</x8><x9>8.0355E-05</x9><x10>1.0635E-05</x10><x11>2.9542E-05</x11></dataPoint>
        <dataPoint><x1>1.4053E-02</x1><x2>2.2112E-03</x2><x3>8.5081E-03</x3><x4>7.5333E-04</x4><x5>1.7725E-04</x5><x6>6.2039E-05</x6><x7>3.5332E-04</x7><x8>1.6544E-05</x8><x9>1.4062E-04</x9><x10>1.6544E-05</x10><x11>5.6721E-05</x11></dataPoint>
        <dataPoint><x1>2.4425E-02</x1><x2>1.9542E-03</x2><x3>8.3486E-03</x3><x4>1.0281E-03</x4><x5>3.5451E-04</x5><x6>6.6470E-05</x6><x7>4.3132E-04</x7><x8>4.8449E-05</x8><x9>2.0798E-04</x9><x10>2.7179E-05</x10><x11>9.0990E-05</x11></dataPoint>
        <dataPoint><x1>3.8478E-02</x1><x2>1.6706E-03</x2><x3>8.1004E-03</x3><x4>1.3648E-03</x4><x5>5.1403E-04</x5><x6>7.5332E-05</x6><x7>5.0576E-04</x7><x8>8.9808E-05</x8><x9>2.6942E-04</x9><x10>3.7814E-05</x10><x11>1.2880E-04</x11></dataPoint>
        <dataPoint><x1>5.6099E-02</x1><x2>1.4003E-03</x2><x3>7.8168E-03</x3><x4>1.7371E-03</x4><x5>7.4446E-04</x5><x6>8.8626E-05</x6><x7>5.6957E-04</x7><x8>1.3708E-04</x8><x9>3.1551E-04</x9><x10>4.9631E-05</x10><x11>1.6544E-04</x11></dataPoint>
        <dataPoint><x1>7.8015E-02</x1><x2>1.1344E-03</x2><x3>7.5510E-03</x3><x4>2.1093E-03</x4><x5>1.0103E-03</x5><x6>9.3058E-05</x6><x7>6.1684E-04</x7><x8>1.8434E-04</x8><x9>3.3914E-04</x9><x10>6.3811E-05</x10><x11>1.9498E-04</x11></dataPoint>
        <dataPoint><x1>1.0261E-01</x1><x2>9.1285E-04</x2><x3>7.3028E-03</x3><x4>2.4727E-03</x4><x5>1.2762E-03</x5><x6>9.7489E-05</x6><x7>6.5820E-04</x7><x8>2.3279E-04</x8><x9>3.4151E-04</x9><x10>7.4446E-05</x10><x11>2.1625E-04</x11></dataPoint>
        <dataPoint><x1>1.2876E-01</x1><x2>7.2674E-04</x2><x3>7.1078E-03</x3><x4>2.7829E-03</x4><x5>1.5244E-03</x5><x6>1.1078E-04</x6><x7>6.7829E-04</x7><x8>2.8006E-04</x8><x9>3.2378E-04</x9><x10>8.3900E-05</x10><x11>2.2216E-04</x11></dataPoint>
        <dataPoint><x1>1.5519E-01</x1><x2>5.7607E-04</x2><x3>6.8951E-03</x3><x4>3.1019E-03</x4><x5>1.7548E-03</x5><x6>1.2408E-04</x6><x7>6.9601E-04</x7><x8>3.2615E-04</x8><x9>2.9424E-04</x9><x10>9.0990E-05</x10><x11>2.2334E-04</x11></dataPoint>
        <dataPoint><x1>1.8135E-01</x1><x2>4.5643E-04</x2><x3>6.7002E-03</x3><x4>3.3855E-03</x4><x5>2.0207E-03</x5><x6>1.3294E-04</x6><x7>7.0665E-04</x7><x8>3.6278E-04</x8><x9>2.6352E-04</x9><x10>9.4535E-05</x10><x11>2.1743E-04</x11></dataPoint>
        <dataPoint><x1>2.0783E-01</x1><x2>3.6337E-04</x2><x3>6.5584E-03</x3><x4>3.5894E-03</x4><x5>2.1802E-03</x5><x6>1.5066E-04</x6><x7>7.0428E-04</x7><x8>3.8996E-04</x8><x9>2.2925E-04</x9><x10>9.4535E-05</x10><x11>2.0680E-04</x11></dataPoint>
        <dataPoint><x1>2.3438E-01</x1><x2>2.8361E-04</x2><x3>6.3811E-03</x3><x4>3.7932E-03</x4><x5>2.4106E-03</x5><x6>1.6396E-04</x6><x7>7.0428E-04</x7><x8>4.1713E-04</x8><x9>1.9734E-04</x9><x10>9.3353E-05</x10><x11>1.9616E-04</x11></dataPoint>
        <dataPoint><x1>2.6087E-01</x1><x2>2.2600E-04</x2><x3>6.2570E-03</x3><x4>3.9970E-03</x4><x5>2.5879E-03</x5><x6>1.6839E-04</x6><x7>7.0428E-04</x7><x8>4.4313E-04</x8><x9>1.6780E-04</x9><x10>9.4535E-05</x10><x11>1.8434E-04</x11></dataPoint>
        <dataPoint><x1>2.8724E-01</x1><x2>1.6396E-04</x2><x3>6.1329E-03</x3><x4>4.1389E-03</x4><x5>2.7297E-03</x5><x6>1.9498E-04</x6><x7>6.9601E-04</x7><x8>4.5613E-04</x8><x9>1.3944E-04</x9><x10>9.0990E-05</x10><x11>1.7016E-04</x11></dataPoint>
        <dataPoint><x1>3.1384E-01</x1><x2>1.2851E-04</x2><x3>6.0089E-03</x3><x4>4.3161E-03</x4><x5>2.8538E-03</x5><x6>2.0827E-04</x6><x7>6.9129E-04</x7><x8>4.7386E-04</x8><x9>1.1817E-04</x9><x10>8.9808E-05</x10><x11>1.5835E-04</x11></dataPoint>
        <dataPoint><x1>3.4044E-01</x1><x2>8.8626E-05</x2><x3>5.9025E-03</x3><x4>4.4225E-03</x4><x5>2.9778E-03</x5><x6>2.1713E-04</x6><x7>6.7711E-04</x7><x8>4.8213E-04</x8><x9>9.6898E-05</x9><x10>8.3900E-05</x10><x11>1.4653E-04</x11></dataPoint>
        <dataPoint><x1>3.6710E-01</x1><x2>6.6470E-05</x2><x3>5.7784E-03</x3><x4>4.5731E-03</x4><x5>3.0665E-03</x5><x6>2.3486E-04</x6><x7>6.7474E-04</x7><x8>4.9158E-04</x8><x9>8.2718E-05</x9><x10>8.2718E-05</x10><x11>1.3708E-04</x11></dataPoint>
        <dataPoint><x1>3.9370E-01</x1><x2>3.5451E-05</x2><x3>5.6721E-03</x3><x4>4.7326E-03</x4><x5>3.1906E-03</x5><x6>2.5702E-04</x6><x7>6.5584E-04</x7><x8>5.0222E-04</x8><x9>6.2629E-05</x9><x10>7.7991E-05</x10><x11>1.2526E-04</x11></dataPoint>
        <dataPoint><x1>4.2041E-01</x1><x2>8.8626E-06</x2><x3>5.5657E-03</x3><x4>4.8479E-03</x4><x5>3.2969E-03</x5><x6>2.7474E-04</x6><x7>6.3456E-04</x7><x8>5.0458E-04</x8><x9>4.6086E-05</x9><x10>7.0901E-05</x10><x11>1.1344E-04</x11></dataPoint>
    </dataGroup>
    <timeshift target="C2H5OH" type="half decrease"/>
    <comment>The measurement uncertainties for the data reported here are: O2 - ±2%, CO - ±2%, CO2 - ±2%, C2H5OH - ±3%, H2O - ±6%, C2H4 - ±3%, CH4 - ±4%, CH3CHO - ±3%, CH2O - ±3%, C2H6 - ±4%, and C2H2 - ±3% of reading</comment>
</experiment>
