<experiment>
    <fileAuthor>Chemical Kinetics Laboratory, Institute of Chemistry, ELTE, Budapest, Hungary</fileAuthor>
    <fileDOI>10.24388/x30003019</fileDOI>
    <fileVersion>
        <major>2</major>
        <minor>0</minor>
    </fileVersion>
    <ReSpecThVersion>
        <major>2</major>
        <minor>3</minor>
    </ReSpecThVersion>
    <firstPublicationDate>2015-10-11</firstPublicationDate>
    <lastModificationDate>2020-11-13</lastModificationDate>
    <bibliographyLink>
        <description>J. Li, A. Kazakov, M. Chaos, F.L. Dryer, 5th US Combustion Meeting 2007, Paper #C26.</description>
        <location>Main Article</location>
        <figure>Fig. 6 bottom</figure>
        <details>
            <author>Li, J and Kazakov, A and Chaos, M and Dryer, F L</author>
            <journal>5$^{\text{th}}$ US Combustion Meeting</journal>
            <pages>Paper {\#} C26</pages>
            <title>Chemical Kinetics of Ethanol Oxidation</title>
            <year>2007</year>
        </details>
    </bibliographyLink>
    <experimentType>concentration time profile measurement</experimentType>
    <apparatus>
        <kind>flow reactor</kind>
    </apparatus>
    <commonProperties>
        <property name="pressure"                      label="P"  sourcetype="reported"    units="atm"           ><value>6</value></property>
        <property name="temperature"                   label="T"  sourcetype="reported"    units="K"             ><value>860</value></property>
        <property name="initial composition"           sourcetype="calculated" >
            <component><speciesLink preferredKey="C2H5OH"  CAS="64-17-5"    InChI="1S/C2H6O/c1-2-3/h3H,2H2,1H3"  SMILES="CCO"  chemName="ethanol"  /><amount units="mole fraction" >0.0030</amount></component>
            <component><speciesLink preferredKey="O2"      CAS="7782-44-7"  InChI="1S/O2/c1-2"                   SMILES="O=O"  chemName="oxygen"   /><amount units="mole fraction" >0.0075</amount></component>
            <component><speciesLink preferredKey="N2"      CAS="7727-37-9"  InChI="1S/N2/c1-2"                   SMILES="N#N"  chemName="nitrogen" /><amount units="mole fraction" >0.9895</amount></component>
        </property>
        <property name="evaluated standard deviation"  sourcetype="reported"    units="mole fraction"  reference="composition"  kind="absolute"  method="reported uncertainty" >
            <speciesLink preferredKey="C2H5OH"  CAS="64-17-5"    InChI="1S/C2H6O/c1-2-3/h3H,2H2,1H3"  SMILES="CCO"        chemName="ethanol"         />
            <value>0.000228</value>
        </property>
        <property name="evaluated standard deviation"  sourcetype="reported"    units="mole fraction"  reference="composition"  kind="absolute"  method="reported uncertainty" >
            <speciesLink preferredKey="O2"      CAS="7782-44-7"  InChI="1S/O2/c1-2"                   SMILES="O=O"        chemName="oxygen"          />
            <value>0.00075</value>
        </property>
        <property name="evaluated standard deviation"  sourcetype="reported"    units="mole fraction"  reference="composition"  kind="absolute"  method="reported uncertainty" >
            <speciesLink preferredKey="H2O"     CAS="7732-18-5"  InChI="1S/H2O/h1H2"                  SMILES="O"          chemName="water"           />
            <value>0.000526</value>
        </property>
        <property name="evaluated standard deviation"  sourcetype="reported"    units="mole fraction"  reference="composition"  kind="absolute"  method="reported uncertainty" >
            <speciesLink preferredKey="CO"      CAS="630-08-0"   InChI="1S/CO/c1-2"                   SMILES="[C-]#[O+]"  chemName="carbon monoxide" />
            <value>0.000326</value>
        </property>
        <property name="evaluated standard deviation"  sourcetype="reported"    units="mole fraction"  reference="composition"  kind="absolute"  method="reported uncertainty" >
            <speciesLink preferredKey="CO2"     CAS="124-38-9"   InChI="1S/CO2/c2-1-3"                SMILES="C(=O)=O"    chemName="carbon dioxide"  />
            <value>2.57e-5</value>
        </property>
        <property name="evaluated standard deviation"  sourcetype="reported"    units="mole fraction"  reference="composition"  kind="absolute"  method="reported uncertainty" >
            <speciesLink preferredKey="CH2O"    CAS="50-00-0"    InChI="1S/CH2O/c1-2/h1H2"            SMILES="C=O"        chemName="formaldehyde"    />
            <value>2.02e-5</value>
        </property>
        <property name="evaluated standard deviation"  sourcetype="reported"    units="mole fraction"  reference="composition"  kind="absolute"  method="reported uncertainty" >
            <speciesLink preferredKey="CH3CHO"  CAS="75-07-0"    InChI="1S/C2H4O/c1-2-3/h2H,1H3"      SMILES="CC=O"       chemName="acetaldehyde"    />
            <value>3.42e-5</value>
        </property>
        <property name="evaluated standard deviation"  sourcetype="reported"    units="mole fraction"  reference="composition"  kind="absolute"  method="reported uncertainty" >
            <speciesLink preferredKey="CH4"     CAS="74-82-8"    InChI="1S/CH4/h1H4"                  SMILES="C"          chemName="methane"         />
            <value>4.54e-5</value>
        </property>
        <property name="evaluated standard deviation"  sourcetype="reported"    units="mole fraction"  reference="composition"  kind="absolute"  method="reported uncertainty" >
            <speciesLink preferredKey="C2H4"    CAS="74-85-1"    InChI="1S/C2H4/c1-2/h1-2H2"          SMILES="C=C"        chemName="ethene"          />
            <value>5.91e-5</value>
        </property>
        <property name="evaluated standard deviation"  sourcetype="reported"    units="mole fraction"  reference="composition"  kind="absolute"  method="reported uncertainty" >
            <speciesLink preferredKey="C2H6"    CAS="74-84-0"    InChI="1S/C2H6/c1-2/h1-2H3"          SMILES="CC"         chemName="ethane"          />
            <value>6.06e-6</value>
        </property>
    </commonProperties>
    <dataGroup id="dg1">
        <property name="time"         id="x1"   label="t"         sourcetype="digitized"   units="s"             />
        <property name="composition"  id="x2"   label="[C2H5OH]"  sourcetype="calculated"  units="mole fraction" >
            <speciesLink preferredKey="C2H5OH"  CAS="64-17-5"    InChI="1S/C2H6O/c1-2-3/h3H,2H2,1H3"  SMILES="CCO"        chemName="ethanol"         />
        </property>
        <property name="composition"  id="x3"   label="[O2]"      sourcetype="calculated"  units="mole fraction" >
            <speciesLink preferredKey="O2"      CAS="7782-44-7"  InChI="1S/O2/c1-2"                   SMILES="O=O"        chemName="oxygen"          />
        </property>
        <property name="composition"  id="x4"   label="[H2O]"     sourcetype="calculated"  units="mole fraction" >
            <speciesLink preferredKey="H2O"     CAS="7732-18-5"  InChI="1S/H2O/h1H2"                  SMILES="O"          chemName="water"           />
        </property>
        <property name="composition"  id="x5"   label="[CO]"      sourcetype="calculated"  units="mole fraction" >
            <speciesLink preferredKey="CO"      CAS="630-08-0"   InChI="1S/CO/c1-2"                   SMILES="[C-]#[O+]"  chemName="carbon monoxide" />
        </property>
        <property name="composition"  id="x6"   label="[CO2]"     sourcetype="calculated"  units="mole fraction" >
            <speciesLink preferredKey="CO2"     CAS="124-38-9"   InChI="1S/CO2/c2-1-3"                SMILES="C(=O)=O"    chemName="carbon dioxide"  />
        </property>
        <property name="composition"  id="x7"   label="[C2H4]"    sourcetype="calculated"  units="mole fraction" >
            <speciesLink preferredKey="C2H4"    CAS="74-85-1"    InChI="1S/C2H4/c1-2/h1-2H2"          SMILES="C=C"        chemName="ethene"          />
        </property>
        <property name="composition"  id="x8"   label="[CH4]"     sourcetype="calculated"  units="mole fraction" >
            <speciesLink preferredKey="CH4"     CAS="74-82-8"    InChI="1S/CH4/h1H4"                  SMILES="C"          chemName="methane"         />
        </property>
        <property name="composition"  id="x9"   label="[CH3CHO]"  sourcetype="calculated"  units="mole fraction" >
            <speciesLink preferredKey="CH3CHO"  CAS="75-07-0"    InChI="1S/C2H4O/c1-2-3/h2H,1H3"      SMILES="CC=O"       chemName="acetaldehyde"    />
        </property>
        <property name="composition"  id="x10"  label="[C2H6]"    sourcetype="calculated"  units="mole fraction" >
            <speciesLink preferredKey="C2H6"    CAS="74-84-0"    InChI="1S/C2H6/c1-2/h1-2H3"          SMILES="CC"         chemName="ethane"          />
        </property>
        <property name="composition"  id="x11"  label="[CH2O]"    sourcetype="calculated"  units="mole fraction" >
            <speciesLink preferredKey="CH2O"    CAS="50-00-0"    InChI="1S/CH2O/c1-2/h1H2"            SMILES="C=O"        chemName="formaldehyde"    />
        </property>

        <dataPoint><x1>1.3177E-02</x1><x2>2.2832E-03</x2><x3>7.5044E-03</x3><x4>6.9027E-04</x4><x5>1.0620E-04</x5><x6>4.4248E-05</x6><x7>4.0673E-04</x7><x8>0.0000E+00</x8><x9>1.1346E-04</x9><x10>5.5289E-06</x10><x11>4.2308E-05</x11></dataPoint>
        <dataPoint><x1>3.2049E-02</x1><x2>2.2124E-03</x2><x3>7.4159E-03</x3><x4>7.9646E-04</x4><x5>1.4159E-04</x5><x6>4.4248E-05</x6><x7>3.8846E-04</x7><x8>1.4423E-05</x8><x9>1.5577E-04</x9><x10>5.5289E-06</x10><x11>6.1538E-05</x11></dataPoint>
        <dataPoint><x1>5.4941E-02</x1><x2>2.0354E-03</x2><x3>7.2743E-03</x3><x4>9.3806E-04</x4><x5>2.6549E-04</x5><x6>4.4248E-05</x6><x7>3.9904E-04</x7><x8>3.4615E-05</x8><x9>1.9904E-04</x9><x10>1.0817E-05</x10><x11>8.2692E-05</x11></dataPoint>
        <dataPoint><x1>8.6097E-02</x1><x2>1.8584E-03</x2><x3>7.1150E-03</x3><x4>1.1239E-03</x4><x5>3.5398E-04</x5><x6>4.4248E-05</x6><x7>4.2212E-04</x7><x8>5.8654E-05</x8><x9>2.3750E-04</x9><x10>1.3702E-05</x10><x11>9.8077E-05</x11></dataPoint>
        <dataPoint><x1>1.2641E-01</x1><x2>1.6681E-03</x2><x3>6.9912E-03</x3><x4>1.3628E-03</x4><x5>4.7788E-04</x5><x6>4.8673E-05</x6><x7>4.5289E-04</x7><x8>8.9423E-05</x8><x9>2.8558E-04</x9><x10>1.9231E-05</x10><x11>1.1923E-04</x11></dataPoint>
        <dataPoint><x1>1.7499E-01</x1><x2>1.6239E-03</x2><x3>6.8673E-03</x3><x4>1.4248E-03</x4><x5>5.3097E-04</x5><x6>4.8673E-05</x6><x7>4.6058E-04</x7><x8>9.7115E-05</x8><x9>2.9327E-04</x9><x10>1.8510E-05</x10><x11>1.2500E-04</x11></dataPoint>
        <dataPoint><x1>2.3026E-01</x1><x2>1.4558E-03</x2><x3>6.6903E-03</x3><x4>1.6637E-03</x4><x5>6.7257E-04</x5><x6>5.7522E-05</x6><x7>4.8558E-04</x7><x8>1.2500E-04</x8><x9>3.1827E-04</x9><x10>2.1875E-05</x10><x11>1.3846E-04</x11></dataPoint>
        <dataPoint><x1>2.8811E-01</x1><x2>1.2478E-03</x2><x3>6.4425E-03</x3><x4>2.0354E-03</x4><x5>9.2035E-04</x5><x6>6.6372E-05</x6><x7>5.1635E-04</x7><x8>1.7212E-04</x8><x9>3.4231E-04</x9><x10>3.2933E-05</x10><x11>1.5962E-04</x11></dataPoint>
        <dataPoint><x1>3.4696E-01</x1><x2>1.0265E-03</x2><x3>6.1593E-03</x3><x4>2.4336E-03</x4><x5>1.1858E-03</x5><x6>7.0797E-05</x6><x7>5.4231E-04</x7><x8>2.1731E-04</x8><x9>3.4231E-04</x9><x10>3.7741E-05</x10><x11>1.7692E-04</x11></dataPoint>
        <dataPoint><x1>4.0603E-01</x1><x2>8.3186E-04</x2><x3>5.9115E-03</x3><x4>2.8230E-03</x4><x5>1.4690E-03</x5><x6>8.4071E-05</x6><x7>5.6346E-04</x7><x8>2.6346E-04</x8><x9>3.2981E-04</x9><x10>4.3991E-05</x10><x11>1.9231E-04</x11></dataPoint>
        <dataPoint><x1>4.6443E-01</x1><x2>6.8584E-04</x2><x3>5.6460E-03</x3><x4>3.1858E-03</x4><x5>1.7522E-03</x5><x6>9.7345E-05</x6><x7>5.7500E-04</x7><x8>3.0289E-04</x8><x9>3.0481E-04</x9><x10>5.1923E-05</x10><x11>2.0000E-04</x11></dataPoint>
        <dataPoint><x1>5.2328E-01</x1><x2>5.1328E-04</x2><x3>5.3628E-03</x3><x4>3.6283E-03</x4><x5>2.0885E-03</x5><x6>1.1947E-04</x6><x7>5.8462E-04</x7><x8>3.4615E-04</x8><x9>2.6058E-04</x9><x10>5.5769E-05</x10><x11>2.0192E-04</x11></dataPoint>
        <dataPoint><x1>5.8169E-01</x1><x2>3.8938E-04</x2><x3>5.1504E-03</x3><x4>3.9646E-03</x4><x5>2.3186E-03</x5><x6>1.2832E-04</x6><x7>5.9135E-04</x7><x8>3.7789E-04</x8><x9>2.2596E-04</x9><x10>5.9616E-05</x10><x11>2.0192E-04</x11></dataPoint>
        <dataPoint><x1>6.4065E-01</x1><x2>2.9204E-04</x2><x3>4.9204E-03</x3><x4>4.2743E-03</x4><x5>2.5664E-03</x5><x6>1.5044E-04</x6><x7>5.9039E-04</x7><x8>4.0385E-04</x8><x9>1.8750E-04</x9><x10>5.9375E-05</x10><x11>1.9231E-04</x11></dataPoint>
        <dataPoint><x1>6.9916E-01</x1><x2>2.3894E-04</x2><x3>4.7788E-03</x3><x4>4.4248E-03</x4><x5>2.6903E-03</x5><x6>1.6372E-04</x6><x7>5.8846E-04</x7><x8>4.1731E-04</x8><x9>1.6346E-04</x9><x10>6.0577E-05</x10><x11>1.8846E-04</x11></dataPoint>
        <dataPoint><x1>7.5801E-01</x1><x2>1.7257E-04</x2><x3>4.6195E-03</x3><x4>4.6903E-03</x4><x5>2.8850E-03</x5><x6>1.9469E-04</x6><x7>5.8077E-04</x7><x8>4.3462E-04</x8><x9>1.3077E-04</x9><x10>5.9616E-05</x10><x11>1.7308E-04</x11></dataPoint>
        <dataPoint><x1>8.1664E-01</x1><x2>1.1947E-04</x2><x3>4.4425E-03</x3><x4>4.9558E-03</x4><x5>3.0797E-03</x5><x6>2.1681E-04</x6><x7>5.7404E-04</x7><x8>4.4808E-04</x8><x9>1.0096E-04</x9><x10>5.6731E-05</x10><x11>1.6154E-04</x11></dataPoint>
        <dataPoint><x1>8.7549E-01</x1><x2>9.2920E-05</x2><x3>4.3363E-03</x3><x4>5.0974E-03</x4><x5>3.1504E-03</x5><x6>2.3894E-04</x6><x7>5.5577E-04</x7><x8>4.5000E-04</x8><x9>8.7500E-05</x9><x10>5.3606E-05</x10><x11>1.5000E-04</x11></dataPoint>
        <dataPoint><x1>9.3445E-01</x1><x2>5.7522E-05</x2><x3>4.2124E-03</x3><x4>5.2567E-03</x4><x5>3.2566E-03</x5><x6>2.5664E-04</x6><x7>5.4327E-04</x7><x8>4.5385E-04</x8><x9>6.7308E-05</x9><x10>5.1442E-05</x10><x11>1.4038E-04</x11></dataPoint>
    </dataGroup>
    <timeshift target="C2H5OH" type="half decrease"/>
    <comment>The measurement uncertainties for the data reported here are: O2 - ±2%, CO - ±2%, CO2 - ±2%, C2H5OH - ±3%, H2O - ±6%, C2H4 - ±3%, CH4 - ±4%, CH3CHO - ±3%, CH2O - ±3%, C2H6 - ±4%, and C2H2 - ±3% of reading</comment>
</experiment>
