<experiment>
    <fileAuthor>Chemical Kinetics Laboratory, Institute of Chemistry, ELTE, Budapest, Hungary</fileAuthor>
    <fileDOI>10.24388/x30003008</fileDOI>
    <fileVersion>
        <major>2</major>
        <minor>0</minor>
    </fileVersion>
    <ReSpecThVersion>
        <major>2</major>
        <minor>3</minor>
    </ReSpecThVersion>
    <firstPublicationDate>2015-10-11</firstPublicationDate>
    <lastModificationDate>2020-11-13</lastModificationDate>
    <bibliographyLink>
        <description>M. Abian, C. Esarte, A. Millera, R. Bilbao, M.U. Alzueta, Energy Fuels (2008), 22, 3814-3823.</description>
        <referenceDOI>10.1021/ef800550k</referenceDOI>
        <location>Main Article</location>
        <figure>Figs. 1 and 2, full circle, air excess ratio=0.7</figure>
        <details>
            <author>Abi{\'{a}}n, Mar{\'{i}}a and Esarte, Claudia and Millera, {\'{A}}ngela and Bilbao, Rafael and Alzueta, Mar{\'{i}}a U</author>
            <journal>Energy Fuels</journal>
            <pages>3814--3823</pages>
            <title>Oxidation of Acetylene - Ethanol Mixtures and Their Interaction with NO</title>
            <volume>22</volume>
            <year>2008</year>
        </details>
    </bibliographyLink>
    <experimentType>outlet concentration measurement</experimentType>
    <apparatus>
        <kind>flow reactor</kind>
    </apparatus>
    <commonProperties>
        <property name="pressure"                      label="P"  sourcetype="reported"    units="atm"           ><value>1</value></property>
        <property name="initial composition"           sourcetype="calculated" >
            <component><speciesLink preferredKey="C2H2"    CAS="74-86-2"    InChI="1S/C2H2/c1-2/h1-2H"           SMILES="C#C"  chemName="acetylene" /><amount units="mole fraction" >0.000500</amount></component>
            <component><speciesLink preferredKey="C2H5OH"  CAS="64-17-5"    InChI="1S/C2H6O/c1-2-3/h3H,2H2,1H3"  SMILES="CCO"  chemName="ethanol"   /><amount units="mole fraction" >0.000100</amount></component>
            <component><speciesLink preferredKey="O2"      CAS="7782-44-7"  InChI="1S/O2/c1-2"                   SMILES="O=O"  chemName="oxygen"    /><amount units="mole fraction" >0.001085</amount></component>
            <component><speciesLink preferredKey="H2O"     CAS="7732-18-5"  InChI="1S/H2O/h1H2"                  SMILES="O"    chemName="water"     /><amount units="mole fraction" >0.007000</amount></component>
            <component><speciesLink preferredKey="N2"      CAS="7727-37-9"  InChI="1S/N2/c1-2"                   SMILES="N#N"  chemName="nitrogen"  /><amount units="mole fraction" >0.991315</amount></component>
        </property>
        <property name="evaluated standard deviation"  sourcetype="estimated"   units="mole fraction"  reference="composition"  kind="absolute"  method="statistical scatter" >
            <speciesLink preferredKey="C2H5OH"  CAS="64-17-5"    InChI="1S/C2H6O/c1-2-3/h3H,2H2,1H3"  SMILES="CCO"        chemName="ethanol"         />
            <value>1.02e-5</value>
        </property>
        <property name="evaluated standard deviation"  sourcetype="estimated"   units="mole fraction"  reference="composition"  kind="absolute"  method="statistical scatter" >
            <speciesLink preferredKey="CO"      CAS="630-08-0"   InChI="1S/CO/c1-2"                   SMILES="[C-]#[O+]"  chemName="carbon monoxide" />
            <value>0.000101</value>
        </property>
        <property name="evaluated standard deviation"  sourcetype="estimated"   units="mole fraction"  reference="composition"  kind="absolute"  method="statistical scatter" >
            <speciesLink preferredKey="CO2"     CAS="124-38-9"   InChI="1S/CO2/c2-1-3"                SMILES="C(=O)=O"    chemName="carbon dioxide"  />
            <value>9.2e-5</value>
        </property>
        <property name="evaluated standard deviation"  sourcetype="estimated"   units="mole fraction"  reference="composition"  kind="absolute"  method="statistical scatter" >
            <speciesLink preferredKey="C2H2"    CAS="74-86-2"    InChI="1S/C2H2/c1-2/h1-2H"           SMILES="C#C"        chemName="acetylene"       />
            <value>3.15e-5</value>
        </property>
    </commonProperties>
    <dataGroup id="dg1">
        <property name="residence time"  id="x1"   label="t"         sourcetype="calculated"  units="s"             />
        <property name="composition"     id="x2"   label="[C2H2]"    sourcetype="calculated"  units="mole fraction" >
            <speciesLink preferredKey="C2H2"    CAS="74-86-2"   InChI="1S/C2H2/c1-2/h1-2H"           SMILES="C#C"        chemName="acetylene"       />
        </property>
        <property name="composition"     id="x3"   label="[C2H5OH]"  sourcetype="calculated"  units="mole fraction" >
            <speciesLink preferredKey="C2H5OH"  CAS="64-17-5"   InChI="1S/C2H6O/c1-2-3/h3H,2H2,1H3"  SMILES="CCO"        chemName="ethanol"         />
        </property>
        <property name="composition"     id="x4"   label="[CO]"      sourcetype="calculated"  units="mole fraction" >
            <speciesLink preferredKey="CO"      CAS="630-08-0"  InChI="1S/CO/c1-2"                   SMILES="[C-]#[O+]"  chemName="carbon monoxide" />
        </property>
        <property name="composition"     id="x5"   label="[CO2]"     sourcetype="calculated"  units="mole fraction" >
            <speciesLink preferredKey="CO2"     CAS="124-38-9"  InChI="1S/CO2/c2-1-3"                SMILES="C(=O)=O"    chemName="carbon dioxide"  />
        </property>
        <property name="temperature"     id="x6"   label="T"         sourcetype="digitized"   units="K"             />

        <dataPoint><x1>0.25161</x1><x2>4.995E-04</x2><x3>9.972E-05</x3><x4>0.000E+00</x4><x5>0.000E+00</x5><x6>7.750E+02</x6></dataPoint>
        <dataPoint><x1>0.22286</x1><x2>4.961E-04</x2><x3>1.027E-04</x3><x4>6.000E-06</x4><x5>3.000E-06</x5><x6>8.750E+02</x6></dataPoint>
        <dataPoint><x1>0.21081</x1><x2>4.768E-04</x2><x3>8.667E-05</x3><x4>3.700E-05</x4><x5>1.000E-05</x5><x6>9.250E+02</x6></dataPoint>
        <dataPoint><x1>0.20000</x1><x2>4.121E-04</x2><x3>4.354E-05</x3><x4>1.560E-04</x4><x5>2.400E-05</x5><x6>9.750E+02</x6></dataPoint>
        <dataPoint><x1>0.19500</x1><x2>3.811E-04</x2><x3>3.116E-05</x3><x4>2.400E-04</x4><x5>3.600E-05</x5><x6>1.000E+03</x6></dataPoint>
        <dataPoint><x1>0.19024</x1><x2>3.273E-04</x2><x3>1.855E-05</x3><x4>3.540E-04</x4><x5>6.200E-05</x5><x6>1.025E+03</x6></dataPoint>
        <dataPoint><x1>0.18571</x1><x2>2.170E-04</x2><x3>4.567E-06</x3><x4>5.570E-04</x4><x5>1.300E-04</x5><x6>1.050E+03</x6></dataPoint>
        <dataPoint><x1>0.18140</x1><x2>7.719E-05</x2><x3>0.000E+00</x3><x4>6.030E-04</x4><x5>3.110E-04</x5><x6>1.075E+03</x6></dataPoint>
        <dataPoint><x1>0.17333</x1><x2>0.000E+00</x2><x3>0.000E+00</x3><x4>4.600E-04</x4><x5>6.600E-04</x5><x6>1.125E+03</x6></dataPoint>
        <dataPoint><x1>0.16596</x1><x2>0.000E+00</x2><x3>0.000E+00</x3><x4>3.700E-04</x4><x5>8.250E-04</x5><x6>1.175E+03</x6></dataPoint>
        <dataPoint><x1>0.15294</x1><x2>0.000E+00</x2><x3>0.000E+00</x3><x4>2.140E-04</x4><x5>1.003E-03</x5><x6>1.275E+03</x6></dataPoint>
        <dataPoint><x1>0.14182</x1><x2>0.000E+00</x2><x3>0.000E+00</x3><x4>1.650E-04</x4><x5>1.051E-03</x5><x6>1.375E+03</x6></dataPoint>
    </dataGroup>
</experiment>
