<experiment>
    <fileAuthor>Chemical Kinetics Laboratory, Institute of Chemistry, ELTE, Budapest, Hungary</fileAuthor>
    <fileDOI>10.24388/x30003023</fileDOI>
    <fileVersion>
        <major>2</major>
        <minor>0</minor>
    </fileVersion>
    <ReSpecThVersion>
        <major>2</major>
        <minor>3</minor>
    </ReSpecThVersion>
    <firstPublicationDate>2015-10-11</firstPublicationDate>
    <lastModificationDate>2020-11-13</lastModificationDate>
    <bibliographyLink>
        <description>J. Li, A. Kazakov, M. Chaos, F.L. Dryer, 5th US Combustion Meeting 2007, Paper #C26.</description>
        <location>Main Article</location>
        <figure>Fig. 8 top</figure>
        <details>
            <author>Li, J and Kazakov, A and Chaos, M and Dryer, F L</author>
            <journal>5$^{\text{th}}$ US Combustion Meeting</journal>
            <pages>Paper {\#} C26</pages>
            <title>Chemical Kinetics of Ethanol Oxidation</title>
            <year>2007</year>
        </details>
    </bibliographyLink>
    <experimentType>concentration time profile measurement</experimentType>
    <apparatus>
        <kind>flow reactor</kind>
    </apparatus>
    <commonProperties>
        <property name="pressure"                      label="P"  sourcetype="reported"    units="atm"           ><value>12</value></property>
        <property name="temperature"                   label="T"  sourcetype="reported"    units="K"             ><value>800</value></property>
        <property name="initial composition"           sourcetype="calculated" >
            <component><speciesLink preferredKey="C2H5OH"  CAS="64-17-5"    InChI="1S/C2H6O/c1-2-3/h3H,2H2,1H3"  SMILES="CCO"  chemName="ethanol"  /><amount units="mole fraction" >0.0030</amount></component>
            <component><speciesLink preferredKey="O2"      CAS="7782-44-7"  InChI="1S/O2/c1-2"                   SMILES="O=O"  chemName="oxygen"   /><amount units="mole fraction" >0.0150</amount></component>
            <component><speciesLink preferredKey="N2"      CAS="7727-37-9"  InChI="1S/N2/c1-2"                   SMILES="N#N"  chemName="nitrogen" /><amount units="mole fraction" >0.9820</amount></component>
        </property>
        <property name="evaluated standard deviation"  sourcetype="reported"    units="mole fraction"  reference="composition"  kind="absolute"  method="reported uncertainty" >
            <speciesLink preferredKey="C2H5OH"  CAS="64-17-5"    InChI="1S/C2H6O/c1-2-3/h3H,2H2,1H3"  SMILES="CCO"        chemName="ethanol"         />
            <value>0.000269</value>
        </property>
        <property name="evaluated standard deviation"  sourcetype="reported"    units="mole fraction"  reference="composition"  kind="absolute"  method="reported uncertainty" >
            <speciesLink preferredKey="O2"      CAS="7782-44-7"  InChI="1S/O2/c1-2"                   SMILES="O=O"        chemName="oxygen"          />
            <value>0.0015</value>
        </property>
        <property name="evaluated standard deviation"  sourcetype="reported"    units="mole fraction"  reference="composition"  kind="absolute"  method="reported uncertainty" >
            <speciesLink preferredKey="H2O"     CAS="7732-18-5"  InChI="1S/H2O/h1H2"                  SMILES="O"          chemName="water"           />
            <value>0.000758</value>
        </property>
        <property name="evaluated standard deviation"  sourcetype="reported"    units="mole fraction"  reference="composition"  kind="absolute"  method="reported uncertainty" >
            <speciesLink preferredKey="CO"      CAS="630-08-0"   InChI="1S/CO/c1-2"                   SMILES="[C-]#[O+]"  chemName="carbon monoxide" />
            <value>0.000404</value>
        </property>
        <property name="evaluated standard deviation"  sourcetype="reported"    units="mole fraction"  reference="composition"  kind="absolute"  method="reported uncertainty" >
            <speciesLink preferredKey="CO2"     CAS="124-38-9"   InChI="1S/CO2/c2-1-3"                SMILES="C(=O)=O"    chemName="carbon dioxide"  />
            <value>1.13e-5</value>
        </property>
        <property name="evaluated standard deviation"  sourcetype="reported"    units="mole fraction"  reference="composition"  kind="absolute"  method="reported uncertainty" >
            <speciesLink preferredKey="CH2O"    CAS="50-00-0"    InChI="1S/CH2O/c1-2/h1H2"            SMILES="C=O"        chemName="formaldehyde"    />
            <value>1.69e-5</value>
        </property>
        <property name="evaluated standard deviation"  sourcetype="reported"    units="mole fraction"  reference="composition"  kind="absolute"  method="reported uncertainty" >
            <speciesLink preferredKey="CH3CHO"  CAS="75-07-0"    InChI="1S/C2H4O/c1-2-3/h2H,1H3"      SMILES="CC=O"       chemName="acetaldehyde"    />
            <value>2.78e-5</value>
        </property>
        <property name="evaluated standard deviation"  sourcetype="reported"    units="mole fraction"  reference="composition"  kind="absolute"  method="reported uncertainty" >
            <speciesLink preferredKey="CH4"     CAS="74-82-8"    InChI="1S/CH4/h1H4"                  SMILES="C"          chemName="methane"         />
            <value>3.01e-5</value>
        </property>
        <property name="evaluated standard deviation"  sourcetype="reported"    units="mole fraction"  reference="composition"  kind="absolute"  method="reported uncertainty" >
            <speciesLink preferredKey="C2H4"    CAS="74-85-1"    InChI="1S/C2H4/c1-2/h1-2H2"          SMILES="C=C"        chemName="ethene"          />
            <value>4.2e-5</value>
        </property>
        <property name="evaluated standard deviation"  sourcetype="reported"    units="mole fraction"  reference="composition"  kind="absolute"  method="reported uncertainty" >
            <speciesLink preferredKey="C2H6"    CAS="74-84-0"    InChI="1S/C2H6/c1-2/h1-2H3"          SMILES="CC"         chemName="ethane"          />
            <value>1.35e-6</value>
        </property>
    </commonProperties>
    <dataGroup id="dg1">
        <property name="time"         id="x1"   label="t"         sourcetype="digitized"   units="s"             />
        <property name="composition"  id="x2"   label="[C2H5OH]"  sourcetype="calculated"  units="mole fraction" >
            <speciesLink preferredKey="C2H5OH"  CAS="64-17-5"    InChI="1S/C2H6O/c1-2-3/h3H,2H2,1H3"  SMILES="CCO"        chemName="ethanol"         />
        </property>
        <property name="composition"  id="x3"   label="[O2]"      sourcetype="calculated"  units="mole fraction" >
            <speciesLink preferredKey="O2"      CAS="7782-44-7"  InChI="1S/O2/c1-2"                   SMILES="O=O"        chemName="oxygen"          />
        </property>
        <property name="composition"  id="x4"   label="[H2O]"     sourcetype="calculated"  units="mole fraction" >
            <speciesLink preferredKey="H2O"     CAS="7732-18-5"  InChI="1S/H2O/h1H2"                  SMILES="O"          chemName="water"           />
        </property>
        <property name="composition"  id="x5"   label="[CO]"      sourcetype="calculated"  units="mole fraction" >
            <speciesLink preferredKey="CO"      CAS="630-08-0"   InChI="1S/CO/c1-2"                   SMILES="[C-]#[O+]"  chemName="carbon monoxide" />
        </property>
        <property name="composition"  id="x6"   label="[CO2]"     sourcetype="calculated"  units="mole fraction" >
            <speciesLink preferredKey="CO2"     CAS="124-38-9"   InChI="1S/CO2/c2-1-3"                SMILES="C(=O)=O"    chemName="carbon dioxide"  />
        </property>
        <property name="composition"  id="x7"   label="[C2H4]"    sourcetype="calculated"  units="mole fraction" >
            <speciesLink preferredKey="C2H4"    CAS="74-85-1"    InChI="1S/C2H4/c1-2/h1-2H2"          SMILES="C=C"        chemName="ethene"          />
        </property>
        <property name="composition"  id="x8"   label="[CH4]"     sourcetype="calculated"  units="mole fraction" >
            <speciesLink preferredKey="CH4"     CAS="74-82-8"    InChI="1S/CH4/h1H4"                  SMILES="C"          chemName="methane"         />
        </property>
        <property name="composition"  id="x9"   label="[CH3CHO]"  sourcetype="calculated"  units="mole fraction" >
            <speciesLink preferredKey="CH3CHO"  CAS="75-07-0"    InChI="1S/C2H4O/c1-2-3/h2H,1H3"      SMILES="CC=O"       chemName="acetaldehyde"    />
        </property>
        <property name="composition"  id="x10"  label="[C2H6]"    sourcetype="calculated"  units="mole fraction" >
            <speciesLink preferredKey="C2H6"    CAS="74-84-0"    InChI="1S/C2H6/c1-2/h1-2H3"          SMILES="CC"         chemName="ethane"          />
        </property>
        <property name="composition"  id="x11"  label="[CH2O]"    sourcetype="calculated"  units="mole fraction" >
            <speciesLink preferredKey="CH2O"    CAS="50-00-0"    InChI="1S/CH2O/c1-2/h1H2"            SMILES="C=O"        chemName="formaldehyde"    />
        </property>

        <dataPoint><x1>2.8507E-02</x1><x2>2.6905E-03</x2><x3>1.5048E-02</x3><x4>3.0952E-04</x4><x5>2.3810E-05</x5><x6>4.7619E-05</x6><x7>1.8542E-04</x7><x8>0.0000E+00</x8><x9>2.6042E-05</x9><x10>3.5156E-06</x10><x11>1.6667E-05</x11></dataPoint>
        <dataPoint><x1>6.7116E-02</x1><x2>2.4464E-03</x2><x3>1.4976E-02</x3><x4>5.2381E-04</x4><x5>4.7619E-05</x5><x6>4.7619E-05</x6><x7>2.6563E-04</x7><x8>0.0000E+00</x8><x9>8.0729E-05</x9><x10>4.6875E-06</x10><x11>3.9583E-05</x11></dataPoint>
        <dataPoint><x1>1.1605E-01</x1><x2>2.2440E-03</x2><x3>1.4786E-02</x3><x4>7.5000E-04</x4><x5>1.9048E-04</x5><x6>5.3572E-05</x6><x7>3.0729E-04</x7><x8>6.2500E-06</x8><x9>1.4063E-04</x9><x10>5.4688E-06</x10><x11>7.0833E-05</x11></dataPoint>
        <dataPoint><x1>1.8159E-01</x1><x2>1.9702E-03</x2><x3>1.4524E-02</x3><x4>1.0952E-03</x4><x5>3.9286E-04</x5><x6>5.9524E-05</x6><x7>3.3958E-04</x7><x8>3.4375E-05</x8><x9>1.9792E-04</x9><x10>3.5156E-06</x10><x11>9.7917E-05</x11></dataPoint>
        <dataPoint><x1>2.6667E-01</x1><x2>1.8095E-03</x2><x3>1.4310E-02</x3><x4>1.3571E-03</x4><x5>5.7143E-04</x5><x6>7.1429E-05</x6><x7>3.5521E-04</x7><x8>5.6250E-05</x8><x9>2.2813E-04</x9><x10>3.5156E-06</x10><x11>1.1250E-04</x11></dataPoint>
        <dataPoint><x1>3.6970E-01</x1><x2>1.5893E-03</x2><x3>1.3952E-02</x3><x4>1.7381E-03</x4><x5>7.9762E-04</x5><x6>8.9286E-05</x6><x7>3.7813E-04</x7><x8>8.2292E-05</x8><x9>2.6302E-04</x9><x10>4.5573E-06</x10><x11>1.3542E-04</x11></dataPoint>
        <dataPoint><x1>4.8530E-01</x1><x2>1.0298E-03</x2><x3>1.3000E-02</x3><x4>3.0000E-03</x4><x5>1.6310E-03</x5><x6>1.6071E-04</x6><x7>4.0625E-04</x7><x8>1.7188E-04</x8><x9>2.7813E-04</x9><x10>9.5052E-06</x10><x11>1.6250E-04</x11></dataPoint>
        <dataPoint><x1>6.0673E-01</x1><x2>7.9762E-04</x2><x3>1.2619E-02</x3><x4>3.5714E-03</x4><x5>1.9405E-03</x5><x6>1.9643E-04</x6><x7>4.1563E-04</x7><x8>2.0417E-04</x8><x9>2.6406E-04</x9><x10>1.1458E-05</x10><x11>1.6875E-04</x11></dataPoint>
        <dataPoint><x1>7.2929E-01</x1><x2>6.0714E-04</x2><x3>1.2238E-02</x3><x4>4.0952E-03</x4><x5>2.3452E-03</x5><x6>2.3810E-04</x6><x7>4.1979E-04</x7><x8>2.3542E-04</x8><x9>2.3906E-04</x9><x10>1.1458E-05</x10><x11>1.6458E-04</x11></dataPoint>
        <dataPoint><x1>8.5118E-01</x1><x2>3.9881E-04</x2><x3>1.1643E-02</x3><x4>4.7976E-03</x4><x5>2.8095E-03</x5><x6>2.9167E-04</x6><x7>4.1771E-04</x7><x8>2.7083E-04</x8><x9>1.9115E-04</x9><x10>1.2500E-05</x10><x11>1.5417E-04</x11></dataPoint>
        <dataPoint><x1>9.7306E-01</x1><x2>1.9048E-04</x2><x3>1.1071E-02</x3><x4>5.6429E-03</x4><x5>3.2738E-03</x5><x6>3.9881E-04</x6><x7>3.9271E-04</x7><x8>2.9375E-04</x8><x9>1.2292E-04</x9><x10>1.3542E-05</x10><x11>1.3125E-04</x11></dataPoint>
        <dataPoint><x1>1.0938E+00</x1><x2>5.3572E-05</x2><x3>1.0571E-02</x3><x4>6.2738E-03</x4><x5>3.6667E-03</x5><x6>5.4167E-04</x6><x7>3.5729E-04</x7><x8>3.0104E-04</x8><x9>6.2500E-05</x9><x10>8.3333E-06</x10><x11>1.0833E-04</x11></dataPoint>
        <dataPoint><x1>1.2146E+00</x1><x2>0.0000E+00</x2><x3>1.0191E-02</x3><x4>6.7738E-03</x4><x5>3.8929E-03</x5><x6>6.9048E-04</x6><x7>3.0938E-04</x7><x8>2.8958E-04</x8><x9>2.3958E-05</x9><x10>5.3385E-06</x10><x11>8.5417E-05</x11></dataPoint>
        <dataPoint><x1>1.3345E+00</x1><x2>0.0000E+00</x2><x3>9.9286E-03</x3><x4>7.0238E-03</x4><x5>3.9762E-03</x5><x6>8.2143E-04</x6><x7>2.6563E-04</x7><x8>2.7083E-04</x8><x9>4.1667E-06</x9><x10>3.5156E-06</x10><x11>7.0833E-05</x11></dataPoint>
        <dataPoint><x1>1.4552E+00</x1><x2>0.0000E+00</x2><x3>9.8571E-03</x3><x4>7.1667E-03</x4><x5>3.9881E-03</x5><x6>8.6310E-04</x6><x7>2.4479E-04</x7><x8>2.6563E-04</x8><x9>0.0000E+00</x9><x10>2.4740E-06</x10><x11>6.4583E-05</x11></dataPoint>
        <dataPoint><x1>1.5760E+00</x1><x2>0.0000E+00</x2><x3>9.6905E-03</x3><x4>7.2500E-03</x4><x5>4.0357E-03</x5><x6>9.2857E-04</x6><x7>2.2083E-04</x7><x8>2.5625E-04</x8><x9>0.0000E+00</x9><x10>3.5156E-06</x10><x11>5.6250E-05</x11></dataPoint>
        <dataPoint><x1>1.6972E+00</x1><x2>0.0000E+00</x2><x3>9.5952E-03</x3><x4>7.4048E-03</x4><x5>4.0357E-03</x5><x6>9.7619E-04</x6><x7>2.0417E-04</x7><x8>2.4792E-04</x8><x9>0.0000E+00</x9><x10>2.2135E-06</x10><x11>5.0000E-05</x11></dataPoint>
        <dataPoint><x1>1.8182E+00</x1><x2>0.0000E+00</x2><x3>9.5000E-03</x3><x4>7.4762E-03</x4><x5>4.0357E-03</x5><x6>1.0536E-03</x6><x7>1.8438E-04</x7><x8>2.3854E-04</x8><x9>0.0000E+00</x9><x10>2.4740E-06</x10><x11>4.7917E-05</x11></dataPoint>
        <dataPoint><x1>1.9412E+00</x1><x2>0.0000E+00</x2><x3>9.4048E-03</x3><x4>7.5834E-03</x4><x5>4.0357E-03</x5><x6>1.1250E-03</x6><x7>1.7292E-04</x7><x8>2.3021E-04</x8><x9>0.0000E+00</x9><x10>1.4323E-06</x10><x11>4.3750E-05</x11></dataPoint>
    </dataGroup>
    <timeshift target="C2H5OH" type="half decrease"/>
    <comment>The measurement uncertainties for the data reported here are: O2 - ±2%, CO - ±2%, CO2 - ±2%, C2H5OH - ±3%, H2O - ±6%, C2H4 - ±3%, CH4 - ±4%, CH3CHO - ±3%, CH2O - ±3%, C2H6 - ±4%, and C2H2 - ±3% of reading</comment>
</experiment>
