<experiment>
    <fileAuthor>Chemical Kinetics Laboratory, Institute of Chemistry, ELTE, Budapest, Hungary</fileAuthor>
    <fileDOI>10.24388/x30003025</fileDOI>
    <fileVersion>
        <major>2</major>
        <minor>0</minor>
    </fileVersion>
    <ReSpecThVersion>
        <major>2</major>
        <minor>3</minor>
    </ReSpecThVersion>
    <firstPublicationDate>2015-10-11</firstPublicationDate>
    <lastModificationDate>2020-11-13</lastModificationDate>
    <bibliographyLink>
        <description>J. Li, A. Kazakov, M. Chaos, F.L. Dryer, 5th US Combustion Meeting 2007, Paper #C26.</description>
        <location>Main Article</location>
        <figure>Fig. 8 bottom</figure>
        <details>
            <author>Li, J and Kazakov, A and Chaos, M and Dryer, F L</author>
            <journal>5$^{\text{th}}$ US Combustion Meeting</journal>
            <pages>Paper {\#} C26</pages>
            <title>Chemical Kinetics of Ethanol Oxidation</title>
            <year>2007</year>
        </details>
    </bibliographyLink>
    <experimentType>concentration time profile measurement</experimentType>
    <apparatus>
        <kind>flow reactor</kind>
    </apparatus>
    <commonProperties>
        <property name="pressure"                      label="P"  sourcetype="reported"    units="atm"           ><value>12</value></property>
        <property name="temperature"                   label="T"  sourcetype="reported"    units="K"             ><value>800</value></property>
        <property name="initial composition"           sourcetype="calculated" >
            <component><speciesLink preferredKey="C2H5OH"  CAS="64-17-5"    InChI="1S/C2H6O/c1-2-3/h3H,2H2,1H3"  SMILES="CCO"  chemName="ethanol"  /><amount units="mole fraction" >0.0030</amount></component>
            <component><speciesLink preferredKey="O2"      CAS="7782-44-7"  InChI="1S/O2/c1-2"                   SMILES="O=O"  chemName="oxygen"   /><amount units="mole fraction" >0.0064</amount></component>
            <component><speciesLink preferredKey="N2"      CAS="7727-37-9"  InChI="1S/N2/c1-2"                   SMILES="N#N"  chemName="nitrogen" /><amount units="mole fraction" >0.9906</amount></component>
        </property>
        <property name="evaluated standard deviation"  sourcetype="reported"    units="mole fraction"  reference="composition"  kind="absolute"  method="reported uncertainty" >
            <speciesLink preferredKey="C2H5OH"  CAS="64-17-5"    InChI="1S/C2H6O/c1-2-3/h3H,2H2,1H3"  SMILES="CCO"        chemName="ethanol"         />
            <value>0.000277</value>
        </property>
        <property name="evaluated standard deviation"  sourcetype="reported"    units="mole fraction"  reference="composition"  kind="absolute"  method="reported uncertainty" >
            <speciesLink preferredKey="O2"      CAS="7782-44-7"  InChI="1S/O2/c1-2"                   SMILES="O=O"        chemName="oxygen"          />
            <value>0.000646</value>
        </property>
        <property name="evaluated standard deviation"  sourcetype="reported"    units="mole fraction"  reference="composition"  kind="absolute"  method="reported uncertainty" >
            <speciesLink preferredKey="H2O"     CAS="7732-18-5"  InChI="1S/H2O/h1H2"                  SMILES="O"          chemName="water"           />
            <value>0.000646</value>
        </property>
        <property name="evaluated standard deviation"  sourcetype="reported"    units="mole fraction"  reference="composition"  kind="absolute"  method="reported uncertainty" >
            <speciesLink preferredKey="CO"      CAS="630-08-0"   InChI="1S/CO/c1-2"                   SMILES="[C-]#[O+]"  chemName="carbon monoxide" />
            <value>0.000391</value>
        </property>
        <property name="evaluated standard deviation"  sourcetype="reported"    units="mole fraction"  reference="composition"  kind="absolute"  method="reported uncertainty" >
            <speciesLink preferredKey="CO2"     CAS="124-38-9"   InChI="1S/CO2/c2-1-3"                SMILES="C(=O)=O"    chemName="carbon dioxide"  />
            <value>5.63e-5</value>
        </property>
        <property name="evaluated standard deviation"  sourcetype="reported"    units="mole fraction"  reference="composition"  kind="absolute"  method="reported uncertainty" >
            <speciesLink preferredKey="CH2O"    CAS="50-00-0"    InChI="1S/CH2O/c1-2/h1H2"            SMILES="C=O"        chemName="formaldehyde"    />
            <value>1.71e-5</value>
        </property>
        <property name="evaluated standard deviation"  sourcetype="reported"    units="mole fraction"  reference="composition"  kind="absolute"  method="reported uncertainty" >
            <speciesLink preferredKey="CH3CHO"  CAS="75-07-0"    InChI="1S/C2H4O/c1-2-3/h2H,1H3"      SMILES="CC=O"       chemName="acetaldehyde"    />
            <value>3.13e-5</value>
        </property>
        <property name="evaluated standard deviation"  sourcetype="reported"    units="mole fraction"  reference="composition"  kind="absolute"  method="reported uncertainty" >
            <speciesLink preferredKey="CH4"     CAS="74-82-8"    InChI="1S/CH4/h1H4"                  SMILES="C"          chemName="methane"         />
            <value>4.42e-5</value>
        </property>
        <property name="evaluated standard deviation"  sourcetype="reported"    units="mole fraction"  reference="composition"  kind="absolute"  method="reported uncertainty" >
            <speciesLink preferredKey="C2H4"    CAS="74-85-1"    InChI="1S/C2H4/c1-2/h1-2H2"          SMILES="C=C"        chemName="ethene"          />
            <value>5.18e-5</value>
        </property>
        <property name="evaluated standard deviation"  sourcetype="reported"    units="mole fraction"  reference="composition"  kind="absolute"  method="reported uncertainty" >
            <speciesLink preferredKey="C2H6"    CAS="74-84-0"    InChI="1S/C2H6/c1-2/h1-2H3"          SMILES="CC"         chemName="ethane"          />
            <value>3.63e-6</value>
        </property>
    </commonProperties>
    <dataGroup id="dg1">
        <property name="time"         id="x1"   label="t"         sourcetype="digitized"   units="s"             />
        <property name="composition"  id="x2"   label="[C2H5OH]"  sourcetype="calculated"  units="mole fraction" >
            <speciesLink preferredKey="C2H5OH"  CAS="64-17-5"    InChI="1S/C2H6O/c1-2-3/h3H,2H2,1H3"  SMILES="CCO"        chemName="ethanol"         />
        </property>
        <property name="composition"  id="x3"   label="[O2]"      sourcetype="calculated"  units="mole fraction" >
            <speciesLink preferredKey="O2"      CAS="7782-44-7"  InChI="1S/O2/c1-2"                   SMILES="O=O"        chemName="oxygen"          />
        </property>
        <property name="composition"  id="x4"   label="[H2O]"     sourcetype="calculated"  units="mole fraction" >
            <speciesLink preferredKey="H2O"     CAS="7732-18-5"  InChI="1S/H2O/h1H2"                  SMILES="O"          chemName="water"           />
        </property>
        <property name="composition"  id="x5"   label="[CO]"      sourcetype="calculated"  units="mole fraction" >
            <speciesLink preferredKey="CO"      CAS="630-08-0"   InChI="1S/CO/c1-2"                   SMILES="[C-]#[O+]"  chemName="carbon monoxide" />
        </property>
        <property name="composition"  id="x6"   label="[CO2]"     sourcetype="calculated"  units="mole fraction" >
            <speciesLink preferredKey="CO2"     CAS="124-38-9"   InChI="1S/CO2/c2-1-3"                SMILES="C(=O)=O"    chemName="carbon dioxide"  />
        </property>
        <property name="composition"  id="x7"   label="[C2H4]"    sourcetype="calculated"  units="mole fraction" >
            <speciesLink preferredKey="C2H4"    CAS="74-85-1"    InChI="1S/C2H4/c1-2/h1-2H2"          SMILES="C=C"        chemName="ethene"          />
        </property>
        <property name="composition"  id="x8"   label="[CH4]"     sourcetype="calculated"  units="mole fraction" >
            <speciesLink preferredKey="CH4"     CAS="74-82-8"    InChI="1S/CH4/h1H4"                  SMILES="C"          chemName="methane"         />
        </property>
        <property name="composition"  id="x9"   label="[CH3CHO]"  sourcetype="calculated"  units="mole fraction" >
            <speciesLink preferredKey="CH3CHO"  CAS="75-07-0"    InChI="1S/C2H4O/c1-2-3/h2H,1H3"      SMILES="CC=O"       chemName="acetaldehyde"    />
        </property>
        <property name="composition"  id="x10"  label="[C2H6]"    sourcetype="calculated"  units="mole fraction" >
            <speciesLink preferredKey="C2H6"    CAS="74-84-0"    InChI="1S/C2H6/c1-2/h1-2H3"          SMILES="CC"         chemName="ethane"          />
        </property>
        <property name="composition"  id="x11"  label="[CH2O]"    sourcetype="calculated"  units="mole fraction" >
            <speciesLink preferredKey="CH2O"    CAS="50-00-0"    InChI="1S/CH2O/c1-2/h1H2"            SMILES="C=O"        chemName="formaldehyde"    />
        </property>

        <dataPoint><x1>2.8315E-02</x1><x2>2.7656E-03</x2><x3>6.4583E-03</x3><x4>3.3333E-04</x4><x5>1.0417E-05</x5><x6>3.1250E-05</x6><x7>2.2396E-04</x7><x8>0.0000E+00</x8><x9>1.8229E-05</x9><x10>4.4271E-06</x10><x11>1.4583E-05</x11></dataPoint>
        <dataPoint><x1>6.8090E-02</x1><x2>2.4323E-03</x2><x3>6.3333E-03</x3><x4>6.5625E-04</x4><x5>8.3334E-05</x5><x6>3.1250E-05</x6><x7>3.7917E-04</x7><x8>0.0000E+00</x8><x9>1.0208E-04</x9><x10>6.3802E-06</x10><x11>4.3750E-05</x11></dataPoint>
        <dataPoint><x1>1.1775E-01</x1><x2>2.3906E-03</x2><x3>6.2708E-03</x3><x4>6.8750E-04</x4><x5>1.1458E-04</x5><x6>3.1250E-05</x6><x7>3.5417E-04</x7><x8>5.2083E-06</x8><x9>1.2344E-04</x9><x10>5.2083E-06</x10><x11>5.2083E-05</x11></dataPoint>
        <dataPoint><x1>1.8382E-01</x1><x2>2.0938E-03</x2><x3>6.0417E-03</x3><x4>9.4792E-04</x4><x5>2.5000E-04</x5><x6>3.6458E-05</x6><x7>3.9583E-04</x7><x8>3.3333E-05</x8><x9>1.9063E-04</x9><x10>6.2500E-06</x10><x11>7.7083E-05</x11></dataPoint>
        <dataPoint><x1>2.7011E-01</x1><x2>1.8542E-03</x2><x3>5.7917E-03</x3><x4>1.2500E-03</x4><x5>4.6875E-04</x5><x6>5.2083E-05</x6><x7>4.2083E-04</x7><x8>7.0833E-05</x8><x9>2.3698E-04</x9><x10>9.2448E-06</x10><x11>1.0000E-04</x11></dataPoint>
        <dataPoint><x1>3.7393E-01</x1><x2>1.7656E-03</x2><x3>5.6875E-03</x3><x4>1.3958E-03</x4><x5>5.3125E-04</x5><x6>5.7292E-05</x6><x7>4.3542E-04</x7><x8>8.5417E-05</x8><x9>2.6094E-04</x9><x10>1.0286E-05</x10><x11>1.1250E-04</x11></dataPoint>
        <dataPoint><x1>4.9146E-01</x1><x2>1.5417E-03</x2><x3>5.4375E-03</x3><x4>1.7188E-03</x4><x5>7.5000E-04</x5><x6>6.7708E-05</x6><x7>4.5521E-04</x7><x8>1.2396E-04</x8><x9>2.8958E-04</x9><x10>1.4323E-05</x10><x11>1.3333E-04</x11></dataPoint>
        <dataPoint><x1>6.1506E-01</x1><x2>1.2292E-03</x2><x3>5.0625E-03</x3><x4>2.2396E-03</x4><x5>1.1042E-03</x5><x6>8.3333E-05</x6><x7>4.8438E-04</x7><x8>1.8333E-04</x8><x9>3.1302E-04</x9><x10>1.8229E-05</x10><x11>1.5625E-04</x11></dataPoint>
        <dataPoint><x1>7.4090E-01</x1><x2>9.7917E-04</x2><x3>4.6458E-03</x3><x4>2.8021E-03</x4><x5>1.5104E-03</x5><x6>1.0417E-04</x6><x7>5.1042E-04</x7><x8>2.4271E-04</x8><x9>3.0885E-04</x9><x10>2.5260E-05</x10><x11>1.6875E-04</x11></dataPoint>
        <dataPoint><x1>8.6517E-01</x1><x2>7.4479E-04</x2><x3>4.2708E-03</x3><x4>3.3438E-03</x4><x5>1.8750E-03</x5><x6>1.2500E-04</x6><x7>5.1771E-04</x7><x8>2.9375E-04</x8><x9>2.8281E-04</x9><x10>2.8255E-05</x10><x11>1.7083E-04</x11></dataPoint>
        <dataPoint><x1>9.9079E-01</x1><x2>5.1563E-04</x2><x3>3.8125E-03</x3><x4>4.0208E-03</x4><x5>2.3438E-03</x5><x6>1.7708E-04</x6><x7>5.1667E-04</x7><x8>3.4792E-04</x8><x9>2.3177E-04</x9><x10>3.4375E-05</x10><x11>1.6875E-04</x11></dataPoint>
        <dataPoint><x1>1.1142E+00</x1><x2>2.9167E-04</x2><x3>3.2917E-03</x3><x4>4.8021E-03</x4><x5>2.8958E-03</x5><x6>2.3438E-04</x6><x7>5.0208E-04</x7><x8>4.0208E-04</x8><x9>1.5938E-04</x9><x10>3.6328E-05</x10><x11>1.5625E-04</x11></dataPoint>
        <dataPoint><x1>1.2382E+00</x1><x2>1.6667E-04</x2><x3>2.9792E-03</x3><x4>5.2396E-03</x4><x5>3.1875E-03</x5><x6>3.0208E-04</x6><x7>4.7917E-04</x7><x8>4.2083E-04</x8><x9>1.1250E-04</x9><x10>3.5287E-05</x10><x11>1.4167E-04</x11></dataPoint>
        <dataPoint><x1>1.3611E+00</x1><x2>5.7292E-05</x2><x3>2.6042E-03</x3><x4>5.7813E-03</x4><x5>3.5313E-03</x5><x6>3.8542E-04</x6><x7>4.4271E-04</x7><x8>4.3646E-04</x8><x9>5.7813E-05</x9><x10>3.0208E-05</x10><x11>1.2083E-04</x11></dataPoint>
        <dataPoint><x1>1.4849E+00</x1><x2>3.1250E-05</x2><x3>2.4375E-03</x3><x4>5.9896E-03</x4><x5>3.6563E-03</x5><x6>4.1667E-04</x6><x7>4.2292E-04</x7><x8>4.4167E-04</x8><x9>4.0625E-05</x9><x10>2.9297E-05</x10><x11>1.1042E-04</x11></dataPoint>
        <dataPoint><x1>1.6092E+00</x1><x2>0.0000E+00</x2><x3>2.2917E-03</x3><x4>6.1250E-03</x4><x5>3.7292E-03</x5><x6>4.4792E-04</x6><x7>4.0417E-04</x7><x8>4.4167E-04</x8><x9>2.5521E-05</x9><x10>2.6302E-05</x10><x11>1.0208E-04</x11></dataPoint>
        <dataPoint><x1>1.7333E+00</x1><x2>0.0000E+00</x2><x3>2.2083E-03</x3><x4>6.2500E-03</x4><x5>3.8021E-03</x5><x6>4.7396E-04</x6><x7>3.8854E-04</x7><x8>4.3958E-04</x8><x9>1.6667E-05</x9><x10>2.4349E-05</x10><x11>9.5833E-05</x11></dataPoint>
        <dataPoint><x1>1.8571E+00</x1><x2>0.0000E+00</x2><x3>2.0833E-03</x3><x4>6.3959E-03</x4><x5>3.8750E-03</x5><x6>5.2604E-04</x6><x7>3.6979E-04</x7><x8>4.3750E-04</x8><x9>1.0417E-05</x9><x10>2.3307E-05</x10><x11>8.7500E-05</x11></dataPoint>
        <dataPoint><x1>1.9820E+00</x1><x2>0.0000E+00</x2><x3>2.0417E-03</x3><x4>6.4584E-03</x4><x5>3.9063E-03</x5><x6>5.6250E-04</x6><x7>3.5521E-04</x7><x8>4.3229E-04</x8><x9>5.2084E-06</x9><x10>2.0443E-05</x10><x11>8.1250E-05</x11></dataPoint>
    </dataGroup>
    <timeshift target="C2H5OH" type="half decrease"/>
    <comment>The measurement uncertainties for the data reported here are: O2 - ±2%, CO - ±2%, CO2 - ±2%, C2H5OH - ±3%, H2O - ±6%, C2H4 - ±3%, CH4 - ±4%, CH3CHO - ±3%, CH2O - ±3%, C2H6 - ±4%, and C2H2 - ±3% of reading</comment>
</experiment>
