<experiment>
    <fileAuthor>Chemical Kinetics Laboratory, Institute of Chemistry, ELTE, Budapest, Hungary</fileAuthor>
    <fileDOI>10.24388/x30003017</fileDOI>
    <fileVersion>
        <major>2</major>
        <minor>0</minor>
    </fileVersion>
    <ReSpecThVersion>
        <major>2</major>
        <minor>3</minor>
    </ReSpecThVersion>
    <firstPublicationDate>2015-10-11</firstPublicationDate>
    <lastModificationDate>2020-11-13</lastModificationDate>
    <bibliographyLink>
        <description>J. Li, A. Kazakov, M. Chaos, F.L. Dryer, 5th US Combustion Meeting 2007, Paper #C26.</description>
        <location>Main Article</location>
        <figure>Fig. 6 top</figure>
        <details>
            <author>Li, J and Kazakov, A and Chaos, M and Dryer, F L</author>
            <journal>5$^{\text{th}}$ US Combustion Meeting</journal>
            <pages>Paper {\#} C26</pages>
            <title>Chemical Kinetics of Ethanol Oxidation</title>
            <year>2007</year>
        </details>
    </bibliographyLink>
    <experimentType>concentration time profile measurement</experimentType>
    <apparatus>
        <kind>flow reactor</kind>
    </apparatus>
    <commonProperties>
        <property name="pressure"                      label="P"  sourcetype="reported"    units="atm"           ><value>6</value></property>
        <property name="temperature"                   label="T"  sourcetype="reported"    units="K"             ><value>860</value></property>
        <property name="initial composition"           sourcetype="calculated" >
            <component><speciesLink preferredKey="C2H5OH"  CAS="64-17-5"    InChI="1S/C2H6O/c1-2-3/h3H,2H2,1H3"  SMILES="CCO"  chemName="ethanol"  /><amount units="mole fraction" >0.0030</amount></component>
            <component><speciesLink preferredKey="O2"      CAS="7782-44-7"  InChI="1S/O2/c1-2"                   SMILES="O=O"  chemName="oxygen"   /><amount units="mole fraction" >0.0150</amount></component>
            <component><speciesLink preferredKey="N2"      CAS="7727-37-9"  InChI="1S/N2/c1-2"                   SMILES="N#N"  chemName="nitrogen" /><amount units="mole fraction" >0.9820</amount></component>
        </property>
        <property name="evaluated standard deviation"  sourcetype="reported"    units="mole fraction"  reference="composition"  kind="absolute"  method="reported uncertainty" >
            <speciesLink preferredKey="C2H5OH"  CAS="64-17-5"    InChI="1S/C2H6O/c1-2-3/h3H,2H2,1H3"  SMILES="CCO"        chemName="ethanol"         />
            <value>0.000257</value>
        </property>
        <property name="evaluated standard deviation"  sourcetype="reported"    units="mole fraction"  reference="composition"  kind="absolute"  method="reported uncertainty" >
            <speciesLink preferredKey="O2"      CAS="7782-44-7"  InChI="1S/O2/c1-2"                   SMILES="O=O"        chemName="oxygen"          />
            <value>0.0015</value>
        </property>
        <property name="evaluated standard deviation"  sourcetype="reported"    units="mole fraction"  reference="composition"  kind="absolute"  method="reported uncertainty" >
            <speciesLink preferredKey="H2O"     CAS="7732-18-5"  InChI="1S/H2O/h1H2"                  SMILES="O"          chemName="water"           />
            <value>0.000658</value>
        </property>
        <property name="evaluated standard deviation"  sourcetype="reported"    units="mole fraction"  reference="composition"  kind="absolute"  method="reported uncertainty" >
            <speciesLink preferredKey="CO"      CAS="630-08-0"   InChI="1S/CO/c1-2"                   SMILES="[C-]#[O+]"  chemName="carbon monoxide" />
            <value>0.000389</value>
        </property>
        <property name="evaluated standard deviation"  sourcetype="reported"    units="mole fraction"  reference="composition"  kind="absolute"  method="reported uncertainty" >
            <speciesLink preferredKey="CO2"     CAS="124-38-9"   InChI="1S/CO2/c2-1-3"                SMILES="C(=O)=O"    chemName="carbon dioxide"  />
            <value>5.25e-5</value>
        </property>
        <property name="evaluated standard deviation"  sourcetype="reported"    units="mole fraction"  reference="composition"  kind="absolute"  method="reported uncertainty" >
            <speciesLink preferredKey="CH2O"    CAS="50-00-0"    InChI="1S/CH2O/c1-2/h1H2"            SMILES="C=O"        chemName="formaldehyde"    />
            <value>1.78e-5</value>
        </property>
        <property name="evaluated standard deviation"  sourcetype="reported"    units="mole fraction"  reference="composition"  kind="absolute"  method="reported uncertainty" >
            <speciesLink preferredKey="CH3CHO"  CAS="75-07-0"    InChI="1S/C2H4O/c1-2-3/h2H,1H3"      SMILES="CC=O"       chemName="acetaldehyde"    />
            <value>3.07e-5</value>
        </property>
        <property name="evaluated standard deviation"  sourcetype="reported"    units="mole fraction"  reference="composition"  kind="absolute"  method="reported uncertainty" >
            <speciesLink preferredKey="CH4"     CAS="74-82-8"    InChI="1S/CH4/h1H4"                  SMILES="C"          chemName="methane"         />
            <value>3.7e-5</value>
        </property>
        <property name="evaluated standard deviation"  sourcetype="reported"    units="mole fraction"  reference="composition"  kind="absolute"  method="reported uncertainty" >
            <speciesLink preferredKey="C2H4"    CAS="74-85-1"    InChI="1S/C2H4/c1-2/h1-2H2"          SMILES="C=C"        chemName="ethene"          />
            <value>5.78e-5</value>
        </property>
        <property name="evaluated standard deviation"  sourcetype="reported"    units="mole fraction"  reference="composition"  kind="absolute"  method="reported uncertainty" >
            <speciesLink preferredKey="C2H6"    CAS="74-84-0"    InChI="1S/C2H6/c1-2/h1-2H3"          SMILES="CC"         chemName="ethane"          />
            <value>3.87e-6</value>
        </property>
    </commonProperties>
    <dataGroup id="dg1">
        <property name="time"         id="x1"   label="t"         sourcetype="digitized"   units="s"             />
        <property name="composition"  id="x2"   label="[C2H5OH]"  sourcetype="calculated"  units="mole fraction" >
            <speciesLink preferredKey="C2H5OH"  CAS="64-17-5"    InChI="1S/C2H6O/c1-2-3/h3H,2H2,1H3"  SMILES="CCO"        chemName="ethanol"         />
        </property>
        <property name="composition"  id="x3"   label="[O2]"      sourcetype="calculated"  units="mole fraction" >
            <speciesLink preferredKey="O2"      CAS="7782-44-7"  InChI="1S/O2/c1-2"                   SMILES="O=O"        chemName="oxygen"          />
        </property>
        <property name="composition"  id="x4"   label="[H2O]"     sourcetype="calculated"  units="mole fraction" >
            <speciesLink preferredKey="H2O"     CAS="7732-18-5"  InChI="1S/H2O/h1H2"                  SMILES="O"          chemName="water"           />
        </property>
        <property name="composition"  id="x5"   label="[CO]"      sourcetype="calculated"  units="mole fraction" >
            <speciesLink preferredKey="CO"      CAS="630-08-0"   InChI="1S/CO/c1-2"                   SMILES="[C-]#[O+]"  chemName="carbon monoxide" />
        </property>
        <property name="composition"  id="x6"   label="[CO2]"     sourcetype="calculated"  units="mole fraction" >
            <speciesLink preferredKey="CO2"     CAS="124-38-9"   InChI="1S/CO2/c2-1-3"                SMILES="C(=O)=O"    chemName="carbon dioxide"  />
        </property>
        <property name="composition"  id="x7"   label="[C2H4]"    sourcetype="calculated"  units="mole fraction" >
            <speciesLink preferredKey="C2H4"    CAS="74-85-1"    InChI="1S/C2H4/c1-2/h1-2H2"          SMILES="C=C"        chemName="ethene"          />
        </property>
        <property name="composition"  id="x8"   label="[CH4]"     sourcetype="calculated"  units="mole fraction" >
            <speciesLink preferredKey="CH4"     CAS="74-82-8"    InChI="1S/CH4/h1H4"                  SMILES="C"          chemName="methane"         />
        </property>
        <property name="composition"  id="x9"   label="[CH3CHO]"  sourcetype="calculated"  units="mole fraction" >
            <speciesLink preferredKey="CH3CHO"  CAS="75-07-0"    InChI="1S/C2H4O/c1-2-3/h2H,1H3"      SMILES="CC=O"       chemName="acetaldehyde"    />
        </property>
        <property name="composition"  id="x10"  label="[C2H6]"    sourcetype="calculated"  units="mole fraction" >
            <speciesLink preferredKey="C2H6"    CAS="74-84-0"    InChI="1S/C2H6/c1-2/h1-2H3"          SMILES="CC"         chemName="ethane"          />
        </property>
        <property name="composition"  id="x11"  label="[CH2O]"    sourcetype="calculated"  units="mole fraction" >
            <speciesLink preferredKey="CH2O"    CAS="50-00-0"    InChI="1S/CH2O/c1-2/h1H2"            SMILES="C=O"        chemName="formaldehyde"    />
        </property>

        <dataPoint><x1>1.3170E-02</x1><x2>2.5723E-03</x2><x3>1.4962E-02</x3><x4>4.2478E-04</x4><x5>2.3599E-05</x5><x6>3.5398E-05</x6><x7>2.7986E-04</x7><x8>0.0000E+00</x8><x9>3.8210E-05</x9><x10>4.6472E-06</x10><x11>2.0654E-05</x11></dataPoint>
        <dataPoint><x1>3.1138E-02</x1><x2>2.3953E-03</x2><x3>1.4867E-02</x3><x4>5.8997E-04</x4><x5>9.4395E-05</x5><x6>3.5398E-05</x6><x7>3.2220E-04</x7><x8>1.0327E-06</x8><x9>8.4682E-05</x9><x10>2.8399E-06</x10><x11>3.9243E-05</x11></dataPoint>
        <dataPoint><x1>5.3571E-02</x1><x2>2.2242E-03</x2><x3>1.4631E-02</x3><x4>8.0236E-04</x4><x5>2.3599E-04</x5><x6>3.5398E-05</x6><x7>3.6868E-04</x7><x8>1.7556E-05</x8><x9>1.4045E-04</x9><x10>5.9381E-06</x10><x11>6.4028E-05</x11></dataPoint>
        <dataPoint><x1>8.4487E-02</x1><x2>2.0000E-03</x2><x3>1.4490E-02</x3><x4>1.0148E-03</x4><x5>3.3038E-04</x5><x6>4.7198E-05</x6><x7>4.1205E-04</x7><x8>3.8210E-05</x8><x9>1.9312E-04</x9><x10>6.1962E-06</x10><x11>9.0878E-05</x11></dataPoint>
        <dataPoint><x1>1.2388E-01</x1><x2>1.6047E-03</x2><x3>1.4089E-02</x3><x4>1.5693E-03</x4><x5>6.8437E-04</x5><x6>5.8997E-05</x6><x7>4.6265E-04</x7><x8>9.5009E-05</x8><x9>2.5405E-04</x9><x10>1.3683E-05</x10><x11>1.1773E-04</x11></dataPoint>
        <dataPoint><x1>1.7176E-01</x1><x2>1.4808E-03</x2><x3>1.3971E-02</x3><x4>1.7817E-03</x4><x5>8.0236E-04</x5><x6>7.6696E-05</x6><x7>4.8021E-04</x7><x8>1.1566E-04</x8><x9>2.7367E-04</x9><x10>1.6781E-05</x10><x11>1.2599E-04</x11></dataPoint>
        <dataPoint><x1>2.2589E-01</x1><x2>1.2448E-03</x2><x3>1.3664E-02</x3><x4>2.1829E-03</x4><x5>1.0384E-03</x5><x6>8.2596E-05</x6><x7>5.2048E-04</x7><x8>1.5594E-04</x8><x9>3.0258E-04</x9><x10>2.1945E-05</x10><x11>1.4458E-04</x11></dataPoint>
        <dataPoint><x1>2.8315E-01</x1><x2>9.8525E-04</x2><x3>1.3263E-02</x3><x4>2.7375E-03</x4><x5>1.4395E-03</x5><x6>1.0030E-04</x6><x7>5.4527E-04</x7><x8>2.0241E-04</x8><x9>3.0671E-04</x9><x10>2.7109E-05</x10><x11>1.6317E-04</x11></dataPoint>
        <dataPoint><x1>3.4118E-01</x1><x2>7.8466E-04</x2><x3>1.2932E-02</x3><x4>3.2212E-03</x4><x5>1.7463E-03</x5><x6>1.1799E-04</x6><x7>5.6489E-04</x7><x8>2.4372E-04</x8><x9>2.9329E-04</x9><x10>3.2530E-05</x10><x11>1.7556E-04</x11></dataPoint>
        <dataPoint><x1>3.9866E-01</x1><x2>5.7227E-04</x2><x3>1.2602E-02</x3><x4>3.7404E-03</x4><x5>2.1239E-03</x5><x6>1.4749E-04</x6><x7>5.7625E-04</x7><x8>2.8503E-04</x8><x9>2.5714E-04</x9><x10>3.5887E-05</x10><x11>1.7762E-04</x11></dataPoint>
        <dataPoint><x1>4.5703E-01</x1><x2>3.9528E-04</x2><x3>1.2224E-02</x3><x4>4.3186E-03</x4><x5>2.5251E-03</x5><x6>1.8879E-04</x6><x7>5.7831E-04</x7><x8>3.2014E-04</x8><x9>2.0964E-04</x9><x10>3.8726E-05</x10><x11>1.7349E-04</x11></dataPoint>
        <dataPoint><x1>5.1451E-01</x1><x2>2.3009E-04</x2><x3>1.1799E-02</x3><x4>4.9204E-03</x4><x5>2.9027E-03</x5><x6>2.3009E-04</x6><x7>5.7212E-04</x7><x8>3.5009E-04</x8><x9>1.4974E-04</x9><x10>3.7694E-05</x10><x11>1.6317E-04</x11></dataPoint>
        <dataPoint><x1>5.7165E-01</x1><x2>1.4159E-04</x2><x3>1.1493E-02</x3><x4>5.3098E-03</x4><x5>3.2094E-03</x5><x6>2.7729E-04</x6><x7>5.5456E-04</x7><x8>3.6351E-04</x8><x9>1.0637E-04</x9><x10>3.4854E-05</x10><x11>1.4871E-04</x11></dataPoint>
        <dataPoint><x1>6.2924E-01</x1><x2>8.2596E-05</x2><x3>1.1327E-02</x3><x4>5.6401E-03</x4><x5>3.3746E-03</x5><x6>3.1269E-04</x6><x7>5.3184E-04</x7><x8>3.6454E-04</x8><x9>7.4355E-05</x9><x10>3.2014E-05</x10><x11>1.3219E-04</x11></dataPoint>
        <dataPoint><x1>6.8694E-01</x1><x2>3.5398E-05</x2><x3>1.1091E-02</x3><x4>5.9115E-03</x4><x5>3.5398E-03</x5><x6>3.5988E-04</x6><x7>5.1325E-04</x7><x8>3.6971E-04</x8><x9>4.9570E-05</x9><x10>2.5818E-05</x10><x11>1.2186E-04</x11></dataPoint>
        <dataPoint><x1>7.4431E-01</x1><x2>1.1799E-05</x2><x3>1.0903E-02</x3><x4>6.0885E-03</x4><x5>3.6814E-03</x5><x6>4.0118E-04</x6><x7>4.8640E-04</x7><x8>3.6454E-04</x8><x9>3.2014E-05</x9><x10>2.2978E-05</x10><x11>1.0947E-04</x11></dataPoint>
        <dataPoint><x1>8.0167E-01</x1><x2>0.0000E+00</x2><x3>1.0832E-02</x3><x4>6.2419E-03</x4><x5>3.7758E-03</x5><x6>4.3658E-04</x6><x7>4.6162E-04</x7><x8>3.5732E-04</x8><x9>1.6523E-05</x9><x10>1.8847E-05</x10><x11>9.7074E-05</x11></dataPoint>
        <dataPoint><x1>8.5949E-01</x1><x2>0.0000E+00</x2><x3>1.0620E-02</x3><x4>6.4071E-03</x4><x5>3.8230E-03</x5><x6>4.7198E-04</x6><x7>4.3683E-04</x7><x8>3.5215E-04</x8><x9>8.2616E-06</x9><x10>1.6781E-05</x10><x11>9.0878E-05</x11></dataPoint>
        <dataPoint><x1>9.1708E-01</x1><x2>0.0000E+00</x2><x3>1.0502E-02</x3><x4>6.5841E-03</x4><x5>3.8938E-03</x5><x6>5.2507E-04</x6><x7>4.0792E-04</x7><x8>3.3976E-04</x8><x9>4.1308E-06</x9><x10>1.3941E-05</x10><x11>8.2616E-05</x11></dataPoint>
    </dataGroup>
    <timeshift target="C2H5OH" type="half decrease"/>
    <comment>The measurement uncertainties for the data reported here are: O2 - ±2%, CO - ±2%, CO2 - ±2%, C2H5OH - ±3%, H2O - ±6%, C2H4 - ±3%, CH4 - ±4%, CH3CHO - ±3%, CH2O - ±3%, C2H6 - ±4%, and C2H2 - ±3% of reading</comment>
</experiment>
