<experiment>
    <fileAuthor>Chemical Kinetics Laboratory, Institute of Chemistry, ELTE, Budapest, Hungary</fileAuthor>
    <fileDOI>10.24388/x30003005</fileDOI>
    <fileVersion>
        <major>2</major>
        <minor>0</minor>
    </fileVersion>
    <ReSpecThVersion>
        <major>2</major>
        <minor>3</minor>
    </ReSpecThVersion>
    <firstPublicationDate>2015-10-11</firstPublicationDate>
    <lastModificationDate>2020-11-13</lastModificationDate>
    <bibliographyLink>
        <description>M.U. Alzueta, J.M. Hernandez, Energy Fuels (2002), 16, 166-171.</description>
        <referenceDOI>10.1021/ef010153n</referenceDOI>
        <location>Main Article</location>
        <figure>Figs. 2-4, open triangle: air excess ratio=1.13 (set 3)</figure>
        <details>
            <author>Alzueta, M U and Hern{\'{a}}ndez, J M</author>
            <journal>Energy Fuels</journal>
            <number>1</number>
            <pages>166--171</pages>
            <title>Ethanol Oxidation and Its Interaction with Nitric Oxide</title>
            <volume>16</volume>
            <year>2002</year>
        </details>
    </bibliographyLink>
    <experimentType>outlet concentration measurement</experimentType>
    <apparatus>
        <kind>flow reactor</kind>
    </apparatus>
    <commonProperties>
        <property name="pressure"                      label="P"  sourcetype="reported"    units="atm"           ><value>1</value></property>
        <property name="initial composition"           sourcetype="calculated" >
            <component><speciesLink preferredKey="C2H5OH"  CAS="64-17-5"    InChI="1S/C2H6O/c1-2-3/h3H,2H2,1H3"  SMILES="CCO"  chemName="ethanol"  /><amount units="mole fraction" >0.000600</amount></component>
            <component><speciesLink preferredKey="O2"      CAS="7782-44-7"  InChI="1S/O2/c1-2"                   SMILES="O=O"  chemName="oxygen"   /><amount units="mole fraction" >0.002038</amount></component>
            <component><speciesLink preferredKey="H2O"     CAS="7732-18-5"  InChI="1S/H2O/h1H2"                  SMILES="O"    chemName="water"    /><amount units="mole fraction" >0.008000</amount></component>
            <component><speciesLink preferredKey="N2"      CAS="7727-37-9"  InChI="1S/N2/c1-2"                   SMILES="N#N"  chemName="nitrogen" /><amount units="mole fraction" >0.989362</amount></component>
        </property>
        <property name="evaluated standard deviation"  sourcetype="reported"    units="mole fraction"  reference="composition"  kind="absolute"  method="reported uncertainty" >
            <speciesLink preferredKey="C2H5OH"  CAS="64-17-5"    InChI="1S/C2H6O/c1-2-3/h3H,2H2,1H3"  SMILES="CCO"        chemName="ethanol"         />
            <value>3e-5</value>
        </property>
        <property name="evaluated standard deviation"  sourcetype="estimated"   units="mole fraction"  reference="composition"  kind="absolute"  method="statistical scatter"  >
            <speciesLink preferredKey="CO"      CAS="630-08-0"   InChI="1S/CO/c1-2"                   SMILES="[C-]#[O+]"  chemName="carbon monoxide" />
            <value>0.000198</value>
        </property>
        <property name="evaluated standard deviation"  sourcetype="estimated"   units="mole fraction"  reference="composition"  kind="absolute"  method="statistical scatter"  >
            <speciesLink preferredKey="CO2"     CAS="124-38-9"   InChI="1S/CO2/c2-1-3"                SMILES="C(=O)=O"    chemName="carbon dioxide"  />
            <value>0.000121</value>
        </property>
    </commonProperties>
    <dataGroup id="dg1">
        <property name="residence time"  id="x1"   label="t"         sourcetype="calculated"  units="s"             />
        <property name="composition"     id="x2"   label="[C2H5OH]"  sourcetype="calculated"  units="mole fraction" >
            <speciesLink preferredKey="C2H5OH"  CAS="64-17-5"   InChI="1S/C2H6O/c1-2-3/h3H,2H2,1H3"  SMILES="CCO"        chemName="ethanol"         />
        </property>
        <property name="composition"     id="x3"   label="[CO]"      sourcetype="calculated"  units="mole fraction" >
            <speciesLink preferredKey="CO"      CAS="630-08-0"  InChI="1S/CO/c1-2"                   SMILES="[C-]#[O+]"  chemName="carbon monoxide" />
        </property>
        <property name="composition"     id="x4"   label="[CO2]"     sourcetype="calculated"  units="mole fraction" >
            <speciesLink preferredKey="CO2"     CAS="124-38-9"  InChI="1S/CO2/c2-1-3"                SMILES="C(=O)=O"    chemName="carbon dioxide"  />
        </property>
        <property name="temperature"     id="x5"   label="T"         sourcetype="digitized"   units="K"             />

        <dataPoint><x1>2.7621E-01</x1><x2>5.9939E-04</x2><x3>0.0000E+00</x3><x4>0.0000E+00</x4> <x5>760.3</x5></dataPoint>
        <dataPoint><x1>2.4991E-01</x1><x2>5.9727E-04</x2><x3>0.0000E+00</x3><x4>0.0000E+00</x4> <x5>840.3</x5></dataPoint>
        <dataPoint><x1>2.4005E-01</x1><x2>5.9888E-04</x2><x3>0.0000E+00</x3><x4>0.0000E+00</x4> <x5>874.8</x5></dataPoint>
        <dataPoint><x1>2.2710E-01</x1><x2>5.9866E-04</x2><x3>0.0000E+00</x3><x4>0.0000E+00</x4> <x5>924.7</x5></dataPoint>
        <dataPoint><x1>2.1530E-01</x1><x2>5.5082E-04</x2><x3>1.0582E-04</x3><x4>0.0000E+00</x4> <x5>975.4</x5></dataPoint>
        <dataPoint><x1>2.0780E-01</x1><x2>4.5895E-04</x2><x3>2.4603E-04</x3><x4>0.0000E+00</x4><x5>1010.6</x5></dataPoint>
        <dataPoint><x1>1.9802E-01</x1><x2>3.4409E-04</x2><x3>5.3968E-04</x3><x4>0.0000E+00</x4><x5>1060.5</x5></dataPoint>
        <dataPoint><x1>1.9257E-01</x1><x2>2.0992E-04</x2><x3>9.9206E-04</x3><x4>1.3868E-04</x4><x5>1090.5</x5></dataPoint>
        <dataPoint><x1>1.8737E-01</x1><x2>1.0220E-04</x2><x3>4.1270E-04</x3><x4>8.3803E-04</x4><x5>1120.8</x5></dataPoint>
        <dataPoint><x1>1.8086E-01</x1><x2>1.0314E-05</x2><x3>8.9947E-05</x3><x4>1.0769E-03</x4><x5>1161.1</x5></dataPoint>
        <dataPoint><x1>1.7413E-01</x1><x2>0.0000E+00</x2><x3>0.0000E+00</x3><x4>1.1681E-03</x4><x5>1206.0</x5></dataPoint>
        <dataPoint><x1>1.6788E-01</x1><x2>0.0000E+00</x2><x3>0.0000E+00</x3><x4>1.1996E-03</x4><x5>1250.9</x5></dataPoint>
        <dataPoint><x1>1.6154E-01</x1><x2>0.0000E+00</x2><x3>0.0000E+00</x3><x4>1.1994E-03</x4><x5>1300.0</x5></dataPoint>
        <dataPoint><x1>1.5556E-01</x1><x2>0.0000E+00</x2><x3>0.0000E+00</x3><x4>1.1992E-03</x4><x5>1350.0</x5></dataPoint>
        <dataPoint><x1>1.5000E-01</x1><x2>0.0000E+00</x2><x3>0.0000E+00</x3><x4>1.1955E-03</x4><x5>1400.0</x5></dataPoint>
    </dataGroup>
</experiment>
