<experiment>
    <fileAuthor>Chemical Kinetics Laboratory, Institute of Chemistry, ELTE, Budapest, Hungary</fileAuthor>
    <fileDOI>10.24388/x30003004</fileDOI>
    <fileVersion>
        <major>2</major>
        <minor>0</minor>
    </fileVersion>
    <ReSpecThVersion>
        <major>2</major>
        <minor>3</minor>
    </ReSpecThVersion>
    <firstPublicationDate>2015-10-11</firstPublicationDate>
    <lastModificationDate>2020-11-13</lastModificationDate>
    <bibliographyLink>
        <description>M.U. Alzueta, J.M. Hernandez, Energy Fuels (2002), 16, 166-171.</description>
        <referenceDOI>10.1021/ef010153n</referenceDOI>
        <location>Main Article</location>
        <figure>Figs. 2-4, open circle: air excess ratio=0.73 (set 1)</figure>
        <details>
            <author>Alzueta, M U and Hern{\'{a}}ndez, J M</author>
            <journal>Energy Fuels</journal>
            <number>1</number>
            <pages>166--171</pages>
            <title>Ethanol Oxidation and Its Interaction with Nitric Oxide</title>
            <volume>16</volume>
            <year>2002</year>
        </details>
    </bibliographyLink>
    <experimentType>outlet concentration measurement</experimentType>
    <apparatus>
        <kind>flow reactor</kind>
    </apparatus>
    <commonProperties>
        <property name="pressure"                      label="P"  sourcetype="reported"    units="atm"           ><value>1</value></property>
        <property name="initial composition"           sourcetype="calculated" >
            <component><speciesLink preferredKey="C2H5OH"  CAS="64-17-5"    InChI="1S/C2H6O/c1-2-3/h3H,2H2,1H3"  SMILES="CCO"  chemName="ethanol"  /><amount units="mole fraction" >0.000700</amount></component>
            <component><speciesLink preferredKey="O2"      CAS="7782-44-7"  InChI="1S/O2/c1-2"                   SMILES="O=O"  chemName="oxygen"   /><amount units="mole fraction" >0.001531</amount></component>
            <component><speciesLink preferredKey="H2O"     CAS="7732-18-5"  InChI="1S/H2O/h1H2"                  SMILES="O"    chemName="water"    /><amount units="mole fraction" >0.010100</amount></component>
            <component><speciesLink preferredKey="N2"      CAS="7727-37-9"  InChI="1S/N2/c1-2"                   SMILES="N#N"  chemName="nitrogen" /><amount units="mole fraction" >0.987669</amount></component>
        </property>
        <property name="evaluated standard deviation"  sourcetype="reported"    units="mole fraction"  reference="composition"  kind="absolute"  method="reported uncertainty" >
            <speciesLink preferredKey="C2H5OH"  CAS="64-17-5"    InChI="1S/C2H6O/c1-2-3/h3H,2H2,1H3"  SMILES="CCO"        chemName="ethanol"         />
            <value>3.5e-5</value>
        </property>
        <property name="evaluated standard deviation"  sourcetype="estimated"   units="mole fraction"  reference="composition"  kind="absolute"  method="statistical scatter"  >
            <speciesLink preferredKey="CO"      CAS="630-08-0"   InChI="1S/CO/c1-2"                   SMILES="[C-]#[O+]"  chemName="carbon monoxide" />
            <value>0.000161</value>
        </property>
        <property name="evaluated standard deviation"  sourcetype="estimated"   units="mole fraction"  reference="composition"  kind="absolute"  method="statistical scatter"  >
            <speciesLink preferredKey="CO2"     CAS="124-38-9"   InChI="1S/CO2/c2-1-3"                SMILES="C(=O)=O"    chemName="carbon dioxide"  />
            <value>0.000133</value>
        </property>
    </commonProperties>
    <dataGroup id="dg1">
        <property name="residence time"  id="x1"   label="t"         sourcetype="calculated"  units="s"             />
        <property name="composition"     id="x2"   label="[C2H5OH]"  sourcetype="calculated"  units="mole fraction" >
            <speciesLink preferredKey="C2H5OH"  CAS="64-17-5"   InChI="1S/C2H6O/c1-2-3/h3H,2H2,1H3"  SMILES="CCO"        chemName="ethanol"         />
        </property>
        <property name="composition"     id="x3"   label="[CO]"      sourcetype="calculated"  units="mole fraction" >
            <speciesLink preferredKey="CO"      CAS="630-08-0"  InChI="1S/CO/c1-2"                   SMILES="[C-]#[O+]"  chemName="carbon monoxide" />
        </property>
        <property name="composition"     id="x4"   label="[CO2]"     sourcetype="calculated"  units="mole fraction" >
            <speciesLink preferredKey="CO2"     CAS="124-38-9"  InChI="1S/CO2/c2-1-3"                SMILES="C(=O)=O"    chemName="carbon dioxide"  />
        </property>
        <property name="temperature"     id="x5"   label="T"         sourcetype="digitized"   units="K"             />

        <dataPoint><x1>2.8940E-01</x1><x2>6.9991E-04</x2><x3>0.0000E+00</x3><x4>0.0000E+00</x4> <x5>760.2</x5></dataPoint>
        <dataPoint><x1>2.6194E-01</x1><x2>6.9780E-04</x2><x3>0.0000E+00</x3><x4>0.0000E+00</x4> <x5>839.9</x5></dataPoint>
        <dataPoint><x1>2.5149E-01</x1><x2>6.9941E-04</x2><x3>0.0000E+00</x3><x4>0.0000E+00</x4> <x5>874.8</x5></dataPoint>
        <dataPoint><x1>2.3791E-01</x1><x2>6.9919E-04</x2><x3>0.0000E+00</x3><x4>0.0000E+00</x4> <x5>924.7</x5></dataPoint>
        <dataPoint><x1>2.2671E-01</x1><x2>6.2844E-04</x2><x3>1.2434E-04</x3><x4>0.0000E+00</x4> <x5>970.4</x5></dataPoint>
        <dataPoint><x1>2.1998E-01</x1><x2>5.5776E-04</x2><x3>2.8307E-04</x3><x4>0.0000E+00</x4><x5>1000.1</x5></dataPoint>
        <dataPoint><x1>2.1778E-01</x1><x2>4.8718E-04</x2><x3>4.3651E-04</x3><x4>0.0000E+00</x4><x5>1010.2</x5></dataPoint>
        <dataPoint><x1>2.0845E-01</x1><x2>3.9702E-04</x2><x3>6.3228E-04</x3><x4>0.0000E+00</x4><x5>1055.4</x5></dataPoint>
        <dataPoint><x1>2.0180E-01</x1><x2>2.7165E-04</x2><x3>8.0688E-04</x3><x4>3.8473E-04</x4><x5>1090.2</x5></dataPoint>
        <dataPoint><x1>1.9641E-01</x1><x2>1.3924E-04</x2><x3>1.1905E-04</x3><x4>1.0103E-03</x4><x5>1120.1</x5></dataPoint>
        <dataPoint><x1>1.9043E-01</x1><x2>9.8526E-05</x2><x3>1.0847E-04</x3><x4>1.1894E-03</x4><x5>1155.3</x5></dataPoint>
        <dataPoint><x1>1.8167E-01</x1><x2>8.9460E-05</x2><x3>1.1111E-04</x3><x4>1.1997E-03</x4><x5>1211.0</x5></dataPoint>
        <dataPoint><x1>1.7589E-01</x1><x2>6.8118E-05</x2><x3>1.0847E-04</x3><x4>1.2242E-03</x4><x5>1250.8</x5></dataPoint>
        <dataPoint><x1>1.6918E-01</x1><x2>6.4371E-05</x2><x3>1.1111E-04</x3><x4>1.2240E-03</x4><x5>1300.4</x5></dataPoint>
        <dataPoint><x1>1.6293E-01</x1><x2>2.8882E-05</x2><x3>1.2963E-04</x3><x4>1.2273E-03</x4><x5>1350.3</x5></dataPoint>
        <dataPoint><x1>1.5714E-01</x1><x2>9.2576E-06</x2><x3>1.2963E-04</x3><x4>1.2236E-03</x4><x5>1400.0</x5></dataPoint>
    </dataGroup>
</experiment>
