<experiment>
    <fileAuthor>Chemical Kinetics Laboratory, Institute of Chemistry, ELTE, Budapest, Hungary</fileAuthor>
    <fileDOI>10.24388/x30003016</fileDOI>
    <fileVersion>
        <major>2</major>
        <minor>0</minor>
    </fileVersion>
    <ReSpecThVersion>
        <major>2</major>
        <minor>3</minor>
    </ReSpecThVersion>
    <firstPublicationDate>2015-10-11</firstPublicationDate>
    <lastModificationDate>2020-11-13</lastModificationDate>
    <bibliographyLink>
        <description>J. Li, A. Kazakov, M. Chaos, F.L. Dryer, 5th US Combustion Meeting 2007, Paper #C26.</description>
        <location>Main Article</location>
        <figure>Fig. 5 bottom and Fig. 2a</figure>
        <details>
            <author>Li, J and Kazakov, A and Chaos, M and Dryer, F L</author>
            <journal>5$^{\text{th}}$ US Combustion Meeting</journal>
            <pages>Paper {\#} C26</pages>
            <title>Chemical Kinetics of Ethanol Oxidation</title>
            <year>2007</year>
        </details>
    </bibliographyLink>
    <experimentType>concentration time profile measurement</experimentType>
    <apparatus>
        <kind>flow reactor</kind>
    </apparatus>
    <commonProperties>
        <property name="pressure"                      label="P"  sourcetype="reported"    units="atm"           ><value>3</value></property>
        <property name="temperature"                   label="T"  sourcetype="reported"    units="K"             ><value>950</value></property>
        <property name="initial composition"           sourcetype="calculated" >
            <component><speciesLink preferredKey="C2H5OH"  CAS="64-17-5"    InChI="1S/C2H6O/c1-2-3/h3H,2H2,1H3"  SMILES="CCO"  chemName="ethanol"  /><amount units="mole fraction" >0.0030</amount></component>
            <component><speciesLink preferredKey="O2"      CAS="7782-44-7"  InChI="1S/O2/c1-2"                   SMILES="O=O"  chemName="oxygen"   /><amount units="mole fraction" >0.0075</amount></component>
            <component><speciesLink preferredKey="N2"      CAS="7727-37-9"  InChI="1S/N2/c1-2"                   SMILES="N#N"  chemName="nitrogen" /><amount units="mole fraction" >0.9895</amount></component>
        </property>
        <property name="evaluated standard deviation"  sourcetype="reported"    units="mole fraction"  reference="composition"  kind="absolute"  method="reported uncertainty" >
            <speciesLink preferredKey="C2H5OH"  CAS="64-17-5"    InChI="1S/C2H6O/c1-2-3/h3H,2H2,1H3"  SMILES="CCO"        chemName="ethanol"         />
            <value>0.000255</value>
        </property>
        <property name="evaluated standard deviation"  sourcetype="reported"    units="mole fraction"  reference="composition"  kind="absolute"  method="reported uncertainty" >
            <speciesLink preferredKey="O2"      CAS="7782-44-7"  InChI="1S/O2/c1-2"                   SMILES="O=O"        chemName="oxygen"          />
            <value>0.000724</value>
        </property>
        <property name="evaluated standard deviation"  sourcetype="reported"    units="mole fraction"  reference="composition"  kind="absolute"  method="reported uncertainty" >
            <speciesLink preferredKey="H2O"     CAS="7732-18-5"  InChI="1S/H2O/h1H2"                  SMILES="O"          chemName="water"           />
            <value>0.000434</value>
        </property>
        <property name="evaluated standard deviation"  sourcetype="reported"    units="mole fraction"  reference="composition"  kind="absolute"  method="reported uncertainty" >
            <speciesLink preferredKey="CO"      CAS="630-08-0"   InChI="1S/CO/c1-2"                   SMILES="[C-]#[O+]"  chemName="carbon monoxide" />
            <value>0.000298</value>
        </property>
        <property name="evaluated standard deviation"  sourcetype="reported"    units="mole fraction"  reference="composition"  kind="absolute"  method="reported uncertainty" >
            <speciesLink preferredKey="CO2"     CAS="124-38-9"   InChI="1S/CO2/c2-1-3"                SMILES="C(=O)=O"    chemName="carbon dioxide"  />
            <value>2.11e-5</value>
        </property>
        <property name="evaluated standard deviation"  sourcetype="reported"    units="mole fraction"  reference="composition"  kind="absolute"  method="reported uncertainty" >
            <speciesLink preferredKey="CH2O"    CAS="50-00-0"    InChI="1S/CH2O/c1-2/h1H2"            SMILES="C=O"        chemName="formaldehyde"    />
            <value>2.16e-5</value>
        </property>
        <property name="evaluated standard deviation"  sourcetype="reported"    units="mole fraction"  reference="composition"  kind="absolute"  method="reported uncertainty" >
            <speciesLink preferredKey="CH3CHO"  CAS="75-07-0"    InChI="1S/C2H4O/c1-2-3/h2H,1H3"      SMILES="CC=O"       chemName="acetaldehyde"    />
            <value>3.37e-5</value>
        </property>
        <property name="evaluated standard deviation"  sourcetype="reported"    units="mole fraction"  reference="composition"  kind="absolute"  method="reported uncertainty" >
            <speciesLink preferredKey="CH4"     CAS="74-82-8"    InChI="1S/CH4/h1H4"                  SMILES="C"          chemName="methane"         />
            <value>5.06e-5</value>
        </property>
        <property name="evaluated standard deviation"  sourcetype="reported"    units="mole fraction"  reference="composition"  kind="absolute"  method="reported uncertainty" >
            <speciesLink preferredKey="C2H4"    CAS="74-85-1"    InChI="1S/C2H4/c1-2/h1-2H2"          SMILES="C=C"        chemName="ethene"          />
            <value>6.86e-5</value>
        </property>
        <property name="evaluated standard deviation"  sourcetype="reported"    units="mole fraction"  reference="composition"  kind="absolute"  method="reported uncertainty" >
            <speciesLink preferredKey="C2H6"    CAS="74-84-0"    InChI="1S/C2H6/c1-2/h1-2H3"          SMILES="CC"         chemName="ethane"          />
            <value>9.05e-6</value>
        </property>
    </commonProperties>
    <dataGroup id="dg1">
        <property name="time"         id="x1"   label="t"         sourcetype="digitized"   units="s"             />
        <property name="composition"  id="x2"   label="[C2H5OH]"  sourcetype="calculated"  units="mole fraction" >
            <speciesLink preferredKey="C2H5OH"  CAS="64-17-5"    InChI="1S/C2H6O/c1-2-3/h3H,2H2,1H3"  SMILES="CCO"        chemName="ethanol"         />
        </property>
        <property name="composition"  id="x3"   label="[O2]"      sourcetype="calculated"  units="mole fraction" >
            <speciesLink preferredKey="O2"      CAS="7782-44-7"  InChI="1S/O2/c1-2"                   SMILES="O=O"        chemName="oxygen"          />
        </property>
        <property name="composition"  id="x4"   label="[H2O]"     sourcetype="calculated"  units="mole fraction" >
            <speciesLink preferredKey="H2O"     CAS="7732-18-5"  InChI="1S/H2O/h1H2"                  SMILES="O"          chemName="water"           />
        </property>
        <property name="composition"  id="x5"   label="[CO]"      sourcetype="calculated"  units="mole fraction" >
            <speciesLink preferredKey="CO"      CAS="630-08-0"   InChI="1S/CO/c1-2"                   SMILES="[C-]#[O+]"  chemName="carbon monoxide" />
        </property>
        <property name="composition"  id="x6"   label="[CO2]"     sourcetype="calculated"  units="mole fraction" >
            <speciesLink preferredKey="CO2"     CAS="124-38-9"   InChI="1S/CO2/c2-1-3"                SMILES="C(=O)=O"    chemName="carbon dioxide"  />
        </property>
        <property name="composition"  id="x7"   label="[C2H4]"    sourcetype="calculated"  units="mole fraction" >
            <speciesLink preferredKey="C2H4"    CAS="74-85-1"    InChI="1S/C2H4/c1-2/h1-2H2"          SMILES="C=C"        chemName="ethene"          />
        </property>
        <property name="composition"  id="x8"   label="[CH4]"     sourcetype="calculated"  units="mole fraction" >
            <speciesLink preferredKey="CH4"     CAS="74-82-8"    InChI="1S/CH4/h1H4"                  SMILES="C"          chemName="methane"         />
        </property>
        <property name="composition"  id="x9"   label="[CH3CHO]"  sourcetype="calculated"  units="mole fraction" >
            <speciesLink preferredKey="CH3CHO"  CAS="75-07-0"    InChI="1S/C2H4O/c1-2-3/h2H,1H3"      SMILES="CC=O"       chemName="acetaldehyde"    />
        </property>
        <property name="composition"  id="x10"  label="[C2H6]"    sourcetype="calculated"  units="mole fraction" >
            <speciesLink preferredKey="C2H6"    CAS="74-84-0"    InChI="1S/C2H6/c1-2/h1-2H3"          SMILES="CC"         chemName="ethane"          />
        </property>
        <property name="composition"  id="x11"  label="[CH2O]"    sourcetype="calculated"  units="mole fraction" >
            <speciesLink preferredKey="CH2O"    CAS="50-00-0"    InChI="1S/CH2O/c1-2/h1H2"            SMILES="C=O"        chemName="formaldehyde"    />
        </property>

        <dataPoint><x1>5.9359E-03</x1><x2>2.5475E-03</x2><x3>7.2397E-03</x3><x4>3.8430E-04</x4><x5>0.0000E+00</x5><x6>3.0992E-05</x6><x7>2.2064E-04</x7><x8>1.5873E-06</x8><x9>4.2857E-05</x9><x10>9.5238E-06</x10><x11>1.9048E-05</x11></dataPoint>
        <dataPoint><x1>1.4368E-02</x1><x2>2.3058E-03</x2><x3>7.1157E-03</x3><x4>6.3223E-04</x4><x5>2.4793E-04</x5><x6>3.7190E-05</x6><x7>2.9524E-04</x7><x8>1.4286E-05</x8><x9>9.8413E-05</x9><x10>1.1111E-05</x10><x11>4.4444E-05</x11></dataPoint>
        <dataPoint><x1>2.4486E-02</x1><x2>2.0083E-03</x2><x3>6.8678E-03</x3><x4>9.5455E-04</x4><x5>3.4711E-04</x5><x6>4.9587E-05</x6><x7>3.7460E-04</x7><x8>5.0794E-05</x8><x9>1.6349E-04</x9><x10>2.0635E-05</x10><x11>7.4603E-05</x11></dataPoint>
        <dataPoint><x1>3.8449E-02</x1><x2>1.7479E-03</x2><x3>6.6446E-03</x3><x4>1.2273E-03</x4><x5>4.9587E-04</x5><x6>5.5785E-05</x6><x7>4.3968E-04</x7><x8>8.5714E-05</x8><x9>2.2064E-04</x9><x10>2.6984E-05</x10><x11>1.0635E-04</x11></dataPoint>
        <dataPoint><x1>5.6459E-02</x1><x2>1.5248E-03</x2><x3>6.5455E-03</x3><x4>1.5248E-03</x4><x5>6.4463E-04</x5><x6>6.8182E-05</x6><x7>5.0000E-04</x7><x8>1.2064E-04</x8><x9>2.6984E-04</x9><x10>3.8095E-05</x10><x11>1.3492E-04</x11></dataPoint>
        <dataPoint><x1>7.8246E-02</x1><x2>1.3512E-03</x2><x3>6.3719E-03</x3><x4>1.7851E-03</x4><x5>8.1818E-04</x5><x6>7.4380E-05</x6><x7>5.4127E-04</x7><x8>1.5556E-04</x8><x9>3.0952E-04</x9><x10>4.6032E-05</x10><x11>1.6191E-04</x11></dataPoint>
        <dataPoint><x1>1.0320E-01</x1><x2>1.1219E-03</x2><x3>6.1984E-03</x3><x4>2.0826E-03</x4><x5>1.0165E-03</x5><x6>8.0579E-05</x6><x7>5.8254E-04</x7><x8>1.9683E-04</x8><x9>3.3333E-04</x9><x10>5.2381E-05</x10><x11>1.8889E-04</x11></dataPoint>
        <dataPoint><x1>1.2951E-01</x1><x2>9.1116E-04</x2><x3>5.9504E-03</x3><x4>2.4422E-03</x4><x5>1.2893E-03</x5><x6>9.2975E-05</x6><x7>6.2222E-04</x7><x8>2.5079E-04</x8><x9>3.3651E-04</x9><x10>6.6667E-05</x10><x11>2.0952E-04</x11></dataPoint>
        <dataPoint><x1>1.5582E-01</x1><x2>7.1901E-04</x2><x3>5.7769E-03</x3><x4>2.7397E-03</x4><x5>1.5372E-03</x5><x6>9.9174E-05</x6><x7>6.4127E-04</x7><x8>2.9206E-04</x8><x9>3.2540E-04</x9><x10>7.6191E-05</x10><x11>2.1587E-04</x11></dataPoint>
        <dataPoint><x1>1.8246E-01</x1><x2>6.1984E-04</x2><x3>5.6281E-03</x3><x4>2.9752E-03</x4><x5>1.7355E-03</x5><x6>1.1157E-04</x6><x7>6.5238E-04</x7><x8>3.2540E-04</x8><x9>3.0159E-04</x9><x10>8.0952E-05</x10><x11>2.1587E-04</x11></dataPoint>
        <dataPoint><x1>2.0924E-01</x1><x2>4.8967E-04</x2><x3>5.4793E-03</x3><x4>3.2231E-03</x4><x5>1.9587E-03</x5><x6>1.2397E-04</x6><x7>6.7143E-04</x7><x8>3.6667E-04</x8><x9>2.7143E-04</x9><x10>8.5714E-05</x10><x11>2.1270E-04</x11></dataPoint>
        <dataPoint><x1>2.3595E-01</x1><x2>3.9670E-04</x2><x3>5.3554E-03</x3><x4>3.4091E-03</x4><x5>2.1322E-03</x5><x6>1.3017E-04</x6><x7>6.7460E-04</x7><x8>3.9524E-04</x8><x9>2.3968E-04</x9><x10>9.0476E-05</x10><x11>2.0318E-04</x11></dataPoint>
        <dataPoint><x1>2.6240E-01</x1><x2>3.1612E-04</x2><x3>5.2314E-03</x3><x4>3.5703E-03</x4><x5>2.3058E-03</x5><x6>1.3636E-04</x6><x7>6.7937E-04</x7><x8>4.2222E-04</x8><x9>2.0952E-04</x9><x10>9.0476E-05</x10><x11>1.9365E-04</x11></dataPoint>
        <dataPoint><x1>2.8931E-01</x1><x2>2.5413E-04</x2><x3>5.1322E-03</x3><x4>3.7562E-03</x4><x5>2.4546E-03</x5><x6>1.4876E-04</x6><x7>6.8571E-04</x7><x8>4.4603E-04</x8><x9>1.8413E-04</x9><x10>9.0476E-05</x10><x11>1.8254E-04</x11></dataPoint>
        <dataPoint><x1>3.1575E-01</x1><x2>2.1074E-04</x2><x3>5.0083E-03</x3><x4>3.8802E-03</x4><x5>2.5785E-03</x5><x6>1.5496E-04</x6><x7>6.8254E-04</x7><x8>4.6508E-04</x8><x9>1.6191E-04</x9><x10>8.8889E-05</x10><x11>1.7302E-04</x11></dataPoint>
        <dataPoint><x1>3.4280E-01</x1><x2>1.5496E-04</x2><x3>4.9339E-03</x3><x4>3.9793E-03</x4><x5>2.6777E-03</x5><x6>1.7975E-04</x6><x7>6.7619E-04</x7><x8>4.7619E-04</x8><x9>1.3968E-04</x9><x10>8.8889E-05</x10><x11>1.6191E-04</x11></dataPoint>
        <dataPoint><x1>3.6958E-01</x1><x2>1.3017E-04</x2><x3>4.8595E-03</x3><x4>4.1033E-03</x4><x5>2.7769E-03</x5><x6>1.9215E-04</x6><x7>6.6825E-04</x7><x8>4.8571E-04</x8><x9>1.2540E-04</x9><x10>8.5714E-05</x10><x11>1.5238E-04</x11></dataPoint>
        <dataPoint><x1>3.9656E-01</x1><x2>1.0537E-04</x2><x3>4.7603E-03</x3><x4>4.2025E-03</x4><x5>2.9008E-03</x5><x6>1.9835E-04</x6><x7>6.6191E-04</x7><x8>4.9841E-04</x8><x9>1.0476E-04</x9><x10>8.4127E-05</x10><x11>1.4286E-04</x11></dataPoint>
        <dataPoint><x1>4.2341E-01</x1><x2>6.8182E-05</x2><x3>4.6860E-03</x3><x4>4.3388E-03</x4><x5>2.9752E-03</x5><x6>2.1074E-04</x6><x7>6.5238E-04</x7><x8>5.0635E-04</x8><x9>8.5714E-05</x9><x10>7.9365E-05</x10><x11>1.3333E-04</x11></dataPoint>
    </dataGroup>
    <timeshift target="C2H5OH" type="half decrease"/>
    <comment>The measurement uncertainties for the data reported here are: O2 - ±2%, CO - ±2%, CO2 - ±2%, C2H5OH - ±3%, H2O - ±6%, C2H4 - ±3%, CH4 - ±4%, CH3CHO - ±3%, CH2O - ±3%, C2H6 - ±4%, and C2H2 - ±3% of reading</comment>
</experiment>
