<experiment>
    <fileAuthor>Chemical Kinetics Laboratory, Institute of Chemistry, ELTE, Budapest, Hungary</fileAuthor>
    <fileDOI>10.24388/x30003014</fileDOI>
    <fileVersion>
        <major>2</major>
        <minor>0</minor>
    </fileVersion>
    <ReSpecThVersion>
        <major>2</major>
        <minor>3</minor>
    </ReSpecThVersion>
    <firstPublicationDate>2015-10-11</firstPublicationDate>
    <lastModificationDate>2020-11-13</lastModificationDate>
    <bibliographyLink>
        <description>J. Li, A. Kazakov, M. Chaos, F.L. Dryer, 5th US Combustion Meeting 2007, Paper #C26.</description>
        <location>Main Article</location>
        <figure>Fig. 5 top</figure>
        <details>
            <author>Li, J and Kazakov, A and Chaos, M and Dryer, F L</author>
            <journal>5$^{\text{th}}$ US Combustion Meeting</journal>
            <pages>Paper {\#} C26</pages>
            <title>Chemical Kinetics of Ethanol Oxidation</title>
            <year>2007</year>
        </details>
    </bibliographyLink>
    <experimentType>concentration time profile measurement</experimentType>
    <apparatus>
        <kind>flow reactor</kind>
    </apparatus>
    <commonProperties>
        <property name="pressure"                      label="P"  sourcetype="reported"    units="atm"           ><value>3</value></property>
        <property name="temperature"                   label="T"  sourcetype="reported"    units="K"             ><value>950</value></property>
        <property name="initial composition"           sourcetype="calculated" >
            <component><speciesLink preferredKey="C2H5OH"  CAS="64-17-5"    InChI="1S/C2H6O/c1-2-3/h3H,2H2,1H3"  SMILES="CCO"  chemName="ethanol"  /><amount units="mole fraction" >0.0030</amount></component>
            <component><speciesLink preferredKey="O2"      CAS="7782-44-7"  InChI="1S/O2/c1-2"                   SMILES="O=O"  chemName="oxygen"   /><amount units="mole fraction" >0.0150</amount></component>
            <component><speciesLink preferredKey="N2"      CAS="7727-37-9"  InChI="1S/N2/c1-2"                   SMILES="N#N"  chemName="nitrogen" /><amount units="mole fraction" >0.9820</amount></component>
        </property>
        <property name="evaluated standard deviation"  sourcetype="reported"    units="mole fraction"  reference="composition"  kind="absolute"  method="reported uncertainty" >
            <speciesLink preferredKey="C2H5OH"  CAS="64-17-5"    InChI="1S/C2H6O/c1-2-3/h3H,2H2,1H3"  SMILES="CCO"        chemName="ethanol"         />
            <value>0.000261</value>
        </property>
        <property name="evaluated standard deviation"  sourcetype="reported"    units="mole fraction"  reference="composition"  kind="absolute"  method="reported uncertainty" >
            <speciesLink preferredKey="O2"      CAS="7782-44-7"  InChI="1S/O2/c1-2"                   SMILES="O=O"        chemName="oxygen"          />
            <value>0.00145</value>
        </property>
        <property name="evaluated standard deviation"  sourcetype="reported"    units="mole fraction"  reference="composition"  kind="absolute"  method="reported uncertainty" >
            <speciesLink preferredKey="H2O"     CAS="7732-18-5"  InChI="1S/H2O/h1H2"                  SMILES="O"          chemName="water"           />
            <value>0.000666</value>
        </property>
        <property name="evaluated standard deviation"  sourcetype="reported"    units="mole fraction"  reference="composition"  kind="absolute"  method="reported uncertainty" >
            <speciesLink preferredKey="CO"      CAS="630-08-0"   InChI="1S/CO/c1-2"                   SMILES="[C-]#[O+]"  chemName="carbon monoxide" />
            <value>0.000416</value>
        </property>
        <property name="evaluated standard deviation"  sourcetype="reported"    units="mole fraction"  reference="composition"  kind="absolute"  method="reported uncertainty" >
            <speciesLink preferredKey="CO2"     CAS="124-38-9"   InChI="1S/CO2/c2-1-3"                SMILES="C(=O)=O"    chemName="carbon dioxide"  />
            <value>5.7e-5</value>
        </property>
        <property name="evaluated standard deviation"  sourcetype="reported"    units="mole fraction"  reference="composition"  kind="absolute"  method="reported uncertainty" >
            <speciesLink preferredKey="CH2O"    CAS="50-00-0"    InChI="1S/CH2O/c1-2/h1H2"            SMILES="C=O"        chemName="formaldehyde"    />
            <value>2.38e-5</value>
        </property>
        <property name="evaluated standard deviation"  sourcetype="reported"    units="mole fraction"  reference="composition"  kind="absolute"  method="reported uncertainty" >
            <speciesLink preferredKey="CH3CHO"  CAS="75-07-0"    InChI="1S/C2H4O/c1-2-3/h2H,1H3"      SMILES="CC=O"       chemName="acetaldehyde"    />
            <value>3.43e-5</value>
        </property>
        <property name="evaluated standard deviation"  sourcetype="reported"    units="mole fraction"  reference="composition"  kind="absolute"  method="reported uncertainty" >
            <speciesLink preferredKey="CH4"     CAS="74-82-8"    InChI="1S/CH4/h1H4"                  SMILES="C"          chemName="methane"         />
            <value>4.25e-5</value>
        </property>
        <property name="evaluated standard deviation"  sourcetype="reported"    units="mole fraction"  reference="composition"  kind="absolute"  method="reported uncertainty" >
            <speciesLink preferredKey="C2H4"    CAS="74-85-1"    InChI="1S/C2H4/c1-2/h1-2H2"          SMILES="C=C"        chemName="ethene"          />
            <value>6.62e-5</value>
        </property>
        <property name="evaluated standard deviation"  sourcetype="reported"    units="mole fraction"  reference="composition"  kind="absolute"  method="reported uncertainty" >
            <speciesLink preferredKey="C2H6"    CAS="74-84-0"    InChI="1S/C2H6/c1-2/h1-2H3"          SMILES="CC"         chemName="ethane"          />
            <value>7.32e-6</value>
        </property>
    </commonProperties>
    <dataGroup id="dg1">
        <property name="time"         id="x1"   label="t"         sourcetype="digitized"   units="s"             />
        <property name="composition"  id="x2"   label="[C2H5OH]"  sourcetype="calculated"  units="mole fraction" >
            <speciesLink preferredKey="C2H5OH"  CAS="64-17-5"    InChI="1S/C2H6O/c1-2-3/h3H,2H2,1H3"  SMILES="CCO"        chemName="ethanol"         />
        </property>
        <property name="composition"  id="x3"   label="[O2]"      sourcetype="calculated"  units="mole fraction" >
            <speciesLink preferredKey="O2"      CAS="7782-44-7"  InChI="1S/O2/c1-2"                   SMILES="O=O"        chemName="oxygen"          />
        </property>
        <property name="composition"  id="x4"   label="[H2O]"     sourcetype="calculated"  units="mole fraction" >
            <speciesLink preferredKey="H2O"     CAS="7732-18-5"  InChI="1S/H2O/h1H2"                  SMILES="O"          chemName="water"           />
        </property>
        <property name="composition"  id="x5"   label="[CO]"      sourcetype="calculated"  units="mole fraction" >
            <speciesLink preferredKey="CO"      CAS="630-08-0"   InChI="1S/CO/c1-2"                   SMILES="[C-]#[O+]"  chemName="carbon monoxide" />
        </property>
        <property name="composition"  id="x6"   label="[CO2]"     sourcetype="calculated"  units="mole fraction" >
            <speciesLink preferredKey="CO2"     CAS="124-38-9"   InChI="1S/CO2/c2-1-3"                SMILES="C(=O)=O"    chemName="carbon dioxide"  />
        </property>
        <property name="composition"  id="x7"   label="[C2H4]"    sourcetype="calculated"  units="mole fraction" >
            <speciesLink preferredKey="C2H4"    CAS="74-85-1"    InChI="1S/C2H4/c1-2/h1-2H2"          SMILES="C=C"        chemName="ethene"          />
        </property>
        <property name="composition"  id="x8"   label="[CH4]"     sourcetype="calculated"  units="mole fraction" >
            <speciesLink preferredKey="CH4"     CAS="74-82-8"    InChI="1S/CH4/h1H4"                  SMILES="C"          chemName="methane"         />
        </property>
        <property name="composition"  id="x9"   label="[CH3CHO]"  sourcetype="calculated"  units="mole fraction" >
            <speciesLink preferredKey="CH3CHO"  CAS="75-07-0"    InChI="1S/C2H4O/c1-2-3/h2H,1H3"      SMILES="CC=O"       chemName="acetaldehyde"    />
        </property>
        <property name="composition"  id="x10"  label="[C2H6]"    sourcetype="calculated"  units="mole fraction" >
            <speciesLink preferredKey="C2H6"    CAS="74-84-0"    InChI="1S/C2H6/c1-2/h1-2H3"          SMILES="CC"         chemName="ethane"          />
        </property>
        <property name="composition"  id="x11"  label="[CH2O]"    sourcetype="calculated"  units="mole fraction" >
            <speciesLink preferredKey="CH2O"    CAS="50-00-0"    InChI="1S/CH2O/c1-2/h1H2"            SMILES="C=O"        chemName="formaldehyde"    />
        </property>

        <dataPoint><x1>6.0766E-03</x1><x2>2.6070E-03</x2><x3>1.4524E-02</x3><x4>4.6494E-04</x4><x5>6.6421E-05</x5><x6>5.5351E-05</x6><x7>2.4897E-04</x7><x8>0.0000E+00</x8><x9>6.7257E-05</x9><x10>1.0620E-05</x10><x11>2.5959E-05</x11></dataPoint>
        <dataPoint><x1>1.4313E-02</x1><x2>2.3745E-03</x2><x3>1.4458E-02</x3><x4>6.6421E-04</x4><x5>1.5498E-04</x5><x6>6.0886E-05</x6><x7>2.9853E-04</x7><x8>8.2596E-06</x8><x9>1.1681E-04</x9><x10>1.2979E-05</x10><x11>4.9558E-05</x11></dataPoint>
        <dataPoint><x1>2.4306E-02</x1><x2>2.0369E-03</x2><x3>1.4258E-02</x3><x4>9.9631E-04</x4><x5>3.9852E-04</x5><x6>6.6421E-05</x6><x7>3.7404E-04</x7><x8>4.2478E-05</x8><x9>1.8525E-04</x9><x10>2.0059E-05</x10><x11>8.7316E-05</x11></dataPoint>
        <dataPoint><x1>3.8117E-02</x1><x2>1.7048E-03</x2><x3>1.3971E-02</x3><x4>1.4613E-03</x4><x5>5.9779E-04</x5><x6>7.7491E-05</x6><x7>4.5546E-04</x7><x8>8.9676E-05</x8><x9>2.5605E-04</x9><x10>2.8319E-05</x10><x11>1.2979E-04</x11></dataPoint>
        <dataPoint><x1>5.6095E-02</x1><x2>1.4225E-03</x2><x3>1.3683E-02</x3><x4>1.8819E-03</x4><x5>8.4133E-04</x5><x6>8.8561E-05</x6><x7>5.3333E-04</x7><x8>1.3451E-04</x8><x9>3.1976E-04</x9><x10>3.7758E-05</x10><x11>1.7817E-04</x11></dataPoint>
        <dataPoint><x1>7.7589E-02</x1><x2>1.0793E-03</x2><x3>1.3351E-02</x3><x4>2.4022E-03</x4><x5>1.1956E-03</x5><x6>9.9631E-05</x6><x7>5.8879E-04</x7><x8>1.9115E-04</x8><x9>3.4336E-04</x9><x10>4.9558E-05</x10><x11>2.1593E-04</x11></dataPoint>
        <dataPoint><x1>1.0220E-01</x1><x2>8.0812E-04</x2><x3>1.2974E-02</x3><x4>2.9447E-03</x4><x5>1.5720E-03</x5><x6>1.2177E-04</x6><x7>6.2301E-04</x7><x8>2.4661E-04</x8><x9>3.2448E-04</x9><x10>6.2537E-05</x10><x11>2.3009E-04</x11></dataPoint>
        <dataPoint><x1>1.2816E-01</x1><x2>5.9779E-04</x2><x3>1.2664E-02</x3><x4>3.4317E-03</x4><x5>1.9262E-03</x5><x6>1.4391E-04</x6><x7>6.4779E-04</x7><x8>3.0089E-04</x8><x9>2.9735E-04</x9><x10>7.0797E-05</x10><x11>2.3835E-04</x11></dataPoint>
        <dataPoint><x1>1.5438E-01</x1><x2>4.2620E-04</x2><x3>1.2399E-02</x3><x4>3.8524E-03</x4><x5>2.2583E-03</x5><x6>1.6605E-04</x6><x7>6.5723E-04</x7><x8>3.3746E-04</x8><x9>2.5133E-04</x9><x10>7.3156E-05</x10><x11>2.3127E-04</x11></dataPoint>
        <dataPoint><x1>1.8064E-01</x1><x2>3.0443E-04</x2><x3>1.2111E-02</x3><x4>4.2399E-03</x4><x5>2.5461E-03</x5><x6>1.8266E-04</x6><x7>6.6195E-04</x7><x8>3.6932E-04</x8><x9>2.0885E-04</x9><x10>7.3156E-05</x10><x11>2.1711E-04</x11></dataPoint>
        <dataPoint><x1>2.0680E-01</x1><x2>1.9926E-04</x2><x3>1.1867E-02</x3><x4>4.5387E-03</x4><x5>2.8340E-03</x5><x6>2.1587E-04</x6><x7>6.5015E-04</x7><x8>3.9056E-04</x8><x9>1.6401E-04</x9><x10>7.3156E-05</x10><x11>1.9705E-04</x11></dataPoint>
        <dataPoint><x1>2.3302E-01</x1><x2>1.1624E-04</x2><x3>1.1624E-02</x3><x4>4.9041E-03</x4><x5>3.0775E-03</x5><x6>2.4908E-04</x6><x7>6.3363E-04</x7><x8>4.1298E-04</x8><x9>1.2035E-04</x9><x10>6.8437E-05</x10><x11>1.7463E-04</x11></dataPoint>
        <dataPoint><x1>2.5918E-01</x1><x2>6.0886E-05</x2><x3>1.1447E-02</x3><x4>5.1698E-03</x4><x5>3.2768E-03</x5><x6>2.8229E-04</x6><x7>6.0767E-04</x7><x8>4.1888E-04</x8><x9>8.4956E-05</x9><x10>6.3717E-05</x10><x11>1.5221E-04</x11></dataPoint>
        <dataPoint><x1>2.8535E-01</x1><x2>2.2140E-05</x2><x3>1.1225E-02</x3><x4>5.4797E-03</x4><x5>3.4982E-03</x5><x6>3.1550E-04</x6><x7>5.8171E-04</x7><x8>4.2478E-04</x8><x9>5.6637E-05</x9><x10>5.4277E-05</x10><x11>1.3333E-04</x11></dataPoint>
        <dataPoint><x1>3.1176E-01</x1><x2>0.0000E+00</x2><x3>1.0982E-02</x3><x4>5.7676E-03</x4><x5>3.6753E-03</x5><x6>3.5424E-04</x6><x7>5.3923E-04</x7><x8>4.2124E-04</x8><x9>3.3038E-05</x9><x10>4.9558E-05</x10><x11>1.1327E-04</x11></dataPoint>
        <dataPoint><x1>3.3798E-01</x1><x2>0.0000E+00</x2><x3>1.0915E-02</x3><x4>5.8450E-03</x4><x5>3.7196E-03</x5><x6>3.8192E-04</x6><x7>5.1917E-04</x7><x8>4.1534E-04</x8><x9>2.7139E-05</x9><x10>4.4838E-05</x10><x11>1.0738E-04</x11></dataPoint>
        <dataPoint><x1>3.6409E-01</x1><x2>0.0000E+00</x2><x3>1.0716E-02</x3><x4>6.0775E-03</x4><x5>3.8524E-03</x5><x6>4.2620E-04</x6><x7>4.7552E-04</x7><x8>4.0472E-04</x8><x9>1.4159E-05</x9><x10>3.8938E-05</x10><x11>9.4395E-05</x11></dataPoint>
        <dataPoint><x1>3.9046E-01</x1><x2>0.0000E+00</x2><x3>1.0450E-02</x3><x4>6.3764E-03</x4><x5>4.0074E-03</x5><x6>4.9262E-04</x6><x7>4.2124E-04</x7><x8>3.9410E-04</x8><x9>3.5398E-06</x9><x10>3.3038E-05</x10><x11>8.1416E-05</x11></dataPoint>
        <dataPoint><x1>4.1657E-01</x1><x2>0.0000E+00</x2><x3>1.0162E-02</x3><x4>6.6642E-03</x4><x5>4.1624E-03</x5><x6>5.7011E-04</x6><x7>3.4336E-04</x7><x8>3.6814E-04</x8><x9>0.0000E+00</x9><x10>2.2419E-05</x10><x11>6.6077E-05</x11></dataPoint>
    </dataGroup>
    <timeshift target="C2H5OH" type="half decrease"/>
    <comment>The measurement uncertainties for the data reported here are: O2 - ±2%, CO - ±2%, CO2 - ±2%, C2H5OH - ±3%, H2O - ±6%, C2H4 - ±3%, CH4 - ±4%, CH3CHO - ±3%, CH2O - ±3%, C2H6 - ±4%, and C2H2 - ±3% of reading</comment>
</experiment>
