<experiment>
    <fileAuthor>Chemical Kinetics Laboratory, Institute of Chemistry, ELTE, Budapest, Hungary</fileAuthor>
    <fileDOI>10.24388/x50003004</fileDOI>
    <fileVersion>
        <major>2</major>
        <minor>0</minor>
    </fileVersion>
    <ReSpecThVersion>
        <major>2</major>
        <minor>3</minor>
    </ReSpecThVersion>
    <firstPublicationDate>2015-10-11</firstPublicationDate>
    <lastModificationDate>2020-11-13</lastModificationDate>
    <bibliographyLink>
        <description>J. Kiecherer, C. Baensch, T. Bentz, M. Olzmann, Proc. Combust. Inst., 35, 2015, 465-472.</description>
        <referenceDOI>10.1016/j.proci.2014.05.086</referenceDOI>
        <location>Main Article + Personal Communication Channel with author, 1242 K series</location>
        <details>
            <author>Kiecherer, Johannes and B{\"{a}}nsch, Cornelie and Bentz, Tobias and Olzmann, Matthias</author>
            <journal>Proc Combust Inst</journal>
            <number>1</number>
            <pages>465--472</pages>
            <title>Pyrolysis of ethanol: A shock-tube/TOF-MS and modeling study</title>
            <volume>35</volume>
            <year>2015</year>
        </details>
    </bibliographyLink>
    <experimentType>concentration time profile measurement</experimentType>
    <apparatus>
        <kind>shock tube</kind>
    </apparatus>
    <commonProperties>
        <property name="initial composition"           sourcetype="reported"  >
            <component><speciesLink preferredKey="Ne"      CAS="7440-01-9"  InChI="1S/Ne"                        SMILES="[Ne]"  chemName="neon"    /><amount units="mol/cm3" >1.20E-05</amount></component>
            <component><speciesLink preferredKey="C2H5OH"  CAS="64-17-5"    InChI="1S/C2H6O/c1-2-3/h3H,2H2,1H3"  SMILES="CCO"   chemName="ethanol" /><amount units="mol/cm3" >1.80E-07</amount></component>
            <component><speciesLink preferredKey="Kr"      CAS="7439-90-9"  InChI="1S/Kr"                        SMILES="[Kr]"  chemName="krypton" /><amount units="mol/cm3" >1.80E-07</amount></component>
        </property>
        <property name="temperature"                   label="T"  sourcetype="reported"   units="K"             ><value>1240</value></property>
        <property name="pressure"                      label="P"  sourcetype="reported"   units="bar"           ><value>1.20</value></property>
        <property name="evaluated standard deviation"  sourcetype="estimated"  units="mole fraction"  reference="composition"  kind="absolute"  method="statistical scatter" >
            <speciesLink preferredKey="H2O"     CAS="7732-18-5"  InChI="1S/H2O/h1H2"                  SMILES="O"     chemName="water"        />
            <value>0.00655</value>
        </property>
        <property name="evaluated standard deviation"  sourcetype="estimated"  units="mole fraction"  reference="composition"  kind="absolute"  method="statistical scatter" >
            <speciesLink preferredKey="CH4"     CAS="74-82-8"    InChI="1S/CH4/h1H4"                  SMILES="C"     chemName="methane"      />
            <value>0.00443</value>
        </property>
        <property name="evaluated standard deviation"  sourcetype="estimated"  units="mole fraction"  reference="composition"  kind="absolute"  method="statistical scatter" >
            <speciesLink preferredKey="CH3CHO"  CAS="75-07-0"    InChI="1S/C2H4O/c1-2-3/h2H,1H3"      SMILES="CC=O"  chemName="acetaldehyde" />
            <value>0.004</value>
        </property>
        <property name="evaluated standard deviation"  sourcetype="estimated"  units="mole fraction"  reference="composition"  kind="absolute"  method="statistical scatter" >
            <speciesLink preferredKey="C2Hn"    CAS=""           InChI=""                             SMILES=""      chemName=""             />
            <value>0.0067</value>
        </property>
        <property name="evaluated standard deviation"  sourcetype="estimated"  units="mole fraction"  reference="composition"  kind="absolute"  method="statistical scatter" >
            <speciesLink preferredKey="C2H5OH"  CAS="64-17-5"    InChI="1S/C2H6O/c1-2-3/h3H,2H2,1H3"  SMILES="CCO"   chemName="ethanol"      />
            <value>0.0245</value>
        </property>
    </commonProperties>
    <dataGroup id="dg1">
        <property name="time"           id="x1"   label="t"         sourcetype="reported"  units="s"       />
        <property name="concentration"  id="x2"   label="[H2O]"     sourcetype="reported"  units="mol/cm3" >
            <speciesLink preferredKey="H2O"     CAS="7732-18-5"  InChI="1S/H2O/h1H2"                  SMILES="O"     chemName="water"        />
        </property>
        <property name="concentration"  id="x3"   label="[CH4]"     sourcetype="reported"  units="mol/cm3" >
            <speciesLink preferredKey="CH4"     CAS="74-82-8"    InChI="1S/CH4/h1H4"                  SMILES="C"     chemName="methane"      />
        </property>
        <property name="concentration"  id="x4"   label="[CH3CHO]"  sourcetype="reported"  units="mol/cm3" >
            <speciesLink preferredKey="CH3CHO"  CAS="75-07-0"    InChI="1S/C2H4O/c1-2-3/h2H,1H3"      SMILES="CC=O"  chemName="acetaldehyde" />
        </property>
        <property name="concentration"  id="x5"   label="[C2Hn]"    sourcetype="reported"  units="mol/cm3" >
            <speciesLink preferredKey="C2H2"    CAS="74-86-2"    InChI="1S/C2H2/c1-2/h1-2H"           SMILES="C#C"   chemName="acetylene"    />
            <speciesLink preferredKey="C2H4"    CAS="74-85-1"    InChI="1S/C2H4/c1-2/h1-2H2"          SMILES="C=C"   chemName="ethene"       />
            <speciesLink preferredKey="C2H6"    CAS="74-84-0"    InChI="1S/C2H6/c1-2/h1-2H3"          SMILES="CC"    chemName="ethane"       />
        </property>
        <property name="concentration"  id="x6"   label="[C2H5OH]"  sourcetype="reported"  units="mol/cm3" >
            <speciesLink preferredKey="C2H5OH"  CAS="64-17-5"    InChI="1S/C2H6O/c1-2-3/h3H,2H2,1H3"  SMILES="CCO"   chemName="ethanol"      />
        </property>

        <dataPoint><x1>0.000008</x1><x2>0.00000E+00</x2><x3>5.88109E-09</x3><x4>0.00000E+00</x4><x5>1.64833E-08</x5><x6>1.82362E-07</x6></dataPoint>
        <dataPoint><x1>0.000024</x1><x2>1.34330E-08</x2><x3>1.57682E-08</x3><x4>0.00000E+00</x4><x5>4.00555E-08</x5><x6>3.08141E-07</x6></dataPoint>
        <dataPoint><x1>0.000032</x1><x2>0.00000E+00</x2><x3>0.00000E+00</x3><x4>0.00000E+00</x4><x5>3.25017E-08</x5><x6>2.57911E-07</x6></dataPoint>
        <dataPoint><x1>0.000048</x1><x2>0.00000E+00</x2><x3>0.00000E+00</x3><x4>0.00000E+00</x4><x5>3.26840E-08</x5><x6>1.94282E-07</x6></dataPoint>
        <dataPoint><x1>0.000064</x1><x2>0.00000E+00</x2><x3>2.18390E-08</x3><x4>0.00000E+00</x4><x5>1.75116E-08</x5><x6>1.55605E-07</x6></dataPoint>
        <dataPoint><x1>0.000072</x1><x2>0.00000E+00</x2><x3>1.00246E-08</x3><x4>0.00000E+00</x4><x5>8.02096E-09</x5><x6>1.73960E-07</x6></dataPoint>
        <dataPoint><x1>0.000080</x1><x2>0.00000E+00</x2><x3>4.68333E-09</x3><x4>0.00000E+00</x4><x5>0.00000E+00</x5><x6>2.42869E-07</x6></dataPoint>
        <dataPoint><x1>0.000088</x1><x2>0.00000E+00</x2><x3>6.04952E-09</x3><x4>0.00000E+00</x4><x5>8.78390E-09</x5><x6>1.51137E-07</x6></dataPoint>
        <dataPoint><x1>0.000096</x1><x2>0.00000E+00</x2><x3>3.38127E-09</x3><x4>8.16693E-09</x4><x5>1.58347E-08</x5><x6>1.12695E-07</x6></dataPoint>
        <dataPoint><x1>0.000112</x1><x2>0.00000E+00</x2><x3>1.00384E-08</x3><x4>3.78854E-09</x4><x5>7.63708E-09</x5><x6>1.40011E-07</x6></dataPoint>
        <dataPoint><x1>0.000120</x1><x2>0.00000E+00</x2><x3>7.29513E-09</x3><x4>9.39417E-09</x4><x5>1.49909E-08</x5><x6>1.96911E-07</x6></dataPoint>
        <dataPoint><x1>0.000128</x1><x2>0.00000E+00</x2><x3>4.16009E-09</x3><x4>5.03716E-09</x4><x5>1.71749E-08</x5><x6>1.63502E-07</x6></dataPoint>
        <dataPoint><x1>0.000136</x1><x2>1.29419E-08</x2><x3>3.22964E-09</x3><x4>0.00000E+00</x4><x5>1.63031E-08</x5><x6>1.37878E-07</x6></dataPoint>
        <dataPoint><x1>0.000144</x1><x2>1.47223E-08</x2><x3>4.83679E-09</x3><x4>4.48519E-09</x4><x5>1.28979E-08</x5><x6>8.70388E-08</x6></dataPoint>
        <dataPoint><x1>0.000152</x1><x2>1.27864E-08</x2><x3>5.61423E-09</x3><x4>7.20302E-09</x4><x5>1.15300E-08</x5><x6>1.25574E-07</x6></dataPoint>
        <dataPoint><x1>0.000160</x1><x2>9.89353E-09</x2><x3>8.15517E-09</x3><x4>1.82586E-08</x4><x5>1.97020E-08</x5><x6>2.54973E-07</x6></dataPoint>
        <dataPoint><x1>0.000168</x1><x2>0.00000E+00</x2><x3>0.00000E+00</x3><x4>5.53254E-09</x4><x5>1.98625E-08</x5><x6>1.42949E-07</x6></dataPoint>
        <dataPoint><x1>0.000176</x1><x2>1.81301E-08</x2><x3>0.00000E+00</x3><x4>2.14893E-08</x4><x5>9.64227E-09</x5><x6>1.51928E-07</x6></dataPoint>
        <dataPoint><x1>0.000192</x1><x2>8.29487E-09</x2><x3>7.98063E-09</x3><x4>6.82828E-09</x4><x5>3.53121E-08</x5><x6>1.81958E-07</x6></dataPoint>
        <dataPoint><x1>0.000200</x1><x2>0.00000E+00</x2><x3>8.61085E-09</x3><x4>1.38524E-08</x4><x5>2.33586E-08</x5><x6>2.26923E-07</x6></dataPoint>
        <dataPoint><x1>0.000208</x1><x2>9.77649E-09</x2><x3>9.23750E-09</x3><x4>1.30831E-08</x4><x5>1.74884E-08</x5><x6>2.04275E-07</x6></dataPoint>
        <dataPoint><x1>0.000216</x1><x2>0.00000E+00</x2><x3>7.15138E-09</x3><x4>1.13521E-08</x4><x5>1.73776E-08</x5><x6>1.52889E-07</x6></dataPoint>
        <dataPoint><x1>0.000224</x1><x2>5.02399E-09</x2><x3>7.30912E-09</x3><x4>1.09942E-08</x4><x5>2.81249E-08</x5><x6>1.38974E-07</x6></dataPoint>
        <dataPoint><x1>0.000232</x1><x2>2.38750E-08</x2><x3>9.68934E-09</x3><x4>2.03878E-08</x4><x5>3.43759E-08</x5><x6>1.88442E-07</x6></dataPoint>
        <dataPoint><x1>0.000240</x1><x2>3.35956E-08</x2><x3>0.00000E+00</x3><x4>1.70927E-08</x4><x5>4.72588E-08</x5><x6>1.99960E-07</x6></dataPoint>
        <dataPoint><x1>0.000248</x1><x2>1.84490E-08</x2><x3>3.35604E-09</x3><x4>6.80626E-09</x4><x5>1.85389E-08</x5><x6>1.87738E-07</x6></dataPoint>
        <dataPoint><x1>0.000256</x1><x2>1.44655E-08</x2><x3>3.92437E-09</x3><x4>4.20220E-09</x4><x5>1.38114E-08</x5><x6>1.37138E-07</x6></dataPoint>
        <dataPoint><x1>0.000264</x1><x2>0.00000E+00</x2><x3>5.16928E-09</x3><x4>8.57191E-09</x4><x5>2.23035E-08</x5><x6>1.37717E-07</x6></dataPoint>
        <dataPoint><x1>0.000272</x1><x2>1.14275E-08</x2><x3>1.03481E-08</x3><x4>1.40880E-08</x4><x5>2.73601E-08</x5><x6>1.61840E-07</x6></dataPoint>
        <dataPoint><x1>0.000280</x1><x2>2.02674E-08</x2><x3>1.27738E-08</x3><x4>1.02627E-08</x4><x5>2.37459E-08</x5><x6>1.23873E-07</x6></dataPoint>
        <dataPoint><x1>0.000288</x1><x2>1.83015E-08</x2><x3>1.72558E-08</x3><x4>1.78890E-08</x4><x5>3.35637E-08</x5><x6>2.07835E-07</x6></dataPoint>
        <dataPoint><x1>0.000296</x1><x2>1.80751E-08</x2><x3>4.91559E-09</x3><x4>8.87455E-09</x4><x5>3.26945E-08</x5><x6>1.60400E-07</x6></dataPoint>
        <dataPoint><x1>0.000304</x1><x2>2.04497E-08</x2><x3>1.17018E-08</x3><x4>6.52581E-09</x4><x5>1.47884E-08</x5><x6>1.37586E-07</x6></dataPoint>
        <dataPoint><x1>0.000312</x1><x2>2.11044E-08</x2><x3>2.38077E-08</x3><x4>8.35811E-09</x4><x5>2.14812E-08</x5><x6>1.42594E-07</x6></dataPoint>
        <dataPoint><x1>0.000320</x1><x2>1.46670E-08</x2><x3>5.03497E-09</x3><x4>1.59963E-08</x4><x5>3.57890E-08</x5><x6>1.70612E-07</x6></dataPoint>
        <dataPoint><x1>0.000328</x1><x2>3.04428E-08</x2><x3>4.43753E-09</x3><x4>1.40780E-08</x4><x5>1.33169E-08</x5><x6>1.15112E-07</x6></dataPoint>
        <dataPoint><x1>0.000336</x1><x2>1.08911E-08</x2><x3>6.01357E-09</x3><x4>7.60740E-09</x4><x5>1.93425E-08</x5><x6>1.35615E-07</x6></dataPoint>
        <dataPoint><x1>0.000344</x1><x2>8.46418E-09</x2><x3>5.10254E-09</x3><x4>6.83916E-09</x4><x5>2.39787E-08</x5><x6>1.00676E-07</x6></dataPoint>
        <dataPoint><x1>0.000352</x1><x2>1.18028E-08</x2><x3>8.52038E-09</x3><x4>1.07051E-08</x4><x5>2.96934E-08</x5><x6>1.33351E-07</x6></dataPoint>
        <dataPoint><x1>0.000360</x1><x2>1.46812E-08</x2><x3>6.72431E-09</x3><x4>1.66394E-08</x4><x5>1.22675E-08</x5><x6>1.20397E-07</x6></dataPoint>
        <dataPoint><x1>0.000368</x1><x2>2.15247E-08</x2><x3>7.03206E-09</x3><x4>9.89348E-09</x4><x5>2.25698E-08</x5><x6>1.76974E-07</x6></dataPoint>
        <dataPoint><x1>0.000376</x1><x2>1.73279E-08</x2><x3>1.30215E-08</x3><x4>1.64712E-08</x4><x5>2.59037E-08</x5><x6>1.40425E-07</x6></dataPoint>
        <dataPoint><x1>0.000384</x1><x2>2.25720E-08</x2><x3>1.26814E-08</x3><x4>1.05681E-08</x4><x5>1.77000E-08</x5><x6>1.08762E-07</x6></dataPoint>
        <dataPoint><x1>0.000392</x1><x2>1.70696E-08</x2><x3>7.97553E-09</x3><x4>9.63709E-09</x4><x5>1.44144E-08</x5><x6>1.39749E-07</x6></dataPoint>
        <dataPoint><x1>0.000400</x1><x2>1.41742E-08</x2><x3>4.32445E-09</x3><x4>1.56913E-08</x4><x5>1.87575E-08</x5><x6>1.45530E-07</x6></dataPoint>
        <dataPoint><x1>0.000408</x1><x2>1.33835E-08</x2><x3>0.00000E+00</x3><x4>1.35362E-08</x4><x5>1.88656E-08</x5><x6>9.39028E-08</x6></dataPoint>
        <dataPoint><x1>0.000416</x1><x2>9.24900E-09</x2><x3>1.05206E-08</x3><x4>1.65969E-08</x4><x5>2.13552E-08</x5><x6>1.42667E-07</x6></dataPoint>
        <dataPoint><x1>0.000424</x1><x2>2.84033E-08</x2><x3>9.46077E-09</x3><x4>2.54042E-08</x4><x5>1.88456E-08</x5><x6>1.62652E-07</x6></dataPoint>
        <dataPoint><x1>0.000432</x1><x2>1.84558E-08</x2><x3>1.21248E-08</x3><x4>1.41811E-08</x4><x5>2.14811E-08</x5><x6>1.30488E-07</x6></dataPoint>
        <dataPoint><x1>0.000440</x1><x2>1.19083E-08</x2><x3>2.76039E-09</x3><x4>1.54014E-08</x4><x5>1.78280E-08</x5><x6>1.38009E-07</x6></dataPoint>
        <dataPoint><x1>0.000448</x1><x2>2.18375E-08</x2><x3>1.14010E-08</x3><x4>1.54919E-08</x4><x5>3.19495E-08</x5><x6>1.41636E-07</x6></dataPoint>
        <dataPoint><x1>0.000456</x1><x2>1.09220E-08</x2><x3>8.41555E-09</x3><x4>1.53304E-08</x4><x5>2.67753E-08</x5><x6>1.27196E-07</x6></dataPoint>
        <dataPoint><x1>0.000464</x1><x2>2.77947E-08</x2><x3>9.14617E-09</x3><x4>1.06597E-08</x4><x5>3.58358E-08</x5><x6>1.15603E-07</x6></dataPoint>
        <dataPoint><x1>0.000472</x1><x2>2.02708E-08</x2><x3>8.22192E-09</x3><x4>2.24051E-08</x4><x5>2.80686E-08</x5><x6>1.33186E-07</x6></dataPoint>
        <dataPoint><x1>0.000480</x1><x2>1.67120E-08</x2><x3>6.14867E-09</x3><x4>1.19572E-08</x4><x5>3.25699E-08</x5><x6>1.37739E-07</x6></dataPoint>
        <dataPoint><x1>0.000488</x1><x2>1.40568E-08</x2><x3>6.21098E-09</x3><x4>9.91997E-09</x4><x5>2.03176E-08</x5><x6>1.30594E-07</x6></dataPoint>
        <dataPoint><x1>0.000496</x1><x2>1.04228E-08</x2><x3>6.60458E-09</x3><x4>1.06893E-08</x4><x5>1.76710E-08</x5><x6>1.17148E-07</x6></dataPoint>
        <dataPoint><x1>0.000504</x1><x2>1.29534E-08</x2><x3>4.08591E-09</x3><x4>1.56910E-08</x4><x5>2.04577E-08</x5><x6>1.06885E-07</x6></dataPoint>
        <dataPoint><x1>0.000512</x1><x2>2.18537E-08</x2><x3>9.50093E-09</x3><x4>1.64053E-08</x4><x5>2.87519E-08</x5><x6>1.14470E-07</x6></dataPoint>
        <dataPoint><x1>0.000520</x1><x2>1.89323E-08</x2><x3>2.61317E-09</x3><x4>1.14186E-08</x4><x5>3.00487E-08</x5><x6>1.24675E-07</x6></dataPoint>
        <dataPoint><x1>0.000544</x1><x2>1.91869E-08</x2><x3>4.57841E-09</x3><x4>1.01339E-08</x4><x5>2.30839E-08</x5><x6>1.32799E-07</x6></dataPoint>
        <dataPoint><x1>0.000552</x1><x2>2.36206E-08</x2><x3>7.95833E-09</x3><x4>1.54957E-08</x4><x5>3.20195E-08</x5><x6>1.38154E-07</x6></dataPoint>
        <dataPoint><x1>0.000560</x1><x2>1.05928E-08</x2><x3>0.00000E+00</x3><x4>1.32812E-08</x4><x5>2.14045E-08</x5><x6>1.21019E-07</x6></dataPoint>
        <dataPoint><x1>0.000568</x1><x2>1.39827E-08</x2><x3>7.91946E-09</x3><x4>6.71792E-09</x4><x5>2.32529E-08</x5><x6>1.05395E-07</x6></dataPoint>
        <dataPoint><x1>0.000576</x1><x2>1.48464E-08</x2><x3>5.01033E-09</x3><x4>1.35798E-08</x4><x5>3.17294E-08</x5><x6>8.60446E-08</x6></dataPoint>
        <dataPoint><x1>0.000584</x1><x2>1.47478E-08</x2><x3>1.23699E-08</x3><x4>9.39399E-09</x4><x5>2.30104E-08</x5><x6>1.17966E-07</x6></dataPoint>
        <dataPoint><x1>0.000592</x1><x2>1.77818E-08</x2><x3>6.98382E-09</x3><x4>1.59574E-08</x4><x5>2.14426E-08</x5><x6>9.96560E-08</x6></dataPoint>
        <dataPoint><x1>0.000600</x1><x2>7.52069E-09</x2><x3>8.15820E-09</x3><x4>1.25141E-08</x4><x5>2.12562E-08</x5><x6>1.28065E-07</x6></dataPoint>
        <dataPoint><x1>0.000608</x1><x2>2.34464E-08</x2><x3>1.39568E-08</x3><x4>2.16209E-08</x4><x5>2.86737E-08</x5><x6>1.53002E-07</x6></dataPoint>
        <dataPoint><x1>0.000616</x1><x2>2.23407E-08</x2><x3>1.17983E-08</x3><x4>1.06678E-08</x4><x5>3.62132E-08</x5><x6>1.22911E-07</x6></dataPoint>
        <dataPoint><x1>0.000632</x1><x2>1.35079E-08</x2><x3>6.98195E-09</x3><x4>1.64122E-08</x4><x5>3.30396E-08</x5><x6>1.25221E-07</x6></dataPoint>
        <dataPoint><x1>0.000640</x1><x2>1.03163E-08</x2><x3>1.53157E-08</x3><x4>2.02652E-08</x4><x5>3.44368E-08</x5><x6>1.30385E-07</x6></dataPoint>
        <dataPoint><x1>0.000648</x1><x2>1.72352E-08</x2><x3>6.10835E-09</x3><x4>1.24466E-08</x4><x5>2.05580E-08</x5><x6>9.97357E-08</x6></dataPoint>
        <dataPoint><x1>0.000656</x1><x2>1.82736E-08</x2><x3>1.95848E-08</x3><x4>1.34543E-08</x4><x5>4.62560E-08</x5><x6>1.58772E-07</x6></dataPoint>
        <dataPoint><x1>0.000664</x1><x2>1.25670E-08</x2><x3>3.52849E-09</x3><x4>7.20732E-09</x4><x5>2.30839E-08</x5><x6>1.18234E-07</x6></dataPoint>
        <dataPoint><x1>0.000672</x1><x2>2.43159E-08</x2><x3>6.04185E-09</x3><x4>1.14605E-08</x4><x5>2.81209E-08</x5><x6>1.32025E-07</x6></dataPoint>
        <dataPoint><x1>0.000680</x1><x2>1.75276E-08</x2><x3>4.07269E-09</x3><x4>1.42140E-08</x4><x5>1.80929E-08</x5><x6>8.21274E-08</x6></dataPoint>
        <dataPoint><x1>0.000688</x1><x2>1.38565E-08</x2><x3>1.17562E-08</x3><x4>1.89550E-08</x4><x5>2.14884E-08</x5><x6>1.12232E-07</x6></dataPoint>
        <dataPoint><x1>0.000696</x1><x2>1.45899E-08</x2><x3>1.06477E-08</x3><x4>1.23398E-08</x4><x5>3.52573E-08</x5><x6>1.12650E-07</x6></dataPoint>
        <dataPoint><x1>0.000704</x1><x2>3.65062E-08</x2><x3>2.58480E-08</x3><x4>1.27472E-08</x4><x5>2.43949E-08</x5><x6>1.32365E-07</x6></dataPoint>
        <dataPoint><x1>0.000712</x1><x2>1.71981E-08</x2><x3>5.07910E-09</x3><x4>1.19328E-08</x4><x5>2.44812E-08</x5><x6>9.01900E-08</x6></dataPoint>
        <dataPoint><x1>0.000720</x1><x2>2.17729E-08</x2><x3>8.07267E-09</x3><x4>1.51985E-08</x4><x5>2.19936E-08</x5><x6>1.09466E-07</x6></dataPoint>
        <dataPoint><x1>0.000728</x1><x2>1.54691E-08</x2><x3>2.79176E-09</x3><x4>1.54911E-08</x4><x5>2.09312E-08</x5><x6>1.29233E-07</x6></dataPoint>
        <dataPoint><x1>0.000736</x1><x2>9.05929E-09</x2><x3>3.26870E-09</x3><x4>1.09437E-08</x4><x5>1.92788E-08</x5><x6>1.34088E-07</x6></dataPoint>
        <dataPoint><x1>0.000744</x1><x2>1.79195E-08</x2><x3>1.66825E-08</x3><x4>1.74932E-08</x4><x5>2.34660E-08</x5><x6>1.16604E-07</x6></dataPoint>
        <dataPoint><x1>0.000752</x1><x2>1.67456E-08</x2><x3>5.99627E-09</x3><x4>8.00894E-09</x4><x5>2.08597E-08</x5><x6>8.94333E-08</x6></dataPoint>
        <dataPoint><x1>0.000760</x1><x2>1.10258E-08</x2><x3>6.61676E-09</x3><x4>1.35451E-08</x4><x5>2.96906E-08</x5><x6>1.54754E-07</x6></dataPoint>
        <dataPoint><x1>0.000768</x1><x2>2.46428E-08</x2><x3>7.53624E-09</x3><x4>1.42807E-08</x4><x5>2.89928E-08</x5><x6>1.16791E-07</x6></dataPoint>
        <dataPoint><x1>0.000784</x1><x2>1.45863E-08</x2><x3>5.54796E-09</x3><x4>1.49580E-08</x4><x5>2.82168E-08</x5><x6>1.11444E-07</x6></dataPoint>
        <dataPoint><x1>0.000792</x1><x2>1.89824E-08</x2><x3>4.88300E-09</x3><x4>1.44009E-08</x4><x5>3.02004E-08</x5><x6>1.10371E-07</x6></dataPoint>
        <dataPoint><x1>0.000800</x1><x2>2.13124E-08</x2><x3>1.49983E-08</x3><x4>1.24892E-08</x4><x5>3.69158E-08</x5><x6>1.28796E-07</x6></dataPoint>
        <dataPoint><x1>0.000808</x1><x2>2.31251E-08</x2><x3>9.02610E-09</x3><x4>1.44895E-08</x4><x5>2.52221E-08</x5><x6>1.20556E-07</x6></dataPoint>
        <dataPoint><x1>0.000816</x1><x2>2.99412E-08</x2><x3>1.31370E-08</x3><x4>1.11307E-08</x4><x5>2.99290E-08</x5><x6>1.15835E-07</x6></dataPoint>
        <dataPoint><x1>0.000824</x1><x2>3.18540E-08</x2><x3>7.28999E-09</x3><x4>2.06097E-08</x4><x5>2.35495E-08</x5><x6>1.31320E-07</x6></dataPoint>
        <dataPoint><x1>0.000832</x1><x2>1.83484E-08</x2><x3>1.23559E-08</x3><x4>1.19442E-08</x4><x5>3.37108E-08</x5><x6>9.79876E-08</x6></dataPoint>
        <dataPoint><x1>0.000840</x1><x2>2.36629E-08</x2><x3>9.68685E-09</x3><x4>1.97518E-08</x4><x5>3.20738E-08</x5><x6>1.20644E-07</x6></dataPoint>
        <dataPoint><x1>0.000848</x1><x2>2.07072E-08</x2><x3>1.27177E-08</x3><x4>1.35332E-08</x4><x5>2.61525E-08</x5><x6>8.81254E-08</x6></dataPoint>
        <dataPoint><x1>0.000856</x1><x2>2.53809E-08</x2><x3>1.01484E-08</x3><x4>1.78488E-08</x4><x5>3.51383E-08</x5><x6>1.33119E-07</x6></dataPoint>
        <dataPoint><x1>0.000872</x1><x2>1.38645E-08</x2><x3>8.35409E-09</x3><x4>1.55050E-08</x4><x5>2.33560E-08</x5><x6>9.99507E-08</x6></dataPoint>
        <dataPoint><x1>0.000880</x1><x2>2.09140E-08</x2><x3>9.22162E-09</x3><x4>1.27431E-08</x4><x5>2.06857E-08</x5><x6>1.11446E-07</x6></dataPoint>
        <dataPoint><x1>0.000888</x1><x2>3.80202E-08</x2><x3>1.10931E-08</x3><x4>1.66840E-08</x4><x5>3.14846E-08</x5><x6>1.46310E-07</x6></dataPoint>
        <dataPoint><x1>0.000896</x1><x2>1.90945E-08</x2><x3>8.53798E-09</x3><x4>1.18989E-08</x4><x5>2.94059E-08</x5><x6>1.07981E-07</x6></dataPoint>
        <dataPoint><x1>0.000904</x1><x2>2.00228E-08</x2><x3>1.56530E-08</x3><x4>1.56370E-08</x4><x5>2.94344E-08</x5><x6>9.84461E-08</x6></dataPoint>
        <dataPoint><x1>0.000920</x1><x2>3.41942E-08</x2><x3>1.65645E-08</x3><x4>2.29163E-08</x4><x5>2.95860E-08</x5><x6>1.11117E-07</x6></dataPoint>
        <dataPoint><x1>0.000928</x1><x2>2.82962E-08</x2><x3>1.36583E-08</x3><x4>1.39858E-08</x4><x5>2.83866E-08</x5><x6>1.25831E-07</x6></dataPoint>
        <dataPoint><x1>0.000952</x1><x2>2.23250E-08</x2><x3>1.74428E-08</x3><x4>1.97807E-08</x4><x5>3.04740E-08</x5><x6>1.22771E-07</x6></dataPoint>
        <dataPoint><x1>0.000976</x1><x2>2.17309E-08</x2><x3>1.44158E-08</x3><x4>1.37652E-08</x4><x5>3.12920E-08</x5><x6>1.25077E-07</x6></dataPoint>
        <dataPoint><x1>0.000984</x1><x2>2.72798E-08</x2><x3>1.22806E-08</x3><x4>1.70429E-08</x4><x5>3.70441E-08</x5><x6>1.06712E-07</x6></dataPoint>
        <dataPoint><x1>0.000992</x1><x2>2.61953E-08</x2><x3>1.31381E-08</x3><x4>2.83962E-08</x4><x5>3.65160E-08</x5><x6>1.17672E-07</x6></dataPoint>
        <dataPoint><x1>0.001000</x1><x2>1.87060E-08</x2><x3>1.36906E-08</x3><x4>1.68425E-08</x4><x5>2.12362E-08</x5><x6>1.15944E-07</x6></dataPoint>
        <dataPoint><x1>0.001008</x1><x2>1.94337E-08</x2><x3>1.19858E-08</x3><x4>2.00472E-08</x4><x5>3.13360E-08</x5><x6>1.11153E-07</x6></dataPoint>
        <dataPoint><x1>0.001016</x1><x2>2.69342E-08</x2><x3>1.02847E-08</x3><x4>1.66372E-08</x4><x5>3.76405E-08</x5><x6>1.35239E-07</x6></dataPoint>
        <dataPoint><x1>0.001024</x1><x2>4.14737E-08</x2><x3>1.44516E-08</x3><x4>1.10050E-08</x4><x5>3.19045E-08</x5><x6>9.38386E-08</x6></dataPoint>
        <dataPoint><x1>0.001032</x1><x2>2.73391E-08</x2><x3>1.68651E-08</x3><x4>1.36250E-08</x4><x5>3.60918E-08</x5><x6>1.15450E-07</x6></dataPoint>
        <dataPoint><x1>0.001040</x1><x2>2.18242E-08</x2><x3>1.36086E-08</x3><x4>2.00093E-08</x4><x5>2.38835E-08</x5><x6>1.02913E-07</x6></dataPoint>
        <dataPoint><x1>0.001048</x1><x2>2.37446E-08</x2><x3>1.60824E-08</x3><x4>1.14358E-08</x4><x5>2.20043E-08</x5><x6>9.79648E-08</x6></dataPoint>
        <dataPoint><x1>0.001056</x1><x2>2.65470E-08</x2><x3>1.26602E-08</x3><x4>1.51416E-08</x4><x5>2.80540E-08</x5><x6>1.20264E-07</x6></dataPoint>
        <dataPoint><x1>0.001064</x1><x2>1.89360E-08</x2><x3>9.30175E-09</x3><x4>1.96523E-08</x4><x5>3.39058E-08</x5><x6>9.33850E-08</x6></dataPoint>
        <dataPoint><x1>0.001072</x1><x2>2.52647E-08</x2><x3>1.81847E-08</x3><x4>1.79721E-08</x4><x5>3.68296E-08</x5><x6>1.19032E-07</x6></dataPoint>
        <dataPoint><x1>0.001080</x1><x2>3.64083E-08</x2><x3>1.58589E-08</x3><x4>1.98771E-08</x4><x5>2.71713E-08</x5><x6>1.28911E-07</x6></dataPoint>
        <dataPoint><x1>0.001096</x1><x2>2.81918E-08</x2><x3>1.94729E-08</x3><x4>2.27075E-08</x4><x5>4.43275E-08</x5><x6>1.34112E-07</x6></dataPoint>
        <dataPoint><x1>0.001104</x1><x2>2.73929E-08</x2><x3>1.23888E-08</x3><x4>1.63580E-08</x4><x5>3.03121E-08</x5><x6>1.27962E-07</x6></dataPoint>
        <dataPoint><x1>0.001112</x1><x2>3.65122E-08</x2><x3>1.00981E-08</x3><x4>1.81174E-08</x4><x5>3.18395E-08</x5><x6>1.34208E-07</x6></dataPoint>
        <dataPoint><x1>0.001120</x1><x2>2.83570E-08</x2><x3>8.65733E-09</x3><x4>1.85323E-08</x4><x5>2.85277E-08</x5><x6>1.04625E-07</x6></dataPoint>
        <dataPoint><x1>0.001128</x1><x2>3.39789E-08</x2><x3>1.01752E-08</x3><x4>1.72350E-08</x4><x5>2.64771E-08</x5><x6>1.19546E-07</x6></dataPoint>
        <dataPoint><x1>0.001136</x1><x2>1.94403E-08</x2><x3>6.62471E-09</x3><x4>1.21187E-08</x4><x5>2.37056E-08</x5><x6>9.52768E-08</x6></dataPoint>
        <dataPoint><x1>0.001144</x1><x2>2.39886E-08</x2><x3>1.61810E-08</x3><x4>1.64065E-08</x4><x5>3.43046E-08</x5><x6>9.76455E-08</x6></dataPoint>
        <dataPoint><x1>0.001152</x1><x2>2.85955E-08</x2><x3>1.32223E-08</x3><x4>2.50333E-08</x4><x5>2.94022E-08</x5><x6>9.84847E-08</x6></dataPoint>
        <dataPoint><x1>0.001160</x1><x2>3.61396E-08</x2><x3>1.38689E-08</x3><x4>1.99518E-08</x4><x5>3.10884E-08</x5><x6>1.21245E-07</x6></dataPoint>
        <dataPoint><x1>0.001168</x1><x2>2.37638E-08</x2><x3>1.58021E-08</x3><x4>1.63509E-08</x4><x5>2.25500E-08</x5><x6>8.76417E-08</x6></dataPoint>
        <dataPoint><x1>0.001176</x1><x2>2.01952E-08</x2><x3>1.15835E-08</x3><x4>1.54878E-08</x4><x5>2.60173E-08</x5><x6>1.01059E-07</x6></dataPoint>
        <dataPoint><x1>0.001184</x1><x2>4.08358E-08</x2><x3>1.13434E-08</x3><x4>1.80129E-08</x4><x5>4.22714E-08</x5><x6>1.15891E-07</x6></dataPoint>
        <dataPoint><x1>0.001192</x1><x2>3.12996E-08</x2><x3>1.48869E-08</x3><x4>2.04685E-08</x4><x5>4.21234E-08</x5><x6>1.16846E-07</x6></dataPoint>
        <dataPoint><x1>0.001200</x1><x2>2.64500E-08</x2><x3>1.70346E-08</x3><x4>1.77558E-08</x4><x5>2.73592E-08</x5><x6>7.87383E-08</x6></dataPoint>
        <dataPoint><x1>0.001208</x1><x2>2.05807E-08</x2><x3>1.72576E-08</x3><x4>1.72260E-08</x4><x5>3.17121E-08</x5><x6>1.17377E-07</x6></dataPoint>
        <dataPoint><x1>0.001224</x1><x2>2.46061E-08</x2><x3>1.01590E-08</x3><x4>1.61489E-08</x4><x5>3.17923E-08</x5><x6>7.97029E-08</x6></dataPoint>
        <dataPoint><x1>0.001240</x1><x2>3.05104E-08</x2><x3>1.39230E-08</x3><x4>1.45052E-08</x4><x5>2.82012E-08</x5><x6>7.72557E-08</x6></dataPoint>
        <dataPoint><x1>0.001248</x1><x2>3.16189E-08</x2><x3>1.85331E-08</x3><x4>2.02403E-08</x4><x5>3.32248E-08</x5><x6>1.18490E-07</x6></dataPoint>
        <dataPoint><x1>0.001256</x1><x2>1.96354E-08</x2><x3>7.12348E-09</x3><x4>1.54384E-08</x4><x5>2.74158E-08</x5><x6>7.72915E-08</x6></dataPoint>
        <dataPoint><x1>0.001264</x1><x2>1.88205E-08</x2><x3>1.02266E-08</x3><x4>1.57493E-08</x4><x5>3.83251E-08</x5><x6>1.09904E-07</x6></dataPoint>
        <dataPoint><x1>0.001280</x1><x2>2.72225E-08</x2><x3>1.23438E-08</x3><x4>1.35460E-08</x4><x5>2.72808E-08</x5><x6>9.02248E-08</x6></dataPoint>
        <dataPoint><x1>0.001296</x1><x2>3.09306E-08</x2><x3>1.55431E-08</x3><x4>1.48255E-08</x4><x5>2.92241E-08</x5><x6>8.80282E-08</x6></dataPoint>
        <dataPoint><x1>0.001304</x1><x2>3.57773E-08</x2><x3>1.61717E-08</x3><x4>1.29578E-08</x4><x5>2.73155E-08</x5><x6>1.10974E-07</x6></dataPoint>
        <dataPoint><x1>0.001312</x1><x2>2.96235E-08</x2><x3>1.20626E-08</x3><x4>2.43363E-08</x4><x5>3.26333E-08</x5><x6>1.14502E-07</x6></dataPoint>
        <dataPoint><x1>0.001320</x1><x2>2.28707E-08</x2><x3>1.72027E-08</x3><x4>1.72866E-08</x4><x5>3.12186E-08</x5><x6>1.14252E-07</x6></dataPoint>
        <dataPoint><x1>0.001328</x1><x2>4.10440E-08</x2><x3>2.41710E-08</x3><x4>1.70187E-08</x4><x5>4.10329E-08</x5><x6>1.35388E-07</x6></dataPoint>
        <dataPoint><x1>0.001336</x1><x2>2.95922E-08</x2><x3>1.64393E-08</x3><x4>2.07219E-08</x4><x5>3.48001E-08</x5><x6>1.01641E-07</x6></dataPoint>
        <dataPoint><x1>0.001344</x1><x2>3.17502E-08</x2><x3>1.65039E-08</x3><x4>1.72487E-08</x4><x5>3.45925E-08</x5><x6>1.04592E-07</x6></dataPoint>
        <dataPoint><x1>0.001352</x1><x2>2.86764E-08</x2><x3>1.60239E-08</x3><x4>1.45590E-08</x4><x5>3.91111E-08</x5><x6>8.44322E-08</x6></dataPoint>
        <dataPoint><x1>0.001360</x1><x2>2.02482E-08</x2><x3>1.22558E-08</x3><x4>1.38376E-08</x4><x5>2.50079E-08</x5><x6>9.33901E-08</x6></dataPoint>
        <dataPoint><x1>0.001376</x1><x2>3.03230E-08</x2><x3>2.37008E-08</x3><x4>2.23114E-08</x4><x5>3.47652E-08</x5><x6>1.09654E-07</x6></dataPoint>
        <dataPoint><x1>0.001384</x1><x2>4.20383E-08</x2><x3>1.21692E-08</x3><x4>1.67916E-08</x4><x5>3.30401E-08</x5><x6>8.85190E-08</x6></dataPoint>
        <dataPoint><x1>0.001400</x1><x2>2.59092E-08</x2><x3>9.80267E-09</x3><x4>1.59889E-08</x4><x5>3.10123E-08</x5><x6>9.66168E-08</x6></dataPoint>
        <dataPoint><x1>0.001408</x1><x2>3.01598E-08</x2><x3>2.00612E-08</x3><x4>1.61835E-08</x4><x5>3.68917E-08</x5><x6>1.03617E-07</x6></dataPoint>
        <dataPoint><x1>0.001416</x1><x2>2.58172E-08</x2><x3>1.46243E-08</x3><x4>1.54219E-08</x4><x5>3.20524E-08</x5><x6>1.02784E-07</x6></dataPoint>
        <dataPoint><x1>0.001424</x1><x2>2.15050E-08</x2><x3>1.75584E-08</x3><x4>1.50076E-08</x4><x5>2.96042E-08</x5><x6>9.44416E-08</x6></dataPoint>
        <dataPoint><x1>0.001440</x1><x2>2.72105E-08</x2><x3>1.72095E-08</x3><x4>1.58057E-08</x4><x5>3.07169E-08</x5><x6>9.21156E-08</x6></dataPoint>
        <dataPoint><x1>0.001448</x1><x2>2.88151E-08</x2><x3>1.46475E-08</x3><x4>2.05772E-08</x4><x5>2.96365E-08</x5><x6>7.88523E-08</x6></dataPoint>
        <dataPoint><x1>0.001456</x1><x2>2.76799E-08</x2><x3>1.86664E-08</x3><x4>1.14672E-08</x4><x5>3.36443E-08</x5><x6>9.43115E-08</x6></dataPoint>
        <dataPoint><x1>0.001464</x1><x2>2.96352E-08</x2><x3>1.40192E-08</x3><x4>1.62632E-08</x4><x5>3.24341E-08</x5><x6>9.16151E-08</x6></dataPoint>
        <dataPoint><x1>0.001472</x1><x2>2.46987E-08</x2><x3>2.05580E-08</x3><x4>2.17762E-08</x4><x5>2.83495E-08</x5><x6>9.54948E-08</x6></dataPoint>
    </dataGroup>
</experiment>
