<experiment>
    <fileAuthor>Chemical Kinetics Laboratory, Institute of Chemistry, ELTE, Budapest, Hungary</fileAuthor>
    <fileDOI>10.24388/x50003010</fileDOI>
    <fileVersion>
        <major>2</major>
        <minor>0</minor>
    </fileVersion>
    <ReSpecThVersion>
        <major>2</major>
        <minor>3</minor>
    </ReSpecThVersion>
    <firstPublicationDate>2015-10-11</firstPublicationDate>
    <lastModificationDate>2020-11-13</lastModificationDate>
    <bibliographyLink>
        <description>J. Kiecherer, C. Baensch, T. Bentz, M. Olzmann, Proc. Combust. Inst., 35, 2015, 465-472.</description>
        <referenceDOI>10.1016/j.proci.2014.05.086</referenceDOI>
        <location>Main Article + Personal Communication Channel with author, 1420 K series</location>
        <details>
            <author>Kiecherer, Johannes and B{\"{a}}nsch, Cornelie and Bentz, Tobias and Olzmann, Matthias</author>
            <journal>Proc Combust Inst</journal>
            <number>1</number>
            <pages>465--472</pages>
            <title>Pyrolysis of ethanol: A shock-tube/TOF-MS and modeling study</title>
            <volume>35</volume>
            <year>2015</year>
        </details>
    </bibliographyLink>
    <experimentType>concentration time profile measurement</experimentType>
    <apparatus>
        <kind>shock tube</kind>
    </apparatus>
    <commonProperties>
        <property name="initial composition"           sourcetype="reported"  >
            <component><speciesLink preferredKey="Ne"      CAS="7440-01-9"  InChI="1S/Ne"                        SMILES="[Ne]"  chemName="neon"    /><amount units="mol/cm3" >9.40E-06</amount></component>
            <component><speciesLink preferredKey="C2H5OH"  CAS="64-17-5"    InChI="1S/C2H6O/c1-2-3/h3H,2H2,1H3"  SMILES="CCO"   chemName="ethanol" /><amount units="mol/cm3" >1.50E-07</amount></component>
            <component><speciesLink preferredKey="Kr"      CAS="7439-90-9"  InChI="1S/Kr"                        SMILES="[Kr]"  chemName="krypton" /><amount units="mol/cm3" >9.70E-08</amount></component>
        </property>
        <property name="temperature"                   label="T"  sourcetype="reported"   units="K"             ><value>1420</value></property>
        <property name="pressure"                      label="P"  sourcetype="reported"   units="bar"           ><value>1.10</value></property>
        <property name="evaluated standard deviation"  sourcetype="estimated"  units="mole fraction"  reference="composition"  kind="absolute"  method="statistical scatter" >
            <speciesLink preferredKey="H2O"     CAS="7732-18-5"  InChI="1S/H2O/h1H2"                  SMILES="O"     chemName="water"        />
            <value>0.00965</value>
        </property>
        <property name="evaluated standard deviation"  sourcetype="estimated"  units="mole fraction"  reference="composition"  kind="absolute"  method="statistical scatter" >
            <speciesLink preferredKey="CH4"     CAS="74-82-8"    InChI="1S/CH4/h1H4"                  SMILES="C"     chemName="methane"      />
            <value>0.00557</value>
        </property>
        <property name="evaluated standard deviation"  sourcetype="estimated"  units="mole fraction"  reference="composition"  kind="absolute"  method="statistical scatter" >
            <speciesLink preferredKey="CH3CHO"  CAS="75-07-0"    InChI="1S/C2H4O/c1-2-3/h2H,1H3"      SMILES="CC=O"  chemName="acetaldehyde" />
            <value>0.00283</value>
        </property>
        <property name="evaluated standard deviation"  sourcetype="estimated"  units="mole fraction"  reference="composition"  kind="absolute"  method="statistical scatter" >
            <speciesLink preferredKey="C2Hn"    CAS=""           InChI=""                             SMILES=""      chemName=""             />
            <value>0.00862</value>
        </property>
        <property name="evaluated standard deviation"  sourcetype="estimated"  units="mole fraction"  reference="composition"  kind="absolute"  method="statistical scatter" >
            <speciesLink preferredKey="C2H5OH"  CAS="64-17-5"    InChI="1S/C2H6O/c1-2-3/h3H,2H2,1H3"  SMILES="CCO"   chemName="ethanol"      />
            <value>0.0107</value>
        </property>
    </commonProperties>
    <dataGroup id="dg1">
        <property name="time"           id="x1"   label="t"         sourcetype="reported"  units="s"       />
        <property name="concentration"  id="x2"   label="[H2O]"     sourcetype="reported"  units="mol/cm3" >
            <speciesLink preferredKey="H2O"     CAS="7732-18-5"  InChI="1S/H2O/h1H2"                  SMILES="O"     chemName="water"        />
        </property>
        <property name="concentration"  id="x3"   label="[CH4]"     sourcetype="reported"  units="mol/cm3" >
            <speciesLink preferredKey="CH4"     CAS="74-82-8"    InChI="1S/CH4/h1H4"                  SMILES="C"     chemName="methane"      />
        </property>
        <property name="concentration"  id="x4"   label="[CH3CHO]"  sourcetype="reported"  units="mol/cm3" >
            <speciesLink preferredKey="CH3CHO"  CAS="75-07-0"    InChI="1S/C2H4O/c1-2-3/h2H,1H3"      SMILES="CC=O"  chemName="acetaldehyde" />
        </property>
        <property name="concentration"  id="x5"   label="[C2Hn]"    sourcetype="reported"  units="mol/cm3" >
            <speciesLink preferredKey="C2H2"    CAS="74-86-2"    InChI="1S/C2H2/c1-2/h1-2H"           SMILES="C#C"   chemName="acetylene"    />
            <speciesLink preferredKey="C2H4"    CAS="74-85-1"    InChI="1S/C2H4/c1-2/h1-2H2"          SMILES="C=C"   chemName="ethene"       />
            <speciesLink preferredKey="C2H6"    CAS="74-84-0"    InChI="1S/C2H6/c1-2/h1-2H3"          SMILES="CC"    chemName="ethane"       />
        </property>
        <property name="concentration"  id="x6"   label="[C2H5OH]"  sourcetype="reported"  units="mol/cm3" >
            <speciesLink preferredKey="C2H5OH"  CAS="64-17-5"    InChI="1S/C2H6O/c1-2-3/h3H,2H2,1H3"  SMILES="CCO"   chemName="ethanol"      />
        </property>

        <dataPoint><x1>0.000000</x1><x2>0.00000E+00</x2><x3>0.00000E+00</x3><x4>3.11193E-09</x4><x5>0.00000E+00</x5><x6>1.95893E-07</x6></dataPoint>
        <dataPoint><x1>0.000008</x1><x2>0.00000E+00</x2><x3>0.00000E+00</x3><x4>4.95540E-09</x4><x5>0.00000E+00</x5><x6>1.19408E-07</x6></dataPoint>
        <dataPoint><x1>0.000016</x1><x2>1.10954E-08</x2><x3>0.00000E+00</x3><x4>0.00000E+00</x4><x5>1.33753E-08</x5><x6>2.05463E-07</x6></dataPoint>
        <dataPoint><x1>0.000024</x1><x2>1.57173E-08</x2><x3>0.00000E+00</x3><x4>2.15551E-08</x4><x5>0.00000E+00</x5><x6>2.31809E-07</x6></dataPoint>
        <dataPoint><x1>0.000032</x1><x2>0.00000E+00</x2><x3>0.00000E+00</x3><x4>8.25048E-09</x4><x5>2.23739E-08</x5><x6>1.08341E-07</x6></dataPoint>
        <dataPoint><x1>0.000040</x1><x2>1.91329E-08</x2><x3>6.00528E-09</x3><x4>1.56704E-08</x4><x5>2.55082E-08</x5><x6>1.09272E-07</x6></dataPoint>
        <dataPoint><x1>0.000048</x1><x2>1.64472E-08</x2><x3>8.69701E-09</x3><x4>1.44337E-08</x4><x5>1.32534E-08</x5><x6>1.14477E-07</x6></dataPoint>
        <dataPoint><x1>0.000056</x1><x2>2.99868E-08</x2><x3>3.14302E-09</x3><x4>8.75345E-09</x4><x5>2.28204E-08</x5><x6>9.14664E-08</x6></dataPoint>
        <dataPoint><x1>0.000064</x1><x2>2.51982E-08</x2><x3>3.56924E-09</x3><x4>8.91234E-09</x4><x5>4.44203E-08</x5><x6>1.18588E-07</x6></dataPoint>
        <dataPoint><x1>0.000072</x1><x2>3.70112E-08</x2><x3>1.15579E-08</x3><x4>2.76065E-08</x4><x5>3.14747E-08</x5><x6>1.24388E-07</x6></dataPoint>
        <dataPoint><x1>0.000080</x1><x2>1.46365E-08</x2><x3>6.67968E-09</x3><x4>1.42798E-08</x4><x5>3.15469E-08</x5><x6>6.70024E-08</x6></dataPoint>
        <dataPoint><x1>0.000088</x1><x2>1.96820E-08</x2><x3>8.66760E-09</x3><x4>1.26983E-08</x4><x5>2.19407E-08</x5><x6>4.92374E-08</x6></dataPoint>
        <dataPoint><x1>0.000096</x1><x2>2.15368E-08</x2><x3>1.51664E-08</x3><x4>1.61954E-08</x4><x5>6.58805E-08</x5><x6>8.05401E-08</x6></dataPoint>
        <dataPoint><x1>0.000104</x1><x2>2.99587E-08</x2><x3>6.24770E-09</x3><x4>9.74191E-09</x4><x5>3.14669E-08</x5><x6>5.19400E-08</x6></dataPoint>
        <dataPoint><x1>0.000112</x1><x2>2.56964E-08</x2><x3>1.28097E-08</x3><x4>1.06250E-08</x4><x5>3.65770E-08</x5><x6>5.45439E-08</x6></dataPoint>
        <dataPoint><x1>0.000120</x1><x2>3.44087E-08</x2><x3>8.02655E-09</x3><x4>1.43591E-08</x4><x5>4.33377E-08</x5><x6>4.23457E-08</x6></dataPoint>
        <dataPoint><x1>0.000128</x1><x2>2.74938E-08</x2><x3>1.99742E-08</x3><x4>1.36645E-08</x4><x5>4.15149E-08</x5><x6>6.11012E-08</x6></dataPoint>
        <dataPoint><x1>0.000136</x1><x2>1.99485E-08</x2><x3>6.47772E-09</x3><x4>1.13157E-08</x4><x5>3.25607E-08</x5><x6>3.84131E-08</x6></dataPoint>
        <dataPoint><x1>0.000144</x1><x2>3.67452E-08</x2><x3>1.26625E-08</x3><x4>1.29302E-08</x4><x5>4.97593E-08</x5><x6>4.27860E-08</x6></dataPoint>
        <dataPoint><x1>0.000152</x1><x2>4.65811E-08</x2><x3>1.04794E-08</x3><x4>1.45259E-08</x4><x5>5.07238E-08</x5><x6>5.42367E-08</x6></dataPoint>
        <dataPoint><x1>0.000160</x1><x2>3.81242E-08</x2><x3>1.60434E-08</x3><x4>1.27408E-08</x4><x5>4.48768E-08</x5><x6>3.30284E-08</x6></dataPoint>
        <dataPoint><x1>0.000168</x1><x2>4.03339E-08</x2><x3>2.13444E-08</x3><x4>1.26406E-08</x4><x5>5.08406E-08</x5><x6>3.85206E-08</x6></dataPoint>
        <dataPoint><x1>0.000176</x1><x2>4.66060E-08</x2><x3>2.47068E-08</x3><x4>2.34399E-08</x4><x5>6.48451E-08</x5><x6>3.98428E-08</x6></dataPoint>
        <dataPoint><x1>0.000184</x1><x2>3.52665E-08</x2><x3>1.37832E-08</x3><x4>1.19217E-08</x4><x5>3.92440E-08</x5><x6>3.81642E-08</x6></dataPoint>
        <dataPoint><x1>0.000192</x1><x2>5.21802E-08</x2><x3>2.01604E-08</x3><x4>1.30132E-08</x4><x5>4.71473E-08</x5><x6>4.10987E-08</x6></dataPoint>
        <dataPoint><x1>0.000200</x1><x2>4.17449E-08</x2><x3>1.73797E-08</x3><x4>1.50945E-08</x4><x5>3.77278E-08</x5><x6>2.03268E-08</x6></dataPoint>
        <dataPoint><x1>0.000208</x1><x2>5.82504E-08</x2><x3>3.16040E-08</x3><x4>1.57759E-08</x4><x5>5.79185E-08</x5><x6>3.33319E-08</x6></dataPoint>
        <dataPoint><x1>0.000216</x1><x2>3.40362E-08</x2><x3>1.35750E-08</x3><x4>6.99102E-09</x4><x5>3.89516E-08</x5><x6>2.95008E-08</x6></dataPoint>
        <dataPoint><x1>0.000224</x1><x2>4.72948E-08</x2><x3>1.38464E-08</x3><x4>1.52140E-08</x4><x5>4.38899E-08</x5><x6>3.36669E-08</x6></dataPoint>
        <dataPoint><x1>0.000232</x1><x2>7.36750E-08</x2><x3>1.68237E-08</x3><x4>1.42441E-08</x4><x5>4.72516E-08</x5><x6>2.45152E-08</x6></dataPoint>
        <dataPoint><x1>0.000240</x1><x2>5.42885E-08</x2><x3>3.06585E-08</x3><x4>1.36697E-08</x4><x5>6.40794E-08</x5><x6>3.31062E-08</x6></dataPoint>
        <dataPoint><x1>0.000248</x1><x2>4.48371E-08</x2><x3>1.58147E-08</x3><x4>8.83435E-09</x4><x5>4.56800E-08</x5><x6>1.78306E-08</x6></dataPoint>
        <dataPoint><x1>0.000256</x1><x2>7.29961E-08</x2><x3>4.47237E-08</x3><x4>1.03209E-08</x4><x5>7.75573E-08</x5><x6>2.71482E-08</x6></dataPoint>
        <dataPoint><x1>0.000264</x1><x2>5.08116E-08</x2><x3>3.06544E-08</x3><x4>1.38640E-08</x4><x5>5.28113E-08</x5><x6>1.95455E-08</x6></dataPoint>
        <dataPoint><x1>0.000272</x1><x2>6.56166E-08</x2><x3>2.18640E-08</x3><x4>1.28529E-08</x4><x5>6.98663E-08</x5><x6>2.59862E-08</x6></dataPoint>
        <dataPoint><x1>0.000280</x1><x2>4.47439E-08</x2><x3>3.53749E-08</x3><x4>1.18211E-08</x4><x5>7.16310E-08</x5><x6>2.83179E-08</x6></dataPoint>
        <dataPoint><x1>0.000288</x1><x2>6.65422E-08</x2><x3>2.85710E-08</x3><x4>1.24696E-08</x4><x5>6.53695E-08</x5><x6>3.14473E-08</x6></dataPoint>
        <dataPoint><x1>0.000296</x1><x2>6.48428E-08</x2><x3>2.12614E-08</x3><x4>1.28678E-08</x4><x5>6.71135E-08</x5><x6>2.32099E-08</x6></dataPoint>
        <dataPoint><x1>0.000304</x1><x2>5.92016E-08</x2><x3>1.73368E-08</x3><x4>1.11383E-08</x4><x5>5.64969E-08</x5><x6>1.86106E-08</x6></dataPoint>
        <dataPoint><x1>0.000312</x1><x2>6.00153E-08</x2><x3>3.46096E-08</x3><x4>7.81499E-09</x4><x5>6.30179E-08</x5><x6>2.48811E-08</x6></dataPoint>
        <dataPoint><x1>0.000320</x1><x2>4.98771E-08</x2><x3>2.71802E-08</x3><x4>8.64630E-09</x4><x5>6.83494E-08</x5><x6>2.43887E-08</x6></dataPoint>
        <dataPoint><x1>0.000328</x1><x2>7.71674E-08</x2><x3>2.81965E-08</x3><x4>7.06750E-09</x4><x5>7.54271E-08</x5><x6>2.18545E-08</x6></dataPoint>
        <dataPoint><x1>0.000336</x1><x2>6.18850E-08</x2><x3>2.16448E-08</x3><x4>8.12471E-09</x4><x5>5.72152E-08</x5><x6>1.68469E-08</x6></dataPoint>
        <dataPoint><x1>0.000344</x1><x2>9.61787E-08</x2><x3>4.15932E-08</x3><x4>9.76726E-09</x4><x5>8.13217E-08</x5><x6>1.89959E-08</x6></dataPoint>
        <dataPoint><x1>0.000352</x1><x2>4.90718E-08</x2><x3>2.50115E-08</x3><x4>5.27719E-09</x4><x5>4.84528E-08</x5><x6>2.60878E-08</x6></dataPoint>
        <dataPoint><x1>0.000360</x1><x2>5.64850E-08</x2><x3>3.70861E-08</x3><x4>5.19741E-09</x4><x5>6.55037E-08</x5><x6>1.69413E-08</x6></dataPoint>
        <dataPoint><x1>0.000368</x1><x2>5.35859E-08</x2><x3>2.63629E-08</x3><x4>6.70658E-09</x4><x5>5.45476E-08</x5><x6>1.20113E-08</x6></dataPoint>
        <dataPoint><x1>0.000376</x1><x2>5.86537E-08</x2><x3>3.22668E-08</x3><x4>9.29302E-09</x4><x5>6.67192E-08</x5><x6>1.76031E-08</x6></dataPoint>
        <dataPoint><x1>0.000384</x1><x2>7.25955E-08</x2><x3>3.39114E-08</x3><x4>7.47427E-09</x4><x5>5.80759E-08</x5><x6>2.05350E-08</x6></dataPoint>
        <dataPoint><x1>0.000392</x1><x2>5.95718E-08</x2><x3>2.74701E-08</x3><x4>4.52219E-09</x4><x5>5.88591E-08</x5><x6>7.02693E-09</x6></dataPoint>
        <dataPoint><x1>0.000400</x1><x2>8.24347E-08</x2><x3>3.01034E-08</x3><x4>9.27706E-09</x4><x5>6.61986E-08</x5><x6>1.42515E-08</x6></dataPoint>
        <dataPoint><x1>0.000408</x1><x2>6.07399E-08</x2><x3>2.74080E-08</x3><x4>5.78606E-09</x4><x5>6.61348E-08</x5><x6>1.49997E-08</x6></dataPoint>
        <dataPoint><x1>0.000416</x1><x2>9.19651E-08</x2><x3>3.40664E-08</x3><x4>8.73813E-09</x4><x5>8.18491E-08</x5><x6>1.50705E-08</x6></dataPoint>
        <dataPoint><x1>0.000424</x1><x2>9.98441E-08</x2><x3>2.48028E-08</x3><x4>6.60259E-09</x4><x5>6.95890E-08</x5><x6>8.35035E-09</x6></dataPoint>
        <dataPoint><x1>0.000432</x1><x2>7.64770E-08</x2><x3>2.60455E-08</x3><x4>8.84669E-09</x4><x5>8.75854E-08</x5><x6>1.85151E-08</x6></dataPoint>
        <dataPoint><x1>0.000440</x1><x2>7.62911E-08</x2><x3>3.47191E-08</x3><x4>1.06302E-08</x4><x5>8.74315E-08</x5><x6>1.33740E-08</x6></dataPoint>
        <dataPoint><x1>0.000448</x1><x2>6.72619E-08</x2><x3>3.21300E-08</x3><x4>5.71285E-09</x4><x5>7.36118E-08</x5><x6>2.28299E-08</x6></dataPoint>
        <dataPoint><x1>0.000456</x1><x2>7.79483E-08</x2><x3>3.89000E-08</x3><x4>6.83991E-09</x4><x5>6.93790E-08</x5><x6>2.62914E-08</x6></dataPoint>
        <dataPoint><x1>0.000464</x1><x2>7.50247E-08</x2><x3>2.60421E-08</x3><x4>6.23966E-09</x4><x5>7.56289E-08</x5><x6>1.78995E-08</x6></dataPoint>
        <dataPoint><x1>0.000472</x1><x2>8.50088E-08</x2><x3>2.90083E-08</x3><x4>5.90063E-09</x4><x5>7.96145E-08</x5><x6>1.40385E-08</x6></dataPoint>
        <dataPoint><x1>0.000480</x1><x2>5.75568E-08</x2><x3>2.91322E-08</x3><x4>6.33286E-09</x4><x5>6.72220E-08</x5><x6>1.01391E-08</x6></dataPoint>
        <dataPoint><x1>0.000488</x1><x2>7.97003E-08</x2><x3>2.41436E-08</x3><x4>9.78383E-09</x4><x5>6.85709E-08</x5><x6>1.34140E-08</x6></dataPoint>
        <dataPoint><x1>0.000496</x1><x2>7.96039E-08</x2><x3>3.85759E-08</x3><x4>6.06952E-09</x4><x5>6.83111E-08</x5><x6>1.70295E-08</x6></dataPoint>
        <dataPoint><x1>0.000504</x1><x2>6.63248E-08</x2><x3>2.88293E-08</x3><x4>8.91653E-09</x4><x5>5.94567E-08</x5><x6>1.59055E-08</x6></dataPoint>
        <dataPoint><x1>0.000512</x1><x2>7.25491E-08</x2><x3>3.45273E-08</x3><x4>7.88322E-09</x4><x5>7.94160E-08</x5><x6>1.64222E-08</x6></dataPoint>
        <dataPoint><x1>0.000520</x1><x2>7.23227E-08</x2><x3>3.70371E-08</x3><x4>7.16336E-09</x4><x5>7.03088E-08</x5><x6>1.79621E-08</x6></dataPoint>
        <dataPoint><x1>0.000528</x1><x2>7.03921E-08</x2><x3>3.66464E-08</x3><x4>8.41363E-09</x4><x5>6.57980E-08</x5><x6>1.66022E-08</x6></dataPoint>
        <dataPoint><x1>0.000536</x1><x2>8.07360E-08</x2><x3>3.28070E-08</x3><x4>6.96168E-09</x4><x5>7.24299E-08</x5><x6>1.44112E-08</x6></dataPoint>
        <dataPoint><x1>0.000544</x1><x2>5.26070E-08</x2><x3>3.13213E-08</x3><x4>6.47637E-09</x4><x5>6.30592E-08</x5><x6>1.28401E-08</x6></dataPoint>
        <dataPoint><x1>0.000552</x1><x2>7.90449E-08</x2><x3>3.09978E-08</x3><x4>1.05531E-08</x4><x5>7.83443E-08</x5><x6>1.94852E-08</x6></dataPoint>
        <dataPoint><x1>0.000560</x1><x2>9.01744E-08</x2><x3>3.05743E-08</x3><x4>1.13161E-08</x4><x5>8.25479E-08</x5><x6>2.41515E-08</x6></dataPoint>
        <dataPoint><x1>0.000568</x1><x2>8.55862E-08</x2><x3>2.93017E-08</x3><x4>7.04772E-09</x4><x5>7.19427E-08</x5><x6>1.63680E-08</x6></dataPoint>
        <dataPoint><x1>0.000576</x1><x2>7.13644E-08</x2><x3>2.99424E-08</x3><x4>9.20745E-09</x4><x5>8.44667E-08</x5><x6>1.99206E-08</x6></dataPoint>
        <dataPoint><x1>0.000584</x1><x2>7.73919E-08</x2><x3>4.04332E-08</x3><x4>9.34818E-09</x4><x5>8.52469E-08</x5><x6>1.77857E-08</x6></dataPoint>
        <dataPoint><x1>0.000592</x1><x2>6.29906E-08</x2><x3>4.60925E-08</x3><x4>6.88627E-09</x4><x5>8.30438E-08</x5><x6>2.60475E-08</x6></dataPoint>
        <dataPoint><x1>0.000600</x1><x2>8.66530E-08</x2><x3>3.22435E-08</x3><x4>9.34673E-09</x4><x5>7.89052E-08</x5><x6>1.25100E-08</x6></dataPoint>
        <dataPoint><x1>0.000608</x1><x2>8.94100E-08</x2><x3>3.47039E-08</x3><x4>6.60929E-09</x4><x5>7.63265E-08</x5><x6>2.02265E-08</x6></dataPoint>
        <dataPoint><x1>0.000616</x1><x2>8.03011E-08</x2><x3>3.37550E-08</x3><x4>1.32696E-08</x4><x5>8.04161E-08</x5><x6>2.21688E-08</x6></dataPoint>
        <dataPoint><x1>0.000624</x1><x2>7.63938E-08</x2><x3>4.06098E-08</x3><x4>6.17620E-09</x4><x5>8.95904E-08</x5><x6>2.14028E-08</x6></dataPoint>
        <dataPoint><x1>0.000632</x1><x2>6.86855E-08</x2><x3>3.28989E-08</x3><x4>6.15372E-09</x4><x5>8.07399E-08</x5><x6>2.23454E-08</x6></dataPoint>
        <dataPoint><x1>0.000640</x1><x2>7.30543E-08</x2><x3>2.63988E-08</x3><x4>6.40477E-09</x4><x5>6.91913E-08</x5><x6>1.11837E-08</x6></dataPoint>
        <dataPoint><x1>0.000648</x1><x2>6.25726E-08</x2><x3>3.20460E-08</x3><x4>5.35877E-09</x4><x5>6.53813E-08</x5><x6>1.53618E-08</x6></dataPoint>
        <dataPoint><x1>0.000656</x1><x2>8.26669E-08</x2><x3>3.51900E-08</x3><x4>9.61784E-09</x4><x5>7.65556E-08</x5><x6>1.57299E-08</x6></dataPoint>
        <dataPoint><x1>0.000664</x1><x2>6.60687E-08</x2><x3>3.53723E-08</x3><x4>1.04142E-08</x4><x5>7.70098E-08</x5><x6>1.79112E-08</x6></dataPoint>
        <dataPoint><x1>0.000672</x1><x2>8.64436E-08</x2><x3>4.12916E-08</x3><x4>1.17102E-08</x4><x5>8.47396E-08</x5><x6>1.36828E-08</x6></dataPoint>
        <dataPoint><x1>0.000680</x1><x2>6.08002E-08</x2><x3>3.14296E-08</x3><x4>5.29917E-09</x4><x5>7.33864E-08</x5><x6>1.24410E-08</x6></dataPoint>
        <dataPoint><x1>0.000688</x1><x2>8.18620E-08</x2><x3>3.94897E-08</x3><x4>9.06890E-09</x4><x5>9.55037E-08</x5><x6>1.96224E-08</x6></dataPoint>
        <dataPoint><x1>0.000696</x1><x2>7.05256E-08</x2><x3>3.39586E-08</x3><x4>8.44116E-09</x4><x5>7.36223E-08</x5><x6>2.05850E-08</x6></dataPoint>
        <dataPoint><x1>0.000704</x1><x2>7.53984E-08</x2><x3>4.16376E-08</x3><x4>9.00753E-09</x4><x5>7.40885E-08</x5><x6>1.78625E-08</x6></dataPoint>
        <dataPoint><x1>0.000712</x1><x2>7.72025E-08</x2><x3>3.93642E-08</x3><x4>1.22816E-08</x4><x5>8.82158E-08</x5><x6>1.23077E-08</x6></dataPoint>
        <dataPoint><x1>0.000720</x1><x2>7.81111E-08</x2><x3>3.36210E-08</x3><x4>6.59320E-09</x4><x5>7.51100E-08</x5><x6>1.61554E-08</x6></dataPoint>
        <dataPoint><x1>0.000728</x1><x2>7.17341E-08</x2><x3>3.10453E-08</x3><x4>8.19802E-09</x4><x5>8.30174E-08</x5><x6>1.72881E-08</x6></dataPoint>
        <dataPoint><x1>0.000736</x1><x2>8.48749E-08</x2><x3>2.84906E-08</x3><x4>7.08477E-09</x4><x5>8.10876E-08</x5><x6>1.66793E-08</x6></dataPoint>
        <dataPoint><x1>0.000744</x1><x2>7.51056E-08</x2><x3>2.64447E-08</x3><x4>6.44856E-09</x4><x5>6.80437E-08</x5><x6>1.56709E-08</x6></dataPoint>
        <dataPoint><x1>0.000752</x1><x2>5.26722E-08</x2><x3>2.48707E-08</x3><x4>3.73981E-09</x4><x5>6.47701E-08</x5><x6>8.34757E-09</x6></dataPoint>
        <dataPoint><x1>0.000760</x1><x2>7.80182E-08</x2><x3>4.19648E-08</x3><x4>1.29154E-08</x4><x5>7.72824E-08</x5><x6>1.11357E-08</x6></dataPoint>
        <dataPoint><x1>0.000768</x1><x2>6.97437E-08</x2><x3>3.01004E-08</x3><x4>8.63673E-09</x4><x5>7.64254E-08</x5><x6>2.01927E-08</x6></dataPoint>
        <dataPoint><x1>0.000776</x1><x2>6.83974E-08</x2><x3>2.68524E-08</x3><x4>7.29338E-09</x4><x5>6.42045E-08</x5><x6>1.28016E-08</x6></dataPoint>
        <dataPoint><x1>0.000784</x1><x2>8.39809E-08</x2><x3>3.30824E-08</x3><x4>7.17727E-09</x4><x5>9.28812E-08</x5><x6>1.62863E-08</x6></dataPoint>
        <dataPoint><x1>0.000792</x1><x2>8.04008E-08</x2><x3>3.65999E-08</x3><x4>4.27848E-09</x4><x5>8.25011E-08</x5><x6>1.87112E-08</x6></dataPoint>
        <dataPoint><x1>0.000800</x1><x2>7.24899E-08</x2><x3>2.53582E-08</x3><x4>6.08124E-09</x4><x5>6.99074E-08</x5><x6>1.29011E-08</x6></dataPoint>
        <dataPoint><x1>0.000808</x1><x2>6.90577E-08</x2><x3>3.10238E-08</x3><x4>5.68262E-09</x4><x5>8.32175E-08</x5><x6>1.13108E-08</x6></dataPoint>
        <dataPoint><x1>0.000816</x1><x2>8.10266E-08</x2><x3>3.35154E-08</x3><x4>6.51386E-09</x4><x5>7.56259E-08</x5><x6>1.29900E-08</x6></dataPoint>
        <dataPoint><x1>0.000824</x1><x2>7.85184E-08</x2><x3>2.89116E-08</x3><x4>6.65779E-09</x4><x5>6.98043E-08</x5><x6>8.08353E-09</x6></dataPoint>
        <dataPoint><x1>0.000832</x1><x2>6.30245E-08</x2><x3>2.94631E-08</x3><x4>5.20904E-09</x4><x5>6.46574E-08</x5><x6>1.53733E-08</x6></dataPoint>
        <dataPoint><x1>0.000840</x1><x2>9.03773E-08</x2><x3>3.53806E-08</x3><x4>7.54147E-09</x4><x5>7.89922E-08</x5><x6>1.75197E-08</x6></dataPoint>
        <dataPoint><x1>0.000848</x1><x2>6.90260E-08</x2><x3>2.96179E-08</x3><x4>4.09461E-09</x4><x5>8.01223E-08</x5><x6>1.17108E-08</x6></dataPoint>
        <dataPoint><x1>0.000856</x1><x2>7.44819E-08</x2><x3>3.49106E-08</x3><x4>4.28867E-09</x4><x5>7.07606E-08</x5><x6>4.35600E-09</x6></dataPoint>
        <dataPoint><x1>0.000864</x1><x2>8.04185E-08</x2><x3>2.77862E-08</x3><x4>8.85461E-09</x4><x5>7.22672E-08</x5><x6>1.32602E-08</x6></dataPoint>
        <dataPoint><x1>0.000872</x1><x2>5.47541E-08</x2><x3>3.37273E-08</x3><x4>3.81459E-09</x4><x5>6.87492E-08</x5><x6>1.13932E-08</x6></dataPoint>
        <dataPoint><x1>0.000880</x1><x2>6.43117E-08</x2><x3>3.30844E-08</x3><x4>6.32945E-09</x4><x5>7.58070E-08</x5><x6>1.12520E-08</x6></dataPoint>
        <dataPoint><x1>0.000888</x1><x2>8.47646E-08</x2><x3>3.96404E-08</x3><x4>5.52553E-09</x4><x5>7.99678E-08</x5><x6>6.71606E-09</x6></dataPoint>
        <dataPoint><x1>0.000896</x1><x2>7.43810E-08</x2><x3>3.77358E-08</x3><x4>6.86344E-09</x4><x5>7.68295E-08</x5><x6>4.92161E-09</x6></dataPoint>
        <dataPoint><x1>0.000904</x1><x2>7.54867E-08</x2><x3>2.76172E-08</x3><x4>6.65408E-09</x4><x5>7.83471E-08</x5><x6>1.00149E-08</x6></dataPoint>
        <dataPoint><x1>0.000912</x1><x2>5.85030E-08</x2><x3>2.30772E-08</x3><x4>5.14281E-09</x4><x5>6.07494E-08</x5><x6>8.43642E-09</x6></dataPoint>
        <dataPoint><x1>0.000920</x1><x2>6.04533E-08</x2><x3>2.51978E-08</x3><x4>4.72725E-09</x4><x5>6.64129E-08</x5><x6>8.41255E-09</x6></dataPoint>
        <dataPoint><x1>0.000928</x1><x2>9.71833E-08</x2><x3>3.89987E-08</x3><x4>8.05720E-09</x4><x5>8.87882E-08</x5><x6>1.62532E-08</x6></dataPoint>
        <dataPoint><x1>0.000936</x1><x2>6.82491E-08</x2><x3>4.07111E-08</x3><x4>5.66495E-09</x4><x5>8.43139E-08</x5><x6>9.59686E-09</x6></dataPoint>
        <dataPoint><x1>0.000944</x1><x2>6.45893E-08</x2><x3>3.40231E-08</x3><x4>4.40333E-09</x4><x5>6.76138E-08</x5><x6>1.39181E-08</x6></dataPoint>
        <dataPoint><x1>0.000952</x1><x2>6.09092E-08</x2><x3>2.84765E-08</x3><x4>3.65136E-09</x4><x5>6.67254E-08</x5><x6>1.17856E-08</x6></dataPoint>
        <dataPoint><x1>0.000960</x1><x2>7.18548E-08</x2><x3>3.74024E-08</x3><x4>5.60300E-09</x4><x5>6.90544E-08</x5><x6>1.38539E-08</x6></dataPoint>
        <dataPoint><x1>0.000968</x1><x2>7.37362E-08</x2><x3>3.68881E-08</x3><x4>6.51314E-09</x4><x5>8.71746E-08</x5><x6>1.35033E-08</x6></dataPoint>
        <dataPoint><x1>0.000976</x1><x2>7.18210E-08</x2><x3>4.21068E-08</x3><x4>7.26506E-09</x4><x5>8.84372E-08</x5><x6>1.05071E-08</x6></dataPoint>
        <dataPoint><x1>0.000984</x1><x2>8.73869E-08</x2><x3>4.28650E-08</x3><x4>7.49102E-09</x4><x5>8.28677E-08</x5><x6>1.16359E-08</x6></dataPoint>
        <dataPoint><x1>0.000992</x1><x2>7.72886E-08</x2><x3>4.53565E-08</x3><x4>4.37001E-09</x4><x5>7.23310E-08</x5><x6>1.30447E-08</x6></dataPoint>
        <dataPoint><x1>0.001000</x1><x2>7.01745E-08</x2><x3>3.17102E-08</x3><x4>6.84273E-09</x4><x5>8.27796E-08</x5><x6>1.54099E-08</x6></dataPoint>
        <dataPoint><x1>0.001008</x1><x2>9.49951E-08</x2><x3>4.30602E-08</x3><x4>5.28693E-09</x4><x5>8.83572E-08</x5><x6>1.18413E-08</x6></dataPoint>
        <dataPoint><x1>0.001016</x1><x2>6.96167E-08</x2><x3>3.71938E-08</x3><x4>5.64792E-09</x4><x5>7.66095E-08</x5><x6>8.05407E-09</x6></dataPoint>
        <dataPoint><x1>0.001024</x1><x2>7.69243E-08</x2><x3>3.60276E-08</x3><x4>7.68163E-09</x4><x5>9.14982E-08</x5><x6>1.35367E-08</x6></dataPoint>
        <dataPoint><x1>0.001032</x1><x2>7.01915E-08</x2><x3>3.50073E-08</x3><x4>7.00623E-09</x4><x5>8.08391E-08</x5><x6>1.71884E-08</x6></dataPoint>
        <dataPoint><x1>0.001040</x1><x2>5.89789E-08</x2><x3>2.60519E-08</x3><x4>3.44451E-09</x4><x5>6.87106E-08</x5><x6>7.56881E-09</x6></dataPoint>
        <dataPoint><x1>0.001048</x1><x2>7.52144E-08</x2><x3>3.21728E-08</x3><x4>6.41111E-09</x4><x5>7.82667E-08</x5><x6>7.27909E-09</x6></dataPoint>
        <dataPoint><x1>0.001056</x1><x2>8.02824E-08</x2><x3>3.17165E-08</x3><x4>5.79484E-09</x4><x5>7.86073E-08</x5><x6>7.83848E-09</x6></dataPoint>
        <dataPoint><x1>0.001064</x1><x2>7.28446E-08</x2><x3>2.96243E-08</x3><x4>3.92765E-09</x4><x5>6.92266E-08</x5><x6>7.22415E-09</x6></dataPoint>
        <dataPoint><x1>0.001072</x1><x2>8.29453E-08</x2><x3>4.02687E-08</x3><x4>6.03292E-09</x4><x5>7.27795E-08</x5><x6>1.31918E-08</x6></dataPoint>
        <dataPoint><x1>0.001080</x1><x2>6.36766E-08</x2><x3>3.15598E-08</x3><x4>3.98708E-09</x4><x5>7.20196E-08</x5><x6>7.78325E-09</x6></dataPoint>
        <dataPoint><x1>0.001088</x1><x2>8.38662E-08</x2><x3>3.88351E-08</x3><x4>2.33116E-09</x4><x5>7.29991E-08</x5><x6>9.36848E-09</x6></dataPoint>
        <dataPoint><x1>0.001096</x1><x2>6.92964E-08</x2><x3>3.33406E-08</x3><x4>4.09469E-09</x4><x5>6.69330E-08</x5><x6>6.88584E-09</x6></dataPoint>
        <dataPoint><x1>0.001104</x1><x2>6.31420E-08</x2><x3>3.29790E-08</x3><x4>4.18487E-09</x4><x5>7.30461E-08</x5><x6>9.48445E-09</x6></dataPoint>
        <dataPoint><x1>0.001112</x1><x2>6.69198E-08</x2><x3>3.55313E-08</x3><x4>2.79391E-09</x4><x5>7.51834E-08</x5><x6>8.01293E-09</x6></dataPoint>
        <dataPoint><x1>0.001120</x1><x2>7.35121E-08</x2><x3>2.89427E-08</x3><x4>7.30789E-09</x4><x5>7.62278E-08</x5><x6>1.06577E-08</x6></dataPoint>
        <dataPoint><x1>0.001128</x1><x2>7.57329E-08</x2><x3>2.79516E-08</x3><x4>3.79333E-09</x4><x5>7.50232E-08</x5><x6>7.45385E-09</x6></dataPoint>
        <dataPoint><x1>0.001136</x1><x2>6.79814E-08</x2><x3>4.21893E-08</x3><x4>3.66944E-09</x4><x5>7.89019E-08</x5><x6>6.86207E-09</x6></dataPoint>
        <dataPoint><x1>0.001144</x1><x2>8.41667E-08</x2><x3>3.61262E-08</x3><x4>3.71774E-09</x4><x5>8.89398E-08</x5><x6>8.94690E-09</x6></dataPoint>
        <dataPoint><x1>0.001152</x1><x2>7.99448E-08</x2><x3>3.49693E-08</x3><x4>7.52825E-09</x4><x5>7.11520E-08</x5><x6>1.18652E-08</x6></dataPoint>
        <dataPoint><x1>0.001160</x1><x2>6.15681E-08</x2><x3>2.66120E-08</x3><x4>3.28943E-09</x4><x5>6.48307E-08</x5><x6>6.24937E-09</x6></dataPoint>
        <dataPoint><x1>0.001168</x1><x2>5.95902E-08</x2><x3>2.00455E-08</x3><x4>3.58541E-09</x4><x5>7.20665E-08</x5><x6>9.26215E-09</x6></dataPoint>
        <dataPoint><x1>0.001176</x1><x2>8.29491E-08</x2><x3>3.72005E-08</x3><x4>3.13363E-09</x4><x5>8.53980E-08</x5><x6>7.93834E-09</x6></dataPoint>
        <dataPoint><x1>0.001184</x1><x2>7.49123E-08</x2><x3>3.78726E-08</x3><x4>5.80684E-09</x4><x5>7.34770E-08</x5><x6>1.11341E-08</x6></dataPoint>
        <dataPoint><x1>0.001192</x1><x2>7.96079E-08</x2><x3>2.87336E-08</x3><x4>3.65871E-09</x4><x5>8.79142E-08</x5><x6>1.13606E-08</x6></dataPoint>
        <dataPoint><x1>0.001200</x1><x2>8.00779E-08</x2><x3>4.61714E-08</x3><x4>5.81217E-09</x4><x5>8.56948E-08</x5><x6>5.14678E-09</x6></dataPoint>
        <dataPoint><x1>0.001208</x1><x2>7.65428E-08</x2><x3>3.70197E-08</x3><x4>1.98569E-09</x4><x5>7.51123E-08</x5><x6>1.05421E-08</x6></dataPoint>
        <dataPoint><x1>0.001216</x1><x2>8.27146E-08</x2><x3>2.76792E-08</x3><x4>4.97043E-09</x4><x5>8.15002E-08</x5><x6>8.20904E-09</x6></dataPoint>
        <dataPoint><x1>0.001224</x1><x2>6.56047E-08</x2><x3>3.25849E-08</x3><x4>5.24112E-09</x4><x5>6.65887E-08</x5><x6>8.25646E-09</x6></dataPoint>
        <dataPoint><x1>0.001232</x1><x2>7.08642E-08</x2><x3>3.36925E-08</x3><x4>3.27348E-09</x4><x5>7.52116E-08</x5><x6>5.07521E-09</x6></dataPoint>
        <dataPoint><x1>0.001240</x1><x2>7.90263E-08</x2><x3>4.24950E-08</x3><x4>5.22837E-09</x4><x5>8.07512E-08</x5><x6>8.74086E-09</x6></dataPoint>
        <dataPoint><x1>0.001248</x1><x2>8.10248E-08</x2><x3>3.49717E-08</x3><x4>3.72257E-09</x4><x5>6.71480E-08</x5><x6>1.03763E-08</x6></dataPoint>
        <dataPoint><x1>0.001256</x1><x2>7.99039E-08</x2><x3>3.33748E-08</x3><x4>1.22176E-09</x4><x5>7.89102E-08</x5><x6>1.23688E-08</x6></dataPoint>
        <dataPoint><x1>0.001264</x1><x2>7.38437E-08</x2><x3>3.67995E-08</x3><x4>3.95270E-09</x4><x5>7.34896E-08</x5><x6>5.04966E-09</x6></dataPoint>
        <dataPoint><x1>0.001272</x1><x2>8.65170E-08</x2><x3>3.52432E-08</x3><x4>4.45031E-09</x4><x5>8.88243E-08</x5><x6>9.55790E-09</x6></dataPoint>
        <dataPoint><x1>0.001280</x1><x2>9.06574E-08</x2><x3>4.59946E-08</x3><x4>2.87415E-09</x4><x5>8.34573E-08</x5><x6>1.11361E-08</x6></dataPoint>
        <dataPoint><x1>0.001288</x1><x2>6.52529E-08</x2><x3>3.27349E-08</x3><x4>2.93147E-09</x4><x5>7.01152E-08</x5><x6>5.95789E-09</x6></dataPoint>
        <dataPoint><x1>0.001296</x1><x2>7.57446E-08</x2><x3>3.06212E-08</x3><x4>5.55350E-09</x4><x5>7.98767E-08</x5><x6>0.00000E+00</x6></dataPoint>
        <dataPoint><x1>0.001304</x1><x2>7.17451E-08</x2><x3>3.57793E-08</x3><x4>3.58263E-09</x4><x5>7.09229E-08</x5><x6>7.77584E-09</x6></dataPoint>
        <dataPoint><x1>0.001312</x1><x2>7.74198E-08</x2><x3>3.60629E-08</x3><x4>2.85808E-09</x4><x5>8.17277E-08</x5><x6>6.06252E-09</x6></dataPoint>
        <dataPoint><x1>0.001320</x1><x2>7.16826E-08</x2><x3>3.17566E-08</x3><x4>4.35240E-09</x4><x5>7.29637E-08</x5><x6>6.17874E-09</x6></dataPoint>
        <dataPoint><x1>0.001328</x1><x2>7.17167E-08</x2><x3>2.89908E-08</x3><x4>2.03653E-09</x4><x5>6.56079E-08</x5><x6>1.03079E-08</x6></dataPoint>
        <dataPoint><x1>0.001336</x1><x2>6.02640E-08</x2><x3>2.98193E-08</x3><x4>2.78014E-09</x4><x5>7.45625E-08</x5><x6>1.13738E-08</x6></dataPoint>
        <dataPoint><x1>0.001344</x1><x2>7.38338E-08</x2><x3>3.03142E-08</x3><x4>3.16188E-09</x4><x5>7.11511E-08</x5><x6>6.39329E-09</x6></dataPoint>
        <dataPoint><x1>0.001352</x1><x2>8.13093E-08</x2><x3>3.45427E-08</x3><x4>4.15331E-09</x4><x5>7.55508E-08</x5><x6>9.62889E-09</x6></dataPoint>
        <dataPoint><x1>0.001360</x1><x2>7.21644E-08</x2><x3>3.90391E-08</x3><x4>2.72279E-09</x4><x5>8.73196E-08</x5><x6>7.83097E-09</x6></dataPoint>
        <dataPoint><x1>0.001368</x1><x2>5.66419E-08</x2><x3>3.11851E-08</x3><x4>4.58256E-09</x4><x5>7.40200E-08</x5><x6>7.02442E-09</x6></dataPoint>
        <dataPoint><x1>0.001376</x1><x2>8.12340E-08</x2><x3>3.00461E-08</x3><x4>3.14997E-09</x4><x5>6.55759E-08</x5><x6>6.07335E-09</x6></dataPoint>
        <dataPoint><x1>0.001384</x1><x2>7.13359E-08</x2><x3>3.12825E-08</x3><x4>2.24653E-09</x4><x5>6.73623E-08</x5><x6>3.26014E-09</x6></dataPoint>
        <dataPoint><x1>0.001392</x1><x2>8.26039E-08</x2><x3>4.04462E-08</x3><x4>4.00136E-09</x4><x5>8.28598E-08</x5><x6>3.38450E-09</x6></dataPoint>
        <dataPoint><x1>0.001400</x1><x2>7.17419E-08</x2><x3>3.39954E-08</x3><x4>4.03296E-09</x4><x5>8.05327E-08</x5><x6>7.52638E-09</x6></dataPoint>
        <dataPoint><x1>0.001408</x1><x2>7.52992E-08</x2><x3>4.01101E-08</x3><x4>2.25339E-09</x4><x5>8.44081E-08</x5><x6>6.45458E-09</x6></dataPoint>
        <dataPoint><x1>0.001416</x1><x2>8.14901E-08</x2><x3>4.03264E-08</x3><x4>4.29366E-09</x4><x5>8.70844E-08</x5><x6>8.80902E-09</x6></dataPoint>
        <dataPoint><x1>0.001424</x1><x2>8.00181E-08</x2><x3>3.27192E-08</x3><x4>5.69570E-09</x4><x5>7.93232E-08</x5><x6>1.02268E-08</x6></dataPoint>
        <dataPoint><x1>0.001432</x1><x2>6.83454E-08</x2><x3>3.31915E-08</x3><x4>4.26779E-09</x4><x5>7.48014E-08</x5><x6>5.06875E-09</x6></dataPoint>
        <dataPoint><x1>0.001440</x1><x2>8.01013E-08</x2><x3>3.52201E-08</x3><x4>1.55859E-09</x4><x5>8.27792E-08</x5><x6>6.67277E-09</x6></dataPoint>
        <dataPoint><x1>0.001448</x1><x2>8.71154E-08</x2><x3>4.35202E-08</x3><x4>6.44959E-09</x4><x5>8.09584E-08</x5><x6>5.58699E-09</x6></dataPoint>
        <dataPoint><x1>0.001456</x1><x2>8.30578E-08</x2><x3>3.41356E-08</x3><x4>3.04274E-09</x4><x5>7.92203E-08</x5><x6>7.30141E-09</x6></dataPoint>
        <dataPoint><x1>0.001464</x1><x2>7.19587E-08</x2><x3>3.47030E-08</x3><x4>3.33040E-09</x4><x5>6.45247E-08</x5><x6>6.66137E-09</x6></dataPoint>
        <dataPoint><x1>0.001472</x1><x2>7.49299E-08</x2><x3>2.92716E-08</x3><x4>2.32695E-09</x4><x5>7.79300E-08</x5><x6>4.68151E-09</x6></dataPoint>
        <dataPoint><x1>0.001480</x1><x2>8.10801E-08</x2><x3>3.82487E-08</x3><x4>4.84175E-09</x4><x5>8.38072E-08</x5><x6>7.88097E-09</x6></dataPoint>
        <dataPoint><x1>0.001488</x1><x2>8.05668E-08</x2><x3>3.27012E-08</x3><x4>2.55020E-09</x4><x5>8.89865E-08</x5><x6>4.29887E-09</x6></dataPoint>
        <dataPoint><x1>0.001496</x1><x2>8.06652E-08</x2><x3>3.89225E-08</x3><x4>4.74710E-09</x4><x5>8.13386E-08</x5><x6>6.85783E-09</x6></dataPoint>
    </dataGroup>
</experiment>
