<experiment>
    <fileAuthor>Chemical Kinetics Laboratory, Institute of Chemistry, ELTE, Budapest, Hungary</fileAuthor>
    <fileDOI>10.24388/x50003003</fileDOI>
    <fileVersion>
        <major>2</major>
        <minor>0</minor>
    </fileVersion>
    <ReSpecThVersion>
        <major>2</major>
        <minor>3</minor>
    </ReSpecThVersion>
    <firstPublicationDate>2015-10-11</firstPublicationDate>
    <lastModificationDate>2020-11-13</lastModificationDate>
    <bibliographyLink>
        <description>M. Aghsaee, D. Nativel, M. Bozkurt, M. Fikri, N. Chaumeix, C. Schulz, Proc. Combust. Inst., 35, 2015.</description>
        <referenceDOI>10.1016/j.proci.2014.05.063</referenceDOI>
        <location>Main Article + Personal Communication Channel</location>
        <figure>Fig. 2a</figure>
        <details>
            <author>Aghsaee, M and Nativel, D and Bozkurt, M and Fikri, M and Chaumeix, N and Schulz, C</author>
            <journal>Proc Combust Inst</journal>
            <number>1</number>
            <pages>393--400</pages>
            <title>Experimental study of the kinetics of ethanol pyrolysis and oxidation behind reflected shockwaves and in laminar flames</title>
            <volume>35</volume>
            <year>2015</year>
        </details>
    </bibliographyLink>
    <experimentType>concentration time profile measurement</experimentType>
    <apparatus>
        <kind>shock tube</kind>
    </apparatus>
    <commonProperties>
        <property name="initial composition"           sourcetype="reported"  >
            <component><speciesLink preferredKey="C2H5OH"  CAS="64-17-5"    InChI="1S/C2H6O/c1-2-3/h3H,2H2,1H3"  SMILES="CCO"   chemName="ethanol" /><amount units="mole fraction" >0.01</amount></component>
            <component><speciesLink preferredKey="O2"      CAS="7782-44-7"  InChI="1S/O2/c1-2"                   SMILES="O=O"   chemName="oxygen"  /><amount units="mole fraction" >0.03</amount></component>
            <component><speciesLink preferredKey="Ar"      CAS="7440-37-1"  InChI="1S/Ar"                        SMILES="[Ar]"  chemName="argon"   /><amount units="mole fraction" >0.01</amount></component>
            <component><speciesLink preferredKey="Ne"      CAS="7440-01-9"  InChI="1S/Ne"                        SMILES="[Ne]"  chemName="neon"    /><amount units="mole fraction" >0.95</amount></component>
        </property>
        <property name="temperature"                   label="T"  sourcetype="reported"   units="K"             ><value>1540</value></property>
        <property name="pressure"                      label="P"  sourcetype="reported"   units="bar"           ><value>1.52</value></property>
        <property name="evaluated standard deviation"  sourcetype="estimated"  units="mole fraction"  reference="composition"  kind="absolute"  method="statistical scatter" >
            <speciesLink preferredKey="H2O"     CAS="7732-18-5"  InChI="1S/H2O/h1H2"                  SMILES="O"          chemName="water"           />
            <value>0.0028</value>
        </property>
        <property name="evaluated standard deviation"  sourcetype="estimated"  units="mole fraction"  reference="composition"  kind="absolute"  method="statistical scatter" >
            <speciesLink preferredKey="CO"      CAS="630-08-0"   InChI="1S/CO/c1-2"                   SMILES="[C-]#[O+]"  chemName="carbon monoxide" />
            <value>0.0012</value>
            <speciesLink preferredKey="C2H4"    CAS="74-85-1"    InChI="1S/C2H4/c1-2/h1-2H2"          SMILES="C=C"        chemName="ethene"          />
        </property>
        <property name="evaluated standard deviation"  sourcetype="estimated"  units="mole fraction"  reference="composition"  kind="absolute"  method="statistical scatter" >
            <speciesLink preferredKey="CO2"     CAS="124-38-9"   InChI="1S/CO2/c2-1-3"                SMILES="C(=O)=O"    chemName="carbon dioxide"  />
            <value>0.000731</value>
        </property>
    </commonProperties>
    <dataGroup id="dg1">
        <property name="time"         id="x1"   label="t"          sourcetype="reported"  units="s"             />
        <property name="composition"  id="x2"   label="[H2O]"      sourcetype="reported"  units="mole fraction" >
            <speciesLink preferredKey="H2O"   CAS="7732-18-5"  InChI="1S/H2O/h1H2"          SMILES="O"          chemName="water"           />
        </property>
        <property name="composition"  id="x3"   label="[CO+C2H4]"  sourcetype="reported"  units="mole fraction" >
            <speciesLink preferredKey="CO"    CAS="630-08-0"   InChI="1S/CO/c1-2"           SMILES="[C-]#[O+]"  chemName="carbon monoxide" />
            <speciesLink preferredKey="C2H4"  CAS="74-85-1"    InChI="1S/C2H4/c1-2/h1-2H2"  SMILES="C=C"        chemName="ethene"          />
        </property>
        <property name="composition"  id="x4"   label="[CO2]"      sourcetype="reported"  units="mole fraction" >
            <speciesLink preferredKey="CO2"   CAS="124-38-9"   InChI="1S/CO2/c2-1-3"        SMILES="C(=O)=O"    chemName="carbon dioxide"  />
        </property>

        <dataPoint><x1>1.00E-05</x1><x2>0.0000E+00</x2><x3>0.0000E+00</x3><x4>0.0000E+00</x4></dataPoint>
        <dataPoint><x1>2.00E-05</x1><x2>0.0000E+00</x2><x3>2.5585E-03</x3><x4>0.0000E+00</x4></dataPoint>
        <dataPoint><x1>3.00E-05</x1><x2>0.0000E+00</x2><x3>0.0000E+00</x3><x4>0.0000E+00</x4></dataPoint>
        <dataPoint><x1>4.00E-05</x1><x2>0.0000E+00</x2><x3>1.3135E-03</x3><x4>0.0000E+00</x4></dataPoint>
        <dataPoint><x1>5.00E-05</x1><x2>0.0000E+00</x2><x3>6.0250E-03</x3><x4>0.0000E+00</x4></dataPoint>
        <dataPoint><x1>6.00E-05</x1><x2>5.6586E-03</x2><x3>7.4034E-03</x3><x4>0.0000E+00</x4></dataPoint>
        <dataPoint><x1>7.00E-05</x1><x2>1.0789E-02</x2><x3>9.7596E-03</x3><x4>0.0000E+00</x4></dataPoint>
        <dataPoint><x1>8.00E-05</x1><x2>2.3025E-02</x2><x3>9.5809E-03</x3><x4>0.0000E+00</x4></dataPoint>
        <dataPoint><x1>9.00E-05</x1><x2>1.5017E-02</x2><x3>9.5578E-03</x3><x4>0.0000E+00</x4></dataPoint>
        <dataPoint><x1>1.00E-04</x1><x2>1.6614E-02</x2><x3>7.6973E-03</x3><x4>0.0000E+00</x4></dataPoint>
        <dataPoint><x1>1.10E-04</x1><x2>2.5569E-02</x2><x3>7.8047E-03</x3><x4>2.7247E-03</x4></dataPoint>
        <dataPoint><x1>1.20E-04</x1><x2>1.8552E-02</x2><x3>8.3881E-03</x3><x4>3.6315E-03</x4></dataPoint>
        <dataPoint><x1>1.30E-04</x1><x2>1.8489E-02</x2><x3>8.2625E-03</x3><x4>3.2032E-03</x4></dataPoint>
        <dataPoint><x1>1.40E-04</x1><x2>2.1528E-02</x2><x3>1.0005E-02</x3><x4>4.4595E-03</x4></dataPoint>
        <dataPoint><x1>1.50E-04</x1><x2>1.9893E-02</x2><x3>7.3517E-03</x3><x4>3.9311E-03</x4></dataPoint>
        <dataPoint><x1>1.60E-04</x1><x2>1.9004E-02</x2><x3>7.7694E-03</x3><x4>4.6912E-03</x4></dataPoint>
        <dataPoint><x1>1.70E-04</x1><x2>1.6946E-02</x2><x3>9.2515E-03</x3><x4>5.5395E-03</x4></dataPoint>
        <dataPoint><x1>1.80E-04</x1><x2>2.6400E-02</x2><x3>7.9145E-03</x3><x4>5.9703E-03</x4></dataPoint>
        <dataPoint><x1>1.90E-04</x1><x2>2.3168E-02</x2><x3>7.5100E-03</x3><x4>7.6032E-03</x4></dataPoint>
        <dataPoint><x1>2.00E-04</x1><x2>1.8007E-02</x2><x3>7.2466E-03</x3><x4>8.2517E-03</x4></dataPoint>
        <dataPoint><x1>2.10E-04</x1><x2>2.3231E-02</x2><x3>8.0840E-03</x3><x4>7.1455E-03</x4></dataPoint>
        <dataPoint><x1>2.20E-04</x1><x2>1.9375E-02</x2><x3>7.2095E-03</x3><x4>7.3924E-03</x4></dataPoint>
        <dataPoint><x1>2.30E-04</x1><x2>2.4963E-02</x2><x3>5.9871E-03</x3><x4>8.4165E-03</x4></dataPoint>
        <dataPoint><x1>2.40E-04</x1><x2>2.1883E-02</x2><x3>7.8057E-03</x3><x4>8.0737E-03</x4></dataPoint>
        <dataPoint><x1>2.50E-04</x1><x2>2.1841E-02</x2><x3>7.4668E-03</x3><x4>8.6506E-03</x4></dataPoint>
        <dataPoint><x1>2.60E-04</x1><x2>2.4172E-02</x2><x3>6.6648E-03</x3><x4>8.7930E-03</x4></dataPoint>
        <dataPoint><x1>2.70E-04</x1><x2>2.1385E-02</x2><x3>6.0147E-03</x3><x4>8.4182E-03</x4></dataPoint>
        <dataPoint><x1>2.80E-04</x1><x2>1.7945E-02</x2><x3>7.3959E-03</x3><x4>9.3927E-03</x4></dataPoint>
        <dataPoint><x1>2.90E-04</x1><x2>1.9054E-02</x2><x3>8.3395E-03</x3><x4>9.4393E-03</x4></dataPoint>
        <dataPoint><x1>3.00E-04</x1><x2>1.9480E-02</x2><x3>7.8441E-03</x3><x4>9.5204E-03</x4></dataPoint>
        <dataPoint><x1>3.10E-04</x1><x2>2.0848E-02</x2><x3>7.4037E-03</x3><x4>9.1418E-03</x4></dataPoint>
        <dataPoint><x1>3.20E-04</x1><x2>2.1130E-02</x2><x3>7.3464E-03</x3><x4>8.4191E-03</x4></dataPoint>
        <dataPoint><x1>3.30E-04</x1><x2>2.8742E-02</x2><x3>7.1691E-03</x3><x4>9.6051E-03</x4></dataPoint>
        <dataPoint><x1>3.40E-04</x1><x2>2.0191E-02</x2><x3>9.2005E-03</x3><x4>8.5517E-03</x4></dataPoint>
        <dataPoint><x1>3.50E-04</x1><x2>2.4113E-02</x2><x3>7.1753E-03</x3><x4>1.1218E-02</x4></dataPoint>
        <dataPoint><x1>3.60E-04</x1><x2>2.2287E-02</x2><x3>7.1949E-03</x3><x4>1.1338E-02</x4></dataPoint>
        <dataPoint><x1>3.70E-04</x1><x2>1.7096E-02</x2><x3>8.6356E-03</x3><x4>9.6965E-03</x4></dataPoint>
        <dataPoint><x1>3.80E-04</x1><x2>3.1812E-02</x2><x3>8.9704E-03</x3><x4>1.0210E-02</x4></dataPoint>
        <dataPoint><x1>3.90E-04</x1><x2>2.3135E-02</x2><x3>6.4905E-03</x3><x4>1.0865E-02</x4></dataPoint>
        <dataPoint><x1>4.00E-04</x1><x2>2.7005E-02</x2><x3>8.2017E-03</x3><x4>1.0821E-02</x4></dataPoint>
        <dataPoint><x1>4.10E-04</x1><x2>2.1849E-02</x2><x3>6.7616E-03</x3><x4>1.0087E-02</x4></dataPoint>
        <dataPoint><x1>4.20E-04</x1><x2>2.2016E-02</x2><x3>8.4346E-03</x3><x4>1.1112E-02</x4></dataPoint>
        <dataPoint><x1>4.30E-04</x1><x2>2.4066E-02</x2><x3>6.8078E-03</x3><x4>1.0220E-02</x4></dataPoint>
        <dataPoint><x1>4.40E-04</x1><x2>2.6793E-02</x2><x3>6.3952E-03</x3><x4>9.3023E-03</x4></dataPoint>
        <dataPoint><x1>4.50E-04</x1><x2>2.0433E-02</x2><x3>6.9666E-03</x3><x4>1.0843E-02</x4></dataPoint>
        <dataPoint><x1>4.60E-04</x1><x2>2.1827E-02</x2><x3>6.6080E-03</x3><x4>9.8680E-03</x4></dataPoint>
        <dataPoint><x1>4.70E-04</x1><x2>2.5678E-02</x2><x3>7.0108E-03</x3><x4>1.0805E-02</x4></dataPoint>
        <dataPoint><x1>4.80E-04</x1><x2>1.9298E-02</x2><x3>6.5413E-03</x3><x4>1.0338E-02</x4></dataPoint>
        <dataPoint><x1>4.90E-04</x1><x2>2.2783E-02</x2><x3>6.9220E-03</x3><x4>1.0461E-02</x4></dataPoint>
        <dataPoint><x1>5.00E-04</x1><x2>2.5040E-02</x2><x3>6.8771E-03</x3><x4>1.1430E-02</x4></dataPoint>
        <dataPoint><x1>5.10E-04</x1><x2>2.7114E-02</x2><x3>7.3710E-03</x3><x4>1.0652E-02</x4></dataPoint>
        <dataPoint><x1>5.20E-04</x1><x2>2.2362E-02</x2><x3>6.7311E-03</x3><x4>1.2235E-02</x4></dataPoint>
        <dataPoint><x1>5.30E-04</x1><x2>2.2265E-02</x2><x3>6.5476E-03</x3><x4>1.1447E-02</x4></dataPoint>
        <dataPoint><x1>5.40E-04</x1><x2>2.3121E-02</x2><x3>7.6831E-03</x3><x4>1.0522E-02</x4></dataPoint>
        <dataPoint><x1>5.50E-04</x1><x2>2.2069E-02</x2><x3>7.6326E-03</x3><x4>1.2052E-02</x4></dataPoint>
        <dataPoint><x1>5.60E-04</x1><x2>2.2205E-02</x2><x3>7.1080E-03</x3><x4>1.0463E-02</x4></dataPoint>
        <dataPoint><x1>5.70E-04</x1><x2>2.5208E-02</x2><x3>7.1757E-03</x3><x4>9.7136E-03</x4></dataPoint>
        <dataPoint><x1>5.80E-04</x1><x2>2.3391E-02</x2><x3>7.7910E-03</x3><x4>1.1603E-02</x4></dataPoint>
        <dataPoint><x1>5.90E-04</x1><x2>2.6091E-02</x2><x3>6.8014E-03</x3><x4>1.1232E-02</x4></dataPoint>
        <dataPoint><x1>6.00E-04</x1><x2>2.2753E-02</x2><x3>7.3388E-03</x3><x4>1.1649E-02</x4></dataPoint>
        <dataPoint><x1>6.10E-04</x1><x2>2.3794E-02</x2><x3>7.7570E-03</x3><x4>1.1241E-02</x4></dataPoint>
        <dataPoint><x1>6.20E-04</x1><x2>2.2885E-02</x2><x3>6.7092E-03</x3><x4>1.1212E-02</x4></dataPoint>
        <dataPoint><x1>6.30E-04</x1><x2>2.7121E-02</x2><x3>5.9522E-03</x3><x4>1.1032E-02</x4></dataPoint>
        <dataPoint><x1>6.40E-04</x1><x2>2.1860E-02</x2><x3>6.8829E-03</x3><x4>1.1038E-02</x4></dataPoint>
        <dataPoint><x1>6.50E-04</x1><x2>2.5089E-02</x2><x3>7.1910E-03</x3><x4>1.2045E-02</x4></dataPoint>
        <dataPoint><x1>6.60E-04</x1><x2>2.4603E-02</x2><x3>7.1768E-03</x3><x4>1.1725E-02</x4></dataPoint>
        <dataPoint><x1>6.70E-04</x1><x2>2.2914E-02</x2><x3>7.6257E-03</x3><x4>1.2140E-02</x4></dataPoint>
        <dataPoint><x1>6.80E-04</x1><x2>2.0580E-02</x2><x3>7.1529E-03</x3><x4>1.1658E-02</x4></dataPoint>
        <dataPoint><x1>6.90E-04</x1><x2>2.5327E-02</x2><x3>5.8623E-03</x3><x4>1.1639E-02</x4></dataPoint>
        <dataPoint><x1>7.00E-04</x1><x2>2.3047E-02</x2><x3>7.2365E-03</x3><x4>1.2151E-02</x4></dataPoint>
        <dataPoint><x1>7.10E-04</x1><x2>2.5426E-02</x2><x3>7.3291E-03</x3><x4>1.2172E-02</x4></dataPoint>
        <dataPoint><x1>7.20E-04</x1><x2>2.5387E-02</x2><x3>6.4005E-03</x3><x4>1.1625E-02</x4></dataPoint>
        <dataPoint><x1>7.30E-04</x1><x2>2.3978E-02</x2><x3>7.1194E-03</x3><x4>1.1424E-02</x4></dataPoint>
        <dataPoint><x1>7.40E-04</x1><x2>2.5402E-02</x2><x3>6.9101E-03</x3><x4>1.2589E-02</x4></dataPoint>
        <dataPoint><x1>7.50E-04</x1><x2>2.7661E-02</x2><x3>5.1077E-03</x3><x4>1.1885E-02</x4></dataPoint>
        <dataPoint><x1>7.60E-04</x1><x2>2.8213E-02</x2><x3>7.4781E-03</x3><x4>1.2571E-02</x4></dataPoint>
        <dataPoint><x1>7.70E-04</x1><x2>2.4728E-02</x2><x3>6.8902E-03</x3><x4>1.2367E-02</x4></dataPoint>
        <dataPoint><x1>7.80E-04</x1><x2>2.4894E-02</x2><x3>7.0516E-03</x3><x4>1.3364E-02</x4></dataPoint>
        <dataPoint><x1>7.90E-04</x1><x2>2.0978E-02</x2><x3>7.1242E-03</x3><x4>1.2949E-02</x4></dataPoint>
        <dataPoint><x1>8.00E-04</x1><x2>2.2315E-02</x2><x3>7.2209E-03</x3><x4>1.3091E-02</x4></dataPoint>
        <dataPoint><x1>8.10E-04</x1><x2>2.6899E-02</x2><x3>6.5099E-03</x3><x4>1.4533E-02</x4></dataPoint>
        <dataPoint><x1>8.20E-04</x1><x2>2.3671E-02</x2><x3>6.6250E-03</x3><x4>1.1795E-02</x4></dataPoint>
        <dataPoint><x1>8.30E-04</x1><x2>2.7798E-02</x2><x3>7.0569E-03</x3><x4>1.1994E-02</x4></dataPoint>
        <dataPoint><x1>8.40E-04</x1><x2>2.4568E-02</x2><x3>5.9848E-03</x3><x4>1.3019E-02</x4></dataPoint>
        <dataPoint><x1>8.50E-04</x1><x2>2.8158E-02</x2><x3>6.6152E-03</x3><x4>1.2221E-02</x4></dataPoint>
        <dataPoint><x1>8.60E-04</x1><x2>2.6161E-02</x2><x3>6.6377E-03</x3><x4>1.3704E-02</x4></dataPoint>
        <dataPoint><x1>8.70E-04</x1><x2>2.3589E-02</x2><x3>6.1348E-03</x3><x4>1.2173E-02</x4></dataPoint>
        <dataPoint><x1>8.80E-04</x1><x2>2.6290E-02</x2><x3>6.0803E-03</x3><x4>1.1967E-02</x4></dataPoint>
        <dataPoint><x1>8.90E-04</x1><x2>2.9052E-02</x2><x3>6.4479E-03</x3><x4>1.2052E-02</x4></dataPoint>
        <dataPoint><x1>9.00E-04</x1><x2>2.3895E-02</x2><x3>6.8019E-03</x3><x4>1.4711E-02</x4></dataPoint>
        <dataPoint><x1>9.10E-04</x1><x2>2.6794E-02</x2><x3>7.9691E-03</x3><x4>1.3363E-02</x4></dataPoint>
        <dataPoint><x1>9.20E-04</x1><x2>2.3986E-02</x2><x3>5.5003E-03</x3><x4>1.4745E-02</x4></dataPoint>
        <dataPoint><x1>9.30E-04</x1><x2>2.5457E-02</x2><x3>5.7882E-03</x3><x4>1.2123E-02</x4></dataPoint>
        <dataPoint><x1>9.40E-04</x1><x2>2.3198E-02</x2><x3>6.5714E-03</x3><x4>1.2854E-02</x4></dataPoint>
        <dataPoint><x1>9.50E-04</x1><x2>2.3162E-02</x2><x3>7.5597E-03</x3><x4>1.4007E-02</x4></dataPoint>
        <dataPoint><x1>9.60E-04</x1><x2>2.2317E-02</x2><x3>5.9057E-03</x3><x4>1.2189E-02</x4></dataPoint>
        <dataPoint><x1>9.70E-04</x1><x2>2.3939E-02</x2><x3>6.1302E-03</x3><x4>1.2338E-02</x4></dataPoint>
        <dataPoint><x1>9.80E-04</x1><x2>2.9187E-02</x2><x3>7.3798E-03</x3><x4>1.3650E-02</x4></dataPoint>
        <dataPoint><x1>9.90E-04</x1><x2>2.3535E-02</x2><x3>6.4514E-03</x3><x4>1.3631E-02</x4></dataPoint>
        <dataPoint><x1>1.00E-03</x1><x2>2.3252E-02</x2><x3>6.2426E-03</x3><x4>1.2339E-02</x4></dataPoint>
        <dataPoint><x1>1.01E-03</x1><x2>2.6358E-02</x2><x3>6.8753E-03</x3><x4>1.3640E-02</x4></dataPoint>
        <dataPoint><x1>1.02E-03</x1><x2>2.6172E-02</x2><x3>7.3476E-03</x3><x4>1.3620E-02</x4></dataPoint>
        <dataPoint><x1>1.03E-03</x1><x2>2.4316E-02</x2><x3>6.3141E-03</x3><x4>1.4971E-02</x4></dataPoint>
        <dataPoint><x1>1.04E-03</x1><x2>2.4684E-02</x2><x3>5.2132E-03</x3><x4>1.3343E-02</x4></dataPoint>
        <dataPoint><x1>1.05E-03</x1><x2>2.4703E-02</x2><x3>5.7960E-03</x3><x4>1.2444E-02</x4></dataPoint>
        <dataPoint><x1>1.06E-03</x1><x2>2.8111E-02</x2><x3>7.0806E-03</x3><x4>1.3245E-02</x4></dataPoint>
        <dataPoint><x1>1.07E-03</x1><x2>2.2087E-02</x2><x3>6.3386E-03</x3><x4>1.2706E-02</x4></dataPoint>
        <dataPoint><x1>1.08E-03</x1><x2>2.3301E-02</x2><x3>5.9849E-03</x3><x4>1.4882E-02</x4></dataPoint>
        <dataPoint><x1>1.09E-03</x1><x2>2.3841E-02</x2><x3>5.5186E-03</x3><x4>1.3538E-02</x4></dataPoint>
        <dataPoint><x1>1.10E-03</x1><x2>2.5776E-02</x2><x3>5.9629E-03</x3><x4>1.3192E-02</x4></dataPoint>
        <dataPoint><x1>1.11E-03</x1><x2>2.7667E-02</x2><x3>6.9836E-03</x3><x4>1.3868E-02</x4></dataPoint>
        <dataPoint><x1>1.12E-03</x1><x2>2.2813E-02</x2><x3>5.5386E-03</x3><x4>1.3044E-02</x4></dataPoint>
        <dataPoint><x1>1.13E-03</x1><x2>2.4916E-02</x2><x3>6.4212E-03</x3><x4>1.4058E-02</x4></dataPoint>
        <dataPoint><x1>1.14E-03</x1><x2>2.3645E-02</x2><x3>6.5723E-03</x3><x4>1.4375E-02</x4></dataPoint>
        <dataPoint><x1>1.15E-03</x1><x2>2.1611E-02</x2><x3>6.4357E-03</x3><x4>1.3456E-02</x4></dataPoint>
        <dataPoint><x1>1.16E-03</x1><x2>2.2732E-02</x2><x3>5.0405E-03</x3><x4>1.3643E-02</x4></dataPoint>
        <dataPoint><x1>1.17E-03</x1><x2>2.4001E-02</x2><x3>6.1722E-03</x3><x4>1.2885E-02</x4></dataPoint>
        <dataPoint><x1>1.18E-03</x1><x2>2.5308E-02</x2><x3>5.5398E-03</x3><x4>1.3028E-02</x4></dataPoint>
        <dataPoint><x1>1.19E-03</x1><x2>2.1358E-02</x2><x3>5.6682E-03</x3><x4>1.3712E-02</x4></dataPoint>
        <dataPoint><x1>1.20E-03</x1><x2>2.3463E-02</x2><x3>5.3798E-03</x3><x4>1.3363E-02</x4></dataPoint>
        <dataPoint><x1>1.21E-03</x1><x2>2.2624E-02</x2><x3>6.0055E-03</x3><x4>1.3048E-02</x4></dataPoint>
        <dataPoint><x1>1.22E-03</x1><x2>2.5260E-02</x2><x3>5.3807E-03</x3><x4>1.4215E-02</x4></dataPoint>
        <dataPoint><x1>1.23E-03</x1><x2>2.2913E-02</x2><x3>5.6138E-03</x3><x4>1.3581E-02</x4></dataPoint>
        <dataPoint><x1>1.24E-03</x1><x2>2.2929E-02</x2><x3>5.8116E-03</x3><x4>1.2651E-02</x4></dataPoint>
        <dataPoint><x1>1.25E-03</x1><x2>2.0318E-02</x2><x3>5.7707E-03</x3><x4>1.5063E-02</x4></dataPoint>
        <dataPoint><x1>1.26E-03</x1><x2>2.8527E-02</x2><x3>6.0485E-03</x3><x4>1.3065E-02</x4></dataPoint>
        <dataPoint><x1>1.27E-03</x1><x2>2.4718E-02</x2><x3>6.1235E-03</x3><x4>1.3517E-02</x4></dataPoint>
        <dataPoint><x1>1.28E-03</x1><x2>2.3208E-02</x2><x3>5.7345E-03</x3><x4>1.3174E-02</x4></dataPoint>
        <dataPoint><x1>1.29E-03</x1><x2>2.4150E-02</x2><x3>5.7751E-03</x3><x4>1.3741E-02</x4></dataPoint>
        <dataPoint><x1>1.30E-03</x1><x2>2.5230E-02</x2><x3>6.0126E-03</x3><x4>1.3343E-02</x4></dataPoint>
        <dataPoint><x1>1.31E-03</x1><x2>1.9743E-02</x2><x3>5.7593E-03</x3><x4>1.3360E-02</x4></dataPoint>
        <dataPoint><x1>1.32E-03</x1><x2>2.2506E-02</x2><x3>5.2968E-03</x3><x4>1.3679E-02</x4></dataPoint>
        <dataPoint><x1>1.33E-03</x1><x2>2.2834E-02</x2><x3>6.0478E-03</x3><x4>1.3727E-02</x4></dataPoint>
        <dataPoint><x1>1.34E-03</x1><x2>2.2929E-02</x2><x3>6.1821E-03</x3><x4>1.3829E-02</x4></dataPoint>
        <dataPoint><x1>1.35E-03</x1><x2>2.4605E-02</x2><x3>6.0149E-03</x3><x4>1.4253E-02</x4></dataPoint>
        <dataPoint><x1>1.36E-03</x1><x2>2.1454E-02</x2><x3>6.2965E-03</x3><x4>1.3445E-02</x4></dataPoint>
        <dataPoint><x1>1.37E-03</x1><x2>2.3442E-02</x2><x3>6.3242E-03</x3><x4>1.3720E-02</x4></dataPoint>
        <dataPoint><x1>1.38E-03</x1><x2>2.3818E-02</x2><x3>6.0430E-03</x3><x4>1.3621E-02</x4></dataPoint>
        <dataPoint><x1>1.39E-03</x1><x2>2.4896E-02</x2><x3>5.9701E-03</x3><x4>1.3674E-02</x4></dataPoint>
        <dataPoint><x1>1.40E-03</x1><x2>2.0666E-02</x2><x3>4.7580E-03</x3><x4>1.3330E-02</x4></dataPoint>
        <dataPoint><x1>1.41E-03</x1><x2>2.2654E-02</x2><x3>5.6676E-03</x3><x4>1.3915E-02</x4></dataPoint>
        <dataPoint><x1>1.42E-03</x1><x2>2.5295E-02</x2><x3>4.8212E-03</x3><x4>1.3264E-02</x4></dataPoint>
        <dataPoint><x1>1.43E-03</x1><x2>2.1646E-02</x2><x3>5.7563E-03</x3><x4>1.4731E-02</x4></dataPoint>
        <dataPoint><x1>1.44E-03</x1><x2>2.3531E-02</x2><x3>5.5625E-03</x3><x4>1.3681E-02</x4></dataPoint>
        <dataPoint><x1>1.45E-03</x1><x2>2.6335E-02</x2><x3>5.0908E-03</x3><x4>1.3562E-02</x4></dataPoint>
        <dataPoint><x1>1.46E-03</x1><x2>2.3388E-02</x2><x3>5.3205E-03</x3><x4>1.4329E-02</x4></dataPoint>
        <dataPoint><x1>1.47E-03</x1><x2>2.3748E-02</x2><x3>5.5484E-03</x3><x4>1.2963E-02</x4></dataPoint>
        <dataPoint><x1>1.48E-03</x1><x2>2.5574E-02</x2><x3>5.8627E-03</x3><x4>1.4230E-02</x4></dataPoint>
        <dataPoint><x1>1.49E-03</x1><x2>2.1575E-02</x2><x3>5.6035E-03</x3><x4>1.3249E-02</x4></dataPoint>
        <dataPoint><x1>1.50E-03</x1><x2>2.3884E-02</x2><x3>5.5953E-03</x3><x4>1.4193E-02</x4></dataPoint>
        <dataPoint><x1>1.51E-03</x1><x2>2.3956E-02</x2><x3>5.1968E-03</x3><x4>1.4344E-02</x4></dataPoint>
        <dataPoint><x1>1.52E-03</x1><x2>2.5480E-02</x2><x3>5.9726E-03</x3><x4>1.3957E-02</x4></dataPoint>
        <dataPoint><x1>1.53E-03</x1><x2>2.3222E-02</x2><x3>5.0969E-03</x3><x4>1.4335E-02</x4></dataPoint>
        <dataPoint><x1>1.54E-03</x1><x2>2.6107E-02</x2><x3>6.0938E-03</x3><x4>1.3979E-02</x4></dataPoint>
        <dataPoint><x1>1.55E-03</x1><x2>2.2023E-02</x2><x3>5.7118E-03</x3><x4>1.4409E-02</x4></dataPoint>
        <dataPoint><x1>1.56E-03</x1><x2>2.3366E-02</x2><x3>4.7089E-03</x3><x4>1.3456E-02</x4></dataPoint>
    </dataGroup>
</experiment>
