<experiment>
    <fileAuthor>Chemical Kinetics Laboratory, Institute of Chemistry, ELTE, Budapest, Hungary</fileAuthor>
    <fileDOI>10.24388/x50003013</fileDOI>
    <fileVersion>
        <major>2</major>
        <minor>0</minor>
    </fileVersion>
    <ReSpecThVersion>
        <major>2</major>
        <minor>3</minor>
    </ReSpecThVersion>
    <firstPublicationDate>2015-10-11</firstPublicationDate>
    <lastModificationDate>2020-11-13</lastModificationDate>
    <bibliographyLink>
        <description>J. Kiecherer, C. Baensch, T. Bentz, M. Olzmann, Proc. Combust. Inst., 35, 2015, 465-472.</description>
        <referenceDOI>10.1016/j.proci.2014.05.086</referenceDOI>
        <location>Main Article + Personal Communication Channel with author, 1490 K series</location>
        <details>
            <author>Kiecherer, Johannes and B{\"{a}}nsch, Cornelie and Bentz, Tobias and Olzmann, Matthias</author>
            <journal>Proc Combust Inst</journal>
            <number>1</number>
            <pages>465--472</pages>
            <title>Pyrolysis of ethanol: A shock-tube/TOF-MS and modeling study</title>
            <volume>35</volume>
            <year>2015</year>
        </details>
    </bibliographyLink>
    <experimentType>concentration time profile measurement</experimentType>
    <apparatus>
        <kind>shock tube</kind>
    </apparatus>
    <commonProperties>
        <property name="initial composition"           sourcetype="reported"  >
            <component><speciesLink preferredKey="Ne"      CAS="7440-01-9"  InChI="1S/Ne"                        SMILES="[Ne]"  chemName="neon"    /><amount units="mol/cm3" >8.50E-06</amount></component>
            <component><speciesLink preferredKey="C2H5OH"  CAS="64-17-5"    InChI="1S/C2H6O/c1-2-3/h3H,2H2,1H3"  SMILES="CCO"   chemName="ethanol" /><amount units="mol/cm3" >8.60E-08</amount></component>
            <component><speciesLink preferredKey="Kr"      CAS="7439-90-9"  InChI="1S/Kr"                        SMILES="[Kr]"  chemName="krypton" /><amount units="mol/cm3" >8.60E-08</amount></component>
        </property>
        <property name="temperature"                   label="T"  sourcetype="reported"   units="K"             ><value>1490</value></property>
        <property name="pressure"                      label="P"  sourcetype="reported"   units="bar"           ><value>1.10</value></property>
        <property name="evaluated standard deviation"  sourcetype="estimated"  units="mole fraction"  reference="composition"  kind="absolute"  method="statistical scatter" >
            <speciesLink preferredKey="H2O"     CAS="7732-18-5"  InChI="1S/H2O/h1H2"                  SMILES="O"     chemName="water"        />
            <value>0.00656</value>
        </property>
        <property name="evaluated standard deviation"  sourcetype="estimated"  units="mole fraction"  reference="composition"  kind="absolute"  method="statistical scatter" >
            <speciesLink preferredKey="CH4"     CAS="74-82-8"    InChI="1S/CH4/h1H4"                  SMILES="C"     chemName="methane"      />
            <value>0.00359</value>
        </property>
        <property name="evaluated standard deviation"  sourcetype="estimated"  units="mole fraction"  reference="composition"  kind="absolute"  method="statistical scatter" >
            <speciesLink preferredKey="CH3CHO"  CAS="75-07-0"    InChI="1S/C2H4O/c1-2-3/h2H,1H3"      SMILES="CC=O"  chemName="acetaldehyde" />
            <value>0.00224</value>
        </property>
        <property name="evaluated standard deviation"  sourcetype="estimated"  units="mole fraction"  reference="composition"  kind="absolute"  method="statistical scatter" >
            <speciesLink preferredKey="C2Hn"    CAS=""           InChI=""                             SMILES=""      chemName=""             />
            <value>0.00485</value>
        </property>
        <property name="evaluated standard deviation"  sourcetype="estimated"  units="mole fraction"  reference="composition"  kind="absolute"  method="statistical scatter" >
            <speciesLink preferredKey="C2H5OH"  CAS="64-17-5"    InChI="1S/C2H6O/c1-2-3/h3H,2H2,1H3"  SMILES="CCO"   chemName="ethanol"      />
            <value>0.00551</value>
        </property>
    </commonProperties>
    <dataGroup id="dg1">
        <property name="time"           id="x1"   label="t"         sourcetype="reported"  units="s"       />
        <property name="concentration"  id="x2"   label="[H2O]"     sourcetype="reported"  units="mol/cm3" >
            <speciesLink preferredKey="H2O"     CAS="7732-18-5"  InChI="1S/H2O/h1H2"                  SMILES="O"     chemName="water"        />
        </property>
        <property name="concentration"  id="x3"   label="[CH4]"     sourcetype="reported"  units="mol/cm3" >
            <speciesLink preferredKey="CH4"     CAS="74-82-8"    InChI="1S/CH4/h1H4"                  SMILES="C"     chemName="methane"      />
        </property>
        <property name="concentration"  id="x4"   label="[CH3CHO]"  sourcetype="reported"  units="mol/cm3" >
            <speciesLink preferredKey="CH3CHO"  CAS="75-07-0"    InChI="1S/C2H4O/c1-2-3/h2H,1H3"      SMILES="CC=O"  chemName="acetaldehyde" />
        </property>
        <property name="concentration"  id="x5"   label="[C2Hn]"    sourcetype="reported"  units="mol/cm3" >
            <speciesLink preferredKey="C2H2"    CAS="74-86-2"    InChI="1S/C2H2/c1-2/h1-2H"           SMILES="C#C"   chemName="acetylene"    />
            <speciesLink preferredKey="C2H4"    CAS="74-85-1"    InChI="1S/C2H4/c1-2/h1-2H2"          SMILES="C=C"   chemName="ethene"       />
            <speciesLink preferredKey="C2H6"    CAS="74-84-0"    InChI="1S/C2H6/c1-2/h1-2H3"          SMILES="CC"    chemName="ethane"       />
        </property>
        <property name="concentration"  id="x6"   label="[C2H5OH]"  sourcetype="reported"  units="mol/cm3" >
            <speciesLink preferredKey="C2H5OH"  CAS="64-17-5"    InChI="1S/C2H6O/c1-2-3/h3H,2H2,1H3"  SMILES="CCO"   chemName="ethanol"      />
        </property>

        <dataPoint><x1>0.000000</x1><x2>0.00000E+00</x2><x3>4.17779E-09</x3><x4>3.63393E-09</x4><x5>6.29679E-09</x5><x6>8.38518E-08</x6></dataPoint>
        <dataPoint><x1>0.000008</x1><x2>0.00000E+00</x2><x3>0.00000E+00</x3><x4>2.02280E-09</x4><x5>1.37508E-08</x5><x6>4.23931E-08</x6></dataPoint>
        <dataPoint><x1>0.000016</x1><x2>0.00000E+00</x2><x3>0.00000E+00</x3><x4>1.32523E-08</x4><x5>1.15030E-08</x5><x6>4.73354E-08</x6></dataPoint>
        <dataPoint><x1>0.000024</x1><x2>7.62307E-09</x2><x3>0.00000E+00</x3><x4>2.86698E-08</x4><x5>3.65637E-08</x5><x6>8.43072E-08</x6></dataPoint>
        <dataPoint><x1>0.000040</x1><x2>2.09888E-08</x2><x3>0.00000E+00</x3><x4>0.00000E+00</x4><x5>1.79015E-08</x5><x6>3.25456E-08</x6></dataPoint>
        <dataPoint><x1>0.000048</x1><x2>1.11351E-08</x2><x3>1.23163E-08</x3><x4>1.10337E-08</x4><x5>1.85440E-08</x5><x6>7.42322E-08</x6></dataPoint>
        <dataPoint><x1>0.000056</x1><x2>1.35696E-08</x2><x3>1.47150E-09</x3><x4>5.18308E-09</x4><x5>2.39290E-08</x5><x6>2.70427E-08</x6></dataPoint>
        <dataPoint><x1>0.000064</x1><x2>2.47763E-08</x2><x3>1.28347E-09</x3><x4>6.07551E-09</x4><x5>2.13941E-08</x5><x6>3.64943E-08</x6></dataPoint>
        <dataPoint><x1>0.000072</x1><x2>2.24291E-08</x2><x3>1.83521E-09</x3><x4>7.97451E-09</x4><x5>3.78743E-08</x5><x6>3.83424E-08</x6></dataPoint>
        <dataPoint><x1>0.000080</x1><x2>2.01242E-08</x2><x3>2.06328E-09</x3><x4>6.72505E-09</x4><x5>3.24376E-08</x5><x6>1.94925E-08</x6></dataPoint>
        <dataPoint><x1>0.000088</x1><x2>2.39049E-08</x2><x3>0.00000E+00</x3><x4>1.53502E-08</x4><x5>2.47671E-08</x5><x6>4.13147E-08</x6></dataPoint>
        <dataPoint><x1>0.000096</x1><x2>3.61713E-08</x2><x3>6.83215E-09</x3><x4>5.77998E-09</x4><x5>2.41619E-08</x5><x6>3.63265E-08</x6></dataPoint>
        <dataPoint><x1>0.000104</x1><x2>1.56394E-08</x2><x3>4.71147E-09</x3><x4>3.03454E-09</x4><x5>1.84373E-08</x5><x6>8.53236E-09</x6></dataPoint>
        <dataPoint><x1>0.000112</x1><x2>1.25819E-08</x2><x3>6.59063E-09</x3><x4>1.03564E-08</x4><x5>2.37080E-08</x5><x6>1.99020E-08</x6></dataPoint>
        <dataPoint><x1>0.000120</x1><x2>2.31353E-08</x2><x3>4.50460E-09</x3><x4>5.48463E-09</x4><x5>2.79726E-08</x5><x6>2.59432E-08</x6></dataPoint>
        <dataPoint><x1>0.000128</x1><x2>3.54276E-08</x2><x3>1.13917E-09</x3><x4>5.79824E-09</x4><x5>2.97920E-08</x5><x6>1.81420E-08</x6></dataPoint>
        <dataPoint><x1>0.000136</x1><x2>3.08499E-08</x2><x3>1.00435E-08</x3><x4>6.17044E-09</x4><x5>3.61173E-08</x5><x6>1.65680E-08</x6></dataPoint>
        <dataPoint><x1>0.000144</x1><x2>2.02405E-08</x2><x3>8.80849E-09</x3><x4>4.46638E-09</x4><x5>2.35768E-08</x5><x6>1.89871E-08</x6></dataPoint>
        <dataPoint><x1>0.000152</x1><x2>3.21926E-08</x2><x3>5.51541E-09</x3><x4>8.21716E-09</x4><x5>2.98207E-08</x5><x6>2.31615E-08</x6></dataPoint>
        <dataPoint><x1>0.000160</x1><x2>2.88085E-08</x2><x3>5.07490E-09</x3><x4>6.15722E-09</x4><x5>2.94985E-08</x5><x6>6.27402E-09</x6></dataPoint>
        <dataPoint><x1>0.000168</x1><x2>3.76063E-08</x2><x3>1.35263E-08</x3><x4>4.31462E-09</x4><x5>3.76966E-08</x5><x6>1.87377E-08</x6></dataPoint>
        <dataPoint><x1>0.000176</x1><x2>2.71082E-08</x2><x3>1.36856E-08</x3><x4>7.31395E-09</x4><x5>2.28142E-08</x5><x6>1.56902E-08</x6></dataPoint>
        <dataPoint><x1>0.000192</x1><x2>5.13272E-08</x2><x3>1.04383E-08</x3><x4>3.87176E-09</x4><x5>3.47951E-08</x5><x6>2.01555E-08</x6></dataPoint>
        <dataPoint><x1>0.000200</x1><x2>3.55857E-08</x2><x3>1.18843E-08</x3><x4>1.80636E-09</x4><x5>3.76481E-08</x5><x6>1.35959E-08</x6></dataPoint>
        <dataPoint><x1>0.000208</x1><x2>2.68192E-08</x2><x3>5.90952E-09</x3><x4>2.62364E-09</x4><x5>2.81347E-08</x5><x6>9.79614E-09</x6></dataPoint>
        <dataPoint><x1>0.000216</x1><x2>3.04507E-08</x2><x3>1.37598E-08</x3><x4>4.24884E-09</x4><x5>2.21907E-08</x5><x6>9.70812E-09</x6></dataPoint>
        <dataPoint><x1>0.000224</x1><x2>3.49713E-08</x2><x3>1.95679E-08</x3><x4>1.25715E-09</x4><x5>3.62662E-08</x5><x6>8.23916E-09</x6></dataPoint>
        <dataPoint><x1>0.000232</x1><x2>3.51815E-08</x2><x3>1.09837E-08</x3><x4>4.51169E-09</x4><x5>3.46639E-08</x5><x6>1.33724E-08</x6></dataPoint>
        <dataPoint><x1>0.000240</x1><x2>4.19149E-08</x2><x3>2.49062E-08</x3><x4>6.00728E-09</x4><x5>3.86885E-08</x5><x6>1.33110E-08</x6></dataPoint>
        <dataPoint><x1>0.000248</x1><x2>3.94437E-08</x2><x3>1.07463E-08</x3><x4>3.99502E-09</x4><x5>3.54537E-08</x5><x6>6.06065E-09</x6></dataPoint>
        <dataPoint><x1>0.000256</x1><x2>3.34578E-08</x2><x3>1.01354E-08</x3><x4>1.66528E-09</x4><x5>3.13016E-08</x5><x6>1.20855E-08</x6></dataPoint>
        <dataPoint><x1>0.000264</x1><x2>3.14118E-08</x2><x3>1.08763E-08</x3><x4>3.46368E-09</x4><x5>3.73063E-08</x5><x6>5.65513E-09</x6></dataPoint>
        <dataPoint><x1>0.000272</x1><x2>5.49695E-08</x2><x3>2.09048E-08</x3><x4>1.48396E-09</x4><x5>4.30609E-08</x5><x6>9.48888E-09</x6></dataPoint>
        <dataPoint><x1>0.000280</x1><x2>2.83656E-08</x2><x3>8.06827E-09</x3><x4>5.00769E-09</x4><x5>3.71678E-08</x5><x6>1.22198E-08</x6></dataPoint>
        <dataPoint><x1>0.000288</x1><x2>4.77700E-08</x2><x3>1.14452E-08</x3><x4>3.70643E-09</x4><x5>4.25331E-08</x5><x6>1.14344E-08</x6></dataPoint>
        <dataPoint><x1>0.000296</x1><x2>4.69836E-08</x2><x3>1.77598E-08</x3><x4>5.01587E-09</x4><x5>4.73116E-08</x5><x6>9.96976E-09</x6></dataPoint>
        <dataPoint><x1>0.000304</x1><x2>2.53459E-08</x2><x3>1.57649E-08</x3><x4>0.00000E+00</x4><x5>4.88985E-08</x5><x6>1.21530E-08</x6></dataPoint>
        <dataPoint><x1>0.000312</x1><x2>4.50667E-08</x2><x3>1.47956E-08</x3><x4>3.49224E-09</x4><x5>4.32437E-08</x5><x6>6.70717E-09</x6></dataPoint>
        <dataPoint><x1>0.000320</x1><x2>5.07084E-08</x2><x3>1.46867E-08</x3><x4>3.27955E-09</x4><x5>3.64720E-08</x5><x6>5.99573E-09</x6></dataPoint>
        <dataPoint><x1>0.000328</x1><x2>3.52351E-08</x2><x3>1.87276E-08</x3><x4>4.22345E-09</x4><x5>3.52224E-08</x5><x6>1.59033E-08</x6></dataPoint>
        <dataPoint><x1>0.000336</x1><x2>4.15731E-08</x2><x3>2.36878E-08</x3><x4>0.00000E+00</x4><x5>4.13508E-08</x5><x6>4.42239E-09</x6></dataPoint>
        <dataPoint><x1>0.000344</x1><x2>5.31256E-08</x2><x3>1.35987E-08</x3><x4>6.01790E-09</x4><x5>4.59151E-08</x5><x6>9.22475E-09</x6></dataPoint>
        <dataPoint><x1>0.000352</x1><x2>3.22789E-08</x2><x3>1.66064E-08</x3><x4>2.19628E-09</x4><x5>4.27673E-08</x5><x6>3.88555E-09</x6></dataPoint>
        <dataPoint><x1>0.000360</x1><x2>4.57628E-08</x2><x3>1.61238E-08</x3><x4>3.71743E-09</x4><x5>3.67037E-08</x5><x6>5.30618E-09</x6></dataPoint>
        <dataPoint><x1>0.000368</x1><x2>4.94918E-08</x2><x3>1.44829E-08</x3><x4>0.00000E+00</x4><x5>4.74667E-08</x5><x6>6.28174E-09</x6></dataPoint>
        <dataPoint><x1>0.000376</x1><x2>4.32946E-08</x2><x3>1.85345E-08</x3><x4>1.16261E-09</x4><x5>4.53974E-08</x5><x6>0.00000E+00</x6></dataPoint>
        <dataPoint><x1>0.000384</x1><x2>3.99320E-08</x2><x3>1.84741E-08</x3><x4>1.44155E-09</x4><x5>3.39379E-08</x5><x6>3.64854E-09</x6></dataPoint>
        <dataPoint><x1>0.000392</x1><x2>5.06233E-08</x2><x3>1.85636E-08</x3><x4>3.18066E-09</x4><x5>4.71644E-08</x5><x6>7.23683E-09</x6></dataPoint>
        <dataPoint><x1>0.000400</x1><x2>3.66864E-08</x2><x3>8.29583E-09</x3><x4>2.68720E-09</x4><x5>3.66946E-08</x5><x6>0.00000E+00</x6></dataPoint>
        <dataPoint><x1>0.000408</x1><x2>4.46785E-08</x2><x3>2.34520E-08</x3><x4>1.91725E-09</x4><x5>5.49416E-08</x5><x6>9.62563E-09</x6></dataPoint>
        <dataPoint><x1>0.000416</x1><x2>4.33860E-08</x2><x3>1.62649E-08</x3><x4>0.00000E+00</x4><x5>3.95917E-08</x5><x6>8.07139E-09</x6></dataPoint>
        <dataPoint><x1>0.000424</x1><x2>5.70269E-08</x2><x3>1.81738E-08</x3><x4>1.75030E-09</x4><x5>4.39344E-08</x5><x6>1.05968E-08</x6></dataPoint>
        <dataPoint><x1>0.000432</x1><x2>3.46668E-08</x2><x3>1.45231E-08</x3><x4>1.10351E-09</x4><x5>4.14200E-08</x5><x6>6.99555E-09</x6></dataPoint>
        <dataPoint><x1>0.000440</x1><x2>3.67278E-08</x2><x3>2.04144E-08</x3><x4>2.08911E-09</x4><x5>4.32510E-08</x5><x6>4.53409E-09</x6></dataPoint>
        <dataPoint><x1>0.000448</x1><x2>4.31339E-08</x2><x3>1.44175E-08</x3><x4>1.71377E-09</x4><x5>4.58054E-08</x5><x6>0.00000E+00</x6></dataPoint>
        <dataPoint><x1>0.000456</x1><x2>3.84769E-08</x2><x3>1.70682E-08</x3><x4>5.31122E-09</x4><x5>4.23926E-08</x5><x6>0.00000E+00</x6></dataPoint>
        <dataPoint><x1>0.000464</x1><x2>3.68271E-08</x2><x3>1.80538E-08</x3><x4>3.09686E-09</x4><x5>3.94087E-08</x5><x6>4.52850E-09</x6></dataPoint>
        <dataPoint><x1>0.000472</x1><x2>4.12125E-08</x2><x3>2.17476E-08</x3><x4>1.24152E-09</x4><x5>5.04848E-08</x5><x6>6.21241E-09</x6></dataPoint>
        <dataPoint><x1>0.000480</x1><x2>4.25085E-08</x2><x3>1.50190E-08</x3><x4>1.84446E-09</x4><x5>4.04020E-08</x5><x6>4.51482E-09</x6></dataPoint>
        <dataPoint><x1>0.000488</x1><x2>5.14624E-08</x2><x3>1.49411E-08</x3><x4>1.97200E-09</x4><x5>4.37956E-08</x5><x6>4.87306E-09</x6></dataPoint>
        <dataPoint><x1>0.000496</x1><x2>5.22033E-08</x2><x3>2.16439E-08</x3><x4>1.88441E-09</x4><x5>4.48614E-08</x5><x6>4.58978E-09</x6></dataPoint>
        <dataPoint><x1>0.000504</x1><x2>4.53972E-08</x2><x3>1.87068E-08</x3><x4>2.26352E-09</x4><x5>4.13154E-08</x5><x6>5.90332E-09</x6></dataPoint>
        <dataPoint><x1>0.000512</x1><x2>5.05132E-08</x2><x3>2.13534E-08</x3><x4>2.01936E-09</x4><x5>4.52921E-08</x5><x6>3.18997E-09</x6></dataPoint>
        <dataPoint><x1>0.000520</x1><x2>5.01751E-08</x2><x3>1.69681E-08</x3><x4>2.92939E-09</x4><x5>4.07831E-08</x5><x6>4.91222E-09</x6></dataPoint>
        <dataPoint><x1>0.000528</x1><x2>4.29342E-08</x2><x3>1.57443E-08</x3><x4>0.00000E+00</x4><x5>3.76209E-08</x5><x6>0.00000E+00</x6></dataPoint>
        <dataPoint><x1>0.000536</x1><x2>4.03326E-08</x2><x3>1.73813E-08</x3><x4>1.43043E-09</x4><x5>4.27578E-08</x5><x6>2.45804E-09</x6></dataPoint>
        <dataPoint><x1>0.000544</x1><x2>4.74180E-08</x2><x3>1.69142E-08</x3><x4>0.00000E+00</x4><x5>5.81856E-08</x5><x6>9.75065E-09</x6></dataPoint>
        <dataPoint><x1>0.000552</x1><x2>4.67195E-08</x2><x3>1.89081E-08</x3><x4>2.62445E-09</x4><x5>4.47984E-08</x5><x6>7.94415E-09</x6></dataPoint>
        <dataPoint><x1>0.000560</x1><x2>6.08934E-08</x2><x3>2.44179E-08</x3><x4>5.75396E-09</x4><x5>5.27312E-08</x5><x6>3.26704E-09</x6></dataPoint>
        <dataPoint><x1>0.000568</x1><x2>4.18161E-08</x2><x3>2.21967E-08</x3><x4>0.00000E+00</x4><x5>5.03806E-08</x5><x6>6.87179E-09</x6></dataPoint>
        <dataPoint><x1>0.000576</x1><x2>4.37314E-08</x2><x3>2.48244E-08</x3><x4>0.00000E+00</x4><x5>4.09264E-08</x5><x6>0.00000E+00</x6></dataPoint>
        <dataPoint><x1>0.000584</x1><x2>5.72631E-08</x2><x3>1.95808E-08</x3><x4>0.00000E+00</x4><x5>4.77631E-08</x5><x6>0.00000E+00</x6></dataPoint>
        <dataPoint><x1>0.000592</x1><x2>4.81140E-08</x2><x3>1.64793E-08</x3><x4>2.32834E-09</x4><x5>4.31125E-08</x5><x6>2.74747E-09</x6></dataPoint>
        <dataPoint><x1>0.000600</x1><x2>4.90432E-08</x2><x3>1.81780E-08</x3><x4>0.00000E+00</x4><x5>4.89764E-08</x5><x6>2.87561E-09</x6></dataPoint>
        <dataPoint><x1>0.000608</x1><x2>4.68972E-08</x2><x3>1.98916E-08</x3><x4>0.00000E+00</x4><x5>4.52033E-08</x5><x6>2.12907E-09</x6></dataPoint>
        <dataPoint><x1>0.000616</x1><x2>4.79268E-08</x2><x3>1.90822E-08</x3><x4>0.00000E+00</x4><x5>5.52948E-08</x5><x6>3.18816E-09</x6></dataPoint>
        <dataPoint><x1>0.000624</x1><x2>4.93835E-08</x2><x3>1.73757E-08</x3><x4>0.00000E+00</x4><x5>3.85506E-08</x5><x6>0.00000E+00</x6></dataPoint>
        <dataPoint><x1>0.000632</x1><x2>5.86005E-08</x2><x3>2.00223E-08</x3><x4>0.00000E+00</x4><x5>4.97500E-08</x5><x6>0.00000E+00</x6></dataPoint>
        <dataPoint><x1>0.000640</x1><x2>4.23460E-08</x2><x3>1.62868E-08</x3><x4>1.97088E-09</x4><x5>4.48206E-08</x5><x6>0.00000E+00</x6></dataPoint>
        <dataPoint><x1>0.000648</x1><x2>4.77564E-08</x2><x3>1.71825E-08</x3><x4>8.35227E-10</x4><x5>5.50808E-08</x5><x6>2.58288E-09</x6></dataPoint>
        <dataPoint><x1>0.000656</x1><x2>5.71960E-08</x2><x3>1.73185E-08</x3><x4>0.00000E+00</x4><x5>5.01408E-08</x5><x6>0.00000E+00</x6></dataPoint>
        <dataPoint><x1>0.000664</x1><x2>5.18296E-08</x2><x3>2.78021E-08</x3><x4>1.50466E-09</x4><x5>5.35407E-08</x5><x6>3.33563E-09</x6></dataPoint>
        <dataPoint><x1>0.000672</x1><x2>4.56120E-08</x2><x3>1.87058E-08</x3><x4>0.00000E+00</x4><x5>4.58660E-08</x5><x6>0.00000E+00</x6></dataPoint>
        <dataPoint><x1>0.000680</x1><x2>4.33102E-08</x2><x3>1.73607E-08</x3><x4>0.00000E+00</x4><x5>3.99656E-08</x5><x6>0.00000E+00</x6></dataPoint>
        <dataPoint><x1>0.000688</x1><x2>4.76170E-08</x2><x3>2.09334E-08</x3><x4>0.00000E+00</x4><x5>4.90832E-08</x5><x6>3.57926E-09</x6></dataPoint>
        <dataPoint><x1>0.000696</x1><x2>4.38603E-08</x2><x3>2.09636E-08</x3><x4>0.00000E+00</x4><x5>4.69079E-08</x5><x6>0.00000E+00</x6></dataPoint>
        <dataPoint><x1>0.000704</x1><x2>4.64199E-08</x2><x3>2.30887E-08</x3><x4>2.21308E-09</x4><x5>4.53090E-08</x5><x6>0.00000E+00</x6></dataPoint>
        <dataPoint><x1>0.000712</x1><x2>4.00496E-08</x2><x3>1.94464E-08</x3><x4>1.37678E-09</x4><x5>4.64422E-08</x5><x6>0.00000E+00</x6></dataPoint>
        <dataPoint><x1>0.000720</x1><x2>5.61238E-08</x2><x3>2.18855E-08</x3><x4>0.00000E+00</x4><x5>5.21449E-08</x5><x6>0.00000E+00</x6></dataPoint>
        <dataPoint><x1>0.000728</x1><x2>4.42262E-08</x2><x3>1.71636E-08</x3><x4>0.00000E+00</x4><x5>4.48552E-08</x5><x6>5.44408E-09</x6></dataPoint>
        <dataPoint><x1>0.000736</x1><x2>4.79941E-08</x2><x3>2.22567E-08</x3><x4>0.00000E+00</x4><x5>5.31425E-08</x5><x6>0.00000E+00</x6></dataPoint>
        <dataPoint><x1>0.000744</x1><x2>4.96400E-08</x2><x3>1.79668E-08</x3><x4>0.00000E+00</x4><x5>4.74593E-08</x5><x6>2.22413E-09</x6></dataPoint>
        <dataPoint><x1>0.000752</x1><x2>5.61458E-08</x2><x3>2.19713E-08</x3><x4>0.00000E+00</x4><x5>4.72024E-08</x5><x6>2.51436E-09</x6></dataPoint>
        <dataPoint><x1>0.000760</x1><x2>5.94391E-08</x2><x3>1.49835E-08</x3><x4>1.54590E-09</x4><x5>4.27610E-08</x5><x6>0.00000E+00</x6></dataPoint>
        <dataPoint><x1>0.000768</x1><x2>4.36638E-08</x2><x3>1.71603E-08</x3><x4>1.54138E-09</x4><x5>4.57397E-08</x5><x6>2.31230E-09</x6></dataPoint>
        <dataPoint><x1>0.000776</x1><x2>3.98832E-08</x2><x3>1.62504E-08</x3><x4>0.00000E+00</x4><x5>4.38033E-08</x5><x6>0.00000E+00</x6></dataPoint>
        <dataPoint><x1>0.000784</x1><x2>4.27663E-08</x2><x3>1.24256E-08</x3><x4>1.43480E-09</x4><x5>4.60539E-08</x5><x6>0.00000E+00</x6></dataPoint>
        <dataPoint><x1>0.000792</x1><x2>4.98706E-08</x2><x3>1.89884E-08</x3><x4>2.46152E-09</x4><x5>5.35733E-08</x5><x6>3.69963E-09</x6></dataPoint>
        <dataPoint><x1>0.000800</x1><x2>5.04351E-08</x2><x3>1.57250E-08</x3><x4>2.27508E-09</x4><x5>4.31217E-08</x5><x6>0.00000E+00</x6></dataPoint>
        <dataPoint><x1>0.000808</x1><x2>4.61651E-08</x2><x3>1.92932E-08</x3><x4>0.00000E+00</x4><x5>4.53160E-08</x5><x6>0.00000E+00</x6></dataPoint>
        <dataPoint><x1>0.000816</x1><x2>3.41555E-08</x2><x3>1.58426E-08</x3><x4>0.00000E+00</x4><x5>4.46904E-08</x5><x6>0.00000E+00</x6></dataPoint>
        <dataPoint><x1>0.000824</x1><x2>5.25250E-08</x2><x3>2.16428E-08</x3><x4>0.00000E+00</x4><x5>5.38515E-08</x5><x6>4.06092E-09</x6></dataPoint>
        <dataPoint><x1>0.000832</x1><x2>4.58038E-08</x2><x3>1.40181E-08</x3><x4>0.00000E+00</x4><x5>4.98218E-08</x5><x6>0.00000E+00</x6></dataPoint>
        <dataPoint><x1>0.000840</x1><x2>4.43818E-08</x2><x3>1.91905E-08</x3><x4>0.00000E+00</x4><x5>5.52381E-08</x5><x6>0.00000E+00</x6></dataPoint>
        <dataPoint><x1>0.000848</x1><x2>5.94583E-08</x2><x3>2.02631E-08</x3><x4>0.00000E+00</x4><x5>4.69052E-08</x5><x6>0.00000E+00</x6></dataPoint>
        <dataPoint><x1>0.000856</x1><x2>5.29882E-08</x2><x3>2.27346E-08</x3><x4>0.00000E+00</x4><x5>5.33939E-08</x5><x6>0.00000E+00</x6></dataPoint>
        <dataPoint><x1>0.000864</x1><x2>4.09227E-08</x2><x3>1.97304E-08</x3><x4>1.21775E-09</x4><x5>4.71052E-08</x5><x6>0.00000E+00</x6></dataPoint>
        <dataPoint><x1>0.000872</x1><x2>4.76536E-08</x2><x3>2.11632E-08</x3><x4>1.40884E-09</x4><x5>5.02694E-08</x5><x6>0.00000E+00</x6></dataPoint>
        <dataPoint><x1>0.000880</x1><x2>4.64805E-08</x2><x3>1.92855E-08</x3><x4>0.00000E+00</x4><x5>5.39300E-08</x5><x6>0.00000E+00</x6></dataPoint>
        <dataPoint><x1>0.000888</x1><x2>3.78746E-08</x2><x3>2.28753E-08</x3><x4>1.41545E-09</x4><x5>4.44951E-08</x5><x6>0.00000E+00</x6></dataPoint>
        <dataPoint><x1>0.000896</x1><x2>4.60287E-08</x2><x3>1.65575E-08</x3><x4>0.00000E+00</x4><x5>4.73257E-08</x5><x6>3.03086E-09</x6></dataPoint>
        <dataPoint><x1>0.000904</x1><x2>4.86088E-08</x2><x3>1.96386E-08</x3><x4>0.00000E+00</x4><x5>4.70379E-08</x5><x6>4.36436E-09</x6></dataPoint>
        <dataPoint><x1>0.000912</x1><x2>4.86625E-08</x2><x3>1.69306E-08</x3><x4>0.00000E+00</x4><x5>4.68148E-08</x5><x6>0.00000E+00</x6></dataPoint>
        <dataPoint><x1>0.000920</x1><x2>4.74162E-08</x2><x3>1.97003E-08</x3><x4>0.00000E+00</x4><x5>4.96096E-08</x5><x6>0.00000E+00</x6></dataPoint>
        <dataPoint><x1>0.000928</x1><x2>4.11401E-08</x2><x3>1.30795E-08</x3><x4>0.00000E+00</x4><x5>4.74686E-08</x5><x6>0.00000E+00</x6></dataPoint>
        <dataPoint><x1>0.000936</x1><x2>4.95374E-08</x2><x3>1.78615E-08</x3><x4>0.00000E+00</x4><x5>4.36788E-08</x5><x6>0.00000E+00</x6></dataPoint>
        <dataPoint><x1>0.000944</x1><x2>5.08536E-08</x2><x3>1.87229E-08</x3><x4>1.29015E-09</x4><x5>5.25272E-08</x5><x6>0.00000E+00</x6></dataPoint>
        <dataPoint><x1>0.000952</x1><x2>5.29204E-08</x2><x3>2.09199E-08</x3><x4>0.00000E+00</x4><x5>5.18169E-08</x5><x6>0.00000E+00</x6></dataPoint>
        <dataPoint><x1>0.000960</x1><x2>4.68135E-08</x2><x3>2.09335E-08</x3><x4>0.00000E+00</x4><x5>4.83932E-08</x5><x6>2.19538E-09</x6></dataPoint>
        <dataPoint><x1>0.000968</x1><x2>5.15545E-08</x2><x3>2.05192E-08</x3><x4>0.00000E+00</x4><x5>5.09911E-08</x5><x6>0.00000E+00</x6></dataPoint>
        <dataPoint><x1>0.000976</x1><x2>5.63755E-08</x2><x3>2.60164E-08</x3><x4>0.00000E+00</x4><x5>4.77879E-08</x5><x6>0.00000E+00</x6></dataPoint>
        <dataPoint><x1>0.000984</x1><x2>5.04349E-08</x2><x3>1.73241E-08</x3><x4>0.00000E+00</x4><x5>5.66149E-08</x5><x6>0.00000E+00</x6></dataPoint>
        <dataPoint><x1>0.000992</x1><x2>4.42624E-08</x2><x3>1.39142E-08</x3><x4>0.00000E+00</x4><x5>4.60324E-08</x5><x6>0.00000E+00</x6></dataPoint>
        <dataPoint><x1>0.001000</x1><x2>5.57214E-08</x2><x3>1.77120E-08</x3><x4>0.00000E+00</x4><x5>5.06421E-08</x5><x6>0.00000E+00</x6></dataPoint>
        <dataPoint><x1>0.001008</x1><x2>5.22561E-08</x2><x3>1.90216E-08</x3><x4>0.00000E+00</x4><x5>4.45861E-08</x5><x6>2.86391E-09</x6></dataPoint>
        <dataPoint><x1>0.001016</x1><x2>4.35673E-08</x2><x3>1.37168E-08</x3><x4>0.00000E+00</x4><x5>4.92185E-08</x5><x6>0.00000E+00</x6></dataPoint>
        <dataPoint><x1>0.001024</x1><x2>5.55524E-08</x2><x3>2.55095E-08</x3><x4>0.00000E+00</x4><x5>5.70599E-08</x5><x6>0.00000E+00</x6></dataPoint>
        <dataPoint><x1>0.001032</x1><x2>4.75414E-08</x2><x3>2.12703E-08</x3><x4>1.56911E-09</x4><x5>4.78020E-08</x5><x6>0.00000E+00</x6></dataPoint>
        <dataPoint><x1>0.001040</x1><x2>5.09164E-08</x2><x3>2.21706E-08</x3><x4>0.00000E+00</x4><x5>5.25633E-08</x5><x6>0.00000E+00</x6></dataPoint>
        <dataPoint><x1>0.001048</x1><x2>5.21275E-08</x2><x3>2.03037E-08</x3><x4>8.13730E-10</x4><x5>5.12091E-08</x5><x6>0.00000E+00</x6></dataPoint>
        <dataPoint><x1>0.001056</x1><x2>3.59106E-08</x2><x3>1.68889E-08</x3><x4>0.00000E+00</x4><x5>4.38138E-08</x5><x6>1.90337E-09</x6></dataPoint>
        <dataPoint><x1>0.001064</x1><x2>4.68120E-08</x2><x3>2.18540E-08</x3><x4>0.00000E+00</x4><x5>4.67690E-08</x5><x6>3.11166E-09</x6></dataPoint>
        <dataPoint><x1>0.001072</x1><x2>5.00620E-08</x2><x3>1.77048E-08</x3><x4>0.00000E+00</x4><x5>5.03317E-08</x5><x6>0.00000E+00</x6></dataPoint>
        <dataPoint><x1>0.001080</x1><x2>4.59336E-08</x2><x3>2.20160E-08</x3><x4>0.00000E+00</x4><x5>5.59627E-08</x5><x6>0.00000E+00</x6></dataPoint>
        <dataPoint><x1>0.001088</x1><x2>4.60428E-08</x2><x3>1.53118E-08</x3><x4>0.00000E+00</x4><x5>4.11131E-08</x5><x6>0.00000E+00</x6></dataPoint>
        <dataPoint><x1>0.001096</x1><x2>5.25636E-08</x2><x3>1.67975E-08</x3><x4>0.00000E+00</x4><x5>5.07765E-08</x5><x6>0.00000E+00</x6></dataPoint>
        <dataPoint><x1>0.001104</x1><x2>3.91982E-08</x2><x3>1.61429E-08</x3><x4>0.00000E+00</x4><x5>4.46797E-08</x5><x6>0.00000E+00</x6></dataPoint>
        <dataPoint><x1>0.001112</x1><x2>5.19143E-08</x2><x3>1.59575E-08</x3><x4>0.00000E+00</x4><x5>4.96125E-08</x5><x6>0.00000E+00</x6></dataPoint>
        <dataPoint><x1>0.001120</x1><x2>4.91071E-08</x2><x3>2.14490E-08</x3><x4>9.73257E-10</x4><x5>4.94740E-08</x5><x6>0.00000E+00</x6></dataPoint>
        <dataPoint><x1>0.001128</x1><x2>5.24699E-08</x2><x3>1.82204E-08</x3><x4>0.00000E+00</x4><x5>4.59063E-08</x5><x6>0.00000E+00</x6></dataPoint>
        <dataPoint><x1>0.001136</x1><x2>4.12276E-08</x2><x3>1.66580E-08</x3><x4>0.00000E+00</x4><x5>4.19844E-08</x5><x6>0.00000E+00</x6></dataPoint>
        <dataPoint><x1>0.001144</x1><x2>4.06936E-08</x2><x3>1.08229E-08</x3><x4>0.00000E+00</x4><x5>4.70304E-08</x5><x6>0.00000E+00</x6></dataPoint>
        <dataPoint><x1>0.001152</x1><x2>4.29352E-08</x2><x3>2.18329E-08</x3><x4>0.00000E+00</x4><x5>4.83612E-08</x5><x6>0.00000E+00</x6></dataPoint>
        <dataPoint><x1>0.001160</x1><x2>5.75172E-08</x2><x3>2.40019E-08</x3><x4>0.00000E+00</x4><x5>5.73674E-08</x5><x6>0.00000E+00</x6></dataPoint>
        <dataPoint><x1>0.001168</x1><x2>4.87277E-08</x2><x3>2.51589E-08</x3><x4>1.33352E-09</x4><x5>4.85832E-08</x5><x6>0.00000E+00</x6></dataPoint>
        <dataPoint><x1>0.001176</x1><x2>3.80112E-08</x2><x3>1.61903E-08</x3><x4>0.00000E+00</x4><x5>4.66731E-08</x5><x6>2.11265E-09</x6></dataPoint>
        <dataPoint><x1>0.001184</x1><x2>4.89586E-08</x2><x3>1.45379E-08</x3><x4>0.00000E+00</x4><x5>4.95564E-08</x5><x6>0.00000E+00</x6></dataPoint>
        <dataPoint><x1>0.001192</x1><x2>4.85388E-08</x2><x3>1.76690E-08</x3><x4>0.00000E+00</x4><x5>5.01366E-08</x5><x6>0.00000E+00</x6></dataPoint>
        <dataPoint><x1>0.001200</x1><x2>4.35584E-08</x2><x3>2.12547E-08</x3><x4>0.00000E+00</x4><x5>4.29387E-08</x5><x6>0.00000E+00</x6></dataPoint>
        <dataPoint><x1>0.001208</x1><x2>4.54258E-08</x2><x3>1.45490E-08</x3><x4>0.00000E+00</x4><x5>4.89633E-08</x5><x6>0.00000E+00</x6></dataPoint>
        <dataPoint><x1>0.001216</x1><x2>4.70083E-08</x2><x3>1.83378E-08</x3><x4>0.00000E+00</x4><x5>4.96279E-08</x5><x6>4.76670E-09</x6></dataPoint>
        <dataPoint><x1>0.001224</x1><x2>5.57200E-08</x2><x3>2.00498E-08</x3><x4>0.00000E+00</x4><x5>5.06637E-08</x5><x6>0.00000E+00</x6></dataPoint>
        <dataPoint><x1>0.001232</x1><x2>4.68974E-08</x2><x3>2.03133E-08</x3><x4>0.00000E+00</x4><x5>4.57814E-08</x5><x6>0.00000E+00</x6></dataPoint>
        <dataPoint><x1>0.001240</x1><x2>4.21640E-08</x2><x3>1.24671E-08</x3><x4>0.00000E+00</x4><x5>4.15790E-08</x5><x6>0.00000E+00</x6></dataPoint>
        <dataPoint><x1>0.001248</x1><x2>5.66629E-08</x2><x3>1.94087E-08</x3><x4>0.00000E+00</x4><x5>4.96470E-08</x5><x6>0.00000E+00</x6></dataPoint>
        <dataPoint><x1>0.001256</x1><x2>4.86704E-08</x2><x3>1.68641E-08</x3><x4>0.00000E+00</x4><x5>4.87623E-08</x5><x6>0.00000E+00</x6></dataPoint>
        <dataPoint><x1>0.001264</x1><x2>4.92090E-08</x2><x3>1.44818E-08</x3><x4>0.00000E+00</x4><x5>4.74010E-08</x5><x6>0.00000E+00</x6></dataPoint>
        <dataPoint><x1>0.001272</x1><x2>5.18171E-08</x2><x3>1.37405E-08</x3><x4>0.00000E+00</x4><x5>4.91977E-08</x5><x6>2.90118E-09</x6></dataPoint>
        <dataPoint><x1>0.001280</x1><x2>5.56589E-08</x2><x3>1.90516E-08</x3><x4>0.00000E+00</x4><x5>5.31258E-08</x5><x6>0.00000E+00</x6></dataPoint>
        <dataPoint><x1>0.001288</x1><x2>4.23033E-08</x2><x3>1.85503E-08</x3><x4>0.00000E+00</x4><x5>3.89833E-08</x5><x6>0.00000E+00</x6></dataPoint>
        <dataPoint><x1>0.001296</x1><x2>5.93898E-08</x2><x3>2.58600E-08</x3><x4>0.00000E+00</x4><x5>4.94321E-08</x5><x6>0.00000E+00</x6></dataPoint>
        <dataPoint><x1>0.001304</x1><x2>4.14898E-08</x2><x3>1.71477E-08</x3><x4>0.00000E+00</x4><x5>4.49577E-08</x5><x6>0.00000E+00</x6></dataPoint>
        <dataPoint><x1>0.001312</x1><x2>4.20472E-08</x2><x3>1.54966E-08</x3><x4>0.00000E+00</x4><x5>4.73021E-08</x5><x6>0.00000E+00</x6></dataPoint>
        <dataPoint><x1>0.001320</x1><x2>5.13252E-08</x2><x3>2.10091E-08</x3><x4>2.05513E-09</x4><x5>4.88707E-08</x5><x6>3.66739E-09</x6></dataPoint>
        <dataPoint><x1>0.001328</x1><x2>4.16036E-08</x2><x3>1.67056E-08</x3><x4>0.00000E+00</x4><x5>4.72017E-08</x5><x6>3.29031E-09</x6></dataPoint>
        <dataPoint><x1>0.001336</x1><x2>4.63168E-08</x2><x3>1.96147E-08</x3><x4>0.00000E+00</x4><x5>4.94855E-08</x5><x6>0.00000E+00</x6></dataPoint>
        <dataPoint><x1>0.001344</x1><x2>5.76180E-08</x2><x3>2.24807E-08</x3><x4>1.52823E-09</x4><x5>5.40620E-08</x5><x6>0.00000E+00</x6></dataPoint>
        <dataPoint><x1>0.001352</x1><x2>4.57543E-08</x2><x3>1.34961E-08</x3><x4>0.00000E+00</x4><x5>4.75693E-08</x5><x6>0.00000E+00</x6></dataPoint>
        <dataPoint><x1>0.001360</x1><x2>4.29337E-08</x2><x3>1.42965E-08</x3><x4>0.00000E+00</x4><x5>4.46900E-08</x5><x6>0.00000E+00</x6></dataPoint>
        <dataPoint><x1>0.001368</x1><x2>4.42169E-08</x2><x3>1.19767E-08</x3><x4>0.00000E+00</x4><x5>4.88678E-08</x5><x6>0.00000E+00</x6></dataPoint>
        <dataPoint><x1>0.001376</x1><x2>4.55050E-08</x2><x3>1.98395E-08</x3><x4>0.00000E+00</x4><x5>4.90760E-08</x5><x6>0.00000E+00</x6></dataPoint>
        <dataPoint><x1>0.001384</x1><x2>4.83841E-08</x2><x3>2.41273E-08</x3><x4>0.00000E+00</x4><x5>4.36420E-08</x5><x6>0.00000E+00</x6></dataPoint>
        <dataPoint><x1>0.001392</x1><x2>4.13171E-08</x2><x3>1.94011E-08</x3><x4>0.00000E+00</x4><x5>4.94164E-08</x5><x6>0.00000E+00</x6></dataPoint>
        <dataPoint><x1>0.001400</x1><x2>4.40819E-08</x2><x3>1.40769E-08</x3><x4>0.00000E+00</x4><x5>4.79170E-08</x5><x6>0.00000E+00</x6></dataPoint>
        <dataPoint><x1>0.001408</x1><x2>3.78593E-08</x2><x3>1.62635E-08</x3><x4>0.00000E+00</x4><x5>4.58844E-08</x5><x6>0.00000E+00</x6></dataPoint>
        <dataPoint><x1>0.001416</x1><x2>3.98683E-08</x2><x3>1.64947E-08</x3><x4>0.00000E+00</x4><x5>4.69714E-08</x5><x6>0.00000E+00</x6></dataPoint>
        <dataPoint><x1>0.001424</x1><x2>5.52082E-08</x2><x3>1.56815E-08</x3><x4>0.00000E+00</x4><x5>5.41330E-08</x5><x6>0.00000E+00</x6></dataPoint>
        <dataPoint><x1>0.001432</x1><x2>4.22330E-08</x2><x3>2.19400E-08</x3><x4>0.00000E+00</x4><x5>4.27133E-08</x5><x6>0.00000E+00</x6></dataPoint>
        <dataPoint><x1>0.001440</x1><x2>4.39392E-08</x2><x3>1.50756E-08</x3><x4>1.45110E-09</x4><x5>4.68254E-08</x5><x6>0.00000E+00</x6></dataPoint>
        <dataPoint><x1>0.001448</x1><x2>4.70187E-08</x2><x3>1.60489E-08</x3><x4>1.09302E-09</x4><x5>4.76482E-08</x5><x6>0.00000E+00</x6></dataPoint>
        <dataPoint><x1>0.001456</x1><x2>5.18212E-08</x2><x3>2.00558E-08</x3><x4>0.00000E+00</x4><x5>4.67849E-08</x5><x6>0.00000E+00</x6></dataPoint>
        <dataPoint><x1>0.001464</x1><x2>5.07326E-08</x2><x3>1.48432E-08</x3><x4>0.00000E+00</x4><x5>4.83959E-08</x5><x6>0.00000E+00</x6></dataPoint>
        <dataPoint><x1>0.001472</x1><x2>5.62361E-08</x2><x3>1.96169E-08</x3><x4>0.00000E+00</x4><x5>5.11676E-08</x5><x6>0.00000E+00</x6></dataPoint>
        <dataPoint><x1>0.001480</x1><x2>6.50804E-08</x2><x3>2.40609E-08</x3><x4>1.53615E-09</x4><x5>5.62729E-08</x5><x6>0.00000E+00</x6></dataPoint>
        <dataPoint><x1>0.001488</x1><x2>4.65463E-08</x2><x3>1.98167E-08</x3><x4>0.00000E+00</x4><x5>5.13054E-08</x5><x6>0.00000E+00</x6></dataPoint>
        <dataPoint><x1>0.001496</x1><x2>3.66066E-08</x2><x3>2.17129E-08</x3><x4>0.00000E+00</x4><x5>5.03243E-08</x5><x6>0.00000E+00</x6></dataPoint>
        <dataPoint><x1>0.001504</x1><x2>4.26756E-08</x2><x3>1.71982E-08</x3><x4>0.00000E+00</x4><x5>4.76951E-08</x5><x6>0.00000E+00</x6></dataPoint>
    </dataGroup>
</experiment>
