<experiment>
    <fileAuthor>Chemical Kinetics Laboratory, Institute of Chemistry, ELTE, Budapest, Hungary</fileAuthor>
    <fileDOI>10.24388/x50003009</fileDOI>
    <fileVersion>
        <major>2</major>
        <minor>0</minor>
    </fileVersion>
    <ReSpecThVersion>
        <major>2</major>
        <minor>3</minor>
    </ReSpecThVersion>
    <firstPublicationDate>2015-10-11</firstPublicationDate>
    <lastModificationDate>2020-11-13</lastModificationDate>
    <bibliographyLink>
        <description>J. Kiecherer, C. Baensch, T. Bentz, M. Olzmann, Proc. Combust. Inst., 35, 2015, 465-472.</description>
        <referenceDOI>10.1016/j.proci.2014.05.086</referenceDOI>
        <location>Main Article + Personal Communication Channel with author, 1396 K series</location>
        <details>
            <author>Kiecherer, Johannes and B{\"{a}}nsch, Cornelie and Bentz, Tobias and Olzmann, Matthias</author>
            <journal>Proc Combust Inst</journal>
            <number>1</number>
            <pages>465--472</pages>
            <title>Pyrolysis of ethanol: A shock-tube/TOF-MS and modeling study</title>
            <volume>35</volume>
            <year>2015</year>
        </details>
    </bibliographyLink>
    <experimentType>concentration time profile measurement</experimentType>
    <apparatus>
        <kind>shock tube</kind>
    </apparatus>
    <commonProperties>
        <property name="initial composition"           sourcetype="reported"  >
            <component><speciesLink preferredKey="Ne"      CAS="7440-01-9"  InChI="1S/Ne"                        SMILES="[Ne]"  chemName="neon"    /><amount units="mol/cm3" >9.10E-06</amount></component>
            <component><speciesLink preferredKey="C2H5OH"  CAS="64-17-5"    InChI="1S/C2H6O/c1-2-3/h3H,2H2,1H3"  SMILES="CCO"   chemName="ethanol" /><amount units="mol/cm3" >9.30E-08</amount></component>
            <component><speciesLink preferredKey="Kr"      CAS="7439-90-9"  InChI="1S/Kr"                        SMILES="[Kr]"  chemName="krypton" /><amount units="mol/cm3" >9.30E-08</amount></component>
        </property>
        <property name="temperature"                   label="T"  sourcetype="reported"   units="K"             ><value>1400</value></property>
        <property name="pressure"                      label="P"  sourcetype="reported"   units="bar"           ><value>1.10</value></property>
        <property name="evaluated standard deviation"  sourcetype="estimated"  units="mole fraction"  reference="composition"  kind="absolute"  method="statistical scatter" >
            <speciesLink preferredKey="H2O"     CAS="7732-18-5"  InChI="1S/H2O/h1H2"                  SMILES="O"     chemName="water"        />
            <value>0.0111</value>
        </property>
        <property name="evaluated standard deviation"  sourcetype="estimated"  units="mole fraction"  reference="composition"  kind="absolute"  method="statistical scatter" >
            <speciesLink preferredKey="CH4"     CAS="74-82-8"    InChI="1S/CH4/h1H4"                  SMILES="C"     chemName="methane"      />
            <value>0.00668</value>
        </property>
        <property name="evaluated standard deviation"  sourcetype="estimated"  units="mole fraction"  reference="composition"  kind="absolute"  method="statistical scatter" >
            <speciesLink preferredKey="CH3CHO"  CAS="75-07-0"    InChI="1S/C2H4O/c1-2-3/h2H,1H3"      SMILES="CC=O"  chemName="acetaldehyde" />
            <value>0.0036</value>
        </property>
        <property name="evaluated standard deviation"  sourcetype="estimated"  units="mole fraction"  reference="composition"  kind="absolute"  method="statistical scatter" >
            <speciesLink preferredKey="C2Hn"    CAS=""           InChI=""                             SMILES=""      chemName=""             />
            <value>0.00868</value>
        </property>
        <property name="evaluated standard deviation"  sourcetype="estimated"  units="mole fraction"  reference="composition"  kind="absolute"  method="statistical scatter" >
            <speciesLink preferredKey="C2H5OH"  CAS="64-17-5"    InChI="1S/C2H6O/c1-2-3/h3H,2H2,1H3"  SMILES="CCO"   chemName="ethanol"      />
            <value>0.0179</value>
        </property>
    </commonProperties>
    <dataGroup id="dg1">
        <property name="time"           id="x1"   label="t"         sourcetype="reported"  units="s"       />
        <property name="concentration"  id="x2"   label="[H2O]"     sourcetype="reported"  units="mol/cm3" >
            <speciesLink preferredKey="H2O"     CAS="7732-18-5"  InChI="1S/H2O/h1H2"                  SMILES="O"     chemName="water"        />
        </property>
        <property name="concentration"  id="x3"   label="[CH4]"     sourcetype="reported"  units="mol/cm3" >
            <speciesLink preferredKey="CH4"     CAS="74-82-8"    InChI="1S/CH4/h1H4"                  SMILES="C"     chemName="methane"      />
        </property>
        <property name="concentration"  id="x4"   label="[CH3CHO]"  sourcetype="reported"  units="mol/cm3" >
            <speciesLink preferredKey="CH3CHO"  CAS="75-07-0"    InChI="1S/C2H4O/c1-2-3/h2H,1H3"      SMILES="CC=O"  chemName="acetaldehyde" />
        </property>
        <property name="concentration"  id="x5"   label="[C2Hn]"    sourcetype="reported"  units="mol/cm3" >
            <speciesLink preferredKey="C2H2"    CAS="74-86-2"    InChI="1S/C2H2/c1-2/h1-2H"           SMILES="C#C"   chemName="acetylene"    />
            <speciesLink preferredKey="C2H4"    CAS="74-85-1"    InChI="1S/C2H4/c1-2/h1-2H2"          SMILES="C=C"   chemName="ethene"       />
            <speciesLink preferredKey="C2H6"    CAS="74-84-0"    InChI="1S/C2H6/c1-2/h1-2H3"          SMILES="CC"    chemName="ethane"       />
        </property>
        <property name="concentration"  id="x6"   label="[C2H5OH]"  sourcetype="reported"  units="mol/cm3" >
            <speciesLink preferredKey="C2H5OH"  CAS="64-17-5"    InChI="1S/C2H6O/c1-2-3/h3H,2H2,1H3"  SMILES="CCO"   chemName="ethanol"      />
        </property>

        <dataPoint><x1>0.000000</x1><x2>0.00000E+00</x2><x3>0.00000E+00</x3><x4>0.00000E+00</x4><x5>0.00000E+00</x5><x6>3.91693E-08</x6></dataPoint>
        <dataPoint><x1>0.000008</x1><x2>0.00000E+00</x2><x3>0.00000E+00</x3><x4>0.00000E+00</x4><x5>0.00000E+00</x5><x6>9.73978E-08</x6></dataPoint>
        <dataPoint><x1>0.000032</x1><x2>0.00000E+00</x2><x3>0.00000E+00</x3><x4>0.00000E+00</x4><x5>2.30597E-08</x5><x6>1.06997E-07</x6></dataPoint>
        <dataPoint><x1>0.000040</x1><x2>0.00000E+00</x2><x3>0.00000E+00</x3><x4>1.09371E-08</x4><x5>0.00000E+00</x5><x6>8.13177E-08</x6></dataPoint>
        <dataPoint><x1>0.000048</x1><x2>0.00000E+00</x2><x3>0.00000E+00</x3><x4>0.00000E+00</x4><x5>0.00000E+00</x5><x6>6.13836E-08</x6></dataPoint>
        <dataPoint><x1>0.000056</x1><x2>3.42522E-08</x2><x3>6.38260E-09</x3><x4>0.00000E+00</x4><x5>0.00000E+00</x5><x6>5.38143E-08</x6></dataPoint>
        <dataPoint><x1>0.000064</x1><x2>1.60015E-08</x2><x3>0.00000E+00</x3><x4>0.00000E+00</x4><x5>0.00000E+00</x5><x6>2.27237E-07</x6></dataPoint>
        <dataPoint><x1>0.000072</x1><x2>4.58350E-09</x2><x3>0.00000E+00</x3><x4>2.05269E-08</x4><x5>0.00000E+00</x5><x6>1.24512E-07</x6></dataPoint>
        <dataPoint><x1>0.000080</x1><x2>1.98047E-08</x2><x3>0.00000E+00</x3><x4>1.71206E-08</x4><x5>4.32623E-08</x5><x6>1.53197E-07</x6></dataPoint>
        <dataPoint><x1>0.000088</x1><x2>2.86806E-08</x2><x3>5.65646E-09</x3><x4>1.51483E-08</x4><x5>0.00000E+00</x5><x6>6.77163E-08</x6></dataPoint>
        <dataPoint><x1>0.000096</x1><x2>3.36569E-08</x2><x3>1.49672E-09</x3><x4>1.00767E-08</x4><x5>2.38206E-08</x5><x6>4.40727E-08</x6></dataPoint>
        <dataPoint><x1>0.000104</x1><x2>4.42264E-08</x2><x3>0.00000E+00</x3><x4>1.36791E-08</x4><x5>1.80750E-08</x5><x6>7.85121E-08</x6></dataPoint>
        <dataPoint><x1>0.000112</x1><x2>2.17603E-08</x2><x3>0.00000E+00</x3><x4>5.70894E-09</x4><x5>4.34547E-08</x5><x6>1.17343E-07</x6></dataPoint>
        <dataPoint><x1>0.000120</x1><x2>2.18026E-08</x2><x3>0.00000E+00</x3><x4>1.87718E-08</x4><x5>1.38087E-08</x5><x6>1.32742E-07</x6></dataPoint>
        <dataPoint><x1>0.000128</x1><x2>1.16218E-08</x2><x3>2.71725E-09</x3><x4>1.36330E-08</x4><x5>2.52163E-08</x5><x6>5.20570E-08</x6></dataPoint>
        <dataPoint><x1>0.000136</x1><x2>1.83227E-08</x2><x3>1.46003E-08</x3><x4>2.68507E-09</x4><x5>3.20365E-08</x5><x6>3.63776E-08</x6></dataPoint>
        <dataPoint><x1>0.000144</x1><x2>1.44217E-08</x2><x3>8.39423E-09</x3><x4>9.42702E-09</x4><x5>2.26465E-08</x5><x6>5.86990E-08</x6></dataPoint>
        <dataPoint><x1>0.000152</x1><x2>3.17277E-08</x2><x3>1.00749E-08</x3><x4>1.07719E-08</x4><x5>2.08759E-08</x5><x6>3.81307E-08</x6></dataPoint>
        <dataPoint><x1>0.000160</x1><x2>2.86090E-08</x2><x3>1.09487E-08</x3><x4>5.50481E-09</x4><x5>1.17727E-08</x5><x6>4.75292E-08</x6></dataPoint>
        <dataPoint><x1>0.000168</x1><x2>4.41801E-08</x2><x3>0.00000E+00</x3><x4>1.40596E-08</x4><x5>2.71398E-08</x5><x6>1.99218E-08</x6></dataPoint>
        <dataPoint><x1>0.000176</x1><x2>2.65852E-08</x2><x3>4.33353E-09</x3><x4>2.67742E-09</x4><x5>1.70016E-08</x5><x6>3.84069E-08</x6></dataPoint>
        <dataPoint><x1>0.000184</x1><x2>2.32770E-08</x2><x3>1.05225E-08</x3><x4>9.25773E-09</x4><x5>1.90969E-08</x5><x6>6.78747E-08</x6></dataPoint>
        <dataPoint><x1>0.000192</x1><x2>3.43367E-08</x2><x3>4.16072E-09</x3><x4>1.39138E-08</x4><x5>4.41043E-08</x5><x6>1.96960E-08</x6></dataPoint>
        <dataPoint><x1>0.000200</x1><x2>3.92856E-08</x2><x3>1.07063E-08</x3><x4>5.77351E-09</x4><x5>2.80616E-08</x5><x6>5.10384E-08</x6></dataPoint>
        <dataPoint><x1>0.000208</x1><x2>2.06334E-08</x2><x3>9.84620E-09</x3><x4>1.32692E-08</x4><x5>1.72028E-08</x5><x6>2.75527E-08</x6></dataPoint>
        <dataPoint><x1>0.000216</x1><x2>4.84760E-08</x2><x3>1.72004E-08</x3><x4>6.37621E-09</x4><x5>3.19120E-08</x5><x6>2.58852E-08</x6></dataPoint>
        <dataPoint><x1>0.000224</x1><x2>3.17502E-08</x2><x3>1.07731E-08</x3><x4>4.88722E-09</x4><x5>3.60420E-08</x5><x6>4.12789E-08</x6></dataPoint>
        <dataPoint><x1>0.000232</x1><x2>4.32202E-08</x2><x3>5.43495E-09</x3><x4>1.32398E-08</x4><x5>1.92544E-08</x5><x6>3.78101E-08</x6></dataPoint>
        <dataPoint><x1>0.000240</x1><x2>5.32949E-08</x2><x3>1.09776E-08</x3><x4>1.65997E-08</x4><x5>3.55512E-08</x5><x6>3.25972E-08</x6></dataPoint>
        <dataPoint><x1>0.000248</x1><x2>5.77026E-08</x2><x3>1.29609E-08</x3><x4>9.07037E-09</x4><x5>3.30200E-08</x5><x6>4.09745E-08</x6></dataPoint>
        <dataPoint><x1>0.000256</x1><x2>2.63365E-08</x2><x3>1.02306E-08</x3><x4>1.71144E-08</x4><x5>3.61574E-08</x5><x6>3.12223E-08</x6></dataPoint>
        <dataPoint><x1>0.000264</x1><x2>4.55145E-08</x2><x3>0.00000E+00</x3><x4>1.64589E-08</x4><x5>3.75854E-08</x5><x6>1.89924E-08</x6></dataPoint>
        <dataPoint><x1>0.000272</x1><x2>2.45929E-08</x2><x3>1.26842E-08</x3><x4>1.08331E-08</x4><x5>4.15284E-08</x5><x6>3.87369E-08</x6></dataPoint>
        <dataPoint><x1>0.000280</x1><x2>1.97346E-08</x2><x3>1.52079E-08</x3><x4>3.45919E-09</x4><x5>3.47009E-08</x5><x6>2.24415E-08</x6></dataPoint>
        <dataPoint><x1>0.000288</x1><x2>3.49638E-08</x2><x3>1.71173E-08</x3><x4>9.62149E-09</x4><x5>3.58736E-08</x5><x6>2.90092E-08</x6></dataPoint>
        <dataPoint><x1>0.000296</x1><x2>3.92151E-08</x2><x3>1.63737E-08</x3><x4>4.67480E-09</x4><x5>4.02106E-08</x5><x6>1.33700E-08</x6></dataPoint>
        <dataPoint><x1>0.000304</x1><x2>4.18127E-08</x2><x3>1.68600E-08</x3><x4>1.10825E-08</x4><x5>3.69092E-08</x5><x6>2.04724E-08</x6></dataPoint>
        <dataPoint><x1>0.000312</x1><x2>3.34827E-08</x2><x3>1.01076E-08</x3><x4>8.95221E-09</x4><x5>3.26272E-08</x5><x6>2.37353E-08</x6></dataPoint>
        <dataPoint><x1>0.000320</x1><x2>6.07622E-08</x2><x3>7.19527E-09</x3><x4>7.47946E-09</x4><x5>3.50093E-08</x5><x6>2.29467E-08</x6></dataPoint>
        <dataPoint><x1>0.000328</x1><x2>3.44151E-08</x2><x3>1.58884E-08</x3><x4>1.03433E-08</x4><x5>3.11571E-08</x5><x6>3.07018E-08</x6></dataPoint>
        <dataPoint><x1>0.000336</x1><x2>3.45567E-08</x2><x3>1.99326E-08</x3><x4>5.00267E-09</x4><x5>4.30880E-08</x5><x6>4.74973E-08</x6></dataPoint>
        <dataPoint><x1>0.000344</x1><x2>2.33711E-08</x2><x3>1.02398E-08</x3><x4>9.41862E-09</x4><x5>4.32200E-08</x5><x6>4.34852E-08</x6></dataPoint>
        <dataPoint><x1>0.000352</x1><x2>7.59109E-08</x2><x3>2.76900E-08</x3><x4>1.20501E-08</x4><x5>3.94971E-08</x5><x6>4.62680E-08</x6></dataPoint>
        <dataPoint><x1>0.000360</x1><x2>4.99727E-08</x2><x3>1.32178E-08</x3><x4>3.70645E-09</x4><x5>3.58969E-08</x5><x6>2.95441E-08</x6></dataPoint>
        <dataPoint><x1>0.000368</x1><x2>4.12864E-08</x2><x3>9.65185E-09</x3><x4>8.02050E-09</x4><x5>3.58312E-08</x5><x6>1.85332E-08</x6></dataPoint>
        <dataPoint><x1>0.000376</x1><x2>3.02412E-08</x2><x3>1.79234E-08</x3><x4>1.07437E-08</x4><x5>4.48146E-08</x5><x6>2.75295E-08</x6></dataPoint>
        <dataPoint><x1>0.000384</x1><x2>7.00717E-08</x2><x3>1.33791E-08</x3><x4>9.81405E-09</x4><x5>3.83534E-08</x5><x6>1.65209E-08</x6></dataPoint>
        <dataPoint><x1>0.000392</x1><x2>3.85244E-08</x2><x3>2.72444E-08</x3><x4>6.09666E-09</x4><x5>5.95790E-08</x5><x6>2.29856E-08</x6></dataPoint>
        <dataPoint><x1>0.000400</x1><x2>4.47216E-08</x2><x3>2.11629E-08</x3><x4>1.07937E-08</x4><x5>4.88882E-08</x5><x6>3.14519E-08</x6></dataPoint>
        <dataPoint><x1>0.000408</x1><x2>3.97802E-08</x2><x3>1.57137E-08</x3><x4>1.12501E-08</x4><x5>3.67960E-08</x5><x6>2.45624E-08</x6></dataPoint>
        <dataPoint><x1>0.000416</x1><x2>3.42220E-08</x2><x3>6.33266E-09</x3><x4>1.05286E-08</x4><x5>2.69652E-08</x5><x6>2.13338E-08</x6></dataPoint>
        <dataPoint><x1>0.000424</x1><x2>3.25531E-08</x2><x3>2.58268E-08</x3><x4>1.40355E-08</x4><x5>4.54538E-08</x5><x6>2.46242E-08</x6></dataPoint>
        <dataPoint><x1>0.000432</x1><x2>4.41893E-08</x2><x3>1.78409E-08</x3><x4>1.17559E-08</x4><x5>5.31031E-08</x5><x6>1.68557E-08</x6></dataPoint>
        <dataPoint><x1>0.000440</x1><x2>3.41496E-08</x2><x3>2.51467E-08</x3><x4>1.33968E-08</x4><x5>5.59130E-08</x5><x6>4.15891E-08</x6></dataPoint>
        <dataPoint><x1>0.000448</x1><x2>4.08280E-08</x2><x3>1.18161E-08</x3><x4>5.50935E-09</x4><x5>4.47797E-08</x5><x6>2.24175E-08</x6></dataPoint>
        <dataPoint><x1>0.000456</x1><x2>3.82417E-08</x2><x3>4.40104E-08</x3><x4>9.75844E-09</x4><x5>5.39528E-08</x5><x6>6.05680E-08</x6></dataPoint>
        <dataPoint><x1>0.000464</x1><x2>3.86759E-08</x2><x3>1.32013E-08</x3><x4>1.32246E-08</x4><x5>3.53821E-08</x5><x6>2.33841E-08</x6></dataPoint>
        <dataPoint><x1>0.000472</x1><x2>3.51230E-08</x2><x3>4.39691E-08</x3><x4>1.38256E-08</x4><x5>3.20366E-08</x5><x6>4.02995E-08</x6></dataPoint>
        <dataPoint><x1>0.000480</x1><x2>5.79464E-08</x2><x3>2.30247E-08</x3><x4>4.22236E-09</x4><x5>3.31273E-08</x5><x6>2.29474E-08</x6></dataPoint>
        <dataPoint><x1>0.000488</x1><x2>3.55678E-08</x2><x3>1.63565E-08</x3><x4>8.53992E-09</x4><x5>4.81482E-08</x5><x6>3.09431E-08</x6></dataPoint>
        <dataPoint><x1>0.000496</x1><x2>3.11479E-08</x2><x3>7.81643E-09</x3><x4>5.26593E-09</x4><x5>4.53119E-08</x5><x6>1.12981E-08</x6></dataPoint>
        <dataPoint><x1>0.000504</x1><x2>5.06083E-08</x2><x3>1.71562E-08</x3><x4>9.94139E-09</x4><x5>3.11915E-08</x5><x6>1.49219E-08</x6></dataPoint>
        <dataPoint><x1>0.000512</x1><x2>4.41269E-08</x2><x3>1.90603E-08</x3><x4>8.32392E-09</x4><x5>3.17604E-08</x5><x6>1.97826E-08</x6></dataPoint>
        <dataPoint><x1>0.000520</x1><x2>5.63644E-08</x2><x3>2.30699E-08</x3><x4>3.15312E-09</x4><x5>3.06589E-08</x5><x6>2.31520E-08</x6></dataPoint>
        <dataPoint><x1>0.000528</x1><x2>4.72863E-08</x2><x3>1.95209E-08</x3><x4>1.11362E-08</x4><x5>4.11380E-08</x5><x6>2.45252E-08</x6></dataPoint>
        <dataPoint><x1>0.000536</x1><x2>4.79591E-08</x2><x3>1.56203E-08</x3><x4>6.88379E-09</x4><x5>3.25881E-08</x5><x6>2.54863E-08</x6></dataPoint>
        <dataPoint><x1>0.000544</x1><x2>3.84521E-08</x2><x3>1.47455E-08</x3><x4>7.15720E-09</x4><x5>3.50395E-08</x5><x6>2.22665E-08</x6></dataPoint>
        <dataPoint><x1>0.000552</x1><x2>4.15370E-08</x2><x3>1.06701E-08</x3><x4>6.26674E-09</x4><x5>4.88803E-08</x5><x6>2.20097E-08</x6></dataPoint>
        <dataPoint><x1>0.000560</x1><x2>9.01319E-08</x2><x3>1.62324E-08</x3><x4>9.17842E-09</x4><x5>4.27849E-08</x5><x6>2.83662E-08</x6></dataPoint>
        <dataPoint><x1>0.000568</x1><x2>5.54353E-08</x2><x3>1.24003E-08</x3><x4>5.80940E-09</x4><x5>3.87518E-08</x5><x6>8.21002E-09</x6></dataPoint>
        <dataPoint><x1>0.000576</x1><x2>5.44434E-08</x2><x3>2.10472E-08</x3><x4>7.99599E-09</x4><x5>2.48829E-08</x5><x6>2.27057E-08</x6></dataPoint>
        <dataPoint><x1>0.000584</x1><x2>5.98557E-08</x2><x3>1.25333E-08</x3><x4>6.76182E-09</x4><x5>4.61449E-08</x5><x6>2.73395E-08</x6></dataPoint>
        <dataPoint><x1>0.000592</x1><x2>4.19242E-08</x2><x3>3.89575E-08</x3><x4>7.38386E-09</x4><x5>5.90518E-08</x5><x6>2.84004E-08</x6></dataPoint>
        <dataPoint><x1>0.000600</x1><x2>5.05647E-08</x2><x3>2.05754E-08</x3><x4>1.12205E-08</x4><x5>3.89999E-08</x5><x6>3.05319E-08</x6></dataPoint>
        <dataPoint><x1>0.000608</x1><x2>4.82590E-08</x2><x3>1.56188E-08</x3><x4>1.27013E-08</x4><x5>4.73543E-08</x5><x6>2.55423E-08</x6></dataPoint>
        <dataPoint><x1>0.000616</x1><x2>4.09174E-08</x2><x3>3.36367E-08</x3><x4>6.57982E-09</x4><x5>3.77568E-08</x5><x6>4.43507E-08</x6></dataPoint>
        <dataPoint><x1>0.000624</x1><x2>4.78789E-08</x2><x3>1.52625E-08</x3><x4>4.52067E-09</x4><x5>2.74570E-08</x5><x6>1.45786E-08</x6></dataPoint>
        <dataPoint><x1>0.000632</x1><x2>3.83095E-08</x2><x3>1.83104E-08</x3><x4>8.82547E-09</x4><x5>4.66990E-08</x5><x6>2.24839E-08</x6></dataPoint>
        <dataPoint><x1>0.000640</x1><x2>4.90999E-08</x2><x3>2.70760E-08</x3><x4>6.37757E-09</x4><x5>4.38013E-08</x5><x6>2.27141E-08</x6></dataPoint>
        <dataPoint><x1>0.000648</x1><x2>3.89291E-08</x2><x3>3.13597E-08</x3><x4>9.43978E-09</x4><x5>5.20679E-08</x5><x6>3.24794E-08</x6></dataPoint>
        <dataPoint><x1>0.000656</x1><x2>4.18462E-08</x2><x3>2.05932E-08</x3><x4>8.77800E-09</x4><x5>4.08837E-08</x5><x6>1.40050E-08</x6></dataPoint>
        <dataPoint><x1>0.000664</x1><x2>4.64244E-08</x2><x3>2.48073E-08</x3><x4>8.70299E-09</x4><x5>3.60839E-08</x5><x6>1.79007E-08</x6></dataPoint>
        <dataPoint><x1>0.000672</x1><x2>4.52677E-08</x2><x3>2.77385E-08</x3><x4>1.34288E-08</x4><x5>5.62653E-08</x5><x6>1.72508E-08</x6></dataPoint>
        <dataPoint><x1>0.000680</x1><x2>3.77286E-08</x2><x3>2.49369E-08</x3><x4>1.33627E-08</x4><x5>5.21214E-08</x5><x6>2.91479E-08</x6></dataPoint>
        <dataPoint><x1>0.000688</x1><x2>3.77703E-08</x2><x3>3.45223E-08</x3><x4>9.97039E-09</x4><x5>4.25225E-08</x5><x6>1.79129E-08</x6></dataPoint>
        <dataPoint><x1>0.000696</x1><x2>2.48809E-08</x2><x3>2.12142E-08</x3><x4>6.70629E-09</x4><x5>3.81344E-08</x5><x6>2.99886E-08</x6></dataPoint>
        <dataPoint><x1>0.000704</x1><x2>3.52521E-08</x2><x3>2.34686E-08</x3><x4>9.72774E-09</x4><x5>4.81257E-08</x5><x6>2.50238E-08</x6></dataPoint>
        <dataPoint><x1>0.000712</x1><x2>4.34333E-08</x2><x3>3.24625E-08</x3><x4>8.86717E-09</x4><x5>4.79715E-08</x5><x6>2.46492E-08</x6></dataPoint>
        <dataPoint><x1>0.000720</x1><x2>3.90752E-08</x2><x3>1.60821E-08</x3><x4>8.24718E-09</x4><x5>5.07712E-08</x5><x6>2.67958E-08</x6></dataPoint>
        <dataPoint><x1>0.000728</x1><x2>4.22417E-08</x2><x3>3.37970E-08</x3><x4>9.59501E-09</x4><x5>5.03787E-08</x5><x6>9.62461E-09</x6></dataPoint>
        <dataPoint><x1>0.000736</x1><x2>7.71714E-08</x2><x3>2.61241E-08</x3><x4>8.54941E-09</x4><x5>3.85603E-08</x5><x6>2.00042E-08</x6></dataPoint>
        <dataPoint><x1>0.000744</x1><x2>4.58388E-08</x2><x3>2.02904E-08</x3><x4>8.62822E-09</x4><x5>3.47066E-08</x5><x6>1.45997E-08</x6></dataPoint>
        <dataPoint><x1>0.000752</x1><x2>5.65886E-08</x2><x3>1.32731E-08</x3><x4>7.92649E-09</x4><x5>4.06266E-08</x5><x6>7.51540E-09</x6></dataPoint>
        <dataPoint><x1>0.000760</x1><x2>4.34769E-08</x2><x3>2.00636E-08</x3><x4>8.43419E-09</x4><x5>4.26749E-08</x5><x6>1.75791E-08</x6></dataPoint>
        <dataPoint><x1>0.000768</x1><x2>4.33172E-08</x2><x3>1.41216E-08</x3><x4>1.11726E-08</x4><x5>3.54987E-08</x5><x6>1.78495E-08</x6></dataPoint>
        <dataPoint><x1>0.000776</x1><x2>4.18186E-08</x2><x3>1.50843E-08</x3><x4>5.40869E-09</x4><x5>2.80826E-08</x5><x6>2.95994E-08</x6></dataPoint>
        <dataPoint><x1>0.000784</x1><x2>6.20923E-08</x2><x3>1.58221E-08</x3><x4>6.69299E-09</x4><x5>4.40706E-08</x5><x6>1.53746E-08</x6></dataPoint>
        <dataPoint><x1>0.000792</x1><x2>6.77331E-08</x2><x3>1.55982E-08</x3><x4>8.25887E-09</x4><x5>5.50619E-08</x5><x6>1.38118E-08</x6></dataPoint>
        <dataPoint><x1>0.000800</x1><x2>4.06783E-08</x2><x3>2.39014E-08</x3><x4>5.35181E-09</x4><x5>4.39522E-08</x5><x6>2.06395E-08</x6></dataPoint>
        <dataPoint><x1>0.000808</x1><x2>7.67049E-08</x2><x3>3.64314E-08</x3><x4>1.53332E-08</x4><x5>7.00040E-08</x5><x6>2.53291E-08</x6></dataPoint>
        <dataPoint><x1>0.000816</x1><x2>3.68936E-08</x2><x3>2.29300E-08</x3><x4>7.99079E-09</x4><x5>5.11371E-08</x5><x6>1.24853E-08</x6></dataPoint>
        <dataPoint><x1>0.000824</x1><x2>5.68903E-08</x2><x3>2.62764E-08</x3><x4>1.34022E-08</x4><x5>5.26906E-08</x5><x6>2.70638E-08</x6></dataPoint>
        <dataPoint><x1>0.000832</x1><x2>4.14207E-08</x2><x3>2.69383E-08</x3><x4>6.92553E-09</x4><x5>3.51905E-08</x5><x6>1.46431E-08</x6></dataPoint>
        <dataPoint><x1>0.000840</x1><x2>3.80843E-08</x2><x3>1.35339E-08</x3><x4>4.05134E-09</x4><x5>4.32560E-08</x5><x6>1.21481E-08</x6></dataPoint>
        <dataPoint><x1>0.000848</x1><x2>4.82301E-08</x2><x3>2.75694E-08</x3><x4>9.10350E-09</x4><x5>5.07879E-08</x5><x6>1.83346E-08</x6></dataPoint>
        <dataPoint><x1>0.000856</x1><x2>3.35510E-08</x2><x3>3.43438E-08</x3><x4>7.63408E-09</x4><x5>5.50454E-08</x5><x6>2.86170E-08</x6></dataPoint>
        <dataPoint><x1>0.000864</x1><x2>4.31134E-08</x2><x3>1.79177E-08</x3><x4>9.25154E-09</x4><x5>5.91269E-08</x5><x6>1.92689E-08</x6></dataPoint>
        <dataPoint><x1>0.000872</x1><x2>5.63851E-08</x2><x3>2.14737E-08</x3><x4>6.50723E-09</x4><x5>4.51938E-08</x5><x6>1.88943E-08</x6></dataPoint>
        <dataPoint><x1>0.000880</x1><x2>3.86606E-08</x2><x3>2.64108E-08</x3><x4>7.55694E-09</x4><x5>5.79662E-08</x5><x6>2.83728E-08</x6></dataPoint>
        <dataPoint><x1>0.000888</x1><x2>3.57405E-08</x2><x3>1.75170E-08</x3><x4>6.55795E-09</x4><x5>3.72860E-08</x5><x6>6.33915E-09</x6></dataPoint>
        <dataPoint><x1>0.000896</x1><x2>3.89060E-08</x2><x3>1.73476E-08</x3><x4>1.04078E-08</x4><x5>3.93145E-08</x5><x6>1.53486E-08</x6></dataPoint>
        <dataPoint><x1>0.000904</x1><x2>4.94817E-08</x2><x3>1.91285E-08</x3><x4>4.04457E-09</x4><x5>3.31648E-08</x5><x6>8.20530E-09</x6></dataPoint>
        <dataPoint><x1>0.000912</x1><x2>7.64014E-08</x2><x3>1.28386E-08</x3><x4>5.82670E-09</x4><x5>4.72748E-08</x5><x6>1.02804E-08</x6></dataPoint>
        <dataPoint><x1>0.000920</x1><x2>3.08504E-08</x2><x3>1.64648E-08</x3><x4>9.21606E-09</x4><x5>4.66936E-08</x5><x6>1.57108E-08</x6></dataPoint>
        <dataPoint><x1>0.000928</x1><x2>5.48290E-08</x2><x3>1.59420E-08</x3><x4>6.26793E-09</x4><x5>3.00495E-08</x5><x6>1.06221E-08</x6></dataPoint>
        <dataPoint><x1>0.000936</x1><x2>4.59331E-08</x2><x3>1.70812E-08</x3><x4>7.70510E-09</x4><x5>3.49011E-08</x5><x6>1.42090E-08</x6></dataPoint>
        <dataPoint><x1>0.000944</x1><x2>3.15386E-08</x2><x3>3.11083E-08</x3><x4>1.17784E-08</x4><x5>6.15364E-08</x5><x6>2.75455E-08</x6></dataPoint>
        <dataPoint><x1>0.000952</x1><x2>5.39549E-08</x2><x3>1.49524E-08</x3><x4>4.03721E-09</x4><x5>4.03018E-08</x5><x6>1.66936E-08</x6></dataPoint>
        <dataPoint><x1>0.000960</x1><x2>3.59309E-08</x2><x3>1.78124E-08</x3><x4>3.26674E-09</x4><x5>3.83767E-08</x5><x6>1.39176E-08</x6></dataPoint>
        <dataPoint><x1>0.000968</x1><x2>2.97721E-08</x2><x3>3.45008E-08</x3><x4>7.79274E-09</x4><x5>5.41293E-08</x5><x6>1.78160E-08</x6></dataPoint>
        <dataPoint><x1>0.000976</x1><x2>6.38315E-08</x2><x3>1.34718E-08</x3><x4>5.56184E-09</x4><x5>4.55353E-08</x5><x6>1.08743E-08</x6></dataPoint>
        <dataPoint><x1>0.000984</x1><x2>4.34303E-08</x2><x3>2.61300E-08</x3><x4>1.00977E-08</x4><x5>6.15205E-08</x5><x6>2.37354E-08</x6></dataPoint>
        <dataPoint><x1>0.000992</x1><x2>4.62472E-08</x2><x3>2.73088E-08</x3><x4>3.90392E-09</x4><x5>4.01286E-08</x5><x6>1.08461E-08</x6></dataPoint>
        <dataPoint><x1>0.001000</x1><x2>4.64582E-08</x2><x3>2.94435E-08</x3><x4>1.73768E-08</x4><x5>4.51251E-08</x5><x6>1.85564E-08</x6></dataPoint>
        <dataPoint><x1>0.001008</x1><x2>3.66453E-08</x2><x3>3.02188E-08</x3><x4>7.76844E-09</x4><x5>4.62880E-08</x5><x6>1.50239E-08</x6></dataPoint>
        <dataPoint><x1>0.001016</x1><x2>4.41808E-08</x2><x3>1.76811E-08</x3><x4>3.71348E-09</x4><x5>4.58360E-08</x5><x6>8.72045E-09</x6></dataPoint>
        <dataPoint><x1>0.001024</x1><x2>3.76488E-08</x2><x3>1.77808E-08</x3><x4>5.11216E-09</x4><x5>4.21629E-08</x5><x6>1.47000E-08</x6></dataPoint>
        <dataPoint><x1>0.001032</x1><x2>5.68012E-08</x2><x3>1.98054E-08</x3><x4>6.11492E-09</x4><x5>4.84555E-08</x5><x6>7.63751E-09</x6></dataPoint>
        <dataPoint><x1>0.001040</x1><x2>4.52928E-08</x2><x3>2.07441E-08</x3><x4>4.49892E-09</x4><x5>4.04927E-08</x5><x6>1.54700E-08</x6></dataPoint>
        <dataPoint><x1>0.001048</x1><x2>3.96768E-08</x2><x3>3.61113E-08</x3><x4>6.95653E-09</x4><x5>5.18297E-08</x5><x6>1.63814E-08</x6></dataPoint>
        <dataPoint><x1>0.001056</x1><x2>4.71974E-08</x2><x3>2.13245E-08</x3><x4>7.36960E-09</x4><x5>4.52204E-08</x5><x6>1.39653E-08</x6></dataPoint>
        <dataPoint><x1>0.001064</x1><x2>3.66442E-08</x2><x3>1.97193E-08</x3><x4>5.12509E-09</x4><x5>4.88214E-08</x5><x6>2.89002E-08</x6></dataPoint>
        <dataPoint><x1>0.001072</x1><x2>5.47565E-08</x2><x3>2.55599E-08</x3><x4>1.12621E-08</x4><x5>5.32463E-08</x5><x6>7.41295E-09</x6></dataPoint>
        <dataPoint><x1>0.001088</x1><x2>4.48748E-08</x2><x3>1.89113E-08</x3><x4>3.84256E-09</x4><x5>5.23883E-08</x5><x6>7.86348E-09</x6></dataPoint>
        <dataPoint><x1>0.001096</x1><x2>4.74803E-08</x2><x3>1.84394E-08</x3><x4>7.89651E-09</x4><x5>4.40457E-08</x5><x6>1.36566E-08</x6></dataPoint>
        <dataPoint><x1>0.001104</x1><x2>4.90831E-08</x2><x3>2.41445E-08</x3><x4>5.85464E-09</x4><x5>4.87140E-08</x5><x6>2.18876E-08</x6></dataPoint>
        <dataPoint><x1>0.001112</x1><x2>3.91914E-08</x2><x3>2.13698E-08</x3><x4>3.17928E-09</x4><x5>4.07015E-08</x5><x6>1.90680E-08</x6></dataPoint>
        <dataPoint><x1>0.001120</x1><x2>4.83401E-08</x2><x3>1.97107E-08</x3><x4>2.12021E-09</x4><x5>3.73447E-08</x5><x6>9.63268E-09</x6></dataPoint>
        <dataPoint><x1>0.001128</x1><x2>4.08185E-08</x2><x3>1.40500E-08</x3><x4>6.61604E-09</x4><x5>4.67806E-08</x5><x6>4.30699E-09</x6></dataPoint>
        <dataPoint><x1>0.001136</x1><x2>5.79419E-08</x2><x3>1.72265E-08</x3><x4>3.33223E-09</x4><x5>4.54530E-08</x5><x6>3.20404E-09</x6></dataPoint>
        <dataPoint><x1>0.001144</x1><x2>5.23624E-08</x2><x3>3.03079E-08</x3><x4>1.83885E-09</x4><x5>6.37121E-08</x5><x6>2.03142E-08</x6></dataPoint>
        <dataPoint><x1>0.001152</x1><x2>5.95210E-08</x2><x3>3.01149E-08</x3><x4>3.67763E-09</x4><x5>5.40680E-08</x5><x6>7.67530E-09</x6></dataPoint>
        <dataPoint><x1>0.001160</x1><x2>3.96879E-08</x2><x3>3.50738E-08</x3><x4>4.88685E-09</x4><x5>5.14649E-08</x5><x6>1.38761E-08</x6></dataPoint>
        <dataPoint><x1>0.001168</x1><x2>4.76875E-08</x2><x3>3.29834E-08</x3><x4>6.98577E-09</x4><x5>4.45840E-08</x5><x6>1.13568E-08</x6></dataPoint>
        <dataPoint><x1>0.001176</x1><x2>3.83336E-08</x2><x3>2.01470E-08</x3><x4>2.51345E-09</x4><x5>3.33988E-08</x5><x6>1.01514E-08</x6></dataPoint>
        <dataPoint><x1>0.001184</x1><x2>4.00338E-08</x2><x3>2.15818E-08</x3><x4>8.96855E-10</x4><x5>4.83563E-08</x5><x6>8.65696E-09</x6></dataPoint>
        <dataPoint><x1>0.001192</x1><x2>3.45287E-08</x2><x3>1.77145E-08</x3><x4>1.61310E-08</x4><x5>4.84626E-08</x5><x6>1.08801E-08</x6></dataPoint>
        <dataPoint><x1>0.001200</x1><x2>5.03370E-08</x2><x3>1.34530E-08</x3><x4>3.64758E-09</x4><x5>4.39373E-08</x5><x6>9.57478E-09</x6></dataPoint>
        <dataPoint><x1>0.001208</x1><x2>4.58934E-08</x2><x3>2.01444E-08</x3><x4>1.70011E-09</x4><x5>5.12225E-08</x5><x6>9.86674E-09</x6></dataPoint>
        <dataPoint><x1>0.001216</x1><x2>4.77440E-08</x2><x3>1.12250E-08</x3><x4>6.37195E-09</x4><x5>4.28991E-08</x5><x6>8.96780E-09</x6></dataPoint>
        <dataPoint><x1>0.001224</x1><x2>4.49328E-08</x2><x3>2.53712E-08</x3><x4>7.74527E-09</x4><x5>4.84071E-08</x5><x6>1.52028E-08</x6></dataPoint>
        <dataPoint><x1>0.001232</x1><x2>5.30933E-08</x2><x3>2.02511E-08</x3><x4>4.18690E-09</x4><x5>5.87667E-08</x5><x6>1.36196E-08</x6></dataPoint>
        <dataPoint><x1>0.001240</x1><x2>6.31291E-08</x2><x3>3.66875E-08</x3><x4>0.00000E+00</x4><x5>4.79119E-08</x5><x6>6.58884E-09</x6></dataPoint>
        <dataPoint><x1>0.001248</x1><x2>3.18037E-08</x2><x3>2.07364E-08</x3><x4>2.84136E-09</x4><x5>5.49711E-08</x5><x6>8.39509E-09</x6></dataPoint>
        <dataPoint><x1>0.001256</x1><x2>4.60014E-08</x2><x3>2.62247E-08</x3><x4>4.06455E-09</x4><x5>4.74567E-08</x5><x6>1.30585E-08</x6></dataPoint>
        <dataPoint><x1>0.001264</x1><x2>3.81256E-08</x2><x3>1.78080E-08</x3><x4>5.00619E-09</x4><x5>5.35556E-08</x5><x6>2.56512E-09</x6></dataPoint>
        <dataPoint><x1>0.001272</x1><x2>5.21131E-08</x2><x3>2.08704E-08</x3><x4>9.82958E-09</x4><x5>6.17891E-08</x5><x6>1.99118E-08</x6></dataPoint>
        <dataPoint><x1>0.001280</x1><x2>4.10479E-08</x2><x3>2.23925E-08</x3><x4>2.40416E-09</x4><x5>4.64029E-08</x5><x6>6.38126E-09</x6></dataPoint>
        <dataPoint><x1>0.001288</x1><x2>4.71649E-08</x2><x3>1.98586E-08</x3><x4>2.36528E-09</x4><x5>4.35588E-08</x5><x6>4.87185E-09</x6></dataPoint>
        <dataPoint><x1>0.001296</x1><x2>4.16069E-08</x2><x3>2.08836E-08</x3><x4>7.52468E-09</x4><x5>4.99952E-08</x5><x6>8.04061E-09</x6></dataPoint>
        <dataPoint><x1>0.001304</x1><x2>3.96606E-08</x2><x3>1.49519E-08</x3><x4>3.60813E-09</x4><x5>4.40957E-08</x5><x6>2.61954E-09</x6></dataPoint>
        <dataPoint><x1>0.001312</x1><x2>3.22787E-08</x2><x3>1.68757E-08</x3><x4>4.90069E-09</x4><x5>4.69023E-08</x5><x6>4.77700E-09</x6></dataPoint>
        <dataPoint><x1>0.001320</x1><x2>4.32788E-08</x2><x3>1.47603E-08</x3><x4>3.32479E-09</x4><x5>3.78107E-08</x5><x6>3.41479E-09</x6></dataPoint>
        <dataPoint><x1>0.001328</x1><x2>3.98340E-08</x2><x3>2.32676E-08</x3><x4>2.98289E-09</x4><x5>4.34965E-08</x5><x6>8.35784E-09</x6></dataPoint>
        <dataPoint><x1>0.001336</x1><x2>4.07969E-08</x2><x3>2.49282E-08</x3><x4>2.44996E-09</x4><x5>4.60192E-08</x5><x6>5.74735E-09</x6></dataPoint>
        <dataPoint><x1>0.001344</x1><x2>6.76484E-08</x2><x3>1.84568E-08</x3><x4>4.28908E-09</x4><x5>4.07585E-08</x5><x6>7.01093E-09</x6></dataPoint>
        <dataPoint><x1>0.001352</x1><x2>3.94853E-08</x2><x3>2.25686E-08</x3><x4>2.73670E-09</x4><x5>5.79955E-08</x5><x6>1.63099E-08</x6></dataPoint>
        <dataPoint><x1>0.001360</x1><x2>4.67918E-08</x2><x3>2.11223E-08</x3><x4>4.31921E-09</x4><x5>4.82833E-08</x5><x6>1.22484E-08</x6></dataPoint>
        <dataPoint><x1>0.001368</x1><x2>3.97955E-08</x2><x3>1.95538E-08</x3><x4>6.00279E-09</x4><x5>5.93803E-08</x5><x6>1.29128E-08</x6></dataPoint>
        <dataPoint><x1>0.001376</x1><x2>3.56674E-08</x2><x3>1.50523E-08</x3><x4>2.86159E-09</x4><x5>3.77919E-08</x5><x6>1.34924E-09</x6></dataPoint>
        <dataPoint><x1>0.001384</x1><x2>4.23418E-08</x2><x3>1.91526E-08</x3><x4>1.01059E-09</x4><x5>3.45960E-08</x5><x6>0.00000E+00</x6></dataPoint>
        <dataPoint><x1>0.001392</x1><x2>4.22679E-08</x2><x3>2.11567E-08</x3><x4>2.76231E-09</x4><x5>4.95085E-08</x5><x6>2.57084E-09</x6></dataPoint>
        <dataPoint><x1>0.001400</x1><x2>4.09717E-08</x2><x3>1.61631E-08</x3><x4>1.32906E-09</x4><x5>4.38851E-08</x5><x6>1.60230E-09</x6></dataPoint>
        <dataPoint><x1>0.001408</x1><x2>4.28916E-08</x2><x3>1.72649E-08</x3><x4>5.27690E-09</x4><x5>4.82061E-08</x5><x6>0.00000E+00</x6></dataPoint>
        <dataPoint><x1>0.001416</x1><x2>3.67510E-08</x2><x3>2.99019E-08</x3><x4>5.62269E-09</x4><x5>6.28526E-08</x5><x6>1.23914E-08</x6></dataPoint>
        <dataPoint><x1>0.001424</x1><x2>3.88133E-08</x2><x3>1.27776E-08</x3><x4>4.20059E-09</x4><x5>4.13357E-08</x5><x6>7.91414E-09</x6></dataPoint>
    </dataGroup>
</experiment>
