<experiment>
    <fileAuthor>Chemical Kinetics Laboratory, Institute of Chemistry, ELTE, Budapest, Hungary</fileAuthor>
    <fileDOI>10.24388/x50003011</fileDOI>
    <fileVersion>
        <major>2</major>
        <minor>0</minor>
    </fileVersion>
    <ReSpecThVersion>
        <major>2</major>
        <minor>3</minor>
    </ReSpecThVersion>
    <firstPublicationDate>2015-10-11</firstPublicationDate>
    <lastModificationDate>2020-11-13</lastModificationDate>
    <bibliographyLink>
        <description>J. Kiecherer, C. Baensch, T. Bentz, M. Olzmann, Proc. Combust. Inst., 35, 2015, 465-472.</description>
        <referenceDOI>10.1016/j.proci.2014.05.086</referenceDOI>
        <location>Main Article + Personal Communication Channel with author, 1430 K series</location>
        <details>
            <author>Kiecherer, Johannes and B{\"{a}}nsch, Cornelie and Bentz, Tobias and Olzmann, Matthias</author>
            <journal>Proc Combust Inst</journal>
            <number>1</number>
            <pages>465--472</pages>
            <title>Pyrolysis of ethanol: A shock-tube/TOF-MS and modeling study</title>
            <volume>35</volume>
            <year>2015</year>
        </details>
    </bibliographyLink>
    <experimentType>concentration time profile measurement</experimentType>
    <apparatus>
        <kind>shock tube</kind>
    </apparatus>
    <commonProperties>
        <property name="initial composition"           sourcetype="reported"  >
            <component><speciesLink preferredKey="Ne"      CAS="7440-01-9"  InChI="1S/Ne"                        SMILES="[Ne]"  chemName="neon"    /><amount units="mol/cm3" >9.50E-06</amount></component>
            <component><speciesLink preferredKey="C2H5OH"  CAS="64-17-5"    InChI="1S/C2H6O/c1-2-3/h3H,2H2,1H3"  SMILES="CCO"   chemName="ethanol" /><amount units="mol/cm3" >9.70E-08</amount></component>
            <component><speciesLink preferredKey="Kr"      CAS="7439-90-9"  InChI="1S/Kr"                        SMILES="[Kr]"  chemName="krypton" /><amount units="mol/cm3" >9.70E-08</amount></component>
        </property>
        <property name="temperature"                   label="T"  sourcetype="reported"   units="K"             ><value>1430</value></property>
        <property name="pressure"                      label="P"  sourcetype="reported"   units="bar"           ><value>1.20</value></property>
        <property name="evaluated standard deviation"  sourcetype="estimated"  units="mole fraction"  reference="composition"  kind="absolute"  method="statistical scatter" >
            <speciesLink preferredKey="H2O"     CAS="7732-18-5"  InChI="1S/H2O/h1H2"                  SMILES="O"     chemName="water"        />
            <value>0.00714</value>
        </property>
        <property name="evaluated standard deviation"  sourcetype="estimated"  units="mole fraction"  reference="composition"  kind="absolute"  method="statistical scatter" >
            <speciesLink preferredKey="CH4"     CAS="74-82-8"    InChI="1S/CH4/h1H4"                  SMILES="C"     chemName="methane"      />
            <value>0.00427</value>
        </property>
        <property name="evaluated standard deviation"  sourcetype="estimated"  units="mole fraction"  reference="composition"  kind="absolute"  method="statistical scatter" >
            <speciesLink preferredKey="CH3CHO"  CAS="75-07-0"    InChI="1S/C2H4O/c1-2-3/h2H,1H3"      SMILES="CC=O"  chemName="acetaldehyde" />
            <value>0.00218</value>
        </property>
        <property name="evaluated standard deviation"  sourcetype="estimated"  units="mole fraction"  reference="composition"  kind="absolute"  method="statistical scatter" >
            <speciesLink preferredKey="C2Hn"    CAS=""           InChI=""                             SMILES=""      chemName=""             />
            <value>0.00646</value>
        </property>
        <property name="evaluated standard deviation"  sourcetype="estimated"  units="mole fraction"  reference="composition"  kind="absolute"  method="statistical scatter" >
            <speciesLink preferredKey="C2H5OH"  CAS="64-17-5"    InChI="1S/C2H6O/c1-2-3/h3H,2H2,1H3"  SMILES="CCO"   chemName="ethanol"      />
            <value>0.00589</value>
        </property>
    </commonProperties>
    <dataGroup id="dg1">
        <property name="time"           id="x1"   label="t"         sourcetype="reported"  units="s"       />
        <property name="concentration"  id="x2"   label="[H2O]"     sourcetype="reported"  units="mol/cm3" >
            <speciesLink preferredKey="H2O"     CAS="7732-18-5"  InChI="1S/H2O/h1H2"                  SMILES="O"     chemName="water"        />
        </property>
        <property name="concentration"  id="x3"   label="[CH4]"     sourcetype="reported"  units="mol/cm3" >
            <speciesLink preferredKey="CH4"     CAS="74-82-8"    InChI="1S/CH4/h1H4"                  SMILES="C"     chemName="methane"      />
        </property>
        <property name="concentration"  id="x4"   label="[CH3CHO]"  sourcetype="reported"  units="mol/cm3" >
            <speciesLink preferredKey="CH3CHO"  CAS="75-07-0"    InChI="1S/C2H4O/c1-2-3/h2H,1H3"      SMILES="CC=O"  chemName="acetaldehyde" />
        </property>
        <property name="concentration"  id="x5"   label="[C2Hn]"    sourcetype="reported"  units="mol/cm3" >
            <speciesLink preferredKey="C2H2"    CAS="74-86-2"    InChI="1S/C2H2/c1-2/h1-2H"           SMILES="C#C"   chemName="acetylene"    />
            <speciesLink preferredKey="C2H4"    CAS="74-85-1"    InChI="1S/C2H4/c1-2/h1-2H2"          SMILES="C=C"   chemName="ethene"       />
            <speciesLink preferredKey="C2H6"    CAS="74-84-0"    InChI="1S/C2H6/c1-2/h1-2H3"          SMILES="CC"    chemName="ethane"       />
        </property>
        <property name="concentration"  id="x6"   label="[C2H5OH]"  sourcetype="reported"  units="mol/cm3" >
            <speciesLink preferredKey="C2H5OH"  CAS="64-17-5"    InChI="1S/C2H6O/c1-2-3/h3H,2H2,1H3"  SMILES="CCO"   chemName="ethanol"      />
        </property>

        <dataPoint><x1>0.000000</x1><x2>0.00000E+00</x2><x3>0.00000E+00</x3><x4>0.00000E+00</x4><x5>0.00000E+00</x5><x6>9.91257E-08</x6></dataPoint>
        <dataPoint><x1>0.000008</x1><x2>0.00000E+00</x2><x3>0.00000E+00</x3><x4>5.79600E-09</x4><x5>7.78570E-09</x5><x6>7.79482E-08</x6></dataPoint>
        <dataPoint><x1>0.000016</x1><x2>4.77553E-09</x2><x3>0.00000E+00</x3><x4>5.03932E-09</x4><x5>0.00000E+00</x5><x6>6.90557E-08</x6></dataPoint>
        <dataPoint><x1>0.000024</x1><x2>8.40560E-09</x2><x3>0.00000E+00</x3><x4>4.80268E-09</x4><x5>1.39496E-08</x5><x6>1.10501E-07</x6></dataPoint>
        <dataPoint><x1>0.000032</x1><x2>0.00000E+00</x2><x3>0.00000E+00</x3><x4>1.90278E-09</x4><x5>1.91788E-08</x5><x6>1.05587E-07</x6></dataPoint>
        <dataPoint><x1>0.000040</x1><x2>0.00000E+00</x2><x3>0.00000E+00</x3><x4>1.84903E-09</x4><x5>1.84801E-08</x5><x6>7.13831E-08</x6></dataPoint>
        <dataPoint><x1>0.000048</x1><x2>7.12256E-09</x2><x3>3.71574E-09</x3><x4>9.64615E-09</x4><x5>2.57446E-08</x5><x6>6.49618E-08</x6></dataPoint>
        <dataPoint><x1>0.000056</x1><x2>1.21541E-08</x2><x3>3.82467E-09</x3><x4>3.89500E-09</x4><x5>1.78460E-08</x5><x6>7.40615E-08</x6></dataPoint>
        <dataPoint><x1>0.000064</x1><x2>5.55727E-09</x2><x3>6.70422E-09</x3><x4>3.33595E-09</x4><x5>7.70520E-09</x5><x6>6.63102E-08</x6></dataPoint>
        <dataPoint><x1>0.000072</x1><x2>8.79219E-09</x2><x3>2.82011E-09</x3><x4>1.07876E-08</x4><x5>2.14578E-08</x5><x6>5.89859E-08</x6></dataPoint>
        <dataPoint><x1>0.000080</x1><x2>8.87828E-09</x2><x3>0.00000E+00</x3><x4>1.19627E-08</x4><x5>2.15263E-08</x5><x6>6.99162E-08</x6></dataPoint>
        <dataPoint><x1>0.000088</x1><x2>1.44779E-08</x2><x3>3.17770E-09</x3><x4>2.03088E-08</x4><x5>1.86941E-08</x5><x6>4.86156E-08</x6></dataPoint>
        <dataPoint><x1>0.000096</x1><x2>3.14873E-08</x2><x3>6.24743E-09</x3><x4>1.43987E-08</x4><x5>1.48519E-08</x5><x6>6.31378E-08</x6></dataPoint>
        <dataPoint><x1>0.000104</x1><x2>1.78193E-08</x2><x3>1.89705E-09</x3><x4>5.76548E-09</x4><x5>1.94710E-08</x5><x6>5.83674E-08</x6></dataPoint>
        <dataPoint><x1>0.000112</x1><x2>1.21030E-08</x2><x3>0.00000E+00</x3><x4>8.52370E-09</x4><x5>2.16234E-08</x5><x6>3.90637E-08</x6></dataPoint>
        <dataPoint><x1>0.000120</x1><x2>5.99388E-09</x2><x3>2.19545E-09</x3><x4>7.37684E-09</x4><x5>1.47074E-08</x5><x6>2.93875E-08</x6></dataPoint>
        <dataPoint><x1>0.000128</x1><x2>1.05059E-08</x2><x3>1.21834E-08</x3><x4>3.53527E-09</x4><x5>1.44557E-08</x5><x6>3.43540E-08</x6></dataPoint>
        <dataPoint><x1>0.000136</x1><x2>1.72556E-08</x2><x3>3.09989E-09</x3><x4>8.33905E-09</x4><x5>2.76172E-08</x5><x6>4.03560E-08</x6></dataPoint>
        <dataPoint><x1>0.000144</x1><x2>2.01186E-08</x2><x3>2.66871E-09</x3><x4>9.45382E-09</x4><x5>2.41214E-08</x5><x6>3.76796E-08</x6></dataPoint>
        <dataPoint><x1>0.000152</x1><x2>1.68182E-08</x2><x3>1.58963E-08</x3><x4>9.17959E-09</x4><x5>2.23519E-08</x5><x6>2.54520E-08</x6></dataPoint>
        <dataPoint><x1>0.000160</x1><x2>3.17606E-08</x2><x3>1.61630E-08</x3><x4>7.49099E-09</x4><x5>3.39283E-08</x5><x6>4.00686E-08</x6></dataPoint>
        <dataPoint><x1>0.000168</x1><x2>1.48216E-08</x2><x3>3.16035E-09</x3><x4>6.81681E-09</x4><x5>2.47412E-08</x5><x6>4.39936E-08</x6></dataPoint>
        <dataPoint><x1>0.000176</x1><x2>2.79827E-08</x2><x3>5.76420E-09</x3><x4>8.66359E-09</x4><x5>3.84897E-08</x5><x6>2.28217E-08</x6></dataPoint>
        <dataPoint><x1>0.000184</x1><x2>3.28622E-08</x2><x3>6.96604E-09</x3><x4>1.10805E-08</x4><x5>2.55401E-08</x5><x6>2.97672E-08</x6></dataPoint>
        <dataPoint><x1>0.000192</x1><x2>3.20310E-08</x2><x3>1.08288E-08</x3><x4>9.24770E-09</x4><x5>1.77795E-08</x5><x6>5.71429E-08</x6></dataPoint>
        <dataPoint><x1>0.000200</x1><x2>2.49220E-08</x2><x3>1.01162E-08</x3><x4>1.15985E-08</x4><x5>3.13708E-08</x5><x6>3.76453E-08</x6></dataPoint>
        <dataPoint><x1>0.000208</x1><x2>3.88792E-08</x2><x3>1.65642E-08</x3><x4>1.92312E-08</x4><x5>4.11493E-08</x5><x6>5.26302E-08</x6></dataPoint>
        <dataPoint><x1>0.000216</x1><x2>2.74788E-08</x2><x3>4.28799E-09</x3><x4>1.09784E-08</x4><x5>3.34577E-08</x5><x6>4.48156E-08</x6></dataPoint>
        <dataPoint><x1>0.000224</x1><x2>1.50617E-08</x2><x3>1.71066E-08</x3><x4>1.45268E-08</x4><x5>3.94613E-08</x5><x6>2.65034E-08</x6></dataPoint>
        <dataPoint><x1>0.000232</x1><x2>2.33372E-08</x2><x3>9.19995E-09</x3><x4>1.13406E-08</x4><x5>2.49955E-08</x5><x6>3.02869E-08</x6></dataPoint>
        <dataPoint><x1>0.000240</x1><x2>4.32358E-08</x2><x3>6.65407E-09</x3><x4>4.02872E-09</x4><x5>2.02266E-08</x5><x6>2.48630E-08</x6></dataPoint>
        <dataPoint><x1>0.000248</x1><x2>2.73583E-08</x2><x3>9.22774E-09</x3><x4>5.88489E-09</x4><x5>2.91505E-08</x5><x6>2.17114E-08</x6></dataPoint>
        <dataPoint><x1>0.000256</x1><x2>4.24040E-08</x2><x3>1.05578E-08</x3><x4>6.78822E-09</x4><x5>4.59474E-08</x5><x6>3.76377E-08</x6></dataPoint>
        <dataPoint><x1>0.000264</x1><x2>3.05625E-08</x2><x3>7.75358E-09</x3><x4>5.40628E-09</x4><x5>2.73949E-08</x5><x6>2.81998E-08</x6></dataPoint>
        <dataPoint><x1>0.000272</x1><x2>4.95781E-08</x2><x3>0.00000E+00</x3><x4>8.74195E-09</x4><x5>4.16209E-08</x5><x6>3.45620E-08</x6></dataPoint>
        <dataPoint><x1>0.000280</x1><x2>4.41470E-08</x2><x3>1.17483E-08</x3><x4>6.78583E-09</x4><x5>2.42150E-08</x5><x6>1.64086E-08</x6></dataPoint>
        <dataPoint><x1>0.000288</x1><x2>3.62335E-08</x2><x3>1.03135E-08</x3><x4>8.52220E-09</x4><x5>3.66409E-08</x5><x6>1.95946E-08</x6></dataPoint>
        <dataPoint><x1>0.000296</x1><x2>4.57868E-08</x2><x3>1.05513E-08</x3><x4>5.47413E-09</x4><x5>3.00100E-08</x5><x6>1.47022E-08</x6></dataPoint>
        <dataPoint><x1>0.000304</x1><x2>4.94269E-08</x2><x3>1.22963E-08</x3><x4>8.01944E-09</x4><x5>3.25077E-08</x5><x6>8.94634E-09</x6></dataPoint>
        <dataPoint><x1>0.000312</x1><x2>3.64972E-08</x2><x3>1.88029E-08</x3><x4>3.50049E-09</x4><x5>3.80522E-08</x5><x6>2.54222E-08</x6></dataPoint>
        <dataPoint><x1>0.000320</x1><x2>3.58234E-08</x2><x3>1.85428E-08</x3><x4>1.32937E-08</x4><x5>3.74905E-08</x5><x6>2.33709E-08</x6></dataPoint>
        <dataPoint><x1>0.000328</x1><x2>3.83542E-08</x2><x3>2.40700E-08</x3><x4>1.16473E-08</x4><x5>3.66157E-08</x5><x6>2.38169E-08</x6></dataPoint>
        <dataPoint><x1>0.000336</x1><x2>2.88597E-08</x2><x3>1.93485E-08</x3><x4>8.51620E-09</x4><x5>4.41933E-08</x5><x6>2.72599E-08</x6></dataPoint>
        <dataPoint><x1>0.000344</x1><x2>4.04626E-08</x2><x3>1.89598E-08</x3><x4>8.49033E-09</x4><x5>3.92220E-08</x5><x6>2.44751E-08</x6></dataPoint>
        <dataPoint><x1>0.000352</x1><x2>2.77617E-08</x2><x3>9.84841E-09</x3><x4>6.48307E-09</x4><x5>3.57492E-08</x5><x6>1.62134E-08</x6></dataPoint>
        <dataPoint><x1>0.000360</x1><x2>3.78118E-08</x2><x3>1.31821E-08</x3><x4>5.77593E-09</x4><x5>4.44684E-08</x5><x6>2.34878E-08</x6></dataPoint>
        <dataPoint><x1>0.000368</x1><x2>3.31506E-08</x2><x3>2.23762E-08</x3><x4>5.70608E-09</x4><x5>4.64016E-08</x5><x6>2.51268E-08</x6></dataPoint>
        <dataPoint><x1>0.000376</x1><x2>4.05160E-08</x2><x3>1.54283E-08</x3><x4>8.58249E-09</x4><x5>4.14792E-08</x5><x6>1.06932E-08</x6></dataPoint>
        <dataPoint><x1>0.000384</x1><x2>4.24557E-08</x2><x3>1.11292E-08</x3><x4>7.67835E-09</x4><x5>3.46172E-08</x5><x6>1.79394E-08</x6></dataPoint>
        <dataPoint><x1>0.000392</x1><x2>3.44195E-08</x2><x3>1.98818E-08</x3><x4>4.80347E-09</x4><x5>5.46575E-08</x5><x6>1.59741E-08</x6></dataPoint>
        <dataPoint><x1>0.000400</x1><x2>4.14630E-08</x2><x3>1.31872E-08</x3><x4>5.87902E-09</x4><x5>3.74442E-08</x5><x6>1.51641E-08</x6></dataPoint>
        <dataPoint><x1>0.000408</x1><x2>2.69002E-08</x2><x3>1.82844E-08</x3><x4>6.40091E-09</x4><x5>4.25333E-08</x5><x6>1.30713E-08</x6></dataPoint>
        <dataPoint><x1>0.000416</x1><x2>3.69908E-08</x2><x3>1.38089E-08</x3><x4>7.27808E-09</x4><x5>4.21047E-08</x5><x6>1.65129E-08</x6></dataPoint>
        <dataPoint><x1>0.000424</x1><x2>5.52574E-08</x2><x3>2.49213E-08</x3><x4>7.39997E-09</x4><x5>5.52988E-08</x5><x6>1.49130E-08</x6></dataPoint>
        <dataPoint><x1>0.000432</x1><x2>4.36748E-08</x2><x3>8.85269E-09</x3><x4>4.28458E-09</x4><x5>3.49373E-08</x5><x6>1.00071E-08</x6></dataPoint>
        <dataPoint><x1>0.000440</x1><x2>3.37270E-08</x2><x3>1.94753E-08</x3><x4>7.66556E-09</x4><x5>5.63484E-08</x5><x6>2.07731E-08</x6></dataPoint>
        <dataPoint><x1>0.000448</x1><x2>4.84250E-08</x2><x3>1.96729E-08</x3><x4>6.24891E-09</x4><x5>3.70993E-08</x5><x6>1.21821E-08</x6></dataPoint>
        <dataPoint><x1>0.000456</x1><x2>4.07287E-08</x2><x3>1.61751E-08</x3><x4>3.99231E-09</x4><x5>4.40110E-08</x5><x6>1.67476E-08</x6></dataPoint>
        <dataPoint><x1>0.000464</x1><x2>3.63060E-08</x2><x3>1.57631E-08</x3><x4>9.77894E-09</x4><x5>5.20784E-08</x5><x6>1.81797E-08</x6></dataPoint>
        <dataPoint><x1>0.000472</x1><x2>2.98619E-08</x2><x3>1.32536E-08</x3><x4>4.66647E-09</x4><x5>4.15992E-08</x5><x6>9.42492E-09</x6></dataPoint>
        <dataPoint><x1>0.000480</x1><x2>4.26865E-08</x2><x3>1.43020E-08</x3><x4>7.14837E-09</x4><x5>4.43420E-08</x5><x6>1.35748E-08</x6></dataPoint>
        <dataPoint><x1>0.000488</x1><x2>4.36576E-08</x2><x3>1.45217E-08</x3><x4>3.21654E-09</x4><x5>4.22741E-08</x5><x6>1.10700E-08</x6></dataPoint>
        <dataPoint><x1>0.000496</x1><x2>6.06280E-08</x2><x3>2.17435E-08</x3><x4>6.23289E-09</x4><x5>4.77338E-08</x5><x6>1.06838E-08</x6></dataPoint>
        <dataPoint><x1>0.000504</x1><x2>3.77590E-08</x2><x3>1.51380E-08</x3><x4>6.35324E-09</x4><x5>5.30441E-08</x5><x6>1.00830E-08</x6></dataPoint>
        <dataPoint><x1>0.000512</x1><x2>4.51198E-08</x2><x3>2.10130E-08</x3><x4>2.05506E-09</x4><x5>5.72865E-08</x5><x6>1.00104E-08</x6></dataPoint>
        <dataPoint><x1>0.000520</x1><x2>4.83819E-08</x2><x3>2.34371E-08</x3><x4>3.07869E-09</x4><x5>3.89486E-08</x5><x6>1.08431E-08</x6></dataPoint>
        <dataPoint><x1>0.000528</x1><x2>6.02178E-08</x2><x3>2.00148E-08</x3><x4>5.26392E-09</x4><x5>6.44085E-08</x5><x6>1.40857E-08</x6></dataPoint>
        <dataPoint><x1>0.000536</x1><x2>5.07966E-08</x2><x3>2.45316E-08</x3><x4>3.82085E-09</x4><x5>5.19974E-08</x5><x6>1.26724E-08</x6></dataPoint>
        <dataPoint><x1>0.000544</x1><x2>5.72538E-08</x2><x3>1.83013E-08</x3><x4>2.65238E-09</x4><x5>4.98806E-08</x5><x6>1.93920E-08</x6></dataPoint>
        <dataPoint><x1>0.000552</x1><x2>4.50529E-08</x2><x3>2.49883E-08</x3><x4>4.63769E-09</x4><x5>5.22513E-08</x5><x6>1.18513E-08</x6></dataPoint>
        <dataPoint><x1>0.000560</x1><x2>5.49698E-08</x2><x3>2.31468E-08</x3><x4>5.11651E-09</x4><x5>5.54622E-08</x5><x6>1.02615E-08</x6></dataPoint>
        <dataPoint><x1>0.000568</x1><x2>4.41262E-08</x2><x3>1.67055E-08</x3><x4>4.54940E-09</x4><x5>4.81949E-08</x5><x6>1.21046E-08</x6></dataPoint>
        <dataPoint><x1>0.000576</x1><x2>4.93269E-08</x2><x3>1.30089E-08</x3><x4>3.77515E-09</x4><x5>4.78653E-08</x5><x6>5.58969E-09</x6></dataPoint>
        <dataPoint><x1>0.000584</x1><x2>4.67966E-08</x2><x3>1.65246E-08</x3><x4>4.96800E-09</x4><x5>4.53502E-08</x5><x6>9.89552E-09</x6></dataPoint>
        <dataPoint><x1>0.000592</x1><x2>5.04888E-08</x2><x3>2.00413E-08</x3><x4>4.99140E-09</x4><x5>5.91104E-08</x5><x6>7.63786E-09</x6></dataPoint>
        <dataPoint><x1>0.000600</x1><x2>3.92079E-08</x2><x3>2.25118E-08</x3><x4>3.35252E-09</x4><x5>4.56467E-08</x5><x6>3.53269E-09</x6></dataPoint>
        <dataPoint><x1>0.000608</x1><x2>5.33877E-08</x2><x3>1.91689E-08</x3><x4>5.51146E-09</x4><x5>4.84013E-08</x5><x6>5.63925E-09</x6></dataPoint>
        <dataPoint><x1>0.000616</x1><x2>4.40169E-08</x2><x3>1.49203E-08</x3><x4>4.86374E-09</x4><x5>4.26772E-08</x5><x6>5.66514E-09</x6></dataPoint>
        <dataPoint><x1>0.000624</x1><x2>4.18317E-08</x2><x3>1.99139E-08</x3><x4>2.60248E-09</x4><x5>4.88878E-08</x5><x6>6.68959E-09</x6></dataPoint>
        <dataPoint><x1>0.000632</x1><x2>6.26230E-08</x2><x3>1.79570E-08</x3><x4>1.49328E-09</x4><x5>4.64006E-08</x5><x6>4.96159E-09</x6></dataPoint>
        <dataPoint><x1>0.000640</x1><x2>6.01350E-08</x2><x3>2.40167E-08</x3><x4>5.79082E-09</x4><x5>5.63516E-08</x5><x6>8.40274E-09</x6></dataPoint>
        <dataPoint><x1>0.000648</x1><x2>4.76341E-08</x2><x3>2.35982E-08</x3><x4>5.14039E-09</x4><x5>5.23491E-08</x5><x6>5.49005E-09</x6></dataPoint>
        <dataPoint><x1>0.000656</x1><x2>4.95295E-08</x2><x3>2.48515E-08</x3><x4>4.44519E-09</x4><x5>6.20643E-08</x5><x6>5.63666E-09</x6></dataPoint>
        <dataPoint><x1>0.000664</x1><x2>3.65691E-08</x2><x3>1.93885E-08</x3><x4>2.65757E-09</x4><x5>4.16217E-08</x5><x6>5.16286E-09</x6></dataPoint>
        <dataPoint><x1>0.000672</x1><x2>6.14098E-08</x2><x3>2.07064E-08</x3><x4>3.50542E-09</x4><x5>5.14955E-08</x5><x6>5.18531E-09</x6></dataPoint>
        <dataPoint><x1>0.000680</x1><x2>4.43081E-08</x2><x3>1.81765E-08</x3><x4>3.74328E-09</x4><x5>3.75874E-08</x5><x6>4.07587E-09</x6></dataPoint>
        <dataPoint><x1>0.000688</x1><x2>5.92787E-08</x2><x3>2.57563E-08</x3><x4>4.96233E-09</x4><x5>5.24601E-08</x5><x6>6.94092E-09</x6></dataPoint>
        <dataPoint><x1>0.000696</x1><x2>5.62142E-08</x2><x3>2.12882E-08</x3><x4>6.76742E-09</x4><x5>5.09404E-08</x5><x6>5.55117E-09</x6></dataPoint>
        <dataPoint><x1>0.000704</x1><x2>4.32864E-08</x2><x3>1.93001E-08</x3><x4>4.36045E-09</x4><x5>6.41967E-08</x5><x6>1.18846E-08</x6></dataPoint>
        <dataPoint><x1>0.000712</x1><x2>4.88544E-08</x2><x3>1.87986E-08</x3><x4>3.00572E-09</x4><x5>4.76391E-08</x5><x6>5.55145E-09</x6></dataPoint>
        <dataPoint><x1>0.000720</x1><x2>4.74470E-08</x2><x3>1.65086E-08</x3><x4>2.77081E-09</x4><x5>4.50694E-08</x5><x6>5.68780E-09</x6></dataPoint>
        <dataPoint><x1>0.000728</x1><x2>4.06538E-08</x2><x3>2.51470E-08</x3><x4>1.95792E-09</x4><x5>6.13525E-08</x5><x6>8.74821E-09</x6></dataPoint>
        <dataPoint><x1>0.000736</x1><x2>5.81646E-08</x2><x3>2.34185E-08</x3><x4>4.53671E-09</x4><x5>4.82614E-08</x5><x6>5.44558E-09</x6></dataPoint>
        <dataPoint><x1>0.000744</x1><x2>4.66874E-08</x2><x3>1.67745E-08</x3><x4>8.34313E-10</x4><x5>4.51391E-08</x5><x6>5.69618E-09</x6></dataPoint>
        <dataPoint><x1>0.000752</x1><x2>4.86155E-08</x2><x3>3.00608E-08</x3><x4>3.50465E-09</x4><x5>5.45238E-08</x5><x6>8.39555E-09</x6></dataPoint>
        <dataPoint><x1>0.000760</x1><x2>4.74196E-08</x2><x3>1.81681E-08</x3><x4>2.76117E-09</x4><x5>4.55281E-08</x5><x6>6.59325E-09</x6></dataPoint>
        <dataPoint><x1>0.000768</x1><x2>4.77296E-08</x2><x3>2.24780E-08</x3><x4>3.52144E-09</x4><x5>4.86639E-08</x5><x6>2.46719E-09</x6></dataPoint>
        <dataPoint><x1>0.000776</x1><x2>5.20175E-08</x2><x3>1.82819E-08</x3><x4>2.28154E-09</x4><x5>4.55579E-08</x5><x6>3.91331E-09</x6></dataPoint>
        <dataPoint><x1>0.000784</x1><x2>4.37034E-08</x2><x3>2.32651E-08</x3><x4>3.37457E-09</x4><x5>4.95773E-08</x5><x6>2.92625E-09</x6></dataPoint>
        <dataPoint><x1>0.000792</x1><x2>4.76966E-08</x2><x3>2.61423E-08</x3><x4>3.72786E-09</x4><x5>5.95752E-08</x5><x6>1.06058E-08</x6></dataPoint>
        <dataPoint><x1>0.000800</x1><x2>5.00572E-08</x2><x3>2.42518E-08</x3><x4>2.29318E-09</x4><x5>4.59897E-08</x5><x6>5.32369E-09</x6></dataPoint>
        <dataPoint><x1>0.000808</x1><x2>5.72102E-08</x2><x3>1.86858E-08</x3><x4>4.12308E-09</x4><x5>5.16925E-08</x5><x6>2.73456E-09</x6></dataPoint>
        <dataPoint><x1>0.000816</x1><x2>4.33939E-08</x2><x3>2.41746E-08</x3><x4>1.78058E-09</x4><x5>4.81378E-08</x5><x6>5.22581E-09</x6></dataPoint>
        <dataPoint><x1>0.000824</x1><x2>4.98280E-08</x2><x3>1.89307E-08</x3><x4>3.57475E-09</x4><x5>5.11083E-08</x5><x6>6.73071E-09</x6></dataPoint>
        <dataPoint><x1>0.000832</x1><x2>5.14687E-08</x2><x3>1.43381E-08</x3><x4>3.21252E-09</x4><x5>4.87072E-08</x5><x6>6.07150E-09</x6></dataPoint>
        <dataPoint><x1>0.000840</x1><x2>4.82286E-08</x2><x3>1.94450E-08</x3><x4>4.22873E-09</x4><x5>5.53882E-08</x5><x6>7.60561E-09</x6></dataPoint>
        <dataPoint><x1>0.000848</x1><x2>5.43690E-08</x2><x3>3.03818E-08</x3><x4>2.81868E-09</x4><x5>5.54654E-08</x5><x6>0.00000E+00</x6></dataPoint>
        <dataPoint><x1>0.000856</x1><x2>5.02417E-08</x2><x3>2.64631E-08</x3><x4>1.80418E-09</x4><x5>5.20319E-08</x5><x6>7.02273E-09</x6></dataPoint>
        <dataPoint><x1>0.000864</x1><x2>5.89052E-08</x2><x3>2.04402E-08</x3><x4>3.13077E-09</x4><x5>5.31927E-08</x5><x6>8.21919E-10</x6></dataPoint>
        <dataPoint><x1>0.000872</x1><x2>5.26153E-08</x2><x3>1.87609E-08</x3><x4>3.03120E-09</x4><x5>4.86085E-08</x5><x6>6.13545E-09</x6></dataPoint>
        <dataPoint><x1>0.000880</x1><x2>5.32267E-08</x2><x3>1.76965E-08</x3><x4>2.34708E-09</x4><x5>5.03432E-08</x5><x6>4.85706E-09</x6></dataPoint>
        <dataPoint><x1>0.000888</x1><x2>5.81351E-08</x2><x3>1.51409E-08</x3><x4>5.96835E-09</x4><x5>4.88408E-08</x5><x6>3.05344E-09</x6></dataPoint>
        <dataPoint><x1>0.000896</x1><x2>5.23037E-08</x2><x3>2.30649E-08</x3><x4>1.48535E-09</x4><x5>5.47498E-08</x5><x6>2.57660E-09</x6></dataPoint>
        <dataPoint><x1>0.000904</x1><x2>5.33134E-08</x2><x3>1.90591E-08</x3><x4>2.25342E-09</x4><x5>4.38687E-08</x5><x6>3.59002E-09</x6></dataPoint>
        <dataPoint><x1>0.000912</x1><x2>3.89890E-08</x2><x3>2.32464E-08</x3><x4>9.45747E-10</x4><x5>4.62375E-08</x5><x6>3.31237E-09</x6></dataPoint>
        <dataPoint><x1>0.000920</x1><x2>5.35512E-08</x2><x3>2.52230E-08</x3><x4>1.98737E-09</x4><x5>6.23897E-08</x5><x6>1.64772E-09</x6></dataPoint>
        <dataPoint><x1>0.000928</x1><x2>3.61080E-08</x2><x3>1.45765E-08</x3><x4>1.24943E-09</x4><x5>4.27097E-08</x5><x6>5.22696E-09</x6></dataPoint>
        <dataPoint><x1>0.000936</x1><x2>4.75936E-08</x2><x3>1.99098E-08</x3><x4>2.05060E-09</x4><x5>5.61977E-08</x5><x6>0.00000E+00</x6></dataPoint>
        <dataPoint><x1>0.000944</x1><x2>5.63045E-08</x2><x3>1.62944E-08</x3><x4>2.71430E-09</x4><x5>4.60878E-08</x5><x6>1.99617E-09</x6></dataPoint>
        <dataPoint><x1>0.000952</x1><x2>7.92355E-08</x2><x3>2.59518E-08</x3><x4>3.03578E-09</x4><x5>4.43734E-08</x5><x6>5.97157E-09</x6></dataPoint>
        <dataPoint><x1>0.000960</x1><x2>4.78386E-08</x2><x3>1.75607E-08</x3><x4>2.12752E-09</x4><x5>5.22714E-08</x5><x6>4.01566E-09</x6></dataPoint>
        <dataPoint><x1>0.000968</x1><x2>6.12440E-08</x2><x3>3.13167E-08</x3><x4>8.31668E-10</x4><x5>6.77903E-08</x5><x6>6.31079E-09</x6></dataPoint>
        <dataPoint><x1>0.000976</x1><x2>4.85817E-08</x2><x3>2.08904E-08</x3><x4>2.09590E-09</x4><x5>5.42373E-08</x5><x6>2.87254E-09</x6></dataPoint>
        <dataPoint><x1>0.000984</x1><x2>5.37685E-08</x2><x3>2.17224E-08</x3><x4>7.03933E-10</x4><x5>5.37447E-08</x5><x6>0.00000E+00</x6></dataPoint>
        <dataPoint><x1>0.000992</x1><x2>5.19258E-08</x2><x3>2.00502E-08</x3><x4>2.23377E-09</x4><x5>4.69617E-08</x5><x6>2.17069E-09</x6></dataPoint>
        <dataPoint><x1>0.001000</x1><x2>4.39970E-08</x2><x3>2.28971E-08</x3><x4>3.39791E-09</x4><x5>5.04356E-08</x5><x6>3.72357E-09</x6></dataPoint>
        <dataPoint><x1>0.001008</x1><x2>4.80642E-08</x2><x3>3.15716E-08</x3><x4>3.03594E-09</x4><x5>7.41720E-08</x5><x6>1.08479E-09</x6></dataPoint>
        <dataPoint><x1>0.001016</x1><x2>5.85177E-08</x2><x3>2.12239E-08</x3><x4>1.76160E-09</x4><x5>5.13646E-08</x5><x6>5.16693E-09</x6></dataPoint>
        <dataPoint><x1>0.001024</x1><x2>5.53581E-08</x2><x3>2.20872E-08</x3><x4>1.53561E-09</x4><x5>5.07224E-08</x5><x6>0.00000E+00</x6></dataPoint>
        <dataPoint><x1>0.001032</x1><x2>5.67424E-08</x2><x3>2.83974E-08</x3><x4>1.22996E-09</x4><x5>5.15659E-08</x5><x6>1.36358E-09</x6></dataPoint>
        <dataPoint><x1>0.001040</x1><x2>5.85566E-08</x2><x3>1.77878E-08</x3><x4>1.03649E-09</x4><x5>4.80518E-08</x5><x6>4.48780E-09</x6></dataPoint>
        <dataPoint><x1>0.001048</x1><x2>5.88598E-08</x2><x3>2.50026E-08</x3><x4>1.50781E-09</x4><x5>5.17651E-08</x5><x6>7.32476E-10</x6></dataPoint>
        <dataPoint><x1>0.001056</x1><x2>5.99793E-08</x2><x3>2.50944E-08</x3><x4>1.48868E-09</x4><x5>5.78069E-08</x5><x6>0.00000E+00</x6></dataPoint>
        <dataPoint><x1>0.001064</x1><x2>5.32878E-08</x2><x3>2.80685E-08</x3><x4>4.43056E-09</x4><x5>7.01993E-08</x5><x6>0.00000E+00</x6></dataPoint>
        <dataPoint><x1>0.001072</x1><x2>4.86561E-08</x2><x3>2.55300E-08</x3><x4>4.04608E-09</x4><x5>5.38933E-08</x5><x6>2.77629E-09</x6></dataPoint>
        <dataPoint><x1>0.001080</x1><x2>4.09642E-08</x2><x3>1.78529E-08</x3><x4>3.56829E-09</x4><x5>5.38361E-08</x5><x6>5.44073E-09</x6></dataPoint>
        <dataPoint><x1>0.001088</x1><x2>5.52512E-08</x2><x3>2.48638E-08</x3><x4>2.28590E-09</x4><x5>5.26179E-08</x5><x6>3.93893E-09</x6></dataPoint>
        <dataPoint><x1>0.001096</x1><x2>5.49891E-08</x2><x3>1.92765E-08</x3><x4>7.91854E-10</x4><x5>5.05260E-08</x5><x6>1.14969E-09</x6></dataPoint>
        <dataPoint><x1>0.001104</x1><x2>5.21917E-08</x2><x3>2.45242E-08</x3><x4>2.53976E-09</x4><x5>4.97940E-08</x5><x6>1.09675E-09</x6></dataPoint>
        <dataPoint><x1>0.001112</x1><x2>4.81071E-08</x2><x3>2.70218E-08</x3><x4>2.11806E-09</x4><x5>6.58579E-08</x5><x6>0.00000E+00</x6></dataPoint>
        <dataPoint><x1>0.001120</x1><x2>4.56795E-08</x2><x3>1.92115E-08</x3><x4>1.82008E-09</x4><x5>4.70876E-08</x5><x6>2.86636E-09</x6></dataPoint>
        <dataPoint><x1>0.001128</x1><x2>5.50276E-08</x2><x3>1.73268E-08</x3><x4>6.46622E-10</x4><x5>5.12224E-08</x5><x6>3.56307E-09</x6></dataPoint>
        <dataPoint><x1>0.001136</x1><x2>5.87425E-08</x2><x3>1.90354E-08</x3><x4>1.21225E-09</x4><x5>5.50309E-08</x5><x6>1.30358E-09</x6></dataPoint>
        <dataPoint><x1>0.001144</x1><x2>4.77957E-08</x2><x3>2.23768E-08</x3><x4>2.92015E-09</x4><x5>5.44289E-08</x5><x6>1.73449E-09</x6></dataPoint>
        <dataPoint><x1>0.001152</x1><x2>4.49551E-08</x2><x3>2.19300E-08</x3><x4>1.03306E-09</x4><x5>5.73442E-08</x5><x6>2.26360E-09</x6></dataPoint>
        <dataPoint><x1>0.001160</x1><x2>5.00402E-08</x2><x3>2.78256E-08</x3><x4>2.53036E-09</x4><x5>5.42426E-08</x5><x6>2.35056E-09</x6></dataPoint>
        <dataPoint><x1>0.001168</x1><x2>5.01329E-08</x2><x3>2.64622E-08</x3><x4>1.07210E-09</x4><x5>4.90147E-08</x5><x6>1.60145E-09</x6></dataPoint>
        <dataPoint><x1>0.001176</x1><x2>3.96653E-08</x2><x3>1.74073E-08</x3><x4>3.50478E-09</x4><x5>4.23008E-08</x5><x6>1.99538E-09</x6></dataPoint>
        <dataPoint><x1>0.001184</x1><x2>6.52996E-08</x2><x3>1.78585E-08</x3><x4>6.24942E-10</x4><x5>4.52442E-08</x5><x6>1.87731E-09</x6></dataPoint>
        <dataPoint><x1>0.001192</x1><x2>4.74649E-08</x2><x3>1.64541E-08</x3><x4>1.62405E-09</x4><x5>4.48881E-08</x5><x6>5.08288E-09</x6></dataPoint>
        <dataPoint><x1>0.001200</x1><x2>5.18904E-08</x2><x3>2.27935E-08</x3><x4>3.54231E-09</x4><x5>5.75098E-08</x5><x6>1.36494E-09</x6></dataPoint>
        <dataPoint><x1>0.001208</x1><x2>5.38961E-08</x2><x3>1.72717E-08</x3><x4>3.10304E-09</x4><x5>5.07973E-08</x5><x6>1.33511E-09</x6></dataPoint>
        <dataPoint><x1>0.001216</x1><x2>5.35094E-08</x2><x3>1.64970E-08</x3><x4>1.86345E-09</x4><x5>5.31426E-08</x5><x6>2.64072E-09</x6></dataPoint>
        <dataPoint><x1>0.001224</x1><x2>5.40485E-08</x2><x3>2.15617E-08</x3><x4>4.04824E-09</x4><x5>5.74545E-08</x5><x6>2.48707E-09</x6></dataPoint>
        <dataPoint><x1>0.001232</x1><x2>4.17677E-08</x2><x3>1.86592E-08</x3><x4>1.00592E-09</x4><x5>5.70955E-08</x5><x6>2.06184E-09</x6></dataPoint>
        <dataPoint><x1>0.001240</x1><x2>5.45658E-08</x2><x3>2.15963E-08</x3><x4>2.54207E-09</x4><x5>4.86983E-08</x5><x6>1.22479E-09</x6></dataPoint>
        <dataPoint><x1>0.001248</x1><x2>6.08032E-08</x2><x3>1.86638E-08</x3><x4>1.95025E-09</x4><x5>4.83758E-08</x5><x6>0.00000E+00</x6></dataPoint>
        <dataPoint><x1>0.001256</x1><x2>5.48569E-08</x2><x3>2.06212E-08</x3><x4>3.32898E-09</x4><x5>6.72569E-08</x5><x6>0.00000E+00</x6></dataPoint>
        <dataPoint><x1>0.001264</x1><x2>4.25386E-08</x2><x3>1.86374E-08</x3><x4>2.98421E-09</x4><x5>5.11348E-08</x5><x6>3.51872E-09</x6></dataPoint>
        <dataPoint><x1>0.001272</x1><x2>5.35763E-08</x2><x3>2.69361E-08</x3><x4>1.63014E-09</x4><x5>5.02038E-08</x5><x6>3.88393E-09</x6></dataPoint>
        <dataPoint><x1>0.001280</x1><x2>4.35699E-08</x2><x3>2.25011E-08</x3><x4>2.32690E-09</x4><x5>4.47888E-08</x5><x6>4.29481E-09</x6></dataPoint>
        <dataPoint><x1>0.001288</x1><x2>4.72377E-08</x2><x3>1.67391E-08</x3><x4>2.62075E-09</x4><x5>5.73661E-08</x5><x6>1.74307E-09</x6></dataPoint>
        <dataPoint><x1>0.001296</x1><x2>4.39136E-08</x2><x3>2.03579E-08</x3><x4>2.31150E-09</x4><x5>5.20935E-08</x5><x6>3.09663E-09</x6></dataPoint>
        <dataPoint><x1>0.001304</x1><x2>4.78648E-08</x2><x3>2.68549E-08</x3><x4>3.58188E-09</x4><x5>5.26166E-08</x5><x6>9.11666E-10</x6></dataPoint>
        <dataPoint><x1>0.001312</x1><x2>4.55259E-08</x2><x3>2.50654E-08</x3><x4>1.16801E-09</x4><x5>4.26937E-08</x5><x6>2.72285E-09</x6></dataPoint>
        <dataPoint><x1>0.001320</x1><x2>5.07687E-08</x2><x3>2.59535E-08</x3><x4>3.03024E-09</x4><x5>5.03679E-08</x5><x6>6.87825E-09</x6></dataPoint>
        <dataPoint><x1>0.001328</x1><x2>4.75791E-08</x2><x3>1.90983E-08</x3><x4>1.57106E-09</x4><x5>4.64694E-08</x5><x6>1.02571E-09</x6></dataPoint>
        <dataPoint><x1>0.001336</x1><x2>4.70718E-08</x2><x3>2.11009E-08</x3><x4>2.12724E-09</x4><x5>5.30248E-08</x5><x6>4.17758E-09</x6></dataPoint>
        <dataPoint><x1>0.001344</x1><x2>5.81127E-08</x2><x3>2.06269E-08</x3><x4>1.29141E-09</x4><x5>4.77794E-08</x5><x6>2.58294E-09</x6></dataPoint>
        <dataPoint><x1>0.001352</x1><x2>6.01633E-08</x2><x3>2.30789E-08</x3><x4>2.62262E-09</x4><x5>5.55129E-08</x5><x6>3.39487E-09</x6></dataPoint>
        <dataPoint><x1>0.001360</x1><x2>5.21380E-08</x2><x3>3.44194E-08</x3><x4>1.38893E-09</x4><x5>5.92854E-08</x5><x6>3.37495E-09</x6></dataPoint>
        <dataPoint><x1>0.001368</x1><x2>5.57076E-08</x2><x3>2.44833E-08</x3><x4>3.86100E-09</x4><x5>5.85584E-08</x5><x6>3.20149E-09</x6></dataPoint>
        <dataPoint><x1>0.001376</x1><x2>5.77806E-08</x2><x3>1.85008E-08</x3><x4>3.32285E-09</x4><x5>4.47048E-08</x5><x6>3.35747E-09</x6></dataPoint>
        <dataPoint><x1>0.001384</x1><x2>4.80911E-08</x2><x3>2.18090E-08</x3><x4>2.58664E-09</x4><x5>5.52874E-08</x5><x6>7.60007E-09</x6></dataPoint>
        <dataPoint><x1>0.001392</x1><x2>4.54787E-08</x2><x3>2.16677E-08</x3><x4>3.36789E-09</x4><x5>4.75651E-08</x5><x6>2.23500E-09</x6></dataPoint>
        <dataPoint><x1>0.001400</x1><x2>4.49962E-08</x2><x3>1.87825E-08</x3><x4>2.95530E-09</x4><x5>5.38207E-08</x5><x6>2.82808E-09</x6></dataPoint>
        <dataPoint><x1>0.001408</x1><x2>5.37130E-08</x2><x3>2.33743E-08</x3><x4>3.11518E-09</x4><x5>5.02589E-08</x5><x6>1.81117E-09</x6></dataPoint>
        <dataPoint><x1>0.001416</x1><x2>5.25684E-08</x2><x3>1.83202E-08</x3><x4>3.14969E-09</x4><x5>4.63701E-08</x5><x6>1.15704E-09</x6></dataPoint>
        <dataPoint><x1>0.001424</x1><x2>5.20147E-08</x2><x3>1.78645E-08</x3><x4>3.30169E-09</x4><x5>4.37809E-08</x5><x6>4.01464E-09</x6></dataPoint>
        <dataPoint><x1>0.001432</x1><x2>5.35671E-08</x2><x3>2.74015E-08</x3><x4>3.32560E-09</x4><x5>5.14027E-08</x5><x6>0.00000E+00</x6></dataPoint>
        <dataPoint><x1>0.001440</x1><x2>4.01465E-08</x2><x3>1.76765E-08</x3><x4>2.25718E-09</x4><x5>4.94982E-08</x5><x6>5.23931E-09</x6></dataPoint>
        <dataPoint><x1>0.001448</x1><x2>4.68693E-08</x2><x3>2.08670E-08</x3><x4>3.69078E-09</x4><x5>5.25468E-08</x5><x6>3.60104E-09</x6></dataPoint>
        <dataPoint><x1>0.001456</x1><x2>6.19245E-08</x2><x3>1.95665E-08</x3><x4>3.63494E-10</x4><x5>4.82175E-08</x5><x6>2.91254E-09</x6></dataPoint>
        <dataPoint><x1>0.001464</x1><x2>5.13250E-08</x2><x3>1.34789E-08</x3><x4>2.79424E-09</x4><x5>5.16089E-08</x5><x6>7.91067E-10</x6></dataPoint>
        <dataPoint><x1>0.001472</x1><x2>4.41175E-08</x2><x3>2.26789E-08</x3><x4>4.62534E-09</x4><x5>6.16731E-08</x5><x6>3.94256E-09</x6></dataPoint>
        <dataPoint><x1>0.001480</x1><x2>4.85211E-08</x2><x3>1.88499E-08</x3><x4>2.86866E-09</x4><x5>5.09720E-08</x5><x6>5.90889E-09</x6></dataPoint>
    </dataGroup>
</experiment>
