<experiment>
    <fileAuthor>Chemical Kinetics Laboratory, Institute of Chemistry, ELTE, Budapest, Hungary</fileAuthor>
    <fileDOI>10.24388/x50003008</fileDOI>
    <fileVersion>
        <major>2</major>
        <minor>0</minor>
    </fileVersion>
    <ReSpecThVersion>
        <major>2</major>
        <minor>3</minor>
    </ReSpecThVersion>
    <firstPublicationDate>2015-10-11</firstPublicationDate>
    <lastModificationDate>2020-11-13</lastModificationDate>
    <bibliographyLink>
        <description>J. Kiecherer, C. Baensch, T. Bentz, M. Olzmann, Proc. Combust. Inst., 35, 2015, 465-472.</description>
        <referenceDOI>10.1016/j.proci.2014.05.086</referenceDOI>
        <location>Main Article + Personal Communication Channel with author, 1384 K series</location>
        <details>
            <author>Kiecherer, Johannes and B{\"{a}}nsch, Cornelie and Bentz, Tobias and Olzmann, Matthias</author>
            <journal>Proc Combust Inst</journal>
            <number>1</number>
            <pages>465--472</pages>
            <title>Pyrolysis of ethanol: A shock-tube/TOF-MS and modeling study</title>
            <volume>35</volume>
            <year>2015</year>
        </details>
    </bibliographyLink>
    <experimentType>concentration time profile measurement</experimentType>
    <apparatus>
        <kind>shock tube</kind>
    </apparatus>
    <commonProperties>
        <property name="initial composition"           sourcetype="reported"  >
            <component><speciesLink preferredKey="Ne"      CAS="7440-01-9"  InChI="1S/Ne"                        SMILES="[Ne]"  chemName="neon"    /><amount units="mol/cm3" >9.30E-06</amount></component>
            <component><speciesLink preferredKey="C2H5OH"  CAS="64-17-5"    InChI="1S/C2H6O/c1-2-3/h3H,2H2,1H3"  SMILES="CCO"   chemName="ethanol" /><amount units="mol/cm3" >1.40E-07</amount></component>
            <component><speciesLink preferredKey="Kr"      CAS="7439-90-9"  InChI="1S/Kr"                        SMILES="[Kr]"  chemName="krypton" /><amount units="mol/cm3" >9.50E-08</amount></component>
        </property>
        <property name="temperature"                   label="T"  sourcetype="reported"   units="K"             ><value>1380</value></property>
        <property name="pressure"                      label="P"  sourcetype="reported"   units="bar"           ><value>1.10</value></property>
        <property name="evaluated standard deviation"  sourcetype="estimated"  units="mole fraction"  reference="composition"  kind="absolute"  method="statistical scatter" >
            <speciesLink preferredKey="H2O"     CAS="7732-18-5"  InChI="1S/H2O/h1H2"                  SMILES="O"     chemName="water"        />
            <value>0.0112</value>
        </property>
        <property name="evaluated standard deviation"  sourcetype="estimated"  units="mole fraction"  reference="composition"  kind="absolute"  method="statistical scatter" >
            <speciesLink preferredKey="CH4"     CAS="74-82-8"    InChI="1S/CH4/h1H4"                  SMILES="C"     chemName="methane"      />
            <value>0.00523</value>
        </property>
        <property name="evaluated standard deviation"  sourcetype="estimated"  units="mole fraction"  reference="composition"  kind="absolute"  method="statistical scatter" >
            <speciesLink preferredKey="CH3CHO"  CAS="75-07-0"    InChI="1S/C2H4O/c1-2-3/h2H,1H3"      SMILES="CC=O"  chemName="acetaldehyde" />
            <value>0.00359</value>
        </property>
        <property name="evaluated standard deviation"  sourcetype="estimated"  units="mole fraction"  reference="composition"  kind="absolute"  method="statistical scatter" >
            <speciesLink preferredKey="C2Hn"    CAS=""           InChI=""                             SMILES=""      chemName=""             />
            <value>0.0111</value>
        </property>
        <property name="evaluated standard deviation"  sourcetype="estimated"  units="mole fraction"  reference="composition"  kind="absolute"  method="statistical scatter" >
            <speciesLink preferredKey="C2H5OH"  CAS="64-17-5"    InChI="1S/C2H6O/c1-2-3/h3H,2H2,1H3"  SMILES="CCO"   chemName="ethanol"      />
            <value>0.00964</value>
        </property>
    </commonProperties>
    <dataGroup id="dg1">
        <property name="time"           id="x1"   label="t"         sourcetype="reported"  units="s"       />
        <property name="concentration"  id="x2"   label="[H2O]"     sourcetype="reported"  units="mol/cm3" >
            <speciesLink preferredKey="H2O"     CAS="7732-18-5"  InChI="1S/H2O/h1H2"                  SMILES="O"     chemName="water"        />
        </property>
        <property name="concentration"  id="x3"   label="[CH4]"     sourcetype="reported"  units="mol/cm3" >
            <speciesLink preferredKey="CH4"     CAS="74-82-8"    InChI="1S/CH4/h1H4"                  SMILES="C"     chemName="methane"      />
        </property>
        <property name="concentration"  id="x4"   label="[CH3CHO]"  sourcetype="reported"  units="mol/cm3" >
            <speciesLink preferredKey="CH3CHO"  CAS="75-07-0"    InChI="1S/C2H4O/c1-2-3/h2H,1H3"      SMILES="CC=O"  chemName="acetaldehyde" />
        </property>
        <property name="concentration"  id="x5"   label="[C2Hn]"    sourcetype="reported"  units="mol/cm3" >
            <speciesLink preferredKey="C2H2"    CAS="74-86-2"    InChI="1S/C2H2/c1-2/h1-2H"           SMILES="C#C"   chemName="acetylene"    />
            <speciesLink preferredKey="C2H4"    CAS="74-85-1"    InChI="1S/C2H4/c1-2/h1-2H2"          SMILES="C=C"   chemName="ethene"       />
            <speciesLink preferredKey="C2H6"    CAS="74-84-0"    InChI="1S/C2H6/c1-2/h1-2H3"          SMILES="CC"    chemName="ethane"       />
        </property>
        <property name="concentration"  id="x6"   label="[C2H5OH]"  sourcetype="reported"  units="mol/cm3" >
            <speciesLink preferredKey="C2H5OH"  CAS="64-17-5"    InChI="1S/C2H6O/c1-2-3/h3H,2H2,1H3"  SMILES="CCO"   chemName="ethanol"      />
        </property>

        <dataPoint><x1>0.000000</x1><x2>0.00000E+00</x2><x3>0.00000E+00</x3><x4>0.00000E+00</x4><x5>0.00000E+00</x5><x6>1.34153E-07</x6></dataPoint>
        <dataPoint><x1>0.000016</x1><x2>1.21624E-08</x2><x3>0.00000E+00</x3><x4>0.00000E+00</x4><x5>0.00000E+00</x5><x6>1.10174E-07</x6></dataPoint>
        <dataPoint><x1>0.000032</x1><x2>1.84496E-08</x2><x3>0.00000E+00</x3><x4>0.00000E+00</x4><x5>3.55229E-08</x5><x6>1.59721E-07</x6></dataPoint>
        <dataPoint><x1>0.000040</x1><x2>1.93868E-08</x2><x3>0.00000E+00</x3><x4>6.48230E-09</x4><x5>3.44915E-08</x5><x6>1.31916E-07</x6></dataPoint>
        <dataPoint><x1>0.000048</x1><x2>1.48666E-08</x2><x3>5.88137E-09</x3><x4>7.16285E-09</x4><x5>2.77877E-08</x5><x6>1.37343E-07</x6></dataPoint>
        <dataPoint><x1>0.000056</x1><x2>1.73658E-08</x2><x3>0.00000E+00</x3><x4>0.00000E+00</x4><x5>2.44677E-08</x5><x6>1.35922E-07</x6></dataPoint>
        <dataPoint><x1>0.000064</x1><x2>1.03536E-08</x2><x3>2.91249E-09</x3><x4>4.64717E-09</x4><x5>3.85615E-08</x5><x6>9.37138E-08</x6></dataPoint>
        <dataPoint><x1>0.000072</x1><x2>1.50632E-08</x2><x3>0.00000E+00</x3><x4>1.01395E-08</x4><x5>0.00000E+00</x5><x6>1.08773E-07</x6></dataPoint>
        <dataPoint><x1>0.000088</x1><x2>2.91824E-08</x2><x3>0.00000E+00</x3><x4>1.26564E-08</x4><x5>0.00000E+00</x5><x6>9.50699E-08</x6></dataPoint>
        <dataPoint><x1>0.000096</x1><x2>1.56189E-08</x2><x3>0.00000E+00</x3><x4>1.27420E-08</x4><x5>0.00000E+00</x5><x6>1.30753E-07</x6></dataPoint>
        <dataPoint><x1>0.000104</x1><x2>1.45046E-08</x2><x3>0.00000E+00</x3><x4>1.11750E-08</x4><x5>3.10265E-08</x5><x6>1.22751E-07</x6></dataPoint>
        <dataPoint><x1>0.000112</x1><x2>1.94676E-08</x2><x3>4.06454E-09</x3><x4>2.57514E-09</x4><x5>2.07642E-08</x5><x6>7.71935E-08</x6></dataPoint>
        <dataPoint><x1>0.000120</x1><x2>2.15911E-08</x2><x3>2.69462E-09</x3><x4>1.84565E-08</x4><x5>2.89633E-08</x5><x6>1.10736E-07</x6></dataPoint>
        <dataPoint><x1>0.000128</x1><x2>2.61632E-08</x2><x3>3.85282E-09</x3><x4>1.27391E-08</x4><x5>3.92395E-08</x5><x6>1.11667E-07</x6></dataPoint>
        <dataPoint><x1>0.000136</x1><x2>2.99308E-08</x2><x3>0.00000E+00</x3><x4>1.40065E-08</x4><x5>3.17544E-08</x5><x6>9.85484E-08</x6></dataPoint>
        <dataPoint><x1>0.000144</x1><x2>2.06700E-08</x2><x3>1.78653E-08</x3><x4>7.31068E-09</x4><x5>3.41703E-08</x5><x6>1.02154E-07</x6></dataPoint>
        <dataPoint><x1>0.000160</x1><x2>2.58579E-08</x2><x3>0.00000E+00</x3><x4>1.29868E-08</x4><x5>3.86425E-08</x5><x6>7.89306E-08</x6></dataPoint>
        <dataPoint><x1>0.000168</x1><x2>2.05448E-08</x2><x3>0.00000E+00</x3><x4>1.37566E-08</x4><x5>2.42865E-08</x5><x6>1.01542E-07</x6></dataPoint>
        <dataPoint><x1>0.000176</x1><x2>1.84285E-08</x2><x3>1.13401E-08</x3><x4>2.00180E-08</x4><x5>3.65960E-08</x5><x6>1.20849E-07</x6></dataPoint>
        <dataPoint><x1>0.000184</x1><x2>1.66532E-08</x2><x3>2.31535E-09</x3><x4>1.23263E-08</x4><x5>3.74993E-08</x5><x6>7.45475E-08</x6></dataPoint>
        <dataPoint><x1>0.000192</x1><x2>2.27740E-08</x2><x3>6.38034E-09</x3><x4>1.57850E-08</x4><x5>2.97223E-08</x5><x6>6.92212E-08</x6></dataPoint>
        <dataPoint><x1>0.000200</x1><x2>2.40732E-08</x2><x3>3.36120E-09</x3><x4>1.05197E-08</x4><x5>3.62052E-08</x5><x6>7.15667E-08</x6></dataPoint>
        <dataPoint><x1>0.000208</x1><x2>2.66711E-08</x2><x3>2.23785E-09</x3><x4>1.22901E-08</x4><x5>4.68121E-08</x5><x6>8.05151E-08</x6></dataPoint>
        <dataPoint><x1>0.000216</x1><x2>2.72238E-08</x2><x3>0.00000E+00</x3><x4>1.56959E-08</x4><x5>3.04880E-08</x5><x6>1.00307E-07</x6></dataPoint>
        <dataPoint><x1>0.000224</x1><x2>3.26432E-08</x2><x3>1.82146E-08</x3><x4>1.47804E-08</x4><x5>6.05834E-08</x5><x6>9.72893E-08</x6></dataPoint>
        <dataPoint><x1>0.000232</x1><x2>3.55880E-08</x2><x3>1.83154E-08</x3><x4>1.33289E-08</x4><x5>3.54545E-08</x5><x6>6.78967E-08</x6></dataPoint>
        <dataPoint><x1>0.000240</x1><x2>3.32274E-08</x2><x3>1.66763E-08</x3><x4>1.98151E-08</x4><x5>3.58395E-08</x5><x6>9.35486E-08</x6></dataPoint>
        <dataPoint><x1>0.000248</x1><x2>3.64516E-08</x2><x3>1.49126E-08</x3><x4>1.25610E-08</x4><x5>5.00204E-08</x5><x6>7.47897E-08</x6></dataPoint>
        <dataPoint><x1>0.000256</x1><x2>2.80294E-08</x2><x3>5.58807E-09</x3><x4>1.26589E-08</x4><x5>4.83154E-08</x5><x6>7.60181E-08</x6></dataPoint>
        <dataPoint><x1>0.000264</x1><x2>3.30749E-08</x2><x3>4.87151E-09</x3><x4>1.78679E-08</x4><x5>3.80185E-08</x5><x6>6.18696E-08</x6></dataPoint>
        <dataPoint><x1>0.000272</x1><x2>4.62337E-08</x2><x3>7.88234E-09</x3><x4>1.29156E-08</x4><x5>2.95255E-08</x5><x6>1.03840E-07</x6></dataPoint>
        <dataPoint><x1>0.000280</x1><x2>3.24359E-08</x2><x3>5.62369E-09</x3><x4>2.11489E-08</x4><x5>3.88312E-08</x5><x6>1.00517E-07</x6></dataPoint>
        <dataPoint><x1>0.000288</x1><x2>4.21191E-08</x2><x3>1.24459E-08</x3><x4>1.42374E-08</x4><x5>4.78109E-08</x5><x6>7.36208E-08</x6></dataPoint>
        <dataPoint><x1>0.000296</x1><x2>3.45755E-08</x2><x3>9.38969E-09</x3><x4>9.37101E-09</x4><x5>4.22259E-08</x5><x6>7.49049E-08</x6></dataPoint>
        <dataPoint><x1>0.000304</x1><x2>4.04886E-08</x2><x3>1.91531E-08</x3><x4>1.23637E-08</x4><x5>5.31042E-08</x5><x6>4.90472E-08</x6></dataPoint>
        <dataPoint><x1>0.000312</x1><x2>3.80138E-08</x2><x3>6.94013E-09</x3><x4>1.47675E-08</x4><x5>3.92571E-08</x5><x6>5.75821E-08</x6></dataPoint>
        <dataPoint><x1>0.000320</x1><x2>3.05545E-08</x2><x3>2.44459E-08</x3><x4>9.13020E-09</x4><x5>6.74860E-08</x5><x6>8.72919E-08</x6></dataPoint>
        <dataPoint><x1>0.000328</x1><x2>2.50588E-08</x2><x3>5.25293E-09</x3><x4>1.05630E-08</x4><x5>4.67943E-08</x5><x6>6.66823E-08</x6></dataPoint>
        <dataPoint><x1>0.000336</x1><x2>4.87146E-08</x2><x3>8.30516E-09</x3><x4>1.23265E-08</x4><x5>5.58737E-08</x5><x6>9.33331E-08</x6></dataPoint>
        <dataPoint><x1>0.000344</x1><x2>3.81083E-08</x2><x3>7.28482E-09</x3><x4>2.33661E-08</x4><x5>5.47876E-08</x5><x6>6.39716E-08</x6></dataPoint>
        <dataPoint><x1>0.000352</x1><x2>6.87224E-08</x2><x3>1.82910E-08</x3><x4>1.66352E-08</x4><x5>4.96941E-08</x5><x6>6.28142E-08</x6></dataPoint>
        <dataPoint><x1>0.000360</x1><x2>4.87075E-08</x2><x3>1.25973E-08</x3><x4>1.11808E-08</x4><x5>5.69234E-08</x5><x6>5.96187E-08</x6></dataPoint>
        <dataPoint><x1>0.000368</x1><x2>4.13396E-08</x2><x3>1.02616E-08</x3><x4>1.30143E-08</x4><x5>7.52980E-08</x5><x6>6.39939E-08</x6></dataPoint>
        <dataPoint><x1>0.000376</x1><x2>3.93595E-08</x2><x3>1.21813E-08</x3><x4>2.23285E-08</x4><x5>7.16140E-08</x5><x6>7.26802E-08</x6></dataPoint>
        <dataPoint><x1>0.000384</x1><x2>3.79844E-08</x2><x3>2.49800E-08</x3><x4>2.12031E-08</x4><x5>5.34908E-08</x5><x6>4.64925E-08</x6></dataPoint>
        <dataPoint><x1>0.000392</x1><x2>7.35584E-08</x2><x3>1.66751E-08</x3><x4>1.75744E-08</x4><x5>7.54246E-08</x5><x6>7.26221E-08</x6></dataPoint>
        <dataPoint><x1>0.000400</x1><x2>8.26220E-08</x2><x3>1.13005E-08</x3><x4>1.31698E-08</x4><x5>5.41801E-08</x5><x6>4.67402E-08</x6></dataPoint>
        <dataPoint><x1>0.000408</x1><x2>6.77527E-08</x2><x3>1.55258E-08</x3><x4>1.89672E-08</x4><x5>6.71986E-08</x5><x6>5.61548E-08</x6></dataPoint>
        <dataPoint><x1>0.000416</x1><x2>3.83562E-08</x2><x3>1.57535E-08</x3><x4>2.16414E-08</x4><x5>5.06251E-08</x5><x6>5.44047E-08</x6></dataPoint>
        <dataPoint><x1>0.000424</x1><x2>6.25859E-08</x2><x3>1.56042E-08</x3><x4>1.29750E-08</x4><x5>3.98667E-08</x5><x6>5.96090E-08</x6></dataPoint>
        <dataPoint><x1>0.000432</x1><x2>3.91726E-08</x2><x3>2.07243E-08</x3><x4>1.40360E-08</x4><x5>6.64066E-08</x5><x6>4.83483E-08</x6></dataPoint>
        <dataPoint><x1>0.000440</x1><x2>5.87747E-08</x2><x3>1.67152E-08</x3><x4>1.18087E-08</x4><x5>6.53826E-08</x5><x6>4.40642E-08</x6></dataPoint>
        <dataPoint><x1>0.000448</x1><x2>7.19821E-08</x2><x3>1.45890E-08</x3><x4>8.74550E-09</x4><x5>6.56200E-08</x5><x6>4.96796E-08</x6></dataPoint>
        <dataPoint><x1>0.000456</x1><x2>7.78923E-08</x2><x3>2.58740E-08</x3><x4>1.34359E-08</x4><x5>5.98115E-08</x5><x6>5.94736E-08</x6></dataPoint>
        <dataPoint><x1>0.000464</x1><x2>4.74403E-08</x2><x3>1.32930E-08</x3><x4>1.59973E-08</x4><x5>7.23742E-08</x5><x6>4.44802E-08</x6></dataPoint>
        <dataPoint><x1>0.000472</x1><x2>5.83567E-08</x2><x3>2.48185E-08</x3><x4>1.41212E-08</x4><x5>8.34184E-08</x5><x6>4.67860E-08</x6></dataPoint>
        <dataPoint><x1>0.000480</x1><x2>6.53238E-08</x2><x3>2.34958E-08</x3><x4>2.23322E-08</x4><x5>4.36072E-08</x5><x6>7.20292E-08</x6></dataPoint>
        <dataPoint><x1>0.000488</x1><x2>4.97276E-08</x2><x3>2.11490E-08</x3><x4>1.43782E-08</x4><x5>6.60780E-08</x5><x6>6.40063E-08</x6></dataPoint>
        <dataPoint><x1>0.000496</x1><x2>4.60252E-08</x2><x3>1.79746E-08</x3><x4>1.80146E-08</x4><x5>9.36587E-08</x5><x6>4.49328E-08</x6></dataPoint>
        <dataPoint><x1>0.000504</x1><x2>5.73196E-08</x2><x3>1.75475E-08</x3><x4>2.47526E-08</x4><x5>5.33074E-08</x5><x6>3.53625E-08</x6></dataPoint>
        <dataPoint><x1>0.000512</x1><x2>7.07924E-08</x2><x3>1.52384E-08</x3><x4>1.81836E-08</x4><x5>4.94615E-08</x5><x6>3.68941E-08</x6></dataPoint>
        <dataPoint><x1>0.000520</x1><x2>4.41832E-08</x2><x3>2.40008E-08</x3><x4>1.08224E-08</x4><x5>7.24738E-08</x5><x6>4.14284E-08</x6></dataPoint>
        <dataPoint><x1>0.000528</x1><x2>5.94088E-08</x2><x3>1.51219E-08</x3><x4>1.38368E-08</x4><x5>5.75330E-08</x5><x6>4.10119E-08</x6></dataPoint>
        <dataPoint><x1>0.000536</x1><x2>9.03062E-08</x2><x3>3.16309E-08</x3><x4>1.04693E-08</x4><x5>8.25984E-08</x5><x6>4.66284E-08</x6></dataPoint>
        <dataPoint><x1>0.000544</x1><x2>1.04626E-07</x2><x3>2.45767E-08</x3><x4>1.02308E-08</x4><x5>7.01237E-08</x5><x6>4.56012E-08</x6></dataPoint>
        <dataPoint><x1>0.000552</x1><x2>1.00030E-07</x2><x3>2.01532E-08</x3><x4>1.24024E-08</x4><x5>7.17094E-08</x5><x6>5.05908E-08</x6></dataPoint>
        <dataPoint><x1>0.000560</x1><x2>8.24161E-08</x2><x3>1.73259E-08</x3><x4>1.52050E-08</x4><x5>6.57313E-08</x5><x6>4.83079E-08</x6></dataPoint>
        <dataPoint><x1>0.000568</x1><x2>6.35607E-08</x2><x3>1.61685E-08</x3><x4>1.45988E-08</x4><x5>5.89171E-08</x5><x6>4.11321E-08</x6></dataPoint>
        <dataPoint><x1>0.000576</x1><x2>6.14137E-08</x2><x3>2.70910E-08</x3><x4>1.74283E-08</x4><x5>7.25590E-08</x5><x6>4.75117E-08</x6></dataPoint>
        <dataPoint><x1>0.000584</x1><x2>6.17066E-08</x2><x3>2.16140E-08</x3><x4>2.40669E-08</x4><x5>5.45087E-08</x5><x6>4.79080E-08</x6></dataPoint>
        <dataPoint><x1>0.000592</x1><x2>6.34522E-08</x2><x3>3.30265E-08</x3><x4>1.29452E-08</x4><x5>9.07830E-08</x5><x6>3.60261E-08</x6></dataPoint>
        <dataPoint><x1>0.000600</x1><x2>5.94682E-08</x2><x3>1.68841E-08</x3><x4>1.49126E-08</x4><x5>8.94725E-08</x5><x6>4.19576E-08</x6></dataPoint>
        <dataPoint><x1>0.000608</x1><x2>6.11740E-08</x2><x3>2.98840E-08</x3><x4>9.23341E-09</x4><x5>7.06039E-08</x5><x6>3.90545E-08</x6></dataPoint>
        <dataPoint><x1>0.000616</x1><x2>7.17182E-08</x2><x3>1.41272E-08</x3><x4>7.85259E-09</x4><x5>5.81082E-08</x5><x6>4.49212E-08</x6></dataPoint>
        <dataPoint><x1>0.000624</x1><x2>6.09390E-08</x2><x3>1.39556E-08</x3><x4>1.26007E-08</x4><x5>7.82483E-08</x5><x6>3.44435E-08</x6></dataPoint>
        <dataPoint><x1>0.000632</x1><x2>8.16694E-08</x2><x3>2.92794E-08</x3><x4>8.97297E-09</x4><x5>7.21537E-08</x5><x6>3.80879E-08</x6></dataPoint>
        <dataPoint><x1>0.000640</x1><x2>9.71034E-08</x2><x3>3.38648E-08</x3><x4>9.22919E-09</x4><x5>8.03979E-08</x5><x6>3.74192E-08</x6></dataPoint>
        <dataPoint><x1>0.000648</x1><x2>5.89496E-08</x2><x3>2.58678E-08</x3><x4>7.90999E-09</x4><x5>8.14072E-08</x5><x6>3.80107E-08</x6></dataPoint>
        <dataPoint><x1>0.000656</x1><x2>5.99567E-08</x2><x3>2.74621E-08</x3><x4>1.81683E-08</x4><x5>7.69085E-08</x5><x6>3.35872E-08</x6></dataPoint>
        <dataPoint><x1>0.000664</x1><x2>7.89149E-08</x2><x3>2.10917E-08</x3><x4>1.27118E-08</x4><x5>5.26917E-08</x5><x6>4.08874E-08</x6></dataPoint>
        <dataPoint><x1>0.000672</x1><x2>5.59553E-08</x2><x3>3.32972E-08</x3><x4>9.36929E-09</x4><x5>6.72786E-08</x5><x6>3.18697E-08</x6></dataPoint>
        <dataPoint><x1>0.000680</x1><x2>6.17142E-08</x2><x3>1.91116E-08</x3><x4>1.28123E-08</x4><x5>7.12757E-08</x5><x6>2.81050E-08</x6></dataPoint>
        <dataPoint><x1>0.000688</x1><x2>8.07314E-08</x2><x3>1.82107E-08</x3><x4>7.77875E-09</x4><x5>7.15494E-08</x5><x6>3.55549E-08</x6></dataPoint>
        <dataPoint><x1>0.000696</x1><x2>6.74198E-08</x2><x3>2.50599E-08</x3><x4>9.32877E-09</x4><x5>7.15019E-08</x5><x6>4.33874E-08</x6></dataPoint>
        <dataPoint><x1>0.000704</x1><x2>5.45521E-08</x2><x3>2.58543E-08</x3><x4>1.89490E-08</x4><x5>8.23382E-08</x5><x6>3.13032E-08</x6></dataPoint>
        <dataPoint><x1>0.000712</x1><x2>8.07883E-08</x2><x3>2.24933E-08</x3><x4>1.40980E-08</x4><x5>5.91431E-08</x5><x6>2.67329E-08</x6></dataPoint>
        <dataPoint><x1>0.000720</x1><x2>6.79903E-08</x2><x3>1.79459E-08</x3><x4>9.68615E-09</x4><x5>6.68798E-08</x5><x6>4.22086E-08</x6></dataPoint>
        <dataPoint><x1>0.000728</x1><x2>7.14034E-08</x2><x3>2.61207E-08</x3><x4>1.06757E-08</x4><x5>8.81742E-08</x5><x6>3.30500E-08</x6></dataPoint>
        <dataPoint><x1>0.000736</x1><x2>8.20379E-08</x2><x3>2.00684E-08</x3><x4>8.86792E-09</x4><x5>7.47330E-08</x5><x6>4.59102E-08</x6></dataPoint>
        <dataPoint><x1>0.000744</x1><x2>8.16562E-08</x2><x3>2.20772E-08</x3><x4>1.22719E-08</x4><x5>1.01450E-07</x5><x6>2.96718E-08</x6></dataPoint>
        <dataPoint><x1>0.000752</x1><x2>6.53482E-08</x2><x3>2.42851E-08</x3><x4>1.76352E-08</x4><x5>7.60410E-08</x5><x6>2.48326E-08</x6></dataPoint>
        <dataPoint><x1>0.000760</x1><x2>7.56610E-08</x2><x3>2.32254E-08</x3><x4>8.87547E-09</x4><x5>7.48061E-08</x5><x6>2.80533E-08</x6></dataPoint>
        <dataPoint><x1>0.000768</x1><x2>6.44546E-08</x2><x3>3.17463E-08</x3><x4>2.03740E-08</x4><x5>7.79364E-08</x5><x6>2.95604E-08</x6></dataPoint>
        <dataPoint><x1>0.000776</x1><x2>8.42462E-08</x2><x3>2.31599E-08</x3><x4>9.46149E-09</x4><x5>8.63617E-08</x5><x6>3.99985E-08</x6></dataPoint>
        <dataPoint><x1>0.000784</x1><x2>6.94144E-08</x2><x3>1.85340E-08</x3><x4>1.67515E-08</x4><x5>7.74172E-08</x5><x6>2.74034E-08</x6></dataPoint>
        <dataPoint><x1>0.000800</x1><x2>6.13273E-08</x2><x3>2.39621E-08</x3><x4>9.33857E-09</x4><x5>6.79407E-08</x5><x6>2.01410E-08</x6></dataPoint>
        <dataPoint><x1>0.000808</x1><x2>5.63574E-08</x2><x3>2.97729E-08</x3><x4>1.82673E-08</x4><x5>7.74339E-08</x5><x6>3.12078E-08</x6></dataPoint>
        <dataPoint><x1>0.000816</x1><x2>5.73069E-08</x2><x3>3.12423E-08</x3><x4>1.19612E-08</x4><x5>9.01173E-08</x5><x6>2.68279E-08</x6></dataPoint>
        <dataPoint><x1>0.000824</x1><x2>6.98726E-08</x2><x3>2.20398E-08</x3><x4>8.48270E-09</x4><x5>7.40610E-08</x5><x6>2.97812E-08</x6></dataPoint>
        <dataPoint><x1>0.000832</x1><x2>9.33704E-08</x2><x3>2.67918E-08</x3><x4>1.29645E-08</x4><x5>1.04970E-07</x5><x6>3.69220E-08</x6></dataPoint>
        <dataPoint><x1>0.000840</x1><x2>7.92389E-08</x2><x3>2.33921E-08</x3><x4>9.52672E-09</x4><x5>8.99227E-08</x5><x6>2.66404E-08</x6></dataPoint>
        <dataPoint><x1>0.000848</x1><x2>5.31300E-08</x2><x3>3.29374E-08</x3><x4>1.33967E-08</x4><x5>8.36821E-08</x5><x6>2.39759E-08</x6></dataPoint>
        <dataPoint><x1>0.000856</x1><x2>6.77174E-08</x2><x3>2.85532E-08</x3><x4>7.36974E-09</x4><x5>8.23851E-08</x5><x6>1.79351E-08</x6></dataPoint>
        <dataPoint><x1>0.000864</x1><x2>8.47787E-08</x2><x3>1.90332E-08</x3><x4>1.21216E-08</x4><x5>7.58362E-08</x5><x6>3.04673E-08</x6></dataPoint>
        <dataPoint><x1>0.000872</x1><x2>7.67726E-08</x2><x3>2.10481E-08</x3><x4>6.43474E-09</x4><x5>8.12241E-08</x5><x6>3.39137E-08</x6></dataPoint>
        <dataPoint><x1>0.000880</x1><x2>8.71451E-08</x2><x3>3.67760E-08</x3><x4>7.97731E-09</x4><x5>8.16693E-08</x5><x6>2.08414E-08</x6></dataPoint>
        <dataPoint><x1>0.000888</x1><x2>7.13488E-08</x2><x3>2.88787E-08</x3><x4>1.53674E-08</x4><x5>6.34928E-08</x5><x6>2.15059E-08</x6></dataPoint>
        <dataPoint><x1>0.000896</x1><x2>6.28220E-08</x2><x3>3.10933E-08</x3><x4>1.23399E-08</x4><x5>8.88942E-08</x5><x6>1.39717E-08</x6></dataPoint>
        <dataPoint><x1>0.000904</x1><x2>8.24385E-08</x2><x3>3.07899E-08</x3><x4>1.12726E-08</x4><x5>8.73835E-08</x5><x6>2.30436E-08</x6></dataPoint>
        <dataPoint><x1>0.000912</x1><x2>6.35815E-08</x2><x3>2.37982E-08</x3><x4>9.48487E-09</x4><x5>7.63612E-08</x5><x6>1.43403E-08</x6></dataPoint>
        <dataPoint><x1>0.000920</x1><x2>7.66956E-08</x2><x3>2.98222E-08</x3><x4>7.65944E-09</x4><x5>6.58093E-08</x5><x6>1.93590E-08</x6></dataPoint>
        <dataPoint><x1>0.000928</x1><x2>6.56352E-08</x2><x3>2.73863E-08</x3><x4>1.09634E-08</x4><x5>7.19180E-08</x5><x6>1.90253E-08</x6></dataPoint>
        <dataPoint><x1>0.000936</x1><x2>5.48728E-08</x2><x3>2.56485E-08</x3><x4>8.95850E-09</x4><x5>7.71678E-08</x5><x6>2.08948E-08</x6></dataPoint>
        <dataPoint><x1>0.000944</x1><x2>6.80009E-08</x2><x3>2.48975E-08</x3><x4>1.01969E-08</x4><x5>8.95193E-08</x5><x6>3.63727E-08</x6></dataPoint>
        <dataPoint><x1>0.000952</x1><x2>8.32042E-08</x2><x3>2.68544E-08</x3><x4>1.00926E-08</x4><x5>7.59046E-08</x5><x6>3.47647E-08</x6></dataPoint>
        <dataPoint><x1>0.000960</x1><x2>6.74356E-08</x2><x3>2.78858E-08</x3><x4>8.46305E-09</x4><x5>1.23296E-07</x5><x6>2.20980E-08</x6></dataPoint>
        <dataPoint><x1>0.000968</x1><x2>8.18615E-08</x2><x3>3.10131E-08</x3><x4>8.60661E-09</x4><x5>8.84693E-08</x5><x6>2.87525E-08</x6></dataPoint>
        <dataPoint><x1>0.000976</x1><x2>6.79437E-08</x2><x3>3.25297E-08</x3><x4>1.22180E-08</x4><x5>7.81052E-08</x5><x6>2.06790E-08</x6></dataPoint>
        <dataPoint><x1>0.000984</x1><x2>6.13988E-08</x2><x3>3.33634E-08</x3><x4>1.77096E-08</x4><x5>8.98609E-08</x5><x6>2.18703E-08</x6></dataPoint>
        <dataPoint><x1>0.001000</x1><x2>5.19834E-08</x2><x3>2.60997E-08</x3><x4>1.62660E-08</x4><x5>8.20731E-08</x5><x6>1.51835E-08</x6></dataPoint>
        <dataPoint><x1>0.001008</x1><x2>6.44256E-08</x2><x3>1.89579E-08</x3><x4>6.54232E-09</x4><x5>6.47102E-08</x5><x6>2.00687E-08</x6></dataPoint>
        <dataPoint><x1>0.001016</x1><x2>8.70020E-08</x2><x3>3.00673E-08</x3><x4>1.39447E-08</x4><x5>7.54758E-08</x5><x6>2.15434E-08</x6></dataPoint>
        <dataPoint><x1>0.001024</x1><x2>6.88066E-08</x2><x3>2.22700E-08</x3><x4>1.02097E-08</x4><x5>8.38557E-08</x5><x6>2.43660E-08</x6></dataPoint>
        <dataPoint><x1>0.001032</x1><x2>6.30383E-08</x2><x3>2.56223E-08</x3><x4>5.79695E-09</x4><x5>7.29477E-08</x5><x6>2.87525E-08</x6></dataPoint>
        <dataPoint><x1>0.001040</x1><x2>8.66747E-08</x2><x3>2.85349E-08</x3><x4>5.59462E-09</x4><x5>8.84653E-08</x5><x6>1.27459E-08</x6></dataPoint>
        <dataPoint><x1>0.001048</x1><x2>6.72516E-08</x2><x3>2.52132E-08</x3><x4>1.03110E-08</x4><x5>7.84601E-08</x5><x6>3.04288E-08</x6></dataPoint>
        <dataPoint><x1>0.001056</x1><x2>7.40423E-08</x2><x3>2.84351E-08</x3><x4>1.03081E-08</x4><x5>8.79809E-08</x5><x6>2.67046E-08</x6></dataPoint>
        <dataPoint><x1>0.001064</x1><x2>7.12492E-08</x2><x3>2.55060E-08</x3><x4>1.69107E-08</x4><x5>8.52579E-08</x5><x6>1.54145E-08</x6></dataPoint>
        <dataPoint><x1>0.001072</x1><x2>8.08669E-08</x2><x3>2.59069E-08</x3><x4>8.26172E-09</x4><x5>8.52762E-08</x5><x6>2.91134E-08</x6></dataPoint>
        <dataPoint><x1>0.001080</x1><x2>6.90249E-08</x2><x3>2.45521E-08</x3><x4>9.46153E-09</x4><x5>8.29328E-08</x5><x6>1.95619E-08</x6></dataPoint>
        <dataPoint><x1>0.001088</x1><x2>7.53000E-08</x2><x3>2.50861E-08</x3><x4>1.11832E-08</x4><x5>6.94032E-08</x5><x6>2.24319E-08</x6></dataPoint>
        <dataPoint><x1>0.001096</x1><x2>6.85456E-08</x2><x3>2.64546E-08</x3><x4>6.54196E-09</x4><x5>9.17337E-08</x5><x6>1.98892E-08</x6></dataPoint>
        <dataPoint><x1>0.001104</x1><x2>6.24963E-08</x2><x3>2.51461E-08</x3><x4>1.23114E-08</x4><x5>7.72885E-08</x5><x6>2.04400E-08</x6></dataPoint>
        <dataPoint><x1>0.001112</x1><x2>7.79487E-08</x2><x3>2.35150E-08</x3><x4>8.80077E-09</x4><x5>7.85449E-08</x5><x6>2.26856E-08</x6></dataPoint>
        <dataPoint><x1>0.001120</x1><x2>6.45940E-08</x2><x3>3.04776E-08</x3><x4>8.67784E-09</x4><x5>8.11880E-08</x5><x6>1.26329E-08</x6></dataPoint>
        <dataPoint><x1>0.001128</x1><x2>9.53615E-08</x2><x3>2.98637E-08</x3><x4>9.11226E-09</x4><x5>8.39688E-08</x5><x6>1.40599E-08</x6></dataPoint>
        <dataPoint><x1>0.001136</x1><x2>7.46611E-08</x2><x3>2.32624E-08</x3><x4>1.01285E-08</x4><x5>9.16997E-08</x5><x6>1.94477E-08</x6></dataPoint>
        <dataPoint><x1>0.001144</x1><x2>6.10299E-08</x2><x3>2.23337E-08</x3><x4>9.13773E-09</x4><x5>8.95038E-08</x5><x6>2.04275E-08</x6></dataPoint>
        <dataPoint><x1>0.001152</x1><x2>8.39403E-08</x2><x3>3.25983E-08</x3><x4>4.32836E-09</x4><x5>7.91961E-08</x5><x6>1.66931E-08</x6></dataPoint>
        <dataPoint><x1>0.001160</x1><x2>7.64332E-08</x2><x3>2.87218E-08</x3><x4>8.56822E-09</x4><x5>7.32872E-08</x5><x6>1.25789E-08</x6></dataPoint>
        <dataPoint><x1>0.001168</x1><x2>6.47790E-08</x2><x3>2.58996E-08</x3><x4>1.22129E-08</x4><x5>7.92396E-08</x5><x6>1.69350E-08</x6></dataPoint>
        <dataPoint><x1>0.001176</x1><x2>7.38930E-08</x2><x3>3.24111E-08</x3><x4>5.97092E-09</x4><x5>6.98843E-08</x5><x6>1.74088E-08</x6></dataPoint>
        <dataPoint><x1>0.001184</x1><x2>7.55255E-08</x2><x3>3.77126E-08</x3><x4>1.04156E-08</x4><x5>7.09381E-08</x5><x6>1.49069E-08</x6></dataPoint>
        <dataPoint><x1>0.001192</x1><x2>7.76419E-08</x2><x3>2.66922E-08</x3><x4>9.79145E-09</x4><x5>7.18376E-08</x5><x6>2.27074E-08</x6></dataPoint>
        <dataPoint><x1>0.001200</x1><x2>5.83466E-08</x2><x3>1.72244E-08</x3><x4>8.71646E-09</x4><x5>6.44192E-08</x5><x6>1.20183E-08</x6></dataPoint>
        <dataPoint><x1>0.001208</x1><x2>9.73547E-08</x2><x3>2.95793E-08</x3><x4>8.03626E-09</x4><x5>7.91670E-08</x5><x6>3.25505E-08</x6></dataPoint>
        <dataPoint><x1>0.001216</x1><x2>5.99774E-08</x2><x3>3.60049E-08</x3><x4>1.16563E-08</x4><x5>9.19871E-08</x5><x6>9.92107E-09</x6></dataPoint>
        <dataPoint><x1>0.001224</x1><x2>6.59039E-08</x2><x3>2.15868E-08</x3><x4>5.59361E-09</x4><x5>7.42255E-08</x5><x6>2.05976E-08</x6></dataPoint>
        <dataPoint><x1>0.001232</x1><x2>6.50022E-08</x2><x3>2.00248E-08</x3><x4>9.07889E-09</x4><x5>6.78036E-08</x5><x6>1.92918E-08</x6></dataPoint>
        <dataPoint><x1>0.001240</x1><x2>7.37650E-08</x2><x3>2.05098E-08</x3><x4>1.38311E-08</x4><x5>6.69202E-08</x5><x6>1.30243E-08</x6></dataPoint>
        <dataPoint><x1>0.001248</x1><x2>7.19564E-08</x2><x3>3.35000E-08</x3><x4>1.25108E-08</x4><x5>9.00310E-08</x5><x6>1.02476E-08</x6></dataPoint>
        <dataPoint><x1>0.001256</x1><x2>6.31012E-08</x2><x3>2.34587E-08</x3><x4>4.51185E-09</x4><x5>7.36173E-08</x5><x6>2.71722E-08</x6></dataPoint>
        <dataPoint><x1>0.001264</x1><x2>9.09979E-08</x2><x3>3.36874E-08</x3><x4>4.56824E-09</x4><x5>9.71728E-08</x5><x6>2.50616E-08</x6></dataPoint>
        <dataPoint><x1>0.001272</x1><x2>7.36713E-08</x2><x3>3.70631E-08</x3><x4>6.48581E-09</x4><x5>7.49848E-08</x5><x6>1.45856E-08</x6></dataPoint>
        <dataPoint><x1>0.001280</x1><x2>7.84143E-08</x2><x3>2.60259E-08</x3><x4>7.37393E-09</x4><x5>9.71428E-08</x5><x6>1.96723E-08</x6></dataPoint>
        <dataPoint><x1>0.001288</x1><x2>6.72285E-08</x2><x3>3.20420E-08</x3><x4>1.18318E-08</x4><x5>8.70239E-08</x5><x6>1.72291E-08</x6></dataPoint>
        <dataPoint><x1>0.001296</x1><x2>7.59727E-08</x2><x3>3.91354E-08</x3><x4>8.78810E-09</x4><x5>7.79791E-08</x5><x6>1.65060E-08</x6></dataPoint>
        <dataPoint><x1>0.001304</x1><x2>6.95836E-08</x2><x3>2.27691E-08</x3><x4>8.09400E-09</x4><x5>8.88676E-08</x5><x6>1.20185E-08</x6></dataPoint>
        <dataPoint><x1>0.001312</x1><x2>6.75155E-08</x2><x3>2.82906E-08</x3><x4>1.21561E-08</x4><x5>8.93508E-08</x5><x6>1.24856E-08</x6></dataPoint>
        <dataPoint><x1>0.001320</x1><x2>7.03968E-08</x2><x3>2.63502E-08</x3><x4>1.00081E-08</x4><x5>9.11664E-08</x5><x6>1.00846E-08</x6></dataPoint>
        <dataPoint><x1>0.001328</x1><x2>8.33657E-08</x2><x3>2.36123E-08</x3><x4>8.60129E-09</x4><x5>7.57369E-08</x5><x6>2.12756E-08</x6></dataPoint>
        <dataPoint><x1>0.001336</x1><x2>6.68542E-08</x2><x3>2.19352E-08</x3><x4>8.87335E-09</x4><x5>8.00869E-08</x5><x6>1.68284E-08</x6></dataPoint>
        <dataPoint><x1>0.001344</x1><x2>8.09492E-08</x2><x3>2.94929E-08</x3><x4>4.92826E-09</x4><x5>8.70521E-08</x5><x6>1.18749E-08</x6></dataPoint>
        <dataPoint><x1>0.001352</x1><x2>8.66159E-08</x2><x3>3.75391E-08</x3><x4>1.14234E-08</x4><x5>8.63361E-08</x5><x6>1.25064E-08</x6></dataPoint>
        <dataPoint><x1>0.001360</x1><x2>6.79036E-08</x2><x3>2.63468E-08</x3><x4>8.93042E-09</x4><x5>7.42029E-08</x5><x6>1.38990E-08</x6></dataPoint>
        <dataPoint><x1>0.001368</x1><x2>8.21027E-08</x2><x3>3.04910E-08</x3><x4>9.66635E-09</x4><x5>7.54569E-08</x5><x6>1.50731E-08</x6></dataPoint>
        <dataPoint><x1>0.001376</x1><x2>6.96096E-08</x2><x3>2.16295E-08</x3><x4>7.31635E-09</x4><x5>7.51255E-08</x5><x6>1.66284E-08</x6></dataPoint>
        <dataPoint><x1>0.001384</x1><x2>7.41656E-08</x2><x3>2.15275E-08</x3><x4>8.90631E-09</x4><x5>7.59682E-08</x5><x6>2.30700E-08</x6></dataPoint>
        <dataPoint><x1>0.001392</x1><x2>5.66353E-08</x2><x3>2.02718E-08</x3><x4>5.28342E-09</x4><x5>6.90031E-08</x5><x6>9.46047E-09</x6></dataPoint>
        <dataPoint><x1>0.001400</x1><x2>7.34245E-08</x2><x3>3.27910E-08</x3><x4>4.90189E-09</x4><x5>6.73869E-08</x5><x6>1.63648E-08</x6></dataPoint>
        <dataPoint><x1>0.001408</x1><x2>8.02348E-08</x2><x3>2.30641E-08</x3><x4>7.62743E-09</x4><x5>6.46537E-08</x5><x6>1.36979E-08</x6></dataPoint>
        <dataPoint><x1>0.001416</x1><x2>7.00153E-08</x2><x3>2.51550E-08</x3><x4>7.54717E-09</x4><x5>7.12388E-08</x5><x6>1.58652E-08</x6></dataPoint>
        <dataPoint><x1>0.001424</x1><x2>6.00590E-08</x2><x3>1.61823E-08</x3><x4>7.82617E-09</x4><x5>7.45748E-08</x5><x6>9.03004E-09</x6></dataPoint>
        <dataPoint><x1>0.001432</x1><x2>7.50554E-08</x2><x3>2.11393E-08</x3><x4>6.08326E-09</x4><x5>5.80454E-08</x5><x6>1.14950E-08</x6></dataPoint>
        <dataPoint><x1>0.001440</x1><x2>7.39899E-08</x2><x3>2.29871E-08</x3><x4>8.54399E-09</x4><x5>7.25707E-08</x5><x6>2.41242E-08</x6></dataPoint>
        <dataPoint><x1>0.001448</x1><x2>8.36649E-08</x2><x3>2.46758E-08</x3><x4>6.76532E-09</x4><x5>7.94895E-08</x5><x6>1.02346E-08</x6></dataPoint>
        <dataPoint><x1>0.001456</x1><x2>6.41477E-08</x2><x3>2.71071E-08</x3><x4>7.37727E-09</x4><x5>6.84717E-08</x5><x6>1.09070E-08</x6></dataPoint>
        <dataPoint><x1>0.001472</x1><x2>6.91285E-08</x2><x3>2.76778E-08</x3><x4>8.46569E-09</x4><x5>7.31387E-08</x5><x6>1.63069E-08</x6></dataPoint>
        <dataPoint><x1>0.001480</x1><x2>7.74157E-08</x2><x3>3.32108E-08</x3><x4>6.95421E-09</x4><x5>9.03232E-08</x5><x6>1.20497E-08</x6></dataPoint>
    </dataGroup>
</experiment>
