<experiment>
    <fileAuthor>Chemical Kinetics Laboratory, Institute of Chemistry, ELTE, Budapest, Hungary</fileAuthor>
    <fileDOI>10.24388/x50003002</fileDOI>
    <fileVersion>
        <major>2</major>
        <minor>0</minor>
    </fileVersion>
    <ReSpecThVersion>
        <major>2</major>
        <minor>3</minor>
    </ReSpecThVersion>
    <firstPublicationDate>2015-10-11</firstPublicationDate>
    <lastModificationDate>2020-11-13</lastModificationDate>
    <bibliographyLink>
        <description>M. Aghsaee, D. Nativel, M. Bozkurt, M. Fikri, N. Chaumeix, C. Schulz, Proc. Combust. Inst., 35, 2015.</description>
        <referenceDOI>10.1016/j.proci.2014.05.063</referenceDOI>
        <location>Main Article + Personal Communication Channel</location>
        <figure>Fig. 2a</figure>
        <details>
            <author>Aghsaee, M and Nativel, D and Bozkurt, M and Fikri, M and Chaumeix, N and Schulz, C</author>
            <journal>Proc Combust Inst</journal>
            <number>1</number>
            <pages>393--400</pages>
            <title>Experimental study of the kinetics of ethanol pyrolysis and oxidation behind reflected shockwaves and in laminar flames</title>
            <volume>35</volume>
            <year>2015</year>
        </details>
    </bibliographyLink>
    <experimentType>concentration time profile measurement</experimentType>
    <apparatus>
        <kind>shock tube</kind>
    </apparatus>
    <commonProperties>
        <property name="initial composition"           sourcetype="reported"  >
            <component><speciesLink preferredKey="C2H5OH"  CAS="64-17-5"    InChI="1S/C2H6O/c1-2-3/h3H,2H2,1H3"  SMILES="CCO"   chemName="ethanol" /><amount units="mole fraction" >0.01</amount></component>
            <component><speciesLink preferredKey="O2"      CAS="7782-44-7"  InChI="1S/O2/c1-2"                   SMILES="O=O"   chemName="oxygen"  /><amount units="mole fraction" >0.03</amount></component>
            <component><speciesLink preferredKey="Ar"      CAS="7440-37-1"  InChI="1S/Ar"                        SMILES="[Ar]"  chemName="argon"   /><amount units="mole fraction" >0.01</amount></component>
            <component><speciesLink preferredKey="Ne"      CAS="7440-01-9"  InChI="1S/Ne"                        SMILES="[Ne]"  chemName="neon"    /><amount units="mole fraction" >0.95</amount></component>
        </property>
        <property name="temperature"                   label="T"  sourcetype="reported"   units="K"             ><value>1700</value></property>
        <property name="pressure"                      label="P"  sourcetype="reported"   units="bar"           ><value>1.39</value></property>
        <property name="evaluated standard deviation"  sourcetype="estimated"  units="mole fraction"  reference="composition"  kind="absolute"  method="statistical scatter" >
            <speciesLink preferredKey="H2O"     CAS="7732-18-5"  InChI="1S/H2O/h1H2"                  SMILES="O"          chemName="water"           />
            <value>0.000634</value>
        </property>
        <property name="evaluated standard deviation"  sourcetype="estimated"  units="mole fraction"  reference="composition"  kind="absolute"  method="statistical scatter" >
            <speciesLink preferredKey="CO"      CAS="630-08-0"   InChI="1S/CO/c1-2"                   SMILES="[C-]#[O+]"  chemName="carbon monoxide" />
            <value>0.000659</value>
            <speciesLink preferredKey="C2H4"    CAS="74-85-1"    InChI="1S/C2H4/c1-2/h1-2H2"          SMILES="C=C"        chemName="ethene"          />
        </property>
        <property name="evaluated standard deviation"  sourcetype="estimated"  units="mole fraction"  reference="composition"  kind="absolute"  method="statistical scatter" >
            <speciesLink preferredKey="CO2"     CAS="124-38-9"   InChI="1S/CO2/c2-1-3"                SMILES="C(=O)=O"    chemName="carbon dioxide"  />
            <value>0.00279</value>
        </property>
    </commonProperties>
    <dataGroup id="dg1">
        <property name="time"         id="x1"   label="t"          sourcetype="reported"  units="s"             />
        <property name="composition"  id="x2"   label="[H2O]"      sourcetype="reported"  units="mole fraction" >
            <speciesLink preferredKey="H2O"   CAS="7732-18-5"  InChI="1S/H2O/h1H2"          SMILES="O"          chemName="water"           />
        </property>
        <property name="composition"  id="x3"   label="[CO+C2H4]"  sourcetype="reported"  units="mole fraction" >
            <speciesLink preferredKey="CO"    CAS="630-08-0"   InChI="1S/CO/c1-2"           SMILES="[C-]#[O+]"  chemName="carbon monoxide" />
            <speciesLink preferredKey="C2H4"  CAS="74-85-1"    InChI="1S/C2H4/c1-2/h1-2H2"  SMILES="C=C"        chemName="ethene"          />
        </property>
        <property name="composition"  id="x4"   label="[CO2]"      sourcetype="reported"  units="mole fraction" >
            <speciesLink preferredKey="CO2"   CAS="124-38-9"   InChI="1S/CO2/c2-1-3"        SMILES="C(=O)=O"    chemName="carbon dioxide"  />
        </property>

        <dataPoint><x1>1.00E-05</x1><x2>0.0000E+00</x2><x3>0.0000E+00</x3><x4>0.0000E+00</x4></dataPoint>
        <dataPoint><x1>2.00E-05</x1><x2>0.0000E+00</x2><x3>0.0000E+00</x3><x4>0.0000E+00</x4></dataPoint>
        <dataPoint><x1>3.00E-05</x1><x2>0.0000E+00</x2><x3>0.0000E+00</x3><x4>0.0000E+00</x4></dataPoint>
        <dataPoint><x1>4.00E-05</x1><x2>0.0000E+00</x2><x3>1.3307E-03</x3><x4>0.0000E+00</x4></dataPoint>
        <dataPoint><x1>5.00E-05</x1><x2>0.0000E+00</x2><x3>4.5426E-03</x3><x4>0.0000E+00</x4></dataPoint>
        <dataPoint><x1>6.00E-05</x1><x2>4.8677E-03</x2><x3>2.7880E-03</x3><x4>0.0000E+00</x4></dataPoint>
        <dataPoint><x1>7.00E-05</x1><x2>0.0000E+00</x2><x3>6.4570E-03</x3><x4>0.0000E+00</x4></dataPoint>
        <dataPoint><x1>8.00E-05</x1><x2>0.0000E+00</x2><x3>5.6512E-03</x3><x4>0.0000E+00</x4></dataPoint>
        <dataPoint><x1>9.00E-05</x1><x2>0.0000E+00</x2><x3>6.3293E-03</x3><x4>0.0000E+00</x4></dataPoint>
        <dataPoint><x1>1.00E-04</x1><x2>0.0000E+00</x2><x3>5.7761E-03</x3><x4>0.0000E+00</x4></dataPoint>
        <dataPoint><x1>1.10E-04</x1><x2>4.1099E-03</x2><x3>7.6492E-03</x3><x4>0.0000E+00</x4></dataPoint>
        <dataPoint><x1>1.20E-04</x1><x2>6.5416E-03</x2><x3>7.3191E-03</x3><x4>0.0000E+00</x4></dataPoint>
        <dataPoint><x1>1.30E-04</x1><x2>9.0209E-03</x2><x3>8.9577E-03</x3><x4>0.0000E+00</x4></dataPoint>
        <dataPoint><x1>1.40E-04</x1><x2>8.6380E-03</x2><x3>7.4394E-03</x3><x4>0.0000E+00</x4></dataPoint>
        <dataPoint><x1>1.50E-04</x1><x2>1.3738E-02</x2><x3>8.0110E-03</x3><x4>7.4435E-04</x4></dataPoint>
        <dataPoint><x1>1.60E-04</x1><x2>2.3331E-02</x2><x3>9.0233E-03</x3><x4>9.0965E-04</x4></dataPoint>
        <dataPoint><x1>1.70E-04</x1><x2>1.8805E-02</x2><x3>8.9585E-03</x3><x4>1.6115E-03</x4></dataPoint>
        <dataPoint><x1>1.80E-04</x1><x2>2.6072E-02</x2><x3>7.6068E-03</x3><x4>2.5488E-03</x4></dataPoint>
        <dataPoint><x1>1.90E-04</x1><x2>1.9997E-02</x2><x3>9.3529E-03</x3><x4>4.1600E-03</x4></dataPoint>
        <dataPoint><x1>2.00E-04</x1><x2>2.3221E-02</x2><x3>8.1506E-03</x3><x4>3.7740E-03</x4></dataPoint>
        <dataPoint><x1>2.10E-04</x1><x2>1.7187E-02</x2><x3>8.3085E-03</x3><x4>6.6359E-03</x4></dataPoint>
        <dataPoint><x1>2.20E-04</x1><x2>2.4033E-02</x2><x3>8.4208E-03</x3><x4>5.5186E-03</x4></dataPoint>
        <dataPoint><x1>2.30E-04</x1><x2>2.3463E-02</x2><x3>7.6817E-03</x3><x4>4.8595E-03</x4></dataPoint>
        <dataPoint><x1>2.40E-04</x1><x2>2.1554E-02</x2><x3>8.5136E-03</x3><x4>5.1557E-03</x4></dataPoint>
        <dataPoint><x1>2.50E-04</x1><x2>2.6508E-02</x2><x3>7.9172E-03</x3><x4>5.1157E-03</x4></dataPoint>
        <dataPoint><x1>2.60E-04</x1><x2>2.4396E-02</x2><x3>7.6966E-03</x3><x4>6.4565E-03</x4></dataPoint>
        <dataPoint><x1>2.70E-04</x1><x2>2.1130E-02</x2><x3>8.8414E-03</x3><x4>6.3700E-03</x4></dataPoint>
        <dataPoint><x1>2.80E-04</x1><x2>2.7289E-02</x2><x3>7.2128E-03</x3><x4>6.7644E-03</x4></dataPoint>
        <dataPoint><x1>2.90E-04</x1><x2>1.9813E-02</x2><x3>8.3222E-03</x3><x4>7.4415E-03</x4></dataPoint>
        <dataPoint><x1>3.00E-04</x1><x2>2.4794E-02</x2><x3>8.0468E-03</x3><x4>7.7512E-03</x4></dataPoint>
        <dataPoint><x1>3.10E-04</x1><x2>2.2890E-02</x2><x3>8.3508E-03</x3><x4>7.2325E-03</x4></dataPoint>
        <dataPoint><x1>3.20E-04</x1><x2>2.5850E-02</x2><x3>8.9738E-03</x3><x4>8.6859E-03</x4></dataPoint>
        <dataPoint><x1>3.30E-04</x1><x2>2.6514E-02</x2><x3>7.2155E-03</x3><x4>8.9639E-03</x4></dataPoint>
        <dataPoint><x1>3.40E-04</x1><x2>2.5149E-02</x2><x3>7.5057E-03</x3><x4>7.2491E-03</x4></dataPoint>
        <dataPoint><x1>3.50E-04</x1><x2>1.8811E-02</x2><x3>9.4816E-03</x3><x4>7.5740E-03</x4></dataPoint>
        <dataPoint><x1>3.60E-04</x1><x2>2.2729E-02</x2><x3>7.2977E-03</x3><x4>8.1326E-03</x4></dataPoint>
        <dataPoint><x1>3.70E-04</x1><x2>2.7408E-02</x2><x3>8.4440E-03</x3><x4>8.6139E-03</x4></dataPoint>
        <dataPoint><x1>3.80E-04</x1><x2>2.5555E-02</x2><x3>7.3068E-03</x3><x4>8.3347E-03</x4></dataPoint>
        <dataPoint><x1>3.90E-04</x1><x2>2.4127E-02</x2><x3>7.3437E-03</x3><x4>8.6644E-03</x4></dataPoint>
        <dataPoint><x1>4.00E-04</x1><x2>2.3228E-02</x2><x3>8.2721E-03</x3><x4>9.1939E-03</x4></dataPoint>
        <dataPoint><x1>4.10E-04</x1><x2>2.7744E-02</x2><x3>7.2325E-03</x3><x4>9.2760E-03</x4></dataPoint>
        <dataPoint><x1>4.20E-04</x1><x2>2.3990E-02</x2><x3>7.4891E-03</x3><x4>9.0546E-03</x4></dataPoint>
        <dataPoint><x1>4.30E-04</x1><x2>2.4757E-02</x2><x3>7.1673E-03</x3><x4>8.2280E-03</x4></dataPoint>
        <dataPoint><x1>4.40E-04</x1><x2>2.3573E-02</x2><x3>7.5383E-03</x3><x4>9.1556E-03</x4></dataPoint>
        <dataPoint><x1>4.50E-04</x1><x2>2.5988E-02</x2><x3>6.9983E-03</x3><x4>8.3247E-03</x4></dataPoint>
        <dataPoint><x1>4.60E-04</x1><x2>2.5580E-02</x2><x3>6.9663E-03</x3><x4>1.0410E-02</x4></dataPoint>
        <dataPoint><x1>4.70E-04</x1><x2>2.0707E-02</x2><x3>8.1224E-03</x3><x4>9.3566E-03</x4></dataPoint>
        <dataPoint><x1>4.80E-04</x1><x2>2.6601E-02</x2><x3>6.2560E-03</x3><x4>1.0655E-02</x4></dataPoint>
        <dataPoint><x1>4.90E-04</x1><x2>2.5334E-02</x2><x3>8.5967E-03</x3><x4>8.9659E-03</x4></dataPoint>
        <dataPoint><x1>5.00E-04</x1><x2>2.3645E-02</x2><x3>6.5511E-03</x3><x4>9.7233E-03</x4></dataPoint>
        <dataPoint><x1>5.10E-04</x1><x2>2.5432E-02</x2><x3>7.4380E-03</x3><x4>9.8212E-03</x4></dataPoint>
        <dataPoint><x1>5.20E-04</x1><x2>3.0482E-02</x2><x3>6.7810E-03</x3><x4>1.0866E-02</x4></dataPoint>
        <dataPoint><x1>5.30E-04</x1><x2>2.5030E-02</x2><x3>7.7186E-03</x3><x4>1.1118E-02</x4></dataPoint>
        <dataPoint><x1>5.40E-04</x1><x2>2.6089E-02</x2><x3>9.0483E-03</x3><x4>1.0500E-02</x4></dataPoint>
        <dataPoint><x1>5.50E-04</x1><x2>2.4178E-02</x2><x3>7.4359E-03</x3><x4>9.8860E-03</x4></dataPoint>
        <dataPoint><x1>5.60E-04</x1><x2>3.0145E-02</x2><x3>6.9090E-03</x3><x4>1.0433E-02</x4></dataPoint>
        <dataPoint><x1>5.70E-04</x1><x2>2.6034E-02</x2><x3>8.2540E-03</x3><x4>9.5366E-03</x4></dataPoint>
        <dataPoint><x1>5.80E-04</x1><x2>2.7506E-02</x2><x3>7.8567E-03</x3><x4>1.0684E-02</x4></dataPoint>
        <dataPoint><x1>5.90E-04</x1><x2>3.0680E-02</x2><x3>7.4773E-03</x3><x4>1.1421E-02</x4></dataPoint>
        <dataPoint><x1>6.00E-04</x1><x2>2.9048E-02</x2><x3>6.2493E-03</x3><x4>1.1144E-02</x4></dataPoint>
        <dataPoint><x1>6.10E-04</x1><x2>2.9103E-02</x2><x3>7.3065E-03</x3><x4>1.2076E-02</x4></dataPoint>
        <dataPoint><x1>6.20E-04</x1><x2>2.5958E-02</x2><x3>6.4728E-03</x3><x4>1.0704E-02</x4></dataPoint>
        <dataPoint><x1>6.30E-04</x1><x2>2.6550E-02</x2><x3>7.8798E-03</x3><x4>1.1066E-02</x4></dataPoint>
        <dataPoint><x1>6.40E-04</x1><x2>2.8433E-02</x2><x3>6.9958E-03</x3><x4>1.1000E-02</x4></dataPoint>
        <dataPoint><x1>6.50E-04</x1><x2>2.6567E-02</x2><x3>6.3355E-03</x3><x4>1.1689E-02</x4></dataPoint>
        <dataPoint><x1>6.60E-04</x1><x2>2.4512E-02</x2><x3>7.7954E-03</x3><x4>1.1089E-02</x4></dataPoint>
        <dataPoint><x1>6.70E-04</x1><x2>2.5877E-02</x2><x3>5.7886E-03</x3><x4>1.1066E-02</x4></dataPoint>
        <dataPoint><x1>6.80E-04</x1><x2>2.8481E-02</x2><x3>6.2794E-03</x3><x4>1.2170E-02</x4></dataPoint>
        <dataPoint><x1>6.90E-04</x1><x2>2.3875E-02</x2><x3>7.8366E-03</x3><x4>1.0451E-02</x4></dataPoint>
        <dataPoint><x1>7.00E-04</x1><x2>2.7236E-02</x2><x3>6.4716E-03</x3><x4>1.0057E-02</x4></dataPoint>
        <dataPoint><x1>7.10E-04</x1><x2>2.8661E-02</x2><x3>6.8220E-03</x3><x4>1.2357E-02</x4></dataPoint>
        <dataPoint><x1>7.20E-04</x1><x2>3.3205E-02</x2><x3>6.7695E-03</x3><x4>1.2224E-02</x4></dataPoint>
        <dataPoint><x1>7.30E-04</x1><x2>3.1506E-02</x2><x3>7.8244E-03</x3><x4>1.1938E-02</x4></dataPoint>
        <dataPoint><x1>7.40E-04</x1><x2>2.6892E-02</x2><x3>6.7452E-03</x3><x4>1.2563E-02</x4></dataPoint>
        <dataPoint><x1>7.50E-04</x1><x2>2.5638E-02</x2><x3>7.3564E-03</x3><x4>1.1438E-02</x4></dataPoint>
        <dataPoint><x1>7.60E-04</x1><x2>2.8979E-02</x2><x3>8.0262E-03</x3><x4>1.2170E-02</x4></dataPoint>
        <dataPoint><x1>7.70E-04</x1><x2>2.4097E-02</x2><x3>6.5593E-03</x3><x4>1.3063E-02</x4></dataPoint>
        <dataPoint><x1>7.80E-04</x1><x2>2.7844E-02</x2><x3>6.5956E-03</x3><x4>1.1540E-02</x4></dataPoint>
        <dataPoint><x1>7.90E-04</x1><x2>2.6977E-02</x2><x3>6.5049E-03</x3><x4>1.0964E-02</x4></dataPoint>
        <dataPoint><x1>8.00E-04</x1><x2>2.8377E-02</x2><x3>7.4095E-03</x3><x4>1.1433E-02</x4></dataPoint>
        <dataPoint><x1>8.10E-04</x1><x2>2.6778E-02</x2><x3>7.2938E-03</x3><x4>1.2052E-02</x4></dataPoint>
        <dataPoint><x1>8.20E-04</x1><x2>2.5672E-02</x2><x3>7.9671E-03</x3><x4>1.3109E-02</x4></dataPoint>
        <dataPoint><x1>8.30E-04</x1><x2>2.6877E-02</x2><x3>7.1229E-03</x3><x4>1.1778E-02</x4></dataPoint>
        <dataPoint><x1>8.40E-04</x1><x2>2.7740E-02</x2><x3>7.9390E-03</x3><x4>1.2389E-02</x4></dataPoint>
        <dataPoint><x1>8.50E-04</x1><x2>2.6521E-02</x2><x3>6.1835E-03</x3><x4>1.2201E-02</x4></dataPoint>
        <dataPoint><x1>8.60E-04</x1><x2>2.6088E-02</x2><x3>6.4050E-03</x3><x4>1.2508E-02</x4></dataPoint>
        <dataPoint><x1>8.70E-04</x1><x2>2.8320E-02</x2><x3>6.8021E-03</x3><x4>1.2014E-02</x4></dataPoint>
        <dataPoint><x1>8.80E-04</x1><x2>2.7495E-02</x2><x3>7.2228E-03</x3><x4>1.2277E-02</x4></dataPoint>
        <dataPoint><x1>8.90E-04</x1><x2>2.6473E-02</x2><x3>6.5960E-03</x3><x4>1.2458E-02</x4></dataPoint>
        <dataPoint><x1>9.00E-04</x1><x2>2.6776E-02</x2><x3>6.8649E-03</x3><x4>1.2788E-02</x4></dataPoint>
        <dataPoint><x1>9.10E-04</x1><x2>2.7252E-02</x2><x3>7.2237E-03</x3><x4>1.2480E-02</x4></dataPoint>
        <dataPoint><x1>9.20E-04</x1><x2>2.7761E-02</x2><x3>5.8634E-03</x3><x4>1.2425E-02</x4></dataPoint>
        <dataPoint><x1>9.30E-04</x1><x2>2.7150E-02</x2><x3>6.5396E-03</x3><x4>1.2528E-02</x4></dataPoint>
        <dataPoint><x1>9.40E-04</x1><x2>2.8956E-02</x2><x3>7.3736E-03</x3><x4>1.2379E-02</x4></dataPoint>
        <dataPoint><x1>9.50E-04</x1><x2>2.8010E-02</x2><x3>6.7149E-03</x3><x4>1.2100E-02</x4></dataPoint>
        <dataPoint><x1>9.60E-04</x1><x2>3.1879E-02</x2><x3>6.8439E-03</x3><x4>1.3144E-02</x4></dataPoint>
        <dataPoint><x1>9.70E-04</x1><x2>2.6732E-02</x2><x3>6.0460E-03</x3><x4>1.3020E-02</x4></dataPoint>
        <dataPoint><x1>9.80E-04</x1><x2>2.5645E-02</x2><x3>5.9073E-03</x3><x4>1.2726E-02</x4></dataPoint>
        <dataPoint><x1>9.90E-04</x1><x2>2.8219E-02</x2><x3>5.8897E-03</x3><x4>1.2901E-02</x4></dataPoint>
        <dataPoint><x1>1.00E-03</x1><x2>3.2009E-02</x2><x3>6.5899E-03</x3><x4>1.2044E-02</x4></dataPoint>
        <dataPoint><x1>1.01E-03</x1><x2>2.5845E-02</x2><x3>5.6030E-03</x3><x4>1.4047E-02</x4></dataPoint>
        <dataPoint><x1>1.02E-03</x1><x2>3.1536E-02</x2><x3>5.9116E-03</x3><x4>1.2860E-02</x4></dataPoint>
        <dataPoint><x1>1.03E-03</x1><x2>2.8549E-02</x2><x3>6.6174E-03</x3><x4>1.3622E-02</x4></dataPoint>
        <dataPoint><x1>1.04E-03</x1><x2>2.7079E-02</x2><x3>6.7183E-03</x3><x4>1.3480E-02</x4></dataPoint>
        <dataPoint><x1>1.05E-03</x1><x2>2.6773E-02</x2><x3>7.1312E-03</x3><x4>1.3053E-02</x4></dataPoint>
        <dataPoint><x1>1.06E-03</x1><x2>2.8249E-02</x2><x3>6.6461E-03</x3><x4>1.2876E-02</x4></dataPoint>
        <dataPoint><x1>1.07E-03</x1><x2>2.5674E-02</x2><x3>7.2505E-03</x3><x4>1.2812E-02</x4></dataPoint>
        <dataPoint><x1>1.08E-03</x1><x2>2.8166E-02</x2><x3>5.5978E-03</x3><x4>1.3063E-02</x4></dataPoint>
        <dataPoint><x1>1.09E-03</x1><x2>2.7679E-02</x2><x3>6.9276E-03</x3><x4>1.3045E-02</x4></dataPoint>
        <dataPoint><x1>1.10E-03</x1><x2>2.8212E-02</x2><x3>6.2845E-03</x3><x4>1.3432E-02</x4></dataPoint>
        <dataPoint><x1>1.11E-03</x1><x2>2.8627E-02</x2><x3>6.0045E-03</x3><x4>1.3773E-02</x4></dataPoint>
        <dataPoint><x1>1.12E-03</x1><x2>2.6265E-02</x2><x3>5.9438E-03</x3><x4>1.3436E-02</x4></dataPoint>
        <dataPoint><x1>1.13E-03</x1><x2>2.6352E-02</x2><x3>6.6923E-03</x3><x4>1.3419E-02</x4></dataPoint>
        <dataPoint><x1>1.14E-03</x1><x2>2.3268E-02</x2><x3>6.2647E-03</x3><x4>1.3280E-02</x4></dataPoint>
        <dataPoint><x1>1.15E-03</x1><x2>2.7125E-02</x2><x3>5.9548E-03</x3><x4>1.2017E-02</x4></dataPoint>
        <dataPoint><x1>1.16E-03</x1><x2>2.7550E-02</x2><x3>6.4283E-03</x3><x4>1.2667E-02</x4></dataPoint>
        <dataPoint><x1>1.17E-03</x1><x2>2.5859E-02</x2><x3>5.7132E-03</x3><x4>1.3537E-02</x4></dataPoint>
        <dataPoint><x1>1.18E-03</x1><x2>2.9757E-02</x2><x3>5.6498E-03</x3><x4>1.2891E-02</x4></dataPoint>
        <dataPoint><x1>1.19E-03</x1><x2>3.2696E-02</x2><x3>6.1050E-03</x3><x4>1.3451E-02</x4></dataPoint>
        <dataPoint><x1>1.20E-03</x1><x2>2.5172E-02</x2><x3>5.4185E-03</x3><x4>1.3232E-02</x4></dataPoint>
        <dataPoint><x1>1.21E-03</x1><x2>2.7578E-02</x2><x3>5.6577E-03</x3><x4>1.3306E-02</x4></dataPoint>
        <dataPoint><x1>1.22E-03</x1><x2>2.7782E-02</x2><x3>5.8401E-03</x3><x4>1.2904E-02</x4></dataPoint>
        <dataPoint><x1>1.23E-03</x1><x2>2.8061E-02</x2><x3>5.9572E-03</x3><x4>1.3732E-02</x4></dataPoint>
        <dataPoint><x1>1.24E-03</x1><x2>2.9055E-02</x2><x3>6.0625E-03</x3><x4>1.2944E-02</x4></dataPoint>
        <dataPoint><x1>1.25E-03</x1><x2>2.5710E-02</x2><x3>6.6574E-03</x3><x4>1.3399E-02</x4></dataPoint>
        <dataPoint><x1>1.26E-03</x1><x2>2.8329E-02</x2><x3>5.8332E-03</x3><x4>1.4223E-02</x4></dataPoint>
        <dataPoint><x1>1.27E-03</x1><x2>2.8769E-02</x2><x3>5.2626E-03</x3><x4>1.2544E-02</x4></dataPoint>
        <dataPoint><x1>1.28E-03</x1><x2>2.9289E-02</x2><x3>6.3146E-03</x3><x4>1.3771E-02</x4></dataPoint>
        <dataPoint><x1>1.29E-03</x1><x2>2.6210E-02</x2><x3>4.8578E-03</x3><x4>1.4078E-02</x4></dataPoint>
        <dataPoint><x1>1.30E-03</x1><x2>2.8154E-02</x2><x3>6.3765E-03</x3><x4>1.4191E-02</x4></dataPoint>
        <dataPoint><x1>1.31E-03</x1><x2>2.7163E-02</x2><x3>6.2817E-03</x3><x4>1.3347E-02</x4></dataPoint>
        <dataPoint><x1>1.32E-03</x1><x2>2.9240E-02</x2><x3>6.1302E-03</x3><x4>1.2496E-02</x4></dataPoint>
        <dataPoint><x1>1.33E-03</x1><x2>2.5732E-02</x2><x3>6.0811E-03</x3><x4>1.2637E-02</x4></dataPoint>
        <dataPoint><x1>1.34E-03</x1><x2>2.9264E-02</x2><x3>5.7380E-03</x3><x4>1.3843E-02</x4></dataPoint>
        <dataPoint><x1>1.35E-03</x1><x2>3.1005E-02</x2><x3>6.2711E-03</x3><x4>1.4942E-02</x4></dataPoint>
        <dataPoint><x1>1.36E-03</x1><x2>2.6983E-02</x2><x3>5.5218E-03</x3><x4>1.3768E-02</x4></dataPoint>
        <dataPoint><x1>1.37E-03</x1><x2>3.0388E-02</x2><x3>6.3365E-03</x3><x4>1.3868E-02</x4></dataPoint>
        <dataPoint><x1>1.38E-03</x1><x2>2.7156E-02</x2><x3>7.2214E-03</x3><x4>1.3127E-02</x4></dataPoint>
        <dataPoint><x1>1.39E-03</x1><x2>2.7531E-02</x2><x3>5.8967E-03</x3><x4>1.3595E-02</x4></dataPoint>
        <dataPoint><x1>1.40E-03</x1><x2>2.9679E-02</x2><x3>5.5141E-03</x3><x4>1.3742E-02</x4></dataPoint>
        <dataPoint><x1>1.41E-03</x1><x2>2.7046E-02</x2><x3>7.1302E-03</x3><x4>1.4322E-02</x4></dataPoint>
        <dataPoint><x1>1.42E-03</x1><x2>2.8359E-02</x2><x3>6.6990E-03</x3><x4>1.4013E-02</x4></dataPoint>
        <dataPoint><x1>1.43E-03</x1><x2>2.7402E-02</x2><x3>6.1113E-03</x3><x4>1.4303E-02</x4></dataPoint>
        <dataPoint><x1>1.44E-03</x1><x2>2.8231E-02</x2><x3>6.2069E-03</x3><x4>1.3815E-02</x4></dataPoint>
        <dataPoint><x1>1.45E-03</x1><x2>2.7653E-02</x2><x3>6.0115E-03</x3><x4>1.3929E-02</x4></dataPoint>
        <dataPoint><x1>1.46E-03</x1><x2>2.7996E-02</x2><x3>5.8682E-03</x3><x4>1.3343E-02</x4></dataPoint>
        <dataPoint><x1>1.47E-03</x1><x2>2.4969E-02</x2><x3>6.0560E-03</x3><x4>1.4745E-02</x4></dataPoint>
        <dataPoint><x1>1.48E-03</x1><x2>2.8986E-02</x2><x3>5.7561E-03</x3><x4>1.4110E-02</x4></dataPoint>
        <dataPoint><x1>1.49E-03</x1><x2>2.8845E-02</x2><x3>5.9770E-03</x3><x4>1.3518E-02</x4></dataPoint>
        <dataPoint><x1>1.50E-03</x1><x2>2.6404E-02</x2><x3>5.7140E-03</x3><x4>1.4599E-02</x4></dataPoint>
        <dataPoint><x1>1.51E-03</x1><x2>2.5846E-02</x2><x3>5.7287E-03</x3><x4>1.4120E-02</x4></dataPoint>
        <dataPoint><x1>1.52E-03</x1><x2>2.7432E-02</x2><x3>5.8838E-03</x3><x4>1.4703E-02</x4></dataPoint>
        <dataPoint><x1>1.53E-03</x1><x2>2.6437E-02</x2><x3>4.8984E-03</x3><x4>1.4254E-02</x4></dataPoint>
    </dataGroup>
</experiment>
