<experiment>
    <fileAuthor>Chemical Kinetics Laboratory, Institute of Chemistry, ELTE, Budapest, Hungary</fileAuthor>
    <fileDOI>10.24388/x50003005</fileDOI>
    <fileVersion>
        <major>2</major>
        <minor>0</minor>
    </fileVersion>
    <ReSpecThVersion>
        <major>2</major>
        <minor>3</minor>
    </ReSpecThVersion>
    <firstPublicationDate>2015-10-11</firstPublicationDate>
    <lastModificationDate>2020-11-13</lastModificationDate>
    <bibliographyLink>
        <description>J. Kiecherer, C. Baensch, T. Bentz, M. Olzmann, Proc. Combust. Inst., 35, 2015, 465-472.</description>
        <referenceDOI>10.1016/j.proci.2014.05.086</referenceDOI>
        <location>Main Article + Personal Communication Channel with author, 1302 K series</location>
        <details>
            <author>Kiecherer, Johannes and B{\"{a}}nsch, Cornelie and Bentz, Tobias and Olzmann, Matthias</author>
            <journal>Proc Combust Inst</journal>
            <number>1</number>
            <pages>465--472</pages>
            <title>Pyrolysis of ethanol: A shock-tube/TOF-MS and modeling study</title>
            <volume>35</volume>
            <year>2015</year>
        </details>
    </bibliographyLink>
    <experimentType>concentration time profile measurement</experimentType>
    <apparatus>
        <kind>shock tube</kind>
    </apparatus>
    <commonProperties>
        <property name="initial composition"           sourcetype="reported"  >
            <component><speciesLink preferredKey="Ne"      CAS="7440-01-9"  InChI="1S/Ne"                        SMILES="[Ne]"  chemName="neon"    /><amount units="mol/cm3" >1.00E-05</amount></component>
            <component><speciesLink preferredKey="C2H5OH"  CAS="64-17-5"    InChI="1S/C2H6O/c1-2-3/h3H,2H2,1H3"  SMILES="CCO"   chemName="ethanol" /><amount units="mol/cm3" >1.60E-07</amount></component>
            <component><speciesLink preferredKey="Kr"      CAS="7439-90-9"  InChI="1S/Kr"                        SMILES="[Kr]"  chemName="krypton" /><amount units="mol/cm3" >1.00E-07</amount></component>
        </property>
        <property name="temperature"                   label="T"  sourcetype="reported"   units="K"             ><value>1302</value></property>
        <property name="pressure"                      label="P"  sourcetype="reported"   units="bar"           ><value>1.10</value></property>
        <property name="evaluated standard deviation"  sourcetype="estimated"  units="mole fraction"  reference="composition"  kind="absolute"  method="statistical scatter" >
            <speciesLink preferredKey="H2O"     CAS="7732-18-5"  InChI="1S/H2O/h1H2"                  SMILES="O"     chemName="water"        />
            <value>0.00477</value>
        </property>
        <property name="evaluated standard deviation"  sourcetype="estimated"  units="mole fraction"  reference="composition"  kind="absolute"  method="statistical scatter" >
            <speciesLink preferredKey="CH4"     CAS="74-82-8"    InChI="1S/CH4/h1H4"                  SMILES="C"     chemName="methane"      />
            <value>0.00273</value>
        </property>
        <property name="evaluated standard deviation"  sourcetype="estimated"  units="mole fraction"  reference="composition"  kind="absolute"  method="statistical scatter" >
            <speciesLink preferredKey="CH3CHO"  CAS="75-07-0"    InChI="1S/C2H4O/c1-2-3/h2H,1H3"      SMILES="CC=O"  chemName="acetaldehyde" />
            <value>0.00195</value>
        </property>
        <property name="evaluated standard deviation"  sourcetype="estimated"  units="mole fraction"  reference="composition"  kind="absolute"  method="statistical scatter" >
            <speciesLink preferredKey="C2Hn"    CAS=""           InChI=""                             SMILES=""      chemName=""             />
            <value>0.00627</value>
        </property>
        <property name="evaluated standard deviation"  sourcetype="estimated"  units="mole fraction"  reference="composition"  kind="absolute"  method="statistical scatter" >
            <speciesLink preferredKey="C2H5OH"  CAS="64-17-5"    InChI="1S/C2H6O/c1-2-3/h3H,2H2,1H3"  SMILES="CCO"   chemName="ethanol"      />
            <value>0.00658</value>
        </property>
    </commonProperties>
    <dataGroup id="dg1">
        <property name="time"           id="x1"   label="t"         sourcetype="reported"  units="s"       />
        <property name="concentration"  id="x2"   label="[H2O]"     sourcetype="reported"  units="mol/cm3" >
            <speciesLink preferredKey="H2O"     CAS="7732-18-5"  InChI="1S/H2O/h1H2"                  SMILES="O"     chemName="water"        />
        </property>
        <property name="concentration"  id="x3"   label="[CH4]"     sourcetype="reported"  units="mol/cm3" >
            <speciesLink preferredKey="CH4"     CAS="74-82-8"    InChI="1S/CH4/h1H4"                  SMILES="C"     chemName="methane"      />
        </property>
        <property name="concentration"  id="x4"   label="[CH3CHO]"  sourcetype="reported"  units="mol/cm3" >
            <speciesLink preferredKey="CH3CHO"  CAS="75-07-0"    InChI="1S/C2H4O/c1-2-3/h2H,1H3"      SMILES="CC=O"  chemName="acetaldehyde" />
        </property>
        <property name="concentration"  id="x5"   label="[C2Hn]"    sourcetype="reported"  units="mol/cm3" >
            <speciesLink preferredKey="C2H2"    CAS="74-86-2"    InChI="1S/C2H2/c1-2/h1-2H"           SMILES="C#C"   chemName="acetylene"    />
            <speciesLink preferredKey="C2H4"    CAS="74-85-1"    InChI="1S/C2H4/c1-2/h1-2H2"          SMILES="C=C"   chemName="ethene"       />
            <speciesLink preferredKey="C2H6"    CAS="74-84-0"    InChI="1S/C2H6/c1-2/h1-2H3"          SMILES="CC"    chemName="ethane"       />
        </property>
        <property name="concentration"  id="x6"   label="[C2H5OH]"  sourcetype="reported"  units="mol/cm3" >
            <speciesLink preferredKey="C2H5OH"  CAS="64-17-5"    InChI="1S/C2H6O/c1-2-3/h3H,2H2,1H3"  SMILES="CCO"   chemName="ethanol"      />
        </property>

        <dataPoint><x1>0.000000</x1><x2>1.94645E-08</x2><x3>0.00000E+00</x3><x4>0.00000E+00</x4><x5>4.11376E-08</x5><x6>1.41328E-07</x6></dataPoint>
        <dataPoint><x1>0.000008</x1><x2>0.00000E+00</x2><x3>0.00000E+00</x3><x4>5.47168E-09</x4><x5>3.96362E-08</x5><x6>1.41091E-07</x6></dataPoint>
        <dataPoint><x1>0.000016</x1><x2>0.00000E+00</x2><x3>0.00000E+00</x3><x4>7.28047E-09</x4><x5>0.00000E+00</x5><x6>1.35460E-07</x6></dataPoint>
        <dataPoint><x1>0.000024</x1><x2>0.00000E+00</x2><x3>0.00000E+00</x3><x4>0.00000E+00</x4><x5>0.00000E+00</x5><x6>1.06836E-07</x6></dataPoint>
        <dataPoint><x1>0.000032</x1><x2>1.02475E-08</x2><x3>2.41954E-09</x3><x4>1.04455E-08</x4><x5>2.13234E-08</x5><x6>1.14063E-07</x6></dataPoint>
        <dataPoint><x1>0.000040</x1><x2>1.12450E-08</x2><x3>0.00000E+00</x3><x4>1.29290E-08</x4><x5>3.13404E-08</x5><x6>9.85979E-08</x6></dataPoint>
        <dataPoint><x1>0.000048</x1><x2>1.30158E-08</x2><x3>0.00000E+00</x3><x4>4.52855E-09</x4><x5>2.39604E-08</x5><x6>1.21859E-07</x6></dataPoint>
        <dataPoint><x1>0.000056</x1><x2>1.61308E-08</x2><x3>0.00000E+00</x3><x4>5.67005E-09</x4><x5>2.79772E-08</x5><x6>7.45293E-08</x6></dataPoint>
        <dataPoint><x1>0.000064</x1><x2>1.49890E-08</x2><x3>0.00000E+00</x3><x4>6.33738E-09</x4><x5>4.21423E-08</x5><x6>1.04536E-07</x6></dataPoint>
        <dataPoint><x1>0.000072</x1><x2>2.04350E-08</x2><x3>3.01403E-09</x3><x4>7.91442E-09</x4><x5>1.97189E-08</x5><x6>8.88156E-08</x6></dataPoint>
        <dataPoint><x1>0.000080</x1><x2>1.23217E-08</x2><x3>2.78435E-09</x3><x4>1.22743E-08</x4><x5>3.16491E-08</x5><x6>9.99765E-08</x6></dataPoint>
        <dataPoint><x1>0.000088</x1><x2>3.36060E-08</x2><x3>3.57034E-09</x3><x4>1.31378E-08</x4><x5>4.38938E-08</x5><x6>9.30349E-08</x6></dataPoint>
        <dataPoint><x1>0.000096</x1><x2>2.04003E-08</x2><x3>0.00000E+00</x3><x4>7.93465E-09</x4><x5>2.92051E-08</x5><x6>7.57646E-08</x6></dataPoint>
        <dataPoint><x1>0.000104</x1><x2>2.51710E-08</x2><x3>1.42432E-09</x3><x4>1.25937E-08</x4><x5>4.46366E-08</x5><x6>7.44110E-08</x6></dataPoint>
        <dataPoint><x1>0.000112</x1><x2>2.65169E-08</x2><x3>0.00000E+00</x3><x4>1.14231E-08</x4><x5>4.26397E-08</x5><x6>7.89121E-08</x6></dataPoint>
        <dataPoint><x1>0.000120</x1><x2>1.26080E-08</x2><x3>0.00000E+00</x3><x4>1.60104E-08</x4><x5>3.74034E-08</x5><x6>8.85332E-08</x6></dataPoint>
        <dataPoint><x1>0.000128</x1><x2>3.25689E-08</x2><x3>2.64722E-09</x3><x4>9.61924E-09</x4><x5>3.20313E-08</x5><x6>6.79865E-08</x6></dataPoint>
        <dataPoint><x1>0.000136</x1><x2>3.33518E-08</x2><x3>5.57237E-09</x3><x4>1.09592E-08</x4><x5>4.81898E-08</x5><x6>7.82692E-08</x6></dataPoint>
        <dataPoint><x1>0.000144</x1><x2>2.33231E-08</x2><x3>2.28044E-09</x3><x4>1.29822E-08</x4><x5>3.76924E-08</x5><x6>1.01723E-07</x6></dataPoint>
        <dataPoint><x1>0.000152</x1><x2>3.08951E-08</x2><x3>9.15289E-09</x3><x4>1.40378E-08</x4><x5>4.19657E-08</x5><x6>7.41472E-08</x6></dataPoint>
        <dataPoint><x1>0.000160</x1><x2>3.74571E-08</x2><x3>7.50972E-09</x3><x4>1.00759E-08</x4><x5>3.32866E-08</x5><x6>6.17532E-08</x6></dataPoint>
        <dataPoint><x1>0.000168</x1><x2>3.36996E-08</x2><x3>1.92239E-09</x3><x4>1.42891E-08</x4><x5>5.14367E-08</x5><x6>7.09299E-08</x6></dataPoint>
        <dataPoint><x1>0.000176</x1><x2>2.92260E-08</x2><x3>9.50535E-09</x3><x4>1.00620E-08</x4><x5>5.17257E-08</x5><x6>8.20137E-08</x6></dataPoint>
        <dataPoint><x1>0.000184</x1><x2>3.38246E-08</x2><x3>7.21798E-09</x3><x4>1.12754E-08</x4><x5>5.01352E-08</x5><x6>7.08797E-08</x6></dataPoint>
        <dataPoint><x1>0.000200</x1><x2>3.11755E-08</x2><x3>8.73905E-09</x3><x4>1.20686E-08</x4><x5>4.72807E-08</x5><x6>8.36810E-08</x6></dataPoint>
        <dataPoint><x1>0.000208</x1><x2>3.65293E-08</x2><x3>1.13218E-08</x3><x4>1.43512E-08</x4><x5>6.25121E-08</x5><x6>6.94652E-08</x6></dataPoint>
        <dataPoint><x1>0.000216</x1><x2>3.68237E-08</x2><x3>9.02256E-09</x3><x4>1.28708E-08</x4><x5>5.11949E-08</x5><x6>5.18995E-08</x6></dataPoint>
        <dataPoint><x1>0.000224</x1><x2>4.01982E-08</x2><x3>1.08704E-08</x3><x4>1.44234E-08</x4><x5>4.20316E-08</x5><x6>6.76631E-08</x6></dataPoint>
        <dataPoint><x1>0.000232</x1><x2>4.71068E-08</x2><x3>8.38144E-09</x3><x4>1.48336E-08</x4><x5>4.95933E-08</x5><x6>6.93770E-08</x6></dataPoint>
        <dataPoint><x1>0.000240</x1><x2>4.80458E-08</x2><x3>9.79019E-09</x3><x4>1.73319E-08</x4><x5>4.81696E-08</x5><x6>7.24022E-08</x6></dataPoint>
        <dataPoint><x1>0.000248</x1><x2>4.12712E-08</x2><x3>3.20905E-09</x3><x4>1.64641E-08</x4><x5>5.49910E-08</x5><x6>6.23333E-08</x6></dataPoint>
        <dataPoint><x1>0.000256</x1><x2>5.05668E-08</x2><x3>1.44117E-08</x3><x4>1.56310E-08</x4><x5>5.49326E-08</x5><x6>5.44741E-08</x6></dataPoint>
        <dataPoint><x1>0.000264</x1><x2>4.41770E-08</x2><x3>9.15427E-09</x3><x4>1.42857E-08</x4><x5>5.63800E-08</x5><x6>7.19285E-08</x6></dataPoint>
        <dataPoint><x1>0.000272</x1><x2>3.95342E-08</x2><x3>9.17358E-09</x3><x4>1.20840E-08</x4><x5>6.18711E-08</x5><x6>7.19354E-08</x6></dataPoint>
        <dataPoint><x1>0.000280</x1><x2>4.38328E-08</x2><x3>8.28270E-09</x3><x4>1.26562E-08</x4><x5>6.21635E-08</x5><x6>7.19122E-08</x6></dataPoint>
        <dataPoint><x1>0.000288</x1><x2>4.13601E-08</x2><x3>9.94438E-09</x3><x4>1.50177E-08</x4><x5>4.90595E-08</x5><x6>6.44182E-08</x6></dataPoint>
        <dataPoint><x1>0.000296</x1><x2>4.58741E-08</x2><x3>4.63862E-09</x3><x4>1.52419E-08</x4><x5>5.92245E-08</x5><x6>6.01452E-08</x6></dataPoint>
        <dataPoint><x1>0.000304</x1><x2>6.18095E-08</x2><x3>1.72962E-08</x3><x4>1.19877E-08</x4><x5>7.20115E-08</x5><x6>6.26418E-08</x6></dataPoint>
        <dataPoint><x1>0.000312</x1><x2>4.71521E-08</x2><x3>9.26802E-09</x3><x4>1.36055E-08</x4><x5>7.06257E-08</x5><x6>5.79283E-08</x6></dataPoint>
        <dataPoint><x1>0.000320</x1><x2>4.64875E-08</x2><x3>9.08183E-09</x3><x4>1.87001E-08</x4><x5>7.03382E-08</x5><x6>8.53405E-08</x6></dataPoint>
        <dataPoint><x1>0.000328</x1><x2>4.14450E-08</x2><x3>1.39353E-08</x3><x4>1.54537E-08</x4><x5>7.28584E-08</x5><x6>6.82631E-08</x6></dataPoint>
        <dataPoint><x1>0.000336</x1><x2>5.20152E-08</x2><x3>1.54376E-08</x3><x4>1.65510E-08</x4><x5>6.32532E-08</x5><x6>6.19939E-08</x6></dataPoint>
        <dataPoint><x1>0.000344</x1><x2>5.19995E-08</x2><x3>1.76464E-08</x3><x4>1.52789E-08</x4><x5>6.54101E-08</x5><x6>7.38032E-08</x6></dataPoint>
        <dataPoint><x1>0.000368</x1><x2>5.49442E-08</x2><x3>2.43653E-08</x3><x4>1.38377E-08</x4><x5>5.91394E-08</x5><x6>6.57667E-08</x6></dataPoint>
        <dataPoint><x1>0.000376</x1><x2>5.70320E-08</x2><x3>1.33952E-08</x3><x4>1.50202E-08</x4><x5>5.68032E-08</x5><x6>4.84058E-08</x6></dataPoint>
        <dataPoint><x1>0.000384</x1><x2>4.70172E-08</x2><x3>1.22071E-08</x3><x4>1.25893E-08</x4><x5>7.17563E-08</x5><x6>5.71168E-08</x6></dataPoint>
        <dataPoint><x1>0.000392</x1><x2>4.55754E-08</x2><x3>1.44447E-08</x3><x4>1.21380E-08</x4><x5>6.28394E-08</x5><x6>5.88840E-08</x6></dataPoint>
        <dataPoint><x1>0.000400</x1><x2>4.29326E-08</x2><x3>1.12260E-08</x3><x4>1.29540E-08</x4><x5>7.12673E-08</x5><x6>5.30504E-08</x6></dataPoint>
        <dataPoint><x1>0.000408</x1><x2>5.35581E-08</x2><x3>1.38668E-08</x3><x4>1.38718E-08</x4><x5>7.30937E-08</x5><x6>6.74563E-08</x6></dataPoint>
        <dataPoint><x1>0.000424</x1><x2>5.52107E-08</x2><x3>1.99773E-08</x3><x4>1.30244E-08</x4><x5>6.56355E-08</x5><x6>5.89679E-08</x6></dataPoint>
        <dataPoint><x1>0.000432</x1><x2>5.16865E-08</x2><x3>1.37942E-08</x3><x4>1.19780E-08</x4><x5>6.94344E-08</x5><x6>5.33563E-08</x6></dataPoint>
        <dataPoint><x1>0.000448</x1><x2>5.75447E-08</x2><x3>1.23186E-08</x3><x4>1.22782E-08</x4><x5>7.65644E-08</x5><x6>5.80180E-08</x6></dataPoint>
        <dataPoint><x1>0.000456</x1><x2>4.90330E-08</x2><x3>1.72079E-08</x3><x4>1.63987E-08</x4><x5>7.19548E-08</x5><x6>6.26369E-08</x6></dataPoint>
        <dataPoint><x1>0.000464</x1><x2>5.05468E-08</x2><x3>1.48876E-08</x3><x4>1.71606E-08</x4><x5>6.79455E-08</x5><x6>5.49609E-08</x6></dataPoint>
        <dataPoint><x1>0.000472</x1><x2>4.49437E-08</x2><x3>1.88306E-08</x3><x4>1.14206E-08</x4><x5>6.66222E-08</x5><x6>6.01063E-08</x6></dataPoint>
        <dataPoint><x1>0.000480</x1><x2>5.01524E-08</x2><x3>1.83771E-08</x3><x4>1.53483E-08</x4><x5>6.57926E-08</x5><x6>5.12296E-08</x6></dataPoint>
        <dataPoint><x1>0.000488</x1><x2>6.00151E-08</x2><x3>1.48036E-08</x3><x4>1.34488E-08</x4><x5>6.82160E-08</x5><x6>5.10699E-08</x6></dataPoint>
        <dataPoint><x1>0.000496</x1><x2>5.13006E-08</x2><x3>1.74046E-08</x3><x4>1.64584E-08</x4><x5>6.26558E-08</x5><x6>5.60007E-08</x6></dataPoint>
        <dataPoint><x1>0.000512</x1><x2>5.41795E-08</x2><x3>1.62408E-08</x3><x4>1.50996E-08</x4><x5>7.44307E-08</x5><x6>5.66727E-08</x6></dataPoint>
        <dataPoint><x1>0.000520</x1><x2>5.24227E-08</x2><x3>1.75638E-08</x3><x4>1.64566E-08</x4><x5>7.59373E-08</x5><x6>5.49600E-08</x6></dataPoint>
        <dataPoint><x1>0.000536</x1><x2>5.08316E-08</x2><x3>1.66640E-08</x3><x4>1.72062E-08</x4><x5>8.03713E-08</x5><x6>6.21960E-08</x6></dataPoint>
        <dataPoint><x1>0.000544</x1><x2>5.26143E-08</x2><x3>2.14633E-08</x3><x4>1.40210E-08</x4><x5>7.56453E-08</x5><x6>6.61047E-08</x6></dataPoint>
        <dataPoint><x1>0.000552</x1><x2>5.52275E-08</x2><x3>1.80182E-08</x3><x4>1.50581E-08</x4><x5>5.99079E-08</x5><x6>5.78554E-08</x6></dataPoint>
        <dataPoint><x1>0.000560</x1><x2>5.59680E-08</x2><x3>1.87208E-08</x3><x4>1.56341E-08</x4><x5>7.36963E-08</x5><x6>5.62302E-08</x6></dataPoint>
        <dataPoint><x1>0.000568</x1><x2>6.26181E-08</x2><x3>1.74887E-08</x3><x4>1.51569E-08</x4><x5>7.60030E-08</x5><x6>5.55459E-08</x6></dataPoint>
        <dataPoint><x1>0.000576</x1><x2>5.72521E-08</x2><x3>2.32496E-08</x3><x4>1.62323E-08</x4><x5>7.16141E-08</x5><x6>5.94736E-08</x6></dataPoint>
        <dataPoint><x1>0.000584</x1><x2>5.48995E-08</x2><x3>1.61696E-08</x3><x4>1.25007E-08</x4><x5>7.55366E-08</x5><x6>6.46703E-08</x6></dataPoint>
        <dataPoint><x1>0.000592</x1><x2>6.32072E-08</x2><x3>1.81460E-08</x3><x4>1.65833E-08</x4><x5>7.37463E-08</x5><x6>5.30651E-08</x6></dataPoint>
        <dataPoint><x1>0.000600</x1><x2>5.19431E-08</x2><x3>1.32433E-08</x3><x4>1.43649E-08</x4><x5>8.60726E-08</x5><x6>5.62866E-08</x6></dataPoint>
        <dataPoint><x1>0.000608</x1><x2>5.13658E-08</x2><x3>2.04292E-08</x3><x4>1.48130E-08</x4><x5>6.29518E-08</x5><x6>5.10294E-08</x6></dataPoint>
        <dataPoint><x1>0.000616</x1><x2>5.56400E-08</x2><x3>1.85295E-08</x3><x4>1.25989E-08</x4><x5>7.34920E-08</x5><x6>5.08921E-08</x6></dataPoint>
        <dataPoint><x1>0.000624</x1><x2>5.41232E-08</x2><x3>2.05789E-08</x3><x4>1.36126E-08</x4><x5>6.42474E-08</x5><x6>5.06037E-08</x6></dataPoint>
        <dataPoint><x1>0.000632</x1><x2>5.86554E-08</x2><x3>1.45120E-08</x3><x4>1.78676E-08</x4><x5>6.98829E-08</x5><x6>6.08926E-08</x6></dataPoint>
        <dataPoint><x1>0.000640</x1><x2>5.54952E-08</x2><x3>1.69307E-08</x3><x4>1.81163E-08</x4><x5>7.28250E-08</x5><x6>5.29915E-08</x6></dataPoint>
        <dataPoint><x1>0.000648</x1><x2>5.75799E-08</x2><x3>1.59976E-08</x3><x4>1.37021E-08</x4><x5>6.77680E-08</x5><x6>5.99276E-08</x6></dataPoint>
        <dataPoint><x1>0.000656</x1><x2>5.15959E-08</x2><x3>2.18325E-08</x3><x4>1.43588E-08</x4><x5>7.97758E-08</x5><x6>6.33003E-08</x6></dataPoint>
        <dataPoint><x1>0.000664</x1><x2>5.53652E-08</x2><x3>1.61019E-08</x3><x4>1.46258E-08</x4><x5>8.15235E-08</x5><x6>5.73335E-08</x6></dataPoint>
        <dataPoint><x1>0.000672</x1><x2>6.19781E-08</x2><x3>1.68174E-08</x3><x4>1.64130E-08</x4><x5>7.78980E-08</x5><x6>5.72847E-08</x6></dataPoint>
        <dataPoint><x1>0.000680</x1><x2>5.68661E-08</x2><x3>2.02927E-08</x3><x4>1.35208E-08</x4><x5>7.81716E-08</x5><x6>5.68816E-08</x6></dataPoint>
        <dataPoint><x1>0.000688</x1><x2>4.57186E-08</x2><x3>1.95441E-08</x3><x4>1.38422E-08</x4><x5>7.42571E-08</x5><x6>5.49571E-08</x6></dataPoint>
        <dataPoint><x1>0.000696</x1><x2>5.52496E-08</x2><x3>1.47262E-08</x3><x4>1.44847E-08</x4><x5>7.43606E-08</x5><x6>5.99062E-08</x6></dataPoint>
        <dataPoint><x1>0.000704</x1><x2>6.09969E-08</x2><x3>1.62561E-08</x3><x4>1.38300E-08</x4><x5>7.45203E-08</x5><x6>5.65473E-08</x6></dataPoint>
        <dataPoint><x1>0.000712</x1><x2>4.84132E-08</x2><x3>1.73682E-08</x3><x4>1.28208E-08</x4><x5>7.27952E-08</x5><x6>5.15132E-08</x6></dataPoint>
        <dataPoint><x1>0.000720</x1><x2>6.22306E-08</x2><x3>1.99863E-08</x3><x4>1.42196E-08</x4><x5>6.70599E-08</x5><x6>5.08030E-08</x6></dataPoint>
        <dataPoint><x1>0.000728</x1><x2>5.39104E-08</x2><x3>2.42649E-08</x3><x4>1.51440E-08</x4><x5>6.58520E-08</x5><x6>5.43411E-08</x6></dataPoint>
        <dataPoint><x1>0.000736</x1><x2>4.96191E-08</x2><x3>1.97662E-08</x3><x4>1.18900E-08</x4><x5>8.54836E-08</x5><x6>5.79201E-08</x6></dataPoint>
        <dataPoint><x1>0.000744</x1><x2>6.18397E-08</x2><x3>2.25967E-08</x3><x4>1.72064E-08</x4><x5>7.77300E-08</x5><x6>5.94297E-08</x6></dataPoint>
        <dataPoint><x1>0.000752</x1><x2>4.82108E-08</x2><x3>1.64078E-08</x3><x4>1.51531E-08</x4><x5>7.75668E-08</x5><x6>4.63736E-08</x6></dataPoint>
        <dataPoint><x1>0.000760</x1><x2>5.30237E-08</x2><x3>1.66165E-08</x3><x4>1.22333E-08</x4><x5>7.91686E-08</x5><x6>6.16571E-08</x6></dataPoint>
        <dataPoint><x1>0.000768</x1><x2>5.02617E-08</x2><x3>2.04532E-08</x3><x4>1.49728E-08</x4><x5>7.63955E-08</x5><x6>4.74180E-08</x6></dataPoint>
        <dataPoint><x1>0.000776</x1><x2>5.10071E-08</x2><x3>2.22234E-08</x3><x4>1.48315E-08</x4><x5>7.93106E-08</x5><x6>5.37860E-08</x6></dataPoint>
        <dataPoint><x1>0.000784</x1><x2>5.53216E-08</x2><x3>2.06524E-08</x3><x4>1.38827E-08</x4><x5>7.82939E-08</x5><x6>5.53370E-08</x6></dataPoint>
        <dataPoint><x1>0.000792</x1><x2>5.43223E-08</x2><x3>1.65043E-08</x3><x4>1.70344E-08</x4><x5>7.60804E-08</x5><x6>5.48241E-08</x6></dataPoint>
        <dataPoint><x1>0.000800</x1><x2>5.33882E-08</x2><x3>1.59083E-08</x3><x4>1.49551E-08</x4><x5>7.83349E-08</x5><x6>4.13435E-08</x6></dataPoint>
        <dataPoint><x1>0.000808</x1><x2>5.77376E-08</x2><x3>2.14044E-08</x3><x4>1.31801E-08</x4><x5>7.72454E-08</x5><x6>6.00903E-08</x6></dataPoint>
        <dataPoint><x1>0.000816</x1><x2>6.00218E-08</x2><x3>1.94678E-08</x3><x4>1.34349E-08</x4><x5>7.04678E-08</x5><x6>5.07444E-08</x6></dataPoint>
        <dataPoint><x1>0.000824</x1><x2>5.99745E-08</x2><x3>1.75092E-08</x3><x4>1.50509E-08</x4><x5>7.79357E-08</x5><x6>4.79277E-08</x6></dataPoint>
        <dataPoint><x1>0.000832</x1><x2>5.27291E-08</x2><x3>1.80644E-08</x3><x4>1.65471E-08</x4><x5>7.66358E-08</x5><x6>4.72142E-08</x6></dataPoint>
        <dataPoint><x1>0.000840</x1><x2>5.64965E-08</x2><x3>2.26301E-08</x3><x4>1.12778E-08</x4><x5>8.09134E-08</x5><x6>5.12900E-08</x6></dataPoint>
        <dataPoint><x1>0.000848</x1><x2>4.99318E-08</x2><x3>1.87385E-08</x3><x4>1.24003E-08</x4><x5>7.89536E-08</x5><x6>4.35694E-08</x6></dataPoint>
        <dataPoint><x1>0.000856</x1><x2>6.01200E-08</x2><x3>1.92866E-08</x3><x4>1.61519E-08</x4><x5>7.01154E-08</x5><x6>4.56543E-08</x6></dataPoint>
        <dataPoint><x1>0.000864</x1><x2>5.39904E-08</x2><x3>2.11943E-08</x3><x4>1.32601E-08</x4><x5>7.48097E-08</x5><x6>4.47979E-08</x6></dataPoint>
        <dataPoint><x1>0.000880</x1><x2>5.94850E-08</x2><x3>1.75519E-08</x3><x4>1.40971E-08</x4><x5>7.60627E-08</x5><x6>4.16662E-08</x6></dataPoint>
        <dataPoint><x1>0.000888</x1><x2>5.71514E-08</x2><x3>1.93762E-08</x3><x4>1.58860E-08</x4><x5>7.26052E-08</x5><x6>5.05950E-08</x6></dataPoint>
        <dataPoint><x1>0.000896</x1><x2>6.16256E-08</x2><x3>1.81394E-08</x3><x4>1.28930E-08</x4><x5>7.21761E-08</x5><x6>4.72120E-08</x6></dataPoint>
        <dataPoint><x1>0.000904</x1><x2>5.35525E-08</x2><x3>2.04219E-08</x3><x4>1.37500E-08</x4><x5>8.03118E-08</x5><x6>4.80784E-08</x6></dataPoint>
        <dataPoint><x1>0.000912</x1><x2>6.15906E-08</x2><x3>1.78056E-08</x3><x4>1.02287E-08</x4><x5>8.01086E-08</x5><x6>5.35939E-08</x6></dataPoint>
        <dataPoint><x1>0.000920</x1><x2>6.09150E-08</x2><x3>2.00136E-08</x3><x4>1.31720E-08</x4><x5>7.70700E-08</x5><x6>5.00178E-08</x6></dataPoint>
        <dataPoint><x1>0.000928</x1><x2>6.15211E-08</x2><x3>2.17850E-08</x3><x4>1.50967E-08</x4><x5>7.61719E-08</x5><x6>4.74024E-08</x6></dataPoint>
        <dataPoint><x1>0.000944</x1><x2>6.18622E-08</x2><x3>2.14762E-08</x3><x4>1.27143E-08</x4><x5>7.84037E-08</x5><x6>4.84626E-08</x6></dataPoint>
        <dataPoint><x1>0.000952</x1><x2>5.74855E-08</x2><x3>2.04323E-08</x3><x4>1.38419E-08</x4><x5>7.32388E-08</x5><x6>3.95265E-08</x6></dataPoint>
        <dataPoint><x1>0.000960</x1><x2>6.72086E-08</x2><x3>2.25146E-08</x3><x4>1.36328E-08</x4><x5>7.61086E-08</x5><x6>3.90101E-08</x6></dataPoint>
        <dataPoint><x1>0.000968</x1><x2>5.18353E-08</x2><x3>2.24879E-08</x3><x4>1.22225E-08</x4><x5>7.32921E-08</x5><x6>4.51467E-08</x6></dataPoint>
        <dataPoint><x1>0.000976</x1><x2>5.90318E-08</x2><x3>2.28163E-08</x3><x4>1.33176E-08</x4><x5>8.36724E-08</x5><x6>4.92222E-08</x6></dataPoint>
        <dataPoint><x1>0.000984</x1><x2>6.08550E-08</x2><x3>2.19867E-08</x3><x4>1.16634E-08</x4><x5>7.56776E-08</x5><x6>5.47025E-08</x6></dataPoint>
        <dataPoint><x1>0.000992</x1><x2>4.93241E-08</x2><x3>2.41362E-08</x3><x4>1.30172E-08</x4><x5>7.40308E-08</x5><x6>3.76144E-08</x6></dataPoint>
        <dataPoint><x1>0.001000</x1><x2>5.90588E-08</x2><x3>2.20870E-08</x3><x4>1.03830E-08</x4><x5>7.71366E-08</x5><x6>3.92389E-08</x6></dataPoint>
        <dataPoint><x1>0.001008</x1><x2>5.97968E-08</x2><x3>2.29129E-08</x3><x4>1.25617E-08</x4><x5>7.23726E-08</x5><x6>4.69177E-08</x6></dataPoint>
        <dataPoint><x1>0.001016</x1><x2>5.36014E-08</x2><x3>2.00117E-08</x3><x4>1.24193E-08</x4><x5>7.96862E-08</x5><x6>4.23905E-08</x6></dataPoint>
        <dataPoint><x1>0.001024</x1><x2>6.82072E-08</x2><x3>2.19960E-08</x3><x4>1.25777E-08</x4><x5>8.07264E-08</x5><x6>3.88021E-08</x6></dataPoint>
        <dataPoint><x1>0.001032</x1><x2>5.55764E-08</x2><x3>2.27391E-08</x3><x4>1.33877E-08</x4><x5>8.20233E-08</x5><x6>3.27442E-08</x6></dataPoint>
        <dataPoint><x1>0.001040</x1><x2>5.45386E-08</x2><x3>1.84739E-08</x3><x4>1.50245E-08</x4><x5>7.52580E-08</x5><x6>4.50154E-08</x6></dataPoint>
        <dataPoint><x1>0.001048</x1><x2>6.19432E-08</x2><x3>2.15304E-08</x3><x4>1.35128E-08</x4><x5>7.43647E-08</x5><x6>4.22208E-08</x6></dataPoint>
        <dataPoint><x1>0.001056</x1><x2>5.50409E-08</x2><x3>1.91141E-08</x3><x4>1.17127E-08</x4><x5>8.53218E-08</x5><x6>4.25695E-08</x6></dataPoint>
        <dataPoint><x1>0.001064</x1><x2>5.42985E-08</x2><x3>2.47186E-08</x3><x4>1.39305E-08</x4><x5>7.39806E-08</x5><x6>3.48738E-08</x6></dataPoint>
        <dataPoint><x1>0.001072</x1><x2>5.07069E-08</x2><x3>2.16638E-08</x3><x4>1.34954E-08</x4><x5>7.50014E-08</x5><x6>4.18115E-08</x6></dataPoint>
        <dataPoint><x1>0.001080</x1><x2>5.20417E-08</x2><x3>1.94879E-08</x3><x4>1.30229E-08</x4><x5>7.27426E-08</x5><x6>3.97822E-08</x6></dataPoint>
        <dataPoint><x1>0.001088</x1><x2>5.68301E-08</x2><x3>1.62602E-08</x3><x4>1.09295E-08</x4><x5>7.05520E-08</x5><x6>3.62615E-08</x6></dataPoint>
        <dataPoint><x1>0.001096</x1><x2>5.81254E-08</x2><x3>2.16359E-08</x3><x4>1.31086E-08</x4><x5>7.07185E-08</x5><x6>4.22108E-08</x6></dataPoint>
        <dataPoint><x1>0.001104</x1><x2>5.97077E-08</x2><x3>1.90515E-08</x3><x4>9.75886E-09</x4><x5>8.02962E-08</x5><x6>4.42842E-08</x6></dataPoint>
        <dataPoint><x1>0.001112</x1><x2>5.52603E-08</x2><x3>2.06983E-08</x3><x4>1.30485E-08</x4><x5>8.16561E-08</x5><x6>3.71999E-08</x6></dataPoint>
        <dataPoint><x1>0.001120</x1><x2>5.03339E-08</x2><x3>2.03192E-08</x3><x4>1.26625E-08</x4><x5>7.59782E-08</x5><x6>3.32981E-08</x6></dataPoint>
        <dataPoint><x1>0.001128</x1><x2>5.84415E-08</x2><x3>2.15014E-08</x3><x4>1.26216E-08</x4><x5>8.23963E-08</x5><x6>4.89635E-08</x6></dataPoint>
        <dataPoint><x1>0.001136</x1><x2>5.65131E-08</x2><x3>2.16084E-08</x3><x4>1.47650E-08</x4><x5>8.98566E-08</x5><x6>3.72539E-08</x6></dataPoint>
        <dataPoint><x1>0.001144</x1><x2>5.96061E-08</x2><x3>2.26405E-08</x3><x4>9.60969E-09</x4><x5>7.44388E-08</x5><x6>3.92190E-08</x6></dataPoint>
        <dataPoint><x1>0.001152</x1><x2>6.72416E-08</x2><x3>2.17864E-08</x3><x4>1.34144E-08</x4><x5>6.85364E-08</x5><x6>3.98415E-08</x6></dataPoint>
        <dataPoint><x1>0.001160</x1><x2>5.64852E-08</x2><x3>2.38794E-08</x3><x4>1.19285E-08</x4><x5>8.11292E-08</x5><x6>3.60626E-08</x6></dataPoint>
        <dataPoint><x1>0.001168</x1><x2>6.23396E-08</x2><x3>2.56742E-08</x3><x4>1.22193E-08</x4><x5>8.32993E-08</x5><x6>3.50219E-08</x6></dataPoint>
        <dataPoint><x1>0.001176</x1><x2>5.99159E-08</x2><x3>2.03724E-08</x3><x4>1.20972E-08</x4><x5>8.19152E-08</x5><x6>3.04971E-08</x6></dataPoint>
        <dataPoint><x1>0.001184</x1><x2>6.29820E-08</x2><x3>1.90310E-08</x3><x4>1.16535E-08</x4><x5>7.77079E-08</x5><x6>3.45219E-08</x6></dataPoint>
        <dataPoint><x1>0.001192</x1><x2>5.92141E-08</x2><x3>2.02770E-08</x3><x4>1.00064E-08</x4><x5>7.48541E-08</x5><x6>3.62892E-08</x6></dataPoint>
        <dataPoint><x1>0.001200</x1><x2>5.87117E-08</x2><x3>2.12478E-08</x3><x4>9.99928E-09</x4><x5>8.27419E-08</x5><x6>3.84729E-08</x6></dataPoint>
        <dataPoint><x1>0.001208</x1><x2>6.15398E-08</x2><x3>1.95351E-08</x3><x4>8.56194E-09</x4><x5>7.83986E-08</x5><x6>3.76341E-08</x6></dataPoint>
        <dataPoint><x1>0.001216</x1><x2>5.74639E-08</x2><x3>2.07382E-08</x3><x4>1.00422E-08</x4><x5>7.86121E-08</x5><x6>2.95405E-08</x6></dataPoint>
        <dataPoint><x1>0.001224</x1><x2>5.94211E-08</x2><x3>1.75376E-08</x3><x4>1.16212E-08</x4><x5>7.92961E-08</x5><x6>3.15891E-08</x6></dataPoint>
        <dataPoint><x1>0.001232</x1><x2>6.10165E-08</x2><x3>2.49041E-08</x3><x4>1.06481E-08</x4><x5>8.11179E-08</x5><x6>3.35140E-08</x6></dataPoint>
        <dataPoint><x1>0.001240</x1><x2>5.62946E-08</x2><x3>2.35582E-08</x3><x4>9.53864E-09</x4><x5>7.97462E-08</x5><x6>3.68384E-08</x6></dataPoint>
        <dataPoint><x1>0.001248</x1><x2>5.89020E-08</x2><x3>1.92581E-08</x3><x4>1.14600E-08</x4><x5>7.55145E-08</x5><x6>3.34832E-08</x6></dataPoint>
        <dataPoint><x1>0.001264</x1><x2>5.69173E-08</x2><x3>1.80823E-08</x3><x4>9.96064E-09</x4><x5>7.59161E-08</x5><x6>3.31752E-08</x6></dataPoint>
        <dataPoint><x1>0.001272</x1><x2>6.22529E-08</x2><x3>2.15657E-08</x3><x4>1.54638E-08</x4><x5>7.77117E-08</x5><x6>3.19271E-08</x6></dataPoint>
        <dataPoint><x1>0.001280</x1><x2>6.13380E-08</x2><x3>2.34149E-08</x3><x4>1.02337E-08</x4><x5>7.49276E-08</x5><x6>3.22520E-08</x6></dataPoint>
        <dataPoint><x1>0.001288</x1><x2>6.09831E-08</x2><x3>2.66320E-08</x3><x4>1.19741E-08</x4><x5>7.62608E-08</x5><x6>3.39907E-08</x6></dataPoint>
        <dataPoint><x1>0.001296</x1><x2>5.47372E-08</x2><x3>2.73194E-08</x3><x4>1.14141E-08</x4><x5>7.23182E-08</x5><x6>2.93391E-08</x6></dataPoint>
        <dataPoint><x1>0.001304</x1><x2>5.77140E-08</x2><x3>2.17457E-08</x3><x4>9.97355E-09</x4><x5>8.14134E-08</x5><x6>2.79937E-08</x6></dataPoint>
        <dataPoint><x1>0.001312</x1><x2>6.53446E-08</x2><x3>2.52344E-08</x3><x4>1.14769E-08</x4><x5>8.14418E-08</x5><x6>3.41243E-08</x6></dataPoint>
        <dataPoint><x1>0.001320</x1><x2>6.14490E-08</x2><x3>1.66312E-08</x3><x4>9.50058E-09</x4><x5>7.01017E-08</x5><x6>3.20371E-08</x6></dataPoint>
        <dataPoint><x1>0.001328</x1><x2>5.93849E-08</x2><x3>2.28023E-08</x3><x4>1.22685E-08</x4><x5>8.42836E-08</x5><x6>3.35278E-08</x6></dataPoint>
        <dataPoint><x1>0.001336</x1><x2>5.93788E-08</x2><x3>2.21504E-08</x3><x4>1.14356E-08</x4><x5>8.04171E-08</x5><x6>3.50597E-08</x6></dataPoint>
        <dataPoint><x1>0.001352</x1><x2>5.90826E-08</x2><x3>1.96583E-08</x3><x4>1.22013E-08</x4><x5>6.76692E-08</x5><x6>2.86370E-08</x6></dataPoint>
        <dataPoint><x1>0.001360</x1><x2>6.39113E-08</x2><x3>1.83592E-08</x3><x4>1.01112E-08</x4><x5>7.58560E-08</x5><x6>3.35149E-08</x6></dataPoint>
        <dataPoint><x1>0.001368</x1><x2>6.23354E-08</x2><x3>2.81321E-08</x3><x4>9.75130E-09</x4><x5>7.91669E-08</x5><x6>2.85967E-08</x6></dataPoint>
        <dataPoint><x1>0.001376</x1><x2>5.66302E-08</x2><x3>1.98068E-08</x3><x4>1.24034E-08</x4><x5>7.49830E-08</x5><x6>3.13215E-08</x6></dataPoint>
        <dataPoint><x1>0.001384</x1><x2>5.45436E-08</x2><x3>2.04512E-08</x3><x4>1.20049E-08</x4><x5>7.91455E-08</x5><x6>2.80281E-08</x6></dataPoint>
        <dataPoint><x1>0.001392</x1><x2>6.12891E-08</x2><x3>2.23416E-08</x3><x4>1.12270E-08</x4><x5>8.12011E-08</x5><x6>3.17561E-08</x6></dataPoint>
        <dataPoint><x1>0.001400</x1><x2>5.79907E-08</x2><x3>2.38055E-08</x3><x4>1.30024E-08</x4><x5>8.28811E-08</x5><x6>2.86174E-08</x6></dataPoint>
    </dataGroup>
</experiment>
