<experiment>
    <fileAuthor>Chemical Kinetics Laboratory, Institute of Chemistry, ELTE, Budapest, Hungary</fileAuthor>
    <fileDOI>10.24388/x50003001</fileDOI>
    <fileVersion>
        <major>2</major>
        <minor>0</minor>
    </fileVersion>
    <ReSpecThVersion>
        <major>2</major>
        <minor>3</minor>
    </ReSpecThVersion>
    <firstPublicationDate>2015-10-11</firstPublicationDate>
    <lastModificationDate>2020-11-13</lastModificationDate>
    <bibliographyLink>
        <description>M. Aghsaee, D. Nativel, M. Bozkurt, M. Fikri, N. Chaumeix, C. Schulz, Proc. Combust. Inst., 35, 2015.</description>
        <referenceDOI>10.1016/j.proci.2014.05.063</referenceDOI>
        <location>Main Article + Personal Communication Channel</location>
        <figure>Fig. 1</figure>
        <details>
            <author>Aghsaee, M and Nativel, D and Bozkurt, M and Fikri, M and Chaumeix, N and Schulz, C</author>
            <journal>Proc Combust Inst</journal>
            <number>1</number>
            <pages>393--400</pages>
            <title>Experimental study of the kinetics of ethanol pyrolysis and oxidation behind reflected shockwaves and in laminar flames</title>
            <volume>35</volume>
            <year>2015</year>
        </details>
    </bibliographyLink>
    <experimentType>concentration time profile measurement</experimentType>
    <apparatus>
        <kind>shock tube</kind>
    </apparatus>
    <commonProperties>
        <property name="initial composition"           sourcetype="reported"  >
            <component><speciesLink preferredKey="C2H5OH"  CAS="64-17-5"    InChI="1S/C2H6O/c1-2-3/h3H,2H2,1H3"  SMILES="CCO"   chemName="ethanol" /><amount units="mole fraction" >0.01</amount></component>
            <component><speciesLink preferredKey="Ar"      CAS="7440-37-1"  InChI="1S/Ar"                        SMILES="[Ar]"  chemName="argon"   /><amount units="mole fraction" >0.01</amount></component>
            <component><speciesLink preferredKey="Ne"      CAS="7440-01-9"  InChI="1S/Ne"                        SMILES="[Ne]"  chemName="neon"    /><amount units="mole fraction" >0.98</amount></component>
        </property>
        <property name="temperature"                   label="T"  sourcetype="reported"   units="K"             ><value>1385</value></property>
        <property name="pressure"                      label="P"  sourcetype="reported"   units="bar"           ><value>1.56</value></property>
        <property name="evaluated standard deviation"  sourcetype="estimated"  units="mole fraction"  reference="composition"  kind="absolute"  method="statistical scatter" >
            <speciesLink preferredKey="H2O"     CAS="7732-18-5"  InChI="1S/H2O/h1H2"                  SMILES="O"     chemName="water"        />
            <value>0.00042</value>
        </property>
        <property name="evaluated standard deviation"  sourcetype="estimated"  units="mole fraction"  reference="composition"  kind="absolute"  method="statistical scatter" >
            <speciesLink preferredKey="CH4"     CAS="74-82-8"    InChI="1S/CH4/h1H4"                  SMILES="C"     chemName="methane"      />
            <value>0.00013</value>
        </property>
        <property name="evaluated standard deviation"  sourcetype="estimated"  units="mole fraction"  reference="composition"  kind="absolute"  method="statistical scatter" >
            <speciesLink preferredKey="CH3CHO"  CAS="75-07-0"    InChI="1S/C2H4O/c1-2-3/h2H,1H3"      SMILES="CC=O"  chemName="acetaldehyde" />
            <value>0.000291</value>
        </property>
        <property name="evaluated standard deviation"  sourcetype="estimated"  units="mole fraction"  reference="composition"  kind="absolute"  method="statistical scatter" >
            <speciesLink preferredKey="C2H4"    CAS="74-85-1"    InChI="1S/C2H4/c1-2/h1-2H2"          SMILES="C=C"   chemName="ethene"       />
            <value>0.000156</value>
        </property>
        <property name="evaluated standard deviation"  sourcetype="estimated"  units="mole fraction"  reference="composition"  kind="absolute"  method="statistical scatter" >
            <speciesLink preferredKey="C2H5OH"  CAS="64-17-5"    InChI="1S/C2H6O/c1-2-3/h3H,2H2,1H3"  SMILES="CCO"   chemName="ethanol"      />
            <value>0.000374</value>
        </property>
    </commonProperties>
    <dataGroup id="dg1">
        <property name="time"         id="x1"   label="t"         sourcetype="reported"  units="s"             />
        <property name="composition"  id="x2"   label="[H2O]"     sourcetype="reported"  units="mole fraction" >
            <speciesLink preferredKey="H2O"     CAS="7732-18-5"  InChI="1S/H2O/h1H2"                  SMILES="O"     chemName="water"        />
        </property>
        <property name="composition"  id="x3"   label="[C2H4]"    sourcetype="reported"  units="mole fraction" >
            <speciesLink preferredKey="C2H4"    CAS="74-85-1"    InChI="1S/C2H4/c1-2/h1-2H2"          SMILES="C=C"   chemName="ethene"       />
        </property>
        <property name="composition"  id="x4"   label="[C2H5OH]"  sourcetype="reported"  units="mole fraction" >
            <speciesLink preferredKey="C2H5OH"  CAS="64-17-5"    InChI="1S/C2H6O/c1-2-3/h3H,2H2,1H3"  SMILES="CCO"   chemName="ethanol"      />
        </property>
        <property name="composition"  id="x5"   label="[CH4]"     sourcetype="reported"  units="mole fraction" >
            <speciesLink preferredKey="CH4"     CAS="74-82-8"    InChI="1S/CH4/h1H4"                  SMILES="C"     chemName="methane"      />
        </property>
        <property name="composition"  id="x6"   label="[CH3CHO]"  sourcetype="reported"  units="mole fraction" >
            <speciesLink preferredKey="CH3CHO"  CAS="75-07-0"    InChI="1S/C2H4O/c1-2-3/h2H,1H3"      SMILES="CC=O"  chemName="acetaldehyde" />
        </property>

        <dataPoint><x1>1.00E-05</x1><x2>0.0000E+00</x2><x3>0.0000E+00</x3><x4>9.7755E-03</x4><x5>1.3892E-04</x5><x6>5.7426E-04</x6></dataPoint>
        <dataPoint><x1>2.00E-05</x1><x2>0.0000E+00</x2><x3>2.8259E-04</x3><x4>1.0611E-02</x4><x5>0.0000E+00</x5><x6>0.0000E+00</x6></dataPoint>
        <dataPoint><x1>3.00E-05</x1><x2>0.0000E+00</x2><x3>2.7973E-04</x3><x4>-1.000E+00</x4><x5>1.3274E-04</x5><x6>0.0000E+00</x6></dataPoint>
        <dataPoint><x1>4.00E-05</x1><x2>0.0000E+00</x2><x3>3.8616E-04</x3><x4>-1.000E+00</x4><x5>1.0123E-04</x5><x6>2.6100E-04</x6></dataPoint>
        <dataPoint><x1>5.00E-05</x1><x2>1.1998E-03</x2><x3>7.1000E-04</x3><x4>9.9283E-03</x4><x5>0.0000E+00</x5><x6>2.1269E-04</x6></dataPoint>
        <dataPoint><x1>6.00E-05</x1><x2>1.1935E-03</x2><x3>4.8745E-04</x3><x4>9.6288E-03</x4><x5>1.0994E-04</x5><x6>0.0000E+00</x6></dataPoint>
        <dataPoint><x1>7.00E-05</x1><x2>0.0000E+00</x2><x3>8.5675E-04</x3><x4>8.1569E-03</x4><x5>0.0000E+00</x5><x6>1.5962E-04</x6></dataPoint>
        <dataPoint><x1>8.00E-05</x1><x2>6.4176E-04</x2><x3>1.0449E-03</x3><x4>7.8680E-03</x4><x5>8.6058E-05</x5><x6>3.9976E-04</x6></dataPoint>
        <dataPoint><x1>9.00E-05</x1><x2>1.5716E-03</x2><x3>1.3859E-03</x3><x4>8.5944E-03</x4><x5>2.1024E-04</x5><x6>4.1879E-04</x6></dataPoint>
        <dataPoint><x1>1.00E-04</x1><x2>0.0000E+00</x2><x3>1.4901E-03</x3><x4>8.8449E-03</x4><x5>0.0000E+00</x5><x6>2.5696E-04</x6></dataPoint>
        <dataPoint><x1>1.10E-04</x1><x2>1.0802E-03</x2><x3>1.4423E-03</x3><x4>8.4725E-03</x4><x5>1.0342E-04</x5><x6>-1.000E+00</x6></dataPoint>
        <dataPoint><x1>1.20E-04</x1><x2>3.4039E-04</x2><x3>1.4435E-03</x3><x4>6.7602E-03</x4><x5>3.9158E-04</x5><x6>1.5534E-04</x6></dataPoint>
        <dataPoint><x1>1.30E-04</x1><x2>0.0000E+00</x2><x3>1.8389E-03</x3><x4>8.6515E-03</x4><x5>3.0128E-04</x5><x6>0.0000E+00</x6></dataPoint>
        <dataPoint><x1>1.40E-04</x1><x2>8.5765E-04</x2><x3>1.5472E-03</x3><x4>6.8117E-03</x4><x5>0.0000E+00</x5><x6>5.9259E-04</x6></dataPoint>
        <dataPoint><x1>1.50E-04</x1><x2>1.8698E-03</x2><x3>1.4918E-03</x3><x4>6.3913E-03</x4><x5>5.8720E-05</x5><x6>1.2320E-04</x6></dataPoint>
        <dataPoint><x1>1.60E-04</x1><x2>6.6059E-04</x2><x3>1.7755E-03</x3><x4>8.3849E-03</x4><x5>0.0000E+00</x5><x6>1.1524E-03</x6></dataPoint>
        <dataPoint><x1>1.70E-04</x1><x2>1.6473E-03</x2><x3>1.5655E-03</x3><x4>7.1888E-03</x4><x5>2.4065E-04</x5><x6>9.2308E-04</x6></dataPoint>
        <dataPoint><x1>1.80E-04</x1><x2>5.4608E-04</x2><x3>1.9865E-03</x3><x4>8.2655E-03</x4><x5>0.0000E+00</x5><x6>1.0047E-03</x6></dataPoint>
        <dataPoint><x1>1.90E-04</x1><x2>1.8741E-03</x2><x3>1.9373E-03</x3><x4>7.2504E-03</x4><x5>8.3374E-05</x5><x6>4.3647E-04</x6></dataPoint>
        <dataPoint><x1>2.00E-04</x1><x2>2.1296E-03</x2><x3>2.1261E-03</x3><x4>6.4005E-03</x4><x5>1.4601E-04</x5><x6>1.1252E-03</x6></dataPoint>
        <dataPoint><x1>2.10E-04</x1><x2>9.0765E-04</x2><x3>2.1956E-03</x3><x4>6.5327E-03</x4><x5>6.0940E-05</x5><x6>1.2775E-03</x6></dataPoint>
        <dataPoint><x1>2.20E-04</x1><x2>3.0671E-03</x2><x3>2.1749E-03</x3><x4>6.0345E-03</x4><x5>9.1051E-05</x5><x6>1.0751E-03</x6></dataPoint>
        <dataPoint><x1>2.30E-04</x1><x2>1.3573E-03</x2><x3>2.1105E-03</x3><x4>5.7816E-03</x4><x5>2.2307E-04</x5><x6>9.0584E-04</x6></dataPoint>
        <dataPoint><x1>2.40E-04</x1><x2>2.4980E-03</x2><x3>1.9034E-03</x3><x4>6.3491E-03</x4><x5>6.6530E-05</x5><x6>1.7131E-03</x6></dataPoint>
        <dataPoint><x1>2.50E-04</x1><x2>1.9706E-03</x2><x3>1.9310E-03</x3><x4>-1.000E+00</x4><x5>1.8187E-04</x5><x6>1.8060E-03</x6></dataPoint>
        <dataPoint><x1>2.60E-04</x1><x2>1.3122E-03</x2><x3>1.9176E-03</x3><x4>5.9090E-03</x4><x5>0.0000E+00</x5><x6>2.0465E-03</x6></dataPoint>
        <dataPoint><x1>2.70E-04</x1><x2>2.5867E-03</x2><x3>2.4848E-03</x3><x4>6.5447E-03</x4><x5>1.4996E-04</x5><x6>7.6512E-04</x6></dataPoint>
        <dataPoint><x1>2.80E-04</x1><x2>2.6255E-03</x2><x3>2.2039E-03</x3><x4>5.8937E-03</x4><x5>2.0884E-04</x5><x6>8.1576E-04</x6></dataPoint>
        <dataPoint><x1>2.90E-04</x1><x2>2.0888E-03</x2><x3>2.2596E-03</x3><x4>6.3946E-03</x4><x5>0.0000E+00</x5><x6>1.5681E-03</x6></dataPoint>
        <dataPoint><x1>3.00E-04</x1><x2>1.6906E-03</x2><x3>2.3633E-03</x3><x4>5.6578E-03</x4><x5>2.6535E-04</x5><x6>1.3262E-03</x6></dataPoint>
        <dataPoint><x1>3.10E-04</x1><x2>1.3869E-03</x2><x3>2.1175E-03</x3><x4>5.6844E-03</x4><x5>4.0488E-04</x5><x6>1.9207E-03</x6></dataPoint>
        <dataPoint><x1>3.20E-04</x1><x2>2.1608E-03</x2><x3>2.5166E-03</x3><x4>5.5443E-03</x4><x5>4.1317E-04</x5><x6>1.1970E-03</x6></dataPoint>
        <dataPoint><x1>3.30E-04</x1><x2>2.0596E-03</x2><x3>2.5034E-03</x3><x4>5.8055E-03</x4><x5>3.4375E-04</x5><x6>1.6049E-03</x6></dataPoint>
        <dataPoint><x1>3.40E-04</x1><x2>2.0339E-03</x2><x3>2.1619E-03</x3><x4>-1.000E+00</x4><x5>4.0089E-04</x5><x6>1.1386E-03</x6></dataPoint>
        <dataPoint><x1>3.50E-04</x1><x2>1.9947E-03</x2><x3>2.3980E-03</x3><x4>5.1214E-03</x4><x5>6.1385E-05</x5><x6>1.4019E-03</x6></dataPoint>
        <dataPoint><x1>3.60E-04</x1><x2>2.4324E-03</x2><x3>2.5706E-03</x3><x4>5.4708E-03</x4><x5>4.9653E-04</x5><x6>1.7821E-03</x6></dataPoint>
        <dataPoint><x1>3.70E-04</x1><x2>3.1931E-03</x2><x3>2.6915E-03</x3><x4>5.9881E-03</x4><x5>1.2102E-04</x5><x6>1.8827E-03</x6></dataPoint>
        <dataPoint><x1>3.80E-04</x1><x2>2.0471E-03</x2><x3>2.3130E-03</x3><x4>4.9053E-03</x4><x5>3.3795E-04</x5><x6>1.4815E-03</x6></dataPoint>
        <dataPoint><x1>3.90E-04</x1><x2>2.4773E-03</x2><x3>2.6052E-03</x3><x4>5.1740E-03</x4><x5>5.4163E-04</x5><x6>1.2760E-03</x6></dataPoint>
        <dataPoint><x1>4.00E-04</x1><x2>2.7145E-03</x2><x3>2.6491E-03</x3><x4>5.2533E-03</x4><x5>2.2197E-04</x5><x6>2.1569E-03</x6></dataPoint>
        <dataPoint><x1>4.10E-04</x1><x2>3.1159E-03</x2><x3>2.4770E-03</x3><x4>5.5174E-03</x4><x5>6.6817E-04</x5><x6>1.6489E-03</x6></dataPoint>
        <dataPoint><x1>4.20E-04</x1><x2>3.2059E-03</x2><x3>2.6420E-03</x3><x4>5.5823E-03</x4><x5>5.4339E-04</x5><x6>2.3877E-03</x6></dataPoint>
        <dataPoint><x1>4.30E-04</x1><x2>3.6971E-03</x2><x3>2.5845E-03</x3><x4>5.1649E-03</x4><x5>5.5644E-04</x5><x6>1.8867E-03</x6></dataPoint>
        <dataPoint><x1>4.40E-04</x1><x2>2.9055E-03</x2><x3>2.8737E-03</x3><x4>5.3785E-03</x4><x5>4.7923E-04</x5><x6>2.1741E-03</x6></dataPoint>
        <dataPoint><x1>4.50E-04</x1><x2>2.7569E-03</x2><x3>2.7283E-03</x3><x4>4.5765E-03</x4><x5>5.3325E-04</x5><x6>1.6639E-03</x6></dataPoint>
        <dataPoint><x1>4.60E-04</x1><x2>2.7937E-03</x2><x3>2.5403E-03</x3><x4>4.8859E-03</x4><x5>6.4554E-04</x5><x6>2.2168E-03</x6></dataPoint>
        <dataPoint><x1>4.70E-04</x1><x2>3.5437E-03</x2><x3>2.6850E-03</x3><x4>-1.000E+00</x4><x5>6.4199E-04</x5><x6>1.8030E-03</x6></dataPoint>
        <dataPoint><x1>4.80E-04</x1><x2>2.8696E-03</x2><x3>2.8541E-03</x3><x4>-1.000E+00</x4><x5>6.9448E-04</x5><x6>1.8586E-03</x6></dataPoint>
        <dataPoint><x1>4.90E-04</x1><x2>2.7765E-03</x2><x3>2.6061E-03</x3><x4>5.0272E-03</x4><x5>6.1075E-04</x5><x6>1.4057E-03</x6></dataPoint>
        <dataPoint><x1>5.00E-04</x1><x2>3.1018E-03</x2><x3>2.6040E-03</x3><x4>4.8297E-03</x4><x5>4.1098E-04</x5><x6>2.0661E-03</x6></dataPoint>
        <dataPoint><x1>5.10E-04</x1><x2>3.3790E-03</x2><x3>2.8857E-03</x3><x4>4.5859E-03</x4><x5>3.8319E-04</x5><x6>2.1012E-03</x6></dataPoint>
        <dataPoint><x1>5.20E-04</x1><x2>2.8476E-03</x2><x3>2.7576E-03</x3><x4>5.1247E-03</x4><x5>6.3977E-04</x5><x6>1.7794E-03</x6></dataPoint>
        <dataPoint><x1>5.30E-04</x1><x2>2.7835E-03</x2><x3>2.7485E-03</x3><x4>4.5961E-03</x4><x5>5.8960E-04</x5><x6>1.8970E-03</x6></dataPoint>
        <dataPoint><x1>5.40E-04</x1><x2>3.1380E-03</x2><x3>3.0151E-03</x3><x4>4.4202E-03</x4><x5>3.9441E-04</x5><x6>1.8718E-03</x6></dataPoint>
        <dataPoint><x1>5.50E-04</x1><x2>3.8025E-03</x2><x3>3.0364E-03</x3><x4>4.6899E-03</x4><x5>6.0319E-04</x5><x6>2.4226E-03</x6></dataPoint>
        <dataPoint><x1>5.60E-04</x1><x2>2.8871E-03</x2><x3>3.0192E-03</x3><x4>4.5257E-03</x4><x5>7.2418E-04</x5><x6>1.9960E-03</x6></dataPoint>
        <dataPoint><x1>5.70E-04</x1><x2>2.7912E-03</x2><x3>2.9136E-03</x3><x4>4.2534E-03</x4><x5>7.2305E-04</x5><x6>1.4329E-03</x6></dataPoint>
        <dataPoint><x1>5.80E-04</x1><x2>2.9645E-03</x2><x3>3.1050E-03</x3><x4>4.4903E-03</x4><x5>5.7683E-04</x5><x6>2.3563E-03</x6></dataPoint>
        <dataPoint><x1>5.90E-04</x1><x2>2.8543E-03</x2><x3>2.9045E-03</x3><x4>4.3735E-03</x4><x5>6.1195E-04</x5><x6>2.0973E-03</x6></dataPoint>
        <dataPoint><x1>6.00E-04</x1><x2>3.3749E-03</x2><x3>3.3269E-03</x3><x4>4.5621E-03</x4><x5>6.3415E-04</x5><x6>2.1388E-03</x6></dataPoint>
        <dataPoint><x1>6.10E-04</x1><x2>3.3649E-03</x2><x3>2.9317E-03</x3><x4>4.1942E-03</x4><x5>6.6800E-04</x5><x6>2.3508E-03</x6></dataPoint>
        <dataPoint><x1>6.20E-04</x1><x2>2.8059E-03</x2><x3>2.7981E-03</x3><x4>4.0464E-03</x4><x5>7.7968E-04</x5><x6>1.6199E-03</x6></dataPoint>
        <dataPoint><x1>6.30E-04</x1><x2>2.7992E-03</x2><x3>3.1769E-03</x3><x4>3.9353E-03</x4><x5>9.4716E-04</x5><x6>1.7523E-03</x6></dataPoint>
        <dataPoint><x1>6.40E-04</x1><x2>2.8718E-03</x2><x3>3.0155E-03</x3><x4>4.4758E-03</x4><x5>6.8114E-04</x5><x6>2.3652E-03</x6></dataPoint>
        <dataPoint><x1>6.50E-04</x1><x2>3.4096E-03</x2><x3>2.9881E-03</x3><x4>4.0408E-03</x4><x5>5.2005E-04</x5><x6>1.3817E-03</x6></dataPoint>
        <dataPoint><x1>6.60E-04</x1><x2>3.2163E-03</x2><x3>3.1020E-03</x3><x4>4.0697E-03</x4><x5>8.5163E-04</x5><x6>2.1055E-03</x6></dataPoint>
        <dataPoint><x1>6.70E-04</x1><x2>3.3153E-03</x2><x3>3.0156E-03</x3><x4>4.1753E-03</x4><x5>8.7806E-04</x5><x6>2.2929E-03</x6></dataPoint>
        <dataPoint><x1>6.80E-04</x1><x2>3.4849E-03</x2><x3>3.2984E-03</x3><x4>3.7475E-03</x4><x5>5.9050E-04</x5><x6>2.4617E-03</x6></dataPoint>
        <dataPoint><x1>6.90E-04</x1><x2>3.4324E-03</x2><x3>3.4256E-03</x3><x4>4.4401E-03</x4><x5>5.0882E-04</x5><x6>1.9553E-03</x6></dataPoint>
        <dataPoint><x1>7.00E-04</x1><x2>2.7984E-03</x2><x3>3.3935E-03</x3><x4>4.2569E-03</x4><x5>-1.000E+00</x5><x6>1.7737E-03</x6></dataPoint>
        <dataPoint><x1>7.10E-04</x1><x2>3.2259E-03</x2><x3>3.1090E-03</x3><x4>3.8475E-03</x4><x5>9.5139E-04</x5><x6>1.9776E-03</x6></dataPoint>
        <dataPoint><x1>7.20E-04</x1><x2>2.9412E-03</x2><x3>3.2888E-03</x3><x4>3.6051E-03</x4><x5>9.7960E-04</x5><x6>1.9356E-03</x6></dataPoint>
        <dataPoint><x1>7.30E-04</x1><x2>3.3620E-03</x2><x3>3.5059E-03</x3><x4>4.1215E-03</x4><x5>7.4519E-04</x5><x6>1.8542E-03</x6></dataPoint>
        <dataPoint><x1>7.40E-04</x1><x2>3.4029E-03</x2><x3>3.5593E-03</x3><x4>4.0641E-03</x4><x5>8.4024E-04</x5><x6>1.5759E-03</x6></dataPoint>
        <dataPoint><x1>7.50E-04</x1><x2>3.2782E-03</x2><x3>3.2363E-03</x3><x4>3.8040E-03</x4><x5>8.5087E-04</x5><x6>1.8025E-03</x6></dataPoint>
        <dataPoint><x1>7.60E-04</x1><x2>3.6482E-03</x2><x3>3.4629E-03</x3><x4>4.1487E-03</x4><x5>7.7795E-04</x5><x6>2.1394E-03</x6></dataPoint>
        <dataPoint><x1>7.70E-04</x1><x2>3.5769E-03</x2><x3>3.3127E-03</x3><x4>4.1106E-03</x4><x5>9.7133E-04</x5><x6>2.0087E-03</x6></dataPoint>
        <dataPoint><x1>7.80E-04</x1><x2>3.6318E-03</x2><x3>3.5391E-03</x3><x4>3.6371E-03</x4><x5>7.8833E-04</x5><x6>1.6708E-03</x6></dataPoint>
        <dataPoint><x1>7.90E-04</x1><x2>3.0071E-03</x2><x3>3.4981E-03</x3><x4>3.9102E-03</x4><x5>8.6422E-04</x5><x6>1.9307E-03</x6></dataPoint>
        <dataPoint><x1>8.00E-04</x1><x2>3.1155E-03</x2><x3>3.3447E-03</x3><x4>3.9802E-03</x4><x5>9.5494E-04</x5><x6>1.8865E-03</x6></dataPoint>
        <dataPoint><x1>8.10E-04</x1><x2>3.0931E-03</x2><x3>3.7375E-03</x3><x4>3.8999E-03</x4><x5>1.0374E-03</x5><x6>2.1367E-03</x6></dataPoint>
        <dataPoint><x1>8.20E-04</x1><x2>3.8690E-03</x2><x3>3.5423E-03</x3><x4>3.1385E-03</x4><x5>6.8748E-04</x5><x6>2.0845E-03</x6></dataPoint>
        <dataPoint><x1>8.30E-04</x1><x2>2.9804E-03</x2><x3>3.4458E-03</x3><x4>3.8767E-03</x4><x5>1.1704E-03</x5><x6>2.2003E-03</x6></dataPoint>
        <dataPoint><x1>8.40E-04</x1><x2>3.4006E-03</x2><x3>3.5424E-03</x3><x4>4.0437E-03</x4><x5>7.4505E-04</x5><x6>1.7881E-03</x6></dataPoint>
        <dataPoint><x1>8.50E-04</x1><x2>3.5869E-03</x2><x3>3.5715E-03</x3><x4>3.5632E-03</x4><x5>1.0896E-03</x5><x6>2.0602E-03</x6></dataPoint>
        <dataPoint><x1>8.60E-04</x1><x2>3.7745E-03</x2><x3>3.5372E-03</x3><x4>3.4047E-03</x4><x5>8.3568E-04</x5><x6>1.6726E-03</x6></dataPoint>
        <dataPoint><x1>8.70E-04</x1><x2>3.1420E-03</x2><x3>3.5214E-03</x3><x4>3.6016E-03</x4><x5>9.1563E-04</x5><x6>1.3934E-03</x6></dataPoint>
        <dataPoint><x1>8.80E-04</x1><x2>3.3341E-03</x2><x3>3.5283E-03</x3><x4>3.8945E-03</x4><x5>9.7998E-04</x5><x6>1.7571E-03</x6></dataPoint>
        <dataPoint><x1>8.90E-04</x1><x2>3.4663E-03</x2><x3>3.5884E-03</x3><x4>3.4967E-03</x4><x5>7.6156E-04</x5><x6>2.2714E-03</x6></dataPoint>
        <dataPoint><x1>9.00E-04</x1><x2>3.2355E-03</x2><x3>3.6541E-03</x3><x4>3.6353E-03</x4><x5>8.6902E-04</x5><x6>1.7242E-03</x6></dataPoint>
        <dataPoint><x1>9.10E-04</x1><x2>3.4729E-03</x2><x3>3.8115E-03</x3><x4>3.5367E-03</x4><x5>9.1331E-04</x5><x6>2.1649E-03</x6></dataPoint>
        <dataPoint><x1>9.20E-04</x1><x2>3.6012E-03</x2><x3>3.5036E-03</x3><x4>3.5876E-03</x4><x5>1.0136E-03</x5><x6>1.6243E-03</x6></dataPoint>
        <dataPoint><x1>9.30E-04</x1><x2>3.6175E-03</x2><x3>3.8545E-03</x3><x4>-1.000E+00</x4><x5>1.0830E-03</x5><x6>1.9567E-03</x6></dataPoint>
        <dataPoint><x1>9.40E-04</x1><x2>3.7555E-03</x2><x3>3.8022E-03</x3><x4>3.2463E-03</x4><x5>1.0346E-03</x5><x6>1.4413E-03</x6></dataPoint>
        <dataPoint><x1>9.50E-04</x1><x2>3.3635E-03</x2><x3>4.0028E-03</x3><x4>3.2904E-03</x4><x5>-1.000E+00</x5><x6>-1.000E+00</x6></dataPoint>
        <dataPoint><x1>9.60E-04</x1><x2>3.5471E-03</x2><x3>3.7977E-03</x3><x4>3.6801E-03</x4><x5>9.7487E-04</x5><x6>1.4100E-03</x6></dataPoint>
        <dataPoint><x1>9.70E-04</x1><x2>3.3763E-03</x2><x3>3.7718E-03</x3><x4>3.4207E-03</x4><x5>8.5839E-04</x5><x6>1.8466E-03</x6></dataPoint>
        <dataPoint><x1>9.80E-04</x1><x2>3.8625E-03</x2><x3>3.7457E-03</x3><x4>3.4721E-03</x4><x5>8.3764E-04</x5><x6>1.2009E-03</x6></dataPoint>
        <dataPoint><x1>9.90E-04</x1><x2>3.3718E-03</x2><x3>3.9129E-03</x3><x4>3.2333E-03</x4><x5>8.3946E-04</x5><x6>1.7928E-03</x6></dataPoint>
        <dataPoint><x1>1.00E-03</x1><x2>3.3533E-03</x2><x3>3.6892E-03</x3><x4>3.0759E-03</x4><x5>7.7957E-04</x5><x6>1.8102E-03</x6></dataPoint>
        <dataPoint><x1>1.01E-03</x1><x2>3.7792E-03</x2><x3>3.7807E-03</x3><x4>3.5179E-03</x4><x5>1.1289E-03</x5><x6>1.6469E-03</x6></dataPoint>
        <dataPoint><x1>1.02E-03</x1><x2>3.5359E-03</x2><x3>3.7684E-03</x3><x4>2.6517E-03</x4><x5>-1.000E+00</x5><x6>1.6346E-03</x6></dataPoint>
        <dataPoint><x1>1.03E-03</x1><x2>3.3263E-03</x2><x3>3.7659E-03</x3><x4>3.2799E-03</x4><x5>9.9081E-04</x5><x6>1.6666E-03</x6></dataPoint>
        <dataPoint><x1>1.04E-03</x1><x2>3.6984E-03</x2><x3>3.9220E-03</x3><x4>3.6874E-03</x4><x5>6.9394E-04</x5><x6>1.8129E-03</x6></dataPoint>
        <dataPoint><x1>1.05E-03</x1><x2>3.5253E-03</x2><x3>3.9017E-03</x3><x4>3.2191E-03</x4><x5>9.0654E-04</x5><x6>1.7065E-03</x6></dataPoint>
        <dataPoint><x1>1.06E-03</x1><x2>4.1175E-03</x2><x3>4.0065E-03</x3><x4>3.4453E-03</x4><x5>1.1271E-03</x5><x6>1.9021E-03</x6></dataPoint>
        <dataPoint><x1>1.07E-03</x1><x2>3.7314E-03</x2><x3>4.1014E-03</x3><x4>2.8813E-03</x4><x5>8.7454E-04</x5><x6>-1.000E+00</x6></dataPoint>
        <dataPoint><x1>1.08E-03</x1><x2>4.4649E-03</x2><x3>4.0492E-03</x3><x4>2.6565E-03</x4><x5>9.9093E-04</x5><x6>1.8202E-03</x6></dataPoint>
        <dataPoint><x1>1.09E-03</x1><x2>4.2547E-03</x2><x3>3.8198E-03</x3><x4>2.9746E-03</x4><x5>8.8015E-04</x5><x6>1.4725E-03</x6></dataPoint>
        <dataPoint><x1>1.10E-03</x1><x2>4.0825E-03</x2><x3>4.1197E-03</x3><x4>2.8773E-03</x4><x5>9.8646E-04</x5><x6>1.9309E-03</x6></dataPoint>
        <dataPoint><x1>1.11E-03</x1><x2>3.7702E-03</x2><x3>3.7216E-03</x3><x4>3.2377E-03</x4><x5>9.1832E-04</x5><x6>1.8443E-03</x6></dataPoint>
        <dataPoint><x1>1.12E-03</x1><x2>3.2045E-03</x2><x3>4.0572E-03</x3><x4>2.8464E-03</x4><x5>1.1452E-03</x5><x6>1.8542E-03</x6></dataPoint>
        <dataPoint><x1>1.13E-03</x1><x2>4.1171E-03</x2><x3>3.5045E-03</x3><x4>2.8693E-03</x4><x5>1.0535E-03</x5><x6>1.8487E-03</x6></dataPoint>
        <dataPoint><x1>1.14E-03</x1><x2>4.1792E-03</x2><x3>3.8231E-03</x3><x4>2.9081E-03</x4><x5>1.0812E-03</x5><x6>1.2413E-03</x6></dataPoint>
        <dataPoint><x1>1.15E-03</x1><x2>3.0812E-03</x2><x3>3.9460E-03</x3><x4>3.1016E-03</x4><x5>9.7064E-04</x5><x6>2.0288E-03</x6></dataPoint>
        <dataPoint><x1>1.16E-03</x1><x2>3.7043E-03</x2><x3>4.3055E-03</x3><x4>2.5489E-03</x4><x5>1.0057E-03</x5><x6>1.5267E-03</x6></dataPoint>
        <dataPoint><x1>1.17E-03</x1><x2>3.3937E-03</x2><x3>3.9403E-03</x3><x4>2.7499E-03</x4><x5>8.4137E-04</x5><x6>1.8312E-03</x6></dataPoint>
        <dataPoint><x1>1.18E-03</x1><x2>4.3592E-03</x2><x3>4.0822E-03</x3><x4>2.7270E-03</x4><x5>1.1425E-03</x5><x6>1.5189E-03</x6></dataPoint>
        <dataPoint><x1>1.19E-03</x1><x2>3.5235E-03</x2><x3>3.9771E-03</x3><x4>2.8932E-03</x4><x5>1.1282E-03</x5><x6>1.5132E-03</x6></dataPoint>
        <dataPoint><x1>1.20E-03</x1><x2>4.1006E-03</x2><x3>4.1645E-03</x3><x4>3.0358E-03</x4><x5>1.0690E-03</x5><x6>1.9704E-03</x6></dataPoint>
        <dataPoint><x1>1.21E-03</x1><x2>3.6822E-03</x2><x3>4.1961E-03</x3><x4>2.8538E-03</x4><x5>1.1003E-03</x5><x6>1.8425E-03</x6></dataPoint>
        <dataPoint><x1>1.22E-03</x1><x2>3.9639E-03</x2><x3>3.9967E-03</x3><x4>2.9062E-03</x4><x5>1.0342E-03</x5><x6>1.4546E-03</x6></dataPoint>
        <dataPoint><x1>1.23E-03</x1><x2>4.1441E-03</x2><x3>4.0750E-03</x3><x4>3.1051E-03</x4><x5>8.9844E-04</x5><x6>2.1333E-03</x6></dataPoint>
        <dataPoint><x1>1.24E-03</x1><x2>3.7718E-03</x2><x3>4.2833E-03</x3><x4>3.0690E-03</x4><x5>1.0020E-03</x5><x6>1.8558E-03</x6></dataPoint>
        <dataPoint><x1>1.25E-03</x1><x2>3.9294E-03</x2><x3>3.9495E-03</x3><x4>2.7791E-03</x4><x5>1.1017E-03</x5><x6>-1.000E+00</x6></dataPoint>
        <dataPoint><x1>1.26E-03</x1><x2>4.3127E-03</x2><x3>3.9735E-03</x3><x4>2.4889E-03</x4><x5>1.0193E-03</x5><x6>1.5629E-03</x6></dataPoint>
        <dataPoint><x1>1.27E-03</x1><x2>4.2622E-03</x2><x3>4.3655E-03</x3><x4>2.6427E-03</x4><x5>1.0514E-03</x5><x6>2.0179E-03</x6></dataPoint>
        <dataPoint><x1>1.28E-03</x1><x2>3.6406E-03</x2><x3>-1.000E+00</x3><x4>3.0909E-03</x4><x5>8.0928E-04</x5><x6>2.0080E-03</x6></dataPoint>
        <dataPoint><x1>1.29E-03</x1><x2>4.1694E-03</x2><x3>4.2918E-03</x3><x4>2.2605E-03</x4><x5>1.1666E-03</x5><x6>1.6039E-03</x6></dataPoint>
        <dataPoint><x1>1.30E-03</x1><x2>4.0212E-03</x2><x3>4.0490E-03</x3><x4>2.9068E-03</x4><x5>9.8179E-04</x5><x6>1.6196E-03</x6></dataPoint>
        <dataPoint><x1>1.31E-03</x1><x2>3.7569E-03</x2><x3>4.0089E-03</x3><x4>2.9356E-03</x4><x5>8.0015E-04</x5><x6>1.4942E-03</x6></dataPoint>
        <dataPoint><x1>1.32E-03</x1><x2>4.2112E-03</x2><x3>4.2327E-03</x3><x4>2.3549E-03</x4><x5>1.1583E-03</x5><x6>1.6722E-03</x6></dataPoint>
        <dataPoint><x1>1.33E-03</x1><x2>3.8137E-03</x2><x3>4.3539E-03</x3><x4>2.6967E-03</x4><x5>1.1775E-03</x5><x6>1.7367E-03</x6></dataPoint>
        <dataPoint><x1>1.34E-03</x1><x2>4.0682E-03</x2><x3>4.2613E-03</x3><x4>-1.000E+00</x4><x5>1.3547E-03</x5><x6>1.7435E-03</x6></dataPoint>
        <dataPoint><x1>1.35E-03</x1><x2>3.2512E-03</x2><x3>4.2176E-03</x3><x4>2.4429E-03</x4><x5>1.0252E-03</x5><x6>1.4353E-03</x6></dataPoint>
        <dataPoint><x1>1.36E-03</x1><x2>3.9918E-03</x2><x3>4.2587E-03</x3><x4>2.6529E-03</x4><x5>9.3077E-04</x5><x6>1.7264E-03</x6></dataPoint>
        <dataPoint><x1>1.37E-03</x1><x2>4.1569E-03</x2><x3>3.9099E-03</x3><x4>2.5580E-03</x4><x5>1.0025E-03</x5><x6>1.5508E-03</x6></dataPoint>
    </dataGroup>
    <comment>if -1 appears as a mole fraction, no measurement point was available for this species</comment>
</experiment>
