<experiment>
    <fileAuthor>Chemical Kinetics Laboratory, Institute of Chemistry, ELTE, Budapest, Hungary</fileAuthor>
    <fileDOI>10.24388/x50003006</fileDOI>
    <fileVersion>
        <major>2</major>
        <minor>0</minor>
    </fileVersion>
    <ReSpecThVersion>
        <major>2</major>
        <minor>3</minor>
    </ReSpecThVersion>
    <firstPublicationDate>2015-10-11</firstPublicationDate>
    <lastModificationDate>2020-11-13</lastModificationDate>
    <bibliographyLink>
        <description>J. Kiecherer, C. Baensch, T. Bentz, M. Olzmann, Proc. Combust. Inst., 35, 2015, 465-472.</description>
        <referenceDOI>10.1016/j.proci.2014.05.086</referenceDOI>
        <location>Main Article + Personal Communication Channel with author, 1324 K series</location>
        <details>
            <author>Kiecherer, Johannes and B{\"{a}}nsch, Cornelie and Bentz, Tobias and Olzmann, Matthias</author>
            <journal>Proc Combust Inst</journal>
            <number>1</number>
            <pages>465--472</pages>
            <title>Pyrolysis of ethanol: A shock-tube/TOF-MS and modeling study</title>
            <volume>35</volume>
            <year>2015</year>
        </details>
    </bibliographyLink>
    <experimentType>concentration time profile measurement</experimentType>
    <apparatus>
        <kind>shock tube</kind>
    </apparatus>
    <commonProperties>
        <property name="initial composition"           sourcetype="reported"  >
            <component><speciesLink preferredKey="Ne"      CAS="7440-01-9"  InChI="1S/Ne"                        SMILES="[Ne]"  chemName="neon"    /><amount units="mol/cm3" >1.20E-05</amount></component>
            <component><speciesLink preferredKey="C2H5OH"  CAS="64-17-5"    InChI="1S/C2H6O/c1-2-3/h3H,2H2,1H3"  SMILES="CCO"   chemName="ethanol" /><amount units="mol/cm3" >1.10E-07</amount></component>
            <component><speciesLink preferredKey="Kr"      CAS="7439-90-9"  InChI="1S/Kr"                        SMILES="[Kr]"  chemName="krypton" /><amount units="mol/cm3" >1.10E-07</amount></component>
        </property>
        <property name="temperature"                   label="T"  sourcetype="reported"   units="K"             ><value>1320</value></property>
        <property name="pressure"                      label="P"  sourcetype="reported"   units="bar"           ><value>1.20</value></property>
        <property name="evaluated standard deviation"  sourcetype="estimated"  units="mole fraction"  reference="composition"  kind="absolute"  method="statistical scatter" >
            <speciesLink preferredKey="H2O"     CAS="7732-18-5"  InChI="1S/H2O/h1H2"                  SMILES="O"     chemName="water"        />
            <value>0.0047</value>
        </property>
        <property name="evaluated standard deviation"  sourcetype="estimated"  units="mole fraction"  reference="composition"  kind="absolute"  method="statistical scatter" >
            <speciesLink preferredKey="CH4"     CAS="74-82-8"    InChI="1S/CH4/h1H4"                  SMILES="C"     chemName="methane"      />
            <value>0.00265</value>
        </property>
        <property name="evaluated standard deviation"  sourcetype="estimated"  units="mole fraction"  reference="composition"  kind="absolute"  method="statistical scatter" >
            <speciesLink preferredKey="CH3CHO"  CAS="75-07-0"    InChI="1S/C2H4O/c1-2-3/h2H,1H3"      SMILES="CC=O"  chemName="acetaldehyde" />
            <value>0.00218</value>
        </property>
        <property name="evaluated standard deviation"  sourcetype="estimated"  units="mole fraction"  reference="composition"  kind="absolute"  method="statistical scatter" >
            <speciesLink preferredKey="C2Hn"    CAS=""           InChI=""                             SMILES=""      chemName=""             />
            <value>0.00418</value>
        </property>
        <property name="evaluated standard deviation"  sourcetype="estimated"  units="mole fraction"  reference="composition"  kind="absolute"  method="statistical scatter" >
            <speciesLink preferredKey="C2H5OH"  CAS="64-17-5"    InChI="1S/C2H6O/c1-2-3/h3H,2H2,1H3"  SMILES="CCO"   chemName="ethanol"      />
            <value>0.0104</value>
        </property>
    </commonProperties>
    <dataGroup id="dg1">
        <property name="time"           id="x1"   label="t"         sourcetype="reported"  units="s"       />
        <property name="concentration"  id="x2"   label="[H2O]"     sourcetype="reported"  units="mol/cm3" >
            <speciesLink preferredKey="H2O"     CAS="7732-18-5"  InChI="1S/H2O/h1H2"                  SMILES="O"     chemName="water"        />
        </property>
        <property name="concentration"  id="x3"   label="[CH4]"     sourcetype="reported"  units="mol/cm3" >
            <speciesLink preferredKey="CH4"     CAS="74-82-8"    InChI="1S/CH4/h1H4"                  SMILES="C"     chemName="methane"      />
        </property>
        <property name="concentration"  id="x4"   label="[CH3CHO]"  sourcetype="reported"  units="mol/cm3" >
            <speciesLink preferredKey="CH3CHO"  CAS="75-07-0"    InChI="1S/C2H4O/c1-2-3/h2H,1H3"      SMILES="CC=O"  chemName="acetaldehyde" />
        </property>
        <property name="concentration"  id="x5"   label="[C2Hn]"    sourcetype="reported"  units="mol/cm3" >
            <speciesLink preferredKey="C2H2"    CAS="74-86-2"    InChI="1S/C2H2/c1-2/h1-2H"           SMILES="C#C"   chemName="acetylene"    />
            <speciesLink preferredKey="C2H4"    CAS="74-85-1"    InChI="1S/C2H4/c1-2/h1-2H2"          SMILES="C=C"   chemName="ethene"       />
            <speciesLink preferredKey="C2H6"    CAS="74-84-0"    InChI="1S/C2H6/c1-2/h1-2H3"          SMILES="CC"    chemName="ethane"       />
        </property>
        <property name="concentration"  id="x6"   label="[C2H5OH]"  sourcetype="reported"  units="mol/cm3" >
            <speciesLink preferredKey="C2H5OH"  CAS="64-17-5"    InChI="1S/C2H6O/c1-2-3/h3H,2H2,1H3"  SMILES="CCO"   chemName="ethanol"      />
        </property>

        <dataPoint><x1>0.000008</x1><x2>0.00000E+00</x2><x3>2.40564E-09</x3><x4>0.00000E+00</x4><x5>9.03949E-09</x5><x6>6.03665E-08</x6></dataPoint>
        <dataPoint><x1>0.000016</x1><x2>2.88377E-09</x2><x3>0.00000E+00</x3><x4>0.00000E+00</x4><x5>1.55243E-08</x5><x6>1.22177E-07</x6></dataPoint>
        <dataPoint><x1>0.000024</x1><x2>0.00000E+00</x2><x3>4.72364E-09</x3><x4>0.00000E+00</x4><x5>4.46147E-09</x5><x6>9.32204E-08</x6></dataPoint>
        <dataPoint><x1>0.000032</x1><x2>0.00000E+00</x2><x3>0.00000E+00</x3><x4>0.00000E+00</x4><x5>6.85696E-09</x5><x6>1.32937E-07</x6></dataPoint>
        <dataPoint><x1>0.000040</x1><x2>0.00000E+00</x2><x3>0.00000E+00</x3><x4>0.00000E+00</x4><x5>8.41346E-09</x5><x6>6.84344E-08</x6></dataPoint>
        <dataPoint><x1>0.000048</x1><x2>1.58237E-09</x2><x3>0.00000E+00</x3><x4>2.65551E-09</x4><x5>1.39180E-08</x5><x6>1.27104E-07</x6></dataPoint>
        <dataPoint><x1>0.000056</x1><x2>4.53492E-09</x2><x3>0.00000E+00</x3><x4>0.00000E+00</x4><x5>8.19881E-09</x5><x6>6.71649E-08</x6></dataPoint>
        <dataPoint><x1>0.000064</x1><x2>0.00000E+00</x2><x3>1.58223E-09</x3><x4>4.11870E-09</x4><x5>1.44556E-08</x5><x6>7.21123E-08</x6></dataPoint>
        <dataPoint><x1>0.000072</x1><x2>5.08642E-09</x2><x3>0.00000E+00</x3><x4>6.78834E-09</x4><x5>1.92143E-08</x5><x6>4.77731E-08</x6></dataPoint>
        <dataPoint><x1>0.000080</x1><x2>4.03365E-09</x2><x3>0.00000E+00</x3><x4>1.05549E-09</x4><x5>1.37170E-08</x5><x6>7.25977E-08</x6></dataPoint>
        <dataPoint><x1>0.000088</x1><x2>2.62194E-09</x2><x3>2.23897E-09</x3><x4>3.72984E-09</x4><x5>1.01300E-08</x5><x6>7.56811E-08</x6></dataPoint>
        <dataPoint><x1>0.000096</x1><x2>0.00000E+00</x2><x3>3.00847E-09</x3><x4>5.24792E-09</x4><x5>4.88509E-09</x5><x6>1.29698E-07</x6></dataPoint>
        <dataPoint><x1>0.000104</x1><x2>6.13798E-09</x2><x3>1.52919E-09</x3><x4>1.47136E-09</x4><x5>1.10994E-08</x5><x6>6.93863E-08</x6></dataPoint>
        <dataPoint><x1>0.000112</x1><x2>1.48377E-08</x2><x3>1.00629E-09</x3><x4>2.08024E-09</x4><x5>1.02097E-08</x5><x6>5.30886E-08</x6></dataPoint>
        <dataPoint><x1>0.000120</x1><x2>6.04039E-09</x2><x3>3.22231E-09</x3><x4>5.56998E-09</x4><x5>7.51512E-09</x5><x6>6.23088E-08</x6></dataPoint>
        <dataPoint><x1>0.000128</x1><x2>7.25916E-09</x2><x3>0.00000E+00</x3><x4>5.06920E-09</x4><x5>1.61080E-08</x5><x6>9.13742E-08</x6></dataPoint>
        <dataPoint><x1>0.000136</x1><x2>3.28312E-09</x2><x3>0.00000E+00</x3><x4>6.00660E-09</x4><x5>1.37213E-08</x5><x6>5.53159E-08</x6></dataPoint>
        <dataPoint><x1>0.000144</x1><x2>6.96932E-09</x2><x3>5.01308E-09</x3><x4>1.08833E-08</x4><x5>2.01344E-08</x5><x6>8.91366E-08</x6></dataPoint>
        <dataPoint><x1>0.000152</x1><x2>1.97858E-08</x2><x3>0.00000E+00</x3><x4>7.46897E-09</x4><x5>1.46497E-08</x5><x6>1.05303E-07</x6></dataPoint>
        <dataPoint><x1>0.000160</x1><x2>3.10806E-09</x2><x3>2.67524E-09</x3><x4>0.00000E+00</x4><x5>1.11404E-08</x5><x6>5.62567E-08</x6></dataPoint>
        <dataPoint><x1>0.000168</x1><x2>4.02903E-09</x2><x3>5.07635E-09</x3><x4>4.62710E-09</x4><x5>1.57929E-08</x5><x6>7.82335E-08</x6></dataPoint>
        <dataPoint><x1>0.000176</x1><x2>9.39730E-09</x2><x3>2.29461E-09</x3><x4>3.89151E-09</x4><x5>1.29944E-08</x5><x6>7.29667E-08</x6></dataPoint>
        <dataPoint><x1>0.000184</x1><x2>9.40970E-09</x2><x3>0.00000E+00</x3><x4>8.35792E-09</x4><x5>1.82547E-08</x5><x6>4.85573E-08</x6></dataPoint>
        <dataPoint><x1>0.000192</x1><x2>7.09408E-09</x2><x3>1.48756E-09</x3><x4>4.18589E-09</x4><x5>1.38439E-08</x5><x6>6.60702E-08</x6></dataPoint>
        <dataPoint><x1>0.000200</x1><x2>1.35826E-08</x2><x3>4.29971E-09</x3><x4>1.04130E-08</x4><x5>1.08736E-08</x5><x6>8.47874E-08</x6></dataPoint>
        <dataPoint><x1>0.000208</x1><x2>8.53037E-09</x2><x3>3.16102E-09</x3><x4>5.71993E-09</x4><x5>1.50245E-08</x5><x6>6.50618E-08</x6></dataPoint>
        <dataPoint><x1>0.000216</x1><x2>1.23773E-08</x2><x3>4.14672E-09</x3><x4>3.65702E-09</x4><x5>1.52489E-08</x5><x6>5.79132E-08</x6></dataPoint>
        <dataPoint><x1>0.000224</x1><x2>1.04119E-08</x2><x3>4.01919E-09</x3><x4>7.73663E-09</x4><x5>1.54011E-08</x5><x6>5.08867E-08</x6></dataPoint>
        <dataPoint><x1>0.000232</x1><x2>1.06020E-08</x2><x3>3.94785E-09</x3><x4>3.14097E-09</x4><x5>1.48465E-08</x5><x6>4.46629E-08</x6></dataPoint>
        <dataPoint><x1>0.000240</x1><x2>1.48442E-08</x2><x3>4.81083E-09</x3><x4>1.46561E-08</x4><x5>1.83037E-08</x5><x6>7.54432E-08</x6></dataPoint>
        <dataPoint><x1>0.000248</x1><x2>1.12435E-08</x2><x3>4.69391E-09</x3><x4>6.83926E-09</x4><x5>1.84624E-08</x5><x6>4.81844E-08</x6></dataPoint>
        <dataPoint><x1>0.000256</x1><x2>1.12774E-08</x2><x3>4.18329E-09</x3><x4>8.37249E-09</x4><x5>2.40934E-08</x5><x6>4.91200E-08</x6></dataPoint>
        <dataPoint><x1>0.000264</x1><x2>6.93779E-09</x2><x3>5.15352E-09</x3><x4>7.73785E-09</x4><x5>1.53477E-08</x5><x6>6.19508E-08</x6></dataPoint>
        <dataPoint><x1>0.000272</x1><x2>1.36428E-08</x2><x3>8.25288E-09</x3><x4>6.59809E-09</x4><x5>1.30133E-08</x5><x6>4.71517E-08</x6></dataPoint>
        <dataPoint><x1>0.000280</x1><x2>1.57641E-08</x2><x3>4.56167E-09</x3><x4>6.68598E-09</x4><x5>2.51493E-08</x5><x6>4.48533E-08</x6></dataPoint>
        <dataPoint><x1>0.000288</x1><x2>2.21303E-08</x2><x3>1.21480E-08</x3><x4>4.33150E-09</x4><x5>2.29462E-08</x5><x6>4.12597E-08</x6></dataPoint>
        <dataPoint><x1>0.000296</x1><x2>1.93212E-08</x2><x3>5.42639E-09</x3><x4>6.44073E-09</x4><x5>2.05727E-08</x5><x6>4.76583E-08</x6></dataPoint>
        <dataPoint><x1>0.000304</x1><x2>1.83066E-08</x2><x3>4.77252E-09</x3><x4>1.04057E-08</x4><x5>2.60738E-08</x5><x6>3.28659E-08</x6></dataPoint>
        <dataPoint><x1>0.000312</x1><x2>2.14169E-08</x2><x3>4.78069E-09</x3><x4>5.46046E-09</x4><x5>1.83173E-08</x5><x6>5.88863E-08</x6></dataPoint>
        <dataPoint><x1>0.000320</x1><x2>1.79607E-08</x2><x3>1.45960E-09</x3><x4>4.95560E-09</x4><x5>2.09432E-08</x5><x6>3.56002E-08</x6></dataPoint>
        <dataPoint><x1>0.000328</x1><x2>1.48914E-08</x2><x3>5.55803E-09</x3><x4>7.22173E-09</x4><x5>2.03196E-08</x5><x6>4.99940E-08</x6></dataPoint>
        <dataPoint><x1>0.000336</x1><x2>1.99906E-08</x2><x3>1.19535E-08</x3><x4>8.00001E-09</x4><x5>3.03493E-08</x5><x6>5.78052E-08</x6></dataPoint>
        <dataPoint><x1>0.000344</x1><x2>2.12768E-08</x2><x3>9.94714E-09</x3><x4>1.11025E-08</x4><x5>2.21607E-08</x5><x6>5.11188E-08</x6></dataPoint>
        <dataPoint><x1>0.000352</x1><x2>1.50114E-08</x2><x3>5.84377E-09</x3><x4>9.64216E-09</x4><x5>2.09920E-08</x5><x6>5.79262E-08</x6></dataPoint>
        <dataPoint><x1>0.000360</x1><x2>1.75406E-08</x2><x3>7.48306E-09</x3><x4>1.46876E-08</x4><x5>1.95232E-08</x5><x6>5.43977E-08</x6></dataPoint>
        <dataPoint><x1>0.000368</x1><x2>1.90152E-08</x2><x3>4.80167E-09</x3><x4>5.66841E-09</x4><x5>2.91113E-08</x5><x6>5.35430E-08</x6></dataPoint>
        <dataPoint><x1>0.000376</x1><x2>2.06692E-08</x2><x3>8.95309E-09</x3><x4>1.08904E-08</x4><x5>2.84285E-08</x5><x6>4.97525E-08</x6></dataPoint>
        <dataPoint><x1>0.000384</x1><x2>1.34732E-08</x2><x3>6.99416E-09</x3><x4>5.31005E-09</x4><x5>2.33376E-08</x5><x6>4.67465E-08</x6></dataPoint>
        <dataPoint><x1>0.000392</x1><x2>1.80187E-08</x2><x3>8.52895E-09</x3><x4>6.02728E-09</x4><x5>3.17113E-08</x5><x6>3.65594E-08</x6></dataPoint>
        <dataPoint><x1>0.000400</x1><x2>1.88783E-08</x2><x3>8.57775E-09</x3><x4>1.07461E-08</x4><x5>2.90601E-08</x5><x6>4.07555E-08</x6></dataPoint>
        <dataPoint><x1>0.000408</x1><x2>1.20465E-08</x2><x3>6.50572E-09</x3><x4>9.13128E-09</x4><x5>2.40310E-08</x5><x6>4.68590E-08</x6></dataPoint>
        <dataPoint><x1>0.000416</x1><x2>3.18839E-08</x2><x3>1.33286E-08</x3><x4>6.82691E-09</x4><x5>3.30303E-08</x5><x6>3.26739E-08</x6></dataPoint>
        <dataPoint><x1>0.000424</x1><x2>1.75472E-08</x2><x3>5.70140E-09</x3><x4>1.04585E-08</x4><x5>2.61541E-08</x5><x6>5.07781E-08</x6></dataPoint>
        <dataPoint><x1>0.000432</x1><x2>3.09132E-08</x2><x3>1.25023E-08</x3><x4>1.12752E-08</x4><x5>2.95893E-08</x5><x6>4.03239E-08</x6></dataPoint>
        <dataPoint><x1>0.000440</x1><x2>2.60255E-08</x2><x3>1.67889E-08</x3><x4>1.04690E-08</x4><x5>2.46882E-08</x5><x6>5.45463E-08</x6></dataPoint>
        <dataPoint><x1>0.000448</x1><x2>2.16230E-08</x2><x3>8.30502E-09</x3><x4>9.25842E-09</x4><x5>2.38411E-08</x5><x6>4.10093E-08</x6></dataPoint>
        <dataPoint><x1>0.000456</x1><x2>3.77033E-08</x2><x3>8.20415E-09</x3><x4>6.81472E-09</x4><x5>3.01344E-08</x5><x6>4.12480E-08</x6></dataPoint>
        <dataPoint><x1>0.000464</x1><x2>1.94114E-08</x2><x3>9.00214E-09</x3><x4>9.25758E-09</x4><x5>2.31476E-08</x5><x6>4.91903E-08</x6></dataPoint>
        <dataPoint><x1>0.000472</x1><x2>2.78593E-08</x2><x3>8.50573E-09</x3><x4>1.19979E-08</x4><x5>2.71065E-08</x5><x6>5.26308E-08</x6></dataPoint>
        <dataPoint><x1>0.000480</x1><x2>1.94980E-08</x2><x3>1.07526E-08</x3><x4>7.74863E-09</x4><x5>2.92750E-08</x5><x6>3.31362E-08</x6></dataPoint>
        <dataPoint><x1>0.000488</x1><x2>3.40579E-08</x2><x3>1.34596E-08</x3><x4>1.48838E-08</x4><x5>3.27676E-08</x5><x6>4.71096E-08</x6></dataPoint>
        <dataPoint><x1>0.000496</x1><x2>2.29329E-08</x2><x3>8.29623E-09</x3><x4>8.49202E-09</x4><x5>3.11375E-08</x5><x6>4.27293E-08</x6></dataPoint>
        <dataPoint><x1>0.000504</x1><x2>2.39056E-08</x2><x3>1.27158E-08</x3><x4>1.20840E-08</x4><x5>2.39219E-08</x5><x6>3.52491E-08</x6></dataPoint>
        <dataPoint><x1>0.000512</x1><x2>2.38672E-08</x2><x3>1.36107E-08</x3><x4>1.69326E-08</x4><x5>2.65277E-08</x5><x6>4.30424E-08</x6></dataPoint>
        <dataPoint><x1>0.000520</x1><x2>2.77681E-08</x2><x3>1.17242E-08</x3><x4>1.01434E-08</x4><x5>2.63275E-08</x5><x6>3.45535E-08</x6></dataPoint>
        <dataPoint><x1>0.000528</x1><x2>2.14334E-08</x2><x3>1.06651E-08</x3><x4>9.21241E-09</x4><x5>2.54751E-08</x5><x6>4.08800E-08</x6></dataPoint>
        <dataPoint><x1>0.000536</x1><x2>3.24686E-08</x2><x3>1.39702E-08</x3><x4>1.07452E-08</x4><x5>3.59968E-08</x5><x6>3.09548E-08</x6></dataPoint>
        <dataPoint><x1>0.000544</x1><x2>3.09846E-08</x2><x3>1.68455E-08</x3><x4>6.40653E-09</x4><x5>3.96216E-08</x5><x6>3.99176E-08</x6></dataPoint>
        <dataPoint><x1>0.000552</x1><x2>2.78273E-08</x2><x3>1.45117E-08</x3><x4>8.25083E-09</x4><x5>2.66415E-08</x5><x6>3.78054E-08</x6></dataPoint>
        <dataPoint><x1>0.000560</x1><x2>2.96411E-08</x2><x3>1.58462E-08</x3><x4>8.07296E-09</x4><x5>3.52187E-08</x5><x6>2.87158E-08</x6></dataPoint>
        <dataPoint><x1>0.000568</x1><x2>2.61557E-08</x2><x3>1.60818E-08</x3><x4>9.40192E-09</x4><x5>2.75600E-08</x5><x6>3.22218E-08</x6></dataPoint>
        <dataPoint><x1>0.000576</x1><x2>2.94318E-08</x2><x3>1.04476E-08</x3><x4>1.00705E-08</x4><x5>3.29734E-08</x5><x6>3.90793E-08</x6></dataPoint>
        <dataPoint><x1>0.000584</x1><x2>3.42366E-08</x2><x3>1.20297E-08</x3><x4>7.73971E-09</x4><x5>3.10872E-08</x5><x6>2.37761E-08</x6></dataPoint>
        <dataPoint><x1>0.000592</x1><x2>2.31929E-08</x2><x3>1.30203E-08</x3><x4>1.02852E-08</x4><x5>3.53445E-08</x5><x6>2.69740E-08</x6></dataPoint>
        <dataPoint><x1>0.000600</x1><x2>2.88923E-08</x2><x3>1.08470E-08</x3><x4>7.99740E-09</x4><x5>3.13547E-08</x5><x6>4.01833E-08</x6></dataPoint>
        <dataPoint><x1>0.000608</x1><x2>3.65077E-08</x2><x3>1.50600E-08</x3><x4>1.15553E-08</x4><x5>3.35468E-08</x5><x6>3.02145E-08</x6></dataPoint>
        <dataPoint><x1>0.000616</x1><x2>2.83218E-08</x2><x3>1.12945E-08</x3><x4>6.89851E-09</x4><x5>3.21163E-08</x5><x6>3.98922E-08</x6></dataPoint>
        <dataPoint><x1>0.000624</x1><x2>3.14517E-08</x2><x3>1.53757E-08</x3><x4>8.21140E-09</x4><x5>4.08886E-08</x5><x6>2.82357E-08</x6></dataPoint>
        <dataPoint><x1>0.000632</x1><x2>3.10367E-08</x2><x3>1.37638E-08</x3><x4>8.20328E-09</x4><x5>3.52758E-08</x5><x6>3.06866E-08</x6></dataPoint>
        <dataPoint><x1>0.000640</x1><x2>3.29982E-08</x2><x3>1.30972E-08</x3><x4>1.02331E-08</x4><x5>3.61505E-08</x5><x6>2.91780E-08</x6></dataPoint>
        <dataPoint><x1>0.000648</x1><x2>3.17852E-08</x2><x3>1.11952E-08</x3><x4>1.36513E-08</x4><x5>3.36287E-08</x5><x6>3.90011E-08</x6></dataPoint>
        <dataPoint><x1>0.000656</x1><x2>2.36422E-08</x2><x3>1.28721E-08</x3><x4>1.00753E-08</x4><x5>3.11851E-08</x5><x6>2.16669E-08</x6></dataPoint>
        <dataPoint><x1>0.000664</x1><x2>3.51407E-08</x2><x3>1.08341E-08</x3><x4>7.14469E-09</x4><x5>4.46698E-08</x5><x6>3.44967E-08</x6></dataPoint>
        <dataPoint><x1>0.000672</x1><x2>3.39871E-08</x2><x3>1.60153E-08</x3><x4>8.39115E-09</x4><x5>3.38593E-08</x5><x6>2.92050E-08</x6></dataPoint>
        <dataPoint><x1>0.000680</x1><x2>3.11815E-08</x2><x3>1.02550E-08</x3><x4>1.04744E-08</x4><x5>3.21135E-08</x5><x6>2.87428E-08</x6></dataPoint>
        <dataPoint><x1>0.000688</x1><x2>3.60720E-08</x2><x3>1.37869E-08</x3><x4>1.17234E-08</x4><x5>3.07021E-08</x5><x6>3.36814E-08</x6></dataPoint>
        <dataPoint><x1>0.000696</x1><x2>2.43017E-08</x2><x3>1.47705E-08</x3><x4>1.04910E-08</x4><x5>2.95505E-08</x5><x6>2.81648E-08</x6></dataPoint>
        <dataPoint><x1>0.000704</x1><x2>2.91912E-08</x2><x3>1.04575E-08</x3><x4>9.65502E-09</x4><x5>4.38239E-08</x5><x6>2.00230E-08</x6></dataPoint>
        <dataPoint><x1>0.000712</x1><x2>3.40430E-08</x2><x3>1.19313E-08</x3><x4>1.04190E-08</x4><x5>3.22613E-08</x5><x6>2.10376E-08</x6></dataPoint>
        <dataPoint><x1>0.000720</x1><x2>3.07156E-08</x2><x3>1.67972E-08</x3><x4>1.18563E-08</x4><x5>4.24273E-08</x5><x6>3.10777E-08</x6></dataPoint>
        <dataPoint><x1>0.000728</x1><x2>3.41927E-08</x2><x3>1.17461E-08</x3><x4>6.59348E-09</x4><x5>3.97872E-08</x5><x6>2.55504E-08</x6></dataPoint>
        <dataPoint><x1>0.000736</x1><x2>3.88145E-08</x2><x3>1.41457E-08</x3><x4>1.33170E-08</x4><x5>4.32927E-08</x5><x6>2.34362E-08</x6></dataPoint>
        <dataPoint><x1>0.000744</x1><x2>3.75611E-08</x2><x3>1.42488E-08</x3><x4>1.16068E-08</x4><x5>3.64012E-08</x5><x6>2.56011E-08</x6></dataPoint>
        <dataPoint><x1>0.000752</x1><x2>4.14145E-08</x2><x3>1.69421E-08</x3><x4>8.34883E-09</x4><x5>3.81290E-08</x5><x6>2.56198E-08</x6></dataPoint>
        <dataPoint><x1>0.000760</x1><x2>3.64538E-08</x2><x3>1.83153E-08</x3><x4>9.98853E-09</x4><x5>4.32950E-08</x5><x6>3.08710E-08</x6></dataPoint>
        <dataPoint><x1>0.000768</x1><x2>4.22445E-08</x2><x3>1.72804E-08</x3><x4>1.25694E-08</x4><x5>4.32864E-08</x5><x6>1.42642E-08</x6></dataPoint>
        <dataPoint><x1>0.000776</x1><x2>3.92138E-08</x2><x3>1.77425E-08</x3><x4>7.61692E-09</x4><x5>4.04326E-08</x5><x6>2.78432E-08</x6></dataPoint>
        <dataPoint><x1>0.000784</x1><x2>3.22964E-08</x2><x3>1.71565E-08</x3><x4>9.00107E-09</x4><x5>3.62899E-08</x5><x6>2.32873E-08</x6></dataPoint>
        <dataPoint><x1>0.000792</x1><x2>3.93347E-08</x2><x3>1.52311E-08</x3><x4>6.42937E-09</x4><x5>4.65538E-08</x5><x6>3.33557E-08</x6></dataPoint>
        <dataPoint><x1>0.000800</x1><x2>2.95725E-08</x2><x3>1.74298E-08</x3><x4>1.07420E-08</x4><x5>3.92642E-08</x5><x6>2.49931E-08</x6></dataPoint>
        <dataPoint><x1>0.000808</x1><x2>3.10236E-08</x2><x3>1.63937E-08</x3><x4>1.25145E-08</x4><x5>3.32060E-08</x5><x6>2.54992E-08</x6></dataPoint>
        <dataPoint><x1>0.000816</x1><x2>2.90325E-08</x2><x3>1.23869E-08</x3><x4>7.37245E-09</x4><x5>4.10210E-08</x5><x6>2.63771E-08</x6></dataPoint>
        <dataPoint><x1>0.000824</x1><x2>3.66408E-08</x2><x3>1.30962E-08</x3><x4>8.01339E-09</x4><x5>3.91882E-08</x5><x6>3.10216E-08</x6></dataPoint>
        <dataPoint><x1>0.000832</x1><x2>3.69185E-08</x2><x3>1.11385E-08</x3><x4>8.98792E-09</x4><x5>3.87212E-08</x5><x6>3.31022E-08</x6></dataPoint>
        <dataPoint><x1>0.000840</x1><x2>3.33881E-08</x2><x3>1.05801E-08</x3><x4>9.61503E-09</x4><x5>4.15252E-08</x5><x6>2.64398E-08</x6></dataPoint>
        <dataPoint><x1>0.000848</x1><x2>3.25625E-08</x2><x3>1.47523E-08</x3><x4>6.83249E-09</x4><x5>4.39648E-08</x5><x6>2.28099E-08</x6></dataPoint>
        <dataPoint><x1>0.000856</x1><x2>3.37643E-08</x2><x3>1.55847E-08</x3><x4>1.25562E-08</x4><x5>3.74277E-08</x5><x6>2.77429E-08</x6></dataPoint>
        <dataPoint><x1>0.000864</x1><x2>5.12657E-08</x2><x3>1.59309E-08</x3><x4>9.29385E-09</x4><x5>4.15450E-08</x5><x6>1.94557E-08</x6></dataPoint>
        <dataPoint><x1>0.000872</x1><x2>3.36300E-08</x2><x3>1.40729E-08</x3><x4>9.52493E-09</x4><x5>3.44850E-08</x5><x6>2.00489E-08</x6></dataPoint>
        <dataPoint><x1>0.000880</x1><x2>3.59366E-08</x2><x3>1.43014E-08</x3><x4>1.12081E-08</x4><x5>3.43752E-08</x5><x6>1.87154E-08</x6></dataPoint>
        <dataPoint><x1>0.000888</x1><x2>2.67379E-08</x2><x3>1.40786E-08</x3><x4>9.19416E-09</x4><x5>3.68917E-08</x5><x6>2.34174E-08</x6></dataPoint>
        <dataPoint><x1>0.000896</x1><x2>2.98190E-08</x2><x3>1.20364E-08</x3><x4>9.63706E-09</x4><x5>3.26478E-08</x5><x6>2.59513E-08</x6></dataPoint>
        <dataPoint><x1>0.000904</x1><x2>3.46546E-08</x2><x3>1.29555E-08</x3><x4>1.19442E-08</x4><x5>3.04910E-08</x5><x6>1.93815E-08</x6></dataPoint>
        <dataPoint><x1>0.000912</x1><x2>3.98384E-08</x2><x3>1.92766E-08</x3><x4>9.70345E-09</x4><x5>3.64966E-08</x5><x6>2.25464E-08</x6></dataPoint>
        <dataPoint><x1>0.000920</x1><x2>3.28392E-08</x2><x3>1.31952E-08</x3><x4>1.28011E-08</x4><x5>3.61523E-08</x5><x6>2.41701E-08</x6></dataPoint>
        <dataPoint><x1>0.000928</x1><x2>3.89356E-08</x2><x3>2.32336E-08</x3><x4>8.55418E-09</x4><x5>3.39084E-08</x5><x6>2.50010E-08</x6></dataPoint>
        <dataPoint><x1>0.000936</x1><x2>3.47122E-08</x2><x3>1.18228E-08</x3><x4>8.07839E-09</x4><x5>3.13696E-08</x5><x6>2.29839E-08</x6></dataPoint>
        <dataPoint><x1>0.000944</x1><x2>3.09593E-08</x2><x3>1.83203E-08</x3><x4>1.14590E-08</x4><x5>2.96945E-08</x5><x6>2.25522E-08</x6></dataPoint>
        <dataPoint><x1>0.000952</x1><x2>3.76437E-08</x2><x3>1.57350E-08</x3><x4>9.76178E-09</x4><x5>3.67499E-08</x5><x6>1.80176E-08</x6></dataPoint>
        <dataPoint><x1>0.000960</x1><x2>3.66592E-08</x2><x3>1.58361E-08</x3><x4>9.20130E-09</x4><x5>3.89432E-08</x5><x6>1.62990E-08</x6></dataPoint>
        <dataPoint><x1>0.000968</x1><x2>3.84822E-08</x2><x3>1.41426E-08</x3><x4>6.60748E-09</x4><x5>3.17141E-08</x5><x6>2.29720E-08</x6></dataPoint>
        <dataPoint><x1>0.000976</x1><x2>3.46777E-08</x2><x3>1.77617E-08</x3><x4>6.83221E-09</x4><x5>3.83979E-08</x5><x6>2.09537E-08</x6></dataPoint>
        <dataPoint><x1>0.000984</x1><x2>2.49909E-08</x2><x3>1.02461E-08</x3><x4>7.82597E-09</x4><x5>3.82137E-08</x5><x6>1.74206E-08</x6></dataPoint>
        <dataPoint><x1>0.000992</x1><x2>2.60655E-08</x2><x3>1.32553E-08</x3><x4>7.41087E-09</x4><x5>3.17051E-08</x5><x6>2.22741E-08</x6></dataPoint>
        <dataPoint><x1>0.001000</x1><x2>3.45778E-08</x2><x3>1.23127E-08</x3><x4>8.91062E-09</x4><x5>4.65737E-08</x5><x6>2.15411E-08</x6></dataPoint>
        <dataPoint><x1>0.001008</x1><x2>3.96365E-08</x2><x3>1.94310E-08</x3><x4>7.54287E-09</x4><x5>4.20535E-08</x5><x6>2.73085E-08</x6></dataPoint>
        <dataPoint><x1>0.001016</x1><x2>2.66024E-08</x2><x3>1.40689E-08</x3><x4>9.61096E-09</x4><x5>2.68322E-08</x5><x6>2.14812E-08</x6></dataPoint>
        <dataPoint><x1>0.001024</x1><x2>3.21118E-08</x2><x3>1.02056E-08</x3><x4>6.86035E-09</x4><x5>4.07635E-08</x5><x6>1.91161E-08</x6></dataPoint>
        <dataPoint><x1>0.001032</x1><x2>2.77060E-08</x2><x3>8.81791E-09</x3><x4>8.32497E-09</x4><x5>3.13606E-08</x5><x6>2.27849E-08</x6></dataPoint>
        <dataPoint><x1>0.001040</x1><x2>3.20581E-08</x2><x3>1.97895E-08</x3><x4>7.79495E-09</x4><x5>3.94167E-08</x5><x6>2.14360E-08</x6></dataPoint>
        <dataPoint><x1>0.001048</x1><x2>2.53597E-08</x2><x3>1.31794E-08</x3><x4>9.47663E-09</x4><x5>3.57233E-08</x5><x6>2.37760E-08</x6></dataPoint>
        <dataPoint><x1>0.001056</x1><x2>2.93324E-08</x2><x3>1.40560E-08</x3><x4>9.47716E-09</x4><x5>3.75196E-08</x5><x6>3.10394E-08</x6></dataPoint>
        <dataPoint><x1>0.001064</x1><x2>2.94668E-08</x2><x3>1.41220E-08</x3><x4>1.50006E-08</x4><x5>3.84131E-08</x5><x6>2.69116E-08</x6></dataPoint>
        <dataPoint><x1>0.001072</x1><x2>3.02275E-08</x2><x3>1.36417E-08</x3><x4>8.57688E-09</x4><x5>3.30363E-08</x5><x6>1.63047E-08</x6></dataPoint>
        <dataPoint><x1>0.001080</x1><x2>3.02862E-08</x2><x3>1.38535E-08</x3><x4>1.05420E-08</x4><x5>3.42884E-08</x5><x6>2.27541E-08</x6></dataPoint>
        <dataPoint><x1>0.001088</x1><x2>3.92597E-08</x2><x3>1.28824E-08</x3><x4>4.98541E-09</x4><x5>3.82946E-08</x5><x6>3.11823E-08</x6></dataPoint>
        <dataPoint><x1>0.001096</x1><x2>2.84564E-08</x2><x3>1.47831E-08</x3><x4>6.57846E-09</x4><x5>2.98471E-08</x5><x6>1.54750E-08</x6></dataPoint>
        <dataPoint><x1>0.001104</x1><x2>3.48961E-08</x2><x3>1.54884E-08</x3><x4>9.58057E-09</x4><x5>3.82226E-08</x5><x6>2.77340E-08</x6></dataPoint>
        <dataPoint><x1>0.001112</x1><x2>3.74167E-08</x2><x3>1.64423E-08</x3><x4>9.30662E-09</x4><x5>3.00958E-08</x5><x6>2.44861E-08</x6></dataPoint>
        <dataPoint><x1>0.001120</x1><x2>3.67982E-08</x2><x3>1.65016E-08</x3><x4>8.12617E-09</x4><x5>3.67948E-08</x5><x6>2.38698E-08</x6></dataPoint>
        <dataPoint><x1>0.001128</x1><x2>3.02433E-08</x2><x3>2.07135E-08</x3><x4>7.64145E-09</x4><x5>3.24925E-08</x5><x6>3.02226E-08</x6></dataPoint>
        <dataPoint><x1>0.001136</x1><x2>4.22775E-08</x2><x3>1.95140E-08</x3><x4>1.01586E-08</x4><x5>4.35229E-08</x5><x6>2.27575E-08</x6></dataPoint>
        <dataPoint><x1>0.001144</x1><x2>3.96161E-08</x2><x3>1.28738E-08</x3><x4>8.57994E-09</x4><x5>4.22855E-08</x5><x6>2.54467E-08</x6></dataPoint>
        <dataPoint><x1>0.001152</x1><x2>3.35574E-08</x2><x3>1.35954E-08</x3><x4>7.56538E-09</x4><x5>3.94100E-08</x5><x6>2.21100E-08</x6></dataPoint>
        <dataPoint><x1>0.001160</x1><x2>3.09981E-08</x2><x3>1.53044E-08</x3><x4>7.56915E-09</x4><x5>3.60917E-08</x5><x6>2.99027E-08</x6></dataPoint>
        <dataPoint><x1>0.001168</x1><x2>2.97118E-08</x2><x3>9.34599E-09</x3><x4>7.57575E-09</x4><x5>3.24476E-08</x5><x6>3.10296E-08</x6></dataPoint>
        <dataPoint><x1>0.001176</x1><x2>2.59097E-08</x2><x3>1.56456E-08</x3><x4>7.89440E-09</x4><x5>3.49093E-08</x5><x6>2.32166E-08</x6></dataPoint>
        <dataPoint><x1>0.001184</x1><x2>3.84597E-08</x2><x3>1.99991E-08</x3><x4>7.88595E-09</x4><x5>3.42398E-08</x5><x6>2.07087E-08</x6></dataPoint>
        <dataPoint><x1>0.001192</x1><x2>3.33654E-08</x2><x3>1.46024E-08</x3><x4>6.49195E-09</x4><x5>3.76311E-08</x5><x6>2.59823E-08</x6></dataPoint>
        <dataPoint><x1>0.001200</x1><x2>2.62800E-08</x2><x3>1.59264E-08</x3><x4>8.38460E-09</x4><x5>3.21574E-08</x5><x6>2.69732E-08</x6></dataPoint>
        <dataPoint><x1>0.001208</x1><x2>3.71910E-08</x2><x3>1.22395E-08</x3><x4>6.37817E-09</x4><x5>3.40195E-08</x5><x6>2.33197E-08</x6></dataPoint>
        <dataPoint><x1>0.001216</x1><x2>2.81166E-08</x2><x3>9.11434E-09</x3><x4>6.94656E-09</x4><x5>3.11630E-08</x5><x6>3.35530E-08</x6></dataPoint>
        <dataPoint><x1>0.001224</x1><x2>3.03091E-08</x2><x3>1.57934E-08</x3><x4>8.86790E-09</x4><x5>3.10367E-08</x5><x6>2.98184E-08</x6></dataPoint>
        <dataPoint><x1>0.001232</x1><x2>3.15401E-08</x2><x3>1.61468E-08</x3><x4>7.28213E-09</x4><x5>3.87825E-08</x5><x6>2.67998E-08</x6></dataPoint>
        <dataPoint><x1>0.001240</x1><x2>2.56426E-08</x2><x3>1.47830E-08</x3><x4>9.73150E-09</x4><x5>3.81032E-08</x5><x6>3.27133E-08</x6></dataPoint>
        <dataPoint><x1>0.001248</x1><x2>4.19309E-08</x2><x3>1.01286E-08</x3><x4>9.40388E-09</x4><x5>3.72708E-08</x5><x6>3.20420E-08</x6></dataPoint>
        <dataPoint><x1>0.001256</x1><x2>3.37703E-08</x2><x3>1.18858E-08</x3><x4>7.34259E-09</x4><x5>3.72547E-08</x5><x6>2.48768E-08</x6></dataPoint>
        <dataPoint><x1>0.001264</x1><x2>2.44346E-08</x2><x3>1.30659E-08</x3><x4>4.22209E-09</x4><x5>3.48260E-08</x5><x6>2.39575E-08</x6></dataPoint>
        <dataPoint><x1>0.001272</x1><x2>2.18797E-08</x2><x3>7.03423E-09</x3><x4>8.34561E-09</x4><x5>3.11156E-08</x5><x6>2.79925E-08</x6></dataPoint>
        <dataPoint><x1>0.001280</x1><x2>2.86373E-08</x2><x3>1.02194E-08</x3><x4>4.74399E-09</x4><x5>3.03196E-08</x5><x6>2.10229E-08</x6></dataPoint>
        <dataPoint><x1>0.001288</x1><x2>2.56447E-08</x2><x3>1.01673E-08</x3><x4>8.80736E-09</x4><x5>3.29500E-08</x5><x6>2.76592E-08</x6></dataPoint>
        <dataPoint><x1>0.001296</x1><x2>3.33220E-08</x2><x3>1.12059E-08</x3><x4>6.92665E-09</x4><x5>3.21132E-08</x5><x6>2.66189E-08</x6></dataPoint>
        <dataPoint><x1>0.001304</x1><x2>3.38721E-08</x2><x3>1.13152E-08</x3><x4>1.04493E-08</x4><x5>3.34228E-08</x5><x6>3.06344E-08</x6></dataPoint>
        <dataPoint><x1>0.001312</x1><x2>2.48882E-08</x2><x3>1.09528E-08</x3><x4>8.10883E-09</x4><x5>2.94586E-08</x5><x6>2.65615E-08</x6></dataPoint>
        <dataPoint><x1>0.001320</x1><x2>2.71278E-08</x2><x3>1.33382E-08</x3><x4>4.43959E-09</x4><x5>2.96810E-08</x5><x6>2.37672E-08</x6></dataPoint>
        <dataPoint><x1>0.001328</x1><x2>2.78573E-08</x2><x3>1.07977E-08</x3><x4>5.83688E-09</x4><x5>3.83153E-08</x5><x6>2.26009E-08</x6></dataPoint>
        <dataPoint><x1>0.001336</x1><x2>3.03114E-08</x2><x3>1.15974E-08</x3><x4>8.26320E-09</x4><x5>2.98664E-08</x5><x6>2.73380E-08</x6></dataPoint>
        <dataPoint><x1>0.001344</x1><x2>2.58097E-08</x2><x3>1.12244E-08</x3><x4>7.10445E-09</x4><x5>2.94051E-08</x5><x6>2.88434E-08</x6></dataPoint>
        <dataPoint><x1>0.001352</x1><x2>2.46649E-08</x2><x3>1.33949E-08</x3><x4>9.15765E-09</x4><x5>2.80521E-08</x5><x6>2.81866E-08</x6></dataPoint>
        <dataPoint><x1>0.001360</x1><x2>2.46581E-08</x2><x3>1.05308E-08</x3><x4>8.45209E-09</x4><x5>2.48067E-08</x5><x6>2.11496E-08</x6></dataPoint>
        <dataPoint><x1>0.001368</x1><x2>2.71132E-08</x2><x3>1.05552E-08</x3><x4>8.26088E-09</x4><x5>3.05929E-08</x5><x6>2.47844E-08</x6></dataPoint>
        <dataPoint><x1>0.001376</x1><x2>2.26306E-08</x2><x3>1.24401E-08</x3><x4>6.09783E-09</x4><x5>3.34861E-08</x5><x6>2.21141E-08</x6></dataPoint>
        <dataPoint><x1>0.001384</x1><x2>2.88805E-08</x2><x3>1.48738E-08</x3><x4>6.79926E-09</x4><x5>3.19097E-08</x5><x6>2.41471E-08</x6></dataPoint>
        <dataPoint><x1>0.001392</x1><x2>3.06221E-08</x2><x3>9.93924E-09</x3><x4>8.37520E-09</x4><x5>3.80834E-08</x5><x6>2.54689E-08</x6></dataPoint>
        <dataPoint><x1>0.001400</x1><x2>2.81287E-08</x2><x3>1.06107E-08</x3><x4>6.73381E-09</x4><x5>4.26620E-08</x5><x6>2.38469E-08</x6></dataPoint>
        <dataPoint><x1>0.001408</x1><x2>3.56073E-08</x2><x3>1.12751E-08</x3><x4>7.48729E-09</x4><x5>3.80236E-08</x5><x6>1.89937E-08</x6></dataPoint>
        <dataPoint><x1>0.001416</x1><x2>2.64841E-08</x2><x3>1.73790E-08</x3><x4>6.64652E-09</x4><x5>3.18290E-08</x5><x6>1.99071E-08</x6></dataPoint>
        <dataPoint><x1>0.001424</x1><x2>2.87082E-08</x2><x3>1.12206E-08</x3><x4>5.99837E-09</x4><x5>3.73570E-08</x5><x6>1.95811E-08</x6></dataPoint>
        <dataPoint><x1>0.001432</x1><x2>3.62499E-08</x2><x3>1.10058E-08</x3><x4>7.22576E-09</x4><x5>3.62548E-08</x5><x6>3.37904E-08</x6></dataPoint>
        <dataPoint><x1>0.001440</x1><x2>3.17918E-08</x2><x3>1.72820E-08</x3><x4>7.62014E-09</x4><x5>3.44869E-08</x5><x6>1.79869E-08</x6></dataPoint>
    </dataGroup>
</experiment>
