"Time  (sec)","Volume  (cm3)","Temperature  (K)","Pressure  (bar)","Mole_fraction_AR  ()","Mole_fraction_HE  ()","Mole_fraction_N2  ()","Mole_fraction_H2  ()","Mole_fraction_H  ()","Mole_fraction_O  ()","Mole_fraction_O2  ()","Mole_fraction_OH  ()","Mole_fraction_H2O  ()","Mole_fraction_HO2  ()","Mole_fraction_H2O2  ()","Mole_fraction_CO  ()","Mole_fraction_CO2  ()","Mole_fraction_C  ()","Mole_fraction_CH  ()","Mole_fraction_CH2  ()","Mole_fraction_CH2(S)  ()","Mole_fraction_CH3  ()","Mole_fraction_CH4  ()","Mole_fraction_HCO  ()","Mole_fraction_CH2O  ()","Mole_fraction_CH2OH  ()","Mole_fraction_CH3O  ()","Mole_fraction_CH3OH  ()","Mole_fraction_C2H  ()","Mole_fraction_C2H2  ()","Mole_fraction_C2H3  ()","Mole_fraction_C2H4  ()","Mole_fraction_C2H5  ()","Mole_fraction_C2H6  ()","Mole_fraction_HCCO  ()","Mole_fraction_CH2CO  ()","Mole_fraction_CH2CHO  ()","Mole_fraction_CH3CHO  ()","Mole_fraction_CH3CO  ()","Mole_fraction_H2CC  ()","Mole_fraction_OH*  ()","Mole_fraction_CH*  ()","Specific_heat_Cp  (erg/g-K)","Heat_capacity_ratio  ()","Entropy  (erg/g-K)","Ppmvd15%O2_CO  (ppm)"
0,1,1944,1.119996,0.9306,0,0,0.0017,0,0,0.0347,0,0,0,0,0.033,0,0,0,0,0,0,0,0,0,0,0,0,0,0,0,0,0,0,0,0,0,0,0,0,0,0,6305716,1.506591,52464360,11294.92
4.157089E-06,1,1943.997,1.119994,0.9306,1.03051E-22,0,0.001699904,5.796094E-08,2.41496E-07,0.03469968,6.36993E-08,9.312476E-09,5.075274E-08,1.546621E-11,0.03299977,2.287957E-07,1.110216E-21,2.934251E-20,2.33174E-20,1.391551E-21,4.750922E-21,2.687056E-23,1.870034E-11,1.059737E-13,2.739963E-21,5.268954E-24,5.099703E-24,8.328114E-28,4.628559E-26,1.17541E-33,4.35756E-33,2.135054E-41,4.781585E-41,1.1691E-21,2.39563E-22,9.305049E-29,8.508129E-31,1.359878E-27,2.675859E-30,2.42979E-18,3.942494E-28,6305716,1.506591,52464370,11294.82
2.477205E-05,1,1943.993,1.119992,0.9305999,1.240825E-22,0,0.001695529,1.535699E-06,4.296035E-06,0.03469345,3.009679E-06,2.100255E-06,1.959657E-07,7.15275E-11,0.0329967,3.291361E-06,2.01703E-20,1.404954E-19,1.893306E-19,1.208791E-20,1.932308E-19,6.098958E-21,8.864034E-11,1.09731E-12,1.24014E-19,1.185504E-21,1.26807E-21,4.111354E-27,1.988643E-24,2.571565E-31,1.060209E-30,9.395507E-38,3.306534E-37,1.103201E-20,1.148011E-20,3.94538E-27,2.093403E-28,5.53487E-26,1.035053E-28,1.368812E-16,1.892141E-27,6305717,1.506591,52464630,11293.4
5.145854E-05,1,1944.011,1.120002,0.9305999,1.251442E-22,0,0.0016071,2.793517E-05,7.531257E-05,0.03458299,5.531139E-05,5.108935E-05,3.741046E-07,2.009974E-10,0.03294844,5.15596E-05,3.562962E-19,1.323343E-18,1.199142E-18,7.29793E-20,1.381681E-18,7.072574E-20,8.250634E-10,5.776364E-12,2.542472E-18,1.120629E-19,2.922543E-20,4.535554E-26,2.109486E-23,4.039716E-29,4.131123E-29,5.975006E-35,1.971318E-35,7.554444E-20,9.774518E-20,3.838215E-26,1.076398E-26,3.951088E-25,2.639214E-27,9.804886E-15,1.780862E-26,6305722,1.50659,52467810,11270.44
7.814502E-05,1,1944.596,1.120335,0.9306036,1.311613E-22,0,0.0008560122,0.0002726406,0.0007886003,0.03355124,0.0004394483,0.0004875563,7.716092E-07,4.465437E-09,0.03241949,0.0005806315,3.944235E-18,1.127908E-17,3.271738E-18,1.979842E-19,1.202087E-17,4.35735E-19,6.621362E-09,1.124165E-11,3.10296E-17,2.114894E-18,2.721089E-19,6.806801E-25,2.231288E-22,4.210457E-27,4.68199E-27,6.319049E-32,1.013775E-33,2.297149E-19,3.997307E-19,6.532486E-25,7.187337E-25,3.373896E-24,1.219846E-25,8.56697E-13,1.531436E-25,6306119,1.506539,52485950,11030.39
0.0001048315,1,1947.296,1.121869,0.9306217,1.143422E-22,0,0.0001537556,0.0006036088,0.002253546,0.03182108,0.0006012671,0.0009434212,8.220568E-07,7.618705E-09,0.03104118,0.001959573,1.215951E-17,2.185902E-17,7.726986E-19,7.172652E-20,1.15256E-17,2.826341E-19,1.244315E-08,4.907344E-12,2.591281E-17,2.009754E-18,7.996085E-20,1.154395E-24,1.596656E-22,6.969636E-27,1.054663E-26,2.916827E-31,1.827398E-33,1.68793E-19,1.877929E-19,6.192795E-25,9.382631E-25,3.083297E-24,4.129442E-25,5.313273E-12,3.044038E-25,6308783,1.506202,52506700,10464.45
0.0001419384,1,1951.546,1.124263,0.9306667,1.033423E-22,0,8.197041E-05,0.0008807098,0.003666935,0.03023189,0.0005825445,0.0008861059,8.082611E-07,6.404754E-09,0.02919837,0.003803981,2.142204E-17,2.797488E-17,1.087825E-18,9.530994E-20,9.898388E-18,2.091543E-19,1.566296E-08,4.517904E-12,3.170861E-17,2.64634E-18,5.850075E-20,1.226357E-24,1.050026E-22,7.455459E-27,1.069673E-26,4.06954E-31,1.541697E-33,1.383655E-19,1.2652E-19,5.402513E-25,1.160239E-24,2.494845E-24,6.77872E-25,1.264601E-11,4.039736E-25,6313392,1.505609,52523650,9755.442
0.0001940915,1,1958.287,1.128026,0.930766,1.041512E-22,0,8.851389E-05,0.001315471,0.005182206,0.0283821,0.0006107571,0.0006482543,8.100688E-07,6.216312E-09,0.02680054,0.006205328,3.437914E-17,3.553736E-17,1.180906E-18,8.890844E-20,-3.72941E-18,4.932363E-19,1.945921E-08,5.211688E-12,4.958293E-17,4.434715E-18,2.858956E-19,2.017713E-24,2.880603E-22,2.518532E-26,1.695783E-25,8.933547E-30,6.43943E-30,1.270604E-19,1.402289E-19,5.123249E-25,1.241108E-23,-8.891891E-25,1.130381E-24,2.737074E-11,5.472059E-25,6319796,1.504757,52541130,8860.572
0.0002821687,1,1971.454,1.135296,0.9310238,1.019283E-22,0,8.572911E-05,0.00185811,0.007197709,0.02583547,0.0005956813,0.0003877535,7.604212E-07,5.008178E-09,0.02343701,0.009577991,5.929729E-17,4.261976E-17,1.593221E-18,2.102113E-19,1.90678E-17,4.450978E-19,2.146032E-08,5.237276E-12,6.296014E-17,6.019584E-18,7.349894E-20,1.653724E-24,1.044028E-22,1.465146E-26,2.170261E-26,1.601195E-30,-1.229566E-31,8.157024E-20,1.194126E-19,8.243427E-25,1.846218E-24,3.503063E-24,1.551673E-24,5.564253E-11,7.274581E-25,6328954,1.503449,52561380,7639.055
0.0004,1,1990.1,1.145472,0.9314803,1.094518E-22,0,7.646749E-05,0.002195555,0.008746869,0.02366379,0.0005562482,0.000248881,6.879739E-07,3.75048E-09,0.02044651,0.01258469,9.594559E-17,4.637309E-17,6.531514E-18,4.422523E-19,1.250083E-16,1.792157E-18,2.048136E-08,4.545332E-12,5.973017E-17,5.869949E-18,3.259354E-19,-3.773173E-26,-6.132198E-24,-8.289098E-28,1.057677E-25,4.544883E-30,1.90168E-31,5.711353E-19,3.644684E-19,4.337288E-24,3.010263E-23,4.104221E-23,1.68801E-24,8.227597E-11,9.31104E-25,6337366,1.502075,52579400,6585.594
0.0006356787,1,2025.849,1.164773,0.9325006,9.97757E-23,0,7.240704E-05,0.00232391,0.009379014,0.02191555,0.0005433879,0.0001970969,6.14321E-07,2.975756E-09,0.01747748,0.0155899,1.774803E-16,5.322893E-17,1.578485E-18,2.008369E-19,1.517815E-17,2.012063E-19,1.775903E-08,3.568645E-12,4.603116E-17,4.49627E-18,3.877972E-20,1.914431E-24,7.345736E-23,3.493045E-26,-1.764806E-27,2.132163E-30,-1.932105E-30,6.476209E-20,7.106213E-20,-3.849695E-25,-9.089275E-24,-1.059384E-24,1.832258E-24,9.538906E-11,1.429633E-24,6346774,1.500136,52606120,5576.643
0.0008,1,2048.368,1.176853,0.9331875,1.02537E-22,0,7.567188E-05,0.002277449,0.009035838,0.02155964,0.0005630021,0.0002085222,5.92135E-07,2.923778E-09,0.01642661,0.01666513,2.405788E-16,5.820693E-17,1.581225E-18,1.869014E-19,1.328584E-17,-5.080607E-21,1.637562E-08,3.195997E-12,3.962923E-17,3.814091E-18,2.813393E-20,2.910709E-24,6.697646E-23,1.331684E-25,-3.049055E-25,-4.476198E-29,-1.100629E-30,6.796116E-20,5.801545E-20,-2.219288E-24,-6.486695E-23,-2.87479E-24,1.976607E-24,9.030505E-11,1.879144E-24,6350783,1.499111,52621650,5231.5
0.0012,1,2094.93,1.201726,0.9346462,1.129885E-22,0,8.719054E-05,0.002068509,0.007800362,0.02135512,0.00062588,0.0002727166,5.596887E-07,3.05788E-09,0.01485205,0.01829142,4.1404E-16,6.811208E-17,1.7322E-18,1.720286E-19,1.017114E-17,1.545984E-19,1.374923E-08,2.642334E-12,2.905986E-17,2.588631E-18,2.739519E-20,5.295364E-24,9.121473E-23,5.448553E-27,2.336447E-27,2.545767E-31,5.650698E-34,8.125996E-20,5.115862E-20,2.510269E-25,2.694657E-25,1.210735E-24,2.10729E-24,7.072185E-11,3.167349E-24,6357641,1.49714,52651740,4725.246
0.0016,1,2132.062,1.221488,0.9358234,1.032188E-22,0,9.680847E-05,0.001854579,0.006747746,0.02126769,0.0006777622,0.0003462885,5.312218E-07,3.14572E-09,0.01370392,0.01948129,6.068184E-16,7.341516E-17,1.890936E-18,1.663919E-19,8.027567E-18,1.170505E-19,1.162587E-08,2.279456E-12,2.211127E-17,1.870674E-18,2.212991E-20,8.465471E-24,1.132876E-22,2.667853E-26,7.676905E-26,8.710057E-30,1.708501E-32,9.290363E-20,4.588364E-20,4.82501E-25,8.198811E-24,8.957734E-25,2.109762E-24,5.484463E-11,4.515519E-24,6362792,1.495603,52673560,4358.301
0.002,1,2162.226,1.237499,0.9367842,1.81353E-22,0,0.0001035306,0.001665305,0.005930338,0.02116433,0.0007153447,0.0004171819,5.0369E-07,3.145974E-09,0.01275064,0.02046865,8.039588E-16,7.488089E-17,2.018617E-18,1.645368E-19,6.457736E-18,9.163413E-20,9.887016E-09,2.011827E-12,1.727892E-17,1.404833E-18,1.84454E-20,1.124285E-23,1.305513E-22,6.039569E-27,3.694086E-27,2.209951E-31,3.74982E-34,1.01195E-19,4.121994E-20,1.511501E-25,3.129306E-25,6.51362E-25,1.985915E-24,4.340023E-11,5.740603E-24,6366978,1.494357,52689780,4053.224
0.0024,1,2187.165,1.250708,0.9375811,1.409445E-22,0,0.000107866,0.001501777,0.005286467,0.02105023,0.0007416223,0.000482941,4.777332E-07,3.091409E-09,0.01193939,0.02130815,9.930307E-16,7.372514E-17,2.106654E-18,1.63788E-19,5.283669E-18,7.367335E-20,8.470543E-09,1.804502E-12,1.380675E-17,1.087874E-18,1.568599E-20,1.413919E-23,1.435381E-22,1.176657E-26,3.307422E-27,2.212709E-31,3.639165E-34,1.065258E-19,3.710974E-20,1.78645E-25,2.644128E-25,4.997633E-25,1.812109E-24,3.507881E-11,6.7497E-24,6370462,1.493327,52702160,3793.327
0.0028,1,2208.108,1.261781,0.9382518,1.824672E-22,0,0.0001103944,0.001361328,0.004768904,0.02093334,0.0007594359,0.0005429682,4.536853E-07,3.004971E-09,0.0112396,0.02203174,1.166319E-15,7.096064E-17,2.156731E-18,1.628899E-19,4.392561E-18,6.062661E-20,7.315748E-09,1.637848E-12,1.123996E-17,8.634345E-19,1.353122E-20,1.668446E-23,1.524534E-22,4.258655E-27,5.076307E-28,8.163187E-33,1.944263E-35,1.095197E-19,3.354829E-20,8.767181E-26,2.60759E-26,3.874175E-25,1.616302E-24,2.89141E-11,7.517477E-24,6373413,1.49246,52711820,3569.021
0.0032,1,2225.937,1.271194,0.9388239,1.812945E-22,0,0.0001116006,0.001240685,0.004345135,0.02081826,0.0007710009,0.0005973578,4.316085E-07,2.903146E-09,0.01062921,0.02266241,1.320013E-15,6.731553E-17,2.174204E-18,1.613223E-19,3.704932E-18,5.089124E-20,6.369767E-09,1.49995E-12,9.295596E-18,6.992491E-19,1.17989E-20,1.879657E-23,1.579974E-22,3.766588E-27,3.545637E-28,5.576178E-33,1.293474E-35,1.107418E-19,3.04744E-20,6.973394E-26,1.744735E-26,3.081901E-25,1.427206E-24,2.426105E-11,8.057435E-24,6375946,1.49172,52719490,3373.347
0.0036,1,2241.298,1.279294,0.9393174,1.791667E-22,0,0.0001118582,0.001136726,0.003992518,0.02070743,0.0007779715,0.0006465067,4.114267E-07,2.795281E-09,0.01009171,0.02321742,1.452968E-15,6.327461E-17,2.165599E-18,1.589636E-19,3.165886E-18,4.34519E-20,5.589544E-09,1.383276E-12,7.791853E-18,5.75856E-19,1.037727E-20,2.046298E-23,1.60883E-22,3.296057E-27,2.40683E-28,2.353179E-33,7.619623E-36,1.106561E-19,2.782096E-20,5.621115E-26,1.003833E-26,2.49479E-25,1.253158E-24,2.068714E-11,8.400805E-24,6378147,1.491082,52725710,3201.06
0.004,1,2254.67,1.286338,0.9397476,1.790115E-22,0,0.0001114445,0.001046721,0.003694946,0.02060202,0.0007815643,0.000690922,3.930035E-07,2.68707E-09,0.009614465,0.02370991,1.565668E-15,5.914356E-17,2.1372E-18,1.558809E-19,2.737064E-18,3.76468E-20,4.941058E-09,1.282863E-12,6.608108E-18,4.810194E-19,9.192835E-21,2.172307E-23,1.616909E-22,2.893414E-27,2.111136E-28,3.660225E-33,1.073752E-35,1.096254E-19,2.552423E-20,4.605258E-26,9.678102E-27,2.051138E-25,1.098164E-24,1.789783E-11,8.583908E-24,6380079,1.490525,52730800,3048.133
0.0044,1,2266.42,1.292521,0.9401259,1.787989E-22,0,0.0001105622,0.0009683743,0.003440726,0.02050249,0.0007826704,0.0007311243,3.761824E-07,2.581741E-09,0.009187654,0.02415014,1.659502E-15,5.51056E-17,2.094437E-18,1.522136E-19,2.391268E-18,3.303252E-20,4.39777E-09,1.195296E-12,5.661939E-18,4.067401E-19,8.194467E-21,2.260317E-23,1.609659E-22,2.546278E-27,1.627401E-28,2.864867E-33,6.289465E-36,1.079266E-19,2.352833E-20,3.821529E-26,7.365226E-27,1.709828E-25,9.627272E-25,1.568906E-11,8.641469E-24,6381791,1.490035,52735030,2911.417
0.0048,1,2276.827,1.297993,0.9404612,1.790443E-22,0,0.0001093579,0.0008997915,0.003221192,0.02040888,0.0007819444,0.0007676034,3.608065E-07,2.481026E-09,0.008803503,0.02454618,1.736284E-15,5.126373E-17,2.041732E-18,1.481165E-19,2.108919E-18,2.930438E-20,3.939038E-09,1.118138E-12,4.895543E-18,3.476144E-19,7.345039E-21,2.317511E-23,1.590256E-22,2.248764E-27,1.607994E-28,2.810504E-33,5.644158E-36,1.057675E-19,2.178581E-20,3.211117E-26,6.78773E-27,1.443022E-25,8.455809E-25,1.39169E-11,8.603709E-24,6383318,1.489601,52738590,2788.42
0.0052,1,2286.112,1.302872,0.9407605,1.79167E-22,0,0.0001079379,0.0008394196,0.00302981,0.02032102,0.0007798694,0.0008008011,3.467281E-07,2.385749E-09,0.008455786,0.02490451,1.797962E-15,4.766989E-17,1.982559E-18,1.437325E-19,1.875718E-18,2.624815E-20,3.548777E-09,1.049583E-12,4.267449E-18,2.998874E-19,6.616664E-21,2.348659E-23,1.563075E-22,1.992493E-27,1.186706E-28,1.977203E-33,3.949794E-36,1.033033E-19,2.025705E-20,2.7273E-26,5.3849E-27,1.231389E-25,7.448493E-25,1.247806E-11,8.495631E-24,6384690,1.489212,52741600,2677.141
0.0056,1,2294.447,1.307249,0.9410294,1.791812E-22,0,0.0001063787,0.0007859878,0.002861569,0.02023862,0.0007768042,0.0008311066,3.338124E-07,2.296198E-09,0.008139454,0.02523038,1.846451E-15,4.43444E-17,1.919566E-18,1.391827E-19,1.681067E-18,2.371E-20,3.214391E-09,9.882547E-13,3.747309E-18,2.608862E-19,5.987865E-21,2.358467E-23,1.529193E-22,1.775912E-27,2.204944E-28,5.865338E-33,9.690246E-36,1.006483E-19,1.890909E-20,2.346628E-26,1.239952E-26,1.06134E-25,6.583683E-25,1.129724E-11,8.337223E-24,6385930,1.488863,52744180,2575.955
0.006,1,2301.974,1.311198,0.9412722,1.79245E-22,0,0.0001047356,0.0007384549,0.002712566,0.02016136,0.0007730171,0.0008588595,3.219385E-07,2.212349E-09,0.007850367,0.02552808,1.883539E-15,4.128857E-17,1.854739E-18,1.345647E-19,1.517019E-18,2.157748E-20,2.925954E-09,9.330746E-13,3.312524E-18,2.286675E-19,5.441783E-21,2.351344E-23,1.491713E-22,1.613233E-27,2.187422E-28,1.532329E-32,1.793622E-35,9.78882E-20,1.771474E-20,2.070239E-26,2.845737E-26,9.231816E-26,5.841703E-25,1.031867E-11,8.144114E-24,6387056,1.488546,52746410,2483.53
0.0064,1,2308.805,1.314781,0.9414927,1.792873E-22,0,0.0001030488,0.0006959643,0.002579723,0.02008887,0.0007687097,0.0008843539,3.109986E-07,2.134001E-09,0.007585095,0.02580117,1.910848E-15,3.849275E-17,1.789525E-18,1.299536E-19,1.377526E-18,1.9767E-20,2.675587E-09,8.831817E-13,2.946009E-18,2.017926E-19,4.964983E-21,2.330924E-23,1.45216E-22,1.427765E-27,2.276466E-28,6.058017E-33,9.394689E-36,9.508387E-20,1.665156E-20,1.782191E-26,1.298332E-26,8.092325E-26,5.204387E-25,9.500458E-12,7.928313E-24,6388084,1.488259,52748340,2398.76
0.0068,1,2315.034,1.318047,0.9416939,1.793248E-22,0,0.0001013469,0.0006578082,0.00246058,0.02002082,0.0007640348,0.0009078439,3.008977E-07,2.060859E-09,0.007340773,0.02605262,1.929821E-15,3.594143E-17,1.724973E-18,1.254062E-19,1.257934E-18,1.821526E-20,2.45699E-09,8.378755E-13,2.634662E-18,1.791786E-19,4.546622E-21,2.300214E-23,1.411406E-22,1.320307E-27,1.866859E-28,6.148485E-33,9.1542E-36,9.227893E-20,1.570072E-20,1.606615E-26,1.257485E-26,7.149083E-26,4.655733E-25,8.810754E-12,7.698922E-24,6389027,1.487997,52750020,2320.722
0.0072,1,2320.737,1.321035,0.9418781,1.793613E-22,0,9.965051E-05,0.0006233985,0.002353148,0.01995687,0.0007591083,0.0009295497,2.915518E-07,1.992589E-09,0.007114987,0.02628494,1.941723E-15,3.361633E-17,1.66182E-18,1.209637E-19,1.154635E-18,1.68738E-20,2.265088E-09,7.965778E-13,2.368319E-18,1.599993E-19,4.177872E-21,2.261689E-23,1.369486E-22,1.149895E-27,9.55528E-29,1.536878E-33,2.676107E-36,8.9509E-20,1.484657E-20,1.378226E-26,4.15914E-27,6.354175E-26,4.181594E-25,8.225025E-12,7.462752E-24,6389894,1.487756,52751500,2248.638
0.0076,1,2325.978,1.323781,0.9420474,1.793928E-22,0,9.797444E-05,0.000592244,0.002255805,0.0198967,0.0007540189,0.0009496615,2.828866E-07,1.928842E-09,0.006905688,0.02650025,1.947657E-15,3.149839E-17,1.600564E-18,1.16655E-19,1.064785E-18,1.570513E-20,2.095762E-09,7.588057E-13,2.139004E-18,1.436154E-19,3.851479E-21,2.217428E-23,1.327781E-22,1.054378E-27,2.293721E-28,6.69042E-33,1.042181E-35,8.6795E-20,1.407625E-20,1.245294E-26,1.430872E-26,5.685409E-26,3.770977E-25,7.724172E-12,7.224829E-24,6390695,1.487535,52752810,2181.847
0.008,1,2330.812,1.326312,0.9422036,1.794228E-22,0,9.632895E-05,0.0005639322,0.002167213,0.01984002,0.0007488344,0.0009683446,2.748368E-07,1.869277E-09,0.006711123,0.02670035,1.948572E-15,2.956883E-17,1.541531E-18,1.124992E-19,9.861312E-19,1.46798E-20,1.945647E-09,7.241514E-13,1.940393E-18,1.295271E-19,3.561437E-21,2.16906E-23,1.286389E-22,9.422008E-28,5.181242E-29,6.353441E-34,1.271234E-36,8.415062E-20,1.337877E-20,1.098449E-26,1.748208E-27,5.113682E-26,3.414007E-25,7.293175E-12,6.988809E-24,6391437,1.487331,52753960,2119.786
0.0084,1,2335.284,1.328653,0.9423481,1.794497E-22,0,9.472115E-05,0.0005381146,0.00208626,0.01978658,0.0007436068,0.000985743,2.673445E-07,1.813567E-09,0.006529787,0.02688681,1.945286E-15,2.780982E-17,1.484917E-18,1.085084E-19,9.168701E-19,1.377429E-20,1.811973E-09,6.92268E-13,1.767428E-18,1.173392E-19,3.302744E-21,2.117941E-23,1.24592E-22,8.59945E-28,8.225391E-29,1.913039E-33,3.236175E-36,8.158938E-20,1.274488E-20,9.927238E-27,4.679293E-27,4.62432E-26,3.102662E-25,6.920106E-12,6.757301E-24,6392127,1.487141,52754990,2061.969
0.0088,1,2339.433,1.330824,0.9424822,1.794744E-22,0,9.315578E-05,0.0005144954,0.002012015,0.01973612,0.0007383758,0.001001982,2.603583E-07,1.761406E-09,0.006360376,0.02706098,1.938501E-15,2.620478E-17,1.430823E-18,1.046889E-19,8.555459E-19,1.296988E-20,1.692447E-09,6.628578E-13,1.616028E-18,1.067364E-19,3.07121E-21,2.065119E-23,1.206541E-22,7.82819E-28,3.040974E-29,2.174451E-34,5.914925E-37,7.911686E-20,1.216687E-20,8.951124E-27,6.748944E-28,4.201231E-26,2.830153E-25,6.595411E-12,6.532116E-24,6392769,1.486965,52755920,2007.975
0.0092,1,2343.294,1.332844,0.942607,1.794975E-22,0,9.16358E-05,0.0004928222,0.001943691,0.01968843,0.0007331721,0.001017172,2.538328E-07,1.712512E-09,0.006201755,0.02722402,1.928817E-15,2.473853E-17,1.379281E-18,1.010427E-19,8.009731E-19,1.225139E-20,1.585156E-09,6.356639E-13,1.482874E-18,9.746452E-20,2.863301E-21,2.01142E-23,1.168311E-22,7.169217E-28,3.191904E-29,2.629007E-34,6.229629E-37,7.673644E-20,1.163803E-20,8.140784E-27,8.003585E-28,3.833833E-26,2.590724E-25,6.311374E-12,6.314465E-24,6393368,1.486802,52756740,1957.44
0.0096,1,2346.894,1.334727,0.9427235,1.7952E-22,0,9.01629E-05,0.0004728785,0.00188062,0.0196433,0.0007280189,0.001031409,2.477276E-07,1.666622E-09,0.006052933,0.02737697,1.916746E-15,2.33973E-17,1.330273E-18,9.756897E-20,7.521797E-19,1.160641E-20,1.4885E-09,6.10463E-13,1.365249E-18,8.931756E-20,2.676026E-21,1.957503E-23,1.131367E-22,6.581428E-28,2.483104E-29,1.281131E-34,3.927046E-37,7.444993E-20,1.115272E-20,7.431578E-27,4.283712E-28,3.51276E-26,2.379635E-25,6.061718E-12,6.105109E-24,6393930,1.486649,52757480,1910.044
0.01,1,2350.26,1.336487,0.9428323,1.795406E-22,0,8.873782E-05,0.0004544778,0.001822231,0.01960054,0.0007229339,0.001044779,2.420064E-07,1.623499E-09,0.005913039,0.02752073,1.902723E-15,2.216867E-17,1.283747E-18,9.426453E-20,7.083631E-19,1.102476E-20,1.401129E-09,5.870604E-13,1.260909E-18,8.212688E-20,2.506843E-21,1.903875E-23,1.095781E-22,6.059029E-28,2.288783E-29,1.128862E-34,3.460114E-37,7.22571E-20,1.070608E-20,6.812614E-27,3.787972E-28,3.230737E-26,2.19289E-25,5.841298E-12,5.904474E-24,6394456,1.486506,52758150,1865.508
0.0104,1,2353.413,1.338135,0.9429343,1.795597E-22,0,8.73606E-05,0.0004374586,0.001768033,0.01955998,0.0007179304,0.001057356,2.366372E-07,1.582926E-09,0.005781305,0.02765608,1.887122E-15,2.104148E-17,1.239628E-18,9.112469E-20,6.688557E-19,1.049797E-20,1.321897E-09,5.652853E-13,1.167994E-18,7.575363E-20,2.353575E-21,1.850928E-23,1.061576E-22,5.592027E-28,2.05972E-29,9.165289E-35,2.941611E-37,7.01568E-20,1.029391E-20,6.267761E-27,3.11383E-28,2.981791E-26,2.027123E-25,5.645871E-12,5.712738E-24,6394950,1.486372,52758760,1823.583
0.0108,1,2356.372,1.339682,0.94303,1.795779E-22,0,8.603077E-05,0.0004216806,0.0017176,0.01952147,0.000713018,0.001069209,2.315909E-07,1.544703E-09,0.005657048,0.02778373,1.870259E-15,2.000575E-17,1.197824E-18,8.81437E-20,6.33099E-19,1.001899E-20,1.249831E-09,5.449873E-13,1.084952E-18,7.008271E-20,2.214358E-21,1.798956E-23,1.028758E-22,5.173606E-28,1.8885E-29,8.028469E-35,2.601866E-37,6.814704E-20,9.912599E-21,5.786223E-27,2.733576E-28,2.761046E-26,1.879492E-25,5.471915E-12,5.529902E-24,6395416,1.486246,52759310,1784.051
0.0112,1,2359.155,1.341136,0.94312,1.79595E-22,0,8.474749E-05,0.0004070212,0.001670564,0.01948488,0.000708204,0.001080396,2.268418E-07,1.508652E-09,0.005539664,0.02790431,1.852403E-15,1.905256E-17,1.158234E-18,8.531514E-20,6.006226E-19,9.581905E-21,1.184097E-09,5.260335E-13,1.010476E-18,6.501814E-20,2.087585E-21,1.748179E-23,9.973141E-23,4.797628E-28,1.736653E-29,7.056721E-35,2.311101E-37,6.622522E-20,9.558991E-21,5.358676E-27,2.410326E-28,2.564478E-26,1.747594E-25,5.31649E-12,5.355833E-24,6395855,1.486127,52759810,1746.718
0.0116,1,2361.777,1.342505,0.9432048,1.796113E-22,0,8.350969E-05,0.0003933731,0.001626601,0.01945007,0.0007034933,0.00109097,2.223664E-07,1.474609E-09,0.005428613,0.02801836,1.833782E-15,1.817396E-17,1.120754E-18,8.26322E-20,5.710285E-19,9.181688E-21,1.123979E-09,5.083059E-13,9.434682E-19,6.047943E-20,1.971866E-21,1.698756E-23,9.672198E-23,4.458926E-28,1.603314E-29,6.250238E-35,2.064999E-37,6.438841E-20,9.230341E-21,4.977535E-27,2.141534E-28,2.388744E-26,1.629388E-25,5.17713E-12,5.190311E-24,6396270,1.486015,52760270,1711.409
0.012,1,2364.25,1.343797,0.9432848,1.796266E-22,0,8.23161E-05,0.0003806419,0.001585431,0.01941692,0.0006988891,0.00110098,2.181438E-07,1.442424E-09,0.005323409,0.02812641,1.814591E-15,1.736282E-17,1.085276E-18,8.00879E-20,5.439779E-19,8.814082E-21,1.068859E-09,4.916995E-13,8.829938E-19,5.639869E-20,1.865995E-21,1.650797E-23,9.384408E-23,4.153049E-28,1.484907E-29,5.562436E-35,1.853254E-37,6.263341E-20,8.924243E-21,4.636468E-27,1.912151E-28,2.231052E-26,1.523137E-25,5.051752E-12,5.033052E-24,6396662,1.48591,52760690,1677.969
0.0124,1,2366.587,1.345018,0.9433604,1.796409E-22,0,8.116535E-05,0.0003687443,0.001546802,0.01938532,0.0006943934,0.001110467,2.141549E-07,1.411962E-09,0.005223618,0.02822888,1.794994E-15,1.66128E-17,1.051692E-18,7.767522E-20,5.191808E-19,8.47544E-21,1.018201E-09,4.761206E-13,8.282579E-19,5.271842E-20,1.768923E-21,1.604374E-23,9.109363E-23,3.876159E-28,1.379289E-29,4.972676E-35,1.670135E-37,6.09569E-20,8.638586E-21,4.330173E-27,1.715234E-28,2.089058E-26,1.427358E-25,4.938593E-12,4.883732E-24,6397033,1.48581,52761070,1646.258
0.0128,1,2368.798,1.346172,0.9434319,1.796544E-22,0,8.005601E-05,0.0003576065,0.001510495,0.01935518,0.0006900071,0.001119471,2.103825E-07,1.3831E-09,0.005128847,0.02832619,1.77513E-15,1.591822E-17,1.019898E-18,7.538726E-20,4.963881E-19,8.162631E-21,9.715376E-10,4.614853E-13,7.7858E-19,4.938966E-20,1.679733E-21,1.559528E-23,8.846615E-23,3.624937E-28,1.284709E-29,4.464122E-35,1.510965E-37,5.935551E-20,8.371505E-21,4.054183E-27,1.545226E-28,1.960779E-26,1.34078E-25,4.836151E-12,4.742005E-24,6397385,1.485716,52761420,1616.151
0.0132,1,2370.893,1.347266,0.9434997,1.796674E-22,0,7.898658E-05,0.0003471629,0.001476314,0.01932641,0.0006857303,0.001128027,2.068109E-07,1.355726E-09,0.005038743,0.02841869,1.755117E-15,1.527403E-17,9.897931E-19,7.321726E-20,4.753846E-19,7.872949E-21,9.284631E-10,4.477181E-13,7.333754E-19,4.637052E-20,1.597621E-21,1.516277E-23,8.595688E-23,3.3965E-28,1.199713E-29,4.023427E-35,1.371977E-37,5.782586E-20,8.121354E-21,3.804714E-27,1.397712E-28,1.844536E-26,1.26231E-25,4.743141E-12,4.607512E-24,6397720,1.485626,52761740,1587.533
0.0136,1,2372.881,1.348304,0.943564,1.796797E-22,0,7.79556E-05,0.0003373551,0.001444085,0.01929892,0.0006815625,0.001136165,2.034261E-07,1.329736E-09,0.004952984,0.02850673,1.735053E-15,1.467567E-17,9.612787E-19,7.115871E-20,4.559836E-19,7.604045E-21,8.886204E-10,4.347513E-13,6.921396E-19,4.362506E-20,1.521882E-21,1.47462E-23,8.356095E-23,3.188342E-28,1.123074E-29,3.639768E-35,1.250088E-37,5.636463E-20,7.88667E-21,3.578545E-27,1.269113E-28,1.738892E-26,1.191007E-25,4.65846E-12,4.47989E-24,6398038,1.485541,52762030,1560.302
0.014,1,2374.769,1.349289,0.9436251,1.796913E-22,0,7.696159E-05,0.0003281309,0.001413654,0.01927264,0.0006775025,0.001143914,2.00215E-07,1.305036E-09,0.004871278,0.0285906,1.715023E-15,1.411909E-17,9.342619E-19,6.920535E-20,4.380228E-19,7.353873E-21,8.51696E-10,4.225236E-13,6.544355E-19,4.112226E-20,1.451893E-21,1.434542E-23,8.127342E-23,2.998276E-28,1.053756E-29,3.304311E-35,1.142762E-37,5.496856E-20,7.66615E-21,3.372923E-27,1.156506E-28,1.642619E-26,1.126056E-25,4.581159E-12,4.358781E-24,6398340,1.48546,52762300,1534.364
0.0144,1,2376.564,1.350226,0.9436832,1.797024E-22,0,7.600309E-05,0.0003194436,0.001384879,0.01924749,0.0006735489,0.001151301,1.971658E-07,1.281541E-09,0.004793359,0.02867058,1.695095E-15,1.360064E-17,9.086543E-19,6.735121E-20,4.213598E-19,7.120643E-21,8.174134E-10,4.109796E-13,6.198837E-19,3.88353E-20,1.387105E-21,1.396016E-23,7.90894E-23,2.824387E-28,9.908745E-30,3.009794E-35,1.047896E-37,5.363452E-20,7.458631E-21,3.185484E-27,1.05749E-28,1.554659E-26,1.066751E-25,4.510414E-12,4.243836E-24,6398628,1.485383,52762560,1509.634
0.0148,1,2378.272,1.351117,0.9437385,1.797129E-22,0,7.50787E-05,0.000311251,0.001357637,0.01922341,0.0006697,0.001158348,1.942677E-07,1.259172E-09,0.004718985,0.02874692,1.675327E-15,1.311704E-17,8.843721E-19,6.559061E-20,4.058702E-19,6.902781E-21,7.855282E-10,4.000692E-13,5.881529E-19,3.674087E-20,1.327032E-21,1.359009E-23,7.700409E-23,2.664996E-28,9.336755E-30,2.750219E-35,9.63739E-38,5.235946E-20,7.263073E-21,3.014189E-27,9.700788E-29,1.474096E-26,1.012479E-25,4.445513E-12,4.134714E-24,6398903,1.48531,52762790,1486.034
0.0152,1,2379.9,1.351967,0.9437912,1.797229E-22,0,7.418703E-05,0.0003035153,0.001331813,0.01920033,0.0006659538,0.001165078,1.915109E-07,1.237857E-09,0.004647933,0.02881984,1.655769E-15,1.266534E-17,8.613362E-19,6.391817E-20,3.914441E-19,6.6989E-21,7.558232E-10,3.897467E-13,5.589535E-19,3.481865E-20,1.271239E-21,1.323479E-23,7.501277E-23,2.518628E-28,8.815097E-30,2.520601E-35,8.888265E-38,5.114046E-20,7.078542E-21,2.857274E-27,8.926239E-29,1.400139E-26,9.62703E-26,4.385834E-12,4.03109E-24,6399165,1.48524,52763000,1463.493
0.0156,1,2381.452,1.352777,0.9438414,1.797325E-22,0,7.332676E-05,0.0002962022,0.001307306,0.01917821,0.0006623083,0.001171511,1.888863E-07,1.21753E-09,0.004580001,0.02888955,1.636459E-15,1.22429E-17,8.394723E-19,6.232882E-20,3.779845E-19,6.507772E-21,7.281056E-10,3.799706E-13,5.320313E-19,3.305088E-20,1.219343E-21,1.289381E-23,7.311091E-23,2.383982E-28,8.33817E-30,2.316777E-35,8.219258E-38,4.997473E-20,6.904194E-21,2.713206E-27,8.237473E-29,1.332095E-26,9.16955E-26,4.330834E-12,3.932652E-24,6399416,1.485174,52763200,1441.946
0.016,1,2382.934,1.35355,0.9438893,1.797416E-22,0,7.24966E-05,0.0002892809,0.001284024,0.01915699,0.000658761,0.001177664,1.863854E-07,1.198129E-09,0.004514999,0.02895625,1.61743E-15,1.184732E-17,8.187104E-19,6.081775E-20,3.654055E-19,6.328307E-21,7.022032E-10,3.707032E-13,5.071626E-19,3.142198E-20,1.170999E-21,1.25667E-23,7.129411E-23,2.259909E-28,7.901122E-30,2.135252E-35,7.619951E-38,4.885961E-20,6.739271E-21,2.580648E-27,7.622926E-29,1.269361E-26,8.748241E-26,4.280036E-12,3.839106E-24,6399655,1.48511,52763380,1421.333
0.0164,1,2384.35,1.354288,0.9439352,1.797504E-22,0,7.169533E-05,0.0002827232,0.001261882,0.01913662,0.0006553098,0.001183555,1.840007E-07,1.179597E-09,0.004452758,0.02902012,1.598709E-15,1.147643E-17,7.98985E-19,5.938046E-20,3.536305E-19,6.159532E-21,6.779622E-10,3.619098E-13,4.841499E-19,2.991825E-20,1.125901E-21,1.225294E-23,6.955818E-23,2.145389E-28,7.499733E-30,1.97308E-35,7.081505E-38,4.779257E-20,6.583086E-21,2.45843E-27,7.072844E-29,1.211409E-26,8.35949E-26,4.233024E-12,3.750169E-24,6399885,1.48505,52763550,1401.599
0.0168,1,2385.703,1.354994,0.943979,1.797587E-22,0,7.092175E-05,0.0002765037,0.001240803,0.01911705,0.0006519522,0.001189198,1.817251E-07,1.161884E-09,0.004393117,0.02908131,1.580315E-15,1.112829E-17,7.802347E-19,5.801271E-20,3.425915E-19,6.000582E-21,6.552445E-10,3.535588E-13,4.628185E-19,2.852758E-20,1.083772E-21,1.195205E-23,6.789907E-23,2.039521E-28,7.130319E-30,1.827765E-35,6.596384E-38,4.677119E-20,6.435015E-21,2.345526E-27,6.578966E-29,1.157772E-26,8.00011E-26,4.189429E-12,3.665577E-24,6400104,1.484991,52763710,1382.692
0.0172,1,2386.998,1.355669,0.9440209,1.797667E-22,0,7.017473E-05,0.0002705989,0.001220718,0.01909825,0.0006486858,0.001194609,1.79552E-07,1.144941E-09,0.004335929,0.02913999,1.562267E-15,1.080112E-17,7.62402E-19,5.67105E-20,3.322274E-19,5.850676E-21,6.339263E-10,3.456212E-13,4.430132E-19,2.723928E-20,1.044366E-21,1.166351E-23,6.631294E-23,1.941501E-28,6.789655E-30,1.697185E-35,6.158141E-38,4.579319E-20,6.294493E-21,2.241032E-27,6.134263E-29,1.10804E-26,7.667287E-26,4.148924E-12,3.585081E-24,6400314,1.484936,52763860,1364.566
0.0176,1,2388.238,1.356316,0.944061,1.797744E-22,0,6.945319E-05,0.0002649878,0.001201563,0.01908018,0.0006455083,0.001199799,1.774754E-07,1.128724E-09,0.00428106,0.02919628,1.544576E-15,1.049332E-17,7.45433E-19,5.547011E-20,3.224837E-19,5.709118E-21,6.138959E-10,3.380704E-13,4.24596E-19,2.604386E-20,1.007459E-21,1.138683E-23,6.479612E-23,1.850613E-28,6.474905E-30,1.579526E-35,5.761237E-38,4.48564E-20,6.161003E-21,2.14415E-27,5.732734E-29,1.061849E-26,7.358526E-26,4.111223E-12,3.508444E-24,6400516,1.484883,52764000,1347.178
0.018,1,2389.426,1.356935,0.9440994,1.797817E-22,0,6.875609E-05,0.0002596509,0.00118328,0.01906279,0.0006424172,0.001204781,1.754898E-07,1.113191E-09,0.004228383,0.02925032,1.527251E-15,1.020342E-17,7.292774E-19,5.428803E-20,3.133113E-19,5.575276E-21,5.950528E-10,3.308819E-13,4.07444E-19,2.493289E-20,9.728511E-22,1.112151E-23,6.334514E-23,1.766217E-28,6.183572E-30,1.473236E-35,5.400897E-38,4.395876E-20,6.034075E-21,2.054172E-27,5.36923E-29,1.018877E-26,7.071613E-26,4.076067E-12,3.435445E-24,6400709,1.484831,52764130,1330.488
0.0184,1,2390.566,1.357529,0.9441363,1.797887E-22,0,6.808245E-05,0.0002545704,0.001165814,0.01904605,0.0006394102,0.001209567,1.735898E-07,1.098304E-09,0.004177781,0.02930223,1.510299E-15,9.930091E-18,7.13888E-19,5.316097E-20,3.046658E-19,5.448581E-21,5.773058E-10,3.240331E-13,3.914472E-19,2.389883E-20,9.403605E-22,1.086707E-23,6.195669E-23,1.687741E-28,5.913445E-30,1.376978E-35,5.072991E-38,4.309835E-20,5.913278E-21,1.970472E-27,5.039323E-29,9.788368E-27,6.804577E-26,4.043231E-12,3.365877E-24,6400895,1.484782,52764250,1314.457
0.0188,1,2391.659,1.358099,0.9441717,1.797955E-22,0,6.74313E-05,0.00024973,0.001149116,0.01902994,0.0006364849,0.001214166,1.717708E-07,1.084029E-09,0.004129145,0.02935212,1.493724E-15,9.672132E-18,6.99221E-19,5.208583E-20,2.965073E-19,5.32852E-21,5.605725E-10,3.175032E-13,3.765071E-19,2.293498E-20,9.098232E-22,1.062304E-23,6.062762E-23,1.614672E-28,5.662567E-30,1.289599E-35,4.773937E-38,4.227332E-20,5.798219E-21,1.892491E-27,4.739188E-29,9.414726E-27,6.555659E-26,4.01251E-12,3.299545E-24,6401073,1.484735,52764360,1299.051
0.0192,1,2392.708,1.358646,0.9442057,1.798019E-22,0,6.680176E-05,0.0002451148,0.001133142,0.01901442,0.0006336391,0.001218589,1.700282E-07,1.070331E-09,0.004082375,0.02940009,1.477527E-15,9.428436E-18,6.852349E-19,5.105975E-20,2.887997E-19,5.214623E-21,5.44778E-10,3.11273E-13,3.625354E-19,2.203532E-20,8.810901E-22,1.038896E-23,5.935498E-23,1.546551E-28,5.429197E-30,1.2101E-35,4.500612E-38,4.148193E-20,5.688535E-21,1.81973E-27,4.465509E-29,9.065554E-27,6.323288E-26,3.983723E-12,3.236266E-24,6401244,1.48469,52764460,1284.239
0.0196,1,2393.716,1.359171,0.9442383,1.798081E-22,0,6.619296E-05,0.0002407108,0.001117848,0.01899946,0.0006308704,0.001222845,1.68358E-07,1.057181E-09,0.004037375,0.02944625,1.46171E-15,9.197994E-18,6.718915E-19,5.008E-20,2.815101E-19,5.106466E-21,5.298543E-10,3.053247E-13,3.494524E-19,2.119444E-20,8.540262E-22,1.01644E-23,5.813593E-23,1.482962E-28,5.211786E-30,1.137612E-35,4.250292E-38,4.072254E-20,5.583894E-21,1.751744E-27,4.215405E-29,8.738804E-27,6.106055E-26,3.956706E-12,3.175869E-24,6401409,1.484647,52764560,1269.989
0.02,1,2394.685,1.359676,0.9442696,1.798141E-22,0,6.560408E-05,0.0002365053,0.001103196,0.01898504,0.0006281766,0.001226942,1.667562E-07,1.04455E-09,0.003994058,0.02949068,1.446269E-15,8.979884E-18,6.591546E-19,4.914405E-20,2.746088E-19,5.003661E-21,5.157394E-10,2.996419E-13,3.371866E-19,2.04075E-20,8.285084E-22,9.948923E-24,5.696783E-23,1.423531E-28,5.008947E-30,1.071379E-35,4.020592E-38,3.99936E-20,5.48399E-21,1.688131E-27,3.986362E-29,8.432631E-27,5.902697E-26,3.931315E-12,3.118194E-24,6401568,1.484605,52764650,1256.274
0.0204,1,2395.616,1.360162,0.9442998,1.798199E-22,0,6.503433E-05,0.0002324867,0.001089151,0.01897114,0.0006255556,0.001230887,1.652192E-07,1.032411E-09,0.003952342,0.02953346,1.431204E-15,8.77326E-18,6.469905E-19,4.824951E-20,2.680685E-19,4.905854E-21,5.023766E-10,2.942094E-13,3.256732E-19,1.967012E-20,8.044247E-22,9.742129E-24,5.584815E-23,1.367923E-28,4.81944E-30,1.01074E-35,3.809414E-38,3.929364E-20,5.388539E-21,1.628534E-27,3.776183E-29,8.145377E-27,5.712077E-26,3.907416E-12,3.063089E-24,6401720,1.484565,52764730,1243.068
0.0208,1,2396.512,1.360629,0.9443288,1.798254E-22,0,6.448298E-05,0.0002286439,0.001075678,0.01895772,0.0006230054,0.001234689,1.637436E-07,1.020739E-09,0.003912149,0.02957469,1.416511E-15,8.577348E-18,6.353677E-19,4.739416E-20,2.618645E-19,4.812721E-21,4.897143E-10,2.890129E-13,3.148537E-19,1.897836E-20,7.816729E-22,9.543624E-24,5.477451E-23,1.315831E-28,4.642152E-30,9.551159E-36,3.614915E-38,3.862127E-20,5.297282E-21,1.572628E-27,3.582941E-29,7.875547E-27,5.53317E-26,3.884893E-12,3.010414E-24,6401867,1.484526,52764810,1230.345
0.0212,1,2397.375,1.361078,0.9443567,1.798307E-22,0,6.39493E-05,0.0002249671,0.001062747,0.01894477,0.0006205237,0.001238353,1.623263E-07,1.009511E-09,0.003873408,0.02961442,1.402185E-15,8.391436E-18,6.242567E-19,4.65759E-20,2.559741E-19,4.723964E-21,4.777052E-10,2.840393E-13,3.04675E-19,1.832864E-20,7.601594E-22,9.353035E-24,5.374466E-23,1.266979E-28,4.476082E-30,9.039969E-36,3.435464E-38,3.797519E-20,5.209975E-21,1.520121E-27,3.404938E-29,7.621789E-27,5.365052E-26,3.863637E-12,2.960038E-24,6402009,1.484489,52764890,1218.084
0.0216,1,2398.206,1.361511,0.9443836,1.798358E-22,0,6.343262E-05,0.0002214467,0.001050329,0.01893227,0.0006181088,0.001241887,1.609644E-07,9.987048E-10,0.003836049,0.02965273,1.388221E-15,8.21487E-18,6.136297E-19,4.579277E-20,2.503767E-19,4.63931E-21,4.663057E-10,2.792763E-13,2.950889E-19,1.771773E-20,7.397988E-22,9.170002E-24,5.275646E-23,1.221118E-28,4.320328E-30,8.569346E-36,3.26962E-38,3.735415E-20,5.126397E-21,1.47075E-27,3.240681E-29,7.382877E-27,5.206886E-26,3.843553E-12,2.911835E-24,6402145,1.484454,52764960,1206.261
0.022,1,2399.006,1.361928,0.9444095,1.798408E-22,0,6.293229E-05,0.0002180741,0.001038397,0.01892019,0.0006157585,0.001245297,1.596551E-07,9.883003E-10,0.003800011,0.02968969,1.374613E-15,8.047047E-18,6.03461E-19,4.504292E-20,2.450531E-19,4.558509E-21,4.554761E-10,2.747126E-13,2.860517E-19,1.71427E-20,7.205128E-22,8.994184E-24,5.18079E-23,1.178018E-28,4.174077E-30,8.135327E-36,3.116104E-38,3.675698E-20,5.046338E-21,1.424275E-27,3.088846E-29,7.157701E-27,5.057915E-26,3.824551E-12,2.86569E-24,6402277,1.484419,52765020,1194.857
0.0224,1,2399.777,1.36233,0.9444345,1.798455E-22,0,6.244769E-05,0.0002148413,0.001026926,0.01890853,0.0006134711,0.001248588,1.583958E-07,9.782783E-10,0.003765232,0.02972535,1.361356E-15,7.887414E-18,5.937261E-19,4.432462E-20,2.39986E-19,4.481329E-21,4.451798E-10,2.703374E-13,2.775235E-19,1.660089E-20,7.022293E-22,8.825254E-24,5.089709E-23,1.137474E-28,4.03659E-30,7.734402E-36,2.973779E-38,3.618257E-20,4.969607E-21,1.380479E-27,2.948263E-29,6.945251E-27,4.917449E-26,3.806554E-12,2.821494E-24,6402404,1.484386,52765080,1183.854
0.0228,1,2400.521,1.362718,0.9444585,1.798501E-22,0,6.197822E-05,0.0002117408,0.001015894,0.01889725,0.0006112447,0.001251766,1.571841E-07,9.686206E-10,0.003731658,0.02975978,1.348442E-15,7.735458E-18,5.844024E-19,4.363625E-20,2.351591E-19,4.407556E-21,4.353828E-10,2.66141E-13,2.694679E-19,1.608985E-20,6.848823E-22,8.662902E-24,5.002221E-23,1.099297E-28,3.907201E-30,7.363458E-36,2.841632E-38,3.562987E-20,4.896023E-21,1.339165E-27,2.817889E-29,6.744607E-27,4.784865E-26,3.789488E-12,2.779146E-24,6402526,1.484354,52765140,1173.232
0.0232,1,2401.239,1.363091,0.9444817,1.798545E-22,0,6.152333E-05,0.0002087655,0.001005277,0.01888635,0.0006090775,0.001254835,1.560177E-07,9.593105E-10,0.003699233,0.02979303,1.335866E-15,7.590705E-18,5.754684E-19,4.297628E-20,2.305578E-19,4.336992E-21,4.260543E-10,2.621139E-13,2.618516E-19,1.560738E-20,6.684109E-22,8.50683E-24,4.918157E-23,1.063314E-28,3.785304E-30,7.019726E-36,2.718756E-38,3.50979E-20,4.82542E-21,1.300155E-27,2.696799E-29,6.55493E-27,4.659593E-26,3.773288E-12,2.738548E-24,6402644,1.484323,52765200,1162.975
0.0236,1,2401.931,1.363452,0.9445042,1.798588E-22,0,6.108248E-05,0.0002059089,0.000995057,0.01887581,0.0006069679,0.0012578,1.548945E-07,9.503319E-10,0.00366791,0.02982514,1.32362E-15,7.452718E-18,5.669041E-19,4.234326E-20,2.261684E-19,4.269455E-21,4.171654E-10,2.582474E-13,2.546442E-19,1.515146E-20,6.527592E-22,8.356757E-24,4.837356E-23,1.029369E-28,3.670346E-30,6.700737E-36,2.604344E-38,3.458571E-20,4.757642E-21,1.263282E-27,2.584166E-29,6.375456E-27,4.541112E-26,3.757894E-12,2.699612E-24,6402759,1.484293,52765250,1153.068
0.024,1,2402.599,1.3638,0.9445258,1.798629E-22,0,6.065515E-05,0.000203165,0.0009852132,0.01886562,0.0006049141,0.001260667,1.538124E-07,9.416699E-10,0.00363764,0.02985618,1.311697E-15,7.321093E-18,5.586906E-19,4.173586E-20,2.219782E-19,4.204775E-21,4.086895E-10,2.545336E-13,2.478179E-19,1.472024E-20,6.378755E-22,8.212413E-24,4.759666E-23,9.973164E-29,3.561827E-30,6.404285E-36,2.497668E-38,3.409241E-20,4.692543E-21,1.2284E-27,2.479249E-29,6.205483E-27,4.42895E-26,3.74325E-12,2.662253E-24,6402869,1.484264,52765300,1143.495
0.0244,1,2403.245,1.364136,0.9445467,1.798669E-22,0,6.024084E-05,0.000200528,0.0009757283,0.01885575,0.0006029146,0.001263438,1.527696E-07,9.333103E-10,0.003608378,0.02988618,1.300089E-15,7.195454E-18,5.508103E-19,4.11528E-20,2.179755E-19,4.142794E-21,4.006021E-10,2.509647E-13,2.41347E-19,1.431201E-20,6.237119E-22,8.073544E-24,4.684942E-23,9.670255E-29,3.459287E-30,6.128398E-36,2.398077E-38,3.361717E-20,4.629987E-21,1.195369E-27,2.381386E-29,6.044369E-27,4.322672E-26,3.729307E-12,2.626391E-24,6402976,1.484236,52765340,1134.241
0.0248,1,2403.868,1.364461,0.9445669,1.798707E-22,0,5.983909E-05,0.0001979926,0.0009665854,0.01884621,0.0006009677,0.001266118,1.517642E-07,9.252399E-10,0.003580084,0.02991519,1.28879E-15,7.075453E-18,5.432465E-19,4.059288E-20,2.141494E-19,4.083366E-21,3.928805E-10,2.475336E-13,2.352082E-19,1.392524E-20,6.102245E-22,7.939905E-24,4.613048E-23,9.383753E-29,3.362308E-30,5.871306E-36,2.304982E-38,3.315917E-20,4.569847E-21,1.164065E-27,2.289982E-29,5.891524E-27,4.221881E-26,3.716019E-12,2.591952E-24,6403079,1.484209,52765380,1125.294
0.0252,1,2404.471,1.364775,0.9445864,1.798744E-22,0,5.944945E-05,0.0001955538,0.0009577687,0.01883697,0.0005990721,0.001268711,1.507947E-07,9.17446E-10,0.003552716,0.02994325,1.277792E-15,6.960766E-18,5.359835E-19,4.005498E-20,2.1049E-19,4.026355E-21,3.855034E-10,2.442337E-13,2.293797E-19,1.355849E-20,5.973723E-22,7.811267E-24,4.543856E-23,9.112548E-29,3.270507E-30,5.631419E-36,2.217856E-38,3.271767E-20,4.512004E-21,1.134373E-27,2.204501E-29,5.746409E-27,4.126211E-26,3.703343E-12,2.558866E-24,6403178,1.484183,52765420,1116.641
0.0256,1,2405.053,1.365078,0.9446052,1.79878E-22,0,5.907149E-05,0.0001932069,0.0009492634,0.01882802,0.0005972261,0.00127122,1.498593E-07,9.099168E-10,0.003526237,0.0299704,1.267088E-15,6.851093E-18,5.290067E-19,3.953804E-20,2.06988E-19,3.971633E-21,3.784513E-10,2.410585E-13,2.238418E-19,1.321045E-20,5.851176E-22,7.687407E-24,4.477242E-23,8.85562E-29,3.183533E-30,5.407307E-36,2.136219E-38,3.229195E-20,4.456346E-21,1.106187E-27,2.124462E-29,5.608523E-27,4.035328E-26,3.691241E-12,2.527066E-24,6403275,1.484158,52765460,1108.27
0.026,1,2405.616,1.365372,0.9446234,1.798815E-22,0,5.870479E-05,0.0001909475,0.0009410555,0.01881935,0.0005954284,0.001273649,1.489566E-07,9.02641E-10,0.003500612,0.02999667,1.25667E-15,6.746154E-18,5.223021E-19,3.904105E-20,2.036345E-19,3.919083E-21,3.71706E-10,2.380022E-13,2.185759E-19,1.287991E-20,5.734251E-22,7.568118E-24,4.413092E-23,8.612028E-29,3.101063E-30,5.197678E-36,2.05964E-38,3.188132E-20,4.402769E-21,1.07941E-27,2.049428E-29,5.47741E-27,3.948924E-26,3.679677E-12,2.496491E-24,6403368,1.484134,52765500,1100.169
0.0264,1,2406.161,1.365655,0.9446411,1.798848E-22,0,5.834896E-05,0.0001887715,0.0009331318,0.01881095,0.0005936777,0.001276001,1.480852E-07,8.95608E-10,0.003475805,0.0300221,1.246531E-15,6.645689E-18,5.158567E-19,3.856307E-20,2.004216E-19,3.868593E-21,3.652503E-10,2.350592E-13,2.135653E-19,1.256576E-20,5.622624E-22,7.4532E-24,4.351295E-23,8.380908E-29,3.022802E-30,5.001368E-36,1.987725E-38,3.148515E-20,4.351173E-21,1.053952E-27,1.979006E-29,5.352644E-27,3.866715E-26,3.668619E-12,2.467082E-24,6403458,1.48411,52765530,1092.327
0.0268,1,2406.688,1.36593,0.9446581,1.798881E-22,0,5.800363E-05,0.0001866749,0.0009254799,0.01880282,0.0005919725,0.001278279,1.472437E-07,8.888078E-10,0.003451786,0.03004673,1.236664E-15,6.549454E-18,5.096582E-19,3.810321E-20,1.973417E-19,3.82006E-21,3.590686E-10,2.322243E-13,2.087941E-19,1.226698E-20,5.515991E-22,7.342465E-24,4.291748E-23,8.161462E-29,2.948476E-30,4.817322E-36,1.92012E-38,3.110281E-20,4.301467E-21,1.029731E-27,1.912838E-29,5.233836E-27,3.788439E-26,3.658035E-12,2.438784E-24,6403546,1.484087,52765560,1084.735
0.0272,1,2407.198,1.366195,0.9446746,1.798912E-22,0,5.766843E-05,0.0001846542,0.000918088,0.01879493,0.0005903116,0.001280486,1.464309E-07,8.822307E-10,0.003428523,0.03007058,1.227061E-15,6.457224E-18,5.036949E-19,3.766063E-20,1.943877E-19,3.773386E-21,3.53146E-10,2.294924E-13,2.04248E-19,1.19826E-20,5.414071E-22,7.235731E-24,4.234351E-23,7.952953E-29,2.877835E-30,4.644585E-36,1.8565E-38,3.073373E-20,4.253562E-21,1.006669E-27,1.850601E-29,5.120623E-27,3.713855E-26,3.647899E-12,2.411545E-24,6403630,1.484065,52765590,1077.383
0.0276,1,2407.691,1.366452,0.9446906,1.798943E-22,0,5.734301E-05,0.0001827059,0.0009109451,0.01878729,0.0005886938,0.001282624,1.456456E-07,8.758679E-10,0.003405987,0.03009368,1.217717E-15,6.368786E-18,4.979559E-19,3.723454E-20,1.915532E-19,3.728482E-21,3.474689E-10,2.26859E-13,1.999135E-19,1.171176E-20,5.3166E-22,7.132829E-24,4.179013E-23,7.754698E-29,2.810647E-30,4.48229E-36,1.796571E-38,3.037736E-20,4.207378E-21,9.846977E-28,1.792E-29,5.012672E-27,3.642738E-26,3.638185E-12,2.385315E-24,6403712,1.484044,52765620,1070.261
0.028,1,2408.169,1.366701,0.9447061,1.798972E-22,0,5.702704E-05,0.0001808267,0.0009040407,0.01877988,0.0005871177,0.001284696,1.448865E-07,8.697106E-10,0.003384151,0.03011606,1.208624E-15,6.283942E-18,4.924308E-19,3.682418E-20,1.888319E-19,3.685261E-21,3.420242E-10,2.243197E-13,1.957781E-19,1.145364E-20,5.223335E-22,7.033595E-24,4.125643E-23,7.566068E-29,2.746699E-30,4.32965E-36,1.740065E-38,3.003317E-20,4.162836E-21,9.637502E-28,1.736768E-29,4.909671E-27,3.574883E-26,3.628867E-12,2.360049E-24,6403791,1.484023,52765650,1063.36
0.0284,1,2408.632,1.366942,0.944721,1.799001E-22,0,5.672021E-05,0.0001790135,0.0008973649,0.01877269,0.0005855824,0.001286705,1.441527E-07,8.637507E-10,0.003362988,0.03013776,1.199775E-15,6.202507E-18,4.871099E-19,3.642884E-20,1.862182E-19,3.643644E-21,3.368001E-10,2.218702E-13,1.918303E-19,1.120749E-20,5.134047E-22,6.937874E-24,4.074157E-23,7.386479E-29,2.685791E-30,4.185945E-36,1.686735E-38,2.970065E-20,4.119864E-21,9.437663E-28,1.68466E-29,4.811333E-27,3.510097E-26,3.619925E-12,2.335702E-24,6403868,1.484003,52765670,1056.673
0.0288,1,2409.08,1.367175,0.9447355,1.799028E-22,0,5.64222E-05,0.0001772635,0.0008909082,0.01876572,0.0005840866,0.001288653,1.434432E-07,8.579806E-10,0.003342473,0.03015879,1.191163E-15,6.124308E-18,4.819839E-19,3.604786E-20,1.837066E-19,3.603555E-21,3.317851E-10,2.195066E-13,1.880593E-19,1.09726E-20,5.048522E-22,6.84552E-24,4.024477E-23,7.215388E-29,2.627742E-30,4.050523E-36,1.636359E-38,2.937934E-20,4.078392E-21,9.246899E-28,1.635453E-29,4.71739E-27,3.448203E-26,3.611338E-12,2.312234E-24,6403943,1.483984,52765690,1050.191
0.0292,1,2409.515,1.367402,0.9447496,1.799055E-22,0,5.613273E-05,0.0001755739,0.0008846618,0.01875896,0.0005826292,0.001290542,1.427568E-07,8.523927E-10,0.003322582,0.03017918,1.182783E-15,6.049182E-18,4.770441E-19,3.56806E-20,1.812921E-19,3.564924E-21,3.269689E-10,2.172253E-13,1.844552E-19,1.074833E-20,4.966562E-22,6.756391E-24,3.976525E-23,7.052293E-29,2.572382E-30,3.922787E-36,1.588731E-38,2.906878E-20,4.038355E-21,9.064688E-28,1.588944E-29,4.627594E-27,3.389036E-26,3.603086E-12,2.289605E-24,6404015,1.483965,52765720,1043.907
0.0296,1,2409.936,1.367621,0.9447632,1.799081E-22,0,5.585151E-05,0.0001739421,0.0008786172,0.0187524,0.0005812092,0.001292374,1.420928E-07,8.469802E-10,0.003303292,0.03019895,1.174628E-15,5.976977E-18,4.722822E-19,3.532645E-20,1.7897E-19,3.527683E-21,3.223413E-10,2.150227E-13,1.810086E-19,1.053407E-20,4.88798E-22,6.670354E-24,3.93023E-23,6.896728E-29,2.519552E-30,3.80219E-36,1.543662E-38,2.876854E-20,3.999693E-21,8.890545E-28,1.544944E-29,4.541714E-27,3.332442E-26,3.595152E-12,2.267778E-24,6404085,1.483947,52765740,1037.813
0.03,1,2410.344,1.367833,0.9447764,1.799106E-22,0,5.557827E-05,0.0001723657,0.0008727664,0.01874603,0.0005798255,0.001294152,1.414502E-07,8.417364E-10,0.003284583,0.03021813,1.166691E-15,5.90755E-18,4.676904E-19,3.498485E-20,1.767358E-19,3.491771E-21,3.178933E-10,2.128954E-13,1.777108E-19,1.032926E-20,4.812602E-22,6.587283E-24,3.885522E-23,6.748257E-29,2.469108E-30,3.688234E-36,1.500979E-38,2.847821E-20,3.962346E-21,8.724018E-28,1.503284E-29,4.459533E-27,3.278278E-26,3.58752E-12,2.246719E-24,6404153,1.483929,52765760,1031.902
0.0304,1,2410.74,1.368039,0.9447892,1.799131E-22,0,5.531275E-05,0.0001708424,0.0008671018,0.01873985,0.0005784771,0.001295877,1.408282E-07,8.366549E-10,0.003266431,0.03023673,1.158967E-15,5.840765E-18,4.632613E-19,3.465525E-20,1.745853E-19,3.457128E-21,3.136159E-10,2.108403E-13,1.745538E-19,1.013337E-20,4.740265E-22,6.507055E-24,3.842338E-23,6.606477E-29,2.420912E-30,3.58046E-36,1.460525E-38,2.81974E-20,3.926259E-21,8.564686E-28,1.463806E-29,4.38085E-27,3.226412E-26,3.580173E-12,2.226393E-24,6404219,1.483912,52765780,1026.168
0.0308,1,2411.123,1.368239,0.9448017,1.799154E-22,0,5.50547E-05,0.0001693699,0.0008616161,0.01873385,0.0005771631,0.001297551,1.402259E-07,8.317296E-10,0.003248819,0.03025479,1.15145E-15,5.776498E-18,4.589879E-19,3.433715E-20,1.725147E-19,3.423697E-21,3.095011E-10,2.088545E-13,1.7153E-19,9.945921E-21,4.670814E-22,6.429557E-24,3.800614E-23,6.471012E-29,2.374839E-30,3.478448E-36,1.422152E-38,2.792574E-20,3.891381E-21,8.412158E-28,1.426366E-29,4.305479E-27,3.176719E-26,3.573097E-12,2.206771E-24,6404283,1.483896,52765800,1020.605
0.0312,1,2411.495,1.368433,0.9448137,1.799177E-22,0,5.480389E-05,0.0001679462,0.0008563025,0.01872802,0.0005758825,0.001299176,1.396428E-07,8.269549E-10,0.003231727,0.0302723,1.144134E-15,5.714628E-18,4.548635E-19,3.403006E-20,1.705201E-19,3.391426E-21,3.055412E-10,2.06935E-13,1.686324E-19,9.766449E-21,4.604106E-22,6.354677E-24,3.760292E-23,6.34151E-29,2.330771E-30,3.381812E-36,1.385726E-38,2.766288E-20,3.857661E-21,8.266067E-28,1.390831E-29,4.233243E-27,3.129084E-26,3.56628E-12,2.187821E-24,6404345,1.483879,52765810,1015.207
0.0316,1,2411.856,1.368621,0.9448254,1.799199E-22,0,5.456007E-05,0.0001665693,0.0008511544,0.01872237,0.0005746345,0.001300754,1.390779E-07,8.223251E-10,0.003215137,0.03028931,1.137014E-15,5.655045E-18,4.508817E-19,3.373351E-20,1.685981E-19,3.360266E-21,3.017287E-10,2.050791E-13,1.658543E-19,9.594532E-21,4.540006E-22,6.282311E-24,3.721315E-23,6.217645E-29,2.288597E-30,3.290198E-36,1.351124E-38,2.740848E-20,3.825052E-21,8.126071E-28,1.357078E-29,4.163979E-27,3.083398E-26,3.559708E-12,2.169516E-24,6404405,1.483864,52765830,1009.967
0.032,1,2412.207,1.368803,0.9448367,1.799221E-22,0,5.432303E-05,0.0001652373,0.0008461656,0.01871687,0.000573418,0.001302286,1.385306E-07,8.178351E-10,0.003199031,0.03030582,1.130083E-15,5.597641E-18,4.470367E-19,3.344707E-20,1.667455E-19,3.330169E-21,2.98057E-10,2.032843E-13,1.631895E-19,9.429769E-21,4.478388E-22,6.212359E-24,3.683631E-23,6.099109E-29,2.248216E-30,3.203278E-36,1.318229E-38,2.71622E-20,3.79351E-21,7.991851E-28,1.324995E-29,4.097532E-27,3.039561E-26,3.55337E-12,2.15183E-24,6404464,1.483849,52765840,1004.88
0.0324,1,2412.546,1.36898,0.9448477,1.799242E-22,0,5.409255E-05,0.0001639484,0.0008413301,0.01871154,0.0005722323,0.001303775,1.380004E-07,8.134798E-10,0.003183392,0.03032185,1.123337E-15,5.542318E-18,4.433228E-19,3.317033E-20,1.64959E-19,3.301089E-21,2.945195E-10,2.015482E-13,1.606323E-19,9.271788E-21,4.41913E-22,6.144727E-24,3.647187E-23,5.985619E-29,2.209531E-30,3.12075E-36,1.286937E-38,2.692376E-20,3.762992E-21,7.863106E-28,1.294477E-29,4.03376E-27,2.997477E-26,3.547254E-12,2.134736E-24,6404520,1.483834,52765860,999.9417
0.0328,1,2412.876,1.369152,0.9448584,1.799262E-22,0,5.386843E-05,0.000162701,0.0008366423,0.01870635,0.0005710766,0.00130522,1.374864E-07,8.092544E-10,0.003168206,0.03033741,1.11677E-15,5.488982E-18,4.397344E-19,3.290288E-20,1.632359E-19,3.272985E-21,2.911102E-10,1.998685E-13,1.581773E-19,9.12024E-21,4.362122E-22,6.079323E-24,3.611936E-23,5.876905E-29,2.172453E-30,3.042337E-36,1.257149E-38,2.669284E-20,3.733458E-21,7.739558E-28,1.265428E-29,3.972528E-27,2.957058E-26,3.541351E-12,2.11821E-24,6404575,1.48382,52765870,995.1461
0.0332,1,2413.197,1.369318,0.9448688,1.799282E-22,0,5.365048E-05,0.0001614934,0.0008320967,0.01870131,0.00056995,0.001306624,1.369882E-07,8.051543E-10,0.003153456,0.03035253,1.110378E-15,5.437544E-18,4.362666E-19,3.264435E-20,1.615732E-19,3.245817E-21,2.878233E-10,1.982428E-13,1.558193E-19,8.974797E-21,4.307257E-22,6.01606E-24,3.577831E-23,5.772719E-29,2.136899E-30,2.967781E-36,1.228775E-38,2.646918E-20,3.704869E-21,7.620944E-28,1.237759E-29,3.913708E-27,2.918221E-26,3.53565E-12,2.10223E-24,6404629,1.483806,52765880,990.4886
0.0336,1,2413.508,1.36948,0.9448788,1.799301E-22,0,5.343848E-05,0.0001603241,0.0008276883,0.01869642,0.0005688517,0.001307989,1.365052E-07,8.011752E-10,0.003139129,0.03036721,1.104156E-15,5.387921E-18,4.329143E-19,3.239439E-20,1.599685E-19,3.219547E-21,2.846534E-10,1.966693E-13,1.535536E-19,8.835152E-21,4.254436E-22,5.954856E-24,3.544827E-23,5.672825E-29,2.10279E-30,2.896844E-36,1.20173E-38,2.625249E-20,3.677189E-21,7.507016E-28,1.211387E-29,3.857182E-27,2.880888E-26,3.530142E-12,2.086774E-24,6404681,1.483792,52765900,985.9646
0.034,1,2413.809,1.369637,0.9448886,1.79932E-22,0,5.323228E-05,0.0001591916,0.000823412,0.01869166,0.0005677811,0.001309315,1.360368E-07,7.973129E-10,0.003125209,0.03038148,1.098098E-15,5.340033E-18,4.296731E-19,3.215265E-20,1.584191E-19,3.194137E-21,2.815953E-10,1.951457E-13,1.513756E-19,8.701018E-21,4.203564E-22,5.895632E-24,3.512884E-23,5.577005E-29,2.070052E-30,2.829307E-36,1.175936E-38,2.604254E-20,3.650383E-21,7.397544E-28,1.186234E-29,3.802839E-27,2.844985E-26,3.52482E-12,2.07182E-24,6404731,1.483779,52765910,981.5696
0.0344,1,2414.103,1.36979,0.9448981,1.799338E-22,0,5.303168E-05,0.0001580945,0.0008192632,0.01868704,0.0005667372,0.001310603,1.355825E-07,7.935633E-10,0.003111684,0.03039534,1.092201E-15,5.293805E-18,4.265384E-19,3.191881E-20,1.569227E-19,3.169554E-21,2.786442E-10,1.936702E-13,1.492811E-19,8.572124E-21,4.154552E-22,5.838313E-24,3.481959E-23,5.485051E-29,2.038617E-30,2.764964E-36,1.15132E-38,2.583906E-20,3.624419E-21,7.29231E-28,1.162231E-29,3.750574E-27,2.810444E-26,3.519674E-12,2.05735E-24,6404780,1.483767,52765920,977.2993
0.0348,1,2414.388,1.369938,0.9449073,1.799355E-22,0,5.283652E-05,0.0001570315,0.0008152374,0.01868254,0.0005657196,0.001311856,1.351418E-07,7.899225E-10,0.003098541,0.03040881,1.086459E-15,5.249167E-18,4.235061E-19,3.169256E-20,1.554772E-19,3.145766E-21,2.757955E-10,1.922411E-13,1.472662E-19,8.448214E-21,4.107317E-22,5.782826E-24,3.452016E-23,5.396771E-29,2.008419E-30,2.703627E-36,1.127816E-38,2.564183E-20,3.599263E-21,7.19111E-28,1.139311E-29,3.700287E-27,2.7772E-26,3.514697E-12,2.043344E-24,6404828,1.483754,52765930,973.1497
0.0352,1,2414.664,1.370082,0.9449162,1.799372E-22,0,5.264663E-05,0.0001560014,0.0008113302,0.01867817,0.0005647273,0.001313073,1.347143E-07,7.86387E-10,0.003085767,0.0304219,1.080869E-15,5.20605E-18,4.205721E-19,3.14736E-20,1.540804E-19,3.122741E-21,2.730448E-10,1.908566E-13,1.453271E-19,8.32905E-21,4.061779E-22,5.729103E-24,3.423017E-23,5.311982E-29,1.979399E-30,2.64512E-36,1.105359E-38,2.545062E-20,3.574887E-21,7.093752E-28,1.117412E-29,3.651886E-27,2.745192E-26,3.509882E-12,2.029785E-24,6404874,1.483742,52765940,969.1169
0.0356,1,2414.933,1.370222,0.9449249,1.799389E-22,0,5.246185E-05,0.0001550029,0.0008075376,0.01867392,0.0005637599,0.001314257,1.342993E-07,7.829532E-10,0.00307335,0.03043463,1.075426E-15,5.164392E-18,4.177326E-19,3.126166E-20,1.527303E-19,3.100449E-21,2.70388E-10,1.895149E-13,1.434602E-19,8.214406E-21,4.017864E-22,5.677078E-24,3.394927E-23,5.230514E-29,1.951498E-30,2.58928E-36,1.083892E-38,2.526522E-20,3.551261E-21,7.000054E-28,1.096478E-29,3.605284E-27,2.714363E-26,3.505223E-12,2.016655E-24,6404919,1.483731,52765950,965.1971
0.036,1,2415.194,1.370358,0.9449334,1.799405E-22,0,5.228203E-05,0.0001540348,0.0008038557,0.01866979,0.0005628165,0.001315408,1.338967E-07,7.796176E-10,0.003061279,0.030447,1.070126E-15,5.124133E-18,4.149841E-19,3.105647E-20,1.51425E-19,3.078862E-21,2.678212E-10,1.882146E-13,1.416623E-19,8.10407E-21,3.9755E-22,5.626688E-24,3.367713E-23,5.152205E-29,1.924664E-30,2.535953E-36,1.06336E-38,2.508542E-20,3.528359E-21,6.909845E-28,1.076454E-29,3.560397E-27,2.684659E-26,3.500712E-12,2.003938E-24,6404963,1.483719,52765960,961.3865
0.0364,1,2415.448,1.37049,0.9449416,1.799421E-22,0,5.210703E-05,0.0001530961,0.0008002805,0.01866577,0.0005618967,0.001316528,1.335058E-07,7.76377E-10,0.003049543,0.03045903,1.064965E-15,5.085213E-18,4.12323E-19,3.085777E-20,1.501627E-19,3.057954E-21,2.653407E-10,1.869542E-13,1.399302E-19,7.997841E-21,3.934621E-22,5.577873E-24,3.341343E-23,5.076905E-29,1.898846E-30,2.484999E-36,1.043711E-38,2.491102E-20,3.506152E-21,6.822965E-28,1.057291E-29,3.517147E-27,2.656028E-26,3.496344E-12,1.991619E-24,6405005,1.483708,52765960,957.6819
0.0368,1,2415.695,1.370619,0.9449496,1.799436E-22,0,5.193669E-05,0.0001521858,0.0007968086,0.01866186,0.0005609997,0.001317617,1.331263E-07,7.732283E-10,0.003038131,0.03047072,1.05994E-15,5.04758E-18,4.097461E-19,3.066532E-20,1.489417E-19,3.037699E-21,2.62943E-10,1.857321E-13,1.382609E-19,7.895531E-21,3.895162E-22,5.530575E-24,3.315785E-23,5.004471E-29,1.873995E-30,2.436286E-36,1.0249E-38,2.474184E-20,3.484618E-21,6.739263E-28,1.038943E-29,3.475461E-27,2.628423E-26,3.492112E-12,1.979683E-24,6405047,1.483698,52765970,954.0797
0.0372,1,2415.935,1.370744,0.9449574,1.799451E-22,0,5.177089E-05,0.0001513027,0.0007934364,0.01865806,0.000560125,0.001318676,1.327578E-07,7.701685E-10,0.003027033,0.03048209,1.055045E-15,5.011182E-18,4.072501E-19,3.047888E-20,1.477604E-19,3.018073E-21,2.606246E-10,1.84547E-13,1.366516E-19,7.796961E-21,3.857064E-22,5.48474E-24,3.291011E-23,4.934768E-29,1.850068E-30,2.38969E-36,1.00688E-38,2.457769E-20,3.463731E-21,6.658593E-28,1.021365E-29,3.435269E-27,2.601797E-26,3.488013E-12,1.968115E-24,6405087,1.483687,52765980,950.5768
0.0376,1,2416.168,1.370865,0.9449649,1.799465E-22,0,5.160948E-05,0.000150446,0.0007901606,0.01865436,0.000559272,0.001319706,1.324E-07,7.671947E-10,0.00301624,0.03049315,1.050279E-15,4.975969E-18,4.04832E-19,3.029824E-20,1.466171E-19,2.999052E-21,2.583824E-10,1.833977E-13,1.350997E-19,7.701964E-21,3.820269E-22,5.440314E-24,3.266993E-23,4.86767E-29,1.827021E-30,2.345096E-36,9.896098E-39,2.44184E-20,3.443469E-21,6.580822E-28,1.004518E-29,3.396505E-27,2.576108E-26,3.48404E-12,1.956903E-24,6405126,1.483677,52765990,947.1701
0.038,1,2416.395,1.370983,0.9449723,1.799479E-22,0,5.145234E-05,0.0001496146,0.0007869781,0.01865076,0.0005584401,0.001320708,1.320525E-07,7.643042E-10,0.003005741,0.03050391,1.045637E-15,4.941894E-18,4.024891E-19,3.012318E-20,1.455104E-19,2.980614E-21,2.562135E-10,1.822827E-13,1.336027E-19,7.610379E-21,3.784723E-22,5.397247E-24,3.243703E-23,4.803056E-29,1.804815E-30,2.302397E-36,9.730512E-39,2.426381E-20,3.42381E-21,6.505822E-28,9.883635E-30,3.359107E-27,2.551316E-26,3.480188E-12,1.946033E-24,6405164,1.483667,52765990,943.8566
0.0384,1,2416.616,1.371098,0.9449794,1.799493E-22,0,5.129935E-05,0.0001488079,0.0007838857,0.01864725,0.0005576288,0.001321684,1.317149E-07,7.614942E-10,0.002995528,0.03051438,1.041115E-15,4.908914E-18,4.002184E-19,2.99535E-20,1.44439E-19,2.962738E-21,2.541148E-10,1.81201E-13,1.321581E-19,7.522057E-21,3.750376E-22,5.355491E-24,3.221117E-23,4.740815E-29,1.783412E-30,2.261493E-36,9.571674E-39,2.411375E-20,3.404732E-21,6.43347E-28,9.728658E-30,3.323016E-27,2.527381E-26,3.476453E-12,1.935492E-24,6405201,1.483658,52766000,940.6334
0.0388,1,2416.83,1.37121,0.9449863,1.799506E-22,0,5.115038E-05,0.0001480247,0.0007808806,0.01864385,0.0005568375,0.001322633,1.31387E-07,7.587623E-10,0.002985593,0.03052456,1.036711E-15,4.876986E-18,3.980175E-19,2.9789E-20,1.434014E-19,2.945403E-21,2.520837E-10,1.801513E-13,1.307637E-19,7.436856E-21,3.717176E-22,5.314999E-24,3.199208E-23,4.680839E-29,1.762776E-30,2.22229E-36,9.419242E-39,2.396807E-20,3.386216E-21,6.363652E-28,9.579914E-30,3.288177E-27,2.504267E-26,3.472831E-12,1.92527E-24,6405237,1.483648,52766010,937.4977
0.0392,1,2417.039,1.371318,0.9449931,1.799519E-22,0,5.100532E-05,0.0001472645,0.0007779599,0.01864053,0.0005560657,0.001323556,1.310684E-07,7.561059E-10,0.002975926,0.03053447,1.032422E-15,4.846069E-18,3.958837E-19,2.96295E-20,1.423964E-19,2.928591E-21,2.501176E-10,1.791327E-13,1.294175E-19,7.354639E-21,3.68508E-22,5.275728E-24,3.177955E-23,4.623027E-29,1.742873E-30,2.184699E-36,9.272893E-39,2.382663E-20,3.368243E-21,6.29626E-28,9.437092E-30,3.254536E-27,2.48194E-26,3.469316E-12,1.915355E-24,6405272,1.483639,52766010,934.4469
0.0396,1,2417.242,1.371424,0.9449997,1.799531E-22,0,5.086406E-05,0.0001465264,0.0007751208,0.0186373,0.000555313,0.001324455,1.307587E-07,7.535227E-10,0.002966519,0.03054411,1.028243E-15,4.816125E-18,3.938147E-19,2.947482E-20,1.414227E-19,2.912282E-21,2.482139E-10,1.781439E-13,1.281173E-19,7.27528E-21,3.654041E-22,5.237634E-24,3.157333E-23,4.567283E-29,1.723672E-30,2.148637E-36,9.132325E-39,2.368928E-20,3.350794E-21,6.23119E-28,9.299897E-30,3.222042E-27,2.460367E-26,3.465907E-12,1.905736E-24,6405306,1.48363,52766020,931.4784
0.04,1,2417.439,1.371527,0.9450061,1.799544E-22,0,5.072648E-05,0.0001458096,0.0007723608,0.01863416,0.0005545788,0.00132533,1.304578E-07,7.510104E-10,0.002957365,0.03055349,1.024172E-15,4.787117E-18,3.918082E-19,2.932479E-20,1.404793E-19,2.89646E-21,2.463703E-10,1.771839E-13,1.268613E-19,7.198657E-21,3.624018E-22,5.200676E-24,3.137321E-23,4.513518E-29,1.705142E-30,2.114029E-36,8.997256E-39,2.355588E-20,3.33385E-21,6.168346E-28,9.168054E-30,3.190649E-27,2.439517E-26,3.462597E-12,1.896402E-24,6405339,1.483622,52766020,928.5897
