<experiment>
    <fileAuthor>Chemical Kinetics Laboratory, Institute of Chemistry, ELTE, Budapest, Hungary</fileAuthor>
    <fileDOI>10.24388/x10004081</fileDOI>
    <fileVersion>
        <major>2</major>
        <minor>2</minor>
    </fileVersion>
    <ReSpecThVersion>
        <major>2</major>
        <minor>3</minor>
    </ReSpecThVersion>
    <firstPublicationDate>2020-09-08</firstPublicationDate>
    <lastModificationDate>2020-11-18</lastModificationDate>
    <bibliographyLink>
        <description>Asaba, T., Yoneda, K., Kakihara, N., Hikita, T., Proceedings of the Combustion Institute, 9, 193-200, 1963.</description>
        <referenceDOI>10.1016/b978-1-4832-2759-7.50028-5</referenceDOI>
        <location>Main article</location>
        <figure>Fig. 7. full circle</figure>
        <details>
            <author>Asaba, T and Yoneda, K and Kakihara, N and Hikita, T</author>
            <journal>Symp (Int) Combust</journal>
            <pages>193--200</pages>
            <title>A shock tube study of ignition of methane-oxygen mixtures</title>
            <volume>9</volume>
            <year>1963</year>
        </details>
    </bibliographyLink>
    <experimentType>ignition delay measurement</experimentType>
    <apparatus>
        <kind>shock tube</kind>
    </apparatus>
    <commonProperties>
        <property name="pressure"                      sourcetype="reported"   units="atm"           ><value>7</value></property>
        <property name="initial composition"           sourcetype="reported"  >
            <component><speciesLink preferredKey="CH4"  CAS="74-82-8"    InChI="1S/CH4/h1H4"  SMILES="C"    chemName="methane" /><amount units="mole fraction" >0.6</amount></component>
            <component><speciesLink preferredKey="O2"   CAS="7782-44-7"  InChI="1S/O2/c1-2"   SMILES="O=O"  chemName="oxygen"  /><amount units="mole fraction" >0.4</amount></component>
        </property>
        <property name="evaluated standard deviation"  sourcetype="estimated"  units="unitless"       reference="ignition delay"  kind="relative"  method="statistical scatter" ><value>0.648</value></property>
    </commonProperties>
    <dataGroup id="dg1">
        <property name="temperature"     id="x1"   label="T"    sourcetype="digitized"  units="K"  />
        <property name="ignition delay"  id="x2"   label="tau"  sourcetype="digitized"  units="us" />

        <dataPoint><x1>1732.51</x1> <x2>115.20</x2></dataPoint>
        <dataPoint><x1>1721.78</x1> <x2>119.52</x2></dataPoint>
        <dataPoint><x1>1793.72</x1> <x2>206.08</x2></dataPoint>
        <dataPoint><x1>1726.92</x1> <x2>203.79</x2></dataPoint>
        <dataPoint><x1>1575.33</x1> <x2>216.50</x2></dataPoint>
        <dataPoint><x1>1607.14</x1> <x2>244.86</x2></dataPoint>
        <dataPoint><x1>1527.64</x1> <x2>312.21</x2></dataPoint>
        <dataPoint><x1>1557.48</x1> <x2>415.86</x2></dataPoint>
        <dataPoint><x1>1474.94</x1> <x2>384.69</x2></dataPoint>
        <dataPoint><x1>1474.60</x1><x2>1302.30</x2></dataPoint>
        <dataPoint><x1>1544.07</x1><x2>1772.20</x2></dataPoint>
        <dataPoint><x1>1482.33</x1><x2>1987.80</x2></dataPoint>
        <dataPoint><x1>1359.32</x1><x2>1322.50</x2></dataPoint>
        <dataPoint><x1>1414.55</x1><x2>1663.90</x2></dataPoint>
        <dataPoint><x1>1362.55</x1><x2>2006.90</x2></dataPoint>
        <dataPoint><x1>1436.30</x1><x2>3006.70</x2></dataPoint>
    </dataGroup>
    <ignitionType target="p" type="baseline min intercept from d/dt"/>
</experiment>
