<experiment>
    <fileAuthor>Chemical Kinetics Laboratory, Institute of Chemistry, ELTE, Budapest, Hungary</fileAuthor>
    <fileDOI>10.24388/x10004144</fileDOI>
    <fileVersion>
        <major>2</major>
        <minor>2</minor>
    </fileVersion>
    <ReSpecThVersion>
        <major>2</major>
        <minor>3</minor>
    </ReSpecThVersion>
    <firstPublicationDate>2020-09-08</firstPublicationDate>
    <lastModificationDate>2020-11-18</lastModificationDate>
    <bibliographyLink>
        <description>Slack, M.W., Grillo, A.R., Combustion and Flame, 40, 155-172, 1981.</description>
        <referenceDOI>10.1016/0010-2180(81)90120-6</referenceDOI>
        <location>Main article</location>
        <table>Table 1., Mixture A</table>
        <figure>Fig. 2. open circle</figure>
        <details>
            <author>Slack, M W and Grillo, A R</author>
            <journal>Combust Flame</journal>
            <pages>155--172</pages>
            <title>Shock Tube Investigation of Methane-Oxygen Ignition Sensitized by NO2</title>
            <volume>40</volume>
            <year>1981</year>
        </details>
    </bibliographyLink>
    <experimentType>ignition delay measurement</experimentType>
    <apparatus>
        <kind>shock tube</kind>
    </apparatus>
    <commonProperties>
        <property name="pressure"             sourcetype="reported"  units="atm"           ><value>1.8</value></property>
        <property name="initial composition"  sourcetype="reported" >
            <component><speciesLink preferredKey="CH4"  CAS="74-82-8"    InChI="1S/CH4/h1H4"  SMILES="C"     chemName="methane" /><amount units="mole fraction" >0.048</amount></component>
            <component><speciesLink preferredKey="O2"   CAS="7782-44-7"  InChI="1S/O2/c1-2"   SMILES="O=O"   chemName="oxygen"  /><amount units="mole fraction" >0.192</amount></component>
            <component><speciesLink preferredKey="Ar"   CAS="7440-37-1"  InChI="1S/Ar"        SMILES="[Ar]"  chemName="argon"   /><amount units="mole fraction" >0.760</amount></component>
        </property>
    </commonProperties>
    <dataGroup id="dg1">
        <property name="temperature"                   id="x1"   label="T"    sourcetype="digitized"  units="K"        />
        <property name="ignition delay"                id="x2"   label="tau"  sourcetype="digitized"  units="us"       />
        <property name="evaluated standard deviation"  id="x3"   sourcetype="estimated"  units="unitless"  reference="ignition delay"  kind="relative"  method="combined from scatter and the uncertainty of conditions" />

        <dataPoint><x1>1876.76</x1> <x2>34.891</x2><x3>0.147</x3></dataPoint>
        <dataPoint><x1>1851.44</x1> <x2>42.246</x2> <x3>0.15</x3></dataPoint>
        <dataPoint><x1>1847.57</x1> <x2>47.028</x2><x3>0.151</x3></dataPoint>
        <dataPoint><x1>1821.19</x1> <x2>55.221</x2><x3>0.154</x3></dataPoint>
        <dataPoint><x1>1646.52</x1><x2>189.190</x2><x3>0.182</x3></dataPoint>
        <dataPoint><x1>1652.57</x1><x2>207.430</x2><x3>0.181</x3></dataPoint>
        <dataPoint><x1>1610.84</x1><x2>275.260</x2><x3>0.189</x3></dataPoint>
        <dataPoint><x1>1596.44</x1><x2>301.710</x2><x3>0.192</x3></dataPoint>
        <dataPoint><x1>1560.16</x1><x2>419.220</x2>  <x3>0.2</x3></dataPoint>
        <dataPoint><x1>1534.64</x1><x2>619.420</x2><x3>0.206</x3></dataPoint>
        <dataPoint><x1>1498.60</x1><x2>779.030</x2><x3>0.215</x3></dataPoint>
    </dataGroup>
    <ignitionType target="OHEX" type="d/dt max"/>
</experiment>
