<experiment>
    <fileAuthor>Chemical Kinetics Laboratory, Institute of Chemistry, ELTE, Budapest, Hungary</fileAuthor>
    <fileDOI>10.24388/x10004271</fileDOI>
    <fileVersion>
        <major>2</major>
        <minor>2</minor>
    </fileVersion>
    <ReSpecThVersion>
        <major>2</major>
        <minor>3</minor>
    </ReSpecThVersion>
    <firstPublicationDate>2020-09-08</firstPublicationDate>
    <lastModificationDate>2020-11-18</lastModificationDate>
    <bibliographyLink>
        <description>Levy, Y., Olchanski, E., Sherbaum, V., Erenburg, V., Burcat, A., Journal of Propulsion and Power, 22, 669-675, 2006.</description>
        <referenceDOI>10.2514/1.12511</referenceDOI>
        <location>Main article</location>
        <table>Table 1. + Appendix mixture 2</table>
        <details>
            <author>Levy, Yeshayahou and Olchanski, Erna and Sherbaum, Valery and Erenburg, Vladimir and Burcat, Alexander</author>
            <journal>J Propul Power</journal>
            <number>3</number>
            <pages>669--676</pages>
            <title>Shock-Tube Ignition Study of Methane in Air and Recirculating Gases Mixtures</title>
            <volume>22</volume>
            <year>2006</year>
        </details>
    </bibliographyLink>
    <experimentType>ignition delay measurement</experimentType>
    <apparatus>
        <kind>shock tube</kind>
    </apparatus>
    <commonProperties>
        <property name="initial composition"  sourcetype="reported" >
            <component><speciesLink preferredKey="CH4"  CAS="74-82-8"    InChI="1S/CH4/h1H4"  SMILES="C"     chemName="methane"  /><amount units="mole fraction" >0.0234</amount></component>
            <component><speciesLink preferredKey="O2"   CAS="7782-44-7"  InChI="1S/O2/c1-2"   SMILES="O=O"   chemName="oxygen"   /><amount units="mole fraction" >0.0461</amount></component>
            <component><speciesLink preferredKey="N2"   CAS="7727-37-9"  InChI="1S/N2/c1-2"   SMILES="N#N"   chemName="nitrogen" /><amount units="mole fraction" >0.5900</amount></component>
            <component><speciesLink preferredKey="Ar"   CAS="7440-37-1"  InChI="1S/Ar"        SMILES="[Ar]"  chemName="argon"    /><amount units="mole fraction" >0.3400</amount></component>
        </property>
    </commonProperties>
    <dataGroup id="dg1">
        <property name="temperature"                   id="x1"   label="T"    sourcetype="reported"   units="K"        />
        <property name="ignition delay"                id="x2"   label="tau"  sourcetype="reported"   units="us"       />
        <property name="pressure"                      id="x3"   label="p"    sourcetype="reported"   units="atm"      />
        <property name="evaluated standard deviation"  id="x4"   sourcetype="estimated"  units="unitless"  reference="ignition delay"  kind="relative"  method="combined from scatter and the uncertainty of conditions" />

        <dataPoint><x1>1723</x1><x2>254</x2><x3>7.37</x3><x4>0.201</x4></dataPoint>
        <dataPoint><x1>1835</x1><x2>110</x2><x3>8.24</x3><x4>0.184</x4></dataPoint>
        <dataPoint><x1>1753</x1><x2>168</x2><x3>7.61</x3><x4>0.196</x4></dataPoint>
        <dataPoint><x1>1707</x1><x2>303</x2><x3>7.25</x3><x4>0.204</x4></dataPoint>
        <dataPoint><x1>1678</x1><x2>376</x2><x3>7.10</x3><x4>0.209</x4></dataPoint>
        <dataPoint><x1>1707</x1><x2>289</x2><x3>7.25</x3><x4>0.204</x4></dataPoint>
        <dataPoint><x1>1693</x1><x2>345</x2><x3>7.14</x3><x4>0.206</x4></dataPoint>
        <dataPoint><x1>1596</x1><x2>744</x2><x3>6.41</x3><x4>0.226</x4></dataPoint>
        <dataPoint><x1>1818</x1><x2>133</x2><x3>8.10</x3><x4>0.186</x4></dataPoint>
        <dataPoint><x1>1922</x1> <x2>78</x2><x3>9.03</x3><x4>0.173</x4></dataPoint>
        <dataPoint><x1>1583</x1><x2>690</x2><x3>6.31</x3><x4>0.229</x4></dataPoint>
        <dataPoint><x1>1664</x1><x2>344</x2><x3>6.23</x3><x4>0.212</x4></dataPoint>
    </dataGroup>
    <ignitionType target="p" type="baseline min intercept from d/dt"/>
</experiment>
