<experiment>
    <fileAuthor>Chemical Kinetics Laboratory, Institute of Chemistry, ELTE, Budapest, Hungary</fileAuthor>
    <fileDOI>10.24388/x10004128</fileDOI>
    <fileVersion>
        <major>2</major>
        <minor>2</minor>
    </fileVersion>
    <ReSpecThVersion>
        <major>2</major>
        <minor>3</minor>
    </ReSpecThVersion>
    <firstPublicationDate>2020-09-08</firstPublicationDate>
    <lastModificationDate>2020-11-18</lastModificationDate>
    <bibliographyLink>
        <description>Higgin, R.M.R., Williams, A., Proceedings of the Combustion Institue, 12, 579-590, 1969.</description>
        <referenceDOI>10.1016/s0082-0784(69)80439-x</referenceDOI>
        <location>Main article</location>
        <figure>Fig. 2. open circle</figure>
        <details>
            <author>Higgin, R M R and Williams, A</author>
            <journal>Symp (Int) Combust</journal>
            <pages>579--590</pages>
            <title>A shock-tube investigation of the ignition of lean methane and n-butane mixtures with oxygen</title>
            <volume>12</volume>
            <year>1969</year>
        </details>
    </bibliographyLink>
    <experimentType>ignition delay measurement</experimentType>
    <apparatus>
        <kind>shock tube</kind>
    </apparatus>
    <commonProperties>
        <property name="pressure"             sourcetype="reported"    units="atm"           ><value>0.33</value></property>
        <property name="initial composition"  sourcetype="calculated" >
            <component><speciesLink preferredKey="CH4"  CAS="74-82-8"    InChI="1S/CH4/h1H4"  SMILES="C"     chemName="methane" /><amount units="mole fraction" >0.0333</amount></component>
            <component><speciesLink preferredKey="O2"   CAS="7782-44-7"  InChI="1S/O2/c1-2"   SMILES="O=O"   chemName="oxygen"  /><amount units="mole fraction" >0.0667</amount></component>
            <component><speciesLink preferredKey="Ar"   CAS="7440-37-1"  InChI="1S/Ar"        SMILES="[Ar]"  chemName="argon"   /><amount units="mole fraction" >0.9000</amount></component>
        </property>
    </commonProperties>
    <dataGroup id="dg1">
        <property name="temperature"                   id="x1"   label="T"    sourcetype="digitized"  units="K"        />
        <property name="ignition delay"                id="x2"   label="tau"  sourcetype="digitized"  units="us"       />
        <property name="evaluated standard deviation"  id="x3"   sourcetype="estimated"  units="unitless"  reference="ignition delay"  kind="relative"  method="combined from scatter and the uncertainty of conditions" />

        <dataPoint><x1>2277.90</x1><x2>165.54</x2><x3>0.115</x3></dataPoint>
        <dataPoint><x1>2222.22</x1><x2>194.33</x2> <x3>0.12</x3></dataPoint>
        <dataPoint><x1>2141.32</x1><x2>247.18</x2><x3>0.127</x3></dataPoint>
        <dataPoint><x1>2096.43</x1><x2>300.33</x2><x3>0.131</x3></dataPoint>
        <dataPoint><x1>2053.38</x1><x2>329.16</x2><x3>0.136</x3></dataPoint>
        <dataPoint><x1>2004.00</x1><x2>336.79</x2><x3>0.142</x3></dataPoint>
        <dataPoint><x1>2000.00</x1><x2>399.93</x2><x3>0.142</x3></dataPoint>
        <dataPoint><x1>2012.07</x1><x2>418.68</x2><x3>0.141</x3></dataPoint>
        <dataPoint><x1>1945.52</x1><x2>474.91</x2><x3>0.149</x3></dataPoint>
        <dataPoint><x1>1919.38</x1><x2>514.56</x2><x3>0.152</x3></dataPoint>
        <dataPoint><x1>1893.93</x1><x2>538.69</x2><x3>0.156</x3></dataPoint>
        <dataPoint><x1>1890.35</x1><x2>563.94</x2><x3>0.156</x3></dataPoint>
        <dataPoint><x1>1869.15</x1><x2>618.07</x2> <x3>0.16</x3></dataPoint>
        <dataPoint><x1>1838.23</x1><x2>647.06</x2><x3>0.164</x3></dataPoint>
        <dataPoint><x1>1828.15</x1><x2>685.20</x2><x3>0.166</x3></dataPoint>
    </dataGroup>
    <ignitionType target="OHEX" type="relative concentration" amount="0.05" units="unitless"/>
</experiment>
