<experiment>
    <fileAuthor>Chemical Kinetics Laboratory, Institute of Chemistry, ELTE, Budapest, Hungary</fileAuthor>
    <fileDOI>10.24388/x10004584</fileDOI>
    <fileVersion>
        <major>2</major>
        <minor>2</minor>
    </fileVersion>
    <ReSpecThVersion>
        <major>2</major>
        <minor>3</minor>
    </ReSpecThVersion>
    <firstPublicationDate>2020-09-08</firstPublicationDate>
    <lastModificationDate>2020-11-18</lastModificationDate>
    <bibliographyLink>
        <description>J. Shao, D. F. Davidson, R. K. Hanson, Fuel, 225, 370–380, 2018.</description>
        <referenceDOI>10.1016/j.fuel.2018.03.146</referenceDOI>
        <location>Main Aricle</location>
        <table>Table 1 and Appendix A, Mixture 1, P = 52 atm series</table>
        <details>
            <author>J. Shao, D. F. Davidson, R. K. Hanson</author>
            <journal>Fuel</journal>
            <pages>370-–380</pages>
            <title>A shock tube study of ignition delay times in diluted methane, ethylene, propene and their blends at elevated pressures</title>
            <volume>225</volume>
            <year>2018</year>
        </details>
    </bibliographyLink>
    <experimentType>ignition delay measurement</experimentType>
    <apparatus>
        <kind>shock tube</kind>
        <mode>reflected shock</mode>
    </apparatus>
    <commonProperties>
        <property name="initial composition"           sourcetype="reported"  >
            <component><speciesLink preferredKey="CH4"  CAS="74-82-8"    InChI="1S/CH4/h1H4"  SMILES="C"     chemName="methane" /><amount units="mole fraction" >0.0196</amount></component>
            <component><speciesLink preferredKey="O2"   CAS="7782-44-7"  InChI="1S/O2/c1-2"   SMILES="O=O"   chemName="oxygen"  /><amount units="mole fraction" >0.0392</amount></component>
            <component><speciesLink preferredKey="Ar"   CAS="7440-37-1"  InChI="1S/Ar"        SMILES="[Ar]"  chemName="argon"   /><amount units="mole fraction" >0.9412</amount></component>
        </property>
        <property name="evaluated standard deviation"  sourcetype="estimated"  units="unitless"       reference="ignition delay"  kind="relative"  method="combined from scatter and reported uncertainty" ><value>0.107</value></property>
    </commonProperties>
    <dataGroup id="dg1">
        <property name="temperature"     id="x1"   label="T"    sourcetype="reported"  units="K"   />
        <property name="ignition delay"  id="x2"   label="tau"  sourcetype="reported"  units="us"  />
        <property name="pressure"        id="x3"   label="P"    sourcetype="reported"  units="atm" />

        <dataPoint><x1>1663</x1><x2>107</x2><x3>54.2</x3></dataPoint>
        <dataPoint><x1>1587</x1><x2>213</x2><x3>51.7</x3></dataPoint>
        <dataPoint><x1>1537</x1><x2>286</x2><x3>57.5</x3></dataPoint>
        <dataPoint><x1>1534</x1><x2>309</x2><x3>51.1</x3></dataPoint>
        <dataPoint><x1>1507</x1><x2>372</x2><x3>52.9</x3></dataPoint>
        <dataPoint><x1>1488</x1><x2>417</x2><x3>51.5</x3></dataPoint>
        <dataPoint><x1>1453</x1><x2>565</x2><x3>53.8</x3></dataPoint>
        <dataPoint><x1>1437</x1><x2>602</x2><x3>58.3</x3></dataPoint>
    </dataGroup>
    <ignitionType target="p" type="baseline min intercept from d/dt"/>
</experiment>
