<experiment>
    <fileAuthor>Chemical Kinetics Laboratory, Institute of Chemistry, ELTE, Budapest, Hungary</fileAuthor>
    <fileDOI>10.24388/x10004218</fileDOI>
    <fileVersion>
        <major>2</major>
        <minor>2</minor>
    </fileVersion>
    <ReSpecThVersion>
        <major>2</major>
        <minor>3</minor>
    </ReSpecThVersion>
    <firstPublicationDate>2020-09-08</firstPublicationDate>
    <lastModificationDate>2020-11-18</lastModificationDate>
    <bibliographyLink>
        <description>Hidaka, Y., Sato, K., Henmi, Y., Tanaka, H., Inami, K., Combustion and Flame, 118, 340-358, 1999.</description>
        <referenceDOI>10.1016/s0010-2180(99)00010-3</referenceDOI>
        <location>Main article</location>
        <table>Table 2. mixture I</table>
        <figure>Fig. 3. full circle</figure>
        <details>
            <author>Hidaka, Y and Sato, K and Henmi, Y and Tanaka, H and Inami, K</author>
            <journal>Combust Flame</journal>
            <pages>340--358</pages>
            <title>Shock-Tube and Modeling Study of Methane Pyrolysis and Oxidation</title>
            <volume>118</volume>
            <year>1999</year>
        </details>
    </bibliographyLink>
    <experimentType>ignition delay measurement</experimentType>
    <apparatus>
        <kind>shock tube</kind>
    </apparatus>
    <commonProperties>
        <property name="pressure"                      sourcetype="reported"   units="atm"           ><value>2.9</value></property>
        <property name="initial composition"           sourcetype="reported"  >
            <component><speciesLink preferredKey="CH4"  CAS="74-82-8"    InChI="1S/CH4/h1H4"  SMILES="C"     chemName="methane"  /><amount units="mole fraction" >0.001</amount></component>
            <component><speciesLink preferredKey="H2"   CAS="1333-74-0"  InChI="1S/H2/h1H"    SMILES="[HH]"  chemName="hydrogen" /><amount units="mole fraction" >0.010</amount></component>
            <component><speciesLink preferredKey="O2"   CAS="7782-44-7"  InChI="1S/O2/c1-2"   SMILES="O=O"   chemName="oxygen"   /><amount units="mole fraction" >0.010</amount></component>
            <component><speciesLink preferredKey="Ar"   CAS="7440-37-1"  InChI="1S/Ar"        SMILES="[Ar]"  chemName="argon"    /><amount units="mole fraction" >0.979</amount></component>
        </property>
        <property name="evaluated standard deviation"  sourcetype="estimated"  units="unitless"       reference="ignition delay"  kind="relative"  method="generic uncertainty" ><value>0.1</value></property>
    </commonProperties>
    <dataGroup id="dg1">
        <property name="temperature"     id="x1"   label="T"    sourcetype="digitized"  units="K"  />
        <property name="ignition delay"  id="x2"   label="tau"  sourcetype="digitized"  units="us" />

        <dataPoint><x1>1772.0</x1> <x2>47.12</x2></dataPoint>
        <dataPoint><x1>1677.5</x1> <x2>63.66</x2></dataPoint>
        <dataPoint><x1>1568.3</x1> <x2>89.32</x2></dataPoint>
        <dataPoint><x1>1534.3</x1><x2>103.80</x2></dataPoint>
        <dataPoint><x1>1444.2</x1><x2>145.60</x2></dataPoint>
        <dataPoint><x1>1338.3</x1><x2>246.60</x2></dataPoint>
    </dataGroup>
    <ignitionType target="H2O" type="baseline min intercept from d/dt"/>
</experiment>
