<experiment>
    <fileAuthor>Chemical Kinetics Laboratory, Institute of Chemistry, ELTE, Budapest, Hungary</fileAuthor>
    <fileDOI>10.24388/x10004391</fileDOI>
    <fileVersion>
        <major>2</major>
        <minor>2</minor>
    </fileVersion>
    <ReSpecThVersion>
        <major>2</major>
        <minor>3</minor>
    </ReSpecThVersion>
    <firstPublicationDate>2020-09-08</firstPublicationDate>
    <lastModificationDate>2020-11-18</lastModificationDate>
    <bibliographyLink>
        <description>Huang, J., Bushe, W.K., Combustion and Flame, 144, 74-88, 2006.</description>
        <referenceDOI>10.1016/j.combustflame.2005.06.013</referenceDOI>
        <location>Main article</location>
        <figure>Fig. 1.a. square</figure>
        <details>
            <author>Huang, J and Bushe, W K</author>
            <journal>Combust Flame</journal>
            <pages>74--88</pages>
            <title>Experimental and kinetic study of autoignition in methane/ethane/air and methane/propane/air mixtures under engine-relevant conditions</title>
            <volume>144</volume>
            <year>2006</year>
        </details>
    </bibliographyLink>
    <experimentType>ignition delay measurement</experimentType>
    <apparatus>
        <kind>shock tube</kind>
    </apparatus>
    <commonProperties>
        <property name="pressure"             sourcetype="reported"  units="bar"           ><value>16</value></property>
        <property name="initial composition"  sourcetype="reported" >
            <component><speciesLink preferredKey="CH4"  CAS="74-82-8"    InChI="1S/CH4/h1H4"  SMILES="C"    chemName="methane"  /><amount units="mole fraction" >0.09502</amount></component>
            <component><speciesLink preferredKey="O2"   CAS="7782-44-7"  InChI="1S/O2/c1-2"   SMILES="O=O"  chemName="oxygen"   /><amount units="mole fraction" >0.19005</amount></component>
            <component><speciesLink preferredKey="N2"   CAS="7727-37-9"  InChI="1S/N2/c1-2"   SMILES="N#N"  chemName="nitrogen" /><amount units="mole fraction" >0.71493</amount></component>
        </property>
    </commonProperties>
    <dataGroup id="dg1">
        <property name="temperature"                   id="x1"   label="T"    sourcetype="digitized"  units="K"        />
        <property name="ignition delay"                id="x2"   label="tau"  sourcetype="digitized"  units="us"       />
        <property name="evaluated standard deviation"  id="x3"   sourcetype="estimated"  units="unitless"  reference="ignition delay"  kind="relative"  method="combined from scatter and the uncertainty of conditions" />

        <dataPoint><x1>1349.5</x1> <x2>415.04</x2><x3>0.177</x3></dataPoint>
        <dataPoint><x1>1343.2</x1> <x2>439.76</x2><x3>0.177</x3></dataPoint>
        <dataPoint><x1>1274.3</x1> <x2>594.11</x2><x3>0.181</x3></dataPoint>
        <dataPoint><x1>1225.5</x1><x2>1059.50</x2><x3>0.184</x3></dataPoint>
        <dataPoint><x1>1180.3</x1><x2>1414.90</x2><x3>0.188</x3></dataPoint>
        <dataPoint><x1>1187.1</x1><x2>1534.30</x2><x3>0.187</x3></dataPoint>
        <dataPoint><x1>1126.7</x1><x2>1534.30</x2><x3>0.193</x3></dataPoint>
        <dataPoint><x1>1122.3</x1><x2>1911.60</x2><x3>0.193</x3></dataPoint>
        <dataPoint><x1>1083.5</x1><x2>1979.10</x2><x3>0.197</x3></dataPoint>
        <dataPoint><x1>1081.8</x1><x2>2171.10</x2><x3>0.198</x3></dataPoint>
        <dataPoint><x1>1037.4</x1><x2>3370.00</x2><x3>0.204</x3></dataPoint>
    </dataGroup>
    <ignitionType target="CHEX" type="baseline min intercept from d/dt"/>
</experiment>
