<experiment>
    <fileAuthor>Chemical Kinetics Laboratory, Institute of Chemistry, ELTE, Budapest, Hungary</fileAuthor>
    <fileDOI>10.24388/x10004194</fileDOI>
    <fileVersion>
        <major>2</major>
        <minor>2</minor>
    </fileVersion>
    <ReSpecThVersion>
        <major>2</major>
        <minor>3</minor>
    </ReSpecThVersion>
    <firstPublicationDate>2020-09-08</firstPublicationDate>
    <lastModificationDate>2020-11-18</lastModificationDate>
    <bibliographyLink>
        <description>Zhukov, V.P., Sechenov, V.A., Starikovskii, A. Yu., Combustion, Explosion, and Shock Waves, 39, 487-495, 2003.</description>
        <referenceDOI>10.1023/A:1026186231905</referenceDOI>
        <location>Main article</location>
        <table>Table 1 p 38-50 atm</table>
        <details>
            <author>Zhukov, V P and Sechenov, V A and Starikovskii, A Yu</author>
            <journal>Combust Explos Shock Waves</journal>
            <pages>487--495</pages>
            <title>Spontaneous Ignition of Methane-Air Mixtures in a Wide Range of Pressures</title>
            <volume>39</volume>
            <year>2003</year>
        </details>
    </bibliographyLink>
    <experimentType>ignition delay measurement</experimentType>
    <apparatus>
        <kind>shock tube</kind>
    </apparatus>
    <commonProperties>
        <property name="initial composition"  sourcetype="calculated" >
            <component><speciesLink preferredKey="CH4"  CAS="74-82-8"    InChI="1S/CH4/h1H4"  SMILES="C"    chemName="methane"  /><amount units="mole fraction" >0.0499</amount></component>
            <component><speciesLink preferredKey="O2"   CAS="7782-44-7"  InChI="1S/O2/c1-2"   SMILES="O=O"  chemName="oxygen"   /><amount units="mole fraction" >0.1994</amount></component>
            <component><speciesLink preferredKey="N2"   CAS="7727-37-9"  InChI="1S/N2/c1-2"   SMILES="N#N"  chemName="nitrogen" /><amount units="mole fraction" >0.7507</amount></component>
        </property>
    </commonProperties>
    <dataGroup id="dg1">
        <property name="temperature"                   id="x1"   label="T"          sourcetype="reported"   units="K"        />
        <property name="ignition delay"                id="x2"   label="tau"        sourcetype="reported"   units="us"       />
        <property name="pressure"                      id="x3"   label="p"          sourcetype="reported"   units="atm"      />
        <property name="uncertainty"                   id="x4"   label="d_tau_obs"  sourcetype="reported"   units="us"        reference="ignition delay"  kind="absolute"  bound="plusminus" />
        <property name="evaluated standard deviation"  id="x5"   sourcetype="estimated"  units="unitless"  reference="ignition delay"  kind="relative"  method="combined from scatter and the uncertainty of conditions" />

        <dataPoint><x1>1422</x1> <x2>81</x2><x3>43</x3><x4>4</x4><x5>0.325</x5></dataPoint>
        <dataPoint><x1>1659</x1> <x2>12</x2><x3>48</x3><x4>1</x4><x5>0.292</x5></dataPoint>
        <dataPoint><x1>1534</x1> <x2>44</x2><x3>49</x3><x4>1</x4><x5>0.308</x5></dataPoint>
        <dataPoint><x1>1611</x1> <x2>17</x2><x3>50</x3><x4>1</x4><x5>0.298</x5></dataPoint>
        <dataPoint><x1>1466</x1> <x2>79</x2><x3>50</x3><x4>6</x4><x5>0.318</x5></dataPoint>
        <dataPoint><x1>1564</x1> <x2>30</x2><x3>49</x3><x4>2</x4><x5>0.304</x5></dataPoint>
        <dataPoint><x1>1463</x1> <x2>84</x2><x3>50</x3><x4>2</x4><x5>0.318</x5></dataPoint>
        <dataPoint><x1>1432</x1> <x2>97</x2><x3>50</x3><x4>7</x4><x5>0.323</x5></dataPoint>
        <dataPoint><x1>1369</x1><x2>119</x2><x3>43</x3><x4>4</x4><x5>0.334</x5></dataPoint>
        <dataPoint><x1>1380</x1><x2>179</x2><x3>38</x3><x4>4</x4><x5>0.332</x5></dataPoint>
    </dataGroup>
    <ignitionType target="OHEX" type="d/dt max"/>
</experiment>
