<experiment>
    <fileAuthor>Chemical Kinetics Laboratory, Institute of Chemistry, ELTE, Budapest, Hungary</fileAuthor>
    <fileDOI>10.24388/x10004012</fileDOI>
    <fileVersion>
        <major>2</major>
        <minor>2</minor>
    </fileVersion>
    <ReSpecThVersion>
        <major>2</major>
        <minor>3</minor>
    </ReSpecThVersion>
    <firstPublicationDate>2020-09-08</firstPublicationDate>
    <lastModificationDate>2020-11-18</lastModificationDate>
    <bibliographyLink>
        <description>Brabbs, T.A., Robertson, T.F., NASA Technical Memorandum 87268, 1-9, 1986.</description>
        <location>Main article</location>
        <table>Table II., phi=0.5</table>
        <details>
            <author>Brabbs, Theodore A and Robertson, Thomas F</author>
            <institution>NASA Technical Memorandum 87268</institution>
            <title>Methane oxidation behind reflected shock waves -- Ignition delay times measured by pressure and flame band emission</title>
            <year>1986</year>
        </details>
    </bibliographyLink>
    <experimentType>ignition delay measurement</experimentType>
    <apparatus>
        <kind>shock tube</kind>
    </apparatus>
    <commonProperties>
        <property name="initial composition"           sourcetype="reported"  >
            <component><speciesLink preferredKey="CH4"  CAS="74-82-8"    InChI="1S/CH4/h1H4"  SMILES="C"     chemName="methane" /><amount units="mole fraction" >0.02</amount></component>
            <component><speciesLink preferredKey="O2"   CAS="7782-44-7"  InChI="1S/O2/c1-2"   SMILES="O=O"   chemName="oxygen"  /><amount units="mole fraction" >0.08</amount></component>
            <component><speciesLink preferredKey="Ar"   CAS="7440-37-1"  InChI="1S/Ar"        SMILES="[Ar]"  chemName="argon"   /><amount units="mole fraction" >0.90</amount></component>
        </property>
        <property name="evaluated standard deviation"  sourcetype="estimated"  units="unitless"       reference="ignition delay"  kind="relative"  method="generic uncertainty" ><value>0.1</value></property>
    </commonProperties>
    <dataGroup id="dg1">
        <property name="temperature"     id="x1"   label="T"    sourcetype="reported"  units="K"   />
        <property name="pressure"        id="x2"   label="p"    sourcetype="reported"  units="atm" />
        <property name="ignition delay"  id="x3"   label="tau"  sourcetype="reported"  units="us"  />

        <dataPoint><x1>1.778000e+003</x1><x2>3.464000e+000</x2><x3>1.100000e+002</x3></dataPoint>
        <dataPoint><x1>1.763000e+003</x1><x2>3.418000e+000</x2><x3>1.100000e+002</x3></dataPoint>
        <dataPoint><x1>1.752000e+003</x1><x2>3.371000e+000</x2><x3>1.250000e+002</x3></dataPoint>
        <dataPoint><x1>1.730000e+003</x1><x2>3.318000e+000</x2><x3>1.670000e+002</x3></dataPoint>
        <dataPoint><x1>1.695000e+003</x1><x2>3.199000e+000</x2><x3>2.080000e+002</x3></dataPoint>
        <dataPoint><x1>1.687000e+003</x1><x2>3.191000e+000</x2><x3>2.090000e+002</x3></dataPoint>
        <dataPoint><x1>1.657000e+003</x1><x2>3.072000e+000</x2><x3>3.220000e+002</x3></dataPoint>
        <dataPoint><x1>1.620000e+003</x1><x2>2.979000e+000</x2><x3>5.120000e+002</x3></dataPoint>
        <dataPoint><x1>1.610000e+003</x1><x2>2.950000e+000</x2><x3>5.420000e+002</x3></dataPoint>
        <dataPoint><x1>1.605000e+003</x1><x2>2.918000e+000</x2><x3>5.970000e+002</x3></dataPoint>
        <dataPoint><x1>1.601000e+003</x1><x2>2.922000e+000</x2><x3>6.720000e+002</x3></dataPoint>
        <dataPoint><x1>1.579000e+003</x1><x2>2.857000e+000</x2><x3>6.580000e+002</x3></dataPoint>
        <dataPoint><x1>1.576000e+003</x1><x2>2.835000e+000</x2><x3>7.380000e+002</x3></dataPoint>
        <dataPoint><x1>1.555000e+003</x1><x2>2.773000e+000</x2><x3>8.580000e+002</x3></dataPoint>
        <dataPoint><x1>1.554000e+003</x1><x2>2.786000e+000</x2><x3>9.640000e+002</x3></dataPoint>
        <dataPoint><x1>1.531000e+003</x1><x2>2.704000e+000</x2><x3>1.145000e+003</x3></dataPoint>
        <dataPoint><x1>1.499000e+003</x1><x2>2.613000e+000</x2><x3>1.649000e+003</x3></dataPoint>
    </dataGroup>
    <ignitionType target="CHEX;" type="d/dt max"/>
</experiment>
