<experiment>
    <fileAuthor>Chemical Kinetics Laboratory, Institute of Chemistry, ELTE, Budapest, Hungary</fileAuthor>
    <fileDOI>10.24388/x10004205</fileDOI>
    <fileVersion>
        <major>2</major>
        <minor>2</minor>
    </fileVersion>
    <ReSpecThVersion>
        <major>2</major>
        <minor>3</minor>
    </ReSpecThVersion>
    <firstPublicationDate>2020-09-08</firstPublicationDate>
    <lastModificationDate>2020-11-18</lastModificationDate>
    <bibliographyLink>
        <description>Cheng, R.K., Oppenheim, A.K., Combustion and Flame, 58, 125-139, 1984.</description>
        <referenceDOI>10.1016/0010-2180(84)90088-9</referenceDOI>
        <location>Main article</location>
        <table>Table 1. mixture 3</table>
        <figure>Fig. 5. triangle</figure>
        <details>
            <author>Cheng, R K and Oppenheim, A K</author>
            <journal>Combust Flame</journal>
            <pages>125--139</pages>
            <title>Autoignition in methane-hydrogen mixtures</title>
            <volume>58</volume>
            <year>1984</year>
        </details>
    </bibliographyLink>
    <experimentType>ignition delay measurement</experimentType>
    <apparatus>
        <kind>shock tube</kind>
    </apparatus>
    <commonProperties>
        <property name="pressure"             sourcetype="reported"  units="atm"           ><value>2</value></property>
        <property name="initial composition"  sourcetype="reported" >
            <component><speciesLink preferredKey="CH4"  CAS="74-82-8"    InChI="1S/CH4/h1H4"  SMILES="C"     chemName="methane"  /><amount units="mole fraction" >0.0286</amount></component>
            <component><speciesLink preferredKey="H2"   CAS="1333-74-0"  InChI="1S/H2/h1H"    SMILES="[HH]"  chemName="hydrogen" /><amount units="mole fraction" >0.0143</amount></component>
            <component><speciesLink preferredKey="O2"   CAS="7782-44-7"  InChI="1S/O2/c1-2"   SMILES="O=O"   chemName="oxygen"   /><amount units="mole fraction" >0.0571</amount></component>
            <component><speciesLink preferredKey="Ar"   CAS="7440-37-1"  InChI="1S/Ar"        SMILES="[Ar]"  chemName="argon"    /><amount units="mole fraction" >0.9000</amount></component>
        </property>
    </commonProperties>
    <dataGroup id="dg1">
        <property name="temperature"                   id="x1"   label="T"    sourcetype="digitized"  units="K"        />
        <property name="ignition delay"                id="x2"   label="tau"  sourcetype="digitized"  units="us"       />
        <property name="evaluated standard deviation"  id="x3"   sourcetype="estimated"  units="unitless"  reference="ignition delay"  kind="relative"  method="combined from scatter and reported uncertainty" />

        <dataPoint><x1>2236.0</x1>  <x2>8.232</x2><x3>0.507</x3></dataPoint>
        <dataPoint><x1>2202.8</x1>  <x2>9.420</x2><x3>0.448</x3></dataPoint>
        <dataPoint><x1>2090.9</x1> <x2>11.020</x2> <x3>0.39</x3></dataPoint>
        <dataPoint><x1>2130.0</x1> <x2>11.870</x2><x3>0.366</x3></dataPoint>
        <dataPoint><x1>2102.8</x1> <x2>11.950</x2><x3>0.364</x3></dataPoint>
        <dataPoint><x1>2114.8</x1> <x2>12.530</x2> <x3>0.35</x3></dataPoint>
        <dataPoint><x1>2133.0</x1> <x2>13.180</x2><x3>0.336</x3></dataPoint>
        <dataPoint><x1>2088.0</x1> <x2>12.880</x2><x3>0.342</x3></dataPoint>
        <dataPoint><x1>2102.8</x1> <x2>13.520</x2><x3>0.329</x3></dataPoint>
        <dataPoint><x1>2130.0</x1> <x2>13.710</x2><x3>0.325</x3></dataPoint>
        <dataPoint><x1>2059.0</x1> <x2>13.970</x2> <x3>0.32</x3></dataPoint>
        <dataPoint><x1>2067.6</x1> <x2>15.020</x2><x3>0.303</x3></dataPoint>
        <dataPoint><x1>2064.7</x1> <x2>15.630</x2><x3>0.293</x3></dataPoint>
        <dataPoint><x1>2064.7</x1> <x2>17.560</x2><x3>0.269</x3></dataPoint>
        <dataPoint><x1>1981.9</x1> <x2>17.280</x2><x3>0.272</x3></dataPoint>
        <dataPoint><x1>2011.5</x1> <x2>19.330</x2><x3>0.252</x3></dataPoint>
        <dataPoint><x1>2006.0</x1> <x2>19.800</x2><x3>0.248</x3></dataPoint>
        <dataPoint><x1>1987.2</x1> <x2>21.290</x2><x3>0.236</x3></dataPoint>
        <dataPoint><x1>1960.9</x1> <x2>21.130</x2><x3>0.238</x3></dataPoint>
        <dataPoint><x1>1981.9</x1> <x2>21.820</x2><x3>0.233</x3></dataPoint>
        <dataPoint><x1>1974.0</x1> <x2>23.590</x2><x3>0.222</x3></dataPoint>
        <dataPoint><x1>1992.6</x1> <x2>24.830</x2><x3>0.216</x3></dataPoint>
        <dataPoint><x1>1932.8</x1> <x2>22.440</x2><x3>0.229</x3></dataPoint>
        <dataPoint><x1>1932.8</x1> <x2>25.040</x2><x3>0.215</x3></dataPoint>
        <dataPoint><x1>1971.4</x1> <x2>27.200</x2><x3>0.206</x3></dataPoint>
        <dataPoint><x1>1927.8</x1> <x2>27.670</x2><x3>0.204</x3></dataPoint>
        <dataPoint><x1>1935.3</x1> <x2>28.760</x2>  <x3>0.2</x3></dataPoint>
        <dataPoint><x1>1907.9</x1> <x2>29.510</x2><x3>0.197</x3></dataPoint>
        <dataPoint><x1>1874.2</x1> <x2>30.380</x2><x3>0.195</x3></dataPoint>
        <dataPoint><x1>1796.9</x1> <x2>33.770</x2><x3>0.186</x3></dataPoint>
        <dataPoint><x1>1890.9</x1> <x2>34.460</x2><x3>0.185</x3></dataPoint>
        <dataPoint><x1>1864.7</x1> <x2>34.420</x2><x3>0.185</x3></dataPoint>
        <dataPoint><x1>1890.9</x1> <x2>32.620</x2><x3>0.189</x3></dataPoint>
        <dataPoint><x1>1819.0</x1> <x2>36.890</x2> <x3>0.18</x3></dataPoint>
        <dataPoint><x1>1812.3</x1> <x2>38.290</x2><x3>0.178</x3></dataPoint>
        <dataPoint><x1>1867.1</x1> <x2>37.170</x2><x3>0.179</x3></dataPoint>
        <dataPoint><x1>1823.4</x1> <x2>50.020</x2><x3>0.164</x3></dataPoint>
        <dataPoint><x1>1752.3</x1> <x2>53.120</x2><x3>0.162</x3></dataPoint>
        <dataPoint><x1>1771.2</x1> <x2>53.370</x2><x3>0.162</x3></dataPoint>
        <dataPoint><x1>1769.0</x1> <x2>64.580</x2><x3>0.156</x3></dataPoint>
        <dataPoint><x1>1750.2</x1> <x2>73.730</x2><x3>0.153</x3></dataPoint>
        <dataPoint><x1>1742.0</x1> <x2>78.570</x2><x3>0.152</x3></dataPoint>
        <dataPoint><x1>1686.5</x1> <x2>81.280</x2><x3>0.152</x3></dataPoint>
        <dataPoint><x1>1704.0</x1> <x2>89.840</x2> <x3>0.15</x3></dataPoint>
        <dataPoint><x1>1684.6</x1> <x2>99.030</x2><x3>0.149</x3></dataPoint>
        <dataPoint><x1>1682.7</x1><x2>113.400</x2><x3>0.148</x3></dataPoint>
        <dataPoint><x1>1594.0</x1> <x2>98.610</x2><x3>0.149</x3></dataPoint>
        <dataPoint><x1>1573.7</x1><x2>149.800</x2><x3>0.146</x3></dataPoint>
    </dataGroup>
    <ignitionType target="p" type="d/dt max"/>
</experiment>
