<experiment>
    <fileAuthor>Chemical Kinetics Laboratory, Institute of Chemistry, ELTE, Budapest, Hungary</fileAuthor>
    <fileDOI>10.24388/x10004152</fileDOI>
    <fileVersion>
        <major>2</major>
        <minor>2</minor>
    </fileVersion>
    <ReSpecThVersion>
        <major>2</major>
        <minor>3</minor>
    </ReSpecThVersion>
    <firstPublicationDate>2020-09-08</firstPublicationDate>
    <lastModificationDate>2020-11-18</lastModificationDate>
    <bibliographyLink>
        <description>Tsuboi, T., Wagner, Gg., Proceedings of the Combustion Institue, 15, 883-890, 1974.</description>
        <referenceDOI>10.1016/s0082-0784(75)80355-9</referenceDOI>
        <location>Main article</location>
        <figure>Fig. 2. open circle</figure>
        <details>
            <author>Tsuboi, T and Wagner, H Gg</author>
            <journal>Symp (Int) Combust</journal>
            <pages>883--890</pages>
            <title>Homogeneous Thermal Oxidation of Methane in Reflected Shock Waves</title>
            <volume>15</volume>
            <year>1974</year>
        </details>
    </bibliographyLink>
    <experimentType>ignition delay measurement</experimentType>
    <apparatus>
        <kind>shock tube</kind>
    </apparatus>
    <commonProperties>
        <property name="initial composition"           sourcetype="reported"  >
            <component><speciesLink preferredKey="CH4"  CAS="74-82-8"    InChI="1S/CH4/h1H4"  SMILES="C"     chemName="methane" /><amount units="mole fraction" >0.002</amount></component>
            <component><speciesLink preferredKey="O2"   CAS="7782-44-7"  InChI="1S/O2/c1-2"   SMILES="O=O"   chemName="oxygen"  /><amount units="mole fraction" >0.020</amount></component>
            <component><speciesLink preferredKey="Ar"   CAS="7440-37-1"  InChI="1S/Ar"        SMILES="[Ar]"  chemName="argon"   /><amount units="mole fraction" >0.978</amount></component>
        </property>
        <property name="evaluated standard deviation"  sourcetype="estimated"  units="unitless"       reference="ignition delay"  kind="relative"  method="statistical scatter" ><value>0.158</value></property>
    </commonProperties>
    <dataGroup id="dg1">
        <property name="temperature"     id="x1"   label="T"    sourcetype="digitized"   units="K"   />
        <property name="ignition delay"  id="x2"   label="tau"  sourcetype="digitized"   units="us"  />
        <property name="pressure"        id="x3"   label="p"    sourcetype="calculated"  units="atm" />

        <dataPoint><x1>1906.4</x1>  <x2>15.580</x2><x3>29.721</x3></dataPoint>
        <dataPoint><x1>1839.8</x1>  <x2>20.123</x2><x3>28.683</x3></dataPoint>
        <dataPoint><x1>1839.8</x1>  <x2>25.551</x2><x3>28.683</x3></dataPoint>
        <dataPoint><x1>1743.3</x1>  <x2>50.548</x2><x3>27.178</x3></dataPoint>
        <dataPoint><x1>1729.3</x1>  <x2>50.548</x2><x3>26.961</x3></dataPoint>
        <dataPoint><x1>1698.1</x1>  <x2>76.117</x2><x3>26.473</x3></dataPoint>
        <dataPoint><x1>1722.4</x1>  <x2>87.245</x2><x3>26.853</x3></dataPoint>
        <dataPoint><x1>1699.4</x1>  <x2>98.308</x2><x3>26.494</x3></dataPoint>
        <dataPoint><x1>1674.4</x1>  <x2>98.308</x2><x3>26.104</x3></dataPoint>
        <dataPoint><x1>1620.4</x1> <x2>184.780</x2><x3>25.262</x3></dataPoint>
        <dataPoint><x1>1603.5</x1> <x2>197.830</x2><x3>24.999</x3></dataPoint>
        <dataPoint><x1>1584.7</x1> <x2>287.910</x2><x3>24.706</x3></dataPoint>
        <dataPoint><x1>1565.2</x1> <x2>292.860</x2><x3>24.401</x3></dataPoint>
        <dataPoint><x1>1566.3</x1> <x2>347.320</x2><x3>24.419</x3></dataPoint>
        <dataPoint><x1>1559.5</x1> <x2>472.140</x2><x3>24.313</x3></dataPoint>
        <dataPoint><x1>1535.1</x1> <x2>505.480</x2><x3>23.933</x3></dataPoint>
        <dataPoint><x1>1524.3</x1> <x2>523.020</x2><x3>23.764</x3></dataPoint>
        <dataPoint><x1>1469.3</x1><x2>1070.600</x2><x3>22.907</x3></dataPoint>
        <dataPoint><x1>1429.5</x1><x2>1382.700</x2><x3>22.286</x3></dataPoint>
    </dataGroup>
    <ignitionType target="CH4" type="baseline max intercept from d/dt"/>
</experiment>
