<experiment>
    <fileAuthor>Chemical Kinetics Laboratory, Institute of Chemistry, ELTE, Budapest, Hungary</fileAuthor>
    <fileDOI>10.24388/x10004220</fileDOI>
    <fileVersion>
        <major>2</major>
        <minor>2</minor>
    </fileVersion>
    <ReSpecThVersion>
        <major>2</major>
        <minor>3</minor>
    </ReSpecThVersion>
    <firstPublicationDate>2020-09-08</firstPublicationDate>
    <lastModificationDate>2020-11-18</lastModificationDate>
    <bibliographyLink>
        <description>Bowman, C.T., Combustion Science and Technology, 2, 161-172, 1970.</description>
        <referenceDOI>10.1080/00102207008952244</referenceDOI>
        <location>Main article</location>
        <table>Table II. mixture 2</table>
        <figure>Fig. 2. CO open circle</figure>
        <details>
            <author>Bowman, C T</author>
            <journal>Combust Sci Technol</journal>
            <pages>161--172</pages>
            <title>An experimental and ananytical investigation of the high temperature exidation mechanisms of hydrocarbon fuels</title>
            <volume>2</volume>
            <year>1970</year>
        </details>
    </bibliographyLink>
    <experimentType>ignition delay measurement</experimentType>
    <apparatus>
        <kind>shock tube</kind>
    </apparatus>
    <commonProperties>
        <property name="pressure"             sourcetype="reported"  units="atm"           ><value>2.6</value></property>
        <property name="initial composition"  sourcetype="reported" >
            <component><speciesLink preferredKey="CH4"  CAS="74-82-8"    InChI="1S/CH4/h1H4"  SMILES="C"     chemName="methane" /><amount units="mole fraction" >0.05</amount></component>
            <component><speciesLink preferredKey="O2"   CAS="7782-44-7"  InChI="1S/O2/c1-2"   SMILES="O=O"   chemName="oxygen"  /><amount units="mole fraction" >0.05</amount></component>
            <component><speciesLink preferredKey="Ar"   CAS="7440-37-1"  InChI="1S/Ar"        SMILES="[Ar]"  chemName="argon"   /><amount units="mole fraction" >0.90</amount></component>
        </property>
    </commonProperties>
    <dataGroup id="dg1">
        <property name="temperature"                   id="x1"   label="T"    sourcetype="digitized"  units="K"        />
        <property name="ignition delay"                id="x2"   label="tau"  sourcetype="digitized"  units="us"       />
        <property name="evaluated standard deviation"  id="x3"   sourcetype="estimated"  units="unitless"  reference="ignition delay"  kind="relative"  method="combined from scatter and the uncertainty of conditions" />

        <dataPoint><x1>2051.1</x1> <x2>16.60</x2><x3>0.421</x3></dataPoint>
        <dataPoint><x1>2061.5</x1> <x2>21.67</x2><x3>0.418</x3></dataPoint>
        <dataPoint><x1>1999.1</x1> <x2>27.83</x2> <x3>0.44</x3></dataPoint>
        <dataPoint><x1>1931.0</x1> <x2>34.54</x2><x3>0.467</x3></dataPoint>
        <dataPoint><x1>1921.3</x1> <x2>52.95</x2><x3>0.471</x3></dataPoint>
        <dataPoint><x1>1902.9</x1> <x2>56.22</x2><x3>0.479</x3></dataPoint>
        <dataPoint><x1>1884.6</x1> <x2>76.32</x2><x3>0.487</x3></dataPoint>
        <dataPoint><x1>1804.3</x1><x2>159.80</x2><x3>0.526</x3></dataPoint>
        <dataPoint><x1>1753.5</x1><x2>295.20</x2><x3>0.554</x3></dataPoint>
    </dataGroup>
    <ignitionType target="CO" type="relative concentration" amount="0.9" units="unitless"/>
</experiment>
