<experiment>
    <fileAuthor>Chemical Kinetics Laboratory, Institute of Chemistry, ELTE, Budapest, Hungary</fileAuthor>
    <fileDOI>10.24388/x10004036</fileDOI>
    <fileVersion>
        <major>2</major>
        <minor>2</minor>
    </fileVersion>
    <ReSpecThVersion>
        <major>2</major>
        <minor>3</minor>
    </ReSpecThVersion>
    <firstPublicationDate>2020-09-08</firstPublicationDate>
    <lastModificationDate>2020-11-18</lastModificationDate>
    <bibliographyLink>
        <description>Zhang, Y-J., Huang, Z-H., Wei, L-J., Nia, S-D., Chinese Science Bulletine, 56, 2853-2861, 2011.</description>
        <referenceDOI>10.1007/s11434-011-4635-4</referenceDOI>
        <location>Main article</location>
        <table>Table 3. Mixture 3.</table>
        <figure>Figure 5, 6 (not used)</figure>
        <details>
            <author>Zhang, Yingjia and Huang, Zuohua and Wei, Liangjie and Niu, Shaodong</author>
            <journal>Chinese Science Bulletin</journal>
            <number>26</number>
            <pages>2853--2861</pages>
            <title>Experimental and kinetic study on ignition delay times of methane/hydrogen/oxygen/nitrogen mixtures by shock tube</title>
            <volume>56</volume>
            <year>2011</year>
        </details>
    </bibliographyLink>
    <experimentType>ignition delay measurement</experimentType>
    <apparatus>
        <kind>shock tube</kind>
    </apparatus>
    <commonProperties>
        <property name="initial composition"  sourcetype="reported" >
            <component><speciesLink preferredKey="CH4"  CAS="74-82-8"    InChI="1S/CH4/h1H4"  SMILES="C"     chemName="methane"  /><amount units="mole fraction" >0.02338</amount></component>
            <component><speciesLink preferredKey="O2"   CAS="7782-44-7"  InChI="1S/O2/c1-2"   SMILES="O=O"   chemName="oxygen"   /><amount units="mole fraction" >0.02403</amount></component>
            <component><speciesLink preferredKey="H2"   CAS="1333-74-0"  InChI="1S/H2/h1H"    SMILES="[HH]"  chemName="hydrogen" /><amount units="mole fraction" >0.00259</amount></component>
            <component><speciesLink preferredKey="N2"   CAS="7727-37-9"  InChI="1S/N2/c1-2"   SMILES="N#N"   chemName="nitrogen" /><amount units="mole fraction" >0.95000</amount></component>
        </property>
    </commonProperties>
    <dataGroup id="dg1">
        <property name="temperature"                   id="x1"   label="T"    sourcetype="reported"   units="K"        />
        <property name="pressure"                      id="x2"   label="p"    sourcetype="reported"   units="Pa"       />
        <property name="ignition delay"                id="x3"   label="tau"  sourcetype="reported"   units="us"       />
        <property name="evaluated standard deviation"  id="x4"   sourcetype="estimated"  units="unitless"  reference="ignition delay"  kind="relative"  method="combined from scatter and the uncertainty of conditions" />

        <dataPoint><x1>1877</x1><x2>3.1e+005</x2> <x3>122</x3><x4>0.126</x4></dataPoint>
        <dataPoint><x1>1763</x1><x2>3.3e+005</x2> <x3>287</x3><x4>0.141</x4></dataPoint>
        <dataPoint><x1>1686</x1><x2>3.3e+005</x2> <x3>542</x3><x4>0.153</x4></dataPoint>
        <dataPoint><x1>1650</x1><x2>3.4e+005</x2> <x3>742</x3><x4>0.159</x4></dataPoint>
        <dataPoint><x1>1629</x1><x2>3.5e+005</x2> <x3>876</x3><x4>0.163</x4></dataPoint>
        <dataPoint><x1>1613</x1><x2>3.1e+005</x2> <x3>994</x3><x4>0.166</x4></dataPoint>
        <dataPoint><x1>1598</x1><x2>3.0e+005</x2><x3>1164</x3><x4>0.169</x4></dataPoint>
        <dataPoint><x1>1570</x1><x2>3.6e+005</x2><x3>1564</x3><x4>0.175</x4></dataPoint>
        <dataPoint><x1>1553</x1><x2>3.9e+005</x2><x3>1956</x3><x4>0.179</x4></dataPoint>
        <dataPoint><x1>1534</x1><x2>3.6e+005</x2><x3>2254</x3><x4>0.183</x4></dataPoint>
        <dataPoint><x1>1527</x1><x2>3.9e+005</x2><x3>2246</x3><x4>0.185</x4></dataPoint>
        <dataPoint><x1>1515</x1><x2>3.6e+005</x2><x3>2776</x3><x4>0.187</x4></dataPoint>
        <dataPoint><x1>1497</x1><x2>3.5e+005</x2><x3>3126</x3><x4>0.192</x4></dataPoint>
        <dataPoint><x1>1494</x1><x2>3.6e+005</x2><x3>3026</x3><x4>0.192</x4></dataPoint>
        <dataPoint><x1>1490</x1><x2>3.9e+005</x2><x3>3316</x3><x4>0.193</x4></dataPoint>
        <dataPoint><x1>1479</x1><x2>3.7e+005</x2><x3>3496</x3><x4>0.196</x4></dataPoint>
        <dataPoint><x1>1474</x1><x2>3.8e+005</x2><x3>3746</x3><x4>0.197</x4></dataPoint>
        <dataPoint><x1>1464</x1><x2>3.8e+005</x2><x3>4176</x3>  <x4>0.2</x4></dataPoint>
    </dataGroup>
    <ignitionType target="OHEX;" type="max"/>
</experiment>
