<experiment>
    <fileAuthor>Chemical Kinetics Laboratory, Institute of Chemistry, ELTE, Budapest, Hungary</fileAuthor>
    <fileDOI>10.24388/x10004118</fileDOI>
    <fileVersion>
        <major>2</major>
        <minor>2</minor>
    </fileVersion>
    <ReSpecThVersion>
        <major>2</major>
        <minor>3</minor>
    </ReSpecThVersion>
    <firstPublicationDate>2020-09-08</firstPublicationDate>
    <lastModificationDate>2020-11-18</lastModificationDate>
    <bibliographyLink>
        <description>Donhoe, N., Heufer, A., Metcalfe, W.K., Curran, H.J., Davis, M.L., Mathieu, O., Plichta, D., Morones, A., Petersen, E.L., Guthe, F., Combustion and Flame, 161, 1432-1443, 2014.</description>
        <referenceDOI>10.1016/j.combustflame.2013.12.005</referenceDOI>
        <location>Main article</location>
        <figure>Fig. 6., mixture 1</figure>
        <details>
            <author>Donhoe, N., Heufer, A., Metcalfe, W.K., Curran, H.J., Davis, M.L., Mathieu, O., Plichta, D., Morones, A., Petersen, E.L., Guthe, F.</author>
            <journal>Combust Flame</journal>
            <pages>1432--1443</pages>
            <title>Ignition delay times, laminar flame speeds, and mechanism validation for natural gas/hydrogen blends at elevated pressures</title>
            <volume>161</volume>
            <year>2014</year>
        </details>
    </bibliographyLink>
    <experimentType>ignition delay measurement</experimentType>
    <apparatus>
        <kind>shock tube</kind>
    </apparatus>
    <commonProperties>
        <property name="initial composition"           sourcetype="reported"  >
            <component><speciesLink preferredKey="CH4"  CAS="74-82-8"    InChI="1S/CH4/h1H4"  SMILES="C"     chemName="methane"  /><amount units="mole fraction" >0.01135</amount></component>
            <component><speciesLink preferredKey="O2"   CAS="7782-44-7"  InChI="1S/O2/c1-2"   SMILES="O=O"   chemName="oxygen"   /><amount units="mole fraction" >0.08378</amount></component>
            <component><speciesLink preferredKey="Ar"   CAS="7440-37-1"  InChI="1S/Ar"        SMILES="[Ar]"  chemName="argon"    /><amount units="mole fraction" >0.90000</amount></component>
            <component><speciesLink preferredKey="H2"   CAS="1333-74-0"  InChI="1S/H2/h1H"    SMILES="[HH]"  chemName="hydrogen" /><amount units="mole fraction" >0.00486</amount></component>
        </property>
        <property name="pressure rise"                 label="dp/dt"  sourcetype="reported"   units="ms-1"          ><value>0.02</value></property>
        <property name="evaluated standard deviation"  sourcetype="estimated"  units="unitless"       reference="ignition delay"  kind="relative"  method="combined from scatter and reported uncertainty" ><value>0.185</value></property>
    </commonProperties>
    <dataGroup id="dg1">
        <property name="temperature"     id="x1"   label="T"    sourcetype="reported"  units="K"   />
        <property name="ignition delay"  id="x2"   label="tau"  sourcetype="reported"  units="us"  />
        <property name="pressure"        id="x3"   label="p"    sourcetype="reported"  units="atm" />

        <dataPoint><x1>1283</x1><x2>1764.00</x2><x3>1.665</x3></dataPoint>
        <dataPoint><x1>1311</x1><x2>1108.70</x2><x3>1.624</x3></dataPoint>
        <dataPoint><x1>1354</x1> <x2>865.32</x2><x3>1.620</x3></dataPoint>
        <dataPoint><x1>1397</x1> <x2>574.12</x2><x3>1.586</x3></dataPoint>
        <dataPoint><x1>1454</x1> <x2>460.71</x2><x3>1.598</x3></dataPoint>
        <dataPoint><x1>1529</x1> <x2>289.15</x2><x3>1.563</x3></dataPoint>
        <dataPoint><x1>1555</x1> <x2>195.80</x2><x3>1.545</x3></dataPoint>
        <dataPoint><x1>1600</x1> <x2>169.89</x2><x3>1.537</x3></dataPoint>
        <dataPoint><x1>1645</x1> <x2>132.73</x2><x3>1.512</x3></dataPoint>
        <dataPoint><x1>1722</x1>  <x2>98.66</x2><x3>1.548</x3></dataPoint>
    </dataGroup>
    <ignitionType target="OHEX" type="baseline min intercept from d/dt"/>
</experiment>
