<experiment>
    <fileAuthor>Chemical Kinetics Laboratory, Institute of Chemistry, ELTE, Budapest, Hungary</fileAuthor>
    <fileDOI>10.24388/x10004139</fileDOI>
    <fileVersion>
        <major>2</major>
        <minor>2</minor>
    </fileVersion>
    <ReSpecThVersion>
        <major>2</major>
        <minor>3</minor>
    </ReSpecThVersion>
    <firstPublicationDate>2020-09-08</firstPublicationDate>
    <lastModificationDate>2020-11-18</lastModificationDate>
    <bibliographyLink>
        <description>Lifshitz, A., Scheller, K., Burcat, A., Combustion and Flame, 16, 311-321, 1971.</description>
        <referenceDOI>10.1016/s0010-2180(71)80102-5</referenceDOI>
        <location>Main article</location>
        <table>Table 2., Group 2A</table>
        <figure>Fig. 2. open circle</figure>
        <details>
            <author>Lifshitz, A and Scheller, K and Burcat, A and Skinner, G B</author>
            <journal>Combust Flame</journal>
            <pages>311--321</pages>
            <title>Shock-tube investigation of ignition in methane-oxygen-argon mixtures</title>
            <volume>16</volume>
            <year>1971</year>
        </details>
    </bibliographyLink>
    <experimentType>ignition delay measurement</experimentType>
    <apparatus>
        <kind>shock tube</kind>
    </apparatus>
    <commonProperties>
        <property name="pressure"             sourcetype="calculated"  units="atm"           ><value>9.42</value></property>
        <property name="initial composition"  sourcetype="reported"   >
            <component><speciesLink preferredKey="CH4"  CAS="74-82-8"    InChI="1S/CH4/h1H4"  SMILES="C"     chemName="methane" /><amount units="mole fraction" >0.0212</amount></component>
            <component><speciesLink preferredKey="O2"   CAS="7782-44-7"  InChI="1S/O2/c1-2"   SMILES="O=O"   chemName="oxygen"  /><amount units="mole fraction" >0.0212</amount></component>
            <component><speciesLink preferredKey="Ar"   CAS="7440-37-1"  InChI="1S/Ar"        SMILES="[Ar]"  chemName="argon"   /><amount units="mole fraction" >0.9576</amount></component>
        </property>
    </commonProperties>
    <dataGroup id="dg1">
        <property name="temperature"                   id="x1"   label="T"    sourcetype="digitized"  units="K"        />
        <property name="ignition delay"                id="x2"   label="tau"  sourcetype="digitized"  units="us"       />
        <property name="evaluated standard deviation"  id="x3"   sourcetype="estimated"  units="unitless"  reference="ignition delay"  kind="relative"  method="combined from scatter and the uncertainty of conditions" />

        <dataPoint><x1>2027.3</x1> <x2>46.40</x2> <x3>0.15</x3></dataPoint>
        <dataPoint><x1>1971.9</x1> <x2>70.41</x2><x3>0.155</x3></dataPoint>
        <dataPoint><x1>1906.8</x1> <x2>94.31</x2><x3>0.162</x3></dataPoint>
        <dataPoint><x1>1880.5</x1><x2>108.80</x2><x3>0.165</x3></dataPoint>
        <dataPoint><x1>1844.1</x1><x2>124.70</x2><x3>0.169</x3></dataPoint>
        <dataPoint><x1>1844.3</x1><x2>167.20</x2><x3>0.169</x3></dataPoint>
        <dataPoint><x1>1807.5</x1><x2>182.30</x2><x3>0.174</x3></dataPoint>
        <dataPoint><x1>1778.0</x1><x2>226.70</x2><x3>0.178</x3></dataPoint>
        <dataPoint><x1>1702.0</x1><x2>455.20</x2><x3>0.189</x3></dataPoint>
        <dataPoint><x1>1681.0</x1><x2>505.90</x2><x3>0.193</x3></dataPoint>
    </dataGroup>
    <ignitionType target="p" type="d/dt max"/>
</experiment>
