<experiment>
    <fileAuthor>Chemical Kinetics Laboratory, Institute of Chemistry, ELTE, Budapest, Hungary</fileAuthor>
    <fileDOI>10.24388/x10004389</fileDOI>
    <fileVersion>
        <major>2</major>
        <minor>2</minor>
    </fileVersion>
    <ReSpecThVersion>
        <major>2</major>
        <minor>3</minor>
    </ReSpecThVersion>
    <firstPublicationDate>2020-09-08</firstPublicationDate>
    <lastModificationDate>2020-11-18</lastModificationDate>
    <bibliographyLink>
        <description>Grillo, A., Slack, M.W., Combustion and Flame, 27, 377-381, 1976.</description>
        <referenceDOI>10.1016/0010-2180(76)90042-0</referenceDOI>
        <location>Main article</location>
        <table>Table 1. mixture 4</table>
        <figure>Fig. 2. full triangle</figure>
        <details>
            <author>Grillo, A and Slack, M W</author>
            <journal>Combust Flame</journal>
            <pages>377--381</pages>
            <title>Shock tube study of ignition delay times in methane - oxygen - nitrogen - argon mixtures</title>
            <volume>27</volume>
            <year>1976</year>
        </details>
    </bibliographyLink>
    <experimentType>ignition delay measurement</experimentType>
    <apparatus>
        <kind>shock tube</kind>
    </apparatus>
    <commonProperties>
        <property name="pressure"             sourcetype="reported"  units="atm"           ><value>2.95</value></property>
        <property name="initial composition"  sourcetype="reported" >
            <component><speciesLink preferredKey="CH4"  CAS="74-82-8"    InChI="1S/CH4/h1H4"  SMILES="C"     chemName="methane"  /><amount units="mole fraction" >0.0183</amount></component>
            <component><speciesLink preferredKey="O2"   CAS="7782-44-7"  InChI="1S/O2/c1-2"   SMILES="O=O"   chemName="oxygen"   /><amount units="mole fraction" >0.0367</amount></component>
            <component><speciesLink preferredKey="N2"   CAS="7727-37-9"  InChI="1S/N2/c1-2"   SMILES="N#N"   chemName="nitrogen" /><amount units="mole fraction" >0.0825</amount></component>
            <component><speciesLink preferredKey="Ar"   CAS="7440-37-1"  InChI="1S/Ar"        SMILES="[Ar]"  chemName="argon"    /><amount units="mole fraction" >0.8625</amount></component>
        </property>
    </commonProperties>
    <dataGroup id="dg1">
        <property name="temperature"                   id="x1"   label="T"    sourcetype="digitized"  units="K"        />
        <property name="ignition delay"                id="x2"   label="tau"  sourcetype="digitized"  units="us"       />
        <property name="evaluated standard deviation"  id="x3"   sourcetype="estimated"  units="unitless"  reference="ignition delay"  kind="relative"  method="from uncertainty of experimental conditions" />

        <dataPoint><x1>2152.1</x1> <x2>14.80</x2><x3>0.108</x3></dataPoint>
        <dataPoint><x1>1838.2</x1><x2>105.20</x2><x3>0.148</x3></dataPoint>
        <dataPoint><x1>1772.9</x1><x2>187.50</x2><x3>0.159</x3></dataPoint>
        <dataPoint><x1>1690.7</x1><x2>341.70</x2><x3>0.175</x3></dataPoint>
    </dataGroup>
    <ignitionType target="OHEX" type="d/dt max"/>
</experiment>
