<experiment>
    <fileAuthor>Chemical Kinetics Laboratory, Institute of Chemistry, ELTE, Budapest, Hungary</fileAuthor>
    <fileDOI>10.24388/x10004035</fileDOI>
    <fileVersion>
        <major>2</major>
        <minor>2</minor>
    </fileVersion>
    <ReSpecThVersion>
        <major>2</major>
        <minor>3</minor>
    </ReSpecThVersion>
    <firstPublicationDate>2020-09-08</firstPublicationDate>
    <lastModificationDate>2020-11-18</lastModificationDate>
    <bibliographyLink>
        <description>Zhang, Y-J., Huang, Z-H., Wei, L-J., Nia, S-D., Chinese Science Bulletine, 56, 2853-2861, 2011.</description>
        <referenceDOI>10.1007/s11434-011-4635-4</referenceDOI>
        <location>Main article</location>
        <table>Table 3. Mixture 2.</table>
        <figure>Figure 5, 6 (not used)</figure>
        <details>
            <author>Zhang, Yingjia and Huang, Zuohua and Wei, Liangjie and Niu, Shaodong</author>
            <journal>Chinese Science Bulletin</journal>
            <number>26</number>
            <pages>2853--2861</pages>
            <title>Experimental and kinetic study on ignition delay times of methane/hydrogen/oxygen/nitrogen mixtures by shock tube</title>
            <volume>56</volume>
            <year>2011</year>
        </details>
    </bibliographyLink>
    <experimentType>ignition delay measurement</experimentType>
    <apparatus>
        <kind>shock tube</kind>
    </apparatus>
    <commonProperties>
        <property name="initial composition"  sourcetype="reported" >
            <component><speciesLink preferredKey="CH4"  CAS="74-82-8"    InChI="1S/CH4/h1H4"  SMILES="C"     chemName="methane"  /><amount units="mole fraction" >0.02423</amount></component>
            <component><speciesLink preferredKey="O2"   CAS="7782-44-7"  InChI="1S/O2/c1-2"   SMILES="O=O"   chemName="oxygen"   /><amount units="mole fraction" >0.02449</amount></component>
            <component><speciesLink preferredKey="H2"   CAS="1333-74-0"  InChI="1S/H2/h1H"    SMILES="[HH]"  chemName="hydrogen" /><amount units="mole fraction" >0.00128</amount></component>
            <component><speciesLink preferredKey="N2"   CAS="7727-37-9"  InChI="1S/N2/c1-2"   SMILES="N#N"   chemName="nitrogen" /><amount units="mole fraction" >0.95000</amount></component>
        </property>
    </commonProperties>
    <dataGroup id="dg1">
        <property name="temperature"                   id="x1"   label="T"    sourcetype="reported"   units="K"        />
        <property name="pressure"                      id="x2"   label="p"    sourcetype="reported"   units="Pa"       />
        <property name="ignition delay"                id="x3"   label="tau"  sourcetype="reported"   units="us"       />
        <property name="evaluated standard deviation"  id="x4"   sourcetype="estimated"  units="unitless"  reference="ignition delay"  kind="relative"  method="combined from scatter and the uncertainty of conditions" />

        <dataPoint><x1>1815</x1><x2>3.5e+005</x2> <x3>203</x3> <x4>0.18</x4></dataPoint>
        <dataPoint><x1>1798</x1><x2>3.6e+005</x2> <x3>192</x3><x4>0.182</x4></dataPoint>
        <dataPoint><x1>1792</x1><x2>3.6e+005</x2> <x3>222</x3><x4>0.183</x4></dataPoint>
        <dataPoint><x1>1786</x1><x2>3.7e+005</x2> <x3>318</x3><x4>0.184</x4></dataPoint>
        <dataPoint><x1>1724</x1><x2>3.7e+005</x2> <x3>454</x3><x4>0.193</x4></dataPoint>
        <dataPoint><x1>1716</x1><x2>3.5e+005</x2> <x3>498</x3><x4>0.194</x4></dataPoint>
        <dataPoint><x1>1698</x1><x2>3.7e+005</x2> <x3>537</x3><x4>0.197</x4></dataPoint>
        <dataPoint><x1>1693</x1><x2>3.7e+005</x2> <x3>727</x3><x4>0.198</x4></dataPoint>
        <dataPoint><x1>1687</x1><x2>3.6e+005</x2> <x3>760</x3><x4>0.199</x4></dataPoint>
        <dataPoint><x1>1675</x1><x2>3.8e+005</x2> <x3>696</x3><x4>0.201</x4></dataPoint>
        <dataPoint><x1>1657</x1><x2>3.7e+005</x2> <x3>824</x3><x4>0.204</x4></dataPoint>
        <dataPoint><x1>1655</x1><x2>3.8e+005</x2> <x3>752</x3><x4>0.205</x4></dataPoint>
        <dataPoint><x1>1623</x1><x2>3.7e+005</x2><x3>1077</x3><x4>0.211</x4></dataPoint>
        <dataPoint><x1>1616</x1><x2>3.8e+005</x2><x3>1245</x3><x4>0.212</x4></dataPoint>
        <dataPoint><x1>1610</x1><x2>3.9e+005</x2><x3>1210</x3><x4>0.213</x4></dataPoint>
        <dataPoint><x1>1592</x1><x2>3.8e+005</x2><x3>1684</x3><x4>0.217</x4></dataPoint>
        <dataPoint><x1>1577</x1><x2>3.7e+005</x2><x3>1880</x3> <x4>0.22</x4></dataPoint>
        <dataPoint><x1>1572</x1><x2>3.7e+005</x2><x3>1922</x3><x4>0.221</x4></dataPoint>
        <dataPoint><x1>1553</x1><x2>4.0e+005</x2><x3>2694</x3><x4>0.225</x4></dataPoint>
        <dataPoint><x1>1545</x1><x2>3.7e+005</x2><x3>2868</x3><x4>0.227</x4></dataPoint>
        <dataPoint><x1>1538</x1><x2>3.8e+005</x2><x3>3199</x3><x4>0.229</x4></dataPoint>
        <dataPoint><x1>1523</x1><x2>3.8e+005</x2><x3>3289</x3><x4>0.233</x4></dataPoint>
        <dataPoint><x1>1518</x1><x2>3.7e+005</x2><x3>3579</x3><x4>0.234</x4></dataPoint>
        <dataPoint><x1>1505</x1><x2>3.8e+005</x2><x3>3960</x3><x4>0.237</x4></dataPoint>
    </dataGroup>
    <ignitionType target="OHEX;" type="max"/>
</experiment>
