<experiment>
    <fileAuthor>Chemical Kinetics Laboratory, Institute of Chemistry, ELTE, Budapest, Hungary</fileAuthor>
    <fileDOI>10.24388/x10004002</fileDOI>
    <fileVersion>
        <major>2</major>
        <minor>2</minor>
    </fileVersion>
    <ReSpecThVersion>
        <major>2</major>
        <minor>3</minor>
    </ReSpecThVersion>
    <firstPublicationDate>2020-09-08</firstPublicationDate>
    <lastModificationDate>2020-11-18</lastModificationDate>
    <bibliographyLink>
        <description>Seery, D.J., Bowman, C.T., Combustion and Flame (14), 37-48, 1970.</description>
        <referenceDOI>10.1016/s0010-2180(70)80008-6</referenceDOI>
        <location>Main article</location>
        <table>Table 2., phi=0.5</table>
        <figure>Figure 2. (not used)</figure>
        <details>
            <author>Seery, D. J., Bowman, C. T.</author>
            <journal>Combust Flame</journal>
            <pages>34--47</pages>
            <title>An experimental and analytical study of methane oxidation behind shock waves</title>
            <volume>14</volume>
            <year>1970</year>
        </details>
    </bibliographyLink>
    <experimentType>ignition delay measurement</experimentType>
    <apparatus>
        <kind>shock tube</kind>
    </apparatus>
    <commonProperties>
        <property name="initial composition"           sourcetype="reported"  >
            <component><speciesLink preferredKey="CH4"  CAS="74-82-8"    InChI="1S/CH4/h1H4"  SMILES="C"     chemName="methane" /><amount units="mole fraction" >0.048</amount></component>
            <component><speciesLink preferredKey="O2"   CAS="7782-44-7"  InChI="1S/O2/c1-2"   SMILES="O=O"   chemName="oxygen"  /><amount units="mole fraction" >0.191</amount></component>
            <component><speciesLink preferredKey="Ar"   CAS="7440-37-1"  InChI="1S/Ar"        SMILES="[Ar]"  chemName="argon"   /><amount units="mole fraction" >0.762</amount></component>
        </property>
        <property name="evaluated standard deviation"  sourcetype="estimated"  units="unitless"       reference="ignition delay"  kind="relative"  method="statistical scatter" ><value>0.39</value></property>
    </commonProperties>
    <dataGroup id="dg1">
        <property name="pressure"        id="x1"   label="p"    sourcetype="reported"  units="atm" />
        <property name="temperature"     id="x2"   label="T"    sourcetype="reported"  units="K"   />
        <property name="ignition delay"  id="x3"   label="tau"  sourcetype="reported"  units="us"  />

        <dataPoint><x1>1.93</x1><x2>1881</x2>  <x3>25</x3></dataPoint>
        <dataPoint><x1>1.80</x1><x2>1830</x2>  <x3>40</x3></dataPoint>
        <dataPoint><x1>1.92</x1><x2>1860</x2>  <x3>45</x3></dataPoint>
        <dataPoint><x1>1.86</x1><x2>1790</x2>  <x3>60</x3></dataPoint>
        <dataPoint><x1>1.73</x1><x2>1654</x2>  <x3>85</x3></dataPoint>
        <dataPoint><x1>2.13</x1><x2>1657</x2> <x3>150</x3></dataPoint>
        <dataPoint><x1>2.72</x1><x2>1632</x2> <x3>180</x3></dataPoint>
        <dataPoint><x1>1.87</x1><x2>1656</x2> <x3>210</x3></dataPoint>
        <dataPoint><x1>2.56</x1><x2>1598</x2> <x3>220</x3></dataPoint>
        <dataPoint><x1>2.01</x1><x2>1572</x2> <x3>250</x3></dataPoint>
        <dataPoint><x1>2.28</x1><x2>1614</x2> <x3>290</x3></dataPoint>
        <dataPoint><x1>1.70</x1><x2>1562</x2> <x3>380</x3></dataPoint>
        <dataPoint><x1>2.29</x1><x2>1539</x2> <x3>430</x3></dataPoint>
        <dataPoint><x1>1.56</x1><x2>1522</x2> <x3>480</x3></dataPoint>
        <dataPoint><x1>1.60</x1><x2>1540</x2> <x3>520</x3></dataPoint>
        <dataPoint><x1>1.60</x1><x2>1464</x2><x3>1080</x3></dataPoint>
        <dataPoint><x1>4.83</x1><x2>1594</x2>  <x3>85</x3></dataPoint>
        <dataPoint><x1>3.92</x1><x2>1590</x2> <x3>110</x3></dataPoint>
        <dataPoint><x1>4.27</x1><x2>1548</x2> <x3>175</x3></dataPoint>
        <dataPoint><x1>3.80</x1><x2>1520</x2> <x3>280</x3></dataPoint>
        <dataPoint><x1>3.47</x1><x2>1498</x2> <x3>320</x3></dataPoint>
        <dataPoint><x1>3.68</x1><x2>1500</x2> <x3>380</x3></dataPoint>
        <dataPoint><x1>4.52</x1><x2>1464</x2> <x3>410</x3></dataPoint>
        <dataPoint><x1>3.63</x1><x2>1474</x2> <x3>530</x3></dataPoint>
        <dataPoint><x1>3.74</x1><x2>1416</x2> <x3>540</x3></dataPoint>
        <dataPoint><x1>3.86</x1><x2>1388</x2> <x3>800</x3></dataPoint>
        <dataPoint><x1>3.48</x1><x2>1420</x2> <x3>980</x3></dataPoint>
        <dataPoint><x1>3.98</x1><x2>1348</x2><x3>1350</x3></dataPoint>
        <dataPoint><x1>3.50</x1><x2>1358</x2><x3>1450</x3></dataPoint>
    </dataGroup>
    <ignitionType target="p;" type="d/dt max"/>
</experiment>
