<experiment>
    <fileAuthor>Chemical Kinetics Laboratory, Institute of Chemistry, ELTE, Budapest, Hungary</fileAuthor>
    <fileDOI>10.24388/x10004150</fileDOI>
    <fileVersion>
        <major>2</major>
        <minor>2</minor>
    </fileVersion>
    <ReSpecThVersion>
        <major>2</major>
        <minor>3</minor>
    </ReSpecThVersion>
    <firstPublicationDate>2020-09-08</firstPublicationDate>
    <lastModificationDate>2020-11-18</lastModificationDate>
    <bibliographyLink>
        <description>Tsuboi, T., Wagner, Gg., Proceedings of the Combustion Institue, 15, 883-890, 1974.</description>
        <referenceDOI>10.1016/s0082-0784(75)80355-9</referenceDOI>
        <location>Main article</location>
        <figure>Fig. 2. full circle</figure>
        <details>
            <author>Tsuboi, T and Wagner, H Gg</author>
            <journal>Symp (Int) Combust</journal>
            <pages>883--890</pages>
            <title>Homogeneous Thermal Oxidation of Methane in Reflected Shock Waves</title>
            <volume>15</volume>
            <year>1974</year>
        </details>
    </bibliographyLink>
    <experimentType>ignition delay measurement</experimentType>
    <apparatus>
        <kind>shock tube</kind>
    </apparatus>
    <commonProperties>
        <property name="initial composition"           sourcetype="reported"  >
            <component><speciesLink preferredKey="CH4"  CAS="74-82-8"    InChI="1S/CH4/h1H4"  SMILES="C"     chemName="methane" /><amount units="mole fraction" >0.002</amount></component>
            <component><speciesLink preferredKey="O2"   CAS="7782-44-7"  InChI="1S/O2/c1-2"   SMILES="O=O"   chemName="oxygen"  /><amount units="mole fraction" >0.020</amount></component>
            <component><speciesLink preferredKey="Ar"   CAS="7440-37-1"  InChI="1S/Ar"        SMILES="[Ar]"  chemName="argon"   /><amount units="mole fraction" >0.978</amount></component>
        </property>
        <property name="evaluated standard deviation"  sourcetype="estimated"  units="unitless"       reference="ignition delay"  kind="relative"  method="generic uncertainty" ><value>0.1</value></property>
    </commonProperties>
    <dataGroup id="dg1">
        <property name="temperature"     id="x1"   label="T"    sourcetype="digitized"   units="K"   />
        <property name="ignition delay"  id="x2"   label="tau"  sourcetype="digitized"   units="us"  />
        <property name="pressure"        id="x3"   label="p"    sourcetype="calculated"  units="atm" />

        <dataPoint><x1>1891.4</x1> <x2>39.137</x2><x3>8.846</x3></dataPoint>
        <dataPoint><x1>1806.0</x1> <x2>71.097</x2><x3>8.446</x3></dataPoint>
        <dataPoint><x1>1812.0</x1> <x2>74.829</x2><x3>8.475</x3></dataPoint>
        <dataPoint><x1>1757.5</x1><x2>108.900</x2><x3>8.219</x3></dataPoint>
        <dataPoint><x1>1734.9</x1><x2>122.710</x2><x3>8.114</x3></dataPoint>
        <dataPoint><x1>1744.7</x1><x2>131.370</x2><x3>8.160</x3></dataPoint>
        <dataPoint><x1>1734.9</x1><x2>138.270</x2><x3>8.114</x3></dataPoint>
        <dataPoint><x1>1717.0</x1><x2>155.800</x2><x3>8.030</x3></dataPoint>
        <dataPoint><x1>1727.9</x1><x2>166.810</x2><x3>8.081</x3></dataPoint>
        <dataPoint><x1>1704.8</x1><x2>187.960</x2><x3>7.973</x3></dataPoint>
        <dataPoint><x1>1657.7</x1><x2>313.540</x2><x3>7.753</x3></dataPoint>
        <dataPoint><x1>1621.6</x1><x2>398.100</x2><x3>7.584</x3></dataPoint>
        <dataPoint><x1>1609.5</x1><x2>472.140</x2><x3>7.527</x3></dataPoint>
    </dataGroup>
    <ignitionType target="CH4" type="baseline max intercept from d/dt"/>
</experiment>
