<experiment>
    <fileAuthor>Chemical Kinetics Laboratory, Institute of Chemistry, ELTE, Budapest, Hungary</fileAuthor>
    <fileDOI>10.24388/x10004586</fileDOI>
    <fileVersion>
        <major>2</major>
        <minor>2</minor>
    </fileVersion>
    <ReSpecThVersion>
        <major>2</major>
        <minor>3</minor>
    </ReSpecThVersion>
    <firstPublicationDate>2020-09-08</firstPublicationDate>
    <lastModificationDate>2020-11-18</lastModificationDate>
    <bibliographyLink>
        <description>J. Shao, D. F. Davidson, R. K. Hanson, Fuel, 225, 370–380, 2018.</description>
        <referenceDOI>10.1016/j.fuel.2018.03.146</referenceDOI>
        <location>Main Aricle</location>
        <table>Table 1 and Appendix A, Mixture 2, P = 14 atm series</table>
        <details>
            <author>J. Shao, D. F. Davidson, R. K. Hanson</author>
            <journal>Fuel</journal>
            <pages>370-–380</pages>
            <title>A shock tube study of ignition delay times in diluted methane, ethylene, propene and their blends at elevated pressures</title>
            <volume>225</volume>
            <year>2018</year>
        </details>
    </bibliographyLink>
    <experimentType>ignition delay measurement</experimentType>
    <apparatus>
        <kind>shock tube</kind>
        <mode>reflected shock</mode>
    </apparatus>
    <commonProperties>
        <property name="initial composition"           sourcetype="reported"  >
            <component><speciesLink preferredKey="CH4"  CAS="74-82-8"    InChI="1S/CH4/h1H4"  SMILES="C"     chemName="methane" /><amount units="mole fraction" >0.0385</amount></component>
            <component><speciesLink preferredKey="O2"   CAS="7782-44-7"  InChI="1S/O2/c1-2"   SMILES="O=O"   chemName="oxygen"  /><amount units="mole fraction" >0.0385</amount></component>
            <component><speciesLink preferredKey="Ar"   CAS="7440-37-1"  InChI="1S/Ar"        SMILES="[Ar]"  chemName="argon"   /><amount units="mole fraction" >0.9230</amount></component>
        </property>
        <property name="evaluated standard deviation"  sourcetype="estimated"  units="unitless"       reference="ignition delay"  kind="relative"  method="combined from scatter and reported uncertainty" ><value>0.107</value></property>
    </commonProperties>
    <dataGroup id="dg1">
        <property name="temperature"     id="x1"   label="T"    sourcetype="reported"  units="K"   />
        <property name="ignition delay"  id="x2"   label="tau"  sourcetype="reported"  units="us"  />
        <property name="pressure"        id="x3"   label="P"    sourcetype="reported"  units="atm" />

        <dataPoint><x1>1782</x1> <x2>134</x2><x3>13.3</x3></dataPoint>
        <dataPoint><x1>1782</x1> <x2>134</x2><x3>13.3</x3></dataPoint>
        <dataPoint><x1>1769</x1> <x2>145</x2><x3>13.3</x3></dataPoint>
        <dataPoint><x1>1749</x1> <x2>180</x2><x3>13.3</x3></dataPoint>
        <dataPoint><x1>1739</x1> <x2>193</x2><x3>13.3</x3></dataPoint>
        <dataPoint><x1>1728</x1> <x2>206</x2><x3>13.4</x3></dataPoint>
        <dataPoint><x1>1704</x1> <x2>229</x2><x3>13.5</x3></dataPoint>
        <dataPoint><x1>1657</x1> <x2>307</x2><x3>13.6</x3></dataPoint>
        <dataPoint><x1>1630</x1> <x2>359</x2><x3>13.8</x3></dataPoint>
        <dataPoint><x1>1627</x1> <x2>393</x2><x3>13.8</x3></dataPoint>
        <dataPoint><x1>1600</x1> <x2>461</x2><x3>13.9</x3></dataPoint>
        <dataPoint><x1>1504</x1><x2>1259</x2><x3>14.3</x3></dataPoint>
        <dataPoint><x1>1481</x1><x2>1471</x2><x3>14.4</x3></dataPoint>
        <dataPoint><x1>1464</x1><x2>1717</x2><x3>14.8</x3></dataPoint>
    </dataGroup>
    <ignitionType target="p" type="baseline min intercept from d/dt"/>
</experiment>
