<experiment>
    <fileAuthor>Chemical Kinetics Laboratory, Institute of Chemistry, ELTE, Budapest, Hungary</fileAuthor>
    <fileDOI>10.24388/x10004107</fileDOI>
    <fileVersion>
        <major>2</major>
        <minor>2</minor>
    </fileVersion>
    <ReSpecThVersion>
        <major>2</major>
        <minor>3</minor>
    </ReSpecThVersion>
    <firstPublicationDate>2020-09-08</firstPublicationDate>
    <lastModificationDate>2020-11-18</lastModificationDate>
    <bibliographyLink>
        <description>Cooke, D.F., Williams, A., Combustion and Flame, 24, 245-256, 1975.</description>
        <referenceDOI>10.1016/0010-2180(75)90154-6</referenceDOI>
        <location>Main article</location>
        <figure>Fig. 3. Mixture 4. d circle</figure>
        <details>
            <author>Cooke, D F and Williams, A</author>
            <journal>Combust Flame</journal>
            <pages>245--256</pages>
            <title>Shock tube studies of methane and ethane oxidation</title>
            <volume>24</volume>
            <year>1975</year>
        </details>
    </bibliographyLink>
    <experimentType>ignition delay measurement</experimentType>
    <apparatus>
        <kind>shock tube</kind>
    </apparatus>
    <commonProperties>
        <property name="pressure"                      sourcetype="calculated"  units="atm"           ><value>0.329</value></property>
        <property name="initial composition"           sourcetype="reported"   >
            <component><speciesLink preferredKey="CH4"  CAS="74-82-8"    InChI="1S/CH4/h1H4"  SMILES="C"     chemName="methane" /><amount units="mole fraction" >0.01</amount></component>
            <component><speciesLink preferredKey="O2"   CAS="7782-44-7"  InChI="1S/O2/c1-2"   SMILES="O=O"   chemName="oxygen"  /><amount units="mole fraction" >0.04</amount></component>
            <component><speciesLink preferredKey="Ar"   CAS="7440-37-1"  InChI="1S/Ar"        SMILES="[Ar]"  chemName="argon"   /><amount units="mole fraction" >0.95</amount></component>
        </property>
        <property name="evaluated standard deviation"  sourcetype="estimated"   units="unitless"       reference="ignition delay"  kind="relative"  method="combined from scatter and reported uncertainty" ><value>0.223</value></property>
    </commonProperties>
    <dataGroup id="dg1">
        <property name="temperature"     id="x1"   label="T"    sourcetype="digitized"  units="K"  />
        <property name="ignition delay"  id="x2"   label="tau"  sourcetype="digitized"  units="us" />

        <dataPoint><x1>2106.21</x1> <x2>71.42</x2></dataPoint>
        <dataPoint><x1>2104.58</x1> <x2>79.06</x2></dataPoint>
        <dataPoint><x1>2038.26</x1><x2>113.20</x2></dataPoint>
        <dataPoint><x1>2003.68</x1><x2>106.10</x2></dataPoint>
        <dataPoint><x1>2003.68</x1><x2>119.50</x2></dataPoint>
        <dataPoint><x1>2002.21</x1><x2>127.80</x2></dataPoint>
        <dataPoint><x1>1987.56</x1><x2>121.60</x2></dataPoint>
        <dataPoint><x1>1986.10</x1><x2>130.20</x2></dataPoint>
        <dataPoint><x1>1963.14</x1><x2>144.30</x2></dataPoint>
        <dataPoint><x1>1968.83</x1><x2>159.70</x2></dataPoint>
        <dataPoint><x1>1935.17</x1><x2>160.10</x2></dataPoint>
        <dataPoint><x1>1940.70</x1><x2>189.50</x2></dataPoint>
        <dataPoint><x1>1901.31</x1><x2>203.50</x2></dataPoint>
        <dataPoint><x1>1902.64</x1><x2>225.20</x2></dataPoint>
        <dataPoint><x1>1852.06</x1><x2>218.70</x2></dataPoint>
        <dataPoint><x1>1845.77</x1><x2>277.20</x2></dataPoint>
        <dataPoint><x1>1855.85</x1><x2>306.50</x2></dataPoint>
        <dataPoint><x1>1802.89</x1><x2>340.90</x2></dataPoint>
        <dataPoint><x1>1788.65</x1><x2>341.40</x2></dataPoint>
        <dataPoint><x1>1692.80</x1><x2>475.50</x2></dataPoint>
    </dataGroup>
    <ignitionType target="OHEX" type="baseline min intercept from d/dt"/>
</experiment>
