<experiment>
    <fileAuthor>Chemical Kinetics Laboratory, Institute of Chemistry, ELTE, Budapest, Hungary</fileAuthor>
    <fileDOI>10.24388/x10004274</fileDOI>
    <fileVersion>
        <major>2</major>
        <minor>2</minor>
    </fileVersion>
    <ReSpecThVersion>
        <major>2</major>
        <minor>3</minor>
    </ReSpecThVersion>
    <firstPublicationDate>2020-09-08</firstPublicationDate>
    <lastModificationDate>2020-11-18</lastModificationDate>
    <bibliographyLink>
        <description>Levy, Y., Olchanski, E., Sherbaum, V., Erenburg, V., Burcat, A., Journal of Propulsion and Power, 22, 669-675, 2006.</description>
        <referenceDOI>10.2514/1.12511</referenceDOI>
        <location>Main article</location>
        <table>Table 1. + Appendix mixture 5</table>
        <details>
            <author>Levy, Yeshayahou and Olchanski, Erna and Sherbaum, Valery and Erenburg, Vladimir and Burcat, Alexander</author>
            <journal>J Propul Power</journal>
            <number>3</number>
            <pages>669--676</pages>
            <title>Shock-Tube Ignition Study of Methane in Air and Recirculating Gases Mixtures</title>
            <volume>22</volume>
            <year>2006</year>
        </details>
    </bibliographyLink>
    <experimentType>ignition delay measurement</experimentType>
    <apparatus>
        <kind>shock tube</kind>
    </apparatus>
    <commonProperties>
        <property name="initial composition"  sourcetype="reported" >
            <component><speciesLink preferredKey="CH4"  CAS="74-82-8"    InChI="1S/CH4/h1H4"  SMILES="C"    chemName="methane"  /><amount units="mole fraction" >0.0224</amount></component>
            <component><speciesLink preferredKey="O2"   CAS="7782-44-7"  InChI="1S/O2/c1-2"   SMILES="O=O"  chemName="oxygen"   /><amount units="mole fraction" >0.1550</amount></component>
            <component><speciesLink preferredKey="N2"   CAS="7727-37-9"  InChI="1S/N2/c1-2"   SMILES="N#N"  chemName="nitrogen" /><amount units="mole fraction" >0.8240</amount></component>
        </property>
    </commonProperties>
    <dataGroup id="dg1">
        <property name="temperature"                   id="x1"   label="T"    sourcetype="reported"   units="K"        />
        <property name="ignition delay"                id="x2"   label="tau"  sourcetype="reported"   units="us"       />
        <property name="pressure"                      id="x3"   label="p"    sourcetype="reported"   units="atm"      />
        <property name="evaluated standard deviation"  id="x4"   sourcetype="estimated"  units="unitless"  reference="ignition delay"  kind="relative"  method="combined from scatter and the uncertainty of conditions" />

        <dataPoint><x1>1533</x1><x2>253</x2><x3>7.71</x3><x4>0.123</x4></dataPoint>
        <dataPoint><x1>1433</x1><x2>506</x2><x3>6.75</x3><x4>0.125</x4></dataPoint>
        <dataPoint><x1>1546</x1><x2>204</x2><x3>7.84</x3><x4>0.123</x4></dataPoint>
        <dataPoint><x1>1533</x1><x2>218</x2><x3>7.71</x3><x4>0.123</x4></dataPoint>
        <dataPoint><x1>1560</x1><x2>162</x2><x3>7.98</x3><x4>0.123</x4></dataPoint>
        <dataPoint><x1>1694</x1> <x2>72</x2><x3>9.32</x3><x4>0.121</x4></dataPoint>
        <dataPoint><x1>1533</x1><x2>261</x2><x3>7.71</x3><x4>0.123</x4></dataPoint>
        <dataPoint><x1>1494</x1><x2>366</x2><x3>7.33</x3><x4>0.124</x4></dataPoint>
        <dataPoint><x1>1433</x1><x2>655</x2><x3>6.82</x3><x4>0.125</x4></dataPoint>
        <dataPoint><x1>1444</x1><x2>405</x2><x3>6.86</x3><x4>0.125</x4></dataPoint>
        <dataPoint><x1>1481</x1><x2>413</x2><x3>7.21</x3><x4>0.124</x4></dataPoint>
        <dataPoint><x1>1481</x1><x2>380</x2><x3>7.21</x3><x4>0.124</x4></dataPoint>
        <dataPoint><x1>1387</x1><x2>846</x2><x3>6.39</x3><x4>0.127</x4></dataPoint>
        <dataPoint><x1>1421</x1><x2>614</x2><x3>6.65</x3><x4>0.126</x4></dataPoint>
        <dataPoint><x1>1433</x1><x2>512</x2><x3>6.82</x3><x4>0.125</x4></dataPoint>
        <dataPoint><x1>1662</x1> <x2>72</x2><x3>9.09</x3><x4>0.122</x4></dataPoint>
        <dataPoint><x1>1376</x1><x2>906</x2><x3>6.23</x3><x4>0.127</x4></dataPoint>
        <dataPoint><x1>1694</x1> <x2>64</x2><x3>9.41</x3><x4>0.121</x4></dataPoint>
    </dataGroup>
    <ignitionType target="p" type="baseline min intercept from d/dt"/>
</experiment>
