<experiment>
    <fileAuthor>Chemical Kinetics Laboratory, Institute of Chemistry, ELTE, Budapest, Hungary</fileAuthor>
    <fileDOI>10.24388/x10004089</fileDOI>
    <fileVersion>
        <major>2</major>
        <minor>2</minor>
    </fileVersion>
    <ReSpecThVersion>
        <major>2</major>
        <minor>3</minor>
    </ReSpecThVersion>
    <firstPublicationDate>2020-09-08</firstPublicationDate>
    <lastModificationDate>2020-11-18</lastModificationDate>
    <bibliographyLink>
        <description>Asaba, T., Yoneda, K., Kakihara, N., Hikita, T., Proceedings of the Combustion Institute, 9, 193-200, 1963.</description>
        <referenceDOI>10.1016/b978-1-4832-2759-7.50028-5</referenceDOI>
        <location>Main article</location>
        <figure>Fig. 8. open circle</figure>
        <details>
            <author>Asaba, T and Yoneda, K and Kakihara, N and Hikita, T</author>
            <journal>Symp (Int) Combust</journal>
            <pages>193--200</pages>
            <title>A shock tube study of ignition of methane-oxygen mixtures</title>
            <volume>9</volume>
            <year>1963</year>
        </details>
    </bibliographyLink>
    <experimentType>ignition delay measurement</experimentType>
    <apparatus>
        <kind>shock tube</kind>
    </apparatus>
    <commonProperties>
        <property name="pressure"                      sourcetype="reported"   units="atm"           ><value>7</value></property>
        <property name="initial composition"           sourcetype="reported"  >
            <component><speciesLink preferredKey="CH4"  CAS="74-82-8"    InChI="1S/CH4/h1H4"  SMILES="C"    chemName="methane" /><amount units="mole fraction" >0.3</amount></component>
            <component><speciesLink preferredKey="O2"   CAS="7782-44-7"  InChI="1S/O2/c1-2"   SMILES="O=O"  chemName="oxygen"  /><amount units="mole fraction" >0.7</amount></component>
        </property>
        <property name="evaluated standard deviation"  sourcetype="estimated"  units="unitless"       reference="ignition delay"  kind="relative"  method="statistical scatter" ><value>0.364</value></property>
    </commonProperties>
    <dataGroup id="dg1">
        <property name="temperature"     id="x1"   label="T"    sourcetype="digitized"  units="K"  />
        <property name="ignition delay"  id="x2"   label="tau"  sourcetype="digitized"  units="us" />

        <dataPoint><x1>1323.140</x1> <x2>142.42</x2></dataPoint>
        <dataPoint><x1>1188.210</x1> <x2>143.67</x2></dataPoint>
        <dataPoint><x1>1105.290</x1> <x2>193.89</x2></dataPoint>
        <dataPoint><x1>1117.710</x1> <x2>259.20</x2></dataPoint>
        <dataPoint><x1>1150.100</x1> <x2>352.58</x2></dataPoint>
        <dataPoint><x1>1105.130</x1> <x2>480.23</x2></dataPoint>
        <dataPoint><x1>1044.020</x1> <x2>359.53</x2></dataPoint>
        <dataPoint><x1>1033.100</x1> <x2>470.30</x2></dataPoint>
        <dataPoint><x1>1001.780</x1> <x2>387.53</x2></dataPoint>
        <dataPoint> <x1>999.160</x1> <x2>794.88</x2></dataPoint>
        <dataPoint><x1>1027.640</x1> <x2>897.24</x2></dataPoint>
        <dataPoint> <x1>958.083</x1> <x2>798.49</x2></dataPoint>
        <dataPoint> <x1>972.138</x1><x2>1148.40</x2></dataPoint>
        <dataPoint> <x1>905.493</x1><x2>1045.10</x2></dataPoint>
    </dataGroup>
    <ignitionType target="p" type="baseline min intercept from d/dt"/>
</experiment>
