<experiment>
    <fileAuthor>Chemical Kinetics Laboratory, Institute of Chemistry, ELTE, Budapest, Hungary</fileAuthor>
    <fileDOI>10.24388/x10004365</fileDOI>
    <fileVersion>
        <major>2</major>
        <minor>2</minor>
    </fileVersion>
    <ReSpecThVersion>
        <major>2</major>
        <minor>3</minor>
    </ReSpecThVersion>
    <firstPublicationDate>2020-09-08</firstPublicationDate>
    <lastModificationDate>2020-11-18</lastModificationDate>
    <bibliographyLink>
        <description>Petersen, E.L., Rohrig, M., Davidson, D.F., Hanson, R.K., Bowman, C.T., Proceedings of the Combustion Institue, 26, 799-806, 1996.</description>
        <referenceDOI>10.1016/s0082-0784(96)80289-x</referenceDOI>
        <location>Main article</location>
        <table>Table 1, Mixture 10, Table 2, tau 1.</table>
        <details>
            <author>Petersen, E L and Röhrig, M and Davidson, D F and Hanson, R K and Bowman, C T</author>
            <journal>Symp (Int) Combust</journal>
            <pages>799--806</pages>
            <title>High-pressure methane oxidation behind reflected shock waves</title>
            <volume>26</volume>
            <year>1996</year>
        </details>
    </bibliographyLink>
    <experimentType>ignition delay measurement</experimentType>
    <apparatus>
        <kind>shock tube</kind>
    </apparatus>
    <commonProperties>
        <property name="initial composition"  sourcetype="reported" >
            <component><speciesLink preferredKey="CH4"  CAS="74-82-8"    InChI="1S/CH4/h1H4"  SMILES="C"     chemName="methane" /><amount units="mole fraction" >0.05</amount></component>
            <component><speciesLink preferredKey="O2"   CAS="7782-44-7"  InChI="1S/O2/c1-2"   SMILES="O=O"   chemName="oxygen"  /><amount units="mole fraction" >0.05</amount></component>
            <component><speciesLink preferredKey="Ar"   CAS="7440-37-1"  InChI="1S/Ar"        SMILES="[Ar]"  chemName="argon"   /><amount units="mole fraction" >0.90</amount></component>
        </property>
    </commonProperties>
    <dataGroup id="dg1">
        <property name="temperature"                   id="x1"   label="T"    sourcetype="reported"   units="K"        />
        <property name="ignition delay"                id="x2"   label="tau"  sourcetype="reported"   units="us"       />
        <property name="pressure"                      id="x3"   label="p"    sourcetype="reported"   units="atm"      />
        <property name="evaluated standard deviation"  id="x4"   sourcetype="estimated"  units="unitless"  reference="ignition delay"  kind="relative"  method="from uncertainty of experimental conditions" />

        <dataPoint><x1>1536</x1><x2>376</x2><x3>33.7</x3><x4>0.244</x4></dataPoint>
        <dataPoint><x1>1633</x1><x2>118</x2><x3>29.1</x3><x4>0.216</x4></dataPoint>
        <dataPoint><x1>1635</x1><x2>333</x2><x3>10.2</x3><x4>0.215</x4></dataPoint>
        <dataPoint><x1>1478</x1><x2>321</x2><x3>60.3</x3><x4>0.263</x4></dataPoint>
    </dataGroup>
    <ignitionType target="CH4" type="baseline max intercept from d/dt"/>
</experiment>
