<experiment>
    <fileAuthor>Chemical Kinetics Laboratory, Institute of Chemistry, ELTE, Budapest, Hungary</fileAuthor>
    <fileDOI>10.24388/x10004555</fileDOI>
    <fileVersion>
        <major>2</major>
        <minor>2</minor>
    </fileVersion>
    <ReSpecThVersion>
        <major>2</major>
        <minor>3</minor>
    </ReSpecThVersion>
    <firstPublicationDate>2020-09-08</firstPublicationDate>
    <lastModificationDate>2020-11-18</lastModificationDate>
    <bibliographyLink>
        <description>F. Deng, F. Yang, P. Zhang, Y. Pan, J. Bugler, H. J. Curran, Y. Zhang, Z. Huang, Fuel, 181, 188-198, 2016.</description>
        <referenceDOI>10.1016/j.fuel.2016.04.090</referenceDOI>
        <location>Main article; Supplementary Information, Table S1, N0, p = 10.0 atm</location>
        <table>Supplementary Information, Table S1, N0, p = 10.0 atm</table>
        <figure>Fig. 3. blue triangle (not used)</figure>
        <details>
            <author>Fuquan Deng, Feiyu Yang, Peng Zhang, Youshun Pan, John Bugler, Henry J. Curran, Yingjia Zhang, Zuohua Huang</author>
            <journal>Fuel</journal>
            <pages>188--198</pages>
            <title>Towards a kinetic understanding of the NOx promoting-effect on ignition of coalbed methane: A case study of methane/nitrogen dioxide mixtures</title>
            <volume>181</volume>
            <year>2016</year>
        </details>
    </bibliographyLink>
    <experimentType>ignition delay measurement</experimentType>
    <apparatus>
        <kind>shock tube</kind>
        <mode>reflected</mode>
    </apparatus>
    <commonProperties>
        <property name="pressure rise"                 label="dp/dt"  sourcetype="reported"   units="ms-1"           kind="relative" ><value>0.04</value></property>
        <property name="initial composition"           sourcetype="reported"  >
            <component><speciesLink preferredKey="CH4"  CAS="74-82-8"    InChI="1S/CH4/h1H4"  SMILES="C"     chemName="methane" /><amount units="mole fraction" >0.0190</amount></component>
            <component><speciesLink preferredKey="O2"   CAS="7782-44-7"  InChI="1S/O2/c1-2"   SMILES="O=O"   chemName="oxygen"  /><amount units="mole fraction" >0.0381</amount></component>
            <component><speciesLink preferredKey="Ar"   CAS="7440-37-1"  InChI="1S/Ar"        SMILES="[Ar]"  chemName="argon"   /><amount units="mole fraction" >0.9429</amount></component>
        </property>
        <property name="pressure rise"                 label="dp/dt"  sourcetype="reported"   units="ms-1"          ><value>0.04</value></property>
        <property name="evaluated standard deviation"  sourcetype="estimated"  units="unitless"       reference="ignition delay"  kind="relative"  method="combined from scatter and reported uncertainty" ><value>0.225</value></property>
    </commonProperties>
    <dataGroup id="dg1">
        <property name="temperature"     id="x1"   label="T"      sourcetype="reported"  units="K"        />
        <property name="pressure"        id="x2"   label="p"      sourcetype="reported"  units="atm"      />
        <property name="ignition delay"  id="x3"   label="tau"    sourcetype="reported"  units="us"       />
        <property name="uncertainty"     id="x4"   label="d_T"    sourcetype="reported"  units="K"         reference="temperature"     kind="absolute"  bound="plusminus" />
        <property name="uncertainty"     id="x5"   label="d_tau"  sourcetype="reported"  units="unitless"  reference="ignition delay"  kind="relative"  bound="plusminus" />

        <dataPoint><x1>1812</x1><x2>10.0</x2>  <x3>79</x3><x4>20</x4><x5>0.20</x5></dataPoint>
        <dataPoint><x1>1753</x1><x2>10.0</x2> <x3>142</x3><x4>20</x4><x5>0.20</x5></dataPoint>
        <dataPoint><x1>1667</x1><x2>10.0</x2> <x3>241</x3><x4>20</x4><x5>0.20</x5></dataPoint>
        <dataPoint><x1>1607</x1><x2>10.0</x2> <x3>533</x3><x4>20</x4><x5>0.20</x5></dataPoint>
        <dataPoint><x1>1526</x1><x2>10.0</x2> <x3>930</x3><x4>20</x4><x5>0.20</x5></dataPoint>
        <dataPoint><x1>1459</x1><x2>10.0</x2><x3>1613</x3><x4>20</x4><x5>0.20</x5></dataPoint>
        <dataPoint><x1>1410</x1><x2>10.0</x2><x3>2463</x3><x4>20</x4><x5>0.20</x5></dataPoint>
    </dataGroup>
    <ignitionType target="OHEX" type="baseline min intercept from d/dt"/>
</experiment>
