<experiment>
    <fileAuthor>Chemical Kinetics Laboratory, Institute of Chemistry, ELTE, Budapest, Hungary</fileAuthor>
    <fileDOI>10.24388/x10004451</fileDOI>
    <fileVersion>
        <major>2</major>
        <minor>2</minor>
    </fileVersion>
    <ReSpecThVersion>
        <major>2</major>
        <minor>3</minor>
    </ReSpecThVersion>
    <firstPublicationDate>2020-09-08</firstPublicationDate>
    <lastModificationDate>2020-11-18</lastModificationDate>
    <bibliographyLink>
        <description>Skinner, G. B., Ruehrwein, R. A., Journal of Physical Chemistry, 63, 1736-1742, 1959.</description>
        <referenceDOI>10.1021/j150580a040</referenceDOI>
        <location>Main article</location>
        <table>Table IV.</table>
        <details>
            <author>Skinner, G B and Ruehrwein, R A</author>
            <journal>J Phys Chem</journal>
            <pages>1736--1742</pages>
            <title>Shock Tube studies on the Pyrolysis and Oxidation of Methane</title>
            <volume>63</volume>
            <year>1959</year>
        </details>
    </bibliographyLink>
    <experimentType>ignition delay measurement</experimentType>
    <commonProperties>
        <property name="pressure"                      sourcetype="reported"   units="atm"           ><value>6</value></property>
        <property name="initial composition"           sourcetype="reported"  >
            <component><speciesLink preferredKey="CH4"  CAS="74-82-8"    InChI="1S/CH4/h1H4"  SMILES="C"    chemName="methane" /><amount units="mole fraction" >0.60</amount></component>
            <component><speciesLink preferredKey="O2"   CAS="7782-44-7"  InChI="1S/O2/c1-2"   SMILES="O=O"  chemName="oxygen"  /><amount units="mole fraction" >0.40</amount></component>
        </property>
        <property name="evaluated standard deviation"  sourcetype="estimated"  units="unitless"       reference="ignition delay"  kind="relative"  method="combined from scatter and reported uncertainty" ><value>0.303</value></property>
    </commonProperties>
    <dataGroup id="dg1">
        <property name="temperature"     id="x1"   label="T"    sourcetype="calculated"  units="K"  />
        <property name="ignition delay"  id="x2"   label="tau"  sourcetype="reported"    units="us" />

        <dataPoint><x1>1328.02</x1> <x2>400</x2></dataPoint>
        <dataPoint><x1>1300.39</x1> <x2>800</x2></dataPoint>
        <dataPoint><x1>1273.89</x1><x2>1300</x2></dataPoint>
        <dataPoint><x1>1251.56</x1><x2>2100</x2></dataPoint>
        <dataPoint><x1>1204.82</x1><x2>3100</x2></dataPoint>
        <dataPoint><x1>1200.48</x1><x2>4100</x2></dataPoint>
        <dataPoint><x1>1168.22</x1><x2>5500</x2></dataPoint>
        <dataPoint><x1>1166.86</x1><x2>3400</x2></dataPoint>
        <dataPoint><x1>1166.86</x1><x2>5000</x2></dataPoint>
        <dataPoint><x1>1166.86</x1><x2>8400</x2></dataPoint>
        <dataPoint><x1>1157.41</x1><x2>4500</x2></dataPoint>
        <dataPoint><x1>1157.41</x1><x2>5500</x2></dataPoint>
        <dataPoint><x1>1152.07</x1><x2>6400</x2></dataPoint>
    </dataGroup>
    <ignitionType target="p" type="d/dt max"/>
</experiment>
