<experiment>
    <fileAuthor>Chemical Kinetics Laboratory, Institute of Chemistry, ELTE, Budapest, Hungary</fileAuthor>
    <fileDOI>10.24388/x10004445</fileDOI>
    <fileVersion>
        <major>2</major>
        <minor>2</minor>
    </fileVersion>
    <ReSpecThVersion>
        <major>2</major>
        <minor>3</minor>
    </ReSpecThVersion>
    <firstPublicationDate>2020-09-08</firstPublicationDate>
    <lastModificationDate>2020-11-18</lastModificationDate>
    <bibliographyLink>
        <description>Hidaka, Y., Nagayama, M., Suga, M., Bulletin of the Chemical Society of Japan, 51, 1659-1664, 1978.</description>
        <referenceDOI>10.1246/bcsj.51.1659</referenceDOI>
        <location>Main article</location>
        <table>Table 1.</table>
        <details>
            <author>Hidaka, Yoshiaki and Nagayama, Midori and Suga, Masao</author>
            <journal>Bull Chem Soc Jpn</journal>
            <number>6</number>
            <pages>1659--1644</pages>
            <title>The application of a quadrupole mass spectrometer to a study of methane oxidation in shock waves</title>
            <volume>51</volume>
            <year>1978</year>
        </details>
    </bibliographyLink>
    <experimentType>ignition delay measurement</experimentType>
    <commonProperties>
        <property name="initial composition"           sourcetype="reported"  >
            <component><speciesLink preferredKey="CH4"  CAS="74-82-8"    InChI="1S/CH4/h1H4"  SMILES="C"     chemName="methane" /><amount units="mole fraction" >0.01</amount></component>
            <component><speciesLink preferredKey="O2"   CAS="7782-44-7"  InChI="1S/O2/c1-2"   SMILES="O=O"   chemName="oxygen"  /><amount units="mole fraction" >0.03</amount></component>
            <component><speciesLink preferredKey="Ar"   CAS="7440-37-1"  InChI="1S/Ar"        SMILES="[Ar]"  chemName="argon"   /><amount units="mole fraction" >0.96</amount></component>
        </property>
        <property name="evaluated standard deviation"  sourcetype="estimated"  units="unitless"       reference="ignition delay"  kind="relative"  method="statistical scatter" ><value>0.151</value></property>
    </commonProperties>
    <dataGroup id="dg1">
        <property name="temperature"     id="x1"   label="T"    sourcetype="reported"  units="K"    />
        <property name="pressure"        id="x2"   label="p"    sourcetype="reported"  units="torr" />
        <property name="ignition delay"  id="x3"   label="tau"  sourcetype="reported"  units="us"   />

        <dataPoint><x1>1813</x1><x2>487</x2><x3>648</x3></dataPoint>
        <dataPoint><x1>1925</x1><x2>417</x2><x3>431</x3></dataPoint>
        <dataPoint><x1>1950</x1><x2>425</x2><x3>330</x3></dataPoint>
        <dataPoint><x1>2045</x1><x2>448</x2><x3>270</x3></dataPoint>
        <dataPoint><x1>2145</x1><x2>492</x2><x3>186</x3></dataPoint>
        <dataPoint><x1>2230</x1><x2>514</x2><x3>110</x3></dataPoint>
        <dataPoint><x1>2280</x1><x2>519</x2> <x3>87</x3></dataPoint>
        <dataPoint><x1>2285</x1><x2>524</x2><x3>125</x3></dataPoint>
    </dataGroup>
    <ignitionType target="O2" type="baseline max intercept from d/dt"/>
</experiment>
