<experiment>
    <fileAuthor>Chemical Kinetics Laboratory, Institute of Chemistry, ELTE, Budapest, Hungary</fileAuthor>
    <fileDOI>10.24388/x10004037</fileDOI>
    <fileVersion>
        <major>2</major>
        <minor>2</minor>
    </fileVersion>
    <ReSpecThVersion>
        <major>2</major>
        <minor>3</minor>
    </ReSpecThVersion>
    <firstPublicationDate>2020-09-08</firstPublicationDate>
    <lastModificationDate>2020-11-18</lastModificationDate>
    <bibliographyLink>
        <description>Zhang, Y-J., Huang, Z-H., Wei, L-J., Nia, S-D., Chinese Science Bulletine, 56, 2853-2861, 2011.</description>
        <referenceDOI>10.1007/s11434-011-4635-4</referenceDOI>
        <location>Main article</location>
        <table>Table 3. Mixture 4.</table>
        <figure>Figure 5, 6 (not used)</figure>
        <details>
            <author>Zhang, Yingjia and Huang, Zuohua and Wei, Liangjie and Niu, Shaodong</author>
            <journal>Chinese Science Bulletin</journal>
            <number>26</number>
            <pages>2853--2861</pages>
            <title>Experimental and kinetic study on ignition delay times of methane/hydrogen/oxygen/nitrogen mixtures by shock tube</title>
            <volume>56</volume>
            <year>2011</year>
        </details>
    </bibliographyLink>
    <experimentType>ignition delay measurement</experimentType>
    <apparatus>
        <kind>shock tube</kind>
    </apparatus>
    <commonProperties>
        <property name="initial composition"  sourcetype="reported" >
            <component><speciesLink preferredKey="CH4"  CAS="74-82-8"    InChI="1S/CH4/h1H4"  SMILES="C"     chemName="methane"  /><amount units="mole fraction" >0.02162</amount></component>
            <component><speciesLink preferredKey="O2"   CAS="7782-44-7"  InChI="1S/O2/c1-2"   SMILES="O=O"   chemName="oxygen"   /><amount units="mole fraction" >0.02297</amount></component>
            <component><speciesLink preferredKey="H2"   CAS="1333-74-0"  InChI="1S/H2/h1H"    SMILES="[HH]"  chemName="hydrogen" /><amount units="mole fraction" >0.00541</amount></component>
            <component><speciesLink preferredKey="N2"   CAS="7727-37-9"  InChI="1S/N2/c1-2"   SMILES="N#N"   chemName="nitrogen" /><amount units="mole fraction" >0.95000</amount></component>
        </property>
    </commonProperties>
    <dataGroup id="dg1">
        <property name="temperature"                   id="x1"   label="T"    sourcetype="reported"   units="K"        />
        <property name="pressure"                      id="x2"   label="p"    sourcetype="reported"   units="Pa"       />
        <property name="ignition delay"                id="x3"   label="tau"  sourcetype="reported"   units="us"       />
        <property name="evaluated standard deviation"  id="x4"   sourcetype="estimated"  units="unitless"  reference="ignition delay"  kind="relative"  method="combined from scatter and the uncertainty of conditions" />

        <dataPoint><x1>1831</x1><x2>3.2e+005</x2> <x3>210</x3><x4>0.136</x4></dataPoint>
        <dataPoint><x1>1829</x1><x2>3.2e+005</x2> <x3>187</x3><x4>0.136</x4></dataPoint>
        <dataPoint><x1>1774</x1><x2>3.6e+005</x2> <x3>234</x3> <x4>0.14</x4></dataPoint>
        <dataPoint><x1>1717</x1><x2>3.5e+005</x2> <x3>377</x3><x4>0.146</x4></dataPoint>
        <dataPoint><x1>1677</x1><x2>3.7e+005</x2> <x3>457</x3> <x4>0.15</x4></dataPoint>
        <dataPoint><x1>1644</x1><x2>3.7e+005</x2> <x3>572</x3><x4>0.154</x4></dataPoint>
        <dataPoint><x1>1638</x1><x2>3.6e+005</x2> <x3>602</x3><x4>0.155</x4></dataPoint>
        <dataPoint><x1>1577</x1><x2>3.9e+005</x2> <x3>949</x3><x4>0.163</x4></dataPoint>
        <dataPoint><x1>1571</x1><x2>3.7e+005</x2> <x3>996</x3><x4>0.164</x4></dataPoint>
        <dataPoint><x1>1532</x1><x2>3.5e+005</x2><x3>1618</x3> <x4>0.17</x4></dataPoint>
        <dataPoint><x1>1476</x1><x2>3.6e+005</x2><x3>2253</x3><x4>0.179</x4></dataPoint>
        <dataPoint><x1>1426</x1><x2>3.7e+005</x2><x3>3014</x3><x4>0.189</x4></dataPoint>
        <dataPoint><x1>1422</x1><x2>3.5e+005</x2><x3>3194</x3> <x4>0.19</x4></dataPoint>
    </dataGroup>
    <ignitionType target="OHEX;" type="max"/>
</experiment>
