<experiment>
    <fileAuthor>Chemical Kinetics Laboratory, Institute of Chemistry, ELTE, Budapest, Hungary</fileAuthor>
    <fileDOI>10.24388/x10004009</fileDOI>
    <fileVersion>
        <major>2</major>
        <minor>2</minor>
    </fileVersion>
    <ReSpecThVersion>
        <major>2</major>
        <minor>3</minor>
    </ReSpecThVersion>
    <firstPublicationDate>2020-09-08</firstPublicationDate>
    <lastModificationDate>2020-11-18</lastModificationDate>
    <bibliographyLink>
        <description>Spadaccini, L.J., Colket III, M.B., Progress in Energy and Combustion Science, (20), 431-460, 1994.</description>
        <referenceDOI>10.1016/0360-1285(94)90011-6</referenceDOI>
        <location>Main article</location>
        <table>Table 5., phi=1.25</table>
        <figure>Fig. 4. (not used)</figure>
        <details>
            <author>Spadaccini, L J and Colket, M B</author>
            <journal>Prog Energy Combust Sci</journal>
            <number>5</number>
            <pages>431--460</pages>
            <title>Ignition delay characteristics of methane fuels</title>
            <volume>20</volume>
            <year>1994</year>
        </details>
    </bibliographyLink>
    <experimentType>ignition delay measurement</experimentType>
    <apparatus>
        <kind>shock tube</kind>
    </apparatus>
    <commonProperties>
        <property name="initial composition"  sourcetype="reported" >
            <component><speciesLink preferredKey="CH4"  CAS="74-82-8"    InChI="1S/CH4/h1H4"  SMILES="C"     chemName="methane" /><amount units="mole fraction" >0.035</amount></component>
            <component><speciesLink preferredKey="O2"   CAS="7782-44-7"  InChI="1S/O2/c1-2"   SMILES="O=O"   chemName="oxygen"  /><amount units="mole fraction" >0.056</amount></component>
            <component><speciesLink preferredKey="Ar"   CAS="7440-37-1"  InChI="1S/Ar"        SMILES="[Ar]"  chemName="argon"   /><amount units="mole fraction" >0.909</amount></component>
        </property>
    </commonProperties>
    <dataGroup id="dg1">
        <property name="temperature"                   id="x1"   label="T"    sourcetype="reported"   units="K"        />
        <property name="pressure"                      id="x2"   label="p"    sourcetype="reported"   units="atm"      />
        <property name="ignition delay"                id="x3"   label="tau"  sourcetype="reported"   units="s"        />
        <property name="evaluated standard deviation"  id="x4"   sourcetype="estimated"  units="unitless"  reference="ignition delay"  kind="relative"  method="combined from scatter and reported uncertainty" />

        <dataPoint><x1>1512</x1> <x2>4.91</x2><x3>5.98e-004</x3><x4>0.612</x4></dataPoint>
        <dataPoint><x1>1821</x1> <x2>6.24</x2><x3>7.80e-005</x3><x4>0.579</x4></dataPoint>
        <dataPoint><x1>1706</x1> <x2>5.59</x2><x3>1.90e-004</x3><x4>0.588</x4></dataPoint>
        <dataPoint><x1>1901</x1> <x2>7.12</x2><x3>3.75e-005</x3><x4>0.574</x4></dataPoint>
        <dataPoint><x1>1461</x1> <x2>4.51</x2><x3>1.73e-003</x3><x4>0.621</x4></dataPoint>
        <dataPoint><x1>1741</x1> <x2>6.39</x2><x3>1.94e-004</x3><x4>0.585</x4></dataPoint>
        <dataPoint><x1>1506</x1><x2>14.95</x2><x3>3.90e-004</x3><x4>0.613</x4></dataPoint>
        <dataPoint><x1>1650</x1><x2>14.57</x2><x3>9.70e-005</x3><x4>0.594</x4></dataPoint>
        <dataPoint><x1>2025</x1> <x2>3.58</x2><x3>2.80e-005</x3><x4>0.569</x4></dataPoint>
        <dataPoint><x1>1666</x1> <x2>3.00</x2><x3>4.46e-004</x3><x4>0.592</x4></dataPoint>
        <dataPoint><x1>1667</x1> <x2>2.99</x2><x3>4.15e-004</x3><x4>0.592</x4></dataPoint>
    </dataGroup>
    <ignitionType target="p;" type="d/dt max"/>
</experiment>
