<experiment>
    <fileAuthor>Chemical Kinetics Laboratory, Institute of Chemistry, ELTE, Budapest, Hungary</fileAuthor>
    <fileDOI>10.24388/x10004272</fileDOI>
    <fileVersion>
        <major>2</major>
        <minor>2</minor>
    </fileVersion>
    <ReSpecThVersion>
        <major>2</major>
        <minor>3</minor>
    </ReSpecThVersion>
    <firstPublicationDate>2020-09-08</firstPublicationDate>
    <lastModificationDate>2020-11-18</lastModificationDate>
    <bibliographyLink>
        <description>Levy, Y., Olchanski, E., Sherbaum, V., Erenburg, V., Burcat, A., Journal of Propulsion and Power, 22, 669-675, 2006.</description>
        <referenceDOI>10.2514/1.12511</referenceDOI>
        <location>Main article</location>
        <table>Table 1. + Appendix mixture 3</table>
        <details>
            <author>Levy, Yeshayahou and Olchanski, Erna and Sherbaum, Valery and Erenburg, Vladimir and Burcat, Alexander</author>
            <journal>J Propul Power</journal>
            <number>3</number>
            <pages>669--676</pages>
            <title>Shock-Tube Ignition Study of Methane in Air and Recirculating Gases Mixtures</title>
            <volume>22</volume>
            <year>2006</year>
        </details>
    </bibliographyLink>
    <experimentType>ignition delay measurement</experimentType>
    <apparatus>
        <kind>shock tube</kind>
    </apparatus>
    <commonProperties>
        <property name="initial composition"  sourcetype="reported" >
            <component><speciesLink preferredKey="CH4"  CAS="74-82-8"    InChI="1S/CH4/h1H4"  SMILES="C"     chemName="methane"  /><amount units="mole fraction" >0.0224</amount></component>
            <component><speciesLink preferredKey="O2"   CAS="7782-44-7"  InChI="1S/O2/c1-2"   SMILES="O=O"   chemName="oxygen"   /><amount units="mole fraction" >0.1540</amount></component>
            <component><speciesLink preferredKey="N2"   CAS="7727-37-9"  InChI="1S/N2/c1-2"   SMILES="N#N"   chemName="nitrogen" /><amount units="mole fraction" >0.5280</amount></component>
            <component><speciesLink preferredKey="Ar"   CAS="7440-37-1"  InChI="1S/Ar"        SMILES="[Ar]"  chemName="argon"    /><amount units="mole fraction" >0.2960</amount></component>
        </property>
    </commonProperties>
    <dataGroup id="dg1">
        <property name="temperature"                   id="x1"   label="T"    sourcetype="reported"   units="K"        />
        <property name="ignition delay"                id="x2"   label="tau"  sourcetype="reported"   units="us"       />
        <property name="pressure"                      id="x3"   label="p"    sourcetype="reported"   units="atm"      />
        <property name="evaluated standard deviation"  id="x4"   sourcetype="estimated"  units="unitless"  reference="ignition delay"  kind="relative"  method="combined from scatter and the uncertainty of conditions" />

        <dataPoint><x1>1493</x1><x2>386</x2><x3>7.71</x3><x4>0.319</x4></dataPoint>
        <dataPoint><x1>1459</x1><x2>383</x2><x3>7.43</x3><x4>0.322</x4></dataPoint>
        <dataPoint><x1>1677</x1><x2>102</x2><x3>9.63</x3><x4>0.305</x4></dataPoint>
        <dataPoint><x1>1554</x1><x2>193</x2><x3>8.32</x3><x4>0.313</x4></dataPoint>
        <dataPoint><x1>1529</x1><x2>236</x2><x3>8.07</x3><x4>0.315</x4></dataPoint>
        <dataPoint><x1>1459</x1><x2>350</x2><x3>7.43</x3><x4>0.322</x4></dataPoint>
        <dataPoint><x1>1404</x1><x2>448</x2><x3>6.86</x3><x4>0.329</x4></dataPoint>
        <dataPoint><x1>1394</x1><x2>640</x2><x3>6.76</x3> <x4>0.33</x4></dataPoint>
        <dataPoint><x1>1436</x1><x2>554</x2><x3>7.16</x3><x4>0.325</x4></dataPoint>
        <dataPoint><x1>1554</x1><x2>161</x2><x3>8.32</x3><x4>0.313</x4></dataPoint>
        <dataPoint><x1>1529</x1><x2>296</x2><x3>8.07</x3><x4>0.315</x4></dataPoint>
        <dataPoint><x1>1567</x1><x2>192</x2><x3>8.51</x3><x4>0.312</x4></dataPoint>
        <dataPoint><x1>1634</x1><x2>129</x2><x3>9.12</x3><x4>0.307</x4></dataPoint>
        <dataPoint><x1>1677</x1> <x2>75</x2><x3>7.35</x3><x4>0.305</x4></dataPoint>
        <dataPoint><x1>1634</x1><x2>136</x2><x3>7.02</x3><x4>0.307</x4></dataPoint>
        <dataPoint><x1>1505</x1><x2>280</x2><x3>6.02</x3><x4>0.318</x4></dataPoint>
        <dataPoint><x1>1493</x1><x2>401</x2><x3>5.93</x3><x4>0.319</x4></dataPoint>
        <dataPoint><x1>1493</x1><x2>343</x2><x3>5.93</x3><x4>0.319</x4></dataPoint>
        <dataPoint><x1>1404</x1><x2>670</x2><x3>5.27</x3><x4>0.329</x4></dataPoint>
        <dataPoint><x1>1677</x1><x2>102</x2><x3>7.35</x3><x4>0.305</x4></dataPoint>
        <dataPoint><x1>1691</x1><x2>103</x2><x3>7.47</x3><x4>0.304</x4></dataPoint>
        <dataPoint><x1>1482</x1><x2>437</x2><x3>7.72</x3> <x4>0.32</x4></dataPoint>
        <dataPoint><x1>1691</x1> <x2>25</x2><x3>9.71</x3><x4>0.304</x4></dataPoint>
        <dataPoint><x1>1394</x1><x2>772</x2><x3>6.76</x3> <x4>0.33</x4></dataPoint>
        <dataPoint><x1>1394</x1><x2>826</x2><x3>6.76</x3> <x4>0.33</x4></dataPoint>
        <dataPoint><x1>1529</x1><x2>230</x2><x3>8.13</x3><x4>0.315</x4></dataPoint>
        <dataPoint><x1>1517</x1><x2>319</x2><x3>7.95</x3><x4>0.316</x4></dataPoint>
        <dataPoint><x1>1517</x1><x2>316</x2><x3>8.01</x3><x4>0.316</x4></dataPoint>
        <dataPoint><x1>1493</x1><x2>381</x2><x3>7.71</x3><x4>0.319</x4></dataPoint>
    </dataGroup>
    <ignitionType target="p" type="baseline min intercept from d/dt"/>
</experiment>
