<experiment>
    <fileAuthor>Chemical Kinetics Laboratory, Institute of Chemistry, ELTE, Budapest, Hungary</fileAuthor>
    <fileDOI>10.24388/x10004396</fileDOI>
    <fileVersion>
        <major>2</major>
        <minor>2</minor>
    </fileVersion>
    <ReSpecThVersion>
        <major>2</major>
        <minor>3</minor>
    </ReSpecThVersion>
    <firstPublicationDate>2020-09-08</firstPublicationDate>
    <lastModificationDate>2020-11-18</lastModificationDate>
    <bibliographyLink>
        <description>Walker, B.C., 2000, phd Thesis.</description>
        <location>Main article</location>
        <table>Table 1. mixture 16, Table 3.</table>
        <details>
            <author>Walker, Brian Christopher</author>
            <school>B.S. University of Tennessee</school>
            <title>Shock-tube investigation of ignition delay times of blends of methane and ethane with oxygen</title>
            <year>2000</year>
        </details>
    </bibliographyLink>
    <experimentType>ignition delay measurement</experimentType>
    <apparatus>
        <kind>shock tube</kind>
    </apparatus>
    <commonProperties>
        <property name="initial composition"  sourcetype="calculated" >
            <component><speciesLink preferredKey="CH4"  CAS="74-82-8"    InChI="1S/CH4/h1H4"  SMILES="C"     chemName="methane" /><amount units="mole fraction" >0.05</amount></component>
            <component><speciesLink preferredKey="O2"   CAS="7782-44-7"  InChI="1S/O2/c1-2"   SMILES="O=O"   chemName="oxygen"  /><amount units="mole fraction" >0.20</amount></component>
            <component><speciesLink preferredKey="Ar"   CAS="7440-37-1"  InChI="1S/Ar"        SMILES="[Ar]"  chemName="argon"   /><amount units="mole fraction" >0.75</amount></component>
        </property>
    </commonProperties>
    <dataGroup id="dg1">
        <property name="temperature"                   id="x1"   label="T"    sourcetype="reported"   units="K"        />
        <property name="ignition delay"                id="x2"   label="tau"  sourcetype="reported"   units="us"       />
        <property name="pressure"                      id="x3"   label="p"    sourcetype="reported"   units="atm"      />
        <property name="evaluated standard deviation"  id="x4"   sourcetype="estimated"  units="unitless"  reference="ignition delay"  kind="relative"  method="combined from scatter and the uncertainty of conditions" />

        <dataPoint><x1>1873</x1> <x2>86.5</x2><x3>1.032</x3><x4>0.156</x4></dataPoint>
        <dataPoint><x1>1813</x1><x2>134.0</x2><x3>1.031</x3><x4>0.158</x4></dataPoint>
        <dataPoint><x1>1747</x1><x2>204.9</x2><x3>1.099</x3><x4>0.161</x4></dataPoint>
        <dataPoint><x1>1727</x1><x2>180.9</x2><x3>1.092</x3><x4>0.162</x4></dataPoint>
        <dataPoint><x1>1666</x1><x2>306.5</x2><x3>1.062</x3><x4>0.164</x4></dataPoint>
        <dataPoint><x1>1643</x1><x2>442.0</x2><x3>1.102</x3><x4>0.166</x4></dataPoint>
        <dataPoint><x1>1575</x1><x2>875.0</x2><x3>1.207</x3><x4>0.169</x4></dataPoint>
    </dataGroup>
    <ignitionType target="OHEX" type="baseline min intercept from d/dt"/>
</experiment>
