<experiment>
    <fileAuthor>Chemical Kinetics Laboratory, Institute of Chemistry, ELTE, Budapest, Hungary</fileAuthor>
    <fileDOI>10.24388/x10004440</fileDOI>
    <fileVersion>
        <major>2</major>
        <minor>2</minor>
    </fileVersion>
    <ReSpecThVersion>
        <major>2</major>
        <minor>3</minor>
    </ReSpecThVersion>
    <firstPublicationDate>2020-09-08</firstPublicationDate>
    <lastModificationDate>2020-11-18</lastModificationDate>
    <bibliographyLink>
        <description>Seery, D.J., Bowman, C.T., 154th National Meeting of the ACS, Division of Fuel Chemistry, 11, 82-95, 1967.</description>
        <location>Main article</location>
        <figure>Fig. 5. open square</figure>
        <details>
            <author>Seery, Daniel J and Bowman, Craig T</author>
            <journal>Div Fuel Chem</journal>
            <number>4</number>
            <pages>82--95</pages>
            <title>A shock tube study of methane oxidation</title>
            <volume>11</volume>
            <year>1967</year>
        </details>
    </bibliographyLink>
    <experimentType>ignition delay measurement</experimentType>
    <commonProperties>
        <property name="pressure"                      sourcetype="reported"   units="atm"           ><value>1.7</value></property>
        <property name="initial composition"           sourcetype="reported"  >
            <component><speciesLink preferredKey="CH4"  CAS="74-82-8"    InChI="1S/CH4/h1H4"  SMILES="C"    chemName="methane"  /><amount units="mole fraction" >0.048</amount></component>
            <component><speciesLink preferredKey="O2"   CAS="7782-44-7"  InChI="1S/O2/c1-2"   SMILES="O=O"  chemName="oxygen"   /><amount units="mole fraction" >0.192</amount></component>
            <component><speciesLink preferredKey="N2"   CAS="7727-37-9"  InChI="1S/N2/c1-2"   SMILES="N#N"  chemName="nitrogen" /><amount units="mole fraction" >0.760</amount></component>
        </property>
        <property name="evaluated standard deviation"  sourcetype="estimated"  units="unitless"       reference="ignition delay"  kind="relative"  method="statistical scatter" ><value>0.155</value></property>
    </commonProperties>
    <dataGroup id="dg1">
        <property name="temperature"     id="x1"   label="T"    sourcetype="digitized"  units="K"  />
        <property name="ignition delay"  id="x2"   label="tau"  sourcetype="digitized"  units="us" />

        <dataPoint><x1>1676.58</x1><x2>100.12</x2></dataPoint>
        <dataPoint><x1>1647.73</x1><x2>139.69</x2></dataPoint>
        <dataPoint><x1>1570.04</x1><x2>199.45</x2></dataPoint>
        <dataPoint><x1>1561.05</x1><x2>249.58</x2></dataPoint>
        <dataPoint><x1>1516.13</x1><x2>350.96</x2></dataPoint>
        <dataPoint><x1>1488.24</x1><x2>653.80</x2></dataPoint>
        <dataPoint><x1>1467.07</x1><x2>651.90</x2></dataPoint>
        <dataPoint><x1>1457.96</x1><x2>698.42</x2></dataPoint>
    </dataGroup>
    <ignitionType target="p" type="d/dt max"/>
</experiment>
