<experiment>
    <fileAuthor>Chemical Kinetics Laboratory, Institute of Chemistry, ELTE, Budapest, Hungary</fileAuthor>
    <fileDOI>10.24388/x10004404</fileDOI>
    <fileVersion>
        <major>2</major>
        <minor>2</minor>
    </fileVersion>
    <ReSpecThVersion>
        <major>2</major>
        <minor>3</minor>
    </ReSpecThVersion>
    <firstPublicationDate>2020-09-08</firstPublicationDate>
    <lastModificationDate>2020-11-18</lastModificationDate>
    <bibliographyLink>
        <description>Petersen, E.L., Hall, J.M., Smith, S.D., de Vries, J., Amadio, A.R., Crofton, M.W., Journal of Engineering for Gas Turbines and Power 129, 937-944, 2007.</description>
        <referenceDOI>10.1115/1.2720543</referenceDOI>
        <location>Main article</location>
        <table>Table 1. mixture 3, Table 3.</table>
        <details>
            <author>Petersen, E L and Hall, J M and Smith, Sch D and de Vries, J and Amadio, A R and Crofton, M W</author>
            <journal>J Eng Gas Turbines Power</journal>
            <pages>937--944</pages>
            <title>Ignition of Lean Methane-Based Fuel Blends at Gas Turbine Pressures</title>
            <volume>129</volume>
            <year>2007</year>
        </details>
    </bibliographyLink>
    <experimentType>ignition delay measurement</experimentType>
    <apparatus>
        <kind>shock tube</kind>
    </apparatus>
    <commonProperties>
        <property name="initial composition"           sourcetype="reported"  >
            <component><speciesLink preferredKey="CH4"  CAS="74-82-8"    InChI="1S/CH4/h1H4"  SMILES="C"     chemName="methane"  /><amount units="mole fraction" >0.0466</amount></component>
            <component><speciesLink preferredKey="O2"   CAS="7782-44-7"  InChI="1S/O2/c1-2"   SMILES="O=O"   chemName="oxygen"   /><amount units="mole fraction" >0.1978</amount></component>
            <component><speciesLink preferredKey="N2"   CAS="7727-37-9"  InChI="1S/N2/c1-2"   SMILES="N#N"   chemName="nitrogen" /><amount units="mole fraction" >0.7439</amount></component>
            <component><speciesLink preferredKey="H2"   CAS="1333-74-0"  InChI="1S/H2/h1H"    SMILES="[HH]"  chemName="hydrogen" /><amount units="mole fraction" >0.0117</amount></component>
        </property>
        <property name="evaluated standard deviation"  sourcetype="estimated"  units="unitless"       reference="ignition delay"  kind="relative"  method="combined from scatter and reported uncertainty" ><value>0.111</value></property>
    </commonProperties>
    <dataGroup id="dg1">
        <property name="temperature"     id="x1"   label="T"    sourcetype="reported"  units="K"   />
        <property name="pressure"        id="x2"   label="p"    sourcetype="reported"  units="atm" />
        <property name="ignition delay"  id="x3"   label="tau"  sourcetype="reported"  units="us"  />

        <dataPoint><x1>1141</x1><x2>25.1</x2><x3>1827</x3></dataPoint>
        <dataPoint><x1>1251</x1><x2>23.8</x2> <x3>684</x3></dataPoint>
        <dataPoint><x1>1305</x1><x2>21.7</x2> <x3>416</x3></dataPoint>
        <dataPoint><x1>1355</x1><x2>21.3</x2> <x3>242</x3></dataPoint>
        <dataPoint><x1>1383</x1><x2>20.2</x2> <x3>185</x3></dataPoint>
        <dataPoint><x1>1440</x1><x2>19.9</x2> <x3>113</x3></dataPoint>
        <dataPoint><x1>1459</x1><x2>19.0</x2>  <x3>96</x3></dataPoint>
        <dataPoint><x1>1553</x1><x2>18.2</x2>  <x3>35</x3></dataPoint>
    </dataGroup>
    <ignitionType target="CHEX" type="baseline min intercept from d/dt"/>
</experiment>
