<experiment>
    <fileAuthor>Chemical Kinetics Laboratory, Institute of Chemistry, ELTE, Budapest, Hungary</fileAuthor>
    <fileDOI>10.24388/x10004199</fileDOI>
    <fileVersion>
        <major>2</major>
        <minor>2</minor>
    </fileVersion>
    <ReSpecThVersion>
        <major>2</major>
        <minor>3</minor>
    </ReSpecThVersion>
    <firstPublicationDate>2020-09-08</firstPublicationDate>
    <lastModificationDate>2020-11-18</lastModificationDate>
    <bibliographyLink>
        <description>Bowman, C.T., Proceedings of the Combustion Institue, 15, 869-882, 1975.</description>
        <referenceDOI>10.1016/S0082-0784(75)80354-7</referenceDOI>
        <location>Main article</location>
        <table>Table I, Table II, mixture 3</table>
        <details>
            <author>Bowman, Craig T</author>
            <journal>Symp (Int) Combust</journal>
            <number>1</number>
            <pages>869--882</pages>
            <title>Non-equilibrium radical concentrations in shock-initiated methane oxidation</title>
            <volume>15</volume>
            <year>1975</year>
        </details>
    </bibliographyLink>
    <experimentType>ignition delay measurement</experimentType>
    <apparatus>
        <kind>shock tube</kind>
    </apparatus>
    <commonProperties>
        <property name="initial composition"  sourcetype="reported" >
            <component><speciesLink preferredKey="CH4"  CAS="74-82-8"    InChI="1S/CH4/h1H4"  SMILES="C"     chemName="methane" /><amount units="mole fraction" >0.03</amount></component>
            <component><speciesLink preferredKey="O2"   CAS="7782-44-7"  InChI="1S/O2/c1-2"   SMILES="O=O"   chemName="oxygen"  /><amount units="mole fraction" >0.03</amount></component>
            <component><speciesLink preferredKey="Ar"   CAS="7440-37-1"  InChI="1S/Ar"        SMILES="[Ar]"  chemName="argon"   /><amount units="mole fraction" >0.94</amount></component>
        </property>
    </commonProperties>
    <dataGroup id="dg1">
        <property name="temperature"                   id="x1"   label="T"    sourcetype="reported"    units="K"        />
        <property name="ignition delay"                id="x2"   label="tau"  sourcetype="reported"    units="us"       />
        <property name="pressure"                      id="x3"   label="p"    sourcetype="calculated"  units="atm"      />
        <property name="evaluated standard deviation"  id="x4"   sourcetype="estimated"   units="unitless"  reference="ignition delay"  kind="relative"  method="combined from scatter and the uncertainty of conditions" />

        <dataPoint><x1>1875</x1><x2>390</x2><x3>3.430</x3><x4>0.508</x4></dataPoint>
        <dataPoint><x1>1910</x1><x2>260</x2><x3>3.526</x3><x4>0.491</x4></dataPoint>
        <dataPoint><x1>1980</x1><x2>145</x2><x3>3.395</x3><x4>0.459</x4></dataPoint>
        <dataPoint><x1>1985</x1><x2>155</x2><x3>3.566</x3><x4>0.457</x4></dataPoint>
        <dataPoint><x1>2050</x1><x2>100</x2><x3>3.364</x3><x4>0.431</x4></dataPoint>
        <dataPoint><x1>2060</x1><x2>105</x2><x3>3.448</x3><x4>0.427</x4></dataPoint>
        <dataPoint><x1>2100</x1> <x2>40</x2><x3>3.446</x3><x4>0.412</x4></dataPoint>
        <dataPoint><x1>2100</x1> <x2>50</x2><x3>3.446</x3><x4>0.412</x4></dataPoint>
    </dataGroup>
    <ignitionType target="O" type="max"/>
</experiment>
