<experiment>
    <fileAuthor>Chemical Kinetics Laboratory, Institute of Chemistry, ELTE, Budapest, Hungary</fileAuthor>
    <fileDOI>10.24388/x10004109</fileDOI>
    <fileVersion>
        <major>2</major>
        <minor>2</minor>
    </fileVersion>
    <ReSpecThVersion>
        <major>2</major>
        <minor>3</minor>
    </ReSpecThVersion>
    <firstPublicationDate>2020-09-08</firstPublicationDate>
    <lastModificationDate>2020-11-18</lastModificationDate>
    <bibliographyLink>
        <description>Cooke, D.F., Williams, A., Combustion and Flame, 24, 245-256, 1975.</description>
        <referenceDOI>10.1016/0010-2180(75)90154-6</referenceDOI>
        <location>Main article</location>
        <figure>Fig. 3. Mixture 5. e circle</figure>
        <details>
            <author>Cooke, D F and Williams, A</author>
            <journal>Combust Flame</journal>
            <pages>245--256</pages>
            <title>Shock tube studies of methane and ethane oxidation</title>
            <volume>24</volume>
            <year>1975</year>
        </details>
    </bibliographyLink>
    <experimentType>ignition delay measurement</experimentType>
    <apparatus>
        <kind>shock tube</kind>
    </apparatus>
    <commonProperties>
        <property name="pressure"                      sourcetype="calculated"  units="atm"           ><value>0.329</value></property>
        <property name="initial composition"           sourcetype="reported"   >
            <component><speciesLink preferredKey="CH4"  CAS="74-82-8"    InChI="1S/CH4/h1H4"  SMILES="C"     chemName="methane" /><amount units="mole fraction" >0.0167</amount></component>
            <component><speciesLink preferredKey="O2"   CAS="7782-44-7"  InChI="1S/O2/c1-2"   SMILES="O=O"   chemName="oxygen"  /><amount units="mole fraction" >0.0333</amount></component>
            <component><speciesLink preferredKey="Ar"   CAS="7440-37-1"  InChI="1S/Ar"        SMILES="[Ar]"  chemName="argon"   /><amount units="mole fraction" >0.9500</amount></component>
        </property>
        <property name="evaluated standard deviation"  sourcetype="estimated"   units="unitless"       reference="ignition delay"  kind="relative"  method="combined from scatter and reported uncertainty" ><value>0.254</value></property>
    </commonProperties>
    <dataGroup id="dg1">
        <property name="temperature"     id="x1"   label="T"    sourcetype="digitized"  units="K"  />
        <property name="ignition delay"  id="x2"   label="tau"  sourcetype="digitized"  units="us" />

        <dataPoint><x1>2015.58</x1> <x2>282.68</x2></dataPoint>
        <dataPoint><x1>1994.86</x1> <x2>302.94</x2></dataPoint>
        <dataPoint><x1>1996.32</x1> <x2>340.95</x2></dataPoint>
        <dataPoint><x1>1935.17</x1> <x2>472.41</x2></dataPoint>
        <dataPoint><x1>1909.33</x1> <x2>481.53</x2></dataPoint>
        <dataPoint><x1>1892.04</x1> <x2>466.22</x2></dataPoint>
        <dataPoint><x1>1894.68</x1> <x2>711.19</x2></dataPoint>
        <dataPoint><x1>1868.62</x1> <x2>655.10</x2></dataPoint>
        <dataPoint><x1>1800.50</x1> <x2>717.44</x2></dataPoint>
        <dataPoint><x1>1759.68</x1><x2>1062.60</x2></dataPoint>
    </dataGroup>
    <ignitionType target="OHEX" type="baseline min intercept from d/dt"/>
</experiment>
