<experiment>
    <fileAuthor>Chemical Kinetics Laboratory, Institute of Chemistry, ELTE, Budapest, Hungary</fileAuthor>
    <fileDOI>10.24388/x10004298</fileDOI>
    <fileVersion>
        <major>2</major>
        <minor>2</minor>
    </fileVersion>
    <ReSpecThVersion>
        <major>2</major>
        <minor>3</minor>
    </ReSpecThVersion>
    <firstPublicationDate>2020-09-08</firstPublicationDate>
    <lastModificationDate>2020-11-18</lastModificationDate>
    <bibliographyLink>
        <description>Petersen, E.L., Davidson, D.F., Hanson, R.K., Combustion and Flame, 117, 272-290, 1999.</description>
        <referenceDOI>10.1016/s0010-2180(98)00111-4</referenceDOI>
        <location>Main article</location>
        <table>Table 1. mixture 3</table>
        <figure>Fig. 5. full circle</figure>
        <details>
            <author>Petersen, E L and Davidson, D F and Hanson, R K</author>
            <journal>Combust Flame</journal>
            <number>1-2</number>
            <pages>272--290</pages>
            <title>Kinetics modeling of shock-induced ignition in low-dilution CH4/O2 mixtures at high pressures and intermediate temperatures</title>
            <volume>117</volume>
            <year>1999</year>
        </details>
    </bibliographyLink>
    <experimentType>ignition delay measurement</experimentType>
    <apparatus>
        <kind>shock tube</kind>
    </apparatus>
    <commonProperties>
        <property name="pressure"             sourcetype="reported"  units="atm"           ><value>40</value></property>
        <property name="initial composition"  sourcetype="reported" >
            <component><speciesLink preferredKey="CH4"  CAS="74-82-8"    InChI="1S/CH4/h1H4"  SMILES="C"    chemName="methane"  /><amount units="mole fraction" >0.200</amount></component>
            <component><speciesLink preferredKey="O2"   CAS="7782-44-7"  InChI="1S/O2/c1-2"   SMILES="O=O"  chemName="oxygen"   /><amount units="mole fraction" >0.133</amount></component>
            <component><speciesLink preferredKey="N2"   CAS="7727-37-9"  InChI="1S/N2/c1-2"   SMILES="N#N"  chemName="nitrogen" /><amount units="mole fraction" >0.667</amount></component>
        </property>
    </commonProperties>
    <dataGroup id="dg1">
        <property name="temperature"                   id="x1"   label="T"    sourcetype="digitized"  units="K"        />
        <property name="ignition delay"                id="x2"   label="tau"  sourcetype="digitized"  units="us"       />
        <property name="evaluated standard deviation"  id="x3"   sourcetype="estimated"  units="unitless"  reference="ignition delay"  kind="relative"  method="combined from scatter and the uncertainty of conditions" />

        <dataPoint><x1>1511.4</x1><x2>101.2</x2><x3>0.138</x3></dataPoint>
        <dataPoint><x1>1487.7</x1><x2>130.3</x2><x3>0.142</x3></dataPoint>
        <dataPoint><x1>1455.7</x1><x2>177.4</x2><x3>0.147</x3></dataPoint>
        <dataPoint><x1>1420.8</x1><x2>228.6</x2><x3>0.153</x3></dataPoint>
        <dataPoint><x1>1418.7</x1><x2>244.2</x2><x3>0.153</x3></dataPoint>
        <dataPoint><x1>1413.4</x1><x2>260.9</x2><x3>0.154</x3></dataPoint>
        <dataPoint><x1>1402.9</x1><x2>288.0</x2><x3>0.156</x3></dataPoint>
        <dataPoint><x1>1383.5</x1><x2>383.4</x2> <x3>0.16</x3></dataPoint>
        <dataPoint><x1>1362.6</x1><x2>383.8</x2><x3>0.164</x3></dataPoint>
        <dataPoint><x1>1359.7</x1><x2>401.1</x2><x3>0.165</x3></dataPoint>
    </dataGroup>
    <ignitionType target="p" type="baseline min intercept from d/dt"/>
</experiment>
