<experiment>
    <fileAuthor>Chemical Kinetics Laboratory, Institute of Chemistry, ELTE, Budapest, Hungary</fileAuthor>
    <fileDOI>10.24388/x10004296</fileDOI>
    <fileVersion>
        <major>2</major>
        <minor>2</minor>
    </fileVersion>
    <ReSpecThVersion>
        <major>2</major>
        <minor>3</minor>
    </ReSpecThVersion>
    <firstPublicationDate>2020-09-08</firstPublicationDate>
    <lastModificationDate>2020-11-18</lastModificationDate>
    <bibliographyLink>
        <description>Petersen, E.L., Davidson, D.F., Hanson, R.K., Combustion and Flame, 117, 272-290, 1999.</description>
        <referenceDOI>10.1016/s0010-2180(98)00111-4</referenceDOI>
        <location>Main article</location>
        <table>Table 1. mixture 2</table>
        <figure>Fig. 5. triangle</figure>
        <details>
            <author>Petersen, E L and Davidson, D F and Hanson, R K</author>
            <journal>Combust Flame</journal>
            <number>1-2</number>
            <pages>272--290</pages>
            <title>Kinetics modeling of shock-induced ignition in low-dilution CH4/O2 mixtures at high pressures and intermediate temperatures</title>
            <volume>117</volume>
            <year>1999</year>
        </details>
    </bibliographyLink>
    <experimentType>ignition delay measurement</experimentType>
    <apparatus>
        <kind>shock tube</kind>
    </apparatus>
    <commonProperties>
        <property name="pressure"             sourcetype="reported"  units="atm"           ><value>85</value></property>
        <property name="initial composition"  sourcetype="reported" >
            <component><speciesLink preferredKey="CH4"  CAS="74-82-8"    InChI="1S/CH4/h1H4"  SMILES="C"     chemName="methane" /><amount units="mole fraction" >0.200</amount></component>
            <component><speciesLink preferredKey="O2"   CAS="7782-44-7"  InChI="1S/O2/c1-2"   SMILES="O=O"   chemName="oxygen"  /><amount units="mole fraction" >0.133</amount></component>
            <component><speciesLink preferredKey="Ar"   CAS="7440-37-1"  InChI="1S/Ar"        SMILES="[Ar]"  chemName="argon"   /><amount units="mole fraction" >0.667</amount></component>
        </property>
    </commonProperties>
    <dataGroup id="dg1">
        <property name="temperature"                   id="x1"   label="T"    sourcetype="digitized"  units="K"        />
        <property name="ignition delay"                id="x2"   label="tau"  sourcetype="digitized"  units="us"       />
        <property name="evaluated standard deviation"  id="x3"   sourcetype="estimated"  units="unitless"  reference="ignition delay"  kind="relative"  method="combined from scatter and the uncertainty of conditions" />

        <dataPoint><x1>1419.7</x1><x2>104.9</x2><x3>0.141</x3></dataPoint>
        <dataPoint><x1>1363.6</x1><x2>164.9</x2><x3>0.146</x3></dataPoint>
        <dataPoint><x1>1207.3</x1><x2>531.9</x2><x3>0.167</x3></dataPoint>
        <dataPoint><x1>1204.2</x1><x2>543.8</x2><x3>0.167</x3></dataPoint>
        <dataPoint><x1>1197.4</x1><x2>648.3</x2><x3>0.168</x3></dataPoint>
        <dataPoint><x1>1165.7</x1><x2>649.6</x2><x3>0.174</x3></dataPoint>
    </dataGroup>
    <ignitionType target="p" type="baseline min intercept from d/dt"/>
</experiment>
