<experiment>
    <fileAuthor>Chemical Kinetics Laboratory, Institute of Chemistry, ELTE, Budapest, Hungary</fileAuthor>
    <fileDOI>10.24388/x10004460</fileDOI>
    <fileVersion>
        <major>2</major>
        <minor>2</minor>
    </fileVersion>
    <ReSpecThVersion>
        <major>2</major>
        <minor>3</minor>
    </ReSpecThVersion>
    <firstPublicationDate>2020-09-08</firstPublicationDate>
    <lastModificationDate>2020-11-18</lastModificationDate>
    <bibliographyLink>
        <description>Gurentsov, E. V., Divakov, O. G., Eremin, A. V., High Temperature, 40, 379-386., 2002.</description>
        <referenceDOI>10.1023/A:1016012007493</referenceDOI>
        <location>Main article</location>
        <table>Table 1 and Table 2</table>
        <details>
            <author>Gurentsov, E V and Divakov, O G and Eremin, A V</author>
            <journal>High Temperature</journal>
            <pages>379--386</pages>
            <title>Ignition of Multicomponent Hydrocarbon/Air Mixtures behind Shock Waves</title>
            <volume>40</volume>
            <year>2002</year>
        </details>
    </bibliographyLink>
    <experimentType>ignition delay measurement</experimentType>
    <commonProperties>
        <property name="initial composition"           sourcetype="calculated" >
            <component><speciesLink preferredKey="CH4"  CAS="74-82-8"    InChI="1S/CH4/h1H4"  SMILES="C"     chemName="methane" /><amount units="mole fraction" >0.0833</amount></component>
            <component><speciesLink preferredKey="O2"   CAS="7782-44-7"  InChI="1S/O2/c1-2"   SMILES="O=O"   chemName="oxygen"  /><amount units="mole fraction" >0.1667</amount></component>
            <component><speciesLink preferredKey="H2O"  CAS="7732-18-5"  InChI="1S/H2O/h1H2"  SMILES="O"     chemName="water"   /><amount units="mole fraction" >0.0833</amount></component>
            <component><speciesLink preferredKey="Ar"   CAS="7440-37-1"  InChI="1S/Ar"        SMILES="[Ar]"  chemName="argon"   /><amount units="mole fraction" >0.6667</amount></component>
        </property>
        <property name="evaluated standard deviation"  sourcetype="estimated"   units="unitless"       reference="ignition delay"  kind="relative"  method="combined from scatter and reported uncertainty" ><value>0.231</value></property>
    </commonProperties>
    <dataGroup id="dg1">
        <property name="temperature"     id="x1"   label="T"    sourcetype="reported"  units="K"   />
        <property name="pressure"        id="x2"   label="p"    sourcetype="reported"  units="atm" />
        <property name="ignition delay"  id="x3"   label="tau"  sourcetype="reported"  units="us"  />

        <dataPoint><x1>1386</x1><x2>3.3</x2><x3>1100</x3></dataPoint>
        <dataPoint><x1>1549</x1><x2>4.1</x2> <x3>340</x3></dataPoint>
        <dataPoint><x1>1549</x1><x2>4.1</x2> <x3>350</x3></dataPoint>
        <dataPoint><x1>1575</x1><x2>4.2</x2> <x3>310</x3></dataPoint>
        <dataPoint><x1>1575</x1><x2>4.2</x2> <x3>300</x3></dataPoint>
        <dataPoint><x1>1658</x1><x2>4.6</x2> <x3>115</x3></dataPoint>
        <dataPoint><x1>1885</x1><x2>5.8</x2>  <x3>20</x3></dataPoint>
    </dataGroup>
    <ignitionType target="OHEX" type="max"/>
</experiment>
