<experiment>
    <fileAuthor>Chemical Kinetics Laboratory, Institute of Chemistry, ELTE, Budapest, Hungary</fileAuthor>
    <fileDOI>10.24388/x10004030</fileDOI>
    <fileVersion>
        <major>2</major>
        <minor>2</minor>
    </fileVersion>
    <ReSpecThVersion>
        <major>2</major>
        <minor>3</minor>
    </ReSpecThVersion>
    <firstPublicationDate>2020-09-08</firstPublicationDate>
    <lastModificationDate>2020-11-18</lastModificationDate>
    <bibliographyLink>
        <description>Aul, C.J., Metcalfe, W.K., Burke, S.M., Curran, H.J., Petersen, E.L., Combustion and Flame, 160, 1153-1167, 2013.</description>
        <referenceDOI>10.1016/j.combustflame.2013.01.019</referenceDOI>
        <location>Electronic Supplement</location>
        <table>Table A-2., Mixture 4</table>
        <details>
            <author>Aul, Christopher J and Metcalfe, Wayne K and Burke, Sinéad M and Curran, Henry J and Petersen, Eric L</author>
            <journal>Combust Flame</journal>
            <pages>1153--1167</pages>
            <title>Ignition and kinetic modeling of methane and ethane fuel blends with oxygen: A design of experiments approach</title>
            <volume>160</volume>
            <year>2013</year>
        </details>
    </bibliographyLink>
    <experimentType>ignition delay measurement</experimentType>
    <apparatus>
        <kind>shock tube</kind>
    </apparatus>
    <commonProperties>
        <property name="initial composition"  sourcetype="calculated" >
            <component><speciesLink preferredKey="CH4"  CAS="74-82-8"    InChI="1S/CH4/h1H4"  SMILES="C"     chemName="methane" /><amount units="mole fraction" >0.006667</amount></component>
            <component><speciesLink preferredKey="O2"   CAS="7782-44-7"  InChI="1S/O2/c1-2"   SMILES="O=O"   chemName="oxygen"  /><amount units="mole fraction" >0.013333</amount></component>
            <component><speciesLink preferredKey="Ar"   CAS="7440-37-1"  InChI="1S/Ar"        SMILES="[Ar]"  chemName="argon"   /><amount units="mole fraction" >0.980000</amount></component>
        </property>
    </commonProperties>
    <dataGroup id="dg1">
        <property name="temperature"                   id="x1"   label="T"    sourcetype="reported"   units="K"        />
        <property name="pressure"                      id="x2"   label="p"    sourcetype="reported"   units="atm"      />
        <property name="ignition delay"                id="x3"   label="tau"  sourcetype="reported"   units="us"       />
        <property name="evaluated standard deviation"  id="x4"   sourcetype="estimated"  units="unitless"  reference="ignition delay"  kind="relative"  method="generic uncertainty" />

        <dataPoint><x1>2248</x1><x2>1.13</x2>  <x3>70</x3>  <x4>0.1</x4></dataPoint>
        <dataPoint><x1>2097</x1><x2>1.14</x2> <x3>138</x3>  <x4>0.1</x4></dataPoint>
        <dataPoint><x1>2013</x1><x2>1.34</x2> <x3>210</x3>  <x4>0.1</x4></dataPoint>
        <dataPoint><x1>1994</x1><x2>1.21</x2> <x3>229</x3>  <x4>0.1</x4></dataPoint>
        <dataPoint><x1>1988</x1><x2>1.19</x2> <x3>211</x3>  <x4>0.1</x4></dataPoint>
        <dataPoint><x1>1897</x1><x2>1.21</x2> <x3>476</x3>  <x4>0.1</x4></dataPoint>
        <dataPoint><x1>1801</x1><x2>1.27</x2> <x3>831</x3><x4>0.105</x4></dataPoint>
        <dataPoint><x1>1790</x1><x2>1.20</x2> <x3>911</x3><x4>0.106</x4></dataPoint>
        <dataPoint><x1>1773</x1><x2>1.36</x2> <x3>994</x3><x4>0.106</x4></dataPoint>
        <dataPoint><x1>1764</x1><x2>1.44</x2><x3>1043</x3><x4>0.107</x4></dataPoint>
        <dataPoint><x1>1750</x1><x2>1.38</x2><x3>1257</x3><x4>0.108</x4></dataPoint>
        <dataPoint><x1>1735</x1><x2>1.37</x2><x3>1249</x3><x4>0.109</x4></dataPoint>
        <dataPoint><x1>1726</x1><x2>1.25</x2><x3>1447</x3><x4>0.109</x4></dataPoint>
        <dataPoint><x1>1705</x1><x2>1.41</x2><x3>1611</x3><x4>0.111</x4></dataPoint>
        <dataPoint><x1>1689</x1><x2>1.36</x2><x3>1690</x3><x4>0.112</x4></dataPoint>
        <dataPoint><x1>1686</x1><x2>1.35</x2><x3>1714</x3><x4>0.112</x4></dataPoint>
    </dataGroup>
    <ignitionType target="p;" type="d/dt max"/>
</experiment>
