<experiment>
    <fileAuthor>Chemical Kinetics Laboratory, Institute of Chemistry, ELTE, Budapest, Hungary</fileAuthor>
    <fileDOI>10.24388/x10004558</fileDOI>
    <fileVersion>
        <major>2</major>
        <minor>2</minor>
    </fileVersion>
    <ReSpecThVersion>
        <major>2</major>
        <minor>3</minor>
    </ReSpecThVersion>
    <firstPublicationDate>2020-09-08</firstPublicationDate>
    <lastModificationDate>2020-11-18</lastModificationDate>
    <bibliographyLink>
        <description>Mathieu, O., Kopp, M.M., Petersen, E.L., Proceedings of the Combustion Institute, 34, 3211-3218, 2013.</description>
        <referenceDOI>10.1016/j.proci.2012.05.008</referenceDOI>
        <location>Main article + Supplement</location>
        <table>Table 1. mixture BS-CH4, Table S5</table>
        <details>
            <author>Mathieu, O and Kopp, M M and Petersen, E L</author>
            <journal>Proc Combust Inst</journal>
            <pages>3211--3218</pages>
            <title>Shock-tube study of the ignition of multi-component syngas mixtures with and without ammonia impurities</title>
            <volume>34</volume>
            <year>2013</year>
        </details>
    </bibliographyLink>
    <experimentType>ignition delay measurement</experimentType>
    <commonProperties>
        <property name="initial composition"           sourcetype="reported"  >
            <component><speciesLink preferredKey="CH4"  CAS="74-82-8"    InChI="1S/CH4/h1H4"  SMILES="C"          chemName="methane"         /><amount units="mole fraction" >0.00075</amount></component>
            <component><speciesLink preferredKey="O2"   CAS="7782-44-7"  InChI="1S/O2/c1-2"   SMILES="O=O"        chemName="oxygen"          /><amount units="mole fraction" >0.01113</amount></component>
            <component><speciesLink preferredKey="Ar"   CAS="7440-37-1"  InChI="1S/Ar"        SMILES="[Ar]"       chemName="argon"           /><amount units="mole fraction" >0.98000</amount></component>
            <component><speciesLink preferredKey="H2"   CAS="1333-74-0"  InChI="1S/H2/h1H"    SMILES="[HH]"       chemName="hydrogen"        /><amount units="mole fraction" >0.00406</amount></component>
            <component><speciesLink preferredKey="CO"   CAS="630-08-0"   InChI="1S/CO/c1-2"   SMILES="[C-]#[O+]"  chemName="carbon monoxide" /><amount units="mole fraction" >0.00406</amount></component>
        </property>
        <property name="evaluated standard deviation"  sourcetype="estimated"  units="unitless"       reference="ignition delay"  kind="relative"  method="combined from scatter and reported uncertainty" ><value>0.224</value></property>
    </commonProperties>
    <dataGroup id="dg1">
        <property name="temperature"     id="x1"   label="T"    sourcetype="reported"  units="K"   />
        <property name="pressure"        id="x2"   label="p"    sourcetype="reported"  units="atm" />
        <property name="ignition delay"  id="x3"   label="tau"  sourcetype="reported"  units="us"  />

        <dataPoint><x1>1321</x1><x2>29.9</x2>  <x3>62</x3></dataPoint>
        <dataPoint><x1>1306</x1><x2>30.6</x2>  <x3>79</x3></dataPoint>
        <dataPoint><x1>1226</x1><x2>30.3</x2> <x3>287</x3></dataPoint>
        <dataPoint><x1>1223</x1><x2>31.8</x2> <x3>359</x3></dataPoint>
        <dataPoint><x1>1168</x1><x2>31.6</x2><x3>1081</x3></dataPoint>
        <dataPoint><x1>1155</x1><x2>32.3</x2><x3>1187</x3></dataPoint>
    </dataGroup>
    <ignitionType target="OHEX" type="baseline min intercept from d/dt"/>
</experiment>
