<experiment>
    <fileAuthor>Chemical Kinetics Laboratory, Institute of Chemistry, ELTE, Budapest, Hungary</fileAuthor>
    <fileDOI>10.24388/x10004228</fileDOI>
    <fileVersion>
        <major>2</major>
        <minor>2</minor>
    </fileVersion>
    <ReSpecThVersion>
        <major>2</major>
        <minor>3</minor>
    </ReSpecThVersion>
    <firstPublicationDate>2020-09-08</firstPublicationDate>
    <lastModificationDate>2020-11-18</lastModificationDate>
    <bibliographyLink>
        <description>Bowman, C.T., Combustion Science and Technology, 2, 161-172, 1970.</description>
        <referenceDOI>10.1080/00102207008952244</referenceDOI>
        <location>Main article</location>
        <table>Table II. mixture 1</table>
        <figure>Fig. 2. CO2 open triangle</figure>
        <details>
            <author>Bowman, C T</author>
            <journal>Combust Sci Technol</journal>
            <pages>161--172</pages>
            <title>An experimental and ananytical investigation of the high temperature exidation mechanisms of hydrocarbon fuels</title>
            <volume>2</volume>
            <year>1970</year>
        </details>
    </bibliographyLink>
    <experimentType>ignition delay measurement</experimentType>
    <apparatus>
        <kind>shock tube</kind>
    </apparatus>
    <commonProperties>
        <property name="pressure"             sourcetype="reported"  units="atm"           ><value>2.6</value></property>
        <property name="initial composition"  sourcetype="reported" >
            <component><speciesLink preferredKey="CH4"  CAS="74-82-8"    InChI="1S/CH4/h1H4"  SMILES="C"     chemName="methane" /><amount units="mole fraction" >0.0667</amount></component>
            <component><speciesLink preferredKey="O2"   CAS="7782-44-7"  InChI="1S/O2/c1-2"   SMILES="O=O"   chemName="oxygen"  /><amount units="mole fraction" >0.0333</amount></component>
            <component><speciesLink preferredKey="Ar"   CAS="7440-37-1"  InChI="1S/Ar"        SMILES="[Ar]"  chemName="argon"   /><amount units="mole fraction" >0.9000</amount></component>
        </property>
    </commonProperties>
    <dataGroup id="dg1">
        <property name="temperature"                   id="x1"   label="T"    sourcetype="digitized"  units="K"        />
        <property name="ignition delay"                id="x2"   label="tau"  sourcetype="digitized"  units="us"       />
        <property name="evaluated standard deviation"  id="x3"   sourcetype="estimated"  units="unitless"  reference="ignition delay"  kind="relative"  method="combined from scatter and the uncertainty of conditions" />

        <dataPoint><x1>2244.7</x1> <x2>19.44</x2><x3>0.341</x3></dataPoint>
        <dataPoint><x1>2175.8</x1> <x2>19.26</x2><x3>0.355</x3></dataPoint>
        <dataPoint><x1>2071.6</x1> <x2>47.64</x2><x3>0.379</x3></dataPoint>
        <dataPoint><x1>2006.1</x1> <x2>51.39</x2><x3>0.396</x3></dataPoint>
        <dataPoint><x1>1957.6</x1><x2>110.20</x2> <x3>0.41</x3></dataPoint>
        <dataPoint><x1>1887.3</x1><x2>162.30</x2><x3>0.433</x3></dataPoint>
    </dataGroup>
    <ignitionType target="H2O" type="relative concentration" amount="0.9" units="unitless"/>
</experiment>
