<experiment>
    <fileAuthor>Chemical Kinetics Laboratory, Institute of Chemistry, ELTE, Budapest, Hungary</fileAuthor>
    <fileDOI>10.24388/x10004098</fileDOI>
    <fileVersion>
        <major>2</major>
        <minor>2</minor>
    </fileVersion>
    <ReSpecThVersion>
        <major>2</major>
        <minor>3</minor>
    </ReSpecThVersion>
    <firstPublicationDate>2020-09-08</firstPublicationDate>
    <lastModificationDate>2020-11-18</lastModificationDate>
    <bibliographyLink>
        <description>Cooke, D.F., Williams, A., Combustion and Flame, 24, 245-256, 1975.</description>
        <referenceDOI>10.1016/0010-2180(75)90154-6</referenceDOI>
        <location>Main article</location>
        <figure>Fig. 3. Mixture 1. a circle</figure>
        <details>
            <author>Cooke, D F and Williams, A</author>
            <journal>Combust Flame</journal>
            <pages>245--256</pages>
            <title>Shock tube studies of methane and ethane oxidation</title>
            <volume>24</volume>
            <year>1975</year>
        </details>
    </bibliographyLink>
    <experimentType>ignition delay measurement</experimentType>
    <apparatus>
        <kind>shock tube</kind>
    </apparatus>
    <commonProperties>
        <property name="pressure"                      sourcetype="calculated"  units="atm"           ><value>0.329</value></property>
        <property name="initial composition"           sourcetype="reported"   >
            <component><speciesLink preferredKey="CH4"  CAS="74-82-8"    InChI="1S/CH4/h1H4"  SMILES="C"     chemName="methane" /><amount units="mole fraction" >0.02</amount></component>
            <component><speciesLink preferredKey="O2"   CAS="7782-44-7"  InChI="1S/O2/c1-2"   SMILES="O=O"   chemName="oxygen"  /><amount units="mole fraction" >0.08</amount></component>
            <component><speciesLink preferredKey="Ar"   CAS="7440-37-1"  InChI="1S/Ar"        SMILES="[Ar]"  chemName="argon"   /><amount units="mole fraction" >0.90</amount></component>
        </property>
        <property name="evaluated standard deviation"  sourcetype="estimated"   units="unitless"       reference="ignition delay"  kind="relative"  method="combined from scatter and reported uncertainty" ><value>0.226</value></property>
    </commonProperties>
    <dataGroup id="dg1">
        <property name="temperature"     id="x1"   label="T"    sourcetype="digitized"  units="K"  />
        <property name="ignition delay"  id="x2"   label="tau"  sourcetype="digitized"  units="us" />

        <dataPoint><x1>2110.13</x1> <x2>104.54</x2></dataPoint>
        <dataPoint><x1>2098.79</x1> <x2>134.92</x2></dataPoint>
        <dataPoint><x1>2098.82</x1> <x2>149.40</x2></dataPoint>
        <dataPoint><x1>2029.81</x1> <x2>196.31</x2></dataPoint>
        <dataPoint><x1>2023.79</x1> <x2>217.40</x2></dataPoint>
        <dataPoint><x1>2022.29</x1> <x2>228.78</x2></dataPoint>
        <dataPoint><x1>2005.86</x1> <x2>236.76</x2></dataPoint>
        <dataPoint><x1>2014.81</x1> <x2>249.10</x2></dataPoint>
        <dataPoint><x1>2002.93</x1> <x2>262.18</x2></dataPoint>
        <dataPoint><x1>2008.89</x1> <x2>285.41</x2></dataPoint>
        <dataPoint><x1>1983.84</x1> <x2>228.93</x2></dataPoint>
        <dataPoint><x1>1976.65</x1> <x2>257.89</x2></dataPoint>
        <dataPoint><x1>1978.12</x1> <x2>280.75</x2></dataPoint>
        <dataPoint><x1>1962.38</x1> <x2>285.64</x2></dataPoint>
        <dataPoint><x1>1937.18</x1> <x2>316.45</x2></dataPoint>
        <dataPoint><x1>1934.45</x1> <x2>350.44</x2></dataPoint>
        <dataPoint><x1>1918.03</x1> <x2>344.64</x2></dataPoint>
        <dataPoint><x1>1911.28</x1> <x2>356.60</x2></dataPoint>
        <dataPoint><x1>1903.24</x1> <x2>356.66</x2></dataPoint>
        <dataPoint><x1>1901.93</x1> <x2>394.95</x2></dataPoint>
        <dataPoint><x1>1904.63</x1> <x2>437.33</x2></dataPoint>
        <dataPoint><x1>1716.82</x1><x2>1099.20</x2></dataPoint>
    </dataGroup>
    <ignitionType target="OHEX" type="baseline min intercept from d/dt"/>
</experiment>
