<experiment>
    <fileAuthor>Chemical Kinetics Laboratory, Institute of Chemistry, ELTE, Budapest, Hungary</fileAuthor>
    <fileDOI>10.24388/x10004264</fileDOI>
    <fileVersion>
        <major>2</major>
        <minor>2</minor>
    </fileVersion>
    <ReSpecThVersion>
        <major>2</major>
        <minor>3</minor>
    </ReSpecThVersion>
    <firstPublicationDate>2020-09-08</firstPublicationDate>
    <lastModificationDate>2020-11-18</lastModificationDate>
    <bibliographyLink>
        <description>Kistiakowsky, G.B., Richards, L.W., The Journal of Chemical Physics, 36, 1707-1716, 1962.</description>
        <referenceDOI>10.1063/1.1701256</referenceDOI>
        <location>Main article</location>
        <figure>Fig. 6. open circle</figure>
        <details>
            <author>Kistiakowsky, G B and Willard Richards, L</author>
            <journal>J Chem Phys</journal>
            <number>7</number>
            <pages>1707--1714</pages>
            <title>Emission of Vacuum Ultraviolet Radiation from the Acetylene-Oxygen and the Methane-Oxygen Reactions in Shock Waves</title>
            <volume>36</volume>
            <year>1962</year>
        </details>
    </bibliographyLink>
    <experimentType>ignition delay measurement</experimentType>
    <apparatus>
        <kind>shock tube</kind>
    </apparatus>
    <commonProperties>
        <property name="initial composition"           sourcetype="calculated" >
            <component><speciesLink preferredKey="CH4"  CAS="74-82-8"    InChI="1S/CH4/h1H4"  SMILES="C"     chemName="methane" /><amount units="mole fraction" >0.02</amount></component>
            <component><speciesLink preferredKey="O2"   CAS="7782-44-7"  InChI="1S/O2/c1-2"   SMILES="O=O"   chemName="oxygen"  /><amount units="mole fraction" >0.03</amount></component>
            <component><speciesLink preferredKey="Ar"   CAS="7440-37-1"  InChI="1S/Ar"        SMILES="[Ar]"  chemName="argon"   /><amount units="mole fraction" >0.95</amount></component>
        </property>
        <property name="evaluated standard deviation"  sourcetype="estimated"   units="unitless"       reference="ignition delay"  kind="relative"  method="statistical scatter" ><value>0.485</value></property>
    </commonProperties>
    <dataGroup id="dg1">
        <property name="temperature"     id="x1"   label="T"    sourcetype="digitized"   units="K"   />
        <property name="ignition delay"  id="x2"   label="tau"  sourcetype="digitized"   units="us"  />
        <property name="pressure"        id="x3"   label="p"    sourcetype="calculated"  units="atm" />

        <dataPoint><x1>2800.1</x1><x2>20.83</x2><x3>0.1198</x3></dataPoint>
        <dataPoint><x1>2719.8</x1><x2>17.63</x2><x3>0.1164</x3></dataPoint>
        <dataPoint><x1>2581.8</x1><x2>41.18</x2><x3>0.1105</x3></dataPoint>
        <dataPoint><x1>2283.9</x1><x2>199.0</x2><x3>0.0977</x3></dataPoint>
        <dataPoint><x1>2270.1</x1><x2>130.2</x2><x3>0.0971</x3></dataPoint>
        <dataPoint><x1>2124.1</x1><x2>108.5</x2><x3>0.0909</x3></dataPoint>
        <dataPoint><x1>2172.9</x1><x2>173.6</x2><x3>0.0930</x3></dataPoint>
        <dataPoint><x1>2176.2</x1><x2>304.1</x2><x3>0.0931</x3></dataPoint>
        <dataPoint><x1>2101.0</x1><x2>281.9</x2><x3>0.0899</x3></dataPoint>
        <dataPoint><x1>2092.6</x1><x2>549.1</x2><x3>0.0895</x3></dataPoint>
        <dataPoint><x1>2053.0</x1><x2>549.1</x2><x3>0.0878</x3></dataPoint>
        <dataPoint><x1>1980.8</x1><x2>566.0</x2><x3>0.0847</x3></dataPoint>
        <dataPoint><x1>1950.3</x1><x2>648.7</x2><x3>0.0834</x3></dataPoint>
        <dataPoint><x1>1877.8</x1><x2>364.8</x2><x3>0.0803</x3></dataPoint>
    </dataGroup>
    <ignitionType target="CHEX" type="baseline min intercept from d/dt"/>
</experiment>
