<experiment>
    <fileAuthor>Chemical Kinetics Laboratory, Institute of Chemistry, ELTE, Budapest, Hungary</fileAuthor>
    <fileDOI>10.24388/x10004249</fileDOI>
    <fileVersion>
        <major>2</major>
        <minor>2</minor>
    </fileVersion>
    <ReSpecThVersion>
        <major>2</major>
        <minor>3</minor>
    </ReSpecThVersion>
    <firstPublicationDate>2020-09-08</firstPublicationDate>
    <lastModificationDate>2020-11-18</lastModificationDate>
    <bibliographyLink>
        <description>Hu, E., Li, X., Meng, X., Chen, Y., Cheng, Y., Xie, Y., Huang, Z., Fuel, 158, 1-10, 2015.</description>
        <referenceDOI>10.1016/j.fuel.2015.05.010</referenceDOI>
        <location>Main article</location>
        <figure>Fig. 8b square</figure>
        <details>
            <author>Hu, Erjiang and Li, Xiaotian and Meng, Xin and Chen, Yizhen and Cheng, Yu and Xie, Yongliang and Huang, Zuohua</author>
            <journal>Fuel</journal>
            <pages>1--10</pages>
            <title>Laminar flame speeds and ignition delay times of methane–air mixtures at elevated temperatures and pressures</title>
            <volume>158</volume>
            <year>2015</year>
        </details>
    </bibliographyLink>
    <experimentType>ignition delay measurement</experimentType>
    <apparatus>
        <kind>shock tube</kind>
    </apparatus>
    <commonProperties>
        <property name="pressure"             sourcetype="reported"    units="atm"           ><value>1</value></property>
        <property name="initial composition"  sourcetype="calculated" >
            <component><speciesLink preferredKey="CH4"  CAS="74-82-8"    InChI="1S/CH4/h1H4"  SMILES="C"    chemName="methane"  /><amount units="mole fraction" >0.09502</amount></component>
            <component><speciesLink preferredKey="O2"   CAS="7782-44-7"  InChI="1S/O2/c1-2"   SMILES="O=O"  chemName="oxygen"   /><amount units="mole fraction" >0.19005</amount></component>
            <component><speciesLink preferredKey="N2"   CAS="7727-37-9"  InChI="1S/N2/c1-2"   SMILES="N#N"  chemName="nitrogen" /><amount units="mole fraction" >0.71493</amount></component>
        </property>
    </commonProperties>
    <dataGroup id="dg1">
        <property name="temperature"                   id="x1"   label="T"    sourcetype="digitized"  units="K"        />
        <property name="ignition delay"                id="x2"   label="tau"  sourcetype="digitized"  units="us"       />
        <property name="evaluated standard deviation"  id="x3"   sourcetype="estimated"  units="unitless"  reference="ignition delay"  kind="relative"  method="combined from scatter and the uncertainty of conditions" />

        <dataPoint><x1>1924.8</x1> <x2>47.31</x2><x3>0.165</x3></dataPoint>
        <dataPoint><x1>1915.8</x1> <x2>56.04</x2><x3>0.166</x3></dataPoint>
        <dataPoint><x1>1892.4</x1> <x2>61.28</x2> <x3>0.17</x3></dataPoint>
        <dataPoint><x1>1812.4</x1> <x2>92.14</x2><x3>0.181</x3></dataPoint>
        <dataPoint><x1>1816.3</x1> <x2>94.00</x2> <x3>0.18</x3></dataPoint>
        <dataPoint><x1>1811.0</x1><x2>105.90</x2><x3>0.181</x3></dataPoint>
        <dataPoint><x1>1785.1</x1> <x2>96.82</x2><x3>0.185</x3></dataPoint>
        <dataPoint><x1>1782.5</x1><x2>108.00</x2><x3>0.186</x3></dataPoint>
        <dataPoint><x1>1774.7</x1><x2>127.90</x2><x3>0.187</x3></dataPoint>
        <dataPoint><x1>1735.1</x1><x2>141.30</x2><x3>0.194</x3></dataPoint>
        <dataPoint><x1>1736.2</x1><x2>179.50</x2><x3>0.194</x3></dataPoint>
        <dataPoint><x1>1700.6</x1><x2>230.20</x2>  <x3>0.2</x3></dataPoint>
        <dataPoint><x1>1694.7</x1><x2>249.20</x2><x3>0.202</x3></dataPoint>
        <dataPoint><x1>1668.6</x1><x2>272.50</x2><x3>0.207</x3></dataPoint>
        <dataPoint><x1>1631.3</x1><x2>363.70</x2><x3>0.215</x3></dataPoint>
        <dataPoint><x1>1605.0</x1><x2>439.40</x2><x3>0.221</x3></dataPoint>
        <dataPoint><x1>1584.5</x1><x2>500.00</x2><x3>0.226</x3></dataPoint>
        <dataPoint><x1>1568.4</x1><x2>604.10</x2> <x3>0.23</x3></dataPoint>
        <dataPoint><x1>1546.0</x1><x2>680.70</x2><x3>0.235</x3></dataPoint>
        <dataPoint><x1>1539.3</x1><x2>751.90</x2><x3>0.237</x3></dataPoint>
        <dataPoint><x1>1513.0</x1><x2>926.60</x2><x3>0.244</x3></dataPoint>
    </dataGroup>
    <ignitionType target="CHEX" type="baseline min intercept from d/dt"/>
</experiment>
