<experiment>
    <fileAuthor>Chemical Kinetics Laboratory, Institute of Chemistry, ELTE, Budapest, Hungary</fileAuthor>
    <fileDOI>10.24388/x10004499</fileDOI>
    <fileVersion>
        <major>2</major>
        <minor>2</minor>
    </fileVersion>
    <ReSpecThVersion>
        <major>2</major>
        <minor>3</minor>
    </ReSpecThVersion>
    <firstPublicationDate>2020-09-08</firstPublicationDate>
    <lastModificationDate>2020-11-18</lastModificationDate>
    <bibliographyLink>
        <description>Zeng, W., Ma, H., Liang, Y., Hu, E., Journal of Advanced Research, 6, 189-201, 2015.</description>
        <referenceDOI>10.1016/j.jare.2014.01.003</referenceDOI>
        <location>Main article</location>
        <figure>Fig. 4b (c), rhombus</figure>
        <details>
            <author>Zeng, Wen., Ma, Hongan., Liang, Yuntao., Hu, Erjiang.</author>
            <journal>Journal of Advanced Research</journal>
            <pages>189--201</pages>
            <title>Experimental and modeling study on effects of N2 and CO2 on ignition characteristics of methane/air mixture</title>
            <volume>6</volume>
            <year>2015</year>
        </details>
    </bibliographyLink>
    <experimentType>ignition delay measurement</experimentType>
    <apparatus>
        <kind>shock tube</kind>
    </apparatus>
    <commonProperties>
        <property name="pressure"                      sourcetype="reported"   units="MPa"           ><value>0.1</value></property>
        <property name="initial composition"           sourcetype="reported"  >
            <component><speciesLink preferredKey="CH4"  CAS="74-82-8"    InChI="1S/CH4/h1H4"    SMILES="C"        chemName="methane"        /><amount units="mole fraction" >0.0475</amount></component>
            <component><speciesLink preferredKey="O2"   CAS="7782-44-7"  InChI="1S/O2/c1-2"     SMILES="O=O"      chemName="oxygen"         /><amount units="mole fraction" >0.0950</amount></component>
            <component><speciesLink preferredKey="N2"   CAS="7727-37-9"  InChI="1S/N2/c1-2"     SMILES="N#N"      chemName="nitrogen"       /><amount units="mole fraction" >0.3575</amount></component>
            <component><speciesLink preferredKey="CO2"  CAS="124-38-9"   InChI="1S/CO2/c2-1-3"  SMILES="C(=O)=O"  chemName="carbon dioxide" /><amount units="mole fraction" >0.5000</amount></component>
        </property>
        <property name="pressure rise"                 label="dp/dt"  sourcetype="reported"   units="ms-1"          ><value>0.04</value></property>
        <property name="evaluated standard deviation"  sourcetype="estimated"  units="unitless"       reference="ignition delay"  kind="relative"  method="combined from scatter and reported uncertainty" ><value>0.133</value></property>
    </commonProperties>
    <dataGroup id="dg1">
        <property name="temperature"     id="x1"   label="T"    sourcetype="digitized"  units="K"  />
        <property name="ignition delay"  id="x2"   label="tau"  sourcetype="digitized"  units="us" />

        <dataPoint><x1>1985</x1> <x2>70</x2></dataPoint>
        <dataPoint><x1>1958</x1> <x2>89</x2></dataPoint>
        <dataPoint><x1>1899</x1><x2>122</x2></dataPoint>
        <dataPoint><x1>1818</x1><x2>194</x2></dataPoint>
        <dataPoint><x1>1814</x1><x2>223</x2></dataPoint>
        <dataPoint><x1>1794</x1><x2>216</x2></dataPoint>
        <dataPoint><x1>1767</x1><x2>254</x2></dataPoint>
        <dataPoint><x1>1713</x1><x2>486</x2></dataPoint>
        <dataPoint><x1>1696</x1><x2>495</x2></dataPoint>
        <dataPoint><x1>1687</x1><x2>554</x2></dataPoint>
    </dataGroup>
    <ignitionType target="CHEX" type="baseline min intercept from d/dt"/>
</experiment>
