<experiment>
    <fileAuthor>Chemical Kinetics Laboratory, Institute of Chemistry, ELTE, Budapest, Hungary</fileAuthor>
    <fileDOI>10.24388/x10004242</fileDOI>
    <fileVersion>
        <major>2</major>
        <minor>2</minor>
    </fileVersion>
    <ReSpecThVersion>
        <major>2</major>
        <minor>3</minor>
    </ReSpecThVersion>
    <firstPublicationDate>2020-09-08</firstPublicationDate>
    <lastModificationDate>2020-11-18</lastModificationDate>
    <bibliographyLink>
        <description>Hu, E., Li, X., Meng, X., Chen, Y., Cheng, Y., Xie, Y., Huang, Z., Fuel, 158, 1-10, 2015.</description>
        <referenceDOI>10.1016/j.fuel.2015.05.010</referenceDOI>
        <location>Main article</location>
        <figure>Fig. 8a square</figure>
        <details>
            <author>Hu, Erjiang and Li, Xiaotian and Meng, Xin and Chen, Yizhen and Cheng, Yu and Xie, Yongliang and Huang, Zuohua</author>
            <journal>Fuel</journal>
            <pages>1--10</pages>
            <title>Laminar flame speeds and ignition delay times of methane–air mixtures at elevated temperatures and pressures</title>
            <volume>158</volume>
            <year>2015</year>
        </details>
    </bibliographyLink>
    <experimentType>ignition delay measurement</experimentType>
    <apparatus>
        <kind>shock tube</kind>
    </apparatus>
    <commonProperties>
        <property name="pressure"             sourcetype="reported"    units="atm"           ><value>1</value></property>
        <property name="initial composition"  sourcetype="calculated" >
            <component><speciesLink preferredKey="CH4"  CAS="74-82-8"    InChI="1S/CH4/h1H4"  SMILES="C"    chemName="methane"  /><amount units="mole fraction" >0.04988</amount></component>
            <component><speciesLink preferredKey="O2"   CAS="7782-44-7"  InChI="1S/O2/c1-2"   SMILES="O=O"  chemName="oxygen"   /><amount units="mole fraction" >0.19953</amount></component>
            <component><speciesLink preferredKey="N2"   CAS="7727-37-9"  InChI="1S/N2/c1-2"   SMILES="N#N"  chemName="nitrogen" /><amount units="mole fraction" >0.75059</amount></component>
        </property>
    </commonProperties>
    <dataGroup id="dg1">
        <property name="temperature"                   id="x1"   label="T"    sourcetype="digitized"  units="K"        />
        <property name="ignition delay"                id="x2"   label="tau"  sourcetype="digitized"  units="us"       />
        <property name="evaluated standard deviation"  id="x3"   sourcetype="estimated"  units="unitless"  reference="ignition delay"  kind="relative"  method="combined from scatter and the uncertainty of conditions" />

        <dataPoint><x1>1897.4</x1> <x2>55.25</x2><x3>0.146</x3></dataPoint>
        <dataPoint><x1>1808.1</x1> <x2>95.09</x2><x3>0.159</x3></dataPoint>
        <dataPoint><x1>1779.7</x1><x2>117.40</x2><x3>0.163</x3></dataPoint>
        <dataPoint><x1>1752.3</x1><x2>152.50</x2><x3>0.168</x3></dataPoint>
        <dataPoint><x1>1680.3</x1><x2>223.50</x2><x3>0.181</x3></dataPoint>
        <dataPoint><x1>1686.0</x1><x2>232.70</x2> <x3>0.18</x3></dataPoint>
        <dataPoint><x1>1678.1</x1><x2>247.10</x2><x3>0.182</x3></dataPoint>
        <dataPoint><x1>1605.7</x1><x2>380.80</x2><x3>0.197</x3></dataPoint>
        <dataPoint><x1>1589.4</x1><x2>434.00</x2><x3>0.201</x3></dataPoint>
        <dataPoint><x1>1549.0</x1><x2>642.40</x2><x3>0.211</x3></dataPoint>
        <dataPoint><x1>1491.5</x1><x2>932.00</x2><x3>0.227</x3></dataPoint>
    </dataGroup>
    <ignitionType target="CHEX" type="baseline min intercept from d/dt"/>
</experiment>
