<experiment>
    <fileAuthor>Chemical Kinetics Laboratory, Institute of Chemistry, ELTE, Budapest, Hungary</fileAuthor>
    <fileDOI>10.24388/x10004212</fileDOI>
    <fileVersion>
        <major>2</major>
        <minor>2</minor>
    </fileVersion>
    <ReSpecThVersion>
        <major>2</major>
        <minor>3</minor>
    </ReSpecThVersion>
    <firstPublicationDate>2020-09-08</firstPublicationDate>
    <lastModificationDate>2020-11-18</lastModificationDate>
    <bibliographyLink>
        <description>Hidaka, Y., Sato, K., Henmi, Y., Tanaka, H., Inami, K., Combustion and Flame, 118, 340-358, 1999.</description>
        <referenceDOI>10.1016/s0010-2180(99)00010-3</referenceDOI>
        <location>Main article</location>
        <table>Table 2. mixture D</table>
        <figure>Fig. 18. open square</figure>
        <details>
            <author>Hidaka, Y and Sato, K and Henmi, Y and Tanaka, H and Inami, K</author>
            <journal>Combust Flame</journal>
            <pages>340--358</pages>
            <title>Shock-Tube and Modeling Study of Methane Pyrolysis and Oxidation</title>
            <volume>118</volume>
            <year>1999</year>
        </details>
    </bibliographyLink>
    <experimentType>ignition delay measurement</experimentType>
    <apparatus>
        <kind>shock tube</kind>
    </apparatus>
    <commonProperties>
        <property name="pressure"             sourcetype="reported"  units="atm"           ><value>3</value></property>
        <property name="initial composition"  sourcetype="reported" >
            <component><speciesLink preferredKey="CH4"  CAS="74-82-8"    InChI="1S/CH4/h1H4"  SMILES="C"     chemName="methane" /><amount units="mole fraction" >0.01</amount></component>
            <component><speciesLink preferredKey="O2"   CAS="7782-44-7"  InChI="1S/O2/c1-2"   SMILES="O=O"   chemName="oxygen"  /><amount units="mole fraction" >0.01</amount></component>
            <component><speciesLink preferredKey="Ar"   CAS="7440-37-1"  InChI="1S/Ar"        SMILES="[Ar]"  chemName="argon"   /><amount units="mole fraction" >0.98</amount></component>
        </property>
    </commonProperties>
    <dataGroup id="dg1">
        <property name="temperature"                   id="x1"   label="T"    sourcetype="digitized"  units="K"        />
        <property name="ignition delay"                id="x2"   label="tau"  sourcetype="digitized"  units="us"       />
        <property name="evaluated standard deviation"  id="x3"   sourcetype="estimated"  units="unitless"  reference="ignition delay"  kind="relative"  method="combined from scatter and the uncertainty of conditions" />

        <dataPoint><x1>2232.5</x1> <x2>22.31</x2><x3>0.241</x3></dataPoint>
        <dataPoint><x1>2199.0</x1> <x2>41.10</x2><x3>0.243</x3></dataPoint>
        <dataPoint><x1>2182.8</x1> <x2>43.91</x2><x3>0.244</x3></dataPoint>
        <dataPoint><x1>2164.4</x1> <x2>58.15</x2><x3>0.245</x3></dataPoint>
        <dataPoint><x1>2117.8</x1> <x2>66.38</x2><x3>0.248</x3></dataPoint>
        <dataPoint><x1>2124.3</x1> <x2>71.50</x2><x3>0.248</x3></dataPoint>
        <dataPoint><x1>2075.2</x1> <x2>87.92</x2><x3>0.251</x3></dataPoint>
        <dataPoint><x1>2056.6</x1> <x2>93.94</x2><x3>0.252</x3></dataPoint>
        <dataPoint><x1>1957.1</x1><x2>200.90</x2> <x3>0.26</x3></dataPoint>
        <dataPoint><x1>1920.6</x1><x2>327.10</x2><x3>0.263</x3></dataPoint>
        <dataPoint><x1>1840.2</x1><x2>559.80</x2> <x3>0.27</x3></dataPoint>
        <dataPoint><x1>1863.3</x1><x2>682.30</x2><x3>0.267</x3></dataPoint>
    </dataGroup>
    <ignitionType target="CO2" type="baseline min intercept from d/dt"/>
</experiment>
