<experiment>
    <fileAuthor>Chemical Kinetics Laboratory, Institute of Chemistry, ELTE, Budapest, Hungary</fileAuthor>
    <fileDOI>10.24388/x10004029</fileDOI>
    <fileVersion>
        <major>2</major>
        <minor>2</minor>
    </fileVersion>
    <ReSpecThVersion>
        <major>2</major>
        <minor>3</minor>
    </ReSpecThVersion>
    <firstPublicationDate>2020-09-08</firstPublicationDate>
    <lastModificationDate>2020-11-18</lastModificationDate>
    <bibliographyLink>
        <description>Beerer, D.J., McDonell, V.G., Proceedings of the Combustion Institute, 33, 301-307, 2011.</description>
        <referenceDOI>10.1016/j.proci.2010.05.015</referenceDOI>
        <location>Electronic Supplement</location>
        <table>Table S2., S3., phi=0.6</table>
        <figure>Fig. 3. (not used)</figure>
        <details>
            <author>Beerer, David J and {McDonell}, Vincent G</author>
            <journal>Proc Combust Inst</journal>
            <pages>301--307</pages>
            <title>An experimental and kinetic study of alkane autoignition at high pressures and intermediate temperatures</title>
            <volume>33</volume>
            <year>2011</year>
        </details>
    </bibliographyLink>
    <experimentType>ignition delay measurement</experimentType>
    <apparatus>
        <kind>shock tube</kind>
    </apparatus>
    <commonProperties>
        <property name="pressure"             label="p"  sourcetype="reported"    units="atm"           ><value>9</value></property>
        <property name="initial composition"  sourcetype="calculated" >
            <component><speciesLink preferredKey="CH4"  CAS="74-82-8"    InChI="1S/CH4/h1H4"  SMILES="C"    chemName="methane"  /><amount units="mole fraction" >0.059080</amount></component>
            <component><speciesLink preferredKey="O2"   CAS="7782-44-7"  InChI="1S/O2/c1-2"   SMILES="O=O"  chemName="oxygen"   /><amount units="mole fraction" >0.196934</amount></component>
            <component><speciesLink preferredKey="N2"   CAS="7727-37-9"  InChI="1S/N2/c1-2"   SMILES="N#N"  chemName="nitrogen" /><amount units="mole fraction" >0.743985</amount></component>
        </property>
    </commonProperties>
    <dataGroup id="dg1">
        <property name="temperature"                   id="x1"   label="T"    sourcetype="reported"   units="K"        />
        <property name="ignition delay"                id="x2"   label="tau"  sourcetype="reported"   units="ms"       />
        <property name="evaluated standard deviation"  id="x3"   sourcetype="estimated"  units="unitless"  reference="ignition delay"  kind="relative"  method="combined from scatter and the uncertainty of conditions" />

        <dataPoint><x1>881</x1><x2>370</x2><x3>0.141</x3></dataPoint>
        <dataPoint><x1>881</x1><x2>365</x2><x3>0.141</x3></dataPoint>
        <dataPoint><x1>881</x1><x2>375</x2><x3>0.141</x3></dataPoint>
        <dataPoint><x1>895</x1><x2>355</x2><x3>0.138</x3></dataPoint>
        <dataPoint><x1>895</x1><x2>345</x2><x3>0.138</x3></dataPoint>
        <dataPoint><x1>895</x1><x2>345</x2><x3>0.138</x3></dataPoint>
        <dataPoint><x1>895</x1><x2>270</x2><x3>0.138</x3></dataPoint>
        <dataPoint><x1>905</x1><x2>280</x2><x3>0.136</x3></dataPoint>
        <dataPoint><x1>906</x1><x2>295</x2><x3>0.136</x3></dataPoint>
        <dataPoint><x1>906</x1><x2>300</x2><x3>0.136</x3></dataPoint>
        <dataPoint><x1>903</x1><x2>240</x2><x3>0.137</x3></dataPoint>
        <dataPoint><x1>903</x1><x2>235</x2><x3>0.137</x3></dataPoint>
        <dataPoint><x1>903</x1><x2>260</x2><x3>0.137</x3></dataPoint>
        <dataPoint><x1>909</x1><x2>235</x2><x3>0.135</x3></dataPoint>
        <dataPoint><x1>908</x1><x2>245</x2><x3>0.136</x3></dataPoint>
        <dataPoint><x1>909</x1><x2>295</x2><x3>0.135</x3></dataPoint>
        <dataPoint><x1>914</x1><x2>245</x2><x3>0.134</x3></dataPoint>
        <dataPoint><x1>914</x1><x2>230</x2><x3>0.134</x3></dataPoint>
        <dataPoint><x1>914</x1><x2>220</x2><x3>0.134</x3></dataPoint>
        <dataPoint><x1>913</x1><x2>220</x2><x3>0.135</x3></dataPoint>
        <dataPoint><x1>913</x1><x2>230</x2><x3>0.135</x3></dataPoint>
        <dataPoint><x1>914</x1><x2>270</x2><x3>0.134</x3></dataPoint>
        <dataPoint><x1>914</x1><x2>270</x2><x3>0.134</x3></dataPoint>
        <dataPoint><x1>923</x1><x2>230</x2><x3>0.133</x3></dataPoint>
        <dataPoint><x1>922</x1><x2>190</x2><x3>0.133</x3></dataPoint>
        <dataPoint><x1>922</x1><x2>220</x2><x3>0.133</x3></dataPoint>
        <dataPoint><x1>922</x1><x2>260</x2><x3>0.133</x3></dataPoint>
        <dataPoint><x1>923</x1><x2>250</x2><x3>0.133</x3></dataPoint>
        <dataPoint><x1>925</x1><x2>210</x2><x3>0.132</x3></dataPoint>
        <dataPoint><x1>926</x1><x2>225</x2><x3>0.132</x3></dataPoint>
        <dataPoint><x1>926</x1><x2>235</x2><x3>0.132</x3></dataPoint>
        <dataPoint><x1>925</x1><x2>200</x2><x3>0.132</x3></dataPoint>
        <dataPoint><x1>931</x1><x2>245</x2><x3>0.131</x3></dataPoint>
        <dataPoint><x1>930</x1><x2>225</x2><x3>0.131</x3></dataPoint>
        <dataPoint><x1>930</x1><x2>200</x2><x3>0.131</x3></dataPoint>
        <dataPoint><x1>930</x1><x2>205</x2><x3>0.131</x3></dataPoint>
        <dataPoint><x1>934</x1><x2>185</x2><x3>0.131</x3></dataPoint>
        <dataPoint><x1>934</x1><x2>185</x2><x3>0.131</x3></dataPoint>
        <dataPoint><x1>934</x1><x2>185</x2><x3>0.131</x3></dataPoint>
        <dataPoint><x1>934</x1><x2>225</x2><x3>0.131</x3></dataPoint>
        <dataPoint><x1>934</x1><x2>170</x2><x3>0.131</x3></dataPoint>
        <dataPoint><x1>935</x1><x2>210</x2> <x3>0.13</x3></dataPoint>
        <dataPoint><x1>935</x1><x2>215</x2> <x3>0.13</x3></dataPoint>
        <dataPoint><x1>935</x1><x2>220</x2> <x3>0.13</x3></dataPoint>
        <dataPoint><x1>934</x1><x2>220</x2><x3>0.131</x3></dataPoint>
        <dataPoint><x1>934</x1><x2>220</x2><x3>0.131</x3></dataPoint>
        <dataPoint><x1>931</x1><x2>205</x2><x3>0.131</x3></dataPoint>
        <dataPoint><x1>931</x1><x2>215</x2><x3>0.131</x3></dataPoint>
        <dataPoint><x1>931</x1><x2>220</x2><x3>0.131</x3></dataPoint>
        <dataPoint><x1>931</x1><x2>180</x2><x3>0.131</x3></dataPoint>
        <dataPoint><x1>931</x1><x2>185</x2><x3>0.131</x3></dataPoint>
        <dataPoint><x1>934</x1><x2>200</x2><x3>0.131</x3></dataPoint>
        <dataPoint><x1>934</x1><x2>215</x2><x3>0.131</x3></dataPoint>
        <dataPoint><x1>933</x1><x2>210</x2><x3>0.131</x3></dataPoint>
        <dataPoint><x1>933</x1><x2>215</x2><x3>0.131</x3></dataPoint>
        <dataPoint><x1>928</x1><x2>215</x2><x3>0.132</x3></dataPoint>
        <dataPoint><x1>928</x1><x2>220</x2><x3>0.132</x3></dataPoint>
        <dataPoint><x1>928</x1><x2>210</x2><x3>0.132</x3></dataPoint>
        <dataPoint><x1>927</x1><x2>195</x2><x3>0.132</x3></dataPoint>
        <dataPoint><x1>924</x1><x2>215</x2><x3>0.132</x3></dataPoint>
        <dataPoint><x1>923</x1><x2>210</x2><x3>0.133</x3></dataPoint>
        <dataPoint><x1>923</x1><x2>210</x2><x3>0.133</x3></dataPoint>
        <dataPoint><x1>922</x1><x2>220</x2><x3>0.133</x3></dataPoint>
        <dataPoint><x1>922</x1><x2>230</x2><x3>0.133</x3></dataPoint>
        <dataPoint><x1>919</x1><x2>225</x2><x3>0.133</x3></dataPoint>
        <dataPoint><x1>919</x1><x2>225</x2><x3>0.133</x3></dataPoint>
        <dataPoint><x1>919</x1><x2>220</x2><x3>0.133</x3></dataPoint>
        <dataPoint><x1>918</x1><x2>225</x2><x3>0.134</x3></dataPoint>
        <dataPoint><x1>910</x1><x2>255</x2><x3>0.135</x3></dataPoint>
        <dataPoint><x1>910</x1><x2>270</x2><x3>0.135</x3></dataPoint>
        <dataPoint><x1>910</x1><x2>265</x2><x3>0.135</x3></dataPoint>
        <dataPoint><x1>909</x1><x2>265</x2><x3>0.135</x3></dataPoint>
        <dataPoint><x1>909</x1><x2>245</x2><x3>0.135</x3></dataPoint>
        <dataPoint><x1>862</x1><x2>466</x2><x3>0.146</x3></dataPoint>
        <dataPoint><x1>862</x1><x2>470</x2><x3>0.146</x3></dataPoint>
        <dataPoint><x1>862</x1><x2>468</x2><x3>0.146</x3></dataPoint>
        <dataPoint><x1>864</x1><x2>444</x2><x3>0.145</x3></dataPoint>
        <dataPoint><x1>864</x1><x2>444</x2><x3>0.145</x3></dataPoint>
        <dataPoint><x1>864</x1><x2>450</x2><x3>0.145</x3></dataPoint>
        <dataPoint><x1>863</x1><x2>450</x2><x3>0.146</x3></dataPoint>
        <dataPoint><x1>864</x1><x2>440</x2><x3>0.145</x3></dataPoint>
        <dataPoint><x1>865</x1><x2>444</x2><x3>0.145</x3></dataPoint>
        <dataPoint><x1>865</x1><x2>456</x2><x3>0.145</x3></dataPoint>
        <dataPoint><x1>864</x1><x2>460</x2><x3>0.145</x3></dataPoint>
        <dataPoint><x1>864</x1><x2>454</x2><x3>0.145</x3></dataPoint>
        <dataPoint><x1>871</x1><x2>406</x2><x3>0.144</x3></dataPoint>
        <dataPoint><x1>871</x1><x2>418</x2><x3>0.144</x3></dataPoint>
        <dataPoint><x1>871</x1><x2>406</x2><x3>0.144</x3></dataPoint>
        <dataPoint><x1>871</x1><x2>394</x2><x3>0.144</x3></dataPoint>
        <dataPoint><x1>871</x1><x2>382</x2><x3>0.144</x3></dataPoint>
        <dataPoint><x1>871</x1><x2>388</x2><x3>0.144</x3></dataPoint>
        <dataPoint><x1>871</x1><x2>414</x2><x3>0.144</x3></dataPoint>
        <dataPoint><x1>871</x1><x2>406</x2><x3>0.144</x3></dataPoint>
        <dataPoint><x1>871</x1><x2>398</x2><x3>0.144</x3></dataPoint>
        <dataPoint><x1>866</x1><x2>420</x2><x3>0.145</x3></dataPoint>
        <dataPoint><x1>866</x1><x2>422</x2><x3>0.145</x3></dataPoint>
        <dataPoint><x1>866</x1><x2>408</x2><x3>0.145</x3></dataPoint>
    </dataGroup>
    <ignitionType target="CHEX;" type="d/dt max"/>
</experiment>
