<experiment>
    <fileAuthor>Chemical Kinetics Laboratory, Institute of Chemistry, ELTE, Budapest, Hungary</fileAuthor>
    <fileDOI>10.24388/x10004535</fileDOI>
    <fileVersion>
        <major>2</major>
        <minor>2</minor>
    </fileVersion>
    <ReSpecThVersion>
        <major>2</major>
        <minor>3</minor>
    </ReSpecThVersion>
    <firstPublicationDate>2020-09-08</firstPublicationDate>
    <lastModificationDate>2020-11-18</lastModificationDate>
    <bibliographyLink>
        <description>V.V. Leschevich, V.V. Martynenko, O.G. Penyazkov, K.L. Sevrouk, S.I. Shabunya, Shock Waves, 26, 657-672, 2016.</description>
        <referenceDOI>10.1007/s00193-016-0665-9</referenceDOI>
        <location>Main article; Table 2, phi = 0.5, p = 1.57 to 1.36 MPa, tau measured by p</location>
        <table>Table 2, phi = 0.5, p = 1.57 to 1.36 MPa, tau measured by p</table>
        <figure>Fig. 4 (b) open circle (not used)</figure>
        <details>
            <author>V.V. Leschevich, V.V. Martynenko, O.G. Penyazkov, K.L. Sevrouk, S.I. Shabunya</author>
            <journal>Shock Waves</journal>
            <pages>657--672</pages>
            <title>Auto-ignitions of a methane/air mixture at high and intermediate temperatures</title>
            <volume>26</volume>
            <year>2016</year>
        </details>
    </bibliographyLink>
    <experimentType>ignition delay measurement</experimentType>
    <apparatus>
        <kind>shock tube</kind>
        <mode>reflected</mode>
    </apparatus>
    <commonProperties>
        <property name="equivalence ratio"             label="phi"  sourcetype="reported"   units="unitless"      ><value>0.5</value></property>
        <property name="initial composition"           sourcetype="estimated" >
            <component><speciesLink preferredKey="CH4"  CAS="74-82-8"    InChI="1S/CH4/h1H4"  SMILES="C"    chemName="methane"  /><amount units="mole fraction" >0.0499</amount></component>
            <component><speciesLink preferredKey="O2"   CAS="7782-44-7"  InChI="1S/O2/c1-2"   SMILES="O=O"  chemName="oxygen"   /><amount units="mole fraction" >0.1995</amount></component>
            <component><speciesLink preferredKey="N2"   CAS="7727-37-9"  InChI="1S/N2/c1-2"   SMILES="N#N"  chemName="nitrogen" /><amount units="mole fraction" >0.7506</amount></component>
        </property>
        <property name="evaluated standard deviation"  sourcetype="estimated"  units="unitless"       reference="ignition delay"  kind="relative"  method="statistical scatter" ><value>0.216</value></property>
    </commonProperties>
    <dataGroup id="dg1">
        <property name="pressure"        id="x1"   label="p"    sourcetype="reported"  units="MPa" />
        <property name="temperature"     id="x2"   label="T"    sourcetype="reported"  units="K"   />
        <property name="ignition delay"  id="x3"   label="tau"  sourcetype="reported"  units="us"  />

        <dataPoint><x1>1.57</x1><x2>1385.0</x2>   <x3>8</x3></dataPoint>
        <dataPoint><x1>1.49</x1><x2>1349.5</x2>  <x3>20</x3></dataPoint>
        <dataPoint><x1>1.50</x1><x2>1266.0</x2>  <x3>84</x3></dataPoint>
        <dataPoint><x1>1.45</x1><x2>1228.0</x2> <x3>155</x3></dataPoint>
        <dataPoint><x1>1.42</x1><x2>1205.0</x2> <x3>243</x3></dataPoint>
        <dataPoint><x1>1.39</x1><x2>1163.0</x2> <x3>658</x3></dataPoint>
        <dataPoint><x1>1.36</x1><x2>1149.0</x2><x3>1436</x3></dataPoint>
    </dataGroup>
    <ignitionType target="p" type="relative concentration" amount="0.05" units="unitless"/>
</experiment>
