<experiment>
    <fileAuthor>Chemical Kinetics Laboratory, Institute of Chemistry, ELTE, Budapest, Hungary</fileAuthor>
    <fileDOI>10.24388/x10004034</fileDOI>
    <fileVersion>
        <major>2</major>
        <minor>2</minor>
    </fileVersion>
    <ReSpecThVersion>
        <major>2</major>
        <minor>3</minor>
    </ReSpecThVersion>
    <firstPublicationDate>2020-09-08</firstPublicationDate>
    <lastModificationDate>2020-11-18</lastModificationDate>
    <bibliographyLink>
        <description>Zhang, Y-J., Huang, Z-H., Wei, L-J., Nia, S-D., Chinese Science Bulletine, 56, 2853-2861, 2011.</description>
        <referenceDOI>10.1007/s11434-011-4635-4</referenceDOI>
        <location>Main article</location>
        <table>Table 3. Mixture 1.</table>
        <figure>Figure 3, 4, 5, 6 (not used)</figure>
        <details>
            <author>Zhang, Yingjia and Huang, Zuohua and Wei, Liangjie and Niu, Shaodong</author>
            <journal>Chinese Science Bulletin</journal>
            <number>26</number>
            <pages>2853--2861</pages>
            <title>Experimental and kinetic study on ignition delay times of methane/hydrogen/oxygen/nitrogen mixtures by shock tube</title>
            <volume>56</volume>
            <year>2011</year>
        </details>
    </bibliographyLink>
    <experimentType>ignition delay measurement</experimentType>
    <apparatus>
        <kind>shock tube</kind>
    </apparatus>
    <commonProperties>
        <property name="initial composition"  sourcetype="reported" >
            <component><speciesLink preferredKey="CH4"  CAS="74-82-8"    InChI="1S/CH4/h1H4"  SMILES="C"    chemName="methane"  /><amount units="mole fraction" >0.0250</amount></component>
            <component><speciesLink preferredKey="O2"   CAS="7782-44-7"  InChI="1S/O2/c1-2"   SMILES="O=O"  chemName="oxygen"   /><amount units="mole fraction" >0.0250</amount></component>
            <component><speciesLink preferredKey="N2"   CAS="7727-37-9"  InChI="1S/N2/c1-2"   SMILES="N#N"  chemName="nitrogen" /><amount units="mole fraction" >0.9500</amount></component>
        </property>
    </commonProperties>
    <dataGroup id="dg1">
        <property name="temperature"                   id="x1"   label="T"    sourcetype="reported"   units="K"        />
        <property name="pressure"                      id="x2"   label="p"    sourcetype="reported"   units="Pa"       />
        <property name="ignition delay"                id="x3"   label="tau"  sourcetype="reported"   units="us"       />
        <property name="evaluated standard deviation"  id="x4"   sourcetype="estimated"  units="unitless"  reference="ignition delay"  kind="relative"  method="combined from scatter and the uncertainty of conditions" />

        <dataPoint><x1>1804</x1><x2>3.6e+005</x2> <x3>247</x3><x4>0.171</x4></dataPoint>
        <dataPoint><x1>1773</x1><x2>4.0e+005</x2> <x3>361</x3><x4>0.176</x4></dataPoint>
        <dataPoint><x1>1715</x1><x2>3.6e+005</x2> <x3>569</x3><x4>0.187</x4></dataPoint>
        <dataPoint><x1>1694</x1><x2>3.9e+005</x2> <x3>705</x3><x4>0.191</x4></dataPoint>
        <dataPoint><x1>1680</x1><x2>3.7e+005</x2> <x3>805</x3><x4>0.194</x4></dataPoint>
        <dataPoint><x1>1675</x1><x2>3.8e+005</x2> <x3>907</x3><x4>0.195</x4></dataPoint>
        <dataPoint><x1>1667</x1><x2>3.6e+005</x2> <x3>957</x3><x4>0.197</x4></dataPoint>
        <dataPoint><x1>1653</x1><x2>3.7e+005</x2><x3>1090</x3>  <x4>0.2</x4></dataPoint>
        <dataPoint><x1>1645</x1><x2>3.8e+005</x2><x3>1165</x3><x4>0.201</x4></dataPoint>
        <dataPoint><x1>1640</x1><x2>3.6e+005</x2><x3>1175</x3><x4>0.202</x4></dataPoint>
        <dataPoint><x1>1631</x1><x2>3.6e+005</x2><x3>1385</x3><x4>0.205</x4></dataPoint>
        <dataPoint><x1>1625</x1><x2>3.7e+005</x2><x3>1433</x3><x4>0.206</x4></dataPoint>
        <dataPoint><x1>1615</x1><x2>4.1e+005</x2><x3>1668</x3><x4>0.208</x4></dataPoint>
        <dataPoint><x1>1607</x1><x2>4.1e+005</x2><x3>1885</x3> <x4>0.21</x4></dataPoint>
        <dataPoint><x1>1589</x1><x2>3.8e+005</x2><x3>2248</x3><x4>0.215</x4></dataPoint>
        <dataPoint><x1>1580</x1><x2>3.5e+005</x2><x3>2698</x3><x4>0.217</x4></dataPoint>
        <dataPoint><x1>1578</x1><x2>3.7e+005</x2><x3>2793</x3><x4>0.217</x4></dataPoint>
        <dataPoint><x1>1577</x1><x2>3.7e+005</x2><x3>2608</x3><x4>0.218</x4></dataPoint>
        <dataPoint><x1>1576</x1><x2>3.6e+005</x2><x3>2705</x3><x4>0.218</x4></dataPoint>
        <dataPoint><x1>1575</x1><x2>3.6e+005</x2><x3>2856</x3><x4>0.218</x4></dataPoint>
        <dataPoint><x1>1562</x1><x2>3.8e+005</x2><x3>3188</x3><x4>0.221</x4></dataPoint>
        <dataPoint><x1>1562</x1><x2>3.9e+005</x2><x3>3428</x3><x4>0.221</x4></dataPoint>
        <dataPoint><x1>1543</x1><x2>4.0e+005</x2><x3>3620</x3><x4>0.227</x4></dataPoint>
        <dataPoint><x1>1543</x1><x2>3.7e+005</x2><x3>3558</x3><x4>0.227</x4></dataPoint>
        <dataPoint><x1>1541</x1><x2>3.7e+005</x2><x3>3666</x3><x4>0.227</x4></dataPoint>
        <dataPoint><x1>1534</x1><x2>3.8e+005</x2><x3>4170</x3><x4>0.229</x4></dataPoint>
        <dataPoint><x1>1529</x1><x2>3.9e+005</x2><x3>4096</x3> <x4>0.23</x4></dataPoint>
    </dataGroup>
    <ignitionType target="OHEX;" type="max"/>
</experiment>
