<experiment>
    <fileAuthor>Chemical Kinetics Laboratory, Institute of Chemistry, ELTE, Budapest, Hungary</fileAuthor>
    <fileDOI>10.24388/x10004117</fileDOI>
    <fileVersion>
        <major>2</major>
        <minor>2</minor>
    </fileVersion>
    <ReSpecThVersion>
        <major>2</major>
        <minor>3</minor>
    </ReSpecThVersion>
    <firstPublicationDate>2020-09-08</firstPublicationDate>
    <lastModificationDate>2020-11-18</lastModificationDate>
    <bibliographyLink>
        <description>deVries, J., Petersen, E.L., Proceedings of the Combustion Institute, 31, 3163-3171, 2007.</description>
        <referenceDOI>10.1016/j.proci.2006.07.206</referenceDOI>
        <location>Main article</location>
        <figure>Fig 4., full square</figure>
        <details>
            <author>deVries, J., Petersen, E.L.</author>
            <journal>Proceedings of the Combustion Institute</journal>
            <pages>3163--3171</pages>
            <title>Autoignition of methane-based fuel blends under gas turbine conditions</title>
            <volume>31</volume>
            <year>2007</year>
        </details>
    </bibliographyLink>
    <experimentType>ignition delay measurement</experimentType>
    <apparatus>
        <kind>shock tube</kind>
    </apparatus>
    <commonProperties>
        <property name="pressure"             sourcetype="reported"    units="atm"           ><value>20</value></property>
        <property name="initial composition"  sourcetype="calculated" >
            <component><speciesLink preferredKey="CH4"  CAS="74-82-8"    InChI="1S/CH4/h1H4"  SMILES="C"     chemName="methane" /><amount units="mole fraction" >0.0499</amount></component>
            <component><speciesLink preferredKey="O2"   CAS="7782-44-7"  InChI="1S/O2/c1-2"   SMILES="O=O"   chemName="oxygen"  /><amount units="mole fraction" >0.1995</amount></component>
            <component><speciesLink preferredKey="Ar"   CAS="7440-37-1"  InChI="1S/Ar"        SMILES="[Ar]"  chemName="argon"   /><amount units="mole fraction" >0.7506</amount></component>
        </property>
    </commonProperties>
    <dataGroup id="dg1">
        <property name="temperature"                   id="x1"   label="T"    sourcetype="digitized"  units="K"        />
        <property name="ignition delay"                id="x2"   label="tau"  sourcetype="digitized"  units="us"       />
        <property name="evaluated standard deviation"  id="x3"   sourcetype="estimated"  units="unitless"  reference="ignition delay"  kind="relative"  method="combined from scatter and reported uncertainty" />

        <dataPoint><x1>1464.1</x1> <x2>217.78</x2><x3>0.157</x3></dataPoint>
        <dataPoint><x1>1419.1</x1> <x2>271.08</x2><x3>0.157</x3></dataPoint>
        <dataPoint><x1>1370.1</x1> <x2>522.76</x2><x3>0.158</x3></dataPoint>
        <dataPoint><x1>1293.4</x1> <x2>809.93</x2><x3>0.159</x3></dataPoint>
        <dataPoint><x1>1245.0</x1><x2>1383.00</x2> <x3>0.16</x3></dataPoint>
        <dataPoint><x1>1110.3</x1><x2>2419.90</x2><x3>0.164</x3></dataPoint>
        <dataPoint><x1>1101.4</x1><x2>2479.50</x2><x3>0.164</x3></dataPoint>
        <dataPoint><x1>1043.3</x1><x2>3401.60</x2><x3>0.167</x3></dataPoint>
        <dataPoint><x1>1007.9</x1><x2>4554.60</x2><x3>0.169</x3></dataPoint>
        <dataPoint><x1>850.07</x1><x2>7056.50</x2><x3>0.183</x3></dataPoint>
    </dataGroup>
    <ignitionType target="CHEX" type="baseline min intercept from d/dt"/>
</experiment>
