<experiment>
    <fileAuthor>Chemical Kinetics Laboratory, Institute of Chemistry, ELTE, Budapest, Hungary</fileAuthor>
    <fileDOI>10.24388/x10004277</fileDOI>
    <fileVersion>
        <major>2</major>
        <minor>2</minor>
    </fileVersion>
    <ReSpecThVersion>
        <major>2</major>
        <minor>3</minor>
    </ReSpecThVersion>
    <firstPublicationDate>2020-09-08</firstPublicationDate>
    <lastModificationDate>2020-11-18</lastModificationDate>
    <bibliographyLink>
        <description>Levy, Y., Olchanski, E., Sherbaum, V., Erenburg, V., Burcat, A., Journal of Propulsion and Power, 22, 669-675, 2006.</description>
        <referenceDOI>10.2514/1.12511</referenceDOI>
        <location>Main article</location>
        <table>Table 1. + Appendix mixture 8</table>
        <details>
            <author>Levy, Yeshayahou and Olchanski, Erna and Sherbaum, Valery and Erenburg, Vladimir and Burcat, Alexander</author>
            <journal>J Propul Power</journal>
            <number>3</number>
            <pages>669--676</pages>
            <title>Shock-Tube Ignition Study of Methane in Air and Recirculating Gases Mixtures</title>
            <volume>22</volume>
            <year>2006</year>
        </details>
    </bibliographyLink>
    <experimentType>ignition delay measurement</experimentType>
    <apparatus>
        <kind>shock tube</kind>
    </apparatus>
    <commonProperties>
        <property name="initial composition"  sourcetype="reported" >
            <component><speciesLink preferredKey="CH4"  CAS="74-82-8"    InChI="1S/CH4/h1H4"  SMILES="C"    chemName="methane"  /><amount units="mole fraction" >0.0300</amount></component>
            <component><speciesLink preferredKey="O2"   CAS="7782-44-7"  InChI="1S/O2/c1-2"   SMILES="O=O"  chemName="oxygen"   /><amount units="mole fraction" >0.1499</amount></component>
            <component><speciesLink preferredKey="N2"   CAS="7727-37-9"  InChI="1S/N2/c1-2"   SMILES="N#N"  chemName="nitrogen" /><amount units="mole fraction" >0.8201</amount></component>
        </property>
    </commonProperties>
    <dataGroup id="dg1">
        <property name="temperature"                   id="x1"   label="T"    sourcetype="reported"   units="K"        />
        <property name="ignition delay"                id="x2"   label="tau"  sourcetype="reported"   units="us"       />
        <property name="pressure"                      id="x3"   label="p"    sourcetype="reported"   units="atm"      />
        <property name="evaluated standard deviation"  id="x4"   sourcetype="estimated"  units="unitless"  reference="ignition delay"  kind="relative"  method="combined from scatter and the uncertainty of conditions" />

        <dataPoint><x1>1409</x1><x2>658</x2><x3>6.66</x3><x4>0.213</x4></dataPoint>
        <dataPoint><x1>1520</x1><x2>245</x2><x3>7.73</x3><x4>0.194</x4></dataPoint>
        <dataPoint><x1>1445</x1><x2>480</x2><x3>6.99</x3><x4>0.206</x4></dataPoint>
        <dataPoint><x1>1507</x1><x2>298</x2><x3>7.60</x3><x4>0.196</x4></dataPoint>
        <dataPoint><x1>1344</x1><x2>868</x2><x3>9.67</x3><x4>0.227</x4></dataPoint>
        <dataPoint><x1>1409</x1><x2>600</x2><x3>8.66</x3><x4>0.213</x4></dataPoint>
        <dataPoint><x1>1444</x1><x2>473</x2><x3>9.16</x3><x4>0.206</x4></dataPoint>
        <dataPoint><x1>1387</x1><x2>733</x2><x3>8.38</x3><x4>0.217</x4></dataPoint>
        <dataPoint><x1>1421</x1><x2>564</x2><x3>8.79</x3><x4>0.211</x4></dataPoint>
        <dataPoint><x1>1445</x1><x2>486</x2><x3>9.09</x3><x4>0.206</x4></dataPoint>
        <dataPoint><x1>1457</x1><x2>365</x2><x3>9.24</x3><x4>0.204</x4></dataPoint>
        <dataPoint><x1>1481</x1><x2>278</x2><x3>9.55</x3>  <x4>0.2</x4></dataPoint>
        <dataPoint><x1>1494</x1><x2>257</x2><x3>9.71</x3><x4>0.198</x4></dataPoint>
        <dataPoint><x1>1469</x1><x2>353</x2><x3>9.40</x3><x4>0.202</x4></dataPoint>
        <dataPoint><x1>1376</x1><x2>798</x2><x3>8.88</x3> <x4>0.22</x4></dataPoint>
        <dataPoint><x1>1421</x1><x2>445</x2><x3>9.47</x3><x4>0.211</x4></dataPoint>
        <dataPoint><x1>1421</x1><x2>582</x2><x3>9.47</x3><x4>0.211</x4></dataPoint>
        <dataPoint><x1>1433</x1><x2>466</x2><x3>9.63</x3><x4>0.208</x4></dataPoint>
        <dataPoint><x1>1421</x1><x2>402</x2><x3>9.54</x3><x4>0.211</x4></dataPoint>
        <dataPoint><x1>1421</x1><x2>410</x2><x3>9.40</x3><x4>0.211</x4></dataPoint>
        <dataPoint><x1>1409</x1><x2>497</x2><x3>9.32</x3><x4>0.213</x4></dataPoint>
        <dataPoint><x1>1421</x1><x2>436</x2><x3>9.40</x3><x4>0.211</x4></dataPoint>
        <dataPoint><x1>1421</x1><x2>485</x2><x3>9.47</x3><x4>0.211</x4></dataPoint>
        <dataPoint><x1>1387</x1><x2>751</x2><x3>8.96</x3><x4>0.217</x4></dataPoint>
    </dataGroup>
    <ignitionType target="p" type="baseline min intercept from d/dt"/>
</experiment>
