<experiment>
    <fileAuthor>Chemical Kinetics Laboratory, Institute of Chemistry, ELTE, Budapest, Hungary</fileAuthor>
    <fileDOI>10.24388/x10004129</fileDOI>
    <fileVersion>
        <major>2</major>
        <minor>2</minor>
    </fileVersion>
    <ReSpecThVersion>
        <major>2</major>
        <minor>3</minor>
    </ReSpecThVersion>
    <firstPublicationDate>2020-09-08</firstPublicationDate>
    <lastModificationDate>2020-11-18</lastModificationDate>
    <bibliographyLink>
        <description>Higgin, R.M.R., Williams, A., Proceedings of the Combustion Institue, 12, 579-590, 1969.</description>
        <referenceDOI>10.1016/s0082-0784(69)80439-x</referenceDOI>
        <location>Main article</location>
        <figure>Fig. 2. full circle</figure>
        <details>
            <author>Higgin, R M R and Williams, A</author>
            <journal>Symp (Int) Combust</journal>
            <pages>579--590</pages>
            <title>A shock-tube investigation of the ignition of lean methane and n-butane mixtures with oxygen</title>
            <volume>12</volume>
            <year>1969</year>
        </details>
    </bibliographyLink>
    <experimentType>ignition delay measurement</experimentType>
    <apparatus>
        <kind>shock tube</kind>
    </apparatus>
    <commonProperties>
        <property name="pressure"             sourcetype="reported"    units="atm"           ><value>0.33</value></property>
        <property name="initial composition"  sourcetype="calculated" >
            <component><speciesLink preferredKey="CH4"  CAS="74-82-8"    InChI="1S/CH4/h1H4"  SMILES="C"     chemName="methane" /><amount units="mole fraction" >0.02</amount></component>
            <component><speciesLink preferredKey="O2"   CAS="7782-44-7"  InChI="1S/O2/c1-2"   SMILES="O=O"   chemName="oxygen"  /><amount units="mole fraction" >0.08</amount></component>
            <component><speciesLink preferredKey="Ar"   CAS="7440-37-1"  InChI="1S/Ar"        SMILES="[Ar]"  chemName="argon"   /><amount units="mole fraction" >0.90</amount></component>
        </property>
    </commonProperties>
    <dataGroup id="dg1">
        <property name="temperature"                   id="x1"   label="T"    sourcetype="digitized"  units="K"        />
        <property name="ignition delay"                id="x2"   label="tau"  sourcetype="digitized"  units="us"       />
        <property name="evaluated standard deviation"  id="x3"   sourcetype="estimated"  units="unitless"  reference="ignition delay"  kind="relative"  method="combined from scatter and the uncertainty of conditions" />

        <dataPoint><x1>2577.31</x1> <x2>70.916</x2><x3>0.119</x3></dataPoint>
        <dataPoint><x1>2375.29</x1><x2>103.490</x2><x3>0.129</x3></dataPoint>
        <dataPoint><x1>2237.13</x1><x2>139.400</x2><x3>0.138</x3></dataPoint>
        <dataPoint><x1>2288.32</x1><x2>156.320</x2><x3>0.135</x3></dataPoint>
        <dataPoint><x1>2247.19</x1><x2>156.320</x2><x3>0.137</x3></dataPoint>
        <dataPoint><x1>2150.53</x1><x2>183.510</x2><x3>0.145</x3></dataPoint>
        <dataPoint><x1>2178.64</x1><x2>189.930</x2><x3>0.143</x3></dataPoint>
        <dataPoint><x1>2127.65</x1><x2>205.790</x2><x3>0.147</x3></dataPoint>
        <dataPoint><x1>2145.92</x1><x2>225.540</x2><x3>0.145</x3></dataPoint>
        <dataPoint><x1>2074.68</x1><x2>261.760</x2><x3>0.152</x3></dataPoint>
        <dataPoint><x1>2100.84</x1><x2>270.910</x2><x3>0.149</x3></dataPoint>
        <dataPoint><x1>2032.52</x1><x2>274.030</x2><x3>0.156</x3></dataPoint>
        <dataPoint><x1>1869.15</x1><x2>514.560</x2><x3>0.176</x3></dataPoint>
        <dataPoint><x1>1845.01</x1><x2>563.940</x2> <x3>0.18</x3></dataPoint>
        <dataPoint><x1>1824.81</x1><x2>570.450</x2><x3>0.183</x3></dataPoint>
    </dataGroup>
    <ignitionType target="OHEX" type="relative concentration" amount="0.05" units="unitless"/>
</experiment>
