<experiment>
    <fileAuthor>Chemical Kinetics Laboratory, Institute of Chemistry, ELTE, Budapest, Hungary</fileAuthor>
    <fileDOI>10.24388/x10004439</fileDOI>
    <fileVersion>
        <major>2</major>
        <minor>2</minor>
    </fileVersion>
    <ReSpecThVersion>
        <major>2</major>
        <minor>3</minor>
    </ReSpecThVersion>
    <firstPublicationDate>2020-09-08</firstPublicationDate>
    <lastModificationDate>2020-11-18</lastModificationDate>
    <bibliographyLink>
        <description>Seery, D.J., Bowman, C.T., 154th National Meeting of the ACS, Division of Fuel Chemistry, 11, 82-95, 1967.</description>
        <location>Main article</location>
        <figure>Fig. 5. open circle</figure>
        <details>
            <author>Seery, Daniel J and Bowman, Craig T</author>
            <journal>Div Fuel Chem</journal>
            <number>4</number>
            <pages>82--95</pages>
            <title>A shock tube study of methane oxidation</title>
            <volume>11</volume>
            <year>1967</year>
        </details>
    </bibliographyLink>
    <experimentType>ignition delay measurement</experimentType>
    <commonProperties>
        <property name="pressure"                      sourcetype="reported"   units="atm"           ><value>1.7</value></property>
        <property name="initial composition"           sourcetype="reported"  >
            <component><speciesLink preferredKey="CH4"  CAS="74-82-8"    InChI="1S/CH4/h1H4"  SMILES="C"     chemName="methane" /><amount units="mole fraction" >0.048</amount></component>
            <component><speciesLink preferredKey="O2"   CAS="7782-44-7"  InChI="1S/O2/c1-2"   SMILES="O=O"   chemName="oxygen"  /><amount units="mole fraction" >0.192</amount></component>
            <component><speciesLink preferredKey="Ar"   CAS="7440-37-1"  InChI="1S/Ar"        SMILES="[Ar]"  chemName="argon"   /><amount units="mole fraction" >0.760</amount></component>
        </property>
        <property name="evaluated standard deviation"  sourcetype="estimated"  units="unitless"       reference="ignition delay"  kind="relative"  method="statistical scatter" ><value>0.14</value></property>
    </commonProperties>
    <dataGroup id="dg1">
        <property name="temperature"     id="x1"   label="T"    sourcetype="digitized"  units="K"  />
        <property name="ignition delay"  id="x2"   label="tau"  sourcetype="digitized"  units="us" />

        <dataPoint><x1>1875.66</x1>  <x2>25.26</x2></dataPoint>
        <dataPoint><x1>1858.93</x1>  <x2>45.20</x2></dataPoint>
        <dataPoint><x1>1827.27</x1>  <x2>40.30</x2></dataPoint>
        <dataPoint><x1>1784.38</x1>  <x2>60.23</x2></dataPoint>
        <dataPoint><x1>1653.10</x1> <x2>208.56</x2></dataPoint>
        <dataPoint><x1>1652.55</x1> <x2>183.79</x2></dataPoint>
        <dataPoint><x1>1627.50</x1> <x2>179.33</x2></dataPoint>
        <dataPoint><x1>1595.34</x1> <x2>241.36</x2></dataPoint>
        <dataPoint><x1>1571.11</x1> <x2>347.85</x2></dataPoint>
        <dataPoint><x1>1558.78</x1> <x2>379.49</x2></dataPoint>
        <dataPoint><x1>1537.00</x1> <x2>518.06</x2></dataPoint>
        <dataPoint><x1>1536.51</x1> <x2>434.04</x2></dataPoint>
        <dataPoint><x1>1525.15</x1> <x2>451.79</x2></dataPoint>
        <dataPoint><x1>1523.37</x1> <x2>505.34</x2></dataPoint>
        <dataPoint><x1>1521.56</x1> <x2>478.72</x2></dataPoint>
        <dataPoint><x1>1461.75</x1><x2>1065.59</x2></dataPoint>
        <dataPoint><x1>1455.54</x1> <x2>935.86</x2></dataPoint>
        <dataPoint><x1>1425.80</x1><x2>1246.18</x2></dataPoint>
    </dataGroup>
    <ignitionType target="p" type="d/dt max"/>
</experiment>
