<experiment>
    <fileAuthor>Chemical Kinetics Laboratory, Institute of Chemistry, ELTE, Budapest, Hungary</fileAuthor>
    <fileDOI>10.24388/x10004447</fileDOI>
    <fileVersion>
        <major>2</major>
        <minor>2</minor>
    </fileVersion>
    <ReSpecThVersion>
        <major>2</major>
        <minor>3</minor>
    </ReSpecThVersion>
    <firstPublicationDate>2020-09-08</firstPublicationDate>
    <lastModificationDate>2020-11-18</lastModificationDate>
    <bibliographyLink>
        <description>Skinner, G. B., Ruehrwein, R. A., Journal of Physical Chemistry, 63, 1736-1742, 1959.</description>
        <referenceDOI>10.1021/j150580a040</referenceDOI>
        <location>Main article</location>
        <table>Table IV.</table>
        <details>
            <author>Skinner, G B and Ruehrwein, R A</author>
            <journal>J Phys Chem</journal>
            <pages>1736--1742</pages>
            <title>Shock Tube studies on the Pyrolysis and Oxidation of Methane</title>
            <volume>63</volume>
            <year>1959</year>
        </details>
    </bibliographyLink>
    <experimentType>ignition delay measurement</experimentType>
    <commonProperties>
        <property name="pressure"                      sourcetype="reported"   units="atm"           ><value>5</value></property>
        <property name="initial composition"           sourcetype="reported"  >
            <component><speciesLink preferredKey="CH4"  CAS="74-82-8"    InChI="1S/CH4/h1H4"  SMILES="C"     chemName="methane" /><amount units="mole fraction" >0.06</amount></component>
            <component><speciesLink preferredKey="O2"   CAS="7782-44-7"  InChI="1S/O2/c1-2"   SMILES="O=O"   chemName="oxygen"  /><amount units="mole fraction" >0.04</amount></component>
            <component><speciesLink preferredKey="Ar"   CAS="7440-37-1"  InChI="1S/Ar"        SMILES="[Ar]"  chemName="argon"   /><amount units="mole fraction" >0.90</amount></component>
        </property>
        <property name="evaluated standard deviation"  sourcetype="estimated"  units="unitless"       reference="ignition delay"  kind="relative"  method="combined from scatter and reported uncertainty" ><value>0.246</value></property>
    </commonProperties>
    <dataGroup id="dg1">
        <property name="temperature"     id="x1"   label="T"    sourcetype="calculated"  units="K"  />
        <property name="ignition delay"  id="x2"   label="tau"  sourcetype="reported"    units="us" />

        <dataPoint><x1>1587.30</x1>  <x2>800</x2></dataPoint>
        <dataPoint><x1>1577.29</x1>  <x2>800</x2></dataPoint>
        <dataPoint><x1>1552.80</x1> <x2>1200</x2></dataPoint>
        <dataPoint><x1>1524.39</x1> <x2>2300</x2></dataPoint>
        <dataPoint><x1>1457.73</x1> <x2>6900</x2></dataPoint>
        <dataPoint><x1>1445.09</x1> <x2>6200</x2></dataPoint>
        <dataPoint><x1>1430.62</x1> <x2>6600</x2></dataPoint>
        <dataPoint><x1>1418.44</x1> <x2>8000</x2></dataPoint>
        <dataPoint><x1>1416.43</x1> <x2>8800</x2></dataPoint>
        <dataPoint><x1>1412.43</x1><x2>10600</x2></dataPoint>
        <dataPoint><x1>1404.49</x1><x2>11100</x2></dataPoint>
        <dataPoint><x1>1386.96</x1><x2>13100</x2></dataPoint>
        <dataPoint><x1>1386.96</x1><x2>16100</x2></dataPoint>
    </dataGroup>
    <ignitionType target="p" type="d/dt max"/>
</experiment>
