<experiment>
    <fileAuthor>Chemical Kinetics Laboratory, Institute of Chemistry, ELTE, Budapest, Hungary</fileAuthor>
    <fileDOI>10.24388/x10004198</fileDOI>
    <fileVersion>
        <major>2</major>
        <minor>2</minor>
    </fileVersion>
    <ReSpecThVersion>
        <major>2</major>
        <minor>3</minor>
    </ReSpecThVersion>
    <firstPublicationDate>2020-09-08</firstPublicationDate>
    <lastModificationDate>2020-11-18</lastModificationDate>
    <bibliographyLink>
        <description>Bowman, C.T., Proceedings of the Combustion Institue, 15, 869-882, 1975.</description>
        <referenceDOI>10.1016/S0082-0784(75)80354-7</referenceDOI>
        <location>Main article</location>
        <table>Table I, Table II, mixture 2</table>
        <details>
            <author>Bowman, Craig T</author>
            <journal>Symp (Int) Combust</journal>
            <number>1</number>
            <pages>869--882</pages>
            <title>Non-equilibrium radical concentrations in shock-initiated methane oxidation</title>
            <volume>15</volume>
            <year>1975</year>
        </details>
    </bibliographyLink>
    <experimentType>ignition delay measurement</experimentType>
    <apparatus>
        <kind>shock tube</kind>
    </apparatus>
    <commonProperties>
        <property name="initial composition"  sourcetype="reported" >
            <component><speciesLink preferredKey="CH4"  CAS="74-82-8"    InChI="1S/CH4/h1H4"  SMILES="C"          chemName="methane"         /><amount units="mole fraction" >0.06</amount></component>
            <component><speciesLink preferredKey="O2"   CAS="7782-44-7"  InChI="1S/O2/c1-2"   SMILES="O=O"        chemName="oxygen"          /><amount units="mole fraction" >0.03</amount></component>
            <component><speciesLink preferredKey="Ar"   CAS="7440-37-1"  InChI="1S/Ar"        SMILES="[Ar]"       chemName="argon"           /><amount units="mole fraction" >0.88</amount></component>
            <component><speciesLink preferredKey="CO"   CAS="630-08-0"   InChI="1S/CO/c1-2"   SMILES="[C-]#[O+]"  chemName="carbon monoxide" /><amount units="mole fraction" >0.03</amount></component>
        </property>
    </commonProperties>
    <dataGroup id="dg1">
        <property name="temperature"                   id="x1"   label="T"    sourcetype="reported"    units="K"        />
        <property name="ignition delay"                id="x2"   label="tau"  sourcetype="reported"    units="us"       />
        <property name="pressure"                      id="x3"   label="p"    sourcetype="calculated"  units="atm"      />
        <property name="evaluated standard deviation"  id="x4"   sourcetype="estimated"   units="unitless"  reference="ignition delay"  kind="relative"  method="combined from scatter and the uncertainty of conditions" />

        <dataPoint><x1>1940</x1><x2>325</x2><x3>3.358</x3><x4>0.401</x4></dataPoint>
        <dataPoint><x1>1920</x1><x2>300</x2><x3>3.308</x3><x4>0.408</x4></dataPoint>
        <dataPoint><x1>2040</x1><x2>105</x2><x3>3.213</x3><x4>0.367</x4></dataPoint>
        <dataPoint><x1>2085</x1> <x2>95</x2><x3>2.908</x3><x4>0.353</x4></dataPoint>
        <dataPoint><x1>2150</x1> <x2>60</x2><x3>3.051</x3><x4>0.335</x4></dataPoint>
        <dataPoint><x1>2140</x1> <x2>65</x2><x3>3.125</x3><x4>0.338</x4></dataPoint>
        <dataPoint><x1>2235</x1> <x2>55</x2><x3>2.787</x3><x4>0.315</x4></dataPoint>
        <dataPoint><x1>2265</x1> <x2>50</x2><x3>2.843</x3><x4>0.308</x4></dataPoint>
    </dataGroup>
    <ignitionType target="O" type="max"/>
</experiment>
