<experiment>
    <fileAuthor>Chemical Kinetics Laboratory, Institute of Chemistry, ELTE, Budapest, Hungary</fileAuthor>
    <fileDOI>10.24388/x10004215</fileDOI>
    <fileVersion>
        <major>2</major>
        <minor>2</minor>
    </fileVersion>
    <ReSpecThVersion>
        <major>2</major>
        <minor>3</minor>
    </ReSpecThVersion>
    <firstPublicationDate>2020-09-08</firstPublicationDate>
    <lastModificationDate>2020-11-18</lastModificationDate>
    <bibliographyLink>
        <description>Hidaka, Y., Sato, K., Henmi, Y., Tanaka, H., Inami, K., Combustion and Flame, 118, 340-358, 1999.</description>
        <referenceDOI>10.1016/s0010-2180(99)00010-3</referenceDOI>
        <location>Main article</location>
        <table>Table 2. mixture G</table>
        <figure>Fig. 18. full square</figure>
        <details>
            <author>Hidaka, Y and Sato, K and Henmi, Y and Tanaka, H and Inami, K</author>
            <journal>Combust Flame</journal>
            <pages>340--358</pages>
            <title>Shock-Tube and Modeling Study of Methane Pyrolysis and Oxidation</title>
            <volume>118</volume>
            <year>1999</year>
        </details>
    </bibliographyLink>
    <experimentType>ignition delay measurement</experimentType>
    <apparatus>
        <kind>shock tube</kind>
    </apparatus>
    <commonProperties>
        <property name="pressure"             sourcetype="reported"  units="atm"           ><value>3</value></property>
        <property name="initial composition"  sourcetype="reported" >
            <component><speciesLink preferredKey="CH4"  CAS="74-82-8"    InChI="1S/CH4/h1H4"  SMILES="C"     chemName="methane" /><amount units="mole fraction" >0.002</amount></component>
            <component><speciesLink preferredKey="O2"   CAS="7782-44-7"  InChI="1S/O2/c1-2"   SMILES="O=O"   chemName="oxygen"  /><amount units="mole fraction" >0.002</amount></component>
            <component><speciesLink preferredKey="Ar"   CAS="7440-37-1"  InChI="1S/Ar"        SMILES="[Ar]"  chemName="argon"   /><amount units="mole fraction" >0.996</amount></component>
        </property>
    </commonProperties>
    <dataGroup id="dg1">
        <property name="temperature"                   id="x1"   label="T"    sourcetype="digitized"  units="K"        />
        <property name="ignition delay"                id="x2"   label="tau"  sourcetype="digitized"  units="us"       />
        <property name="evaluated standard deviation"  id="x3"   sourcetype="estimated"  units="unitless"  reference="ignition delay"  kind="relative"  method="combined from scatter and the uncertainty of conditions" />

        <dataPoint><x1>2365.0</x1> <x2>29.02</x2><x3>0.266</x3></dataPoint>
        <dataPoint><x1>2343.4</x1> <x2>44.22</x2><x3>0.266</x3></dataPoint>
        <dataPoint><x1>2283.9</x1> <x2>44.24</x2><x3>0.269</x3></dataPoint>
        <dataPoint><x1>2224.7</x1> <x2>72.03</x2><x3>0.271</x3></dataPoint>
        <dataPoint><x1>2208.0</x1> <x2>95.37</x2><x3>0.272</x3></dataPoint>
        <dataPoint><x1>2152.7</x1><x2>144.10</x2><x3>0.274</x3></dataPoint>
        <dataPoint><x1>2083.3</x1><x2>146.60</x2><x3>0.278</x3></dataPoint>
        <dataPoint><x1>2098.0</x1><x2>171.50</x2><x3>0.277</x3></dataPoint>
        <dataPoint><x1>2016.1</x1><x2>274.70</x2><x3>0.282</x3></dataPoint>
        <dataPoint><x1>2025.8</x1><x2>429.00</x2><x3>0.281</x3></dataPoint>
        <dataPoint><x1>1977.4</x1><x2>408.50</x2><x3>0.284</x3></dataPoint>
        <dataPoint><x1>1927.6</x1><x2>455.00</x2><x3>0.287</x3></dataPoint>
        <dataPoint><x1>1922.2</x1><x2>568.60</x2><x3>0.287</x3></dataPoint>
        <dataPoint><x1>1960.4</x1><x2>632.70</x2><x3>0.285</x3></dataPoint>
    </dataGroup>
    <ignitionType target="CO2" type="baseline min intercept from d/dt"/>
</experiment>
