<experiment>
    <fileAuthor>Chemical Kinetics Laboratory, Institute of Chemistry, ELTE, Budapest, Hungary</fileAuthor>
    <fileDOI>10.24388/x10004454</fileDOI>
    <fileVersion>
        <major>2</major>
        <minor>2</minor>
    </fileVersion>
    <ReSpecThVersion>
        <major>2</major>
        <minor>3</minor>
    </ReSpecThVersion>
    <firstPublicationDate>2020-09-08</firstPublicationDate>
    <lastModificationDate>2020-11-18</lastModificationDate>
    <bibliographyLink>
        <description>Skinner, G. B., Ruehrwein, R. A., Journal of Physical Chemistry, 63, 1736-1742, 1959.</description>
        <referenceDOI>10.1021/j150580a040</referenceDOI>
        <location>Main article</location>
        <table>Table IV.</table>
        <details>
            <author>Skinner, G B and Ruehrwein, R A</author>
            <journal>J Phys Chem</journal>
            <pages>1736--1742</pages>
            <title>Shock Tube studies on the Pyrolysis and Oxidation of Methane</title>
            <volume>63</volume>
            <year>1959</year>
        </details>
    </bibliographyLink>
    <experimentType>ignition delay measurement</experimentType>
    <commonProperties>
        <property name="pressure"                      sourcetype="reported"   units="atm"           ><value>3</value></property>
        <property name="initial composition"           sourcetype="reported"  >
            <component><speciesLink preferredKey="CH4"  CAS="74-82-8"    InChI="1S/CH4/h1H4"  SMILES="C"     chemName="methane" /><amount units="mole fraction" >0.2333</amount></component>
            <component><speciesLink preferredKey="O2"   CAS="7782-44-7"  InChI="1S/O2/c1-2"   SMILES="O=O"   chemName="oxygen"  /><amount units="mole fraction" >0.1000</amount></component>
            <component><speciesLink preferredKey="Ar"   CAS="7440-37-1"  InChI="1S/Ar"        SMILES="[Ar]"  chemName="argon"   /><amount units="mole fraction" >0.6667</amount></component>
        </property>
        <property name="evaluated standard deviation"  sourcetype="estimated"  units="unitless"       reference="ignition delay"  kind="relative"  method="combined from scatter and reported uncertainty" ><value>0.226</value></property>
    </commonProperties>
    <dataGroup id="dg1">
        <property name="temperature"     id="x1"   label="T"    sourcetype="calculated"  units="K"  />
        <property name="ignition delay"  id="x2"   label="tau"  sourcetype="reported"    units="us" />

        <dataPoint><x1>1567.40</x1> <x2>700</x2></dataPoint>
        <dataPoint><x1>1538.46</x1><x2>1400</x2></dataPoint>
        <dataPoint><x1>1533.74</x1><x2>1600</x2></dataPoint>
        <dataPoint><x1>1506.02</x1><x2>2000</x2></dataPoint>
        <dataPoint><x1>1468.43</x1><x2>2900</x2></dataPoint>
        <dataPoint><x1>1461.99</x1><x2>3400</x2></dataPoint>
    </dataGroup>
    <ignitionType target="p" type="d/dt max"/>
</experiment>
