<experiment>
    <fileAuthor>Chemical Kinetics Laboratory, Institute of Chemistry, ELTE, Budapest, Hungary</fileAuthor>
    <fileDOI>10.24388/x10004216</fileDOI>
    <fileVersion>
        <major>2</major>
        <minor>2</minor>
    </fileVersion>
    <ReSpecThVersion>
        <major>2</major>
        <minor>3</minor>
    </ReSpecThVersion>
    <firstPublicationDate>2020-09-08</firstPublicationDate>
    <lastModificationDate>2020-11-18</lastModificationDate>
    <bibliographyLink>
        <description>Hidaka, Y., Sato, K., Henmi, Y., Tanaka, H., Inami, K., Combustion and Flame, 118, 340-358, 1999.</description>
        <referenceDOI>10.1016/s0010-2180(99)00010-3</referenceDOI>
        <location>Main article</location>
        <table>Table 2. mixture H</table>
        <figure>Fig. 18. full triangle</figure>
        <details>
            <author>Hidaka, Y and Sato, K and Henmi, Y and Tanaka, H and Inami, K</author>
            <journal>Combust Flame</journal>
            <pages>340--358</pages>
            <title>Shock-Tube and Modeling Study of Methane Pyrolysis and Oxidation</title>
            <volume>118</volume>
            <year>1999</year>
        </details>
    </bibliographyLink>
    <experimentType>ignition delay measurement</experimentType>
    <apparatus>
        <kind>shock tube</kind>
    </apparatus>
    <commonProperties>
        <property name="pressure"             sourcetype="reported"  units="atm"           ><value>3</value></property>
        <property name="initial composition"  sourcetype="reported" >
            <component><speciesLink preferredKey="CH4"  CAS="74-82-8"    InChI="1S/CH4/h1H4"  SMILES="C"     chemName="methane" /><amount units="mole fraction" >0.002</amount></component>
            <component><speciesLink preferredKey="O2"   CAS="7782-44-7"  InChI="1S/O2/c1-2"   SMILES="O=O"   chemName="oxygen"  /><amount units="mole fraction" >0.008</amount></component>
            <component><speciesLink preferredKey="Ar"   CAS="7440-37-1"  InChI="1S/Ar"        SMILES="[Ar]"  chemName="argon"   /><amount units="mole fraction" >0.990</amount></component>
        </property>
    </commonProperties>
    <dataGroup id="dg1">
        <property name="temperature"                   id="x1"   label="T"    sourcetype="digitized"  units="K"        />
        <property name="ignition delay"                id="x2"   label="tau"  sourcetype="digitized"  units="us"       />
        <property name="evaluated standard deviation"  id="x3"   sourcetype="estimated"  units="unitless"  reference="ignition delay"  kind="relative"  method="combined from scatter and the uncertainty of conditions" />

        <dataPoint><x1>2325.2</x1>  <x2>26.296</x2><x3>0.171</x3></dataPoint>
        <dataPoint><x1>2244.3</x1>  <x2>44.623</x2><x3>0.175</x3></dataPoint>
        <dataPoint><x1>2157.6</x1>  <x2>61.106</x2> <x3>0.18</x3></dataPoint>
        <dataPoint><x1>2141.9</x1>  <x2>69.741</x2><x3>0.181</x3></dataPoint>
        <dataPoint><x1>2048.4</x1> <x2>108.100</x2><x3>0.186</x3></dataPoint>
        <dataPoint><x1>2032.2</x1> <x2>129.640</x2><x3>0.187</x3></dataPoint>
        <dataPoint><x1>1994.8</x1> <x2>207.600</x2> <x3>0.19</x3></dataPoint>
        <dataPoint><x1>1960.8</x1> <x2>223.680</x2><x3>0.192</x3></dataPoint>
        <dataPoint><x1>1931.5</x1> <x2>251.160</x2><x3>0.194</x3></dataPoint>
        <dataPoint><x1>1877.0</x1> <x2>389.210</x2><x3>0.198</x3></dataPoint>
        <dataPoint><x1>1841.8</x1> <x2>541.680</x2><x3>0.201</x3></dataPoint>
        <dataPoint><x1>1789.2</x1> <x2>723.560</x2><x3>0.205</x3></dataPoint>
        <dataPoint><x1>1763.2</x1> <x2>942.580</x2><x3>0.208</x3></dataPoint>
        <dataPoint><x1>1773.7</x1><x2>1066.600</x2><x3>0.207</x3></dataPoint>
    </dataGroup>
    <ignitionType target="CO2" type="baseline min intercept from d/dt"/>
</experiment>
