<experiment>
    <fileAuthor>Chemical Kinetics Laboratory, Institute of Chemistry, ELTE, Budapest, Hungary</fileAuthor>
    <fileDOI>10.24388/x10004092</fileDOI>
    <fileVersion>
        <major>2</major>
        <minor>2</minor>
    </fileVersion>
    <ReSpecThVersion>
        <major>2</major>
        <minor>3</minor>
    </ReSpecThVersion>
    <firstPublicationDate>2020-09-08</firstPublicationDate>
    <lastModificationDate>2020-11-18</lastModificationDate>
    <bibliographyLink>
        <description>Burcat, A., Scheller, K., Lifshitz, A., Combustion and Flame, 16, 29-33, 1971.</description>
        <referenceDOI>10.1016/s0010-2180(71)80007-x</referenceDOI>
        <location>Main article</location>
        <figure>Figure 1. open triangle</figure>
        <details>
            <author>Burcat, A and Scheller, K and Lifshitz, A</author>
            <journal>Combust Flame</journal>
            <pages>29--33</pages>
            <title>Shock-tube investigation of comparative ignition delay times for C1-C5 alkanes</title>
            <volume>16</volume>
            <year>1971</year>
        </details>
    </bibliographyLink>
    <experimentType>ignition delay measurement</experimentType>
    <apparatus>
        <kind>shock tube</kind>
    </apparatus>
    <commonProperties>
        <property name="pressure"                      sourcetype="estimated"  units="atm"           ><value>13.175</value></property>
        <property name="initial composition"           sourcetype="reported"  >
            <component><speciesLink preferredKey="CH4"  CAS="74-82-8"    InChI="1S/CH4/h1H4"  SMILES="C"     chemName="methane" /><amount units="mole fraction" >0.077</amount></component>
            <component><speciesLink preferredKey="O2"   CAS="7782-44-7"  InChI="1S/O2/c1-2"   SMILES="O=O"   chemName="oxygen"  /><amount units="mole fraction" >0.154</amount></component>
            <component><speciesLink preferredKey="Ar"   CAS="7440-37-1"  InChI="1S/Ar"        SMILES="[Ar]"  chemName="argon"   /><amount units="mole fraction" >0.769</amount></component>
        </property>
        <property name="evaluated standard deviation"  sourcetype="estimated"  units="unitless"       reference="ignition delay"  kind="relative"  method="statistical scatter" ><value>0.163</value></property>
    </commonProperties>
    <dataGroup id="dg1">
        <property name="temperature"     id="x1"   label="T"    sourcetype="digitized"  units="K"  />
        <property name="ignition delay"  id="x2"   label="tau"  sourcetype="digitized"  units="us" />

        <dataPoint><x1>1894.81</x1>  <x2>8.843</x2></dataPoint>
        <dataPoint><x1>1803.28</x1> <x2>11.920</x2></dataPoint>
        <dataPoint><x1>1693.24</x1> <x2>47.080</x2></dataPoint>
        <dataPoint><x1>1684.49</x1> <x2>55.160</x2></dataPoint>
        <dataPoint><x1>1635.96</x1> <x2>71.810</x2></dataPoint>
        <dataPoint><x1>1594.03</x1> <x2>91.850</x2></dataPoint>
        <dataPoint><x1>1586.24</x1><x2>130.600</x2></dataPoint>
        <dataPoint><x1>1576.69</x1><x2>121.700</x2></dataPoint>
        <dataPoint><x1>1546.78</x1><x2>185.700</x2></dataPoint>
        <dataPoint><x1>1512.75</x1><x2>210.000</x2></dataPoint>
        <dataPoint><x1>1512.74</x1><x2>225.400</x2></dataPoint>
        <dataPoint><x1>1516.23</x1><x2>255.000</x2></dataPoint>
        <dataPoint><x1>1500.55</x1><x2>288.400</x2></dataPoint>
    </dataGroup>
    <ignitionType target="p" type="d/dt max"/>
</experiment>
