<experiment>
    <fileAuthor>Chemical Kinetics Laboratory, Institute of Chemistry, ELTE, Budapest, Hungary</fileAuthor>
    <fileDOI>10.24388/x10004278</fileDOI>
    <fileVersion>
        <major>2</major>
        <minor>2</minor>
    </fileVersion>
    <ReSpecThVersion>
        <major>2</major>
        <minor>3</minor>
    </ReSpecThVersion>
    <firstPublicationDate>2020-09-08</firstPublicationDate>
    <lastModificationDate>2020-11-18</lastModificationDate>
    <bibliographyLink>
        <description>Levy, Y., Olchanski, E., Sherbaum, V., Erenburg, V., Burcat, A., Journal of Propulsion and Power, 22, 669-675, 2006.</description>
        <referenceDOI>10.2514/1.12511</referenceDOI>
        <location>Main article</location>
        <table>Table 1. + Appendix mixture 9</table>
        <details>
            <author>Levy, Yeshayahou and Olchanski, Erna and Sherbaum, Valery and Erenburg, Vladimir and Burcat, Alexander</author>
            <journal>J Propul Power</journal>
            <number>3</number>
            <pages>669--676</pages>
            <title>Shock-Tube Ignition Study of Methane in Air and Recirculating Gases Mixtures</title>
            <volume>22</volume>
            <year>2006</year>
        </details>
    </bibliographyLink>
    <experimentType>ignition delay measurement</experimentType>
    <apparatus>
        <kind>shock tube</kind>
    </apparatus>
    <commonProperties>
        <property name="initial composition"  sourcetype="reported" >
            <component><speciesLink preferredKey="CH4"  CAS="74-82-8"    InChI="1S/CH4/h1H4"    SMILES="C"        chemName="methane"        /><amount units="mole fraction" >0.0224</amount></component>
            <component><speciesLink preferredKey="O2"   CAS="7782-44-7"  InChI="1S/O2/c1-2"     SMILES="O=O"      chemName="oxygen"         /><amount units="mole fraction" >0.1540</amount></component>
            <component><speciesLink preferredKey="N2"   CAS="7727-37-9"  InChI="1S/N2/c1-2"     SMILES="N#N"      chemName="nitrogen"       /><amount units="mole fraction" >0.4980</amount></component>
            <component><speciesLink preferredKey="Ar"   CAS="7440-37-1"  InChI="1S/Ar"          SMILES="[Ar]"     chemName="argon"          /><amount units="mole fraction" >0.2730</amount></component>
            <component><speciesLink preferredKey="CO2"  CAS="124-38-9"   InChI="1S/CO2/c2-1-3"  SMILES="C(=O)=O"  chemName="carbon dioxide" /><amount units="mole fraction" >0.0526</amount></component>
        </property>
    </commonProperties>
    <dataGroup id="dg1">
        <property name="temperature"                   id="x1"   label="T"    sourcetype="reported"   units="K"        />
        <property name="ignition delay"                id="x2"   label="tau"  sourcetype="reported"   units="us"       />
        <property name="pressure"                      id="x3"   label="p"    sourcetype="reported"   units="atm"      />
        <property name="evaluated standard deviation"  id="x4"   sourcetype="estimated"  units="unitless"  reference="ignition delay"  kind="relative"  method="combined from scatter and the uncertainty of conditions" />

        <dataPoint><x1>1481</x1><x2>425</x2> <x3>8.27</x3><x4>0.353</x4></dataPoint>
        <dataPoint><x1>1492</x1><x2>374</x2> <x3>8.40</x3><x4>0.352</x4></dataPoint>
        <dataPoint><x1>1504</x1><x2>170</x2> <x3>8.53</x3><x4>0.351</x4></dataPoint>
        <dataPoint><x1>1528</x1><x2>174</x2> <x3>8.79</x3><x4>0.349</x4></dataPoint>
        <dataPoint><x1>1516</x1><x2>248</x2> <x3>8.66</x3> <x4>0.35</x4></dataPoint>
        <dataPoint><x1>1492</x1><x2>388</x2> <x3>8.40</x3><x4>0.352</x4></dataPoint>
        <dataPoint><x1>1647</x1><x2>133</x2><x3>10.10</x3><x4>0.339</x4></dataPoint>
        <dataPoint><x1>1633</x1><x2>107</x2> <x3>9.95</x3> <x4>0.34</x4></dataPoint>
        <dataPoint><x1>1647</x1><x2>107</x2><x3>10.10</x3><x4>0.339</x4></dataPoint>
        <dataPoint><x1>1414</x1><x2>588</x2> <x3>7.57</x3><x4>0.362</x4></dataPoint>
        <dataPoint><x1>1413</x1><x2>650</x2> <x3>7.57</x3><x4>0.362</x4></dataPoint>
        <dataPoint><x1>1413</x1><x2>565</x2> <x3>7.57</x3><x4>0.362</x4></dataPoint>
        <dataPoint><x1>1504</x1><x2>313</x2> <x3>8.53</x3><x4>0.351</x4></dataPoint>
        <dataPoint><x1>1424</x1><x2>539</x2> <x3>7.68</x3> <x4>0.36</x4></dataPoint>
        <dataPoint><x1>1553</x1> <x2>96</x2> <x3>9.13</x3><x4>0.347</x4></dataPoint>
        <dataPoint><x1>1579</x1><x2>174</x2> <x3>7.26</x3><x4>0.344</x4></dataPoint>
        <dataPoint><x1>1690</x1> <x2>34</x2> <x3>8.15</x3><x4>0.337</x4></dataPoint>
        <dataPoint><x1>1541</x1><x2>240</x2> <x3>6.87</x3><x4>0.348</x4></dataPoint>
        <dataPoint><x1>1605</x1><x2>130</x2> <x3>7.42</x3><x4>0.342</x4></dataPoint>
        <dataPoint><x1>1605</x1><x2>158</x2> <x3>7.49</x3><x4>0.342</x4></dataPoint>
        <dataPoint><x1>1605</x1> <x2>76</x2> <x3>7.49</x3><x4>0.342</x4></dataPoint>
        <dataPoint><x1>1566</x1><x2>184</x2> <x3>7.15</x3><x4>0.345</x4></dataPoint>
        <dataPoint><x1>1705</x1><x2>104</x2> <x3>8.29</x3><x4>0.336</x4></dataPoint>
        <dataPoint><x1>1661</x1> <x2>81</x2> <x3>7.90</x3><x4>0.338</x4></dataPoint>
        <dataPoint><x1>1690</x1> <x2>84</x2> <x3>8.15</x3><x4>0.337</x4></dataPoint>
    </dataGroup>
    <ignitionType target="p" type="baseline min intercept from d/dt"/>
</experiment>
