<experiment>
    <fileAuthor>Chemical Kinetics Laboratory, Institute of Chemistry, ELTE, Budapest, Hungary</fileAuthor>
    <fileDOI>10.24388/x10004289</fileDOI>
    <fileVersion>
        <major>2</major>
        <minor>2</minor>
    </fileVersion>
    <ReSpecThVersion>
        <major>2</major>
        <minor>3</minor>
    </ReSpecThVersion>
    <firstPublicationDate>2020-09-08</firstPublicationDate>
    <lastModificationDate>2020-11-18</lastModificationDate>
    <bibliographyLink>
        <description>Mathieu, O., Pemelton, J.M., Bourque, G., Petersen, E.L., Combustion and Flame, 162, 3053-3070, 2015.</description>
        <referenceDOI>10.1016/j.combustflame.2015.03.024</referenceDOI>
        <location>Main article + Supplement</location>
        <table>Table 1. mixture 9, Table S1</table>
        <figure>Fig. 5a. black circle (not used)</figure>
        <details>
            <author>Mathieu, Olivier and Pemelton, John M and Bourque, Gilles and Petersen, Eric L</author>
            <journal>Combust Flame</journal>
            <pages>3053--3070</pages>
            <title>Shock-induced ignition of methane sensitized by NO2 and N2O</title>
            <volume>162</volume>
            <year>2015</year>
        </details>
    </bibliographyLink>
    <experimentType>ignition delay measurement</experimentType>
    <apparatus>
        <kind>shock tube</kind>
    </apparatus>
    <commonProperties>
        <property name="initial composition"           sourcetype="reported"  >
            <component><speciesLink preferredKey="CH4"  CAS="74-82-8"    InChI="1S/CH4/h1H4"  SMILES="C"     chemName="methane" /><amount units="mole fraction" >0.0125</amount></component>
            <component><speciesLink preferredKey="O2"   CAS="7782-44-7"  InChI="1S/O2/c1-2"   SMILES="O=O"   chemName="oxygen"  /><amount units="mole fraction" >0.0125</amount></component>
            <component><speciesLink preferredKey="Ar"   CAS="7440-37-1"  InChI="1S/Ar"        SMILES="[Ar]"  chemName="argon"   /><amount units="mole fraction" >0.9750</amount></component>
        </property>
        <property name="evaluated standard deviation"  sourcetype="estimated"  units="unitless"       reference="ignition delay"  kind="relative"  method="combined from scatter and reported uncertainty" ><value>0.127</value></property>
    </commonProperties>
    <dataGroup id="dg1">
        <property name="temperature"     id="x1"   label="T"    sourcetype="reported"  units="K"   />
        <property name="ignition delay"  id="x2"   label="tau"  sourcetype="reported"  units="us"  />
        <property name="pressure"        id="x3"   label="p"    sourcetype="reported"  units="atm" />

        <dataPoint><x1>2062</x1> <x2>155</x2><x3>1.23</x3></dataPoint>
        <dataPoint><x1>1973</x1> <x2>250</x2><x3>1.23</x3></dataPoint>
        <dataPoint><x1>1872</x1> <x2>593</x2><x3>1.29</x3></dataPoint>
        <dataPoint><x1>1800</x1> <x2>976</x2><x3>1.34</x3></dataPoint>
        <dataPoint><x1>1728</x1><x2>1669</x2><x3>1.34</x3></dataPoint>
    </dataGroup>
    <ignitionType target="OHEX" type="baseline min intercept from d/dt"/>
</experiment>
