<experiment>
    <fileAuthor>Chemical Kinetics Laboratory, Institute of Chemistry, ELTE, Budapest, Hungary</fileAuthor>
    <fileDOI>10.24388/x10004120</fileDOI>
    <fileVersion>
        <major>2</major>
        <minor>2</minor>
    </fileVersion>
    <ReSpecThVersion>
        <major>2</major>
        <minor>3</minor>
    </ReSpecThVersion>
    <firstPublicationDate>2020-09-08</firstPublicationDate>
    <lastModificationDate>2020-11-18</lastModificationDate>
    <bibliographyLink>
        <description>Donhoe, N., Heufer, A., Metcalfe, W.K., Curran, H.J., Davis, M.L., Mathieu, O., Plichta, D., Morones, A., Petersen, E.L., Guthe, F., Combustion and Flame, 161, 1432-1443, 2014.</description>
        <referenceDOI>10.1016/j.combustflame.2013.12.005</referenceDOI>
        <location>Main article</location>
        <figure>Fig. 6., mixture 3</figure>
        <details>
            <author>Donhoe, N., Heufer, A., Metcalfe, W.K., Curran, H.J., Davis, M.L., Mathieu, O., Plichta, D., Morones, A., Petersen, E.L., Guthe, F.</author>
            <journal>Combust Flame</journal>
            <pages>1432--1443</pages>
            <title>Ignition delay times, laminar flame speeds, and mechanism validation for natural gas/hydrogen blends at elevated pressures</title>
            <volume>161</volume>
            <year>2014</year>
        </details>
    </bibliographyLink>
    <experimentType>ignition delay measurement</experimentType>
    <apparatus>
        <kind>shock tube</kind>
    </apparatus>
    <commonProperties>
        <property name="initial composition"           sourcetype="reported"  >
            <component><speciesLink preferredKey="CH4"  CAS="74-82-8"    InChI="1S/CH4/h1H4"  SMILES="C"     chemName="methane"  /><amount units="mole fraction" >0.01111</amount></component>
            <component><speciesLink preferredKey="O2"   CAS="7782-44-7"  InChI="1S/O2/c1-2"   SMILES="O=O"   chemName="oxygen"   /><amount units="mole fraction" >0.04445</amount></component>
            <component><speciesLink preferredKey="Ar"   CAS="7440-37-1"  InChI="1S/Ar"        SMILES="[Ar]"  chemName="argon"    /><amount units="mole fraction" >0.90000</amount></component>
            <component><speciesLink preferredKey="H2"   CAS="1333-74-0"  InChI="1S/H2/h1H"    SMILES="[HH]"  chemName="hydrogen" /><amount units="mole fraction" >0.04444</amount></component>
        </property>
        <property name="pressure rise"                 label="dp/dt"  sourcetype="reported"   units="ms-1"          ><value>0.02</value></property>
        <property name="evaluated standard deviation"  sourcetype="estimated"  units="unitless"       reference="ignition delay"  kind="relative"  method="combined from scatter and reported uncertainty" ><value>0.159</value></property>
    </commonProperties>
    <dataGroup id="dg1">
        <property name="temperature"     id="x1"   label="T"    sourcetype="reported"  units="K"   />
        <property name="ignition delay"  id="x2"   label="tau"  sourcetype="reported"  units="us"  />
        <property name="pressure"        id="x3"   label="p"    sourcetype="reported"  units="atm" />

        <dataPoint><x1>1110</x1><x2>1296.10</x2><x3>32.537</x3></dataPoint>
        <dataPoint><x1>1116</x1><x2>1195.40</x2><x3>32.104</x3></dataPoint>
        <dataPoint><x1>1117</x1><x2>1226.80</x2><x3>31.253</x3></dataPoint>
        <dataPoint><x1>1144</x1> <x2>748.11</x2><x3>31.376</x3></dataPoint>
        <dataPoint><x1>1148</x1> <x2>641.98</x2><x3>30.667</x3></dataPoint>
        <dataPoint><x1>1163</x1> <x2>543.77</x2><x3>30.070</x3></dataPoint>
        <dataPoint><x1>1189</x1> <x2>382.50</x2><x3>30.454</x3></dataPoint>
        <dataPoint><x1>1206</x1> <x2>258.97</x2><x3>30.016</x3></dataPoint>
        <dataPoint><x1>1220</x1> <x2>230.03</x2><x3>29.520</x3></dataPoint>
    </dataGroup>
    <ignitionType target="OHEX" type="baseline min intercept from d/dt"/>
</experiment>
