<experiment>
    <fileAuthor>Chemical Kinetics Laboratory, Institute of Chemistry, ELTE, Budapest, Hungary</fileAuthor>
    <fileDOI>10.24388/x10004275</fileDOI>
    <fileVersion>
        <major>2</major>
        <minor>2</minor>
    </fileVersion>
    <ReSpecThVersion>
        <major>2</major>
        <minor>3</minor>
    </ReSpecThVersion>
    <firstPublicationDate>2020-09-08</firstPublicationDate>
    <lastModificationDate>2020-11-18</lastModificationDate>
    <bibliographyLink>
        <description>Levy, Y., Olchanski, E., Sherbaum, V., Erenburg, V., Burcat, A., Journal of Propulsion and Power, 22, 669-675, 2006.</description>
        <referenceDOI>10.2514/1.12511</referenceDOI>
        <location>Main article</location>
        <table>Table 1. + Appendix mixture 6</table>
        <details>
            <author>Levy, Yeshayahou and Olchanski, Erna and Sherbaum, Valery and Erenburg, Vladimir and Burcat, Alexander</author>
            <journal>J Propul Power</journal>
            <number>3</number>
            <pages>669--676</pages>
            <title>Shock-Tube Ignition Study of Methane in Air and Recirculating Gases Mixtures</title>
            <volume>22</volume>
            <year>2006</year>
        </details>
    </bibliographyLink>
    <experimentType>ignition delay measurement</experimentType>
    <apparatus>
        <kind>shock tube</kind>
    </apparatus>
    <commonProperties>
        <property name="initial composition"  sourcetype="reported" >
            <component><speciesLink preferredKey="CH4"  CAS="74-82-8"    InChI="1S/CH4/h1H4"  SMILES="C"    chemName="methane"  /><amount units="mole fraction" >0.01988</amount></component>
            <component><speciesLink preferredKey="O2"   CAS="7782-44-7"  InChI="1S/O2/c1-2"   SMILES="O=O"  chemName="oxygen"   /><amount units="mole fraction" >0.12510</amount></component>
            <component><speciesLink preferredKey="N2"   CAS="7727-37-9"  InChI="1S/N2/c1-2"   SMILES="N#N"  chemName="nitrogen" /><amount units="mole fraction" >0.85800</amount></component>
        </property>
    </commonProperties>
    <dataGroup id="dg1">
        <property name="temperature"                   id="x1"   label="T"    sourcetype="reported"   units="K"        />
        <property name="ignition delay"                id="x2"   label="tau"  sourcetype="reported"   units="us"       />
        <property name="pressure"                      id="x3"   label="p"    sourcetype="reported"   units="atm"      />
        <property name="evaluated standard deviation"  id="x4"   sourcetype="estimated"  units="unitless"  reference="ignition delay"  kind="relative"  method="combined from scatter and the uncertainty of conditions" />

        <dataPoint><x1>1422</x1> <x2>513</x2><x3>6.62</x3><x4>0.268</x4></dataPoint>
        <dataPoint><x1>1561</x1> <x2>183</x2><x3>7.95</x3><x4>0.233</x4></dataPoint>
        <dataPoint><x1>1521</x1> <x2>281</x2><x3>7.56</x3><x4>0.242</x4></dataPoint>
        <dataPoint><x1>1548</x1> <x2>224</x2><x3>7.81</x3><x4>0.235</x4></dataPoint>
        <dataPoint><x1>1648</x1> <x2>101</x2><x3>8.81</x3><x4>0.216</x4></dataPoint>
        <dataPoint><x1>1534</x1> <x2>250</x2><x3>7.69</x3><x4>0.239</x4></dataPoint>
        <dataPoint><x1>1679</x1>  <x2>99</x2><x3>9.13</x3> <x4>0.21</x4></dataPoint>
        <dataPoint><x1>1521</x1> <x2>307</x2><x3>7.56</x3><x4>0.242</x4></dataPoint>
        <dataPoint><x1>1470</x1> <x2>437</x2><x3>7.07</x3><x4>0.254</x4></dataPoint>
        <dataPoint><x1>1434</x1> <x2>662</x2><x3>6.73</x3><x4>0.264</x4></dataPoint>
        <dataPoint><x1>1445</x1> <x2>493</x2><x3>6.85</x3><x4>0.261</x4></dataPoint>
        <dataPoint><x1>1695</x1>  <x2>68</x2><x3>9.29</x3><x4>0.208</x4></dataPoint>
        <dataPoint><x1>1434</x1> <x2>605</x2><x3>6.73</x3><x4>0.264</x4></dataPoint>
        <dataPoint><x1>1422</x1> <x2>530</x2><x3>6.63</x3><x4>0.268</x4></dataPoint>
        <dataPoint><x1>1458</x1> <x2>353</x2><x3>7.03</x3><x4>0.258</x4></dataPoint>
        <dataPoint><x1>1495</x1> <x2>330</x2><x3>7.31</x3><x4>0.248</x4></dataPoint>
        <dataPoint><x1>1483</x1> <x2>401</x2><x3>7.26</x3><x4>0.251</x4></dataPoint>
        <dataPoint><x1>1410</x1> <x2>776</x2><x3>6.59</x3><x4>0.272</x4></dataPoint>
        <dataPoint><x1>1377</x1><x2>1012</x2><x3>6.22</x3><x4>0.282</x4></dataPoint>
    </dataGroup>
    <ignitionType target="p" type="baseline min intercept from d/dt"/>
</experiment>
