<experiment>
    <fileAuthor>Chemical Kinetics Laboratory, Institute of Chemistry, ELTE, Budapest, Hungary</fileAuthor>
    <fileDOI>10.24388/x10004015</fileDOI>
    <fileVersion>
        <major>2</major>
        <minor>2</minor>
    </fileVersion>
    <ReSpecThVersion>
        <major>2</major>
        <minor>3</minor>
    </ReSpecThVersion>
    <firstPublicationDate>2020-09-08</firstPublicationDate>
    <lastModificationDate>2020-11-18</lastModificationDate>
    <bibliographyLink>
        <description>Brabbs, T.A., Robertson, T.F., NASA Technical Memorandum 87268, 1-9, 1986.</description>
        <location>Main article</location>
        <table>Table II., phi=2.0 (pressure)</table>
        <details>
            <author>Brabbs, Theodore A and Robertson, Thomas F</author>
            <institution>NASA Technical Memorandum 87268</institution>
            <title>Methane oxidation behind reflected shock waves -- Ignition delay times measured by pressure and flame band emission</title>
            <year>1986</year>
        </details>
    </bibliographyLink>
    <experimentType>ignition delay measurement</experimentType>
    <apparatus>
        <kind>shock tube</kind>
    </apparatus>
    <commonProperties>
        <property name="initial composition"           sourcetype="reported"  >
            <component><speciesLink preferredKey="CH4"  CAS="74-82-8"    InChI="1S/CH4/h1H4"  SMILES="C"     chemName="methane" /><amount units="mole fraction" >0.04</amount></component>
            <component><speciesLink preferredKey="O2"   CAS="7782-44-7"  InChI="1S/O2/c1-2"   SMILES="O=O"   chemName="oxygen"  /><amount units="mole fraction" >0.04</amount></component>
            <component><speciesLink preferredKey="Ar"   CAS="7440-37-1"  InChI="1S/Ar"        SMILES="[Ar]"  chemName="argon"   /><amount units="mole fraction" >0.92</amount></component>
        </property>
        <property name="evaluated standard deviation"  sourcetype="estimated"  units="unitless"       reference="ignition delay"  kind="relative"  method="generic uncertainty" ><value>0.1</value></property>
    </commonProperties>
    <dataGroup id="dg1">
        <property name="temperature"     id="x1"   label="T"    sourcetype="reported"  units="K"   />
        <property name="pressure"        id="x2"   label="p"    sourcetype="reported"  units="atm" />
        <property name="ignition delay"  id="x3"   label="tau"  sourcetype="reported"  units="us"  />

        <dataPoint><x1>1922</x1><x2>4.012</x2>  <x3>67</x3></dataPoint>
        <dataPoint><x1>1856</x1><x2>3.797</x2> <x3>116</x3></dataPoint>
        <dataPoint><x1>1789</x1><x2>3.583</x2> <x3>198</x3></dataPoint>
        <dataPoint><x1>1770</x1><x2>3.524</x2> <x3>249</x3></dataPoint>
        <dataPoint><x1>1763</x1><x2>3.485</x2> <x3>318</x3></dataPoint>
        <dataPoint><x1>1730</x1><x2>3.381</x2> <x3>369</x3></dataPoint>
        <dataPoint><x1>1715</x1><x2>3.351</x2> <x3>509</x3></dataPoint>
        <dataPoint><x1>1712</x1><x2>3.326</x2> <x3>489</x3></dataPoint>
        <dataPoint><x1>1691</x1><x2>3.260</x2> <x3>690</x3></dataPoint>
        <dataPoint><x1>1681</x1><x2>3.228</x2> <x3>765</x3></dataPoint>
        <dataPoint><x1>1677</x1><x2>3.217</x2> <x3>795</x3></dataPoint>
        <dataPoint><x1>1650</x1><x2>3.134</x2><x3>1102</x3></dataPoint>
        <dataPoint><x1>1627</x1><x2>3.063</x2><x3>1214</x3></dataPoint>
        <dataPoint><x1>1621</x1><x2>3.043</x2><x3>1319</x3></dataPoint>
        <dataPoint><x1>1602</x1><x2>2.984</x2><x3>1534</x3></dataPoint>
    </dataGroup>
    <ignitionType target="p;" type="d/dt max"/>
</experiment>
