<experiment>
    <fileAuthor>Chemical Kinetics Laboratory, Institute of Chemistry, ELTE, Budapest, Hungary</fileAuthor>
    <fileDOI>10.24388/x10004016</fileDOI>
    <fileVersion>
        <major>2</major>
        <minor>2</minor>
    </fileVersion>
    <ReSpecThVersion>
        <major>2</major>
        <minor>3</minor>
    </ReSpecThVersion>
    <firstPublicationDate>2020-09-08</firstPublicationDate>
    <lastModificationDate>2020-11-18</lastModificationDate>
    <bibliographyLink>
        <description>Brabbs, T.A., Robertson, T.F., NASA Technical Memorandum 87268, 1-9, 1986</description>
        <location>Main article</location>
        <table>Table II., phi=2.0</table>
        <details>
            <author>Brabbs, Theodore A and Robertson, Thomas F</author>
            <institution>NASA Technical Memorandum 87268</institution>
            <title>Methane oxidation behind reflected shock waves -- Ignition delay times measured by pressure and flame band emission</title>
            <year>1986</year>
        </details>
    </bibliographyLink>
    <experimentType>ignition delay measurement</experimentType>
    <apparatus>
        <kind>shock tube</kind>
    </apparatus>
    <commonProperties>
        <property name="initial composition"           sourcetype="reported"  >
            <component><speciesLink preferredKey="CH4"  CAS="74-82-8"    InChI="1S/CH4/h1H4"  SMILES="C"     chemName="methane" /><amount units="mole fraction" >0.04</amount></component>
            <component><speciesLink preferredKey="O2"   CAS="7782-44-7"  InChI="1S/O2/c1-2"   SMILES="O=O"   chemName="oxygen"  /><amount units="mole fraction" >0.04</amount></component>
            <component><speciesLink preferredKey="Ar"   CAS="7440-37-1"  InChI="1S/Ar"        SMILES="[Ar]"  chemName="argon"   /><amount units="mole fraction" >0.92</amount></component>
        </property>
        <property name="evaluated standard deviation"  sourcetype="estimated"  units="unitless"       reference="ignition delay"  kind="relative"  method="generic uncertainty" ><value>0.1</value></property>
    </commonProperties>
    <dataGroup id="dg1">
        <property name="temperature"     id="x1"   label="T"    sourcetype="reported"  units="K"   />
        <property name="pressure"        id="x2"   label="p"    sourcetype="reported"  units="atm" />
        <property name="ignition delay"  id="x3"   label="tau"  sourcetype="reported"  units="us"  />

        <dataPoint><x1>1.922000e+003</x1><x2>4.012000e+000</x2><x3>6.200000e+001</x3></dataPoint>
        <dataPoint><x1>1.856000e+003</x1><x2>3.797000e+000</x2><x3>1.100000e+002</x3></dataPoint>
        <dataPoint><x1>1.789000e+003</x1><x2>3.583000e+000</x2><x3>2.010000e+002</x3></dataPoint>
        <dataPoint><x1>1.770000e+003</x1><x2>3.524000e+000</x2><x3>2.710000e+002</x3></dataPoint>
        <dataPoint><x1>1.763000e+003</x1><x2>3.485000e+000</x2><x3>3.040000e+002</x3></dataPoint>
        <dataPoint><x1>1.730000e+003</x1><x2>3.381000e+000</x2><x3>3.680000e+002</x3></dataPoint>
        <dataPoint><x1>1.715000e+003</x1><x2>3.351000e+000</x2><x3>5.010000e+002</x3></dataPoint>
        <dataPoint><x1>1.712000e+003</x1><x2>3.326000e+000</x2><x3>4.860000e+002</x3></dataPoint>
        <dataPoint><x1>1.691000e+003</x1><x2>3.260000e+000</x2><x3>6.820000e+002</x3></dataPoint>
        <dataPoint><x1>1.681000e+003</x1><x2>3.228000e+000</x2><x3>7.670000e+002</x3></dataPoint>
        <dataPoint><x1>1.677000e+003</x1><x2>3.217000e+000</x2><x3>7.970000e+002</x3></dataPoint>
        <dataPoint><x1>1.650000e+003</x1><x2>3.134000e+000</x2><x3>1.096000e+003</x3></dataPoint>
        <dataPoint><x1>1.627000e+003</x1><x2>3.063000e+000</x2><x3>1.221000e+003</x3></dataPoint>
        <dataPoint><x1>1.621000e+003</x1><x2>3.043000e+000</x2><x3>1.321000e+003</x3></dataPoint>
        <dataPoint><x1>1.602000e+003</x1><x2>2.984000e+000</x2><x3>1.557000e+003</x3></dataPoint>
    </dataGroup>
    <ignitionType target="CHEX;" type="d/dt max"/>
</experiment>
