<experiment>
    <fileAuthor>Chemical Kinetics Laboratory, Institute of Chemistry, ELTE, Budapest, Hungary</fileAuthor>
    <fileDOI>10.24388/x10004114</fileDOI>
    <fileVersion>
        <major>2</major>
        <minor>2</minor>
    </fileVersion>
    <ReSpecThVersion>
        <major>2</major>
        <minor>3</minor>
    </ReSpecThVersion>
    <firstPublicationDate>2020-09-08</firstPublicationDate>
    <lastModificationDate>2020-11-18</lastModificationDate>
    <bibliographyLink>
        <description>deVries, J., Petersen, E.L., Proceedings of the Combustion Institute, 31, 3163-3171, 2007.</description>
        <referenceDOI>10.1016/j.proci.2006.07.206</referenceDOI>
        <location>Main article</location>
        <table>Table 2, 1a mixture</table>
        <details>
            <author>deVries, J., Petersen, E.L.</author>
            <journal>Proceedings of the Combustion Institute</journal>
            <pages>3163--3171</pages>
            <title>Autoignition of methane-based fuel blends under gas turbine conditions</title>
            <volume>31</volume>
            <year>2007</year>
        </details>
    </bibliographyLink>
    <experimentType>ignition delay measurement</experimentType>
    <apparatus>
        <kind>shock tube</kind>
    </apparatus>
    <commonProperties>
        <property name="initial composition"  sourcetype="reported" >
            <component><speciesLink preferredKey="CH4"  CAS="74-82-8"    InChI="1S/CH4/h1H4"  SMILES="C"    chemName="methane"  /><amount units="mole fraction" >0.0499</amount></component>
            <component><speciesLink preferredKey="O2"   CAS="7782-44-7"  InChI="1S/O2/c1-2"   SMILES="O=O"  chemName="oxygen"   /><amount units="mole fraction" >0.1995</amount></component>
            <component><speciesLink preferredKey="N2"   CAS="7727-37-9"  InChI="1S/N2/c1-2"   SMILES="N#N"  chemName="nitrogen" /><amount units="mole fraction" >0.7506</amount></component>
        </property>
    </commonProperties>
    <dataGroup id="dg1">
        <property name="temperature"                   id="x1"   label="T"    sourcetype="reported"   units="K"        />
        <property name="ignition delay"                id="x2"   label="tau"  sourcetype="reported"   units="us"       />
        <property name="pressure"                      id="x3"   label="p"    sourcetype="reported"   units="atm"      />
        <property name="evaluated standard deviation"  id="x4"   sourcetype="estimated"  units="unitless"  reference="ignition delay"  kind="relative"  method="combined from scatter and reported uncertainty" />

        <dataPoint><x1>1007</x1><x2>4560</x2><x3>27.2</x3><x4>0.164</x4></dataPoint>
        <dataPoint><x1>1043</x1><x2>3390</x2><x3>24.9</x3><x4>0.162</x4></dataPoint>
        <dataPoint><x1>1099</x1><x2>2620</x2><x3>27.5</x3> <x4>0.16</x4></dataPoint>
    </dataGroup>
    <ignitionType target="CHEX" type="baseline min intercept from d/dt"/>
</experiment>
