<experiment>
    <fileAuthor>Chemical Kinetics Laboratory, Institute of Chemistry, ELTE, Budapest, Hungary</fileAuthor>
    <fileDOI>10.24388/x10004225</fileDOI>
    <fileVersion>
        <major>2</major>
        <minor>2</minor>
    </fileVersion>
    <ReSpecThVersion>
        <major>2</major>
        <minor>3</minor>
    </ReSpecThVersion>
    <firstPublicationDate>2020-09-08</firstPublicationDate>
    <lastModificationDate>2020-11-18</lastModificationDate>
    <bibliographyLink>
        <description>Bowman, C.T., Combustion Science and Technology, 2, 161-172, 1970.</description>
        <referenceDOI>10.1080/00102207008952244</referenceDOI>
        <location>Main article</location>
        <table>Table II. mixture 2</table>
        <figure>Fig. 2. CO2 full circle</figure>
        <details>
            <author>Bowman, C T</author>
            <journal>Combust Sci Technol</journal>
            <pages>161--172</pages>
            <title>An experimental and ananytical investigation of the high temperature exidation mechanisms of hydrocarbon fuels</title>
            <volume>2</volume>
            <year>1970</year>
        </details>
    </bibliographyLink>
    <experimentType>ignition delay measurement</experimentType>
    <apparatus>
        <kind>shock tube</kind>
    </apparatus>
    <commonProperties>
        <property name="pressure"             sourcetype="reported"  units="atm"           ><value>1.3</value></property>
        <property name="initial composition"  sourcetype="reported" >
            <component><speciesLink preferredKey="CH4"  CAS="74-82-8"    InChI="1S/CH4/h1H4"  SMILES="C"     chemName="methane" /><amount units="mole fraction" >0.05</amount></component>
            <component><speciesLink preferredKey="O2"   CAS="7782-44-7"  InChI="1S/O2/c1-2"   SMILES="O=O"   chemName="oxygen"  /><amount units="mole fraction" >0.05</amount></component>
            <component><speciesLink preferredKey="Ar"   CAS="7440-37-1"  InChI="1S/Ar"        SMILES="[Ar]"  chemName="argon"   /><amount units="mole fraction" >0.90</amount></component>
        </property>
    </commonProperties>
    <dataGroup id="dg1">
        <property name="temperature"                   id="x1"   label="T"    sourcetype="digitized"  units="K"        />
        <property name="ignition delay"                id="x2"   label="tau"  sourcetype="digitized"  units="us"       />
        <property name="evaluated standard deviation"  id="x3"   sourcetype="estimated"  units="unitless"  reference="ignition delay"  kind="relative"  method="combined from scatter and the uncertainty of conditions" />

        <dataPoint><x1>2306.6</x1> <x2>12.63</x2><x3>0.355</x3></dataPoint>
        <dataPoint><x1>2071.5</x1> <x2>76.68</x2><x3>0.416</x3></dataPoint>
        <dataPoint><x1>1993.5</x1><x2>100.50</x2><x3>0.441</x3></dataPoint>
        <dataPoint><x1>1924.2</x1><x2>169.10</x2><x3>0.468</x3></dataPoint>
        <dataPoint><x1>1979.5</x1><x2>170.00</x2><x3>0.446</x3></dataPoint>
        <dataPoint><x1>1953.0</x1><x2>185.00</x2><x3>0.456</x3></dataPoint>
        <dataPoint><x1>1874.3</x1><x2>304.70</x2><x3>0.488</x3></dataPoint>
        <dataPoint><x1>1847.5</x1><x2>345.90</x2>  <x3>0.5</x3></dataPoint>
        <dataPoint><x1>1877.1</x1><x2>378.90</x2><x3>0.487</x3></dataPoint>
        <dataPoint><x1>1798.8</x1><x2>555.00</x2><x3>0.524</x3></dataPoint>
        <dataPoint><x1>1804.3</x1><x2>616.20</x2><x3>0.521</x3></dataPoint>
        <dataPoint><x1>1829.7</x1><x2>617.60</x2><x3>0.509</x3></dataPoint>
    </dataGroup>
    <ignitionType target="CO2" type="relative concentration" amount="0.9" units="unitless"/>
</experiment>
