<experiment>
    <fileAuthor>Chemical Kinetics Laboratory, Institute of Chemistry, ELTE, Budapest, Hungary</fileAuthor>
    <fileDOI>10.24388/x10004516</fileDOI>
    <fileVersion>
        <major>2</major>
        <minor>2</minor>
    </fileVersion>
    <ReSpecThVersion>
        <major>2</major>
        <minor>3</minor>
    </ReSpecThVersion>
    <firstPublicationDate>2020-09-08</firstPublicationDate>
    <lastModificationDate>2020-11-18</lastModificationDate>
    <bibliographyLink>
        <description>H. El Merhubi, A. Kéromnès, G. Catalano, B. Lefort, L. Le Moyne, Fuel, 177, 164-172, 2016.</description>
        <referenceDOI>10.1016/j.fuel.2016.03.016</referenceDOI>
        <location>Main article; Supplementary material, Phi = 1, p = 40 bar</location>
        <table>Table 2, Mixture 2; Supplementary material, Phi = 1, p = 40 bar</table>
        <figure>Fig. 5. red triangle (not used)</figure>
        <details>
            <author>H. El Merhubi, A. Kéromnès, G. Catalano, B. Lefort, L. Le Moyne</author>
            <journal>Fuel</journal>
            <pages>164--172</pages>
            <title>A high pressure experimental and numerical study of methane ignition</title>
            <volume>177</volume>
            <year>2016</year>
        </details>
    </bibliographyLink>
    <experimentType>ignition delay measurement</experimentType>
    <apparatus>
        <kind>shock tube</kind>
        <mode>reflected</mode>
    </apparatus>
    <commonProperties>
        <property name="equivalence ratio"             label="phi"    sourcetype="reported"   units="unitless" ><value>1</value></property>
        <property name="pressure rise"                 label="dp/dt"  sourcetype="reported"   units="ms-1"      kind="relative" ><value>0.03</value></property>
        <property name="initial composition"           sourcetype="reported"  >
            <component><speciesLink preferredKey="CH4"  CAS="74-82-8"    InChI="1S/CH4/h1H4"  SMILES="C"     chemName="methane" /><amount units="percent" >2</amount></component>
            <component><speciesLink preferredKey="O2"   CAS="7782-44-7"  InChI="1S/O2/c1-2"   SMILES="O=O"   chemName="oxygen"  /><amount units="percent" >4</amount></component>
            <component><speciesLink preferredKey="Ar"   CAS="7440-37-1"  InChI="1S/Ar"        SMILES="[Ar]"  chemName="argon"   /><amount units="percent" >94</amount></component>
        </property>
        <property name="evaluated standard deviation"  sourcetype="estimated"  units="unitless"  reference="ignition delay"  kind="relative"  method="combined from scatter and reported uncertainty" ><value>0.134</value></property>
    </commonProperties>
    <dataGroup id="dg1">
        <property name="pressure"        id="x1"   label="p"    sourcetype="reported"  units="bar"      />
        <property name="temperature"     id="x2"   label="T"    sourcetype="reported"  units="K"        />
        <property name="ignition delay"  id="x3"   label="tau"  sourcetype="reported"  units="us"       />
        <property name="uncertainty"     id="x4"   label="d_T"  sourcetype="reported"  units="unitless"  reference="temperature"  kind="relative"  bound="plusminus" />

        <dataPoint><x1>38.6</x1><x2>1619</x2> <x3>89</x3><x4>0.01</x4></dataPoint>
        <dataPoint><x1>39.5</x1><x2>1619</x2> <x3>90</x3><x4>0.01</x4></dataPoint>
        <dataPoint><x1>41.0</x1><x2>1653</x2> <x3>72</x3><x4>0.01</x4></dataPoint>
        <dataPoint><x1>41.1</x1><x2>1607</x2><x3>100</x3><x4>0.01</x4></dataPoint>
        <dataPoint><x1>39.6</x1><x2>1580</x2><x3>131</x3><x4>0.01</x4></dataPoint>
        <dataPoint><x1>39.0</x1><x2>1626</x2><x3>100</x3><x4>0.01</x4></dataPoint>
        <dataPoint><x1>39.0</x1><x2>1541</x2><x3>227</x3><x4>0.01</x4></dataPoint>
        <dataPoint><x1>38.1</x1><x2>1481</x2><x3>369</x3><x4>0.01</x4></dataPoint>
        <dataPoint><x1>38.3</x1><x2>1721</x2> <x3>34</x3><x4>0.01</x4></dataPoint>
        <dataPoint><x1>38.6</x1><x2>1456</x2><x3>481</x3><x4>0.01</x4></dataPoint>
        <dataPoint><x1>38.7</x1><x2>1653</x2> <x3>76</x3><x4>0.01</x4></dataPoint>
    </dataGroup>
    <ignitionType target="p" type="d/dt max"/>
</experiment>
