<experiment>
    <fileAuthor>Chemical Kinetics Laboratory, Institute of Chemistry, ELTE, Budapest, Hungary</fileAuthor>
    <fileDOI>10.24388/x10004250</fileDOI>
    <fileVersion>
        <major>2</major>
        <minor>2</minor>
    </fileVersion>
    <ReSpecThVersion>
        <major>2</major>
        <minor>3</minor>
    </ReSpecThVersion>
    <firstPublicationDate>2020-09-08</firstPublicationDate>
    <lastModificationDate>2020-11-18</lastModificationDate>
    <bibliographyLink>
        <description>Hu, E., Li, X., Meng, X., Chen, Y., Cheng, Y., Xie, Y., Huang, Z., Fuel, 158, 1-10, 2015.</description>
        <referenceDOI>10.1016/j.fuel.2015.05.010</referenceDOI>
        <location>Main article</location>
        <figure>Fig. 8b circle</figure>
        <details>
            <author>Hu, Erjiang and Li, Xiaotian and Meng, Xin and Chen, Yizhen and Cheng, Yu and Xie, Yongliang and Huang, Zuohua</author>
            <journal>Fuel</journal>
            <pages>1--10</pages>
            <title>Laminar flame speeds and ignition delay times of methane–air mixtures at elevated temperatures and pressures</title>
            <volume>158</volume>
            <year>2015</year>
        </details>
    </bibliographyLink>
    <experimentType>ignition delay measurement</experimentType>
    <apparatus>
        <kind>shock tube</kind>
    </apparatus>
    <commonProperties>
        <property name="pressure"             sourcetype="reported"    units="atm"           ><value>3</value></property>
        <property name="initial composition"  sourcetype="calculated" >
            <component><speciesLink preferredKey="CH4"  CAS="74-82-8"    InChI="1S/CH4/h1H4"  SMILES="C"    chemName="methane"  /><amount units="mole fraction" >0.09502</amount></component>
            <component><speciesLink preferredKey="O2"   CAS="7782-44-7"  InChI="1S/O2/c1-2"   SMILES="O=O"  chemName="oxygen"   /><amount units="mole fraction" >0.19005</amount></component>
            <component><speciesLink preferredKey="N2"   CAS="7727-37-9"  InChI="1S/N2/c1-2"   SMILES="N#N"  chemName="nitrogen" /><amount units="mole fraction" >0.71493</amount></component>
        </property>
    </commonProperties>
    <dataGroup id="dg1">
        <property name="temperature"                   id="x1"   label="T"    sourcetype="digitized"  units="K"        />
        <property name="ignition delay"                id="x2"   label="tau"  sourcetype="digitized"  units="us"       />
        <property name="evaluated standard deviation"  id="x3"   sourcetype="estimated"  units="unitless"  reference="ignition delay"  kind="relative"  method="combined from scatter and the uncertainty of conditions" />

        <dataPoint><x1>1820.7</x1> <x2>44.96</x2><x3>0.165</x3></dataPoint>
        <dataPoint><x1>1729.4</x1> <x2>84.14</x2><x3>0.183</x3></dataPoint>
        <dataPoint><x1>1731.8</x1> <x2>85.84</x2><x3>0.182</x3></dataPoint>
        <dataPoint><x1>1642.4</x1><x2>172.20</x2><x3>0.202</x3></dataPoint>
        <dataPoint><x1>1639.1</x1><x2>184.70</x2><x3>0.202</x3></dataPoint>
        <dataPoint><x1>1580.7</x1><x2>283.30</x2><x3>0.217</x3></dataPoint>
        <dataPoint><x1>1520.7</x1><x2>480.00</x2><x3>0.234</x3></dataPoint>
        <dataPoint><x1>1495.9</x1><x2>621.70</x2><x3>0.242</x3></dataPoint>
        <dataPoint><x1>1459.1</x1><x2>789.20</x2><x3>0.254</x3></dataPoint>
    </dataGroup>
    <ignitionType target="CHEX" type="baseline min intercept from d/dt"/>
</experiment>
