<experiment>
    <fileAuthor>Chemical Kinetics Laboratory, Institute of Chemistry, ELTE, Budapest, Hungary</fileAuthor>
    <fileDOI>10.24388/x10004127</fileDOI>
    <fileVersion>
        <major>2</major>
        <minor>2</minor>
    </fileVersion>
    <ReSpecThVersion>
        <major>2</major>
        <minor>3</minor>
    </ReSpecThVersion>
    <firstPublicationDate>2020-09-08</firstPublicationDate>
    <lastModificationDate>2020-11-18</lastModificationDate>
    <bibliographyLink>
        <description>Higgin, R.M.R., Williams, A., Proceedings of the Combustion Institue, 12, 579-590, 1969.</description>
        <referenceDOI>10.1016/s0082-0784(69)80439-x</referenceDOI>
        <location>Main article</location>
        <figure>Fig. 2. open triangle</figure>
        <details>
            <author>Higgin, R M R and Williams, A</author>
            <journal>Symp (Int) Combust</journal>
            <pages>579--590</pages>
            <title>A shock-tube investigation of the ignition of lean methane and n-butane mixtures with oxygen</title>
            <volume>12</volume>
            <year>1969</year>
        </details>
    </bibliographyLink>
    <experimentType>ignition delay measurement</experimentType>
    <apparatus>
        <kind>shock tube</kind>
    </apparatus>
    <commonProperties>
        <property name="pressure"             sourcetype="reported"    units="atm"           ><value>0.33</value></property>
        <property name="initial composition"  sourcetype="calculated" >
            <component><speciesLink preferredKey="CH4"  CAS="74-82-8"    InChI="1S/CH4/h1H4"  SMILES="C"     chemName="methane" /><amount units="mole fraction" >0.05</amount></component>
            <component><speciesLink preferredKey="O2"   CAS="7782-44-7"  InChI="1S/O2/c1-2"   SMILES="O=O"   chemName="oxygen"  /><amount units="mole fraction" >0.05</amount></component>
            <component><speciesLink preferredKey="Ar"   CAS="7440-37-1"  InChI="1S/Ar"        SMILES="[Ar]"  chemName="argon"   /><amount units="mole fraction" >0.90</amount></component>
        </property>
    </commonProperties>
    <dataGroup id="dg1">
        <property name="temperature"                   id="x1"   label="T"    sourcetype="digitized"  units="K"        />
        <property name="ignition delay"                id="x2"   label="tau"  sourcetype="digitized"  units="us"       />
        <property name="evaluated standard deviation"  id="x3"   sourcetype="estimated"  units="unitless"  reference="ignition delay"  kind="relative"  method="combined from scatter and the uncertainty of conditions" />

        <dataPoint><x1>2631.57</x1> <x2>78.617</x2><x3>0.139</x3></dataPoint>
        <dataPoint><x1>2518.89</x1> <x2>92.293</x2><x3>0.146</x3></dataPoint>
        <dataPoint><x1>2500.00</x1><x2>109.590</x2><x3>0.148</x3></dataPoint>
        <dataPoint><x1>2475.24</x1><x2>113.430</x2><x3>0.149</x3></dataPoint>
        <dataPoint><x1>2364.06</x1><x2>154.540</x2><x3>0.158</x3></dataPoint>
        <dataPoint><x1>2331.00</x1><x2>194.330</x2><x3>0.161</x3></dataPoint>
        <dataPoint><x1>2272.72</x1><x2>270.910</x2><x3>0.166</x3></dataPoint>
        <dataPoint><x1>2169.19</x1><x2>364.910</x2><x3>0.177</x3></dataPoint>
        <dataPoint><x1>2066.11</x1><x2>532.560</x2> <x3>0.19</x3></dataPoint>
        <dataPoint><x1>2036.65</x1><x2>520.490</x2><x3>0.194</x3></dataPoint>
        <dataPoint><x1>1901.14</x1><x2>861.620</x2><x3>0.216</x3></dataPoint>
    </dataGroup>
    <ignitionType target="OHEX" type="relative concentration" amount="0.05" units="unitless"/>
</experiment>
