<experiment>
    <fileAuthor>Chemical Kinetics Laboratory, Institute of Chemistry, ELTE, Budapest, Hungary</fileAuthor>
    <fileDOI>10.24388/x10004471</fileDOI>
    <fileVersion>
        <major>2</major>
        <minor>2</minor>
    </fileVersion>
    <ReSpecThVersion>
        <major>2</major>
        <minor>3</minor>
    </ReSpecThVersion>
    <firstPublicationDate>2020-09-08</firstPublicationDate>
    <lastModificationDate>2020-11-18</lastModificationDate>
    <bibliographyLink>
        <description>Zeng, W., Ma, H., Liang, Y., Hu, E., Journal of Advanced Research, 6, 189-201, 2015.</description>
        <referenceDOI>10.1016/j.jare.2014.01.003</referenceDOI>
        <location>Main article</location>
        <figure>Fig. 2b (a), rhombus</figure>
        <details>
            <author>Zeng, Wen., Ma, Hongan., Liang, Yuntao., Hu, Erjiang.</author>
            <journal>Journal of Advanced Research</journal>
            <pages>189--201</pages>
            <title>Experimental and modeling study on effects of N2 and CO2 on ignition characteristics of methane/air mixture</title>
            <volume>6</volume>
            <year>2015</year>
        </details>
    </bibliographyLink>
    <experimentType>ignition delay measurement</experimentType>
    <apparatus>
        <kind>shock tube</kind>
    </apparatus>
    <commonProperties>
        <property name="pressure"                      sourcetype="reported"   units="MPa"           ><value>0.3</value></property>
        <property name="initial composition"           sourcetype="reported"  >
            <component><speciesLink preferredKey="CH4"  CAS="74-82-8"    InChI="1S/CH4/h1H4"  SMILES="C"    chemName="methane"  /><amount units="mole fraction" >0.0499</amount></component>
            <component><speciesLink preferredKey="O2"   CAS="7782-44-7"  InChI="1S/O2/c1-2"   SMILES="O=O"  chemName="oxygen"   /><amount units="mole fraction" >0.1995</amount></component>
            <component><speciesLink preferredKey="N2"   CAS="7727-37-9"  InChI="1S/N2/c1-2"   SMILES="N#N"  chemName="nitrogen" /><amount units="mole fraction" >0.7506</amount></component>
        </property>
        <property name="pressure rise"                 label="dp/dt"  sourcetype="reported"   units="ms-1"          ><value>0.04</value></property>
        <property name="evaluated standard deviation"  sourcetype="estimated"  units="unitless"       reference="ignition delay"  kind="relative"  method="combined from scatter and reported uncertainty" ><value>0.167</value></property>
    </commonProperties>
    <dataGroup id="dg1">
        <property name="temperature"     id="x1"   label="T"    sourcetype="digitized"  units="K"  />
        <property name="ignition delay"  id="x2"   label="tau"  sourcetype="digitized"  units="us" />

        <dataPoint><x1>1752</x1>  <x2>56</x2></dataPoint>
        <dataPoint><x1>1660</x1> <x2>107</x2></dataPoint>
        <dataPoint><x1>1654</x1> <x2>123</x2></dataPoint>
        <dataPoint><x1>1580</x1> <x2>218</x2></dataPoint>
        <dataPoint><x1>1568</x1> <x2>195</x2></dataPoint>
        <dataPoint><x1>1520</x1> <x2>393</x2></dataPoint>
        <dataPoint><x1>1469</x1> <x2>673</x2></dataPoint>
        <dataPoint><x1>1462</x1> <x2>753</x2></dataPoint>
        <dataPoint><x1>1436</x1> <x2>907</x2></dataPoint>
        <dataPoint><x1>1385</x1><x2>1166</x2></dataPoint>
    </dataGroup>
    <ignitionType target="CHEX" type="baseline min intercept from d/dt"/>
</experiment>
