<experiment>
    <fileAuthor>Chemical Kinetics Laboratory, Institute of Chemistry, ELTE, Budapest, Hungary</fileAuthor>
    <fileDOI>10.24388/x10004269</fileDOI>
    <fileVersion>
        <major>2</major>
        <minor>2</minor>
    </fileVersion>
    <ReSpecThVersion>
        <major>2</major>
        <minor>3</minor>
    </ReSpecThVersion>
    <firstPublicationDate>2020-09-08</firstPublicationDate>
    <lastModificationDate>2020-11-18</lastModificationDate>
    <bibliographyLink>
        <description>Levy, Y., Olchanski, E., Sherbaum, V., Erenburg, V., Burcat, A., Journal of Propulsion and Power, 22, 669-675, 2006.</description>
        <referenceDOI>10.2514/1.12511</referenceDOI>
        <location>Main article</location>
        <table>Table 1. + Appendix mixture 12</table>
        <details>
            <author>Levy, Yeshayahou and Olchanski, Erna and Sherbaum, Valery and Erenburg, Vladimir and Burcat, Alexander</author>
            <journal>J Propul Power</journal>
            <number>3</number>
            <pages>669--676</pages>
            <title>Shock-Tube Ignition Study of Methane in Air and Recirculating Gases Mixtures</title>
            <volume>22</volume>
            <year>2006</year>
        </details>
    </bibliographyLink>
    <experimentType>ignition delay measurement</experimentType>
    <apparatus>
        <kind>shock tube</kind>
    </apparatus>
    <commonProperties>
        <property name="initial composition"  sourcetype="reported" >
            <component><speciesLink preferredKey="CH4"  CAS="74-82-8"    InChI="1S/CH4/h1H4"    SMILES="C"        chemName="methane"        /><amount units="mole fraction" >0.0236</amount></component>
            <component><speciesLink preferredKey="O2"   CAS="7782-44-7"  InChI="1S/O2/c1-2"     SMILES="O=O"      chemName="oxygen"         /><amount units="mole fraction" >0.1547</amount></component>
            <component><speciesLink preferredKey="N2"   CAS="7727-37-9"  InChI="1S/N2/c1-2"     SMILES="N#N"      chemName="nitrogen"       /><amount units="mole fraction" >0.7300</amount></component>
            <component><speciesLink preferredKey="H2O"  CAS="7732-18-5"  InChI="1S/H2O/h1H2"    SMILES="O"        chemName="water"          /><amount units="mole fraction" >0.0402</amount></component>
            <component><speciesLink preferredKey="CO2"  CAS="124-38-9"   InChI="1S/CO2/c2-1-3"  SMILES="C(=O)=O"  chemName="carbon dioxide" /><amount units="mole fraction" >0.0515</amount></component>
        </property>
    </commonProperties>
    <dataGroup id="dg1">
        <property name="temperature"                   id="x1"   label="T"    sourcetype="reported"   units="K"        />
        <property name="ignition delay"                id="x2"   label="tau"  sourcetype="reported"   units="us"       />
        <property name="pressure"                      id="x3"   label="p"    sourcetype="reported"   units="atm"      />
        <property name="evaluated standard deviation"  id="x4"   sourcetype="estimated"  units="unitless"  reference="ignition delay"  kind="relative"  method="combined from scatter and the uncertainty of conditions" />

        <dataPoint><x1>1396</x1><x2>654</x2><x3>7.06</x3><x4>0.139</x4></dataPoint>
        <dataPoint><x1>1467</x1><x2>439</x2><x3>7.71</x3><x4>0.137</x4></dataPoint>
        <dataPoint><x1>1531</x1><x2>212</x2><x3>8.39</x3><x4>0.136</x4></dataPoint>
        <dataPoint><x1>1558</x1><x2>167</x2><x3>8.68</x3><x4>0.135</x4></dataPoint>
        <dataPoint><x1>1572</x1><x2>167</x2><x3>8.83</x3><x4>0.135</x4></dataPoint>
        <dataPoint><x1>1385</x1><x2>696</x2><x3>6.88</x3><x4>0.139</x4></dataPoint>
        <dataPoint><x1>1455</x1><x2>476</x2><x3>7.59</x3><x4>0.138</x4></dataPoint>
        <dataPoint><x1>1385</x1><x2>630</x2><x3>6.88</x3><x4>0.139</x4></dataPoint>
        <dataPoint><x1>1408</x1><x2>738</x2><x3>7.10</x3><x4>0.139</x4></dataPoint>
        <dataPoint><x1>1353</x1><x2>740</x2><x3>6.55</x3><x4>0.141</x4></dataPoint>
        <dataPoint><x1>1443</x1><x2>336</x2><x3>7.46</x3><x4>0.138</x4></dataPoint>
        <dataPoint><x1>1586</x1><x2>113</x2><x3>8.99</x3><x4>0.135</x4></dataPoint>
        <dataPoint><x1>1518</x1><x2>260</x2><x3>8.25</x3><x4>0.136</x4></dataPoint>
        <dataPoint><x1>1558</x1><x2>162</x2><x3>8.68</x3><x4>0.135</x4></dataPoint>
        <dataPoint><x1>1374</x1><x2>700</x2><x3>6.77</x3> <x4>0.14</x4></dataPoint>
        <dataPoint><x1>1455</x1><x2>437</x2><x3>7.59</x3><x4>0.138</x4></dataPoint>
        <dataPoint><x1>1467</x1><x2>374</x2><x3>7.71</x3><x4>0.137</x4></dataPoint>
    </dataGroup>
    <ignitionType target="p" type="baseline min intercept from d/dt"/>
</experiment>
