<experiment>
    <fileAuthor>Chemical Kinetics Laboratory, Institute of Chemistry, ELTE, Budapest, Hungary</fileAuthor>
    <fileDOI>10.24388/x10004402</fileDOI>
    <fileVersion>
        <major>2</major>
        <minor>2</minor>
    </fileVersion>
    <ReSpecThVersion>
        <major>2</major>
        <minor>3</minor>
    </ReSpecThVersion>
    <firstPublicationDate>2020-09-08</firstPublicationDate>
    <lastModificationDate>2020-11-18</lastModificationDate>
    <bibliographyLink>
        <description>Petersen, E.L., Hall, J.M., Smith, S.D., de Vries, J., Amadio, A.R., Crofton, M.W., Journal of Engineering for Gas Turbines and Power 129, 937-944, 2007.</description>
        <referenceDOI>10.1115/1.2720543</referenceDOI>
        <location>Main article</location>
        <table>Table 1. mixture 1, Table 3.</table>
        <details>
            <author>Petersen, E L and Hall, J M and Smith, Sch D and de Vries, J and Amadio, A R and Crofton, M W</author>
            <journal>J Eng Gas Turbines Power</journal>
            <pages>937--944</pages>
            <title>Ignition of Lean Methane-Based Fuel Blends at Gas Turbine Pressures</title>
            <volume>129</volume>
            <year>2007</year>
        </details>
    </bibliographyLink>
    <experimentType>ignition delay measurement</experimentType>
    <apparatus>
        <kind>shock tube</kind>
    </apparatus>
    <commonProperties>
        <property name="initial composition"           sourcetype="reported"  >
            <component><speciesLink preferredKey="CH4"  CAS="74-82-8"    InChI="1S/CH4/h1H4"  SMILES="C"    chemName="methane"  /><amount units="mole fraction" >0.0525</amount></component>
            <component><speciesLink preferredKey="O2"   CAS="7782-44-7"  InChI="1S/O2/c1-2"   SMILES="O=O"  chemName="oxygen"   /><amount units="mole fraction" >0.2098</amount></component>
            <component><speciesLink preferredKey="N2"   CAS="7727-37-9"  InChI="1S/N2/c1-2"   SMILES="N#N"  chemName="nitrogen" /><amount units="mole fraction" >0.7377</amount></component>
        </property>
        <property name="evaluated standard deviation"  sourcetype="estimated"  units="unitless"       reference="ignition delay"  kind="relative"  method="combined from scatter and reported uncertainty" ><value>0.112</value></property>
    </commonProperties>
    <dataGroup id="dg1">
        <property name="temperature"     id="x1"   label="T"    sourcetype="reported"  units="K"   />
        <property name="pressure"        id="x2"   label="p"    sourcetype="reported"  units="atm" />
        <property name="ignition delay"  id="x3"   label="tau"  sourcetype="reported"  units="us"  />

        <dataPoint><x1>1431</x1><x2>0.92</x2><x3>2369</x3></dataPoint>
        <dataPoint><x1>1451</x1><x2>0.80</x2><x3>1951</x3></dataPoint>
        <dataPoint><x1>1526</x1><x2>0.74</x2> <x3>978</x3></dataPoint>
        <dataPoint><x1>1611</x1><x2>0.79</x2> <x3>430</x3></dataPoint>
        <dataPoint><x1>1673</x1><x2>0.73</x2> <x3>284</x3></dataPoint>
        <dataPoint><x1>1854</x1><x2>0.55</x2> <x3>106</x3></dataPoint>
        <dataPoint><x1>2001</x1><x2>0.54</x2>  <x3>56</x3></dataPoint>
    </dataGroup>
    <ignitionType target="CHEX" type="baseline min intercept from d/dt"/>
</experiment>
