<experiment>
    <fileAuthor>Chemical Kinetics Laboratory, Institute of Chemistry, ELTE, Budapest, Hungary</fileAuthor>
    <fileDOI>10.24388/x10004112</fileDOI>
    <fileVersion>
        <major>2</major>
        <minor>2</minor>
    </fileVersion>
    <ReSpecThVersion>
        <major>2</major>
        <minor>3</minor>
    </ReSpecThVersion>
    <firstPublicationDate>2020-09-08</firstPublicationDate>
    <lastModificationDate>2020-11-18</lastModificationDate>
    <bibliographyLink>
        <description>Dabora, E. K., Combustion and Flame, 24, 181-184, 1975.</description>
        <referenceDOI>10.1016/0010-2180(75)90146-7</referenceDOI>
        <location>Main article</location>
        <figure>Fig. 1. Mixture A open circle</figure>
        <details>
            <author>Dabora, E K</author>
            <journal>Combust Flame</journal>
            <pages>181--184</pages>
            <title>Effect of NO2 on the Ignition Delay of CH4-Air Mixtures</title>
            <volume>24</volume>
            <year>1975</year>
        </details>
    </bibliographyLink>
    <experimentType>ignition delay measurement</experimentType>
    <apparatus>
        <kind>shock tube</kind>
    </apparatus>
    <commonProperties>
        <property name="pressure"                      sourcetype="calculated"  units="atm"           ><value>14</value></property>
        <property name="initial composition"           sourcetype="reported"   >
            <component><speciesLink preferredKey="CH4"  CAS="74-82-8"    InChI="1S/CH4/h1H4"  SMILES="C"    chemName="methane"  /><amount units="mole fraction" >0.0971</amount></component>
            <component><speciesLink preferredKey="O2"   CAS="7782-44-7"  InChI="1S/O2/c1-2"   SMILES="O=O"  chemName="oxygen"   /><amount units="mole fraction" >0.1897</amount></component>
            <component><speciesLink preferredKey="N2"   CAS="7727-37-9"  InChI="1S/N2/c1-2"   SMILES="N#N"  chemName="nitrogen" /><amount units="mole fraction" >0.7132</amount></component>
        </property>
        <property name="evaluated standard deviation"  sourcetype="estimated"   units="unitless"       reference="ignition delay"  kind="relative"  method="combined from scatter and reported uncertainty" ><value>0.209</value></property>
    </commonProperties>
    <dataGroup id="dg1">
        <property name="temperature"     id="x1"   label="T"    sourcetype="digitized"  units="K"  />
        <property name="ignition delay"  id="x2"   label="tau"  sourcetype="digitized"  units="us" />

        <dataPoint><x1>1646.99</x1> <x2>435.53</x2></dataPoint>
        <dataPoint><x1>1620.90</x1> <x2>632.42</x2></dataPoint>
        <dataPoint><x1>1622.62</x1> <x2>705.93</x2></dataPoint>
        <dataPoint><x1>1521.30</x1> <x2>726.61</x2></dataPoint>
        <dataPoint><x1>1510.82</x1><x2>1048.20</x2></dataPoint>
        <dataPoint><x1>1497.56</x1><x2>1039.00</x2></dataPoint>
        <dataPoint><x1>1426.58</x1><x2>1069.80</x2></dataPoint>
    </dataGroup>
    <ignitionType target="p" type="d/dt max"/>
</experiment>
