<experiment>
    <fileAuthor>Chemical Kinetics Laboratory, Institute of Chemistry, ELTE, Budapest, Hungary</fileAuthor>
    <fileDOI>10.24388/x10004397</fileDOI>
    <fileVersion>
        <major>2</major>
        <minor>2</minor>
    </fileVersion>
    <ReSpecThVersion>
        <major>2</major>
        <minor>3</minor>
    </ReSpecThVersion>
    <firstPublicationDate>2020-09-08</firstPublicationDate>
    <lastModificationDate>2020-11-18</lastModificationDate>
    <bibliographyLink>
        <description>Walker, B.C., 2000, MSC Thesis.</description>
        <location>Main article</location>
        <table>Table 1. mixture 4, Table 3.</table>
        <details>
            <author>Walker, Brian Christopher</author>
            <school>B.S. University of Tennessee</school>
            <title>Shock-tube investigation of ignition delay times of blends of methane and ethane with oxygen</title>
            <year>2000</year>
        </details>
    </bibliographyLink>
    <experimentType>ignition delay measurement</experimentType>
    <apparatus>
        <kind>shock tube</kind>
    </apparatus>
    <commonProperties>
        <property name="initial composition"  sourcetype="calculated" >
            <component><speciesLink preferredKey="CH4"  CAS="74-82-8"    InChI="1S/CH4/h1H4"  SMILES="C"     chemName="methane" /><amount units="mole fraction" >0.0067</amount></component>
            <component><speciesLink preferredKey="O2"   CAS="7782-44-7"  InChI="1S/O2/c1-2"   SMILES="O=O"   chemName="oxygen"  /><amount units="mole fraction" >0.0133</amount></component>
            <component><speciesLink preferredKey="Ar"   CAS="7440-37-1"  InChI="1S/Ar"        SMILES="[Ar]"  chemName="argon"   /><amount units="mole fraction" >0.9800</amount></component>
        </property>
    </commonProperties>
    <dataGroup id="dg1">
        <property name="temperature"                   id="x1"   label="T"    sourcetype="reported"   units="K"        />
        <property name="ignition delay"                id="x2"   label="tau"  sourcetype="reported"   units="us"       />
        <property name="pressure"                      id="x3"   label="p"    sourcetype="reported"   units="atm"      />
        <property name="evaluated standard deviation"  id="x4"   sourcetype="estimated"  units="unitless"  reference="ignition delay"  kind="relative"  method="combined from scatter and the uncertainty of conditions" />

        <dataPoint><x1>2248</x1>  <x2>70</x2><x3>1.13</x3><x4>0.106</x4></dataPoint>
        <dataPoint><x1>2097</x1> <x2>138</x2><x3>1.14</x3><x4>0.109</x4></dataPoint>
        <dataPoint><x1>1994</x1> <x2>229</x2><x3>1.21</x3><x4>0.112</x4></dataPoint>
        <dataPoint><x1>1988</x1> <x2>211</x2><x3>1.19</x3><x4>0.112</x4></dataPoint>
        <dataPoint><x1>1897</x1> <x2>476</x2><x3>1.21</x3><x4>0.116</x4></dataPoint>
        <dataPoint><x1>1801</x1> <x2>831</x2><x3>1.27</x3> <x4>0.12</x4></dataPoint>
        <dataPoint><x1>1790</x1> <x2>911</x2><x3>1.20</x3> <x4>0.12</x4></dataPoint>
        <dataPoint><x1>1726</x1><x2>1447</x2><x3>1.25</x3><x4>0.124</x4></dataPoint>
    </dataGroup>
    <ignitionType target="OHEX" type="baseline min intercept from d/dt"/>
</experiment>
