<experiment>
    <fileAuthor>Chemical Kinetics Laboratory, Institute of Chemistry, ELTE, Budapest, Hungary</fileAuthor>
    <fileDOI>10.24388/x10004031</fileDOI>
    <fileVersion>
        <major>2</major>
        <minor>2</minor>
    </fileVersion>
    <ReSpecThVersion>
        <major>2</major>
        <minor>3</minor>
    </ReSpecThVersion>
    <firstPublicationDate>2020-09-08</firstPublicationDate>
    <lastModificationDate>2020-11-18</lastModificationDate>
    <bibliographyLink>
        <description>Aul, C.J., Metcalfe, W.K., Burke, S.M., Curran, H.J., Petersen, E.L., Combustion and Flame, 160, 1153-1167, 2013.</description>
        <referenceDOI>10.1016/j.combustflame.2013.01.019</referenceDOI>
        <location>Electronic Supplement</location>
        <table>Table A-2., Mixture 8</table>
        <details>
            <author>Aul, Christopher J and Metcalfe, Wayne K and Burke, Sinéad M and Curran, Henry J and Petersen, Eric L</author>
            <journal>Combust Flame</journal>
            <pages>1153--1167</pages>
            <title>Ignition and kinetic modeling of methane and ethane fuel blends with oxygen: A design of experiments approach</title>
            <volume>160</volume>
            <year>2013</year>
        </details>
    </bibliographyLink>
    <experimentType>ignition delay measurement</experimentType>
    <apparatus>
        <kind>shock tube</kind>
    </apparatus>
    <commonProperties>
        <property name="initial composition"  sourcetype="calculated" >
            <component><speciesLink preferredKey="CH4"  CAS="74-82-8"    InChI="1S/CH4/h1H4"  SMILES="C"     chemName="methane" /><amount units="mole fraction" >0.0500</amount></component>
            <component><speciesLink preferredKey="O2"   CAS="7782-44-7"  InChI="1S/O2/c1-2"   SMILES="O=O"   chemName="oxygen"  /><amount units="mole fraction" >0.2000</amount></component>
            <component><speciesLink preferredKey="Ar"   CAS="7440-37-1"  InChI="1S/Ar"        SMILES="[Ar]"  chemName="argon"   /><amount units="mole fraction" >0.7500</amount></component>
        </property>
    </commonProperties>
    <dataGroup id="dg1">
        <property name="temperature"                   id="x1"   label="T"    sourcetype="reported"   units="K"        />
        <property name="pressure"                      id="x2"   label="p"    sourcetype="reported"   units="atm"      />
        <property name="ignition delay"                id="x3"   label="tau"  sourcetype="reported"   units="us"       />
        <property name="evaluated standard deviation"  id="x4"   sourcetype="estimated"  units="unitless"  reference="ignition delay"  kind="relative"  method="generic uncertainty" />

        <dataPoint><x1>1802</x1><x2>0.76</x2><x3>152</x3>  <x4>0.1</x4></dataPoint>
        <dataPoint><x1>1731</x1><x2>0.82</x2><x3>224</x3>  <x4>0.1</x4></dataPoint>
        <dataPoint><x1>1684</x1><x2>0.85</x2><x3>304</x3><x4>0.101</x4></dataPoint>
        <dataPoint><x1>1635</x1><x2>0.88</x2><x3>400</x3><x4>0.104</x4></dataPoint>
        <dataPoint><x1>1628</x1><x2>0.85</x2><x3>486</x3><x4>0.105</x4></dataPoint>
        <dataPoint><x1>1543</x1><x2>0.87</x2><x3>876</x3><x4>0.111</x4></dataPoint>
    </dataGroup>
    <ignitionType target="p;" type="d/dt max"/>
</experiment>
