<experiment>
    <fileAuthor>Chemical Kinetics Laboratory, Institute of Chemistry, ELTE, Budapest, Hungary</fileAuthor>
    <fileDOI>10.24388/x10004142</fileDOI>
    <fileVersion>
        <major>2</major>
        <minor>2</minor>
    </fileVersion>
    <ReSpecThVersion>
        <major>2</major>
        <minor>3</minor>
    </ReSpecThVersion>
    <firstPublicationDate>2020-09-08</firstPublicationDate>
    <lastModificationDate>2020-11-18</lastModificationDate>
    <bibliographyLink>
        <description>Lifshitz, A., Scheller, K., Burcat, A., Combustion and Flame, 16, 311-321, 1971.</description>
        <referenceDOI>10.1016/s0010-2180(71)80102-5</referenceDOI>
        <location>Main article</location>
        <table>Table 3., Group 4A</table>
        <figure>Fig.4. full circle</figure>
        <details>
            <author>Lifshitz, A and Scheller, K and Burcat, A and Skinner, G B</author>
            <journal>Combust Flame</journal>
            <pages>311--321</pages>
            <title>Shock-tube investigation of ignition in methane-oxygen-argon mixtures</title>
            <volume>16</volume>
            <year>1971</year>
        </details>
    </bibliographyLink>
    <experimentType>ignition delay measurement</experimentType>
    <apparatus>
        <kind>shock tube</kind>
    </apparatus>
    <commonProperties>
        <property name="pressure"             sourcetype="calculated"  units="atm"           ><value>10.39</value></property>
        <property name="initial composition"  sourcetype="reported"   >
            <component><speciesLink preferredKey="CH4"  CAS="74-82-8"    InChI="1S/CH4/h1H4"  SMILES="C"     chemName="methane"  /><amount units="mole fraction" >0.03500</amount></component>
            <component><speciesLink preferredKey="O2"   CAS="7782-44-7"  InChI="1S/O2/c1-2"   SMILES="O=O"   chemName="oxygen"   /><amount units="mole fraction" >0.07000</amount></component>
            <component><speciesLink preferredKey="Ar"   CAS="7440-37-1"  InChI="1S/Ar"        SMILES="[Ar]"  chemName="argon"    /><amount units="mole fraction" >0.89427</amount></component>
            <component><speciesLink preferredKey="H2"   CAS="1333-74-0"  InChI="1S/H2/h1H"    SMILES="[HH]"  chemName="hydrogen" /><amount units="mole fraction" >0.00073</amount></component>
        </property>
    </commonProperties>
    <dataGroup id="dg1">
        <property name="temperature"                   id="x1"   label="T"    sourcetype="digitized"  units="K"        />
        <property name="ignition delay"                id="x2"   label="tau"  sourcetype="digitized"  units="us"       />
        <property name="evaluated standard deviation"  id="x3"   sourcetype="estimated"  units="unitless"  reference="ignition delay"  kind="relative"  method="combined from scatter and the uncertainty of conditions" />

        <dataPoint><x1>1803.5</x1> <x2>56.19</x2><x3>0.194</x3></dataPoint>
        <dataPoint><x1>1783.2</x1> <x2>58.62</x2><x3>0.197</x3></dataPoint>
        <dataPoint><x1>1756.8</x1> <x2>78.09</x2>  <x3>0.2</x3></dataPoint>
        <dataPoint><x1>1720.1</x1> <x2>83.96</x2><x3>0.205</x3></dataPoint>
        <dataPoint><x1>1694.8</x1><x2>127.10</x2><x3>0.208</x3></dataPoint>
        <dataPoint><x1>1645.6</x1><x2>200.80</x2><x3>0.216</x3></dataPoint>
        <dataPoint><x1>1630.7</x1><x2>186.50</x2><x3>0.218</x3></dataPoint>
    </dataGroup>
    <ignitionType target="p" type="d/dt max"/>
</experiment>
