<experiment>
    <fileAuthor>Chemical Kinetics Laboratory, Institute of Chemistry, ELTE, Budapest, Hungary</fileAuthor>
    <fileDOI>10.24388/x10004021</fileDOI>
    <fileVersion>
        <major>2</major>
        <minor>2</minor>
    </fileVersion>
    <ReSpecThVersion>
        <major>2</major>
        <minor>3</minor>
    </ReSpecThVersion>
    <firstPublicationDate>2020-09-08</firstPublicationDate>
    <lastModificationDate>2020-11-18</lastModificationDate>
    <bibliographyLink>
        <description>Lamoureux, N., Paillard, C.-E., Vaslier, V., Shock Waves, 11, 309-322, 2002.</description>
        <referenceDOI>10.1007/s001930100108</referenceDOI>
        <location>Main article</location>
        <table>Table 4., phi=1.0, tau_10</table>
        <figure>Fig. 1. and 2. (not used)</figure>
        <details>
            <author>Lamoureux, N and Paillard, C E and Vaslier, V</author>
            <journal>Shock Waves</journal>
            <pages>309--322</pages>
            <title>Low hydrocarbon mixtures ignition delay times investigation behind reflected shock waves</title>
            <volume>11</volume>
            <year>2002</year>
        </details>
    </bibliographyLink>
    <experimentType>ignition delay measurement</experimentType>
    <apparatus>
        <kind>shock tube</kind>
    </apparatus>
    <commonProperties>
        <property name="initial composition"           sourcetype="reported"  >
            <component><speciesLink preferredKey="CH4"  CAS="74-82-8"    InChI="1S/CH4/h1H4"  SMILES="C"     chemName="methane" /><amount units="mole fraction" >0.03667</amount></component>
            <component><speciesLink preferredKey="O2"   CAS="7782-44-7"  InChI="1S/O2/c1-2"   SMILES="O=O"   chemName="oxygen"  /><amount units="mole fraction" >0.07333</amount></component>
            <component><speciesLink preferredKey="Ar"   CAS="7440-37-1"  InChI="1S/Ar"        SMILES="[Ar]"  chemName="argon"   /><amount units="mole fraction" >0.89000</amount></component>
        </property>
        <property name="evaluated standard deviation"  sourcetype="estimated"  units="unitless"       reference="ignition delay"  kind="relative"  method="combined from scatter and reported uncertainty" ><value>0.354</value></property>
    </commonProperties>
    <dataGroup id="dg1">
        <property name="temperature"     id="x1"   label="T"    sourcetype="reported"  units="K"  />
        <property name="pressure"        id="x2"   label="p"    sourcetype="reported"  units="Pa" />
        <property name="ignition delay"  id="x3"   label="tau"  sourcetype="reported"  units="us" />

        <dataPoint><x1>1749</x1><x2>6.040e+005</x2> <x3>87</x3></dataPoint>
        <dataPoint><x1>1614</x1><x2>9.670e+005</x2><x3>177</x3></dataPoint>
        <dataPoint><x1>1668</x1><x2>1.451e+006</x2> <x3>69</x3></dataPoint>
        <dataPoint><x1>1592</x1><x2>1.545e+006</x2><x3>169</x3></dataPoint>
        <dataPoint><x1>1571</x1><x2>1.377e+006</x2><x3>194</x3></dataPoint>
    </dataGroup>
    <ignitionType target="OH;" type="relative concentration" amount="1.000000E-001" units="unitless"/>
</experiment>
