<experiment>
    <fileAuthor>Chemical Kinetics Laboratory, Institute of Chemistry, ELTE, Budapest, Hungary</fileAuthor>
    <fileDOI>10.24388/x10004416</fileDOI>
    <fileVersion>
        <major>2</major>
        <minor>2</minor>
    </fileVersion>
    <ReSpecThVersion>
        <major>2</major>
        <minor>3</minor>
    </ReSpecThVersion>
    <firstPublicationDate>2020-09-08</firstPublicationDate>
    <lastModificationDate>2020-11-18</lastModificationDate>
    <bibliographyLink>
        <description>Yu, C-L., Wang, C., Frenklach, M., Journal of Physical Chemistry, 99, 14377-14387, 1995.</description>
        <referenceDOI>10.1021/j100039a027</referenceDOI>
        <location>Main article</location>
        <table>Table 3. OH Tau 1/2 Phi=0.1</table>
        <details>
            <author>Yu, C L and Wang, C and Frenklach, M</author>
            <journal>J Phys Chem</journal>
            <pages>14377--14387</pages>
            <title>Chemical Kinetics of Methyl Oxidation by Molecular Oxygen</title>
            <volume>99</volume>
            <year>1995</year>
        </details>
    </bibliographyLink>
    <experimentType>ignition delay measurement</experimentType>
    <apparatus>
        <kind>shock tube</kind>
    </apparatus>
    <commonProperties>
        <property name="initial composition"  sourcetype="reported" >
            <component><speciesLink preferredKey="CH4"  CAS="74-82-8"    InChI="1S/CH4/h1H4"  SMILES="C"     chemName="methane" /><amount units="mole fraction" >0.005</amount></component>
            <component><speciesLink preferredKey="O2"   CAS="7782-44-7"  InChI="1S/O2/c1-2"   SMILES="O=O"   chemName="oxygen"  /><amount units="mole fraction" >0.100</amount></component>
            <component><speciesLink preferredKey="Ar"   CAS="7440-37-1"  InChI="1S/Ar"        SMILES="[Ar]"  chemName="argon"   /><amount units="mole fraction" >0.895</amount></component>
        </property>
    </commonProperties>
    <dataGroup id="dg1">
        <property name="temperature"                   id="x1"   label="T"    sourcetype="reported"   units="K"        />
        <property name="pressure"                      id="x2"   label="p"    sourcetype="reported"   units="atm"      />
        <property name="ignition delay"                id="x3"   label="tau"  sourcetype="reported"   units="us"       />
        <property name="evaluated standard deviation"  id="x4"   sourcetype="estimated"  units="unitless"  reference="ignition delay"  kind="relative"  method="combined from scatter and the uncertainty of conditions" />

        <dataPoint><x1>1538</x1><x2>2.02</x2><x3>704.3</x3><x4>0.189</x4></dataPoint>
        <dataPoint><x1>1555</x1><x2>2.01</x2><x3>730.3</x3><x4>0.188</x4></dataPoint>
        <dataPoint><x1>1568</x1><x2>1.44</x2><x3>735.0</x3><x4>0.188</x4></dataPoint>
        <dataPoint><x1>1628</x1><x2>1.45</x2><x3>525.5</x3><x4>0.188</x4></dataPoint>
        <dataPoint><x1>1630</x1><x2>2.15</x2><x3>378.5</x3><x4>0.188</x4></dataPoint>
        <dataPoint><x1>1635</x1><x2>1.47</x2><x3>522.6</x3><x4>0.188</x4></dataPoint>
        <dataPoint><x1>1636</x1><x2>2.08</x2><x3>371.1</x3><x4>0.188</x4></dataPoint>
        <dataPoint><x1>1676</x1><x2>2.17</x2><x3>274.2</x3><x4>0.188</x4></dataPoint>
        <dataPoint><x1>1726</x1><x2>2.29</x2><x3>195.0</x3><x4>0.188</x4></dataPoint>
        <dataPoint><x1>1743</x1><x2>1.51</x2><x3>230.2</x3><x4>0.188</x4></dataPoint>
        <dataPoint><x1>1752</x1><x2>1.51</x2><x3>212.5</x3><x4>0.188</x4></dataPoint>
        <dataPoint><x1>1756</x1><x2>1.57</x2><x3>235.0</x3><x4>0.188</x4></dataPoint>
        <dataPoint><x1>1769</x1><x2>2.30</x2><x3>134.1</x3><x4>0.187</x4></dataPoint>
        <dataPoint><x1>1843</x1><x2>1.60</x2><x3>136.9</x3><x4>0.187</x4></dataPoint>
        <dataPoint><x1>1852</x1><x2>2.42</x2> <x3>83.8</x3><x4>0.187</x4></dataPoint>
    </dataGroup>
    <ignitionType target="OH" type="relative concentration" amount="0.5" units="unitless"/>
</experiment>
