<experiment>
    <fileAuthor>Chemical Kinetics Laboratory, Institute of Chemistry, ELTE, Budapest, Hungary</fileAuthor>
    <fileDOI>10.24388/x10004288</fileDOI>
    <fileVersion>
        <major>2</major>
        <minor>2</minor>
    </fileVersion>
    <ReSpecThVersion>
        <major>2</major>
        <minor>3</minor>
    </ReSpecThVersion>
    <firstPublicationDate>2020-09-08</firstPublicationDate>
    <lastModificationDate>2020-11-18</lastModificationDate>
    <bibliographyLink>
        <description>Mathieu, O., Pemelton, J.M., Bourque, G., Petersen, E.L., Combustion and Flame, 162, 3053-3070, 2015.</description>
        <referenceDOI>10.1016/j.combustflame.2015.03.024</referenceDOI>
        <location>Main article + Supplement</location>
        <table>Table 1. mixture 6, Table S1</table>
        <figure>Fig. 4b. black diamond (not used)</figure>
        <details>
            <author>Mathieu, Olivier and Pemelton, John M and Bourque, Gilles and Petersen, Eric L</author>
            <journal>Combust Flame</journal>
            <pages>3053--3070</pages>
            <title>Shock-induced ignition of methane sensitized by NO2 and N2O</title>
            <volume>162</volume>
            <year>2015</year>
        </details>
    </bibliographyLink>
    <experimentType>ignition delay measurement</experimentType>
    <apparatus>
        <kind>shock tube</kind>
    </apparatus>
    <commonProperties>
        <property name="initial composition"           sourcetype="reported"  >
            <component><speciesLink preferredKey="CH4"  CAS="74-82-8"    InChI="1S/CH4/h1H4"  SMILES="C"     chemName="methane" /><amount units="mole fraction" >0.0083</amount></component>
            <component><speciesLink preferredKey="O2"   CAS="7782-44-7"  InChI="1S/O2/c1-2"   SMILES="O=O"   chemName="oxygen"  /><amount units="mole fraction" >0.0167</amount></component>
            <component><speciesLink preferredKey="Ar"   CAS="7440-37-1"  InChI="1S/Ar"        SMILES="[Ar]"  chemName="argon"   /><amount units="mole fraction" >0.9750</amount></component>
        </property>
        <property name="evaluated standard deviation"  sourcetype="estimated"  units="unitless"       reference="ignition delay"  kind="relative"  method="combined from scatter and reported uncertainty" ><value>0.186</value></property>
    </commonProperties>
    <dataGroup id="dg1">
        <property name="temperature"     id="x1"   label="T"    sourcetype="reported"  units="K"   />
        <property name="ignition delay"  id="x2"   label="tau"  sourcetype="reported"  units="us"  />
        <property name="pressure"        id="x3"   label="p"    sourcetype="reported"  units="atm" />

        <dataPoint><x1>1979</x1>  <x2>25</x2><x3>10.9</x3></dataPoint>
        <dataPoint><x1>1798</x1> <x2>140</x2><x3>11.0</x3></dataPoint>
        <dataPoint><x1>1669</x1> <x2>406</x2><x3>11.3</x3></dataPoint>
        <dataPoint><x1>1631</x1> <x2>571</x2><x3>11.8</x3></dataPoint>
        <dataPoint><x1>1603</x1> <x2>634</x2><x3>11.4</x3></dataPoint>
        <dataPoint><x1>1599</x1><x2>7651</x2><x3>11.4</x3></dataPoint>
        <dataPoint><x1>1536</x1><x2>1526</x2><x3>11.5</x3></dataPoint>
    </dataGroup>
    <ignitionType target="OHEX" type="baseline min intercept from d/dt"/>
</experiment>
