<experiment>
    <fileAuthor>Chemical Kinetics Laboratory, Institute of Chemistry, ELTE, Budapest, Hungary</fileAuthor>
    <fileDOI>10.24388/x10004082</fileDOI>
    <fileVersion>
        <major>2</major>
        <minor>2</minor>
    </fileVersion>
    <ReSpecThVersion>
        <major>2</major>
        <minor>3</minor>
    </ReSpecThVersion>
    <firstPublicationDate>2020-09-08</firstPublicationDate>
    <lastModificationDate>2020-11-18</lastModificationDate>
    <bibliographyLink>
        <description>Asaba, T., Yoneda, K., Kakihara, N., Hikita, T., Proceedings of the Combustion Institute, 9, 193-200, 1963.</description>
        <referenceDOI>10.1016/b978-1-4832-2759-7.50028-5</referenceDOI>
        <location>Main article</location>
        <figure>Fig. 7. open circle</figure>
        <details>
            <author>Asaba, T and Yoneda, K and Kakihara, N and Hikita, T</author>
            <journal>Symp (Int) Combust</journal>
            <pages>193--200</pages>
            <title>A shock tube study of ignition of methane-oxygen mixtures</title>
            <volume>9</volume>
            <year>1963</year>
        </details>
    </bibliographyLink>
    <experimentType>ignition delay measurement</experimentType>
    <apparatus>
        <kind>shock tube</kind>
    </apparatus>
    <commonProperties>
        <property name="pressure"                      sourcetype="reported"   units="atm"           ><value>7</value></property>
        <property name="initial composition"           sourcetype="reported"  >
            <component><speciesLink preferredKey="CH4"  CAS="74-82-8"    InChI="1S/CH4/h1H4"  SMILES="C"    chemName="methane" /><amount units="mole fraction" >0.5</amount></component>
            <component><speciesLink preferredKey="O2"   CAS="7782-44-7"  InChI="1S/O2/c1-2"   SMILES="O=O"  chemName="oxygen"  /><amount units="mole fraction" >0.5</amount></component>
        </property>
        <property name="evaluated standard deviation"  sourcetype="estimated"  units="unitless"       reference="ignition delay"  kind="relative"  method="statistical scatter" ><value>0.645</value></property>
    </commonProperties>
    <dataGroup id="dg1">
        <property name="temperature"     id="x1"   label="T"    sourcetype="digitized"  units="K"  />
        <property name="ignition delay"  id="x2"   label="tau"  sourcetype="digitized"  units="us" />

        <dataPoint><x1>1674.99</x1> <x2>166.55</x2></dataPoint>
        <dataPoint><x1>1748.79</x1> <x2>128.60</x2></dataPoint>
        <dataPoint><x1>1570.80</x1> <x2>269.00</x2></dataPoint>
        <dataPoint><x1>1579.62</x1> <x2>366.08</x2></dataPoint>
        <dataPoint><x1>1635.30</x1> <x2>392.80</x2></dataPoint>
        <dataPoint><x1>1674.50</x1> <x2>632.78</x2></dataPoint>
        <dataPoint><x1>1519.21</x1> <x2>398.75</x2></dataPoint>
        <dataPoint><x1>1540.21</x1> <x2>438.01</x2></dataPoint>
        <dataPoint><x1>1506.77</x1> <x2>572.93</x2></dataPoint>
        <dataPoint><x1>1510.78</x1> <x2>737.67</x2></dataPoint>
        <dataPoint><x1>1352.92</x1> <x2>533.57</x2></dataPoint>
        <dataPoint><x1>1404.02</x1> <x2>813.58</x2></dataPoint>
        <dataPoint><x1>1227.49</x1> <x2>791.86</x2></dataPoint>
        <dataPoint><x1>1260.77</x1><x2>1242.30</x2></dataPoint>
        <dataPoint><x1>1216.62</x1><x2>1659.90</x2></dataPoint>
        <dataPoint><x1>1112.06</x1><x2>1739.50</x2></dataPoint>
        <dataPoint><x1>1123.25</x1><x2>2200.00</x2></dataPoint>
        <dataPoint><x1>1107.57</x1><x2>2692.49</x2></dataPoint>
    </dataGroup>
    <ignitionType target="p" type="baseline min intercept from d/dt"/>
</experiment>
