<experiment>
    <fileAuthor>Chemical Kinetics Laboratory, Institute of Chemistry, ELTE, Budapest, Hungary</fileAuthor>
    <fileDOI>10.24388/x10004458</fileDOI>
    <fileVersion>
        <major>2</major>
        <minor>2</minor>
    </fileVersion>
    <ReSpecThVersion>
        <major>2</major>
        <minor>3</minor>
    </ReSpecThVersion>
    <firstPublicationDate>2020-09-08</firstPublicationDate>
    <lastModificationDate>2020-11-18</lastModificationDate>
    <bibliographyLink>
        <description>Gurentsov, E. V., Divakov, O. G., Eremin, A. V., High Temperature, 40, 379-386., 2002.</description>
        <referenceDOI>10.1023/A:1016012007493</referenceDOI>
        <location>Main article</location>
        <table>Table 1 and Table 2</table>
        <details>
            <author>Gurentsov, E V and Divakov, O G and Eremin, A V</author>
            <journal>High Temperature</journal>
            <pages>379--386</pages>
            <title>Ignition of Multicomponent Hydrocarbon/Air Mixtures behind Shock Waves</title>
            <volume>40</volume>
            <year>2002</year>
        </details>
    </bibliographyLink>
    <experimentType>ignition delay measurement</experimentType>
    <commonProperties>
        <property name="initial composition"           sourcetype="calculated" >
            <component><speciesLink preferredKey="CH4"  CAS="74-82-8"    InChI="1S/CH4/h1H4"  SMILES="C"    chemName="methane"  /><amount units="mole fraction" >0.0909</amount></component>
            <component><speciesLink preferredKey="O2"   CAS="7782-44-7"  InChI="1S/O2/c1-2"   SMILES="O=O"  chemName="oxygen"   /><amount units="mole fraction" >0.1818</amount></component>
            <component><speciesLink preferredKey="N2"   CAS="7727-37-9"  InChI="1S/N2/c1-2"   SMILES="N#N"  chemName="nitrogen" /><amount units="mole fraction" >0.7273</amount></component>
        </property>
        <property name="evaluated standard deviation"  sourcetype="estimated"   units="unitless"       reference="ignition delay"  kind="relative"  method="combined from scatter and reported uncertainty" ><value>0.27</value></property>
    </commonProperties>
    <dataGroup id="dg1">
        <property name="temperature"     id="x1"   label="T"    sourcetype="reported"  units="K"   />
        <property name="pressure"        id="x2"   label="p"    sourcetype="reported"  units="atm" />
        <property name="ignition delay"  id="x3"   label="tau"  sourcetype="reported"  units="us"  />

        <dataPoint><x1>1342</x1><x2>8.7</x2><x3>1600</x3></dataPoint>
        <dataPoint><x1>1440</x1><x2>5.5</x2> <x3>465</x3></dataPoint>
        <dataPoint><x1>1442</x1><x2>5.9</x2> <x3>450</x3></dataPoint>
        <dataPoint><x1>1525</x1><x2>5.6</x2> <x3>280</x3></dataPoint>
        <dataPoint><x1>1555</x1><x2>7.6</x2> <x3>220</x3></dataPoint>
        <dataPoint><x1>1585</x1><x2>4.9</x2> <x3>185</x3></dataPoint>
        <dataPoint><x1>1588</x1><x2>5.8</x2> <x3>112</x3></dataPoint>
        <dataPoint><x1>1620</x1><x2>6.4</x2> <x3>107</x3></dataPoint>
        <dataPoint><x1>1652</x1><x2>7.2</x2>  <x3>70</x3></dataPoint>
        <dataPoint><x1>1760</x1><x2>6.6</x2>  <x3>26</x3></dataPoint>
        <dataPoint><x1>1840</x1><x2>6.5</x2>  <x3>15</x3></dataPoint>
    </dataGroup>
    <ignitionType target="OHEX" type="max"/>
</experiment>
