<experiment>
    <fileAuthor>Chemical Kinetics Laboratory, Institute of Chemistry, ELTE, Budapest, Hungary</fileAuthor>
    <fileDOI>10.24388/x10004457</fileDOI>
    <fileVersion>
        <major>2</major>
        <minor>2</minor>
    </fileVersion>
    <ReSpecThVersion>
        <major>2</major>
        <minor>3</minor>
    </ReSpecThVersion>
    <firstPublicationDate>2020-09-08</firstPublicationDate>
    <lastModificationDate>2020-11-18</lastModificationDate>
    <bibliographyLink>
        <description>Gurentsov, E. V., Divakov, O. G., Eremin, A. V., High Temperature, 40, 379-386., 2002.</description>
        <referenceDOI>10.1023/A:1016012007493</referenceDOI>
        <location>Main article</location>
        <table>Table 1 and Table 2</table>
        <details>
            <author>Gurentsov, E V and Divakov, O G and Eremin, A V</author>
            <journal>High Temperature</journal>
            <pages>379--386</pages>
            <title>Ignition of Multicomponent Hydrocarbon/Air Mixtures behind Shock Waves</title>
            <volume>40</volume>
            <year>2002</year>
        </details>
    </bibliographyLink>
    <experimentType>ignition delay measurement</experimentType>
    <commonProperties>
        <property name="initial composition"           sourcetype="calculated" >
            <component><speciesLink preferredKey="CH4"  CAS="74-82-8"    InChI="1S/CH4/h1H4"  SMILES="C"     chemName="methane" /><amount units="mole fraction" >0.0909</amount></component>
            <component><speciesLink preferredKey="O2"   CAS="7782-44-7"  InChI="1S/O2/c1-2"   SMILES="O=O"   chemName="oxygen"  /><amount units="mole fraction" >0.1818</amount></component>
            <component><speciesLink preferredKey="Ar"   CAS="7440-37-1"  InChI="1S/Ar"        SMILES="[Ar]"  chemName="argon"   /><amount units="mole fraction" >0.7273</amount></component>
        </property>
        <property name="evaluated standard deviation"  sourcetype="estimated"   units="unitless"       reference="ignition delay"  kind="relative"  method="combined from scatter and reported uncertainty" ><value>0.403</value></property>
    </commonProperties>
    <dataGroup id="dg1">
        <property name="temperature"     id="x1"   label="T"    sourcetype="reported"  units="K"   />
        <property name="pressure"        id="x2"   label="p"    sourcetype="reported"  units="atm" />
        <property name="ignition delay"  id="x3"   label="tau"  sourcetype="reported"  units="us"  />

        <dataPoint><x1>1453</x1><x2>6.2</x2><x3>340</x3></dataPoint>
        <dataPoint><x1>1574</x1><x2>7.1</x2><x3>124</x3></dataPoint>
        <dataPoint><x1>1599</x1><x2>6.4</x2><x3>230</x3></dataPoint>
        <dataPoint><x1>1612</x1><x2>3.9</x2><x3>200</x3></dataPoint>
        <dataPoint><x1>1627</x1><x2>7.6</x2> <x3>66</x3></dataPoint>
        <dataPoint><x1>1728</x1><x2>4.5</x2> <x3>30</x3></dataPoint>
        <dataPoint><x1>1771</x1><x2>6.8</x2> <x3>37</x3></dataPoint>
        <dataPoint><x1>1781</x1><x2>4.4</x2> <x3>31</x3></dataPoint>
        <dataPoint><x1>1807</x1><x2>5.9</x2> <x3>22</x3></dataPoint>
        <dataPoint><x1>1835</x1><x2>4.8</x2> <x3>14</x3></dataPoint>
        <dataPoint><x1>1855</x1><x2>5.1</x2> <x3>11</x3></dataPoint>
        <dataPoint><x1>1882</x1><x2>5.0</x2> <x3>10</x3></dataPoint>
    </dataGroup>
    <ignitionType target="H2O" type="max"/>
</experiment>
