<experiment>
    <fileAuthor>Chemical Kinetics Laboratory, Institute of Chemistry, ELTE, Budapest, Hungary</fileAuthor>
    <fileDOI>10.24388/x10004137</fileDOI>
    <fileVersion>
        <major>2</major>
        <minor>2</minor>
    </fileVersion>
    <ReSpecThVersion>
        <major>2</major>
        <minor>3</minor>
    </ReSpecThVersion>
    <firstPublicationDate>2020-09-08</firstPublicationDate>
    <lastModificationDate>2020-11-18</lastModificationDate>
    <bibliographyLink>
        <description>Lifshitz, A., Scheller, K., Burcat, A., Combustion and Flame, 16, 311-321, 1971.</description>
        <referenceDOI>10.1016/s0010-2180(71)80102-5</referenceDOI>
        <location>Main article</location>
        <table>Table 2., Group 1B</table>
        <figure>Fig. 1. open square</figure>
        <details>
            <author>Lifshitz, A and Scheller, K and Burcat, A and Skinner, G B</author>
            <journal>Combust Flame</journal>
            <pages>311--321</pages>
            <title>Shock-tube investigation of ignition in methane-oxygen-argon mixtures</title>
            <volume>16</volume>
            <year>1971</year>
        </details>
    </bibliographyLink>
    <experimentType>ignition delay measurement</experimentType>
    <apparatus>
        <kind>shock tube</kind>
    </apparatus>
    <commonProperties>
        <property name="pressure"             sourcetype="calculated"  units="atm"           ><value>3.04</value></property>
        <property name="initial composition"  sourcetype="reported"   >
            <component><speciesLink preferredKey="CH4"  CAS="74-82-8"    InChI="1S/CH4/h1H4"  SMILES="C"     chemName="methane" /><amount units="mole fraction" >0.035</amount></component>
            <component><speciesLink preferredKey="O2"   CAS="7782-44-7"  InChI="1S/O2/c1-2"   SMILES="O=O"   chemName="oxygen"  /><amount units="mole fraction" >0.070</amount></component>
            <component><speciesLink preferredKey="Ar"   CAS="7440-37-1"  InChI="1S/Ar"        SMILES="[Ar]"  chemName="argon"   /><amount units="mole fraction" >0.895</amount></component>
        </property>
    </commonProperties>
    <dataGroup id="dg1">
        <property name="temperature"                   id="x1"   label="T"    sourcetype="digitized"  units="K"        />
        <property name="ignition delay"                id="x2"   label="tau"  sourcetype="digitized"  units="us"       />
        <property name="evaluated standard deviation"  id="x3"   sourcetype="estimated"  units="unitless"  reference="ignition delay"  kind="relative"  method="combined from scatter and the uncertainty of conditions" />

        <dataPoint><x1>2143.5</x1> <x2>19.82</x2><x3>0.242</x3></dataPoint>
        <dataPoint><x1>1989.6</x1> <x2>40.57</x2><x3>0.249</x3></dataPoint>
        <dataPoint><x1>1901.0</x1> <x2>78.33</x2><x3>0.254</x3></dataPoint>
        <dataPoint><x1>1841.2</x1><x2>118.30</x2><x3>0.259</x3></dataPoint>
        <dataPoint><x1>1754.2</x1><x2>254.50</x2><x3>0.266</x3></dataPoint>
        <dataPoint><x1>1734.9</x1><x2>320.70</x2><x3>0.268</x3></dataPoint>
        <dataPoint><x1>1653.3</x1><x2>520.90</x2><x3>0.277</x3></dataPoint>
        <dataPoint><x1>1599.8</x1><x2>481.70</x2><x3>0.284</x3></dataPoint>
        <dataPoint><x1>1621.8</x1><x2>721.30</x2><x3>0.281</x3></dataPoint>
    </dataGroup>
    <ignitionType target="p" type="d/dt max"/>
</experiment>
