<experiment>
    <fileAuthor>Chemical Kinetics Laboratory, Institute of Chemistry, ELTE, Budapest, Hungary</fileAuthor>
    <fileDOI>10.24388/x10004181</fileDOI>
    <fileVersion>
        <major>2</major>
        <minor>2</minor>
    </fileVersion>
    <ReSpecThVersion>
        <major>2</major>
        <minor>3</minor>
    </ReSpecThVersion>
    <firstPublicationDate>2020-09-08</firstPublicationDate>
    <lastModificationDate>2020-11-18</lastModificationDate>
    <bibliographyLink>
        <description>Zhang, Y., Jiang, X., Wei, L., Zhang, J., Tang, C., Huang, Z., International Journal of Hydrogen Energy, 37, 19168-19176, 2012.</description>
        <referenceDOI>10.1016/j.ijhydene.2012.09.056</referenceDOI>
        <location>Main article</location>
        <table>Table 1, 60 % CH4, 40 % H2</table>
        <figure>Fig. 3 c, triangle</figure>
        <details>
            <author>Zhang, Y., Jiang, X., Wei, L., Zhang, J., Tang, C., Huang, Z.</author>
            <journal>International Journal of Hydrogen Energy</journal>
            <pages>19168--19176</pages>
            <title>Experimental and modeling study on auto-ignition characteristics of methane/hydrogen blends under engine relevant pressure</title>
            <volume>37</volume>
            <year>2012</year>
        </details>
    </bibliographyLink>
    <experimentType>ignition delay measurement</experimentType>
    <apparatus>
        <kind>shock tube</kind>
    </apparatus>
    <commonProperties>
        <property name="pressure"             sourcetype="reported"  units="MPa"           ><value>1.8</value></property>
        <property name="initial composition"  sourcetype="reported" >
            <component><speciesLink preferredKey="CH4"  CAS="74-82-8"    InChI="1S/CH4/h1H4"  SMILES="C"     chemName="methane"  /><amount units="mole fraction" >0.02769</amount></component>
            <component><speciesLink preferredKey="H2"   CAS="1333-74-0"  InChI="1S/H2/h1H"    SMILES="[HH]"  chemName="hydrogen" /><amount units="mole fraction" >0.01846</amount></component>
            <component><speciesLink preferredKey="O2"   CAS="7782-44-7"  InChI="1S/O2/c1-2"   SMILES="O=O"   chemName="oxygen"   /><amount units="mole fraction" >0.03231</amount></component>
            <component><speciesLink preferredKey="Ar"   CAS="7440-37-1"  InChI="1S/Ar"        SMILES="[Ar]"  chemName="argon"    /><amount units="mole fraction" >0.92154</amount></component>
        </property>
        <property name="pressure rise"        label="dp/dt"  sourcetype="reported"  units="ms-1"          ><value>0.04</value></property>
    </commonProperties>
    <dataGroup id="dg1">
        <property name="temperature"                   id="x1"   label="T"    sourcetype="digitized"  units="K"        />
        <property name="ignition delay"                id="x2"   label="tau"  sourcetype="digitized"  units="us"       />
        <property name="evaluated standard deviation"  id="x3"   sourcetype="estimated"  units="unitless"  reference="ignition delay"  kind="relative"  method="combined from scatter and the uncertainty of conditions" />

        <dataPoint><x1>1718.7</x1>  <x2>35.105</x2><x3>0.268</x3></dataPoint>
        <dataPoint><x1>1593.0</x1> <x2>133.490</x2><x3>0.272</x3></dataPoint>
        <dataPoint><x1>1503.3</x1> <x2>335.830</x2><x3>0.276</x3></dataPoint>
        <dataPoint><x1>1335.8</x1><x2>1074.000</x2><x3>0.283</x3></dataPoint>
        <dataPoint><x1>1300.2</x1><x2>1127.300</x2><x3>0.284</x3></dataPoint>
        <dataPoint><x1>1306.2</x1><x2>1453.200</x2><x3>0.284</x3></dataPoint>
        <dataPoint><x1>1275.6</x1><x2>2268.600</x2><x3>0.285</x3></dataPoint>
        <dataPoint><x1>1226.9</x1><x2>3170.400</x2><x3>0.287</x3></dataPoint>
    </dataGroup>
    <ignitionType target="OHEX" type="baseline min intercept from d/dt"/>
</experiment>
