<experiment>
    <fileAuthor>Chemical Kinetics Laboratory, Institute of Chemistry, ELTE, Budapest, Hungary</fileAuthor>
    <fileDOI>10.24388/x10004204</fileDOI>
    <fileVersion>
        <major>2</major>
        <minor>2</minor>
    </fileVersion>
    <ReSpecThVersion>
        <major>2</major>
        <minor>3</minor>
    </ReSpecThVersion>
    <firstPublicationDate>2020-09-08</firstPublicationDate>
    <lastModificationDate>2020-11-18</lastModificationDate>
    <bibliographyLink>
        <description>Cheng, R.K., Oppenheim, A.K., Combustion and Flame, 58, 125-139, 1984.</description>
        <referenceDOI>10.1016/0010-2180(84)90088-9</referenceDOI>
        <location>Main article</location>
        <table>Table 1. mixture 2</table>
        <figure>Fig. 3. diamond</figure>
        <details>
            <author>Cheng, R K and Oppenheim, A K</author>
            <journal>Combust Flame</journal>
            <pages>125--139</pages>
            <title>Autoignition in methane-hydrogen mixtures</title>
            <volume>58</volume>
            <year>1984</year>
        </details>
    </bibliographyLink>
    <experimentType>ignition delay measurement</experimentType>
    <apparatus>
        <kind>shock tube</kind>
    </apparatus>
    <commonProperties>
        <property name="pressure"             sourcetype="reported"  units="atm"           ><value>2</value></property>
        <property name="initial composition"  sourcetype="reported" >
            <component><speciesLink preferredKey="CH4"  CAS="74-82-8"    InChI="1S/CH4/h1H4"  SMILES="C"     chemName="methane" /><amount units="mole fraction" >0.02</amount></component>
            <component><speciesLink preferredKey="O2"   CAS="7782-44-7"  InChI="1S/O2/c1-2"   SMILES="O=O"   chemName="oxygen"  /><amount units="mole fraction" >0.08</amount></component>
            <component><speciesLink preferredKey="Ar"   CAS="7440-37-1"  InChI="1S/Ar"        SMILES="[Ar]"  chemName="argon"   /><amount units="mole fraction" >0.90</amount></component>
        </property>
    </commonProperties>
    <dataGroup id="dg1">
        <property name="temperature"                   id="x1"   label="T"    sourcetype="digitized"  units="K"        />
        <property name="ignition delay"                id="x2"   label="tau"  sourcetype="digitized"  units="us"       />
        <property name="evaluated standard deviation"  id="x3"   sourcetype="estimated"  units="unitless"  reference="ignition delay"  kind="relative"  method="combined from scatter and reported uncertainty" />

        <dataPoint><x1>2159.0</x1> <x2>24.57</x2><x3>0.226</x3></dataPoint>
        <dataPoint><x1>2120.0</x1> <x2>24.41</x2><x3>0.226</x3></dataPoint>
        <dataPoint><x1>2113.3</x1> <x2>27.72</x2><x3>0.213</x3></dataPoint>
        <dataPoint><x1>2097.7</x1> <x2>28.41</x2> <x3>0.21</x3></dataPoint>
        <dataPoint><x1>2115.5</x1> <x2>30.12</x2><x3>0.205</x3></dataPoint>
        <dataPoint><x1>2111.1</x1> <x2>30.79</x2><x3>0.203</x3></dataPoint>
        <dataPoint><x1>2091.1</x1> <x2>33.44</x2><x3>0.197</x3></dataPoint>
        <dataPoint><x1>2078.1</x1> <x2>33.47</x2><x3>0.197</x3></dataPoint>
        <dataPoint><x1>2063.0</x1> <x2>34.14</x2><x3>0.195</x3></dataPoint>
        <dataPoint><x1>2084.6</x1> <x2>36.85</x2> <x3>0.19</x3></dataPoint>
        <dataPoint><x1>2052.4</x1> <x2>36.57</x2><x3>0.191</x3></dataPoint>
        <dataPoint><x1>2031.5</x1> <x2>37.32</x2><x3>0.189</x3></dataPoint>
        <dataPoint><x1>2025.3</x1> <x2>38.70</x2><x3>0.187</x3></dataPoint>
        <dataPoint><x1>2011.0</x1> <x2>42.60</x2><x3>0.182</x3></dataPoint>
        <dataPoint><x1>2035.7</x1> <x2>47.05</x2><x3>0.178</x3></dataPoint>
        <dataPoint><x1>2007.0</x1> <x2>50.74</x2><x3>0.175</x3></dataPoint>
        <dataPoint><x1>2021.2</x1> <x2>55.05</x2><x3>0.172</x3></dataPoint>
        <dataPoint><x1>1963.5</x1> <x2>49.88</x2><x3>0.175</x3></dataPoint>
        <dataPoint><x1>1985.0</x1> <x2>52.79</x2><x3>0.173</x3></dataPoint>
        <dataPoint><x1>1944.4</x1> <x2>50.18</x2><x3>0.175</x3></dataPoint>
        <dataPoint><x1>1948.2</x1> <x2>54.03</x2><x3>0.173</x3></dataPoint>
        <dataPoint><x1>1938.7</x1> <x2>54.75</x2><x3>0.172</x3></dataPoint>
        <dataPoint><x1>1925.6</x1> <x2>53.93</x2><x3>0.173</x3></dataPoint>
        <dataPoint><x1>1933.1</x1> <x2>57.35</x2><x3>0.171</x3></dataPoint>
        <dataPoint><x1>1925.6</x1> <x2>63.77</x2><x3>0.168</x3></dataPoint>
        <dataPoint><x1>1857.5</x1> <x2>62.34</x2><x3>0.169</x3></dataPoint>
        <dataPoint><x1>1927.5</x1> <x2>74.36</x2><x3>0.165</x3></dataPoint>
        <dataPoint><x1>1933.1</x1> <x2>81.00</x2><x3>0.164</x3></dataPoint>
        <dataPoint><x1>1918.2</x1> <x2>84.26</x2><x3>0.163</x3></dataPoint>
        <dataPoint><x1>1876.7</x1> <x2>80.35</x2><x3>0.164</x3></dataPoint>
        <dataPoint><x1>1859.2</x1> <x2>80.06</x2><x3>0.164</x3></dataPoint>
        <dataPoint><x1>1833.6</x1> <x2>79.64</x2><x3>0.164</x3></dataPoint>
        <dataPoint><x1>1845.5</x1> <x2>84.16</x2><x3>0.163</x3></dataPoint>
        <dataPoint><x1>1894.5</x1> <x2>92.51</x2><x3>0.162</x3></dataPoint>
        <dataPoint><x1>1869.7</x1> <x2>93.53</x2><x3>0.162</x3></dataPoint>
        <dataPoint><x1>1845.5</x1><x2>103.60</x2><x3>0.161</x3></dataPoint>
        <dataPoint><x1>1885.6</x1><x2>108.60</x2> <x3>0.16</x3></dataPoint>
        <dataPoint><x1>1852.3</x1><x2>111.30</x2> <x3>0.16</x3></dataPoint>
        <dataPoint><x1>1808.7</x1><x2>110.20</x2> <x3>0.16</x3></dataPoint>
        <dataPoint><x1>1825.2</x1><x2>118.70</x2> <x3>0.16</x3></dataPoint>
        <dataPoint><x1>1800.5</x1><x2>132.10</x2><x3>0.159</x3></dataPoint>
        <dataPoint><x1>1779.6</x1><x2>134.50</x2><x3>0.159</x3></dataPoint>
        <dataPoint><x1>1728.7</x1><x2>144.90</x2><x3>0.158</x3></dataPoint>
        <dataPoint><x1>1730.2</x1><x2>160.60</x2><x3>0.158</x3></dataPoint>
        <dataPoint><x1>1768.6</x1><x2>156.80</x2><x3>0.158</x3></dataPoint>
        <dataPoint><x1>1730.2</x1><x2>236.20</x2><x3>0.157</x3></dataPoint>
        <dataPoint><x1>1687.8</x1><x2>254.60</x2><x3>0.157</x3></dataPoint>
        <dataPoint><x1>1690.6</x1><x2>300.30</x2><x3>0.157</x3></dataPoint>
    </dataGroup>
    <ignitionType target="p" type="d/dt max"/>
</experiment>
