<experiment>
    <fileAuthor>Chemical Kinetics Laboratory, Institute of Chemistry, ELTE, Budapest, Hungary</fileAuthor>
    <fileDOI>10.24388/x10004132_4</fileDOI>
    <fileVersion>
        <major>2</major>
        <minor>2</minor>
    </fileVersion>
    <ReSpecThVersion>
        <major>2</major>
        <minor>3</minor>
    </ReSpecThVersion>
    <firstPublicationDate>2020-09-08</firstPublicationDate>
    <lastModificationDate>2020-11-18</lastModificationDate>
    <bibliographyLink>
        <description>Huang, J., Hill, P.G., Bushe, W.K., Munshi, S.R., Combustion and Flame, 136, 25-42, 2004.</description>
        <referenceDOI>10.1016/j.combustflame.2003.09.002</referenceDOI>
        <location>Main article</location>
        <table>Table 3. Mixture 1.</table>
        <details>
            <author>Huang, J and Hill, P G and Bushe, W K and Munshi, S R</author>
            <journal>Combust Flame</journal>
            <pages>25--42</pages>
            <title>Shock-tube study of methane ignition under engine-relevant conditions: experiments and modeling</title>
            <volume>136</volume>
            <year>2004</year>
        </details>
    </bibliographyLink>
    <experimentType>ignition delay measurement</experimentType>
    <apparatus>
        <kind>shock tube</kind>
    </apparatus>
    <commonProperties>
        <property name="initial composition"           sourcetype="reported"  >
            <component><speciesLink preferredKey="CH4"  CAS="74-82-8"    InChI="1S/CH4/h1H4"  SMILES="C"    chemName="methane"  /><amount units="mole fraction" >0.095</amount></component>
            <component><speciesLink preferredKey="O2"   CAS="7782-44-7"  InChI="1S/O2/c1-2"   SMILES="O=O"  chemName="oxygen"   /><amount units="mole fraction" >0.192</amount></component>
            <component><speciesLink preferredKey="N2"   CAS="7727-37-9"  InChI="1S/N2/c1-2"   SMILES="N#N"  chemName="nitrogen" /><amount units="mole fraction" >0.715</amount></component>
        </property>
        <property name="evaluated standard deviation"  sourcetype="estimated"  units="unitless"       reference="ignition delay"  kind="relative"  method="combined from scatter and reported uncertainty" ><value>0.38</value></property>
    </commonProperties>
    <dataGroup id="dg1">
        <property name="temperature"     id="x1"   label="T"    sourcetype="reported"  units="K"   />
        <property name="ignition delay"  id="x2"   label="tau"  sourcetype="reported"  units="us"  />
        <property name="pressure"        id="x3"   label="p"    sourcetype="reported"  units="atm" />

        <dataPoint><x1>1038</x1><x2>3378</x2><x3>15.9</x3></dataPoint>
        <dataPoint><x1>1084</x1><x2>1998</x2><x3>16.2</x3></dataPoint>
        <dataPoint><x1>1082</x1><x2>2172</x2><x3>16.0</x3></dataPoint>
        <dataPoint><x1>1122</x1><x2>1923</x2><x3>15.3</x3></dataPoint>
        <dataPoint><x1>1127</x1><x2>1536</x2><x3>17.0</x3></dataPoint>
        <dataPoint><x1>1181</x1><x2>1428</x2><x3>14.1</x3></dataPoint>
        <dataPoint><x1>1188</x1><x2>1530</x2><x3>17.4</x3></dataPoint>
        <dataPoint><x1>1226</x1><x2>1056</x2><x3>17.0</x3></dataPoint>
        <dataPoint><x1>1275</x1> <x2>600</x2><x3>16.4</x3></dataPoint>
        <dataPoint><x1>1348</x1> <x2>414</x2><x3>17.0</x3></dataPoint>
        <dataPoint><x1>1343</x1> <x2>444</x2><x3>17.9</x3></dataPoint>
    </dataGroup>
    <ignitionType target="p" type="baseline min intercept from d/dt"/>
</experiment>
