<experiment>
    <fileAuthor>Chemical Kinetics Laboratory, Institute of Chemistry, ELTE, Budapest, Hungary</fileAuthor>
    <fileDOI>10.24388/x10004392</fileDOI>
    <fileVersion>
        <major>2</major>
        <minor>2</minor>
    </fileVersion>
    <ReSpecThVersion>
        <major>2</major>
        <minor>3</minor>
    </ReSpecThVersion>
    <firstPublicationDate>2020-09-08</firstPublicationDate>
    <lastModificationDate>2020-11-18</lastModificationDate>
    <bibliographyLink>
        <description>Huang, J., Bushe, W.K., Combustion and Flame, 144, 74-88, 2006.</description>
        <referenceDOI>10.1016/j.combustflame.2005.06.013</referenceDOI>
        <location>Main article</location>
        <figure>Fig. 1.b. square</figure>
        <details>
            <author>Huang, J and Bushe, W K</author>
            <journal>Combust Flame</journal>
            <pages>74--88</pages>
            <title>Experimental and kinetic study of autoignition in methane/ethane/air and methane/propane/air mixtures under engine-relevant conditions</title>
            <volume>144</volume>
            <year>2006</year>
        </details>
    </bibliographyLink>
    <experimentType>ignition delay measurement</experimentType>
    <apparatus>
        <kind>shock tube</kind>
    </apparatus>
    <commonProperties>
        <property name="pressure"             sourcetype="reported"  units="bar"           ><value>40</value></property>
        <property name="initial composition"  sourcetype="reported" >
            <component><speciesLink preferredKey="CH4"  CAS="74-82-8"    InChI="1S/CH4/h1H4"  SMILES="C"    chemName="methane"  /><amount units="mole fraction" >0.09502</amount></component>
            <component><speciesLink preferredKey="O2"   CAS="7782-44-7"  InChI="1S/O2/c1-2"   SMILES="O=O"  chemName="oxygen"   /><amount units="mole fraction" >0.19005</amount></component>
            <component><speciesLink preferredKey="N2"   CAS="7727-37-9"  InChI="1S/N2/c1-2"   SMILES="N#N"  chemName="nitrogen" /><amount units="mole fraction" >0.71493</amount></component>
        </property>
    </commonProperties>
    <dataGroup id="dg1">
        <property name="temperature"                   id="x1"   label="T"    sourcetype="digitized"  units="K"        />
        <property name="ignition delay"                id="x2"   label="tau"  sourcetype="digitized"  units="us"       />
        <property name="evaluated standard deviation"  id="x3"   sourcetype="estimated"  units="unitless"  reference="ignition delay"  kind="relative"  method="combined from scatter and the uncertainty of conditions" />

        <dataPoint><x1>1298.0</x1> <x2>393.06</x2><x3>0.142</x3></dataPoint>
        <dataPoint><x1>1215.5</x1> <x2>603.74</x2><x3>0.149</x3></dataPoint>
        <dataPoint><x1>1174.7</x1> <x2>596.78</x2><x3>0.153</x3></dataPoint>
        <dataPoint><x1>1176.9</x1> <x2>625.12</x2><x3>0.153</x3></dataPoint>
        <dataPoint><x1>1172.5</x1> <x2>639.80</x2><x3>0.154</x3></dataPoint>
        <dataPoint><x1>1170.3</x1> <x2>647.26</x2><x3>0.154</x3></dataPoint>
        <dataPoint><x1>1152.1</x1> <x2>693.92</x2><x3>0.156</x3></dataPoint>
        <dataPoint><x1>1152.1</x1> <x2>710.20</x2><x3>0.156</x3></dataPoint>
        <dataPoint><x1>1117.5</x1> <x2>994.21</x2><x3>0.161</x3></dataPoint>
        <dataPoint><x1>1097.1</x1><x2>1090.90</x2><x3>0.164</x3></dataPoint>
        <dataPoint><x1>1061.9</x1><x2>1225.00</x2><x3>0.169</x3></dataPoint>
        <dataPoint><x1>1047.0</x1><x2>2239.30</x2><x3>0.172</x3></dataPoint>
        <dataPoint><x1>1024.1</x1><x2>2727.50</x2><x3>0.176</x3></dataPoint>
    </dataGroup>
    <ignitionType target="CHEX" type="baseline min intercept from d/dt"/>
</experiment>
