<experiment>
    <fileAuthor>Chemical Kinetics Laboratory, Institute of Chemistry, ELTE, Budapest, Hungary</fileAuthor>
    <fileDOI>10.24388/x10004122</fileDOI>
    <fileVersion>
        <major>2</major>
        <minor>2</minor>
    </fileVersion>
    <ReSpecThVersion>
        <major>2</major>
        <minor>3</minor>
    </ReSpecThVersion>
    <firstPublicationDate>2020-09-08</firstPublicationDate>
    <lastModificationDate>2020-11-18</lastModificationDate>
    <bibliographyLink>
        <description>Eubank, C.S., Rabinowitz, M.J., Gardiner, W.C., Zellner, R.E., Proceedings of the Combustion Institue, 18, 1767-1774, 1981.</description>
        <referenceDOI>10.1016/s0082-0784(81)80181-6</referenceDOI>
        <location>Main article</location>
        <figure>Fig. 2. circle</figure>
        <details>
            <author>Eubank, C S and Rabinowitz, M J and {Gardiner Jr}, W C and Zellner, R E</author>
            <journal>Symp (Int) Combust</journal>
            <pages>1767--1774</pages>
            <title>Shock-initiated ignition of natural gas-air mixtures</title>
            <volume>18</volume>
            <year>1981</year>
        </details>
    </bibliographyLink>
    <experimentType>ignition delay measurement</experimentType>
    <apparatus>
        <kind>shock tube</kind>
    </apparatus>
    <commonProperties>
        <property name="initial composition"           sourcetype="reported"  >
            <component><speciesLink preferredKey="CH4"  CAS="74-82-8"    InChI="1S/CH4/h1H4"  SMILES="C"     chemName="methane" /><amount units="mole fraction" >0.02</amount></component>
            <component><speciesLink preferredKey="O2"   CAS="7782-44-7"  InChI="1S/O2/c1-2"   SMILES="O=O"   chemName="oxygen"  /><amount units="mole fraction" >0.20</amount></component>
            <component><speciesLink preferredKey="Ar"   CAS="7440-37-1"  InChI="1S/Ar"        SMILES="[Ar]"  chemName="argon"   /><amount units="mole fraction" >0.78</amount></component>
        </property>
        <property name="evaluated standard deviation"  sourcetype="estimated"  units="unitless"       reference="ignition delay"  kind="relative"  method="statistical scatter" ><value>0.118</value></property>
    </commonProperties>
    <dataGroup id="dg1">
        <property name="temperature"     id="x1"   label="T"    sourcetype="digitized"   units="K"   />
        <property name="ignition delay"  id="x2"   label="tau"  sourcetype="digitized"   units="us"  />
        <property name="pressure"        id="x3"   label="p"    sourcetype="calculated"  units="atm" />

        <dataPoint><x1>1861.25</x1> <x2>19.54</x2><x3>4.581</x3></dataPoint>
        <dataPoint><x1>1696.26</x1> <x2>70.62</x2><x3>4.175</x3></dataPoint>
        <dataPoint><x1>1666.57</x1><x2>115.80</x2><x3>4.102</x3></dataPoint>
        <dataPoint><x1>1669.28</x1><x2>125.40</x2><x3>4.109</x3></dataPoint>
        <dataPoint><x1>1648.83</x1><x2>127.20</x2><x3>4.058</x3></dataPoint>
        <dataPoint><x1>1601.54</x1><x2>192.60</x2><x3>3.942</x3></dataPoint>
        <dataPoint><x1>1598.95</x1><x2>211.50</x2><x3>3.935</x3></dataPoint>
        <dataPoint><x1>1580.15</x1><x2>226.20</x2><x3>3.889</x3></dataPoint>
        <dataPoint><x1>1571.35</x1><x2>328.80</x2><x3>3.868</x3></dataPoint>
        <dataPoint><x1>1555.53</x1><x2>386.10</x2><x3>3.829</x3></dataPoint>
        <dataPoint><x1>1541.30</x1><x2>376.10</x2><x3>3.794</x3></dataPoint>
        <dataPoint><x1>1488.77</x1><x2>659.80</x2><x3>3.664</x3></dataPoint>
        <dataPoint><x1>1468.09</x1><x2>862.30</x2><x3>3.613</x3></dataPoint>
        <dataPoint><x1>1457.52</x1><x2>817.70</x2><x3>3.587</x3></dataPoint>
        <dataPoint><x1>1462.72</x1><x2>972.50</x2><x3>3.600</x3></dataPoint>
    </dataGroup>
    <ignitionType target="CH4" type="baseline max intercept from d/dt"/>
</experiment>
