<experiment>
    <fileAuthor>Chemical Kinetics Laboratory, Institute of Chemistry, ELTE, Budapest, Hungary</fileAuthor>
    <fileDOI>10.24388/x10004088</fileDOI>
    <fileVersion>
        <major>2</major>
        <minor>2</minor>
    </fileVersion>
    <ReSpecThVersion>
        <major>2</major>
        <minor>3</minor>
    </ReSpecThVersion>
    <firstPublicationDate>2020-09-08</firstPublicationDate>
    <lastModificationDate>2020-11-18</lastModificationDate>
    <bibliographyLink>
        <description>Asaba, T., Yoneda, K., Kakihara, N., Hikita, T., Proceedings of the Combustion Institute, 9, 193-200, 1963.</description>
        <referenceDOI>10.1016/b978-1-4832-2759-7.50028-5</referenceDOI>
        <location>Main article</location>
        <figure>Fig. 8. full circle</figure>
        <details>
            <author>Asaba, T and Yoneda, K and Kakihara, N and Hikita, T</author>
            <journal>Symp (Int) Combust</journal>
            <pages>193--200</pages>
            <title>A shock tube study of ignition of methane-oxygen mixtures</title>
            <volume>9</volume>
            <year>1963</year>
        </details>
    </bibliographyLink>
    <experimentType>ignition delay measurement</experimentType>
    <apparatus>
        <kind>shock tube</kind>
    </apparatus>
    <commonProperties>
        <property name="pressure"                      sourcetype="reported"   units="atm"           ><value>7</value></property>
        <property name="initial composition"           sourcetype="reported"  >
            <component><speciesLink preferredKey="CH4"  CAS="74-82-8"    InChI="1S/CH4/h1H4"  SMILES="C"    chemName="methane" /><amount units="mole fraction" >0.4</amount></component>
            <component><speciesLink preferredKey="O2"   CAS="7782-44-7"  InChI="1S/O2/c1-2"   SMILES="O=O"  chemName="oxygen"  /><amount units="mole fraction" >0.6</amount></component>
        </property>
        <property name="evaluated standard deviation"  sourcetype="estimated"  units="unitless"       reference="ignition delay"  kind="relative"  method="statistical scatter" ><value>0.28</value></property>
    </commonProperties>
    <dataGroup id="dg1">
        <property name="temperature"     id="x1"   label="T"    sourcetype="digitized"  units="K"  />
        <property name="ignition delay"  id="x2"   label="tau"  sourcetype="digitized"  units="us" />

        <dataPoint><x1>1350.280</x1> <x2>119.62</x2></dataPoint>
        <dataPoint><x1>1256.110</x1> <x2>111.28</x2></dataPoint>
        <dataPoint><x1>1199.050</x1> <x2>134.04</x2></dataPoint>
        <dataPoint><x1>1133.770</x1> <x2>206.57</x2></dataPoint>
        <dataPoint><x1>1163.720</x1> <x2>227.35</x2></dataPoint>
        <dataPoint><x1>1022.530</x1> <x2>276.65</x2></dataPoint>
        <dataPoint> <x1>933.218</x1><x2>1256.60</x2></dataPoint>
        <dataPoint> <x1>918.054</x1><x2>1672.60</x2></dataPoint>
        <dataPoint> <x1>933.157</x1><x2>2145.40</x2></dataPoint>
        <dataPoint> <x1>915.885</x1><x2>2365.30</x2></dataPoint>
    </dataGroup>
    <ignitionType target="p" type="baseline min intercept from d/dt"/>
</experiment>
