<experiment>
    <fileAuthor>Chemical Kinetics Laboratory, Institute of Chemistry, ELTE, Budapest, Hungary</fileAuthor>
    <fileDOI>10.24388/x10004234</fileDOI>
    <fileVersion>
        <major>2</major>
        <minor>2</minor>
    </fileVersion>
    <ReSpecThVersion>
        <major>2</major>
        <minor>3</minor>
    </ReSpecThVersion>
    <firstPublicationDate>2020-09-08</firstPublicationDate>
    <lastModificationDate>2020-11-18</lastModificationDate>
    <bibliographyLink>
        <description>Burke, U., Somers, K.P., OToole, P., Zinner, C.M., Marquet, N., Bourque, G., Petersen, E.L., Metcalfe, W.K., Serinyel, Z., Curran, H.J., Combustion and Flame, 162, 315-330, 2015.</description>
        <referenceDOI>10.1016/j.combustflame.2014.08.014</referenceDOI>
        <location>Main article</location>
        <table>Table 3, Mixture 1</table>
        <figure>Fig. 5 a, half full circle</figure>
        <details>
            <author>Burke, U., Somers, K.P., OToole, P., Zinner, C.M., Marquet, N., Bourque, G., Petersen, E.L., Metcalfe, W.K., Serinyel, Z., Curran, H.J.</author>
            <journal>Combust Flame</journal>
            <pages>315--330</pages>
            <title>An ignition delay and kinetic modeling study of methane, dimethyl ether, and their mixtures at high pressures</title>
            <volume>162</volume>
            <year>2015</year>
        </details>
    </bibliographyLink>
    <experimentType>ignition delay measurement</experimentType>
    <apparatus>
        <kind>shock tube</kind>
    </apparatus>
    <commonProperties>
        <property name="pressure"                      sourcetype="reported"   units="atm"           ><value>25</value></property>
        <property name="initial composition"           sourcetype="reported"  >
            <component><speciesLink preferredKey="CH4"  CAS="74-82-8"    InChI="1S/CH4/h1H4"  SMILES="C"    chemName="methane"  /><amount units="mole fraction" >0.03055</amount></component>
            <component><speciesLink preferredKey="O2"   CAS="7782-44-7"  InChI="1S/O2/c1-2"   SMILES="O=O"  chemName="oxygen"   /><amount units="mole fraction" >0.20367</amount></component>
            <component><speciesLink preferredKey="N2"   CAS="7727-37-9"  InChI="1S/N2/c1-2"   SMILES="N#N"  chemName="nitrogen" /><amount units="mole fraction" >0.76578</amount></component>
        </property>
        <property name="pressure rise"                 label="dp/dt"  sourcetype="reported"   units="ms-1"          ><value>0.02</value></property>
        <property name="evaluated standard deviation"  sourcetype="estimated"  units="unitless"       reference="ignition delay"  kind="relative"  method="generic uncertainty" ><value>0.1</value></property>
    </commonProperties>
    <dataGroup id="dg1">
        <property name="temperature"     id="x1"   label="T"    sourcetype="reported"  units="K"  />
        <property name="ignition delay"  id="x2"   label="tau"  sourcetype="reported"  units="us" />

        <dataPoint><x1>1308.6</x1> <x2>912.36</x2></dataPoint>
        <dataPoint><x1>1259.9</x1><x2>1345.10</x2></dataPoint>
        <dataPoint><x1>1241.8</x1><x2>1632.60</x2></dataPoint>
        <dataPoint><x1>1206.6</x1><x2>2161.00</x2></dataPoint>
    </dataGroup>
    <ignitionType target="p" type="baseline min intercept from d/dt"/>
</experiment>
