<experiment>
    <fileAuthor>Chemical Kinetics Laboratory, Institute of Chemistry, ELTE, Budapest, Hungary</fileAuthor>
    <fileDOI>10.24388/x10004260</fileDOI>
    <fileVersion>
        <major>2</major>
        <minor>2</minor>
    </fileVersion>
    <ReSpecThVersion>
        <major>2</major>
        <minor>3</minor>
    </ReSpecThVersion>
    <firstPublicationDate>2020-09-08</firstPublicationDate>
    <lastModificationDate>2020-11-18</lastModificationDate>
    <bibliographyLink>
        <description>Kistiakowsky, G.B., Richards, L.W., The Journal of Chemical Physics, 36, 1707-1716, 1962.</description>
        <referenceDOI>10.1063/1.1701256</referenceDOI>
        <location>Main article</location>
        <figure>Fig. 6. triangle</figure>
        <details>
            <author>Kistiakowsky, G B and Willard Richards, L</author>
            <journal>J Chem Phys</journal>
            <number>7</number>
            <pages>1707--1714</pages>
            <title>Emission of Vacuum Ultraviolet Radiation from the Acetylene-Oxygen and the Methane-Oxygen Reactions in Shock Waves</title>
            <volume>36</volume>
            <year>1962</year>
        </details>
    </bibliographyLink>
    <experimentType>ignition delay measurement</experimentType>
    <apparatus>
        <kind>shock tube</kind>
    </apparatus>
    <commonProperties>
        <property name="initial composition"           sourcetype="calculated" >
            <component><speciesLink preferredKey="CH4"  CAS="74-82-8"    InChI="1S/CH4/h1H4"  SMILES="C"     chemName="methane" /><amount units="mole fraction" >0.00909</amount></component>
            <component><speciesLink preferredKey="O2"   CAS="7782-44-7"  InChI="1S/O2/c1-2"   SMILES="O=O"   chemName="oxygen"  /><amount units="mole fraction" >0.04091</amount></component>
            <component><speciesLink preferredKey="Ar"   CAS="7440-37-1"  InChI="1S/Ar"        SMILES="[Ar]"  chemName="argon"   /><amount units="mole fraction" >0.95000</amount></component>
        </property>
        <property name="evaluated standard deviation"  sourcetype="estimated"   units="unitless"       reference="ignition delay"  kind="relative"  method="statistical scatter" ><value>0.286</value></property>
    </commonProperties>
    <dataGroup id="dg1">
        <property name="temperature"     id="x1"   label="T"    sourcetype="digitized"   units="K"   />
        <property name="ignition delay"  id="x2"   label="tau"  sourcetype="digitized"   units="us"  />
        <property name="pressure"        id="x3"   label="p"    sourcetype="calculated"  units="atm" />

        <dataPoint><x1>2564.9</x1> <x2>30.61</x2><x3>0.2417</x3></dataPoint>
        <dataPoint><x1>2287.7</x1><x2>137.12</x2><x3>0.2156</x3></dataPoint>
        <dataPoint><x1>2064.4</x1><x2>320.28</x2><x3>0.1946</x3></dataPoint>
        <dataPoint><x1>1906.6</x1><x2>560.99</x2><x3>0.1797</x3></dataPoint>
        <dataPoint><x1>1755.0</x1><x2>1143.3</x2><x3>0.1654</x3></dataPoint>
    </dataGroup>
    <ignitionType target="CHEX" type="baseline min intercept from d/dt"/>
</experiment>
