<experiment>
    <fileAuthor>Chemical Kinetics Laboratory, Institute of Chemistry, ELTE, Budapest, Hungary</fileAuthor>
    <fileDOI>10.24388/x10004044</fileDOI>
    <fileVersion>
        <major>2</major>
        <minor>2</minor>
    </fileVersion>
    <ReSpecThVersion>
        <major>2</major>
        <minor>3</minor>
    </ReSpecThVersion>
    <firstPublicationDate>2020-09-08</firstPublicationDate>
    <lastModificationDate>2020-11-18</lastModificationDate>
    <bibliographyLink>
        <description>Zhang, Y., Huang, Z., Wei, L., Zhang, J., Law, C.K., Combustion and Flame, 159, 918-931, 2012.</description>
        <referenceDOI>10.1016/j.combustflame.2011.09.010</referenceDOI>
        <location>Main article</location>
        <table>Table 1.</table>
        <figure>Fig. 6., Mixture 3.</figure>
        <details>
            <author>Zhang, Y., Huang, Z., Wei, L., Zhang, J., Law, C.K.</author>
            <journal>Combust Flame</journal>
            <pages>918--931</pages>
            <title>Experimental and modeling study on ignition delays of lean mixtures of methane, hydrogen, oxygen, and argon at elevated pressures</title>
            <volume>159</volume>
            <year>2012</year>
        </details>
    </bibliographyLink>
    <experimentType>ignition delay measurement</experimentType>
    <apparatus>
        <kind>shock tube</kind>
    </apparatus>
    <commonProperties>
        <property name="pressure"             label="P"      sourcetype="reported"  units="Pa"            ><value>5.00e+005</value></property>
        <property name="initial composition"  sourcetype="reported" >
            <component><speciesLink preferredKey="CH4"  CAS="74-82-8"    InChI="1S/CH4/h1H4"  SMILES="C"     chemName="methane"  /><amount units="mole fraction" >0.00837</amount></component>
            <component><speciesLink preferredKey="O2"   CAS="7782-44-7"  InChI="1S/O2/c1-2"   SMILES="O=O"   chemName="oxygen"   /><amount units="mole fraction" >0.03907</amount></component>
            <component><speciesLink preferredKey="H2"   CAS="1333-74-0"  InChI="1S/H2/h1H"    SMILES="[HH]"  chemName="hydrogen" /><amount units="mole fraction" >0.00558</amount></component>
            <component><speciesLink preferredKey="Ar"   CAS="7440-37-1"  InChI="1S/Ar"        SMILES="[Ar]"  chemName="argon"    /><amount units="mole fraction" >0.94698</amount></component>
        </property>
        <property name="pressure rise"        label="dp/dt"  sourcetype="reported"  units="ms-1"          ><value>0.04</value></property>
    </commonProperties>
    <dataGroup id="dg1">
        <property name="temperature"                   id="x1"   label="T"    sourcetype="digitized"  units="K"        />
        <property name="ignition delay"                id="x2"   label="tau"  sourcetype="digitized"  units="us"       />
        <property name="evaluated standard deviation"  id="x3"   sourcetype="estimated"  units="unitless"  reference="ignition delay"  kind="relative"  method="combined from scatter and the uncertainty of conditions" />

        <dataPoint><x1>1.863000e+003</x1><x2>1.961101e+001</x2><x3>0.179</x3></dataPoint>
        <dataPoint><x1>1.759000e+003</x1><x2>3.486904e+001</x2><x3>0.189</x3></dataPoint>
        <dataPoint><x1>1.698000e+003</x1><x2>3.728980e+001</x2><x3>0.196</x3></dataPoint>
        <dataPoint><x1>1.487000e+003</x1><x2>1.570182e+002</x2><x3>0.231</x3></dataPoint>
        <dataPoint><x1>1.412000e+003</x1><x2>2.901015e+002</x2><x3>0.248</x3></dataPoint>
        <dataPoint><x1>1.364000e+003</x1><x2>4.484252e+002</x2><x3>0.261</x3></dataPoint>
        <dataPoint><x1>1.293000e+003</x1><x2>9.251241e+002</x2><x3>0.283</x3></dataPoint>
        <dataPoint><x1>1.280000e+003</x1><x2>1.389537e+003</x2><x3>0.288</x3></dataPoint>
        <dataPoint><x1>1.257000e+003</x1><x2>1.445440e+003</x2><x3>0.296</x3></dataPoint>
        <dataPoint><x1>1.220000e+003</x1><x2>1.945047e+003</x2><x3>0.311</x3></dataPoint>
    </dataGroup>
    <ignitionType target="OHEX;" type="baseline min intercept from d/dt"/>
</experiment>
