<experiment>
    <fileAuthor>Chemical Kinetics Laboratory, Institute of Chemistry, ELTE, Budapest, Hungary</fileAuthor>
    <fileDOI>10.24388/x10004210</fileDOI>
    <fileVersion>
        <major>2</major>
        <minor>2</minor>
    </fileVersion>
    <ReSpecThVersion>
        <major>2</major>
        <minor>3</minor>
    </ReSpecThVersion>
    <firstPublicationDate>2020-09-08</firstPublicationDate>
    <lastModificationDate>2020-11-18</lastModificationDate>
    <bibliographyLink>
        <description>Cheng, R.K., Oppenheim, A.K., Combustion and Flame, 58, 125-139, 1984.</description>
        <referenceDOI>10.1016/0010-2180(84)90088-9</referenceDOI>
        <location>Main article</location>
        <table>Table 1. mixture 8</table>
        <figure>Fig. 7. diamond</figure>
        <details>
            <author>Cheng, R K and Oppenheim, A K</author>
            <journal>Combust Flame</journal>
            <pages>125--139</pages>
            <title>Autoignition in methane-hydrogen mixtures</title>
            <volume>58</volume>
            <year>1984</year>
        </details>
    </bibliographyLink>
    <experimentType>ignition delay measurement</experimentType>
    <apparatus>
        <kind>shock tube</kind>
    </apparatus>
    <commonProperties>
        <property name="pressure"             sourcetype="reported"  units="atm"           ><value>2</value></property>
        <property name="initial composition"  sourcetype="reported" >
            <component><speciesLink preferredKey="CH4"  CAS="74-82-8"    InChI="1S/CH4/h1H4"  SMILES="C"     chemName="methane"  /><amount units="mole fraction" >0.0167</amount></component>
            <component><speciesLink preferredKey="H2"   CAS="1333-74-0"  InChI="1S/H2/h1H"    SMILES="[HH]"  chemName="hydrogen" /><amount units="mole fraction" >0.0333</amount></component>
            <component><speciesLink preferredKey="O2"   CAS="7782-44-7"  InChI="1S/O2/c1-2"   SMILES="O=O"   chemName="oxygen"   /><amount units="mole fraction" >0.0500</amount></component>
            <component><speciesLink preferredKey="Ar"   CAS="7440-37-1"  InChI="1S/Ar"        SMILES="[Ar]"  chemName="argon"    /><amount units="mole fraction" >0.9000</amount></component>
        </property>
    </commonProperties>
    <dataGroup id="dg1">
        <property name="temperature"                   id="x1"   label="T"    sourcetype="digitized"  units="K"        />
        <property name="ignition delay"                id="x2"   label="tau"  sourcetype="digitized"  units="us"       />
        <property name="evaluated standard deviation"  id="x3"   sourcetype="estimated"  units="unitless"  reference="ignition delay"  kind="relative"  method="combined from scatter and reported uncertainty" />

        <dataPoint><x1>1835.7</x1> <x2>25.52</x2><x3>0.223</x3></dataPoint>
        <dataPoint><x1>1741.5</x1> <x2>29.68</x2><x3>0.208</x3></dataPoint>
        <dataPoint><x1>1665.7</x1> <x2>34.51</x2><x3>0.196</x3></dataPoint>
        <dataPoint><x1>1697.9</x1> <x2>37.26</x2><x3>0.191</x3></dataPoint>
        <dataPoint><x1>1615.2</x1> <x2>40.83</x2><x3>0.186</x3></dataPoint>
        <dataPoint><x1>1625.8</x1> <x2>47.72</x2><x3>0.179</x3></dataPoint>
        <dataPoint><x1>1603.1</x1> <x2>46.56</x2> <x3>0.18</x3></dataPoint>
        <dataPoint><x1>1597.9</x1> <x2>48.73</x2><x3>0.178</x3></dataPoint>
        <dataPoint><x1>1537.0</x1> <x2>51.68</x2><x3>0.176</x3></dataPoint>
        <dataPoint><x1>1549.8</x1> <x2>50.61</x2><x3>0.177</x3></dataPoint>
        <dataPoint><x1>1566.1</x1> <x2>62.26</x2><x3>0.171</x3></dataPoint>
        <dataPoint><x1>1493.9</x1> <x2>65.16</x2> <x3>0.17</x3></dataPoint>
        <dataPoint><x1>1532.3</x1> <x2>69.73</x2><x3>0.168</x3></dataPoint>
        <dataPoint><x1>1499.9</x1> <x2>84.84</x2><x3>0.165</x3></dataPoint>
        <dataPoint><x1>1397.4</x1> <x2>81.93</x2><x3>0.165</x3></dataPoint>
        <dataPoint><x1>1442.0</x1> <x2>89.94</x2><x3>0.164</x3></dataPoint>
        <dataPoint><x1>1489.5</x1> <x2>95.47</x2><x3>0.164</x3></dataPoint>
        <dataPoint><x1>1449.0</x1><x2>109.40</x2><x3>0.162</x3></dataPoint>
        <dataPoint><x1>1390.9</x1><x2>148.30</x2> <x3>0.16</x3></dataPoint>
        <dataPoint><x1>1356.8</x1><x2>172.60</x2> <x3>0.16</x3></dataPoint>
        <dataPoint><x1>1330.2</x1><x2>211.70</x2><x3>0.159</x3></dataPoint>
        <dataPoint><x1>1304.6</x1><x2>259.70</x2><x3>0.159</x3></dataPoint>
    </dataGroup>
    <ignitionType target="p" type="d/dt max"/>
</experiment>
