<experiment>
    <fileAuthor>Chemical Kinetics Laboratory, Institute of Chemistry, ELTE, Budapest, Hungary</fileAuthor>
    <fileDOI>10.24388/x10004390</fileDOI>
    <fileVersion>
        <major>2</major>
        <minor>2</minor>
    </fileVersion>
    <ReSpecThVersion>
        <major>2</major>
        <minor>3</minor>
    </ReSpecThVersion>
    <firstPublicationDate>2020-09-08</firstPublicationDate>
    <lastModificationDate>2020-11-18</lastModificationDate>
    <bibliographyLink>
        <description>Grillo, A., Slack, M.W., Combustion and Flame, 27, 377-381, 1976.</description>
        <referenceDOI>10.1016/0010-2180(76)90042-0</referenceDOI>
        <location>Main article</location>
        <table>Table 1. mixture 5</table>
        <figure>Fig. 2. full reverse triangle</figure>
        <details>
            <author>Grillo, A and Slack, M W</author>
            <journal>Combust Flame</journal>
            <pages>377--381</pages>
            <title>Shock tube study of ignition delay times in methane - oxygen - nitrogen - argon mixtures</title>
            <volume>27</volume>
            <year>1976</year>
        </details>
    </bibliographyLink>
    <experimentType>ignition delay measurement</experimentType>
    <apparatus>
        <kind>shock tube</kind>
    </apparatus>
    <commonProperties>
        <property name="pressure"             sourcetype="reported"  units="atm"           ><value>2.36</value></property>
        <property name="initial composition"  sourcetype="reported" >
            <component><speciesLink preferredKey="CH4"  CAS="74-82-8"    InChI="1S/CH4/h1H4"  SMILES="C"     chemName="methane"  /><amount units="mole fraction" >0.0169</amount></component>
            <component><speciesLink preferredKey="O2"   CAS="7782-44-7"  InChI="1S/O2/c1-2"   SMILES="O=O"   chemName="oxygen"   /><amount units="mole fraction" >0.0338</amount></component>
            <component><speciesLink preferredKey="N2"   CAS="7727-37-9"  InChI="1S/N2/c1-2"   SMILES="N#N"   chemName="nitrogen" /><amount units="mole fraction" >0.1520</amount></component>
            <component><speciesLink preferredKey="Ar"   CAS="7440-37-1"  InChI="1S/Ar"        SMILES="[Ar]"  chemName="argon"    /><amount units="mole fraction" >0.7973</amount></component>
        </property>
    </commonProperties>
    <dataGroup id="dg1">
        <property name="temperature"                   id="x1"   label="T"    sourcetype="digitized"  units="K"        />
        <property name="ignition delay"                id="x2"   label="tau"  sourcetype="digitized"  units="us"       />
        <property name="evaluated standard deviation"  id="x3"   sourcetype="estimated"  units="unitless"  reference="ignition delay"  kind="relative"  method="combined from scatter and the uncertainty of conditions" />

        <dataPoint><x1>2041.4</x1> <x2>33.65</x2><x3>0.144</x3></dataPoint>
        <dataPoint><x1>2011.1</x1> <x2>34.32</x2><x3>0.147</x3></dataPoint>
        <dataPoint><x1>2029.0</x1> <x2>37.43</x2><x3>0.145</x3></dataPoint>
        <dataPoint><x1>2005.0</x1> <x2>40.63</x2><x3>0.148</x3></dataPoint>
        <dataPoint><x1>1935.9</x1> <x2>65.55</x2><x3>0.155</x3></dataPoint>
        <dataPoint><x1>1889.8</x1> <x2>88.92</x2><x3>0.161</x3></dataPoint>
        <dataPoint><x1>1879.2</x1> <x2>95.03</x2><x3>0.162</x3></dataPoint>
        <dataPoint><x1>1840.6</x1><x2>147.20</x2><x3>0.167</x3></dataPoint>
        <dataPoint><x1>1828.2</x1><x2>149.50</x2><x3>0.169</x3></dataPoint>
        <dataPoint><x1>1806.1</x1><x2>179.40</x2><x3>0.172</x3></dataPoint>
        <dataPoint><x1>1794.2</x1><x2>191.60</x2><x3>0.174</x3></dataPoint>
        <dataPoint><x1>1747.7</x1><x2>251.90</x2><x3>0.182</x3></dataPoint>
        <dataPoint><x1>1736.5</x1><x2>261.00</x2><x3>0.183</x3></dataPoint>
        <dataPoint><x1>1699.2</x1><x2>408.30</x2> <x3>0.19</x3></dataPoint>
        <dataPoint><x1>1667.9</x1><x2>454.70</x2><x3>0.196</x3></dataPoint>
        <dataPoint><x1>1655.6</x1><x2>510.40</x2><x3>0.198</x3></dataPoint>
        <dataPoint><x1>1635.4</x1><x2>719.50</x2><x3>0.202</x3></dataPoint>
    </dataGroup>
    <ignitionType target="OHEX" type="d/dt max"/>
</experiment>
