<experiment>
    <fileAuthor>Chemical Kinetics Laboratory, Institute of Chemistry, ELTE, Budapest, Hungary</fileAuthor>
    <fileDOI>10.24388/x10004079</fileDOI>
    <fileVersion>
        <major>2</major>
        <minor>2</minor>
    </fileVersion>
    <ReSpecThVersion>
        <major>2</major>
        <minor>3</minor>
    </ReSpecThVersion>
    <firstPublicationDate>2020-09-08</firstPublicationDate>
    <lastModificationDate>2020-11-18</lastModificationDate>
    <bibliographyLink>
        <description>Krishnan, S., Ravikumar, R., Combustion Science and Technology, 24, 239-245, 1980.</description>
        <referenceDOI>10.1080/00102208008952443</referenceDOI>
        <location>Main article</location>
        <table>Table 1. Mixture 4</table>
        <figure>Figure 1B</figure>
        <details>
            <author>Krishnan, S and Ravikumar, R</author>
            <journal>Combustion Science and Technology</journal>
            <pages>239--245</pages>
            <title>Unition Delay of Methane in Reflected Shock Waves</title>
            <volume>24</volume>
            <year>1980</year>
        </details>
    </bibliographyLink>
    <experimentType>ignition delay measurement</experimentType>
    <apparatus>
        <kind>shock tube</kind>
    </apparatus>
    <commonProperties>
        <property name="pressure"                      label="p"  sourcetype="reported"   units="atm"           ><value>6</value></property>
        <property name="initial composition"           sourcetype="reported"  >
            <component><speciesLink preferredKey="CH4"  CAS="74-82-8"    InChI="1S/CH4/h1H4"  SMILES="C"     chemName="methane" /><amount units="mole fraction" >0.0250</amount></component>
            <component><speciesLink preferredKey="O2"   CAS="7782-44-7"  InChI="1S/O2/c1-2"   SMILES="O=O"   chemName="oxygen"  /><amount units="mole fraction" >0.0250</amount></component>
            <component><speciesLink preferredKey="Ar"   CAS="7440-37-1"  InChI="1S/Ar"        SMILES="[Ar]"  chemName="argon"   /><amount units="mole fraction" >0.9500</amount></component>
        </property>
        <property name="evaluated standard deviation"  sourcetype="estimated"  units="unitless"       reference="ignition delay"  kind="relative"  method="statistical scatter" ><value>0.106</value></property>
    </commonProperties>
    <dataGroup id="dg1">
        <property name="temperature"     id="x1"   label="T"    sourcetype="digitized"  units="K"  />
        <property name="ignition delay"  id="x2"   label="tau"  sourcetype="digitized"  units="us" />

        <dataPoint><x1>2.046057e+003</x1><x2>3.189407e+001</x2></dataPoint>
        <dataPoint><x1>1.999252e+003</x1><x2>3.790792e+001</x2></dataPoint>
        <dataPoint><x1>1.958783e+003</x1><x2>3.571741e+001</x2></dataPoint>
        <dataPoint><x1>1.926073e+003</x1><x2>5.456699e+001</x2></dataPoint>
        <dataPoint><x1>1.891890e+003</x1><x2>6.433984e+001</x2></dataPoint>
        <dataPoint><x1>1.859483e+003</x1><x2>8.055639e+001</x2></dataPoint>
        <dataPoint><x1>1.802806e+003</x1><x2>1.100551e+002</x2></dataPoint>
        <dataPoint><x1>1.755809e+003</x1><x2>1.515340e+002</x2></dataPoint>
        <dataPoint><x1>1.709609e+003</x1><x2>1.770354e+002</x2></dataPoint>
        <dataPoint><x1>1.671495e+003</x1><x2>2.571935e+002</x2></dataPoint>
        <dataPoint><x1>1.632477e+003</x1><x2>3.695473e+002</x2></dataPoint>
    </dataGroup>
    <ignitionType target="CHEX" type="baseline min intercept from d/dt"/>
</experiment>
