<experiment>
    <fileAuthor>Chemical Kinetics Laboratory, Institute of Chemistry, ELTE, Budapest, Hungary</fileAuthor>
    <fileDOI>10.24388/x10004151</fileDOI>
    <fileVersion>
        <major>2</major>
        <minor>2</minor>
    </fileVersion>
    <ReSpecThVersion>
        <major>2</major>
        <minor>3</minor>
    </ReSpecThVersion>
    <firstPublicationDate>2020-09-08</firstPublicationDate>
    <lastModificationDate>2020-11-18</lastModificationDate>
    <bibliographyLink>
        <description>Tsuboi, T., Wagner, Gg., Proceedings of the Combustion Institue, 15, 883-890, 1974.</description>
        <referenceDOI>10.1016/s0082-0784(75)80355-9</referenceDOI>
        <location>Main article</location>
        <figure>Fig. 2. left half full circle</figure>
        <details>
            <author>Tsuboi, T and Wagner, H Gg</author>
            <journal>Symp (Int) Combust</journal>
            <pages>883--890</pages>
            <title>Homogeneous Thermal Oxidation of Methane in Reflected Shock Waves</title>
            <volume>15</volume>
            <year>1974</year>
        </details>
    </bibliographyLink>
    <experimentType>ignition delay measurement</experimentType>
    <apparatus>
        <kind>shock tube</kind>
    </apparatus>
    <commonProperties>
        <property name="initial composition"           sourcetype="reported"  >
            <component><speciesLink preferredKey="CH4"  CAS="74-82-8"    InChI="1S/CH4/h1H4"  SMILES="C"     chemName="methane" /><amount units="mole fraction" >0.002</amount></component>
            <component><speciesLink preferredKey="O2"   CAS="7782-44-7"  InChI="1S/O2/c1-2"   SMILES="O=O"   chemName="oxygen"  /><amount units="mole fraction" >0.020</amount></component>
            <component><speciesLink preferredKey="Ar"   CAS="7440-37-1"  InChI="1S/Ar"        SMILES="[Ar]"  chemName="argon"   /><amount units="mole fraction" >0.978</amount></component>
        </property>
        <property name="evaluated standard deviation"  sourcetype="estimated"  units="unitless"       reference="ignition delay"  kind="relative"  method="statistical scatter" ><value>0.139</value></property>
    </commonProperties>
    <dataGroup id="dg1">
        <property name="temperature"     id="x1"   label="T"    sourcetype="digitized"   units="K"   />
        <property name="ignition delay"  id="x2"   label="tau"  sourcetype="digitized"   units="us"  />
        <property name="pressure"        id="x3"   label="p"    sourcetype="calculated"  units="atm" />

        <dataPoint><x1>1774.8</x1> <x2>71.09</x2><x3>13.106</x3></dataPoint>
        <dataPoint><x1>1740.5</x1> <x2>96.64</x2><x3>12.853</x3></dataPoint>
        <dataPoint><x1>1726.6</x1><x2>103.40</x2><x3>12.750</x3></dataPoint>
        <dataPoint><x1>1692.7</x1><x2>124.80</x2><x3>12.500</x3></dataPoint>
        <dataPoint><x1>1658.9</x1><x2>148.00</x2><x3>12.251</x3></dataPoint>
        <dataPoint><x1>1633.8</x1><x2>278.20</x2><x3>12.065</x3></dataPoint>
        <dataPoint><x1>1605.9</x1><x2>273.50</x2><x3>11.859</x3></dataPoint>
        <dataPoint><x1>1615.5</x1><x2>287.90</x2><x3>11.930</x3></dataPoint>
        <dataPoint><x1>1584.7</x1><x2>391.30</x2><x3>11.702</x3></dataPoint>
    </dataGroup>
    <ignitionType target="CH4" type="baseline max intercept from d/dt"/>
</experiment>
