<experiment>
    <fileAuthor>Chemical Kinetics Laboratory, Institute of Chemistry, ELTE, Budapest, Hungary</fileAuthor>
    <fileDOI>10.24388/x10004032</fileDOI>
    <fileVersion>
        <major>2</major>
        <minor>2</minor>
    </fileVersion>
    <ReSpecThVersion>
        <major>2</major>
        <minor>3</minor>
    </ReSpecThVersion>
    <firstPublicationDate>2020-09-08</firstPublicationDate>
    <lastModificationDate>2020-11-18</lastModificationDate>
    <bibliographyLink>
        <description>Aul, C.J., Metcalfe, W.K., Burke, S.M., Curran, H.J., Petersen, E.L., Combustion and Flame, 160, 1153-1167, 2013.</description>
        <referenceDOI>10.1016/j.combustflame.2013.01.019</referenceDOI>
        <location>Electronic Supplement</location>
        <table>Table A-4., Mixture 16</table>
        <details>
            <author>Aul, Christopher J and Metcalfe, Wayne K and Burke, Sinéad M and Curran, Henry J and Petersen, Eric L</author>
            <journal>Combust Flame</journal>
            <pages>1153--1167</pages>
            <title>Ignition and kinetic modeling of methane and ethane fuel blends with oxygen: A design of experiments approach</title>
            <volume>160</volume>
            <year>2013</year>
        </details>
    </bibliographyLink>
    <experimentType>ignition delay measurement</experimentType>
    <apparatus>
        <kind>shock tube</kind>
    </apparatus>
    <commonProperties>
        <property name="initial composition"  sourcetype="calculated" >
            <component><speciesLink preferredKey="CH4"  CAS="74-82-8"    InChI="1S/CH4/h1H4"  SMILES="C"     chemName="methane" /><amount units="mole fraction" >0.0250</amount></component>
            <component><speciesLink preferredKey="O2"   CAS="7782-44-7"  InChI="1S/O2/c1-2"   SMILES="O=O"   chemName="oxygen"  /><amount units="mole fraction" >0.0250</amount></component>
            <component><speciesLink preferredKey="Ar"   CAS="7440-37-1"  InChI="1S/Ar"        SMILES="[Ar]"  chemName="argon"   /><amount units="mole fraction" >0.9500</amount></component>
        </property>
    </commonProperties>
    <dataGroup id="dg1">
        <property name="temperature"                   id="x1"   label="T"    sourcetype="reported"   units="K"        />
        <property name="pressure"                      id="x2"   label="p"    sourcetype="reported"   units="atm"      />
        <property name="ignition delay"                id="x3"   label="tau"  sourcetype="reported"   units="us"       />
        <property name="evaluated standard deviation"  id="x4"   sourcetype="estimated"  units="unitless"  reference="ignition delay"  kind="relative"  method="combined from scatter and the uncertainty of conditions" />

        <dataPoint><x1>1775</x1><x2>27.87</x2> <x3>135</x3><x4>0.123</x4></dataPoint>
        <dataPoint><x1>1713</x1><x2>27.37</x2> <x3>209</x3><x4>0.126</x4></dataPoint>
        <dataPoint><x1>1626</x1><x2>26.75</x2> <x3>475</x3><x4>0.131</x4></dataPoint>
        <dataPoint><x1>1597</x1><x2>28.26</x2> <x3>520</x3><x4>0.132</x4></dataPoint>
        <dataPoint><x1>1589</x1><x2>28.23</x2> <x3>610</x3><x4>0.133</x4></dataPoint>
        <dataPoint><x1>1533</x1><x2>28.25</x2> <x3>825</x3><x4>0.137</x4></dataPoint>
        <dataPoint><x1>1496</x1><x2>28.31</x2><x3>1131</x3> <x4>0.14</x4></dataPoint>
        <dataPoint><x1>1470</x1><x2>29.00</x2><x3>1817</x3><x4>0.143</x4></dataPoint>
    </dataGroup>
    <ignitionType target="p;" type="d/dt max"/>
</experiment>
