<experiment>
    <fileAuthor>Chemical Kinetics Laboratory, Institute of Chemistry, ELTE, Budapest, Hungary</fileAuthor>
    <fileDOI>10.24388/x10004399</fileDOI>
    <fileVersion>
        <major>2</major>
        <minor>2</minor>
    </fileVersion>
    <ReSpecThVersion>
        <major>2</major>
        <minor>3</minor>
    </ReSpecThVersion>
    <firstPublicationDate>2020-09-08</firstPublicationDate>
    <lastModificationDate>2020-11-18</lastModificationDate>
    <bibliographyLink>
        <description>Huang, J., Bushe, W.K., Hill, P.G., Munshi, S.R., International Journal of Chemical Kinetics, 38, 221-233, 2006.</description>
        <referenceDOI>10.1002/kin.20157</referenceDOI>
        <location>Main article</location>
        <table>Table 1. mixture 1, Table 3. about 16 atm</table>
        <details>
            <author>Huang, J and Bushe, W K and Hill, P G and Munshi, S R</author>
            <journal>Int J Chem Kinet</journal>
            <pages>221--233</pages>
            <title>Experimental and Kinetic Study of Shock Initiated Ignition in Homogeneous Methane--Hydrogen--Air Mixtures at Engine-Relevant Conditions</title>
            <volume>38</volume>
            <year>2006</year>
        </details>
    </bibliographyLink>
    <experimentType>ignition delay measurement</experimentType>
    <apparatus>
        <kind>shock tube</kind>
    </apparatus>
    <commonProperties>
        <property name="initial composition"  sourcetype="reported" >
            <component><speciesLink preferredKey="CH4"  CAS="74-82-8"    InChI="1S/CH4/h1H4"  SMILES="C"     chemName="methane"  /><amount units="mole fraction" >0.090</amount></component>
            <component><speciesLink preferredKey="O2"   CAS="7782-44-7"  InChI="1S/O2/c1-2"   SMILES="O=O"   chemName="oxygen"   /><amount units="mole fraction" >0.188</amount></component>
            <component><speciesLink preferredKey="N2"   CAS="7727-37-9"  InChI="1S/N2/c1-2"   SMILES="N#N"   chemName="nitrogen" /><amount units="mole fraction" >0.706</amount></component>
            <component><speciesLink preferredKey="H2"   CAS="1333-74-0"  InChI="1S/H2/h1H"    SMILES="[HH]"  chemName="hydrogen" /><amount units="mole fraction" >0.016</amount></component>
        </property>
    </commonProperties>
    <dataGroup id="dg1">
        <property name="temperature"                   id="x1"   label="T"    sourcetype="reported"   units="K"        />
        <property name="ignition delay"                id="x2"   label="tau"  sourcetype="reported"   units="us"       />
        <property name="pressure"                      id="x3"   label="p"    sourcetype="reported"   units="atm"      />
        <property name="evaluated standard deviation"  id="x4"   sourcetype="estimated"  units="unitless"  reference="ignition delay"  kind="relative"  method="combined from scatter and the uncertainty of conditions" />

        <dataPoint><x1>1307</x1> <x2>462</x2><x3>17.0</x3><x4>0.126</x4></dataPoint>
        <dataPoint><x1>1284</x1> <x2>552</x2><x3>17.2</x3><x4>0.127</x4></dataPoint>
        <dataPoint><x1>1239</x1> <x2>738</x2><x3>16.0</x3> <x4>0.13</x4></dataPoint>
        <dataPoint><x1>1213</x1> <x2>840</x2><x3>16.4</x3><x4>0.132</x4></dataPoint>
        <dataPoint><x1>1178</x1><x2>1170</x2><x3>17.2</x3><x4>0.134</x4></dataPoint>
        <dataPoint><x1>1155</x1><x2>1014</x2><x3>14.8</x3><x4>0.137</x4></dataPoint>
        <dataPoint><x1>1146</x1><x2>1152</x2><x3>17.5</x3><x4>0.137</x4></dataPoint>
        <dataPoint><x1>1096</x1><x2>1676</x2><x3>18.8</x3><x4>0.143</x4></dataPoint>
    </dataGroup>
    <ignitionType target="p" type="baseline min intercept from d/dt"/>
</experiment>
