<experiment>
    <fileAuthor>Chemical Kinetics Laboratory, Institute of Chemistry, ELTE, Budapest, Hungary</fileAuthor>
    <fileDOI>10.24388/x10004190</fileDOI>
    <fileVersion>
        <major>2</major>
        <minor>2</minor>
    </fileVersion>
    <ReSpecThVersion>
        <major>2</major>
        <minor>3</minor>
    </ReSpecThVersion>
    <firstPublicationDate>2020-09-08</firstPublicationDate>
    <lastModificationDate>2020-11-18</lastModificationDate>
    <bibliographyLink>
        <description>Zhukov, V.P., Sechenov, V.A., Starikovskii, A. Yu., Combustion, Explosion, and Shock Waves, 39, 487-495, 2003.</description>
        <referenceDOI>10.1023/A:1026186231905</referenceDOI>
        <location>Main article</location>
        <table>Table 1 p 2.54-4.27 atm</table>
        <details>
            <author>Zhukov, V P and Sechenov, V A and Starikovskii, A Yu</author>
            <journal>Combust Explos Shock Waves</journal>
            <pages>487--495</pages>
            <title>Spontaneous Ignition of Methane-Air Mixtures in a Wide Range of Pressures</title>
            <volume>39</volume>
            <year>2003</year>
        </details>
    </bibliographyLink>
    <experimentType>ignition delay measurement</experimentType>
    <apparatus>
        <kind>shock tube</kind>
    </apparatus>
    <commonProperties>
        <property name="initial composition"  sourcetype="calculated" >
            <component><speciesLink preferredKey="CH4"  CAS="74-82-8"    InChI="1S/CH4/h1H4"  SMILES="C"    chemName="methane"  /><amount units="mole fraction" >0.0499</amount></component>
            <component><speciesLink preferredKey="O2"   CAS="7782-44-7"  InChI="1S/O2/c1-2"   SMILES="O=O"  chemName="oxygen"   /><amount units="mole fraction" >0.1994</amount></component>
            <component><speciesLink preferredKey="N2"   CAS="7727-37-9"  InChI="1S/N2/c1-2"   SMILES="N#N"  chemName="nitrogen" /><amount units="mole fraction" >0.7507</amount></component>
        </property>
    </commonProperties>
    <dataGroup id="dg1">
        <property name="temperature"                   id="x1"   label="T"          sourcetype="reported"   units="K"        />
        <property name="ignition delay"                id="x2"   label="tau"        sourcetype="reported"   units="us"       />
        <property name="pressure"                      id="x3"   label="p"          sourcetype="reported"   units="atm"      />
        <property name="uncertainty"                   id="x4"   label="d_tau_obs"  sourcetype="reported"   units="us"        reference="ignition delay"  kind="absolute"  bound="plusminus" />
        <property name="evaluated standard deviation"  id="x5"   sourcetype="estimated"  units="unitless"  reference="ignition delay"  kind="relative"  method="combined from scatter and the uncertainty of conditions" />

        <dataPoint><x1>1688</x1> <x2>77</x2><x3>2.54</x3> <x4>5</x4><x5>0.223</x5></dataPoint>
        <dataPoint><x1>1661</x1><x2>101</x2><x3>2.95</x3> <x4>3</x4><x5>0.226</x5></dataPoint>
        <dataPoint><x1>1537</x1><x2>262</x2><x3>3.21</x3> <x4>4</x4> <x5>0.24</x5></dataPoint>
        <dataPoint><x1>1584</x1><x2>189</x2><x3>3.44</x3><x4>20</x4><x5>0.235</x5></dataPoint>
        <dataPoint><x1>1644</x1><x2>100</x2><x3>3.76</x3> <x4>2</x4><x5>0.228</x5></dataPoint>
        <dataPoint><x1>1487</x1><x2>343</x2><x3>3.91</x3> <x4>4</x4><x5>0.247</x5></dataPoint>
        <dataPoint><x1>1525</x1><x2>257</x2><x3>4.24</x3> <x4>4</x4><x5>0.242</x5></dataPoint>
        <dataPoint><x1>1715</x1> <x2>61</x2><x3>4.56</x3><x4>10</x4> <x5>0.22</x5></dataPoint>
        <dataPoint><x1>1409</x1><x2>445</x2><x3>2.93</x3> <x4>3</x4><x5>0.258</x5></dataPoint>
        <dataPoint><x1>1653</x1><x2>101</x2><x3>3.16</x3><x4>10</x4><x5>0.227</x5></dataPoint>
        <dataPoint><x1>1536</x1><x2>292</x2><x3>3.42</x3> <x4>5</x4><x5>0.241</x5></dataPoint>
        <dataPoint><x1>1466</x1><x2>365</x2><x3>3.45</x3> <x4>6</x4> <x5>0.25</x5></dataPoint>
        <dataPoint><x1>1585</x1><x2>195</x2><x3>3.86</x3><x4>20</x4><x5>0.235</x5></dataPoint>
        <dataPoint><x1>1583</x1><x2>149</x2><x3>4,00</x3><x4>13</x4><x5>0.235</x5></dataPoint>
        <dataPoint><x1>1531</x1><x2>213</x2><x3>4.27</x3><x4>15</x4><x5>0.241</x5></dataPoint>
    </dataGroup>
    <ignitionType target="OHEX" type="d/dt max"/>
</experiment>
