<experiment>
    <fileAuthor>Chemical Kinetics Laboratory, Institute of Chemistry, ELTE, Budapest, Hungary</fileAuthor>
    <fileDOI>10.24388/x10004520</fileDOI>
    <fileVersion>
        <major>2</major>
        <minor>2</minor>
    </fileVersion>
    <ReSpecThVersion>
        <major>2</major>
        <minor>3</minor>
    </ReSpecThVersion>
    <firstPublicationDate>2020-09-08</firstPublicationDate>
    <lastModificationDate>2020-11-18</lastModificationDate>
    <bibliographyLink>
        <description>V.V. Leschevich, V.V. Martynenko, O.G. Penyazkov, K.L. Sevrouk, S.I. Shabunya, Shock Waves, 2016, 26, 657-672</description>
        <referenceDOI>10.1007/s00193-016-0665-9</referenceDOI>
        <location>Main article; Table 2, phi = 1.0, p = 8.01 to 6.28 atm, tau measured by CH</location>
        <table>Table 2, phi = 1.0, p = 8.01 to 6.28 atm, tau measured by CH</table>
        <figure>Fig. 3 (a) open circle (not used)</figure>
        <details>
            <author>V.V. Leschevich, V.V. Martynenko, O.G. Penyazkov, K.L. Sevrouk, S.I. Shabunya</author>
            <journal>Shock Waves</journal>
            <pages>657--672</pages>
            <title>Auto-ignitions of a methane/air mixture at high and intermediate temperatures</title>
            <volume>26</volume>
            <year>2016</year>
        </details>
    </bibliographyLink>
    <experimentType>ignition delay measurement</experimentType>
    <apparatus>
        <kind>shock tube</kind>
        <mode>reflected</mode>
    </apparatus>
    <commonProperties>
        <property name="equivalence ratio"             label="phi"  sourcetype="reported"   units="unitless"      ><value>1.0</value></property>
        <property name="initial composition"           sourcetype="estimated" >
            <component><speciesLink preferredKey="CH4"  CAS="74-82-8"    InChI="1S/CH4/h1H4"  SMILES="C"    chemName="methane"  /><amount units="mole fraction" >0.0950</amount></component>
            <component><speciesLink preferredKey="O2"   CAS="7782-44-7"  InChI="1S/O2/c1-2"   SMILES="O=O"  chemName="oxygen"   /><amount units="mole fraction" >0.1900</amount></component>
            <component><speciesLink preferredKey="N2"   CAS="7727-37-9"  InChI="1S/N2/c1-2"   SMILES="N#N"  chemName="nitrogen" /><amount units="mole fraction" >0.7149</amount></component>
        </property>
        <property name="evaluated standard deviation"  sourcetype="estimated"  units="unitless"       reference="ignition delay"  kind="relative"  method="combined from scatter and reported uncertainty" ><value>0.241</value></property>
    </commonProperties>
    <dataGroup id="dg1">
        <property name="pressure"        id="x1"   label="p"    sourcetype="reported"  units="atm" />
        <property name="temperature"     id="x2"   label="T"    sourcetype="reported"  units="K"   />
        <property name="ignition delay"  id="x3"   label="tau"  sourcetype="reported"  units="us"  />

        <dataPoint><x1>8.01</x1><x2>1479</x2>  <x3>9.0</x3></dataPoint>
        <dataPoint><x1>7.94</x1><x2>1364</x2> <x3>20.5</x3></dataPoint>
        <dataPoint><x1>7.36</x1><x2>1312</x2> <x3>43.0</x3></dataPoint>
        <dataPoint><x1>7.24</x1><x2>1279</x2> <x3>86.0</x3></dataPoint>
        <dataPoint><x1>6.57</x1><x2>1219</x2><x3>225.0</x3></dataPoint>
        <dataPoint><x1>6.40</x1><x2>1167</x2><x3>546.0</x3></dataPoint>
        <dataPoint><x1>6.28</x1><x2>1123</x2><x3>908.0</x3></dataPoint>
    </dataGroup>
    <ignitionType target="CHEX" type="relative concentration" amount="0.05" units="unitless"/>
</experiment>
