<experiment>
    <fileAuthor>Chemical Kinetics Laboratory, Institute of Chemistry, ELTE, Budapest, Hungary</fileAuthor>
    <fileDOI>10.24388/x10004165</fileDOI>
    <fileVersion>
        <major>2</major>
        <minor>2</minor>
    </fileVersion>
    <ReSpecThVersion>
        <major>2</major>
        <minor>3</minor>
    </ReSpecThVersion>
    <firstPublicationDate>2020-09-08</firstPublicationDate>
    <lastModificationDate>2020-11-18</lastModificationDate>
    <bibliographyLink>
        <description>Tsuboi, T., Katoh, M., Japanese Journal of Applied Physics, 24, 1697-1702, 1985.</description>
        <referenceDOI>10.1143/jjap.24.1697</referenceDOI>
        <location>Main article</location>
        <table>Table 1. Mixture 6</table>
        <figure>Fig. 2. right half full circle</figure>
        <details>
            <author>Tsuboi, Takao and Katoh, Masataka</author>
            <journal>Japanese Journal of Applied Physics</journal>
            <number>12</number>
            <pages>1697--1702</pages>
            <title>On Induction Periods of Shock-Heated Methane-Oxygen-Argon-Mixtures</title>
            <volume>24</volume>
            <year>1985</year>
        </details>
    </bibliographyLink>
    <experimentType>ignition delay measurement</experimentType>
    <apparatus>
        <kind>shock tube</kind>
    </apparatus>
    <commonProperties>
        <property name="initial composition"           sourcetype="reported"  >
            <component><speciesLink preferredKey="CH4"  CAS="74-82-8"    InChI="1S/CH4/h1H4"  SMILES="C"     chemName="methane" /><amount units="mole fraction" >0.05</amount></component>
            <component><speciesLink preferredKey="O2"   CAS="7782-44-7"  InChI="1S/O2/c1-2"   SMILES="O=O"   chemName="oxygen"  /><amount units="mole fraction" >0.10</amount></component>
            <component><speciesLink preferredKey="Ar"   CAS="7440-37-1"  InChI="1S/Ar"        SMILES="[Ar]"  chemName="argon"   /><amount units="mole fraction" >0.85</amount></component>
        </property>
        <property name="evaluated standard deviation"  sourcetype="estimated"  units="unitless"       reference="ignition delay"  kind="relative"  method="statistical scatter" ><value>0.386</value></property>
    </commonProperties>
    <dataGroup id="dg1">
        <property name="temperature"     id="x1"   label="T"    sourcetype="digitized"   units="K"   />
        <property name="ignition delay"  id="x2"   label="tau"  sourcetype="digitized"   units="us"  />
        <property name="pressure"        id="x3"   label="p"    sourcetype="calculated"  units="atm" />

        <dataPoint><x1>1969.0</x1>  <x2>42.050</x2><x3>1.615</x3></dataPoint>
        <dataPoint><x1>1918.5</x1>  <x2>45.637</x2><x3>1.574</x3></dataPoint>
        <dataPoint><x1>1875.6</x1>  <x2>56.959</x2><x3>1.539</x3></dataPoint>
        <dataPoint><x1>1682.1</x1> <x2>336.980</x2><x3>1.380</x3></dataPoint>
        <dataPoint><x1>1604.7</x1><x2>1867.700</x2><x3>1.316</x3></dataPoint>
    </dataGroup>
    <ignitionType target="CH4" type="baseline max intercept from d/dt"/>
</experiment>
