<experiment>
    <fileAuthor>Chemical Kinetics Laboratory, Institute of Chemistry, ELTE, Budapest, Hungary</fileAuthor>
    <fileDOI>10.24388/x10004462</fileDOI>
    <fileVersion>
        <major>2</major>
        <minor>2</minor>
    </fileVersion>
    <ReSpecThVersion>
        <major>2</major>
        <minor>3</minor>
    </ReSpecThVersion>
    <firstPublicationDate>2020-09-08</firstPublicationDate>
    <lastModificationDate>2020-11-18</lastModificationDate>
    <bibliographyLink>
        <description>Koroglu, B., Pryor, O. M., Lopez, J., Nash, L., Vasu, S. S., Combustion and Flame, 164, 152-163, 2016.</description>
        <referenceDOI>10.1016/j.combustflame.2015.11.011</referenceDOI>
        <location>Main article</location>
        <table>Table 2.</table>
        <details>
            <author>Koroglu, Batikan and Pryor, Owen M and Lopez, Joseph and Nash, Leigh and Vasu, Subith S</author>
            <journal>Combust Flame</journal>
            <pages>152--163</pages>
            <title>Shock tube ignition delay times and methane time-histories measurements during excess CO2 diluted oxy-methane combustion</title>
            <volume>164</volume>
            <year>2016</year>
        </details>
    </bibliographyLink>
    <experimentType>ignition delay measurement</experimentType>
    <commonProperties>
        <property name="initial composition"           sourcetype="reported"  >
            <component><speciesLink preferredKey="CH4"  CAS="74-82-8"    InChI="1S/CH4/h1H4"  SMILES="C"     chemName="methane" /><amount units="mole fraction" >0.035</amount></component>
            <component><speciesLink preferredKey="O2"   CAS="7782-44-7"  InChI="1S/O2/c1-2"   SMILES="O=O"   chemName="oxygen"  /><amount units="mole fraction" >0.070</amount></component>
            <component><speciesLink preferredKey="Ar"   CAS="7440-37-1"  InChI="1S/Ar"        SMILES="[Ar]"  chemName="argon"   /><amount units="mole fraction" >0.895</amount></component>
        </property>
        <property name="evaluated standard deviation"  sourcetype="estimated"  units="unitless"       reference="ignition delay"  kind="relative"  method="combined from scatter and reported uncertainty" ><value>0.19</value></property>
    </commonProperties>
    <dataGroup id="dg1">
        <property name="pressure"        id="x1"   label="p"    sourcetype="reported"  units="atm" />
        <property name="temperature"     id="x2"   label="T"    sourcetype="reported"  units="K"   />
        <property name="ignition delay"  id="x3"   label="tau"  sourcetype="reported"  units="us"  />

        <dataPoint><x1>0.882</x1><x2>1577</x2><x3>2142.2</x3></dataPoint>
        <dataPoint><x1>0.870</x1><x2>1663</x2> <x3>980.5</x3></dataPoint>
        <dataPoint><x1>0.871</x1><x2>1792</x2> <x3>352.1</x3></dataPoint>
        <dataPoint><x1>0.835</x1><x2>1891</x2> <x3>194.9</x3></dataPoint>
        <dataPoint><x1>0.886</x1><x2>2144</x2>  <x3>38.5</x3></dataPoint>
    </dataGroup>
    <ignitionType target="CHEX" type="baseline min intercept from d/dt"/>
</experiment>
