<experiment>
    <fileAuthor>Chemical Kinetics Laboratory, Institute of Chemistry, ELTE, Budapest, Hungary</fileAuthor>
    <fileDOI>10.24388/x10004039</fileDOI>
    <fileVersion>
        <major>2</major>
        <minor>2</minor>
    </fileVersion>
    <ReSpecThVersion>
        <major>2</major>
        <minor>3</minor>
    </ReSpecThVersion>
    <firstPublicationDate>2020-09-08</firstPublicationDate>
    <lastModificationDate>2020-11-18</lastModificationDate>
    <bibliographyLink>
        <description>Zhang, Y., Huang, Z., Wei, L., Zhang, J., Law, C.K., Combustion and Flame, 159, 918-931, 2012.</description>
        <referenceDOI>10.1016/j.combustflame.2011.09.010</referenceDOI>
        <location>Main article</location>
        <table>Table 1.</table>
        <figure>Fig. 4., Mixture 1.</figure>
        <details>
            <author>Zhang, Y., Huang, Z., Wei, L., Zhang, J., Law, C.K.</author>
            <journal>Combust Flame</journal>
            <pages>918--931</pages>
            <title>Experimental and modeling study on ignition delays of lean mixtures of methane, hydrogen, oxygen, and argon at elevated pressures</title>
            <volume>159</volume>
            <year>2012</year>
        </details>
    </bibliographyLink>
    <experimentType>ignition delay measurement</experimentType>
    <apparatus>
        <kind>shock tube</kind>
    </apparatus>
    <commonProperties>
        <property name="pressure"             label="P"      sourcetype="reported"  units="Pa"            ><value>1.00e+006</value></property>
        <property name="initial composition"  sourcetype="reported" >
            <component><speciesLink preferredKey="CH4"  CAS="74-82-8"    InChI="1S/CH4/h1H4"  SMILES="C"     chemName="methane" /><amount units="mole fraction" >0.00998</amount></component>
            <component><speciesLink preferredKey="O2"   CAS="7782-44-7"  InChI="1S/O2/c1-2"   SMILES="O=O"   chemName="oxygen"  /><amount units="mole fraction" >0.03990</amount></component>
            <component><speciesLink preferredKey="Ar"   CAS="7440-37-1"  InChI="1S/Ar"        SMILES="[Ar]"  chemName="argon"   /><amount units="mole fraction" >0.95012</amount></component>
        </property>
        <property name="pressure rise"        label="dp/dt"  sourcetype="reported"  units="ms-1"          ><value>0.04</value></property>
    </commonProperties>
    <dataGroup id="dg1">
        <property name="temperature"                   id="x1"   label="T"    sourcetype="digitized"  units="K"        />
        <property name="ignition delay"                id="x2"   label="tau"  sourcetype="digitized"  units="us"       />
        <property name="evaluated standard deviation"  id="x3"   sourcetype="estimated"  units="unitless"  reference="ignition delay"  kind="relative"  method="combined from scatter and the uncertainty of conditions" />

        <dataPoint><x1>1.988000e+003</x1><x2>1.710055e+001</x2><x3>0.176</x3></dataPoint>
        <dataPoint><x1>1.746000e+003</x1><x2>8.980076e+001</x2><x3>0.215</x3></dataPoint>
        <dataPoint><x1>1.628000e+003</x1><x2>2.568917e+002</x2><x3>0.242</x3></dataPoint>
        <dataPoint><x1>1.577000e+003</x1><x2>4.504847e+002</x2><x3>0.256</x3></dataPoint>
        <dataPoint><x1>1.559000e+003</x1><x2>4.548100e+002</x2><x3>0.261</x3></dataPoint>
        <dataPoint><x1>1.546000e+003</x1><x2>6.845576e+002</x2><x3>0.265</x3></dataPoint>
        <dataPoint><x1>1.529000e+003</x1><x2>6.665919e+002</x2><x3>0.271</x3></dataPoint>
        <dataPoint><x1>1.492000e+003</x1><x2>9.878705e+002</x2><x3>0.283</x3></dataPoint>
        <dataPoint><x1>1.471000e+003</x1><x2>1.191352e+003</x2> <x3>0.29</x3></dataPoint>
        <dataPoint><x1>1.457000e+003</x1><x2>1.372619e+003</x2><x3>0.295</x3></dataPoint>
        <dataPoint><x1>1.438000e+003</x1><x2>1.569134e+003</x2><x3>0.302</x3></dataPoint>
        <dataPoint><x1>1.412000e+003</x1><x2>2.325252e+003</x2><x3>0.312</x3></dataPoint>
    </dataGroup>
    <ignitionType target="OHEX;" type="baseline min intercept from d/dt"/>
</experiment>
