<experiment>
    <fileAuthor>Chemical Kinetics Laboratory, Institute of Chemistry, ELTE, Budapest, Hungary</fileAuthor>
    <fileDOI>10.24388/x10004270</fileDOI>
    <fileVersion>
        <major>2</major>
        <minor>2</minor>
    </fileVersion>
    <ReSpecThVersion>
        <major>2</major>
        <minor>3</minor>
    </ReSpecThVersion>
    <firstPublicationDate>2020-09-08</firstPublicationDate>
    <lastModificationDate>2020-11-18</lastModificationDate>
    <bibliographyLink>
        <description>Levy, Y., Olchanski, E., Sherbaum, V., Erenburg, V., Burcat, A., Journal of Propulsion and Power, 22, 669-675, 2006.</description>
        <referenceDOI>10.2514/1.12511</referenceDOI>
        <location>Main article</location>
        <table>Table 1. + Appendix mixture 13</table>
        <details>
            <author>Levy, Yeshayahou and Olchanski, Erna and Sherbaum, Valery and Erenburg, Vladimir and Burcat, Alexander</author>
            <journal>J Propul Power</journal>
            <number>3</number>
            <pages>669--676</pages>
            <title>Shock-Tube Ignition Study of Methane in Air and Recirculating Gases Mixtures</title>
            <volume>22</volume>
            <year>2006</year>
        </details>
    </bibliographyLink>
    <experimentType>ignition delay measurement</experimentType>
    <apparatus>
        <kind>shock tube</kind>
    </apparatus>
    <commonProperties>
        <property name="initial composition"  sourcetype="reported" >
            <component><speciesLink preferredKey="CH4"  CAS="74-82-8"    InChI="1S/CH4/h1H4"    SMILES="C"        chemName="methane"        /><amount units="mole fraction" >0.0224</amount></component>
            <component><speciesLink preferredKey="O2"   CAS="7782-44-7"  InChI="1S/O2/c1-2"     SMILES="O=O"      chemName="oxygen"         /><amount units="mole fraction" >0.1547</amount></component>
            <component><speciesLink preferredKey="N2"   CAS="7727-37-9"  InChI="1S/N2/c1-2"     SMILES="N#N"      chemName="nitrogen"       /><amount units="mole fraction" >0.7320</amount></component>
            <component><speciesLink preferredKey="H2O"  CAS="7732-18-5"  InChI="1S/H2O/h1H2"    SMILES="O"        chemName="water"          /><amount units="mole fraction" >0.0402</amount></component>
            <component><speciesLink preferredKey="CO2"  CAS="124-38-9"   InChI="1S/CO2/c2-1-3"  SMILES="C(=O)=O"  chemName="carbon dioxide" /><amount units="mole fraction" >0.0515</amount></component>
        </property>
    </commonProperties>
    <dataGroup id="dg1">
        <property name="temperature"                   id="x1"   label="T"    sourcetype="reported"   units="K"        />
        <property name="ignition delay"                id="x2"   label="tau"  sourcetype="reported"   units="us"       />
        <property name="pressure"                      id="x3"   label="p"    sourcetype="reported"   units="atm"      />
        <property name="evaluated standard deviation"  id="x4"   sourcetype="estimated"  units="unitless"  reference="ignition delay"  kind="relative"  method="combined from scatter and the uncertainty of conditions" />

        <dataPoint><x1>1433</x1><x2>470</x2><x3>7.50</x3><x4>0.243</x4></dataPoint>
        <dataPoint><x1>1376</x1><x2>656</x2><x3>8.88</x3><x4>0.253</x4></dataPoint>
        <dataPoint><x1>1365</x1><x2>688</x2><x3>8.67</x3><x4>0.255</x4></dataPoint>
        <dataPoint><x1>1376</x1><x2>677</x2><x3>8.81</x3><x4>0.253</x4></dataPoint>
        <dataPoint><x1>1507</x1><x2>284</x2><x3>8.21</x3><x4>0.232</x4></dataPoint>
        <dataPoint><x1>1481</x1><x2>285</x2><x3>7.86</x3><x4>0.235</x4></dataPoint>
        <dataPoint><x1>1560</x1><x2>110</x2><x3>8.70</x3><x4>0.225</x4></dataPoint>
        <dataPoint><x1>1560</x1><x2>133</x2><x3>8.70</x3><x4>0.225</x4></dataPoint>
        <dataPoint><x1>1520</x1><x2>215</x2><x3>8.35</x3> <x4>0.23</x4></dataPoint>
        <dataPoint><x1>1469</x1><x2>273</x2><x3>7.81</x3><x4>0.237</x4></dataPoint>
        <dataPoint><x1>1494</x1><x2>243</x2><x3>8.07</x3><x4>0.233</x4></dataPoint>
        <dataPoint><x1>1457</x1><x2>341</x2><x3>7.68</x3><x4>0.239</x4></dataPoint>
        <dataPoint><x1>1433</x1><x2>565</x2><x3>7.35</x3><x4>0.243</x4></dataPoint>
        <dataPoint><x1>1457</x1><x2>370</x2><x3>7.60</x3><x4>0.239</x4></dataPoint>
        <dataPoint><x1>1520</x1><x2>174</x2><x3>8.26</x3> <x4>0.23</x4></dataPoint>
        <dataPoint><x1>1469</x1><x2>347</x2><x3>7.80</x3><x4>0.237</x4></dataPoint>
        <dataPoint><x1>1560</x1><x2>205</x2><x3>8.70</x3><x4>0.225</x4></dataPoint>
        <dataPoint><x1>1376</x1><x2>837</x2><x3>6.85</x3><x4>0.253</x4></dataPoint>
        <dataPoint><x1>1507</x1><x2>262</x2><x3>8.21</x3><x4>0.232</x4></dataPoint>
        <dataPoint><x1>1533</x1><x2>167</x2><x3>8.49</x3><x4>0.228</x4></dataPoint>
        <dataPoint><x1>1469</x1><x2>404</x2><x3>7.73</x3><x4>0.237</x4></dataPoint>
        <dataPoint><x1>1481</x1><x2>344</x2><x3>7.94</x3><x4>0.235</x4></dataPoint>
    </dataGroup>
    <ignitionType target="p" type="baseline min intercept from d/dt"/>
</experiment>
