<experiment>
    <fileAuthor>Chemical Kinetics Laboratory, Institute of Chemistry, ELTE, Budapest, Hungary</fileAuthor>
    <fileDOI>10.24388/x10004123</fileDOI>
    <fileVersion>
        <major>2</major>
        <minor>2</minor>
    </fileVersion>
    <ReSpecThVersion>
        <major>2</major>
        <minor>3</minor>
    </ReSpecThVersion>
    <firstPublicationDate>2020-09-08</firstPublicationDate>
    <lastModificationDate>2020-11-18</lastModificationDate>
    <bibliographyLink>
        <description>Eubank, C.S., Rabinowitz, M.J., Gardiner, W.C., Zellner, R.E., Proceedings of the Combustion Institue, 18, 1767-1774, 1981.</description>
        <referenceDOI>10.1016/s0082-0784(81)80181-6</referenceDOI>
        <location>Main article</location>
        <figure>Fig. 3. circle</figure>
        <details>
            <author>Eubank, C S and Rabinowitz, M J and {Gardiner Jr}, W C and Zellner, R E</author>
            <journal>Symp (Int) Combust</journal>
            <pages>1767--1774</pages>
            <title>Shock-initiated ignition of natural gas-air mixtures</title>
            <volume>18</volume>
            <year>1981</year>
        </details>
    </bibliographyLink>
    <experimentType>ignition delay measurement</experimentType>
    <apparatus>
        <kind>shock tube</kind>
    </apparatus>
    <commonProperties>
        <property name="initial composition"           sourcetype="calculated" >
            <component><speciesLink preferredKey="CH4"  CAS="74-82-8"    InChI="1S/CH4/h1H4"  SMILES="C"    chemName="methane"  /><amount units="mole fraction" >0.0400</amount></component>
            <component><speciesLink preferredKey="O2"   CAS="7782-44-7"  InChI="1S/O2/c1-2"   SMILES="O=O"  chemName="oxygen"   /><amount units="mole fraction" >0.2016</amount></component>
            <component><speciesLink preferredKey="N2"   CAS="7727-37-9"  InChI="1S/N2/c1-2"   SMILES="N#N"  chemName="nitrogen" /><amount units="mole fraction" >0.7584</amount></component>
        </property>
        <property name="evaluated standard deviation"  sourcetype="estimated"   units="unitless"       reference="ignition delay"  kind="relative"  method="generic uncertainty" ><value>0.1</value></property>
    </commonProperties>
    <dataGroup id="dg1">
        <property name="temperature"     id="x1"   label="T"    sourcetype="digitized"   units="K"   />
        <property name="ignition delay"  id="x2"   label="tau"  sourcetype="digitized"   units="us"  />
        <property name="pressure"        id="x3"   label="p"    sourcetype="calculated"  units="atm" />

        <dataPoint><x1>1686.30</x1> <x2>76.29</x2><x3>4.150</x3></dataPoint>
        <dataPoint><x1>1614.58</x1><x2>144.10</x2><x3>3.974</x3></dataPoint>
        <dataPoint><x1>1596.56</x1><x2>196.80</x2><x3>3.930</x3></dataPoint>
        <dataPoint><x1>1557.79</x1><x2>254.60</x2><x3>3.834</x3></dataPoint>
    </dataGroup>
    <ignitionType target="CH4" type="baseline max intercept from d/dt"/>
</experiment>
