<experiment>
    <fileAuthor>Chemical Kinetics Laboratory, Institute of Chemistry, ELTE, Budapest, Hungary</fileAuthor>
    <fileDOI>10.24388/x10004207</fileDOI>
    <fileVersion>
        <major>2</major>
        <minor>2</minor>
    </fileVersion>
    <ReSpecThVersion>
        <major>2</major>
        <minor>3</minor>
    </ReSpecThVersion>
    <firstPublicationDate>2020-09-08</firstPublicationDate>
    <lastModificationDate>2020-11-18</lastModificationDate>
    <bibliographyLink>
        <description>Cheng, R.K., Oppenheim, A.K., Combustion and Flame, 58, 125-139, 1984.</description>
        <referenceDOI>10.1016/0010-2180(84)90088-9</referenceDOI>
        <location>Main article</location>
        <table>Table 1. mixture 5</table>
        <figure>Fig. 6. triangle</figure>
        <details>
            <author>Cheng, R K and Oppenheim, A K</author>
            <journal>Combust Flame</journal>
            <pages>125--139</pages>
            <title>Autoignition in methane-hydrogen mixtures</title>
            <volume>58</volume>
            <year>1984</year>
        </details>
    </bibliographyLink>
    <experimentType>ignition delay measurement</experimentType>
    <apparatus>
        <kind>shock tube</kind>
    </apparatus>
    <commonProperties>
        <property name="pressure"             sourcetype="reported"  units="atm"           ><value>2</value></property>
        <property name="initial composition"  sourcetype="reported" >
            <component><speciesLink preferredKey="CH4"  CAS="74-82-8"    InChI="1S/CH4/h1H4"  SMILES="C"     chemName="methane"  /><amount units="mole fraction" >0.025</amount></component>
            <component><speciesLink preferredKey="H2"   CAS="1333-74-0"  InChI="1S/H2/h1H"    SMILES="[HH]"  chemName="hydrogen" /><amount units="mole fraction" >0.025</amount></component>
            <component><speciesLink preferredKey="O2"   CAS="7782-44-7"  InChI="1S/O2/c1-2"   SMILES="O=O"   chemName="oxygen"   /><amount units="mole fraction" >0.050</amount></component>
            <component><speciesLink preferredKey="Ar"   CAS="7440-37-1"  InChI="1S/Ar"        SMILES="[Ar]"  chemName="argon"    /><amount units="mole fraction" >0.900</amount></component>
        </property>
    </commonProperties>
    <dataGroup id="dg1">
        <property name="temperature"                   id="x1"   label="T"    sourcetype="digitized"  units="K"        />
        <property name="ignition delay"                id="x2"   label="tau"  sourcetype="digitized"  units="us"       />
        <property name="evaluated standard deviation"  id="x3"   sourcetype="estimated"  units="unitless"  reference="ignition delay"  kind="relative"  method="combined from scatter and reported uncertainty" />

        <dataPoint><x1>2121.1</x1> <x2>26.21</x2><x3>0.216</x3></dataPoint>
        <dataPoint><x1>2092.8</x1> <x2>30.59</x2><x3>0.201</x3></dataPoint>
        <dataPoint><x1>2099.1</x1> <x2>33.00</x2><x3>0.195</x3></dataPoint>
        <dataPoint><x1>2062.3</x1> <x2>32.91</x2><x3>0.195</x3></dataPoint>
        <dataPoint><x1>2006.7</x1> <x2>40.76</x2><x3>0.182</x3></dataPoint>
        <dataPoint><x1>1956.7</x1> <x2>52.46</x2><x3>0.171</x3></dataPoint>
        <dataPoint><x1>1927.3</x1> <x2>52.84</x2><x3>0.171</x3></dataPoint>
        <dataPoint><x1>1893.8</x1> <x2>68.52</x2><x3>0.164</x3></dataPoint>
        <dataPoint><x1>1876.1</x1> <x2>64.52</x2><x3>0.165</x3></dataPoint>
        <dataPoint><x1>1851.6</x1> <x2>72.63</x2><x3>0.163</x3></dataPoint>
        <dataPoint><x1>1851.6</x1> <x2>79.84</x2><x3>0.161</x3></dataPoint>
        <dataPoint><x1>1827.6</x1> <x2>81.76</x2><x3>0.161</x3></dataPoint>
        <dataPoint><x1>1737.5</x1> <x2>71.84</x2><x3>0.163</x3></dataPoint>
        <dataPoint><x1>1795.2</x1><x2>102.10</x2><x3>0.158</x3></dataPoint>
        <dataPoint><x1>1786.1</x1><x2>115.10</x2><x3>0.157</x3></dataPoint>
        <dataPoint><x1>1786.2</x1><x2>129.30</x2><x3>0.156</x3></dataPoint>
        <dataPoint><x1>1694.0</x1><x2>150.60</x2><x3>0.155</x3></dataPoint>
        <dataPoint><x1>1731.4</x1><x2>150.50</x2><x3>0.155</x3></dataPoint>
        <dataPoint><x1>1675.9</x1><x2>160.30</x2><x3>0.155</x3></dataPoint>
        <dataPoint><x1>1686.0</x1><x2>173.40</x2><x3>0.155</x3></dataPoint>
        <dataPoint><x1>1650.5</x1><x2>195.10</x2><x3>0.154</x3></dataPoint>
        <dataPoint><x1>1635.2</x1><x2>207.90</x2><x3>0.154</x3></dataPoint>
        <dataPoint><x1>1648.6</x1><x2>209.60</x2><x3>0.154</x3></dataPoint>
        <dataPoint><x1>1662.2</x1><x2>209.80</x2><x3>0.154</x3></dataPoint>
        <dataPoint><x1>1603.7</x1><x2>230.90</x2><x3>0.154</x3></dataPoint>
    </dataGroup>
    <ignitionType target="p" type="d/dt max"/>
</experiment>
