<experiment>
    <fileAuthor>Chemical Kinetics Laboratory, Institute of Chemistry, ELTE, Budapest, Hungary</fileAuthor>
    <fileDOI>10.24388/x10004255</fileDOI>
    <fileVersion>
        <major>2</major>
        <minor>2</minor>
    </fileVersion>
    <ReSpecThVersion>
        <major>2</major>
        <minor>3</minor>
    </ReSpecThVersion>
    <firstPublicationDate>2020-09-08</firstPublicationDate>
    <lastModificationDate>2020-11-18</lastModificationDate>
    <bibliographyLink>
        <description>Jachimowski, C.J., Combustion and Flame, 23, 233-248, 1974.</description>
        <referenceDOI>10.1016/0010-2180(74)90061-3</referenceDOI>
        <location>Main article</location>
        <table>Table 1. mixture B, Table 3.</table>
        <details>
            <author>Jachimowski, Casimir J</author>
            <journal>Combust Flame</journal>
            <pages>233--248</pages>
            <title>Kinetics of oxygen atom formation during the oxidation of methane behind shock waves</title>
            <volume>23</volume>
            <year>1974</year>
        </details>
    </bibliographyLink>
    <experimentType>ignition delay measurement</experimentType>
    <apparatus>
        <kind>shock tube</kind>
    </apparatus>
    <commonProperties>
        <property name="initial composition"           sourcetype="reported"  >
            <component><speciesLink preferredKey="CH4"  CAS="74-82-8"    InChI="1S/CH4/h1H4"  SMILES="C"          chemName="methane"         /><amount units="mole fraction" >0.01</amount></component>
            <component><speciesLink preferredKey="O2"   CAS="7782-44-7"  InChI="1S/O2/c1-2"   SMILES="O=O"        chemName="oxygen"          /><amount units="mole fraction" >0.02</amount></component>
            <component><speciesLink preferredKey="Ar"   CAS="7440-37-1"  InChI="1S/Ar"        SMILES="[Ar]"       chemName="argon"           /><amount units="mole fraction" >0.91</amount></component>
            <component><speciesLink preferredKey="CO"   CAS="630-08-0"   InChI="1S/CO/c1-2"   SMILES="[C-]#[O+]"  chemName="carbon monoxide" /><amount units="mole fraction" >0.06</amount></component>
        </property>
        <property name="evaluated standard deviation"  sourcetype="estimated"  units="unitless"       reference="ignition delay"  kind="relative"  method="combined from scatter and reported uncertainty" ><value>0.161</value></property>
    </commonProperties>
    <dataGroup id="dg1">
        <property name="temperature"     id="x1"   label="T"    sourcetype="reported"  units="K"   />
        <property name="ignition delay"  id="x2"   label="tau"  sourcetype="reported"  units="us"  />
        <property name="pressure"        id="x3"   label="p"    sourcetype="reported"  units="atm" />

        <dataPoint><x1>2470</x1>  <x2>8</x2><x3>1.68</x3></dataPoint>
        <dataPoint><x1>2525</x1>  <x2>6</x2><x3>1.73</x3></dataPoint>
        <dataPoint><x1>2485</x1>  <x2>9</x2><x3>1.70</x3></dataPoint>
        <dataPoint><x1>2162</x1> <x2>22</x2><x3>1.45</x3></dataPoint>
        <dataPoint><x1>2190</x1> <x2>20</x2><x3>1.47</x3></dataPoint>
        <dataPoint><x1>2145</x1> <x2>20</x2><x3>1.44</x3></dataPoint>
        <dataPoint><x1>1880</x1> <x2>82</x2><x3>1.24</x3></dataPoint>
        <dataPoint><x1>1880</x1> <x2>71</x2><x3>1.24</x3></dataPoint>
        <dataPoint><x1>1790</x1><x2>115</x2><x3>1.16</x3></dataPoint>
    </dataGroup>
    <ignitionType target="[O]*[CO]" type="max"/>
</experiment>
