<experiment>
    <fileAuthor>Chemical Kinetics Laboratory, Institute of Chemistry, ELTE, Budapest, Hungary</fileAuthor>
    <fileDOI>10.24388/x10004474</fileDOI>
    <fileVersion>
        <major>2</major>
        <minor>2</minor>
    </fileVersion>
    <ReSpecThVersion>
        <major>2</major>
        <minor>3</minor>
    </ReSpecThVersion>
    <firstPublicationDate>2020-09-08</firstPublicationDate>
    <lastModificationDate>2020-11-18</lastModificationDate>
    <bibliographyLink>
        <description>Zeng, W., Ma, H., Liang, Y., Hu, E., Journal of Advanced Research, 6, 189-201, 2015.</description>
        <referenceDOI>10.1016/j.jare.2014.01.003</referenceDOI>
        <location>Main article</location>
        <figure>Fig. 2b (b), square</figure>
        <details>
            <author>Zeng, Wen., Ma, Hongan., Liang, Yuntao., Hu, Erjiang.</author>
            <journal>Journal of Advanced Research</journal>
            <pages>189--201</pages>
            <title>Experimental and modeling study on effects of N2 and CO2 on ignition characteristics of methane/air mixture</title>
            <volume>6</volume>
            <year>2015</year>
        </details>
    </bibliographyLink>
    <experimentType>ignition delay measurement</experimentType>
    <apparatus>
        <kind>shock tube</kind>
    </apparatus>
    <commonProperties>
        <property name="pressure"                      sourcetype="reported"   units="MPa"           ><value>0.1</value></property>
        <property name="initial composition"           sourcetype="reported"  >
            <component><speciesLink preferredKey="CH4"  CAS="74-82-8"    InChI="1S/CH4/h1H4"  SMILES="C"    chemName="methane"  /><amount units="mole fraction" >0.095</amount></component>
            <component><speciesLink preferredKey="O2"   CAS="7782-44-7"  InChI="1S/O2/c1-2"   SMILES="O=O"  chemName="oxygen"   /><amount units="mole fraction" >0.190</amount></component>
            <component><speciesLink preferredKey="N2"   CAS="7727-37-9"  InChI="1S/N2/c1-2"   SMILES="N#N"  chemName="nitrogen" /><amount units="mole fraction" >0.715</amount></component>
        </property>
        <property name="pressure rise"                 label="dp/dt"  sourcetype="reported"   units="ms-1"          ><value>0.04</value></property>
        <property name="evaluated standard deviation"  sourcetype="estimated"  units="unitless"       reference="ignition delay"  kind="relative"  method="combined from scatter and reported uncertainty" ><value>0.153</value></property>
    </commonProperties>
    <dataGroup id="dg1">
        <property name="temperature"     id="x1"   label="T"    sourcetype="digitized"  units="K"  />
        <property name="ignition delay"  id="x2"   label="tau"  sourcetype="digitized"  units="us" />

        <dataPoint><x1>1925</x1> <x2>47</x2></dataPoint>
        <dataPoint><x1>1916</x1> <x2>56</x2></dataPoint>
        <dataPoint><x1>1892</x1> <x2>61</x2></dataPoint>
        <dataPoint><x1>1816</x1> <x2>93</x2></dataPoint>
        <dataPoint><x1>1815</x1> <x2>92</x2></dataPoint>
        <dataPoint><x1>1812</x1><x2>105</x2></dataPoint>
        <dataPoint><x1>1784</x1> <x2>96</x2></dataPoint>
        <dataPoint><x1>1781</x1><x2>107</x2></dataPoint>
        <dataPoint><x1>1775</x1><x2>126</x2></dataPoint>
        <dataPoint><x1>1736</x1><x2>178</x2></dataPoint>
        <dataPoint><x1>1736</x1><x2>141</x2></dataPoint>
        <dataPoint><x1>1701</x1><x2>229</x2></dataPoint>
        <dataPoint><x1>1695</x1><x2>249</x2></dataPoint>
        <dataPoint><x1>1669</x1><x2>268</x2></dataPoint>
        <dataPoint><x1>1631</x1><x2>368</x2></dataPoint>
        <dataPoint><x1>1607</x1><x2>443</x2></dataPoint>
        <dataPoint><x1>1586</x1><x2>491</x2></dataPoint>
        <dataPoint><x1>1569</x1><x2>602</x2></dataPoint>
        <dataPoint><x1>1547</x1><x2>686</x2></dataPoint>
        <dataPoint><x1>1541</x1><x2>753</x2></dataPoint>
        <dataPoint><x1>1514</x1><x2>933</x2></dataPoint>
        <dataPoint><x1>1481</x1><x2>804</x2></dataPoint>
    </dataGroup>
    <ignitionType target="CHEX" type="baseline min intercept from d/dt"/>
</experiment>
