<experiment>
    <fileAuthor>Chemical Kinetics Laboratory, Institute of Chemistry, ELTE, Budapest, Hungary</fileAuthor>
    <fileDOI>10.24388/x10004267</fileDOI>
    <fileVersion>
        <major>2</major>
        <minor>2</minor>
    </fileVersion>
    <ReSpecThVersion>
        <major>2</major>
        <minor>3</minor>
    </ReSpecThVersion>
    <firstPublicationDate>2020-09-08</firstPublicationDate>
    <lastModificationDate>2020-11-18</lastModificationDate>
    <bibliographyLink>
        <description>Levy, Y., Olchanski, E., Sherbaum, V., Erenburg, V., Burcat, A., Journal of Propulsion and Power, 22, 669-675, 2006.</description>
        <referenceDOI>10.2514/1.12511</referenceDOI>
        <location>Main article</location>
        <table>Table 1. + Appendix mixture 10</table>
        <details>
            <author>Levy, Yeshayahou and Olchanski, Erna and Sherbaum, Valery and Erenburg, Vladimir and Burcat, Alexander</author>
            <journal>J Propul Power</journal>
            <number>3</number>
            <pages>669--676</pages>
            <title>Shock-Tube Ignition Study of Methane in Air and Recirculating Gases Mixtures</title>
            <volume>22</volume>
            <year>2006</year>
        </details>
    </bibliographyLink>
    <experimentType>ignition delay measurement</experimentType>
    <apparatus>
        <kind>shock tube</kind>
    </apparatus>
    <commonProperties>
        <property name="initial composition"  sourcetype="reported" >
            <component><speciesLink preferredKey="CH4"  CAS="74-82-8"    InChI="1S/CH4/h1H4"    SMILES="C"        chemName="methane"        /><amount units="mole fraction" >0.0224</amount></component>
            <component><speciesLink preferredKey="O2"   CAS="7782-44-7"  InChI="1S/O2/c1-2"     SMILES="O=O"      chemName="oxygen"         /><amount units="mole fraction" >0.1513</amount></component>
            <component><speciesLink preferredKey="N2"   CAS="7727-37-9"  InChI="1S/N2/c1-2"     SMILES="N#N"      chemName="nitrogen"       /><amount units="mole fraction" >0.7720</amount></component>
            <component><speciesLink preferredKey="CO2"  CAS="124-38-9"   InChI="1S/CO2/c2-1-3"  SMILES="C(=O)=O"  chemName="carbon dioxide" /><amount units="mole fraction" >0.0520</amount></component>
        </property>
    </commonProperties>
    <dataGroup id="dg1">
        <property name="temperature"                   id="x1"   label="T"    sourcetype="reported"   units="K"        />
        <property name="ignition delay"                id="x2"   label="tau"  sourcetype="reported"   units="us"       />
        <property name="pressure"                      id="x3"   label="p"    sourcetype="reported"   units="atm"      />
        <property name="evaluated standard deviation"  id="x4"   sourcetype="estimated"  units="unitless"  reference="ignition delay"  kind="relative"  method="combined from scatter and the uncertainty of conditions" />

        <dataPoint><x1>1519</x1><x2>242</x2><x3>8.11</x3><x4>0.155</x4></dataPoint>
        <dataPoint><x1>1546</x1><x2>238</x2><x3>8.40</x3><x4>0.153</x4></dataPoint>
        <dataPoint><x1>1616</x1><x2>102</x2><x3>9.14</x3><x4>0.149</x4></dataPoint>
        <dataPoint><x1>1507</x1><x2>278</x2><x3>7.98</x3><x4>0.155</x4></dataPoint>
        <dataPoint><x1>1398</x1><x2>702</x2><x3>6.89</x3><x4>0.164</x4></dataPoint>
        <dataPoint><x1>1399</x1><x2>804</x2><x3>6.89</x3><x4>0.164</x4></dataPoint>
        <dataPoint><x1>1533</x1><x2>213</x2><x3>8.33</x3><x4>0.154</x4></dataPoint>
        <dataPoint><x1>1559</x1><x2>184</x2><x3>8.70</x3><x4>0.152</x4></dataPoint>
        <dataPoint><x1>1533</x1><x2>244</x2><x3>8.33</x3><x4>0.154</x4></dataPoint>
        <dataPoint><x1>1601</x1><x2>102</x2><x3>8.99</x3> <x4>0.15</x4></dataPoint>
        <dataPoint><x1>1507</x1><x2>250</x2><x3>7.98</x3><x4>0.155</x4></dataPoint>
        <dataPoint><x1>1519</x1><x2>245</x2><x3>8.20</x3><x4>0.155</x4></dataPoint>
        <dataPoint><x1>1481</x1><x2>325</x2><x3>7.72</x3><x4>0.157</x4></dataPoint>
        <dataPoint><x1>1559</x1><x2>211</x2><x3>8.53</x3><x4>0.152</x4></dataPoint>
        <dataPoint><x1>1387</x1><x2>721</x2><x3>6.78</x3><x4>0.165</x4></dataPoint>
        <dataPoint><x1>1387</x1><x2>579</x2><x3>6.85</x3><x4>0.165</x4></dataPoint>
    </dataGroup>
    <ignitionType target="p" type="baseline min intercept from d/dt"/>
</experiment>
