<experiment>
    <fileAuthor>Chemical Kinetics Laboratory, Institute of Chemistry, ELTE, Budapest, Hungary</fileAuthor>
    <fileDOI>10.24388/x10004342</fileDOI>
    <fileVersion>
        <major>2</major>
        <minor>2</minor>
    </fileVersion>
    <ReSpecThVersion>
        <major>2</major>
        <minor>3</minor>
    </ReSpecThVersion>
    <firstPublicationDate>2020-09-08</firstPublicationDate>
    <lastModificationDate>2020-11-18</lastModificationDate>
    <bibliographyLink>
        <description>Petersen, E.L., Davidson, D.F., Hanson, R.K., Journal of Propulsion and Power, 15, 82-91, 1999.</description>
        <referenceDOI>10.2514/2.5394</referenceDOI>
        <location>Main article</location>
        <table>Table 1. mixture 5, Table 2 (ign)</table>
        <figure>Fig. 4a. full circle (not used)</figure>
        <details>
            <author>Petersen, E L and Davidson, D F and Hanson, R K</author>
            <journal>J Propul Power</journal>
            <pages>82--91</pages>
            <title>Ignition Delay Times of Ram Accelerator CH4/O2/Diluent Mixtures</title>
            <volume>15</volume>
            <year>1999</year>
        </details>
    </bibliographyLink>
    <experimentType>ignition delay measurement</experimentType>
    <apparatus>
        <kind>shock tube</kind>
    </apparatus>
    <commonProperties>
        <property name="initial composition"  sourcetype="calculated" >
            <component><speciesLink preferredKey="CH4"  CAS="74-82-8"    InChI="1S/CH4/h1H4"  SMILES="C"     chemName="methane" /><amount units="mole fraction" >0.2727</amount></component>
            <component><speciesLink preferredKey="O2"   CAS="7782-44-7"  InChI="1S/O2/c1-2"   SMILES="O=O"   chemName="oxygen"  /><amount units="mole fraction" >0.1818</amount></component>
            <component><speciesLink preferredKey="Ar"   CAS="7440-37-1"  InChI="1S/Ar"        SMILES="[Ar]"  chemName="argon"   /><amount units="mole fraction" >0.5455</amount></component>
        </property>
    </commonProperties>
    <dataGroup id="dg1">
        <property name="temperature"                   id="x1"   label="T"    sourcetype="reported"   units="K"        />
        <property name="ignition delay"                id="x2"   label="tau"  sourcetype="reported"   units="us"       />
        <property name="pressure"                      id="x3"   label="p"    sourcetype="reported"   units="atm"      />
        <property name="evaluated standard deviation"  id="x4"   sourcetype="estimated"  units="unitless"  reference="ignition delay"  kind="relative"  method="generic uncertainty" />

        <dataPoint><x1>1150</x1><x2>120</x2><x3>176.6</x3>  <x4>0.1</x4></dataPoint>
        <dataPoint><x1>1230</x1> <x2>71</x2><x3>188.7</x3><x4>0.141</x4></dataPoint>
        <dataPoint><x1>1235</x1> <x2>67</x2><x3>194.0</x3><x4>0.149</x4></dataPoint>
        <dataPoint><x1>1268</x1> <x2>72</x2><x3>169.7</x3><x4>0.139</x4></dataPoint>
    </dataGroup>
    <ignitionType target="p" type="baseline min intercept from d/dt"/>
</experiment>
