<experiment>
    <fileAuthor>Chemical Kinetics Laboratory, Institute of Chemistry, ELTE, Budapest, Hungary</fileAuthor>
    <fileDOI>10.24388/x10004133_1</fileDOI>
    <fileVersion>
        <major>2</major>
        <minor>2</minor>
    </fileVersion>
    <ReSpecThVersion>
        <major>2</major>
        <minor>3</minor>
    </ReSpecThVersion>
    <firstPublicationDate>2020-09-08</firstPublicationDate>
    <lastModificationDate>2020-11-18</lastModificationDate>
    <bibliographyLink>
        <description>Huang, J., Hill, P.G., Bushe, W.K., Munshi, S.R., Combustion and Flame, 136, 25-42, 2004.</description>
        <referenceDOI>10.1016/j.combustflame.2003.09.002</referenceDOI>
        <location>Main article</location>
        <table>Table 3. Mixture 2.</table>
        <details>
            <author>Huang, J and Hill, P G and Bushe, W K and Munshi, S R</author>
            <journal>Combust Flame</journal>
            <pages>25--42</pages>
            <title>Shock-tube study of methane ignition under engine-relevant conditions: experiments and modeling</title>
            <volume>136</volume>
            <year>2004</year>
        </details>
    </bibliographyLink>
    <experimentType>ignition delay measurement</experimentType>
    <apparatus>
        <kind>shock tube</kind>
    </apparatus>
    <commonProperties>
        <property name="initial composition"           sourcetype="reported"  >
            <component><speciesLink preferredKey="CH4"  CAS="74-82-8"    InChI="1S/CH4/h1H4"  SMILES="C"    chemName="methane"  /><amount units="mole fraction" >0.068</amount></component>
            <component><speciesLink preferredKey="O2"   CAS="7782-44-7"  InChI="1S/O2/c1-2"   SMILES="O=O"  chemName="oxygen"   /><amount units="mole fraction" >0.196</amount></component>
            <component><speciesLink preferredKey="N2"   CAS="7727-37-9"  InChI="1S/N2/c1-2"   SMILES="N#N"  chemName="nitrogen" /><amount units="mole fraction" >0.736</amount></component>
        </property>
        <property name="evaluated standard deviation"  sourcetype="estimated"  units="unitless"       reference="ignition delay"  kind="relative"  method="combined from scatter and reported uncertainty" ><value>0.321</value></property>
    </commonProperties>
    <dataGroup id="dg1">
        <property name="temperature"     id="x1"   label="T"    sourcetype="reported"  units="K"   />
        <property name="ignition delay"  id="x2"   label="tau"  sourcetype="reported"  units="us"  />
        <property name="pressure"        id="x3"   label="p"    sourcetype="reported"  units="atm" />

        <dataPoint><x1>1004</x1><x2>1728</x2><x3>37.9</x3></dataPoint>
        <dataPoint><x1>1030</x1><x2>1668</x2><x3>37.6</x3></dataPoint>
        <dataPoint><x1>1029</x1><x2>1548</x2><x3>38.7</x3></dataPoint>
        <dataPoint><x1>1057</x1><x2>1416</x2><x3>37.6</x3></dataPoint>
        <dataPoint><x1>1114</x1><x2>1050</x2><x3>39.1</x3></dataPoint>
        <dataPoint><x1>1233</x1> <x2>798</x2><x3>38.8</x3></dataPoint>
        <dataPoint><x1>1288</x1> <x2>694</x2><x3>39.1</x3></dataPoint>
        <dataPoint><x1>1329</x1> <x2>534</x2><x3>39.1</x3></dataPoint>
        <dataPoint><x1>1370</x1> <x2>456</x2><x3>38.8</x3></dataPoint>
    </dataGroup>
    <ignitionType target="p" type="baseline min intercept from d/dt"/>
</experiment>
