<experiment>
    <fileAuthor>Chemical Kinetics Laboratory, Institute of Chemistry, ELTE, Budapest, Hungary</fileAuthor>
    <fileDOI>10.24388/x10004411</fileDOI>
    <fileVersion>
        <major>2</major>
        <minor>2</minor>
    </fileVersion>
    <ReSpecThVersion>
        <major>2</major>
        <minor>3</minor>
    </ReSpecThVersion>
    <firstPublicationDate>2020-09-08</firstPublicationDate>
    <lastModificationDate>2020-11-18</lastModificationDate>
    <bibliographyLink>
        <description>Yu, C-L., Wang, C., Frenklach, M., Journal of Physical Chemistry, 99, 14377-14387, 1995.</description>
        <referenceDOI>10.1021/j100039a027</referenceDOI>
        <location>Main article</location>
        <table>Table 3. OH Tau 3/4 Phi=0.04</table>
        <details>
            <author>Yu, C L and Wang, C and Frenklach, M</author>
            <journal>J Phys Chem</journal>
            <pages>14377--14387</pages>
            <title>Chemical Kinetics of Methyl Oxidation by Molecular Oxygen</title>
            <volume>99</volume>
            <year>1995</year>
        </details>
    </bibliographyLink>
    <experimentType>ignition delay measurement</experimentType>
    <apparatus>
        <kind>shock tube</kind>
    </apparatus>
    <commonProperties>
        <property name="initial composition"  sourcetype="reported" >
            <component><speciesLink preferredKey="CH4"  CAS="74-82-8"    InChI="1S/CH4/h1H4"  SMILES="C"     chemName="methane" /><amount units="mole fraction" >0.004</amount></component>
            <component><speciesLink preferredKey="O2"   CAS="7782-44-7"  InChI="1S/O2/c1-2"   SMILES="O=O"   chemName="oxygen"  /><amount units="mole fraction" >0.200</amount></component>
            <component><speciesLink preferredKey="Ar"   CAS="7440-37-1"  InChI="1S/Ar"        SMILES="[Ar]"  chemName="argon"   /><amount units="mole fraction" >0.796</amount></component>
        </property>
    </commonProperties>
    <dataGroup id="dg1">
        <property name="temperature"                   id="x1"   label="T"    sourcetype="reported"   units="K"        />
        <property name="pressure"                      id="x2"   label="p"    sourcetype="reported"   units="atm"      />
        <property name="ignition delay"                id="x3"   label="tau"  sourcetype="reported"   units="us"       />
        <property name="evaluated standard deviation"  id="x4"   sourcetype="estimated"  units="unitless"  reference="ignition delay"  kind="relative"  method="combined from scatter and the uncertainty of conditions" />

        <dataPoint><x1>1651</x1><x2>1.49</x2><x3>358.8</x3><x4>0.216</x4></dataPoint>
        <dataPoint><x1>1711</x1><x2>1.46</x2><x3>301.6</x3><x4>0.216</x4></dataPoint>
        <dataPoint><x1>1717</x1><x2>2.23</x2><x3>160.1</x3><x4>0.216</x4></dataPoint>
        <dataPoint><x1>1732</x1><x2>1.50</x2><x3>253.2</x3><x4>0.216</x4></dataPoint>
        <dataPoint><x1>1759</x1><x2>1.52</x2><x3>223.4</x3><x4>0.216</x4></dataPoint>
        <dataPoint><x1>1763</x1><x2>1.59</x2><x3>170.6</x3><x4>0.216</x4></dataPoint>
        <dataPoint><x1>1803</x1><x2>2.34</x2> <x3>95.7</x3><x4>0.216</x4></dataPoint>
        <dataPoint><x1>1944</x1><x2>1.70</x2> <x3>58.0</x3><x4>0.215</x4></dataPoint>
        <dataPoint><x1>2002</x1><x2>1.78</x2> <x3>47.8</x3><x4>0.215</x4></dataPoint>
        <dataPoint><x1>2089</x1><x2>1.82</x2> <x3>32.8</x3><x4>0.215</x4></dataPoint>
        <dataPoint><x1>2192</x1><x2>1.87</x2> <x3>21.6</x3><x4>0.215</x4></dataPoint>
    </dataGroup>
    <ignitionType target="OH" type="relative concentration" amount="0.75" units="unitless"/>
</experiment>
