<experiment>
    <fileAuthor>Chemical Kinetics Laboratory, Institute of Chemistry, ELTE, Budapest, Hungary</fileAuthor>
    <fileDOI>10.24388/x10004232</fileDOI>
    <fileVersion>
        <major>2</major>
        <minor>2</minor>
    </fileVersion>
    <ReSpecThVersion>
        <major>2</major>
        <minor>3</minor>
    </ReSpecThVersion>
    <firstPublicationDate>2020-09-08</firstPublicationDate>
    <lastModificationDate>2020-11-18</lastModificationDate>
    <bibliographyLink>
        <description>Burke, U., Somers, K.P., OToole, P., Zinner, C.M., Marquet, N., Bourque, G., Petersen, E.L., Metcalfe, W.K., Serinyel, Z., Curran, H.J., Combustion and Flame, 162, 315-330, 2015.</description>
        <referenceDOI>10.1016/j.combustflame.2014.08.014</referenceDOI>
        <location>Main article</location>
        <table>Table 3, Mixture 4</table>
        <figure>Fig. 5 d, full square</figure>
        <details>
            <author>Burke, U., Somers, K.P., OToole, P., Zinner, C.M., Marquet, N., Bourque, G., Petersen, E.L., Metcalfe, W.K., Serinyel, Z., Curran, H.J.</author>
            <journal>Combust Flame</journal>
            <pages>315--330</pages>
            <title>An ignition delay and kinetic modeling study of methane, dimethyl ether, and their mixtures at high pressures</title>
            <volume>162</volume>
            <year>2015</year>
        </details>
    </bibliographyLink>
    <experimentType>ignition delay measurement</experimentType>
    <apparatus>
        <kind>shock tube</kind>
    </apparatus>
    <commonProperties>
        <property name="pressure"             sourcetype="reported"  units="atm"           ><value>10</value></property>
        <property name="initial composition"  sourcetype="reported" >
            <component><speciesLink preferredKey="CH4"  CAS="74-82-8"    InChI="1S/CH4/h1H4"  SMILES="C"    chemName="methane"  /><amount units="mole fraction" >0.17361</amount></component>
            <component><speciesLink preferredKey="O2"   CAS="7782-44-7"  InChI="1S/O2/c1-2"   SMILES="O=O"  chemName="oxygen"   /><amount units="mole fraction" >0.17361</amount></component>
            <component><speciesLink preferredKey="N2"   CAS="7727-37-9"  InChI="1S/N2/c1-2"   SMILES="N#N"  chemName="nitrogen" /><amount units="mole fraction" >0.65273</amount></component>
        </property>
        <property name="pressure rise"        label="dp/dt"  sourcetype="reported"  units="ms-1"          ><value>0.02</value></property>
    </commonProperties>
    <dataGroup id="dg1">
        <property name="temperature"                   id="x1"   label="T"    sourcetype="reported"   units="K"        />
        <property name="ignition delay"                id="x2"   label="tau"  sourcetype="reported"   units="us"       />
        <property name="evaluated standard deviation"  id="x3"   sourcetype="estimated"  units="unitless"  reference="ignition delay"  kind="relative"  method="combined from scatter and the uncertainty of conditions" />

        <dataPoint><x1>1649.1</x1> <x2>121.55</x2><x3>0.162</x3></dataPoint>
        <dataPoint><x1>1603.5</x1> <x2>246.45</x2><x3>0.166</x3></dataPoint>
        <dataPoint><x1>1540.0</x1> <x2>512.29</x2><x3>0.173</x3></dataPoint>
        <dataPoint><x1>1512.2</x1> <x2>756.68</x2><x3>0.176</x3></dataPoint>
        <dataPoint><x1>1460.6</x1><x2>1232.80</x2><x3>0.183</x3></dataPoint>
    </dataGroup>
    <ignitionType target="p" type="baseline min intercept from d/dt"/>
</experiment>
