<experiment>
    <fileAuthor>Chemical Kinetics Laboratory, Institute of Chemistry, ELTE, Budapest, Hungary</fileAuthor>
    <fileDOI>10.24388/x10004383</fileDOI>
    <fileVersion>
        <major>2</major>
        <minor>2</minor>
    </fileVersion>
    <ReSpecThVersion>
        <major>2</major>
        <minor>3</minor>
    </ReSpecThVersion>
    <firstPublicationDate>2020-09-08</firstPublicationDate>
    <lastModificationDate>2020-11-18</lastModificationDate>
    <bibliographyLink>
        <description>Petersen, E.L., Röhrig, M., Davidson, D.F., Hanson, R.K., Bowman, C.T., Proceedings of the Combustion Institue, 26, 799-806, 1996.</description>
        <referenceDOI>10.1016/s0082-0784(96)80289-x</referenceDOI>
        <location>Main article</location>
        <table>Table 1. mixture 2N</table>
        <figure>Fig. 2. open triangle</figure>
        <details>
            <author>Petersen, E L and Röhrig, M and Davidson, D F and Hanson, R K and Bowman, C T</author>
            <journal>Symp (Int) Combust</journal>
            <pages>799--806</pages>
            <title>High-pressure methane oxidation behind reflected shock waves</title>
            <volume>26</volume>
            <year>1996</year>
        </details>
    </bibliographyLink>
    <experimentType>ignition delay measurement</experimentType>
    <apparatus>
        <kind>shock tube</kind>
    </apparatus>
    <commonProperties>
        <property name="pressure"             sourcetype="reported"  units="atm"           ><value>60</value></property>
        <property name="initial composition"  sourcetype="reported" >
            <component><speciesLink preferredKey="CH4"  CAS="74-82-8"    InChI="1S/CH4/h1H4"  SMILES="C"    chemName="methane"  /><amount units="mole fraction" >0.005</amount></component>
            <component><speciesLink preferredKey="O2"   CAS="7782-44-7"  InChI="1S/O2/c1-2"   SMILES="O=O"  chemName="oxygen"   /><amount units="mole fraction" >0.020</amount></component>
            <component><speciesLink preferredKey="N2"   CAS="7727-37-9"  InChI="1S/N2/c1-2"   SMILES="N#N"  chemName="nitrogen" /><amount units="mole fraction" >0.975</amount></component>
        </property>
    </commonProperties>
    <dataGroup id="dg1">
        <property name="temperature"                   id="x1"   label="T"    sourcetype="digitized"  units="K"        />
        <property name="ignition delay"                id="x2"   label="tau"  sourcetype="digitized"  units="us"       />
        <property name="evaluated standard deviation"  id="x3"   sourcetype="estimated"  units="unitless"  reference="ignition delay"  kind="relative"  method="combined from scatter and the uncertainty of conditions" />

        <dataPoint><x1>1717.4</x1> <x2>59.47</x2><x3>0.179</x3></dataPoint>
        <dataPoint><x1>1738.0</x1> <x2>46.74</x2><x3>0.175</x3></dataPoint>
        <dataPoint><x1>1660.0</x1> <x2>96.24</x2><x3>0.191</x3></dataPoint>
        <dataPoint><x1>1631.3</x1><x2>126.40</x2><x3>0.198</x3></dataPoint>
        <dataPoint><x1>1570.2</x1><x2>244.00</x2><x3>0.213</x3></dataPoint>
        <dataPoint><x1>1562.4</x1><x2>249.90</x2><x3>0.215</x3></dataPoint>
    </dataGroup>
    <ignitionType target="OH" type="max"/>
</experiment>
