<experiment>
    <fileAuthor>Chemical Kinetics Laboratory, Institute of Chemistry, ELTE, Budapest, Hungary</fileAuthor>
    <fileDOI>10.24388/x10004074</fileDOI>
    <fileVersion>
        <major>2</major>
        <minor>2</minor>
    </fileVersion>
    <ReSpecThVersion>
        <major>2</major>
        <minor>3</minor>
    </ReSpecThVersion>
    <firstPublicationDate>2020-09-08</firstPublicationDate>
    <lastModificationDate>2020-11-18</lastModificationDate>
    <bibliographyLink>
        <description>Krishnan, S., Ravikumar, R., Combustion Science and Technology, 24, 239-245, 1980.</description>
        <referenceDOI>10.1080/00102208008952443</referenceDOI>
        <location>Main article</location>
        <table>Table 1. Mixture 4</table>
        <figure>Figure 1A</figure>
        <details>
            <author>Krishnan, S and Ravikumar, R</author>
            <journal>Combustion Science and Technology</journal>
            <pages>239--245</pages>
            <title>Unition Delay of Methane in Reflected Shock Waves</title>
            <volume>24</volume>
            <year>1980</year>
        </details>
    </bibliographyLink>
    <experimentType>ignition delay measurement</experimentType>
    <apparatus>
        <kind>shock tube</kind>
    </apparatus>
    <commonProperties>
        <property name="pressure"                      label="p"  sourcetype="reported"   units="atm"           ><value>3</value></property>
        <property name="initial composition"           sourcetype="reported"  >
            <component><speciesLink preferredKey="CH4"  CAS="74-82-8"    InChI="1S/CH4/h1H4"  SMILES="C"     chemName="methane" /><amount units="mole fraction" >0.0250</amount></component>
            <component><speciesLink preferredKey="O2"   CAS="7782-44-7"  InChI="1S/O2/c1-2"   SMILES="O=O"   chemName="oxygen"  /><amount units="mole fraction" >0.0250</amount></component>
            <component><speciesLink preferredKey="Ar"   CAS="7440-37-1"  InChI="1S/Ar"        SMILES="[Ar]"  chemName="argon"   /><amount units="mole fraction" >0.9500</amount></component>
        </property>
        <property name="evaluated standard deviation"  sourcetype="estimated"  units="unitless"       reference="ignition delay"  kind="relative"  method="generic uncertainty" ><value>0.1</value></property>
    </commonProperties>
    <dataGroup id="dg1">
        <property name="temperature"     id="x1"   label="T"    sourcetype="digitized"  units="K"  />
        <property name="ignition delay"  id="x2"   label="tau"  sourcetype="digitized"  units="us" />

        <dataPoint><x1>2.131524e+003</x1><x2>3.639737e+001</x2></dataPoint>
        <dataPoint><x1>2.060691e+003</x1><x2>4.822919e+001</x2></dataPoint>
        <dataPoint><x1>2.006618e+003</x1><x2>5.998187e+001</x2></dataPoint>
        <dataPoint><x1>1.985608e+003</x1><x2>6.611043e+001</x2></dataPoint>
        <dataPoint><x1>1.941653e+003</x1><x2>8.078114e+001</x2></dataPoint>
        <dataPoint><x1>1.912364e+003</x1><x2>1.089984e+002</x2></dataPoint>
        <dataPoint><x1>1.857900e+003</x1><x2>1.270135e+002</x2></dataPoint>
        <dataPoint><x1>1.826774e+003</x1><x2>1.410035e+002</x2></dataPoint>
        <dataPoint><x1>1.793632e+003</x1><x2>2.042161e+002</x2></dataPoint>
        <dataPoint><x1>1.770488e+003</x1><x2>2.178613e+002</x2></dataPoint>
        <dataPoint><x1>1.757618e+003</x1><x2>2.178211e+002</x2></dataPoint>
        <dataPoint><x1>1.719108e+003</x1><x2>3.030959e+002</x2></dataPoint>
        <dataPoint><x1>1.691919e+003</x1><x2>3.622764e+002</x2></dataPoint>
    </dataGroup>
    <ignitionType target="CHEX" type="baseline min intercept from d/dt"/>
</experiment>
