<experiment>
    <fileAuthor>Chemical Kinetics Laboratory, Institute of Chemistry, ELTE, Budapest, Hungary</fileAuthor>
    <fileDOI>10.24388/x10004003</fileDOI>
    <fileVersion>
        <major>2</major>
        <minor>2</minor>
    </fileVersion>
    <ReSpecThVersion>
        <major>2</major>
        <minor>3</minor>
    </ReSpecThVersion>
    <firstPublicationDate>2020-09-08</firstPublicationDate>
    <lastModificationDate>2020-11-18</lastModificationDate>
    <bibliographyLink>
        <description>Seery, D.J., Bowman, C.T., Combustion and Flame (14), 37-48, 1970.</description>
        <referenceDOI>10.1016/s0010-2180(70)80008-6</referenceDOI>
        <location>Main article</location>
        <table>Table 2., phi=1</table>
        <figure>Figure 2. (not used)</figure>
        <details>
            <author>Seery, D. J., Bowman, C. T.</author>
            <journal>Combust Flame</journal>
            <pages>34--47</pages>
            <title>An experimental and analytical study of methane oxidation behind shock waves</title>
            <volume>14</volume>
            <year>1970</year>
        </details>
    </bibliographyLink>
    <experimentType>ignition delay measurement</experimentType>
    <apparatus>
        <kind>shock tube</kind>
    </apparatus>
    <commonProperties>
        <property name="initial composition"           sourcetype="reported"  >
            <component><speciesLink preferredKey="CH4"  CAS="74-82-8"    InChI="1S/CH4/h1H4"  SMILES="C"     chemName="methane" /><amount units="mole fraction" >0.091</amount></component>
            <component><speciesLink preferredKey="O2"   CAS="7782-44-7"  InChI="1S/O2/c1-2"   SMILES="O=O"   chemName="oxygen"  /><amount units="mole fraction" >0.182</amount></component>
            <component><speciesLink preferredKey="Ar"   CAS="7440-37-1"  InChI="1S/Ar"        SMILES="[Ar]"  chemName="argon"   /><amount units="mole fraction" >0.727</amount></component>
        </property>
        <property name="evaluated standard deviation"  sourcetype="estimated"  units="unitless"       reference="ignition delay"  kind="relative"  method="statistical scatter" ><value>0.159</value></property>
    </commonProperties>
    <dataGroup id="dg1">
        <property name="pressure"        id="x1"   label="p"    sourcetype="reported"  units="atm" />
        <property name="temperature"     id="x2"   label="T"    sourcetype="reported"  units="K"   />
        <property name="ignition delay"  id="x3"   label="tau"  sourcetype="reported"  units="us"  />

        <dataPoint><x1>2.41</x1><x2>1772</x2>  <x3>75</x3></dataPoint>
        <dataPoint><x1>2.24</x1><x2>1724</x2>  <x3>85</x3></dataPoint>
        <dataPoint><x1>2.14</x1><x2>1663</x2> <x3>155</x3></dataPoint>
        <dataPoint><x1>1.73</x1><x2>1660</x2> <x3>160</x3></dataPoint>
        <dataPoint><x1>2.04</x1><x2>1612</x2> <x3>185</x3></dataPoint>
        <dataPoint><x1>1.94</x1><x2>1628</x2> <x3>255</x3></dataPoint>
        <dataPoint><x1>1.85</x1><x2>1559</x2> <x3>465</x3></dataPoint>
        <dataPoint><x1>1.78</x1><x2>1518</x2> <x3>650</x3></dataPoint>
        <dataPoint><x1>1.89</x1><x2>1530</x2> <x3>695</x3></dataPoint>
        <dataPoint><x1>1.85</x1><x2>1486</x2> <x3>940</x3></dataPoint>
        <dataPoint><x1>1.72</x1><x2>1480</x2><x3>1020</x3></dataPoint>
        <dataPoint><x1>1.60</x1><x2>1428</x2><x3>1760</x3></dataPoint>
    </dataGroup>
    <ignitionType target="p;" type="d/dt max"/>
</experiment>
