<experiment>
    <fileAuthor>Chemical Kinetics Laboratory, Institute of Chemistry, ELTE, Budapest, Hungary</fileAuthor>
    <fileDOI>10.24388/x10004276</fileDOI>
    <fileVersion>
        <major>2</major>
        <minor>2</minor>
    </fileVersion>
    <ReSpecThVersion>
        <major>2</major>
        <minor>3</minor>
    </ReSpecThVersion>
    <firstPublicationDate>2020-09-08</firstPublicationDate>
    <lastModificationDate>2020-11-18</lastModificationDate>
    <bibliographyLink>
        <description>Levy, Y., Olchanski, E., Sherbaum, V., Erenburg, V., Burcat, A., Journal of Propulsion and Power, 22, 669-675, 2006.</description>
        <referenceDOI>10.2514/1.12511</referenceDOI>
        <location>Main article</location>
        <table>Table 1. + Appendix mixture 7</table>
        <details>
            <author>Levy, Yeshayahou and Olchanski, Erna and Sherbaum, Valery and Erenburg, Vladimir and Burcat, Alexander</author>
            <journal>J Propul Power</journal>
            <number>3</number>
            <pages>669--676</pages>
            <title>Shock-Tube Ignition Study of Methane in Air and Recirculating Gases Mixtures</title>
            <volume>22</volume>
            <year>2006</year>
        </details>
    </bibliographyLink>
    <experimentType>ignition delay measurement</experimentType>
    <apparatus>
        <kind>shock tube</kind>
    </apparatus>
    <commonProperties>
        <property name="initial composition"  sourcetype="reported" >
            <component><speciesLink preferredKey="CH4"  CAS="74-82-8"    InChI="1S/CH4/h1H4"  SMILES="C"    chemName="methane"  /><amount units="mole fraction" >0.04</amount></component>
            <component><speciesLink preferredKey="O2"   CAS="7782-44-7"  InChI="1S/O2/c1-2"   SMILES="O=O"  chemName="oxygen"   /><amount units="mole fraction" >0.06</amount></component>
            <component><speciesLink preferredKey="N2"   CAS="7727-37-9"  InChI="1S/N2/c1-2"   SMILES="N#N"  chemName="nitrogen" /><amount units="mole fraction" >0.90</amount></component>
        </property>
    </commonProperties>
    <dataGroup id="dg1">
        <property name="temperature"                   id="x1"   label="T"    sourcetype="reported"   units="K"        />
        <property name="ignition delay"                id="x2"   label="tau"  sourcetype="reported"   units="us"       />
        <property name="pressure"                      id="x3"   label="p"    sourcetype="reported"   units="atm"      />
        <property name="evaluated standard deviation"  id="x4"   sourcetype="estimated"  units="unitless"  reference="ignition delay"  kind="relative"  method="combined from scatter and the uncertainty of conditions" />

        <dataPoint><x1>1534</x1><x2>584</x2><x3>7.93</x3><x4>0.191</x4></dataPoint>
        <dataPoint><x1>1534</x1><x2>570</x2><x3>7.93</x3><x4>0.191</x4></dataPoint>
        <dataPoint><x1>1590</x1><x2>415</x2><x3>6.80</x3><x4>0.183</x4></dataPoint>
        <dataPoint><x1>1650</x1><x2>312</x2><x3>7.30</x3><x4>0.175</x4></dataPoint>
        <dataPoint><x1>1697</x1><x2>204</x2><x3>7.79</x3><x4>0.169</x4></dataPoint>
        <dataPoint><x1>1605</x1><x2>436</x2><x3>6.92</x3><x4>0.181</x4></dataPoint>
        <dataPoint><x1>1764</x1><x2>104</x2><x3>8.28</x3><x4>0.162</x4></dataPoint>
        <dataPoint><x1>1576</x1><x2>412</x2><x3>6.68</x3><x4>0.185</x4></dataPoint>
        <dataPoint><x1>1730</x1><x2>126</x2><x3>7.98</x3><x4>0.166</x4></dataPoint>
        <dataPoint><x1>1548</x1><x2>466</x2><x3>6.54</x3><x4>0.189</x4></dataPoint>
        <dataPoint><x1>1650</x1><x2>280</x2><x3>7.39</x3><x4>0.175</x4></dataPoint>
        <dataPoint><x1>1634</x1><x2>300</x2><x3>7.26</x3><x4>0.177</x4></dataPoint>
        <dataPoint><x1>1521</x1><x2>711</x2><x3>6.40</x3><x4>0.193</x4></dataPoint>
        <dataPoint><x1>1634</x1><x2>398</x2><x3>7.26</x3><x4>0.177</x4></dataPoint>
        <dataPoint><x1>1548</x1><x2>467</x2><x3>6.54</x3><x4>0.189</x4></dataPoint>
        <dataPoint><x1>1534</x1><x2>586</x2><x3>6.43</x3><x4>0.191</x4></dataPoint>
        <dataPoint><x1>1576</x1><x2>505</x2><x3>6.77</x3><x4>0.185</x4></dataPoint>
        <dataPoint><x1>1713</x1><x2>160</x2><x3>7.84</x3><x4>0.167</x4></dataPoint>
        <dataPoint><x1>1576</x1><x2>425</x2><x3>6.68</x3><x4>0.185</x4></dataPoint>
        <dataPoint><x1>1665</x1><x2>280</x2><x3>7.43</x3><x4>0.173</x4></dataPoint>
        <dataPoint><x1>1713</x1><x2>151</x2><x3>7.94</x3><x4>0.167</x4></dataPoint>
        <dataPoint><x1>1697</x1><x2>160</x2><x3>7.79</x3><x4>0.169</x4></dataPoint>
        <dataPoint><x1>1534</x1><x2>635</x2><x3>6.35</x3><x4>0.191</x4></dataPoint>
    </dataGroup>
    <ignitionType target="p" type="baseline min intercept from d/dt"/>
</experiment>
