<experiment>
    <fileAuthor>Chemical Kinetics Laboratory, Institute of Chemistry, ELTE, Budapest, Hungary</fileAuthor>
    <fileDOI>10.24388/x10004125</fileDOI>
    <fileVersion>
        <major>2</major>
        <minor>2</minor>
    </fileVersion>
    <ReSpecThVersion>
        <major>2</major>
        <minor>3</minor>
    </ReSpecThVersion>
    <firstPublicationDate>2020-09-08</firstPublicationDate>
    <lastModificationDate>2020-11-18</lastModificationDate>
    <bibliographyLink>
        <description>Frenklach, M., Bornside, D.E., Combustion anf Flame, 56, 1-27, 1984.</description>
        <referenceDOI>10.1016/0010-2180(84)90002-6</referenceDOI>
        <location>Main article</location>
        <figure>Fig. 3. triangle</figure>
        <details>
            <author>Frenklach, M and Bornside, D E</author>
            <journal>Combust Flame</journal>
            <pages>1--27</pages>
            <title>Shock-Initiated Ignition in Methane-Propane Mixtures</title>
            <volume>56</volume>
            <year>1984</year>
        </details>
    </bibliographyLink>
    <experimentType>ignition delay measurement</experimentType>
    <apparatus>
        <kind>shock tube</kind>
    </apparatus>
    <commonProperties>
        <property name="initial composition"           sourcetype="reported"  >
            <component><speciesLink preferredKey="CH4"  CAS="74-82-8"    InChI="1S/CH4/h1H4"  SMILES="C"     chemName="methane" /><amount units="mole fraction" >0.095</amount></component>
            <component><speciesLink preferredKey="O2"   CAS="7782-44-7"  InChI="1S/O2/c1-2"   SMILES="O=O"   chemName="oxygen"  /><amount units="mole fraction" >0.190</amount></component>
            <component><speciesLink preferredKey="Ar"   CAS="7440-37-1"  InChI="1S/Ar"        SMILES="[Ar]"  chemName="argon"   /><amount units="mole fraction" >0.715</amount></component>
        </property>
        <property name="evaluated standard deviation"  sourcetype="estimated"  units="unitless"       reference="ignition delay"  kind="relative"  method="statistical scatter" ><value>0.173</value></property>
    </commonProperties>
    <dataGroup id="dg1">
        <property name="temperature"     id="x1"   label="T"    sourcetype="digitized"   units="K"   />
        <property name="ignition delay"  id="x2"   label="tau"  sourcetype="digitized"   units="us"  />
        <property name="pressure"        id="x3"   label="p"    sourcetype="calculated"  units="atm" />

        <dataPoint><x1>1604.1</x1> <x2>198.04</x2><x3>2.895</x3></dataPoint>
        <dataPoint><x1>1603.4</x1> <x2>286.97</x2><x3>2.894</x3></dataPoint>
        <dataPoint><x1>1559.6</x1> <x2>298.68</x2><x3>2.815</x3></dataPoint>
        <dataPoint><x1>1529.9</x1> <x2>362.67</x2><x3>2.761</x3></dataPoint>
        <dataPoint><x1>1531.9</x1> <x2>423.25</x2><x3>2.765</x3></dataPoint>
        <dataPoint><x1>1522.0</x1> <x2>391.91</x2><x3>2.747</x3></dataPoint>
        <dataPoint><x1>1504.5</x1> <x2>440.33</x2><x3>2.716</x3></dataPoint>
        <dataPoint><x1>1501.4</x1> <x2>494.49</x2><x3>2.710</x3></dataPoint>
        <dataPoint><x1>1511.0</x1> <x2>534.04</x2><x3>2.727</x3></dataPoint>
        <dataPoint><x1>1490.0</x1> <x2>705.82</x2><x3>2.689</x3></dataPoint>
        <dataPoint><x1>1467.1</x1> <x2>763.13</x2><x3>2.648</x3></dataPoint>
        <dataPoint><x1>1451.5</x1><x2>1008.40</x2><x3>2.620</x3></dataPoint>
        <dataPoint><x1>1451.5</x1><x2>1167.90</x2><x3>2.620</x3></dataPoint>
        <dataPoint><x1>1439.7</x1> <x2>806.36</x2><x3>2.598</x3></dataPoint>
        <dataPoint><x1>1405.4</x1><x2>1365.40</x2><x3>2.537</x3></dataPoint>
    </dataGroup>
    <ignitionType target="p" type="d/dt max"/>
</experiment>
