<experiment>
    <fileAuthor>Chemical Kinetics Laboratory, Institute of Chemistry, ELTE, Budapest, Hungary</fileAuthor>
    <fileDOI>10.24388/x10004221</fileDOI>
    <fileVersion>
        <major>2</major>
        <minor>2</minor>
    </fileVersion>
    <ReSpecThVersion>
        <major>2</major>
        <minor>3</minor>
    </ReSpecThVersion>
    <firstPublicationDate>2020-09-08</firstPublicationDate>
    <lastModificationDate>2020-11-18</lastModificationDate>
    <bibliographyLink>
        <description>Bowman, C.T., Combustion Science and Technology, 2, 161-172, 1970.</description>
        <referenceDOI>10.1080/00102207008952244</referenceDOI>
        <location>Main article</location>
        <table>Table II. mixture 3</table>
        <figure>Fig. 2. CO2 rverese open triangle</figure>
        <details>
            <author>Bowman, C T</author>
            <journal>Combust Sci Technol</journal>
            <pages>161--172</pages>
            <title>An experimental and ananytical investigation of the high temperature exidation mechanisms of hydrocarbon fuels</title>
            <volume>2</volume>
            <year>1970</year>
        </details>
    </bibliographyLink>
    <experimentType>ignition delay measurement</experimentType>
    <apparatus>
        <kind>shock tube</kind>
    </apparatus>
    <commonProperties>
        <property name="pressure"                      sourcetype="reported"   units="atm"           ><value>2.6</value></property>
        <property name="initial composition"           sourcetype="reported"  >
            <component><speciesLink preferredKey="CH4"  CAS="74-82-8"    InChI="1S/CH4/h1H4"  SMILES="C"     chemName="methane" /><amount units="mole fraction" >0.025</amount></component>
            <component><speciesLink preferredKey="O2"   CAS="7782-44-7"  InChI="1S/O2/c1-2"   SMILES="O=O"   chemName="oxygen"  /><amount units="mole fraction" >0.025</amount></component>
            <component><speciesLink preferredKey="Ar"   CAS="7440-37-1"  InChI="1S/Ar"        SMILES="[Ar]"  chemName="argon"   /><amount units="mole fraction" >0.950</amount></component>
        </property>
        <property name="evaluated standard deviation"  sourcetype="estimated"  units="unitless"       reference="ignition delay"  kind="relative"  method="generic uncertainty" ><value>0.1</value></property>
    </commonProperties>
    <dataGroup id="dg1">
        <property name="temperature"     id="x1"   label="T"    sourcetype="digitized"  units="K"  />
        <property name="ignition delay"  id="x2"   label="tau"  sourcetype="digitized"  units="us" />

        <dataPoint><x1>2063.9</x1><x2>104.80</x2></dataPoint>
        <dataPoint><x1>2060.8</x1> <x2>58.78</x2></dataPoint>
    </dataGroup>
    <ignitionType target="CO2" type="relative concentration" amount="0.9" units="unitless"/>
</experiment>
