<experiment>
    <fileAuthor>Chemical Kinetics Laboratory, Institute of Chemistry, ELTE, Budapest, Hungary</fileAuthor>
    <fileDOI>10.24388/x10004348</fileDOI>
    <fileVersion>
        <major>2</major>
        <minor>2</minor>
    </fileVersion>
    <ReSpecThVersion>
        <major>2</major>
        <minor>3</minor>
    </ReSpecThVersion>
    <firstPublicationDate>2020-09-08</firstPublicationDate>
    <lastModificationDate>2020-11-18</lastModificationDate>
    <bibliographyLink>
        <description>Petersen, E.L., Davidson, D.F., Hanson, R.K., Journal of Propulsion and Power, 15, 82-91, 1999.</description>
        <referenceDOI>10.2514/2.5394</referenceDOI>
        <location>Main article</location>
        <table>Table 2, Mixture 6, p about 70 atm, tau emis.</table>
        <details>
            <author>Petersen, E L and Davidson, D F and Hanson, R K</author>
            <journal>J Propul Power</journal>
            <pages>82--91</pages>
            <title>Ignition Delay Times of Ram Accelerator CH4/O2/Diluent Mixtures</title>
            <volume>15</volume>
            <year>1999</year>
        </details>
    </bibliographyLink>
    <experimentType>ignition delay measurement</experimentType>
    <apparatus>
        <kind>shock tube</kind>
    </apparatus>
    <commonProperties>
        <property name="initial composition"  sourcetype="calculated" >
            <component><speciesLink preferredKey="CH4"  CAS="74-82-8"    InChI="1S/CH4/h1H4"  SMILES="C"     chemName="methane" /><amount units="mole fraction" >0.5000</amount></component>
            <component><speciesLink preferredKey="O2"   CAS="7782-44-7"  InChI="1S/O2/c1-2"   SMILES="O=O"   chemName="oxygen"  /><amount units="mole fraction" >0.1667</amount></component>
            <component><speciesLink preferredKey="He"   CAS="7440-59-7"  InChI="1S/He"        SMILES="[He]"  chemName="helium"  /><amount units="mole fraction" >0.3333</amount></component>
        </property>
    </commonProperties>
    <dataGroup id="dg1">
        <property name="temperature"                   id="x1"   label="T"    sourcetype="reported"  units="K"        />
        <property name="ignition delay"                id="x2"   label="tau"  sourcetype="reported"  units="us"       />
        <property name="pressure"                      id="x3"   label="p"    sourcetype="reported"  units="atm"      />
        <property name="evaluated standard deviation"  id="x4"   sourcetype="reported"  units="unitless"  reference="ignition delay"  kind="relative"  method="reported uncertainty" />

        <dataPoint><x1>1324</x1><x2>187</x2><x3>79.0</x3><x4>0.127</x4></dataPoint>
        <dataPoint><x1>1367</x1><x2>138</x2><x3>72.8</x3><x4>0.137</x4></dataPoint>
        <dataPoint><x1>1395</x1><x2>105</x2><x3>68.4</x3><x4>0.146</x4></dataPoint>
    </dataGroup>
    <ignitionType target="CHEX" type="baseline min intercept from d/dt"/>
</experiment>
