<experiment>
    <fileAuthor>Chemical Kinetics Laboratory, Institute of Chemistry, ELTE, Budapest, Hungary</fileAuthor>
    <fileDOI>10.24388/x10004090</fileDOI>
    <fileVersion>
        <major>2</major>
        <minor>2</minor>
    </fileVersion>
    <ReSpecThVersion>
        <major>2</major>
        <minor>3</minor>
    </ReSpecThVersion>
    <firstPublicationDate>2020-09-08</firstPublicationDate>
    <lastModificationDate>2020-11-18</lastModificationDate>
    <bibliographyLink>
        <description>Asaba, T., Yoneda, K., Kakihara, N., Hikita, T., Proceedings of the Combustion Institute, 9, 193-200, 1963.</description>
        <referenceDOI>10.1016/b978-1-4832-2759-7.50028-5</referenceDOI>
        <location>Main article</location>
        <figure>Fig. 8. x</figure>
        <details>
            <author>Asaba, T and Yoneda, K and Kakihara, N and Hikita, T</author>
            <journal>Symp (Int) Combust</journal>
            <pages>193--200</pages>
            <title>A shock tube study of ignition of methane-oxygen mixtures</title>
            <volume>9</volume>
            <year>1963</year>
        </details>
    </bibliographyLink>
    <experimentType>ignition delay measurement</experimentType>
    <apparatus>
        <kind>shock tube</kind>
    </apparatus>
    <commonProperties>
        <property name="pressure"                      sourcetype="reported"   units="atm"           ><value>7</value></property>
        <property name="initial composition"           sourcetype="reported"  >
            <component><speciesLink preferredKey="CH4"  CAS="74-82-8"    InChI="1S/CH4/h1H4"  SMILES="C"    chemName="methane" /><amount units="mole fraction" >0.2</amount></component>
            <component><speciesLink preferredKey="O2"   CAS="7782-44-7"  InChI="1S/O2/c1-2"   SMILES="O=O"  chemName="oxygen"  /><amount units="mole fraction" >0.8</amount></component>
        </property>
        <property name="evaluated standard deviation"  sourcetype="estimated"  units="unitless"       reference="ignition delay"  kind="relative"  method="statistical scatter" ><value>0.291</value></property>
    </commonProperties>
    <dataGroup id="dg1">
        <property name="temperature"     id="x1"   label="T"    sourcetype="digitized"  units="K"  />
        <property name="ignition delay"  id="x2"   label="tau"  sourcetype="digitized"  units="us" />

        <dataPoint><x1>1228.710</x1> <x2>152.98</x2></dataPoint>
        <dataPoint><x1>1089.960</x1> <x2>360.46</x2></dataPoint>
        <dataPoint><x1>1038.430</x1> <x2>722.85</x2></dataPoint>
        <dataPoint><x1>1009.300</x1> <x2>866.18</x2></dataPoint>
        <dataPoint> <x1>960.384</x1> <x2>805.24</x2></dataPoint>
        <dataPoint> <x1>942.116</x1> <x2>827.54</x2></dataPoint>
        <dataPoint> <x1>922.364</x1> <x2>868.73</x2></dataPoint>
        <dataPoint> <x1>965.008</x1><x2>1288.30</x2></dataPoint>
        <dataPoint> <x1>939.823</x1><x2>1254.70</x2></dataPoint>
    </dataGroup>
    <ignitionType target="p" type="baseline min intercept from d/dt"/>
</experiment>
