<experiment>
    <fileAuthor>Chemical Kinetics Laboratory, Institute of Chemistry, ELTE, Budapest, Hungary</fileAuthor>
    <fileDOI>10.24388/x10004579</fileDOI>
    <fileVersion>
        <major>2</major>
        <minor>2</minor>
    </fileVersion>
    <ReSpecThVersion>
        <major>2</major>
        <minor>3</minor>
    </ReSpecThVersion>
    <firstPublicationDate>2020-09-08</firstPublicationDate>
    <lastModificationDate>2020-11-18</lastModificationDate>
    <bibliographyLink>
        <description>Y. Liu, C. Zou, J. Cheng, H. Jia, C. Zheng, Energy and Fuels, 32, 10999–11009, 2018.</description>
        <referenceDOI>10.1021/acs.energyfuels.8b02443</referenceDOI>
        <location>Main Aricle + Supplementary</location>
        <table>Table 1 and Table S1, Mixture 1, P = 0.8 atm series</table>
        <details>
            <author>Y. Liu, C. Zou, J. Cheng, H. Jia, C. Zheng</author>
            <journal>Energy and Fuels</journal>
            <pages>10999–11009</pages>
            <title>Experimental and numerical study of the effect of CO2 on the ignition delay times of methane under different pressures and temperatures</title>
            <volume>32</volume>
            <year>2018</year>
        </details>
    </bibliographyLink>
    <experimentType>ignition delay measurement</experimentType>
    <apparatus>
        <kind>shock tube</kind>
        <mode>reflected shock</mode>
    </apparatus>
    <commonProperties>
        <property name="initial composition"           sourcetype="reported"  >
            <component><speciesLink preferredKey="CH4"  CAS="74-82-8"    InChI="1S/CH4/h1H4"  SMILES="C"    chemName="methane"  /><amount units="mole fraction" >0.05</amount></component>
            <component><speciesLink preferredKey="O2"   CAS="7782-44-7"  InChI="1S/O2/c1-2"   SMILES="O=O"  chemName="oxygen"   /><amount units="mole fraction" >0.20</amount></component>
            <component><speciesLink preferredKey="N2"   CAS="7727-37-9"  InChI="1S/N2/c1-2"   SMILES="N#N"  chemName="nitrogen" /><amount units="mole fraction" >0.75</amount></component>
        </property>
        <property name="evaluated standard deviation"  sourcetype="estimated"  units="unitless"       reference="ignition delay"  kind="relative"  method="combined from scatter and reported uncertainty" ><value>0.235</value></property>
    </commonProperties>
    <dataGroup id="dg1">
        <property name="temperature"     id="x1"   label="T"    sourcetype="reported"  units="K"   />
        <property name="ignition delay"  id="x2"   label="tau"  sourcetype="reported"  units="us"  />
        <property name="pressure"        id="x3"   label="P"    sourcetype="reported"  units="atm" />

        <dataPoint><x1>1501</x1><x2>1832</x2><x3>0.78</x3></dataPoint>
        <dataPoint><x1>1506</x1><x2>1324</x2><x3>0.78</x3></dataPoint>
        <dataPoint><x1>1530</x1> <x2>988</x2><x3>0.84</x3></dataPoint>
        <dataPoint><x1>1542</x1> <x2>769</x2><x3>0.83</x3></dataPoint>
        <dataPoint><x1>1552</x1> <x2>768</x2><x3>0.81</x3></dataPoint>
        <dataPoint><x1>1577</x1> <x2>549</x2><x3>0.84</x3></dataPoint>
        <dataPoint><x1>1571</x1> <x2>539</x2><x3>0.83</x3></dataPoint>
        <dataPoint><x1>1572</x1> <x2>509</x2><x3>0.78</x3></dataPoint>
        <dataPoint><x1>1609</x1> <x2>480</x2><x3>0.72</x3></dataPoint>
        <dataPoint><x1>1658</x1> <x2>304</x2><x3>0.80</x3></dataPoint>
        <dataPoint><x1>1729</x1> <x2>180</x2><x3>0.76</x3></dataPoint>
        <dataPoint><x1>1716</x1> <x2>174</x2><x3>0.84</x3></dataPoint>
        <dataPoint><x1>1719</x1> <x2>152</x2><x3>0.81</x3></dataPoint>
        <dataPoint><x1>1780</x1> <x2>118</x2><x3>0.74</x3></dataPoint>
        <dataPoint><x1>1847</x1>  <x2>80</x2><x3>0.80</x3></dataPoint>
    </dataGroup>
    <ignitionType target="OHEX" type="baseline min intercept from d/dt"/>
</experiment>
