<experiment>
    <fileAuthor>Chemical Kinetics Laboratory, Institute of Chemistry, ELTE, Budapest, Hungary</fileAuthor>
    <fileDOI>10.24388/x10004095</fileDOI>
    <fileVersion>
        <major>2</major>
        <minor>2</minor>
    </fileVersion>
    <ReSpecThVersion>
        <major>2</major>
        <minor>3</minor>
    </ReSpecThVersion>
    <firstPublicationDate>2020-09-08</firstPublicationDate>
    <lastModificationDate>2020-11-18</lastModificationDate>
    <bibliographyLink>
        <description>Cooke, D.F., Williams, A., Proceedings of the Combustion Institute, 13, 757-766, 1971.</description>
        <referenceDOI>10.1016/s0082-0784(71)80078-4</referenceDOI>
        <location>Main article</location>
        <figure>Fig. 2 open square</figure>
        <details>
            <author>Cooke, D F and Williams, A</author>
            <journal>Symp (Int) Combust</journal>
            <pages>757--766</pages>
            <title>Shock-tube studies of the ignition and combustion of ethane and slightly rich methane mixtures with oxygen</title>
            <volume>13</volume>
            <year>1971</year>
        </details>
    </bibliographyLink>
    <experimentType>ignition delay measurement</experimentType>
    <apparatus>
        <kind>shock tube</kind>
    </apparatus>
    <commonProperties>
        <property name="pressure"                      sourcetype="calculated"  units="atm"           ><value>0.329</value></property>
        <property name="initial composition"           sourcetype="calculated" >
            <component><speciesLink preferredKey="CH4"  CAS="74-82-8"    InChI="1S/CH4/h1H4"  SMILES="C"     chemName="methane" /><amount units="mole fraction" >0.02</amount></component>
            <component><speciesLink preferredKey="O2"   CAS="7782-44-7"  InChI="1S/O2/c1-2"   SMILES="O=O"   chemName="oxygen"  /><amount units="mole fraction" >0.08</amount></component>
            <component><speciesLink preferredKey="Ar"   CAS="7440-37-1"  InChI="1S/Ar"        SMILES="[Ar]"  chemName="argon"   /><amount units="mole fraction" >0.90</amount></component>
        </property>
        <property name="evaluated standard deviation"  sourcetype="estimated"   units="unitless"       reference="ignition delay"  kind="relative"  method="generic uncertainty" ><value>0.1</value></property>
    </commonProperties>
    <dataGroup id="dg1">
        <property name="temperature"     id="x1"   label="T"    sourcetype="digitized"  units="K"  />
        <property name="ignition delay"  id="x2"   label="tau"  sourcetype="digitized"  units="us" />

        <dataPoint><x1>2025.86</x1><x2>160.54</x2></dataPoint>
        <dataPoint><x1>1958.33</x1><x2>176.52</x2></dataPoint>
        <dataPoint><x1>1946.16</x1><x2>211.63</x2></dataPoint>
        <dataPoint><x1>1876.24</x1><x2>218.96</x2></dataPoint>
        <dataPoint><x1>1854.04</x1><x2>241.06</x2></dataPoint>
        <dataPoint><x1>1910.57</x1><x2>235.74</x2></dataPoint>
        <dataPoint><x1>1879.99</x1><x2>253.26</x2></dataPoint>
        <dataPoint><x1>1857.70</x1><x2>262.44</x2></dataPoint>
        <dataPoint><x1>1828.79</x1><x2>281.94</x2></dataPoint>
    </dataGroup>
    <ignitionType target="OHEX" type="relative concentration" amount="0.05" units="unitless"/>
</experiment>
