<experiment>
    <fileAuthor>Chemical Kinetics Laboratory, Institute of Chemistry, ELTE, Budapest, Hungary</fileAuthor>
    <fileDOI>10.24388/x10004085</fileDOI>
    <fileVersion>
        <major>2</major>
        <minor>2</minor>
    </fileVersion>
    <ReSpecThVersion>
        <major>2</major>
        <minor>3</minor>
    </ReSpecThVersion>
    <firstPublicationDate>2020-09-08</firstPublicationDate>
    <lastModificationDate>2020-11-18</lastModificationDate>
    <bibliographyLink>
        <description>Asaba, T., Yoneda, K., Kakihara, N., Hikita, T., Proceedings of the Combustion Institute, 9, 193-200, 1963.</description>
        <referenceDOI>10.1016/b978-1-4832-2759-7.50028-5</referenceDOI>
        <location>Main article</location>
        <figure>Fig. 7. open crossed circle</figure>
        <details>
            <author>Asaba, T and Yoneda, K and Kakihara, N and Hikita, T</author>
            <journal>Symp (Int) Combust</journal>
            <pages>193--200</pages>
            <title>A shock tube study of ignition of methane-oxygen mixtures</title>
            <volume>9</volume>
            <year>1963</year>
        </details>
    </bibliographyLink>
    <experimentType>ignition delay measurement</experimentType>
    <apparatus>
        <kind>shock tube</kind>
    </apparatus>
    <commonProperties>
        <property name="pressure"                      sourcetype="reported"   units="atm"           ><value>10</value></property>
        <property name="initial composition"           sourcetype="reported"  >
            <component><speciesLink preferredKey="CH4"  CAS="74-82-8"    InChI="1S/CH4/h1H4"  SMILES="C"    chemName="methane"  /><amount units="mole fraction" >0.100</amount></component>
            <component><speciesLink preferredKey="O2"   CAS="7782-44-7"  InChI="1S/O2/c1-2"   SMILES="O=O"  chemName="oxygen"   /><amount units="mole fraction" >0.189</amount></component>
            <component><speciesLink preferredKey="N2"   CAS="7727-37-9"  InChI="1S/N2/c1-2"   SMILES="N#N"  chemName="nitrogen" /><amount units="mole fraction" >0.711</amount></component>
        </property>
        <property name="evaluated standard deviation"  sourcetype="estimated"  units="unitless"       reference="ignition delay"  kind="relative"  method="generic uncertainty" ><value>0.1</value></property>
    </commonProperties>
    <dataGroup id="dg1">
        <property name="temperature"     id="x1"   label="T"    sourcetype="digitized"  units="K"  />
        <property name="ignition delay"  id="x2"   label="tau"  sourcetype="digitized"  units="us" />

        <dataPoint><x1>1853.95</x1> <x2>439.61</x2></dataPoint>
        <dataPoint><x1>1817.49</x1> <x2>587.16</x2></dataPoint>
        <dataPoint><x1>1670.02</x1> <x2>940.43</x2></dataPoint>
        <dataPoint><x1>1611.82</x1><x2>1411.30</x2></dataPoint>
    </dataGroup>
    <ignitionType target="p" type="baseline min intercept from d/dt"/>
</experiment>
