<experiment>
    <fileAuthor>Chemical Kinetics Laboratory, Institute of Chemistry, ELTE, Budapest, Hungary</fileAuthor>
    <fileDOI>10.24388/x10004184</fileDOI>
    <fileVersion>
        <major>2</major>
        <minor>2</minor>
    </fileVersion>
    <ReSpecThVersion>
        <major>2</major>
        <minor>3</minor>
    </ReSpecThVersion>
    <firstPublicationDate>2020-09-08</firstPublicationDate>
    <lastModificationDate>2020-11-18</lastModificationDate>
    <bibliographyLink>
        <description>Zhang, Y., Jiang, X., Wei, L., Zhang, J., Tang, C., Huang, Z., International Journal of Hydrogen Energy, 37, 19168-19176, 2012.</description>
        <referenceDOI>10.1016/j.ijhydene.2012.09.056</referenceDOI>
        <location>Main article</location>
        <table>Table 1, 40 % CH4, 60 % H2</table>
        <figure>Fig. 4, triangle</figure>
        <details>
            <author>Zhang, Y., Jiang, X., Wei, L., Zhang, J., Tang, C., Huang, Z.</author>
            <journal>International Journal of Hydrogen Energy</journal>
            <pages>19168--19176</pages>
            <title>Experimental and modeling study on auto-ignition characteristics of methane/hydrogen blends under engine relevant pressure</title>
            <volume>37</volume>
            <year>2012</year>
        </details>
    </bibliographyLink>
    <experimentType>ignition delay measurement</experimentType>
    <apparatus>
        <kind>shock tube</kind>
    </apparatus>
    <commonProperties>
        <property name="pressure"             sourcetype="reported"  units="MPa"           ><value>1.8</value></property>
        <property name="initial composition"  sourcetype="reported" >
            <component><speciesLink preferredKey="CH4"  CAS="74-82-8"    InChI="1S/CH4/h1H4"  SMILES="C"     chemName="methane"  /><amount units="mole fraction" >0.02211</amount></component>
            <component><speciesLink preferredKey="H2"   CAS="1333-74-0"  InChI="1S/H2/h1H"    SMILES="[HH]"  chemName="hydrogen" /><amount units="mole fraction" >0.03316</amount></component>
            <component><speciesLink preferredKey="O2"   CAS="7782-44-7"  InChI="1S/O2/c1-2"   SMILES="O=O"   chemName="oxygen"   /><amount units="mole fraction" >0.03309</amount></component>
            <component><speciesLink preferredKey="Ar"   CAS="7440-37-1"  InChI="1S/Ar"        SMILES="[Ar]"  chemName="argon"    /><amount units="mole fraction" >0.91434</amount></component>
        </property>
        <property name="pressure rise"        label="dp/dt"  sourcetype="reported"  units="ms-1"          ><value>0.04</value></property>
    </commonProperties>
    <dataGroup id="dg1">
        <property name="temperature"                   id="x1"   label="T"    sourcetype="digitized"  units="K"        />
        <property name="ignition delay"                id="x2"   label="tau"  sourcetype="digitized"  units="us"       />
        <property name="evaluated standard deviation"  id="x3"   sourcetype="estimated"  units="unitless"  reference="ignition delay"  kind="relative"  method="combined from scatter and the uncertainty of conditions" />

        <dataPoint><x1>1378.2</x1> <x2>235.61</x2><x3>0.166</x3></dataPoint>
        <dataPoint><x1>1362.7</x1> <x2>321.16</x2><x3>0.166</x3></dataPoint>
        <dataPoint><x1>1266.6</x1> <x2>665.07</x2> <x3>0.17</x3></dataPoint>
        <dataPoint><x1>1148.5</x1><x2>1820.00</x2><x3>0.174</x3></dataPoint>
        <dataPoint><x1>1137.7</x1><x2>1966.60</x2><x3>0.174</x3></dataPoint>
        <dataPoint><x1>1130.6</x1><x2>1792.10</x2><x3>0.175</x3></dataPoint>
        <dataPoint><x1>1095.7</x1><x2>3178.60</x2><x3>0.176</x3></dataPoint>
    </dataGroup>
    <ignitionType target="OHEX" type="baseline min intercept from d/dt"/>
</experiment>
