<experiment>
    <fileAuthor>Chemical Kinetics Laboratory, Institute of Chemistry, ELTE, Budapest, Hungary</fileAuthor>
    <fileDOI>10.24388/x10004008</fileDOI>
    <fileVersion>
        <major>2</major>
        <minor>2</minor>
    </fileVersion>
    <ReSpecThVersion>
        <major>2</major>
        <minor>3</minor>
    </ReSpecThVersion>
    <firstPublicationDate>2020-09-08</firstPublicationDate>
    <lastModificationDate>2020-11-18</lastModificationDate>
    <bibliographyLink>
        <description>Spadaccini, L.J., Colket III, M.B., Progress in Energy and Combustion Science, (20), 431-460, 1994.</description>
        <referenceDOI>10.1016/0360-1285(94)90011-6</referenceDOI>
        <location>Main article</location>
        <table>Table 5., phi=0.7527</table>
        <figure>Fig. 4. (not used)</figure>
        <details>
            <author>Spadaccini, L J and Colket, M B</author>
            <journal>Prog Energy Combust Sci</journal>
            <number>5</number>
            <pages>431--460</pages>
            <title>Ignition delay characteristics of methane fuels</title>
            <volume>20</volume>
            <year>1994</year>
        </details>
    </bibliographyLink>
    <experimentType>ignition delay measurement</experimentType>
    <apparatus>
        <kind>shock tube</kind>
    </apparatus>
    <commonProperties>
        <property name="initial composition"  sourcetype="reported" >
            <component><speciesLink preferredKey="CH4"  CAS="74-82-8"    InChI="1S/CH4/h1H4"  SMILES="C"     chemName="methane" /><amount units="mole fraction" >0.035</amount></component>
            <component><speciesLink preferredKey="O2"   CAS="7782-44-7"  InChI="1S/O2/c1-2"   SMILES="O=O"   chemName="oxygen"  /><amount units="mole fraction" >0.093</amount></component>
            <component><speciesLink preferredKey="Ar"   CAS="7440-37-1"  InChI="1S/Ar"        SMILES="[Ar]"  chemName="argon"   /><amount units="mole fraction" >0.872</amount></component>
        </property>
    </commonProperties>
    <dataGroup id="dg1">
        <property name="temperature"                   id="x1"   label="T"    sourcetype="reported"   units="K"        />
        <property name="pressure"                      id="x2"   label="p"    sourcetype="reported"   units="atm"      />
        <property name="ignition delay"                id="x3"   label="tau"  sourcetype="reported"   units="s"        />
        <property name="evaluated standard deviation"  id="x4"   sourcetype="estimated"  units="unitless"  reference="ignition delay"  kind="relative"  method="combined from scatter and reported uncertainty" />

        <dataPoint><x1>1479</x1><x2>3.80</x2><x3>7.40e-004</x3><x4>0.469</x4></dataPoint>
        <dataPoint><x1>1701</x1><x2>4.72</x2><x3>1.47e-004</x3><x4>0.438</x4></dataPoint>
        <dataPoint><x1>1634</x1><x2>4.18</x2><x3>1.90e-004</x3><x4>0.446</x4></dataPoint>
        <dataPoint><x1>1484</x1><x2>3.40</x2><x3>1.05e-003</x3><x4>0.468</x4></dataPoint>
        <dataPoint><x1>1589</x1><x2>3.70</x2><x3>3.68e-004</x3><x4>0.451</x4></dataPoint>
        <dataPoint><x1>1759</x1><x2>8.81</x2><x3>4.10e-005</x3><x4>0.433</x4></dataPoint>
        <dataPoint><x1>1648</x1><x2>7.94</x2><x3>1.28e-004</x3><x4>0.444</x4></dataPoint>
        <dataPoint><x1>1546</x1><x2>7.10</x2><x3>2.34e-004</x3><x4>0.458</x4></dataPoint>
        <dataPoint><x1>1481</x1><x2>6.63</x2><x3>4.62e-004</x3><x4>0.469</x4></dataPoint>
        <dataPoint><x1>1670</x1><x2>8.51</x2><x3>8.40e-005</x3><x4>0.441</x4></dataPoint>
    </dataGroup>
    <ignitionType target="p;" type="d/dt max"/>
</experiment>
