<experiment>
    <fileAuthor>Chemical Kinetics Laboratory, Institute of Chemistry, ELTE, Budapest, Hungary</fileAuthor>
    <fileDOI>10.24388/x10004014</fileDOI>
    <fileVersion>
        <major>2</major>
        <minor>2</minor>
    </fileVersion>
    <ReSpecThVersion>
        <major>2</major>
        <minor>3</minor>
    </ReSpecThVersion>
    <firstPublicationDate>2020-09-08</firstPublicationDate>
    <lastModificationDate>2020-11-18</lastModificationDate>
    <bibliographyLink>
        <description>Brabbs, T.A., Robertson, T.F., NASA Technical Memorandum 87268, 1-9, 1986.</description>
        <location>Main article</location>
        <table>Table II., phi=1.0</table>
        <details>
            <author>Brabbs, Theodore A and Robertson, Thomas F</author>
            <institution>NASA Technical Memorandum 87268</institution>
            <title>Methane oxidation behind reflected shock waves -- Ignition delay times measured by pressure and flame band emission</title>
            <year>1986</year>
        </details>
    </bibliographyLink>
    <experimentType>ignition delay measurement</experimentType>
    <apparatus>
        <kind>shock tube</kind>
    </apparatus>
    <commonProperties>
        <property name="initial composition"           sourcetype="reported"  >
            <component><speciesLink preferredKey="CH4"  CAS="74-82-8"    InChI="1S/CH4/h1H4"  SMILES="C"     chemName="methane" /><amount units="mole fraction" >0.02</amount></component>
            <component><speciesLink preferredKey="O2"   CAS="7782-44-7"  InChI="1S/O2/c1-2"   SMILES="O=O"   chemName="oxygen"  /><amount units="mole fraction" >0.04</amount></component>
            <component><speciesLink preferredKey="Ar"   CAS="7440-37-1"  InChI="1S/Ar"        SMILES="[Ar]"  chemName="argon"   /><amount units="mole fraction" >0.94</amount></component>
        </property>
        <property name="evaluated standard deviation"  sourcetype="estimated"  units="unitless"       reference="ignition delay"  kind="relative"  method="generic uncertainty" ><value>0.1</value></property>
    </commonProperties>
    <dataGroup id="dg1">
        <property name="temperature"     id="x1"   label="T"    sourcetype="reported"  units="K"   />
        <property name="pressure"        id="x2"   label="p"    sourcetype="reported"  units="atm" />
        <property name="ignition delay"  id="x3"   label="tau"  sourcetype="reported"  units="us"  />

        <dataPoint><x1>1.915000e+003</x1><x2>3.680000e+000</x2><x3>5.900000e+001</x3></dataPoint>
        <dataPoint><x1>1.866000e+003</x1><x2>3.536000e+000</x2><x3>7.800000e+001</x3></dataPoint>
        <dataPoint><x1>1.802000e+003</x1><x2>3.354000e+000</x2><x3>1.660000e+002</x3></dataPoint>
        <dataPoint><x1>1.780000e+003</x1><x2>3.279000e+000</x2><x3>2.190000e+002</x3></dataPoint>
        <dataPoint><x1>1.775000e+003</x1><x2>3.278000e+000</x2><x3>1.920000e+002</x3></dataPoint>
        <dataPoint><x1>1.746000e+003</x1><x2>3.183000e+000</x2><x3>2.950000e+002</x3></dataPoint>
        <dataPoint><x1>1.732000e+003</x1><x2>3.147000e+000</x2><x3>3.830000e+002</x3></dataPoint>
        <dataPoint><x1>1.725000e+003</x1><x2>3.122000e+000</x2><x3>3.960000e+002</x3></dataPoint>
        <dataPoint><x1>1.710000e+003</x1><x2>3.082000e+000</x2><x3>4.140000e+002</x3></dataPoint>
        <dataPoint><x1>1.707000e+003</x1><x2>3.077000e+000</x2><x3>5.590000e+002</x3></dataPoint>
        <dataPoint><x1>1.689000e+003</x1><x2>3.023000e+000</x2><x3>5.220000e+002</x3></dataPoint>
        <dataPoint><x1>1.689000e+003</x1><x2>3.032000e+000</x2><x3>5.890000e+002</x3></dataPoint>
        <dataPoint><x1>1.655000e+003</x1><x2>2.932000e+000</x2><x3>7.750000e+002</x3></dataPoint>
        <dataPoint><x1>1.645000e+003</x1><x2>2.900000e+000</x2><x3>8.610000e+002</x3></dataPoint>
        <dataPoint><x1>1.635000e+003</x1><x2>2.876000e+000</x2><x3>9.730000e+002</x3></dataPoint>
        <dataPoint><x1>1.629000e+003</x1><x2>2.855000e+000</x2><x3>1.075000e+003</x3></dataPoint>
        <dataPoint><x1>1.615000e+003</x1><x2>2.822000e+000</x2><x3>1.144000e+003</x3></dataPoint>
        <dataPoint><x1>1.593000e+003</x1><x2>2.761000e+000</x2><x3>1.471000e+003</x3></dataPoint>
    </dataGroup>
    <ignitionType target="CHEX;" type="d/dt max"/>
</experiment>
