<experiment>
    <fileAuthor>Chemical Kinetics Laboratory, Institute of Chemistry, ELTE, Budapest, Hungary</fileAuthor>
    <fileDOI>10.24388/x10004461</fileDOI>
    <fileVersion>
        <major>2</major>
        <minor>2</minor>
    </fileVersion>
    <ReSpecThVersion>
        <major>2</major>
        <minor>3</minor>
    </ReSpecThVersion>
    <firstPublicationDate>2020-09-08</firstPublicationDate>
    <lastModificationDate>2020-11-18</lastModificationDate>
    <bibliographyLink>
        <description>Gurentsov, E. V., Divakov, O. G., Eremin, A. V., High Temperature, 40, 379-386., 2002.</description>
        <referenceDOI>10.1023/A:1016012007493</referenceDOI>
        <location>Main article</location>
        <table>Table 1 and Table 2</table>
        <details>
            <author>Gurentsov, E V and Divakov, O G and Eremin, A V</author>
            <journal>High Temperature</journal>
            <pages>379--386</pages>
            <title>Ignition of Multicomponent Hydrocarbon/Air Mixtures behind Shock Waves</title>
            <volume>40</volume>
            <year>2002</year>
        </details>
    </bibliographyLink>
    <experimentType>ignition delay measurement</experimentType>
    <commonProperties>
        <property name="initial composition"           sourcetype="calculated" >
            <component><speciesLink preferredKey="CH4"  CAS="74-82-8"    InChI="1S/CH4/h1H4"  SMILES="C"          chemName="methane"         /><amount units="mole fraction" >0.03846</amount></component>
            <component><speciesLink preferredKey="O2"   CAS="7782-44-7"  InChI="1S/O2/c1-2"   SMILES="O=O"        chemName="oxygen"          /><amount units="mole fraction" >0.15385</amount></component>
            <component><speciesLink preferredKey="H2"   CAS="1333-74-0"  InChI="1S/H2/h1H"    SMILES="[HH]"       chemName="hydrogen"        /><amount units="mole fraction" >0.11538</amount></component>
            <component><speciesLink preferredKey="CO"   CAS="630-08-0"   InChI="1S/CO/c1-2"   SMILES="[C-]#[O+]"  chemName="carbon monoxide" /><amount units="mole fraction" >0.03846</amount></component>
            <component><speciesLink preferredKey="H2O"  CAS="7732-18-5"  InChI="1S/H2O/h1H2"  SMILES="O"          chemName="water"           /><amount units="mole fraction" >0.03846</amount></component>
            <component><speciesLink preferredKey="N2"   CAS="7727-37-9"  InChI="1S/N2/c1-2"   SMILES="N#N"        chemName="nitrogen"        /><amount units="mole fraction" >0.61539</amount></component>
        </property>
        <property name="evaluated standard deviation"  sourcetype="estimated"   units="unitless"       reference="ignition delay"  kind="relative"  method="combined from scatter and reported uncertainty" ><value>0.321</value></property>
    </commonProperties>
    <dataGroup id="dg1">
        <property name="temperature"     id="x1"   label="T"    sourcetype="reported"  units="K"   />
        <property name="pressure"        id="x2"   label="p"    sourcetype="reported"  units="atm" />
        <property name="ignition delay"  id="x3"   label="tau"  sourcetype="reported"  units="us"  />

        <dataPoint><x1>1066</x1><x2>5.3</x2><x3>615</x3></dataPoint>
        <dataPoint><x1>1096</x1><x2>4.8</x2><x3>506</x3></dataPoint>
        <dataPoint><x1>1151</x1><x2>6.1</x2><x3>290</x3></dataPoint>
        <dataPoint><x1>1170</x1><x2>6.4</x2><x3>260</x3></dataPoint>
        <dataPoint><x1>1189</x1><x2>3.3</x2><x3>220</x3></dataPoint>
        <dataPoint><x1>1229</x1><x2>5.3</x2><x3>148</x3></dataPoint>
        <dataPoint><x1>1250</x1><x2>5.5</x2><x3>140</x3></dataPoint>
        <dataPoint><x1>1316</x1><x2>4.1</x2> <x3>68</x3></dataPoint>
        <dataPoint><x1>1390</x1><x2>4.5</x2> <x3>15</x3></dataPoint>
        <dataPoint><x1>1417</x1><x2>7.0</x2> <x3>26</x3></dataPoint>
    </dataGroup>
    <ignitionType target="OHEX" type="max"/>
</experiment>
