<experiment>
    <fileAuthor>Chemical Kinetics Laboratory, Institute of Chemistry, ELTE, Budapest, Hungary</fileAuthor>
    <fileDOI>10.24388/x10004431</fileDOI>
    <fileVersion>
        <major>2</major>
        <minor>2</minor>
    </fileVersion>
    <ReSpecThVersion>
        <major>2</major>
        <minor>3</minor>
    </ReSpecThVersion>
    <firstPublicationDate>2020-09-08</firstPublicationDate>
    <lastModificationDate>2020-11-18</lastModificationDate>
    <bibliographyLink>
        <description>Dean, A.M., Kistiakowsky, G.B., The Journal of Chemical Physics, 54, 1718-1725, 1971.</description>
        <referenceDOI>10.1063/1.1675077</referenceDOI>
        <location>Main article</location>
        <table>Table 1. mixture 2</table>
        <figure>Fig 3. full triangle</figure>
        <details>
            <author>Dean, A M and Kistiakowsky, G B</author>
            <journal>J Chem Phys</journal>
            <number>4</number>
            <pages>1718--1725</pages>
            <title>Oxidation of carbon monoxide/methane mixtures in shock waves</title>
            <volume>54</volume>
            <year>1971</year>
        </details>
    </bibliographyLink>
    <experimentType>ignition delay measurement</experimentType>
    <apparatus>
        <kind>shock tube</kind>
    </apparatus>
    <commonProperties>
        <property name="initial composition"           sourcetype="reported"  >
            <component><speciesLink preferredKey="CH4"  CAS="74-82-8"    InChI="1S/CH4/h1H4"  SMILES="C"          chemName="methane"         /><amount units="mole fraction" >0.0005</amount></component>
            <component><speciesLink preferredKey="O2"   CAS="7782-44-7"  InChI="1S/O2/c1-2"   SMILES="O=O"        chemName="oxygen"          /><amount units="mole fraction" >0.0213</amount></component>
            <component><speciesLink preferredKey="CO"   CAS="630-08-0"   InChI="1S/CO/c1-2"   SMILES="[C-]#[O+]"  chemName="carbon monoxide" /><amount units="mole fraction" >0.0432</amount></component>
            <component><speciesLink preferredKey="Ar"   CAS="7440-37-1"  InChI="1S/Ar"        SMILES="[Ar]"       chemName="argon"           /><amount units="mole fraction" >0.9350</amount></component>
        </property>
        <property name="evaluated standard deviation"  sourcetype="estimated"  units="unitless"       reference="ignition delay"  kind="relative"  method="generic uncertainty" ><value>0.1</value></property>
    </commonProperties>
    <dataGroup id="dg1">
        <property name="temperature"     id="x1"   label="T"    sourcetype="digitized"   units="K"  />
        <property name="pressure"        id="x2"   label="p"    sourcetype="calculated"  units="Pa" />
        <property name="ignition delay"  id="x3"   label="tau"  sourcetype="digitized"   units="us" />

        <dataPoint><x1>2.578822e+003</x1><x2>1.78e+004</x2><x3>9.929103e+001</x3></dataPoint>
        <dataPoint><x1>2.565984e+003</x1><x2>1.77e+004</x2><x3>1.129640e+002</x3></dataPoint>
        <dataPoint><x1>2.458549e+003</x1><x2>1.70e+004</x2><x3>1.380098e+002</x3></dataPoint>
        <dataPoint><x1>2.400142e+003</x1><x2>1.66e+004</x2><x3>1.763925e+002</x3></dataPoint>
        <dataPoint><x1>2.364351e+003</x1><x2>1.63e+004</x2><x3>1.786405e+002</x3></dataPoint>
        <dataPoint><x1>2.325143e+003</x1><x2>1.61e+004</x2><x3>1.994160e+002</x3></dataPoint>
        <dataPoint><x1>2.316520e+003</x1><x2>1.60e+004</x2><x3>2.139686e+002</x3></dataPoint>
        <dataPoint><x1>2.222835e+003</x1><x2>1.53e+004</x2><x3>2.647464e+002</x3></dataPoint>
        <dataPoint><x1>2.182582e+003</x1><x2>1.51e+004</x2><x3>3.012035e+002</x3></dataPoint>
        <dataPoint><x1>2.111482e+003</x1><x2>1.46e+004</x2><x3>3.753358e+002</x3></dataPoint>
        <dataPoint><x1>2.095808e+003</x1><x2>1.45e+004</x2><x3>3.825340e+002</x3></dataPoint>
        <dataPoint><x1>2.046693e+003</x1><x2>1.41e+004</x2><x3>4.733147e+002</x3></dataPoint>
        <dataPoint><x1>1.998082e+003</x1><x2>1.38e+004</x2><x3>5.527389e+002</x3></dataPoint>
        <dataPoint><x1>1.926552e+003</x1><x2>1.33e+004</x2><x3>7.245861e+002</x3></dataPoint>
        <dataPoint><x1>1.864002e+003</x1><x2>1.29e+004</x2><x3>8.965200e+002</x3></dataPoint>
        <dataPoint><x1>1.833002e+003</x1><x2>1.27e+004</x2><x3>9.749896e+002</x3></dataPoint>
        <dataPoint><x1>1.831700e+003</x1><x2>1.26e+004</x2><x3>1.007140e+003</x3></dataPoint>
        <dataPoint><x1>1.775070e+003</x1><x2>1.23e+004</x2><x3>1.254065e+003</x3></dataPoint>
        <dataPoint><x1>1.748120e+003</x1><x2>1.21e+004</x2><x3>1.363798e+003</x3></dataPoint>
    </dataGroup>
    <ignitionType target="CO2" type="relative concentration" amount="0.00145" units="unitless"/>
</experiment>
