<experiment>
    <fileAuthor>Chemical Kinetics Laboratory, Institute of Chemistry, ELTE, Budapest, Hungary</fileAuthor>
    <fileDOI>10.24388/x10004514</fileDOI>
    <fileVersion>
        <major>2</major>
        <minor>2</minor>
    </fileVersion>
    <ReSpecThVersion>
        <major>2</major>
        <minor>3</minor>
    </ReSpecThVersion>
    <firstPublicationDate>2020-09-08</firstPublicationDate>
    <lastModificationDate>2020-11-18</lastModificationDate>
    <bibliographyLink>
        <description>H. El Merhubi, A. Kéromnès, G. Catalano, B. Lefort, L. Le Moyne, Fuel, 177, 164-172, 2016.</description>
        <referenceDOI>10.1016/j.fuel.2016.03.016</referenceDOI>
        <location>Main article; Supplementary material, Phi = 1, p = 10 bar</location>
        <table>Table 2, Mixture 2; Supplementary material, Phi = 1, p = 10 bar</table>
        <figure>Fig. 5. black square (not used)</figure>
        <details>
            <author>H. El Merhubi, A. Kéromnès, G. Catalano, B. Lefort, L. Le Moyne</author>
            <journal>Fuel</journal>
            <pages>164--172</pages>
            <title>A high pressure experimental and numerical study of methane ignition</title>
            <volume>177</volume>
            <year>2016</year>
        </details>
    </bibliographyLink>
    <experimentType>ignition delay measurement</experimentType>
    <apparatus>
        <kind>shock tube</kind>
        <mode>reflected</mode>
    </apparatus>
    <commonProperties>
        <property name="equivalence ratio"             label="phi"    sourcetype="reported"   units="unitless" ><value>1</value></property>
        <property name="pressure rise"                 label="dp/dt"  sourcetype="reported"   units="ms-1"      kind="relative" ><value>0.03</value></property>
        <property name="initial composition"           sourcetype="reported"  >
            <component><speciesLink preferredKey="CH4"  CAS="74-82-8"    InChI="1S/CH4/h1H4"  SMILES="C"     chemName="methane" /><amount units="percent" >2</amount></component>
            <component><speciesLink preferredKey="O2"   CAS="7782-44-7"  InChI="1S/O2/c1-2"   SMILES="O=O"   chemName="oxygen"  /><amount units="percent" >4</amount></component>
            <component><speciesLink preferredKey="Ar"   CAS="7440-37-1"  InChI="1S/Ar"        SMILES="[Ar]"  chemName="argon"   /><amount units="percent" >94</amount></component>
        </property>
        <property name="evaluated standard deviation"  sourcetype="estimated"  units="unitless"  reference="ignition delay"  kind="relative"  method="combined from scatter and reported uncertainty" ><value>0.162</value></property>
    </commonProperties>
    <dataGroup id="dg1">
        <property name="pressure"        id="x1"   label="p"    sourcetype="reported"  units="bar"      />
        <property name="temperature"     id="x2"   label="T"    sourcetype="reported"  units="K"        />
        <property name="ignition delay"  id="x3"   label="tau"  sourcetype="reported"  units="us"       />
        <property name="uncertainty"     id="x4"   label="d_T"  sourcetype="reported"  units="unitless"  reference="temperature"  kind="relative"  bound="plusminus" />

        <dataPoint> <x1>9.9</x1><x2>1680</x2><x3>196</x3><x4>0.01</x4></dataPoint>
        <dataPoint> <x1>9.5</x1><x2>1561</x2><x3>480</x3><x4>0.01</x4></dataPoint>
        <dataPoint> <x1>9.6</x1><x2>1610</x2><x3>277</x3><x4>0.01</x4></dataPoint>
        <dataPoint> <x1>9.8</x1><x2>1541</x2><x3>502</x3><x4>0.01</x4></dataPoint>
        <dataPoint><x1>10.0</x1><x2>1683</x2><x3>154</x3><x4>0.01</x4></dataPoint>
        <dataPoint><x1>10.5</x1><x2>1567</x2><x3>461</x3><x4>0.01</x4></dataPoint>
        <dataPoint><x1>10.3</x1><x2>1554</x2><x3>446</x3><x4>0.01</x4></dataPoint>
        <dataPoint> <x1>9.7</x1><x2>1499</x2><x3>810</x3><x4>0.01</x4></dataPoint>
        <dataPoint><x1>10.4</x1><x2>1513</x2><x3>511</x3><x4>0.01</x4></dataPoint>
        <dataPoint> <x1>9.9</x1><x2>1561</x2><x3>463</x3><x4>0.01</x4></dataPoint>
        <dataPoint> <x1>9.9</x1><x2>1471</x2><x3>700</x3><x4>0.01</x4></dataPoint>
        <dataPoint> <x1>9.9</x1><x2>1600</x2><x3>365</x3><x4>0.01</x4></dataPoint>
        <dataPoint> <x1>9.9</x1><x2>1617</x2><x3>366</x3><x4>0.01</x4></dataPoint>
        <dataPoint><x1>10.3</x1><x2>1600</x2><x3>357</x3><x4>0.01</x4></dataPoint>
        <dataPoint><x1>10.2</x1><x2>1657</x2><x3>228</x3><x4>0.01</x4></dataPoint>
        <dataPoint><x1>10.2</x1><x2>1670</x2><x3>170</x3><x4>0.01</x4></dataPoint>
        <dataPoint><x1>10.3</x1><x2>1741</x2> <x3>86</x3><x4>0.01</x4></dataPoint>
        <dataPoint><x1>10.3</x1><x2>1839</x2> <x3>39</x3><x4>0.01</x4></dataPoint>
        <dataPoint><x1>10.3</x1><x2>1814</x2> <x3>53</x3><x4>0.01</x4></dataPoint>
        <dataPoint><x1>10.3</x1><x2>1721</x2><x3>117</x3><x4>0.01</x4></dataPoint>
        <dataPoint><x1>10.0</x1><x2>1667</x2><x3>227</x3><x4>0.01</x4></dataPoint>
        <dataPoint><x1>10.2</x1><x2>1548</x2><x3>568</x3><x4>0.01</x4></dataPoint>
        <dataPoint><x1>10.7</x1><x2>1653</x2><x3>173</x3><x4>0.01</x4></dataPoint>
        <dataPoint><x1>10.5</x1><x2>1807</x2> <x3>47</x3><x4>0.01</x4></dataPoint>
        <dataPoint><x1>10.3</x1><x2>1633</x2><x3>236</x3><x4>0.01</x4></dataPoint>
        <dataPoint><x1>10.4</x1><x2>1600</x2><x3>301</x3><x4>0.01</x4></dataPoint>
        <dataPoint><x1>10.3</x1><x2>1690</x2><x3>181</x3><x4>0.01</x4></dataPoint>
        <dataPoint><x1>10.3</x1><x2>1677</x2><x3>151</x3><x4>0.01</x4></dataPoint>
    </dataGroup>
    <ignitionType target="p" type="d/dt max"/>
</experiment>
