<experiment>
    <fileAuthor>Chemical Kinetics Laboratory, Institute of Chemistry, ELTE, Budapest, Hungary</fileAuthor>
    <fileDOI>10.24388/x10004393</fileDOI>
    <fileVersion>
        <major>2</major>
        <minor>2</minor>
    </fileVersion>
    <ReSpecThVersion>
        <major>2</major>
        <minor>3</minor>
    </ReSpecThVersion>
    <firstPublicationDate>2020-09-08</firstPublicationDate>
    <lastModificationDate>2020-11-18</lastModificationDate>
    <bibliographyLink>
        <description>Suzuki, A., Inomata, T., Hinno, H., Moriwaki, T., Bulletin of Chemical Society of Japan, 64, 3345-3354, 1991.</description>
        <referenceDOI>10.1246/bcsj.64.3345</referenceDOI>
        <location>Main article</location>
        <table>Table 1. No. 1.</table>
        <figure>Fig. 2. full circle</figure>
        <details>
            <author>Suzuki, Akimichi and Inomata, Tadaaki and Jinno, Hiroshi and Moriwaki, Takao</author>
            <journal>Bull Chem Soc Jpn</journal>
            <pages>3345--3354</pages>
            <title>Effect of bromotrifluoromethane on the ignition in methane and ethane-oxygen-argon mixtures behind shock waves</title>
            <volume>64</volume>
            <year>1991</year>
        </details>
    </bibliographyLink>
    <experimentType>ignition delay measurement</experimentType>
    <apparatus>
        <kind>shock tube</kind>
    </apparatus>
    <commonProperties>
        <property name="pressure"                      sourcetype="reported"   units="atm"           ><value>2.9</value></property>
        <property name="initial composition"           sourcetype="reported"  >
            <component><speciesLink preferredKey="CH4"  CAS="74-82-8"    InChI="1S/CH4/h1H4"  SMILES="C"     chemName="methane" /><amount units="mole fraction" >0.02</amount></component>
            <component><speciesLink preferredKey="O2"   CAS="7782-44-7"  InChI="1S/O2/c1-2"   SMILES="O=O"   chemName="oxygen"  /><amount units="mole fraction" >0.04</amount></component>
            <component><speciesLink preferredKey="Ar"   CAS="7440-37-1"  InChI="1S/Ar"        SMILES="[Ar]"  chemName="argon"   /><amount units="mole fraction" >0.94</amount></component>
        </property>
        <property name="evaluated standard deviation"  sourcetype="estimated"  units="unitless"       reference="ignition delay"  kind="relative"  method="statistical scatter" ><value>0.14</value></property>
    </commonProperties>
    <dataGroup id="dg1">
        <property name="temperature"     id="x1"   label="T"    sourcetype="digitized"  units="K"  />
        <property name="ignition delay"  id="x2"   label="tau"  sourcetype="digitized"  units="us" />

        <dataPoint><x1>1992.6</x1>  <x2>55.726</x2></dataPoint>
        <dataPoint><x1>1939.9</x1>  <x2>69.283</x2></dataPoint>
        <dataPoint><x1>1928.1</x1>  <x2>91.510</x2></dataPoint>
        <dataPoint><x1>1901.1</x1>  <x2>99.597</x2></dataPoint>
        <dataPoint><x1>1838.8</x1> <x2>116.560</x2></dataPoint>
        <dataPoint><x1>1814.2</x1> <x2>198.480</x2></dataPoint>
        <dataPoint><x1>1722.4</x1> <x2>474.250</x2></dataPoint>
        <dataPoint><x1>1691.8</x1> <x2>582.530</x2></dataPoint>
        <dataPoint><x1>1668.1</x1> <x2>626.390</x2></dataPoint>
        <dataPoint><x1>1617.1</x1><x2>1160.900</x2></dataPoint>
        <dataPoint><x1>1595.4</x1><x2>1146.900</x2></dataPoint>
    </dataGroup>
    <ignitionType target="OHEX" type="baseline min intercept from d/dt"/>
</experiment>
