<experiment>
    <fileAuthor>Chemical Kinetics Laboratory, Institute of Chemistry, ELTE, Budapest, Hungary</fileAuthor>
    <fileDOI>10.24388/x10004442</fileDOI>
    <fileVersion>
        <major>2</major>
        <minor>2</minor>
    </fileVersion>
    <ReSpecThVersion>
        <major>2</major>
        <minor>3</minor>
    </ReSpecThVersion>
    <firstPublicationDate>2020-09-08</firstPublicationDate>
    <lastModificationDate>2020-11-18</lastModificationDate>
    <bibliographyLink>
        <description>Seery, D.J., Bowman, C.T., 154th National Meeting of the ACS, Division of Fuel Chemistry, 11, 82-95, 1967.</description>
        <location>Main article</location>
        <figure>Fig. 8. open square</figure>
        <details>
            <author>Seery, Daniel J and Bowman, Craig T</author>
            <journal>Div Fuel Chem</journal>
            <number>4</number>
            <pages>82--95</pages>
            <title>A shock tube study of methane oxidation</title>
            <volume>11</volume>
            <year>1967</year>
        </details>
    </bibliographyLink>
    <experimentType>ignition delay measurement</experimentType>
    <commonProperties>
        <property name="pressure"                      sourcetype="reported"   units="atm"           ><value>3.7</value></property>
        <property name="initial composition"           sourcetype="reported"  >
            <component><speciesLink preferredKey="CH4"  CAS="74-82-8"    InChI="1S/CH4/h1H4"  SMILES="C"     chemName="methane" /><amount units="mole fraction" >0.048</amount></component>
            <component><speciesLink preferredKey="O2"   CAS="7782-44-7"  InChI="1S/O2/c1-2"   SMILES="O=O"   chemName="oxygen"  /><amount units="mole fraction" >0.192</amount></component>
            <component><speciesLink preferredKey="Ar"   CAS="7440-37-1"  InChI="1S/Ar"        SMILES="[Ar]"  chemName="argon"   /><amount units="mole fraction" >0.760</amount></component>
        </property>
        <property name="evaluated standard deviation"  sourcetype="estimated"  units="unitless"       reference="ignition delay"  kind="relative"  method="statistical scatter" ><value>0.189</value></property>
    </commonProperties>
    <dataGroup id="dg1">
        <property name="temperature"     id="x1"   label="T"    sourcetype="digitized"  units="K"  />
        <property name="ignition delay"  id="x2"   label="tau"  sourcetype="digitized"  units="us" />

        <dataPoint><x1>1596.75</x1>  <x2>84.57</x2></dataPoint>
        <dataPoint><x1>1590.30</x1> <x2>108.09</x2></dataPoint>
        <dataPoint><x1>1550.77</x1> <x2>173.52</x2></dataPoint>
        <dataPoint><x1>1518.10</x1> <x2>280.54</x2></dataPoint>
        <dataPoint><x1>1501.61</x1> <x2>320.71</x2></dataPoint>
        <dataPoint><x1>1501.17</x1> <x2>378.59</x2></dataPoint>
        <dataPoint><x1>1473.93</x1> <x2>527.91</x2></dataPoint>
        <dataPoint><x1>1461.30</x1> <x2>410.28</x2></dataPoint>
        <dataPoint><x1>1415.61</x1> <x2>544.24</x2></dataPoint>
        <dataPoint><x1>1389.84</x1> <x2>804.02</x2></dataPoint>
        <dataPoint><x1>1389.09</x1><x2>1005.49</x2></dataPoint>
        <dataPoint><x1>1359.19</x1><x2>1453.87</x2></dataPoint>
        <dataPoint><x1>1349.16</x1><x2>1348.25</x2></dataPoint>
    </dataGroup>
    <ignitionType target="p" type="d/dt max"/>
</experiment>
