<experiment>
    <fileAuthor>Chemical Kinetics Laboratory, Institute of Chemistry, ELTE, Budapest, Hungary</fileAuthor>
    <fileDOI>10.24388/x10004552</fileDOI>
    <fileVersion>
        <major>2</major>
        <minor>2</minor>
    </fileVersion>
    <ReSpecThVersion>
        <major>2</major>
        <minor>3</minor>
    </ReSpecThVersion>
    <firstPublicationDate>2020-09-08</firstPublicationDate>
    <lastModificationDate>2020-11-18</lastModificationDate>
    <bibliographyLink>
        <description>F. Deng, F. Yang, P. Zhang, Y. Pan, Y. Zhang, Z. Huang, Energy Fuels, 2016, 30, 1415-1427</description>
        <referenceDOI>10.1021/acs.energyfuels.5b02581</referenceDOI>
        <location>Main article; Supplementary information Table S1 (N0/2.0, p = 10.0 atm)</location>
        <table>Table 1. mixture 3 (N0/2.0)</table>
        <figure>Figure 6. (c) blue triangle; Figure 2. (c) black square; Figure 10. (c) black square (none used)</figure>
        <details>
            <author>Fuquan Deng, Feiyu Yang, Peng Zhang, Youshun Pan, Yingjia Zhang, Zuohua Huang</author>
            <journal>Energy Fuels</journal>
            <pages>1415--1427</pages>
            <title>Ignition Delay Time and Chemical Kinetic Study of Methane and Nitrous Oxide Mixtures at High Temperatures</title>
            <volume>30</volume>
            <year>2016</year>
        </details>
    </bibliographyLink>
    <experimentType>ignition delay measurement</experimentType>
    <apparatus>
        <kind>shock tube</kind>
        <mode>reflected</mode>
    </apparatus>
    <commonProperties>
        <property name="equivalence ratio"             label="phi"    sourcetype="reported"   units="unitless" ><value>2</value></property>
        <property name="pressure rise"                 label="dp/dt"  sourcetype="reported"   units="ms-1"      kind="relative" ><value>0.04</value></property>
        <property name="initial composition"           sourcetype="reported"  >
            <component><speciesLink preferredKey="CH4"  CAS="74-82-8"    InChI="1S/CH4/h1H4"  SMILES="C"     chemName="methane" /><amount units="percent" >2.875</amount></component>
            <component><speciesLink preferredKey="O2"   CAS="7782-44-7"  InChI="1S/O2/c1-2"   SMILES="O=O"   chemName="oxygen"  /><amount units="percent" >2.872</amount></component>
            <component><speciesLink preferredKey="Ar"   CAS="7440-37-1"  InChI="1S/Ar"        SMILES="[Ar]"  chemName="argon"   /><amount units="percent" >94.253</amount></component>
        </property>
        <property name="pressure rise"                 label="dp/dt"  sourcetype="reported"   units="ms-1"     ><value>0.04</value></property>
        <property name="evaluated standard deviation"  sourcetype="estimated"  units="unitless"  reference="ignition delay"  kind="relative"  method="combined from scatter and reported uncertainty" ><value>0.213</value></property>
    </commonProperties>
    <dataGroup id="dg1">
        <property name="temperature"     id="x1"   label="T"      sourcetype="reported"  units="K"        />
        <property name="pressure"        id="x2"   label="p"      sourcetype="reported"  units="atm"      />
        <property name="ignition delay"  id="x3"   label="tau"    sourcetype="reported"  units="us"       />
        <property name="uncertainty"     id="x4"   label="d_T"    sourcetype="reported"  units="K"         reference="temperature"     kind="absolute"  bound="plusminus" />
        <property name="uncertainty"     id="x5"   label="d_tau"  sourcetype="reported"  units="unitless"  reference="ignition delay"  kind="relative"  bound="plusminus" />

        <dataPoint><x1>1421</x1><x2>10.570</x2><x3>2661</x3><x4>25</x4><x5>0.20</x5></dataPoint>
        <dataPoint><x1>1481</x1><x2>11.263</x2><x3>1872</x3><x4>25</x4><x5>0.20</x5></dataPoint>
        <dataPoint><x1>1547</x1><x2>10.330</x2><x3>1296</x3><x4>25</x4><x5>0.20</x5></dataPoint>
        <dataPoint><x1>1608</x1><x2>10.760</x2> <x3>763</x3><x4>25</x4><x5>0.20</x5></dataPoint>
        <dataPoint><x1>1697</x1><x2>10.810</x2> <x3>408</x3><x4>25</x4><x5>0.20</x5></dataPoint>
        <dataPoint><x1>1726</x1><x2>10.450</x2> <x3>278</x3><x4>25</x4><x5>0.20</x5></dataPoint>
        <dataPoint><x1>1816</x1><x2>11.360</x2> <x3>134</x3><x4>25</x4><x5>0.20</x5></dataPoint>
        <dataPoint><x1>1905</x1><x2>11.000</x2>  <x3>71</x3><x4>25</x4><x5>0.20</x5></dataPoint>
    </dataGroup>
    <ignitionType target="OHEX" type="baseline min intercept from d/dt"/>
</experiment>
