<experiment>
    <fileAuthor>Chemical Kinetics Laboratory, Institute of Chemistry, ELTE, Budapest, Hungary</fileAuthor>
    <fileDOI>10.24388/x10004387</fileDOI>
    <fileVersion>
        <major>2</major>
        <minor>2</minor>
    </fileVersion>
    <ReSpecThVersion>
        <major>2</major>
        <minor>3</minor>
    </ReSpecThVersion>
    <firstPublicationDate>2020-09-08</firstPublicationDate>
    <lastModificationDate>2020-11-18</lastModificationDate>
    <bibliographyLink>
        <description>Grillo, A., Slack, M.W., Combustion and Flame, 27, 377-381, 1976.</description>
        <referenceDOI>10.1016/0010-2180(76)90042-0</referenceDOI>
        <location>Main article</location>
        <table>Table 1. mixture 2</table>
        <figure>Fig. 2. full circle</figure>
        <details>
            <author>Grillo, A and Slack, M W</author>
            <journal>Combust Flame</journal>
            <pages>377--381</pages>
            <title>Shock tube study of ignition delay times in methane - oxygen - nitrogen - argon mixtures</title>
            <volume>27</volume>
            <year>1976</year>
        </details>
    </bibliographyLink>
    <experimentType>ignition delay measurement</experimentType>
    <apparatus>
        <kind>shock tube</kind>
    </apparatus>
    <commonProperties>
        <property name="pressure"             sourcetype="reported"  units="atm"           ><value>5.76</value></property>
        <property name="initial composition"  sourcetype="reported" >
            <component><speciesLink preferredKey="CH4"  CAS="74-82-8"    InChI="1S/CH4/h1H4"  SMILES="C"     chemName="methane"  /><amount units="mole fraction" >0.0169</amount></component>
            <component><speciesLink preferredKey="O2"   CAS="7782-44-7"  InChI="1S/O2/c1-2"   SMILES="O=O"   chemName="oxygen"   /><amount units="mole fraction" >0.0169</amount></component>
            <component><speciesLink preferredKey="Ar"   CAS="7440-37-1"  InChI="1S/Ar"        SMILES="[Ar]"  chemName="argon"    /><amount units="mole fraction" >0.8142</amount></component>
            <component><speciesLink preferredKey="N2"   CAS="7727-37-9"  InChI="1S/N2/c1-2"   SMILES="N#N"   chemName="nitrogen" /><amount units="mole fraction" >0.1520</amount></component>
        </property>
    </commonProperties>
    <dataGroup id="dg1">
        <property name="temperature"                   id="x1"   label="T"    sourcetype="digitized"  units="K"        />
        <property name="ignition delay"                id="x2"   label="tau"  sourcetype="digitized"  units="us"       />
        <property name="evaluated standard deviation"  id="x3"   sourcetype="estimated"  units="unitless"  reference="ignition delay"  kind="relative"  method="combined from scatter and the uncertainty of conditions" />

        <dataPoint><x1>2066.3</x1> <x2>33.90</x2> <x3>0.14</x3></dataPoint>
        <dataPoint><x1>2025.9</x1> <x2>43.87</x2><x3>0.144</x3></dataPoint>
        <dataPoint><x1>2001.9</x1> <x2>48.10</x2><x3>0.146</x3></dataPoint>
        <dataPoint><x1>1845.5</x1><x2>178.30</x2><x3>0.165</x3></dataPoint>
        <dataPoint><x1>1823.2</x1><x2>178.60</x2><x3>0.168</x3></dataPoint>
        <dataPoint><x1>1810.8</x1><x2>228.60</x2> <x3>0.17</x3></dataPoint>
        <dataPoint><x1>1803.5</x1><x2>237.30</x2><x3>0.171</x3></dataPoint>
        <dataPoint><x1>1676.1</x1><x2>469.70</x2><x3>0.192</x3></dataPoint>
        <dataPoint><x1>1692.9</x1><x2>458.90</x2><x3>0.189</x3></dataPoint>
        <dataPoint><x1>1688.6</x1><x2>501.50</x2><x3>0.189</x3></dataPoint>
    </dataGroup>
    <ignitionType target="OHEX" type="d/dt max"/>
</experiment>
