<experiment>
    <fileAuthor>Chemical Kinetics Laboratory, Institute of Chemistry, ELTE, Budapest, Hungary</fileAuthor>
    <fileDOI>10.24388/x10004011</fileDOI>
    <fileVersion>
        <major>2</major>
        <minor>2</minor>
    </fileVersion>
    <ReSpecThVersion>
        <major>2</major>
        <minor>3</minor>
    </ReSpecThVersion>
    <firstPublicationDate>2020-09-08</firstPublicationDate>
    <lastModificationDate>2020-11-18</lastModificationDate>
    <bibliographyLink>
        <description>Brabbs, T.A., Robertson, T.F., NASA Technical Memorandum 87268, 1-9, 1986.</description>
        <location>Main article</location>
        <table>Table II., phi=0.5 (pressure)</table>
        <details>
            <author>Brabbs, Theodore A and Robertson, Thomas F</author>
            <institution>NASA Technical Memorandum 87268</institution>
            <title>Methane oxidation behind reflected shock waves -- Ignition delay times measured by pressure and flame band emission</title>
            <year>1986</year>
        </details>
    </bibliographyLink>
    <experimentType>ignition delay measurement</experimentType>
    <apparatus>
        <kind>shock tube</kind>
    </apparatus>
    <commonProperties>
        <property name="initial composition"           sourcetype="reported"  >
            <component><speciesLink preferredKey="CH4"  CAS="74-82-8"    InChI="1S/CH4/h1H4"  SMILES="C"     chemName="methane" /><amount units="mole fraction" >0.02</amount></component>
            <component><speciesLink preferredKey="O2"   CAS="7782-44-7"  InChI="1S/O2/c1-2"   SMILES="O=O"   chemName="oxygen"  /><amount units="mole fraction" >0.08</amount></component>
            <component><speciesLink preferredKey="Ar"   CAS="7440-37-1"  InChI="1S/Ar"        SMILES="[Ar]"  chemName="argon"   /><amount units="mole fraction" >0.90</amount></component>
        </property>
        <property name="evaluated standard deviation"  sourcetype="estimated"  units="unitless"       reference="ignition delay"  kind="relative"  method="generic uncertainty" ><value>0.1</value></property>
    </commonProperties>
    <dataGroup id="dg1">
        <property name="temperature"     id="x1"   label="T"    sourcetype="reported"  units="K"   />
        <property name="pressure"        id="x2"   label="p"    sourcetype="reported"  units="atm" />
        <property name="ignition delay"  id="x3"   label="tau"  sourcetype="reported"  units="us"  />

        <dataPoint><x1>1778</x1><x2>3.464</x2>  <x3>99</x3></dataPoint>
        <dataPoint><x1>1763</x1><x2>3.418</x2> <x3>102</x3></dataPoint>
        <dataPoint><x1>1752</x1><x2>3.371</x2> <x3>112</x3></dataPoint>
        <dataPoint><x1>1730</x1><x2>3.318</x2> <x3>159</x3></dataPoint>
        <dataPoint><x1>1695</x1><x2>3.199</x2> <x3>201</x3></dataPoint>
        <dataPoint><x1>1687</x1><x2>3.191</x2> <x3>208</x3></dataPoint>
        <dataPoint><x1>1657</x1><x2>3.072</x2> <x3>323</x3></dataPoint>
        <dataPoint><x1>1620</x1><x2>2.979</x2> <x3>508</x3></dataPoint>
        <dataPoint><x1>1610</x1><x2>2.950</x2> <x3>533</x3></dataPoint>
        <dataPoint><x1>1605</x1><x2>2.918</x2> <x3>594</x3></dataPoint>
        <dataPoint><x1>1601</x1><x2>2.922</x2> <x3>672</x3></dataPoint>
        <dataPoint><x1>1579</x1><x2>2.857</x2> <x3>663</x3></dataPoint>
        <dataPoint><x1>1576</x1><x2>2.835</x2> <x3>742</x3></dataPoint>
        <dataPoint><x1>1555</x1><x2>2.773</x2> <x3>850</x3></dataPoint>
        <dataPoint><x1>1554</x1><x2>2.786</x2> <x3>958</x3></dataPoint>
        <dataPoint><x1>1531</x1><x2>2.704</x2><x3>1144</x3></dataPoint>
        <dataPoint><x1>1499</x1><x2>2.613</x2><x3>1655</x3></dataPoint>
    </dataGroup>
    <ignitionType target="p;" type="d/dt max"/>
</experiment>
