<experiment>
    <fileAuthor>Chemical Kinetics Laboratory, Institute of Chemistry, ELTE, Budapest, Hungary</fileAuthor>
    <fileDOI>10.24388/x10004561</fileDOI>
    <fileVersion>
        <major>2</major>
        <minor>2</minor>
    </fileVersion>
    <ReSpecThVersion>
        <major>2</major>
        <minor>3</minor>
    </ReSpecThVersion>
    <firstPublicationDate>2020-09-08</firstPublicationDate>
    <lastModificationDate>2020-11-18</lastModificationDate>
    <bibliographyLink>
        <description>Mathieu, O., Kopp, M.M., Petersen, E.L., Proceedings of the Combustion Institute, 34, 3211-3218, 2013.</description>
        <referenceDOI>10.1016/j.proci.2012.05.008</referenceDOI>
        <location>Main article + Supplement</location>
        <table>Table 1. mixture Biosyn, Table S7</table>
        <details>
            <author>Mathieu, O and Kopp, M M and Petersen, E L</author>
            <journal>Proc Combust Inst</journal>
            <pages>3211--3218</pages>
            <title>Shock-tube study of the ignition of multi-component syngas mixtures with and without ammonia impurities</title>
            <volume>34</volume>
            <year>2013</year>
        </details>
    </bibliographyLink>
    <experimentType>ignition delay measurement</experimentType>
    <commonProperties>
        <property name="initial composition"           sourcetype="reported"  >
            <component><speciesLink preferredKey="CH4"  CAS="74-82-8"    InChI="1S/CH4/h1H4"    SMILES="C"          chemName="methane"         /><amount units="mole fraction" >0.0008924</amount></component>
            <component><speciesLink preferredKey="O2"   CAS="7782-44-7"  InChI="1S/O2/c1-2"     SMILES="O=O"        chemName="oxygen"          /><amount units="mole fraction" >0.0095013</amount></component>
            <component><speciesLink preferredKey="Ar"   CAS="7440-37-1"  InChI="1S/Ar"          SMILES="[Ar]"       chemName="argon"           /><amount units="mole fraction" >0.9800000</amount></component>
            <component><speciesLink preferredKey="H2"   CAS="1333-74-0"  InChI="1S/H2/h1H"      SMILES="[HH]"       chemName="hydrogen"        /><amount units="mole fraction" >0.0029659</amount></component>
            <component><speciesLink preferredKey="CO"   CAS="630-08-0"   InChI="1S/CO/c1-2"     SMILES="[C-]#[O+]"  chemName="carbon monoxide" /><amount units="mole fraction" >0.0029659</amount></component>
            <component><speciesLink preferredKey="CO2"  CAS="124-38-9"   InChI="1S/CO2/c2-1-3"  SMILES="C(=O)=O"    chemName="carbon dioxide"  /><amount units="mole fraction" >0.0015748</amount></component>
            <component><speciesLink preferredKey="H2O"  CAS="7732-18-5"  InChI="1S/H2O/h1H2"    SMILES="O"          chemName="water"           /><amount units="mole fraction" >0.0020997</amount></component>
        </property>
        <property name="evaluated standard deviation"  sourcetype="estimated"  units="unitless"       reference="ignition delay"  kind="relative"  method="combined from scatter and reported uncertainty" ><value>0.254</value></property>
    </commonProperties>
    <dataGroup id="dg1">
        <property name="temperature"     id="x1"   label="T"    sourcetype="reported"  units="K"   />
        <property name="pressure"        id="x2"   label="p"    sourcetype="reported"  units="atm" />
        <property name="ignition delay"  id="x3"   label="tau"  sourcetype="reported"  units="us"  />

        <dataPoint><x1>1303</x1><x2>30.7</x2> <x3>67</x3></dataPoint>
        <dataPoint><x1>1284</x1><x2>31.0</x2> <x3>77</x3></dataPoint>
        <dataPoint><x1>1255</x1><x2>30.4</x2><x3>216</x3></dataPoint>
        <dataPoint><x1>1242</x1><x2>31.2</x2><x3>201</x3></dataPoint>
        <dataPoint><x1>1230</x1><x2>32.3</x2><x3>362</x3></dataPoint>
        <dataPoint><x1>1204</x1><x2>31.1</x2><x3>563</x3></dataPoint>
        <dataPoint><x1>1196</x1><x2>32.2</x2><x3>837</x3></dataPoint>
        <dataPoint><x1>1185</x1><x2>32.6</x2><x3>945</x3></dataPoint>
    </dataGroup>
    <ignitionType target="OHEX" type="baseline min intercept from d/dt"/>
</experiment>
