<experiment>
    <fileAuthor>Chemical Kinetics Laboratory, Institute of Chemistry, ELTE, Budapest, Hungary</fileAuthor>
    <fileDOI>10.24388/x10004258</fileDOI>
    <fileVersion>
        <major>2</major>
        <minor>2</minor>
    </fileVersion>
    <ReSpecThVersion>
        <major>2</major>
        <minor>3</minor>
    </ReSpecThVersion>
    <firstPublicationDate>2020-09-08</firstPublicationDate>
    <lastModificationDate>2020-11-18</lastModificationDate>
    <bibliographyLink>
        <description>Jachimowski, C.J., Combustion and Flame, 23, 233-248, 1974.</description>
        <referenceDOI>10.1016/0010-2180(74)90061-3</referenceDOI>
        <location>Main article</location>
        <table>Table 1. mixture E, Table 3.</table>
        <details>
            <author>Jachimowski, Casimir J</author>
            <journal>Combust Flame</journal>
            <pages>233--248</pages>
            <title>Kinetics of oxygen atom formation during the oxidation of methane behind shock waves</title>
            <volume>23</volume>
            <year>1974</year>
        </details>
    </bibliographyLink>
    <experimentType>ignition delay measurement</experimentType>
    <apparatus>
        <kind>shock tube</kind>
    </apparatus>
    <commonProperties>
        <property name="initial composition"           sourcetype="reported"  >
            <component><speciesLink preferredKey="CH4"  CAS="74-82-8"    InChI="1S/CH4/h1H4"  SMILES="C"          chemName="methane"         /><amount units="mole fraction" >0.010</amount></component>
            <component><speciesLink preferredKey="O2"   CAS="7782-44-7"  InChI="1S/O2/c1-2"   SMILES="O=O"        chemName="oxygen"          /><amount units="mole fraction" >0.025</amount></component>
            <component><speciesLink preferredKey="Ar"   CAS="7440-37-1"  InChI="1S/Ar"        SMILES="[Ar]"       chemName="argon"           /><amount units="mole fraction" >0.935</amount></component>
            <component><speciesLink preferredKey="CO"   CAS="630-08-0"   InChI="1S/CO/c1-2"   SMILES="[C-]#[O+]"  chemName="carbon monoxide" /><amount units="mole fraction" >0.020</amount></component>
            <component><speciesLink preferredKey="H2"   CAS="1333-74-0"  InChI="1S/H2/h1H"    SMILES="[HH]"       chemName="hydrogen"        /><amount units="mole fraction" >0.010</amount></component>
        </property>
        <property name="evaluated standard deviation"  sourcetype="estimated"  units="unitless"       reference="ignition delay"  kind="relative"  method="combined from scatter and reported uncertainty" ><value>0.186</value></property>
    </commonProperties>
    <dataGroup id="dg1">
        <property name="temperature"     id="x1"   label="T"    sourcetype="reported"  units="K"   />
        <property name="ignition delay"  id="x2"   label="tau"  sourcetype="reported"  units="us"  />
        <property name="pressure"        id="x3"   label="p"    sourcetype="reported"  units="atm" />

        <dataPoint><x1>2515</x1> <x2>4</x2><x3>1.69</x3></dataPoint>
        <dataPoint><x1>2530</x1> <x2>4</x2><x3>1.70</x3></dataPoint>
        <dataPoint><x1>2515</x1> <x2>4</x2><x3>1.69</x3></dataPoint>
        <dataPoint><x1>2480</x1> <x2>5</x2><x3>1.66</x3></dataPoint>
        <dataPoint><x1>2545</x1> <x2>5</x2><x3>1.71</x3></dataPoint>
        <dataPoint><x1>2300</x1> <x2>9</x2><x3>1.53</x3></dataPoint>
        <dataPoint><x1>2365</x1> <x2>7</x2><x3>1.58</x3></dataPoint>
        <dataPoint><x1>2282</x1> <x2>8</x2><x3>1.52</x3></dataPoint>
        <dataPoint><x1>2195</x1><x2>15</x2><x3>1.45</x3></dataPoint>
        <dataPoint><x1>2545</x1> <x2>3</x2><x3>1.71</x3></dataPoint>
        <dataPoint><x1>2530</x1> <x2>4</x2><x3>1.70</x3></dataPoint>
    </dataGroup>
    <ignitionType target="[O]*[CO]" type="max"/>
</experiment>
