<experiment>
    <fileAuthor>Chemical Kinetics Laboratory, Institute of Chemistry, ELTE, Budapest, Hungary</fileAuthor>
    <fileDOI>10.24388/x10004124</fileDOI>
    <fileVersion>
        <major>2</major>
        <minor>2</minor>
    </fileVersion>
    <ReSpecThVersion>
        <major>2</major>
        <minor>3</minor>
    </ReSpecThVersion>
    <firstPublicationDate>2020-09-08</firstPublicationDate>
    <lastModificationDate>2020-11-18</lastModificationDate>
    <bibliographyLink>
        <description>Eubank, C.S., Rabinowitz, M.J., Gardiner, W.C., Zellner, R.E., Proceedings of the Combustion Institue, 18, 1767-1774, 1981.</description>
        <referenceDOI>10.1016/s0082-0784(81)80181-6</referenceDOI>
        <location>Main article</location>
        <figure>Fig. 3. triangle</figure>
        <details>
            <author>Eubank, C S and Rabinowitz, M J and {Gardiner Jr}, W C and Zellner, R E</author>
            <journal>Symp (Int) Combust</journal>
            <pages>1767--1774</pages>
            <title>Shock-initiated ignition of natural gas-air mixtures</title>
            <volume>18</volume>
            <year>1981</year>
        </details>
    </bibliographyLink>
    <experimentType>ignition delay measurement</experimentType>
    <apparatus>
        <kind>shock tube</kind>
    </apparatus>
    <commonProperties>
        <property name="initial composition"           sourcetype="calculated" >
            <component><speciesLink preferredKey="CH4"  CAS="74-82-8"    InChI="1S/CH4/h1H4"  SMILES="C"    chemName="methane"  /><amount units="mole fraction" >0.0100</amount></component>
            <component><speciesLink preferredKey="O2"   CAS="7782-44-7"  InChI="1S/O2/c1-2"   SMILES="O=O"  chemName="oxygen"   /><amount units="mole fraction" >0.2079</amount></component>
            <component><speciesLink preferredKey="N2"   CAS="7727-37-9"  InChI="1S/N2/c1-2"   SMILES="N#N"  chemName="nitrogen" /><amount units="mole fraction" >0.7821</amount></component>
        </property>
        <property name="evaluated standard deviation"  sourcetype="estimated"   units="unitless"       reference="ignition delay"  kind="relative"  method="statistical scatter" ><value>0.31</value></property>
    </commonProperties>
    <dataGroup id="dg1">
        <property name="temperature"     id="x1"   label="T"    sourcetype="digitized"   units="K"   />
        <property name="ignition delay"  id="x2"   label="tau"  sourcetype="digitized"   units="us"  />
        <property name="pressure"        id="x3"   label="p"    sourcetype="calculated"  units="atm" />

        <dataPoint><x1>1725.41</x1> <x2>16.57</x2><x3>4.247</x3></dataPoint>
        <dataPoint><x1>1671.15</x1> <x2>39.37</x2><x3>4.113</x3></dataPoint>
        <dataPoint><x1>1587.02</x1> <x2>79.64</x2><x3>3.906</x3></dataPoint>
        <dataPoint><x1>1610.38</x1> <x2>94.87</x2><x3>3.964</x3></dataPoint>
        <dataPoint><x1>1591.10</x1><x2>110.10</x2><x3>3.916</x3></dataPoint>
        <dataPoint><x1>1525.84</x1><x2>131.50</x2><x3>3.755</x3></dataPoint>
        <dataPoint><x1>1538.46</x1><x2>174.50</x2><x3>3.787</x3></dataPoint>
        <dataPoint><x1>1512.19</x1><x2>251.50</x2><x3>3.722</x3></dataPoint>
        <dataPoint><x1>1496.37</x1><x2>170.10</x2><x3>3.683</x3></dataPoint>
        <dataPoint><x1>1495.17</x1><x2>288.00</x2><x3>3.680</x3></dataPoint>
        <dataPoint><x1>1471.51</x1><x2>232.20</x2><x3>3.622</x3></dataPoint>
        <dataPoint><x1>1465.72</x1><x2>192.20</x2><x3>3.607</x3></dataPoint>
        <dataPoint><x1>1435.18</x1><x2>631.60</x2><x3>3.532</x3></dataPoint>
        <dataPoint><x1>1382.90</x1><x2>817.90</x2><x3>3.404</x3></dataPoint>
        <dataPoint><x1>1346.85</x1><x2>852.80</x2><x3>3.315</x3></dataPoint>
    </dataGroup>
    <ignitionType target="CH4" type="baseline max intercept from d/dt"/>
</experiment>
