<experiment>
    <fileAuthor>Chemical Kinetics Laboratory, Institute of Chemistry, ELTE, Budapest, Hungary</fileAuthor>
    <fileDOI>10.24388/x10004141</fileDOI>
    <fileVersion>
        <major>2</major>
        <minor>2</minor>
    </fileVersion>
    <ReSpecThVersion>
        <major>2</major>
        <minor>3</minor>
    </ReSpecThVersion>
    <firstPublicationDate>2020-09-08</firstPublicationDate>
    <lastModificationDate>2020-11-18</lastModificationDate>
    <bibliographyLink>
        <description>Lifshitz, A., Scheller, K., Burcat, A., Combustion and Flame, 16, 311-321, 1971.</description>
        <referenceDOI>10.1016/s0010-2180(71)80102-5</referenceDOI>
        <location>Main article</location>
        <table>Table 2., Group 2C</table>
        <figure>Fig. 2. triangle</figure>
        <details>
            <author>Lifshitz, A and Scheller, K and Burcat, A and Skinner, G B</author>
            <journal>Combust Flame</journal>
            <pages>311--321</pages>
            <title>Shock-tube investigation of ignition in methane-oxygen-argon mixtures</title>
            <volume>16</volume>
            <year>1971</year>
        </details>
    </bibliographyLink>
    <experimentType>ignition delay measurement</experimentType>
    <apparatus>
        <kind>shock tube</kind>
    </apparatus>
    <commonProperties>
        <property name="pressure"             sourcetype="calculated"  units="atm"           ><value>11.81</value></property>
        <property name="initial composition"  sourcetype="reported"   >
            <component><speciesLink preferredKey="CH4"  CAS="74-82-8"    InChI="1S/CH4/h1H4"  SMILES="C"     chemName="methane" /><amount units="mole fraction" >0.067</amount></component>
            <component><speciesLink preferredKey="O2"   CAS="7782-44-7"  InChI="1S/O2/c1-2"   SMILES="O=O"   chemName="oxygen"  /><amount units="mole fraction" >0.067</amount></component>
            <component><speciesLink preferredKey="Ar"   CAS="7440-37-1"  InChI="1S/Ar"        SMILES="[Ar]"  chemName="argon"   /><amount units="mole fraction" >0.866</amount></component>
        </property>
    </commonProperties>
    <dataGroup id="dg1">
        <property name="temperature"                   id="x1"   label="T"    sourcetype="digitized"  units="K"        />
        <property name="ignition delay"                id="x2"   label="tau"  sourcetype="digitized"  units="us"       />
        <property name="evaluated standard deviation"  id="x3"   sourcetype="estimated"  units="unitless"  reference="ignition delay"  kind="relative"  method="combined from scatter and the uncertainty of conditions" />

        <dataPoint><x1>1920.6</x1> <x2>38.20</x2><x3>0.146</x3></dataPoint>
        <dataPoint><x1>1885.5</x1> <x2>45.19</x2><x3>0.149</x3></dataPoint>
        <dataPoint><x1>1812.9</x1> <x2>66.86</x2><x3>0.158</x3></dataPoint>
        <dataPoint><x1>1812.9</x1> <x2>72.96</x2><x3>0.158</x3></dataPoint>
        <dataPoint><x1>1806.1</x1> <x2>76.68</x2><x3>0.159</x3></dataPoint>
        <dataPoint><x1>1789.2</x1> <x2>98.99</x2><x3>0.161</x3></dataPoint>
        <dataPoint><x1>1764.4</x1><x2>114.90</x2><x3>0.164</x3></dataPoint>
        <dataPoint><x1>1716.7</x1><x2>146.40</x2><x3>0.171</x3></dataPoint>
        <dataPoint><x1>1681.9</x1><x2>182.00</x2><x3>0.176</x3></dataPoint>
        <dataPoint><x1>1659.3</x1><x2>248.50</x2> <x3>0.18</x3></dataPoint>
        <dataPoint><x1>1608.1</x1><x2>308.90</x2><x3>0.188</x3></dataPoint>
    </dataGroup>
    <ignitionType target="p" type="d/dt max"/>
</experiment>
