<experiment>
    <fileAuthor>Chemical Kinetics Laboratory, Institute of Chemistry, ELTE, Budapest, Hungary</fileAuthor>
    <fileDOI>10.24388/x10004230</fileDOI>
    <fileVersion>
        <major>2</major>
        <minor>2</minor>
    </fileVersion>
    <ReSpecThVersion>
        <major>2</major>
        <minor>3</minor>
    </ReSpecThVersion>
    <firstPublicationDate>2020-09-08</firstPublicationDate>
    <lastModificationDate>2020-11-18</lastModificationDate>
    <bibliographyLink>
        <description>Bozhenkov, S.A., Starikovskaia, S.M., Starikovskii, A.Xu., Combustion and Flame, 133, 133-146, 2003.</description>
        <referenceDOI>10.1016/S0010-2180(02)00564-3</referenceDOI>
        <location>Main article</location>
        <table>Table 3. mixture 3, Table 4.</table>
        <details>
            <author>Bozhenkov, S A and Starikovskaia, S M and Starikovskii, A Y</author>
            <journal>Combust Flame</journal>
            <pages>133--146</pages>
            <title>Nanosecond gas discharge ignition of H2 and CH4-containing mixtures</title>
            <volume>133</volume>
            <year>2003</year>
        </details>
    </bibliographyLink>
    <experimentType>ignition delay measurement</experimentType>
    <apparatus>
        <kind>shock tube</kind>
    </apparatus>
    <commonProperties>
        <property name="initial composition"  sourcetype="reported" >
            <component><speciesLink preferredKey="CH4"  CAS="74-82-8"    InChI="1S/CH4/h1H4"  SMILES="C"     chemName="methane"  /><amount units="mole fraction" >0.01</amount></component>
            <component><speciesLink preferredKey="O2"   CAS="7782-44-7"  InChI="1S/O2/c1-2"   SMILES="O=O"   chemName="oxygen"   /><amount units="mole fraction" >0.04</amount></component>
            <component><speciesLink preferredKey="N2"   CAS="7727-37-9"  InChI="1S/N2/c1-2"   SMILES="N#N"   chemName="nitrogen" /><amount units="mole fraction" >0.15</amount></component>
            <component><speciesLink preferredKey="Ar"   CAS="7440-37-1"  InChI="1S/Ar"        SMILES="[Ar]"  chemName="argon"    /><amount units="mole fraction" >0.80</amount></component>
        </property>
    </commonProperties>
    <dataGroup id="dg1">
        <property name="temperature"                   id="x1"   label="T"    sourcetype="reported"   units="K"        />
        <property name="ignition delay"                id="x2"   label="tau"  sourcetype="reported"   units="us"       />
        <property name="pressure"                      id="x3"   label="p"    sourcetype="reported"   units="atm"      />
        <property name="evaluated standard deviation"  id="x4"   sourcetype="estimated"  units="unitless"  reference="ignition delay"  kind="relative"  method="combined from scatter and the uncertainty of conditions" />

        <dataPoint><x1>2075</x1>  <x2>8.9</x2><x3>1.67</x3><x4>0.328</x4></dataPoint>
        <dataPoint><x1>1973</x1> <x2>40.6</x2><x3>1.83</x3><x4>0.342</x4></dataPoint>
        <dataPoint><x1>1938</x1> <x2>50.9</x2><x3>2.05</x3><x4>0.348</x4></dataPoint>
        <dataPoint><x1>1853</x1> <x2>69.7</x2><x3>1.92</x3><x4>0.363</x4></dataPoint>
        <dataPoint><x1>1849</x1> <x2>97.8</x2><x3>2.04</x3><x4>0.364</x4></dataPoint>
        <dataPoint><x1>1816</x1> <x2>94.8</x2><x3>2.10</x3> <x4>0.37</x4></dataPoint>
        <dataPoint><x1>1783</x1><x2>165.6</x2><x3>2.11</x3><x4>0.378</x4></dataPoint>
        <dataPoint><x1>1755</x1><x2>207.2</x2><x3>1.94</x3><x4>0.384</x4></dataPoint>
        <dataPoint><x1>1687</x1><x2>262.5</x2><x3>2.21</x3><x4>0.402</x4></dataPoint>
        <dataPoint><x1>1686</x1><x2>315.6</x2><x3>2.10</x3><x4>0.402</x4></dataPoint>
        <dataPoint><x1>1679</x1><x2>292.9</x2><x3>2.05</x3><x4>0.404</x4></dataPoint>
        <dataPoint><x1>1671</x1><x2>361.5</x2><x3>2.12</x3><x4>0.406</x4></dataPoint>
        <dataPoint><x1>1617</x1><x2>452.5</x2><x3>2.17</x3><x4>0.423</x4></dataPoint>
        <dataPoint><x1>1610</x1><x2>547.9</x2><x3>1.95</x3><x4>0.426</x4></dataPoint>
    </dataGroup>
    <ignitionType target="OHEX" type="baseline min intercept from d/dt"/>
</experiment>
