<experiment>
    <fileAuthor>Chemical Kinetics Laboratory, Institute of Chemistry, ELTE, Budapest, Hungary</fileAuthor>
    <fileDOI>10.24388/x10004140</fileDOI>
    <fileVersion>
        <major>2</major>
        <minor>2</minor>
    </fileVersion>
    <ReSpecThVersion>
        <major>2</major>
        <minor>3</minor>
    </ReSpecThVersion>
    <firstPublicationDate>2020-09-08</firstPublicationDate>
    <lastModificationDate>2020-11-18</lastModificationDate>
    <bibliographyLink>
        <description>Lifshitz, A., Scheller, K., Burcat, A., Combustion and Flame, 16, 311-321, 1971.</description>
        <referenceDOI>10.1016/s0010-2180(71)80102-5</referenceDOI>
        <location>Main article</location>
        <table>Table 2., Group 2B</table>
        <figure>Fig. 2. solid circle</figure>
        <details>
            <author>Lifshitz, A and Scheller, K and Burcat, A and Skinner, G B</author>
            <journal>Combust Flame</journal>
            <pages>311--321</pages>
            <title>Shock-tube investigation of ignition in methane-oxygen-argon mixtures</title>
            <volume>16</volume>
            <year>1971</year>
        </details>
    </bibliographyLink>
    <experimentType>ignition delay measurement</experimentType>
    <apparatus>
        <kind>shock tube</kind>
    </apparatus>
    <commonProperties>
        <property name="pressure"             sourcetype="calculated"  units="atm"           ><value>9.21</value></property>
        <property name="initial composition"  sourcetype="reported"   >
            <component><speciesLink preferredKey="CH4"  CAS="74-82-8"    InChI="1S/CH4/h1H4"  SMILES="C"     chemName="methane" /><amount units="mole fraction" >0.02</amount></component>
            <component><speciesLink preferredKey="O2"   CAS="7782-44-7"  InChI="1S/O2/c1-2"   SMILES="O=O"   chemName="oxygen"  /><amount units="mole fraction" >0.08</amount></component>
            <component><speciesLink preferredKey="Ar"   CAS="7440-37-1"  InChI="1S/Ar"        SMILES="[Ar]"  chemName="argon"   /><amount units="mole fraction" >0.90</amount></component>
        </property>
    </commonProperties>
    <dataGroup id="dg1">
        <property name="temperature"                   id="x1"   label="T"    sourcetype="digitized"  units="K"        />
        <property name="ignition delay"                id="x2"   label="tau"  sourcetype="digitized"  units="us"       />
        <property name="evaluated standard deviation"  id="x3"   sourcetype="estimated"  units="unitless"  reference="ignition delay"  kind="relative"  method="combined from scatter and the uncertainty of conditions" />

        <dataPoint><x1>1887.0</x1> <x2>30.13</x2><x3>0.159</x3></dataPoint>
        <dataPoint><x1>1814.3</x1> <x2>40.36</x2><x3>0.169</x3></dataPoint>
        <dataPoint><x1>1772.3</x1> <x2>68.09</x2><x3>0.175</x3></dataPoint>
        <dataPoint><x1>1750.3</x1> <x2>71.55</x2><x3>0.179</x3></dataPoint>
        <dataPoint><x1>1749.5</x1> <x2>74.28</x2><x3>0.179</x3></dataPoint>
        <dataPoint><x1>1737.6</x1> <x2>88.42</x2><x3>0.181</x3></dataPoint>
        <dataPoint><x1>1714.9</x1><x2>100.70</x2><x3>0.185</x3></dataPoint>
        <dataPoint><x1>1677.2</x1><x2>119.90</x2><x3>0.191</x3></dataPoint>
        <dataPoint><x1>1678.7</x1><x2>130.00</x2><x3>0.191</x3></dataPoint>
        <dataPoint><x1>1656.2</x1><x2>172.00</x2><x3>0.195</x3></dataPoint>
        <dataPoint><x1>1632.1</x1><x2>209.90</x2>  <x3>0.2</x3></dataPoint>
        <dataPoint><x1>1620.4</x1><x2>243.80</x2><x3>0.202</x3></dataPoint>
    </dataGroup>
    <ignitionType target="p" type="d/dt max"/>
</experiment>
