<experiment>
    <fileAuthor>Chemical Kinetics Laboratory, Institute of Chemistry, ELTE, Budapest, Hungary</fileAuthor>
    <fileDOI>10.24388/x10004051</fileDOI>
    <fileVersion>
        <major>2</major>
        <minor>2</minor>
    </fileVersion>
    <ReSpecThVersion>
        <major>2</major>
        <minor>3</minor>
    </ReSpecThVersion>
    <firstPublicationDate>2020-09-08</firstPublicationDate>
    <lastModificationDate>2020-11-18</lastModificationDate>
    <bibliographyLink>
        <description>Zhang, Y., Huang, Z., Wei, L., Zhang, J., Law, C.K., Combustion and Flame, 159, 918-931, 2012.</description>
        <referenceDOI>10.1016/j.combustflame.2011.09.010</referenceDOI>
        <location>Main article</location>
        <table>Table 1.</table>
        <figure>Fig. 8., Mixture 5.</figure>
        <details>
            <author>Zhang, Y., Huang, Z., Wei, L., Zhang, J., Law, C.K.</author>
            <journal>Combust Flame</journal>
            <pages>918--931</pages>
            <title>Experimental and modeling study on ignition delays of lean mixtures of methane, hydrogen, oxygen, and argon at elevated pressures</title>
            <volume>159</volume>
            <year>2012</year>
        </details>
    </bibliographyLink>
    <experimentType>ignition delay measurement</experimentType>
    <apparatus>
        <kind>shock tube</kind>
    </apparatus>
    <commonProperties>
        <property name="pressure"             label="P"      sourcetype="reported"  units="Pa"            ><value>1.00e+006</value></property>
        <property name="initial composition"  sourcetype="reported" >
            <component><speciesLink preferredKey="CH4"  CAS="74-82-8"    InChI="1S/CH4/h1H4"  SMILES="C"     chemName="methane"  /><amount units="mole fraction" >0.00464</amount></component>
            <component><speciesLink preferredKey="O2"   CAS="7782-44-7"  InChI="1S/O2/c1-2"   SMILES="O=O"   chemName="oxygen"   /><amount units="mole fraction" >0.03713</amount></component>
            <component><speciesLink preferredKey="H2"   CAS="1333-74-0"  InChI="1S/H2/h1H"    SMILES="[HH]"  chemName="hydrogen" /><amount units="mole fraction" >0.01856</amount></component>
            <component><speciesLink preferredKey="Ar"   CAS="7440-37-1"  InChI="1S/Ar"        SMILES="[Ar]"  chemName="argon"    /><amount units="mole fraction" >0.93967</amount></component>
        </property>
        <property name="pressure rise"        label="dp/dt"  sourcetype="reported"  units="ms-1"          ><value>0.04</value></property>
    </commonProperties>
    <dataGroup id="dg1">
        <property name="temperature"                   id="x1"   label="T"    sourcetype="digitized"  units="K"        />
        <property name="ignition delay"                id="x2"   label="tau"  sourcetype="digitized"  units="us"       />
        <property name="evaluated standard deviation"  id="x3"   sourcetype="estimated"  units="unitless"  reference="ignition delay"  kind="relative"  method="combined from scatter and the uncertainty of conditions" />

        <dataPoint><x1>1.275000e+003</x1><x2>4.279076e+001</x2><x3>0.451</x3></dataPoint>
        <dataPoint><x1>1.198000e+003</x1><x2>1.017771e+002</x2><x3>0.501</x3></dataPoint>
        <dataPoint><x1>1.196000e+003</x1><x2>1.104689e+002</x2><x3>0.502</x3></dataPoint>
        <dataPoint><x1>1.135000e+003</x1><x2>3.456687e+002</x2><x3>0.551</x3></dataPoint>
        <dataPoint><x1>1.134000e+003</x1><x2>3.946481e+002</x2><x3>0.552</x3></dataPoint>
        <dataPoint><x1>1.127000e+003</x1><x2>5.004031e+002</x2><x3>0.558</x3></dataPoint>
        <dataPoint><x1>1.118000e+003</x1><x2>5.843190e+002</x2><x3>0.566</x3></dataPoint>
        <dataPoint><x1>1.095000e+003</x1><x2>1.151224e+003</x2><x3>0.587</x3></dataPoint>
        <dataPoint><x1>1.077000e+003</x1><x2>1.917167e+003</x2><x3>0.605</x3></dataPoint>
        <dataPoint><x1>1.059000e+003</x1><x2>2.236866e+003</x2><x3>0.624</x3></dataPoint>
    </dataGroup>
    <ignitionType target="OHEX;" type="baseline min intercept from d/dt"/>
</experiment>
