<experiment>
    <fileAuthor>Chemical Kinetics Laboratory, Institute of Chemistry, ELTE, Budapest, Hungary</fileAuthor>
    <fileDOI>10.24388/x10004519</fileDOI>
    <fileVersion>
        <major>2</major>
        <minor>2</minor>
    </fileVersion>
    <ReSpecThVersion>
        <major>2</major>
        <minor>3</minor>
    </ReSpecThVersion>
    <firstPublicationDate>2020-09-08</firstPublicationDate>
    <lastModificationDate>2020-11-18</lastModificationDate>
    <bibliographyLink>
        <description>H. El Merhubi, A. Kéromnès, G. Catalano, B. Lefort, L. Le Moyne, Fuel, 177, 164-172, 2016.</description>
        <referenceDOI>10.1016/j.fuel.2016.03.016</referenceDOI>
        <location>Main article; Supplementary material, Phi = 2, p = 40 bar</location>
        <table>Table 2, Mixture 3; Supplementary material, Phi = 2, p = 40 bar</table>
        <figure>Fig. 6. red triangle (not used)</figure>
        <details>
            <author>H. El Merhubi, A. Kéromnès, G. Catalano, B. Lefort, L. Le Moyne</author>
            <journal>Fuel</journal>
            <pages>164--172</pages>
            <title>A high pressure experimental and numerical study of methane ignition</title>
            <volume>177</volume>
            <year>2016</year>
        </details>
    </bibliographyLink>
    <experimentType>ignition delay measurement</experimentType>
    <apparatus>
        <kind>shock tube</kind>
        <mode>reflected</mode>
    </apparatus>
    <commonProperties>
        <property name="equivalence ratio"             label="phi"    sourcetype="reported"   units="unitless" ><value>2</value></property>
        <property name="pressure rise"                 label="dp/dt"  sourcetype="reported"   units="ms-1"      kind="relative" ><value>0.03</value></property>
        <property name="initial composition"           sourcetype="reported"  >
            <component><speciesLink preferredKey="CH4"  CAS="74-82-8"    InChI="1S/CH4/h1H4"  SMILES="C"     chemName="methane" /><amount units="percent" >4</amount></component>
            <component><speciesLink preferredKey="O2"   CAS="7782-44-7"  InChI="1S/O2/c1-2"   SMILES="O=O"   chemName="oxygen"  /><amount units="percent" >4</amount></component>
            <component><speciesLink preferredKey="Ar"   CAS="7440-37-1"  InChI="1S/Ar"        SMILES="[Ar]"  chemName="argon"   /><amount units="percent" >92</amount></component>
        </property>
        <property name="evaluated standard deviation"  sourcetype="estimated"  units="unitless"  reference="ignition delay"  kind="relative"  method="combined from scatter and reported uncertainty" ><value>0.134</value></property>
    </commonProperties>
    <dataGroup id="dg1">
        <property name="pressure"        id="x1"   label="p"    sourcetype="reported"  units="bar"      />
        <property name="temperature"     id="x2"   label="T"    sourcetype="reported"  units="K"        />
        <property name="ignition delay"  id="x3"   label="tau"  sourcetype="reported"  units="us"       />
        <property name="uncertainty"     id="x4"   label="d_T"  sourcetype="reported"  units="unitless"  reference="temperature"  kind="relative"  bound="plusminus" />

        <dataPoint><x1>40.2</x1><x2>1556</x2><x3>184</x3><x4>0.01</x4></dataPoint>
        <dataPoint><x1>40.4</x1><x2>1550</x2><x3>238</x3><x4>0.01</x4></dataPoint>
        <dataPoint><x1>39.5</x1><x2>1504</x2><x3>333</x3><x4>0.01</x4></dataPoint>
        <dataPoint><x1>39.4</x1><x2>1483</x2><x3>381</x3><x4>0.01</x4></dataPoint>
        <dataPoint><x1>39.5</x1><x2>1529</x2><x3>280</x3><x4>0.01</x4></dataPoint>
        <dataPoint><x1>40.0</x1><x2>1445</x2><x3>552</x3><x4>0.01</x4></dataPoint>
        <dataPoint><x1>39.6</x1><x2>1472</x2><x3>476</x3><x4>0.01</x4></dataPoint>
        <dataPoint><x1>40.0</x1><x2>1502</x2><x3>367</x3><x4>0.01</x4></dataPoint>
    </dataGroup>
    <ignitionType target="p" type="d/dt max"/>
</experiment>
