<experiment>
    <fileAuthor>Chemical Kinetics Laboratory, Institute of Chemistry, ELTE, Budapest, Hungary</fileAuthor>
    <fileDOI>10.24388/x10004565</fileDOI>
    <fileVersion>
        <major>2</major>
        <minor>2</minor>
    </fileVersion>
    <ReSpecThVersion>
        <major>2</major>
        <minor>3</minor>
    </ReSpecThVersion>
    <firstPublicationDate>2020-09-08</firstPublicationDate>
    <lastModificationDate>2020-11-18</lastModificationDate>
    <bibliographyLink>
        <description>O. Pryor, S. Barak, B. Koroglu, E. Ninnemann, S.S. Vasu, Combustion and Flame 180 (2017), 63–76.</description>
        <referenceDOI>10.1016/j.combustflame.2017.02.020</referenceDOI>
        <location>Main Article</location>
        <table>Table 1 and Table 2. Mixture 1</table>
        <details>
            <author>O. Pryor, S. Barak, B. Koroglu, E. Ninnemann, S.S. Vasu</author>
            <journal>Combust Flame</journal>
            <pages>63–-76</pages>
            <title>Measurements and interpretation of shock tube ignition delay times in highly CO2 diluted mixtures using multiple diagnostics</title>
            <volume>180</volume>
            <year>2017</year>
        </details>
    </bibliographyLink>
    <experimentType>ignition delay measurement</experimentType>
    <apparatus>
        <kind>shock tube</kind>
        <mode>reflected shock</mode>
    </apparatus>
    <commonProperties>
        <property name="initial composition"           sourcetype="reported"  >
            <component><speciesLink preferredKey="CH4"  CAS="74-82-8"    InChI="1S/CH4/h1H4"  SMILES="C"     chemName="methane" /><amount units="mole fraction" >0.035</amount></component>
            <component><speciesLink preferredKey="O2"   CAS="7782-44-7"  InChI="1S/O2/c1-2"   SMILES="O=O"   chemName="oxygen"  /><amount units="mole fraction" >0.070</amount></component>
            <component><speciesLink preferredKey="Ar"   CAS="7440-37-1"  InChI="1S/Ar"        SMILES="[Ar]"  chemName="argon"   /><amount units="mole fraction" >0.895</amount></component>
        </property>
        <property name="evaluated standard deviation"  sourcetype="estimated"  units="unitless"       reference="ignition delay"  kind="relative"  method="combined from scatter and reported uncertainty" ><value>0.2</value></property>
    </commonProperties>
    <dataGroup id="dg1">
        <property name="temperature"     id="x1"   label="T"    sourcetype="reported"  units="K"   />
        <property name="ignition delay"  id="x2"   label="tau"  sourcetype="reported"  units="us"  />
        <property name="pressure"        id="x3"   label="P"    sourcetype="reported"  units="atm" />

        <dataPoint><x1>1672</x1><x2>1022.0</x2><x3>0.780</x3></dataPoint>
        <dataPoint><x1>1687</x1> <x2>905.5</x2><x3>0.756</x3></dataPoint>
        <dataPoint><x1>1749</x1> <x2>656.5</x2><x3>0.625</x3></dataPoint>
        <dataPoint><x1>1770</x1> <x2>485.0</x2><x3>0.737</x3></dataPoint>
    </dataGroup>
    <ignitionType target="CH4" type="baseline max intercept from d/dt"/>
</experiment>
