<experiment>
    <fileAuthor>Chemical Kinetics Laboratory, Institute of Chemistry, ELTE, Budapest, Hungary</fileAuthor>
    <fileDOI>10.24388/x10004395</fileDOI>
    <fileVersion>
        <major>2</major>
        <minor>2</minor>
    </fileVersion>
    <ReSpecThVersion>
        <major>2</major>
        <minor>3</minor>
    </ReSpecThVersion>
    <firstPublicationDate>2020-09-08</firstPublicationDate>
    <lastModificationDate>2020-11-18</lastModificationDate>
    <bibliographyLink>
        <description>Takahashi, K., Inomata, T., Moriwaki, T., Okazaki, S., Bulletin of Chemical Society of Japan, 61, 3307-3313, 1988.</description>
        <referenceDOI>10.1246/bcsj.61.3307</referenceDOI>
        <location>Main article</location>
        <table>Table 1. No. 2.</table>
        <figure>Fig. 1. triangle</figure>
        <details>
            <author>Takahashi, Kazuo and Inomata, Tadaaki and Moriwaki, Takao and Okazaki, Satiko</author>
            <journal>Bull Chem Soc Jpn</journal>
            <pages>3307--3313</pages>
            <title>The addition effect of CH3Br and CH3Cl on ignition of CH4 by shock wave</title>
            <volume>61</volume>
            <year>1988</year>
        </details>
    </bibliographyLink>
    <experimentType>ignition delay measurement</experimentType>
    <apparatus>
        <kind>shock tube</kind>
    </apparatus>
    <commonProperties>
        <property name="pressure"                      sourcetype="reported"   units="atm"           ><value>2.9</value></property>
        <property name="initial composition"           sourcetype="reported"  >
            <component><speciesLink preferredKey="CH4"  CAS="74-82-8"    InChI="1S/CH4/h1H4"  SMILES="C"     chemName="methane" /><amount units="mole fraction" >0.021</amount></component>
            <component><speciesLink preferredKey="O2"   CAS="7782-44-7"  InChI="1S/O2/c1-2"   SMILES="O=O"   chemName="oxygen"  /><amount units="mole fraction" >0.040</amount></component>
            <component><speciesLink preferredKey="Ar"   CAS="7440-37-1"  InChI="1S/Ar"        SMILES="[Ar]"  chemName="argon"   /><amount units="mole fraction" >0.939</amount></component>
        </property>
        <property name="evaluated standard deviation"  sourcetype="estimated"  units="unitless"       reference="ignition delay"  kind="relative"  method="generic uncertainty" ><value>0.1</value></property>
    </commonProperties>
    <dataGroup id="dg1">
        <property name="temperature"     id="x1"   label="T"    sourcetype="digitized"  units="K"  />
        <property name="ignition delay"  id="x2"   label="tau"  sourcetype="digitized"  units="us" />

        <dataPoint><x1>1953.0</x1> <x2>77.59</x2></dataPoint>
        <dataPoint><x1>1872.0</x1><x2>129.10</x2></dataPoint>
        <dataPoint><x1>1860.8</x1><x2>153.00</x2></dataPoint>
        <dataPoint><x1>1804.4</x1><x2>223.00</x2></dataPoint>
        <dataPoint><x1>1753.5</x1><x2>308.60</x2></dataPoint>
        <dataPoint><x1>1705.5</x1><x2>509.80</x2></dataPoint>
        <dataPoint><x1>1637.6</x1><x2>867.60</x2></dataPoint>
    </dataGroup>
    <ignitionType target="OHEX" type="baseline min intercept from d/dt"/>
</experiment>
