<experiment>
    <fileAuthor>Chemical Kinetics Laboratory, Institute of Chemistry, ELTE, Budapest, Hungary</fileAuthor>
    <fileDOI>10.24388/x10004504</fileDOI>
    <fileVersion>
        <major>2</major>
        <minor>2</minor>
    </fileVersion>
    <ReSpecThVersion>
        <major>2</major>
        <minor>3</minor>
    </ReSpecThVersion>
    <firstPublicationDate>2020-09-08</firstPublicationDate>
    <lastModificationDate>2020-11-18</lastModificationDate>
    <bibliographyLink>
        <description>Chang, E. J., Shock Tube Experiments for the Development and Validation of Models of Hydrocarbon Combustion, M. Eng. Thesis, Mechanical Engineering Department, Stanford University, Stanford CA, 1995, via Davidson, D. F., Hanson, R. K., Fundamental Kinetics Database, Volume 1, 2005.</description>
        <location>Main article</location>
        <table>Methane Table 2.</table>
        <details>
            <author>Chang, E J</author>
            <school>Stanford University</school>
            <title>Shock Tube Experiments for the Development and Validation of Models of Hydrocarbon Combustion</title>
            <year>1995</year>
        </details>
    </bibliographyLink>
    <experimentType>ignition delay measurement</experimentType>
    <commonProperties>
        <property name="initial composition"           sourcetype="reported"  >
            <component><speciesLink preferredKey="CH4"  CAS="74-82-8"    InChI="1S/CH4/h1H4"  SMILES="C"     chemName="methane" /><amount units="mole fraction" >0.002012</amount></component>
            <component><speciesLink preferredKey="O2"   CAS="7782-44-7"  InChI="1S/O2/c1-2"   SMILES="O=O"   chemName="oxygen"  /><amount units="mole fraction" >0.001000</amount></component>
            <component><speciesLink preferredKey="Ar"   CAS="7440-37-1"  InChI="1S/Ar"        SMILES="[Ar]"  chemName="argon"   /><amount units="mole fraction" >0.996988</amount></component>
        </property>
        <property name="evaluated standard deviation"  sourcetype="estimated"  units="unitless"       reference="ignition delay"  kind="relative"  method="generic uncertainty" ><value>0.1</value></property>
    </commonProperties>
    <dataGroup id="dg1">
        <property name="temperature"     id="x1"   label="T"    sourcetype="reported"  units="K"   />
        <property name="pressure"        id="x2"   label="p"    sourcetype="reported"  units="atm" />
        <property name="ignition delay"  id="x3"   label="tau"  sourcetype="reported"  units="us"  />

        <dataPoint><x1>1951</x1><x2>1.066</x2><x3>530</x3></dataPoint>
        <dataPoint><x1>2075</x1><x2>1.011</x2><x3>256</x3></dataPoint>
        <dataPoint><x1>2264</x1><x2>1.024</x2> <x3>83</x3></dataPoint>
        <dataPoint><x1>2401</x1><x2>0.939</x2> <x3>42</x3></dataPoint>
    </dataGroup>
    <ignitionType target="CH3" type="max"/>
</experiment>
