<experiment>
    <fileAuthor>Chemical Kinetics Laboratory, Institute of Chemistry, ELTE, Budapest, Hungary</fileAuthor>
    <fileDOI>10.24388/x10004400</fileDOI>
    <fileVersion>
        <major>2</major>
        <minor>2</minor>
    </fileVersion>
    <ReSpecThVersion>
        <major>2</major>
        <minor>3</minor>
    </ReSpecThVersion>
    <firstPublicationDate>2020-09-08</firstPublicationDate>
    <lastModificationDate>2020-11-18</lastModificationDate>
    <bibliographyLink>
        <description>Huang, J., Bushe, W.K., Hill, P.G., Munshi, S.R., International Journal of Chemical Kinetics, 38, 221-233, 2006.</description>
        <referenceDOI>10.1002/kin.20157</referenceDOI>
        <location>Main article</location>
        <table>Table 1. mixture 2, Table 3. about 40 atm</table>
        <details>
            <author>Huang, J and Bushe, W K and Hill, P G and Munshi, S R</author>
            <journal>Int J Chem Kinet</journal>
            <pages>221--233</pages>
            <title>Experimental and Kinetic Study of Shock Initiated Ignition in Homogeneous Methane--Hydrogen--Air Mixtures at Engine-Relevant Conditions</title>
            <volume>38</volume>
            <year>2006</year>
        </details>
    </bibliographyLink>
    <experimentType>ignition delay measurement</experimentType>
    <apparatus>
        <kind>shock tube</kind>
    </apparatus>
    <commonProperties>
        <property name="initial composition"  sourcetype="reported" >
            <component><speciesLink preferredKey="CH4"  CAS="74-82-8"    InChI="1S/CH4/h1H4"  SMILES="C"     chemName="methane"  /><amount units="mole fraction" >0.082</amount></component>
            <component><speciesLink preferredKey="O2"   CAS="7782-44-7"  InChI="1S/O2/c1-2"   SMILES="O=O"   chemName="oxygen"   /><amount units="mole fraction" >0.184</amount></component>
            <component><speciesLink preferredKey="N2"   CAS="7727-37-9"  InChI="1S/N2/c1-2"   SMILES="N#N"   chemName="nitrogen" /><amount units="mole fraction" >0.692</amount></component>
            <component><speciesLink preferredKey="H2"   CAS="1333-74-0"  InChI="1S/H2/h1H"    SMILES="[HH]"  chemName="hydrogen" /><amount units="mole fraction" >0.042</amount></component>
        </property>
    </commonProperties>
    <dataGroup id="dg1">
        <property name="temperature"                   id="x1"   label="T"    sourcetype="reported"   units="K"        />
        <property name="ignition delay"                id="x2"   label="tau"  sourcetype="reported"   units="us"       />
        <property name="pressure"                      id="x3"   label="p"    sourcetype="reported"   units="atm"      />
        <property name="evaluated standard deviation"  id="x4"   sourcetype="estimated"  units="unitless"  reference="ignition delay"  kind="relative"  method="combined from scatter and the uncertainty of conditions" />

        <dataPoint><x1>1318</x1> <x2>158</x2><x3>37.4</x3><x4>0.267</x4></dataPoint>
        <dataPoint><x1>1276</x1> <x2>264</x2><x3>39.8</x3><x4>0.269</x4></dataPoint>
        <dataPoint><x1>1235</x1> <x2>390</x2><x3>40.2</x3><x4>0.272</x4></dataPoint>
        <dataPoint><x1>1201</x1> <x2>726</x2><x3>41.1</x3><x4>0.274</x4></dataPoint>
        <dataPoint><x1>1156</x1> <x2>759</x2><x3>41.1</x3><x4>0.278</x4></dataPoint>
        <dataPoint><x1>1103</x1><x2>1056</x2><x3>37.6</x3><x4>0.284</x4></dataPoint>
        <dataPoint><x1>1072</x1> <x2>882</x2><x3>36.0</x3><x4>0.288</x4></dataPoint>
        <dataPoint><x1>1045</x1><x2>1500</x2><x3>36.6</x3><x4>0.292</x4></dataPoint>
        <dataPoint><x1>1043</x1><x2>1986</x2><x3>38.3</x3><x4>0.292</x4></dataPoint>
        <dataPoint><x1>1035</x1><x2>2166</x2><x3>39.2</x3><x4>0.293</x4></dataPoint>
    </dataGroup>
    <ignitionType target="p" type="baseline min intercept from d/dt"/>
</experiment>
