<experiment>
    <fileAuthor>Chemical Kinetics Laboratory, Institute of Chemistry, ELTE, Budapest, Hungary</fileAuthor>
    <fileDOI>10.24388/x10004004</fileDOI>
    <fileVersion>
        <major>2</major>
        <minor>2</minor>
    </fileVersion>
    <ReSpecThVersion>
        <major>2</major>
        <minor>3</minor>
    </ReSpecThVersion>
    <firstPublicationDate>2020-09-08</firstPublicationDate>
    <lastModificationDate>2020-11-18</lastModificationDate>
    <bibliographyLink>
        <description>Seery, D.J., Bowman, C.T., Combustion and Flame (14), 37-48, 1970.</description>
        <referenceDOI>10.1016/s0010-2180(70)80008-6</referenceDOI>
        <location>Main article</location>
        <table>Table 2., phi=2</table>
        <figure>Figure 2. (not used)</figure>
        <details>
            <author>Seery, D. J., Bowman, C. T.</author>
            <journal>Combust Flame</journal>
            <pages>34--47</pages>
            <title>An experimental and analytical study of methane oxidation behind shock waves</title>
            <volume>14</volume>
            <year>1970</year>
        </details>
    </bibliographyLink>
    <experimentType>ignition delay measurement</experimentType>
    <apparatus>
        <kind>shock tube</kind>
    </apparatus>
    <commonProperties>
        <property name="initial composition"           sourcetype="reported"  >
            <component><speciesLink preferredKey="CH4"  CAS="74-82-8"    InChI="1S/CH4/h1H4"  SMILES="C"     chemName="methane" /><amount units="mole fraction" >0.167</amount></component>
            <component><speciesLink preferredKey="O2"   CAS="7782-44-7"  InChI="1S/O2/c1-2"   SMILES="O=O"   chemName="oxygen"  /><amount units="mole fraction" >0.167</amount></component>
            <component><speciesLink preferredKey="Ar"   CAS="7440-37-1"  InChI="1S/Ar"        SMILES="[Ar]"  chemName="argon"   /><amount units="mole fraction" >0.666</amount></component>
        </property>
        <property name="evaluated standard deviation"  sourcetype="estimated"  units="unitless"       reference="ignition delay"  kind="relative"  method="statistical scatter" ><value>0.136</value></property>
    </commonProperties>
    <dataGroup id="dg1">
        <property name="pressure"        id="x1"   label="p"    sourcetype="reported"  units="atm" />
        <property name="temperature"     id="x2"   label="T"    sourcetype="reported"  units="K"   />
        <property name="ignition delay"  id="x3"   label="tau"  sourcetype="reported"  units="us"  />

        <dataPoint><x1>1.82</x1><x2>1721</x2><x3>120</x3></dataPoint>
        <dataPoint><x1>1.82</x1><x2>1720</x2><x3>140</x3></dataPoint>
        <dataPoint><x1>1.79</x1><x2>1669</x2><x3>195</x3></dataPoint>
        <dataPoint><x1>1.82</x1><x2>1620</x2><x3>270</x3></dataPoint>
        <dataPoint><x1>1.90</x1><x2>1628</x2><x3>300</x3></dataPoint>
        <dataPoint><x1>1.83</x1><x2>1593</x2><x3>340</x3></dataPoint>
        <dataPoint><x1>1.80</x1><x2>1579</x2><x3>350</x3></dataPoint>
        <dataPoint><x1>1.76</x1><x2>1582</x2><x3>380</x3></dataPoint>
        <dataPoint><x1>1.83</x1><x2>1574</x2><x3>465</x3></dataPoint>
        <dataPoint><x1>1.80</x1><x2>1560</x2><x3>620</x3></dataPoint>
    </dataGroup>
    <ignitionType target="OH;" type="d/dt max"/>
</experiment>
