<experiment>
    <fileAuthor>Chemical Kinetics Laboratory, Institute of Chemistry, ELTE, Budapest, Hungary</fileAuthor>
    <fileDOI>10.24388/x10004138</fileDOI>
    <fileVersion>
        <major>2</major>
        <minor>2</minor>
    </fileVersion>
    <ReSpecThVersion>
        <major>2</major>
        <minor>3</minor>
    </ReSpecThVersion>
    <firstPublicationDate>2020-09-08</firstPublicationDate>
    <lastModificationDate>2020-11-18</lastModificationDate>
    <bibliographyLink>
        <description>Lifshitz, A., Scheller, K., Burcat, A., Combustion and Flame, 16, 311-321, 1971.</description>
        <referenceDOI>10.1016/s0010-2180(71)80102-5</referenceDOI>
        <location>Main article</location>
        <table>Table 2., Group 1C</table>
        <figure>Fig. 1. open triangle</figure>
        <details>
            <author>Lifshitz, A and Scheller, K and Burcat, A and Skinner, G B</author>
            <journal>Combust Flame</journal>
            <pages>311--321</pages>
            <title>Shock-tube investigation of ignition in methane-oxygen-argon mixtures</title>
            <volume>16</volume>
            <year>1971</year>
        </details>
    </bibliographyLink>
    <experimentType>ignition delay measurement</experimentType>
    <apparatus>
        <kind>shock tube</kind>
    </apparatus>
    <commonProperties>
        <property name="pressure"             sourcetype="calculated"  units="atm"           ><value>10.45</value></property>
        <property name="initial composition"  sourcetype="reported"   >
            <component><speciesLink preferredKey="CH4"  CAS="74-82-8"    InChI="1S/CH4/h1H4"  SMILES="C"     chemName="methane" /><amount units="mole fraction" >0.035</amount></component>
            <component><speciesLink preferredKey="O2"   CAS="7782-44-7"  InChI="1S/O2/c1-2"   SMILES="O=O"   chemName="oxygen"  /><amount units="mole fraction" >0.070</amount></component>
            <component><speciesLink preferredKey="Ar"   CAS="7440-37-1"  InChI="1S/Ar"        SMILES="[Ar]"  chemName="argon"   /><amount units="mole fraction" >0.895</amount></component>
        </property>
    </commonProperties>
    <dataGroup id="dg1">
        <property name="temperature"                   id="x1"   label="T"    sourcetype="digitized"  units="K"        />
        <property name="ignition delay"                id="x2"   label="tau"  sourcetype="digitized"  units="us"       />
        <property name="evaluated standard deviation"  id="x3"   sourcetype="estimated"  units="unitless"  reference="ignition delay"  kind="relative"  method="combined from scatter and the uncertainty of conditions" />

        <dataPoint><x1>1869.8</x1> <x2>39.76</x2><x3>0.174</x3></dataPoint>
        <dataPoint><x1>1827.7</x1> <x2>41.25</x2><x3>0.179</x3></dataPoint>
        <dataPoint><x1>1802.6</x1> <x2>55.88</x2><x3>0.182</x3></dataPoint>
        <dataPoint><x1>1803.6</x1> <x2>63.17</x2><x3>0.182</x3></dataPoint>
        <dataPoint><x1>1748.8</x1> <x2>76.82</x2><x3>0.189</x3></dataPoint>
        <dataPoint><x1>1729.6</x1><x2>109.40</x2><x3>0.192</x3></dataPoint>
        <dataPoint><x1>1697.1</x1><x2>111.10</x2><x3>0.197</x3></dataPoint>
        <dataPoint><x1>1691.7</x1><x2>117.70</x2><x3>0.198</x3></dataPoint>
        <dataPoint><x1>1647.5</x1><x2>188.30</x2><x3>0.205</x3></dataPoint>
        <dataPoint><x1>1630.5</x1><x2>195.30</x2><x3>0.208</x3></dataPoint>
        <dataPoint><x1>1522.1</x1><x2>697.10</x2> <x3>0.23</x3></dataPoint>
    </dataGroup>
    <ignitionType target="p" type="d/dt max"/>
</experiment>
