<experiment>
    <fileAuthor>Chemical Kinetics Laboratory, Institute of Chemistry, ELTE, Budapest, Hungary</fileAuthor>
    <fileDOI>10.24388/x10004203</fileDOI>
    <fileVersion>
        <major>2</major>
        <minor>2</minor>
    </fileVersion>
    <ReSpecThVersion>
        <major>2</major>
        <minor>3</minor>
    </ReSpecThVersion>
    <firstPublicationDate>2020-09-08</firstPublicationDate>
    <lastModificationDate>2020-11-18</lastModificationDate>
    <bibliographyLink>
        <description>Cheng, R.K., Oppenheim, A.K., Combustion and Flame, 58, 125-139, 1984.</description>
        <referenceDOI>10.1016/0010-2180(84)90088-9</referenceDOI>
        <location>Main article</location>
        <table>Table 1. mixture 1</table>
        <figure>Fig. 3. triangle</figure>
        <details>
            <author>Cheng, R K and Oppenheim, A K</author>
            <journal>Combust Flame</journal>
            <pages>125--139</pages>
            <title>Autoignition in methane-hydrogen mixtures</title>
            <volume>58</volume>
            <year>1984</year>
        </details>
    </bibliographyLink>
    <experimentType>ignition delay measurement</experimentType>
    <apparatus>
        <kind>shock tube</kind>
    </apparatus>
    <commonProperties>
        <property name="pressure"             sourcetype="reported"  units="atm"           ><value>2</value></property>
        <property name="initial composition"  sourcetype="reported" >
            <component><speciesLink preferredKey="CH4"  CAS="74-82-8"    InChI="1S/CH4/h1H4"  SMILES="C"     chemName="methane" /><amount units="mole fraction" >0.0330</amount></component>
            <component><speciesLink preferredKey="O2"   CAS="7782-44-7"  InChI="1S/O2/c1-2"   SMILES="O=O"   chemName="oxygen"  /><amount units="mole fraction" >0.0667</amount></component>
            <component><speciesLink preferredKey="Ar"   CAS="7440-37-1"  InChI="1S/Ar"        SMILES="[Ar]"  chemName="argon"   /><amount units="mole fraction" >0.9000</amount></component>
        </property>
    </commonProperties>
    <dataGroup id="dg1">
        <property name="temperature"                   id="x1"   label="T"    sourcetype="digitized"  units="K"        />
        <property name="ignition delay"                id="x2"   label="tau"  sourcetype="digitized"  units="us"       />
        <property name="evaluated standard deviation"  id="x3"   sourcetype="estimated"  units="unitless"  reference="ignition delay"  kind="relative"  method="combined from scatter and reported uncertainty" />

        <dataPoint><x1>2140.5</x1> <x2>31.72</x2><x3>0.178</x3></dataPoint>
        <dataPoint><x1>2113.3</x1> <x2>41.37</x2><x3>0.158</x3></dataPoint>
        <dataPoint><x1>2111.1</x1> <x2>43.67</x2><x3>0.155</x3></dataPoint>
        <dataPoint><x1>2111.1</x1> <x2>45.03</x2><x3>0.153</x3></dataPoint>
        <dataPoint><x1>2082.4</x1> <x2>43.24</x2><x3>0.156</x3></dataPoint>
        <dataPoint><x1>2033.6</x1> <x2>51.42</x2><x3>0.147</x3></dataPoint>
        <dataPoint><x1>2025.3</x1> <x2>53.78</x2><x3>0.146</x3></dataPoint>
        <dataPoint><x1>2063.0</x1> <x2>53.87</x2><x3>0.145</x3></dataPoint>
        <dataPoint><x1>2050.3</x1> <x2>54.48</x2><x3>0.145</x3></dataPoint>
        <dataPoint><x1>2025.3</x1> <x2>60.13</x2><x3>0.142</x3></dataPoint>
        <dataPoint><x1>2039.8</x1> <x2>61.70</x2><x3>0.141</x3></dataPoint>
        <dataPoint><x1>1985.0</x1> <x2>70.45</x2><x3>0.137</x3></dataPoint>
        <dataPoint><x1>1993.0</x1> <x2>80.45</x2><x3>0.135</x3></dataPoint>
        <dataPoint><x1>1981.1</x1> <x2>83.90</x2><x3>0.134</x3></dataPoint>
        <dataPoint><x1>1944.4</x1> <x2>77.98</x2><x3>0.135</x3></dataPoint>
        <dataPoint><x1>1938.7</x1> <x2>80.04</x2><x3>0.135</x3></dataPoint>
        <dataPoint><x1>1953.9</x1> <x2>84.76</x2><x3>0.134</x3></dataPoint>
        <dataPoint><x1>1925.6</x1> <x2>85.52</x2><x3>0.134</x3></dataPoint>
        <dataPoint><x1>1933.1</x1><x2>103.70</x2><x3>0.131</x3></dataPoint>
        <dataPoint><x1>1929.3</x1><x2>107.20</x2><x3>0.131</x3></dataPoint>
        <dataPoint><x1>1894.5</x1><x2>108.10</x2> <x3>0.13</x3></dataPoint>
        <dataPoint><x1>1867.9</x1><x2>109.70</x2> <x3>0.13</x3></dataPoint>
        <dataPoint><x1>1901.8</x1><x2>113.80</x2> <x3>0.13</x3></dataPoint>
        <dataPoint><x1>1873.2</x1><x2>135.00</x2><x3>0.129</x3></dataPoint>
        <dataPoint><x1>1912.7</x1><x2>145.00</x2><x3>0.128</x3></dataPoint>
        <dataPoint><x1>1838.7</x1><x2>165.90</x2><x3>0.127</x3></dataPoint>
        <dataPoint><x1>1811.9</x1><x2>231.70</x2><x3>0.126</x3></dataPoint>
        <dataPoint><x1>1778.0</x1><x2>302.50</x2><x3>0.126</x3></dataPoint>
        <dataPoint><x1>1743.8</x1><x2>369.50</x2><x3>0.126</x3></dataPoint>
        <dataPoint><x1>1713.9</x1><x2>408.90</x2><x3>0.125</x3></dataPoint>
        <dataPoint><x1>1684.9</x1><x2>483.60</x2><x3>0.125</x3></dataPoint>
    </dataGroup>
    <ignitionType target="p" type="d/dt max"/>
</experiment>
