<experiment>
    <fileAuthor>Chemical Kinetics Laboratory, Institute of Chemistry, ELTE, Budapest, Hungary</fileAuthor>
    <fileDOI>10.24388/x10004126</fileDOI>
    <fileVersion>
        <major>2</major>
        <minor>2</minor>
    </fileVersion>
    <ReSpecThVersion>
        <major>2</major>
        <minor>3</minor>
    </ReSpecThVersion>
    <firstPublicationDate>2020-09-08</firstPublicationDate>
    <lastModificationDate>2020-11-18</lastModificationDate>
    <bibliographyLink>
        <description>Frenklach, M., Bornside, D.E., Combustion anf Flame, 56, 1-27, 1984.</description>
        <referenceDOI>10.1016/0010-2180(84)90002-6</referenceDOI>
        <location>Main article</location>
        <figure>Fig. 3. circle</figure>
        <details>
            <author>Frenklach, M and Bornside, D E</author>
            <journal>Combust Flame</journal>
            <pages>1--27</pages>
            <title>Shock-Initiated Ignition in Methane-Propane Mixtures</title>
            <volume>56</volume>
            <year>1984</year>
        </details>
    </bibliographyLink>
    <experimentType>ignition delay measurement</experimentType>
    <apparatus>
        <kind>shock tube</kind>
    </apparatus>
    <commonProperties>
        <property name="initial composition"           sourcetype="reported"  >
            <component><speciesLink preferredKey="CH4"  CAS="74-82-8"    InChI="1S/CH4/h1H4"  SMILES="C"     chemName="methane" /><amount units="mole fraction" >0.095</amount></component>
            <component><speciesLink preferredKey="O2"   CAS="7782-44-7"  InChI="1S/O2/c1-2"   SMILES="O=O"   chemName="oxygen"  /><amount units="mole fraction" >0.190</amount></component>
            <component><speciesLink preferredKey="Ar"   CAS="7440-37-1"  InChI="1S/Ar"        SMILES="[Ar]"  chemName="argon"   /><amount units="mole fraction" >0.715</amount></component>
        </property>
        <property name="evaluated standard deviation"  sourcetype="estimated"  units="unitless"       reference="ignition delay"  kind="relative"  method="statistical scatter" ><value>0.254</value></property>
    </commonProperties>
    <dataGroup id="dg1">
        <property name="temperature"     id="x1"   label="T"    sourcetype="digitized"   units="K"   />
        <property name="ignition delay"  id="x2"   label="tau"  sourcetype="digitized"   units="us"  />
        <property name="pressure"        id="x3"   label="p"    sourcetype="calculated"  units="atm" />

        <dataPoint><x1>1603.4</x1> <x2>164.52</x2><x3>2.894</x3></dataPoint>
        <dataPoint><x1>1560.2</x1> <x2>156.07</x2><x3>2.816</x3></dataPoint>
        <dataPoint><x1>1528.6</x1> <x2>195.46</x2><x3>2.759</x3></dataPoint>
        <dataPoint><x1>1532.5</x1> <x2>276.71</x2><x3>2.766</x3></dataPoint>
        <dataPoint><x1>1523.3</x1> <x2>250.34</x2><x3>2.749</x3></dataPoint>
        <dataPoint><x1>1505.2</x1> <x2>250.49</x2><x3>2.717</x3></dataPoint>
        <dataPoint><x1>1502.0</x1> <x2>315.87</x2><x3>2.711</x3></dataPoint>
        <dataPoint><x1>1510.3</x1> <x2>362.91</x2><x3>2.726</x3></dataPoint>
        <dataPoint><x1>1490.6</x1> <x2>542.73</x2><x3>2.690</x3></dataPoint>
        <dataPoint><x1>1466.5</x1> <x2>638.89</x2><x3>2.647</x3></dataPoint>
        <dataPoint><x1>1439.7</x1> <x2>610.54</x2><x3>2.598</x3></dataPoint>
        <dataPoint><x1>1451.5</x1> <x2>818.55</x2><x3>2.620</x3></dataPoint>
        <dataPoint><x1>1452.7</x1><x2>1016.20</x2><x3>2.622</x3></dataPoint>
        <dataPoint><x1>1405.4</x1><x2>1152.00</x2><x3>2.537</x3></dataPoint>
    </dataGroup>
    <ignitionType target="p" type="d/dt max"/>
</experiment>
