<experiment>
    <fileAuthor>Chemical Kinetics Laboratory, Institute of Chemistry, ELTE, Budapest, Hungary</fileAuthor>
    <fileDOI>10.24388/x10004013</fileDOI>
    <fileVersion>
        <major>2</major>
        <minor>2</minor>
    </fileVersion>
    <ReSpecThVersion>
        <major>2</major>
        <minor>3</minor>
    </ReSpecThVersion>
    <firstPublicationDate>2020-09-08</firstPublicationDate>
    <lastModificationDate>2020-11-18</lastModificationDate>
    <bibliographyLink>
        <description>Brabbs, T.A., Robertson, T.F., NASA Technical Memorandum 87268, 1-9, 1986.</description>
        <location>Main article</location>
        <table>Table II., phi=1.0 (pressure)</table>
        <details>
            <author>Brabbs, Theodore A and Robertson, Thomas F</author>
            <institution>NASA Technical Memorandum 87268</institution>
            <title>Methane oxidation behind reflected shock waves -- Ignition delay times measured by pressure and flame band emission</title>
            <year>1986</year>
        </details>
    </bibliographyLink>
    <experimentType>ignition delay measurement</experimentType>
    <apparatus>
        <kind>shock tube</kind>
    </apparatus>
    <commonProperties>
        <property name="initial composition"           sourcetype="reported"  >
            <component><speciesLink preferredKey="CH4"  CAS="74-82-8"    InChI="1S/CH4/h1H4"  SMILES="C"     chemName="methane" /><amount units="mole fraction" >0.02</amount></component>
            <component><speciesLink preferredKey="O2"   CAS="7782-44-7"  InChI="1S/O2/c1-2"   SMILES="O=O"   chemName="oxygen"  /><amount units="mole fraction" >0.04</amount></component>
            <component><speciesLink preferredKey="Ar"   CAS="7440-37-1"  InChI="1S/Ar"        SMILES="[Ar]"  chemName="argon"   /><amount units="mole fraction" >0.94</amount></component>
        </property>
        <property name="evaluated standard deviation"  sourcetype="estimated"  units="unitless"       reference="ignition delay"  kind="relative"  method="generic uncertainty" ><value>0.1</value></property>
    </commonProperties>
    <dataGroup id="dg1">
        <property name="temperature"     id="x1"   label="T"    sourcetype="reported"  units="K"   />
        <property name="pressure"        id="x2"   label="p"    sourcetype="reported"  units="atm" />
        <property name="ignition delay"  id="x3"   label="tau"  sourcetype="reported"  units="us"  />

        <dataPoint><x1>1915</x1><x2>3.680</x2>  <x3>57</x3></dataPoint>
        <dataPoint><x1>1866</x1><x2>3.536</x2>  <x3>84</x3></dataPoint>
        <dataPoint><x1>1802</x1><x2>3.354</x2> <x3>171</x3></dataPoint>
        <dataPoint><x1>1780</x1><x2>3.279</x2> <x3>201</x3></dataPoint>
        <dataPoint><x1>1775</x1><x2>3.278</x2> <x3>185</x3></dataPoint>
        <dataPoint><x1>1746</x1><x2>3.183</x2> <x3>295</x3></dataPoint>
        <dataPoint><x1>1732</x1><x2>3.147</x2> <x3>383</x3></dataPoint>
        <dataPoint><x1>1725</x1><x2>3.122</x2> <x3>397</x3></dataPoint>
        <dataPoint><x1>1710</x1><x2>3.082</x2> <x3>427</x3></dataPoint>
        <dataPoint><x1>1707</x1><x2>3.077</x2> <x3>531</x3></dataPoint>
        <dataPoint><x1>1689</x1><x2>3.023</x2> <x3>525</x3></dataPoint>
        <dataPoint><x1>1689</x1><x2>3.032</x2> <x3>589</x3></dataPoint>
        <dataPoint><x1>1655</x1><x2>2.932</x2> <x3>794</x3></dataPoint>
        <dataPoint><x1>1645</x1><x2>2.900</x2> <x3>867</x3></dataPoint>
        <dataPoint><x1>1635</x1><x2>2.876</x2> <x3>967</x3></dataPoint>
        <dataPoint><x1>1629</x1><x2>2.855</x2><x3>1072</x3></dataPoint>
        <dataPoint><x1>1615</x1><x2>2.822</x2><x3>1163</x3></dataPoint>
        <dataPoint><x1>1593</x1><x2>2.761</x2><x3>1448</x3></dataPoint>
    </dataGroup>
    <ignitionType target="p;" type="d/dt max"/>
</experiment>
