<experiment>
    <fileAuthor>Chemical Kinetics Laboratory, Institute of Chemistry, ELTE, Budapest, Hungary</fileAuthor>
    <fileDOI>10.24388/x10004208</fileDOI>
    <fileVersion>
        <major>2</major>
        <minor>2</minor>
    </fileVersion>
    <ReSpecThVersion>
        <major>2</major>
        <minor>3</minor>
    </ReSpecThVersion>
    <firstPublicationDate>2020-09-08</firstPublicationDate>
    <lastModificationDate>2020-11-18</lastModificationDate>
    <bibliographyLink>
        <description>Cheng, R.K., Oppenheim, A.K., Combustion and Flame, 58, 125-139, 1984.</description>
        <referenceDOI>10.1016/0010-2180(84)90088-9</referenceDOI>
        <location>Main article</location>
        <table>Table 1. mixture 6</table>
        <figure>Fig. 6. diamond</figure>
        <details>
            <author>Cheng, R K and Oppenheim, A K</author>
            <journal>Combust Flame</journal>
            <pages>125--139</pages>
            <title>Autoignition in methane-hydrogen mixtures</title>
            <volume>58</volume>
            <year>1984</year>
        </details>
    </bibliographyLink>
    <experimentType>ignition delay measurement</experimentType>
    <apparatus>
        <kind>shock tube</kind>
    </apparatus>
    <commonProperties>
        <property name="pressure"             sourcetype="reported"  units="atm"           ><value>2</value></property>
        <property name="initial composition"  sourcetype="reported" >
            <component><speciesLink preferredKey="CH4"  CAS="74-82-8"    InChI="1S/CH4/h1H4"  SMILES="C"     chemName="methane"  /><amount units="mole fraction" >0.0167</amount></component>
            <component><speciesLink preferredKey="H2"   CAS="1333-74-0"  InChI="1S/H2/h1H"    SMILES="[HH]"  chemName="hydrogen" /><amount units="mole fraction" >0.0167</amount></component>
            <component><speciesLink preferredKey="O2"   CAS="7782-44-7"  InChI="1S/O2/c1-2"   SMILES="O=O"   chemName="oxygen"   /><amount units="mole fraction" >0.0667</amount></component>
            <component><speciesLink preferredKey="Ar"   CAS="7440-37-1"  InChI="1S/Ar"        SMILES="[Ar]"  chemName="argon"    /><amount units="mole fraction" >0.8999</amount></component>
        </property>
    </commonProperties>
    <dataGroup id="dg1">
        <property name="temperature"                   id="x1"   label="T"    sourcetype="digitized"  units="K"        />
        <property name="ignition delay"                id="x2"   label="tau"  sourcetype="digitized"  units="us"       />
        <property name="evaluated standard deviation"  id="x3"   sourcetype="estimated"  units="unitless"  reference="ignition delay"  kind="relative"  method="combined from scatter and reported uncertainty" />

        <dataPoint><x1>2339.1</x1> <x2>15.90</x2><x3>0.274</x3></dataPoint>
        <dataPoint><x1>2024.0</x1> <x2>26.24</x2><x3>0.186</x3></dataPoint>
        <dataPoint><x1>1987.0</x1> <x2>31.37</x2><x3>0.167</x3></dataPoint>
        <dataPoint><x1>1945.9</x1> <x2>34.80</x2><x3>0.157</x3></dataPoint>
        <dataPoint><x1>1922.1</x1> <x2>35.14</x2><x3>0.156</x3></dataPoint>
        <dataPoint><x1>1973.2</x1> <x2>37.39</x2><x3>0.152</x3></dataPoint>
        <dataPoint><x1>1854.0</x1> <x2>41.92</x2><x3>0.144</x3></dataPoint>
        <dataPoint><x1>1878.7</x1> <x2>46.68</x2><x3>0.137</x3></dataPoint>
        <dataPoint><x1>1876.2</x1> <x2>49.78</x2><x3>0.134</x3></dataPoint>
        <dataPoint><x1>1830.0</x1> <x2>49.66</x2><x3>0.134</x3></dataPoint>
        <dataPoint><x1>1761.5</x1> <x2>59.54</x2><x3>0.127</x3></dataPoint>
        <dataPoint><x1>1820.6</x1> <x2>56.75</x2><x3>0.128</x3></dataPoint>
        <dataPoint><x1>1761.6</x1> <x2>71.44</x2><x3>0.121</x3></dataPoint>
        <dataPoint><x1>1772.7</x1> <x2>77.32</x2><x3>0.119</x3></dataPoint>
        <dataPoint><x1>1748.5</x1> <x2>78.55</x2><x3>0.119</x3></dataPoint>
        <dataPoint><x1>1687.8</x1> <x2>75.89</x2> <x3>0.12</x3></dataPoint>
        <dataPoint><x1>1679.8</x1> <x2>78.34</x2><x3>0.119</x3></dataPoint>
        <dataPoint><x1>1702.1</x1> <x2>78.78</x2><x3>0.119</x3></dataPoint>
        <dataPoint><x1>1722.9</x1> <x2>85.74</x2><x3>0.117</x3></dataPoint>
        <dataPoint><x1>1694.0</x1> <x2>85.58</x2><x3>0.117</x3></dataPoint>
        <dataPoint><x1>1677.9</x1> <x2>89.87</x2><x3>0.116</x3></dataPoint>
        <dataPoint><x1>1652.4</x1><x2>103.10</x2><x3>0.114</x3></dataPoint>
        <dataPoint><x1>1612.7</x1><x2>109.90</x2><x3>0.113</x3></dataPoint>
        <dataPoint><x1>1598.1</x1><x2>113.80</x2><x3>0.113</x3></dataPoint>
        <dataPoint><x1>1609.1</x1><x2>123.30</x2><x3>0.112</x3></dataPoint>
        <dataPoint><x1>1642.8</x1><x2>124.00</x2><x3>0.112</x3></dataPoint>
        <dataPoint><x1>1559.3</x1><x2>144.50</x2><x3>0.111</x3></dataPoint>
        <dataPoint><x1>1562.8</x1><x2>153.50</x2> <x3>0.11</x3></dataPoint>
        <dataPoint><x1>1537.3</x1><x2>162.50</x2> <x3>0.11</x3></dataPoint>
        <dataPoint><x1>1522.4</x1><x2>190.30</x2><x3>0.109</x3></dataPoint>
        <dataPoint><x1>1514.2</x1><x2>202.10</x2><x3>0.109</x3></dataPoint>
        <dataPoint><x1>1487.1</x1><x2>207.50</x2><x3>0.109</x3></dataPoint>
        <dataPoint><x1>1471.6</x1><x2>216.10</x2><x3>0.109</x3></dataPoint>
        <dataPoint><x1>1485.6</x1><x2>222.90</x2><x3>0.109</x3></dataPoint>
        <dataPoint><x1>1535.7</x1><x2>233.70</x2><x3>0.109</x3></dataPoint>
        <dataPoint><x1>1441.6</x1><x2>275.40</x2><x3>0.108</x3></dataPoint>
        <dataPoint><x1>1421.3</x1><x2>325.80</x2><x3>0.108</x3></dataPoint>
    </dataGroup>
    <ignitionType target="p" type="d/dt max"/>
</experiment>
