<experiment>
    <fileAuthor>Chemical Kinetics Laboratory, Institute of Chemistry, ELTE, Budapest, Hungary</fileAuthor>
    <fileDOI>10.24388/x10004147</fileDOI>
    <fileVersion>
        <major>2</major>
        <minor>2</minor>
    </fileVersion>
    <ReSpecThVersion>
        <major>2</major>
        <minor>3</minor>
    </ReSpecThVersion>
    <firstPublicationDate>2020-09-08</firstPublicationDate>
    <lastModificationDate>2020-11-18</lastModificationDate>
    <bibliographyLink>
        <description>Tang, C., Wei, L., Zhang, J., Man, X., Huang, Z., energy and Fuels, 26, 6720-6728, 2012.</description>
        <referenceDOI>10.1021/ef301339m</referenceDOI>
        <location>Main article</location>
        <table>Table 1. Mixtue 1-M100</table>
        <figure>Fig. 4a, triangle</figure>
        <details>
            <author>Tang, Chenglong and Wei, Liangjie and Zhang, Jiaxiang and Man, Xingjia and Huang, Zuohua</author>
            <journal>Energy Fuels</journal>
            <pages>6720--6728</pages>
            <title>Shock Tube Measurements and Kinetic Investigation on the Ignition Delay Times of Methane/Dimethyl Ether Mixtures</title>
            <volume>26</volume>
            <year>2012</year>
        </details>
    </bibliographyLink>
    <experimentType>ignition delay measurement</experimentType>
    <apparatus>
        <kind>shock tube</kind>
    </apparatus>
    <commonProperties>
        <property name="pressure"                      sourcetype="reported"   units="bar"           ><value>10</value></property>
        <property name="initial composition"           sourcetype="reported"  >
            <component><speciesLink preferredKey="CH4"  CAS="74-82-8"    InChI="1S/CH4/h1H4"  SMILES="C"     chemName="methane" /><amount units="mole fraction" >0.01901</amount></component>
            <component><speciesLink preferredKey="O2"   CAS="7782-44-7"  InChI="1S/O2/c1-2"   SMILES="O=O"   chemName="oxygen"  /><amount units="mole fraction" >0.03802</amount></component>
            <component><speciesLink preferredKey="Ar"   CAS="7440-37-1"  InChI="1S/Ar"        SMILES="[Ar]"  chemName="argon"   /><amount units="mole fraction" >0.94297</amount></component>
        </property>
        <property name="evaluated standard deviation"  sourcetype="estimated"  units="unitless"       reference="ignition delay"  kind="relative"  method="combined from scatter and reported uncertainty" ><value>0.127</value></property>
    </commonProperties>
    <dataGroup id="dg1">
        <property name="temperature"     id="x1"   label="T"    sourcetype="digitized"  units="K"  />
        <property name="ignition delay"  id="x2"   label="tau"  sourcetype="digitized"  units="us" />

        <dataPoint><x1>1749.2</x1> <x2>130.70</x2></dataPoint>
        <dataPoint><x1>1671.4</x1> <x2>223.27</x2></dataPoint>
        <dataPoint><x1>1600.3</x1> <x2>460.03</x2></dataPoint>
        <dataPoint><x1>1559.9</x1> <x2>617.58</x2></dataPoint>
        <dataPoint><x1>1490.0</x1><x2>1206.10</x2></dataPoint>
        <dataPoint><x1>1459.9</x1><x2>1378.90</x2></dataPoint>
        <dataPoint><x1>1391.7</x1><x2>3162.20</x2></dataPoint>
    </dataGroup>
    <ignitionType target="CHEX" type="baseline min intercept from d/dt"/>
</experiment>
