<experiment>
    <fileAuthor>Chemical Kinetics Laboratory, Institute of Chemistry, ELTE, Budapest, Hungary</fileAuthor>
    <fileDOI>10.24388/x10004441</fileDOI>
    <fileVersion>
        <major>2</major>
        <minor>2</minor>
    </fileVersion>
    <ReSpecThVersion>
        <major>2</major>
        <minor>3</minor>
    </ReSpecThVersion>
    <firstPublicationDate>2020-09-08</firstPublicationDate>
    <lastModificationDate>2020-11-18</lastModificationDate>
    <bibliographyLink>
        <description>Seery, D.J., Bowman, C.T., 154th National Meeting of the ACS, Division of Fuel Chemistry, 11, 82-95, 1967.</description>
        <location>Main article</location>
        <figure>Fig. 6.</figure>
        <details>
            <author>Seery, Daniel J and Bowman, Craig T</author>
            <journal>Div Fuel Chem</journal>
            <number>4</number>
            <pages>82--95</pages>
            <title>A shock tube study of methane oxidation</title>
            <volume>11</volume>
            <year>1967</year>
        </details>
    </bibliographyLink>
    <experimentType>ignition delay measurement</experimentType>
    <commonProperties>
        <property name="pressure"                      sourcetype="reported"   units="atm"           ><value>2.0</value></property>
        <property name="initial composition"           sourcetype="reported"  >
            <component><speciesLink preferredKey="CH4"  CAS="74-82-8"    InChI="1S/CH4/h1H4"  SMILES="C"    chemName="methane"  /><amount units="mole fraction" >0.091</amount></component>
            <component><speciesLink preferredKey="O2"   CAS="7782-44-7"  InChI="1S/O2/c1-2"   SMILES="O=O"  chemName="oxygen"   /><amount units="mole fraction" >0.182</amount></component>
            <component><speciesLink preferredKey="N2"   CAS="7727-37-9"  InChI="1S/N2/c1-2"   SMILES="N#N"  chemName="nitrogen" /><amount units="mole fraction" >0.727</amount></component>
        </property>
        <property name="evaluated standard deviation"  sourcetype="estimated"  units="unitless"       reference="ignition delay"  kind="relative"  method="statistical scatter" ><value>0.141</value></property>
    </commonProperties>
    <dataGroup id="dg1">
        <property name="temperature"     id="x1"   label="T"    sourcetype="digitized"  units="K"  />
        <property name="ignition delay"  id="x2"   label="tau"  sourcetype="digitized"  units="us" />

        <dataPoint><x1>1724.63</x1>  <x2>74.79</x2></dataPoint>
        <dataPoint><x1>1722.74</x1>  <x2>84.66</x2></dataPoint>
        <dataPoint><x1>1667.68</x1> <x2>155.38</x2></dataPoint>
        <dataPoint><x1>1661.08</x1> <x2>159.93</x2></dataPoint>
        <dataPoint><x1>1627.56</x1> <x2>252.93</x2></dataPoint>
        <dataPoint><x1>1612.81</x1> <x2>184.68</x2></dataPoint>
        <dataPoint><x1>1561.29</x1> <x2>463.80</x2></dataPoint>
        <dataPoint><x1>1529.38</x1> <x2>686.77</x2></dataPoint>
        <dataPoint><x1>1517.51</x1> <x2>652.17</x2></dataPoint>
        <dataPoint><x1>1489.55</x1> <x2>941.45</x2></dataPoint>
        <dataPoint><x1>1481.63</x1><x2>1030.95</x2></dataPoint>
        <dataPoint><x1>1428.59</x1><x2>1738.50</x2></dataPoint>
    </dataGroup>
    <ignitionType target="p" type="d/dt max"/>
</experiment>
