<experiment>
    <fileAuthor>Chemical Kinetics Laboratory, Institute of Chemistry, ELTE, Budapest, Hungary</fileAuthor>
    <fileDOI>10.24388/x10004211</fileDOI>
    <fileVersion>
        <major>2</major>
        <minor>2</minor>
    </fileVersion>
    <ReSpecThVersion>
        <major>2</major>
        <minor>3</minor>
    </ReSpecThVersion>
    <firstPublicationDate>2020-09-08</firstPublicationDate>
    <lastModificationDate>2020-11-18</lastModificationDate>
    <bibliographyLink>
        <description>Cheng, R.K., Oppenheim, A.K., Combustion and Flame, 58, 125-139, 1984.</description>
        <referenceDOI>10.1016/0010-2180(84)90088-9</referenceDOI>
        <location>Main article</location>
        <table>Table 1. mixture 9</table>
        <figure>Fig. 7. circle</figure>
        <details>
            <author>Cheng, R K and Oppenheim, A K</author>
            <journal>Combust Flame</journal>
            <pages>125--139</pages>
            <title>Autoignition in methane-hydrogen mixtures</title>
            <volume>58</volume>
            <year>1984</year>
        </details>
    </bibliographyLink>
    <experimentType>ignition delay measurement</experimentType>
    <apparatus>
        <kind>shock tube</kind>
    </apparatus>
    <commonProperties>
        <property name="pressure"             sourcetype="reported"  units="atm"           ><value>2</value></property>
        <property name="initial composition"  sourcetype="reported" >
            <component><speciesLink preferredKey="CH4"  CAS="74-82-8"    InChI="1S/CH4/h1H4"  SMILES="C"     chemName="methane"  /><amount units="mole fraction" >0.0143</amount></component>
            <component><speciesLink preferredKey="H2"   CAS="1333-74-0"  InChI="1S/H2/h1H"    SMILES="[HH]"  chemName="hydrogen" /><amount units="mole fraction" >0.0286</amount></component>
            <component><speciesLink preferredKey="O2"   CAS="7782-44-7"  InChI="1S/O2/c1-2"   SMILES="O=O"   chemName="oxygen"   /><amount units="mole fraction" >0.0572</amount></component>
            <component><speciesLink preferredKey="Ar"   CAS="7440-37-1"  InChI="1S/Ar"        SMILES="[Ar]"  chemName="argon"    /><amount units="mole fraction" >0.8999</amount></component>
        </property>
    </commonProperties>
    <dataGroup id="dg1">
        <property name="temperature"                   id="x1"   label="T"    sourcetype="digitized"  units="K"        />
        <property name="ignition delay"                id="x2"   label="tau"  sourcetype="digitized"  units="us"       />
        <property name="evaluated standard deviation"  id="x3"   sourcetype="estimated"  units="unitless"  reference="ignition delay"  kind="relative"  method="combined from scatter and reported uncertainty" />

        <dataPoint><x1>2172.4</x1> <x2>12.18</x2><x3>0.359</x3></dataPoint>
        <dataPoint><x1>2182.0</x1> <x2>12.30</x2><x3>0.356</x3></dataPoint>
        <dataPoint><x1>1802.5</x1> <x2>19.01</x2><x3>0.255</x3></dataPoint>
        <dataPoint><x1>1842.5</x1> <x2>21.58</x2><x3>0.235</x3></dataPoint>
        <dataPoint><x1>1755.8</x1> <x2>21.22</x2><x3>0.238</x3></dataPoint>
        <dataPoint><x1>1733.4</x1> <x2>24.60</x2><x3>0.218</x3></dataPoint>
        <dataPoint><x1>1768.3</x1> <x2>26.76</x2><x3>0.208</x3></dataPoint>
        <dataPoint><x1>1709.6</x1> <x2>28.70</x2><x3>0.201</x3></dataPoint>
        <dataPoint><x1>1680.7</x1> <x2>30.12</x2><x3>0.196</x3></dataPoint>
        <dataPoint><x1>1658.3</x1> <x2>31.71</x2><x3>0.192</x3></dataPoint>
        <dataPoint><x1>1618.7</x1> <x2>33.10</x2><x3>0.188</x3></dataPoint>
        <dataPoint><x1>1645.5</x1> <x2>33.52</x2><x3>0.187</x3></dataPoint>
        <dataPoint><x1>1629.3</x1> <x2>35.63</x2><x3>0.183</x3></dataPoint>
        <dataPoint><x1>1694.0</x1> <x2>38.01</x2><x3>0.179</x3></dataPoint>
        <dataPoint><x1>1579.3</x1> <x2>42.43</x2><x3>0.173</x3></dataPoint>
        <dataPoint><x1>1577.6</x1> <x2>45.41</x2><x3>0.169</x3></dataPoint>
        <dataPoint><x1>1554.6</x1> <x2>46.46</x2><x3>0.168</x3></dataPoint>
        <dataPoint><x1>1567.7</x1> <x2>48.06</x2><x3>0.167</x3></dataPoint>
        <dataPoint><x1>1510.6</x1> <x2>52.47</x2><x3>0.163</x3></dataPoint>
        <dataPoint><x1>1529.2</x1> <x2>53.70</x2><x3>0.163</x3></dataPoint>
        <dataPoint><x1>1519.8</x1> <x2>60.47</x2><x3>0.159</x3></dataPoint>
        <dataPoint><x1>1504.5</x1> <x2>66.50</x2><x3>0.157</x3></dataPoint>
        <dataPoint><x1>1485.0</x1> <x2>62.74</x2><x3>0.158</x3></dataPoint>
        <dataPoint><x1>1425.5</x1> <x2>61.60</x2><x3>0.158</x3></dataPoint>
        <dataPoint><x1>1451.8</x1> <x2>67.85</x2><x3>0.156</x3></dataPoint>
        <dataPoint><x1>1538.6</x1> <x2>86.65</x2><x3>0.152</x3></dataPoint>
        <dataPoint><x1>1471.8</x1> <x2>78.14</x2><x3>0.153</x3></dataPoint>
        <dataPoint><x1>1454.6</x1> <x2>79.03</x2><x3>0.153</x3></dataPoint>
        <dataPoint><x1>1440.6</x1> <x2>81.73</x2><x3>0.153</x3></dataPoint>
        <dataPoint><x1>1435.0</x1> <x2>86.09</x2><x3>0.152</x3></dataPoint>
        <dataPoint><x1>1389.6</x1> <x2>92.41</x2><x3>0.151</x3></dataPoint>
        <dataPoint><x1>1404.0</x1> <x2>94.44</x2><x3>0.151</x3></dataPoint>
        <dataPoint><x1>1402.7</x1><x2>106.00</x2><x3>0.149</x3></dataPoint>
        <dataPoint><x1>1433.7</x1><x2>104.90</x2><x3>0.149</x3></dataPoint>
        <dataPoint><x1>1436.4</x1> <x2>98.15</x2> <x3>0.15</x3></dataPoint>
        <dataPoint><x1>1389.6</x1><x2>113.50</x2><x3>0.149</x3></dataPoint>
        <dataPoint><x1>1374.3</x1><x2>112.50</x2><x3>0.149</x3></dataPoint>
        <dataPoint><x1>1384.5</x1><x2>127.20</x2><x3>0.148</x3></dataPoint>
        <dataPoint><x1>1358.0</x1><x2>125.30</x2><x3>0.148</x3></dataPoint>
        <dataPoint><x1>1368.0</x1><x2>129.50</x2><x3>0.148</x3></dataPoint>
    </dataGroup>
    <ignitionType target="p" type="d/dt max"/>
</experiment>
