<experiment>
    <fileAuthor>Chemical Kinetics Laboratory, Institute of Chemistry, ELTE, Budapest, Hungary</fileAuthor>
    <fileDOI>10.24388/x10004581</fileDOI>
    <fileVersion>
        <major>2</major>
        <minor>2</minor>
    </fileVersion>
    <ReSpecThVersion>
        <major>2</major>
        <minor>3</minor>
    </ReSpecThVersion>
    <firstPublicationDate>2020-09-08</firstPublicationDate>
    <lastModificationDate>2020-11-18</lastModificationDate>
    <bibliographyLink>
        <description>Y. Liu, C. Zou, J. Cheng, H. Jia, C. Zheng, Energy and Fuels, 32, 10999–11009, 2018.</description>
        <referenceDOI>10.1021/acs.energyfuels.8b02443</referenceDOI>
        <location>Main Aricle + Supplementary</location>
        <table>Table 1 and Table S1, Mixture 2, P = 0.8 atm series</table>
        <details>
            <author>Y. Liu, C. Zou, J. Cheng, H. Jia, C. Zheng</author>
            <journal>Energy and Fuels</journal>
            <pages>10999–11009</pages>
            <title>Experimental and numerical study of the effect of CO2 on the ignition delay times of methane under different pressures and temperatures</title>
            <volume>32</volume>
            <year>2018</year>
        </details>
    </bibliographyLink>
    <experimentType>ignition delay measurement</experimentType>
    <apparatus>
        <kind>shock tube</kind>
        <mode>reflected shock</mode>
    </apparatus>
    <commonProperties>
        <property name="initial composition"           sourcetype="reported"  >
            <component><speciesLink preferredKey="CH4"  CAS="74-82-8"    InChI="1S/CH4/h1H4"    SMILES="C"        chemName="methane"        /><amount units="mole fraction" >0.05</amount></component>
            <component><speciesLink preferredKey="O2"   CAS="7782-44-7"  InChI="1S/O2/c1-2"     SMILES="O=O"      chemName="oxygen"         /><amount units="mole fraction" >0.20</amount></component>
            <component><speciesLink preferredKey="CO2"  CAS="124-38-9"   InChI="1S/CO2/c2-1-3"  SMILES="C(=O)=O"  chemName="carbon dioxide" /><amount units="mole fraction" >0.75</amount></component>
        </property>
        <property name="evaluated standard deviation"  sourcetype="estimated"  units="unitless"       reference="ignition delay"  kind="relative"  method="combined from scatter and reported uncertainty" ><value>0.251</value></property>
    </commonProperties>
    <dataGroup id="dg1">
        <property name="temperature"     id="x1"   label="T"    sourcetype="reported"  units="K"   />
        <property name="ignition delay"  id="x2"   label="tau"  sourcetype="reported"  units="us"  />
        <property name="pressure"        id="x3"   label="P"    sourcetype="reported"  units="atm" />

        <dataPoint><x1>1503</x1><x2>826</x2><x3>1.59</x3></dataPoint>
        <dataPoint><x1>1534</x1><x2>380</x2><x3>1.76</x3></dataPoint>
        <dataPoint><x1>1598</x1><x2>333</x2><x3>1.87</x3></dataPoint>
        <dataPoint><x1>1624</x1><x2>256</x2><x3>1.87</x3></dataPoint>
        <dataPoint><x1>1642</x1><x2>222</x2><x3>1.98</x3></dataPoint>
        <dataPoint><x1>1643</x1><x2>205</x2><x3>1.92</x3></dataPoint>
        <dataPoint><x1>1654</x1><x2>198</x2><x3>1.90</x3></dataPoint>
        <dataPoint><x1>1655</x1><x2>174</x2><x3>1.88</x3></dataPoint>
        <dataPoint><x1>1718</x1> <x2>99</x2><x3>1.93</x3></dataPoint>
        <dataPoint><x1>1785</x1> <x2>74</x2><x3>1.91</x3></dataPoint>
    </dataGroup>
    <ignitionType target="OHEX" type="baseline min intercept from d/dt"/>
</experiment>
