<experiment>
    <fileAuthor>Chemical Kinetics Laboratory, Institute of Chemistry, ELTE, Budapest, Hungary</fileAuthor>
    <fileDOI>10.24388/x10004176</fileDOI>
    <fileVersion>
        <major>2</major>
        <minor>2</minor>
    </fileVersion>
    <ReSpecThVersion>
        <major>2</major>
        <minor>3</minor>
    </ReSpecThVersion>
    <firstPublicationDate>2020-09-08</firstPublicationDate>
    <lastModificationDate>2020-11-18</lastModificationDate>
    <bibliographyLink>
        <description>Zhang, Y., Jiang, X., Wei, L., Zhang, J., Tang, C., Huang, Z., International Journal of Hydrogen Energy, 37, 19168-19176, 2012.</description>
        <referenceDOI>10.1016/j.ijhydene.2012.09.056</referenceDOI>
        <location>Main article</location>
        <table>Table 1, 100 % CH4</table>
        <figure>Fig. 3 a, circle</figure>
        <details>
            <author>Zhang, Y., Jiang, X., Wei, L., Zhang, J., Tang, C., Huang, Z.</author>
            <journal>International Journal of Hydrogen Energy</journal>
            <pages>19168--19176</pages>
            <title>Experimental and modeling study on auto-ignition characteristics of methane/hydrogen blends under engine relevant pressure</title>
            <volume>37</volume>
            <year>2012</year>
        </details>
    </bibliographyLink>
    <experimentType>ignition delay measurement</experimentType>
    <apparatus>
        <kind>shock tube</kind>
    </apparatus>
    <commonProperties>
        <property name="pressure"             sourcetype="reported"  units="MPa"           ><value>1.8</value></property>
        <property name="initial composition"  sourcetype="reported" >
            <component><speciesLink preferredKey="CH4"  CAS="74-82-8"    InChI="1S/CH4/h1H4"  SMILES="C"     chemName="methane" /><amount units="mole fraction" >0.0190</amount></component>
            <component><speciesLink preferredKey="O2"   CAS="7782-44-7"  InChI="1S/O2/c1-2"   SMILES="O=O"   chemName="oxygen"  /><amount units="mole fraction" >0.03801</amount></component>
            <component><speciesLink preferredKey="Ar"   CAS="7440-37-1"  InChI="1S/Ar"        SMILES="[Ar]"  chemName="argon"   /><amount units="mole fraction" >0.94299</amount></component>
        </property>
        <property name="pressure rise"        label="dp/dt"  sourcetype="reported"  units="ms-1"          ><value>0.04</value></property>
    </commonProperties>
    <dataGroup id="dg1">
        <property name="temperature"                   id="x1"   label="T"    sourcetype="digitized"  units="K"        />
        <property name="ignition delay"                id="x2"   label="tau"  sourcetype="digitized"  units="us"       />
        <property name="evaluated standard deviation"  id="x3"   sourcetype="estimated"  units="unitless"  reference="ignition delay"  kind="relative"  method="combined from scatter and the uncertainty of conditions" />

        <dataPoint><x1>1676.9</x1> <x2>143.72</x2><x3>0.223</x3></dataPoint>
        <dataPoint><x1>1648.1</x1> <x2>173.67</x2><x3>0.225</x3></dataPoint>
        <dataPoint><x1>1623.5</x1> <x2>216.57</x2><x3>0.226</x3></dataPoint>
        <dataPoint><x1>1573.3</x1> <x2>364.45</x2> <x3>0.23</x3></dataPoint>
        <dataPoint><x1>1502.3</x1> <x2>895.47</x2><x3>0.235</x3></dataPoint>
        <dataPoint><x1>1448.8</x1><x2>1349.30</x2><x3>0.239</x3></dataPoint>
        <dataPoint><x1>1411.2</x1><x2>2065.70</x2><x3>0.241</x3></dataPoint>
        <dataPoint><x1>1375.5</x1><x2>2235.10</x2><x3>0.244</x3></dataPoint>
    </dataGroup>
    <ignitionType target="OHEX" type="baseline min intercept from d/dt"/>
</experiment>
