<experiment>
    <fileAuthor>Chemical Kinetics Laboratory, Institute of Chemistry, ELTE, Budapest, Hungary</fileAuthor>
    <fileDOI>10.24388/x10004073</fileDOI>
    <fileVersion>
        <major>2</major>
        <minor>2</minor>
    </fileVersion>
    <ReSpecThVersion>
        <major>2</major>
        <minor>3</minor>
    </ReSpecThVersion>
    <firstPublicationDate>2020-09-08</firstPublicationDate>
    <lastModificationDate>2020-11-18</lastModificationDate>
    <bibliographyLink>
        <description>Krishnan, S., Ravikumar, R., Combustion Science and Technology, 24, 239-245, 1980.</description>
        <referenceDOI>10.1080/00102208008952443</referenceDOI>
        <location>Main article</location>
        <table>Table 1. Mixture 3</table>
        <figure>Figure 1A</figure>
        <details>
            <author>Krishnan, S and Ravikumar, R</author>
            <journal>Combustion Science and Technology</journal>
            <pages>239--245</pages>
            <title>Unition Delay of Methane in Reflected Shock Waves</title>
            <volume>24</volume>
            <year>1980</year>
        </details>
    </bibliographyLink>
    <experimentType>ignition delay measurement</experimentType>
    <apparatus>
        <kind>shock tube</kind>
    </apparatus>
    <commonProperties>
        <property name="pressure"                      label="p"  sourcetype="reported"   units="atm"           ><value>3</value></property>
        <property name="initial composition"           sourcetype="reported"  >
            <component><speciesLink preferredKey="CH4"  CAS="74-82-8"    InChI="1S/CH4/h1H4"  SMILES="C"     chemName="methane" /><amount units="mole fraction" >0.0166</amount></component>
            <component><speciesLink preferredKey="O2"   CAS="7782-44-7"  InChI="1S/O2/c1-2"   SMILES="O=O"   chemName="oxygen"  /><amount units="mole fraction" >0.0333</amount></component>
            <component><speciesLink preferredKey="Ar"   CAS="7440-37-1"  InChI="1S/Ar"        SMILES="[Ar]"  chemName="argon"   /><amount units="mole fraction" >0.9501</amount></component>
        </property>
        <property name="evaluated standard deviation"  sourcetype="estimated"  units="unitless"       reference="ignition delay"  kind="relative"  method="generic uncertainty" ><value>0.1</value></property>
    </commonProperties>
    <dataGroup id="dg1">
        <property name="temperature"     id="x1"   label="T"    sourcetype="digitized"  units="K"  />
        <property name="ignition delay"  id="x2"   label="tau"  sourcetype="digitized"  units="us" />

        <dataPoint><x1>2.108899e+003</x1><x2>2.597287e+001</x2></dataPoint>
        <dataPoint><x1>2.055338e+003</x1><x2>3.157621e+001</x2></dataPoint>
        <dataPoint><x1>1.983611e+003</x1><x2>4.054805e+001</x2></dataPoint>
        <dataPoint><x1>1.901701e+003</x1><x2>6.481865e+001</x2></dataPoint>
        <dataPoint><x1>1.878943e+003</x1><x2>7.318128e+001</x2></dataPoint>
        <dataPoint><x1>1.852250e+003</x1><x2>8.472664e+001</x2></dataPoint>
        <dataPoint><x1>1.826301e+003</x1><x2>9.955659e+001</x2></dataPoint>
        <dataPoint><x1>1.790693e+003</x1><x2>1.208537e+002</x2></dataPoint>
        <dataPoint><x1>1.735945e+003</x1><x2>1.949171e+002</x2></dataPoint>
        <dataPoint><x1>1.702264e+003</x1><x2>2.310734e+002</x2></dataPoint>
        <dataPoint><x1>1.673472e+003</x1><x2>2.993781e+002</x2></dataPoint>
        <dataPoint><x1>1.635532e+003</x1><x2>3.634210e+002</x2></dataPoint>
        <dataPoint><x1>1.601702e+003</x1><x2>4.944131e+002</x2></dataPoint>
    </dataGroup>
    <ignitionType target="CHEX" type="baseline min intercept from d/dt"/>
</experiment>
