<experiment>
    <fileAuthor>Chemical Kinetics Laboratory, Institute of Chemistry, ELTE, Budapest, Hungary</fileAuthor>
    <fileDOI>10.24388/x10004206</fileDOI>
    <fileVersion>
        <major>2</major>
        <minor>2</minor>
    </fileVersion>
    <ReSpecThVersion>
        <major>2</major>
        <minor>3</minor>
    </ReSpecThVersion>
    <firstPublicationDate>2020-09-08</firstPublicationDate>
    <lastModificationDate>2020-11-18</lastModificationDate>
    <bibliographyLink>
        <description>Cheng, R.K., Oppenheim, A.K., Combustion and Flame, 58, 125-139, 1984.</description>
        <referenceDOI>10.1016/0010-2180(84)90088-9</referenceDOI>
        <location>Main article</location>
        <table>Table 1. mixture 4</table>
        <figure>Fig. 5. diamond</figure>
        <details>
            <author>Cheng, R K and Oppenheim, A K</author>
            <journal>Combust Flame</journal>
            <pages>125--139</pages>
            <title>Autoignition in methane-hydrogen mixtures</title>
            <volume>58</volume>
            <year>1984</year>
        </details>
    </bibliographyLink>
    <experimentType>ignition delay measurement</experimentType>
    <apparatus>
        <kind>shock tube</kind>
    </apparatus>
    <commonProperties>
        <property name="pressure"             sourcetype="reported"  units="atm"           ><value>2</value></property>
        <property name="initial composition"  sourcetype="reported" >
            <component><speciesLink preferredKey="CH4"  CAS="74-82-8"    InChI="1S/CH4/h1H4"  SMILES="C"     chemName="methane"  /><amount units="mole fraction" >0.01818</amount></component>
            <component><speciesLink preferredKey="H2"   CAS="1333-74-0"  InChI="1S/H2/h1H"    SMILES="[HH]"  chemName="hydrogen" /><amount units="mole fraction" >0.00909</amount></component>
            <component><speciesLink preferredKey="O2"   CAS="7782-44-7"  InChI="1S/O2/c1-2"   SMILES="O=O"   chemName="oxygen"   /><amount units="mole fraction" >0.07273</amount></component>
            <component><speciesLink preferredKey="Ar"   CAS="7440-37-1"  InChI="1S/Ar"        SMILES="[Ar]"  chemName="argon"    /><amount units="mole fraction" >0.90000</amount></component>
        </property>
    </commonProperties>
    <dataGroup id="dg1">
        <property name="temperature"                   id="x1"   label="T"    sourcetype="digitized"  units="K"        />
        <property name="ignition delay"                id="x2"   label="tau"  sourcetype="digitized"  units="us"       />
        <property name="evaluated standard deviation"  id="x3"   sourcetype="estimated"  units="unitless"  reference="ignition delay"  kind="relative"  method="combined from scatter and reported uncertainty" />

        <dataPoint><x1>2099.8</x1>  <x2>9.396</x2><x3>0.442</x3></dataPoint>
        <dataPoint><x1>2099.8</x1>  <x2>9.857</x2><x3>0.423</x3></dataPoint>
        <dataPoint><x1>2025.2</x1> <x2>13.360</x2><x3>0.322</x3></dataPoint>
        <dataPoint><x1>1920.3</x1> <x2>19.710</x2><x3>0.235</x3></dataPoint>
        <dataPoint><x1>1830.2</x1> <x2>23.310</x2><x3>0.209</x3></dataPoint>
        <dataPoint><x1>1825.7</x1> <x2>23.900</x2><x3>0.205</x3></dataPoint>
        <dataPoint><x1>1816.7</x1> <x2>24.430</x2><x3>0.202</x3></dataPoint>
        <dataPoint><x1>1807.9</x1> <x2>26.390</x2><x3>0.192</x3></dataPoint>
        <dataPoint><x1>1786.1</x1> <x2>29.270</x2><x3>0.181</x3></dataPoint>
        <dataPoint><x1>1810.1</x1> <x2>30.940</x2><x3>0.175</x3></dataPoint>
        <dataPoint><x1>1814.5</x1> <x2>31.660</x2><x3>0.173</x3></dataPoint>
        <dataPoint><x1>1803.5</x1> <x2>35.340</x2><x3>0.164</x3></dataPoint>
        <dataPoint><x1>1783.9</x1> <x2>31.960</x2><x3>0.172</x3></dataPoint>
        <dataPoint><x1>1792.6</x1> <x2>36.090</x2><x3>0.162</x3></dataPoint>
        <dataPoint><x1>1707.9</x1> <x2>36.960</x2> <x3>0.16</x3></dataPoint>
        <dataPoint><x1>1750.2</x1> <x2>38.200</x2><x3>0.158</x3></dataPoint>
        <dataPoint><x1>1727.8</x1> <x2>39.530</x2><x3>0.156</x3></dataPoint>
        <dataPoint><x1>1717.8</x1> <x2>42.070</x2><x3>0.152</x3></dataPoint>
        <dataPoint><x1>1715.8</x1> <x2>44.390</x2><x3>0.149</x3></dataPoint>
        <dataPoint><x1>1698.1</x1> <x2>50.000</x2><x3>0.143</x3></dataPoint>
        <dataPoint><x1>1705.9</x1> <x2>47.240</x2><x3>0.146</x3></dataPoint>
        <dataPoint><x1>1650.8</x1> <x2>66.960</x2><x3>0.133</x3></dataPoint>
        <dataPoint><x1>1634.5</x1> <x2>70.470</x2><x3>0.131</x3></dataPoint>
        <dataPoint><x1>1621.9</x1> <x2>67.530</x2><x3>0.132</x3></dataPoint>
        <dataPoint><x1>1647.2</x1> <x2>77.150</x2><x3>0.129</x3></dataPoint>
        <dataPoint><x1>1577.1</x1> <x2>66.440</x2><x3>0.133</x3></dataPoint>
        <dataPoint><x1>1578.8</x1> <x2>72.720</x2><x3>0.131</x3></dataPoint>
        <dataPoint><x1>1595.8</x1> <x2>74.060</x2> <x3>0.13</x3></dataPoint>
        <dataPoint><x1>1602.7</x1> <x2>84.180</x2><x3>0.128</x3></dataPoint>
        <dataPoint><x1>1587.2</x1> <x2>83.310</x2><x3>0.128</x3></dataPoint>
        <dataPoint><x1>1550.7</x1><x2>107.600</x2><x3>0.124</x3></dataPoint>
    </dataGroup>
    <ignitionType target="p" type="d/dt max"/>
</experiment>
