<experiment>
    <fileAuthor>Chemical Kinetics Laboratory, Institute of Chemistry, ELTE, Budapest, Hungary</fileAuthor>
    <fileDOI>10.24388/x10004438</fileDOI>
    <fileVersion>
        <major>2</major>
        <minor>2</minor>
    </fileVersion>
    <ReSpecThVersion>
        <major>2</major>
        <minor>3</minor>
    </ReSpecThVersion>
    <firstPublicationDate>2020-09-08</firstPublicationDate>
    <lastModificationDate>2020-11-18</lastModificationDate>
    <bibliographyLink>
        <description>Heufer, K.A., Olivier, H., Shock Waves, 20, 307-316, 2010.</description>
        <referenceDOI>10.1007/s00193-010-0262-2</referenceDOI>
        <location>Main article</location>
        <figure>Fig. 10. red triangle</figure>
        <details>
            <author>Heufer, K A and Olivier, H</author>
            <journal>Shock Waves</journal>
            <pages>307--316</pages>
            <title>Determination of ignition delay times of different hydrocarbons in a new high pressure shock tube</title>
            <volume>20</volume>
            <year>2010</year>
        </details>
    </bibliographyLink>
    <experimentType>ignition delay measurement</experimentType>
    <commonProperties>
        <property name="pressure"                      sourcetype="reported"    units="bar"           ><value>23</value></property>
        <property name="initial composition"           sourcetype="calculated" >
            <component><speciesLink preferredKey="CH4"  CAS="74-82-8"    InChI="1S/CH4/h1H4"  SMILES="C"    chemName="methane"  /><amount units="mole fraction" >0.09297</amount></component>
            <component><speciesLink preferredKey="O2"   CAS="7782-44-7"  InChI="1S/O2/c1-2"   SMILES="O=O"  chemName="oxygen"   /><amount units="mole fraction" >0.18594</amount></component>
            <component><speciesLink preferredKey="N2"   CAS="7727-37-9"  InChI="1S/N2/c1-2"   SMILES="N#N"  chemName="nitrogen" /><amount units="mole fraction" >0.72109</amount></component>
        </property>
        <property name="evaluated standard deviation"  sourcetype="estimated"   units="unitless"       reference="ignition delay"  kind="relative"  method="statistical scatter" ><value>0.264</value></property>
    </commonProperties>
    <dataGroup id="dg1">
        <property name="temperature"     id="x1"   label="T"    sourcetype="digitized"  units="K"  />
        <property name="ignition delay"  id="x2"   label="tau"  sourcetype="digitized"  units="us" />

        <dataPoint><x1>1726.04</x1>  <x2>22.17</x2></dataPoint>
        <dataPoint><x1>1479.50</x1> <x2>243.07</x2></dataPoint>
        <dataPoint><x1>1335.66</x1> <x2>726.96</x2></dataPoint>
        <dataPoint><x1>1240.21</x1> <x2>884.04</x2></dataPoint>
        <dataPoint><x1>1172.58</x1> <x2>994.15</x2></dataPoint>
        <dataPoint><x1>1122.67</x1><x2>1692.57</x2></dataPoint>
        <dataPoint><x1>1021.78</x1><x2>1577.47</x2></dataPoint>
    </dataGroup>
    <ignitionType target="p" type="d/dt max"/>
</experiment>
