<experiment>
    <fileAuthor>Chemical Kinetics Laboratory, Institute of Chemistry, ELTE, Budapest, Hungary</fileAuthor>
    <fileDOI>10.24388/x10004435</fileDOI>
    <fileVersion>
        <major>2</major>
        <minor>2</minor>
    </fileVersion>
    <ReSpecThVersion>
        <major>2</major>
        <minor>3</minor>
    </ReSpecThVersion>
    <firstPublicationDate>2020-09-08</firstPublicationDate>
    <lastModificationDate>2020-11-18</lastModificationDate>
    <bibliographyLink>
        <description>Chaumeix, N., Pichon, S., Lafosse, F., Paillard, C-E., International Journal of Hydrogen Energy, 32, 2216-2226, 2007.</description>
        <referenceDOI>10.1016/j.ijhydene.2007.04.008</referenceDOI>
        <location>Main article</location>
        <table>Table 1. S7</table>
        <figure>Fig. 9. star</figure>
        <details>
            <author>Chaumeix, N and Pichon, S and Lafosse, F and Paillard, C E</author>
            <journal>Int J Hydrogen Energy</journal>
            <number>13</number>
            <pages>2216--2226</pages>
            <title>Role of chemical kinetics on the detonation properties of hydrogen /natural gas/air mixtures</title>
            <volume>32</volume>
            <year>2007</year>
        </details>
    </bibliographyLink>
    <experimentType>ignition delay measurement</experimentType>
    <commonProperties>
        <property name="pressure"                      sourcetype="reported"   units="kPa"           ><value>184</value></property>
        <property name="initial composition"           sourcetype="reported"  >
            <component><speciesLink preferredKey="CH4"  CAS="74-82-8"    InChI="1S/CH4/h1H4"  SMILES="C"     chemName="methane"  /><amount units="mole fraction" >0.001524</amount></component>
            <component><speciesLink preferredKey="H2"   CAS="1333-74-0"  InChI="1S/H2/h1H"    SMILES="[HH]"  chemName="hydrogen" /><amount units="mole fraction" >0.000381</amount></component>
            <component><speciesLink preferredKey="O2"   CAS="7782-44-7"  InChI="1S/O2/c1-2"   SMILES="O=O"   chemName="oxygen"   /><amount units="mole fraction" >0.008095</amount></component>
            <component><speciesLink preferredKey="Ar"   CAS="7440-37-1"  InChI="1S/Ar"        SMILES="[Ar]"  chemName="argon"    /><amount units="mole fraction" >0.990000</amount></component>
        </property>
        <property name="evaluated standard deviation"  sourcetype="estimated"  units="unitless"       reference="ignition delay"  kind="relative"  method="combined from scatter and reported uncertainty" ><value>0.183</value></property>
    </commonProperties>
    <dataGroup id="dg1">
        <property name="temperature"     id="x1"   label="T"    sourcetype="digitized"  units="K"  />
        <property name="ignition delay"  id="x2"   label="tau"  sourcetype="digitized"  units="us" />

        <dataPoint><x1>1716.42</x1> <x2>565.72</x2></dataPoint>
        <dataPoint><x1>1632.94</x1> <x2>891.46</x2></dataPoint>
        <dataPoint><x1>1568.90</x1><x2>1069.32</x2></dataPoint>
        <dataPoint><x1>1506.71</x1><x2>1750.83</x2></dataPoint>
        <dataPoint><x1>1483.39</x1><x2>1391.40</x2></dataPoint>
        <dataPoint><x1>1469.18</x1><x2>1801.84</x2></dataPoint>
        <dataPoint><x1>1460.78</x1><x2>1776.15</x2></dataPoint>
    </dataGroup>
    <ignitionType target="OHEX" type="relative concentration" amount="0.5" units="unitless"/>
</experiment>
