<experiment>
    <fileAuthor>Marton Kovacs, ELTE Chemical Kinetics Laboratory</fileAuthor>
    <fileDOI>10.24388/x10199010</fileDOI>
    <fileVersion>
        <major>1</major>
        <minor>0</minor>
    </fileVersion>
    <ReSpecThVersion>
        <major>2</major>
        <minor>3</minor>
    </ReSpecThVersion>
    <firstPublicationDate>2020-02-23</firstPublicationDate>
    <lastModificationDate>2020-11-16</lastModificationDate>
    <bibliographyLink>
        <description>O. Mathieu et al., Combust. Flame 162 (2015) 554-570, Table 2. first composition (0.004 NH3), low pessure</description>
        <referenceDOI>10.1016/j.combustflame.2014.08.022</referenceDOI>
        <location>Main article</location>
        <table>Table 1 - 2. first composition low pressure</table>
        <details>
            <author>Olivier Mathieu and Eric L. Petersen</author>
            <journal>Combustion and Flame</journal>
            <number>3</number>
            <pages>554 - 570</pages>
            <title>Experimental and modeling study on the high-temperature oxidation of Ammonia and related NOx chemistry</title>
            <volume>162</volume>
            <year>2015</year>
        </details>
    </bibliographyLink>
    <experimentType>ignition delay measurement</experimentType>
    <apparatus>
        <kind>shock tube</kind>
    </apparatus>
    <commonProperties>
        <property name="initial composition"           sourcetype="reported"  >
            <component><speciesLink preferredKey="NH3"  CAS="7664-41-7"  InChI="1S/H3N/h1H3"  SMILES="N"     chemName="ammonia" /><amount units="mole fraction" >0.004</amount></component>
            <component><speciesLink preferredKey="O2"   CAS="7782-44-7"  InChI="1S/O2/c1-2"   SMILES="O=O"   chemName="oxygen"  /><amount units="mole fraction" >0.006</amount></component>
            <component><speciesLink preferredKey="Ar"   CAS="7440-37-1"  InChI="1S/Ar"        SMILES="[Ar]"  chemName="argon"   /><amount units="mole fraction" >0.99</amount></component>
        </property>
        <property name="evaluated standard deviation"  sourcetype="estimated"  units="unitless"       reference="ignition delay"  kind="relative"  method="generic uncertainty" ><value>0.1</value></property>
    </commonProperties>
    <dataGroup id="dg1">
        <property name="temperature"     id="x1"   label="T"    sourcetype="reported"  units="K"   />
        <property name="ignition delay"  id="x2"   label="tau"  sourcetype="reported"  units="us"  />
        <property name="pressure"        id="x3"   label="p"    sourcetype="reported"  units="atm" />

        <dataPoint><x1>1927</x1><x2>1113</x2><x3>1.58</x3></dataPoint>
        <dataPoint><x1>1969</x1> <x2>998</x2><x3>1.57</x3></dataPoint>
        <dataPoint><x1>2008</x1> <x2>783</x2><x3>1.53</x3></dataPoint>
        <dataPoint><x1>2023</x1> <x2>769</x2><x3>1.46</x3></dataPoint>
        <dataPoint><x1>2077</x1> <x2>551</x2><x3>1.48</x3></dataPoint>
        <dataPoint><x1>2164</x1> <x2>380</x2><x3>1.44</x3></dataPoint>
        <dataPoint><x1>2175</x1> <x2>362</x2><x3>1.46</x3></dataPoint>
        <dataPoint><x1>2266</x1> <x2>226</x2><x3>1.46</x3></dataPoint>
        <dataPoint><x1>2312</x1> <x2>170</x2><x3>1.43</x3></dataPoint>
        <dataPoint><x1>2389</x1> <x2>129</x2><x3>1.34</x3></dataPoint>
        <dataPoint><x1>2479</x1>  <x2>91</x2><x3>1.29</x3></dataPoint>
    </dataGroup>
    <ignitionType target="OH*" type="baseline min intercept from d/dt"/>
</experiment>
