<experiment>
    <fileAuthor>László Kawka; ELTE Chemical Kinetics Laboratory</fileAuthor>
    <fileDOI>10.24388/x10199033</fileDOI>
    <fileVersion>
        <major>1</major>
        <minor>0</minor>
    </fileVersion>
    <ReSpecThVersion>
        <major>2</major>
        <minor>3</minor>
    </ReSpecThVersion>
    <firstPublicationDate>2020-02-23</firstPublicationDate>
    <lastModificationDate>2020-11-16</lastModificationDate>
    <bibliographyLink>
        <description>Shu, B. and Vallabhuni, S. K. and He, X. and Issayev, G. and Mosshammer, K. and Farooq, A. Fernandes, R. X.; Proc Combust Inst Vol. 37, 2019, 205-211; Table S1. p=20 bar phi=2.0</description>
        <referenceDOI>10.1016/j.proci.2018.07.074</referenceDOI>
        <location>Supplementary materials</location>
        <table>Table S1. p=20 bar phi=2.0</table>
        <details>
            <author>B. Shu and S.K. Vallabhuni and X. He and G. Issayev and K. Moshammer and A. Farooq and R.X. Fernandes</author>
            <journal>Proceedings of the Combustion Institute</journal>
            <number>1</number>
            <pages>205 - 211</pages>
            <title>A shock tube and modeling study on the autoignition properties of ammonia at intermediate temperatures</title>
            <volume>37</volume>
            <year>2019</year>
        </details>
    </bibliographyLink>
    <experimentType>ignition delay measurement</experimentType>
    <apparatus>
        <kind>shock tube</kind>
    </apparatus>
    <commonProperties>
        <property name="initial composition"           sourcetype="reported" >
            <component><speciesLink preferredKey="NH3"  CAS="7664-41-7"  InChI="1S/H3N/h1H3"  SMILES="N"    chemName="ammonia"  /><amount units="mole fraction" >0.359</amount></component>
            <component><speciesLink preferredKey="O2"   CAS="7782-44-7"  InChI="1S/O2/c1-2"   SMILES="O=O"  chemName="oxygen"   /><amount units="mole fraction" >0.135</amount></component>
            <component><speciesLink preferredKey="N2"   CAS="7727-37-9"  InChI="1S/N2/c1-2"   SMILES="N#N"  chemName="nitrogen" /><amount units="mole fraction" >0.506</amount></component>
        </property>
        <property name="evaluated standard deviation"  sourcetype="reported"  units="unitless"       reference="ignition delay"  kind="relative"  method="reported uncertainty" ><value>0.2</value></property>
    </commonProperties>
    <dataGroup id="dg1">
        <property name="temperature"     id="x1"   label="T"    sourcetype="reported"  units="K"   />
        <property name="ignition delay"  id="x2"   label="tau"  sourcetype="reported"  units="us"  />
        <property name="pressure"        id="x3"   label="p"    sourcetype="reported"  units="bar" />

        <dataPoint><x1>1183</x1><x2>1578</x2><x3>16.1</x3></dataPoint>
        <dataPoint><x1>1290</x1> <x2>940</x2>  <x3>20</x3></dataPoint>
        <dataPoint><x1>1310</x1> <x2>858</x2><x3>19.4</x3></dataPoint>
        <dataPoint><x1>1433</x1> <x2>450</x2><x3>19.6</x3></dataPoint>
        <dataPoint><x1>1543</x1> <x2>140</x2><x3>18.5</x3></dataPoint>
    </dataGroup>
    <ignitionType target="OH*" type="d/dt max"/>
</experiment>
