<experiment>
    <fileAuthor>Marton Kovacs, ELTE Chemical Kinetics Laboratory</fileAuthor>
    <fileDOI>10.24388/x10199015</fileDOI>
    <fileVersion>
        <major>1</major>
        <minor>0</minor>
    </fileVersion>
    <ReSpecThVersion>
        <major>2</major>
        <minor>3</minor>
    </ReSpecThVersion>
    <firstPublicationDate>2020-02-23</firstPublicationDate>
    <lastModificationDate>2020-11-16</lastModificationDate>
    <bibliographyLink>
        <description>O. Mathieu et al., Combust. Flame 162 (2015) 554-570, Table 2. third composition (0.01143 NH3), high pressure</description>
        <referenceDOI>10.1016/j.combustflame.2014.08.022</referenceDOI>
        <location>Main article</location>
        <table>Table 1 - 2. 3rd composition high pressure</table>
        <details>
            <author>Olivier Mathieu and Eric L. Petersen</author>
            <journal>Combustion and Flame</journal>
            <number>3</number>
            <pages>554 - 570</pages>
            <title>Experimental and modeling study on the high-temperature oxidation of Ammonia and related NOx chemistry</title>
            <volume>162</volume>
            <year>2015</year>
        </details>
    </bibliographyLink>
    <experimentType>ignition delay measurement</experimentType>
    <apparatus>
        <kind>shock tube</kind>
    </apparatus>
    <commonProperties>
        <property name="initial composition"           sourcetype="reported" >
            <component><speciesLink preferredKey="NH3"  CAS="7664-41-7"  InChI="1S/H3N/h1H3"  SMILES="N"     chemName="ammonia" /><amount units="mole fraction" >0.01143</amount></component>
            <component><speciesLink preferredKey="O2"   CAS="7782-44-7"  InChI="1S/O2/c1-2"   SMILES="O=O"   chemName="oxygen"  /><amount units="mole fraction" >0.00857</amount></component>
            <component><speciesLink preferredKey="Ar"   CAS="7440-37-1"  InChI="1S/Ar"        SMILES="[Ar]"  chemName="argon"   /><amount units="mole fraction" >0.98</amount></component>
        </property>
        <property name="evaluated standard deviation"  sourcetype="reported"  units="unitless"       reference="ignition delay"  kind="relative"  method="reported uncertainty" ><value>0.2</value></property>
    </commonProperties>
    <dataGroup id="dg1">
        <property name="temperature"     id="x1"   label="T"    sourcetype="reported"  units="K"   />
        <property name="ignition delay"  id="x2"   label="tau"  sourcetype="reported"  units="us"  />
        <property name="pressure"        id="x3"   label="p"    sourcetype="reported"  units="atm" />

        <dataPoint><x1>1566</x1><x2>1370</x2><x3>29.7</x3></dataPoint>
        <dataPoint><x1>1579</x1> <x2>877</x2><x3>29.1</x3></dataPoint>
        <dataPoint><x1>1665</x1> <x2>503</x2><x3>29.7</x3></dataPoint>
        <dataPoint><x1>1716</x1> <x2>362</x2><x3>29.2</x3></dataPoint>
        <dataPoint><x1>1723</x1> <x2>334</x2><x3>28.0</x3></dataPoint>
        <dataPoint><x1>1810</x1> <x2>168</x2><x3>28.2</x3></dataPoint>
        <dataPoint><x1>1866</x1> <x2>117</x2>  <x3>28</x3></dataPoint>
    </dataGroup>
    <ignitionType target="OH*" type="baseline min intercept from d/dt"/>
</experiment>
