<experiment>
    <fileAuthor>Marton Kovacs, ELTE Chemical Kinetics Laboratory</fileAuthor>
    <fileDOI>10.24388/x10199013</fileDOI>
    <fileVersion>
        <major>1</major>
        <minor>0</minor>
    </fileVersion>
    <ReSpecThVersion>
        <major>2</major>
        <minor>3</minor>
    </ReSpecThVersion>
    <firstPublicationDate>2020-02-23</firstPublicationDate>
    <lastModificationDate>2020-11-16</lastModificationDate>
    <bibliographyLink>
        <description>O. Mathieu et al., Combust. Flame 162 (2015) 554-570, Table 2. secound composition (0.005715 NH3), low pressure</description>
        <referenceDOI>10.1016/j.combustflame.2014.08.022</referenceDOI>
        <location>Main article</location>
        <table>Table 1 - 2. 2nd composition low pressure</table>
        <details>
            <author>Olivier Mathieu and Eric L. Petersen</author>
            <journal>Combustion and Flame</journal>
            <number>3</number>
            <pages>554 - 570</pages>
            <title>Experimental and modeling study on the high-temperature oxidation of Ammonia and related NOx chemistry</title>
            <volume>162</volume>
            <year>2015</year>
        </details>
    </bibliographyLink>
    <experimentType>ignition delay measurement</experimentType>
    <apparatus>
        <kind>shock tube</kind>
    </apparatus>
    <commonProperties>
        <property name="initial composition"           sourcetype="reported"  >
            <component><speciesLink preferredKey="NH3"  CAS="7664-41-7"  InChI="1S/H3N/h1H3"  SMILES="N"     chemName="ammonia" /><amount units="mole fraction" >0.005715</amount></component>
            <component><speciesLink preferredKey="O2"   CAS="7782-44-7"  InChI="1S/O2/c1-2"   SMILES="O=O"   chemName="oxygen"  /><amount units="mole fraction" >0.004285</amount></component>
            <component><speciesLink preferredKey="Ar"   CAS="7440-37-1"  InChI="1S/Ar"        SMILES="[Ar]"  chemName="argon"   /><amount units="mole fraction" >0.99</amount></component>
        </property>
        <property name="evaluated standard deviation"  sourcetype="estimated"  units="unitless"       reference="ignition delay"  kind="relative"  method="generic uncertainty" ><value>0.1</value></property>
    </commonProperties>
    <dataGroup id="dg1">
        <property name="temperature"     id="x1"   label="T"    sourcetype="reported"  units="K"   />
        <property name="ignition delay"  id="x2"   label="tau"  sourcetype="reported"  units="us"  />
        <property name="pressure"        id="x3"   label="p"    sourcetype="reported"  units="atm" />

        <dataPoint><x1>1987</x1><x2>1167</x2><x3>1.51</x3></dataPoint>
        <dataPoint><x1>2030</x1> <x2>925</x2><x3>1.45</x3></dataPoint>
        <dataPoint><x1>2087</x1> <x2>749</x2><x3>1.38</x3></dataPoint>
        <dataPoint><x1>2091</x1> <x2>739</x2><x3>1.42</x3></dataPoint>
        <dataPoint><x1>2168</x1> <x2>442</x2><x3>1.44</x3></dataPoint>
        <dataPoint><x1>2253</x1> <x2>303</x2><x3>1.41</x3></dataPoint>
        <dataPoint><x1>2304</x1> <x2>225</x2><x3>1.35</x3></dataPoint>
        <dataPoint><x1>2372</x1> <x2>158</x2><x3>1.34</x3></dataPoint>
        <dataPoint><x1>2418</x1> <x2>125</x2><x3>1.30</x3></dataPoint>
        <dataPoint><x1>2489</x1>  <x2>83</x2><x3>1.29</x3></dataPoint>
    </dataGroup>
    <ignitionType target="OH*" type="baseline min intercept from d/dt"/>
</experiment>
