<experiment>
    <fileAuthor>Marton Kovacs, ELTE Chemical Kinetics Laboratory</fileAuthor>
    <fileDOI>10.24388/x30199001</fileDOI>
    <fileVersion>
        <major>1</major>
        <minor>0</minor>
    </fileVersion>
    <ReSpecThVersion>
        <major>2</major>
        <minor>3</minor>
    </ReSpecThVersion>
    <firstPublicationDate>2020-02-23</firstPublicationDate>
    <lastModificationDate>2020-11-16</lastModificationDate>
    <bibliographyLink>
        <description>T. Hulgaard et al., AIChE J., 39 (1993) 1342-1354, Figure 6. Open circle (NO)</description>
        <referenceDOI>10.1002/aic.690390811</referenceDOI>
        <location>Main article</location>
        <figure>Fig. 6. open circle</figure>
        <details>
            <author>Tore Hulgaard and Kim Dam-Johansen</author>
            <journal>AIChE Journal</journal>
            <month>aug</month>
            <number>8</number>
            <pages>1342--1354</pages>
            <publisher>Wiley</publisher>
            <title>Homogeneous nitrous oxide formation and destruction under combustion conditions</title>
            <volume>39</volume>
            <year>1993</year>
        </details>
    </bibliographyLink>
    <experimentType>outlet concentration measurement</experimentType>
    <apparatus>
        <kind>flow reactor</kind>
    </apparatus>
    <commonProperties>
        <property name="pressure"                      sourcetype="estimated"  units="atm"           ><value>1.04</value></property>
        <property name="initial composition"           sourcetype="reported"  >
            <component><speciesLink preferredKey="NH3"  CAS="7664-41-7"  InChI="1S/H3N/h1H3"  SMILES="N"    chemName="ammonia"  /><amount units="ppm"           >760</amount></component>
            <component><speciesLink preferredKey="O2"   CAS="7782-44-7"  InChI="1S/O2/c1-2"   SMILES="O=O"  chemName="oxygen"   /><amount units="mole fraction" >0.026</amount></component>
            <component><speciesLink preferredKey="H2O"  CAS="7732-18-5"  InChI="1S/H2O/h1H2"  SMILES="O"    chemName="water"    /><amount units="mole fraction" >0.01</amount></component>
            <component><speciesLink preferredKey="N2"   CAS="7727-37-9"  InChI="1S/N2/c1-2"   SMILES="N#N"  chemName="nitrogen" /><amount units="mole fraction" >0.96324</amount></component>
        </property>
        <property name="evaluated standard deviation"  sourcetype="estimated"  units="unitless"       reference="composition"  kind="relative"  method="generic uncertainty" >
            <speciesLink preferredKey="NO"   CAS="10102-43-9"  InChI="1S/NO/c1-2"   SMILES="[N]=O"  chemName="nitric oxide" />
            <value>0.1</value>
        </property>
    </commonProperties>
    <dataGroup id="dg1">
        <property name="residence time"  id="x1"   label="t"     sourcetype="digitized"  units="s"   />
        <property name="temperature"     id="x2"   label="T"     sourcetype="digitized"  units="K"   />
        <property name="composition"     id="x3"   label="[NO]"  sourcetype="digitized"  units="ppm" >
            <speciesLink preferredKey="NO"  CAS="10102-43-9"  InChI="1S/NO/c1-2"  SMILES="[N]=O"  chemName="nitric oxide" />
        </property>

        <dataPoint><x1>0.0757</x1> <x2>938</x2> <x3>1</x3></dataPoint>
        <dataPoint><x1>0.0707</x1><x2>1004</x2> <x3>3</x3></dataPoint>
        <dataPoint><x1>0.0655</x1><x2>1085</x2> <x3>9</x3></dataPoint>
        <dataPoint><x1>0.0632</x1><x2>1123</x2><x3>13</x3></dataPoint>
        <dataPoint><x1>0.0603</x1><x2>1178</x2><x3>18</x3></dataPoint>
        <dataPoint><x1>0.0587</x1><x2>1210</x2><x3>22</x3></dataPoint>
        <dataPoint><x1>0.0571</x1><x2>1244</x2><x3>28</x3></dataPoint>
        <dataPoint><x1>0.0553</x1><x2>1285</x2><x3>36</x3></dataPoint>
        <dataPoint><x1>0.0535</x1><x2>1328</x2><x3>48</x3></dataPoint>
        <dataPoint><x1>0.0523</x1><x2>1358</x2><x3>59</x3></dataPoint>
        <dataPoint><x1>0.0517</x1><x2>1373</x2><x3>73</x3></dataPoint>
    </dataGroup>
</experiment>
