<experiment>
    <fileAuthor>Marton Kovacs, ELTE Chemical Kinetics Laboratory</fileAuthor>
    <fileDOI>10.24388/x30100001</fileDOI>
    <fileVersion>
        <major>1</major>
        <minor>0</minor>
    </fileVersion>
    <ReSpecThVersion>
        <major>2</major>
        <minor>3</minor>
    </ReSpecThVersion>
    <firstPublicationDate>2020-02-23</firstPublicationDate>
    <lastModificationDate>2020-11-16</lastModificationDate>
    <bibliographyLink>
        <description>V. J. Wargadalam et al., Combust. Flame 120 (2000) 465-478, Figure 3. Squere</description>
        <referenceDOI>10.1016/S0010-2180(99)00107-8</referenceDOI>
        <location>Main article</location>
        <figure>Fig. 3. square</figure>
        <details>
            <author>V.J. Wargadalam and G. Löffler and F. Winter and H. Hofbauer</author>
            <journal>Combustion and Flame</journal>
            <number>4</number>
            <pages>465 - 478</pages>
            <title>Homogeneous formation of NO and N2O from the oxidation of HCN and NH3 at 600–1000°C</title>
            <volume>120</volume>
            <year>2000</year>
        </details>
    </bibliographyLink>
    <experimentType>outlet concentration measurement</experimentType>
    <apparatus>
        <kind>flow reactor</kind>
    </apparatus>
    <commonProperties>
        <property name="pressure"                      sourcetype="estimated"  units="atm"           ><value>1</value></property>
        <property name="initial composition"           sourcetype="reported"  >
            <component><speciesLink preferredKey="NH3"  CAS="7664-41-7"  InChI="1S/H3N/h1H3"  SMILES="N"     chemName="ammonia"  /><amount units="ppm"           >245</amount></component>
            <component><speciesLink preferredKey="H2"   CAS="1333-74-0"  InChI="1S/H2/h1H"    SMILES="[HH]"  chemName="hydrogen" /><amount units="ppm"           >330</amount></component>
            <component><speciesLink preferredKey="O2"   CAS="7782-44-7"  InChI="1S/O2/c1-2"   SMILES="O=O"   chemName="oxygen"   /><amount units="mole fraction" >0.1</amount></component>
            <component><speciesLink preferredKey="N2"   CAS="7727-37-9"  InChI="1S/N2/c1-2"   SMILES="N#N"   chemName="nitrogen" /><amount units="mole fraction" >0.899425</amount></component>
        </property>
        <property name="evaluated standard deviation"  sourcetype="estimated"  units="unitless"       reference="composition"  kind="relative"  method="generic uncertainty" >
            <speciesLink preferredKey="NO"   CAS="10102-43-9"  InChI="1S/NO/c1-2"   SMILES="[N]=O"  chemName="nitric oxide" />
            <value>0.1</value>
        </property>
        <property name="evaluated standard deviation"  sourcetype="estimated"  units="unitless"       reference="composition"  kind="relative"  method="generic uncertainty" >
            <speciesLink preferredKey="NH3"  CAS="7664-41-7"   InChI="1S/H3N/h1H3"  SMILES="N"      chemName="ammonia"      />
            <value>0.1</value>
        </property>
    </commonProperties>
    <dataGroup id="dg1">
        <property name="residence time"  id="x1"   label="t"      sourcetype="digitized"  units="s"   />
        <property name="temperature"     id="x2"   label="T"      sourcetype="digitized"  units="K"   />
        <property name="composition"     id="x3"   label="[NH3]"  sourcetype="digitized"  units="ppm" >
            <speciesLink preferredKey="NH3"  CAS="7664-41-7"   InChI="1S/H3N/h1H3"  SMILES="N"      chemName="ammonia"      />
        </property>
        <property name="composition"     id="x4"   label="[NO]"   sourcetype="digitized"  units="ppm" >
            <speciesLink preferredKey="NO"   CAS="10102-43-9"  InChI="1S/NO/c1-2"   SMILES="[N]=O"  chemName="nitric oxide" />
        </property>

        <dataPoint><x1>0.388</x1> <x2>873</x2><x3>245</x3> <x4>0</x4></dataPoint>
        <dataPoint><x1>0.367</x1> <x2>924</x2><x3>245</x3> <x4>0</x4></dataPoint>
        <dataPoint><x1>0.348</x1> <x2>974</x2><x3>211</x3><x4>11</x4></dataPoint>
        <dataPoint><x1>0.331</x1><x2>1024</x2> <x3>77</x3><x4>14</x4></dataPoint>
        <dataPoint><x1>0.316</x1><x2>1074</x2> <x3>13</x3><x4>30</x4></dataPoint>
        <dataPoint><x1>0.302</x1><x2>1123</x2>  <x3>5</x3><x4>32</x4></dataPoint>
        <dataPoint><x1>0.289</x1><x2>1173</x2>  <x3>0</x3><x4>35</x4></dataPoint>
        <dataPoint><x1>0.277</x1><x2>1223</x2>  <x3>0</x3><x4>40</x4></dataPoint>
        <dataPoint><x1>0.266</x1><x2>1273</x2>  <x3>0</x3><x4>56</x4></dataPoint>
    </dataGroup>
</experiment>
