<experiment>
    <fileAuthor>Chemical Kinetics Laboratory, Institute of Chemistry, ELTE, Budapest, Hungary</fileAuthor>
    <fileDOI>10.24388/x30199010</fileDOI>
    <fileVersion>
        <major>1</major>
        <minor>0</minor>
    </fileVersion>
    <ReSpecThVersion>
        <major>2</major>
        <minor>3</minor>
    </ReSpecThVersion>
    <firstPublicationDate>2020-02-23</firstPublicationDate>
    <lastModificationDate>2020-11-16</lastModificationDate>
    <bibliographyLink>
        <description>Y. Song; H. Hashemi; J. M. Christensen, Fuel 2016, 181, 358–365.</description>
        <referenceDOI>10.1016/j.fuel.2016.04.100</referenceDOI>
        <location>Main Article</location>
        <figure>Fig. 5 black square</figure>
        <details>
            <author>Yu Song and Hamid Hashemi and Jakob Munkholt Christensen and Chun Zou and Paul Marshall and Peter Glarborg</author>
            <journal>Fuel</journal>
            <month>oct</month>
            <pages>358--365</pages>
            <publisher>Elsevier BV</publisher>
            <title>Ammonia oxidation at high pressure and intermediate temperatures</title>
            <volume>181</volume>
            <year>2016</year>
        </details>
    </bibliographyLink>
    <experimentType>outlet concentration measurement</experimentType>
    <apparatus>
        <kind>flow reactor (quartz)</kind>
    </apparatus>
    <commonProperties>
        <property name="pressure"                      label="p"  sourcetype="reported"   units="bar"           ><value>100</value></property>
        <property name="initial composition"           sourcetype="reported"  >
            <component><speciesLink preferredKey="NH3"  CAS="7664-41-7"  InChI="1S/H3N/h1H3"  SMILES="N"    chemName="ammonia"  /><amount units="ppm"           >714</amount></component>
            <component><speciesLink preferredKey="O2"   CAS="7782-44-7"  InChI="1S/O2/c1-2"   SMILES="O=O"  chemName="oxygen"   /><amount units="ppm"           >864</amount></component>
            <component><speciesLink preferredKey="N2"   CAS="7727-37-9"  InChI="1S/N2/c1-2"   SMILES="N#N"  chemName="nitrogen" /><amount units="mole fraction" >0.99842</amount></component>
        </property>
        <property name="evaluated standard deviation"  sourcetype="estimated"  units="unitless"       reference="composition"  kind="relative"  method="generic uncertainty" >
            <speciesLink preferredKey="NH3"  CAS="7664-41-7"  InChI="1S/H3N/h1H3"  SMILES="N"    chemName="ammonia"  />
            <value>0.1</value>
        </property>
    </commonProperties>
    <dataGroup id="dg1">
        <property name="temperature"     id="x1"   label="T"      sourcetype="digitized"   units="K"   />
        <property name="composition"     id="x2"   label="[NH3]"  sourcetype="digitized"   units="ppm" >
            <speciesLink preferredKey="NH3"  CAS="7664-41-7"  InChI="1S/H3N/h1H3"  SMILES="N"  chemName="ammonia" />
        </property>
        <property name="residence time"  id="x3"   label="t"      sourcetype="calculated"  units="s"   />

        <dataPoint><x1>4.5115E+02</x1><x2>7.1318E+02</x2><x3>2.2897E-02</x3></dataPoint>
        <dataPoint><x1>8.0063E+02</x1><x2>7.1157E+02</x2><x3>1.2902E-02</x3></dataPoint>
        <dataPoint><x1>8.2684E+02</x1><x2>7.0835E+02</x2><x3>1.2493E-02</x3></dataPoint>
        <dataPoint><x1>8.5226E+02</x1><x2>7.0513E+02</x2><x3>1.2121E-02</x3></dataPoint>
        <dataPoint><x1>8.7608E+02</x1><x2>7.0352E+02</x2><x3>1.1791E-02</x3></dataPoint>
        <dataPoint><x1>9.0149E+02</x1><x2>6.7616E+02</x2><x3>1.1459E-02</x3></dataPoint>
    </dataGroup>
</experiment>
