<experiment>
    <fileAuthor>Chemical Kinetics Laboratory, Institute of Chemistry, ELTE, Budapest, Hungary</fileAuthor>
    <fileDOI>10.24388/x30199007</fileDOI>
    <fileVersion>
        <major>1</major>
        <minor>0</minor>
    </fileVersion>
    <ReSpecThVersion>
        <major>2</major>
        <minor>3</minor>
    </ReSpecThVersion>
    <firstPublicationDate>2020-02-23</firstPublicationDate>
    <lastModificationDate>2020-11-16</lastModificationDate>
    <bibliographyLink>
        <description>Y. Song; H. Hashemi; J. M. Christensen, Fuel 2016, 181, 358–365.</description>
        <referenceDOI>10.1016/j.fuel.2016.04.100</referenceDOI>
        <location>Main Article</location>
        <figure>Fig. 4 black triangle</figure>
        <details>
            <author>Yu Song and Hamid Hashemi and Jakob Munkholt Christensen and Chun Zou and Paul Marshall and Peter Glarborg</author>
            <journal>Fuel</journal>
            <month>oct</month>
            <pages>358--365</pages>
            <publisher>Elsevier BV</publisher>
            <title>Ammonia oxidation at high pressure and intermediate temperatures</title>
            <volume>181</volume>
            <year>2016</year>
        </details>
    </bibliographyLink>
    <experimentType>outlet concentration measurement</experimentType>
    <apparatus>
        <kind>flow reactor (quartz)</kind>
    </apparatus>
    <commonProperties>
        <property name="pressure"                      label="p"  sourcetype="reported"   units="bar"           ><value>30</value></property>
        <property name="initial composition"           sourcetype="reported"  >
            <component><speciesLink preferredKey="NH3"  CAS="7664-41-7"  InChI="1S/H3N/h1H3"  SMILES="N"    chemName="ammonia"  /><amount units="ppm"           >772</amount></component>
            <component><speciesLink preferredKey="O2"   CAS="7782-44-7"  InChI="1S/O2/c1-2"   SMILES="O=O"  chemName="oxygen"   /><amount units="ppm"           >929</amount></component>
            <component><speciesLink preferredKey="N2"   CAS="7727-37-9"  InChI="1S/N2/c1-2"   SMILES="N#N"  chemName="nitrogen" /><amount units="mole fraction" >0.99830</amount></component>
        </property>
        <property name="evaluated standard deviation"  sourcetype="estimated"  units="unitless"       reference="composition"  kind="relative"  method="generic uncertainty" >
            <speciesLink preferredKey="O2"   CAS="7782-44-7"  InChI="1S/O2/c1-2"   SMILES="O=O"  chemName="oxygen"   />
            <value>0.1</value>
        </property>
    </commonProperties>
    <dataGroup id="dg1">
        <property name="temperature"     id="x1"   label="T"     sourcetype="digitized"   units="K"   />
        <property name="composition"     id="x2"   label="[O2]"  sourcetype="digitized"   units="ppm" >
            <speciesLink preferredKey="O2"  CAS="7782-44-7"  InChI="1S/O2/c1-2"  SMILES="O=O"  chemName="oxygen" />
        </property>
        <property name="residence time"  id="x3"   label="t"     sourcetype="calculated"  units="s"   />

        <dataPoint><x1>4.5933E+02</x1><x2>9.3063E+02</x2><x3>6.7490E+00</x3></dataPoint>
        <dataPoint><x1>7.9889E+02</x1><x2>9.3734E+02</x2><x3>3.8804E+00</x3></dataPoint>
        <dataPoint><x1>8.2488E+02</x1><x2>9.3179E+02</x2><x3>3.7581E+00</x3></dataPoint>
        <dataPoint><x1>8.4926E+02</x1><x2>9.2807E+02</x2><x3>3.6503E+00</x3></dataPoint>
        <dataPoint><x1>8.7444E+02</x1><x2>9.3353E+02</x2><x3>3.5451E+00</x3></dataPoint>
        <dataPoint><x1>8.9963E+02</x1><x2>9.1881E+02</x2><x3>3.4459E+00</x3></dataPoint>
        <dataPoint><x1>9.2441E+02</x1><x2>8.9950E+02</x2><x3>3.3535E+00</x3></dataPoint>
    </dataGroup>
</experiment>
