<experiment>
    <fileAuthor>Marton Kovacs, ELTE Chemical Kinetics Laboratory</fileAuthor>
    <fileDOI>10.24388/x30199003</fileDOI>
    <fileVersion>
        <major>1</major>
        <minor>0</minor>
    </fileVersion>
    <ReSpecThVersion>
        <major>2</major>
        <minor>3</minor>
    </ReSpecThVersion>
    <firstPublicationDate>2020-02-23</firstPublicationDate>
    <lastModificationDate>2020-11-16</lastModificationDate>
    <bibliographyLink>
        <description>T. Hulgaard et al., AIChE J., 39 (1993) 1342-1354, Figure 6. Solid squere (N2O)</description>
        <referenceDOI>10.1002/aic.690390811</referenceDOI>
        <location>Main article</location>
        <figure>Fig. 6. solid square</figure>
        <details>
            <author>Tore Hulgaard and Kim Dam-Johansen</author>
            <journal>AIChE Journal</journal>
            <month>aug</month>
            <number>8</number>
            <pages>1342--1354</pages>
            <publisher>Wiley</publisher>
            <title>Homogeneous nitrous oxide formation and destruction under combustion conditions</title>
            <volume>39</volume>
            <year>1993</year>
        </details>
    </bibliographyLink>
    <experimentType>outlet concentration measurement</experimentType>
    <apparatus>
        <kind>flow reactor</kind>
    </apparatus>
    <commonProperties>
        <property name="pressure"                      sourcetype="estimated"  units="atm"           ><value>1.04</value></property>
        <property name="initial composition"           sourcetype="reported"  >
            <component><speciesLink preferredKey="NH3"  CAS="7664-41-7"  InChI="1S/H3N/h1H3"  SMILES="N"    chemName="ammonia"  /><amount units="ppm"           >800</amount></component>
            <component><speciesLink preferredKey="O2"   CAS="7782-44-7"  InChI="1S/O2/c1-2"   SMILES="O=O"  chemName="oxygen"   /><amount units="mole fraction" >0.025</amount></component>
            <component><speciesLink preferredKey="N2"   CAS="7727-37-9"  InChI="1S/N2/c1-2"   SMILES="N#N"  chemName="nitrogen" /><amount units="mole fraction" >0.9742</amount></component>
        </property>
        <property name="evaluated standard deviation"  sourcetype="estimated"  units="unitless"       reference="composition"  kind="relative"  method="generic uncertainty" >
            <speciesLink preferredKey="N2O"  CAS="10024-97-2"  InChI="1S/N2O/c1-2-3"  SMILES="N#[N+][O-]"  chemName="nitrous oxide" />
            <value>0.1</value>
        </property>
    </commonProperties>
    <dataGroup id="dg1">
        <property name="residence time"  id="x1"   label="t"      sourcetype="digitized"  units="s"   />
        <property name="temperature"     id="x2"   label="T"      sourcetype="digitized"  units="K"   />
        <property name="composition"     id="x3"   label="[N2O]"  sourcetype="digitized"  units="ppm" >
            <speciesLink preferredKey="N2O"  CAS="10024-97-2"  InChI="1S/N2O/c1-2-3"  SMILES="N#[N+][O-]"  chemName="nitrous oxide" />
        </property>

        <dataPoint><x1>0.0707</x1><x2>1033</x2> <x3>0</x3></dataPoint>
        <dataPoint><x1>0.0651</x1><x2>1121</x2> <x3>0</x3></dataPoint>
        <dataPoint><x1>0.0628</x1><x2>1162</x2> <x3>0</x3></dataPoint>
        <dataPoint><x1>0.0609</x1><x2>1199</x2> <x3>0</x3></dataPoint>
        <dataPoint><x1>0.0590</x1><x2>1238</x2> <x3>1</x3></dataPoint>
        <dataPoint><x1>0.0572</x1><x2>1277</x2> <x3>0</x3></dataPoint>
        <dataPoint><x1>0.0559</x1><x2>1305</x2> <x3>1</x3></dataPoint>
        <dataPoint><x1>0.0552</x1><x2>1321</x2> <x3>2</x3></dataPoint>
        <dataPoint><x1>0.0543</x1><x2>1344</x2> <x3>6</x3></dataPoint>
        <dataPoint><x1>0.0533</x1><x2>1369</x2><x3>10</x3></dataPoint>
    </dataGroup>
</experiment>
