<experiment>
    <fileAuthor>Chemical Kinetics Laboratory, Institute of Chemistry, ELTE, Budapest, Hungary</fileAuthor>
    <fileDOI>10.24388/x30199017</fileDOI>
    <fileVersion>
        <major>1</major>
        <minor>0</minor>
    </fileVersion>
    <ReSpecThVersion>
        <major>2</major>
        <minor>3</minor>
    </ReSpecThVersion>
    <firstPublicationDate>2020-02-23</firstPublicationDate>
    <lastModificationDate>2020-11-16</lastModificationDate>
    <bibliographyLink>
        <description>Y. Song; H. Hashemi; J. M. Christensen, Fuel 2016, 181, 358–365.</description>
        <referenceDOI>10.1016/j.fuel.2016.04.100</referenceDOI>
        <location>Main Article</location>
        <figure>Fig. 7 red star</figure>
        <details>
            <author>Yu Song and Hamid Hashemi and Jakob Munkholt Christensen and Chun Zou and Paul Marshall and Peter Glarborg</author>
            <journal>Fuel</journal>
            <month>oct</month>
            <pages>358--365</pages>
            <publisher>Elsevier BV</publisher>
            <title>Ammonia oxidation at high pressure and intermediate temperatures</title>
            <volume>181</volume>
            <year>2016</year>
        </details>
    </bibliographyLink>
    <experimentType>outlet concentration measurement</experimentType>
    <apparatus>
        <kind>flow reactor (alumina)</kind>
    </apparatus>
    <commonProperties>
        <property name="pressure"                      label="p"  sourcetype="reported"   units="bar"           ><value>100</value></property>
        <property name="initial composition"           sourcetype="reported"  >
            <component><speciesLink preferredKey="NH3"  CAS="7664-41-7"  InChI="1S/H3N/h1H3"  SMILES="N"    chemName="ammonia"  /><amount units="ppm"           >789</amount></component>
            <component><speciesLink preferredKey="O2"   CAS="7782-44-7"  InChI="1S/O2/c1-2"   SMILES="O=O"  chemName="oxygen"   /><amount units="mole fraction" >0.0407</amount></component>
            <component><speciesLink preferredKey="N2"   CAS="7727-37-9"  InChI="1S/N2/c1-2"   SMILES="N#N"  chemName="nitrogen" /><amount units="mole fraction" >0.95851</amount></component>
        </property>
        <property name="evaluated standard deviation"  sourcetype="estimated"  units="unitless"       reference="composition"  kind="relative"  method="generic uncertainty" >
            <speciesLink preferredKey="N2O"  CAS="10024-97-2"  InChI="1S/N2O/c1-2-3"  SMILES="N#[N+][O-]"  chemName="nitrous oxide" />
            <value>0.1</value>
        </property>
    </commonProperties>
    <dataGroup id="dg1">
        <property name="temperature"     id="x1"   label="T"      sourcetype="digitized"   units="K"   />
        <property name="composition"     id="x2"   label="[N2O]"  sourcetype="digitized"   units="ppm" >
            <speciesLink preferredKey="N2O"  CAS="10024-97-2"  InChI="1S/N2O/c1-2-3"  SMILES="N#[N+][O-]"  chemName="nitrous oxide" />
        </property>
        <property name="residence time"  id="x3"   label="t"      sourcetype="calculated"  units="s"   />

        <dataPoint><x1>6.9210E+02</x1><x2>1.8221E+00</x2><x3>9.5506E+00</x3></dataPoint>
        <dataPoint><x1>7.1848E+02</x1><x2>1.8221E+00</x2><x3>9.1999E+00</x3></dataPoint>
        <dataPoint><x1>7.4870E+02</x1><x2>1.8221E+00</x2><x3>8.8287E+00</x3></dataPoint>
        <dataPoint><x1>7.7465E+02</x1><x2>1.8221E+00</x2><x3>8.5328E+00</x3></dataPoint>
        <dataPoint><x1>8.0019E+02</x1><x2>9.1104E-01</x2><x3>8.2606E+00</x3></dataPoint>
        <dataPoint><x1>8.2571E+02</x1><x2>2.4598E+01</x2><x3>8.0053E+00</x3></dataPoint>
        <dataPoint><x1>8.5077E+02</x1><x2>1.0204E+02</x2><x3>7.7694E+00</x3></dataPoint>
        <dataPoint><x1>8.7500E+02</x1><x2>1.5943E+02</x2><x3>7.5543E+00</x3></dataPoint>
        <dataPoint><x1>9.0054E+02</x1><x2>1.4941E+02</x2><x3>7.3401E+00</x3></dataPoint>
    </dataGroup>
</experiment>
