<experiment>
    <fileAuthor>Chemical Kinetics Laboratory, Institute of Chemistry, ELTE, Budapest, Hungary</fileAuthor>
    <fileDOI>10.24388/x30199014</fileDOI>
    <fileVersion>
        <major>1</major>
        <minor>0</minor>
    </fileVersion>
    <ReSpecThVersion>
        <major>2</major>
        <minor>3</minor>
    </ReSpecThVersion>
    <firstPublicationDate>2020-02-23</firstPublicationDate>
    <lastModificationDate>2020-11-16</lastModificationDate>
    <bibliographyLink>
        <description>Y. Song; H. Hashemi; J. M. Christensen, Fuel 2016, 181, 358–365.</description>
        <referenceDOI>10.1016/j.fuel.2016.04.100</referenceDOI>
        <location>Main Article</location>
        <figure>Fig. 6 red square</figure>
        <details>
            <author>Yu Song and Hamid Hashemi and Jakob Munkholt Christensen and Chun Zou and Paul Marshall and Peter Glarborg</author>
            <journal>Fuel</journal>
            <month>oct</month>
            <pages>358--365</pages>
            <publisher>Elsevier BV</publisher>
            <title>Ammonia oxidation at high pressure and intermediate temperatures</title>
            <volume>181</volume>
            <year>2016</year>
        </details>
    </bibliographyLink>
    <experimentType>outlet concentration measurement</experimentType>
    <apparatus>
        <kind>flow reactor (alumina)</kind>
    </apparatus>
    <commonProperties>
        <property name="pressure"                      label="p"  sourcetype="reported"   units="bar"           ><value>30</value></property>
        <property name="initial composition"           sourcetype="reported"  >
            <component><speciesLink preferredKey="NH3"  CAS="7664-41-7"  InChI="1S/H3N/h1H3"  SMILES="N"    chemName="ammonia"  /><amount units="ppm"           >719</amount></component>
            <component><speciesLink preferredKey="O2"   CAS="7782-44-7"  InChI="1S/O2/c1-2"   SMILES="O=O"  chemName="oxygen"   /><amount units="mole fraction" >0.0403</amount></component>
            <component><speciesLink preferredKey="N2"   CAS="7727-37-9"  InChI="1S/N2/c1-2"   SMILES="N#N"  chemName="nitrogen" /><amount units="mole fraction" >0.95898</amount></component>
        </property>
        <property name="evaluated standard deviation"  sourcetype="estimated"  units="unitless"       reference="composition"  kind="relative"  method="combined from scatter and reported uncertainty" >
            <speciesLink preferredKey="NH3"  CAS="7664-41-7"  InChI="1S/H3N/h1H3"  SMILES="N"    chemName="ammonia"  />
            <value>0.12</value>
        </property>
    </commonProperties>
    <dataGroup id="dg1">
        <property name="temperature"     id="x1"   label="T"      sourcetype="digitized"   units="K"   />
        <property name="composition"     id="x2"   label="[NH3]"  sourcetype="digitized"   units="ppm" >
            <speciesLink preferredKey="NH3"  CAS="7664-41-7"  InChI="1S/H3N/h1H3"  SMILES="N"  chemName="ammonia" />
        </property>
        <property name="residence time"  id="x3"   label="t"      sourcetype="calculated"  units="s"   />

        <dataPoint><x1>450.8467525</x1><x2>722.9471263</x2><x3>4.400608386</x3></dataPoint>
        <dataPoint><x1>850.2613753</x1><x2>721.0242275</x2><x3>2.333400126</x3></dataPoint>
        <dataPoint><x1>875.3013744</x1><x2>717.9026907</x2><x3>2.266647875</x3></dataPoint>
        <dataPoint> <x1>899.903521</x1><x2>677.9601149</x2><x3>2.204680784</x3></dataPoint>
        <dataPoint><x1>924.8308277</x1> <x2>472.330213</x2><x3>2.145257209</x3></dataPoint>
    </dataGroup>
</experiment>
