<experiment>
    <fileAuthor>Bence Horvath; ELTE Chemical Kinetics Laboratory</fileAuthor>
    <fileDOI>10.24388/x30199018</fileDOI>
    <fileVersion>
        <major>1</major>
        <minor>0</minor>
    </fileVersion>
    <ReSpecThVersion>
        <major>2</major>
        <minor>3</minor>
    </ReSpecThVersion>
    <firstPublicationDate>2020-02-23</firstPublicationDate>
    <lastModificationDate>2020-11-16</lastModificationDate>
    <bibliographyLink>
        <description>J.A. Caton,J.K. Narney,C. Cariappa,W.R. Laster; The Canadian Journal of Chemical Engineering,Volume 73,345-350,1995; Fig9</description>
        <referenceDOI>10.1002/cjce.5450730311</referenceDOI>
        <location>Main article</location>
        <figure>Fig. 9.</figure>
        <details>
            <author>J. A. Caton and J. K. Narney and H. C. Cariappa and W. R. Laster</author>
            <journal>The Canadian Journal of Chemical Engineering</journal>
            <month>jun</month>
            <number>3</number>
            <pages>345--350</pages>
            <publisher>Wiley</publisher>
            <title>The selective non-catalytic reduction of nitric oxide using ammonia at up to 15{\%} oxygen</title>
            <volume>73</volume>
            <year>1995</year>
        </details>
    </bibliographyLink>
    <experimentType>outlet concentration measurement</experimentType>
    <commonProperties>
        <property name="initial composition"           sourcetype="reported"  >
            <component><speciesLink preferredKey="NH3"  CAS="7664-41-7"  InChI="1S/H3N/h1H3"  SMILES="N"    chemName="ammonia"  /><amount units="mole fraction" >0.000990</amount></component>
            <component><speciesLink preferredKey="O2"   CAS="7782-44-7"  InChI="1S/O2/c1-2"   SMILES="O=O"  chemName="oxygen"   /><amount units="mole fraction" >0.150</amount></component>
            <component><speciesLink preferredKey="N2"   CAS="7727-37-9"  InChI="1S/N2/c1-2"   SMILES="N#N"  chemName="nitrogen" /><amount units="mole fraction" >0.84901</amount></component>
        </property>
        <property name="pressure"                      sourcetype="reported"   units="Pa"            ><value>102000</value></property>
        <property name="residence time"                sourcetype="reported"   units="s"             ><value>2.11</value></property>
        <property name="evaluated standard deviation"  sourcetype="estimated"  units="unitless"       reference="composition"  kind="relative"  method="generic uncertainty" >
            <speciesLink preferredKey="NO"   CAS="10102-43-9"  InChI="1S/NO/c1-2"     SMILES="[N]=O"       chemName="nitric oxide"  />
            <value>0.1</value>
        </property>
        <property name="evaluated standard deviation"  sourcetype="estimated"  units="unitless"       reference="composition"  kind="relative"  method="generic uncertainty" >
            <speciesLink preferredKey="NH3"  CAS="7664-41-7"   InChI="1S/H3N/h1H3"    SMILES="N"           chemName="ammonia"       />
            <value>0.1</value>
        </property>
        <property name="evaluated standard deviation"  sourcetype="estimated"  units="unitless"       reference="composition"  kind="relative"  method="generic uncertainty" >
            <speciesLink preferredKey="N2O"  CAS="10024-97-2"  InChI="1S/N2O/c1-2-3"  SMILES="N#[N+][O-]"  chemName="nitrous oxide" />
            <value>0.1</value>
        </property>
    </commonProperties>
    <dataGroup id="dg1">
        <property name="temperature"  id="x1"   label="T"      sourcetype="digitized"  units="K"             />
        <property name="composition"  id="x2"   label="[NO]"   sourcetype="digitized"  units="mole fraction" >
            <speciesLink preferredKey="NO"   CAS="10102-43-9"  InChI="1S/NO/c1-2"     SMILES="[N]=O"       chemName="nitric oxide"  />
        </property>
        <property name="composition"  id="x3"   label="[N2O]"  sourcetype="digitized"  units="mole fraction" >
            <speciesLink preferredKey="N2O"  CAS="10024-97-2"  InChI="1S/N2O/c1-2-3"  SMILES="N#[N+][O-]"  chemName="nitrous oxide" />
        </property>
        <property name="composition"  id="x4"   label="[NH3]"  sourcetype="digitized"  units="mole fraction" >
            <speciesLink preferredKey="NH3"  CAS="7664-41-7"   InChI="1S/H3N/h1H3"    SMILES="N"           chemName="ammonia"       />
        </property>

        <dataPoint><x1>798.287</x1><x2>1.41243E-07</x2><x3>1.41243E-07</x3><x4>0.000980294</x4></dataPoint>
        <dataPoint><x1>848.822</x1>          <x2>0</x2>          <x3>0</x3><x4>0.000985572</x4></dataPoint>
        <dataPoint><x1>899.358</x1>          <x2>0</x2>          <x3>0</x3><x4>0.000985216</x4></dataPoint>
        <dataPoint><x1>924.197</x1>          <x2>0</x2><x3>4.23729E-07</x3><x4>0.000970956</x4></dataPoint>
        <dataPoint> <x1>948.18</x1>          <x2>0</x2><x3>7.06215E-07</x3><x4>0.000942618</x4></dataPoint>
        <dataPoint><x1>973.019</x1>          <x2>0</x2><x3>1.27119E-06</x3><x4>0.000925542</x4></dataPoint>
        <dataPoint><x1>997.859</x1>          <x2>0</x2><x3>2.82486E-06</x3><x4>0.000885931</x4></dataPoint>
        <dataPoint><x1>1023.55</x1><x2>1.41243E-07</x2><x3>5.08475E-06</x3><x4>0.000846313</x4></dataPoint>
        <dataPoint><x1>1048.39</x1><x2>1.41243E-07</x2><x3>8.75706E-06</x3><x4>0.000761631</x4></dataPoint>
        <dataPoint><x1>1074.09</x1><x2>1.17232E-05</x2><x3>1.61017E-05</x3> <x4>0.00059807</x4></dataPoint>
        <dataPoint><x1>1098.93</x1><x2>1.44068E-05</x2><x3>2.85311E-05</x3><x4>0.000352824</x4></dataPoint>
        <dataPoint><x1>1124.63</x1><x2>2.54237E-05</x2><x3>3.78531E-05</x3><x4>7.09533E-05</x4></dataPoint>
        <dataPoint><x1>1149.46</x1><x2>3.47458E-05</x2><x3>3.20621E-05</x3><x4>1.16235E-05</x4></dataPoint>
        <dataPoint> <x1>1174.3</x1><x2>3.50282E-05</x2><x3>2.51412E-05</x3><x4>8.63166E-06</x4></dataPoint>
        <dataPoint>   <x1>1200</x1><x2>4.29379E-05</x2><x3>1.82203E-05</x3> <x4>2.8169E-06</x4></dataPoint>
    </dataGroup>
</experiment>
