<experiment>
    <fileAuthor>Marton Kovacs, ELTE Chemical Kinetics Laboratory</fileAuthor>
    <fileDOI>10.24388/x30199005</fileDOI>
    <fileVersion>
        <major>1</major>
        <minor>0</minor>
    </fileVersion>
    <ReSpecThVersion>
        <major>2</major>
        <minor>3</minor>
    </ReSpecThVersion>
    <firstPublicationDate>2020-02-23</firstPublicationDate>
    <lastModificationDate>2020-11-16</lastModificationDate>
    <bibliographyLink>
        <description>T. Hulgaard et al., AIChE J., 39 (1993) 1342-1354, Figure 6. Solid triangle (NO)</description>
        <referenceDOI>10.1002/aic.690390811</referenceDOI>
        <location>Main article</location>
        <figure>Fig. 6. solid triangle</figure>
        <details>
            <author>Tore Hulgaard and Kim Dam-Johansen</author>
            <journal>AIChE Journal</journal>
            <month>aug</month>
            <number>8</number>
            <pages>1342--1354</pages>
            <publisher>Wiley</publisher>
            <title>Homogeneous nitrous oxide formation and destruction under combustion conditions</title>
            <volume>39</volume>
            <year>1993</year>
        </details>
    </bibliographyLink>
    <experimentType>outlet concentration measurement</experimentType>
    <apparatus>
        <kind>flow reactor</kind>
    </apparatus>
    <commonProperties>
        <property name="pressure"                      sourcetype="estimated"  units="atm"           ><value>1.04</value></property>
        <property name="initial composition"           sourcetype="reported"  >
            <component><speciesLink preferredKey="NH3"  CAS="7664-41-7"  InChI="1S/H3N/h1H3"  SMILES="N"    chemName="ammonia"  /><amount units="ppm"           >800</amount></component>
            <component><speciesLink preferredKey="O2"   CAS="7782-44-7"  InChI="1S/O2/c1-2"   SMILES="O=O"  chemName="oxygen"   /><amount units="mole fraction" >0.025</amount></component>
            <component><speciesLink preferredKey="N2"   CAS="7727-37-9"  InChI="1S/N2/c1-2"   SMILES="N#N"  chemName="nitrogen" /><amount units="mole fraction" >0.9742</amount></component>
        </property>
        <property name="evaluated standard deviation"  sourcetype="estimated"  units="unitless"       reference="composition"  kind="relative"  method="generic uncertainty" >
            <speciesLink preferredKey="NO"   CAS="10102-43-9"  InChI="1S/NO/c1-2"   SMILES="[N]=O"  chemName="nitric oxide" />
            <value>0.1</value>
        </property>
    </commonProperties>
    <dataGroup id="dg1">
        <property name="residence time"  id="x1"   label="t"     sourcetype="digitized"  units="s"   />
        <property name="temperature"     id="x2"   label="T"     sourcetype="digitized"  units="K"   />
        <property name="composition"     id="x3"   label="[NO]"  sourcetype="digitized"  units="ppm" >
            <speciesLink preferredKey="NO"  CAS="10102-43-9"  InChI="1S/NO/c1-2"  SMILES="[N]=O"  chemName="nitric oxide" />
        </property>

        <dataPoint><x1>0.0718</x1><x2>1016</x2> <x3>0</x3></dataPoint>
        <dataPoint><x1>0.0675</x1><x2>1081</x2> <x3>0</x3></dataPoint>
        <dataPoint><x1>0.0651</x1><x2>1121</x2> <x3>3</x3></dataPoint>
        <dataPoint><x1>0.0628</x1><x2>1163</x2> <x3>8</x3></dataPoint>
        <dataPoint><x1>0.0608</x1><x2>1200</x2><x3>14</x3></dataPoint>
        <dataPoint><x1>0.0596</x1><x2>1225</x2><x3>20</x3></dataPoint>
        <dataPoint><x1>0.0576</x1><x2>1267</x2><x3>37</x3></dataPoint>
        <dataPoint><x1>0.0567</x1><x2>1287</x2><x3>44</x3></dataPoint>
        <dataPoint><x1>0.0559</x1><x2>1306</x2><x3>53</x3></dataPoint>
        <dataPoint><x1>0.0551</x1><x2>1324</x2><x3>61</x3></dataPoint>
        <dataPoint><x1>0.0543</x1><x2>1346</x2><x3>67</x3></dataPoint>
        <dataPoint><x1>0.0533</x1><x2>1369</x2><x3>90</x3></dataPoint>
    </dataGroup>
</experiment>
