<experiment>
    <fileAuthor>Chemical Kinetics Laboratory, Institute of Chemistry, ELTE, Budapest, Hungary</fileAuthor>
    <fileDOI>10.24388/x00002010_x</fileDOI>
    <fileVersion>
        <major>1</major>
        <minor>0</minor>
    </fileVersion>
    <ReSpecThVersion>
        <major>2</major>
        <minor>3</minor>
    </ReSpecThVersion>
    <firstPublicationDate>2016-12-05</firstPublicationDate>
    <lastModificationDate>2020-11-18</lastModificationDate>
    <bibliographyLink>
        <description>K.W. Aniolek, R.D. Wilk, Energy and Fuels 9 (1995), 395-405</description>
        <referenceDOI>10.1021/ef00051a002</referenceDOI>
        <location>Main article</location>
        <figure>Fig. 23</figure>
        <details>
            <author>Aniolek, K W and Wilk, R D</author>
            <journal>Energy Fuels</journal>
            <pages>395--405</pages>
            <title>Preflame Oxidation Characteristics of Methanol</title>
            <volume>9</volume>
            <year>1995</year>
        </details>
    </bibliographyLink>
    <experimentType>jet stirred reactor measurement</experimentType>
    <apparatus>
        <kind>stirred reactor</kind>
    </apparatus>
    <commonProperties>
        <property name="pressure"                      label="P"  sourcetype="reported"   units="Torr"          ><value>700</value></property>
        <property name="temperature"                   label="T"  sourcetype="reported"   units="K"             ><value>678</value></property>
        <property name="volume"                        label="V"  sourcetype="reported"   units="cm3"           ><value>870</value></property>
        <property name="initial composition"           sourcetype="estimated" >
            <component><speciesLink preferredKey="CH3OH"  CAS="67-56-1"    InChI="1S/CH4O/c1-2/h2H,1H3"  SMILES="CO"   chemName="methanol" /><amount units="mole fraction" >0.065129</amount></component>
            <component><speciesLink preferredKey="O2"     CAS="7782-44-7"  InChI="1S/O2/c1-2"            SMILES="O=O"  chemName="oxygen"   /><amount units="mole fraction" >0.195388</amount></component>
            <component><speciesLink preferredKey="N2"     CAS="7727-37-9"  InChI="1S/N2/c1-2"            SMILES="N#N"  chemName="nitrogen" /><amount units="mole fraction" >0.739483</amount></component>
        </property>
        <property name="evaluated standard deviation"  sourcetype="reported"   units="mole faction"   reference="composition"  kind="absolute"  method="reported uncertainty" >
            <speciesLink preferredKey="O2"     CAS="7782-44-7"  InChI="1S/O2/c1-2"            SMILES="O=O"        chemName="oxygen"          />
            <value>0.00985</value>
        </property>
        <property name="evaluated standard deviation"  sourcetype="reported"   units="mole faction"   reference="composition"  kind="absolute"  method="reported uncertainty" >
            <speciesLink preferredKey="CO"     CAS="630-08-0"   InChI="1S/CO/c1-2"            SMILES="[C-]#[O+]"  chemName="carbon monoxide" />
            <value>0.00089</value>
        </property>
        <property name="evaluated standard deviation"  sourcetype="reported"   units="mole faction"   reference="composition"  kind="absolute"  method="reported uncertainty" >
            <speciesLink preferredKey="CO2"    CAS="124-38-9"   InChI="1S/CO2/c2-1-3"         SMILES="C(=O)=O"    chemName="carbon dioxide"  />
            <value>0.000169</value>
        </property>
        <property name="evaluated standard deviation"  sourcetype="estimated"  units="mole faction"   reference="composition"  kind="absolute"  method="statistical scatter"  >
            <speciesLink preferredKey="CH2O"   CAS="50-00-0"    InChI="1S/CH2O/c1-2/h1H2"     SMILES="C=O"        chemName="formaldehyde"    />
            <value>0.000141</value>
        </property>
        <property name="evaluated standard deviation"  sourcetype="reported"   units="mole faction"   reference="composition"  kind="absolute"  method="reported uncertainty" >
            <speciesLink preferredKey="CH3OH"  CAS="67-56-1"    InChI="1S/CH4O/c1-2/h2H,1H3"  SMILES="CO"         chemName="methanol"        />
            <value>0.00327</value>
        </property>
    </commonProperties>
    <dataGroup id="dg1">
        <property name="time"         id="x1"   label="t"        sourcetype="digitized"  units="s"             />
        <property name="composition"  id="x2"   label="[CH3OH]"  sourcetype="digitized"  units="mole fraction" >
            <speciesLink preferredKey="CH3OH"  CAS="67-56-1"    InChI="1S/CH4O/c1-2/h2H,1H3"  SMILES="CO"         chemName="methanol"        />
        </property>
        <property name="composition"  id="x3"   label="[CO]"     sourcetype="digitized"  units="mole fraction" >
            <speciesLink preferredKey="CO"     CAS="630-08-0"   InChI="1S/CO/c1-2"            SMILES="[C-]#[O+]"  chemName="carbon monoxide" />
        </property>
        <property name="composition"  id="x4"   label="[CO2]"    sourcetype="digitized"  units="mole fraction" >
            <speciesLink preferredKey="CO2"    CAS="124-38-9"   InChI="1S/CO2/c2-1-3"         SMILES="C(=O)=O"    chemName="carbon dioxide"  />
        </property>
        <property name="composition"  id="x5"   label="[CH2O]"   sourcetype="digitized"  units="mole fraction" >
            <speciesLink preferredKey="CH2O"   CAS="50-00-0"    InChI="1S/CH2O/c1-2/h1H2"     SMILES="C=O"        chemName="formaldehyde"    />
        </property>
        <property name="composition"  id="x6"   label="[O2]"     sourcetype="digitized"  units="mole fraction" >
            <speciesLink preferredKey="O2"     CAS="7782-44-7"  InChI="1S/O2/c1-2"            SMILES="O=O"        chemName="oxygen"          />
        </property>

        <dataPoint><x1>0003.6</x1><x2>6.5370E-02</x2><x3>1.3936E-04</x3><x4>2.1582E-05</x4><x5>1.1800E-05</x5><x6>1.9632E-01</x6></dataPoint>
        <dataPoint><x1>0041.3</x1><x2>6.0410E-02</x2><x3>2.7800E-04</x3><x4>2.0519E-05</x4><x5>1.5690E-04</x5><x6>1.9674E-01</x6></dataPoint>
        <dataPoint><x1>0084.0</x1><x2>5.6420E-02</x2><x3>2.7400E-04</x3><x4>4.4823E-05</x4><x5>4.4700E-04</x5><x6>1.9670E-01</x6></dataPoint>
        <dataPoint><x1>0156.3</x1><x2>5.2900E-02</x2><x3>2.6800E-04</x3><x4>4.2557E-05</x4><x5>4.4670E-04</x5><x6>1.9482E-01</x6></dataPoint>
        <dataPoint><x1>0301.8</x1><x2>5.2360E-02</x2><x3>2.5800E-04</x3><x4>5.9468E-05</x4><x5>1.6770E-04</x5><x6>1.9612E-01</x6></dataPoint>
        <dataPoint><x1>0452.2</x1><x2>5.2790E-02</x2><x3>6.2400E-04</x3><x4>1.0200E-04</x4><x5>1.8330E-04</x5><x6>1.9268E-01</x6></dataPoint>
        <dataPoint><x1>0597.8</x1><x2>5.3180E-02</x2><x3>1.6460E-03</x3><x4>1.8900E-04</x4><x5>5.8700E-05</x5><x6>1.9162E-01</x6></dataPoint>
        <dataPoint><x1>0906.4</x1><x2>5.2850E-02</x2><x3>5.1400E-03</x3><x4>5.3200E-04</x4><x5>1.2100E-04</x5><x6>1.8956E-01</x6></dataPoint>
        <dataPoint><x1>1206.3</x1><x2>5.2970E-02</x2><x3>9.5180E-03</x3><x4>1.2480E-03</x4><x5>1.2220E-04</x5><x6>1.8700E-01</x6></dataPoint>
        <dataPoint><x1>1505.8</x1><x2>5.0280E-02</x2><x3>1.2734E-02</x3><x4>2.1510E-03</x4><x5>1.6790E-04</x5><x6>1.8732E-01</x6></dataPoint>
        <dataPoint><x1>1806.2</x1><x2>5.3940E-02</x2><x3>1.7766E-02</x3><x4>3.3780E-03</x4><x5>1.3180E-04</x5><x6>1.8518E-01</x6></dataPoint>
    </dataGroup>
</experiment>
