<experiment>
    <fileAuthor>Chemical Kinetics Laboratory, Institute of Chemistry, ELTE, Budapest, Hungary</fileAuthor>
    <fileDOI>10.24388/x00002015</fileDOI>
    <fileVersion>
        <major>1</major>
        <minor>0</minor>
    </fileVersion>
    <ReSpecThVersion>
        <major>2</major>
        <minor>3</minor>
    </ReSpecThVersion>
    <firstPublicationDate>2016-12-05</firstPublicationDate>
    <lastModificationDate>2020-11-18</lastModificationDate>
    <bibliographyLink>
        <description>U. Burke, W.K. Metcalfe, S.M. Burke, K.A. Heufer, P. Dagaut, H.J. Curran, Combust. Flame 165 (2016), 125-136</description>
        <referenceDOI>10.1016/j.combustflame.2015.11.004</referenceDOI>
        <location>Main article, raw data obtained from the authors</location>
        <figure>Fig. 15</figure>
        <details>
            <author>Burke, Ultan and Metcalfe, Wayne K and Burke, Sin{\'{e}}ad M and Heufer, K Alexander and Dagaut, Philippe and Curran, Henry J</author>
            <journal>Combust Flame</journal>
            <pages>125--136</pages>
            <title>A detailed chemical kinetic modeling, ignition delay time and jet-stirred reactor study of methanol oxidation</title>
            <volume>165</volume>
            <year>2016</year>
        </details>
    </bibliographyLink>
    <experimentType>jet stirred reactor measurement</experimentType>
    <apparatus>
        <kind>stirred reactor</kind>
    </apparatus>
    <commonProperties>
        <property name="pressure"                      label="P"    sourcetype="reported"   units="atm"           ><value>0001</value></property>
        <property name="volume"                        label="V"    sourcetype="reported"   units="cm3"           ><value>0035</value></property>
        <property name="residence time"                label="tau"  sourcetype="reported"   units="ms"            ><value>0050</value></property>
        <property name="initial composition"           sourcetype="reported"  >
            <component><speciesLink preferredKey="CH3OH"  CAS="67-56-1"    InChI="1S/CH4O/c1-2/h2H,1H3"  SMILES="CO"   chemName="methanol" /><amount units="mole fraction" >0.002</amount></component>
            <component><speciesLink preferredKey="O2"     CAS="7782-44-7"  InChI="1S/O2/c1-2"            SMILES="O=O"  chemName="oxygen"   /><amount units="mole fraction" >0.006</amount></component>
            <component><speciesLink preferredKey="N2"     CAS="7727-37-9"  InChI="1S/N2/c1-2"            SMILES="N#N"  chemName="nitrogen" /><amount units="mole fraction" >0.992</amount></component>
        </property>
        <property name="evaluated standard deviation"  sourcetype="estimated"  units="mole faction"   reference="composition"  kind="absolute"  method="statistical scatter"  >
            <speciesLink preferredKey="O2"     CAS="7782-44-7"  InChI="1S/O2/c1-2"            SMILES="O=O"        chemName="oxygen"          />
            <value>0.00019</value>
        </property>
        <property name="evaluated standard deviation"  sourcetype="estimated"  units="mole faction"   reference="composition"  kind="absolute"  method="statistical scatter"  >
            <speciesLink preferredKey="H2"     CAS="1333-74-0"  InChI="1S/H2/h1H"             SMILES="[HH]"       chemName="hydrogen"        />
            <value>9.78e-5</value>
        </property>
        <property name="evaluated standard deviation"  sourcetype="estimated"  units="mole faction"   reference="composition"  kind="absolute"  method="statistical scatter"  >
            <speciesLink preferredKey="CO"     CAS="630-08-0"   InChI="1S/CO/c1-2"            SMILES="[C-]#[O+]"  chemName="carbon monoxide" />
            <value>8.18e-5</value>
        </property>
        <property name="evaluated standard deviation"  sourcetype="estimated"  units="mole faction"   reference="composition"  kind="absolute"  method="statistical scatter"  >
            <speciesLink preferredKey="CO2"    CAS="124-38-9"   InChI="1S/CO2/c2-1-3"         SMILES="C(=O)=O"    chemName="carbon dioxide"  />
            <value>8.96e-5</value>
        </property>
        <property name="evaluated standard deviation"  sourcetype="estimated"  units="mole faction"   reference="composition"  kind="absolute"  method="statistical scatter"  >
            <speciesLink preferredKey="CH2O"   CAS="50-00-0"    InChI="1S/CH2O/c1-2/h1H2"     SMILES="C=O"        chemName="formaldehyde"    />
            <value>4.6e-5</value>
        </property>
        <property name="evaluated standard deviation"  sourcetype="estimated"  units="mole faction"   reference="composition"  kind="absolute"  method="statistical scatter"  >
            <speciesLink preferredKey="CH3OH"  CAS="67-56-1"    InChI="1S/CH4O/c1-2/h2H,1H3"  SMILES="CO"         chemName="methanol"        />
            <value>9.53e-5</value>
        </property>
        <property name="evaluated standard deviation"  sourcetype="estimated"  units="mole faction"   reference="composition"  kind="absolute"  method="statistical scatter"  >
            <speciesLink preferredKey="CH4"    CAS="74-82-8"    InChI="1S/CH4/h1H4"           SMILES="C"          chemName="methane"         />
            <value>1.13e-6</value>
        </property>
        <property name="evaluated standard deviation"  sourcetype="estimated"  units="mole faction"   reference="composition"  kind="absolute"  method="statistical scatter"  >
            <speciesLink preferredKey="C2H2"   CAS="74-86-2"    InChI="1S/C2H2/c1-2/h1-2H"    SMILES="C#C"        chemName="acetylene"       />
            <value>1e-7</value>
        </property>
        <property name="evaluated standard deviation"  sourcetype="reported"   units="mole faction"   reference="composition"  kind="absolute"  method="reported uncertainty" >
            <speciesLink preferredKey="C2H4"   CAS="74-85-1"    InChI="1S/C2H4/c1-2/h1-2H2"   SMILES="C=C"        chemName="ethene"          />
            <value>7.1e-8</value>
        </property>
        <property name="evaluated standard deviation"  sourcetype="estimated"  units="mole faction"   reference="composition"  kind="absolute"  method="statistical scatter"  >
            <speciesLink preferredKey="C2H6"   CAS="74-84-0"    InChI="1S/C2H6/c1-2/h1-2H3"   SMILES="CC"         chemName="ethane"          />
            <value>2.02e-7</value>
        </property>
    </commonProperties>
    <dataGroup id="dg1">
        <property name="temperature"  id="x1"   label="T"        sourcetype="reported"  units="K"             />
        <property name="composition"  id="x2"   label="[O2]"     sourcetype="reported"  units="mole fraction" >
            <speciesLink preferredKey="O2"     CAS="7782-44-7"  InChI="1S/O2/c1-2"            SMILES="O=O"        chemName="oxygen"          />
        </property>
        <property name="composition"  id="x3"   label="[CO]"     sourcetype="reported"  units="mole fraction" >
            <speciesLink preferredKey="CO"     CAS="630-08-0"   InChI="1S/CO/c1-2"            SMILES="[C-]#[O+]"  chemName="carbon monoxide" />
        </property>
        <property name="composition"  id="x4"   label="[CO2]"    sourcetype="reported"  units="mole fraction" >
            <speciesLink preferredKey="CO2"    CAS="124-38-9"   InChI="1S/CO2/c2-1-3"         SMILES="C(=O)=O"    chemName="carbon dioxide"  />
        </property>
        <property name="composition"  id="x5"   label="[C2H4]"   sourcetype="reported"  units="mole fraction" >
            <speciesLink preferredKey="C2H4"   CAS="74-85-1"    InChI="1S/C2H4/c1-2/h1-2H2"   SMILES="C=C"        chemName="ethene"          />
        </property>
        <property name="composition"  id="x6"   label="[C2H6]"   sourcetype="reported"  units="mole fraction" >
            <speciesLink preferredKey="C2H6"   CAS="74-84-0"    InChI="1S/C2H6/c1-2/h1-2H3"   SMILES="CC"         chemName="ethane"          />
        </property>
        <property name="composition"  id="x7"   label="[C2H2]"   sourcetype="reported"  units="mole fraction" >
            <speciesLink preferredKey="C2H2"   CAS="74-86-2"    InChI="1S/C2H2/c1-2/h1-2H"    SMILES="C#C"        chemName="acetylene"       />
        </property>
        <property name="composition"  id="x8"   label="[CH2O]"   sourcetype="reported"  units="mole fraction" >
            <speciesLink preferredKey="CH2O"   CAS="50-00-0"    InChI="1S/CH2O/c1-2/h1H2"     SMILES="C=O"        chemName="formaldehyde"    />
        </property>
        <property name="composition"  id="x9"   label="[CH3OH]"  sourcetype="reported"  units="mole fraction" >
            <speciesLink preferredKey="CH3OH"  CAS="67-56-1"    InChI="1S/CH4O/c1-2/h2H,1H3"  SMILES="CO"         chemName="methanol"        />
        </property>
        <property name="composition"  id="x10"  label="[H2]"     sourcetype="reported"  units="mole fraction" >
            <speciesLink preferredKey="H2"     CAS="1333-74-0"  InChI="1S/H2/h1H"             SMILES="[HH]"       chemName="hydrogen"        />
        </property>
        <property name="composition"  id="x11"  label="[CH4]"    sourcetype="reported"  units="mole fraction" >
            <speciesLink preferredKey="CH4"    CAS="74-82-8"    InChI="1S/CH4/h1H4"           SMILES="C"          chemName="methane"         />
        </property>

        <dataPoint><x1>0950.7</x1><x2>5.5680E-03</x2><x3>0.0000E+00</x3><x4>5.6190E-06</x4><x5>0.0000E+00</x5><x6>0.0000E+00</x6><x7>0.0000E+00</x7><x8>1.4660E-04</x8><x9>1.5770E-03</x9><x10>9.1630E-06</x10><x11>9.3000E-07</x11></dataPoint>
        <dataPoint><x1>0974.3</x1><x2>5.6090E-03</x2><x3>0.0000E+00</x3><x4>8.1840E-06</x4><x5>0.0000E+00</x5><x6>3.1200E-07</x6><x7>0.0000E+00</x7><x8>2.0600E-04</x8><x9>1.6230E-03</x9><x10>1.5960E-05</x10><x11>1.5500E-06</x11></dataPoint>
        <dataPoint><x1>0994.9</x1><x2>5.8130E-03</x2><x3>0.0000E+00</x3><x4>1.0010E-05</x4><x5>0.0000E+00</x5><x6>5.6200E-07</x6><x7>0.0000E+00</x7><x8>2.2100E-04</x8><x9>1.9020E-03</x9><x10>1.7240E-05</x10><x11>1.5500E-06</x11></dataPoint>
        <dataPoint><x1>1019.6</x1><x2>5.8820E-03</x2><x3>5.3200E-06</x3><x4>1.2010E-05</x4><x5>0.0000E+00</x5><x6>8.3400E-07</x6><x7>0.0000E+00</x7><x8>2.8410E-04</x8><x9>1.8030E-03</x9><x10>2.1790E-05</x10><x11>3.7300E-06</x11></dataPoint>
        <dataPoint><x1>1041.5</x1><x2>5.4880E-03</x2><x3>1.8910E-04</x3><x4>2.1820E-05</x4><x5>0.0000E+00</x5><x6>1.1800E-06</x6><x7>0.0000E+00</x7><x8>4.1390E-04</x8><x9>1.5620E-03</x9><x10>1.6830E-04</x10><x11>3.1700E-06</x11></dataPoint>
        <dataPoint><x1>1064.4</x1><x2>5.4970E-03</x2><x3>4.4440E-04</x3><x4>3.1450E-05</x4><x5>0.0000E+00</x5><x6>1.5300E-06</x6><x7>0.0000E+00</x7><x8>4.3950E-04</x8><x9>1.2440E-03</x9><x10>2.8430E-04</x10><x11>5.1200E-06</x11></dataPoint>
        <dataPoint><x1>1085.8</x1><x2>5.2960E-03</x2><x3>6.5690E-04</x3><x4>4.5290E-05</x4><x5>0.0000E+00</x5><x6>1.3200E-06</x6><x7>0.0000E+00</x7><x8>3.6960E-04</x8><x9>9.6410E-04</x9><x10>4.0750E-04</x10><x11>4.3600E-06</x11></dataPoint>
        <dataPoint><x1>1106.4</x1><x2>5.1380E-03</x2><x3>7.6800E-04</x3><x4>8.1280E-05</x4><x5>2.6100E-07</x5><x6>1.1800E-06</x6><x7>0.0000E+00</x7><x8>3.2630E-04</x8><x9>7.4940E-04</x9><x10>5.2560E-04</x10><x11>4.5400E-06</x11></dataPoint>
        <dataPoint><x1>1129.3</x1><x2>5.0040E-03</x2><x3>1.0390E-03</x3><x4>8.5150E-05</x4><x5>3.5500E-07</x5><x6>1.3100E-06</x6><x7>0.0000E+00</x7><x8>2.6960E-04</x8><x9>5.9740E-04</x9><x10>6.7890E-04</x10><x11>6.9400E-06</x11></dataPoint>
        <dataPoint><x1>1152.3</x1><x2>4.0230E-03</x2><x3>9.9660E-04</x3><x4>7.4970E-04</x4><x5>0.0000E+00</x5><x6>0.0000E+00</x6><x7>0.0000E+00</x7><x8>6.8090E-05</x8><x9>1.0380E-04</x9><x10>2.4930E-04</x10><x11>2.2600E-06</x11></dataPoint>
        <dataPoint><x1>1176.7</x1><x2>3.5580E-03</x2><x3>4.6160E-04</x3><x4>1.4280E-03</x4><x5>0.0000E+00</x5><x6>0.0000E+00</x6><x7>0.0000E+00</x7><x8>1.0640E-05</x8><x9>9.9020E-06</x9><x10>3.9980E-05</x10><x11>1.6400E-06</x11></dataPoint>
        <dataPoint><x1>1198.8</x1><x2>3.4580E-03</x2><x3>3.6770E-04</x3><x4>1.5910E-03</x4><x5>0.0000E+00</x5><x6>0.0000E+00</x6><x7>0.0000E+00</x7><x8>0.0000E+00</x8><x9>3.7430E-06</x9><x10>2.8230E-05</x10><x11>4.5800E-07</x11></dataPoint>
    </dataGroup>
</experiment>
