<experiment>
    <fileAuthor>Chemical Kinetics Laboratory, Institute of Chemistry, ELTE, Budapest, Hungary</fileAuthor>
    <fileDOI>10.24388/x00002001</fileDOI>
    <fileVersion>
        <major>1</major>
        <minor>0</minor>
    </fileVersion>
    <ReSpecThVersion>
        <major>2</major>
        <minor>3</minor>
    </ReSpecThVersion>
    <firstPublicationDate>2016-12-05</firstPublicationDate>
    <lastModificationDate>2020-11-18</lastModificationDate>
    <bibliographyLink>
        <description>G. Dayma, K. H. Ali, P. Dagaut, Proc. Combust. Inst. 31 (2007), 411-418</description>
        <referenceDOI>10.1016/j.proci.2006.07.143</referenceDOI>
        <location>Main article</location>
        <figure>Fig. 2</figure>
        <details>
            <author>Dayma, Guillaume and Ali, Kamal Hadj and Dagaut, Philippe</author>
            <journal>Proc Combust Inst</journal>
            <number>1</number>
            <pages>411--418</pages>
            <title>Experimental and detailed kinetic modeling study of the high pressure oxidation of methanol sensitized by nitric oxide and nitrogen dioxide</title>
            <volume>31</volume>
            <year>2007</year>
        </details>
    </bibliographyLink>
    <experimentType>jet stirred reactor measurement</experimentType>
    <apparatus>
        <kind>stirred reactor</kind>
    </apparatus>
    <commonProperties>
        <property name="pressure"                      label="P"    sourcetype="reported"  units="atm"           ><value>10</value></property>
        <property name="volume"                        label="V"    sourcetype="reported"  units="cm3"           ><value>30</value></property>
        <property name="residence time"                label="tau"  sourcetype="reported"  units="ms"            ><value>1000</value></property>
        <property name="initial composition"           sourcetype="reported" >
            <component><speciesLink preferredKey="CH3OH"  CAS="67-56-1"    InChI="1S/CH4O/c1-2/h2H,1H3"  SMILES="CO"   chemName="methanol" /><amount units="mole fraction" >0.00800</amount></component>
            <component><speciesLink preferredKey="O2"     CAS="7782-44-7"  InChI="1S/O2/c1-2"            SMILES="O=O"  chemName="oxygen"   /><amount units="mole fraction" >0.02000</amount></component>
            <component><speciesLink preferredKey="H2O"    CAS="7732-18-5"  InChI="1S/H2O/h1H2"           SMILES="O"    chemName="water"    /><amount units="mole fraction" >0.00080</amount></component>
            <component><speciesLink preferredKey="N2"     CAS="7727-37-9"  InChI="1S/N2/c1-2"            SMILES="N#N"  chemName="nitrogen" /><amount units="mole fraction" >0.97120</amount></component>
        </property>
        <property name="evaluated standard deviation"  sourcetype="reported"  units="mole faction"   reference="composition"  kind="absolute"  method="reported uncertainty" >
            <speciesLink preferredKey="H2O"    CAS="7732-18-5"  InChI="1S/H2O/h1H2"           SMILES="O"          chemName="water"           />
            <value>0.000916</value>
        </property>
        <property name="evaluated standard deviation"  sourcetype="reported"  units="mole faction"   reference="composition"  kind="absolute"  method="reported uncertainty" >
            <speciesLink preferredKey="CO"     CAS="630-08-0"   InChI="1S/CO/c1-2"            SMILES="[C-]#[O+]"  chemName="carbon monoxide" />
            <value>0.000216</value>
        </property>
        <property name="evaluated standard deviation"  sourcetype="reported"  units="mole faction"   reference="composition"  kind="absolute"  method="reported uncertainty" >
            <speciesLink preferredKey="CO2"    CAS="124-38-9"   InChI="1S/CO2/c2-1-3"         SMILES="C(=O)=O"    chemName="carbon dioxide"  />
            <value>5.61e-5</value>
        </property>
        <property name="evaluated standard deviation"  sourcetype="reported"  units="mole faction"   reference="composition"  kind="absolute"  method="reported uncertainty" >
            <speciesLink preferredKey="CH2O"   CAS="50-00-0"    InChI="1S/CH2O/c1-2/h1H2"     SMILES="C=O"        chemName="formaldehyde"    />
            <value>0.00015</value>
        </property>
        <property name="evaluated standard deviation"  sourcetype="reported"  units="mole faction"   reference="composition"  kind="absolute"  method="reported uncertainty" >
            <speciesLink preferredKey="CH3OH"  CAS="67-56-1"    InChI="1S/CH4O/c1-2/h2H,1H3"  SMILES="CO"         chemName="methanol"        />
            <value>0.000376</value>
        </property>
    </commonProperties>
    <dataGroup id="dg1">
        <property name="temperature"  id="x1"   label="T"        sourcetype="digitized"  units="K"             />
        <property name="composition"  id="x2"   label="[CH3OH]"  sourcetype="digitized"  units="mole fraction" >
            <speciesLink preferredKey="CH3OH"  CAS="67-56-1"    InChI="1S/CH4O/c1-2/h2H,1H3"  SMILES="CO"         chemName="methanol"        />
        </property>
        <property name="composition"  id="x3"   label="[CO]"     sourcetype="digitized"  units="mole fraction" >
            <speciesLink preferredKey="CO"     CAS="630-08-0"   InChI="1S/CO/c1-2"            SMILES="[C-]#[O+]"  chemName="carbon monoxide" />
        </property>
        <property name="composition"  id="x4"   label="[CO2]"    sourcetype="digitized"  units="mole fraction" >
            <speciesLink preferredKey="CO2"    CAS="124-38-9"   InChI="1S/CO2/c2-1-3"         SMILES="C(=O)=O"    chemName="carbon dioxide"  />
        </property>
        <property name="composition"  id="x5"   label="[CH2O]"   sourcetype="digitized"  units="mole fraction" >
            <speciesLink preferredKey="CH2O"   CAS="50-00-0"    InChI="1S/CH2O/c1-2/h1H2"     SMILES="C=O"        chemName="formaldehyde"    />
        </property>
        <property name="composition"  id="x6"   label="[H2O]"    sourcetype="digitized"  units="mole fraction" >
            <speciesLink preferredKey="H2O"    CAS="7732-18-5"  InChI="1S/H2O/h1H2"           SMILES="O"          chemName="water"           />
        </property>

        <dataPoint><x1>0720</x1><x2>7.8571E-03</x2><x3>0.0000E+00</x3><x4>0.0000E+00</x4><x5>0.0000E+00</x5><x6>7.5188E-04</x6></dataPoint>
        <dataPoint><x1>0750</x1><x2>8.0827E-03</x2><x3>0.0000E+00</x3><x4>0.0000E+00</x4><x5>0.0000E+00</x5><x6>7.8947E-04</x6></dataPoint>
        <dataPoint><x1>0780</x1><x2>7.8947E-03</x2><x3>0.0000E+00</x3><x4>0.0000E+00</x4><x5>7.5188E-05</x5><x6>1.0150E-03</x6></dataPoint>
        <dataPoint><x1>0810</x1><x2>4.7368E-03</x2><x3>2.3684E-03</x3><x4>1.8797E-04</x4><x5>6.7669E-04</x5><x6>6.5038E-03</x6></dataPoint>
        <dataPoint><x1>0840</x1><x2>2.4436E-03</x2><x3>4.1729E-03</x3><x4>8.2707E-04</x4><x5>3.3835E-04</x5><x6>1.1128E-02</x6></dataPoint>
        <dataPoint><x1>0870</x1><x2>1.3158E-03</x2><x3>4.5865E-03</x3><x4>1.8421E-03</x4><x5>1.8797E-04</x5><x6>1.3647E-02</x6></dataPoint>
        <dataPoint><x1>0900</x1><x2>9.7744E-04</x2><x3>4.0226E-03</x3><x4>2.7444E-03</x4><x5>1.1278E-04</x5><x6>1.4624E-02</x6></dataPoint>
        <dataPoint><x1>0930</x1><x2>8.6466E-04</x2><x3>3.5714E-03</x3><x4>3.3835E-03</x4><x5>7.5188E-05</x5><x6>1.4887E-02</x6></dataPoint>
        <dataPoint><x1>0960</x1><x2>7.1429E-04</x2><x3>3.1955E-03</x3><x4>3.9098E-03</x4><x5>7.5188E-05</x5><x6>1.5338E-02</x6></dataPoint>
        <dataPoint><x1>0990</x1><x2>6.3910E-04</x2><x3>2.9699E-03</x3><x4>4.0602E-03</x4><x5>7.5188E-05</x5><x6>1.5338E-02</x6></dataPoint>
        <dataPoint><x1>1020</x1><x2>4.5113E-04</x2><x3>2.7820E-03</x3><x4>4.3609E-03</x4><x5>7.5188E-05</x5><x6>1.5677E-02</x6></dataPoint>
        <dataPoint><x1>1050</x1><x2>1.5038E-04</x2><x3>2.6692E-03</x3><x4>4.6241E-03</x4><x5>0.0000E+00</x5><x6>1.6090E-02</x6></dataPoint>
    </dataGroup>
</experiment>
