<experiment>
    <fileAuthor>Chemical Kinetics Laboratory, Institute of Chemistry, ELTE, Budapest, Hungary</fileAuthor>
    <fileDOI>10.24388/x00002019</fileDOI>
    <fileVersion>
        <major>1</major>
        <minor>0</minor>
    </fileVersion>
    <ReSpecThVersion>
        <major>2</major>
        <minor>3</minor>
    </ReSpecThVersion>
    <firstPublicationDate>2016-12-05</firstPublicationDate>
    <lastModificationDate>2020-11-18</lastModificationDate>
    <bibliographyLink>
        <description>U. Burke, W.K. Metcalfe, S.M. Burke, K.A. Heufer, P. Dagaut, H.J. Curran, Combust. Flame 165 (2016), 125-136</description>
        <referenceDOI>10.1016/j.combustflame.2015.11.004</referenceDOI>
        <location>Main article, raw data obtained from the authors</location>
        <figure>Fig. 19</figure>
        <details>
            <author>Burke, Ultan and Metcalfe, Wayne K and Burke, Sin{\'{e}}ad M and Heufer, K Alexander and Dagaut, Philippe and Curran, Henry J</author>
            <journal>Combust Flame</journal>
            <pages>125--136</pages>
            <title>A detailed chemical kinetic modeling, ignition delay time and jet-stirred reactor study of methanol oxidation</title>
            <volume>165</volume>
            <year>2016</year>
        </details>
    </bibliographyLink>
    <experimentType>jet stirred reactor measurement</experimentType>
    <apparatus>
        <kind>stirred reactor</kind>
    </apparatus>
    <commonProperties>
        <property name="pressure"                      label="P"    sourcetype="reported"   units="atm"           ><value>0010</value></property>
        <property name="volume"                        label="V"    sourcetype="reported"   units="cm3"           ><value>0035</value></property>
        <property name="residence time"                label="tau"  sourcetype="reported"   units="ms"            ><value>0500</value></property>
        <property name="initial composition"           sourcetype="reported"  >
            <component><speciesLink preferredKey="CH3OH"  CAS="67-56-1"    InChI="1S/CH4O/c1-2/h2H,1H3"  SMILES="CO"   chemName="methanol" /><amount units="mole fraction" >0.004</amount></component>
            <component><speciesLink preferredKey="O2"     CAS="7782-44-7"  InChI="1S/O2/c1-2"            SMILES="O=O"  chemName="oxygen"   /><amount units="mole fraction" >0.003</amount></component>
            <component><speciesLink preferredKey="N2"     CAS="7727-37-9"  InChI="1S/N2/c1-2"            SMILES="N#N"  chemName="nitrogen" /><amount units="mole fraction" >0.993</amount></component>
        </property>
        <property name="evaluated standard deviation"  sourcetype="estimated"  units="mole faction"   reference="composition"  kind="absolute"  method="statistical scatter"  >
            <speciesLink preferredKey="O2"     CAS="7782-44-7"  InChI="1S/O2/c1-2"            SMILES="O=O"        chemName="oxygen"          />
            <value>0.000251</value>
        </property>
        <property name="evaluated standard deviation"  sourcetype="estimated"  units="mole faction"   reference="composition"  kind="absolute"  method="statistical scatter"  >
            <speciesLink preferredKey="H2"     CAS="1333-74-0"  InChI="1S/H2/h1H"             SMILES="[HH]"       chemName="hydrogen"        />
            <value>0.000194</value>
        </property>
        <property name="evaluated standard deviation"  sourcetype="estimated"  units="mole faction"   reference="composition"  kind="absolute"  method="statistical scatter"  >
            <speciesLink preferredKey="CO"     CAS="630-08-0"   InChI="1S/CO/c1-2"            SMILES="[C-]#[O+]"  chemName="carbon monoxide" />
            <value>0.000348</value>
        </property>
        <property name="evaluated standard deviation"  sourcetype="estimated"  units="mole faction"   reference="composition"  kind="absolute"  method="statistical scatter"  >
            <speciesLink preferredKey="CO2"    CAS="124-38-9"   InChI="1S/CO2/c2-1-3"         SMILES="C(=O)=O"    chemName="carbon dioxide"  />
            <value>4.83e-5</value>
        </property>
        <property name="evaluated standard deviation"  sourcetype="estimated"  units="mole faction"   reference="composition"  kind="absolute"  method="statistical scatter"  >
            <speciesLink preferredKey="CH2O"   CAS="50-00-0"    InChI="1S/CH2O/c1-2/h1H2"     SMILES="C=O"        chemName="formaldehyde"    />
            <value>1.22e-5</value>
        </property>
        <property name="evaluated standard deviation"  sourcetype="estimated"  units="mole faction"   reference="composition"  kind="absolute"  method="statistical scatter"  >
            <speciesLink preferredKey="CH3OH"  CAS="67-56-1"    InChI="1S/CH4O/c1-2/h2H,1H3"  SMILES="CO"         chemName="methanol"        />
            <value>0.000339</value>
        </property>
        <property name="evaluated standard deviation"  sourcetype="estimated"  units="mole faction"   reference="composition"  kind="absolute"  method="statistical scatter"  >
            <speciesLink preferredKey="CH4"    CAS="74-82-8"    InChI="1S/CH4/h1H4"           SMILES="C"          chemName="methane"         />
            <value>1.18e-6</value>
        </property>
        <property name="evaluated standard deviation"  sourcetype="estimated"  units="mole faction"   reference="composition"  kind="absolute"  method="statistical scatter"  >
            <speciesLink preferredKey="C2H2"   CAS="74-86-2"    InChI="1S/C2H2/c1-2/h1-2H"    SMILES="C#C"        chemName="acetylene"       />
            <value>5.34e-8</value>
        </property>
        <property name="evaluated standard deviation"  sourcetype="reported"   units="mole faction"   reference="composition"  kind="absolute"  method="reported uncertainty" >
            <speciesLink preferredKey="C2H4"   CAS="74-85-1"    InChI="1S/C2H4/c1-2/h1-2H2"   SMILES="C=C"        chemName="ethene"          />
            <value>1.95e-8</value>
        </property>
        <property name="evaluated standard deviation"  sourcetype="estimated"  units="mole faction"   reference="composition"  kind="absolute"  method="statistical scatter"  >
            <speciesLink preferredKey="C2H6"   CAS="74-84-0"    InChI="1S/C2H6/c1-2/h1-2H3"   SMILES="CC"         chemName="ethane"          />
            <value>1e-7</value>
        </property>
    </commonProperties>
    <dataGroup id="dg1">
        <property name="temperature"  id="x1"   label="T"        sourcetype="reported"  units="K"             />
        <property name="composition"  id="x2"   label="[O2]"     sourcetype="reported"  units="mole fraction" >
            <speciesLink preferredKey="O2"     CAS="7782-44-7"  InChI="1S/O2/c1-2"            SMILES="O=O"        chemName="oxygen"          />
        </property>
        <property name="composition"  id="x3"   label="[CO]"     sourcetype="reported"  units="mole fraction" >
            <speciesLink preferredKey="CO"     CAS="630-08-0"   InChI="1S/CO/c1-2"            SMILES="[C-]#[O+]"  chemName="carbon monoxide" />
        </property>
        <property name="composition"  id="x4"   label="[CO2]"    sourcetype="reported"  units="mole fraction" >
            <speciesLink preferredKey="CO2"    CAS="124-38-9"   InChI="1S/CO2/c2-1-3"         SMILES="C(=O)=O"    chemName="carbon dioxide"  />
        </property>
        <property name="composition"  id="x5"   label="[C2H4]"   sourcetype="reported"  units="mole fraction" >
            <speciesLink preferredKey="C2H4"   CAS="74-85-1"    InChI="1S/C2H4/c1-2/h1-2H2"   SMILES="C=C"        chemName="ethene"          />
        </property>
        <property name="composition"  id="x6"   label="[C2H6]"   sourcetype="reported"  units="mole fraction" >
            <speciesLink preferredKey="C2H6"   CAS="74-84-0"    InChI="1S/C2H6/c1-2/h1-2H3"   SMILES="CC"         chemName="ethane"          />
        </property>
        <property name="composition"  id="x7"   label="[C2H2]"   sourcetype="reported"  units="mole fraction" >
            <speciesLink preferredKey="C2H2"   CAS="74-86-2"    InChI="1S/C2H2/c1-2/h1-2H"    SMILES="C#C"        chemName="acetylene"       />
        </property>
        <property name="composition"  id="x8"   label="[CH2O]"   sourcetype="reported"  units="mole fraction" >
            <speciesLink preferredKey="CH2O"   CAS="50-00-0"    InChI="1S/CH2O/c1-2/h1H2"     SMILES="C=O"        chemName="formaldehyde"    />
        </property>
        <property name="composition"  id="x9"   label="[CH3OH]"  sourcetype="reported"  units="mole fraction" >
            <speciesLink preferredKey="CH3OH"  CAS="67-56-1"    InChI="1S/CH4O/c1-2/h2H,1H3"  SMILES="CO"         chemName="methanol"        />
        </property>
        <property name="composition"  id="x10"  label="[H2]"     sourcetype="reported"  units="mole fraction" >
            <speciesLink preferredKey="H2"     CAS="1333-74-0"  InChI="1S/H2/h1H"             SMILES="[HH]"       chemName="hydrogen"        />
        </property>
        <property name="composition"  id="x11"  label="[CH4]"    sourcetype="reported"  units="mole fraction" >
            <speciesLink preferredKey="CH4"    CAS="74-82-8"    InChI="1S/CH4/h1H4"           SMILES="C"          chemName="methane"         />
        </property>

        <dataPoint><x1>0799.6</x1><x2>3.2870E-03</x2><x3>0.0000E+00</x3><x4>2.0590E-05</x4><x5>1.9948E-08</x5><x6>1.8835E-07</x6><x7>1.1854E-07</x7><x8>4.8660E-05</x8><x9>4.1430E-03</x9><x10>2.2693E-05</x10><x11>4.1977E-07</x11></dataPoint>
        <dataPoint><x1>0834.8</x1><x2>2.8952E-03</x2><x3>2.4640E-04</x3><x4>3.0496E-05</x4><x5>9.7567E-08</x5><x6>1.4702E-07</x6><x7>7.2357E-08</x7><x8>4.2049E-04</x8><x9>3.4800E-03</x9><x10>7.4460E-05</x10><x11>9.1860E-07</x11></dataPoint>
        <dataPoint><x1>0871.8</x1><x2>1.2398E-03</x2><x3>1.9626E-03</x3><x4>2.1590E-04</x4><x5>0.0000E+00</x5><x6>2.4329E-07</x6><x7>8.6214E-08</x7><x8>3.9358E-04</x8><x9>1.3153E-03</x9><x10>7.1606E-04</x10><x11>1.0798E-06</x11></dataPoint>
        <dataPoint><x1>0908.8</x1><x2>1.0293E-03</x2><x3>2.8630E-03</x3><x4>4.0394E-04</x4><x5>0.0000E+00</x5><x6>1.4105E-07</x6><x7>1.2541E-07</x7><x8>2.0420E-04</x8><x9>4.5147E-04</x9><x10>1.2294E-03</x10><x11>3.4098E-06</x11></dataPoint>
        <dataPoint><x1>0944.0</x1><x2>5.4811E-04</x2><x3>2.7322E-03</x3><x4>5.0721E-04</x4><x5>0.0000E+00</x5><x6>0.0000E+00</x6><x7>1.0640E-07</x7><x8>9.7695E-05</x8><x9>4.0486E-04</x9><x10>1.7311E-03</x10><x11>2.6890E-06</x11></dataPoint>
        <dataPoint><x1>0981.2</x1><x2>5.2509E-04</x2><x3>2.6260E-03</x3><x4>5.6525E-04</x4><x5>0.0000E+00</x5><x6>0.0000E+00</x6><x7>0.0000E+00</x7><x8>5.6311E-05</x8><x9>2.6323E-04</x9><x10>1.7192E-03</x10><x11>2.7920E-06</x11></dataPoint>
        <dataPoint><x1>1019.0</x1><x2>5.9423E-04</x2><x3>2.6384E-03</x3><x4>6.0995E-04</x4><x5>0.0000E+00</x5><x6>0.0000E+00</x6><x7>0.0000E+00</x7><x8>3.3820E-05</x8><x9>1.5066E-04</x9><x10>1.7457E-03</x10><x11>3.4950E-06</x11></dataPoint>
        <dataPoint><x1>1054.8</x1><x2>5.5494E-04</x2><x3>2.6336E-03</x3><x4>6.4612E-04</x4><x5>0.0000E+00</x5><x6>0.0000E+00</x6><x7>1.7200E-07</x7><x8>1.0491E-05</x8><x9>4.0938E-05</x9><x10>1.7831E-03</x10><x11>4.8395E-06</x11></dataPoint>
        <dataPoint><x1>1091.8</x1><x2>4.8260E-04</x2><x3>2.9147E-03</x3><x4>6.9080E-04</x4><x5>0.0000E+00</x5><x6>0.0000E+00</x6><x7>1.9760E-07</x7><x8>0.0000E+00</x8><x9>1.2829E-05</x9><x10>2.1680E-03</x10><x11>1.0677E-05</x11></dataPoint>
        <dataPoint><x1>1126.3</x1><x2>2.9390E-04</x2><x3>2.7114E-03</x3><x4>7.8289E-04</x4><x5>0.0000E+00</x5><x6>0.0000E+00</x6><x7>2.7038E-07</x7><x8>0.0000E+00</x8><x9>3.9718E-06</x9><x10>2.0330E-03</x10><x11>1.2447E-05</x11></dataPoint>
        <dataPoint><x1>1165.2</x1><x2>1.6011E-04</x2><x3>2.5362E-03</x3><x4>8.5775E-04</x4><x5>0.0000E+00</x5><x6>0.0000E+00</x6><x7>4.8877E-07</x7><x8>0.0000E+00</x8><x9>1.5294E-06</x9><x10>1.9720E-03</x10><x11>1.6204E-05</x11></dataPoint>
        <dataPoint><x1>1199.7</x1><x2>1.7405E-04</x2><x3>2.6590E-03</x3><x4>9.2075E-04</x4><x5>0.0000E+00</x5><x6>9.6997E-07</x6><x7>5.8385E-07</x7><x8>0.0000E+00</x8><x9>2.0877E-06</x9><x10>2.2725E-03</x10><x11>1.9883E-05</x11></dataPoint>
    </dataGroup>
</experiment>
