<experiment>
    <fileAuthor>Chemical Kinetics Laboratory, Institute of Chemistry, ELTE, Budapest, Hungary</fileAuthor>
    <fileDOI>10.24388/x00002020</fileDOI>
    <fileVersion>
        <major>1</major>
        <minor>0</minor>
    </fileVersion>
    <ReSpecThVersion>
        <major>2</major>
        <minor>3</minor>
    </ReSpecThVersion>
    <firstPublicationDate>2016-12-05</firstPublicationDate>
    <lastModificationDate>2020-11-18</lastModificationDate>
    <bibliographyLink>
        <description>U. Burke, W.K. Metcalfe, S.M. Burke, K.A. Heufer, P. Dagaut, H.J. Curran, Combust. Flame 165 (2016), 125-136</description>
        <referenceDOI>10.1016/j.combustflame.2015.11.004</referenceDOI>
        <location>Main article, raw data obtained from the authors</location>
        <figure>Fig. 20</figure>
        <details>
            <author>Burke, Ultan and Metcalfe, Wayne K and Burke, Sin{\'{e}}ad M and Heufer, K Alexander and Dagaut, Philippe and Curran, Henry J</author>
            <journal>Combust Flame</journal>
            <pages>125--136</pages>
            <title>A detailed chemical kinetic modeling, ignition delay time and jet-stirred reactor study of methanol oxidation</title>
            <volume>165</volume>
            <year>2016</year>
        </details>
    </bibliographyLink>
    <experimentType>jet stirred reactor measurement</experimentType>
    <apparatus>
        <kind>stirred reactor</kind>
    </apparatus>
    <commonProperties>
        <property name="pressure"                      label="P"    sourcetype="reported"   units="atm"           ><value>0020</value></property>
        <property name="volume"                        label="V"    sourcetype="reported"   units="cm3"           ><value>0035</value></property>
        <property name="residence time"                label="tau"  sourcetype="reported"   units="ms"            ><value>1000</value></property>
        <property name="initial composition"           sourcetype="reported"  >
            <component><speciesLink preferredKey="CH3OH"  CAS="67-56-1"    InChI="1S/CH4O/c1-2/h2H,1H3"  SMILES="CO"   chemName="methanol" /><amount units="mole fraction" >0.002</amount></component>
            <component><speciesLink preferredKey="O2"     CAS="7782-44-7"  InChI="1S/O2/c1-2"            SMILES="O=O"  chemName="oxygen"   /><amount units="mole fraction" >0.015</amount></component>
            <component><speciesLink preferredKey="N2"     CAS="7727-37-9"  InChI="1S/N2/c1-2"            SMILES="N#N"  chemName="nitrogen" /><amount units="mole fraction" >0.983</amount></component>
        </property>
        <property name="evaluated standard deviation"  sourcetype="estimated"  units="mole faction"   reference="composition"  kind="absolute"  method="statistical scatter" >
            <speciesLink preferredKey="O2"     CAS="7782-44-7"  InChI="1S/O2/c1-2"            SMILES="O=O"        chemName="oxygen"          />
            <value>0.000169</value>
        </property>
        <property name="evaluated standard deviation"  sourcetype="estimated"  units="mole faction"   reference="composition"  kind="absolute"  method="statistical scatter" >
            <speciesLink preferredKey="H2"     CAS="1333-74-0"  InChI="1S/H2/h1H"             SMILES="[HH]"       chemName="hydrogen"        />
            <value>1.3e-5</value>
        </property>
        <property name="evaluated standard deviation"  sourcetype="estimated"  units="mole faction"   reference="composition"  kind="absolute"  method="statistical scatter" >
            <speciesLink preferredKey="CO"     CAS="630-08-0"   InChI="1S/CO/c1-2"            SMILES="[C-]#[O+]"  chemName="carbon monoxide" />
            <value>0.000118</value>
        </property>
        <property name="evaluated standard deviation"  sourcetype="estimated"  units="mole faction"   reference="composition"  kind="absolute"  method="statistical scatter" >
            <speciesLink preferredKey="CO2"    CAS="124-38-9"   InChI="1S/CO2/c2-1-3"         SMILES="C(=O)=O"    chemName="carbon dioxide"  />
            <value>0.000117</value>
        </property>
        <property name="evaluated standard deviation"  sourcetype="estimated"  units="mole faction"   reference="composition"  kind="absolute"  method="statistical scatter" >
            <speciesLink preferredKey="CH2O"   CAS="50-00-0"    InChI="1S/CH2O/c1-2/h1H2"     SMILES="C=O"        chemName="formaldehyde"    />
            <value>4.26e-5</value>
        </property>
        <property name="evaluated standard deviation"  sourcetype="estimated"  units="mole faction"   reference="composition"  kind="absolute"  method="statistical scatter" >
            <speciesLink preferredKey="CH3OH"  CAS="67-56-1"    InChI="1S/CH4O/c1-2/h2H,1H3"  SMILES="CO"         chemName="methanol"        />
            <value>7.15e-5</value>
        </property>
        <property name="evaluated standard deviation"  sourcetype="estimated"  units="mole faction"   reference="composition"  kind="absolute"  method="statistical scatter" >
            <speciesLink preferredKey="CH4"    CAS="74-82-8"    InChI="1S/CH4/h1H4"           SMILES="C"          chemName="methane"         />
            <value>4.29e-7</value>
        </property>
        <property name="evaluated standard deviation"  sourcetype="estimated"  units="mole faction"   reference="composition"  kind="absolute"  method="generic uncertainty" >
            <speciesLink preferredKey="C2H2"   CAS="74-86-2"    InChI="1S/C2H2/c1-2/h1-2H"    SMILES="C#C"        chemName="acetylene"       />
            <value>1e-7</value>
        </property>
        <property name="evaluated standard deviation"  sourcetype="estimated"  units="mole faction"   reference="composition"  kind="absolute"  method="generic uncertainty" >
            <speciesLink preferredKey="C2H4"   CAS="74-85-1"    InChI="1S/C2H4/c1-2/h1-2H2"   SMILES="C=C"        chemName="ethene"          />
            <value>1e-7</value>
        </property>
        <property name="evaluated standard deviation"  sourcetype="estimated"  units="mole faction"   reference="composition"  kind="absolute"  method="generic uncertainty" >
            <speciesLink preferredKey="C2H6"   CAS="74-84-0"    InChI="1S/C2H6/c1-2/h1-2H3"   SMILES="CC"         chemName="ethane"          />
            <value>1e-7</value>
        </property>
    </commonProperties>
    <dataGroup id="dg1">
        <property name="temperature"  id="x1"   label="T"        sourcetype="reported"  units="K"             />
        <property name="composition"  id="x2"   label="[O2]"     sourcetype="reported"  units="mole fraction" >
            <speciesLink preferredKey="O2"     CAS="7782-44-7"  InChI="1S/O2/c1-2"            SMILES="O=O"        chemName="oxygen"          />
        </property>
        <property name="composition"  id="x3"   label="[CO]"     sourcetype="reported"  units="mole fraction" >
            <speciesLink preferredKey="CO"     CAS="630-08-0"   InChI="1S/CO/c1-2"            SMILES="[C-]#[O+]"  chemName="carbon monoxide" />
        </property>
        <property name="composition"  id="x4"   label="[CO2]"    sourcetype="reported"  units="mole fraction" >
            <speciesLink preferredKey="CO2"    CAS="124-38-9"   InChI="1S/CO2/c2-1-3"         SMILES="C(=O)=O"    chemName="carbon dioxide"  />
        </property>
        <property name="composition"  id="x5"   label="[C2H4]"   sourcetype="reported"  units="mole fraction" >
            <speciesLink preferredKey="C2H4"   CAS="74-85-1"    InChI="1S/C2H4/c1-2/h1-2H2"   SMILES="C=C"        chemName="ethene"          />
        </property>
        <property name="composition"  id="x6"   label="[C2H6]"   sourcetype="reported"  units="mole fraction" >
            <speciesLink preferredKey="C2H6"   CAS="74-84-0"    InChI="1S/C2H6/c1-2/h1-2H3"   SMILES="CC"         chemName="ethane"          />
        </property>
        <property name="composition"  id="x7"   label="[C2H2]"   sourcetype="reported"  units="mole fraction" >
            <speciesLink preferredKey="C2H2"   CAS="74-86-2"    InChI="1S/C2H2/c1-2/h1-2H"    SMILES="C#C"        chemName="acetylene"       />
        </property>
        <property name="composition"  id="x8"   label="[CH2O]"   sourcetype="reported"  units="mole fraction" >
            <speciesLink preferredKey="CH2O"   CAS="50-00-0"    InChI="1S/CH2O/c1-2/h1H2"     SMILES="C=O"        chemName="formaldehyde"    />
        </property>
        <property name="composition"  id="x9"   label="[CH3OH]"  sourcetype="reported"  units="mole fraction" >
            <speciesLink preferredKey="CH3OH"  CAS="67-56-1"    InChI="1S/CH4O/c1-2/h2H,1H3"  SMILES="CO"         chemName="methanol"        />
        </property>
        <property name="composition"  id="x10"  label="[H2]"     sourcetype="reported"  units="mole fraction" >
            <speciesLink preferredKey="H2"     CAS="1333-74-0"  InChI="1S/H2/h1H"             SMILES="[HH]"       chemName="hydrogen"        />
        </property>
        <property name="composition"  id="x11"  label="[CH4]"    sourcetype="reported"  units="mole fraction" >
            <speciesLink preferredKey="CH4"    CAS="74-82-8"    InChI="1S/CH4/h1H4"           SMILES="C"          chemName="methane"         />
        </property>

        <dataPoint><x1>0796.9</x1><x2>1.2783E-02</x2><x3>3.2400E-06</x3><x4>2.5850E-06</x4><x5>0.0000E+00</x5><x6>0.0000E+00</x6><x7>0.0000E+00</x7><x8>6.3840E-05</x8><x9>2.4350E-03</x9><x10>0.0000E+00</x10><x11>5.3200E-07</x11></dataPoint>
        <dataPoint><x1>0832.1</x1><x2>1.1885E-02</x2><x3>8.2690E-04</x3><x4>1.0410E-04</x4><x5>0.0000E+00</x5><x6>0.0000E+00</x6><x7>0.0000E+00</x7><x8>3.0670E-04</x8><x9>8.9540E-04</x9><x10>2.0200E-05</x10><x11>6.7400E-07</x11></dataPoint>
        <dataPoint><x1>0864.5</x1><x2>1.1029E-02</x2><x3>1.3310E-03</x3><x4>3.2560E-04</x4><x5>0.0000E+00</x5><x6>0.0000E+00</x6><x7>0.0000E+00</x7><x8>1.7950E-04</x8><x9>5.2250E-04</x9><x10>2.3900E-05</x10><x11>8.4200E-07</x11></dataPoint>
        <dataPoint><x1>0894.9</x1><x2>1.1280E-02</x2><x3>1.4500E-03</x3><x4>5.4820E-04</x4><x5>0.0000E+00</x5><x6>0.0000E+00</x6><x7>0.0000E+00</x7><x8>7.2740E-05</x8><x9>1.0670E-04</x9><x10>1.9500E-05</x10><x11>1.1000E-06</x11></dataPoint>
        <dataPoint><x1>0927.5</x1><x2>1.1300E-02</x2><x3>1.2260E-03</x3><x4>8.8410E-04</x4><x5>0.0000E+00</x5><x6>0.0000E+00</x6><x7>0.0000E+00</x7><x8>2.7760E-05</x8><x9>5.7840E-05</x9><x10>1.3100E-05</x10><x11>1.2700E-06</x11></dataPoint>
        <dataPoint><x1>0963.1</x1><x2>1.1373E-02</x2><x3>1.0680E-03</x3><x4>9.4750E-04</x4><x5>0.0000E+00</x5><x6>0.0000E+00</x6><x7>0.0000E+00</x7><x8>1.3730E-05</x8><x9>2.6240E-05</x9><x10>1.9600E-05</x10><x11>4.2400E-07</x11></dataPoint>
        <dataPoint><x1>0992.2</x1><x2>1.1233E-02</x2><x3>1.2180E-03</x3><x4>9.3700E-04</x4><x5>0.0000E+00</x5><x6>0.0000E+00</x6><x7>0.0000E+00</x7><x8>5.0400E-06</x8><x9>1.3270E-05</x9><x10>4.9600E-05</x10><x11>6.0600E-07</x11></dataPoint>
        <dataPoint><x1>1023.3</x1><x2>1.1340E-02</x2><x3>1.2740E-03</x3><x4>9.0340E-04</x4><x5>0.0000E+00</x5><x6>0.0000E+00</x6><x7>0.0000E+00</x7><x8>3.6190E-06</x8><x9>7.7080E-06</x9><x10>6.1800E-05</x10><x11>7.5800E-07</x11></dataPoint>
        <dataPoint><x1>1055.1</x1><x2>1.1317E-02</x2><x3>1.1790E-03</x3><x4>9.9700E-04</x4><x5>0.0000E+00</x5><x6>0.0000E+00</x6><x7>0.0000E+00</x7><x8>0.0000E+00</x8><x9>3.8400E-06</x9><x10>4.4500E-05</x10><x11>1.3500E-06</x11></dataPoint>
        <dataPoint><x1>1086.1</x1><x2>1.1460E-02</x2><x3>1.0430E-03</x3><x4>1.1350E-03</x4><x5>0.0000E+00</x5><x6>0.0000E+00</x6><x7>0.0000E+00</x7><x8>0.0000E+00</x8><x9>2.3280E-06</x9><x10>3.0100E-05</x10><x11>1.2500E-06</x11></dataPoint>
        <dataPoint><x1>1116.2</x1><x2>1.1040E-02</x2><x3>7.4620E-04</x3><x4>1.4260E-03</x4><x5>0.0000E+00</x5><x6>0.0000E+00</x6><x7>0.0000E+00</x7><x8>0.0000E+00</x8><x9>2.4690E-06</x9><x10>1.2000E-05</x10><x11>0.0000E+00</x11></dataPoint>
        <dataPoint><x1>1147.6</x1><x2>1.0818E-02</x2><x3>4.9910E-04</x3><x4>1.7000E-03</x4><x5>0.0000E+00</x5><x6>0.0000E+00</x6><x7>0.0000E+00</x7><x8>0.0000E+00</x8><x9>2.3360E-06</x9><x10>6.4080E-06</x10><x11>0.0000E+00</x11></dataPoint>
    </dataGroup>
</experiment>
