<experiment>
    <fileAuthor>Chemical Kinetics Laboratory, Institute of Chemistry, ELTE, Budapest, Hungary</fileAuthor>
    <fileDOI>10.24388/x00002022</fileDOI>
    <fileVersion>
        <major>1</major>
        <minor>0</minor>
    </fileVersion>
    <ReSpecThVersion>
        <major>2</major>
        <minor>3</minor>
    </ReSpecThVersion>
    <firstPublicationDate>2016-12-05</firstPublicationDate>
    <lastModificationDate>2020-11-18</lastModificationDate>
    <bibliographyLink>
        <description>U. Burke, W.K. Metcalfe, S.M. Burke, K.A. Heufer, P. Dagaut, H.J. Curran, Combust. Flame 165 (2016), 125-136</description>
        <referenceDOI>10.1016/j.combustflame.2015.11.004</referenceDOI>
        <location>Main article, raw data obtained from the authors</location>
        <figure>Fig. 22</figure>
        <details>
            <author>Burke, Ultan and Metcalfe, Wayne K and Burke, Sin{\'{e}}ad M and Heufer, K Alexander and Dagaut, Philippe and Curran, Henry J</author>
            <journal>Combust Flame</journal>
            <pages>125--136</pages>
            <title>A detailed chemical kinetic modeling, ignition delay time and jet-stirred reactor study of methanol oxidation</title>
            <volume>165</volume>
            <year>2016</year>
        </details>
    </bibliographyLink>
    <experimentType>jet stirred reactor measurement</experimentType>
    <apparatus>
        <kind>stirred reactor</kind>
    </apparatus>
    <commonProperties>
        <property name="pressure"                      label="P"    sourcetype="reported"   units="atm"           ><value>0020</value></property>
        <property name="volume"                        label="V"    sourcetype="reported"   units="cm3"           ><value>0035</value></property>
        <property name="residence time"                label="tau"  sourcetype="reported"   units="ms"            ><value>1000</value></property>
        <property name="initial composition"           sourcetype="reported"  >
            <component><speciesLink preferredKey="CH3OH"  CAS="67-56-1"    InChI="1S/CH4O/c1-2/h2H,1H3"  SMILES="CO"   chemName="methanol" /><amount units="mole fraction" >0.002</amount></component>
            <component><speciesLink preferredKey="O2"     CAS="7782-44-7"  InChI="1S/O2/c1-2"            SMILES="O=O"  chemName="oxygen"   /><amount units="mole fraction" >0.003</amount></component>
            <component><speciesLink preferredKey="N2"     CAS="7727-37-9"  InChI="1S/N2/c1-2"            SMILES="N#N"  chemName="nitrogen" /><amount units="mole fraction" >0.995</amount></component>
        </property>
        <property name="evaluated standard deviation"  sourcetype="estimated"  units="mole faction"   reference="composition"  kind="absolute"  method="statistical scatter" >
            <speciesLink preferredKey="O2"     CAS="7782-44-7"  InChI="1S/O2/c1-2"            SMILES="O=O"        chemName="oxygen"          />
            <value>5.39e-5</value>
        </property>
        <property name="evaluated standard deviation"  sourcetype="estimated"  units="mole faction"   reference="composition"  kind="absolute"  method="statistical scatter" >
            <speciesLink preferredKey="H2"     CAS="1333-74-0"  InChI="1S/H2/h1H"             SMILES="[HH]"       chemName="hydrogen"        />
            <value>4.59e-5</value>
        </property>
        <property name="evaluated standard deviation"  sourcetype="estimated"  units="mole faction"   reference="composition"  kind="absolute"  method="statistical scatter" >
            <speciesLink preferredKey="CO"     CAS="630-08-0"   InChI="1S/CO/c1-2"            SMILES="[C-]#[O+]"  chemName="carbon monoxide" />
            <value>7.31e-5</value>
        </property>
        <property name="evaluated standard deviation"  sourcetype="estimated"  units="mole faction"   reference="composition"  kind="absolute"  method="generic uncertainty" >
            <speciesLink preferredKey="CO2"    CAS="124-38-9"   InChI="1S/CO2/c2-1-3"         SMILES="C(=O)=O"    chemName="carbon dioxide"  />
            <value>1.09e-5</value>
        </property>
        <property name="evaluated standard deviation"  sourcetype="estimated"  units="mole faction"   reference="composition"  kind="absolute"  method="statistical scatter" >
            <speciesLink preferredKey="CH2O"   CAS="50-00-0"    InChI="1S/CH2O/c1-2/h1H2"     SMILES="C=O"        chemName="formaldehyde"    />
            <value>4.93e-5</value>
        </property>
        <property name="evaluated standard deviation"  sourcetype="estimated"  units="mole faction"   reference="composition"  kind="absolute"  method="statistical scatter" >
            <speciesLink preferredKey="CH3OH"  CAS="67-56-1"    InChI="1S/CH4O/c1-2/h2H,1H3"  SMILES="CO"         chemName="methanol"        />
            <value>4.18e-5</value>
        </property>
        <property name="evaluated standard deviation"  sourcetype="estimated"  units="mole faction"   reference="composition"  kind="absolute"  method="statistical scatter" >
            <speciesLink preferredKey="CH4"    CAS="74-82-8"    InChI="1S/CH4/h1H4"           SMILES="C"          chemName="methane"         />
            <value>3.93e-7</value>
        </property>
        <property name="evaluated standard deviation"  sourcetype="estimated"  units="mole faction"   reference="composition"  kind="absolute"  method="generic uncertainty" >
            <speciesLink preferredKey="C2H2"   CAS="74-86-2"    InChI="1S/C2H2/c1-2/h1-2H"    SMILES="C#C"        chemName="acetylene"       />
            <value>1e-7</value>
        </property>
        <property name="evaluated standard deviation"  sourcetype="estimated"  units="mole faction"   reference="composition"  kind="absolute"  method="generic uncertainty" >
            <speciesLink preferredKey="C2H4"   CAS="74-85-1"    InChI="1S/C2H4/c1-2/h1-2H2"   SMILES="C=C"        chemName="ethene"          />
            <value>1e-7</value>
        </property>
        <property name="evaluated standard deviation"  sourcetype="estimated"  units="mole faction"   reference="composition"  kind="absolute"  method="generic uncertainty" >
            <speciesLink preferredKey="C2H6"   CAS="74-84-0"    InChI="1S/C2H6/c1-2/h1-2H3"   SMILES="CC"         chemName="ethane"          />
            <value>1e-7</value>
        </property>
    </commonProperties>
    <dataGroup id="dg1">
        <property name="temperature"  id="x1"   label="T"        sourcetype="reported"  units="K"             />
        <property name="composition"  id="x2"   label="[O2]"     sourcetype="reported"  units="mole fraction" >
            <speciesLink preferredKey="O2"     CAS="7782-44-7"  InChI="1S/O2/c1-2"            SMILES="O=O"        chemName="oxygen"          />
        </property>
        <property name="composition"  id="x3"   label="[CO]"     sourcetype="reported"  units="mole fraction" >
            <speciesLink preferredKey="CO"     CAS="630-08-0"   InChI="1S/CO/c1-2"            SMILES="[C-]#[O+]"  chemName="carbon monoxide" />
        </property>
        <property name="composition"  id="x4"   label="[CO2]"    sourcetype="reported"  units="mole fraction" >
            <speciesLink preferredKey="CO2"    CAS="124-38-9"   InChI="1S/CO2/c2-1-3"         SMILES="C(=O)=O"    chemName="carbon dioxide"  />
        </property>
        <property name="composition"  id="x5"   label="[C2H4]"   sourcetype="reported"  units="mole fraction" >
            <speciesLink preferredKey="C2H4"   CAS="74-85-1"    InChI="1S/C2H4/c1-2/h1-2H2"   SMILES="C=C"        chemName="ethene"          />
        </property>
        <property name="composition"  id="x6"   label="[C2H6]"   sourcetype="reported"  units="mole fraction" >
            <speciesLink preferredKey="C2H6"   CAS="74-84-0"    InChI="1S/C2H6/c1-2/h1-2H3"   SMILES="CC"         chemName="ethane"          />
        </property>
        <property name="composition"  id="x7"   label="[C2H2]"   sourcetype="reported"  units="mole fraction" >
            <speciesLink preferredKey="C2H2"   CAS="74-86-2"    InChI="1S/C2H2/c1-2/h1-2H"    SMILES="C#C"        chemName="acetylene"       />
        </property>
        <property name="composition"  id="x8"   label="[CH2O]"   sourcetype="reported"  units="mole fraction" >
            <speciesLink preferredKey="CH2O"   CAS="50-00-0"    InChI="1S/CH2O/c1-2/h1H2"     SMILES="C=O"        chemName="formaldehyde"    />
        </property>
        <property name="composition"  id="x9"   label="[CH3OH]"  sourcetype="reported"  units="mole fraction" >
            <speciesLink preferredKey="CH3OH"  CAS="67-56-1"    InChI="1S/CH4O/c1-2/h2H,1H3"  SMILES="CO"         chemName="methanol"        />
        </property>
        <property name="composition"  id="x10"  label="[H2]"     sourcetype="reported"  units="mole fraction" >
            <speciesLink preferredKey="H2"     CAS="1333-74-0"  InChI="1S/H2/h1H"             SMILES="[HH]"       chemName="hydrogen"        />
        </property>
        <property name="composition"  id="x11"  label="[CH4]"    sourcetype="reported"  units="mole fraction" >
            <speciesLink preferredKey="CH4"    CAS="74-82-8"    InChI="1S/CH4/h1H4"           SMILES="C"          chemName="methane"         />
        </property>

        <dataPoint><x1>0801.8</x1><x2>2.6890E-03</x2><x3>2.0953E-04</x3><x4>1.2600E-05</x4><x5>0.0000E+00</x5><x6>0.0000E+00</x6><x7>0.0000E+00</x7><x8>3.2918E-04</x8><x9>2.2852E-03</x9><x10>3.1340E-04</x10><x11>4.0400E-07</x11></dataPoint>
        <dataPoint><x1>0833.6</x1><x2>1.6417E-03</x2><x3>1.2409E-03</x3><x4>1.2386E-04</x4><x5>0.0000E+00</x5><x6>0.0000E+00</x6><x7>0.0000E+00</x7><x8>3.6275E-04</x8><x9>1.0525E-03</x9><x10>2.1720E-04</x10><x11>0.0000E+00</x11></dataPoint>
        <dataPoint><x1>0865.0</x1><x2>9.8800E-04</x2><x3>1.7824E-03</x3><x4>3.5082E-04</x4><x5>0.0000E+00</x5><x6>0.0000E+00</x6><x7>0.0000E+00</x7><x8>1.2145E-04</x8><x9>4.6031E-04</x9><x10>4.5480E-04</x10><x11>9.1300E-07</x11></dataPoint>
        <dataPoint><x1>0896.5</x1><x2>7.8140E-04</x2><x3>1.7986E-03</x3><x4>5.1728E-04</x4><x5>0.0000E+00</x5><x6>0.0000E+00</x6><x7>0.0000E+00</x7><x8>1.1340E-04</x8><x9>2.2369E-04</x9><x10>6.3000E-04</x10><x11>9.2600E-07</x11></dataPoint>
        <dataPoint><x1>0928.9</x1><x2>6.7780E-04</x2><x3>1.7326E-03</x3><x4>5.8950E-04</x4><x5>0.0000E+00</x5><x6>0.0000E+00</x6><x7>0.0000E+00</x7><x8>3.6090E-05</x8><x9>1.4048E-04</x9><x10>6.4610E-04</x10><x11>1.2400E-06</x11></dataPoint>
        <dataPoint><x1>0960.2</x1><x2>6.5563E-04</x2><x3>1.7233E-03</x3><x4>6.3212E-04</x4><x5>0.0000E+00</x5><x6>0.0000E+00</x6><x7>0.0000E+00</x7><x8>2.2004E-05</x8><x9>7.4000E-05</x9><x10>7.0010E-04</x10><x11>1.0400E-06</x11></dataPoint>
        <dataPoint><x1>0993.0</x1><x2>6.2830E-04</x2><x3>1.7179E-03</x3><x4>6.2730E-04</x4><x5>0.0000E+00</x5><x6>0.0000E+00</x6><x7>0.0000E+00</x7><x8>2.3900E-05</x8><x9>3.3495E-05</x9><x10>6.9490E-04</x10><x11>2.7100E-06</x11></dataPoint>
        <dataPoint><x1>1024.4</x1><x2>7.1131E-04</x2><x3>1.5873E-03</x3><x4>6.7427E-04</x4><x5>0.0000E+00</x5><x6>0.0000E+00</x6><x7>0.0000E+00</x7><x8>3.7144E-06</x8><x9>1.6551E-05</x9><x10>5.8140E-04</x10><x11>2.5300E-06</x11></dataPoint>
        <dataPoint><x1>1056.7</x1><x2>6.8869E-04</x2><x3>1.5076E-03</x3><x4>7.2800E-04</x4><x5>0.0000E+00</x5><x6>0.0000E+00</x6><x7>0.0000E+00</x7><x8>0.0000E+00</x8><x9>6.5759E-06</x9><x10>5.2180E-04</x10><x11>3.1600E-06</x11></dataPoint>
        <dataPoint><x1>1088.5</x1><x2>6.9000E-04</x2><x3>1.3110E-03</x3><x4>7.6760E-04</x4><x5>0.0000E+00</x5><x6>0.0000E+00</x6><x7>0.0000E+00</x7><x8>0.0000E+00</x8><x9>2.4096E-06</x9><x10>5.0480E-04</x10><x11>3.7700E-06</x11></dataPoint>
        <dataPoint><x1>1119.0</x1><x2>6.9110E-04</x2><x3>1.2410E-03</x3><x4>9.5180E-04</x4><x5>0.0000E+00</x5><x6>0.0000E+00</x6><x7>0.0000E+00</x7><x8>0.0000E+00</x8><x9>3.0750E-06</x9><x10>4.0110E-04</x10><x11>3.2300E-06</x11></dataPoint>
        <dataPoint><x1>1151.6</x1><x2>4.7350E-04</x2><x3>1.0028E-03</x3><x4>1.0923E-03</x4><x5>0.0000E+00</x5><x6>0.0000E+00</x6><x7>0.0000E+00</x7><x8>0.0000E+00</x8><x9>2.2163E-06</x9><x10>3.3950E-04</x10><x11>3.4800E-06</x11></dataPoint>
    </dataGroup>
</experiment>
