<experiment>
    <fileAuthor>Chemical Kinetics Laboratory, Institute of Chemistry, ELTE, Budapest, Hungary</fileAuthor>
    <fileDOI>10.24388/x00002017</fileDOI>
    <fileVersion>
        <major>1</major>
        <minor>0</minor>
    </fileVersion>
    <ReSpecThVersion>
        <major>2</major>
        <minor>3</minor>
    </ReSpecThVersion>
    <firstPublicationDate>2016-12-05</firstPublicationDate>
    <lastModificationDate>2020-11-18</lastModificationDate>
    <bibliographyLink>
        <description>U. Burke, W.K. Metcalfe, S.M. Burke, K.A. Heufer, P. Dagaut, H.J. Curran, Combust. Flame 165 (2016), 125-136</description>
        <referenceDOI>10.1016/j.combustflame.2015.11.004</referenceDOI>
        <location>Main article, raw data obtained from the authors</location>
        <figure>Fig. 17</figure>
        <details>
            <author>Burke, Ultan and Metcalfe, Wayne K and Burke, Sin{\'{e}}ad M and Heufer, K Alexander and Dagaut, Philippe and Curran, Henry J</author>
            <journal>Combust Flame</journal>
            <pages>125--136</pages>
            <title>A detailed chemical kinetic modeling, ignition delay time and jet-stirred reactor study of methanol oxidation</title>
            <volume>165</volume>
            <year>2016</year>
        </details>
    </bibliographyLink>
    <experimentType>jet stirred reactor measurement</experimentType>
    <apparatus>
        <kind>stirred reactor</kind>
    </apparatus>
    <commonProperties>
        <property name="pressure"                      label="P"    sourcetype="reported"   units="atm"           ><value>0010</value></property>
        <property name="volume"                        label="V"    sourcetype="reported"   units="cm3"           ><value>0035</value></property>
        <property name="residence time"                label="tau"  sourcetype="reported"   units="ms"            ><value>0500</value></property>
        <property name="initial composition"           sourcetype="reported"  >
            <component><speciesLink preferredKey="CH3OH"  CAS="67-56-1"    InChI="1S/CH4O/c1-2/h2H,1H3"  SMILES="CO"   chemName="methanol" /><amount units="mole fraction" >0.002</amount></component>
            <component><speciesLink preferredKey="O2"     CAS="7782-44-7"  InChI="1S/O2/c1-2"            SMILES="O=O"  chemName="oxygen"   /><amount units="mole fraction" >0.015</amount></component>
            <component><speciesLink preferredKey="N2"     CAS="7727-37-9"  InChI="1S/N2/c1-2"            SMILES="N#N"  chemName="nitrogen" /><amount units="mole fraction" >0.983</amount></component>
        </property>
        <property name="evaluated standard deviation"  sourcetype="estimated"  units="mole faction"   reference="composition"  kind="absolute"  method="statistical scatter"  >
            <speciesLink preferredKey="O2"     CAS="7782-44-7"  InChI="1S/O2/c1-2"            SMILES="O=O"        chemName="oxygen"          />
            <value>0.00221</value>
        </property>
        <property name="evaluated standard deviation"  sourcetype="estimated"  units="mole faction"   reference="composition"  kind="absolute"  method="generic uncertainty"  >
            <speciesLink preferredKey="H2"     CAS="1333-74-0"  InChI="1S/H2/h1H"             SMILES="[HH]"       chemName="hydrogen"        />
            <value>0.00202</value>
        </property>
        <property name="evaluated standard deviation"  sourcetype="estimated"  units="mole faction"   reference="composition"  kind="absolute"  method="statistical scatter"  >
            <speciesLink preferredKey="CO"     CAS="630-08-0"   InChI="1S/CO/c1-2"            SMILES="[C-]#[O+]"  chemName="carbon monoxide" />
            <value>4.01e-5</value>
        </property>
        <property name="evaluated standard deviation"  sourcetype="estimated"  units="mole faction"   reference="composition"  kind="absolute"  method="statistical scatter"  >
            <speciesLink preferredKey="CO2"    CAS="124-38-9"   InChI="1S/CO2/c2-1-3"         SMILES="C(=O)=O"    chemName="carbon dioxide"  />
            <value>2.61e-5</value>
        </property>
        <property name="evaluated standard deviation"  sourcetype="estimated"  units="mole faction"   reference="composition"  kind="absolute"  method="statistical scatter"  >
            <speciesLink preferredKey="CH2O"   CAS="50-00-0"    InChI="1S/CH2O/c1-2/h1H2"     SMILES="C=O"        chemName="formaldehyde"    />
            <value>4.84e-5</value>
        </property>
        <property name="evaluated standard deviation"  sourcetype="estimated"  units="mole faction"   reference="composition"  kind="absolute"  method="statistical scatter"  >
            <speciesLink preferredKey="CH3OH"  CAS="67-56-1"    InChI="1S/CH4O/c1-2/h2H,1H3"  SMILES="CO"         chemName="methanol"        />
            <value>0.000138</value>
        </property>
        <property name="evaluated standard deviation"  sourcetype="reported"   units="mole faction"   reference="composition"  kind="absolute"  method="reported uncertainty" >
            <speciesLink preferredKey="CH4"    CAS="74-82-8"    InChI="1S/CH4/h1H4"           SMILES="C"          chemName="methane"         />
            <value>2.52e-7</value>
        </property>
        <property name="evaluated standard deviation"  sourcetype="reported"   units="mole faction"   reference="composition"  kind="absolute"  method="reported uncertainty" >
            <speciesLink preferredKey="C2H2"   CAS="74-86-2"    InChI="1S/C2H2/c1-2/h1-2H"    SMILES="C#C"        chemName="acetylene"       />
            <value>3e-8</value>
        </property>
        <property name="evaluated standard deviation"  sourcetype="reported"   units="mole faction"   reference="composition"  kind="absolute"  method="reported uncertainty" >
            <speciesLink preferredKey="C2H4"   CAS="74-85-1"    InChI="1S/C2H4/c1-2/h1-2H2"   SMILES="C=C"        chemName="ethene"          />
            <value>4.83e-8</value>
        </property>
        <property name="evaluated standard deviation"  sourcetype="reported"   units="mole faction"   reference="composition"  kind="absolute"  method="reported uncertainty" >
            <speciesLink preferredKey="C2H6"   CAS="74-84-0"    InChI="1S/C2H6/c1-2/h1-2H3"   SMILES="CC"         chemName="ethane"          />
            <value>5.02e-8</value>
        </property>
    </commonProperties>
    <dataGroup id="dg1">
        <property name="temperature"  id="x1"   label="T"        sourcetype="reported"  units="K"             />
        <property name="composition"  id="x2"   label="[O2]"     sourcetype="reported"  units="mole fraction" >
            <speciesLink preferredKey="O2"     CAS="7782-44-7"  InChI="1S/O2/c1-2"            SMILES="O=O"        chemName="oxygen"          />
        </property>
        <property name="composition"  id="x3"   label="[CO]"     sourcetype="reported"  units="mole fraction" >
            <speciesLink preferredKey="CO"     CAS="630-08-0"   InChI="1S/CO/c1-2"            SMILES="[C-]#[O+]"  chemName="carbon monoxide" />
        </property>
        <property name="composition"  id="x4"   label="[CO2]"    sourcetype="reported"  units="mole fraction" >
            <speciesLink preferredKey="CO2"    CAS="124-38-9"   InChI="1S/CO2/c2-1-3"         SMILES="C(=O)=O"    chemName="carbon dioxide"  />
        </property>
        <property name="composition"  id="x5"   label="[C2H4]"   sourcetype="reported"  units="mole fraction" >
            <speciesLink preferredKey="C2H4"   CAS="74-85-1"    InChI="1S/C2H4/c1-2/h1-2H2"   SMILES="C=C"        chemName="ethene"          />
        </property>
        <property name="composition"  id="x6"   label="[C2H6]"   sourcetype="reported"  units="mole fraction" >
            <speciesLink preferredKey="C2H6"   CAS="74-84-0"    InChI="1S/C2H6/c1-2/h1-2H3"   SMILES="CC"         chemName="ethane"          />
        </property>
        <property name="composition"  id="x7"   label="[C2H2]"   sourcetype="reported"  units="mole fraction" >
            <speciesLink preferredKey="C2H2"   CAS="74-86-2"    InChI="1S/C2H2/c1-2/h1-2H"    SMILES="C#C"        chemName="acetylene"       />
        </property>
        <property name="composition"  id="x8"   label="[CH2O]"   sourcetype="reported"  units="mole fraction" >
            <speciesLink preferredKey="CH2O"   CAS="50-00-0"    InChI="1S/CH2O/c1-2/h1H2"     SMILES="C=O"        chemName="formaldehyde"    />
        </property>
        <property name="composition"  id="x9"   label="[CH3OH]"  sourcetype="reported"  units="mole fraction" >
            <speciesLink preferredKey="CH3OH"  CAS="67-56-1"    InChI="1S/CH4O/c1-2/h2H,1H3"  SMILES="CO"         chemName="methanol"        />
        </property>
        <property name="composition"  id="x10"  label="[H2]"     sourcetype="reported"  units="mole fraction" >
            <speciesLink preferredKey="H2"     CAS="1333-74-0"  InChI="1S/H2/h1H"             SMILES="[HH]"       chemName="hydrogen"        />
        </property>
        <property name="composition"  id="x11"  label="[CH4]"    sourcetype="reported"  units="mole fraction" >
            <speciesLink preferredKey="CH4"    CAS="74-82-8"    InChI="1S/CH4/h1H4"           SMILES="C"          chemName="methane"         />
        </property>

        <dataPoint><x1>0697.2</x1><x2>1.4108E-02</x2><x3>0.0000E+00</x3><x4>1.8780E-06</x4><x5>2.4128E-07</x5><x6>2.5080E-07</x6><x7>1.4980E-07</x7><x8>0.0000E+00</x8><x9>1.5645E-03</x9><x10>0.0000E+00</x10><x11>1.0200E-06</x11></dataPoint>
        <dataPoint><x1>0825.0</x1><x2>1.4020E-02</x2><x3>0.0000E+00</x3><x4>2.8470E-06</x4><x5>1.6306E-07</x5><x6>1.3431E-07</x6><x7>1.0246E-07</x7><x8>1.3831E-04</x8><x9>1.8530E-03</x9><x10>9.9980E-06</x10><x11>0.0000E+00</x11></dataPoint>
        <dataPoint><x1>0852.6</x1><x2>2.0468E-02</x2><x3>5.7967E-04</x3><x4>5.9197E-05</x4><x5>6.1040E-08</x5><x6>6.6112E-08</x6><x7>6.9286E-08</x7><x8>2.9604E-04</x8><x9>9.7142E-04</x9><x10>4.1900E-05</x10><x11>1.2600E-06</x11></dataPoint>
        <dataPoint><x1>0887.0</x1><x2>1.3055E-02</x2><x3>1.0416E-03</x3><x4>1.3244E-04</x4><x5>0.0000E+00</x5><x6>2.5030E-07</x6><x7>0.0000E+00</x7><x8>1.8880E-04</x8><x9>5.1030E-04</x9><x10>4.2400E-05</x10><x11>5.3800E-07</x11></dataPoint>
        <dataPoint><x1>0909.0</x1><x2>1.2094E-02</x2><x3>1.2317E-03</x3><x4>2.5342E-04</x4><x5>0.0000E+00</x5><x6>0.0000E+00</x6><x7>0.0000E+00</x7><x8>1.3229E-04</x8><x9>2.2027E-04</x9><x10>2.0164E-05</x10><x11>9.3400E-07</x11></dataPoint>
        <dataPoint><x1>0935.8</x1><x2>1.2278E-02</x2><x3>1.1945E-03</x3><x4>3.8320E-04</x4><x5>0.0000E+00</x5><x6>0.0000E+00</x6><x7>0.0000E+00</x7><x8>6.4130E-05</x8><x9>1.9345E-04</x9><x10>2.3550E-05</x10><x11>7.9087E-07</x11></dataPoint>
        <dataPoint><x1>0963.9</x1><x2>1.2077E-02</x2><x3>1.1642E-03</x3><x4>4.6241E-04</x4><x5>0.0000E+00</x5><x6>0.0000E+00</x6><x7>0.0000E+00</x7><x8>9.7280E-05</x8><x9>1.2190E-04</x9><x10>3.5717E-05</x10><x11>0.0000E+00</x11></dataPoint>
        <dataPoint><x1>0992.7</x1><x2>1.2180E-02</x2><x3>1.1427E-03</x3><x4>6.0000E-04</x4><x5>0.0000E+00</x5><x6>0.0000E+00</x6><x7>0.0000E+00</x7><x8>4.0960E-05</x8><x9>6.3380E-05</x9><x10>4.1309E-05</x10><x11>0.0000E+00</x11></dataPoint>
        <dataPoint><x1>1018.3</x1><x2>1.2304E-02</x2><x3>1.0888E-03</x3><x4>6.5038E-04</x4><x5>0.0000E+00</x5><x6>0.0000E+00</x6><x7>0.0000E+00</x7><x8>2.4780E-05</x8><x9>5.4920E-05</x9><x10>2.3812E-05</x10><x11>0.0000E+00</x11></dataPoint>
        <dataPoint><x1>1044.7</x1><x2>1.1999E-02</x2><x3>1.0052E-03</x3><x4>7.6645E-04</x4><x5>0.0000E+00</x5><x6>0.0000E+00</x6><x7>0.0000E+00</x7><x8>3.3707E-05</x8><x9>2.9370E-05</x9><x10>2.9403E-05</x10><x11>0.0000E+00</x11></dataPoint>
        <dataPoint><x1>1072.9</x1><x2>1.2119E-02</x2><x3>9.8581E-04</x3><x4>8.8440E-04</x4><x5>0.0000E+00</x5><x6>0.0000E+00</x6><x7>0.0000E+00</x7><x8>7.0380E-06</x8><x9>1.3640E-05</x9><x10>2.7500E-05</x10><x11>0.0000E+00</x11></dataPoint>
        <dataPoint><x1>1099.4</x1><x2>1.1907E-02</x2><x3>8.3004E-04</x3><x4>8.9417E-04</x4><x5>0.0000E+00</x5><x6>0.0000E+00</x6><x7>0.0000E+00</x7><x8>0.0000E+00</x8><x9>1.7886E-05</x9><x10>2.6772E-05</x10><x11>0.0000E+00</x11></dataPoint>
    </dataGroup>
</experiment>
