<experiment>
    <fileAuthor>Chemical Kinetics Laboratory, Institute of Chemistry, ELTE, Budapest, Hungary</fileAuthor>
    <fileDOI>10.24388/x00002018</fileDOI>
    <fileVersion>
        <major>1</major>
        <minor>0</minor>
    </fileVersion>
    <ReSpecThVersion>
        <major>2</major>
        <minor>3</minor>
    </ReSpecThVersion>
    <firstPublicationDate>2016-12-05</firstPublicationDate>
    <lastModificationDate>2020-11-18</lastModificationDate>
    <bibliographyLink>
        <description>U. Burke, W.K. Metcalfe, S.M. Burke, K.A. Heufer, P. Dagaut, H.J. Curran, Combust. Flame 165 (2016), 125-136</description>
        <referenceDOI>10.1016/j.combustflame.2015.11.004</referenceDOI>
        <location>Main article, raw data obtained from the authors</location>
        <figure>Fig. 18</figure>
        <details>
            <author>Burke, Ultan and Metcalfe, Wayne K and Burke, Sin{\'{e}}ad M and Heufer, K Alexander and Dagaut, Philippe and Curran, Henry J</author>
            <journal>Combust Flame</journal>
            <pages>125--136</pages>
            <title>A detailed chemical kinetic modeling, ignition delay time and jet-stirred reactor study of methanol oxidation</title>
            <volume>165</volume>
            <year>2016</year>
        </details>
    </bibliographyLink>
    <experimentType>jet stirred reactor measurement</experimentType>
    <apparatus>
        <kind>stirred reactor</kind>
    </apparatus>
    <commonProperties>
        <property name="pressure"                      label="P"    sourcetype="reported"   units="atm"           ><value>0010</value></property>
        <property name="volume"                        label="V"    sourcetype="reported"   units="cm3"           ><value>0035</value></property>
        <property name="residence time"                label="tau"  sourcetype="reported"   units="ms"            ><value>0500</value></property>
        <property name="initial composition"           sourcetype="reported"  >
            <component><speciesLink preferredKey="CH3OH"  CAS="67-56-1"    InChI="1S/CH4O/c1-2/h2H,1H3"  SMILES="CO"   chemName="methanol" /><amount units="mole fraction" >0.002</amount></component>
            <component><speciesLink preferredKey="O2"     CAS="7782-44-7"  InChI="1S/O2/c1-2"            SMILES="O=O"  chemName="oxygen"   /><amount units="mole fraction" >0.003</amount></component>
            <component><speciesLink preferredKey="N2"     CAS="7727-37-9"  InChI="1S/N2/c1-2"            SMILES="N#N"  chemName="nitrogen" /><amount units="mole fraction" >0.995</amount></component>
        </property>
        <property name="evaluated standard deviation"  sourcetype="estimated"  units="mole faction"   reference="composition"  kind="absolute"  method="statistical scatter"  >
            <speciesLink preferredKey="O2"     CAS="7782-44-7"  InChI="1S/O2/c1-2"            SMILES="O=O"        chemName="oxygen"          />
            <value>0.000228</value>
        </property>
        <property name="evaluated standard deviation"  sourcetype="estimated"  units="mole faction"   reference="composition"  kind="absolute"  method="statistical scatter"  >
            <speciesLink preferredKey="H2"     CAS="1333-74-0"  InChI="1S/H2/h1H"             SMILES="[HH]"       chemName="hydrogen"        />
            <value>3.76e-5</value>
        </property>
        <property name="evaluated standard deviation"  sourcetype="estimated"  units="mole faction"   reference="composition"  kind="absolute"  method="statistical scatter"  >
            <speciesLink preferredKey="CO"     CAS="630-08-0"   InChI="1S/CO/c1-2"            SMILES="[C-]#[O+]"  chemName="carbon monoxide" />
            <value>0.000165</value>
        </property>
        <property name="evaluated standard deviation"  sourcetype="estimated"  units="mole faction"   reference="composition"  kind="absolute"  method="statistical scatter"  >
            <speciesLink preferredKey="CO2"    CAS="124-38-9"   InChI="1S/CO2/c2-1-3"         SMILES="C(=O)=O"    chemName="carbon dioxide"  />
            <value>0.000102</value>
        </property>
        <property name="evaluated standard deviation"  sourcetype="estimated"  units="mole faction"   reference="composition"  kind="absolute"  method="statistical scatter"  >
            <speciesLink preferredKey="CH2O"   CAS="50-00-0"    InChI="1S/CH2O/c1-2/h1H2"     SMILES="C=O"        chemName="formaldehyde"    />
            <value>3.03e-5</value>
        </property>
        <property name="evaluated standard deviation"  sourcetype="estimated"  units="mole faction"   reference="composition"  kind="absolute"  method="statistical scatter"  >
            <speciesLink preferredKey="CH3OH"  CAS="67-56-1"    InChI="1S/CH4O/c1-2/h2H,1H3"  SMILES="CO"         chemName="methanol"        />
            <value>0.000202</value>
        </property>
        <property name="evaluated standard deviation"  sourcetype="estimated"  units="mole faction"   reference="composition"  kind="absolute"  method="statistical scatter"  >
            <speciesLink preferredKey="CH4"    CAS="74-82-8"    InChI="1S/CH4/h1H4"           SMILES="C"          chemName="methane"         />
            <value>7.81e-8</value>
        </property>
        <property name="evaluated standard deviation"  sourcetype="reported"   units="mole faction"   reference="composition"  kind="absolute"  method="reported uncertainty" >
            <speciesLink preferredKey="C2H2"   CAS="74-86-2"    InChI="1S/C2H2/c1-2/h1-2H"    SMILES="C#C"        chemName="acetylene"       />
            <value>7.92e-6</value>
        </property>
        <property name="evaluated standard deviation"  sourcetype="estimated"  units="mole faction"   reference="composition"  kind="absolute"  method="statistical scatter"  >
            <speciesLink preferredKey="C2H4"   CAS="74-85-1"    InChI="1S/C2H4/c1-2/h1-2H2"   SMILES="C=C"        chemName="ethene"          />
            <value>1.22e-6</value>
        </property>
        <property name="evaluated standard deviation"  sourcetype="reported"   units="mole faction"   reference="composition"  kind="absolute"  method="reported uncertainty" >
            <speciesLink preferredKey="C2H6"   CAS="74-84-0"    InChI="1S/C2H6/c1-2/h1-2H3"   SMILES="CC"         chemName="ethane"          />
            <value>1.14e-5</value>
        </property>
    </commonProperties>
    <dataGroup id="dg1">
        <property name="temperature"  id="x1"   label="T"        sourcetype="reported"  units="K"             />
        <property name="composition"  id="x2"   label="[O2]"     sourcetype="reported"  units="mole fraction" >
            <speciesLink preferredKey="O2"     CAS="7782-44-7"  InChI="1S/O2/c1-2"            SMILES="O=O"        chemName="oxygen"          />
        </property>
        <property name="composition"  id="x3"   label="[CO]"     sourcetype="reported"  units="mole fraction" >
            <speciesLink preferredKey="CO"     CAS="630-08-0"   InChI="1S/CO/c1-2"            SMILES="[C-]#[O+]"  chemName="carbon monoxide" />
        </property>
        <property name="composition"  id="x4"   label="[CO2]"    sourcetype="reported"  units="mole fraction" >
            <speciesLink preferredKey="CO2"    CAS="124-38-9"   InChI="1S/CO2/c2-1-3"         SMILES="C(=O)=O"    chemName="carbon dioxide"  />
        </property>
        <property name="composition"  id="x5"   label="[C2H4]"   sourcetype="reported"  units="mole fraction" >
            <speciesLink preferredKey="C2H4"   CAS="74-85-1"    InChI="1S/C2H4/c1-2/h1-2H2"   SMILES="C=C"        chemName="ethene"          />
        </property>
        <property name="composition"  id="x6"   label="[C2H6]"   sourcetype="reported"  units="mole fraction" >
            <speciesLink preferredKey="C2H6"   CAS="74-84-0"    InChI="1S/C2H6/c1-2/h1-2H3"   SMILES="CC"         chemName="ethane"          />
        </property>
        <property name="composition"  id="x7"   label="[C2H2]"   sourcetype="reported"  units="mole fraction" >
            <speciesLink preferredKey="C2H2"   CAS="74-86-2"    InChI="1S/C2H2/c1-2/h1-2H"    SMILES="C#C"        chemName="acetylene"       />
        </property>
        <property name="composition"  id="x8"   label="[CH2O]"   sourcetype="reported"  units="mole fraction" >
            <speciesLink preferredKey="CH2O"   CAS="50-00-0"    InChI="1S/CH2O/c1-2/h1H2"     SMILES="C=O"        chemName="formaldehyde"    />
        </property>
        <property name="composition"  id="x9"   label="[CH3OH]"  sourcetype="reported"  units="mole fraction" >
            <speciesLink preferredKey="CH3OH"  CAS="67-56-1"    InChI="1S/CH4O/c1-2/h2H,1H3"  SMILES="CO"         chemName="methanol"        />
        </property>
        <property name="composition"  id="x10"  label="[H2]"     sourcetype="reported"  units="mole fraction" >
            <speciesLink preferredKey="H2"     CAS="1333-74-0"  InChI="1S/H2/h1H"             SMILES="[HH]"       chemName="hydrogen"        />
        </property>
        <property name="composition"  id="x11"  label="[CH4]"    sourcetype="reported"  units="mole fraction" >
            <speciesLink preferredKey="CH4"    CAS="74-82-8"    InChI="1S/CH4/h1H4"           SMILES="C"          chemName="methane"         />
        </property>

        <dataPoint><x1>0796.3</x1><x2>3.2085E-03</x2><x3>0.0000E+00</x3><x4>6.9427E-07</x4><x5>1.2948E-06</x5><x6>1.2253E-06</x6><x7>6.1101E-07</x7><x8>0.0000E+00</x8><x9>1.7456E-03</x9><x10>0.0000E+00</x10><x11>0.0000E+00</x11></dataPoint>
        <dataPoint><x1>0834.5</x1><x2>3.0681E-03</x2><x3>2.0000E-05</x3><x4>3.2402E-07</x4><x5>8.9288E-07</x5><x6>8.3963E-07</x6><x7>3.3484E-07</x7><x8>9.8224E-05</x8><x9>1.8137E-03</x9><x10>2.2600E-05</x10><x11>7.7000E-07</x11></dataPoint>
        <dataPoint><x1>0872.3</x1><x2>2.6100E-03</x2><x3>8.9770E-04</x3><x4>4.9770E-06</x4><x5>9.6180E-07</x5><x6>4.6840E-07</x6><x7>6.9841E-07</x7><x8>1.7828E-04</x8><x9>1.0100E-03</x9><x10>2.1100E-04</x10><x11>1.0200E-06</x11></dataPoint>
        <dataPoint><x1>0909.7</x1><x2>2.1576E-03</x2><x3>1.1940E-03</x3><x4>1.0601E-04</x4><x5>4.0889E-06</x5><x6>5.7220E-05</x6><x7>3.9622E-05</x7><x8>1.0909E-04</x8><x9>4.0595E-04</x9><x10>3.0572E-04</x10><x11>1.2700E-06</x11></dataPoint>
        <dataPoint><x1>0945.5</x1><x2>1.6802E-03</x2><x3>1.2689E-03</x3><x4>2.7487E-04</x4><x5>1.8269E-06</x5><x6>2.5682E-06</x6><x7>1.2760E-06</x7><x8>5.6970E-05</x8><x9>1.7729E-04</x9><x10>3.3175E-04</x10><x11>1.1200E-06</x11></dataPoint>
        <dataPoint><x1>0982.8</x1><x2>1.5132E-03</x2><x3>1.2205E-03</x3><x4>3.6786E-04</x4><x5>1.8372E-06</x5><x6>1.4477E-06</x6><x7>6.8660E-07</x7><x8>3.4977E-05</x8><x9>1.2970E-04</x9><x10>3.0308E-04</x10><x11>1.3400E-06</x11></dataPoint>
        <dataPoint><x1>1019.1</x1><x2>1.5049E-03</x2><x3>1.3057E-03</x3><x4>4.8248E-04</x4><x5>0.0000E+00</x5><x6>4.0227E-07</x6><x7>1.8260E-07</x7><x8>1.8671E-05</x8><x9>7.1045E-05</x9><x10>3.2951E-04</x10><x11>1.3400E-06</x11></dataPoint>
        <dataPoint><x1>1058.4</x1><x2>1.0858E-03</x2><x3>1.1758E-03</x3><x4>5.9514E-04</x4><x5>0.0000E+00</x5><x6>3.9772E-07</x6><x7>1.3555E-07</x7><x8>1.3998E-05</x8><x9>3.5176E-05</x9><x10>2.5380E-04</x10><x11>1.1500E-06</x11></dataPoint>
        <dataPoint><x1>1095.2</x1><x2>1.2233E-03</x2><x3>9.7861E-04</x3><x4>6.2247E-04</x4><x5>0.0000E+00</x5><x6>3.6136E-07</x6><x7>2.0532E-07</x7><x8>8.4638E-06</x8><x9>9.8550E-06</x9><x10>1.3435E-04</x10><x11>7.9000E-07</x11></dataPoint>
        <dataPoint><x1>1129.3</x1><x2>3.1889E-04</x2><x3>6.3773E-04</x3><x4>1.1649E-03</x4><x5>0.0000E+00</x5><x6>2.4545E-07</x6><x7>3.6427E-07</x7><x8>0.0000E+00</x8><x9>0.0000E+00</x9><x10>6.9446E-05</x10><x11>0.0000E+00</x11></dataPoint>
    </dataGroup>
</experiment>
