<experiment>
    <fileAuthor>Chemical Kinetics Laboratory, Institute of Chemistry, ELTE, Budapest, Hungary</fileAuthor>
    <fileDOI>10.24388/x00002016</fileDOI>
    <fileVersion>
        <major>1</major>
        <minor>0</minor>
    </fileVersion>
    <ReSpecThVersion>
        <major>2</major>
        <minor>3</minor>
    </ReSpecThVersion>
    <firstPublicationDate>2016-12-05</firstPublicationDate>
    <lastModificationDate>2020-11-18</lastModificationDate>
    <bibliographyLink>
        <description>U. Burke, W.K. Metcalfe, S.M. Burke, K.A. Heufer, P. Dagaut, H.J. Curran, Combust. Flame 165 (2016), 125-136</description>
        <referenceDOI>10.1016/j.combustflame.2015.11.004</referenceDOI>
        <location>Main article, raw data obtained from the authors</location>
        <figure>Fig. 16</figure>
        <details>
            <author>Burke, Ultan and Metcalfe, Wayne K and Burke, Sin{\'{e}}ad M and Heufer, K Alexander and Dagaut, Philippe and Curran, Henry J</author>
            <journal>Combust Flame</journal>
            <pages>125--136</pages>
            <title>A detailed chemical kinetic modeling, ignition delay time and jet-stirred reactor study of methanol oxidation</title>
            <volume>165</volume>
            <year>2016</year>
        </details>
    </bibliographyLink>
    <experimentType>jet stirred reactor measurement</experimentType>
    <apparatus>
        <kind>stirred reactor</kind>
    </apparatus>
    <commonProperties>
        <property name="pressure"                      label="P"    sourcetype="reported"   units="atm"           ><value>0001</value></property>
        <property name="volume"                        label="V"    sourcetype="reported"   units="cm3"           ><value>0035</value></property>
        <property name="residence time"                label="tau"  sourcetype="reported"   units="ms"            ><value>0050</value></property>
        <property name="initial composition"           sourcetype="reported"  >
            <component><speciesLink preferredKey="CH3OH"  CAS="67-56-1"    InChI="1S/CH4O/c1-2/h2H,1H3"  SMILES="CO"   chemName="methanol" /><amount units="mole fraction" >0.002</amount></component>
            <component><speciesLink preferredKey="O2"     CAS="7782-44-7"  InChI="1S/O2/c1-2"            SMILES="O=O"  chemName="oxygen"   /><amount units="mole fraction" >0.003</amount></component>
            <component><speciesLink preferredKey="N2"     CAS="7727-37-9"  InChI="1S/N2/c1-2"            SMILES="N#N"  chemName="nitrogen" /><amount units="mole fraction" >0.995</amount></component>
        </property>
        <property name="evaluated standard deviation"  sourcetype="estimated"  units="mole faction"   reference="composition"  kind="absolute"  method="statistical scatter" >
            <speciesLink preferredKey="O2"     CAS="7782-44-7"  InChI="1S/O2/c1-2"            SMILES="O=O"        chemName="oxygen"          />
            <value>0.000232</value>
        </property>
        <property name="evaluated standard deviation"  sourcetype="estimated"  units="mole faction"   reference="composition"  kind="absolute"  method="statistical scatter" >
            <speciesLink preferredKey="H2"     CAS="1333-74-0"  InChI="1S/H2/h1H"             SMILES="[HH]"       chemName="hydrogen"        />
            <value>0.000156</value>
        </property>
        <property name="evaluated standard deviation"  sourcetype="estimated"  units="mole faction"   reference="composition"  kind="absolute"  method="statistical scatter" >
            <speciesLink preferredKey="CO"     CAS="630-08-0"   InChI="1S/CO/c1-2"            SMILES="[C-]#[O+]"  chemName="carbon monoxide" />
            <value>0.000119</value>
        </property>
        <property name="evaluated standard deviation"  sourcetype="estimated"  units="mole faction"   reference="composition"  kind="absolute"  method="statistical scatter" >
            <speciesLink preferredKey="CO2"    CAS="124-38-9"   InChI="1S/CO2/c2-1-3"         SMILES="C(=O)=O"    chemName="carbon dioxide"  />
            <value>6.95e-5</value>
        </property>
        <property name="evaluated standard deviation"  sourcetype="estimated"  units="mole faction"   reference="composition"  kind="absolute"  method="statistical scatter" >
            <speciesLink preferredKey="CH2O"   CAS="50-00-0"    InChI="1S/CH2O/c1-2/h1H2"     SMILES="C=O"        chemName="formaldehyde"    />
            <value>3.04e-5</value>
        </property>
        <property name="evaluated standard deviation"  sourcetype="estimated"  units="mole faction"   reference="composition"  kind="absolute"  method="statistical scatter" >
            <speciesLink preferredKey="CH3OH"  CAS="67-56-1"    InChI="1S/CH4O/c1-2/h2H,1H3"  SMILES="CO"         chemName="methanol"        />
            <value>0.000165</value>
        </property>
        <property name="evaluated standard deviation"  sourcetype="estimated"  units="mole faction"   reference="composition"  kind="absolute"  method="statistical scatter" >
            <speciesLink preferredKey="CH4"    CAS="74-82-8"    InChI="1S/CH4/h1H4"           SMILES="C"          chemName="methane"         />
            <value>9.24e-7</value>
        </property>
        <property name="evaluated standard deviation"  sourcetype="estimated"  units="mole faction"   reference="composition"  kind="absolute"  method="generic uncertainty" >
            <speciesLink preferredKey="C2H2"   CAS="74-86-2"    InChI="1S/C2H2/c1-2/h1-2H"    SMILES="C#C"        chemName="acetylene"       />
            <value>2.42e-7</value>
        </property>
        <property name="evaluated standard deviation"  sourcetype="estimated"  units="mole faction"   reference="composition"  kind="absolute"  method="statistical scatter" >
            <speciesLink preferredKey="C2H4"   CAS="74-85-1"    InChI="1S/C2H4/c1-2/h1-2H2"   SMILES="C=C"        chemName="ethene"          />
            <value>1.81e-7</value>
        </property>
        <property name="evaluated standard deviation"  sourcetype="estimated"  units="mole faction"   reference="composition"  kind="absolute"  method="statistical scatter" >
            <speciesLink preferredKey="C2H6"   CAS="74-84-0"    InChI="1S/C2H6/c1-2/h1-2H3"   SMILES="CC"         chemName="ethane"          />
            <value>1.59e-7</value>
        </property>
    </commonProperties>
    <dataGroup id="dg1">
        <property name="temperature"  id="x1"   label="T"        sourcetype="reported"  units="K"             />
        <property name="composition"  id="x2"   label="[O2]"     sourcetype="reported"  units="mole fraction" >
            <speciesLink preferredKey="O2"     CAS="7782-44-7"  InChI="1S/O2/c1-2"            SMILES="O=O"        chemName="oxygen"          />
        </property>
        <property name="composition"  id="x3"   label="[CO]"     sourcetype="reported"  units="mole fraction" >
            <speciesLink preferredKey="CO"     CAS="630-08-0"   InChI="1S/CO/c1-2"            SMILES="[C-]#[O+]"  chemName="carbon monoxide" />
        </property>
        <property name="composition"  id="x4"   label="[CO2]"    sourcetype="reported"  units="mole fraction" >
            <speciesLink preferredKey="CO2"    CAS="124-38-9"   InChI="1S/CO2/c2-1-3"         SMILES="C(=O)=O"    chemName="carbon dioxide"  />
        </property>
        <property name="composition"  id="x5"   label="[C2H4]"   sourcetype="reported"  units="mole fraction" >
            <speciesLink preferredKey="C2H4"   CAS="74-85-1"    InChI="1S/C2H4/c1-2/h1-2H2"   SMILES="C=C"        chemName="ethene"          />
        </property>
        <property name="composition"  id="x6"   label="[C2H6]"   sourcetype="reported"  units="mole fraction" >
            <speciesLink preferredKey="C2H6"   CAS="74-84-0"    InChI="1S/C2H6/c1-2/h1-2H3"   SMILES="CC"         chemName="ethane"          />
        </property>
        <property name="composition"  id="x7"   label="[C2H2]"   sourcetype="reported"  units="mole fraction" >
            <speciesLink preferredKey="C2H2"   CAS="74-86-2"    InChI="1S/C2H2/c1-2/h1-2H"    SMILES="C#C"        chemName="acetylene"       />
        </property>
        <property name="composition"  id="x8"   label="[CH2O]"   sourcetype="reported"  units="mole fraction" >
            <speciesLink preferredKey="CH2O"   CAS="50-00-0"    InChI="1S/CH2O/c1-2/h1H2"     SMILES="C=O"        chemName="formaldehyde"    />
        </property>
        <property name="composition"  id="x9"   label="[CH3OH]"  sourcetype="reported"  units="mole fraction" >
            <speciesLink preferredKey="CH3OH"  CAS="67-56-1"    InChI="1S/CH4O/c1-2/h2H,1H3"  SMILES="CO"         chemName="methanol"        />
        </property>
        <property name="composition"  id="x10"  label="[H2]"     sourcetype="reported"  units="mole fraction" >
            <speciesLink preferredKey="H2"     CAS="1333-74-0"  InChI="1S/H2/h1H"             SMILES="[HH]"       chemName="hydrogen"        />
        </property>
        <property name="composition"  id="x11"  label="[CH4]"    sourcetype="reported"  units="mole fraction" >
            <speciesLink preferredKey="CH4"    CAS="74-82-8"    InChI="1S/CH4/h1H4"           SMILES="C"          chemName="methane"         />
        </property>

        <dataPoint><x1>0802.7</x1><x2>2.7520E-03</x2><x3>0.0000E+00</x3><x4>7.9940E-06</x4><x5>0.0000E+00</x5><x6>0.0000E+00</x6><x7>0.0000E+00</x7><x8>2.6580E-04</x8><x9>2.0790E-03</x9><x10>1.6920E-05</x10><x11>0.0000E+00</x11></dataPoint>
        <dataPoint><x1>0835.4</x1><x2>2.7510E-03</x2><x3>0.0000E+00</x3><x4>8.9230E-06</x4><x5>0.0000E+00</x5><x6>0.0000E+00</x6><x7>0.0000E+00</x7><x8>2.8430E-04</x8><x9>1.9620E-03</x9><x10>1.3580E-05</x10><x11>5.2200E-07</x11></dataPoint>
        <dataPoint><x1>0870.7</x1><x2>3.0710E-03</x2><x3>0.0000E+00</x3><x4>6.0610E-05</x4><x5>0.0000E+00</x5><x6>0.0000E+00</x6><x7>0.0000E+00</x7><x8>2.4770E-04</x8><x9>1.8970E-03</x9><x10>1.8260E-05</x10><x11>1.3900E-06</x11></dataPoint>
        <dataPoint><x1>0910.3</x1><x2>2.9150E-03</x2><x3>0.0000E+00</x3><x4>1.1940E-05</x4><x5>0.0000E+00</x5><x6>3.0700E-07</x6><x7>0.0000E+00</x7><x8>2.5190E-04</x8><x9>2.3580E-03</x9><x10>3.0690E-05</x10><x11>9.2300E-07</x11></dataPoint>
        <dataPoint><x1>0944.7</x1><x2>3.0190E-03</x2><x3>0.0000E+00</x3><x4>1.3020E-05</x4><x5>0.0000E+00</x5><x6>2.8200E-07</x6><x7>0.0000E+00</x7><x8>2.3500E-04</x8><x9>2.2620E-03</x9><x10>2.7600E-05</x10><x11>1.4300E-06</x11></dataPoint>
        <dataPoint><x1>0982.0</x1><x2>2.7840E-03</x2><x3>0.0000E+00</x3><x4>1.4920E-05</x4><x5>1.6700E-07</x5><x6>9.0200E-07</x6><x7>0.0000E+00</x7><x8>3.7160E-04</x8><x9>2.0940E-03</x9><x10>3.1300E-05</x10><x11>1.8100E-06</x11></dataPoint>
        <dataPoint><x1>1018.7</x1><x2>2.9440E-03</x2><x3>0.0000E+00</x3><x4>1.8000E-05</x4><x5>0.0000E+00</x5><x6>1.6200E-06</x6><x7>0.0000E+00</x7><x8>3.9880E-04</x8><x9>2.0760E-03</x9><x10>4.5180E-05</x10><x11>3.6600E-06</x11></dataPoint>
        <dataPoint><x1>1057.7</x1><x2>2.6070E-03</x2><x3>3.1260E-04</x3><x4>3.5030E-05</x4><x5>3.1400E-07</x5><x6>1.9300E-06</x6><x7>0.0000E+00</x7><x8>5.3020E-04</x8><x9>1.5580E-03</x9><x10>3.4500E-04</x10><x11>5.0700E-06</x11></dataPoint>
        <dataPoint><x1>1073.5</x1><x2>2.3760E-03</x2><x3>6.7120E-04</x3><x4>5.7770E-05</x4><x5>2.6400E-07</x5><x6>2.2500E-06</x6><x7>0.0000E+00</x7><x8>5.0520E-04</x8><x9>1.3840E-03</x9><x10>7.0800E-04</x10><x11>6.9100E-06</x11></dataPoint>
        <dataPoint><x1>1124.9</x1><x2>2.2380E-03</x2><x3>1.0240E-03</x3><x4>7.7730E-05</x4><x5>4.5900E-07</x5><x6>2.8100E-06</x6><x7>0.0000E+00</x7><x8>4.5290E-04</x8><x9>1.0360E-03</x9><x10>1.1190E-03</x10><x11>1.1700E-05</x11></dataPoint>
        <dataPoint><x1>1161.1</x1><x2>1.9700E-03</x2><x3>1.4650E-03</x3><x4>1.0510E-04</x4><x5>5.5900E-07</x5><x6>2.3700E-06</x6><x7>0.0000E+00</x7><x8>3.2440E-04</x8><x9>7.1470E-04</x9><x10>1.6920E-03</x10><x11>1.3300E-05</x11></dataPoint>
        <dataPoint><x1>1195.8</x1><x2>5.7240E-04</x2><x3>1.4770E-03</x3><x4>1.0480E-03</x4><x5>1.8900E-06</x5><x6>7.3400E-07</x6><x7>1.2100E-06</x7><x8>4.3960E-06</x8><x9>2.3080E-05</x9><x10>1.2350E-03</x10><x11>2.1800E-05</x11></dataPoint>
    </dataGroup>
</experiment>
