<experiment>
    <fileAuthor>Chemical Kinetics Laboratory, Institute of Chemistry, ELTE, Budapest, Hungary</fileAuthor>
    <fileDOI>10.24388/x10002054</fileDOI>
    <fileVersion>
        <major>1</major>
        <minor>0</minor>
    </fileVersion>
    <ReSpecThVersion>
        <major>2</major>
        <minor>3</minor>
    </ReSpecThVersion>
    <firstPublicationDate>2016-12-05</firstPublicationDate>
    <lastModificationDate>2020-11-18</lastModificationDate>
    <bibliographyLink>
        <description>K. Natarajan, K.A Bhaskaran, Combust. Flame 43 (1981), 35-49</description>
        <referenceDOI>10.1016/0010-2180(81)90005-5</referenceDOI>
        <location>Main article</location>
        <figure>Fig. 3, open square</figure>
        <details>
            <author>Natarajan, K and Bhaskaran, K A</author>
            <journal>Combust Flame</journal>
            <pages>35--49</pages>
            <title>An Experimental and Analytical Study of Methanol Ignition Behind Shock Waves</title>
            <volume>43</volume>
            <year>1981</year>
        </details>
    </bibliographyLink>
    <experimentType>ignition delay measurement</experimentType>
    <apparatus>
        <kind>shock tube</kind>
        <mode>reflected shock</mode>
    </apparatus>
    <commonProperties>
        <property name="pressure"                      label="P"  sourcetype="reported"   units="atm"           ><value>4.5</value></property>
        <property name="initial composition"           sourcetype="reported"  >
            <component><speciesLink preferredKey="CH3OH"  CAS="67-56-1"    InChI="1S/CH4O/c1-2/h2H,1H3"  SMILES="CO"    chemName="methanol" /><amount units="mole fraction" >0.025</amount></component>
            <component><speciesLink preferredKey="O2"     CAS="7782-44-7"  InChI="1S/O2/c1-2"            SMILES="O=O"   chemName="oxygen"   /><amount units="mole fraction" >0.075</amount></component>
            <component><speciesLink preferredKey="Ar"     CAS="7440-37-1"  InChI="1S/Ar"                 SMILES="[Ar]"  chemName="argon"    /><amount units="mole fraction" >0.900</amount></component>
        </property>
        <property name="evaluated standard deviation"  sourcetype="estimated"  units="unitless"       reference="ignition delay"  kind="relative"  method="generic uncertainty" ><value>0.2</value></property>
    </commonProperties>
    <dataGroup id="dg1">
        <property name="temperature"     id="x1"   label="T"    sourcetype="digitized"  units="K"  />
        <property name="ignition delay"  id="x2"   label="tau"  sourcetype="digitized"  units="us" />

        <dataPoint><x1>1668.5</x1><x2>010</x2></dataPoint>
        <dataPoint><x1>1621.2</x1><x2>012</x2></dataPoint>
        <dataPoint><x1>1602.9</x1><x2>019</x2></dataPoint>
        <dataPoint><x1>1561.7</x1><x2>020</x2></dataPoint>
        <dataPoint><x1>1480.6</x1><x2>039</x2></dataPoint>
        <dataPoint><x1>1398.0</x1><x2>055</x2></dataPoint>
        <dataPoint><x1>1327.9</x1><x2>119</x2></dataPoint>
        <dataPoint><x1>1291.3</x1><x2>130</x2></dataPoint>
    </dataGroup>
    <ignitionType target="CHEX;" type="d/dt max"/>
</experiment>
