<experiment>
    <fileAuthor>Chemical Kinetics Laboratory, Institute of Chemistry, ELTE, Budapest, Hungary</fileAuthor>
    <fileDOI>10.24388/x10002107</fileDOI>
    <fileVersion>
        <major>1</major>
        <minor>0</minor>
    </fileVersion>
    <ReSpecThVersion>
        <major>2</major>
        <minor>3</minor>
    </ReSpecThVersion>
    <firstPublicationDate>2016-12-05</firstPublicationDate>
    <lastModificationDate>2020-11-18</lastModificationDate>
    <bibliographyLink>
        <description>B. Eiteneer, C.-L. Yu, M. Goldenberg, M. Frenklach, J. Phys. Chem. A 102 (1998), 5196-5205</description>
        <referenceDOI>10.1021/jp981184v</referenceDOI>
        <location>Main article</location>
        <table>Table 1, Series G, t0,50</table>
        <details>
            <author>Eiteneer, B and Yu, C-L and Goldenberg, M and Frenklach, M</author>
            <journal>J Phys Chem A</journal>
            <number>27</number>
            <pages>5196--5205</pages>
            <title>Determination of Rate Coefficients for Reactions of Formaldehyde Pyrolysis and Oxidation in the Gas Phase</title>
            <volume>102</volume>
            <year>1998</year>
        </details>
    </bibliographyLink>
    <experimentType>ignition delay measurement</experimentType>
    <apparatus>
        <kind>shock tube</kind>
        <mode>reflected shock</mode>
    </apparatus>
    <commonProperties>
        <property name="pressure"                      label="P"  sourcetype="estimated"   units="atm"           ><value>1.6</value></property>
        <property name="initial composition"           sourcetype="calculated" >
            <component><speciesLink preferredKey="CH2O"  CAS="50-00-0"    InChI="1S/CH2O/c1-2/h1H2"  SMILES="C=O"   chemName="formaldehyde" /><amount units="mole fraction" >0.0100</amount></component>
            <component><speciesLink preferredKey="O2"    CAS="7782-44-7"  InChI="1S/O2/c1-2"         SMILES="O=O"   chemName="oxygen"       /><amount units="mole fraction" >0.0596</amount></component>
            <component><speciesLink preferredKey="Ar"    CAS="7440-37-1"  InChI="1S/Ar"              SMILES="[Ar]"  chemName="argon"        /><amount units="mole fraction" >0.9304</amount></component>
        </property>
        <property name="evaluated standard deviation"  sourcetype="estimated"   units="unitless"       reference="ignition delay"  kind="relative"  method="statistical scatter" ><value>0.32</value></property>
    </commonProperties>
    <dataGroup id="dg1">
        <property name="temperature"     id="x1"   label="T"    sourcetype="reported"  units="K"  />
        <property name="ignition delay"  id="x2"   label="tau"  sourcetype="reported"  units="us" />

        <dataPoint><x1>1363</x1><x2>309.5</x2></dataPoint>
        <dataPoint><x1>1416</x1><x2>169.4</x2></dataPoint>
        <dataPoint><x1>1420</x1><x2>178.4</x2></dataPoint>
        <dataPoint><x1>1425</x1><x2>125.6</x2></dataPoint>
        <dataPoint><x1>1491</x1><x2>192.7</x2></dataPoint>
        <dataPoint><x1>1494</x1><x2>104.7</x2></dataPoint>
        <dataPoint><x1>1530</x1><x2>058.6</x2></dataPoint>
        <dataPoint><x1>1565</x1><x2>066.4</x2></dataPoint>
        <dataPoint><x1>1585</x1><x2>038.7</x2></dataPoint>
        <dataPoint><x1>1615</x1><x2>043.5</x2></dataPoint>
        <dataPoint><x1>1635</x1><x2>035.8</x2></dataPoint>
        <dataPoint><x1>1655</x1><x2>051.1</x2></dataPoint>
        <dataPoint><x1>1694</x1><x2>054.6</x2></dataPoint>
        <dataPoint><x1>1763</x1><x2>022.3</x2></dataPoint>
        <dataPoint><x1>1792</x1><x2>026.9</x2></dataPoint>
        <dataPoint><x1>1831</x1><x2>010.6</x2></dataPoint>
    </dataGroup>
    <ignitionType target="CO;" type="relative concentration" amount="0.5" units="unitless"/>
    <comment>pressures range from 0.7 to 2.5 atm - average pressure of 1.6 atm was assumed</comment>
</experiment>
