<experiment>
    <fileAuthor>Chemical Kinetics Laboratory, Institute of Chemistry, ELTE, Budapest, Hungary</fileAuthor>
    <fileDOI>10.24388/x10002038</fileDOI>
    <fileVersion>
        <major>1</major>
        <minor>0</minor>
    </fileVersion>
    <ReSpecThVersion>
        <major>2</major>
        <minor>3</minor>
    </ReSpecThVersion>
    <firstPublicationDate>2016-12-05</firstPublicationDate>
    <lastModificationDate>2020-11-18</lastModificationDate>
    <bibliographyLink>
        <description>T. Tsuboi, K. Hashimoto, Combust. Flame 42 (1981), 61-76</description>
        <referenceDOI>10.1016/0010-2180(81)90142-5</referenceDOI>
        <location>Main article</location>
        <figure>Fig. 3b, full circle</figure>
        <details>
            <author>Tsuboi, Takao and Hashimoto, Kazunobu</author>
            <journal>Combust Flame</journal>
            <pages>61--76</pages>
            <title>Shock tube study on homogeneous thermal oxidation of methanol</title>
            <volume>42</volume>
            <year>1981</year>
        </details>
    </bibliographyLink>
    <experimentType>ignition delay measurement</experimentType>
    <apparatus>
        <kind>shock tube</kind>
        <mode>reflected shock</mode>
    </apparatus>
    <commonProperties>
        <property name="temperature"                   label="T"  sourcetype="reported"   units="K"             ><value>1500</value></property>
        <property name="initial composition"           sourcetype="reported"  >
            <component><speciesLink preferredKey="CH3OH"  CAS="67-56-1"    InChI="1S/CH4O/c1-2/h2H,1H3"  SMILES="CO"    chemName="methanol" /><amount units="mole fraction" >0.010000</amount></component>
            <component><speciesLink preferredKey="O2"     CAS="7782-44-7"  InChI="1S/O2/c1-2"            SMILES="O=O"   chemName="oxygen"   /><amount units="mole fraction" >0.015000</amount></component>
            <component><speciesLink preferredKey="Ar"     CAS="7440-37-1"  InChI="1S/Ar"                 SMILES="[Ar]"  chemName="argon"    /><amount units="mole fraction" >0.975000</amount></component>
        </property>
        <property name="evaluated standard deviation"  sourcetype="estimated"  units="unitless"       reference="ignition delay"  kind="relative"  method="statistical scatter" ><value>0.22</value></property>
    </commonProperties>
    <dataGroup id="dg1">
        <property name="pressure"        id="x2"   label="P"    sourcetype="digitized"  units="atm" />
        <property name="ignition delay"  id="x1"   label="tau"  sourcetype="digitized"  units="us"  />

        <dataPoint><x1>01.350</x1><x2>0153</x2></dataPoint>
        <dataPoint><x1>02.678</x1><x2>0082</x2></dataPoint>
        <dataPoint><x1>04.608</x1><x2>0056</x2></dataPoint>
        <dataPoint><x1>08.472</x1><x2>0033</x2></dataPoint>
        <dataPoint><x1>16.820</x1><x2>0019</x2></dataPoint>
    </dataGroup>
    <ignitionType target="CH3OH;" type="baseline max intercept from d/dt"/>
</experiment>
