<experiment>
    <fileAuthor>Chemical Kinetics Laboratory, Institute of Chemistry, ELTE, Budapest, Hungary</fileAuthor>
    <fileDOI>10.24388/x10002017</fileDOI>
    <fileVersion>
        <major>1</major>
        <minor>0</minor>
    </fileVersion>
    <ReSpecThVersion>
        <major>2</major>
        <minor>3</minor>
    </ReSpecThVersion>
    <firstPublicationDate>2016-12-05</firstPublicationDate>
    <lastModificationDate>2020-11-18</lastModificationDate>
    <bibliographyLink>
        <description>K.E. Noorani, B. Akih-Kumgeh, J.M. Bergthorson, Energy and Fuels 24 (2010), 5834-5843</description>
        <referenceDOI>10.1021/ef1009692</referenceDOI>
        <location>Supplementary Material</location>
        <table>Table 8 (supp. inf.), mixture 3, phi = 2, D = 15, p = 2 atm</table>
        <figure>shown in main article, Fig. 7, cross (not used)</figure>
        <details>
            <author>Noorani, Khalid Emilio and Akih-Kumgeh, Benjamin and Bergthorson, Jeffrey M</author>
            <journal>Energy Fuels</journal>
            <number>11</number>
            <pages>5834--5843</pages>
            <title>Comparative High Temperature Shock Tube Ignition of C$_{1}$--C$_{4}$ Primary Alcohols</title>
            <volume>24</volume>
            <year>2010</year>
        </details>
    </bibliographyLink>
    <experimentType>ignition delay measurement</experimentType>
    <apparatus>
        <kind>shock tube</kind>
        <mode>reflected shock</mode>
    </apparatus>
    <commonProperties>
        <property name="pressure"                      label="P"  sourcetype="reported"    units="atm"           ><value>12</value></property>
        <property name="initial composition"           sourcetype="calculated" >
            <component><speciesLink preferredKey="CH3OH"  CAS="67-56-1"    InChI="1S/CH4O/c1-2/h2H,1H3"  SMILES="CO"    chemName="methanol" /><amount units="mole fraction" >0.077</amount></component>
            <component><speciesLink preferredKey="O2"     CAS="7782-44-7"  InChI="1S/O2/c1-2"            SMILES="O=O"   chemName="oxygen"   /><amount units="mole fraction" >0.058</amount></component>
            <component><speciesLink preferredKey="Ar"     CAS="7440-37-1"  InChI="1S/Ar"                 SMILES="[Ar]"  chemName="argon"    /><amount units="mole fraction" >0.865</amount></component>
        </property>
        <property name="evaluated standard deviation"  sourcetype="estimated"   units="unitless"       reference="ignition delay"  kind="relative"  method="generic uncertainty" ><value>0.1</value></property>
    </commonProperties>
    <dataGroup id="dg1">
        <property name="temperature"     id="x1"   label="T"    sourcetype="reported"  units="K"   />
        <property name="ignition delay"  id="x2"   label="tau"  sourcetype="reported"  units="us"  />
        <property name="pressure"        id="x3"   label="P"    sourcetype="reported"  units="atm" />

        <dataPoint><x1>1082</x1><x2>1724</x2><x3>2.5</x3></dataPoint>
        <dataPoint><x1>1121</x1><x2>1123</x2><x3>2.5</x3></dataPoint>
        <dataPoint><x1>1131</x1><x2>0975</x2><x3>2.6</x3></dataPoint>
        <dataPoint><x1>1176</x1><x2>0773</x2><x3>2.4</x3></dataPoint>
        <dataPoint><x1>1230</x1><x2>0422</x2><x3>2.4</x3></dataPoint>
        <dataPoint><x1>1262</x1><x2>0335</x2><x3>2.4</x3></dataPoint>
        <dataPoint><x1>1310</x1><x2>0233</x2><x3>2.2</x3></dataPoint>
        <dataPoint><x1>1406</x1><x2>0140</x2><x3>2.0</x3></dataPoint>
        <dataPoint><x1>1514</x1><x2>0089</x2><x3>1.7</x3></dataPoint>
        <dataPoint><x1>1530</x1><x2>0074</x2><x3>1.9</x3></dataPoint>
        <dataPoint><x1>1566</x1><x2>0075</x2><x3>1.9</x3></dataPoint>
        <dataPoint><x1>1639</x1><x2>0064</x2><x3>1.7</x3></dataPoint>
    </dataGroup>
    <ignitionType target="CHEX;" type="baseline min intercept from d/dt"/>
</experiment>
