<experiment>
    <fileAuthor>Chemical Kinetics Laboratory, Institute of Chemistry, ELTE, Budapest, Hungary</fileAuthor>
    <fileDOI>10.24388/x10002068</fileDOI>
    <fileVersion>
        <major>1</major>
        <minor>0</minor>
    </fileVersion>
    <ReSpecThVersion>
        <major>2</major>
        <minor>3</minor>
    </ReSpecThVersion>
    <firstPublicationDate>2016-12-05</firstPublicationDate>
    <lastModificationDate>2020-11-18</lastModificationDate>
    <bibliographyLink>
        <description>J. Herzler, C. Naumann: Ignition Delay Time Measurements for the Validation of Reaction Mechanisms for Different Alcohols. Proc. Europ. Combust Meeting 2013. Paper P3-8</description>
        <location>Main article, raw data obtain from the authors</location>
        <figure>Fig. 2, black circle</figure>
        <details>
            <author>Herzler, J and Naumann, C</author>
            <journal>Proceedings of the 6th European Combustion Meeting</journal>
            <pages>Paper P3--8</pages>
            <title>Ignition Delay Time Measurements for the Validation of Reaction Mechanisms for Different Alcohols</title>
            <year>2013</year>
        </details>
    </bibliographyLink>
    <experimentType>ignition delay measurement</experimentType>
    <apparatus>
        <kind>shock tube</kind>
        <mode>reflected shock</mode>
    </apparatus>
    <commonProperties>
        <property name="initial composition"           sourcetype="reported"  >
            <component><speciesLink preferredKey="CH3OH"  CAS="67-56-1"    InChI="1S/CH4O/c1-2/h2H,1H3"  SMILES="CO"    chemName="methanol" /><amount units="mole fraction" >0.024082</amount></component>
            <component><speciesLink preferredKey="O2"     CAS="7782-44-7"  InChI="1S/O2/c1-2"            SMILES="O=O"   chemName="oxygen"   /><amount units="mole fraction" >0.036484</amount></component>
            <component><speciesLink preferredKey="Ar"     CAS="7440-37-1"  InChI="1S/Ar"                 SMILES="[Ar]"  chemName="argon"    /><amount units="mole fraction" >0.939434</amount></component>
        </property>
        <property name="evaluated standard deviation"  sourcetype="estimated"  units="unitless"       reference="ignition delay"  kind="relative"  method="generic uncertainty" ><value>0.1</value></property>
    </commonProperties>
    <dataGroup id="dg1">
        <property name="temperature"     id="x1"   label="T"    sourcetype="reported"  units="K"   />
        <property name="pressure"        id="x2"   label="P"    sourcetype="reported"  units="bar" />
        <property name="ignition delay"  id="x3"   label="tau"  sourcetype="reported"  units="us"  />

        <dataPoint><x1>0963</x1><x2>15.81</x2><x3>6332</x3></dataPoint>
        <dataPoint><x1>1021</x1><x2>16.71</x2><x3>2899</x3></dataPoint>
        <dataPoint><x1>1044</x1><x2>16.53</x2><x3>2338</x3></dataPoint>
        <dataPoint><x1>1093</x1><x2>17.03</x2><x3>1192</x3></dataPoint>
        <dataPoint><x1>1143</x1><x2>15.81</x2><x3>0732</x3></dataPoint>
        <dataPoint><x1>1156</x1><x2>18.86</x2><x3>0521</x3></dataPoint>
        <dataPoint><x1>1212</x1><x2>15.74</x2><x3>0313</x3></dataPoint>
        <dataPoint><x1>1268</x1><x2>15.15</x2><x3>0210</x3></dataPoint>
        <dataPoint><x1>1272</x1><x2>15.67</x2><x3>0199</x3></dataPoint>
        <dataPoint><x1>1326</x1><x2>15.85</x2><x3>0104</x3></dataPoint>
        <dataPoint><x1>1374</x1><x2>16.72</x2><x3>0067</x3></dataPoint>
        <dataPoint><x1>1408</x1><x2>16.63</x2><x3>0048</x3></dataPoint>
        <dataPoint><x1>1438</x1><x2>16.10</x2><x3>0040</x3></dataPoint>
    </dataGroup>
    <ignitionType target="CHEX;" type="max"/>
    <comment>VTIM calculated at mean temperature (1200.5 K) was used</comment>
    <dataGroup id="dg2">
        <property name="time"    id="x3"   label="t"  sourcetype="estimated"  units="s"   />
        <property name="volume"  id="x4"   label="V"  sourcetype="estimated"  units="cm3" />

        <dataPoint><x3>0.000000</x3><x4>1.00000000</x4></dataPoint>
        <dataPoint><x3>0.000901</x3><x4>0.99999600</x4></dataPoint>
        <dataPoint><x3>0.001254</x3><x4>0.99751686</x4></dataPoint>
        <dataPoint><x3>0.001608</x3><x4>0.99444182</x4></dataPoint>
        <dataPoint><x3>0.001962</x3><x4>0.99078112</x4></dataPoint>
        <dataPoint><x3>0.002316</x3><x4>0.98655536</x4></dataPoint>
        <dataPoint><x3>0.002669</x3><x4>0.98178335</x4></dataPoint>
        <dataPoint><x3>0.003023</x3><x4>0.97648595</x4></dataPoint>
        <dataPoint><x3>0.003377</x3><x4>0.97068210</x4></dataPoint>
        <dataPoint><x3>0.003731</x3><x4>0.96439980</x4></dataPoint>
        <dataPoint><x3>0.004084</x3><x4>0.95766454</x4></dataPoint>
        <dataPoint><x3>0.004438</x3><x4>0.95049929</x4></dataPoint>
        <dataPoint><x3>0.004792</x3><x4>0.94293847</x4></dataPoint>
        <dataPoint><x3>0.005146</x3><x4>0.93500294</x4></dataPoint>
        <dataPoint><x3>0.005499</x3><x4>0.92672107</x4></dataPoint>
        <dataPoint><x3>0.005853</x3><x4>0.91812775</x4></dataPoint>
        <dataPoint><x3>0.006207</x3><x4>0.90924457</x4></dataPoint>
        <dataPoint><x3>0.006500</x3><x4>0.89899112</x4></dataPoint>
        <dataPoint><x3>0.006550</x3><x4>0.89769474</x4></dataPoint>
        <dataPoint><x3>0.006600</x3><x4>0.89639403</x4></dataPoint>
        <dataPoint><x3>0.006650</x3><x4>0.89508906</x4></dataPoint>
        <dataPoint><x3>0.006700</x3><x4>0.89377990</x4></dataPoint>
        <dataPoint><x3>0.006750</x3><x4>0.89246663</x4></dataPoint>
        <dataPoint><x3>0.006800</x3><x4>0.89114633</x4></dataPoint>
        <dataPoint><x3>0.006850</x3><x4>0.88982802</x4></dataPoint>
        <dataPoint><x3>0.006900</x3><x4>0.88849987</x4></dataPoint>
        <dataPoint><x3>0.006950</x3><x4>0.88716791</x4></dataPoint>
        <dataPoint><x3>0.007000</x3><x4>0.88583515</x4></dataPoint>
        <dataPoint><x3>0.007050</x3><x4>0.88449285</x4></dataPoint>
        <dataPoint><x3>0.007100</x3><x4>0.88315279</x4></dataPoint>
        <dataPoint><x3>0.007150</x3><x4>0.88180338</x4></dataPoint>
        <dataPoint><x3>0.007200</x3><x4>0.88045343</x4></dataPoint>
        <dataPoint><x3>0.007250</x3><x4>0.87910296</x4></dataPoint>
        <dataPoint><x3>0.007300</x3><x4>0.87774053</x4></dataPoint>
        <dataPoint><x3>0.007350</x3><x4>0.87638061</x4></dataPoint>
        <dataPoint><x3>0.007400</x3><x4>0.87501466</x4></dataPoint>
        <dataPoint><x3>0.007450</x3><x4>0.87364844</x4></dataPoint>
        <dataPoint><x3>0.007500</x3><x4>0.87227634</x4></dataPoint>
        <dataPoint><x3>0.007550</x3><x4>0.87090128</x4></dataPoint>
        <dataPoint><x3>0.007600</x3><x4>0.86952332</x4></dataPoint>
        <dataPoint><x3>0.007650</x3><x4>0.86814532</x4></dataPoint>
        <dataPoint><x3>0.007700</x3><x4>0.86675897</x4></dataPoint>
        <dataPoint><x3>0.007750</x3><x4>0.86537270</x4></dataPoint>
        <dataPoint><x3>0.007800</x3><x4>0.86398104</x4></dataPoint>
        <dataPoint><x3>0.007850</x3><x4>0.86258957</x4></dataPoint>
        <dataPoint><x3>0.007900</x3><x4>0.86119286</x4></dataPoint>
        <dataPoint><x3>0.007950</x3><x4>0.85979645</x4></dataPoint>
        <dataPoint><x3>0.008000</x3><x4>0.85839494</x4></dataPoint>
        <dataPoint><x3>0.008050</x3><x4>0.85698843</x4></dataPoint>
        <dataPoint><x3>0.008100</x3><x4>0.85558509</x4></dataPoint>
        <dataPoint><x3>0.008150</x3><x4>0.85417687</x4></dataPoint>
        <dataPoint><x3>0.008200</x3><x4>0.85276654</x4></dataPoint>
        <dataPoint><x3>0.008250</x3><x4>0.85135415</x4></dataPoint>
        <dataPoint><x3>0.008300</x3><x4>0.84993713</x4></dataPoint>
        <dataPoint><x3>0.008350</x3><x4>0.84852083</x4></dataPoint>
        <dataPoint><x3>0.008400</x3><x4>0.84710004</x4></dataPoint>
        <dataPoint><x3>0.008450</x3><x4>0.84567746</x4></dataPoint>
        <dataPoint><x3>0.008500</x3><x4>0.84425314</x4></dataPoint>
        <dataPoint><x3>0.008550</x3><x4>0.84282974</x4></dataPoint>
        <dataPoint><x3>0.008600</x3><x4>0.84139955</x4></dataPoint>
        <dataPoint><x3>0.008650</x3><x4>0.83997039</x4></dataPoint>
        <dataPoint><x3>0.008700</x3><x4>0.83853972</x4></dataPoint>
        <dataPoint><x3>0.008750</x3><x4>0.83711016</x4></dataPoint>
        <dataPoint><x3>0.008800</x3><x4>0.83567159</x4></dataPoint>
        <dataPoint><x3>0.008850</x3><x4>0.83423677</x4></dataPoint>
        <dataPoint><x3>0.008900</x3><x4>0.83280067</x4></dataPoint>
        <dataPoint><x3>0.008950</x3><x4>0.83135835</x4></dataPoint>
        <dataPoint><x3>0.009000</x3><x4>0.82991740</x4></dataPoint>
        <dataPoint><x3>0.009050</x3><x4>0.82847783</x4></dataPoint>
        <dataPoint><x3>0.009100</x3><x4>0.82703473</x4></dataPoint>
        <dataPoint><x3>0.009150</x3><x4>0.82558819</x4></dataPoint>
        <dataPoint><x3>0.009200</x3><x4>0.82414319</x4></dataPoint>
        <dataPoint><x3>0.009250</x3><x4>0.82269486</x4></dataPoint>
        <dataPoint><x3>0.009300</x3><x4>0.82125058</x4></dataPoint>
        <dataPoint><x3>0.009350</x3><x4>0.81980067</x4></dataPoint>
        <dataPoint><x3>0.009400</x3><x4>0.81835005</x4></dataPoint>
        <dataPoint><x3>0.009450</x3><x4>0.81690117</x4></dataPoint>
        <dataPoint><x3>0.009500</x3><x4>0.81544928</x4></dataPoint>
        <dataPoint><x3>0.009550</x3><x4>0.81399683</x4></dataPoint>
        <dataPoint><x3>0.009600</x3><x4>0.81254151</x4></dataPoint>
        <dataPoint><x3>0.009650</x3><x4>0.81109045</x4></dataPoint>
        <dataPoint><x3>0.009700</x3><x4>0.80963662</x4></dataPoint>
        <dataPoint><x3>0.009750</x3><x4>0.80818242</x4></dataPoint>
        <dataPoint><x3>0.009800</x3><x4>0.80672328</x4></dataPoint>
        <dataPoint><x3>0.009850</x3><x4>0.80526851</x4></dataPoint>
        <dataPoint><x3>0.009900</x3><x4>0.80381123</x4></dataPoint>
        <dataPoint><x3>0.009950</x3><x4>0.80235378</x4></dataPoint>
        <dataPoint><x3>0.010000</x3><x4>0.80089622</x4></dataPoint>
    </dataGroup>
</experiment>
