<experiment>
    <fileAuthor>Chemical Kinetics Laboratory, Institute of Chemistry, ELTE, Budapest, Hungary</fileAuthor>
    <fileDOI>10.24388/x10002048</fileDOI>
    <fileVersion>
        <major>1</major>
        <minor>0</minor>
    </fileVersion>
    <ReSpecThVersion>
        <major>2</major>
        <minor>3</minor>
    </ReSpecThVersion>
    <firstPublicationDate>2016-12-05</firstPublicationDate>
    <lastModificationDate>2020-11-18</lastModificationDate>
    <bibliographyLink>
        <description>T. Tsuboi, K. Hashimoto, Combust. Flame 42 (1981), 61-76</description>
        <referenceDOI>10.1016/0010-2180(81)90142-5</referenceDOI>
        <location>Main article</location>
        <figure>Fig. 4, lower half circle</figure>
        <details>
            <author>Tsuboi, Takao and Hashimoto, Kazunobu</author>
            <journal>Combust Flame</journal>
            <pages>61--76</pages>
            <title>Shock tube study on homogeneous thermal oxidation of methanol</title>
            <volume>42</volume>
            <year>1981</year>
        </details>
    </bibliographyLink>
    <experimentType>ignition delay measurement</experimentType>
    <apparatus>
        <kind>shock tube</kind>
        <mode>reflected shock</mode>
    </apparatus>
    <commonProperties>
        <property name="temperature"                   label="T"  sourcetype="reported"    units="K"        ><value>1500</value></property>
        <property name="pressure"                      label="P"  sourcetype="calculated"  units="atm"      ><value>6.154</value></property>
        <property name="evaluated standard deviation"  sourcetype="estimated"   units="unitless"  reference="ignition delay"  kind="relative"  method="generic uncertainty" ><value>0.2</value></property>
    </commonProperties>
    <dataGroup id="dg1">
        <property name="ignition delay"  id="x1"   label="tau"      sourcetype="digitized"  units="us"            />
        <property name="concentration"   id="x2"   label="[CH3OH]"  sourcetype="reported"   units="mole fraction" >
            <speciesLink preferredKey="CH3OH"  CAS="67-56-1"    InChI="1S/CH4O/c1-2/h2H,1H3"  SMILES="CO"    chemName="methanol" />
        </property>
        <property name="concentration"   id="x3"   label="[O2]"     sourcetype="reported"   units="mole fraction" >
            <speciesLink preferredKey="O2"     CAS="7782-44-7"  InChI="1S/O2/c1-2"            SMILES="O=O"   chemName="oxygen"   />
        </property>
        <property name="concentration"   id="x4"   label="[Ar]"     sourcetype="reported"   units="mole fraction" >
            <speciesLink preferredKey="Ar"     CAS="7440-37-1"  InChI="1S/Ar"                 SMILES="[Ar]"  chemName="argon"    />
        </property>

        <dataPoint><x1>064</x1><x2>0.002000</x2><x3>0.001500</x3><x4>0.996500</x4></dataPoint>
        <dataPoint><x1>062</x1><x2>0.002000</x2><x3>0.003000</x3><x4>0.995000</x4></dataPoint>
        <dataPoint><x1>048</x1><x2>0.002000</x2><x3>0.015000</x3><x4>0.983000</x4></dataPoint>
    </dataGroup>
    <ignitionType target="CH3OH;" type="baseline max intercept from d/dt"/>
</experiment>
