<experiment>
    <fileAuthor>Chemical Kinetics Laboratory, Institute of Chemistry, ELTE, Budapest, Hungary</fileAuthor>
    <fileDOI>10.24388/x10002101</fileDOI>
    <fileVersion>
        <major>1</major>
        <minor>0</minor>
    </fileVersion>
    <ReSpecThVersion>
        <major>2</major>
        <minor>3</minor>
    </ReSpecThVersion>
    <firstPublicationDate>2016-12-05</firstPublicationDate>
    <lastModificationDate>2020-11-18</lastModificationDate>
    <bibliographyLink>
        <description>B. Eiteneer, C.-L. Yu, M. Goldenberg, M. Frenklach, J. Phys. Chem. A 102 (1998), 5196-5205</description>
        <referenceDOI>10.1021/jp981184v</referenceDOI>
        <location>Main article</location>
        <table>Table 1, Series A, t0,50</table>
        <details>
            <author>Eiteneer, B and Yu, C-L and Goldenberg, M and Frenklach, M</author>
            <journal>J Phys Chem A</journal>
            <number>27</number>
            <pages>5196--5205</pages>
            <title>Determination of Rate Coefficients for Reactions of Formaldehyde Pyrolysis and Oxidation in the Gas Phase</title>
            <volume>102</volume>
            <year>1998</year>
        </details>
    </bibliographyLink>
    <experimentType>ignition delay measurement</experimentType>
    <apparatus>
        <kind>shock tube</kind>
        <mode>reflected shock</mode>
    </apparatus>
    <commonProperties>
        <property name="pressure"                      label="P"  sourcetype="estimated"   units="atm"           ><value>1.6</value></property>
        <property name="initial composition"           sourcetype="calculated" >
            <component><speciesLink preferredKey="CH2O"  CAS="50-00-0"    InChI="1S/CH2O/c1-2/h1H2"  SMILES="C=O"   chemName="formaldehyde" /><amount units="mole fraction" >0.0197</amount></component>
            <component><speciesLink preferredKey="O2"    CAS="7782-44-7"  InChI="1S/O2/c1-2"         SMILES="O=O"   chemName="oxygen"       /><amount units="mole fraction" >0.0000</amount></component>
            <component><speciesLink preferredKey="Ar"    CAS="7440-37-1"  InChI="1S/Ar"              SMILES="[Ar]"  chemName="argon"        /><amount units="mole fraction" >0.9803</amount></component>
        </property>
        <property name="evaluated standard deviation"  sourcetype="estimated"   units="unitless"       reference="ignition delay"  kind="relative"  method="statistical scatter" ><value>0.18</value></property>
    </commonProperties>
    <dataGroup id="dg1">
        <property name="temperature"     id="x1"   label="T"    sourcetype="reported"  units="K"  />
        <property name="ignition delay"  id="x2"   label="tau"  sourcetype="reported"  units="us" />

        <dataPoint><x1>1639</x1><x2>249.5</x2></dataPoint>
        <dataPoint><x1>1656</x1><x2>169.1</x2></dataPoint>
        <dataPoint><x1>1701</x1><x2>187.5</x2></dataPoint>
        <dataPoint><x1>1750</x1><x2>105.3</x2></dataPoint>
        <dataPoint><x1>1760</x1><x2>110.9</x2></dataPoint>
        <dataPoint><x1>1826</x1><x2>068.7</x2></dataPoint>
        <dataPoint><x1>1840</x1><x2>080.1</x2></dataPoint>
        <dataPoint><x1>1856</x1><x2>045.8</x2></dataPoint>
        <dataPoint><x1>1862</x1><x2>052.6</x2></dataPoint>
        <dataPoint><x1>1876</x1><x2>046.1</x2></dataPoint>
        <dataPoint><x1>1934</x1><x2>035.3</x2></dataPoint>
        <dataPoint><x1>1936</x1><x2>045.0</x2></dataPoint>
        <dataPoint><x1>1992</x1><x2>023.3</x2></dataPoint>
        <dataPoint><x1>2003</x1><x2>023.1</x2></dataPoint>
        <dataPoint><x1>2011</x1><x2>014.9</x2></dataPoint>
    </dataGroup>
    <ignitionType target="CO;" type="relative concentration" amount="0.5" units="unitless"/>
    <comment>pyrolysis</comment>
    <comment>pressures range from 0.7 to 2.5 atm - average pressure of 1.6 atm was assumed</comment>
</experiment>
