<experiment>
    <fileAuthor>Chemical Kinetics Laboratory, Institute of Chemistry, ELTE, Budapest, Hungary</fileAuthor>
    <fileDOI>10.24388/x10002010</fileDOI>
    <fileVersion>
        <major>1</major>
        <minor>0</minor>
    </fileVersion>
    <ReSpecThVersion>
        <major>2</major>
        <minor>3</minor>
    </ReSpecThVersion>
    <firstPublicationDate>2016-12-05</firstPublicationDate>
    <lastModificationDate>2020-11-18</lastModificationDate>
    <bibliographyLink>
        <description>K. Fieweger, R. Blumenthal, G. Adomeit, Combust. Flame, 109 (1997), 599-619</description>
        <referenceDOI>10.1016/S0010-2180(97)00049-7</referenceDOI>
        <location>Main article</location>
        <figure>Fig. 20, full triangle</figure>
        <details>
            <author>Fieweger, K and Blumenthal, R and Adomeit, G</author>
            <journal>Combust Flame</journal>
            <number>4</number>
            <pages>599--619</pages>
            <title>Self-Ignition of S.I. Engine Model Fuels: A Shock Tube Investigation at High Pressure</title>
            <volume>109</volume>
            <year>1997</year>
        </details>
    </bibliographyLink>
    <experimentType>ignition delay measurement</experimentType>
    <apparatus>
        <kind>shock tube</kind>
        <mode>reflected shock</mode>
    </apparatus>
    <commonProperties>
        <property name="pressure"                      label="P"  sourcetype="reported"    units="bar"           ><value>13</value></property>
        <property name="initial composition"           sourcetype="calculated" >
            <component><speciesLink preferredKey="CH3OH"  CAS="67-56-1"    InChI="1S/CH4O/c1-2/h2H,1H3"  SMILES="CO"   chemName="methanol" /><amount units="mole fraction" >0.12285</amount></component>
            <component><speciesLink preferredKey="O2"     CAS="7782-44-7"  InChI="1S/O2/c1-2"            SMILES="O=O"  chemName="oxygen"   /><amount units="mole fraction" >0.18428</amount></component>
            <component><speciesLink preferredKey="N2"     CAS="7727-37-9"  InChI="1S/N2/c1-2"            SMILES="N#N"  chemName="nitrogen" /><amount units="mole fraction" >0.69287</amount></component>
        </property>
        <property name="evaluated standard deviation"  sourcetype="estimated"   units="unitless"       reference="ignition delay"  kind="relative"  method="generic uncertainty" ><value>0.1</value></property>
    </commonProperties>
    <dataGroup id="dg1">
        <property name="temperature"     id="x1"   label="T"    sourcetype="digitized"  units="K"  />
        <property name="ignition delay"  id="x2"   label="tau"  sourcetype="digitized"  units="us" />

        <dataPoint><x1>1208</x1><x2>0063</x2></dataPoint>
        <dataPoint><x1>1136</x1><x2>0174</x2></dataPoint>
        <dataPoint><x1>1122</x1><x2>0237</x2></dataPoint>
        <dataPoint><x1>1037</x1><x2>0909</x2></dataPoint>
        <dataPoint><x1>0962</x1><x2>1990</x2></dataPoint>
        <dataPoint><x1>0942</x1><x2>3029</x2></dataPoint>
        <dataPoint><x1>0899</x1><x2>4177</x2></dataPoint>
    </dataGroup>
    <ignitionType target="p;" type="d/dt max"/>
</experiment>
