<experiment>
    <fileAuthor>Chemical Kinetics Laboratory, Institute of Chemistry, ELTE, Budapest, Hungary</fileAuthor>
    <fileDOI>10.24388/x10002066</fileDOI>
    <fileVersion>
        <major>1</major>
        <minor>0</minor>
    </fileVersion>
    <ReSpecThVersion>
        <major>2</major>
        <minor>3</minor>
    </ReSpecThVersion>
    <firstPublicationDate>2016-12-05</firstPublicationDate>
    <lastModificationDate>2020-11-18</lastModificationDate>
    <bibliographyLink>
        <description>J. Herzler, C. Naumann: Ignition Delay Time Measurements for the Validation of Reaction Mechanisms for Different Alcohols. Proc. Europ. Combust Meeting 2013. Paper P3-8</description>
        <location>Main article, raw data obtain from the authors</location>
        <figure>Fig. 2, blue square</figure>
        <details>
            <author>Herzler, J and Naumann, C</author>
            <journal>Proceedings of the 6th European Combustion Meeting</journal>
            <pages>Paper P3--8</pages>
            <title>Ignition Delay Time Measurements for the Validation of Reaction Mechanisms for Different Alcohols</title>
            <year>2013</year>
        </details>
    </bibliographyLink>
    <experimentType>ignition delay measurement</experimentType>
    <apparatus>
        <kind>shock tube</kind>
        <mode>reflected shock</mode>
    </apparatus>
    <commonProperties>
        <property name="initial composition"           sourcetype="reported"  >
            <component><speciesLink preferredKey="CH3OH"  CAS="67-56-1"    InChI="1S/CH4O/c1-2/h2H,1H3"  SMILES="CO"    chemName="methanol" /><amount units="mole fraction" >0.024082</amount></component>
            <component><speciesLink preferredKey="O2"     CAS="7782-44-7"  InChI="1S/O2/c1-2"            SMILES="O=O"   chemName="oxygen"   /><amount units="mole fraction" >0.036484</amount></component>
            <component><speciesLink preferredKey="Ar"     CAS="7440-37-1"  InChI="1S/Ar"                 SMILES="[Ar]"  chemName="argon"    /><amount units="mole fraction" >0.939434</amount></component>
        </property>
        <property name="evaluated standard deviation"  sourcetype="estimated"  units="unitless"       reference="ignition delay"  kind="relative"  method="statistical scatter" ><value>0.16</value></property>
    </commonProperties>
    <dataGroup id="dg1">
        <property name="temperature"     id="x1"   label="T"    sourcetype="reported"  units="K"   />
        <property name="pressure"        id="x2"   label="P"    sourcetype="reported"  units="bar" />
        <property name="ignition delay"  id="x3"   label="tau"  sourcetype="reported"  units="us"  />

        <dataPoint><x1>1152</x1><x2>0.97</x2><x3>6142</x3></dataPoint>
        <dataPoint><x1>1191</x1><x2>1.02</x2><x3>6118</x3></dataPoint>
        <dataPoint><x1>1244</x1><x2>0.98</x2><x3>3380</x3></dataPoint>
        <dataPoint><x1>1290</x1><x2>0.99</x2><x3>2193</x3></dataPoint>
        <dataPoint><x1>1358</x1><x2>1.00</x2><x3>1222</x3></dataPoint>
        <dataPoint><x1>1396</x1><x2>1.05</x2><x3>1220</x3></dataPoint>
        <dataPoint><x1>1538</x1><x2>1.05</x2><x3>0259</x3></dataPoint>
        <dataPoint><x1>1591</x1><x2>1.01</x2><x3>0153</x3></dataPoint>
        <dataPoint><x1>1694</x1><x2>1.02</x2><x3>0064</x3></dataPoint>
        <dataPoint><x1>1712</x1><x2>0.99</x2><x3>0075</x3></dataPoint>
        <dataPoint><x1>1855</x1><x2>1.08</x2><x3>0026</x3></dataPoint>
    </dataGroup>
    <ignitionType target="CHEX;" type="max"/>
</experiment>
