<experiment>
    <fileAuthor>Chemical Kinetics Laboratory, Institute of Chemistry, ELTE, Budapest, Hungary</fileAuthor>
    <fileDOI>10.24388/x10002025</fileDOI>
    <fileVersion>
        <major>1</major>
        <minor>0</minor>
    </fileVersion>
    <ReSpecThVersion>
        <major>2</major>
        <minor>3</minor>
    </ReSpecThVersion>
    <firstPublicationDate>2016-12-05</firstPublicationDate>
    <lastModificationDate>2020-11-18</lastModificationDate>
    <bibliographyLink>
        <description>U. Burke (2012), unpublished data from NUI Galway, Case No. 8</description>
        <location>Main article</location>
    </bibliographyLink>
    <experimentType>ignition delay measurement</experimentType>
    <apparatus>
        <kind>shock tube</kind>
        <mode>reflected shock</mode>
    </apparatus>
    <commonProperties>
        <property name="initial composition"           sourcetype="reported"  >
            <component><speciesLink preferredKey="CH3OH"  CAS="67-56-1"    InChI="1S/CH4O/c1-2/h2H,1H3"  SMILES="CO"   chemName="methanol" /><amount units="mole fraction" >0.08</amount></component>
            <component><speciesLink preferredKey="O2"     CAS="7782-44-7"  InChI="1S/O2/c1-2"            SMILES="O=O"  chemName="oxygen"   /><amount units="mole fraction" >0.12</amount></component>
            <component><speciesLink preferredKey="N2"     CAS="7727-37-9"  InChI="1S/N2/c1-2"            SMILES="N#N"  chemName="nitrogen" /><amount units="mole fraction" >0.80</amount></component>
        </property>
        <property name="evaluated standard deviation"  sourcetype="estimated"  units="unitless"       reference="ignition delay"  kind="relative"  method="generic uncertainty" ><value>0.1</value></property>
    </commonProperties>
    <dataGroup id="dg1">
        <property name="temperature"     id="x1"   label="T"    sourcetype="reported"  units="K"   />
        <property name="ignition delay"  id="x2"   label="tau"  sourcetype="reported"  units="us"  />
        <property name="pressure"        id="x3"   label="P"    sourcetype="reported"  units="atm" />

        <dataPoint><x1>1207.20</x1><x2>0068</x2><x3>19.46</x3></dataPoint>
        <dataPoint><x1>1154.60</x1><x2>0120</x2><x3>20.48</x3></dataPoint>
        <dataPoint><x1>1096.20</x1><x2>0258</x2><x3>21.07</x3></dataPoint>
        <dataPoint><x1>1010.20</x1><x2>0830</x2><x3>19.06</x3></dataPoint>
        <dataPoint><x1>1007.60</x1><x2>0904</x2><x3>19.83</x3></dataPoint>
        <dataPoint><x1>1067.90</x1><x2>0352</x2><x3>20.18</x3></dataPoint>
        <dataPoint><x1>1111.40</x1><x2>0202</x2><x3>19.79</x3></dataPoint>
        <dataPoint><x1>1172.50</x1><x2>0094</x2><x3>19.55</x3></dataPoint>
    </dataGroup>
    <ignitionType target="p;" type="d/dt max"/>
</experiment>
