<experiment>
    <fileAuthor>Chemical Kinetics Laboratory, Institute of Chemistry, ELTE, Budapest, Hungary</fileAuthor>
    <fileDOI>10.24388/x10002005</fileDOI>
    <fileVersion>
        <major>1</major>
        <minor>0</minor>
    </fileVersion>
    <ReSpecThVersion>
        <major>2</major>
        <minor>3</minor>
    </ReSpecThVersion>
    <firstPublicationDate>2016-12-05</firstPublicationDate>
    <lastModificationDate>2020-11-18</lastModificationDate>
    <bibliographyLink>
        <description>C.T. Bowman, Combust. Flame 25 (1975), 343-354</description>
        <referenceDOI>10.1016/0010-2180(75)90106-6</referenceDOI>
        <location>Main article</location>
        <table>Table 2, Mixture 5</table>
        <details>
            <author>Bowman, C T</author>
            <journal>Combust Flame</journal>
            <pages>343--354</pages>
            <title>A Shock-Tube Investigation of the High Temperature Oxidation of Methanol</title>
            <volume>25</volume>
            <year>1975</year>
        </details>
    </bibliographyLink>
    <experimentType>ignition delay measurement</experimentType>
    <apparatus>
        <kind>shock tube</kind>
        <mode>reflected shock</mode>
    </apparatus>
    <commonProperties>
        <property name="initial composition"           sourcetype="reported"  >
            <component><speciesLink preferredKey="CH3OH"  CAS="67-56-1"    InChI="1S/CH4O/c1-2/h2H,1H3"  SMILES="CO"    chemName="methanol" /><amount units="mole fraction" >0.01</amount></component>
            <component><speciesLink preferredKey="O2"     CAS="7782-44-7"  InChI="1S/O2/c1-2"            SMILES="O=O"   chemName="oxygen"   /><amount units="mole fraction" >0.04</amount></component>
            <component><speciesLink preferredKey="Ar"     CAS="7440-37-1"  InChI="1S/Ar"                 SMILES="[Ar]"  chemName="argon"    /><amount units="mole fraction" >0.95</amount></component>
        </property>
        <property name="evaluated standard deviation"  sourcetype="estimated"  units="unitless"       reference="ignition delay"  kind="relative"  method="generic uncertainty" ><value>0.2</value></property>
    </commonProperties>
    <dataGroup id="dg1">
        <property name="temperature"     id="x1"   label="T"    sourcetype="reported"    units="K"   />
        <property name="ignition delay"  id="x2"   label="tau"  sourcetype="reported"    units="us"  />
        <property name="pressure"        id="x3"   label="P"    sourcetype="calculated"  units="atm" />

        <dataPoint><x1>1555</x1><x2>140</x2><x3>2.935</x3></dataPoint>
        <dataPoint><x1>1585</x1><x2>084</x2><x3>2.887</x3></dataPoint>
        <dataPoint><x1>1710</x1><x2>036</x2><x3>2.989</x3></dataPoint>
        <dataPoint><x1>1855</x1><x2>021</x2><x3>3.090</x3></dataPoint>
        <dataPoint><x1>1945</x1><x2>014</x2><x3>3.016</x3></dataPoint>
        <dataPoint><x1>2030</x1><x2>009</x2><x3>3.215</x3></dataPoint>
    </dataGroup>
    <ignitionType target="CO;O;" type="max"/>
</experiment>
