<experiment>
    <fileAuthor>Chemical Kinetics Laboratory, Institute of Chemistry, ELTE, Budapest, Hungary</fileAuthor>
    <fileDOI>10.24388/x10002078</fileDOI>
    <fileVersion>
        <major>1</major>
        <minor>0</minor>
    </fileVersion>
    <ReSpecThVersion>
        <major>2</major>
        <minor>3</minor>
    </ReSpecThVersion>
    <firstPublicationDate>2016-12-05</firstPublicationDate>
    <lastModificationDate>2020-11-18</lastModificationDate>
    <bibliographyLink>
        <description>U. Burke, W.K. Metcalfe, S.M. Burke, K.A. Heufer, P. Dagaut, H.J. Curran, Combust. Flame 165 (2016), 125-136</description>
        <referenceDOI>10.1016/j.combustflame.2015.11.004</referenceDOI>
        <location>Supp. Mat. mmc3, Dataset 15</location>
        <details>
            <author>Burke, Ultan and Metcalfe, Wayne K and Burke, Sin{\'{e}}ad M and Heufer, K Alexander and Dagaut, Philippe and Curran, Henry J</author>
            <journal>Combust Flame</journal>
            <pages>125--136</pages>
            <title>A detailed chemical kinetic modeling, ignition delay time and jet-stirred reactor study of methanol oxidation</title>
            <volume>165</volume>
            <year>2016</year>
        </details>
    </bibliographyLink>
    <experimentType>ignition delay measurement</experimentType>
    <apparatus>
        <kind>shock tube</kind>
        <mode>reflected shock</mode>
    </apparatus>
    <commonProperties>
        <property name="initial composition"           sourcetype="reported"  >
            <component><speciesLink preferredKey="CH3OH"  CAS="67-56-1"    InChI="1S/CH4O/c1-2/h2H,1H3"  SMILES="CO"   chemName="methanol" /><amount units="mole fraction" >0.21882</amount></component>
            <component><speciesLink preferredKey="O2"     CAS="7782-44-7"  InChI="1S/O2/c1-2"            SMILES="O=O"  chemName="oxygen"   /><amount units="mole fraction" >0.16411</amount></component>
            <component><speciesLink preferredKey="N2"     CAS="7727-37-9"  InChI="1S/N2/c1-2"            SMILES="N#N"  chemName="nitrogen" /><amount units="mole fraction" >0.61707</amount></component>
        </property>
        <property name="evaluated standard deviation"  sourcetype="estimated"  units="unitless"       reference="ignition delay"  kind="relative"  method="generic uncertainty" ><value>0.1</value></property>
    </commonProperties>
    <dataGroup id="dg1">
        <property name="temperature"     id="x1"   label="T"    sourcetype="reported"  units="K"   />
        <property name="ignition delay"  id="x2"   label="tau"  sourcetype="reported"  units="us"  />
        <property name="pressure"        id="x3"   label="P"    sourcetype="reported"  units="atm" />

        <dataPoint><x1>1015.1</x1><x2>0263.980</x2><x3>51.641</x3></dataPoint>
        <dataPoint><x1>1061.2</x1><x2>0127.778</x2><x3>50.994</x3></dataPoint>
        <dataPoint><x1>1118.3</x1><x2>0059.085</x2><x3>51.712</x3></dataPoint>
        <dataPoint><x1>0909.3</x1><x2>1527.000</x2><x3>51.088</x3></dataPoint>
        <dataPoint><x1>1027.7</x1><x2>0241.831</x2><x3>50.005</x3></dataPoint>
        <dataPoint><x1>1206.4</x1><x2>0021.476</x2><x3>50.283</x3></dataPoint>
    </dataGroup>
    <ignitionType target="p;" type="d/dt max"/>
</experiment>
