<experiment>
    <fileAuthor>Chemical Kinetics Laboratory, Institute of Chemistry, ELTE, Budapest, Hungary</fileAuthor>
    <fileDOI>10.24388/x10002014</fileDOI>
    <fileVersion>
        <major>1</major>
        <minor>0</minor>
    </fileVersion>
    <ReSpecThVersion>
        <major>2</major>
        <minor>3</minor>
    </ReSpecThVersion>
    <firstPublicationDate>2016-12-05</firstPublicationDate>
    <lastModificationDate>2020-11-18</lastModificationDate>
    <bibliographyLink>
        <description>K.E. Noorani, B. Akih-Kumgeh, J.M. Bergthorson, Energy and Fuels 24 (2010), 5834-5843</description>
        <referenceDOI>10.1021/ef1009692</referenceDOI>
        <location>Supplementary Material</location>
        <table>Table 6 bottom (supp. inf.), mixture 1, phi = 1, D = 10, p = 10 atm</table>
        <figure>shown in main article, Fig. 3, cross (not used)</figure>
        <details>
            <author>Noorani, Khalid Emilio and Akih-Kumgeh, Benjamin and Bergthorson, Jeffrey M</author>
            <journal>Energy Fuels</journal>
            <number>11</number>
            <pages>5834--5843</pages>
            <title>Comparative High Temperature Shock Tube Ignition of C$_{1}$--C$_{4}$ Primary Alcohols</title>
            <volume>24</volume>
            <year>2010</year>
        </details>
    </bibliographyLink>
    <experimentType>ignition delay measurement</experimentType>
    <apparatus>
        <kind>shock tube</kind>
        <mode>reflected shock</mode>
    </apparatus>
    <commonProperties>
        <property name="pressure"                      label="P"  sourcetype="reported"    units="atm"           ><value>10</value></property>
        <property name="initial composition"           sourcetype="calculated" >
            <component><speciesLink preferredKey="CH3OH"  CAS="67-56-1"    InChI="1S/CH4O/c1-2/h2H,1H3"  SMILES="CO"    chemName="methanol" /><amount units="mole fraction" >0.057</amount></component>
            <component><speciesLink preferredKey="O2"     CAS="7782-44-7"  InChI="1S/O2/c1-2"            SMILES="O=O"   chemName="oxygen"   /><amount units="mole fraction" >0.086</amount></component>
            <component><speciesLink preferredKey="Ar"     CAS="7440-37-1"  InChI="1S/Ar"                 SMILES="[Ar]"  chemName="argon"    /><amount units="mole fraction" >0.857</amount></component>
        </property>
        <property name="evaluated standard deviation"  sourcetype="estimated"   units="unitless"       reference="ignition delay"  kind="relative"  method="generic uncertainty" ><value>0.1</value></property>
    </commonProperties>
    <dataGroup id="dg1">
        <property name="temperature"     id="x1"   label="T"    sourcetype="reported"  units="K"   />
        <property name="ignition delay"  id="x2"   label="tau"  sourcetype="reported"  units="us"  />
        <property name="pressure"        id="x3"   label="P"    sourcetype="reported"  units="atm" />

        <dataPoint><x1>1069</x1><x2>777</x2><x3>10.50</x3></dataPoint>
        <dataPoint><x1>1081</x1><x2>673</x2><x3>10.00</x3></dataPoint>
        <dataPoint><x1>1092</x1><x2>632</x2><x3>10.90</x3></dataPoint>
        <dataPoint><x1>1090</x1><x2>613</x2><x3>10.00</x3></dataPoint>
        <dataPoint><x1>1110</x1><x2>531</x2><x3>10.40</x3></dataPoint>
        <dataPoint><x1>1109</x1><x2>503</x2><x3>10.00</x3></dataPoint>
        <dataPoint><x1>1109</x1><x2>485</x2><x3>11.00</x3></dataPoint>
        <dataPoint><x1>1142</x1><x2>316</x2><x3>09.80</x3></dataPoint>
        <dataPoint><x1>1156</x1><x2>282</x2><x3>09.60</x3></dataPoint>
        <dataPoint><x1>1154</x1><x2>271</x2><x3>10.80</x3></dataPoint>
        <dataPoint><x1>1163</x1><x2>263</x2><x3>09.80</x3></dataPoint>
        <dataPoint><x1>1166</x1><x2>240</x2><x3>10.10</x3></dataPoint>
        <dataPoint><x1>1191</x1><x2>235</x2><x3>09.35</x3></dataPoint>
        <dataPoint><x1>1171</x1><x2>230</x2><x3>10.40</x3></dataPoint>
        <dataPoint><x1>1188</x1><x2>200</x2><x3>10.20</x3></dataPoint>
        <dataPoint><x1>1212</x1><x2>158</x2><x3>10.60</x3></dataPoint>
        <dataPoint><x1>1256</x1><x2>102</x2><x3>09.60</x3></dataPoint>
        <dataPoint><x1>1247</x1><x2>098</x2><x3>09.50</x3></dataPoint>
        <dataPoint><x1>1299</x1><x2>078</x2><x3>09.70</x3></dataPoint>
    </dataGroup>
    <ignitionType target="CHEX;" type="baseline min intercept from d/dt"/>
</experiment>
