<experiment>
    <fileAuthor>Chemical Kinetics Laboratory, Institute of Chemistry, ELTE, Budapest, Hungary</fileAuthor>
    <fileDOI>10.24388/x10002067</fileDOI>
    <fileVersion>
        <major>1</major>
        <minor>0</minor>
    </fileVersion>
    <ReSpecThVersion>
        <major>2</major>
        <minor>3</minor>
    </ReSpecThVersion>
    <firstPublicationDate>2016-12-05</firstPublicationDate>
    <lastModificationDate>2020-11-18</lastModificationDate>
    <bibliographyLink>
        <description>J. Herzler, C. Naumann: Ignition Delay Time Measurements for the Validation of Reaction Mechanisms for Different Alcohols. Proc. Europ. Combust Meeting 2013. Paper P3-8</description>
        <location>Main article, raw data obtain from the authors</location>
        <figure>Fig. 2, red triangle</figure>
        <details>
            <author>Herzler, J and Naumann, C</author>
            <journal>Proceedings of the 6th European Combustion Meeting</journal>
            <pages>Paper P3--8</pages>
            <title>Ignition Delay Time Measurements for the Validation of Reaction Mechanisms for Different Alcohols</title>
            <year>2013</year>
        </details>
    </bibliographyLink>
    <experimentType>ignition delay measurement</experimentType>
    <apparatus>
        <kind>shock tube</kind>
        <mode>reflected shock</mode>
    </apparatus>
    <commonProperties>
        <property name="initial composition"           sourcetype="reported"  >
            <component><speciesLink preferredKey="CH3OH"  CAS="67-56-1"    InChI="1S/CH4O/c1-2/h2H,1H3"  SMILES="CO"    chemName="methanol" /><amount units="mole fraction" >0.024082</amount></component>
            <component><speciesLink preferredKey="O2"     CAS="7782-44-7"  InChI="1S/O2/c1-2"            SMILES="O=O"   chemName="oxygen"   /><amount units="mole fraction" >0.036484</amount></component>
            <component><speciesLink preferredKey="Ar"     CAS="7440-37-1"  InChI="1S/Ar"                 SMILES="[Ar]"  chemName="argon"    /><amount units="mole fraction" >0.939434</amount></component>
        </property>
        <property name="evaluated standard deviation"  sourcetype="estimated"  units="unitless"       reference="ignition delay"  kind="relative"  method="generic uncertainty" ><value>0.1</value></property>
    </commonProperties>
    <dataGroup id="dg1">
        <property name="temperature"     id="x1"   label="T"    sourcetype="reported"  units="K"   />
        <property name="pressure"        id="x2"   label="P"    sourcetype="reported"  units="bar" />
        <property name="ignition delay"  id="x3"   label="tau"  sourcetype="reported"  units="us"  />

        <dataPoint><x1>0988</x1><x2>4.06</x2><x3>7633</x3></dataPoint>
        <dataPoint><x1>1029</x1><x2>4.13</x2><x3>5465</x3></dataPoint>
        <dataPoint><x1>1090</x1><x2>4.36</x2><x3>3196</x3></dataPoint>
        <dataPoint><x1>1164</x1><x2>4.39</x2><x3>1490</x3></dataPoint>
        <dataPoint><x1>1259</x1><x2>4.12</x2><x3>0730</x3></dataPoint>
        <dataPoint><x1>1319</x1><x2>4.63</x2><x3>0391</x3></dataPoint>
        <dataPoint><x1>1366</x1><x2>4.33</x2><x3>0231</x3></dataPoint>
        <dataPoint><x1>1383</x1><x2>4.98</x2><x3>0173</x3></dataPoint>
        <dataPoint><x1>1451</x1><x2>4.14</x2><x3>0134</x3></dataPoint>
        <dataPoint><x1>1551</x1><x2>4.26</x2><x3>0052</x3></dataPoint>
        <dataPoint><x1>1628</x1><x2>4.22</x2><x3>0031</x3></dataPoint>
    </dataGroup>
    <ignitionType target="CHEX;" type="max"/>
    <comment>VTIM calculated at mean temperature (1308 K) was used</comment>
    <dataGroup id="dg2">
        <property name="time"    id="x3"   label="t"  sourcetype="estimated"  units="s"   />
        <property name="volume"  id="x4"   label="V"  sourcetype="estimated"  units="cm3" />

        <dataPoint><x3>0.000000</x3><x4>1.00000000</x4></dataPoint>
        <dataPoint><x3>0.000936</x3><x4>0.99991985</x4></dataPoint>
        <dataPoint><x3>0.001053</x3><x4>0.99959944</x4></dataPoint>
        <dataPoint><x3>0.001169</x3><x4>0.99919928</x4></dataPoint>
        <dataPoint><x3>0.001286</x3><x4>0.99873561</x4></dataPoint>
        <dataPoint><x3>0.001403</x3><x4>0.99820865</x4></dataPoint>
        <dataPoint><x3>0.001520</x3><x4>0.99761866</x4></dataPoint>
        <dataPoint><x3>0.001637</x3><x4>0.99695002</x4></dataPoint>
        <dataPoint><x3>0.001754</x3><x4>0.99620312</x4></dataPoint>
        <dataPoint><x3>0.001871</x3><x4>0.99541011</x4></dataPoint>
        <dataPoint><x3>0.001988</x3><x4>0.99453965</x4></dataPoint>
        <dataPoint><x3>0.002105</x3><x4>0.99360804</x4></dataPoint>
        <dataPoint><x3>0.002222</x3><x4>0.99259998</x4></dataPoint>
        <dataPoint><x3>0.002339</x3><x4>0.99153177</x4></dataPoint>
        <dataPoint><x3>0.002456</x3><x4>0.99040390</x4></dataPoint>
        <dataPoint><x3>0.002573</x3><x4>0.98920131</x4></dataPoint>
        <dataPoint><x3>0.002690</x3><x4>0.98794026</x4></dataPoint>
        <dataPoint><x3>0.002807</x3><x4>0.98660583</x4></dataPoint>
        <dataPoint><x3>0.002924</x3><x4>0.98522967</x4></dataPoint>
        <dataPoint><x3>0.003041</x3><x4>0.98378148</x4></dataPoint>
        <dataPoint><x3>0.003158</x3><x4>0.98226211</x4></dataPoint>
        <dataPoint><x3>0.003275</x3><x4>0.98068767</x4></dataPoint>
        <dataPoint><x3>0.003392</x3><x4>0.97905887</x4></dataPoint>
        <dataPoint><x3>0.003508</x3><x4>0.97737644</x4></dataPoint>
        <dataPoint><x3>0.003625</x3><x4>0.97562605</x4></dataPoint>
        <dataPoint><x3>0.003742</x3><x4>0.97382368</x4></dataPoint>
        <dataPoint><x3>0.003859</x3><x4>0.97195519</x4></dataPoint>
        <dataPoint><x3>0.003976</x3><x4>0.97003645</x4></dataPoint>
        <dataPoint><x3>0.004093</x3><x4>0.96806826</x4></dataPoint>
        <dataPoint><x3>0.004210</x3><x4>0.96603679</x4></dataPoint>
        <dataPoint><x3>0.004327</x3><x4>0.96397232</x4></dataPoint>
        <dataPoint><x3>0.004444</x3><x4>0.96183191</x4></dataPoint>
        <dataPoint><x3>0.004561</x3><x4>0.95966024</x4></dataPoint>
        <dataPoint><x3>0.004678</x3><x4>0.95742924</x4></dataPoint>
        <dataPoint><x3>0.004795</x3><x4>0.95514006</x4></dataPoint>
        <dataPoint><x3>0.004912</x3><x4>0.95282222</x4></dataPoint>
        <dataPoint><x3>0.005029</x3><x4>0.95044819</x4></dataPoint>
        <dataPoint><x3>0.005146</x3><x4>0.94801917</x4></dataPoint>
        <dataPoint><x3>0.005263</x3><x4>0.94556417</x4></dataPoint>
        <dataPoint><x3>0.005380</x3><x4>0.94305622</x4></dataPoint>
        <dataPoint><x3>0.005497</x3><x4>0.94049655</x4></dataPoint>
        <dataPoint><x3>0.005614</x3><x4>0.93790000</x4></dataPoint>
        <dataPoint><x3>0.005731</x3><x4>0.93526751</x4></dataPoint>
        <dataPoint><x3>0.005847</x3><x4>0.93260004</x4></dataPoint>
        <dataPoint><x3>0.005964</x3><x4>0.92988521</x4></dataPoint>
        <dataPoint><x3>0.006081</x3><x4>0.92713748</x4></dataPoint>
        <dataPoint><x3>0.006198</x3><x4>0.92434470</x4></dataPoint>
        <dataPoint><x3>0.006315</x3><x4>0.92153413</x4></dataPoint>
        <dataPoint><x3>0.006432</x3><x4>0.91866768</x4></dataPoint>
        <dataPoint><x3>0.006500</x3><x4>0.91700495</x4></dataPoint>
        <dataPoint><x3>0.006550</x3><x4>0.91575972</x4></dataPoint>
        <dataPoint><x3>0.006600</x3><x4>0.91451877</x4></dataPoint>
        <dataPoint><x3>0.006650</x3><x4>0.91326936</x4></dataPoint>
        <dataPoint><x3>0.006700</x3><x4>0.91201160</x4></dataPoint>
        <dataPoint><x3>0.006750</x3><x4>0.91074560</x4></dataPoint>
        <dataPoint><x3>0.006800</x3><x4>0.90948406</x4></dataPoint>
        <dataPoint><x3>0.006850</x3><x4>0.90820186</x4></dataPoint>
        <dataPoint><x3>0.006900</x3><x4>0.90692424</x4></dataPoint>
        <dataPoint><x3>0.006950</x3><x4>0.90563872</x4></dataPoint>
        <dataPoint><x3>0.007000</x3><x4>0.90435783</x4></dataPoint>
        <dataPoint><x3>0.007050</x3><x4>0.90305680</x4></dataPoint>
        <dataPoint><x3>0.007100</x3><x4>0.90176051</x4></dataPoint>
        <dataPoint><x3>0.007150</x3><x4>0.90045667</x4></dataPoint>
        <dataPoint><x3>0.007200</x3><x4>0.89914538</x4></dataPoint>
        <dataPoint><x3>0.007250</x3><x4>0.89782675</x4></dataPoint>
        <dataPoint><x3>0.007300</x3><x4>0.89651302</x4></dataPoint>
        <dataPoint><x3>0.007350</x3><x4>0.89517998</x4></dataPoint>
        <dataPoint><x3>0.007400</x3><x4>0.89385196</x4></dataPoint>
        <dataPoint><x3>0.007450</x3><x4>0.89251694</x4></dataPoint>
        <dataPoint><x3>0.007500</x3><x4>0.89118698</x4></dataPoint>
        <dataPoint><x3>0.007550</x3><x4>0.88983822</x4></dataPoint>
        <dataPoint><x3>0.007600</x3><x4>0.88849463</x4></dataPoint>
        <dataPoint><x3>0.007650</x3><x4>0.88714437</x4></dataPoint>
        <dataPoint><x3>0.007700</x3><x4>0.88578754</x4></dataPoint>
        <dataPoint><x3>0.007750</x3><x4>0.88443597</x4></dataPoint>
        <dataPoint><x3>0.007800</x3><x4>0.88306627</x4></dataPoint>
        <dataPoint><x3>0.007850</x3><x4>0.88170194</x4></dataPoint>
        <dataPoint><x3>0.007900</x3><x4>0.88033137</x4></dataPoint>
        <dataPoint><x3>0.007950</x3><x4>0.87895466</x4></dataPoint>
        <dataPoint><x3>0.008000</x3><x4>0.87758340</x4></dataPoint>
        <dataPoint><x3>0.008050</x3><x4>0.87619467</x4></dataPoint>
        <dataPoint><x3>0.008100</x3><x4>0.87481150</x4></dataPoint>
        <dataPoint><x3>0.008150</x3><x4>0.87342251</x4></dataPoint>
        <dataPoint><x3>0.008200</x3><x4>0.87202780</x4></dataPoint>
        <dataPoint><x3>0.008250</x3><x4>0.87063874</x4></dataPoint>
        <dataPoint><x3>0.008300</x3><x4>0.86923284</x4></dataPoint>
        <dataPoint><x3>0.008350</x3><x4>0.86783269</x4></dataPoint>
        <dataPoint><x3>0.008400</x3><x4>0.86642713</x4></dataPoint>
        <dataPoint><x3>0.008450</x3><x4>0.86502735</x4></dataPoint>
        <dataPoint><x3>0.008500</x3><x4>0.86361121</x4></dataPoint>
        <dataPoint><x3>0.008550</x3><x4>0.86220096</x4></dataPoint>
        <dataPoint><x3>0.008600</x3><x4>0.86078560</x4></dataPoint>
        <dataPoint><x3>0.008650</x3><x4>0.85936522</x4></dataPoint>
        <dataPoint><x3>0.008700</x3><x4>0.85793993</x4></dataPoint>
        <dataPoint><x3>0.008750</x3><x4>0.85652063</x4></dataPoint>
        <dataPoint><x3>0.008800</x3><x4>0.85508575</x4></dataPoint>
        <dataPoint><x3>0.008850</x3><x4>0.85365697</x4></dataPoint>
        <dataPoint><x3>0.008900</x3><x4>0.85222357</x4></dataPoint>
        <dataPoint><x3>0.008950</x3><x4>0.85079626</x4></dataPoint>
        <dataPoint><x3>0.009000</x3><x4>0.84935385</x4></dataPoint>
        <dataPoint><x3>0.009050</x3><x4>0.84791764</x4></dataPoint>
        <dataPoint><x3>0.009100</x3><x4>0.84647710</x4></dataPoint>
        <dataPoint><x3>0.009150</x3><x4>0.84503231</x4></dataPoint>
        <dataPoint><x3>0.009200</x3><x4>0.84358337</x4></dataPoint>
        <dataPoint><x3>0.009250</x3><x4>0.84214073</x4></dataPoint>
        <dataPoint><x3>0.009300</x3><x4>0.84068372</x4></dataPoint>
        <dataPoint><x3>0.009350</x3><x4>0.83923310</x4></dataPoint>
        <dataPoint><x3>0.009400</x3><x4>0.83778883</x4></dataPoint>
        <dataPoint><x3>0.009450</x3><x4>0.83633050</x4></dataPoint>
        <dataPoint><x3>0.009500</x3><x4>0.83486848</x4></dataPoint>
        <dataPoint><x3>0.009550</x3><x4>0.83341294</x4></dataPoint>
        <dataPoint><x3>0.009600</x3><x4>0.83195378</x4></dataPoint>
        <dataPoint><x3>0.009650</x3><x4>0.83049111</x4></dataPoint>
        <dataPoint><x3>0.009700</x3><x4>0.82903495</x4></dataPoint>
        <dataPoint><x3>0.009750</x3><x4>0.82756545</x4></dataPoint>
        <dataPoint><x3>0.009800</x3><x4>0.82610256</x4></dataPoint>
        <dataPoint><x3>0.009850</x3><x4>0.82463639</x4></dataPoint>
        <dataPoint><x3>0.009900</x3><x4>0.82316705</x4></dataPoint>
        <dataPoint><x3>0.009950</x3><x4>0.82170435</x4></dataPoint>
        <dataPoint><x3>0.010000</x3><x4>0.82022886</x4></dataPoint>
    </dataGroup>
</experiment>
