<experiment>
    <fileAuthor>Chemical Kinetics Laboratory, Institute of Chemistry, ELTE, Budapest, Hungary</fileAuthor>
    <fileDOI>10.24388/x10002016</fileDOI>
    <fileVersion>
        <major>1</major>
        <minor>0</minor>
    </fileVersion>
    <ReSpecThVersion>
        <major>2</major>
        <minor>3</minor>
    </ReSpecThVersion>
    <firstPublicationDate>2016-12-05</firstPublicationDate>
    <lastModificationDate>2020-11-18</lastModificationDate>
    <bibliographyLink>
        <description>K.E. Noorani, B. Akih-Kumgeh, J.M. Bergthorson, Energy and Fuels 24 (2010), 5834-5843</description>
        <referenceDOI>10.1021/ef1009692</referenceDOI>
        <location>Supplementary Material</location>
        <table>Table 7 bottom (supp. inf.), mixture 4, phi = 1, D = 20, p = 10 atm</table>
        <figure>shown in main article, Fig. 5, cross (not used)</figure>
        <details>
            <author>Noorani, Khalid Emilio and Akih-Kumgeh, Benjamin and Bergthorson, Jeffrey M</author>
            <journal>Energy Fuels</journal>
            <number>11</number>
            <pages>5834--5843</pages>
            <title>Comparative High Temperature Shock Tube Ignition of C$_{1}$--C$_{4}$ Primary Alcohols</title>
            <volume>24</volume>
            <year>2010</year>
        </details>
    </bibliographyLink>
    <experimentType>ignition delay measurement</experimentType>
    <apparatus>
        <kind>shock tube</kind>
        <mode>reflected shock</mode>
    </apparatus>
    <commonProperties>
        <property name="pressure"                      label="P"  sourcetype="reported"    units="atm"           ><value>10</value></property>
        <property name="initial composition"           sourcetype="calculated" >
            <component><speciesLink preferredKey="CH3OH"  CAS="67-56-1"    InChI="1S/CH4O/c1-2/h2H,1H3"  SMILES="CO"    chemName="methanol" /><amount units="mole fraction" >0.031</amount></component>
            <component><speciesLink preferredKey="O2"     CAS="7782-44-7"  InChI="1S/O2/c1-2"            SMILES="O=O"   chemName="oxygen"   /><amount units="mole fraction" >0.046</amount></component>
            <component><speciesLink preferredKey="Ar"     CAS="7440-37-1"  InChI="1S/Ar"                 SMILES="[Ar]"  chemName="argon"    /><amount units="mole fraction" >0.923</amount></component>
        </property>
        <property name="evaluated standard deviation"  sourcetype="estimated"   units="unitless"       reference="ignition delay"  kind="relative"  method="statistical scatter" ><value>0.22</value></property>
    </commonProperties>
    <dataGroup id="dg1">
        <property name="temperature"     id="x1"   label="T"    sourcetype="reported"  units="K"   />
        <property name="ignition delay"  id="x2"   label="tau"  sourcetype="reported"  units="us"  />
        <property name="pressure"        id="x3"   label="P"    sourcetype="reported"  units="atm" />

        <dataPoint><x1>1068</x1><x2>1174</x2><x3>10.8</x3></dataPoint>
        <dataPoint><x1>1098</x1><x2>0904</x2><x3>11.6</x3></dataPoint>
        <dataPoint><x1>1123</x1><x2>0865</x2><x3>10.7</x3></dataPoint>
        <dataPoint><x1>1136</x1><x2>0752</x2><x3>11.1</x3></dataPoint>
        <dataPoint><x1>1163</x1><x2>0575</x2><x3>11.5</x3></dataPoint>
        <dataPoint><x1>1128</x1><x2>0552</x2><x3>12.7</x3></dataPoint>
        <dataPoint><x1>1187</x1><x2>0507</x2><x3>10.4</x3></dataPoint>
        <dataPoint><x1>1159</x1><x2>0444</x2><x3>11.9</x3></dataPoint>
        <dataPoint><x1>1204</x1><x2>0307</x2><x3>10.1</x3></dataPoint>
        <dataPoint><x1>1253</x1><x2>0263</x2><x3>11.5</x3></dataPoint>
        <dataPoint><x1>1294</x1><x2>0142</x2><x3>11.3</x3></dataPoint>
        <dataPoint><x1>1368</x1><x2>0137</x2><x3>10.4</x3></dataPoint>
        <dataPoint><x1>1404</x1><x2>0061</x2><x3>11.1</x3></dataPoint>
        <dataPoint><x1>1522</x1><x2>0056</x2><x3>08.7</x3></dataPoint>
        <dataPoint><x1>1531</x1><x2>0045</x2><x3>07.0</x3></dataPoint>
        <dataPoint><x1>1610</x1><x2>0020</x2><x3>07.3</x3></dataPoint>
    </dataGroup>
    <ignitionType target="CHEX;" type="baseline min intercept from d/dt"/>
</experiment>
