<experiment>
    <fileAuthor>Chemical Kinetics Laboratory, Institute of Chemistry, ELTE, Budapest, Hungary</fileAuthor>
    <fileDOI>10.24388/x10002077</fileDOI>
    <fileVersion>
        <major>1</major>
        <minor>0</minor>
    </fileVersion>
    <ReSpecThVersion>
        <major>2</major>
        <minor>3</minor>
    </ReSpecThVersion>
    <firstPublicationDate>2016-12-05</firstPublicationDate>
    <lastModificationDate>2020-11-18</lastModificationDate>
    <bibliographyLink>
        <description>U. Burke, W.K. Metcalfe, S.M. Burke, K.A. Heufer, P. Dagaut, H.J. Curran, Combust. Flame 165 (2016), 125-136</description>
        <referenceDOI>10.1016/j.combustflame.2015.11.004</referenceDOI>
        <location>Supp. Mat. mmc3, Dataset 14</location>
        <details>
            <author>Burke, Ultan and Metcalfe, Wayne K and Burke, Sin{\'{e}}ad M and Heufer, K Alexander and Dagaut, Philippe and Curran, Henry J</author>
            <journal>Combust Flame</journal>
            <pages>125--136</pages>
            <title>A detailed chemical kinetic modeling, ignition delay time and jet-stirred reactor study of methanol oxidation</title>
            <volume>165</volume>
            <year>2016</year>
        </details>
    </bibliographyLink>
    <experimentType>ignition delay measurement</experimentType>
    <apparatus>
        <kind>shock tube</kind>
        <mode>reflected shock</mode>
    </apparatus>
    <commonProperties>
        <property name="initial composition"           sourcetype="reported"  >
            <component><speciesLink preferredKey="CH3OH"  CAS="67-56-1"    InChI="1S/CH4O/c1-2/h2H,1H3"  SMILES="CO"    chemName="methanol" /><amount units="mole fraction" >0.21882</amount></component>
            <component><speciesLink preferredKey="O2"     CAS="7782-44-7"  InChI="1S/O2/c1-2"            SMILES="O=O"   chemName="oxygen"   /><amount units="mole fraction" >0.16411</amount></component>
            <component><speciesLink preferredKey="Ar"     CAS="7440-37-1"  InChI="1S/Ar"                 SMILES="[Ar]"  chemName="argon"    /><amount units="mole fraction" >0.61707</amount></component>
        </property>
        <property name="evaluated standard deviation"  sourcetype="estimated"  units="unitless"       reference="ignition delay"  kind="relative"  method="generic uncertainty" ><value>0.1</value></property>
    </commonProperties>
    <dataGroup id="dg1">
        <property name="temperature"     id="x1"   label="T"    sourcetype="reported"  units="K"   />
        <property name="ignition delay"  id="x2"   label="tau"  sourcetype="reported"  units="us"  />
        <property name="pressure"        id="x3"   label="P"    sourcetype="reported"  units="atm" />

        <dataPoint><x1>1414.8</x1><x2>0071.060</x2><x3>01.990</x3></dataPoint>
        <dataPoint><x1>1373.8</x1><x2>0097.370</x2><x3>02.061</x3></dataPoint>
        <dataPoint><x1>1370.5</x1><x2>0099.390</x2><x3>02.050</x3></dataPoint>
        <dataPoint><x1>1297.0</x1><x2>0186.830</x2><x3>01.912</x3></dataPoint>
        <dataPoint><x1>1296.7</x1><x2>0182.100</x2><x3>01.911</x3></dataPoint>
        <dataPoint><x1>1277.2</x1><x2>0217.830</x2><x3>02.012</x3></dataPoint>
        <dataPoint><x1>1269.8</x1><x2>0239.390</x2><x3>01.829</x3></dataPoint>
        <dataPoint><x1>1224.5</x1><x2>0348.640</x2><x3>01.988</x3></dataPoint>
        <dataPoint><x1>1187.9</x1><x2>0474.730</x2><x3>02.069</x3></dataPoint>
        <dataPoint><x1>1118.8</x1><x2>1145.890</x2><x3>01.815</x3></dataPoint>
        <dataPoint><x1>1078.3</x1><x2>1883.380</x2><x3>01.930</x3></dataPoint>
        <dataPoint><x1>1226.4</x1><x2>0350.000</x2><x3>02.068</x3></dataPoint>
        <dataPoint><x1>1215.0</x1><x2>0404.615</x2><x3>02.027</x3></dataPoint>
        <dataPoint><x1>1129.9</x1><x2>0895.425</x2><x3>01.793</x3></dataPoint>
    </dataGroup>
    <ignitionType target="p;" type="d/dt max"/>
</experiment>
