<experiment>
    <fileAuthor>Chemical Kinetics Laboratory, Institute of Chemistry, ELTE, Budapest, Hungary</fileAuthor>
    <fileDOI>10.24388/x10002021</fileDOI>
    <fileVersion>
        <major>1</major>
        <minor>0</minor>
    </fileVersion>
    <ReSpecThVersion>
        <major>2</major>
        <minor>3</minor>
    </ReSpecThVersion>
    <firstPublicationDate>2016-12-05</firstPublicationDate>
    <lastModificationDate>2020-11-18</lastModificationDate>
    <bibliographyLink>
        <description>U. Burke (2012), unpublished data from NUI Galway, Case No. 4</description>
        <location>Main article</location>
    </bibliographyLink>
    <experimentType>ignition delay measurement</experimentType>
    <apparatus>
        <kind>shock tube</kind>
        <mode>reflected shock</mode>
    </apparatus>
    <commonProperties>
        <property name="initial composition"           sourcetype="reported"  >
            <component><speciesLink preferredKey="CH3OH"  CAS="67-56-1"    InChI="1S/CH4O/c1-2/h2H,1H3"  SMILES="CO"   chemName="methanol" /><amount units="mole fraction" >0.0300</amount></component>
            <component><speciesLink preferredKey="O2"     CAS="7782-44-7"  InChI="1S/O2/c1-2"            SMILES="O=O"  chemName="oxygen"   /><amount units="mole fraction" >0.0450</amount></component>
            <component><speciesLink preferredKey="N2"     CAS="7727-37-9"  InChI="1S/N2/c1-2"            SMILES="N#N"  chemName="nitrogen" /><amount units="mole fraction" >0.9250</amount></component>
        </property>
        <property name="evaluated standard deviation"  sourcetype="estimated"  units="unitless"       reference="ignition delay"  kind="relative"  method="generic uncertainty" ><value>0.1</value></property>
    </commonProperties>
    <dataGroup id="dg1">
        <property name="temperature"     id="x1"   label="T"    sourcetype="reported"  units="K"   />
        <property name="ignition delay"  id="x2"   label="tau"  sourcetype="reported"  units="us"  />
        <property name="pressure"        id="x3"   label="P"    sourcetype="reported"  units="atm" />

        <dataPoint><x1>1119.82</x1><x2>0544.0</x2><x3>08.10</x3></dataPoint>
        <dataPoint><x1>1170.96</x1><x2>0402.0</x2><x3>08.90</x3></dataPoint>
        <dataPoint><x1>1209.19</x1><x2>0306.0</x2><x3>09.46</x3></dataPoint>
        <dataPoint><x1>1258.90</x1><x2>0199.0</x2><x3>09.09</x3></dataPoint>
        <dataPoint><x1>1043.20</x1><x2>1219.0</x2><x3>09.53</x3></dataPoint>
        <dataPoint><x1>1377.10</x1><x2>0062.0</x2><x3>10.31</x3></dataPoint>
        <dataPoint><x1>1215.90</x1><x2>0320.0</x2><x3>10.56</x3></dataPoint>
        <dataPoint><x1>1106.10</x1><x2>0737.2</x2><x3>10.04</x3></dataPoint>
        <dataPoint><x1>1229.90</x1><x2>0252.0</x2><x3>09.79</x3></dataPoint>
    </dataGroup>
    <ignitionType target="p;" type="d/dt max"/>
</experiment>
