<experiment>
    <fileAuthor>Chemical Kinetics Laboratory, Institute of Chemistry, ELTE, Budapest, Hungary</fileAuthor>
    <fileDOI>10.24388/x20002084</fileDOI>
    <fileVersion>
        <major>1</major>
        <minor>0</minor>
    </fileVersion>
    <ReSpecThVersion>
        <major>2</major>
        <minor>3</minor>
    </ReSpecThVersion>
    <firstPublicationDate>2016-12-05</firstPublicationDate>
    <lastModificationDate>2020-11-18</lastModificationDate>
    <bibliographyLink>
        <description>J. Vancoillie, M. Christensen, E.J.K. Nilsson, S. Verhelst, A.A. Konnov, Energy Fuels 26 (2012), 1557-1564</description>
        <referenceDOI>10.1021/ef2016683</referenceDOI>
        <location>Supplementary Material</location>
        <table>Supp. Mat. Table 5, T = 338 K, O2/(O2+N2) = 19%</table>
        <details>
            <author>Vancoillie, J and Christensen, M and Nilsson, E J K and Verhelst, S and Konnov, A A</author>
            <journal>Energy Fuels</journal>
            <pages>1557--1564</pages>
            <title>Temperature Dependence of the Laminar Burning Velocity of Methanol Flames</title>
            <volume>26</volume>
            <year>2012</year>
        </details>
    </bibliographyLink>
    <experimentType>laminar burning velocity measurement</experimentType>
    <apparatus>
        <kind>flame</kind>
        <mode>premixed</mode>
        <mode>laminar</mode>
        <mode>HFM</mode>
    </apparatus>
    <commonProperties>
        <property name="pressure"                      label="P"  sourcetype="reported"   units="atm"  ><value>1</value></property>
        <property name="temperature"                   label="T"  sourcetype="reported"   units="K"    ><value>338</value></property>
        <property name="evaluated standard deviation"  sourcetype="estimated"  units="cm/s"  reference="laminar burning velocity"  kind="absolute"  method="combined from scatter and reported uncertainty" ><value>2.01</value></property>
    </commonProperties>
    <dataGroup id="dg1">
        <property name="laminar burning velocity"  id="x1"   label="Sl"       sourcetype="reported"    units="cm/s"          />
        <property name="composition"               id="x2"   label="[CH3OH]"  sourcetype="calculated"  units="mole fraction" >
            <speciesLink preferredKey="CH3OH"  CAS="67-56-1"    InChI="1S/CH4O/c1-2/h2H,1H3"  SMILES="CO"   chemName="methanol" />
        </property>
        <property name="composition"               id="x3"   label="[O2]"     sourcetype="calculated"  units="mole fraction" >
            <speciesLink preferredKey="O2"     CAS="7782-44-7"  InChI="1S/O2/c1-2"            SMILES="O=O"  chemName="oxygen"   />
        </property>
        <property name="composition"               id="x4"   label="[N2]"     sourcetype="calculated"  units="mole fraction" >
            <speciesLink preferredKey="N2"     CAS="7727-37-9"  InChI="1S/N2/c1-2"            SMILES="N#N"  chemName="nitrogen" />
        </property>
        <property name="equivalence ratio"         id="x5"   label="phi"      sourcetype="reported"    units="unitless"      />

        <dataPoint><x1>20.0</x1><x2>0.081445</x2><x3>0.174525</x3><x4>0.744029</x4><x5>0.7</x5></dataPoint>
        <dataPoint><x1>28.3</x1><x2>0.092010</x2><x3>0.172518</x3><x4>0.735472</x4><x5>0.8</x5></dataPoint>
        <dataPoint><x1>35.9</x1><x2>0.102334</x2><x3>0.170557</x3><x4>0.727110</x4><x5>0.9</x5></dataPoint>
        <dataPoint><x1>41.9</x1><x2>0.112426</x2><x3>0.168639</x3><x4>0.718935</x4><x5>1.0</x5></dataPoint>
        <dataPoint><x1>45.7</x1><x2>0.122294</x2><x3>0.166764</x3><x4>0.710942</x4><x5>1.1</x5></dataPoint>
        <dataPoint><x1>46.2</x1><x2>0.131944</x2><x3>0.164931</x3><x4>0.703125</x4><x5>1.2</x5></dataPoint>
        <dataPoint><x1>44.0</x1><x2>0.141385</x2><x3>0.163137</x3><x4>0.695478</x4><x5>1.3</x5></dataPoint>
        <dataPoint><x1>39.0</x1><x2>0.150623</x2><x3>0.161382</x3><x4>0.687995</x4><x5>1.4</x5></dataPoint>
        <dataPoint><x1>33.0</x1><x2>0.159664</x2><x3>0.159664</x3><x4>0.680672</x4><x5>1.5</x5></dataPoint>
    </dataGroup>
</experiment>
