<experiment>
    <fileAuthor>Chemical Kinetics Laboratory, Institute of Chemistry, ELTE, Budapest, Hungary</fileAuthor>
    <fileDOI>10.24388/x20002014_x</fileDOI>
    <fileVersion>
        <major>1</major>
        <minor>0</minor>
    </fileVersion>
    <ReSpecThVersion>
        <major>2</major>
        <minor>3</minor>
    </ReSpecThVersion>
    <firstPublicationDate>2016-12-05</firstPublicationDate>
    <lastModificationDate>2020-11-18</lastModificationDate>
    <bibliographyLink>
        <description>S.Y. Liao, D.M. Jiang, Z.H. Huang, W.D. Shen, C. Yuan, Cheng, Q., Energy Conversion and Management 48 (2007), 857-863</description>
        <referenceDOI>10.1016/j.enconman.2006.08.017</referenceDOI>
        <location>Main article</location>
        <figure>Fig. 7, open triangle, phi=1.2</figure>
        <details>
            <author>Liao, S Y and Jiang, D M and Huang, Z H and Shen, W D and Yuan, C and Cheng, Q</author>
            <journal>Energy Convers Manage</journal>
            <number>3</number>
            <pages>857--863</pages>
            <title>Laminar burning velocities for mixtures of methanol and air at elevated temperatures</title>
            <volume>48</volume>
            <year>2007</year>
        </details>
    </bibliographyLink>
    <experimentType>laminar burning velocity measurement</experimentType>
    <apparatus>
        <kind>flame</kind>
        <mode>premixed</mode>
        <mode>laminar</mode>
        <mode>OPF</mode>
    </apparatus>
    <commonProperties>
        <property name="pressure"                      label="P"    sourcetype="reported"    units="bar"           ><value>1</value></property>
        <property name="equivalence ratio"             label="phi"  sourcetype="reported"    units="unitless"      ><value>1.2</value></property>
        <property name="initial composition"           sourcetype="calculated" >
            <component><speciesLink preferredKey="CH3OH"  CAS="67-56-1"    InChI="1S/CH4O/c1-2/h2H,1H3"  SMILES="CO"   chemName="methanol" /><amount units="mole fraction" >0.143634</amount></component>
            <component><speciesLink preferredKey="O2"     CAS="7782-44-7"  InChI="1S/O2/c1-2"            SMILES="O=O"  chemName="oxygen"   /><amount units="mole fraction" >0.179543</amount></component>
            <component><speciesLink preferredKey="N2"     CAS="7727-37-9"  InChI="1S/N2/c1-2"            SMILES="N#N"  chemName="nitrogen" /><amount units="mole fraction" >0.676823</amount></component>
        </property>
        <property name="evaluated standard deviation"  sourcetype="estimated"   units="cm/s"           reference="laminar burning velocity"  kind="absolute"  method="combined from scatter and reported uncertainty" ><value>7.69</value></property>
    </commonProperties>
    <dataGroup id="dg1">
        <property name="temperature"               id="x1"   label="T"     sourcetype="digitized"  units="K"    />
        <property name="laminar burning velocity"  id="x2"   label="S"     sourcetype="digitized"  units="cm/s" />
        <property name="uncertainty"               id="x3"   label="d_Sl"  sourcetype="digitized"  units="cm/s"  reference="laminar burning velocity"  kind="absolute"  bound="plusminus" />

        <dataPoint><x1>358</x1><x2>53.95</x2><x3>1.63</x3></dataPoint>
        <dataPoint><x1>400</x1><x2>60.70</x2><x3>1.51</x3></dataPoint>
        <dataPoint><x1>420</x1><x2>71.98</x2><x3>2.44</x3></dataPoint>
        <dataPoint><x1>450</x1><x2>80.12</x2><x3>2.09</x3></dataPoint>
        <dataPoint><x1>480</x1><x2>87.67</x2><x3>2.44</x3></dataPoint>
    </dataGroup>
</experiment>
