<experiment>
    <fileAuthor>Chemical Kinetics Laboratory, Institute of Chemistry, ELTE, Budapest, Hungary</fileAuthor>
    <fileDOI>10.24388/x20002004</fileDOI>
    <fileVersion>
        <major>1</major>
        <minor>0</minor>
    </fileVersion>
    <ReSpecThVersion>
        <major>2</major>
        <minor>3</minor>
    </ReSpecThVersion>
    <firstPublicationDate>2016-12-05</firstPublicationDate>
    <lastModificationDate>2020-11-18</lastModificationDate>
    <bibliographyLink>
        <description>F.N. Egolfopoulos, D.X. Du, C.K. Law, Combust. Sci. Technol. 83 (1992), 33-75</description>
        <referenceDOI>10.1080/00102209208951823</referenceDOI>
        <location>Main article</location>
        <figure>Fig. 2, lower, full triangle</figure>
        <details>
            <author>Egolfopoulos, F N and Du, D X and Law, C K</author>
            <journal>Combust Sci Technol</journal>
            <number>1--3</number>
            <pages>33--75</pages>
            <title>A Comprehensive Study of Methanol Kinetics in Freely-Propagating and Burner-Stabilized Flames, Flow and Static Reactors, and Shock Tubes</title>
            <volume>83</volume>
            <year>1992</year>
        </details>
    </bibliographyLink>
    <experimentType>laminar burning velocity measurement</experimentType>
    <apparatus>
        <kind>flame</kind>
        <mode>premixed</mode>
        <mode>laminar</mode>
        <mode>CTF</mode>
    </apparatus>
    <commonProperties>
        <property name="pressure"                      label="P"  sourcetype="reported"   units="atm"  ><value>1</value></property>
        <property name="temperature"                   label="T"  sourcetype="reported"   units="K"    ><value>340</value></property>
        <property name="evaluated standard deviation"  sourcetype="estimated"  units="cm/s"  reference="laminar burning velocity"  kind="absolute"  method="combined from scatter and reported uncertainty" ><value>5.17</value></property>
    </commonProperties>
    <dataGroup id="dg1">
        <property name="laminar burning velocity"  id="x1"   label="Sl"       sourcetype="digitized"   units="cm/s"          />
        <property name="composition"               id="x2"   label="[CH3OH]"  sourcetype="calculated"  units="mole fraction" >
            <speciesLink preferredKey="CH3OH"  CAS="67-56-1"    InChI="1S/CH4O/c1-2/h2H,1H3"  SMILES="CO"   chemName="methanol" />
        </property>
        <property name="composition"               id="x3"   label="[O2]"     sourcetype="calculated"  units="mole fraction" >
            <speciesLink preferredKey="O2"     CAS="7782-44-7"  InChI="1S/O2/c1-2"            SMILES="O=O"  chemName="oxygen"   />
        </property>
        <property name="composition"               id="x4"   label="[N2]"     sourcetype="calculated"  units="mole fraction" >
            <speciesLink preferredKey="N2"     CAS="7727-37-9"  InChI="1S/N2/c1-2"            SMILES="N#N"  chemName="nitrogen" />
        </property>
        <property name="equivalence ratio"         id="x5"   label="phi"      sourcetype="digitized"   units="unitless"      />

        <dataPoint><x1>1.024989e+001</x1><x2>6.507624e-002</x2><x3>1.960128e-001</x3><x4>7.389110e-001</x4><x5>4.98000E-01</x5></dataPoint>
        <dataPoint><x1>1.902674e+001</x1><x2>7.123800e-002</x2><x3>1.947209e-001</x3><x4>7.340411e-001</x4><x5>5.48770E-01</x5></dataPoint>
        <dataPoint><x1>1.957913e+001</x1><x2>7.729170e-002</x2><x3>1.934517e-001</x3><x4>7.292566e-001</x4><x5>5.99310E-01</x5></dataPoint>
        <dataPoint><x1>2.405962e+001</x1><x2>8.331280e-002</x2><x3>1.921894e-001</x3><x4>7.244978e-001</x4><x5>6.50240E-01</x5></dataPoint>
        <dataPoint><x1>2.587023e+001</x1><x2>8.920482e-002</x2><x3>1.909541e-001</x3><x4>7.198411e-001</x4><x5>7.00730E-01</x5></dataPoint>
        <dataPoint><x1>3.268303e+001</x1><x2>9.431360e-002</x2><x3>1.898830e-001</x3><x4>7.158034e-001</x4><x5>7.45040E-01</x5></dataPoint>
        <dataPoint><x1>3.805349e+001</x1><x2>1.001119e-001</x2><x3>1.886673e-001</x3><x4>7.112208e-001</x4><x5>7.95940E-01</x5></dataPoint>
        <dataPoint><x1>4.363875e+001</x1><x2>1.054709e-001</x2><x3>1.875438e-001</x3><x4>7.069854e-001</x4><x5>8.43570E-01</x5></dataPoint>
        <dataPoint><x1>4.848751e+001</x1><x2>1.114290e-001</x2><x3>1.862946e-001</x3><x4>7.022764e-001</x4><x5>8.97200E-01</x5></dataPoint>
        <dataPoint><x1>5.385796e+001</x1><x2>1.194333e-001</x2><x3>1.846165e-001</x3><x4>6.959502e-001</x4><x5>9.70390E-01</x5></dataPoint>
        <dataPoint><x1>5.744849e+001</x1><x2>1.248640e-001</x2><x3>1.834779e-001</x3><x4>6.916581e-001</x4><x5>1.02081E+00</x5></dataPoint>
        <dataPoint><x1>5.870671e+001</x1><x2>1.299500e-001</x2><x3>1.824116e-001</x3><x4>6.876384e-001</x4><x5>1.06860E+00</x5></dataPoint>
        <dataPoint><x1>5.907497e+001</x1><x2>1.353222e-001</x2><x3>1.812853e-001</x3><x4>6.833926e-001</x4><x5>1.11969E+00</x5></dataPoint>
        <dataPoint><x1>5.925910e+001</x1><x2>1.402928e-001</x2><x3>1.802431e-001</x3><x4>6.794640e-001</x4><x5>1.16753E+00</x5></dataPoint>
        <dataPoint><x1>5.566857e+001</x1><x2>1.487591e-001</x2><x3>1.784681e-001</x3><x4>6.727728e-001</x4><x5>1.25030E+00</x5></dataPoint>
        <dataPoint><x1>5.207804e+001</x1><x2>1.538632e-001</x2><x3>1.773980e-001</x3><x4>6.687388e-001</x4><x5>1.30100E+00</x5></dataPoint>
        <dataPoint><x1>5.026743e+001</x1><x2>1.586305e-001</x2><x3>1.763985e-001</x3><x4>6.649710e-001</x4><x5>1.34891E+00</x5></dataPoint>
        <dataPoint><x1>4.489698e+001</x1><x2>1.639964e-001</x2><x3>1.752735e-001</x3><x4>6.607301e-001</x4><x5>1.40349E+00</x5></dataPoint>
        <dataPoint><x1>3.697940e+001</x1><x2>1.732177e-001</x2><x3>1.733402e-001</x3><x4>6.534421e-001</x4><x5>1.49894E+00</x5></dataPoint>
        <dataPoint><x1>2.946076e+001</x1><x2>1.822864e-001</x2><x3>1.714389e-001</x3><x4>6.462747e-001</x4><x5>1.59491E+00</x5></dataPoint>
        <dataPoint><x1>2.387549e+001</x1><x2>1.925422e-001</x2><x3>1.692887e-001</x3><x4>6.381691e-001</x4><x5>1.70604E+00</x5></dataPoint>
        <dataPoint><x1>2.172731e+001</x1><x2>1.988901e-001</x2><x3>1.679578e-001</x3><x4>6.331521e-001</x4><x5>1.77625E+00</x5></dataPoint>
        <dataPoint><x1>1.902674e+001</x1><x2>2.071051e-001</x2><x3>1.662355e-001</x3><x4>6.266594e-001</x4><x5>1.86878E+00</x5></dataPoint>
        <dataPoint><x1>1.724682e+001</x1><x2>2.110092e-001</x2><x3>1.654170e-001</x3><x4>6.235738e-001</x4><x5>1.91343E+00</x5></dataPoint>
        <dataPoint><x1>1.761508e+001</x1><x2>2.165044e-001</x2><x3>1.642649e-001</x3><x4>6.192307e-001</x4><x5>1.97703E+00</x5></dataPoint>
    </dataGroup>
</experiment>
