<experiment>
    <fileAuthor>Chemical Kinetics Laboratory, Institute of Chemistry, ELTE, Budapest, Hungary</fileAuthor>
    <fileDOI>10.24388/x20002027</fileDOI>
    <fileVersion>
        <major>1</major>
        <minor>0</minor>
    </fileVersion>
    <ReSpecThVersion>
        <major>2</major>
        <minor>3</minor>
    </ReSpecThVersion>
    <firstPublicationDate>2016-12-05</firstPublicationDate>
    <lastModificationDate>2020-11-18</lastModificationDate>
    <bibliographyLink>
        <description>M. Hirano, K. Oda, T. Hirano, K. Akita, Combust. Flame 40 (1981), 341-343</description>
        <referenceDOI>10.1016/0010-2180(81)90135-8</referenceDOI>
        <location>Main article</location>
        <figure>Fig. 1, open square, 10% H2O</figure>
        <details>
            <author>Hirano, M and Oda, K and Hirano, T and Akita, K</author>
            <journal>Combust Flame</journal>
            <pages>341--343</pages>
            <title>Burning Velocities of Methanol-Air-Water Gaseous Mixtures</title>
            <volume>40</volume>
            <year>1981</year>
        </details>
    </bibliographyLink>
    <experimentType>laminar burning velocity measurement</experimentType>
    <apparatus>
        <kind>flame</kind>
        <mode>premixed</mode>
        <mode>laminar</mode>
        <mode>FCM</mode>
    </apparatus>
    <commonProperties>
        <property name="pressure"                      label="P"  sourcetype="reported"   units="atm"  ><value>1</value></property>
        <property name="temperature"                   label="T"  sourcetype="reported"   units="K"    ><value>413</value></property>
        <property name="evaluated standard deviation"  sourcetype="estimated"  units="cm/s"  reference="laminar burning velocity"  kind="absolute"  method="combined from scatter and reported uncertainty" ><value>6.85</value></property>
    </commonProperties>
    <dataGroup id="dg1">
        <property name="laminar burning velocity"  id="x1"   label="Sl"       sourcetype="digitized"   units="cm/s"          />
        <property name="composition"               id="x2"   label="[CH3OH]"  sourcetype="calculated"  units="mole fraction" >
            <speciesLink preferredKey="CH3OH"  CAS="67-56-1"    InChI="1S/CH4O/c1-2/h2H,1H3"  SMILES="CO"   chemName="methanol" />
        </property>
        <property name="composition"               id="x3"   label="[O2]"     sourcetype="calculated"  units="mole fraction" >
            <speciesLink preferredKey="O2"     CAS="7782-44-7"  InChI="1S/O2/c1-2"            SMILES="O=O"  chemName="oxygen"   />
        </property>
        <property name="composition"               id="x4"   label="[N2]"     sourcetype="calculated"  units="mole fraction" >
            <speciesLink preferredKey="N2"     CAS="7727-37-9"  InChI="1S/N2/c1-2"            SMILES="N#N"  chemName="nitrogen" />
        </property>
        <property name="composition"               id="x5"   label="[H2O]"    sourcetype="reported"    units="mole fraction" >
            <speciesLink preferredKey="H2O"    CAS="7732-18-5"  InChI="1S/H2O/h1H2"           SMILES="O"    chemName="water"    />
        </property>
        <property name="equivalence ratio"         id="x6"   label="phi"      sourcetype="digitized"   units="unitless"      />

        <dataPoint><x1>49.5</x1><x2>0.086613</x2><x3>0.170811</x3><x4>0.642576</x4><x5>0.100000</x5><x6>0.7606</x6></dataPoint>
        <dataPoint><x1>52.5</x1><x2>0.094689</x2><x3>0.169115</x3><x4>0.636196</x4><x5>0.100000</x5><x6>0.8399</x6></dataPoint>
        <dataPoint><x1>56.3</x1><x2>0.097899</x2><x3>0.168441</x3><x4>0.633660</x4><x5>0.100000</x5><x6>0.8718</x6></dataPoint>
        <dataPoint><x1>67.5</x1><x2>0.104487</x2><x3>0.167058</x3><x4>0.628455</x4><x5>0.100000</x5><x6>0.9382</x6></dataPoint>
        <dataPoint><x1>65.8</x1><x2>0.109988</x2><x3>0.165902</x3><x4>0.624109</x4><x5>0.100000</x5><x6>0.9945</x6></dataPoint>
        <dataPoint><x1>69.6</x1><x2>0.117598</x2><x3>0.164304</x3><x4>0.618097</x4><x5>0.100000</x5><x6>1.0736</x6></dataPoint>
        <dataPoint><x1>61.2</x1><x2>0.125488</x2><x3>0.162648</x3><x4>0.611864</x4><x5>0.100000</x5><x6>1.1573</x6></dataPoint>
        <dataPoint><x1>61.3</x1><x2>0.131495</x2><x3>0.161386</x3><x4>0.607119</x4><x5>0.100000</x5><x6>1.2222</x6></dataPoint>
        <dataPoint><x1>52.0</x1><x2>0.135650</x2><x3>0.160514</x3><x4>0.603837</x4><x5>0.100000</x5><x6>1.2677</x6></dataPoint>
        <dataPoint><x1>40.3</x1><x2>0.141640</x2><x3>0.159256</x3><x4>0.599105</x4><x5>0.100000</x5><x6>1.3341</x6></dataPoint>
        <dataPoint><x1>38.0</x1><x2>0.149502</x2><x3>0.157605</x3><x4>0.592894</x4><x5>0.100000</x5><x6>1.4229</x6></dataPoint>
        <dataPoint><x1>18.2</x1><x2>0.165161</x2><x3>0.154316</x3><x4>0.580522</x4><x5>0.100000</x5><x6>1.6054</x6></dataPoint>
        <dataPoint><x1>23.6</x1><x2>0.166339</x2><x3>0.154069</x3><x4>0.579592</x4><x5>0.100000</x5><x6>1.6195</x6></dataPoint>
        <dataPoint><x1>13.0</x1><x2>0.190111</x2><x3>0.149077</x3><x4>0.560812</x4><x5>0.100000</x5><x6>1.9129</x6></dataPoint>
        <dataPoint><x1>10.3</x1><x2>0.195189</x2><x3>0.148010</x3><x4>0.556801</x4><x5>0.100000</x5><x6>1.9781</x6></dataPoint>
    </dataGroup>
</experiment>
