<experiment>
    <fileAuthor>Chemical Kinetics Laboratory, Institute of Chemistry, ELTE, Budapest, Hungary</fileAuthor>
    <fileDOI>10.24388/x20002030</fileDOI>
    <fileVersion>
        <major>1</major>
        <minor>0</minor>
    </fileVersion>
    <ReSpecThVersion>
        <major>2</major>
        <minor>3</minor>
    </ReSpecThVersion>
    <firstPublicationDate>2016-12-05</firstPublicationDate>
    <lastModificationDate>2020-11-18</lastModificationDate>
    <bibliographyLink>
        <description>P.S. Veloo, Y.L. Wang, F.N. Egolfopoulos, C.K. Westbrook, Combust. Flame 157 (2010), 1989-2004</description>
        <referenceDOI>10.1016/j.combustflame.2010.04.001</referenceDOI>
        <location>Main article</location>
        <figure>Fig. 5, blue open circle</figure>
        <details>
            <author>Veloo, Peter S and Wang, Yang L and Egolfopoulos, Fokion N and Westbrook, Charles K</author>
            <journal>Combust Flame</journal>
            <number>10</number>
            <pages>1989--2004</pages>
            <title>A comparative experimental and computational study of methanol, ethanol, and n-butanol flames</title>
            <volume>157</volume>
            <year>2010</year>
        </details>
    </bibliographyLink>
    <experimentType>laminar burning velocity measurement</experimentType>
    <apparatus>
        <kind>flame</kind>
        <mode>premixed</mode>
        <mode>laminar</mode>
        <mode>CTF</mode>
    </apparatus>
    <commonProperties>
        <property name="temperature"                   label="T"  sourcetype="reported"   units="K"    ><value>343</value></property>
        <property name="pressure"                      label="P"  sourcetype="reported"   units="atm"  ><value>1</value></property>
        <property name="evaluated standard deviation"  sourcetype="estimated"  units="cm/s"  reference="laminar burning velocity"  kind="absolute"  method="combined from scatter and reported uncertainty" ><value>2.15</value></property>
    </commonProperties>
    <dataGroup id="dg1">
        <property name="composition"               id="x1"   label="[CH3OH]"  sourcetype="calculated"  units="mole fraction" >
            <speciesLink preferredKey="CH3OH"  CAS="67-56-1"    InChI="1S/CH4O/c1-2/h2H,1H3"  SMILES="CO"   chemName="methanol" />
        </property>
        <property name="composition"               id="x2"   label="[O2]"     sourcetype="calculated"  units="mole fraction" >
            <speciesLink preferredKey="O2"     CAS="7782-44-7"  InChI="1S/O2/c1-2"            SMILES="O=O"  chemName="oxygen"   />
        </property>
        <property name="composition"               id="x3"   label="[N2]"     sourcetype="calculated"  units="mole fraction" >
            <speciesLink preferredKey="N2"     CAS="7727-37-9"  InChI="1S/N2/c1-2"            SMILES="N#N"  chemName="nitrogen" />
        </property>
        <property name="laminar burning velocity"  id="x4"   label="Sl"       sourcetype="digitized"   units="cm/s"          />
        <property name="uncertainty"               id="x5"   label="d_Sl"     sourcetype="digitized"   units="cm/s"           reference="laminar burning velocity"  kind="absolute"  bound="plusminus" />
        <property name="equivalence ratio"         id="x6"   label="phi"      sourcetype="digitized"   units="unitless"      />

        <dataPoint><x1>0.089120</x1><x2>0.190972</x2><x3>0.719908</x3><x4>24.02</x4><x5>0.85</x5><x6>0.7</x6></dataPoint>
        <dataPoint><x1>0.100571</x1><x2>0.188571</x2><x3>0.710858</x3><x4>36.12</x4><x5>1.06</x5><x6>0.8</x6></dataPoint>
        <dataPoint><x1>0.111738</x1><x2>0.186230</x2><x3>0.702032</x3><x4>42.07</x4><x5>1.06</x5><x6>0.9</x6></dataPoint>
        <dataPoint><x1>0.122631</x1><x2>0.183946</x2><x3>0.693423</x3><x4>52.27</x4><x5>1.06</x5><x6>1.0</x6></dataPoint>
        <dataPoint><x1>0.133260</x1><x2>0.181718</x2><x3>0.685023</x3><x4>57.15</x4><x5>1.59</x5><x6>1.1</x6></dataPoint>
        <dataPoint><x1>0.143634</x1><x2>0.179543</x2><x3>0.676823</x3><x4>56.62</x4><x5>1.38</x5><x6>1.2</x6></dataPoint>
        <dataPoint><x1>0.153763</x1><x2>0.177419</x2><x3>0.668818</x3><x4>53.96</x4><x5>2.44</x5><x6>1.3</x6></dataPoint>
        <dataPoint><x1>0.163655</x1><x2>0.175345</x2><x3>0.661000</x3><x4>46.96</x4><x5>2.44</x5><x6>1.4</x6></dataPoint>
        <dataPoint><x1>0.173319</x1><x2>0.173319</x2><x3>0.653362</x3><x4>38.04</x4><x5>2.44</x5><x6>1.5</x6></dataPoint>
    </dataGroup>
</experiment>
