<experiment>
    <fileAuthor>Chemical Kinetics Laboratory, Institute of Chemistry, ELTE, Budapest, Hungary</fileAuthor>
    <fileDOI>10.24388/x20002055</fileDOI>
    <fileVersion>
        <major>1</major>
        <minor>0</minor>
    </fileVersion>
    <ReSpecThVersion>
        <major>2</major>
        <minor>3</minor>
    </ReSpecThVersion>
    <firstPublicationDate>2016-12-05</firstPublicationDate>
    <lastModificationDate>2020-11-18</lastModificationDate>
    <bibliographyLink>
        <description>O.L. Guelder, Proc. Combust. Inst. 19 (1982), 275-281</description>
        <referenceDOI>10.1016/S0082-0784(82)80198-7</referenceDOI>
        <location>Main article</location>
        <figure>Fig. 2, open triangle</figure>
        <details>
            <author>G{\"{u}}lder, {\"{O}}mer L</author>
            <journal>Symp (Int) Combust</journal>
            <number>1</number>
            <pages>275--281</pages>
            <title>Laminar burning velocities of methanol, ethanol and isooctane-air mixtures</title>
            <volume>19</volume>
            <year>1982</year>
        </details>
    </bibliographyLink>
    <experimentType>laminar burning velocity measurement</experimentType>
    <apparatus>
        <kind>flame</kind>
        <mode>premixed</mode>
        <mode>laminar</mode>
        <mode>OPF</mode>
    </apparatus>
    <commonProperties>
        <property name="pressure"                      label="P"  sourcetype="reported"   units="bar"  ><value>1</value></property>
        <property name="temperature"                   label="T"  sourcetype="reported"   units="K"    ><value>300</value></property>
        <property name="evaluated standard deviation"  sourcetype="estimated"  units="cm/s"  reference="laminar burning velocity"  kind="absolute"  method="combined from scatter and reported uncertainty" ><value>7.01</value></property>
    </commonProperties>
    <dataGroup id="dg1">
        <property name="laminar burning velocity"  id="x1"   label="Sl"       sourcetype="digitized"   units="cm/s"          />
        <property name="composition"               id="x2"   label="[CH3OH]"  sourcetype="calculated"  units="mole fraction" >
            <speciesLink preferredKey="CH3OH"  CAS="67-56-1"    InChI="1S/CH4O/c1-2/h2H,1H3"  SMILES="CO"   chemName="methanol" />
        </property>
        <property name="composition"               id="x3"   label="[O2]"     sourcetype="calculated"  units="mole fraction" >
            <speciesLink preferredKey="O2"     CAS="7782-44-7"  InChI="1S/O2/c1-2"            SMILES="O=O"  chemName="oxygen"   />
        </property>
        <property name="composition"               id="x4"   label="[N2]"     sourcetype="calculated"  units="mole fraction" >
            <speciesLink preferredKey="N2"     CAS="7727-37-9"  InChI="1S/N2/c1-2"            SMILES="N#N"  chemName="nitrogen" />
        </property>
        <property name="equivalence ratio"         id="x5"   label="phi"      sourcetype="digitized"   units="unitless"      />

        <dataPoint><x1>22.06</x1><x2>0.088866</x2><x3>0.190427</x3><x4>0.720707</x4><x5>0.7000</x5></dataPoint>
        <dataPoint><x1>26.95</x1><x2>0.094613</x2><x3>0.189226</x3><x4>0.716161</x4><x5>0.7500</x5></dataPoint>
        <dataPoint><x1>31.50</x1><x2>0.100288</x2><x3>0.188040</x3><x4>0.711672</x4><x5>0.8000</x5></dataPoint>
        <dataPoint><x1>36.44</x1><x2>0.105892</x2><x3>0.186869</x3><x4>0.707239</x4><x5>0.8500</x5></dataPoint>
        <dataPoint><x1>40.80</x1><x2>0.111427</x2><x3>0.185712</x3><x4>0.702861</x4><x5>0.9000</x5></dataPoint>
        <dataPoint><x1>44.71</x1><x2>0.116894</x2><x3>0.184569</x3><x4>0.698537</x4><x5>0.9500</x5></dataPoint>
        <dataPoint><x1>47.60</x1><x2>0.122294</x2><x3>0.183441</x3><x4>0.694266</x4><x5>1.0000</x5></dataPoint>
        <dataPoint><x1>49.36</x1><x2>0.127628</x2><x3>0.182326</x3><x4>0.690046</x4><x5>1.0500</x5></dataPoint>
        <dataPoint><x1>50.25</x1><x2>0.131250</x2><x3>0.181569</x3><x4>0.687181</x4><x5>1.0843</x5></dataPoint>
        <dataPoint><x1>50.10</x1><x2>0.132898</x2><x3>0.181224</x3><x4>0.685878</x4><x5>1.1000</x5></dataPoint>
        <dataPoint><x1>49.18</x1><x2>0.138104</x2><x3>0.180136</x3><x4>0.681759</x4><x5>1.1500</x5></dataPoint>
        <dataPoint><x1>47.73</x1><x2>0.143249</x2><x3>0.179061</x3><x4>0.677690</x4><x5>1.2000</x5></dataPoint>
        <dataPoint><x1>43.72</x1><x2>0.148332</x2><x3>0.177999</x3><x4>0.673669</x4><x5>1.2500</x5></dataPoint>
        <dataPoint><x1>40.35</x1><x2>0.153356</x2><x3>0.176949</x3><x4>0.669696</x4><x5>1.3000</x5></dataPoint>
        <dataPoint><x1>36.36</x1><x2>0.158320</x2><x3>0.175911</x3><x4>0.665769</x4><x5>1.3500</x5></dataPoint>
        <dataPoint><x1>32.65</x1><x2>0.163227</x2><x3>0.174886</x3><x4>0.661888</x4><x5>1.4000</x5></dataPoint>
    </dataGroup>
</experiment>
