<experiment>
    <fileAuthor>Chemical Kinetics Laboratory, Institute of Chemistry, ELTE, Budapest, Hungary</fileAuthor>
    <fileDOI>10.24388/x20002029</fileDOI>
    <fileVersion>
        <major>1</major>
        <minor>0</minor>
    </fileVersion>
    <ReSpecThVersion>
        <major>2</major>
        <minor>3</minor>
    </ReSpecThVersion>
    <firstPublicationDate>2016-12-05</firstPublicationDate>
    <lastModificationDate>2020-11-18</lastModificationDate>
    <bibliographyLink>
        <description>M. Hirano, K. Oda, T. Hirano, K. Akita, Combust. Flame 40 (1981), 341-343</description>
        <referenceDOI>10.1016/0010-2180(81)90135-8</referenceDOI>
        <location>Main article</location>
        <figure>Fig. 1, open diamond, 20% H2O</figure>
        <details>
            <author>Hirano, M and Oda, K and Hirano, T and Akita, K</author>
            <journal>Combust Flame</journal>
            <pages>341--343</pages>
            <title>Burning Velocities of Methanol-Air-Water Gaseous Mixtures</title>
            <volume>40</volume>
            <year>1981</year>
        </details>
    </bibliographyLink>
    <experimentType>laminar burning velocity measurement</experimentType>
    <apparatus>
        <kind>flame</kind>
        <mode>premixed</mode>
        <mode>laminar</mode>
        <mode>FCM</mode>
    </apparatus>
    <commonProperties>
        <property name="pressure"                      label="P"  sourcetype="reported"   units="atm"  ><value>1</value></property>
        <property name="temperature"                   label="T"  sourcetype="reported"   units="K"    ><value>413</value></property>
        <property name="evaluated standard deviation"  sourcetype="estimated"  units="cm/s"  reference="laminar burning velocity"  kind="absolute"  method="combined from scatter and reported uncertainty" ><value>7.47</value></property>
    </commonProperties>
    <dataGroup id="dg1">
        <property name="laminar burning velocity"  id="x1"   label="Sl"       sourcetype="digitized"   units="cm/s"          />
        <property name="composition"               id="x2"   label="[CH3OH]"  sourcetype="calculated"  units="mole fraction" >
            <speciesLink preferredKey="CH3OH"  CAS="67-56-1"    InChI="1S/CH4O/c1-2/h2H,1H3"  SMILES="CO"   chemName="methanol" />
        </property>
        <property name="composition"               id="x3"   label="[O2]"     sourcetype="calculated"  units="mole fraction" >
            <speciesLink preferredKey="O2"     CAS="7782-44-7"  InChI="1S/O2/c1-2"            SMILES="O=O"  chemName="oxygen"   />
        </property>
        <property name="composition"               id="x4"   label="[N2]"     sourcetype="calculated"  units="mole fraction" >
            <speciesLink preferredKey="N2"     CAS="7727-37-9"  InChI="1S/N2/c1-2"            SMILES="N#N"  chemName="nitrogen" />
        </property>
        <property name="composition"               id="x5"   label="[H2O]"    sourcetype="reported"    units="mole fraction" >
            <speciesLink preferredKey="H2O"    CAS="7732-18-5"  InChI="1S/H2O/h1H2"           SMILES="O"    chemName="water"    />
        </property>
        <property name="equivalence ratio"         id="x6"   label="phi"      sourcetype="digitized"   units="unitless"      />

        <dataPoint><x1>39.7</x1><x2>0.080329</x2><x3>0.151131</x3><x4>0.568540</x4><x5>0.200000</x5><x6>0.7973</x6></dataPoint>
        <dataPoint><x1>36.3</x1><x2>0.088825</x2><x3>0.149347</x3><x4>0.561828</x4><x5>0.200000</x5><x6>0.8921</x6></dataPoint>
        <dataPoint><x1>46.7</x1><x2>0.098238</x2><x3>0.147370</x3><x4>0.554392</x4><x5>0.200000</x5><x6>0.9999</x6></dataPoint>
        <dataPoint><x1>34.1</x1><x2>0.114518</x2><x3>0.143951</x3><x4>0.541531</x4><x5>0.200000</x5><x6>1.1933</x6></dataPoint>
        <dataPoint><x1>29.6</x1><x2>0.114809</x2><x3>0.143890</x3><x4>0.541301</x4><x5>0.200000</x5><x6>1.1968</x6></dataPoint>
        <dataPoint><x1>20.6</x1><x2>0.136949</x2><x3>0.139241</x3><x4>0.523810</x4><x5>0.200000</x5><x6>1.4753</x6></dataPoint>
    </dataGroup>
</experiment>
