<experiment>
    <fileAuthor>Chemical Kinetics Laboratory, Institute of Chemistry, ELTE, Budapest, Hungary</fileAuthor>
    <fileDOI>10.24388/x20002076</fileDOI>
    <fileVersion>
        <major>1</major>
        <minor>0</minor>
    </fileVersion>
    <ReSpecThVersion>
        <major>2</major>
        <minor>3</minor>
    </ReSpecThVersion>
    <firstPublicationDate>2016-12-05</firstPublicationDate>
    <lastModificationDate>2020-11-18</lastModificationDate>
    <bibliographyLink>
        <description>J. Vancoillie, M. Christensen, E.J.K. Nilsson, S. Verhelst, A.A. Konnov, Energy Fuels 26 (2012), 1557-1564</description>
        <referenceDOI>10.1021/ef2016683</referenceDOI>
        <location>Supplementary Material</location>
        <table>Supp. Mat. Table 3, T = 348 K, mH2O/mCH3OH = 20%</table>
        <details>
            <author>Vancoillie, J and Christensen, M and Nilsson, E J K and Verhelst, S and Konnov, A A</author>
            <journal>Energy Fuels</journal>
            <pages>1557--1564</pages>
            <title>Temperature Dependence of the Laminar Burning Velocity of Methanol Flames</title>
            <volume>26</volume>
            <year>2012</year>
        </details>
    </bibliographyLink>
    <experimentType>laminar burning velocity measurement</experimentType>
    <apparatus>
        <kind>flame</kind>
        <mode>premixed</mode>
        <mode>laminar</mode>
        <mode>HFM</mode>
    </apparatus>
    <commonProperties>
        <property name="pressure"                      label="P"  sourcetype="reported"   units="atm"  ><value>1</value></property>
        <property name="temperature"                   label="T"  sourcetype="reported"   units="K"    ><value>348</value></property>
        <property name="evaluated standard deviation"  sourcetype="estimated"  units="cm/s"  reference="laminar burning velocity"  kind="absolute"  method="combined from scatter and reported uncertainty" ><value>2.1</value></property>
    </commonProperties>
    <dataGroup id="dg1">
        <property name="laminar burning velocity"  id="x1"   label="Sl"       sourcetype="reported"    units="cm/s"          />
        <property name="composition"               id="x2"   label="[CH3OH]"  sourcetype="calculated"  units="mole fraction" >
            <speciesLink preferredKey="CH3OH"  CAS="67-56-1"    InChI="1S/CH4O/c1-2/h2H,1H3"  SMILES="CO"   chemName="methanol" />
        </property>
        <property name="composition"               id="x3"   label="[O2]"     sourcetype="calculated"  units="mole fraction" >
            <speciesLink preferredKey="O2"     CAS="7782-44-7"  InChI="1S/O2/c1-2"            SMILES="O=O"  chemName="oxygen"   />
        </property>
        <property name="composition"               id="x4"   label="[N2]"     sourcetype="calculated"  units="mole fraction" >
            <speciesLink preferredKey="N2"     CAS="7727-37-9"  InChI="1S/N2/c1-2"            SMILES="N#N"  chemName="nitrogen" />
        </property>
        <property name="composition"               id="x5"   label="[H2O]"    sourcetype="calculated"  units="mole fraction" >
            <speciesLink preferredKey="H2O"    CAS="7732-18-5"  InChI="1S/H2O/h1H2"           SMILES="O"    chemName="water"    />
        </property>
        <property name="equivalence ratio"         id="x6"   label="phi"      sourcetype="reported"    units="unitless"      />

        <dataPoint><x1>23.0</x1><x2>0.086383</x2><x3>0.185106</x3><x4>0.697794</x4><x5>0.030718</x5><x6>0.7</x6></dataPoint>
        <dataPoint><x1>31.5</x1><x2>0.097099</x2><x3>0.182060</x3><x4>0.686313</x4><x5>0.034529</x5><x6>0.8</x6></dataPoint>
        <dataPoint><x1>39.2</x1><x2>0.107468</x2><x3>0.179113</x3><x4>0.675203</x4><x5>0.038216</x5><x6>0.9</x6></dataPoint>
        <dataPoint><x1>44.8</x1><x2>0.117506</x2><x3>0.176260</x3><x4>0.664448</x4><x5>0.041786</x5><x6>1.0</x6></dataPoint>
        <dataPoint><x1>34.4</x1><x2>0.163257</x2><x3>0.163257</x3><x4>0.615431</x4><x5>0.058055</x5><x6>1.5</x6></dataPoint>
    </dataGroup>
</experiment>
