<experiment>
    <fileAuthor>Chemical Kinetics Laboratory, Institute of Chemistry, ELTE, Budapest, Hungary</fileAuthor>
    <fileDOI>10.24388/x20002018</fileDOI>
    <fileVersion>
        <major>1</major>
        <minor>0</minor>
    </fileVersion>
    <ReSpecThVersion>
        <major>2</major>
        <minor>3</minor>
    </ReSpecThVersion>
    <firstPublicationDate>2016-12-05</firstPublicationDate>
    <lastModificationDate>2020-11-18</lastModificationDate>
    <bibliographyLink>
        <description>D. Bradley, G. Dixon-Lewis, S.E. Habik, L.K. Kwa, S. El-Sherif, Combust. Flame 85 (1991), 105-120</description>
        <referenceDOI>10.1016/0010-2180(91)90180-J</referenceDOI>
        <location>Main article</location>
        <figure>Fig. 2, open circle</figure>
        <details>
            <author>Bradley, D and Dixon-Lewis, G and {El-Din Habik}, S and Kwa, L K and El-Sherif, S</author>
            <journal>Combust Flame</journal>
            <number>1--2</number>
            <pages>105--120</pages>
            <title>Laminar flame structure and burning velocities of premixed methanol-air</title>
            <volume>85</volume>
            <year>1991</year>
        </details>
    </bibliographyLink>
    <experimentType>laminar burning velocity measurement</experimentType>
    <apparatus>
        <kind>flame</kind>
        <mode>premixed</mode>
        <mode>laminar</mode>
        <mode>adiabatic</mode>
        <mode>LFF</mode>
    </apparatus>
    <commonProperties>
        <property name="pressure"                      label="P"  sourcetype="reported"   units="atm"  ><value>0.2</value></property>
        <property name="temperature"                   label="T"  sourcetype="reported"   units="K"    ><value>323</value></property>
        <property name="evaluated standard deviation"  sourcetype="estimated"  units="cm/s"  reference="laminar burning velocity"  kind="absolute"  method="combined from scatter and reported uncertainty" ><value>2.33</value></property>
    </commonProperties>
    <dataGroup id="dg1">
        <property name="laminar burning velocity"  id="x1"   label="Sl"       sourcetype="digitized"   units="cm/s"          />
        <property name="composition"               id="x2"   label="[CH3OH]"  sourcetype="calculated"  units="mole fraction" >
            <speciesLink preferredKey="CH3OH"  CAS="67-56-1"    InChI="1S/CH4O/c1-2/h2H,1H3"  SMILES="CO"   chemName="methanol" />
        </property>
        <property name="composition"               id="x3"   label="[O2]"     sourcetype="calculated"  units="mole fraction" >
            <speciesLink preferredKey="O2"     CAS="7782-44-7"  InChI="1S/O2/c1-2"            SMILES="O=O"  chemName="oxygen"   />
        </property>
        <property name="composition"               id="x4"   label="[N2]"     sourcetype="calculated"  units="mole fraction" >
            <speciesLink preferredKey="N2"     CAS="7727-37-9"  InChI="1S/N2/c1-2"            SMILES="N#N"  chemName="nitrogen" />
        </property>
        <property name="equivalence ratio"         id="x5"   label="phi"      sourcetype="digitized"   units="unitless"      />

        <dataPoint><x1>31.3</x1><x2>0.090278</x2><x3>0.190729</x3><x4>0.718993</x4><x5>0.71</x5></dataPoint>
        <dataPoint><x1>39.8</x1><x2>0.099439</x2><x3>0.188808</x3><x4>0.711753</x4><x5>0.79</x5></dataPoint>
        <dataPoint><x1>45.5</x1><x2>0.106189</x2><x3>0.187393</x3><x4>0.706417</x4><x5>0.85</x5></dataPoint>
        <dataPoint><x1>49.6</x1><x2>0.113938</x2><x3>0.185769</x3><x4>0.700293</x4><x5>0.92</x5></dataPoint>
        <dataPoint><x1>53.7</x1><x2>0.118306</x2><x3>0.184853</x3><x4>0.696841</x4><x5>0.96</x5></dataPoint>
        <dataPoint><x1>56.6</x1><x2>0.122631</x2><x3>0.183946</x3><x4>0.693423</x4><x5>1.00</x5></dataPoint>
        <dataPoint><x1>58.5</x1><x2>0.127978</x2><x3>0.182825</x3><x4>0.689197</x4><x5>1.05</x5></dataPoint>
        <dataPoint><x1>60.7</x1><x2>0.140548</x2><x3>0.180190</x3><x4>0.679262</x4><x5>1.17</x5></dataPoint>
        <dataPoint><x1>55.1</x1><x2>0.145679</x2><x3>0.179114</x3><x4>0.675207</x4><x5>1.22</x5></dataPoint>
    </dataGroup>
</experiment>
