<experiment>
    <fileAuthor>Chemical Kinetics Laboratory, Institute of Chemistry, ELTE, Budapest, Hungary</fileAuthor>
    <fileDOI>10.24388/x20002026</fileDOI>
    <fileVersion>
        <major>1</major>
        <minor>0</minor>
    </fileVersion>
    <ReSpecThVersion>
        <major>2</major>
        <minor>3</minor>
    </ReSpecThVersion>
    <firstPublicationDate>2016-12-05</firstPublicationDate>
    <lastModificationDate>2020-11-18</lastModificationDate>
    <bibliographyLink>
        <description>M. Hirano, K. Oda, T. Hirano, K. Akita, Combust. Flame 40 (1981), 341-343</description>
        <referenceDOI>10.1016/0010-2180(81)90135-8</referenceDOI>
        <location>Main article</location>
        <figure>Fig. 1, open triangle, 5% H2O</figure>
        <details>
            <author>Hirano, M and Oda, K and Hirano, T and Akita, K</author>
            <journal>Combust Flame</journal>
            <pages>341--343</pages>
            <title>Burning Velocities of Methanol-Air-Water Gaseous Mixtures</title>
            <volume>40</volume>
            <year>1981</year>
        </details>
    </bibliographyLink>
    <experimentType>laminar burning velocity measurement</experimentType>
    <apparatus>
        <kind>flame</kind>
        <mode>premixed</mode>
        <mode>laminar</mode>
        <mode>FCM</mode>
    </apparatus>
    <commonProperties>
        <property name="pressure"                      label="P"  sourcetype="reported"   units="atm"  ><value>1</value></property>
        <property name="temperature"                   label="T"  sourcetype="reported"   units="K"    ><value>413</value></property>
        <property name="evaluated standard deviation"  sourcetype="estimated"  units="cm/s"  reference="laminar burning velocity"  kind="absolute"  method="combined from scatter and reported uncertainty" ><value>6.38</value></property>
    </commonProperties>
    <dataGroup id="dg1">
        <property name="laminar burning velocity"  id="x1"   label="Sl"       sourcetype="digitized"   units="cm/s"          />
        <property name="composition"               id="x2"   label="[CH3OH]"  sourcetype="calculated"  units="mole fraction" >
            <speciesLink preferredKey="CH3OH"  CAS="67-56-1"    InChI="1S/CH4O/c1-2/h2H,1H3"  SMILES="CO"   chemName="methanol" />
        </property>
        <property name="composition"               id="x3"   label="[O2]"     sourcetype="calculated"  units="mole fraction" >
            <speciesLink preferredKey="O2"     CAS="7782-44-7"  InChI="1S/O2/c1-2"            SMILES="O=O"  chemName="oxygen"   />
        </property>
        <property name="composition"               id="x4"   label="[N2]"     sourcetype="calculated"  units="mole fraction" >
            <speciesLink preferredKey="N2"     CAS="7727-37-9"  InChI="1S/N2/c1-2"            SMILES="N#N"  chemName="nitrogen" />
        </property>
        <property name="composition"               id="x5"   label="[H2O]"    sourcetype="reported"    units="mole fraction" >
            <speciesLink preferredKey="H2O"    CAS="7732-18-5"  InChI="1S/H2O/h1H2"           SMILES="O"    chemName="water"    />
        </property>
        <property name="equivalence ratio"         id="x6"   label="phi"      sourcetype="digitized"   units="unitless"      />

        <dataPoint><x1>57.5</x1><x2>0.079614</x2><x3>0.182781</x3><x4>0.687605</x4><x5>0.050000</x5><x6>0.6534</x6></dataPoint>
        <dataPoint><x1>67.5</x1><x2>0.084708</x2><x3>0.181711</x3><x4>0.683581</x4><x5>0.050000</x5><x6>0.6992</x6></dataPoint>
        <dataPoint><x1>60.8</x1><x2>0.089658</x2><x3>0.180672</x3><x4>0.679670</x4><x5>0.050000</x5><x6>0.7444</x6></dataPoint>
        <dataPoint><x1>69.5</x1><x2>0.094652</x2><x3>0.179623</x3><x4>0.675725</x4><x5>0.050000</x5><x6>0.7904</x6></dataPoint>
        <dataPoint><x1>77.9</x1><x2>0.097704</x2><x3>0.178982</x3><x4>0.673314</x4><x5>0.050000</x5><x6>0.8188</x6></dataPoint>
        <dataPoint><x1>70.7</x1><x2>0.099065</x2><x3>0.178696</x3><x4>0.672239</x4><x5>0.050000</x5><x6>0.8316</x6></dataPoint>
        <dataPoint><x1>75.9</x1><x2>0.106173</x2><x3>0.177204</x3><x4>0.666623</x4><x5>0.050000</x5><x6>0.8987</x6></dataPoint>
        <dataPoint><x1>86.4</x1><x2>0.114913</x2><x3>0.175368</x3><x4>0.659718</x4><x5>0.050000</x5><x6>0.9829</x6></dataPoint>
        <dataPoint><x1>80.9</x1><x2>0.124280</x2><x3>0.173401</x3><x4>0.652319</x4><x5>0.050000</x5><x6>1.0751</x6></dataPoint>
        <dataPoint><x1>89.3</x1><x2>0.124464</x2><x3>0.173363</x3><x4>0.652173</x4><x5>0.050000</x5><x6>1.0769</x6></dataPoint>
        <dataPoint><x1>84.1</x1><x2>0.132164</x2><x3>0.171746</x3><x4>0.646090</x4><x5>0.050000</x5><x6>1.1543</x6></dataPoint>
        <dataPoint><x1>77.0</x1><x2>0.140315</x2><x3>0.170034</x3><x4>0.639651</x4><x5>0.050000</x5><x6>1.2378</x6></dataPoint>
        <dataPoint><x1>65.4</x1><x2>0.143866</x2><x3>0.169288</x3><x4>0.636846</x4><x5>0.050000</x5><x6>1.2747</x6></dataPoint>
        <dataPoint><x1>65.7</x1><x2>0.151141</x2><x3>0.167760</x3><x4>0.631099</x4><x5>0.050000</x5><x6>1.3514</x6></dataPoint>
        <dataPoint><x1>58.3</x1><x2>0.153169</x2><x3>0.167334</x3><x4>0.629496</x4><x5>0.050000</x5><x6>1.3730</x6></dataPoint>
        <dataPoint><x1>53.5</x1><x2>0.155704</x2><x3>0.166802</x3><x4>0.627494</x4><x5>0.050000</x5><x6>1.4002</x6></dataPoint>
        <dataPoint><x1>40.3</x1><x2>0.168012</x2><x3>0.164217</x3><x4>0.617771</x4><x5>0.050000</x5><x6>1.5347</x6></dataPoint>
        <dataPoint><x1>31.4</x1><x2>0.171821</x2><x3>0.163418</x3><x4>0.614762</x4><x5>0.050000</x5><x6>1.5771</x6></dataPoint>
        <dataPoint><x1>23.6</x1><x2>0.185107</x2><x3>0.160628</x3><x4>0.604265</x4><x5>0.050000</x5><x6>1.7286</x6></dataPoint>
        <dataPoint><x1>18.9</x1><x2>0.193958</x2><x3>0.158769</x3><x4>0.597273</x4><x5>0.050000</x5><x6>1.8325</x6></dataPoint>
    </dataGroup>
</experiment>
