<experiment>
    <fileAuthor>Chemical Kinetics Laboratory, Institute of Chemistry, ELTE, Budapest, Hungary</fileAuthor>
    <fileDOI>10.24388/x20002002</fileDOI>
    <fileVersion>
        <major>1</major>
        <minor>0</minor>
    </fileVersion>
    <ReSpecThVersion>
        <major>2</major>
        <minor>3</minor>
    </ReSpecThVersion>
    <firstPublicationDate>2016-12-05</firstPublicationDate>
    <lastModificationDate>2020-11-18</lastModificationDate>
    <bibliographyLink>
        <description>F.N. Egolfopoulos, D.X. Du, C.K. Law, Combust. Sci. Technol. 83 (1992), 33-75</description>
        <referenceDOI>10.1080/00102209208951823</referenceDOI>
        <location>Main article</location>
        <figure>Fig. 2, upper, open triangle</figure>
        <details>
            <author>Egolfopoulos, F N and Du, D X and Law, C K</author>
            <journal>Combust Sci Technol</journal>
            <number>1--3</number>
            <pages>33--75</pages>
            <title>A Comprehensive Study of Methanol Kinetics in Freely-Propagating and Burner-Stabilized Flames, Flow and Static Reactors, and Shock Tubes</title>
            <volume>83</volume>
            <year>1992</year>
        </details>
    </bibliographyLink>
    <experimentType>laminar burning velocity measurement</experimentType>
    <apparatus>
        <kind>flame</kind>
        <mode>premixed</mode>
        <mode>laminar</mode>
        <mode>CTF</mode>
    </apparatus>
    <commonProperties>
        <property name="pressure"                      label="P"  sourcetype="reported"   units="atm"  ><value>1</value></property>
        <property name="temperature"                   label="T"  sourcetype="reported"   units="K"    ><value>368</value></property>
        <property name="evaluated standard deviation"  sourcetype="estimated"  units="cm/s"  reference="laminar burning velocity"  kind="absolute"  method="combined from scatter and reported uncertainty" ><value>5.41</value></property>
    </commonProperties>
    <dataGroup id="dg1">
        <property name="laminar burning velocity"  id="x1"   label="Sl"       sourcetype="digitized"   units="cm/s"          />
        <property name="composition"               id="x2"   label="[CH3OH]"  sourcetype="calculated"  units="mole fraction" >
            <speciesLink preferredKey="CH3OH"  CAS="67-56-1"    InChI="1S/CH4O/c1-2/h2H,1H3"  SMILES="CO"   chemName="methanol" />
        </property>
        <property name="composition"               id="x3"   label="[O2]"     sourcetype="calculated"  units="mole fraction" >
            <speciesLink preferredKey="O2"     CAS="7782-44-7"  InChI="1S/O2/c1-2"            SMILES="O=O"  chemName="oxygen"   />
        </property>
        <property name="composition"               id="x4"   label="[N2]"     sourcetype="calculated"  units="mole fraction" >
            <speciesLink preferredKey="N2"     CAS="7727-37-9"  InChI="1S/N2/c1-2"            SMILES="N#N"  chemName="nitrogen" />
        </property>
        <property name="equivalence ratio"         id="x5"   label="phi"      sourcetype="digitized"   units="unitless"      />

        <dataPoint><x1>1.610238e+001</x1><x2>7.153329e-002</x2><x3>1.946590e-001</x3><x4>7.338077e-001</x4><x5>5.51220E-01</x5></dataPoint>
        <dataPoint><x1>1.954177e+001</x1><x2>7.760932e-002</x2><x3>1.933851e-001</x3><x4>7.290056e-001</x4><x5>6.01980E-01</x5></dataPoint>
        <dataPoint><x1>3.115308e+001</x1><x2>8.941348e-002</x2><x3>1.909103e-001</x3><x4>7.196762e-001</x4><x5>7.02530E-01</x5></dataPoint>
        <dataPoint><x1>4.236227e+001</x1><x2>1.009239e-001</x2><x3>1.884971e-001</x3><x4>7.105791e-001</x4><x5>8.03120E-01</x5></dataPoint>
        <dataPoint><x1>5.251353e+001</x1><x2>1.061894e-001</x2><x3>1.873931e-001</x3><x4>7.064174e-001</x4><x5>8.50000E-01</x5></dataPoint>
        <dataPoint><x1>5.975794e+001</x1><x2>1.121425e-001</x2><x3>1.861450e-001</x3><x4>7.017125e-001</x4><x5>9.03670E-01</x5></dataPoint>
        <dataPoint><x1>6.066266e+001</x1><x2>1.193791e-001</x2><x3>1.846278e-001</x3><x4>6.959931e-001</x4><x5>9.69890E-01</x5></dataPoint>
        <dataPoint><x1>6.391387e+001</x1><x2>1.224575e-001</x2><x3>1.839824e-001</x3><x4>6.935601e-001</x4><x5>9.98390E-01</x5></dataPoint>
        <dataPoint><x1>6.481682e+001</x1><x2>1.279138e-001</x2><x3>1.828385e-001</x3><x4>6.892477e-001</x4><x5>1.04940E+00</x5></dataPoint>
        <dataPoint><x1>6.609058e+001</x1><x2>1.329550e-001</x2><x3>1.817815e-001</x3><x4>6.852634e-001</x4><x5>1.09710E+00</x5></dataPoint>
        <dataPoint><x1>6.646763e+001</x1><x2>1.382301e-001</x2><x3>1.806756e-001</x3><x4>6.810943e-001</x4><x5>1.14761E+00</x5></dataPoint>
        <dataPoint><x1>6.483416e+001</x1><x2>1.435162e-001</x2><x3>1.795673e-001</x3><x4>6.769165e-001</x4><x5>1.19885E+00</x5></dataPoint>
        <dataPoint><x1>6.248887e+001</x1><x2>1.484146e-001</x2><x3>1.785403e-001</x3><x4>6.730450e-001</x4><x5>1.24690E+00</x5></dataPoint>
        <dataPoint><x1>6.196926e+001</x1><x2>1.538382e-001</x2><x3>1.774033e-001</x3><x4>6.687586e-001</x4><x5>1.30075E+00</x5></dataPoint>
        <dataPoint><x1>5.745873e+001</x1><x2>1.586384e-001</x2><x3>1.763969e-001</x3><x4>6.649647e-001</x4><x5>1.34899E+00</x5></dataPoint>
        <dataPoint><x1>5.130880e+001</x1><x2>1.634001e-001</x2><x3>1.753985e-001</x3><x4>6.612014e-001</x4><x5>1.39739E+00</x5></dataPoint>
        <dataPoint><x1>4.587617e+001</x1><x2>1.729625e-001</x2><x3>1.733937e-001</x3><x4>6.536438e-001</x4><x5>1.49627E+00</x5></dataPoint>
        <dataPoint><x1>3.902066e+001</x1><x2>1.823210e-001</x2><x3>1.714317e-001</x3><x4>6.462474e-001</x4><x5>1.59528E+00</x5></dataPoint>
        <dataPoint><x1>3.215967e+001</x1><x2>1.871259e-001</x2><x3>1.704243e-001</x3><x4>6.424499e-001</x4><x5>1.64700E+00</x5></dataPoint>
        <dataPoint><x1>3.108588e+001</x1><x2>1.941020e-001</x2><x3>1.689617e-001</x3><x4>6.369363e-001</x4><x5>1.72319E+00</x5></dataPoint>
        <dataPoint><x1>2.691780e+001</x1><x2>2.001600e-001</x2><x3>1.676916e-001</x3><x4>6.321484e-001</x4><x5>1.79043E+00</x5></dataPoint>
        <dataPoint><x1>2.185749e+001</x1><x2>2.097560e-001</x2><x3>1.656797e-001</x3><x4>6.245642e-001</x4><x5>1.89905E+00</x5></dataPoint>
    </dataGroup>
</experiment>
