<experiment>
    <fileAuthor>Chemical Kinetics Laboratory, Institute of Chemistry, ELTE, Budapest, Hungary</fileAuthor>
    <fileDOI>10.24388/x20002104</fileDOI>
    <fileVersion>
        <major>1</major>
        <minor>1</minor>
    </fileVersion>
    <ReSpecThVersion>
        <major>2</major>
        <minor>3</minor>
    </ReSpecThVersion>
    <firstPublicationDate>2016-12-05</firstPublicationDate>
    <lastModificationDate>2020-11-18</lastModificationDate>
    <bibliographyLink>
        <description>J.D. Naucler, L. Sileghem, E.J.K. Nilsson, S. Verhelst, A.A. Konnov, Combust. Flame 162 (2015), 1719-1728</description>
        <referenceDOI>10.1016/j.combustflame.2014.11.033</referenceDOI>
        <location>Main article</location>
        <table>Table 2, T = 358 K</table>
        <details>
            <author>Naucl{\'{e}}r, Jenny D and Sileghem, Louis and Nilsson, Elna J K and Verhelst, Sebastian and Konnov, Alexander A</author>
            <journal>Combust Flame</journal>
            <pages>1719--1728</pages>
            <title>Performance of methanol kinetic mechanisms at oxy-fuel conditions</title>
            <volume>162</volume>
            <year>2015</year>
        </details>
    </bibliographyLink>
    <experimentType>laminar burning velocity measurement</experimentType>
    <apparatus>
        <kind>flame</kind>
        <mode>premixed</mode>
        <mode>laminar</mode>
        <mode>HFM</mode>
    </apparatus>
    <commonProperties>
        <property name="temperature"                   label="T"  sourcetype="reported"   units="K"    ><value>358</value></property>
        <property name="pressure"                      label="P"  sourcetype="reported"   units="atm"  ><value>1</value></property>
        <property name="evaluated standard deviation"  sourcetype="estimated"  units="cm/s"  reference="laminar burning velocity"  kind="absolute"  method="combined from scatter and reported uncertainty" ><value>1.06</value></property>
    </commonProperties>
    <dataGroup id="dg1">
        <property name="composition"               id="x1"   label="[CH3OH]"  sourcetype="calculated"  units="mole fraction" >
            <speciesLink preferredKey="CH3OH"  CAS="67-56-1"    InChI="1S/CH4O/c1-2/h2H,1H3"  SMILES="CO"       chemName="methanol"       />
        </property>
        <property name="composition"               id="x2"   label="[O2]"     sourcetype="calculated"  units="mole fraction" >
            <speciesLink preferredKey="O2"     CAS="7782-44-7"  InChI="1S/O2/c1-2"            SMILES="O=O"      chemName="oxygen"         />
        </property>
        <property name="composition"               id="x3"   label="[CO2]"    sourcetype="calculated"  units="mole fraction" >
            <speciesLink preferredKey="CO2"    CAS="124-38-9"   InChI="1S/CO2/c2-1-3"         SMILES="C(=O)=O"  chemName="carbon dioxide" />
        </property>
        <property name="laminar burning velocity"  id="x4"   label="Sl"       sourcetype="reported"    units="cm/s"          />
        <property name="uncertainty"               id="x5"   label="d_Sl"     sourcetype="reported"    units="cm/s"           reference="laminar burning velocity"  kind="absolute"  bound="plusminus" />
        <property name="equivalence ratio"         id="x6"   label="phi"      sourcetype="reported"    units="unitless"      />
        <property name="uncertainty"               id="x7"   label="d_phi"    sourcetype="reported"    units="unitless"       reference="equivalence ratio"         kind="absolute"  bound="plusminus" />

        <dataPoint><x1>0.157303</x1><x2>0.294944</x2><x3>0.547753</x3><x4>38.61</x4><x5>1.00</x5><x6>0.800</x6><x7>0.011</x7></dataPoint>
        <dataPoint><x1>0.173554</x1><x2>0.289256</x2><x3>0.537190</x3><x4>44.47</x4><x5>0.93</x5><x6>0.900</x6><x7>0.012</x7></dataPoint>
        <dataPoint><x1>0.189189</x1><x2>0.283784</x2><x3>0.527027</x3><x4>48.73</x4><x5>0.98</x5><x6>1.000</x6><x7>0.013</x7></dataPoint>
        <dataPoint><x1>0.204244</x1><x2>0.278515</x2><x3>0.517241</x3><x4>51.39</x4><x5>1.04</x5><x6>1.100</x6><x7>0.015</x7></dataPoint>
        <dataPoint><x1>0.218750</x1><x2>0.273438</x2><x3>0.507813</x3><x4>51.86</x4><x5>1.10</x5><x6>1.200</x6><x7>0.016</x7></dataPoint>
        <dataPoint><x1>0.232737</x1><x2>0.268542</x2><x3>0.498721</x3><x4>50.38</x4><x5>1.11</x5><x6>1.300</x6><x7>0.017</x7></dataPoint>
        <dataPoint><x1>0.246231</x1><x2>0.263819</x2><x3>0.489950</x3><x4>47.49</x4><x5>1.10</x5><x6>1.400</x6><x7>0.019</x7></dataPoint>
        <dataPoint><x1>0.259259</x1><x2>0.259259</x2><x3>0.481481</x3><x4>44.03</x4><x5>1.21</x5><x6>1.500</x6><x7>0.020</x7></dataPoint>
    </dataGroup>
    <comment>Sl values reported in the paper were corrected by multiplication with factor 1.055 in accordance with the recommendations of Alekseev et al., Combust. Sci. Technol. 188 (2016), 853-894, Table 3</comment>
</experiment>
