<experiment>
    <fileAuthor>Chemical Kinetics Laboratory, Institute of Chemistry, ELTE, Budapest, Hungary</fileAuthor>
    <fileDOI>10.24388/x20002058_x</fileDOI>
    <fileVersion>
        <major>1</major>
        <minor>0</minor>
    </fileVersion>
    <ReSpecThVersion>
        <major>2</major>
        <minor>3</minor>
    </ReSpecThVersion>
    <firstPublicationDate>2016-12-05</firstPublicationDate>
    <lastModificationDate>2020-11-18</lastModificationDate>
    <bibliographyLink>
        <description>O.L. Guelder, Combust. Sci. Technol. 33 (1983), 179-192</description>
        <referenceDOI>10.1080/00102208308923674</referenceDOI>
        <location>Main article</location>
        <figure>Fig. 7, open circle</figure>
        <details>
            <author>G{\"{u}}lder, {\"{O}}mer L</author>
            <journal>Combust Sci Technol</journal>
            <number>1--4</number>
            <pages>179--192</pages>
            <title>Laminar Burning Velocities of Methanol, Isooctane andIsooctane/Methanol Blends</title>
            <volume>33</volume>
            <year>1983</year>
        </details>
    </bibliographyLink>
    <experimentType>laminar burning velocity measurement</experimentType>
    <apparatus>
        <kind>flame</kind>
        <mode>premixed</mode>
        <mode>laminar</mode>
        <mode>OPF</mode>
    </apparatus>
    <commonProperties>
        <property name="pressure"                      label="P"    sourcetype="reported"    units="bar"           ><value>1</value></property>
        <property name="equivalence ratio"             label="phi"  sourcetype="reported"    units="unitless"      ><value>1.08</value></property>
        <property name="initial composition"           sourcetype="calculated" >
            <component><speciesLink preferredKey="CH3OH"  CAS="67-56-1"    InChI="1S/CH4O/c1-2/h2H,1H3"  SMILES="CO"   chemName="methanol" /><amount units="mole fraction" >0.130798</amount></component>
            <component><speciesLink preferredKey="O2"     CAS="7782-44-7"  InChI="1S/O2/c1-2"            SMILES="O=O"  chemName="oxygen"   /><amount units="mole fraction" >0.181663</amount></component>
            <component><speciesLink preferredKey="N2"     CAS="7727-37-9"  InChI="1S/N2/c1-2"            SMILES="N#N"  chemName="nitrogen" /><amount units="mole fraction" >0.687539</amount></component>
        </property>
        <property name="evaluated standard deviation"  sourcetype="estimated"   units="cm/s"           reference="laminar burning velocity"  kind="absolute"  method="combined from scatter and reported uncertainty" ><value>7.05</value></property>
    </commonProperties>
    <dataGroup id="dg1">
        <property name="temperature"               id="x1"   label="T"   sourcetype="digitized"  units="K"    />
        <property name="laminar burning velocity"  id="x2"   label="Sl"  sourcetype="digitized"  units="cm/s" />

        <dataPoint><x1>300</x1><x2>050.21</x2></dataPoint>
        <dataPoint><x1>350</x1><x2>065.83</x2></dataPoint>
        <dataPoint><x1>400</x1><x2>081.88</x2></dataPoint>
        <dataPoint><x1>450</x1><x2>100.00</x2></dataPoint>
        <dataPoint><x1>500</x1><x2>122.29</x2></dataPoint>
        <dataPoint><x1>550</x1><x2>142.92</x2></dataPoint>
        <dataPoint><x1>600</x1><x2>166.04</x2></dataPoint>
    </dataGroup>
</experiment>
