<experiment>
    <fileAuthor>Chemical Kinetics Laboratory, Institute of Chemistry, ELTE, Budapest, Hungary</fileAuthor>
    <fileDOI>10.24388/x20002003</fileDOI>
    <fileVersion>
        <major>1</major>
        <minor>0</minor>
    </fileVersion>
    <ReSpecThVersion>
        <major>2</major>
        <minor>3</minor>
    </ReSpecThVersion>
    <firstPublicationDate>2016-12-05</firstPublicationDate>
    <lastModificationDate>2020-11-18</lastModificationDate>
    <bibliographyLink>
        <description>F.N. Egolfopoulos, D.X. Du, C.K. Law, Combust. Sci. Technol. 83 (1992), 33-75</description>
        <referenceDOI>10.1080/00102209208951823</referenceDOI>
        <location>Main article</location>
        <figure>Fig. 2, lower, open square</figure>
        <details>
            <author>Egolfopoulos, F N and Du, D X and Law, C K</author>
            <journal>Combust Sci Technol</journal>
            <number>1--3</number>
            <pages>33--75</pages>
            <title>A Comprehensive Study of Methanol Kinetics in Freely-Propagating and Burner-Stabilized Flames, Flow and Static Reactors, and Shock Tubes</title>
            <volume>83</volume>
            <year>1992</year>
        </details>
    </bibliographyLink>
    <experimentType>laminar burning velocity measurement</experimentType>
    <apparatus>
        <kind>flame</kind>
        <mode>premixed</mode>
        <mode>laminar</mode>
        <mode>CTF</mode>
    </apparatus>
    <commonProperties>
        <property name="pressure"                      label="P"  sourcetype="reported"   units="atm"  ><value>1</value></property>
        <property name="temperature"                   label="T"  sourcetype="reported"   units="K"    ><value>298</value></property>
        <property name="evaluated standard deviation"  sourcetype="estimated"  units="cm/s"  reference="laminar burning velocity"  kind="absolute"  method="combined from scatter and reported uncertainty" ><value>5.58</value></property>
    </commonProperties>
    <dataGroup id="dg1">
        <property name="laminar burning velocity"  id="x1"   label="Sl"       sourcetype="digitized"   units="cm/s"          />
        <property name="composition"               id="x2"   label="[CH3OH]"  sourcetype="calculated"  units="mole fraction" >
            <speciesLink preferredKey="CH3OH"  CAS="67-56-1"    InChI="1S/CH4O/c1-2/h2H,1H3"  SMILES="CO"   chemName="methanol" />
        </property>
        <property name="composition"               id="x3"   label="[O2]"     sourcetype="calculated"  units="mole fraction" >
            <speciesLink preferredKey="O2"     CAS="7782-44-7"  InChI="1S/O2/c1-2"            SMILES="O=O"  chemName="oxygen"   />
        </property>
        <property name="composition"               id="x4"   label="[N2]"     sourcetype="calculated"  units="mole fraction" >
            <speciesLink preferredKey="N2"     CAS="7727-37-9"  InChI="1S/N2/c1-2"            SMILES="N#N"  chemName="nitrogen" />
        </property>
        <property name="equivalence ratio"         id="x5"   label="phi"      sourcetype="digitized"   units="unitless"      />

        <dataPoint><x1>1.221394e+001</x1><x2>7.087616e-002</x2><x3>1.947968e-001</x3><x4>7.343271e-001</x4><x5>5.45770E-01</x5></dataPoint>
        <dataPoint><x1>1.420868e+001</x1><x2>7.731669e-002</x2><x3>1.934465e-001</x3><x4>7.292368e-001</x4><x5>5.99520E-01</x5></dataPoint>
        <dataPoint><x1>1.850504e+001</x1><x2>8.923729e-002</x2><x3>1.909472e-001</x3><x4>7.198155e-001</x4><x5>7.01010E-01</x5></dataPoint>
        <dataPoint><x1>2.568610e+001</x1><x2>9.979714e-002</x2><x3>1.887333e-001</x3><x4>7.114696e-001</x4><x5>7.93160E-01</x5></dataPoint>
        <dataPoint><x1>3.446295e+001</x1><x2>1.114886e-001</x2><x3>1.862821e-001</x3><x4>7.022293e-001</x4><x5>8.97740E-01</x5></dataPoint>
        <dataPoint><x1>4.327050e+001</x1><x2>1.225307e-001</x2><x3>1.839671e-001</x3><x4>6.935023e-001</x4><x5>9.99070E-01</x5></dataPoint>
        <dataPoint><x1>4.956160e+001</x1><x2>1.330254e-001</x2><x3>1.817668e-001</x3><x4>6.852078e-001</x4><x5>1.09777E+00</x5></dataPoint>
        <dataPoint><x1>4.956160e+001</x1><x2>1.432413e-001</x2><x3>1.796250e-001</x3><x4>6.771337e-001</x4><x5>1.19617E+00</x5></dataPoint>
        <dataPoint><x1>4.363875e+001</x1><x2>1.535699e-001</x2><x3>1.774595e-001</x3><x4>6.689706e-001</x4><x5>1.29807E+00</x5></dataPoint>
        <dataPoint><x1>3.538360e+001</x1><x2>1.637140e-001</x2><x3>1.753327e-001</x3><x4>6.609533e-001</x4><x5>1.40060E+00</x5></dataPoint>
        <dataPoint><x1>3.016659e+001</x1><x2>1.729310e-001</x2><x3>1.734003e-001</x3><x4>6.536687e-001</x4><x5>1.49594E+00</x5></dataPoint>
    </dataGroup>
</experiment>
