<experiment>
    <fileAuthor>Chemical Kinetics Laboratory, Institute of Chemistry, ELTE, Budapest, Hungary</fileAuthor>
    <fileDOI>10.24388/x20002001</fileDOI>
    <fileVersion>
        <major>1</major>
        <minor>0</minor>
    </fileVersion>
    <ReSpecThVersion>
        <major>2</major>
        <minor>3</minor>
    </ReSpecThVersion>
    <firstPublicationDate>2016-12-05</firstPublicationDate>
    <lastModificationDate>2020-11-18</lastModificationDate>
    <bibliographyLink>
        <description>F.N. Egolfopoulos, D.X. Du, C.K. Law, Combust. Sci. Technol. 83 (1992), 33-75</description>
        <referenceDOI>10.1080/00102209208951823</referenceDOI>
        <location>Main article</location>
        <figure>Fig. 2, upper, full square</figure>
        <details>
            <author>Egolfopoulos, F N and Du, D X and Law, C K</author>
            <journal>Combust Sci Technol</journal>
            <number>1--3</number>
            <pages>33--75</pages>
            <title>A Comprehensive Study of Methanol Kinetics in Freely-Propagating and Burner-Stabilized Flames, Flow and Static Reactors, and Shock Tubes</title>
            <volume>83</volume>
            <year>1992</year>
        </details>
    </bibliographyLink>
    <experimentType>laminar burning velocity measurement</experimentType>
    <apparatus>
        <kind>flame</kind>
        <mode>premixed</mode>
        <mode>laminar</mode>
        <mode>CTF</mode>
    </apparatus>
    <commonProperties>
        <property name="pressure"                      label="P"  sourcetype="reported"   units="atm"  ><value>1</value></property>
        <property name="temperature"                   label="T"  sourcetype="reported"   units="K"    ><value>318</value></property>
        <property name="evaluated standard deviation"  sourcetype="estimated"  units="cm/s"  reference="laminar burning velocity"  kind="absolute"  method="combined from scatter and reported uncertainty" ><value>5.25</value></property>
    </commonProperties>
    <dataGroup id="dg1">
        <property name="laminar burning velocity"  id="x1"   label="Sl"       sourcetype="digitized"   units="cm/s"          />
        <property name="composition"               id="x2"   label="[CH3OH]"  sourcetype="calculated"  units="mole fraction" >
            <speciesLink preferredKey="CH3OH"  CAS="67-56-1"    InChI="1S/CH4O/c1-2/h2H,1H3"  SMILES="CO"   chemName="methanol" />
        </property>
        <property name="composition"               id="x3"   label="[O2]"     sourcetype="calculated"  units="mole fraction" >
            <speciesLink preferredKey="O2"     CAS="7782-44-7"  InChI="1S/O2/c1-2"            SMILES="O=O"  chemName="oxygen"   />
        </property>
        <property name="composition"               id="x4"   label="[N2]"     sourcetype="calculated"  units="mole fraction" >
            <speciesLink preferredKey="N2"     CAS="7727-37-9"  InChI="1S/N2/c1-2"            SMILES="N#N"  chemName="nitrogen" />
        </property>
        <property name="equivalence ratio"         id="x5"   label="phi"      sourcetype="digitized"   units="unitless"      />

        <dataPoint><x1>1.221712e+001</x1><x2>7.157666e-002</x2><x3>1.946499e-001</x3><x4>7.337734e-001</x4><x5>5.51580E-01</x5></dataPoint>
        <dataPoint><x1>1.605053e+001</x1><x2>7.726076e-002</x2><x3>1.934582e-001</x3><x4>7.292810e-001</x4><x5>5.99050E-01</x5></dataPoint>
        <dataPoint><x1>2.117053e+001</x1><x2>8.952125e-002</x2><x3>1.908877e-001</x3><x4>7.195910e-001</x4><x5>7.03460E-01</x5></dataPoint>
        <dataPoint><x1>2.500395e+001</x1><x2>9.498838e-002</x2><x3>1.897415e-001</x3><x4>7.152701e-001</x4><x5>7.50930E-01</x5></dataPoint>
        <dataPoint><x1>3.064086e+001</x1><x2>1.007397e-001</x2><x3>1.885357e-001</x3><x4>7.107246e-001</x4><x5>8.01490E-01</x5></dataPoint>
        <dataPoint><x1>3.590327e+001</x1><x2>1.056330e-001</x2><x3>1.875098e-001</x3><x4>7.068572e-001</x4><x5>8.45020E-01</x5></dataPoint>
        <dataPoint><x1>3.718928e+001</x1><x2>1.116552e-001</x2><x3>1.862472e-001</x3><x4>7.020976e-001</x4><x5>8.99250E-01</x5></dataPoint>
        <dataPoint><x1>4.413098e+001</x1><x2>1.168289e-001</x2><x3>1.851625e-001</x3><x4>6.980086e-001</x4><x5>9.46430E-01</x5></dataPoint>
        <dataPoint><x1>4.830689e+001</x1><x2>1.222637e-001</x2><x3>1.840230e-001</x3><x4>6.937133e-001</x4><x5>9.96590E-01</x5></dataPoint>
        <dataPoint><x1>5.214100e+001</x1><x2>1.276926e-001</x2><x3>1.828848e-001</x3><x4>6.894225e-001</x4><x5>1.04732E+00</x5></dataPoint>
        <dataPoint><x1>5.398580e+001</x1><x2>1.330737e-001</x2><x3>1.817567e-001</x3><x4>6.851696e-001</x4><x5>1.09823E+00</x5></dataPoint>
        <dataPoint><x1>5.452640e+001</x1><x2>1.390224e-001</x2><x3>1.805095e-001</x3><x4>6.804681e-001</x4><x5>1.15525E+00</x5></dataPoint>
        <dataPoint><x1>5.307840e+001</x1><x2>1.452414e-001</x2><x3>1.792056e-001</x3><x4>6.755530e-001</x4><x5>1.21571E+00</x5></dataPoint>
        <dataPoint><x1>4.945669e+001</x1><x2>1.523746e-001</x2><x3>1.777101e-001</x3><x4>6.699153e-001</x4><x5>1.28615E+00</x5></dataPoint>
        <dataPoint><x1>4.511728e+001</x1><x2>1.581067e-001</x2><x3>1.765083e-001</x3><x4>6.653849e-001</x4><x5>1.34362E+00</x5></dataPoint>
        <dataPoint><x1>4.167870e+001</x1><x2>1.634881e-001</x2><x3>1.753801e-001</x3><x4>6.611318e-001</x4><x5>1.39829E+00</x5></dataPoint>
        <dataPoint><x1>3.805141e+001</x1><x2>1.678044e-001</x2><x3>1.744752e-001</x3><x4>6.577205e-001</x4><x5>1.44265E+00</x5></dataPoint>
        <dataPoint><x1>3.169034e+001</x1><x2>1.727770e-001</x2><x3>1.734326e-001</x3><x4>6.537904e-001</x4><x5>1.49433E+00</x5></dataPoint>
        <dataPoint><x1>2.896666e+001</x1><x2>1.779665e-001</x2><x3>1.723446e-001</x3><x4>6.496889e-001</x4><x5>1.54893E+00</x5></dataPoint>
        <dataPoint><x1>2.552587e+001</x1><x2>1.821331e-001</x2><x3>1.714710e-001</x3><x4>6.463958e-001</x4><x5>1.59327E+00</x5></dataPoint>
        <dataPoint><x1>2.029737e+001</x1><x2>1.927609e-001</x2><x3>1.692429e-001</x3><x4>6.379963e-001</x4><x5>1.70844E+00</x5></dataPoint>
        <dataPoint><x1>1.847638e+001</x1><x2>1.982329e-001</x2><x3>1.680956e-001</x3><x4>6.336715e-001</x4><x5>1.76893E+00</x5></dataPoint>
        <dataPoint><x1>1.433299e+001</x1><x2>2.072957e-001</x2><x3>1.661955e-001</x3><x4>6.265088e-001</x4><x5>1.87095E+00</x5></dataPoint>
    </dataGroup>
</experiment>
