<experiment>
    <fileAuthor>Chemical Kinetics Laboratory, Institute of Chemistry, ELTE, Budapest, Hungary</fileAuthor>
    <fileDOI>10.24388/x20002091</fileDOI>
    <fileVersion>
        <major>1</major>
        <minor>1</minor>
    </fileVersion>
    <ReSpecThVersion>
        <major>2</major>
        <minor>3</minor>
    </ReSpecThVersion>
    <firstPublicationDate>2016-12-05</firstPublicationDate>
    <lastModificationDate>2020-11-18</lastModificationDate>
    <bibliographyLink>
        <description>L. Sileghem, V.A. Alekseev, J. Vancoillie, E.J.K. Nilsson, S. Verhelst, A.A. Konnov, Fuel 115 (2014), 32-40</description>
        <referenceDOI>10.1016/j.fuel.2013.07.004</referenceDOI>
        <location>Supplementary Material</location>
        <table>Supp. Mat. Methanol, T = 328 K</table>
        <details>
            <author>Sileghem, L and Alekseev, V A and Vancoillie, J and Nilsson, E J K and Verhelst, S and Konnov, A A</author>
            <journal>Fuel</journal>
            <pages>32--40</pages>
            <title>Laminar burning velocities of primary reference fuels and simple alcohols</title>
            <volume>115</volume>
            <year>2014</year>
        </details>
    </bibliographyLink>
    <experimentType>laminar burning velocity measurement</experimentType>
    <apparatus>
        <kind>flame</kind>
        <mode>premixed</mode>
        <mode>laminar</mode>
        <mode>OPF</mode>
    </apparatus>
    <commonProperties>
        <property name="temperature"                   label="T"  sourcetype="reported"   units="K"    ><value>328</value></property>
        <property name="pressure"                      label="P"  sourcetype="reported"   units="atm"  ><value>1</value></property>
        <property name="evaluated standard deviation"  sourcetype="estimated"  units="cm/s"  reference="laminar burning velocity"  kind="absolute"  method="generic uncertainty" ><value>1.0</value></property>
    </commonProperties>
    <dataGroup id="dg1">
        <property name="composition"               id="x1"   label="[CH3OH]"  sourcetype="calculated"  units="mole fraction" >
            <speciesLink preferredKey="CH3OH"  CAS="67-56-1"    InChI="1S/CH4O/c1-2/h2H,1H3"  SMILES="CO"   chemName="methanol" />
        </property>
        <property name="composition"               id="x2"   label="[O2]"     sourcetype="calculated"  units="mole fraction" >
            <speciesLink preferredKey="O2"     CAS="7782-44-7"  InChI="1S/O2/c1-2"            SMILES="O=O"  chemName="oxygen"   />
        </property>
        <property name="composition"               id="x3"   label="[N2]"     sourcetype="calculated"  units="mole fraction" >
            <speciesLink preferredKey="N2"     CAS="7727-37-9"  InChI="1S/N2/c1-2"            SMILES="N#N"  chemName="nitrogen" />
        </property>
        <property name="laminar burning velocity"  id="x4"   label="Sl"       sourcetype="reported"    units="cm/s"          />
        <property name="uncertainty"               id="x5"   label="d_Sl"     sourcetype="reported"    units="cm/s"           reference="laminar burning velocity"  kind="absolute"  bound="plusminus" />
        <property name="equivalence ratio"         id="x6"   label="phi"      sourcetype="reported"    units="unitless"      />

        <dataPoint><x1>0.088866</x1><x2>0.190427</x2><x3>0.720707</x3><x4>23.54</x4><x5>0.6</x5><x6>0.7</x6></dataPoint>
        <dataPoint><x1>0.100288</x1><x2>0.188040</x2><x3>0.711672</x3><x4>34.34</x4><x5>0.6</x5><x6>0.8</x6></dataPoint>
        <dataPoint><x1>0.111427</x1><x2>0.185712</x2><x3>0.702861</x3><x4>43.22</x4><x5>0.6</x5><x6>0.9</x6></dataPoint>
        <dataPoint><x1>0.122294</x1><x2>0.183441</x2><x3>0.694266</x3><x4>50.17</x4><x5>0.7</x5><x6>1.0</x6></dataPoint>
        <dataPoint><x1>0.132898</x1><x2>0.181224</x2><x3>0.685878</x3><x4>53.73</x4><x5>0.7</x5><x6>1.1</x6></dataPoint>
        <dataPoint><x1>0.143249</x1><x2>0.179061</x2><x3>0.677690</x3><x4>54.47</x4><x5>0.7</x5><x6>1.2</x6></dataPoint>
        <dataPoint><x1>0.153356</x1><x2>0.176949</x2><x3>0.669696</x3><x4>52.06</x4><x5>0.8</x5><x6>1.3</x6></dataPoint>
        <dataPoint><x1>0.163227</x1><x2>0.174886</x2><x3>0.661888</x3><x4>46.87</x4><x5>1.0</x5><x6>1.4</x6></dataPoint>
        <dataPoint><x1>0.172870</x1><x2>0.172870</x2><x3>0.654260</x3><x4>39.13</x4><x5>0.9</x5><x6>1.5</x6></dataPoint>
    </dataGroup>
    <comment>Sl values reported in the paper were corrected by multiplication with factor 1.055 in accordance with the recommendations of Alekseev et al., Combust. Sci. Technol. 188 (2016), 853-894, Table 3</comment>
</experiment>
