<experiment>
    <fileAuthor>Chemical Kinetics Laboratory, Institute of Chemistry, ELTE, Budapest, Hungary</fileAuthor>
    <fileDOI>10.24388/x20002035</fileDOI>
    <fileVersion>
        <major>1</major>
        <minor>0</minor>
    </fileVersion>
    <ReSpecThVersion>
        <major>2</major>
        <minor>3</minor>
    </ReSpecThVersion>
    <firstPublicationDate>2016-12-05</firstPublicationDate>
    <lastModificationDate>2020-11-18</lastModificationDate>
    <bibliographyLink>
        <description>Z. Zhang, Z. Huang, X. Wang, J. Xiang, X. Wang, H. Miao, Combust. Flame 155 (2008), 358-368</description>
        <referenceDOI>10.1016/j.combustflame.2008.07.005</referenceDOI>
        <location>Main article</location>
        <figure>Fig. 14b, open triangle</figure>
        <details>
            <author>Zhang, Zhiyuan and Huang, Zuohua and Wang, Xiangang and Xiang, Jun and Wang, Xibin and Haiyan, Miao</author>
            <journal>Combust Flame</journal>
            <pages>358--368</pages>
            <title>Measurements of laminar burning velocities and Markstein lengths for methanol--air--nitrogen mixtures at elevatedpressures and temperatures</title>
            <volume>155</volume>
            <year>2008</year>
        </details>
    </bibliographyLink>
    <experimentType>laminar burning velocity measurement</experimentType>
    <apparatus>
        <kind>flame</kind>
        <mode>premixed</mode>
        <mode>laminar</mode>
        <mode>OPF</mode>
    </apparatus>
    <commonProperties>
        <property name="pressure"                      label="P"  sourcetype="reported"   units="bar"  ><value>5.0</value></property>
        <property name="temperature"                   label="T"  sourcetype="reported"   units="K"    ><value>373</value></property>
        <property name="evaluated standard deviation"  sourcetype="estimated"  units="cm/s"  reference="laminar burning velocity"  kind="absolute"  method="combined from scatter and reported uncertainty" ><value>5.01</value></property>
    </commonProperties>
    <dataGroup id="dg1">
        <property name="laminar burning velocity"  id="x1"   label="Sl"       sourcetype="digitized"   units="cm/s"          />
        <property name="composition"               id="x2"   label="[CH3OH]"  sourcetype="calculated"  units="mole fraction" >
            <speciesLink preferredKey="CH3OH"  CAS="67-56-1"    InChI="1S/CH4O/c1-2/h2H,1H3"  SMILES="CO"   chemName="methanol" />
        </property>
        <property name="composition"               id="x3"   label="[O2]"     sourcetype="calculated"  units="mole fraction" >
            <speciesLink preferredKey="O2"     CAS="7782-44-7"  InChI="1S/O2/c1-2"            SMILES="O=O"  chemName="oxygen"   />
        </property>
        <property name="composition"               id="x4"   label="[N2]"     sourcetype="calculated"  units="mole fraction" >
            <speciesLink preferredKey="N2"     CAS="7727-37-9"  InChI="1S/N2/c1-2"            SMILES="N#N"  chemName="nitrogen" />
        </property>
        <property name="equivalence ratio"         id="x5"   label="phi"      sourcetype="digitized"   units="unitless"      />

        <dataPoint><x1>19.09</x1><x2>0.089253</x2><x3>0.191257</x3><x4>0.719490</x4><x5>0.7</x5></dataPoint>
        <dataPoint><x1>27.48</x1><x2>0.100719</x2><x3>0.188849</x3><x4>0.710432</x4><x5>0.8</x5></dataPoint>
        <dataPoint><x1>35.17</x1><x2>0.111901</x2><x3>0.186501</x3><x4>0.701599</x4><x5>0.9</x5></dataPoint>
        <dataPoint><x1>40.77</x1><x2>0.122807</x2><x3>0.184211</x3><x4>0.692982</x4><x5>1.0</x5></dataPoint>
        <dataPoint><x1>41.61</x1><x2>0.133449</x2><x3>0.181976</x3><x4>0.684575</x4><x5>1.1</x5></dataPoint>
        <dataPoint><x1>39.37</x1><x2>0.143836</x2><x3>0.179795</x3><x4>0.676370</x4><x5>1.2</x5></dataPoint>
        <dataPoint><x1>35.04</x1><x2>0.153976</x2><x3>0.177665</x3><x4>0.668359</x4><x5>1.3</x5></dataPoint>
        <dataPoint><x1>30.28</x1><x2>0.163880</x2><x3>0.175585</x3><x4>0.660535</x4><x5>1.4</x5></dataPoint>
    </dataGroup>
</experiment>
