<experiment>
    <fileAuthor>Chemical Kinetics Laboratory, Institute of Chemistry, ELTE, Budapest, Hungary</fileAuthor>
    <fileDOI>10.24388/x20002025</fileDOI>
    <fileVersion>
        <major>1</major>
        <minor>0</minor>
    </fileVersion>
    <ReSpecThVersion>
        <major>2</major>
        <minor>3</minor>
    </ReSpecThVersion>
    <firstPublicationDate>2016-12-05</firstPublicationDate>
    <lastModificationDate>2020-11-18</lastModificationDate>
    <bibliographyLink>
        <description>M. Hirano, K. Oda, T. Hirano, K. Akita, Combust. Flame 40 (1981), 341-343</description>
        <referenceDOI>10.1016/0010-2180(81)90135-8</referenceDOI>
        <location>Main article</location>
        <figure>Fig. 1, open circle, 0% H2O</figure>
        <details>
            <author>Hirano, M and Oda, K and Hirano, T and Akita, K</author>
            <journal>Combust Flame</journal>
            <pages>341--343</pages>
            <title>Burning Velocities of Methanol-Air-Water Gaseous Mixtures</title>
            <volume>40</volume>
            <year>1981</year>
        </details>
    </bibliographyLink>
    <experimentType>laminar burning velocity measurement</experimentType>
    <apparatus>
        <kind>flame</kind>
        <mode>premixed</mode>
        <mode>laminar</mode>
        <mode>FCM</mode>
    </apparatus>
    <commonProperties>
        <property name="pressure"                      label="P"  sourcetype="reported"   units="atm"  ><value>1</value></property>
        <property name="temperature"                   label="T"  sourcetype="reported"   units="K"    ><value>413</value></property>
        <property name="evaluated standard deviation"  sourcetype="estimated"  units="cm/s"  reference="laminar burning velocity"  kind="absolute"  method="combined from scatter and reported uncertainty" ><value>6.32</value></property>
    </commonProperties>
    <dataGroup id="dg1">
        <property name="laminar burning velocity"  id="x1"   label="Sl"       sourcetype="digitized"   units="cm/s"          />
        <property name="composition"               id="x2"   label="[CH3OH]"  sourcetype="calculated"  units="mole fraction" >
            <speciesLink preferredKey="CH3OH"  CAS="67-56-1"    InChI="1S/CH4O/c1-2/h2H,1H3"  SMILES="CO"   chemName="methanol" />
        </property>
        <property name="composition"               id="x3"   label="[O2]"     sourcetype="calculated"  units="mole fraction" >
            <speciesLink preferredKey="O2"     CAS="7782-44-7"  InChI="1S/O2/c1-2"            SMILES="O=O"  chemName="oxygen"   />
        </property>
        <property name="composition"               id="x4"   label="[N2]"     sourcetype="calculated"  units="mole fraction" >
            <speciesLink preferredKey="N2"     CAS="7727-37-9"  InChI="1S/N2/c1-2"            SMILES="N#N"  chemName="nitrogen" />
        </property>
        <property name="equivalence ratio"         id="x5"   label="phi"      sourcetype="digitized"   units="unitless"      />

        <dataPoint><x1>062.5</x1><x2>0.069646</x2><x3>0.195374</x3><x4>0.734980</x4><x5>0.5347</x5></dataPoint>
        <dataPoint><x1>059.4</x1><x2>0.072900</x2><x3>0.194691</x3><x4>0.732409</x4><x5>0.5617</x5></dataPoint>
        <dataPoint><x1>059.9</x1><x2>0.079939</x2><x3>0.193213</x3><x4>0.726848</x4><x5>0.6206</x5></dataPoint>
        <dataPoint><x1>063.2</x1><x2>0.086137</x2><x3>0.191911</x3><x4>0.721952</x4><x5>0.6733</x5></dataPoint>
        <dataPoint><x1>077.0</x1><x2>0.094133</x2><x3>0.190232</x3><x4>0.715635</x4><x5>0.7423</x5></dataPoint>
        <dataPoint><x1>083.0</x1><x2>0.095734</x2><x3>0.189896</x3><x4>0.714370</x4><x5>0.7562</x5></dataPoint>
        <dataPoint><x1>079.8</x1><x2>0.098811</x2><x3>0.189250</x3><x4>0.711939</x4><x5>0.7832</x5></dataPoint>
        <dataPoint><x1>075.4</x1><x2>0.099882</x2><x3>0.189025</x3><x4>0.711094</x4><x5>0.7926</x5></dataPoint>
        <dataPoint><x1>081.8</x1><x2>0.106759</x2><x3>0.187581</x3><x4>0.705660</x4><x5>0.8537</x5></dataPoint>
        <dataPoint><x1>088.0</x1><x2>0.110933</x2><x3>0.186704</x3><x4>0.702363</x4><x5>0.8913</x5></dataPoint>
        <dataPoint><x1>094.0</x1><x2>0.117007</x2><x3>0.185429</x3><x4>0.697565</x4><x5>0.9465</x5></dataPoint>
        <dataPoint><x1>097.4</x1><x2>0.122399</x2><x3>0.184296</x3><x4>0.693305</x4><x5>0.9962</x5></dataPoint>
        <dataPoint><x1>101.5</x1><x2>0.130222</x2><x3>0.182653</x3><x4>0.687125</x4><x5>1.0694</x5></dataPoint>
        <dataPoint><x1>099.1</x1><x2>0.131503</x2><x3>0.182384</x3><x4>0.686113</x4><x5>1.0815</x5></dataPoint>
        <dataPoint><x1>094.9</x1><x2>0.135283</x2><x3>0.181591</x3><x4>0.683127</x4><x5>1.1175</x5></dataPoint>
        <dataPoint><x1>087.6</x1><x2>0.143033</x2><x3>0.179963</x3><x4>0.677004</x4><x5>1.1922</x5></dataPoint>
        <dataPoint><x1>085.9</x1><x2>0.154723</x2><x3>0.177508</x3><x4>0.667769</x4><x5>1.3075</x5></dataPoint>
        <dataPoint><x1>076.1</x1><x2>0.155441</x2><x3>0.177357</x3><x4>0.667202</x4><x5>1.3146</x5></dataPoint>
        <dataPoint><x1>071.3</x1><x2>0.159023</x2><x3>0.176605</x3><x4>0.664371</x4><x5>1.3507</x5></dataPoint>
        <dataPoint><x1>071.1</x1><x2>0.165689</x2><x3>0.175205</x3><x4>0.659105</x4><x5>1.4185</x5></dataPoint>
        <dataPoint><x1>076.4</x1><x2>0.167057</x2><x3>0.174918</x3><x4>0.658025</x4><x5>1.4326</x5></dataPoint>
        <dataPoint><x1>057.0</x1><x2>0.175526</x2><x3>0.173139</x3><x4>0.651334</x4><x5>1.5207</x5></dataPoint>
        <dataPoint><x1>049.6</x1><x2>0.179252</x2><x3>0.172357</x3><x4>0.648391</x4><x5>1.5600</x5></dataPoint>
        <dataPoint><x1>041.4</x1><x2>0.187340</x2><x3>0.170659</x3><x4>0.642001</x4><x5>1.6466</x5></dataPoint>
        <dataPoint><x1>035.0</x1><x2>0.193104</x2><x3>0.169448</x3><x4>0.637448</x4><x5>1.7094</x5></dataPoint>
        <dataPoint><x1>028.6</x1><x2>0.197193</x2><x3>0.168589</x3><x4>0.634217</x4><x5>1.7545</x5></dataPoint>
        <dataPoint><x1>022.1</x1><x2>0.203082</x2><x3>0.167353</x3><x4>0.629566</x4><x5>1.8202</x5></dataPoint>
        <dataPoint><x1>020.6</x1><x2>0.210118</x2><x3>0.165875</x3><x4>0.624006</x4><x5>1.9001</x5></dataPoint>
        <dataPoint><x1>016.8</x1><x2>0.220334</x2><x3>0.163730</x3><x4>0.615936</x4><x5>2.0186</x5></dataPoint>
        <dataPoint><x1>013.9</x1><x2>0.220367</x2><x3>0.163723</x3><x4>0.615910</x4><x5>2.0190</x5></dataPoint>
        <dataPoint><x1>012.0</x1><x2>0.237811</x2><x3>0.160060</x3><x4>0.602129</x4><x5>2.2287</x5></dataPoint>
    </dataGroup>
</experiment>
