<experiment>
    <fileAuthor>Chemical Kinetics Laboratory, Institute of Chemistry, ELTE, Budapest, Hungary</fileAuthor>
    <fileDOI>10.24388/x20002057</fileDOI>
    <fileVersion>
        <major>1</major>
        <minor>0</minor>
    </fileVersion>
    <ReSpecThVersion>
        <major>2</major>
        <minor>3</minor>
    </ReSpecThVersion>
    <firstPublicationDate>2016-12-05</firstPublicationDate>
    <lastModificationDate>2020-11-18</lastModificationDate>
    <bibliographyLink>
        <description>M. Metghalchi, J.C. Keck, Combust. Flame 48 (1982), 191-210</description>
        <referenceDOI>10.1016/0010-2180(82)90127-4</referenceDOI>
        <location>Main article</location>
        <figure>Fig. 5, full square</figure>
        <details>
            <author>Metghalchi, Mohamad and Keck, James C</author>
            <journal>Combust Flame</journal>
            <pages>191--210</pages>
            <title>Burning velocities of mixtures of air with methanol, isooctane, and indolene at high pressure and temperature</title>
            <volume>48</volume>
            <year>1982</year>
        </details>
    </bibliographyLink>
    <experimentType>laminar burning velocity measurement</experimentType>
    <apparatus>
        <kind>flame</kind>
        <mode>premixed</mode>
        <mode>laminar</mode>
        <mode>OPF</mode>
    </apparatus>
    <commonProperties>
        <property name="temperature"                   label="T"  sourcetype="reported"   units="K"    ><value>298</value></property>
        <property name="pressure"                      label="P"  sourcetype="reported"   units="atm"  ><value>1</value></property>
        <property name="evaluated standard deviation"  sourcetype="estimated"  units="cm/s"  reference="laminar burning velocity"  kind="absolute"  method="combined from scatter and reported uncertainty" ><value>7.1</value></property>
    </commonProperties>
    <dataGroup id="dg1">
        <property name="laminar burning velocity"  id="x1"   label="Sl"       sourcetype="digitized"   units="cm/s"          />
        <property name="composition"               id="x2"   label="[CH3OH]"  sourcetype="calculated"  units="mole fraction" >
            <speciesLink preferredKey="CH3OH"  CAS="67-56-1"    InChI="1S/CH4O/c1-2/h2H,1H3"  SMILES="CO"   chemName="methanol" />
        </property>
        <property name="composition"               id="x3"   label="[O2]"     sourcetype="calculated"  units="mole fraction" >
            <speciesLink preferredKey="O2"     CAS="7782-44-7"  InChI="1S/O2/c1-2"            SMILES="O=O"  chemName="oxygen"   />
        </property>
        <property name="composition"               id="x4"   label="[N2]"     sourcetype="calculated"  units="mole fraction" >
            <speciesLink preferredKey="N2"     CAS="7727-37-9"  InChI="1S/N2/c1-2"            SMILES="N#N"  chemName="nitrogen" />
        </property>
        <property name="equivalence ratio"         id="x5"   label="phi"      sourcetype="reported"    units="unitless"      />

        <dataPoint><x1>28.5</x1><x2>0.100288</x2><x3>0.188040</x3><x4>0.711672</x4><x5>0.8</x5></dataPoint>
        <dataPoint><x1>36.1</x1><x2>0.111427</x2><x3>0.185712</x3><x4>0.702861</x4><x5>0.9</x5></dataPoint>
        <dataPoint><x1>41.1</x1><x2>0.122294</x2><x3>0.183441</x3><x4>0.694266</x4><x5>1.0</x5></dataPoint>
        <dataPoint><x1>45.1</x1><x2>0.132898</x2><x3>0.181224</x3><x4>0.685878</x4><x5>1.1</x5></dataPoint>
        <dataPoint><x1>42.1</x1><x2>0.143249</x2><x3>0.179061</x3><x4>0.677690</x4><x5>1.2</x5></dataPoint>
    </dataGroup>
</experiment>
