<experiment>
    <fileAuthor>Chemical Kinetics Laboratory, Institute of Chemistry, ELTE, Budapest, Hungary</fileAuthor>
    <fileDOI>10.24388/x20002016</fileDOI>
    <fileVersion>
        <major>1</major>
        <minor>0</minor>
    </fileVersion>
    <ReSpecThVersion>
        <major>2</major>
        <minor>3</minor>
    </ReSpecThVersion>
    <firstPublicationDate>2016-12-05</firstPublicationDate>
    <lastModificationDate>2020-11-18</lastModificationDate>
    <bibliographyLink>
        <description>S.Y. Liao, D.M. Jiang, Z.H. Huang, W.D. Shen, C. Yuan, Cheng, Q., Energy Conversion and Management 48 (2007), 857-863</description>
        <referenceDOI>10.1016/j.enconman.2006.08.017</referenceDOI>
        <location>Main article</location>
        <figure>Fig. 8, full square</figure>
        <details>
            <author>Liao, S Y and Jiang, D M and Huang, Z H and Shen, W D and Yuan, C and Cheng, Q</author>
            <journal>Energy Convers Manage</journal>
            <number>3</number>
            <pages>857--863</pages>
            <title>Laminar burning velocities for mixtures of methanol and air at elevated temperatures</title>
            <volume>48</volume>
            <year>2007</year>
        </details>
    </bibliographyLink>
    <experimentType>laminar burning velocity measurement</experimentType>
    <apparatus>
        <kind>flame</kind>
        <mode>premixed</mode>
        <mode>laminar</mode>
        <mode>OPF</mode>
    </apparatus>
    <commonProperties>
        <property name="pressure"                      label="P"  sourcetype="reported"   units="bar"  ><value>1</value></property>
        <property name="temperature"                   label="T"  sourcetype="reported"   units="K"    ><value>480</value></property>
        <property name="evaluated standard deviation"  sourcetype="estimated"  units="cm/s"  reference="laminar burning velocity"  kind="absolute"  method="combined from scatter and reported uncertainty" ><value>9.3</value></property>
    </commonProperties>
    <dataGroup id="dg1">
        <property name="composition"               id="x1"   label="[CH3OH]"  sourcetype="calculated"  units="mole fraction" >
            <speciesLink preferredKey="CH3OH"  CAS="67-56-1"    InChI="1S/CH4O/c1-2/h2H,1H3"  SMILES="CO"   chemName="methanol" />
        </property>
        <property name="composition"               id="x2"   label="[O2]"     sourcetype="calculated"  units="mole fraction" >
            <speciesLink preferredKey="O2"     CAS="7782-44-7"  InChI="1S/O2/c1-2"            SMILES="O=O"  chemName="oxygen"   />
        </property>
        <property name="composition"               id="x3"   label="[N2]"     sourcetype="calculated"  units="mole fraction" >
            <speciesLink preferredKey="N2"     CAS="7727-37-9"  InChI="1S/N2/c1-2"            SMILES="N#N"  chemName="nitrogen" />
        </property>
        <property name="laminar burning velocity"  id="x4"   label="Sl"       sourcetype="digitized"   units="cm/s"          />
        <property name="uncertainty"               id="x5"   label="d_Sl"     sourcetype="digitized"   units="cm/s"           reference="laminar burning velocity"  kind="absolute"  bound="plusminus" />
        <property name="equivalence ratio"         id="x6"   label="phi"      sourcetype="digitized"   units="unitless"      />
        <property name="uncertainty"               id="x7"   label="d_phi"    sourcetype="digitized"   units="unitless"       reference="equivalence ratio"         kind="absolute"  bound="plusminus" />

        <dataPoint><x1>0.089120</x1><x2>0.190972</x2><x3>0.719908</x3><x4>51.49</x4><x5>2.69</x5><x6>0.7</x6><x7>0.01</x7></dataPoint>
        <dataPoint><x1>0.100571</x1><x2>0.188571</x2><x3>0.710858</x3><x4>78.36</x4><x5>3.88</x5><x6>0.8</x6><x7>0.02</x7></dataPoint>
        <dataPoint><x1>0.111738</x1><x2>0.186230</x2><x3>0.702032</x3><x4>86.87</x4><x5>4.33</x5><x6>0.9</x6><x7>0.02</x7></dataPoint>
        <dataPoint><x1>0.122631</x1><x2>0.183946</x2><x3>0.693423</x3><x4>92.24</x4><x5>4.78</x5><x6>1.0</x6><x7>0.02</x7></dataPoint>
        <dataPoint><x1>0.133260</x1><x2>0.181718</x2><x3>0.685023</x3><x4>96.12</x4><x5>4.48</x5><x6>1.1</x6><x7>0.02</x7></dataPoint>
        <dataPoint><x1>0.143634</x1><x2>0.179543</x2><x3>0.676823</x3><x4>87.76</x4><x5>4.63</x5><x6>1.2</x6><x7>0.03</x7></dataPoint>
        <dataPoint><x1>0.153763</x1><x2>0.177419</x2><x3>0.668818</x3><x4>71.19</x4><x5>3.58</x5><x6>1.3</x6><x7>0.03</x7></dataPoint>
        <dataPoint><x1>0.163655</x1><x2>0.175345</x2><x3>0.661000</x3><x4>54.03</x4><x5>2.69</x5><x6>1.4</x6><x7>0.03</x7></dataPoint>
    </dataGroup>
</experiment>
