<experiment>
    <fileAuthor>Chemical Kinetics Laboratory, Institute of Chemistry, ELTE, Budapest, Hungary</fileAuthor>
    <fileDOI>10.24388/x20002061</fileDOI>
    <fileVersion>
        <major>1</major>
        <minor>0</minor>
    </fileVersion>
    <ReSpecThVersion>
        <major>2</major>
        <minor>3</minor>
    </ReSpecThVersion>
    <firstPublicationDate>2016-12-05</firstPublicationDate>
    <lastModificationDate>2020-11-18</lastModificationDate>
    <bibliographyLink>
        <description>J. Vancoillie, M. Christensen, E.J.K. Nilsson, S. Verhelst, A.A. Konnov, Energy Fuels 26 (2012), 1557-1564</description>
        <referenceDOI>10.1021/ef2016683</referenceDOI>
        <location>Supplementary Material</location>
        <table>Supp. Mat. Table 1, T = 308 K</table>
        <details>
            <author>Vancoillie, J and Christensen, M and Nilsson, E J K and Verhelst, S and Konnov, A A</author>
            <journal>Energy Fuels</journal>
            <pages>1557--1564</pages>
            <title>Temperature Dependence of the Laminar Burning Velocity of Methanol Flames</title>
            <volume>26</volume>
            <year>2012</year>
        </details>
    </bibliographyLink>
    <experimentType>laminar burning velocity measurement</experimentType>
    <apparatus>
        <kind>flame</kind>
        <mode>premixed</mode>
        <mode>laminar</mode>
        <mode>HFM</mode>
    </apparatus>
    <commonProperties>
        <property name="pressure"                      label="P"  sourcetype="reported"   units="atm"  ><value>1</value></property>
        <property name="temperature"                   label="T"  sourcetype="reported"   units="K"    ><value>308</value></property>
        <property name="evaluated standard deviation"  sourcetype="estimated"  units="cm/s"  reference="laminar burning velocity"  kind="absolute"  method="combined from scatter and reported uncertainty" ><value>2.26</value></property>
    </commonProperties>
    <dataGroup id="dg1">
        <property name="laminar burning velocity"  id="x1"   label="Sl"       sourcetype="reported"    units="cm/s"          />
        <property name="composition"               id="x2"   label="[CH3OH]"  sourcetype="calculated"  units="mole fraction" >
            <speciesLink preferredKey="CH3OH"  CAS="67-56-1"    InChI="1S/CH4O/c1-2/h2H,1H3"  SMILES="CO"   chemName="methanol" />
        </property>
        <property name="composition"               id="x3"   label="[O2]"     sourcetype="calculated"  units="mole fraction" >
            <speciesLink preferredKey="O2"     CAS="7782-44-7"  InChI="1S/O2/c1-2"            SMILES="O=O"  chemName="oxygen"   />
        </property>
        <property name="composition"               id="x4"   label="[N2]"     sourcetype="calculated"  units="mole fraction" >
            <speciesLink preferredKey="N2"     CAS="7727-37-9"  InChI="1S/N2/c1-2"            SMILES="N#N"  chemName="nitrogen" />
        </property>
        <property name="equivalence ratio"         id="x5"   label="phi"      sourcetype="reported"    units="unitless"      />

        <dataPoint><x1>22.0</x1><x2>0.089120</x2><x3>0.190972</x3><x4>0.719908</x4><x5>0.7</x5></dataPoint>
        <dataPoint><x1>31.0</x1><x2>0.100571</x2><x3>0.188571</x3><x4>0.710858</x4><x5>0.8</x5></dataPoint>
        <dataPoint><x1>39.3</x1><x2>0.111738</x2><x3>0.186230</x3><x4>0.702032</x4><x5>0.9</x5></dataPoint>
        <dataPoint><x1>45.6</x1><x2>0.122631</x2><x3>0.183946</x3><x4>0.693423</x4><x5>1.0</x5></dataPoint>
        <dataPoint><x1>50.1</x1><x2>0.133260</x2><x3>0.181718</x3><x4>0.685023</x4><x5>1.1</x5></dataPoint>
        <dataPoint><x1>36.9</x1><x2>0.173319</x2><x3>0.173319</x3><x4>0.653362</x4><x5>1.5</x5></dataPoint>
    </dataGroup>
</experiment>
