<experiment>
    <fileAuthor>Chemical Kinetics Laboratory, Institute of Chemistry, ELTE, Budapest, Hungary</fileAuthor>
    <fileDOI>10.24388/x20002079</fileDOI>
    <fileVersion>
        <major>1</major>
        <minor>0</minor>
    </fileVersion>
    <ReSpecThVersion>
        <major>2</major>
        <minor>3</minor>
    </ReSpecThVersion>
    <firstPublicationDate>2016-12-05</firstPublicationDate>
    <lastModificationDate>2020-11-18</lastModificationDate>
    <bibliographyLink>
        <description>J. Vancoillie, M. Christensen, E.J.K. Nilsson, S. Verhelst, A.A. Konnov, Energy Fuels 26 (2012), 1557-1564</description>
        <referenceDOI>10.1021/ef2016683</referenceDOI>
        <location>Supplementary Material</location>
        <table>Supp. Mat. Table 4, T = 338 K, mH2O/mCH3OH = 35%</table>
        <details>
            <author>Vancoillie, J and Christensen, M and Nilsson, E J K and Verhelst, S and Konnov, A A</author>
            <journal>Energy Fuels</journal>
            <pages>1557--1564</pages>
            <title>Temperature Dependence of the Laminar Burning Velocity of Methanol Flames</title>
            <volume>26</volume>
            <year>2012</year>
        </details>
    </bibliographyLink>
    <experimentType>laminar burning velocity measurement</experimentType>
    <apparatus>
        <kind>flame</kind>
        <mode>premixed</mode>
        <mode>laminar</mode>
        <mode>HFM</mode>
    </apparatus>
    <commonProperties>
        <property name="pressure"                      label="P"  sourcetype="reported"   units="atm"  ><value>1</value></property>
        <property name="temperature"                   label="T"  sourcetype="reported"   units="K"    ><value>338</value></property>
        <property name="evaluated standard deviation"  sourcetype="estimated"  units="cm/s"  reference="laminar burning velocity"  kind="absolute"  method="combined from scatter and reported uncertainty" ><value>2.02</value></property>
    </commonProperties>
    <dataGroup id="dg1">
        <property name="laminar burning velocity"  id="x1"   label="Sl"       sourcetype="reported"    units="cm/s"          />
        <property name="composition"               id="x2"   label="[CH3OH]"  sourcetype="calculated"  units="mole fraction" >
            <speciesLink preferredKey="CH3OH"  CAS="67-56-1"    InChI="1S/CH4O/c1-2/h2H,1H3"  SMILES="CO"   chemName="methanol" />
        </property>
        <property name="composition"               id="x3"   label="[O2]"     sourcetype="calculated"  units="mole fraction" >
            <speciesLink preferredKey="O2"     CAS="7782-44-7"  InChI="1S/O2/c1-2"            SMILES="O=O"  chemName="oxygen"   />
        </property>
        <property name="composition"               id="x4"   label="[N2]"     sourcetype="calculated"  units="mole fraction" >
            <speciesLink preferredKey="N2"     CAS="7727-37-9"  InChI="1S/N2/c1-2"            SMILES="N#N"  chemName="nitrogen" />
        </property>
        <property name="composition"               id="x5"   label="[H2O]"    sourcetype="calculated"  units="mole fraction" >
            <speciesLink preferredKey="H2O"    CAS="7732-18-5"  InChI="1S/H2O/h1H2"           SMILES="O"    chemName="water"    />
        </property>
        <property name="equivalence ratio"         id="x6"   label="phi"      sourcetype="reported"    units="unitless"      />

        <dataPoint><x1>18.3</x1><x2>0.084437</x2><x3>0.180937</x3><x4>0.682080</x4><x5>0.052546</x5><x6>0.7</x6></dataPoint>
        <dataPoint><x1>25.5</x1><x2>0.094648</x2><x3>0.177464</x3><x4>0.668988</x4><x5>0.058900</x5><x6>0.8</x6></dataPoint>
        <dataPoint><x1>31.7</x1><x2>0.104473</x2><x3>0.174122</x3><x4>0.656390</x4><x5>0.065015</x5><x6>0.9</x6></dataPoint>
        <dataPoint><x1>36.3</x1><x2>0.113936</x2><x3>0.170904</x3><x4>0.644257</x4><x5>0.070903</x5><x6>1.0</x6></dataPoint>
        <dataPoint><x1>38.6</x1><x2>0.123055</x2><x3>0.167802</x3><x4>0.632565</x4><x5>0.076578</x5><x6>1.1</x6></dataPoint>
        <dataPoint><x1>39.0</x1><x2>0.131849</x2><x3>0.164811</x3><x4>0.621290</x4><x5>0.082051</x5><x6>1.2</x6></dataPoint>
        <dataPoint><x1>35.9</x1><x2>0.140335</x2><x3>0.161925</x3><x4>0.610409</x4><x5>0.087332</x5><x6>1.3</x6></dataPoint>
        <dataPoint><x1>30.3</x1><x2>0.148529</x2><x3>0.159138</x3><x4>0.599903</x4><x5>0.092431</x5><x6>1.4</x6></dataPoint>
        <dataPoint><x1>24.2</x1><x2>0.156445</x2><x3>0.156445</x3><x4>0.589753</x4><x5>0.097357</x5><x6>1.5</x6></dataPoint>
    </dataGroup>
</experiment>
