<experiment>
    <fileAuthor>Chemical Kinetics Laboratory, Institute of Chemistry, ELTE, Budapest, Hungary</fileAuthor>
    <fileDOI>10.24388/x20002088</fileDOI>
    <fileVersion>
        <major>1</major>
        <minor>0</minor>
    </fileVersion>
    <ReSpecThVersion>
        <major>2</major>
        <minor>3</minor>
    </ReSpecThVersion>
    <firstPublicationDate>2016-12-05</firstPublicationDate>
    <lastModificationDate>2020-11-18</lastModificationDate>
    <bibliographyLink>
        <description>J. Beeckmann, L. Cai, H. Pitsch, Fuel 117 (2014), 340-350</description>
        <referenceDOI>10.1016/j.fuel.2013.09.025</referenceDOI>
        <location>Main article</location>
        <figure>Fig. 6, full square</figure>
        <details>
            <author>Beeckmann, J and Cai, L and Pitsch, H</author>
            <journal>Fuel</journal>
            <pages>340--350</pages>
            <title>Experimental investigation of the laminar burning velocities of methanol, ethanol, n-propanol, and n-butanol at high pressure</title>
            <volume>117, Part A</volume>
            <year>2014</year>
        </details>
    </bibliographyLink>
    <experimentType>laminar burning velocity measurement</experimentType>
    <apparatus>
        <kind>flame</kind>
        <mode>premixed</mode>
        <mode>laminar</mode>
        <mode>OPF</mode>
    </apparatus>
    <commonProperties>
        <property name="temperature"                   label="T"  sourcetype="reported"   units="K"    ><value>373</value></property>
        <property name="pressure"                      label="P"  sourcetype="reported"   units="bar"  ><value>10</value></property>
        <property name="evaluated standard deviation"  sourcetype="estimated"  units="cm/s"  reference="laminar burning velocity"  kind="absolute"  method="combined from scatter and reported uncertainty" ><value>1.37</value></property>
    </commonProperties>
    <dataGroup id="dg1">
        <property name="composition"               id="x1"   label="[CH3OH]"  sourcetype="calculated"  units="mole fraction" >
            <speciesLink preferredKey="CH3OH"  CAS="67-56-1"    InChI="1S/CH4O/c1-2/h2H,1H3"  SMILES="CO"   chemName="methanol" />
        </property>
        <property name="composition"               id="x2"   label="[O2]"     sourcetype="calculated"  units="mole fraction" >
            <speciesLink preferredKey="O2"     CAS="7782-44-7"  InChI="1S/O2/c1-2"            SMILES="O=O"  chemName="oxygen"   />
        </property>
        <property name="composition"               id="x3"   label="[N2]"     sourcetype="calculated"  units="mole fraction" >
            <speciesLink preferredKey="N2"     CAS="7727-37-9"  InChI="1S/N2/c1-2"            SMILES="N#N"  chemName="nitrogen" />
        </property>
        <property name="laminar burning velocity"  id="x4"   label="Sl"       sourcetype="digitized"   units="cm/s"          />
        <property name="uncertainty"               id="x5"   label="d_Sl"     sourcetype="digitized"   units="cm/s"           reference="laminar burning velocity"  kind="absolute"  bound="plusminus" />
        <property name="equivalence ratio"         id="x6"   label="phi"      sourcetype="digitized"   units="unitless"      />

        <dataPoint><x1>0.088689</x1><x2>0.186819</x2><x3>0.724492</x3><x4>13.52</x4><x5>0.50</x5><x6>0.712</x6></dataPoint>
        <dataPoint><x1>0.100313</x1><x2>0.184436</x2><x3>0.715251</x3><x4>24.64</x4><x5>0.59</x5><x6>0.816</x6></dataPoint>
        <dataPoint><x1>0.111495</x1><x2>0.182144</x2><x3>0.706362</x3><x4>29.02</x4><x5>0.50</x5><x6>0.918</x6></dataPoint>
        <dataPoint><x1>0.121889</x1><x2>0.180013</x2><x3>0.698098</x3><x4>35.39</x4><x5>0.68</x5><x6>1.016</x6></dataPoint>
        <dataPoint><x1>0.133116</x1><x2>0.177711</x2><x3>0.689173</x3><x4>37.92</x4><x5>1.13</x5><x6>1.124</x6></dataPoint>
        <dataPoint><x1>0.143013</x1><x2>0.175682</x2><x3>0.681305</x3><x4>37.88</x4><x5>0.36</x5><x6>1.221</x6></dataPoint>
        <dataPoint><x1>0.153369</x1><x2>0.173559</x2><x3>0.673072</x3><x4>33.22</x4><x5>1.13</x5><x6>1.326</x6></dataPoint>
    </dataGroup>
</experiment>
