<experiment>
    <fileAuthor>Chemical Kinetics Laboratory, Institute of Chemistry, ELTE, Budapest, Hungary</fileAuthor>
    <fileDOI>10.24388/x20002005</fileDOI>
    <fileVersion>
        <major>1</major>
        <minor>0</minor>
    </fileVersion>
    <ReSpecThVersion>
        <major>2</major>
        <minor>3</minor>
    </ReSpecThVersion>
    <firstPublicationDate>2016-12-05</firstPublicationDate>
    <lastModificationDate>2020-11-18</lastModificationDate>
    <bibliographyLink>
        <description>K. Saeed, C.R. Stone, Combust. Flame 139 (2004), 152-166</description>
        <referenceDOI>10.1016/j.combustflame.2004.08.008</referenceDOI>
        <location>Main article</location>
        <figure>Fig. 11 (i), full diamond</figure>
        <details>
            <author>Saeed, K and Stone, C R</author>
            <journal>Combust Flame</journal>
            <pages>152--166</pages>
            <title>Measurements of the laminar burning velocity for mixtures of methanol and air from a constant-volume vessel using a multizone model</title>
            <volume>139</volume>
            <year>2004</year>
        </details>
    </bibliographyLink>
    <experimentType>laminar burning velocity measurement</experimentType>
    <apparatus>
        <kind>flame</kind>
        <mode>premixed</mode>
        <mode>laminar</mode>
        <mode>OPF</mode>
    </apparatus>
    <commonProperties>
        <property name="pressure"                      label="P"  sourcetype="reported"   units="bar"  ><value>0.5</value></property>
        <property name="temperature"                   label="T"  sourcetype="reported"   units="K"    ><value>298</value></property>
        <property name="evaluated standard deviation"  sourcetype="estimated"  units="cm/s"  reference="laminar burning velocity"  kind="absolute"  method="combined from scatter and reported uncertainty" ><value>1.06</value></property>
    </commonProperties>
    <dataGroup id="dg1">
        <property name="laminar burning velocity"  id="x1"   label="Sl"       sourcetype="digitized"   units="cm/s"          />
        <property name="composition"               id="x2"   label="[CH3OH]"  sourcetype="calculated"  units="mole fraction" >
            <speciesLink preferredKey="CH3OH"  CAS="67-56-1"    InChI="1S/CH4O/c1-2/h2H,1H3"  SMILES="CO"   chemName="methanol" />
        </property>
        <property name="composition"               id="x3"   label="[O2]"     sourcetype="calculated"  units="mole fraction" >
            <speciesLink preferredKey="O2"     CAS="7782-44-7"  InChI="1S/O2/c1-2"            SMILES="O=O"  chemName="oxygen"   />
        </property>
        <property name="composition"               id="x4"   label="[N2]"     sourcetype="calculated"  units="mole fraction" >
            <speciesLink preferredKey="N2"     CAS="7727-37-9"  InChI="1S/N2/c1-2"            SMILES="N#N"  chemName="nitrogen" />
        </property>
        <property name="equivalence ratio"         id="x5"   label="phi"      sourcetype="digitized"   units="unitless"      />

        <dataPoint><x1>22.34</x1><x2>0.089120</x2><x3>0.190972</x3><x4>0.719908</x4><x5>0.7</x5></dataPoint>
        <dataPoint><x1>32.50</x1><x2>0.100571</x2><x3>0.188571</x3><x4>0.710858</x4><x5>0.8</x5></dataPoint>
        <dataPoint><x1>43.90</x1><x2>0.111738</x2><x3>0.186230</x3><x4>0.702032</x4><x5>0.9</x5></dataPoint>
        <dataPoint><x1>52.34</x1><x2>0.122631</x2><x3>0.183946</x3><x4>0.693423</x4><x5>1.0</x5></dataPoint>
        <dataPoint><x1>55.63</x1><x2>0.133260</x2><x3>0.181718</x3><x4>0.685023</x4><x5>1.1</x5></dataPoint>
        <dataPoint><x1>53.47</x1><x2>0.143634</x2><x3>0.179543</x3><x4>0.676823</x4><x5>1.2</x5></dataPoint>
        <dataPoint><x1>47.89</x1><x2>0.153763</x2><x3>0.177419</x3><x4>0.668818</x4><x5>1.3</x5></dataPoint>
        <dataPoint><x1>41.50</x1><x2>0.163655</x2><x3>0.175345</x3><x4>0.661000</x4><x5>1.4</x5></dataPoint>
    </dataGroup>
</experiment>
