<experiment>
    <fileAuthor>Chemical Kinetics Laboratory, Institute of Chemistry, ELTE, Budapest, Hungary</fileAuthor>
    <fileDOI>10.24388/x20002095</fileDOI>
    <fileVersion>
        <major>1</major>
        <minor>0</minor>
    </fileVersion>
    <ReSpecThVersion>
        <major>2</major>
        <minor>3</minor>
    </ReSpecThVersion>
    <firstPublicationDate>2016-12-05</firstPublicationDate>
    <lastModificationDate>2020-11-18</lastModificationDate>
    <bibliographyLink>
        <description>S. Voss, F. Rau, V.A. Alekseev, A.A. Konnov, R. Haas-Wittmuess, R.T.E. Hermanns, E. Volkov, L.P.H. de Goey, Proc. Europ. Combust. Meeting 2015, P3-46</description>
        <location>Main article</location>
        <table>Table 6 (average from two measurements: Lund, Freiberg, the uncertainties in the XML are the reported standard deviations)</table>
        <details>
            <author>Voss, S and Rau, F and Alekseev, V A and Konnov, A A and Haas-Wittmüß, R and Hermanns, R T E and Volkov, E and de Goey, L P H</author>
            <journal>Proceedings of the 7th European Combustion Meeting</journal>
            <pages>P3--46</pages>
            <title>A comparative study of laminar burning velocities of methane, methanol and ethanol using the Heat Flux method</title>
            <year>2015</year>
        </details>
    </bibliographyLink>
    <experimentType>laminar burning velocity measurement</experimentType>
    <apparatus>
        <kind>flame</kind>
        <mode>premixed</mode>
        <mode>laminar</mode>
        <mode>HFM</mode>
    </apparatus>
    <commonProperties>
        <property name="temperature"                   label="T"  sourcetype="reported"   units="K"    ><value>318</value></property>
        <property name="pressure"                      label="P"  sourcetype="reported"   units="atm"  ><value>1</value></property>
        <property name="evaluated standard deviation"  sourcetype="estimated"  units="cm/s"  reference="laminar burning velocity"  kind="absolute"  method="combined from scatter and reported uncertainty" ><value>1.29</value></property>
    </commonProperties>
    <dataGroup id="dg1">
        <property name="composition"               id="x1"   label="[CH3OH]"  sourcetype="calculated"  units="mole fraction" >
            <speciesLink preferredKey="CH3OH"  CAS="67-56-1"    InChI="1S/CH4O/c1-2/h2H,1H3"  SMILES="CO"   chemName="methanol" />
        </property>
        <property name="composition"               id="x2"   label="[O2]"     sourcetype="calculated"  units="mole fraction" >
            <speciesLink preferredKey="O2"     CAS="7782-44-7"  InChI="1S/O2/c1-2"            SMILES="O=O"  chemName="oxygen"   />
        </property>
        <property name="composition"               id="x3"   label="[N2]"     sourcetype="calculated"  units="mole fraction" >
            <speciesLink preferredKey="N2"     CAS="7727-37-9"  InChI="1S/N2/c1-2"            SMILES="N#N"  chemName="nitrogen" />
        </property>
        <property name="laminar burning velocity"  id="x4"   label="Sl"       sourcetype="reported"    units="cm/s"          />
        <property name="uncertainty"               id="x5"   label="d_Sl"     sourcetype="reported"    units="cm/s"           reference="laminar burning velocity"  kind="absolute"  bound="plusminus" />
        <property name="equivalence ratio"         id="x6"   label="phi"      sourcetype="reported"    units="unitless"      />

        <dataPoint><x1>0.088866</x1><x2>0.190427</x2><x3>0.720707</x3><x4>21.4</x4><x5>0.0</x5><x6>0.7</x6></dataPoint>
        <dataPoint><x1>0.100288</x1><x2>0.188040</x2><x3>0.711672</x3><x4>31.4</x4><x5>0.6</x5><x6>0.8</x6></dataPoint>
        <dataPoint><x1>0.111427</x1><x2>0.185712</x2><x3>0.702861</x3><x4>40.3</x4><x5>0.4</x5><x6>0.9</x6></dataPoint>
        <dataPoint><x1>0.122294</x1><x2>0.183441</x2><x3>0.694266</x3><x4>46.8</x4><x5>0.2</x5><x6>1.0</x6></dataPoint>
    </dataGroup>
</experiment>
