<experiment>
    <fileAuthor>Chemical Kinetics Laboratory, Institute of Chemistry, ELTE, Budapest, Hungary</fileAuthor>
    <fileDOI>10.24388/x20002039</fileDOI>
    <fileVersion>
        <major>1</major>
        <minor>0</minor>
    </fileVersion>
    <ReSpecThVersion>
        <major>2</major>
        <minor>3</minor>
    </ReSpecThVersion>
    <firstPublicationDate>2016-12-05</firstPublicationDate>
    <lastModificationDate>2020-11-18</lastModificationDate>
    <bibliographyLink>
        <description>O.L. Guelder, Proc. Combust. Inst. 19 (1982), 275-281</description>
        <referenceDOI>10.1016/S0082-0784(82)80198-7</referenceDOI>
        <location>Main article</location>
        <figure>Fig. 4, full square, phi=0.7</figure>
        <details>
            <author>G{\"{u}}lder, {\"{O}}mer L</author>
            <journal>Symp (Int) Combust</journal>
            <number>1</number>
            <pages>275--281</pages>
            <title>Laminar burning velocities of methanol, ethanol and isooctane-air mixtures</title>
            <volume>19</volume>
            <year>1982</year>
        </details>
    </bibliographyLink>
    <experimentType>laminar burning velocity measurement</experimentType>
    <apparatus>
        <kind>flame</kind>
        <mode>premixed</mode>
        <mode>laminar</mode>
        <mode>OPF</mode>
    </apparatus>
    <commonProperties>
        <property name="temperature"                   label="T"    sourcetype="reported"    units="K"             ><value>350</value></property>
        <property name="equivalence ratio"             label="phi"  sourcetype="reported"    units="unitless"      ><value>0.7</value></property>
        <property name="initial composition"           sourcetype="calculated" >
            <component><speciesLink preferredKey="CH3OH"  CAS="67-56-1"    InChI="1S/CH4O/c1-2/h2H,1H3"  SMILES="CO"   chemName="methanol" /><amount units="mole fraction" >0.088866</amount></component>
            <component><speciesLink preferredKey="O2"     CAS="7782-44-7"  InChI="1S/O2/c1-2"            SMILES="O=O"  chemName="oxygen"   /><amount units="mole fraction" >0.190427</amount></component>
            <component><speciesLink preferredKey="N2"     CAS="7727-37-9"  InChI="1S/N2/c1-2"            SMILES="N#N"  chemName="nitrogen" /><amount units="mole fraction" >0.720707</amount></component>
        </property>
        <property name="evaluated standard deviation"  sourcetype="estimated"   units="cm/s"           reference="laminar burning velocity"  kind="absolute"  method="combined from scatter and reported uncertainty" ><value>7.12</value></property>
    </commonProperties>
    <dataGroup id="dg1">
        <property name="pressure"                  id="x1"   label="P"   sourcetype="digitized"  units="bar"  />
        <property name="laminar burning velocity"  id="x2"   label="Sl"  sourcetype="digitized"  units="cm/s" />

        <dataPoint><x1>1</x1><x2>29.37</x2></dataPoint>
        <dataPoint><x1>2</x1><x2>24.84</x2></dataPoint>
        <dataPoint><x1>4</x1><x2>21.68</x2></dataPoint>
        <dataPoint><x1>5</x1><x2>20.55</x2></dataPoint>
    </dataGroup>
</experiment>
