<experiment>
    <fileAuthor>Chemical Kinetics Laboratory, Institute of Chemistry, ELTE, Budapest, Hungary</fileAuthor>
    <fileDOI>10.24388/x20002028</fileDOI>
    <fileVersion>
        <major>1</major>
        <minor>0</minor>
    </fileVersion>
    <ReSpecThVersion>
        <major>2</major>
        <minor>3</minor>
    </ReSpecThVersion>
    <firstPublicationDate>2016-12-05</firstPublicationDate>
    <lastModificationDate>2020-11-18</lastModificationDate>
    <bibliographyLink>
        <description>M. Hirano, K. Oda, T. Hirano, K. Akita, Combust. Flame 40 (1981), 341-343</description>
        <referenceDOI>10.1016/0010-2180(81)90135-8</referenceDOI>
        <location>Main article</location>
        <figure>Fig. 1, open reverse triangle, 15% H2O</figure>
        <details>
            <author>Hirano, M and Oda, K and Hirano, T and Akita, K</author>
            <journal>Combust Flame</journal>
            <pages>341--343</pages>
            <title>Burning Velocities of Methanol-Air-Water Gaseous Mixtures</title>
            <volume>40</volume>
            <year>1981</year>
        </details>
    </bibliographyLink>
    <experimentType>laminar burning velocity measurement</experimentType>
    <apparatus>
        <kind>flame</kind>
        <mode>premixed</mode>
        <mode>laminar</mode>
        <mode>FCM</mode>
    </apparatus>
    <commonProperties>
        <property name="pressure"                      label="P"  sourcetype="reported"   units="atm"  ><value>1</value></property>
        <property name="temperature"                   label="T"  sourcetype="reported"   units="K"    ><value>413</value></property>
        <property name="evaluated standard deviation"  sourcetype="estimated"  units="cm/s"  reference="laminar burning velocity"  kind="absolute"  method="combined from scatter and reported uncertainty" ><value>5.9</value></property>
    </commonProperties>
    <dataGroup id="dg1">
        <property name="laminar burning velocity"  id="x1"   label="Sl"       sourcetype="digitized"   units="cm/s"          />
        <property name="composition"               id="x2"   label="[CH3OH]"  sourcetype="calculated"  units="mole fraction" >
            <speciesLink preferredKey="CH3OH"  CAS="67-56-1"    InChI="1S/CH4O/c1-2/h2H,1H3"  SMILES="CO"   chemName="methanol" />
        </property>
        <property name="composition"               id="x3"   label="[O2]"     sourcetype="calculated"  units="mole fraction" >
            <speciesLink preferredKey="O2"     CAS="7782-44-7"  InChI="1S/O2/c1-2"            SMILES="O=O"  chemName="oxygen"   />
        </property>
        <property name="composition"               id="x4"   label="[N2]"     sourcetype="calculated"  units="mole fraction" >
            <speciesLink preferredKey="N2"     CAS="7727-37-9"  InChI="1S/N2/c1-2"            SMILES="N#N"  chemName="nitrogen" />
        </property>
        <property name="composition"               id="x5"   label="[H2O]"    sourcetype="reported"    units="mole fraction" >
            <speciesLink preferredKey="H2O"    CAS="7732-18-5"  InChI="1S/H2O/h1H2"           SMILES="O"    chemName="water"    />
        </property>
        <property name="equivalence ratio"         id="x6"   label="phi"      sourcetype="digitized"   units="unitless"      />

        <dataPoint><x1>47.5</x1><x2>0.092011</x2><x3>0.159178</x3><x4>0.598811</x4><x5>0.150000</x5><x6>0.8671</x6></dataPoint>
        <dataPoint><x1>53.8</x1><x2>0.102668</x2><x3>0.156940</x3><x4>0.590393</x4><x5>0.150000</x5><x6>0.9813</x6></dataPoint>
        <dataPoint><x1>53.5</x1><x2>0.110989</x2><x3>0.155192</x3><x4>0.583818</x4><x5>0.150000</x5><x6>1.0728</x6></dataPoint>
        <dataPoint><x1>57.2</x1><x2>0.113327</x2><x3>0.154701</x3><x4>0.581972</x4><x5>0.150000</x5><x6>1.0988</x6></dataPoint>
        <dataPoint><x1>47.0</x1><x2>0.117900</x2><x3>0.153741</x3><x4>0.578359</x4><x5>0.150000</x5><x6>1.1503</x6></dataPoint>
        <dataPoint><x1>48.6</x1><x2>0.123566</x2><x3>0.152551</x3><x4>0.573883</x4><x5>0.150000</x5><x6>1.2150</x6></dataPoint>
        <dataPoint><x1>43.1</x1><x2>0.123886</x2><x3>0.152484</x3><x4>0.573630</x4><x5>0.150000</x5><x6>1.2187</x6></dataPoint>
        <dataPoint><x1>34.3</x1><x2>0.129576</x2><x3>0.151289</x3><x4>0.569135</x4><x5>0.150000</x5><x6>1.2847</x6></dataPoint>
        <dataPoint><x1>37.4</x1><x2>0.132805</x2><x3>0.150611</x3><x4>0.566584</x4><x5>0.150000</x5><x6>1.3227</x6></dataPoint>
        <dataPoint><x1>26.4</x1><x2>0.141077</x2><x3>0.148874</x3><x4>0.560049</x4><x5>0.150000</x5><x6>1.4214</x6></dataPoint>
        <dataPoint><x1>22.5</x1><x2>0.142582</x2><x3>0.148558</x3><x4>0.558860</x4><x5>0.150000</x5><x6>1.4397</x6></dataPoint>
        <dataPoint><x1>21.9</x1><x2>0.150522</x2><x3>0.146890</x3><x4>0.552588</x4><x5>0.150000</x5><x6>1.5371</x6></dataPoint>
        <dataPoint><x1>15.1</x1><x2>0.160204</x2><x3>0.144857</x3><x4>0.544939</x4><x5>0.150000</x5><x6>1.6589</x6></dataPoint>
    </dataGroup>
</experiment>
