<experiment>
    <fileAuthor>Chemical Kinetics Laboratory, Institute of Chemistry, ELTE, Budapest, Hungary</fileAuthor>
    <fileDOI>10.24388/x20002086</fileDOI>
    <fileVersion>
        <major>1</major>
        <minor>0</minor>
    </fileVersion>
    <ReSpecThVersion>
        <major>2</major>
        <minor>3</minor>
    </ReSpecThVersion>
    <firstPublicationDate>2016-12-05</firstPublicationDate>
    <lastModificationDate>2020-11-18</lastModificationDate>
    <bibliographyLink>
        <description>G.J. Gibbs, H.F. Calcote, J. Chem. Eng. Data 4 (1959), 226-237</description>
        <referenceDOI>10.1021/je60003a011</referenceDOI>
        <location>Main article</location>
        <figure>TABLE V, methanol</figure>
        <details>
            <author>Gibbs, G J and Calcote, H F</author>
            <journal>J Chem Eng Data</journal>
            <pages>226--237</pages>
            <title>Effect of Molecular Structure on Burning Velocity</title>
            <volume>4</volume>
            <year>1959</year>
        </details>
    </bibliographyLink>
    <experimentType>laminar burning velocity measurement</experimentType>
    <apparatus>
        <kind>flame</kind>
        <mode>premixed</mode>
        <mode>laminar</mode>
        <mode>FCM</mode>
    </apparatus>
    <commonProperties>
        <property name="pressure"                      label="P"  sourcetype="reported"   units="atm"  ><value>1</value></property>
        <property name="temperature"                   label="T"  sourcetype="reported"   units="K"    ><value>298</value></property>
        <property name="evaluated standard deviation"  sourcetype="estimated"  units="cm/s"  reference="laminar burning velocity"  kind="absolute"  method="combined from scatter and reported uncertainty" ><value>7.01</value></property>
    </commonProperties>
    <dataGroup id="dg1">
        <property name="laminar burning velocity"  id="x1"   label="Sl"       sourcetype="reported"    units="cm/s"          />
        <property name="composition"               id="x2"   label="[CH3OH]"  sourcetype="calculated"  units="mole fraction" >
            <speciesLink preferredKey="CH3OH"  CAS="67-56-1"    InChI="1S/CH4O/c1-2/h2H,1H3"  SMILES="CO"   chemName="methanol" />
        </property>
        <property name="composition"               id="x3"   label="[O2]"     sourcetype="calculated"  units="mole fraction" >
            <speciesLink preferredKey="O2"     CAS="7782-44-7"  InChI="1S/O2/c1-2"            SMILES="O=O"  chemName="oxygen"   />
        </property>
        <property name="composition"               id="x4"   label="[N2]"     sourcetype="calculated"  units="mole fraction" >
            <speciesLink preferredKey="N2"     CAS="7727-37-9"  InChI="1S/N2/c1-2"            SMILES="N#N"  chemName="nitrogen" />
        </property>
        <property name="composition"               id="x5"   label="[H2O]"    sourcetype="calculated"  units="mole fraction" >
            <speciesLink preferredKey="H2O"    CAS="7732-18-5"  InChI="1S/H2O/h1H2"           SMILES="O"    chemName="water"    />
        </property>
        <property name="equivalence ratio"         id="x6"   label="phi"      sourcetype="reported"    units="unitless"      />

        <dataPoint><x1>34.5</x1><x2>0.100719</x2><x3>0.188849</x3><x4>0.707644</x4><x5>0.002788</x5><x6>0.8</x6></dataPoint>
        <dataPoint><x1>42.0</x1><x2>0.111901</x2><x3>0.186501</x3><x4>0.698845</x4><x5>0.002753</x5><x6>0.9</x6></dataPoint>
        <dataPoint><x1>48.0</x1><x2>0.122807</x2><x3>0.184211</x3><x4>0.690263</x4><x5>0.002719</x5><x6>1.0</x6></dataPoint>
        <dataPoint><x1>50.2</x1><x2>0.133449</x2><x3>0.181976</x3><x4>0.681889</x4><x5>0.002686</x5><x6>1.1</x6></dataPoint>
        <dataPoint><x1>47.5</x1><x2>0.143836</x2><x3>0.179795</x3><x4>0.673716</x4><x5>0.002654</x5><x6>1.2</x6></dataPoint>
        <dataPoint><x1>44.4</x1><x2>0.153976</x2><x3>0.177665</x3><x4>0.665736</x4><x5>0.002623</x5><x6>1.3</x6></dataPoint>
        <dataPoint><x1>42.2</x1><x2>0.163880</x2><x3>0.175585</x3><x4>0.657943</x4><x5>0.002592</x5><x6>1.4</x6></dataPoint>
    </dataGroup>
</experiment>
