<experiment>
    <fileAuthor>Chemical Kinetics Laboratory, Institute of Chemistry, ELTE, Budapest, Hungary</fileAuthor>
    <fileDOI>10.24388/x30002040</fileDOI>
    <fileVersion>
        <major>1</major>
        <minor>0</minor>
    </fileVersion>
    <ReSpecThVersion>
        <major>2</major>
        <minor>3</minor>
    </ReSpecThVersion>
    <firstPublicationDate>2016-12-05</firstPublicationDate>
    <lastModificationDate>2020-11-18</lastModificationDate>
    <bibliographyLink>
        <description>T.J. Held, The Oxidation of Methanol, Isobutene and Methyl Tertiary-Butyl Ether, Ph.D. Thesis, Princeton University (1993)</description>
        <location>Main article</location>
        <figure>Fig. 4.5</figure>
        <details>
            <author>Held, Timothy James</author>
            <school>Princeton University</school>
            <title>The Oxidation of Methanol, Isobutene and Methyl tertiary-Butyl Ether</title>
            <type>Dissertation</type>
            <year>1993</year>
        </details>
    </bibliographyLink>
    <experimentType>concentration time profile measurement</experimentType>
    <apparatus>
        <kind>flow reactor</kind>
        <mode>laminar</mode>
    </apparatus>
    <commonProperties>
        <property name="pressure"                      label="P"  sourcetype="reported"  units="atm"           ><value>5</value></property>
        <property name="temperature"                   label="T"  sourcetype="reported"  units="K"             ><value>860</value></property>
        <property name="initial composition"           sourcetype="reported" >
            <component><speciesLink preferredKey="CH3OH"  CAS="67-56-1"    InChI="1S/CH4O/c1-2/h2H,1H3"  SMILES="CO"   chemName="methanol" /><amount units="mole fraction" >0.00372</amount></component>
            <component><speciesLink preferredKey="O2"     CAS="7782-44-7"  InChI="1S/O2/c1-2"            SMILES="O=O"  chemName="oxygen"   /><amount units="mole fraction" >0.00600</amount></component>
            <component><speciesLink preferredKey="N2"     CAS="7727-37-9"  InChI="1S/N2/c1-2"            SMILES="N#N"  chemName="nitrogen" /><amount units="mole fraction" >0.99028</amount></component>
        </property>
        <property name="evaluated standard deviation"  sourcetype="reported"  units="mole faction"   reference="composition"  kind="absolute"  method="reported uncertainty" >
            <speciesLink preferredKey="O2"     CAS="7782-44-7"  InChI="1S/O2/c1-2"                   SMILES="O=O"        chemName="oxygen"          />
            <value>0.000593</value>
        </property>
        <property name="evaluated standard deviation"  sourcetype="reported"  units="mole faction"   reference="composition"  kind="absolute"  method="reported uncertainty" >
            <speciesLink preferredKey="H2"     CAS="1333-74-0"  InChI="1S/H2/h1H"                    SMILES="[HH]"       chemName="hydrogen"        />
            <value>6.13e-5</value>
        </property>
        <property name="evaluated standard deviation"  sourcetype="reported"  units="mole faction"   reference="composition"  kind="absolute"  method="reported uncertainty" >
            <speciesLink preferredKey="H2O"    CAS="7732-18-5"  InChI="1S/H2O/h1H2"                  SMILES="O"          chemName="water"           />
            <value>0.000694</value>
        </property>
        <property name="evaluated standard deviation"  sourcetype="reported"  units="mole faction"   reference="composition"  kind="absolute"  method="reported uncertainty" >
            <speciesLink preferredKey="CO"     CAS="630-08-0"   InChI="1S/CO/c1-2"                   SMILES="[C-]#[O+]"  chemName="carbon monoxide" />
            <value>0.000337</value>
        </property>
        <property name="evaluated standard deviation"  sourcetype="reported"  units="mole faction"   reference="composition"  kind="absolute"  method="reported uncertainty" >
            <speciesLink preferredKey="CO2"    CAS="124-38-9"   InChI="1S/CO2/c2-1-3"                SMILES="C(=O)=O"    chemName="carbon dioxide"  />
            <value>3.31e-5</value>
        </property>
        <property name="evaluated standard deviation"  sourcetype="reported"  units="mole faction"   reference="composition"  kind="absolute"  method="reported uncertainty" >
            <speciesLink preferredKey="CH2O"   CAS="50-00-0"    InChI="1S/CH2O/c1-2/h1H2"            SMILES="C=O"        chemName="formaldehyde"    />
            <value>5.19e-5</value>
        </property>
        <property name="evaluated standard deviation"  sourcetype="reported"  units="mole faction"   reference="composition"  kind="absolute"  method="reported uncertainty" >
            <speciesLink preferredKey="CH3OH"  CAS="67-56-1"    InChI="1S/CH4O/c1-2/h2H,1H3"         SMILES="CO"         chemName="methanol"        />
            <value>0.000342</value>
        </property>
        <property name="evaluated standard deviation"  sourcetype="reported"  units="mole faction"   reference="composition"  kind="absolute"  method="reported uncertainty" >
            <speciesLink preferredKey="HCOOH"  CAS="64-18-6"    InChI="1S/CH2O2/c2-1-3/h1H,(H,2,3)"  SMILES="[H]C(O)=O"  chemName="formic acide"    />
            <value>2.29e-6</value>
        </property>
    </commonProperties>
    <dataGroup id="dg1">
        <property name="time"         id="x1"   label="t"        sourcetype="digitized"  units="s"             />
        <property name="composition"  id="x2"   label="[CH3OH]"  sourcetype="digitized"  units="mole fraction" >
            <speciesLink preferredKey="CH3OH"  CAS="67-56-1"    InChI="1S/CH4O/c1-2/h2H,1H3"         SMILES="CO"         chemName="methanol"        />
        </property>
        <property name="composition"  id="x3"   label="[O2]"     sourcetype="digitized"  units="mole fraction" >
            <speciesLink preferredKey="O2"     CAS="7782-44-7"  InChI="1S/O2/c1-2"                   SMILES="O=O"        chemName="oxygen"          />
        </property>
        <property name="composition"  id="x4"   label="[CO2]"    sourcetype="digitized"  units="mole fraction" >
            <speciesLink preferredKey="CO2"    CAS="124-38-9"   InChI="1S/CO2/c2-1-3"                SMILES="C(=O)=O"    chemName="carbon dioxide"  />
        </property>
        <property name="composition"  id="x5"   label="[CO]"     sourcetype="digitized"  units="mole fraction" >
            <speciesLink preferredKey="CO"     CAS="630-08-0"   InChI="1S/CO/c1-2"                   SMILES="[C-]#[O+]"  chemName="carbon monoxide" />
        </property>
        <property name="composition"  id="x6"   label="[H2]"     sourcetype="digitized"  units="mole fraction" >
            <speciesLink preferredKey="H2"     CAS="1333-74-0"  InChI="1S/H2/h1H"                    SMILES="[HH]"       chemName="hydrogen"        />
        </property>
        <property name="composition"  id="x7"   label="[H2O]"    sourcetype="digitized"  units="mole fraction" >
            <speciesLink preferredKey="H2O"    CAS="7732-18-5"  InChI="1S/H2O/h1H2"                  SMILES="O"          chemName="water"           />
        </property>
        <property name="composition"  id="x8"   label="[CH2O]"   sourcetype="digitized"  units="mole fraction" >
            <speciesLink preferredKey="CH2O"   CAS="50-00-0"    InChI="1S/CH2O/c1-2/h1H2"            SMILES="C=O"        chemName="formaldehyde"    />
        </property>
        <property name="composition"  id="x9"   label="[HCOOH]"  sourcetype="digitized"  units="mole fraction" >
            <speciesLink preferredKey="HCOOH"  CAS="64-18-6"    InChI="1S/CH2O2/c2-1-3/h1H,(H,2,3)"  SMILES="[H]C(O)=O"  chemName="formic acide"    />
        </property>
        <property name="temperature"  id="x10"  label="T"        sourcetype="digitized"  units="K"             />

        <dataPoint><x1>0.036</x1><x2>3.423E-03</x2><x3>5.930E-03</x3><x4>1.388E-05</x4><x5>2.237E-04</x5><x6>3.154E-04</x6><x7>2.135E-04</x7><x8>1.430E-04</x8><x9>0.000E+00</x9><x10>859.8</x10></dataPoint>
        <dataPoint><x1>0.050</x1><x2>3.260E-03</x2><x3>5.777E-03</x3><x4>1.614E-05</x4><x5>3.050E-04</x5><x6>3.050E-04</x6><x7>4.884E-04</x7><x8>2.391E-04</x8><x9>1.109E-06</x9><x10>861.4</x10></dataPoint>
        <dataPoint><x1>0.068</x1><x2>3.127E-03</x2><x3>5.634E-03</x3><x4>1.839E-05</x4><x5>3.761E-04</x5><x6>2.641E-04</x6><x7>6.920E-04</x7><x8>2.907E-04</x8><x9>1.948E-06</x9><x10>862.5</x10></dataPoint>
        <dataPoint><x1>0.091</x1><x2>2.954E-03</x2><x3>5.470E-03</x3><x4>2.763E-05</x4><x5>4.675E-04</x5><x6>2.332E-04</x6><x7>9.261E-04</x7><x8>3.516E-04</x8><x9>3.489E-06</x9><x10>864.0</x10></dataPoint>
        <dataPoint><x1>0.122</x1><x2>2.841E-03</x2><x3>5.358E-03</x3><x4>2.981E-05</x4><x5>5.385E-04</x5><x6>2.226E-04</x6><x7>1.089E-03</x7><x8>3.960E-04</x8><x9>5.450E-06</x9><x10>865.0</x10></dataPoint>
        <dataPoint><x1>0.159</x1><x2>2.668E-03</x2><x3>5.164E-03</x3><x4>3.428E-05</x4><x5>6.807E-04</x5><x6>2.120E-04</x6><x7>1.343E-03</x7><x8>4.310E-04</x8><x9>7.972E-06</x9><x10>866.3</x10></dataPoint>
        <dataPoint><x1>0.200</x1><x2>2.575E-03</x2><x3>5.041E-03</x3><x4>3.169E-05</x4><x5>7.413E-04</x5><x6>2.114E-04</x6><x7>1.495E-03</x7><x8>4.613E-04</x8><x9>1.063E-05</x9><x10>865.9</x10></dataPoint>
        <dataPoint><x1>0.244</x1><x2>2.432E-03</x2><x3>4.918E-03</x3><x4>3.848E-05</x4><x5>8.732E-04</x5><x6>2.109E-04</x6><x7>1.719E-03</x7><x8>4.892E-04</x8><x9>1.329E-05</x9><x10>867.1</x10></dataPoint>
        <dataPoint><x1>0.288</x1><x2>2.279E-03</x2><x3>4.734E-03</x3><x4>3.587E-05</x4><x5>9.949E-04</x5><x6>2.205E-04</x6><x7>1.983E-03</x7><x8>5.100E-04</x8><x9>1.624E-05</x9><x10>868.5</x10></dataPoint>
        <dataPoint><x1>0.333</x1><x2>2.125E-03</x2><x3>4.530E-03</x3><x4>4.734E-05</x4><x5>1.188E-03</x5><x6>2.301E-04</x6><x7>2.237E-03</x7><x8>5.192E-04</x8><x9>1.876E-05</x9><x10>870.1</x10></dataPoint>
        <dataPoint><x1>0.377</x1><x2>1.870E-03</x2><x3>4.366E-03</x3><x4>5.178E-05</x4><x5>1.391E-03</x5><x6>2.397E-04</x6><x7>2.665E-03</x7><x8>5.095E-04</x8><x9>2.142E-05</x9><x10>873.8</x10></dataPoint>
        <dataPoint><x1>0.422</x1><x2>1.564E-03</x2><x3>4.030E-03</x3><x4>6.795E-05</x4><x5>1.747E-03</x5><x6>2.901E-04</x6><x7>3.265E-03</x7><x8>4.811E-04</x8><x9>2.253E-05</x9><x10>878.0</x10></dataPoint>
        <dataPoint><x1>0.466</x1><x2>1.380E-03</x2><x3>3.784E-03</x3><x4>8.177E-05</x4><x5>2.001E-03</x5><x6>3.609E-04</x6><x7>3.703E-03</x7><x8>4.527E-04</x8><x9>2.293E-05</x9><x10>880.2</x10></dataPoint>
        <dataPoint><x1>0.509</x1><x2>1.104E-03</x2><x3>3.519E-03</x3><x4>1.026E-04</x4><x5>2.306E-03</x5><x6>4.113E-04</x6><x7>4.334E-03</x7><x8>3.937E-04</x8><x9>2.221E-05</x9><x10>883.8</x10></dataPoint>
        <dataPoint><x1>0.553</x1><x2>8.489E-04</x2><x3>3.254E-03</x3><x4>1.282E-04</x4><x5>2.581E-03</x5><x6>4.617E-04</x6><x7>4.914E-03</x7><x8>3.207E-04</x8><x9>2.121E-05</x9><x10>886.7</x10></dataPoint>
        <dataPoint><x1>0.597</x1><x2>4.815E-04</x2><x3>2.784E-03</x3><x4>1.960E-04</x4><x5>3.039E-03</x5><x6>5.426E-04</x6><x7>5.902E-03</x7><x8>2.031E-04</x8><x9>1.697E-05</x9><x10>891.8</x10></dataPoint>
        <dataPoint><x1>0.641</x1><x2>2.771E-04</x2><x3>2.539E-03</x3><x4>2.568E-04</x4><x5>3.273E-03</x5><x6>6.032E-04</x6><x7>6.472E-03</x7><x8>1.230E-04</x8><x9>1.329E-05</x9><x10>894.8</x10></dataPoint>
        <dataPoint><x1>0.685</x1><x2>1.849E-04</x2><x3>2.447E-03</x3><x4>3.011E-04</x4><x5>3.323E-03</x5><x6>6.128E-04</x6><x7>6.737E-03</x7><x8>8.518E-05</x8><x9>1.131E-05</x9><x10>896.4</x10></dataPoint>
        <dataPoint><x1>0.729</x1><x2>1.232E-04</x2><x3>2.355E-03</x3><x4>3.314E-04</x4><x5>3.374E-03</x5><x6>6.123E-04</x6><x7>6.940E-03</x7><x8>6.145E-05</x8><x9>1.031E-05</x9><x10>897.8</x10></dataPoint>
    </dataGroup>
    <timeshift target="CH3OH" type="half decrease"/>
</experiment>
