<experiment>
    <fileAuthor>Chemical Kinetics Laboratory, Institute of Chemistry, ELTE, Budapest, Hungary</fileAuthor>
    <fileDOI>10.24388/x30002034</fileDOI>
    <fileVersion>
        <major>1</major>
        <minor>0</minor>
    </fileVersion>
    <ReSpecThVersion>
        <major>2</major>
        <minor>3</minor>
    </ReSpecThVersion>
    <firstPublicationDate>2016-12-05</firstPublicationDate>
    <lastModificationDate>2020-11-18</lastModificationDate>
    <bibliographyLink>
        <description>T.J. Held, F.L. Dryer, Proc. Combust. Inst. 25 (1994) 901-908</description>
        <referenceDOI>10.1016/S0082-0784(06)80725-3</referenceDOI>
        <location>Main article</location>
        <figure>Fig. 3</figure>
        <details>
            <author>Held, T J and Dryer, F L</author>
            <journal>Symp (Int) Combust</journal>
            <number>1</number>
            <pages>901--908</pages>
            <title>An experimental and computational study of methanol oxidation in the intermediate- and high-temperature regimes</title>
            <volume>25</volume>
            <year>1994</year>
        </details>
    </bibliographyLink>
    <experimentType>concentration time profile measurement</experimentType>
    <apparatus>
        <kind>flow reactor</kind>
        <mode>laminar</mode>
    </apparatus>
    <commonProperties>
        <property name="pressure"                      label="P"  sourcetype="reported"  units="atm"           ><value>10</value></property>
        <property name="temperature"                   label="T"  sourcetype="reported"  units="K"             ><value>810</value></property>
        <property name="initial composition"           sourcetype="reported" >
            <component><speciesLink preferredKey="CH3OH"  CAS="67-56-1"    InChI="1S/CH4O/c1-2/h2H,1H3"  SMILES="CO"   chemName="methanol" /><amount units="mole fraction" >0.00415</amount></component>
            <component><speciesLink preferredKey="O2"     CAS="7782-44-7"  InChI="1S/O2/c1-2"            SMILES="O=O"  chemName="oxygen"   /><amount units="mole fraction" >0.00600</amount></component>
            <component><speciesLink preferredKey="N2"     CAS="7727-37-9"  InChI="1S/N2/c1-2"            SMILES="N#N"  chemName="nitrogen" /><amount units="mole fraction" >0.98985</amount></component>
        </property>
        <property name="evaluated standard deviation"  sourcetype="reported"  units="mole faction"   reference="composition"  kind="absolute"  method="reported uncertainty" >
            <speciesLink preferredKey="O2"     CAS="7782-44-7"  InChI="1S/O2/c1-2"                   SMILES="O=O"        chemName="oxygen"          />
            <value>0.000588</value>
        </property>
        <property name="evaluated standard deviation"  sourcetype="reported"  units="mole faction"   reference="composition"  kind="absolute"  method="reported uncertainty" >
            <speciesLink preferredKey="H2"     CAS="1333-74-0"  InChI="1S/H2/h1H"                    SMILES="[HH]"       chemName="hydrogen"        />
            <value>6.56e-5</value>
        </property>
        <property name="evaluated standard deviation"  sourcetype="reported"  units="mole faction"   reference="composition"  kind="absolute"  method="reported uncertainty" >
            <speciesLink preferredKey="H2O"    CAS="7732-18-5"  InChI="1S/H2O/h1H2"                  SMILES="O"          chemName="water"           />
            <value>0.000625</value>
        </property>
        <property name="evaluated standard deviation"  sourcetype="reported"  units="mole faction"   reference="composition"  kind="absolute"  method="reported uncertainty" >
            <speciesLink preferredKey="CO"     CAS="630-08-0"   InChI="1S/CO/c1-2"                   SMILES="[C-]#[O+]"  chemName="carbon monoxide" />
            <value>0.000327</value>
        </property>
        <property name="evaluated standard deviation"  sourcetype="reported"  units="mole faction"   reference="composition"  kind="absolute"  method="reported uncertainty" >
            <speciesLink preferredKey="CO2"    CAS="124-38-9"   InChI="1S/CO2/c2-1-3"                SMILES="C(=O)=O"    chemName="carbon dioxide"  />
            <value>6.72e-5</value>
        </property>
        <property name="evaluated standard deviation"  sourcetype="reported"  units="mole faction"   reference="composition"  kind="absolute"  method="reported uncertainty" >
            <speciesLink preferredKey="CH2O"   CAS="50-00-0"    InChI="1S/CH2O/c1-2/h1H2"            SMILES="C=O"        chemName="formaldehyde"    />
            <value>5.33e-5</value>
        </property>
        <property name="evaluated standard deviation"  sourcetype="reported"  units="mole faction"   reference="composition"  kind="absolute"  method="reported uncertainty" >
            <speciesLink preferredKey="CH3OH"  CAS="67-56-1"    InChI="1S/CH4O/c1-2/h2H,1H3"         SMILES="CO"         chemName="methanol"        />
            <value>0.000392</value>
        </property>
        <property name="evaluated standard deviation"  sourcetype="reported"  units="mole faction"   reference="composition"  kind="absolute"  method="reported uncertainty" >
            <speciesLink preferredKey="HCOOH"  CAS="64-18-6"    InChI="1S/CH2O2/c2-1-3/h1H,(H,2,3)"  SMILES="[H]C(O)=O"  chemName="formic acide"    />
            <value>2.51e-6</value>
        </property>
    </commonProperties>
    <dataGroup id="dg1">
        <property name="time"         id="x1"   label="t"        sourcetype="digitized"  units="s"             />
        <property name="composition"  id="x2"   label="[CH3OH]"  sourcetype="digitized"  units="mole fraction" >
            <speciesLink preferredKey="CH3OH"  CAS="67-56-1"    InChI="1S/CH4O/c1-2/h2H,1H3"         SMILES="CO"         chemName="methanol"        />
        </property>
        <property name="composition"  id="x3"   label="[O2]"     sourcetype="digitized"  units="mole fraction" >
            <speciesLink preferredKey="O2"     CAS="7782-44-7"  InChI="1S/O2/c1-2"                   SMILES="O=O"        chemName="oxygen"          />
        </property>
        <property name="composition"  id="x4"   label="[CO2]"    sourcetype="digitized"  units="mole fraction" >
            <speciesLink preferredKey="CO2"    CAS="124-38-9"   InChI="1S/CO2/c2-1-3"                SMILES="C(=O)=O"    chemName="carbon dioxide"  />
        </property>
        <property name="composition"  id="x5"   label="[CO]"     sourcetype="digitized"  units="mole fraction" >
            <speciesLink preferredKey="CO"     CAS="630-08-0"   InChI="1S/CO/c1-2"                   SMILES="[C-]#[O+]"  chemName="carbon monoxide" />
        </property>
        <property name="composition"  id="x6"   label="[H2]"     sourcetype="digitized"  units="mole fraction" >
            <speciesLink preferredKey="H2"     CAS="1333-74-0"  InChI="1S/H2/h1H"                    SMILES="[HH]"       chemName="hydrogen"        />
        </property>
        <property name="composition"  id="x7"   label="[H2O]"    sourcetype="digitized"  units="mole fraction" >
            <speciesLink preferredKey="H2O"    CAS="7732-18-5"  InChI="1S/H2O/h1H2"                  SMILES="O"          chemName="water"           />
        </property>
        <property name="composition"  id="x8"   label="[CH2O]"   sourcetype="digitized"  units="mole fraction" >
            <speciesLink preferredKey="CH2O"   CAS="50-00-0"    InChI="1S/CH2O/c1-2/h1H2"            SMILES="C=O"        chemName="formaldehyde"    />
        </property>
        <property name="composition"  id="x9"   label="[HCOOH]"  sourcetype="digitized"  units="mole fraction" >
            <speciesLink preferredKey="HCOOH"  CAS="64-18-6"    InChI="1S/CH2O2/c2-1-3/h1H,(H,2,3)"  SMILES="[H]C(O)=O"  chemName="formic acide"    />
        </property>
        <property name="temperature"  id="x10"  label="T"        sourcetype="digitized"  units="K"             />

        <dataPoint><x1>0.075</x1><x2>3.918E-03</x2><x3>5.877E-03</x3><x4>4.055E-05</x4><x5>6.055E-05</x5><x6>3.020E-05</x6><x7>3.689E-04</x7><x8>1.497E-04</x8><x9>1.112E-06</x9><x10>811.3</x10></dataPoint>
        <dataPoint><x1>0.105</x1><x2>3.902E-03</x2><x3>5.814E-03</x3><x4>4.741E-05</x4><x5>5.952E-05</x5><x6>4.667E-05</x6><x7>4.183E-04</x7><x8>1.828E-04</x8><x9>1.388E-06</x9><x10>812.7</x10></dataPoint>
        <dataPoint><x1>0.143</x1><x2>3.823E-03</x2><x3>5.781E-03</x3><x4>4.429E-05</x4><x5>7.477E-05</x5><x6>6.314E-05</x6><x7>4.483E-04</x7><x8>2.190E-04</x8><x9>1.522E-06</x9><x10>813.2</x10></dataPoint>
        <dataPoint><x1>0.193</x1><x2>3.741E-03</x2><x3>5.702E-03</x3><x4>4.741E-05</x4><x5>5.682E-05</x5><x6>4.667E-05</x6><x7>5.140E-04</x7><x8>2.664E-04</x8><x9>1.653E-06</x9><x10>813.9</x10></dataPoint>
        <dataPoint><x1>0.258</x1><x2>3.615E-03</x2><x3>5.573E-03</x3><x4>5.864E-05</x4><x5>1.505E-04</x5><x6>3.020E-05</x6><x7>6.403E-04</x7><x8>3.319E-04</x8><x9>3.472E-06</x9><x10>815.0</x10></dataPoint>
        <dataPoint><x1>0.335</x1><x2>3.454E-03</x2><x3>5.428E-03</x3><x4>5.115E-05</x4><x5>2.300E-04</x5><x6>3.020E-05</x6><x7>7.692E-04</x7><x8>3.905E-04</x8><x9>6.134E-06</x9><x10>816.2</x10></dataPoint>
        <dataPoint><x1>0.423</x1><x2>3.183E-03</x2><x3>5.220E-03</x3><x4>5.864E-05</x4><x5>4.022E-04</x5><x6>3.020E-05</x6><x7>1.061E-03</x7><x8>4.454E-04</x8><x9>1.006E-05</x9><x10>818.0</x10></dataPoint>
        <dataPoint><x1>0.517</x1><x2>3.023E-03</x2><x3>5.061E-03</x3><x4>5.115E-05</x4><x5>4.949E-04</x5><x6>6.314E-05</x6><x7>1.349E-03</x7><x8>4.816E-04</x8><x9>1.356E-05</x9><x10>817.8</x10></dataPoint>
        <dataPoint><x1>0.615</x1><x2>2.752E-03</x2><x3>4.804E-03</x3><x4>5.490E-05</x4><x5>7.160E-04</x5><x6>1.126E-04</x6><x7>1.815E-03</x7><x8>5.221E-04</x8><x9>1.791E-05</x9><x10>822.2</x10></dataPoint>
        <dataPoint><x1>0.709</x1><x2>2.366E-03</x2><x3>4.404E-03</x3><x4>6.613E-05</x4><x5>1.079E-03</x5><x6>1.757E-04</x6><x7>2.572E-03</x7><x8>5.328E-04</x8><x9>2.240E-05</x9><x10>827.0</x10></dataPoint>
        <dataPoint><x1>0.806</x1><x2>1.757E-03</x2><x3>3.875E-03</x3><x4>1.023E-04</x4><x5>1.669E-03</x5><x6>2.882E-04</x6><x7>3.815E-03</x7><x8>4.816E-04</x8><x9>2.506E-05</x9><x10>834.9</x10></dataPoint>
        <dataPoint><x1>0.901</x1><x2>1.229E-03</x2><x3>3.171E-03</x3><x4>1.497E-04</x4><x5>2.240E-03</x5><x6>4.173E-04</x6><x7>5.089E-03</x7><x8>3.868E-04</x8><x9>2.420E-05</x9><x10>841.3</x10></dataPoint>
        <dataPoint><x1>0.999</x1><x2>7.659E-04</x2><x3>2.643E-03</x3><x4>2.190E-04</x4><x5>2.734E-03</x5><x6>5.298E-04</x6><x7>6.249E-03</x7><x8>2.739E-04</x8><x9>2.038E-05</x9><x10>847.6</x10></dataPoint>
        <dataPoint><x1>1.095</x1><x2>4.458E-04</x2><x3>2.257E-03</x3><x4>3.069E-04</x4><x5>3.034E-03</x5><x6>6.259E-04</x6><x7>-1.00E+00</x7><x8>1.716E-04</x8><x9>1.543E-05</x9><x10>851.7</x10></dataPoint>
        <dataPoint><x1>1.189</x1><x2>2.684E-04</x2><x3>2.032E-03</x3><x4>3.868E-04</x4><x5>3.206E-03</x5><x6>6.259E-04</x6><x7>-1.00E+00</x7><x8>1.061E-04</x8><x9>1.259E-05</x9><x10>855.2</x10></dataPoint>
        <dataPoint><x1>1.284</x1><x2>1.569E-04</x2><x3>1.873E-03</x3><x4>4.598E-04</x4><x5>3.236E-03</x5><x6>6.561E-04</x6><x7>-1.00E+00</x7><x8>6.238E-05</x8><x9>9.899E-06</x9><x10>855.7</x10></dataPoint>
        <dataPoint><x1>1.383</x1><x2>9.479E-05</x2><x3>1.794E-03</x3><x4>5.515E-04</x4><x5>3.266E-03</x5><x6>6.561E-04</x6><x7>-1.00E+00</x7><x8>3.681E-05</x8><x9>8.332E-06</x9><x10>859.1</x10></dataPoint>
        <dataPoint><x1>1.480</x1><x2>6.295E-05</x2><x3>1.698E-03</x3><x4>6.207E-04</x4><x5>3.246E-03</x5><x6>6.561E-04</x6><x7>-1.00E+00</x7><x8>1.872E-05</x8><x9>7.468E-06</x9><x10>859.8</x10></dataPoint>
        <dataPoint><x1>1.576</x1><x2>4.754E-05</x2><x3>1.586E-03</x3><x4>6.719E-04</x4><x5>3.211E-03</x5><x6>6.424E-04</x6><x7>-1.00E+00</x7><x8>1.123E-05</x8><x9>6.605E-06</x9><x10>860.7</x10></dataPoint>
    </dataGroup>
    <timeshift target="CH3OH" type="half decrease"/>
    <comment>T.J. Held, The Oxidation of Methanol, Isobutene and Methyl Tertiary-Butyl Ether, Ph.D. Thesis, Princeton University (1993), Fig. 4.8</comment>
</experiment>
