<experiment>
    <fileAuthor>Chemical Kinetics Laboratory, Institute of Chemistry, ELTE, Budapest, Hungary</fileAuthor>
    <fileDOI>10.24388/x30002022</fileDOI>
    <fileVersion>
        <major>1</major>
        <minor>0</minor>
    </fileVersion>
    <ReSpecThVersion>
        <major>2</major>
        <minor>3</minor>
    </ReSpecThVersion>
    <firstPublicationDate>2016-12-05</firstPublicationDate>
    <lastModificationDate>2020-11-18</lastModificationDate>
    <bibliographyLink>
        <description>V. Aranda, J.M. Christensen, M.U. Alzueta, P. Glarborg, S. Gersen, Y. Gao, P. Marshall, Int. J. Chem. Kinet. 45 (2013), 283-294</description>
        <referenceDOI>10.1002/kin.20764</referenceDOI>
        <location>Main article</location>
        <figure>Fig. 7 (set 4)</figure>
        <details>
            <author>Aranda, V and Christensen, J M and Alzueta, M U and Glarborg, P and Gersen, S and Gao, Y and Marshall, P</author>
            <journal>Int J Chem Kinet</journal>
            <number>5</number>
            <pages>283--294</pages>
            <title>Experimental and Kinetic Modeling Study of Methanol Ignition and Oxidation at High Pressure</title>
            <volume>45</volume>
            <year>2013</year>
        </details>
    </bibliographyLink>
    <experimentType>outlet concentration measurement</experimentType>
    <apparatus>
        <kind>flow reactor</kind>
        <mode>laminar</mode>
    </apparatus>
    <commonProperties>
        <property name="pressure"                      label="P"  sourcetype="reported"   units="bar"           ><value>100</value></property>
        <property name="initial composition"           sourcetype="reported"  >
            <component><speciesLink preferredKey="CH3OH"  CAS="67-56-1"    InChI="1S/CH4O/c1-2/h2H,1H3"  SMILES="CO"   chemName="methanol" /><amount units="mole fraction" >0.003010</amount></component>
            <component><speciesLink preferredKey="O2"     CAS="7782-44-7"  InChI="1S/O2/c1-2"            SMILES="O=O"  chemName="oxygen"   /><amount units="mole fraction" >0.004500</amount></component>
            <component><speciesLink preferredKey="N2"     CAS="7727-37-9"  InChI="1S/N2/c1-2"            SMILES="N#N"  chemName="nitrogen" /><amount units="mole fraction" >0.992490</amount></component>
        </property>
        <property name="evaluated standard deviation"  sourcetype="estimated"  units="mole faction"   reference="composition"  kind="absolute"  method="statistical scatter" >
            <speciesLink preferredKey="O2"     CAS="7782-44-7"  InChI="1S/O2/c1-2"            SMILES="O=O"        chemName="oxygen"          />
            <value>0.000779</value>
        </property>
        <property name="evaluated standard deviation"  sourcetype="estimated"  units="mole faction"   reference="composition"  kind="absolute"  method="statistical scatter" >
            <speciesLink preferredKey="CO"     CAS="630-08-0"   InChI="1S/CO/c1-2"            SMILES="[C-]#[O+]"  chemName="carbon monoxide" />
            <value>0.000311</value>
        </property>
        <property name="evaluated standard deviation"  sourcetype="estimated"  units="mole faction"   reference="composition"  kind="absolute"  method="statistical scatter" >
            <speciesLink preferredKey="CO2"    CAS="124-38-9"   InChI="1S/CO2/c2-1-3"         SMILES="C(=O)=O"    chemName="carbon dioxide"  />
            <value>0.000383</value>
        </property>
        <property name="evaluated standard deviation"  sourcetype="estimated"  units="mole faction"   reference="composition"  kind="absolute"  method="statistical scatter" >
            <speciesLink preferredKey="CH3OH"  CAS="67-56-1"    InChI="1S/CH4O/c1-2/h2H,1H3"  SMILES="CO"         chemName="methanol"        />
            <value>0.000174</value>
        </property>
    </commonProperties>
    <dataGroup id="dg1">
        <property name="temperature"     id="x1"   label="T"        sourcetype="digitized"  units="K"             />
        <property name="residence time"  id="x2"   label="tau"      sourcetype="digitized"  units="s"             />
        <property name="composition"     id="x3"   label="[CH3OH]"  sourcetype="digitized"  units="mole fraction" >
            <speciesLink preferredKey="CH3OH"  CAS="67-56-1"    InChI="1S/CH4O/c1-2/h2H,1H3"  SMILES="CO"         chemName="methanol"        />
        </property>
        <property name="composition"     id="x4"   label="[O2]"     sourcetype="digitized"  units="mole fraction" >
            <speciesLink preferredKey="O2"     CAS="7782-44-7"  InChI="1S/O2/c1-2"            SMILES="O=O"        chemName="oxygen"          />
        </property>
        <property name="composition"     id="x5"   label="[CO2]"    sourcetype="digitized"  units="mole fraction" >
            <speciesLink preferredKey="CO2"    CAS="124-38-9"   InChI="1S/CO2/c2-1-3"         SMILES="C(=O)=O"    chemName="carbon dioxide"  />
        </property>
        <property name="composition"     id="x6"   label="[CO]"     sourcetype="digitized"  units="mole fraction" >
            <speciesLink preferredKey="CO"     CAS="630-08-0"   InChI="1S/CO/c1-2"            SMILES="[C-]#[O+]"  chemName="carbon monoxide" />
        </property>

        <dataPoint><x1>600</x1><x2>2.195</x2><x3>3.007E-03</x3><x4>4.458E-03</x4><x5>0.000E+00</x5><x6>0.000E+00</x6></dataPoint>
        <dataPoint><x1>625</x1><x2>2.107</x2><x3>3.027E-03</x3><x4>4.563E-03</x4><x5>0.000E+00</x5><x6>0.000E+00</x6></dataPoint>
        <dataPoint><x1>650</x1><x2>2.026</x2><x3>2.991E-03</x3><x4>4.493E-03</x4><x5>0.000E+00</x5><x6>0.000E+00</x6></dataPoint>
        <dataPoint><x1>675</x1><x2>1.951</x2><x3>2.850E-03</x3><x4>4.528E-03</x4><x5>0.000E+00</x5><x6>0.000E+00</x6></dataPoint>
        <dataPoint><x1>700</x1><x2>1.881</x2><x3>2.807E-03</x3><x4>4.535E-03</x4><x5>0.000E+00</x5><x6>7.224E-06</x6></dataPoint>
        <dataPoint><x1>725</x1><x2>1.817</x2><x3>1.645E-03</x3><x4>3.260E-03</x4><x5>2.894E-05</x5><x6>8.247E-04</x6></dataPoint>
        <dataPoint><x1>750</x1><x2>1.756</x2><x3>0.000E+00</x3><x4>2.396E-04</x4><x5>1.517E-03</x5><x6>1.859E-03</x6></dataPoint>
        <dataPoint><x1>775</x1><x2>1.699</x2><x3>0.000E+00</x3><x4>8.030E-04</x4><x5>1.678E-03</x5><x6>1.345E-03</x6></dataPoint>
        <dataPoint><x1>800</x1><x2>1.646</x2><x3>0.000E+00</x3><x4>5.779E-04</x4><x5>1.792E-03</x5><x6>1.409E-03</x6></dataPoint>
        <dataPoint><x1>825</x1><x2>1.596</x2><x3>0.000E+00</x3><x4>9.583E-04</x4><x5>1.693E-03</x5><x6>1.289E-03</x6></dataPoint>
        <dataPoint><x1>850</x1><x2>1.549</x2><x3>0.000E+00</x3><x4>8.030E-04</x4><x5>1.686E-03</x5><x6>1.204E-03</x6></dataPoint>
        <dataPoint><x1>875</x1><x2>1.505</x2><x3>0.000E+00</x3><x4>6.381E-05</x4><x5>1.827E-03</x5><x6>1.564E-03</x6></dataPoint>
        <dataPoint><x1>900</x1><x2>1.463</x2><x3>0.000E+00</x3><x4>2.685E-04</x4><x5>1.848E-03</x5><x6>1.542E-03</x6></dataPoint>
    </dataGroup>
</experiment>
