<experiment>
    <fileAuthor>Chemical Kinetics Laboratory, Institute of Chemistry, ELTE, Budapest, Hungary</fileAuthor>
    <fileDOI>10.24388/x30002019</fileDOI>
    <fileVersion>
        <major>1</major>
        <minor>0</minor>
    </fileVersion>
    <ReSpecThVersion>
        <major>2</major>
        <minor>3</minor>
    </ReSpecThVersion>
    <firstPublicationDate>2016-12-05</firstPublicationDate>
    <lastModificationDate>2020-11-18</lastModificationDate>
    <bibliographyLink>
        <description>V. Aranda, J.M. Christensen, M.U. Alzueta, P. Glarborg, S. Gersen, Y. Gao, P. Marshall, Int. J. Chem. Kinet. 45 (2013), 283-294</description>
        <referenceDOI>10.1002/kin.20764</referenceDOI>
        <location>Main article</location>
        <figure>Fig. 4 (set 1)</figure>
        <details>
            <author>Aranda, V and Christensen, J M and Alzueta, M U and Glarborg, P and Gersen, S and Gao, Y and Marshall, P</author>
            <journal>Int J Chem Kinet</journal>
            <number>5</number>
            <pages>283--294</pages>
            <title>Experimental and Kinetic Modeling Study of Methanol Ignition and Oxidation at High Pressure</title>
            <volume>45</volume>
            <year>2013</year>
        </details>
    </bibliographyLink>
    <experimentType>outlet concentration measurement</experimentType>
    <apparatus>
        <kind>flow reactor</kind>
        <mode>laminar</mode>
    </apparatus>
    <commonProperties>
        <property name="pressure"                      label="P"  sourcetype="reported"   units="bar"           ><value>20</value></property>
        <property name="initial composition"           sourcetype="reported"  >
            <component><speciesLink preferredKey="CH3OH"  CAS="67-56-1"    InChI="1S/CH4O/c1-2/h2H,1H3"  SMILES="CO"   chemName="methanol" /><amount units="mole fraction" >0.002606</amount></component>
            <component><speciesLink preferredKey="O2"     CAS="7782-44-7"  InChI="1S/O2/c1-2"            SMILES="O=O"  chemName="oxygen"   /><amount units="mole fraction" >0.000904</amount></component>
            <component><speciesLink preferredKey="N2"     CAS="7727-37-9"  InChI="1S/N2/c1-2"            SMILES="N#N"  chemName="nitrogen" /><amount units="mole fraction" >0.996490</amount></component>
        </property>
        <property name="evaluated standard deviation"  sourcetype="estimated"  units="mole faction"   reference="composition"  kind="absolute"  method="statistical scatter" >
            <speciesLink preferredKey="O2"     CAS="7782-44-7"  InChI="1S/O2/c1-2"            SMILES="O=O"        chemName="oxygen"          />
            <value>0.000167</value>
        </property>
        <property name="evaluated standard deviation"  sourcetype="estimated"  units="mole faction"   reference="composition"  kind="absolute"  method="statistical scatter" >
            <speciesLink preferredKey="CO"     CAS="630-08-0"   InChI="1S/CO/c1-2"            SMILES="[C-]#[O+]"  chemName="carbon monoxide" />
            <value>0.00026</value>
        </property>
        <property name="evaluated standard deviation"  sourcetype="estimated"  units="mole faction"   reference="composition"  kind="absolute"  method="statistical scatter" >
            <speciesLink preferredKey="CO2"    CAS="124-38-9"   InChI="1S/CO2/c2-1-3"         SMILES="C(=O)=O"    chemName="carbon dioxide"  />
            <value>6.3e-6</value>
        </property>
        <property name="evaluated standard deviation"  sourcetype="estimated"  units="mole faction"   reference="composition"  kind="absolute"  method="statistical scatter" >
            <speciesLink preferredKey="CH3OH"  CAS="67-56-1"    InChI="1S/CH4O/c1-2/h2H,1H3"  SMILES="CO"         chemName="methanol"        />
            <value>0.000164</value>
        </property>
    </commonProperties>
    <dataGroup id="dg1">
        <property name="temperature"     id="x1"   label="T"        sourcetype="digitized"  units="K"             />
        <property name="residence time"  id="x2"   label="tau"      sourcetype="digitized"  units="s"             />
        <property name="composition"     id="x3"   label="[CH3OH]"  sourcetype="digitized"  units="mole fraction" >
            <speciesLink preferredKey="CH3OH"  CAS="67-56-1"    InChI="1S/CH4O/c1-2/h2H,1H3"  SMILES="CO"         chemName="methanol"        />
        </property>
        <property name="composition"     id="x4"   label="[O2]"     sourcetype="digitized"  units="mole fraction" >
            <speciesLink preferredKey="O2"     CAS="7782-44-7"  InChI="1S/O2/c1-2"            SMILES="O=O"        chemName="oxygen"          />
        </property>
        <property name="composition"     id="x5"   label="[CO2]"    sourcetype="digitized"  units="mole fraction" >
            <speciesLink preferredKey="CO2"    CAS="124-38-9"   InChI="1S/CO2/c2-1-3"         SMILES="C(=O)=O"    chemName="carbon dioxide"  />
        </property>
        <property name="composition"     id="x6"   label="[CO]"     sourcetype="digitized"  units="mole fraction" >
            <speciesLink preferredKey="CO"     CAS="630-08-0"   InChI="1S/CO/c1-2"            SMILES="[C-]#[O+]"  chemName="carbon monoxide" />
        </property>

        <dataPoint><x1>600</x1><x2>2.195</x2><x3>2.278E-03</x3><x4>9.140E-04</x4><x5>0.000E+00</x5><x6>0.000E+00</x6></dataPoint>
        <dataPoint><x1>625</x1><x2>2.107</x2><x3>2.720E-03</x3><x4>9.097E-04</x4><x5>0.000E+00</x5><x6>0.000E+00</x6></dataPoint>
        <dataPoint><x1>650</x1><x2>2.026</x2><x3>2.577E-03</x3><x4>9.053E-04</x4><x5>0.000E+00</x5><x6>0.000E+00</x6></dataPoint>
        <dataPoint><x1>675</x1><x2>1.951</x2><x3>2.636E-03</x3><x4>8.966E-04</x4><x5>0.000E+00</x5><x6>0.000E+00</x6></dataPoint>
        <dataPoint><x1>700</x1><x2>1.881</x2><x3>2.598E-03</x3><x4>8.966E-04</x4><x5>0.000E+00</x5><x6>0.000E+00</x6></dataPoint>
        <dataPoint><x1>725</x1><x2>1.817</x2><x3>2.590E-03</x3><x4>8.930E-04</x4><x5>1.936E-05</x5><x6>0.000E+00</x6></dataPoint>
        <dataPoint><x1>750</x1><x2>1.756</x2><x3>2.581E-03</x3><x4>8.842E-04</x4><x5>1.528E-05</x5><x6>0.000E+00</x6></dataPoint>
        <dataPoint><x1>775</x1><x2>1.699</x2><x3>2.514E-03</x3><x4>8.799E-04</x4><x5>0.000E+00</x5><x6>0.000E+00</x6></dataPoint>
        <dataPoint><x1>800</x1><x2>1.646</x2><x3>1.830E-03</x3><x4>7.266E-04</x4><x5>2.728E-06</x5><x6>9.809E-05</x6></dataPoint>
        <dataPoint><x1>825</x1><x2>1.596</x2><x3>9.170E-04</x3><x4>1.744E-05</x4><x5>2.846E-05</x5><x6>1.092E-03</x6></dataPoint>
        <dataPoint><x1>850</x1><x2>1.549</x2><x3>6.027E-04</x3><x4>4.359E-06</x4><x5>4.183E-05</x5><x6>1.139E-03</x6></dataPoint>
        <dataPoint><x1>875</x1><x2>1.505</x2><x3>5.986E-04</x3><x4>4.359E-06</x4><x5>4.647E-05</x5><x6>1.173E-03</x6></dataPoint>
        <dataPoint><x1>900</x1><x2>1.463</x2><x3>5.691E-04</x3><x4>4.359E-06</x4><x5>5.546E-05</x5><x6>1.211E-03</x6></dataPoint>
    </dataGroup>
</experiment>
