<experiment>
    <fileAuthor>Chemical Kinetics Laboratory, Institute of Chemistry, ELTE, Budapest, Hungary</fileAuthor>
    <fileDOI>10.24388/x30002010</fileDOI>
    <fileVersion>
        <major>1</major>
        <minor>0</minor>
    </fileVersion>
    <ReSpecThVersion>
        <major>2</major>
        <minor>3</minor>
    </ReSpecThVersion>
    <firstPublicationDate>2016-12-05</firstPublicationDate>
    <lastModificationDate>2020-11-18</lastModificationDate>
    <bibliographyLink>
        <description>C.L. Rasmussen, K.H. Wassard, K. Dam-Johansen, P. Glarborg, Int. J. Chem. Kinet. 40 (2008), 423-441</description>
        <referenceDOI>10.1002/kin.20323</referenceDOI>
        <location>Main article</location>
        <figure>Fig. 5, set 2a, 4% O2</figure>
        <details>
            <author>Rasmussen, Christian Lund and Wassard, Karin Hedebo and Dam-Johansen, Kim and Glarborg, Peter</author>
            <journal>Int J Chem Kinet</journal>
            <pages>423--441</pages>
            <title>Methanol Oxidation in a Flow Reactor: Implications for the Branching Ratio of the CH$_{3}$OH+OH Reaction</title>
            <volume>40</volume>
            <year>2008</year>
        </details>
    </bibliographyLink>
    <experimentType>outlet concentration measurement</experimentType>
    <apparatus>
        <kind>flow reactor</kind>
        <mode>laminar</mode>
    </apparatus>
    <commonProperties>
        <property name="pressure"                      label="P"  sourcetype="reported"   units="atm"           ><value>1.05</value></property>
        <property name="initial composition"           sourcetype="reported"  >
            <component><speciesLink preferredKey="CH3OH"  CAS="67-56-1"    InChI="1S/CH4O/c1-2/h2H,1H3"  SMILES="CO"   chemName="methanol" /><amount units="mole fraction" >0.000495</amount></component>
            <component><speciesLink preferredKey="O2"     CAS="7782-44-7"  InChI="1S/O2/c1-2"            SMILES="O=O"  chemName="oxygen"   /><amount units="mole fraction" >0.045000</amount></component>
            <component><speciesLink preferredKey="H2O"    CAS="7732-18-5"  InChI="1S/H2O/h1H2"           SMILES="O"    chemName="water"    /><amount units="mole fraction" >0.003000</amount></component>
            <component><speciesLink preferredKey="N2"     CAS="7727-37-9"  InChI="1S/N2/c1-2"            SMILES="N#N"  chemName="nitrogen" /><amount units="mole fraction" >0.95151</amount></component>
        </property>
        <property name="evaluated standard deviation"  sourcetype="estimated"  units="mole faction"   reference="composition"  kind="absolute"  method="statistical scatter" >
            <speciesLink preferredKey="CO"     CAS="630-08-0"   InChI="1S/CO/c1-2"            SMILES="[C-]#[O+]"  chemName="carbon monoxide" />
            <value>8.55e-5</value>
        </property>
        <property name="evaluated standard deviation"  sourcetype="estimated"  units="mole faction"   reference="composition"  kind="absolute"  method="statistical scatter" >
            <speciesLink preferredKey="CO2"    CAS="124-38-9"   InChI="1S/CO2/c2-1-3"         SMILES="C(=O)=O"    chemName="carbon dioxide"  />
            <value>3.53e-5</value>
        </property>
    </commonProperties>
    <dataGroup id="dg1">
        <property name="temperature"     id="x1"   label="T"      sourcetype="digitized"  units="K"             />
        <property name="residence time"  id="x2"   label="tau"    sourcetype="digitized"  units="s"             />
        <property name="composition"     id="x3"   label="[CO]"   sourcetype="digitized"  units="mole fraction" >
            <speciesLink preferredKey="CO"   CAS="630-08-0"  InChI="1S/CO/c1-2"     SMILES="[C-]#[O+]"  chemName="carbon monoxide" />
        </property>
        <property name="composition"     id="x4"   label="[CO2]"  sourcetype="digitized"  units="mole fraction" >
            <speciesLink preferredKey="CO2"  CAS="124-38-9"  InChI="1S/CO2/c2-1-3"  SMILES="C(=O)=O"    chemName="carbon dioxide"  />
        </property>

        <dataPoint><x1>0921.3</x1><x2>0.100944</x2><x3>0.000E+00</x3><x4>0.000E+00</x4></dataPoint>
        <dataPoint><x1>0957.4</x1><x2>0.097138</x2><x3>0.000E+00</x3><x4>0.000E+00</x4></dataPoint>
        <dataPoint><x1>0994.3</x1><x2>0.093533</x2><x3>1.335E-05</x3><x4>0.000E+00</x4></dataPoint>
        <dataPoint><x1>1030.8</x1><x2>0.090221</x2><x3>5.236E-05</x3><x4>0.000E+00</x4></dataPoint>
        <dataPoint><x1>1067.2</x1><x2>0.087144</x2><x3>1.458E-04</x3><x4>1.027E-06</x4></dataPoint>
        <dataPoint><x1>1103.7</x1><x2>0.084262</x2><x3>3.830E-04</x3><x4>1.027E-04</x4></dataPoint>
        <dataPoint><x1>1139.8</x1><x2>0.081593</x2><x3>1.253E-04</x3><x4>3.593E-04</x4></dataPoint>
        <dataPoint><x1>1176.7</x1><x2>0.079035</x2><x3>6.468E-05</x3><x4>4.148E-04</x4></dataPoint>
        <dataPoint><x1>1213.2</x1><x2>0.076657</x2><x3>4.312E-05</x3><x4>4.363E-04</x4></dataPoint>
        <dataPoint><x1>1248.9</x1><x2>0.074466</x2><x3>2.875E-05</x3><x4>4.589E-04</x4></dataPoint>
        <dataPoint><x1>1284.5</x1><x2>0.072402</x2><x3>1.951E-05</x3><x4>4.594E-04</x4></dataPoint>
        <dataPoint><x1>1319.9</x1><x2>0.070460</x2><x3>0.000E+00</x3><x4>4.841E-04</x4></dataPoint>
    </dataGroup>
    <comment>CO2 shifted, last data point taken from Fig. 1</comment>
</experiment>
