<experiment>
    <fileAuthor>Chemical Kinetics Laboratory, Institute of Chemistry, ELTE, Budapest, Hungary</fileAuthor>
    <fileDOI>10.24388/x30002203CH2O</fileDOI>
    <fileVersion>
        <major>1</major>
        <minor>0</minor>
    </fileVersion>
    <ReSpecThVersion>
        <major>2</major>
        <minor>3</minor>
    </ReSpecThVersion>
    <firstPublicationDate>2016-12-05</firstPublicationDate>
    <lastModificationDate>2020-11-18</lastModificationDate>
    <bibliographyLink>
        <description>S. Hochgreb, F.L. Dryer, Combust. Flame 91, 1992, 285-287, Fig. 1b</description>
        <referenceDOI>10.1016/S0082-0784(06)80256-0</referenceDOI>
        <location>Main article</location>
        <figure>Fig. 1b</figure>
        <details>
            <author>Hochgreb, S and Yetter, R A and Dryer, F L</author>
            <journal>Symp (Int) Combust</journal>
            <number>1</number>
            <pages>171--177</pages>
            <title>The oxidation of CH$_{2}$O in the intermediate temperature range (943-995 K)</title>
            <volume>23</volume>
            <year>1990</year>
        </details>
    </bibliographyLink>
    <experimentType>concentration time profile measurement</experimentType>
    <apparatus>
        <kind>flow reactor</kind>
        <mode>turbulent</mode>
    </apparatus>
    <commonProperties>
        <property name="pressure"                      label="P"  sourcetype="reported"   units="atm"           ><value>1</value></property>
        <property name="temperature"                   label="T"  sourcetype="reported"   units="K"             ><value>945</value></property>
        <property name="initial composition"           sourcetype="reported"  >
            <component><speciesLink preferredKey="CH2O"  CAS="50-00-0"    InChI="1S/CH2O/c1-2/h1H2"  SMILES="C=O"  chemName="formaldehyde" /><amount units="mole fraction" >0.003490</amount></component>
            <component><speciesLink preferredKey="O2"    CAS="7782-44-7"  InChI="1S/O2/c1-2"         SMILES="O=O"  chemName="oxygen"       /><amount units="mole fraction" >0.002223</amount></component>
            <component><speciesLink preferredKey="N2"    CAS="7727-37-9"  InChI="1S/N2/c1-2"         SMILES="N#N"  chemName="nitrogen"     /><amount units="mole fraction" >0.994287</amount></component>
        </property>
        <property name="evaluated standard deviation"  sourcetype="estimated"  units="mole faction"   reference="composition"  kind="absolute"  method="generic uncertainty" >
            <speciesLink preferredKey="CH2O"  CAS="50-00-0"    InChI="1S/CH2O/c1-2/h1H2"  SMILES="C=O"        chemName="formaldehyde"    />
            <value>0.000333</value>
        </property>
        <property name="evaluated standard deviation"  sourcetype="estimated"  units="mole faction"   reference="composition"  kind="absolute"  method="generic uncertainty" >
            <speciesLink preferredKey="CO"    CAS="630-08-0"   InChI="1S/CO/c1-2"         SMILES="[C-]#[O+]"  chemName="carbon monoxide" />
            <value>0.000313</value>
        </property>
        <property name="evaluated standard deviation"  sourcetype="estimated"  units="mole faction"   reference="composition"  kind="absolute"  method="generic uncertainty" >
            <speciesLink preferredKey="CO2"   CAS="124-38-9"   InChI="1S/CO2/c2-1-3"      SMILES="C(=O)=O"    chemName="carbon dioxide"  />
            <value>6.14e-5</value>
        </property>
        <property name="evaluated standard deviation"  sourcetype="estimated"  units="mole faction"   reference="composition"  kind="absolute"  method="generic uncertainty" >
            <speciesLink preferredKey="H2"    CAS="1333-74-0"  InChI="1S/H2/h1H"          SMILES="[HH]"       chemName="hydrogen"        />
            <value>0.00016</value>
        </property>
        <property name="evaluated standard deviation"  sourcetype="estimated"  units="mole faction"   reference="composition"  kind="absolute"  method="generic uncertainty" >
            <speciesLink preferredKey="O2"    CAS="7782-44-7"  InChI="1S/O2/c1-2"         SMILES="O=O"        chemName="oxygen"          />
            <value>0.000222</value>
        </property>
    </commonProperties>
    <dataGroup id="dg1">
        <property name="time"         id="x1"   label="t"       sourcetype="digitized"   units="s"             />
        <property name="composition"  id="x2"   label="[CH2O]"  sourcetype="digitized"   units="mole fraction" >
            <speciesLink preferredKey="CH2O"  CAS="50-00-0"    InChI="1S/CH2O/c1-2/h1H2"  SMILES="C=O"        chemName="formaldehyde"    />
        </property>
        <property name="composition"  id="x3"   label="[CO]"    sourcetype="digitized"   units="mole fraction" >
            <speciesLink preferredKey="CO"    CAS="630-08-0"   InChI="1S/CO/c1-2"         SMILES="[C-]#[O+]"  chemName="carbon monoxide" />
        </property>
        <property name="composition"  id="x4"   label="[CO2]"   sourcetype="digitized"   units="mole fraction" >
            <speciesLink preferredKey="CO2"   CAS="124-38-9"   InChI="1S/CO2/c2-1-3"      SMILES="C(=O)=O"    chemName="carbon dioxide"  />
        </property>
        <property name="composition"  id="x5"   label="[H2]"    sourcetype="digitized"   units="mole fraction" >
            <speciesLink preferredKey="H2"    CAS="1333-74-0"  InChI="1S/H2/h1H"          SMILES="[HH]"       chemName="hydrogen"        />
        </property>
        <property name="composition"  id="x6"   label="[O2]"    sourcetype="digitized"   units="mole fraction" >
            <speciesLink preferredKey="O2"    CAS="7782-44-7"  InChI="1S/O2/c1-2"         SMILES="O=O"        chemName="oxygen"          />
        </property>
        <property name="temperature"  id="x7"   label="T"       sourcetype="calculated"  units="K"             />

        <dataPoint><x1>0.0043</x1><x2>3.330E-03</x2><x3>6.94E-05</x3><x4>2.26E-05</x4><x5>1.33E-04</x5><x6>2.22E-03</x6><x7>944.8</x7></dataPoint>
        <dataPoint><x1>0.0073</x1><x2>3.240E-03</x2><x3>1.69E-04</x3><x4>2.84E-05</x4><x5>1.63E-04</x5><x6>2.18E-03</x6><x7>945.8</x7></dataPoint>
        <dataPoint><x1>0.0133</x1><x2>3.220E-03</x2><x3>3.60E-04</x3><x4>4.60E-05</x4><x5>2.38E-04</x5><x6>2.13E-03</x6><x7>947.4</x7></dataPoint>
        <dataPoint><x1>0.0219</x1><x2>2.930E-03</x2><x3>5.33E-04</x3><x4>3.96E-05</x4><x5>3.07E-04</x5><x6>2.08E-03</x6><x7>948.4</x7></dataPoint>
        <dataPoint><x1>0.0299</x1><x2>2.730E-03</x2><x3>6.66E-04</x3><x4>3.93E-05</x4><x5>4.46E-04</x5><x6>2.01E-03</x6><x7>949.0</x7></dataPoint>
        <dataPoint><x1>0.0397</x1><x2>2.400E-03</x2><x3>1.16E-03</x3><x4>5.67E-05</x4><x5>6.43E-04</x5><x6>1.90E-03</x6><x7>949.7</x7></dataPoint>
        <dataPoint><x1>0.0489</x1><x2>1.930E-03</x2><x3>1.43E-03</x3><x4>5.63E-05</x4><x5>7.71E-04</x5><x6>1.82E-03</x6><x7>951.2</x7></dataPoint>
        <dataPoint><x1>0.0588</x1><x2>1.430E-03</x2><x3>2.06E-03</x3><x4>7.27E-05</x4><x5>1.07E-03</x5><x6>1.72E-03</x6><x7>952.6</x7></dataPoint>
        <dataPoint><x1>0.0667</x1><x2>1.170E-03</x2><x3>2.35E-03</x3><x4>6.65E-05</x4><x5>1.21E-03</x5><x6>1.60E-03</x6><x7>953.5</x7></dataPoint>
        <dataPoint><x1>0.0762</x1><x2>7.582E-04</x2><x3>2.67E-03</x3><x4>7.79E-05</x4><x5>1.32E-03</x5><x6>1.52E-03</x6><x7>954.8</x7></dataPoint>
        <dataPoint><x1>0.0859</x1><x2>4.345E-04</x2><x3>3.01E-03</x3><x4>1.06E-04</x4><x5>1.57E-03</x5><x6>1.41E-03</x6><x7>956.4</x7></dataPoint>
        <dataPoint><x1>0.0950</x1><x2>1.851E-04</x2><x3>3.00E-03</x3><x4>1.18E-04</x4><x5>1.60E-03</x5><x6>1.36E-03</x6><x7>957.7</x7></dataPoint>
        <dataPoint><x1>0.1030</x1><x2>1.623E-04</x2><x3>3.05E-03</x3><x4>1.23E-04</x4><x5>1.53E-03</x5><x6>1.29E-03</x6><x7>959.0</x7></dataPoint>
        <dataPoint><x1>0.1127</x1><x2>5.939E-06</x2><x3>3.13E-03</x3><x4>2.67E-04</x4><x5>1.32E-03</x5><x6>1.01E-03</x6><x7>959.3</x7></dataPoint>
        <dataPoint><x1>0.1219</x1><x2>0.000E+00</x2><x3>2.99E-03</x3><x4>6.14E-04</x4><x5>9.45E-04</x5><x6>6.98E-04</x6><x7>962.2</x7></dataPoint>
    </dataGroup>
    <timeshift target="CH2O" type="half decrease"/>
</experiment>
