<experiment>
    <fileAuthor>Chemical Kinetics Laboratory, Institute of Chemistry, ELTE, Budapest, Hungary</fileAuthor>
    <fileDOI>10.24388/x30002030CH4_x</fileDOI>
    <fileVersion>
        <major>1</major>
        <minor>0</minor>
    </fileVersion>
    <ReSpecThVersion>
        <major>2</major>
        <minor>3</minor>
    </ReSpecThVersion>
    <firstPublicationDate>2016-12-05</firstPublicationDate>
    <lastModificationDate>2020-11-18</lastModificationDate>
    <bibliographyLink>
        <description>W.-C. Ing, C.Y. Sheng, J.W. Bozzelli, Fuel Processing Technology 83 (2003), 111-145</description>
        <referenceDOI>10.1016/S0378-3820(03)00062-6</referenceDOI>
        <location>Main article</location>
        <figure>Fig. 7, methanol+methane</figure>
        <details>
            <author>Ing, Wen-Chiun and Sheng, Chad Y and Bozzelli, Joseph W</author>
            <journal>Fuel Process Technol</journal>
            <number>1--3</number>
            <pages>111--145</pages>
            <title>Development of a detailed high-pressure reaction model for methane/methanol mixtures under pyrolytic and oxidative conditions and comparison with experimental data</title>
            <volume>83</volume>
            <year>2003</year>
        </details>
    </bibliographyLink>
    <experimentType>concentration time profile measurement</experimentType>
    <apparatus>
        <kind>flow reactor</kind>
        <mode>laminar</mode>
    </apparatus>
    <commonProperties>
        <property name="pressure"                      label="P"  sourcetype="reported"   units="atm"           ><value>5</value></property>
        <property name="temperature"                   label="T"  sourcetype="reported"   units="K"             ><value>873</value></property>
        <property name="initial composition"           sourcetype="reported"  >
            <component><speciesLink preferredKey="CH3OH"  CAS="67-56-1"    InChI="1S/CH4O/c1-2/h2H,1H3"  SMILES="CO"    chemName="methanol" /><amount units="mole fraction" >0.00390</amount></component>
            <component><speciesLink preferredKey="CH4"    CAS="74-82-8"    InChI="1S/CH4/h1H4"           SMILES="C"     chemName="methane"  /><amount units="mole fraction" >0.00390</amount></component>
            <component><speciesLink preferredKey="O2"     CAS="7782-44-7"  InChI="1S/O2/c1-2"            SMILES="O=O"   chemName="oxygen"   /><amount units="mole fraction" >0.01365</amount></component>
            <component><speciesLink preferredKey="Ar"     CAS="7440-37-1"  InChI="1S/Ar"                 SMILES="[Ar]"  chemName="argon"    /><amount units="mole fraction" >0.97855</amount></component>
        </property>
        <property name="evaluated standard deviation"  sourcetype="estimated"  units="mole faction"   reference="composition"  kind="absolute"  method="generic uncertainty" >
            <speciesLink preferredKey="CH3OH"  CAS="67-56-1"    InChI="1S/CH4O/c1-2/h2H,1H3"  SMILES="CO"         chemName="methanol"        />
            <value>0.00039</value>
        </property>
        <property name="evaluated standard deviation"  sourcetype="estimated"  units="mole faction"   reference="composition"  kind="absolute"  method="generic uncertainty" >
            <speciesLink preferredKey="CO2"    CAS="124-38-9"   InChI="1S/CO2/c2-1-3"         SMILES="C(=O)=O"    chemName="carbon dioxide"  />
            <value>3.79e-5</value>
        </property>
        <property name="evaluated standard deviation"  sourcetype="estimated"  units="mole faction"   reference="composition"  kind="absolute"  method="generic uncertainty" >
            <speciesLink preferredKey="CO"     CAS="630-08-0"   InChI="1S/CO/c1-2"            SMILES="[C-]#[O+]"  chemName="carbon monoxide" />
            <value>0.000483</value>
        </property>
        <property name="evaluated standard deviation"  sourcetype="estimated"  units="mole faction"   reference="composition"  kind="absolute"  method="generic uncertainty" >
            <speciesLink preferredKey="CH4"    CAS="74-82-8"    InChI="1S/CH4/h1H4"           SMILES="C"          chemName="methane"         />
            <value>0.000399</value>
        </property>
        <property name="evaluated standard deviation"  sourcetype="estimated"  units="mole faction"   reference="composition"  kind="absolute"  method="generic uncertainty" >
            <speciesLink preferredKey="CH2O"   CAS="50-00-0"    InChI="1S/CH2O/c1-2/h1H2"     SMILES="C=O"        chemName="formaldehyde"    />
            <value>5.15e-5</value>
        </property>
        <property name="evaluated standard deviation"  sourcetype="estimated"  units="mole faction"   reference="composition"  kind="absolute"  method="generic uncertainty" >
            <speciesLink preferredKey="C2H6"   CAS="74-84-0"    InChI="1S/C2H6/c1-2/h1-2H3"   SMILES="CC"         chemName="ethane"          />
            <value>9.46e-7</value>
        </property>
        <property name="evaluated standard deviation"  sourcetype="estimated"  units="mole faction"   reference="composition"  kind="absolute"  method="generic uncertainty" >
            <speciesLink preferredKey="C2H4"   CAS="74-85-1"    InChI="1S/C2H4/c1-2/h1-2H2"   SMILES="C=C"        chemName="ethene"          />
            <value>5.77e-7</value>
        </property>
    </commonProperties>
    <dataGroup id="dg1">
        <property name="time"         id="x1"   label="t"        sourcetype="digitized"  units="s"             />
        <property name="composition"  id="x2"   label="[CH3OH]"  sourcetype="digitized"  units="mole fraction" >
            <speciesLink preferredKey="CH3OH"  CAS="67-56-1"   InChI="1S/CH4O/c1-2/h2H,1H3"  SMILES="CO"         chemName="methanol"        />
        </property>
        <property name="composition"  id="x3"   label="[CO2]"    sourcetype="digitized"  units="mole fraction" >
            <speciesLink preferredKey="CO2"    CAS="124-38-9"  InChI="1S/CO2/c2-1-3"         SMILES="C(=O)=O"    chemName="carbon dioxide"  />
        </property>
        <property name="composition"  id="x4"   label="[CO]"     sourcetype="digitized"  units="mole fraction" >
            <speciesLink preferredKey="CO"     CAS="630-08-0"  InChI="1S/CO/c1-2"            SMILES="[C-]#[O+]"  chemName="carbon monoxide" />
        </property>
        <property name="composition"  id="x5"   label="[CH4]"    sourcetype="digitized"  units="mole fraction" >
            <speciesLink preferredKey="CH4"    CAS="74-82-8"   InChI="1S/CH4/h1H4"           SMILES="C"          chemName="methane"         />
        </property>
        <property name="composition"  id="x6"   label="[CH2O]"   sourcetype="digitized"  units="mole fraction" >
            <speciesLink preferredKey="CH2O"   CAS="50-00-0"   InChI="1S/CH2O/c1-2/h1H2"     SMILES="C=O"        chemName="formaldehyde"    />
        </property>
        <property name="composition"  id="x7"   label="[C2H6]"   sourcetype="digitized"  units="mole fraction" >
            <speciesLink preferredKey="C2H6"   CAS="74-84-0"   InChI="1S/C2H6/c1-2/h1-2H3"   SMILES="CC"         chemName="ethane"          />
        </property>
        <property name="composition"  id="x8"   label="[C2H4]"   sourcetype="digitized"  units="mole fraction" >
            <speciesLink preferredKey="C2H4"   CAS="74-85-1"   InChI="1S/C2H4/c1-2/h1-2H2"   SMILES="C=C"        chemName="ethene"          />
        </property>

        <dataPoint><x1>0.6</x1><x2>3.674E-03</x2><x3>-1.00E-00</x3><x4>0.000E+00</x4><x5>3.984E-03</x5><x6>5.372E-05</x6><x7>-1.00E-00</x7><x8>-1.00E-00</x8></dataPoint>
        <dataPoint><x1>0.8</x1><x2>3.586E-03</x2><x3>-1.00E-00</x3><x4>0.000E+00</x4><x5>3.990E-03</x5><x6>1.717E-04</x6><x7>-1.00E-00</x7><x8>-1.00E-00</x8></dataPoint>
        <dataPoint><x1>1.0</x1><x2>3.314E-03</x2><x3>9.831E-06</x3><x4>2.146E-04</x4><x5>3.813E-03</x5><x6>3.210E-04</x6><x7>-1.00E-00</x7><x8>-1.00E-00</x8></dataPoint>
        <dataPoint><x1>1.2</x1><x2>2.393E-03</x2><x3>2.986E-05</x3><x4>1.035E-03</x4><x5>3.504E-03</x5><x6>5.148E-04</x6><x7>2.264E-06</x7><x8>-1.00E-00</x8></dataPoint>
        <dataPoint><x1>1.3</x1><x2>2.096E-03</x2><x3>4.609E-05</x3><x4>1.604E-03</x4><x5>3.371E-03</x5><x6>5.148E-04</x6><x7>3.076E-06</x7><x8>-1.00E-00</x8></dataPoint>
        <dataPoint><x1>1.4</x1><x2>1.414E-03</x2><x3>9.915E-05</x3><x4>2.816E-03</x4><x5>3.037E-03</x5><x6>4.197E-04</x6><x7>4.342E-06</x7><x8>-1.00E-00</x8></dataPoint>
        <dataPoint><x1>1.5</x1><x2>1.023E-03</x2><x3>1.347E-04</x3><x4>3.226E-03</x4><x5>2.910E-03</x5><x6>3.251E-04</x6><x7>5.259E-06</x7><x8>-1.00E-00</x8></dataPoint>
        <dataPoint><x1>1.7</x1><x2>4.104E-04</x2><x3>2.861E-04</x3><x4>4.602E-03</x4><x5>2.348E-03</x5><x6>1.531E-04</x6><x7>7.713E-06</x7><x8>2.179E-06</x8></dataPoint>
        <dataPoint><x1>1.9</x1><x2>2.336E-04</x2><x3>3.789E-04</x3><x4>4.830E-03</x4><x5>2.134E-03</x5><x6>1.004E-04</x6><x7>9.462E-06</x7><x8>2.886E-06</x8></dataPoint>
    </dataGroup>
    <timeshift target="CH3OH" type="half decrease"/>
</experiment>
