<experiment>
    <fileAuthor>Chemical Kinetics Laboratory, Institute of Chemistry, ELTE, Budapest, Hungary</fileAuthor>
    <fileDOI>10.24388/x30002002</fileDOI>
    <fileVersion>
        <major>1</major>
        <minor>0</minor>
    </fileVersion>
    <ReSpecThVersion>
        <major>2</major>
        <minor>3</minor>
    </ReSpecThVersion>
    <firstPublicationDate>2016-12-05</firstPublicationDate>
    <lastModificationDate>2020-11-18</lastModificationDate>
    <bibliographyLink>
        <description>M.U. Alzueta, R. Bilbao, M. Finestra, Energy and Fuels 15 (2001), 724-729</description>
        <referenceDOI>10.1021/ef0002602</referenceDOI>
        <location>Main article</location>
        <figure>Figs. 2-4, open triangle, phi=0.88</figure>
        <details>
            <author>Alzueta, M U and Bilbao, R and Finestra, M</author>
            <journal>Energy Fuels</journal>
            <number>3</number>
            <pages>724--729</pages>
            <title>Methanol oxidation and its interaction with nitric oxide</title>
            <volume>15</volume>
            <year>2001</year>
        </details>
    </bibliographyLink>
    <experimentType>outlet concentration measurement</experimentType>
    <apparatus>
        <kind>flow reactor</kind>
        <mode>laminar</mode>
    </apparatus>
    <commonProperties>
        <property name="pressure"                      label="P"  sourcetype="reported"   units="atm"           ><value>1</value></property>
        <property name="initial composition"           sourcetype="reported"  >
            <component><speciesLink preferredKey="CH3OH"  CAS="67-56-1"    InChI="1S/CH4O/c1-2/h2H,1H3"  SMILES="CO"   chemName="methanol" /><amount units="mole fraction" >0.000325</amount></component>
            <component><speciesLink preferredKey="O2"     CAS="7782-44-7"  InChI="1S/O2/c1-2"            SMILES="O=O"  chemName="oxygen"   /><amount units="mole fraction" >0.000429</amount></component>
            <component><speciesLink preferredKey="H2O"    CAS="7732-18-5"  InChI="1S/H2O/h1H2"           SMILES="O"    chemName="water"    /><amount units="mole fraction" >0.018700</amount></component>
            <component><speciesLink preferredKey="N2"     CAS="7727-37-9"  InChI="1S/N2/c1-2"            SMILES="N#N"  chemName="nitrogen" /><amount units="mole fraction" >0.980546</amount></component>
        </property>
        <property name="evaluated standard deviation"  sourcetype="estimated"  units="mole faction"   reference="composition"  kind="absolute"  method="statistical scatter" >
            <speciesLink preferredKey="CO"     CAS="630-08-0"   InChI="1S/CO/c1-2"            SMILES="[C-]#[O+]"  chemName="carbon monoxide" />
            <value>5.2e-5</value>
        </property>
        <property name="evaluated standard deviation"  sourcetype="estimated"  units="mole faction"   reference="composition"  kind="absolute"  method="statistical scatter" >
            <speciesLink preferredKey="CO2"    CAS="124-38-9"   InChI="1S/CO2/c2-1-3"         SMILES="C(=O)=O"    chemName="carbon dioxide"  />
            <value>3.68e-5</value>
        </property>
        <property name="evaluated standard deviation"  sourcetype="estimated"  units="mole faction"   reference="composition"  kind="absolute"  method="statistical scatter" >
            <speciesLink preferredKey="CH3OH"  CAS="67-56-1"    InChI="1S/CH4O/c1-2/h2H,1H3"  SMILES="CO"         chemName="methanol"        />
            <value>1.7e-5</value>
        </property>
    </commonProperties>
    <dataGroup id="dg1">
        <property name="temperature"     id="x1"   label="T"        sourcetype="digitized"   units="K"             />
        <property name="residence time"  id="x2"   label="tau"      sourcetype="calculated"  units="s"             />
        <property name="composition"     id="x3"   label="[CH3OH]"  sourcetype="digitized"   units="mole fraction" >
            <speciesLink preferredKey="CH3OH"  CAS="67-56-1"   InChI="1S/CH4O/c1-2/h2H,1H3"  SMILES="CO"         chemName="methanol"        />
        </property>
        <property name="composition"     id="x4"   label="[CO]"     sourcetype="digitized"   units="mole fraction" >
            <speciesLink preferredKey="CO"     CAS="630-08-0"  InChI="1S/CO/c1-2"            SMILES="[C-]#[O+]"  chemName="carbon monoxide" />
        </property>
        <property name="composition"     id="x5"   label="[CO2]"    sourcetype="digitized"   units="mole fraction" >
            <speciesLink preferredKey="CO2"    CAS="124-38-9"  InChI="1S/CO2/c2-1-3"         SMILES="C(=O)=O"    chemName="carbon dioxide"  />
        </property>

        <dataPoint><x1>0800</x1><x2>0.225000</x2><x3>3.25E-04</x3><x4>0.00E+00</x4><x5>0.00E+00</x5></dataPoint>
        <dataPoint><x1>0994</x1><x2>0.181087</x2><x3>3.21E-04</x3><x4>0.00E+00</x4><x5>0.00E+00</x5></dataPoint>
        <dataPoint><x1>1042</x1><x2>0.172745</x2><x3>2.25E-04</x3><x4>4.00E-05</x4><x5>0.00E+00</x5></dataPoint>
        <dataPoint><x1>1090</x1><x2>0.165138</x2><x3>1.04E-04</x3><x4>1.83E-04</x4><x5>0.00E+00</x5></dataPoint>
        <dataPoint><x1>1106</x1><x2>0.162749</x2><x3>2.20E-05</x3><x4>1.06E-04</x4><x5>1.77E-04</x5></dataPoint>
        <dataPoint><x1>1114</x1><x2>0.161580</x2><x3>0.00E+00</x3><x4>8.70E-05</x4><x5>2.05E-04</x5></dataPoint>
        <dataPoint><x1>1143</x1><x2>0.157480</x2><x3>0.00E+00</x3><x4>3.30E-05</x4><x5>2.65E-04</x5></dataPoint>
        <dataPoint><x1>1188</x1><x2>0.151515</x2><x3>0.00E+00</x3><x4>1.20E-05</x4><x5>3.14E-04</x5></dataPoint>
        <dataPoint><x1>1243</x1><x2>0.144811</x2><x3>0.00E+00</x3><x4>0.00E+00</x4><x5>3.20E-04</x5></dataPoint>
        <dataPoint><x1>1338</x1><x2>0.134529</x2><x3>0.00E+00</x3><x4>0.00E+00</x4><x5>3.20E-04</x5></dataPoint>
        <dataPoint><x1>1394</x1><x2>0.129125</x2><x3>0.00E+00</x3><x4>0.00E+00</x4><x5>3.20E-04</x5></dataPoint>
        <dataPoint><x1>1443</x1><x2>0.124740</x2><x3>0.00E+00</x3><x4>0.00E+00</x4><x5>3.20E-04</x5></dataPoint>
    </dataGroup>
</experiment>
