<experiment>
    <fileAuthor>Chemical Kinetics Laboratory, Institute of Chemistry, ELTE, Budapest, Hungary</fileAuthor>
    <fileDOI>10.24388/x30002042</fileDOI>
    <fileVersion>
        <major>1</major>
        <minor>0</minor>
    </fileVersion>
    <ReSpecThVersion>
        <major>2</major>
        <minor>3</minor>
    </ReSpecThVersion>
    <firstPublicationDate>2016-12-05</firstPublicationDate>
    <lastModificationDate>2020-11-18</lastModificationDate>
    <bibliographyLink>
        <description>T.J. Held, The Oxidation of Methanol, Isobutene and Methyl Tertiary-Butyl Ether, Ph.D. Thesis, Princeton University (1993)</description>
        <location>Main article</location>
        <figure>Fig. 4.7</figure>
        <details>
            <author>Held, Timothy James</author>
            <school>Princeton University</school>
            <title>The Oxidation of Methanol, Isobutene and Methyl tertiary-Butyl Ether</title>
            <type>Dissertation</type>
            <year>1993</year>
        </details>
    </bibliographyLink>
    <experimentType>concentration time profile measurement</experimentType>
    <apparatus>
        <kind>flow reactor</kind>
        <mode>laminar</mode>
    </apparatus>
    <commonProperties>
        <property name="pressure"                      label="P"  sourcetype="reported"  units="atm"           ><value>5</value></property>
        <property name="temperature"                   label="T"  sourcetype="reported"  units="K"             ><value>857</value></property>
        <property name="initial composition"           sourcetype="reported" >
            <component><speciesLink preferredKey="CH3OH"  CAS="67-56-1"    InChI="1S/CH4O/c1-2/h2H,1H3"  SMILES="CO"   chemName="methanol" /><amount units="mole fraction" >0.00372</amount></component>
            <component><speciesLink preferredKey="O2"     CAS="7782-44-7"  InChI="1S/O2/c1-2"            SMILES="O=O"  chemName="oxygen"   /><amount units="mole fraction" >0.00240</amount></component>
            <component><speciesLink preferredKey="N2"     CAS="7727-37-9"  InChI="1S/N2/c1-2"            SMILES="N#N"  chemName="nitrogen" /><amount units="mole fraction" >0.99388</amount></component>
        </property>
        <property name="evaluated standard deviation"  sourcetype="reported"  units="mole faction"   reference="composition"  kind="absolute"  method="reported uncertainty" >
            <speciesLink preferredKey="O2"     CAS="7782-44-7"  InChI="1S/O2/c1-2"                   SMILES="O=O"        chemName="oxygen"          />
            <value>0.000218</value>
        </property>
        <property name="evaluated standard deviation"  sourcetype="reported"  units="mole faction"   reference="composition"  kind="absolute"  method="reported uncertainty" >
            <speciesLink preferredKey="H2"     CAS="1333-74-0"  InChI="1S/H2/h1H"                    SMILES="[HH]"       chemName="hydrogen"        />
            <value>0.000211</value>
        </property>
        <property name="evaluated standard deviation"  sourcetype="reported"  units="mole faction"   reference="composition"  kind="absolute"  method="reported uncertainty" >
            <speciesLink preferredKey="H2O"    CAS="7732-18-5"  InChI="1S/H2O/h1H2"                  SMILES="O"          chemName="water"           />
            <value>0.000446</value>
        </property>
        <property name="evaluated standard deviation"  sourcetype="reported"  units="mole faction"   reference="composition"  kind="absolute"  method="reported uncertainty" >
            <speciesLink preferredKey="CO"     CAS="630-08-0"   InChI="1S/CO/c1-2"                   SMILES="[C-]#[O+]"  chemName="carbon monoxide" />
            <value>0.000296</value>
        </property>
        <property name="evaluated standard deviation"  sourcetype="reported"  units="mole faction"   reference="composition"  kind="absolute"  method="reported uncertainty" >
            <speciesLink preferredKey="CO2"    CAS="124-38-9"   InChI="1S/CO2/c2-1-3"                SMILES="C(=O)=O"    chemName="carbon dioxide"  />
            <value>1.79e-5</value>
        </property>
        <property name="evaluated standard deviation"  sourcetype="reported"  units="mole faction"   reference="composition"  kind="absolute"  method="reported uncertainty" >
            <speciesLink preferredKey="CH2O"   CAS="50-00-0"    InChI="1S/CH2O/c1-2/h1H2"            SMILES="C=O"        chemName="formaldehyde"    />
            <value>4.93e-5</value>
        </property>
        <property name="evaluated standard deviation"  sourcetype="reported"  units="mole faction"   reference="composition"  kind="absolute"  method="reported uncertainty" >
            <speciesLink preferredKey="CH3OH"  CAS="67-56-1"    InChI="1S/CH4O/c1-2/h2H,1H3"         SMILES="CO"         chemName="methanol"        />
            <value>0.000336</value>
        </property>
        <property name="evaluated standard deviation"  sourcetype="reported"  units="mole faction"   reference="composition"  kind="absolute"  method="reported uncertainty" >
            <speciesLink preferredKey="HCOOH"  CAS="64-18-6"    InChI="1S/CH2O2/c2-1-3/h1H,(H,2,3)"  SMILES="[H]C(O)=O"  chemName="formic acide"    />
            <value>4.66e-6</value>
        </property>
    </commonProperties>
    <dataGroup id="dg1">
        <property name="time"         id="x1"   label="t"        sourcetype="digitized"  units="s"             />
        <property name="composition"  id="x2"   label="[CH3OH]"  sourcetype="digitized"  units="mole fraction" >
            <speciesLink preferredKey="CH3OH"  CAS="67-56-1"    InChI="1S/CH4O/c1-2/h2H,1H3"         SMILES="CO"         chemName="methanol"        />
        </property>
        <property name="composition"  id="x3"   label="[O2]"     sourcetype="digitized"  units="mole fraction" >
            <speciesLink preferredKey="O2"     CAS="7782-44-7"  InChI="1S/O2/c1-2"                   SMILES="O=O"        chemName="oxygen"          />
        </property>
        <property name="composition"  id="x4"   label="[CO2]"    sourcetype="digitized"  units="mole fraction" >
            <speciesLink preferredKey="CO2"    CAS="124-38-9"   InChI="1S/CO2/c2-1-3"                SMILES="C(=O)=O"    chemName="carbon dioxide"  />
        </property>
        <property name="composition"  id="x5"   label="[CO]"     sourcetype="digitized"  units="mole fraction" >
            <speciesLink preferredKey="CO"     CAS="630-08-0"   InChI="1S/CO/c1-2"                   SMILES="[C-]#[O+]"  chemName="carbon monoxide" />
        </property>
        <property name="composition"  id="x6"   label="[H2]"     sourcetype="digitized"  units="mole fraction" >
            <speciesLink preferredKey="H2"     CAS="1333-74-0"  InChI="1S/H2/h1H"                    SMILES="[HH]"       chemName="hydrogen"        />
        </property>
        <property name="composition"  id="x7"   label="[H2O]"    sourcetype="digitized"  units="mole fraction" >
            <speciesLink preferredKey="H2O"    CAS="7732-18-5"  InChI="1S/H2O/h1H2"                  SMILES="O"          chemName="water"           />
        </property>
        <property name="composition"  id="x8"   label="[CH2O]"   sourcetype="digitized"  units="mole fraction" >
            <speciesLink preferredKey="CH2O"   CAS="50-00-0"    InChI="1S/CH2O/c1-2/h1H2"            SMILES="C=O"        chemName="formaldehyde"    />
        </property>
        <property name="composition"  id="x9"   label="[HCOOH]"  sourcetype="digitized"  units="mole fraction" >
            <speciesLink preferredKey="HCOOH"  CAS="64-18-6"    InChI="1S/CH2O2/c2-1-3/h1H,(H,2,3)"  SMILES="[H]C(O)=O"  chemName="formic acide"    />
        </property>
        <property name="temperature"  id="x10"  label="T"        sourcetype="digitized"  units="K"             />

        <dataPoint><x1>0.036</x1><x2>3.363E-03</x2><x3>2.185E-03</x3><x4>4.246E-05</x4><x5>1.833E-04</x5><x6>2.951E-04</x6><x7>3.764E-04</x7><x8>2.330E-04</x8><x9>4.300E-07</x9><x10>859.7</x10></dataPoint>
        <dataPoint><x1>0.051</x1><x2>3.292E-03</x2><x3>2.124E-03</x3><x4>4.250E-05</x4><x5>2.241E-04</x5><x6>3.054E-04</x6><x7>4.578E-04</x7><x8>2.754E-04</x8><x9>1.562E-06</x9><x10>860.8</x10></dataPoint>
        <dataPoint><x1>0.068</x1><x2>3.211E-03</x2><x3>2.063E-03</x3><x4>4.255E-05</x4><x5>2.549E-04</x5><x6>2.549E-04</x6><x7>5.495E-04</x7><x8>3.084E-04</x8><x9>2.977E-06</x9><x10>862.0</x10></dataPoint>
        <dataPoint><x1>0.092</x1><x2>3.039E-03</x2><x3>1.891E-03</x3><x4>4.497E-05</x4><x5>3.771E-04</x5><x6>2.958E-04</x6><x7>7.834E-04</x7><x8>3.556E-04</x8><x9>5.804E-06</x9><x10>863.2</x10></dataPoint>
        <dataPoint><x1>0.123</x1><x2>2.887E-03</x2><x3>1.749E-03</x3><x4>5.683E-05</x4><x5>4.587E-04</x5><x6>3.267E-04</x6><x7>9.261E-04</x7><x8>3.980E-04</x8><x9>8.351E-06</x9><x10>863.2</x10></dataPoint>
        <dataPoint><x1>0.159</x1><x2>2.715E-03</x2><x3>1.597E-03</x3><x4>5.694E-05</x4><x5>6.116E-04</x5><x6>3.982E-04</x6><x7>1.160E-03</x7><x8>4.358E-04</x8><x9>1.146E-05</x9><x10>864.5</x10></dataPoint>
        <dataPoint><x1>0.200</x1><x2>2.512E-03</x2><x3>1.394E-03</x3><x4>6.647E-05</x4><x5>7.950E-04</x5><x6>4.597E-04</x6><x7>1.455E-03</x7><x8>4.641E-04</x8><x9>1.444E-05</x9><x10>864.9</x10></dataPoint>
        <dataPoint><x1>0.245</x1><x2>2.340E-03</x2><x3>1.253E-03</x3><x4>6.895E-05</x4><x5>9.480E-04</x5><x6>5.111E-04</x6><x7>1.700E-03</x7><x8>4.807E-04</x8><x9>1.741E-05</x9><x10>865.8</x10></dataPoint>
        <dataPoint><x1>0.289</x1><x2>2.168E-03</x2><x3>1.091E-03</x3><x4>7.144E-05</x4><x5>1.101E-03</x5><x6>5.828E-04</x6><x7>1.914E-03</x7><x8>4.926E-04</x8><x9>2.024E-05</x9><x10>866.8</x10></dataPoint>
        <dataPoint><x1>0.334</x1><x2>1.945E-03</x2><x3>9.186E-04</x3><x4>8.098E-05</x4><x5>1.355E-03</x5><x6>7.053E-04</x6><x7>2.290E-03</x7><x8>4.857E-04</x8><x9>2.406E-05</x9><x10>868.6</x10></dataPoint>
        <dataPoint><x1>0.378</x1><x2>1.681E-03</x2><x3>7.160E-04</x3><x4>9.523E-05</x4><x5>1.630E-03</x5><x6>8.379E-04</x6><x7>2.656E-03</x7><x8>4.552E-04</x8><x9>2.745E-05</x9><x10>871.9</x10></dataPoint>
        <dataPoint><x1>0.422</x1><x2>1.407E-03</x2><x3>4.930E-04</x3><x4>1.095E-04</x4><x5>1.946E-03</x5><x6>1.021E-03</x6><x7>3.104E-03</x7><x8>4.059E-04</x8><x9>3.099E-05</x9><x10>874.5</x10></dataPoint>
        <dataPoint><x1>0.467</x1><x2>1.164E-03</x2><x3>3.006E-04</x3><x4>1.167E-04</x4><x5>2.231E-03</x5><x6>1.235E-03</x6><x7>3.470E-03</x7><x8>3.449E-04</x8><x9>3.495E-05</x9><x10>877.0</x10></dataPoint>
        <dataPoint><x1>0.510</x1><x2>1.022E-03</x2><x3>1.995E-04</x3><x4>1.262E-04</x4><x5>2.414E-03</x5><x6>1.429E-03</x6><x7>3.755E-03</x7><x8>3.050E-04</x8><x9>3.807E-05</x9><x10>877.6</x10></dataPoint>
        <dataPoint><x1>0.554</x1><x2>8.097E-04</x2><x3>9.847E-05</x3><x4>1.428E-04</x4><x5>2.649E-03</x5><x6>1.622E-03</x6><x7>4.071E-03</x7><x8>2.322E-04</x8><x9>4.287E-05</x9><x10>878.8</x10></dataPoint>
        <dataPoint><x1>0.599</x1><x2>6.985E-04</x2><x3>3.809E-05</x3><x4>1.547E-04</x4><x5>2.771E-03</x5><x6>1.826E-03</x6><x7>4.275E-03</x7><x8>1.876E-04</x8><x9>4.472E-05</x9><x10>878.5</x10></dataPoint>
        <dataPoint><x1>0.642</x1><x2>6.178E-04</x2><x3>0.000E+00</x3><x4>1.595E-04</x4><x5>2.894E-03</x5><x6>1.969E-03</x6><x7>4.367E-03</x7><x8>1.619E-04</x8><x9>4.656E-05</x9><x10>878.8</x10></dataPoint>
        <dataPoint><x1>0.688</x1><x2>5.777E-04</x2><x3>0.000E+00</x3><x4>1.667E-04</x4><x5>2.945E-03</x5><x6>2.010E-03</x6><x7>4.438E-03</x7><x8>1.361E-04</x8><x9>4.615E-05</x9><x10>879.2</x10></dataPoint>
        <dataPoint><x1>0.733</x1><x2>5.681E-04</x2><x3>0.000E+00</x3><x4>1.786E-04</x4><x5>2.956E-03</x5><x6>2.112E-03</x6><x7>4.459E-03</x7><x8>1.316E-04</x8><x9>4.601E-05</x9><x10>879.7</x10></dataPoint>
    </dataGroup>
    <timeshift target="CH3OH" type="half decrease"/>
</experiment>
