<experiment>
    <fileAuthor>Chemical Kinetics Laboratory, Institute of Chemistry, ELTE, Budapest, Hungary</fileAuthor>
    <fileDOI>10.24388/x30002039_x</fileDOI>
    <fileVersion>
        <major>1</major>
        <minor>0</minor>
    </fileVersion>
    <ReSpecThVersion>
        <major>2</major>
        <minor>3</minor>
    </ReSpecThVersion>
    <firstPublicationDate>2016-12-05</firstPublicationDate>
    <lastModificationDate>2020-11-18</lastModificationDate>
    <bibliographyLink>
        <description>T.J. Held, The Oxidation of Methanol, Isobutene and Methyl Tertiary-Butyl Ether, Ph.D. Thesis, Princeton University (1993)</description>
        <location>Main article</location>
        <figure>Fig. 4.4</figure>
        <details>
            <author>Held, Timothy James</author>
            <school>Princeton University</school>
            <title>The Oxidation of Methanol, Isobutene and Methyl tertiary-Butyl Ether</title>
            <type>Dissertation</type>
            <year>1993</year>
        </details>
    </bibliographyLink>
    <experimentType>concentration time profile measurement</experimentType>
    <apparatus>
        <kind>flow reactor</kind>
        <mode>laminar</mode>
    </apparatus>
    <commonProperties>
        <property name="pressure"                      label="P"  sourcetype="reported"  units="atm"           ><value>2.5</value></property>
        <property name="temperature"                   label="T"  sourcetype="reported"  units="K"             ><value>911</value></property>
        <property name="initial composition"           sourcetype="reported" >
            <component><speciesLink preferredKey="CH3OH"  CAS="67-56-1"    InChI="1S/CH4O/c1-2/h2H,1H3"  SMILES="CO"   chemName="methanol" /><amount units="mole fraction" >0.00333</amount></component>
            <component><speciesLink preferredKey="O2"     CAS="7782-44-7"  InChI="1S/O2/c1-2"            SMILES="O=O"  chemName="oxygen"   /><amount units="mole fraction" >0.00230</amount></component>
            <component><speciesLink preferredKey="N2"     CAS="7727-37-9"  InChI="1S/N2/c1-2"            SMILES="N#N"  chemName="nitrogen" /><amount units="mole fraction" >0.99437</amount></component>
        </property>
        <property name="evaluated standard deviation"  sourcetype="reported"  units="mole faction"   reference="composition"  kind="absolute"  method="reported uncertainty" >
            <speciesLink preferredKey="O2"     CAS="7782-44-7"  InChI="1S/O2/c1-2"                   SMILES="O=O"        chemName="oxygen"          />
            <value>0.00019</value>
        </property>
        <property name="evaluated standard deviation"  sourcetype="reported"  units="mole faction"   reference="composition"  kind="absolute"  method="reported uncertainty" >
            <speciesLink preferredKey="H2"     CAS="1333-74-0"  InChI="1S/H2/h1H"                    SMILES="[HH]"       chemName="hydrogen"        />
            <value>0.000213</value>
        </property>
        <property name="evaluated standard deviation"  sourcetype="reported"  units="mole faction"   reference="composition"  kind="absolute"  method="reported uncertainty" >
            <speciesLink preferredKey="H2O"    CAS="7732-18-5"  InChI="1S/H2O/h1H2"                  SMILES="O"          chemName="water"           />
            <value>0.000375</value>
        </property>
        <property name="evaluated standard deviation"  sourcetype="reported"  units="mole faction"   reference="composition"  kind="absolute"  method="reported uncertainty" >
            <speciesLink preferredKey="CO"     CAS="630-08-0"   InChI="1S/CO/c1-2"                   SMILES="[C-]#[O+]"  chemName="carbon monoxide" />
            <value>0.000237</value>
        </property>
        <property name="evaluated standard deviation"  sourcetype="reported"  units="mole faction"   reference="composition"  kind="absolute"  method="reported uncertainty" >
            <speciesLink preferredKey="CO2"    CAS="124-38-9"   InChI="1S/CO2/c2-1-3"                SMILES="C(=O)=O"    chemName="carbon dioxide"  />
            <value>2.3e-5</value>
        </property>
        <property name="evaluated standard deviation"  sourcetype="reported"  units="mole faction"   reference="composition"  kind="absolute"  method="reported uncertainty" >
            <speciesLink preferredKey="CH2O"   CAS="50-00-0"    InChI="1S/CH2O/c1-2/h1H2"            SMILES="C=O"        chemName="formaldehyde"    />
            <value>5.63e-5</value>
        </property>
        <property name="evaluated standard deviation"  sourcetype="reported"  units="mole faction"   reference="composition"  kind="absolute"  method="reported uncertainty" >
            <speciesLink preferredKey="CH3OH"  CAS="67-56-1"    InChI="1S/CH4O/c1-2/h2H,1H3"         SMILES="CO"         chemName="methanol"        />
            <value>0.000267</value>
        </property>
        <property name="evaluated standard deviation"  sourcetype="reported"  units="mole faction"   reference="composition"  kind="absolute"  method="reported uncertainty" >
            <speciesLink preferredKey="HCOOH"  CAS="64-18-6"    InChI="1S/CH2O2/c2-1-3/h1H,(H,2,3)"  SMILES="[H]C(O)=O"  chemName="formic acide"    />
            <value>2.92e-6</value>
        </property>
    </commonProperties>
    <dataGroup id="dg1">
        <property name="time"         id="x1"   label="t"        sourcetype="digitized"  units="s"             />
        <property name="composition"  id="x2"   label="[CH3OH]"  sourcetype="digitized"  units="mole fraction" >
            <speciesLink preferredKey="CH3OH"  CAS="67-56-1"    InChI="1S/CH4O/c1-2/h2H,1H3"         SMILES="CO"         chemName="methanol"        />
        </property>
        <property name="composition"  id="x3"   label="[O2]"     sourcetype="digitized"  units="mole fraction" >
            <speciesLink preferredKey="O2"     CAS="7782-44-7"  InChI="1S/O2/c1-2"                   SMILES="O=O"        chemName="oxygen"          />
        </property>
        <property name="composition"  id="x4"   label="[CO2]"    sourcetype="digitized"  units="mole fraction" >
            <speciesLink preferredKey="CO2"    CAS="124-38-9"   InChI="1S/CO2/c2-1-3"                SMILES="C(=O)=O"    chemName="carbon dioxide"  />
        </property>
        <property name="composition"  id="x5"   label="[CO]"     sourcetype="digitized"  units="mole fraction" >
            <speciesLink preferredKey="CO"     CAS="630-08-0"   InChI="1S/CO/c1-2"                   SMILES="[C-]#[O+]"  chemName="carbon monoxide" />
        </property>
        <property name="composition"  id="x6"   label="[H2]"     sourcetype="digitized"  units="mole fraction" >
            <speciesLink preferredKey="H2"     CAS="1333-74-0"  InChI="1S/H2/h1H"                    SMILES="[HH]"       chemName="hydrogen"        />
        </property>
        <property name="composition"  id="x7"   label="[H2O]"    sourcetype="digitized"  units="mole fraction" >
            <speciesLink preferredKey="H2O"    CAS="7732-18-5"  InChI="1S/H2O/h1H2"                  SMILES="O"          chemName="water"           />
        </property>
        <property name="composition"  id="x8"   label="[CH2O]"   sourcetype="digitized"  units="mole fraction" >
            <speciesLink preferredKey="CH2O"   CAS="50-00-0"    InChI="1S/CH2O/c1-2/h1H2"            SMILES="C=O"        chemName="formaldehyde"    />
        </property>
        <property name="composition"  id="x9"   label="[HCOOH]"  sourcetype="digitized"  units="mole fraction" >
            <speciesLink preferredKey="HCOOH"  CAS="64-18-6"    InChI="1S/CH2O2/c2-1-3/h1H,(H,2,3)"  SMILES="[H]C(O)=O"  chemName="formic acide"    />
        </property>
        <property name="temperature"  id="x10"  label="T"        sourcetype="digitized"  units="K"             />

        <dataPoint><x1>0.017</x1><x2>2.670E-03</x2><x3>1.895E-03</x3><x4>8.451E-05</x4><x5>6.114E-05</x5><x6>1.528E-04</x6><x7>7.132E-04</x7><x8>4.836E-04</x8><x9>2.535E-06</x9><x10>915.7</x10></dataPoint>
        <dataPoint><x1>0.024</x1><x2>2.598E-03</x2><x3>1.875E-03</x3><x4>9.859E-05</x4><x5>9.170E-05</x5><x6>1.630E-04</x6><x7>7.744E-04</x7><x8>5.305E-04</x8><x9>2.676E-06</x9><x10>916.5</x10></dataPoint>
        <dataPoint><x1>0.032</x1><x2>2.547E-03</x2><x3>1.824E-03</x3><x4>1.080E-04</x4><x5>1.121E-04</x5><x6>1.834E-04</x6><x7>8.253E-04</x7><x8>5.423E-04</x8><x9>2.817E-06</x9><x10>917.9</x10></dataPoint>
        <dataPoint><x1>0.043</x1><x2>2.405E-03</x2><x3>1.661E-03</x3><x4>1.268E-04</x4><x5>2.140E-04</x5><x6>2.445E-04</x6><x7>9.170E-04</x7><x8>5.634E-04</x8><x9>3.803E-06</x9><x10>917.2</x10></dataPoint>
        <dataPoint><x1>0.057</x1><x2>2.140E-03</x2><x3>1.457E-03</x3><x4>1.432E-04</x4><x5>4.076E-04</x5><x6>3.770E-04</x6><x7>1.172E-03</x7><x8>5.446E-04</x8><x9>7.042E-06</x9><x10>917.2</x10></dataPoint>
        <dataPoint><x1>0.075</x1><x2>1.987E-03</x2><x3>1.345E-03</x3><x4>1.502E-04</x4><x5>5.706E-04</x5><x6>4.993E-04</x6><x7>1.355E-03</x7><x8>5.258E-04</x8><x9>9.859E-06</x9><x10>917.1</x10></dataPoint>
        <dataPoint><x1>0.094</x1><x2>1.819E-03</x2><x3>1.213E-03</x3><x4>1.549E-04</x4><x5>7.234E-04</x5><x6>6.215E-04</x6><x7>1.569E-03</x7><x8>5.012E-04</x8><x9>1.254E-05</x9><x10>920.8</x10></dataPoint>
        <dataPoint><x1>0.115</x1><x2>1.651E-03</x2><x3>1.111E-03</x3><x4>1.596E-04</x4><x5>9.068E-04</x5><x6>7.642E-04</x6><x7>1.783E-03</x7><x8>4.765E-04</x8><x9>1.521E-05</x9><x10>921.6</x10></dataPoint>
        <dataPoint><x1>0.136</x1><x2>1.488E-03</x2><x3>9.884E-04</x3><x4>1.690E-04</x4><x5>1.121E-03</x5><x6>9.068E-04</x6><x7>2.048E-03</x7><x8>4.460E-04</x8><x9>1.761E-05</x9><x10>923.2</x10></dataPoint>
        <dataPoint><x1>0.157</x1><x2>1.355E-03</x2><x3>8.355E-04</x3><x4>1.714E-04</x4><x5>1.263E-03</x5><x6>1.049E-03</x6><x7>2.211E-03</x7><x8>4.202E-04</x8><x9>1.958E-05</x9><x10>923.0</x10></dataPoint>
        <dataPoint><x1>0.177</x1><x2>1.141E-03</x2><x3>7.031E-04</x3><x4>1.831E-04</x4><x5>1.508E-03</x5><x6>1.233E-03</x6><x7>2.537E-03</x7><x8>3.732E-04</x8><x9>2.239E-05</x9><x10>925.9</x10></dataPoint>
        <dataPoint><x1>0.199</x1><x2>1.049E-03</x2><x3>6.114E-04</x3><x4>1.854E-04</x4><x5>1.630E-03</x5><x6>1.376E-03</x6><x7>2.670E-03</x7><x8>3.474E-04</x8><x9>2.366E-05</x9><x10>925.1</x10></dataPoint>
        <dataPoint><x1>0.220</x1><x2>9.068E-04</x2><x3>5.197E-04</x3><x4>1.925E-04</x4><x5>1.803E-03</x5><x6>1.508E-03</x6><x7>2.904E-03</x7><x8>3.075E-04</x8><x9>2.521E-05</x9><x10>925.9</x10></dataPoint>
        <dataPoint><x1>0.240</x1><x2>8.049E-04</x2><x3>4.891E-04</x3><x4>1.995E-04</x4><x5>1.916E-03</x5><x6>1.569E-03</x6><x7>3.108E-03</x7><x8>2.770E-04</x8><x9>2.634E-05</x9><x10>926.4</x10></dataPoint>
        <dataPoint><x1>0.261</x1><x2>6.827E-04</x2><x3>4.076E-04</x3><x4>2.066E-04</x4><x5>2.079E-03</x5><x6>1.753E-03</x6><x7>3.301E-03</x7><x8>2.347E-04</x8><x9>2.746E-05</x9><x10>927.1</x10></dataPoint>
        <dataPoint><x1>0.282</x1><x2>6.215E-04</x2><x3>3.261E-04</x3><x4>2.066E-04</x4><x5>2.119E-03</x5><x6>1.865E-03</x6><x7>3.393E-03</x7><x8>2.160E-04</x8><x9>2.859E-05</x9><x10>926.2</x10></dataPoint>
        <dataPoint><x1>0.303</x1><x2>5.400E-04</x2><x3>2.853E-04</x3><x4>2.160E-04</x4><x5>2.231E-03</x5><x6>1.956E-03</x6><x7>3.525E-03</x7><x8>1.784E-04</x8><x9>2.915E-05</x9><x10>928.3</x10></dataPoint>
        <dataPoint><x1>0.325</x1><x2>4.789E-04</x2><x3>2.751E-04</x3><x4>2.230E-04</x4><x5>2.313E-03</x5><x6>2.079E-03</x6><x7>3.658E-03</x7><x8>1.596E-04</x8><x9>2.789E-05</x9><x10>928.3</x10></dataPoint>
        <dataPoint><x1>0.346</x1><x2>4.279E-04</x2><x3>2.445E-04</x3><x4>2.300E-04</x4><x5>2.374E-03</x5><x6>2.130E-03</x6><x7>3.750E-03</x7><x8>1.408E-04</x8><x9>2.831E-05</x9><x10>929.4</x10></dataPoint>
    </dataGroup>
    <timeshift target="CH3OH" type="half decrease"/>
</experiment>
