<experiment>
    <fileAuthor>Chemical Kinetics Laboratory, Institute of Chemistry, ELTE, Budapest, Hungary</fileAuthor>
    <fileDOI>10.24388/x30002001</fileDOI>
    <fileVersion>
        <major>1</major>
        <minor>0</minor>
    </fileVersion>
    <ReSpecThVersion>
        <major>2</major>
        <minor>3</minor>
    </ReSpecThVersion>
    <firstPublicationDate>2016-12-05</firstPublicationDate>
    <lastModificationDate>2020-11-18</lastModificationDate>
    <bibliographyLink>
        <description>M.U. Alzueta, R. Bilbao, M. Finestra, Energy and Fuels 15 (2001), 724-729</description>
        <referenceDOI>10.1021/ef0002602</referenceDOI>
        <location>Main article</location>
        <figure>Figs. 2-4, open circle, phi=0.61</figure>
        <details>
            <author>Alzueta, M U and Bilbao, R and Finestra, M</author>
            <journal>Energy Fuels</journal>
            <number>3</number>
            <pages>724--729</pages>
            <title>Methanol oxidation and its interaction with nitric oxide</title>
            <volume>15</volume>
            <year>2001</year>
        </details>
    </bibliographyLink>
    <experimentType>outlet concentration measurement</experimentType>
    <apparatus>
        <kind>flow reactor</kind>
        <mode>laminar</mode>
    </apparatus>
    <commonProperties>
        <property name="pressure"                      label="P"  sourcetype="reported"   units="atm"           ><value>1</value></property>
        <property name="initial composition"           sourcetype="reported"  >
            <component><speciesLink preferredKey="CH3OH"  CAS="67-56-1"    InChI="1S/CH4O/c1-2/h2H,1H3"  SMILES="CO"   chemName="methanol" /><amount units="mole fraction" >0.000225</amount></component>
            <component><speciesLink preferredKey="O2"     CAS="7782-44-7"  InChI="1S/O2/c1-2"            SMILES="O=O"  chemName="oxygen"   /><amount units="mole fraction" >0.000206</amount></component>
            <component><speciesLink preferredKey="H2O"    CAS="7732-18-5"  InChI="1S/H2O/h1H2"           SMILES="O"    chemName="water"    /><amount units="mole fraction" >0.017500</amount></component>
            <component><speciesLink preferredKey="N2"     CAS="7727-37-9"  InChI="1S/N2/c1-2"            SMILES="N#N"  chemName="nitrogen" /><amount units="mole fraction" >0.982069</amount></component>
        </property>
        <property name="evaluated standard deviation"  sourcetype="estimated"  units="mole faction"   reference="composition"  kind="absolute"  method="statistical scatter" >
            <speciesLink preferredKey="CO"     CAS="630-08-0"   InChI="1S/CO/c1-2"            SMILES="[C-]#[O+]"  chemName="carbon monoxide" />
            <value>5.41e-5</value>
        </property>
        <property name="evaluated standard deviation"  sourcetype="estimated"  units="mole faction"   reference="composition"  kind="absolute"  method="statistical scatter" >
            <speciesLink preferredKey="CO2"    CAS="124-38-9"   InChI="1S/CO2/c2-1-3"         SMILES="C(=O)=O"    chemName="carbon dioxide"  />
            <value>3.36e-5</value>
        </property>
        <property name="evaluated standard deviation"  sourcetype="estimated"  units="mole faction"   reference="composition"  kind="absolute"  method="statistical scatter" >
            <speciesLink preferredKey="CH3OH"  CAS="67-56-1"    InChI="1S/CH4O/c1-2/h2H,1H3"  SMILES="CO"         chemName="methanol"        />
            <value>1.77e-5</value>
        </property>
    </commonProperties>
    <dataGroup id="dg1">
        <property name="temperature"     id="x1"   label="T"        sourcetype="digitized"   units="K"             />
        <property name="residence time"  id="x2"   label="tau"      sourcetype="calculated"  units="s"             />
        <property name="composition"     id="x3"   label="[CH3OH]"  sourcetype="digitized"   units="mole fraction" >
            <speciesLink preferredKey="CH3OH"  CAS="67-56-1"   InChI="1S/CH4O/c1-2/h2H,1H3"  SMILES="CO"         chemName="methanol"        />
        </property>
        <property name="composition"     id="x4"   label="[CO]"     sourcetype="digitized"   units="mole fraction" >
            <speciesLink preferredKey="CO"     CAS="630-08-0"  InChI="1S/CO/c1-2"            SMILES="[C-]#[O+]"  chemName="carbon monoxide" />
        </property>
        <property name="composition"     id="x5"   label="[CO2]"    sourcetype="digitized"   units="mole fraction" >
            <speciesLink preferredKey="CO2"    CAS="124-38-9"  InChI="1S/CO2/c2-1-3"         SMILES="C(=O)=O"    chemName="carbon dioxide"  />
        </property>

        <dataPoint><x1>0800</x1><x2>0.223750</x2><x3>2.25e-04</x3><x4>0.00e+00</x4><x5>0.00e+00</x5></dataPoint>
        <dataPoint><x1>1046</x1><x2>0.171128</x2><x3>2.13e-04</x3><x4>0.00e+00</x4><x5>0.00e+00</x5></dataPoint>
        <dataPoint><x1>1093</x1><x2>0.163769</x2><x3>1.07e-04</x3><x4>8.30e-05</x4><x5>9.00e-06</x5></dataPoint>
        <dataPoint><x1>1108</x1><x2>0.161552</x2><x3>4.20e-05</x3><x4>2.37e-04</x4><x5>1.50e-05</x5></dataPoint>
        <dataPoint><x1>1118</x1><x2>0.160107</x2><x3>1.80e-05</x3><x4>1.48e-04</x4><x5>7.50e-05</x5></dataPoint>
        <dataPoint><x1>1140</x1><x2>0.157018</x2><x3>6.00e-06</x3><x4>7.70e-05</x4><x5>1.33e-04</x5></dataPoint>
        <dataPoint><x1>1190</x1><x2>0.150420</x2><x3>7.00e-06</x3><x4>2.30e-05</x4><x5>2.06e-04</x5></dataPoint>
        <dataPoint><x1>1244</x1><x2>0.143891</x2><x3>7.00e-06</x3><x4>9.00e-06</x4><x5>2.13e-04</x5></dataPoint>
        <dataPoint><x1>1291</x1><x2>0.138652</x2><x3>7.00e-06</x3><x4>5.00e-06</x4><x5>2.20e-04</x5></dataPoint>
        <dataPoint><x1>1392</x1><x2>0.128592</x2><x3>0.00e+00</x3><x4>2.00e-06</x4><x5>2.20e-04</x5></dataPoint>
        <dataPoint><x1>1443</x1><x2>0.124047</x2><x3>0.00e+00</x3><x4>0.00e+00</x4><x5>2.20e-04</x5></dataPoint>
    </dataGroup>
</experiment>
