<experiment>
    <fileAuthor>Chemical Kinetics Laboratory, Institute of Chemistry, ELTE, Budapest, Hungary</fileAuthor>
    <fileDOI>10.24388/x30002011</fileDOI>
    <fileVersion>
        <major>1</major>
        <minor>0</minor>
    </fileVersion>
    <ReSpecThVersion>
        <major>2</major>
        <minor>3</minor>
    </ReSpecThVersion>
    <firstPublicationDate>2016-12-05</firstPublicationDate>
    <lastModificationDate>2020-11-18</lastModificationDate>
    <bibliographyLink>
        <description>C.L. Rasmussen, K.H. Wassard, K. Dam-Johansen, P. Glarborg, Int. J. Chem. Kinet. 40 (2008), 423-441</description>
        <referenceDOI>10.1002/kin.20323</referenceDOI>
        <location>Main article</location>
        <figure>Fig. 1, set 3a, 8% O2</figure>
        <details>
            <author>Rasmussen, Christian Lund and Wassard, Karin Hedebo and Dam-Johansen, Kim and Glarborg, Peter</author>
            <journal>Int J Chem Kinet</journal>
            <pages>423--441</pages>
            <title>Methanol Oxidation in a Flow Reactor: Implications for the Branching Ratio of the CH$_{3}$OH+OH Reaction</title>
            <volume>40</volume>
            <year>2008</year>
        </details>
    </bibliographyLink>
    <experimentType>outlet concentration measurement</experimentType>
    <apparatus>
        <kind>flow reactor</kind>
        <mode>laminar</mode>
    </apparatus>
    <commonProperties>
        <property name="pressure"                      label="P"  sourcetype="reported"   units="atm"           ><value>1.05</value></property>
        <property name="initial composition"           sourcetype="reported"  >
            <component><speciesLink preferredKey="CH3OH"  CAS="67-56-1"    InChI="1S/CH4O/c1-2/h2H,1H3"  SMILES="CO"   chemName="methanol" /><amount units="mole fraction" >0.000477</amount></component>
            <component><speciesLink preferredKey="O2"     CAS="7782-44-7"  InChI="1S/O2/c1-2"            SMILES="O=O"  chemName="oxygen"   /><amount units="mole fraction" >0.081000</amount></component>
            <component><speciesLink preferredKey="H2O"    CAS="7732-18-5"  InChI="1S/H2O/h1H2"           SMILES="O"    chemName="water"    /><amount units="mole fraction" >0.007000</amount></component>
            <component><speciesLink preferredKey="N2"     CAS="7727-37-9"  InChI="1S/N2/c1-2"            SMILES="N#N"  chemName="nitrogen" /><amount units="mole fraction" >0.911523</amount></component>
        </property>
        <property name="evaluated standard deviation"  sourcetype="estimated"  units="mole faction"   reference="composition"  kind="absolute"  method="statistical scatter" >
            <speciesLink preferredKey="CO"     CAS="630-08-0"   InChI="1S/CO/c1-2"            SMILES="[C-]#[O+]"  chemName="carbon monoxide" />
            <value>0.000101</value>
        </property>
        <property name="evaluated standard deviation"  sourcetype="estimated"  units="mole faction"   reference="composition"  kind="absolute"  method="statistical scatter" >
            <speciesLink preferredKey="CO2"    CAS="124-38-9"   InChI="1S/CO2/c2-1-3"         SMILES="C(=O)=O"    chemName="carbon dioxide"  />
            <value>9.29e-5</value>
        </property>
    </commonProperties>
    <dataGroup id="dg1">
        <property name="temperature"     id="x1"   label="T"      sourcetype="digitized"  units="K"             />
        <property name="residence time"  id="x2"   label="tau"    sourcetype="digitized"  units="s"             />
        <property name="composition"     id="x3"   label="[CO]"   sourcetype="digitized"  units="mole fraction" >
            <speciesLink preferredKey="CO"   CAS="630-08-0"  InChI="1S/CO/c1-2"     SMILES="[C-]#[O+]"  chemName="carbon monoxide" />
        </property>
        <property name="composition"     id="x4"   label="[CO2]"  sourcetype="digitized"  units="mole fraction" >
            <speciesLink preferredKey="CO2"  CAS="124-38-9"  InChI="1S/CO2/c2-1-3"  SMILES="C(=O)=O"    chemName="carbon dioxide"  />
        </property>

        <dataPoint><x1>0987.2</x1><x2>0.080024</x2><x3>2.190E-05</x3><x4>0.000E+00</x4></dataPoint>
        <dataPoint><x1>1022.7</x1><x2>0.077247</x2><x3>5.427E-05</x3><x4>0.000E+00</x4></dataPoint>
        <dataPoint><x1>1060.4</x1><x2>0.074500</x2><x3>1.143E-04</x3><x4>0.000E+00</x4></dataPoint>
        <dataPoint><x1>1096.8</x1><x2>0.072028</x2><x3>3.428E-04</x3><x4>1.428E-05</x4></dataPoint>
        <dataPoint><x1>1135.3</x1><x2>0.069585</x2><x3>1.152E-04</x3><x4>3.618E-04</x4></dataPoint>
        <dataPoint><x1>1172.2</x1><x2>0.067395</x2><x3>4.760E-05</x3><x4>4.237E-04</x4></dataPoint>
        <dataPoint><x1>1209.0</x1><x2>0.065343</x2><x3>3.237E-05</x3><x4>4.389E-04</x4></dataPoint>
        <dataPoint><x1>1244.5</x1><x2>0.063479</x2><x3>2.095E-05</x3><x4>4.484E-04</x4></dataPoint>
    </dataGroup>
</experiment>
