<experiment>
    <fileAuthor>Chemical Kinetics Laboratory, Institute of Chemistry, ELTE, Budapest, Hungary</fileAuthor>
    <fileDOI>10.24388/x30002035</fileDOI>
    <fileVersion>
        <major>1</major>
        <minor>0</minor>
    </fileVersion>
    <ReSpecThVersion>
        <major>2</major>
        <minor>3</minor>
    </ReSpecThVersion>
    <firstPublicationDate>2016-12-05</firstPublicationDate>
    <lastModificationDate>2020-11-18</lastModificationDate>
    <bibliographyLink>
        <description>T.J. Held, F.L. Dryer, Int. J. Chem. Kinet. 30 (1998), 805-830</description>
        <referenceDOI>10.1002/(SICI)1097-4601(1998)30:11%3C805::AID-KIN4%3E3.0.CO;2-Z</referenceDOI>
        <location>Main article</location>
        <figure>Fig. 14</figure>
        <details>
            <author>Held, Timothy J and Dryer, Frederick L</author>
            <journal>Int J Chem Kinet</journal>
            <number>11</number>
            <pages>805--830</pages>
            <title>A Comprehensive Mechanism for Methanol Oxidation</title>
            <volume>30</volume>
            <year>1998</year>
        </details>
    </bibliographyLink>
    <experimentType>concentration time profile measurement</experimentType>
    <apparatus>
        <kind>flow reactor</kind>
        <mode>laminar</mode>
    </apparatus>
    <commonProperties>
        <property name="pressure"                      label="P"  sourcetype="reported"  units="atm"           ><value>10</value></property>
        <property name="temperature"                   label="T"  sourcetype="reported"  units="K"             ><value>810</value></property>
        <property name="initial composition"           sourcetype="reported" >
            <component><speciesLink preferredKey="CH3OH"  CAS="67-56-1"    InChI="1S/CH4O/c1-2/h2H,1H3"  SMILES="CO"   chemName="methanol" /><amount units="mole fraction" >0.00415</amount></component>
            <component><speciesLink preferredKey="O2"     CAS="7782-44-7"  InChI="1S/O2/c1-2"            SMILES="O=O"  chemName="oxygen"   /><amount units="mole fraction" >0.00600</amount></component>
            <component><speciesLink preferredKey="N2"     CAS="7727-37-9"  InChI="1S/N2/c1-2"            SMILES="N#N"  chemName="nitrogen" /><amount units="mole fraction" >0.98985</amount></component>
        </property>
        <property name="evaluated standard deviation"  sourcetype="reported"  units="mole faction"   reference="composition"  kind="absolute"  method="reported uncertainty" >
            <speciesLink preferredKey="O2"     CAS="7782-44-7"  InChI="1S/O2/c1-2"                   SMILES="O=O"        chemName="oxygen"          />
            <value>0.00147</value>
        </property>
        <property name="evaluated standard deviation"  sourcetype="reported"  units="mole faction"   reference="composition"  kind="absolute"  method="reported uncertainty" >
            <speciesLink preferredKey="H2"     CAS="1333-74-0"  InChI="1S/H2/h1H"                    SMILES="[HH]"       chemName="hydrogen"        />
            <value>3.18e-5</value>
        </property>
        <property name="evaluated standard deviation"  sourcetype="reported"  units="mole faction"   reference="composition"  kind="absolute"  method="reported uncertainty" >
            <speciesLink preferredKey="H2O"    CAS="7732-18-5"  InChI="1S/H2O/h1H2"                  SMILES="O"          chemName="water"           />
            <value>0.000861</value>
        </property>
        <property name="evaluated standard deviation"  sourcetype="reported"  units="mole faction"   reference="composition"  kind="absolute"  method="reported uncertainty" >
            <speciesLink preferredKey="CO"     CAS="630-08-0"   InChI="1S/CO/c1-2"                   SMILES="[C-]#[O+]"  chemName="carbon monoxide" />
            <value>0.000317</value>
        </property>
        <property name="evaluated standard deviation"  sourcetype="reported"  units="mole faction"   reference="composition"  kind="absolute"  method="reported uncertainty" >
            <speciesLink preferredKey="CO2"    CAS="124-38-9"   InChI="1S/CO2/c2-1-3"                SMILES="C(=O)=O"    chemName="carbon dioxide"  />
            <value>0.000108</value>
        </property>
        <property name="evaluated standard deviation"  sourcetype="reported"  units="mole faction"   reference="composition"  kind="absolute"  method="reported uncertainty" >
            <speciesLink preferredKey="CH2O"   CAS="50-00-0"    InChI="1S/CH2O/c1-2/h1H2"            SMILES="C=O"        chemName="formaldehyde"    />
            <value>5.22e-5</value>
        </property>
        <property name="evaluated standard deviation"  sourcetype="reported"  units="mole faction"   reference="composition"  kind="absolute"  method="reported uncertainty" >
            <speciesLink preferredKey="CH3OH"  CAS="67-56-1"    InChI="1S/CH4O/c1-2/h2H,1H3"         SMILES="CO"         chemName="methanol"        />
            <value>0.000385</value>
        </property>
        <property name="evaluated standard deviation"  sourcetype="reported"  units="mole faction"   reference="composition"  kind="absolute"  method="reported uncertainty" >
            <speciesLink preferredKey="HCOOH"  CAS="64-18-6"    InChI="1S/CH2O2/c2-1-3/h1H,(H,2,3)"  SMILES="[H]C(O)=O"  chemName="formic acide"    />
            <value>3.48e-6</value>
        </property>
    </commonProperties>
    <dataGroup id="dg1">
        <property name="time"         id="x1"   label="t"        sourcetype="digitized"  units="s"             />
        <property name="composition"  id="x2"   label="[CH3OH]"  sourcetype="digitized"  units="mole fraction" >
            <speciesLink preferredKey="CH3OH"  CAS="67-56-1"    InChI="1S/CH4O/c1-2/h2H,1H3"         SMILES="CO"         chemName="methanol"        />
        </property>
        <property name="composition"  id="x3"   label="[O2]"     sourcetype="digitized"  units="mole fraction" >
            <speciesLink preferredKey="O2"     CAS="7782-44-7"  InChI="1S/O2/c1-2"                   SMILES="O=O"        chemName="oxygen"          />
        </property>
        <property name="composition"  id="x4"   label="[CO2]"    sourcetype="digitized"  units="mole fraction" >
            <speciesLink preferredKey="CO2"    CAS="124-38-9"   InChI="1S/CO2/c2-1-3"                SMILES="C(=O)=O"    chemName="carbon dioxide"  />
        </property>
        <property name="composition"  id="x5"   label="[CO]"     sourcetype="digitized"  units="mole fraction" >
            <speciesLink preferredKey="CO"     CAS="630-08-0"   InChI="1S/CO/c1-2"                   SMILES="[C-]#[O+]"  chemName="carbon monoxide" />
        </property>
        <property name="composition"  id="x6"   label="[H2]"     sourcetype="digitized"  units="mole fraction" >
            <speciesLink preferredKey="H2"     CAS="1333-74-0"  InChI="1S/H2/h1H"                    SMILES="[HH]"       chemName="hydrogen"        />
        </property>
        <property name="composition"  id="x7"   label="[H2O]"    sourcetype="digitized"  units="mole fraction" >
            <speciesLink preferredKey="H2O"    CAS="7732-18-5"  InChI="1S/H2O/h1H2"                  SMILES="O"          chemName="water"           />
        </property>
        <property name="composition"  id="x8"   label="[CH2O]"   sourcetype="digitized"  units="mole fraction" >
            <speciesLink preferredKey="CH2O"   CAS="50-00-0"    InChI="1S/CH2O/c1-2/h1H2"            SMILES="C=O"        chemName="formaldehyde"    />
        </property>
        <property name="composition"  id="x9"   label="[HCOOH]"  sourcetype="digitized"  units="mole fraction" >
            <speciesLink preferredKey="HCOOH"  CAS="64-18-6"    InChI="1S/CH2O2/c2-1-3/h1H,(H,2,3)"  SMILES="[H]C(O)=O"  chemName="formic acide"    />
        </property>
        <property name="temperature"  id="x10"  label="T"        sourcetype="digitized"  units="K"             />

        <dataPoint><x1>0.088</x1><x2>3.851E-03</x2><x3>4.877E-03</x3><x4>5.220E-05</x4><x5>9.127E-05</x5><x6>3.734E-05</x6><x7>5.750E-04</x7><x8>1.907E-04</x8><x9>1.444E-06</x9><x10>812.1</x10></dataPoint>
        <dataPoint><x1>0.116</x1><x2>3.765E-03</x2><x3>4.895E-03</x3><x4>3.703E-05</x4><x5>9.026E-05</x5><x6>6.957E-05</x6><x7>6.099E-04</x7><x8>2.263E-04</x8><x9>1.745E-06</x9><x10>813.7</x10></dataPoint>
        <dataPoint><x1>0.153</x1><x2>3.729E-03</x2><x3>4.876E-03</x3><x4>6.924E-05</x4><x5>8.897E-05</x5><x6>6.913E-05</x6><x7>6.771E-04</x7><x8>2.626E-04</x8><x9>2.106E-06</x9><x10>814.4</x10></dataPoint>
        <dataPoint><x1>0.205</x1><x2>3.714E-03</x2><x3>4.825E-03</x3><x4>6.864E-05</x4><x5>1.227E-04</x5><x6>6.851E-05</x6><x7>7.292E-04</x7><x8>3.167E-04</x8><x9>4.573E-06</x9><x10>814.8</x10></dataPoint>
        <dataPoint><x1>0.269</x1><x2>3.538E-03</x2><x3>4.825E-03</x3><x4>8.569E-05</x4><x5>2.062E-04</x5><x6>6.774E-05</x6><x7>8.816E-04</x7><x8>3.739E-04</x8><x9>9.507E-06</x9><x10>816.4</x10></dataPoint>
        <dataPoint><x1>0.347</x1><x2>3.416E-03</x2><x3>4.788E-03</x3><x4>1.026E-04</x4><x5>2.923E-04</x5><x6>8.459E-05</x6><x7>1.019E-03</x7><x8>4.207E-04</x8><x9>1.372E-05</x9><x10>816.8</x10></dataPoint>
        <dataPoint><x1>0.435</x1><x2>3.189E-03</x2><x3>4.683E-03</x3><x4>1.193E-04</x4><x5>4.787E-04</x5><x6>6.577E-05</x6><x7>1.277E-03</x7><x8>4.711E-04</x8><x9>1.937E-05</x9><x10>818.3</x10></dataPoint>
        <dataPoint><x1>0.527</x1><x2>2.858E-03</x2><x3>4.614E-03</x3><x4>1.538E-04</x4><x5>6.827E-04</x5><x6>1.002E-04</x6><x7>1.725E-03</x7><x8>5.074E-04</x8><x9>2.533E-05</x9><x10>820.3</x10></dataPoint>
        <dataPoint><x1>0.620</x1><x2>2.510E-03</x2><x3>4.491E-03</x3><x4>1.171E-04</x4><x5>9.902E-04</x5><x6>9.910E-05</x6><x7>2.363E-03</x7><x8>5.215E-04</x8><x9>3.099E-05</x9><x10>824.1</x10></dataPoint>
        <dataPoint><x1>0.714</x1><x2>2.161E-03</x2><x3>4.350E-03</x3><x4>1.665E-04</x4><x5>1.333E-03</x5><x6>1.661E-04</x6><x7>2.985E-03</x7><x8>5.141E-04</x8><x9>3.412E-05</x9><x10>829.6</x10></dataPoint>
        <dataPoint><x1>0.806</x1><x2>1.517E-03</x2><x3>4.159E-03</x3><x4>2.010E-04</x4><x5>1.973E-03</x5><x6>2.005E-04</x6><x7>4.386E-03</x7><x8>4.317E-04</x8><x9>3.484E-05</x9><x10>839.2</x10></dataPoint>
        <dataPoint><x1>0.898</x1><x2>9.568E-04</x2><x3>3.915E-03</x3><x4>2.859E-04</x4><x5>2.523E-03</x5><x6>2.676E-04</x6><x7>5.820E-03</x7><x8>3.093E-04</x8><x9>2.816E-05</x9><x10>846.9</x10></dataPoint>
        <dataPoint><x1>0.990</x1><x2>5.931E-04</x2><x3>3.774E-03</x3><x4>4.421E-04</x4><x5>2.916E-03</x5><x6>2.665E-04</x6><x7>6.839E-03</x7><x8>2.085E-04</x8><x9>2.076E-05</x9><x10>850.8</x10></dataPoint>
        <dataPoint><x1>1.081</x1><x2>2.951E-04</x2><x3>3.670E-03</x3><x4>6.132E-04</x4><x5>3.070E-03</x5><x6>3.009E-04</x6><x7>7.755E-03</x7><x8>1.113E-04</x8><x9>1.233E-05</x9><x10>857.0</x10></dataPoint>
        <dataPoint><x1>1.169</x1><x2>1.401E-04</x2><x3>3.565E-03</x3><x4>7.338E-04</x4><x5>3.171E-03</x5><x6>3.176E-04</x6><x7>8.203E-03</x7><x8>7.196E-05</x8><x9>7.762E-06</x9><x10>858.1</x10></dataPoint>
        <dataPoint><x1>1.261</x1><x2>6.855E-05</x2><x3>3.510E-03</x3><x4>8.365E-04</x4><x5>3.150E-03</x5><x6>2.810E-04</x6><x7>8.408E-03</x7><x8>4.674E-05</x8><x9>5.295E-06</x9><x10>858.9</x10></dataPoint>
        <dataPoint><x1>1.353</x1><x2>3.279E-05</x2><x3>3.509E-03</x3><x4>9.245E-04</x4><x5>3.096E-03</x5><x6>2.799E-04</x6><x7>8.581E-03</x7><x8>3.567E-05</x8><x9>3.851E-06</x9><x10>861.2</x10></dataPoint>
        <dataPoint><x1>1.444</x1><x2>3.279E-05</x2><x3>3.472E-03</x3><x4>1.027E-03</x4><x5>3.039E-03</x5><x6>2.788E-04</x6><x7>8.614E-03</x7><x8>2.891E-05</x8><x9>3.550E-06</x9><x10>861.6</x10></dataPoint>
        <dataPoint><x1>1.535</x1><x2>0.000E+00</x2><x3>3.471E-03</x3><x4>1.077E-03</x4><x5>3.004E-03</x5><x6>2.452E-04</x6><x7>8.612E-03</x7><x8>1.784E-05</x8><x9>3.550E-06</x9><x10>863.1</x10></dataPoint>
    </dataGroup>
    <timeshift target="CH3OH" type="half decrease"/>
</experiment>
