<experiment>
    <fileAuthor>Chemical Kinetics Laboratory, Institute of Chemistry, ELTE, Budapest, Hungary</fileAuthor>
    <fileDOI>10.24388/x30002036</fileDOI>
    <fileVersion>
        <major>1</major>
        <minor>0</minor>
    </fileVersion>
    <ReSpecThVersion>
        <major>2</major>
        <minor>3</minor>
    </ReSpecThVersion>
    <firstPublicationDate>2016-12-05</firstPublicationDate>
    <lastModificationDate>2020-11-18</lastModificationDate>
    <bibliographyLink>
        <description>T.J. Held, F.L. Dryer, Proc. Combust. Inst. 25 (1994) 901-908</description>
        <referenceDOI>10.1016/S0082-0784(06)80725-3</referenceDOI>
        <location>Main article</location>
        <figure>Fig. 4</figure>
        <details>
            <author>Held, T J and Dryer, F L</author>
            <journal>Symp (Int) Combust</journal>
            <number>1</number>
            <pages>901--908</pages>
            <title>An experimental and computational study of methanol oxidation in the intermediate- and high-temperature regimes</title>
            <volume>25</volume>
            <year>1994</year>
        </details>
    </bibliographyLink>
    <experimentType>concentration time profile measurement</experimentType>
    <apparatus>
        <kind>flow reactor</kind>
        <mode>laminar</mode>
    </apparatus>
    <commonProperties>
        <property name="pressure"                      label="P"  sourcetype="reported"  units="atm"           ><value>10</value></property>
        <property name="temperature"                   label="T"  sourcetype="reported"  units="K"             ><value>811</value></property>
        <property name="initial composition"           sourcetype="reported" >
            <component><speciesLink preferredKey="CH3OH"  CAS="67-56-1"    InChI="1S/CH4O/c1-2/h2H,1H3"  SMILES="CO"   chemName="methanol" /><amount units="mole fraction" >0.00415</amount></component>
            <component><speciesLink preferredKey="O2"     CAS="7782-44-7"  InChI="1S/O2/c1-2"            SMILES="O=O"  chemName="oxygen"   /><amount units="mole fraction" >0.00240</amount></component>
            <component><speciesLink preferredKey="N2"     CAS="7727-37-9"  InChI="1S/N2/c1-2"            SMILES="N#N"  chemName="nitrogen" /><amount units="mole fraction" >0.99345</amount></component>
        </property>
        <property name="evaluated standard deviation"  sourcetype="reported"  units="mole faction"   reference="composition"  kind="absolute"  method="reported uncertainty" >
            <speciesLink preferredKey="O2"     CAS="7782-44-7"  InChI="1S/O2/c1-2"                   SMILES="O=O"        chemName="oxygen"          />
            <value>0.000217</value>
        </property>
        <property name="evaluated standard deviation"  sourcetype="reported"  units="mole faction"   reference="composition"  kind="absolute"  method="reported uncertainty" >
            <speciesLink preferredKey="H2"     CAS="1333-74-0"  InChI="1S/H2/h1H"                    SMILES="[HH]"       chemName="hydrogen"        />
            <value>0.000242</value>
        </property>
        <property name="evaluated standard deviation"  sourcetype="reported"  units="mole faction"   reference="composition"  kind="absolute"  method="reported uncertainty" >
            <speciesLink preferredKey="H2O"    CAS="7732-18-5"  InChI="1S/H2O/h1H2"                  SMILES="O"          chemName="water"           />
            <value>0.000489</value>
        </property>
        <property name="evaluated standard deviation"  sourcetype="reported"  units="mole faction"   reference="composition"  kind="absolute"  method="reported uncertainty" >
            <speciesLink preferredKey="CO"     CAS="630-08-0"   InChI="1S/CO/c1-2"                   SMILES="[C-]#[O+]"  chemName="carbon monoxide" />
            <value>0.000254</value>
        </property>
        <property name="evaluated standard deviation"  sourcetype="reported"  units="mole faction"   reference="composition"  kind="absolute"  method="reported uncertainty" >
            <speciesLink preferredKey="CO2"    CAS="124-38-9"   InChI="1S/CO2/c2-1-3"                SMILES="C(=O)=O"    chemName="carbon dioxide"  />
            <value>2.11e-5</value>
        </property>
        <property name="evaluated standard deviation"  sourcetype="reported"  units="mole faction"   reference="composition"  kind="absolute"  method="reported uncertainty" >
            <speciesLink preferredKey="CH2O"   CAS="50-00-0"    InChI="1S/CH2O/c1-2/h1H2"            SMILES="C=O"        chemName="formaldehyde"    />
            <value>4.97e-5</value>
        </property>
        <property name="evaluated standard deviation"  sourcetype="reported"  units="mole faction"   reference="composition"  kind="absolute"  method="reported uncertainty" >
            <speciesLink preferredKey="CH3OH"  CAS="67-56-1"    InChI="1S/CH4O/c1-2/h2H,1H3"         SMILES="CO"         chemName="methanol"        />
            <value>0.000377</value>
        </property>
        <property name="evaluated standard deviation"  sourcetype="reported"  units="mole faction"   reference="composition"  kind="absolute"  method="reported uncertainty" >
            <speciesLink preferredKey="HCOOH"  CAS="64-18-6"    InChI="1S/CH2O2/c2-1-3/h1H,(H,2,3)"  SMILES="[H]C(O)=O"  chemName="formic acide"    />
            <value>3.01e-6</value>
        </property>
    </commonProperties>
    <dataGroup id="dg1">
        <property name="time"         id="x1"   label="t"        sourcetype="digitized"  units="s"             />
        <property name="composition"  id="x2"   label="[CH3OH]"  sourcetype="digitized"  units="mole fraction" >
            <speciesLink preferredKey="CH3OH"  CAS="67-56-1"    InChI="1S/CH4O/c1-2/h2H,1H3"         SMILES="CO"         chemName="methanol"        />
        </property>
        <property name="composition"  id="x3"   label="[O2]"     sourcetype="digitized"  units="mole fraction" >
            <speciesLink preferredKey="O2"     CAS="7782-44-7"  InChI="1S/O2/c1-2"                   SMILES="O=O"        chemName="oxygen"          />
        </property>
        <property name="composition"  id="x4"   label="[CO2]"    sourcetype="digitized"  units="mole fraction" >
            <speciesLink preferredKey="CO2"    CAS="124-38-9"   InChI="1S/CO2/c2-1-3"                SMILES="C(=O)=O"    chemName="carbon dioxide"  />
        </property>
        <property name="composition"  id="x5"   label="[CO]"     sourcetype="digitized"  units="mole fraction" >
            <speciesLink preferredKey="CO"     CAS="630-08-0"   InChI="1S/CO/c1-2"                   SMILES="[C-]#[O+]"  chemName="carbon monoxide" />
        </property>
        <property name="composition"  id="x6"   label="[H2]"     sourcetype="digitized"  units="mole fraction" >
            <speciesLink preferredKey="H2"     CAS="1333-74-0"  InChI="1S/H2/h1H"                    SMILES="[HH]"       chemName="hydrogen"        />
        </property>
        <property name="composition"  id="x7"   label="[H2O]"    sourcetype="digitized"  units="mole fraction" >
            <speciesLink preferredKey="H2O"    CAS="7732-18-5"  InChI="1S/H2O/h1H2"                  SMILES="O"          chemName="water"           />
        </property>
        <property name="composition"  id="x8"   label="[CH2O]"   sourcetype="digitized"  units="mole fraction" >
            <speciesLink preferredKey="CH2O"   CAS="50-00-0"    InChI="1S/CH2O/c1-2/h1H2"            SMILES="C=O"        chemName="formaldehyde"    />
        </property>
        <property name="composition"  id="x9"   label="[HCOOH]"  sourcetype="digitized"  units="mole fraction" >
            <speciesLink preferredKey="HCOOH"  CAS="64-18-6"    InChI="1S/CH2O2/c2-1-3/h1H,(H,2,3)"  SMILES="[H]C(O)=O"  chemName="formic acide"    />
        </property>
        <property name="temperature"  id="x10"  label="T"        sourcetype="digitized"  units="K"             />

        <dataPoint><x1>0.075</x1><x2>3.773E-03</x2><x3>2.173E-03</x3><x4>1.094E-04</x4><x5>1.129E-04</x5><x6>1.432E-04</x6><x7>6.088E-04</x7><x8>2.126E-04</x8><x9>4.825E-07</x9><x10>811.7</x10></dataPoint>
        <dataPoint><x1>0.104</x1><x2>3.727E-03</x2><x3>2.094E-03</x3><x4>1.095E-04</x4><x5>8.036E-05</x5><x6>1.764E-04</x6><x7>6.255E-04</x7><x8>2.422E-04</x8><x9>9.575E-07</x9><x10>812.9</x10></dataPoint>
        <dataPoint><x1>0.142</x1><x2>3.662E-03</x2><x3>2.032E-03</x3><x4>1.208E-04</x4><x5>1.136E-04</x5><x6>1.303E-04</x6><x7>6.725E-04</x7><x8>2.755E-04</x8><x9>9.638E-07</x9><x10>813.6</x10></dataPoint>
        <dataPoint><x1>0.191</x1><x2>3.600E-03</x2><x3>1.967E-03</x3><x4>1.316E-04</x4><x5>1.141E-04</x5><x6>1.609E-04</x6><x7>7.224E-04</x7><x8>3.090E-04</x8><x9>1.912E-06</x9><x10>814.1</x10></dataPoint>
        <dataPoint><x1>0.256</x1><x2>3.456E-03</x2><x3>1.825E-03</x3><x4>1.355E-04</x4><x5>1.612E-04</x5><x6>2.274E-04</x6><x7>8.682E-04</x7><x8>3.568E-04</x8><x9>4.040E-06</x9><x10>815.0</x10></dataPoint>
        <dataPoint><x1>0.336</x1><x2>3.299E-03</x2><x3>1.714E-03</x3><x4>1.394E-04</x4><x5>2.742E-04</x5><x6>2.913E-04</x6><x7>1.028E-03</x7><x8>4.048E-04</x8><x9>6.406E-06</x9><x10>816.3</x10></dataPoint>
        <dataPoint><x1>0.424</x1><x2>3.106E-03</x2><x3>1.537E-03</x3><x4>1.396E-04</x4><x5>4.035E-04</x5><x6>3.087E-04</x6><x7>1.286E-03</x7><x8>4.528E-04</x8><x9>9.243E-06</x9><x10>817.5</x10></dataPoint>
        <dataPoint><x1>0.518</x1><x2>2.869E-03</x2><x3>1.301E-03</x3><x4>1.361E-04</x4><x5>5.958E-04</x5><x6>3.727E-04</x6><x7>1.671E-03</x7><x8>4.933E-04</x8><x9>1.232E-05</x9><x10>818.9</x10></dataPoint>
        <dataPoint><x1>0.613</x1><x2>2.484E-03</x2><x3>9.329E-04</x3><x4>1.439E-04</x4><x5>9.165E-04</x5><x6>5.517E-04</x6><x7>2.280E-03</x7><x8>4.975E-04</x8><x9>1.610E-05</x9><x10>822.6</x10></dataPoint>
        <dataPoint><x1>0.707</x1><x2>2.135E-03</x2><x3>6.772E-04</x3><x4>1.584E-04</x4><x5>1.316E-03</x5><x6>8.239E-04</x6><x7>2.938E-03</x7><x8>4.866E-04</x8><x9>1.846E-05</x9><x10>826.9</x10></dataPoint>
        <dataPoint><x1>0.800</x1><x2>1.687E-03</x2><x3>3.612E-04</x3><x4>1.768E-04</x4><x5>1.798E-03</x5><x6>1.321E-03</x6><x7>3.725E-03</x7><x8>4.176E-04</x8><x9>2.154E-05</x9><x10>829.7</x10></dataPoint>
        <dataPoint><x1>0.892</x1><x2>1.351E-03</x2><x3>1.382E-04</x3><x4>1.882E-04</x4><x5>2.119E-03</x5><x6>1.642E-03</x6><x7>4.318E-03</x7><x8>3.266E-04</x8><x9>2.579E-05</x9><x10>831.3</x10></dataPoint>
        <dataPoint><x1>0.985</x1><x2>1.177E-03</x2><x3>4.356E-05</x3><x4>1.922E-04</x4><x5>2.328E-03</x5><x6>2.013E-03</x6><x7>4.560E-03</x7><x8>2.613E-04</x8><x9>2.863E-05</x9><x10>831.7</x10></dataPoint>
        <dataPoint><x1>1.076</x1><x2>1.100E-03</x2><x3>2.815E-05</x3><x4>2.031E-04</x4><x5>2.441E-03</x5><x6>2.205E-03</x6><x7>4.752E-03</x7><x8>2.141E-04</x8><x9>2.935E-05</x9><x10>831.8</x10></dataPoint>
        <dataPoint><x1>1.170</x1><x2>1.085E-03</x2><x3>0.000E+00</x3><x4>2.033E-04</x4><x5>2.488E-03</x5><x6>2.256E-03</x6><x7>4.800E-03</x7><x8>1.995E-04</x8><x9>3.007E-05</x9><x10>830.9</x10></dataPoint>
        <dataPoint><x1>1.265</x1><x2>1.071E-03</x2><x3>0.000E+00</x3><x4>1.967E-04</x4><x5>2.476E-03</x5><x6>2.273E-03</x6><x7>4.771E-03</x7><x8>1.930E-04</x8><x9>2.961E-05</x9><x10>830.4</x10></dataPoint>
        <dataPoint><x1>1.360</x1><x2>1.024E-03</x2><x3>0.000E+00</x3><x4>2.000E-04</x4><x5>2.507E-03</x5><x6>2.337E-03</x6><x7>4.835E-03</x7><x8>1.860E-04</x8><x9>2.939E-05</x9><x10>830.9</x10></dataPoint>
        <dataPoint><x1>1.454</x1><x2>1.026E-03</x2><x3>0.000E+00</x3><x4>2.115E-04</x4><x5>2.540E-03</x5><x6>2.338E-03</x6><x7>4.885E-03</x7><x8>1.901E-04</x8><x9>2.917E-05</x9><x10>831.6</x10></dataPoint>
        <dataPoint><x1>1.551</x1><x2>1.061E-03</x2><x3>0.000E+00</x3><x4>2.080E-04</x4><x5>2.479E-03</x5><x6>2.419E-03</x6><x7>4.725E-03</x7><x8>1.975E-04</x8><x9>2.895E-05</x9><x10>831.8</x10></dataPoint>
    </dataGroup>
    <timeshift target="CH3OH" type="half decrease"/>
    <comment>also appeared in: T.J. Held, The Oxidation of Methanol, Isobutene and Methyl Tertiary-Butyl Ether, Ph.D. Thesis, Princeton University (1993), Fig. 4.10</comment>
</experiment>
