<experiment>
    <fileAuthor>Chemical Kinetics Laboratory, Institute of Chemistry, ELTE, Budapest, Hungary</fileAuthor>
    <fileDOI>10.24388/x30002009</fileDOI>
    <fileVersion>
        <major>1</major>
        <minor>0</minor>
    </fileVersion>
    <ReSpecThVersion>
        <major>2</major>
        <minor>3</minor>
    </ReSpecThVersion>
    <firstPublicationDate>2016-12-05</firstPublicationDate>
    <lastModificationDate>2020-11-18</lastModificationDate>
    <bibliographyLink>
        <description>C.L. Rasmussen, K.H. Wassard, K. Dam-Johansen, P. Glarborg, Int. J. Chem. Kinet. 40 (2008), 423-441</description>
        <referenceDOI>10.1002/kin.20323</referenceDOI>
        <location>Main article</location>
        <figure>Fig. 5, set 1a, 1% O2</figure>
        <details>
            <author>Rasmussen, Christian Lund and Wassard, Karin Hedebo and Dam-Johansen, Kim and Glarborg, Peter</author>
            <journal>Int J Chem Kinet</journal>
            <pages>423--441</pages>
            <title>Methanol Oxidation in a Flow Reactor: Implications for the Branching Ratio of the CH$_{3}$OH+OH Reaction</title>
            <volume>40</volume>
            <year>2008</year>
        </details>
    </bibliographyLink>
    <experimentType>outlet concentration measurement</experimentType>
    <apparatus>
        <kind>flow reactor</kind>
        <mode>laminar</mode>
    </apparatus>
    <commonProperties>
        <property name="pressure"                      label="P"  sourcetype="reported"   units="atm"           ><value>1.05</value></property>
        <property name="initial composition"           sourcetype="reported"  >
            <component><speciesLink preferredKey="CH3OH"  CAS="67-56-1"    InChI="1S/CH4O/c1-2/h2H,1H3"  SMILES="CO"   chemName="methanol" /><amount units="mole fraction" >0.000578</amount></component>
            <component><speciesLink preferredKey="O2"     CAS="7782-44-7"  InChI="1S/O2/c1-2"            SMILES="O=O"  chemName="oxygen"   /><amount units="mole fraction" >0.011000</amount></component>
            <component><speciesLink preferredKey="H2O"    CAS="7732-18-5"  InChI="1S/H2O/h1H2"           SMILES="O"    chemName="water"    /><amount units="mole fraction" >0.007000</amount></component>
            <component><speciesLink preferredKey="N2"     CAS="7727-37-9"  InChI="1S/N2/c1-2"            SMILES="N#N"  chemName="nitrogen" /><amount units="mole fraction" >0.981420</amount></component>
        </property>
        <property name="evaluated standard deviation"  sourcetype="estimated"  units="mole faction"   reference="composition"  kind="absolute"  method="statistical scatter" >
            <speciesLink preferredKey="CO"     CAS="630-08-0"   InChI="1S/CO/c1-2"            SMILES="[C-]#[O+]"  chemName="carbon monoxide" />
            <value>4.93e-5</value>
        </property>
        <property name="evaluated standard deviation"  sourcetype="estimated"  units="mole faction"   reference="composition"  kind="absolute"  method="statistical scatter" >
            <speciesLink preferredKey="CO2"    CAS="124-38-9"   InChI="1S/CO2/c2-1-3"         SMILES="C(=O)=O"    chemName="carbon dioxide"  />
            <value>0.000117</value>
        </property>
    </commonProperties>
    <dataGroup id="dg1">
        <property name="temperature"     id="x1"   label="T"      sourcetype="digitized"  units="K"             />
        <property name="residence time"  id="x2"   label="tau"    sourcetype="digitized"  units="s"             />
        <property name="composition"     id="x3"   label="[CO]"   sourcetype="digitized"  units="mole fraction" >
            <speciesLink preferredKey="CO"   CAS="630-08-0"  InChI="1S/CO/c1-2"     SMILES="[C-]#[O+]"  chemName="carbon monoxide" />
        </property>
        <property name="composition"     id="x4"   label="[CO2]"  sourcetype="digitized"  units="mole fraction" >
            <speciesLink preferredKey="CO2"  CAS="124-38-9"  InChI="1S/CO2/c2-1-3"  SMILES="C(=O)=O"    chemName="carbon dioxide"  />
        </property>

        <dataPoint><x1>0798.4</x1><x2>0.102705</x2><x3>0.000E+00</x3><x4>0.000E+00</x4></dataPoint>
        <dataPoint><x1>0836.8</x1><x2>0.097992</x2><x3>0.000E+00</x3><x4>0.000E+00</x4></dataPoint>
        <dataPoint><x1>0873.6</x1><x2>0.093864</x2><x3>0.000E+00</x3><x4>0.000E+00</x4></dataPoint>
        <dataPoint><x1>0911.2</x1><x2>0.089991</x2><x3>0.000E+00</x3><x4>0.000E+00</x4></dataPoint>
        <dataPoint><x1>0949.6</x1><x2>0.086352</x2><x3>0.000E+00</x3><x4>0.000E+00</x4></dataPoint>
        <dataPoint><x1>0986.8</x1><x2>0.083097</x2><x3>2.222E-05</x3><x4>0.000E+00</x4></dataPoint>
        <dataPoint><x1>1022.8</x1><x2>0.080172</x2><x3>5.556E-05</x3><x4>3.704E-06</x4></dataPoint>
        <dataPoint><x1>1059.6</x1><x2>0.077388</x2><x3>1.136E-04</x3><x4>4.938E-06</x4></dataPoint>
        <dataPoint><x1>1096.4</x1><x2>0.074790</x2><x3>2.568E-04</x3><x4>6.173E-06</x4></dataPoint>
        <dataPoint><x1>1134.0</x1><x2>0.072310</x2><x3>1.123E-04</x3><x4>4.790E-04</x4></dataPoint>
        <dataPoint><x1>1171.2</x1><x2>0.070014</x2><x3>6.049E-05</x3><x4>5.235E-04</x4></dataPoint>
        <dataPoint><x1>1207.6</x1><x2>0.067903</x2><x3>3.951E-05</x3><x4>5.444E-04</x4></dataPoint>
        <dataPoint><x1>1243.6</x1><x2>0.065938</x2><x3>2.593E-05</x3><x4>5.556E-04</x4></dataPoint>
        <dataPoint><x1>1281.2</x1><x2>0.064002</x2><x3>1.975E-05</x3><x4>5.605E-04</x4></dataPoint>
    </dataGroup>
</experiment>
