<experiment>
    <fileAuthor>Chemical Kinetics Laboratory, Institute of Chemistry, ELTE, Budapest, Hungary</fileAuthor>
    <fileDOI>10.24388/x30002044</fileDOI>
    <fileVersion>
        <major>1</major>
        <minor>0</minor>
    </fileVersion>
    <ReSpecThVersion>
        <major>2</major>
        <minor>3</minor>
    </ReSpecThVersion>
    <firstPublicationDate>2016-12-05</firstPublicationDate>
    <lastModificationDate>2020-11-18</lastModificationDate>
    <bibliographyLink>
        <description>Presumably: D. Aronowitz, The high temperature oxidation and pyrolysis of methanol. PhD Disseration, Princeton University, 1978. Digitized from: C.K. Westbrook, F.L. Dryer, Combust. Sci. Technol. 20 (1979), 125-140</description>
        <referenceDOI>10.1080/00102207908946902</referenceDOI>
        <location>Main article</location>
        <figure>Westbrook et al. article, Fig. 1</figure>
        <details>
            <author>Westbrook, Charles K and Dryer, Frederick L</author>
            <journal>Combust Sci Technol</journal>
            <pages>125--140</pages>
            <title>Comprehensive Mechanism for Methanol Oxidation</title>
            <volume>20</volume>
            <year>1979</year>
        </details>
    </bibliographyLink>
    <experimentType>concentration time profile measurement</experimentType>
    <apparatus>
        <kind>flow reactor</kind>
        <mode>turbulent</mode>
    </apparatus>
    <commonProperties>
        <property name="pressure"                      label="P"  sourcetype="reported"  units="atm"           ><value>1</value></property>
        <property name="temperature"                   label="T"  sourcetype="reported"  units="K"             ><value>1021</value></property>
        <property name="initial composition"           sourcetype="reported" >
            <component><speciesLink preferredKey="CH3OH"  CAS="67-56-1"    InChI="1S/CH4O/c1-2/h2H,1H3"  SMILES="CO"   chemName="methanol" /><amount units="mole fraction" >0.00675</amount></component>
            <component><speciesLink preferredKey="O2"     CAS="7782-44-7"  InChI="1S/O2/c1-2"            SMILES="O=O"  chemName="oxygen"   /><amount units="mole fraction" >0.20260</amount></component>
            <component><speciesLink preferredKey="N2"     CAS="7727-37-9"  InChI="1S/N2/c1-2"            SMILES="N#N"  chemName="nitrogen" /><amount units="mole fraction" >0.79065</amount></component>
        </property>
        <property name="evaluated standard deviation"  sourcetype="reported"  units="mole faction"   reference="composition"  kind="absolute"  method="reported uncertainty" >
            <speciesLink preferredKey="H2"     CAS="1333-74-0"  InChI="1S/H2/h1H"             SMILES="[HH]"       chemName="hydrogen"        />
            <value>2.97e-5</value>
        </property>
        <property name="evaluated standard deviation"  sourcetype="reported"  units="mole faction"   reference="composition"  kind="absolute"  method="reported uncertainty" >
            <speciesLink preferredKey="CO"     CAS="630-08-0"   InChI="1S/CO/c1-2"            SMILES="[C-]#[O+]"  chemName="carbon monoxide" />
            <value>0.000507</value>
        </property>
        <property name="evaluated standard deviation"  sourcetype="reported"  units="mole faction"   reference="composition"  kind="absolute"  method="reported uncertainty" >
            <speciesLink preferredKey="CO2"    CAS="124-38-9"   InChI="1S/CO2/c2-1-3"         SMILES="C(=O)=O"    chemName="carbon dioxide"  />
            <value>0.000701</value>
        </property>
        <property name="evaluated standard deviation"  sourcetype="reported"  units="mole faction"   reference="composition"  kind="absolute"  method="reported uncertainty" >
            <speciesLink preferredKey="CH3OH"  CAS="67-56-1"    InChI="1S/CH4O/c1-2/h2H,1H3"  SMILES="CO"         chemName="methanol"        />
            <value>0.000593</value>
        </property>
    </commonProperties>
    <dataGroup id="dg1">
        <property name="time"         id="x1"   label="t"        sourcetype="digitized"  units="s"             />
        <property name="composition"  id="x2"   label="[CH3OH]"  sourcetype="digitized"  units="mole fraction" >
            <speciesLink preferredKey="CH3OH"  CAS="67-56-1"    InChI="1S/CH4O/c1-2/h2H,1H3"  SMILES="CO"         chemName="methanol"        />
        </property>
        <property name="composition"  id="x3"   label="[CO2]"    sourcetype="digitized"  units="mole fraction" >
            <speciesLink preferredKey="CO2"    CAS="124-38-9"   InChI="1S/CO2/c2-1-3"         SMILES="C(=O)=O"    chemName="carbon dioxide"  />
        </property>
        <property name="composition"  id="x4"   label="[CO]"     sourcetype="digitized"  units="mole fraction" >
            <speciesLink preferredKey="CO"     CAS="630-08-0"   InChI="1S/CO/c1-2"            SMILES="[C-]#[O+]"  chemName="carbon monoxide" />
        </property>
        <property name="composition"  id="x5"   label="[H2]"     sourcetype="digitized"  units="mole fraction" >
            <speciesLink preferredKey="H2"     CAS="1333-74-0"  InChI="1S/H2/h1H"             SMILES="[HH]"       chemName="hydrogen"        />
        </property>
        <property name="temperature"  id="x6"   label="T"        sourcetype="digitized"  units="K"             />

        <dataPoint><x1>0.0028</x1><x2>5.92739E-03</x2><x3>5.59441E-04</x3><x4>1.30536E-04</x4><x5>5.58140E-06</x5><x6>1024.11</x6></dataPoint>
        <dataPoint><x1>0.0132</x1><x2>5.43453E-03</x2><x3>5.22145E-04</x3><x4>9.69697E-04</x4><x5>6.51163E-06</x5><x6>1029.32</x6></dataPoint>
        <dataPoint><x1>0.0237</x1><x2>4.66686E-03</x2><x3>6.15385E-04</x3><x4>1.79021E-03</x4><x5>8.18605E-05</x5><x6>1036.44</x6></dataPoint>
        <dataPoint><x1>0.0348</x1><x2>3.69770E-03</x2><x3>7.08625E-04</x3><x4>2.68531E-03</x4><x5>2.23256E-04</x5><x6>1047.12</x6></dataPoint>
        <dataPoint><x1>0.0457</x1><x2>2.52594E-03</x2><x3>8.39161E-04</x3><x4>3.61772E-03</x4><x5>2.86512E-04</x5><x6>1057.81</x6></dataPoint>
        <dataPoint><x1>0.0561</x1><x2>1.59339E-03</x2><x3>9.88345E-04</x3><x4>4.36364E-03</x4><x5>2.96744E-04</x5><x6>1068.77</x6></dataPoint>
        <dataPoint><x1>0.0666</x1><x2>8.07204E-04</x2><x3>1.21212E-03</x3><x4>5.07226E-03</x4><x5>2.74419E-04</x5><x6>1080.27</x6></dataPoint>
        <dataPoint><x1>0.0775</x1><x2>2.59632E-04</x2><x3>2.01399E-03</x3><x4>4.86713E-03</x4><x5>2.27907E-04</x5><x6>1092.33</x6></dataPoint>
        <dataPoint><x1>0.0881</x1><x2>1.70941E-04</x2><x3>3.56177E-03</x3><x4>3.26340E-03</x4><x5>9.20930E-05</x5><x6>1101.92</x6></dataPoint>
        <dataPoint><x1>0.0985</x1><x2>1.37634E-04</x2><x3>4.94172E-03</x3><x4>2.12587E-03</x4><x5>-9.9999e+99</x5><x6>1109.86</x6></dataPoint>
        <dataPoint><x1>0.1089</x1><x2>1.40516E-04</x2><x3>5.96737E-03</x3><x4>1.32401E-03</x4><x5>-9.9999e+99</x5><x6>1117.53</x6></dataPoint>
        <dataPoint><x1>0.1192</x1><x2>1.43143E-04</x2><x3>6.52681E-03</x3><x4>8.39161E-04</x4><x5>-9.9999e+99</x5><x6>1124.11</x6></dataPoint>
        <dataPoint><x1>0.1298</x1><x2>1.64373E-04</x2><x3>7.01166E-03</x3><x4>4.66200E-04</x4><x5>-9.9999e+99</x5><x6>1127.67</x6></dataPoint>
    </dataGroup>
    <timeshift target="CH3OH" type="half decrease"/>
</experiment>
