<experiment>
    <fileAuthor>Chemical Kinetics Laboratory, Institute of Chemistry, ELTE, Budapest, Hungary</fileAuthor>
    <fileDOI>10.24388/x30002041</fileDOI>
    <fileVersion>
        <major>1</major>
        <minor>0</minor>
    </fileVersion>
    <ReSpecThVersion>
        <major>2</major>
        <minor>3</minor>
    </ReSpecThVersion>
    <firstPublicationDate>2016-12-05</firstPublicationDate>
    <lastModificationDate>2020-11-18</lastModificationDate>
    <bibliographyLink>
        <description>T.J. Held, The Oxidation of Methanol, Isobutene and Methyl Tertiary-Butyl Ether, Ph.D. Thesis, Princeton University (1993)</description>
        <location>Main article</location>
        <figure>Fig. 4.6</figure>
        <details>
            <author>Held, Timothy James</author>
            <school>Princeton University</school>
            <title>The Oxidation of Methanol, Isobutene and Methyl tertiary-Butyl Ether</title>
            <type>Dissertation</type>
            <year>1993</year>
        </details>
    </bibliographyLink>
    <experimentType>concentration time profile measurement</experimentType>
    <apparatus>
        <kind>flow reactor</kind>
        <mode>laminar</mode>
    </apparatus>
    <commonProperties>
        <property name="pressure"                      label="P"  sourcetype="reported"  units="atm"           ><value>5</value></property>
        <property name="temperature"                   label="T"  sourcetype="reported"  units="K"             ><value>858</value></property>
        <property name="initial composition"           sourcetype="reported" >
            <component><speciesLink preferredKey="CH3OH"  CAS="67-56-1"    InChI="1S/CH4O/c1-2/h2H,1H3"  SMILES="CO"   chemName="methanol" /><amount units="mole fraction" >0.00372</amount></component>
            <component><speciesLink preferredKey="O2"     CAS="7782-44-7"  InChI="1S/O2/c1-2"            SMILES="O=O"  chemName="oxygen"   /><amount units="mole fraction" >0.01500</amount></component>
            <component><speciesLink preferredKey="N2"     CAS="7727-37-9"  InChI="1S/N2/c1-2"            SMILES="N#N"  chemName="nitrogen" /><amount units="mole fraction" >0.98128</amount></component>
        </property>
        <property name="evaluated standard deviation"  sourcetype="reported"  units="mole faction"   reference="composition"  kind="absolute"  method="reported uncertainty" >
            <speciesLink preferredKey="O2"     CAS="7782-44-7"  InChI="1S/O2/c1-2"                   SMILES="O=O"        chemName="oxygen"          />
            <value>0.0015</value>
        </property>
        <property name="evaluated standard deviation"  sourcetype="reported"  units="mole faction"   reference="composition"  kind="absolute"  method="reported uncertainty" >
            <speciesLink preferredKey="H2"     CAS="1333-74-0"  InChI="1S/H2/h1H"                    SMILES="[HH]"       chemName="hydrogen"        />
            <value>1.73e-5</value>
        </property>
        <property name="evaluated standard deviation"  sourcetype="reported"  units="mole faction"   reference="composition"  kind="absolute"  method="reported uncertainty" >
            <speciesLink preferredKey="H2O"    CAS="7732-18-5"  InChI="1S/H2O/h1H2"                  SMILES="O"          chemName="water"           />
            <value>0.000684</value>
        </property>
        <property name="evaluated standard deviation"  sourcetype="reported"  units="mole faction"   reference="composition"  kind="absolute"  method="reported uncertainty" >
            <speciesLink preferredKey="CO"     CAS="630-08-0"   InChI="1S/CO/c1-2"                   SMILES="[C-]#[O+]"  chemName="carbon monoxide" />
            <value>0.000335</value>
        </property>
        <property name="evaluated standard deviation"  sourcetype="reported"  units="mole faction"   reference="composition"  kind="absolute"  method="reported uncertainty" >
            <speciesLink preferredKey="CO2"    CAS="124-38-9"   InChI="1S/CO2/c2-1-3"                SMILES="C(=O)=O"    chemName="carbon dioxide"  />
            <value>3.92e-5</value>
        </property>
        <property name="evaluated standard deviation"  sourcetype="reported"  units="mole faction"   reference="composition"  kind="absolute"  method="reported uncertainty" >
            <speciesLink preferredKey="CH2O"   CAS="50-00-0"    InChI="1S/CH2O/c1-2/h1H2"            SMILES="C=O"        chemName="formaldehyde"    />
            <value>5.22e-5</value>
        </property>
        <property name="evaluated standard deviation"  sourcetype="reported"  units="mole faction"   reference="composition"  kind="absolute"  method="reported uncertainty" >
            <speciesLink preferredKey="CH3OH"  CAS="67-56-1"    InChI="1S/CH4O/c1-2/h2H,1H3"         SMILES="CO"         chemName="methanol"        />
            <value>0.000336</value>
        </property>
        <property name="evaluated standard deviation"  sourcetype="reported"  units="mole faction"   reference="composition"  kind="absolute"  method="reported uncertainty" >
            <speciesLink preferredKey="HCOOH"  CAS="64-18-6"    InChI="1S/CH2O2/c2-1-3/h1H,(H,2,3)"  SMILES="[H]C(O)=O"  chemName="formic acide"    />
            <value>2.43e-5</value>
        </property>
    </commonProperties>
    <dataGroup id="dg1">
        <property name="time"         id="x1"   label="t"        sourcetype="digitized"  units="s"             />
        <property name="composition"  id="x2"   label="[CH3OH]"  sourcetype="digitized"  units="mole fraction" >
            <speciesLink preferredKey="CH3OH"  CAS="67-56-1"    InChI="1S/CH4O/c1-2/h2H,1H3"         SMILES="CO"         chemName="methanol"        />
        </property>
        <property name="composition"  id="x3"   label="[O2]"     sourcetype="digitized"  units="mole fraction" >
            <speciesLink preferredKey="O2"     CAS="7782-44-7"  InChI="1S/O2/c1-2"                   SMILES="O=O"        chemName="oxygen"          />
        </property>
        <property name="composition"  id="x4"   label="[CO2]"    sourcetype="digitized"  units="mole fraction" >
            <speciesLink preferredKey="CO2"    CAS="124-38-9"   InChI="1S/CO2/c2-1-3"                SMILES="C(=O)=O"    chemName="carbon dioxide"  />
        </property>
        <property name="composition"  id="x5"   label="[CO]"     sourcetype="digitized"  units="mole fraction" >
            <speciesLink preferredKey="CO"     CAS="630-08-0"   InChI="1S/CO/c1-2"                   SMILES="[C-]#[O+]"  chemName="carbon monoxide" />
        </property>
        <property name="composition"  id="x6"   label="[H2]"     sourcetype="digitized"  units="mole fraction" >
            <speciesLink preferredKey="H2"     CAS="1333-74-0"  InChI="1S/H2/h1H"                    SMILES="[HH]"       chemName="hydrogen"        />
        </property>
        <property name="composition"  id="x7"   label="[H2O]"    sourcetype="digitized"  units="mole fraction" >
            <speciesLink preferredKey="H2O"    CAS="7732-18-5"  InChI="1S/H2O/h1H2"                  SMILES="O"          chemName="water"           />
        </property>
        <property name="composition"  id="x8"   label="[CH2O]"   sourcetype="digitized"  units="mole fraction" >
            <speciesLink preferredKey="CH2O"   CAS="50-00-0"    InChI="1S/CH2O/c1-2/h1H2"            SMILES="C=O"        chemName="formaldehyde"    />
        </property>
        <property name="composition"  id="x9"   label="[HCOOH]"  sourcetype="digitized"  units="mole fraction" >
            <speciesLink preferredKey="HCOOH"  CAS="64-18-6"    InChI="1S/CH2O2/c2-1-3/h1H,(H,2,3)"  SMILES="[H]C(O)=O"  chemName="formic acide"    />
        </property>
        <property name="temperature"  id="x10"  label="T"        sourcetype="digitized"  units="K"             />

        <dataPoint><x1>0.036</x1><x2>3.348E-03</x2><x3>1.490E-02</x3><x4>1.888E-05</x4><x5>1.734E-04</x5><x6>1.734E-04</x6><x7>3.464E-04</x7><x8>2.325E-04</x8><x9>2.880E-06</x9><x10>858.7</x10></dataPoint>
        <dataPoint><x1>0.050</x1><x2>3.358E-03</x2><x3>1.499E-02</x3><x4>2.362E-05</x4><x5>1.533E-04</x5><x6>1.533E-04</x6><x7>3.568E-04</x7><x8>2.490E-04</x8><x9>1.135E-05</x9><x10>860.2</x10></dataPoint>
        <dataPoint><x1>0.068</x1><x2>3.338E-03</x2><x3>1.490E-02</x3><x4>2.602E-05</x4><x5>1.433E-04</x5><x6>1.433E-04</x6><x7>3.977E-04</x7><x8>2.631E-04</x8><x9>1.420E-05</x9><x10>860.8</x10></dataPoint>
        <dataPoint><x1>0.091</x1><x2>3.298E-03</x2><x3>1.487E-02</x3><x4>2.843E-05</x4><x5>1.538E-04</x5><x6>9.273E-05</x6><x7>4.590E-04</x7><x8>2.890E-04</x8><x9>2.129E-05</x9><x10>860.8</x10></dataPoint>
        <dataPoint><x1>0.122</x1><x2>3.206E-03</x2><x3>1.484E-02</x3><x4>2.852E-05</x4><x5>1.949E-04</x5><x6>8.294E-05</x6><x7>5.611E-04</x7><x8>3.290E-04</x8><x9>3.965E-05</x9><x10>861.4</x10></dataPoint>
        <dataPoint><x1>0.159</x1><x2>3.034E-03</x2><x3>1.472E-02</x3><x4>3.567E-05</x4><x5>2.971E-04</x5><x6>7.325E-05</x6><x7>7.855E-04</x7><x8>3.948E-04</x8><x9>7.774E-05</x9><x10>862.4</x10></dataPoint>
        <dataPoint><x1>0.200</x1><x2>2.862E-03</x2><x3>1.451E-02</x3><x4>3.345E-05</x4><x5>4.197E-04</x5><x6>6.360E-05</x6><x7>9.996E-04</x7><x8>4.372E-04</x8><x9>1.088E-04</x9><x10>863.3</x10></dataPoint>
        <dataPoint><x1>0.244</x1><x2>2.689E-03</x2><x3>1.426E-02</x3><x4>3.827E-05</x4><x5>5.729E-04</x5><x6>8.450E-05</x6><x7>1.244E-03</x7><x8>4.725E-04</x8><x9>1.413E-04</x9><x10>864.0</x10></dataPoint>
        <dataPoint><x1>0.289</x1><x2>2.517E-03</x2><x3>1.414E-02</x3><x4>3.606E-05</x4><x5>6.854E-04</x5><x6>5.454E-05</x6><x7>1.540E-03</x7><x8>4.985E-04</x8><x9>1.709E-04</x9><x10>867.3</x10></dataPoint>
        <dataPoint><x1>0.333</x1><x2>2.334E-03</x2><x3>1.390E-02</x3><x4>3.854E-05</x4><x5>8.996E-04</x5><x6>6.528E-05</x6><x7>1.866E-03</x7><x8>5.221E-04</x8><x9>1.978E-04</x9><x10>868.8</x10></dataPoint>
        <dataPoint><x1>0.377</x1><x2>1.907E-03</x2><x3>1.344E-02</x3><x4>5.744E-05</x4><x5>1.317E-03</x5><x6>6.585E-05</x6><x7>2.630E-03</x7><x8>5.128E-04</x8><x9>2.246E-04</x9><x10>874.1</x10></dataPoint>
        <dataPoint><x1>0.422</x1><x2>1.552E-03</x2><x3>1.302E-02</x3><x4>7.635E-05</x4><x5>1.725E-03</x5><x6>1.071E-04</x6><x7>3.393E-03</x7><x8>4.778E-04</x8><x9>2.388E-04</x9><x10>878.9</x10></dataPoint>
        <dataPoint><x1>0.466</x1><x2>1.308E-03</x2><x3>1.278E-02</x3><x4>9.057E-05</x4><x5>1.990E-03</x5><x6>1.179E-04</x6><x7>3.933E-03</x7><x8>4.403E-04</x8><x9>2.431E-04</x9><x10>880.9</x10></dataPoint>
        <dataPoint><x1>0.510</x1><x2>1.044E-03</x2><x3>1.253E-02</x3><x4>1.177E-04</x4><x5>2.255E-03</x5><x6>1.489E-04</x6><x7>4.595E-03</x7><x8>3.771E-04</x8><x9>2.284E-04</x9><x10>884.3</x10></dataPoint>
        <dataPoint><x1>0.555</x1><x2>7.803E-04</x2><x3>1.217E-02</x3><x4>1.448E-04</x4><x5>2.612E-03</x5><x6>1.495E-04</x6><x7>5.257E-03</x7><x8>3.138E-04</x8><x9>2.137E-04</x9><x10>890.4</x10></dataPoint>
        <dataPoint><x1>0.599</x1><x2>4.655E-04</x2><x3>1.177E-02</x3><x4>2.107E-04</x4><x5>2.958E-03</x5><x6>1.501E-04</x6><x7>6.173E-03</x7><x8>2.083E-04</x8><x9>1.644E-04</x9><x10>895.0</x10></dataPoint>
        <dataPoint><x1>0.644</x1><x2>2.524E-04</x2><x3>1.141E-02</x3><x4>2.883E-04</x4><x5>3.193E-03</x5><x6>1.506E-04</x6><x7>6.835E-03</x7><x8>1.216E-04</x8><x9>1.180E-04</x9><x10>898.8</x10></dataPoint>
        <dataPoint><x1>0.689</x1><x2>9.017E-05</x2><x3>1.114E-02</x3><x4>3.917E-04</x4><x5>3.346E-03</x5><x6>1.512E-04</x6><x7>-1.00E+00</x7><x8>5.367E-05</x8><x9>7.868E-05</x9><x10>904.3</x10></dataPoint>
    </dataGroup>
    <timeshift target="CH3OH" type="half decrease"/>
</experiment>
