<experiment>
    <fileAuthor>Chemical Kinetics Laboratory, Institute of Chemistry, ELTE, Budapest, Hungary</fileAuthor>
    <fileDOI>10.24388/x30002208CH2O</fileDOI>
    <fileVersion>
        <major>1</major>
        <minor>0</minor>
    </fileVersion>
    <ReSpecThVersion>
        <major>2</major>
        <minor>3</minor>
    </ReSpecThVersion>
    <firstPublicationDate>2016-12-05</firstPublicationDate>
    <lastModificationDate>2020-11-18</lastModificationDate>
    <bibliographyLink>
        <description>J. Li, Z. Zhao, A. Kazakhov, M. Chaos, F.L. Dryer, J.J. Scire, Jr., Int. J. Chem. Kinet. 109 (2007), 109-136, Fig. 19 bottom</description>
        <referenceDOI>10.1002/kin.20218</referenceDOI>
        <location>Main article</location>
        <figure>Fig. 19 bottom</figure>
        <details>
            <author>Li, J and Zhao, Z W and Kazakov, A and Chaos, M and Dryer, F L and Scire, J J Jr</author>
            <journal>Int J Chem Kinet</journal>
            <number>3</number>
            <pages>109--136</pages>
            <title>A Comprehensive Kinetic Mechanism for CO, CH$_{2}$O, and CH$_{3}$OH Combustion</title>
            <volume>39</volume>
            <year>2007</year>
        </details>
    </bibliographyLink>
    <experimentType>concentration time profile measurement</experimentType>
    <apparatus>
        <kind>flow reactor</kind>
        <mode>turbulent</mode>
    </apparatus>
    <commonProperties>
        <property name="pressure"                      label="P"  sourcetype="reported"   units="atm"           ><value>1</value></property>
        <property name="temperature"                   label="T"  sourcetype="reported"   units="K"             ><value>1095</value></property>
        <property name="initial composition"           sourcetype="reported"  >
            <component><speciesLink preferredKey="CH2O"  CAS="50-00-0"    InChI="1S/CH2O/c1-2/h1H2"  SMILES="C=O"  chemName="formaldehyde" /><amount units="mole fraction" >0.002430</amount></component>
            <component><speciesLink preferredKey="O2"    CAS="7782-44-7"  InChI="1S/O2/c1-2"         SMILES="O=O"  chemName="oxygen"       /><amount units="mole fraction" >0.002610</amount></component>
            <component><speciesLink preferredKey="N2"    CAS="7727-37-9"  InChI="1S/N2/c1-2"         SMILES="N#N"  chemName="nitrogen"     /><amount units="mole fraction" >0.994960</amount></component>
        </property>
        <property name="evaluated standard deviation"  sourcetype="estimated"  units="mole faction"   reference="composition"  kind="absolute"  method="generic uncertainty" >
            <speciesLink preferredKey="CH2O"  CAS="50-00-0"    InChI="1S/CH2O/c1-2/h1H2"  SMILES="C=O"        chemName="formaldehyde"    />
            <value>0.000198</value>
        </property>
        <property name="evaluated standard deviation"  sourcetype="estimated"  units="mole faction"   reference="composition"  kind="absolute"  method="generic uncertainty" >
            <speciesLink preferredKey="CO"    CAS="630-08-0"   InChI="1S/CO/c1-2"         SMILES="[C-]#[O+]"  chemName="carbon monoxide" />
            <value>0.000232</value>
        </property>
        <property name="evaluated standard deviation"  sourcetype="estimated"  units="mole faction"   reference="composition"  kind="absolute"  method="generic uncertainty" >
            <speciesLink preferredKey="CO2"   CAS="124-38-9"   InChI="1S/CO2/c2-1-3"      SMILES="C(=O)=O"    chemName="carbon dioxide"  />
            <value>3.07e-5</value>
        </property>
        <property name="evaluated standard deviation"  sourcetype="estimated"  units="mole faction"   reference="composition"  kind="absolute"  method="generic uncertainty" >
            <speciesLink preferredKey="O2"    CAS="7782-44-7"  InChI="1S/O2/c1-2"         SMILES="O=O"        chemName="oxygen"          />
            <value>0.000261</value>
        </property>
    </commonProperties>
    <dataGroup id="dg1">
        <property name="time"         id="x1"   label="t"       sourcetype="digitized"  units="s"             />
        <property name="composition"  id="x2"   label="[CH2O]"  sourcetype="digitized"  units="mole fraction" >
            <speciesLink preferredKey="CH2O"  CAS="50-00-0"    InChI="1S/CH2O/c1-2/h1H2"  SMILES="C=O"        chemName="formaldehyde"    />
        </property>
        <property name="composition"  id="x3"   label="[CO]"    sourcetype="digitized"  units="mole fraction" >
            <speciesLink preferredKey="CO"    CAS="630-08-0"   InChI="1S/CO/c1-2"         SMILES="[C-]#[O+]"  chemName="carbon monoxide" />
        </property>
        <property name="composition"  id="x4"   label="[CO2]"   sourcetype="digitized"  units="mole fraction" >
            <speciesLink preferredKey="CO2"   CAS="124-38-9"   InChI="1S/CO2/c2-1-3"      SMILES="C(=O)=O"    chemName="carbon dioxide"  />
        </property>
        <property name="composition"  id="x5"   label="[O2]"    sourcetype="digitized"  units="mole fraction" >
            <speciesLink preferredKey="O2"    CAS="7782-44-7"  InChI="1S/O2/c1-2"         SMILES="O=O"        chemName="oxygen"          />
        </property>

        <dataPoint><x1>0.0021</x1><x2>1.981E-03</x2><x3>4.099E-04</x3><x4>3.985E-05</x4><x5>2.607E-03</x5></dataPoint>
        <dataPoint><x1>0.0027</x1><x2>1.901E-03</x2><x3>6.603E-04</x3><x4>3.985E-05</x4><x5>2.550E-03</x5></dataPoint>
        <dataPoint><x1>0.0033</x1><x2>1.622E-03</x2><x3>7.628E-04</x3><x4>3.985E-05</x4><x5>2.528E-03</x5></dataPoint>
        <dataPoint><x1>0.0039</x1><x2>1.497E-03</x2><x3>8.425E-04</x3><x4>3.416E-05</x4><x5>2.471E-03</x5></dataPoint>
        <dataPoint><x1>0.0045</x1><x2>1.133E-03</x2><x3>1.224E-03</x3><x4>2.846E-05</x4><x5>2.448E-03</x5></dataPoint>
        <dataPoint><x1>0.0052</x1><x2>1.025E-03</x2><x3>1.343E-03</x3><x4>3.985E-05</x4><x5>2.391E-03</x5></dataPoint>
        <dataPoint><x1>0.0058</x1><x2>7.628E-04</x2><x3>1.554E-03</x3><x4>3.985E-05</x4><x5>2.368E-03</x5></dataPoint>
        <dataPoint><x1>0.0064</x1><x2>6.546E-04</x2><x3>1.696E-03</x3><x4>3.985E-05</x4><x5>2.317E-03</x5></dataPoint>
        <dataPoint><x1>0.0070</x1><x2>5.123E-04</x2><x3>1.913E-03</x3><x4>3.985E-05</x4><x5>2.283E-03</x5></dataPoint>
        <dataPoint><x1>0.0077</x1><x2>3.643E-04</x2><x3>2.021E-03</x3><x4>3.985E-05</x4><x5>2.271E-03</x5></dataPoint>
        <dataPoint><x1>0.0083</x1><x2>2.732E-04</x2><x3>2.032E-03</x3><x4>3.416E-05</x4><x5>2.237E-03</x5></dataPoint>
        <dataPoint><x1>0.0090</x1><x2>1.082E-04</x2><x3>2.317E-03</x3><x4>6.262E-05</x4><x5>2.158E-03</x5></dataPoint>
        <dataPoint><x1>0.0096</x1><x2>0.000E+00</x2><x3>2.288E-03</x3><x4>8.539E-05</x4><x5>2.066E-03</x5></dataPoint>
        <dataPoint><x1>0.0102</x1><x2>0.000E+00</x2><x3>2.180E-03</x3><x4>1.309E-04</x4><x5>1.918E-03</x5></dataPoint>
        <dataPoint><x1>0.0110</x1><x2>0.000E+00</x2><x3>2.237E-03</x3><x4>3.074E-04</x4><x5>1.622E-03</x5></dataPoint>
    </dataGroup>
    <timeshift target="CH2O" type="half decrease"/>
</experiment>
