<experiment>
    <fileAuthor>Chemical Kinetics Laboratory, Institute of Chemistry, ELTE, Budapest, Hungary</fileAuthor>
    <fileDOI>10.24388/x30002202CH2O</fileDOI>
    <fileVersion>
        <major>1</major>
        <minor>0</minor>
    </fileVersion>
    <ReSpecThVersion>
        <major>2</major>
        <minor>3</minor>
    </ReSpecThVersion>
    <firstPublicationDate>2016-12-05</firstPublicationDate>
    <lastModificationDate>2020-11-18</lastModificationDate>
    <bibliographyLink>
        <description>S. Hochgreb, R.A. Yetter, F.L. Dryer, Proc. Combust. Inst. 23, 1990, 171-177, Fig. 2</description>
        <referenceDOI>10.1016/S0082-0784(06)80256-0</referenceDOI>
        <location>Main article</location>
        <figure>Fig. 2</figure>
        <details>
            <author>Hochgreb, S and Yetter, R A and Dryer, F L</author>
            <journal>Symp (Int) Combust</journal>
            <number>1</number>
            <pages>171--177</pages>
            <title>The oxidation of CH$_{2}$O in the intermediate temperature range (943-995 K)</title>
            <volume>23</volume>
            <year>1990</year>
        </details>
    </bibliographyLink>
    <experimentType>concentration time profile measurement</experimentType>
    <apparatus>
        <kind>flow reactor</kind>
        <mode>turbulent</mode>
    </apparatus>
    <commonProperties>
        <property name="pressure"                      label="P"  sourcetype="reported"   units="atm"           ><value>1</value></property>
        <property name="temperature"                   label="T"  sourcetype="reported"   units="K"             ><value>994</value></property>
        <property name="initial composition"           sourcetype="reported"  >
            <component><speciesLink preferredKey="CH2O"  CAS="50-00-0"    InChI="1S/CH2O/c1-2/h1H2"  SMILES="C=O"  chemName="formaldehyde" /><amount units="mole fraction" >0.00208</amount></component>
            <component><speciesLink preferredKey="O2"    CAS="7782-44-7"  InChI="1S/O2/c1-2"         SMILES="O=O"  chemName="oxygen"       /><amount units="mole fraction" >0.15750</amount></component>
            <component><speciesLink preferredKey="N2"    CAS="7727-37-9"  InChI="1S/N2/c1-2"         SMILES="N#N"  chemName="nitrogen"     /><amount units="mole fraction" >0.84042</amount></component>
        </property>
        <property name="evaluated standard deviation"  sourcetype="estimated"  units="mole faction"   reference="composition"  kind="absolute"  method="generic uncertainty" >
            <speciesLink preferredKey="CH2O"  CAS="50-00-0"    InChI="1S/CH2O/c1-2/h1H2"  SMILES="C=O"        chemName="formaldehyde"    />
            <value>0.000203</value>
        </property>
        <property name="evaluated standard deviation"  sourcetype="estimated"  units="mole faction"   reference="composition"  kind="absolute"  method="generic uncertainty" >
            <speciesLink preferredKey="CO"    CAS="630-08-0"   InChI="1S/CO/c1-2"         SMILES="[C-]#[O+]"  chemName="carbon monoxide" />
            <value>0.000195</value>
        </property>
        <property name="evaluated standard deviation"  sourcetype="estimated"  units="mole faction"   reference="composition"  kind="absolute"  method="generic uncertainty" >
            <speciesLink preferredKey="CO2"   CAS="124-38-9"   InChI="1S/CO2/c2-1-3"      SMILES="C(=O)=O"    chemName="carbon dioxide"  />
            <value>1.23e-5</value>
        </property>
        <property name="evaluated standard deviation"  sourcetype="estimated"  units="mole faction"   reference="composition"  kind="absolute"  method="generic uncertainty" >
            <speciesLink preferredKey="O2"    CAS="7782-44-7"  InChI="1S/O2/c1-2"         SMILES="O=O"        chemName="oxygen"          />
            <value>0.0158</value>
        </property>
    </commonProperties>
    <dataGroup id="dg1">
        <property name="time"         id="x1"   label="t"       sourcetype="digitized"   units="s"             />
        <property name="composition"  id="x2"   label="[CH2O]"  sourcetype="digitized"   units="mole fraction" >
            <speciesLink preferredKey="CH2O"  CAS="50-00-0"    InChI="1S/CH2O/c1-2/h1H2"  SMILES="C=O"        chemName="formaldehyde"    />
        </property>
        <property name="composition"  id="x3"   label="[CO]"    sourcetype="digitized"   units="mole fraction" >
            <speciesLink preferredKey="CO"    CAS="630-08-0"   InChI="1S/CO/c1-2"         SMILES="[C-]#[O+]"  chemName="carbon monoxide" />
        </property>
        <property name="composition"  id="x4"   label="[CO2]"   sourcetype="digitized"   units="mole fraction" >
            <speciesLink preferredKey="CO2"   CAS="124-38-9"   InChI="1S/CO2/c2-1-3"      SMILES="C(=O)=O"    chemName="carbon dioxide"  />
        </property>
        <property name="composition"  id="x5"   label="[O2]"    sourcetype="digitized"   units="mole fraction" >
            <speciesLink preferredKey="O2"    CAS="7782-44-7"  InChI="1S/O2/c1-2"         SMILES="O=O"        chemName="oxygen"          />
        </property>
        <property name="temperature"  id="x6"   label="T"       sourcetype="calculated"  units="K"             />

        <dataPoint><x1>0.0039</x1><x2>1.990E-03</x2><x3>1.028E-04</x3><x4>0.000E+00</x4><x5>1.580E-01</x5><x6>0992.1</x6></dataPoint>
        <dataPoint><x1>0.0057</x1><x2>2.030E-03</x2><x3>1.583E-04</x3><x4>7.501E-06</x4><x5>1.580E-01</x5><x6>0993.2</x6></dataPoint>
        <dataPoint><x1>0.0086</x1><x2>1.880E-03</x2><x3>2.293E-04</x3><x4>3.081E-06</x4><x5>1.580E-01</x5><x6>0994.4</x6></dataPoint>
        <dataPoint><x1>0.0124</x1><x2>1.690E-03</x2><x3>3.050E-04</x3><x4>1.420E-05</x4><x5>1.570E-01</x5><x6>0994.8</x6></dataPoint>
        <dataPoint><x1>0.0177</x1><x2>1.610E-03</x2><x3>4.708E-04</x3><x4>1.767E-05</x4><x5>1.570E-01</x5><x6>0996.3</x6></dataPoint>
        <dataPoint><x1>0.0235</x1><x2>1.470E-03</x2><x3>6.372E-04</x3><x4>1.291E-05</x4><x5>1.570E-01</x5><x6>0997.6</x6></dataPoint>
        <dataPoint><x1>0.0290</x1><x2>1.180E-03</x2><x3>7.201E-04</x3><x4>2.451E-05</x4><x5>1.550E-01</x5><x6>0997.8</x6></dataPoint>
        <dataPoint><x1>0.0338</x1><x2>1.030E-03</x2><x3>1.030E-03</x3><x4>2.803E-05</x4><x5>1.560E-01</x5><x6>0999.5</x6></dataPoint>
        <dataPoint><x1>0.0393</x1><x2>8.129E-04</x2><x3>1.310E-03</x3><x4>3.556E-05</x4><x5>1.560E-01</x5><x6>1001.4</x6></dataPoint>
        <dataPoint><x1>0.0445</x1><x2>5.864E-04</x2><x3>1.410E-03</x3><x4>3.836E-05</x4><x5>1.570E-01</x5><x6>1002.3</x6></dataPoint>
        <dataPoint><x1>0.0499</x1><x2>4.467E-04</x2><x3>1.530E-03</x3><x4>4.998E-05</x4><x5>1.570E-01</x5><x6>1003.2</x6></dataPoint>
        <dataPoint><x1>0.0543</x1><x2>2.637E-04</x2><x3>1.800E-03</x3><x4>6.511E-05</x4><x5>1.550E-01</x5><x6>1005.7</x6></dataPoint>
        <dataPoint><x1>0.0597</x1><x2>1.559E-04</x2><x3>1.920E-03</x3><x4>7.673E-05</x4><x5>1.550E-01</x5><x6>1005.7</x6></dataPoint>
        <dataPoint><x1>0.0647</x1><x2>1.160E-04</x2><x3>1.760E-03</x3><x4>7.614E-05</x4><x5>1.550E-01</x5><x6>1005.8</x6></dataPoint>
        <dataPoint><x1>0.0699</x1><x2>0.000E+00</x2><x3>1.950E-03</x3><x4>1.232E-04</x4><x5>1.550E-01</x5><x6>-1111.</x6></dataPoint>
    </dataGroup>
    <timeshift target="CH2O" type="half decrease"/>
</experiment>
