<experiment>
    <fileAuthor>Chemical Kinetics Laboratory, Institute of Chemistry, ELTE, Budapest, Hungary</fileAuthor>
    <fileDOI>10.24388/x30002025</fileDOI>
    <fileVersion>
        <major>1</major>
        <minor>0</minor>
    </fileVersion>
    <ReSpecThVersion>
        <major>2</major>
        <minor>3</minor>
    </ReSpecThVersion>
    <firstPublicationDate>2016-12-05</firstPublicationDate>
    <lastModificationDate>2020-11-18</lastModificationDate>
    <bibliographyLink>
        <description>T.S. Norton, F.L. Dryer, Combustion Science and Technology 63 (1989), 107-129</description>
        <referenceDOI>10.1080/00102208908947121</referenceDOI>
        <location>Main article</location>
        <figure>Fig. 1b</figure>
        <details>
            <author>Norton, Thomas S and Dryer, Frederick L</author>
            <journal>Combust Sci Technol</journal>
            <pages>107--129</pages>
            <title>Some New Observations on Methanol Oxidation Chemistry</title>
            <volume>63</volume>
            <year>1989</year>
        </details>
    </bibliographyLink>
    <experimentType>concentration time profile measurement</experimentType>
    <apparatus>
        <kind>flow reactor</kind>
        <mode>turbulent</mode>
    </apparatus>
    <commonProperties>
        <property name="pressure"                      label="P"  sourcetype="reported"  units="atm"           ><value>1</value></property>
        <property name="temperature"                   label="T"  sourcetype="reported"  units="K"             ><value>1030</value></property>
        <property name="initial composition"           sourcetype="reported" >
            <component><speciesLink preferredKey="CH3OH"  CAS="67-56-1"    InChI="1S/CH4O/c1-2/h2H,1H3"  SMILES="CO"   chemName="methanol" /><amount units="mole fraction" >0.00943</amount></component>
            <component><speciesLink preferredKey="O2"     CAS="7782-44-7"  InChI="1S/O2/c1-2"            SMILES="O=O"  chemName="oxygen"   /><amount units="mole fraction" >0.01160</amount></component>
            <component><speciesLink preferredKey="N2"     CAS="7727-37-9"  InChI="1S/N2/c1-2"            SMILES="N#N"  chemName="nitrogen" /><amount units="mole fraction" >0.97897</amount></component>
        </property>
        <property name="evaluated standard deviation"  sourcetype="reported"  units="mole faction"   reference="composition"  kind="absolute"  method="reported uncertainty" >
            <speciesLink preferredKey="O2"     CAS="7782-44-7"  InChI="1S/O2/c1-2"            SMILES="O=O"        chemName="oxygen"          />
            <value>0.00115</value>
        </property>
        <property name="evaluated standard deviation"  sourcetype="reported"  units="mole faction"   reference="composition"  kind="absolute"  method="reported uncertainty" >
            <speciesLink preferredKey="H2"     CAS="1333-74-0"  InChI="1S/H2/h1H"             SMILES="[HH]"       chemName="hydrogen"        />
            <value>0.000356</value>
        </property>
        <property name="evaluated standard deviation"  sourcetype="reported"  units="mole faction"   reference="composition"  kind="absolute"  method="reported uncertainty" >
            <speciesLink preferredKey="CO"     CAS="630-08-0"   InChI="1S/CO/c1-2"            SMILES="[C-]#[O+]"  chemName="carbon monoxide" />
            <value>0.000723</value>
        </property>
        <property name="evaluated standard deviation"  sourcetype="reported"  units="mole faction"   reference="composition"  kind="absolute"  method="reported uncertainty" >
            <speciesLink preferredKey="CO2"    CAS="124-38-9"   InChI="1S/CO2/c2-1-3"         SMILES="C(=O)=O"    chemName="carbon dioxide"  />
            <value>0.000738</value>
        </property>
        <property name="evaluated standard deviation"  sourcetype="reported"  units="mole faction"   reference="composition"  kind="absolute"  method="reported uncertainty" >
            <speciesLink preferredKey="CH2O"   CAS="50-00-0"    InChI="1S/CH2O/c1-2/h1H2"     SMILES="C=O"        chemName="formaldehyde"    />
            <value>9.19e-5</value>
        </property>
        <property name="evaluated standard deviation"  sourcetype="reported"  units="mole faction"   reference="composition"  kind="absolute"  method="reported uncertainty" >
            <speciesLink preferredKey="CH3OH"  CAS="67-56-1"    InChI="1S/CH4O/c1-2/h2H,1H3"  SMILES="CO"         chemName="methanol"        />
            <value>0.000935</value>
        </property>
    </commonProperties>
    <dataGroup id="dg1">
        <property name="time"         id="x1"   label="t"        sourcetype="digitized"  units="ms"            />
        <property name="composition"  id="x2"   label="[CH3OH]"  sourcetype="digitized"  units="mole fraction" >
            <speciesLink preferredKey="CH3OH"  CAS="67-56-1"    InChI="1S/CH4O/c1-2/h2H,1H3"  SMILES="CO"         chemName="methanol"        />
        </property>
        <property name="composition"  id="x3"   label="[O2]"     sourcetype="digitized"  units="mole fraction" >
            <speciesLink preferredKey="O2"     CAS="7782-44-7"  InChI="1S/O2/c1-2"            SMILES="O=O"        chemName="oxygen"          />
        </property>
        <property name="composition"  id="x4"   label="[CO2]"    sourcetype="digitized"  units="mole fraction" >
            <speciesLink preferredKey="CO2"    CAS="124-38-9"   InChI="1S/CO2/c2-1-3"         SMILES="C(=O)=O"    chemName="carbon dioxide"  />
        </property>
        <property name="composition"  id="x5"   label="[CO]"     sourcetype="digitized"  units="mole fraction" >
            <speciesLink preferredKey="CO"     CAS="630-08-0"   InChI="1S/CO/c1-2"            SMILES="[C-]#[O+]"  chemName="carbon monoxide" />
        </property>
        <property name="composition"  id="x6"   label="[H2]"     sourcetype="digitized"  units="mole fraction" >
            <speciesLink preferredKey="H2"     CAS="1333-74-0"  InChI="1S/H2/h1H"             SMILES="[HH]"       chemName="hydrogen"        />
        </property>
        <property name="composition"  id="x7"   label="[CH2O]"   sourcetype="digitized"  units="mole fraction" >
            <speciesLink preferredKey="CH2O"   CAS="50-00-0"    InChI="1S/CH2O/c1-2/h1H2"     SMILES="C=O"        chemName="formaldehyde"    />
        </property>
        <property name="temperature"  id="x8"   label="T"        sourcetype="digitized"  units="K"             />

        <dataPoint><x1>03.07</x1><x2>9.348E-03</x2><x3>1.152E-02</x3><x4>0.000E+00</x4><x5>6.140E-05</x5><x6>1.094E-04</x6><x7>7.710E-05</x7><x8>1029.6</x8></dataPoint>
        <dataPoint><x1>05.21</x1><x2>9.206E-03</x2><x3>1.124E-02</x3><x4>9.350E-05</x4><x5>1.548E-04</x5><x6>1.708E-04</x6><x7>2.157E-04</x7><x8>1031.2</x8></dataPoint>
        <dataPoint><x1>09.52</x1><x2>8.771E-03</x2><x3>1.083E-02</x3><x4>7.750E-05</x4><x5>4.216E-04</x5><x6>3.416E-04</x6><x7>4.343E-04</x7><x8>1033.3</x8></dataPoint>
        <dataPoint><x1>15.72</x1><x2>7.429E-03</x2><x3>1.011E-02</x3><x4>1.229E-04</x4><x5>9.660E-04</x5><x6>4.990E-04</x6><x7>7.941E-04</x7><x8>1039.3</x8></dataPoint>
        <dataPoint><x1>23.88</x1><x2>5.884E-03</x2><x3>9.186E-03</x3><x4>2.164E-04</x4><x5>2.089E-03</x5><x6>9.660E-04</x6><x7>9.186E-04</x7><x8>1047.9</x8></dataPoint>
        <dataPoint><x1>32.20</x1><x2>4.307E-03</x2><x3>7.886E-03</x3><x4>3.420E-04</x4><x5>3.557E-03</x5><x6>1.638E-03</x6><x7>9.015E-04</x7><x8>1059.0</x8></dataPoint>
        <dataPoint><x1>40.59</x1><x2>2.839E-03</x2><x3>6.699E-03</x3><x4>4.836E-04</x4><x5>4.947E-03</x5><x6>2.199E-03</x6><x7>6.492E-04</x7><x8>1072.0</x8></dataPoint>
        <dataPoint><x1>47.93</x1><x2>1.887E-03</x2><x3>5.837E-03</x3><x4>6.092E-04</x4><x5>6.007E-03</x5><x6>2.730E-03</x6><x7>5.093E-04</x7><x8>1081.4</x8></dataPoint>
        <dataPoint><x1>56.06</x1><x2>1.107E-03</x2><x3>5.179E-03</x3><x4>7.321E-04</x4><x5>6.789E-03</x5><x6>3.103E-03</x6><x7>3.185E-04</x7><x8>1087.4</x8></dataPoint>
        <dataPoint><x1>64.19</x1><x2>6.698E-04</x2><x3>4.662E-03</x3><x4>9.218E-04</x4><x5>7.226E-03</x5><x6>3.557E-03</x6><x7>2.559E-04</x7><x8>1093.1</x8></dataPoint>
        <dataPoint><x1>72.75</x1><x2>3.416E-04</x2><x3>3.411E-03</x3><x4>2.076E-03</x4><x5>6.882E-03</x5><x6>2.965E-03</x6><x7>1.453E-04</x7><x8>1106.6</x8></dataPoint>
        <dataPoint><x1>80.81</x1><x2>1.094E-04</x2><x3>1.317E-03</x3><x4>4.780E-03</x4><x5>4.870E-03</x5><x6>1.919E-03</x6><x7>2.539E-06</x7><x8>1135.2</x8></dataPoint>
        <dataPoint><x1>88.55</x1><x2>2.940E-05</x2><x3>2.367E-04</x3><x4>6.704E-03</x4><x5>2.997E-03</x5><x6>1.793E-03</x6><x7>0.000E+00</x7><x8>1154.0</x8></dataPoint>
        <dataPoint><x1>96.19</x1><x2>0.000E+00</x2><x3>1.261E-04</x3><x4>7.375E-03</x4><x5>2.292E-03</x5><x6>2.028E-03</x6><x7>0.000E+00</x7><x8>1158.4</x8></dataPoint>
    </dataGroup>
    <timeshift target="CH3OH" type="half decrease"/>
</experiment>
