<experiment>
    <fileAuthor>Chemical Kinetics Laboratory, Institute of Chemistry, ELTE, Budapest, Hungary</fileAuthor>
    <fileDOI>10.24388/x30002207CH2O</fileDOI>
    <fileVersion>
        <major>1</major>
        <minor>0</minor>
    </fileVersion>
    <ReSpecThVersion>
        <major>2</major>
        <minor>3</minor>
    </ReSpecThVersion>
    <firstPublicationDate>2016-12-05</firstPublicationDate>
    <lastModificationDate>2020-11-18</lastModificationDate>
    <bibliographyLink>
        <description>S. Hochgreb, F.L. Dryer, Combust. Flame 91, 1992, 285-287, Fig. 1c</description>
        <referenceDOI>10.1016/0010-2180(92)90058-w</referenceDOI>
        <location>Main article</location>
        <figure>Fig. 1c</figure>
        <details>
            <author>Hochgreb, S and Dryer, F L</author>
            <journal>Combust Flame</journal>
            <number>3--4</number>
            <pages>257--284</pages>
            <title>A Comprehensive Study on CH$_{2}$O Oxidation Kinetics</title>
            <volume>91</volume>
            <year>1992</year>
        </details>
    </bibliographyLink>
    <experimentType>concentration time profile measurement</experimentType>
    <apparatus>
        <kind>flow reactor</kind>
        <mode>turbulent</mode>
    </apparatus>
    <commonProperties>
        <property name="pressure"                      label="P"  sourcetype="reported"   units="atm"           ><value>1</value></property>
        <property name="temperature"                   label="T"  sourcetype="reported"   units="K"             ><value>945</value></property>
        <property name="initial composition"           sourcetype="reported"  >
            <component><speciesLink preferredKey="CH2O"  CAS="50-00-0"    InChI="1S/CH2O/c1-2/h1H2"  SMILES="C=O"  chemName="formaldehyde" /><amount units="mole fraction" >0.005140</amount></component>
            <component><speciesLink preferredKey="O2"    CAS="7782-44-7"  InChI="1S/O2/c1-2"         SMILES="O=O"  chemName="oxygen"       /><amount units="mole fraction" >0.000140</amount></component>
            <component><speciesLink preferredKey="N2"    CAS="7727-37-9"  InChI="1S/N2/c1-2"         SMILES="N#N"  chemName="nitrogen"     /><amount units="mole fraction" >0.994720</amount></component>
        </property>
        <property name="evaluated standard deviation"  sourcetype="estimated"  units="mole faction"   reference="composition"  kind="absolute"  method="generic uncertainty" >
            <speciesLink preferredKey="CH2O"  CAS="50-00-0"    InChI="1S/CH2O/c1-2/h1H2"  SMILES="C=O"        chemName="formaldehyde"    />
            <value>0.000522</value>
        </property>
        <property name="evaluated standard deviation"  sourcetype="estimated"  units="mole faction"   reference="composition"  kind="absolute"  method="generic uncertainty" >
            <speciesLink preferredKey="CO"    CAS="630-08-0"   InChI="1S/CO/c1-2"         SMILES="[C-]#[O+]"  chemName="carbon monoxide" />
            <value>0.000262</value>
        </property>
        <property name="evaluated standard deviation"  sourcetype="estimated"  units="mole faction"   reference="composition"  kind="absolute"  method="generic uncertainty" >
            <speciesLink preferredKey="H2"    CAS="1333-74-0"  InChI="1S/H2/h1H"          SMILES="[HH]"       chemName="hydrogen"        />
            <value>0.000249</value>
        </property>
        <property name="evaluated standard deviation"  sourcetype="estimated"  units="mole faction"   reference="composition"  kind="absolute"  method="generic uncertainty" >
            <speciesLink preferredKey="O2"    CAS="7782-44-7"  InChI="1S/O2/c1-2"         SMILES="O=O"        chemName="oxygen"          />
            <value>1.47e-5</value>
        </property>
    </commonProperties>
    <dataGroup id="dg1">
        <property name="time"         id="x1"   label="t"       sourcetype="digitzed"    units="s"             />
        <property name="composition"  id="x2"   label="[CH2O]"  sourcetype="digitzed"    units="mole fraction" >
            <speciesLink preferredKey="CH2O"  CAS="50-00-0"    InChI="1S/CH2O/c1-2/h1H2"  SMILES="C=O"        chemName="formaldehyde"    />
        </property>
        <property name="composition"  id="x3"   label="[CO]"    sourcetype="digitzed"    units="mole fraction" >
            <speciesLink preferredKey="CO"    CAS="630-08-0"   InChI="1S/CO/c1-2"         SMILES="[C-]#[O+]"  chemName="carbon monoxide" />
        </property>
        <property name="composition"  id="x4"   label="[H2]"    sourcetype="digitzed"    units="mole fraction" >
            <speciesLink preferredKey="H2"    CAS="1333-74-0"  InChI="1S/H2/h1H"          SMILES="[HH]"       chemName="hydrogen"        />
        </property>
        <property name="composition"  id="x5"   label="[O2]"    sourcetype="digitzed"    units="mole fraction" >
            <speciesLink preferredKey="O2"    CAS="7782-44-7"  InChI="1S/O2/c1-2"         SMILES="O=O"        chemName="oxygen"          />
        </property>
        <property name="temperature"  id="x6"   label="T"       sourcetype="calculated"  units="K"             />

        <dataPoint><x1>0.0052</x1><x2>5.220E-03</x2><x3>1.380E-04</x3><x4>2.156E-04</x4><x5>1.373E-04</x5><x6>942.0</x6></dataPoint>
        <dataPoint><x1>0.0098</x1><x2>4.810E-03</x2><x3>2.951E-04</x3><x4>3.104E-04</x4><x5>1.466E-04</x5><x6>942.0</x6></dataPoint>
        <dataPoint><x1>0.0164</x1><x2>4.780E-03</x2><x3>4.334E-04</x3><x4>4.924E-04</x4><x5>1.383E-04</x5><x6>942.9</x6></dataPoint>
        <dataPoint><x1>0.0279</x1><x2>4.720E-03</x2><x3>6.683E-04</x3><x4>6.573E-04</x4><x5>1.320E-04</x5><x6>942.9</x6></dataPoint>
        <dataPoint><x1>0.0407</x1><x2>4.240E-03</x2><x3>8.254E-04</x3><x4>8.312E-04</x4><x5>1.405E-04</x5><x6>944.3</x6></dataPoint>
        <dataPoint><x1>0.0542</x1><x2>3.890E-03</x2><x3>1.030E-03</x3><x4>1.030E-03</x4><x5>1.417E-04</x5><x6>943.9</x6></dataPoint>
        <dataPoint><x1>0.0654</x1><x2>3.920E-03</x2><x3>1.420E-03</x3><x4>1.390E-03</x4><x5>1.353E-04</x5><x6>944.2</x6></dataPoint>
        <dataPoint><x1>0.0788</x1><x2>3.530E-03</x2><x3>1.570E-03</x3><x4>1.590E-03</x4><x5>1.365E-04</x5><x6>942.9</x6></dataPoint>
        <dataPoint><x1>0.0915</x1><x2>3.180E-03</x2><x3>1.690E-03</x3><x4>1.700E-03</x4><x5>1.376E-04</x5><x6>944.3</x6></dataPoint>
        <dataPoint><x1>0.1049</x1><x2>3.160E-03</x2><x3>1.990E-03</x3><x4>1.990E-03</x4><x5>1.300E-04</x5><x6>944.2</x6></dataPoint>
        <dataPoint><x1>0.1176</x1><x2>3.100E-03</x2><x3>2.110E-03</x3><x4>2.080E-03</x4><x5>1.399E-04</x5><x6>944.4</x6></dataPoint>
        <dataPoint><x1>0.1288</x1><x2>2.670E-03</x2><x3>2.210E-03</x3><x4>2.150E-03</x4><x5>1.409E-04</x5><x6>945.0</x6></dataPoint>
        <dataPoint><x1>0.1425</x1><x2>2.640E-03</x2><x3>2.360E-03</x3><x4>2.330E-03</x4><x5>1.333E-04</x5><x6>944.5</x6></dataPoint>
        <dataPoint><x1>0.1551</x1><x2>2.630E-03</x2><x3>2.620E-03</x3><x4>2.470E-03</x4><x5>1.432E-04</x5><x6>944.5</x6></dataPoint>
        <dataPoint><x1>0.1682</x1><x2>2.230E-03</x2><x3>2.550E-03</x3><x4>2.490E-03</x4><x5>1.267E-04</x5><x6>943.4</x6></dataPoint>
    </dataGroup>
    <timeshift target="CH2O" type="relative decrease" amount="0.71"/>
</experiment>
