<experiment>
    <fileAuthor>Chemical Kinetics Laboratory, Institute of Chemistry, ELTE, Budapest, Hungary</fileAuthor>
    <fileDOI>10.24388/x30002210CH2O</fileDOI>
    <fileVersion>
        <major>1</major>
        <minor>0</minor>
    </fileVersion>
    <ReSpecThVersion>
        <major>2</major>
        <minor>3</minor>
    </ReSpecThVersion>
    <firstPublicationDate>2016-12-05</firstPublicationDate>
    <lastModificationDate>2020-11-18</lastModificationDate>
    <bibliographyLink>
        <description>J. Li, Z. Zhao, A. Kazakhov, M. Chaos, F.L. Dryer, J.J. Scire, Jr., Int. J. Chem. Kinet. 109 (2007), 109-136</description>
        <referenceDOI>10.1002/kin.20218</referenceDOI>
        <location>Main article</location>
        <figure>Fig. 20a</figure>
        <details>
            <author>Li, J and Zhao, Z W and Kazakov, A and Chaos, M and Dryer, F L and Scire, J J Jr</author>
            <journal>Int J Chem Kinet</journal>
            <number>3</number>
            <pages>109--136</pages>
            <title>A Comprehensive Kinetic Mechanism for CO, CH$_{2}$O, and CH$_{3}$OH Combustion</title>
            <volume>39</volume>
            <year>2007</year>
        </details>
    </bibliographyLink>
    <experimentType>concentration time profile measurement</experimentType>
    <apparatus>
        <kind>flow reactor</kind>
        <mode>turbulent</mode>
    </apparatus>
    <commonProperties>
        <property name="pressure"                      label="P"  sourcetype="reported"   units="atm"           ><value>6.0</value></property>
        <property name="temperature"                   label="T"  sourcetype="reported"   units="K"             ><value>852</value></property>
        <property name="initial composition"           sourcetype="reported"  >
            <component><speciesLink preferredKey="CH2O"  CAS="50-00-0"    InChI="1S/CH2O/c1-2/h1H2"  SMILES="C=O"  chemName="formaldehyde" /><amount units="mole fraction" >0.000100</amount></component>
            <component><speciesLink preferredKey="O2"    CAS="7782-44-7"  InChI="1S/O2/c1-2"         SMILES="O=O"  chemName="oxygen"       /><amount units="mole fraction" >0.015000</amount></component>
            <component><speciesLink preferredKey="H2O"   CAS="7732-18-5"  InChI="1S/H2O/h1H2"        SMILES="O"    chemName="water"        /><amount units="mole fraction" >0.003500</amount></component>
            <component><speciesLink preferredKey="N2"    CAS="7727-37-9"  InChI="1S/N2/c1-2"         SMILES="N#N"  chemName="nitrogen"     /><amount units="mole fraction" >0.981400</amount></component>
        </property>
        <property name="evaluated standard deviation"  sourcetype="estimated"  units="mole faction"   reference="composition"  kind="absolute"  method="generic uncertainty" >
            <speciesLink preferredKey="CH2O"  CAS="50-00-0"    InChI="1S/CH2O/c1-2/h1H2"  SMILES="C=O"        chemName="formaldehyde"    />
            <value>8.81e-6</value>
        </property>
        <property name="evaluated standard deviation"  sourcetype="estimated"  units="mole faction"   reference="composition"  kind="absolute"  method="generic uncertainty" >
            <speciesLink preferredKey="CO"    CAS="630-08-0"   InChI="1S/CO/c1-2"         SMILES="[C-]#[O+]"  chemName="carbon monoxide" />
            <value>8.93e-6</value>
        </property>
        <property name="evaluated standard deviation"  sourcetype="estimated"  units="mole faction"   reference="composition"  kind="absolute"  method="generic uncertainty" >
            <speciesLink preferredKey="H2O"   CAS="7732-18-5"  InChI="1S/H2O/h1H2"        SMILES="O"          chemName="water"           />
            <value>0.000353</value>
        </property>
    </commonProperties>
    <dataGroup id="dg1">
        <property name="time"         id="x1"   label="t"       sourcetype="reported"  units="s"             />
        <property name="composition"  id="x2"   label="[CH2O]"  sourcetype="reported"  units="mole fraction" >
            <speciesLink preferredKey="CH2O"  CAS="50-00-0"    InChI="1S/CH2O/c1-2/h1H2"  SMILES="C=O"        chemName="formaldehyde"    />
        </property>
        <property name="composition"  id="x3"   label="[CO]"    sourcetype="reported"  units="mole fraction" >
            <speciesLink preferredKey="CO"    CAS="630-08-0"   InChI="1S/CO/c1-2"         SMILES="[C-]#[O+]"  chemName="carbon monoxide" />
        </property>
        <property name="composition"  id="x4"   label="[H2O]"   sourcetype="reported"  units="mole fraction" >
            <speciesLink preferredKey="H2O"   CAS="7732-18-5"  InChI="1S/H2O/h1H2"        SMILES="O"          chemName="water"           />
        </property>

        <dataPoint><x1>0.4054</x1><x2>8.809E-05</x2><x3>1.035E-05</x3><x4>3.451E-03</x4></dataPoint>
        <dataPoint><x1>0.4478</x1><x2>8.496E-05</x2><x3>1.372E-05</x3><x4>3.451E-03</x4></dataPoint>
        <dataPoint><x1>0.4982</x1><x2>8.039E-05</x2><x3>1.757E-05</x3><x4>3.451E-03</x4></dataPoint>
        <dataPoint><x1>0.5507</x1><x2>7.629E-05</x2><x3>2.214E-05</x3><x4>3.466E-03</x4></dataPoint>
        <dataPoint><x1>0.6024</x1><x2>7.028E-05</x2><x3>2.816E-05</x3><x4>3.466E-03</x4></dataPoint>
        <dataPoint><x1>0.6550</x1><x2>6.354E-05</x2><x3>3.442E-05</x3><x4>3.473E-03</x4></dataPoint>
        <dataPoint><x1>0.7075</x1><x2>5.656E-05</x2><x3>4.164E-05</x3><x4>3.466E-03</x4></dataPoint>
        <dataPoint><x1>0.7592</x1><x2>4.862E-05</x2><x3>5.078E-05</x3><x4>3.502E-03</x4></dataPoint>
        <dataPoint><x1>0.8129</x1><x2>4.140E-05</x2><x3>5.752E-05</x3><x4>3.509E-03</x4></dataPoint>
        <dataPoint><x1>0.8670</x1><x2>3.321E-05</x2><x3>6.522E-05</x3><x4>3.495E-03</x4></dataPoint>
        <dataPoint><x1>0.9183</x1><x2>2.768E-05</x2><x3>7.028E-05</x3><x4>3.487E-03</x4></dataPoint>
        <dataPoint><x1>0.9708</x1><x2>2.142E-05</x2><x3>7.653E-05</x3><x4>3.502E-03</x4></dataPoint>
        <dataPoint><x1>1.0254</x1><x2>1.613E-05</x2><x3>8.159E-05</x3><x4>3.509E-03</x4></dataPoint>
        <dataPoint><x1>1.0791</x1><x2>1.107E-05</x2><x3>8.640E-05</x3><x4>3.531E-03</x4></dataPoint>
        <dataPoint><x1>1.1312</x1><x2>7.702E-06</x2><x3>8.929E-05</x3><x4>3.531E-03</x4></dataPoint>
    </dataGroup>
    <timeshift target="CH2O" type="half decrease"/>
</experiment>
