<experiment>
    <fileAuthor>Chemical Kinetics Laboratory, Institute of Chemistry, ELTE, Budapest, Hungary</fileAuthor>
    <fileDOI>10.24388/x30002029CH4_x</fileDOI>
    <fileVersion>
        <major>1</major>
        <minor>0</minor>
    </fileVersion>
    <ReSpecThVersion>
        <major>2</major>
        <minor>3</minor>
    </ReSpecThVersion>
    <firstPublicationDate>2016-12-05</firstPublicationDate>
    <lastModificationDate>2020-11-18</lastModificationDate>
    <bibliographyLink>
        <description>W.-C. Ing, C.Y. Sheng, J.W. Bozzelli, Fuel Processing Technology 83 (2003), 111-145</description>
        <referenceDOI>10.1016/S0378-3820(03)00062-6</referenceDOI>
        <location>Main article</location>
        <figure>Fig. 7, methanol+methane</figure>
        <details>
            <author>Ing, Wen-Chiun and Sheng, Chad Y and Bozzelli, Joseph W</author>
            <journal>Fuel Process Technol</journal>
            <number>1--3</number>
            <pages>111--145</pages>
            <title>Development of a detailed high-pressure reaction model for methane/methanol mixtures under pyrolytic and oxidative conditions and comparison with experimental data</title>
            <volume>83</volume>
            <year>2003</year>
        </details>
    </bibliographyLink>
    <experimentType>concentration time profile measurement</experimentType>
    <apparatus>
        <kind>flow reactor</kind>
        <mode>laminar</mode>
    </apparatus>
    <commonProperties>
        <property name="pressure"                      label="P"  sourcetype="reported"   units="atm"           ><value>5</value></property>
        <property name="temperature"                   label="T"  sourcetype="reported"   units="K"             ><value>873</value></property>
        <property name="initial composition"           sourcetype="reported"  >
            <component><speciesLink preferredKey="CH3OH"  CAS="67-56-1"    InChI="1S/CH4O/c1-2/h2H,1H3"  SMILES="CO"    chemName="methanol" /><amount units="mole fraction" >0.00780</amount></component>
            <component><speciesLink preferredKey="CH4"    CAS="74-82-8"    InChI="1S/CH4/h1H4"           SMILES="C"     chemName="methane"  /><amount units="mole fraction" >0.00780</amount></component>
            <component><speciesLink preferredKey="O2"     CAS="7782-44-7"  InChI="1S/O2/c1-2"            SMILES="O=O"   chemName="oxygen"   /><amount units="mole fraction" >0.02730</amount></component>
            <component><speciesLink preferredKey="Ar"     CAS="7440-37-1"  InChI="1S/Ar"                 SMILES="[Ar]"  chemName="argon"    /><amount units="mole fraction" >0.95710</amount></component>
        </property>
        <property name="evaluated standard deviation"  sourcetype="estimated"  units="mole faction"   reference="composition"  kind="absolute"  method="generic uncertainty" >
            <speciesLink preferredKey="CH3OH"  CAS="67-56-1"    InChI="1S/CH4O/c1-2/h2H,1H3"  SMILES="CO"         chemName="methanol"        />
            <value>0.000646</value>
        </property>
        <property name="evaluated standard deviation"  sourcetype="estimated"  units="mole faction"   reference="composition"  kind="absolute"  method="generic uncertainty" >
            <speciesLink preferredKey="CO2"    CAS="124-38-9"   InChI="1S/CO2/c2-1-3"         SMILES="C(=O)=O"    chemName="carbon dioxide"  />
            <value>0.00013</value>
        </property>
        <property name="evaluated standard deviation"  sourcetype="estimated"  units="mole faction"   reference="composition"  kind="absolute"  method="generic uncertainty" >
            <speciesLink preferredKey="CO"     CAS="630-08-0"   InChI="1S/CO/c1-2"            SMILES="[C-]#[O+]"  chemName="carbon monoxide" />
            <value>0.00103</value>
        </property>
        <property name="evaluated standard deviation"  sourcetype="estimated"  units="mole faction"   reference="composition"  kind="absolute"  method="generic uncertainty" >
            <speciesLink preferredKey="CH4"    CAS="74-82-8"    InChI="1S/CH4/h1H4"           SMILES="C"          chemName="methane"         />
            <value>0.00073</value>
        </property>
        <property name="evaluated standard deviation"  sourcetype="estimated"  units="mole faction"   reference="composition"  kind="absolute"  method="statistical scatter" >
            <speciesLink preferredKey="CH2O"   CAS="50-00-0"    InChI="1S/CH2O/c1-2/h1H2"     SMILES="C=O"        chemName="formaldehyde"    />
            <value>0.000125</value>
        </property>
        <property name="evaluated standard deviation"  sourcetype="estimated"  units="mole faction"   reference="composition"  kind="absolute"  method="generic uncertainty" >
            <speciesLink preferredKey="C2H6"   CAS="74-84-0"    InChI="1S/C2H6/c1-2/h1-2H3"   SMILES="CC"         chemName="ethane"          />
            <value>2.6e-6</value>
        </property>
        <property name="evaluated standard deviation"  sourcetype="estimated"  units="mole faction"   reference="composition"  kind="absolute"  method="generic uncertainty" >
            <speciesLink preferredKey="C2H4"   CAS="74-85-1"    InChI="1S/C2H4/c1-2/h1-2H2"   SMILES="C=C"        chemName="ethene"          />
            <value>3.44e-6</value>
        </property>
    </commonProperties>
    <dataGroup id="dg1">
        <property name="time"         id="x1"   label="t"        sourcetype="digitized"  units="s"             />
        <property name="composition"  id="x2"   label="[CH3OH]"  sourcetype="digitized"  units="mole fraction" >
            <speciesLink preferredKey="CH3OH"  CAS="67-56-1"   InChI="1S/CH4O/c1-2/h2H,1H3"  SMILES="CO"         chemName="methanol"        />
        </property>
        <property name="composition"  id="x3"   label="[CO2]"    sourcetype="digitized"  units="mole fraction" >
            <speciesLink preferredKey="CO2"    CAS="124-38-9"  InChI="1S/CO2/c2-1-3"         SMILES="C(=O)=O"    chemName="carbon dioxide"  />
        </property>
        <property name="composition"  id="x4"   label="[CO]"     sourcetype="digitized"  units="mole fraction" >
            <speciesLink preferredKey="CO"     CAS="630-08-0"  InChI="1S/CO/c1-2"            SMILES="[C-]#[O+]"  chemName="carbon monoxide" />
        </property>
        <property name="composition"  id="x5"   label="[CH4]"    sourcetype="digitized"  units="mole fraction" >
            <speciesLink preferredKey="CH4"    CAS="74-82-8"   InChI="1S/CH4/h1H4"           SMILES="C"          chemName="methane"         />
        </property>
        <property name="composition"  id="x6"   label="[CH2O]"   sourcetype="digitized"  units="mole fraction" >
            <speciesLink preferredKey="CH2O"   CAS="50-00-0"   InChI="1S/CH2O/c1-2/h1H2"     SMILES="C=O"        chemName="formaldehyde"    />
        </property>
        <property name="composition"  id="x7"   label="[C2H6]"   sourcetype="digitized"  units="mole fraction" >
            <speciesLink preferredKey="C2H6"   CAS="74-84-0"   InChI="1S/C2H6/c1-2/h1-2H3"   SMILES="CC"         chemName="ethane"          />
        </property>
        <property name="composition"  id="x8"   label="[C2H4]"   sourcetype="digitized"  units="mole fraction" >
            <speciesLink preferredKey="C2H4"   CAS="74-85-1"   InChI="1S/C2H4/c1-2/h1-2H2"   SMILES="C=C"        chemName="ethene"          />
        </property>

        <dataPoint><x1>0.5</x1><x2>6.464E-03</x2><x3>0.000E+00</x3><x4>2.253E-04</x4><x5>7.296E-03</x5><x6>5.092E-04</x6><x7>2.772E-06</x7><x8>-1.00E-00</x8></dataPoint>
        <dataPoint><x1>0.6</x1><x2>6.257E-03</x2><x3>0.000E+00</x3><x4>3.120E-04</x4><x5>7.262E-03</x5><x6>5.878E-04</x6><x7>2.267E-06</x7><x8>-1.00E-00</x8></dataPoint>
        <dataPoint><x1>0.7</x1><x2>5.823E-03</x2><x3>3.466E-05</x3><x4>5.546E-04</x4><x5>7.192E-03</x5><x6>6.984E-04</x6><x7>2.733E-06</x7><x8>-1.00E-00</x8></dataPoint>
        <dataPoint><x1>0.8</x1><x2>5.494E-03</x2><x3>3.466E-05</x3><x4>1.075E-03</x4><x5>7.192E-03</x5><x6>7.834E-04</x6><x7>3.539E-06</x7><x8>-1.00E-00</x8></dataPoint>
        <dataPoint><x1>0.9</x1><x2>5.147E-03</x2><x3>6.932E-05</x3><x4>1.664E-03</x4><x5>6.932E-03</x5><x6>1.000E-03</x6><x7>4.027E-06</x7><x8>-1.00E-00</x8></dataPoint>
        <dataPoint><x1>1.0</x1><x2>4.402E-03</x2><x3>8.666E-05</x3><x4>2.704E-03</x4><x5>6.638E-03</x5><x6>1.029E-03</x6><x7>4.784E-06</x7><x8>-1.00E-00</x8></dataPoint>
        <dataPoint><x1>1.1</x1><x2>2.010E-03</x2><x3>2.946E-04</x3><x4>6.291E-03</x4><x5>5.667E-03</x5><x6>6.137E-04</x6><x7>1.054E-05</x7><x8>1.751E-06</x8></dataPoint>
        <dataPoint><x1>1.2</x1><x2>1.924E-03</x2><x3>3.293E-04</x3><x4>6.846E-03</x4><x5>5.477E-03</x5><x6>5.963E-04</x6><x7>1.054E-05</x7><x8>2.694E-06</x8></dataPoint>
        <dataPoint><x1>1.3</x1><x2>7.799E-04</x2><x3>6.932E-04</x3><x4>8.995E-03</x4><x5>4.489E-03</x5><x6>2.993E-04</x6><x7>2.100E-05</x7><x8>1.149E-05</x8></dataPoint>
        <dataPoint><x1>1.4</x1><x2>4.853E-04</x2><x3>8.492E-04</x3><x4>9.601E-03</x4><x5>4.125E-03</x5><x6>2.246E-04</x6><x7>2.224E-05</x7><x8>1.467E-05</x8></dataPoint>
        <dataPoint><x1>1.5</x1><x2>1.906E-04</x2><x3>1.075E-03</x3><x4>9.844E-03</x4><x5>3.744E-03</x5><x6>1.502E-04</x6><x7>2.605E-05</x7><x8>2.424E-05</x8></dataPoint>
        <dataPoint><x1>2.0</x1><x2>1.040E-04</x2><x3>1.300E-03</x3><x4>1.033E-02</x4><x5>3.206E-03</x5><x6>1.095E-04</x6><x7>2.460E-05</x7><x8>2.460E-05</x8></dataPoint>
    </dataGroup>
    <timeshift target="CH3OH" type="half decrease"/>
</experiment>
