<experiment>
    <fileAuthor>Chemical Kinetics Laboratory, Institute of Chemistry, ELTE, Budapest, Hungary</fileAuthor>
    <fileDOI>10.24388/x30002020</fileDOI>
    <fileVersion>
        <major>1</major>
        <minor>0</minor>
    </fileVersion>
    <ReSpecThVersion>
        <major>2</major>
        <minor>3</minor>
    </ReSpecThVersion>
    <firstPublicationDate>2016-12-05</firstPublicationDate>
    <lastModificationDate>2020-11-18</lastModificationDate>
    <bibliographyLink>
        <description>V. Aranda, J.M. Christensen, M.U. Alzueta, P. Glarborg, S. Gersen, Y. Gao, P. Marshall, Int. J. Chem. Kinet. 45 (2013), 283-294</description>
        <referenceDOI>10.1002/kin.20764</referenceDOI>
        <location>Main article</location>
        <figure>Fig. 5 (set 2)</figure>
        <details>
            <author>Aranda, V and Christensen, J M and Alzueta, M U and Glarborg, P and Gersen, S and Gao, Y and Marshall, P</author>
            <journal>Int J Chem Kinet</journal>
            <number>5</number>
            <pages>283--294</pages>
            <title>Experimental and Kinetic Modeling Study of Methanol Ignition and Oxidation at High Pressure</title>
            <volume>45</volume>
            <year>2013</year>
        </details>
    </bibliographyLink>
    <experimentType>outlet concentration measurement</experimentType>
    <apparatus>
        <kind>flow reactor</kind>
        <mode>laminar</mode>
    </apparatus>
    <commonProperties>
        <property name="pressure"                      label="P"  sourcetype="reported"   units="bar"           ><value>50</value></property>
        <property name="initial composition"           sourcetype="reported"  >
            <component><speciesLink preferredKey="CH3OH"  CAS="67-56-1"    InChI="1S/CH4O/c1-2/h2H,1H3"  SMILES="CO"   chemName="methanol" /><amount units="mole fraction" >0.002390</amount></component>
            <component><speciesLink preferredKey="O2"     CAS="7782-44-7"  InChI="1S/O2/c1-2"            SMILES="O=O"  chemName="oxygen"   /><amount units="mole fraction" >0.000939</amount></component>
            <component><speciesLink preferredKey="N2"     CAS="7727-37-9"  InChI="1S/N2/c1-2"            SMILES="N#N"  chemName="nitrogen" /><amount units="mole fraction" >0.996671</amount></component>
        </property>
        <property name="evaluated standard deviation"  sourcetype="estimated"  units="mole faction"   reference="composition"  kind="absolute"  method="statistical scatter" >
            <speciesLink preferredKey="O2"     CAS="7782-44-7"  InChI="1S/O2/c1-2"            SMILES="O=O"        chemName="oxygen"          />
            <value>0.000163</value>
        </property>
        <property name="evaluated standard deviation"  sourcetype="estimated"  units="mole faction"   reference="composition"  kind="absolute"  method="statistical scatter" >
            <speciesLink preferredKey="CO"     CAS="630-08-0"   InChI="1S/CO/c1-2"            SMILES="[C-]#[O+]"  chemName="carbon monoxide" />
            <value>0.000215</value>
        </property>
        <property name="evaluated standard deviation"  sourcetype="estimated"  units="mole faction"   reference="composition"  kind="absolute"  method="statistical scatter" >
            <speciesLink preferredKey="CO2"    CAS="124-38-9"   InChI="1S/CO2/c2-1-3"         SMILES="C(=O)=O"    chemName="carbon dioxide"  />
            <value>3.9e-6</value>
        </property>
        <property name="evaluated standard deviation"  sourcetype="estimated"  units="mole faction"   reference="composition"  kind="absolute"  method="statistical scatter" >
            <speciesLink preferredKey="CH3OH"  CAS="67-56-1"    InChI="1S/CH4O/c1-2/h2H,1H3"  SMILES="CO"         chemName="methanol"        />
            <value>0.000163</value>
        </property>
    </commonProperties>
    <dataGroup id="dg1">
        <property name="temperature"     id="x1"   label="T"        sourcetype="digitized"  units="K"             />
        <property name="residence time"  id="x2"   label="tau"      sourcetype="digitized"  units="s"             />
        <property name="composition"     id="x3"   label="[CH3OH]"  sourcetype="digitized"  units="mole fraction" >
            <speciesLink preferredKey="CH3OH"  CAS="67-56-1"    InChI="1S/CH4O/c1-2/h2H,1H3"  SMILES="CO"         chemName="methanol"        />
        </property>
        <property name="composition"     id="x4"   label="[O2]"     sourcetype="digitized"  units="mole fraction" >
            <speciesLink preferredKey="O2"     CAS="7782-44-7"  InChI="1S/O2/c1-2"            SMILES="O=O"        chemName="oxygen"          />
        </property>
        <property name="composition"     id="x5"   label="[CO2]"    sourcetype="digitized"  units="mole fraction" >
            <speciesLink preferredKey="CO2"    CAS="124-38-9"   InChI="1S/CO2/c2-1-3"         SMILES="C(=O)=O"    chemName="carbon dioxide"  />
        </property>
        <property name="composition"     id="x6"   label="[CO]"     sourcetype="digitized"  units="mole fraction" >
            <speciesLink preferredKey="CO"     CAS="630-08-0"   InChI="1S/CO/c1-2"            SMILES="[C-]#[O+]"  chemName="carbon monoxide" />
        </property>

        <dataPoint><x1>600</x1><x2>2.195</x2><x3>2.387E-03</x3><x4>9.375E-04</x4><x5>0.000E+00</x5><x6>0.000E+00</x6></dataPoint>
        <dataPoint><x1>625</x1><x2>2.107</x2><x3>2.522E-03</x3><x4>9.375E-04</x4><x5>0.000E+00</x5><x6>0.000E+00</x6></dataPoint>
        <dataPoint><x1>650</x1><x2>2.026</x2><x3>2.560E-03</x3><x4>9.246E-04</x4><x5>0.000E+00</x5><x6>0.000E+00</x6></dataPoint>
        <dataPoint><x1>675</x1><x2>1.951</x2><x3>2.628E-03</x3><x4>9.289E-04</x4><x5>0.000E+00</x5><x6>0.000E+00</x6></dataPoint>
        <dataPoint><x1>700</x1><x2>1.881</x2><x3>2.363E-03</x3><x4>9.203E-04</x4><x5>0.000E+00</x5><x6>1.137E-19</x6></dataPoint>
        <dataPoint><x1>725</x1><x2>1.817</x2><x3>2.322E-03</x3><x4>9.116E-04</x4><x5>0.000E+00</x5><x6>1.137E-19</x6></dataPoint>
        <dataPoint><x1>750</x1><x2>1.756</x2><x3>1.818E-03</x3><x4>7.773E-04</x4><x5>0.000E+00</x5><x6>6.753E-05</x6></dataPoint>
        <dataPoint><x1>775</x1><x2>1.699</x2><x3>9.347E-04</x3><x4>1.293E-05</x4><x5>4.245E-05</x5><x6>1.034E-03</x6></dataPoint>
        <dataPoint><x1>800</x1><x2>1.646</x2><x3>5.272E-04</x3><x4>1.293E-05</x4><x5>4.676E-05</x5><x6>1.047E-03</x6></dataPoint>
        <dataPoint><x1>825</x1><x2>1.596</x2><x3>6.666E-04</x3><x4>4.310E-06</x4><x5>5.108E-05</x5><x6>1.076E-03</x6></dataPoint>
        <dataPoint><x1>850</x1><x2>1.549</x2><x3>8.606E-04</x3><x4>4.310E-06</x4><x5>5.108E-05</x5><x6>1.122E-03</x6></dataPoint>
        <dataPoint><x1>875</x1><x2>1.505</x2><x3>8.100E-04</x3><x4>0.000E+00</x4><x5>5.108E-05</x5><x6>1.143E-03</x6></dataPoint>
        <dataPoint><x1>900</x1><x2>1.463</x2><x3>8.235E-04</x3><x4>4.310E-06</x4><x5>5.468E-05</x5><x6>1.181E-03</x6></dataPoint>
    </dataGroup>
</experiment>
