<experiment>
    <fileAuthor>Chemical Kinetics Laboratory, Institute of Chemistry, ELTE, Budapest, Hungary</fileAuthor>
    <fileDOI>10.24388/x30002206CH2O</fileDOI>
    <fileVersion>
        <major>1</major>
        <minor>0</minor>
    </fileVersion>
    <ReSpecThVersion>
        <major>2</major>
        <minor>3</minor>
    </ReSpecThVersion>
    <firstPublicationDate>2016-12-05</firstPublicationDate>
    <lastModificationDate>2020-11-18</lastModificationDate>
    <bibliographyLink>
        <description>S. Hochgreb, R.A. Yetter, F.L. Dryer, Proc. Combust. Inst. 23, 1990, 171-177, Figs. 3 and 4, open square</description>
        <referenceDOI>10.1016/0010-2180(92)90058-w</referenceDOI>
        <location>Main article</location>
        <figure>Figs. 3 and 4, open square</figure>
        <details>
            <author>Hochgreb, S and Dryer, F L</author>
            <journal>Combust Flame</journal>
            <number>3--4</number>
            <pages>257--284</pages>
            <title>A Comprehensive Study on CH$_{2}$O Oxidation Kinetics</title>
            <volume>91</volume>
            <year>1992</year>
        </details>
    </bibliographyLink>
    <experimentType>concentration time profile measurement</experimentType>
    <apparatus>
        <kind>flow reactor</kind>
        <mode>turbulent</mode>
    </apparatus>
    <commonProperties>
        <property name="pressure"                      label="P"  sourcetype="reported"   units="atm"           ><value>1</value></property>
        <property name="temperature"                   label="T"  sourcetype="reported"   units="K"             ><value>994</value></property>
        <property name="initial composition"           sourcetype="reported"  >
            <component><speciesLink preferredKey="CH2O"  CAS="50-00-0"    InChI="1S/CH2O/c1-2/h1H2"  SMILES="C=O"  chemName="formaldehyde" /><amount units="mole fraction" >0.002390</amount></component>
            <component><speciesLink preferredKey="O2"    CAS="7782-44-7"  InChI="1S/O2/c1-2"         SMILES="O=O"  chemName="oxygen"       /><amount units="mole fraction" >0.003414</amount></component>
            <component><speciesLink preferredKey="N2"    CAS="7727-37-9"  InChI="1S/N2/c1-2"         SMILES="N#N"  chemName="nitrogen"     /><amount units="mole fraction" >0.994196</amount></component>
        </property>
        <property name="evaluated standard deviation"  sourcetype="estimated"  units="mole faction"   reference="composition"  kind="absolute"  method="generic uncertainty" >
            <speciesLink preferredKey="CH2O"  CAS="50-00-0"    InChI="1S/CH2O/c1-2/h1H2"  SMILES="C=O"   chemName="formaldehyde" />
            <value>0.00024</value>
        </property>
        <property name="evaluated standard deviation"  sourcetype="estimated"  units="mole faction"   reference="composition"  kind="absolute"  method="generic uncertainty" >
            <speciesLink preferredKey="H2"    CAS="1333-74-0"  InChI="1S/H2/h1H"          SMILES="[HH]"  chemName="hydrogen"     />
            <value>9.16e-5</value>
        </property>
    </commonProperties>
    <dataGroup id="dg1">
        <property name="time"         id="x1"   label="t"       sourcetype="digitized"  units="s"             />
        <property name="composition"  id="x2"   label="[CH2O]"  sourcetype="digitized"  units="mole fraction" >
            <speciesLink preferredKey="CH2O"  CAS="50-00-0"    InChI="1S/CH2O/c1-2/h1H2"  SMILES="C=O"   chemName="formaldehyde" />
        </property>
        <property name="composition"  id="x3"   label="[H2]"    sourcetype="digitized"  units="mole fraction" >
            <speciesLink preferredKey="H2"    CAS="1333-74-0"  InChI="1S/H2/h1H"          SMILES="[HH]"  chemName="hydrogen"     />
        </property>

        <dataPoint><x1>0.0052</x1><x2>2.400E-03</x2><x3>8.935E-05</x3></dataPoint>
        <dataPoint><x1>0.0069</x1><x2>2.260E-03</x2><x3>1.367E-04</x3></dataPoint>
        <dataPoint><x1>0.0099</x1><x2>2.150E-03</x2><x3>2.148E-04</x3></dataPoint>
        <dataPoint><x1>0.0144</x1><x2>1.980E-03</x2><x3>2.220E-04</x3></dataPoint>
        <dataPoint><x1>0.0188</x1><x2>1.780E-03</x2><x3>3.508E-04</x3></dataPoint>
        <dataPoint><x1>0.0245</x1><x2>1.520E-03</x2><x3>4.682E-04</x3></dataPoint>
        <dataPoint><x1>0.0301</x1><x2>1.240E-03</x2><x3>5.462E-04</x3></dataPoint>
        <dataPoint><x1>0.0352</x1><x2>9.650E-04</x2><x3>6.709E-04</x3></dataPoint>
        <dataPoint><x1>0.0410</x1><x2>6.943E-04</x2><x3>7.603E-04</x3></dataPoint>
        <dataPoint><x1>0.0469</x1><x2>5.105E-04</x2><x3>8.229E-04</x3></dataPoint>
        <dataPoint><x1>0.0525</x1><x2>3.037E-04</x2><x3>9.089E-04</x3></dataPoint>
        <dataPoint><x1>0.0574</x1><x2>1.525E-04</x2><x3>9.161E-04</x3></dataPoint>
        <dataPoint><x1>0.0625</x1><x2>1.045E-04</x2><x3>8.378E-04</x3></dataPoint>
    </dataGroup>
    <timeshift target="CH2O" type="half decrease"/>
</experiment>
