<experiment>
    <fileAuthor>Chemical Kinetics Laboratory, Institute of Chemistry, ELTE, Budapest, Hungary</fileAuthor>
    <fileDOI>10.24388/x30002028_x</fileDOI>
    <fileVersion>
        <major>1</major>
        <minor>0</minor>
    </fileVersion>
    <ReSpecThVersion>
        <major>2</major>
        <minor>3</minor>
    </ReSpecThVersion>
    <firstPublicationDate>2016-12-05</firstPublicationDate>
    <lastModificationDate>2020-11-18</lastModificationDate>
    <bibliographyLink>
        <description>W.-C. Ing, C.Y. Sheng, J.W. Bozzelli, Fuel Processing Technology 83 (2003), 111-145</description>
        <referenceDOI>10.1016/S0378-3820(03)00062-6</referenceDOI>
        <location>Main article</location>
        <figure>Fig. 6</figure>
        <details>
            <author>Ing, Wen-Chiun and Sheng, Chad Y and Bozzelli, Joseph W</author>
            <journal>Fuel Process Technol</journal>
            <number>1--3</number>
            <pages>111--145</pages>
            <title>Development of a detailed high-pressure reaction model for methane/methanol mixtures under pyrolytic and oxidative conditions and comparison with experimental data</title>
            <volume>83</volume>
            <year>2003</year>
        </details>
    </bibliographyLink>
    <experimentType>concentration time profile measurement</experimentType>
    <apparatus>
        <kind>flow reactor</kind>
        <mode>laminar</mode>
    </apparatus>
    <commonProperties>
        <property name="pressure"                      label="P"  sourcetype="reported"   units="atm"           ><value>3</value></property>
        <property name="temperature"                   label="T"  sourcetype="reported"   units="K"             ><value>923</value></property>
        <property name="initial composition"           sourcetype="reported"  >
            <component><speciesLink preferredKey="CH3OH"  CAS="67-56-1"    InChI="1S/CH4O/c1-2/h2H,1H3"  SMILES="CO"    chemName="methanol" /><amount units="mole fraction" >0.00780</amount></component>
            <component><speciesLink preferredKey="O2"     CAS="7782-44-7"  InChI="1S/O2/c1-2"            SMILES="O=O"   chemName="oxygen"   /><amount units="mole fraction" >0.01170</amount></component>
            <component><speciesLink preferredKey="Ar"     CAS="7440-37-1"  InChI="1S/Ar"                 SMILES="[Ar]"  chemName="argon"    /><amount units="mole fraction" >0.98050</amount></component>
        </property>
        <property name="evaluated standard deviation"  sourcetype="reported"   units="mole faction"   reference="composition"  kind="absolute"  method="reported uncertainty" >
            <speciesLink preferredKey="CO"     CAS="630-08-0"   InChI="1S/CO/c1-2"            SMILES="[C-]#[O+]"  chemName="carbon monoxide" />
            <value>0.000709</value>
        </property>
        <property name="evaluated standard deviation"  sourcetype="reported"   units="mole faction"   reference="composition"  kind="absolute"  method="reported uncertainty" >
            <speciesLink preferredKey="CO2"    CAS="124-38-9"   InChI="1S/CO2/c2-1-3"         SMILES="C(=O)=O"    chemName="carbon dioxide"  />
            <value>0.000107</value>
        </property>
        <property name="evaluated standard deviation"  sourcetype="estimated"  units="mole faction"   reference="composition"  kind="absolute"  method="statistical scatter"  >
            <speciesLink preferredKey="CH2O"   CAS="50-00-0"    InChI="1S/CH2O/c1-2/h1H2"     SMILES="C=O"        chemName="formaldehyde"    />
            <value>0.000158</value>
        </property>
        <property name="evaluated standard deviation"  sourcetype="reported"   units="mole faction"   reference="composition"  kind="absolute"  method="reported uncertainty" >
            <speciesLink preferredKey="CH3OH"  CAS="67-56-1"    InChI="1S/CH4O/c1-2/h2H,1H3"  SMILES="CO"         chemName="methanol"        />
            <value>0.000714</value>
        </property>
        <property name="evaluated standard deviation"  sourcetype="reported"   units="mole faction"   reference="composition"  kind="absolute"  method="reported uncertainty" >
            <speciesLink preferredKey="CH4"    CAS="74-82-8"    InChI="1S/CH4/h1H4"           SMILES="C"          chemName="methane"         />
            <value>8.69e-7</value>
        </property>
    </commonProperties>
    <dataGroup id="dg1">
        <property name="time"         id="x1"   label="t"        sourcetype="digitized"  units="s"             />
        <property name="composition"  id="x2"   label="[CH3OH]"  sourcetype="digitized"  units="mole fraction" >
            <speciesLink preferredKey="CH3OH"  CAS="67-56-1"   InChI="1S/CH4O/c1-2/h2H,1H3"  SMILES="CO"         chemName="methanol"        />
        </property>
        <property name="composition"  id="x3"   label="[CO2]"    sourcetype="digitized"  units="mole fraction" >
            <speciesLink preferredKey="CO2"    CAS="124-38-9"  InChI="1S/CO2/c2-1-3"         SMILES="C(=O)=O"    chemName="carbon dioxide"  />
        </property>
        <property name="composition"  id="x4"   label="[CO]"     sourcetype="digitized"  units="mole fraction" >
            <speciesLink preferredKey="CO"     CAS="630-08-0"  InChI="1S/CO/c1-2"            SMILES="[C-]#[O+]"  chemName="carbon monoxide" />
        </property>
        <property name="composition"  id="x5"   label="[CH4]"    sourcetype="digitized"  units="mole fraction" >
            <speciesLink preferredKey="CH4"    CAS="74-82-8"   InChI="1S/CH4/h1H4"           SMILES="C"          chemName="methane"         />
        </property>
        <property name="composition"  id="x6"   label="[CH2O]"   sourcetype="digitized"  units="mole fraction" >
            <speciesLink preferredKey="CH2O"   CAS="50-00-0"   InChI="1S/CH2O/c1-2/h1H2"     SMILES="C=O"        chemName="formaldehyde"    />
        </property>

        <dataPoint><x1>0.20</x1><x2>6.800E-03</x2><x3>-1.00E-00</x3><x4>1.470E-05</x4><x5>2.252E-06</x5><x6>1.281E-04</x6></dataPoint>
        <dataPoint><x1>0.30</x1><x2>7.140E-03</x2><x3>2.330E-05</x3><x4>2.192E-04</x4><x5>4.688E-06</x5><x6>6.121E-04</x6></dataPoint>
        <dataPoint><x1>0.35</x1><x2>5.590E-03</x2><x3>2.811E-05</x3><x4>7.646E-04</x4><x5>5.158E-06</x5><x6>8.696E-04</x6></dataPoint>
        <dataPoint><x1>0.40</x1><x2>3.740E-03</x2><x3>7.503E-05</x3><x4>2.130E-03</x4><x5>5.836E-06</x5><x6>8.696E-04</x6></dataPoint>
        <dataPoint><x1>0.45</x1><x2>3.140E-03</x2><x3>1.444E-04</x3><x4>3.550E-03</x4><x5>5.578E-06</x5><x6>8.094E-04</x6></dataPoint>
        <dataPoint><x1>0.50</x1><x2>9.511E-04</x2><x3>4.223E-04</x3><x4>6.060E-03</x4><x5>7.064E-06</x5><x6>2.585E-04</x6></dataPoint>
        <dataPoint><x1>0.60</x1><x2>3.303E-04</x2><x3>7.384E-04</x3><x4>6.950E-03</x4><x5>7.458E-06</x5><x6>7.503E-05</x6></dataPoint>
        <dataPoint><x1>0.70</x1><x2>1.458E-04</x2><x3>9.532E-04</x3><x4>7.090E-03</x4><x5>8.429E-06</x5><x6>1.721E-05</x6></dataPoint>
        <dataPoint><x1>0.80</x1><x2>1.598E-04</x2><x3>1.074E-03</x3><x4>6.830E-03</x4><x5>8.688E-06</x5><x6>-1.00E-00</x6></dataPoint>
    </dataGroup>
    <timeshift target="CH3OH" type="half decrease"/>
</experiment>
