<experiment>
    <fileAuthor>Chemical Kinetics Laboratory, Institute of Chemistry, ELTE, Budapest, Hungary</fileAuthor>
    <fileDOI>10.24388/x30002038</fileDOI>
    <fileVersion>
        <major>1</major>
        <minor>0</minor>
    </fileVersion>
    <ReSpecThVersion>
        <major>2</major>
        <minor>3</minor>
    </ReSpecThVersion>
    <firstPublicationDate>2016-12-05</firstPublicationDate>
    <lastModificationDate>2020-11-18</lastModificationDate>
    <bibliographyLink>
        <description>T.J. Held, F.L. Dryer, Int. J. Chem. Kinet. 30 (1998), 805-830</description>
        <referenceDOI>10.1002/(SICI)1097-4601(1998)30:11%3C805::AID-KIN4%3E3.0.CO;2-Z</referenceDOI>
        <location>Main article</location>
        <figure>Fig. 16</figure>
        <details>
            <author>Held, Timothy J and Dryer, Frederick L</author>
            <journal>Int J Chem Kinet</journal>
            <number>11</number>
            <pages>805--830</pages>
            <title>A Comprehensive Mechanism for Methanol Oxidation</title>
            <volume>30</volume>
            <year>1998</year>
        </details>
    </bibliographyLink>
    <experimentType>concentration time profile measurement</experimentType>
    <apparatus>
        <kind>flow reactor</kind>
        <mode>laminar</mode>
    </apparatus>
    <commonProperties>
        <property name="pressure"                      label="P"  sourcetype="reported"  units="atm"           ><value>15</value></property>
        <property name="temperature"                   label="T"  sourcetype="reported"  units="K"             ><value>783</value></property>
        <property name="initial composition"           sourcetype="reported" >
            <component><speciesLink preferredKey="CH3OH"  CAS="67-56-1"    InChI="1S/CH4O/c1-2/h2H,1H3"  SMILES="CO"   chemName="methanol" /><amount units="mole fraction" >0.00415</amount></component>
            <component><speciesLink preferredKey="O2"     CAS="7782-44-7"  InChI="1S/O2/c1-2"            SMILES="O=O"  chemName="oxygen"   /><amount units="mole fraction" >0.00240</amount></component>
            <component><speciesLink preferredKey="N2"     CAS="7727-37-9"  InChI="1S/N2/c1-2"            SMILES="N#N"  chemName="nitrogen" /><amount units="mole fraction" >0.99345</amount></component>
        </property>
        <property name="evaluated standard deviation"  sourcetype="reported"  units="mole faction"   reference="composition"  kind="absolute"  method="reported uncertainty" >
            <speciesLink preferredKey="O2"     CAS="7782-44-7"  InChI="1S/O2/c1-2"                   SMILES="O=O"        chemName="oxygen"          />
            <value>0.000218</value>
        </property>
        <property name="evaluated standard deviation"  sourcetype="reported"  units="mole faction"   reference="composition"  kind="absolute"  method="reported uncertainty" >
            <speciesLink preferredKey="H2"     CAS="1333-74-0"  InChI="1S/H2/h1H"                    SMILES="[HH]"       chemName="hydrogen"        />
            <value>0.000175</value>
        </property>
        <property name="evaluated standard deviation"  sourcetype="reported"  units="mole faction"   reference="composition"  kind="absolute"  method="reported uncertainty" >
            <speciesLink preferredKey="H2O"    CAS="7732-18-5"  InChI="1S/H2O/h1H2"                  SMILES="O"          chemName="water"           />
            <value>0.00046</value>
        </property>
        <property name="evaluated standard deviation"  sourcetype="reported"  units="mole faction"   reference="composition"  kind="absolute"  method="reported uncertainty" >
            <speciesLink preferredKey="CO"     CAS="630-08-0"   InChI="1S/CO/c1-2"                   SMILES="[C-]#[O+]"  chemName="carbon monoxide" />
            <value>0.000249</value>
        </property>
        <property name="evaluated standard deviation"  sourcetype="reported"  units="mole faction"   reference="composition"  kind="absolute"  method="reported uncertainty" >
            <speciesLink preferredKey="CO2"    CAS="124-38-9"   InChI="1S/CO2/c2-1-3"                SMILES="C(=O)=O"    chemName="carbon dioxide"  />
            <value>3.06e-5</value>
        </property>
        <property name="evaluated standard deviation"  sourcetype="reported"  units="mole faction"   reference="composition"  kind="absolute"  method="reported uncertainty" >
            <speciesLink preferredKey="CH2O"   CAS="50-00-0"    InChI="1S/CH2O/c1-2/h1H2"            SMILES="C=O"        chemName="formaldehyde"    />
            <value>4.61e-5</value>
        </property>
        <property name="evaluated standard deviation"  sourcetype="reported"  units="mole faction"   reference="composition"  kind="absolute"  method="reported uncertainty" >
            <speciesLink preferredKey="CH3OH"  CAS="67-56-1"    InChI="1S/CH4O/c1-2/h2H,1H3"         SMILES="CO"         chemName="methanol"        />
            <value>0.000389</value>
        </property>
        <property name="evaluated standard deviation"  sourcetype="reported"  units="mole faction"   reference="composition"  kind="absolute"  method="reported uncertainty" >
            <speciesLink preferredKey="HCOOH"  CAS="64-18-6"    InChI="1S/CH2O2/c2-1-3/h1H,(H,2,3)"  SMILES="[H]C(O)=O"  chemName="formic acide"    />
            <value>4.21e-6</value>
        </property>
    </commonProperties>
    <dataGroup id="dg1">
        <property name="time"         id="x1"   label="t"        sourcetype="digitized"  units="s"             />
        <property name="composition"  id="x2"   label="[CH3OH]"  sourcetype="digitized"  units="mole fraction" >
            <speciesLink preferredKey="CH3OH"  CAS="67-56-1"    InChI="1S/CH4O/c1-2/h2H,1H3"         SMILES="CO"         chemName="methanol"        />
        </property>
        <property name="composition"  id="x3"   label="[O2]"     sourcetype="digitized"  units="mole fraction" >
            <speciesLink preferredKey="O2"     CAS="7782-44-7"  InChI="1S/O2/c1-2"                   SMILES="O=O"        chemName="oxygen"          />
        </property>
        <property name="composition"  id="x4"   label="[CO2]"    sourcetype="digitized"  units="mole fraction" >
            <speciesLink preferredKey="CO2"    CAS="124-38-9"   InChI="1S/CO2/c2-1-3"                SMILES="C(=O)=O"    chemName="carbon dioxide"  />
        </property>
        <property name="composition"  id="x5"   label="[CO]"     sourcetype="digitized"  units="mole fraction" >
            <speciesLink preferredKey="CO"     CAS="630-08-0"   InChI="1S/CO/c1-2"                   SMILES="[C-]#[O+]"  chemName="carbon monoxide" />
        </property>
        <property name="composition"  id="x6"   label="[H2]"     sourcetype="digitized"  units="mole fraction" >
            <speciesLink preferredKey="H2"     CAS="1333-74-0"  InChI="1S/H2/h1H"                    SMILES="[HH]"       chemName="hydrogen"        />
        </property>
        <property name="composition"  id="x7"   label="[H2O]"    sourcetype="digitized"  units="mole fraction" >
            <speciesLink preferredKey="H2O"    CAS="7732-18-5"  InChI="1S/H2O/h1H2"                  SMILES="O"          chemName="water"           />
        </property>
        <property name="composition"  id="x8"   label="[CH2O]"   sourcetype="digitized"  units="mole fraction" >
            <speciesLink preferredKey="CH2O"   CAS="50-00-0"    InChI="1S/CH2O/c1-2/h1H2"            SMILES="C=O"        chemName="formaldehyde"    />
        </property>
        <property name="composition"  id="x9"   label="[HCOOH]"  sourcetype="digitized"  units="mole fraction" >
            <speciesLink preferredKey="HCOOH"  CAS="64-18-6"    InChI="1S/CH2O2/c2-1-3/h1H,(H,2,3)"  SMILES="[H]C(O)=O"  chemName="formic acide"    />
        </property>
        <property name="temperature"  id="x10"  label="T"        sourcetype="digitized"  units="K"             />

        <dataPoint><x1>0.150</x1><x2>3.892E-03</x2><x3>2.176E-03</x3><x4>4.285E-05</x4><x5>5.806E-05</x5><x6>4.035E-05</x6><x7>4.902E-04</x7><x8>1.712E-04</x8><x9>5.081E-07</x9><x10>785.5</x10></dataPoint>
        <dataPoint><x1>0.200</x1><x2>3.843E-03</x2><x3>2.107E-03</x3><x4>4.410E-05</x4><x5>4.122E-05</x5><x6>5.888E-05</x6><x7>5.267E-04</x7><x8>2.063E-04</x8><x9>8.808E-07</x9><x10>785.2</x10></dataPoint>
        <dataPoint><x1>0.257</x1><x2>3.808E-03</x2><x3>2.040E-03</x3><x4>9.849E-05</x4><x5>7.754E-05</x5><x6>5.983E-05</x6><x7>5.810E-04</x7><x8>2.337E-04</x8><x9>1.612E-06</x9><x10>786.0</x10></dataPoint>
        <dataPoint><x1>0.335</x1><x2>3.724E-03</x2><x3>2.006E-03</x3><x4>1.179E-04</x4><x5>4.365E-05</x5><x6>6.125E-05</x6><x7>5.975E-04</x7><x8>2.582E-04</x8><x9>3.001E-06</x9><x10>786.3</x10></dataPoint>
        <dataPoint><x1>0.434</x1><x2>3.622E-03</x2><x3>1.905E-03</x3><x4>1.026E-04</x4><x5>8.067E-05</x5><x6>8.061E-05</x6><x7>6.705E-04</x7><x8>2.970E-04</x8><x9>5.466E-06</x9><x10>787.6</x10></dataPoint>
        <dataPoint><x1>0.556</x1><x2>3.503E-03</x2><x3>1.822E-03</x3><x4>1.231E-04</x4><x5>1.505E-04</x5><x6>8.281E-05</x6><x7>7.587E-04</x7><x8>3.352E-04</x8><x9>9.008E-06</x9><x10>788.8</x10></dataPoint>
        <dataPoint><x1>0.692</x1><x2>3.401E-03</x2><x3>1.739E-03</x3><x4>1.439E-04</x4><x5>2.059E-04</x5><x6>8.517E-05</x6><x7>8.296E-04</x7><x8>3.598E-04</x8><x9>1.214E-05</x9><x10>788.5</x10></dataPoint>
        <dataPoint><x1>0.836</x1><x2>3.229E-03</x2><x3>1.603E-03</x3><x4>1.474E-04</x4><x5>3.290E-04</x5><x6>1.407E-04</x6><x7>1.024E-03</x7><x8>3.981E-04</x8><x9>1.669E-05</x9><x10>789.7</x10></dataPoint>
        <dataPoint><x1>0.981</x1><x2>2.990E-03</x2><x3>1.347E-03</x3><x4>2.185E-04</x4><x5>5.022E-04</x5><x6>2.109E-04</x6><x7>1.337E-03</x7><x8>4.369E-04</x8><x9>2.161E-05</x9><x10>791.3</x10></dataPoint>
        <dataPoint><x1>1.127</x1><x2>2.580E-03</x2><x3>9.873E-04</x3><x4>2.572E-04</x4><x5>8.343E-04</x5><x6>3.695E-04</x6><x7>1.943E-03</x7><x8>4.610E-04</x8><x9>2.824E-05</x9><x10>795.6</x10></dataPoint>
        <dataPoint><x1>1.273</x1><x2>2.425E-03</x2><x3>8.369E-04</x3><x4>2.429E-04</x4><x5>1.025E-03</x5><x6>4.397E-04</x6><x7>2.255E-03</x7><x8>4.613E-04</x8><x9>3.072E-05</x9><x10>797.6</x10></dataPoint>
        <dataPoint><x1>1.419</x1><x2>2.033E-03</x2><x3>5.275E-04</x3><x4>2.464E-04</x4><x5>1.440E-03</x5><x6>6.306E-04</x6><x7>2.791E-03</x7><x8>4.308E-04</x8><x9>3.184E-05</x9><x10>801.1</x10></dataPoint>
        <dataPoint><x1>1.564</x1><x2>1.743E-03</x2><x3>3.242E-04</x3><x4>2.498E-04</x4><x5>1.736E-03</x5><x6>9.451E-04</x6><x7>3.277E-03</x7><x8>3.896E-04</x8><x9>3.289E-05</x9><x10>804.2</x10></dataPoint>
        <dataPoint><x1>1.708</x1><x2>1.312E-03</x2><x3>1.031E-04</x3><x4>2.708E-04</x4><x5>2.151E-03</x5><x6>1.292E-03</x6><x7>3.987E-03</x7><x8>2.855E-04</x8><x9>3.781E-05</x9><x10>806.6</x10></dataPoint>
        <dataPoint><x1>1.853</x1><x2>1.161E-03</x2><x3>2.040E-05</x3><x4>2.743E-04</x4><x5>2.342E-03</x5><x6>1.533E-03</x6><x7>4.335E-03</x7><x8>2.129E-04</x8><x9>4.100E-05</x9><x10>806.7</x10></dataPoint>
        <dataPoint><x1>1.998</x1><x2>1.110E-03</x2><x3>5.280E-06</x3><x4>2.776E-04</x4><x5>2.415E-03</x5><x6>1.606E-03</x6><x7>4.459E-03</x7><x8>1.752E-04</x8><x9>4.206E-05</x9><x10>806.4</x10></dataPoint>
        <dataPoint><x1>2.144</x1><x2>1.044E-03</x2><x3>7.830E-06</x3><x4>2.812E-04</x4><x5>2.485E-03</x5><x6>1.694E-03</x6><x7>4.600E-03</x7><x8>1.583E-04</x8><x9>4.210E-05</x9><x10>806.8</x10></dataPoint>
        <dataPoint><x1>2.291</x1><x2>1.046E-03</x2><x3>1.044E-05</x3><x4>2.846E-04</x4><x5>2.453E-03</x5><x6>1.732E-03</x6><x7>4.568E-03</x7><x8>1.622E-04</x8><x9>4.150E-05</x9><x10>806.9</x10></dataPoint>
        <dataPoint><x1>2.439</x1><x2>1.030E-03</x2><x3>1.304E-05</x3><x4>3.057E-04</x4><x5>2.473E-03</x5><x6>1.752E-03</x6><x7>4.590E-03</x7><x8>1.554E-04</x8><x9>4.120E-05</x9><x10>807.0</x10></dataPoint>
    </dataGroup>
    <timeshift target="CH3OH" type="half decrease"/>
</experiment>
