<experiment>
    <fileAuthor>Chemical Kinetics Laboratory, Institute of Chemistry, ELTE, Budapest, Hungary</fileAuthor>
    <fileDOI>10.24388/x30002037</fileDOI>
    <fileVersion>
        <major>1</major>
        <minor>0</minor>
    </fileVersion>
    <ReSpecThVersion>
        <major>2</major>
        <minor>3</minor>
    </ReSpecThVersion>
    <firstPublicationDate>2016-12-05</firstPublicationDate>
    <lastModificationDate>2020-11-18</lastModificationDate>
    <bibliographyLink>
        <description>T.J. Held, F.L. Dryer, Int. J. Chem. Kinet. 30 (1998), 805-830</description>
        <referenceDOI>10.1002/(SICI)1097-4601(1998)30:11%3C805::AID-KIN4%3E3.0.CO;2-Z</referenceDOI>
        <location>Main article</location>
        <figure>Fig. 15</figure>
        <details>
            <author>Held, Timothy J and Dryer, Frederick L</author>
            <journal>Int J Chem Kinet</journal>
            <number>11</number>
            <pages>805--830</pages>
            <title>A Comprehensive Mechanism for Methanol Oxidation</title>
            <volume>30</volume>
            <year>1998</year>
        </details>
    </bibliographyLink>
    <experimentType>concentration time profile measurement</experimentType>
    <apparatus>
        <kind>flow reactor</kind>
        <mode>laminar</mode>
    </apparatus>
    <commonProperties>
        <property name="pressure"                      label="P"  sourcetype="reported"  units="atm"           ><value>15</value></property>
        <property name="temperature"                   label="T"  sourcetype="reported"  units="K"             ><value>783</value></property>
        <property name="initial composition"           sourcetype="reported" >
            <component><speciesLink preferredKey="CH3OH"  CAS="67-56-1"    InChI="1S/CH4O/c1-2/h2H,1H3"  SMILES="CO"   chemName="methanol" /><amount units="mole fraction" >0.00415</amount></component>
            <component><speciesLink preferredKey="O2"     CAS="7782-44-7"  InChI="1S/O2/c1-2"            SMILES="O=O"  chemName="oxygen"   /><amount units="mole fraction" >0.00600</amount></component>
            <component><speciesLink preferredKey="N2"     CAS="7727-37-9"  InChI="1S/N2/c1-2"            SMILES="N#N"  chemName="nitrogen" /><amount units="mole fraction" >0.98985</amount></component>
        </property>
        <property name="evaluated standard deviation"  sourcetype="reported"  units="mole faction"   reference="composition"  kind="absolute"  method="reported uncertainty" >
            <speciesLink preferredKey="O2"     CAS="7782-44-7"  InChI="1S/O2/c1-2"                   SMILES="O=O"        chemName="oxygen"          />
            <value>0.000586</value>
        </property>
        <property name="evaluated standard deviation"  sourcetype="reported"  units="mole faction"   reference="composition"  kind="absolute"  method="reported uncertainty" >
            <speciesLink preferredKey="H2"     CAS="1333-74-0"  InChI="1S/H2/h1H"                    SMILES="[HH]"       chemName="hydrogen"        />
            <value>3.97e-5</value>
        </property>
        <property name="evaluated standard deviation"  sourcetype="reported"  units="mole faction"   reference="composition"  kind="absolute"  method="reported uncertainty" >
            <speciesLink preferredKey="H2O"    CAS="7732-18-5"  InChI="1S/H2O/h1H2"                  SMILES="O"          chemName="water"           />
            <value>0.000822</value>
        </property>
        <property name="evaluated standard deviation"  sourcetype="reported"  units="mole faction"   reference="composition"  kind="absolute"  method="reported uncertainty" >
            <speciesLink preferredKey="CO"     CAS="630-08-0"   InChI="1S/CO/c1-2"                   SMILES="[C-]#[O+]"  chemName="carbon monoxide" />
            <value>0.000321</value>
        </property>
        <property name="evaluated standard deviation"  sourcetype="reported"  units="mole faction"   reference="composition"  kind="absolute"  method="reported uncertainty" >
            <speciesLink preferredKey="CO2"    CAS="124-38-9"   InChI="1S/CO2/c2-1-3"                SMILES="C(=O)=O"    chemName="carbon dioxide"  />
            <value>8.3e-5</value>
        </property>
        <property name="evaluated standard deviation"  sourcetype="reported"  units="mole faction"   reference="composition"  kind="absolute"  method="reported uncertainty" >
            <speciesLink preferredKey="CH2O"   CAS="50-00-0"    InChI="1S/CH2O/c1-2/h1H2"            SMILES="C=O"        chemName="formaldehyde"    />
            <value>4.93e-5</value>
        </property>
        <property name="evaluated standard deviation"  sourcetype="reported"  units="mole faction"   reference="composition"  kind="absolute"  method="reported uncertainty" >
            <speciesLink preferredKey="CH3OH"  CAS="67-56-1"    InChI="1S/CH4O/c1-2/h2H,1H3"         SMILES="CO"         chemName="methanol"        />
            <value>0.000391</value>
        </property>
        <property name="evaluated standard deviation"  sourcetype="reported"  units="mole faction"   reference="composition"  kind="absolute"  method="reported uncertainty" >
            <speciesLink preferredKey="HCOOH"  CAS="64-18-6"    InChI="1S/CH2O2/c2-1-3/h1H,(H,2,3)"  SMILES="[H]C(O)=O"  chemName="formic acide"    />
            <value>3.98e-6</value>
        </property>
    </commonProperties>
    <dataGroup id="dg1">
        <property name="time"         id="x1"   label="t"        sourcetype="digitized"  units="s"             />
        <property name="composition"  id="x2"   label="[CH3OH]"  sourcetype="digitized"  units="mole fraction" >
            <speciesLink preferredKey="CH3OH"  CAS="67-56-1"    InChI="1S/CH4O/c1-2/h2H,1H3"         SMILES="CO"         chemName="methanol"        />
        </property>
        <property name="composition"  id="x3"   label="[O2]"     sourcetype="digitized"  units="mole fraction" >
            <speciesLink preferredKey="O2"     CAS="7782-44-7"  InChI="1S/O2/c1-2"                   SMILES="O=O"        chemName="oxygen"          />
        </property>
        <property name="composition"  id="x4"   label="[CO2]"    sourcetype="digitized"  units="mole fraction" >
            <speciesLink preferredKey="CO2"    CAS="124-38-9"   InChI="1S/CO2/c2-1-3"                SMILES="C(=O)=O"    chemName="carbon dioxide"  />
        </property>
        <property name="composition"  id="x5"   label="[CO]"     sourcetype="digitized"  units="mole fraction" >
            <speciesLink preferredKey="CO"     CAS="630-08-0"   InChI="1S/CO/c1-2"                   SMILES="[C-]#[O+]"  chemName="carbon monoxide" />
        </property>
        <property name="composition"  id="x6"   label="[H2]"     sourcetype="digitized"  units="mole fraction" >
            <speciesLink preferredKey="H2"     CAS="1333-74-0"  InChI="1S/H2/h1H"                    SMILES="[HH]"       chemName="hydrogen"        />
        </property>
        <property name="composition"  id="x7"   label="[H2O]"    sourcetype="digitized"  units="mole fraction" >
            <speciesLink preferredKey="H2O"    CAS="7732-18-5"  InChI="1S/H2O/h1H2"                  SMILES="O"          chemName="water"           />
        </property>
        <property name="composition"  id="x8"   label="[CH2O]"   sourcetype="digitized"  units="mole fraction" >
            <speciesLink preferredKey="CH2O"   CAS="50-00-0"    InChI="1S/CH2O/c1-2/h1H2"            SMILES="C=O"        chemName="formaldehyde"    />
        </property>
        <property name="composition"  id="x9"   label="[HCOOH]"  sourcetype="digitized"  units="mole fraction" >
            <speciesLink preferredKey="HCOOH"  CAS="64-18-6"    InChI="1S/CH2O2/c2-1-3/h1H,(H,2,3)"  SMILES="[H]C(O)=O"  chemName="formic acide"    />
        </property>
        <property name="temperature"  id="x10"  label="T"        sourcetype="digitized"  units="K"             />

        <dataPoint><x1>0.193</x1><x2>3.914E-03</x2><x3>5.855E-03</x3><x4>0.000E+00</x4><x5>2.211E-05</x5><x6>0.000E+00</x6><x7>3.509E-04</x7><x8>1.363E-04</x8><x9>1.248E-06</x9><x10>784.2</x10></dataPoint>
        <dataPoint><x1>0.237</x1><x2>3.897E-03</x2><x3>5.821E-03</x3><x4>0.000E+00</x4><x5>2.283E-05</x5><x6>0.000E+00</x6><x7>3.841E-04</x7><x8>1.723E-04</x8><x9>1.629E-06</x9><x10>785.3</x10></dataPoint>
        <dataPoint><x1>0.297</x1><x2>3.864E-03</x2><x3>5.786E-03</x3><x4>0.000E+00</x4><x5>3.840E-05</x5><x6>0.000E+00</x6><x7>4.382E-04</x7><x8>2.078E-04</x8><x9>2.024E-06</x9><x10>786.5</x10></dataPoint>
        <dataPoint><x1>0.373</x1><x2>3.780E-03</x2><x3>5.720E-03</x3><x4>0.000E+00</x4><x5>3.949E-05</x5><x6>0.000E+00</x6><x7>4.926E-04</x7><x8>2.367E-04</x8><x9>3.080E-06</x9><x10>786.6</x10></dataPoint>
        <dataPoint><x1>0.474</x1><x2>3.711E-03</x2><x3>5.618E-03</x3><x4>0.000E+00</x4><x5>1.118E-04</x5><x6>0.000E+00</x6><x7>5.621E-04</x7><x8>2.797E-04</x8><x9>5.943E-06</x9><x10>788.1</x10></dataPoint>
        <dataPoint><x1>0.595</x1><x2>3.543E-03</x2><x3>5.532E-03</x3><x4>0.000E+00</x4><x5>1.637E-04</x5><x6>0.000E+00</x6><x7>6.497E-04</x7><x8>3.264E-04</x8><x9>9.474E-06</x9><x10>788.6</x10></dataPoint>
        <dataPoint><x1>0.732</x1><x2>3.493E-03</x2><x3>5.448E-03</x3><x4>0.000E+00</x4><x5>1.834E-04</x5><x6>0.000E+00</x6><x7>7.227E-04</x7><x8>3.484E-04</x8><x9>1.236E-05</x9><x10>788.6</x10></dataPoint>
        <dataPoint><x1>0.878</x1><x2>3.343E-03</x2><x3>5.262E-03</x3><x4>4.317E-05</x4><x5>3.066E-04</x5><x6>0.000E+00</x6><x7>9.143E-04</x7><x8>4.025E-04</x8><x9>1.733E-05</x9><x10>789.5</x10></dataPoint>
        <dataPoint><x1>1.022</x1><x2>3.208E-03</x2><x3>5.229E-03</x3><x4>4.727E-05</x4><x5>3.943E-04</x5><x6>0.000E+00</x6><x7>1.106E-03</x7><x8>4.355E-04</x8><x9>2.159E-05</x9><x10>790.7</x10></dataPoint>
        <dataPoint><x1>1.167</x1><x2>2.951E-03</x2><x3>4.885E-03</x3><x4>5.137E-05</x4><x5>5.884E-04</x5><x6>3.603E-05</x6><x7>1.508E-03</x7><x8>4.751E-04</x8><x9>2.801E-05</x9><x10>793.5</x10></dataPoint>
        <dataPoint><x1>1.314</x1><x2>2.590E-03</x2><x3>4.491E-03</x3><x4>9.110E-05</x4><x5>9.184E-04</x5><x6>3.817E-05</x6><x7>2.063E-03</x7><x8>4.935E-04</x8><x9>3.436E-05</x9><x10>798.5</x10></dataPoint>
        <dataPoint><x1>1.460</x1><x2>2.196E-03</x2><x3>4.197E-03</x3><x4>1.131E-04</x4><x5>1.248E-03</x5><x6>9.055E-05</x6><x7>2.758E-03</x7><x8>4.767E-04</x8><x9>3.862E-05</x9><x10>803.2</x10></dataPoint>
        <dataPoint><x1>1.605</x1><x2>1.749E-03</x2><x3>3.716E-03</x3><x4>1.172E-04</x4><x5>1.717E-03</x5><x6>1.459E-04</x6><x7>3.728E-03</x7><x8>4.315E-04</x8><x9>3.978E-05</x9><x10>810.3</x10></dataPoint>
        <dataPoint><x1>1.745</x1><x2>1.006E-03</x2><x3>2.850E-03</x3><x4>2.424E-04</x4><x5>2.532E-03</x5><x6>2.692E-04</x6><x7>5.534E-03</x7><x8>3.013E-04</x8><x9>3.143E-05</x9><x10>819.2</x10></dataPoint>
        <dataPoint><x1>1.888</x1><x2>5.409E-04</x2><x3>2.349E-03</x3><x4>3.680E-04</x4><x5>2.983E-03</x5><x6>3.039E-04</x6><x7>6.764E-03</x7><x8>1.918E-04</x8><x9>2.141E-05</x9><x10>824.6</x10></dataPoint>
        <dataPoint><x1>2.033</x1><x2>2.691E-04</x2><x3>2.004E-03</x3><x4>5.794E-04</x4><x5>3.174E-03</x5><x6>3.770E-04</x6><x7>7.613E-03</x7><x8>1.041E-04</x8><x9>1.343E-05</x9><x10>829.7</x10></dataPoint>
        <dataPoint><x1>2.173</x1><x2>1.692E-04</x2><x3>1.889E-03</x3><x4>6.692E-04</x4><x5>3.211E-03</x5><x6>3.968E-04</x6><x7>7.911E-03</x7><x8>6.977E-05</x8><x9>1.004E-05</x9><x10>831.7</x10></dataPoint>
        <dataPoint><x1>2.316</x1><x2>8.428E-05</x2><x3>1.717E-03</x3><x4>8.303E-04</x4><x5>3.178E-03</x5><x6>3.633E-04</x6><x7>8.224E-03</x7><x8>3.117E-05</x8><x9>6.596E-06</x9><x10>834.1</x10></dataPoint>
    </dataGroup>
    <timeshift target="CH3OH" type="half decrease"/>
</experiment>
