<experiment>
    <fileAuthor>Chemical Kinetics Laboratory, Institute of Chemistry, ELTE, Budapest, Hungary</fileAuthor>
    <fileDOI>10.24388/x30002026</fileDOI>
    <fileVersion>
        <major>1</major>
        <minor>0</minor>
    </fileVersion>
    <ReSpecThVersion>
        <major>2</major>
        <minor>3</minor>
    </ReSpecThVersion>
    <firstPublicationDate>2016-12-05</firstPublicationDate>
    <lastModificationDate>2020-11-18</lastModificationDate>
    <bibliographyLink>
        <description>T.S. Norton, F.L. Dryer, Combustion Science and Technology 63 (1989), 107-129</description>
        <referenceDOI>10.1080/00102208908947121</referenceDOI>
        <location>Main article</location>
        <figure>Fig. 1c</figure>
        <details>
            <author>Norton, Thomas S and Dryer, Frederick L</author>
            <journal>Combust Sci Technol</journal>
            <pages>107--129</pages>
            <title>Some New Observations on Methanol Oxidation Chemistry</title>
            <volume>63</volume>
            <year>1989</year>
        </details>
    </bibliographyLink>
    <experimentType>concentration time profile measurement</experimentType>
    <apparatus>
        <kind>flow reactor</kind>
        <mode>turbulent</mode>
    </apparatus>
    <commonProperties>
        <property name="pressure"                      label="P"  sourcetype="reported"  units="atm"           ><value>1</value></property>
        <property name="temperature"                   label="T"  sourcetype="reported"  units="K"             ><value>1034</value></property>
        <property name="initial composition"           sourcetype="reported" >
            <component><speciesLink preferredKey="CH3OH"  CAS="67-56-1"    InChI="1S/CH4O/c1-2/h2H,1H3"  SMILES="CO"   chemName="methanol" /><amount units="mole fraction" >0.01010</amount></component>
            <component><speciesLink preferredKey="O2"     CAS="7782-44-7"  InChI="1S/O2/c1-2"            SMILES="O=O"  chemName="oxygen"   /><amount units="mole fraction" >0.00961</amount></component>
            <component><speciesLink preferredKey="N2"     CAS="7727-37-9"  InChI="1S/N2/c1-2"            SMILES="N#N"  chemName="nitrogen" /><amount units="mole fraction" >0.98029</amount></component>
        </property>
        <property name="evaluated standard deviation"  sourcetype="reported"  units="mole faction"   reference="composition"  kind="absolute"  method="reported uncertainty" >
            <speciesLink preferredKey="O2"     CAS="7782-44-7"  InChI="1S/O2/c1-2"            SMILES="O=O"        chemName="oxygen"          />
            <value>0.000937</value>
        </property>
        <property name="evaluated standard deviation"  sourcetype="reported"  units="mole faction"   reference="composition"  kind="absolute"  method="reported uncertainty" >
            <speciesLink preferredKey="H2"     CAS="1333-74-0"  InChI="1S/H2/h1H"             SMILES="[HH]"       chemName="hydrogen"        />
            <value>0.000487</value>
        </property>
        <property name="evaluated standard deviation"  sourcetype="reported"  units="mole faction"   reference="composition"  kind="absolute"  method="reported uncertainty" >
            <speciesLink preferredKey="CO"     CAS="630-08-0"   InChI="1S/CO/c1-2"            SMILES="[C-]#[O+]"  chemName="carbon monoxide" />
            <value>0.000842</value>
        </property>
        <property name="evaluated standard deviation"  sourcetype="reported"  units="mole faction"   reference="composition"  kind="absolute"  method="reported uncertainty" >
            <speciesLink preferredKey="CO2"    CAS="124-38-9"   InChI="1S/CO2/c2-1-3"         SMILES="C(=O)=O"    chemName="carbon dioxide"  />
            <value>0.000433</value>
        </property>
        <property name="evaluated standard deviation"  sourcetype="reported"  units="mole faction"   reference="composition"  kind="absolute"  method="reported uncertainty" >
            <speciesLink preferredKey="CH2O"   CAS="50-00-0"    InChI="1S/CH2O/c1-2/h1H2"     SMILES="C=O"        chemName="formaldehyde"    />
            <value>0.000109</value>
        </property>
        <property name="evaluated standard deviation"  sourcetype="reported"  units="mole faction"   reference="composition"  kind="absolute"  method="reported uncertainty" >
            <speciesLink preferredKey="CH3OH"  CAS="67-56-1"    InChI="1S/CH4O/c1-2/h2H,1H3"  SMILES="CO"         chemName="methanol"        />
            <value>0.000987</value>
        </property>
    </commonProperties>
    <dataGroup id="dg1">
        <property name="time"         id="x1"   label="t"        sourcetype="digitized"  units="ms"            />
        <property name="composition"  id="x2"   label="[CH3OH]"  sourcetype="digitized"  units="mole fraction" >
            <speciesLink preferredKey="CH3OH"  CAS="67-56-1"    InChI="1S/CH4O/c1-2/h2H,1H3"  SMILES="CO"         chemName="methanol"        />
        </property>
        <property name="composition"  id="x3"   label="[O2]"     sourcetype="digitized"  units="mole fraction" >
            <speciesLink preferredKey="O2"     CAS="7782-44-7"  InChI="1S/O2/c1-2"            SMILES="O=O"        chemName="oxygen"          />
        </property>
        <property name="composition"  id="x4"   label="[CO2]"    sourcetype="digitized"  units="mole fraction" >
            <speciesLink preferredKey="CO2"    CAS="124-38-9"   InChI="1S/CO2/c2-1-3"         SMILES="C(=O)=O"    chemName="carbon dioxide"  />
        </property>
        <property name="composition"  id="x5"   label="[CO]"     sourcetype="digitized"  units="mole fraction" >
            <speciesLink preferredKey="CO"     CAS="630-08-0"   InChI="1S/CO/c1-2"            SMILES="[C-]#[O+]"  chemName="carbon monoxide" />
        </property>
        <property name="composition"  id="x6"   label="[H2]"     sourcetype="digitized"  units="mole fraction" >
            <speciesLink preferredKey="H2"     CAS="1333-74-0"  InChI="1S/H2/h1H"             SMILES="[HH]"       chemName="hydrogen"        />
        </property>
        <property name="composition"  id="x7"   label="[CH2O]"   sourcetype="digitized"  units="mole fraction" >
            <speciesLink preferredKey="CH2O"   CAS="50-00-0"    InChI="1S/CH2O/c1-2/h1H2"     SMILES="C=O"        chemName="formaldehyde"    />
        </property>
        <property name="temperature"  id="x8"   label="T"        sourcetype="digitized"  units="K"             />

        <dataPoint><x1>003.54</x1><x2>9.866E-03</x2><x3>9.371E-03</x3><x4>4.470E-05</x4><x5>1.720E-04</x5><x6>1.893E-04</x6><x7>3.152E-04</x7><x8>1032.6</x8></dataPoint>
        <dataPoint><x1>005.24</x1><x2>9.188E-03</x2><x3>9.006E-03</x3><x4>7.650E-05</x4><x5>4.710E-04</x5><x6>3.487E-04</x6><x7>4.554E-04</x7><x8>1033.6</x8></dataPoint>
        <dataPoint><x1>008.63</x1><x2>8.050E-03</x2><x3>8.297E-03</x3><x4>1.535E-04</x4><x5>1.150E-03</x5><x6>6.323E-04</x6><x7>7.248E-04</x7><x8>1039.4</x8></dataPoint>
        <dataPoint><x1>013.72</x1><x2>6.580E-03</x2><x3>7.178E-03</x3><x4>2.461E-04</x4><x5>2.316E-03</x5><x6>1.215E-03</x6><x7>1.007E-03</x7><x8>1049.7</x8></dataPoint>
        <dataPoint><x1>020.94</x1><x2>4.729E-03</x2><x3>5.853E-03</x3><x4>4.349E-04</x4><x5>3.954E-03</x5><x6>2.007E-03</x6><x7>1.085E-03</x7><x8>1062.3</x8></dataPoint>
        <dataPoint><x1>029.17</x1><x2>3.211E-03</x2><x3>4.620E-03</x3><x4>5.722E-04</x4><x5>5.530E-03</x5><x6>2.984E-03</x6><x7>7.674E-04</x7><x8>1073.8</x8></dataPoint>
        <dataPoint><x1>037.47</x1><x2>2.134E-03</x2><x3>3.688E-03</x3><x4>7.285E-04</x4><x5>6.742E-03</x5><x6>3.743E-03</x6><x7>5.150E-04</x7><x8>1082.8</x8></dataPoint>
        <dataPoint><x1>045.94</x1><x2>1.500E-03</x2><x3>3.149E-03</x3><x4>8.038E-04</x4><x5>7.420E-03</x5><x6>4.202E-03</x6><x7>2.760E-04</x7><x8>1087.5</x8></dataPoint>
        <dataPoint><x1>054.17</x1><x2>1.119E-03</x2><x3>2.770E-03</x3><x4>8.793E-04</x4><x5>7.764E-03</x5><x6>4.455E-03</x6><x7>1.640E-04</x7><x8>1090.1</x8></dataPoint>
        <dataPoint><x1>062.28</x1><x2>7.843E-04</x2><x3>2.501E-03</x3><x4>9.709E-04</x4><x5>8.127E-03</x5><x6>4.755E-03</x6><x7>1.465E-04</x7><x8>1093.2</x8></dataPoint>
        <dataPoint><x1>070.68</x1><x2>5.441E-04</x2><x3>2.212E-03</x3><x4>1.049E-03</x4><x5>8.424E-03</x5><x6>4.867E-03</x6><x7>0.000E+00</x7><x8>1095.6</x8></dataPoint>
        <dataPoint><x1>078.77</x1><x2>2.741E-04</x2><x3>1.644E-03</x3><x4>1.485E-03</x4><x5>8.358E-03</x5><x6>4.712E-03</x6><x7>0.000E+00</x7><x8>1101.6</x8></dataPoint>
        <dataPoint><x1>086.91</x1><x2>6.630E-05</x2><x3>6.478E-04</x3><x4>2.538E-03</x4><x5>7.853E-03</x5><x6>4.287E-03</x6><x7>0.000E+00</x7><x8>1113.7</x8></dataPoint>
        <dataPoint><x1>095.09</x1><x2>0.000E+00</x2><x3>1.510E-05</x3><x4>3.828E-03</x4><x5>6.892E-03</x5><x6>4.162E-03</x6><x7>0.000E+00</x7><x8>1123.7</x8></dataPoint>
        <dataPoint><x1>104.29</x1><x2>0.000E+00</x2><x3>0.000E+00</x3><x4>4.329E-03</x4><x5>6.448E-03</x5><x6>4.651E-03</x6><x7>0.000E+00</x7><x8>1126.0</x8></dataPoint>
    </dataGroup>
    <timeshift target="CH3OH" type="half decrease"/>
</experiment>
