<experiment>
    <fileAuthor>Chemical Kinetics Laboratory, Institute of Chemistry, ELTE, Budapest, Hungary</fileAuthor>
    <fileDOI>10.24388/x30002043</fileDOI>
    <fileVersion>
        <major>1</major>
        <minor>0</minor>
    </fileVersion>
    <ReSpecThVersion>
        <major>2</major>
        <minor>3</minor>
    </ReSpecThVersion>
    <firstPublicationDate>2016-12-05</firstPublicationDate>
    <lastModificationDate>2020-11-18</lastModificationDate>
    <bibliographyLink>
        <description>T.J. Held, The Oxidation of Methanol, Isobutene and Methyl Tertiary-Butyl Ether, Ph.D. Thesis, Princeton University (1993)</description>
        <location>Main article</location>
        <figure>Fig. 4.13</figure>
        <details>
            <author>Held, Timothy James</author>
            <school>Princeton University</school>
            <title>The Oxidation of Methanol, Isobutene and Methyl tertiary-Butyl Ether</title>
            <type>Dissertation</type>
            <year>1993</year>
        </details>
    </bibliographyLink>
    <experimentType>concentration time profile measurement</experimentType>
    <apparatus>
        <kind>flow reactor</kind>
        <mode>laminar</mode>
    </apparatus>
    <commonProperties>
        <property name="pressure"                      label="P"  sourcetype="reported"  units="atm"           ><value>20</value></property>
        <property name="temperature"                   label="T"  sourcetype="reported"  units="K"             ><value>752</value></property>
        <property name="initial composition"           sourcetype="reported" >
            <component><speciesLink preferredKey="CH3OH"  CAS="67-56-1"    InChI="1S/CH4O/c1-2/h2H,1H3"  SMILES="CO"   chemName="methanol" /><amount units="mole fraction" >0.00364</amount></component>
            <component><speciesLink preferredKey="O2"     CAS="7782-44-7"  InChI="1S/O2/c1-2"            SMILES="O=O"  chemName="oxygen"   /><amount units="mole fraction" >0.00587</amount></component>
            <component><speciesLink preferredKey="N2"     CAS="7727-37-9"  InChI="1S/N2/c1-2"            SMILES="N#N"  chemName="nitrogen" /><amount units="mole fraction" >0.99049</amount></component>
        </property>
        <property name="evaluated standard deviation"  sourcetype="reported"  units="mole faction"   reference="composition"  kind="absolute"  method="reported uncertainty" >
            <speciesLink preferredKey="O2"     CAS="7782-44-7"  InChI="1S/O2/c1-2"                   SMILES="O=O"        chemName="oxygen"          />
            <value>0.00058</value>
        </property>
        <property name="evaluated standard deviation"  sourcetype="reported"  units="mole faction"   reference="composition"  kind="absolute"  method="reported uncertainty" >
            <speciesLink preferredKey="H2"     CAS="1333-74-0"  InChI="1S/H2/h1H"                    SMILES="[HH]"       chemName="hydrogen"        />
            <value>2.64e-5</value>
        </property>
        <property name="evaluated standard deviation"  sourcetype="reported"  units="mole faction"   reference="composition"  kind="absolute"  method="reported uncertainty" >
            <speciesLink preferredKey="H2O"    CAS="7732-18-5"  InChI="1S/H2O/h1H2"                  SMILES="O"          chemName="water"           />
            <value>0.00066</value>
        </property>
        <property name="evaluated standard deviation"  sourcetype="reported"  units="mole faction"   reference="composition"  kind="absolute"  method="reported uncertainty" >
            <speciesLink preferredKey="CO"     CAS="630-08-0"   InChI="1S/CO/c1-2"                   SMILES="[C-]#[O+]"  chemName="carbon monoxide" />
            <value>0.00026</value>
        </property>
        <property name="evaluated standard deviation"  sourcetype="reported"  units="mole faction"   reference="composition"  kind="absolute"  method="reported uncertainty" >
            <speciesLink preferredKey="CO2"    CAS="124-38-9"   InChI="1S/CO2/c2-1-3"                SMILES="C(=O)=O"    chemName="carbon dioxide"  />
            <value>6.22e-5</value>
        </property>
        <property name="evaluated standard deviation"  sourcetype="reported"  units="mole faction"   reference="composition"  kind="absolute"  method="reported uncertainty" >
            <speciesLink preferredKey="CH2O"   CAS="50-00-0"    InChI="1S/CH2O/c1-2/h1H2"            SMILES="C=O"        chemName="formaldehyde"    />
            <value>4.1e-5</value>
        </property>
        <property name="evaluated standard deviation"  sourcetype="reported"  units="mole faction"   reference="composition"  kind="absolute"  method="reported uncertainty" >
            <speciesLink preferredKey="CH3OH"  CAS="67-56-1"    InChI="1S/CH4O/c1-2/h2H,1H3"         SMILES="CO"         chemName="methanol"        />
            <value>0.000346</value>
        </property>
        <property name="evaluated standard deviation"  sourcetype="reported"  units="mole faction"   reference="composition"  kind="absolute"  method="reported uncertainty" >
            <speciesLink preferredKey="HCOOH"  CAS="64-18-6"    InChI="1S/CH2O2/c2-1-3/h1H,(H,2,3)"  SMILES="[H]C(O)=O"  chemName="formic acide"    />
            <value>2.59e-6</value>
        </property>
    </commonProperties>
    <dataGroup id="dg1">
        <property name="time"         id="x1"   label="t"        sourcetype="digitized"  units="s"             />
        <property name="composition"  id="x2"   label="[CH3OH]"  sourcetype="digitized"  units="mole fraction" >
            <speciesLink preferredKey="CH3OH"  CAS="67-56-1"    InChI="1S/CH4O/c1-2/h2H,1H3"         SMILES="CO"         chemName="methanol"        />
        </property>
        <property name="composition"  id="x3"   label="[O2]"     sourcetype="digitized"  units="mole fraction" >
            <speciesLink preferredKey="O2"     CAS="7782-44-7"  InChI="1S/O2/c1-2"                   SMILES="O=O"        chemName="oxygen"          />
        </property>
        <property name="composition"  id="x4"   label="[CO2]"    sourcetype="digitized"  units="mole fraction" >
            <speciesLink preferredKey="CO2"    CAS="124-38-9"   InChI="1S/CO2/c2-1-3"                SMILES="C(=O)=O"    chemName="carbon dioxide"  />
        </property>
        <property name="composition"  id="x5"   label="[CO]"     sourcetype="digitized"  units="mole fraction" >
            <speciesLink preferredKey="CO"     CAS="630-08-0"   InChI="1S/CO/c1-2"                   SMILES="[C-]#[O+]"  chemName="carbon monoxide" />
        </property>
        <property name="composition"  id="x6"   label="[H2]"     sourcetype="digitized"  units="mole fraction" >
            <speciesLink preferredKey="H2"     CAS="1333-74-0"  InChI="1S/H2/h1H"                    SMILES="[HH]"       chemName="hydrogen"        />
        </property>
        <property name="composition"  id="x7"   label="[H2O]"    sourcetype="digitized"  units="mole fraction" >
            <speciesLink preferredKey="H2O"    CAS="7732-18-5"  InChI="1S/H2O/h1H2"                  SMILES="O"          chemName="water"           />
        </property>
        <property name="composition"  id="x8"   label="[CH2O]"   sourcetype="digitized"  units="mole fraction" >
            <speciesLink preferredKey="CH2O"   CAS="50-00-0"    InChI="1S/CH2O/c1-2/h1H2"            SMILES="C=O"        chemName="formaldehyde"    />
        </property>
        <property name="composition"  id="x9"   label="[HCOOH]"  sourcetype="digitized"  units="mole fraction" >
            <speciesLink preferredKey="HCOOH"  CAS="64-18-6"    InChI="1S/CH2O2/c2-1-3/h1H,(H,2,3)"  SMILES="[H]C(O)=O"  chemName="formic acide"    />
        </property>
        <property name="temperature"  id="x10"  label="T"        sourcetype="digitized"  units="K"             />

        <dataPoint><x1>0.188</x1><x2>3.464E-03</x2><x3>5.801E-03</x3><x4>5.645E-05</x4><x5>6.096E-05</x5><x6>5.080E-05</x6><x7>3.251E-04</x7><x8>9.401E-05</x8><x9>5.700E-07</x9><x10>752.4</x10></dataPoint>
        <dataPoint><x1>0.262</x1><x2>3.424E-03</x2><x3>5.740E-03</x3><x4>5.884E-05</x4><x5>6.096E-05</x5><x6>4.064E-05</x6><x7>3.454E-04</x7><x8>1.034E-04</x8><x9>5.726E-07</x9><x10>751.1</x10></dataPoint>
        <dataPoint><x1>0.354</x1><x2>3.403E-03</x2><x3>5.771E-03</x3><x4>6.358E-05</x4><x5>7.112E-05</x5><x6>4.064E-05</x6><x7>3.759E-04</x7><x8>1.199E-04</x8><x9>5.759E-07</x9><x10>746.9</x10></dataPoint>
        <dataPoint><x1>0.480</x1><x2>3.343E-03</x2><x3>5.781E-03</x3><x4>6.131E-05</x4><x5>7.112E-05</x5><x6>2.032E-05</x6><x7>3.962E-04</x7><x8>1.364E-04</x8><x9>5.803E-07</x9><x10>749.3</x10></dataPoint>
        <dataPoint><x1>0.641</x1><x2>3.332E-03</x2><x3>5.740E-03</x3><x4>6.845E-05</x4><x5>7.112E-05</x5><x6>2.032E-05</x6><x7>4.165E-04</x7><x8>1.577E-04</x8><x9>5.859E-07</x9><x10>751.2</x10></dataPoint>
        <dataPoint><x1>0.835</x1><x2>3.302E-03</x2><x3>5.730E-03</x3><x4>6.152E-05</x4><x5>8.128E-05</x5><x6>3.048E-05</x6><x7>4.369E-04</x7><x8>1.765E-04</x8><x9>5.929E-07</x9><x10>753.3</x10></dataPoint>
        <dataPoint><x1>1.051</x1><x2>3.282E-03</x2><x3>5.649E-03</x3><x4>6.165E-05</x4><x5>9.144E-05</x5><x6>3.048E-05</x6><x7>4.369E-04</x7><x8>1.955E-04</x8><x9>6.005E-07</x9><x10>754.3</x10></dataPoint>
        <dataPoint><x1>1.284</x1><x2>3.210E-03</x2><x3>5.567E-03</x3><x4>6.883E-05</x4><x5>1.118E-04</x5><x6>3.048E-05</x6><x7>4.877E-04</x7><x8>2.238E-04</x8><x9>8.903E-07</x9><x10>754.1</x10></dataPoint>
        <dataPoint><x1>1.515</x1><x2>3.180E-03</x2><x3>5.537E-03</x3><x4>6.427E-05</x4><x5>1.422E-04</x5><x6>4.064E-05</x6><x7>5.283E-04</x7><x8>2.497E-04</x8><x9>1.462E-06</x9><x10>754.3</x10></dataPoint>
        <dataPoint><x1>1.749</x1><x2>3.099E-03</x2><x3>5.466E-03</x3><x4>6.441E-05</x4><x5>1.727E-04</x5><x6>1.016E-05</x6><x7>5.893E-04</x7><x8>2.804E-04</x8><x9>2.033E-06</x9><x10>755.6</x10></dataPoint>
        <dataPoint><x1>1.983</x1><x2>3.007E-03</x2><x3>5.364E-03</x3><x4>7.393E-05</x4><x5>2.337E-04</x5><x6>1.016E-05</x6><x7>6.909E-04</x7><x8>3.087E-04</x8><x9>3.310E-06</x9><x10>756.5</x10></dataPoint>
        <dataPoint><x1>2.219</x1><x2>2.865E-03</x2><x3>5.242E-03</x3><x4>8.111E-05</x4><x5>3.251E-04</x5><x6>3.048E-05</x6><x7>8.636E-04</x7><x8>3.393E-04</x8><x9>5.290E-06</x9><x10>758.3</x10></dataPoint>
        <dataPoint><x1>2.452</x1><x2>2.642E-03</x2><x3>5.029E-03</x3><x4>8.125E-05</x4><x5>4.877E-04</x5><x6>2.032E-05</x6><x7>1.199E-03</x7><x8>3.841E-04</x8><x9>8.960E-06</x9><x10>760.8</x10></dataPoint>
        <dataPoint><x1>2.682</x1><x2>2.316E-03</x2><x3>4.704E-03</x3><x4>9.312E-05</x4><x5>7.518E-04</x5><x6>2.032E-05</x6><x7>1.727E-03</x7><x8>4.100E-04</x8><x9>1.418E-05</x9><x10>764.2</x10></dataPoint>
        <dataPoint><x1>2.913</x1><x2>1.880E-03</x2><x3>4.237E-03</x3><x4>1.120E-04</x4><x5>1.118E-03</x5><x6>8.128E-05</x6><x7>2.509E-03</x7><x8>4.078E-04</x8><x9>2.165E-05</x9><x10>773.3</x10></dataPoint>
        <dataPoint><x1>3.142</x1><x2>1.361E-03</x2><x3>3.668E-03</x3><x4>1.497E-04</x4><x5>1.656E-03</x5><x6>1.524E-04</x6><x7>3.597E-03</x7><x8>3.469E-04</x8><x9>2.589E-05</x9><x10>781.3</x10></dataPoint>
        <dataPoint><x1>3.371</x1><x2>7.518E-04</x2><x3>3.048E-03</x3><x4>2.625E-04</x4><x5>2.215E-03</x5><x6>2.032E-04</x6><x7>5.171E-03</x7><x8>2.273E-04</x8><x9>2.195E-05</x9><x10>790.1</x10></dataPoint>
        <dataPoint><x1>3.596</x1><x2>4.064E-04</x2><x3>2.499E-03</x3><x4>4.505E-04</x4><x5>2.550E-03</x5><x6>2.438E-04</x6><x7>6.157E-03</x7><x8>1.312E-04</x8><x9>1.323E-05</x9><x10>792.2</x10></dataPoint>
        <dataPoint><x1>3.824</x1><x2>1.829E-04</x2><x3>2.205E-03</x3><x4>6.220E-04</x4><x5>2.601E-03</x5><x6>2.642E-04</x6><x7>6.604E-03</x7><x8>6.798E-05</x8><x9>7.600E-06</x9><x10>791.0</x10></dataPoint>
    </dataGroup>
    <timeshift target="CH3OH" type="half decrease"/>
</experiment>
