<experiment>
    <fileAuthor>Chemical Kinetics Laboratory, Institute of Chemistry, ELTE, Budapest, Hungary</fileAuthor>
    <fileDOI>10.24388/x30002204CH2O</fileDOI>
    <fileVersion>
        <major>1</major>
        <minor>0</minor>
    </fileVersion>
    <ReSpecThVersion>
        <major>2</major>
        <minor>3</minor>
    </ReSpecThVersion>
    <firstPublicationDate>2016-12-05</firstPublicationDate>
    <lastModificationDate>2020-11-18</lastModificationDate>
    <bibliographyLink>
        <description>S. Hochgreb, F.L. Dryer, Combust. Flame 91, 1992, 285-287, Fig. 1a</description>
        <referenceDOI>10.1016/0010-2180(92)90058-w</referenceDOI>
        <location>Main article</location>
        <figure>Fig. 1a</figure>
        <details>
            <author>Hochgreb, S and Dryer, F L</author>
            <journal>Combust Flame</journal>
            <number>3--4</number>
            <pages>257--284</pages>
            <title>A Comprehensive Study on CH$_{2}$O Oxidation Kinetics</title>
            <volume>91</volume>
            <year>1992</year>
        </details>
    </bibliographyLink>
    <experimentType>concentration time profile measurement</experimentType>
    <apparatus>
        <kind>flow reactor</kind>
        <mode>turbulent</mode>
    </apparatus>
    <commonProperties>
        <property name="pressure"                      label="P"  sourcetype="reported"   units="atm"           ><value>1</value></property>
        <property name="temperature"                   label="T"  sourcetype="reported"   units="K"             ><value>944</value></property>
        <property name="initial composition"           sourcetype="reported"  >
            <component><speciesLink preferredKey="CH2O"  CAS="50-00-0"    InChI="1S/CH2O/c1-2/h1H2"  SMILES="C=O"  chemName="formaldehyde" /><amount units="mole fraction" >0.003570</amount></component>
            <component><speciesLink preferredKey="O2"    CAS="7782-44-7"  InChI="1S/O2/c1-2"         SMILES="O=O"  chemName="oxygen"       /><amount units="mole fraction" >0.007000</amount></component>
            <component><speciesLink preferredKey="N2"    CAS="7727-37-9"  InChI="1S/N2/c1-2"         SMILES="N#N"  chemName="nitrogen"     /><amount units="mole fraction" >0.989430</amount></component>
        </property>
        <property name="evaluated standard deviation"  sourcetype="estimated"  units="mole faction"   reference="composition"  kind="absolute"  method="generic uncertainty" >
            <speciesLink preferredKey="CH2O"  CAS="50-00-0"    InChI="1S/CH2O/c1-2/h1H2"  SMILES="C=O"        chemName="formaldehyde"    />
            <value>0.000364</value>
        </property>
        <property name="evaluated standard deviation"  sourcetype="estimated"  units="mole faction"   reference="composition"  kind="absolute"  method="generic uncertainty" >
            <speciesLink preferredKey="CO"    CAS="630-08-0"   InChI="1S/CO/c1-2"         SMILES="[C-]#[O+]"  chemName="carbon monoxide" />
            <value>0.000318</value>
        </property>
        <property name="evaluated standard deviation"  sourcetype="estimated"  units="mole faction"   reference="composition"  kind="absolute"  method="generic uncertainty" >
            <speciesLink preferredKey="CO2"   CAS="124-38-9"   InChI="1S/CO2/c2-1-3"      SMILES="C(=O)=O"    chemName="carbon dioxide"  />
            <value>5.76e-5</value>
        </property>
        <property name="evaluated standard deviation"  sourcetype="estimated"  units="mole faction"   reference="composition"  kind="absolute"  method="generic uncertainty" >
            <speciesLink preferredKey="H2"    CAS="1333-74-0"  InChI="1S/H2/h1H"          SMILES="[HH]"       chemName="hydrogen"        />
            <value>7.31e-5</value>
        </property>
        <property name="evaluated standard deviation"  sourcetype="estimated"  units="mole faction"   reference="composition"  kind="absolute"  method="generic uncertainty" >
            <speciesLink preferredKey="O2"    CAS="7782-44-7"  InChI="1S/O2/c1-2"         SMILES="O=O"        chemName="oxygen"          />
            <value>0.000674</value>
        </property>
    </commonProperties>
    <dataGroup id="dg1">
        <property name="time"         id="x1"   label="t"       sourcetype="digitized"   units="s"             />
        <property name="composition"  id="x2"   label="[CH2O]"  sourcetype="digitized"   units="mole fraction" >
            <speciesLink preferredKey="CH2O"  CAS="50-00-0"    InChI="1S/CH2O/c1-2/h1H2"  SMILES="C=O"        chemName="formaldehyde"    />
        </property>
        <property name="composition"  id="x3"   label="[CO]"    sourcetype="digitized"   units="mole fraction" >
            <speciesLink preferredKey="CO"    CAS="630-08-0"   InChI="1S/CO/c1-2"         SMILES="[C-]#[O+]"  chemName="carbon monoxide" />
        </property>
        <property name="composition"  id="x4"   label="[CO2]"   sourcetype="digitized"   units="mole fraction" >
            <speciesLink preferredKey="CO2"   CAS="124-38-9"   InChI="1S/CO2/c2-1-3"      SMILES="C(=O)=O"    chemName="carbon dioxide"  />
        </property>
        <property name="composition"  id="x5"   label="[H2]"    sourcetype="digitized"   units="mole fraction" >
            <speciesLink preferredKey="H2"    CAS="1333-74-0"  InChI="1S/H2/h1H"          SMILES="[HH]"       chemName="hydrogen"        />
        </property>
        <property name="composition"  id="x6"   label="[O2]"    sourcetype="digitized"   units="mole fraction" >
            <speciesLink preferredKey="O2"    CAS="7782-44-7"  InChI="1S/O2/c1-2"         SMILES="O=O"        chemName="oxygen"          />
        </property>
        <property name="temperature"  id="x7"   label="T"       sourcetype="calculated"  units="K"             />

        <dataPoint><x1>0.0043</x1><x2>3.640E-03</x2><x3>5.22E-05</x3><x4>1.77E-05</x4><x5>9.24E-05</x5><x6>6.74E-03</x6><x7>943.7</x7></dataPoint>
        <dataPoint><x1>0.0082</x1><x2>3.430E-03</x2><x3>9.86E-05</x3><x4>3.55E-05</x4><x5>1.09E-04</x5><x6>6.72E-03</x6><x7>945.1</x7></dataPoint>
        <dataPoint><x1>0.0146</x1><x2>3.310E-03</x2><x3>2.30E-04</x3><x4>3.57E-05</x4><x5>1.05E-04</x5><x6>6.70E-03</x6><x7>946.1</x7></dataPoint>
        <dataPoint><x1>0.0230</x1><x2>3.270E-03</x2><x3>3.85E-04</x3><x4>3.01E-05</x4><x5>2.09E-04</x5><x6>6.64E-03</x6><x7>947.7</x7></dataPoint>
        <dataPoint><x1>0.0335</x1><x2>2.930E-03</x2><x3>7.41E-04</x3><x4>4.11E-05</x4><x5>2.32E-04</x5><x6>6.62E-03</x6><x7>948.3</x7></dataPoint>
        <dataPoint><x1>0.0443</x1><x2>2.500E-03</x2><x3>9.03E-04</x3><x4>4.73E-05</x4><x5>2.74E-04</x5><x6>6.48E-03</x6><x7>950.2</x7></dataPoint>
        <dataPoint><x1>0.0533</x1><x2>2.180E-03</x2><x3>1.35E-03</x3><x4>4.76E-05</x4><x5>3.67E-04</x5><x6>6.26E-03</x6><x7>952.1</x7></dataPoint>
        <dataPoint><x1>0.0642</x1><x2>1.860E-03</x2><x3>1.68E-03</x3><x4>5.97E-05</x4><x5>4.76E-04</x5><x6>6.12E-03</x6><x7>954.6</x7></dataPoint>
        <dataPoint><x1>0.0745</x1><x2>1.390E-03</x2><x3>1.94E-03</x3><x4>6.00E-05</x4><x5>5.34E-04</x5><x6>6.02E-03</x6><x7>956.8</x7></dataPoint>
        <dataPoint><x1>0.0853</x1><x2>9.189E-04</x2><x3>2.57E-03</x3><x4>6.62E-05</x4><x5>6.79E-04</x5><x6>5.76E-03</x6><x7>960.7</x7></dataPoint>
        <dataPoint><x1>0.0956</x1><x2>5.138E-04</x2><x3>3.00E-03</x3><x4>1.07E-04</x4><x5>7.31E-04</x5><x6>5.72E-03</x6><x7>961.7</x7></dataPoint>
        <dataPoint><x1>0.1046</x1><x2>3.602E-04</x2><x3>2.89E-03</x3><x4>1.13E-04</x4><x5>7.21E-04</x5><x6>5.62E-03</x6><x7>962.3</x7></dataPoint>
        <dataPoint><x1>0.1155</x1><x2>1.441E-04</x2><x3>3.11E-03</x3><x4>1.58E-04</x4><x5>7.27E-04</x5><x6>5.46E-03</x6><x7>964.5</x7></dataPoint>
        <dataPoint><x1>0.1257</x1><x2>0.000E+00</x2><x3>3.18E-03</x3><x4>4.17E-04</x4><x5>5.69E-04</x5><x6>5.24E-03</x6><x7>967.5</x7></dataPoint>
        <dataPoint><x1>0.1359</x1><x2>0.000E+00</x2><x3>3.00E-03</x3><x4>5.76E-04</x4><x5>3.92E-04</x5><x6>5.14E-03</x6><x7>969.2</x7></dataPoint>
    </dataGroup>
    <timeshift target="CH2O" type="half decrease"/>
</experiment>
