<experiment>
    <fileAuthor>Chemical Kinetics Laboratory, Institute of Chemistry, ELTE, Budapest, Hungary</fileAuthor>
    <fileDOI>10.24388/x30002033</fileDOI>
    <fileVersion>
        <major>1</major>
        <minor>0</minor>
    </fileVersion>
    <ReSpecThVersion>
        <major>2</major>
        <minor>3</minor>
    </ReSpecThVersion>
    <firstPublicationDate>2016-12-05</firstPublicationDate>
    <lastModificationDate>2020-11-18</lastModificationDate>
    <bibliographyLink>
        <description>T.J. Held, The Oxidation of Methanol, Isobutene and Methyl Tertiary-Butyl Ether, Ph.D. Thesis, Princeton University (1993)</description>
        <location>Main article</location>
        <figure>Fig. 4.3</figure>
        <details>
            <author>Held, Timothy James</author>
            <school>Princeton University</school>
            <title>The Oxidation of Methanol, Isobutene and Methyl tertiary-Butyl Ether</title>
            <type>Dissertation</type>
            <year>1993</year>
        </details>
    </bibliographyLink>
    <experimentType>concentration time profile measurement</experimentType>
    <apparatus>
        <kind>flow reactor</kind>
        <mode>laminar</mode>
    </apparatus>
    <commonProperties>
        <property name="pressure"                      label="P"  sourcetype="reported"  units="atm"           ><value>2.5</value></property>
        <property name="temperature"                   label="T"  sourcetype="reported"  units="K"             ><value>907</value></property>
        <property name="initial composition"           sourcetype="reported" >
            <component><speciesLink preferredKey="CH3OH"  CAS="67-56-1"    InChI="1S/CH4O/c1-2/h2H,1H3"  SMILES="CO"   chemName="methanol" /><amount units="mole fraction" >0.00333</amount></component>
            <component><speciesLink preferredKey="O2"     CAS="7782-44-7"  InChI="1S/O2/c1-2"            SMILES="O=O"  chemName="oxygen"   /><amount units="mole fraction" >0.01514</amount></component>
            <component><speciesLink preferredKey="N2"     CAS="7727-37-9"  InChI="1S/N2/c1-2"            SMILES="N#N"  chemName="nitrogen" /><amount units="mole fraction" >0.98153</amount></component>
        </property>
        <property name="evaluated standard deviation"  sourcetype="reported"  units="mole faction"   reference="composition"  kind="absolute"  method="reported uncertainty" >
            <speciesLink preferredKey="O2"     CAS="7782-44-7"  InChI="1S/O2/c1-2"                   SMILES="O=O"        chemName="oxygen"          />
            <value>0.00151</value>
        </property>
        <property name="evaluated standard deviation"  sourcetype="reported"  units="mole faction"   reference="composition"  kind="absolute"  method="reported uncertainty" >
            <speciesLink preferredKey="H2"     CAS="1333-74-0"  InChI="1S/H2/h1H"                    SMILES="[HH]"       chemName="hydrogen"        />
            <value>4.99e-5</value>
        </property>
        <property name="evaluated standard deviation"  sourcetype="reported"  units="mole faction"   reference="composition"  kind="absolute"  method="reported uncertainty" >
            <speciesLink preferredKey="H2O"    CAS="7732-18-5"  InChI="1S/H2O/h1H2"                  SMILES="O"          chemName="water"           />
            <value>0.000538</value>
        </property>
        <property name="evaluated standard deviation"  sourcetype="reported"  units="mole faction"   reference="composition"  kind="absolute"  method="reported uncertainty" >
            <speciesLink preferredKey="CO"     CAS="630-08-0"   InChI="1S/CO/c1-2"                   SMILES="[C-]#[O+]"  chemName="carbon monoxide" />
            <value>0.000264</value>
        </property>
        <property name="evaluated standard deviation"  sourcetype="reported"  units="mole faction"   reference="composition"  kind="absolute"  method="reported uncertainty" >
            <speciesLink preferredKey="CO2"    CAS="124-38-9"   InChI="1S/CO2/c2-1-3"                SMILES="C(=O)=O"    chemName="carbon dioxide"  />
            <value>1.78e-5</value>
        </property>
        <property name="evaluated standard deviation"  sourcetype="reported"  units="mole faction"   reference="composition"  kind="absolute"  method="reported uncertainty" >
            <speciesLink preferredKey="CH2O"   CAS="50-00-0"    InChI="1S/CH2O/c1-2/h1H2"            SMILES="C=O"        chemName="formaldehyde"    />
            <value>4.75e-5</value>
        </property>
        <property name="evaluated standard deviation"  sourcetype="reported"  units="mole faction"   reference="composition"  kind="absolute"  method="reported uncertainty" >
            <speciesLink preferredKey="CH3OH"  CAS="67-56-1"    InChI="1S/CH4O/c1-2/h2H,1H3"         SMILES="CO"         chemName="methanol"        />
            <value>0.000295</value>
        </property>
        <property name="evaluated standard deviation"  sourcetype="reported"  units="mole faction"   reference="composition"  kind="absolute"  method="reported uncertainty" >
            <speciesLink preferredKey="HCOOH"  CAS="64-18-6"    InChI="1S/CH2O2/c2-1-3/h1H,(H,2,3)"  SMILES="[H]C(O)=O"  chemName="formic acide"    />
            <value>2.74e-6</value>
        </property>
    </commonProperties>
    <dataGroup id="dg1">
        <property name="time"         id="x1"   label="t"        sourcetype="digitized"  units="s"             />
        <property name="composition"  id="x2"   label="[CH3OH]"  sourcetype="digitized"  units="mole fraction" >
            <speciesLink preferredKey="CH3OH"  CAS="67-56-1"    InChI="1S/CH4O/c1-2/h2H,1H3"         SMILES="CO"         chemName="methanol"        />
        </property>
        <property name="composition"  id="x3"   label="[O2]"     sourcetype="digitized"  units="mole fraction" >
            <speciesLink preferredKey="O2"     CAS="7782-44-7"  InChI="1S/O2/c1-2"                   SMILES="O=O"        chemName="oxygen"          />
        </property>
        <property name="composition"  id="x4"   label="[CO2]"    sourcetype="digitized"  units="mole fraction" >
            <speciesLink preferredKey="CO2"    CAS="124-38-9"   InChI="1S/CO2/c2-1-3"                SMILES="C(=O)=O"    chemName="carbon dioxide"  />
        </property>
        <property name="composition"  id="x5"   label="[CO]"     sourcetype="digitized"  units="mole fraction" >
            <speciesLink preferredKey="CO"     CAS="630-08-0"   InChI="1S/CO/c1-2"                   SMILES="[C-]#[O+]"  chemName="carbon monoxide" />
        </property>
        <property name="composition"  id="x6"   label="[H2]"     sourcetype="digitized"  units="mole fraction" >
            <speciesLink preferredKey="H2"     CAS="1333-74-0"  InChI="1S/H2/h1H"                    SMILES="[HH]"       chemName="hydrogen"        />
        </property>
        <property name="composition"  id="x7"   label="[H2O]"    sourcetype="digitized"  units="mole fraction" >
            <speciesLink preferredKey="H2O"    CAS="7732-18-5"  InChI="1S/H2O/h1H2"                  SMILES="O"          chemName="water"           />
        </property>
        <property name="composition"  id="x8"   label="[CH2O]"   sourcetype="digitized"  units="mole fraction" >
            <speciesLink preferredKey="CH2O"   CAS="50-00-0"    InChI="1S/CH2O/c1-2/h1H2"            SMILES="C=O"        chemName="formaldehyde"    />
        </property>
        <property name="composition"  id="x9"   label="[HCOOH]"  sourcetype="digitized"  units="mole fraction" >
            <speciesLink preferredKey="HCOOH"  CAS="64-18-6"    InChI="1S/CH2O2/c2-1-3/h1H,(H,2,3)"  SMILES="[H]C(O)=O"  chemName="formic acide"    />
        </property>
        <property name="temperature"  id="x10"  label="T"        sourcetype="digitized"  units="K"             />

        <dataPoint><x1>0.017</x1><x2>2.951E-03</x2><x3>1.511E-02</x3><x4>1.171E-05</x4><x5>6.105E-05</x5><x6>6.105E-05</x6><x7>3.866E-04</x7><x8>2.717E-04</x8><x9>3.513E-06</x9><x10>907.6</x10></dataPoint>
        <dataPoint><x1>0.023</x1><x2>2.910E-03</x2><x3>1.511E-02</x3><x4>2.108E-05</x4><x5>7.122E-05</x5><x6>7.122E-05</x6><x7>4.070E-04</x7><x8>2.974E-04</x8><x9>3.747E-06</x9><x10>908.4</x10></dataPoint>
        <dataPoint><x1>0.032</x1><x2>2.859E-03</x2><x3>1.511E-02</x3><x4>1.639E-05</x4><x5>9.157E-05</x5><x6>9.157E-05</x6><x7>4.273E-04</x7><x8>3.068E-04</x8><x9>4.215E-06</x9><x10>910.0</x10></dataPoint>
        <dataPoint><x1>0.043</x1><x2>2.798E-03</x2><x3>1.508E-02</x3><x4>1.639E-05</x4><x5>1.323E-04</x5><x6>8.140E-05</x6><x7>4.578E-04</x7><x8>3.326E-04</x8><x9>5.152E-06</x9><x10>909.2</x10></dataPoint>
        <dataPoint><x1>0.058</x1><x2>2.727E-03</x2><x3>1.499E-02</x3><x4>1.639E-05</x4><x5>1.526E-04</x5><x6>8.140E-05</x6><x7>5.087E-04</x7><x8>3.489E-04</x8><x9>6.323E-06</x9><x10>908.4</x10></dataPoint>
        <dataPoint><x1>0.075</x1><x2>2.645E-03</x2><x3>1.490E-02</x3><x4>1.874E-05</x4><x5>2.238E-04</x5><x6>1.017E-04</x6><x7>6.308E-04</x7><x8>3.888E-04</x8><x9>8.899E-06</x9><x10>909.7</x10></dataPoint>
        <dataPoint><x1>0.095</x1><x2>2.544E-03</x2><x3>1.480E-02</x3><x4>1.874E-05</x4><x5>2.645E-04</x5><x6>7.122E-05</x6><x7>7.020E-04</x7><x8>4.075E-04</x8><x9>1.077E-05</x9><x10>910.0</x10></dataPoint>
        <dataPoint><x1>0.116</x1><x2>2.228E-03</x2><x3>1.450E-02</x3><x4>2.576E-05</x4><x5>5.494E-04</x5><x6>1.424E-04</x6><x7>1.221E-03</x7><x8>4.543E-04</x8><x9>1.616E-05</x9><x10>913.8</x10></dataPoint>
        <dataPoint><x1>0.137</x1><x2>2.106E-03</x2><x3>1.438E-02</x3><x4>3.045E-05</x4><x5>6.613E-04</x5><x6>1.628E-04</x6><x7>1.384E-03</x7><x8>4.614E-04</x8><x9>1.780E-05</x9><x10>915.0</x10></dataPoint>
        <dataPoint><x1>0.158</x1><x2>1.872E-03</x2><x3>1.410E-02</x3><x4>3.279E-05</x4><x5>8.750E-04</x5><x6>2.035E-04</x6><x7>1.801E-03</x7><x8>4.754E-04</x8><x9>2.084E-05</x9><x10>916.4</x10></dataPoint>
        <dataPoint><x1>0.179</x1><x2>1.730E-03</x2><x3>1.401E-02</x3><x4>3.747E-05</x4><x5>9.971E-04</x5><x6>2.137E-04</x6><x7>2.035E-03</x7><x8>4.754E-04</x8><x9>2.248E-05</x9><x10>918.3</x10></dataPoint>
        <dataPoint><x1>0.200</x1><x2>1.547E-03</x2><x3>1.386E-02</x3><x4>4.450E-05</x4><x5>1.180E-03</x5><x6>2.442E-04</x6><x7>2.381E-03</x7><x8>4.707E-04</x8><x9>2.506E-05</x9><x10>920.3</x10></dataPoint>
        <dataPoint><x1>0.222</x1><x2>1.374E-03</x2><x3>1.367E-02</x3><x4>5.152E-05</x4><x5>1.374E-03</x5><x6>2.747E-04</x6><x7>2.717E-03</x7><x8>4.496E-04</x8><x9>2.623E-05</x9><x10>923.1</x10></dataPoint>
        <dataPoint><x1>0.242</x1><x2>1.221E-03</x2><x3>1.349E-02</x3><x4>5.621E-05</x4><x5>1.526E-03</x5><x6>2.951E-04</x6><x7>3.042E-03</x7><x8>4.309E-04</x8><x9>2.740E-05</x9><x10>925.0</x10></dataPoint>
        <dataPoint><x1>0.263</x1><x2>9.462E-04</x2><x3>1.319E-02</x3><x4>7.728E-05</x4><x5>1.862E-03</x5><x6>3.765E-04</x6><x7>3.632E-03</x7><x8>3.677E-04</x8><x9>2.646E-05</x9><x10>926.6</x10></dataPoint>
        <dataPoint><x1>0.285</x1><x2>8.241E-04</x2><x3>1.303E-02</x3><x4>8.665E-05</x4><x5>1.994E-03</x5><x6>3.663E-04</x6><x7>3.938E-03</x7><x8>3.326E-04</x8><x9>2.623E-05</x9><x10>928.1</x10></dataPoint>
        <dataPoint><x1>0.305</x1><x2>6.003E-04</x2><x3>1.279E-02</x3><x4>1.148E-04</x4><x5>2.259E-03</x5><x6>4.172E-04</x6><x7>4.477E-03</x7><x8>2.646E-04</x8><x9>2.389E-05</x9><x10>931.1</x10></dataPoint>
        <dataPoint><x1>0.326</x1><x2>2.951E-04</x2><x3>1.242E-02</x3><x4>1.733E-04</x4><x5>2.594E-03</x5><x6>4.273E-04</x6><x7>5.291E-03</x7><x8>1.499E-04</x8><x9>1.803E-05</x9><x10>937.4</x10></dataPoint>
        <dataPoint><x1>0.347</x1><x2>2.747E-04</x2><x3>1.242E-02</x3><x4>1.780E-04</x4><x5>2.635E-03</x5><x6>4.985E-04</x6><x7>5.382E-03</x7><x8>1.405E-04</x8><x9>1.756E-05</x9><x10>937.2</x10></dataPoint>
    </dataGroup>
    <timeshift target="CH3OH" type="half decrease"/>
</experiment>
