<experiment>
    <fileAuthor>Chemical Kinetics Laboratory, Institute of Chemistry, ELTE, Budapest, Hungary</fileAuthor>
    <fileDOI>10.24388/x30002201CH2O</fileDOI>
    <fileVersion>
        <major>1</major>
        <minor>0</minor>
    </fileVersion>
    <ReSpecThVersion>
        <major>2</major>
        <minor>3</minor>
    </ReSpecThVersion>
    <firstPublicationDate>2016-12-05</firstPublicationDate>
    <lastModificationDate>2020-11-18</lastModificationDate>
    <bibliographyLink>
        <description>S. Hochgreb, R.A. Yetter, F.L. Dryer, Proc. Combust. Inst. 23, 1990, 171-177, Fig. 1</description>
        <referenceDOI>10.1016/S0082-0784(06)80256-0</referenceDOI>
        <location>Main article</location>
        <figure>Fig. 1</figure>
        <details>
            <author>Hochgreb, S and Yetter, R A and Dryer, F L</author>
            <journal>Symp (Int) Combust</journal>
            <number>1</number>
            <pages>171--177</pages>
            <title>The oxidation of CH$_{2}$O in the intermediate temperature range (943-995 K)</title>
            <volume>23</volume>
            <year>1990</year>
        </details>
    </bibliographyLink>
    <experimentType>concentration time profile measurement</experimentType>
    <apparatus>
        <kind>flow reactor</kind>
        <mode>turbulent</mode>
    </apparatus>
    <commonProperties>
        <property name="pressure"                      label="P"  sourcetype="reported"   units="atm"           ><value>1</value></property>
        <property name="temperature"                   label="T"  sourcetype="reported"   units="K"             ><value>992</value></property>
        <property name="initial composition"           sourcetype="reported"  >
            <component><speciesLink preferredKey="CH2O"  CAS="50-00-0"    InChI="1S/CH2O/c1-2/h1H2"  SMILES="C=O"  chemName="formaldehyde" /><amount units="mole fraction" >0.004600</amount></component>
            <component><speciesLink preferredKey="O2"    CAS="7782-44-7"  InChI="1S/O2/c1-2"         SMILES="O=O"  chemName="oxygen"       /><amount units="mole fraction" >0.000155</amount></component>
            <component><speciesLink preferredKey="N2"    CAS="7727-37-9"  InChI="1S/N2/c1-2"         SMILES="N#N"  chemName="nitrogen"     /><amount units="mole fraction" >0.995245</amount></component>
        </property>
        <property name="evaluated standard deviation"  sourcetype="estimated"  units="mole faction"   reference="composition"  kind="absolute"  method="generic uncertainty" >
            <speciesLink preferredKey="CH2O"  CAS="50-00-0"    InChI="1S/CH2O/c1-2/h1H2"  SMILES="C=O"        chemName="formaldehyde"    />
            <value>0.000368</value>
        </property>
        <property name="evaluated standard deviation"  sourcetype="estimated"  units="mole faction"   reference="composition"  kind="absolute"  method="generic uncertainty" >
            <speciesLink preferredKey="CO"    CAS="630-08-0"   InChI="1S/CO/c1-2"         SMILES="[C-]#[O+]"  chemName="carbon monoxide" />
            <value>0.000367</value>
        </property>
        <property name="evaluated standard deviation"  sourcetype="estimated"  units="mole faction"   reference="composition"  kind="absolute"  method="generic uncertainty" >
            <speciesLink preferredKey="H2"    CAS="1333-74-0"  InChI="1S/H2/h1H"          SMILES="[HH]"       chemName="hydrogen"        />
            <value>0.000344</value>
        </property>
        <property name="evaluated standard deviation"  sourcetype="estimated"  units="mole faction"   reference="composition"  kind="absolute"  method="generic uncertainty" >
            <speciesLink preferredKey="O2"    CAS="7782-44-7"  InChI="1S/O2/c1-2"         SMILES="O=O"        chemName="oxygen"          />
            <value>1.61e-5</value>
        </property>
    </commonProperties>
    <dataGroup id="dg1">
        <property name="time"         id="x1"   label="t"       sourcetype="digitized"   units="s"             />
        <property name="composition"  id="x2"   label="[CH2O]"  sourcetype="digitized"   units="mole fraction" >
            <speciesLink preferredKey="CH2O"  CAS="50-00-0"    InChI="1S/CH2O/c1-2/h1H2"  SMILES="C=O"        chemName="formaldehyde"    />
        </property>
        <property name="composition"  id="x3"   label="[CO]"    sourcetype="digitized"   units="mole fraction" >
            <speciesLink preferredKey="CO"    CAS="630-08-0"   InChI="1S/CO/c1-2"         SMILES="[C-]#[O+]"  chemName="carbon monoxide" />
        </property>
        <property name="composition"  id="x4"   label="[H2]"    sourcetype="digitized"   units="mole fraction" >
            <speciesLink preferredKey="H2"    CAS="1333-74-0"  InChI="1S/H2/h1H"          SMILES="[HH]"       chemName="hydrogen"        />
        </property>
        <property name="composition"  id="x5"   label="[O2]"    sourcetype="digitized"   units="mole fraction" >
            <speciesLink preferredKey="O2"    CAS="7782-44-7"  InChI="1S/O2/c1-2"         SMILES="O=O"        chemName="oxygen"          />
        </property>
        <property name="temperature"  id="x6"   label="T"       sourcetype="calculated"  units="K"             />

        <dataPoint><x1>0.0096</x1><x2>3.680E-03</x2><x3>8.616E-04</x3><x4>8.534E-04</x4><x5>1.606E-04</x5><x6>992.1</x6></dataPoint>
        <dataPoint><x1>0.0133</x1><x2>3.450E-03</x2><x3>1.220E-03</x3><x4>1.200E-03</x4><x5>1.349E-04</x5><x6>993.8</x6></dataPoint>
        <dataPoint><x1>0.0196</x1><x2>3.090E-03</x2><x3>1.660E-03</x3><x4>1.610E-03</x4><x5>1.277E-04</x5><x6>993.8</x6></dataPoint>
        <dataPoint><x1>0.0273</x1><x2>2.650E-03</x2><x3>2.200E-03</x3><x4>2.110E-03</x4><x5>1.137E-04</x5><x6>994.0</x6></dataPoint>
        <dataPoint><x1>0.0376</x1><x2>2.130E-03</x2><x3>2.370E-03</x3><x4>2.270E-03</x4><x5>1.128E-04</x5><x6>994.5</x6></dataPoint>
        <dataPoint><x1>0.0487</x1><x2>1.960E-03</x2><x3>2.540E-03</x3><x4>2.460E-03</x4><x5>1.052E-04</x5><x6>994.8</x6></dataPoint>
        <dataPoint><x1>0.0599</x1><x2>1.700E-03</x2><x3>3.010E-03</x3><x4>2.890E-03</x4><x5>9.867E-05</x5><x6>994.4</x6></dataPoint>
        <dataPoint><x1>0.0697</x1><x2>1.510E-03</x2><x3>3.010E-03</x3><x4>2.890E-03</x4><x5>9.117E-05</x5><x6>994.8</x6></dataPoint>
        <dataPoint><x1>0.0809</x1><x2>1.390E-03</x2><x3>3.100E-03</x3><x4>2.980E-03</x4><x5>9.683E-05</x5><x6>995.0</x6></dataPoint>
        <dataPoint><x1>0.0911</x1><x2>1.360E-03</x2><x3>3.280E-03</x3><x4>3.170E-03</x4><x5>8.264E-05</x5><x6>995.5</x6></dataPoint>
        <dataPoint><x1>0.1018</x1><x2>1.230E-03</x2><x3>3.440E-03</x3><x4>3.290E-03</x4><x5>7.507E-05</x5><x6>995.6</x6></dataPoint>
        <dataPoint><x1>0.1118</x1><x2>1.030E-03</x2><x3>3.430E-03</x3><x4>3.290E-03</x4><x5>8.081E-05</x5><x6>995.8</x6></dataPoint>
        <dataPoint><x1>0.1210</x1><x2>1.040E-03</x2><x3>3.660E-03</x3><x4>3.440E-03</x4><x5>8.000E-05</x5><x6>996.1</x6></dataPoint>
        <dataPoint><x1>0.1308</x1><x2>9.908E-04</x2><x3>3.670E-03</x3><x4>3.440E-03</x4><x5>7.249E-05</x5><x6>996.4</x6></dataPoint>
        <dataPoint><x1>0.1411</x1><x2>8.364E-04</x2><x3>3.590E-03</x3><x4>3.400E-03</x4><x5>7.157E-05</x5><x6>-1111</x6></dataPoint>
    </dataGroup>
    <timeshift target="CH2O" type="half decrease"/>
</experiment>
