<experiment>
    <fileAuthor>Chemical Kinetics Laboratory, Institute of Chemistry, ELTE, Budapest, Hungary</fileAuthor>
    <fileDOI>10.24388/x30002212CH2O</fileDOI>
    <fileVersion>
        <major>1</major>
        <minor>0</minor>
    </fileVersion>
    <ReSpecThVersion>
        <major>2</major>
        <minor>3</minor>
    </ReSpecThVersion>
    <firstPublicationDate>2016-12-05</firstPublicationDate>
    <lastModificationDate>2020-11-18</lastModificationDate>
    <bibliographyLink>
        <description>J. Li, Z. Zhao, A. Kazakhov, M. Chaos, F.L. Dryer, J.J. Scire, Jr., Int. J. Chem. Kinet. 109 (2007), 109-136</description>
        <referenceDOI>10.1002/kin.20218</referenceDOI>
        <location>Main article</location>
        <figure>Fig. 20c</figure>
        <details>
            <author>Li, J and Zhao, Z W and Kazakov, A and Chaos, M and Dryer, F L and Scire, J J Jr</author>
            <journal>Int J Chem Kinet</journal>
            <number>3</number>
            <pages>109--136</pages>
            <title>A Comprehensive Kinetic Mechanism for CO, CH$_{2}$O, and CH$_{3}$OH Combustion</title>
            <volume>39</volume>
            <year>2007</year>
        </details>
    </bibliographyLink>
    <experimentType>concentration time profile measurement</experimentType>
    <apparatus>
        <kind>flow reactor</kind>
        <mode>turbulent</mode>
    </apparatus>
    <commonProperties>
        <property name="pressure"                      label="P"  sourcetype="reported"   units="atm"           ><value>2.5</value></property>
        <property name="temperature"                   label="T"  sourcetype="reported"   units="K"             ><value>924</value></property>
        <property name="initial composition"           sourcetype="reported"  >
            <component><speciesLink preferredKey="CH2O"  CAS="50-00-0"    InChI="1S/CH2O/c1-2/h1H2"  SMILES="C=O"  chemName="formaldehyde" /><amount units="mole fraction" >0.000080</amount></component>
            <component><speciesLink preferredKey="O2"    CAS="7782-44-7"  InChI="1S/O2/c1-2"         SMILES="O=O"  chemName="oxygen"       /><amount units="mole fraction" >0.018000</amount></component>
            <component><speciesLink preferredKey="H2O"   CAS="7732-18-5"  InChI="1S/H2O/h1H2"        SMILES="O"    chemName="water"        /><amount units="mole fraction" >0.002700</amount></component>
            <component><speciesLink preferredKey="N2"    CAS="7727-37-9"  InChI="1S/N2/c1-2"         SMILES="N#N"  chemName="nitrogen"     /><amount units="mole fraction" >0.979220</amount></component>
        </property>
        <property name="evaluated standard deviation"  sourcetype="estimated"  units="mole faction"   reference="composition"  kind="absolute"  method="generic uncertainty" >
            <speciesLink preferredKey="CH2O"  CAS="50-00-0"    InChI="1S/CH2O/c1-2/h1H2"  SMILES="C=O"        chemName="formaldehyde"    />
            <value>7.58e-6</value>
        </property>
        <property name="evaluated standard deviation"  sourcetype="estimated"  units="mole faction"   reference="composition"  kind="absolute"  method="generic uncertainty" >
            <speciesLink preferredKey="CO"    CAS="630-08-0"   InChI="1S/CO/c1-2"         SMILES="[C-]#[O+]"  chemName="carbon monoxide" />
            <value>3.17e-6</value>
        </property>
        <property name="evaluated standard deviation"  sourcetype="estimated"  units="mole faction"   reference="composition"  kind="absolute"  method="generic uncertainty" >
            <speciesLink preferredKey="H2O"   CAS="7732-18-5"  InChI="1S/H2O/h1H2"        SMILES="O"          chemName="water"           />
            <value>0.000278</value>
        </property>
    </commonProperties>
    <dataGroup id="dg1">
        <property name="time"         id="x1"   label="t"       sourcetype="reported"  units="s"             />
        <property name="composition"  id="x2"   label="[CH2O]"  sourcetype="reported"  units="mole fraction" >
            <speciesLink preferredKey="CH2O"  CAS="50-00-0"    InChI="1S/CH2O/c1-2/h1H2"  SMILES="C=O"        chemName="formaldehyde"    />
        </property>
        <property name="composition"  id="x3"   label="[CO]"    sourcetype="reported"  units="mole fraction" >
            <speciesLink preferredKey="CO"    CAS="630-08-0"   InChI="1S/CO/c1-2"         SMILES="[C-]#[O+]"  chemName="carbon monoxide" />
        </property>
        <property name="composition"  id="x4"   label="[H2O]"   sourcetype="reported"  units="mole fraction" >
            <speciesLink preferredKey="H2O"   CAS="7732-18-5"  InChI="1S/H2O/h1H2"        SMILES="O"          chemName="water"           />
        </property>

        <dataPoint><x1>0.1714</x1><x2>7.582E-05</x2><x3>2.113E-06</x3><x4>2.739E-03</x4></dataPoint>
        <dataPoint><x1>0.1843</x1><x2>7.465E-05</x2><x3>3.052E-06</x3><x4>2.711E-03</x4></dataPoint>
        <dataPoint><x1>0.1982</x1><x2>7.465E-05</x2><x3>3.756E-06</x3><x4>2.739E-03</x4></dataPoint>
        <dataPoint><x1>0.2119</x1><x2>7.418E-05</x2><x3>4.460E-06</x3><x4>2.732E-03</x4></dataPoint>
        <dataPoint><x1>0.2271</x1><x2>7.277E-05</x2><x3>6.338E-06</x3><x4>2.739E-03</x4></dataPoint>
        <dataPoint><x1>0.2419</x1><x2>7.230E-05</x2><x3>6.573E-06</x3><x4>2.725E-03</x4></dataPoint>
        <dataPoint><x1>0.2573</x1><x2>7.066E-05</x2><x3>7.981E-06</x3><x4>2.725E-03</x4></dataPoint>
        <dataPoint><x1>0.2724</x1><x2>6.901E-05</x2><x3>9.859E-06</x3><x4>2.725E-03</x4></dataPoint>
        <dataPoint><x1>0.2867</x1><x2>6.690E-05</x2><x3>1.150E-05</x3><x4>2.754E-03</x4></dataPoint>
        <dataPoint><x1>0.3030</x1><x2>6.596E-05</x2><x3>1.291E-05</x3><x4>2.768E-03</x4></dataPoint>
        <dataPoint><x1>0.3173</x1><x2>6.385E-05</x2><x3>1.502E-05</x3><x4>2.761E-03</x4></dataPoint>
        <dataPoint><x1>0.3322</x1><x2>6.103E-05</x2><x3>1.831E-05</x3><x4>2.761E-03</x4></dataPoint>
        <dataPoint><x1>0.3474</x1><x2>5.728E-05</x2><x3>2.136E-05</x3><x4>2.775E-03</x4></dataPoint>
        <dataPoint><x1>0.3623</x1><x2>5.329E-05</x2><x3>2.629E-05</x3><x4>2.775E-03</x4></dataPoint>
        <dataPoint><x1>0.3776</x1><x2>4.765E-05</x2><x3>3.169E-05</x3><x4>2.782E-03</x4></dataPoint>
    </dataGroup>
    <timeshift target="CH2O" type="relative decrease" amount="0.90"/>
</experiment>
