<experiment>
    <fileAuthor>Chemical Kinetics Laboratory, Institute of Chemistry, ELTE, Budapest, Hungary</fileAuthor>
    <fileDOI>10.24388/x30002008</fileDOI>
    <fileVersion>
        <major>1</major>
        <minor>0</minor>
    </fileVersion>
    <ReSpecThVersion>
        <major>2</major>
        <minor>3</minor>
    </ReSpecThVersion>
    <firstPublicationDate>2016-12-05</firstPublicationDate>
    <lastModificationDate>2020-11-18</lastModificationDate>
    <bibliographyLink>
        <description>D. Aronowitz, R.J. Santoro, F.L. Dryer, I. Glassman, Symposium (International) on Combustion 17 (1979), 633-644</description>
        <referenceDOI>10.1016/S0082-0784(79)80063-6</referenceDOI>
        <location>Main article</location>
        <figure>Fig. 2</figure>
        <details>
            <author>Aronowitz, D and Santoro, R J and Dryer, F L and Glassman, I</author>
            <journal>Symp (Int) Combust</journal>
            <pages>633--644</pages>
            <title>Kinetics of the oxidation of methanol: Experimental results semi-global modeling and mechanistic concepts</title>
            <volume>17</volume>
            <year>1979</year>
        </details>
    </bibliographyLink>
    <experimentType>concentration time profile measurement</experimentType>
    <apparatus>
        <kind>flow reactor</kind>
        <mode>turbulent</mode>
    </apparatus>
    <commonProperties>
        <property name="pressure"                      label="P"  sourcetype="reported"   units="atm"           ><value>1</value></property>
        <property name="temperature"                   label="T"  sourcetype="reported"   units="K"             ><value>998</value></property>
        <property name="initial composition"           sourcetype="estimated" >
            <component><speciesLink preferredKey="CH3OH"  CAS="67-56-1"    InChI="1S/CH4O/c1-2/h2H,1H3"  SMILES="CO"   chemName="methanol" /><amount units="mole fraction" >0.00660</amount></component>
            <component><speciesLink preferredKey="O2"     CAS="7782-44-7"  InChI="1S/O2/c1-2"            SMILES="O=O"  chemName="oxygen"   /><amount units="mole fraction" >0.00582</amount></component>
            <component><speciesLink preferredKey="N2"     CAS="7727-37-9"  InChI="1S/N2/c1-2"            SMILES="N#N"  chemName="nitrogen" /><amount units="mole fraction" >0.98758</amount></component>
        </property>
        <property name="evaluated standard deviation"  sourcetype="reported"   units="mole faction"   reference="composition"  kind="absolute"  method="reported uncertainty" >
            <speciesLink preferredKey="H2"     CAS="1333-74-0"  InChI="1S/H2/h1H"             SMILES="[HH]"       chemName="hydrogen"        />
            <value>0.000264</value>
        </property>
        <property name="evaluated standard deviation"  sourcetype="reported"   units="mole faction"   reference="composition"  kind="absolute"  method="reported uncertainty" >
            <speciesLink preferredKey="CO"     CAS="630-08-0"   InChI="1S/CO/c1-2"            SMILES="[C-]#[O+]"  chemName="carbon monoxide" />
            <value>0.000526</value>
        </property>
        <property name="evaluated standard deviation"  sourcetype="reported"   units="mole faction"   reference="composition"  kind="absolute"  method="reported uncertainty" >
            <speciesLink preferredKey="CO2"    CAS="124-38-9"   InChI="1S/CO2/c2-1-3"         SMILES="C(=O)=O"    chemName="carbon dioxide"  />
            <value>4.66e-5</value>
        </property>
        <property name="evaluated standard deviation"  sourcetype="reported"   units="mole faction"   reference="composition"  kind="absolute"  method="reported uncertainty" >
            <speciesLink preferredKey="CH2O"   CAS="50-00-0"    InChI="1S/CH2O/c1-2/h1H2"     SMILES="C=O"        chemName="formaldehyde"    />
            <value>8.58e-5</value>
        </property>
        <property name="evaluated standard deviation"  sourcetype="reported"   units="mole faction"   reference="composition"  kind="absolute"  method="reported uncertainty" >
            <speciesLink preferredKey="CH3OH"  CAS="67-56-1"    InChI="1S/CH4O/c1-2/h2H,1H3"  SMILES="CO"         chemName="methanol"        />
            <value>0.000595</value>
        </property>
        <property name="evaluated standard deviation"  sourcetype="reported"   units="mole faction"   reference="composition"  kind="absolute"  method="reported uncertainty" >
            <speciesLink preferredKey="CH4"    CAS="74-82-8"    InChI="1S/CH4/h1H4"           SMILES="C"          chemName="methane"         />
            <value>1.44e-5</value>
        </property>
    </commonProperties>
    <dataGroup id="dg1">
        <property name="time"         id="x1"   label="t"        sourcetype="digitized"  units="s"             />
        <property name="composition"  id="x2"   label="[CH3OH]"  sourcetype="digitized"  units="mole fraction" >
            <speciesLink preferredKey="CH3OH"  CAS="67-56-1"    InChI="1S/CH4O/c1-2/h2H,1H3"  SMILES="CO"         chemName="methanol"        />
        </property>
        <property name="composition"  id="x3"   label="[CO2]"    sourcetype="digitized"  units="mole fraction" >
            <speciesLink preferredKey="CO2"    CAS="124-38-9"   InChI="1S/CO2/c2-1-3"         SMILES="C(=O)=O"    chemName="carbon dioxide"  />
        </property>
        <property name="composition"  id="x4"   label="[CO]"     sourcetype="digitized"  units="mole fraction" >
            <speciesLink preferredKey="CO"     CAS="630-08-0"   InChI="1S/CO/c1-2"            SMILES="[C-]#[O+]"  chemName="carbon monoxide" />
        </property>
        <property name="composition"  id="x5"   label="[H2]"     sourcetype="digitized"  units="mole fraction" >
            <speciesLink preferredKey="H2"     CAS="1333-74-0"  InChI="1S/H2/h1H"             SMILES="[HH]"       chemName="hydrogen"        />
        </property>
        <property name="composition"  id="x6"   label="[CH2O]"   sourcetype="digitized"  units="mole fraction" >
            <speciesLink preferredKey="CH2O"   CAS="50-00-0"    InChI="1S/CH2O/c1-2/h1H2"     SMILES="C=O"        chemName="formaldehyde"    />
        </property>
        <property name="composition"  id="x7"   label="[CH4]"    sourcetype="digitized"  units="mole fraction" >
            <speciesLink preferredKey="CH4"    CAS="74-82-8"    InChI="1S/CH4/h1H4"           SMILES="C"          chemName="methane"         />
        </property>

        <dataPoint><x1>0.0322389</x1><x2>5.7783E-03</x2><x3>6.7423E-05</x3><x4>3.5068E-04</x4><x5>2.5063E-04</x5><x6>3.1542E-04</x6><x7>3.7462E-06</x7></dataPoint>
        <dataPoint><x1>0.0374256</x1><x2>5.9504E-03</x2><x3>7.7440E-05</x3><x4>4.6699E-04</x4><x5>3.5041E-04</x5><x6>4.9796E-04</x6><x7>1.4398E-04</x7></dataPoint>
        <dataPoint><x1>0.0426123</x1><x2>5.7147E-03</x2><x3>1.0074E-04</x3><x4>6.1522E-04</x4><x5>4.5057E-04</x5><x6>6.0690E-04</x6><x7>1.1684E-04</x7></dataPoint>
        <dataPoint><x1>0.0475956</x1><x2>5.4416E-03</x2><x3>1.1716E-04</x3><x4>8.0091E-04</x4><x5>4.8208E-04</x5><x6>6.8587E-04</x6><x7>4.5785E-05</x7></dataPoint>
        <dataPoint><x1>0.0528840</x1><x2>5.1624E-03</x2><x3>1.3354E-04</x3><x4>9.3240E-04</x4><x5>6.1694E-04</x5><x6>7.5733E-04</x6><x7>4.9368E-06</x7></dataPoint>
        <dataPoint><x1>0.0580707</x1><x2>4.9119E-03</x2><x3>1.4697E-04</x3><x4>1.1496E-03</x4><x5>6.5090E-04</x5><x6>8.1198E-04</x6><x7>0.0000E+00</x7></dataPoint>
        <dataPoint><x1>0.0632574</x1><x2>4.5572E-03</x2><x3>1.6374E-04</x3><x4>1.3705E-03</x4><x5>8.0483E-04</x5><x6>8.5846E-04</x6><x7>0.0000E+00</x7></dataPoint>
        <dataPoint><x1>0.0683424</x1><x2>4.0794E-03</x2><x3>1.8764E-04</x3><x4>1.6974E-03</x4><x5>9.9182E-04</x5><x6>8.3715E-04</x6><x7>0.0000E+00</x7></dataPoint>
        <dataPoint><x1>0.0736308</x1><x2>3.5987E-03</x2><x3>2.2855E-04</x3><x4>2.1558E-03</x4><x5>1.2142E-03</x5><x6>7.8767E-04</x6><x7>0.0000E+00</x7></dataPoint>
        <dataPoint><x1>0.0787158</x1><x2>3.0919E-03</x2><x3>2.7296E-04</x3><x4>2.6347E-03</x4><x5>1.3522E-03</x5><x6>7.0320E-04</x6><x7>0.0000E+00</x7></dataPoint>
        <dataPoint><x1>0.0840042</x1><x2>2.7072E-03</x2><x3>3.1418E-04</x3><x4>3.0648E-03</x4><x5>1.5585E-03</x5><x6>6.2872E-04</x6><x7>0.0000E+00</x7></dataPoint>
        <dataPoint><x1>0.0891909</x1><x2>2.3721E-03</x2><x3>3.2873E-04</x3><x4>3.4499E-03</x4><x5>1.7848E-03</x5><x6>5.7198E-04</x6><x7>0.0000E+00</x7></dataPoint>
        <dataPoint><x1>0.0942759</x1><x2>2.0785E-03</x2><x3>3.5180E-04</x3><x4>3.7907E-03</x4><x5>1.9392E-03</x5><x6>5.5460E-04</x6><x7>0.0000E+00</x7></dataPoint>
        <dataPoint><x1>0.0994626</x1><x2>1.8244E-03</x2><x3>3.6280E-04</x3><x4>4.0921E-03</x4><x5>2.1134E-03</x5><x6>5.1724E-04</x6><x7>0.0000E+00</x7></dataPoint>
        <dataPoint><x1>0.1046493</x1><x2>1.5899E-03</x2><x3>3.8755E-04</x3><x4>4.3253E-03</x4><x5>2.2567E-03</x5><x6>4.6673E-04</x6><x7>0.0000E+00</x7></dataPoint>
        <dataPoint><x1>0.1097343</x1><x2>1.4341E-03</x2><x3>4.0808E-04</x3><x4>4.5834E-03</x4><x5>2.4462E-03</x5><x6>3.9730E-04</x6><x7>0.0000E+00</x7></dataPoint>
        <dataPoint><x1>0.1149210</x1><x2>1.2954E-03</x2><x3>4.2144E-04</x3><x4>4.8616E-03</x4><x5>2.5000E-03</x5><x6>3.3779E-04</x6><x7>0.0000E+00</x7></dataPoint>
        <dataPoint><x1>0.1201077</x1><x2>1.2090E-03</x2><x3>4.6611E-04</x3><x4>5.2554E-03</x4><x5>2.6379E-03</x5><x6>2.6793E-04</x6><x7>0.0000E+00</x7></dataPoint>
    </dataGroup>
    <timeshift target="CH3OH" type="half decrease"/>
</experiment>
