<experiment>
    <fileAuthor>Chemical Kinetics Laboratory, Institute of Chemistry, ELTE, Budapest, Hungary</fileAuthor>
    <fileDOI>10.24388/x30002209CH2O</fileDOI>
    <fileVersion>
        <major>1</major>
        <minor>0</minor>
    </fileVersion>
    <ReSpecThVersion>
        <major>2</major>
        <minor>3</minor>
    </ReSpecThVersion>
    <firstPublicationDate>2016-12-05</firstPublicationDate>
    <lastModificationDate>2020-11-18</lastModificationDate>
    <bibliographyLink>
        <description>S. Hochgreb, F.L. Dryer, Combust. Flame 91, 1992, 285-287, Fig. 3b</description>
        <referenceDOI>10.1002/kin.20218</referenceDOI>
        <location>Main article</location>
        <figure>Fig. 3b</figure>
        <details>
            <author>Li, J and Zhao, Z W and Kazakov, A and Chaos, M and Dryer, F L and Scire, J J Jr</author>
            <journal>Int J Chem Kinet</journal>
            <number>3</number>
            <pages>109--136</pages>
            <title>A Comprehensive Kinetic Mechanism for CO, CH$_{2}$O, and CH$_{3}$OH Combustion</title>
            <volume>39</volume>
            <year>2007</year>
        </details>
    </bibliographyLink>
    <experimentType>concentration time profile measurement</experimentType>
    <apparatus>
        <kind>flow reactor</kind>
        <mode>turbulent</mode>
    </apparatus>
    <commonProperties>
        <property name="pressure"                      label="P"  sourcetype="reported"   units="atm"           ><value>1</value></property>
        <property name="temperature"                   label="T"  sourcetype="reported"   units="K"             ><value>1090</value></property>
        <property name="initial composition"           sourcetype="reported"  >
            <component><speciesLink preferredKey="CH2O"  CAS="50-00-0"    InChI="1S/CH2O/c1-2/h1H2"  SMILES="C=O"  chemName="formaldehyde" /><amount units="mole fraction" >0.005360</amount></component>
            <component><speciesLink preferredKey="O2"    CAS="7782-44-7"  InChI="1S/O2/c1-2"         SMILES="O=O"  chemName="oxygen"       /><amount units="mole fraction" >0.000170</amount></component>
            <component><speciesLink preferredKey="N2"    CAS="7727-37-9"  InChI="1S/N2/c1-2"         SMILES="N#N"  chemName="nitrogen"     /><amount units="mole fraction" >0.994470</amount></component>
        </property>
        <property name="evaluated standard deviation"  sourcetype="estimated"  units="mole faction"   reference="composition"  kind="absolute"  method="generic uncertainty" >
            <speciesLink preferredKey="CH2O"  CAS="50-00-0"    InChI="1S/CH2O/c1-2/h1H2"  SMILES="C=O"        chemName="formaldehyde"    />
            <value>0.000464</value>
        </property>
        <property name="evaluated standard deviation"  sourcetype="estimated"  units="mole faction"   reference="composition"  kind="absolute"  method="generic uncertainty" >
            <speciesLink preferredKey="CO"    CAS="630-08-0"   InChI="1S/CO/c1-2"         SMILES="[C-]#[O+]"  chemName="carbon monoxide" />
            <value>0.000352</value>
        </property>
        <property name="evaluated standard deviation"  sourcetype="estimated"  units="mole faction"   reference="composition"  kind="absolute"  method="generic uncertainty" >
            <speciesLink preferredKey="O2"    CAS="7782-44-7"  InChI="1S/O2/c1-2"         SMILES="O=O"        chemName="oxygen"          />
            <value>1.1e-5</value>
        </property>
    </commonProperties>
    <dataGroup id="dg1">
        <property name="time"         id="x1"   label="t"       sourcetype="digitized"   units="s"             />
        <property name="composition"  id="x2"   label="[CH2O]"  sourcetype="digitized"   units="mole fraction" >
            <speciesLink preferredKey="CH2O"  CAS="50-00-0"    InChI="1S/CH2O/c1-2/h1H2"  SMILES="C=O"        chemName="formaldehyde"    />
        </property>
        <property name="composition"  id="x3"   label="[CO]"    sourcetype="digitized"   units="mole fraction" >
            <speciesLink preferredKey="CO"    CAS="630-08-0"   InChI="1S/CO/c1-2"         SMILES="[C-]#[O+]"  chemName="carbon monoxide" />
        </property>
        <property name="composition"  id="x4"   label="[O2]"    sourcetype="digitized"   units="mole fraction" >
            <speciesLink preferredKey="O2"    CAS="7782-44-7"  InChI="1S/O2/c1-2"         SMILES="O=O"        chemName="oxygen"          />
        </property>
        <property name="temperature"  id="x5"   label="T"       sourcetype="calculated"  units="K"             />

        <dataPoint><x1>0.0054</x1><x2>4.640E-03</x2><x3>7.735E-04</x3><x4>9.512E-05</x4><x5>1089.3</x5></dataPoint>
        <dataPoint><x1>0.0077</x1><x2>4.330E-03</x2><x3>1.110E-03</x3><x4>9.563E-05</x4><x5>1089.7</x5></dataPoint>
        <dataPoint><x1>0.0106</x1><x2>3.970E-03</x2><x3>1.490E-03</x3><x4>1.051E-04</x4><x5>1090.4</x5></dataPoint>
        <dataPoint><x1>0.0136</x1><x2>3.380E-03</x2><x3>1.720E-03</x3><x4>9.692E-05</x4><x5>1090.6</x5></dataPoint>
        <dataPoint><x1>0.0164</x1><x2>3.150E-03</x2><x3>2.140E-03</x3><x4>9.753E-05</x4><x5>1091.2</x5></dataPoint>
        <dataPoint><x1>0.0188</x1><x2>2.880E-03</x2><x3>2.400E-03</x3><x4>9.807E-05</x4><x5>1090.5</x5></dataPoint>
        <dataPoint><x1>0.0219</x1><x2>2.480E-03</x2><x3>2.520E-03</x3><x4>1.076E-04</x4><x5>1090.3</x5></dataPoint>
        <dataPoint><x1>0.0247</x1><x2>2.430E-03</x2><x3>2.890E-03</x3><x4>9.935E-05</x4><x5>1090.6</x5></dataPoint>
        <dataPoint><x1>0.0277</x1><x2>2.210E-03</x2><x3>2.990E-03</x3><x4>1.088E-04</x4><x5>1090.8</x5></dataPoint>
        <dataPoint><x1>0.0307</x1><x2>2.010E-03</x2><x3>3.120E-03</x3><x4>1.095E-04</x4><x5>1091.8</x5></dataPoint>
        <dataPoint><x1>0.0332</x1><x2>1.930E-03</x2><x3>3.370E-03</x3><x4>1.012E-04</x4><x5>1090.4</x5></dataPoint>
        <dataPoint><x1>0.0363</x1><x2>1.810E-03</x2><x3>3.520E-03</x3><x4>1.107E-04</x4><x5>1091.1</x5></dataPoint>
        <dataPoint><x1>0.0393</x1><x2>1.630E-03</x2><x3>3.490E-03</x3><x4>9.376E-05</x4><x5>1091.1</x5></dataPoint>
    </dataGroup>
    <timeshift target="CH2O" type="half decrease"/>
</experiment>
