<experiment>
    <fileAuthor>Chemical Kinetics Laboratory, Institute of Chemistry, ELTE, Budapest, Hungary</fileAuthor>
    <fileDOI>10.24388/x30002027_x</fileDOI>
    <fileVersion>
        <major>1</major>
        <minor>0</minor>
    </fileVersion>
    <ReSpecThVersion>
        <major>2</major>
        <minor>3</minor>
    </ReSpecThVersion>
    <firstPublicationDate>2016-12-05</firstPublicationDate>
    <lastModificationDate>2020-11-18</lastModificationDate>
    <bibliographyLink>
        <description>W.-C. Ing, C.Y. Sheng, J.W. Bozzelli, Fuel Processing Technology 83 (2003), 111-145</description>
        <referenceDOI>10.1016/S0378-3820(03)00062-6</referenceDOI>
        <location>Main article</location>
        <figure>Fig. 5</figure>
        <details>
            <author>Ing, Wen-Chiun and Sheng, Chad Y and Bozzelli, Joseph W</author>
            <journal>Fuel Process Technol</journal>
            <number>1--3</number>
            <pages>111--145</pages>
            <title>Development of a detailed high-pressure reaction model for methane/methanol mixtures under pyrolytic and oxidative conditions and comparison with experimental data</title>
            <volume>83</volume>
            <year>2003</year>
        </details>
    </bibliographyLink>
    <experimentType>concentration time profile measurement</experimentType>
    <apparatus>
        <kind>flow reactor</kind>
        <mode>laminar</mode>
    </apparatus>
    <commonProperties>
        <property name="pressure"                      label="P"  sourcetype="reported"  units="atm"           ><value>5</value></property>
        <property name="temperature"                   label="T"  sourcetype="reported"  units="K"             ><value>873</value></property>
        <property name="initial composition"           sourcetype="reported" >
            <component><speciesLink preferredKey="CH3OH"  CAS="67-56-1"    InChI="1S/CH4O/c1-2/h2H,1H3"  SMILES="CO"    chemName="methanol" /><amount units="mole fraction" >0.00780</amount></component>
            <component><speciesLink preferredKey="O2"     CAS="7782-44-7"  InChI="1S/O2/c1-2"            SMILES="O=O"   chemName="oxygen"   /><amount units="mole fraction" >0.01170</amount></component>
            <component><speciesLink preferredKey="Ar"     CAS="7440-37-1"  InChI="1S/Ar"                 SMILES="[Ar]"  chemName="argon"    /><amount units="mole fraction" >0.98050</amount></component>
        </property>
        <property name="evaluated standard deviation"  sourcetype="reported"  units="mole faction"   reference="composition"  kind="absolute"  method="reported uncertainty" >
            <speciesLink preferredKey="CO"     CAS="630-08-0"   InChI="1S/CO/c1-2"            SMILES="[C-]#[O+]"  chemName="carbon monoxide" />
            <value>0.000733</value>
        </property>
        <property name="evaluated standard deviation"  sourcetype="reported"  units="mole faction"   reference="composition"  kind="absolute"  method="reported uncertainty" >
            <speciesLink preferredKey="CO2"    CAS="124-38-9"   InChI="1S/CO2/c2-1-3"         SMILES="C(=O)=O"    chemName="carbon dioxide"  />
            <value>0.000152</value>
        </property>
        <property name="evaluated standard deviation"  sourcetype="reported"  units="mole faction"   reference="composition"  kind="absolute"  method="reported uncertainty" >
            <speciesLink preferredKey="CH2O"   CAS="50-00-0"    InChI="1S/CH2O/c1-2/h1H2"     SMILES="C=O"        chemName="formaldehyde"    />
            <value>9.32e-5</value>
        </property>
        <property name="evaluated standard deviation"  sourcetype="reported"  units="mole faction"   reference="composition"  kind="absolute"  method="reported uncertainty" >
            <speciesLink preferredKey="CH3OH"  CAS="67-56-1"    InChI="1S/CH4O/c1-2/h2H,1H3"  SMILES="CO"         chemName="methanol"        />
            <value>0.00071</value>
        </property>
        <property name="evaluated standard deviation"  sourcetype="reported"  units="mole faction"   reference="composition"  kind="absolute"  method="reported uncertainty" >
            <speciesLink preferredKey="CH4"    CAS="74-82-8"    InChI="1S/CH4/h1H4"           SMILES="C"          chemName="methane"         />
            <value>5.39e-7</value>
        </property>
    </commonProperties>
    <dataGroup id="dg1">
        <property name="time"         id="x1"   label="t"        sourcetype="digitized"  units="s"             />
        <property name="composition"  id="x2"   label="[CH3OH]"  sourcetype="digitized"  units="mole fraction" >
            <speciesLink preferredKey="CH3OH"  CAS="67-56-1"   InChI="1S/CH4O/c1-2/h2H,1H3"  SMILES="CO"         chemName="methanol"        />
        </property>
        <property name="composition"  id="x3"   label="[CO2]"    sourcetype="digitized"  units="mole fraction" >
            <speciesLink preferredKey="CO2"    CAS="124-38-9"  InChI="1S/CO2/c2-1-3"         SMILES="C(=O)=O"    chemName="carbon dioxide"  />
        </property>
        <property name="composition"  id="x4"   label="[CO]"     sourcetype="digitized"  units="mole fraction" >
            <speciesLink preferredKey="CO"     CAS="630-08-0"  InChI="1S/CO/c1-2"            SMILES="[C-]#[O+]"  chemName="carbon monoxide" />
        </property>
        <property name="composition"  id="x5"   label="[CH4]"    sourcetype="digitized"  units="mole fraction" >
            <speciesLink preferredKey="CH4"    CAS="74-82-8"   InChI="1S/CH4/h1H4"           SMILES="C"          chemName="methane"         />
        </property>
        <property name="composition"  id="x6"   label="[CH2O]"   sourcetype="digitized"  units="mole fraction" >
            <speciesLink preferredKey="CH2O"   CAS="50-00-0"   InChI="1S/CH2O/c1-2/h1H2"     SMILES="C=O"        chemName="formaldehyde"    />
        </property>

        <dataPoint><x1>0.5</x1><x2>7.100E-03</x2><x3>2.290E-05</x3><x4>2.666E-04</x4><x5>3.089E-06</x5><x6>5.218E-04</x6></dataPoint>
        <dataPoint><x1>0.6</x1><x2>6.960E-03</x2><x3>2.290E-05</x3><x4>2.666E-04</x4><x5>3.583E-06</x5><x6>5.349E-04</x6></dataPoint>
        <dataPoint><x1>0.7</x1><x2>6.820E-03</x2><x3>2.290E-05</x3><x4>5.141E-04</x4><x5>3.327E-06</x5><x6>7.876E-04</x6></dataPoint>
        <dataPoint><x1>0.8</x1><x2>5.530E-03</x2><x3>2.290E-05</x3><x4>1.050E-03</x4><x5>2.810E-06</x5><x6>8.875E-04</x6></dataPoint>
        <dataPoint><x1>0.9</x1><x2>4.520E-03</x2><x3>6.870E-05</x3><x4>1.850E-03</x4><x5>3.167E-06</x5><x6>9.324E-04</x6></dataPoint>
        <dataPoint><x1>1.0</x1><x2>3.010E-03</x2><x3>1.565E-04</x3><x4>3.920E-03</x4><x5>4.899E-06</x5><x6>7.135E-04</x6></dataPoint>
        <dataPoint><x1>1.1</x1><x2>2.450E-03</x2><x3>2.214E-04</x3><x4>4.920E-03</x4><x5>4.779E-06</x5><x6>6.332E-04</x6></dataPoint>
        <dataPoint><x1>1.2</x1><x2>1.780E-03</x2><x3>2.901E-04</x3><x4>5.390E-03</x4><x5>3.939E-06</x5><x6>4.631E-04</x6></dataPoint>
        <dataPoint><x1>1.3</x1><x2>7.799E-04</x2><x3>5.802E-04</x3><x4>7.010E-03</x4><x5>4.549E-06</x5><x6>1.903E-04</x6></dataPoint>
        <dataPoint><x1>1.4</x1><x2>5.752E-04</x2><x3>7.137E-04</x3><x4>7.330E-03</x4><x5>4.330E-06</x5><x6>1.293E-04</x6></dataPoint>
        <dataPoint><x1>1.5</x1><x2>1.713E-05</x2><x3>1.320E-03</x3><x4>6.970E-03</x4><x5>4.899E-06</x5><x6>-1.00E-00</x6></dataPoint>
        <dataPoint><x1>2.0</x1><x2>0.000E+00</x2><x3>1.520E-03</x3><x4>7.060E-03</x4><x5>5.386E-06</x5><x6>-1.00E-00</x6></dataPoint>
    </dataGroup>
    <timeshift target="CH3OH" type="half decrease"/>
</experiment>
