<experiment>
    <fileAuthor>Chemical Kinetics Laboratory, Institute of Chemistry, ELTE, Budapest, Hungary</fileAuthor>
    <fileDOI>10.24388/x30002211CH2O</fileDOI>
    <fileVersion>
        <major>1</major>
        <minor>0</minor>
    </fileVersion>
    <ReSpecThVersion>
        <major>2</major>
        <minor>3</minor>
    </ReSpecThVersion>
    <firstPublicationDate>2016-12-05</firstPublicationDate>
    <lastModificationDate>2020-11-18</lastModificationDate>
    <bibliographyLink>
        <description>J. Li, Z. Zhao, A. Kazakhov, M. Chaos, F.L. Dryer, J.J. Scire, Jr., Int. J. Chem. Kinet. 109 (2007), 109-136</description>
        <referenceDOI>10.1002/kin.20218</referenceDOI>
        <location>Main article</location>
        <figure>Fig. 20b</figure>
        <details>
            <author>Li, J and Zhao, Z W and Kazakov, A and Chaos, M and Dryer, F L and Scire, J J Jr</author>
            <journal>Int J Chem Kinet</journal>
            <number>3</number>
            <pages>109--136</pages>
            <title>A Comprehensive Kinetic Mechanism for CO, CH$_{2}$O, and CH$_{3}$OH Combustion</title>
            <volume>39</volume>
            <year>2007</year>
        </details>
    </bibliographyLink>
    <experimentType>concentration time profile measurement</experimentType>
    <apparatus>
        <kind>flow reactor</kind>
        <mode>turbulent</mode>
    </apparatus>
    <commonProperties>
        <property name="pressure"                      label="P"  sourcetype="reported"   units="atm"           ><value>3.0</value></property>
        <property name="temperature"                   label="T"  sourcetype="reported"   units="K"             ><value>902</value></property>
        <property name="initial composition"           sourcetype="reported"  >
            <component><speciesLink preferredKey="CH2O"  CAS="50-00-0"    InChI="1S/CH2O/c1-2/h1H2"  SMILES="C=O"  chemName="formaldehyde" /><amount units="mole fraction" >0.000100</amount></component>
            <component><speciesLink preferredKey="O2"    CAS="7782-44-7"  InChI="1S/O2/c1-2"         SMILES="O=O"  chemName="oxygen"       /><amount units="mole fraction" >0.020000</amount></component>
            <component><speciesLink preferredKey="H2O"   CAS="7732-18-5"  InChI="1S/H2O/h1H2"        SMILES="O"    chemName="water"        /><amount units="mole fraction" >0.003400</amount></component>
            <component><speciesLink preferredKey="N2"    CAS="7727-37-9"  InChI="1S/N2/c1-2"         SMILES="N#N"  chemName="nitrogen"     /><amount units="mole fraction" >0.976500</amount></component>
        </property>
        <property name="evaluated standard deviation"  sourcetype="estimated"  units="mole faction"   reference="composition"  kind="absolute"  method="generic uncertainty" >
            <speciesLink preferredKey="CH2O"  CAS="50-00-0"    InChI="1S/CH2O/c1-2/h1H2"  SMILES="C=O"        chemName="formaldehyde"    />
            <value>8.91e-6</value>
        </property>
        <property name="evaluated standard deviation"  sourcetype="estimated"  units="mole faction"   reference="composition"  kind="absolute"  method="generic uncertainty" >
            <speciesLink preferredKey="CO"    CAS="630-08-0"   InChI="1S/CO/c1-2"         SMILES="[C-]#[O+]"  chemName="carbon monoxide" />
            <value>6.87e-6</value>
        </property>
        <property name="evaluated standard deviation"  sourcetype="estimated"  units="mole faction"   reference="composition"  kind="absolute"  method="generic uncertainty" >
            <speciesLink preferredKey="H2O"   CAS="7732-18-5"  InChI="1S/H2O/h1H2"        SMILES="O"          chemName="water"           />
            <value>0.000347</value>
        </property>
    </commonProperties>
    <dataGroup id="dg1">
        <property name="time"         id="x1"   label="t"       sourcetype="reported"  units="s"             />
        <property name="composition"  id="x2"   label="[CH2O]"  sourcetype="reported"  units="mole fraction" >
            <speciesLink preferredKey="CH2O"  CAS="50-00-0"    InChI="1S/CH2O/c1-2/h1H2"  SMILES="C=O"        chemName="formaldehyde"    />
        </property>
        <property name="composition"  id="x3"   label="[CO]"    sourcetype="reported"  units="mole fraction" >
            <speciesLink preferredKey="CO"    CAS="630-08-0"   InChI="1S/CO/c1-2"         SMILES="[C-]#[O+]"  chemName="carbon monoxide" />
        </property>
        <property name="composition"  id="x4"   label="[H2O]"   sourcetype="reported"  units="mole fraction" >
            <speciesLink preferredKey="H2O"   CAS="7732-18-5"  InChI="1S/H2O/h1H2"        SMILES="O"          chemName="water"           />
        </property>

        <dataPoint><x1>0.2661</x1><x2>8.913E-05</x2><x3>8.408E-06</x3><x4>3.423E-03</x4></dataPoint>
        <dataPoint><x1>0.2859</x1><x2>8.697E-05</x2><x3>1.105E-05</x3><x4>3.423E-03</x4></dataPoint>
        <dataPoint><x1>0.3094</x1><x2>8.360E-05</x2><x3>1.393E-05</x3><x4>3.416E-03</x4></dataPoint>
        <dataPoint><x1>0.3333</x1><x2>8.072E-05</x2><x3>1.682E-05</x3><x4>3.438E-03</x4></dataPoint>
        <dataPoint><x1>0.3590</x1><x2>7.880E-05</x2><x3>1.946E-05</x3><x4>3.431E-03</x4></dataPoint>
        <dataPoint><x1>0.3831</x1><x2>7.544E-05</x2><x3>2.282E-05</x3><x4>3.445E-03</x4></dataPoint>
        <dataPoint><x1>0.4066</x1><x2>7.303E-05</x2><x3>2.619E-05</x3><x4>3.438E-03</x4></dataPoint>
        <dataPoint><x1>0.4316</x1><x2>6.847E-05</x2><x3>3.027E-05</x3><x4>3.459E-03</x4></dataPoint>
        <dataPoint><x1>0.4564</x1><x2>6.294E-05</x2><x3>3.580E-05</x3><x4>3.445E-03</x4></dataPoint>
        <dataPoint><x1>0.4817</x1><x2>5.934E-05</x2><x3>3.940E-05</x3><x4>3.452E-03</x4></dataPoint>
        <dataPoint><x1>0.5063</x1><x2>5.453E-05</x2><x3>4.493E-05</x3><x4>3.474E-03</x4></dataPoint>
        <dataPoint><x1>0.5311</x1><x2>4.757E-05</x2><x3>5.117E-05</x3><x4>3.459E-03</x4></dataPoint>
        <dataPoint><x1>0.5557</x1><x2>4.084E-05</x2><x3>5.790E-05</x3><x4>3.459E-03</x4></dataPoint>
        <dataPoint><x1>0.5818</x1><x2>3.508E-05</x2><x3>6.390E-05</x3><x4>3.474E-03</x4></dataPoint>
        <dataPoint><x1>0.6055</x1><x2>3.003E-05</x2><x3>6.871E-05</x3><x4>3.467E-03</x4></dataPoint>
    </dataGroup>
    <timeshift target="CH2O" type="half decrease"/>
</experiment>
