<experiment>
    <fileAuthor>Chemical Kinetics Laboratory, Institute of Chemistry, ELTE, Budapest, Hungary</fileAuthor>
    <fileDOI>10.24388/x30002214CH2O</fileDOI>
    <fileVersion>
        <major>1</major>
        <minor>0</minor>
    </fileVersion>
    <ReSpecThVersion>
        <major>2</major>
        <minor>3</minor>
    </ReSpecThVersion>
    <firstPublicationDate>2016-12-05</firstPublicationDate>
    <lastModificationDate>2020-11-18</lastModificationDate>
    <bibliographyLink>
        <description>P. Glarborg, M.U. Alzueta, K. Kjaergaard, K. Dam-Johansen, Combust. Flame 132 (2003), 629-638</description>
        <referenceDOI>10.1016/S0010-2180(02)00535-7</referenceDOI>
        <location>Main article</location>
        <figure>Fig. 1, Set 1</figure>
        <details>
            <author>Glarborg, P and Alzueta, M U and Kjaergaard, K and Dam-Johansen, K</author>
            <journal>Combust Flame</journal>
            <pages>629--638</pages>
            <title>Oxidation of formaldehyde and its interaction with nitric oxide in a flow reactor</title>
            <volume>132</volume>
            <year>2003</year>
        </details>
    </bibliographyLink>
    <experimentType>outlet concentration measurement</experimentType>
    <apparatus>
        <kind>flow reactor</kind>
    </apparatus>
    <commonProperties>
        <property name="pressure"                      label="P"  sourcetype="estimated"  units="atm"           ><value>1.05</value></property>
        <property name="initial composition"           sourcetype="reported"  >
            <component><speciesLink preferredKey="CH2O"  CAS="50-00-0"    InChI="1S/CH2O/c1-2/h1H2"  SMILES="C=O"  chemName="formaldehyde" /><amount units="mole fraction" >0.000840</amount></component>
            <component><speciesLink preferredKey="O2"    CAS="7782-44-7"  InChI="1S/O2/c1-2"         SMILES="O=O"  chemName="oxygen"       /><amount units="mole fraction" >0.000545</amount></component>
            <component><speciesLink preferredKey="H2O"   CAS="7732-18-5"  InChI="1S/H2O/h1H2"        SMILES="O"    chemName="water"        /><amount units="mole fraction" >0.017000</amount></component>
            <component><speciesLink preferredKey="N2"    CAS="7727-37-9"  InChI="1S/N2/c1-2"         SMILES="N#N"  chemName="nitrogen"     /><amount units="mole fraction" >0.981615</amount></component>
        </property>
        <property name="evaluated standard deviation"  sourcetype="estimated"  units="mole faction"   reference="composition"  kind="absolute"  method="statistical scatter" >
            <speciesLink preferredKey="CO"    CAS="630-08-0"   InChI="1S/CO/c1-2"         SMILES="[C-]#[O+]"  chemName="carbon monoxide" />
            <value>0.000169</value>
        </property>
        <property name="evaluated standard deviation"  sourcetype="estimated"  units="mole faction"   reference="composition"  kind="absolute"  method="statistical scatter" >
            <speciesLink preferredKey="CO2"   CAS="124-38-9"   InChI="1S/CO2/c2-1-3"      SMILES="C(=O)=O"    chemName="carbon dioxide"  />
            <value>0.000103</value>
        </property>
    </commonProperties>
    <dataGroup id="dg1">
        <property name="temperature"     id="x1"   label="T"      sourcetype="estimated"  units="K"             />
        <property name="residence time"  id="x2"   label="tau"    sourcetype="estimated"  units="s"             />
        <property name="composition"     id="x3"   label="[CO]"   sourcetype="estimated"  units="mole fraction" >
            <speciesLink preferredKey="CO"   CAS="630-08-0"  InChI="1S/CO/c1-2"     SMILES="[C-]#[O+]"  chemName="carbon monoxide" />
        </property>
        <property name="composition"     id="x4"   label="[CO2]"  sourcetype="estimated"  units="mole fraction" >
            <speciesLink preferredKey="CO2"  CAS="124-38-9"  InChI="1S/CO2/c2-1-3"  SMILES="C(=O)=O"    chemName="carbon dioxide"  />
        </property>

        <dataPoint><x1>0804.8</x1><x2>0.1553</x2><x3>6.362E-07</x3><x4>6.362E-07</x4></dataPoint>
        <dataPoint><x1>0835.1</x1><x2>0.1497</x2><x3>3.339E-06</x3><x4>3.339E-06</x4></dataPoint>
        <dataPoint><x1>0855.2</x1><x2>0.1462</x2><x3>3.625E-06</x3><x4>3.625E-06</x4></dataPoint>
        <dataPoint><x1>0873.4</x1><x2>0.1431</x2><x3>3.883E-06</x3><x4>3.883E-06</x4></dataPoint>
        <dataPoint><x1>0891.5</x1><x2>0.1402</x2><x3>4.141E-06</x3><x4>4.141E-06</x4></dataPoint>
        <dataPoint><x1>0911.7</x1><x2>0.1371</x2><x3>1.352E-05</x3><x4>4.428E-06</x4></dataPoint>
        <dataPoint><x1>0929.9</x1><x2>0.1344</x2><x3>9.786E-05</x3><x4>4.686E-06</x4></dataPoint>
        <dataPoint><x1>0951.1</x1><x2>0.1314</x2><x3>2.868E-04</x3><x4>7.259E-06</x4></dataPoint>
        <dataPoint><x1>0969.2</x1><x2>0.1290</x2><x3>7.484E-04</x3><x4>2.115E-05</x4></dataPoint>
        <dataPoint><x1>0987.8</x1><x2>0.1265</x2><x3>8.942E-04</x3><x4>2.760E-04</x4></dataPoint>
        <dataPoint><x1>1007.5</x1><x2>0.1241</x2><x3>1.534E-04</x3><x4>5.444E-04</x4></dataPoint>
        <dataPoint><x1>1026.4</x1><x2>0.1218</x2><x3>1.174E-04</x3><x4>6.538E-04</x4></dataPoint>
        <dataPoint><x1>1045.6</x1><x2>0.1195</x2><x3>6.995E-05</x3><x4>6.404E-04</x4></dataPoint>
        <dataPoint><x1>1064.8</x1><x2>0.1174</x2><x3>4.746E-05</x3><x4>6.407E-04</x4></dataPoint>
        <dataPoint><x1>1082.8</x1><x2>0.1154</x2><x3>5.227E-05</x3><x4>7.137E-04</x4></dataPoint>
        <dataPoint><x1>1103.9</x1><x2>0.1132</x2><x3>6.621E-05</x3><x4>7.572E-04</x4></dataPoint>
        <dataPoint><x1>1121.2</x1><x2>0.1115</x2><x3>2.104E-05</x3><x4>6.642E-04</x4></dataPoint>
        <dataPoint><x1>1141.3</x1><x2>0.1095</x2><x3>3.269E-05</x3><x4>7.281E-04</x4></dataPoint>
        <dataPoint><x1>1159.4</x1><x2>0.1078</x2><x3>3.520E-05</x3><x4>7.375E-04</x4></dataPoint>
        <dataPoint><x1>1178.7</x1><x2>0.1060</x2><x3>1.506E-05</x3><x4>6.741E-04</x4></dataPoint>
        <dataPoint><x1>1196.9</x1><x2>0.1044</x2><x3>1.529E-05</x3><x4>6.744E-04</x4></dataPoint>
        <dataPoint><x1>1217.9</x1><x2>0.1026</x2><x3>2.927E-05</x3><x4>7.406E-04</x4></dataPoint>
        <dataPoint><x1>1235.8</x1><x2>0.1011</x2><x3>4.995E-05</x3><x4>8.681E-04</x4></dataPoint>
        <dataPoint><x1>1257.3</x1><x2>0.0994</x2><x3>2.983E-05</x3><x4>7.457E-04</x4></dataPoint>
        <dataPoint><x1>1275.5</x1><x2>0.0980</x2><x3>2.551E-05</x3><x4>7.187E-04</x4></dataPoint>
    </dataGroup>
</experiment>
