<experiment>
    <fileAuthor>Chemical Kinetics Laboratory, Institute of Chemistry, ELTE, Budapest, Hungary</fileAuthor>
    <fileDOI>10.24388/x30002216CH2O</fileDOI>
    <fileVersion>
        <major>1</major>
        <minor>0</minor>
    </fileVersion>
    <ReSpecThVersion>
        <major>2</major>
        <minor>3</minor>
    </ReSpecThVersion>
    <firstPublicationDate>2016-12-05</firstPublicationDate>
    <lastModificationDate>2020-11-18</lastModificationDate>
    <bibliographyLink>
        <description>P. Glarborg, M.U. Alzueta, K. Kjaergaard, K. Dam-Johansen, Combust. Flame 132 (2003), 629-638</description>
        <referenceDOI>10.1016/S0010-2180(02)00535-7</referenceDOI>
        <location>Main article</location>
        <figure>Fig. 1, Set 5</figure>
        <details>
            <author>Glarborg, P and Alzueta, M U and Kjaergaard, K and Dam-Johansen, K</author>
            <journal>Combust Flame</journal>
            <pages>629--638</pages>
            <title>Oxidation of formaldehyde and its interaction with nitric oxide in a flow reactor</title>
            <volume>132</volume>
            <year>2003</year>
        </details>
    </bibliographyLink>
    <experimentType>outlet concentration measurement</experimentType>
    <apparatus>
        <kind>flow reactor</kind>
    </apparatus>
    <commonProperties>
        <property name="pressure"                      label="P"  sourcetype="estimated"  units="atm"           ><value>1.05</value></property>
        <property name="initial composition"           sourcetype="reported"  >
            <component><speciesLink preferredKey="CH2O"  CAS="50-00-0"    InChI="1S/CH2O/c1-2/h1H2"  SMILES="C=O"  chemName="formaldehyde" /><amount units="mole fraction" >0.000740</amount></component>
            <component><speciesLink preferredKey="O2"    CAS="7782-44-7"  InChI="1S/O2/c1-2"         SMILES="O=O"  chemName="oxygen"       /><amount units="mole fraction" >0.162000</amount></component>
            <component><speciesLink preferredKey="H2O"   CAS="7732-18-5"  InChI="1S/H2O/h1H2"        SMILES="O"    chemName="water"        /><amount units="mole fraction" >0.018000</amount></component>
            <component><speciesLink preferredKey="N2"    CAS="7727-37-9"  InChI="1S/N2/c1-2"         SMILES="N#N"  chemName="nitrogen"     /><amount units="mole fraction" >0.819260</amount></component>
        </property>
        <property name="evaluated standard deviation"  sourcetype="estimated"  units="mole faction"   reference="composition"  kind="absolute"  method="statistical scatter" >
            <speciesLink preferredKey="CO"    CAS="630-08-0"   InChI="1S/CO/c1-2"         SMILES="[C-]#[O+]"  chemName="carbon monoxide" />
            <value>6.92e-5</value>
        </property>
        <property name="evaluated standard deviation"  sourcetype="estimated"  units="mole faction"   reference="composition"  kind="absolute"  method="statistical scatter" >
            <speciesLink preferredKey="CO2"   CAS="124-38-9"   InChI="1S/CO2/c2-1-3"      SMILES="C(=O)=O"    chemName="carbon dioxide"  />
            <value>3.51e-5</value>
        </property>
    </commonProperties>
    <dataGroup id="dg1">
        <property name="temperature"     id="x1"   label="T"      sourcetype="estimated"  units="K"             />
        <property name="residence time"  id="x2"   label="tau"    sourcetype="estimated"  units="s"             />
        <property name="composition"     id="x3"   label="[CO]"   sourcetype="estimated"  units="mole fraction" >
            <speciesLink preferredKey="CO"   CAS="630-08-0"  InChI="1S/CO/c1-2"     SMILES="[C-]#[O+]"  chemName="carbon monoxide" />
        </property>
        <property name="composition"     id="x4"   label="[CO2]"  sourcetype="estimated"  units="mole fraction" >
            <speciesLink preferredKey="CO2"  CAS="124-38-9"  InChI="1S/CO2/c2-1-3"  SMILES="C(=O)=O"    chemName="carbon dioxide"  />
        </property>

        <dataPoint><x1>0711.7</x1><x2>0.0773</x2><x3>1.594E-06</x3><x4>1.594E-06</x4></dataPoint>
        <dataPoint><x1>0730.8</x1><x2>0.0753</x2><x3>1.867E-06</x3><x4>1.867E-06</x4></dataPoint>
        <dataPoint><x1>0748.9</x1><x2>0.0734</x2><x3>2.125E-06</x3><x4>2.125E-06</x4></dataPoint>
        <dataPoint><x1>0769.1</x1><x2>0.0715</x2><x3>2.412E-06</x3><x4>2.412E-06</x4></dataPoint>
        <dataPoint><x1>0843.5</x1><x2>0.0652</x2><x3>1.192E-06</x3><x4>1.192E-06</x4></dataPoint>
        <dataPoint><x1>0861.6</x1><x2>0.0638</x2><x3>8.299E-06</x3><x4>7.036E-07</x4></dataPoint>
        <dataPoint><x1>0881.7</x1><x2>0.0624</x2><x3>1.772E-05</x3><x4>9.333E-07</x4></dataPoint>
        <dataPoint><x1>0899.8</x1><x2>0.0611</x2><x3>3.168E-05</x3><x4>1.140E-06</x4></dataPoint>
        <dataPoint><x1>0919.9</x1><x2>0.0598</x2><x3>5.708E-05</x3><x4>3.653E-06</x4></dataPoint>
        <dataPoint><x1>0937.9</x1><x2>0.0586</x2><x3>1.144E-04</x3><x4>3.860E-06</x4></dataPoint>
        <dataPoint><x1>0956.9</x1><x2>0.0575</x2><x3>1.877E-04</x3><x4>6.361E-06</x4></dataPoint>
        <dataPoint><x1>0975.7</x1><x2>0.0564</x2><x3>3.090E-04</x3><x4>6.568E-06</x4></dataPoint>
        <dataPoint><x1>0995.6</x1><x2>0.0552</x2><x3>4.531E-04</x3><x4>9.080E-06</x4></dataPoint>
        <dataPoint><x1>1014.4</x1><x2>0.0542</x2><x3>6.064E-04</x3><x4>2.070E-05</x4></dataPoint>
        <dataPoint><x1>1031.5</x1><x2>0.0533</x2><x3>6.226E-04</x3><x4>2.776E-05</x4></dataPoint>
        <dataPoint><x1>1050.5</x1><x2>0.0524</x2><x3>6.525E-04</x3><x4>5.082E-05</x4></dataPoint>
        <dataPoint><x1>1070.7</x1><x2>0.0514</x2><x3>6.254E-04</x3><x4>1.447E-04</x4></dataPoint>
        <dataPoint><x1>1090.4</x1><x2>0.0504</x2><x3>3.152E-04</x3><x4>4.896E-04</x4></dataPoint>
        <dataPoint><x1>1108.9</x1><x2>0.0496</x2><x3>1.534E-04</x3><x4>6.336E-04</x4></dataPoint>
        <dataPoint><x1>1127.1</x1><x2>0.0488</x2><x3>8.743E-05</x3><x4>6.795E-04</x4></dataPoint>
        <dataPoint><x1>1147.3</x1><x2>0.0479</x2><x3>5.576E-05</x3><x4>7.094E-04</x4></dataPoint>
        <dataPoint><x1>1165.5</x1><x2>0.0472</x2><x3>4.003E-05</x3><x4>7.211E-04</x4></dataPoint>
        <dataPoint><x1>1185.6</x1><x2>0.0464</x2><x3>2.662E-05</x3><x4>7.213E-04</x4></dataPoint>
        <dataPoint><x1>1202.7</x1><x2>0.0457</x2><x3>2.002E-05</x3><x4>7.238E-04</x4></dataPoint>
        <dataPoint><x1>1221.9</x1><x2>0.0450</x2><x3>1.572E-05</x3><x4>7.331E-04</x4></dataPoint>
        <dataPoint><x1>1242.0</x1><x2>0.0443</x2><x3>1.601E-05</x3><x4>7.379E-04</x4></dataPoint>
    </dataGroup>
</experiment>
