<experiment>
    <fileAuthor>Chemical Kinetics Laboratory, Institute of Chemistry, ELTE, Budapest, Hungary</fileAuthor>
    <fileDOI>10.24388/x30002045_x</fileDOI>
    <fileVersion>
        <major>1</major>
        <minor>0</minor>
    </fileVersion>
    <ReSpecThVersion>
        <major>2</major>
        <minor>3</minor>
    </ReSpecThVersion>
    <firstPublicationDate>2016-12-05</firstPublicationDate>
    <lastModificationDate>2020-11-18</lastModificationDate>
    <bibliographyLink>
        <description>Presumably: D. Aronowitz, The high temperature oxidation and pyrolysis of methanol. PhD Disseration, Princeton University, 1978. Digitized from: C.K. Westbrook, F.L. Dryer, Combust. Sci. Technol. 20 (1979), 125-140</description>
        <referenceDOI>10.1080/00102207908946902</referenceDOI>
        <location>Main article</location>
        <figure>Westbrook et al. article, Fig. 2</figure>
        <details>
            <author>Westbrook, Charles K and Dryer, Frederick L</author>
            <journal>Combust Sci Technol</journal>
            <pages>125--140</pages>
            <title>Comprehensive Mechanism for Methanol Oxidation</title>
            <volume>20</volume>
            <year>1979</year>
        </details>
    </bibliographyLink>
    <experimentType>concentration time profile measurement</experimentType>
    <apparatus>
        <kind>flow reactor</kind>
        <mode>turbulent</mode>
    </apparatus>
    <commonProperties>
        <property name="pressure"                      label="P"  sourcetype="reported"  units="atm"           ><value>1</value></property>
        <property name="temperature"                   label="T"  sourcetype="reported"  units="K"             ><value>1028</value></property>
        <property name="initial composition"           sourcetype="reported" >
            <component><speciesLink preferredKey="CH3OH"  CAS="67-56-1"    InChI="1S/CH4O/c1-2/h2H,1H3"  SMILES="CO"   chemName="methanol" /><amount units="mole fraction" >0.0095</amount></component>
            <component><speciesLink preferredKey="O2"     CAS="7782-44-7"  InChI="1S/O2/c1-2"            SMILES="O=O"  chemName="oxygen"   /><amount units="mole fraction" >0.0095</amount></component>
            <component><speciesLink preferredKey="N2"     CAS="7727-37-9"  InChI="1S/N2/c1-2"            SMILES="N#N"  chemName="nitrogen" /><amount units="mole fraction" >0.9810</amount></component>
        </property>
        <property name="evaluated standard deviation"  sourcetype="reported"  units="mole faction"   reference="composition"  kind="absolute"  method="reported uncertainty" >
            <speciesLink preferredKey="H2"     CAS="1333-74-0"  InChI="1S/H2/h1H"             SMILES="[HH]"       chemName="hydrogen"        />
            <value>0.000328</value>
        </property>
        <property name="evaluated standard deviation"  sourcetype="reported"  units="mole faction"   reference="composition"  kind="absolute"  method="reported uncertainty" >
            <speciesLink preferredKey="CO"     CAS="630-08-0"   InChI="1S/CO/c1-2"            SMILES="[C-]#[O+]"  chemName="carbon monoxide" />
            <value>0.000791</value>
        </property>
        <property name="evaluated standard deviation"  sourcetype="reported"  units="mole faction"   reference="composition"  kind="absolute"  method="reported uncertainty" >
            <speciesLink preferredKey="CO2"    CAS="124-38-9"   InChI="1S/CO2/c2-1-3"         SMILES="C(=O)=O"    chemName="carbon dioxide"  />
            <value>7.62e-5</value>
        </property>
        <property name="evaluated standard deviation"  sourcetype="reported"  units="mole faction"   reference="composition"  kind="absolute"  method="reported uncertainty" >
            <speciesLink preferredKey="CH3OH"  CAS="67-56-1"    InChI="1S/CH4O/c1-2/h2H,1H3"  SMILES="CO"         chemName="methanol"        />
            <value>0.0007</value>
        </property>
    </commonProperties>
    <dataGroup id="dg1">
        <property name="time"         id="x1"   label="t"        sourcetype="calculated"  units="s"             />
        <property name="composition"  id="x2"   label="[CH3OH]"  sourcetype="digitized"   units="mole fraction" >
            <speciesLink preferredKey="CH3OH"  CAS="67-56-1"    InChI="1S/CH4O/c1-2/h2H,1H3"  SMILES="CO"         chemName="methanol"        />
        </property>
        <property name="composition"  id="x3"   label="[CO2]"    sourcetype="digitized"   units="mole fraction" >
            <speciesLink preferredKey="CO2"    CAS="124-38-9"   InChI="1S/CO2/c2-1-3"         SMILES="C(=O)=O"    chemName="carbon dioxide"  />
        </property>
        <property name="composition"  id="x4"   label="[CO]"     sourcetype="digitized"   units="mole fraction" >
            <speciesLink preferredKey="CO"     CAS="630-08-0"   InChI="1S/CO/c1-2"            SMILES="[C-]#[O+]"  chemName="carbon monoxide" />
        </property>
        <property name="composition"  id="x5"   label="[H2]"     sourcetype="digitized"   units="mole fraction" >
            <speciesLink preferredKey="H2"     CAS="1333-74-0"  InChI="1S/H2/h1H"             SMILES="[HH]"       chemName="hydrogen"        />
        </property>
        <property name="temperature"  id="x6"   label="T"        sourcetype="digitized"   units="K"             />

        <dataPoint><x1>0.0028</x1><x2>6.99574E-03</x2><x3>1.68298E-04</x3><x4>1.07973E-03</x4><x5>5.13205E-04</x5><x6>1029.46</x6></dataPoint>
        <dataPoint><x1>0.0132</x1><x2>6.59535E-03</x2><x3>1.90081E-04</x3><x4>1.34320E-03</x4><x5>6.54520E-04</x5><x6>1033.03</x6></dataPoint>
        <dataPoint><x1>0.0237</x1><x2>5.90268E-03</x2><x3>2.30211E-04</x3><x4>1.73698E-03</x4><x5>8.89203E-04</x5><x6>1038.38</x6></dataPoint>
        <dataPoint><x1>0.0348</x1><x2>4.97279E-03</x2><x3>2.89290E-04</x3><x4>2.44704E-03</x4><x5>1.09591E-03</x5><x6>1044.14</x6></dataPoint>
        <dataPoint><x1>0.0457</x1><x2>3.96962E-03</x2><x3>2.54831E-04</x3><x4>3.36140E-03</x4><x5>1.38645E-03</x5><x6>1050.18</x6></dataPoint>
        <dataPoint><x1>0.0561</x1><x2>3.11270E-03</x2><x3>3.14167E-04</x3><x4>4.03442E-03</x4><x5>1.73285E-03</x5><x6>1056.63</x6></dataPoint>
        <dataPoint><x1>0.0666</x1><x2>2.51144E-03</x2><x3>3.72386E-04</x3><x4>4.78134E-03</x4><x5>2.04209E-03</x5><x6>1062.12</x6></dataPoint>
        <dataPoint><x1>0.0775</x1><x2>1.96494E-03</x2><x3>4.49982E-04</x3><x4>5.49156E-03</x4><x5>2.33250E-03</x5><x6>1067.89</x6></dataPoint>
        <dataPoint><x1>0.0881</x1><x2>1.47327E-03</x2><x3>5.27063E-04</x3><x4>6.12694E-03</x4><x5>2.57638E-03</x5><x6>1072.42</x6></dataPoint>
        <dataPoint><x1>0.0985</x1><x2>1.07280E-03</x2><x3>5.67451E-04</x3><x4>6.72554E-03</x4><x5>2.80182E-03</x5><x6>1076.27</x6></dataPoint>
        <dataPoint><x1>0.1089</x1><x2>8.73494E-04</x2><x3>6.07495E-04</x3><x4>7.15636E-03</x4><x5>2.98039E-03</x5><x6>1078.74</x6></dataPoint>
        <dataPoint><x1>0.1192</x1><x2>6.37533E-04</x2><x3>6.85092E-04</x3><x4>7.64282E-03</x4><x5>3.12175E-03</x5><x6>1079.58</x6></dataPoint>
        <dataPoint><x1>0.1298</x1><x2>4.74503E-04</x2><x3>7.62345E-04</x3><x4>7.90621E-03</x4><x5>3.28162E-03</x5><x6>1079.72</x6></dataPoint>
    </dataGroup>
    <timeshift target="CH3OH" type="half decrease"/>
</experiment>
