<experiment>
    <fileAuthor>Chemical Kinetics Laboratory, Institute of Chemistry, ELTE, Budapest, Hungary</fileAuthor>
    <fileDOI>10.24388/x40002007</fileDOI>
    <fileVersion>
        <major>1</major>
        <minor>0</minor>
    </fileVersion>
    <ReSpecThVersion>
        <major>2</major>
        <minor>3</minor>
    </ReSpecThVersion>
    <firstPublicationDate>2016-12-05</firstPublicationDate>
    <lastModificationDate>2020-11-18</lastModificationDate>
    <bibliographyLink>
        <description>U. Burke, W.K. Metcalfe, S.M. Burke, K.A. Heufer, P. Dagaut, H.J. Curran, Combust. Flame 165 (2016), 125-136</description>
        <referenceDOI>10.1016/j.combustflame.2015.11.004</referenceDOI>
        <location>Supp. Mat. mmc3, Dataset 12, pressure traces obtained from the authors</location>
        <details>
            <author>Burke, Ultan and Metcalfe, Wayne K and Burke, Sin{\'{e}}ad M and Heufer, K Alexander and Dagaut, Philippe and Curran, Henry J</author>
            <journal>Combust Flame</journal>
            <pages>125--136</pages>
            <title>A detailed chemical kinetic modeling, ignition delay time and jet-stirred reactor study of methanol oxidation</title>
            <volume>165</volume>
            <year>2016</year>
        </details>
    </bibliographyLink>
    <experimentType>ignition delay measurement</experimentType>
    <apparatus>
        <kind>rapid compression machine</kind>
    </apparatus>
    <commonProperties>
        <property name="initial composition"           sourcetype="reported"  >
            <component><speciesLink preferredKey="CH3OH"  CAS="67-56-1"    InChI="1S/CH4O/c1-2/h2H,1H3"  SMILES="CO"    chemName="methanol" /><amount units="mole fraction" >0.05700</amount></component>
            <component><speciesLink preferredKey="O2"     CAS="7782-44-7"  InChI="1S/O2/c1-2"            SMILES="O=O"   chemName="oxygen"   /><amount units="mole fraction" >0.08550</amount></component>
            <component><speciesLink preferredKey="N2"     CAS="7727-37-9"  InChI="1S/N2/c1-2"            SMILES="N#N"   chemName="nitrogen" /><amount units="mole fraction" >0.64313</amount></component>
            <component><speciesLink preferredKey="Ar"     CAS="7440-37-1"  InChI="1S/Ar"                 SMILES="[Ar]"  chemName="argon"    /><amount units="mole fraction" >0.21438</amount></component>
        </property>
        <property name="evaluated standard deviation"  sourcetype="estimated"  units="unitless"       reference="ignition delay"  kind="relative"  method="generic uncertainty" ><value>0.1</value></property>
    </commonProperties>
    <dataGroup id="dg1">
        <property name="pressure"        id="x1"   label="P"    sourcetype="reported"  units="mbar" />
        <property name="temperature"     id="x2"   label="T"    sourcetype="reported"  units="K"    />
        <property name="ignition delay"  id="x3"   label="tau"  sourcetype="reported"  units="ms"   />

        <dataPoint><x1>1320</x1><x2>328</x2><x3>312.1</x3></dataPoint>
        <dataPoint><x1>1320</x1><x2>338</x2><x3>64.45</x3></dataPoint>
        <dataPoint><x1>1320</x1><x2>338</x2><x3>62.00</x3></dataPoint>
        <dataPoint><x1>1320</x1><x2>348</x2><x3>23.54</x3></dataPoint>
        <dataPoint><x1>1320</x1><x2>348</x2><x3>24.66</x3></dataPoint>
        <dataPoint><x1>1320</x1><x2>358</x2><x3>9.971</x3></dataPoint>
        <dataPoint><x1>1320</x1><x2>358</x2><x3>10.11</x3></dataPoint>
        <dataPoint><x1>1320</x1><x2>368</x2><x3>4.625</x3></dataPoint>
        <dataPoint><x1>1320</x1><x2>368</x2><x3>4.813</x3></dataPoint>
        <dataPoint><x1>1320</x1><x2>378</x2><x3>1.885</x3></dataPoint>
    </dataGroup>
    <ignitionType target="p;" type="d/dt max"/>
    <comment>VTIM cut-off and shifted, first point increased to 1 cm3</comment>
    <dataGroup id="dg2" label="V-t history" dataPointLink="1">
        <property name="time"    id="x4"   label="t"            sourcetype="estimated"  units="s"   />
        <property name="volume"  id="x5"   label="V"            sourcetype="estimated"  units="cm3" />

        <dataPoint><x4>0.0000000E+00</x4><x5>1.000000000</x5></dataPoint>
        <dataPoint><x4>6.7282190E-03</x4><x5>0.984202000</x5></dataPoint>
        <dataPoint><x4>6.9107880E-03</x4><x5>0.973992670</x5></dataPoint>
        <dataPoint><x4>7.5631010E-03</x4><x5>0.966489360</x5></dataPoint>
        <dataPoint><x4>8.4952370E-03</x4><x5>0.908385380</x5></dataPoint>
        <dataPoint><x4>8.9304380E-03</x4><x5>0.915427210</x5></dataPoint>
        <dataPoint><x4>9.3443390E-03</x4><x5>0.907575640</x5></dataPoint>
        <dataPoint><x4>9.9019270E-03</x4><x5>0.856157400</x5></dataPoint>
        <dataPoint><x4>1.0530467E-02</x4><x5>0.833424120</x5></dataPoint>
        <dataPoint><x4>1.0940730E-02</x4><x5>0.801314050</x5></dataPoint>
        <dataPoint><x4>1.1275685E-02</x4><x5>0.784971670</x5></dataPoint>
        <dataPoint><x4>1.2973702E-02</x4><x5>0.675345530</x5></dataPoint>
        <dataPoint><x4>1.3287949E-02</x4><x5>0.650930750</x5></dataPoint>
        <dataPoint><x4>1.4186764E-02</x4><x5>0.576412860</x5></dataPoint>
        <dataPoint><x4>1.4576654E-02</x4><x5>0.553750900</x5></dataPoint>
        <dataPoint><x4>1.4934623E-02</x4><x5>0.521279950</x5></dataPoint>
        <dataPoint><x4>1.5372896E-02</x4><x5>0.494516170</x5></dataPoint>
        <dataPoint><x4>1.6034890E-02</x4><x5>0.445475010</x5></dataPoint>
        <dataPoint><x4>1.6382986E-02</x4><x5>0.419558050</x5></dataPoint>
        <dataPoint><x4>1.6882671E-02</x4><x5>0.380971160</x5></dataPoint>
        <dataPoint><x4>1.7328878E-02</x4><x5>0.345170790</x5></dataPoint>
        <dataPoint><x4>1.7683283E-02</x4><x5>0.318708000</x5></dataPoint>
        <dataPoint><x4>1.7932566E-02</x4><x5>0.300367720</x5></dataPoint>
        <dataPoint><x4>1.8280768E-02</x4><x5>0.273702830</x5></dataPoint>
        <dataPoint><x4>1.8582382E-02</x4><x5>0.251440870</x5></dataPoint>
        <dataPoint><x4>1.8880848E-02</x4><x5>0.228918590</x5></dataPoint>
        <dataPoint><x4>1.9179693E-02</x4><x5>0.206054500</x5></dataPoint>
        <dataPoint><x4>1.9431501E-02</x4><x5>0.186921700</x5></dataPoint>
        <dataPoint><x4>1.9679439E-02</x4><x5>0.167849330</x5></dataPoint>
        <dataPoint><x4>1.9879636E-02</x4><x5>0.152478570</x5></dataPoint>
        <dataPoint><x4>2.0078941E-02</x4><x5>0.137516290</x5></dataPoint>
        <dataPoint><x4>2.0575981E-02</x4><x5>0.107304400</x5></dataPoint>
        <dataPoint><x4>2.0881745E-02</x4><x5>0.097774633</x5></dataPoint>
        <dataPoint><x4>2.1184858E-02</x4><x5>0.091614078</x5></dataPoint>
        <dataPoint><x4>2.1494229E-02</x4><x5>0.087623026</x5></dataPoint>
        <dataPoint><x4>2.1784433E-02</x4><x5>0.085826575</x5></dataPoint>
        <dataPoint><x4>2.1993908E-02</x4><x5>0.085779624</x5></dataPoint>
        <dataPoint><x4>2.2677874E-02</x4><x5>0.089148533</x5></dataPoint>
        <dataPoint><x4>2.3339103E-02</x4><x5>0.090767388</x5></dataPoint>
        <dataPoint><x4>3.2924805E-02</x4><x5>0.096184302</x5></dataPoint>
        <dataPoint><x4>3.6664168E-02</x4><x5>0.096846106</x5></dataPoint>
        <dataPoint><x4>3.8445054E-02</x4><x5>0.097912088</x5></dataPoint>
        <dataPoint><x4>5.2577744E-02</x4><x5>0.100978100</x5></dataPoint>
        <dataPoint><x4>6.5767534E-02</x4><x5>0.103012840</x5></dataPoint>
        <dataPoint><x4>8.7915104E-02</x4><x5>0.105563020</x5></dataPoint>
        <dataPoint><x4>1.2415135E-01</x4><x5>0.108609400</x5></dataPoint>
        <dataPoint><x4>1.7653844E-01</x4><x5>0.112067150</x5></dataPoint>
        <dataPoint><x4>2.4964233E-01</x4><x5>0.116166540</x5></dataPoint>
        <dataPoint><x4>3.2145475E-01</x4><x5>0.119835890</x5></dataPoint>
        <dataPoint><x4>3.9137397E-01</x4><x5>0.123197310</x5></dataPoint>
        <dataPoint><x4>4.3662196E-01</x4><x5>0.125216650</x5></dataPoint>
        <dataPoint><x4>4.3672310E-01</x4><x5>0.125223370</x5></dataPoint>
    </dataGroup>
    <dataGroup id="dg3" label="V-t history" dataPointLink="2">
        <property name="time"    id="x6"   label="t"            sourcetype="estimated"  units="s"   />
        <property name="volume"  id="x7"   label="V"            sourcetype="estimated"  units="cm3" />

        <dataPoint><x6>0.0000000E+00</x6><x7>1.000000000</x7></dataPoint>
        <dataPoint><x6>6.7282190E-03</x6><x7>0.984190390</x7></dataPoint>
        <dataPoint><x6>6.9107880E-03</x6><x7>0.973973560</x7></dataPoint>
        <dataPoint><x6>7.5631010E-03</x6><x7>0.966464740</x7></dataPoint>
        <dataPoint><x6>8.4952370E-03</x6><x7>0.908318150</x7></dataPoint>
        <dataPoint><x6>8.9304380E-03</x6><x7>0.915365130</x7></dataPoint>
        <dataPoint><x6>9.3443390E-03</x6><x7>0.907507820</x7></dataPoint>
        <dataPoint><x6>9.9019270E-03</x6><x7>0.856052060</x7></dataPoint>
        <dataPoint><x6>1.0530467E-02</x6><x7>0.833302270</x7></dataPoint>
        <dataPoint><x6>1.0940730E-02</x6><x7>0.801169000</x7></dataPoint>
        <dataPoint><x6>1.1275685E-02</x6><x7>0.784814880</x7></dataPoint>
        <dataPoint><x6>1.2973702E-02</x6><x7>0.675111490</x7></dataPoint>
        <dataPoint><x6>1.3287949E-02</x6><x7>0.650680010</x7></dataPoint>
        <dataPoint><x6>1.4186764E-02</x6><x7>0.576112820</x7></dataPoint>
        <dataPoint><x6>1.4576654E-02</x6><x7>0.553436510</x7></dataPoint>
        <dataPoint><x6>1.4934623E-02</x6><x7>0.520945640</x7></dataPoint>
        <dataPoint><x6>1.5372896E-02</x6><x7>0.494166120</x7></dataPoint>
        <dataPoint><x6>1.6034890E-02</x6><x7>0.445098080</x7></dataPoint>
        <dataPoint><x6>1.6382986E-02</x6><x7>0.419168150</x7></dataPoint>
        <dataPoint><x6>1.6882671E-02</x6><x7>0.380563960</x7></dataPoint>
        <dataPoint><x6>1.7328878E-02</x6><x7>0.344750170</x7></dataPoint>
        <dataPoint><x6>1.7683283E-02</x6><x7>0.318279470</x7></dataPoint>
        <dataPoint><x6>1.7932566E-02</x6><x7>0.299934920</x7></dataPoint>
        <dataPoint><x6>1.8280768E-02</x6><x7>0.273265870</x7></dataPoint>
        <dataPoint><x6>1.8582382E-02</x6><x7>0.251002660</x7></dataPoint>
        <dataPoint><x6>1.8880848E-02</x6><x7>0.228481570</x7></dataPoint>
        <dataPoint><x6>1.9179693E-02</x6><x7>0.205621690</x7></dataPoint>
        <dataPoint><x6>1.9431501E-02</x6><x7>0.186495220</x7></dataPoint>
        <dataPoint><x6>1.9679439E-02</x6><x7>0.167432200</x7></dataPoint>
        <dataPoint><x6>1.9879636E-02</x6><x7>0.152071570</x7></dataPoint>
        <dataPoint><x6>2.0078941E-02</x6><x7>0.137121800</x7></dataPoint>
        <dataPoint><x6>2.0575981E-02</x6><x7>0.106945050</x7></dataPoint>
        <dataPoint><x6>2.0881745E-02</x6><x7>0.097429755</x7></dataPoint>
        <dataPoint><x6>2.1184858E-02</x6><x7>0.091279601</x7></dataPoint>
        <dataPoint><x6>2.1494229E-02</x6><x7>0.087295765</x7></dataPoint>
        <dataPoint><x6>2.1784433E-02</x6><x7>0.085502692</x7></dataPoint>
        <dataPoint><x6>2.1993908E-02</x6><x7>0.085455830</x7></dataPoint>
        <dataPoint><x6>2.2677874E-02</x6><x7>0.088818467</x7></dataPoint>
        <dataPoint><x6>2.3339103E-02</x6><x7>0.090434410</x7></dataPoint>
        <dataPoint><x6>3.2924805E-02</x6><x7>0.095842027</x7></dataPoint>
        <dataPoint><x6>3.6664168E-02</x6><x7>0.096502741</x7></dataPoint>
        <dataPoint><x6>3.8445054E-02</x6><x7>0.097566988</x7></dataPoint>
        <dataPoint><x6>5.2577744E-02</x6><x7>0.100628150</x7></dataPoint>
        <dataPoint><x6>6.5767534E-02</x6><x7>0.102659780</x7></dataPoint>
        <dataPoint><x6>8.7915104E-02</x6><x7>0.105206180</x7></dataPoint>
        <dataPoint><x6>1.2415135E-01</x6><x7>0.108248210</x7></dataPoint>
        <dataPoint><x6>1.7653844E-01</x6><x7>0.111701240</x7></dataPoint>
        <dataPoint><x6>2.4964233E-01</x6><x7>0.115795310</x7></dataPoint>
        <dataPoint><x6>3.2145475E-01</x6><x7>0.119460150</x7></dataPoint>
        <dataPoint><x6>3.9137397E-01</x6><x7>0.122817630</x7></dataPoint>
        <dataPoint><x6>4.3662196E-01</x6><x7>0.124834700</x7></dataPoint>
        <dataPoint><x6>4.3672310E-01</x6><x7>0.124841410</x7></dataPoint>
    </dataGroup>
    <dataGroup id="dg4" label="V-t history" dataPointLink="3">
        <property name="time"    id="x8"   label="t"            sourcetype="estimated"  units="s"   />
        <property name="volume"  id="x9"   label="V"            sourcetype="estimated"  units="cm3" />

        <dataPoint><x8>0.0000000E+00</x8><x9>1.000000000</x9></dataPoint>
        <dataPoint><x8>6.7282190E-03</x8><x9>0.984190390</x9></dataPoint>
        <dataPoint><x8>6.9107880E-03</x8><x9>0.973973560</x9></dataPoint>
        <dataPoint><x8>7.5631010E-03</x8><x9>0.966464740</x9></dataPoint>
        <dataPoint><x8>8.4952370E-03</x8><x9>0.908318150</x9></dataPoint>
        <dataPoint><x8>8.9304380E-03</x8><x9>0.915365130</x9></dataPoint>
        <dataPoint><x8>9.3443390E-03</x8><x9>0.907507820</x9></dataPoint>
        <dataPoint><x8>9.9019270E-03</x8><x9>0.856052060</x9></dataPoint>
        <dataPoint><x8>1.0530467E-02</x8><x9>0.833302270</x9></dataPoint>
        <dataPoint><x8>1.0940730E-02</x8><x9>0.801169000</x9></dataPoint>
        <dataPoint><x8>1.1275685E-02</x8><x9>0.784814880</x9></dataPoint>
        <dataPoint><x8>1.2973702E-02</x8><x9>0.675111490</x9></dataPoint>
        <dataPoint><x8>1.3287949E-02</x8><x9>0.650680010</x9></dataPoint>
        <dataPoint><x8>1.4186764E-02</x8><x9>0.576112820</x9></dataPoint>
        <dataPoint><x8>1.4576654E-02</x8><x9>0.553436510</x9></dataPoint>
        <dataPoint><x8>1.4934623E-02</x8><x9>0.520945640</x9></dataPoint>
        <dataPoint><x8>1.5372896E-02</x8><x9>0.494166120</x9></dataPoint>
        <dataPoint><x8>1.6034890E-02</x8><x9>0.445098080</x9></dataPoint>
        <dataPoint><x8>1.6382986E-02</x8><x9>0.419168150</x9></dataPoint>
        <dataPoint><x8>1.6882671E-02</x8><x9>0.380563960</x9></dataPoint>
        <dataPoint><x8>1.7328878E-02</x8><x9>0.344750170</x9></dataPoint>
        <dataPoint><x8>1.7683283E-02</x8><x9>0.318279470</x9></dataPoint>
        <dataPoint><x8>1.7932566E-02</x8><x9>0.299934920</x9></dataPoint>
        <dataPoint><x8>1.8280768E-02</x8><x9>0.273265870</x9></dataPoint>
        <dataPoint><x8>1.8582382E-02</x8><x9>0.251002660</x9></dataPoint>
        <dataPoint><x8>1.8880848E-02</x8><x9>0.228481570</x9></dataPoint>
        <dataPoint><x8>1.9179693E-02</x8><x9>0.205621690</x9></dataPoint>
        <dataPoint><x8>1.9431501E-02</x8><x9>0.186495220</x9></dataPoint>
        <dataPoint><x8>1.9679439E-02</x8><x9>0.167432200</x9></dataPoint>
        <dataPoint><x8>1.9879636E-02</x8><x9>0.152071570</x9></dataPoint>
        <dataPoint><x8>2.0078941E-02</x8><x9>0.137121800</x9></dataPoint>
        <dataPoint><x8>2.0575981E-02</x8><x9>0.106945050</x9></dataPoint>
        <dataPoint><x8>2.0881745E-02</x8><x9>0.097429755</x9></dataPoint>
        <dataPoint><x8>2.1184858E-02</x8><x9>0.091279601</x9></dataPoint>
        <dataPoint><x8>2.1494229E-02</x8><x9>0.087295765</x9></dataPoint>
        <dataPoint><x8>2.1784433E-02</x8><x9>0.085502692</x9></dataPoint>
        <dataPoint><x8>2.1993908E-02</x8><x9>0.085455830</x9></dataPoint>
        <dataPoint><x8>2.2677874E-02</x8><x9>0.088818467</x9></dataPoint>
        <dataPoint><x8>2.3339103E-02</x8><x9>0.090434410</x9></dataPoint>
        <dataPoint><x8>3.2924805E-02</x8><x9>0.095842027</x9></dataPoint>
        <dataPoint><x8>3.6664168E-02</x8><x9>0.096502741</x9></dataPoint>
        <dataPoint><x8>3.8445054E-02</x8><x9>0.097566988</x9></dataPoint>
        <dataPoint><x8>5.2577744E-02</x8><x9>0.100628150</x9></dataPoint>
        <dataPoint><x8>6.5767534E-02</x8><x9>0.102659780</x9></dataPoint>
        <dataPoint><x8>8.7915104E-02</x8><x9>0.105206180</x9></dataPoint>
        <dataPoint><x8>1.2415135E-01</x8><x9>0.108248210</x9></dataPoint>
        <dataPoint><x8>1.7653844E-01</x8><x9>0.111701240</x9></dataPoint>
        <dataPoint><x8>2.4964233E-01</x8><x9>0.115795310</x9></dataPoint>
        <dataPoint><x8>3.2145475E-01</x8><x9>0.119460150</x9></dataPoint>
        <dataPoint><x8>3.9137397E-01</x8><x9>0.122817630</x9></dataPoint>
        <dataPoint><x8>4.3662196E-01</x8><x9>0.124834700</x9></dataPoint>
        <dataPoint><x8>4.3672310E-01</x8><x9>0.124841410</x9></dataPoint>
    </dataGroup>
    <dataGroup id="dg5" label="V-t history" dataPointLink="4">
        <property name="time"    id="x10"  label="t"            sourcetype="estimated"  units="s"   />
        <property name="volume"  id="x11"  label="V"            sourcetype="estimated"  units="cm3" />

        <dataPoint><x10>0.0000000E+00</x10><x11>1.000783200</x11></dataPoint>
        <dataPoint><x10>1.2590200E-03</x10><x11>0.965222690</x11></dataPoint>
        <dataPoint><x10>1.6427400E-03</x10><x11>0.982060670</x11></dataPoint>
        <dataPoint><x10>2.7305290E-03</x10><x11>0.918945760</x11></dataPoint>
        <dataPoint><x10>3.6953990E-03</x10><x11>0.894542290</x11></dataPoint>
        <dataPoint><x10>3.8480370E-03</x10><x11>0.882740690</x11></dataPoint>
        <dataPoint><x10>4.2210880E-03</x10><x11>0.873343870</x11></dataPoint>
        <dataPoint><x10>6.2135940E-03</x10><x11>0.734837830</x11></dataPoint>
        <dataPoint><x10>7.7841330E-03</x10><x11>0.614660730</x11></dataPoint>
        <dataPoint><x10>8.4430980E-03</x10><x11>0.561535520</x11></dataPoint>
        <dataPoint><x10>9.1286320E-03</x10><x11>0.513013710</x11></dataPoint>
        <dataPoint><x10>9.9310530E-03</x10><x11>0.452177350</x11></dataPoint>
        <dataPoint><x10>1.0485901E-02</x10><x11>0.412834790</x11></dataPoint>
        <dataPoint><x10>1.1191268E-02</x10><x11>0.359704950</x11></dataPoint>
        <dataPoint><x10>1.1440217E-02</x10><x11>0.340107760</x11></dataPoint>
        <dataPoint><x10>1.1887435E-02</x10><x11>0.306716100</x11></dataPoint>
        <dataPoint><x10>1.2241613E-02</x10><x11>0.278036490</x11></dataPoint>
        <dataPoint><x10>1.2540750E-02</x10><x11>0.254782710</x11></dataPoint>
        <dataPoint><x10>1.2888375E-02</x10><x11>0.228580090</x11></dataPoint>
        <dataPoint><x10>1.3189876E-02</x10><x11>0.205141090</x11></dataPoint>
        <dataPoint><x10>1.3486480E-02</x10><x11>0.182807830</x11></dataPoint>
        <dataPoint><x10>1.3736252E-02</x10><x11>0.163384090</x11></dataPoint>
        <dataPoint><x10>1.3987066E-02</x10><x11>0.144344590</x11></dataPoint>
        <dataPoint><x10>1.4731317E-02</x10><x11>0.101907340</x11></dataPoint>
        <dataPoint><x10>1.5043211E-02</x10><x11>0.093873654</x11></dataPoint>
        <dataPoint><x10>1.5401577E-02</x10><x11>0.088219253</x11></dataPoint>
        <dataPoint><x10>1.5684186E-02</x10><x11>0.086209625</x11></dataPoint>
        <dataPoint><x10>1.6039571E-02</x10><x11>0.085398925</x11></dataPoint>
        <dataPoint><x10>1.6863838E-02</x10><x11>0.089007493</x11></dataPoint>
        <dataPoint><x10>1.7393288E-02</x10><x11>0.090053555</x11></dataPoint>
        <dataPoint><x10>1.9972501E-02</x10><x11>0.091877400</x11></dataPoint>
        <dataPoint><x10>2.7021000E-02</x10><x11>0.095576860</x11></dataPoint>
        <dataPoint><x10>4.0153396E-02</x10><x11>0.099148916</x11></dataPoint>
        <dataPoint><x10>5.3954786E-02</x10><x11>0.101621660</x11></dataPoint>
        <dataPoint><x10>7.0831836E-02</x10><x11>0.103829910</x11></dataPoint>
        <dataPoint><x10>9.3274036E-02</x10><x11>0.105979330</x11></dataPoint>
        <dataPoint><x10>1.1857313E-01</x10><x11>0.107975480</x11></dataPoint>
        <dataPoint><x10>1.5486943E-01</x10><x11>0.110420230</x11></dataPoint>
        <dataPoint><x10>2.0822384E-01</x10><x11>0.113484090</x11></dataPoint>
        <dataPoint><x10>2.6791208E-01</x10><x11>0.116670580</x11></dataPoint>
        <dataPoint><x10>3.5342827E-01</x10><x11>0.120858420</x11></dataPoint>
        <dataPoint><x10>4.3077874E-01</x10><x11>0.124346530</x11></dataPoint>
    </dataGroup>
    <dataGroup id="dg6" label="V-t history" dataPointLink="5">
        <property name="time"    id="x12"  label="t"            sourcetype="estimated"  units="s"   />
        <property name="volume"  id="x13"  label="V"            sourcetype="estimated"  units="cm3" />

        <dataPoint><x12>0.0000000E+00</x12><x13>1.000783200</x13></dataPoint>
        <dataPoint><x12>1.2590200E-03</x12><x13>0.965222690</x13></dataPoint>
        <dataPoint><x12>1.6427400E-03</x12><x13>0.982060670</x13></dataPoint>
        <dataPoint><x12>2.7305290E-03</x12><x13>0.918945760</x13></dataPoint>
        <dataPoint><x12>3.6953990E-03</x12><x13>0.894542290</x13></dataPoint>
        <dataPoint><x12>3.8480370E-03</x12><x13>0.882740690</x13></dataPoint>
        <dataPoint><x12>4.2210880E-03</x12><x13>0.873343870</x13></dataPoint>
        <dataPoint><x12>6.2135940E-03</x12><x13>0.734837830</x13></dataPoint>
        <dataPoint><x12>7.7841330E-03</x12><x13>0.614660730</x13></dataPoint>
        <dataPoint><x12>8.4430980E-03</x12><x13>0.561535520</x13></dataPoint>
        <dataPoint><x12>9.1286320E-03</x12><x13>0.513013710</x13></dataPoint>
        <dataPoint><x12>9.9310530E-03</x12><x13>0.452177350</x13></dataPoint>
        <dataPoint><x12>1.0485901E-02</x12><x13>0.412834790</x13></dataPoint>
        <dataPoint><x12>1.1191268E-02</x12><x13>0.359704950</x13></dataPoint>
        <dataPoint><x12>1.1440217E-02</x12><x13>0.340107760</x13></dataPoint>
        <dataPoint><x12>1.1887435E-02</x12><x13>0.306716100</x13></dataPoint>
        <dataPoint><x12>1.2241613E-02</x12><x13>0.278036490</x13></dataPoint>
        <dataPoint><x12>1.2540750E-02</x12><x13>0.254782710</x13></dataPoint>
        <dataPoint><x12>1.2888375E-02</x12><x13>0.228580090</x13></dataPoint>
        <dataPoint><x12>1.3189876E-02</x12><x13>0.205141090</x13></dataPoint>
        <dataPoint><x12>1.3486480E-02</x12><x13>0.182807830</x13></dataPoint>
        <dataPoint><x12>1.3736252E-02</x12><x13>0.163384090</x13></dataPoint>
        <dataPoint><x12>1.3987066E-02</x12><x13>0.144344590</x13></dataPoint>
        <dataPoint><x12>1.4731317E-02</x12><x13>0.101907340</x13></dataPoint>
        <dataPoint><x12>1.5043211E-02</x12><x13>0.093873654</x13></dataPoint>
        <dataPoint><x12>1.5401577E-02</x12><x13>0.088219253</x13></dataPoint>
        <dataPoint><x12>1.5684186E-02</x12><x13>0.086209625</x13></dataPoint>
        <dataPoint><x12>1.6039571E-02</x12><x13>0.085398925</x13></dataPoint>
        <dataPoint><x12>1.6863838E-02</x12><x13>0.089007493</x13></dataPoint>
        <dataPoint><x12>1.7393288E-02</x12><x13>0.090053555</x13></dataPoint>
        <dataPoint><x12>1.9972501E-02</x12><x13>0.091877400</x13></dataPoint>
        <dataPoint><x12>2.7021000E-02</x12><x13>0.095576860</x13></dataPoint>
        <dataPoint><x12>4.0153396E-02</x12><x13>0.099148916</x13></dataPoint>
        <dataPoint><x12>5.3954786E-02</x12><x13>0.101621660</x13></dataPoint>
        <dataPoint><x12>7.0831836E-02</x12><x13>0.103829910</x13></dataPoint>
        <dataPoint><x12>9.3274036E-02</x12><x13>0.105979330</x13></dataPoint>
        <dataPoint><x12>1.1857313E-01</x12><x13>0.107975480</x13></dataPoint>
        <dataPoint><x12>1.5486943E-01</x12><x13>0.110420230</x13></dataPoint>
        <dataPoint><x12>2.0822384E-01</x12><x13>0.113484090</x13></dataPoint>
        <dataPoint><x12>2.6791208E-01</x12><x13>0.116670580</x13></dataPoint>
        <dataPoint><x12>3.5342827E-01</x12><x13>0.120858420</x13></dataPoint>
        <dataPoint><x12>4.3077874E-01</x12><x13>0.124346530</x13></dataPoint>
    </dataGroup>
    <dataGroup id="dg7" label="V-t history" dataPointLink="6">
        <property name="time"    id="x14"  label="t"            sourcetype="estimated"  units="s"   />
        <property name="volume"  id="x15"  label="V"            sourcetype="estimated"  units="cm3" />

        <dataPoint><x14>0.0000000E+00</x14><x15>1.021104500</x15></dataPoint>
        <dataPoint><x14>3.1704650E-03</x14><x15>0.995548700</x15></dataPoint>
        <dataPoint><x14>3.4737820E-03</x14><x15>0.969868140</x15></dataPoint>
        <dataPoint><x14>3.6666700E-03</x14><x15>0.967898860</x15></dataPoint>
        <dataPoint><x14>4.0696750E-03</x14><x15>0.992372040</x15></dataPoint>
        <dataPoint><x14>4.3708020E-03</x14><x15>0.978273960</x15></dataPoint>
        <dataPoint><x14>4.7810930E-03</x14><x15>0.932304730</x15></dataPoint>
        <dataPoint><x14>5.1324730E-03</x14><x15>0.944974480</x15></dataPoint>
        <dataPoint><x14>5.7734090E-03</x14><x15>0.922719530</x15></dataPoint>
        <dataPoint><x14>6.0364230E-03</x14><x15>0.905829830</x15></dataPoint>
        <dataPoint><x14>6.3301030E-03</x14><x15>0.875742660</x15></dataPoint>
        <dataPoint><x14>7.9165180E-03</x14><x15>0.788446350</x15></dataPoint>
        <dataPoint><x14>8.1787190E-03</x14><x15>0.764528120</x15></dataPoint>
        <dataPoint><x14>8.6767660E-03</x14><x15>0.743013530</x15></dataPoint>
        <dataPoint><x14>8.8762410E-03</x14><x15>0.729283850</x15></dataPoint>
        <dataPoint><x14>1.0025073E-02</x14><x15>0.640948440</x15></dataPoint>
        <dataPoint><x14>1.0724583E-02</x14><x15>0.578033890</x15></dataPoint>
        <dataPoint><x14>1.1527718E-02</x14><x15>0.516152360</x15></dataPoint>
        <dataPoint><x14>1.2423560E-02</x14><x15>0.451780270</x15></dataPoint>
        <dataPoint><x14>1.2673807E-02</x14><x15>0.434078720</x15></dataPoint>
        <dataPoint><x14>1.3172453E-02</x14><x15>0.395459360</x15></dataPoint>
        <dataPoint><x14>1.3375430E-02</x14><x15>0.378966430</x15></dataPoint>
        <dataPoint><x14>1.3877316E-02</x14><x15>0.338973240</x15></dataPoint>
        <dataPoint><x14>1.4174516E-02</x14><x15>0.316711590</x15></dataPoint>
        <dataPoint><x14>1.4526728E-02</x14><x15>0.289443010</x15></dataPoint>
        <dataPoint><x14>1.4874849E-02</x14><x15>0.263179840</x15></dataPoint>
        <dataPoint><x14>1.5175118E-02</x14><x15>0.239613720</x15></dataPoint>
        <dataPoint><x14>1.5474445E-02</x14><x15>0.216475170</x15></dataPoint>
        <dataPoint><x14>1.5724137E-02</x14><x15>0.196999950</x15></dataPoint>
        <dataPoint><x14>1.5922953E-02</x14><x15>0.181533470</x15></dataPoint>
        <dataPoint><x14>1.6074249E-02</x14><x15>0.169892980</x15></dataPoint>
        <dataPoint><x14>1.6223084E-02</x14><x15>0.158539780</x15></dataPoint>
        <dataPoint><x14>1.6423627E-02</x14><x15>0.143537100</x15></dataPoint>
        <dataPoint><x14>1.7118517E-02</x14><x15>0.103798270</x15></dataPoint>
        <dataPoint><x14>1.7422834E-02</x14><x15>0.095229360</x15></dataPoint>
        <dataPoint><x14>1.7777528E-02</x14><x15>0.089335024</x15></dataPoint>
        <dataPoint><x14>1.8044034E-02</x14><x15>0.087336192</x15></dataPoint>
        <dataPoint><x14>1.8372900E-02</x14><x15>0.086220955</x15></dataPoint>
        <dataPoint><x14>1.8543529E-02</x14><x15>0.086350752</x15></dataPoint>
        <dataPoint><x14>1.9210933E-02</x14><x15>0.089351027</x15></dataPoint>
        <dataPoint><x14>1.9876823E-02</x14><x15>0.090716870</x15></dataPoint>
        <dataPoint><x14>2.3383414E-02</x14><x15>0.092927153</x15></dataPoint>
        <dataPoint><x14>2.5401942E-02</x14><x15>0.093486990</x15></dataPoint>
        <dataPoint><x14>2.9169179E-02</x14><x15>0.096117646</x15></dataPoint>
        <dataPoint><x14>3.2487755E-02</x14><x15>0.096525376</x15></dataPoint>
        <dataPoint><x14>3.5626912E-02</x14><x15>0.098195386</x15></dataPoint>
        <dataPoint><x14>3.9380582E-02</x14><x15>0.098565941</x15></dataPoint>
        <dataPoint><x14>4.2465722E-02</x14><x15>0.099683598</x15></dataPoint>
        <dataPoint><x14>5.7306702E-02</x14><x15>0.102274420</x15></dataPoint>
        <dataPoint><x14>7.4682472E-02</x14><x15>0.104474710</x15></dataPoint>
        <dataPoint><x14>9.9071732E-02</x14><x15>0.106820910</x15></dataPoint>
        <dataPoint><x14>1.4140195E-01</x14><x15>0.109998800</x15></dataPoint>
        <dataPoint><x14>2.0027656E-01</x14><x15>0.113491440</x15></dataPoint>
        <dataPoint><x14>2.6236379E-01</x14><x15>0.116839090</x15></dataPoint>
        <dataPoint><x14>3.4793324E-01</x14><x15>0.121089370</x15></dataPoint>
        <dataPoint><x14>4.3321847E-01</x14><x15>0.124973830</x15></dataPoint>
    </dataGroup>
    <dataGroup id="dg8" label="V-t history" dataPointLink="7">
        <property name="time"    id="x16"  label="t"            sourcetype="estimated"  units="s"   />
        <property name="volume"  id="x17"  label="V"            sourcetype="estimated"  units="cm3" />

        <dataPoint><x16>0.0000000E+00</x16><x17>1.021104500</x17></dataPoint>
        <dataPoint><x16>3.1704650E-03</x16><x17>0.995548700</x17></dataPoint>
        <dataPoint><x16>3.4737820E-03</x16><x17>0.969868140</x17></dataPoint>
        <dataPoint><x16>3.6666700E-03</x16><x17>0.967898860</x17></dataPoint>
        <dataPoint><x16>4.0696750E-03</x16><x17>0.992372040</x17></dataPoint>
        <dataPoint><x16>4.3708020E-03</x16><x17>0.978273960</x17></dataPoint>
        <dataPoint><x16>4.7810930E-03</x16><x17>0.932304730</x17></dataPoint>
        <dataPoint><x16>5.1324730E-03</x16><x17>0.944974480</x17></dataPoint>
        <dataPoint><x16>5.7734090E-03</x16><x17>0.922719530</x17></dataPoint>
        <dataPoint><x16>6.0364230E-03</x16><x17>0.905829830</x17></dataPoint>
        <dataPoint><x16>6.3301030E-03</x16><x17>0.875742660</x17></dataPoint>
        <dataPoint><x16>7.9165180E-03</x16><x17>0.788446350</x17></dataPoint>
        <dataPoint><x16>8.1787190E-03</x16><x17>0.764528120</x17></dataPoint>
        <dataPoint><x16>8.6767660E-03</x16><x17>0.743013530</x17></dataPoint>
        <dataPoint><x16>8.8762410E-03</x16><x17>0.729283850</x17></dataPoint>
        <dataPoint><x16>1.0025073E-02</x16><x17>0.640948440</x17></dataPoint>
        <dataPoint><x16>1.0724583E-02</x16><x17>0.578033890</x17></dataPoint>
        <dataPoint><x16>1.1527718E-02</x16><x17>0.516152360</x17></dataPoint>
        <dataPoint><x16>1.2423560E-02</x16><x17>0.451780270</x17></dataPoint>
        <dataPoint><x16>1.2673807E-02</x16><x17>0.434078720</x17></dataPoint>
        <dataPoint><x16>1.3172453E-02</x16><x17>0.395459360</x17></dataPoint>
        <dataPoint><x16>1.3375430E-02</x16><x17>0.378966430</x17></dataPoint>
        <dataPoint><x16>1.3877316E-02</x16><x17>0.338973240</x17></dataPoint>
        <dataPoint><x16>1.4174516E-02</x16><x17>0.316711590</x17></dataPoint>
        <dataPoint><x16>1.4526728E-02</x16><x17>0.289443010</x17></dataPoint>
        <dataPoint><x16>1.4874849E-02</x16><x17>0.263179840</x17></dataPoint>
        <dataPoint><x16>1.5175118E-02</x16><x17>0.239613720</x17></dataPoint>
        <dataPoint><x16>1.5474445E-02</x16><x17>0.216475170</x17></dataPoint>
        <dataPoint><x16>1.5724137E-02</x16><x17>0.196999950</x17></dataPoint>
        <dataPoint><x16>1.5922953E-02</x16><x17>0.181533470</x17></dataPoint>
        <dataPoint><x16>1.6074249E-02</x16><x17>0.169892980</x17></dataPoint>
        <dataPoint><x16>1.6223084E-02</x16><x17>0.158539780</x17></dataPoint>
        <dataPoint><x16>1.6423627E-02</x16><x17>0.143537100</x17></dataPoint>
        <dataPoint><x16>1.7118517E-02</x16><x17>0.103798270</x17></dataPoint>
        <dataPoint><x16>1.7422834E-02</x16><x17>0.095229360</x17></dataPoint>
        <dataPoint><x16>1.7777528E-02</x16><x17>0.089335024</x17></dataPoint>
        <dataPoint><x16>1.8044034E-02</x16><x17>0.087336192</x17></dataPoint>
        <dataPoint><x16>1.8372900E-02</x16><x17>0.086220955</x17></dataPoint>
        <dataPoint><x16>1.8543529E-02</x16><x17>0.086350752</x17></dataPoint>
        <dataPoint><x16>1.9210933E-02</x16><x17>0.089351027</x17></dataPoint>
        <dataPoint><x16>1.9876823E-02</x16><x17>0.090716870</x17></dataPoint>
        <dataPoint><x16>2.3383414E-02</x16><x17>0.092927153</x17></dataPoint>
        <dataPoint><x16>2.5401942E-02</x16><x17>0.093486990</x17></dataPoint>
        <dataPoint><x16>2.9169179E-02</x16><x17>0.096117646</x17></dataPoint>
        <dataPoint><x16>3.2487755E-02</x16><x17>0.096525376</x17></dataPoint>
        <dataPoint><x16>3.5626912E-02</x16><x17>0.098195386</x17></dataPoint>
        <dataPoint><x16>3.9380582E-02</x16><x17>0.098565941</x17></dataPoint>
        <dataPoint><x16>4.2465722E-02</x16><x17>0.099683598</x17></dataPoint>
        <dataPoint><x16>5.7306702E-02</x16><x17>0.102274420</x17></dataPoint>
        <dataPoint><x16>7.4682472E-02</x16><x17>0.104474710</x17></dataPoint>
        <dataPoint><x16>9.9071732E-02</x16><x17>0.106820910</x17></dataPoint>
        <dataPoint><x16>1.4140195E-01</x16><x17>0.109998800</x17></dataPoint>
        <dataPoint><x16>2.0027656E-01</x16><x17>0.113491440</x17></dataPoint>
        <dataPoint><x16>2.6236379E-01</x16><x17>0.116839090</x17></dataPoint>
        <dataPoint><x16>3.4793324E-01</x16><x17>0.121089370</x17></dataPoint>
        <dataPoint><x16>4.3321847E-01</x16><x17>0.124973830</x17></dataPoint>
    </dataGroup>
    <dataGroup id="dg9" label="V-t history" dataPointLink="8">
        <property name="time"    id="x18"  label="t"            sourcetype="estimated"  units="s"   />
        <property name="volume"  id="x19"  label="V"            sourcetype="estimated"  units="cm3" />

        <dataPoint><x18>0.0000000E+00</x18><x19>1.021121900</x19></dataPoint>
        <dataPoint><x18>3.1704650E-03</x18><x19>0.995545040</x19></dataPoint>
        <dataPoint><x18>3.4737820E-03</x18><x19>0.969843440</x19></dataPoint>
        <dataPoint><x18>3.6666700E-03</x18><x19>0.967872540</x19></dataPoint>
        <dataPoint><x18>4.0696750E-03</x18><x19>0.992365770</x19></dataPoint>
        <dataPoint><x18>4.3708020E-03</x18><x19>0.978256130</x19></dataPoint>
        <dataPoint><x18>4.7810930E-03</x18><x19>0.932249390</x19></dataPoint>
        <dataPoint><x18>5.1324730E-03</x18><x19>0.944929450</x19></dataPoint>
        <dataPoint><x18>5.7734090E-03</x18><x19>0.922656410</x19></dataPoint>
        <dataPoint><x18>6.0364230E-03</x18><x19>0.905753040</x19></dataPoint>
        <dataPoint><x18>6.3301030E-03</x18><x19>0.875641650</x19></dataPoint>
        <dataPoint><x18>7.9165180E-03</x18><x19>0.788276290</x19></dataPoint>
        <dataPoint><x18>8.1787190E-03</x18><x19>0.764339540</x19></dataPoint>
        <dataPoint><x18>8.6767660E-03</x18><x19>0.742808470</x19></dataPoint>
        <dataPoint><x18>8.8762410E-03</x18><x19>0.729068370</x19></dataPoint>
        <dataPoint><x18>1.0025073E-02</x18><x19>0.640668100</x19></dataPoint>
        <dataPoint><x18>1.0724583E-02</x18><x19>0.577710350</x19></dataPoint>
        <dataPoint><x18>1.1527718E-02</x18><x19>0.515789720</x19></dataPoint>
        <dataPoint><x18>1.2423560E-02</x18><x19>0.451381770</x19></dataPoint>
        <dataPoint><x18>1.2673807E-02</x18><x19>0.433671440</x19></dataPoint>
        <dataPoint><x18>1.3172453E-02</x18><x19>0.395034950</x19></dataPoint>
        <dataPoint><x18>1.3375430E-02</x18><x19>0.378535670</x19></dataPoint>
        <dataPoint><x18>1.3877316E-02</x18><x19>0.338529900</x19></dataPoint>
        <dataPoint><x18>1.4174516E-02</x18><x19>0.316263290</x19></dataPoint>
        <dataPoint><x18>1.4526728E-02</x18><x19>0.288991000</x19></dataPoint>
        <dataPoint><x18>1.4874849E-02</x18><x19>0.262727150</x19></dataPoint>
        <dataPoint><x18>1.5175118E-02</x18><x19>0.239163310</x19></dataPoint>
        <dataPoint><x18>1.5474445E-02</x18><x19>0.216030140</x19></dataPoint>
        <dataPoint><x18>1.5724137E-02</x18><x19>0.196562290</x19></dataPoint>
        <dataPoint><x18>1.5922953E-02</x18><x19>0.181103830</x19></dataPoint>
        <dataPoint><x18>1.6074249E-02</x18><x19>0.169470810</x19></dataPoint>
        <dataPoint><x18>1.6223084E-02</x18><x19>0.158126210</x19></dataPoint>
        <dataPoint><x18>1.6423627E-02</x18><x19>0.143137150</x19></dataPoint>
        <dataPoint><x18>1.7118517E-02</x18><x19>0.103449820</x19></dataPoint>
        <dataPoint><x18>1.7422834E-02</x18><x19>0.094895677</x19></dataPoint>
        <dataPoint><x18>1.7777528E-02</x18><x19>0.089012430</x19></dataPoint>
        <dataPoint><x18>1.8044034E-02</x18><x19>0.087017541</x19></dataPoint>
        <dataPoint><x18>1.8372900E-02</x18><x19>0.085904547</x19></dataPoint>
        <dataPoint><x18>1.8543529E-02</x18><x19>0.086034081</x19></dataPoint>
        <dataPoint><x18>1.9210933E-02</x18><x19>0.089028402</x19></dataPoint>
        <dataPoint><x18>1.9876823E-02</x18><x19>0.090391605</x19></dataPoint>
        <dataPoint><x18>2.3383414E-02</x18><x19>0.092597707</x19></dataPoint>
        <dataPoint><x18>2.5401942E-02</x18><x19>0.093156503</x19></dataPoint>
        <dataPoint><x18>2.9169179E-02</x18><x19>0.095782359</x19></dataPoint>
        <dataPoint><x18>3.2487755E-02</x18><x19>0.096189358</x19></dataPoint>
        <dataPoint><x18>3.5626912E-02</x18><x19>0.097856414</x19></dataPoint>
        <dataPoint><x18>3.9380582E-02</x18><x19>0.098226322</x19></dataPoint>
        <dataPoint><x18>4.2465722E-02</x18><x19>0.099342044</x19></dataPoint>
        <dataPoint><x18>5.7306702E-02</x18><x19>0.101928470</x19></dataPoint>
        <dataPoint><x18>7.4682472E-02</x18><x19>0.104125150</x19></dataPoint>
        <dataPoint><x18>9.9071732E-02</x18><x19>0.106467600</x19></dataPoint>
        <dataPoint><x18>1.4140195E-01</x18><x19>0.109640560</x19></dataPoint>
        <dataPoint><x18>2.0027656E-01</x18><x19>0.113128020</x19></dataPoint>
        <dataPoint><x18>2.6236379E-01</x18><x19>0.116470890</x19></dataPoint>
        <dataPoint><x18>3.4793324E-01</x18><x19>0.120715390</x19></dataPoint>
        <dataPoint><x18>4.3321847E-01</x18><x19>0.124594810</x19></dataPoint>
    </dataGroup>
    <dataGroup id="dg10" label="V-t history" dataPointLink="9">
        <property name="time"    id="x20"   label="t"            sourcetype="estimated"  units="s"   />
        <property name="volume"  id="x21"   label="V"            sourcetype="estimated"  units="cm3" />

        <dataPoint><x20>0.0000000E+00</x20><x21>1.021121900</x21></dataPoint>
        <dataPoint><x20>3.1704650E-03</x20><x21>0.995545040</x21></dataPoint>
        <dataPoint><x20>3.4737820E-03</x20><x21>0.969843440</x21></dataPoint>
        <dataPoint><x20>3.6666700E-03</x20><x21>0.967872540</x21></dataPoint>
        <dataPoint><x20>4.0696750E-03</x20><x21>0.992365770</x21></dataPoint>
        <dataPoint><x20>4.3708020E-03</x20><x21>0.978256130</x21></dataPoint>
        <dataPoint><x20>4.7810930E-03</x20><x21>0.932249390</x21></dataPoint>
        <dataPoint><x20>5.1324730E-03</x20><x21>0.944929450</x21></dataPoint>
        <dataPoint><x20>5.7734090E-03</x20><x21>0.922656410</x21></dataPoint>
        <dataPoint><x20>6.0364230E-03</x20><x21>0.905753040</x21></dataPoint>
        <dataPoint><x20>6.3301030E-03</x20><x21>0.875641650</x21></dataPoint>
        <dataPoint><x20>7.9165180E-03</x20><x21>0.788276290</x21></dataPoint>
        <dataPoint><x20>8.1787190E-03</x20><x21>0.764339540</x21></dataPoint>
        <dataPoint><x20>8.6767660E-03</x20><x21>0.742808470</x21></dataPoint>
        <dataPoint><x20>8.8762410E-03</x20><x21>0.729068370</x21></dataPoint>
        <dataPoint><x20>1.0025073E-02</x20><x21>0.640668100</x21></dataPoint>
        <dataPoint><x20>1.0724583E-02</x20><x21>0.577710350</x21></dataPoint>
        <dataPoint><x20>1.1527718E-02</x20><x21>0.515789720</x21></dataPoint>
        <dataPoint><x20>1.2423560E-02</x20><x21>0.451381770</x21></dataPoint>
        <dataPoint><x20>1.2673807E-02</x20><x21>0.433671440</x21></dataPoint>
        <dataPoint><x20>1.3172453E-02</x20><x21>0.395034950</x21></dataPoint>
        <dataPoint><x20>1.3375430E-02</x20><x21>0.378535670</x21></dataPoint>
        <dataPoint><x20>1.3877316E-02</x20><x21>0.338529900</x21></dataPoint>
        <dataPoint><x20>1.4174516E-02</x20><x21>0.316263290</x21></dataPoint>
        <dataPoint><x20>1.4526728E-02</x20><x21>0.288991000</x21></dataPoint>
        <dataPoint><x20>1.4874849E-02</x20><x21>0.262727150</x21></dataPoint>
        <dataPoint><x20>1.5175118E-02</x20><x21>0.239163310</x21></dataPoint>
        <dataPoint><x20>1.5474445E-02</x20><x21>0.216030140</x21></dataPoint>
        <dataPoint><x20>1.5724137E-02</x20><x21>0.196562290</x21></dataPoint>
        <dataPoint><x20>1.5922953E-02</x20><x21>0.181103830</x21></dataPoint>
        <dataPoint><x20>1.6074249E-02</x20><x21>0.169470810</x21></dataPoint>
        <dataPoint><x20>1.6223084E-02</x20><x21>0.158126210</x21></dataPoint>
        <dataPoint><x20>1.6423627E-02</x20><x21>0.143137150</x21></dataPoint>
        <dataPoint><x20>1.7118517E-02</x20><x21>0.103449820</x21></dataPoint>
        <dataPoint><x20>1.7422834E-02</x20><x21>0.094895677</x21></dataPoint>
        <dataPoint><x20>1.7777528E-02</x20><x21>0.089012430</x21></dataPoint>
        <dataPoint><x20>1.8044034E-02</x20><x21>0.087017541</x21></dataPoint>
        <dataPoint><x20>1.8372900E-02</x20><x21>0.085904547</x21></dataPoint>
        <dataPoint><x20>1.8543529E-02</x20><x21>0.086034081</x21></dataPoint>
        <dataPoint><x20>1.9210933E-02</x20><x21>0.089028402</x21></dataPoint>
        <dataPoint><x20>1.9876823E-02</x20><x21>0.090391605</x21></dataPoint>
        <dataPoint><x20>2.3383414E-02</x20><x21>0.092597707</x21></dataPoint>
        <dataPoint><x20>2.5401942E-02</x20><x21>0.093156503</x21></dataPoint>
        <dataPoint><x20>2.9169179E-02</x20><x21>0.095782359</x21></dataPoint>
        <dataPoint><x20>3.2487755E-02</x20><x21>0.096189358</x21></dataPoint>
        <dataPoint><x20>3.5626912E-02</x20><x21>0.097856414</x21></dataPoint>
        <dataPoint><x20>3.9380582E-02</x20><x21>0.098226322</x21></dataPoint>
        <dataPoint><x20>4.2465722E-02</x20><x21>0.099342044</x21></dataPoint>
        <dataPoint><x20>5.7306702E-02</x20><x21>0.101928470</x21></dataPoint>
        <dataPoint><x20>7.4682472E-02</x20><x21>0.104125150</x21></dataPoint>
        <dataPoint><x20>9.9071732E-02</x20><x21>0.106467600</x21></dataPoint>
        <dataPoint><x20>1.4140195E-01</x20><x21>0.109640560</x21></dataPoint>
        <dataPoint><x20>2.0027656E-01</x20><x21>0.113128020</x21></dataPoint>
        <dataPoint><x20>2.6236379E-01</x20><x21>0.116470890</x21></dataPoint>
        <dataPoint><x20>3.4793324E-01</x20><x21>0.120715390</x21></dataPoint>
        <dataPoint><x20>4.3321847E-01</x20><x21>0.124594810</x21></dataPoint>
    </dataGroup>
    <dataGroup id="dg11" label="V-t history" dataPointLink="10">
        <property name="time"    id="x22"   label="t"            sourcetype="estimated"  units="s"   />
        <property name="volume"  id="x23"   label="V"            sourcetype="estimated"  units="cm3" />

        <dataPoint><x22>0.0000000E+00</x22><x23>1.021139800</x23></dataPoint>
        <dataPoint><x22>3.1704650E-03</x22><x23>0.995541270</x23></dataPoint>
        <dataPoint><x22>3.4737820E-03</x22><x23>0.969817950</x23></dataPoint>
        <dataPoint><x22>3.6666700E-03</x22><x23>0.967845400</x23></dataPoint>
        <dataPoint><x22>4.0696750E-03</x22><x23>0.992359310</x23></dataPoint>
        <dataPoint><x22>4.3708020E-03</x22><x23>0.978237740</x23></dataPoint>
        <dataPoint><x22>4.7810930E-03</x22><x23>0.932192360</x23></dataPoint>
        <dataPoint><x22>5.1324730E-03</x22><x23>0.944883020</x23></dataPoint>
        <dataPoint><x22>5.7734090E-03</x22><x23>0.922591370</x23></dataPoint>
        <dataPoint><x22>6.0364230E-03</x22><x23>0.905673940</x23></dataPoint>
        <dataPoint><x22>6.3301030E-03</x22><x23>0.875537660</x23></dataPoint>
        <dataPoint><x22>7.9165180E-03</x22><x23>0.788101540</x23></dataPoint>
        <dataPoint><x22>8.1787190E-03</x22><x23>0.764145880</x23></dataPoint>
        <dataPoint><x22>8.6767660E-03</x22><x23>0.742597980</x23></dataPoint>
        <dataPoint><x22>8.8762410E-03</x22><x23>0.728847260</x23></dataPoint>
        <dataPoint><x22>1.0025073E-02</x22><x23>0.640381130</x23></dataPoint>
        <dataPoint><x22>1.0724583E-02</x22><x23>0.577379790</x23></dataPoint>
        <dataPoint><x22>1.1527718E-02</x22><x23>0.515419970</x23></dataPoint>
        <dataPoint><x22>1.2423560E-02</x22><x23>0.450976440</x23></dataPoint>
        <dataPoint><x22>1.2673807E-02</x22><x23>0.433257500</x23></dataPoint>
        <dataPoint><x22>1.3172453E-02</x22><x23>0.394604340</x23></dataPoint>
        <dataPoint><x22>1.3375430E-02</x22><x23>0.378098950</x23></dataPoint>
        <dataPoint><x22>1.3877316E-02</x22><x23>0.338081370</x23></dataPoint>
        <dataPoint><x22>1.4174516E-02</x22><x23>0.315810310</x23></dataPoint>
        <dataPoint><x22>1.4526728E-02</x22><x23>0.288535030</x23></dataPoint>
        <dataPoint><x22>1.4874849E-02</x22><x23>0.262271320</x23></dataPoint>
        <dataPoint><x22>1.5175118E-02</x22><x23>0.238710560</x23></dataPoint>
        <dataPoint><x22>1.5474445E-02</x22><x23>0.215583640</x23></dataPoint>
        <dataPoint><x22>1.5724137E-02</x22><x23>0.196123950</x23></dataPoint>
        <dataPoint><x22>1.5922953E-02</x22><x23>0.180674170</x23></dataPoint>
        <dataPoint><x22>1.6074249E-02</x22><x23>0.169049120</x23></dataPoint>
        <dataPoint><x22>1.6223084E-02</x22><x23>0.157713630</x23></dataPoint>
        <dataPoint><x22>1.6423627E-02</x22><x23>0.142738870</x23></dataPoint>
        <dataPoint><x22>1.7118517E-02</x22><x23>0.103104810</x23></dataPoint>
        <dataPoint><x22>1.7422834E-02</x22><x23>0.945657980</x23></dataPoint>
        <dataPoint><x22>1.7777528E-02</x22><x23>0.886938660</x23></dataPoint>
        <dataPoint><x22>1.8044034E-02</x22><x23>0.867029940</x23></dataPoint>
        <dataPoint><x22>1.8372900E-02</x22><x23>0.855922830</x23></dataPoint>
        <dataPoint><x22>1.8543529E-02</x22><x23>0.857215500</x23></dataPoint>
        <dataPoint><x22>1.9210933E-02</x22><x23>0.887098060</x23></dataPoint>
        <dataPoint><x22>1.9876823E-02</x22><x23>0.900703180</x23></dataPoint>
        <dataPoint><x22>2.3383414E-02</x22><x23>0.922721560</x23></dataPoint>
        <dataPoint><x22>2.5401942E-02</x22><x23>0.928298890</x23></dataPoint>
        <dataPoint><x22>2.9169179E-02</x22><x23>0.954508420</x23></dataPoint>
        <dataPoint><x22>3.2487755E-02</x22><x23>0.958570950</x23></dataPoint>
        <dataPoint><x22>3.5626912E-02</x22><x23>0.975211290</x23></dataPoint>
        <dataPoint><x22>3.9380582E-02</x22><x23>0.978903750</x23></dataPoint>
        <dataPoint><x22>4.2465722E-02</x22><x23>0.990041150</x23></dataPoint>
        <dataPoint><x22>5.7306702E-02</x22><x23>0.101586050</x23></dataPoint>
        <dataPoint><x22>7.4682472E-02</x22><x23>0.103779010</x23></dataPoint>
        <dataPoint><x22>9.9071732E-02</x22><x23>0.106117610</x23></dataPoint>
        <dataPoint><x22>1.4140195E-01</x22><x23>0.109285520</x23></dataPoint>
        <dataPoint><x22>2.0027656E-01</x22><x23>0.112767630</x23></dataPoint>
        <dataPoint><x22>2.6236379E-01</x22><x23>0.116105580</x23></dataPoint>
        <dataPoint><x22>3.4793324E-01</x22><x23>0.120344100</x23></dataPoint>
        <dataPoint><x22>4.3321847E-01</x22><x23>0.124218320</x23></dataPoint>
    </dataGroup>
</experiment>
