<experiment>
    <fileAuthor>Chemical Kinetics Laboratory, Institute of Chemistry, ELTE, Budapest, Hungary</fileAuthor>
    <fileDOI>10.24388/x40002009</fileDOI>
    <fileVersion>
        <major>1</major>
        <minor>0</minor>
    </fileVersion>
    <ReSpecThVersion>
        <major>2</major>
        <minor>3</minor>
    </ReSpecThVersion>
    <firstPublicationDate>2016-12-05</firstPublicationDate>
    <lastModificationDate>2020-11-18</lastModificationDate>
    <bibliographyLink>
        <description>U. Burke, W.K. Metcalfe, S.M. Burke, K.A. Heufer, P. Dagaut, H.J. Curran, Combust. Flame 165 (2016), 125-136</description>
        <referenceDOI>10.1016/j.combustflame.2015.11.004</referenceDOI>
        <location>Supp. Mat. mmc3, Dataset 17, pressure traces obtained from the authors</location>
        <details>
            <author>Burke, Ultan and Metcalfe, Wayne K and Burke, Sin{\'{e}}ad M and Heufer, K Alexander and Dagaut, Philippe and Curran, Henry J</author>
            <journal>Combust Flame</journal>
            <pages>125--136</pages>
            <title>A detailed chemical kinetic modeling, ignition delay time and jet-stirred reactor study of methanol oxidation</title>
            <volume>165</volume>
            <year>2016</year>
        </details>
    </bibliographyLink>
    <experimentType>ignition delay measurement</experimentType>
    <apparatus>
        <kind>rapid compression machine</kind>
    </apparatus>
    <commonProperties>
        <property name="initial composition"           sourcetype="reported"  >
            <component><speciesLink preferredKey="CH3OH"  CAS="67-56-1"    InChI="1S/CH4O/c1-2/h2H,1H3"  SMILES="CO"    chemName="methanol" /><amount units="mole fraction" >0.11400</amount></component>
            <component><speciesLink preferredKey="O2"     CAS="7782-44-7"  InChI="1S/O2/c1-2"            SMILES="O=O"   chemName="oxygen"   /><amount units="mole fraction" >0.08550</amount></component>
            <component><speciesLink preferredKey="N2"     CAS="7727-37-9"  InChI="1S/N2/c1-2"            SMILES="N#N"   chemName="nitrogen" /><amount units="mole fraction" >0.60038</amount></component>
            <component><speciesLink preferredKey="Ar"     CAS="7440-37-1"  InChI="1S/Ar"                 SMILES="[Ar]"  chemName="argon"    /><amount units="mole fraction" >0.20013</amount></component>
        </property>
        <property name="evaluated standard deviation"  sourcetype="estimated"  units="unitless"       reference="ignition delay"  kind="relative"  method="statistical scatter" ><value>0.11</value></property>
    </commonProperties>
    <dataGroup id="dg1">
        <property name="pressure"        id="x1"   label="P"    sourcetype="reported"  units="mbar" />
        <property name="temperature"     id="x2"   label="T"    sourcetype="reported"  units="K"    />
        <property name="ignition delay"  id="x3"   label="tau"  sourcetype="reported"  units="ms"   />

        <dataPoint><x1>1450</x1><x2>343</x2><x3>271.9</x3></dataPoint>
        <dataPoint><x1>1450</x1><x2>343</x2><x3>267.6</x3></dataPoint>
        <dataPoint><x1>1450</x1><x2>353</x2><x3>75.67</x3></dataPoint>
        <dataPoint><x1>1450</x1><x2>353</x2><x3>75.01</x3></dataPoint>
        <dataPoint><x1>1450</x1><x2>363</x2><x3>27.82</x3></dataPoint>
        <dataPoint><x1>1450</x1><x2>363</x2><x3>28.08</x3></dataPoint>
        <dataPoint><x1>1450</x1><x2>373</x2><x3>12.95</x3></dataPoint>
        <dataPoint><x1>1450</x1><x2>373</x2><x3>13.19</x3></dataPoint>
        <dataPoint><x1>1450</x1><x2>383</x2><x3>6.473</x3></dataPoint>
    </dataGroup>
    <ignitionType target="p;" type="d/dt max"/>
    <comment>VTIM cut-off and shifted, first point increased to 1 cm3</comment>
    <dataGroup id="dg2" label="V-t history" dataPointLink="1">
        <property name="time"    id="x4"   label="t"            sourcetype="estimated"  units="s"   />
        <property name="volume"  id="x5"   label="V"            sourcetype="estimated"  units="cm3" />

        <dataPoint><x4>0.0000000E+00</x4><x5>1.000000000</x5></dataPoint>
        <dataPoint><x4>1.7577560E-03</x4><x5>0.989417630</x5></dataPoint>
        <dataPoint><x4>4.6108380E-03</x4><x5>0.935536890</x5></dataPoint>
        <dataPoint><x4>4.9062710E-03</x4><x5>0.903226740</x5></dataPoint>
        <dataPoint><x4>6.7395790E-03</x4><x5>0.818273070</x5></dataPoint>
        <dataPoint><x4>7.0999530E-03</x4><x5>0.782573330</x5></dataPoint>
        <dataPoint><x4>8.5509030E-03</x4><x5>0.693917230</x5></dataPoint>
        <dataPoint><x4>8.9474340E-03</x4><x5>0.664710420</x5></dataPoint>
        <dataPoint><x4>9.5485740E-03</x4><x5>0.611890980</x5></dataPoint>
        <dataPoint><x4>9.7953740E-03</x4><x5>0.599940630</x5></dataPoint>
        <dataPoint><x4>1.0739830E-02</x4><x5>0.525016510</x5></dataPoint>
        <dataPoint><x4>1.1547819E-02</x4><x5>0.461326790</x5></dataPoint>
        <dataPoint><x4>1.2150189E-02</x4><x5>0.416793830</x5></dataPoint>
        <dataPoint><x4>1.2799615E-02</x4><x5>0.367365500</x5></dataPoint>
        <dataPoint><x4>1.3096765E-02</x4><x5>0.345532830</x5></dataPoint>
        <dataPoint><x4>1.3448718E-02</x4><x5>0.318031320</x5></dataPoint>
        <dataPoint><x4>1.3748340E-02</x4><x5>0.294369520</x5></dataPoint>
        <dataPoint><x4>1.4049578E-02</x4><x5>0.271187430</x5></dataPoint>
        <dataPoint><x4>1.4349049E-02</x4><x5>0.248388640</x5></dataPoint>
        <dataPoint><x4>1.4648201E-02</x4><x5>0.225376660</x5></dataPoint>
        <dataPoint><x4>1.4947830E-02</x4><x5>0.202173900</x5></dataPoint>
        <dataPoint><x4>1.5197572E-02</x4><x5>0.182850590</x5></dataPoint>
        <dataPoint><x4>1.5447690E-02</x4><x5>0.163527260</x5></dataPoint>
        <dataPoint><x4>1.5646668E-02</x4><x5>0.148204010</x5></dataPoint>
        <dataPoint><x4>1.5796858E-02</x4><x5>0.136977610</x5></dataPoint>
        <dataPoint><x4>1.6391722E-02</x4><x5>0.102193700</x5></dataPoint>
        <dataPoint><x4>1.6598913E-02</x4><x5>0.096131774</x5></dataPoint>
        <dataPoint><x4>1.6849726E-02</x4><x5>0.090984704</x5></dataPoint>
        <dataPoint><x4>1.7203156E-02</x4><x5>0.085643198</x5></dataPoint>
        <dataPoint><x4>1.7481086E-02</x4><x5>0.083907419</x5></dataPoint>
        <dataPoint><x4>1.7701025E-02</x4><x5>0.083625562</x5></dataPoint>
        <dataPoint><x4>1.8603979E-02</x4><x5>0.087834165</x5></dataPoint>
        <dataPoint><x4>1.9366843E-02</x4><x5>0.089542789</x5></dataPoint>
        <dataPoint><x4>2.5615924E-02</x4><x5>0.092307813</x5></dataPoint>
        <dataPoint><x4>2.8177578E-02</x4><x5>0.094191267</x5></dataPoint>
        <dataPoint><x4>3.1634179E-02</x4><x5>0.094662837</x5></dataPoint>
        <dataPoint><x4>3.4508970E-02</x4><x5>0.096092735</x5></dataPoint>
        <dataPoint><x4>4.8534380E-02</x4><x5>0.099064451</x5></dataPoint>
        <dataPoint><x4>5.6683820E-02</x4><x5>0.100380390</x5></dataPoint>
        <dataPoint><x4>7.4632990E-02</x4><x5>0.102670200</x5></dataPoint>
        <dataPoint><x4>9.8940200E-02</x4><x5>0.105030240</x5></dataPoint>
        <dataPoint><x4>1.3814416E-01</x4><x5>0.107903450</x5></dataPoint>
        <dataPoint><x4>1.9711340E-01</x4><x5>0.111447990</x5></dataPoint>
        <dataPoint><x4>2.7473075E-01</x4><x5>0.115548570</x5></dataPoint>
        <dataPoint><x4>3.6307804E-01</x4><x5>0.119839280</x5></dataPoint>
        <dataPoint><x4>4.3254196E-01</x4><x5>0.123006450</x5></dataPoint>
    </dataGroup>
    <dataGroup id="dg3" label="V-t history" dataPointLink="2">
        <property name="time"    id="x6"   label="t"            sourcetype="estimated"  units="s"   />
        <property name="volume"  id="x7"   label="V"            sourcetype="estimated"  units="cm3" />

        <dataPoint><x6>0.0000000E+00</x6><x7>1.000000000</x7></dataPoint>
        <dataPoint><x6>1.7577560E-03</x6><x7>0.989417630</x7></dataPoint>
        <dataPoint><x6>4.6108380E-03</x6><x7>0.935536890</x7></dataPoint>
        <dataPoint><x6>4.9062710E-03</x6><x7>0.903226740</x7></dataPoint>
        <dataPoint><x6>6.7395790E-03</x6><x7>0.818273070</x7></dataPoint>
        <dataPoint><x6>7.0999530E-03</x6><x7>0.782573330</x7></dataPoint>
        <dataPoint><x6>8.5509030E-03</x6><x7>0.693917230</x7></dataPoint>
        <dataPoint><x6>8.9474340E-03</x6><x7>0.664710420</x7></dataPoint>
        <dataPoint><x6>9.5485740E-03</x6><x7>0.611890980</x7></dataPoint>
        <dataPoint><x6>9.7953740E-03</x6><x7>0.599940630</x7></dataPoint>
        <dataPoint><x6>1.0739830E-02</x6><x7>0.525016510</x7></dataPoint>
        <dataPoint><x6>1.1547819E-02</x6><x7>0.461326790</x7></dataPoint>
        <dataPoint><x6>1.2150189E-02</x6><x7>0.416793830</x7></dataPoint>
        <dataPoint><x6>1.2799615E-02</x6><x7>0.367365500</x7></dataPoint>
        <dataPoint><x6>1.3096765E-02</x6><x7>0.345532830</x7></dataPoint>
        <dataPoint><x6>1.3448718E-02</x6><x7>0.318031320</x7></dataPoint>
        <dataPoint><x6>1.3748340E-02</x6><x7>0.294369520</x7></dataPoint>
        <dataPoint><x6>1.4049578E-02</x6><x7>0.271187430</x7></dataPoint>
        <dataPoint><x6>1.4349049E-02</x6><x7>0.248388640</x7></dataPoint>
        <dataPoint><x6>1.4648201E-02</x6><x7>0.225376660</x7></dataPoint>
        <dataPoint><x6>1.4947830E-02</x6><x7>0.202173900</x7></dataPoint>
        <dataPoint><x6>1.5197572E-02</x6><x7>0.182850590</x7></dataPoint>
        <dataPoint><x6>1.5447690E-02</x6><x7>0.163527260</x7></dataPoint>
        <dataPoint><x6>1.5646668E-02</x6><x7>0.148204010</x7></dataPoint>
        <dataPoint><x6>1.5796858E-02</x6><x7>0.136977610</x7></dataPoint>
        <dataPoint><x6>1.6391722E-02</x6><x7>0.102193700</x7></dataPoint>
        <dataPoint><x6>1.6598913E-02</x6><x7>0.096131774</x7></dataPoint>
        <dataPoint><x6>1.6849726E-02</x6><x7>0.090984704</x7></dataPoint>
        <dataPoint><x6>1.7203156E-02</x6><x7>0.085643198</x7></dataPoint>
        <dataPoint><x6>1.7481086E-02</x6><x7>0.083907419</x7></dataPoint>
        <dataPoint><x6>1.7701025E-02</x6><x7>0.083625562</x7></dataPoint>
        <dataPoint><x6>1.8603979E-02</x6><x7>0.087834165</x7></dataPoint>
        <dataPoint><x6>1.9366843E-02</x6><x7>0.089542789</x7></dataPoint>
        <dataPoint><x6>2.5615924E-02</x6><x7>0.092307813</x7></dataPoint>
        <dataPoint><x6>2.8177578E-02</x6><x7>0.094191267</x7></dataPoint>
        <dataPoint><x6>3.1634179E-02</x6><x7>0.094662837</x7></dataPoint>
        <dataPoint><x6>3.4508970E-02</x6><x7>0.096092735</x7></dataPoint>
        <dataPoint><x6>4.8534380E-02</x6><x7>0.099064451</x7></dataPoint>
        <dataPoint><x6>5.6683820E-02</x6><x7>0.100380390</x7></dataPoint>
        <dataPoint><x6>7.4632990E-02</x6><x7>0.102670200</x7></dataPoint>
        <dataPoint><x6>9.8940200E-02</x6><x7>0.105030240</x7></dataPoint>
        <dataPoint><x6>1.3814416E-01</x6><x7>0.107903450</x7></dataPoint>
        <dataPoint><x6>1.9711340E-01</x6><x7>0.111447990</x7></dataPoint>
        <dataPoint><x6>2.7473075E-01</x6><x7>0.115548570</x7></dataPoint>
        <dataPoint><x6>3.6307804E-01</x6><x7>0.119839280</x7></dataPoint>
        <dataPoint><x6>4.3254196E-01</x6><x7>0.123006450</x7></dataPoint>
    </dataGroup>
    <dataGroup id="dg4" label="V-t history" dataPointLink="3">
        <property name="time"    id="x8"   label="t"            sourcetype="estimated"  units="s"   />
        <property name="volume"  id="x9"   label="V"            sourcetype="estimated"  units="cm3" />

        <dataPoint><x8>0.0000000E+00</x8><x9>1.000000000</x9></dataPoint>
        <dataPoint><x8>3.1967000E-04</x8><x9>0.986368440</x9></dataPoint>
        <dataPoint><x8>6.8790300E-04</x8><x9>0.976173530</x9></dataPoint>
        <dataPoint><x8>4.2245630E-03</x8><x9>0.851725880</x9></dataPoint>
        <dataPoint><x8>4.9927950E-03</x8><x9>0.804249850</x9></dataPoint>
        <dataPoint><x8>5.2894510E-03</x8><x9>0.772935110</x9></dataPoint>
        <dataPoint><x8>6.2866230E-03</x8><x9>0.716894940</x9></dataPoint>
        <dataPoint><x8>7.4269880E-03</x8><x9>0.624980290</x9></dataPoint>
        <dataPoint><x8>8.4799460E-03</x8><x9>0.554086440</x9></dataPoint>
        <dataPoint><x8>9.3859070E-03</x8><x9>0.481360740</x9></dataPoint>
        <dataPoint><x8>9.9343760E-03</x8><x9>0.442496990</x9></dataPoint>
        <dataPoint><x8>1.0534591E-02</x8><x9>0.395540550</x9></dataPoint>
        <dataPoint><x8>1.1186103E-02</x8><x9>0.347429000</x9></dataPoint>
        <dataPoint><x8>1.1535302E-02</x8><x9>0.319657460</x9></dataPoint>
        <dataPoint><x8>1.1984966E-02</x8><x9>0.284705080</x9></dataPoint>
        <dataPoint><x8>1.2286096E-02</x8><x9>0.261067770</x9></dataPoint>
        <dataPoint><x8>1.2635296E-02</x8><x9>0.234350530</x9></dataPoint>
        <dataPoint><x8>1.2886057E-02</x8><x9>0.215101270</x9></dataPoint>
        <dataPoint><x8>1.3085632E-02</x8><x9>0.199466230</x9></dataPoint>
        <dataPoint><x8>1.3285621E-02</x8><x9>0.183747780</x9></dataPoint>
        <dataPoint><x8>1.3485861E-02</x8><x9>0.168208120</x9></dataPoint>
        <dataPoint><x8>1.3684749E-02</x8><x9>0.152923190</x9></dataPoint>
        <dataPoint><x8>1.3885238E-02</x8><x9>0.138157310</x9></dataPoint>
        <dataPoint><x8>1.4580993E-02</x8><x9>0.100238810</x9></dataPoint>
        <dataPoint><x8>1.4785174E-02</x8><x9>0.094729767</x9></dataPoint>
        <dataPoint><x8>1.5185068E-02</x8><x9>0.087362648</x9></dataPoint>
        <dataPoint><x8>1.5445807E-02</x8><x9>0.085380108</x9></dataPoint>
        <dataPoint><x8>1.5902199E-02</x8><x9>0.084188769</x9></dataPoint>
        <dataPoint><x8>1.6825638E-02</x8><x9>0.087894822</x9></dataPoint>
        <dataPoint><x8>1.7549907E-02</x8><x9>0.089269235</x9></dataPoint>
        <dataPoint><x8>2.1008091E-02</x8><x9>0.091056288</x9></dataPoint>
        <dataPoint><x8>2.3121915E-02</x8><x9>0.091700438</x9></dataPoint>
        <dataPoint><x8>2.6293609E-02</x8><x9>0.093904247</x9></dataPoint>
        <dataPoint><x8>2.9968763E-02</x8><x9>0.094439267</x9></dataPoint>
        <dataPoint><x8>3.2836902E-02</x8><x9>0.095858157</x9></dataPoint>
        <dataPoint><x8>3.7161832E-02</x8><x9>0.096461688</x9></dataPoint>
        <dataPoint><x8>3.9135832E-02</x8><x9>0.097207039</x9></dataPoint>
        <dataPoint><x8>4.8254232E-02</x8><x9>0.098870481</x9></dataPoint>
        <dataPoint><x8>6.1782112E-02</x8><x9>0.100911950</x9></dataPoint>
        <dataPoint><x8>8.5822102E-02</x8><x9>0.103493720</x9></dataPoint>
        <dataPoint><x8>1.2150099E-01</x8><x9>0.106313760</x9></dataPoint>
        <dataPoint><x8>1.6963122E-01</x8><x9>0.109336050</x9></dataPoint>
        <dataPoint><x8>2.1017706E-01</x8><x9>0.111576320</x9></dataPoint>
        <dataPoint><x8>2.7172010E-01</x8><x9>0.114714420</x9></dataPoint>
        <dataPoint><x8>3.5275324E-01</x8><x9>0.118500160</x9></dataPoint>
        <dataPoint><x8>4.3047180E-01</x8><x9>0.121866180</x9></dataPoint>
        <dataPoint><x8>4.3073070E-01</x8><x9>0.121653840</x9></dataPoint>
    </dataGroup>
    <dataGroup id="dg5" label="V-t history" dataPointLink="4">
        <property name="time"    id="x10"  label="t"            sourcetype="estimated"  units="s"   />
        <property name="volume"  id="x11"  label="V"            sourcetype="estimated"  units="cm3" />

        <dataPoint><x10>0.0000000E+00</x10><x11>1.000000000</x11></dataPoint>
        <dataPoint><x10>3.1967000E-04</x10><x11>0.986368440</x11></dataPoint>
        <dataPoint><x10>6.8790300E-04</x10><x11>0.976173530</x11></dataPoint>
        <dataPoint><x10>4.2245630E-03</x10><x11>0.851725880</x11></dataPoint>
        <dataPoint><x10>4.9927950E-03</x10><x11>0.804249850</x11></dataPoint>
        <dataPoint><x10>5.2894510E-03</x10><x11>0.772935110</x11></dataPoint>
        <dataPoint><x10>6.2866230E-03</x10><x11>0.716894940</x11></dataPoint>
        <dataPoint><x10>7.4269880E-03</x10><x11>0.624980290</x11></dataPoint>
        <dataPoint><x10>8.4799460E-03</x10><x11>0.554086440</x11></dataPoint>
        <dataPoint><x10>9.3859070E-03</x10><x11>0.481360740</x11></dataPoint>
        <dataPoint><x10>9.9343760E-03</x10><x11>0.442496990</x11></dataPoint>
        <dataPoint><x10>1.0534591E-02</x10><x11>0.395540550</x11></dataPoint>
        <dataPoint><x10>1.1186103E-02</x10><x11>0.347429000</x11></dataPoint>
        <dataPoint><x10>1.1535302E-02</x10><x11>0.319657460</x11></dataPoint>
        <dataPoint><x10>1.1984966E-02</x10><x11>0.284705080</x11></dataPoint>
        <dataPoint><x10>1.2286096E-02</x10><x11>0.261067770</x11></dataPoint>
        <dataPoint><x10>1.2635296E-02</x10><x11>0.234350530</x11></dataPoint>
        <dataPoint><x10>1.2886057E-02</x10><x11>0.215101270</x11></dataPoint>
        <dataPoint><x10>1.3085632E-02</x10><x11>0.199466230</x11></dataPoint>
        <dataPoint><x10>1.3285621E-02</x10><x11>0.183747780</x11></dataPoint>
        <dataPoint><x10>1.3485861E-02</x10><x11>0.168208120</x11></dataPoint>
        <dataPoint><x10>1.3684749E-02</x10><x11>0.152923190</x11></dataPoint>
        <dataPoint><x10>1.3885238E-02</x10><x11>0.138157310</x11></dataPoint>
        <dataPoint><x10>1.4580993E-02</x10><x11>0.100238810</x11></dataPoint>
        <dataPoint><x10>1.4785174E-02</x10><x11>0.094729767</x11></dataPoint>
        <dataPoint><x10>1.5185068E-02</x10><x11>0.087362648</x11></dataPoint>
        <dataPoint><x10>1.5445807E-02</x10><x11>0.085380108</x11></dataPoint>
        <dataPoint><x10>1.5902199E-02</x10><x11>0.084188769</x11></dataPoint>
        <dataPoint><x10>1.6825638E-02</x10><x11>0.087894822</x11></dataPoint>
        <dataPoint><x10>1.7549907E-02</x10><x11>0.089269235</x11></dataPoint>
        <dataPoint><x10>2.1008091E-02</x10><x11>0.091056288</x11></dataPoint>
        <dataPoint><x10>2.3121915E-02</x10><x11>0.091700438</x11></dataPoint>
        <dataPoint><x10>2.6293609E-02</x10><x11>0.093904247</x11></dataPoint>
        <dataPoint><x10>2.9968763E-02</x10><x11>0.094439267</x11></dataPoint>
        <dataPoint><x10>3.2836902E-02</x10><x11>0.095858157</x11></dataPoint>
        <dataPoint><x10>3.7161832E-02</x10><x11>0.096461688</x11></dataPoint>
        <dataPoint><x10>3.9135832E-02</x10><x11>0.097207039</x11></dataPoint>
        <dataPoint><x10>4.8254232E-02</x10><x11>0.098870481</x11></dataPoint>
        <dataPoint><x10>6.1782112E-02</x10><x11>0.100911950</x11></dataPoint>
        <dataPoint><x10>8.5822102E-02</x10><x11>0.103493720</x11></dataPoint>
        <dataPoint><x10>1.2150099E-01</x10><x11>0.106313760</x11></dataPoint>
        <dataPoint><x10>1.6963122E-01</x10><x11>0.109336050</x11></dataPoint>
        <dataPoint><x10>2.1017706E-01</x10><x11>0.111576320</x11></dataPoint>
        <dataPoint><x10>2.7172010E-01</x10><x11>0.114714420</x11></dataPoint>
        <dataPoint><x10>3.5275324E-01</x10><x11>0.118500160</x11></dataPoint>
        <dataPoint><x10>4.3047180E-01</x10><x11>0.121866180</x11></dataPoint>
        <dataPoint><x10>4.3073070E-01</x10><x11>0.121653840</x11></dataPoint>
    </dataGroup>
    <dataGroup id="dg6" label="V-t history" dataPointLink="5">
        <property name="time"    id="x12"  label="t"            sourcetype="estimated"  units="s"   />
        <property name="volume"  id="x13"  label="V"            sourcetype="estimated"  units="cm3" />

        <dataPoint><x12>0.0000000E+00</x12><x13>1.001362300</x13></dataPoint>
        <dataPoint><x12>1.9800170E-03</x12><x13>0.985032000</x13></dataPoint>
        <dataPoint><x12>2.8287120E-03</x12><x13>0.961073450</x13></dataPoint>
        <dataPoint><x12>3.1581970E-03</x12><x13>0.938349270</x13></dataPoint>
        <dataPoint><x12>3.5598890E-03</x12><x13>0.947530130</x13></dataPoint>
        <dataPoint><x12>4.0152740E-03</x12><x13>0.906595820</x13></dataPoint>
        <dataPoint><x12>4.7939090E-03</x12><x13>0.880218360</x13></dataPoint>
        <dataPoint><x12>5.9111720E-03</x12><x13>0.817136060</x13></dataPoint>
        <dataPoint><x12>6.8452470E-03</x12><x13>0.776756160</x13></dataPoint>
        <dataPoint><x12>7.3931470E-03</x12><x13>0.717654850</x13></dataPoint>
        <dataPoint><x12>8.1974780E-03</x12><x13>0.672277610</x13></dataPoint>
        <dataPoint><x12>8.6018100E-03</x12><x13>0.640648320</x13></dataPoint>
        <dataPoint><x12>9.8489780E-03</x12><x13>0.543082610</x13></dataPoint>
        <dataPoint><x12>1.0651920E-02</x12><x13>0.478112030</x13></dataPoint>
        <dataPoint><x12>1.1453968E-02</x12><x13>0.417337400</x13></dataPoint>
        <dataPoint><x12>1.1951995E-02</x12><x13>0.379749420</x13></dataPoint>
        <dataPoint><x12>1.2451626E-02</x12><x13>0.341325230</x13></dataPoint>
        <dataPoint><x12>1.2901341E-02</x12><x13>0.306857000</x13></dataPoint>
        <dataPoint><x12>1.3302964E-02</x12><x13>0.275894830</x13></dataPoint>
        <dataPoint><x12>1.3650572E-02</x12><x13>0.249065980</x13></dataPoint>
        <dataPoint><x12>1.3901954E-02</x12><x13>0.229826230</x13></dataPoint>
        <dataPoint><x12>1.4200940E-02</x12><x13>0.206223200</x13></dataPoint>
        <dataPoint><x12>1.4451058E-02</x12><x13>0.186674570</x13></dataPoint>
        <dataPoint><x12>1.4699840E-02</x12><x13>0.167350840</x13></dataPoint>
        <dataPoint><x12>1.4899733E-02</x12><x13>0.151938780</x13></dataPoint>
        <dataPoint><x12>1.5099861E-02</x12><x13>0.137078910</x13></dataPoint>
        <dataPoint><x12>1.5746015E-02</x12><x13>0.101335250</x13></dataPoint>
        <dataPoint><x12>1.5950893E-02</x12><x13>0.095520518</x13></dataPoint>
        <dataPoint><x12>1.6403660E-02</x12><x13>0.087207581</x13></dataPoint>
        <dataPoint><x12>1.6668964E-02</x12><x13>0.085148132</x13></dataPoint>
        <dataPoint><x12>1.7064527E-02</x12><x13>0.084089568</x13></dataPoint>
        <dataPoint><x12>1.8039121E-02</x12><x13>0.087855335</x13></dataPoint>
        <dataPoint><x12>1.8485803E-02</x12><x13>0.088847247</x13></dataPoint>
        <dataPoint><x12>2.1694864E-02</x12><x13>0.090846795</x13></dataPoint>
        <dataPoint><x12>2.4233539E-02</x12><x13>0.091664925</x13></dataPoint>
        <dataPoint><x12>2.7499325E-02</x12><x13>0.093880405</x13></dataPoint>
        <dataPoint><x12>3.1146673E-02</x12><x13>0.094325398</x13></dataPoint>
        <dataPoint><x12>3.3567522E-02</x12><x13>0.095525510</x13></dataPoint>
        <dataPoint><x12>4.7778092E-02</x12><x13>0.098362885</x13></dataPoint>
        <dataPoint><x12>6.0649762E-02</x12><x13>0.100209800</x13></dataPoint>
        <dataPoint><x12>7.5294352E-02</x12><x13>0.101907990</x13></dataPoint>
        <dataPoint><x12>1.0389025E-01</x12><x13>0.104406870</x13></dataPoint>
        <dataPoint><x12>1.4942283E-01</x12><x13>0.107467260</x13></dataPoint>
        <dataPoint><x12>2.0854302E-01</x12><x13>0.110687360</x13></dataPoint>
        <dataPoint><x12>2.7240533E-01</x12><x13>0.113856790</x13></dataPoint>
        <dataPoint><x12>3.5159916E-01</x12><x13>0.117489190</x13></dataPoint>
        <dataPoint><x12>4.3184495E-01</x12><x13>0.120830850</x13></dataPoint>
    </dataGroup>
    <dataGroup id="dg7" label="V-t history" dataPointLink="6">
        <property name="time"    id="x14"  label="t"            sourcetype="estimated"  units="s"   />
        <property name="volume"  id="x15"  label="V"            sourcetype="estimated"  units="cm3" />

        <dataPoint><x14>0.0000000E+00</x14><x15>1.001362300</x15></dataPoint>
        <dataPoint><x14>1.9800170E-03</x14><x15>0.985032000</x15></dataPoint>
        <dataPoint><x14>2.8287120E-03</x14><x15>0.961073450</x15></dataPoint>
        <dataPoint><x14>3.1581970E-03</x14><x15>0.938349270</x15></dataPoint>
        <dataPoint><x14>3.5598890E-03</x14><x15>0.947530130</x15></dataPoint>
        <dataPoint><x14>4.0152740E-03</x14><x15>0.906595820</x15></dataPoint>
        <dataPoint><x14>4.7939090E-03</x14><x15>0.880218360</x15></dataPoint>
        <dataPoint><x14>5.9111720E-03</x14><x15>0.817136060</x15></dataPoint>
        <dataPoint><x14>6.8452470E-03</x14><x15>0.776756160</x15></dataPoint>
        <dataPoint><x14>7.3931470E-03</x14><x15>0.717654850</x15></dataPoint>
        <dataPoint><x14>8.1974780E-03</x14><x15>0.672277610</x15></dataPoint>
        <dataPoint><x14>8.6018100E-03</x14><x15>0.640648320</x15></dataPoint>
        <dataPoint><x14>9.8489780E-03</x14><x15>0.543082610</x15></dataPoint>
        <dataPoint><x14>1.0651920E-02</x14><x15>0.478112030</x15></dataPoint>
        <dataPoint><x14>1.1453968E-02</x14><x15>0.417337400</x15></dataPoint>
        <dataPoint><x14>1.1951995E-02</x14><x15>0.379749420</x15></dataPoint>
        <dataPoint><x14>1.2451626E-02</x14><x15>0.341325230</x15></dataPoint>
        <dataPoint><x14>1.2901341E-02</x14><x15>0.306857000</x15></dataPoint>
        <dataPoint><x14>1.3302964E-02</x14><x15>0.275894830</x15></dataPoint>
        <dataPoint><x14>1.3650572E-02</x14><x15>0.249065980</x15></dataPoint>
        <dataPoint><x14>1.3901954E-02</x14><x15>0.229826230</x15></dataPoint>
        <dataPoint><x14>1.4200940E-02</x14><x15>0.206223200</x15></dataPoint>
        <dataPoint><x14>1.4451058E-02</x14><x15>0.186674570</x15></dataPoint>
        <dataPoint><x14>1.4699840E-02</x14><x15>0.167350840</x15></dataPoint>
        <dataPoint><x14>1.4899733E-02</x14><x15>0.151938780</x15></dataPoint>
        <dataPoint><x14>1.5099861E-02</x14><x15>0.137078910</x15></dataPoint>
        <dataPoint><x14>1.5746015E-02</x14><x15>0.101335250</x15></dataPoint>
        <dataPoint><x14>1.5950893E-02</x14><x15>0.095520518</x15></dataPoint>
        <dataPoint><x14>1.6403660E-02</x14><x15>0.087207581</x15></dataPoint>
        <dataPoint><x14>1.6668964E-02</x14><x15>0.085148132</x15></dataPoint>
        <dataPoint><x14>1.7064527E-02</x14><x15>0.084089568</x15></dataPoint>
        <dataPoint><x14>1.8039121E-02</x14><x15>0.087855335</x15></dataPoint>
        <dataPoint><x14>1.8485803E-02</x14><x15>0.088847247</x15></dataPoint>
        <dataPoint><x14>2.1694864E-02</x14><x15>0.090846795</x15></dataPoint>
        <dataPoint><x14>2.4233539E-02</x14><x15>0.091664925</x15></dataPoint>
        <dataPoint><x14>2.7499325E-02</x14><x15>0.093880405</x15></dataPoint>
        <dataPoint><x14>3.1146673E-02</x14><x15>0.094325398</x15></dataPoint>
        <dataPoint><x14>3.3567522E-02</x14><x15>0.095525510</x15></dataPoint>
        <dataPoint><x14>4.7778092E-02</x14><x15>0.098362885</x15></dataPoint>
        <dataPoint><x14>6.0649762E-02</x14><x15>0.100209800</x15></dataPoint>
        <dataPoint><x14>7.5294352E-02</x14><x15>0.101907990</x15></dataPoint>
        <dataPoint><x14>1.0389025E-01</x14><x15>0.104406870</x15></dataPoint>
        <dataPoint><x14>1.4942283E-01</x14><x15>0.107467260</x15></dataPoint>
        <dataPoint><x14>2.0854302E-01</x14><x15>0.110687360</x15></dataPoint>
        <dataPoint><x14>2.7240533E-01</x14><x15>0.113856790</x15></dataPoint>
        <dataPoint><x14>3.5159916E-01</x14><x15>0.117489190</x15></dataPoint>
        <dataPoint><x14>4.3184495E-01</x14><x15>0.120830850</x15></dataPoint>
    </dataGroup>
    <dataGroup id="dg8" label="V-t history" dataPointLink="7">
        <property name="time"    id="x16"  label="t"            sourcetype="estimated"  units="s"   />
        <property name="volume"  id="x17"  label="V"            sourcetype="estimated"  units="cm3" />

        <dataPoint><x16>0.0000000E+00</x16><x17>1.001364100</x17></dataPoint>
        <dataPoint><x16>1.9800170E-03</x16><x17>0.985012110</x17></dataPoint>
        <dataPoint><x16>2.8287120E-03</x16><x17>0.961021980</x17></dataPoint>
        <dataPoint><x16>3.1581970E-03</x16><x17>0.938268140</x17></dataPoint>
        <dataPoint><x16>3.5598890E-03</x16><x17>0.947460950</x17></dataPoint>
        <dataPoint><x16>4.0152740E-03</x16><x17>0.906473810</x17></dataPoint>
        <dataPoint><x16>4.7939090E-03</x16><x17>0.880062910</x17></dataPoint>
        <dataPoint><x16>5.9111720E-03</x16><x17>0.816902820</x17></dataPoint>
        <dataPoint><x16>6.8452470E-03</x16><x17>0.776474960</x17></dataPoint>
        <dataPoint><x16>7.3931470E-03</x16><x17>0.717306520</x17></dataPoint>
        <dataPoint><x16>8.1974780E-03</x16><x17>0.671880630</x17></dataPoint>
        <dataPoint><x16>8.6018100E-03</x16><x17>0.640219140</x17></dataPoint>
        <dataPoint><x16>9.8489780E-03</x16><x17>0.542564940</x17></dataPoint>
        <dataPoint><x16>1.0651920E-02</x16><x17>0.477546860</x17></dataPoint>
        <dataPoint><x16>1.1453968E-02</x16><x17>0.416738670</x17></dataPoint>
        <dataPoint><x16>1.1951995E-02</x16><x17>0.379136440</x17></dataPoint>
        <dataPoint><x16>1.2451626E-02</x16><x17>0.340703920</x17></dataPoint>
        <dataPoint><x16>1.2901341E-02</x16><x17>0.306234510</x17></dataPoint>
        <dataPoint><x16>1.3302964E-02</x16><x17>0.275277280</x17></dataPoint>
        <dataPoint><x16>1.3650572E-02</x16><x17>0.248458030</x17></dataPoint>
        <dataPoint><x16>1.3901954E-02</x16><x17>0.229228640</x17></dataPoint>
        <dataPoint><x16>1.4200940E-02</x16><x17>0.205642850</x17></dataPoint>
        <dataPoint><x16>1.4451058E-02</x16><x17>0.186112740</x17></dataPoint>
        <dataPoint><x16>1.4699840E-02</x16><x17>0.166811610</x17></dataPoint>
        <dataPoint><x16>1.4899733E-02</x16><x17>0.151421020</x17></dataPoint>
        <dataPoint><x16>1.5099861E-02</x16><x17>0.136585080</x17></dataPoint>
        <dataPoint><x16>1.5746015E-02</x16><x17>0.100914230</x17></dataPoint>
        <dataPoint><x16>1.5950893E-02</x16><x17>0.095113680</x17></dataPoint>
        <dataPoint><x16>1.6403660E-02</x16><x17>0.086822324</x17></dataPoint>
        <dataPoint><x16>1.6668964E-02</x16><x17>0.084768468</x17></dataPoint>
        <dataPoint><x16>1.7064527E-02</x16><x17>0.083712818</x17></dataPoint>
        <dataPoint><x16>1.8039121E-02</x16><x17>0.087468340</x17></dataPoint>
        <dataPoint><x16>1.8485803E-02</x16><x17>0.088457609</x17></dataPoint>
        <dataPoint><x16>2.1694864E-02</x16><x17>0.090451897</x17></dataPoint>
        <dataPoint><x16>2.4233539E-02</x16><x17>0.091267902</x17></dataPoint>
        <dataPoint><x16>2.7499325E-02</x16><x17>0.093477702</x17></dataPoint>
        <dataPoint><x16>3.1146673E-02</x16><x17>0.093921567</x17></dataPoint>
        <dataPoint><x16>3.3567522E-02</x16><x17>0.095118659</x17></dataPoint>
        <dataPoint><x16>4.7778092E-02</x16><x17>0.097949021</x17></dataPoint>
        <dataPoint><x16>6.0649762E-02</x16><x17>0.099791468</x17></dataPoint>
        <dataPoint><x16>7.5294352E-02</x16><x17>0.101485600</x17></dataPoint>
        <dataPoint><x16>1.0389025E-01</x16><x17>0.103978630</x17></dataPoint>
        <dataPoint><x16>1.4942283E-01</x16><x17>0.107032040</x17></dataPoint>
        <dataPoint><x16>2.0854302E-01</x16><x17>0.110244980</x17></dataPoint>
        <dataPoint><x16>2.7240533E-01</x16><x17>0.113407570</x17></dataPoint>
        <dataPoint><x16>3.5159916E-01</x16><x17>0.117032360</x17></dataPoint>
        <dataPoint><x16>4.3184495E-01</x16><x17>0.120367230</x17></dataPoint>
    </dataGroup>
    <dataGroup id="dg9" label="V-t history" dataPointLink="8">
        <property name="time"    id="x18"  label="t"            sourcetype="estimated"  units="s"   />
        <property name="volume"  id="x19"  label="V"            sourcetype="estimated"  units="cm3" />

        <dataPoint><x18>0.0000000E+00</x18><x19>1.001364100</x19></dataPoint>
        <dataPoint><x18>1.9800170E-03</x18><x19>0.985012110</x19></dataPoint>
        <dataPoint><x18>2.8287120E-03</x18><x19>0.961021980</x19></dataPoint>
        <dataPoint><x18>3.1581970E-03</x18><x19>0.938268140</x19></dataPoint>
        <dataPoint><x18>3.5598890E-03</x18><x19>0.947460950</x19></dataPoint>
        <dataPoint><x18>4.0152740E-03</x18><x19>0.906473810</x19></dataPoint>
        <dataPoint><x18>4.7939090E-03</x18><x19>0.880062910</x19></dataPoint>
        <dataPoint><x18>5.9111720E-03</x18><x19>0.816902820</x19></dataPoint>
        <dataPoint><x18>6.8452470E-03</x18><x19>0.776474960</x19></dataPoint>
        <dataPoint><x18>7.3931470E-03</x18><x19>0.717306520</x19></dataPoint>
        <dataPoint><x18>8.1974780E-03</x18><x19>0.671880630</x19></dataPoint>
        <dataPoint><x18>8.6018100E-03</x18><x19>0.640219140</x19></dataPoint>
        <dataPoint><x18>9.8489780E-03</x18><x19>0.542564940</x19></dataPoint>
        <dataPoint><x18>1.0651920E-02</x18><x19>0.477546860</x19></dataPoint>
        <dataPoint><x18>1.1453968E-02</x18><x19>0.416738670</x19></dataPoint>
        <dataPoint><x18>1.1951995E-02</x18><x19>0.379136440</x19></dataPoint>
        <dataPoint><x18>1.2451626E-02</x18><x19>0.340703920</x19></dataPoint>
        <dataPoint><x18>1.2901341E-02</x18><x19>0.306234510</x19></dataPoint>
        <dataPoint><x18>1.3302964E-02</x18><x19>0.275277280</x19></dataPoint>
        <dataPoint><x18>1.3650572E-02</x18><x19>0.248458030</x19></dataPoint>
        <dataPoint><x18>1.3901954E-02</x18><x19>0.229228640</x19></dataPoint>
        <dataPoint><x18>1.4200940E-02</x18><x19>0.205642850</x19></dataPoint>
        <dataPoint><x18>1.4451058E-02</x18><x19>0.186112740</x19></dataPoint>
        <dataPoint><x18>1.4699840E-02</x18><x19>0.166811610</x19></dataPoint>
        <dataPoint><x18>1.4899733E-02</x18><x19>0.151421020</x19></dataPoint>
        <dataPoint><x18>1.5099861E-02</x18><x19>0.136585080</x19></dataPoint>
        <dataPoint><x18>1.5746015E-02</x18><x19>0.100914230</x19></dataPoint>
        <dataPoint><x18>1.5950893E-02</x18><x19>0.095113680</x19></dataPoint>
        <dataPoint><x18>1.6403660E-02</x18><x19>0.086822324</x19></dataPoint>
        <dataPoint><x18>1.6668964E-02</x18><x19>0.084768468</x19></dataPoint>
        <dataPoint><x18>1.7064527E-02</x18><x19>0.083712818</x19></dataPoint>
        <dataPoint><x18>1.8039121E-02</x18><x19>0.087468340</x19></dataPoint>
        <dataPoint><x18>1.8485803E-02</x18><x19>0.088457609</x19></dataPoint>
        <dataPoint><x18>2.1694864E-02</x18><x19>0.090451897</x19></dataPoint>
        <dataPoint><x18>2.4233539E-02</x18><x19>0.091267902</x19></dataPoint>
        <dataPoint><x18>2.7499325E-02</x18><x19>0.093477702</x19></dataPoint>
        <dataPoint><x18>3.1146673E-02</x18><x19>0.093921567</x19></dataPoint>
        <dataPoint><x18>3.3567522E-02</x18><x19>0.095118659</x19></dataPoint>
        <dataPoint><x18>4.7778092E-02</x18><x19>0.097949021</x19></dataPoint>
        <dataPoint><x18>6.0649762E-02</x18><x19>0.099791468</x19></dataPoint>
        <dataPoint><x18>7.5294352E-02</x18><x19>0.101485600</x19></dataPoint>
        <dataPoint><x18>1.0389025E-01</x18><x19>0.103978630</x19></dataPoint>
        <dataPoint><x18>1.4942283E-01</x18><x19>0.107032040</x19></dataPoint>
        <dataPoint><x18>2.0854302E-01</x18><x19>0.110244980</x19></dataPoint>
        <dataPoint><x18>2.7240533E-01</x18><x19>0.113407570</x19></dataPoint>
        <dataPoint><x18>3.5159916E-01</x18><x19>0.117032360</x19></dataPoint>
        <dataPoint><x18>4.3184495E-01</x18><x19>0.120367230</x19></dataPoint>
    </dataGroup>
    <dataGroup id="dg10" label="V-t history" dataPointLink="9">
        <property name="time"    id="x20"   label="t"            sourcetype="estimated"  units="s"   />
        <property name="volume"  id="x21"   label="V"            sourcetype="estimated"  units="cm3" />

        <dataPoint><x20>0.0000000E+00</x20><x21>1.000000000</x21></dataPoint>
        <dataPoint><x20>4.1468400E-04</x20><x21>0.996003500</x21></dataPoint>
        <dataPoint><x20>8.3712200E-04</x20><x21>0.984789430</x21></dataPoint>
        <dataPoint><x20>1.1761360E-03</x20><x21>0.950342180</x21></dataPoint>
        <dataPoint><x20>1.3805590E-03</x20><x21>0.943003270</x21></dataPoint>
        <dataPoint><x20>1.7468290E-03</x20><x21>0.955249120</x21></dataPoint>
        <dataPoint><x20>3.3704450E-03</x20><x21>0.889266320</x21></dataPoint>
        <dataPoint><x20>4.2480840E-03</x20><x21>0.843607150</x21></dataPoint>
        <dataPoint><x20>4.6060390E-03</x20><x21>0.819580220</x21></dataPoint>
        <dataPoint><x20>5.0801160E-03</x20><x21>0.771981070</x21></dataPoint>
        <dataPoint><x20>5.4648350E-03</x20><x21>0.761441660</x21></dataPoint>
        <dataPoint><x20>5.7422860E-03</x20><x21>0.740507720</x21></dataPoint>
        <dataPoint><x20>5.9966130E-03</x20><x21>0.714074600</x21></dataPoint>
        <dataPoint><x20>6.6650310E-03</x20><x21>0.675796680</x21></dataPoint>
        <dataPoint><x20>8.2206220E-03</x20><x21>0.548463930</x21></dataPoint>
        <dataPoint><x20>9.1787390E-03</x20><x21>0.481363400</x21></dataPoint>
        <dataPoint><x20>1.0076431E-02</x20><x21>0.412638910</x21></dataPoint>
        <dataPoint><x20>1.0276841E-02</x20><x21>0.396222950</x21></dataPoint>
        <dataPoint><x20>1.0926617E-02</x20><x21>0.344238020</x21></dataPoint>
        <dataPoint><x20>1.1124636E-02</x20><x21>0.328740730</x21></dataPoint>
        <dataPoint><x20>1.1575439E-02</x20><x21>0.294036120</x21></dataPoint>
        <dataPoint><x20>1.1823351E-02</x20><x21>0.274496240</x21></dataPoint>
        <dataPoint><x20>1.2125892E-02</x20><x21>0.249937050</x21></dataPoint>
        <dataPoint><x20>1.2474478E-02</x20><x21>0.223080020</x21></dataPoint>
        <dataPoint><x20>1.2772007E-02</x20><x21>0.199417350</x21></dataPoint>
        <dataPoint><x20>1.3024746E-02</x20><x21>0.179297480</x21></dataPoint>
        <dataPoint><x20>1.3271990E-02</x20><x21>0.159861500</x21></dataPoint>
        <dataPoint><x20>1.3521863E-02</x20><x21>0.140712990</x21></dataPoint>
        <dataPoint><x20>1.4217064E-02</x20><x21>0.101556650</x21></dataPoint>
        <dataPoint><x20>1.4428054E-02</x20><x21>0.095679552</x21></dataPoint>
        <dataPoint><x20>1.4839007E-02</x20><x21>0.087906619</x21></dataPoint>
        <dataPoint><x20>1.5136305E-02</x20><x21>0.085631454</x21></dataPoint>
        <dataPoint><x20>1.5540364E-02</x20><x21>0.084644226</x21></dataPoint>
        <dataPoint><x20>1.6335064E-02</x20><x21>0.087874888</x21></dataPoint>
        <dataPoint><x20>1.7008475E-02</x20><x21>0.089166725</x21></dataPoint>
        <dataPoint><x20>1.9498974E-02</x20><x21>0.091143289</x21></dataPoint>
        <dataPoint><x20>2.6405475E-02</x20><x21>0.095084262</x21></dataPoint>
        <dataPoint><x20>2.9206690E-02</x20><x21>0.095379484</x21></dataPoint>
        <dataPoint><x20>3.3098063E-02</x20><x21>0.097175057</x21></dataPoint>
        <dataPoint><x20>3.5631853E-02</x20><x21>0.097197621</x21></dataPoint>
        <dataPoint><x20>3.9345343E-02</x20><x21>0.098377659</x21></dataPoint>
        <dataPoint><x20>5.3240473E-02</x20><x21>0.100646490</x21></dataPoint>
        <dataPoint><x20>6.9015493E-02</x20><x21>0.102636070</x21></dataPoint>
        <dataPoint><x20>1.0091028E-01</x20><x21>0.105464500</x21></dataPoint>
        <dataPoint><x20>1.4646306E-01</x20><x21>0.108474940</x21></dataPoint>
        <dataPoint><x20>2.0443847E-01</x20><x21>0.111591400</x21></dataPoint>
        <dataPoint><x20>2.7253019E-01</x20><x21>0.114859350</x21></dataPoint>
        <dataPoint><x20>3.4960510E-01</x20><x21>0.118309560</x21></dataPoint>
        <dataPoint><x20>4.3015499E-01</x20><x21>0.121681550</x21></dataPoint>
        <dataPoint><x20>4.3031279E-01</x20><x21>0.121685640</x21></dataPoint>
    </dataGroup>
</experiment>
