<experiment>
    <fileAuthor>Chemical Kinetics Laboratory, Institute of Chemistry, ELTE, Budapest, Hungary</fileAuthor>
    <fileDOI>10.24388/x40002003</fileDOI>
    <fileVersion>
        <major>1</major>
        <minor>0</minor>
    </fileVersion>
    <ReSpecThVersion>
        <major>2</major>
        <minor>3</minor>
    </ReSpecThVersion>
    <firstPublicationDate>2016-12-05</firstPublicationDate>
    <lastModificationDate>2020-11-18</lastModificationDate>
    <bibliographyLink>
        <description>U. Burke, W.K. Metcalfe, S.M. Burke, K.A. Heufer, P. Dagaut, H.J. Curran, Combust. Flame 165 (2016), 125-136</description>
        <referenceDOI>10.1016/j.combustflame.2015.11.004</referenceDOI>
        <location>Supp. Mat. mmc3, Dataset 3, pressure traces obtained from the authors</location>
        <details>
            <author>Burke, Ultan and Metcalfe, Wayne K and Burke, Sin{\'{e}}ad M and Heufer, K Alexander and Dagaut, Philippe and Curran, Henry J</author>
            <journal>Combust Flame</journal>
            <pages>125--136</pages>
            <title>A detailed chemical kinetic modeling, ignition delay time and jet-stirred reactor study of methanol oxidation</title>
            <volume>165</volume>
            <year>2016</year>
        </details>
    </bibliographyLink>
    <experimentType>ignition delay measurement</experimentType>
    <apparatus>
        <kind>rapid compression machine</kind>
    </apparatus>
    <commonProperties>
        <property name="initial composition"           sourcetype="reported"  >
            <component><speciesLink preferredKey="CH3OH"  CAS="67-56-1"    InChI="1S/CH4O/c1-2/h2H,1H3"  SMILES="CO"    chemName="methanol" /><amount units="mole fraction" >0.0285</amount></component>
            <component><speciesLink preferredKey="O2"     CAS="7782-44-7"  InChI="1S/O2/c1-2"            SMILES="O=O"   chemName="oxygen"   /><amount units="mole fraction" >0.0855</amount></component>
            <component><speciesLink preferredKey="N2"     CAS="7727-37-9"  InChI="1S/N2/c1-2"            SMILES="N#N"   chemName="nitrogen" /><amount units="mole fraction" >0.6645</amount></component>
            <component><speciesLink preferredKey="Ar"     CAS="7440-37-1"  InChI="1S/Ar"                 SMILES="[Ar]"  chemName="argon"    /><amount units="mole fraction" >0.2215</amount></component>
        </property>
        <property name="evaluated standard deviation"  sourcetype="estimated"  units="unitless"       reference="ignition delay"  kind="relative"  method="generic uncertainty" ><value>0.1</value></property>
    </commonProperties>
    <dataGroup id="dg1">
        <property name="pressure"        id="x1"   label="P"    sourcetype="reported"  units="mbar" />
        <property name="temperature"     id="x2"   label="T"    sourcetype="reported"  units="K"    />
        <property name="ignition delay"  id="x3"   label="tau"  sourcetype="reported"  units="ms"   />

        <dataPoint><x1>958</x1><x2>323</x2><x3>122.5</x3></dataPoint>
        <dataPoint><x1>958</x1><x2>323</x2><x3>123.8</x3></dataPoint>
        <dataPoint><x1>958</x1><x2>333</x2><x3>38.92</x3></dataPoint>
        <dataPoint><x1>958</x1><x2>333</x2><x3>40.54</x3></dataPoint>
        <dataPoint><x1>958</x1><x2>343</x2><x3>15.87</x3></dataPoint>
        <dataPoint><x1>958</x1><x2>353</x2><x3>15.07</x3></dataPoint>
        <dataPoint><x1>958</x1><x2>353</x2><x3>14.84</x3></dataPoint>
        <dataPoint><x1>958</x1><x2>363</x2><x3>5.784</x3></dataPoint>
        <dataPoint><x1>958</x1><x2>363</x2><x3>5.963</x3></dataPoint>
        <dataPoint><x1>958</x1><x2>373</x2><x3>4.108</x3></dataPoint>
        <dataPoint><x1>958</x1><x2>373</x2><x3>4.185</x3></dataPoint>
    </dataGroup>
    <ignitionType target="p;" type="d/dt max"/>
    <comment>VTIM cut-off and shifted</comment>
    <dataGroup id="dg2" label="V-t history" dataPointLink="1">
        <property name="time"    id="x4"   label="t"            sourcetype="estimated"  units="s"   />
        <property name="volume"  id="x5"   label="V"            sourcetype="estimated"  units="cm3" />

        <dataPoint><x4>0.0000000E+00</x4><x5>1.016659200</x5></dataPoint>
        <dataPoint><x4>4.4967980E-03</x4><x5>0.940119620</x5></dataPoint>
        <dataPoint><x4>6.5823580E-03</x4><x5>0.869551330</x5></dataPoint>
        <dataPoint><x4>7.0240120E-03</x4><x5>0.839631120</x5></dataPoint>
        <dataPoint><x4>7.3725830E-03</x4><x5>0.835259510</x5></dataPoint>
        <dataPoint><x4>7.5352200E-03</x4><x5>0.814454690</x5></dataPoint>
        <dataPoint><x4>9.4795200E-03</x4><x5>0.713554640</x5></dataPoint>
        <dataPoint><x4>9.6749740E-03</x4><x5>0.698720870</x5></dataPoint>
        <dataPoint><x4>1.1228141E-02</x4><x5>0.573852600</x5></dataPoint>
        <dataPoint><x4>1.1330617E-02</x4><x5>0.562719350</x5></dataPoint>
        <dataPoint><x4>1.2225175E-02</x4><x5>0.506255700</x5></dataPoint>
        <dataPoint><x4>1.3478758E-02</x4><x5>0.408367730</x5></dataPoint>
        <dataPoint><x4>1.4177575E-02</x4><x5>0.355230950</x5></dataPoint>
        <dataPoint><x4>1.4774638E-02</x4><x5>0.311858990</x5></dataPoint>
        <dataPoint><x4>1.5077655E-02</x4><x5>0.287617390</x5></dataPoint>
        <dataPoint><x4>1.5426647E-02</x4><x5>0.261571470</x5></dataPoint>
        <dataPoint><x4>1.5726103E-02</x4><x5>0.237910350</x5></dataPoint>
        <dataPoint><x4>1.5976595E-02</x4><x5>0.218847790</x5></dataPoint>
        <dataPoint><x4>1.6177402E-02</x4><x5>0.203323510</x5></dataPoint>
        <dataPoint><x4>1.6376263E-02</x4><x5>0.187465900</x5></dataPoint>
        <dataPoint><x4>1.6576095E-02</x4><x5>0.171630450</x5></dataPoint>
        <dataPoint><x4>1.6775531E-02</x4><x5>0.156526770</x5></dataPoint>
        <dataPoint><x4>1.6975936E-02</x4><x5>0.141793930</x5></dataPoint>
        <dataPoint><x4>1.7620739E-02</x4><x5>0.104207820</x5></dataPoint>
        <dataPoint><x4>1.7875761E-02</x4><x5>0.097078162</x5></dataPoint>
        <dataPoint><x4>1.8282782E-02</x4><x5>0.089857025</x5></dataPoint>
        <dataPoint><x4>1.8497634E-02</x4><x5>0.087900362</x5></dataPoint>
        <dataPoint><x4>1.8789770E-02</x4><x5>0.086825655</x5></dataPoint>
        <dataPoint><x4>1.9641780E-02</x4><x5>0.090312510</x5></dataPoint>
        <dataPoint><x4>2.2522528E-02</x4><x5>0.094804590</x5></dataPoint>
        <dataPoint><x4>2.9720440E-02</x4><x5>0.099089703</x5></dataPoint>
        <dataPoint><x4>4.2609078E-02</x4><x5>0.103049470</x5></dataPoint>
        <dataPoint><x4>5.5916888E-02</x4><x5>0.105599310</x5></dataPoint>
        <dataPoint><x4>7.2325258E-02</x4><x5>0.107913870</x5></dataPoint>
        <dataPoint><x4>1.0151068E-01</x4><x5>0.110981840</x5></dataPoint>
        <dataPoint><x4>1.4379419E-01</x4><x5>0.114373130</x5></dataPoint>
        <dataPoint><x4>2.2320044E-01</x4><x5>0.119372100</x5></dataPoint>
        <dataPoint><x4>3.2503301E-01</x4><x5>0.124856130</x5></dataPoint>
        <dataPoint><x4>4.3362032E-01</x4><x5>0.130245720</x5></dataPoint>
    </dataGroup>
    <dataGroup id="dg3" label="V-t history" dataPointLink="2">
        <property name="time"    id="x6"   label="t"            sourcetype="estimated"  units="s"   />
        <property name="volume"  id="x7"   label="V"            sourcetype="estimated"  units="cm3" />

        <dataPoint><x6>0.0000000E+00</x6><x7>1.016659200</x7></dataPoint>
        <dataPoint><x6>4.4967980E-03</x6><x7>0.940119620</x7></dataPoint>
        <dataPoint><x6>6.5823580E-03</x6><x7>0.869551330</x7></dataPoint>
        <dataPoint><x6>7.0240120E-03</x6><x7>0.839631120</x7></dataPoint>
        <dataPoint><x6>7.3725830E-03</x6><x7>0.835259510</x7></dataPoint>
        <dataPoint><x6>7.5352200E-03</x6><x7>0.814454690</x7></dataPoint>
        <dataPoint><x6>9.4795200E-03</x6><x7>0.713554640</x7></dataPoint>
        <dataPoint><x6>9.6749740E-03</x6><x7>0.698720870</x7></dataPoint>
        <dataPoint><x6>1.1228141E-02</x6><x7>0.573852600</x7></dataPoint>
        <dataPoint><x6>1.1330617E-02</x6><x7>0.562719350</x7></dataPoint>
        <dataPoint><x6>1.2225175E-02</x6><x7>0.506255700</x7></dataPoint>
        <dataPoint><x6>1.3478758E-02</x6><x7>0.408367730</x7></dataPoint>
        <dataPoint><x6>1.4177575E-02</x6><x7>0.355230950</x7></dataPoint>
        <dataPoint><x6>1.4774638E-02</x6><x7>0.311858990</x7></dataPoint>
        <dataPoint><x6>1.5077655E-02</x6><x7>0.287617390</x7></dataPoint>
        <dataPoint><x6>1.5426647E-02</x6><x7>0.261571470</x7></dataPoint>
        <dataPoint><x6>1.5726103E-02</x6><x7>0.237910350</x7></dataPoint>
        <dataPoint><x6>1.5976595E-02</x6><x7>0.218847790</x7></dataPoint>
        <dataPoint><x6>1.6177402E-02</x6><x7>0.203323510</x7></dataPoint>
        <dataPoint><x6>1.6376263E-02</x6><x7>0.187465900</x7></dataPoint>
        <dataPoint><x6>1.6576095E-02</x6><x7>0.171630450</x7></dataPoint>
        <dataPoint><x6>1.6775531E-02</x6><x7>0.156526770</x7></dataPoint>
        <dataPoint><x6>1.6975936E-02</x6><x7>0.141793930</x7></dataPoint>
        <dataPoint><x6>1.7620739E-02</x6><x7>0.104207820</x7></dataPoint>
        <dataPoint><x6>1.7875761E-02</x6><x7>0.097078162</x7></dataPoint>
        <dataPoint><x6>1.8282782E-02</x6><x7>0.089857025</x7></dataPoint>
        <dataPoint><x6>1.8497634E-02</x6><x7>0.087900362</x7></dataPoint>
        <dataPoint><x6>1.8789770E-02</x6><x7>0.086825655</x7></dataPoint>
        <dataPoint><x6>1.9641780E-02</x6><x7>0.090312510</x7></dataPoint>
        <dataPoint><x6>2.2522528E-02</x6><x7>0.094804590</x7></dataPoint>
        <dataPoint><x6>2.9720440E-02</x6><x7>0.099089703</x7></dataPoint>
        <dataPoint><x6>4.2609078E-02</x6><x7>0.103049470</x7></dataPoint>
        <dataPoint><x6>5.5916888E-02</x6><x7>0.105599310</x7></dataPoint>
        <dataPoint><x6>7.2325258E-02</x6><x7>0.107913870</x7></dataPoint>
        <dataPoint><x6>1.0151068E-01</x6><x7>0.110981840</x7></dataPoint>
        <dataPoint><x6>1.4379419E-01</x6><x7>0.114373130</x7></dataPoint>
        <dataPoint><x6>2.2320044E-01</x6><x7>0.119372100</x7></dataPoint>
        <dataPoint><x6>3.2503301E-01</x6><x7>0.124856130</x7></dataPoint>
        <dataPoint><x6>4.3362032E-01</x6><x7>0.130245720</x7></dataPoint>
    </dataGroup>
    <dataGroup id="dg4" label="V-t history" dataPointLink="3">
        <property name="time"    id="x8"   label="t"            sourcetype="estimated"  units="s"   />
        <property name="volume"  id="x9"   label="V"            sourcetype="estimated"  units="cm3" />

        <dataPoint><x8>0.0000000E+00</x8><x9>1.016666600</x9></dataPoint>
        <dataPoint><x8>4.4967980E-03</x8><x9>0.940092950</x9></dataPoint>
        <dataPoint><x8>6.5823580E-03</x8><x9>0.869492700</x9></dataPoint>
        <dataPoint><x8>7.0240120E-03</x8><x9>0.839558790</x9></dataPoint>
        <dataPoint><x8>7.3725830E-03</x8><x9>0.835185170</x9></dataPoint>
        <dataPoint><x8>7.5352200E-03</x8><x9>0.814370740</x9></dataPoint>
        <dataPoint><x8>9.4795200E-03</x8><x9>0.713423620</x9></dataPoint>
        <dataPoint><x8>9.6749740E-03</x8><x9>0.698582880</x9></dataPoint>
        <dataPoint><x8>1.1228141E-02</x8><x9>0.573655740</x9></dataPoint>
        <dataPoint><x8>1.1330617E-02</x8><x9>0.562517260</x9></dataPoint>
        <dataPoint><x8>1.2225175E-02</x8><x9>0.506027390</x9></dataPoint>
        <dataPoint><x8>1.3478758E-02</x8><x9>0.408095990</x9></dataPoint>
        <dataPoint><x8>1.4177575E-02</x8><x9>0.354937830</x9></dataPoint>
        <dataPoint><x8>1.4774638E-02</x8><x9>0.311550500</x9></dataPoint>
        <dataPoint><x8>1.5077655E-02</x8><x9>0.287301500</x9></dataPoint>
        <dataPoint><x8>1.5426647E-02</x8><x9>0.261248920</x9></dataPoint>
        <dataPoint><x8>1.5726103E-02</x8><x9>0.237583230</x9></dataPoint>
        <dataPoint><x8>1.5976595E-02</x8><x9>0.218518280</x9></dataPoint>
        <dataPoint><x8>1.6177402E-02</x8><x9>0.202993130</x9></dataPoint>
        <dataPoint><x8>1.6376263E-02</x8><x9>0.187135820</x9></dataPoint>
        <dataPoint><x8>1.6576095E-02</x8><x9>0.171302120</x9></dataPoint>
        <dataPoint><x8>1.6775531E-02</x8><x9>0.156201760</x9></dataPoint>
        <dataPoint><x8>1.6975936E-02</x8><x9>0.141474050</x9></dataPoint>
        <dataPoint><x8>1.7620739E-02</x8><x9>0.103912840</x9></dataPoint>
        <dataPoint><x8>1.7875761E-02</x8><x9>0.096790522</x9></dataPoint>
        <dataPoint><x8>1.8282782E-02</x8><x9>0.089577947</x9></dataPoint>
        <dataPoint><x8>1.8497634E-02</x8><x9>0.087623820</x9></dataPoint>
        <dataPoint><x8>1.8789770E-02</x8><x9>0.086550548</x9></dataPoint>
        <dataPoint><x8>1.9641780E-02</x8><x9>0.090032854</x9></dataPoint>
        <dataPoint><x8>2.2522528E-02</x8><x9>0.094519516</x9></dataPoint>
        <dataPoint><x8>2.9720440E-02</x8><x9>0.098799888</x9></dataPoint>
        <dataPoint><x8>4.2609078E-02</x8><x9>0.102755620</x9></dataPoint>
        <dataPoint><x8>5.5916888E-02</x8><x9>0.105303020</x9></dataPoint>
        <dataPoint><x8>7.2325258E-02</x8><x9>0.107615470</x9></dataPoint>
        <dataPoint><x8>1.0151068E-01</x8><x9>0.110680800</x9></dataPoint>
        <dataPoint><x8>1.4379419E-01</x8><x9>0.114069350</x9></dataPoint>
        <dataPoint><x8>2.2320044E-01</x8><x9>0.119064620</x9></dataPoint>
        <dataPoint><x8>3.2503301E-01</x8><x9>0.124545030</x9></dataPoint>
        <dataPoint><x8>4.3362032E-01</x8><x9>0.129931440</x9></dataPoint>
    </dataGroup>
    <dataGroup id="dg5" label="V-t history" dataPointLink="4">
        <property name="time"    id="x10"  label="t"            sourcetype="estimated"  units="s"   />
        <property name="volume"  id="x11"  label="V"            sourcetype="estimated"  units="cm3" />

        <dataPoint><x10>0.0000000E+00</x10><x11>1.016666600</x11></dataPoint>
        <dataPoint><x10>4.4967980E-03</x10><x11>0.940092950</x11></dataPoint>
        <dataPoint><x10>6.5823580E-03</x10><x11>0.869492700</x11></dataPoint>
        <dataPoint><x10>7.0240120E-03</x10><x11>0.839558790</x11></dataPoint>
        <dataPoint><x10>7.3725830E-03</x10><x11>0.835185170</x11></dataPoint>
        <dataPoint><x10>7.5352200E-03</x10><x11>0.814370740</x11></dataPoint>
        <dataPoint><x10>9.4795200E-03</x10><x11>0.713423620</x11></dataPoint>
        <dataPoint><x10>9.6749740E-03</x10><x11>0.698582880</x11></dataPoint>
        <dataPoint><x10>1.1228141E-02</x10><x11>0.573655740</x11></dataPoint>
        <dataPoint><x10>1.1330617E-02</x10><x11>0.562517260</x11></dataPoint>
        <dataPoint><x10>1.2225175E-02</x10><x11>0.506027390</x11></dataPoint>
        <dataPoint><x10>1.3478758E-02</x10><x11>0.408095990</x11></dataPoint>
        <dataPoint><x10>1.4177575E-02</x10><x11>0.354937830</x11></dataPoint>
        <dataPoint><x10>1.4774638E-02</x10><x11>0.311550500</x11></dataPoint>
        <dataPoint><x10>1.5077655E-02</x10><x11>0.287301500</x11></dataPoint>
        <dataPoint><x10>1.5426647E-02</x10><x11>0.261248920</x11></dataPoint>
        <dataPoint><x10>1.5726103E-02</x10><x11>0.237583230</x11></dataPoint>
        <dataPoint><x10>1.5976595E-02</x10><x11>0.218518280</x11></dataPoint>
        <dataPoint><x10>1.6177402E-02</x10><x11>0.202993130</x11></dataPoint>
        <dataPoint><x10>1.6376263E-02</x10><x11>0.187135820</x11></dataPoint>
        <dataPoint><x10>1.6576095E-02</x10><x11>0.171302120</x11></dataPoint>
        <dataPoint><x10>1.6775531E-02</x10><x11>0.156201760</x11></dataPoint>
        <dataPoint><x10>1.6975936E-02</x10><x11>0.141474050</x11></dataPoint>
        <dataPoint><x10>1.7620739E-02</x10><x11>0.103912840</x11></dataPoint>
        <dataPoint><x10>1.7875761E-02</x10><x11>0.096790522</x11></dataPoint>
        <dataPoint><x10>1.8282782E-02</x10><x11>0.089577947</x11></dataPoint>
        <dataPoint><x10>1.8497634E-02</x10><x11>0.087623820</x11></dataPoint>
        <dataPoint><x10>1.8789770E-02</x10><x11>0.086550548</x11></dataPoint>
        <dataPoint><x10>1.9641780E-02</x10><x11>0.090032854</x11></dataPoint>
        <dataPoint><x10>2.2522528E-02</x10><x11>0.094519516</x11></dataPoint>
        <dataPoint><x10>2.9720440E-02</x10><x11>0.098799888</x11></dataPoint>
        <dataPoint><x10>4.2609078E-02</x10><x11>0.102755620</x11></dataPoint>
        <dataPoint><x10>5.5916888E-02</x10><x11>0.105303020</x11></dataPoint>
        <dataPoint><x10>7.2325258E-02</x10><x11>0.107615470</x11></dataPoint>
        <dataPoint><x10>1.0151068E-01</x10><x11>0.110680800</x11></dataPoint>
        <dataPoint><x10>1.4379419E-01</x10><x11>0.114069350</x11></dataPoint>
        <dataPoint><x10>2.2320044E-01</x10><x11>0.119064620</x11></dataPoint>
        <dataPoint><x10>3.2503301E-01</x10><x11>0.124545030</x11></dataPoint>
        <dataPoint><x10>4.3362032E-01</x10><x11>0.129931440</x11></dataPoint>
    </dataGroup>
    <dataGroup id="dg6" label="V-t history" dataPointLink="5">
        <property name="time"    id="x12"  label="t"            sourcetype="estimated"  units="s"   />
        <property name="volume"  id="x13"  label="V"            sourcetype="estimated"  units="cm3" />

        <dataPoint><x12>0.0000000E+00</x12><x13>1.000000000</x13></dataPoint>
        <dataPoint><x12>8.6322520E-03</x12><x13>0.975157490</x13></dataPoint>
        <dataPoint><x12>9.3094460E-03</x12><x13>0.953878520</x13></dataPoint>
        <dataPoint><x12>9.7098550E-03</x12><x13>0.904459740</x13></dataPoint>
        <dataPoint><x12>1.0578361E-02</x12><x13>0.887305310</x13></dataPoint>
        <dataPoint><x12>1.1201968E-02</x12><x13>0.845081700</x13></dataPoint>
        <dataPoint><x12>1.1438872E-02</x12><x13>0.857580920</x13></dataPoint>
        <dataPoint><x12>1.2975487E-02</x12><x13>0.763550350</x13></dataPoint>
        <dataPoint><x12>1.3573325E-02</x12><x13>0.744484410</x13></dataPoint>
        <dataPoint><x12>1.5036862E-02</x12><x13>0.629852130</x13></dataPoint>
        <dataPoint><x12>1.5374591E-02</x12><x13>0.621741410</x13></dataPoint>
        <dataPoint><x12>1.6169443E-02</x12><x13>0.552968790</x13></dataPoint>
        <dataPoint><x12>1.7279753E-02</x12><x13>0.472547170</x13></dataPoint>
        <dataPoint><x12>1.8027331E-02</x12><x13>0.417343730</x13></dataPoint>
        <dataPoint><x12>1.8678821E-02</x12><x13>0.369186020</x13></dataPoint>
        <dataPoint><x12>1.9278390E-02</x12><x13>0.323486630</x13></dataPoint>
        <dataPoint><x12>1.9727747E-02</x12><x13>0.289953310</x13></dataPoint>
        <dataPoint><x12>2.0226615E-02</x12><x13>0.252293740</x13></dataPoint>
        <dataPoint><x12>2.0526156E-02</x12><x13>0.229172300</x13></dataPoint>
        <dataPoint><x12>2.0828502E-02</x12><x13>0.205933990</x13></dataPoint>
        <dataPoint><x12>2.1126002E-02</x12><x13>0.183111980</x13></dataPoint>
        <dataPoint><x12>2.1425712E-02</x12><x13>0.161209560</x13></dataPoint>
        <dataPoint><x12>2.1875226E-02</x12><x13>0.134727810</x13></dataPoint>
        <dataPoint><x12>2.2226049E-02</x12><x13>0.118604460</x13></dataPoint>
        <dataPoint><x12>2.2767559E-02</x12><x13>0.098016217</x13></dataPoint>
        <dataPoint><x12>2.3081741E-02</x12><x13>0.093263681</x13></dataPoint>
        <dataPoint><x12>2.3593520E-02</x12><x13>0.089055273</x13></dataPoint>
        <dataPoint><x12>2.4046070E-02</x12><x13>0.086377517</x13></dataPoint>
        <dataPoint><x12>2.5010466E-02</x12><x13>0.090163876</x13></dataPoint>
        <dataPoint><x12>2.7823839E-02</x12><x13>0.093489322</x13></dataPoint>
        <dataPoint><x12>3.3976250E-02</x12><x13>0.097292218</x13></dataPoint>
        <dataPoint><x12>4.1810127E-02</x12><x13>0.100079770</x13></dataPoint>
        <dataPoint><x12>5.4190377E-02</x12><x13>0.102963600</x13></dataPoint>
        <dataPoint><x12>7.4487447E-02</x12><x13>0.106238920</x13></dataPoint>
        <dataPoint><x12>1.0898871E-01</x12><x13>0.109811730</x13></dataPoint>
        <dataPoint><x12>1.5769742E-01</x12><x13>0.113580560</x13></dataPoint>
        <dataPoint><x12>2.2809510E-01</x12><x13>0.117967280</x13></dataPoint>
        <dataPoint><x12>3.2260492E-01</x12><x13>0.123111410</x13></dataPoint>
        <dataPoint><x12>4.3855516E-01</x12><x13>0.128733110</x13></dataPoint>
        <dataPoint><x12>4.3877005E-01</x12><x13>0.128775140</x13></dataPoint>
    </dataGroup>
    <dataGroup id="dg7" label="V-t history" dataPointLink="6">
        <property name="time"    id="x14"  label="t"            sourcetype="estimated"  units="s"   />
        <property name="volume"  id="x15"  label="V"            sourcetype="estimated"  units="cm3" />

        <dataPoint><x14>0.0000000E+00</x14><x15>1.000000000</x15></dataPoint>
        <dataPoint><x14>1.3670100E-04</x14><x15>0.968866680</x15></dataPoint>
        <dataPoint><x14>1.9113850E-03</x14><x15>0.953799850</x15></dataPoint>
        <dataPoint><x14>2.4119110E-03</x14><x15>0.926956560</x15></dataPoint>
        <dataPoint><x14>3.4933110E-03</x14><x15>0.928913150</x15></dataPoint>
        <dataPoint><x14>3.8095350E-03</x14><x15>0.886054790</x15></dataPoint>
        <dataPoint><x14>4.8881490E-03</x14><x15>0.878065620</x15></dataPoint>
        <dataPoint><x14>5.2244070E-03</x14><x15>0.836887440</x15></dataPoint>
        <dataPoint><x14>5.8464760E-03</x14><x15>0.807600010</x15></dataPoint>
        <dataPoint><x14>6.2740280E-03</x14><x15>0.815877980</x15></dataPoint>
        <dataPoint><x14>6.6318020E-03</x14><x15>0.768309720</x15></dataPoint>
        <dataPoint><x14>7.7134420E-03</x14><x15>0.700608470</x15></dataPoint>
        <dataPoint><x14>8.5159020E-03</x14><x15>0.645846440</x15></dataPoint>
        <dataPoint><x14>9.3589270E-03</x14><x15>0.586323840</x15></dataPoint>
        <dataPoint><x14>1.0117029E-02</x14><x15>0.536605980</x15></dataPoint>
        <dataPoint><x14>1.0816920E-02</x14><x15>0.481734510</x15></dataPoint>
        <dataPoint><x14>1.1722902E-02</x14><x15>0.421222330</x15></dataPoint>
        <dataPoint><x14>1.2171425E-02</x14><x15>0.388617050</x15></dataPoint>
        <dataPoint><x14>1.2618607E-02</x14><x15>0.352565510</x15></dataPoint>
        <dataPoint><x14>1.3270416E-02</x14><x15>0.303432050</x15></dataPoint>
        <dataPoint><x14>1.3570195E-02</x14><x15>0.280951760</x15></dataPoint>
        <dataPoint><x14>1.3968134E-02</x14><x15>0.249998100</x15></dataPoint>
        <dataPoint><x14>1.4319456E-02</x14><x15>0.222729380</x15></dataPoint>
        <dataPoint><x14>1.4619946E-02</x14><x15>0.199970090</x15></dataPoint>
        <dataPoint><x14>1.4916994E-02</x14><x15>0.177243680</x15></dataPoint>
        <dataPoint><x14>1.5166451E-02</x14><x15>0.157516450</x15></dataPoint>
        <dataPoint><x14>1.5416057E-02</x14><x15>0.139079730</x15></dataPoint>
        <dataPoint><x14>1.6160886E-02</x14><x15>0.099651984</x15></dataPoint>
        <dataPoint><x14>1.6420992E-02</x14><x15>0.093724207</x15></dataPoint>
        <dataPoint><x14>1.6825275E-02</x14><x15>0.087960442</x15></dataPoint>
        <dataPoint><x14>1.7323283E-02</x14><x15>0.085995260</x15></dataPoint>
        <dataPoint><x14>1.8584626E-02</x14><x15>0.089446051</x15></dataPoint>
        <dataPoint><x14>2.1074277E-02</x14><x15>0.093087577</x15></dataPoint>
        <dataPoint><x14>2.7630991E-02</x14><x15>0.096910343</x15></dataPoint>
        <dataPoint><x14>3.5592720E-02</x14><x15>0.099801094</x15></dataPoint>
        <dataPoint><x14>4.9619370E-02</x14><x15>0.103074460</x15></dataPoint>
        <dataPoint><x14>6.7281470E-02</x14><x15>0.105787370</x15></dataPoint>
        <dataPoint><x14>9.6241780E-02</x14><x15>0.108985420</x15></dataPoint>
        <dataPoint><x14>1.3244932E-01</x14><x15>0.111949920</x15></dataPoint>
        <dataPoint><x14>1.8476737E-01</x14><x15>0.115463140</x15></dataPoint>
        <dataPoint><x14>2.5015895E-01</x14><x15>0.119239670</x15></dataPoint>
        <dataPoint><x14>3.2100938E-01</x14><x15>0.123009380</x15></dataPoint>
        <dataPoint><x14>4.2895550E-01</x14><x15>0.128168410</x15></dataPoint>
        <dataPoint><x14>4.3215950E-01</x14><x15>0.128110360</x15></dataPoint>
    </dataGroup>
    <dataGroup id="dg8" label="V-t history" dataPointLink="7">
        <property name="time"    id="x16"  label="t"            sourcetype="estimated"  units="s"   />
        <property name="volume"  id="x17"  label="V"            sourcetype="estimated"  units="cm3" />

        <dataPoint><x16>0.0000000E+00</x16><x17>1.000000000</x17></dataPoint>
        <dataPoint><x16>1.3670100E-04</x16><x17>0.968866680</x17></dataPoint>
        <dataPoint><x16>1.9113850E-03</x16><x17>0.953799850</x17></dataPoint>
        <dataPoint><x16>2.4119110E-03</x16><x17>0.926956560</x17></dataPoint>
        <dataPoint><x16>3.4933110E-03</x16><x17>0.928913150</x17></dataPoint>
        <dataPoint><x16>3.8095350E-03</x16><x17>0.886054790</x17></dataPoint>
        <dataPoint><x16>4.8881490E-03</x16><x17>0.878065620</x17></dataPoint>
        <dataPoint><x16>5.2244070E-03</x16><x17>0.836887440</x17></dataPoint>
        <dataPoint><x16>5.8464760E-03</x16><x17>0.807600010</x17></dataPoint>
        <dataPoint><x16>6.2740280E-03</x16><x17>0.815877980</x17></dataPoint>
        <dataPoint><x16>6.6318020E-03</x16><x17>0.768309720</x17></dataPoint>
        <dataPoint><x16>7.7134420E-03</x16><x17>0.700608470</x17></dataPoint>
        <dataPoint><x16>8.5159020E-03</x16><x17>0.645846440</x17></dataPoint>
        <dataPoint><x16>9.3589270E-03</x16><x17>0.586323840</x17></dataPoint>
        <dataPoint><x16>1.0117029E-02</x16><x17>0.536605980</x17></dataPoint>
        <dataPoint><x16>1.0816920E-02</x16><x17>0.481734510</x17></dataPoint>
        <dataPoint><x16>1.1722902E-02</x16><x17>0.421222330</x17></dataPoint>
        <dataPoint><x16>1.2171425E-02</x16><x17>0.388617050</x17></dataPoint>
        <dataPoint><x16>1.2618607E-02</x16><x17>0.352565510</x17></dataPoint>
        <dataPoint><x16>1.3270416E-02</x16><x17>0.303432050</x17></dataPoint>
        <dataPoint><x16>1.3570195E-02</x16><x17>0.280951760</x17></dataPoint>
        <dataPoint><x16>1.3968134E-02</x16><x17>0.249998100</x17></dataPoint>
        <dataPoint><x16>1.4319456E-02</x16><x17>0.222729380</x17></dataPoint>
        <dataPoint><x16>1.4619946E-02</x16><x17>0.199970090</x17></dataPoint>
        <dataPoint><x16>1.4916994E-02</x16><x17>0.177243680</x17></dataPoint>
        <dataPoint><x16>1.5166451E-02</x16><x17>0.157516450</x17></dataPoint>
        <dataPoint><x16>1.5416057E-02</x16><x17>0.139079730</x17></dataPoint>
        <dataPoint><x16>1.6160886E-02</x16><x17>0.099651984</x17></dataPoint>
        <dataPoint><x16>1.6420992E-02</x16><x17>0.093724207</x17></dataPoint>
        <dataPoint><x16>1.6825275E-02</x16><x17>0.087960442</x17></dataPoint>
        <dataPoint><x16>1.7323283E-02</x16><x17>0.085995260</x17></dataPoint>
        <dataPoint><x16>1.8584626E-02</x16><x17>0.089446051</x17></dataPoint>
        <dataPoint><x16>2.1074277E-02</x16><x17>0.093087577</x17></dataPoint>
        <dataPoint><x16>2.7630991E-02</x16><x17>0.096910343</x17></dataPoint>
        <dataPoint><x16>3.5592720E-02</x16><x17>0.099801094</x17></dataPoint>
        <dataPoint><x16>4.9619370E-02</x16><x17>0.103074460</x17></dataPoint>
        <dataPoint><x16>6.7281470E-02</x16><x17>0.105787370</x17></dataPoint>
        <dataPoint><x16>9.6241780E-02</x16><x17>0.108985420</x17></dataPoint>
        <dataPoint><x16>1.3244932E-01</x16><x17>0.111949920</x17></dataPoint>
        <dataPoint><x16>1.8476737E-01</x16><x17>0.115463140</x17></dataPoint>
        <dataPoint><x16>2.5015895E-01</x16><x17>0.119239670</x17></dataPoint>
        <dataPoint><x16>3.2100938E-01</x16><x17>0.123009380</x17></dataPoint>
        <dataPoint><x16>4.2895550E-01</x16><x17>0.128168410</x17></dataPoint>
        <dataPoint><x16>4.3215950E-01</x16><x17>0.128110360</x17></dataPoint>
    </dataGroup>
    <dataGroup id="dg9" label="V-t history" dataPointLink="8">
        <property name="time"    id="x18"  label="t"            sourcetype="estimated"  units="s"   />
        <property name="volume"  id="x19"  label="V"            sourcetype="estimated"  units="cm3" />

        <dataPoint><x18>0.0000000E+00</x18><x19>1.000000000</x19></dataPoint>
        <dataPoint><x18>1.3670100E-04</x18><x19>0.968850460</x19></dataPoint>
        <dataPoint><x18>1.9113850E-03</x18><x19>0.953775770</x19></dataPoint>
        <dataPoint><x18>2.4119110E-03</x18><x19>0.926918420</x19></dataPoint>
        <dataPoint><x18>3.4933110E-03</x18><x19>0.928876040</x19></dataPoint>
        <dataPoint><x18>3.8095350E-03</x18><x19>0.885995160</x19></dataPoint>
        <dataPoint><x18>4.8881490E-03</x18><x19>0.878001790</x19></dataPoint>
        <dataPoint><x18>5.2244070E-03</x18><x19>0.836801890</x19></dataPoint>
        <dataPoint><x18>5.8464760E-03</x18><x19>0.807498990</x19></dataPoint>
        <dataPoint><x18>6.2740280E-03</x18><x19>0.815781340</x19></dataPoint>
        <dataPoint><x18>6.6318020E-03</x18><x19>0.768187930</x19></dataPoint>
        <dataPoint><x18>7.7134420E-03</x18><x19>0.700450960</x19></dataPoint>
        <dataPoint><x18>8.5159020E-03</x18><x19>0.645660260</x19></dataPoint>
        <dataPoint><x18>9.3589270E-03</x18><x19>0.586106950</x19></dataPoint>
        <dataPoint><x18>1.0117029E-02</x18><x19>0.536364030</x19></dataPoint>
        <dataPoint><x18>1.0816920E-02</x18><x19>0.481465940</x19></dataPoint>
        <dataPoint><x18>1.1722902E-02</x18><x19>0.420926300</x19></dataPoint>
        <dataPoint><x18>1.2171425E-02</x18><x19>0.388307440</x19></dataPoint>
        <dataPoint><x18>1.2618607E-02</x18><x19>0.352242250</x19></dataPoint>
        <dataPoint><x18>1.3270416E-02</x18><x19>0.303093390</x19></dataPoint>
        <dataPoint><x18>1.3570195E-02</x18><x19>0.280607710</x19></dataPoint>
        <dataPoint><x18>1.3968134E-02</x18><x19>0.249648910</x19></dataPoint>
        <dataPoint><x18>1.4319456E-02</x18><x19>0.222378480</x19></dataPoint>
        <dataPoint><x18>1.4619946E-02</x18><x19>0.199620380</x19></dataPoint>
        <dataPoint><x18>1.4916994E-02</x18><x19>0.176898240</x19></dataPoint>
        <dataPoint><x18>1.5166451E-02</x18><x19>0.157177880</x19></dataPoint>
        <dataPoint><x18>1.5416057E-02</x18><x19>0.138751000</x19></dataPoint>
        <dataPoint><x18>1.6160886E-02</x18><x19>0.099360007</x19></dataPoint>
        <dataPoint><x18>1.6420992E-02</x18><x19>0.093440294</x19></dataPoint>
        <dataPoint><x18>1.6825275E-02</x18><x19>0.087685204</x19></dataPoint>
        <dataPoint><x18>1.7323283E-02</x18><x19>0.085723184</x19></dataPoint>
        <dataPoint><x18>1.8584626E-02</x18><x19>0.089168493</x19></dataPoint>
        <dataPoint><x18>2.1074277E-02</x18><x19>0.092804580</x19></dataPoint>
        <dataPoint><x18>2.7630991E-02</x18><x19>0.096621993</x19></dataPoint>
        <dataPoint><x18>3.5592720E-02</x18><x19>0.099508925</x19></dataPoint>
        <dataPoint><x18>4.9619370E-02</x18><x19>0.102778190</x19></dataPoint>
        <dataPoint><x18>6.7281470E-02</x18><x19>0.105487870</x19></dataPoint>
        <dataPoint><x18>9.6241780E-02</x18><x19>0.108682300</x19></dataPoint>
        <dataPoint><x18>1.3244932E-01</x18><x19>0.111643640</x19></dataPoint>
        <dataPoint><x18>1.8476737E-01</x18><x19>0.115153300</x19></dataPoint>
        <dataPoint><x18>2.5015895E-01</x18><x19>0.118926240</x19></dataPoint>
        <dataPoint><x18>3.2100938E-01</x18><x19>0.122692600</x19></dataPoint>
        <dataPoint><x18>4.2895550E-01</x18><x19>0.127847400</x19></dataPoint>
        <dataPoint><x18>4.3215950E-01</x18><x19>0.127789400</x19></dataPoint>
    </dataGroup>
    <dataGroup id="dg10" label="V-t history" dataPointLink="9">
        <property name="time"    id="x20"   label="t"            sourcetype="estimated"  units="s"   />
        <property name="volume"  id="x21"   label="V"            sourcetype="estimated"  units="cm3" />

        <dataPoint><x20>0.0000000E+00</x20><x21>1.000000000</x21></dataPoint>
        <dataPoint><x20>1.3670100E-04</x20><x21>0.968850460</x21></dataPoint>
        <dataPoint><x20>1.9113850E-03</x20><x21>0.953775770</x21></dataPoint>
        <dataPoint><x20>2.4119110E-03</x20><x21>0.926918420</x21></dataPoint>
        <dataPoint><x20>3.4933110E-03</x20><x21>0.928876040</x21></dataPoint>
        <dataPoint><x20>3.8095350E-03</x20><x21>0.885995160</x21></dataPoint>
        <dataPoint><x20>4.8881490E-03</x20><x21>0.878001790</x21></dataPoint>
        <dataPoint><x20>5.2244070E-03</x20><x21>0.836801890</x21></dataPoint>
        <dataPoint><x20>5.8464760E-03</x20><x21>0.807498990</x21></dataPoint>
        <dataPoint><x20>6.2740280E-03</x20><x21>0.815781340</x21></dataPoint>
        <dataPoint><x20>6.6318020E-03</x20><x21>0.768187930</x21></dataPoint>
        <dataPoint><x20>7.7134420E-03</x20><x21>0.700450960</x21></dataPoint>
        <dataPoint><x20>8.5159020E-03</x20><x21>0.645660260</x21></dataPoint>
        <dataPoint><x20>9.3589270E-03</x20><x21>0.586106950</x21></dataPoint>
        <dataPoint><x20>1.0117029E-02</x20><x21>0.536364030</x21></dataPoint>
        <dataPoint><x20>1.0816920E-02</x20><x21>0.481465940</x21></dataPoint>
        <dataPoint><x20>1.1722902E-02</x20><x21>0.420926300</x21></dataPoint>
        <dataPoint><x20>1.2171425E-02</x20><x21>0.388307440</x21></dataPoint>
        <dataPoint><x20>1.2618607E-02</x20><x21>0.352242250</x21></dataPoint>
        <dataPoint><x20>1.3270416E-02</x20><x21>0.303093390</x21></dataPoint>
        <dataPoint><x20>1.3570195E-02</x20><x21>0.280607710</x21></dataPoint>
        <dataPoint><x20>1.3968134E-02</x20><x21>0.249648910</x21></dataPoint>
        <dataPoint><x20>1.4319456E-02</x20><x21>0.222378480</x21></dataPoint>
        <dataPoint><x20>1.4619946E-02</x20><x21>0.199620380</x21></dataPoint>
        <dataPoint><x20>1.4916994E-02</x20><x21>0.176898240</x21></dataPoint>
        <dataPoint><x20>1.5166451E-02</x20><x21>0.157177880</x21></dataPoint>
        <dataPoint><x20>1.5416057E-02</x20><x21>0.138751000</x21></dataPoint>
        <dataPoint><x20>1.6160886E-02</x20><x21>0.099360007</x21></dataPoint>
        <dataPoint><x20>1.6420992E-02</x20><x21>0.093440294</x21></dataPoint>
        <dataPoint><x20>1.6825275E-02</x20><x21>0.087685204</x21></dataPoint>
        <dataPoint><x20>1.7323283E-02</x20><x21>0.085723184</x21></dataPoint>
        <dataPoint><x20>1.8584626E-02</x20><x21>0.089168493</x21></dataPoint>
        <dataPoint><x20>2.1074277E-02</x20><x21>0.092804580</x21></dataPoint>
        <dataPoint><x20>2.7630991E-02</x20><x21>0.096621993</x21></dataPoint>
        <dataPoint><x20>3.5592720E-02</x20><x21>0.099508925</x21></dataPoint>
        <dataPoint><x20>4.9619370E-02</x20><x21>0.102778190</x21></dataPoint>
        <dataPoint><x20>6.7281470E-02</x20><x21>0.105487870</x21></dataPoint>
        <dataPoint><x20>9.6241780E-02</x20><x21>0.108682300</x21></dataPoint>
        <dataPoint><x20>1.3244932E-01</x20><x21>0.111643640</x21></dataPoint>
        <dataPoint><x20>1.8476737E-01</x20><x21>0.115153300</x21></dataPoint>
        <dataPoint><x20>2.5015895E-01</x20><x21>0.118926240</x21></dataPoint>
        <dataPoint><x20>3.2100938E-01</x20><x21>0.122692600</x21></dataPoint>
        <dataPoint><x20>4.2895550E-01</x20><x21>0.127847400</x21></dataPoint>
        <dataPoint><x20>4.3215950E-01</x20><x21>0.127789400</x21></dataPoint>
    </dataGroup>
    <dataGroup id="dg11" label="V-t history" dataPointLink="10">
        <property name="time"    id="x22"   label="t"            sourcetype="estimated"  units="s"   />
        <property name="volume"  id="x23"   label="V"            sourcetype="estimated"  units="cm3" />

        <dataPoint><x22>0.0000000E+00</x22><x23>1.000000000</x23></dataPoint>
        <dataPoint><x22>1.3670100E-04</x22><x23>0.968833490</x23></dataPoint>
        <dataPoint><x22>1.9113850E-03</x22><x23>0.953750570</x23></dataPoint>
        <dataPoint><x22>2.4119110E-03</x22><x23>0.926878530</x23></dataPoint>
        <dataPoint><x22>3.4933110E-03</x22><x23>0.928837220</x23></dataPoint>
        <dataPoint><x22>3.8095350E-03</x22><x23>0.885932850</x23></dataPoint>
        <dataPoint><x22>4.8881490E-03</x22><x23>0.877935090</x23></dataPoint>
        <dataPoint><x22>5.2244070E-03</x22><x23>0.836712580</x23></dataPoint>
        <dataPoint><x22>5.8464760E-03</x22><x23>0.807393590</x23></dataPoint>
        <dataPoint><x22>6.2740280E-03</x22><x23>0.815680490</x23></dataPoint>
        <dataPoint><x22>6.6318020E-03</x22><x23>0.768060980</x23></dataPoint>
        <dataPoint><x22>7.7134420E-03</x22><x23>0.700287080</x23></dataPoint>
        <dataPoint><x22>8.5159020E-03</x22><x23>0.645466840</x23></dataPoint>
        <dataPoint><x22>9.3589270E-03</x22><x23>0.585882040</x23></dataPoint>
        <dataPoint><x22>1.0117029E-02</x22><x23>0.536113590</x23></dataPoint>
        <dataPoint><x22>1.0816920E-02</x22><x23>0.481188520</x23></dataPoint>
        <dataPoint><x22>1.1722902E-02</x22><x23>0.420621330</x23></dataPoint>
        <dataPoint><x22>1.2171425E-02</x22><x23>0.387989000</x23></dataPoint>
        <dataPoint><x22>1.2618607E-02</x22><x23>0.351910430</x23></dataPoint>
        <dataPoint><x22>1.3270416E-02</x22><x23>0.302746850</x23></dataPoint>
        <dataPoint><x22>1.3570195E-02</x22><x23>0.280256220</x23></dataPoint>
        <dataPoint><x22>1.3968134E-02</x22><x23>0.249293070</x23></dataPoint>
        <dataPoint><x22>1.4319456E-02</x22><x23>0.222021810</x23></dataPoint>
        <dataPoint><x22>1.4619946E-02</x22><x23>0.199265800</x23></dataPoint>
        <dataPoint><x22>1.4916994E-02</x22><x23>0.176548980</x23></dataPoint>
        <dataPoint><x22>1.5166451E-02</x22><x23>0.156836550</x23></dataPoint>
        <dataPoint><x22>1.5416057E-02</x22><x23>0.138420610</x23></dataPoint>
        <dataPoint><x22>1.6160886E-02</x22><x23>0.099069215</x23></dataPoint>
        <dataPoint><x22>1.6420992E-02</x22><x23>0.093158052</x23></dataPoint>
        <dataPoint><x22>1.6825275E-02</x22><x23>0.087412126</x23></dataPoint>
        <dataPoint><x22>1.7323283E-02</x22><x23>0.085453438</x23></dataPoint>
        <dataPoint><x22>1.8584626E-02</x22><x23>0.088892967</x23></dataPoint>
        <dataPoint><x22>2.1074277E-02</x22><x23>0.092523307</x23></dataPoint>
        <dataPoint><x22>2.7630991E-02</x22><x23>0.096335050</x23></dataPoint>
        <dataPoint><x22>3.5592720E-02</x22><x23>0.099217928</x23></dataPoint>
        <dataPoint><x22>4.9619370E-02</x22><x23>0.102482830</x23></dataPoint>
        <dataPoint><x22>6.7281470E-02</x22><x23>0.105189070</x23></dataPoint>
        <dataPoint><x22>9.6241780E-02</x22><x23>0.108379640</x23></dataPoint>
        <dataPoint><x22>1.3244932E-01</x22><x23>0.111337570</x23></dataPoint>
        <dataPoint><x22>1.8476737E-01</x22><x23>0.114843410</x23></dataPoint>
        <dataPoint><x22>2.5015895E-01</x22><x23>0.118612500</x23></dataPoint>
        <dataPoint><x22>3.2100938E-01</x22><x23>0.122375240</x23></dataPoint>
        <dataPoint><x22>4.2895550E-01</x22><x23>0.127525460</x23></dataPoint>
        <dataPoint><x22>4.3215950E-01</x22><x23>0.127467500</x23></dataPoint>
    </dataGroup>
    <dataGroup id="dg12" label="V-t history" dataPointLink="11">
        <property name="time"    id="x24"   label="t"            sourcetype="estimated"  units="s"   />
        <property name="volume"  id="x25"   label="V"            sourcetype="estimated"  units="cm3" />

        <dataPoint><x24>0.0000000E+00</x24><x25>1.000000000</x25></dataPoint>
        <dataPoint><x24>1.3670100E-04</x24><x25>0.968833490</x25></dataPoint>
        <dataPoint><x24>1.9113850E-03</x24><x25>0.953750570</x25></dataPoint>
        <dataPoint><x24>2.4119110E-03</x24><x25>0.926878530</x25></dataPoint>
        <dataPoint><x24>3.4933110E-03</x24><x25>0.928837220</x25></dataPoint>
        <dataPoint><x24>3.8095350E-03</x24><x25>0.885932850</x25></dataPoint>
        <dataPoint><x24>4.8881490E-03</x24><x25>0.877935090</x25></dataPoint>
        <dataPoint><x24>5.2244070E-03</x24><x25>0.836712580</x25></dataPoint>
        <dataPoint><x24>5.8464760E-03</x24><x25>0.807393590</x25></dataPoint>
        <dataPoint><x24>6.2740280E-03</x24><x25>0.815680490</x25></dataPoint>
        <dataPoint><x24>6.6318020E-03</x24><x25>0.768060980</x25></dataPoint>
        <dataPoint><x24>7.7134420E-03</x24><x25>0.700287080</x25></dataPoint>
        <dataPoint><x24>8.5159020E-03</x24><x25>0.645466840</x25></dataPoint>
        <dataPoint><x24>9.3589270E-03</x24><x25>0.585882040</x25></dataPoint>
        <dataPoint><x24>1.0117029E-02</x24><x25>0.536113590</x25></dataPoint>
        <dataPoint><x24>1.0816920E-02</x24><x25>0.481188520</x25></dataPoint>
        <dataPoint><x24>1.1722902E-02</x24><x25>0.420621330</x25></dataPoint>
        <dataPoint><x24>1.2171425E-02</x24><x25>0.387989000</x25></dataPoint>
        <dataPoint><x24>1.2618607E-02</x24><x25>0.351910430</x25></dataPoint>
        <dataPoint><x24>1.3270416E-02</x24><x25>0.302746850</x25></dataPoint>
        <dataPoint><x24>1.3570195E-02</x24><x25>0.280256220</x25></dataPoint>
        <dataPoint><x24>1.3968134E-02</x24><x25>0.249293070</x25></dataPoint>
        <dataPoint><x24>1.4319456E-02</x24><x25>0.222021810</x25></dataPoint>
        <dataPoint><x24>1.4619946E-02</x24><x25>0.199265800</x25></dataPoint>
        <dataPoint><x24>1.4916994E-02</x24><x25>0.176548980</x25></dataPoint>
        <dataPoint><x24>1.5166451E-02</x24><x25>0.156836550</x25></dataPoint>
        <dataPoint><x24>1.5416057E-02</x24><x25>0.138420610</x25></dataPoint>
        <dataPoint><x24>1.6160886E-02</x24><x25>0.099069215</x25></dataPoint>
        <dataPoint><x24>1.6420992E-02</x24><x25>0.093158052</x25></dataPoint>
        <dataPoint><x24>1.6825275E-02</x24><x25>0.087412126</x25></dataPoint>
        <dataPoint><x24>1.7323283E-02</x24><x25>0.085453438</x25></dataPoint>
        <dataPoint><x24>1.8584626E-02</x24><x25>0.088892967</x25></dataPoint>
        <dataPoint><x24>2.1074277E-02</x24><x25>0.092523307</x25></dataPoint>
        <dataPoint><x24>2.7630991E-02</x24><x25>0.096335050</x25></dataPoint>
        <dataPoint><x24>3.5592720E-02</x24><x25>0.099217928</x25></dataPoint>
        <dataPoint><x24>4.9619370E-02</x24><x25>0.102482830</x25></dataPoint>
        <dataPoint><x24>6.7281470E-02</x24><x25>0.105189070</x25></dataPoint>
        <dataPoint><x24>9.6241780E-02</x24><x25>0.108379640</x25></dataPoint>
        <dataPoint><x24>1.3244932E-01</x24><x25>0.111337570</x25></dataPoint>
        <dataPoint><x24>1.8476737E-01</x24><x25>0.114843410</x25></dataPoint>
        <dataPoint><x24>2.5015895E-01</x24><x25>0.118612500</x25></dataPoint>
        <dataPoint><x24>3.2100938E-01</x24><x25>0.122375240</x25></dataPoint>
        <dataPoint><x24>4.2895550E-01</x24><x25>0.127525460</x25></dataPoint>
        <dataPoint><x24>4.3215950E-01</x24><x25>0.127467500</x25></dataPoint>
    </dataGroup>
</experiment>
