<experiment>
    <fileAuthor>Chemical Kinetics Laboratory, Institute of Chemistry, ELTE, Budapest, Hungary</fileAuthor>
    <fileDOI>10.24388/x40002005</fileDOI>
    <fileVersion>
        <major>1</major>
        <minor>0</minor>
    </fileVersion>
    <ReSpecThVersion>
        <major>2</major>
        <minor>3</minor>
    </ReSpecThVersion>
    <firstPublicationDate>2016-12-05</firstPublicationDate>
    <lastModificationDate>2020-11-18</lastModificationDate>
    <bibliographyLink>
        <description>U. Burke, W.K. Metcalfe, S.M. Burke, K.A. Heufer, P. Dagaut, H.J. Curran, Combust. Flame 165 (2016), 125-136</description>
        <referenceDOI>10.1016/j.combustflame.2015.11.004</referenceDOI>
        <location>Supp. Mat. mmc3, Dataset 10, pressure traces obtained from the authors</location>
        <details>
            <author>Burke, Ultan and Metcalfe, Wayne K and Burke, Sin{\'{e}}ad M and Heufer, K Alexander and Dagaut, Philippe and Curran, Henry J</author>
            <journal>Combust Flame</journal>
            <pages>125--136</pages>
            <title>A detailed chemical kinetic modeling, ignition delay time and jet-stirred reactor study of methanol oxidation</title>
            <volume>165</volume>
            <year>2016</year>
        </details>
    </bibliographyLink>
    <experimentType>ignition delay measurement</experimentType>
    <apparatus>
        <kind>rapid compression machine</kind>
    </apparatus>
    <commonProperties>
        <property name="initial composition"           sourcetype="reported"  >
            <component><speciesLink preferredKey="CH3OH"  CAS="67-56-1"    InChI="1S/CH4O/c1-2/h2H,1H3"  SMILES="CO"    chemName="methanol" /><amount units="mole fraction" >0.05700</amount></component>
            <component><speciesLink preferredKey="O2"     CAS="7782-44-7"  InChI="1S/O2/c1-2"            SMILES="O=O"   chemName="oxygen"   /><amount units="mole fraction" >0.08550</amount></component>
            <component><speciesLink preferredKey="N2"     CAS="7727-37-9"  InChI="1S/N2/c1-2"            SMILES="N#N"   chemName="nitrogen" /><amount units="mole fraction" >0.64313</amount></component>
            <component><speciesLink preferredKey="Ar"     CAS="7440-37-1"  InChI="1S/Ar"                 SMILES="[Ar]"  chemName="argon"    /><amount units="mole fraction" >0.21438</amount></component>
        </property>
        <property name="evaluated standard deviation"  sourcetype="estimated"  units="unitless"       reference="ignition delay"  kind="relative"  method="generic uncertainty" ><value>0.1</value></property>
    </commonProperties>
    <dataGroup id="dg1">
        <property name="pressure"        id="x1"   label="P"    sourcetype="reported"  units="mbar" />
        <property name="temperature"     id="x2"   label="T"    sourcetype="reported"  units="K"    />
        <property name="ignition delay"  id="x3"   label="tau"  sourcetype="reported"  units="ms"   />

        <dataPoint><x1>340</x1><x2>368</x2><x3>94.16</x3></dataPoint>
        <dataPoint><x1>340</x1><x2>368</x2><x3>93.88</x3></dataPoint>
        <dataPoint><x1>340</x1><x2>378</x2><x3>31.84</x3></dataPoint>
        <dataPoint><x1>340</x1><x2>378</x2><x3>30.43</x3></dataPoint>
        <dataPoint><x1>340</x1><x2>388</x2><x3>14.34</x3></dataPoint>
        <dataPoint><x1>340</x1><x2>388</x2><x3>13.64</x3></dataPoint>
        <dataPoint><x1>340</x1><x2>398</x2><x3>6.649</x3></dataPoint>
    </dataGroup>
    <ignitionType target="p;" type="d/dt max"/>
    <comment>VTIM cut-off and shifted, first point increased to 1 cm3</comment>
    <dataGroup id="dg2" label="V-t history" dataPointLink="1">
        <property name="time"    id="x4"   label="t"            sourcetype="estimated"  units="s"   />
        <property name="volume"  id="x5"   label="V"            sourcetype="estimated"  units="cm3" />

        <dataPoint><x4>0.0000000E+00</x4><x5>1.000000000</x5></dataPoint>
        <dataPoint><x4>1.4519730E-03</x4><x5>0.987239420</x5></dataPoint>
        <dataPoint><x4>3.3580880E-03</x4><x5>0.944226480</x5></dataPoint>
        <dataPoint><x4>3.9806070E-03</x4><x5>0.924107420</x5></dataPoint>
        <dataPoint><x4>4.8316560E-03</x4><x5>0.884611350</x5></dataPoint>
        <dataPoint><x4>6.1784390E-03</x4><x5>0.814967700</x5></dataPoint>
        <dataPoint><x4>6.8325480E-03</x4><x5>0.768860870</x5></dataPoint>
        <dataPoint><x4>7.6717920E-03</x4><x5>0.709972810</x5></dataPoint>
        <dataPoint><x4>8.5368720E-03</x4><x5>0.641555330</x5></dataPoint>
        <dataPoint><x4>8.7318830E-03</x4><x5>0.626683560</x5></dataPoint>
        <dataPoint><x4>9.0793780E-03</x4><x5>0.593501970</x5></dataPoint>
        <dataPoint><x4>9.5022210E-03</x4><x5>0.570825010</x5></dataPoint>
        <dataPoint><x4>1.0623971E-02</x4><x5>0.485039370</x5></dataPoint>
        <dataPoint><x4>1.1078942E-02</x4><x5>0.450677350</x5></dataPoint>
        <dataPoint><x4>1.1430577E-02</x4><x5>0.422720500</x5></dataPoint>
        <dataPoint><x4>1.1980903E-02</x4><x5>0.381172060</x5></dataPoint>
        <dataPoint><x4>1.2175533E-02</x4><x5>0.364652810</x5></dataPoint>
        <dataPoint><x4>1.2727071E-02</x4><x5>0.321371360</x5></dataPoint>
        <dataPoint><x4>1.2977117E-02</x4><x5>0.301257630</x5></dataPoint>
        <dataPoint><x4>1.3228362E-02</x4><x5>0.281326060</x5></dataPoint>
        <dataPoint><x4>1.3478609E-02</x4><x5>0.261529210</x5></dataPoint>
        <dataPoint><x4>1.3677042E-02</x4><x5>0.245422470</x5></dataPoint>
        <dataPoint><x4>1.3876709E-02</x4><x5>0.229240280</x5></dataPoint>
        <dataPoint><x4>1.4126729E-02</x4><x5>0.209327520</x5></dataPoint>
        <dataPoint><x4>1.4277636E-02</x4><x5>0.197006870</x5></dataPoint>
        <dataPoint><x4>1.4425559E-02</x4><x5>0.184888590</x5></dataPoint>
        <dataPoint><x4>1.4624632E-02</x4><x5>0.168297680</x5></dataPoint>
        <dataPoint><x4>1.4822777E-02</x4><x5>0.151784390</x5></dataPoint>
        <dataPoint><x4>1.4972882E-02</x4><x5>0.139342670</x5></dataPoint>
        <dataPoint><x4>1.5370892E-02</x4><x5>0.110824000</x5></dataPoint>
        <dataPoint><x4>1.5481527E-02</x4><x5>0.106286270</x5></dataPoint>
        <dataPoint><x4>1.5585349E-02</x4><x5>0.103222880</x5></dataPoint>
        <dataPoint><x4>1.5868546E-02</x4><x5>0.098234764</x5></dataPoint>
        <dataPoint><x4>1.6221829E-02</x4><x5>0.088430970</x5></dataPoint>
        <dataPoint><x4>1.6473518E-02</x4><x5>0.087460284</x5></dataPoint>
        <dataPoint><x4>1.7308349E-02</x4><x5>0.092400132</x5></dataPoint>
        <dataPoint><x4>1.7707128E-02</x4><x5>0.092089005</x5></dataPoint>
        <dataPoint><x4>1.8825145E-02</x4><x5>0.095387536</x5></dataPoint>
        <dataPoint><x4>2.0343274E-02</x4><x5>0.098363628</x5></dataPoint>
        <dataPoint><x4>2.1250462E-02</x4><x5>0.099488406</x5></dataPoint>
        <dataPoint><x4>2.4436905E-02</x4><x5>0.101172250</x5></dataPoint>
        <dataPoint><x4>2.7218203E-02</x4><x5>0.103925970</x5></dataPoint>
        <dataPoint><x4>3.1290784E-02</x4><x5>0.104616940</x5></dataPoint>
        <dataPoint><x4>3.4137059E-02</x4><x5>0.106404100</x5></dataPoint>
        <dataPoint><x4>3.7736479E-02</x4><x5>0.106642050</x5></dataPoint>
        <dataPoint><x4>4.0554229E-02</x4><x5>0.107827810</x5></dataPoint>
        <dataPoint><x4>5.5676429E-02</x4><x5>0.110615980</x5></dataPoint>
        <dataPoint><x4>6.4516899E-02</x4><x5>0.111901620</x5></dataPoint>
        <dataPoint><x4>7.8904069E-02</x4><x5>0.113779010</x5></dataPoint>
        <dataPoint><x4>9.9849979E-02</x4><x5>0.116006010</x5></dataPoint>
        <dataPoint><x4>1.2588561E-01</x4><x5>0.118293440</x5></dataPoint>
        <dataPoint><x4>1.6240340E-01</x4><x5>0.120996130</x5></dataPoint>
        <dataPoint><x4>2.1825889E-01</x4><x5>0.124635320</x5></dataPoint>
        <dataPoint><x4>2.7206483E-01</x4><x5>0.127908420</x5></dataPoint>
        <dataPoint><x4>3.2542753E-01</x4><x5>0.131052360</x5></dataPoint>
        <dataPoint><x4>3.8174206E-01</x4><x5>0.134096700</x5></dataPoint>
        <dataPoint><x4>4.2539897E-01</x4><x5>0.136204820</x5></dataPoint>
        <dataPoint><x4>4.3181446E-01</x4><x5>0.136409760</x5></dataPoint>
    </dataGroup>
    <dataGroup id="dg3" label="V-t history" dataPointLink="2">
        <property name="time"    id="x6"   label="t"            sourcetype="estimated"  units="s"   />
        <property name="volume"  id="x7"   label="V"            sourcetype="estimated"  units="cm3" />

        <dataPoint><x6>0.0000000E+00</x6><x7>1.000000000</x7></dataPoint>
        <dataPoint><x6>1.4519730E-03</x6><x7>0.987239420</x7></dataPoint>
        <dataPoint><x6>3.3580880E-03</x6><x7>0.944226480</x7></dataPoint>
        <dataPoint><x6>3.9806070E-03</x6><x7>0.924107420</x7></dataPoint>
        <dataPoint><x6>4.8316560E-03</x6><x7>0.884611350</x7></dataPoint>
        <dataPoint><x6>6.1784390E-03</x6><x7>0.814967700</x7></dataPoint>
        <dataPoint><x6>6.8325480E-03</x6><x7>0.768860870</x7></dataPoint>
        <dataPoint><x6>7.6717920E-03</x6><x7>0.709972810</x7></dataPoint>
        <dataPoint><x6>8.5368720E-03</x6><x7>0.641555330</x7></dataPoint>
        <dataPoint><x6>8.7318830E-03</x6><x7>0.626683560</x7></dataPoint>
        <dataPoint><x6>9.0793780E-03</x6><x7>0.593501970</x7></dataPoint>
        <dataPoint><x6>9.5022210E-03</x6><x7>0.570825010</x7></dataPoint>
        <dataPoint><x6>1.0623971E-02</x6><x7>0.485039370</x7></dataPoint>
        <dataPoint><x6>1.1078942E-02</x6><x7>0.450677350</x7></dataPoint>
        <dataPoint><x6>1.1430577E-02</x6><x7>0.422720500</x7></dataPoint>
        <dataPoint><x6>1.1980903E-02</x6><x7>0.381172060</x7></dataPoint>
        <dataPoint><x6>1.2175533E-02</x6><x7>0.364652810</x7></dataPoint>
        <dataPoint><x6>1.2727071E-02</x6><x7>0.321371360</x7></dataPoint>
        <dataPoint><x6>1.2977117E-02</x6><x7>0.301257630</x7></dataPoint>
        <dataPoint><x6>1.3228362E-02</x6><x7>0.281326060</x7></dataPoint>
        <dataPoint><x6>1.3478609E-02</x6><x7>0.261529210</x7></dataPoint>
        <dataPoint><x6>1.3677042E-02</x6><x7>0.245422470</x7></dataPoint>
        <dataPoint><x6>1.3876709E-02</x6><x7>0.229240280</x7></dataPoint>
        <dataPoint><x6>1.4126729E-02</x6><x7>0.209327520</x7></dataPoint>
        <dataPoint><x6>1.4277636E-02</x6><x7>0.197006870</x7></dataPoint>
        <dataPoint><x6>1.4425559E-02</x6><x7>0.184888590</x7></dataPoint>
        <dataPoint><x6>1.4624632E-02</x6><x7>0.168297680</x7></dataPoint>
        <dataPoint><x6>1.4822777E-02</x6><x7>0.151784390</x7></dataPoint>
        <dataPoint><x6>1.4972882E-02</x6><x7>0.139342670</x7></dataPoint>
        <dataPoint><x6>1.5370892E-02</x6><x7>0.110824000</x7></dataPoint>
        <dataPoint><x6>1.5481527E-02</x6><x7>0.106286270</x7></dataPoint>
        <dataPoint><x6>1.5585349E-02</x6><x7>0.103222880</x7></dataPoint>
        <dataPoint><x6>1.5868546E-02</x6><x7>0.098234764</x7></dataPoint>
        <dataPoint><x6>1.6221829E-02</x6><x7>0.088430970</x7></dataPoint>
        <dataPoint><x6>1.6473518E-02</x6><x7>0.087460284</x7></dataPoint>
        <dataPoint><x6>1.7308349E-02</x6><x7>0.092400132</x7></dataPoint>
        <dataPoint><x6>1.7707128E-02</x6><x7>0.092089005</x7></dataPoint>
        <dataPoint><x6>1.8825145E-02</x6><x7>0.095387536</x7></dataPoint>
        <dataPoint><x6>2.0343274E-02</x6><x7>0.098363628</x7></dataPoint>
        <dataPoint><x6>2.1250462E-02</x6><x7>0.099488406</x7></dataPoint>
        <dataPoint><x6>2.4436905E-02</x6><x7>0.101172250</x7></dataPoint>
        <dataPoint><x6>2.7218203E-02</x6><x7>0.103925970</x7></dataPoint>
        <dataPoint><x6>3.1290784E-02</x6><x7>0.104616940</x7></dataPoint>
        <dataPoint><x6>3.4137059E-02</x6><x7>0.106404100</x7></dataPoint>
        <dataPoint><x6>3.7736479E-02</x6><x7>0.106642050</x7></dataPoint>
        <dataPoint><x6>4.0554229E-02</x6><x7>0.107827810</x7></dataPoint>
        <dataPoint><x6>5.5676429E-02</x6><x7>0.110615980</x7></dataPoint>
        <dataPoint><x6>6.4516899E-02</x6><x7>0.111901620</x7></dataPoint>
        <dataPoint><x6>7.8904069E-02</x6><x7>0.113779010</x7></dataPoint>
        <dataPoint><x6>9.9849979E-02</x6><x7>0.116006010</x7></dataPoint>
        <dataPoint><x6>1.2588561E-01</x6><x7>0.118293440</x7></dataPoint>
        <dataPoint><x6>1.6240340E-01</x6><x7>0.120996130</x7></dataPoint>
        <dataPoint><x6>2.1825889E-01</x6><x7>0.124635320</x7></dataPoint>
        <dataPoint><x6>2.7206483E-01</x6><x7>0.127908420</x7></dataPoint>
        <dataPoint><x6>3.2542753E-01</x6><x7>0.131052360</x7></dataPoint>
        <dataPoint><x6>3.8174206E-01</x6><x7>0.134096700</x7></dataPoint>
        <dataPoint><x6>4.2539897E-01</x6><x7>0.136204820</x7></dataPoint>
        <dataPoint><x6>4.3181446E-01</x6><x7>0.136409760</x7></dataPoint>
    </dataGroup>
    <dataGroup id="dg4" label="V-t history" dataPointLink="3">
        <property name="time"    id="x8"   label="t"            sourcetype="estimated"  units="s"   />
        <property name="volume"  id="x9"   label="V"            sourcetype="estimated"  units="cm3" />

        <dataPoint><x8>0.0000000E+00</x8><x9>1.000000000</x9></dataPoint>
        <dataPoint><x8>1.4519730E-03</x8><x9>0.987228620</x9></dataPoint>
        <dataPoint><x8>3.3580880E-03</x8><x9>0.944179470</x9></dataPoint>
        <dataPoint><x8>3.9806070E-03</x8><x9>0.924043590</x9></dataPoint>
        <dataPoint><x8>4.8316560E-03</x8><x9>0.884514750</x9></dataPoint>
        <dataPoint><x8>6.1784390E-03</x8><x9>0.814814310</x9></dataPoint>
        <dataPoint><x8>6.8325480E-03</x8><x9>0.768670770</x9></dataPoint>
        <dataPoint><x8>7.6717920E-03</x8><x9>0.709737110</x9></dataPoint>
        <dataPoint><x8>8.5368720E-03</x8><x9>0.641269010</x9></dataPoint>
        <dataPoint><x8>8.7318830E-03</x8><x9>0.626386640</x9></dataPoint>
        <dataPoint><x8>9.0793780E-03</x8><x9>0.593182030</x9></dataPoint>
        <dataPoint><x8>9.5022210E-03</x8><x9>0.570489900</x9></dataPoint>
        <dataPoint><x8>1.0623971E-02</x8><x9>0.484651880</x9></dataPoint>
        <dataPoint><x8>1.1078942E-02</x8><x9>0.450271680</x9></dataPoint>
        <dataPoint><x8>1.1430577E-02</x8><x9>0.422301540</x9></dataPoint>
        <dataPoint><x8>1.1980903E-02</x8><x9>0.380736290</x9></dataPoint>
        <dataPoint><x8>1.2175533E-02</x8><x9>0.364211510</x9></dataPoint>
        <dataPoint><x8>1.2727071E-02</x8><x9>0.320919260</x9></dataPoint>
        <dataPoint><x8>1.2977117E-02</x8><x9>0.300802660</x9></dataPoint>
        <dataPoint><x8>1.3228362E-02</x8><x9>0.280869820</x9></dataPoint>
        <dataPoint><x8>1.3478609E-02</x8><x9>0.261073470</x9></dataPoint>
        <dataPoint><x8>1.3677042E-02</x8><x9>0.244968610</x9></dataPoint>
        <dataPoint><x8>1.3876709E-02</x8><x9>0.228789790</x9></dataPoint>
        <dataPoint><x8>1.4126729E-02</x8><x9>0.208883510</x9></dataPoint>
        <dataPoint><x8>1.4277636E-02</x8><x9>0.196568320</x9></dataPoint>
        <dataPoint><x8>1.4425559E-02</x8><x9>0.184456620</x9></dataPoint>
        <dataPoint><x8>1.4624632E-02</x8><x9>0.167876880</x9></dataPoint>
        <dataPoint><x8>1.4822777E-02</x8><x9>0.151377540</x9></dataPoint>
        <dataPoint><x8>1.4972882E-02</x8><x9>0.138948470</x9></dataPoint>
        <dataPoint><x8>1.5370892E-02</x8><x9>0.110467120</x9></dataPoint>
        <dataPoint><x8>1.5481527E-02</x8><x9>0.105936580</x9></dataPoint>
        <dataPoint><x8>1.5585349E-02</x8><x9>0.102878270</x9></dataPoint>
        <dataPoint><x8>1.5868546E-02</x8><x9>0.097898806</x9></dataPoint>
        <dataPoint><x8>1.6221829E-02</x8><x9>0.088113571</x9></dataPoint>
        <dataPoint><x8>1.6473518E-02</x8><x9>0.087144841</x9></dataPoint>
        <dataPoint><x8>1.7308349E-02</x8><x9>0.092074962</x9></dataPoint>
        <dataPoint><x8>1.7707128E-02</x8><x9>0.091764431</x9></dataPoint>
        <dataPoint><x8>1.8825145E-02</x8><x9>0.095056750</x9></dataPoint>
        <dataPoint><x8>2.0343274E-02</x8><x9>0.098027439</x9></dataPoint>
        <dataPoint><x8>2.1250462E-02</x8><x9>0.099150225</x9></dataPoint>
        <dataPoint><x8>2.4436905E-02</x8><x9>0.100831130</x9></dataPoint>
        <dataPoint><x8>2.7218203E-02</x8><x9>0.103580170</x9></dataPoint>
        <dataPoint><x8>3.1290784E-02</x8><x9>0.104269990</x9></dataPoint>
        <dataPoint><x8>3.4137059E-02</x8><x9>0.106054220</x9></dataPoint>
        <dataPoint><x8>3.7736479E-02</x8><x9>0.106291780</x9></dataPoint>
        <dataPoint><x8>4.0554229E-02</x8><x9>0.107475640</x9></dataPoint>
        <dataPoint><x8>5.5676429E-02</x8><x9>0.110259430</x9></dataPoint>
        <dataPoint><x8>6.4516899E-02</x8><x9>0.111543090</x9></dataPoint>
        <dataPoint><x8>7.8904069E-02</x8><x9>0.113417650</x9></dataPoint>
        <dataPoint><x8>9.9849979E-02</x8><x9>0.115641380</x9></dataPoint>
        <dataPoint><x8>1.2588561E-01</x8><x9>0.117925540</x9></dataPoint>
        <dataPoint><x8>1.6240340E-01</x8><x9>0.120624470</x9></dataPoint>
        <dataPoint><x8>2.1825889E-01</x8><x9>0.124258780</x9></dataPoint>
        <dataPoint><x8>2.7206483E-01</x8><x9>0.127527670</x9></dataPoint>
        <dataPoint><x8>3.2542753E-01</x8><x9>0.130667730</x9></dataPoint>
        <dataPoint><x8>3.8174206E-01</x8><x9>0.133708440</x9></dataPoint>
        <dataPoint><x8>4.2539897E-01</x8><x9>0.135814120</x9></dataPoint>
        <dataPoint><x8>4.3181446E-01</x8><x9>0.136018830</x9></dataPoint>
    </dataGroup>
    <dataGroup id="dg5" label="V-t history" dataPointLink="4">
        <property name="time"    id="x10"  label="t"            sourcetype="estimated"  units="s"   />
        <property name="volume"  id="x11"  label="V"            sourcetype="estimated"  units="cm3" />

        <dataPoint><x10>0.0000000E+00</x10><x11>1.000000000</x11></dataPoint>
        <dataPoint><x10>1.4519730E-03</x10><x11>0.987228620</x11></dataPoint>
        <dataPoint><x10>3.3580880E-03</x10><x11>0.944179470</x11></dataPoint>
        <dataPoint><x10>3.9806070E-03</x10><x11>0.924043590</x11></dataPoint>
        <dataPoint><x10>4.8316560E-03</x10><x11>0.884514750</x11></dataPoint>
        <dataPoint><x10>6.1784390E-03</x10><x11>0.814814310</x11></dataPoint>
        <dataPoint><x10>6.8325480E-03</x10><x11>0.768670770</x11></dataPoint>
        <dataPoint><x10>7.6717920E-03</x10><x11>0.709737110</x11></dataPoint>
        <dataPoint><x10>8.5368720E-03</x10><x11>0.641269010</x11></dataPoint>
        <dataPoint><x10>8.7318830E-03</x10><x11>0.626386640</x11></dataPoint>
        <dataPoint><x10>9.0793780E-03</x10><x11>0.593182030</x11></dataPoint>
        <dataPoint><x10>9.5022210E-03</x10><x11>0.570489900</x11></dataPoint>
        <dataPoint><x10>1.0623971E-02</x10><x11>0.484651880</x11></dataPoint>
        <dataPoint><x10>1.1078942E-02</x10><x11>0.450271680</x11></dataPoint>
        <dataPoint><x10>1.1430577E-02</x10><x11>0.422301540</x11></dataPoint>
        <dataPoint><x10>1.1980903E-02</x10><x11>0.380736290</x11></dataPoint>
        <dataPoint><x10>1.2175533E-02</x10><x11>0.364211510</x11></dataPoint>
        <dataPoint><x10>1.2727071E-02</x10><x11>0.320919260</x11></dataPoint>
        <dataPoint><x10>1.2977117E-02</x10><x11>0.300802660</x11></dataPoint>
        <dataPoint><x10>1.3228362E-02</x10><x11>0.280869820</x11></dataPoint>
        <dataPoint><x10>1.3478609E-02</x10><x11>0.261073470</x11></dataPoint>
        <dataPoint><x10>1.3677042E-02</x10><x11>0.244968610</x11></dataPoint>
        <dataPoint><x10>1.3876709E-02</x10><x11>0.228789790</x11></dataPoint>
        <dataPoint><x10>1.4126729E-02</x10><x11>0.208883510</x11></dataPoint>
        <dataPoint><x10>1.4277636E-02</x10><x11>0.196568320</x11></dataPoint>
        <dataPoint><x10>1.4425559E-02</x10><x11>0.184456620</x11></dataPoint>
        <dataPoint><x10>1.4624632E-02</x10><x11>0.167876880</x11></dataPoint>
        <dataPoint><x10>1.4822777E-02</x10><x11>0.151377540</x11></dataPoint>
        <dataPoint><x10>1.4972882E-02</x10><x11>0.138948470</x11></dataPoint>
        <dataPoint><x10>1.5370892E-02</x10><x11>0.110467120</x11></dataPoint>
        <dataPoint><x10>1.5481527E-02</x10><x11>0.105936580</x11></dataPoint>
        <dataPoint><x10>1.5585349E-02</x10><x11>0.102878270</x11></dataPoint>
        <dataPoint><x10>1.5868546E-02</x10><x11>0.097898806</x11></dataPoint>
        <dataPoint><x10>1.6221829E-02</x10><x11>0.088113571</x11></dataPoint>
        <dataPoint><x10>1.6473518E-02</x10><x11>0.087144841</x11></dataPoint>
        <dataPoint><x10>1.7308349E-02</x10><x11>0.092074962</x11></dataPoint>
        <dataPoint><x10>1.7707128E-02</x10><x11>0.091764431</x11></dataPoint>
        <dataPoint><x10>1.8825145E-02</x10><x11>0.095056750</x11></dataPoint>
        <dataPoint><x10>2.0343274E-02</x10><x11>0.098027439</x11></dataPoint>
        <dataPoint><x10>2.1250462E-02</x10><x11>0.099150225</x11></dataPoint>
        <dataPoint><x10>2.4436905E-02</x10><x11>0.100831130</x11></dataPoint>
        <dataPoint><x10>2.7218203E-02</x10><x11>0.103580170</x11></dataPoint>
        <dataPoint><x10>3.1290784E-02</x10><x11>0.104269990</x11></dataPoint>
        <dataPoint><x10>3.4137059E-02</x10><x11>0.106054220</x11></dataPoint>
        <dataPoint><x10>3.7736479E-02</x10><x11>0.106291780</x11></dataPoint>
        <dataPoint><x10>4.0554229E-02</x10><x11>0.107475640</x11></dataPoint>
        <dataPoint><x10>5.5676429E-02</x10><x11>0.110259430</x11></dataPoint>
        <dataPoint><x10>6.4516899E-02</x10><x11>0.111543090</x11></dataPoint>
        <dataPoint><x10>7.8904069E-02</x10><x11>0.113417650</x11></dataPoint>
        <dataPoint><x10>9.9849979E-02</x10><x11>0.115641380</x11></dataPoint>
        <dataPoint><x10>1.2588561E-01</x10><x11>0.117925540</x11></dataPoint>
        <dataPoint><x10>1.6240340E-01</x10><x11>0.120624470</x11></dataPoint>
        <dataPoint><x10>2.1825889E-01</x10><x11>0.124258780</x11></dataPoint>
        <dataPoint><x10>2.7206483E-01</x10><x11>0.127527670</x11></dataPoint>
        <dataPoint><x10>3.2542753E-01</x10><x11>0.130667730</x11></dataPoint>
        <dataPoint><x10>3.8174206E-01</x10><x11>0.133708440</x11></dataPoint>
        <dataPoint><x10>4.2539897E-01</x10><x11>0.135814120</x11></dataPoint>
        <dataPoint><x10>4.3181446E-01</x10><x11>0.136018830</x11></dataPoint>
    </dataGroup>
    <dataGroup id="dg6" label="V-t history" dataPointLink="5">
        <property name="time"    id="x12"  label="t"            sourcetype="estimated"  units="s"   />
        <property name="volume"  id="x13"  label="V"            sourcetype="estimated"  units="cm3" />

        <dataPoint><x12>0.0000000E+00</x12><x13>1.000000000</x13></dataPoint>
        <dataPoint><x12>1.4519730E-03</x12><x13>0.987217510</x13></dataPoint>
        <dataPoint><x12>3.3580880E-03</x12><x13>0.944131140</x13></dataPoint>
        <dataPoint><x12>3.9806070E-03</x12><x13>0.923977990</x13></dataPoint>
        <dataPoint><x12>4.8316560E-03</x12><x13>0.884415550</x13></dataPoint>
        <dataPoint><x12>6.1784390E-03</x12><x13>0.814657020</x13></dataPoint>
        <dataPoint><x12>6.8325480E-03</x12><x13>0.768476020</x13></dataPoint>
        <dataPoint><x12>7.6717920E-03</x12><x13>0.709495970</x13></dataPoint>
        <dataPoint><x12>8.5368720E-03</x12><x13>0.640976600</x13></dataPoint>
        <dataPoint><x12>8.7318830E-03</x12><x13>0.626083540</x13></dataPoint>
        <dataPoint><x12>9.0793780E-03</x12><x13>0.592855750</x13></dataPoint>
        <dataPoint><x12>9.5022210E-03</x12><x13>0.570148380</x13></dataPoint>
        <dataPoint><x12>1.0623971E-02</x12><x13>0.484258120</x13></dataPoint>
        <dataPoint><x12>1.1078942E-02</x12><x13>0.449859980</x13></dataPoint>
        <dataPoint><x12>1.1430577E-02</x12><x13>0.421876830</x13></dataPoint>
        <dataPoint><x12>1.1980903E-02</x12><x13>0.380295370</x13></dataPoint>
        <dataPoint><x12>1.2175533E-02</x12><x13>0.363765340</x13></dataPoint>
        <dataPoint><x12>1.2727071E-02</x12><x13>0.320463220</x13></dataPoint>
        <dataPoint><x12>1.2977117E-02</x12><x13>0.300344250</x13></dataPoint>
        <dataPoint><x12>1.3228362E-02</x12><x13>0.280410690</x13></dataPoint>
        <dataPoint><x12>1.3478609E-02</x12><x13>0.260615450</x13></dataPoint>
        <dataPoint><x12>1.3677042E-02</x12><x13>0.244512990</x13></dataPoint>
        <dataPoint><x12>1.3876709E-02</x12><x13>0.228338120</x13></dataPoint>
        <dataPoint><x12>1.4126729E-02</x12><x13>0.208439060</x13></dataPoint>
        <dataPoint><x12>1.4277636E-02</x12><x13>0.196129800</x13></dataPoint>
        <dataPoint><x12>1.4425559E-02</x12><x13>0.184025160</x13></dataPoint>
        <dataPoint><x12>1.4624632E-02</x12><x13>0.167457270</x13></dataPoint>
        <dataPoint><x12>1.4822777E-02</x12><x13>0.150972580</x13></dataPoint>
        <dataPoint><x12>1.4972882E-02</x12><x13>0.138556690</x13></dataPoint>
        <dataPoint><x12>1.5370892E-02</x12><x13>0.110113830</x13></dataPoint>
        <dataPoint><x12>1.5481527E-02</x12><x13>0.105590650</x13></dataPoint>
        <dataPoint><x12>1.5585349E-02</x12><x13>0.102537520</x13></dataPoint>
        <dataPoint><x12>1.5868546E-02</x12><x13>0.097566901</x13></dataPoint>
        <dataPoint><x12>1.6221829E-02</x12><x13>0.087800553</x13></dataPoint>
        <dataPoint><x12>1.6473518E-02</x12><x13>0.086833809</x13></dataPoint>
        <dataPoint><x12>1.7308349E-02</x12><x13>0.091754045</x13></dataPoint>
        <dataPoint><x12>1.7707128E-02</x12><x13>0.091444121</x13></dataPoint>
        <dataPoint><x12>1.8825145E-02</x12><x13>0.094730117</x13></dataPoint>
        <dataPoint><x12>2.0343274E-02</x12><x13>0.097695300</x13></dataPoint>
        <dataPoint><x12>2.1250462E-02</x12><x13>0.098816052</x13></dataPoint>
        <dataPoint><x12>2.4436905E-02</x12><x13>0.100493960</x13></dataPoint>
        <dataPoint><x12>2.7218203E-02</x12><x13>0.103238220</x13></dataPoint>
        <dataPoint><x12>3.1290784E-02</x12><x13>0.103926860</x13></dataPoint>
        <dataPoint><x12>3.4137059E-02</x12><x13>0.105708100</x13></dataPoint>
        <dataPoint><x12>3.7736479E-02</x12><x13>0.105945260</x13></dataPoint>
        <dataPoint><x12>4.0554229E-02</x12><x13>0.107127160</x13></dataPoint>
        <dataPoint><x12>5.5676429E-02</x12><x13>0.109906470</x13></dataPoint>
        <dataPoint><x12>6.4516899E-02</x12><x13>0.111188100</x13></dataPoint>
        <dataPoint><x12>7.8904069E-02</x12><x13>0.113059760</x13></dataPoint>
        <dataPoint><x12>9.9849979E-02</x12><x13>0.115280130</x13></dataPoint>
        <dataPoint><x12>1.2588561E-01</x12><x13>0.117560920</x13></dataPoint>
        <dataPoint><x12>1.6240340E-01</x12><x13>0.120255980</x13></dataPoint>
        <dataPoint><x12>2.1825889E-01</x12><x13>0.123885280</x13></dataPoint>
        <dataPoint><x12>2.7206483E-01</x12><x13>0.127149830</x13></dataPoint>
        <dataPoint><x12>3.2542753E-01</x12><x13>0.130285870</x13></dataPoint>
        <dataPoint><x12>3.8174206E-01</x12><x13>0.133322820</x13></dataPoint>
        <dataPoint><x12>4.2539897E-01</x12><x13>0.135425980</x13></dataPoint>
        <dataPoint><x12>4.3181446E-01</x12><x13>0.135630450</x13></dataPoint>
    </dataGroup>
    <dataGroup id="dg7" label="V-t history" dataPointLink="6">
        <property name="time"    id="x14"  label="t"            sourcetype="estimated"  units="s"   />
        <property name="volume"  id="x15"  label="V"            sourcetype="estimated"  units="cm3" />

        <dataPoint><x14>0.0000000E+00</x14><x15>1.000000000</x15></dataPoint>
        <dataPoint><x14>1.4519730E-03</x14><x15>0.987217510</x15></dataPoint>
        <dataPoint><x14>3.3580880E-03</x14><x15>0.944131140</x15></dataPoint>
        <dataPoint><x14>3.9806070E-03</x14><x15>0.923977990</x15></dataPoint>
        <dataPoint><x14>4.8316560E-03</x14><x15>0.884415550</x15></dataPoint>
        <dataPoint><x14>6.1784390E-03</x14><x15>0.814657020</x15></dataPoint>
        <dataPoint><x14>6.8325480E-03</x14><x15>0.768476020</x15></dataPoint>
        <dataPoint><x14>7.6717920E-03</x14><x15>0.709495970</x15></dataPoint>
        <dataPoint><x14>8.5368720E-03</x14><x15>0.640976600</x15></dataPoint>
        <dataPoint><x14>8.7318830E-03</x14><x15>0.626083540</x15></dataPoint>
        <dataPoint><x14>9.0793780E-03</x14><x15>0.592855750</x15></dataPoint>
        <dataPoint><x14>9.5022210E-03</x14><x15>0.570148380</x15></dataPoint>
        <dataPoint><x14>1.0623971E-02</x14><x15>0.484258120</x15></dataPoint>
        <dataPoint><x14>1.1078942E-02</x14><x15>0.449859980</x15></dataPoint>
        <dataPoint><x14>1.1430577E-02</x14><x15>0.421876830</x15></dataPoint>
        <dataPoint><x14>1.1980903E-02</x14><x15>0.380295370</x15></dataPoint>
        <dataPoint><x14>1.2175533E-02</x14><x15>0.363765340</x15></dataPoint>
        <dataPoint><x14>1.2727071E-02</x14><x15>0.320463220</x15></dataPoint>
        <dataPoint><x14>1.2977117E-02</x14><x15>0.300344250</x15></dataPoint>
        <dataPoint><x14>1.3228362E-02</x14><x15>0.280410690</x15></dataPoint>
        <dataPoint><x14>1.3478609E-02</x14><x15>0.260615450</x15></dataPoint>
        <dataPoint><x14>1.3677042E-02</x14><x15>0.244512990</x15></dataPoint>
        <dataPoint><x14>1.3876709E-02</x14><x15>0.228338120</x15></dataPoint>
        <dataPoint><x14>1.4126729E-02</x14><x15>0.208439060</x15></dataPoint>
        <dataPoint><x14>1.4277636E-02</x14><x15>0.196129800</x15></dataPoint>
        <dataPoint><x14>1.4425559E-02</x14><x15>0.184025160</x15></dataPoint>
        <dataPoint><x14>1.4624632E-02</x14><x15>0.167457270</x15></dataPoint>
        <dataPoint><x14>1.4822777E-02</x14><x15>0.150972580</x15></dataPoint>
        <dataPoint><x14>1.4972882E-02</x14><x15>0.138556690</x15></dataPoint>
        <dataPoint><x14>1.5370892E-02</x14><x15>0.110113830</x15></dataPoint>
        <dataPoint><x14>1.5481527E-02</x14><x15>0.105590650</x15></dataPoint>
        <dataPoint><x14>1.5585349E-02</x14><x15>0.102537520</x15></dataPoint>
        <dataPoint><x14>1.5868546E-02</x14><x15>0.097566901</x15></dataPoint>
        <dataPoint><x14>1.6221829E-02</x14><x15>0.087800553</x15></dataPoint>
        <dataPoint><x14>1.6473518E-02</x14><x15>0.086833809</x15></dataPoint>
        <dataPoint><x14>1.7308349E-02</x14><x15>0.091754045</x15></dataPoint>
        <dataPoint><x14>1.7707128E-02</x14><x15>0.091444121</x15></dataPoint>
        <dataPoint><x14>1.8825145E-02</x14><x15>0.094730117</x15></dataPoint>
        <dataPoint><x14>2.0343274E-02</x14><x15>0.097695300</x15></dataPoint>
        <dataPoint><x14>2.1250462E-02</x14><x15>0.098816052</x15></dataPoint>
        <dataPoint><x14>2.4436905E-02</x14><x15>0.100493960</x15></dataPoint>
        <dataPoint><x14>2.7218203E-02</x14><x15>0.103238220</x15></dataPoint>
        <dataPoint><x14>3.1290784E-02</x14><x15>0.103926860</x15></dataPoint>
        <dataPoint><x14>3.4137059E-02</x14><x15>0.105708100</x15></dataPoint>
        <dataPoint><x14>3.7736479E-02</x14><x15>0.105945260</x15></dataPoint>
        <dataPoint><x14>4.0554229E-02</x14><x15>0.107127160</x15></dataPoint>
        <dataPoint><x14>5.5676429E-02</x14><x15>0.109906470</x15></dataPoint>
        <dataPoint><x14>6.4516899E-02</x14><x15>0.111188100</x15></dataPoint>
        <dataPoint><x14>7.8904069E-02</x14><x15>0.113059760</x15></dataPoint>
        <dataPoint><x14>9.9849979E-02</x14><x15>0.115280130</x15></dataPoint>
        <dataPoint><x14>1.2588561E-01</x14><x15>0.117560920</x15></dataPoint>
        <dataPoint><x14>1.6240340E-01</x14><x15>0.120255980</x15></dataPoint>
        <dataPoint><x14>2.1825889E-01</x14><x15>0.123885280</x15></dataPoint>
        <dataPoint><x14>2.7206483E-01</x14><x15>0.127149830</x15></dataPoint>
        <dataPoint><x14>3.2542753E-01</x14><x15>0.130285870</x15></dataPoint>
        <dataPoint><x14>3.8174206E-01</x14><x15>0.133322820</x15></dataPoint>
        <dataPoint><x14>4.2539897E-01</x14><x15>0.135425980</x15></dataPoint>
        <dataPoint><x14>4.3181446E-01</x14><x15>0.135630450</x15></dataPoint>
    </dataGroup>
    <dataGroup id="dg8" label="V-t history" dataPointLink="7">
        <property name="time"    id="x16"  label="t"            sourcetype="estimated"  units="s"   />
        <property name="volume"  id="x17"  label="V"            sourcetype="estimated"  units="cm3" />

        <dataPoint><x16>0.0000000E+00</x16><x17>1.000000000</x17></dataPoint>
        <dataPoint><x16>1.4519730E-03</x16><x17>0.987206110</x17></dataPoint>
        <dataPoint><x16>3.3580880E-03</x16><x17>0.944081580</x17></dataPoint>
        <dataPoint><x16>3.9806070E-03</x16><x17>0.923910740</x17></dataPoint>
        <dataPoint><x16>4.8316560E-03</x16><x17>0.884313920</x17></dataPoint>
        <dataPoint><x16>6.1784390E-03</x16><x17>0.814496090</x17></dataPoint>
        <dataPoint><x16>6.8325480E-03</x16><x17>0.768276960</x17></dataPoint>
        <dataPoint><x16>7.6717920E-03</x16><x17>0.709249840</x17></dataPoint>
        <dataPoint><x16>8.5368720E-03</x16><x17>0.640678640</x17></dataPoint>
        <dataPoint><x16>8.7318830E-03</x16><x17>0.625774810</x17></dataPoint>
        <dataPoint><x16>9.0793780E-03</x16><x17>0.592523720</x17></dataPoint>
        <dataPoint><x16>9.5022210E-03</x16><x17>0.569801060</x17></dataPoint>
        <dataPoint><x16>1.0623971E-02</x16><x17>0.483858790</x17></dataPoint>
        <dataPoint><x16>1.1078942E-02</x16><x17>0.449442990</x17></dataPoint>
        <dataPoint><x16>1.1430577E-02</x16><x17>0.421447140</x17></dataPoint>
        <dataPoint><x16>1.1980903E-02</x16><x17>0.379850080</x17></dataPoint>
        <dataPoint><x16>1.2175533E-02</x16><x17>0.363315090</x17></dataPoint>
        <dataPoint><x16>1.2727071E-02</x16><x17>0.320004020</x17></dataPoint>
        <dataPoint><x16>1.2977117E-02</x16><x17>0.299883180</x17></dataPoint>
        <dataPoint><x16>1.3228362E-02</x16><x17>0.279949460</x17></dataPoint>
        <dataPoint><x16>1.3478609E-02</x16><x17>0.260155920</x17></dataPoint>
        <dataPoint><x16>1.3677042E-02</x16><x17>0.244056380</x17></dataPoint>
        <dataPoint><x16>1.3876709E-02</x16><x17>0.227885990</x17></dataPoint>
        <dataPoint><x16>1.4126729E-02</x16><x17>0.207994850</x17></dataPoint>
        <dataPoint><x16>1.4277636E-02</x16><x17>0.195691990</x17></dataPoint>
        <dataPoint><x16>1.4425559E-02</x16><x17>0.183594860</x17></dataPoint>
        <dataPoint><x16>1.4624632E-02</x16><x17>0.167039480</x17></dataPoint>
        <dataPoint><x16>1.4822777E-02</x16><x17>0.150570070</x17></dataPoint>
        <dataPoint><x16>1.4972882E-02</x16><x17>0.138167840</x17></dataPoint>
        <dataPoint><x16>1.5370892E-02</x16><x17>0.109764520</x17></dataPoint>
        <dataPoint><x16>1.5481527E-02</x16><x17>0.105248850</x17></dataPoint>
        <dataPoint><x16>1.5585349E-02</x16><x17>0.102201020</x17></dataPoint>
        <dataPoint><x16>1.5868546E-02</x16><x17>0.097239386</x17></dataPoint>
        <dataPoint><x16>1.6221829E-02</x16><x17>0.087492200</x17></dataPoint>
        <dataPoint><x16>1.6473518E-02</x16><x17>0.086527467</x17></dataPoint>
        <dataPoint><x16>1.7308349E-02</x16><x17>0.091437687</x17></dataPoint>
        <dataPoint><x16>1.7707128E-02</x16><x17>0.091128378</x17></dataPoint>
        <dataPoint><x16>1.8825145E-02</x16><x17>0.094407958</x17></dataPoint>
        <dataPoint><x16>2.0343274E-02</x16><x17>0.097367547</x17></dataPoint>
        <dataPoint><x16>2.1250462E-02</x16><x17>0.098486231</x17></dataPoint>
        <dataPoint><x16>2.4436905E-02</x16><x17>0.100161090</x17></dataPoint>
        <dataPoint><x16>2.7218203E-02</x16><x17>0.102900490</x17></dataPoint>
        <dataPoint><x16>3.1290784E-02</x16><x17>0.103587930</x17></dataPoint>
        <dataPoint><x16>3.4137059E-02</x16><x17>0.105366100</x17></dataPoint>
        <dataPoint><x16>3.7736479E-02</x16><x17>0.105602870</x17></dataPoint>
        <dataPoint><x16>4.0554229E-02</x16><x17>0.106782770</x17></dataPoint>
        <dataPoint><x16>5.5676429E-02</x16><x17>0.109557490</x17></dataPoint>
        <dataPoint><x16>6.4516899E-02</x16><x17>0.110837070</x17></dataPoint>
        <dataPoint><x16>7.8904069E-02</x16><x17>0.112705760</x17></dataPoint>
        <dataPoint><x16>9.9849979E-02</x16><x17>0.114922680</x17></dataPoint>
        <dataPoint><x16>1.2588561E-01</x16><x17>0.117200030</x17></dataPoint>
        <dataPoint><x16>1.6240340E-01</x16><x17>0.119891120</x17></dataPoint>
        <dataPoint><x16>2.1825889E-01</x16><x17>0.123515260</x17></dataPoint>
        <dataPoint><x16>2.7206483E-01</x16><x17>0.126775350</x17></dataPoint>
        <dataPoint><x16>3.2542753E-01</x16><x17>0.129907250</x17></dataPoint>
        <dataPoint><x16>3.8174206E-01</x16><x17>0.132940340</x17></dataPoint>
        <dataPoint><x16>4.2539897E-01</x16><x17>0.135040890</x17></dataPoint>
        <dataPoint><x16>4.3181446E-01</x16><x17>0.135245110</x17></dataPoint>
    </dataGroup>
    <dataGroup id="dg2" label="V-t history" dataPointLink="1">
        <property name="time"    id="x18"  label="t"            sourcetype="estimated"  units="s"   />
        <property name="volume"  id="x19"  label="V"            sourcetype="estimated"  units="cm3" />

        <dataPoint><x18>0.0000000E+00</x18><x19>1.000000000</x19></dataPoint>
        <dataPoint><x18>1.4519730E-03</x18><x19>0.987206110</x19></dataPoint>
        <dataPoint><x18>3.3580880E-03</x18><x19>0.944081580</x19></dataPoint>
        <dataPoint><x18>3.9806070E-03</x18><x19>0.923910740</x19></dataPoint>
        <dataPoint><x18>4.8316560E-03</x18><x19>0.884313920</x19></dataPoint>
        <dataPoint><x18>6.1784390E-03</x18><x19>0.814496090</x19></dataPoint>
        <dataPoint><x18>6.8325480E-03</x18><x19>0.768276960</x19></dataPoint>
        <dataPoint><x18>7.6717920E-03</x18><x19>0.709249840</x19></dataPoint>
        <dataPoint><x18>8.5368720E-03</x18><x19>0.640678640</x19></dataPoint>
        <dataPoint><x18>8.7318830E-03</x18><x19>0.625774810</x19></dataPoint>
        <dataPoint><x18>9.0793780E-03</x18><x19>0.592523720</x19></dataPoint>
        <dataPoint><x18>9.5022210E-03</x18><x19>0.569801060</x19></dataPoint>
        <dataPoint><x18>1.0623971E-02</x18><x19>0.483858790</x19></dataPoint>
        <dataPoint><x18>1.1078942E-02</x18><x19>0.449442990</x19></dataPoint>
        <dataPoint><x18>1.1430577E-02</x18><x19>0.421447140</x19></dataPoint>
        <dataPoint><x18>1.1980903E-02</x18><x19>0.379850080</x19></dataPoint>
        <dataPoint><x18>1.2175533E-02</x18><x19>0.363315090</x19></dataPoint>
        <dataPoint><x18>1.2727071E-02</x18><x19>0.320004020</x19></dataPoint>
        <dataPoint><x18>1.2977117E-02</x18><x19>0.299883180</x19></dataPoint>
        <dataPoint><x18>1.3228362E-02</x18><x19>0.279949460</x19></dataPoint>
        <dataPoint><x18>1.3478609E-02</x18><x19>0.260155920</x19></dataPoint>
        <dataPoint><x18>1.3677042E-02</x18><x19>0.244056380</x19></dataPoint>
        <dataPoint><x18>1.3876709E-02</x18><x19>0.227885990</x19></dataPoint>
        <dataPoint><x18>1.4126729E-02</x18><x19>0.207994850</x19></dataPoint>
        <dataPoint><x18>1.4277636E-02</x18><x19>0.195691990</x19></dataPoint>
        <dataPoint><x18>1.4425559E-02</x18><x19>0.183594860</x19></dataPoint>
        <dataPoint><x18>1.4624632E-02</x18><x19>0.167039480</x19></dataPoint>
        <dataPoint><x18>1.4822777E-02</x18><x19>0.150570070</x19></dataPoint>
        <dataPoint><x18>1.4972882E-02</x18><x19>0.138167840</x19></dataPoint>
        <dataPoint><x18>1.5370892E-02</x18><x19>0.109764520</x19></dataPoint>
        <dataPoint><x18>1.5481527E-02</x18><x19>0.105248850</x19></dataPoint>
        <dataPoint><x18>1.5585349E-02</x18><x19>0.102201020</x19></dataPoint>
        <dataPoint><x18>1.5868546E-02</x18><x19>0.097239386</x19></dataPoint>
        <dataPoint><x18>1.6221829E-02</x18><x19>0.087492200</x19></dataPoint>
        <dataPoint><x18>1.6473518E-02</x18><x19>0.086527467</x19></dataPoint>
        <dataPoint><x18>1.7308349E-02</x18><x19>0.091437687</x19></dataPoint>
        <dataPoint><x18>1.7707128E-02</x18><x19>0.091128378</x19></dataPoint>
        <dataPoint><x18>1.8825145E-02</x18><x19>0.094407958</x19></dataPoint>
        <dataPoint><x18>2.0343274E-02</x18><x19>0.097367547</x19></dataPoint>
        <dataPoint><x18>2.1250462E-02</x18><x19>0.098486231</x19></dataPoint>
        <dataPoint><x18>2.4436905E-02</x18><x19>0.100161090</x19></dataPoint>
        <dataPoint><x18>2.7218203E-02</x18><x19>0.102900490</x19></dataPoint>
        <dataPoint><x18>3.1290784E-02</x18><x19>0.103587930</x19></dataPoint>
        <dataPoint><x18>3.4137059E-02</x18><x19>0.105366100</x19></dataPoint>
        <dataPoint><x18>3.7736479E-02</x18><x19>0.105602870</x19></dataPoint>
        <dataPoint><x18>4.0554229E-02</x18><x19>0.106782770</x19></dataPoint>
        <dataPoint><x18>5.5676429E-02</x18><x19>0.109557490</x19></dataPoint>
        <dataPoint><x18>6.4516899E-02</x18><x19>0.110837070</x19></dataPoint>
        <dataPoint><x18>7.8904069E-02</x18><x19>0.112705760</x19></dataPoint>
        <dataPoint><x18>9.9849979E-02</x18><x19>0.114922680</x19></dataPoint>
        <dataPoint><x18>1.2588561E-01</x18><x19>0.117200030</x19></dataPoint>
        <dataPoint><x18>1.6240340E-01</x18><x19>0.119891120</x19></dataPoint>
        <dataPoint><x18>2.1825889E-01</x18><x19>0.123515260</x19></dataPoint>
        <dataPoint><x18>2.7206483E-01</x18><x19>0.126775350</x19></dataPoint>
        <dataPoint><x18>3.2542753E-01</x18><x19>0.129907250</x19></dataPoint>
        <dataPoint><x18>3.8174206E-01</x18><x19>0.132940340</x19></dataPoint>
        <dataPoint><x18>4.2539897E-01</x18><x19>0.135040890</x19></dataPoint>
        <dataPoint><x18>4.3181446E-01</x18><x19>0.135245110</x19></dataPoint>
    </dataGroup>
</experiment>
