<experiment>
    <fileAuthor>Chemical Kinetics Laboratory, Institute of Chemistry, ELTE, Budapest, Hungary</fileAuthor>
    <fileDOI>10.24388/x40002008</fileDOI>
    <fileVersion>
        <major>1</major>
        <minor>0</minor>
    </fileVersion>
    <ReSpecThVersion>
        <major>2</major>
        <minor>3</minor>
    </ReSpecThVersion>
    <firstPublicationDate>2016-12-05</firstPublicationDate>
    <lastModificationDate>2020-11-18</lastModificationDate>
    <bibliographyLink>
        <description>U. Burke, W.K. Metcalfe, S.M. Burke, K.A. Heufer, P. Dagaut, H.J. Curran, Combust. Flame 165 (2016), 125-136</description>
        <referenceDOI>10.1016/j.combustflame.2015.11.004</referenceDOI>
        <location>Supp. Mat. mmc3, Dataset 16, pressure traces obtained from the authors</location>
        <details>
            <author>Burke, Ultan and Metcalfe, Wayne K and Burke, Sin{\'{e}}ad M and Heufer, K Alexander and Dagaut, Philippe and Curran, Henry J</author>
            <journal>Combust Flame</journal>
            <pages>125--136</pages>
            <title>A detailed chemical kinetic modeling, ignition delay time and jet-stirred reactor study of methanol oxidation</title>
            <volume>165</volume>
            <year>2016</year>
        </details>
    </bibliographyLink>
    <experimentType>ignition delay measurement</experimentType>
    <apparatus>
        <kind>rapid compression machine</kind>
    </apparatus>
    <commonProperties>
        <property name="initial composition"           sourcetype="reported"  >
            <component><speciesLink preferredKey="CH3OH"  CAS="67-56-1"    InChI="1S/CH4O/c1-2/h2H,1H3"  SMILES="CO"    chemName="methanol" /><amount units="mole fraction" >0.11400</amount></component>
            <component><speciesLink preferredKey="O2"     CAS="7782-44-7"  InChI="1S/O2/c1-2"            SMILES="O=O"   chemName="oxygen"   /><amount units="mole fraction" >0.08550</amount></component>
            <component><speciesLink preferredKey="N2"     CAS="7727-37-9"  InChI="1S/N2/c1-2"            SMILES="N#N"   chemName="nitrogen" /><amount units="mole fraction" >0.60038</amount></component>
            <component><speciesLink preferredKey="Ar"     CAS="7440-37-1"  InChI="1S/Ar"                 SMILES="[Ar]"  chemName="argon"    /><amount units="mole fraction" >0.20013</amount></component>
        </property>
        <property name="evaluated standard deviation"  sourcetype="estimated"  units="unitless"       reference="ignition delay"  kind="relative"  method="generic uncertainty" ><value>0.1</value></property>
    </commonProperties>
    <dataGroup id="dg1">
        <property name="pressure"        id="x1"   label="P"    sourcetype="reported"  units="mbar" />
        <property name="temperature"     id="x2"   label="T"    sourcetype="reported"  units="K"    />
        <property name="ignition delay"  id="x3"   label="tau"  sourcetype="reported"  units="ms"   />

        <dataPoint><x1>1070</x1><x2>353</x2><x3>158.5</x3></dataPoint>
        <dataPoint><x1>1070</x1><x2>353</x2><x3>162.7</x3></dataPoint>
        <dataPoint><x1>1070</x1><x2>363</x2><x3>50.75</x3></dataPoint>
        <dataPoint><x1>1070</x1><x2>363</x2><x3>49.76</x3></dataPoint>
        <dataPoint><x1>1070</x1><x2>373</x2><x3>22.33</x3></dataPoint>
        <dataPoint><x1>1070</x1><x2>373</x2><x3>21.17</x3></dataPoint>
        <dataPoint><x1>1070</x1><x2>383</x2><x3>9.851</x3></dataPoint>
        <dataPoint><x1>1070</x1><x2>383</x2><x3>9.638</x3></dataPoint>
        <dataPoint><x1>1070</x1><x2>393</x2><x3>4.607</x3></dataPoint>
        <dataPoint><x1>1070</x1><x2>393</x2><x3>4.539</x3></dataPoint>
    </dataGroup>
    <ignitionType target="p;" type="d/dt max"/>
    <comment>VTIM cut-off and shifted, first point increased to 1 cm3</comment>
    <dataGroup id="dg2" label="V-t history" dataPointLink="1">
        <property name="time"    id="x4"   label="t"            sourcetype="estimated"  units="s"   />
        <property name="volume"  id="x5"   label="V"            sourcetype="estimated"  units="cm3" />

        <dataPoint><x4>0.0000000E+00</x4><x5>1.000000000</x5></dataPoint>
        <dataPoint><x4>3.7398600E-04</x4><x5>0.993926670</x5></dataPoint>
        <dataPoint><x4>9.0861300E-04</x4><x5>0.986631800</x5></dataPoint>
        <dataPoint><x4>3.2976620E-03</x4><x5>0.847277010</x5></dataPoint>
        <dataPoint><x4>3.5513630E-03</x4><x5>0.841804980</x5></dataPoint>
        <dataPoint><x4>5.3880440E-03</x4><x5>0.716017110</x5></dataPoint>
        <dataPoint><x4>6.2462820E-03</x4><x5>0.652674980</x5></dataPoint>
        <dataPoint><x4>7.1969960E-03</x4><x5>0.577358190</x5></dataPoint>
        <dataPoint><x4>8.3470290E-03</x4><x5>0.491685300</x5></dataPoint>
        <dataPoint><x4>9.4020210E-03</x4><x5>0.409101560</x5></dataPoint>
        <dataPoint><x4>9.6003540E-03</x4><x5>0.394393290</x5></dataPoint>
        <dataPoint><x4>1.0051565E-02</x4><x5>0.355740200</x5></dataPoint>
        <dataPoint><x4>1.0502203E-02</x4><x5>0.321318430</x5></dataPoint>
        <dataPoint><x4>1.0753417E-02</x4><x5>0.301921380</x5></dataPoint>
        <dataPoint><x4>1.1001696E-02</x4><x5>0.281462000</x5></dataPoint>
        <dataPoint><x4>1.1353157E-02</x4><x5>0.253005580</x5></dataPoint>
        <dataPoint><x4>1.1653175E-02</x4><x5>0.229237740</x5></dataPoint>
        <dataPoint><x4>1.1952077E-02</x4><x5>0.205745230</x5></dataPoint>
        <dataPoint><x4>1.2200913E-02</x4><x5>0.185802180</x5></dataPoint>
        <dataPoint><x4>1.2401005E-02</x4><x5>0.170092420</x5></dataPoint>
        <dataPoint><x4>1.2601223E-02</x4><x5>0.154712410</x5></dataPoint>
        <dataPoint><x4>1.2900443E-02</x4><x5>0.132428840</x5></dataPoint>
        <dataPoint><x4>1.3497981E-02</x4><x5>0.100564530</x5></dataPoint>
        <dataPoint><x4>1.3702903E-02</x4><x5>0.094950357</x5></dataPoint>
        <dataPoint><x4>1.4008754E-02</x4><x5>0.089026707</x5></dataPoint>
        <dataPoint><x4>1.4265134E-02</x4><x5>0.086532626</x5></dataPoint>
        <dataPoint><x4>1.4749041E-02</x4><x5>0.084718653</x5></dataPoint>
        <dataPoint><x4>1.5618273E-02</x4><x5>0.087801141</x5></dataPoint>
        <dataPoint><x4>1.8243122E-02</x4><x5>0.091394265</x5></dataPoint>
        <dataPoint><x4>1.9028737E-02</x4><x5>0.092131756</x5></dataPoint>
        <dataPoint><x4>2.1741380E-02</x4><x5>0.093061936</x5></dataPoint>
        <dataPoint><x4>2.5139640E-02</x4><x5>0.095543744</x5></dataPoint>
        <dataPoint><x4>2.8548522E-02</x4><x5>0.096058519</x5></dataPoint>
        <dataPoint><x4>3.2315105E-02</x4><x5>0.097875196</x5></dataPoint>
        <dataPoint><x4>3.4927485E-02</x4><x5>0.097997112</x5></dataPoint>
        <dataPoint><x4>3.9645835E-02</x4><x5>0.099418930</x5></dataPoint>
        <dataPoint><x4>5.8646125E-02</x4><x5>0.102536370</x5></dataPoint>
        <dataPoint><x4>8.4418125E-02</x4><x5>0.105290420</x5></dataPoint>
        <dataPoint><x4>1.2612940E-01</x4><x5>0.108550820</x5></dataPoint>
        <dataPoint><x4>1.8758108E-01</x4><x5>0.112190270</x5></dataPoint>
        <dataPoint><x4>2.6023933E-01</x4><x5>0.115912980</x5></dataPoint>
        <dataPoint><x4>3.3960446E-01</x4><x5>0.119575180</x5></dataPoint>
        <dataPoint><x4>4.2969654E-01</x4><x5>0.123459420</x5></dataPoint>
    </dataGroup>
    <dataGroup id="dg3" label="V-t history" dataPointLink="2">
        <property name="time"    id="x6"   label="t"            sourcetype="estimated"  units="s"   />
        <property name="volume"  id="x7"   label="V"            sourcetype="estimated"  units="cm3" />

        <dataPoint><x6>0.0000000E+00</x6><x7>1.000000000</x7></dataPoint>
        <dataPoint><x6>3.7398600E-04</x6><x7>0.993926670</x7></dataPoint>
        <dataPoint><x6>9.0861300E-04</x6><x7>0.986631800</x7></dataPoint>
        <dataPoint><x6>3.2976620E-03</x6><x7>0.847277010</x7></dataPoint>
        <dataPoint><x6>3.5513630E-03</x6><x7>0.841804980</x7></dataPoint>
        <dataPoint><x6>5.3880440E-03</x6><x7>0.716017110</x7></dataPoint>
        <dataPoint><x6>6.2462820E-03</x6><x7>0.652674980</x7></dataPoint>
        <dataPoint><x6>7.1969960E-03</x6><x7>0.577358190</x7></dataPoint>
        <dataPoint><x6>8.3470290E-03</x6><x7>0.491685300</x7></dataPoint>
        <dataPoint><x6>9.4020210E-03</x6><x7>0.409101560</x7></dataPoint>
        <dataPoint><x6>9.6003540E-03</x6><x7>0.394393290</x7></dataPoint>
        <dataPoint><x6>1.0051565E-02</x6><x7>0.355740200</x7></dataPoint>
        <dataPoint><x6>1.0502203E-02</x6><x7>0.321318430</x7></dataPoint>
        <dataPoint><x6>1.0753417E-02</x6><x7>0.301921380</x7></dataPoint>
        <dataPoint><x6>1.1001696E-02</x6><x7>0.281462000</x7></dataPoint>
        <dataPoint><x6>1.1353157E-02</x6><x7>0.253005580</x7></dataPoint>
        <dataPoint><x6>1.1653175E-02</x6><x7>0.229237740</x7></dataPoint>
        <dataPoint><x6>1.1952077E-02</x6><x7>0.205745230</x7></dataPoint>
        <dataPoint><x6>1.2200913E-02</x6><x7>0.185802180</x7></dataPoint>
        <dataPoint><x6>1.2401005E-02</x6><x7>0.170092420</x7></dataPoint>
        <dataPoint><x6>1.2601223E-02</x6><x7>0.154712410</x7></dataPoint>
        <dataPoint><x6>1.2900443E-02</x6><x7>0.132428840</x7></dataPoint>
        <dataPoint><x6>1.3497981E-02</x6><x7>0.100564530</x7></dataPoint>
        <dataPoint><x6>1.3702903E-02</x6><x7>0.094950357</x7></dataPoint>
        <dataPoint><x6>1.4008754E-02</x6><x7>0.089026707</x7></dataPoint>
        <dataPoint><x6>1.4265134E-02</x6><x7>0.086532626</x7></dataPoint>
        <dataPoint><x6>1.4749041E-02</x6><x7>0.084718653</x7></dataPoint>
        <dataPoint><x6>1.5618273E-02</x6><x7>0.087801141</x7></dataPoint>
        <dataPoint><x6>1.8243122E-02</x6><x7>0.091394265</x7></dataPoint>
        <dataPoint><x6>1.9028737E-02</x6><x7>0.092131756</x7></dataPoint>
        <dataPoint><x6>2.1741380E-02</x6><x7>0.093061936</x7></dataPoint>
        <dataPoint><x6>2.5139640E-02</x6><x7>0.095543744</x7></dataPoint>
        <dataPoint><x6>2.8548522E-02</x6><x7>0.096058519</x7></dataPoint>
        <dataPoint><x6>3.2315105E-02</x6><x7>0.097875196</x7></dataPoint>
        <dataPoint><x6>3.4927485E-02</x6><x7>0.097997112</x7></dataPoint>
        <dataPoint><x6>3.9645835E-02</x6><x7>0.099418930</x7></dataPoint>
        <dataPoint><x6>5.8646125E-02</x6><x7>0.102536370</x7></dataPoint>
        <dataPoint><x6>8.4418125E-02</x6><x7>0.105290420</x7></dataPoint>
        <dataPoint><x6>1.2612940E-01</x6><x7>0.108550820</x7></dataPoint>
        <dataPoint><x6>1.8758108E-01</x6><x7>0.112190270</x7></dataPoint>
        <dataPoint><x6>2.6023933E-01</x6><x7>0.115912980</x7></dataPoint>
        <dataPoint><x6>3.3960446E-01</x6><x7>0.119575180</x7></dataPoint>
        <dataPoint><x6>4.2969654E-01</x6><x7>0.123459420</x7></dataPoint>
    </dataGroup>
    <dataGroup id="dg4" label="V-t history" dataPointLink="3">
        <property name="time"    id="x8"   label="t"            sourcetype="estimated"  units="s"   />
        <property name="volume"  id="x9"   label="V"            sourcetype="estimated"  units="cm3" />

        <dataPoint><x8>0.0000000E+00</x8><x9>1.040673900</x9></dataPoint>
        <dataPoint><x8>1.2675240E-03</x8><x9>1.004330900</x9></dataPoint>
        <dataPoint><x8>1.6191750E-03</x8><x9>1.036954000</x9></dataPoint>
        <dataPoint><x8>2.6156730E-03</x8><x9>0.988222340</x9></dataPoint>
        <dataPoint><x8>2.9716560E-03</x8><x9>1.005575900</x9></dataPoint>
        <dataPoint><x8>3.2569170E-03</x8><x9>0.980463420</x9></dataPoint>
        <dataPoint><x8>3.6361580E-03</x8><x9>0.968072750</x9></dataPoint>
        <dataPoint><x8>4.0101440E-03</x8><x9>0.993918750</x9></dataPoint>
        <dataPoint><x8>4.5447710E-03</x8><x9>0.986614380</x9></dataPoint>
        <dataPoint><x8>6.9338200E-03</x8><x9>0.847083880</x9></dataPoint>
        <dataPoint><x8>7.1875210E-03</x8><x9>0.841605210</x9></dataPoint>
        <dataPoint><x8>9.0242020E-03</x8><x9>0.715671870</x9></dataPoint>
        <dataPoint><x8>9.8824400E-03</x8><x9>0.652262970</x9></dataPoint>
        <dataPoint><x8>1.0833154E-02</x8><x9>0.576874430</x9></dataPoint>
        <dataPoint><x8>1.1983187E-02</x8><x9>0.491133110</x9></dataPoint>
        <dataPoint><x8>1.3038179E-02</x8><x9>0.408501570</x9></dataPoint>
        <dataPoint><x8>1.3236512E-02</x8><x9>0.393787160</x9></dataPoint>
        <dataPoint><x8>1.3687723E-02</x8><x9>0.355122120</x9></dataPoint>
        <dataPoint><x8>1.4138361E-02</x8><x9>0.320695500</x9></dataPoint>
        <dataPoint><x8>1.4389575E-02</x8><x9>0.301298490</x9></dataPoint>
        <dataPoint><x8>1.4637854E-02</x8><x9>0.280841610</x9></dataPoint>
        <dataPoint><x8>1.4989315E-02</x8><x9>0.252393380</x9></dataPoint>
        <dataPoint><x8>1.5289333E-02</x8><x9>0.228637170</x9></dataPoint>
        <dataPoint><x8>1.5588235E-02</x8><x9>0.205161100</x9></dataPoint>
        <dataPoint><x8>1.5837071E-02</x8><x9>0.185236410</x9></dataPoint>
        <dataPoint><x8>1.6037163E-02</x8><x9>0.169544350</x9></dataPoint>
        <dataPoint><x8>1.6237381E-02</x8><x9>0.154184740</x9></dataPoint>
        <dataPoint><x8>1.6536601E-02</x8><x9>0.131936880</x9></dataPoint>
        <dataPoint><x8>1.7134139E-02</x8><x9>0.100138640</x9></dataPoint>
        <dataPoint><x8>1.7339061E-02</x8><x9>0.094538252</x9></dataPoint>
        <dataPoint><x8>1.7644912E-02</x8><x9>0.088629931</x9></dataPoint>
        <dataPoint><x8>1.7901292E-02</x8><x9>0.086142554</x9></dataPoint>
        <dataPoint><x8>1.8385199E-02</x8><x9>0.084333554</x9></dataPoint>
        <dataPoint><x8>1.9254431E-02</x8><x9>0.087407641</x9></dataPoint>
        <dataPoint><x8>2.1879280E-02</x8><x9>0.090991263</x9></dataPoint>
        <dataPoint><x8>2.2664895E-02</x8><x9>0.091726842</x9></dataPoint>
        <dataPoint><x8>2.5377538E-02</x8><x9>0.092654629</x9></dataPoint>
        <dataPoint><x8>2.8775798E-02</x8><x9>0.095130148</x9></dataPoint>
        <dataPoint><x8>3.2184680E-02</x8><x9>0.095643637</x9></dataPoint>
        <dataPoint><x8>3.5951263E-02</x8><x9>0.097455821</x9></dataPoint>
        <dataPoint><x8>3.8563643E-02</x8><x9>0.097577439</x9></dataPoint>
        <dataPoint><x8>4.3281993E-02</x8><x9>0.098995796</x9></dataPoint>
        <dataPoint><x8>6.2282283E-02</x8><x9>0.102105810</x9></dataPoint>
        <dataPoint><x8>8.8054283E-02</x8><x9>0.104853460</x9></dataPoint>
        <dataPoint><x8>1.2976555E-01</x8><x9>0.108106490</x9></dataPoint>
        <dataPoint><x8>1.9121723E-01</x8><x9>0.111737990</x9></dataPoint>
        <dataPoint><x8>2.6387548E-01</x8><x9>0.115452830</x9></dataPoint>
        <dataPoint><x8>3.4324061E-01</x8><x9>0.119107540</x9></dataPoint>
        <dataPoint><x8>4.3333269E-01</x8><x9>0.122984120</x9></dataPoint>
    </dataGroup>
    <dataGroup id="dg5" label="V-t history" dataPointLink="4">
        <property name="time"    id="x10"  label="t"            sourcetype="estimated"  units="s"   />
        <property name="volume"  id="x11"  label="V"            sourcetype="estimated"  units="cm3" />

        <dataPoint><x10>0.0000000E+00</x10><x11>1.040673900</x11></dataPoint>
        <dataPoint><x10>1.2675240E-03</x10><x11>1.004330900</x11></dataPoint>
        <dataPoint><x10>1.6191750E-03</x10><x11>1.036954000</x11></dataPoint>
        <dataPoint><x10>2.6156730E-03</x10><x11>0.988222340</x11></dataPoint>
        <dataPoint><x10>2.9716560E-03</x10><x11>1.005575900</x11></dataPoint>
        <dataPoint><x10>3.2569170E-03</x10><x11>0.980463420</x11></dataPoint>
        <dataPoint><x10>3.6361580E-03</x10><x11>0.968072750</x11></dataPoint>
        <dataPoint><x10>4.0101440E-03</x10><x11>0.993918750</x11></dataPoint>
        <dataPoint><x10>4.5447710E-03</x10><x11>0.986614380</x11></dataPoint>
        <dataPoint><x10>6.9338200E-03</x10><x11>0.847083880</x11></dataPoint>
        <dataPoint><x10>7.1875210E-03</x10><x11>0.841605210</x11></dataPoint>
        <dataPoint><x10>9.0242020E-03</x10><x11>0.715671870</x11></dataPoint>
        <dataPoint><x10>9.8824400E-03</x10><x11>0.652262970</x11></dataPoint>
        <dataPoint><x10>1.0833154E-02</x10><x11>0.576874430</x11></dataPoint>
        <dataPoint><x10>1.1983187E-02</x10><x11>0.491133110</x11></dataPoint>
        <dataPoint><x10>1.3038179E-02</x10><x11>0.408501570</x11></dataPoint>
        <dataPoint><x10>1.3236512E-02</x10><x11>0.393787160</x11></dataPoint>
        <dataPoint><x10>1.3687723E-02</x10><x11>0.355122120</x11></dataPoint>
        <dataPoint><x10>1.4138361E-02</x10><x11>0.320695500</x11></dataPoint>
        <dataPoint><x10>1.4389575E-02</x10><x11>0.301298490</x11></dataPoint>
        <dataPoint><x10>1.4637854E-02</x10><x11>0.280841610</x11></dataPoint>
        <dataPoint><x10>1.4989315E-02</x10><x11>0.252393380</x11></dataPoint>
        <dataPoint><x10>1.5289333E-02</x10><x11>0.228637170</x11></dataPoint>
        <dataPoint><x10>1.5588235E-02</x10><x11>0.205161100</x11></dataPoint>
        <dataPoint><x10>1.5837071E-02</x10><x11>0.185236410</x11></dataPoint>
        <dataPoint><x10>1.6037163E-02</x10><x11>0.169544350</x11></dataPoint>
        <dataPoint><x10>1.6237381E-02</x10><x11>0.154184740</x11></dataPoint>
        <dataPoint><x10>1.6536601E-02</x10><x11>0.131936880</x11></dataPoint>
        <dataPoint><x10>1.7134139E-02</x10><x11>0.100138640</x11></dataPoint>
        <dataPoint><x10>1.7339061E-02</x10><x11>0.094538252</x11></dataPoint>
        <dataPoint><x10>1.7644912E-02</x10><x11>0.088629931</x11></dataPoint>
        <dataPoint><x10>1.7901292E-02</x10><x11>0.086142554</x11></dataPoint>
        <dataPoint><x10>1.8385199E-02</x10><x11>0.084333554</x11></dataPoint>
        <dataPoint><x10>1.9254431E-02</x10><x11>0.087407641</x11></dataPoint>
        <dataPoint><x10>2.1879280E-02</x10><x11>0.090991263</x11></dataPoint>
        <dataPoint><x10>2.2664895E-02</x10><x11>0.091726842</x11></dataPoint>
        <dataPoint><x10>2.5377538E-02</x10><x11>0.092654629</x11></dataPoint>
        <dataPoint><x10>2.8775798E-02</x10><x11>0.095130148</x11></dataPoint>
        <dataPoint><x10>3.2184680E-02</x10><x11>0.095643637</x11></dataPoint>
        <dataPoint><x10>3.5951263E-02</x10><x11>0.097455821</x11></dataPoint>
        <dataPoint><x10>3.8563643E-02</x10><x11>0.097577439</x11></dataPoint>
        <dataPoint><x10>4.3281993E-02</x10><x11>0.098995796</x11></dataPoint>
        <dataPoint><x10>6.2282283E-02</x10><x11>0.102105810</x11></dataPoint>
        <dataPoint><x10>8.8054283E-02</x10><x11>0.104853460</x11></dataPoint>
        <dataPoint><x10>1.2976555E-01</x10><x11>0.108106490</x11></dataPoint>
        <dataPoint><x10>1.9121723E-01</x10><x11>0.111737990</x11></dataPoint>
        <dataPoint><x10>2.6387548E-01</x10><x11>0.115452830</x11></dataPoint>
        <dataPoint><x10>3.4324061E-01</x10><x11>0.119107540</x11></dataPoint>
        <dataPoint><x10>4.3333269E-01</x10><x11>0.122984120</x11></dataPoint>
    </dataGroup>
    <dataGroup id="dg6" label="V-t history" dataPointLink="5">
        <property name="time"    id="x12"  label="t"            sourcetype="estimated"  units="s"   />
        <property name="volume"  id="x13"  label="V"            sourcetype="estimated"  units="cm3" />

        <dataPoint><x12>0.0000000E+00</x12><x13>1.000000000</x13></dataPoint>
        <dataPoint><x12>1.1405200E-03</x12><x13>0.990474890</x13></dataPoint>
        <dataPoint><x12>2.1240920E-03</x12><x13>0.908022270</x13></dataPoint>
        <dataPoint><x12>2.8271240E-03</x12><x13>0.912981000</x13></dataPoint>
        <dataPoint><x12>3.2411620E-03</x12><x13>0.869664910</x13></dataPoint>
        <dataPoint><x12>3.6607600E-03</x12><x13>0.867417270</x13></dataPoint>
        <dataPoint><x12>4.1346420E-03</x12><x13>0.815124230</x13></dataPoint>
        <dataPoint><x12>4.7646450E-03</x12><x13>0.775097410</x13></dataPoint>
        <dataPoint><x12>4.9864450E-03</x12><x13>0.772616020</x13></dataPoint>
        <dataPoint><x12>6.2865510E-03</x12><x13>0.679356300</x13></dataPoint>
        <dataPoint><x12>6.9781640E-03</x12><x13>0.609191250</x13></dataPoint>
        <dataPoint><x12>7.8899230E-03</x12><x13>0.552222510</x13></dataPoint>
        <dataPoint><x12>8.2797490E-03</x12><x13>0.520473000</x13></dataPoint>
        <dataPoint><x12>9.2286260E-03</x12><x13>0.443283220</x13></dataPoint>
        <dataPoint><x12>9.9356640E-03</x12><x13>0.391691540</x13></dataPoint>
        <dataPoint><x12>1.0534215E-02</x12><x13>0.340930600</x13></dataPoint>
        <dataPoint><x12>1.1084373E-02</x12><x13>0.299310960</x13></dataPoint>
        <dataPoint><x12>1.1383365E-02</x12><x13>0.274835450</x13></dataPoint>
        <dataPoint><x12>1.1734299E-02</x12><x13>0.247158170</x13></dataPoint>
        <dataPoint><x12>1.2032674E-02</x12><x13>0.224200220</x13></dataPoint>
        <dataPoint><x12>1.2283311E-02</x12><x13>0.203393280</x13></dataPoint>
        <dataPoint><x12>1.2584008E-02</x12><x13>0.179373420</x13></dataPoint>
        <dataPoint><x12>1.2831856E-02</x12><x13>0.159651170</x13></dataPoint>
        <dataPoint><x12>1.3083734E-02</x12><x13>0.140300240</x13></dataPoint>
        <dataPoint><x12>1.3875416E-02</x12><x13>0.097903759</x13></dataPoint>
        <dataPoint><x12>1.4283216E-02</x12><x13>0.088863919</x13></dataPoint>
        <dataPoint><x12>1.4549495E-02</x12><x13>0.086363299</x13></dataPoint>
        <dataPoint><x12>1.5026514E-02</x12><x13>0.084535258</x13></dataPoint>
        <dataPoint><x12>1.6010109E-02</x12><x13>0.087571352</x13></dataPoint>
        <dataPoint><x12>1.8673890E-02</x12><x13>0.090905836</x13></dataPoint>
        <dataPoint><x12>2.5806453E-02</x12><x13>0.094863487</x13></dataPoint>
        <dataPoint><x12>3.8805929E-02</x12><x13>0.098383092</x13></dataPoint>
        <dataPoint><x12>6.0571749E-02</x12><x13>0.101710280</x13></dataPoint>
        <dataPoint><x12>9.4955289E-02</x12><x13>0.105007800</x13></dataPoint>
        <dataPoint><x12>1.4905382E-01</x12><x13>0.108633940</x13></dataPoint>
        <dataPoint><x12>2.3180026E-01</x12><x13>0.113023120</x13></dataPoint>
        <dataPoint><x12>3.3467580E-01</x12><x13>0.117785090</x13></dataPoint>
        <dataPoint><x12>4.2997733E-01</x12><x13>0.121802150</x13></dataPoint>
    </dataGroup>
    <dataGroup id="dg7" label="V-t history" dataPointLink="6">
        <property name="time"    id="x14"  label="t"            sourcetype="estimated"  units="s"   />
        <property name="volume"  id="x15"  label="V"            sourcetype="estimated"  units="cm3" />

        <dataPoint><x14>0.0000000E+00</x14><x15>1.000000000</x15></dataPoint>
        <dataPoint><x14>1.1405200E-03</x14><x15>0.990474890</x15></dataPoint>
        <dataPoint><x14>2.1240920E-03</x14><x15>0.908022270</x15></dataPoint>
        <dataPoint><x14>2.8271240E-03</x14><x15>0.912981000</x15></dataPoint>
        <dataPoint><x14>3.2411620E-03</x14><x15>0.869664910</x15></dataPoint>
        <dataPoint><x14>3.6607600E-03</x14><x15>0.867417270</x15></dataPoint>
        <dataPoint><x14>4.1346420E-03</x14><x15>0.815124230</x15></dataPoint>
        <dataPoint><x14>4.7646450E-03</x14><x15>0.775097410</x15></dataPoint>
        <dataPoint><x14>4.9864450E-03</x14><x15>0.772616020</x15></dataPoint>
        <dataPoint><x14>6.2865510E-03</x14><x15>0.679356300</x15></dataPoint>
        <dataPoint><x14>6.9781640E-03</x14><x15>0.609191250</x15></dataPoint>
        <dataPoint><x14>7.8899230E-03</x14><x15>0.552222510</x15></dataPoint>
        <dataPoint><x14>8.2797490E-03</x14><x15>0.520473000</x15></dataPoint>
        <dataPoint><x14>9.2286260E-03</x14><x15>0.443283220</x15></dataPoint>
        <dataPoint><x14>9.9356640E-03</x14><x15>0.391691540</x15></dataPoint>
        <dataPoint><x14>1.0534215E-02</x14><x15>0.340930600</x15></dataPoint>
        <dataPoint><x14>1.1084373E-02</x14><x15>0.299310960</x15></dataPoint>
        <dataPoint><x14>1.1383365E-02</x14><x15>0.274835450</x15></dataPoint>
        <dataPoint><x14>1.1734299E-02</x14><x15>0.247158170</x15></dataPoint>
        <dataPoint><x14>1.2032674E-02</x14><x15>0.224200220</x15></dataPoint>
        <dataPoint><x14>1.2283311E-02</x14><x15>0.203393280</x15></dataPoint>
        <dataPoint><x14>1.2584008E-02</x14><x15>0.179373420</x15></dataPoint>
        <dataPoint><x14>1.2831856E-02</x14><x15>0.159651170</x15></dataPoint>
        <dataPoint><x14>1.3083734E-02</x14><x15>0.140300240</x15></dataPoint>
        <dataPoint><x14>1.3875416E-02</x14><x15>0.097903759</x15></dataPoint>
        <dataPoint><x14>1.4283216E-02</x14><x15>0.088863919</x15></dataPoint>
        <dataPoint><x14>1.4549495E-02</x14><x15>0.086363299</x15></dataPoint>
        <dataPoint><x14>1.5026514E-02</x14><x15>0.084535258</x15></dataPoint>
        <dataPoint><x14>1.6010109E-02</x14><x15>0.087571352</x15></dataPoint>
        <dataPoint><x14>1.8673890E-02</x14><x15>0.090905836</x15></dataPoint>
        <dataPoint><x14>2.5806453E-02</x14><x15>0.094863487</x15></dataPoint>
        <dataPoint><x14>3.8805929E-02</x14><x15>0.098383092</x15></dataPoint>
        <dataPoint><x14>6.0571749E-02</x14><x15>0.101710280</x15></dataPoint>
        <dataPoint><x14>9.4955289E-02</x14><x15>0.105007800</x15></dataPoint>
        <dataPoint><x14>1.4905382E-01</x14><x15>0.108633940</x15></dataPoint>
        <dataPoint><x14>2.3180026E-01</x14><x15>0.113023120</x15></dataPoint>
        <dataPoint><x14>3.3467580E-01</x14><x15>0.117785090</x15></dataPoint>
        <dataPoint><x14>4.2997733E-01</x14><x15>0.121802150</x15></dataPoint>
    </dataGroup>
    <dataGroup id="dg8" label="V-t history" dataPointLink="7">
        <property name="time"    id="x16"  label="t"            sourcetype="estimated"  units="s"   />
        <property name="volume"  id="x17"  label="V"            sourcetype="estimated"  units="cm3" />

        <dataPoint><x16>0.0000000E+00</x16><x17>1.024901500</x17></dataPoint>
        <dataPoint><x16>3.4139500E-04</x16><x17>0.996463870</x17></dataPoint>
        <dataPoint><x16>1.7863960E-03</x16><x17>0.986043220</x17></dataPoint>
        <dataPoint><x16>2.5463540E-03</x16><x17>0.952927500</x17></dataPoint>
        <dataPoint><x16>2.9033820E-03</x16><x17>0.912338080</x17></dataPoint>
        <dataPoint><x16>3.7200040E-03</x16><x17>0.881998490</x17></dataPoint>
        <dataPoint><x16>4.2515250E-03</x16><x17>0.883309440</x17></dataPoint>
        <dataPoint><x16>4.8808740E-03</x16><x17>0.814477090</x17></dataPoint>
        <dataPoint><x16>5.5173160E-03</x16><x17>0.789287150</x17></dataPoint>
        <dataPoint><x16>7.7819090E-03</x16><x17>0.626707740</x17></dataPoint>
        <dataPoint><x16>8.4945790E-03</x16><x17>0.560091100</x17></dataPoint>
        <dataPoint><x16>8.8908780E-03</x16><x17>0.539294370</x17></dataPoint>
        <dataPoint><x16>9.6840690E-03</x16><x17>0.473033630</x17></dataPoint>
        <dataPoint><x16>1.0390430E-02</x16><x17>0.420567400</x17></dataPoint>
        <dataPoint><x16>1.0939895E-02</x16><x17>0.378006450</x17></dataPoint>
        <dataPoint><x16>1.1340204E-02</x16><x17>0.346346060</x17></dataPoint>
        <dataPoint><x16>1.1939004E-02</x16><x17>0.300634600</x17></dataPoint>
        <dataPoint><x16>1.2190898E-02</x16><x17>0.280514770</x17></dataPoint>
        <dataPoint><x16>1.2589278E-02</x16><x17>0.248124880</x17></dataPoint>
        <dataPoint><x16>1.2938241E-02</x16><x17>0.220007390</x17></dataPoint>
        <dataPoint><x16>1.3187872E-02</x16><x17>0.200177330</x17></dataPoint>
        <dataPoint><x16>1.3486400E-02</x16><x17>0.175966630</x17></dataPoint>
        <dataPoint><x16>1.3737535E-02</x16><x17>0.156075950</x17></dataPoint>
        <dataPoint><x16>1.4085673E-02</x16><x17>0.130436770</x17></dataPoint>
        <dataPoint><x16>1.4880403E-02</x16><x17>0.092154207</x17></dataPoint>
        <dataPoint><x16>1.5100003E-02</x16><x17>0.087479967</x17></dataPoint>
        <dataPoint><x16>1.5361361E-02</x16><x17>0.084772182</x17></dataPoint>
        <dataPoint><x16>1.5996317E-02</x16><x17>0.081353180</x17></dataPoint>
        <dataPoint><x16>1.7005670E-02</x16><x17>0.084023834</x17></dataPoint>
        <dataPoint><x16>2.0326500E-02</x16><x17>0.087762796</x17></dataPoint>
        <dataPoint><x16>2.2817304E-02</x16><x17>0.088462715</x17></dataPoint>
        <dataPoint><x16>2.5776977E-02</x16><x17>0.090456496</x17></dataPoint>
        <dataPoint><x16>3.4334834E-02</x16><x17>0.092909140</x17></dataPoint>
        <dataPoint><x16>4.7693064E-02</x16><x17>0.095449004</x17></dataPoint>
        <dataPoint><x16>6.8058914E-02</x16><x17>0.097917967</x17></dataPoint>
        <dataPoint><x16>9.3623784E-02</x16><x17>0.100117760</x17></dataPoint>
        <dataPoint><x16>1.4133864E-01</x16><x17>0.103114540</x17></dataPoint>
        <dataPoint><x16>2.0789955E-01</x16><x17>0.106314080</x17></dataPoint>
        <dataPoint><x16>3.0067258E-01</x16><x17>0.110171320</x17></dataPoint>
        <dataPoint><x16>4.3092882E-01</x16><x17>0.115047890</x17></dataPoint>
    </dataGroup>
    <dataGroup id="dg9" label="V-t history" dataPointLink="8">
        <property name="time"    id="x18"  label="t"            sourcetype="estimated"  units="s"   />
        <property name="volume"  id="x19"  label="V"            sourcetype="estimated"  units="cm3" />

        <dataPoint><x18>0.0000000E+00</x18><x19>1.024901500</x19></dataPoint>
        <dataPoint><x18>3.4139500E-04</x18><x19>0.996463870</x19></dataPoint>
        <dataPoint><x18>1.7863960E-03</x18><x19>0.986043220</x19></dataPoint>
        <dataPoint><x18>2.5463540E-03</x18><x19>0.952927500</x19></dataPoint>
        <dataPoint><x18>2.9033820E-03</x18><x19>0.912338080</x19></dataPoint>
        <dataPoint><x18>3.7200040E-03</x18><x19>0.881998490</x19></dataPoint>
        <dataPoint><x18>4.2515250E-03</x18><x19>0.883309440</x19></dataPoint>
        <dataPoint><x18>4.8808740E-03</x18><x19>0.814477090</x19></dataPoint>
        <dataPoint><x18>5.5173160E-03</x18><x19>0.789287150</x19></dataPoint>
        <dataPoint><x18>7.7819090E-03</x18><x19>0.626707740</x19></dataPoint>
        <dataPoint><x18>8.4945790E-03</x18><x19>0.560091100</x19></dataPoint>
        <dataPoint><x18>8.8908780E-03</x18><x19>0.539294370</x19></dataPoint>
        <dataPoint><x18>9.6840690E-03</x18><x19>0.473033630</x19></dataPoint>
        <dataPoint><x18>1.0390430E-02</x18><x19>0.420567400</x19></dataPoint>
        <dataPoint><x18>1.0939895E-02</x18><x19>0.378006450</x19></dataPoint>
        <dataPoint><x18>1.1340204E-02</x18><x19>0.346346060</x19></dataPoint>
        <dataPoint><x18>1.1939004E-02</x18><x19>0.300634600</x19></dataPoint>
        <dataPoint><x18>1.2190898E-02</x18><x19>0.280514770</x19></dataPoint>
        <dataPoint><x18>1.2589278E-02</x18><x19>0.248124880</x19></dataPoint>
        <dataPoint><x18>1.2938241E-02</x18><x19>0.220007390</x19></dataPoint>
        <dataPoint><x18>1.3187872E-02</x18><x19>0.200177330</x19></dataPoint>
        <dataPoint><x18>1.3486400E-02</x18><x19>0.175966630</x19></dataPoint>
        <dataPoint><x18>1.3737535E-02</x18><x19>0.156075950</x19></dataPoint>
        <dataPoint><x18>1.4085673E-02</x18><x19>0.130436770</x19></dataPoint>
        <dataPoint><x18>1.4880403E-02</x18><x19>0.092154207</x19></dataPoint>
        <dataPoint><x18>1.5100003E-02</x18><x19>0.087479967</x19></dataPoint>
        <dataPoint><x18>1.5361361E-02</x18><x19>0.084772182</x19></dataPoint>
        <dataPoint><x18>1.5996317E-02</x18><x19>0.081353180</x19></dataPoint>
        <dataPoint><x18>1.7005670E-02</x18><x19>0.084023834</x19></dataPoint>
        <dataPoint><x18>2.0326500E-02</x18><x19>0.087762796</x19></dataPoint>
        <dataPoint><x18>2.2817304E-02</x18><x19>0.088462715</x19></dataPoint>
        <dataPoint><x18>2.5776977E-02</x18><x19>0.090456496</x19></dataPoint>
        <dataPoint><x18>3.4334834E-02</x18><x19>0.092909140</x19></dataPoint>
        <dataPoint><x18>4.7693064E-02</x18><x19>0.095449004</x19></dataPoint>
        <dataPoint><x18>6.8058914E-02</x18><x19>0.097917967</x19></dataPoint>
        <dataPoint><x18>9.3623784E-02</x18><x19>0.100117760</x19></dataPoint>
        <dataPoint><x18>1.4133864E-01</x18><x19>0.103114540</x19></dataPoint>
        <dataPoint><x18>2.0789955E-01</x18><x19>0.106314080</x19></dataPoint>
        <dataPoint><x18>3.0067258E-01</x18><x19>0.110171320</x19></dataPoint>
        <dataPoint><x18>4.3092882E-01</x18><x19>0.115047890</x19></dataPoint>
    </dataGroup>
    <dataGroup id="dg10" label="V-t history" dataPointLink="9">
        <property name="time"    id="x20"   label="t"            sourcetype="estimated"  units="s"   />
        <property name="volume"  id="x21"   label="V"            sourcetype="estimated"  units="cm3" />

        <dataPoint><x20>0.0000000E+00</x20><x21>1.026529600</x21></dataPoint>
        <dataPoint><x20>3.8263420E-03</x20><x21>0.993235450</x21></dataPoint>
        <dataPoint><x20>3.9425740E-03</x20><x21>0.977151460</x21></dataPoint>
        <dataPoint><x20>4.1862200E-03</x20><x21>0.969301740</x21></dataPoint>
        <dataPoint><x20>4.5096870E-03</x20><x21>0.989560080</x21></dataPoint>
        <dataPoint><x20>4.9969410E-03</x20><x21>0.956785570</x21></dataPoint>
        <dataPoint><x20>5.5538000E-03</x20><x21>0.971110830</x21></dataPoint>
        <dataPoint><x20>5.7897970E-03</x20><x21>0.943021390</x21></dataPoint>
        <dataPoint><x20>7.5124400E-03</x20><x21>0.875927810</x21></dataPoint>
        <dataPoint><x20>9.1758500E-03</x20><x21>0.752170830</x21></dataPoint>
        <dataPoint><x20>1.0712645E-02</x20><x21>0.644157820</x21></dataPoint>
        <dataPoint><x20>1.2338041E-02</x20><x21>0.519530560</x21></dataPoint>
        <dataPoint><x20>1.3118888E-02</x20><x21>0.459433200</x21></dataPoint>
        <dataPoint><x20>1.3729674E-02</x20><x21>0.413458270</x21></dataPoint>
        <dataPoint><x20>1.4282987E-02</x20><x21>0.366652950</x21></dataPoint>
        <dataPoint><x20>1.4777647E-02</x20><x21>0.328508380</x21></dataPoint>
        <dataPoint><x20>1.5080340E-02</x20><x21>0.304447500</x21></dataPoint>
        <dataPoint><x20>1.5483835E-02</x20><x21>0.273148990</x21></dataPoint>
        <dataPoint><x20>1.5829880E-02</x20><x21>0.244567580</x21></dataPoint>
        <dataPoint><x20>1.6181853E-02</x20><x21>0.217268450</x21></dataPoint>
        <dataPoint><x20>1.6479007E-02</x20><x21>0.194017770</x21></dataPoint>
        <dataPoint><x20>1.6730011E-02</x20><x21>0.173725710</x21></dataPoint>
        <dataPoint><x20>1.6929397E-02</x20><x21>0.157698010</x21></dataPoint>
        <dataPoint><x20>1.7179912E-02</x20><x21>0.138362250</x21></dataPoint>
        <dataPoint><x20>1.7925917E-02</x20><x21>0.097938587</x21></dataPoint>
        <dataPoint><x20>1.8333041E-02</x20><x21>0.088616118</x21></dataPoint>
        <dataPoint><x20>1.8625419E-02</x20><x21>0.085604885</x21></dataPoint>
        <dataPoint><x20>1.9105884E-02</x20><x21>0.083745902</x21></dataPoint>
        <dataPoint><x20>1.9983847E-02</x20><x21>0.086475691</x21></dataPoint>
        <dataPoint><x20>2.2920094E-02</x20><x21>0.090374913</x21></dataPoint>
        <dataPoint><x20>2.9304790E-02</x20><x21>0.094466752</x21></dataPoint>
        <dataPoint><x20>3.7313933E-02</x20><x21>0.097015727</x21></dataPoint>
        <dataPoint><x20>4.9856983E-02</x20><x21>0.099680898</x21></dataPoint>
        <dataPoint><x20>6.8656303E-02</x20><x21>0.102193620</x21></dataPoint>
        <dataPoint><x20>9.5165773E-02</x20><x21>0.104798920</x21></dataPoint>
        <dataPoint><x20>1.4435279E-01</x20><x21>0.108247740</x21></dataPoint>
        <dataPoint><x20>2.0724902E-01</x20><x21>0.111629390</x21></dataPoint>
        <dataPoint><x20>3.0988042E-01</x20><x21>0.116523380</x21></dataPoint>
        <dataPoint><x20>4.1336513E-01</x20><x21>0.120892850</x21></dataPoint>
        <dataPoint><x20>4.3407388E-01</x20><x21>0.121649410</x21></dataPoint>
    </dataGroup>
    <dataGroup id="dg11" label="V-t history" dataPointLink="10">
        <property name="time"    id="x22"   label="t"            sourcetype="estimated"  units="s"   />
        <property name="volume"  id="x23"   label="V"            sourcetype="estimated"  units="cm3" />

        <dataPoint><x22>0.0000000E+00</x22><x23>1.026529600</x23></dataPoint>
        <dataPoint><x22>3.8263420E-03</x22><x23>0.993235450</x23></dataPoint>
        <dataPoint><x22>3.9425740E-03</x22><x23>0.977151460</x23></dataPoint>
        <dataPoint><x22>4.1862200E-03</x22><x23>0.969301740</x23></dataPoint>
        <dataPoint><x22>4.5096870E-03</x22><x23>0.989560080</x23></dataPoint>
        <dataPoint><x22>4.9969410E-03</x22><x23>0.956785570</x23></dataPoint>
        <dataPoint><x22>5.5538000E-03</x22><x23>0.971110830</x23></dataPoint>
        <dataPoint><x22>5.7897970E-03</x22><x23>0.943021390</x23></dataPoint>
        <dataPoint><x22>7.5124400E-03</x22><x23>0.875927810</x23></dataPoint>
        <dataPoint><x22>9.1758500E-03</x22><x23>0.752170830</x23></dataPoint>
        <dataPoint><x22>1.0712645E-02</x22><x23>0.644157820</x23></dataPoint>
        <dataPoint><x22>1.2338041E-02</x22><x23>0.519530560</x23></dataPoint>
        <dataPoint><x22>1.3118888E-02</x22><x23>0.459433200</x23></dataPoint>
        <dataPoint><x22>1.3729674E-02</x22><x23>0.413458270</x23></dataPoint>
        <dataPoint><x22>1.4282987E-02</x22><x23>0.366652950</x23></dataPoint>
        <dataPoint><x22>1.4777647E-02</x22><x23>0.328508380</x23></dataPoint>
        <dataPoint><x22>1.5080340E-02</x22><x23>0.304447500</x23></dataPoint>
        <dataPoint><x22>1.5483835E-02</x22><x23>0.273148990</x23></dataPoint>
        <dataPoint><x22>1.5829880E-02</x22><x23>0.244567580</x23></dataPoint>
        <dataPoint><x22>1.6181853E-02</x22><x23>0.217268450</x23></dataPoint>
        <dataPoint><x22>1.6479007E-02</x22><x23>0.194017770</x23></dataPoint>
        <dataPoint><x22>1.6730011E-02</x22><x23>0.173725710</x23></dataPoint>
        <dataPoint><x22>1.6929397E-02</x22><x23>0.157698010</x23></dataPoint>
        <dataPoint><x22>1.7179912E-02</x22><x23>0.138362250</x23></dataPoint>
        <dataPoint><x22>1.7925917E-02</x22><x23>0.097938587</x23></dataPoint>
        <dataPoint><x22>1.8333041E-02</x22><x23>0.088616118</x23></dataPoint>
        <dataPoint><x22>1.8625419E-02</x22><x23>0.085604885</x23></dataPoint>
        <dataPoint><x22>1.9105884E-02</x22><x23>0.083745902</x23></dataPoint>
        <dataPoint><x22>1.9983847E-02</x22><x23>0.086475691</x23></dataPoint>
        <dataPoint><x22>2.2920094E-02</x22><x23>0.090374913</x23></dataPoint>
        <dataPoint><x22>2.9304790E-02</x22><x23>0.094466752</x23></dataPoint>
        <dataPoint><x22>3.7313933E-02</x22><x23>0.097015727</x23></dataPoint>
        <dataPoint><x22>4.9856983E-02</x22><x23>0.099680898</x23></dataPoint>
        <dataPoint><x22>6.8656303E-02</x22><x23>0.102193620</x23></dataPoint>
        <dataPoint><x22>9.5165773E-02</x22><x23>0.104798920</x23></dataPoint>
        <dataPoint><x22>1.4435279E-01</x22><x23>0.108247740</x23></dataPoint>
        <dataPoint><x22>2.0724902E-01</x22><x23>0.111629390</x23></dataPoint>
        <dataPoint><x22>3.0988042E-01</x22><x23>0.116523380</x23></dataPoint>
        <dataPoint><x22>4.1336513E-01</x22><x23>0.120892850</x23></dataPoint>
        <dataPoint><x22>4.3407388E-01</x22><x23>0.121649410</x23></dataPoint>
    </dataGroup>
</experiment>
