<experiment>
    <fileAuthor>Chemical Kinetics Laboratory, Institute of Chemistry, ELTE, Budapest, Hungary</fileAuthor>
    <fileDOI>10.24388/x50002002pyr</fileDOI>
    <fileVersion>
        <major>1</major>
        <minor>0</minor>
    </fileVersion>
    <ReSpecThVersion>
        <major>2</major>
        <minor>3</minor>
    </ReSpecThVersion>
    <firstPublicationDate>2016-12-05</firstPublicationDate>
    <lastModificationDate>2020-11-18</lastModificationDate>
    <bibliographyLink>
        <description>P.H. Cribb, J.E. Dove, S. Yamazaki, Combust. Flame 88 (1992), 186-200</description>
        <referenceDOI>10.1016/0010-2180(92)90050-Y</referenceDOI>
        <location>Main article</location>
        <figure>Fig. 3b (digitized), y-axis corrected in lower plot</figure>
        <details>
            <author>Cribb, Peter H and Dove, John E and Yamazaki, Satoshi</author>
            <journal>Combust Flame</journal>
            <number>2</number>
            <pages>169--185</pages>
            <title>A kinetic study of the pyrolysis of methanol using shock tube and computer simulation techniques</title>
            <volume>88</volume>
            <year>1992</year>
        </details>
    </bibliographyLink>
    <experimentType>concentration time profile measurement</experimentType>
    <apparatus>
        <kind>shock tube</kind>
    </apparatus>
    <commonProperties>
        <property name="temperature"                   label="T"  sourcetype="reported"  units="K"             ><value>2000</value></property>
        <property name="pressure"                      label="P"  sourcetype="reported"  units="Torr"          ><value>230</value></property>
        <property name="initial composition"           sourcetype="reported" >
            <component><speciesLink preferredKey="CH3OH"  CAS="67-56-1"    InChI="1S/CH4O/c1-2/h2H,1H3"  SMILES="CO"    chemName="methanol" /><amount units="mole fraction" >0.002</amount></component>
            <component><speciesLink preferredKey="O2"     CAS="7782-44-7"  InChI="1S/O2/c1-2"            SMILES="O=O"   chemName="oxygen"   /><amount units="mole fraction" >0.006</amount></component>
            <component><speciesLink preferredKey="Ar"     CAS="7440-37-1"  InChI="1S/Ar"                 SMILES="[Ar]"  chemName="argon"    /><amount units="mole fraction" >0.002</amount></component>
            <component><speciesLink preferredKey="Ne"     CAS="7440-01-9"  InChI="1S/Ne"                 SMILES="[Ne]"  chemName="neon"     /><amount units="mole fraction" >0.990</amount></component>
        </property>
        <property name="evaluated standard deviation"  sourcetype="reported"  units="mole faction"   reference="composition"  kind="absolute"  method="reported uncertainty" >
            <speciesLink preferredKey="H2O"    CAS="7732-18-5"  InChI="1S/H2O/h1H2"           SMILES="O"          chemName="water"           />
            <value>0.000713</value>
        </property>
        <property name="evaluated standard deviation"  sourcetype="reported"  units="mole faction"   reference="composition"  kind="absolute"  method="reported uncertainty" >
            <speciesLink preferredKey="CH3OH"  CAS="67-56-1"    InChI="1S/CH4O/c1-2/h2H,1H3"  SMILES="CO"         chemName="methanol"        />
            <value>0.00166</value>
        </property>
        <property name="evaluated standard deviation"  sourcetype="reported"  units="mole faction"   reference="composition"  kind="absolute"  method="reported uncertainty" >
            <speciesLink preferredKey="CH2O"   CAS="50-00-0"    InChI="1S/CH2O/c1-2/h1H2"     SMILES="C=O"        chemName="formaldehyde"    />
            <value>0.000219</value>
        </property>
        <property name="evaluated standard deviation"  sourcetype="reported"  units="mole faction"   reference="composition"  kind="absolute"  method="reported uncertainty" >
            <speciesLink preferredKey="CO"     CAS="630-08-0"   InChI="1S/CO/c1-2"            SMILES="[C-]#[O+]"  chemName="carbon monoxide" />
            <value>0.000586</value>
        </property>
        <property name="evaluated standard deviation"  sourcetype="reported"  units="mole faction"   reference="composition"  kind="absolute"  method="reported uncertainty" >
            <speciesLink preferredKey="CO2"    CAS="124-38-9"   InChI="1S/CO2/c2-1-3"         SMILES="C(=O)=O"    chemName="carbon dioxide"  />
            <value>3.67e-5</value>
        </property>
    </commonProperties>
    <dataGroup id="dg1">
        <property name="time"           id="x1"   label="t"        sourcetype="digitized"  units="us"      />
        <property name="concentration"  id="x2"   label="[CH3OH]"  sourcetype="digitized"  units="mol/cm3" >
            <speciesLink preferredKey="CH3OH"  CAS="67-56-1"    InChI="1S/CH4O/c1-2/h2H,1H3"  SMILES="CO"         chemName="methanol"        />
        </property>
        <property name="concentration"  id="x3"   label="[H2O]"    sourcetype="digitized"  units="mol/cm3" >
            <speciesLink preferredKey="H2O"    CAS="7732-18-5"  InChI="1S/H2O/h1H2"           SMILES="O"          chemName="water"           />
        </property>
        <property name="concentration"  id="x4"   label="[CH2O]"   sourcetype="digitized"  units="mol/cm3" >
            <speciesLink preferredKey="CH2O"   CAS="50-00-0"    InChI="1S/CH2O/c1-2/h1H2"     SMILES="C=O"        chemName="formaldehyde"    />
        </property>
        <property name="concentration"  id="x5"   label="[CO]"     sourcetype="digitized"  units="mol/cm3" >
            <speciesLink preferredKey="CO"     CAS="630-08-0"   InChI="1S/CO/c1-2"            SMILES="[C-]#[O+]"  chemName="carbon monoxide" />
        </property>
        <property name="concentration"  id="x6"   label="[CO2]"    sourcetype="digitized"  units="mol/cm3" >
            <speciesLink preferredKey="CO2"    CAS="124-38-9"   InChI="1S/CO2/c2-1-3"         SMILES="C(=O)=O"    chemName="carbon dioxide"  />
        </property>

        <dataPoint><x1>010</x1><x2>3.32805E-09</x2><x3>1.33122E-10</x3><x4>3.80349E-11</x4><x5>6.38037E-11</x5><x6>0.00000E+00</x6></dataPoint>
        <dataPoint><x1>020</x1><x2>3.02377E-09</x2><x3>3.80349E-10</x3><x4>1.14105E-10</x4><x5>2.22711E-10</x5><x6>0.00000E+00</x6></dataPoint>
        <dataPoint><x1>030</x1><x2>2.70048E-09</x2><x3>6.27575E-10</x3><x4>2.28209E-10</x4><x5>3.81635E-10</x5><x6>0.00000E+00</x6></dataPoint>
        <dataPoint><x1>040</x1><x2>2.43423E-09</x2><x3>9.31854E-10</x3><x4>3.23296E-10</x4><x5>6.03991E-10</x5><x6>0.00000E+00</x6></dataPoint>
        <dataPoint><x1>050</x1><x2>2.12995E-09</x2><x3>1.23613E-09</x3><x4>3.99366E-10</x4><x5>8.26234E-10</x5><x6>0.00000E+00</x6></dataPoint>
        <dataPoint><x1>060</x1><x2>1.93978E-09</x2><x3>1.44532E-09</x3><x4>4.18384E-10</x4><x5>1.11189E-09</x5><x6>5.95964E-11</x6></dataPoint>
        <dataPoint><x1>070</x1><x2>1.67353E-09</x2><x3>1.71157E-09</x3><x4>4.37401E-10</x4><x5>1.31518E-09</x5><x6>6.00486E-11</x6></dataPoint>
        <dataPoint><x1>080</x1><x2>1.42631E-09</x2><x3>1.84469E-09</x3><x4>4.18384E-10</x4><x5>1.61357E-09</x5><x6>7.95668E-11</x6></dataPoint>
        <dataPoint><x1>090</x1><x2>1.36926E-09</x2><x3>1.95880E-09</x3><x4>4.37401E-10</x4><x5>1.81688E-09</x5><x6>8.64228E-11</x6></dataPoint>
        <dataPoint><x1>100</x1><x2>1.16006E-09</x2><x3>2.07290E-09</x3><x4>3.99366E-10</x4><x5>2.13428E-09</x5><x6>9.93435E-11</x6></dataPoint>
        <dataPoint><x1>110</x1><x2>1.02694E-09</x2><x3>2.07290E-09</x3><x4>3.61331E-10</x4><x5>2.32483E-09</x5><x6>9.97795E-11</x6></dataPoint>
        <dataPoint><x1>120</x1><x2>9.12837E-10</x2><x3>2.03487E-09</x3><x4>2.66244E-10</x4><x5>2.52811E-09</x5><x6>1.06539E-10</x6></dataPoint>
        <dataPoint><x1>130</x1><x2>8.17750E-10</x2><x3>2.16799E-09</x3><x4>2.66244E-10</x4><x5>2.72507E-09</x5><x6>1.51292E-10</x6></dataPoint>
        <dataPoint><x1>140</x1><x2>7.03645E-10</x2><x3>2.37718E-09</x3><x4>2.09192E-10</x4><x5>2.92828E-09</x5><x6>1.83400E-10</x6></dataPoint>
    </dataGroup>
</experiment>
