<experiment>
    <fileAuthor>Chemical Kinetics Laboratory, Institute of Chemistry, ELTE, Budapest, Hungary</fileAuthor>
    <fileDOI>10.24388/x50002212pyrCH2O</fileDOI>
    <fileVersion>
        <major>1</major>
        <minor>0</minor>
    </fileVersion>
    <ReSpecThVersion>
        <major>2</major>
        <minor>3</minor>
    </ReSpecThVersion>
    <firstPublicationDate>2016-12-05</firstPublicationDate>
    <lastModificationDate>2020-11-18</lastModificationDate>
    <bibliographyLink>
        <description>Y. Hidaka, T. Taniguchi, T. Kamesawa, H. Masaoka, K. Inami, H. Kawano, Int. J. Chem. Kinet. 25 (1993), 305-322</description>
        <referenceDOI>10.1002/kin.550250409</referenceDOI>
        <location>Main article</location>
        <figure>Fig. 2c, full triangle (digitized)</figure>
        <details>
            <author>Hidaka, Yoshiaki and Taniguchi, Takashi and Kamesawa, Takashi and Masaoka, Hiromitsu and Inami, Koji and Kawano, Hiroyuki</author>
            <journal>Int J Chem Kinet</journal>
            <number>4</number>
            <pages>305--322</pages>
            <title>High temperature pyrolysis of formaldehyde in shock waves</title>
            <volume>25</volume>
            <year>1993</year>
        </details>
    </bibliographyLink>
    <experimentType>concentration time profile measurement</experimentType>
    <apparatus>
        <kind>shock tube</kind>
    </apparatus>
    <commonProperties>
        <property name="pressure"                      label="P"  sourcetype="reported"   units="atm"           ><value>2.00</value></property>
        <property name="temperature"                   label="T"  sourcetype="reported"   units="K"             ><value>1442</value></property>
        <property name="initial composition"           sourcetype="reported"  >
            <component><speciesLink preferredKey="CH2O"  CAS="50-00-0"    InChI="1S/CH2O/c1-2/h1H2"  SMILES="C=O"   chemName="formaldehyde" /><amount units="mole fraction" >0.01</amount></component>
            <component><speciesLink preferredKey="Ar"    CAS="7440-37-1"  InChI="1S/Ar"              SMILES="[Ar]"  chemName="argon"        /><amount units="mole fraction" >0.99</amount></component>
        </property>
        <property name="evaluated standard deviation"  sourcetype="estimated"  units="mole faction"   reference="composition"  kind="absolute"  method="generic uncertainty" >
            <speciesLink preferredKey="CH2O"  CAS="50-00-0"    InChI="1S/CH2O/c1-2/h1H2"  SMILES="C=O"   chemName="formaldehyde" />
            <value>0.0005</value>
        </property>
    </commonProperties>
    <dataGroup id="dg1">
        <property name="time"         id="x1"   label="t"       sourcetype="digitized"   units="us"            />
        <property name="composition"  id="x2"   label="[CH2O]"  sourcetype="calculated"  units="mole fraction" >
            <speciesLink preferredKey="CH2O"  CAS="50-00-0"  InChI="1S/CH2O/c1-2/h1H2"  SMILES="C=O"  chemName="formaldehyde" />
        </property>

        <dataPoint><x1>000</x1><x2>1.0000E-02</x2></dataPoint>
        <dataPoint><x1>025</x1><x2>9.9460E-03</x2></dataPoint>
        <dataPoint><x1>050</x1><x2>9.8245E-03</x2></dataPoint>
        <dataPoint><x1>075</x1><x2>9.6532E-03</x2></dataPoint>
        <dataPoint><x1>100</x1><x2>9.5317E-03</x2></dataPoint>
        <dataPoint><x1>125</x1><x2>9.4600E-03</x2></dataPoint>
        <dataPoint><x1>150</x1><x2>9.2536E-03</x2></dataPoint>
        <dataPoint><x1>175</x1><x2>9.2170E-03</x2></dataPoint>
        <dataPoint><x1>200</x1><x2>9.0633E-03</x2></dataPoint>
        <dataPoint><x1>225</x1><x2>8.8715E-03</x2></dataPoint>
        <dataPoint><x1>250</x1><x2>8.6651E-03</x2></dataPoint>
        <dataPoint><x1>275</x1><x2>8.0489E-03</x2></dataPoint>
        <dataPoint><x1>300</x1><x2>7.2423E-03</x2></dataPoint>
    </dataGroup>
</experiment>
