<experiment>
    <fileAuthor>Chemical Kinetics Laboratory, Institute of Chemistry, ELTE, Budapest, Hungary</fileAuthor>
    <fileDOI>10.24388/x50002203pyrCH2O</fileDOI>
    <fileVersion>
        <major>1</major>
        <minor>0</minor>
    </fileVersion>
    <ReSpecThVersion>
        <major>2</major>
        <minor>3</minor>
    </ReSpecThVersion>
    <firstPublicationDate>2016-12-05</firstPublicationDate>
    <lastModificationDate>2020-11-18</lastModificationDate>
    <bibliographyLink>
        <description>S. Wang, D.F. Davidson, R.K. Hanson, Combust. Flame 160 (2013), 1930-1938</description>
        <referenceDOI>10.1016/j.combustflame.2013.05.004</referenceDOI>
        <location>Main article, raw measurement data provided by the authors</location>
        <figure>Fig. 18, red trace, smoothened and sampled</figure>
        <details>
            <author>Wang, Shengkai and Davidson, David F and Hanson, Ronald K</author>
            <journal>Combust Flame</journal>
            <number>10</number>
            <pages>1930--1938</pages>
            <title>High-temperature laser absorption diagnostics for CH$_{2}$O and CH$_{3}$CHO and their application to shock tube kinetic studies</title>
            <volume>160</volume>
            <year>2013</year>
        </details>
    </bibliographyLink>
    <experimentType>concentration time profile measurement</experimentType>
    <apparatus>
        <kind>shock tube</kind>
    </apparatus>
    <commonProperties>
        <property name="temperature"                   label="T"  sourcetype="reported"   units="K"             ><value>1782</value></property>
        <property name="pressure"                      label="P"  sourcetype="reported"   units="atm"           ><value>1.52</value></property>
        <property name="initial composition"           sourcetype="reported"  >
            <component><speciesLink preferredKey="CH2O"  CAS="50-00-0"    InChI="1S/CH2O/c1-2/h1H2"  SMILES="C=O"   chemName="formaldehyde" /><amount units="mole fraction" >0.01</amount></component>
            <component><speciesLink preferredKey="Ar"    CAS="7440-37-1"  InChI="1S/Ar"              SMILES="[Ar]"  chemName="argon"        /><amount units="mole fraction" >0.99</amount></component>
        </property>
        <property name="evaluated standard deviation"  sourcetype="estimated"  units="mole faction"   reference="composition"  kind="absolute"  method="generic uncertainty" >
            <speciesLink preferredKey="CH2O"  CAS="50-00-0"    InChI="1S/CH2O/c1-2/h1H2"  SMILES="C=O"   chemName="formaldehyde" />
            <value>0.000495</value>
        </property>
    </commonProperties>
    <dataGroup id="dg1">
        <property name="time"         id="x1"   label="t"       sourcetype="reported"    units="us"            />
        <property name="composition"  id="x2"   label="[CH2O]"  sourcetype="calculated"  units="mole fraction" >
            <speciesLink preferredKey="CH2O"  CAS="50-00-0"  InChI="1S/CH2O/c1-2/h1H2"  SMILES="C=O"  chemName="formaldehyde" />
        </property>

        <dataPoint><x1>0010</x1><x2>0.0099013</x2></dataPoint>
        <dataPoint><x1>0030</x1><x2>0.0092484</x2></dataPoint>
        <dataPoint><x1>0050</x1><x2>0.0080430</x2></dataPoint>
        <dataPoint><x1>0070</x1><x2>0.0067788</x2></dataPoint>
        <dataPoint><x1>0090</x1><x2>0.0055898</x2></dataPoint>
        <dataPoint><x1>0110</x1><x2>0.0046512</x2></dataPoint>
        <dataPoint><x1>0130</x1><x2>0.0038559</x2></dataPoint>
        <dataPoint><x1>0150</x1><x2>0.0031754</x2></dataPoint>
        <dataPoint><x1>0170</x1><x2>0.0026019</x2></dataPoint>
        <dataPoint><x1>0190</x1><x2>0.0021331</x2></dataPoint>
        <dataPoint><x1>0210</x1><x2>0.0017700</x2></dataPoint>
        <dataPoint><x1>0230</x1><x2>0.0014498</x2></dataPoint>
        <dataPoint><x1>0250</x1><x2>0.0011793</x2></dataPoint>
        <dataPoint><x1>0270</x1><x2>0.0009834</x2></dataPoint>
        <dataPoint><x1>0290</x1><x2>0.0008405</x2></dataPoint>
        <dataPoint><x1>0310</x1><x2>0.0006967</x2></dataPoint>
        <dataPoint><x1>0330</x1><x2>0.0005910</x2></dataPoint>
        <dataPoint><x1>0350</x1><x2>0.0005136</x2></dataPoint>
        <dataPoint><x1>0370</x1><x2>0.0004372</x2></dataPoint>
        <dataPoint><x1>0390</x1><x2>0.0003786</x2></dataPoint>
        <dataPoint><x1>0410</x1><x2>0.0003166</x2></dataPoint>
        <dataPoint><x1>0430</x1><x2>0.0002622</x2></dataPoint>
        <dataPoint><x1>0450</x1><x2>0.0002083</x2></dataPoint>
        <dataPoint><x1>0470</x1><x2>0.0001743</x2></dataPoint>
        <dataPoint><x1>0490</x1><x2>0.0001205</x2></dataPoint>
        <dataPoint><x1>0510</x1><x2>0.0000990</x2></dataPoint>
        <dataPoint><x1>0530</x1><x2>0.0000880</x2></dataPoint>
        <dataPoint><x1>0550</x1><x2>0.0000588</x2></dataPoint>
        <dataPoint><x1>0570</x1><x2>0.0000475</x2></dataPoint>
        <dataPoint><x1>0590</x1><x2>0.0000223</x2></dataPoint>
        <dataPoint><x1>0610</x1><x2>0.0000112</x2></dataPoint>
        <dataPoint><x1>0630</x1><x2>0.0000016</x2></dataPoint>
        <dataPoint><x1>0650</x1><x2>0.0000169</x2></dataPoint>
        <dataPoint><x1>0670</x1><x2>0.0000000</x2></dataPoint>
        <dataPoint><x1>0690</x1><x2>0.0000011</x2></dataPoint>
        <dataPoint><x1>0710</x1><x2>0.0000000</x2></dataPoint>
        <dataPoint><x1>0730</x1><x2>0.0000000</x2></dataPoint>
        <dataPoint><x1>0750</x1><x2>0.0000000</x2></dataPoint>
        <dataPoint><x1>0770</x1><x2>0.0000000</x2></dataPoint>
        <dataPoint><x1>0790</x1><x2>0.0000000</x2></dataPoint>
        <dataPoint><x1>0810</x1><x2>0.0000000</x2></dataPoint>
        <dataPoint><x1>0830</x1><x2>0.0000000</x2></dataPoint>
        <dataPoint><x1>0850</x1><x2>0.0000100</x2></dataPoint>
        <dataPoint><x1>0870</x1><x2>0.0000000</x2></dataPoint>
        <dataPoint><x1>0890</x1><x2>0.0000000</x2></dataPoint>
        <dataPoint><x1>0910</x1><x2>0.0000000</x2></dataPoint>
        <dataPoint><x1>0930</x1><x2>0.0000000</x2></dataPoint>
        <dataPoint><x1>0950</x1><x2>0.0000000</x2></dataPoint>
        <dataPoint><x1>0970</x1><x2>0.0000000</x2></dataPoint>
        <dataPoint><x1>0990</x1><x2>0.0000000</x2></dataPoint>
        <dataPoint><x1>1000</x1><x2>0.0000000</x2></dataPoint>
    </dataGroup>
</experiment>
