<experiment>
    <fileAuthor>Chemical Kinetics Laboratory, Institute of Chemistry, ELTE, Budapest, Hungary</fileAuthor>
    <fileDOI>10.24388/x50002007pyr</fileDOI>
    <fileVersion>
        <major>1</major>
        <minor>0</minor>
    </fileVersion>
    <ReSpecThVersion>
        <major>2</major>
        <minor>3</minor>
    </ReSpecThVersion>
    <firstPublicationDate>2016-12-05</firstPublicationDate>
    <lastModificationDate>2020-11-18</lastModificationDate>
    <bibliographyLink>
        <description>W. Ren, E. Dames, D. Hyland, D.F. Davidson, R.K. Hanson, Combust. Flame 160 (2013), 2669-2679</description>
        <referenceDOI>10.1016/j.combustflame.2013.06.016</referenceDOI>
        <location>Main article, raw measurement data provided by the authors</location>
        <figure>Fig. 6a, 1368 K/2.4 atm series, fitted and sampled</figure>
        <details>
            <author>Ren, Wei and Dames, Enoch and Hyland, Derrek and Davidson, David F and Hanson, Ronald K</author>
            <journal>Combust Flame</journal>
            <pages>2669--2679</pages>
            <title>Shock tube study of methanol, methyl formate pyrolysis: CH$_{3}$OH and CO time-history measurements</title>
            <volume>160</volume>
            <year>2013</year>
        </details>
    </bibliographyLink>
    <experimentType>concentration time profile measurement</experimentType>
    <apparatus>
        <kind>shock tube</kind>
    </apparatus>
    <commonProperties>
        <property name="temperature"                   label="T"  sourcetype="reported"   units="K"             ><value>1368</value></property>
        <property name="pressure"                      label="P"  sourcetype="reported"   units="atm"           ><value>2.4</value></property>
        <property name="initial composition"           sourcetype="reported"  >
            <component><speciesLink preferredKey="CH3OH"  CAS="67-56-1"    InChI="1S/CH4O/c1-2/h2H,1H3"  SMILES="CO"    chemName="methanol" /><amount units="mole fraction" >0.01</amount></component>
            <component><speciesLink preferredKey="Ar"     CAS="7440-37-1"  InChI="1S/Ar"                 SMILES="[Ar]"  chemName="argon"    /><amount units="mole fraction" >0.99</amount></component>
        </property>
        <property name="evaluated standard deviation"  sourcetype="estimated"  units="mole faction"   reference="composition"  kind="absolute"  method="generic uncertainty" >
            <speciesLink preferredKey="CH3OH"  CAS="67-56-1"    InChI="1S/CH4O/c1-2/h2H,1H3"  SMILES="CO"    chemName="methanol" />
            <value>0.00134</value>
        </property>
    </commonProperties>
    <dataGroup id="dg1">
        <property name="time"         id="x1"   label="t"        sourcetype="reported"    units="us"            />
        <property name="composition"  id="x2"   label="[CH3OH]"  sourcetype="calculated"  units="mole fraction" >
            <speciesLink preferredKey="CH3OH"  CAS="67-56-1"  InChI="1S/CH4O/c1-2/h2H,1H3"  SMILES="CO"  chemName="methanol" />
        </property>

        <dataPoint><x1>0006</x1><x2>+1.00000E-02</x2></dataPoint>
        <dataPoint><x1>0050</x1><x2>+1.00000E-02</x2></dataPoint>
        <dataPoint><x1>0100</x1><x2>+9.81307E-03</x2></dataPoint>
        <dataPoint><x1>0150</x1><x2>+9.59942E-03</x2></dataPoint>
        <dataPoint><x1>0200</x1><x2>+9.39209E-03</x2></dataPoint>
        <dataPoint><x1>0250</x1><x2>+9.19095E-03</x2></dataPoint>
        <dataPoint><x1>0300</x1><x2>+8.99584E-03</x2></dataPoint>
        <dataPoint><x1>0350</x1><x2>+8.80660E-03</x2></dataPoint>
        <dataPoint><x1>0400</x1><x2>+8.62309E-03</x2></dataPoint>
        <dataPoint><x1>0450</x1><x2>+8.44515E-03</x2></dataPoint>
        <dataPoint><x1>0500</x1><x2>+8.27263E-03</x2></dataPoint>
        <dataPoint><x1>0550</x1><x2>+8.10537E-03</x2></dataPoint>
        <dataPoint><x1>0600</x1><x2>+7.94323E-03</x2></dataPoint>
        <dataPoint><x1>0650</x1><x2>+7.78605E-03</x2></dataPoint>
        <dataPoint><x1>0700</x1><x2>+7.63367E-03</x2></dataPoint>
        <dataPoint><x1>0750</x1><x2>+7.48596E-03</x2></dataPoint>
        <dataPoint><x1>0800</x1><x2>+7.34275E-03</x2></dataPoint>
        <dataPoint><x1>0850</x1><x2>+7.20389E-03</x2></dataPoint>
        <dataPoint><x1>0900</x1><x2>+7.06922E-03</x2></dataPoint>
        <dataPoint><x1>0950</x1><x2>+6.93861E-03</x2></dataPoint>
        <dataPoint><x1>1000</x1><x2>+6.81189E-03</x2></dataPoint>
        <dataPoint><x1>1050</x1><x2>+6.68891E-03</x2></dataPoint>
        <dataPoint><x1>1100</x1><x2>+6.56952E-03</x2></dataPoint>
        <dataPoint><x1>1150</x1><x2>+6.45356E-03</x2></dataPoint>
        <dataPoint><x1>1200</x1><x2>+6.34089E-03</x2></dataPoint>
        <dataPoint><x1>1250</x1><x2>+6.23135E-03</x2></dataPoint>
        <dataPoint><x1>1300</x1><x2>+6.12479E-03</x2></dataPoint>
        <dataPoint><x1>1350</x1><x2>+6.02106E-03</x2></dataPoint>
        <dataPoint><x1>1400</x1><x2>+5.92000E-03</x2></dataPoint>
        <dataPoint><x1>1450</x1><x2>+5.82146E-03</x2></dataPoint>
        <dataPoint><x1>1500</x1><x2>+5.72529E-03</x2></dataPoint>
    </dataGroup>
</experiment>
