<experiment>
    <fileAuthor>Chemical Kinetics Laboratory, Institute of Chemistry, ELTE, Budapest, Hungary</fileAuthor>
    <fileDOI>10.24388/x50002013pyr</fileDOI>
    <fileVersion>
        <major>1</major>
        <minor>0</minor>
    </fileVersion>
    <ReSpecThVersion>
        <major>2</major>
        <minor>3</minor>
    </ReSpecThVersion>
    <firstPublicationDate>2016-12-05</firstPublicationDate>
    <lastModificationDate>2020-11-18</lastModificationDate>
    <bibliographyLink>
        <description>W. Ren, E. Dames, D. Hyland, D.F. Davidson, R.K. Hanson, Combust. Flame 160 (2013), 2669-2679</description>
        <referenceDOI>10.1016/j.combustflame.2013.06.016</referenceDOI>
        <location>Main article, raw measurement data provided by the authors</location>
        <figure>Fig. 6b, 1623 K/1.1 atm series, fitted and sampled</figure>
        <details>
            <author>Ren, Wei and Dames, Enoch and Hyland, Derrek and Davidson, David F and Hanson, Ronald K</author>
            <journal>Combust Flame</journal>
            <pages>2669--2679</pages>
            <title>Shock tube study of methanol, methyl formate pyrolysis: CH$_{3}$OH and CO time-history measurements</title>
            <volume>160</volume>
            <year>2013</year>
        </details>
    </bibliographyLink>
    <experimentType>concentration time profile measurement</experimentType>
    <apparatus>
        <kind>shock tube</kind>
    </apparatus>
    <commonProperties>
        <property name="temperature"                   label="T"  sourcetype="reported"   units="K"             ><value>1623</value></property>
        <property name="pressure"                      label="P"  sourcetype="reported"   units="atm"           ><value>1.1</value></property>
        <property name="initial composition"           sourcetype="reported"  >
            <component><speciesLink preferredKey="CH3OH"  CAS="67-56-1"    InChI="1S/CH4O/c1-2/h2H,1H3"  SMILES="CO"    chemName="methanol" /><amount units="mole fraction" >0.002</amount></component>
            <component><speciesLink preferredKey="Ar"     CAS="7440-37-1"  InChI="1S/Ar"                 SMILES="[Ar]"  chemName="argon"    /><amount units="mole fraction" >0.998</amount></component>
        </property>
        <property name="evaluated standard deviation"  sourcetype="estimated"  units="mole faction"   reference="composition"  kind="absolute"  method="generic uncertainty" >
            <speciesLink preferredKey="CO"     CAS="630-08-0"   InChI="1S/CO/c1-2"            SMILES="[C-]#[O+]"  chemName="carbon monoxide" />
            <value>0.000334</value>
        </property>
    </commonProperties>
    <dataGroup id="dg1">
        <property name="time"         id="x1"   label="t"     sourcetype="reported"    units="us"            />
        <property name="composition"  id="x2"   label="[CO]"  sourcetype="calculated"  units="mole fraction" >
            <speciesLink preferredKey="CO"  CAS="630-08-0"  InChI="1S/CO/c1-2"  SMILES="[C-]#[O+]"  chemName="carbon monoxide" />
        </property>

        <dataPoint><x1>0006</x1><x2>+3.00000E-06</x2></dataPoint>
        <dataPoint><x1>0050</x1><x2>+6.55149E-06</x2></dataPoint>
        <dataPoint><x1>0100</x1><x2>+1.20924E-04</x2></dataPoint>
        <dataPoint><x1>0150</x1><x2>+3.26803E-04</x2></dataPoint>
        <dataPoint><x1>0200</x1><x2>+5.75199E-04</x2></dataPoint>
        <dataPoint><x1>0250</x1><x2>+8.17116E-04</x2></dataPoint>
        <dataPoint><x1>0300</x1><x2>+1.00356E-03</x2></dataPoint>
        <dataPoint><x1>0350</x1><x2>+1.14742E-03</x2></dataPoint>
        <dataPoint><x1>0400</x1><x2>+1.24668E-03</x2></dataPoint>
        <dataPoint><x1>0450</x1><x2>+1.32935E-03</x2></dataPoint>
        <dataPoint><x1>0500</x1><x2>+1.39748E-03</x2></dataPoint>
        <dataPoint><x1>0550</x1><x2>+1.45298E-03</x2></dataPoint>
        <dataPoint><x1>0600</x1><x2>+1.49762E-03</x2></dataPoint>
        <dataPoint><x1>0650</x1><x2>+1.53303E-03</x2></dataPoint>
        <dataPoint><x1>0700</x1><x2>+1.56072E-03</x2></dataPoint>
        <dataPoint><x1>0750</x1><x2>+1.58205E-03</x2></dataPoint>
        <dataPoint><x1>0800</x1><x2>+1.59824E-03</x2></dataPoint>
        <dataPoint><x1>0850</x1><x2>+1.61039E-03</x2></dataPoint>
        <dataPoint><x1>0900</x1><x2>+1.61944E-03</x2></dataPoint>
        <dataPoint><x1>0950</x1><x2>+1.62621E-03</x2></dataPoint>
        <dataPoint><x1>1000</x1><x2>+1.63139E-03</x2></dataPoint>
        <dataPoint><x1>1050</x1><x2>+1.63551E-03</x2></dataPoint>
        <dataPoint><x1>1100</x1><x2>+1.63898E-03</x2></dataPoint>
        <dataPoint><x1>1150</x1><x2>+1.64207E-03</x2></dataPoint>
        <dataPoint><x1>1200</x1><x2>+1.64491E-03</x2></dataPoint>
        <dataPoint><x1>1250</x1><x2>+1.64750E-03</x2></dataPoint>
        <dataPoint><x1>1300</x1><x2>+1.64970E-03</x2></dataPoint>
        <dataPoint><x1>1350</x1><x2>+1.65123E-03</x2></dataPoint>
        <dataPoint><x1>1400</x1><x2>+1.65166E-03</x2></dataPoint>
        <dataPoint><x1>1450</x1><x2>+1.65047E-03</x2></dataPoint>
        <dataPoint><x1>1500</x1><x2>+1.64695E-03</x2></dataPoint>
    </dataGroup>
</experiment>
