<experiment>
    <fileAuthor>Chemical Kinetics Laboratory, Institute of Chemistry, ELTE, Budapest, Hungary</fileAuthor>
    <fileDOI>10.24388/x50002202pyrCH2O</fileDOI>
    <fileVersion>
        <major>1</major>
        <minor>0</minor>
    </fileVersion>
    <ReSpecThVersion>
        <major>2</major>
        <minor>3</minor>
    </ReSpecThVersion>
    <firstPublicationDate>2016-12-05</firstPublicationDate>
    <lastModificationDate>2020-11-18</lastModificationDate>
    <bibliographyLink>
        <description>S. Wang, D.F. Davidson, R.K. Hanson, Combust. Flame 160 (2013), 1930-1938</description>
        <referenceDOI>10.1016/j.combustflame.2013.05.004</referenceDOI>
        <location>Main article, raw measurement data provided by the authors</location>
        <figure>Fig. 18, blue trace, smoothened and sampled</figure>
        <details>
            <author>Wang, Shengkai and Davidson, David F and Hanson, Ronald K</author>
            <journal>Combust Flame</journal>
            <number>10</number>
            <pages>1930--1938</pages>
            <title>High-temperature laser absorption diagnostics for CH$_{2}$O and CH$_{3}$CHO and their application to shock tube kinetic studies</title>
            <volume>160</volume>
            <year>2013</year>
        </details>
    </bibliographyLink>
    <experimentType>concentration time profile measurement</experimentType>
    <apparatus>
        <kind>shock tube</kind>
    </apparatus>
    <commonProperties>
        <property name="temperature"                   label="T"  sourcetype="reported"   units="K"             ><value>1652</value></property>
        <property name="pressure"                      label="P"  sourcetype="reported"   units="atm"           ><value>1.58</value></property>
        <property name="initial composition"           sourcetype="reported"  >
            <component><speciesLink preferredKey="CH2O"  CAS="50-00-0"    InChI="1S/CH2O/c1-2/h1H2"  SMILES="C=O"   chemName="formaldehyde" /><amount units="mole fraction" >0.01</amount></component>
            <component><speciesLink preferredKey="Ar"    CAS="7440-37-1"  InChI="1S/Ar"              SMILES="[Ar]"  chemName="argon"        /><amount units="mole fraction" >0.99</amount></component>
        </property>
        <property name="evaluated standard deviation"  sourcetype="estimated"  units="mole faction"   reference="composition"  kind="absolute"  method="generic uncertainty" >
            <speciesLink preferredKey="CH2O"  CAS="50-00-0"    InChI="1S/CH2O/c1-2/h1H2"  SMILES="C=O"   chemName="formaldehyde" />
            <value>0.000496</value>
        </property>
    </commonProperties>
    <dataGroup id="dg1">
        <property name="time"         id="x1"   label="t"       sourcetype="reported"    units="us"            />
        <property name="composition"  id="x2"   label="[CH2O]"  sourcetype="calculated"  units="mole fraction" >
            <speciesLink preferredKey="CH2O"  CAS="50-00-0"  InChI="1S/CH2O/c1-2/h1H2"  SMILES="C=O"  chemName="formaldehyde" />
        </property>

        <dataPoint><x1>0010</x1><x2>0.0099121</x2></dataPoint>
        <dataPoint><x1>0030</x1><x2>0.0097839</x2></dataPoint>
        <dataPoint><x1>0050</x1><x2>0.0095802</x2></dataPoint>
        <dataPoint><x1>0070</x1><x2>0.0093116</x2></dataPoint>
        <dataPoint><x1>0090</x1><x2>0.0089898</x2></dataPoint>
        <dataPoint><x1>0110</x1><x2>0.0086169</x2></dataPoint>
        <dataPoint><x1>0130</x1><x2>0.0081983</x2></dataPoint>
        <dataPoint><x1>0150</x1><x2>0.0077546</x2></dataPoint>
        <dataPoint><x1>0170</x1><x2>0.0073127</x2></dataPoint>
        <dataPoint><x1>0190</x1><x2>0.0068887</x2></dataPoint>
        <dataPoint><x1>0210</x1><x2>0.0064845</x2></dataPoint>
        <dataPoint><x1>0230</x1><x2>0.0060979</x2></dataPoint>
        <dataPoint><x1>0250</x1><x2>0.0057283</x2></dataPoint>
        <dataPoint><x1>0270</x1><x2>0.0053758</x2></dataPoint>
        <dataPoint><x1>0290</x1><x2>0.0050443</x2></dataPoint>
        <dataPoint><x1>0310</x1><x2>0.0047436</x2></dataPoint>
        <dataPoint><x1>0330</x1><x2>0.0044811</x2></dataPoint>
        <dataPoint><x1>0350</x1><x2>0.0042499</x2></dataPoint>
        <dataPoint><x1>0370</x1><x2>0.0040331</x2></dataPoint>
        <dataPoint><x1>0390</x1><x2>0.0038227</x2></dataPoint>
        <dataPoint><x1>0410</x1><x2>0.0036262</x2></dataPoint>
        <dataPoint><x1>0430</x1><x2>0.0034509</x2></dataPoint>
        <dataPoint><x1>0450</x1><x2>0.0032894</x2></dataPoint>
        <dataPoint><x1>0470</x1><x2>0.0031269</x2></dataPoint>
        <dataPoint><x1>0490</x1><x2>0.0029595</x2></dataPoint>
        <dataPoint><x1>0510</x1><x2>0.0027964</x2></dataPoint>
        <dataPoint><x1>0530</x1><x2>0.0026455</x2></dataPoint>
        <dataPoint><x1>0550</x1><x2>0.0025048</x2></dataPoint>
        <dataPoint><x1>0570</x1><x2>0.0023689</x2></dataPoint>
        <dataPoint><x1>0590</x1><x2>0.0022366</x2></dataPoint>
        <dataPoint><x1>0610</x1><x2>0.0021101</x2></dataPoint>
        <dataPoint><x1>0630</x1><x2>0.0019885</x2></dataPoint>
        <dataPoint><x1>0650</x1><x2>0.0018700</x2></dataPoint>
        <dataPoint><x1>0670</x1><x2>0.0017570</x2></dataPoint>
        <dataPoint><x1>0690</x1><x2>0.0016562</x2></dataPoint>
        <dataPoint><x1>0710</x1><x2>0.0015701</x2></dataPoint>
        <dataPoint><x1>0730</x1><x2>0.0014934</x2></dataPoint>
        <dataPoint><x1>0750</x1><x2>0.0014168</x2></dataPoint>
        <dataPoint><x1>0770</x1><x2>0.0013375</x2></dataPoint>
        <dataPoint><x1>0790</x1><x2>0.0012603</x2></dataPoint>
        <dataPoint><x1>0810</x1><x2>0.0011909</x2></dataPoint>
        <dataPoint><x1>0830</x1><x2>0.0011299</x2></dataPoint>
        <dataPoint><x1>0850</x1><x2>0.0010732</x2></dataPoint>
        <dataPoint><x1>0870</x1><x2>0.0010172</x2></dataPoint>
        <dataPoint><x1>0890</x1><x2>0.0009603</x2></dataPoint>
        <dataPoint><x1>0910</x1><x2>0.0009025</x2></dataPoint>
        <dataPoint><x1>0930</x1><x2>0.0008483</x2></dataPoint>
        <dataPoint><x1>0950</x1><x2>0.0008056</x2></dataPoint>
        <dataPoint><x1>0970</x1><x2>0.0007735</x2></dataPoint>
        <dataPoint><x1>0990</x1><x2>0.0007296</x2></dataPoint>
        <dataPoint><x1>1000</x1><x2>0.0006918</x2></dataPoint>
    </dataGroup>
</experiment>
