<experiment>
    <fileAuthor>Chemical Kinetics Laboratory, Institute of Chemistry, ELTE, Budapest, Hungary</fileAuthor>
    <fileDOI>10.24388/x50002009pyr</fileDOI>
    <fileVersion>
        <major>1</major>
        <minor>0</minor>
    </fileVersion>
    <ReSpecThVersion>
        <major>2</major>
        <minor>3</minor>
    </ReSpecThVersion>
    <firstPublicationDate>2016-12-05</firstPublicationDate>
    <lastModificationDate>2020-11-18</lastModificationDate>
    <bibliographyLink>
        <description>W. Ren, E. Dames, D. Hyland, D.F. Davidson, R.K. Hanson, Combust. Flame 160 (2013), 2669-2679</description>
        <referenceDOI>10.1016/j.combustflame.2013.06.016</referenceDOI>
        <location>Main article, raw measurement data provided by the authors</location>
        <figure>Fig. 6a, 1567 K/2.1 atm series, fitted and sampled</figure>
        <details>
            <author>Ren, Wei and Dames, Enoch and Hyland, Derrek and Davidson, David F and Hanson, Ronald K</author>
            <journal>Combust Flame</journal>
            <pages>2669--2679</pages>
            <title>Shock tube study of methanol, methyl formate pyrolysis: CH$_{3}$OH and CO time-history measurements</title>
            <volume>160</volume>
            <year>2013</year>
        </details>
    </bibliographyLink>
    <experimentType>concentration time profile measurement</experimentType>
    <apparatus>
        <kind>shock tube</kind>
    </apparatus>
    <commonProperties>
        <property name="temperature"                   label="T"  sourcetype="reported"   units="K"             ><value>1567</value></property>
        <property name="pressure"                      label="P"  sourcetype="reported"   units="atm"           ><value>2.1</value></property>
        <property name="initial composition"           sourcetype="reported"  >
            <component><speciesLink preferredKey="CH3OH"  CAS="67-56-1"    InChI="1S/CH4O/c1-2/h2H,1H3"  SMILES="CO"    chemName="methanol" /><amount units="mole fraction" >0.01</amount></component>
            <component><speciesLink preferredKey="Ar"     CAS="7440-37-1"  InChI="1S/Ar"                 SMILES="[Ar]"  chemName="argon"    /><amount units="mole fraction" >0.99</amount></component>
        </property>
        <property name="evaluated standard deviation"  sourcetype="estimated"  units="mole faction"   reference="composition"  kind="absolute"  method="generic uncertainty" >
            <speciesLink preferredKey="CH3OH"  CAS="67-56-1"    InChI="1S/CH4O/c1-2/h2H,1H3"  SMILES="CO"    chemName="methanol" />
            <value>0.00132</value>
        </property>
    </commonProperties>
    <dataGroup id="dg1">
        <property name="time"         id="x1"   label="t"        sourcetype="reported"    units="us"            />
        <property name="composition"  id="x2"   label="[CH3OH]"  sourcetype="calculated"  units="mole fraction" >
            <speciesLink preferredKey="CH3OH"  CAS="67-56-1"  InChI="1S/CH4O/c1-2/h2H,1H3"  SMILES="CO"  chemName="methanol" />
        </property>

        <dataPoint><x1>0006</x1><x2>+1.00000E-02</x2></dataPoint>
        <dataPoint><x1>0050</x1><x2>+8.39941E-03</x2></dataPoint>
        <dataPoint><x1>0100</x1><x2>+6.72112E-03</x2></dataPoint>
        <dataPoint><x1>0150</x1><x2>+5.38499E-03</x2></dataPoint>
        <dataPoint><x1>0200</x1><x2>+4.32127E-03</x2></dataPoint>
        <dataPoint><x1>0250</x1><x2>+3.47441E-03</x2></dataPoint>
        <dataPoint><x1>0300</x1><x2>+2.80021E-03</x2></dataPoint>
        <dataPoint><x1>0350</x1><x2>+2.26346E-03</x2></dataPoint>
        <dataPoint><x1>0400</x1><x2>+1.83614E-03</x2></dataPoint>
        <dataPoint><x1>0450</x1><x2>+1.49594E-03</x2></dataPoint>
        <dataPoint><x1>0500</x1><x2>+1.22510E-03</x2></dataPoint>
        <dataPoint><x1>0550</x1><x2>+1.00948E-03</x2></dataPoint>
        <dataPoint><x1>0600</x1><x2>+8.37818E-04</x2></dataPoint>
        <dataPoint><x1>0650</x1><x2>+7.01154E-04</x2></dataPoint>
        <dataPoint><x1>0700</x1><x2>+5.92352E-04</x2></dataPoint>
        <dataPoint><x1>0750</x1><x2>+5.05732E-04</x2></dataPoint>
        <dataPoint><x1>0800</x1><x2>+4.36771E-04</x2></dataPoint>
        <dataPoint><x1>0850</x1><x2>+3.81870E-04</x2></dataPoint>
        <dataPoint><x1>0900</x1><x2>+3.38162E-04</x2></dataPoint>
        <dataPoint><x1>0950</x1><x2>+3.03365E-04</x2></dataPoint>
        <dataPoint><x1>1000</x1><x2>+2.75663E-04</x2></dataPoint>
        <dataPoint><x1>1050</x1><x2>+2.53608E-04</x2></dataPoint>
        <dataPoint><x1>1100</x1><x2>+2.36050E-04</x2></dataPoint>
        <dataPoint><x1>1150</x1><x2>+2.22071E-04</x2></dataPoint>
        <dataPoint><x1>1200</x1><x2>+2.10942E-04</x2></dataPoint>
        <dataPoint><x1>1250</x1><x2>+2.02082E-04</x2></dataPoint>
        <dataPoint><x1>1300</x1><x2>+1.95029E-04</x2></dataPoint>
        <dataPoint><x1>1350</x1><x2>+1.89413E-04</x2></dataPoint>
        <dataPoint><x1>1400</x1><x2>+1.84943E-04</x2></dataPoint>
        <dataPoint><x1>1450</x1><x2>+1.81383E-04</x2></dataPoint>
        <dataPoint><x1>1500</x1><x2>+1.78550E-04</x2></dataPoint>
    </dataGroup>
</experiment>
