<experiment>
    <fileAuthor>Chemical Kinetics Laboratory, Institute of Chemistry, ELTE, Budapest, Hungary</fileAuthor>
    <fileDOI>10.24388/x50002003pyr</fileDOI>
    <fileVersion>
        <major>1</major>
        <minor>0</minor>
    </fileVersion>
    <ReSpecThVersion>
        <major>2</major>
        <minor>3</minor>
    </ReSpecThVersion>
    <firstPublicationDate>2016-12-05</firstPublicationDate>
    <lastModificationDate>2020-11-18</lastModificationDate>
    <bibliographyLink>
        <description>P.H. Cribb, J.E. Dove, S. Yamazaki, Combust. Flame 88 (1992), 169-185</description>
        <referenceDOI>10.1016/0010-2180(92)90050-Y</referenceDOI>
        <location>Main article</location>
        <figure>Fig. 4b (digitized)</figure>
        <details>
            <author>Cribb, Peter H and Dove, John E and Yamazaki, Satoshi</author>
            <journal>Combust Flame</journal>
            <number>2</number>
            <pages>169--185</pages>
            <title>A kinetic study of the pyrolysis of methanol using shock tube and computer simulation techniques</title>
            <volume>88</volume>
            <year>1992</year>
        </details>
    </bibliographyLink>
    <experimentType>concentration time profile measurement</experimentType>
    <apparatus>
        <kind>shock tube</kind>
    </apparatus>
    <commonProperties>
        <property name="temperature"                   label="T"  sourcetype="reported"   units="K"             ><value>1800</value></property>
        <property name="pressure"                      label="P"  sourcetype="reported"   units="Torr"          ><value>400</value></property>
        <property name="initial composition"           sourcetype="reported"  >
            <component><speciesLink preferredKey="CH3OH"  CAS="67-56-1"    InChI="1S/CH4O/c1-2/h2H,1H3"  SMILES="CO"    chemName="methanol" /><amount units="mole fraction" >0.002</amount></component>
            <component><speciesLink preferredKey="H2"     CAS="1333-74-0"  InChI="1S/H2/h1H"             SMILES="[HH]"  chemName="hydrogen" /><amount units="mole fraction" >0.010</amount></component>
            <component><speciesLink preferredKey="Ar"     CAS="7440-37-1"  InChI="1S/Ar"                 SMILES="[Ar]"  chemName="argon"    /><amount units="mole fraction" >0.002</amount></component>
            <component><speciesLink preferredKey="Ne"     CAS="7440-01-9"  InChI="1S/Ne"                 SMILES="[Ne]"  chemName="neon"     /><amount units="mole fraction" >0.986</amount></component>
        </property>
        <property name="evaluated standard deviation"  sourcetype="estimated"  units="mole faction"   reference="composition"  kind="absolute"  method="generic uncertainty" >
            <speciesLink preferredKey="CH3OH"  CAS="67-56-1"    InChI="1S/CH4O/c1-2/h2H,1H3"  SMILES="CO"         chemName="methanol"        />
            <value>3.18e-9</value>
        </property>
        <property name="evaluated standard deviation"  sourcetype="estimated"  units="mole faction"   reference="composition"  kind="absolute"  method="generic uncertainty" >
            <speciesLink preferredKey="CH2O"   CAS="50-00-0"    InChI="1S/CH2O/c1-2/h1H2"     SMILES="C=O"        chemName="formaldehyde"    />
            <value>2.7e-10</value>
        </property>
        <property name="evaluated standard deviation"  sourcetype="estimated"  units="mole faction"   reference="composition"  kind="absolute"  method="generic uncertainty" >
            <speciesLink preferredKey="CO"     CAS="630-08-0"   InChI="1S/CO/c1-2"            SMILES="[C-]#[O+]"  chemName="carbon monoxide" />
            <value>1.24e-10</value>
        </property>
        <property name="evaluated standard deviation"  sourcetype="estimated"  units="mole faction"   reference="composition"  kind="absolute"  method="generic uncertainty" >
            <speciesLink preferredKey="H2O"    CAS="7732-18-5"  InChI="1S/H2O/h1H2"           SMILES="O"          chemName="water"           />
            <value>2.87e-10</value>
        </property>
    </commonProperties>
    <dataGroup id="dg1">
        <property name="time"           id="x1"   label="t"        sourcetype="digitized"  units="us"      />
        <property name="concentration"  id="x2"   label="[CH3OH]"  sourcetype="digitized"  units="mol/cm3" >
            <speciesLink preferredKey="CH3OH"  CAS="67-56-1"    InChI="1S/CH4O/c1-2/h2H,1H3"  SMILES="CO"         chemName="methanol"        />
        </property>
        <property name="concentration"  id="x3"   label="[CH2O]"   sourcetype="digitized"  units="mol/cm3" >
            <speciesLink preferredKey="CH2O"   CAS="50-00-0"    InChI="1S/CH2O/c1-2/h1H2"     SMILES="C=O"        chemName="formaldehyde"    />
        </property>
        <property name="concentration"  id="x4"   label="[CO]"     sourcetype="digitized"  units="mol/cm3" >
            <speciesLink preferredKey="CO"     CAS="630-08-0"   InChI="1S/CO/c1-2"            SMILES="[C-]#[O+]"  chemName="carbon monoxide" />
        </property>
        <property name="concentration"  id="x5"   label="[H2O]"    sourcetype="digitized"  units="mol/cm3" >
            <speciesLink preferredKey="H2O"    CAS="7732-18-5"  InChI="1S/H2O/h1H2"           SMILES="O"          chemName="water"           />
        </property>

        <dataPoint><x1>010</x1><x2>6.36876E-09</x2><x3>1.46570E-10</x3><x4>9.71874E-11</x4><x5>2.97674E-11</x5></dataPoint>
        <dataPoint><x1>020</x1><x2>5.95968E-09</x2><x3>2.18973E-10</x3><x4>1.07862E-10</x4><x5>9.92248E-11</x5></dataPoint>
        <dataPoint><x1>030</x1><x2>5.55067E-09</x2><x3>2.53721E-10</x3><x4>4.44321E-11</x4><x5>1.98450E-10</x5></dataPoint>
        <dataPoint><x1>040</x1><x2>5.25267E-09</x2><x3>3.13871E-10</x3><x4>1.29274E-10</x4><x5>3.07597E-10</x5></dataPoint>
        <dataPoint><x1>050</x1><x2>4.97942E-09</x2><x3>3.61954E-10</x3><x4>1.64640E-10</x4><x5>4.34109E-10</x5></dataPoint>
        <dataPoint><x1>060</x1><x2>4.68152E-09</x2><x3>3.84665E-10</x3><x4>2.24698E-10</x4><x5>5.38295E-10</x5></dataPoint>
        <dataPoint><x1>070</x1><x2>4.46997E-09</x2><x3>4.32563E-10</x3><x4>2.72502E-10</x4><x5>6.40000E-10</x5></dataPoint>
        <dataPoint><x1>080</x1><x2>4.27080E-09</x2><x3>4.92682E-10</x3><x4>3.56973E-10</x4><x5>7.21860E-10</x5></dataPoint>
        <dataPoint><x1>090</x1><x2>4.05925E-09</x2><x3>5.40178E-10</x3><x4>3.92432E-10</x4><x5>7.98760E-10</x5></dataPoint>
        <dataPoint><x1>100</x1><x2>3.87243E-09</x2><x3>5.01779E-10</x3><x4>5.02027E-10</x4><x5>8.60775E-10</x5></dataPoint>
        <dataPoint><x1>110</x1><x2>3.77199E-09</x2><x3>4.13410E-10</x3><x4>5.12763E-10</x4><x5>9.12868E-10</x5></dataPoint>
        <dataPoint><x1>120</x1><x2>3.57282E-09</x2><x3>3.99301E-10</x3><x4>5.60382E-10</x4><x5>9.40155E-10</x5></dataPoint>
        <dataPoint><x1>130</x1><x2>3.36130E-09</x2><x3>3.85470E-10</x3><x4>6.20131E-10</x4><x5>9.57519E-10</x5></dataPoint>
    </dataGroup>
</experiment>
