<experiment>
    <fileAuthor>Chemical Kinetics Laboratory, Institute of Chemistry, ELTE, Budapest, Hungary</fileAuthor>
    <fileDOI>10.24388/x50002014pyr</fileDOI>
    <fileVersion>
        <major>1</major>
        <minor>0</minor>
    </fileVersion>
    <ReSpecThVersion>
        <major>2</major>
        <minor>3</minor>
    </ReSpecThVersion>
    <firstPublicationDate>2016-12-05</firstPublicationDate>
    <lastModificationDate>2020-11-18</lastModificationDate>
    <bibliographyLink>
        <description>W. Ren, E. Dames, D. Hyland, D.F. Davidson, R.K. Hanson, Combust. Flame 160 (2013), 2669-2679</description>
        <referenceDOI>10.1016/j.combustflame.2013.06.016</referenceDOI>
        <location>Main article, raw measurement data provided by the authors</location>
        <figure>Fig. 6b, 1707 K/1.3 atm series, fitted and sampled</figure>
        <details>
            <author>Ren, Wei and Dames, Enoch and Hyland, Derrek and Davidson, David F and Hanson, Ronald K</author>
            <journal>Combust Flame</journal>
            <pages>2669--2679</pages>
            <title>Shock tube study of methanol, methyl formate pyrolysis: CH$_{3}$OH and CO time-history measurements</title>
            <volume>160</volume>
            <year>2013</year>
        </details>
    </bibliographyLink>
    <experimentType>concentration time profile measurement</experimentType>
    <apparatus>
        <kind>shock tube</kind>
    </apparatus>
    <commonProperties>
        <property name="temperature"                   label="T"  sourcetype="reported"   units="K"             ><value>1707</value></property>
        <property name="pressure"                      label="P"  sourcetype="reported"   units="atm"           ><value>1.3</value></property>
        <property name="initial composition"           sourcetype="reported"  >
            <component><speciesLink preferredKey="CH3OH"  CAS="67-56-1"    InChI="1S/CH4O/c1-2/h2H,1H3"  SMILES="CO"    chemName="methanol" /><amount units="mole fraction" >0.002</amount></component>
            <component><speciesLink preferredKey="Ar"     CAS="7440-37-1"  InChI="1S/Ar"                 SMILES="[Ar]"  chemName="argon"    /><amount units="mole fraction" >0.998</amount></component>
        </property>
        <property name="evaluated standard deviation"  sourcetype="estimated"  units="mole faction"   reference="composition"  kind="absolute"  method="generic uncertainty" >
            <speciesLink preferredKey="CO"     CAS="630-08-0"   InChI="1S/CO/c1-2"            SMILES="[C-]#[O+]"  chemName="carbon monoxide" />
            <value>0.000318</value>
        </property>
    </commonProperties>
    <dataGroup id="dg1">
        <property name="time"         id="x1"   label="t"     sourcetype="reported"    units="us"            />
        <property name="composition"  id="x2"   label="[CO]"  sourcetype="calculated"  units="mole fraction" >
            <speciesLink preferredKey="CO"  CAS="630-08-0"  InChI="1S/CO/c1-2"  SMILES="[C-]#[O+]"  chemName="carbon monoxide" />
        </property>

        <dataPoint><x1>006</x1><x2>+1.00000E-05</x2></dataPoint>
        <dataPoint><x1>050</x1><x2>+2.44956E-04</x2></dataPoint>
        <dataPoint><x1>100</x1><x2>+7.38810E-04</x2></dataPoint>
        <dataPoint><x1>150</x1><x2>+1.07546E-03</x2></dataPoint>
        <dataPoint><x1>200</x1><x2>+1.29307E-03</x2></dataPoint>
        <dataPoint><x1>250</x1><x2>+1.42474E-03</x2></dataPoint>
        <dataPoint><x1>300</x1><x2>+1.49849E-03</x2></dataPoint>
        <dataPoint><x1>350</x1><x2>+1.53727E-03</x2></dataPoint>
        <dataPoint><x1>400</x1><x2>+1.55894E-03</x2></dataPoint>
        <dataPoint><x1>450</x1><x2>+1.57629E-03</x2></dataPoint>
        <dataPoint><x1>500</x1><x2>+1.59705E-03</x2></dataPoint>
    </dataGroup>
</experiment>
