<experiment>
    <fileAuthor>Chemical Kinetics Laboratory, Institute of Chemistry, ELTE, Budapest, Hungary</fileAuthor>
    <fileDOI>10.24388/x50002221CH2O</fileDOI>
    <fileVersion>
        <major>1</major>
        <minor>0</minor>
    </fileVersion>
    <ReSpecThVersion>
        <major>2</major>
        <minor>3</minor>
    </ReSpecThVersion>
    <firstPublicationDate>2016-12-05</firstPublicationDate>
    <lastModificationDate>2020-11-18</lastModificationDate>
    <bibliographyLink>
        <description>Y. Hidaka, T. Taniguchi, H. Tanaka, T. Kamesawa, K. Inami, H. Kawano, Combust. Flame 92 (1993), 365-376</description>
        <referenceDOI>10.1002/kin.550250409</referenceDOI>
        <location>Main article</location>
        <figure>Fig. 6a, open circle (digitized)</figure>
        <details>
            <author>Hidaka, Yoshiaki and Taniguchi, Takashi and Kamesawa, Takashi and Masaoka, Hiromitsu and Inami, Koji and Kawano, Hiroyuki</author>
            <journal>Int J Chem Kinet</journal>
            <number>4</number>
            <pages>305--322</pages>
            <title>High temperature pyrolysis of formaldehyde in shock waves</title>
            <volume>25</volume>
            <year>1993</year>
        </details>
    </bibliographyLink>
    <experimentType>concentration time profile measurement</experimentType>
    <apparatus>
        <kind>shock tube</kind>
    </apparatus>
    <commonProperties>
        <property name="pressure"                      label="P"  sourcetype="reported"   units="atm"           ><value>2.00</value></property>
        <property name="temperature"                   label="T"  sourcetype="reported"   units="K"             ><value>1244</value></property>
        <property name="initial composition"           sourcetype="reported"  >
            <component><speciesLink preferredKey="CH2O"  CAS="50-00-0"    InChI="1S/CH2O/c1-2/h1H2"  SMILES="C=O"   chemName="formaldehyde" /><amount units="mole fraction" >0.01</amount></component>
            <component><speciesLink preferredKey="O2"    CAS="7782-44-7"  InChI="1S/O2/c1-2"         SMILES="O=O"   chemName="oxygen"       /><amount units="mole fraction" >0.04</amount></component>
            <component><speciesLink preferredKey="Ar"    CAS="7440-37-1"  InChI="1S/Ar"              SMILES="[Ar]"  chemName="argon"        /><amount units="mole fraction" >0.95</amount></component>
        </property>
        <property name="evaluated standard deviation"  sourcetype="estimated"  units="mole faction"   reference="composition"  kind="absolute"  method="generic uncertainty" >
            <speciesLink preferredKey="CH2O"  CAS="50-00-0"    InChI="1S/CH2O/c1-2/h1H2"  SMILES="C=O"   chemName="formaldehyde" />
            <value>0.0005</value>
        </property>
    </commonProperties>
    <dataGroup id="dg1">
        <property name="time"         id="x1"   label="t"       sourcetype="digitized"   units="us"            />
        <property name="composition"  id="x2"   label="[CH2O]"  sourcetype="calculated"  units="mole fraction" >
            <speciesLink preferredKey="CH2O"  CAS="50-00-0"  InChI="1S/CH2O/c1-2/h1H2"  SMILES="C=O"  chemName="formaldehyde" />
        </property>

        <dataPoint><x1>0000</x1><x2>1.0000E-02</x2></dataPoint>
        <dataPoint><x1>0100</x1><x2>9.9510E-03</x2></dataPoint>
        <dataPoint><x1>0200</x1><x2>9.8394E-03</x2></dataPoint>
        <dataPoint><x1>0300</x1><x2>9.7277E-03</x2></dataPoint>
        <dataPoint><x1>0400</x1><x2>9.6815E-03</x2></dataPoint>
        <dataPoint><x1>0500</x1><x2>9.6188E-03</x2></dataPoint>
        <dataPoint><x1>0600</x1><x2>9.2023E-03</x2></dataPoint>
        <dataPoint><x1>0700</x1><x2>8.4073E-03</x2></dataPoint>
        <dataPoint><x1>0800</x1><x2>7.1985E-03</x2></dataPoint>
        <dataPoint><x1>0900</x1><x2>4.9986E-03</x2></dataPoint>
        <dataPoint><x1>1000</x1><x2>2.5483E-03</x2></dataPoint>
        <dataPoint><x1>1100</x1><x2>1.7420E-04</x2></dataPoint>
    </dataGroup>
</experiment>
