<experiment>
    <fileAuthor>Chemical Kinetics Laboratory, Institute of Chemistry, ELTE, Budapest, Hungary</fileAuthor>
    <fileDOI>10.24388/x50002001pyr</fileDOI>
    <fileVersion>
        <major>1</major>
        <minor>0</minor>
    </fileVersion>
    <ReSpecThVersion>
        <major>2</major>
        <minor>3</minor>
    </ReSpecThVersion>
    <firstPublicationDate>2016-12-05</firstPublicationDate>
    <lastModificationDate>2020-11-18</lastModificationDate>
    <bibliographyLink>
        <description>P.H. Cribb, J.E. Dove, S. Yamazaki, Combust. Flame 88 (1992), 186-200</description>
        <referenceDOI>10.1016/0010-2180(92)90050-Y</referenceDOI>
        <location>Main article</location>
        <figure>Fig. 3a (digitized)</figure>
        <details>
            <author>Cribb, Peter H and Dove, John E and Yamazaki, Satoshi</author>
            <journal>Combust Flame</journal>
            <number>2</number>
            <pages>169--185</pages>
            <title>A kinetic study of the pyrolysis of methanol using shock tube and computer simulation techniques</title>
            <volume>88</volume>
            <year>1992</year>
        </details>
    </bibliographyLink>
    <experimentType>concentration time profile measurement</experimentType>
    <apparatus>
        <kind>shock tube</kind>
    </apparatus>
    <commonProperties>
        <property name="temperature"                   label="T"  sourcetype="reported"   units="K"             ><value>2000</value></property>
        <property name="pressure"                      label="P"  sourcetype="reported"   units="Torr"          ><value>220</value></property>
        <property name="initial composition"           sourcetype="reported"  >
            <component><speciesLink preferredKey="CH3OH"  CAS="67-56-1"    InChI="1S/CH4O/c1-2/h2H,1H3"  SMILES="CO"    chemName="methanol" /><amount units="mole fraction" >0.010</amount></component>
            <component><speciesLink preferredKey="O2"     CAS="7782-44-7"  InChI="1S/O2/c1-2"            SMILES="O=O"   chemName="oxygen"   /><amount units="mole fraction" >0.005</amount></component>
            <component><speciesLink preferredKey="Ar"     CAS="7440-37-1"  InChI="1S/Ar"                 SMILES="[Ar]"  chemName="argon"    /><amount units="mole fraction" >0.010</amount></component>
            <component><speciesLink preferredKey="Ne"     CAS="7440-01-9"  InChI="1S/Ne"                 SMILES="[Ne]"  chemName="neon"     /><amount units="mole fraction" >0.975</amount></component>
        </property>
        <property name="evaluated standard deviation"  sourcetype="reported"   units="mole faction"   reference="composition"  kind="absolute"  method="reported uncertainty" >
            <speciesLink preferredKey="H2O"    CAS="7732-18-5"  InChI="1S/H2O/h1H2"           SMILES="O"          chemName="water"           />
            <value>0.000182</value>
        </property>
        <property name="evaluated standard deviation"  sourcetype="reported"   units="mole faction"   reference="composition"  kind="absolute"  method="reported uncertainty" >
            <speciesLink preferredKey="CH3OH"  CAS="67-56-1"    InChI="1S/CH4O/c1-2/h2H,1H3"  SMILES="CO"         chemName="methanol"        />
            <value>0.00748</value>
        </property>
        <property name="evaluated standard deviation"  sourcetype="reported"   units="mole faction"   reference="composition"  kind="absolute"  method="reported uncertainty" >
            <speciesLink preferredKey="CH2O"   CAS="50-00-0"    InChI="1S/CH2O/c1-2/h1H2"     SMILES="C=O"        chemName="formaldehyde"    />
            <value>0.000753</value>
        </property>
        <property name="evaluated standard deviation"  sourcetype="reported"   units="mole faction"   reference="composition"  kind="absolute"  method="reported uncertainty" >
            <speciesLink preferredKey="CO"     CAS="630-08-0"   InChI="1S/CO/c1-2"            SMILES="[C-]#[O+]"  chemName="carbon monoxide" />
            <value>0.00194</value>
        </property>
        <property name="evaluated standard deviation"  sourcetype="estimated"  units="mole faction"   reference="composition"  kind="absolute"  method="statistical scatter"  >
            <speciesLink preferredKey="CO2"    CAS="124-38-9"   InChI="1S/CO2/c2-1-3"         SMILES="C(=O)=O"    chemName="carbon dioxide"  />
            <value>6.17e-5</value>
        </property>
    </commonProperties>
    <dataGroup id="dg1">
        <property name="time"           id="x1"   label="t"        sourcetype="digitized"  units="us"      />
        <property name="concentration"  id="x2"   label="[CH3OH]"  sourcetype="digitized"  units="mol/cm3" >
            <speciesLink preferredKey="CH3OH"  CAS="67-56-1"    InChI="1S/CH4O/c1-2/h2H,1H3"  SMILES="CO"         chemName="methanol"        />
        </property>
        <property name="concentration"  id="x3"   label="[H2O]"    sourcetype="digitized"  units="mol/cm3" >
            <speciesLink preferredKey="H2O"    CAS="7732-18-5"  InChI="1S/H2O/h1H2"           SMILES="O"          chemName="water"           />
        </property>
        <property name="concentration"  id="x4"   label="[CH2O]"   sourcetype="digitized"  units="mol/cm3" >
            <speciesLink preferredKey="CH2O"   CAS="50-00-0"    InChI="1S/CH2O/c1-2/h1H2"     SMILES="C=O"        chemName="formaldehyde"    />
        </property>
        <property name="concentration"  id="x5"   label="[CO]"     sourcetype="digitized"  units="mol/cm3" >
            <speciesLink preferredKey="CO"     CAS="630-08-0"   InChI="1S/CO/c1-2"            SMILES="[C-]#[O+]"  chemName="carbon monoxide" />
        </property>
        <property name="concentration"  id="x6"   label="[CO2]"    sourcetype="digitized"  units="mol/cm3" >
            <speciesLink preferredKey="CO2"    CAS="124-38-9"   InChI="1S/CO2/c2-1-3"         SMILES="C(=O)=O"    chemName="carbon dioxide"  />
        </property>

        <dataPoint><x1>010</x1><x2>1.49646E-08</x2><x3>2.57838E-10</x3><x4>4.79787E-10</x4><x5>1.29526E-10</x5><x6>0.00000E+00</x6></dataPoint>
        <dataPoint><x1>020</x1><x2>1.29720E-08</x2><x3>8.32389E-10</x3><x4>9.90947E-10</x4><x5>6.62774E-10</x5><x6>0.00000E+00</x6></dataPoint>
        <dataPoint><x1>030</x1><x2>1.10428E-08</x2><x3>1.62897E-09</x3><x4>1.40718E-09</x4><x5>1.37281E-09</x5><x6>0.00000E+00</x6></dataPoint>
        <dataPoint><x1>040</x1><x2>9.58913E-09</x2><x3>2.48926E-09</x3><x4>1.50662E-09</x4><x5>2.15848E-09</x5><x6>0.00000E+00</x6></dataPoint>
        <dataPoint><x1>050</x1><x2>8.29373E-09</x2><x3>3.34948E-09</x3><x4>1.41573E-09</x4><x5>3.04511E-09</x5><x6>0.00000E+00</x6></dataPoint>
        <dataPoint><x1>060</x1><x2>7.06180E-09</x2><x3>3.98911E-09</x3><x4>1.35661E-09</x4><x5>4.03268E-09</x5><x6>0.00000E+00</x6></dataPoint>
        <dataPoint><x1>070</x1><x2>6.08335E-09</x2><x3>4.53027E-09</x3><x4>1.26564E-09</x4><x5>4.92007E-09</x5><x6>0.00000E+00</x6></dataPoint>
        <dataPoint><x1>080</x1><x2>5.13684E-09</x2><x3>5.07353E-09</x3><x4>1.07966E-09</x4><x5>5.90765E-09</x5><x6>0.00000E+00</x6></dataPoint>
        <dataPoint><x1>090</x1><x2>4.47527E-09</x2><x3>5.23588E-09</x3><x4>8.94570E-10</x4><x5>6.64317E-09</x5><x6>0.00000E+00</x6></dataPoint>
        <dataPoint><x1>100</x1><x2>3.75047E-09</x2><x3>5.39887E-09</x3><x4>7.08672E-10</x4><x5>7.42840E-09</x5><x6>1.34509E-10</x6></dataPoint>
        <dataPoint><x1>110</x1><x2>3.27915E-09</x2><x3>5.52977E-09</x3><x4>5.22774E-10</x4><x5>8.16399E-09</x5><x6>1.12681E-10</x6></dataPoint>
        <dataPoint><x1>120</x1><x2>2.74476E-09</x2><x3>5.50243E-09</x3><x4>3.99702E-10</x4><x5>8.77314E-09</x5><x6>4.03785E-11</x6></dataPoint>
        <dataPoint><x1>130</x1><x2>2.36861E-09</x2><x3>5.79180E-09</x3><x4>3.09051E-10</x4><x5>9.35725E-09</x5><x6>1.95077E-10</x6></dataPoint>
        <dataPoint><x1>140</x1><x2>1.96068E-09</x2><x3>6.08117E-09</x3><x4>1.85979E-10</x4><x5>9.71313E-09</x5><x6>1.98485E-10</x6></dataPoint>
    </dataGroup>
</experiment>
