<experiment>
    <fileAuthor>Chemical Kinetics Laboratory, Institute of Chemistry, ELTE, Budapest, Hungary</fileAuthor>
    <fileDOI>10.24388/x50002005pyr</fileDOI>
    <fileVersion>
        <major>1</major>
        <minor>0</minor>
    </fileVersion>
    <ReSpecThVersion>
        <major>2</major>
        <minor>3</minor>
    </ReSpecThVersion>
    <firstPublicationDate>2016-12-05</firstPublicationDate>
    <lastModificationDate>2020-11-18</lastModificationDate>
    <bibliographyLink>
        <description>P.H. Cribb, J.E. Dove, S. Yamazaki, Proc. Combust. Inst. 20 (1984), 779-787</description>
        <referenceDOI>10.1016/S0082-0784(85)80568-3</referenceDOI>
        <location>Main article</location>
        <figure>Fig. 4 (digitized)</figure>
        <details>
            <author>Cribb, Peter H and Dove, John E and Yamazaki, Satoshi</author>
            <journal>Symp (Int) Combust</journal>
            <number>1</number>
            <pages>779--787</pages>
            <title>A shock tube study of methanol pyrolysis</title>
            <volume>20</volume>
            <year>1984</year>
        </details>
    </bibliographyLink>
    <experimentType>concentration time profile measurement</experimentType>
    <apparatus>
        <kind>shock tube</kind>
    </apparatus>
    <commonProperties>
        <property name="temperature"                   label="T"  sourcetype="reported"   units="K"             ><value>2000</value></property>
        <property name="pressure"                      label="P"  sourcetype="reported"   units="atm"           ><value>0.354</value></property>
        <property name="initial composition"           sourcetype="reported"  >
            <component><speciesLink preferredKey="CH3OH"  CAS="67-56-1"    InChI="1S/CH4O/c1-2/h2H,1H3"  SMILES="CO"    chemName="methanol" /><amount units="mole fraction" >0.01</amount></component>
            <component><speciesLink preferredKey="H2"     CAS="1333-74-0"  InChI="1S/H2/h1H"             SMILES="[HH]"  chemName="hydrogen" /><amount units="mole fraction" >0.06</amount></component>
            <component><speciesLink preferredKey="Ar"     CAS="7440-37-1"  InChI="1S/Ar"                 SMILES="[Ar]"  chemName="argon"    /><amount units="mole fraction" >0.01</amount></component>
            <component><speciesLink preferredKey="Ne"     CAS="7440-01-9"  InChI="1S/Ne"                 SMILES="[Ne]"  chemName="neon"     /><amount units="mole fraction" >0.92</amount></component>
        </property>
        <property name="evaluated standard deviation"  sourcetype="estimated"  units="mole faction"   reference="composition"  kind="absolute"  method="generic uncertainty" >
            <speciesLink preferredKey="CH3OH"  CAS="67-56-1"    InChI="1S/CH4O/c1-2/h2H,1H3"  SMILES="CO"         chemName="methanol"        />
            <value>8.45e-9</value>
        </property>
        <property name="evaluated standard deviation"  sourcetype="estimated"  units="mole faction"   reference="composition"  kind="absolute"  method="generic uncertainty" >
            <speciesLink preferredKey="CH2O"   CAS="50-00-0"    InChI="1S/CH2O/c1-2/h1H2"     SMILES="C=O"        chemName="formaldehyde"    />
            <value>6.34e-10</value>
        </property>
        <property name="evaluated standard deviation"  sourcetype="estimated"  units="mole faction"   reference="composition"  kind="absolute"  method="generic uncertainty" >
            <speciesLink preferredKey="CO"     CAS="630-08-0"   InChI="1S/CO/c1-2"            SMILES="[C-]#[O+]"  chemName="carbon monoxide" />
            <value>1.83e-9</value>
        </property>
        <property name="evaluated standard deviation"  sourcetype="estimated"  units="mole faction"   reference="composition"  kind="absolute"  method="generic uncertainty" >
            <speciesLink preferredKey="H2O"    CAS="7732-18-5"  InChI="1S/H2O/h1H2"           SMILES="O"          chemName="water"           />
            <value>1.74e-9</value>
        </property>
    </commonProperties>
    <dataGroup id="dg1">
        <property name="time"           id="x1"   label="t"        sourcetype="digitized"  units="us"      />
        <property name="concentration"  id="x2"   label="[CH3OH]"  sourcetype="digitized"  units="mol/cm3" >
            <speciesLink preferredKey="CH3OH"  CAS="67-56-1"    InChI="1S/CH4O/c1-2/h2H,1H3"  SMILES="CO"         chemName="methanol"        />
        </property>
        <property name="concentration"  id="x3"   label="[CH2O]"   sourcetype="digitized"  units="mol/cm3" >
            <speciesLink preferredKey="CH2O"   CAS="50-00-0"    InChI="1S/CH2O/c1-2/h1H2"     SMILES="C=O"        chemName="formaldehyde"    />
        </property>
        <property name="concentration"  id="x4"   label="[CO]"     sourcetype="digitized"  units="mol/cm3" >
            <speciesLink preferredKey="CO"     CAS="630-08-0"   InChI="1S/CO/c1-2"            SMILES="[C-]#[O+]"  chemName="carbon monoxide" />
        </property>
        <property name="concentration"  id="x5"   label="[H2O]"    sourcetype="digitized"  units="mol/cm3" >
            <speciesLink preferredKey="H2O"    CAS="7732-18-5"  InChI="1S/H2O/h1H2"           SMILES="O"          chemName="water"           />
        </property>

        <dataPoint><x1>010</x1><x2>1.69030E-08</x2><x3>0.00000E+00</x3><x4>1.11940E-10</x4><x5>3.49028E-10</x5></dataPoint>
        <dataPoint><x1>020</x1><x2>1.39925E-08</x2><x3>8.20896E-10</x3><x4>1.26866E-09</x4><x5>1.11073E-09</x5></dataPoint>
        <dataPoint><x1>030</x1><x2>1.09701E-08</x2><x3>1.19403E-09</x3><x4>2.27612E-09</x4><x5>2.00983E-09</x5></dataPoint>
        <dataPoint><x1>040</x1><x2>9.32836E-09</x2><x3>1.23134E-09</x3><x4>3.43284E-09</x4><x5>2.90863E-09</x5></dataPoint>
        <dataPoint><x1>050</x1><x2>7.83582E-09</x2><x3>1.26866E-09</x3><x4>4.66418E-09</x4><x5>3.68324E-09</x5></dataPoint>
        <dataPoint><x1>060</x1><x2>6.60448E-09</x2><x3>1.26866E-09</x3><x4>5.82090E-09</x4><x5>4.49496E-09</x5></dataPoint>
        <dataPoint><x1>070</x1><x2>5.52239E-09</x2><x3>1.15672E-09</x3><x4>6.64179E-09</x4><x5>4.99395E-09</x5></dataPoint>
        <dataPoint><x1>080</x1><x2>4.62687E-09</x2><x3>1.04478E-09</x3><x4>7.38806E-09</x4><x5>5.38070E-09</x5></dataPoint>
        <dataPoint><x1>090</x1><x2>3.88060E-09</x2><x3>8.58209E-10</x3><x4>8.05970E-09</x4><x5>5.67976E-09</x5></dataPoint>
        <dataPoint><x1>100</x1><x2>3.28358E-09</x2><x3>8.20896E-10</x3><x4>8.50746E-09</x4><x5>5.79155E-09</x5></dataPoint>
        <dataPoint><x1>110</x1><x2>2.79851E-09</x2><x3>6.71642E-10</x3><x4>8.84328E-09</x4><x5>5.77812E-09</x5></dataPoint>
        <dataPoint><x1>120</x1><x2>2.42537E-09</x2><x3>4.47761E-10</x3><x4>9.06716E-09</x4><x5>5.66495E-09</x5></dataPoint>
        <dataPoint><x1>130</x1><x2>2.01493E-09</x2><x3>3.73134E-10</x3><x4>9.14179E-09</x4><x5>5.56412E-09</x5></dataPoint>
        <dataPoint><x1>140</x1><x2>1.75373E-09</x2><x3>2.61194E-10</x3><x4>9.14179E-09</x4><x5>5.37587E-09</x5></dataPoint>
    </dataGroup>
</experiment>
