<experiment>
    <fileAuthor>Chemical Kinetics Laboratory, Institute of Chemistry, ELTE, Budapest, Hungary</fileAuthor>
    <fileDOI>10.24388/x50002004pyr</fileDOI>
    <fileVersion>
        <major>1</major>
        <minor>0</minor>
    </fileVersion>
    <ReSpecThVersion>
        <major>2</major>
        <minor>3</minor>
    </ReSpecThVersion>
    <firstPublicationDate>2016-12-05</firstPublicationDate>
    <lastModificationDate>2020-11-18</lastModificationDate>
    <bibliographyLink>
        <description>P.H. Cribb, J.E. Dove, S. Yamazaki, Combust. Flame 88 (1992), 169-185</description>
        <referenceDOI>10.1016/0010-2180(92)90050-Y</referenceDOI>
        <location>Main article</location>
        <figure>Fig. 4b (digitized)</figure>
        <details>
            <author>Cribb, Peter H and Dove, John E and Yamazaki, Satoshi</author>
            <journal>Combust Flame</journal>
            <number>2</number>
            <pages>169--185</pages>
            <title>A kinetic study of the pyrolysis of methanol using shock tube and computer simulation techniques</title>
            <volume>88</volume>
            <year>1992</year>
        </details>
    </bibliographyLink>
    <experimentType>concentration time profile measurement</experimentType>
    <apparatus>
        <kind>shock tube</kind>
    </apparatus>
    <commonProperties>
        <property name="temperature"                   label="T"  sourcetype="reported"   units="K"             ><value>2100</value></property>
        <property name="pressure"                      label="P"  sourcetype="reported"   units="Torr"          ><value>450</value></property>
        <property name="initial composition"           sourcetype="reported"  >
            <component><speciesLink preferredKey="CH3OH"  CAS="67-56-1"    InChI="1S/CH4O/c1-2/h2H,1H3"  SMILES="CO"    chemName="methanol" /><amount units="mole fraction" >0.002</amount></component>
            <component><speciesLink preferredKey="Ar"     CAS="7440-37-1"  InChI="1S/Ar"                 SMILES="[Ar]"  chemName="argon"    /><amount units="mole fraction" >0.002</amount></component>
            <component><speciesLink preferredKey="Ne"     CAS="7440-01-9"  InChI="1S/Ne"                 SMILES="[Ne]"  chemName="neon"     /><amount units="mole fraction" >0.996</amount></component>
        </property>
        <property name="evaluated standard deviation"  sourcetype="estimated"  units="mole faction"   reference="composition"  kind="absolute"  method="generic uncertainty" >
            <speciesLink preferredKey="CH3OH"  CAS="67-56-1"    InChI="1S/CH4O/c1-2/h2H,1H3"  SMILES="CO"         chemName="methanol"        />
            <value>2.8e-9</value>
        </property>
        <property name="evaluated standard deviation"  sourcetype="estimated"  units="mole faction"   reference="composition"  kind="absolute"  method="generic uncertainty" >
            <speciesLink preferredKey="CH2O"   CAS="50-00-0"    InChI="1S/CH2O/c1-2/h1H2"     SMILES="C=O"        chemName="formaldehyde"    />
            <value>1.89e-10</value>
        </property>
        <property name="evaluated standard deviation"  sourcetype="estimated"  units="mole faction"   reference="composition"  kind="absolute"  method="generic uncertainty" >
            <speciesLink preferredKey="CO"     CAS="630-08-0"   InChI="1S/CO/c1-2"            SMILES="[C-]#[O+]"  chemName="carbon monoxide" />
            <value>4.08e-10</value>
        </property>
        <property name="evaluated standard deviation"  sourcetype="estimated"  units="mole faction"   reference="composition"  kind="absolute"  method="generic uncertainty" >
            <speciesLink preferredKey="H2O"    CAS="7732-18-5"  InChI="1S/H2O/h1H2"           SMILES="O"          chemName="water"           />
            <value>5.72e-10</value>
        </property>
    </commonProperties>
    <dataGroup id="dg1">
        <property name="time"           id="x1"   label="t"        sourcetype="digitized"  units="us"      />
        <property name="concentration"  id="x2"   label="[CH3OH]"  sourcetype="digitized"  units="mol/cm3" >
            <speciesLink preferredKey="CH3OH"  CAS="67-56-1"    InChI="1S/CH4O/c1-2/h2H,1H3"  SMILES="CO"         chemName="methanol"        />
        </property>
        <property name="concentration"  id="x3"   label="[CH2O]"   sourcetype="digitized"  units="mol/cm3" >
            <speciesLink preferredKey="CH2O"   CAS="50-00-0"    InChI="1S/CH2O/c1-2/h1H2"     SMILES="C=O"        chemName="formaldehyde"    />
        </property>
        <property name="concentration"  id="x4"   label="[CO]"     sourcetype="digitized"  units="mol/cm3" >
            <speciesLink preferredKey="CO"     CAS="630-08-0"   InChI="1S/CO/c1-2"            SMILES="[C-]#[O+]"  chemName="carbon monoxide" />
        </property>
        <property name="concentration"  id="x5"   label="[H2O]"    sourcetype="digitized"  units="mol/cm3" >
            <speciesLink preferredKey="H2O"    CAS="7732-18-5"  InChI="1S/H2O/h1H2"           SMILES="O"          chemName="water"           />
        </property>

        <dataPoint><x1>010</x1><x2>5.60008E-09</x2><x3>2.07552E-10</x3><x4>8.47465E-11</x4><x5>2.55162E-10</x5></dataPoint>
        <dataPoint><x1>020</x1><x2>4.79715E-09</x2><x3>3.41991E-10</x3><x4>1.69586E-10</x4><x5>5.47304E-10</x5></dataPoint>
        <dataPoint><x1>030</x1><x2>4.19129E-09</x2><x3>3.77200E-10</x3><x4>5.25936E-10</x4><x5>8.17257E-10</x5></dataPoint>
        <dataPoint><x1>040</x1><x2>3.60996E-09</x2><x3>3.38583E-10</x3><x4>7.70556E-10</x4><x5>1.00586E-09</x5></dataPoint>
        <dataPoint><x1>050</x1><x2>3.22591E-09</x2><x3>3.74102E-10</x3><x4>1.01589E-09</x4><x5>1.21294E-09</x5></dataPoint>
        <dataPoint><x1>060</x1><x2>2.79220E-09</x2><x3>3.71902E-10</x3><x4>1.29844E-09</x4><x5>1.40154E-09</x5></dataPoint>
        <dataPoint><x1>070</x1><x2>2.50627E-09</x2><x3>3.33533E-10</x3><x4>1.49415E-09</x4><x5>1.60493E-09</x5></dataPoint>
        <dataPoint><x1>080</x1><x2>2.31954E-09</x2><x3>3.19794E-10</x3><x4>1.70247E-09</x4><x5>1.70847E-09</x5></dataPoint>
        <dataPoint><x1>090</x1><x2>2.02182E-09</x2><x3>3.05775E-10</x3><x4>1.79916E-09</x4><x5>1.70847E-09</x5></dataPoint>
        <dataPoint><x1>100</x1><x2>1.84740E-09</x2><x3>2.78822E-10</x3><x4>1.89663E-09</x4><x5>1.90447E-09</x5></dataPoint>
        <dataPoint><x1>110</x1><x2>1.62347E-09</x2><x3>2.53078E-10</x3><x4>2.01856E-09</x4><x5>1.90817E-09</x5></dataPoint>
        <dataPoint><x1>120</x1><x2>1.52304E-09</x2><x3>2.38687E-10</x3><x4>2.04152E-09</x4><x5>-9.9999E-99</x5></dataPoint>
        <dataPoint><x1>130</x1><x2>1.33630E-09</x2><x3>2.24917E-10</x3><x4>2.02772E-09</x4><x5>-9.9999E-99</x5></dataPoint>
        <dataPoint><x1>140</x1><x2>1.24802E-09</x2><x3>2.10836E-10</x3><x4>2.02583E-09</x4><x5>-9.9999E-99</x5></dataPoint>
    </dataGroup>
</experiment>
