<experiment>
    <fileAuthor>Chemical Kinetics Laboratory, Institute of Chemistry, ELTE, Budapest, Hungary</fileAuthor>
    <fileDOI>10.24388/x20004360</fileDOI>
    <fileVersion>
        <major>1</major>
        <minor>0</minor>
    </fileVersion>
    <ReSpecThVersion>
        <major>2</major>
        <minor>3</minor>
    </ReSpecThVersion>
    <firstPublicationDate>2021-10-29</firstPublicationDate>
    <lastModificationDate>2021-10-29</lastModificationDate>
    <bibliographyLink>
        <description>B. Galmiche, F. Halter, F. Foucher, P. Dagaut, Energy Fuels 25 (2011), 948--954</description>
        <referenceDOI>10.1021/ef101482d</referenceDOI>
        <location>Main article</location>
        <figure>Fig.7., open triangle</figure>
        <details>
            <author>B. Galmiche and F. Halter and F. Foucher and P. Dagaut</author>
            <journal>Energy Fuels</journal>
            <month>mar</month>
            <number>3</number>
            <pages>948--954</pages>
            <publisher>American Chemical Society ({ACS})</publisher>
            <title>Effects of Dilution on Laminar Burning Velocity of Premixed Methane/Air Flames</title>
            <volume>25</volume>
            <year>2011</year>
        </details>
    </bibliographyLink>
    <experimentType>laminar burning velocity measurement</experimentType>
    <apparatus>
        <kind>flame</kind>
        <mode>premixed</mode>
        <mode>laminar</mode>
    </apparatus>
    <commonProperties>
        <property name="pressure"     label="P"  sourcetype="reported"  units="Pa" ><value>1e+005</value></property>
        <property name="temperature"  label="T"  sourcetype="reported"  units="K"  ><value>393</value></property>
    </commonProperties>
    <dataGroup id="dg1">
        <property name="laminar burning velocity"      id="x1"   label="Sl"     sourcetype="digitized"   units="cm/s"          />
        <property name="composition"                   id="x2"   label="[CH4]"  sourcetype="calculated"  units="mole fraction" >
            <speciesLink preferredKey="CH4"  CAS="74-82-8"    InChI="1S/CH4/h1H4"  SMILES="C"    chemName="methane"  />
        </property>
        <property name="composition"                   id="x3"   label="[O2]"   sourcetype="calculated"  units="mole fraction" >
            <speciesLink preferredKey="O2"   CAS="7782-44-7"  InChI="1S/O2/c1-2"   SMILES="O=O"  chemName="oxygen"   />
        </property>
        <property name="composition"                   id="x4"   label="[N2]"   sourcetype="calculated"  units="mole fraction" >
            <speciesLink preferredKey="N2"   CAS="7727-37-9"  InChI="1S/N2/c1-2"   SMILES="N#N"  chemName="nitrogen" />
        </property>
        <property name="composition"                   id="x5"   label="[H2O]"  sourcetype="calculated"  units="mole fraction" >
            <speciesLink preferredKey="H2O"  CAS="7732-18-5"  InChI="1S/H2O/h1H2"  SMILES="O"    chemName="water"    />
        </property>
        <property name="evaluated standard deviation"  id="x6"   sourcetype="estimated"   units="cm/s"           reference="laminar burning velocity"  kind="absolute"  method="combined from scatter and reported uncertainty" />

        <dataPoint><x1>5.622380e+001</x1><x2>9.502262e-002</x2><x3>1.900452e-001</x3><x4>7.149321e-001</x4><x5>0.000000e+000</x5> <x6>1.64792030876041</x6></dataPoint>
        <dataPoint><x1>5.220068e+001</x1><x2>9.268258e-002</x2><x3>1.853652e-001</x3><x4>6.973261e-001</x4><x5>2.462620e-002</x5> <x6>1.56301420668176</x6></dataPoint>
        <dataPoint><x1>4.574506e+001</x1><x2>9.034858e-002</x2><x3>1.806972e-001</x3><x4>6.797655e-001</x4><x5>4.918870e-002</x5> <x6>1.43102257546911</x6></dataPoint>
        <dataPoint><x1>4.243412e+001</x1><x2>8.790709e-002</x2><x3>1.758142e-001</x3><x4>6.613962e-001</x4><x5>7.488250e-002</x5> <x6>1.36577931145885</x6></dataPoint>
        <dataPoint><x1>3.803452e+001</x1><x2>8.553789e-002</x2><x3>1.710758e-001</x3><x4>6.435708e-001</x4><x5>9.981550e-002</x5>  <x6>1.2822185791701</x6></dataPoint>
        <dataPoint><x1>3.347390e+001</x1><x2>8.310084e-002</x2><x3>1.662017e-001</x3><x4>6.252349e-001</x4><x5>1.254626e-001</x5> <x6>1.20010740280037</x6></dataPoint>
        <dataPoint><x1>2.934304e+001</x1><x2>8.073181e-002</x2><x3>1.614636e-001</x3><x4>6.074108e-001</x4><x5>1.503938e-001</x5>  <x6>1.1305210249155</x6></dataPoint>
        <dataPoint><x1>2.505094e+001</x1><x2>7.836269e-002</x2><x3>1.567254e-001</x3><x4>5.895859e-001</x4><x5>1.753260e-001</x5> <x6>1.06403126683488</x6></dataPoint>
        <dataPoint><x1>2.092010e+001</x1><x2>7.598844e-002</x2><x3>1.519769e-001</x3><x4>5.717226e-001</x4><x5>2.003121e-001</x5> <x6>1.00671528001032</x6></dataPoint>
        <dataPoint><x1>1.572781e+001</x1><x2>7.358748e-002</x2><x3>1.471750e-001</x3><x4>5.536582e-001</x4><x5>2.255794e-001</x5><x6>0.945804707443647</x6></dataPoint>
        <dataPoint><x1>1.483532e+001</x1><x2>7.122047e-002</x2><x3>1.424409e-001</x3><x4>5.358493e-001</x4><x5>2.504893e-001</x5><x6>0.936748760174786</x6></dataPoint>
    </dataGroup>
</experiment>
