<experiment>
    <fileAuthor>Chemical Kinetics Laboratory, Institute of Chemistry, ELTE, Budapest, Hungary</fileAuthor>
    <fileDOI>10.24388/x20004638</fileDOI>
    <fileVersion>
        <major>1</major>
        <minor>0</minor>
    </fileVersion>
    <ReSpecThVersion>
        <major>2</major>
        <minor>3</minor>
    </ReSpecThVersion>
    <firstPublicationDate>2021-10-29</firstPublicationDate>
    <lastModificationDate>2021-10-29</lastModificationDate>
    <bibliographyLink>
        <description>S. Wang, Z. Wang, Y. He, X. Han, Z. Sun, Y. Zhu, M. Costa, Fuel 259 (2020), 116152</description>
        <referenceDOI>10.1016/j.fuel.2019.116152</referenceDOI>
        <location>Main article + Supplementary</location>
        <table>Supplementary</table>
        <figure>Fig. 8, P = 0.30 MPa, 31% O2/(O2+CO2), black squares</figure>
        <details>
            <author>Shixing Wang and Zhihua Wang and Yong He and Xinlu Han and Zhiwei Sun and Yanqun Zhu and Mario Costa</author>
            <journal>Fuel</journal>
            <month>jan</month>
            <pages>116152</pages>
            <publisher>Elsevier {BV}</publisher>
            <title>Laminar burning velocities of {CH}4/O2/N2 and oxygen-enriched {CH}4/O2/{CO}2 flames at elevated pressures measured using the heat flux method</title>
            <volume>259</volume>
            <year>2020</year>
        </details>
    </bibliographyLink>
    <experimentType>laminar burning velocity measurement</experimentType>
    <apparatus>
        <kind>flame</kind>
        <mode>premixed</mode>
        <mode>laminar</mode>
        <mode>HFM</mode>
    </apparatus>
    <commonProperties>
        <property name="temperature"                   label="T"  sourcetype="reported"   units="K"    ><value>298</value></property>
        <property name="pressure"                      label="p"  sourcetype="reported"   units="MPa"  ><value>0.30</value></property>
        <property name="evaluated standard deviation"  sourcetype="estimated"  units="cm/s"  reference="laminar burning velocity"  kind="absolute"  method="generic uncertainty" ><value>0.5</value></property>
    </commonProperties>
    <dataGroup id="dg1">
        <property name="laminar burning velocity"  id="x1"   label="Sl"     sourcetype="reported"    units="cm/s"          />
        <property name="composition"               id="x2"   label="[CH4]"  sourcetype="calculated"  units="mole fraction" >
            <speciesLink preferredKey="CH4"  CAS="74-82-8"    InChI="1S/CH4/h1H4"    SMILES="C"        chemName="methane"        />
        </property>
        <property name="composition"               id="x3"   label="[O2]"   sourcetype="calculated"  units="mole fraction" >
            <speciesLink preferredKey="O2"   CAS="7782-44-7"  InChI="1S/O2/c1-2"     SMILES="O=O"      chemName="oxygen"         />
        </property>
        <property name="composition"               id="x4"   label="[CO2]"  sourcetype="calculated"  units="mole fraction" >
            <speciesLink preferredKey="CO2"  CAS="124-38-9"   InChI="1S/CO2/c2-1-3"  SMILES="C(=O)=O"  chemName="carbon dioxide" />
        </property>

        <dataPoint><x1>10.07</x1><x2>0.110320</x2><x3>0.275801</x3><x4>0.613879</x4></dataPoint>
        <dataPoint><x1>11.27</x1><x2>0.116413</x2><x3>0.273912</x3><x4>0.609675</x4></dataPoint>
        <dataPoint><x1>12.23</x1><x2>0.122422</x2><x3>0.272049</x3><x4>0.605529</x4></dataPoint>
        <dataPoint><x1>13.23</x1><x2>0.134199</x2><x3>0.268398</x3><x4>0.597403</x4></dataPoint>
        <dataPoint><x1>13.10</x1><x2>0.145664</x2><x3>0.264844</x3><x4>0.589492</x4></dataPoint>
        <dataPoint><x1>11.68</x1><x2>0.156830</x2><x3>0.261383</x3><x4>0.581788</x4></dataPoint>
        <dataPoint> <x1>9.68</x1><x2>0.167707</x2><x3>0.258011</x3><x4>0.574282</x4></dataPoint>
        <dataPoint> <x1>8.59</x1><x2>0.173041</x2><x3>0.256357</x3><x4>0.570602</x4></dataPoint>
        <dataPoint> <x1>7.89</x1><x2>0.178307</x2><x3>0.254725</x3><x4>0.566968</x4></dataPoint>
    </dataGroup>
    <comment>CH4, O2, and CO2 mole fractions were calculated using the equivalence ration and O2/(O2+CO2) ratio. The reported uncertainty of laminar burning velocity was deleted from this version as the Optima++ could not revognize it, the version of the xml file including full info is available in CommonSpace.</comment>
</experiment>
