<experiment>
    <fileAuthor>Chemical Kinetics Laboratory, Institute of Chemistry, ELTE, Budapest, Hungary</fileAuthor>
    <fileDOI>10.24388/x20004495</fileDOI>
    <fileVersion>
        <major>1</major>
        <minor>0</minor>
    </fileVersion>
    <ReSpecThVersion>
        <major>2</major>
        <minor>3</minor>
    </ReSpecThVersion>
    <firstPublicationDate>2021-10-29</firstPublicationDate>
    <lastModificationDate>2021-10-29</lastModificationDate>
    <bibliographyLink>
        <description>J. Han, C. Lee, S. Kum, Y. Hwang, Energy Fuels 21 (2007), 3202--3207</description>
        <referenceDOI>10.1021/ef070175v</referenceDOI>
        <location>Main article</location>
        <figure>Fig.6.b., open triangle, omega=0.40</figure>
        <details>
            <author>Ji-Woong Han and Chang-Eon Lee and Sung-Min Kum and Yong-Soo Hwang</author>
            <journal>Energy Fuels</journal>
            <month>nov</month>
            <number>6</number>
            <pages>3202--3207</pages>
            <publisher>American Chemical Society ({ACS})</publisher>
            <title>Study on the Improvement of Chemical Reaction Mechanism of Methane Based on the Laminar Burning Velocities in {OEC}</title>
            <volume>21</volume>
            <year>2007</year>
        </details>
    </bibliographyLink>
    <experimentType>laminar burning velocity measurement</experimentType>
    <apparatus>
        <kind>flame</kind>
        <mode>premixed</mode>
        <mode>laminar</mode>
    </apparatus>
    <commonProperties>
        <property name="pressure"     label="P"  sourcetype="reported"  units="atm" ><value>1</value></property>
        <property name="temperature"  label="T"  sourcetype="reported"  units="K"   ><value>298</value></property>
    </commonProperties>
    <dataGroup id="dg1">
        <property name="laminar burning velocity"      id="x1"   label="Sl"     sourcetype="digitized"   units="cm/s"          />
        <property name="composition"                   id="x2"   label="[CH4]"  sourcetype="calculated"  units="mole fraction" >
            <speciesLink preferredKey="CH4"  CAS="74-82-8"    InChI="1S/CH4/h1H4"  SMILES="C"    chemName="methane"  />
        </property>
        <property name="composition"                   id="x3"   label="[O2]"   sourcetype="calculated"  units="mole fraction" >
            <speciesLink preferredKey="O2"   CAS="7782-44-7"  InChI="1S/O2/c1-2"   SMILES="O=O"  chemName="oxygen"   />
        </property>
        <property name="composition"                   id="x4"   label="[N2]"   sourcetype="calculated"  units="mole fraction" >
            <speciesLink preferredKey="N2"   CAS="7727-37-9"  InChI="1S/N2/c1-2"   SMILES="N#N"  chemName="nitrogen" />
        </property>
        <property name="evaluated standard deviation"  id="x5"   sourcetype="estimated"   units="cm/s"           reference="laminar burning velocity"  kind="absolute"  method="combined from scatter and estimated uncertainty" />

        <dataPoint><x1>9.252409e+001</x1><x2>1.153903e-001</x2><x3>3.538439e-001</x3><x4>5.307658e-001</x4><x5>6.08824655863913</x5></dataPoint>
        <dataPoint><x1>1.002344e+002</x1><x2>1.238538e-001</x2><x3>3.504585e-001</x3><x4>5.256877e-001</x4><x5>6.51284622309601</x5></dataPoint>
        <dataPoint><x1>1.137796e+002</x1><x2>1.313669e-001</x2><x3>3.474533e-001</x3><x4>5.211799e-001</x4><x5>7.27001173890221</x5></dataPoint>
        <dataPoint><x1>1.223235e+002</x1><x2>1.395288e-001</x2><x3>3.441885e-001</x3><x4>5.162827e-001</x4><x5>7.75339533866937</x5></dataPoint>
        <dataPoint><x1>1.299297e+002</x1><x2>1.449220e-001</x2><x3>3.420312e-001</x3><x4>5.130468e-001</x4><x5>8.18672200096742</x5></dataPoint>
        <dataPoint><x1>1.342016e+002</x1><x2>1.536899e-001</x2><x3>3.385240e-001</x3><x4>5.077861e-001</x4><x5>8.43115947677519</x5></dataPoint>
        <dataPoint><x1>1.409742e+002</x1><x2>1.597542e-001</x2><x3>3.360983e-001</x3><x4>5.041475e-001</x4><x5>8.82006861458027</x5></dataPoint>
        <dataPoint><x1>1.426413e+002</x1><x2>1.666667e-001</x2><x3>3.333333e-001</x3><x4>5.000000e-001</x4> <x5>8.9160386835233</x5></dataPoint>
        <dataPoint><x1>1.444126e+002</x1><x2>1.741816e-001</x2><x3>3.303274e-001</x3><x4>4.954910e-001</x4><x5>9.01810382891747</x5></dataPoint>
        <dataPoint><x1>1.418078e+002</x1><x2>1.807603e-001</x2><x3>3.276959e-001</x3><x4>4.915438e-001</x4><x5>8.86804532220173</x5></dataPoint>
        <dataPoint><x1>1.401407e+002</x1><x2>1.872337e-001</x2><x3>3.251065e-001</x3><x4>4.876598e-001</x4><x5>8.77212043903662</x5></dataPoint>
        <dataPoint><x1>1.325345e+002</x1><x2>1.929249e-001</x2><x3>3.228301e-001</x3><x4>4.842451e-001</x4><x5>8.33568338017346</x5></dataPoint>
        <dataPoint><x1>1.307632e+002</x1><x2>1.999757e-001</x2><x3>3.200097e-001</x3><x4>4.800146e-001</x4><x5>8.23435803428925</x5></dataPoint>
        <dataPoint><x1>1.264913e+002</x1><x2>2.053969e-001</x2><x3>3.178412e-001</x3><x4>4.767618e-001</x4><x5>7.99051790825125</x5></dataPoint>
        <dataPoint><x1>1.163845e+002</x1><x2>2.129740e-001</x2><x3>3.148104e-001</x3><x4>4.722156e-001</x4><x5>7.41697153523593</x5></dataPoint>
        <dataPoint><x1>1.027351e+002</x1><x2>2.197716e-001</x2><x3>3.120914e-001</x3><x4>4.681370e-001</x4><x5>6.65164663138655</x5></dataPoint>
        <dataPoint><x1>9.512894e+001</x1><x2>2.256454e-001</x2><x3>3.097418e-001</x3><x4>4.646128e-001</x4><x5>6.23108778155829</x5></dataPoint>
        <dataPoint><x1>8.835634e+001</x1><x2>2.307254e-001</x2><x3>3.077098e-001</x3><x4>4.615647e-001</x4><x5>5.86112909558424</x5></dataPoint>
        <dataPoint><x1>8.241730e+001</x1><x2>2.364361e-001</x2><x3>3.054256e-001</x3><x4>4.581384e-001</x4> <x5>5.5409025393923</x5></dataPoint>
        <dataPoint><x1>6.793436e+001</x1><x2>2.428361e-001</x2><x3>3.028656e-001</x3><x4>4.542983e-001</x4><x5>4.78147239839305</x5></dataPoint>
        <dataPoint><x1>5.949466e+001</x1><x2>2.490452e-001</x2><x3>3.003819e-001</x3><x4>4.505729e-001</x4><x5>4.35784494633026</x5></dataPoint>
        <dataPoint><x1>5.605626e+001</x1><x2>2.538227e-001</x2><x3>2.984709e-001</x3><x4>4.477064e-001</x4><x5>4.19052449656071</x5></dataPoint>
        <dataPoint><x1>4.845012e+001</x1><x2>2.591978e-001</x2><x3>2.963209e-001</x3><x4>4.444813e-001</x4><x5>3.83391327372592</x5></dataPoint>
        <dataPoint><x1>4.251107e+001</x1><x2>2.645761e-001</x2><x3>2.941696e-001</x3><x4>4.412543e-001</x4><x5>3.57128660159915</x5></dataPoint>
        <dataPoint><x1>3.480073e+001</x1><x2>2.697980e-001</x2><x3>2.920808e-001</x3><x4>4.381212e-001</x4><x5>3.25701198037687</x5></dataPoint>
        <dataPoint><x1>3.480073e+001</x1><x2>2.762015e-001</x2><x3>2.895194e-001</x3><x4>4.342791e-001</x4><x5>3.25701198037687</x5></dataPoint>
        <dataPoint><x1>3.396718e+001</x1><x2>2.813376e-001</x2><x3>2.874649e-001</x3><x4>4.311974e-001</x4><x5>3.22517746354346</x5></dataPoint>
        <dataPoint><x1>2.719458e+001</x1><x2>2.857143e-001</x2><x3>2.857143e-001</x3><x4>4.285714e-001</x4><x5>2.98505657945625</x5></dataPoint>
    </dataGroup>
</experiment>
