<experiment>
    <fileAuthor>Chemical Kinetics Laboratory, Institute of Chemistry, ELTE, Budapest, Hungary</fileAuthor>
    <fileDOI>10.24388/x20004034</fileDOI>
    <fileVersion>
        <major>1</major>
        <minor>0</minor>
    </fileVersion>
    <ReSpecThVersion>
        <major>2</major>
        <minor>3</minor>
    </ReSpecThVersion>
    <firstPublicationDate>2021-10-29</firstPublicationDate>
    <lastModificationDate>2021-10-29</lastModificationDate>
    <bibliographyLink>
        <description>T. Boushaki, Y. Dhu{\'{e}}, L. Selle, B. Ferret, T. Poinsot, International Journal of Hydrogen Energy 37 (2012), 9412--9422</description>
        <referenceDOI>10.1016/j.ijhydene.2012.03.037</referenceDOI>
        <location>Main article, Fig. 3, open square</location>
        <figure>Figure 3</figure>
        <details>
            <author>T. Boushaki and Y. Dhu{\'{e}} and L. Selle and B. Ferret and T. Poinsot</author>
            <journal>International Journal of Hydrogen Energy</journal>
            <month>jun</month>
            <number>11</number>
            <pages>9412--9422</pages>
            <publisher>Elsevier {BV}</publisher>
            <title>Effects of hydrogen and steam addition on laminar burning velocity of methane{\textendash}air premixed flame: Experimental and numerical analysis</title>
            <volume>37</volume>
            <year>2012</year>
        </details>
    </bibliographyLink>
    <experimentType>laminar burning velocity measurement</experimentType>
    <apparatus>
        <kind>flame</kind>
        <mode>premixed</mode>
        <mode>laminar</mode>
    </apparatus>
    <commonProperties>
        <property name="pressure"     label="P"  sourcetype="reported"  units="bar" ><value>1</value></property>
        <property name="temperature"  label="T"  sourcetype="reported"  units="K"   ><value>300</value></property>
    </commonProperties>
    <dataGroup id="dg1">
        <property name="laminar burning velocity"      id="x1"   label="Sl"     sourcetype="digitized"  units="cm/s"          />
        <property name="composition"                   id="x2"   label="[CH4]"  sourcetype="digitized"  units="mole fraction" >
            <speciesLink preferredKey="CH4"  CAS="74-82-8"    InChI="1S/CH4/h1H4"  SMILES="C"     chemName="methane"  />
        </property>
        <property name="composition"                   id="x3"   label="[O2]"   sourcetype="digitized"  units="mole fraction" >
            <speciesLink preferredKey="O2"   CAS="7782-44-7"  InChI="1S/O2/c1-2"   SMILES="O=O"   chemName="oxygen"   />
        </property>
        <property name="composition"                   id="x4"   label="[N2]"   sourcetype="digitized"  units="mole fraction" >
            <speciesLink preferredKey="N2"   CAS="7727-37-9"  InChI="1S/N2/c1-2"   SMILES="N#N"   chemName="nitrogen" />
        </property>
        <property name="composition"                   id="x5"   label="[H2]"   sourcetype="reported"   units="mole fraction" >
            <speciesLink preferredKey="H2"   CAS="1333-74-0"  InChI="1S/H2/h1H"    SMILES="[HH]"  chemName="hydrogen" />
        </property>
        <property name="evaluated standard deviation"  id="x6"   sourcetype="estimated"  units="cm/s"           reference="laminar burning velocity"  kind="absolute"  method="combined from scatter and reported uncertainty" />

        <dataPoint><x1>3.024976e+001</x1><x2>7.023187e-002</x2><x3>1.904112e-001</x3><x4>7.159463e-001</x4><x5>2.341062e-002</x5> <x6>1.7990514391191</x6></dataPoint>
        <dataPoint><x1>3.442131e+001</x1><x2>7.414406e-002</x2><x3>1.893154e-001</x3><x4>7.118259e-001</x4><x5>2.471469e-002</x5><x6>2.04344938629812</x6></dataPoint>
        <dataPoint><x1>3.828764e+001</x1><x2>7.813133e-002</x2><x3>1.881985e-001</x3><x4>7.076264e-001</x4><x5>2.604378e-002</x5><x6>2.27029798849203</x6></dataPoint>
        <dataPoint><x1>4.143874e+001</x1><x2>8.191030e-002</x2><x3>1.871400e-001</x3><x4>7.036463e-001</x4><x5>2.730343e-002</x5><x6>2.45535536175309</x6></dataPoint>
        <dataPoint><x1>4.340076e+001</x1><x2>8.580825e-002</x2><x3>1.860481e-001</x3><x4>6.995409e-001</x4><x5>2.860275e-002</x5><x6>2.57064312160102</x6></dataPoint>
        <dataPoint><x1>4.441608e+001</x1><x2>8.954746e-002</x2><x3>1.850007e-001</x3><x4>6.956027e-001</x4><x5>2.984915e-002</x5><x6>2.63031930683513</x6></dataPoint>
        <dataPoint><x1>4.410566e+001</x1><x2>9.332361e-002</x2><x3>1.839430e-001</x3><x4>6.916256e-001</x4><x5>3.110787e-002</x5><x6>2.61207303506313</x6></dataPoint>
        <dataPoint><x1>4.123887e+001</x1><x2>9.693921e-002</x2><x3>1.829302e-001</x3><x4>6.878175e-001</x4><x5>3.231307e-002</x5><x6>2.44361355670378</x6></dataPoint>
        <dataPoint><x1>3.754082e+001</x1><x2>1.005930e-001</x2><x3>1.819067e-001</x3><x4>6.839693e-001</x4><x5>3.353101e-002</x5><x6>2.22645978939891</x6></dataPoint>
    </dataGroup>
</experiment>
