<experiment>
    <fileAuthor>Chemical Kinetics Laboratory, Institute of Chemistry, ELTE, Budapest, Hungary</fileAuthor>
    <fileDOI>10.24388/x20004530</fileDOI>
    <fileVersion>
        <major>1</major>
        <minor>0</minor>
    </fileVersion>
    <ReSpecThVersion>
        <major>2</major>
        <minor>3</minor>
    </ReSpecThVersion>
    <firstPublicationDate>2021-10-29</firstPublicationDate>
    <lastModificationDate>2021-10-29</lastModificationDate>
    <bibliographyLink>
        <description>E.J.K. Nilsson, S.A. van, J. Larfeldt, A.A. Konnov, Fuel 189 (2017), 369--376</description>
        <referenceDOI>10.1016/j.fuel.2016.10.103</referenceDOI>
        <location>Supplementary material, Table S5.</location>
        <table>Table S5. Laminar burning velocity for methane/air flames with hydrogen addition at 298 K. Columnn: 35% H2.</table>
        <figure>Main article, Fig. 5., green diamond (not used),</figure>
        <details>
            <author>Nilsson, Elna J K and van Sprang, Astrid and Larfeldt, Jenny and Konnov, Alexander A</author>
            <journal>Fuel</journal>
            <pages>369--376</pages>
            <title>The comparative and combined effects of hydrogen addition on the laminar burning velocities of methane and its blends with ethane and propane</title>
            <volume>189</volume>
            <year>2017</year>
        </details>
    </bibliographyLink>
    <experimentType>laminar burning velocity measurement</experimentType>
    <apparatus>
        <kind>flame</kind>
        <mode>premixed</mode>
        <mode>laminar</mode>
        <mode>HFM</mode>
    </apparatus>
    <commonProperties>
        <property name="temperature"  label="T"  sourcetype="reported"  units="K"   ><value>298</value></property>
        <property name="pressure"     label="p"  sourcetype="reported"  units="atm" ><value>1</value></property>
    </commonProperties>
    <dataGroup id="dg1">
        <property name="equivalence ratio"             id="x1"   label="phi"    sourcetype="reported"    units="unitless"      />
        <property name="uncertainty"                   id="x2"   label="d_phi"  sourcetype="reported"    units="unitless"       reference="equivalence ratio"         kind="absolute"  bound="plusminus" />
        <property name="laminar burning velocity"      id="x3"   label="Sl"     sourcetype="reported"    units="cm/s"          />
        <property name="uncertainty"                   id="x4"   label="d_Sl"   sourcetype="reported"    units="cm/s"           reference="laminar burning velocity"  kind="absolute"  bound="plusminus" />
        <property name="composition"                   id="x5"   label="[CH4]"  sourcetype="calculated"  units="mole fraction" >
            <speciesLink preferredKey="CH4"  CAS="74-82-8"    InChI="1S/CH4/h1H4"  SMILES="C"     chemName="methane"  />
        </property>
        <property name="composition"                   id="x6"   label="[H2]"   sourcetype="reported"    units="mole fraction" >
            <speciesLink preferredKey="H2"   CAS="1333-74-0"  InChI="1S/H2/h1H"    SMILES="[HH]"  chemName="hydrogen" />
        </property>
        <property name="composition"                   id="x7"   label="[O2]"   sourcetype="calculated"  units="mole fraction" >
            <speciesLink preferredKey="O2"   CAS="7782-44-7"  InChI="1S/O2/c1-2"   SMILES="O=O"   chemName="oxygen"   />
        </property>
        <property name="composition"                   id="x8"   label="[N2]"   sourcetype="calculated"  units="mole fraction" >
            <speciesLink preferredKey="N2"   CAS="7727-37-9"  InChI="1S/N2/c1-2"   SMILES="N#N"   chemName="nitrogen" />
        </property>
        <property name="evaluated standard deviation"  id="x9"   sourcetype="estimated"   units="cm/s"           reference="laminar burning velocity"  kind="absolute"  method="combined from scatter and reported uncertainty" />

        <dataPoint><x1>0.70</x1><x2>0.01</x2><x3>22.69</x3><x4>1.38</x4><x5>0.058909</x5><x6>0.031720</x6><x7>0.190968</x7><x8>0.718403</x8><x9>1.25783618015225</x9></dataPoint>
        <dataPoint><x1>0.80</x1><x2>0.01</x2><x3>32.94</x3><x4>0.95</x4><x5>0.066464</x5><x6>0.035788</x6><x7>0.188527</x7><x8>0.709221</x8><x9>1.15398303978005</x9></dataPoint>
        <dataPoint><x1>0.90</x1><x2>0.01</x2><x3>41.06</x3><x4>0.83</x4><x5>0.073828</x5><x6>0.039754</x6><x7>0.186148</x7><x8>0.700270</x8><x9>1.13060906422158</x9></dataPoint>
        <dataPoint><x1>1.00</x1><x2>0.01</x2><x3>46.74</x3><x4>0.79</x4><x5>0.081009</x5><x6>0.043620</x6><x7>0.183828</x7><x8>0.691543</x8><x9>1.12342194036791</x9></dataPoint>
        <dataPoint><x1>1.10</x1><x2>0.02</x2><x3>49.26</x3><x4>0.77</x4><x5>0.088013</x5><x6>0.047392</x6><x7>0.181565</x7><x8>0.683030</x8><x9>1.11994502369536</x9></dataPoint>
        <dataPoint><x1>1.20</x1><x2>0.02</x2><x3>47.58</x3><x4>0.89</x4><x5>0.094847</x5><x6>0.051071</x6><x7>0.179357</x7><x8>0.674725</x8><x9>1.14196184529081</x9></dataPoint>
        <dataPoint><x1>1.30</x1><x2>0.02</x2><x3>39.28</x3><x4>1.22</x4><x5>0.101516</x5><x6>0.054662</x6><x7>0.177203</x7><x8>0.666619</x8><x9>1.21579268631622</x9></dataPoint>
        <dataPoint><x1>1.40</x1><x2>0.02</x2><x3>26.37</x3><x4>1.42</x4><x5>0.108027</x5><x6>0.058168</x6><x7>0.175099</x7><x8>0.658705</x8><x9>1.26891759232032</x9></dataPoint>
        <dataPoint><x1>1.50</x1><x2>0.02</x2><x3>15.52</x3><x4>1.60</x4><x5>0.114385</x5><x6>0.061592</x6><x7>0.173045</x7><x8>0.650978</x8><x9>1.32138255478873</x9></dataPoint>
    </dataGroup>
    <comment>Atmospheric pressure reported. CH4, O2 and N2 mole fractions were estimated using phi, O2 and N2 volume ratio.</comment>
</experiment>
