<experiment>
    <fileAuthor>Chemical Kinetics Laboratory, Institute of Chemistry, ELTE, Budapest, Hungary</fileAuthor>
    <fileDOI>10.24388/x20004172</fileDOI>
    <fileVersion>
        <major>1</major>
        <minor>0</minor>
    </fileVersion>
    <ReSpecThVersion>
        <major>2</major>
        <minor>3</minor>
    </ReSpecThVersion>
    <firstPublicationDate>2021-10-29</firstPublicationDate>
    <lastModificationDate>2021-10-29</lastModificationDate>
    <bibliographyLink>
        <description>P. Han, M.D. Checkel, B.A. Fleck, N.L. Nowicki, Fuel 86 (2007), 585--596</description>
        <referenceDOI>10.1016/j.fuel.2006.08.011</referenceDOI>
        <location>Main article, Fig. 4, open diamond</location>
        <figure>Figure 4</figure>
        <details>
            <author>Panfeng Han and M. David Checkel and Brian A. Fleck and Natalie L. Nowicki</author>
            <journal>Fuel</journal>
            <month>mar</month>
            <number>4</number>
            <pages>585--596</pages>
            <publisher>Elsevier {BV}</publisher>
            <title>Burning velocity of methane/diluent mixture with reformer gas addition</title>
            <volume>86</volume>
            <year>2007</year>
        </details>
    </bibliographyLink>
    <experimentType>laminar burning velocity measurement</experimentType>
    <apparatus>
        <kind>flame</kind>
        <mode>premixed</mode>
        <mode>laminar</mode>
    </apparatus>
    <commonProperties>
        <property name="pressure"             label="P"  sourcetype="reported"    units="atm"           ><value>1</value></property>
        <property name="initial composition"  sourcetype="calculated" >
            <component><speciesLink preferredKey="CH4"  CAS="74-82-8"    InChI="1S/CH4/h1H4"  SMILES="C"    chemName="methane"  /><amount units="mole fraction" >0.095</amount></component>
            <component><speciesLink preferredKey="O2"   CAS="7782-44-7"  InChI="1S/O2/c1-2"   SMILES="O=O"  chemName="oxygen"   /><amount units="mole fraction" >0.18992</amount></component>
            <component><speciesLink preferredKey="N2"   CAS="7727-37-9"  InChI="1S/N2/c1-2"   SMILES="N#N"  chemName="nitrogen" /><amount units="mole fraction" >0.71508</amount></component>
        </property>
    </commonProperties>
    <dataGroup id="dg1">
        <property name="temperature"                   id="x1"   label="T"   sourcetype="digitized"  units="K"    />
        <property name="laminar burning velocity"      id="x2"   label="Sl"  sourcetype="digitized"  units="cm/s" />
        <property name="evaluated standard deviation"  id="x3"   sourcetype="estimated"  units="cm/s"  reference="laminar burning velocity"  kind="absolute"  method="combined from scatter and estimated uncertainty" />

        <dataPoint><x1>2.980000e+002</x1><x2>3.526834e+001</x2><x3>1.84650770579844</x3></dataPoint>
        <dataPoint><x1>3.730000e+002</x1><x2>5.198424e+001</x2><x3>2.65628579272412</x3></dataPoint>
        <dataPoint><x1>4.230000e+002</x1><x2>6.349335e+001</x2><x3>3.22156249780138</x3></dataPoint>
        <dataPoint><x1>4.730000e+002</x1><x2>7.595027e+001</x2><x3>3.83680335362216</x3></dataPoint>
    </dataGroup>
</experiment>
