<experiment>
    <fileAuthor>Chemical Kinetics Laboratory, Institute of Chemistry, ELTE, Budapest, Hungary</fileAuthor>
    <fileDOI>10.24388/x20004541</fileDOI>
    <fileVersion>
        <major>1</major>
        <minor>0</minor>
    </fileVersion>
    <ReSpecThVersion>
        <major>2</major>
        <minor>3</minor>
    </ReSpecThVersion>
    <firstPublicationDate>2021-10-29</firstPublicationDate>
    <lastModificationDate>2021-10-29</lastModificationDate>
    <bibliographyLink>
        <description>C. Echeverri-Uribe, A.A. Amell, L.M. Rubio-Gaviria, A. Colorado, V. Mcdonell, Fuel 180 (2016), 565--573</description>
        <referenceDOI>10.1016/j.fuel.2016.04.041</referenceDOI>
        <location>Main article, Fig. 9., blue circle</location>
        <table>Table 1. Compositions of mixtures of methane and water electrolysis products (composition by volume).</table>
        <figure>Main article, Fig. 9., blue circle</figure>
        <details>
            <author>Echeverri-Uribe, Camilo and Amell, Andr\'{e}s A and Rubio-Gaviria, Lina M and Colorado, Andr\'{e}s and Mcdonell, Vincent</author>
            <journal>Fuel</journal>
            <pages>565--573</pages>
            <title>Numerical and experimental analysis of the effect of adding water electrolysis products on the laminar burning velocity and stability of lean premixed methane/air flames at sub-atmospheric pressures</title>
            <volume>180</volume>
            <year>2016</year>
        </details>
    </bibliographyLink>
    <experimentType>laminar burning velocity measurement</experimentType>
    <apparatus>
        <kind>flame</kind>
        <mode>premixed</mode>
        <mode>laminar</mode>
        <mode>LFF?</mode>
    </apparatus>
    <commonProperties>
        <property name="temperature"  label="T"  sourcetype="reported"  units="K"   ><value>295</value></property>
        <property name="pressure"     label="p"  sourcetype="reported"  units="bar" ><value>0.849</value></property>
    </commonProperties>
    <dataGroup id="dg1">
        <property name="equivalence ratio"             id="x1"   label="phi"    sourcetype="digitized"  units="unitless"      />
        <property name="laminar burning velocity"      id="x2"   label="Sl"     sourcetype="digitized"  units="cm/s"          />
        <property name="uncertainty"                   id="x3"   label="d_Sl"   sourcetype="estimated"  units="cm/s"           reference="laminar burning velocity"  kind="absolute"  bound="plus"  />
        <property name="uncertainty"                   id="x4"   label="d_Sl"   sourcetype="estimated"  units="cm/s"           reference="laminar burning velocity"  kind="absolute"  bound="minus" />
        <property name="composition"                   id="x5"   label="[CH4]"  sourcetype="estimated"  units="mole fraction" >
            <speciesLink preferredKey="CH4"  CAS="74-82-8"    InChI="1S/CH4/h1H4"  SMILES="C"     chemName="methane"  />
        </property>
        <property name="composition"                   id="x6"   label="[O2]"   sourcetype="estimated"  units="mole fraction" >
            <speciesLink preferredKey="O2"   CAS="7782-44-7"  InChI="1S/O2/c1-2"   SMILES="O=O"   chemName="oxygen"   />
        </property>
        <property name="composition"                   id="x7"   label="[N2]"   sourcetype="estimated"  units="mole fraction" >
            <speciesLink preferredKey="N2"   CAS="7727-37-9"  InChI="1S/N2/c1-2"   SMILES="N#N"   chemName="nitrogen" />
        </property>
        <property name="composition"                   id="x8"   label="[H2]"   sourcetype="estimated"  units="mole fraction" >
            <speciesLink preferredKey="H2"   CAS="1333-74-0"  InChI="1S/H2/h1H"    SMILES="[HH]"  chemName="hydrogen" />
        </property>
        <property name="evaluated standard deviation"  id="x9"   sourcetype="estimated"  units="cm/s"           reference="laminar burning velocity"  kind="absolute"  method="combined from scatter and estimated uncertainty" />

        <dataPoint><x1>0.749485</x1><x2>27.5145</x2><x3>2.0987</x3><x4>2.0986</x4><x5>0.0720591</x5><x6>0.1931862</x6><x7>0.7267481</x7><x8>0.0053404</x8><x9>2.12505449459537</x9></dataPoint>
        <dataPoint><x1>0.798969</x1><x2>31.1025</x2><x3>2.4372</x3><x4>2.3017</x4><x5>0.0764766</x5><x6>0.1921555</x6><x7>0.7228706</x7><x8>0.0056678</x8> <x9>2.2963015199664</x9></dataPoint>
        <dataPoint>    <x1>0.85</x1><x2>33.2012</x2> <x3>2.234</x3><x4>2.2341</x4><x5>0.0809914</x5><x6>0.1911020</x6><x7>0.7189076</x7><x8>0.0060024</x8><x9>2.39975742550867</x9></dataPoint>
        <dataPoint><x1>0.904124</x1><x2>36.2476</x2> <x3>2.234</x3><x4>2.0987</x4><x5>0.0857351</x5><x6>0.1899951</x6><x7>0.7147436</x7><x8>0.0063539</x8><x9>2.55352373571032</x9></dataPoint>
        <dataPoint><x1>0.949485</x1><x2>41.8665</x2>     <x3>0</x3><x4>2.4371</x4><x5>0.0896759</x5><x6>0.1890756</x6><x7>0.7112845</x7><x8>0.0066460</x8><x9>2.84615154343545</x9></dataPoint>
        <dataPoint> <x1>1.00103</x1><x2>41.5957</x2><x3>1.8279</x3><x4>1.8955</x4><x5>0.0941158</x5><x6>0.1880396</x6><x7>0.7073872</x7><x8>0.0069750</x8><x9>2.83182149484462</x9></dataPoint>
    </dataGroup>
    <comment>Data is about CH4-E10/air mixture. CH4, O2 and N2 mole fractions were estimated using phi, CH4, H2, O2 volume% in mixtures, O2 and N2 volume% in air.</comment>
</experiment>
