<experiment>
    <fileAuthor>Chemical Kinetics Laboratory, Institute of Chemistry, ELTE, Budapest, Hungary</fileAuthor>
    <fileDOI>10.24388/x20004401</fileDOI>
    <fileVersion>
        <major>1</major>
        <minor>0</minor>
    </fileVersion>
    <ReSpecThVersion>
        <major>2</major>
        <minor>3</minor>
    </ReSpecThVersion>
    <firstPublicationDate>2021-10-29</firstPublicationDate>
    <lastModificationDate>2021-10-29</lastModificationDate>
    <bibliographyLink>
        <description>F. HALTER, C. CHAUVEAU, I. GOKALP, International Journal of Hydrogen Energy 32 (2007), 2585--2592</description>
        <referenceDOI>10.1016/j.ijhydene.2006.11.033</referenceDOI>
        <location>Main article</location>
        <figure>Fig.5., cross</figure>
        <details>
            <author>F HALTER and C CHAUVEAU and I GOKALP</author>
            <journal>International Journal of Hydrogen Energy</journal>
            <month>sep</month>
            <number>13</number>
            <pages>2585--2592</pages>
            <publisher>Elsevier {BV}</publisher>
            <title>Characterization of the effects of hydrogen addition in premixed methane/air flames</title>
            <volume>32</volume>
            <year>2007</year>
        </details>
    </bibliographyLink>
    <experimentType>laminar burning velocity measurement</experimentType>
    <apparatus>
        <kind>flame</kind>
        <mode>premixed</mode>
        <mode>laminar</mode>
    </apparatus>
    <commonProperties>
        <property name="pressure"     label="P"  sourcetype="reported"  units="Pa" ><value>0.1e+006</value></property>
        <property name="temperature"  label="T"  sourcetype="reported"  units="K"  ><value>298</value></property>
    </commonProperties>
    <dataGroup id="dg1">
        <property name="laminar burning velocity"      id="x1"   label="Sl"     sourcetype="digitized"   units="cm/s"          />
        <property name="composition"                   id="x2"   label="[CH4]"  sourcetype="calculated"  units="mole fraction" >
            <speciesLink preferredKey="CH4"  CAS="74-82-8"    InChI="1S/CH4/h1H4"  SMILES="C"     chemName="methane"  />
        </property>
        <property name="composition"                   id="x3"   label="[O2]"   sourcetype="calculated"  units="mole fraction" >
            <speciesLink preferredKey="O2"   CAS="7782-44-7"  InChI="1S/O2/c1-2"   SMILES="O=O"   chemName="oxygen"   />
        </property>
        <property name="composition"                   id="x4"   label="[N2]"   sourcetype="calculated"  units="mole fraction" >
            <speciesLink preferredKey="N2"   CAS="7727-37-9"  InChI="1S/N2/c1-2"   SMILES="N#N"   chemName="nitrogen" />
        </property>
        <property name="composition"                   id="x5"   label="[H2]"   sourcetype="calculated"  units="mole fraction" >
            <speciesLink preferredKey="H2"   CAS="1333-74-0"  InChI="1S/H2/h1H"    SMILES="[HH]"  chemName="hydrogen" />
        </property>
        <property name="evaluated standard deviation"  id="x6"   sourcetype="estimated"   units="cm/s"           reference="laminar burning velocity"  kind="absolute"  method="combined from scatter and estimated uncertainty" />

        <dataPoint><x1>3.480684e+001</x1><x2>9.505703e-002</x2><x3>1.901141e-001</x3><x4>7.148289e-001</x4><x5>0.000000e+000</x5><x6>2.09727747137382</x6></dataPoint>
        <dataPoint><x1>3.816868e+001</x1><x2>9.178054e-002</x2><x3>1.886600e-001</x3><x4>7.093616e-001</x4><x5>1.019784e-002</x5><x6>2.29820975363361</x6></dataPoint>
        <dataPoint><x1>4.105868e+001</x1><x2>8.798944e-002</x2><x3>1.869776e-001</x3><x4>7.030356e-001</x4><x5>2.199736e-002</x5><x6>2.47104219412309</x6></dataPoint>
    </dataGroup>
</experiment>
