<experiment>
    <fileAuthor>Chemical Kinetics Laboratory, Institute of Chemistry, ELTE, Budapest, Hungary</fileAuthor>
    <fileDOI>10.24388/x20004585</fileDOI>
    <fileVersion>
        <major>1</major>
        <minor>0</minor>
    </fileVersion>
    <ReSpecThVersion>
        <major>2</major>
        <minor>3</minor>
    </ReSpecThVersion>
    <firstPublicationDate>2021-10-29</firstPublicationDate>
    <lastModificationDate>2021-10-29</lastModificationDate>
    <bibliographyLink>
        <description>N. Hinton, R. Stone, R. Cracknell, Fuel 211 (2018), 446 - 457</description>
        <referenceDOI>10.1016/j.fuel.2017.09.031</referenceDOI>
        <location>Main article</location>
        <figure>fig. 7., 4 bar / 298 K series</figure>
        <details>
            <author>Nathan Hinton and Richard Stone and Roger Cracknell</author>
            <journal>Fuel</journal>
            <pages>446 - 457</pages>
            <title>Laminar burning velocity measurements in constant volume vessels – Reconciliation of flame front imaging and pressure rise methods</title>
            <volume>211</volume>
            <year>2018</year>
        </details>
    </bibliographyLink>
    <experimentType>laminar burning velocity measurement</experimentType>
    <apparatus>
        <kind>flame</kind>
        <mode>premixed</mode>
        <mode>laminar</mode>
        <mode>OPF</mode>
    </apparatus>
    <commonProperties>
        <property name="temperature"                   label="T"  sourcetype="reported"   units="K"    ><value>298</value></property>
        <property name="pressure"                      label="p"  sourcetype="reported"   units="bar"  ><value>4</value></property>
        <property name="evaluated standard deviation"  sourcetype="estimated"  units="cm/s"  reference="laminar burning velocity"  kind="absolute"  method="generic uncertainty" ><value>0.5</value></property>
    </commonProperties>
    <dataGroup id="dg1">
        <property name="laminar burning velocity"  id="x1"   label="Sl"     sourcetype="digitized"   units="cm/s"          />
        <property name="composition"               id="x2"   label="[CH4]"  sourcetype="calculated"  units="mole fraction" >
            <speciesLink preferredKey="CH4"  CAS="74-82-8"    InChI="1S/CH4/h1H4"    SMILES="C"        chemName="methane"        />
        </property>
        <property name="composition"               id="x3"   label="[O2]"   sourcetype="calculated"  units="mole fraction" >
            <speciesLink preferredKey="O2"   CAS="7782-44-7"  InChI="1S/O2/c1-2"     SMILES="O=O"      chemName="oxygen"         />
        </property>
        <property name="composition"               id="x4"   label="[N2]"   sourcetype="calculated"  units="mole fraction" >
            <speciesLink preferredKey="N2"   CAS="7727-37-9"  InChI="1S/N2/c1-2"     SMILES="N#N"      chemName="nitrogen"       />
        </property>
        <property name="composition"               id="x5"   label="[CO2]"  sourcetype="calculated"  units="mole fraction" >
            <speciesLink preferredKey="CO2"  CAS="124-38-9"   InChI="1S/CO2/c2-1-3"  SMILES="C(=O)=O"  chemName="carbon dioxide" />
        </property>

        <dataPoint> <x1>5.29</x1><x2>0.065479</x2><x3>0.187082</x3><x4>0.703786</x4><x5>0.043653</x5></dataPoint>
        <dataPoint> <x1>9.67</x1><x2>0.073684</x2><x3>0.184211</x3><x4>0.692982</x4><x5>0.049123</x5></dataPoint>
        <dataPoint><x1>12.07</x1><x2>0.081641</x2><x3>0.181425</x3><x4>0.682505</x4><x5>0.054428</x5></dataPoint>
        <dataPoint><x1>13.27</x1><x2>0.089362</x2><x3>0.178723</x3><x4>0.672340</x4><x5>0.059574</x5></dataPoint>
        <dataPoint><x1>12.00</x1><x2>0.096855</x2><x3>0.176101</x3><x4>0.662474</x4><x5>0.064570</x5></dataPoint>
        <dataPoint> <x1>6.85</x1><x2>0.104132</x2><x3>0.173554</x3><x4>0.652893</x4><x5>0.069421</x5></dataPoint>
    </dataGroup>
    <comment>CH4, O2, N2, and CO2 mole fractions were calculated using the equivalence ration and methane / carbon dioxide ratio (60% / 40%). The uncertainty of measured laminar buring velocity is 3%.</comment>
</experiment>
