<experiment>
    <fileAuthor>Chemical Kinetics Laboratory, Institute of Chemistry, ELTE, Budapest, Hungary</fileAuthor>
    <fileDOI>10.24388/x20004224</fileDOI>
    <fileVersion>
        <major>1</major>
        <minor>0</minor>
    </fileVersion>
    <ReSpecThVersion>
        <major>2</major>
        <minor>3</minor>
    </ReSpecThVersion>
    <firstPublicationDate>2021-10-29</firstPublicationDate>
    <lastModificationDate>2021-10-29</lastModificationDate>
    <bibliographyLink>
        <description>C.K. Law, D.L. Zhu, G. Yu, Combustion and Flame 21 (1988), 1419--1426</description>
        <referenceDOI>10.1016/S0082-0784(88)80374-6</referenceDOI>
        <location>Fig. 5 open circle</location>
        <figure>Fig. 5</figure>
        <details>
            <author>C.K. Law and D.L. Zhu and G. Yu</author>
            <journal>Combustion and Flame</journal>
            <month>jan</month>
            <number>1</number>
            <pages>1419--1426</pages>
            <publisher>Elsevier {BV}</publisher>
            <title>Propagation and extinction of stretched premixed flames</title>
            <volume>21</volume>
            <year>1988</year>
        </details>
    </bibliographyLink>
    <experimentType>laminar burning velocity measurement</experimentType>
    <apparatus>
        <kind>flame</kind>
        <mode>premixed</mode>
        <mode>laminar</mode>
    </apparatus>
    <commonProperties>
        <property name="pressure"                      label="P"  sourcetype="estimated"  units="atm"  ><value>1</value></property>
        <property name="temperature"                   label="T"  sourcetype="estimated"  units="K"    ><value>298</value></property>
        <property name="evaluated standard deviation"  sourcetype="estimated"  units="cm/s"  reference="laminar burning velocity"  kind="absolute"  method="combined from scatter and reported uncertainty" ><value>0.989155250908572</value></property>
    </commonProperties>
    <dataGroup id="dg1">
        <property name="laminar burning velocity"  id="x1"   label="Sl"     sourcetype="digitized"  units="cm/s"          />
        <property name="composition"               id="x2"   label="[CH4]"  sourcetype="digitized"  units="mole fraction" >
            <speciesLink preferredKey="CH4"  CAS="74-82-8"    InChI="1S/CH4/h1H4"  SMILES="C"    chemName="methane"  />
        </property>
        <property name="composition"               id="x3"   label="[O2]"   sourcetype="digitized"  units="mole fraction" >
            <speciesLink preferredKey="O2"   CAS="7782-44-7"  InChI="1S/O2/c1-2"   SMILES="O=O"  chemName="oxygen"   />
        </property>
        <property name="composition"               id="x4"   label="[N2]"   sourcetype="digitized"  units="mole fraction" >
            <speciesLink preferredKey="N2"   CAS="7727-37-9"  InChI="1S/N2/c1-2"   SMILES="N#N"  chemName="nitrogen" />
        </property>

        <dataPoint><x1>9.268120e+000</x1><x2>5.401462e-002</x2><x3>2.006636e-001</x3><x4>7.453218e-001</x4></dataPoint>
        <dataPoint><x1>1.031020e+001</x1><x2>5.598847e-002</x2><x3>2.002449e-001</x3><x4>7.437667e-001</x4></dataPoint>
        <dataPoint><x1>1.148910e+001</x1><x2>5.883145e-002</x2><x3>1.996418e-001</x3><x4>7.415267e-001</x4></dataPoint>
        <dataPoint><x1>1.920710e+001</x1><x2>6.841148e-002</x2><x3>1.976097e-001</x3><x4>7.339788e-001</x4></dataPoint>
        <dataPoint><x1>2.769327e+001</x1><x2>7.781109e-002</x2><x3>1.956158e-001</x3><x4>7.265731e-001</x4></dataPoint>
        <dataPoint><x1>3.371507e+001</x1><x2>8.585713e-002</x2><x3>1.939091e-001</x3><x4>7.202338e-001</x4></dataPoint>
        <dataPoint><x1>3.908154e+001</x1><x2>9.367164e-002</x2><x3>1.922515e-001</x3><x4>7.140769e-001</x4></dataPoint>
        <dataPoint><x1>4.092686e+001</x1><x2>1.034131e-001</x2><x3>1.901851e-001</x3><x4>7.064018e-001</x4></dataPoint>
        <dataPoint><x1>3.831775e+001</x1><x2>1.106641e-001</x2><x3>1.886470e-001</x3><x4>7.006889e-001</x4></dataPoint>
        <dataPoint><x1>3.520593e+001</x1><x2>1.143290e-001</x2><x3>1.878696e-001</x3><x4>6.978014e-001</x4></dataPoint>
        <dataPoint><x1>2.658642e+001</x1><x2>1.209202e-001</x2><x3>1.864715e-001</x3><x4>6.926083e-001</x4></dataPoint>
        <dataPoint><x1>2.413067e+001</x1><x2>1.250318e-001</x2><x3>1.855993e-001</x3><x4>6.893689e-001</x4></dataPoint>
        <dataPoint><x1>1.657247e+001</x1><x2>1.311451e-001</x2><x3>1.843026e-001</x3><x4>6.845524e-001</x4></dataPoint>
        <dataPoint><x1>1.330214e+001</x1><x2>1.344282e-001</x2><x3>1.836061e-001</x3><x4>6.819657e-001</x4></dataPoint>
        <dataPoint><x1>1.134342e+001</x1><x2>1.384107e-001</x2><x3>1.827614e-001</x3><x4>6.788280e-001</x4></dataPoint>
        <dataPoint><x1>1.096238e+001</x1><x2>1.401683e-001</x2><x3>1.823885e-001</x3><x4>6.774431e-001</x4></dataPoint>
    </dataGroup>
</experiment>
