<experiment>
    <fileAuthor>Chemical Kinetics Laboratory, Institute of Chemistry, ELTE, Budapest, Hungary</fileAuthor>
    <fileDOI>10.24388/x20004026</fileDOI>
    <fileVersion>
        <major>1</major>
        <minor>0</minor>
    </fileVersion>
    <ReSpecThVersion>
        <major>2</major>
        <minor>3</minor>
    </ReSpecThVersion>
    <firstPublicationDate>2021-10-29</firstPublicationDate>
    <lastModificationDate>2021-10-29</lastModificationDate>
    <bibliographyLink>
        <description>G. Rozenchan, D.L. Zhu, C.K. Law, S.D. Tse, Proceedings of the Combustion Institute 29 (2002), 1461--1470</description>
        <referenceDOI>10.1016/S1540-7489(02)80179-1</referenceDOI>
        <location>Main article, Fig. 4, open square</location>
        <figure>Figure 4</figure>
        <details>
            <author>G. Rozenchan and D.L. Zhu and C.K. Law and S.D. Tse</author>
            <journal>Proceedings of the Combustion Institute</journal>
            <month>jan</month>
            <number>2</number>
            <pages>1461--1470</pages>
            <publisher>Elsevier {BV}</publisher>
            <title>Outward propagation, burning velocities, and chemical effects of methane flames up to 60 {ATM}</title>
            <volume>29</volume>
            <year>2002</year>
        </details>
    </bibliographyLink>
    <experimentType>laminar burning velocity measurement</experimentType>
    <apparatus>
        <kind>flame</kind>
        <mode>premixed</mode>
        <mode>laminar</mode>
    </apparatus>
    <commonProperties>
        <property name="pressure"     label="P"  sourcetype="reported"  units="atm" ><value>20</value></property>
        <property name="temperature"  label="T"  sourcetype="reported"  units="K"   ><value>298</value></property>
    </commonProperties>
    <dataGroup id="dg1">
        <property name="laminar burning velocity"      id="x1"   label="Sl"     sourcetype="digitized"  units="cm/s"          />
        <property name="composition"                   id="x2"   label="[CH4]"  sourcetype="digitized"  units="mole fraction" >
            <speciesLink preferredKey="CH4"  CAS="74-82-8"    InChI="1S/CH4/h1H4"  SMILES="C"     chemName="methane" />
        </property>
        <property name="composition"                   id="x3"   label="[O2]"   sourcetype="digitized"  units="mole fraction" >
            <speciesLink preferredKey="O2"   CAS="7782-44-7"  InChI="1S/O2/c1-2"   SMILES="O=O"   chemName="oxygen"  />
        </property>
        <property name="composition"                   id="x4"   label="[He]"   sourcetype="digitized"  units="mole fraction" >
            <speciesLink preferredKey="He"   CAS="7440-59-7"  InChI="1S/He"        SMILES="[He]"  chemName="helium"  />
        </property>
        <property name="evaluated standard deviation"  id="x5"   sourcetype="estimated"  units="cm/s"           reference="laminar burning velocity"  kind="absolute"  method="combined from scatter and estimated uncertainty" />

        <dataPoint><x1>2.845520e+001</x1><x2>6.370991e-002</x2><x3>1.591693e-001</x3><x4>7.771208e-001</x4> <x5>1.54519133727963</x5></dataPoint>
        <dataPoint><x1>3.599340e+001</x1><x2>7.105556e-002</x2><x3>1.579206e-001</x3><x4>7.710239e-001</x4> <x5>1.89794161135268</x5></dataPoint>
        <dataPoint><x1>3.854810e+001</x1><x2>7.829841e-002</x2><x3>1.566893e-001</x3><x4>7.650123e-001</x4> <x5>2.01947029817945</x5></dataPoint>
        <dataPoint><x1>3.790308e+001</x1><x2>8.551947e-002</x2><x3>1.554617e-001</x3><x4>7.590188e-001</x4> <x5>1.98871288398301</x5></dataPoint>
        <dataPoint><x1>3.083067e+001</x1><x2>9.248339e-002</x2><x3>1.542778e-001</x3><x4>7.532388e-001</x4> <x5>1.65520264101597</x5></dataPoint>
        <dataPoint><x1>2.184678e+001</x1><x2>9.950473e-002</x2><x3>1.530842e-001</x3><x4>7.474111e-001</x4> <x5>1.24762764562389</x5></dataPoint>
        <dataPoint><x1>1.444865e+001</x1><x2>1.063368e-001</x2><x3>1.519227e-001</x3><x4>7.417405e-001</x4><x5>0.940892644386303</x5></dataPoint>
    </dataGroup>
</experiment>
