<experiment>
    <fileAuthor>Chemical Kinetics Laboratory, Institute of Chemistry, ELTE, Budapest, Hungary</fileAuthor>
    <fileDOI>10.24388/x20004228</fileDOI>
    <fileVersion>
        <major>1</major>
        <minor>0</minor>
    </fileVersion>
    <ReSpecThVersion>
        <major>2</major>
        <minor>3</minor>
    </ReSpecThVersion>
    <firstPublicationDate>2021-10-29</firstPublicationDate>
    <lastModificationDate>2021-10-29</lastModificationDate>
    <bibliographyLink>
        <description>G. Yu, C.K. Law, C.K. Wu, Combustion and Flame 63 (1986), 339--347</description>
        <referenceDOI>10.1016/0010-2180(86)90003-9</referenceDOI>
        <location>Fig. 6 open circle RH=0.30</location>
        <figure>Fig. 6</figure>
        <details>
            <author>G. Yu and C.K. Law and C.K. Wu</author>
            <journal>Combustion and Flame</journal>
            <month>mar</month>
            <number>3</number>
            <pages>339--347</pages>
            <publisher>Elsevier {BV}</publisher>
            <title>Laminar flame speeds of hydrocarbon $\mathplus$ air mixtures with hydrogen addition</title>
            <volume>63</volume>
            <year>1986</year>
        </details>
    </bibliographyLink>
    <experimentType>laminar burning velocity measurement</experimentType>
    <apparatus>
        <kind>flame</kind>
        <mode>premixed</mode>
        <mode>laminar</mode>
    </apparatus>
    <commonProperties>
        <property name="pressure"                      label="P"  sourcetype="estimated"  units="atm"  ><value>1</value></property>
        <property name="temperature"                   label="T"  sourcetype="estimated"  units="K"    ><value>298</value></property>
        <property name="evaluated standard deviation"  sourcetype="estimated"  units="cm/s"  reference="laminar burning velocity"  kind="absolute"  method="combined from scatter and estimated uncertainty" ><value>1.34028684841156</value></property>
    </commonProperties>
    <dataGroup id="dg1">
        <property name="laminar burning velocity"  id="x1"   label="Sl"     sourcetype="digitized"  units="cm/s"          />
        <property name="composition"               id="x2"   label="[CH4]"  sourcetype="digitized"  units="mole fraction" >
            <speciesLink preferredKey="CH4"  CAS="74-82-8"    InChI="1S/CH4/h1H4"  SMILES="C"     chemName="methane"  />
        </property>
        <property name="composition"               id="x3"   label="[O2]"   sourcetype="digitized"  units="mole fraction" >
            <speciesLink preferredKey="O2"   CAS="7782-44-7"  InChI="1S/O2/c1-2"   SMILES="O=O"   chemName="oxygen"   />
        </property>
        <property name="composition"               id="x4"   label="[N2]"   sourcetype="digitized"  units="mole fraction" >
            <speciesLink preferredKey="N2"   CAS="7727-37-9"  InChI="1S/N2/c1-2"   SMILES="N#N"   chemName="nitrogen" />
        </property>
        <property name="composition"               id="x5"   label="[H2]"   sourcetype="digitized"  units="mole fraction" >
            <speciesLink preferredKey="H2"   CAS="1333-74-0"  InChI="1S/H2/h1H"    SMILES="[HH]"  chemName="hydrogen" />
        </property>

        <dataPoint><x1>2.793863e+001</x1><x2>3.893409e-002</x2><x3>1.875383e-001</x3><x4>7.055012e-001</x4><x5>6.802647e-002</x5></dataPoint>
        <dataPoint><x1>3.716747e+001</x1><x2>4.680964e-002</x2><x3>1.858844e-001</x3><x4>6.992795e-001</x4><x5>6.802647e-002</x5></dataPoint>
        <dataPoint><x1>4.612795e+001</x1><x2>5.327665e-002</x2><x3>1.845263e-001</x3><x4>6.941705e-001</x4><x5>6.802647e-002</x5></dataPoint>
        <dataPoint><x1>5.194940e+001</x1><x2>5.960416e-002</x2><x3>1.831976e-001</x3><x4>6.891718e-001</x4><x5>6.802647e-002</x5></dataPoint>
        <dataPoint><x1>6.130549e+001</x1><x2>6.696373e-002</x2><x3>1.816521e-001</x3><x4>6.833577e-001</x4><x5>6.802647e-002</x5></dataPoint>
        <dataPoint><x1>6.628859e+001</x1><x2>7.338989e-002</x2><x3>1.803026e-001</x3><x4>6.782811e-001</x4><x5>6.802647e-002</x5></dataPoint>
        <dataPoint><x1>6.678963e+001</x1><x2>7.981955e-002</x2><x3>1.789523e-001</x3><x4>6.732016e-001</x4><x5>6.802647e-002</x5></dataPoint>
        <dataPoint><x1>6.235212e+001</x1><x2>8.633588e-002</x2><x3>1.775839e-001</x3><x4>6.680537e-001</x4><x5>6.802647e-002</x5></dataPoint>
        <dataPoint><x1>5.492882e+001</x1><x2>9.256021e-002</x2><x3>1.762768e-001</x3><x4>6.631365e-001</x4><x5>6.802647e-002</x5></dataPoint>
        <dataPoint><x1>4.602716e+001</x1><x2>9.701822e-002</x2><x3>1.753406e-001</x3><x4>6.596147e-001</x4><x5>6.802647e-002</x5></dataPoint>
    </dataGroup>
</experiment>
