<experiment>
    <fileAuthor>Chemical Kinetics Laboratory, Institute of Chemistry, ELTE, Budapest, Hungary</fileAuthor>
    <fileDOI>10.24388/x20004564</fileDOI>
    <fileVersion>
        <major>1</major>
        <minor>0</minor>
    </fileVersion>
    <ReSpecThVersion>
        <major>2</major>
        <minor>3</minor>
    </ReSpecThVersion>
    <firstPublicationDate>2021-10-29</firstPublicationDate>
    <lastModificationDate>2021-10-29</lastModificationDate>
    <bibliographyLink>
        <description>I.V. DYAKOV, A.A. KONNOV, J.D. RUYCK, K.J. BOSSCHAART, E.C.M. BROCK, L.P.H.D. GOEY, Combustion Science and Technology 172 (2001), 81--96</description>
        <referenceDOI>10.1080/00102200108935839</referenceDOI>
        <location>Main article</location>
        <table>Table. 3., air series</table>
        <figure>Fig. 3., diamond</figure>
        <details>
            <author>I.V. DYAKOV and A. A. KONNOV and J. DE RUYCK and K. J. BOSSCHAART and E. C. M. BROCK and L. P. H. DE GOEY</author>
            <journal>Combustion Science and Technology</journal>
            <month>nov</month>
            <number>1</number>
            <pages>81--96</pages>
            <publisher>Informa {UK} Limited</publisher>
            <title>MEASUREMENT} {OF} {ADIABATIC} {BURNING} {VELOCITY} {IN} {METHANE}-{OXYGEN}-{NITROGEN} {MIXTURES</title>
            <volume>172</volume>
            <year>2001</year>
        </details>
    </bibliographyLink>
    <experimentType>laminar burning velocity measurement</experimentType>
    <apparatus>
        <kind>flame</kind>
        <mode>premixed</mode>
        <mode>laminar</mode>
        <mode>HFM</mode>
    </apparatus>
    <commonProperties>
        <property name="temperature"                   label="T"    sourcetype="reported"   units="K"    ><value>298</value></property>
        <property name="uncertainty"                   label="d_T"  sourcetype="reported"   units="K"     reference="temperature"               kind="absolute"  bound="plusminus" ><value>2</value></property>
        <property name="pressure"                      label="p"    sourcetype="reported"   units="bar"  ><value>1</value></property>
        <property name="uncertainty"                   label="d_p"  sourcetype="reported"   units="Pa"    reference="pressure"                  kind="absolute"  bound="plusminus" ><value>100</value></property>
        <property name="evaluated standard deviation"  sourcetype="estimated"  units="cm/s"  reference="laminar burning velocity"  kind="absolute"  method="combined from scatter and reported uncertainty" ><value>0.71139660113048</value></property>
    </commonProperties>
    <dataGroup id="dg1">
        <property name="laminar burning velocity"  id="x1"   label="Sl"     sourcetype="digitized"   units="cm/s"          />
        <property name="composition"               id="x2"   label="[CH4]"  sourcetype="calculated"  units="mole fraction" >
            <speciesLink preferredKey="CH4"  CAS="74-82-8"    InChI="1S/CH4/h1H4"  SMILES="C"    chemName="methane"  />
        </property>
        <property name="composition"               id="x3"   label="[O2]"   sourcetype="calculated"  units="mole fraction" >
            <speciesLink preferredKey="O2"   CAS="7782-44-7"  InChI="1S/O2/c1-2"   SMILES="O=O"  chemName="oxygen"   />
        </property>
        <property name="composition"               id="x4"   label="[N2]"   sourcetype="calculated"  units="mole fraction" >
            <speciesLink preferredKey="N2"   CAS="7727-37-9"  InChI="1S/N2/c1-2"   SMILES="N#N"  chemName="nitrogen" />
        </property>

        <dataPoint><x1>16.42</x1><x2>0.06847</x2><x3>0.19562</x3><x4>0.73591</x4></dataPoint>
        <dataPoint><x1>20.79</x1><x2>0.07300</x2><x3>0.19467</x3><x4>0.73233</x4></dataPoint>
        <dataPoint><x1>25.11</x1><x2>0.07749</x2><x3>0.19373</x3><x4>0.72878</x4></dataPoint>
        <dataPoint><x1>28.75</x1><x2>0.08194</x2><x3>0.19279</x3><x4>0.72527</x4></dataPoint>
        <dataPoint><x1>32.35</x1><x2>0.08634</x2><x3>0.19187</x3><x4>0.72179</x4></dataPoint>
        <dataPoint><x1>35.04</x1><x2>0.09070</x2><x3>0.19095</x3><x4>0.71835</x4></dataPoint>
        <dataPoint><x1>37.24</x1><x2>0.09502</x2><x3>0.19005</x3><x4>0.71493</x4></dataPoint>
        <dataPoint><x1>38.50</x1><x2>0.09930</x2><x3>0.18915</x3><x4>0.71155</x4></dataPoint>
        <dataPoint><x1>38.76</x1><x2>0.10354</x2><x3>0.18826</x3><x4>0.70820</x4></dataPoint>
        <dataPoint><x1>37.98</x1><x2>0.10774</x2><x3>0.18737</x3><x4>0.70489</x4></dataPoint>
        <dataPoint><x1>35.78</x1><x2>0.11190</x2><x3>0.18650</x3><x4>0.70160</x4></dataPoint>
        <dataPoint><x1>32.47</x1><x2>0.11602</x2><x3>0.18564</x3><x4>0.69834</x4></dataPoint>
        <dataPoint><x1>27.59</x1><x2>0.12011</x2><x3>0.18478</x3><x4>0.69512</x4></dataPoint>
        <dataPoint><x1>22.52</x1><x2>0.12415</x2><x3>0.18393</x3><x4>0.69192</x4></dataPoint>
        <dataPoint><x1>16.99</x1><x2>0.12816</x2><x3>0.18309</x3><x4>0.68875</x4></dataPoint>
        <dataPoint><x1>10.19</x1><x2>0.13607</x2><x3>0.18143</x3><x4>0.68251</x4></dataPoint>
    </dataGroup>
    <comment>CH4, O2 and N2 mole fractions were calculated using the ration: [O2]/([O2]+[N2]).</comment>
</experiment>
