<experiment>
    <fileAuthor>Chemical Kinetics Laboratory, Institute of Chemistry, ELTE, Budapest, Hungary</fileAuthor>
    <fileDOI>10.24388/x20004107</fileDOI>
    <fileVersion>
        <major>1</major>
        <minor>0</minor>
    </fileVersion>
    <ReSpecThVersion>
        <major>2</major>
        <minor>3</minor>
    </ReSpecThVersion>
    <firstPublicationDate>2021-10-29</firstPublicationDate>
    <lastModificationDate>2021-10-29</lastModificationDate>
    <bibliographyLink>
        <description>A.A. Konnov, R. Riemeijer, L.P.H.{. Goey}, Fuel 89 (2010), 1392-1396</description>
        <referenceDOI>10.1016/j.fuel.2009.11.002</referenceDOI>
        <location>Main article, Fig. 5, open square</location>
        <figure>Figure 5</figure>
        <details>
            <author>A.A. Konnov and R. Riemeijer and L.P.H. {de Goey}</author>
            <journal>Fuel</journal>
            <number>7</number>
            <pages>1392-1396</pages>
            <title>Adiabatic laminar burning velocities of CH4+H2+air flames at low pressures</title>
            <volume>89</volume>
            <year>2010</year>
        </details>
    </bibliographyLink>
    <experimentType>laminar burning velocity measurement</experimentType>
    <apparatus>
        <kind>flame</kind>
        <mode>premixed</mode>
        <mode>laminar</mode>
    </apparatus>
    <commonProperties>
        <property name="pressure"                      label="P"  sourcetype="reported"   units="Pa"   ><value>60000</value></property>
        <property name="temperature"                   label="T"  sourcetype="reported"   units="K"    ><value>298</value></property>
        <property name="evaluated standard deviation"  sourcetype="estimated"  units="cm/s"  reference="laminar burning velocity"  kind="absolute"  method="combined from scatter and reported uncertainty" ><value>1.31969713110522</value></property>
    </commonProperties>
    <dataGroup id="dg1">
        <property name="laminar burning velocity"  id="x1"   label="Sl"     sourcetype="digitized"  units="cm/s"          />
        <property name="composition"               id="x2"   label="[CH4]"  sourcetype="digitized"  units="mole fraction" >
            <speciesLink preferredKey="CH4"  CAS="74-82-8"    InChI="1S/CH4/h1H4"  SMILES="C"     chemName="methane"  />
        </property>
        <property name="composition"               id="x3"   label="[O2]"   sourcetype="digitized"  units="mole fraction" >
            <speciesLink preferredKey="O2"   CAS="7782-44-7"  InChI="1S/O2/c1-2"   SMILES="O=O"   chemName="oxygen"   />
        </property>
        <property name="composition"               id="x4"   label="[N2]"   sourcetype="digitized"  units="mole fraction" >
            <speciesLink preferredKey="N2"   CAS="7727-37-9"  InChI="1S/N2/c1-2"   SMILES="N#N"   chemName="nitrogen" />
        </property>
        <property name="composition"               id="x5"   label="[H2]"   sourcetype="digitized"  units="mole fraction" >
            <speciesLink preferredKey="H2"   CAS="1333-74-0"  InChI="1S/H2/h1H"    SMILES="[HH]"  chemName="hydrogen" />
        </property>

        <dataPoint><x1>3.740704e+001</x1><x2>7.260775e-002</x2><x3>1.928692e-001</x3><x4>7.163712e-001</x4><x5>1.815194e-002</x5></dataPoint>
        <dataPoint><x1>4.552764e+001</x1><x2>8.076520e-002</x2><x3>1.907062e-001</x3><x4>7.083373e-001</x4><x5>2.019130e-002</x5></dataPoint>
        <dataPoint><x1>5.029146e+001</x1><x2>8.875670e-002</x2><x3>1.885872e-001</x3><x4>7.004669e-001</x4><x5>2.218917e-002</x5></dataPoint>
        <dataPoint><x1>5.073367e+001</x1><x2>9.655867e-002</x2><x3>1.865185e-001</x3><x4>6.927831e-001</x4><x5>2.413967e-002</x5></dataPoint>
        <dataPoint><x1>4.584925e+001</x1><x2>1.041913e-001</x2><x3>1.844947e-001</x3><x4>6.852661e-001</x4><x5>2.604783e-002</x5></dataPoint>
        <dataPoint><x1>3.533668e+001</x1><x2>1.116601e-001</x2><x3>1.825144e-001</x3><x4>6.779105e-001</x4><x5>2.791503e-002</x5></dataPoint>
        <dataPoint><x1>2.418090e+001</x1><x2>1.189696e-001</x2><x3>1.805762e-001</x3><x4>6.707118e-001</x4><x5>2.974240e-002</x5></dataPoint>
    </dataGroup>
</experiment>
