<experiment>
    <fileAuthor>Chemical Kinetics Laboratory, Institute of Chemistry, ELTE, Budapest, Hungary</fileAuthor>
    <fileDOI>10.24388/x20004302</fileDOI>
    <fileVersion>
        <major>1</major>
        <minor>0</minor>
    </fileVersion>
    <ReSpecThVersion>
        <major>2</major>
        <minor>3</minor>
    </ReSpecThVersion>
    <firstPublicationDate>2021-10-29</firstPublicationDate>
    <lastModificationDate>2021-10-29</lastModificationDate>
    <bibliographyLink>
        <description>P. Dirrenberger, H.L. Gall, R. Bounaceur, O. Herbinet, P. Glaude, A. Konnov, F. Battin-Leclerc, Energy Fuels 25 (2011), 3875--3884</description>
        <referenceDOI>10.1021/ef200707h</referenceDOI>
        <location>Main article, Fig. 5, full circle</location>
        <figure>Figure 5</figure>
        <details>
            <author>Patricia Dirrenberger and Herve{\'} Le Gall and Roda Bounaceur and Olivier Herbinet and Pierre-Alexandre Glaude and Alexander Konnov and Fre{\'}de{\'}rique Battin-Leclerc</author>
            <journal>Energy Fuels</journal>
            <month>sep</month>
            <number>9</number>
            <pages>3875--3884</pages>
            <publisher>American Chemical Society ({ACS})</publisher>
            <title>Measurements of Laminar Flame Velocity for Components of Natural Gas</title>
            <volume>25</volume>
            <year>2011</year>
        </details>
    </bibliographyLink>
    <experimentType>laminar burning velocity measurement</experimentType>
    <apparatus>
        <kind>flame</kind>
        <mode>premixed</mode>
        <mode>laminar</mode>
    </apparatus>
    <commonProperties>
        <property name="pressure"     label="P"  sourcetype="reported"  units="atm" ><value>1</value></property>
        <property name="temperature"  label="T"  sourcetype="reported"  units="K"   ><value>298</value></property>
    </commonProperties>
    <dataGroup id="dg1">
        <property name="laminar burning velocity"      id="x1"   label="Sl"     sourcetype="digitized"  units="cm/s"          />
        <property name="composition"                   id="x2"   label="[CH4]"  sourcetype="digitized"  units="mole fraction" >
            <speciesLink preferredKey="CH4"  CAS="74-82-8"    InChI="1S/CH4/h1H4"  SMILES="C"    chemName="methane"  />
        </property>
        <property name="composition"                   id="x3"   label="[O2]"   sourcetype="digitized"  units="mole fraction" >
            <speciesLink preferredKey="O2"   CAS="7782-44-7"  InChI="1S/O2/c1-2"   SMILES="O=O"  chemName="oxygen"   />
        </property>
        <property name="composition"                   id="x4"   label="[N2]"   sourcetype="digitized"  units="mole fraction" >
            <speciesLink preferredKey="N2"   CAS="7727-37-9"  InChI="1S/N2/c1-2"   SMILES="N#N"  chemName="nitrogen" />
        </property>
        <property name="evaluated standard deviation"  id="x5"   sourcetype="estimated"  units="cm/s"           reference="laminar burning velocity"  kind="absolute"  method="combined from scatter and reported uncertainty" />

        <dataPoint><x1>1.271688e+001</x1><x2>6.430013e-002</x2><x3>2.339250e-001</x3><x4>7.017749e-001</x4><x5>0.702153678327302</x5></dataPoint>
        <dataPoint><x1>1.789687e+001</x1><x2>6.963113e-002</x2><x3>2.325922e-001</x3><x4>6.977767e-001</x4><x5>0.708477135957524</x5></dataPoint>
        <dataPoint><x1>2.402920e+001</x1><x2>7.514772e-002</x2><x3>2.312131e-001</x3><x4>6.936392e-001</x4><x5>0.718611146672524</x5></dataPoint>
        <dataPoint><x1>3.178491e+001</x1><x2>8.034983e-002</x2><x3>2.299125e-001</x3><x4>6.897376e-001</x4><x5>0.735357987985839</x5></dataPoint>
        <dataPoint><x1>3.816418e+001</x1><x2>8.578011e-002</x2><x3>2.285550e-001</x3><x4>6.856649e-001</x4><x5>0.752231000347515</x5></dataPoint>
        <dataPoint><x1>4.334417e+001</x1><x2>9.086983e-002</x2><x3>2.272825e-001</x3><x4>6.818476e-001</x4><x5>0.767854756784527</x5></dataPoint>
        <dataPoint><x1>4.757154e+001</x1><x2>9.586641e-002</x2><x3>2.260334e-001</x3><x4>6.781002e-001</x4><x5>0.781805432586588</x5></dataPoint>
        <dataPoint><x1>5.204548e+001</x1><x2>1.011196e-001</x2><x3>2.247201e-001</x3><x4>6.741603e-001</x4><x5>0.797677420082962</x5></dataPoint>
        <dataPoint><x1>5.532051e+001</x1><x2>1.057746e-001</x2><x3>2.235564e-001</x3><x4>6.706691e-001</x4><x5>0.809980417146384</x5></dataPoint>
        <dataPoint><x1>5.817108e+001</x1><x2>1.111467e-001</x2><x3>2.222133e-001</x3><x4>6.666400e-001</x4><x5>0.821137038201669</x5></dataPoint>
        <dataPoint><x1>5.932870e+001</x1><x2>1.159684e-001</x2><x3>2.210079e-001</x3><x4>6.630237e-001</x4><x5>0.825782759488573</x5></dataPoint>
        <dataPoint><x1>5.978066e+001</x1><x2>1.207381e-001</x2><x3>2.198155e-001</x3><x4>6.594465e-001</x4><x5>0.827614193540989</x5></dataPoint>
        <dataPoint><x1>5.906787e+001</x1><x2>1.257194e-001</x2><x3>2.185702e-001</x3><x4>6.557105e-001</x4><x5>0.824730312521888</x5></dataPoint>
        <dataPoint><x1>5.719109e+001</x1><x2>1.303904e-001</x2><x3>2.174024e-001</x3><x4>6.522072e-001</x4><x5>0.817255627558832</x5></dataPoint>
        <dataPoint><x1>5.365565e+001</x1><x2>1.352314e-001</x2><x3>2.161921e-001</x3><x4>6.485764e-001</x4><x5>0.803655918825271</x5></dataPoint>
        <dataPoint><x1>4.962655e+001</x1><x2>1.398062e-001</x2><x3>2.150484e-001</x3><x4>6.451453e-001</x4><x5>0.788958351759943</x5></dataPoint>
        <dataPoint><x1>4.467970e+001</x1><x2>1.445826e-001</x2><x3>2.138543e-001</x3><x4>6.415630e-001</x4><x5>0.772148686598677</x5></dataPoint>
        <dataPoint><x1>3.853362e+001</x1><x2>1.490285e-001</x2><x3>2.127429e-001</x3><x4>6.382286e-001</x4><x5>0.753289675268168</x5></dataPoint>
        <dataPoint><x1>3.217579e+001</x1><x2>1.534633e-001</x2><x3>2.116342e-001</x3><x4>6.349025e-001</x4> <x5>0.73631357070577</x5></dataPoint>
        <dataPoint><x1>2.461831e+001</x1><x2>1.578548e-001</x2><x3>2.105363e-001</x3><x4>6.316089e-001</x4><x5>0.719731918108511</x5></dataPoint>
        <dataPoint><x1>1.988317e+001</x1><x2>1.624326e-001</x2><x3>2.093919e-001</x3><x4>6.281756e-001</x4><x5>0.711449922644771</x5></dataPoint>
        <dataPoint><x1>1.610106e+001</x1><x2>1.667248e-001</x2><x3>2.083188e-001</x3><x4>6.249564e-001</x4><x5>0.706049272111517</x5></dataPoint>
        <dataPoint><x1>1.327129e+001</x1><x2>1.711700e-001</x2><x3>2.072075e-001</x3><x4>6.216225e-001</x4><x5>0.702730562654248</x5></dataPoint>
        <dataPoint><x1>1.114752e+001</x1><x2>1.753700e-001</x2><x3>2.061575e-001</x3><x4>6.184725e-001</x4><x5>0.700651926624026</x5></dataPoint>
        <dataPoint><x1>8.063980e+000</x1><x2>1.838658e-001</x2><x3>2.040335e-001</x3><x4>6.121006e-001</x4><x5>0.698269936641284</x5></dataPoint>
        <dataPoint><x1>5.933520e+000</x1><x2>1.919347e-001</x2><x3>2.020163e-001</x3><x4>6.060490e-001</x4> <x5>0.69706776339389</x5></dataPoint>
    </dataGroup>
</experiment>
