<experiment>
    <fileAuthor>Chemical Kinetics Laboratory, Institute of Chemistry, ELTE, Budapest, Hungary</fileAuthor>
    <fileDOI>10.24388/x20004121</fileDOI>
    <fileVersion>
        <major>1</major>
        <minor>0</minor>
    </fileVersion>
    <ReSpecThVersion>
        <major>2</major>
        <minor>3</minor>
    </ReSpecThVersion>
    <firstPublicationDate>2021-10-29</firstPublicationDate>
    <lastModificationDate>2021-10-29</lastModificationDate>
    <bibliographyLink>
        <description>F. COPPENS, J. DERUYCK, A. KONNOV, Combustion and Flame 149 (2007), 409--417</description>
        <referenceDOI>10.1016/j.combustflame.2007.02.004</referenceDOI>
        <location>Main article, Fig. 5, full circle</location>
        <figure>Figure 5</figure>
        <details>
            <author>F COPPENS and J DERUYCK and A KONNOV</author>
            <journal>Combustion and Flame</journal>
            <month>jun</month>
            <number>4</number>
            <pages>409--417</pages>
            <publisher>Elsevier {BV}</publisher>
            <title>The effects of composition on burning velocity and nitric oxide formation in laminar premixed flames of {CH}4 $\mathplus$ H2 $\mathplus$ O2 $\mathplus$ N2</title>
            <volume>149</volume>
            <year>2007</year>
        </details>
    </bibliographyLink>
    <experimentType>laminar burning velocity measurement</experimentType>
    <apparatus>
        <kind>flame</kind>
        <mode>premixed</mode>
        <mode>laminar</mode>
    </apparatus>
    <commonProperties>
        <property name="pressure"                      label="P"  sourcetype="reported"   units="atm"  ><value>1</value></property>
        <property name="temperature"                   label="T"  sourcetype="reported"   units="K"    ><value>298</value></property>
        <property name="evaluated standard deviation"  sourcetype="estimated"  units="cm/s"  reference="laminar burning velocity"  kind="absolute"  method="combined from scatter and reported uncertainty" ><value>0.541024890999481</value></property>
    </commonProperties>
    <dataGroup id="dg1">
        <property name="laminar burning velocity"  id="x1"   label="Sl"     sourcetype="digitized"  units="cm/s"          />
        <property name="composition"               id="x2"   label="[CH4]"  sourcetype="digitized"  units="mole fraction" >
            <speciesLink preferredKey="CH4"  CAS="74-82-8"    InChI="1S/CH4/h1H4"  SMILES="C"     chemName="methane"  />
        </property>
        <property name="composition"               id="x3"   label="[O2]"   sourcetype="digitized"  units="mole fraction" >
            <speciesLink preferredKey="O2"   CAS="7782-44-7"  InChI="1S/O2/c1-2"   SMILES="O=O"   chemName="oxygen"   />
        </property>
        <property name="composition"               id="x4"   label="[N2]"   sourcetype="digitized"  units="mole fraction" >
            <speciesLink preferredKey="N2"   CAS="7727-37-9"  InChI="1S/N2/c1-2"   SMILES="N#N"   chemName="nitrogen" />
        </property>
        <property name="composition"               id="x5"   label="[H2]"   sourcetype="digitized"  units="mole fraction" >
            <speciesLink preferredKey="H2"   CAS="1333-74-0"  InChI="1S/H2/h1H"    SMILES="[HH]"  chemName="hydrogen" />
        </property>

        <dataPoint><x1>1.184145e+001</x1><x2>5.471936e-002</x2><x3>1.575969e-001</x3><x4>7.694439e-001</x4><x5>1.823979e-002</x5></dataPoint>
        <dataPoint><x1>1.461365e+001</x1><x2>5.807527e-002</x2><x3>1.568363e-001</x3><x4>7.657300e-001</x4><x5>1.935842e-002</x5></dataPoint>
        <dataPoint><x1>1.718515e+001</x1><x2>6.140026e-002</x2><x3>1.560826e-001</x3><x4>7.620504e-001</x4><x5>2.046675e-002</x5></dataPoint>
        <dataPoint><x1>1.961867e+001</x1><x2>6.469410e-002</x2><x3>1.553360e-001</x3><x4>7.584052e-001</x4><x5>2.156470e-002</x5></dataPoint>
        <dataPoint><x1>2.178876e+001</x1><x2>6.795788e-002</x2><x3>1.545962e-001</x3><x4>7.547933e-001</x4><x5>2.265263e-002</x5></dataPoint>
        <dataPoint><x1>2.354491e+001</x1><x2>7.111937e-002</x2><x3>1.538796e-001</x3><x4>7.512946e-001</x4><x5>2.370646e-002</x5></dataPoint>
        <dataPoint><x1>2.449824e+001</x1><x2>7.432747e-002</x2><x3>1.531524e-001</x3><x4>7.477443e-001</x4><x5>2.477582e-002</x5></dataPoint>
        <dataPoint><x1>2.462368e+001</x1><x2>7.743852e-002</x2><x3>1.524473e-001</x3><x4>7.443014e-001</x4><x5>2.581284e-002</x5></dataPoint>
        <dataPoint><x1>2.374561e+001</x1><x2>8.059607e-002</x2><x3>1.517316e-001</x3><x4>7.408070e-001</x4><x5>2.686536e-002</x5></dataPoint>
        <dataPoint><x1>2.145008e+001</x1><x2>8.365970e-002</x2><x3>1.510371e-001</x3><x4>7.374166e-001</x4><x5>2.788657e-002</x5></dataPoint>
        <dataPoint><x1>1.860261e+001</x1><x2>8.676783e-002</x2><x3>1.503326e-001</x3><x4>7.339769e-001</x4><x5>2.892261e-002</x5></dataPoint>
        <dataPoint><x1>1.556698e+001</x1><x2>8.984831e-002</x2><x3>1.496344e-001</x3><x4>7.305679e-001</x4><x5>2.994944e-002</x5></dataPoint>
    </dataGroup>
</experiment>
