<experiment>
    <fileAuthor>Chemical Kinetics Laboratory, Institute of Chemistry, ELTE, Budapest, Hungary</fileAuthor>
    <fileDOI>10.24388/x20004538</fileDOI>
    <fileVersion>
        <major>1</major>
        <minor>0</minor>
    </fileVersion>
    <ReSpecThVersion>
        <major>2</major>
        <minor>3</minor>
    </ReSpecThVersion>
    <firstPublicationDate>2021-10-29</firstPublicationDate>
    <lastModificationDate>2021-10-29</lastModificationDate>
    <bibliographyLink>
        <description>J. Beeckmann, L. Cai, H. Pitsch, Fuel 117, Part A (2014), 340--350</description>
        <referenceDOI>10.1016/j.fuel.2013.09.025</referenceDOI>
        <location>Main article, Fig. 2., black circle</location>
        <figure>Fig. 2., black circle</figure>
        <details>
            <author>Beeckmann, J and Cai, L and Pitsch, H</author>
            <journal>Fuel</journal>
            <pages>340--350</pages>
            <title>Experimental investigation of the laminar burning velocities of methanol, ethanol, n-propanol, and n-butanol at high pressure</title>
            <volume>117, Part A</volume>
            <year>2014</year>
        </details>
    </bibliographyLink>
    <experimentType>laminar burning velocity measurement</experimentType>
    <apparatus>
        <kind>flame</kind>
        <mode>premixed</mode>
        <mode>laminar</mode>
        <mode>OPF?</mode>
    </apparatus>
    <commonProperties>
        <property name="temperature"  label="T"    sourcetype="estimated"  units="K"   ><value>299</value></property>
        <property name="uncertainty"  label="d_T"  sourcetype="estimated"  units="K"    reference="temperature"  kind="absolute"  bound="plusminus" ><value>1</value></property>
        <property name="pressure"     label="p"    sourcetype="reported"   units="atm" ><value>1</value></property>
    </commonProperties>
    <dataGroup id="dg1">
        <property name="equivalence ratio"             id="x1"   label="phi"    sourcetype="digitized"   units="unitless"      />
        <property name="laminar burning velocity"      id="x2"   label="Sl"     sourcetype="digitized"   units="cm/s"          />
        <property name="composition"                   id="x3"   label="[CH4]"  sourcetype="calculated"  units="mole fraction" >
            <speciesLink preferredKey="CH4"  CAS="74-82-8"    InChI="1S/CH4/h1H4"  SMILES="C"    chemName="methane"  />
        </property>
        <property name="composition"                   id="x4"   label="[O2]"   sourcetype="calculated"  units="mole fraction" >
            <speciesLink preferredKey="O2"   CAS="7782-44-7"  InChI="1S/O2/c1-2"   SMILES="O=O"  chemName="oxygen"   />
        </property>
        <property name="composition"                   id="x5"   label="[N2]"   sourcetype="calculated"  units="mole fraction" >
            <speciesLink preferredKey="N2"   CAS="7727-37-9"  InChI="1S/N2/c1-2"   SMILES="N#N"  chemName="nitrogen" />
        </property>
        <property name="evaluated standard deviation"  id="x6"   sourcetype="estimated"   units="cm/s"           reference="laminar burning velocity"  kind="absolute"  method="combined from scatter and estimated uncertainty" />

        <dataPoint><x1>0.700225</x1><x2>13.4604</x2><x3>0.0669667</x3><x4>0.1912718</x4><x5>0.7417615</x5><x6>1.12329663776983</x6></dataPoint>
        <dataPoint><x1>0.800337</x1><x2>23.0279</x2><x3>0.0758151</x3><x4>0.1894579</x4><x5>0.7347270</x5> <x6>1.4610098774649</x6></dataPoint>
        <dataPoint><x1>0.900449</x1><x2>29.1642</x2><x3>0.0844973</x3><x4>0.1876781</x4><x5>0.7278247</x5><x6>1.71324715675381</x6></dataPoint>
        <dataPoint> <x1>1.00056</x1><x2>33.2551</x2><x3>0.0930177</x3><x4>0.1859314</x4><x5>0.7210509</x5><x6>1.89039509257986</x6></dataPoint>
        <dataPoint> <x1>1.10067</x1><x2>35.2346</x2><x3>0.1013810</x3><x4>0.1842169</x4><x5>0.7144021</x5><x6>1.97801213568699</x6></dataPoint>
        <dataPoint> <x1>1.19978</x1><x2>32.5953</x2><x3>0.1095102</x3><x4>0.1825504</x4><x5>0.7079394</x5> <x6>1.8614438941988</x6></dataPoint>
        <dataPoint> <x1>1.29989</x1><x2>21.9062</x2><x3>0.1175734</x3><x4>0.1808975</x4><x5>0.7015292</x5><x6>1.41723089584055</x6></dataPoint>
    </dataGroup>
    <comment>Initial temperature between 298–300 K. CH4, O2 and N2 mole fractions were estimated using phi and O2 mole fraction in the technical air (XO2 = 0.205).</comment>
</experiment>
