<experiment>
    <fileAuthor>Chemical Kinetics Laboratory, Institute of Chemistry, ELTE, Budapest, Hungary</fileAuthor>
    <fileDOI>10.24388/x20004288</fileDOI>
    <fileVersion>
        <major>1</major>
        <minor>0</minor>
    </fileVersion>
    <ReSpecThVersion>
        <major>2</major>
        <minor>3</minor>
    </ReSpecThVersion>
    <firstPublicationDate>2021-10-29</firstPublicationDate>
    <lastModificationDate>2021-10-29</lastModificationDate>
    <bibliographyLink>
        <description>M. Akram, P. Saxena, S. Kumar, Energy Fuels 27 (2013), 3460--3466</description>
        <referenceDOI>10.1021/ef4009218</referenceDOI>
        <location>Main article, Fig. 9a, full circle</location>
        <figure>Figure 9a</figure>
        <details>
            <author>Mohammad Akram and Priyank Saxena and Sudarshan Kumar</author>
            <journal>Energy Fuels</journal>
            <month>jun</month>
            <number>6</number>
            <pages>3460--3466</pages>
            <publisher>American Chemical Society ({ACS})</publisher>
            <title>Laminar Burning Velocity of Methane{\textendash}Air Mixtures at Elevated Temperatures</title>
            <volume>27</volume>
            <year>2013</year>
        </details>
    </bibliographyLink>
    <experimentType>laminar burning velocity measurement</experimentType>
    <apparatus>
        <kind>flame</kind>
        <mode>premixed</mode>
        <mode>laminar</mode>
    </apparatus>
    <commonProperties>
        <property name="pressure"     label="P"  sourcetype="reported"  units="atm" ><value>1</value></property>
        <property name="temperature"  label="T"  sourcetype="reported"  units="K"   ><value>300</value></property>
    </commonProperties>
    <dataGroup id="dg1">
        <property name="laminar burning velocity"      id="x1"   label="Sl"     sourcetype="digitized"  units="m/s"           />
        <property name="composition"                   id="x2"   label="[CH4]"  sourcetype="digitized"  units="mole fraction" >
            <speciesLink preferredKey="CH4"  CAS="74-82-8"    InChI="1S/CH4/h1H4"  SMILES="C"    chemName="methane"  />
        </property>
        <property name="composition"                   id="x3"   label="[O2]"   sourcetype="digitized"  units="mole fraction" >
            <speciesLink preferredKey="O2"   CAS="7782-44-7"  InChI="1S/O2/c1-2"   SMILES="O=O"  chemName="oxygen"   />
        </property>
        <property name="composition"                   id="x4"   label="[N2]"   sourcetype="digitized"  units="mole fraction" >
            <speciesLink preferredKey="N2"   CAS="7727-37-9"  InChI="1S/N2/c1-2"   SMILES="N#N"  chemName="nitrogen" />
        </property>
        <property name="evaluated standard deviation"  id="x5"   sourcetype="estimated"  units="cm/s"           reference="laminar burning velocity"  kind="absolute"  method="combined from scatter and reported uncertainty" />

        <dataPoint><x1>1.287600e-001</x1><x2>5.985718e-002</x2><x3>1.994242e-001</x3><x4>7.407186e-001</x4><x5>1.13744956481595</x5></dataPoint>
        <dataPoint><x1>1.949600e-001</x1><x2>6.907006e-002</x2><x3>1.974700e-001</x3><x4>7.334599e-001</x4><x5>1.19487683988769</x5></dataPoint>
        <dataPoint><x1>2.648700e-001</x1><x2>7.808791e-002</x2><x3>1.955571e-001</x3><x4>7.263550e-001</x4><x5>1.27618479583679</x5></dataPoint>
        <dataPoint><x1>3.136400e-001</x1><x2>8.694864e-002</x2><x3>1.936776e-001</x3><x4>7.193738e-001</x4><x5>1.34349719482402</x5></dataPoint>
        <dataPoint><x1>3.551000e-001</x1><x2>9.594329e-002</x2><x3>1.917696e-001</x3><x4>7.122871e-001</x4><x5>1.40651056341572</x5></dataPoint>
        <dataPoint><x1>3.693100e-001</x1><x2>1.044512e-001</x2><x3>1.899649e-001</x3><x4>7.055839e-001</x4><x5>1.42919859646062</x5></dataPoint>
        <dataPoint><x1>3.178000e-001</x1><x2>1.128139e-001</x2><x3>1.881910e-001</x3><x4>6.989951e-001</x4><x5>1.34959332856235</x5></dataPoint>
        <dataPoint><x1>2.354400e-001</x1><x2>1.211087e-001</x2><x3>1.864315e-001</x3><x4>6.924598e-001</x4><x5>1.23960552697219</x5></dataPoint>
        <dataPoint><x1>1.666100e-001</x1><x2>1.292498e-001</x2><x3>1.847046e-001</x3><x4>6.860456e-001</x4><x5>1.16776066817007</x5></dataPoint>
    </dataGroup>
</experiment>
