<experiment>
    <fileAuthor>Chemical Kinetics Laboratory, Institute of Chemistry, ELTE, Budapest, Hungary</fileAuthor>
    <fileDOI>10.24388/x20004196</fileDOI>
    <fileVersion>
        <major>1</major>
        <minor>0</minor>
    </fileVersion>
    <ReSpecThVersion>
        <major>2</major>
        <minor>3</minor>
    </ReSpecThVersion>
    <firstPublicationDate>2021-10-29</firstPublicationDate>
    <lastModificationDate>2021-10-29</lastModificationDate>
    <bibliographyLink>
        <description>C. Uykur, International Journal of Hydrogen Energy 26 (2001), 265--273</description>
        <referenceDOI>10.1016/S0360-3199(00)00068-9</referenceDOI>
        <location>Fig. 2 open square, Table 3</location>
        <table>Table 3</table>
        <figure>Fig. 2</figure>
        <details>
            <author>C Uykur</author>
            <journal>International Journal of Hydrogen Energy</journal>
            <month>mar</month>
            <number>3</number>
            <pages>265--273</pages>
            <publisher>Elsevier {BV}</publisher>
            <title>Effects of addition of electrolysis products on methane/air premixed laminar combustion</title>
            <volume>26</volume>
            <year>2001</year>
        </details>
    </bibliographyLink>
    <experimentType>laminar burning velocity measurement</experimentType>
    <apparatus>
        <kind>flame</kind>
        <mode>premixed</mode>
        <mode>laminar</mode>
    </apparatus>
    <commonProperties>
        <property name="pressure"     label="P"  sourcetype="reported"  units="atm" ><value>1</value></property>
        <property name="temperature"  label="T"  sourcetype="reported"  units="K"   ><value>298</value></property>
    </commonProperties>
    <dataGroup id="dg1">
        <property name="laminar burning velocity"      id="x1"   label="Sl"     sourcetype="digitized"  units="cm/s"          />
        <property name="composition"                   id="x2"   label="[CH4]"  sourcetype="reported"   units="mole fraction" >
            <speciesLink preferredKey="CH4"  CAS="74-82-8"    InChI="1S/CH4/h1H4"  SMILES="C"     chemName="methane"  />
        </property>
        <property name="composition"                   id="x3"   label="[O2]"   sourcetype="reported"   units="mole fraction" >
            <speciesLink preferredKey="O2"   CAS="7782-44-7"  InChI="1S/O2/c1-2"   SMILES="O=O"   chemName="oxygen"   />
        </property>
        <property name="composition"                   id="x4"   label="[N2]"   sourcetype="reported"   units="mole fraction" >
            <speciesLink preferredKey="N2"   CAS="7727-37-9"  InChI="1S/N2/c1-2"   SMILES="N#N"   chemName="nitrogen" />
        </property>
        <property name="composition"                   id="x5"   label="[H2]"   sourcetype="reported"   units="mole fraction" >
            <speciesLink preferredKey="H2"   CAS="1333-74-0"  InChI="1S/H2/h1H"    SMILES="[HH]"  chemName="hydrogen" />
        </property>
        <property name="evaluated standard deviation"  id="x6"   sourcetype="estimated"  units="cm/s"           reference="laminar burning velocity"  kind="absolute"  method="combined from scatter and estimated uncertainty" />

        <dataPoint><x1>8.382810e+000</x1><x2>4.990035e-002</x2><x3>1.969799e-001</x3><x4>7.406446e-001</x4><x5>1.247509e-002</x5><x6>1.39176358669145</x6></dataPoint>
        <dataPoint><x1>1.306250e+001</x1><x2>5.505178e-002</x2><x3>1.956272e-001</x3><x4>7.355581e-001</x4><x5>1.376295e-002</x5><x6>1.47915495744192</x6></dataPoint>
        <dataPoint><x1>2.178254e+001</x1><x2>6.360046e-002</x2><x3>1.933822e-001</x3><x4>7.271172e-001</x4><x5>1.590011e-002</x5><x6>1.71683567781806</x6></dataPoint>
        <dataPoint><x1>3.131401e+001</x1><x2>7.203867e-002</x2><x3>1.911663e-001</x3><x4>7.187854e-001</x4><x5>1.800967e-002</x5><x6>2.05249730284847</x6></dataPoint>
        <dataPoint><x1>3.920838e+001</x1><x2>8.012241e-002</x2><x3>1.890435e-001</x3><x4>7.108035e-001</x4><x5>2.003060e-002</x5><x6>2.36739725818482</x6></dataPoint>
        <dataPoint><x1>4.471088e+001</x1><x2>8.810924e-002</x2><x3>1.869461e-001</x3><x4>7.029173e-001</x4><x5>2.202731e-002</x5><x6>2.59980462697411</x6></dataPoint>
        <dataPoint><x1>4.577154e+001</x1><x2>9.584190e-002</x2><x3>1.849155e-001</x3><x4>6.952822e-001</x4><x5>2.396048e-002</x5> <x6>2.6455456540058</x6></dataPoint>
        <dataPoint><x1>4.214819e+001</x1><x2>1.034848e-001</x2><x3>1.829084e-001</x3><x4>6.877356e-001</x4><x5>2.587121e-002</x5><x6>2.49048226719048</x6></dataPoint>
        <dataPoint><x1>3.036723e+001</x1><x2>1.108147e-001</x2><x3>1.809835e-001</x3><x4>6.804981e-001</x4><x5>2.770368e-002</x5> <x6>2.0166181510594</x6></dataPoint>
        <dataPoint><x1>1.868586e+001</x1><x2>1.180645e-001</x2><x3>1.790797e-001</x3><x4>6.733397e-001</x4><x5>2.951613e-002</x5><x6>1.62303127891886</x6></dataPoint>
    </dataGroup>
</experiment>
