<experiment>
    <fileAuthor>Chemical Kinetics Laboratory, Institute of Chemistry, ELTE, Budapest, Hungary</fileAuthor>
    <fileDOI>10.24388/x20004412</fileDOI>
    <fileVersion>
        <major>1</major>
        <minor>0</minor>
    </fileVersion>
    <ReSpecThVersion>
        <major>2</major>
        <minor>3</minor>
    </ReSpecThVersion>
    <firstPublicationDate>2021-10-29</firstPublicationDate>
    <lastModificationDate>2021-10-29</lastModificationDate>
    <bibliographyLink>
        <description>R. Sreenivasan, V. Raghavan, T. Sundararajan, Combustion Theory and Modelling 16 (2011), 199--219</description>
        <referenceDOI>10.1080/13647830.2011.606918</referenceDOI>
        <location>Main article</location>
        <figure>Fig. 15., full circle</figure>
        <details>
            <author>R. Sreenivasan and V. Raghavan and T. Sundararajan</author>
            <journal>Combustion Theory and Modelling</journal>
            <month>sep</month>
            <number>2</number>
            <pages>199--219</pages>
            <publisher>Informa {UK} Limited</publisher>
            <title>An investigation of flame zones and burning velocities of laminar unconfined methane-oxygen premixed flames</title>
            <volume>16</volume>
            <year>2011</year>
        </details>
    </bibliographyLink>
    <experimentType>laminar burning velocity measurement</experimentType>
    <apparatus>
        <kind>flame</kind>
        <mode>premixed</mode>
        <mode>laminar</mode>
    </apparatus>
    <commonProperties>
        <property name="pressure"     label="P"  sourcetype="reported"  units="bar" ><value>1.3</value></property>
        <property name="temperature"  label="T"  sourcetype="reported"  units="K"   ><value>300</value></property>
    </commonProperties>
    <dataGroup id="dg1">
        <property name="laminar burning velocity"      id="x1"   label="Sl"     sourcetype="digitized"   units="m/s"           />
        <property name="composition"                   id="x2"   label="[CH4]"  sourcetype="calculated"  units="mole fraction" >
            <speciesLink preferredKey="CH4"  CAS="74-82-8"    InChI="1S/CH4/h1H4"  SMILES="C"    chemName="methane"  />
        </property>
        <property name="composition"                   id="x3"   label="[O2]"   sourcetype="calculated"  units="mole fraction" >
            <speciesLink preferredKey="O2"   CAS="7782-44-7"  InChI="1S/O2/c1-2"   SMILES="O=O"  chemName="oxygen"   />
        </property>
        <property name="composition"                   id="x4"   label="[N2]"   sourcetype="calculated"  units="mole fraction" >
            <speciesLink preferredKey="N2"   CAS="7727-37-9"  InChI="1S/N2/c1-2"   SMILES="N#N"  chemName="nitrogen" />
        </property>
        <property name="evaluated standard deviation"  id="x5"   sourcetype="estimated"   units="cm/s"           reference="laminar burning velocity"  kind="absolute"  method="combined from scatter and reported uncertainty" />

        <dataPoint><x1>3.000000e-001</x1><x2>7.989893e-002</x2><x3>1.951730e-001</x3><x4>7.249281e-001</x4><x5>5.71412349475963</x5></dataPoint>
        <dataPoint><x1>4.000000e-001</x1><x2>9.324106e-002</x2><x3>1.923428e-001</x3><x4>7.144161e-001</x4><x5>5.72639996673966</x5></dataPoint>
        <dataPoint><x1>4.000000e-001</x1><x2>1.043891e-001</x2><x3>1.899781e-001</x3><x4>7.056328e-001</x4><x5>5.73469113959069</x5></dataPoint>
        <dataPoint><x1>2.000000e-001</x1><x2>1.170354e-001</x2><x3>1.872955e-001</x3><x4>6.956691e-001</x4><x5>5.69948521761361</x5></dataPoint>
        <dataPoint><x1>2.000000e-001</x1><x2>1.252063e-001</x2><x3>1.855623e-001</x3><x4>6.892314e-001</x4><x5>5.69067243220834</x5></dataPoint>
    </dataGroup>
</experiment>
