<experiment>
    <fileAuthor>Chemical Kinetics Laboratory, Institute of Chemistry, ELTE, Budapest, Hungary</fileAuthor>
    <fileDOI>10.24388/x20004414</fileDOI>
    <fileVersion>
        <major>1</major>
        <minor>0</minor>
    </fileVersion>
    <ReSpecThVersion>
        <major>2</major>
        <minor>3</minor>
    </ReSpecThVersion>
    <firstPublicationDate>2021-10-29</firstPublicationDate>
    <lastModificationDate>2021-10-29</lastModificationDate>
    <bibliographyLink>
        <description>T.M. Vu, W.S. Song, J. Park, D.S. Bae, H.S. You, International Journal of Hydrogen Energy 36 (2011), 12058--12067</description>
        <referenceDOI>10.1016/j.ijhydene.2011.06.082</referenceDOI>
        <location>Main article</location>
        <figure>Fig. 3., full square</figure>
        <details>
            <author>Tran Manh Vu and Won Sik Song and Jeong Park and Dae Seok Bae and Hyun Seok You</author>
            <journal>International Journal of Hydrogen Energy</journal>
            <month>sep</month>
            <number>18</number>
            <pages>12058--12067</pages>
            <publisher>Elsevier {BV}</publisher>
            <title>Measurements of propagation speeds and flame instabilities in biomass derived gas{\textendash}air premixed flames</title>
            <volume>36</volume>
            <year>2011</year>
        </details>
    </bibliographyLink>
    <experimentType>laminar burning velocity measurement</experimentType>
    <apparatus>
        <kind>flame</kind>
        <mode>premixed</mode>
        <mode>laminar</mode>
    </apparatus>
    <commonProperties>
        <property name="pressure"     label="P"  sourcetype="reported"  units="Pa" ><value>0.1e+006</value></property>
        <property name="temperature"  label="T"  sourcetype="reported"  units="K"  ><value>298</value></property>
    </commonProperties>
    <dataGroup id="dg1">
        <property name="laminar burning velocity"      id="x1"   label="Sl"     sourcetype="digitized"   units="cm/s"          />
        <property name="composition"                   id="x2"   label="[CH4]"  sourcetype="calculated"  units="mole fraction" >
            <speciesLink preferredKey="CH4"  CAS="74-82-8"    InChI="1S/CH4/h1H4"    SMILES="C"          chemName="methane"         />
        </property>
        <property name="composition"                   id="x3"   label="[O2]"   sourcetype="calculated"  units="mole fraction" >
            <speciesLink preferredKey="O2"   CAS="7782-44-7"  InChI="1S/O2/c1-2"     SMILES="O=O"        chemName="oxygen"          />
        </property>
        <property name="composition"                   id="x4"   label="[N2]"   sourcetype="calculated"  units="mole fraction" >
            <speciesLink preferredKey="N2"   CAS="7727-37-9"  InChI="1S/N2/c1-2"     SMILES="N#N"        chemName="nitrogen"        />
        </property>
        <property name="composition"                   id="x5"   label="[H2]"   sourcetype="calculated"  units="mole fraction" >
            <speciesLink preferredKey="H2"   CAS="1333-74-0"  InChI="1S/H2/h1H"      SMILES="[HH]"       chemName="hydrogen"        />
        </property>
        <property name="composition"                   id="x6"   label="[CO]"   sourcetype="calculated"  units="mole fraction" >
            <speciesLink preferredKey="CO"   CAS="630-08-0"   InChI="1S/CO/c1-2"     SMILES="[C-]#[O+]"  chemName="carbon monoxide" />
        </property>
        <property name="composition"                   id="x7"   label="[CO2]"  sourcetype="calculated"  units="mole fraction" >
            <speciesLink preferredKey="CO2"  CAS="124-38-9"   InChI="1S/CO2/c2-1-3"  SMILES="C(=O)=O"    chemName="carbon dioxide"  />
        </property>
        <property name="evaluated standard deviation"  id="x8"   sourcetype="estimated"   units="cm/s"           reference="laminar burning velocity"  kind="absolute"  method="combined from scatter and estimated uncertainty" />

        <dataPoint><x1>2.215203e+001</x1><x2>1.367140e-002</x2><x3>1.675059e-001</x3><x4>6.270024e-001</x4><x5>6.036450e-002</x5><x6>7.466689e-002</x6><x7>5.678891e-002</x7><x8>1.37421517357481</x8></dataPoint>
        <dataPoint><x1>4.231503e+001</x1><x2>1.697950e-002</x2><x3>1.567103e-001</x3><x4>5.880748e-001</x4><x5>7.497100e-002</x5><x6>9.273417e-002</x6><x7>7.053021e-002</x7><x8>2.26673568601045</x8></dataPoint>
        <dataPoint><x1>5.885244e+001</x1><x2>1.992631e-002</x2><x3>1.470936e-001</x3><x4>5.533986e-001</x4><x5>8.798232e-002</x5><x6>1.088283e-001</x6><x7>8.277082e-002</x7><x8>3.05298386752452</x8></dataPoint>
        <dataPoint><x1>6.785186e+001</x1><x2>2.253151e-002</x2><x3>1.385918e-001</x3><x4>5.227423e-001</x4><x5>9.948527e-002</x5><x6>1.230567e-001</x6><x7>9.359241e-002</x7><x8>3.48874956454745</x8></dataPoint>
        <dataPoint><x1>7.304912e+001</x1><x2>2.485332e-002</x2><x3>1.310148e-001</x3><x4>4.954207e-001</x4><x5>1.097370e-001</x5><x6>1.357374e-001</x6><x7>1.032369e-001</x7><x8>3.74194081893568</x8></dataPoint>
        <dataPoint><x1>6.960332e+001</x1><x2>2.691301e-002</x2><x3>1.242932e-001</x3><x4>4.711836e-001</x4><x5>1.188313e-001</x5><x6>1.469864e-001</x6><x7>1.117925e-001</x7><x8>3.57396721418048</x8></dataPoint>
        <dataPoint><x1>5.824344e+001</x1><x2>2.879818e-002</x2><x3>1.181411e-001</x3><x4>4.490000e-001</x4><x5>1.271550e-001</x5><x6>1.572824e-001</x6><x7>1.196232e-001</x7><x8>3.02364548485185</x8></dataPoint>
        <dataPoint><x1>4.164431e+001</x1><x2>3.052400e-002</x2><x3>1.125091e-001</x3><x4>4.286918e-001</x4><x5>1.347752e-001</x5><x6>1.667080e-001</x6><x7>1.267920e-001</x7><x8>2.23546586843129</x8></dataPoint>
    </dataGroup>
</experiment>
