<experiment>
    <fileAuthor>Chemical Kinetics Laboratory, Institute of Chemistry, ELTE, Budapest, Hungary</fileAuthor>
    <fileDOI>10.24388/x20004477</fileDOI>
    <fileVersion>
        <major>1</major>
        <minor>0</minor>
    </fileVersion>
    <ReSpecThVersion>
        <major>2</major>
        <minor>3</minor>
    </ReSpecThVersion>
    <firstPublicationDate>2021-10-29</firstPublicationDate>
    <lastModificationDate>2021-10-29</lastModificationDate>
    <bibliographyLink>
        <description>R.T.E. Hermanns, PhD Thesis, (2007)</description>
        <location>Appendix E., E.2.</location>
        <table>Table E.4. 40% H2</table>
        <details>
            <author>Roy Theodorus Elisabeth Hermanns</author>
            <month>oct</month>
            <school>Eindhoven University of Technology</school>
            <title>Laminar Burning Velocities of Methane-Hydrogen-Air Mixtures</title>
            <year>2007</year>
        </details>
    </bibliographyLink>
    <experimentType>laminar burning velocity measurement</experimentType>
    <apparatus>
        <kind>flame</kind>
        <mode>premixed</mode>
        <mode>laminar</mode>
    </apparatus>
    <commonProperties>
        <property name="pressure"     label="P"  sourcetype="reported"  units="atm" ><value>1</value></property>
        <property name="temperature"  label="T"  sourcetype="reported"  units="K"   ><value>298</value></property>
    </commonProperties>
    <dataGroup id="dg1">
        <property name="laminar burning velocity"      id="x1"   label="Sl"     sourcetype="reported"    units="cm/s"          />
        <property name="composition"                   id="x2"   label="[CH4]"  sourcetype="calculated"  units="mole fraction" >
            <speciesLink preferredKey="CH4"  CAS="74-82-8"    InChI="1S/CH4/h1H4"  SMILES="C"     chemName="methane"  />
        </property>
        <property name="composition"                   id="x3"   label="[O2]"   sourcetype="calculated"  units="mole fraction" >
            <speciesLink preferredKey="O2"   CAS="7782-44-7"  InChI="1S/O2/c1-2"   SMILES="O=O"   chemName="oxygen"   />
        </property>
        <property name="composition"                   id="x4"   label="[N2]"   sourcetype="calculated"  units="mole fraction" >
            <speciesLink preferredKey="N2"   CAS="7727-37-9"  InChI="1S/N2/c1-2"   SMILES="N#N"   chemName="nitrogen" />
        </property>
        <property name="composition"                   id="x5"   label="[H2]"   sourcetype="calculated"  units="mole fraction" >
            <speciesLink preferredKey="H2"   CAS="1333-74-0"  InChI="1S/H2/h1H"    SMILES="[HH]"  chemName="hydrogen" />
        </property>
        <property name="evaluated standard deviation"  id="x6"   sourcetype="estimated"   units="cm/s"           reference="laminar burning velocity"  kind="absolute"  method="combined from scatter and reported uncertainty" />

        <dataPoint><x1>1.720000e+001</x1><x2>5.000000e-002</x2><x3>1.944444e-001</x3><x4>7.222222e-001</x4><x5>3.333333e-002</x5><x6>0.579685810970909</x6></dataPoint>
        <dataPoint><x1>2.300000e+001</x1><x2>5.379310e-002</x2><x3>1.931034e-001</x3><x4>7.172414e-001</x4><x5>3.586207e-002</x5><x6>0.584691918398912</x6></dataPoint>
        <dataPoint><x1>2.880000e+001</x1><x2>5.753425e-002</x2><x3>1.917808e-001</x3><x4>7.123288e-001</x4><x5>3.835616e-002</x5><x6>0.591080061786049</x6></dataPoint>
        <dataPoint><x1>3.450000e+001</x1><x2>6.122449e-002</x2><x3>1.904762e-001</x3><x4>7.074830e-001</x4><x5>4.081633e-002</x5><x6>0.598661748770539</x6></dataPoint>
        <dataPoint><x1>3.950000e+001</x1><x2>6.486486e-002</x2><x3>1.891892e-001</x3><x4>7.027027e-001</x4><x5>4.324324e-002</x5><x6>0.606338098292529</x6></dataPoint>
        <dataPoint><x1>4.430000e+001</x1><x2>6.845638e-002</x2><x3>1.879195e-001</x3><x4>6.979866e-001</x4><x5>4.563758e-002</x5><x6>0.614574559708584</x6></dataPoint>
        <dataPoint><x1>4.850000e+001</x1><x2>7.200000e-002</x2><x3>1.866667e-001</x3><x4>6.933333e-001</x4><x5>4.800000e-002</x5><x6>0.622451515735162</x6></dataPoint>
        <dataPoint><x1>5.180000e+001</x1><x2>7.549669e-002</x2><x3>1.854305e-001</x3><x4>6.887417e-001</x4><x5>5.033113e-002</x5><x6>0.629063303206442</x6></dataPoint>
        <dataPoint><x1>5.350000e+001</x1><x2>7.894737e-002</x2><x3>1.842105e-001</x3><x4>6.842105e-001</x4><x5>5.263158e-002</x5><x6>0.632610377278938</x6></dataPoint>
        <dataPoint><x1>5.440000e+001</x1><x2>8.235294e-002</x2><x3>1.830065e-001</x3><x4>6.797386e-001</x4><x5>5.490196e-002</x5><x6>0.634526311070707</x6></dataPoint>
        <dataPoint><x1>5.370000e+001</x1><x2>8.571429e-002</x2><x3>1.818182e-001</x3><x4>6.753247e-001</x4><x5>5.714286e-002</x5><x6>0.633033877008964</x6></dataPoint>
        <dataPoint><x1>5.150000e+001</x1><x2>8.903226e-002</x2><x3>1.806452e-001</x3><x4>6.709677e-001</x4><x5>5.935484e-002</x5><x6>0.628447204975088</x6></dataPoint>
        <dataPoint><x1>4.790000e+001</x1><x2>9.230769e-002</x2><x3>1.794872e-001</x3><x4>6.666667e-001</x4><x5>6.153846e-002</x5><x6>0.621288893704853</x6></dataPoint>
        <dataPoint><x1>4.290000e+001</x1><x2>9.554140e-002</x2><x3>1.783439e-001</x3><x4>6.624204e-001</x4><x5>6.369427e-002</x5><x6>0.612086504867572</x6></dataPoint>
        <dataPoint><x1>3.690000e+001</x1><x2>9.873418e-002</x2><x3>1.772152e-001</x3><x4>6.582278e-001</x4><x5>6.582278e-002</x5><x6>0.602229100460116</x6></dataPoint>
        <dataPoint><x1>3.080000e+001</x1><x2>1.018868e-001</x2><x3>1.761006e-001</x3><x4>6.540881e-001</x4><x5>6.792453e-002</x5><x6>0.593595518380151</x6></dataPoint>
        <dataPoint><x1>2.530000e+001</x1><x2>1.050000e-001</x2><x3>1.750000e-001</x3><x4>6.500000e-001</x4><x5>7.000000e-002</x5><x6>0.587062083123242</x6></dataPoint>
        <dataPoint><x1>2.100000e+001</x1><x2>1.080745e-001</x2><x3>1.739130e-001</x3><x4>6.459627e-001</x4><x5>7.204969e-002</x5><x6>0.582807549231305</x6></dataPoint>
        <dataPoint><x1>1.740000e+001</x1><x2>1.111111e-001</x2><x3>1.728395e-001</x3><x4>6.419753e-001</x4><x5>7.407407e-002</x5><x6>0.579835010534031</x6></dataPoint>
        <dataPoint><x1>1.490000e+001</x1><x2>1.141104e-001</x2><x3>1.717791e-001</x3><x4>6.380368e-001</x4><x5>7.607362e-002</x5><x6>0.578091592605359</x6></dataPoint>
        <dataPoint><x1>1.320000e+001</x1><x2>1.170732e-001</x2><x3>1.707317e-001</x3><x4>6.341463e-001</x4><x5>7.804878e-002</x5><x6>0.577057743593308</x6></dataPoint>
        <dataPoint><x1>1.170000e+001</x1><x2>1.200000e-001</x2><x3>1.696970e-001</x3><x4>6.303030e-001</x4><x5>8.000000e-002</x5><x6>0.576248114479345</x6></dataPoint>
        <dataPoint><x1>1.060000e+001</x1><x2>1.228916e-001</x2><x3>1.686747e-001</x3><x4>6.265060e-001</x4><x5>8.192771e-002</x5><x6>0.575715762717159</x6></dataPoint>
    </dataGroup>
</experiment>
