<experiment>
    <fileAuthor>Chemical Kinetics Laboratory, Institute of Chemistry, ELTE, Budapest, Hungary</fileAuthor>
    <fileDOI>10.24388/x20004524</fileDOI>
    <fileVersion>
        <major>1</major>
        <minor>0</minor>
    </fileVersion>
    <ReSpecThVersion>
        <major>2</major>
        <minor>3</minor>
    </ReSpecThVersion>
    <firstPublicationDate>2021-10-29</firstPublicationDate>
    <lastModificationDate>2021-10-29</lastModificationDate>
    <bibliographyLink>
        <description>B. Almansour, L. Thompson, J. Lopez, G. Barari, S.S. Vasu, J Energy Res Technol 138 (2016), 032201-1-9</description>
        <referenceDOI>10.1115/1.4031967</referenceDOI>
        <location>Main article, main text, Fig. 6, black square</location>
        <figure>Main article, Fig. 3 (not used), Fig. 6, black square, Fig. 7 (not used), Fig. 8 (not used), Fig. 15 (not used)</figure>
        <details>
            <author>Almansour, Bader and Thompson, Luke and Lopez, Joseph and Barari, Ghazal and Vasu, Subith S</author>
            <journal>J Energy Res Technol</journal>
            <pages>032201-1-9</pages>
            <title>Laser ignition and flame speed measurements in oxy-methane mixtures diluted with CO$_{2}$</title>
            <volume>138</volume>
            <year>2016</year>
        </details>
    </bibliographyLink>
    <experimentType>laminar burning velocity measurement</experimentType>
    <apparatus>
        <kind>flame</kind>
        <mode>premixed</mode>
        <mode>laminar</mode>
        <mode>OPF</mode>
    </apparatus>
    <commonProperties>
        <property name="temperature"  label="T"  sourcetype="reported"  units="K"   ><value>295</value></property>
        <property name="pressure"     label="p"  sourcetype="reported"  units="atm" ><value>1</value></property>
    </commonProperties>
    <dataGroup id="dg1">
        <property name="equivalence ratio"             id="x1"   label="phi"    sourcetype="reported"    units="unitless"      />
        <property name="laminar burning velocity"      id="x2"   label="Sl"     sourcetype="reported"    units="cm/s"          />
        <property name="composition"                   id="x3"   label="[CH4]"  sourcetype="calculated"  units="mole fraction" >
            <speciesLink preferredKey="CH4"  CAS="74-82-8"    InChI="1S/CH4/h1H4"    SMILES="C"        chemName="methane"        />
        </property>
        <property name="composition"                   id="x4"   label="[O2]"   sourcetype="calculated"  units="mole fraction" >
            <speciesLink preferredKey="O2"   CAS="7782-44-7"  InChI="1S/O2/c1-2"     SMILES="O=O"      chemName="oxygen"         />
        </property>
        <property name="composition"                   id="x5"   label="[CO2]"  sourcetype="calculated"  units="mole fraction" >
            <speciesLink preferredKey="CO2"  CAS="124-38-9"   InChI="1S/CO2/c2-1-3"  SMILES="C(=O)=O"  chemName="carbon dioxide" />
        </property>
        <property name="evaluated standard deviation"  id="x6"   sourcetype="estimated"   units="cm/s"           reference="laminar burning velocity"  kind="absolute"  method="combined from scatter and reported uncertainty" />

        <dataPoint><x1>0.801044</x1><x2>15.8912</x2><x3>0.11360644</x3><x4>0.28364594</x4><x5>0.60274762</x5><x6>0.746753918321709</x6></dataPoint>
        <dataPoint><x1>0.900914</x1><x2>19.0181</x2><x3>0.12598585</x3><x4>0.27968453</x4><x5>0.59432962</x5><x6>0.812724820855835</x6></dataPoint>
        <dataPoint> <x1>1.00078</x1><x2>21.0121</x2><x3>0.13802377</x3><x4>0.27583239</x4><x5>0.58614384</x5><x6>0.857759519009822</x6></dataPoint>
        <dataPoint> <x1>1.10065</x1><x2>19.4713</x2><x3>0.14973506</x3><x4>0.27208478</x4><x5>0.57818016</x5><x6>0.822776920438698</x6></dataPoint>
        <dataPoint> <x1>1.19935</x1><x2>18.6103</x2><x3>0.16100062</x3><x4>0.26847980</x4><x5>0.57051958</x5><x6>0.803778113599247</x6></dataPoint>
        <dataPoint> <x1>1.30039</x1><x2>16.6163</x2><x3>0.17222819</x3><x4>0.26488698</x4><x5>0.56288483</x5><x6>0.761483436289042</x6></dataPoint>
    </dataGroup>
    <comment>O2 volume ratio was 32 volume% in this measurement. CH4, O2 and CO2 mole fractions were estimated using phi, and O2 volume ratio (D).</comment>
</experiment>
