<experiment>
    <fileAuthor>Chemical Kinetics Laboratory, Institute of Chemistry, ELTE, Budapest, Hungary</fileAuthor>
    <fileDOI>10.24388/x20004195</fileDOI>
    <fileVersion>
        <major>1</major>
        <minor>0</minor>
    </fileVersion>
    <ReSpecThVersion>
        <major>2</major>
        <minor>3</minor>
    </ReSpecThVersion>
    <firstPublicationDate>2021-10-29</firstPublicationDate>
    <lastModificationDate>2021-10-29</lastModificationDate>
    <bibliographyLink>
        <description>C. Uykur, International Journal of Hydrogen Energy 26 (2001), 265--273</description>
        <referenceDOI>10.1016/S0360-3199(00)00068-9</referenceDOI>
        <location>Fig. 2 open triangle, Table 2</location>
        <table>Table 2</table>
        <figure>Fig. 2</figure>
        <details>
            <author>C Uykur</author>
            <journal>International Journal of Hydrogen Energy</journal>
            <month>mar</month>
            <number>3</number>
            <pages>265--273</pages>
            <publisher>Elsevier {BV}</publisher>
            <title>Effects of addition of electrolysis products on methane/air premixed laminar combustion</title>
            <volume>26</volume>
            <year>2001</year>
        </details>
    </bibliographyLink>
    <experimentType>laminar burning velocity measurement</experimentType>
    <apparatus>
        <kind>flame</kind>
        <mode>premixed</mode>
        <mode>laminar</mode>
    </apparatus>
    <commonProperties>
        <property name="pressure"     label="P"  sourcetype="reported"  units="atm" ><value>1</value></property>
        <property name="temperature"  label="T"  sourcetype="reported"  units="K"   ><value>298</value></property>
    </commonProperties>
    <dataGroup id="dg1">
        <property name="laminar burning velocity"      id="x1"   label="Sl"     sourcetype="digitized"  units="cm/s"          />
        <property name="composition"                   id="x2"   label="[CH4]"  sourcetype="reported"   units="mole fraction" >
            <speciesLink preferredKey="CH4"  CAS="74-82-8"    InChI="1S/CH4/h1H4"  SMILES="C"     chemName="methane"  />
        </property>
        <property name="composition"                   id="x3"   label="[O2]"   sourcetype="reported"   units="mole fraction" >
            <speciesLink preferredKey="O2"   CAS="7782-44-7"  InChI="1S/O2/c1-2"   SMILES="O=O"   chemName="oxygen"   />
        </property>
        <property name="composition"                   id="x4"   label="[N2]"   sourcetype="reported"   units="mole fraction" >
            <speciesLink preferredKey="N2"   CAS="7727-37-9"  InChI="1S/N2/c1-2"   SMILES="N#N"   chemName="nitrogen" />
        </property>
        <property name="composition"                   id="x5"   label="[H2]"   sourcetype="reported"   units="mole fraction" >
            <speciesLink preferredKey="H2"   CAS="1333-74-0"  InChI="1S/H2/h1H"    SMILES="[HH]"  chemName="hydrogen" />
        </property>
        <property name="evaluated standard deviation"  id="x6"   sourcetype="estimated"  units="cm/s"           reference="laminar burning velocity"  kind="absolute"  method="combined from scatter and estimated uncertainty" />

        <dataPoint><x1>7.485030e+000</x1><x2>5.201447e-002</x2><x3>1.979425e-001</x3><x4>7.442637e-001</x4><x5>5.779385e-003</x5><x6>0.850924167519204</x6></dataPoint>
        <dataPoint><x1>8.069580e+000</x1><x2>5.281305e-002</x2><x3>1.977561e-001</x3><x4>7.435628e-001</x4><x5>5.868117e-003</x5><x6>0.864177676787013</x6></dataPoint>
        <dataPoint><x1>9.637870e+000</x1><x2>5.466548e-002</x2><x3>1.973237e-001</x3><x4>7.419369e-001</x4><x5>6.073942e-003</x5><x6>0.903453982756316</x6></dataPoint>
        <dataPoint><x1>1.193328e+001</x1><x2>5.731430e-002</x2><x3>1.967053e-001</x3><x4>7.396121e-001</x4><x5>6.368256e-003</x5><x6>0.969544059087569</x6></dataPoint>
        <dataPoint><x1>2.058740e+001</x1><x2>6.632480e-002</x2><x3>1.946021e-001</x3><x4>7.317037e-001</x4><x5>7.369422e-003</x5> <x6>1.28203367760601</x6></dataPoint>
        <dataPoint><x1>2.915597e+001</x1><x2>7.515838e-002</x2><x3>1.925401e-001</x3><x4>7.239506e-001</x4><x5>8.350931e-003</x5> <x6>1.64595996920285</x6></dataPoint>
        <dataPoint><x1>3.672655e+001</x1><x2>8.356457e-002</x2><x3>1.905778e-001</x3><x4>7.165726e-001</x4><x5>9.284952e-003</x5> <x6>1.98899634008518</x6></dataPoint>
        <dataPoint><x1>4.158825e+001</x1><x2>9.194123e-002</x2><x3>1.886225e-001</x3><x4>7.092206e-001</x4><x5>1.021569e-002</x5> <x6>2.21539253830382</x6></dataPoint>
        <dataPoint><x1>4.232963e+001</x1><x2>1.000105e-001</x2><x3>1.867389e-001</x3><x4>7.021383e-001</x4><x5>1.111228e-002</x5> <x6>2.25022258753623</x6></dataPoint>
        <dataPoint><x1>3.746792e+001</x1><x2>1.081481e-001</x2><x3>1.848394e-001</x3><x4>6.949960e-001</x4><x5>1.201646e-002</x5> <x6>2.02326971173692</x6></dataPoint>
        <dataPoint><x1>3.253493e+001</x1><x2>1.121493e-001</x2><x3>1.839054e-001</x3><x4>6.914843e-001</x4><x5>1.246103e-002</x5>  <x6>1.7973068544014</x6></dataPoint>
        <dataPoint><x1>2.651839e+001</x1><x2>1.159644e-001</x2><x3>1.830148e-001</x3><x4>6.881358e-001</x4><x5>1.288494e-002</x5> <x6>1.53038239472893</x6></dataPoint>
        <dataPoint><x1>2.058740e+001</x1><x2>1.197436e-001</x2><x3>1.821327e-001</x3><x4>6.848189e-001</x4><x5>1.330484e-002</x5> <x6>1.28203367760601</x6></dataPoint>
        <dataPoint><x1>1.589678e+001</x1><x2>1.235511e-001</x2><x3>1.812439e-001</x3><x4>6.814771e-001</x4><x5>1.372790e-002</x5> <x6>1.10262268684124</x6></dataPoint>
    </dataGroup>
</experiment>
