<experiment>
    <fileAuthor>Chemical Kinetics Laboratory, Institute of Chemistry, ELTE, Budapest, Hungary</fileAuthor>
    <fileDOI>10.24388/x20004518</fileDOI>
    <fileVersion>
        <major>1</major>
        <minor>0</minor>
    </fileVersion>
    <ReSpecThVersion>
        <major>2</major>
        <minor>3</minor>
    </ReSpecThVersion>
    <firstPublicationDate>2021-10-29</firstPublicationDate>
    <lastModificationDate>2021-10-29</lastModificationDate>
    <bibliographyLink>
        <description>E. Hu, X. Li, X. Meng, Y. Chen, Y. Cheng, Y. Xie, Z. Huang, Fuel 158 (2015), 1--10</description>
        <referenceDOI>10.1016/j.fuel.2015.05.010</referenceDOI>
        <location>Main article, main text, Fig. 2.c, empty black circle</location>
        <figure>Main article, Fig. 2.c, empty black circle</figure>
        <details>
            <author>Hu, Erjiang and Li, Xiaotian and Meng, Xin and Chen, Yizhen and Cheng, Yu and Xie, Yongliang and Huang, Zuohua</author>
            <journal>Fuel</journal>
            <pages>1--10</pages>
            <title>Laminar flame speeds and ignition delay times of methane–air mixtures at elevated temperatures and pressures</title>
            <volume>158</volume>
            <year>2015</year>
        </details>
    </bibliographyLink>
    <experimentType>laminar burning velocity measurement</experimentType>
    <apparatus>
        <kind>flame</kind>
        <mode>premixed</mode>
        <mode>laminar</mode>
        <mode>OPF</mode>
    </apparatus>
    <commonProperties>
        <property name="temperature"  label="T"  sourcetype="reported"  units="K"   ><value>443</value></property>
        <property name="pressure"     label="p"  sourcetype="reported"  units="MPa" ><value>0.2</value></property>
    </commonProperties>
    <dataGroup id="dg1">
        <property name="equivalence ratio"             id="x1"   label="phi"    sourcetype="digitized"  units="unitless"      />
        <property name="laminar burning velocity"      id="x2"   label="Sl"     sourcetype="digitized"  units="cm/s"          />
        <property name="uncertainty"                   id="x3"   label="d_Sl"   sourcetype="estimated"  units="cm/s"           reference="laminar burning velocity"  kind="absolute"  bound="plusminus" />
        <property name="composition"                   id="x4"   label="[CH4]"  sourcetype="estimated"  units="mole fraction" >
            <speciesLink preferredKey="CH4"  CAS="74-82-8"    InChI="1S/CH4/h1H4"  SMILES="C"    chemName="methane"  />
        </property>
        <property name="composition"                   id="x5"   label="[O2]"   sourcetype="estimated"  units="mole fraction" >
            <speciesLink preferredKey="O2"   CAS="7782-44-7"  InChI="1S/O2/c1-2"   SMILES="O=O"  chemName="oxygen"   />
        </property>
        <property name="composition"                   id="x6"   label="[N2]"   sourcetype="estimated"  units="mole fraction" >
            <speciesLink preferredKey="N2"   CAS="7727-37-9"  InChI="1S/N2/c1-2"   SMILES="N#N"  chemName="nitrogen" />
        </property>
        <property name="evaluated standard deviation"  id="x7"   sourcetype="estimated"  units="cm/s"           reference="laminar burning velocity"  kind="absolute"  method="combined from scatter and estimated uncertainty" />

        <dataPoint><x1>0.900417</x1><x2>48.7324</x2><x3>1.1831</x3><x4>0.08638</x4><x5>0.19186</x5><x6>0.72176</x6><x7>3.48862839047096</x7></dataPoint>
        <dataPoint><x1>0.999479</x1><x2>53.8592</x2>     <x3>0</x3><x4>0.09498</x4><x5>0.19005</x5><x6>0.71497</x6><x7>3.67225333875538</x7></dataPoint>
        <dataPoint> <x1>1.09958</x1><x2>58.0282</x2>     <x3>0</x3><x4>0.10351</x4><x5>0.18826</x5><x6>0.70823</x6><x7>3.82773967381534</x7></dataPoint>
        <dataPoint> <x1>1.19969</x1><x2>58.7042</x2>     <x3>0</x3><x4>0.11187</x4><x5>0.18651</x5><x6>0.70162</x6> <x7>3.8534229934566</x7></dataPoint>
        <dataPoint> <x1>1.29979</x1><x2>45.0141</x2><x3>0.3944</x3><x4>0.12009</x4><x5>0.18478</x5><x6>0.69513</x6><x7>3.36141101613965</x7></dataPoint>
        <dataPoint>  <x1>1.3999</x1><x2>31.0986</x2>     <x3>0</x3><x4>0.12815</x4><x5>0.18309</x5><x6>0.68876</x6><x7>2.94129534853268</x7></dataPoint>
    </dataGroup>
    <comment>Mole fractions were calculated from phi and N2:O2 volume ratio of air. Sl data by linear method.</comment>
</experiment>
