<experiment>
    <fileAuthor>Chemical Kinetics Laboratory, Institute of Chemistry, ELTE, Budapest, Hungary</fileAuthor>
    <fileDOI>10.24388/x20004151</fileDOI>
    <fileVersion>
        <major>1</major>
        <minor>0</minor>
    </fileVersion>
    <ReSpecThVersion>
        <major>2</major>
        <minor>3</minor>
    </ReSpecThVersion>
    <firstPublicationDate>2021-10-29</firstPublicationDate>
    <lastModificationDate>2021-10-29</lastModificationDate>
    <bibliographyLink>
        <description>F. Halter, C. Chauveau, N. Djebaïli-Chaumeix, I. Gökalp, Proceedings of the Combustion Institute 30 (2005), 201--208</description>
        <referenceDOI>10.1016/j.proci.2004.08.195</referenceDOI>
        <location>Main article, Fig. 7, open triangle</location>
        <figure>Figure 7</figure>
        <details>
            <author>F. Halter and C. Chauveau and N. Djebaïli-Chaumeix and I. Gökalp</author>
            <journal>Proceedings of the Combustion Institute</journal>
            <month>jan</month>
            <number>1</number>
            <pages>201--208</pages>
            <publisher>Elsevier {BV}</publisher>
            <title>Characterization of the effects of pressure and hydrogen concentration on laminar burning velocities of methane{\textendash}hydrogen{\textendash}air mixtures</title>
            <volume>30</volume>
            <year>2005</year>
        </details>
    </bibliographyLink>
    <experimentType>laminar burning velocity measurement</experimentType>
    <apparatus>
        <kind>flame</kind>
        <mode>premixed</mode>
        <mode>laminar</mode>
    </apparatus>
    <commonProperties>
        <property name="pressure"     label="P"  sourcetype="reported"  units="Pa" ><value>1e+005</value></property>
        <property name="temperature"  label="T"  sourcetype="reported"  units="K"  ><value>298</value></property>
    </commonProperties>
    <dataGroup id="dg1">
        <property name="laminar burning velocity"      id="x1"   label="Sl"     sourcetype="digitized"  units="cm/s"          />
        <property name="composition"                   id="x2"   label="[CH4]"  sourcetype="digitized"  units="mole fraction" >
            <speciesLink preferredKey="CH4"  CAS="74-82-8"    InChI="1S/CH4/h1H4"  SMILES="C"     chemName="methane"  />
        </property>
        <property name="composition"                   id="x3"   label="[O2]"   sourcetype="digitized"  units="mole fraction" >
            <speciesLink preferredKey="O2"   CAS="7782-44-7"  InChI="1S/O2/c1-2"   SMILES="O=O"   chemName="oxygen"   />
        </property>
        <property name="composition"                   id="x4"   label="[N2]"   sourcetype="digitized"  units="mole fraction" >
            <speciesLink preferredKey="N2"   CAS="7727-37-9"  InChI="1S/N2/c1-2"   SMILES="N#N"   chemName="nitrogen" />
        </property>
        <property name="composition"                   id="x5"   label="[H2]"   sourcetype="digitized"  units="mole fraction" >
            <speciesLink preferredKey="H2"   CAS="1333-74-0"  InChI="1S/H2/h1H"    SMILES="[HH]"  chemName="hydrogen" />
        </property>
        <property name="evaluated standard deviation"  id="x6"   sourcetype="estimated"  units="cm/s"           reference="laminar burning velocity"  kind="absolute"  method="combined from scatter and reported uncertainty" />

        <dataPoint><x1>1.916052e+001</x1><x2>6.370097e-002</x2><x3>1.933558e-001</x3><x4>7.270180e-001</x4><x5>1.592524e-002</x5><x6>0.819078019545611</x6></dataPoint>
        <dataPoint><x1>2.880996e+001</x1><x2>7.203048e-002</x2><x3>1.911685e-001</x3><x4>7.187934e-001</x4><x5>1.800762e-002</x5><x6>0.826111983217796</x6></dataPoint>
        <dataPoint><x1>3.737085e+001</x1><x2>8.006717e-002</x2><x3>1.890580e-001</x3><x4>7.108580e-001</x4><x5>2.001679e-002</x5><x6>0.834640745877568</x6></dataPoint>
        <dataPoint><x1>4.095018e+001</x1><x2>8.804269e-002</x2><x3>1.869636e-001</x3><x4>7.029831e-001</x4><x5>2.201067e-002</x5><x6>0.838828704198187</x6></dataPoint>
        <dataPoint><x1>4.099631e+001</x1><x2>9.186192e-002</x2><x3>1.859606e-001</x3><x4>6.992120e-001</x4><x5>2.296548e-002</x5><x6>0.838885033706289</x6></dataPoint>
        <dataPoint><x1>4.249077e+001</x1><x2>9.578982e-002</x2><x3>1.849291e-001</x3><x4>6.953336e-001</x4><x5>2.394745e-002</x5><x6>0.840742114037249</x6></dataPoint>
        <dataPoint><x1>3.935424e+001</x1><x2>9.958799e-002</x2><x3>1.839317e-001</x3><x4>6.915833e-001</x4><x5>2.489700e-002</x5><x6>0.836916703791626</x6></dataPoint>
        <dataPoint><x1>3.617159e+001</x1><x2>1.033357e-001</x2><x3>1.829476e-001</x3><x4>6.878828e-001</x4><x5>2.583392e-002</x5><x6>0.833318823748872</x6></dataPoint>
    </dataGroup>
</experiment>
