<experiment>
    <fileAuthor>Chemical Kinetics Laboratory, Institute of Chemistry, ELTE, Budapest, Hungary</fileAuthor>
    <fileDOI>10.24388/x20004066</fileDOI>
    <fileVersion>
        <major>1</major>
        <minor>0</minor>
    </fileVersion>
    <ReSpecThVersion>
        <major>2</major>
        <minor>3</minor>
    </ReSpecThVersion>
    <firstPublicationDate>2021-10-29</firstPublicationDate>
    <lastModificationDate>2021-10-29</lastModificationDate>
    <bibliographyLink>
        <description>B. Yan, Y. Wu, C. Liu, J.F. Yu, B. Li, Z.S. Li, G. Chen, X.S. Bai, M. Ald{\'{e}}n, A.A. Konnov, International Journal of Hydrogen Energy 36 (2011), 3769--3777</description>
        <referenceDOI>10.1016/j.ijhydene.2010.12.015</referenceDOI>
        <location>Main article, Fig. 3, full circle</location>
        <figure>Figure 3</figure>
        <details>
            <author>B. Yan and Y. Wu and C. Liu and J.F. Yu and B. Li and Z.S. Li and G. Chen and X.S. Bai and M. Ald{\'{e}}n and A.A. Konnov</author>
            <journal>International Journal of Hydrogen Energy</journal>
            <month>mar</month>
            <number>5</number>
            <pages>3769--3777</pages>
            <publisher>Elsevier {BV}</publisher>
            <title>Experimental and modeling study of laminar burning velocity of biomass derived gases/air mixtures</title>
            <volume>36</volume>
            <year>2011</year>
        </details>
    </bibliographyLink>
    <experimentType>laminar burning velocity measurement</experimentType>
    <apparatus>
        <kind>flame</kind>
        <mode>premixed</mode>
        <mode>laminar</mode>
    </apparatus>
    <commonProperties>
        <property name="pressure"                      label="P"  sourcetype="reported"   units="atm"  ><value>1</value></property>
        <property name="temperature"                   label="T"  sourcetype="reported"   units="K"    ><value>298</value></property>
        <property name="evaluated standard deviation"  sourcetype="estimated"  units="cm/s"  reference="laminar burning velocity"  kind="absolute"  method="combined from scatter and reported uncertainty" ><value>1.08908412641265</value></property>
    </commonProperties>
    <dataGroup id="dg1">
        <property name="laminar burning velocity"  id="x1"   label="Sl"     sourcetype="digitized"  units="m/s"           />
        <property name="composition"               id="x2"   label="[CH4]"  sourcetype="digitized"  units="mole fraction" >
            <speciesLink preferredKey="CH4"  CAS="74-82-8"    InChI="1S/CH4/h1H4"  SMILES="C"    chemName="methane"  />
        </property>
        <property name="composition"               id="x3"   label="[O2]"   sourcetype="digitized"  units="mole fraction" >
            <speciesLink preferredKey="O2"   CAS="7782-44-7"  InChI="1S/O2/c1-2"   SMILES="O=O"  chemName="oxygen"   />
        </property>
        <property name="composition"               id="x4"   label="[N2]"   sourcetype="digitized"  units="mole fraction" >
            <speciesLink preferredKey="N2"   CAS="7727-37-9"  InChI="1S/N2/c1-2"   SMILES="N#N"  chemName="nitrogen" />
        </property>

        <dataPoint><x1>1.245000e-001</x1><x2>6.466032e-002</x2><x3>1.984054e-001</x3><x4>7.369343e-001</x4></dataPoint>
        <dataPoint><x1>1.682200e-001</x1><x2>6.913900e-002</x2><x3>1.974554e-001</x3><x4>7.334056e-001</x4></dataPoint>
        <dataPoint><x1>2.438200e-001</x1><x2>7.840150e-002</x2><x3>1.954906e-001</x3><x4>7.261079e-001</x4></dataPoint>
        <dataPoint><x1>3.232800e-001</x1><x2>8.718996e-002</x2><x3>1.936264e-001</x3><x4>7.191837e-001</x4></dataPoint>
        <dataPoint><x1>3.491100e-001</x1><x2>9.158727e-002</x2><x3>1.926936e-001</x3><x4>7.157191e-001</x4></dataPoint>
        <dataPoint><x1>3.669700e-001</x1><x2>9.594242e-002</x2><x3>1.917698e-001</x3><x4>7.122878e-001</x4></dataPoint>
        <dataPoint><x1>3.757500e-001</x1><x2>1.004105e-001</x2><x3>1.908220e-001</x3><x4>7.087675e-001</x4></dataPoint>
        <dataPoint><x1>3.735200e-001</x1><x2>1.044011e-001</x2><x3>1.899755e-001</x3><x4>7.056234e-001</x4></dataPoint>
        <dataPoint><x1>3.542400e-001</x1><x2>1.086345e-001</x2><x3>1.890775e-001</x3><x4>7.022880e-001</x4></dataPoint>
        <dataPoint><x1>3.253300e-001</x1><x2>1.129783e-001</x2><x3>1.881561e-001</x3><x4>6.988656e-001</x4></dataPoint>
        <dataPoint><x1>2.384800e-001</x1><x2>1.213921e-001</x2><x3>1.863714e-001</x3><x4>6.922366e-001</x4></dataPoint>
        <dataPoint><x1>1.612700e-001</x1><x2>1.293841e-001</x2><x3>1.846761e-001</x3><x4>6.859398e-001</x4></dataPoint>
        <dataPoint><x1>1.308400e-001</x1><x2>1.335038e-001</x2><x3>1.838022e-001</x3><x4>6.826940e-001</x4></dataPoint>
    </dataGroup>
</experiment>
