<experiment>
    <fileAuthor>Chemical Kinetics Laboratory, Institute of Chemistry, ELTE, Budapest, Hungary</fileAuthor>
    <fileDOI>10.24388/x20004323</fileDOI>
    <fileVersion>
        <major>1</major>
        <minor>0</minor>
    </fileVersion>
    <ReSpecThVersion>
        <major>2</major>
        <minor>3</minor>
    </ReSpecThVersion>
    <firstPublicationDate>2021-10-29</firstPublicationDate>
    <lastModificationDate>2021-10-29</lastModificationDate>
    <bibliographyLink>
        <description>M.P. Burke, F.L. Dryer, Y. Ju, Proc Combust Inst 33 (2011), 905--912</description>
        <referenceDOI>10.1016/j.proci.2010.05.021</referenceDOI>
        <location>Supplementary data, Table S1</location>
        <table>Table S1</table>
        <figure>Figure 4, full square</figure>
        <details>
            <author>Burke, Michael P and Dryer, Frederick L and Ju, Yiguang</author>
            <journal>Proc Combust Inst</journal>
            <number>1</number>
            <pages>905--912</pages>
            <title>Assessment of kinetic modeling for lean H$_{2}$/CH$_{4}$/O$_{2}$/diluent flames at high pressures</title>
            <volume>33</volume>
            <year>2011</year>
        </details>
    </bibliographyLink>
    <experimentType>laminar burning velocity measurement</experimentType>
    <apparatus>
        <kind>flame</kind>
        <mode>premixed</mode>
        <mode>laminar</mode>
    </apparatus>
    <commonProperties>
        <property name="temperature"          label="T"  sourcetype="reported"  units="K"             ><value>298</value></property>
        <property name="initial composition"  sourcetype="reported" >
            <component><speciesLink preferredKey="CH4"  CAS="74-82-8"    InChI="1S/CH4/h1H4"  SMILES="C"     chemName="methane"  /><amount units="mole fraction" >0.0100</amount></component>
            <component><speciesLink preferredKey="O2"   CAS="7782-44-7"  InChI="1S/O2/c1-2"   SMILES="O=O"   chemName="oxygen"   /><amount units="mole fraction" >0.0929</amount></component>
            <component><speciesLink preferredKey="He"   CAS="7440-59-7"  InChI="1S/He"        SMILES="[He]"  chemName="helium"   /><amount units="mole fraction" >0.8070</amount></component>
            <component><speciesLink preferredKey="H2"   CAS="1333-74-0"  InChI="1S/H2/h1H"    SMILES="[HH]"  chemName="hydrogen" /><amount units="mole fraction" >0.0901</amount></component>
        </property>
    </commonProperties>
    <dataGroup id="dg1">
        <property name="pressure"                      id="x1"   label="P"   sourcetype="reported"   units="atm"  />
        <property name="laminar burning velocity"      id="x2"   label="Sl"  sourcetype="reported"   units="cm/s" />
        <property name="evaluated standard deviation"  id="x3"   sourcetype="estimated"  units="cm/s"  reference="laminar burning velocity"  kind="absolute"  method="combined from scatter and estimated uncertainty" />

        <dataPoint><x1>1.000000e+000</x1><x2>7.530000e+001</x2><x3>4.34133859430476</x3></dataPoint>
        <dataPoint><x1>5.000000e+000</x1><x2>3.950000e+001</x2><x3>2.92790382191765</x3></dataPoint>
        <dataPoint><x1>1.000000e+001</x1><x2>2.170000e+001</x2><x3>2.41851623736538</x3></dataPoint>
        <dataPoint><x1>1.500000e+001</x1><x2>1.490000e+001</x2><x3>2.28626787371909</x3></dataPoint>
        <dataPoint><x1>2.000000e+001</x1><x2>1.100000e+001</x2><x3>2.23035777183841</x3></dataPoint>
        <dataPoint><x1>2.500000e+001</x1><x2>7.900000e+000</x2><x3>2.19727576566984</x3></dataPoint>
    </dataGroup>
</experiment>
