<experiment>
    <fileAuthor>Chemical Kinetics Laboratory, Institute of Chemistry, ELTE, Budapest, Hungary</fileAuthor>
    <fileDOI>10.24388/x20004152</fileDOI>
    <fileVersion>
        <major>1</major>
        <minor>0</minor>
    </fileVersion>
    <ReSpecThVersion>
        <major>2</major>
        <minor>3</minor>
    </ReSpecThVersion>
    <firstPublicationDate>2021-10-29</firstPublicationDate>
    <lastModificationDate>2021-10-29</lastModificationDate>
    <bibliographyLink>
        <description>F. Halter, C. Chauveau, N. Djebaïli-Chaumeix, I. Gökalp, Proceedings of the Combustion Institute 30 (2005), 201--208</description>
        <referenceDOI>10.1016/j.proci.2004.08.195</referenceDOI>
        <location>Main article, Fig. 10, open circle</location>
        <figure>Figure 10</figure>
        <details>
            <author>F. Halter and C. Chauveau and N. Djebaïli-Chaumeix and I. Gökalp</author>
            <journal>Proceedings of the Combustion Institute</journal>
            <month>jan</month>
            <number>1</number>
            <pages>201--208</pages>
            <publisher>Elsevier {BV}</publisher>
            <title>Characterization of the effects of pressure and hydrogen concentration on laminar burning velocities of methane{\textendash}hydrogen{\textendash}air mixtures</title>
            <volume>30</volume>
            <year>2005</year>
        </details>
    </bibliographyLink>
    <experimentType>laminar burning velocity measurement</experimentType>
    <apparatus>
        <kind>flame</kind>
        <mode>premixed</mode>
        <mode>laminar</mode>
    </apparatus>
    <commonProperties>
        <property name="pressure"                      label="P"  sourcetype="reported"   units="Pa"   ><value>0.3e+006</value></property>
        <property name="temperature"                   label="T"  sourcetype="reported"   units="K"    ><value>298</value></property>
        <property name="evaluated standard deviation"  sourcetype="estimated"  units="cm/s"  reference="laminar burning velocity"  kind="absolute"  method="generic uncertainty" ><value>0.5</value></property>
    </commonProperties>
    <dataGroup id="dg1">
        <property name="laminar burning velocity"  id="x1"   label="Sl"     sourcetype="digitized"  units="cm/s"          />
        <property name="composition"               id="x2"   label="[CH4]"  sourcetype="digitized"  units="mole fraction" >
            <speciesLink preferredKey="CH4"  CAS="74-82-8"    InChI="1S/CH4/h1H4"  SMILES="C"    chemName="methane"  />
        </property>
        <property name="composition"               id="x3"   label="[O2]"   sourcetype="digitized"  units="mole fraction" >
            <speciesLink preferredKey="O2"   CAS="7782-44-7"  InChI="1S/O2/c1-2"   SMILES="O=O"  chemName="oxygen"   />
        </property>
        <property name="composition"               id="x4"   label="[N2]"   sourcetype="digitized"  units="mole fraction" >
            <speciesLink preferredKey="N2"   CAS="7727-37-9"  InChI="1S/N2/c1-2"   SMILES="N#N"  chemName="nitrogen" />
        </property>

        <dataPoint><x1>1.320097e+001</x1><x2>7.825284e-002</x2><x3>1.955221e-001</x3><x4>7.262250e-001</x4></dataPoint>
        <dataPoint><x1>1.989804e+001</x1><x2>9.591555e-002</x2><x3>1.917755e-001</x3><x4>7.123090e-001</x4></dataPoint>
        <dataPoint><x1>1.355514e+001</x1><x2>1.129032e-001</x2><x3>1.881720e-001</x3><x4>6.989247e-001</x4></dataPoint>
    </dataGroup>
</experiment>
