<experiment>
    <fileAuthor>Chemical Kinetics Laboratory, Institute of Chemistry, ELTE, Budapest, Hungary</fileAuthor>
    <fileDOI>10.24388/x20004593</fileDOI>
    <fileVersion>
        <major>1</major>
        <minor>0</minor>
    </fileVersion>
    <ReSpecThVersion>
        <major>2</major>
        <minor>3</minor>
    </ReSpecThVersion>
    <firstPublicationDate>2021-10-29</firstPublicationDate>
    <lastModificationDate>2021-10-29</lastModificationDate>
    <bibliographyLink>
        <description>M. Mitu, V. Giurcan, D. Razus, D. Oancea, J Hazard Mater 321 (2017), 440--448</description>
        <referenceDOI>10.1016/j.jhazmat.2016.09.033</referenceDOI>
        <location>Main article</location>
        <figure>Fig. 5, circle - Ar series</figure>
        <details>
            <author>Mitu, Maria and Giurcan, Venera and Razus, Domnina and Oancea, Dumitru</author>
            <journal>J Hazard Mater</journal>
            <pages>440--448</pages>
            <title>Inert gas influence on the laminar burning velocity of methane-airmixtures</title>
            <volume>321</volume>
            <year>2017</year>
        </details>
    </bibliographyLink>
    <experimentType>laminar burning velocity measurement</experimentType>
    <apparatus>
        <kind>flame</kind>
        <mode>premixed</mode>
        <mode>laminar</mode>
        <mode>OPF</mode>
    </apparatus>
    <commonProperties>
        <property name="temperature"  label="T"  sourcetype="reported"  units="K"   ><value>300</value></property>
        <property name="pressure"     label="p"  sourcetype="reported"  units="atm" ><value>1</value></property>
    </commonProperties>
    <dataGroup id="dg1">
        <property name="laminar burning velocity"      id="x1"   label="Sl"     sourcetype="digitized"   units="cm/s"          />
        <property name="composition"                   id="x2"   label="[CH4]"  sourcetype="calculated"  units="mole fraction" >
            <speciesLink preferredKey="CH4"  CAS="74-82-8"    InChI="1S/CH4/h1H4"  SMILES="C"     chemName="methane"  />
        </property>
        <property name="composition"                   id="x3"   label="[O2]"   sourcetype="calculated"  units="mole fraction" >
            <speciesLink preferredKey="O2"   CAS="7782-44-7"  InChI="1S/O2/c1-2"   SMILES="O=O"   chemName="oxygen"   />
        </property>
        <property name="composition"                   id="x4"   label="[N2]"   sourcetype="calculated"  units="mole fraction" >
            <speciesLink preferredKey="N2"   CAS="7727-37-9"  InChI="1S/N2/c1-2"   SMILES="N#N"   chemName="nitrogen" />
        </property>
        <property name="composition"                   id="x5"   label="[Ar]"   sourcetype="calculated"  units="mole fraction" >
            <speciesLink preferredKey="Ar"   CAS="7440-37-1"  InChI="1S/Ar"        SMILES="[Ar]"  chemName="argon"    />
        </property>
        <property name="evaluated standard deviation"  id="x6"   sourcetype="estimated"   units="cm/s"           reference="laminar burning velocity"  kind="absolute"  method="combined from scatter and reported uncertainty" />

        <dataPoint><x1>35.32</x1><x2>0.080164</x2><x3>0.193166</x3><x4>0.726671</x4><x5>0.000000</x5><x6>1.66652448491134</x6></dataPoint>
        <dataPoint><x1>30.05</x1><x2>0.076089</x2><x3>0.183347</x3><x4>0.689734</x4><x5>0.050830</x5><x6>1.53487664953279</x6></dataPoint>
        <dataPoint><x1>22.11</x1><x2>0.072142</x2><x3>0.173837</x3><x4>0.653959</x4><x5>0.100062</x5><x6>1.35943594660074</x6></dataPoint>
        <dataPoint><x1>18.74</x1><x2>0.068095</x2><x3>0.164084</x3><x4>0.617267</x4><x5>0.150554</x5><x6>1.29596864967637</x6></dataPoint>
        <dataPoint><x1>16.79</x1><x2>0.064099</x2><x3>0.154455</x3><x4>0.581046</x4><x5>0.200400</x5> <x6>1.2628494744253</x6></dataPoint>
        <dataPoint><x1>14.47</x1><x2>0.060129</x2><x3>0.144890</x3><x4>0.545061</x4><x5>0.249920</x5><x6>1.22723250845968</x6></dataPoint>
    </dataGroup>
    <comment>CH4, O2, N2, and Ar mole fractions were calculated using the equivalence ration and the ratio of argon. The uncertainty of measured laminar buring velocity is 3.5%.</comment>
</experiment>
