<experiment>
    <fileAuthor>Chemical Kinetics Laboratory, Institute of Chemistry, ELTE, Budapest, Hungary</fileAuthor>
    <fileDOI>10.24388/x20004062</fileDOI>
    <fileVersion>
        <major>1</major>
        <minor>0</minor>
    </fileVersion>
    <ReSpecThVersion>
        <major>2</major>
        <minor>3</minor>
    </ReSpecThVersion>
    <firstPublicationDate>2021-10-29</firstPublicationDate>
    <lastModificationDate>2021-10-29</lastModificationDate>
    <bibliographyLink>
        <description>E. Hu, Z. Huang, J. He, C. Jin, J. Zheng, Int J Hydrogen Energy 34 (2009), 4876--4888</description>
        <referenceDOI>10.1016/j.ijhydene.2009.03.058</referenceDOI>
        <location>Main article, Fig. 10b, red open circle</location>
        <figure>Figure 10b</figure>
        <details>
            <author>Hu, Erjiang and Huang, Zuohua and He, Jiajia and Jin, Chun and Zheng, Jianjun</author>
            <journal>Int J Hydrogen Energy</journal>
            <number>11</number>
            <pages>4876--4888</pages>
            <title>Experimental and numerical study on laminar burning characteristics of premixed methane--hydrogen--air flames</title>
            <volume>34</volume>
            <year>2009</year>
        </details>
    </bibliographyLink>
    <experimentType>laminar burning velocity measurement</experimentType>
    <apparatus>
        <kind>flame</kind>
        <mode>premixed</mode>
        <mode>laminar</mode>
    </apparatus>
    <commonProperties>
        <property name="pressure"     label="P"  sourcetype="reported"  units="Pa" ><value>0.1e+006</value></property>
        <property name="temperature"  label="T"  sourcetype="reported"  units="K"  ><value>303</value></property>
    </commonProperties>
    <dataGroup id="dg1">
        <property name="laminar burning velocity"      id="x1"   label="Sl"     sourcetype="digitized"  units="m/s"           />
        <property name="composition"                   id="x2"   label="[CH4]"  sourcetype="digitized"  units="mole fraction" >
            <speciesLink preferredKey="CH4"  CAS="74-82-8"    InChI="1S/CH4/h1H4"  SMILES="C"     chemName="methane"  />
        </property>
        <property name="composition"                   id="x3"   label="[O2]"   sourcetype="digitized"  units="mole fraction" >
            <speciesLink preferredKey="O2"   CAS="7782-44-7"  InChI="1S/O2/c1-2"   SMILES="O=O"   chemName="oxygen"   />
        </property>
        <property name="composition"                   id="x4"   label="[N2]"   sourcetype="digitized"  units="mole fraction" >
            <speciesLink preferredKey="N2"   CAS="7727-37-9"  InChI="1S/N2/c1-2"   SMILES="N#N"   chemName="nitrogen" />
        </property>
        <property name="composition"                   id="x5"   label="[H2]"   sourcetype="digitized"  units="mole fraction" >
            <speciesLink preferredKey="H2"   CAS="1333-74-0"  InChI="1S/H2/h1H"    SMILES="[HH]"  chemName="hydrogen" />
        </property>
        <property name="evaluated standard deviation"  id="x6"   sourcetype="estimated"  units="cm/s"           reference="laminar burning velocity"  kind="absolute"  method="combined from scatter and reported uncertainty" />

        <dataPoint><x1>3.432800e-001</x1><x2>3.504631e-002</x2><x3>1.855418e-001</x3><x4>6.976372e-001</x4><x5>8.177472e-002</x5><x6>3.38364673553017</x6></dataPoint>
        <dataPoint><x1>4.741400e-001</x1><x2>4.016422e-002</x2><x3>1.819578e-001</x3><x4>6.841614e-001</x4><x5>9.371652e-002</x5><x6>4.40004403800871</x6></dataPoint>
        <dataPoint><x1>6.193300e-001</x1><x2>4.505128e-002</x2><x3>1.785355e-001</x3><x4>6.712936e-001</x4><x5>1.051196e-001</x5><x6>5.57694758700887</x6></dataPoint>
        <dataPoint><x1>7.493000e-001</x1><x2>4.979343e-002</x2><x3>1.752147e-001</x3><x4>6.588072e-001</x4><x5>1.161847e-001</x5><x6>6.65269955702195</x6></dataPoint>
        <dataPoint><x1>8.460900e-001</x1><x2>5.432814e-002</x2><x3>1.720391e-001</x3><x4>6.468671e-001</x4><x5>1.267657e-001</x5><x6>7.46184640310131</x6></dataPoint>
        <dataPoint><x1>9.330300e-001</x1><x2>5.870141e-002</x2><x3>1.689766e-001</x3><x4>6.353520e-001</x4><x5>1.369699e-001</x5><x6>8.19262106672608</x6></dataPoint>
        <dataPoint><x1>9.527500e-001</x1><x2>6.279277e-002</x2><x3>1.661115e-001</x3><x4>6.245793e-001</x4><x5>1.465165e-001</x5><x6>8.35879378128806</x6></dataPoint>
        <dataPoint><x1>8.900100e-001</x1><x2>6.702771e-002</x2><x3>1.631459e-001</x3><x4>6.134285e-001</x4><x5>1.563980e-001</x5><x6>7.83061719476798</x6></dataPoint>
        <dataPoint><x1>7.304700e-001</x1><x2>7.081401e-002</x2><x3>1.604944e-001</x3><x4>6.034589e-001</x4><x5>1.652327e-001</x5><x6>6.49596681375175</x6></dataPoint>
        <dataPoint><x1>3.047400e-001</x1><x2>7.833840e-002</x2><x3>1.552252e-001</x3><x4>5.836468e-001</x4><x5>1.827896e-001</x5><x6>3.09869925925315</x6></dataPoint>
    </dataGroup>
</experiment>
