<experiment>
    <fileAuthor>Chemical Kinetics Laboratory, Institute of Chemistry, ELTE, Budapest, Hungary</fileAuthor>
    <fileDOI>10.24388/x20004240</fileDOI>
    <fileVersion>
        <major>1</major>
        <minor>0</minor>
    </fileVersion>
    <ReSpecThVersion>
        <major>2</major>
        <minor>3</minor>
    </ReSpecThVersion>
    <firstPublicationDate>2021-10-29</firstPublicationDate>
    <lastModificationDate>2021-10-29</lastModificationDate>
    <bibliographyLink>
        <description>I. Yamaoka, H. Tsuji, Symposium (International) on Combustion 20 (1985), 1883--1892</description>
        <referenceDOI>10.1016/S0082-0784(85)80687-1</referenceDOI>
        <location>Fig. 8</location>
        <figure>Fig. 8</figure>
        <details>
            <author>Ichiro Yamaoka and Hiroshi Tsuji</author>
            <journal>Symposium (International) on Combustion</journal>
            <month>jan</month>
            <number>1</number>
            <pages>1883--1892</pages>
            <publisher>Elsevier {BV}</publisher>
            <title>Determination of burning velocity using counterflow flames</title>
            <volume>20</volume>
            <year>1985</year>
        </details>
    </bibliographyLink>
    <experimentType>laminar burning velocity measurement</experimentType>
    <apparatus>
        <kind>flame</kind>
        <mode>premixed</mode>
        <mode>laminar</mode>
    </apparatus>
    <commonProperties>
        <property name="pressure"     label="P"  sourcetype="estimated"  units="atm" ><value>1</value></property>
        <property name="temperature"  label="T"  sourcetype="estimated"  units="K"   ><value>298</value></property>
    </commonProperties>
    <dataGroup id="dg1">
        <property name="laminar burning velocity"      id="x1"   label="Sl"     sourcetype="digitized"  units="cm/s"          />
        <property name="composition"                   id="x2"   label="[CH4]"  sourcetype="digitized"  units="mole fraction" >
            <speciesLink preferredKey="CH4"  CAS="74-82-8"    InChI="1S/CH4/h1H4"  SMILES="C"    chemName="methane"  />
        </property>
        <property name="composition"                   id="x3"   label="[O2]"   sourcetype="digitized"  units="mole fraction" >
            <speciesLink preferredKey="O2"   CAS="7782-44-7"  InChI="1S/O2/c1-2"   SMILES="O=O"  chemName="oxygen"   />
        </property>
        <property name="composition"                   id="x4"   label="[N2]"   sourcetype="digitized"  units="mole fraction" >
            <speciesLink preferredKey="N2"   CAS="7727-37-9"  InChI="1S/N2/c1-2"   SMILES="N#N"  chemName="nitrogen" />
        </property>
        <property name="evaluated standard deviation"  id="x5"   sourcetype="estimated"  units="cm/s"           reference="laminar burning velocity"  kind="absolute"  method="combined from scatter and reported uncertainty" />

        <dataPoint><x1>5.270410e+000</x1><x2>5.360727e-002</x2><x3>2.007500e-001</x3><x4>7.456428e-001</x4><x5>1.28698390208551</x5></dataPoint>
        <dataPoint><x1>5.506730e+000</x1><x2>5.459892e-002</x2><x3>2.005396e-001</x3><x4>7.448615e-001</x4><x5>1.28737962766123</x5></dataPoint>
        <dataPoint><x1>6.468960e+000</x1><x2>5.528095e-002</x2><x3>2.003949e-001</x3><x4>7.443241e-001</x4><x5>1.28916858982549</x5></dataPoint>
        <dataPoint><x1>8.067250e+000</x1><x2>5.717505e-002</x2><x3>1.999932e-001</x3><x4>7.428318e-001</x4><x5>1.29276791599459</x5></dataPoint>
        <dataPoint><x1>9.502640e+000</x1><x2>5.904091e-002</x2><x3>1.995974e-001</x3><x4>7.413617e-001</x4><x5>1.29666369671856</x5></dataPoint>
        <dataPoint><x1>1.030183e+001</x1><x2>5.992093e-002</x2><x3>1.994107e-001</x3><x4>7.406684e-001</x4><x5>1.29910267344023</x5></dataPoint>
        <dataPoint><x1>1.110078e+001</x1><x2>6.114439e-002</x2><x3>1.991512e-001</x3><x4>7.397044e-001</x4><x5>1.30173253867427</x5></dataPoint>
        <dataPoint><x1>1.324626e+001</x1><x2>6.421008e-002</x2><x3>1.985009e-001</x3><x4>7.372890e-001</x4><x5>1.30973357489034</x5></dataPoint>
        <dataPoint><x1>1.380870e+001</x1><x2>6.475588e-002</x2><x3>1.983851e-001</x3><x4>7.368590e-001</x4><x5>1.31205516418937</x5></dataPoint>
        <dataPoint><x1>1.667880e+001</x1><x2>6.942105e-002</x2><x3>1.973955e-001</x3><x4>7.331834e-001</x4><x5>1.32532623281062</x5></dataPoint>
        <dataPoint><x1>1.940269e+001</x1><x2>7.124246e-002</x2><x3>1.970092e-001</x3><x4>7.317484e-001</x4><x5>1.34007553044388</x5></dataPoint>
        <dataPoint><x1>2.034881e+001</x1><x2>7.382434e-002</x2><x3>1.964615e-001</x3><x4>7.297142e-001</x4><x5>1.34567689397063</x5></dataPoint>
        <dataPoint><x1>2.394463e+001</x1><x2>7.840060e-002</x2><x3>1.954908e-001</x3><x4>7.261086e-001</x4><x5>1.36914381930269</x5></dataPoint>
        <dataPoint><x1>2.737739e+001</x1><x2>8.312627e-002</x2><x3>1.944884e-001</x3><x4>7.223854e-001</x4><x5>1.39464162740284</x5></dataPoint>
        <dataPoint><x1>3.671660e+001</x1><x2>9.196346e-002</x2><x3>1.926138e-001</x3><x4>7.154227e-001</x4><x5>1.47799193564241</x5></dataPoint>
        <dataPoint><x1>3.878702e+001</x1><x2>9.624659e-002</x2><x3>1.917053e-001</x3><x4>7.120481e-001</x4><x5>1.49899627877862</x5></dataPoint>
        <dataPoint><x1>4.085728e+001</x1><x2>1.007134e-001</x2><x3>1.907578e-001</x3><x4>7.085288e-001</x4><x5>1.52083648272895</x5></dataPoint>
        <dataPoint><x1>4.174591e+001</x1><x2>1.007160e-001</x2><x3>1.907572e-001</x3><x4>7.085268e-001</x4><x5>1.53045910637666</x5></dataPoint>
        <dataPoint><x1>4.070606e+001</x1><x2>1.050208e-001</x2><x3>1.898441e-001</x3><x4>7.051351e-001</x4><x5>1.51921361364669</x5></dataPoint>
        <dataPoint><x1>3.774088e+001</x1><x2>1.092627e-001</x2><x3>1.889443e-001</x3><x4>7.017930e-001</x4> <x5>1.4882762797511</x5></dataPoint>
        <dataPoint><x1>3.974029e+001</x1><x2>1.092669e-001</x2><x3>1.889434e-001</x3><x4>7.017897e-001</x4><x5>1.50895093867019</x5></dataPoint>
        <dataPoint><x1>3.677501e+001</x1><x2>1.135954e-001</x2><x3>1.880252e-001</x3><x4>6.983794e-001</x4><x5>1.47857269682625</x5></dataPoint>
        <dataPoint><x1>2.822341e+001</x1><x2>1.216057e-001</x2><x3>1.863261e-001</x3><x4>6.920682e-001</x4><x5>1.40137112301176</x5></dataPoint>
        <dataPoint><x1>2.278494e+001</x1><x2>1.256168e-001</x2><x3>1.854752e-001</x3><x4>6.889080e-001</x4><x5>1.36120463998674</x5></dataPoint>
        <dataPoint><x1>1.776110e+001</x1><x2>1.296790e-001</x2><x3>1.846135e-001</x3><x4>6.857074e-001</x4><x5>1.33093927167396</x5></dataPoint>
        <dataPoint><x1>1.448489e+001</x1><x2>1.337068e-001</x2><x3>1.837592e-001</x3><x4>6.825340e-001</x4><x5>1.31496824711658</x5></dataPoint>
        <dataPoint><x1>1.175681e+001</x1><x2>1.375106e-001</x2><x3>1.829523e-001</x3><x4>6.795371e-001</x4><x5>1.30403439684329</x5></dataPoint>
        <dataPoint><x1>1.144442e+001</x1><x2>1.392570e-001</x2><x3>1.825818e-001</x3><x4>6.781611e-001</x4><x5>1.30292232126653</x5></dataPoint>
        <dataPoint><x1>9.443640e+000</x1><x2>1.410096e-001</x2><x3>1.822101e-001</x3><x4>6.767803e-001</x4><x5>1.29649126884057</x5></dataPoint>
        <dataPoint><x1>9.116870e+000</x1><x2>1.421991e-001</x2><x3>1.819578e-001</x3><x4>6.758431e-001</x4><x5>1.29555532612033</x5></dataPoint>
        <dataPoint><x1>7.767890e+000</x1><x2>1.437555e-001</x2><x3>1.816276e-001</x3><x4>6.746169e-001</x4><x5>1.29203433453637</x5></dataPoint>
        <dataPoint><x1>7.677870e+000</x1><x2>1.452072e-001</x2><x3>1.813197e-001</x3><x4>6.734731e-001</x4><x5>1.29181908589971</x5></dataPoint>
        <dataPoint><x1>6.965730e+000</x1><x2>1.467535e-001</x2><x3>1.809917e-001</x3><x4>6.722548e-001</x4><x5>1.29020356276564</x5></dataPoint>
    </dataGroup>
</experiment>
