<experiment>
    <fileAuthor>Chemical Kinetics Laboratory, Institute of Chemistry, ELTE, Budapest, Hungary</fileAuthor>
    <fileDOI>10.24388/x20004149</fileDOI>
    <fileVersion>
        <major>1</major>
        <minor>0</minor>
    </fileVersion>
    <ReSpecThVersion>
        <major>2</major>
        <minor>3</minor>
    </ReSpecThVersion>
    <firstPublicationDate>2021-10-29</firstPublicationDate>
    <lastModificationDate>2021-10-29</lastModificationDate>
    <bibliographyLink>
        <description>F. Halter, C. Chauveau, N. Djebaïli-Chaumeix, I. Gökalp, Proceedings of the Combustion Institute 30 (2005), 201--208</description>
        <referenceDOI>10.1016/j.proci.2004.08.195</referenceDOI>
        <location>Main article, Fig. 5, rotated open triangle</location>
        <figure>Figure 5</figure>
        <details>
            <author>F. Halter and C. Chauveau and N. Djebaïli-Chaumeix and I. Gökalp</author>
            <journal>Proceedings of the Combustion Institute</journal>
            <month>jan</month>
            <number>1</number>
            <pages>201--208</pages>
            <publisher>Elsevier {BV}</publisher>
            <title>Characterization of the effects of pressure and hydrogen concentration on laminar burning velocities of methane{\textendash}hydrogen{\textendash}air mixtures</title>
            <volume>30</volume>
            <year>2005</year>
        </details>
    </bibliographyLink>
    <experimentType>laminar burning velocity measurement</experimentType>
    <apparatus>
        <kind>flame</kind>
        <mode>premixed</mode>
        <mode>laminar</mode>
    </apparatus>
    <commonProperties>
        <property name="pressure"     label="P"  sourcetype="reported"  units="Pa" ><value>1e+005</value></property>
        <property name="temperature"  label="T"  sourcetype="reported"  units="K"  ><value>298</value></property>
    </commonProperties>
    <dataGroup id="dg1">
        <property name="laminar burning velocity"      id="x1"   label="Sl"     sourcetype="digitized"  units="cm/s"          />
        <property name="composition"                   id="x2"   label="[CH4]"  sourcetype="digitized"  units="mole fraction" >
            <speciesLink preferredKey="CH4"  CAS="74-82-8"    InChI="1S/CH4/h1H4"  SMILES="C"    chemName="methane"  />
        </property>
        <property name="composition"                   id="x3"   label="[O2]"   sourcetype="digitized"  units="mole fraction" >
            <speciesLink preferredKey="O2"   CAS="7782-44-7"  InChI="1S/O2/c1-2"   SMILES="O=O"  chemName="oxygen"   />
        </property>
        <property name="composition"                   id="x4"   label="[N2]"   sourcetype="digitized"  units="mole fraction" >
            <speciesLink preferredKey="N2"   CAS="7727-37-9"  InChI="1S/N2/c1-2"   SMILES="N#N"  chemName="nitrogen" />
        </property>
        <property name="evaluated standard deviation"  id="x5"   sourcetype="estimated"  units="cm/s"           reference="laminar burning velocity"  kind="absolute"  method="combined from scatter and reported uncertainty" />

        <dataPoint><x1>1.736214e+001</x1><x2>6.869306e-002</x2><x3>1.975500e-001</x3><x4>7.337570e-001</x4><x5>0.986011938631318</x5></dataPoint>
        <dataPoint><x1>2.353407e+001</x1><x2>7.788685e-002</x2><x3>1.955998e-001</x3><x4>7.265134e-001</x4><x5>0.989206629960658</x5></dataPoint>
        <dataPoint><x1>3.207899e+001</x1><x2>8.690177e-002</x2><x3>1.936875e-001</x3><x4>7.194107e-001</x4><x5>0.995193441233664</x5></dataPoint>
        <dataPoint><x1>3.483725e+001</x1><x2>9.557733e-002</x2><x3>1.918472e-001</x3><x4>7.125754e-001</x4><x5>0.997509045161026</x5></dataPoint>
        <dataPoint><x1>3.707414e+001</x1><x2>1.001272e-001</x2><x3>1.908821e-001</x3><x4>7.089907e-001</x4><x5>0.999522757073339</x5></dataPoint>
        <dataPoint><x1>3.773771e+001</x1><x2>1.043245e-001</x2><x3>1.899918e-001</x3><x4>7.056837e-001</x4> <x5>1.00014339691371</x5></dataPoint>
        <dataPoint><x1>3.442358e+001</x1><x2>1.084828e-001</x2><x3>1.891097e-001</x3><x4>7.024075e-001</x4><x5>0.997149947093921</x5></dataPoint>
        <dataPoint><x1>3.040304e+001</x1><x2>1.126736e-001</x2><x3>1.882207e-001</x3><x4>6.991056e-001</x4> <x5>0.99387728946789</x5></dataPoint>
    </dataGroup>
</experiment>
