<experiment>
    <fileAuthor>Chemical Kinetics Laboratory, Institute of Chemistry, ELTE, Budapest, Hungary</fileAuthor>
    <fileDOI>10.24388/x20004138</fileDOI>
    <fileVersion>
        <major>1</major>
        <minor>0</minor>
    </fileVersion>
    <ReSpecThVersion>
        <major>2</major>
        <minor>3</minor>
    </ReSpecThVersion>
    <firstPublicationDate>2021-10-29</firstPublicationDate>
    <lastModificationDate>2021-10-29</lastModificationDate>
    <bibliographyLink>
        <description>P. Zahedi, K. Yousefi, Journal of Mechanical Science and Technology 28 (2014), 377--386</description>
        <referenceDOI>10.1007/s12206-013-0970-5</referenceDOI>
        <location>Main article, Fig. 10a, open diamond</location>
        <figure>Figure 10a</figure>
        <details>
            <author>Peyman Zahedi and Kianoosh Yousefi</author>
            <journal>Journal of Mechanical Science and Technology</journal>
            <month>jan</month>
            <number>1</number>
            <pages>377--386</pages>
            <publisher>Springer Science and Business Media {LLC}</publisher>
            <title>Effects of pressure and carbon dioxide, hydrogen and nitrogen concentration on laminar burning velocities and {NO} formation of methane-air mixtures</title>
            <volume>28</volume>
            <year>2014</year>
        </details>
    </bibliographyLink>
    <experimentType>laminar burning velocity measurement</experimentType>
    <apparatus>
        <kind>flame</kind>
        <mode>premixed</mode>
        <mode>laminar</mode>
    </apparatus>
    <commonProperties>
        <property name="pressure"                      label="P"  sourcetype="reported"   units="Pa"   ><value>500000</value></property>
        <property name="temperature"                   label="T"  sourcetype="reported"   units="K"    ><value>298</value></property>
        <property name="evaluated standard deviation"  sourcetype="estimated"  units="cm/s"  reference="laminar burning velocity"  kind="absolute"  method="combined from scatter and estimated uncertainty" ><value>1.39150304471676</value></property>
    </commonProperties>
    <dataGroup id="dg1">
        <property name="laminar burning velocity"  id="x1"   label="Sl"     sourcetype="digitized"  units="cm/s"          />
        <property name="composition"               id="x2"   label="[CH4]"  sourcetype="digitized"  units="mole fraction" >
            <speciesLink preferredKey="CH4"  CAS="74-82-8"    InChI="1S/CH4/h1H4"    SMILES="C"        chemName="methane"        />
        </property>
        <property name="composition"               id="x3"   label="[O2]"   sourcetype="digitized"  units="mole fraction" >
            <speciesLink preferredKey="O2"   CAS="7782-44-7"  InChI="1S/O2/c1-2"     SMILES="O=O"      chemName="oxygen"         />
        </property>
        <property name="composition"               id="x4"   label="[N2]"   sourcetype="digitized"  units="mole fraction" >
            <speciesLink preferredKey="N2"   CAS="7727-37-9"  InChI="1S/N2/c1-2"     SMILES="N#N"      chemName="nitrogen"       />
        </property>
        <property name="composition"               id="x5"   label="[CO2]"  sourcetype="digitized"  units="mole fraction" >
            <speciesLink preferredKey="CO2"  CAS="124-38-9"   InChI="1S/CO2/c2-1-3"  SMILES="C(=O)=O"  chemName="carbon dioxide" />
        </property>

        <dataPoint><x1>6.773240e+000</x1><x2>6.862458e-002</x2><x3>1.959471e-001</x3><x4>7.278034e-001</x4><x5>7.624954e-003</x5></dataPoint>
        <dataPoint><x1>1.060983e+001</x1><x2>7.763322e-002</x2><x3>1.938238e-001</x3><x4>7.199170e-001</x4><x5>8.625914e-003</x5></dataPoint>
        <dataPoint><x1>1.316755e+001</x1><x2>8.635165e-002</x2><x3>1.917690e-001</x3><x4>7.122848e-001</x4><x5>9.594628e-003</x5></dataPoint>
        <dataPoint><x1>1.558319e+001</x1><x2>9.488716e-002</x2><x3>1.897572e-001</x3><x4>7.048126e-001</x4><x5>1.054302e-002</x5></dataPoint>
        <dataPoint><x1>1.508585e+001</x1><x2>1.033236e-001</x2><x3>1.877689e-001</x3><x4>6.974272e-001</x4><x5>1.148040e-002</x5></dataPoint>
        <dataPoint><x1>9.709890e+000</x1><x2>1.116753e-001</x2><x3>1.858004e-001</x3><x4>6.901159e-001</x4><x5>1.240837e-002</x5></dataPoint>
        <dataPoint><x1>6.394320e+000</x1><x2>1.197646e-001</x2><x3>1.838939e-001</x3><x4>6.830344e-001</x4><x5>1.330717e-002</x5></dataPoint>
    </dataGroup>
</experiment>
