<experiment>
    <fileAuthor>Chemical Kinetics Laboratory, Institute of Chemistry, ELTE, Budapest, Hungary</fileAuthor>
    <fileDOI>10.24388/x20004314</fileDOI>
    <fileVersion>
        <major>1</major>
        <minor>0</minor>
    </fileVersion>
    <ReSpecThVersion>
        <major>2</major>
        <minor>3</minor>
    </ReSpecThVersion>
    <firstPublicationDate>2021-10-29</firstPublicationDate>
    <lastModificationDate>2021-10-29</lastModificationDate>
    <bibliographyLink>
        <description>Y. Xie, J. Wang, M. Zhang, J. Gong, W. Jin, Z. Huang, Energy Fuels 27 (2013), 6231--6237</description>
        <referenceDOI>10.1021/ef401220h</referenceDOI>
        <location>Main article, Fig. 1a, open circle</location>
        <figure>Figure 1a</figure>
        <details>
            <author>Yongliang Xie and Jinhua Wang and Meng Zhang and Jing Gong and Wu Jin and Zuohua Huang</author>
            <journal>Energy Fuels</journal>
            <month>oct</month>
            <number>10</number>
            <pages>6231--6237</pages>
            <publisher>American Chemical Society ({ACS})</publisher>
            <title>Experimental and Numerical Study on Laminar Flame Characteristics of Methane Oxy-fuel Mixtures Highly Diluted with {CO}2</title>
            <volume>27</volume>
            <year>2013</year>
        </details>
    </bibliographyLink>
    <experimentType>laminar burning velocity measurement</experimentType>
    <apparatus>
        <kind>flame</kind>
        <mode>premixed</mode>
        <mode>laminar</mode>
    </apparatus>
    <commonProperties>
        <property name="pressure"     label="P"  sourcetype="reported"  units="Pa" ><value>1e+005</value></property>
        <property name="temperature"  label="T"  sourcetype="reported"  units="K"  ><value>300</value></property>
    </commonProperties>
    <dataGroup id="dg1">
        <property name="laminar burning velocity"      id="x1"   label="Sl"     sourcetype="digitized"  units="cm/s"          />
        <property name="composition"                   id="x2"   label="[CH4]"  sourcetype="digitized"  units="mole fraction" >
            <speciesLink preferredKey="CH4"  CAS="74-82-8"    InChI="1S/CH4/h1H4"    SMILES="C"        chemName="methane"        />
        </property>
        <property name="composition"                   id="x3"   label="[O2]"   sourcetype="digitized"  units="mole fraction" >
            <speciesLink preferredKey="O2"   CAS="7782-44-7"  InChI="1S/O2/c1-2"     SMILES="O=O"      chemName="oxygen"         />
        </property>
        <property name="composition"                   id="x4"   label="[CO2]"  sourcetype="digitized"  units="mole fraction" >
            <speciesLink preferredKey="CO2"  CAS="124-38-9"   InChI="1S/CO2/c2-1-3"  SMILES="C(=O)=O"  chemName="carbon dioxide" />
        </property>
        <property name="evaluated standard deviation"  id="x5"   sourcetype="estimated"  units="cm/s"           reference="laminar burning velocity"  kind="absolute"  method="combined from scatter and estimated uncertainty" />

        <dataPoint><x1>2.635710e+000</x1><x2>7.432949E-02</x2><x3>3.702682E-01</x3><x4>5.554023E-01</x4><x5>1.86925134158311</x5></dataPoint>
        <dataPoint><x1>2.174459e+001</x1><x2>1.073421E-01</x2><x3>3.570632E-01</x3><x4>5.355947E-01</x4><x5>2.15842561735869</x5></dataPoint>
        <dataPoint><x1>3.698776e+001</x1><x2>1.378968E-01</x2><x3>3.448413E-01</x3><x4>5.172619E-01</x4><x5>2.62620812856559</x5></dataPoint>
        <dataPoint><x1>3.931597e+001</x1><x2>1.668680E-01</x2><x3>3.332528E-01</x3><x4>4.998792E-01</x4><x5>2.70944586633545</x5></dataPoint>
        <dataPoint><x1>4.050204e+001</x1><x2>1.935562E-01</x2><x3>3.225775E-01</x3><x4>4.838663E-01</x4><x5>2.75277519430919</x5></dataPoint>
        <dataPoint><x1>2.995921e+001</x1><x2>2.188086E-01</x2><x3>3.124766E-01</x3><x4>4.687148E-01</x4><x5>2.39178151584969</x5></dataPoint>
        <dataPoint><x1>1.937245e+001</x1><x2>2.423749E-01</x2><x3>3.030500E-01</x3><x4>4.545751E-01</x4><x5>2.10118126479042</x5></dataPoint>
    </dataGroup>
</experiment>
