<experiment>
    <fileAuthor>Chemical Kinetics Laboratory, Institute of Chemistry, ELTE, Budapest, Hungary</fileAuthor>
    <fileDOI>10.24388/x20004002</fileDOI>
    <fileVersion>
        <major>1</major>
        <minor>0</minor>
    </fileVersion>
    <ReSpecThVersion>
        <major>2</major>
        <minor>3</minor>
    </ReSpecThVersion>
    <firstPublicationDate>2021-10-29</firstPublicationDate>
    <lastModificationDate>2021-10-29</lastModificationDate>
    <bibliographyLink>
        <description>F.N. Egolfopoulos, P. Cho, C.K. Law, Combustion and Flame 76 (1989), 375--391</description>
        <referenceDOI>10.1016/0010-2180(89)90119-3</referenceDOI>
        <location>Main article</location>
        <figure>Fig. 5., full circle, 0.5 atm</figure>
        <details>
            <author>Egolfopoulos, F. N. and Cho, P. and Law, C. K.</author>
            <journal>Combustion and Flame</journal>
            <number>3-4</number>
            <pages>375--391</pages>
            <title>Laminar flame speeds of methane-air mixtures under reduced and elevated pressures</title>
            <volume>76</volume>
            <year>1989</year>
        </details>
    </bibliographyLink>
    <experimentType>laminar burning velocity measurement</experimentType>
    <apparatus>
        <kind>flame</kind>
        <mode>premixed</mode>
        <mode>laminar</mode>
    </apparatus>
    <commonProperties>
        <property name="pressure"                      label="P"  sourcetype="digitized"  units="atm"  ><value>0.5</value></property>
        <property name="temperature"                   label="T"  sourcetype="digitized"  units="K"    ><value>298</value></property>
        <property name="evaluated standard deviation"  sourcetype="estimated"  units="cm/s"  reference="laminar burning velocity"  kind="absolute"  method="combined from scatter and reported uncertainty" ><value>1.18154930757205</value></property>
    </commonProperties>
    <dataGroup id="dg1">
        <property name="laminar burning velocity"  id="x1"   label="Sl"     sourcetype="digitized"   units="cm/s"          />
        <property name="composition"               id="x2"   label="[CH4]"  sourcetype="calculated"  units="mole fraction" >
            <speciesLink preferredKey="CH4"  CAS="74-82-8"    InChI="1S/CH4/h1H4"  SMILES="C"    chemName="methane"  />
        </property>
        <property name="composition"               id="x3"   label="[O2]"   sourcetype="calculated"  units="mole fraction" >
            <speciesLink preferredKey="O2"   CAS="7782-44-7"  InChI="1S/O2/c1-2"   SMILES="O=O"  chemName="oxygen"   />
        </property>
        <property name="composition"               id="x4"   label="[N2]"   sourcetype="calculated"  units="mole fraction" >
            <speciesLink preferredKey="N2"   CAS="7727-37-9"  InChI="1S/N2/c1-2"   SMILES="N#N"  chemName="nitrogen" />
        </property>

        <dataPoint><x1>1.906502e+001</x1><x2>5.994154e-002</x2><x3>1.994063e-001</x3><x4>7.406521e-001</x4></dataPoint>
        <dataPoint><x1>2.882727e+001</x1><x2>6.910315e-002</x2><x3>1.974630e-001</x3><x4>7.334339e-001</x4></dataPoint>
        <dataPoint><x1>3.906694e+001</x1><x2>7.825555e-002</x2><x3>1.955216e-001</x3><x4>7.262229e-001</x4></dataPoint>
        <dataPoint><x1>4.574499e+001</x1><x2>8.707859e-002</x2><x3>1.936500e-001</x3><x4>7.192714e-001</x4></dataPoint>
        <dataPoint><x1>5.117914e+001</x1><x2>9.574040e-002</x2><x3>1.918126e-001</x3><x4>7.124470e-001</x4></dataPoint>
        <dataPoint><x1>5.283133e+001</x1><x2>1.047336e-001</x2><x3>1.899050e-001</x3><x4>7.053614e-001</x4></dataPoint>
        <dataPoint><x1>4.897850e+001</x1><x2>1.129458e-001</x2><x3>1.881630e-001</x3><x4>6.988912e-001</x4></dataPoint>
        <dataPoint><x1>4.185461e+001</x1><x2>1.213298e-001</x2><x3>1.863846e-001</x3><x4>6.922856e-001</x4></dataPoint>
        <dataPoint><x1>3.394689e+001</x1><x2>1.295601e-001</x2><x3>1.846388e-001</x3><x4>6.858011e-001</x4></dataPoint>
        <dataPoint><x1>2.334660e+001</x1><x2>1.374996e-001</x2><x3>1.829546e-001</x3><x4>6.795458e-001</x4></dataPoint>
    </dataGroup>
</experiment>
