<experiment>
    <fileAuthor>Chemical Kinetics Laboratory, Institute of Chemistry, ELTE, Budapest, Hungary</fileAuthor>
    <fileDOI>10.24388/x20004406</fileDOI>
    <fileVersion>
        <major>1</major>
        <minor>0</minor>
    </fileVersion>
    <ReSpecThVersion>
        <major>2</major>
        <minor>3</minor>
    </ReSpecThVersion>
    <firstPublicationDate>2021-10-29</firstPublicationDate>
    <lastModificationDate>2021-10-29</lastModificationDate>
    <bibliographyLink>
        <description>J. Park, S. Kim, K. Lee, T.K. Kim, International Journal of Energy Research 26 (2002), 1141--1160</description>
        <referenceDOI>10.1002/er.841</referenceDOI>
        <location>Main article</location>
        <figure>Fig. 4., full square</figure>
        <details>
            <author>Jeong Park and Seung-Gon Kim and Kee-Man Lee and Tae Kwon Kim</author>
            <journal>International Journal of Energy Research</journal>
            <number>13</number>
            <pages>1141--1160</pages>
            <publisher>Wiley</publisher>
            <title>Chemical effect of diluents on flame structure and {NO} emission characteristic in methane-air counterflow diffusion flame</title>
            <volume>26</volume>
            <year>2002</year>
        </details>
    </bibliographyLink>
    <experimentType>laminar burning velocity measurement</experimentType>
    <apparatus>
        <kind>flame</kind>
        <mode>premixed</mode>
        <mode>laminar</mode>
    </apparatus>
    <commonProperties>
        <property name="temperature"  label="T"  sourcetype="reported"  units="K"   ><value>300</value></property>
        <property name="pressure"     label="P"  sourcetype="reported"  units="atm" ><value>1</value></property>
    </commonProperties>
    <dataGroup id="dg1">
        <property name="laminar burning velocity"      id="x1"   label="S1"     sourcetype="digitized"   units="cm/s"          />
        <property name="composition"                   id="x2"   label="[CH4]"  sourcetype="calculated"  units="mole fraction" >
            <speciesLink preferredKey="CH4"  CAS="74-82-8"    InChI="1S/CH4/h1H4"    SMILES="C"        chemName="methane"        />
        </property>
        <property name="composition"                   id="x3"   label="[O2]"   sourcetype="calculated"  units="mole fraction" >
            <speciesLink preferredKey="O2"   CAS="7782-44-7"  InChI="1S/O2/c1-2"     SMILES="O=O"      chemName="oxygen"         />
        </property>
        <property name="composition"                   id="x4"   label="[N2]"   sourcetype="calculated"  units="mole fraction" >
            <speciesLink preferredKey="N2"   CAS="7727-37-9"  InChI="1S/N2/c1-2"     SMILES="N#N"      chemName="nitrogen"       />
        </property>
        <property name="composition"                   id="x5"   label="[CO2]"  sourcetype="calculated"  units="mole fraction" >
            <speciesLink preferredKey="CO2"  CAS="124-38-9"   InChI="1S/CO2/c2-1-3"  SMILES="C(=O)=O"  chemName="carbon dioxide" />
        </property>
        <property name="evaluated standard deviation"  id="x6"   sourcetype="estimated"   units="cm/s"           reference="laminar burning velocity"  kind="absolute"  method="combined from scatter and estimated uncertainty" />

        <dataPoint><x1>22.01</x1><x2>0.08029</x2><x3>0.18054</x3><x4>0.68393</x4><x5>0.05524</x5> <x6>1.3465777959795</x6></dataPoint>
        <dataPoint><x1>24.31</x1><x2>0.08803</x2><x3>0.17769</x3><x4>0.67370</x4><x5>0.06057</x5><x6>1.48216104409238</x6></dataPoint>
        <dataPoint><x1>22.81</x1><x2>0.09507</x2><x3>0.17511</x3><x4>0.66440</x4><x5>0.06541</x5><x6>1.39368337890103</x6></dataPoint>
        <dataPoint><x1>18.56</x1><x2>0.10233</x2><x3>0.17245</x3><x4>0.65481</x4><x5>0.07041</x5><x6>1.14428683494349</x6></dataPoint>
    </dataGroup>
</experiment>
