<experiment>
    <fileAuthor>Chemical Kinetics Laboratory, Institute of Chemistry, ELTE, Budapest, Hungary</fileAuthor>
    <fileDOI>10.24388/x20004050</fileDOI>
    <fileVersion>
        <major>1</major>
        <minor>0</minor>
    </fileVersion>
    <ReSpecThVersion>
        <major>2</major>
        <minor>3</minor>
    </ReSpecThVersion>
    <firstPublicationDate>2021-10-29</firstPublicationDate>
    <lastModificationDate>2021-10-29</lastModificationDate>
    <bibliographyLink>
        <description>X. Hu, Q. Yu, J. Liu, N. Sun, Energy 70 (2014), 626--634</description>
        <referenceDOI>10.1016/j.energy.2014.04.029</referenceDOI>
        <location>Main article, Fig. 4, full square</location>
        <figure>Figure 4</figure>
        <details>
            <author>Xianzhong Hu and Qingbo Yu and Junxiang Liu and Nan Sun</author>
            <journal>Energy</journal>
            <month>jun</month>
            <pages>626--634</pages>
            <publisher>Elsevier {BV}</publisher>
            <title>Investigation of laminar flame speeds of {CH}4/O2/{CO}2 mixtures at ordinary pressure and kinetic simulation</title>
            <volume>70</volume>
            <year>2014</year>
        </details>
    </bibliographyLink>
    <experimentType>laminar burning velocity measurement</experimentType>
    <apparatus>
        <kind>flame</kind>
        <mode>premixed</mode>
        <mode>laminar</mode>
    </apparatus>
    <commonProperties>
        <property name="pressure"     label="P"  sourcetype="reported"  units="atm" ><value>1</value></property>
        <property name="temperature"  label="T"  sourcetype="reported"  units="K"   ><value>300</value></property>
    </commonProperties>
    <dataGroup id="dg1">
        <property name="laminar burning velocity"      id="x1"   label="Sl"     sourcetype="digitized"  units="cm/s"          />
        <property name="composition"                   id="x2"   label="[CH4]"  sourcetype="digitized"  units="mole fraction" >
            <speciesLink preferredKey="CH4"  CAS="74-82-8"    InChI="1S/CH4/h1H4"    SMILES="C"        chemName="methane"        />
        </property>
        <property name="composition"                   id="x3"   label="[O2]"   sourcetype="digitized"  units="mole fraction" >
            <speciesLink preferredKey="O2"   CAS="7782-44-7"  InChI="1S/O2/c1-2"     SMILES="O=O"      chemName="oxygen"         />
        </property>
        <property name="composition"                   id="x4"   label="[CO2]"  sourcetype="digitized"  units="mole fraction" >
            <speciesLink preferredKey="CO2"  CAS="124-38-9"   InChI="1S/CO2/c2-1-3"  SMILES="C(=O)=O"  chemName="carbon dioxide" />
        </property>
        <property name="evaluated standard deviation"  id="x5"   sourcetype="estimated"  units="cm/s"           reference="laminar burning velocity"  kind="absolute"  method="combined from scatter and reported uncertainty" />

        <dataPoint><x1>2.390590e+000</x1><x2>6.976744e-002</x2><x3>2.325581e-001</x3><x4>6.976744e-001</x4><x5>0.559944581060092</x5></dataPoint>
        <dataPoint><x1>4.485200e+000</x1><x2>8.036781e-002</x2><x3>2.299080e-001</x3><x4>6.897241e-001</x4><x5>0.567925387190958</x5></dataPoint>
        <dataPoint><x1>7.001010e+000</x1><x2>9.072930e-002</x2><x3>2.273177e-001</x3><x4>6.819530e-001</x4> <x5>0.58360941275271</x5></dataPoint>
        <dataPoint><x1>8.663040e+000</x1><x2>1.009852e-001</x2><x3>2.247537e-001</x3><x4>6.742611e-001</x4><x5>0.597387037264787</x5></dataPoint>
        <dataPoint><x1>1.111055e+001</x1><x2>1.110370e-001</x2><x3>2.222407e-001</x3><x4>6.667222e-001</x4><x5>0.622188724849673</x5></dataPoint>
        <dataPoint><x1>9.642040e+000</x1><x2>1.207236e-001</x2><x3>2.198191e-001</x3><x4>6.594573e-001</x4><x5>0.606689123948172</x5></dataPoint>
        <dataPoint><x1>8.162160e+000</x1><x2>1.304584e-001</x2><x3>2.173854e-001</x3><x4>6.521562e-001</x4> <x5>0.59296217706697</x5></dataPoint>
        <dataPoint><x1>5.099920e+000</x1><x2>1.397276e-001</x2><x3>2.150681e-001</x3><x4>6.452043e-001</x4><x5>0.571158339272045</x5></dataPoint>
        <dataPoint><x1>3.745260e+000</x1><x2>1.488012e-001</x2><x3>2.127997e-001</x3><x4>6.383991e-001</x4>  <x5>0.5645644040393</x5></dataPoint>
    </dataGroup>
</experiment>
