<experiment>
    <fileAuthor>Chemical Kinetics Laboratory, Institute of Chemistry, ELTE, Budapest, Hungary</fileAuthor>
    <fileDOI>10.24388/x20004413</fileDOI>
    <fileVersion>
        <major>1</major>
        <minor>0</minor>
    </fileVersion>
    <ReSpecThVersion>
        <major>2</major>
        <minor>3</minor>
    </ReSpecThVersion>
    <firstPublicationDate>2021-10-29</firstPublicationDate>
    <lastModificationDate>2021-10-29</lastModificationDate>
    <bibliographyLink>
        <description>M. Akram, S. Kumar, Combustion and Flame 158 (2011), 915--924</description>
        <referenceDOI>10.1016/j.combustflame.2011.02.011</referenceDOI>
        <location>Main article</location>
        <figure>Fig.19., full circle</figure>
        <details>
            <author>Mohammad Akram and Sudarshan Kumar</author>
            <journal>Combustion and Flame</journal>
            <month>may</month>
            <number>5</number>
            <pages>915--924</pages>
            <publisher>Elsevier {BV}</publisher>
            <title>Experimental studies on dynamics of methane{\textendash}air premixed flame in meso-scale diverging channels</title>
            <volume>158</volume>
            <year>2011</year>
        </details>
    </bibliographyLink>
    <experimentType>laminar burning velocity measurement</experimentType>
    <apparatus>
        <kind>flame</kind>
        <mode>premixed</mode>
        <mode>laminar</mode>
    </apparatus>
    <commonProperties>
        <property name="pressure"             label="P"  sourcetype="reported"    units="atm"           ><value>1</value></property>
        <property name="initial composition"  sourcetype="calculated" >
            <component><speciesLink preferredKey="CH4"  CAS="74-82-8"    InChI="1S/CH4/h1H4"  SMILES="C"    chemName="methane"  /><amount units="mole fraction" >0.095890</amount></component>
            <component><speciesLink preferredKey="O2"   CAS="7782-44-7"  InChI="1S/O2/c1-2"   SMILES="O=O"  chemName="oxygen"   /><amount units="mole fraction" >0.19178</amount></component>
            <component><speciesLink preferredKey="N2"   CAS="7727-37-9"  InChI="1S/N2/c1-2"   SMILES="N#N"  chemName="nitrogen" /><amount units="mole fraction" >0.71233</amount></component>
        </property>
    </commonProperties>
    <dataGroup id="dg1">
        <property name="temperature"                   id="x1"   label="T"   sourcetype="digitized"  units="K"    />
        <property name="laminar burning velocity"      id="x2"   label="Sl"  sourcetype="digitized"  units="m/s"  />
        <property name="evaluated standard deviation"  id="x3"   sourcetype="estimated"  units="cm/s"  reference="laminar burning velocity"  kind="absolute"  method="combined from scatter and reported uncertainty" />

        <dataPoint><x1>3.718100e+002</x1><x2>4.729300e-001</x2><x3>2.51622390935306</x3></dataPoint>
        <dataPoint><x1>3.810624e+002</x1><x2>4.944200e-001</x2>   <x3>2.53269346112</x3></dataPoint>
        <dataPoint><x1>3.870804e+002</x1><x2>5.497200e-001</x2><x3>2.57788671900066</x3></dataPoint>
        <dataPoint><x1>4.278620e+002</x1><x2>6.185500e-001</x2><x3>2.63953557134584</x3></dataPoint>
        <dataPoint><x1>4.443943e+002</x1><x2>6.422100e-001</x2><x3>2.66204176503675</x3></dataPoint>
        <dataPoint><x1>4.475953e+002</x1><x2>6.835100e-001</x2><x3>2.70286427753966</x3></dataPoint>
        <dataPoint><x1>4.500099e+002</x1><x2>7.110400e-001</x2><x3>2.73112488707492</x3></dataPoint>
        <dataPoint><x1>4.528287e+002</x1><x2>7.209400e-001</x2><x3>2.74148674204345</x3></dataPoint>
        <dataPoint><x1>5.476684e+002</x1><x2>8.527900e-001</x2><x3>2.88889853729756</x3></dataPoint>
        <dataPoint><x1>5.565202e+002</x1><x2>8.841800e-001</x2><x3>2.92640200792714</x3></dataPoint>
        <dataPoint><x1>5.666075e+002</x1><x2>9.216100e-001</x2><x3>2.97223679924733</x3></dataPoint>
        <dataPoint><x1>5.686355e+002</x1><x2>9.276500e-001</x2><x3>2.97974322927329</x3></dataPoint>
        <dataPoint><x1>5.694210e+002</x1><x2>9.433500e-001</x2><x3>2.99939469100017</x3></dataPoint>
        <dataPoint><x1>5.875799e+002</x1><x2>9.846400e-001</x2><x3>3.05201496405244</x3></dataPoint>
        <dataPoint><x1>5.887677e+002</x1><x2>9.865700e-001</x2><x3>3.05450701128676</x3></dataPoint>
        <dataPoint><x1>5.940012e+002</x1><x2>1.024000e+000</x2><x3>3.10339098767783</x3></dataPoint>
        <dataPoint><x1>5.988200e+002</x1><x2>1.102730e+000</x2><x3>3.20948367093525</x3></dataPoint>
        <dataPoint><x1>6.044532e+002</x1><x2>1.132190e+000</x2><x3>3.25025359115254</x3></dataPoint>
        <dataPoint><x1>6.113360e+002</x1><x2>1.136300e+000</x2><x3>3.25598562380119</x3></dataPoint>
    </dataGroup>
</experiment>
