<experiment>
    <fileAuthor>Chemical Kinetics Laboratory, Institute of Chemistry, ELTE, Budapest, Hungary</fileAuthor>
    <fileDOI>10.24388/x20004327</fileDOI>
    <fileVersion>
        <major>1</major>
        <minor>0</minor>
    </fileVersion>
    <ReSpecThVersion>
        <major>2</major>
        <minor>3</minor>
    </ReSpecThVersion>
    <firstPublicationDate>2021-10-29</firstPublicationDate>
    <lastModificationDate>2021-10-29</lastModificationDate>
    <bibliographyLink>
        <description>A.N. Mazas, B. Fiorina, D.A. Lacoste, T. Schuller, Combustion and Flame 158 (2011), 2428--2440</description>
        <referenceDOI>10.1016/j.combustflame.2011.05.014</referenceDOI>
        <location>Main article, Fig. 12, middle, full circle</location>
        <figure>Figure 12</figure>
        <details>
            <author>A.N. Mazas and B. Fiorina and D.A. Lacoste and T. Schuller</author>
            <journal>Combustion and Flame</journal>
            <month>dec</month>
            <number>12</number>
            <pages>2428--2440</pages>
            <publisher>Elsevier {BV}</publisher>
            <title>Effects of water vapor addition on the laminar burning velocity of oxygen-enriched methane flames</title>
            <volume>158</volume>
            <year>2011</year>
        </details>
    </bibliographyLink>
    <experimentType>laminar burning velocity measurement</experimentType>
    <apparatus>
        <kind>flame</kind>
        <mode>premixed</mode>
        <mode>laminar</mode>
    </apparatus>
    <commonProperties>
        <property name="pressure"     label="P"  sourcetype="reported"  units="atm" ><value>1</value></property>
        <property name="temperature"  label="T"  sourcetype="reported"  units="K"   ><value>373</value></property>
    </commonProperties>
    <dataGroup id="dg1">
        <property name="laminar burning velocity"      id="x1"   label="Sl"     sourcetype="digitized"  units="cm/s"          />
        <property name="composition"                   id="x2"   label="[CH4]"  sourcetype="digitized"  units="mole fraction" >
            <speciesLink preferredKey="CH4"  CAS="74-82-8"    InChI="1S/CH4/h1H4"  SMILES="C"    chemName="methane"  />
        </property>
        <property name="composition"                   id="x3"   label="[O2]"   sourcetype="digitized"  units="mole fraction" >
            <speciesLink preferredKey="O2"   CAS="7782-44-7"  InChI="1S/O2/c1-2"   SMILES="O=O"  chemName="oxygen"   />
        </property>
        <property name="composition"                   id="x4"   label="[N2]"   sourcetype="digitized"  units="mole fraction" >
            <speciesLink preferredKey="N2"   CAS="7727-37-9"  InChI="1S/N2/c1-2"   SMILES="N#N"  chemName="nitrogen" />
        </property>
        <property name="composition"                   id="x5"   label="[H2O]"  sourcetype="digitized"  units="mole fraction" >
            <speciesLink preferredKey="H2O"  CAS="7732-18-5"  InChI="1S/H2O/h1H2"  SMILES="O"    chemName="water"    />
        </property>
        <property name="evaluated standard deviation"  id="x6"   sourcetype="estimated"  units="cm/s"           reference="laminar burning velocity"  kind="absolute"  method="combined from scatter and reported uncertainty" />

        <dataPoint><x1>1.116984e+002</x1><x2>1.293730e-001</x2><x3>2.587461e-001</x3><x4>6.037409e-001</x4><x5>8.140000e-003</x5><x6>2.97737410783395</x6></dataPoint>
        <dataPoint><x1>1.047841e+002</x1><x2>1.278026e-001</x2><x3>2.556052e-001</x3><x4>5.964122e-001</x4><x5>2.018000e-002</x5><x6>2.81589079767065</x6></dataPoint>
        <dataPoint><x1>9.927449e+001</x1><x2>1.254248e-001</x2><x3>2.508496e-001</x3><x4>5.853157e-001</x4><x5>3.841000e-002</x5><x6>2.68822691645907</x6></dataPoint>
        <dataPoint><x1>8.756420e+001</x1><x2>1.220674e-001</x2><x3>2.441348e-001</x3><x4>5.696478e-001</x4><x5>6.415000e-002</x5><x6>2.42055870150364</x6></dataPoint>
        <dataPoint><x1>7.726017e+001</x1><x2>1.176561e-001</x2><x3>2.353122e-001</x3><x4>5.490617e-001</x4><x5>9.797000e-002</x5><x6>2.19034983374073</x6></dataPoint>
        <dataPoint><x1>6.674342e+001</x1><x2>1.128561e-001</x2><x3>2.257122e-001</x3><x4>5.266617e-001</x4><x5>1.347700e-001</x5><x6>1.96242230348369</x6></dataPoint>
        <dataPoint><x1>5.625638e+001</x1><x2>1.089900e-001</x2><x3>2.179800e-001</x3><x4>5.086200e-001</x4><x5>1.644100e-001</x5><x6>1.74496745187131</x6></dataPoint>
        <dataPoint><x1>4.860182e+001</x1><x2>1.054239e-001</x2><x3>2.108478e-001</x3><x4>4.919783e-001</x4><x5>1.917500e-001</x5><x6>1.59475994854092</x6></dataPoint>
        <dataPoint><x1>4.069748e+001</x1><x2>1.016465e-001</x2><x3>2.032930e-001</x3><x4>4.743504e-001</x4><x5>2.207100e-001</x5><x6>1.44986267465888</x6></dataPoint>
    </dataGroup>
</experiment>
