<experiment>
    <fileAuthor>Chemical Kinetics Laboratory, Institute of Chemistry, ELTE, Budapest, Hungary</fileAuthor>
    <fileDOI>10.24388/x20004456</fileDOI>
    <fileVersion>
        <major>1</major>
        <minor>0</minor>
    </fileVersion>
    <ReSpecThVersion>
        <major>2</major>
        <minor>3</minor>
    </ReSpecThVersion>
    <firstPublicationDate>2021-10-29</firstPublicationDate>
    <lastModificationDate>2021-10-29</lastModificationDate>
    <bibliographyLink>
        <description>T. Kawakami, S. Okajima, K. Linuma, Symp (Int) Combust 22 (1988), 1609--1613</description>
        <referenceDOI>10.1016/S0082-0784(89)80172-9</referenceDOI>
        <location>Main article</location>
        <figure>Fig.8., full circle</figure>
        <details>
            <author>Kawakami, T and Okajima, S and Linuma, K</author>
            <journal>Symp (Int) Combust</journal>
            <pages>1609--1613</pages>
            <title>Measurement of slow burning velocity by zero-gravity method</title>
            <volume>22</volume>
            <year>1988</year>
        </details>
    </bibliographyLink>
    <experimentType>laminar burning velocity measurement</experimentType>
    <apparatus>
        <kind>flame</kind>
        <mode>premixed</mode>
        <mode>laminar</mode>
    </apparatus>
    <commonProperties>
        <property name="temperature"          label="T"  sourcetype="reported"    units="K"             ><value>298</value></property>
        <property name="initial composition"  sourcetype="calculated" >
            <component><speciesLink preferredKey="CH4"  CAS="74-82-8"    InChI="1S/CH4/h1H4"  SMILES="C"    chemName="methane"  /><amount units="mole fraction" >0.068467629</amount></component>
            <component><speciesLink preferredKey="O2"   CAS="7782-44-7"  InChI="1S/O2/c1-2"   SMILES="O=O"  chemName="oxygen"   /><amount units="mole fraction" >0.195621798</amount></component>
            <component><speciesLink preferredKey="N2"   CAS="7727-37-9"  InChI="1S/N2/c1-2"   SMILES="N#N"  chemName="nitrogen" /><amount units="mole fraction" >0.735910573</amount></component>
        </property>
    </commonProperties>
    <dataGroup id="dg1">
        <property name="pressure"                      id="x1"   label="P"   sourcetype="digitized"  units="Pa"   />
        <property name="laminar burning velocity"      id="x2"   label="Sl"  sourcetype="digitized"  units="cm/s" />
        <property name="evaluated standard deviation"  id="x3"   sourcetype="estimated"  units="cm/s"  reference="laminar burning velocity"  kind="absolute"  method="combined from scatter and estimated uncertainty" />

        <dataPoint><x1>9.92416E+04</x1><x2>15.0383</x2><x3>1.66197015307887</x3></dataPoint>
        <dataPoint><x1>1.98920E+05</x1> <x2>9.8798</x2><x3>1.56230430537716</x3></dataPoint>
        <dataPoint><x1>3.97244E+05</x1> <x2>7.3443</x2> <x3>1.5269628282067</x3></dataPoint>
        <dataPoint><x1>6.00751E+05</x1> <x2>5.2896</x2><x3>1.50556245068081</x3></dataPoint>
    </dataGroup>
</experiment>
