<experiment>
    <fileAuthor>Chemical Kinetics Laboratory, Institute of Chemistry, ELTE, Budapest, Hungary</fileAuthor>
    <fileDOI>10.24388/x20004011</fileDOI>
    <fileVersion>
        <major>1</major>
        <minor>0</minor>
    </fileVersion>
    <ReSpecThVersion>
        <major>2</major>
        <minor>3</minor>
    </ReSpecThVersion>
    <firstPublicationDate>2021-10-29</firstPublicationDate>
    <lastModificationDate>2021-10-29</lastModificationDate>
    <bibliographyLink>
        <description>C.M. Vagelopoulos, F.N. Egolfopoulos, Symposium (International) on Combustion 27 (1998), 513--519</description>
        <referenceDOI>10.1016/S0082-0784(98)80441-4</referenceDOI>
        <location>Main article, Fig. 5, triangle</location>
        <figure>Figure 5, triangle</figure>
        <details>
            <author>Christine M. Vagelopoulos and Fokion N. Egolfopoulos</author>
            <journal>Symposium (International) on Combustion</journal>
            <month>jan</month>
            <number>1</number>
            <pages>513--519</pages>
            <publisher>Elsevier {BV}</publisher>
            <title>Direct experimental determination of laminar flame speeds</title>
            <volume>27</volume>
            <year>1998</year>
        </details>
    </bibliographyLink>
    <experimentType>laminar burning velocity measurement</experimentType>
    <apparatus>
        <kind>flame</kind>
        <mode>premixed</mode>
        <mode>laminar</mode>
    </apparatus>
    <commonProperties>
        <property name="pressure"                      label="P"  sourcetype="reported"   units="atm"  ><value>1</value></property>
        <property name="temperature"                   label="T"  sourcetype="reported"   units="K"    ><value>298</value></property>
        <property name="evaluated standard deviation"  sourcetype="estimated"  units="cm/s"  reference="laminar burning velocity"  kind="absolute"  method="combined from scatter and reported uncertainty" ><value>0.957351451499918</value></property>
    </commonProperties>
    <dataGroup id="dg1">
        <property name="laminar burning velocity"  id="x1"   label="Sl"     sourcetype="digitized"  units="cm/s"          />
        <property name="composition"               id="x2"   label="[CH4]"  sourcetype="digitized"  units="mole fraction" >
            <speciesLink preferredKey="CH4"  CAS="74-82-8"    InChI="1S/CH4/h1H4"  SMILES="C"    chemName="methane"  />
        </property>
        <property name="composition"               id="x3"   label="[O2]"   sourcetype="digitized"  units="mole fraction" >
            <speciesLink preferredKey="O2"   CAS="7782-44-7"  InChI="1S/O2/c1-2"   SMILES="O=O"  chemName="oxygen"   />
        </property>
        <property name="composition"               id="x4"   label="[N2]"   sourcetype="digitized"  units="mole fraction" >
            <speciesLink preferredKey="N2"   CAS="7727-37-9"  InChI="1S/N2/c1-2"   SMILES="N#N"  chemName="nitrogen" />
        </property>

        <dataPoint><x1>1.568296e+001</x1><x2>6.909856e-002</x2><x3>1.974639e-001</x3><x4>7.334375e-001</x4></dataPoint>
        <dataPoint><x1>1.812067e+001</x1><x2>7.364417e-002</x2><x3>1.964997e-001</x3><x4>7.298561e-001</x4></dataPoint>
        <dataPoint><x1>2.412055e+001</x1><x2>7.850238e-002</x2><x3>1.954692e-001</x3><x4>7.260284e-001</x4></dataPoint>
        <dataPoint><x1>3.124102e+001</x1><x2>8.655058e-002</x2><x3>1.937620e-001</x3><x4>7.196874e-001</x4></dataPoint>
        <dataPoint><x1>3.651260e+001</x1><x2>9.586354e-002</x2><x3>1.917865e-001</x3><x4>7.123499e-001</x4></dataPoint>
        <dataPoint><x1>3.705738e+001</x1><x2>9.998805e-002</x2><x3>1.909116e-001</x3><x4>7.091003e-001</x4></dataPoint>
        <dataPoint><x1>3.749880e+001</x1><x2>1.039167e-001</x2><x3>1.900783e-001</x3><x4>7.060050e-001</x4></dataPoint>
        <dataPoint><x1>3.603956e+001</x1><x2>1.089319e-001</x2><x3>1.890145e-001</x3><x4>7.020537e-001</x4></dataPoint>
        <dataPoint><x1>3.169753e+001</x1><x2>1.130977e-001</x2><x3>1.881308e-001</x3><x4>6.987715e-001</x4></dataPoint>
        <dataPoint><x1>2.687324e+001</x1><x2>1.165812e-001</x2><x3>1.873919e-001</x3><x4>6.960270e-001</x4></dataPoint>
        <dataPoint><x1>2.127499e+001</x1><x2>1.205906e-001</x2><x3>1.865414e-001</x3><x4>6.928680e-001</x4></dataPoint>
        <dataPoint><x1>1.581496e+001</x1><x2>1.253313e-001</x2><x3>1.855358e-001</x3><x4>6.891329e-001</x4></dataPoint>
        <dataPoint><x1>1.352889e+001</x1><x2>1.288878e-001</x2><x3>1.847814e-001</x3><x4>6.863308e-001</x4></dataPoint>
    </dataGroup>
</experiment>
