<experiment>
    <fileAuthor>Chemical Kinetics Laboratory, Institute of Chemistry, ELTE, Budapest, Hungary</fileAuthor>
    <fileDOI>10.24388/x20004391</fileDOI>
    <fileVersion>
        <major>1</major>
        <minor>0</minor>
    </fileVersion>
    <ReSpecThVersion>
        <major>2</major>
        <minor>3</minor>
    </ReSpecThVersion>
    <firstPublicationDate>2021-10-29</firstPublicationDate>
    <lastModificationDate>2021-10-29</lastModificationDate>
    <bibliographyLink>
        <description>A.A. Konnov, I.V. Dyakov, Proceedings of the Combustion Institute 32 (2009), 319--326</description>
        <referenceDOI>10.1016/j.proci.2008.07.020</referenceDOI>
        <location>Main article</location>
        <figure>Fig. 1., full circle</figure>
        <details>
            <author>A.A. Konnov and I.V. Dyakov</author>
            <journal>Proceedings of the Combustion Institute</journal>
            <number>1</number>
            <pages>319--326</pages>
            <publisher>Elsevier {BV}</publisher>
            <title>Nitrous oxide conversion in laminar premixed flames of {CH}4$\mathplus$O2$\mathplus$Ar</title>
            <volume>32</volume>
            <year>2009</year>
        </details>
    </bibliographyLink>
    <experimentType>laminar burning velocity measurement</experimentType>
    <apparatus>
        <kind>flame</kind>
        <mode>premixed</mode>
        <mode>laminar</mode>
    </apparatus>
    <commonProperties>
        <property name="pressure"                      label="P"  sourcetype="reported"   units="atm"  ><value>1</value></property>
        <property name="temperature"                   label="T"  sourcetype="reported"   units="K"    ><value>298</value></property>
        <property name="evaluated standard deviation"  sourcetype="estimated"  units="cm/s"  reference="laminar burning velocity"  kind="absolute"  method="combined from scatter and reported uncertainty" ><value>0.678455457641841</value></property>
    </commonProperties>
    <dataGroup id="dg1">
        <property name="laminar burning velocity"  id="x1"   label="Sl"     sourcetype="digitized"   units="cm/s"          />
        <property name="composition"               id="x2"   label="[CH4]"  sourcetype="calculated"  units="mole fraction" >
            <speciesLink preferredKey="CH4"  CAS="74-82-8"    InChI="1S/CH4/h1H4"  SMILES="C"     chemName="methane" />
        </property>
        <property name="composition"               id="x3"   label="[O2]"   sourcetype="calculated"  units="mole fraction" >
            <speciesLink preferredKey="O2"   CAS="7782-44-7"  InChI="1S/O2/c1-2"   SMILES="O=O"   chemName="oxygen"  />
        </property>
        <property name="composition"               id="x4"   label="[Ar]"   sourcetype="calculated"  units="mole fraction" >
            <speciesLink preferredKey="Ar"   CAS="7440-37-1"  InChI="1S/Ar"        SMILES="[Ar]"  chemName="argon"   />
        </property>

        <dataPoint><x1>1.306389e+001</x1><x2>4.644777e-002</x2><x3>1.430328e-001</x3><x4>8.105194e-001</x4></dataPoint>
        <dataPoint><x1>1.755411e+001</x1><x2>4.983926e-002</x2><x3>1.425241e-001</x3><x4>8.076366e-001</x4></dataPoint>
        <dataPoint><x1>2.518905e+001</x1><x2>5.665383e-002</x2><x3>1.415019e-001</x3><x4>8.018442e-001</x4></dataPoint>
        <dataPoint><x1>3.146284e+001</x1><x2>6.325225e-002</x2><x3>1.405122e-001</x3><x4>7.962356e-001</x4></dataPoint>
        <dataPoint><x1>3.584355e+001</x1><x2>6.975900e-002</x2><x3>1.395361e-001</x3><x4>7.907048e-001</x4></dataPoint>
        <dataPoint><x1>3.711082e+001</x1><x2>7.629119e-002</x2><x3>1.385563e-001</x3><x4>7.851525e-001</x4></dataPoint>
        <dataPoint><x1>3.501434e+001</x1><x2>8.263508e-002</x2><x3>1.376047e-001</x3><x4>7.797602e-001</x4></dataPoint>
        <dataPoint><x1>2.927249e+001</x1><x2>8.887687e-002</x2><x3>1.366685e-001</x3><x4>7.744547e-001</x4></dataPoint>
        <dataPoint><x1>2.038592e+001</x1><x2>9.503368e-002</x2><x3>1.357449e-001</x3><x4>7.692214e-001</x4></dataPoint>
        <dataPoint><x1>1.295437e+001</x1><x2>1.012169e-001</x2><x3>1.348175e-001</x3><x4>7.639656e-001</x4></dataPoint>
    </dataGroup>
</experiment>
