<experiment>
    <fileAuthor>Chemical Kinetics Laboratory, Institute of Chemistry, ELTE, Budapest, Hungary</fileAuthor>
    <fileDOI>10.24388/x20004018_3</fileDOI>
    <fileVersion>
        <major>1</major>
        <minor>0</minor>
    </fileVersion>
    <ReSpecThVersion>
        <major>2</major>
        <minor>3</minor>
    </ReSpecThVersion>
    <firstPublicationDate>2021-10-29</firstPublicationDate>
    <lastModificationDate>2021-10-29</lastModificationDate>
    <bibliographyLink>
        <description>X.J. Gu, M.Z. Haq, M. Lawes, R. Woolley, Combust Flame 121 (2000), 41--58</description>
        <referenceDOI>10.1016/S0010-2180(99)00142-X</referenceDOI>
        <location>Main article, Table 3, T=400 K</location>
        <table>Table 3</table>
        <details>
            <author>Gu, X J and Haq, M Z and Lawes, M and Woolley, R</author>
            <journal>Combust Flame</journal>
            <pages>41--58</pages>
            <title>Laminar Burning Velocity and Markstein Lengths of Methane--Air Mixtures</title>
            <volume>121</volume>
            <year>2000</year>
        </details>
    </bibliographyLink>
    <experimentType>laminar burning velocity measurement</experimentType>
    <apparatus>
        <kind>flame</kind>
        <mode>premixed</mode>
        <mode>laminar</mode>
    </apparatus>
    <commonProperties>
        <property name="pressure"                      label="P"  sourcetype="reported"   units="Pa"   ><value>0.500000e+006</value></property>
        <property name="evaluated standard deviation"  sourcetype="estimated"  units="cm/s"  reference="laminar burning velocity"  kind="absolute"  method="combined from scatter and reported uncertainty" ><value>1.34721909335082</value></property>
    </commonProperties>
    <dataGroup id="dg1">
        <property name="laminar burning velocity"  id="x1"   label="Sl"     sourcetype="reported"    units="m/s"           />
        <property name="temperature"               id="x2"   label="T"      sourcetype="reported"    units="K"             />
        <property name="composition"               id="x3"   label="[CH4]"  sourcetype="calculated"  units="mole fraction" >
            <speciesLink preferredKey="CH4"  CAS="74-82-8"    InChI="1S/CH4/h1H4"  SMILES="C"    chemName="methane"  />
        </property>
        <property name="composition"               id="x4"   label="[O2]"   sourcetype="calculated"  units="mole fraction" >
            <speciesLink preferredKey="O2"   CAS="7782-44-7"  InChI="1S/O2/c1-2"   SMILES="O=O"  chemName="oxygen"   />
        </property>
        <property name="composition"               id="x5"   label="[N2]"   sourcetype="calculated"  units="mole fraction" >
            <speciesLink preferredKey="N2"   CAS="7727-37-9"  InChI="1S/N2/c1-2"   SMILES="N#N"  chemName="nitrogen" />
        </property>

        <dataPoint><x1>2.190000e-001</x1><x2>401</x2><x3>7.821229e-002</x3><x4>1.955307e-001</x4><x5>7.262570e-001</x5></dataPoint>
        <dataPoint><x1>2.020000e-001</x1><x2>401</x2><x3>7.821229e-002</x3><x4>1.955307e-001</x4><x5>7.262570e-001</x5></dataPoint>
        <dataPoint><x1>3.200000e-001</x1><x2>404</x2><x3>9.589041e-002</x3><x4>1.917808e-001</x4><x5>7.123288e-001</x5></dataPoint>
        <dataPoint><x1>3.130000e-001</x1><x2>397</x2><x3>9.589041e-002</x3><x4>1.917808e-001</x4><x5>7.123288e-001</x5></dataPoint>
        <dataPoint><x1>2.860000e-001</x1><x2>404</x2><x3>1.129032e-001</x3><x4>1.881720e-001</x4><x5>6.989247e-001</x5></dataPoint>
        <dataPoint><x1>2.810000e-001</x1><x2>404</x2><x3>1.129032e-001</x3><x4>1.881720e-001</x4><x5>6.989247e-001</x5></dataPoint>
    </dataGroup>
</experiment>
