<experiment>
    <fileAuthor>Chemical Kinetics Laboratory, Institute of Chemistry, ELTE, Budapest, Hungary</fileAuthor>
    <fileDOI>10.24388/x20004484</fileDOI>
    <fileVersion>
        <major>1</major>
        <minor>0</minor>
    </fileVersion>
    <ReSpecThVersion>
        <major>2</major>
        <minor>3</minor>
    </ReSpecThVersion>
    <firstPublicationDate>2021-10-29</firstPublicationDate>
    <lastModificationDate>2021-10-29</lastModificationDate>
    <bibliographyLink>
        <description>R.T.E. Hermanns, PhD Thesis, (2007)</description>
        <location>Appendix E., E.3.</location>
        <table>Table E.6. 20% H2</table>
        <details>
            <author>Roy Theodorus Elisabeth Hermanns</author>
            <month>oct</month>
            <school>Eindhoven University of Technology</school>
            <title>Laminar Burning Velocities of Methane-Hydrogen-Air Mixtures</title>
            <year>2007</year>
        </details>
    </bibliographyLink>
    <experimentType>laminar burning velocity measurement</experimentType>
    <apparatus>
        <kind>flame</kind>
        <mode>premixed</mode>
        <mode>laminar</mode>
    </apparatus>
    <commonProperties>
        <property name="pressure"             label="P"  sourcetype="reported"    units="atm"           ><value>1</value></property>
        <property name="initial composition"  sourcetype="calculated" >
            <component><speciesLink preferredKey="CH4"  CAS="74-82-8"    InChI="1S/CH4/h1H4"  SMILES="C"     chemName="methane"  /><amount units="mole fraction" >0.088748</amount></component>
            <component><speciesLink preferredKey="O2"   CAS="7782-44-7"  InChI="1S/O2/c1-2"   SMILES="O=O"   chemName="oxygen"   /><amount units="mole fraction" >0.18859</amount></component>
            <component><speciesLink preferredKey="N2"   CAS="7727-37-9"  InChI="1S/N2/c1-2"   SMILES="N#N"   chemName="nitrogen" /><amount units="mole fraction" >0.70048</amount></component>
            <component><speciesLink preferredKey="H2"   CAS="1333-74-0"  InChI="1S/H2/h1H"    SMILES="[HH]"  chemName="hydrogen" /><amount units="mole fraction" >0.022187</amount></component>
        </property>
    </commonProperties>
    <dataGroup id="dg1">
        <property name="temperature"                   id="x1"   label="T"   sourcetype="reported"   units="K"    />
        <property name="laminar burning velocity"      id="x2"   label="Sl"  sourcetype="reported"   units="cm/s" />
        <property name="evaluated standard deviation"  id="x3"   sourcetype="estimated"  units="cm/s"  reference="laminar burning velocity"  kind="absolute"  method="generic uncertainty" />

        <dataPoint><x1>2.980000e+002</x1><x2>4.210000e+001</x2>  <x3>0.5</x3></dataPoint>
        <dataPoint><x1>3.080000e+002</x1><x2>4.420000e+001</x2>  <x3>0.5</x3></dataPoint>
        <dataPoint><x1>3.180000e+002</x1><x2>4.640000e+001</x2>  <x3>0.5</x3></dataPoint>
        <dataPoint><x1>3.280000e+002</x1><x2>4.900000e+001</x2>  <x3>0.5</x3></dataPoint>
        <dataPoint><x1>3.430000e+002</x1><x2>5.290000e+001</x2><x3>0.529</x3></dataPoint>
        <dataPoint><x1>3.580000e+002</x1><x2>5.650000e+001</x2><x3>0.565</x3></dataPoint>
        <dataPoint><x1>3.730000e+002</x1><x2>6.050000e+001</x2><x3>0.605</x3></dataPoint>
    </dataGroup>
</experiment>
