<experiment>
    <fileAuthor>Chemical Kinetics Laboratory, Institute of Chemistry, ELTE, Budapest, Hungary</fileAuthor>
    <fileDOI>10.24388/x20004553</fileDOI>
    <fileVersion>
        <major>1</major>
        <minor>0</minor>
    </fileVersion>
    <ReSpecThVersion>
        <major>2</major>
        <minor>3</minor>
    </ReSpecThVersion>
    <firstPublicationDate>2021-10-29</firstPublicationDate>
    <lastModificationDate>2021-10-29</lastModificationDate>
    <bibliographyLink>
        <description>X. Cai, J. Wang, W. Zhang, Y. Xie, M. Zhang, Z. Huang, Fuel 184 (2016), 466--473</description>
        <referenceDOI>10.1016/j.fuel.2016.07.011</referenceDOI>
        <location>Main article</location>
        <figure>Fig. 3. (a), red diamond</figure>
        <details>
            <author>Cai, Xiao and Wang, Jinhua and Zhang, Weijie and Xie, Yongliang and Zhang, Meng and Huang, Zuohua</author>
            <journal>Fuel</journal>
            <pages>466--473</pages>
            <title>Effects of oxygen enrichment on laminar burning velocities and Markstein lengths of {CH}$_{4}$/{O}$_{2}$/{N}$_{2}$ flames at elevated pressures</title>
            <volume>184</volume>
            <year>2016</year>
        </details>
    </bibliographyLink>
    <experimentType>laminar burning velocity measurement</experimentType>
    <apparatus>
        <kind>flame</kind>
        <mode>premixed</mode>
        <mode>laminar</mode>
        <mode>OPF</mode>
    </apparatus>
    <commonProperties>
        <property name="temperature"  label="T"    sourcetype="reported"  units="K"   ><value>353</value></property>
        <property name="uncertainty"  label="d_T"  sourcetype="reported"  units="K"    reference="temperature"  kind="absolute"  bound="plusminus" ><value>3</value></property>
        <property name="pressure"     label="p"    sourcetype="reported"  units="MPa" ><value>0.1</value></property>
        <property name="uncertainty"  label="d_p"  sourcetype="reported"  units="kPa"  reference="pressure"     kind="absolute"  bound="plusminus" ><value>3</value></property>
    </commonProperties>
    <dataGroup id="dg1">
        <property name="equivalence ratio"             id="x1"   label="phi"    sourcetype="digitized"   units="unitless"      />
        <property name="laminar burning velocity"      id="x2"   label="Sl"     sourcetype="digitized"   units="cm/s"          />
        <property name="composition"                   id="x3"   label="[CH4]"  sourcetype="calculated"  units="mole fraction" >
            <speciesLink preferredKey="CH4"  CAS="74-82-8"    InChI="1S/CH4/h1H4"  SMILES="C"    chemName="methane"  />
        </property>
        <property name="composition"                   id="x4"   label="[O2]"   sourcetype="calculated"  units="mole fraction" >
            <speciesLink preferredKey="O2"   CAS="7782-44-7"  InChI="1S/O2/c1-2"   SMILES="O=O"  chemName="oxygen"   />
        </property>
        <property name="composition"                   id="x5"   label="[N2]"   sourcetype="calculated"  units="mole fraction" >
            <speciesLink preferredKey="N2"   CAS="7727-37-9"  InChI="1S/N2/c1-2"   SMILES="N#N"  chemName="nitrogen" />
        </property>
        <property name="evaluated standard deviation"  id="x6"   sourcetype="estimated"   units="cm/s"           reference="laminar burning velocity"  kind="absolute"  method="combined from scatter and reported uncertainty" />

        <dataPoint><x1>0.499713</x1><x2>165.141</x2><x3>0.1303697</x3><x4>0.5217782</x4><x5>0.3478521</x5><x6>9.54521871129206</x6></dataPoint>
        <dataPoint><x1>0.601146</x1><x2>218.134</x2><x3>0.1527892</x3><x4>0.5083265</x4><x5>0.3388843</x5><x6>8.73342225283996</x6></dataPoint>
        <dataPoint> <x1>0.70086</x1><x2>244.014</x2><x3>0.1737299</x3><x4>0.4957621</x4><x5>0.3305080</x5> <x6>14.654069716171</x6></dataPoint>
        <dataPoint><x1>0.800573</x1><x2>260.035</x2><x3>0.1936602</x3><x4>0.4838039</x4><x5>0.3225359</x5><x6>11.6370786817998</x6></dataPoint>
        <dataPoint><x1>0.900287</x1><x2>278.521</x2><x3>0.2126518</x3><x4>0.4724089</x4><x5>0.3149393</x5><x6>9.13705730782076</x6></dataPoint>
        <dataPoint>       <x1>1</x1><x2>284.683</x2><x3>0.2307692</x3><x4>0.4615385</x4><x5>0.3076923</x5><x6>6.45450317579907</x6></dataPoint>
        <dataPoint> <x1>1.09971</x1><x2>280.986</x2><x3>0.2480711</x3><x4>0.4511573</x4><x5>0.3007716</x5><x6>6.45450317579907</x6></dataPoint>
        <dataPoint> <x1>1.20115</x1><x2>266.813</x2><x3>0.2648924</x3><x4>0.4410646</x4><x5>0.2940431</x5> <x6>14.219625038882</x6></dataPoint>
        <dataPoint> <x1>1.30086</x1><x2>248.327</x2><x3>0.2807090</x3><x4>0.4315746</x4><x5>0.2877164</x5><x6>7.94248426164008</x6></dataPoint>
        <dataPoint> <x1>1.40057</x1> <x2>223.68</x2><x3>0.2958594</x3><x4>0.4224843</x4><x5>0.2816562</x5><x6>10.7916979315768</x6></dataPoint>
        <dataPoint> <x1>1.50029</x1><x2>203.345</x2><x3>0.3103862</x3><x4>0.4137683</x4><x5>0.2758455</x5><x6>11.6370786817998</x6></dataPoint>
    </dataGroup>
    <comment>CH4, O2 and N2 mole fractions were estimated using phi, O2 mole fraction - E(O2)=0.6 - in air.</comment>
</experiment>
