<experiment>
    <fileAuthor>Chemical Kinetics Laboratory, Institute of Chemistry, ELTE, Budapest, Hungary</fileAuthor>
    <fileDOI>10.24388/x20004113</fileDOI>
    <fileVersion>
        <major>1</major>
        <minor>0</minor>
    </fileVersion>
    <ReSpecThVersion>
        <major>2</major>
        <minor>3</minor>
    </ReSpecThVersion>
    <firstPublicationDate>2021-10-29</firstPublicationDate>
    <lastModificationDate>2021-10-29</lastModificationDate>
    <bibliographyLink>
        <description>F. COPPENS, J. DERUYCK, A. KONNOV, Combustion and Flame 149 (2007), 409--417</description>
        <referenceDOI>10.1016/j.combustflame.2007.02.004</referenceDOI>
        <location>Main article, Fig. 3, full circle</location>
        <figure>Figure 3</figure>
        <details>
            <author>F COPPENS and J DERUYCK and A KONNOV</author>
            <journal>Combustion and Flame</journal>
            <month>jun</month>
            <number>4</number>
            <pages>409--417</pages>
            <publisher>Elsevier {BV}</publisher>
            <title>The effects of composition on burning velocity and nitric oxide formation in laminar premixed flames of {CH}4 $\mathplus$ H2 $\mathplus$ O2 $\mathplus$ N2</title>
            <volume>149</volume>
            <year>2007</year>
        </details>
    </bibliographyLink>
    <experimentType>laminar burning velocity measurement</experimentType>
    <apparatus>
        <kind>flame</kind>
        <mode>premixed</mode>
        <mode>laminar</mode>
    </apparatus>
    <commonProperties>
        <property name="pressure"                      label="P"  sourcetype="reported"   units="atm"  ><value>1</value></property>
        <property name="temperature"                   label="T"  sourcetype="reported"   units="K"    ><value>298</value></property>
        <property name="evaluated standard deviation"  sourcetype="estimated"  units="cm/s"  reference="laminar burning velocity"  kind="absolute"  method="generic uncertainty" ><value>0.5</value></property>
    </commonProperties>
    <dataGroup id="dg1">
        <property name="laminar burning velocity"  id="x1"   label="Sl"     sourcetype="digitized"  units="cm/s"          />
        <property name="composition"               id="x2"   label="[CH4]"  sourcetype="digitized"  units="mole fraction" >
            <speciesLink preferredKey="CH4"  CAS="74-82-8"    InChI="1S/CH4/h1H4"  SMILES="C"     chemName="methane"  />
        </property>
        <property name="composition"               id="x3"   label="[O2]"   sourcetype="digitized"  units="mole fraction" >
            <speciesLink preferredKey="O2"   CAS="7782-44-7"  InChI="1S/O2/c1-2"   SMILES="O=O"   chemName="oxygen"   />
        </property>
        <property name="composition"               id="x4"   label="[N2]"   sourcetype="digitized"  units="mole fraction" >
            <speciesLink preferredKey="N2"   CAS="7727-37-9"  InChI="1S/N2/c1-2"   SMILES="N#N"   chemName="nitrogen" />
        </property>
        <property name="composition"               id="x5"   label="[H2]"   sourcetype="digitized"  units="mole fraction" >
            <speciesLink preferredKey="H2"   CAS="1333-74-0"  InChI="1S/H2/h1H"    SMILES="[HH]"  chemName="hydrogen" />
        </property>

        <dataPoint><x1>1.231231e+001</x1><x2>6.275461e-002</x2><x3>1.587702e-001</x3><x4>7.751723e-001</x4><x5>3.302874e-003</x5></dataPoint>
        <dataPoint><x1>1.455523e+001</x1><x2>6.645366e-002</x2><x3>1.581083e-001</x3><x4>7.719405e-001</x4><x5>3.497561e-003</x5></dataPoint>
        <dataPoint><x1>1.696660e+001</x1><x2>7.002337e-002</x2><x3>1.574695e-001</x3><x4>7.688217e-001</x4><x5>3.685441e-003</x5></dataPoint>
        <dataPoint><x1>1.873361e+001</x1><x2>7.356865e-002</x2><x3>1.568351e-001</x3><x4>7.657242e-001</x4><x5>3.872034e-003</x5></dataPoint>
        <dataPoint><x1>2.018339e+001</x1><x2>7.708689e-002</x2><x3>1.562055e-001</x3><x4>7.626504e-001</x4><x5>4.057205e-003</x5></dataPoint>
        <dataPoint><x1>2.103839e+001</x1><x2>8.058121e-002</x2><x3>1.555802e-001</x3><x4>7.595975e-001</x4><x5>4.241116e-003</x5></dataPoint>
        <dataPoint><x1>2.114991e+001</x1><x2>8.406858e-002</x2><x3>1.549561e-001</x3><x4>7.565506e-001</x4><x5>4.424662e-003</x5></dataPoint>
        <dataPoint><x1>2.029983e+001</x1><x2>8.751771e-002</x2><x3>1.543389e-001</x3><x4>7.535372e-001</x4><x5>4.606195e-003</x5></dataPoint>
        <dataPoint><x1>1.836927e+001</x1><x2>9.102317e-002</x2><x3>1.537116e-001</x3><x4>7.504745e-001</x4><x5>4.790693e-003</x5></dataPoint>
        <dataPoint><x1>1.586368e+001</x1><x2>9.442743e-002</x2><x3>1.531025e-001</x3><x4>7.475002e-001</x4><x5>4.969865e-003</x5></dataPoint>
        <dataPoint><x1>1.345729e+001</x1><x2>9.789528e-002</x2><x3>1.524819e-001</x3><x4>7.444704e-001</x4><x5>5.152383e-003</x5></dataPoint>
    </dataGroup>
</experiment>
