<experiment>
    <fileAuthor>Chemical Kinetics Laboratory, Institute of Chemistry, ELTE, Budapest, Hungary</fileAuthor>
    <fileDOI>10.24388/x20004537</fileDOI>
    <fileVersion>
        <major>1</major>
        <minor>0</minor>
    </fileVersion>
    <ReSpecThVersion>
        <major>2</major>
        <minor>3</minor>
    </ReSpecThVersion>
    <firstPublicationDate>2021-10-29</firstPublicationDate>
    <lastModificationDate>2021-10-29</lastModificationDate>
    <bibliographyLink>
        <description>A.M. Dmitriev, D.A. Knyazkov, T.A. Bolshova, A.G. Tereshchenko, A.A. Paletsky, A.G. Shmakov, O.P. Korobeinichev, Combust Flame 162 (2015), 3946--3959</description>
        <referenceDOI>10.1016/j.combustflame.2015.07.032</referenceDOI>
        <location>Main article, main text, Table 1</location>
        <table>Table 1</table>
        <details>
            <author>Dmitriev, A M and Knyazkov, D A and Bolshova, T A and Tereshchenko, A G and Paletsky, A A and Shmakov, A G and Korobeinichev, O P</author>
            <journal>Combust Flame</journal>
            <pages>3946--3959</pages>
            <title>Structure of {CH}$_{4}$/{O}$_{2}$/{Ar} flames at elevated pressures studied by flame sampling molecular beam mass spectrometry and numerical simulation</title>
            <volume>162</volume>
            <year>2015</year>
        </details>
    </bibliographyLink>
    <experimentType>laminar burning velocity measurement</experimentType>
    <apparatus>
        <kind>flame</kind>
        <mode>premixed</mode>
        <mode>laminar</mode>
        <mode>LFF</mode>
    </apparatus>
    <commonProperties>
        <property name="temperature"                   label="T"    sourcetype="reported"   units="K"             ><value>333</value></property>
        <property name="equivalence ratio"             label="phi"  sourcetype="reported"   units="unitless"      ><value>1</value></property>
        <property name="initial composition"           sourcetype="reported"  >
            <component><speciesLink preferredKey="CH4"  CAS="74-82-8"    InChI="1S/CH4/h1H4"  SMILES="C"     chemName="methane" /><amount units="mole fraction" >0.0833</amount></component>
            <component><speciesLink preferredKey="Ar"   CAS="7440-37-1"  InChI="1S/Ar"        SMILES="[Ar]"  chemName="argon"   /><amount units="mole fraction" >0.7500</amount></component>
            <component><speciesLink preferredKey="O2"   CAS="7782-44-7"  InChI="1S/O2/c1-2"   SMILES="O=O"   chemName="oxygen"  /><amount units="mole fraction" >0.1667</amount></component>
        </property>
        <property name="evaluated standard deviation"  sourcetype="estimated"  units="cm/s"           reference="laminar burning velocity"  kind="absolute"  method="combined from scatter and estimated uncertainty" ><value>1</value></property>
    </commonProperties>
    <dataGroup id="dg1">
        <property name="pressure"                  id="x1"   label="p"   sourcetype="reported"  units="atm"  />
        <property name="laminar burning velocity"  id="x2"   label="Sl"  sourcetype="reported"  units="cm/s" />

        <dataPoint><x1>1</x1><x2>68.69</x2></dataPoint>
        <dataPoint><x1>3</x1><x2>50.59</x2></dataPoint>
        <dataPoint><x1>5</x1><x2>42.28</x2></dataPoint>
    </dataGroup>
</experiment>
