<experiment>
    <fileAuthor>Chemical Kinetics Laboratory, Institute of Chemistry, ELTE, Budapest, Hungary</fileAuthor>
    <fileDOI>10.24388/x20004015</fileDOI>
    <fileVersion>
        <major>1</major>
        <minor>0</minor>
    </fileVersion>
    <ReSpecThVersion>
        <major>2</major>
        <minor>3</minor>
    </ReSpecThVersion>
    <firstPublicationDate>2021-10-29</firstPublicationDate>
    <lastModificationDate>2021-10-29</lastModificationDate>
    <bibliographyLink>
        <description>M.I. Hassan, K.T. Aung, G.M. Faeth, Combust Flame 115 (1998), 539--550</description>
        <referenceDOI>10.1016/S0010-2180(98)00025-X</referenceDOI>
        <location>Main article, Table1, P=3.0 atm</location>
        <table>Table 1</table>
        <details>
            <author>Hassan, M I and Aung, K T and Faeth, G M</author>
            <journal>Combust Flame</journal>
            <pages>539--550</pages>
            <title>Measured and Predicted Properties of Laminar Premixed Methane/Air Flames at Various Pressures</title>
            <volume>115</volume>
            <year>1998</year>
        </details>
    </bibliographyLink>
    <experimentType>laminar burning velocity measurement</experimentType>
    <apparatus>
        <kind>flame</kind>
        <mode>premixed</mode>
        <mode>laminar</mode>
    </apparatus>
    <commonProperties>
        <property name="pressure"     label="P"  sourcetype="reported"  units="atm" ><value>3.0</value></property>
        <property name="temperature"  label="T"  sourcetype="reported"  units="K"   ><value>298</value></property>
    </commonProperties>
    <dataGroup id="dg1">
        <property name="laminar burning velocity"      id="x1"   label="Sl"     sourcetype="reported"    units="mm/s"          />
        <property name="composition"                   id="x2"   label="[CH4]"  sourcetype="calculated"  units="mole fraction" >
            <speciesLink preferredKey="CH4"  CAS="74-82-8"    InChI="1S/CH4/h1H4"  SMILES="C"    chemName="methane"  />
        </property>
        <property name="composition"                   id="x3"   label="[O2]"   sourcetype="calculated"  units="mole fraction" >
            <speciesLink preferredKey="O2"   CAS="7782-44-7"  InChI="1S/O2/c1-2"   SMILES="O=O"  chemName="oxygen"   />
        </property>
        <property name="composition"                   id="x4"   label="[N2]"   sourcetype="calculated"  units="mole fraction" >
            <speciesLink preferredKey="N2"   CAS="7727-37-9"  InChI="1S/N2/c1-2"   SMILES="N#N"  chemName="nitrogen" />
        </property>
        <property name="evaluated standard deviation"  id="x5"   sourcetype="estimated"   units="cm/s"           reference="laminar burning velocity"  kind="absolute"  method="combined from scatter and reported uncertainty" />

        <dataPoint><x1>1.000000e+002</x1><x2>6.911143e-002</x2><x3>1.974612e-001</x3><x4>7.334274e-001</x4> <x5>1.3242434797272</x5></dataPoint>
        <dataPoint><x1>1.900000e+002</x1><x2>7.821229e-002</x2><x3>1.955307e-001</x3><x4>7.262570e-001</x4><x5>1.51067726321673</x5></dataPoint>
        <dataPoint><x1>2.200000e+002</x1><x2>8.713693e-002</x2><x3>1.936376e-001</x3><x4>7.192255e-001</x4><x5>1.59098107895726</x5></dataPoint>
        <dataPoint><x1>2.500000e+002</x1><x2>9.589041e-002</x2><x3>1.917808e-001</x3><x4>7.123288e-001</x4><x5>1.67831635682907</x5></dataPoint>
        <dataPoint><x1>2.400000e+002</x1><x2>1.044776e-001</x2><x3>1.899593e-001</x3><x4>7.055631e-001</x4><x5>1.64849045905641</x5></dataPoint>
        <dataPoint><x1>2.100000e+002</x1><x2>1.129032e-001</x2><x3>1.881720e-001</x3><x4>6.989247e-001</x4><x5>1.56337640816279</x5></dataPoint>
        <dataPoint><x1>1.200000e+002</x1><x2>1.211718e-001</x2><x3>1.864181e-001</x3><x4>6.924101e-001</x4><x5>1.35746852398131</x5></dataPoint>
        <dataPoint><x1>1.100000e+002</x1><x2>1.252485e-001</x2><x3>1.855533e-001</x3><x4>6.891981e-001</x4><x5>1.34020363885493</x5></dataPoint>
    </dataGroup>
</experiment>
