<experiment>
    <fileAuthor>Chemical Kinetics Laboratory, Institute of Chemistry, ELTE, Budapest, Hungary</fileAuthor>
    <fileDOI>10.24388/x20004225</fileDOI>
    <fileVersion>
        <major>1</major>
        <minor>0</minor>
    </fileVersion>
    <ReSpecThVersion>
        <major>2</major>
        <minor>3</minor>
    </ReSpecThVersion>
    <firstPublicationDate>2021-10-29</firstPublicationDate>
    <lastModificationDate>2021-10-29</lastModificationDate>
    <bibliographyLink>
        <description>G. Yu, C.K. Law, C.K. Wu, Combustion and Flame 63 (1986), 339--347</description>
        <referenceDOI>10.1016/0010-2180(86)90003-9</referenceDOI>
        <location>Fig. 4 open circle</location>
        <figure>Fig. 4</figure>
        <details>
            <author>G. Yu and C.K. Law and C.K. Wu</author>
            <journal>Combustion and Flame</journal>
            <month>mar</month>
            <number>3</number>
            <pages>339--347</pages>
            <publisher>Elsevier {BV}</publisher>
            <title>Laminar flame speeds of hydrocarbon $\mathplus$ air mixtures with hydrogen addition</title>
            <volume>63</volume>
            <year>1986</year>
        </details>
    </bibliographyLink>
    <experimentType>laminar burning velocity measurement</experimentType>
    <apparatus>
        <kind>flame</kind>
        <mode>premixed</mode>
        <mode>laminar</mode>
    </apparatus>
    <commonProperties>
        <property name="pressure"                      label="P"  sourcetype="estimated"  units="atm"  ><value>1</value></property>
        <property name="temperature"                   label="T"  sourcetype="estimated"  units="K"    ><value>298</value></property>
        <property name="evaluated standard deviation"  sourcetype="estimated"  units="cm/s"  reference="laminar burning velocity"  kind="absolute"  method="combined from scatter and estimated uncertainty" ><value>1.24171927803993</value></property>
    </commonProperties>
    <dataGroup id="dg1">
        <property name="laminar burning velocity"  id="x1"   label="Sl"     sourcetype="digitized"  units="cm/s"          />
        <property name="composition"               id="x2"   label="[CH4]"  sourcetype="digitized"  units="mole fraction" >
            <speciesLink preferredKey="CH4"  CAS="74-82-8"    InChI="1S/CH4/h1H4"  SMILES="C"    chemName="methane"  />
        </property>
        <property name="composition"               id="x3"   label="[O2]"   sourcetype="digitized"  units="mole fraction" >
            <speciesLink preferredKey="O2"   CAS="7782-44-7"  InChI="1S/O2/c1-2"   SMILES="O=O"  chemName="oxygen"   />
        </property>
        <property name="composition"               id="x4"   label="[N2]"   sourcetype="digitized"  units="mole fraction" >
            <speciesLink preferredKey="N2"   CAS="7727-37-9"  InChI="1S/N2/c1-2"   SMILES="N#N"  chemName="nitrogen" />
        </property>

        <dataPoint><x1>9.790790e+000</x1><x2>5.420440e-002</x2><x3>2.006233e-001</x3><x4>7.451723e-001</x4></dataPoint>
        <dataPoint><x1>1.043519e+001</x1><x2>5.605462e-002</x2><x3>2.002308e-001</x3><x4>7.437145e-001</x4></dataPoint>
        <dataPoint><x1>1.195169e+001</x1><x2>5.884648e-002</x2><x3>1.996386e-001</x3><x4>7.415149e-001</x4></dataPoint>
        <dataPoint><x1>1.946767e+001</x1><x2>6.876389e-002</x2><x3>1.975349e-001</x3><x4>7.337012e-001</x4></dataPoint>
        <dataPoint><x1>2.794408e+001</x1><x2>7.820688e-002</x2><x3>1.955319e-001</x3><x4>7.262612e-001</x4></dataPoint>
        <dataPoint><x1>3.404676e+001</x1><x2>8.681068e-002</x2><x3>1.937068e-001</x3><x4>7.194825e-001</x4></dataPoint>
        <dataPoint><x1>3.931228e+001</x1><x2>9.436286e-002</x2><x3>1.921048e-001</x3><x4>7.135323e-001</x4></dataPoint>
        <dataPoint><x1>4.091048e+001</x1><x2>1.029858e-001</x2><x3>1.902757e-001</x3><x4>7.067385e-001</x4></dataPoint>
        <dataPoint><x1>3.826645e+001</x1><x2>1.113615e-001</x2><x3>1.884991e-001</x3><x4>7.001394e-001</x4></dataPoint>
        <dataPoint><x1>3.534780e+001</x1><x2>1.146650e-001</x2><x3>1.877983e-001</x3><x4>6.975367e-001</x4></dataPoint>
        <dataPoint><x1>2.865481e+001</x1><x2>1.214576e-001</x2><x3>1.863575e-001</x3><x4>6.921850e-001</x4></dataPoint>
        <dataPoint><x1>2.412946e+001</x1><x2>1.252631e-001</x2><x3>1.855502e-001</x3><x4>6.891866e-001</x4></dataPoint>
        <dataPoint><x1>1.677364e+001</x1><x2>1.313164e-001</x2><x3>1.842662e-001</x3><x4>6.844174e-001</x4></dataPoint>
        <dataPoint><x1>1.366272e+001</x1><x2>1.347133e-001</x2><x3>1.835457e-001</x3><x4>6.817410e-001</x4></dataPoint>
        <dataPoint><x1>1.159845e+001</x1><x2>1.389080e-001</x2><x3>1.826559e-001</x3><x4>6.784361e-001</x4></dataPoint>
        <dataPoint><x1>1.121275e+001</x1><x2>1.405116e-001</x2><x3>1.823157e-001</x3><x4>6.771727e-001</x4></dataPoint>
    </dataGroup>
</experiment>
