<experiment>
    <fileAuthor>Chemical Kinetics Laboratory, Institute of Chemistry, ELTE, Budapest, Hungary</fileAuthor>
    <fileDOI>10.24388/x20004068</fileDOI>
    <fileVersion>
        <major>1</major>
        <minor>0</minor>
    </fileVersion>
    <ReSpecThVersion>
        <major>2</major>
        <minor>3</minor>
    </ReSpecThVersion>
    <firstPublicationDate>2021-10-29</firstPublicationDate>
    <lastModificationDate>2021-10-29</lastModificationDate>
    <bibliographyLink>
        <description>B. Yan, Y. Wu, C. Liu, J.F. Yu, B. Li, Z.S. Li, G. Chen, X.S. Bai, M. Ald{\'{e}}n, A.A. Konnov, International Journal of Hydrogen Energy 36 (2011), 3769--3777</description>
        <referenceDOI>10.1016/j.ijhydene.2010.12.015</referenceDOI>
        <location>Main article, Fig. 8, full diamond</location>
        <figure>Figure 8</figure>
        <details>
            <author>B. Yan and Y. Wu and C. Liu and J.F. Yu and B. Li and Z.S. Li and G. Chen and X.S. Bai and M. Ald{\'{e}}n and A.A. Konnov</author>
            <journal>International Journal of Hydrogen Energy</journal>
            <month>mar</month>
            <number>5</number>
            <pages>3769--3777</pages>
            <publisher>Elsevier {BV}</publisher>
            <title>Experimental and modeling study of laminar burning velocity of biomass derived gases/air mixtures</title>
            <volume>36</volume>
            <year>2011</year>
        </details>
    </bibliographyLink>
    <experimentType>laminar burning velocity measurement</experimentType>
    <apparatus>
        <kind>flame</kind>
        <mode>premixed</mode>
        <mode>laminar</mode>
    </apparatus>
    <commonProperties>
        <property name="pressure"                      label="P"  sourcetype="reported"   units="atm"  ><value>1</value></property>
        <property name="temperature"                   label="T"  sourcetype="reported"   units="K"    ><value>338</value></property>
        <property name="evaluated standard deviation"  sourcetype="estimated"  units="cm/s"  reference="laminar burning velocity"  kind="absolute"  method="combined from scatter and reported uncertainty" ><value>1.03454420951886</value></property>
    </commonProperties>
    <dataGroup id="dg1">
        <property name="laminar burning velocity"  id="x1"   label="Sl"     sourcetype="digitized"  units="m/s"           />
        <property name="composition"               id="x2"   label="[CH4]"  sourcetype="digitized"  units="mole fraction" >
            <speciesLink preferredKey="CH4"  CAS="74-82-8"    InChI="1S/CH4/h1H4"  SMILES="C"    chemName="methane"  />
        </property>
        <property name="composition"               id="x3"   label="[O2]"   sourcetype="digitized"  units="mole fraction" >
            <speciesLink preferredKey="O2"   CAS="7782-44-7"  InChI="1S/O2/c1-2"   SMILES="O=O"  chemName="oxygen"   />
        </property>
        <property name="composition"               id="x4"   label="[N2]"   sourcetype="digitized"  units="mole fraction" >
            <speciesLink preferredKey="N2"   CAS="7727-37-9"  InChI="1S/N2/c1-2"   SMILES="N#N"  chemName="nitrogen" />
        </property>

        <dataPoint><x1>1.330200e-001</x1><x2>5.969779e-002</x2><x3>1.994580e-001</x3><x4>7.408442e-001</x4></dataPoint>
        <dataPoint><x1>2.226200e-001</x1><x2>6.906363e-002</x2><x3>1.974714e-001</x3><x4>7.334650e-001</x4></dataPoint>
        <dataPoint><x1>3.306700e-001</x1><x2>7.824113e-002</x2><x3>1.955246e-001</x3><x4>7.262343e-001</x4></dataPoint>
        <dataPoint><x1>3.763900e-001</x1><x2>8.268472e-002</x2><x3>1.945820e-001</x3><x4>7.227333e-001</x4></dataPoint>
        <dataPoint><x1>4.188600e-001</x1><x2>8.695483e-002</x2><x3>1.936762e-001</x3><x4>7.193689e-001</x4></dataPoint>
        <dataPoint><x1>4.495800e-001</x1><x2>9.144809e-002</x2><x3>1.927231e-001</x3><x4>7.158288e-001</x4></dataPoint>
        <dataPoint><x1>4.679400e-001</x1><x2>9.592509e-002</x2><x3>1.917735e-001</x3><x4>7.123014e-001</x4></dataPoint>
        <dataPoint><x1>4.745500e-001</x1><x2>1.002079e-001</x2><x3>1.908650e-001</x3><x4>7.089271e-001</x4></dataPoint>
        <dataPoint><x1>4.710200e-001</x1><x2>1.044512e-001</x2><x3>1.899649e-001</x3><x4>7.055839e-001</x4></dataPoint>
        <dataPoint><x1>4.480500e-001</x1><x2>1.086589e-001</x2><x3>1.890723e-001</x3><x4>7.022687e-001</x4></dataPoint>
        <dataPoint><x1>4.131100e-001</x1><x2>1.129792e-001</x2><x3>1.881559e-001</x3><x4>6.988649e-001</x4></dataPoint>
        <dataPoint><x1>3.112300e-001</x1><x2>1.213536e-001</x2><x3>1.863795e-001</x3><x4>6.922669e-001</x4></dataPoint>
        <dataPoint><x1>2.028600e-001</x1><x2>1.294291e-001</x2><x3>1.846666e-001</x3><x4>6.859043e-001</x4></dataPoint>
        <dataPoint><x1>1.590100e-001</x1><x2>1.335516e-001</x2><x3>1.837921e-001</x3><x4>6.826563e-001</x4></dataPoint>
    </dataGroup>
</experiment>
