<experiment>
    <fileAuthor>Chemical Kinetics Laboratory, Institute of Chemistry, ELTE, Budapest, Hungary</fileAuthor>
    <fileDOI>10.24388/x20004347</fileDOI>
    <fileVersion>
        <major>1</major>
        <minor>0</minor>
    </fileVersion>
    <ReSpecThVersion>
        <major>2</major>
        <minor>3</minor>
    </ReSpecThVersion>
    <firstPublicationDate>2021-10-29</firstPublicationDate>
    <lastModificationDate>2021-10-29</lastModificationDate>
    <bibliographyLink>
        <description>E.C. Okafor, A. Hayakawa, Y. Nagano, T. Kitagawa, International Journal of Hydrogen Energy 39 (2014), 2409--2417</description>
        <referenceDOI>10.1016/j.ijhydene.2013.11.128</referenceDOI>
        <location>Main article</location>
        <figure>Fig.3., full circle</figure>
        <details>
            <author>Ekenechukwu C. Okafor and Akihiro Hayakawa and Yukihide Nagano and Toshiaki Kitagawa</author>
            <journal>International Journal of Hydrogen Energy</journal>
            <month>feb</month>
            <number>5</number>
            <pages>2409--2417</pages>
            <publisher>Elsevier {BV}</publisher>
            <title>Effects of hydrogen concentration on premixed laminar flames of hydrogen{\textendash}methane{\textendash}air</title>
            <volume>39</volume>
            <year>2014</year>
        </details>
    </bibliographyLink>
    <experimentType>laminar burning velocity measurement</experimentType>
    <apparatus>
        <kind>flame</kind>
        <mode>premixed</mode>
        <mode>laminar</mode>
    </apparatus>
    <commonProperties>
        <property name="pressure"     label="P"  sourcetype="reported"  units="Pa" ><value>1e+005</value></property>
        <property name="temperature"  label="T"  sourcetype="reported"  units="K"  ><value>350</value></property>
    </commonProperties>
    <dataGroup id="dg1">
        <property name="laminar burning velocity"      id="x1"   label="Sl"     sourcetype="digitized"   units="cm/s"          />
        <property name="composition"                   id="x2"   label="[CH4]"  sourcetype="calculated"  units="mole fraction" >
            <speciesLink preferredKey="CH4"  CAS="74-82-8"    InChI="1S/CH4/h1H4"  SMILES="C"     chemName="methane"  />
        </property>
        <property name="composition"                   id="x3"   label="[O2]"   sourcetype="calculated"  units="mole fraction" >
            <speciesLink preferredKey="O2"   CAS="7782-44-7"  InChI="1S/O2/c1-2"   SMILES="O=O"   chemName="oxygen"   />
        </property>
        <property name="composition"                   id="x4"   label="[N2]"   sourcetype="calculated"  units="mole fraction" >
            <speciesLink preferredKey="N2"   CAS="7727-37-9"  InChI="1S/N2/c1-2"   SMILES="N#N"   chemName="nitrogen" />
        </property>
        <property name="composition"                   id="x5"   label="[H2]"   sourcetype="calculated"  units="mole fraction" >
            <speciesLink preferredKey="H2"   CAS="1333-74-0"  InChI="1S/H2/h1H"    SMILES="[HH]"  chemName="hydrogen" />
        </property>
        <property name="evaluated standard deviation"  id="x6"   sourcetype="estimated"   units="cm/s"           reference="laminar burning velocity"  kind="absolute"  method="combined from scatter and reported uncertainty" />

        <dataPoint><x1>2.989812e+001</x1><x2>7.751938e-002</x2><x3>1.937985e-001</x3><x4>7.286822e-001</x4><x5>0.000000e+000</x5> <x6>0.95927284174264</x6></dataPoint>
        <dataPoint><x1>3.172675e+001</x1><x2>7.508064e-002</x2><x3>1.926481e-001</x3><x4>7.243569e-001</x4><x5>7.914408e-003</x5><x6>0.995306517447044</x6></dataPoint>
        <dataPoint><x1>3.904127e+001</x1><x2>6.857773e-002</x2><x3>1.895807e-001</x3><x4>7.128234e-001</x4><x5>2.901820e-002</x5>  <x6>1.1463665969942</x6></dataPoint>
        <dataPoint><x1>5.248171e+001</x1><x2>5.940459e-002</x2><x3>1.852537e-001</x3><x4>6.965541e-001</x4><x5>5.878763e-002</x5> <x6>1.44325139027252</x6></dataPoint>
        <dataPoint><x1>7.634535e+001</x1><x2>4.517746e-002</x2><x3>1.785428e-001</x3><x4>6.713210e-001</x4><x5>1.049587e-001</x5> <x6>2.00109999483661</x6></dataPoint>
        <dataPoint><x1>1.361416e+002</x1><x2>2.068681e-002</x2><x3>1.669906e-001</x3><x4>6.278848e-001</x4><x5>1.844378e-001</x5> <x6>3.45624115612554</x6></dataPoint>
        <dataPoint><x1>1.935606e+002</x1><x2>0.000000e+000</x2><x3>1.572327e-001</x3><x4>5.911950e-001</x4><x5>2.515723e-001</x5> <x6>4.87622646807149</x6></dataPoint>
    </dataGroup>
</experiment>
