<experiment>
    <fileAuthor>Chemical Kinetics Laboratory, Institute of Chemistry, ELTE, Budapest, Hungary</fileAuthor>
    <fileDOI>10.24388/x20004193</fileDOI>
    <fileVersion>
        <major>1</major>
        <minor>0</minor>
    </fileVersion>
    <ReSpecThVersion>
        <major>2</major>
        <minor>3</minor>
    </ReSpecThVersion>
    <firstPublicationDate>2021-10-29</firstPublicationDate>
    <lastModificationDate>2021-10-29</lastModificationDate>
    <bibliographyLink>
        <description>M. ILBAS, A. CRAYFORD, I. YILMAZ, P. BOWEN, N. SYRED, International Journal of Hydrogen Energy 31 (2006), 1768--1779</description>
        <referenceDOI>10.1016/j.ijhydene.2005.12.007</referenceDOI>
        <location>Fig. 16 full diamond, main text</location>
        <figure>Fig. 16</figure>
        <details>
            <author>M ILBAS and A CRAYFORD and I YILMAZ and P BOWEN and N SYRED</author>
            <journal>International Journal of Hydrogen Energy</journal>
            <month>sep</month>
            <number>12</number>
            <pages>1768--1779</pages>
            <publisher>Elsevier {BV}</publisher>
            <title>Laminar-burning velocities of hydrogen{\textendash}air and hydrogen{\textendash}methane{\textendash}air mixtures: An experimental study</title>
            <volume>31</volume>
            <year>2006</year>
        </details>
    </bibliographyLink>
    <experimentType>laminar burning velocity measurement</experimentType>
    <apparatus>
        <kind>flame</kind>
        <mode>premixed</mode>
        <mode>laminar</mode>
    </apparatus>
    <commonProperties>
        <property name="pressure"     label="P"  sourcetype="reported"  units="bar" ><value>1</value></property>
        <property name="temperature"  label="T"  sourcetype="reported"  units="K"   ><value>298</value></property>
    </commonProperties>
    <dataGroup id="dg1">
        <property name="laminar burning velocity"      id="x1"   label="Sl"     sourcetype="digitized"  units="m/s"           />
        <property name="composition"                   id="x2"   label="[CH4]"  sourcetype="digitized"  units="mole fraction" >
            <speciesLink preferredKey="CH4"  CAS="74-82-8"    InChI="1S/CH4/h1H4"  SMILES="C"     chemName="methane"  />
        </property>
        <property name="composition"                   id="x3"   label="[O2]"   sourcetype="digitized"  units="mole fraction" >
            <speciesLink preferredKey="O2"   CAS="7782-44-7"  InChI="1S/O2/c1-2"   SMILES="O=O"   chemName="oxygen"   />
        </property>
        <property name="composition"                   id="x4"   label="[N2]"   sourcetype="digitized"  units="mole fraction" >
            <speciesLink preferredKey="N2"   CAS="7727-37-9"  InChI="1S/N2/c1-2"   SMILES="N#N"   chemName="nitrogen" />
        </property>
        <property name="composition"                   id="x5"   label="[H2]"   sourcetype="digitized"  units="mole fraction" >
            <speciesLink preferredKey="H2"   CAS="1333-74-0"  InChI="1S/H2/h1H"    SMILES="[HH]"  chemName="hydrogen" />
        </property>
        <property name="evaluated standard deviation"  id="x6"   sourcetype="estimated"  units="cm/s"           reference="laminar burning velocity"  kind="absolute"  method="combined from scatter and estimated uncertainty" />

        <dataPoint><x1>3.089300e-001</x1><x2>9.505703e-002</x2><x3>1.901141e-001</x3><x4>7.148289e-001</x4><x5>0.000000e+000</x5><x6>4.32376470868848</x6></dataPoint>
        <dataPoint><x1>3.632600e-001</x1><x2>9.177148e-002</x2><x3>1.886560e-001</x3><x4>7.093465e-001</x4><x5>1.022604e-002</x5><x6>4.42808574031714</x6></dataPoint>
        <dataPoint><x1>4.750300e-001</x1><x2>8.359387e-002</x2><x3>1.850269e-001</x3><x4>6.957010e-001</x4><x5>3.567827e-002</x5><x6>4.68511847834182</x6></dataPoint>
        <dataPoint><x1>6.683100e-001</x1><x2>7.190144e-002</x2><x3>1.798379e-001</x3><x4>6.761906e-001</x4><x5>7.207006e-002</x5><x6>5.24165565791001</x6></dataPoint>
        <dataPoint><x1>1.107630e+000</x1><x2>5.438783e-002</x2><x3>1.720656e-001</x3><x4>6.469667e-001</x4><x5>1.265799e-001</x5><x6>6.85420331301166</x6></dataPoint>
        <dataPoint><x1>1.412680e+000</x1><x2>4.863215e-002</x2><x3>1.695113e-001</x3><x4>6.373625e-001</x4><x5>1.444940e-001</x5><x6>8.13637617085149</x6></dataPoint>
        <dataPoint><x1>1.645540e+000</x1><x2>4.143266e-002</x2><x3>1.663163e-001</x3><x4>6.253492e-001</x4><x5>1.669019e-001</x5><x6>9.16537205592877</x6></dataPoint>
        <dataPoint><x1>1.834150e+000</x1><x2>3.372627e-002</x2><x3>1.628963e-001</x3><x4>6.124900e-001</x4><x5>1.908875e-001</x5><x6>10.0205615209977</x6></dataPoint>
        <dataPoint><x1>2.165590e+000</x1><x2>2.471343e-002</x2><x3>1.588965e-001</x3><x4>5.974508e-001</x4><x5>2.189393e-001</x5><x6>11.5565348974552</x6></dataPoint>
        <dataPoint><x1>2.484610e+000</x1><x2>1.306998e-002</x2><x3>1.537293e-001</x3><x4>5.780221e-001</x4><x5>2.551786e-001</x5><x6>13.0629693766808</x6></dataPoint>
        <dataPoint><x1>2.825360e+000</x1><x2>0.000000e+000</x2><x3>1.479290e-001</x3><x4>5.562130e-001</x4><x5>2.958580e-001</x5><x6>14.6927014491413</x6></dataPoint>
    </dataGroup>
</experiment>
