<experiment>
    <fileAuthor>Chemical Kinetics Laboratory, Institute of Chemistry, ELTE, Budapest, Hungary</fileAuthor>
    <fileDOI>10.24388/x20004364</fileDOI>
    <fileVersion>
        <major>1</major>
        <minor>0</minor>
    </fileVersion>
    <ReSpecThVersion>
        <major>2</major>
        <minor>3</minor>
    </ReSpecThVersion>
    <firstPublicationDate>2021-10-29</firstPublicationDate>
    <lastModificationDate>2021-10-29</lastModificationDate>
    <bibliographyLink>
        <description>S.d. Persis, F. Foucher, L. Pillier, V. Osorio, I. Gökalp, Energy 55 (2013), 1055--1066</description>
        <referenceDOI>10.1016/j.energy.2013.04.041</referenceDOI>
        <location>Main article</location>
        <figure>Fig.4., full black square</figure>
        <details>
            <author>St{\'{e}}phanie de Persis and Fabrice Foucher and Laure Pillier and Vladimiro Osorio and Iskender Gökalp</author>
            <journal>Energy</journal>
            <month>jun</month>
            <pages>1055--1066</pages>
            <publisher>Elsevier {BV}</publisher>
            <title>Effects of O2 enrichment and {CO}2 dilution on laminar methane flames</title>
            <volume>55</volume>
            <year>2013</year>
        </details>
    </bibliographyLink>
    <experimentType>laminar burning velocity measurement</experimentType>
    <apparatus>
        <kind>flame</kind>
        <mode>premixed</mode>
        <mode>laminar</mode>
    </apparatus>
    <commonProperties>
        <property name="pressure"                      label="P"  sourcetype="reported"   units="atm"  ><value>1</value></property>
        <property name="temperature"                   label="T"  sourcetype="reported"   units="K"    ><value>300</value></property>
        <property name="evaluated standard deviation"  sourcetype="estimated"  units="cm/s"  reference="laminar burning velocity"  kind="absolute"  method="combined from scatter and reported uncertainty" ><value>4.38582300094292</value></property>
    </commonProperties>
    <dataGroup id="dg1">
        <property name="laminar burning velocity"  id="x1"   label="Sl"     sourcetype="digitized"   units="cm/s"          />
        <property name="composition"               id="x2"   label="[CH4]"  sourcetype="calculated"  units="mole fraction" >
            <speciesLink preferredKey="CH4"  CAS="74-82-8"    InChI="1S/CH4/h1H4"    SMILES="C"        chemName="methane"        />
        </property>
        <property name="composition"               id="x3"   label="[O2]"   sourcetype="calculated"  units="mole fraction" >
            <speciesLink preferredKey="O2"   CAS="7782-44-7"  InChI="1S/O2/c1-2"     SMILES="O=O"      chemName="oxygen"         />
        </property>
        <property name="composition"               id="x4"   label="[N2]"   sourcetype="calculated"  units="mole fraction" >
            <speciesLink preferredKey="N2"   CAS="7727-37-9"  InChI="1S/N2/c1-2"     SMILES="N#N"      chemName="nitrogen"       />
        </property>
        <property name="composition"               id="x5"   label="[CO2]"  sourcetype="calculated"  units="mole fraction" >
            <speciesLink preferredKey="CO2"  CAS="124-38-9"   InChI="1S/CO2/c2-1-3"  SMILES="C(=O)=O"  chemName="carbon dioxide" />
        </property>

        <dataPoint><x1>1.602446e+001</x1><x2>6.798630e-002</x2><x3>1.942466e-001</x3><x4>7.377671e-001</x4><x5>0.000000e+000</x5></dataPoint>
        <dataPoint><x1>5.808769e+001</x1><x2>9.527343e-002</x2><x3>2.722098e-001</x3><x4>6.325168e-001</x4><x5>0.000000e+000</x5></dataPoint>
        <dataPoint><x1>9.461041e+001</x1><x2>1.232965e-001</x2><x3>3.522756e-001</x3><x4>5.244279e-001</x4><x5>0.000000e+000</x5></dataPoint>
        <dataPoint><x1>1.450528e+002</x1><x2>1.487117e-001</x2><x3>4.248907e-001</x3><x4>4.263976e-001</x4><x5>0.000000e+000</x5></dataPoint>
        <dataPoint><x1>1.913112e+002</x1><x2>1.735603e-001</x2><x3>4.958865e-001</x3><x4>3.305532e-001</x4><x5>0.000000e+000</x5></dataPoint>
    </dataGroup>
</experiment>
