<experiment>
    <fileAuthor>Chemical Kinetics Laboratory, Institute of Chemistry, ELTE, Budapest, Hungary</fileAuthor>
    <fileDOI>10.24388/x20004566</fileDOI>
    <fileVersion>
        <major>1</major>
        <minor>0</minor>
    </fileVersion>
    <ReSpecThVersion>
        <major>2</major>
        <minor>3</minor>
    </ReSpecThVersion>
    <firstPublicationDate>2021-10-29</firstPublicationDate>
    <lastModificationDate>2021-10-29</lastModificationDate>
    <bibliographyLink>
        <description>I.V. DYAKOV, A.A. KONNOV, J.D. RUYCK, K.J. BOSSCHAART, E.C.M. BROCK, L.P.H.D. GOEY, Combustion Science and Technology 172 (2001), 81--96</description>
        <referenceDOI>10.1080/00102200108935839</referenceDOI>
        <location>Main article</location>
        <table>Table. 3., Dilution ratio = 0.18 series</table>
        <figure>Fig. 4., cross</figure>
        <details>
            <author>I.V. DYAKOV and A. A. KONNOV and J. DE RUYCK and K. J. BOSSCHAART and E. C. M. BROCK and L. P. H. DE GOEY</author>
            <journal>Combustion Science and Technology</journal>
            <month>nov</month>
            <number>1</number>
            <pages>81--96</pages>
            <publisher>Informa {UK} Limited</publisher>
            <title>MEASUREMENT} {OF} {ADIABATIC} {BURNING} {VELOCITY} {IN} {METHANE}-{OXYGEN}-{NITROGEN} {MIXTURES</title>
            <volume>172</volume>
            <year>2001</year>
        </details>
    </bibliographyLink>
    <experimentType>laminar burning velocity measurement</experimentType>
    <apparatus>
        <kind>flame</kind>
        <mode>premixed</mode>
        <mode>laminar</mode>
        <mode>HFM</mode>
    </apparatus>
    <commonProperties>
        <property name="temperature"                   label="T"    sourcetype="reported"   units="K"    ><value>298</value></property>
        <property name="uncertainty"                   label="d_T"  sourcetype="reported"   units="K"     reference="temperature"               kind="absolute"  bound="plusminus" ><value>2</value></property>
        <property name="pressure"                      label="p"    sourcetype="reported"   units="bar"  ><value>1</value></property>
        <property name="uncertainty"                   label="d_p"  sourcetype="reported"   units="Pa"    reference="pressure"                  kind="absolute"  bound="plusminus" ><value>100</value></property>
        <property name="evaluated standard deviation"  sourcetype="estimated"  units="cm/s"  reference="laminar burning velocity"  kind="absolute"  method="generic uncertainty" ><value>0.5</value></property>
    </commonProperties>
    <dataGroup id="dg1">
        <property name="laminar burning velocity"  id="x1"   label="Sl"     sourcetype="digitized"   units="cm/s"          />
        <property name="composition"               id="x2"   label="[CH4]"  sourcetype="calculated"  units="mole fraction" >
            <speciesLink preferredKey="CH4"  CAS="74-82-8"    InChI="1S/CH4/h1H4"  SMILES="C"    chemName="methane"  />
        </property>
        <property name="composition"               id="x3"   label="[O2]"   sourcetype="calculated"  units="mole fraction" >
            <speciesLink preferredKey="O2"   CAS="7782-44-7"  InChI="1S/O2/c1-2"   SMILES="O=O"  chemName="oxygen"   />
        </property>
        <property name="composition"               id="x4"   label="[N2]"   sourcetype="calculated"  units="mole fraction" >
            <speciesLink preferredKey="N2"   CAS="7727-37-9"  InChI="1S/N2/c1-2"   SMILES="N#N"  chemName="nitrogen" />
        </property>

        <dataPoint><x1>13.34</x1><x2>0.06716</x2><x3>0.16791</x3><x4>0.76493</x4></dataPoint>
        <dataPoint><x1>16.10</x1><x2>0.07106</x2><x3>0.16721</x3><x4>0.76173</x4></dataPoint>
        <dataPoint><x1>18.81</x1><x2>0.07493</x2><x3>0.16651</x3><x4>0.75856</x4></dataPoint>
        <dataPoint><x1>21.09</x1><x2>0.07877</x2><x3>0.16582</x3><x4>0.75541</x4></dataPoint>
        <dataPoint><x1>22.69</x1><x2>0.08257</x2><x3>0.16514</x3><x4>0.75229</x4></dataPoint>
        <dataPoint><x1>23.63</x1><x2>0.08634</x2><x3>0.16446</x3><x4>0.74920</x4></dataPoint>
        <dataPoint><x1>23.75</x1><x2>0.09008</x2><x3>0.16379</x3><x4>0.74613</x4></dataPoint>
        <dataPoint><x1>22.58</x1><x2>0.09379</x2><x3>0.16312</x3><x4>0.74309</x4></dataPoint>
        <dataPoint><x1>20.30</x1><x2>0.09747</x2><x3>0.16245</x3><x4>0.74007</x4></dataPoint>
        <dataPoint><x1>17.15</x1><x2>0.10112</x2><x3>0.16180</x3><x4>0.73708</x4></dataPoint>
        <dataPoint><x1>13.80</x1><x2>0.10474</x2><x3>0.16115</x3><x4>0.73411</x4></dataPoint>
        <dataPoint><x1>10.92</x1><x2>0.10834</x2><x3>0.16050</x3><x4>0.73116</x4></dataPoint>
    </dataGroup>
    <comment>CH4, O2 and N2 mole fractions were calculated using the ration: [O2]/([O2]+[N2]).</comment>
</experiment>
