<experiment>
    <fileAuthor>Chemical Kinetics Laboratory, Institute of Chemistry, ELTE, Budapest, Hungary</fileAuthor>
    <fileDOI>10.24388/x20004460</fileDOI>
    <fileVersion>
        <major>1</major>
        <minor>0</minor>
    </fileVersion>
    <ReSpecThVersion>
        <major>2</major>
        <minor>3</minor>
    </ReSpecThVersion>
    <firstPublicationDate>2021-10-29</firstPublicationDate>
    <lastModificationDate>2021-10-29</lastModificationDate>
    <bibliographyLink>
        <description>P.D. Ronney, H.Y. Wachman, Combustion and Flame 62 (1985), 107--119</description>
        <referenceDOI>10.1016/0010-2180(85)90139-7</referenceDOI>
        <location>Main article</location>
        <figure>Fig.5., open trianle</figure>
        <details>
            <author>Paul D. Ronney and Harold Y. Wachman</author>
            <journal>Combustion and Flame</journal>
            <month>nov</month>
            <number>2</number>
            <pages>107--119</pages>
            <publisher>Elsevier {BV}</publisher>
            <title>Effect of gravity on laminar premixed gas combustion I: Flammability limits and burning velocities</title>
            <volume>62</volume>
            <year>1985</year>
        </details>
    </bibliographyLink>
    <experimentType>laminar burning velocity measurement</experimentType>
    <apparatus>
        <kind>flame</kind>
        <mode>premixed</mode>
        <mode>laminar</mode>
    </apparatus>
    <commonProperties>
        <property name="pressure"     label="P"  sourcetype="reported"  units="atm" ><value>0.32895</value></property>
        <property name="temperature"  label="T"  sourcetype="reported"  units="K"   ><value>296.15</value></property>
    </commonProperties>
    <dataGroup id="dg1">
        <property name="laminar burning velocity"      id="x1"   label="Sl"     sourcetype="digitized"   units="cm/s"          />
        <property name="composition"                   id="x2"   label="[CH4]"  sourcetype="digitized"   units="mole fraction" >
            <speciesLink preferredKey="CH4"  CAS="74-82-8"    InChI="1S/CH4/h1H4"  SMILES="C"    chemName="methane"  />
        </property>
        <property name="composition"                   id="x3"   label="[O2]"   sourcetype="calculated"  units="mole fraction" >
            <speciesLink preferredKey="O2"   CAS="7782-44-7"  InChI="1S/O2/c1-2"   SMILES="O=O"  chemName="oxygen"   />
        </property>
        <property name="composition"                   id="x4"   label="[N2]"   sourcetype="calculated"  units="mole fraction" >
            <speciesLink preferredKey="N2"   CAS="7727-37-9"  InChI="1S/N2/c1-2"   SMILES="N#N"  chemName="nitrogen" />
        </property>
        <property name="evaluated standard deviation"  id="x5"   sourcetype="estimated"   units="cm/s"           reference="laminar burning velocity"  kind="absolute"  method="combined from scatter and reported uncertainty" />

        <dataPoint><x1>1.784600e+000</x1><x2>4.713330e-002</x2><x3>2.001020e-001</x3><x4>7.527647e-001</x4><x5>0.533158666779002</x5></dataPoint>
        <dataPoint><x1>2.138980e+000</x1><x2>4.737860e-002</x2><x3>2.000505e-001</x3><x4>7.525709e-001</x4><x5>0.533160704217195</x5></dataPoint>
        <dataPoint><x1>2.393160e+000</x1><x2>4.795900e-002</x2><x3>1.999286e-001</x3><x4>7.521124e-001</x4><x5>0.533162392230643</x5></dataPoint>
        <dataPoint><x1>4.223770e+000</x1><x2>4.987730e-002</x2><x3>1.995258e-001</x3><x4>7.505969e-001</x4><x5>0.533180141303183</x5></dataPoint>
        <dataPoint><x1>8.405690e+000</x1><x2>5.470190e-002</x2><x3>1.985126e-001</x3><x4>7.467855e-001</x4><x5>0.533257524212352</x5></dataPoint>
        <dataPoint><x1>1.162534e+001</x1><x2>5.960410e-002</x2><x3>1.974831e-001</x3><x4>7.429128e-001</x4><x5>0.533352001303366</x5></dataPoint>
        <dataPoint><x1>1.885046e+001</x1><x2>6.973690e-002</x2><x3>1.953553e-001</x3><x4>7.349078e-001</x4><x5>0.533674438416771</x5></dataPoint>
        <dataPoint><x1>2.746848e+001</x1><x2>7.996660e-002</x2><x3>1.932070e-001</x3><x4>7.268264e-001</x4><x5>0.534258477839482</x5></dataPoint>
        <dataPoint><x1>3.509485e+001</x1><x2>9.482810e-002</x2><x3>1.900861e-001</x3><x4>7.150858e-001</x4> <x5>0.53495573507704</x5></dataPoint>
    </dataGroup>
</experiment>
