<experiment>
    <fileAuthor>Chemical Kinetics Laboratory, Institute of Chemistry, ELTE, Budapest, Hungary</fileAuthor>
    <fileDOI>10.24388/x20004655</fileDOI>
    <fileVersion>
        <major>1</major>
        <minor>0</minor>
    </fileVersion>
    <ReSpecThVersion>
        <major>2</major>
        <minor>3</minor>
    </ReSpecThVersion>
    <firstPublicationDate>2021-10-29</firstPublicationDate>
    <lastModificationDate>2021-10-29</lastModificationDate>
    <bibliographyLink>
        <description>R.J. Varghese, S. Kumar, International Journal of Hydrogen Energy 45 (2020), 3216--3232</description>
        <referenceDOI>10.1016/j.ijhydene.2019.11.134</referenceDOI>
        <location>Main article + Supplementary</location>
        <table>Table 1 in Main article, Table 7 in Supplementary</table>
        <details>
            <author>Robin John Varghese and Sudarshan Kumar</author>
            <journal>International Journal of Hydrogen Energy</journal>
            <month>jan</month>
            <number>4</number>
            <pages>3216--3232</pages>
            <publisher>Elsevier {BV}</publisher>
            <title>Machine learning model to predict the laminar burning velocities of H2/{CO}/{CH}4/{CO}2/N2/air mixtures at high pressure and temperature conditions</title>
            <volume>45</volume>
            <year>2020</year>
        </details>
    </bibliographyLink>
    <experimentType>laminar burning velocity measurement</experimentType>
    <apparatus>
        <kind>flame</kind>
        <mode>premixed</mode>
        <mode>laminar</mode>
        <mode>HFM</mode>
    </apparatus>
    <commonProperties>
        <property name="temperature"  label="T"  sourcetype="reported"  units="K"   ><value>300</value></property>
        <property name="pressure"     label="p"  sourcetype="reported"  units="atm" ><value>1</value></property>
    </commonProperties>
    <dataGroup id="dg1">
        <property name="laminar burning velocity"      id="x1"   label="Sl"     sourcetype="reported"    units="cm/s"          />
        <property name="uncertainty"                   id="x2"   label="d_Sl"   sourcetype="reported"    units="cm/s"           reference="laminar burning velocity"  kind="absolute"  bound="plusminus" />
        <property name="composition"                   id="x3"   label="[CO]"   sourcetype="calculated"  units="mole fraction" >
            <speciesLink preferredKey="CO"   CAS="630-08-0"   InChI="1S/CO/c1-2"     SMILES="[C-]#[O+]"  chemName="carbon monoxide" />
        </property>
        <property name="composition"                   id="x4"   label="[H2]"   sourcetype="calculated"  units="mole fraction" >
            <speciesLink preferredKey="H2"   CAS="1333-74-0"  InChI="1S/H2/h1H"      SMILES="[HH]"       chemName="hydrogen"        />
        </property>
        <property name="composition"                   id="x5"   label="[CH4]"  sourcetype="calculated"  units="mole fraction" >
            <speciesLink preferredKey="CH4"  CAS="74-82-8"    InChI="1S/CH4/h1H4"    SMILES="C"          chemName="methane"         />
        </property>
        <property name="composition"                   id="x6"   label="[CO2]"  sourcetype="calculated"  units="mole fraction" >
            <speciesLink preferredKey="CO2"  CAS="124-38-9"   InChI="1S/CO2/c2-1-3"  SMILES="C(=O)=O"    chemName="carbon dioxide"  />
        </property>
        <property name="composition"                   id="x7"   label="[N2]"   sourcetype="calculated"  units="mole fraction" >
            <speciesLink preferredKey="N2"   CAS="7727-37-9"  InChI="1S/N2/c1-2"     SMILES="N#N"        chemName="nitrogen"        />
        </property>
        <property name="composition"                   id="x8"   label="[O2]"   sourcetype="calculated"  units="mole fraction" >
            <speciesLink preferredKey="O2"   CAS="7782-44-7"  InChI="1S/O2/c1-2"     SMILES="O=O"        chemName="oxygen"          />
        </property>
        <property name="evaluated standard deviation"  id="x9"   sourcetype="estimated"   units="cm/s"           reference="laminar burning velocity"  kind="absolute"  method="combined from scatter and reported uncertainty" />

        <dataPoint><x1>23.29</x1><x2>1.16</x2><x3>0.078623</x3><x4>0.062898</x4><x5>0.015725</x5><x6>0.031449</x6><x7>0.667349</x7><x8>0.143957</x8><x9>1.16000448179617</x9></dataPoint>
        <dataPoint><x1>35.21</x1><x2>1.76</x2><x3>0.091926</x3><x4>0.073541</x4><x5>0.018385</x5><x6>0.036770</x6><x7>0.646595</x7><x8>0.132782</x8><x9>1.76000295391434</x9></dataPoint>
        <dataPoint><x1>40.13</x1><x2>2.01</x2><x3>0.098131</x3><x4>0.078505</x4><x5>0.019626</x5><x6>0.039252</x6><x7>0.636916</x7><x8>0.127570</x8><x9>2.01000258651256</x9></dataPoint>
        <dataPoint><x1>44.12</x1><x2>2.21</x2><x3>0.103867</x3><x4>0.083094</x4><x5>0.020773</x5><x6>0.041547</x6><x7>0.627968</x7><x8>0.122752</x8><x9>2.21000235243929</x9></dataPoint>
        <dataPoint><x1>48.37</x1><x2>2.42</x2><x3>0.111702</x3><x4>0.089362</x4><x5>0.022340</x5><x6>0.044681</x6><x7>0.615745</x7><x8>0.116170</x8><x9>2.42000214830219</x9></dataPoint>
    </dataGroup>
</experiment>
