<experiment>
    <fileAuthor>Chemical Kinetics Laboratory, Institute of Chemistry, ELTE, Budapest, Hungary</fileAuthor>
    <fileDOI>10.24388/x20004654</fileDOI>
    <fileVersion>
        <major>1</major>
        <minor>0</minor>
    </fileVersion>
    <ReSpecThVersion>
        <major>2</major>
        <minor>3</minor>
    </ReSpecThVersion>
    <firstPublicationDate>2021-10-29</firstPublicationDate>
    <lastModificationDate>2021-10-29</lastModificationDate>
    <bibliographyLink>
        <description>R.J. Varghese, S. Kumar, International Journal of Hydrogen Energy 45 (2020), 3216--3232</description>
        <referenceDOI>10.1016/j.ijhydene.2019.11.134</referenceDOI>
        <location>Main article + Supplementary</location>
        <table>Table 1 in Main article, Table 7 in Supplementary</table>
        <details>
            <author>Robin John Varghese and Sudarshan Kumar</author>
            <journal>International Journal of Hydrogen Energy</journal>
            <month>jan</month>
            <number>4</number>
            <pages>3216--3232</pages>
            <publisher>Elsevier {BV}</publisher>
            <title>Machine learning model to predict the laminar burning velocities of H2/{CO}/{CH}4/{CO}2/N2/air mixtures at high pressure and temperature conditions</title>
            <volume>45</volume>
            <year>2020</year>
        </details>
    </bibliographyLink>
    <experimentType>laminar burning velocity measurement</experimentType>
    <apparatus>
        <kind>flame</kind>
        <mode>premixed</mode>
        <mode>laminar</mode>
        <mode>HFM</mode>
    </apparatus>
    <commonProperties>
        <property name="temperature"  label="T"  sourcetype="reported"  units="K"   ><value>300</value></property>
        <property name="pressure"     label="p"  sourcetype="reported"  units="atm" ><value>1</value></property>
    </commonProperties>
    <dataGroup id="dg1">
        <property name="laminar burning velocity"      id="x1"   label="Sl"     sourcetype="reported"    units="cm/s"          />
        <property name="uncertainty"                   id="x2"   label="d_Sl"   sourcetype="reported"    units="cm/s"           reference="laminar burning velocity"  kind="absolute"  bound="plusminus" />
        <property name="composition"                   id="x3"   label="[CO]"   sourcetype="calculated"  units="mole fraction" >
            <speciesLink preferredKey="CO"   CAS="630-08-0"   InChI="1S/CO/c1-2"     SMILES="[C-]#[O+]"  chemName="carbon monoxide" />
        </property>
        <property name="composition"                   id="x4"   label="[H2]"   sourcetype="calculated"  units="mole fraction" >
            <speciesLink preferredKey="H2"   CAS="1333-74-0"  InChI="1S/H2/h1H"      SMILES="[HH]"       chemName="hydrogen"        />
        </property>
        <property name="composition"                   id="x5"   label="[CH4]"  sourcetype="calculated"  units="mole fraction" >
            <speciesLink preferredKey="CH4"  CAS="74-82-8"    InChI="1S/CH4/h1H4"    SMILES="C"          chemName="methane"         />
        </property>
        <property name="composition"                   id="x6"   label="[CO2]"  sourcetype="calculated"  units="mole fraction" >
            <speciesLink preferredKey="CO2"  CAS="124-38-9"   InChI="1S/CO2/c2-1-3"  SMILES="C(=O)=O"    chemName="carbon dioxide"  />
        </property>
        <property name="composition"                   id="x7"   label="[N2]"   sourcetype="calculated"  units="mole fraction" >
            <speciesLink preferredKey="N2"   CAS="7727-37-9"  InChI="1S/N2/c1-2"     SMILES="N#N"        chemName="nitrogen"        />
        </property>
        <property name="composition"                   id="x8"   label="[O2]"   sourcetype="calculated"  units="mole fraction" >
            <speciesLink preferredKey="O2"   CAS="7782-44-7"  InChI="1S/O2/c1-2"     SMILES="O=O"        chemName="oxygen"          />
        </property>
        <property name="evaluated standard deviation"  id="x9"   sourcetype="estimated"   units="cm/s"           reference="laminar burning velocity"  kind="absolute"  method="combined from scatter and reported uncertainty" />

        <dataPoint><x1>17.38</x1><x2>0.87</x2><x3>0.066399</x3><x4>0.066399</x4><x5>0.016600</x5><x6>0.049800</x6><x7>0.660521</x7><x8>0.140281</x8><x9>0.870002125862896</x9></dataPoint>
        <dataPoint><x1>31.25</x1><x2>1.56</x2><x3>0.077301</x3><x4>0.077301</x4><x5>0.019325</x5><x6>0.057975</x6><x7>0.639264</x7><x8>0.128834</x8> <x9>1.56000118557838</x9></dataPoint>
        <dataPoint><x1>35.21</x1><x2>1.76</x2><x3>0.082353</x3><x4>0.082353</x4><x5>0.020588</x5><x6>0.061765</x6><x7>0.629412</x7><x8>0.123529</x8> <x9>1.76000105085365</x9></dataPoint>
        <dataPoint><x1>36.87</x1><x2>1.84</x2><x3>0.087006</x3><x4>0.087006</x4><x5>0.021751</x5><x6>0.065254</x6><x7>0.620339</x7><x8>0.118644</x8> <x9>1.84000100516439</x9></dataPoint>
        <dataPoint><x1>35.05</x1><x2>1.75</x2><x3>0.093333</x3><x4>0.093333</x4><x5>0.023333</x5><x6>0.070000</x6><x7>0.608000</x7><x8>0.112000</x8> <x9>1.75000105685853</x9></dataPoint>
    </dataGroup>
</experiment>
