<experiment>
    <fileAuthor>Chemical Kinetics Laboratory, Institute of Chemistry, ELTE, Budapest, Hungary</fileAuthor>
    <fileDOI>10.24388/x20004627</fileDOI>
    <fileVersion>
        <major>1</major>
        <minor>0</minor>
    </fileVersion>
    <ReSpecThVersion>
        <major>2</major>
        <minor>3</minor>
    </ReSpecThVersion>
    <firstPublicationDate>2021-10-29</firstPublicationDate>
    <lastModificationDate>2021-10-29</lastModificationDate>
    <bibliographyLink>
        <description>S. Wang, Z. Wang, Y. He, X. Han, Z. Sun, Y. Zhu, M. Costa, Fuel 259 (2020), 116152</description>
        <referenceDOI>10.1016/j.fuel.2019.116152</referenceDOI>
        <location>Main article + Supplementary</location>
        <table>Supplementary</table>
        <details>
            <author>Shixing Wang and Zhihua Wang and Yong He and Xinlu Han and Zhiwei Sun and Yanqun Zhu and Mario Costa</author>
            <journal>Fuel</journal>
            <month>jan</month>
            <pages>116152</pages>
            <publisher>Elsevier {BV}</publisher>
            <title>Laminar burning velocities of {CH}4/O2/N2 and oxygen-enriched {CH}4/O2/{CO}2 flames at elevated pressures measured using the heat flux method</title>
            <volume>259</volume>
            <year>2020</year>
        </details>
    </bibliographyLink>
    <experimentType>laminar burning velocity measurement</experimentType>
    <apparatus>
        <kind>flame</kind>
        <mode>premixed</mode>
        <mode>laminar</mode>
        <mode>HFM</mode>
    </apparatus>
    <commonProperties>
        <property name="temperature"  label="T"  sourcetype="reported"  units="K"   ><value>298</value></property>
        <property name="pressure"     label="p"  sourcetype="reported"  units="MPa" ><value>0.20</value></property>
    </commonProperties>
    <dataGroup id="dg1">
        <property name="laminar burning velocity"      id="x1"   label="Sl"     sourcetype="reported"    units="cm/s"          />
        <property name="composition"                   id="x2"   label="[CH4]"  sourcetype="calculated"  units="mole fraction" >
            <speciesLink preferredKey="CH4"  CAS="74-82-8"    InChI="1S/CH4/h1H4"  SMILES="C"    chemName="methane"  />
        </property>
        <property name="composition"                   id="x3"   label="[O2]"   sourcetype="calculated"  units="mole fraction" >
            <speciesLink preferredKey="O2"   CAS="7782-44-7"  InChI="1S/O2/c1-2"   SMILES="O=O"  chemName="oxygen"   />
        </property>
        <property name="composition"                   id="x4"   label="[N2]"   sourcetype="calculated"  units="mole fraction" >
            <speciesLink preferredKey="N2"   CAS="7727-37-9"  InChI="1S/N2/c1-2"   SMILES="N#N"  chemName="nitrogen" />
        </property>
        <property name="evaluated standard deviation"  id="x5"   sourcetype="estimated"   units="cm/s"           reference="laminar burning velocity"  kind="absolute"  method="generic uncertainty" />

        <dataPoint><x1>12.64</x1><x2>0.064546</x2><x3>0.215154</x3><x4>0.720299</x4>              <x5>0.5</x5></dataPoint>
        <dataPoint><x1>19.95</x1><x2>0.074503</x2><x3>0.212864</x3><x4>0.712633</x4><x5>0.522409725291035</x5></dataPoint>
        <dataPoint><x1>27.23</x1><x2>0.084249</x2><x3>0.210623</x3><x4>0.705128</x4><x5>0.587574604011276</x5></dataPoint>
        <dataPoint><x1>34.05</x1><x2>0.093792</x2><x3>0.208428</x3><x4>0.697780</x4><x5>0.635736320128997</x5></dataPoint>
        <dataPoint><x1>38.45</x1><x2>0.103139</x2><x3>0.206278</x3><x4>0.690583</x4><x5>0.664192978783312</x5></dataPoint>
        <dataPoint><x1>39.25</x1><x2>0.112295</x2><x3>0.204172</x3><x4>0.683533</x4><x5>0.674454990005572</x5></dataPoint>
        <dataPoint><x1>35.90</x1><x2>0.121265</x2><x3>0.202109</x3><x4>0.676626</x4><x5>0.627309454851306</x5></dataPoint>
        <dataPoint><x1>27.07</x1><x2>0.130057</x2><x3>0.200087</x3><x4>0.669856</x4><x5>0.522696921274278</x5></dataPoint>
        <dataPoint><x1>18.53</x1><x2>0.138674</x2><x3>0.198105</x3><x4>0.663221</x4>              <x5>0.5</x5></dataPoint>
        <dataPoint><x1>13.52</x1><x2>0.147122</x2><x3>0.196162</x3><x4>0.656716</x4>              <x5>0.5</x5></dataPoint>
    </dataGroup>
    <comment>CH4, O2, and N2 mole fractions were calculated using the equivalence ration and O2/(O2+N2) ratio. The reported uncertainty of laminar burning velocity was deleted from this version as the Optima++ could not revognize it, the version of the xml file including full info is available in CommonSpace.</comment>
</experiment>
