<experiment>
    <fileAuthor>Chemical Kinetics Laboratory, Institute of Chemistry, ELTE, Budapest, Hungary</fileAuthor>
    <fileDOI>10.24388/x20004473</fileDOI>
    <fileVersion>
        <major>1</major>
        <minor>0</minor>
    </fileVersion>
    <ReSpecThVersion>
        <major>2</major>
        <minor>3</minor>
    </ReSpecThVersion>
    <firstPublicationDate>2021-10-29</firstPublicationDate>
    <lastModificationDate>2021-10-29</lastModificationDate>
    <bibliographyLink>
        <description>R.T.E. Hermanns, PhD Thesis, (2007)</description>
        <location>Appendix E., E.2.</location>
        <table>Table E.3. 0% H2</table>
        <details>
            <author>Roy Theodorus Elisabeth Hermanns</author>
            <month>oct</month>
            <school>Eindhoven University of Technology</school>
            <title>Laminar Burning Velocities of Methane-Hydrogen-Air Mixtures</title>
            <year>2007</year>
        </details>
    </bibliographyLink>
    <experimentType>laminar burning velocity measurement</experimentType>
    <apparatus>
        <kind>flame</kind>
        <mode>premixed</mode>
        <mode>laminar</mode>
    </apparatus>
    <commonProperties>
        <property name="pressure"                      label="P"  sourcetype="reported"   units="atm"  ><value>1</value></property>
        <property name="temperature"                   label="T"  sourcetype="reported"   units="K"    ><value>298</value></property>
        <property name="evaluated standard deviation"  sourcetype="estimated"  units="cm/s"  reference="laminar burning velocity"  kind="absolute"  method="generic uncertainty" ><value>0.5</value></property>
    </commonProperties>
    <dataGroup id="dg1">
        <property name="laminar burning velocity"  id="x1"   label="Sl"     sourcetype="reported"    units="cm/s"          />
        <property name="composition"               id="x2"   label="[CH4]"  sourcetype="calculated"  units="mole fraction" >
            <speciesLink preferredKey="CH4"  CAS="74-82-8"    InChI="1S/CH4/h1H4"  SMILES="C"     chemName="methane"  />
        </property>
        <property name="composition"               id="x3"   label="[O2]"   sourcetype="calculated"  units="mole fraction" >
            <speciesLink preferredKey="O2"   CAS="7782-44-7"  InChI="1S/O2/c1-2"   SMILES="O=O"   chemName="oxygen"   />
        </property>
        <property name="composition"               id="x4"   label="[N2]"   sourcetype="calculated"  units="mole fraction" >
            <speciesLink preferredKey="N2"   CAS="7727-37-9"  InChI="1S/N2/c1-2"   SMILES="N#N"   chemName="nitrogen" />
        </property>
        <property name="composition"               id="x5"   label="[H2]"   sourcetype="calculated"  units="mole fraction" >
            <speciesLink preferredKey="H2"   CAS="1333-74-0"  InChI="1S/H2/h1H"    SMILES="[HH]"  chemName="hydrogen" />
        </property>

        <dataPoint><x1>1.200000e+001</x1><x2>6.449327e-002</x2><x3>1.984408e-001</x3><x4>7.370659e-001</x4><x5>0.000000e+000</x5></dataPoint>
        <dataPoint><x1>1.670000e+001</x1><x2>6.911143e-002</x2><x3>1.974612e-001</x3><x4>7.334274e-001</x4><x5>0.000000e+000</x5></dataPoint>
        <dataPoint><x1>2.150000e+001</x1><x2>7.368421e-002</x2><x3>1.964912e-001</x3><x4>7.298246e-001</x4><x5>0.000000e+000</x5></dataPoint>
        <dataPoint><x1>2.580000e+001</x1><x2>7.821229e-002</x2><x3>1.955307e-001</x3><x4>7.262570e-001</x4><x5>0.000000e+000</x5></dataPoint>
        <dataPoint><x1>2.960000e+001</x1><x2>8.269632e-002</x2><x3>1.945796e-001</x3><x4>7.227241e-001</x4><x5>0.000000e+000</x5></dataPoint>
        <dataPoint><x1>3.270000e+001</x1><x2>8.713693e-002</x2><x3>1.936376e-001</x3><x4>7.192255e-001</x4><x5>0.000000e+000</x5></dataPoint>
        <dataPoint><x1>3.490000e+001</x1><x2>9.153476e-002</x2><x3>1.927047e-001</x3><x4>7.157605e-001</x4><x5>0.000000e+000</x5></dataPoint>
        <dataPoint><x1>3.640000e+001</x1><x2>9.589041e-002</x2><x3>1.917808e-001</x3><x4>7.123288e-001</x4><x5>0.000000e+000</x5></dataPoint>
        <dataPoint><x1>3.640000e+001</x1><x2>9.589041e-002</x2><x3>1.917808e-001</x3><x4>7.123288e-001</x4><x5>0.000000e+000</x5></dataPoint>
        <dataPoint><x1>3.720000e+001</x1><x2>1.002045e-001</x2><x3>1.908657e-001</x3><x4>7.089298e-001</x4><x5>0.000000e+000</x5></dataPoint>
        <dataPoint><x1>3.700000e+001</x1><x2>1.044776e-001</x2><x3>1.899593e-001</x3><x4>7.055631e-001</x4><x5>0.000000e+000</x5></dataPoint>
        <dataPoint><x1>3.560000e+001</x1><x2>1.087103e-001</x2><x3>1.890614e-001</x3><x4>7.022282e-001</x4><x5>0.000000e+000</x5></dataPoint>
        <dataPoint><x1>3.270000e+001</x1><x2>1.129032e-001</x2><x3>1.881720e-001</x3><x4>6.989247e-001</x4><x5>0.000000e+000</x5></dataPoint>
        <dataPoint><x1>2.830000e+001</x1><x2>1.170569e-001</x2><x3>1.872910e-001</x3><x4>6.956522e-001</x4><x5>0.000000e+000</x5></dataPoint>
        <dataPoint><x1>2.300000e+001</x1><x2>1.211718e-001</x2><x3>1.864181e-001</x3><x4>6.924101e-001</x4><x5>0.000000e+000</x5></dataPoint>
        <dataPoint><x1>1.890000e+001</x1><x2>1.252485e-001</x2><x3>1.855533e-001</x3><x4>6.891981e-001</x4><x5>0.000000e+000</x5></dataPoint>
        <dataPoint><x1>1.560000e+001</x1><x2>1.292876e-001</x2><x3>1.846966e-001</x3><x4>6.860158e-001</x4><x5>0.000000e+000</x5></dataPoint>
        <dataPoint><x1>1.330000e+001</x1><x2>1.332896e-001</x2><x3>1.838477e-001</x3><x4>6.828628e-001</x4><x5>0.000000e+000</x5></dataPoint>
        <dataPoint><x1>1.160000e+001</x1><x2>1.372549e-001</x2><x3>1.830065e-001</x3><x4>6.797386e-001</x4><x5>0.000000e+000</x5></dataPoint>
    </dataGroup>
</experiment>
