<experiment>
    <fileAuthor>Chemical Kinetics Laboratory, Institute of Chemistry, ELTE, Budapest, Hungary</fileAuthor>
    <fileDOI>10.24388/x20004025</fileDOI>
    <fileVersion>
        <major>1</major>
        <minor>0</minor>
    </fileVersion>
    <ReSpecThVersion>
        <major>2</major>
        <minor>3</minor>
    </ReSpecThVersion>
    <firstPublicationDate>2021-10-29</firstPublicationDate>
    <lastModificationDate>2021-10-29</lastModificationDate>
    <bibliographyLink>
        <description>G. Rozenchan, D.L. Zhu, C.K. Law, S.D. Tse, Proceedings of the Combustion Institute 29 (2002), 1461--1470</description>
        <referenceDOI>10.1016/S1540-7489(02)80179-1</referenceDOI>
        <location>Main article, Fig. 4, open circle</location>
        <figure>Figure 4</figure>
        <details>
            <author>G. Rozenchan and D.L. Zhu and C.K. Law and S.D. Tse</author>
            <journal>Proceedings of the Combustion Institute</journal>
            <month>jan</month>
            <number>2</number>
            <pages>1461--1470</pages>
            <publisher>Elsevier {BV}</publisher>
            <title>Outward propagation, burning velocities, and chemical effects of methane flames up to 60 {ATM}</title>
            <volume>29</volume>
            <year>2002</year>
        </details>
    </bibliographyLink>
    <experimentType>laminar burning velocity measurement</experimentType>
    <apparatus>
        <kind>flame</kind>
        <mode>premixed</mode>
        <mode>laminar</mode>
    </apparatus>
    <commonProperties>
        <property name="pressure"     label="P"  sourcetype="reported"  units="atm" ><value>10</value></property>
        <property name="temperature"  label="T"  sourcetype="reported"  units="K"   ><value>298</value></property>
    </commonProperties>
    <dataGroup id="dg1">
        <property name="laminar burning velocity"      id="x1"   label="Sl"     sourcetype="digitized"  units="cm/s"          />
        <property name="composition"                   id="x2"   label="[CH4]"  sourcetype="digitized"  units="mole fraction" >
            <speciesLink preferredKey="CH4"  CAS="74-82-8"    InChI="1S/CH4/h1H4"  SMILES="C"     chemName="methane" />
        </property>
        <property name="composition"                   id="x3"   label="[O2]"   sourcetype="digitized"  units="mole fraction" >
            <speciesLink preferredKey="O2"   CAS="7782-44-7"  InChI="1S/O2/c1-2"   SMILES="O=O"   chemName="oxygen"  />
        </property>
        <property name="composition"                   id="x4"   label="[He]"   sourcetype="digitized"  units="mole fraction" >
            <speciesLink preferredKey="He"   CAS="7440-59-7"  InChI="1S/He"        SMILES="[He]"  chemName="helium"  />
        </property>
        <property name="evaluated standard deviation"  id="x5"   sourcetype="estimated"  units="cm/s"           reference="laminar burning velocity"  kind="absolute"  method="combined from scatter and estimated uncertainty" />

        <dataPoint><x1>3.462793e+001</x1><x2>6.371140e-002</x2><x3>1.591691e-001</x3><x4>7.771195e-001</x4><x5>1.99729920324629</x5></dataPoint>
        <dataPoint><x1>4.328451e+001</x1><x2>7.111571e-002</x2><x3>1.579103e-001</x3><x4>7.709740e-001</x4><x5>2.38229768961107</x5></dataPoint>
        <dataPoint><x1>4.977506e+001</x1><x2>7.833018e-002</x2><x3>1.566839e-001</x3><x4>7.649859e-001</x4><x5>2.68055251060019</x5></dataPoint>
        <dataPoint><x1>4.840801e+001</x1><x2>8.554507e-002</x2><x3>1.554573e-001</x3><x4>7.589976e-001</x4><x5>2.61721394759317</x5></dataPoint>
        <dataPoint><x1>4.190190e+001</x1><x2>9.250719e-002</x2><x3>1.542738e-001</x3><x4>7.532190e-001</x4><x5>2.31967526307046</x5></dataPoint>
    </dataGroup>
</experiment>
