<experiment>
    <fileAuthor>Chemical Kinetics Laboratory, Institute of Chemistry, ELTE, Budapest, Hungary</fileAuthor>
    <fileDOI>10.24388/x20004239</fileDOI>
    <fileVersion>
        <major>1</major>
        <minor>0</minor>
    </fileVersion>
    <ReSpecThVersion>
        <major>2</major>
        <minor>3</minor>
    </ReSpecThVersion>
    <firstPublicationDate>2021-10-29</firstPublicationDate>
    <lastModificationDate>2021-10-29</lastModificationDate>
    <bibliographyLink>
        <description>B.E. Milton, J.C. Keck, Combustion and Flame 58 (1984), 13--22</description>
        <referenceDOI>10.1016/0010-2180(84)90074-9</referenceDOI>
        <location>Table 4</location>
        <table>Table 4</table>
        <details>
            <author>B.E. Milton and J.C. Keck</author>
            <journal>Combustion and Flame</journal>
            <month>oct</month>
            <number>1</number>
            <pages>13--22</pages>
            <publisher>Elsevier {BV}</publisher>
            <title>Laminar burning velocities in stoichiometric hydrogen and hydrogenhydrocarbon gas mixtures</title>
            <volume>58</volume>
            <year>1984</year>
        </details>
    </bibliographyLink>
    <experimentType>laminar burning velocity measurement</experimentType>
    <apparatus>
        <kind>flame</kind>
        <mode>premixed</mode>
        <mode>laminar</mode>
    </apparatus>
    <commonProperties>
        <property name="initial composition"  sourcetype="calculated" >
            <component><speciesLink preferredKey="CH4"  CAS="74-82-8"    InChI="1S/CH4/h1H4"  SMILES="C"     chemName="methane"  /><amount units="mole fraction" >0.057870</amount></component>
            <component><speciesLink preferredKey="O2"   CAS="7782-44-7"  InChI="1S/O2/c1-2"   SMILES="O=O"   chemName="oxygen"   /><amount units="mole fraction" >0.17361</amount></component>
            <component><speciesLink preferredKey="N2"   CAS="7727-37-9"  InChI="1S/N2/c1-2"   SMILES="N#N"   chemName="nitrogen" /><amount units="mole fraction" >0.65278</amount></component>
            <component><speciesLink preferredKey="H2"   CAS="1333-74-0"  InChI="1S/H2/h1H"    SMILES="[HH]"  chemName="hydrogen" /><amount units="mole fraction" >0.11574</amount></component>
        </property>
    </commonProperties>
    <dataGroup id="dg1">
        <property name="pressure"                      id="x1"   label="P"   sourcetype="reported"   units="atm"  />
        <property name="temperature"                   id="x2"   label="T"   sourcetype="reported"   units="K"    />
        <property name="laminar burning velocity"      id="x3"   label="Sl"  sourcetype="reported"   units="cm/s" />
        <property name="evaluated standard deviation"  id="x4"   sourcetype="estimated"  units="cm/s"  reference="laminar burning velocity"  kind="absolute"  method="generic uncertainty" />

        <dataPoint><x1>1.000000e+000</x1><x2>3.000000e+002</x2><x3>1.100000e+002</x3> <x4>1.1</x4></dataPoint>
        <dataPoint><x1>1.500000e+000</x1><x2>3.350000e+002</x2><x3>1.050000e+002</x3><x4>1.05</x4></dataPoint>
        <dataPoint><x1>2.000000e+000</x1><x2>3.620000e+002</x2><x3>9.600000e+001</x3><x4>0.96</x4></dataPoint>
        <dataPoint><x1>2.500000e+000</x1><x2>3.850000e+002</x2><x3>9.300000e+001</x3><x4>0.93</x4></dataPoint>
        <dataPoint><x1>3.000000e+000</x1><x2>4.050000e+002</x2><x3>9.700000e+001</x3><x4>0.97</x4></dataPoint>
        <dataPoint><x1>3.500000e+000</x1><x2>4.230000e+002</x2><x3>1.030000e+002</x3><x4>1.03</x4></dataPoint>
        <dataPoint><x1>4.000000e+000</x1><x2>4.390000e+002</x2><x3>1.080000e+002</x3><x4>1.08</x4></dataPoint>
        <dataPoint><x1>4.500000e+000</x1><x2>4.530000e+002</x2><x3>1.100000e+002</x3> <x4>1.1</x4></dataPoint>
        <dataPoint><x1>5.000000e+000</x1><x2>4.670000e+002</x2><x3>1.110000e+002</x3><x4>1.11</x4></dataPoint>
        <dataPoint><x1>5.500000e+000</x1><x2>4.790000e+002</x2><x3>1.090000e+002</x3><x4>1.09</x4></dataPoint>
        <dataPoint><x1>6.000000e+000</x1><x2>4.890000e+002</x2><x3>1.080000e+002</x3><x4>1.08</x4></dataPoint>
        <dataPoint><x1>6.500000e+000</x1><x2>4.990000e+002</x2><x3>1.040000e+002</x3><x4>1.04</x4></dataPoint>
    </dataGroup>
</experiment>
