<experiment>
    <fileAuthor>Chemical Kinetics Laboratory, Institute of Chemistry, ELTE, Budapest, Hungary</fileAuthor>
    <fileDOI>10.24388/x20004304</fileDOI>
    <fileVersion>
        <major>1</major>
        <minor>0</minor>
    </fileVersion>
    <ReSpecThVersion>
        <major>2</major>
        <minor>3</minor>
    </ReSpecThVersion>
    <firstPublicationDate>2021-10-29</firstPublicationDate>
    <lastModificationDate>2021-10-29</lastModificationDate>
    <bibliographyLink>
        <description>P. Dirrenberger, H.L. Gall, R. Bounaceur, O. Herbinet, P. Glaude, A. Konnov, F. Battin-Leclerc, Energy Fuels 25 (2011), 3875--3884</description>
        <referenceDOI>10.1021/ef200707h</referenceDOI>
        <location>Main article, Fig. 5, full diamond</location>
        <figure>Figure 5</figure>
        <details>
            <author>Patricia Dirrenberger and Herve{\'} Le Gall and Roda Bounaceur and Olivier Herbinet and Pierre-Alexandre Glaude and Alexander Konnov and Fre{\'}de{\'}rique Battin-Leclerc</author>
            <journal>Energy Fuels</journal>
            <month>sep</month>
            <number>9</number>
            <pages>3875--3884</pages>
            <publisher>American Chemical Society ({ACS})</publisher>
            <title>Measurements of Laminar Flame Velocity for Components of Natural Gas</title>
            <volume>25</volume>
            <year>2011</year>
        </details>
    </bibliographyLink>
    <experimentType>laminar burning velocity measurement</experimentType>
    <apparatus>
        <kind>flame</kind>
        <mode>premixed</mode>
        <mode>laminar</mode>
    </apparatus>
    <commonProperties>
        <property name="pressure"     label="P"  sourcetype="reported"  units="atm" ><value>1</value></property>
        <property name="temperature"  label="T"  sourcetype="reported"  units="K"   ><value>298</value></property>
    </commonProperties>
    <dataGroup id="dg1">
        <property name="laminar burning velocity"      id="x1"   label="Sl"     sourcetype="digitized"  units="cm/s"          />
        <property name="composition"                   id="x2"   label="[CH4]"  sourcetype="digitized"  units="mole fraction" >
            <speciesLink preferredKey="CH4"  CAS="74-82-8"    InChI="1S/CH4/h1H4"  SMILES="C"    chemName="methane"  />
        </property>
        <property name="composition"                   id="x3"   label="[O2]"   sourcetype="digitized"  units="mole fraction" >
            <speciesLink preferredKey="O2"   CAS="7782-44-7"  InChI="1S/O2/c1-2"   SMILES="O=O"  chemName="oxygen"   />
        </property>
        <property name="composition"                   id="x4"   label="[N2]"   sourcetype="digitized"  units="mole fraction" >
            <speciesLink preferredKey="N2"   CAS="7727-37-9"  InChI="1S/N2/c1-2"   SMILES="N#N"  chemName="nitrogen" />
        </property>
        <property name="evaluated standard deviation"  id="x5"   sourcetype="estimated"  units="cm/s"           reference="laminar burning velocity"  kind="absolute"  method="combined from scatter and reported uncertainty" />

        <dataPoint><x1>1.704163e+001</x1><x2>6.500768e-002</x2><x3>3.272473e-001</x3><x4>6.077450e-001</x4><x5>0.665633085779584</x5></dataPoint>
        <dataPoint><x1>2.579274e+001</x1><x2>7.276801e-002</x2><x3>3.245312e-001</x3><x4>6.027008e-001</x4><x5>0.681287472980241</x5></dataPoint>
        <dataPoint><x1>3.574845e+001</x1><x2>8.005415e-002</x2><x3>3.219810e-001</x3><x4>5.979648e-001</x4><x5>0.706127624356172</x5></dataPoint>
        <dataPoint><x1>4.687334e+001</x1><x2>8.761726e-002</x2><x3>3.193340e-001</x3><x4>5.930488e-001</x4><x5>0.741834804845393</x5></dataPoint>
        <dataPoint><x1>5.941541e+001</x1><x2>9.466418e-002</x2><x3>3.168675e-001</x3><x4>5.884683e-001</x4><x5>0.790762088562407</x5></dataPoint>
        <dataPoint><x1>7.149690e+001</x1><x2>1.016059e-001</x2><x3>3.144379e-001</x3><x4>5.839562e-001</x4><x5>0.845145293686572</x5></dataPoint>
        <dataPoint><x1>8.379097e+001</x1><x2>1.083863e-001</x2><x3>3.120648e-001</x3><x4>5.795489e-001</x4><x5>0.906453840130139</x5></dataPoint>
        <dataPoint><x1>9.466785e+001</x1><x2>1.154926e-001</x2><x3>3.095776e-001</x3><x4>5.749298e-001</x4><x5>0.964802592556511</x5></dataPoint>
        <dataPoint><x1>1.046236e+002</x1><x2>1.228016e-001</x2><x3>3.070194e-001</x3><x4>5.701789e-001</x4>         <x5>1.046236</x5></dataPoint>
        <dataPoint><x1>1.129141e+002</x1><x2>1.289724e-001</x2><x3>3.048597e-001</x3><x4>5.661679e-001</x4>         <x5>1.129141</x5></dataPoint>
        <dataPoint><x1>1.192914e+002</x1><x2>1.357686e-001</x2><x3>3.024810e-001</x3><x4>5.617504e-001</x4>         <x5>1.192914</x5></dataPoint>
        <dataPoint><x1>1.228344e+002</x1><x2>1.417718e-001</x2><x3>3.003799e-001</x3><x4>5.578483e-001</x4>         <x5>1.228344</x5></dataPoint>
        <dataPoint><x1>1.242515e+002</x1><x2>1.483857e-001</x2><x3>2.980650e-001</x3><x4>5.535493e-001</x4>         <x5>1.242515</x5></dataPoint>
        <dataPoint><x1>1.242515e+002</x1><x2>1.548535e-001</x2><x3>2.958013e-001</x3><x4>5.493453e-001</x4>         <x5>1.242515</x5></dataPoint>
        <dataPoint><x1>1.221258e+002</x1><x2>1.609441e-001</x2><x3>2.936696e-001</x3><x4>5.453863e-001</x4>         <x5>1.221258</x5></dataPoint>
        <dataPoint><x1>1.183348e+002</x1><x2>1.669525e-001</x2><x3>2.915666e-001</x3><x4>5.414809e-001</x4>         <x5>1.183348</x5></dataPoint>
        <dataPoint><x1>1.133747e+002</x1><x2>1.732022e-001</x2><x3>2.893792e-001</x3><x4>5.374186e-001</x4>         <x5>1.133747</x5></dataPoint>
        <dataPoint><x1>1.065013e+002</x1><x2>1.793187e-001</x2><x3>2.872385e-001</x3><x4>5.334429e-001</x4>         <x5>1.065013</x5></dataPoint>
        <dataPoint><x1>1.001240e+002</x1><x2>1.847596e-001</x2><x3>2.853342e-001</x3><x4>5.299063e-001</x4>          <x5>1.00124</x5></dataPoint>
        <dataPoint><x1>9.232950e+001</x1><x2>1.907539e-001</x2><x3>2.832361e-001</x3><x4>5.260100e-001</x4><x5>0.951970520605319</x5></dataPoint>
        <dataPoint><x1>8.591674e+001</x1><x2>1.966121e-001</x2><x3>2.811858e-001</x3><x4>5.222021e-001</x4><x5>0.917579037174892</x5></dataPoint>
        <dataPoint><x1>7.691763e+001</x1><x2>2.021356e-001</x2><x3>2.792526e-001</x3><x4>5.186119e-001</x4><x5>0.871507051919806</x5></dataPoint>
        <dataPoint><x1>7.007972e+001</x1><x2>2.075781e-001</x2><x3>2.773477e-001</x3><x4>5.150742e-001</x4><x5>0.838441764530734</x5></dataPoint>
        <dataPoint><x1>6.178919e+001</x1><x2>2.129501e-001</x2><x3>2.754675e-001</x3><x4>5.115824e-001</x4><x5>0.800929797218929</x5></dataPoint>
        <dataPoint><x1>5.208149e+001</x1><x2>2.185417e-001</x2><x3>2.735104e-001</x3><x4>5.079479e-001</x4><x5>0.761123202944097</x5></dataPoint>
        <dataPoint><x1>4.425155e+001</x1><x2>2.237666e-001</x2><x3>2.716817e-001</x3><x4>5.045517e-001</x4><x5>0.732721073723754</x5></dataPoint>
        <dataPoint><x1>3.762622e+001</x1><x2>2.291592e-001</x2><x3>2.697943e-001</x3><x4>5.010465e-001</x4><x5>0.711594258897739</x5></dataPoint>
        <dataPoint><x1>2.745793e+001</x1><x2>2.392461e-001</x2><x3>2.662639e-001</x3><x4>4.944901e-001</x4><x5>0.684938280444688</x5></dataPoint>
        <dataPoint><x1>2.129318e+001</x1><x2>2.492934e-001</x2><x3>2.627473e-001</x3><x4>4.879593e-001</x4><x5>0.672484321539411</x5></dataPoint>
        <dataPoint><x1>1.658105e+001</x1><x2>2.593341e-001</x2><x3>2.592330e-001</x3><x4>4.814328e-001</x4><x5>0.664978436567319</x5></dataPoint>
        <dataPoint><x1>1.303809e+001</x1><x2>2.686384e-001</x2><x3>2.559766e-001</x3><x4>4.753850e-001</x4><x5>0.660525153389487</x5></dataPoint>
        <dataPoint><x1>1.087688e+001</x1><x2>2.779564e-001</x2><x3>2.527152e-001</x3><x4>4.693283e-001</x4><x5>0.658320728590981</x5></dataPoint>
        <dataPoint><x1>8.538530e+000</x1><x2>2.870044e-001</x2><x3>2.495485e-001</x3><x4>4.634471e-001</x4><x5>0.656378267726812</x5></dataPoint>
    </dataGroup>
</experiment>
