<experiment>
    <fileAuthor>Chemical Kinetics Laboratory, Institute of Chemistry, ELTE, Budapest, Hungary</fileAuthor>
    <fileDOI>10.24388/x20004394</fileDOI>
    <fileVersion>
        <major>1</major>
        <minor>0</minor>
    </fileVersion>
    <ReSpecThVersion>
        <major>2</major>
        <minor>3</minor>
    </ReSpecThVersion>
    <firstPublicationDate>2021-10-29</firstPublicationDate>
    <lastModificationDate>2021-10-29</lastModificationDate>
    <bibliographyLink>
        <description>C. Mandilas, M.P. Ormsby, C.G.W. Sheppard, R. Woolley, Proceedings of the Combustion Institute 31 (2007), 1443--1450</description>
        <referenceDOI>10.1016/j.proci.2006.07.157</referenceDOI>
        <location>Main article</location>
        <figure>Fig.4., full triangle</figure>
        <details>
            <author>C. Mandilas and M.P. Ormsby and C.G.W. Sheppard and R. Woolley</author>
            <journal>Proceedings of the Combustion Institute</journal>
            <month>jan</month>
            <number>1</number>
            <pages>1443--1450</pages>
            <publisher>Elsevier {BV}</publisher>
            <title>Effects of hydrogen addition on laminar and turbulent premixed methane and iso-octane{\textendash}air flames</title>
            <volume>31</volume>
            <year>2007</year>
        </details>
    </bibliographyLink>
    <experimentType>laminar burning velocity measurement</experimentType>
    <apparatus>
        <kind>flame</kind>
        <mode>premixed</mode>
        <mode>laminar</mode>
    </apparatus>
    <commonProperties>
        <property name="pressure"     label="P"  sourcetype="reported"  units="Pa" ><value>0.5e+006</value></property>
        <property name="temperature"  label="T"  sourcetype="reported"  units="K"  ><value>360</value></property>
    </commonProperties>
    <dataGroup id="dg1">
        <property name="laminar burning velocity"      id="x1"   label="Sl"     sourcetype="digitized"   units="m/s"           />
        <property name="composition"                   id="x2"   label="[CH4]"  sourcetype="calculated"  units="mole fraction" >
            <speciesLink preferredKey="CH4"  CAS="74-82-8"    InChI="1S/CH4/h1H4"  SMILES="C"    chemName="methane"  />
        </property>
        <property name="composition"                   id="x3"   label="[O2]"   sourcetype="calculated"  units="mole fraction" >
            <speciesLink preferredKey="O2"   CAS="7782-44-7"  InChI="1S/O2/c1-2"   SMILES="O=O"  chemName="oxygen"   />
        </property>
        <property name="composition"                   id="x4"   label="[N2]"   sourcetype="calculated"  units="mole fraction" >
            <speciesLink preferredKey="N2"   CAS="7727-37-9"  InChI="1S/N2/c1-2"   SMILES="N#N"  chemName="nitrogen" />
        </property>
        <property name="evaluated standard deviation"  id="x5"   sourcetype="estimated"   units="cm/s"           reference="laminar burning velocity"  kind="absolute"  method="generic uncertainty" />

        <dataPoint><x1>5.620000e-002</x1><x2>5.976812e-002</x2><x3>1.994431e-001</x3><x4>7.407888e-001</x4>              <x5>0.5</x5></dataPoint>
        <dataPoint><x1>1.249300e-001</x1><x2>6.884298e-002</x2><x3>1.975182e-001</x3><x4>7.336389e-001</x4><x5>0.685584068977686</x5></dataPoint>
        <dataPoint><x1>1.280100e-001</x1><x2>6.902227e-002</x2><x3>1.974801e-001</x3><x4>7.334976e-001</x4><x5>0.699644120704234</x5></dataPoint>
        <dataPoint><x1>1.992300e-001</x1><x2>7.812487e-002</x2><x3>1.955493e-001</x3><x4>7.263259e-001</x4> <x5>1.03544807481399</x5></dataPoint>
        <dataPoint><x1>2.016000e-001</x1><x2>7.812487e-002</x2><x3>1.955493e-001</x3><x4>7.263259e-001</x4>  <x5>1.0468533293332</x5></dataPoint>
        <dataPoint><x1>2.585000e-001</x1><x2>8.739493e-002</x2><x3>1.935829e-001</x3><x4>7.190222e-001</x4> <x5>1.32302461924788</x5></dataPoint>
        <dataPoint><x1>2.639500e-001</x1><x2>8.702202e-002</x2><x3>1.936620e-001</x3><x4>7.193160e-001</x4> <x5>1.34965845888358</x5></dataPoint>
        <dataPoint><x1>2.806300e-001</x1><x2>9.574994e-002</x2><x3>1.918106e-001</x3><x4>7.124394e-001</x4> <x5>1.43131681176321</x5></dataPoint>
        <dataPoint><x1>2.853600e-001</x1><x2>9.594676e-002</x2><x3>1.917689e-001</x3><x4>7.122844e-001</x4> <x5>1.45450889757884</x5></dataPoint>
        <dataPoint><x1>2.632400e-001</x1><x2>1.045048e-001</x2><x3>1.899535e-001</x3><x4>7.055417e-001</x4> <x5>1.34618733211095</x5></dataPoint>
        <dataPoint><x1>2.134300e-001</x1><x2>1.127137e-001</x2><x3>1.882122e-001</x3><x4>6.990740e-001</x4> <x5>1.10392346457352</x5></dataPoint>
        <dataPoint><x1>2.149700e-001</x1><x2>1.127137e-001</x2><x3>1.882122e-001</x3><x4>6.990740e-001</x4> <x5>1.11136871273039</x5></dataPoint>
        <dataPoint><x1>1.296700e-001</x1><x2>1.209587e-001</x2><x3>1.864633e-001</x3><x4>6.925780e-001</x4><x5>0.707245088803026</x5></dataPoint>
    </dataGroup>
</experiment>
