<experiment>
    <fileAuthor>Chemical Kinetics Laboratory, Institute of Chemistry, ELTE, Budapest, Hungary</fileAuthor>
    <fileDOI>10.24388/x20004528</fileDOI>
    <fileVersion>
        <major>1</major>
        <minor>0</minor>
    </fileVersion>
    <ReSpecThVersion>
        <major>2</major>
        <minor>3</minor>
    </ReSpecThVersion>
    <firstPublicationDate>2021-10-29</firstPublicationDate>
    <lastModificationDate>2021-10-29</lastModificationDate>
    <bibliographyLink>
        <description>E.J.K. Nilsson, S.A. van, J. Larfeldt, A.A. Konnov, Fuel 189 (2017), 369--376</description>
        <referenceDOI>10.1016/j.fuel.2016.10.103</referenceDOI>
        <location>Supplementary material, Table S1.</location>
        <table>Table S1. Laminar burning velocity for methane/air flames at 298 K.</table>
        <figure>Main article, Fig. 1., red diamond (not used); Supplementary material, Fig. S1.a, red diamond (not used)</figure>
        <details>
            <author>Nilsson, Elna J K and van Sprang, Astrid and Larfeldt, Jenny and Konnov, Alexander A</author>
            <journal>Fuel</journal>
            <pages>369--376</pages>
            <title>The comparative and combined effects of hydrogen addition on the laminar burning velocities of methane and its blends with ethane and propane</title>
            <volume>189</volume>
            <year>2017</year>
        </details>
    </bibliographyLink>
    <experimentType>laminar burning velocity measurement</experimentType>
    <apparatus>
        <kind>flame</kind>
        <mode>premixed</mode>
        <mode>laminar</mode>
        <mode>HFM</mode>
    </apparatus>
    <commonProperties>
        <property name="temperature"  label="T"  sourcetype="reported"  units="K"   ><value>298</value></property>
        <property name="pressure"     label="p"  sourcetype="reported"  units="atm" ><value>1</value></property>
    </commonProperties>
    <dataGroup id="dg1">
        <property name="equivalence ratio"             id="x1"   label="phi"    sourcetype="reported"   units="unitless"      />
        <property name="uncertainty"                   id="x2"   label="d_phi"  sourcetype="reported"   units="unitless"       reference="equivalence ratio"         kind="absolute"  bound="plusminus" />
        <property name="laminar burning velocity"      id="x3"   label="Sl"     sourcetype="reported"   units="cm/s"          />
        <property name="uncertainty"                   id="x4"   label="d_Sl"   sourcetype="reported"   units="cm/s"           reference="laminar burning velocity"  kind="absolute"  bound="plusminus" />
        <property name="composition"                   id="x5"   label="[CH4]"  sourcetype="estimated"  units="mole fraction" >
            <speciesLink preferredKey="CH4"  CAS="74-82-8"    InChI="1S/CH4/h1H4"  SMILES="C"    chemName="methane"  />
        </property>
        <property name="composition"                   id="x6"   label="[O2]"   sourcetype="estimated"  units="mole fraction" >
            <speciesLink preferredKey="O2"   CAS="7782-44-7"  InChI="1S/O2/c1-2"   SMILES="O=O"  chemName="oxygen"   />
        </property>
        <property name="composition"                   id="x7"   label="[N2]"   sourcetype="estimated"  units="mole fraction" >
            <speciesLink preferredKey="N2"   CAS="7727-37-9"  InChI="1S/N2/c1-2"   SMILES="N#N"  chemName="nitrogen" />
        </property>
        <property name="evaluated standard deviation"  id="x8"   sourcetype="estimated"  units="cm/s"           reference="laminar burning velocity"  kind="absolute"  method="combined from scatter and reported uncertainty" />

        <dataPoint><x1>0.65</x1><x2>0.01</x2><x3>10.55</x3><x4>1.80</x4><x5>0.063890</x5><x6>0.196583</x6><x7>0.739527</x7> <x8>1.29492322985766</x8></dataPoint>
        <dataPoint><x1>0.70</x1><x2>0.01</x2><x3>15.85</x3><x4>1.21</x4><x5>0.068468</x5><x6>0.195622</x6><x7>0.735911</x7> <x8>1.11033831385979</x8></dataPoint>
        <dataPoint><x1>0.80</x1><x2>0.01</x2><x3>24.31</x3><x4>0.96</x4><x5>0.077491</x5><x6>0.193727</x6><x7>0.728782</x7>  <x8>1.0474856424911</x8></dataPoint>
        <dataPoint><x1>0.90</x1><x2>0.02</x2><x3>30.92</x3><x4>0.80</x4><x5>0.086341</x5><x6>0.191868</x6><x7>0.721791</x7> <x8>1.01332431690205</x8></dataPoint>
        <dataPoint><x1>1.00</x1><x2>0.02</x2><x3>35.28</x3><x4>0.72</x4><x5>0.095023</x5><x6>0.190045</x6><x7>0.714932</x7><x8>0.998211486221732</x8></dataPoint>
        <dataPoint><x1>1.00</x1><x2>0.02</x2><x3>35.16</x3><x4>0.74</x4><x5>0.095023</x5><x6>0.190045</x6><x7>0.714932</x7> <x8>1.00186135329446</x8></dataPoint>
        <dataPoint><x1>1.10</x1><x2>0.02</x2><x3>36.50</x3><x4>0.73</x4><x5>0.103541</x5><x6>0.188256</x6><x7>0.708203</x7>  <x8>1.0000255852852</x8></dataPoint>
        <dataPoint><x1>1.20</x1><x2>0.02</x2><x3>33.16</x3><x4>0.90</x4><x5>0.111901</x5><x6>0.186501</x6><x7>0.701599</x7> <x8>1.03408228455235</x8></dataPoint>
        <dataPoint><x1>1.30</x1><x2>0.02</x2><x3>24.64</x3><x4>1.14</x4><x5>0.120106</x5><x6>0.184778</x6><x7>0.695117</x7> <x8>1.09166211403758</x8></dataPoint>
        <dataPoint><x1>1.40</x1><x2>0.03</x2><x3>14.77</x3><x4>1.41</x4><x5>0.128160</x5><x6>0.183086</x6><x7>0.688753</x7> <x8>1.16784038773499</x8></dataPoint>
        <dataPoint><x1>1.50</x1><x2>0.03</x2> <x3>9.08</x3><x4>1.15</x4><x5>0.136069</x5><x6>0.181425</x6><x7>0.682505</x7> <x8>1.09428112074777</x8></dataPoint>
    </dataGroup>
    <comment>Atmospheric pressure reported. CH4, O2 and N2 mole fractions were estimated using phi, O2 and N2 volume ratio.</comment>
</experiment>
