<experiment>
    <fileAuthor>Chemical Kinetics Laboratory, Institute of Chemistry, ELTE, Budapest, Hungary</fileAuthor>
    <fileDOI>10.24388/x20004334</fileDOI>
    <fileVersion>
        <major>1</major>
        <minor>0</minor>
    </fileVersion>
    <ReSpecThVersion>
        <major>2</major>
        <minor>3</minor>
    </ReSpecThVersion>
    <firstPublicationDate>2021-10-29</firstPublicationDate>
    <lastModificationDate>2021-10-29</lastModificationDate>
    <bibliographyLink>
        <description>A.N. Mazas, B. Fiorina, D.A. Lacoste, T. Schuller, Combustion and Flame 158 (2011), 2428--2440</description>
        <referenceDOI>10.1016/j.combustflame.2011.05.014</referenceDOI>
        <location>Main article, Fig. 15, top, full circle</location>
        <figure>Figure 15</figure>
        <details>
            <author>A.N. Mazas and B. Fiorina and D.A. Lacoste and T. Schuller</author>
            <journal>Combustion and Flame</journal>
            <month>dec</month>
            <number>12</number>
            <pages>2428--2440</pages>
            <publisher>Elsevier {BV}</publisher>
            <title>Effects of water vapor addition on the laminar burning velocity of oxygen-enriched methane flames</title>
            <volume>158</volume>
            <year>2011</year>
        </details>
    </bibliographyLink>
    <experimentType>laminar burning velocity measurement</experimentType>
    <apparatus>
        <kind>flame</kind>
        <mode>premixed</mode>
        <mode>laminar</mode>
    </apparatus>
    <commonProperties>
        <property name="pressure"     label="P"  sourcetype="reported"  units="atm" ><value>1</value></property>
        <property name="temperature"  label="T"  sourcetype="reported"  units="K"   ><value>373</value></property>
    </commonProperties>
    <dataGroup id="dg1">
        <property name="laminar burning velocity"      id="x1"   label="Sl"     sourcetype="digitized"  units="cm/s"          />
        <property name="composition"                   id="x2"   label="[CH4]"  sourcetype="digitized"  units="mole fraction" >
            <speciesLink preferredKey="CH4"  CAS="74-82-8"    InChI="1S/CH4/h1H4"  SMILES="C"    chemName="methane"  />
        </property>
        <property name="composition"                   id="x3"   label="[O2]"   sourcetype="digitized"  units="mole fraction" >
            <speciesLink preferredKey="O2"   CAS="7782-44-7"  InChI="1S/O2/c1-2"   SMILES="O=O"  chemName="oxygen"   />
        </property>
        <property name="composition"                   id="x4"   label="[N2]"   sourcetype="digitized"  units="mole fraction" >
            <speciesLink preferredKey="N2"   CAS="7727-37-9"  InChI="1S/N2/c1-2"   SMILES="N#N"  chemName="nitrogen" />
        </property>
        <property name="composition"                   id="x5"   label="[H2O]"  sourcetype="digitized"  units="mole fraction" >
            <speciesLink preferredKey="H2O"  CAS="7732-18-5"  InChI="1S/H2O/h1H2"  SMILES="O"    chemName="water"    />
        </property>
        <property name="evaluated standard deviation"  id="x6"   sourcetype="estimated"  units="cm/s"           reference="laminar burning velocity"  kind="absolute"  method="combined from scatter and reported uncertainty" />

        <dataPoint><x1>3.241875e+002</x1><x2>2.000000e-001</x2><x3>8.000000e-001</x3><x4>0.000000e+000</x4><x5>0.000000e+000</x5><x6>9.39110849128878</x6></dataPoint>
        <dataPoint><x1>3.042292e+002</x1><x2>1.916540e-001</x2><x3>7.666160e-001</x3><x4>0.000000e+000</x4><x5>4.173000e-002</x5> <x6>8.9640441796881</x6></dataPoint>
        <dataPoint><x1>2.754371e+002</x1><x2>1.805600e-001</x2><x3>7.222400e-001</x3><x4>0.000000e+000</x4><x5>9.720000e-002</x5><x6>8.36199478340882</x6></dataPoint>
        <dataPoint><x1>2.493502e+002</x1><x2>1.723980e-001</x2><x3>6.895920e-001</x3><x4>0.000000e+000</x4><x5>1.380100e-001</x5><x6>7.83368754945747</x6></dataPoint>
        <dataPoint><x1>2.308621e+002</x1><x2>1.665380e-001</x2><x3>6.661520e-001</x3><x4>0.000000e+000</x4><x5>1.673100e-001</x5><x6>7.47112959884623</x6></dataPoint>
        <dataPoint><x1>2.170512e+002</x1><x2>1.593140e-001</x2><x3>6.372560e-001</x3><x4>0.000000e+000</x4><x5>2.034300e-001</x5><x6>7.20773708322522</x6></dataPoint>
        <dataPoint><x1>1.985162e+002</x1><x2>1.506320e-001</x2><x3>6.025280e-001</x3><x4>0.000000e+000</x4><x5>2.468400e-001</x5><x6>6.86566713885293</x6></dataPoint>
        <dataPoint><x1>1.915612e+002</x1><x2>1.440320e-001</x2><x3>5.761280e-001</x3><x4>0.000000e+000</x4><x5>2.798400e-001</x5><x6>6.74105092425506</x6></dataPoint>
        <dataPoint><x1>1.688826e+002</x1><x2>1.380800e-001</x2><x3>5.523200e-001</x3><x4>0.000000e+000</x4><x5>3.096000e-001</x5><x6>6.35081034882361</x6></dataPoint>
        <dataPoint><x1>1.503804e+002</x1><x2>1.313740e-001</x2><x3>5.254960e-001</x3><x4>0.000000e+000</x4><x5>3.431300e-001</x5><x6>6.05317062890185</x6></dataPoint>
        <dataPoint><x1>1.304500e+002</x1><x2>1.247940e-001</x2><x3>4.991760e-001</x3><x4>0.000000e+000</x4><x5>3.760300e-001</x5><x6>5.75697062568501</x6></dataPoint>
    </dataGroup>
</experiment>
