<experiment>
    <fileAuthor>Chemical Kinetics Laboratory, Institute of Chemistry, ELTE, Budapest, Hungary</fileAuthor>
    <fileDOI>10.24388/x20004297</fileDOI>
    <fileVersion>
        <major>1</major>
        <minor>0</minor>
    </fileVersion>
    <ReSpecThVersion>
        <major>2</major>
        <minor>3</minor>
    </ReSpecThVersion>
    <firstPublicationDate>2021-10-29</firstPublicationDate>
    <lastModificationDate>2021-10-29</lastModificationDate>
    <bibliographyLink>
        <description>P. Dirrenberger, H.L. Gall, R. Bounaceur, O. Herbinet, P. Glaude, A. Konnov, F. Battin-Leclerc, Energy Fuels 25 (2011), 3875--3884</description>
        <referenceDOI>10.1021/ef200707h</referenceDOI>
        <location>Main article, Fig. 4a, full square</location>
        <figure>Figure 4a</figure>
        <details>
            <author>Patricia Dirrenberger and Herve{\'} Le Gall and Roda Bounaceur and Olivier Herbinet and Pierre-Alexandre Glaude and Alexander Konnov and Fre{\'}de{\'}rique Battin-Leclerc</author>
            <journal>Energy Fuels</journal>
            <month>sep</month>
            <number>9</number>
            <pages>3875--3884</pages>
            <publisher>American Chemical Society ({ACS})</publisher>
            <title>Measurements of Laminar Flame Velocity for Components of Natural Gas</title>
            <volume>25</volume>
            <year>2011</year>
        </details>
    </bibliographyLink>
    <experimentType>laminar burning velocity measurement</experimentType>
    <apparatus>
        <kind>flame</kind>
        <mode>premixed</mode>
        <mode>laminar</mode>
    </apparatus>
    <commonProperties>
        <property name="pressure"     label="P"  sourcetype="reported"  units="atm" ><value>1</value></property>
        <property name="temperature"  label="T"  sourcetype="reported"  units="K"   ><value>298</value></property>
    </commonProperties>
    <dataGroup id="dg1">
        <property name="laminar burning velocity"      id="x1"   label="Sl"     sourcetype="digitized"  units="cm/s"          />
        <property name="composition"                   id="x2"   label="[CH4]"  sourcetype="digitized"  units="mole fraction" >
            <speciesLink preferredKey="CH4"  CAS="74-82-8"    InChI="1S/CH4/h1H4"  SMILES="C"     chemName="methane"  />
        </property>
        <property name="composition"                   id="x3"   label="[O2]"   sourcetype="digitized"  units="mole fraction" >
            <speciesLink preferredKey="O2"   CAS="7782-44-7"  InChI="1S/O2/c1-2"   SMILES="O=O"   chemName="oxygen"   />
        </property>
        <property name="composition"                   id="x4"   label="[N2]"   sourcetype="digitized"  units="mole fraction" >
            <speciesLink preferredKey="N2"   CAS="7727-37-9"  InChI="1S/N2/c1-2"   SMILES="N#N"   chemName="nitrogen" />
        </property>
        <property name="composition"                   id="x5"   label="[H2]"   sourcetype="digitized"  units="mole fraction" >
            <speciesLink preferredKey="H2"   CAS="1333-74-0"  InChI="1S/H2/h1H"    SMILES="[HH]"  chemName="hydrogen" />
        </property>
        <property name="evaluated standard deviation"  id="x6"   sourcetype="estimated"  units="cm/s"           reference="laminar burning velocity"  kind="absolute"  method="combined from scatter and reported uncertainty" />

        <dataPoint><x1>6.449710e+000</x1><x2>4.525613e-002</x2><x3>1.965018e-001</x3><x4>7.388466e-001</x4><x5>1.939549e-002</x5><x6>0.644445256268894</x6></dataPoint>
        <dataPoint><x1>1.104001e+001</x1><x2>4.949417e-002</x2><x3>1.952298e-001</x3><x4>7.340642e-001</x4><x5>2.121179e-002</x5> <x6>0.64793951148931</x6></dataPoint>
        <dataPoint><x1>1.154042e+001</x1><x2>5.264477e-002</x2><x3>1.942843e-001</x3><x4>7.305089e-001</x4><x5>2.256205e-002</x5><x6>0.648429800289841</x6></dataPoint>
        <dataPoint><x1>1.559739e+001</x1><x2>5.660210e-002</x2><x3>1.930966e-001</x3><x4>7.260433e-001</x4><x5>2.425804e-002</x5><x6>0.653187704999245</x6></dataPoint>
        <dataPoint><x1>2.018713e+001</x1><x2>6.090858e-002</x2><x3>1.918041e-001</x3><x4>7.211836e-001</x4><x5>2.610368e-002</x5><x6>0.660221758480494</x6></dataPoint>
        <dataPoint><x1>2.645504e+001</x1><x2>6.497749e-002</x2><x3>1.905830e-001</x3><x4>7.165920e-001</x4><x5>2.784749e-002</x5><x6>0.672560329883379</x6></dataPoint>
        <dataPoint><x1>3.188466e+001</x1><x2>6.878591e-002</x2><x3>1.894400e-001</x3><x4>7.122944e-001</x4><x5>2.947968e-002</x5> <x6>0.68567870204674</x6></dataPoint>
        <dataPoint><x1>3.662795e+001</x1><x2>7.254892e-002</x2><x3>1.883106e-001</x3><x4>7.080480e-001</x4><x5>3.109240e-002</x5><x6>0.698881346293232</x6></dataPoint>
        <dataPoint><x1>4.068493e+001</x1><x2>7.626734e-002</x2><x3>1.871947e-001</x3><x4>7.038520e-001</x4><x5>3.268600e-002</x5><x6>0.711391827083465</x6></dataPoint>
        <dataPoint><x1>4.458890e+001</x1><x2>8.011460e-002</x2><x3>1.860400e-001</x3><x4>6.995105e-001</x4><x5>3.433483e-002</x5><x6>0.724433793254817</x6></dataPoint>
        <dataPoint><x1>4.745116e+001</x1><x2>8.374414e-002</x2><x3>1.849507e-001</x3><x4>6.954148e-001</x4><x5>3.589035e-002</x5><x6>0.734590338933674</x6></dataPoint>
        <dataPoint><x1>4.998297e+001</x1><x2>8.733143e-002</x2><x3>1.838741e-001</x3><x4>6.913667e-001</x4><x5>3.742776e-002</x5><x6>0.743975121017279</x6></dataPoint>
        <dataPoint><x1>5.065916e+001</x1><x2>9.087719e-002</x2><x3>1.828100e-001</x3><x4>6.873655e-001</x4><x5>3.894737e-002</x5><x6>0.746543349912575</x6></dataPoint>
        <dataPoint><x1>5.064855e+001</x1><x2>9.454687e-002</x2><x3>1.817086e-001</x3><x4>6.832244e-001</x4><x5>4.052008e-002</x5><x6>0.746502854375665</x6></dataPoint>
        <dataPoint><x1>4.911325e+001</x1><x2>9.800984e-002</x2><x3>1.806693e-001</x3><x4>6.793166e-001</x4><x5>4.200422e-002</x5><x6>0.740709808354048</x6></dataPoint>
        <dataPoint><x1>4.620530e+001</x1><x2>1.014334e-001</x2><x3>1.796418e-001</x3><x4>6.754533e-001</x4><x5>4.347147e-002</x5><x6>0.730109277066839</x6></dataPoint>
        <dataPoint><x1>4.179705e+001</x1><x2>1.050034e-001</x2><x3>1.785704e-001</x3><x4>6.714247e-001</x4><x5>4.500147e-002</x5><x6>0.715009186125266</x6></dataPoint>
        <dataPoint><x1>3.652509e+001</x1><x2>1.083482e-001</x2><x3>1.775666e-001</x3><x4>6.676503e-001</x4><x5>4.643492e-002</x5><x6>0.698578472221504</x6></dataPoint>
        <dataPoint><x1>3.071885e+001</x1><x2>1.118109e-001</x2><x3>1.765273e-001</x3><x4>6.637428e-001</x4><x5>4.791897e-002</x5><x6>0.682678506914778</x6></dataPoint>
        <dataPoint><x1>2.562427e+001</x1><x2>1.152592e-001</x2><x3>1.754924e-001</x3><x4>6.598515e-001</x4><x5>4.939682e-002</x5><x6>0.670748603324748</x6></dataPoint>
        <dataPoint><x1>2.103864e+001</x1><x2>1.184900e-001</x2><x3>1.745228e-001</x3><x4>6.562058e-001</x4><x5>5.078141e-002</x5> <x6>0.66171548199588</x6></dataPoint>
        <dataPoint><x1>1.678355e+001</x1><x2>1.216599e-001</x2><x3>1.735715e-001</x3><x4>6.526287e-001</x4><x5>5.213997e-002</x5><x6>0.654839432876786</x6></dataPoint>
        <dataPoint><x1>1.387560e+001</x1><x2>1.248205e-001</x2><x3>1.726229e-001</x3><x4>6.490621e-001</x4><x5>5.349450e-002</x5><x6>0.650999000473887</x6></dataPoint>
        <dataPoint><x1>9.100860e+000</x1><x2>1.313536e-001</x2><x3>1.706622e-001</x3><x4>6.416898e-001</x4><x5>5.629441e-002</x5><x6>0.646241983389815</x6></dataPoint>
        <dataPoint><x1>7.047040e+000</x1><x2>1.374325e-001</x2><x3>1.688378e-001</x3><x4>6.348300e-001</x4><x5>5.889966e-002</x5><x6>0.644797004177935</x6></dataPoint>
        <dataPoint><x1>6.009430e+000</x1><x2>1.435454e-001</x2><x3>1.670032e-001</x3><x4>6.279320e-001</x4><x5>6.151945e-002</x5><x6>0.644205812129187</x6></dataPoint>
        <dataPoint><x1>4.972460e+000</x1><x2>1.493449e-001</x2><x3>1.652626e-001</x3><x4>6.213875e-001</x4><x5>6.400494e-002</x5><x6>0.643708442963041</x6></dataPoint>
    </dataGroup>
</experiment>
