<experiment>
    <fileAuthor>Chemical Kinetics Laboratory, Institute of Chemistry, ELTE, Budapest, Hungary</fileAuthor>
    <fileDOI>10.24388/x20004159</fileDOI>
    <fileVersion>
        <major>1</major>
        <minor>0</minor>
    </fileVersion>
    <ReSpecThVersion>
        <major>2</major>
        <minor>3</minor>
    </ReSpecThVersion>
    <firstPublicationDate>2021-10-29</firstPublicationDate>
    <lastModificationDate>2021-10-29</lastModificationDate>
    <bibliographyLink>
        <description>N. Donohoe, A. Heufer, W.K. Metcalfe, H.J. Curran, M.L. Davis, O. Mathieu, D. Plichta, A. Morones, E.L. Petersen, F. Güthe, Combustion and Flame 161 (2014), 1432--1443</description>
        <referenceDOI>10.1016/j.combustflame.2013.12.005</referenceDOI>
        <location>Supplementary material, 30% CH4 + 70%H2 + O2: He 1:6, T=450K, P=5atm</location>
        <figure>Figure 12</figure>
        <details>
            <author>Nicola Donohoe and Alexander Heufer and Wayne K. Metcalfe and Henry J. Curran and Marissa L. Davis and Olivier Mathieu and Drew Plichta and Anibal Morones and Eric L. Petersen and Felix Güthe</author>
            <journal>Combustion and Flame</journal>
            <month>jun</month>
            <number>6</number>
            <pages>1432--1443</pages>
            <publisher>Elsevier {BV}</publisher>
            <title>Ignition delay times, laminar flame speeds, and mechanism validation for natural gas/hydrogen blends at elevated pressures</title>
            <volume>161</volume>
            <year>2014</year>
        </details>
    </bibliographyLink>
    <experimentType>laminar burning velocity measurement</experimentType>
    <apparatus>
        <kind>flame</kind>
        <mode>premixed</mode>
        <mode>laminar</mode>
    </apparatus>
    <commonProperties>
        <property name="pressure"                      label="P"  sourcetype="reported"   units="atm"  ><value>5</value></property>
        <property name="temperature"                   label="T"  sourcetype="reported"   units="K"    ><value>450</value></property>
        <property name="evaluated standard deviation"  sourcetype="estimated"  units="cm/s"  reference="laminar burning velocity"  kind="absolute"  method="combined from scatter and reported uncertainty" ><value>4.01944382158577</value></property>
    </commonProperties>
    <dataGroup id="dg1">
        <property name="laminar burning velocity"  id="x1"   label="Sl"     sourcetype="reported"    units="cm/s"          />
        <property name="composition"               id="x2"   label="[CH4]"  sourcetype="calculated"  units="mole fraction" >
            <speciesLink preferredKey="CH4"  CAS="74-82-8"    InChI="1S/CH4/h1H4"  SMILES="C"     chemName="methane"  />
        </property>
        <property name="composition"               id="x3"   label="[O2]"   sourcetype="calculated"  units="mole fraction" >
            <speciesLink preferredKey="O2"   CAS="7782-44-7"  InChI="1S/O2/c1-2"   SMILES="O=O"   chemName="oxygen"   />
        </property>
        <property name="composition"               id="x4"   label="[He]"   sourcetype="calculated"  units="mole fraction" >
            <speciesLink preferredKey="He"   CAS="7440-59-7"  InChI="1S/He"        SMILES="[He]"  chemName="helium"   />
        </property>
        <property name="composition"               id="x5"   label="[H2]"   sourcetype="calculated"  units="mole fraction" >
            <speciesLink preferredKey="H2"   CAS="1333-74-0"  InChI="1S/H2/h1H"    SMILES="[HH]"  chemName="hydrogen" />
        </property>

        <dataPoint><x1>1.176000e+002</x1><x2>2.857143e-002</x2><x3>1.292517e-001</x3><x4>7.755102e-001</x4><x5>6.666667e-002</x5></dataPoint>
        <dataPoint><x1>1.476600e+002</x1><x2>3.221476e-002</x2><x3>1.275168e-001</x3><x4>7.651007e-001</x4><x5>7.516779e-002</x5></dataPoint>
        <dataPoint><x1>1.735800e+002</x1><x2>3.576159e-002</x2><x3>1.258278e-001</x3><x4>7.549669e-001</x4><x5>8.344371e-002</x5></dataPoint>
        <dataPoint><x1>1.900400e+002</x1><x2>3.921569e-002</x2><x3>1.241830e-001</x3><x4>7.450980e-001</x4><x5>9.150327e-002</x5></dataPoint>
        <dataPoint><x1>1.898600e+002</x1><x2>4.258065e-002</x2><x3>1.225806e-001</x3><x4>7.354839e-001</x4><x5>9.935484e-002</x5></dataPoint>
        <dataPoint><x1>1.765100e+002</x1><x2>4.585987e-002</x2><x3>1.210191e-001</x3><x4>7.261146e-001</x4><x5>1.070064e-001</x5></dataPoint>
        <dataPoint><x1>1.529500e+002</x1><x2>4.905660e-002</x2><x3>1.194969e-001</x3><x4>7.169811e-001</x4><x5>1.144654e-001</x5></dataPoint>
        <dataPoint><x1>1.288800e+002</x1><x2>5.217391e-002</x2><x3>1.180124e-001</x3><x4>7.080745e-001</x4><x5>1.217391e-001</x5></dataPoint>
    </dataGroup>
</experiment>
