<experiment>
    <fileAuthor>Chemical Kinetics Laboratory, Institute of Chemistry, ELTE, Budapest, Hungary</fileAuthor>
    <fileDOI>10.24388/x20004344</fileDOI>
    <fileVersion>
        <major>1</major>
        <minor>0</minor>
    </fileVersion>
    <ReSpecThVersion>
        <major>2</major>
        <minor>3</minor>
    </ReSpecThVersion>
    <firstPublicationDate>2021-10-29</firstPublicationDate>
    <lastModificationDate>2021-10-29</lastModificationDate>
    <bibliographyLink>
        <description>D. Lapalme, P. Seers, International Journal of Hydrogen Energy 39 (2014), 3477--3486</description>
        <referenceDOI>10.1016/j.ijhydene.2013.12.109</referenceDOI>
        <location>Main article</location>
        <table>Table 1, S25C15M10</table>
        <figure>Fig. 14., open square</figure>
        <details>
            <author>Denis Lapalme and Patrice Seers</author>
            <journal>International Journal of Hydrogen Energy</journal>
            <month>feb</month>
            <number>7</number>
            <pages>3477--3486</pages>
            <publisher>Elsevier {BV}</publisher>
            <title>Influence of {CO}2, {CH}4, and initial temperature on H2/{CO} laminar flame speed</title>
            <volume>39</volume>
            <year>2014</year>
        </details>
    </bibliographyLink>
    <experimentType>laminar burning velocity measurement</experimentType>
    <apparatus>
        <kind>flame</kind>
        <mode>premixed</mode>
        <mode>laminar</mode>
    </apparatus>
    <commonProperties>
        <property name="pressure"     label="P"  sourcetype="reported"  units="atm" ><value>1</value></property>
        <property name="temperature"  label="T"  sourcetype="reported"  units="K"   ><value>295</value></property>
    </commonProperties>
    <dataGroup id="dg1">
        <property name="laminar burning velocity"      id="x1"   label="Sl"     sourcetype="digitized"   units="m/s"           />
        <property name="composition"                   id="x2"   label="[CH4]"  sourcetype="calculated"  units="mole fraction" >
            <speciesLink preferredKey="CH4"  CAS="74-82-8"    InChI="1S/CH4/h1H4"    SMILES="C"          chemName="methane"         />
        </property>
        <property name="composition"                   id="x3"   label="[O2]"   sourcetype="calculated"  units="mole fraction" >
            <speciesLink preferredKey="O2"   CAS="7782-44-7"  InChI="1S/O2/c1-2"     SMILES="O=O"        chemName="oxygen"          />
        </property>
        <property name="composition"                   id="x4"   label="[N2]"   sourcetype="calculated"  units="mole fraction" >
            <speciesLink preferredKey="N2"   CAS="7727-37-9"  InChI="1S/N2/c1-2"     SMILES="N#N"        chemName="nitrogen"        />
        </property>
        <property name="composition"                   id="x5"   label="[H2]"   sourcetype="calculated"  units="mole fraction" >
            <speciesLink preferredKey="H2"   CAS="1333-74-0"  InChI="1S/H2/h1H"      SMILES="[HH]"       chemName="hydrogen"        />
        </property>
        <property name="composition"                   id="x6"   label="[CO]"   sourcetype="calculated"  units="mole fraction" >
            <speciesLink preferredKey="CO"   CAS="630-08-0"   InChI="1S/CO/c1-2"     SMILES="[C-]#[O+]"  chemName="carbon monoxide" />
        </property>
        <property name="composition"                   id="x7"   label="[CO2]"  sourcetype="calculated"  units="mole fraction" >
            <speciesLink preferredKey="CO2"  CAS="124-38-9"   InChI="1S/CO2/c2-1-3"  SMILES="C(=O)=O"    chemName="carbon dioxide"  />
        </property>
        <property name="evaluated standard deviation"  id="x8"   sourcetype="estimated"   units="cm/s"           reference="laminar burning velocity"  kind="absolute"  method="combined from scatter and reported uncertainty" />

        <dataPoint><x1>4.690200e-001</x1><x2>2.494369e-002</x2><x3>1.592103e-001</x3><x4>5.913527e-001</x4><x5>4.676942e-002</x5><x6>1.403083e-001</x6><x7>3.741554e-002</x7><x8>1.46673274174268</x8></dataPoint>
        <dataPoint><x1>5.165100e-001</x1><x2>2.698618e-002</x2><x3>1.548778e-001</x3><x4>5.752604e-001</x4><x5>5.059908e-002</x5><x6>1.517973e-001</x6><x7>4.047927e-002</x7><x8>1.60391094297657</x8></dataPoint>
        <dataPoint><x1>6.264100e-001</x1><x2>3.074833e-002</x2><x3>1.468975e-001</x3><x4>5.456192e-001</x4><x5>5.765311e-002</x5><x6>1.729593e-001</x6><x7>4.612249e-002</x7> <x8>1.9243161083876</x8></dataPoint>
        <dataPoint><x1>7.104000e-001</x1><x2>3.410143e-002</x2><x3>1.397849e-001</x3><x4>5.192009e-001</x4><x5>6.394018e-002</x5><x6>1.918205e-001</x6><x7>5.115214e-002</x7><x8>2.17105977165531</x8></dataPoint>
        <dataPoint><x1>7.551400e-001</x1><x2>3.714481e-002</x2><x3>1.333292e-001</x3><x4>4.952227e-001</x4><x5>6.964653e-002</x5><x6>2.089396e-001</x6><x7>5.571722e-002</x7><x8>2.30295785208935</x8></dataPoint>
        <dataPoint><x1>6.974500e-001</x1><x2>3.991964e-002</x2><x3>1.274432e-001</x3><x4>4.733604e-001</x4><x5>7.484932e-002</x5><x6>2.245480e-001</x6><x7>5.987946e-002</x7><x8>2.13293591432092</x8></dataPoint>
    </dataGroup>
</experiment>
