<experiment>
    <fileAuthor>Chemical Kinetics Laboratory, Institute of Chemistry, ELTE, Budapest, Hungary</fileAuthor>
    <fileDOI>10.24388/x20004264</fileDOI>
    <fileVersion>
        <major>1</major>
        <minor>0</minor>
    </fileVersion>
    <ReSpecThVersion>
        <major>2</major>
        <minor>3</minor>
    </ReSpecThVersion>
    <firstPublicationDate>2021-10-29</firstPublicationDate>
    <lastModificationDate>2021-10-29</lastModificationDate>
    <bibliographyLink>
        <description>V.S. Babkin, L.S. Kozachenko, Combustion, Explosion and Shock Waves 2 (1969), 46--52</description>
        <referenceDOI>10.1007/BF00749026</referenceDOI>
        <location>Fig. 1 full circle 2, main text</location>
        <figure>Fig. 1</figure>
        <details>
            <author>V. S. Babkin and L. S. Kozachenko</author>
            <journal>Combustion, Explosion and Shock Waves</journal>
            <number>3</number>
            <pages>46--52</pages>
            <publisher>Springer Science and Business Media {LLC}</publisher>
            <title>Study of normal burning velocity in methane-air mixtures at high pressures</title>
            <volume>2</volume>
            <year>1969</year>
        </details>
    </bibliographyLink>
    <experimentType>laminar burning velocity measurement</experimentType>
    <apparatus>
        <kind>flame</kind>
        <mode>premixed</mode>
        <mode>laminar</mode>
    </apparatus>
    <commonProperties>
        <property name="pressure"     label="P"  sourcetype="reported"  units="atm" ><value>1</value></property>
        <property name="temperature"  label="T"  sourcetype="reported"  units="K"   ><value>373</value></property>
    </commonProperties>
    <dataGroup id="dg1">
        <property name="laminar burning velocity"      id="x1"   label="Sl"     sourcetype="digitized"  units="cm/s"          />
        <property name="composition"                   id="x2"   label="[CH4]"  sourcetype="digitized"  units="mole fraction" >
            <speciesLink preferredKey="CH4"  CAS="74-82-8"    InChI="1S/CH4/h1H4"  SMILES="C"    chemName="methane"  />
        </property>
        <property name="composition"                   id="x3"   label="[O2]"   sourcetype="digitized"  units="mole fraction" >
            <speciesLink preferredKey="O2"   CAS="7782-44-7"  InChI="1S/O2/c1-2"   SMILES="O=O"  chemName="oxygen"   />
        </property>
        <property name="composition"                   id="x4"   label="[N2]"   sourcetype="digitized"  units="mole fraction" >
            <speciesLink preferredKey="N2"   CAS="7727-37-9"  InChI="1S/N2/c1-2"   SMILES="N#N"  chemName="nitrogen" />
        </property>
        <property name="evaluated standard deviation"  id="x5"   sourcetype="estimated"  units="cm/s"           reference="laminar burning velocity"  kind="absolute"  method="combined from scatter and estimated uncertainty" />

        <dataPoint><x1>1.581087e+001</x1><x2>5.967560e-002</x2><x3>1.974681e-001</x3><x4>7.428563e-001</x4><x5>1.07362390411552</x5></dataPoint>
        <dataPoint><x1>2.628727e+001</x1><x2>7.033140e-002</x2><x3>1.952304e-001</x3><x4>7.344382e-001</x4><x5>1.50175253361806</x5></dataPoint>
        <dataPoint><x1>3.549560e+001</x1><x2>8.015210e-002</x2><x3>1.931681e-001</x3><x4>7.266798e-001</x4><x5>1.91769479075686</x5></dataPoint>
        <dataPoint><x1>4.310507e+001</x1><x2>9.017400e-002</x2><x3>1.910635e-001</x3><x4>7.187625e-001</x4><x5>2.27438495232409</x5></dataPoint>
        <dataPoint><x1>4.401700e+001</x1><x2>9.506600e-002</x2><x3>1.900361e-001</x3><x4>7.148979e-001</x4><x5>2.31763888140409</x5></dataPoint>
        <dataPoint><x1>4.442818e+001</x1><x2>1.003341e-001</x2><x3>1.889298e-001</x3><x4>7.107361e-001</x4><x5>2.33717076983626</x5></dataPoint>
        <dataPoint><x1>4.329561e+001</x1><x2>1.103822e-001</x2><x3>1.868197e-001</x3><x4>7.027981e-001</x4><x5>2.28341495906378</x5></dataPoint>
        <dataPoint><x1>3.436952e+001</x1><x2>1.204358e-001</x2><x3>1.847085e-001</x3><x4>6.948557e-001</x4><x5>1.86570871913919</x5></dataPoint>
        <dataPoint><x1>2.090392e+001</x1><x2>1.302241e-001</x2><x3>1.826529e-001</x3><x4>6.871230e-001</x4> <x5>1.2728487500532</x5></dataPoint>
    </dataGroup>
</experiment>
