<experiment>
    <fileAuthor>Chemical Kinetics Laboratory, Institute of Chemistry, ELTE, Budapest, Hungary</fileAuthor>
    <fileDOI>10.24388/x20004084</fileDOI>
    <fileVersion>
        <major>1</major>
        <minor>0</minor>
    </fileVersion>
    <ReSpecThVersion>
        <major>2</major>
        <minor>3</minor>
    </ReSpecThVersion>
    <firstPublicationDate>2021-10-29</firstPublicationDate>
    <lastModificationDate>2021-10-29</lastModificationDate>
    <bibliographyLink>
        <description>Y. OGAMI, H. KOBAYASHI, JSME International Journal Series B Fluids and Thermal Engineering 48 (2005), 603--609</description>
        <referenceDOI>10.1299/jsmeb.48.603</referenceDOI>
        <location>Main article, Fig. 7, full circle</location>
        <figure>Figure 7</figure>
        <details>
            <author>Yasuhiro OGAMI and Hideaki KOBAYASHI</author>
            <journal>JSME International Journal Series B Fluids and Thermal Engineering</journal>
            <number>3</number>
            <pages>603--609</pages>
            <publisher>Japan Society of Mechanical Engineers</publisher>
            <title>Laminar Burning Velocity of Stoichiometric {CH}4/air Premixed Flames at High-Pressure and High-Temperature</title>
            <volume>48</volume>
            <year>2005</year>
        </details>
    </bibliographyLink>
    <experimentType>laminar burning velocity measurement</experimentType>
    <apparatus>
        <kind>flame</kind>
        <mode>premixed</mode>
        <mode>laminar</mode>
    </apparatus>
    <commonProperties>
        <property name="temperature"          label="T"  sourcetype="reported"  units="K"             ><value>298</value></property>
        <property name="initial composition"  sourcetype="reported" >
            <component><speciesLink preferredKey="CH4"  CAS="74-82-8"    InChI="1S/CH4/h1H4"  SMILES="C"    chemName="methane"  /><amount units="mole fraction" >0.09589</amount></component>
            <component><speciesLink preferredKey="O2"   CAS="7782-44-7"  InChI="1S/O2/c1-2"   SMILES="O=O"  chemName="oxygen"   /><amount units="mole fraction" >0.19178</amount></component>
            <component><speciesLink preferredKey="N2"   CAS="7727-37-9"  InChI="1S/N2/c1-2"   SMILES="N#N"  chemName="nitrogen" /><amount units="mole fraction" >0.71233</amount></component>
        </property>
    </commonProperties>
    <dataGroup id="dg1">
        <property name="pressure"                      id="x1"   label="P"   sourcetype="digitized"  units="Pa"   />
        <property name="laminar burning velocity"      id="x2"   label="Sl"  sourcetype="digitized"  units="cm/s" />
        <property name="evaluated standard deviation"  id="x3"   sourcetype="estimated"  units="cm/s"  reference="laminar burning velocity"  kind="absolute"  method="combined from scatter and estimated uncertainty" />

        <dataPoint><x1>9.943000e+004</x1><x2>3.504589e+001</x2><x3>2.10362398972051</x3></dataPoint>
        <dataPoint><x1>1.493300e+005</x1><x2>3.101593e+001</x2><x3>1.86193945080653</x3></dataPoint>
        <dataPoint><x1>1.997800e+005</x1><x2>2.807996e+001</x2><x3>1.68588403571594</x3></dataPoint>
        <dataPoint><x1>2.996300e+005</x1><x2>2.501429e+001</x2><x3>1.50207688353521</x3></dataPoint>
    </dataGroup>
</experiment>
