<experiment>
    <fileAuthor>Chemical Kinetics Laboratory, Institute of Chemistry, ELTE, Budapest, Hungary</fileAuthor>
    <fileDOI>10.24388/x20004387</fileDOI>
    <fileVersion>
        <major>1</major>
        <minor>0</minor>
    </fileVersion>
    <ReSpecThVersion>
        <major>2</major>
        <minor>3</minor>
    </ReSpecThVersion>
    <firstPublicationDate>2021-10-29</firstPublicationDate>
    <lastModificationDate>2021-10-29</lastModificationDate>
    <bibliographyLink>
        <description>K.Ya. Troshin, A.A. Borisov, A.N. Rakhmetov, V.S. Arutyunov, G.G. Politenkova, Combustion, Explosion, and Shock Waves 7 (2013), 290--301</description>
        <referenceDOI>10.1134/S1990793113050102</referenceDOI>
        <location>Main article</location>
        <figure>Fig. 11., full square</figure>
        <details>
            <author>K. Ya. Troshin and A. A. Borisov and A. N. Rakhmetov and V. S. Arutyunov and G. G. Politenkova</author>
            <journal>Combustion, Explosion, and Shock Waves</journal>
            <month>may</month>
            <number>3</number>
            <pages>290--301</pages>
            <publisher>Pleiades Publishing Ltd</publisher>
            <title>Burning velocity of methane-hydrogen mixtures at elevated pressures and temperatures</title>
            <volume>7</volume>
            <year>2013</year>
        </details>
    </bibliographyLink>
    <experimentType>laminar burning velocity measurement</experimentType>
    <apparatus>
        <kind>flame</kind>
        <mode>premixed</mode>
        <mode>laminar</mode>
    </apparatus>
    <commonProperties>
        <property name="pressure"     label="P"  sourcetype="reported"  units="atm" ><value>1</value></property>
        <property name="temperature"  label="T"  sourcetype="reported"  units="K"   ><value>295.15</value></property>
    </commonProperties>
    <dataGroup id="dg1">
        <property name="laminar burning velocity"      id="x1"   label="Sl"     sourcetype="digitized"   units="cm/s"          />
        <property name="composition"                   id="x2"   label="[CH4]"  sourcetype="calculated"  units="mole fraction" >
            <speciesLink preferredKey="CH4"  CAS="74-82-8"    InChI="1S/CH4/h1H4"  SMILES="C"     chemName="methane"  />
        </property>
        <property name="composition"                   id="x3"   label="[O2]"   sourcetype="calculated"  units="mole fraction" >
            <speciesLink preferredKey="O2"   CAS="7782-44-7"  InChI="1S/O2/c1-2"   SMILES="O=O"   chemName="oxygen"   />
        </property>
        <property name="composition"                   id="x4"   label="[N2]"   sourcetype="calculated"  units="mole fraction" >
            <speciesLink preferredKey="N2"   CAS="7727-37-9"  InChI="1S/N2/c1-2"   SMILES="N#N"   chemName="nitrogen" />
        </property>
        <property name="composition"                   id="x5"   label="[H2]"   sourcetype="calculated"  units="mole fraction" >
            <speciesLink preferredKey="H2"   CAS="1333-74-0"  InChI="1S/H2/h1H"    SMILES="[HH]"  chemName="hydrogen" />
        </property>
        <property name="evaluated standard deviation"  id="x6"   sourcetype="estimated"   units="cm/s"           reference="laminar burning velocity"  kind="absolute"  method="combined from scatter and reported uncertainty" />

        <dataPoint><x1>3.865160e+000</x1><x2>4.041068e-002</x2><x3>1.994720e-001</x3><x4>7.500147e-001</x4><x5>1.010267e-002</x5><x6>1.18407938101337</x6></dataPoint>
        <dataPoint><x1>7.887240e+000</x1><x2>4.668557e-002</x2><x3>1.978242e-001</x3><x4>7.438189e-001</x4><x5>1.167139e-002</x5><x6>1.19648951673677</x6></dataPoint>
        <dataPoint><x1>1.146760e+001</x1><x2>5.535256e-002</x2><x3>1.955482e-001</x3><x4>7.352611e-001</x4><x5>1.383814e-002</x5><x6>1.21445377557155</x6></dataPoint>
        <dataPoint><x1>1.830282e+001</x1><x2>6.382238e-002</x2><x3>1.933240e-001</x3><x4>7.268981e-001</x4><x5>1.595560e-002</x5><x6>1.26573203300314</x6></dataPoint>
        <dataPoint><x1>2.902063e+001</x1><x2>7.209269e-002</x2><x3>1.911521e-001</x3><x4>7.187320e-001</x4><x5>1.802317e-002</x5><x6>1.38530860114202</x6></dataPoint>
        <dataPoint><x1>3.771578e+001</x1><x2>8.025207e-002</x2><x3>1.890094e-001</x3><x4>7.106755e-001</x4><x5>2.006302e-002</x5><x6>1.51054852786339</x6></dataPoint>
        <dataPoint><x1>4.766638e+001</x1><x2>8.816873e-002</x2><x3>1.869305e-001</x3><x4>7.028586e-001</x4><x5>2.204218e-002</x5><x6>1.67712825414166</x6></dataPoint>
    </dataGroup>
</experiment>
