<experiment>
    <fileAuthor>Chemical Kinetics Laboratory, Institute of Chemistry, ELTE, Budapest, Hungary</fileAuthor>
    <fileDOI>10.24388/x20004185</fileDOI>
    <fileVersion>
        <major>1</major>
        <minor>0</minor>
    </fileVersion>
    <ReSpecThVersion>
        <major>2</major>
        <minor>3</minor>
    </ReSpecThVersion>
    <firstPublicationDate>2021-10-29</firstPublicationDate>
    <lastModificationDate>2021-10-29</lastModificationDate>
    <bibliographyLink>
        <description>M. Elia, M. Ulinski, M. Metghalchi, Journal of Engineering for Gas Turbines and Power 123 (2000), 190--196</description>
        <referenceDOI>10.1115/1.1339984</referenceDOI>
        <location>Fig. 10 full diamond</location>
        <figure>Fig. 10</figure>
        <details>
            <author>M. Elia and M. Ulinski and M. Metghalchi</author>
            <journal>Journal of Engineering for Gas Turbines and Power</journal>
            <month>jun</month>
            <number>1</number>
            <pages>190--196</pages>
            <publisher>ASME} International</publisher>
            <title>Laminar Burning Velocity of Methane{\textendash}Air{\textendash}Diluent Mixtures</title>
            <volume>123</volume>
            <year>2000</year>
        </details>
    </bibliographyLink>
    <experimentType>laminar burning velocity measurement</experimentType>
    <apparatus>
        <kind>flame</kind>
        <mode>premixed</mode>
        <mode>laminar</mode>
    </apparatus>
    <commonProperties>
        <property name="pressure"                      label="P"  sourcetype="calculated"  units="atm"           ><value>2</value></property>
        <property name="initial composition"           sourcetype="reported"   >
            <component><speciesLink preferredKey="CH4"  CAS="74-82-8"    InChI="1S/CH4/h1H4"  SMILES="C"    chemName="methane"  /><amount units="mole fraction" >0.080908</amount></component>
            <component><speciesLink preferredKey="O2"   CAS="7782-44-7"  InChI="1S/O2/c1-2"   SMILES="O=O"  chemName="oxygen"   /><amount units="mole fraction" >0.19496</amount></component>
            <component><speciesLink preferredKey="N2"   CAS="7727-37-9"  InChI="1S/N2/c1-2"   SMILES="N#N"  chemName="nitrogen" /><amount units="mole fraction" >0.72413</amount></component>
        </property>
        <property name="evaluated standard deviation"  sourcetype="estimated"   units="cm/s"           reference="laminar burning velocity"  kind="absolute"  method="combined from scatter and reported uncertainty" ><value>0.565873961659308</value></property>
    </commonProperties>
    <dataGroup id="dg1">
        <property name="temperature"               id="x1"   label="T"   sourcetype="digitized"  units="K"    />
        <property name="laminar burning velocity"  id="x2"   label="Sl"  sourcetype="digitized"  units="cm/s" />

        <dataPoint><x1>2.997070e+002</x1><x2>1.948830e+001</x2></dataPoint>
        <dataPoint><x1>3.251090e+002</x1><x2>2.288514e+001</x2></dataPoint>
        <dataPoint><x1>3.487430e+002</x1><x2>2.541100e+001</x2></dataPoint>
        <dataPoint><x1>4.002132e+002</x1><x2>3.346761e+001</x2></dataPoint>
        <dataPoint><x1>4.256141e+002</x1><x2>3.710397e+001</x2></dataPoint>
        <dataPoint><x1>4.506465e+002</x1><x2>4.113228e+001</x2></dataPoint>
        <dataPoint><x1>4.764099e+002</x1><x2>4.566140e+001</x2></dataPoint>
        <dataPoint><x1>5.000342e+002</x1><x2>5.032118e+001</x2></dataPoint>
    </dataGroup>
</experiment>
