<experiment>
    <fileAuthor>Chemical Kinetics Laboratory, Institute of Chemistry, ELTE, Budapest, Hungary</fileAuthor>
    <fileDOI>10.24388/x20004496</fileDOI>
    <fileVersion>
        <major>1</major>
        <minor>0</minor>
    </fileVersion>
    <ReSpecThVersion>
        <major>2</major>
        <minor>3</minor>
    </ReSpecThVersion>
    <firstPublicationDate>2021-10-29</firstPublicationDate>
    <lastModificationDate>2021-10-29</lastModificationDate>
    <bibliographyLink>
        <description>J. Han, C. Lee, S. Kum, Y. Hwang, Energy Fuels 21 (2007), 3202--3207</description>
        <referenceDOI>10.1021/ef070175v</referenceDOI>
        <location>Main article</location>
        <figure>Fig.6.b., open triangle, omega=0.60</figure>
        <details>
            <author>Ji-Woong Han and Chang-Eon Lee and Sung-Min Kum and Yong-Soo Hwang</author>
            <journal>Energy Fuels</journal>
            <month>nov</month>
            <number>6</number>
            <pages>3202--3207</pages>
            <publisher>American Chemical Society ({ACS})</publisher>
            <title>Study on the Improvement of Chemical Reaction Mechanism of Methane Based on the Laminar Burning Velocities in {OEC}</title>
            <volume>21</volume>
            <year>2007</year>
        </details>
    </bibliographyLink>
    <experimentType>laminar burning velocity measurement</experimentType>
    <apparatus>
        <kind>flame</kind>
        <mode>premixed</mode>
        <mode>laminar</mode>
    </apparatus>
    <commonProperties>
        <property name="pressure"     label="P"  sourcetype="reported"  units="atm" ><value>1</value></property>
        <property name="temperature"  label="T"  sourcetype="reported"  units="K"   ><value>298</value></property>
    </commonProperties>
    <dataGroup id="dg1">
        <property name="laminar burning velocity"      id="x1"   label="Sl"     sourcetype="digitized"   units="cm/s"          />
        <property name="composition"                   id="x2"   label="[CH4]"  sourcetype="calculated"  units="mole fraction" >
            <speciesLink preferredKey="CH4"  CAS="74-82-8"    InChI="1S/CH4/h1H4"  SMILES="C"    chemName="methane"  />
        </property>
        <property name="composition"                   id="x3"   label="[O2]"   sourcetype="calculated"  units="mole fraction" >
            <speciesLink preferredKey="O2"   CAS="7782-44-7"  InChI="1S/O2/c1-2"   SMILES="O=O"  chemName="oxygen"   />
        </property>
        <property name="composition"                   id="x4"   label="[N2]"   sourcetype="calculated"  units="mole fraction" >
            <speciesLink preferredKey="N2"   CAS="7727-37-9"  InChI="1S/N2/c1-2"   SMILES="N#N"  chemName="nitrogen" />
        </property>
        <property name="evaluated standard deviation"  id="x5"   sourcetype="estimated"   units="cm/s"           reference="laminar burning velocity"  kind="absolute"  method="combined from scatter and estimated uncertainty" />

        <dataPoint><x1>8.763293e+001</x1><x2>1.062835e-001</x2><x3>5.362299e-001</x3><x4>3.574866e-001</x4><x5>5.75319346414543</x5></dataPoint>
        <dataPoint><x1>1.156762e+002</x1><x2>1.191779e-001</x2><x3>5.284933e-001</x3><x4>3.523289e-001</x4><x5>7.32287274296666</x5></dataPoint>
        <dataPoint><x1>1.275678e+002</x1><x2>1.303508e-001</x2><x3>5.217895e-001</x3><x4>3.478597e-001</x4><x5>8.00235480787524</x5></dataPoint>
        <dataPoint><x1>1.496723e+002</x1><x2>1.427281e-001</x2><x3>5.143632e-001</x3><x4>3.429088e-001</x4><x5>9.27897602738276</x5></dataPoint>
        <dataPoint><x1>1.666659e+002</x1><x2>1.505729e-001</x2><x3>5.096563e-001</x3><x4>3.397709e-001</x4><x5>10.2689826918062</x5></dataPoint>
        <dataPoint><x1>1.853336e+002</x1><x2>1.636439e-001</x2><x3>5.018136e-001</x3><x4>3.345424e-001</x4><x5>11.3625561104338</x5></dataPoint>
        <dataPoint><x1>1.947245e+002</x1><x2>1.737217e-001</x2><x3>4.957670e-001</x3><x4>3.305113e-001</x4><x5>11.9145455961778</x5></dataPoint>
        <dataPoint><x1>2.048467e+002</x1><x2>1.849051e-001</x2><x3>4.890569e-001</x3><x4>3.260380e-001</x4><x5>12.5106650233193</x5></dataPoint>
        <dataPoint><x1>2.125706e+002</x1><x2>1.944819e-001</x2><x3>4.833109e-001</x3><x4>3.222072e-001</x4><x5>12.9662431515916</x5></dataPoint>
        <dataPoint><x1>2.159183e+002</x1><x2>2.038343e-001</x2><x3>4.776994e-001</x3><x4>3.184663e-001</x4> <x5>13.163870620456</x5></dataPoint>
        <dataPoint><x1>2.244774e+002</x1><x2>2.140836e-001</x2><x3>4.715498e-001</x3><x4>3.143666e-001</x4><x5>13.6695755867268</x5></dataPoint>
        <dataPoint><x1>2.269934e+002</x1><x2>2.242078e-001</x2><x3>4.654753e-001</x3><x4>3.103169e-001</x4><x5>13.8183406615742</x5></dataPoint>
        <dataPoint><x1>2.296101e+002</x1><x2>2.318293e-001</x2><x3>4.609024e-001</x3><x4>3.072683e-001</x4><x5>13.9731098328803</x5></dataPoint>
        <dataPoint><x1>2.296236e+002</x1><x2>2.403409e-001</x2><x3>4.557954e-001</x3><x4>3.038636e-001</x4><x5>13.9739084425066</x5></dataPoint>
        <dataPoint><x1>2.288035e+002</x1><x2>2.486660e-001</x2><x3>4.508004e-001</x3><x4>3.005336e-001</x4><x5>13.9253967744765</x5></dataPoint>
        <dataPoint><x1>2.228780e+002</x1><x2>2.568089e-001</x2><x3>4.459146e-001</x3><x4>2.972764e-001</x4><x5>13.5750320774906</x5></dataPoint>
        <dataPoint><x1>2.186198e+002</x1><x2>2.649005e-001</x2><x3>4.410597e-001</x3><x4>2.940398e-001</x4><x5>13.3234209777311</x5></dataPoint>
        <dataPoint><x1>2.109229e+002</x1><x2>2.726971e-001</x2><x3>4.363817e-001</x3><x4>2.909212e-001</x4>  <x5>12.86900993093</x5></dataPoint>
        <dataPoint><x1>2.008313e+002</x1><x2>2.812596e-001</x2><x3>4.312442e-001</x3><x4>2.874961e-001</x4><x5>12.2740574113609</x5></dataPoint>
        <dataPoint><x1>1.931345e+002</x1><x2>2.887164e-001</x2><x3>4.267702e-001</x3><x4>2.845134e-001</x4><x5>11.8210106102397</x5></dataPoint>
        <dataPoint><x1>1.838749e+002</x1><x2>2.961301e-001</x2><x3>4.223220e-001</x3><x4>2.815480e-001</x4><x5>11.2769166611506</x5></dataPoint>
        <dataPoint><x1>1.761781e+002</x1><x2>3.032830e-001</x2><x3>4.180302e-001</x3><x4>2.786868e-001</x4><x5>10.8255405423053</x5></dataPoint>
        <dataPoint><x1>1.651487e+002</x1><x2>3.111444e-001</x2><x3>4.133134e-001</x3><x4>2.755422e-001</x4><x5>10.1803566108749</x5></dataPoint>
        <dataPoint><x1>1.549496e+002</x1><x2>3.171600e-001</x2><x3>4.097040e-001</x3><x4>2.731360e-001</x4><x5>9.58575444433436</x5></dataPoint>
        <dataPoint><x1>1.422533e+002</x1><x2>3.248157e-001</x2><x3>4.051106e-001</x3><x4>2.700737e-001</x4><x5>8.84887170331359</x5></dataPoint>
        <dataPoint><x1>1.338271e+002</x1><x2>3.314002e-001</x2><x3>4.011599e-001</x3><x4>2.674399e-001</x4><x5>8.36228552624078</x5></dataPoint>
        <dataPoint><x1>1.176906e+002</x1><x2>3.378562e-001</x2><x3>3.972863e-001</x3><x4>2.648575e-001</x4><x5>7.43752673303404</x5></dataPoint>
        <dataPoint><x1>1.074931e+002</x1><x2>3.441900e-001</x2><x3>3.934860e-001</x3><x4>2.623240e-001</x4><x5>6.85930645866592</x5></dataPoint>
        <dataPoint><x1>9.396330e+001</x1><x2>3.512547e-001</x2><x3>3.892472e-001</x3><x4>2.594981e-001</x4><x5>6.10226939845366</x5></dataPoint>
        <dataPoint><x1>8.032742e+001</x1><x2>3.573347e-001</x2><x3>3.855992e-001</x3><x4>2.570661e-001</x4><x5>5.35554902660624</x5></dataPoint>
        <dataPoint><x1>7.700673e+001</x1><x2>3.633031e-001</x2><x3>3.820182e-001</x3><x4>2.546788e-001</x4><x5>5.17697371034028</x5></dataPoint>
        <dataPoint><x1>6.170375e+001</x1><x2>3.691616e-001</x2><x3>3.785030e-001</x3><x4>2.523354e-001</x4><x5>4.37714467125831</x5></dataPoint>
        <dataPoint><x1>5.744552e+001</x1><x2>3.750000e-001</x2><x3>3.750000e-001</x3><x4>2.500000e-001</x4><x5>4.16327773365571</x5></dataPoint>
    </dataGroup>
</experiment>
