<experiment>
    <fileAuthor>Chemical Kinetics Laboratory, Institute of Chemistry, ELTE, Budapest, Hungary</fileAuthor>
    <fileDOI>10.24388/x20004493</fileDOI>
    <fileVersion>
        <major>1</major>
        <minor>0</minor>
    </fileVersion>
    <ReSpecThVersion>
        <major>2</major>
        <minor>3</minor>
    </ReSpecThVersion>
    <firstPublicationDate>2021-10-29</firstPublicationDate>
    <lastModificationDate>2021-10-29</lastModificationDate>
    <bibliographyLink>
        <description>H. Eberius, Th. Kick, Berichte der Bunsengesellschaft für physikalische Chemie 96 (1992), 1416--1419</description>
        <referenceDOI>10.1002/bbpc.19920961013</referenceDOI>
        <location>Main article</location>
        <figure>Fig.2., open circle, phi=1.4</figure>
        <details>
            <author>H. Eberius and Th. Kick</author>
            <journal>Berichte der Bunsengesellschaft für physikalische Chemie</journal>
            <month>oct</month>
            <number>10</number>
            <pages>1416--1419</pages>
            <publisher>Wiley</publisher>
            <title>Stabilization of Premixed, Conical Methane Flames at High Pressure</title>
            <volume>96</volume>
            <year>1992</year>
        </details>
    </bibliographyLink>
    <experimentType>laminar burning velocity measurement</experimentType>
    <apparatus>
        <kind>flame</kind>
        <mode>premixed</mode>
        <mode>laminar</mode>
    </apparatus>
    <commonProperties>
        <property name="temperature"                   label="T"  sourcetype="reported"   units="K"             ><value>413</value></property>
        <property name="initial composition"           sourcetype="reported"  >
            <component><speciesLink preferredKey="CH4"  CAS="74-82-8"    InChI="1S/CH4/h1H4"  SMILES="C"    chemName="methane"  /><amount units="mole fraction" >0.12816</amount></component>
            <component><speciesLink preferredKey="O2"   CAS="7782-44-7"  InChI="1S/O2/c1-2"   SMILES="O=O"  chemName="oxygen"   /><amount units="mole fraction" >0.18309</amount></component>
            <component><speciesLink preferredKey="N2"   CAS="7727-37-9"  InChI="1S/N2/c1-2"   SMILES="N#N"  chemName="nitrogen" /><amount units="mole fraction" >0.68875</amount></component>
        </property>
        <property name="evaluated standard deviation"  sourcetype="estimated"  units="cm/s"           reference="laminar burning velocity"  kind="absolute"  method="generic uncertainty" ><value>0.5</value></property>
    </commonProperties>
    <dataGroup id="dg1">
        <property name="pressure"                  id="x1"   label="P"   sourcetype="digitized"  units="bar"  />
        <property name="laminar burning velocity"  id="x2"   label="Sl"  sourcetype="digitized"  units="cm/s" />

        <dataPoint><x1>3.014166e+001</x1><x2>7.287220e+000</x2></dataPoint>
        <dataPoint><x1>3.997315e+001</x1><x2>7.021400e+000</x2></dataPoint>
        <dataPoint><x1>4.980900e+001</x1><x2>6.325920e+000</x2></dataPoint>
        <dataPoint><x1>6.014609e+001</x1><x2>6.225620e+000</x2></dataPoint>
        <dataPoint><x1>9.993823e+001</x1><x2>6.088020e+000</x2></dataPoint>
    </dataGroup>
</experiment>
