<experiment>
    <fileAuthor>Chemical Kinetics Laboratory, Institute of Chemistry, ELTE, Budapest, Hungary</fileAuthor>
    <fileDOI>10.24388/x20004326</fileDOI>
    <fileVersion>
        <major>1</major>
        <minor>0</minor>
    </fileVersion>
    <ReSpecThVersion>
        <major>2</major>
        <minor>3</minor>
    </ReSpecThVersion>
    <firstPublicationDate>2021-10-29</firstPublicationDate>
    <lastModificationDate>2021-10-29</lastModificationDate>
    <bibliographyLink>
        <description>A.N. Mazas, B. Fiorina, D.A. Lacoste, T. Schuller, Combustion and Flame 158 (2011), 2428--2440</description>
        <referenceDOI>10.1016/j.combustflame.2011.05.014</referenceDOI>
        <location>Main article, Fig. 12, top, full circle</location>
        <figure>Figure 12</figure>
        <details>
            <author>A.N. Mazas and B. Fiorina and D.A. Lacoste and T. Schuller</author>
            <journal>Combustion and Flame</journal>
            <month>dec</month>
            <number>12</number>
            <pages>2428--2440</pages>
            <publisher>Elsevier {BV}</publisher>
            <title>Effects of water vapor addition on the laminar burning velocity of oxygen-enriched methane flames</title>
            <volume>158</volume>
            <year>2011</year>
        </details>
    </bibliographyLink>
    <experimentType>laminar burning velocity measurement</experimentType>
    <apparatus>
        <kind>flame</kind>
        <mode>premixed</mode>
        <mode>laminar</mode>
    </apparatus>
    <commonProperties>
        <property name="pressure"     label="P"  sourcetype="reported"  units="atm" ><value>1</value></property>
        <property name="temperature"  label="T"  sourcetype="reported"  units="K"   ><value>373</value></property>
    </commonProperties>
    <dataGroup id="dg1">
        <property name="laminar burning velocity"      id="x1"   label="Sl"     sourcetype="digitized"  units="cm/s"          />
        <property name="composition"                   id="x2"   label="[CH4]"  sourcetype="digitized"  units="mole fraction" >
            <speciesLink preferredKey="CH4"  CAS="74-82-8"    InChI="1S/CH4/h1H4"  SMILES="C"    chemName="methane"  />
        </property>
        <property name="composition"                   id="x3"   label="[O2]"   sourcetype="digitized"  units="mole fraction" >
            <speciesLink preferredKey="O2"   CAS="7782-44-7"  InChI="1S/O2/c1-2"   SMILES="O=O"  chemName="oxygen"   />
        </property>
        <property name="composition"                   id="x4"   label="[N2]"   sourcetype="digitized"  units="mole fraction" >
            <speciesLink preferredKey="N2"   CAS="7727-37-9"  InChI="1S/N2/c1-2"   SMILES="N#N"  chemName="nitrogen" />
        </property>
        <property name="composition"                   id="x5"   label="[H2O]"  sourcetype="digitized"  units="mole fraction" >
            <speciesLink preferredKey="H2O"  CAS="7732-18-5"  InChI="1S/H2O/h1H2"  SMILES="O"    chemName="water"    />
        </property>
        <property name="evaluated standard deviation"  id="x6"   sourcetype="estimated"  units="cm/s"           reference="laminar burning velocity"  kind="absolute"  method="combined from scatter and reported uncertainty" />

        <dataPoint><x1>7.992298e+001</x1><x2>9.502262e-002</x2><x3>2.714932e-001</x3><x4>6.334842e-001</x4><x5>0.000000e+000</x5><x6>2.03265196475596</x6></dataPoint>
        <dataPoint><x1>7.340180e+001</x1><x2>9.200185e-002</x2><x3>2.628624e-001</x3><x4>6.133457e-001</x4><x5>3.179000e-002</x5><x6>1.87263516315939</x6></dataPoint>
        <dataPoint><x1>6.947368e+001</x1><x2>9.054041e-002</x2><x3>2.586869e-001</x3><x4>6.036027e-001</x4><x5>4.717000e-002</x5><x6>1.77651131019197</x6></dataPoint>
        <dataPoint><x1>6.534018e+001</x1><x2>8.912742e-002</x2><x3>2.546498e-001</x3><x4>5.941828e-001</x4><x5>6.204000e-002</x5><x6>1.67562204980606</x6></dataPoint>
        <dataPoint><x1>6.123235e+001</x1><x2>8.733339e-002</x2><x3>2.495240e-001</x3><x4>5.822226e-001</x4><x5>8.092000e-002</x5><x6>1.57567373886619</x6></dataPoint>
        <dataPoint><x1>5.573813e+001</x1><x2>8.559638e-002</x2><x3>2.445611e-001</x3><x4>5.706425e-001</x4><x5>9.920000e-002</x5><x6>1.44259636149949</x6></dataPoint>
        <dataPoint><x1>4.991014e+001</x1><x2>8.282077e-002</x2><x3>2.366308e-001</x3><x4>5.521385e-001</x4><x5>1.284100e-001</x5><x6>1.30240588874523</x6></dataPoint>
        <dataPoint><x1>4.562259e+001</x1><x2>8.035018e-002</x2><x3>2.295719e-001</x3><x4>5.356679e-001</x4><x5>1.544100e-001</x5><x6>1.20010843310868</x6></dataPoint>
    </dataGroup>
</experiment>
