<experiment>
    <fileAuthor>Chemical Kinetics Laboratory, Institute of Chemistry, ELTE, Budapest, Hungary</fileAuthor>
    <fileDOI>10.24388/x20004399</fileDOI>
    <fileVersion>
        <major>1</major>
        <minor>0</minor>
    </fileVersion>
    <ReSpecThVersion>
        <major>2</major>
        <minor>3</minor>
    </ReSpecThVersion>
    <firstPublicationDate>2021-10-29</firstPublicationDate>
    <lastModificationDate>2021-10-29</lastModificationDate>
    <bibliographyLink>
        <description>T. Tahtouh, F. Halter, E. Samson, C. Mounaïm-Rousselle, International Journal of Hydrogen Energy 34 (2009), 8329--8338</description>
        <referenceDOI>10.1016/j.ijhydene.2009.07.071</referenceDOI>
        <location>Main article</location>
        <figure>Fig.8., open circle</figure>
        <details>
            <author>T. Tahtouh and F. Halter and E. Samson and C. Mounaïm-Rousselle</author>
            <journal>International Journal of Hydrogen Energy</journal>
            <month>oct</month>
            <number>19</number>
            <pages>8329--8338</pages>
            <publisher>Elsevier {BV}</publisher>
            <title>Effects of hydrogen addition and nitrogen dilution on the laminar flame characteristics of premixed methane{\textendash}air flames</title>
            <volume>34</volume>
            <year>2009</year>
        </details>
    </bibliographyLink>
    <experimentType>laminar burning velocity measurement</experimentType>
    <apparatus>
        <kind>flame</kind>
        <mode>premixed</mode>
        <mode>laminar</mode>
    </apparatus>
    <commonProperties>
        <property name="pressure"     label="P"  sourcetype="reported"  units="Pa" ><value>0.1e+006</value></property>
        <property name="temperature"  label="T"  sourcetype="reported"  units="K"  ><value>300</value></property>
    </commonProperties>
    <dataGroup id="dg1">
        <property name="laminar burning velocity"      id="x1"   label="Sl"     sourcetype="digitized"   units="m/s"           />
        <property name="composition"                   id="x2"   label="[CH4]"  sourcetype="calculated"  units="mole fraction" >
            <speciesLink preferredKey="CH4"  CAS="74-82-8"    InChI="1S/CH4/h1H4"  SMILES="C"     chemName="methane"  />
        </property>
        <property name="composition"                   id="x3"   label="[O2]"   sourcetype="calculated"  units="mole fraction" >
            <speciesLink preferredKey="O2"   CAS="7782-44-7"  InChI="1S/O2/c1-2"   SMILES="O=O"   chemName="oxygen"   />
        </property>
        <property name="composition"                   id="x4"   label="[N2]"   sourcetype="calculated"  units="mole fraction" >
            <speciesLink preferredKey="N2"   CAS="7727-37-9"  InChI="1S/N2/c1-2"   SMILES="N#N"   chemName="nitrogen" />
        </property>
        <property name="composition"                   id="x5"   label="[H2]"   sourcetype="calculated"  units="mole fraction" >
            <speciesLink preferredKey="H2"   CAS="1333-74-0"  InChI="1S/H2/h1H"    SMILES="[HH]"  chemName="hydrogen" />
        </property>
        <property name="evaluated standard deviation"  id="x6"   sourcetype="estimated"   units="cm/s"           reference="laminar burning velocity"  kind="absolute"  method="generic uncertainty" />

        <dataPoint><x1>8.688000e-002</x1><x2>6.653992e-002</x2><x3>1.330798e-001</x3><x4>8.003802e-001</x4><x5>0.000000e+000</x5>              <x6>0.5</x6></dataPoint>
        <dataPoint><x1>9.372000e-002</x1><x2>6.424097e-002</x2><x3>1.320596e-001</x3><x4>7.965441e-001</x4><x5>7.155338e-003</x5>              <x6>0.5</x6></dataPoint>
        <dataPoint><x1>9.643000e-002</x1><x2>6.297493e-002</x2><x3>1.314977e-001</x3><x4>7.944315e-001</x4><x5>1.109579e-002</x5>              <x6>0.5</x6></dataPoint>
        <dataPoint><x1>1.046200e-001</x1><x2>6.156798e-002</x2><x3>1.308734e-001</x3><x4>7.920838e-001</x4><x5>1.547481e-002</x5>              <x6>0.5</x6></dataPoint>
        <dataPoint><x1>1.171500e-001</x1><x2>5.844433e-002</x2><x3>1.294871e-001</x3><x4>7.868716e-001</x4><x5>2.519693e-002</x5>              <x6>0.5</x6></dataPoint>
        <dataPoint><x1>1.853700e-001</x1><x2>4.493706e-002</x2><x3>1.234928e-001</x3><x4>7.643328e-001</x4><x5>6.723732e-002</x5><x6>0.592855002193622</x6></dataPoint>
        <dataPoint><x1>3.239000e-001</x1><x2>2.912428e-002</x2><x3>1.164753e-001</x3><x4>7.379470e-001</x4><x5>1.164534e-001</x5><x6>0.890173795110258</x6></dataPoint>
        <dataPoint><x1>7.364600e-001</x1><x2>3.281880e-004</x2><x3>1.036959e-001</x3><x4>6.898967e-001</x4><x5>2.060791e-001</x5> <x6>1.87791044661374</x6></dataPoint>
    </dataGroup>
</experiment>
