<experiment>
    <fileAuthor>Chemical Kinetics Laboratory, Institute of Chemistry, ELTE, Budapest, Hungary</fileAuthor>
    <fileDOI>10.24388/x20004292</fileDOI>
    <fileVersion>
        <major>1</major>
        <minor>0</minor>
    </fileVersion>
    <ReSpecThVersion>
        <major>2</major>
        <minor>3</minor>
    </ReSpecThVersion>
    <firstPublicationDate>2021-10-29</firstPublicationDate>
    <lastModificationDate>2021-10-29</lastModificationDate>
    <bibliographyLink>
        <description>M. Akram, P. Saxena, S. Kumar, Energy Fuels 27 (2013), 3460--3466</description>
        <referenceDOI>10.1021/ef4009218</referenceDOI>
        <location>Main article, Fig. 10, open circle, Tu=700K</location>
        <figure>Figure 10</figure>
        <details>
            <author>Mohammad Akram and Priyank Saxena and Sudarshan Kumar</author>
            <journal>Energy Fuels</journal>
            <month>jun</month>
            <number>6</number>
            <pages>3460--3466</pages>
            <publisher>American Chemical Society ({ACS})</publisher>
            <title>Laminar Burning Velocity of Methane{\textendash}Air Mixtures at Elevated Temperatures</title>
            <volume>27</volume>
            <year>2013</year>
        </details>
    </bibliographyLink>
    <experimentType>laminar burning velocity measurement</experimentType>
    <apparatus>
        <kind>flame</kind>
        <mode>premixed</mode>
        <mode>laminar</mode>
    </apparatus>
    <commonProperties>
        <property name="pressure"     label="P"  sourcetype="reported"  units="atm" ><value>1</value></property>
        <property name="temperature"  label="T"  sourcetype="reported"  units="K"   ><value>700</value></property>
    </commonProperties>
    <dataGroup id="dg1">
        <property name="laminar burning velocity"      id="x1"   label="Sl"     sourcetype="digitized"  units="m/s"           />
        <property name="composition"                   id="x2"   label="[CH4]"  sourcetype="digitized"  units="mole fraction" >
            <speciesLink preferredKey="CH4"  CAS="74-82-8"    InChI="1S/CH4/h1H4"  SMILES="C"    chemName="methane"  />
        </property>
        <property name="composition"                   id="x3"   label="[O2]"   sourcetype="digitized"  units="mole fraction" >
            <speciesLink preferredKey="O2"   CAS="7782-44-7"  InChI="1S/O2/c1-2"   SMILES="O=O"  chemName="oxygen"   />
        </property>
        <property name="composition"                   id="x4"   label="[N2]"   sourcetype="digitized"  units="mole fraction" >
            <speciesLink preferredKey="N2"   CAS="7727-37-9"  InChI="1S/N2/c1-2"   SMILES="N#N"  chemName="nitrogen" />
        </property>
        <property name="evaluated standard deviation"  id="x5"   sourcetype="estimated"  units="cm/s"           reference="laminar burning velocity"  kind="absolute"  method="combined from scatter and reported uncertainty" />

        <dataPoint><x1>8.333600e-001</x1><x2>5.989468e-002</x2><x3>1.994163e-001</x3><x4>7.406890e-001</x4><x5>3.69902810750337</x5></dataPoint>
        <dataPoint><x1>1.029790e+000</x1><x2>6.928418e-002</x2><x3>1.974246e-001</x3><x4>7.332913e-001</x4><x5>3.99627012421896</x5></dataPoint>
        <dataPoint><x1>1.212540e+000</x1><x2>7.827086e-002</x2><x3>1.955183e-001</x3><x4>7.262108e-001</x4><x5>4.30480385181485</x5></dataPoint>
        <dataPoint><x1>1.304120e+000</x1><x2>8.719968e-002</x2><x3>1.936243e-001</x3><x4>7.191760e-001</x4><x5>4.46898304652188</x5></dataPoint>
        <dataPoint><x1>1.367520e+000</x1><x2>9.595803e-002</x2><x3>1.917665e-001</x3><x4>7.122755e-001</x4> <x5>4.5858965121446</x5></dataPoint>
        <dataPoint><x1>1.417660e+000</x1><x2>1.045508e-001</x2><x3>1.899438e-001</x3><x4>7.055055e-001</x4><x5>4.68009108913491</x5></dataPoint>
        <dataPoint><x1>1.281740e+000</x1><x2>1.129934e-001</x2><x3>1.881529e-001</x3><x4>6.988537e-001</x4><x5>4.42833064513028</x5></dataPoint>
        <dataPoint><x1>1.065840e+000</x1><x2>1.211849e-001</x2><x3>1.864153e-001</x3><x4>6.923998e-001</x4><x5>4.05491634193605</x5></dataPoint>
        <dataPoint><x1>8.445500e-001</x1><x2>1.293238e-001</x2><x3>1.846889e-001</x3><x4>6.859873e-001</x4> <x5>3.7148563593664</x5></dataPoint>
    </dataGroup>
</experiment>
