<experiment>
    <fileAuthor>Chemical Kinetics Laboratory, Institute of Chemistry, ELTE, Budapest, Hungary</fileAuthor>
    <fileDOI>10.24388/x20004659</fileDOI>
    <fileVersion>
        <major>1</major>
        <minor>0</minor>
    </fileVersion>
    <ReSpecThVersion>
        <major>2</major>
        <minor>3</minor>
    </ReSpecThVersion>
    <firstPublicationDate>2021-10-29</firstPublicationDate>
    <lastModificationDate>2021-10-29</lastModificationDate>
    <bibliographyLink>
        <description>R.J. Varghese, S. Kumar, International Journal of Hydrogen Energy 45 (2020), 3216--3232</description>
        <referenceDOI>10.1016/j.ijhydene.2019.11.134</referenceDOI>
        <location>Supplementary</location>
        <figure>Fig. 2(b), full-filled blue circle</figure>
        <details>
            <author>Robin John Varghese and Sudarshan Kumar</author>
            <journal>International Journal of Hydrogen Energy</journal>
            <month>jan</month>
            <number>4</number>
            <pages>3216--3232</pages>
            <publisher>Elsevier {BV}</publisher>
            <title>Machine learning model to predict the laminar burning velocities of H2/{CO}/{CH}4/{CO}2/N2/air mixtures at high pressure and temperature conditions</title>
            <volume>45</volume>
            <year>2020</year>
        </details>
    </bibliographyLink>
    <experimentType>laminar burning velocity measurement</experimentType>
    <apparatus>
        <kind>flame</kind>
        <mode>premixed</mode>
        <mode>laminar</mode>
        <mode>HFM</mode>
    </apparatus>
    <commonProperties>
        <property name="temperature"  label="T"  sourcetype="reported"  units="K"   ><value>300</value></property>
        <property name="pressure"     label="p"  sourcetype="reported"  units="atm" ><value>5</value></property>
    </commonProperties>
    <dataGroup id="dg1">
        <property name="laminar burning velocity"      id="x1"   label="Sl"     sourcetype="reported"    units="cm/s"          />
        <property name="uncertainty"                   id="x2"   label="d_Sl"   sourcetype="reported"    units="cm/s"           reference="laminar burning velocity"  kind="absolute"  bound="plusminus" />
        <property name="composition"                   id="x3"   label="[CH4]"  sourcetype="calculated"  units="mole fraction" >
            <speciesLink preferredKey="CH4"  CAS="74-82-8"    InChI="1S/CH4/h1H4"  SMILES="C"    chemName="methane"  />
        </property>
        <property name="composition"                   id="x4"   label="[N2]"   sourcetype="calculated"  units="mole fraction" >
            <speciesLink preferredKey="N2"   CAS="7727-37-9"  InChI="1S/N2/c1-2"   SMILES="N#N"  chemName="nitrogen" />
        </property>
        <property name="composition"                   id="x5"   label="[O2]"   sourcetype="calculated"  units="mole fraction" >
            <speciesLink preferredKey="O2"   CAS="7782-44-7"  InChI="1S/O2/c1-2"   SMILES="O=O"  chemName="oxygen"   />
        </property>
        <property name="evaluated standard deviation"  id="x6"   sourcetype="estimated"   units="cm/s"           reference="laminar burning velocity"  kind="absolute"  method="combined from scatter and reported uncertainty" />

        <dataPoint> <x1>8.00</x1><x2>0.43</x2><x3>0.068352</x3><x4>0.736002</x4><x5>0.195646</x5><x6>0.677878285299802</x6></dataPoint>
        <dataPoint><x1>11.98</x1><x2>0.59</x2><x3>0.077378</x3><x4>0.728872</x4><x5>0.193751</x5><x6>0.789125446099034</x6></dataPoint>
        <dataPoint><x1>17.03</x1><x2>0.86</x2><x3>0.086230</x3><x4>0.721878</x4><x5>0.191892</x5>  <x6>1.0070843905458</x6></dataPoint>
        <dataPoint><x1>19.99</x1><x2>1.02</x2><x3>0.094914</x3><x4>0.715018</x4><x5>0.190068</x5> <x6>1.14674276526211</x6></dataPoint>
        <dataPoint><x1>20.80</x1><x2>1.08</x2><x3>0.103434</x3><x4>0.708287</x4><x5>0.188279</x5> <x6>1.20042449561853</x6></dataPoint>
        <dataPoint><x1>16.98</x1><x2>0.91</x2><x3>0.111795</x3><x4>0.701682</x4><x5>0.186523</x5>  <x6>1.0501042660998</x6></dataPoint>
        <dataPoint><x1>10.31</x1><x2>0.59</x2><x3>0.120002</x3><x4>0.695198</x4><x5>0.184800</x5><x6>0.789125446099034</x6></dataPoint>
    </dataGroup>
</experiment>
