<experiment>
    <fileAuthor>Chemical Kinetics Laboratory, Institute of Chemistry, ELTE, Budapest, Hungary</fileAuthor>
    <fileDOI>10.24388/x20004192</fileDOI>
    <fileVersion>
        <major>1</major>
        <minor>0</minor>
    </fileVersion>
    <ReSpecThVersion>
        <major>2</major>
        <minor>3</minor>
    </ReSpecThVersion>
    <firstPublicationDate>2021-10-29</firstPublicationDate>
    <lastModificationDate>2021-10-29</lastModificationDate>
    <bibliographyLink>
        <description>M. ILBAS, A. CRAYFORD, I. YILMAZ, P. BOWEN, N. SYRED, International Journal of Hydrogen Energy 31 (2006), 1768--1779</description>
        <referenceDOI>10.1016/j.ijhydene.2005.12.007</referenceDOI>
        <location>Fig. 15 full triangle, main text</location>
        <figure>Fig. 15</figure>
        <details>
            <author>M ILBAS and A CRAYFORD and I YILMAZ and P BOWEN and N SYRED</author>
            <journal>International Journal of Hydrogen Energy</journal>
            <month>sep</month>
            <number>12</number>
            <pages>1768--1779</pages>
            <publisher>Elsevier {BV}</publisher>
            <title>Laminar-burning velocities of hydrogen{\textendash}air and hydrogen{\textendash}methane{\textendash}air mixtures: An experimental study</title>
            <volume>31</volume>
            <year>2006</year>
        </details>
    </bibliographyLink>
    <experimentType>laminar burning velocity measurement</experimentType>
    <apparatus>
        <kind>flame</kind>
        <mode>premixed</mode>
        <mode>laminar</mode>
    </apparatus>
    <commonProperties>
        <property name="pressure"     label="P"  sourcetype="reported"  units="bar" ><value>1</value></property>
        <property name="temperature"  label="T"  sourcetype="reported"  units="K"   ><value>298</value></property>
    </commonProperties>
    <dataGroup id="dg1">
        <property name="laminar burning velocity"      id="x1"   label="Sl"     sourcetype="digitized"  units="m/s"           />
        <property name="composition"                   id="x2"   label="[CH4]"  sourcetype="digitized"  units="mole fraction" >
            <speciesLink preferredKey="CH4"  CAS="74-82-8"    InChI="1S/CH4/h1H4"  SMILES="C"     chemName="methane"  />
        </property>
        <property name="composition"                   id="x3"   label="[O2]"   sourcetype="digitized"  units="mole fraction" >
            <speciesLink preferredKey="O2"   CAS="7782-44-7"  InChI="1S/O2/c1-2"   SMILES="O=O"   chemName="oxygen"   />
        </property>
        <property name="composition"                   id="x4"   label="[N2]"   sourcetype="digitized"  units="mole fraction" >
            <speciesLink preferredKey="N2"   CAS="7727-37-9"  InChI="1S/N2/c1-2"   SMILES="N#N"   chemName="nitrogen" />
        </property>
        <property name="composition"                   id="x5"   label="[H2]"   sourcetype="digitized"  units="mole fraction" >
            <speciesLink preferredKey="H2"   CAS="1333-74-0"  InChI="1S/H2/h1H"    SMILES="[HH]"  chemName="hydrogen" />
        </property>
        <property name="evaluated standard deviation"  id="x6"   sourcetype="estimated"  units="cm/s"           reference="laminar burning velocity"  kind="absolute"  method="combined from scatter and estimated uncertainty" />

        <dataPoint><x1>5.218300e-001</x1><x2>5.976472e-002</x2><x3>1.849728e-001</x3><x4>6.954978e-001</x4><x5>5.976472e-002</x5><x6>3.42331966297335</x6></dataPoint>
        <dataPoint><x1>6.471500e-001</x1><x2>6.571435e-002</x2><x3>1.824730e-001</x3><x4>6.860983e-001</x4><x5>6.571435e-002</x5><x6>3.92192960861105</x6></dataPoint>
        <dataPoint><x1>6.584500e-001</x1><x2>7.220405e-002</x2><x3>1.797462e-001</x3><x4>6.758457e-001</x4><x5>7.220405e-002</x5><x6>3.96867280774064</x6></dataPoint>
        <dataPoint><x1>6.759100e-001</x1><x2>7.782495e-002</x2><x3>1.773845e-001</x3><x4>6.669656e-001</x4><x5>7.782495e-002</x5> <x6>4.0413873849088</x6></dataPoint>
        <dataPoint><x1>6.759100e-001</x1><x2>8.396031e-002</x2><x3>1.748066e-001</x3><x4>6.572728e-001</x4><x5>8.396031e-002</x5> <x6>4.0413873849088</x6></dataPoint>
        <dataPoint><x1>5.105300e-001</x1><x2>9.508715e-002</x2><x3>1.701314e-001</x3><x4>6.396943e-001</x4><x5>9.508715e-002</x5><x6>3.38045497158297</x6></dataPoint>
    </dataGroup>
</experiment>
