<experiment>
    <fileAuthor>Chemical Kinetics Laboratory, Institute of Chemistry, ELTE, Budapest, Hungary</fileAuthor>
    <fileDOI>10.24388/x20004646</fileDOI>
    <fileVersion>
        <major>1</major>
        <minor>0</minor>
    </fileVersion>
    <ReSpecThVersion>
        <major>2</major>
        <minor>3</minor>
    </ReSpecThVersion>
    <firstPublicationDate>2021-10-29</firstPublicationDate>
    <lastModificationDate>2021-10-29</lastModificationDate>
    <bibliographyLink>
        <description>S. Wang, Z. Wang, Y. He, X. Han, Z. Sun, Y. Zhu, M. Costa, Fuel 259 (2020), 116152</description>
        <referenceDOI>10.1016/j.fuel.2019.116152</referenceDOI>
        <location>Main article + Supplementary</location>
        <table>Supplementary</table>
        <details>
            <author>Shixing Wang and Zhihua Wang and Yong He and Xinlu Han and Zhiwei Sun and Yanqun Zhu and Mario Costa</author>
            <journal>Fuel</journal>
            <month>jan</month>
            <pages>116152</pages>
            <publisher>Elsevier {BV}</publisher>
            <title>Laminar burning velocities of {CH}4/O2/N2 and oxygen-enriched {CH}4/O2/{CO}2 flames at elevated pressures measured using the heat flux method</title>
            <volume>259</volume>
            <year>2020</year>
        </details>
    </bibliographyLink>
    <experimentType>laminar burning velocity measurement</experimentType>
    <apparatus>
        <kind>flame</kind>
        <mode>premixed</mode>
        <mode>laminar</mode>
        <mode>HFM</mode>
    </apparatus>
    <commonProperties>
        <property name="temperature"  label="T"  sourcetype="reported"  units="K"   ><value>298</value></property>
        <property name="pressure"     label="p"  sourcetype="reported"  units="MPa" ><value>0.15</value></property>
    </commonProperties>
    <dataGroup id="dg1">
        <property name="laminar burning velocity"      id="x1"   label="Sl"     sourcetype="reported"    units="cm/s"          />
        <property name="composition"                   id="x2"   label="[CH4]"  sourcetype="calculated"  units="mole fraction" >
            <speciesLink preferredKey="CH4"  CAS="74-82-8"    InChI="1S/CH4/h1H4"    SMILES="C"        chemName="methane"        />
        </property>
        <property name="composition"                   id="x3"   label="[O2]"   sourcetype="calculated"  units="mole fraction" >
            <speciesLink preferredKey="O2"   CAS="7782-44-7"  InChI="1S/O2/c1-2"     SMILES="O=O"      chemName="oxygen"         />
        </property>
        <property name="composition"                   id="x4"   label="[CO2]"  sourcetype="calculated"  units="mole fraction" >
            <speciesLink preferredKey="CO2"  CAS="124-38-9"   InChI="1S/CO2/c2-1-3"  SMILES="C(=O)=O"  chemName="carbon dioxide" />
        </property>
        <property name="evaluated standard deviation"  id="x5"   sourcetype="estimated"   units="cm/s"           reference="laminar burning velocity"  kind="absolute"  method="combined from scatter and reported uncertainty" />

        <dataPoint><x1>21.87</x1><x2>0.111901</x2><x3>0.373002</x3><x4>0.515098</x4><x5>0.586956498515306</x5></dataPoint>
        <dataPoint><x1>28.71</x1><x2>0.128160</x2><x3>0.366173</x3><x4>0.505667</x4>  <x5>0.7019024143114</x5></dataPoint>
        <dataPoint><x1>36.03</x1><x2>0.143836</x2><x3>0.359589</x3><x4>0.496575</x4><x5>0.797615796040556</x5></dataPoint>
        <dataPoint><x1>40.37</x1><x2>0.158957</x2><x3>0.353238</x3><x4>0.487805</x4><x5>0.854952639372362</x5></dataPoint>
        <dataPoint><x1>43.43</x1><x2>0.173554</x2><x3>0.347107</x3><x4>0.479339</x4><x5>0.933847527824414</x5></dataPoint>
        <dataPoint><x1>43.89</x1><x2>0.187652</x2><x3>0.341186</x3><x4>0.471162</x4><x5>0.878016930144137</x5></dataPoint>
        <dataPoint><x1>41.97</x1><x2>0.201278</x2><x3>0.335463</x3><x4>0.463259</x4><x5>0.825290924880016</x5></dataPoint>
        <dataPoint><x1>38.08</x1><x2>0.214454</x2><x3>0.329929</x3><x4>0.455617</x4><x5>0.747215679167585</x5></dataPoint>
        <dataPoint><x1>32.16</x1><x2>0.227202</x2><x3>0.324575</x3><x4>0.448223</x4> <x5>0.67951014898743</x5></dataPoint>
        <dataPoint><x1>25.27</x1><x2>0.239544</x2><x3>0.319392</x3><x4>0.441065</x4><x5>0.579586351487541</x5></dataPoint>
        <dataPoint><x1>19.47</x1><x2>0.251497</x2><x3>0.314371</x3><x4>0.434132</x4><x5>0.519066671182197</x5></dataPoint>
    </dataGroup>
    <comment>CH4, O2, and CO2 mole fractions were calculated using the equivalence ration and O2/(O2+CO2) ratio. The reported uncertainty of laminar burning velocity was deleted from this version as the Optima++ could not revognize it, the version of the xml file including full info is available in CommonSpace.</comment>
</experiment>
