<experiment>
    <fileAuthor>Chemical Kinetics Laboratory, Institute of Chemistry, ELTE, Budapest, Hungary</fileAuthor>
    <fileDOI>10.24388/x20004229</fileDOI>
    <fileVersion>
        <major>1</major>
        <minor>0</minor>
    </fileVersion>
    <ReSpecThVersion>
        <major>2</major>
        <minor>3</minor>
    </ReSpecThVersion>
    <firstPublicationDate>2021-10-29</firstPublicationDate>
    <lastModificationDate>2021-10-29</lastModificationDate>
    <bibliographyLink>
        <description>G. Yu, C.K. Law, C.K. Wu, Combustion and Flame 63 (1986), 339--347</description>
        <referenceDOI>10.1016/0010-2180(86)90003-9</referenceDOI>
        <location>Fig. 6 open circle RH=0.40</location>
        <figure>Fig. 6</figure>
        <details>
            <author>G. Yu and C.K. Law and C.K. Wu</author>
            <journal>Combustion and Flame</journal>
            <month>mar</month>
            <number>3</number>
            <pages>339--347</pages>
            <publisher>Elsevier {BV}</publisher>
            <title>Laminar flame speeds of hydrocarbon $\mathplus$ air mixtures with hydrogen addition</title>
            <volume>63</volume>
            <year>1986</year>
        </details>
    </bibliographyLink>
    <experimentType>laminar burning velocity measurement</experimentType>
    <apparatus>
        <kind>flame</kind>
        <mode>premixed</mode>
        <mode>laminar</mode>
    </apparatus>
    <commonProperties>
        <property name="pressure"                      label="P"  sourcetype="estimated"  units="atm"  ><value>1</value></property>
        <property name="temperature"                   label="T"  sourcetype="estimated"  units="K"    ><value>298</value></property>
        <property name="evaluated standard deviation"  sourcetype="estimated"  units="cm/s"  reference="laminar burning velocity"  kind="absolute"  method="combined from scatter and estimated uncertainty" ><value>1.46759707988944</value></property>
    </commonProperties>
    <dataGroup id="dg1">
        <property name="laminar burning velocity"  id="x1"   label="Sl"     sourcetype="digitized"  units="cm/s"          />
        <property name="composition"               id="x2"   label="[CH4]"  sourcetype="digitized"  units="mole fraction" >
            <speciesLink preferredKey="CH4"  CAS="74-82-8"    InChI="1S/CH4/h1H4"  SMILES="C"     chemName="methane"  />
        </property>
        <property name="composition"               id="x3"   label="[O2]"   sourcetype="digitized"  units="mole fraction" >
            <speciesLink preferredKey="O2"   CAS="7782-44-7"  InChI="1S/O2/c1-2"   SMILES="O=O"   chemName="oxygen"   />
        </property>
        <property name="composition"               id="x4"   label="[N2]"   sourcetype="digitized"  units="mole fraction" >
            <speciesLink preferredKey="N2"   CAS="7727-37-9"  InChI="1S/N2/c1-2"   SMILES="N#N"   chemName="nitrogen" />
        </property>
        <property name="composition"               id="x5"   label="[H2]"   sourcetype="digitized"  units="mole fraction" >
            <speciesLink preferredKey="H2"   CAS="1333-74-0"  InChI="1S/H2/h1H"    SMILES="[HH]"  chemName="hydrogen" />
        </property>

        <dataPoint><x1>3.638089e+001</x1><x2>3.613280e-002</x2><x3>1.847252e-001</x3><x4>6.949187e-001</x4><x5>8.422325e-002</x5></dataPoint>
        <dataPoint><x1>4.615213e+001</x1><x2>4.351570e-002</x2><x3>1.831748e-001</x3><x4>6.890862e-001</x4><x5>8.422325e-002</x5></dataPoint>
        <dataPoint><x1>5.221621e+001</x1><x2>4.940165e-002</x2><x3>1.819388e-001</x3><x4>6.844363e-001</x4><x5>8.422325e-002</x5></dataPoint>
        <dataPoint><x1>5.886269e+001</x1><x2>5.517371e-002</x2><x3>1.807266e-001</x3><x4>6.798764e-001</x4><x5>8.422325e-002</x5></dataPoint>
        <dataPoint><x1>6.916455e+001</x1><x2>6.224061e-002</x2><x3>1.792426e-001</x3><x4>6.742936e-001</x4><x5>8.422325e-002</x5></dataPoint>
        <dataPoint><x1>7.292151e+001</x1><x2>6.809681e-002</x2><x3>1.780128e-001</x3><x4>6.696672e-001</x4><x5>8.422325e-002</x5></dataPoint>
        <dataPoint><x1>7.353859e+001</x1><x2>7.390422e-002</x2><x3>1.767932e-001</x3><x4>6.650793e-001</x4><x5>8.422325e-002</x5></dataPoint>
        <dataPoint><x1>6.949312e+001</x1><x2>7.997627e-002</x2><x3>1.755181e-001</x3><x4>6.602824e-001</x4><x5>8.422325e-002</x5></dataPoint>
        <dataPoint><x1>6.286567e+001</x1><x2>8.590756e-002</x2><x3>1.742725e-001</x3><x4>6.555967e-001</x4><x5>8.422325e-002</x5></dataPoint>
        <dataPoint><x1>5.408318e+001</x1><x2>8.991075e-002</x2><x3>1.734319e-001</x3><x4>6.524341e-001</x4><x5>8.422325e-002</x5></dataPoint>
    </dataGroup>
</experiment>
