<experiment>
    <fileAuthor>Chemical Kinetics Laboratory, Institute of Chemistry, ELTE, Budapest, Hungary</fileAuthor>
    <fileDOI>10.24388/x20004438</fileDOI>
    <fileVersion>
        <major>1</major>
        <minor>0</minor>
    </fileVersion>
    <ReSpecThVersion>
        <major>2</major>
        <minor>3</minor>
    </ReSpecThVersion>
    <firstPublicationDate>2021-10-29</firstPublicationDate>
    <lastModificationDate>2021-10-29</lastModificationDate>
    <bibliographyLink>
        <description>A.A. Konnov, G.P. {\'{A}}lvarez, I.V. Rybitskaya, J.D. Ruyck, Combustion Science and Technology 181 (2008), 117--135</description>
        <referenceDOI>10.1080/00102200802380173</referenceDOI>
        <location>Main article</location>
        <figure>Fig. 3., open square</figure>
        <details>
            <author>A. A. Konnov and G. Puig {\'{A}}lvarez and I. V. Rybitskaya and J. De Ruyck</author>
            <journal>Combustion Science and Technology</journal>
            <month>dec</month>
            <number>1</number>
            <pages>117--135</pages>
            <publisher>Informa {UK} Limited</publisher>
            <title>The Effects of Enrichment by Carbon Monoxide on Adiabatic Burning Velocity and Nitric Oxide Formation in Methane Flames</title>
            <volume>181</volume>
            <year>2008</year>
        </details>
    </bibliographyLink>
    <experimentType>laminar burning velocity measurement</experimentType>
    <apparatus>
        <kind>flame</kind>
        <mode>premixed</mode>
        <mode>laminar</mode>
    </apparatus>
    <commonProperties>
        <property name="pressure"                      label="P"  sourcetype="reported"   units="atm"  ><value>1</value></property>
        <property name="temperature"                   label="T"  sourcetype="reported"   units="K"    ><value>298</value></property>
        <property name="evaluated standard deviation"  sourcetype="estimated"  units="cm/s"  reference="laminar burning velocity"  kind="absolute"  method="combined from scatter and reported uncertainty" ><value>0.560776504589841</value></property>
    </commonProperties>
    <dataGroup id="dg1">
        <property name="laminar burning velocity"  id="x1"   label="Sl"     sourcetype="digitized"   units="cm/s"          />
        <property name="composition"               id="x2"   label="[CH4]"  sourcetype="calculated"  units="mole fraction" >
            <speciesLink preferredKey="CH4"  CAS="74-82-8"    InChI="1S/CH4/h1H4"  SMILES="C"    chemName="methane"  />
        </property>
        <property name="composition"               id="x3"   label="[O2]"   sourcetype="calculated"  units="mole fraction" >
            <speciesLink preferredKey="O2"   CAS="7782-44-7"  InChI="1S/O2/c1-2"   SMILES="O=O"  chemName="oxygen"   />
        </property>
        <property name="composition"               id="x4"   label="[N2]"   sourcetype="calculated"  units="mole fraction" >
            <speciesLink preferredKey="N2"   CAS="7727-37-9"  InChI="1S/N2/c1-2"   SMILES="N#N"  chemName="nitrogen" />
        </property>

        <dataPoint><x1>9.984850e+000</x1><x2>6.236936e-002</x2><x3>1.781498e-001</x3><x4>7.594808e-001</x4></dataPoint>
        <dataPoint><x1>1.368341e+001</x1><x2>6.646141e-002</x2><x3>1.773723e-001</x3><x4>7.561663e-001</x4></dataPoint>
        <dataPoint><x1>1.728099e+001</x1><x2>7.067053e-002</x2><x3>1.765726e-001</x3><x4>7.527569e-001</x4></dataPoint>
        <dataPoint><x1>2.037364e+001</x1><x2>7.469304e-002</x2><x3>1.758083e-001</x3><x4>7.494986e-001</x4></dataPoint>
        <dataPoint><x1>2.294875e+001</x1><x2>7.868169e-002</x2><x3>1.750505e-001</x3><x4>7.462678e-001</x4></dataPoint>
        <dataPoint><x1>2.530927e+001</x1><x2>8.278557e-002</x2><x3>1.742707e-001</x3><x4>7.429437e-001</x4></dataPoint>
        <dataPoint><x1>2.706387e+001</x1><x2>8.685543e-002</x2><x3>1.734975e-001</x3><x4>7.396471e-001</x4></dataPoint>
        <dataPoint><x1>2.808634e+001</x1><x2>9.059795e-002</x2><x3>1.727864e-001</x3><x4>7.366157e-001</x4></dataPoint>
        <dataPoint><x1>2.828831e+001</x1><x2>9.445873e-002</x2><x3>1.720528e-001</x3><x4>7.334884e-001</x4></dataPoint>
        <dataPoint><x1>2.756880e+001</x1><x2>9.843206e-002</x2><x3>1.712979e-001</x3><x4>7.302700e-001</x4></dataPoint>
        <dataPoint><x1>2.582681e+001</x1><x2>1.022321e-001</x2><x3>1.705759e-001</x3><x4>7.271920e-001</x4></dataPoint>
        <dataPoint><x1>2.325170e+001</x1><x2>1.060018e-001</x2><x3>1.698597e-001</x3><x4>7.241386e-001</x4></dataPoint>
        <dataPoint><x1>2.005807e+001</x1><x2>1.098822e-001</x2><x3>1.691224e-001</x3><x4>7.209954e-001</x4></dataPoint>
        <dataPoint><x1>1.646049e+001</x1><x2>1.137298e-001</x2><x3>1.683913e-001</x3><x4>7.178788e-001</x4></dataPoint>
        <dataPoint><x1>1.338046e+001</x1><x2>1.174060e-001</x2><x3>1.676929e-001</x3><x4>7.149012e-001</x4></dataPoint>
    </dataGroup>
</experiment>
