<experiment>
    <fileAuthor>Chemical Kinetics Laboratory, Institute of Chemistry, ELTE, Budapest, Hungary</fileAuthor>
    <fileDOI>10.24388/x20004422</fileDOI>
    <fileVersion>
        <major>1</major>
        <minor>0</minor>
    </fileVersion>
    <ReSpecThVersion>
        <major>2</major>
        <minor>3</minor>
    </ReSpecThVersion>
    <firstPublicationDate>2021-10-29</firstPublicationDate>
    <lastModificationDate>2021-10-29</lastModificationDate>
    <bibliographyLink>
        <description>K.J. BOSSCHAART, L.P.H. GOEY, Combustion Science and Technology 176 (2004), 1537--1564</description>
        <referenceDOI>10.1080/00102200490473738</referenceDOI>
        <location>Main article</location>
        <figure>Fig.9., open triangle</figure>
        <details>
            <author>K. J. BOSSCHAART and L. P. H. GOEY</author>
            <journal>Combustion Science and Technology</journal>
            <month>sep</month>
            <number>9</number>
            <pages>1537--1564</pages>
            <publisher>Informa {UK} Limited</publisher>
            <title>EXTENSION} {OF} {THE} {HEAT} {FLUX} {METHOD} {TO} {SUBATMOSPHERIC} {PRESSURES</title>
            <volume>176</volume>
            <year>2004</year>
        </details>
    </bibliographyLink>
    <experimentType>laminar burning velocity measurement</experimentType>
    <apparatus>
        <kind>flame</kind>
        <mode>premixed</mode>
        <mode>laminar</mode>
    </apparatus>
    <commonProperties>
        <property name="temperature"          label="T"  sourcetype="reported"    units="K"             ><value>295</value></property>
        <property name="initial composition"  sourcetype="calculated" >
            <component><speciesLink preferredKey="CH4"  CAS="74-82-8"    InChI="1S/CH4/h1H4"  SMILES="C"    chemName="methane"  /><amount units="mole fraction" >0.095890</amount></component>
            <component><speciesLink preferredKey="O2"   CAS="7782-44-7"  InChI="1S/O2/c1-2"   SMILES="O=O"  chemName="oxygen"   /><amount units="mole fraction" >0.19178</amount></component>
            <component><speciesLink preferredKey="N2"   CAS="7727-37-9"  InChI="1S/N2/c1-2"   SMILES="N#N"  chemName="nitrogen" /><amount units="mole fraction" >0.71233</amount></component>
        </property>
    </commonProperties>
    <dataGroup id="dg1">
        <property name="pressure"                      id="x1"   label="P"   sourcetype="digitized"  units="mbar" />
        <property name="laminar burning velocity"      id="x2"   label="Sl"  sourcetype="digitized"  units="cm/s" />
        <property name="evaluated standard deviation"  id="x3"   sourcetype="estimated"  units="cm/s"  reference="laminar burning velocity"  kind="absolute"  method="combined from scatter and reported uncertainty" />

        <dataPoint><x1>1.488218e+002</x1><x2>5.049377e+001</x2><x3>0.529034972591605</x3></dataPoint>
        <dataPoint><x1>1.597178e+002</x1><x2>5.063342e+001</x2><x3>0.528986261376418</x3></dataPoint>
        <dataPoint><x1>1.784687e+002</x1><x2>5.106110e+001</x2><x3>0.528986261376418</x3></dataPoint>
        <dataPoint><x1>2.002413e+002</x1><x2>5.113092e+001</x2> <x3>0.55083201134738</x3></dataPoint>
    </dataGroup>
</experiment>
