<experiment>
    <fileAuthor>Chemical Kinetics Laboratory, Institute of Chemistry, ELTE, Budapest, Hungary</fileAuthor>
    <fileDOI>10.24388/x20004548</fileDOI>
    <fileVersion>
        <major>1</major>
        <minor>0</minor>
    </fileVersion>
    <ReSpecThVersion>
        <major>2</major>
        <minor>3</minor>
    </ReSpecThVersion>
    <firstPublicationDate>2021-10-29</firstPublicationDate>
    <lastModificationDate>2021-10-29</lastModificationDate>
    <bibliographyLink>
        <description>H.O.B. Nonaka, F.M. Pereira, Fuel 182 (2016), 382--390</description>
        <referenceDOI>10.1016/j.fuel.2016.05.098</referenceDOI>
        <location>Main article, main text, Fig. 6. X(CO2)=0.5, black circle</location>
        <table>Table 2</table>
        <figure>Fig. 6. X(CO2)=0.5, black circle, Fig. 7. (not used)</figure>
        <details>
            <author>Nonaka, H O B and Pereira, F M</author>
            <journal>Fuel</journal>
            <pages>382--390</pages>
            <title>Experimental and numerical study of CO$_{2}$ content effects on the laminar burning velocity of biogas</title>
            <volume>182</volume>
            <year>2016</year>
        </details>
    </bibliographyLink>
    <experimentType>laminar burning velocity measurement</experimentType>
    <apparatus>
        <kind>flame</kind>
        <mode>premixed</mode>
        <mode>laminar</mode>
        <mode>HFM</mode>
    </apparatus>
    <commonProperties>
        <property name="temperature"  label="T"  sourcetype="reported"  units="K"   ><value>298</value></property>
        <property name="pressure"     label="p"  sourcetype="reported"  units="atm" ><value>1</value></property>
    </commonProperties>
    <dataGroup id="dg1">
        <property name="equivalence ratio"             id="x1"   label="phi"    sourcetype="digitized"  units="unitless"      />
        <property name="laminar burning velocity"      id="x2"   label="Sl"     sourcetype="digitized"  units="cm/s"          />
        <property name="uncertainty"                   id="x3"   label="d_Sl"   sourcetype="digitized"  units="cm/s"           reference="laminar burning velocity"  kind="absolute"  bound="plus"  />
        <property name="uncertainty"                   id="x4"   label="d_Sl"   sourcetype="digitized"  units="cm/s"           reference="laminar burning velocity"  kind="absolute"  bound="minus" />
        <property name="composition"                   id="x5"   label="[CH4]"  sourcetype="estimated"  units="mole fraction" >
            <speciesLink preferredKey="CH4"  CAS="74-82-8"    InChI="1S/CH4/h1H4"    SMILES="C"        chemName="methane"        />
        </property>
        <property name="composition"                   id="x6"   label="[O2]"   sourcetype="estimated"  units="mole fraction" >
            <speciesLink preferredKey="O2"   CAS="7782-44-7"  InChI="1S/O2/c1-2"     SMILES="O=O"      chemName="oxygen"         />
        </property>
        <property name="composition"                   id="x7"   label="[N2]"   sourcetype="estimated"  units="mole fraction" >
            <speciesLink preferredKey="N2"   CAS="7727-37-9"  InChI="1S/N2/c1-2"     SMILES="N#N"      chemName="nitrogen"       />
        </property>
        <property name="composition"                   id="x8"   label="[CO2]"  sourcetype="reported"   units="mole fraction" >
            <speciesLink preferredKey="CO2"  CAS="124-38-9"   InChI="1S/CO2/c2-1-3"  SMILES="C(=O)=O"  chemName="carbon dioxide" />
        </property>
        <property name="evaluated standard deviation"  id="x9"   sourcetype="estimated"  units="cm/s"           reference="laminar burning velocity"  kind="absolute"  method="combined from scatter and reported uncertainty" />

        <dataPoint><x1>0.800599</x1><x2>11.9311</x2><x3>3.4447</x3><x4>1.9311</x4><x5>0.071964</x5><x6>0.179775</x6><x7>0.676297</x7><x8>0.071964</x8><x9>1.72239575970101</x9></dataPoint>
        <dataPoint><x1>0.901198</x1><x2>16.0543</x2><x3>2.7662</x3><x4>2.8184</x4><x5>0.079568</x5><x6>0.176582</x6><x7>0.664283</x7><x8>0.079568</x8><x9>1.40925592797618</x9></dataPoint>
        <dataPoint>  <x1>1.0018</x1><x2>17.7766</x2><x3>2.3487</x3> <x4>2.453</x4><x5>0.086906</x5><x6>0.173500</x6><x7>0.652688</x7><x8>0.086906</x8><x9>1.22656425862488</x9></dataPoint>
        <dataPoint>  <x1>1.1024</x1><x2>17.0981</x2><x3>2.5574</x3><x4>2.6618</x4><x5>0.093992</x5><x6>0.170523</x6><x7>0.641492</x7><x8>0.093992</x8><x9>1.33095921820919</x9></dataPoint>
        <dataPoint> <x1>1.20299</x1><x2>13.9666</x2> <x3>2.714</x3><x4>2.8184</x4><x5>0.100839</x5><x6>0.167648</x6><x7>0.630674</x7><x8>0.100839</x8><x9>1.40925592797618</x9></dataPoint>
    </dataGroup>
    <comment>CH4, CO2, O2 and N2 mole fractions were estimated using phi, CO2 volume%, O2:N2 volume ratio in air.</comment>
</experiment>
