<experiment>
    <fileAuthor>Chemical Kinetics Laboratory, Institute of Chemistry, ELTE, Budapest, Hungary</fileAuthor>
    <fileDOI>10.24388/x20004430</fileDOI>
    <fileVersion>
        <major>1</major>
        <minor>0</minor>
    </fileVersion>
    <ReSpecThVersion>
        <major>2</major>
        <minor>3</minor>
    </ReSpecThVersion>
    <firstPublicationDate>2021-10-29</firstPublicationDate>
    <lastModificationDate>2021-10-29</lastModificationDate>
    <bibliographyLink>
        <description>M.M. Sentko, C. Weis, S.R. Harth, P. Habisreuther, N. Zarzalis, D. Trimis, Proceedings of the European Combustion Meeting 2015 (2015), 1-6</description>
        <location>Main article</location>
        <figure>Fig.5., full blue square</figure>
        <details>
            <author>Sentko, M. M. and Weis, C. and Harth, S. R. and Habisreuther, P. and Zarzalis, N. and Trimis, D.</author>
            <journal>Proceedings of the European Combustion Meeting 2015</journal>
            <pages>1-6</pages>
            <title>Temperature Dependency of the Laminar Burning Velocity of Fuel-Rich Methane Oxygen Measurements</title>
            <year>2015</year>
        </details>
    </bibliographyLink>
    <experimentType>laminar burning velocity measurement</experimentType>
    <apparatus>
        <kind>flame</kind>
        <mode>premixed</mode>
        <mode>laminar</mode>
    </apparatus>
    <commonProperties>
        <property name="pressure"                      label="P"  sourcetype="reported"   units="atm"  ><value>1</value></property>
        <property name="temperature"                   label="T"  sourcetype="reported"   units="K"    ><value>367</value></property>
        <property name="evaluated standard deviation"  sourcetype="estimated"  units="cm/s"  reference="laminar burning velocity"  kind="absolute"  method="generic uncertainty" ><value>0.5</value></property>
    </commonProperties>
    <dataGroup id="dg1">
        <property name="laminar burning velocity"  id="x1"   label="Sl"     sourcetype="digitized"   units="cm/s"          />
        <property name="composition"               id="x2"   label="[CH4]"  sourcetype="calculated"  units="mole fraction" >
            <speciesLink preferredKey="CH4"  CAS="74-82-8"    InChI="1S/CH4/h1H4"  SMILES="C"    chemName="methane" />
        </property>
        <property name="composition"               id="x3"   label="[O2]"   sourcetype="calculated"  units="mole fraction" >
            <speciesLink preferredKey="O2"   CAS="7782-44-7"  InChI="1S/O2/c1-2"   SMILES="O=O"  chemName="oxygen"  />
        </property>

        <dataPoint><x1>3.695389e+001</x1><x2>5.552581e-001</x2><x3>4.447419e-001</x3></dataPoint>
        <dataPoint><x1>3.223308e+001</x1><x2>5.617466e-001</x2><x3>4.382534e-001</x3></dataPoint>
        <dataPoint><x1>2.696210e+001</x1><x2>5.680513e-001</x2><x3>4.319486e-001</x3></dataPoint>
        <dataPoint><x1>2.326648e+001</x1><x2>5.747368e-001</x2><x3>4.252632e-001</x3></dataPoint>
        <dataPoint><x1>2.003470e+001</x1><x2>5.811957e-001</x2><x3>4.188043e-001</x3></dataPoint>
        <dataPoint><x1>1.707314e+001</x1><x2>5.881765e-001</x2><x3>4.118235e-001</x3></dataPoint>
        <dataPoint><x1>1.475893e+001</x1><x2>5.950843e-001</x2><x3>4.049157e-001</x3></dataPoint>
        <dataPoint><x1>1.235883e+001</x1><x2>6.022797e-001</x2><x3>3.977203e-001</x3></dataPoint>
    </dataGroup>
</experiment>
