<experiment>
    <fileAuthor>Chemical Kinetics Laboratory, Institute of Chemistry, ELTE, Budapest, Hungary</fileAuthor>
    <fileDOI>10.24388/x20004067</fileDOI>
    <fileVersion>
        <major>1</major>
        <minor>0</minor>
    </fileVersion>
    <ReSpecThVersion>
        <major>2</major>
        <minor>3</minor>
    </ReSpecThVersion>
    <firstPublicationDate>2021-10-29</firstPublicationDate>
    <lastModificationDate>2021-10-29</lastModificationDate>
    <bibliographyLink>
        <description>B. Yan, Y. Wu, C. Liu, J.F. Yu, B. Li, Z.S. Li, G. Chen, X.S. Bai, M. Ald{\'{e}}n, A.A. Konnov, International Journal of Hydrogen Energy 36 (2011), 3769--3777</description>
        <referenceDOI>10.1016/j.ijhydene.2010.12.015</referenceDOI>
        <location>Main article, Fig. 8, full triangle</location>
        <figure>Figure 8</figure>
        <details>
            <author>B. Yan and Y. Wu and C. Liu and J.F. Yu and B. Li and Z.S. Li and G. Chen and X.S. Bai and M. Ald{\'{e}}n and A.A. Konnov</author>
            <journal>International Journal of Hydrogen Energy</journal>
            <month>mar</month>
            <number>5</number>
            <pages>3769--3777</pages>
            <publisher>Elsevier {BV}</publisher>
            <title>Experimental and modeling study of laminar burning velocity of biomass derived gases/air mixtures</title>
            <volume>36</volume>
            <year>2011</year>
        </details>
    </bibliographyLink>
    <experimentType>laminar burning velocity measurement</experimentType>
    <apparatus>
        <kind>flame</kind>
        <mode>premixed</mode>
        <mode>laminar</mode>
    </apparatus>
    <commonProperties>
        <property name="pressure"                      label="P"  sourcetype="reported"   units="atm"  ><value>1</value></property>
        <property name="temperature"                   label="T"  sourcetype="reported"   units="K"    ><value>318</value></property>
        <property name="evaluated standard deviation"  sourcetype="estimated"  units="cm/s"  reference="laminar burning velocity"  kind="absolute"  method="combined from scatter and reported uncertainty" ><value>1.11403638720466</value></property>
    </commonProperties>
    <dataGroup id="dg1">
        <property name="laminar burning velocity"  id="x1"   label="Sl"     sourcetype="digitized"  units="m/s"           />
        <property name="composition"               id="x2"   label="[CH4]"  sourcetype="digitized"  units="mole fraction" >
            <speciesLink preferredKey="CH4"  CAS="74-82-8"    InChI="1S/CH4/h1H4"  SMILES="C"    chemName="methane"  />
        </property>
        <property name="composition"               id="x3"   label="[O2]"   sourcetype="digitized"  units="mole fraction" >
            <speciesLink preferredKey="O2"   CAS="7782-44-7"  InChI="1S/O2/c1-2"   SMILES="O=O"  chemName="oxygen"   />
        </property>
        <property name="composition"               id="x4"   label="[N2]"   sourcetype="digitized"  units="mole fraction" >
            <speciesLink preferredKey="N2"   CAS="7727-37-9"  InChI="1S/N2/c1-2"   SMILES="N#N"  chemName="nitrogen" />
        </property>

        <dataPoint><x1>1.429000e-001</x1><x2>6.466124e-002</x2><x3>1.984052e-001</x3><x4>7.369336e-001</x4></dataPoint>
        <dataPoint><x1>1.940700e-001</x1><x2>6.911326e-002</x2><x3>1.974608e-001</x3><x4>7.334259e-001</x4></dataPoint>
        <dataPoint><x1>2.933600e-001</x1><x2>7.831862e-002</x2><x3>1.955082e-001</x3><x4>7.261732e-001</x4></dataPoint>
        <dataPoint><x1>3.325900e-001</x1><x2>8.277217e-002</x2><x3>1.945635e-001</x3><x4>7.226644e-001</x4></dataPoint>
        <dataPoint><x1>3.663500e-001</x1><x2>8.718200e-002</x2><x3>1.936281e-001</x3><x4>7.191899e-001</x4></dataPoint>
        <dataPoint><x1>4.001100e-001</x1><x2>9.154964e-002</x2><x3>1.927016e-001</x3><x4>7.157488e-001</x4></dataPoint>
        <dataPoint><x1>4.197000e-001</x1><x2>9.602824e-002</x2><x3>1.917516e-001</x3><x4>7.122202e-001</x4></dataPoint>
        <dataPoint><x1>4.251300e-001</x1><x2>1.003067e-001</x2><x3>1.908440e-001</x3><x4>7.088493e-001</x4></dataPoint>
        <dataPoint><x1>4.230700e-001</x1><x2>1.045448e-001</x2><x3>1.899450e-001</x3><x4>7.055102e-001</x4></dataPoint>
        <dataPoint><x1>4.044200e-001</x1><x2>1.087398e-001</x2><x3>1.890552e-001</x3><x4>7.022050e-001</x4></dataPoint>
        <dataPoint><x1>3.728100e-001</x1><x2>1.130426e-001</x2><x3>1.881425e-001</x3><x4>6.988149e-001</x4></dataPoint>
        <dataPoint><x1>2.766100e-001</x1><x2>1.212275e-001</x2><x3>1.864063e-001</x3><x4>6.923662e-001</x4></dataPoint>
        <dataPoint><x1>1.870800e-001</x1><x2>1.292884e-001</x2><x3>1.846964e-001</x3><x4>6.860152e-001</x4></dataPoint>
        <dataPoint><x1>1.455600e-001</x1><x2>1.333700e-001</x2><x3>1.838306e-001</x3><x4>6.827994e-001</x4></dataPoint>
    </dataGroup>
</experiment>
