<experiment>
    <fileAuthor>Chemical Kinetics Laboratory, Institute of Chemistry, ELTE, Budapest, Hungary</fileAuthor>
    <fileDOI>10.24388/x20004531</fileDOI>
    <fileVersion>
        <major>1</major>
        <minor>0</minor>
    </fileVersion>
    <ReSpecThVersion>
        <major>2</major>
        <minor>3</minor>
    </ReSpecThVersion>
    <firstPublicationDate>2021-10-29</firstPublicationDate>
    <lastModificationDate>2021-10-29</lastModificationDate>
    <bibliographyLink>
        <description>E.J.K. Nilsson, S.A. van, J. Larfeldt, A.A. Konnov, Fuel 189 (2017), 369--376</description>
        <referenceDOI>10.1016/j.fuel.2016.10.103</referenceDOI>
        <location>Supplementary material, Table S5.</location>
        <table>Table S5. Laminar burning velocity for methane/air flames with hydrogen addition at 298 K. Columnn: 50% H2.</table>
        <figure>Main article, Fig. 5., blue diamond (not used); Supplementary material, Fig. S2.a, blue diamond (not used)</figure>
        <details>
            <author>Nilsson, Elna J K and van Sprang, Astrid and Larfeldt, Jenny and Konnov, Alexander A</author>
            <journal>Fuel</journal>
            <pages>369--376</pages>
            <title>The comparative and combined effects of hydrogen addition on the laminar burning velocities of methane and its blends with ethane and propane</title>
            <volume>189</volume>
            <year>2017</year>
        </details>
    </bibliographyLink>
    <experimentType>laminar burning velocity measurement</experimentType>
    <apparatus>
        <kind>flame</kind>
        <mode>premixed</mode>
        <mode>laminar</mode>
        <mode>HFM</mode>
    </apparatus>
    <commonProperties>
        <property name="temperature"  label="T"  sourcetype="reported"  units="K"   ><value>298</value></property>
        <property name="pressure"     label="p"  sourcetype="reported"  units="atm" ><value>1</value></property>
    </commonProperties>
    <dataGroup id="dg1">
        <property name="equivalence ratio"             id="x1"   label="phi"    sourcetype="reported"    units="unitless"      />
        <property name="uncertainty"                   id="x2"   label="d_phi"  sourcetype="reported"    units="unitless"       reference="equivalence ratio"         kind="absolute"  bound="plusminus" />
        <property name="laminar burning velocity"      id="x3"   label="Sl"     sourcetype="reported"    units="cm/s"          />
        <property name="uncertainty"                   id="x4"   label="d_Sl"   sourcetype="reported"    units="cm/s"           reference="laminar burning velocity"  kind="absolute"  bound="plusminus" />
        <property name="composition"                   id="x5"   label="[CH4]"  sourcetype="calculated"  units="mole fraction" >
            <speciesLink preferredKey="CH4"  CAS="74-82-8"    InChI="1S/CH4/h1H4"  SMILES="C"     chemName="methane"  />
        </property>
        <property name="composition"                   id="x6"   label="[H2]"   sourcetype="reported"    units="mole fraction" >
            <speciesLink preferredKey="H2"   CAS="1333-74-0"  InChI="1S/H2/h1H"    SMILES="[HH]"  chemName="hydrogen" />
        </property>
        <property name="composition"                   id="x7"   label="[O2]"   sourcetype="calculated"  units="mole fraction" >
            <speciesLink preferredKey="O2"   CAS="7782-44-7"  InChI="1S/O2/c1-2"   SMILES="O=O"   chemName="oxygen"   />
        </property>
        <property name="composition"                   id="x8"   label="[N2]"   sourcetype="calculated"  units="mole fraction" >
            <speciesLink preferredKey="N2"   CAS="7727-37-9"  InChI="1S/N2/c1-2"   SMILES="N#N"   chemName="nitrogen" />
        </property>
        <property name="evaluated standard deviation"  id="x9"   sourcetype="estimated"   units="cm/s"           reference="laminar burning velocity"  kind="absolute"  method="combined from scatter and reported uncertainty" />

        <dataPoint><x1>0.70</x1><x2>0.01</x2><x3>28.64</x3><x4>1.21</x4><x5>0.052613</x5><x6>0.052613</x6><x7>0.187903</x7><x8>0.706872</x8><x9>1.54193758761501</x9></dataPoint>
        <dataPoint><x1>0.80</x1><x2>0.01</x2><x3>40.36</x3><x4>0.85</x4><x5>0.059238</x5><x6>0.059238</x6><x7>0.185120</x7><x8>0.696403</x8><x9>1.48059836691116</x9></dataPoint>
        <dataPoint><x1>0.90</x1><x2>0.01</x2><x3>49.75</x3><x4>0.83</x4><x5>0.065671</x5><x6>0.065671</x6><x7>0.182418</x7><x8>0.686240</x8><x9>1.47775895331411</x9></dataPoint>
        <dataPoint><x1>1.00</x1><x2>0.01</x2><x3>56.76</x3><x4>0.77</x4><x5>0.071918</x5><x6>0.071918</x6><x7>0.179795</x7><x8>0.676370</x8><x9>1.46961611453468</x9></dataPoint>
        <dataPoint><x1>1.10</x1><x2>0.01</x2><x3>60.82</x3><x4>0.93</x4><x5>0.077988</x5><x6>0.077988</x6><x7>0.177245</x7><x8>0.666779</x8><x9>1.49257211688414</x9></dataPoint>
        <dataPoint><x1>1.20</x1><x2>0.02</x2><x3>60.44</x3><x4>0.99</x4><x5>0.083888</x5><x6>0.083888</x6><x7>0.174767</x7><x8>0.657457</x8><x9>1.50218891092299</x9></dataPoint>
        <dataPoint><x1>1.30</x1><x2>0.02</x2><x3>53.12</x3><x4>1.26</x4><x5>0.089626</x5><x6>0.089626</x6><x7>0.172357</x7><x8>0.648391</x8><x9>1.55191704807312</x9></dataPoint>
        <dataPoint><x1>1.40</x1><x2>0.02</x2><x3>38.49</x3><x4>1.60</x4><x5>0.095207</x5><x6>0.095207</x6><x7>0.170013</x7><x8>0.639573</x8><x9>1.62835700142813</x9></dataPoint>
        <dataPoint><x1>1.50</x1><x2>0.02</x2><x3>23.79</x3><x4>1.82</x4><x5>0.100639</x5><x6>0.100639</x6><x7>0.167732</x7><x8>0.630990</x8><x9>1.68512507669312</x9></dataPoint>
    </dataGroup>
    <comment>Atmospheric pressure reported. CH4, O2 and N2 mole fractions were estimated using phi, O2 and N2 volume ratio.</comment>
</experiment>
