<experiment>
    <fileAuthor>Chemical Kinetics Laboratory, Institute of Chemistry, ELTE, Budapest, Hungary</fileAuthor>
    <fileDOI>10.24388/x20004176</fileDOI>
    <fileVersion>
        <major>1</major>
        <minor>0</minor>
    </fileVersion>
    <ReSpecThVersion>
        <major>2</major>
        <minor>3</minor>
    </ReSpecThVersion>
    <firstPublicationDate>2021-10-29</firstPublicationDate>
    <lastModificationDate>2021-10-29</lastModificationDate>
    <bibliographyLink>
        <description>P. Han, M.D. Checkel, B.A. Fleck, N.L. Nowicki, Fuel 86 (2007), 585--596</description>
        <referenceDOI>10.1016/j.fuel.2006.08.011</referenceDOI>
        <location>Main article, Fig. 6, open circle</location>
        <figure>Figure 6</figure>
        <details>
            <author>Panfeng Han and M. David Checkel and Brian A. Fleck and Natalie L. Nowicki</author>
            <journal>Fuel</journal>
            <month>mar</month>
            <number>4</number>
            <pages>585--596</pages>
            <publisher>Elsevier {BV}</publisher>
            <title>Burning velocity of methane/diluent mixture with reformer gas addition</title>
            <volume>86</volume>
            <year>2007</year>
        </details>
    </bibliographyLink>
    <experimentType>laminar burning velocity measurement</experimentType>
    <apparatus>
        <kind>flame</kind>
        <mode>premixed</mode>
        <mode>laminar</mode>
    </apparatus>
    <commonProperties>
        <property name="temperature"          label="T"  sourcetype="reported"    units="K"             ><value>298</value></property>
        <property name="initial composition"  sourcetype="calculated" >
            <component><speciesLink preferredKey="CH4"  CAS="74-82-8"    InChI="1S/CH4/h1H4"  SMILES="C"    chemName="methane"  /><amount units="mole fraction" >0.095</amount></component>
            <component><speciesLink preferredKey="O2"   CAS="7782-44-7"  InChI="1S/O2/c1-2"   SMILES="O=O"  chemName="oxygen"   /><amount units="mole fraction" >0.18992</amount></component>
            <component><speciesLink preferredKey="N2"   CAS="7727-37-9"  InChI="1S/N2/c1-2"   SMILES="N#N"  chemName="nitrogen" /><amount units="mole fraction" >0.71508</amount></component>
        </property>
    </commonProperties>
    <dataGroup id="dg1">
        <property name="pressure"                      id="x1"   label="P"   sourcetype="digitized"  units="atm"  />
        <property name="laminar burning velocity"      id="x2"   label="Sl"  sourcetype="digitized"  units="cm/s" />
        <property name="evaluated standard deviation"  id="x3"   sourcetype="estimated"  units="cm/s"  reference="laminar burning velocity"  kind="absolute"  method="combined from scatter and estimated uncertainty" />

        <dataPoint><x1>1.005530e+000</x1><x2>3.533716e+001</x2><x3>1.89572737980043</x3></dataPoint>
        <dataPoint><x1>2.010360e+000</x1><x2>2.839203e+001</x2><x3>1.57710606021385</x3></dataPoint>
        <dataPoint><x1>3.010590e+000</x1><x2>2.511603e+001</x2><x3>1.43144420560609</x3></dataPoint>
        <dataPoint><x1>3.999770e+000</x1><x2>2.139230e+001</x2><x3>1.27124795165459</x3></dataPoint>
        <dataPoint><x1>5.005530e+000</x1><x2>1.930658e+001</x2><x3>1.18484394947267</x3></dataPoint>
    </dataGroup>
</experiment>
