<experiment>
    <fileAuthor>Chemical Kinetics Laboratory, Institute of Chemistry, ELTE, Budapest, Hungary</fileAuthor>
    <fileDOI>10.24388/x20004519</fileDOI>
    <fileVersion>
        <major>1</major>
        <minor>0</minor>
    </fileVersion>
    <ReSpecThVersion>
        <major>2</major>
        <minor>3</minor>
    </ReSpecThVersion>
    <firstPublicationDate>2021-10-29</firstPublicationDate>
    <lastModificationDate>2021-10-29</lastModificationDate>
    <bibliographyLink>
        <description>E. Hu, X. Li, X. Meng, Y. Chen, Y. Cheng, Y. Xie, Z. Huang, Fuel 158 (2015), 1--10</description>
        <referenceDOI>10.1016/j.fuel.2015.05.010</referenceDOI>
        <location>Main article, main text, Fig. 2.c, solid black circle</location>
        <figure>Main article, Fig. 2.c, solid black circle</figure>
        <details>
            <author>Hu, Erjiang and Li, Xiaotian and Meng, Xin and Chen, Yizhen and Cheng, Yu and Xie, Yongliang and Huang, Zuohua</author>
            <journal>Fuel</journal>
            <pages>1--10</pages>
            <title>Laminar flame speeds and ignition delay times of methane–air mixtures at elevated temperatures and pressures</title>
            <volume>158</volume>
            <year>2015</year>
        </details>
    </bibliographyLink>
    <experimentType>laminar burning velocity measurement</experimentType>
    <apparatus>
        <kind>flame</kind>
        <mode>premixed</mode>
        <mode>laminar</mode>
        <mode>OPF</mode>
    </apparatus>
    <commonProperties>
        <property name="temperature"  label="T"  sourcetype="reported"  units="K"   ><value>443</value></property>
        <property name="pressure"     label="p"  sourcetype="reported"  units="MPa" ><value>0.2</value></property>
    </commonProperties>
    <dataGroup id="dg1">
        <property name="equivalence ratio"             id="x1"   label="phi"    sourcetype="digitized"  units="unitless"      />
        <property name="laminar burning velocity"      id="x2"   label="Sl"     sourcetype="digitized"  units="cm/s"          />
        <property name="uncertainty"                   id="x3"   label="d_Sl"   sourcetype="estimated"  units="cm/s"           reference="laminar burning velocity"  kind="absolute"  bound="plusminus" />
        <property name="composition"                   id="x4"   label="[CH4]"  sourcetype="estimated"  units="mole fraction" >
            <speciesLink preferredKey="CH4"  CAS="74-82-8"    InChI="1S/CH4/h1H4"  SMILES="C"    chemName="methane"  />
        </property>
        <property name="composition"                   id="x5"   label="[O2]"   sourcetype="estimated"  units="mole fraction" >
            <speciesLink preferredKey="O2"   CAS="7782-44-7"  InChI="1S/O2/c1-2"   SMILES="O=O"  chemName="oxygen"   />
        </property>
        <property name="composition"                   id="x6"   label="[N2]"   sourcetype="estimated"  units="mole fraction" >
            <speciesLink preferredKey="N2"   CAS="7727-37-9"  InChI="1S/N2/c1-2"   SMILES="N#N"  chemName="nitrogen" />
        </property>
        <property name="evaluated standard deviation"  id="x7"   sourcetype="estimated"  units="cm/s"           reference="laminar burning velocity"  kind="absolute"  method="combined from scatter and estimated uncertainty" />

        <dataPoint><x1>0.700209</x1><x2>25.46475</x2><x3>0.67605</x3><x4>0.068411</x4><x5>0.195634</x5><x6>0.735955</x6><x7>2.38223300630023</x7></dataPoint>
        <dataPoint><x1>0.800313</x1><x2>38.92955</x2><x3>0.50705</x3><x4>0.077463</x4><x5>0.193733</x5><x6>0.728804</x6><x7>2.80047764192222</x7></dataPoint>
        <dataPoint><x1>0.899374</x1><x2>47.71835</x2><x3>0.95775</x3><x4>0.086341</x4><x5>0.191868</x5><x6>0.721791</x6><x7>3.12193892984892</x7></dataPoint>
        <dataPoint><x1>0.999479</x1><x2>52.95775</x2><x3>0.45075</x3><x4>0.095049</x4><x5>0.190040</x5><x6>0.714911</x6> <x7>3.3264408273042</x7></dataPoint>
        <dataPoint> <x1>1.09958</x1> <x2>56.1127</x2>      <x3>0</x3><x4>0.103515</x4><x5>0.188262</x5><x6>0.708223</x6><x7>3.45333000423142</x7></dataPoint>
        <dataPoint> <x1>1.19969</x1><x2>56.95775</x2><x3>0.84505</x3><x4>0.111901</x4><x5>0.186501</x5><x6>0.701599</x6><x7>3.48774476955471</x7></dataPoint>
        <dataPoint> <x1>1.29979</x1> <x2>42.9296</x2>      <x3>0</x3><x4>0.120131</x4><x5>0.184773</x5><x6>0.695097</x6><x7>2.94300471547363</x7></dataPoint>
        <dataPoint>  <x1>1.3999</x1> <x2>28.6197</x2>      <x3>0</x3><x4>0.128136</x4><x5>0.183092</x5><x6>0.688773</x6><x7>2.47014542793031</x7></dataPoint>
    </dataGroup>
    <comment>Mole fractions were calculated from phi and N2:O2 volume ratio in air. Sl data by non-linear method.</comment>
</experiment>
