<experiment>
    <fileAuthor>Chemical Kinetics Laboratory, Institute of Chemistry, ELTE, Budapest, Hungary</fileAuthor>
    <fileDOI>10.24388/x20004061</fileDOI>
    <fileVersion>
        <major>1</major>
        <minor>0</minor>
    </fileVersion>
    <ReSpecThVersion>
        <major>2</major>
        <minor>3</minor>
    </ReSpecThVersion>
    <firstPublicationDate>2021-10-29</firstPublicationDate>
    <lastModificationDate>2021-10-29</lastModificationDate>
    <bibliographyLink>
        <description>E. Hu, Z. Huang, J. He, C. Jin, J. Zheng, Int J Hydrogen Energy 34 (2009), 4876--4888</description>
        <referenceDOI>10.1016/j.ijhydene.2009.03.058</referenceDOI>
        <location>Main article, Fig. 10b, black open square</location>
        <figure>Figure 10a</figure>
        <details>
            <author>Hu, Erjiang and Huang, Zuohua and He, Jiajia and Jin, Chun and Zheng, Jianjun</author>
            <journal>Int J Hydrogen Energy</journal>
            <number>11</number>
            <pages>4876--4888</pages>
            <title>Experimental and numerical study on laminar burning characteristics of premixed methane--hydrogen--air flames</title>
            <volume>34</volume>
            <year>2009</year>
        </details>
    </bibliographyLink>
    <experimentType>laminar burning velocity measurement</experimentType>
    <apparatus>
        <kind>flame</kind>
        <mode>premixed</mode>
        <mode>laminar</mode>
    </apparatus>
    <commonProperties>
        <property name="pressure"     label="P"  sourcetype="reported"  units="Pa" ><value>0.1e+006</value></property>
        <property name="temperature"  label="T"  sourcetype="reported"  units="K"  ><value>303</value></property>
    </commonProperties>
    <dataGroup id="dg1">
        <property name="laminar burning velocity"      id="x1"   label="Sl"     sourcetype="digitized"  units="m/s"           />
        <property name="composition"                   id="x2"   label="[CH4]"  sourcetype="digitized"  units="mole fraction" >
            <speciesLink preferredKey="CH4"  CAS="74-82-8"    InChI="1S/CH4/h1H4"  SMILES="C"     chemName="methane"  />
        </property>
        <property name="composition"                   id="x3"   label="[O2]"   sourcetype="digitized"  units="mole fraction" >
            <speciesLink preferredKey="O2"   CAS="7782-44-7"  InChI="1S/O2/c1-2"   SMILES="O=O"   chemName="oxygen"   />
        </property>
        <property name="composition"                   id="x4"   label="[N2]"   sourcetype="digitized"  units="mole fraction" >
            <speciesLink preferredKey="N2"   CAS="7727-37-9"  InChI="1S/N2/c1-2"   SMILES="N#N"   chemName="nitrogen" />
        </property>
        <property name="composition"                   id="x5"   label="[H2]"   sourcetype="digitized"  units="mole fraction" >
            <speciesLink preferredKey="H2"   CAS="1333-74-0"  InChI="1S/H2/h1H"    SMILES="[HH]"  chemName="hydrogen" />
        </property>
        <property name="evaluated standard deviation"  id="x6"   sourcetype="estimated"  units="cm/s"           reference="laminar burning velocity"  kind="absolute"  method="combined from scatter and reported uncertainty" />

        <dataPoint><x1>2.752600e-001</x1><x2>4.101949e-002</x2><x3>1.885402e-001</x3><x4>7.089111e-001</x4><x5>6.152923e-002</x5><x6>4.40509735194309</x6></dataPoint>
        <dataPoint><x1>3.915100e-001</x1><x2>4.710501e-002</x2><x3>1.853440e-001</x3><x4>6.968935e-001</x4><x5>7.065752e-002</x5><x6>5.01374821112868</x6></dataPoint>
        <dataPoint><x1>5.310400e-001</x1><x2>5.294107e-002</x2><x3>1.822788e-001</x3><x4>6.853685e-001</x4><x5>7.941160e-002</x5><x6>5.88710912923618</x6></dataPoint>
        <dataPoint><x1>6.759400e-001</x1><x2>5.863064e-002</x2><x3>1.792906e-001</x3><x4>6.741328e-001</x4><x5>8.794597e-002</x5><x6>6.89876959982401</x6></dataPoint>
        <dataPoint><x1>7.528100e-001</x1><x2>6.409897e-002</x2><x3>1.764186e-001</x3><x4>6.633340e-001</x4><x5>9.614846e-002</x5> <x6>7.4643085276505</x6></dataPoint>
        <dataPoint><x1>8.637000e-001</x1><x2>6.939279e-002</x2><x3>1.736382e-001</x3><x4>6.528798e-001</x4><x5>1.040892e-001</x5><x6>8.30503379600589</x6></dataPoint>
        <dataPoint><x1>8.394200e-001</x1><x2>7.456886e-002</x2><x3>1.709197e-001</x3><x4>6.426581e-001</x4><x5>1.118533e-001</x5><x6>8.11881830419575</x6></dataPoint>
        <dataPoint><x1>6.128400e-001</x1><x2>7.955838e-002</x2><x3>1.682992e-001</x3><x4>6.328049e-001</x4><x5>1.193376e-001</x5><x6>6.44813504357469</x6></dataPoint>
        <dataPoint><x1>4.435500e-001</x1><x2>8.420973e-002</x2><x3>1.658562e-001</x3><x4>6.236194e-001</x4><x5>1.263146e-001</x5><x6>5.32463290014438</x6></dataPoint>
    </dataGroup>
</experiment>
