<experiment>
    <fileAuthor>Chemical Kinetics Laboratory, Institute of Chemistry, ELTE, Budapest, Hungary</fileAuthor>
    <fileDOI>10.24388/x20004468</fileDOI>
    <fileVersion>
        <major>1</major>
        <minor>0</minor>
    </fileVersion>
    <ReSpecThVersion>
        <major>2</major>
        <minor>3</minor>
    </ReSpecThVersion>
    <firstPublicationDate>2021-10-29</firstPublicationDate>
    <lastModificationDate>2021-10-29</lastModificationDate>
    <bibliographyLink>
        <description>G.E. Andrews, D. Bradley, Combustion and Flame 20 (1973), 77--89</description>
        <referenceDOI>10.1016/S0010-2180(73)81259-3</referenceDOI>
        <location>Main article</location>
        <figure>Fig.5., open circle</figure>
        <details>
            <author>G.E. Andrews and D. Bradley</author>
            <journal>Combustion and Flame</journal>
            <month>feb</month>
            <number>1</number>
            <pages>77--89</pages>
            <publisher>Elsevier {BV}</publisher>
            <title>Determination of burning velocity by double ignition in a closed vessel</title>
            <volume>20</volume>
            <year>1973</year>
        </details>
    </bibliographyLink>
    <experimentType>laminar burning velocity measurement</experimentType>
    <apparatus>
        <kind>flame</kind>
        <mode>premixed</mode>
        <mode>laminar</mode>
    </apparatus>
    <commonProperties>
        <property name="pressure"     label="P"  sourcetype="reported"  units="atm" ><value>1</value></property>
        <property name="temperature"  label="T"  sourcetype="reported"  units="K"   ><value>298</value></property>
    </commonProperties>
    <dataGroup id="dg1">
        <property name="laminar burning velocity"      id="x1"   label="Sl"     sourcetype="digitized"   units="cm/s"          />
        <property name="composition"                   id="x2"   label="[CH4]"  sourcetype="calculated"  units="mole fraction" >
            <speciesLink preferredKey="CH4"  CAS="74-82-8"    InChI="1S/CH4/h1H4"  SMILES="C"    chemName="methane"  />
        </property>
        <property name="composition"                   id="x3"   label="[O2]"   sourcetype="calculated"  units="mole fraction" >
            <speciesLink preferredKey="O2"   CAS="7782-44-7"  InChI="1S/O2/c1-2"   SMILES="O=O"  chemName="oxygen"   />
        </property>
        <property name="composition"                   id="x4"   label="[N2]"   sourcetype="calculated"  units="mole fraction" >
            <speciesLink preferredKey="N2"   CAS="7727-37-9"  InChI="1S/N2/c1-2"   SMILES="N#N"  chemName="nitrogen" />
        </property>
        <property name="evaluated standard deviation"  id="x5"   sourcetype="estimated"   units="cm/s"           reference="laminar burning velocity"  kind="absolute"  method="combined from scatter and reported uncertainty" />

        <dataPoint><x1>9.869800e+000</x1><x2>5.463550e-002</x2><x3>1.985265e-001</x3><x4>7.468380e-001</x4><x5>2.82915050004856</x5></dataPoint>
        <dataPoint><x1>1.037024e+001</x1><x2>5.955884e-002</x2><x3>1.974926e-001</x3><x4>7.429485e-001</x4><x5>2.83026909152398</x5></dataPoint>
        <dataPoint><x1>1.250579e+001</x1><x2>5.463550e-002</x2><x3>1.985265e-001</x3><x4>7.468380e-001</x4><x5>2.83565798300898</x5></dataPoint>
        <dataPoint><x1>1.613312e+001</x1><x2>5.936657e-002</x2><x3>1.975330e-001</x3><x4>7.431004e-001</x4><x5>2.84708323244755</x5></dataPoint>
        <dataPoint><x1>2.074490e+001</x1><x2>7.134068e-002</x2><x3>1.950185e-001</x3><x4>7.336409e-001</x4> <x5>2.8656899264237</x5></dataPoint>
        <dataPoint><x1>2.191362e+001</x1><x2>6.847583e-002</x2><x3>1.956201e-001</x3><x4>7.359041e-001</x4><x5>2.87112150044895</x5></dataPoint>
        <dataPoint><x1>2.258739e+001</x1><x2>6.364657e-002</x2><x3>1.966342e-001</x3><x4>7.397192e-001</x4><x5>2.87438312056388</x5></dataPoint>
        <dataPoint><x1>2.915666e+001</x1><x2>7.780342e-002</x2><x3>1.936613e-001</x3><x4>7.285353e-001</x4><x5>2.91110438165179</x5></dataPoint>
        <dataPoint><x1>2.964791e+001</x1><x2>7.780342e-002</x2><x3>1.936613e-001</x3><x4>7.285353e-001</x4><x5>2.91420376115073</x5></dataPoint>
        <dataPoint><x1>3.337952e+001</x1><x2>8.656075e-002</x2><x3>1.918222e-001</x3><x4>7.216170e-001</x4><x5>2.93931619242367</x5></dataPoint>
        <dataPoint><x1>3.825647e+001</x1><x2>8.674206e-002</x2><x3>1.917842e-001</x3><x4>7.214738e-001</x4><x5>2.97622796378874</x5></dataPoint>
        <dataPoint><x1>4.276689e+001</x1><x2>9.533210e-002</x2><x3>1.899803e-001</x3><x4>7.146876e-001</x4><x5>3.01435544637159</x5></dataPoint>
        <dataPoint><x1>4.384526e+001</x1><x2>9.533210e-002</x2><x3>1.899803e-001</x3><x4>7.146876e-001</x4><x5>3.02402277144076</x5></dataPoint>
        <dataPoint><x1>4.306509e+001</x1><x2>1.005448e-001</x2><x3>1.888856e-001</x3><x4>7.105696e-001</x4><x5>3.01700773819733</x5></dataPoint>
        <dataPoint><x1>4.287523e+001</x1><x2>1.014443e-001</x2><x3>1.886967e-001</x3><x4>7.098590e-001</x4><x5>3.01531719709893</x5></dataPoint>
        <dataPoint><x1>4.355675e+001</x1><x2>1.007418e-001</x2><x3>1.888442e-001</x3><x4>7.104140e-001</x4><x5>3.02141581067578</x5></dataPoint>
        <dataPoint><x1>4.687570e+001</x1><x2>1.007418e-001</x2><x3>1.888442e-001</x3><x4>7.104140e-001</x4><x5>3.05230101537451</x5></dataPoint>
        <dataPoint><x1>4.766610e+001</x1><x2>1.005448e-001</x2><x3>1.888856e-001</x3><x4>7.105696e-001</x4><x5>3.05994201540752</x5></dataPoint>
        <dataPoint><x1>4.951170e+001</x1><x2>1.007418e-001</x2><x3>1.888442e-001</x3><x4>7.104140e-001</x4><x5>3.07820397796446</x5></dataPoint>
        <dataPoint><x1>4.444926e+001</x1><x2>1.035866e-001</x2><x3>1.882468e-001</x3><x4>7.081666e-001</x4><x5>3.02952882532783</x5></dataPoint>
        <dataPoint><x1>4.709075e+001</x1><x2>1.062398e-001</x2><x3>1.876896e-001</x3><x4>7.060705e-001</x4><x5>3.05436919291473</x5></dataPoint>
        <dataPoint><x1>3.908669e+001</x1><x2>1.118633e-001</x2><x3>1.865087e-001</x3><x4>7.016280e-001</x4><x5>2.98296250250863</x5></dataPoint>
        <dataPoint><x1>4.153134e+001</x1><x2>1.120347e-001</x2><x3>1.864727e-001</x3><x4>7.014926e-001</x4><x5>3.00353826066395</x5></dataPoint>
        <dataPoint><x1>3.159173e+001</x1><x2>1.201568e-001</x2><x3>1.847671e-001</x3><x4>6.950761e-001</x4><x5>2.92694086627071</x5></dataPoint>
        <dataPoint><x1>3.578535e+001</x1><x2>1.201568e-001</x2><x3>1.847671e-001</x3><x4>6.950761e-001</x4><x5>2.95695434586655</x5></dataPoint>
        <dataPoint><x1>2.857579e+001</x1><x2>1.273064e-001</x2><x3>1.832657e-001</x3><x4>6.894279e-001</x4><x5>2.90750224689983</x5></dataPoint>
        <dataPoint><x1>3.013563e+001</x1><x2>1.283176e-001</x2><x3>1.830533e-001</x3><x4>6.886291e-001</x4><x5>2.91732875745699</x5></dataPoint>
        <dataPoint><x1>2.584615e+001</x1><x2>1.283176e-001</x2><x3>1.830533e-001</x3><x4>6.886291e-001</x4><x5>2.89149167827595</x5></dataPoint>
        <dataPoint><x1>2.214207e+001</x1><x2>1.329955e-001</x2><x3>1.820709e-001</x3><x4>6.849335e-001</x4><x5>2.87221673918039</x5></dataPoint>
        <dataPoint><x1>1.765624e+001</x1><x2>1.363089e-001</x2><x3>1.813751e-001</x3><x4>6.823160e-001</x4> <x5>2.8527265403007</x5></dataPoint>
        <dataPoint><x1>1.179715e+001</x1><x2>1.363089e-001</x2><x3>1.813751e-001</x3><x4>6.823160e-001</x4><x5>2.83375941541913</x5></dataPoint>
        <dataPoint><x1>1.240151e+001</x1><x2>1.439949e-001</x2><x3>1.797611e-001</x3><x4>6.762440e-001</x4><x5>2.83537173282888</x5></dataPoint>
    </dataGroup>
</experiment>
