<experiment>
    <fileAuthor>Chemical Kinetics Laboratory, Institute of Chemistry, ELTE, Budapest, Hungary</fileAuthor>
    <fileDOI>10.24388/x20004035</fileDOI>
    <fileVersion>
        <major>1</major>
        <minor>0</minor>
    </fileVersion>
    <ReSpecThVersion>
        <major>2</major>
        <minor>3</minor>
    </ReSpecThVersion>
    <firstPublicationDate>2021-10-29</firstPublicationDate>
    <lastModificationDate>2021-10-29</lastModificationDate>
    <bibliographyLink>
        <description>T. Boushaki, Y. Dhu{\'{e}}, L. Selle, B. Ferret, T. Poinsot, International Journal of Hydrogen Energy 37 (2012), 9412--9422</description>
        <referenceDOI>10.1016/j.ijhydene.2012.03.037</referenceDOI>
        <location>Main article, Fig. 3, grey full circle</location>
        <figure>Figure 3</figure>
        <details>
            <author>T. Boushaki and Y. Dhu{\'{e}} and L. Selle and B. Ferret and T. Poinsot</author>
            <journal>International Journal of Hydrogen Energy</journal>
            <month>jun</month>
            <number>11</number>
            <pages>9412--9422</pages>
            <publisher>Elsevier {BV}</publisher>
            <title>Effects of hydrogen and steam addition on laminar burning velocity of methane{\textendash}air premixed flame: Experimental and numerical analysis</title>
            <volume>37</volume>
            <year>2012</year>
        </details>
    </bibliographyLink>
    <experimentType>laminar burning velocity measurement</experimentType>
    <apparatus>
        <kind>flame</kind>
        <mode>premixed</mode>
        <mode>laminar</mode>
    </apparatus>
    <commonProperties>
        <property name="pressure"     label="P"  sourcetype="reported"  units="bar" ><value>1</value></property>
        <property name="temperature"  label="T"  sourcetype="reported"  units="K"   ><value>300</value></property>
    </commonProperties>
    <dataGroup id="dg1">
        <property name="laminar burning velocity"      id="x1"   label="Sl"     sourcetype="digitized"  units="cm/s"          />
        <property name="composition"                   id="x2"   label="[CH4]"  sourcetype="digitized"  units="mole fraction" >
            <speciesLink preferredKey="CH4"  CAS="74-82-8"    InChI="1S/CH4/h1H4"  SMILES="C"     chemName="methane"  />
        </property>
        <property name="composition"                   id="x3"   label="[O2]"   sourcetype="digitized"  units="mole fraction" >
            <speciesLink preferredKey="O2"   CAS="7782-44-7"  InChI="1S/O2/c1-2"   SMILES="O=O"   chemName="oxygen"   />
        </property>
        <property name="composition"                   id="x4"   label="[N2]"   sourcetype="digitized"  units="mole fraction" >
            <speciesLink preferredKey="N2"   CAS="7727-37-9"  InChI="1S/N2/c1-2"   SMILES="N#N"   chemName="nitrogen" />
        </property>
        <property name="composition"                   id="x5"   label="[H2]"   sourcetype="reported"   units="mole fraction" >
            <speciesLink preferredKey="H2"   CAS="1333-74-0"  InChI="1S/H2/h1H"    SMILES="[HH]"  chemName="hydrogen" />
        </property>
        <property name="evaluated standard deviation"  id="x6"   sourcetype="estimated"  units="cm/s"           reference="laminar burning velocity"  kind="absolute"  method="combined from scatter and reported uncertainty" />

        <dataPoint><x1>3.217516e+001</x1><x2>7.028921e-002</x2><x3>1.903952e-001</x3><x4>7.158859e-001</x4><x5>2.342974e-002</x5><x6>1.89833444</x6></dataPoint>
        <dataPoint><x1>3.736704e+001</x1><x2>7.415508e-002</x2><x3>1.893123e-001</x3><x4>7.118143e-001</x4><x5>2.471836e-002</x5><x6>2.20465536</x6></dataPoint>
        <dataPoint><x1>4.255909e+001</x1><x2>7.810410e-002</x2><x3>1.882061e-001</x3><x4>7.076551e-001</x4><x5>2.603470e-002</x5><x6>2.51098631</x6></dataPoint>
    </dataGroup>
</experiment>
