<experiment>
    <fileAuthor>Chemical Kinetics Laboratory, Institute of Chemistry, ELTE, Budapest, Hungary</fileAuthor>
    <fileDOI>10.24388/x20004432</fileDOI>
    <fileVersion>
        <major>1</major>
        <minor>0</minor>
    </fileVersion>
    <ReSpecThVersion>
        <major>2</major>
        <minor>3</minor>
    </ReSpecThVersion>
    <firstPublicationDate>2021-10-29</firstPublicationDate>
    <lastModificationDate>2021-10-29</lastModificationDate>
    <bibliographyLink>
        <description>M.M. Sentko, C. Weis, S.R. Harth, P. Habisreuther, N. Zarzalis, D. Trimis, Proceedings of the European Combustion Meeting 2015 (2015), 1-6</description>
        <location>Main article</location>
        <figure>Fig.5., full black square</figure>
        <details>
            <author>Sentko, M. M. and Weis, C. and Harth, S. R. and Habisreuther, P. and Zarzalis, N. and Trimis, D.</author>
            <journal>Proceedings of the European Combustion Meeting 2015</journal>
            <pages>1-6</pages>
            <title>Temperature Dependency of the Laminar Burning Velocity of Fuel-Rich Methane Oxygen Measurements</title>
            <year>2015</year>
        </details>
    </bibliographyLink>
    <experimentType>laminar burning velocity measurement</experimentType>
    <apparatus>
        <kind>flame</kind>
        <mode>premixed</mode>
        <mode>laminar</mode>
    </apparatus>
    <commonProperties>
        <property name="pressure"     label="P"  sourcetype="reported"  units="atm" ><value>1</value></property>
        <property name="temperature"  label="T"  sourcetype="reported"  units="K"   ><value>455</value></property>
    </commonProperties>
    <dataGroup id="dg1">
        <property name="laminar burning velocity"      id="x1"   label="Sl"     sourcetype="digitized"   units="cm/s"          />
        <property name="composition"                   id="x2"   label="[CH4]"  sourcetype="calculated"  units="mole fraction" >
            <speciesLink preferredKey="CH4"  CAS="74-82-8"    InChI="1S/CH4/h1H4"  SMILES="C"    chemName="methane" />
        </property>
        <property name="composition"                   id="x3"   label="[O2]"   sourcetype="calculated"  units="mole fraction" >
            <speciesLink preferredKey="O2"   CAS="7782-44-7"  InChI="1S/O2/c1-2"   SMILES="O=O"  chemName="oxygen"  />
        </property>
        <property name="evaluated standard deviation"  id="x4"   sourcetype="estimated"   units="cm/s"           reference="laminar burning velocity"  kind="absolute"  method="generic uncertainty" />

        <dataPoint><x1>4.261061e+001</x1><x2>5.617034e-001</x2><x3>4.382966e-001</x3>              <x4>0.5</x4></dataPoint>
        <dataPoint><x1>3.631492e+001</x1><x2>5.681623e-001</x2><x3>4.318377e-001</x3><x4>0.551535814830731</x4></dataPoint>
        <dataPoint><x1>3.150818e+001</x1><x2>5.748263e-001</x2><x3>4.251737e-001</x3><x4>0.513308898267894</x4></dataPoint>
        <dataPoint><x1>2.771545e+001</x1><x2>5.812667e-001</x2><x3>4.187333e-001</x3><x4>0.532128074377777</x4></dataPoint>
        <dataPoint><x1>2.429000e+001</x1><x2>5.882325e-001</x2><x3>4.117675e-001</x3><x4>0.532128074377775</x4></dataPoint>
        <dataPoint><x1>2.124225e+001</x1><x2>5.951278e-001</x2><x3>4.048722e-001</x3><x4>0.571472158150334</x4></dataPoint>
        <dataPoint><x1>1.828119e+001</x1><x2>6.023114e-001</x2><x3>3.976886e-001</x3><x4>0.591844090568623</x4></dataPoint>
        <dataPoint><x1>1.551479e+001</x1><x2>6.098513e-001</x2><x3>3.901487e-001</x3><x4>0.591844090568623</x4></dataPoint>
        <dataPoint><x1>1.255436e+001</x1><x2>6.172703e-001</x2><x3>3.827297e-001</x3><x4>0.612682548340492</x4></dataPoint>
        <dataPoint><x1>1.006910e+001</x1><x2>6.250061e-001</x2><x3>3.749939e-001</x3><x4>0.571433421354579</x4></dataPoint>
    </dataGroup>
</experiment>
