<experiment>
    <fileAuthor>Chemical Kinetics Laboratory, Institute of Chemistry, ELTE, Budapest, Hungary</fileAuthor>
    <fileDOI>10.24388/x20004091</fileDOI>
    <fileVersion>
        <major>1</major>
        <minor>0</minor>
    </fileVersion>
    <ReSpecThVersion>
        <major>2</major>
        <minor>3</minor>
    </ReSpecThVersion>
    <firstPublicationDate>2021-10-29</firstPublicationDate>
    <lastModificationDate>2021-10-29</lastModificationDate>
    <bibliographyLink>
        <description>O. Park, P.S. Veloo, N. Liu, F.N. Egolfopoulos, Proceedings of the Combustion Institute 33 (2011), 887-894</description>
        <referenceDOI>10.1016/j.proci.2010.06.116</referenceDOI>
        <location>Main article, Fig. 1b, full circle</location>
        <figure>Figure 1b</figure>
        <details>
            <author>Okjoo Park and Peter S. Veloo and Ning Liu and Fokion N. Egolfopoulos</author>
            <journal>Proceedings of the Combustion Institute</journal>
            <number>1</number>
            <pages>887-894</pages>
            <title>Combustion characteristics of alternative gaseous fuels</title>
            <volume>33</volume>
            <year>2011</year>
        </details>
    </bibliographyLink>
    <experimentType>laminar burning velocity measurement</experimentType>
    <apparatus>
        <kind>flame</kind>
        <mode>premixed</mode>
        <mode>laminar</mode>
    </apparatus>
    <commonProperties>
        <property name="pressure"                      label="P"  sourcetype="reported"   units="atm"  ><value>1</value></property>
        <property name="temperature"                   label="T"  sourcetype="reported"   units="K"    ><value>298</value></property>
        <property name="evaluated standard deviation"  sourcetype="estimated"  units="cm/s"  reference="laminar burning velocity"  kind="absolute"  method="combined from scatter and reported uncertainty" ><value>1.21180267057017</value></property>
    </commonProperties>
    <dataGroup id="dg1">
        <property name="laminar burning velocity"  id="x1"   label="Sl"     sourcetype="digitized"  units="cm/s"          />
        <property name="composition"               id="x2"   label="[CH4]"  sourcetype="digitized"  units="mole fraction" >
            <speciesLink preferredKey="CH4"  CAS="74-82-8"    InChI="1S/CH4/h1H4"    SMILES="C"          chemName="methane"         />
        </property>
        <property name="composition"               id="x3"   label="[O2]"   sourcetype="digitized"  units="mole fraction" >
            <speciesLink preferredKey="O2"   CAS="7782-44-7"  InChI="1S/O2/c1-2"     SMILES="O=O"        chemName="oxygen"          />
        </property>
        <property name="composition"               id="x4"   label="[N2]"   sourcetype="digitized"  units="mole fraction" >
            <speciesLink preferredKey="N2"   CAS="7727-37-9"  InChI="1S/N2/c1-2"     SMILES="N#N"        chemName="nitrogen"        />
        </property>
        <property name="composition"               id="x5"   label="[H2]"   sourcetype="digitized"  units="mole fraction" >
            <speciesLink preferredKey="H2"   CAS="1333-74-0"  InChI="1S/H2/h1H"      SMILES="[HH]"       chemName="hydrogen"        />
        </property>
        <property name="composition"               id="x6"   label="[CO]"   sourcetype="digitized"  units="mole fraction" >
            <speciesLink preferredKey="CO"   CAS="630-08-0"   InChI="1S/CO/c1-2"     SMILES="[C-]#[O+]"  chemName="carbon monoxide" />
        </property>
        <property name="composition"               id="x7"   label="[CO2]"  sourcetype="digitized"  units="mole fraction" >
            <speciesLink preferredKey="CO2"  CAS="124-38-9"   InChI="1S/CO2/c2-1-3"  SMILES="C(=O)=O"    chemName="carbon dioxide"  />
        </property>

        <dataPoint><x1>2.698612e+001</x1><x2>3.338394e-002</x2><x3>1.837954e-001</x3><x4>6.826688e-001</x4><x5>7.210930e-002</x5><x6>1.470000e-002</x6><x7>1.340000e-002</x7></dataPoint>
        <dataPoint><x1>3.334728e+001</x1><x2>3.576035e-002</x2><x3>1.817791e-001</x3><x4>6.751795e-001</x4><x5>7.724237e-002</x5><x6>1.570000e-002</x6><x7>1.430000e-002</x7></dataPoint>
        <dataPoint><x1>3.886927e+001</x1><x2>3.814661e-002</x2><x3>1.797544e-001</x3><x4>6.676592e-001</x4><x5>8.239667e-002</x5><x6>1.680000e-002</x6><x7>1.530000e-002</x7></dataPoint>
        <dataPoint><x1>4.580526e+001</x1><x2>4.042067e-002</x2><x3>1.778249e-001</x3><x4>6.604924e-001</x4><x5>8.730865e-002</x5><x6>1.780000e-002</x6><x7>1.620000e-002</x7></dataPoint>
        <dataPoint><x1>5.191776e+001</x1><x2>4.266810e-002</x2><x3>1.759180e-001</x3><x4>6.534096e-001</x4><x5>9.216311e-002</x5><x6>1.880000e-002</x6><x7>1.710000e-002</x7></dataPoint>
        <dataPoint><x1>5.652336e+001</x1><x2>4.484664e-002</x2><x3>1.740695e-001</x3><x4>6.465439e-001</x4><x5>9.686874e-002</x5><x6>1.970000e-002</x6><x7>1.790000e-002</x7></dataPoint>
    </dataGroup>
</experiment>
