<experiment>
    <fileAuthor>Chemical Kinetics Laboratory, Institute of Chemistry, ELTE, Budapest, Hungary</fileAuthor>
    <fileDOI>10.24388/x20004161</fileDOI>
    <fileVersion>
        <major>1</major>
        <minor>0</minor>
    </fileVersion>
    <ReSpecThVersion>
        <major>2</major>
        <minor>3</minor>
    </ReSpecThVersion>
    <firstPublicationDate>2021-10-29</firstPublicationDate>
    <lastModificationDate>2021-10-29</lastModificationDate>
    <bibliographyLink>
        <description>V. Moccia, J. D{\textquotesingle}Alessio, Energies 6 (2013), 97--116</description>
        <referenceDOI>10.3390/en6010097</referenceDOI>
        <location>Main article, Fig. 5, red star</location>
        <figure>Figure 5</figure>
        <details>
            <author>Vincenzo Moccia and Jacopo D{\textquotesingle}Alessio</author>
            <journal>Energies</journal>
            <month>jan</month>
            <number>1</number>
            <pages>97--116</pages>
            <publisher>MDPI} {AG</publisher>
            <title>Burning Behaviour of High-Pressure {CH}4-H2-Air Mixtures</title>
            <volume>6</volume>
            <year>2013</year>
        </details>
    </bibliographyLink>
    <experimentType>laminar burning velocity measurement</experimentType>
    <apparatus>
        <kind>flame</kind>
        <mode>premixed</mode>
        <mode>laminar</mode>
    </apparatus>
    <commonProperties>
        <property name="temperature"          label="T"  sourcetype="reported"    units="K"             ><value>298</value></property>
        <property name="initial composition"  sourcetype="calculated" >
            <component><speciesLink preferredKey="CH4"  CAS="74-82-8"    InChI="1S/CH4/h1H4"  SMILES="C"    chemName="methane"  /><amount units="mole fraction" >0.09589</amount></component>
            <component><speciesLink preferredKey="O2"   CAS="7782-44-7"  InChI="1S/O2/c1-2"   SMILES="O=O"  chemName="oxygen"   /><amount units="mole fraction" >0.19178</amount></component>
            <component><speciesLink preferredKey="N2"   CAS="7727-37-9"  InChI="1S/N2/c1-2"   SMILES="N#N"  chemName="nitrogen" /><amount units="mole fraction" >0.71233</amount></component>
        </property>
    </commonProperties>
    <dataGroup id="dg1">
        <property name="pressure"                      id="x1"   label="P"   sourcetype="digitized"  units="bar"  />
        <property name="laminar burning velocity"      id="x2"   label="Sl"  sourcetype="digitized"  units="cm/s" />
        <property name="evaluated standard deviation"  id="x3"   sourcetype="estimated"  units="cm/s"  reference="laminar burning velocity"  kind="absolute"  method="combined from scatter and estimated uncertainty" />

        <dataPoint><x1>2.995110e+000</x1><x2>2.295393e+001</x2> <x3>1.20398122628065</x3></dataPoint>
        <dataPoint><x1>3.019540e+000</x1><x2>2.331128e+001</x2> <x3>1.22102537861422</x3></dataPoint>
        <dataPoint><x1>6.014660e+000</x1><x2>1.816933e+001</x2><x3>0.978608664761482</x3></dataPoint>
        <dataPoint><x1>5.985340e+000</x1><x2>1.836990e+001</x2> <x3>0.98792540312971</x3></dataPoint>
        <dataPoint><x1>1.199511e+001</x1><x2>1.301122e+001</x2><x3>0.745381212430928</x3></dataPoint>
        <dataPoint><x1>1.199511e+001</x1><x2>1.266253e+001</x2><x3>0.730214148127965</x3></dataPoint>
        <dataPoint><x1>1.196580e+001</x1><x2>1.230519e+001</x2><x3>0.714778140029653</x3></dataPoint>
        <dataPoint><x1>1.800489e+001</x1><x2>1.072975e+001</x2><x3>0.648214759767355</x3></dataPoint>
        <dataPoint><x1>1.800489e+001</x1><x2>1.007595e+001</x2><x3>0.621430171564151</x3></dataPoint>
    </dataGroup>
</experiment>
