<experiment>
    <fileAuthor>Chemical Kinetics Laboratory, Institute of Chemistry, ELTE, Budapest, Hungary</fileAuthor>
    <fileDOI>10.24388/x20004596</fileDOI>
    <fileVersion>
        <major>1</major>
        <minor>0</minor>
    </fileVersion>
    <ReSpecThVersion>
        <major>2</major>
        <minor>3</minor>
    </ReSpecThVersion>
    <firstPublicationDate>2021-10-29</firstPublicationDate>
    <lastModificationDate>2021-10-29</lastModificationDate>
    <bibliographyLink>
        <description>M. Mitu, V. Giurcan, D. Razus, D. Oancea, J Hazard Mater 321 (2017), 440--448</description>
        <referenceDOI>10.1016/j.jhazmat.2016.09.033</referenceDOI>
        <location>Main article</location>
        <figure>Fig. 7, square - He series</figure>
        <details>
            <author>Mitu, Maria and Giurcan, Venera and Razus, Domnina and Oancea, Dumitru</author>
            <journal>J Hazard Mater</journal>
            <pages>440--448</pages>
            <title>Inert gas influence on the laminar burning velocity of methane-airmixtures</title>
            <volume>321</volume>
            <year>2017</year>
        </details>
    </bibliographyLink>
    <experimentType>laminar burning velocity measurement</experimentType>
    <apparatus>
        <kind>flame</kind>
        <mode>premixed</mode>
        <mode>laminar</mode>
        <mode>OPF</mode>
    </apparatus>
    <commonProperties>
        <property name="temperature"  label="T"  sourcetype="reported"  units="K"   ><value>300</value></property>
        <property name="pressure"     label="p"  sourcetype="reported"  units="atm" ><value>1</value></property>
    </commonProperties>
    <dataGroup id="dg1">
        <property name="laminar burning velocity"      id="x1"   label="Sl"     sourcetype="digitized"   units="cm/s"          />
        <property name="composition"                   id="x2"   label="[CH4]"  sourcetype="calculated"  units="mole fraction" >
            <speciesLink preferredKey="CH4"  CAS="74-82-8"    InChI="1S/CH4/h1H4"  SMILES="C"     chemName="methane"  />
        </property>
        <property name="composition"                   id="x3"   label="[O2]"   sourcetype="calculated"  units="mole fraction" >
            <speciesLink preferredKey="O2"   CAS="7782-44-7"  InChI="1S/O2/c1-2"   SMILES="O=O"   chemName="oxygen"   />
        </property>
        <property name="composition"                   id="x4"   label="[N2]"   sourcetype="calculated"  units="mole fraction" >
            <speciesLink preferredKey="N2"   CAS="7727-37-9"  InChI="1S/N2/c1-2"   SMILES="N#N"   chemName="nitrogen" />
        </property>
        <property name="composition"                   id="x5"   label="[He]"   sourcetype="calculated"  units="mole fraction" >
            <speciesLink preferredKey="He"   CAS="7440-59-7"  InChI="1S/He"        SMILES="[He]"  chemName="helium"   />
        </property>
        <property name="evaluated standard deviation"  id="x6"   sourcetype="estimated"   units="cm/s"           reference="laminar burning velocity"  kind="absolute"  method="combined from scatter and reported uncertainty" />

        <dataPoint><x1>37.28</x1><x2>0.095023</x2><x3>0.190045</x3><x4>0.714932</x4><x5>0.000000</x5><x6>1.60172417614839</x6></dataPoint>
        <dataPoint><x1>34.72</x1><x2>0.090270</x2><x3>0.180541</x3><x4>0.679177</x4><x5>0.050011</x5><x6>1.52949596156978</x6></dataPoint>
        <dataPoint><x1>31.95</x1><x2>0.085548</x2><x3>0.171096</x3><x4>0.643648</x4><x5>0.099707</x5><x6>1.45368730794358</x6></dataPoint>
        <dataPoint><x1>30.92</x1><x2>0.080707</x2><x3>0.161413</x3><x4>0.607221</x4><x5>0.150659</x5><x6>1.42625985522564</x6></dataPoint>
        <dataPoint><x1>26.15</x1><x2>0.075955</x2><x3>0.151909</x3><x4>0.571469</x4><x5>0.200667</x5><x6>1.30412864478356</x6></dataPoint>
    </dataGroup>
    <comment>CH4, O2, N2, and He mole fractions were calculated using the equivalence ration and the ratio of helium. The uncertainty of measured laminar buring velocity is 3.5%.</comment>
</experiment>
