<experiment>
    <fileAuthor>Chemical Kinetics Laboratory, Institute of Chemistry, ELTE, Budapest, Hungary</fileAuthor>
    <fileDOI>10.24388/x20004368</fileDOI>
    <fileVersion>
        <major>1</major>
        <minor>0</minor>
    </fileVersion>
    <ReSpecThVersion>
        <major>2</major>
        <minor>3</minor>
    </ReSpecThVersion>
    <firstPublicationDate>2021-10-29</firstPublicationDate>
    <lastModificationDate>2021-10-29</lastModificationDate>
    <bibliographyLink>
        <description>K.Ya. Troshin, A.A. Borisov, A.N. Rakhmetov, V.S. Arutyunov, G.G. Politenkova, Combustion, Explosion, and Shock Waves 7 (2013), 290--301</description>
        <referenceDOI>10.1134/S1990793113050102</referenceDOI>
        <location>Main article</location>
        <table>Table 1., fused wire</table>
        <details>
            <author>K. Ya. Troshin and A. A. Borisov and A. N. Rakhmetov and V. S. Arutyunov and G. G. Politenkova</author>
            <journal>Combustion, Explosion, and Shock Waves</journal>
            <month>may</month>
            <number>3</number>
            <pages>290--301</pages>
            <publisher>Pleiades Publishing Ltd</publisher>
            <title>Burning velocity of methane-hydrogen mixtures at elevated pressures and temperatures</title>
            <volume>7</volume>
            <year>2013</year>
        </details>
    </bibliographyLink>
    <experimentType>laminar burning velocity measurement</experimentType>
    <apparatus>
        <kind>flame</kind>
        <mode>premixed</mode>
        <mode>laminar</mode>
    </apparatus>
    <commonProperties>
        <property name="pressure"     label="P"  sourcetype="reported"  units="atm" ><value>1</value></property>
        <property name="temperature"  label="T"  sourcetype="reported"  units="K"   ><value>295.15</value></property>
    </commonProperties>
    <dataGroup id="dg1">
        <property name="laminar burning velocity"      id="x1"   label="Sl"     sourcetype="reported"    units="cm/s"          />
        <property name="composition"                   id="x2"   label="[CH4]"  sourcetype="calculated"  units="mole fraction" >
            <speciesLink preferredKey="CH4"  CAS="74-82-8"    InChI="1S/CH4/h1H4"  SMILES="C"    chemName="methane"  />
        </property>
        <property name="composition"                   id="x3"   label="[O2]"   sourcetype="calculated"  units="mole fraction" >
            <speciesLink preferredKey="O2"   CAS="7782-44-7"  InChI="1S/O2/c1-2"   SMILES="O=O"  chemName="oxygen"   />
        </property>
        <property name="composition"                   id="x4"   label="[N2]"   sourcetype="calculated"  units="mole fraction" >
            <speciesLink preferredKey="N2"   CAS="7727-37-9"  InChI="1S/N2/c1-2"   SMILES="N#N"  chemName="nitrogen" />
        </property>
        <property name="evaluated standard deviation"  id="x5"   sourcetype="estimated"   units="cm/s"           reference="laminar burning velocity"  kind="absolute"  method="combined from scatter and reported uncertainty" />

        <dataPoint><x1>1.250000e+001</x1><x2>5.982906e-002</x2><x3>1.994302e-001</x3><x4>7.407407e-001</x4><x5>7.01491407306604</x5></dataPoint>
        <dataPoint><x1>1.800000e+001</x1><x2>6.911143e-002</x2><x3>1.974612e-001</x3><x4>7.334274e-001</x4><x5>7.02238301451153</x5></dataPoint>
        <dataPoint><x1>3.600000e+001</x1><x2>7.821229e-002</x2><x3>1.955307e-001</x3><x4>7.262570e-001</x4><x5>7.06550516258392</x5></dataPoint>
        <dataPoint><x1>3.600000e+001</x1><x2>9.589041e-002</x2><x3>1.917808e-001</x3><x4>7.123288e-001</x4><x5>7.06550516258392</x5></dataPoint>
    </dataGroup>
</experiment>
