<experiment>
    <fileAuthor>Chemical Kinetics Laboratory, Institute of Chemistry, ELTE, Budapest, Hungary</fileAuthor>
    <fileDOI>10.24388/x20004595</fileDOI>
    <fileVersion>
        <major>1</major>
        <minor>0</minor>
    </fileVersion>
    <ReSpecThVersion>
        <major>2</major>
        <minor>3</minor>
    </ReSpecThVersion>
    <firstPublicationDate>2021-10-29</firstPublicationDate>
    <lastModificationDate>2021-10-29</lastModificationDate>
    <bibliographyLink>
        <description>M. Mitu, V. Giurcan, D. Razus, D. Oancea, J Hazard Mater 321 (2017), 440--448</description>
        <referenceDOI>10.1016/j.jhazmat.2016.09.033</referenceDOI>
        <location>Main article</location>
        <figure>Fig. 5, lower triangle - CO2 series</figure>
        <details>
            <author>Mitu, Maria and Giurcan, Venera and Razus, Domnina and Oancea, Dumitru</author>
            <journal>J Hazard Mater</journal>
            <pages>440--448</pages>
            <title>Inert gas influence on the laminar burning velocity of methane-airmixtures</title>
            <volume>321</volume>
            <year>2017</year>
        </details>
    </bibliographyLink>
    <experimentType>laminar burning velocity measurement</experimentType>
    <apparatus>
        <kind>flame</kind>
        <mode>premixed</mode>
        <mode>laminar</mode>
        <mode>OPF</mode>
    </apparatus>
    <commonProperties>
        <property name="temperature"  label="T"  sourcetype="reported"  units="K"   ><value>300</value></property>
        <property name="pressure"     label="p"  sourcetype="reported"  units="atm" ><value>1</value></property>
    </commonProperties>
    <dataGroup id="dg1">
        <property name="laminar burning velocity"      id="x1"   label="Sl"     sourcetype="digitized"   units="cm/s"          />
        <property name="composition"                   id="x2"   label="[CH4]"  sourcetype="calculated"  units="mole fraction" >
            <speciesLink preferredKey="CH4"  CAS="74-82-8"    InChI="1S/CH4/h1H4"    SMILES="C"        chemName="methane"        />
        </property>
        <property name="composition"                   id="x3"   label="[O2]"   sourcetype="calculated"  units="mole fraction" >
            <speciesLink preferredKey="O2"   CAS="7782-44-7"  InChI="1S/O2/c1-2"     SMILES="O=O"      chemName="oxygen"         />
        </property>
        <property name="composition"                   id="x4"   label="[N2]"   sourcetype="calculated"  units="mole fraction" >
            <speciesLink preferredKey="N2"   CAS="7727-37-9"  InChI="1S/N2/c1-2"     SMILES="N#N"      chemName="nitrogen"       />
        </property>
        <property name="composition"                   id="x5"   label="[CO2]"  sourcetype="calculated"  units="mole fraction" >
            <speciesLink preferredKey="CO2"  CAS="124-38-9"   InChI="1S/CO2/c2-1-3"  SMILES="C(=O)=O"  chemName="carbon dioxide" />
        </property>
        <property name="evaluated standard deviation"  id="x6"   sourcetype="estimated"   units="cm/s"           reference="laminar burning velocity"  kind="absolute"  method="combined from scatter and reported uncertainty" />

        <dataPoint><x1>35.37</x1><x2>0.080164</x2><x3>0.193166</x3><x4>0.726671</x4><x5>0.000000</x5> <x6>1.51119314641015</x6></dataPoint>
        <dataPoint><x1>21.11</x1><x2>0.076165</x2><x3>0.183531</x3><x4>0.690426</x4><x5>0.049877</x5> <x6>1.13885005089838</x6></dataPoint>
        <dataPoint><x1>17.74</x1><x2>0.074154</x2><x3>0.178684</x3><x4>0.672191</x4><x5>0.074971</x5> <x6>1.06616176608665</x6></dataPoint>
        <dataPoint><x1>14.53</x1><x2>0.072193</x2><x3>0.173960</x3><x4>0.654420</x4><x5>0.099427</x5> <x6>1.00489530566186</x6></dataPoint>
        <dataPoint><x1>13.26</x1><x2>0.070182</x2><x3>0.169113</x3><x4>0.636189</x4><x5>0.124516</x5><x6>0.983267995749379</x6></dataPoint>
        <dataPoint><x1>11.89</x1><x2>0.068146</x2><x3>0.164206</x3><x4>0.617729</x4><x5>0.149919</x5><x6>0.961582515144306</x6></dataPoint>
        <dataPoint><x1>11.11</x1><x2>0.066135</x2><x3>0.159361</x3><x4>0.599502</x4><x5>0.175002</x5><x6>0.949947150335875</x6></dataPoint>
    </dataGroup>
    <comment>CH4, O2, N2, and CO2 mole fractions were calculated using the equivalence ration and the ratio of carbon dioxide. The uncertainty of measured laminar buring velocity is 3.5%.</comment>
</experiment>
