<experiment>
    <fileAuthor>Chemical Kinetics Laboratory, Institute of Chemistry, ELTE, Budapest, Hungary</fileAuthor>
    <fileDOI>10.24388/x20004182</fileDOI>
    <fileVersion>
        <major>1</major>
        <minor>0</minor>
    </fileVersion>
    <ReSpecThVersion>
        <major>2</major>
        <minor>3</minor>
    </ReSpecThVersion>
    <firstPublicationDate>2021-10-29</firstPublicationDate>
    <lastModificationDate>2021-10-29</lastModificationDate>
    <bibliographyLink>
        <description>M. Elia, M. Ulinski, M. Metghalchi, Journal of Engineering for Gas Turbines and Power 123 (2000), 190--196</description>
        <referenceDOI>10.1115/1.1339984</referenceDOI>
        <location>Fig. 7 full circle</location>
        <figure>Fig. 7</figure>
        <details>
            <author>M. Elia and M. Ulinski and M. Metghalchi</author>
            <journal>Journal of Engineering for Gas Turbines and Power</journal>
            <month>jun</month>
            <number>1</number>
            <pages>190--196</pages>
            <publisher>ASME} International</publisher>
            <title>Laminar Burning Velocity of Methane{\textendash}Air{\textendash}Diluent Mixtures</title>
            <volume>123</volume>
            <year>2000</year>
        </details>
    </bibliographyLink>
    <experimentType>laminar burning velocity measurement</experimentType>
    <apparatus>
        <kind>flame</kind>
        <mode>premixed</mode>
        <mode>laminar</mode>
    </apparatus>
    <commonProperties>
        <property name="pressure"                      label="P"  sourcetype="reported"   units="atm"  ><value>1</value></property>
        <property name="temperature"                   label="T"  sourcetype="reported"   units="K"    ><value>298</value></property>
        <property name="evaluated standard deviation"  sourcetype="estimated"  units="cm/s"  reference="laminar burning velocity"  kind="absolute"  method="combined from scatter and reported uncertainty" ><value>0.513542595082433</value></property>
    </commonProperties>
    <dataGroup id="dg1">
        <property name="laminar burning velocity"  id="x1"   label="Sl"     sourcetype="digitized"  units="cm/s"          />
        <property name="composition"               id="x2"   label="[CH4]"  sourcetype="digitized"  units="mole fraction" >
            <speciesLink preferredKey="CH4"  CAS="74-82-8"    InChI="1S/CH4/h1H4"  SMILES="C"    chemName="methane"  />
        </property>
        <property name="composition"               id="x3"   label="[O2]"   sourcetype="digitized"  units="mole fraction" >
            <speciesLink preferredKey="O2"   CAS="7782-44-7"  InChI="1S/O2/c1-2"   SMILES="O=O"  chemName="oxygen"   />
        </property>
        <property name="composition"               id="x4"   label="[N2]"   sourcetype="digitized"  units="mole fraction" >
            <speciesLink preferredKey="N2"   CAS="7727-37-9"  InChI="1S/N2/c1-2"   SMILES="N#N"  chemName="nitrogen" />
        </property>

        <dataPoint><x1>2.305189e+001</x1><x2>7.817895e-002</x2><x3>1.955378e-001</x3><x4>7.262833e-001</x4></dataPoint>
        <dataPoint><x1>2.811440e+001</x1><x2>8.276503e-002</x2><x3>1.945650e-001</x3><x4>7.226700e-001</x4></dataPoint>
        <dataPoint><x1>3.246287e+001</x1><x2>8.725004e-002</x2><x3>1.936136e-001</x3><x4>7.191363e-001</x4></dataPoint>
        <dataPoint><x1>3.585080e+001</x1><x2>9.146735e-002</x2><x3>1.927190e-001</x3><x4>7.158136e-001</x4></dataPoint>
        <dataPoint><x1>3.774028e+001</x1><x2>9.591382e-002</x2><x3>1.917759e-001</x3><x4>7.123103e-001</x4></dataPoint>
        <dataPoint><x1>3.850359e+001</x1><x2>1.002706e-001</x2><x3>1.908517e-001</x3><x4>7.088777e-001</x4></dataPoint>
        <dataPoint><x1>3.770192e+001</x1><x2>1.043781e-001</x2><x3>1.899804e-001</x3><x4>7.056415e-001</x4></dataPoint>
        <dataPoint><x1>3.497576e+001</x1><x2>1.087533e-001</x2><x3>1.890523e-001</x3><x4>7.021944e-001</x4></dataPoint>
        <dataPoint><x1>3.051909e+001</x1><x2>1.130326e-001</x2><x3>1.881446e-001</x3><x4>6.988228e-001</x4></dataPoint>
    </dataGroup>
</experiment>
