<experiment>
    <fileAuthor>Chemical Kinetics Laboratory, Institute of Chemistry, ELTE, Budapest, Hungary</fileAuthor>
    <fileDOI>10.24388/x20004053</fileDOI>
    <fileVersion>
        <major>1</major>
        <minor>0</minor>
    </fileVersion>
    <ReSpecThVersion>
        <major>2</major>
        <minor>3</minor>
    </ReSpecThVersion>
    <firstPublicationDate>2021-10-29</firstPublicationDate>
    <lastModificationDate>2021-10-29</lastModificationDate>
    <bibliographyLink>
        <description>X. Hu, Q. Yu, J. Liu, N. Sun, Energy 70 (2014), 626--634</description>
        <referenceDOI>10.1016/j.energy.2014.04.029</referenceDOI>
        <location>Main article, Fig. 4, full diamond</location>
        <figure>Figure 4</figure>
        <details>
            <author>Xianzhong Hu and Qingbo Yu and Junxiang Liu and Nan Sun</author>
            <journal>Energy</journal>
            <month>jun</month>
            <pages>626--634</pages>
            <publisher>Elsevier {BV}</publisher>
            <title>Investigation of laminar flame speeds of {CH}4/O2/{CO}2 mixtures at ordinary pressure and kinetic simulation</title>
            <volume>70</volume>
            <year>2014</year>
        </details>
    </bibliographyLink>
    <experimentType>laminar burning velocity measurement</experimentType>
    <apparatus>
        <kind>flame</kind>
        <mode>premixed</mode>
        <mode>laminar</mode>
    </apparatus>
    <commonProperties>
        <property name="pressure"     label="P"  sourcetype="reported"  units="atm" ><value>1</value></property>
        <property name="temperature"  label="T"  sourcetype="reported"  units="K"   ><value>300</value></property>
    </commonProperties>
    <dataGroup id="dg1">
        <property name="laminar burning velocity"      id="x1"   label="Sl"     sourcetype="digitized"  units="cm/s"          />
        <property name="composition"                   id="x2"   label="[CH4]"  sourcetype="digitized"  units="mole fraction" >
            <speciesLink preferredKey="CH4"  CAS="74-82-8"    InChI="1S/CH4/h1H4"    SMILES="C"        chemName="methane"        />
        </property>
        <property name="composition"                   id="x3"   label="[O2]"   sourcetype="digitized"  units="mole fraction" >
            <speciesLink preferredKey="O2"   CAS="7782-44-7"  InChI="1S/O2/c1-2"     SMILES="O=O"      chemName="oxygen"         />
        </property>
        <property name="composition"                   id="x4"   label="[CO2]"  sourcetype="digitized"  units="mole fraction" >
            <speciesLink preferredKey="CO2"  CAS="124-38-9"   InChI="1S/CO2/c2-1-3"  SMILES="C(=O)=O"  chemName="carbon dioxide" />
        </property>
        <property name="evaluated standard deviation"  id="x5"   sourcetype="estimated"  units="cm/s"           reference="laminar burning velocity"  kind="absolute"  method="combined from scatter and reported uncertainty" />

        <dataPoint><x1>1.013155e+001</x1><x2>9.008189e-002</x2><x3>3.002730e-001</x3><x4>6.096451e-001</x4><x5>1.51600899762388</x5></dataPoint>
        <dataPoint><x1>1.454844e+001</x1><x2>1.034508e-001</x2><x3>2.958612e-001</x3><x4>6.006879e-001</x4><x5>1.53831524126916</x5></dataPoint>
        <dataPoint><x1>1.743992e+001</x1><x2>1.164313e-001</x2><x3>2.915777e-001</x3><x4>5.919910e-001</x4><x5>1.55699144056864</x5></dataPoint>
        <dataPoint><x1>2.154946e+001</x1><x2>1.291978e-001</x2><x3>2.873647e-001</x3><x4>5.834375e-001</x4><x5>1.58882507106108</x5></dataPoint>
        <dataPoint><x1>2.603466e+001</x1><x2>1.416309e-001</x2><x3>2.832618e-001</x3><x4>5.751073e-001</x4><x5>1.63026233803712</x5></dataPoint>
        <dataPoint><x1>2.419049e+001</x1><x2>1.536845e-001</x2><x3>2.792841e-001</x3><x4>5.670314e-001</x4><x5>1.61240983283564</x5></dataPoint>
        <dataPoint><x1>2.069567e+001</x1><x2>1.654329e-001</x2><x3>2.754071e-001</x3><x4>5.591599e-001</x4><x5>1.58171499106763</x5></dataPoint>
        <dataPoint><x1>1.743992e+001</x1><x2>1.766920e-001</x2><x3>2.716917e-001</x3><x4>5.516164e-001</x4><x5>1.55699144056864</x5></dataPoint>
        <dataPoint><x1>1.307994e+001</x1><x2>1.878145e-001</x2><x3>2.680212e-001</x3><x4>5.441643e-001</x4> <x5>1.5300510151633</x5></dataPoint>
    </dataGroup>
</experiment>
