<experiment>
    <fileAuthor>Chemical Kinetics Laboratory, Institute of Chemistry, ELTE, Budapest, Hungary</fileAuthor>
    <fileDOI>10.24388/x20004109</fileDOI>
    <fileVersion>
        <major>1</major>
        <minor>0</minor>
    </fileVersion>
    <ReSpecThVersion>
        <major>2</major>
        <minor>3</minor>
    </ReSpecThVersion>
    <firstPublicationDate>2021-10-29</firstPublicationDate>
    <lastModificationDate>2021-10-29</lastModificationDate>
    <bibliographyLink>
        <description>A.A. Konnov, R. Riemeijer, L.P.H.{. Goey}, Fuel 89 (2010), 1392-1396</description>
        <referenceDOI>10.1016/j.fuel.2009.11.002</referenceDOI>
        <location>Main article, Fig. 7, open square</location>
        <figure>Figure 7</figure>
        <details>
            <author>A.A. Konnov and R. Riemeijer and L.P.H. {de Goey}</author>
            <journal>Fuel</journal>
            <number>7</number>
            <pages>1392-1396</pages>
            <title>Adiabatic laminar burning velocities of CH4+H2+air flames at low pressures</title>
            <volume>89</volume>
            <year>2010</year>
        </details>
    </bibliographyLink>
    <experimentType>laminar burning velocity measurement</experimentType>
    <apparatus>
        <kind>flame</kind>
        <mode>premixed</mode>
        <mode>laminar</mode>
    </apparatus>
    <commonProperties>
        <property name="temperature"          label="T"  sourcetype="reported"    units="K"             ><value>298</value></property>
        <property name="initial composition"  sourcetype="calculated" >
            <component><speciesLink preferredKey="CH4"  CAS="74-82-8"    InChI="1S/CH4/h1H4"  SMILES="C"     chemName="methane"  /><amount units="mole fraction" >0.092579</amount></component>
            <component><speciesLink preferredKey="O2"   CAS="7782-44-7"  InChI="1S/O2/c1-2"   SMILES="O=O"   chemName="oxygen"   /><amount units="mole fraction" >0.19030</amount></component>
            <component><speciesLink preferredKey="N2"   CAS="7727-37-9"  InChI="1S/N2/c1-2"   SMILES="N#N"   chemName="nitrogen" /><amount units="mole fraction" >0.70683</amount></component>
            <component><speciesLink preferredKey="H2"   CAS="1333-74-0"  InChI="1S/H2/h1H"    SMILES="[HH]"  chemName="hydrogen" /><amount units="mole fraction" >0.010287</amount></component>
        </property>
    </commonProperties>
    <dataGroup id="dg1">
        <property name="pressure"                      id="x1"   label="P"   sourcetype="digitized"  units="Pa"   />
        <property name="laminar burning velocity"      id="x2"   label="Sl"  sourcetype="digitized"  units="cm/s" />
        <property name="evaluated standard deviation"  id="x3"   sourcetype="estimated"  units="cm/s"  reference="laminar burning velocity"  kind="absolute"  method="combined from scatter and reported uncertainty" />

        <dataPoint><x1>2.001264e+004</x1><x2>5.708474e+001</x2>  <x3>2.2831665690431</x3></dataPoint>
        <dataPoint><x1>2.999789e+004</x1><x2>5.464117e+001</x2> <x3>2.03765046910168</x3></dataPoint>
        <dataPoint><x1>4.010954e+004</x1><x2>5.138543e+001</x2> <x3>1.79018324856979</x3></dataPoint>
        <dataPoint><x1>5.001053e+004</x1><x2>4.871694e+001</x2> <x3>1.54953405119209</x3></dataPoint>
        <dataPoint><x1>6.012218e+004</x1><x2>4.656183e+001</x2> <x3>1.30641435057765</x3></dataPoint>
        <dataPoint><x1>7.010744e+004</x1><x2>4.486317e+001</x2> <x3>1.07073252132182</x3></dataPoint>
        <dataPoint><x1>8.011376e+004</x1><x2>4.322649e+001</x2><x3>0.842644754947437</x3></dataPoint>
        <dataPoint><x1>9.022541e+004</x1><x2>4.192567e+001</x2><x3>0.629417960490755</x3></dataPoint>
        <dataPoint><x1>1.001053e+005</x1><x2>3.961777e+001</x2>              <x3>0.5</x3></dataPoint>
    </dataGroup>
</experiment>
