<experiment>
    <fileAuthor>Chemical Kinetics Laboratory, Institute of Chemistry, ELTE, Budapest, Hungary</fileAuthor>
    <fileDOI>10.24388/x20004278</fileDOI>
    <fileVersion>
        <major>1</major>
        <minor>0</minor>
    </fileVersion>
    <ReSpecThVersion>
        <major>2</major>
        <minor>3</minor>
    </ReSpecThVersion>
    <firstPublicationDate>2021-10-29</firstPublicationDate>
    <lastModificationDate>2021-10-29</lastModificationDate>
    <bibliographyLink>
        <description>V.S. Babkin, L.S. Kozachenko, Combustion, Explosion and Shock Waves 2 (1969), 46--52</description>
        <referenceDOI>10.1007/BF00749026</referenceDOI>
        <location>Fig. 4 full circle I 4, main text</location>
        <figure>Fig. 4</figure>
        <details>
            <author>V. S. Babkin and L. S. Kozachenko</author>
            <journal>Combustion, Explosion and Shock Waves</journal>
            <number>3</number>
            <pages>46--52</pages>
            <publisher>Springer Science and Business Media {LLC}</publisher>
            <title>Study of normal burning velocity in methane-air mixtures at high pressures</title>
            <volume>2</volume>
            <year>1969</year>
        </details>
    </bibliographyLink>
    <experimentType>laminar burning velocity measurement</experimentType>
    <apparatus>
        <kind>flame</kind>
        <mode>premixed</mode>
        <mode>laminar</mode>
    </apparatus>
    <commonProperties>
        <property name="temperature"          label="T"  sourcetype="reported"    units="K"             ><value>473</value></property>
        <property name="initial composition"  sourcetype="calculated" >
            <component><speciesLink preferredKey="CH4"  CAS="74-82-8"    InChI="1S/CH4/h1H4"  SMILES="C"    chemName="methane"  /><amount units="mole fraction" >0.095</amount></component>
            <component><speciesLink preferredKey="O2"   CAS="7782-44-7"  InChI="1S/O2/c1-2"   SMILES="O=O"  chemName="oxygen"   /><amount units="mole fraction" >0.19005</amount></component>
            <component><speciesLink preferredKey="N2"   CAS="7727-37-9"  InChI="1S/N2/c1-2"   SMILES="N#N"  chemName="nitrogen" /><amount units="mole fraction" >0.71495</amount></component>
        </property>
    </commonProperties>
    <dataGroup id="dg1">
        <property name="pressure"                      id="x1"   label="P"   sourcetype="digitized"  units="atm"  />
        <property name="laminar burning velocity"      id="x2"   label="Sl"  sourcetype="digitized"  units="cm/s" />
        <property name="evaluated standard deviation"  id="x3"   sourcetype="estimated"  units="cm/s"  reference="laminar burning velocity"  kind="absolute"  method="combined from scatter and estimated uncertainty" />

        <dataPoint><x1>1.010416e+000</x1><x2>7.252705e+001</x2><x3>3.79548497643664</x3></dataPoint>
        <dataPoint><x1>8.017150e+000</x1><x2>3.888034e+001</x2><x3>2.24376376840099</x3></dataPoint>
        <dataPoint><x1>2.294933e+001</x1><x2>2.466721e+001</x2><x3>1.66626884837359</x3></dataPoint>
        <dataPoint><x1>7.118197e+001</x1><x2>1.572860e+001</x2><x3>1.36884838349614</x3></dataPoint>
    </dataGroup>
</experiment>
