<experiment>
    <fileAuthor>Chemical Kinetics Laboratory, Institute of Chemistry, ELTE, Budapest, Hungary</fileAuthor>
    <fileDOI>10.24388/x20004420</fileDOI>
    <fileVersion>
        <major>1</major>
        <minor>0</minor>
    </fileVersion>
    <ReSpecThVersion>
        <major>2</major>
        <minor>3</minor>
    </ReSpecThVersion>
    <firstPublicationDate>2021-10-29</firstPublicationDate>
    <lastModificationDate>2021-10-29</lastModificationDate>
    <bibliographyLink>
        <description>L. Qiao, Y. Gan, T. Nishiie, W.J.A. Dahm, E.S. Oran, Combustion and Flame 157 (2010), 1446--1455</description>
        <referenceDOI>10.1016/j.combustflame.2010.04.004</referenceDOI>
        <location>Main article</location>
        <table>Table 1.</table>
        <details>
            <author>L. Qiao and Y. Gan and T. Nishiie and W.J.A. Dahm and E.S. Oran</author>
            <journal>Combustion and Flame</journal>
            <month>aug</month>
            <number>8</number>
            <pages>1446--1455</pages>
            <publisher>Elsevier {BV}</publisher>
            <title>Extinction of premixed methane/air flames in microgravity by diluents: Effects of radiation and Lewis number</title>
            <volume>157</volume>
            <year>2010</year>
        </details>
    </bibliographyLink>
    <experimentType>laminar burning velocity measurement</experimentType>
    <apparatus>
        <kind>flame</kind>
        <mode>premixed</mode>
        <mode>laminar</mode>
    </apparatus>
    <commonProperties>
        <property name="pressure"     label="P"  sourcetype="reported"  units="atm" ><value>1</value></property>
        <property name="temperature"  label="T"  sourcetype="reported"  units="K"   ><value>293</value></property>
    </commonProperties>
    <dataGroup id="dg1">
        <property name="laminar burning velocity"      id="x1"   label="Sl"     sourcetype="reported"    units="cm/s"          />
        <property name="composition"                   id="x2"   label="[CH4]"  sourcetype="calculated"  units="mole fraction" >
            <speciesLink preferredKey="CH4"  CAS="74-82-8"    InChI="1S/CH4/h1H4"    SMILES="C"        chemName="methane"        />
        </property>
        <property name="composition"                   id="x3"   label="[O2]"   sourcetype="calculated"  units="mole fraction" >
            <speciesLink preferredKey="O2"   CAS="7782-44-7"  InChI="1S/O2/c1-2"     SMILES="O=O"      chemName="oxygen"         />
        </property>
        <property name="composition"                   id="x4"   label="[N2]"   sourcetype="calculated"  units="mole fraction" >
            <speciesLink preferredKey="N2"   CAS="7727-37-9"  InChI="1S/N2/c1-2"     SMILES="N#N"      chemName="nitrogen"       />
        </property>
        <property name="composition"                   id="x5"   label="[CO2]"  sourcetype="calculated"  units="mole fraction" >
            <speciesLink preferredKey="CO2"  CAS="124-38-9"   InChI="1S/CO2/c2-1-3"  SMILES="C(=O)=O"  chemName="carbon dioxide" />
        </property>
        <property name="evaluated standard deviation"  id="x6"   sourcetype="estimated"   units="cm/s"           reference="laminar burning velocity"  kind="absolute"  method="combined from scatter and reported uncertainty" />

        <dataPoint><x1>3.700000e+001</x1><x2>9.502262e-002</x2><x3>1.900452e-001</x3><x4>7.149321e-001</x4><x5>0.000000e+000</x5> <x6>1.93904924180486</x6></dataPoint>
        <dataPoint><x1>1.920000e+001</x1><x2>9.027149e-002</x2><x3>1.805430e-001</x3><x4>6.791855e-001</x4><x5>5.000000e-002</x5> <x6>1.32570495667173</x6></dataPoint>
        <dataPoint><x1>1.140000e+001</x1><x2>8.552036e-002</x2><x3>1.710407e-001</x3><x4>6.434389e-001</x4><x5>1.000000e-001</x5><x6>0.928841408499858</x6></dataPoint>
        <dataPoint><x1>9.000000e+000</x1><x2>8.076923e-002</x2><x3>1.615385e-001</x3><x4>6.076923e-001</x4><x5>1.500000e-001</x5><x6>0.802678873924061</x6></dataPoint>
        <dataPoint><x1>5.500000e+000</x1><x2>7.601810e-002</x2><x3>1.520362e-001</x3><x4>5.719457e-001</x4><x5>2.000000e-001</x5><x6>0.802689851916043</x6></dataPoint>
        <dataPoint><x1>4.400000e+000</x1><x2>7.411765e-002</x2><x3>1.482353e-001</x3><x4>5.576471e-001</x4><x5>2.200000e-001</x5><x6>0.734070820949178</x6></dataPoint>
    </dataGroup>
</experiment>
