<experiment>
    <fileAuthor>Chemical Kinetics Laboratory, Institute of Chemistry, ELTE, Budapest, Hungary</fileAuthor>
    <fileDOI>10.24388/x20004376</fileDOI>
    <fileVersion>
        <major>1</major>
        <minor>0</minor>
    </fileVersion>
    <ReSpecThVersion>
        <major>2</major>
        <minor>3</minor>
    </ReSpecThVersion>
    <firstPublicationDate>2021-10-29</firstPublicationDate>
    <lastModificationDate>2021-10-29</lastModificationDate>
    <bibliographyLink>
        <description>K.Ya. Troshin, A.A. Borisov, A.N. Rakhmetov, V.S. Arutyunov, G.G. Politenkova, Combustion, Explosion, and Shock Waves 7 (2013), 290--301</description>
        <referenceDOI>10.1134/S1990793113050102</referenceDOI>
        <location>Main article</location>
        <figure>Fig. 6, open circle</figure>
        <details>
            <author>K. Ya. Troshin and A. A. Borisov and A. N. Rakhmetov and V. S. Arutyunov and G. G. Politenkova</author>
            <journal>Combustion, Explosion, and Shock Waves</journal>
            <month>may</month>
            <number>3</number>
            <pages>290--301</pages>
            <publisher>Pleiades Publishing Ltd</publisher>
            <title>Burning velocity of methane-hydrogen mixtures at elevated pressures and temperatures</title>
            <volume>7</volume>
            <year>2013</year>
        </details>
    </bibliographyLink>
    <experimentType>laminar burning velocity measurement</experimentType>
    <apparatus>
        <kind>flame</kind>
        <mode>premixed</mode>
        <mode>laminar</mode>
    </apparatus>
    <commonProperties>
        <property name="pressure"             label="P"  sourcetype="reported"    units="atm"           ><value>1</value></property>
        <property name="initial composition"  sourcetype="calculated" >
            <component><speciesLink preferredKey="CH4"  CAS="74-82-8"    InChI="1S/CH4/h1H4"  SMILES="C"    chemName="methane"  /><amount units="mole fraction" >0.078212</amount></component>
            <component><speciesLink preferredKey="O2"   CAS="7782-44-7"  InChI="1S/O2/c1-2"   SMILES="O=O"  chemName="oxygen"   /><amount units="mole fraction" >0.19553</amount></component>
            <component><speciesLink preferredKey="N2"   CAS="7727-37-9"  InChI="1S/N2/c1-2"   SMILES="N#N"  chemName="nitrogen" /><amount units="mole fraction" >0.72626</amount></component>
        </property>
    </commonProperties>
    <dataGroup id="dg1">
        <property name="temperature"                   id="x1"   label="T"   sourcetype="digitized"  units="K"    />
        <property name="laminar burning velocity"      id="x2"   label="Sl"  sourcetype="digitized"  units="cm/s" />
        <property name="evaluated standard deviation"  id="x3"   sourcetype="estimated"  units="cm/s"  reference="laminar burning velocity"  kind="absolute"  method="combined from scatter and reported uncertainty" />

        <dataPoint><x1>2.947247e+002</x1><x2>2.837301e+001</x2><x3>3.52640582735277</x3></dataPoint>
        <dataPoint><x1>3.731720e+002</x1><x2>2.978870e+001</x2><x3>3.53369493642367</x3></dataPoint>
        <dataPoint><x1>4.735899e+002</x1><x2>4.874415e+001</x2><x3>3.66297568220348</x3></dataPoint>
        <dataPoint><x1>5.744696e+002</x1><x2>6.963723e+001</x2><x3>3.86823417403801</x3></dataPoint>
    </dataGroup>
</experiment>
