<experiment>
    <fileAuthor>Chemical Kinetics Laboratory, Institute of Chemistry, ELTE, Budapest, Hungary</fileAuthor>
    <fileDOI>10.24388/x20004055</fileDOI>
    <fileVersion>
        <major>1</major>
        <minor>0</minor>
    </fileVersion>
    <ReSpecThVersion>
        <major>2</major>
        <minor>3</minor>
    </ReSpecThVersion>
    <firstPublicationDate>2021-10-29</firstPublicationDate>
    <lastModificationDate>2021-10-29</lastModificationDate>
    <bibliographyLink>
        <description>E. Hu, Z. Huang, J. He, C. Jin, J. Zheng, Int J Hydrogen Energy 34 (2009), 4876--4888</description>
        <referenceDOI>10.1016/j.ijhydene.2009.03.058</referenceDOI>
        <location>Main article, Fig. 10a, black open square</location>
        <figure>Figure 10a</figure>
        <details>
            <author>Hu, Erjiang and Huang, Zuohua and He, Jiajia and Jin, Chun and Zheng, Jianjun</author>
            <journal>Int J Hydrogen Energy</journal>
            <number>11</number>
            <pages>4876--4888</pages>
            <title>Experimental and numerical study on laminar burning characteristics of premixed methane--hydrogen--air flames</title>
            <volume>34</volume>
            <year>2009</year>
        </details>
    </bibliographyLink>
    <experimentType>laminar burning velocity measurement</experimentType>
    <apparatus>
        <kind>flame</kind>
        <mode>premixed</mode>
        <mode>laminar</mode>
    </apparatus>
    <commonProperties>
        <property name="pressure"     label="P"  sourcetype="reported"  units="Pa" ><value>0.1e+006</value></property>
        <property name="temperature"  label="T"  sourcetype="reported"  units="K"  ><value>303</value></property>
    </commonProperties>
    <dataGroup id="dg1">
        <property name="laminar burning velocity"      id="x1"   label="Sl"     sourcetype="digitized"  units="m/s"           />
        <property name="composition"                   id="x2"   label="[CH4]"  sourcetype="digitized"  units="mole fraction" >
            <speciesLink preferredKey="CH4"  CAS="74-82-8"    InChI="1S/CH4/h1H4"  SMILES="C"    chemName="methane"  />
        </property>
        <property name="composition"                   id="x3"   label="[O2]"   sourcetype="digitized"  units="mole fraction" >
            <speciesLink preferredKey="O2"   CAS="7782-44-7"  InChI="1S/O2/c1-2"   SMILES="O=O"  chemName="oxygen"   />
        </property>
        <property name="composition"                   id="x4"   label="[N2]"   sourcetype="digitized"  units="mole fraction" >
            <speciesLink preferredKey="N2"   CAS="7727-37-9"  InChI="1S/N2/c1-2"   SMILES="N#N"  chemName="nitrogen" />
        </property>
        <property name="evaluated standard deviation"  id="x5"   sourcetype="estimated"  units="cm/s"           reference="laminar burning velocity"  kind="absolute"  method="combined from scatter and reported uncertainty" />

        <dataPoint><x1>1.194300e-001</x1><x2>5.988906e-002</x2><x3>1.994175e-001</x3><x4>7.406935e-001</x4><x5>1.54136232135861</x5></dataPoint>
        <dataPoint><x1>2.069100e-001</x1><x2>6.907374e-002</x2><x3>1.974692e-001</x3><x4>7.334571e-001</x4><x5>2.11830696396344</x5></dataPoint>
        <dataPoint><x1>2.686800e-001</x1><x2>7.824023e-002</x2><x3>1.955248e-001</x3><x4>7.262350e-001</x4><x5>2.58069015652867</x5></dataPoint>
        <dataPoint><x1>3.206300e-001</x1><x2>8.706091e-002</x2><x3>1.936537e-001</x3><x4>7.192853e-001</x4><x5>2.98734355754808</x5></dataPoint>
        <dataPoint><x1>3.524100e-001</x1><x2>9.580718e-002</x2><x3>1.917985e-001</x3><x4>7.123943e-001</x4><x5>3.24132188947287</x5></dataPoint>
        <dataPoint><x1>3.745500e-001</x1><x2>1.043738e-001</x2><x3>1.899813e-001</x3><x4>7.056449e-001</x4><x5>3.42002134218487</x5></dataPoint>
        <dataPoint><x1>3.254500e-001</x1><x2>1.128031e-001</x2><x3>1.881933e-001</x3><x4>6.990037e-001</x4><x5>3.02564716730157</x5></dataPoint>
        <dataPoint><x1>2.040600e-001</x1><x2>1.210841e-001</x2><x3>1.864367e-001</x3><x4>6.924792e-001</x4><x5>2.09776015577473</x5></dataPoint>
    </dataGroup>
</experiment>
