<experiment>
    <fileAuthor>Chemical Kinetics Laboratory, Institute of Chemistry, ELTE, Budapest, Hungary</fileAuthor>
    <fileDOI>10.24388/x20004162</fileDOI>
    <fileVersion>
        <major>1</major>
        <minor>0</minor>
    </fileVersion>
    <ReSpecThVersion>
        <major>2</major>
        <minor>3</minor>
    </ReSpecThVersion>
    <firstPublicationDate>2021-10-29</firstPublicationDate>
    <lastModificationDate>2021-10-29</lastModificationDate>
    <bibliographyLink>
        <description>V. Moccia, J. D{\textquotesingle}Alessio, Energies 6 (2013), 97--116</description>
        <referenceDOI>10.3390/en6010097</referenceDOI>
        <location>Main article, Fig. 6, green diamond</location>
        <figure>Figure 6</figure>
        <details>
            <author>Vincenzo Moccia and Jacopo D{\textquotesingle}Alessio</author>
            <journal>Energies</journal>
            <month>jan</month>
            <number>1</number>
            <pages>97--116</pages>
            <publisher>MDPI} {AG</publisher>
            <title>Burning Behaviour of High-Pressure {CH}4-H2-Air Mixtures</title>
            <volume>6</volume>
            <year>2013</year>
        </details>
    </bibliographyLink>
    <experimentType>laminar burning velocity measurement</experimentType>
    <apparatus>
        <kind>flame</kind>
        <mode>premixed</mode>
        <mode>laminar</mode>
    </apparatus>
    <commonProperties>
        <property name="temperature"          label="T"  sourcetype="reported"    units="K"             ><value>298</value></property>
        <property name="initial composition"  sourcetype="calculated" >
            <component><speciesLink preferredKey="CH4"  CAS="74-82-8"    InChI="1S/CH4/h1H4"  SMILES="C"     chemName="methane"  /><amount units="mole fraction" >0.088748</amount></component>
            <component><speciesLink preferredKey="O2"   CAS="7782-44-7"  InChI="1S/O2/c1-2"   SMILES="O=O"   chemName="oxygen"   /><amount units="mole fraction" >0.18859</amount></component>
            <component><speciesLink preferredKey="N2"   CAS="7727-37-9"  InChI="1S/N2/c1-2"   SMILES="N#N"   chemName="nitrogen" /><amount units="mole fraction" >0.70048</amount></component>
            <component><speciesLink preferredKey="H2"   CAS="1333-74-0"  InChI="1S/H2/h1H"    SMILES="[HH]"  chemName="hydrogen" /><amount units="mole fraction" >0.022187</amount></component>
        </property>
    </commonProperties>
    <dataGroup id="dg1">
        <property name="pressure"                      id="x1"   label="P"   sourcetype="digitized"  units="bar"  />
        <property name="laminar burning velocity"      id="x2"   label="Sl"  sourcetype="digitized"  units="cm/s" />
        <property name="evaluated standard deviation"  id="x3"   sourcetype="estimated"  units="cm/s"  reference="laminar burning velocity"  kind="absolute"  method="combined from scatter and estimated uncertainty" />

        <dataPoint><x1>2.993712e+000</x1><x2>2.736529e+001</x2> <x3>1.52077860361864</x3></dataPoint>
        <dataPoint><x1>2.993850e+000</x1><x2>2.698174e+001</x2> <x3>1.50354765565745</x3></dataPoint>
        <dataPoint><x1>5.993217e+000</x1><x2>2.080511e+001</x2> <x3>1.23399810556753</x3></dataPoint>
        <dataPoint><x1>5.993493e+000</x1><x2>2.057643e+001</x2> <x3>1.22437473762172</x3></dataPoint>
        <dataPoint><x1>1.200936e+001</x1><x2>1.553853e+001</x2> <x3>1.02187797983235</x3></dataPoint>
        <dataPoint><x1>1.201130e+001</x1><x2>1.494961e+001</x2><x3>0.999673405240056</x3></dataPoint>
        <dataPoint><x1>1.201241e+001</x1><x2>1.452479e+001</x2><x3>0.983892082814091</x3></dataPoint>
        <dataPoint><x1>1.801399e+001</x1><x2>1.305389e+001</x2><x3>0.930929605069175</x3></dataPoint>
    </dataGroup>
</experiment>
