<experiment>
    <fileAuthor>Chemical Kinetics Laboratory, Institute of Chemistry, ELTE, Budapest, Hungary</fileAuthor>
    <fileDOI>10.24388/x20004405</fileDOI>
    <fileVersion>
        <major>1</major>
        <minor>0</minor>
    </fileVersion>
    <ReSpecThVersion>
        <major>2</major>
        <minor>3</minor>
    </ReSpecThVersion>
    <firstPublicationDate>2021-10-29</firstPublicationDate>
    <lastModificationDate>2021-10-29</lastModificationDate>
    <bibliographyLink>
        <description>J. Park, S. Kim, K. Lee, T.K. Kim, International Journal of Energy Research 26 (2002), 1141--1160</description>
        <referenceDOI>10.1002/er.841</referenceDOI>
        <location>Main article</location>
        <figure>Fig. 4., full circle</figure>
        <details>
            <author>Jeong Park and Seung-Gon Kim and Kee-Man Lee and Tae Kwon Kim</author>
            <journal>International Journal of Energy Research</journal>
            <number>13</number>
            <pages>1141--1160</pages>
            <publisher>Wiley</publisher>
            <title>Chemical effect of diluents on flame structure and {NO} emission characteristic in methane-air counterflow diffusion flame</title>
            <volume>26</volume>
            <year>2002</year>
        </details>
    </bibliographyLink>
    <experimentType>laminar burning velocity measurement</experimentType>
    <apparatus>
        <kind>flame</kind>
        <mode>premixed</mode>
        <mode>laminar</mode>
    </apparatus>
    <commonProperties>
        <property name="temperature"  label="T"  sourcetype="reported"  units="K"   ><value>300</value></property>
        <property name="pressure"     label="P"  sourcetype="reported"  units="atm" ><value>1</value></property>
    </commonProperties>
    <dataGroup id="dg1">
        <property name="laminar burning velocity"      id="x1"   label="S1"     sourcetype="digitized"   units="cm/s"          />
        <property name="composition"                   id="x2"   label="[CH4]"  sourcetype="calculated"  units="mole fraction" >
            <speciesLink preferredKey="CH4"  CAS="74-82-8"    InChI="1S/CH4/h1H4"  SMILES="C"    chemName="methane"  />
        </property>
        <property name="composition"                   id="x3"   label="[O2]"   sourcetype="calculated"  units="mole fraction" >
            <speciesLink preferredKey="O2"   CAS="7782-44-7"  InChI="1S/O2/c1-2"   SMILES="O=O"  chemName="oxygen"   />
        </property>
        <property name="composition"                   id="x4"   label="[N2]"   sourcetype="calculated"  units="mole fraction" >
            <speciesLink preferredKey="N2"   CAS="7727-37-9"  InChI="1S/N2/c1-2"   SMILES="N#N"  chemName="nitrogen" />
        </property>
        <property name="evaluated standard deviation"  id="x5"   sourcetype="estimated"   units="cm/s"           reference="laminar burning velocity"  kind="absolute"  method="combined from scatter and estimated uncertainty" />

        <dataPoint><x1>21.02</x1><x2>0.06889</x2><x3>0.19751</x3><x4>0.73360</x4><x5>1.54094764443313</x5></dataPoint>
        <dataPoint><x1>23.05</x1><x2>0.07382</x2><x3>0.19646</x3><x4>0.72972</x4><x5>1.64212764512507</x5></dataPoint>
        <dataPoint><x1>26.13</x1><x2>0.07855</x2><x3>0.19546</x3><x4>0.72599</x4><x5>1.80052521306534</x5></dataPoint>
        <dataPoint><x1>30.03</x1><x2>0.08339</x2><x3>0.19443</x3><x4>0.72218</x4><x5>2.00757999663376</x5></dataPoint>
        <dataPoint><x1>34.35</x1><x2>0.08815</x2><x3>0.19342</x3><x4>0.71842</x4><x5>2.24312621198273</x5></dataPoint>
        <dataPoint><x1>36.83</x1><x2>0.09261</x2><x3>0.19248</x3><x4>0.71492</x4><x5>2.38056931066583</x5></dataPoint>
        <dataPoint><x1>38.59</x1><x2>0.09742</x2><x3>0.19146</x3><x4>0.71112</x4><x5>2.47890527509302</x5></dataPoint>
        <dataPoint><x1>39.47</x1><x2>0.10179</x2><x3>0.19053</x3><x4>0.70768</x4><x5>2.52829298992106</x5></dataPoint>
        <dataPoint><x1>40.08</x1><x2>0.10625</x2><x3>0.18958</x3><x4>0.70417</x4> <x5>2.5626075085514</x5></dataPoint>
        <dataPoint><x1>38.76</x1><x2>0.11054</x2><x3>0.18867</x3><x4>0.70079</x4><x5>2.48843516348809</x5></dataPoint>
        <dataPoint><x1>36.19</x1><x2>0.11492</x2><x3>0.18774</x3><x4>0.69734</x4><x5>2.34496741190235</x5></dataPoint>
        <dataPoint><x1>33.79</x1><x2>0.11913</x2><x3>0.18685</x3><x4>0.69402</x4> <x5>2.2122940498234</x5></dataPoint>
        <dataPoint><x1>31.31</x1><x2>0.12328</x2><x3>0.18597</x3><x4>0.69075</x4> <x5>2.0767840915425</x5></dataPoint>
    </dataGroup>
</experiment>
