<experiment>
    <fileAuthor>Chemical Kinetics Laboratory, Institute of Chemistry, ELTE, Budapest, Hungary</fileAuthor>
    <fileDOI>10.24388/x20004474</fileDOI>
    <fileVersion>
        <major>1</major>
        <minor>0</minor>
    </fileVersion>
    <ReSpecThVersion>
        <major>2</major>
        <minor>3</minor>
    </ReSpecThVersion>
    <firstPublicationDate>2021-10-29</firstPublicationDate>
    <lastModificationDate>2021-10-29</lastModificationDate>
    <bibliographyLink>
        <description>R.T.E. Hermanns, PhD Thesis, (2007)</description>
        <location>Appendix E., E.2.</location>
        <table>Table E.3. 10% H2</table>
        <details>
            <author>Roy Theodorus Elisabeth Hermanns</author>
            <month>oct</month>
            <school>Eindhoven University of Technology</school>
            <title>Laminar Burning Velocities of Methane-Hydrogen-Air Mixtures</title>
            <year>2007</year>
        </details>
    </bibliographyLink>
    <experimentType>laminar burning velocity measurement</experimentType>
    <apparatus>
        <kind>flame</kind>
        <mode>premixed</mode>
        <mode>laminar</mode>
    </apparatus>
    <commonProperties>
        <property name="pressure"                      label="P"  sourcetype="reported"   units="atm"  ><value>1</value></property>
        <property name="temperature"                   label="T"  sourcetype="reported"   units="K"    ><value>298</value></property>
        <property name="evaluated standard deviation"  sourcetype="estimated"  units="cm/s"  reference="laminar burning velocity"  kind="absolute"  method="generic uncertainty" ><value>0.5</value></property>
    </commonProperties>
    <dataGroup id="dg1">
        <property name="laminar burning velocity"  id="x1"   label="Sl"     sourcetype="reported"    units="cm/s"          />
        <property name="composition"               id="x2"   label="[CH4]"  sourcetype="calculated"  units="mole fraction" >
            <speciesLink preferredKey="CH4"  CAS="74-82-8"    InChI="1S/CH4/h1H4"  SMILES="C"     chemName="methane"  />
        </property>
        <property name="composition"               id="x3"   label="[O2]"   sourcetype="calculated"  units="mole fraction" >
            <speciesLink preferredKey="O2"   CAS="7782-44-7"  InChI="1S/O2/c1-2"   SMILES="O=O"   chemName="oxygen"   />
        </property>
        <property name="composition"               id="x4"   label="[N2]"   sourcetype="calculated"  units="mole fraction" >
            <speciesLink preferredKey="N2"   CAS="7727-37-9"  InChI="1S/N2/c1-2"   SMILES="N#N"   chemName="nitrogen" />
        </property>
        <property name="composition"               id="x5"   label="[H2]"   sourcetype="calculated"  units="mole fraction" >
            <speciesLink preferredKey="H2"   CAS="1333-74-0"  InChI="1S/H2/h1H"    SMILES="[HH]"  chemName="hydrogen" />
        </property>

        <dataPoint><x1>1.900000e+001</x1><x2>6.686884e-002</x2><x3>1.963609e-001</x3><x4>7.293404e-001</x4><x5>7.429871e-003</x5></dataPoint>
        <dataPoint><x1>2.380000e+001</x1><x2>7.126697e-002</x2><x3>1.953243e-001</x3><x4>7.254902e-001</x4><x5>7.918552e-003</x5></dataPoint>
        <dataPoint><x1>2.820000e+001</x1><x2>7.561891e-002</x2><x3>1.942986e-001</x3><x4>7.216804e-001</x4><x5>8.402101e-003</x5></dataPoint>
        <dataPoint><x1>3.220000e+001</x1><x2>7.992537e-002</x2><x3>1.932836e-001</x3><x4>7.179104e-001</x4><x5>8.880597e-003</x5></dataPoint>
        <dataPoint><x1>3.510000e+001</x1><x2>8.418708e-002</x2><x3>1.922791e-001</x3><x4>7.141797e-001</x4><x5>9.354120e-003</x5></dataPoint>
        <dataPoint><x1>3.760000e+001</x1><x2>8.840473e-002</x2><x3>1.912851e-001</x3><x4>7.104874e-001</x4><x5>9.822747e-003</x5></dataPoint>
        <dataPoint><x1>3.920000e+001</x1><x2>9.257899e-002</x2><x3>1.903012e-001</x3><x4>7.068332e-001</x4><x5>1.028655e-002</x5></dataPoint>
        <dataPoint><x1>4.010000e+001</x1><x2>9.671053e-002</x2><x3>1.893275e-001</x3><x4>7.032164e-001</x4><x5>1.074561e-002</x5></dataPoint>
        <dataPoint><x1>4.010000e+001</x1><x2>1.008000e-001</x2><x3>1.883636e-001</x3><x4>6.996364e-001</x4><x5>1.120000e-002</x5></dataPoint>
        <dataPoint><x1>3.890000e+001</x1><x2>1.048480e-001</x2><x3>1.874096e-001</x3><x4>6.960926e-001</x4><x5>1.164978e-002</x5></dataPoint>
        <dataPoint><x1>3.620000e+001</x1><x2>1.088553e-001</x2><x3>1.864651e-001</x3><x4>6.925846e-001</x4><x5>1.209503e-002</x5></dataPoint>
        <dataPoint><x1>3.180000e+001</x1><x2>1.128224e-001</x2><x3>1.855301e-001</x3><x4>6.891117e-001</x4><x5>1.253582e-002</x5></dataPoint>
        <dataPoint><x1>2.670000e+001</x1><x2>1.167498e-001</x2><x3>1.846044e-001</x3><x4>6.856736e-001</x4><x5>1.297220e-002</x5></dataPoint>
        <dataPoint><x1>2.090000e+001</x1><x2>1.206383e-001</x2><x3>1.836879e-001</x3><x4>6.822695e-001</x4><x5>1.340426e-002</x5></dataPoint>
        <dataPoint><x1>1.740000e+001</x1><x2>1.244884e-001</x2><x3>1.827805e-001</x3><x4>6.788991e-001</x4><x5>1.383204e-002</x5></dataPoint>
        <dataPoint><x1>1.450000e+001</x1><x2>1.283006e-001</x2><x3>1.818820e-001</x3><x4>6.755618e-001</x4><x5>1.425562e-002</x5></dataPoint>
        <dataPoint><x1>1.230000e+001</x1><x2>1.320755e-001</x2><x3>1.809923e-001</x3><x4>6.722572e-001</x4><x5>1.467505e-002</x5></dataPoint>
    </dataGroup>
</experiment>
