<experiment>
    <fileAuthor>Chemical Kinetics Laboratory, Institute of Chemistry, ELTE, Budapest, Hungary</fileAuthor>
    <fileDOI>10.24388/x20004549</fileDOI>
    <fileVersion>
        <major>1</major>
        <minor>0</minor>
    </fileVersion>
    <ReSpecThVersion>
        <major>2</major>
        <minor>3</minor>
    </ReSpecThVersion>
    <firstPublicationDate>2021-10-29</firstPublicationDate>
    <lastModificationDate>2021-10-29</lastModificationDate>
    <bibliographyLink>
        <description>X. Cai, J. Wang, W. Zhang, Y. Xie, M. Zhang, Z. Huang, Fuel 184 (2016), 466--473</description>
        <referenceDOI>10.1016/j.fuel.2016.07.011</referenceDOI>
        <location>Main article</location>
        <figure>Fig. 3. (a), black square</figure>
        <details>
            <author>Cai, Xiao and Wang, Jinhua and Zhang, Weijie and Xie, Yongliang and Zhang, Meng and Huang, Zuohua</author>
            <journal>Fuel</journal>
            <pages>466--473</pages>
            <title>Effects of oxygen enrichment on laminar burning velocities and Markstein lengths of {CH}$_{4}$/{O}$_{2}$/{N}$_{2}$ flames at elevated pressures</title>
            <volume>184</volume>
            <year>2016</year>
        </details>
    </bibliographyLink>
    <experimentType>laminar burning velocity measurement</experimentType>
    <apparatus>
        <kind>flame</kind>
        <mode>premixed</mode>
        <mode>laminar</mode>
        <mode>OPF</mode>
    </apparatus>
    <commonProperties>
        <property name="temperature"  label="T"    sourcetype="reported"  units="K"   ><value>353</value></property>
        <property name="uncertainty"  label="d_T"  sourcetype="reported"  units="K"    reference="temperature"  kind="absolute"  bound="plusminus" ><value>3</value></property>
        <property name="pressure"     label="p"    sourcetype="reported"  units="MPa" ><value>0.1</value></property>
        <property name="uncertainty"  label="d_p"  sourcetype="reported"  units="kPa"  reference="pressure"     kind="absolute"  bound="plusminus" ><value>3</value></property>
    </commonProperties>
    <dataGroup id="dg1">
        <property name="equivalence ratio"             id="x1"   label="phi"    sourcetype="digitized"   units="unitless"      />
        <property name="laminar burning velocity"      id="x2"   label="Sl"     sourcetype="digitized"   units="cm/s"          />
        <property name="composition"                   id="x3"   label="[CH4]"  sourcetype="calculated"  units="mole fraction" >
            <speciesLink preferredKey="CH4"  CAS="74-82-8"    InChI="1S/CH4/h1H4"  SMILES="C"    chemName="methane"  />
        </property>
        <property name="composition"                   id="x4"   label="[O2]"   sourcetype="calculated"  units="mole fraction" >
            <speciesLink preferredKey="O2"   CAS="7782-44-7"  InChI="1S/O2/c1-2"   SMILES="O=O"  chemName="oxygen"   />
        </property>
        <property name="composition"                   id="x5"   label="[N2]"   sourcetype="calculated"  units="mole fraction" >
            <speciesLink preferredKey="N2"   CAS="7727-37-9"  InChI="1S/N2/c1-2"   SMILES="N#N"  chemName="nitrogen" />
        </property>
        <property name="evaluated standard deviation"  id="x6"   sourcetype="estimated"   units="cm/s"           reference="laminar burning velocity"  kind="absolute"  method="combined from scatter and reported uncertainty" />

        <dataPoint>     <x1>0.6</x1><x2>10.4795</x2><x3>0.0592662</x3><x4>0.1975541</x4><x5>0.7431797</x5><x6>1.54372302435541</x6></dataPoint>
        <dataPoint><x1>0.699184</x1><x2>19.5205</x2><x3>0.0683933</x3><x4>0.1956374</x4><x5>0.7359693</x5><x6>2.38335539083558</x6></dataPoint>
        <dataPoint><x1>0.799674</x1><x2>30.2055</x2><x3>0.0774616</x3><x4>0.1937331</x4><x5>0.7288053</x5><x6>3.70363462547603</x6></dataPoint>
        <dataPoint><x1>0.900163</x1><x2>37.1918</x2><x3>0.0863551</x3><x4>0.1918654</x4><x5>0.7217795</x5><x6>1.95598662802817</x6></dataPoint>
        <dataPoint><x1>0.999347</x1><x2>43.7671</x2><x3>0.0949665</x3><x4>0.1900570</x4><x5>0.7149765</x5><x6>1.54374949037238</x6></dataPoint>
        <dataPoint> <x1>1.09984</x1><x2>47.4658</x2><x3>0.1035275</x3><x4>0.1882592</x4><x5>0.7082133</x5><x6>1.95589379032324</x6></dataPoint>
        <dataPoint> <x1>1.20033</x1><x2>43.9726</x2><x3>0.1119279</x3><x4>0.1864951</x4><x5>0.7015770</x5><x6>4.14976122674847</x6></dataPoint>
        <dataPoint> <x1>1.29951</x1><x2>36.9863</x2><x3>0.1200658</x3><x4>0.1847862</x4><x5>0.6951481</x5><x6>4.59742961218821</x6></dataPoint>
        <dataPoint>     <x1>1.4</x1><x2>23.4247</x2><x3>0.1281604</x3><x4>0.1830863</x4><x5>0.6887533</x5><x6>2.38335539083558</x6></dataPoint>
    </dataGroup>
    <comment>CH4, O2 and N2 mole fractions were estimated using phi, O2 mole fraction - E(O2)=0.21 - in air. Data from nonlinear method.</comment>
</experiment>
