<experiment>
    <fileAuthor>Chemical Kinetics Laboratory, Institute of Chemistry, ELTE, Budapest, Hungary</fileAuthor>
    <fileDOI>10.24388/x20004543</fileDOI>
    <fileVersion>
        <major>1</major>
        <minor>0</minor>
    </fileVersion>
    <ReSpecThVersion>
        <major>2</major>
        <minor>3</minor>
    </ReSpecThVersion>
    <firstPublicationDate>2021-10-29</firstPublicationDate>
    <lastModificationDate>2021-10-29</lastModificationDate>
    <bibliographyLink>
        <description>H.O.B. Nonaka, F.M. Pereira, Fuel 182 (2016), 382--390</description>
        <referenceDOI>10.1016/j.fuel.2016.05.098</referenceDOI>
        <location>Main article, main text, Fig. 5.</location>
        <table>Table 2</table>
        <figure>Fig. 5., black circle (not used)</figure>
        <details>
            <author>Nonaka, H O B and Pereira, F M</author>
            <journal>Fuel</journal>
            <pages>382--390</pages>
            <title>Experimental and numerical study of CO$_{2}$ content effects on the laminar burning velocity of biogas</title>
            <volume>182</volume>
            <year>2016</year>
        </details>
    </bibliographyLink>
    <experimentType>laminar burning velocity measurement</experimentType>
    <apparatus>
        <kind>flame</kind>
        <mode>premixed</mode>
        <mode>laminar</mode>
        <mode>HFM</mode>
    </apparatus>
    <commonProperties>
        <property name="temperature"  label="T"  sourcetype="reported"  units="K"   ><value>298</value></property>
        <property name="pressure"     label="p"  sourcetype="reported"  units="atm" ><value>1</value></property>
    </commonProperties>
    <dataGroup id="dg1">
        <property name="equivalence ratio"             id="x1"   label="phi"    sourcetype="reported"   units="unitless"      />
        <property name="laminar burning velocity"      id="x2"   label="Sl"     sourcetype="reported"   units="cm/s"          />
        <property name="uncertainty"                   id="x3"   label="d_Sl"   sourcetype="reported"   units="cm/s"           reference="laminar burning velocity"  kind="absolute"  bound="plusminus" />
        <property name="composition"                   id="x4"   label="[CH4]"  sourcetype="estimated"  units="mole fraction" >
            <speciesLink preferredKey="CH4"  CAS="74-82-8"    InChI="1S/CH4/h1H4"  SMILES="C"    chemName="methane"  />
        </property>
        <property name="composition"                   id="x5"   label="[O2]"   sourcetype="estimated"  units="mole fraction" >
            <speciesLink preferredKey="O2"   CAS="7782-44-7"  InChI="1S/O2/c1-2"   SMILES="O=O"  chemName="oxygen"   />
        </property>
        <property name="composition"                   id="x6"   label="[N2]"   sourcetype="estimated"  units="mole fraction" >
            <speciesLink preferredKey="N2"   CAS="7727-37-9"  InChI="1S/N2/c1-2"   SMILES="N#N"  chemName="nitrogen" />
        </property>
        <property name="evaluated standard deviation"  id="x7"   sourcetype="estimated"  units="cm/s"           reference="laminar burning velocity"  kind="absolute"  method="combined from scatter and reported uncertainty" />

        <dataPoint><x1>0.7</x1><x2>15.77</x2><x3>4.09</x3><x4>0.0684676</x4><x5>0.1956218</x5><x6>0.7359106</x6><x7>2.06111857147909</x7></dataPoint>
        <dataPoint><x1>0.8</x1><x2>24.23</x2><x3>2.94</x3><x4>0.0774908</x4><x5>0.1937269</x5><x6>0.7287823</x6><x7>1.49234204045051</x7></dataPoint>
        <dataPoint><x1>0.9</x1><x2>31.25</x2><x3>2.45</x3><x4>0.0863408</x4><x5>0.1918684</x5><x6>0.7217908</x6><x7>1.25172271917386</x7></dataPoint>
        <dataPoint><x1>1.0</x1><x2>35.65</x2><x3>2.16</x3><x4>0.0950226</x4><x5>0.1900452</x5><x6>0.7149321</x6><x7>1.11021834145181</x7></dataPoint>
        <dataPoint><x1>1.1</x1><x2>36.35</x2><x3>2.04</x3><x4>0.1035410</x4><x5>0.1882564</x5><x6>0.7082026</x6><x7>1.05194332817695</x7></dataPoint>
        <dataPoint><x1>1.2</x1><x2>32.45</x2><x3>2.32</x3><x4>0.1119005</x4><x5>0.1865009</x5><x6>0.7015986</x6><x7>1.18818549296648</x7></dataPoint>
        <dataPoint><x1>1.3</x1><x2>24.78</x2><x3>2.92</x3><x4>0.1201056</x4><x5>0.1847778</x5><x6>0.6951166</x6> <x7>1.4824927540113</x7></dataPoint>
        <dataPoint><x1>1.4</x1><x2>16.12</x2><x3>3.20</x3><x4>0.1281604</x4><x5>0.1830863</x5><x6>0.6887533</x6><x7>1.62055075998748</x7></dataPoint>
    </dataGroup>
    <comment>CH4, O2 and N2 mole fractions were estimated using phi, O2:N2 volume ratio in air.</comment>
</experiment>
