<experiment>
    <fileAuthor>Chemical Kinetics Laboratory, Institute of Chemistry, ELTE, Budapest, Hungary</fileAuthor>
    <fileDOI>10.24388/x20004339</fileDOI>
    <fileVersion>
        <major>1</major>
        <minor>0</minor>
    </fileVersion>
    <ReSpecThVersion>
        <major>2</major>
        <minor>3</minor>
    </ReSpecThVersion>
    <firstPublicationDate>2021-10-29</firstPublicationDate>
    <lastModificationDate>2021-10-29</lastModificationDate>
    <bibliographyLink>
        <description>D. Lapalme, P. Seers, International Journal of Hydrogen Energy 39 (2014), 3477--3486</description>
        <referenceDOI>10.1016/j.ijhydene.2013.12.109</referenceDOI>
        <location>Main article</location>
        <table>Table 1, S50M40</table>
        <figure>Fig. 7., open square</figure>
        <details>
            <author>Denis Lapalme and Patrice Seers</author>
            <journal>International Journal of Hydrogen Energy</journal>
            <month>feb</month>
            <number>7</number>
            <pages>3477--3486</pages>
            <publisher>Elsevier {BV}</publisher>
            <title>Influence of {CO}2, {CH}4, and initial temperature on H2/{CO} laminar flame speed</title>
            <volume>39</volume>
            <year>2014</year>
        </details>
    </bibliographyLink>
    <experimentType>laminar burning velocity measurement</experimentType>
    <apparatus>
        <kind>flame</kind>
        <mode>premixed</mode>
        <mode>laminar</mode>
    </apparatus>
    <commonProperties>
        <property name="pressure"     label="P"  sourcetype="reported"  units="atm" ><value>1</value></property>
        <property name="temperature"  label="T"  sourcetype="reported"  units="K"   ><value>295</value></property>
    </commonProperties>
    <dataGroup id="dg1">
        <property name="laminar burning velocity"      id="x1"   label="Sl"     sourcetype="digitized"   units="m/s"           />
        <property name="composition"                   id="x2"   label="[CH4]"  sourcetype="calculated"  units="mole fraction" >
            <speciesLink preferredKey="CH4"  CAS="74-82-8"    InChI="1S/CH4/h1H4"  SMILES="C"          chemName="methane"         />
        </property>
        <property name="composition"                   id="x3"   label="[O2]"   sourcetype="calculated"  units="mole fraction" >
            <speciesLink preferredKey="O2"   CAS="7782-44-7"  InChI="1S/O2/c1-2"   SMILES="O=O"        chemName="oxygen"          />
        </property>
        <property name="composition"                   id="x4"   label="[N2]"   sourcetype="calculated"  units="mole fraction" >
            <speciesLink preferredKey="N2"   CAS="7727-37-9"  InChI="1S/N2/c1-2"   SMILES="N#N"        chemName="nitrogen"        />
        </property>
        <property name="composition"                   id="x5"   label="[H2]"   sourcetype="calculated"  units="mole fraction" >
            <speciesLink preferredKey="H2"   CAS="1333-74-0"  InChI="1S/H2/h1H"    SMILES="[HH]"       chemName="hydrogen"        />
        </property>
        <property name="composition"                   id="x6"   label="[CO]"   sourcetype="calculated"  units="mole fraction" >
            <speciesLink preferredKey="CO"   CAS="630-08-0"   InChI="1S/CO/c1-2"   SMILES="[C-]#[O+]"  chemName="carbon monoxide" />
        </property>
        <property name="evaluated standard deviation"  id="x7"   sourcetype="estimated"   units="cm/s"           reference="laminar burning velocity"  kind="absolute"  method="combined from scatter and reported uncertainty" />

        <dataPoint><x1>5.274900e-001</x1><x2>5.914261e-002</x2><x3>1.807577e-001</x3><x4>6.713858e-001</x4><x5>4.435696e-002</x5><x6>4.435696e-002</x6><x7>2.41622818231226</x7></dataPoint>
        <dataPoint><x1>5.808200e-001</x1><x2>6.472854e-002</x2><x3>1.777955e-001</x3><x4>6.603832e-001</x4><x5>4.854641e-002</x5><x6>4.854641e-002</x6><x7>2.52390851254557</x7></dataPoint>
        <dataPoint><x1>6.603300e-001</x1><x2>7.011546e-002</x2><x3>1.749388e-001</x3><x4>6.497726e-001</x4><x5>5.258660e-002</x5><x6>5.258660e-002</x6><x7>2.69411742657962</x7></dataPoint>
        <dataPoint><x1>6.601600e-001</x1><x2>7.522170e-002</x2><x3>1.722309e-001</x3><x4>6.397148e-001</x4><x5>5.641627e-002</x5><x6>5.641627e-002</x6><x7>2.69374244472258</x7></dataPoint>
        <dataPoint><x1>6.560000e-001</x1><x2>8.029698e-002</x2><x3>1.695395e-001</x3><x4>6.297181e-001</x4><x5>6.022273e-002</x5><x6>6.022273e-002</x6><x7>2.68458028900236</x7></dataPoint>
        <dataPoint><x1>5.915200e-001</x1><x2>8.507844e-002</x2><x3>1.670039e-001</x3><x4>6.203000e-001</x4><x5>6.380883e-002</x5><x6>6.380883e-002</x6><x7>2.54617566591545</x7></dataPoint>
        <dataPoint><x1>4.849200e-001</x1><x2>8.973524e-002</x2><x3>1.645343e-001</x3><x4>6.111276e-001</x4><x5>6.730143e-002</x5><x6>6.730143e-002</x6><x7>2.33458218653788</x7></dataPoint>
        <dataPoint><x1>4.084800e-001</x1><x2>9.437029e-002</x2><x3>1.620764e-001</x3><x4>6.019979e-001</x4><x5>7.077772e-002</x5><x6>7.077772e-002</x6><x7>2.19901126002119</x7></dataPoint>
    </dataGroup>
</experiment>
