<experiment>
    <fileAuthor>Chemical Kinetics Laboratory, Institute of Chemistry, ELTE, Budapest, Hungary</fileAuthor>
    <fileDOI>10.24388/x20004330</fileDOI>
    <fileVersion>
        <major>1</major>
        <minor>0</minor>
    </fileVersion>
    <ReSpecThVersion>
        <major>2</major>
        <minor>3</minor>
    </ReSpecThVersion>
    <firstPublicationDate>2021-10-29</firstPublicationDate>
    <lastModificationDate>2021-10-29</lastModificationDate>
    <bibliographyLink>
        <description>A.N. Mazas, B. Fiorina, D.A. Lacoste, T. Schuller, Combustion and Flame 158 (2011), 2428--2440</description>
        <referenceDOI>10.1016/j.combustflame.2011.05.014</referenceDOI>
        <location>Main article, Fig. 13, middle, full circle</location>
        <figure>Figure 13</figure>
        <details>
            <author>A.N. Mazas and B. Fiorina and D.A. Lacoste and T. Schuller</author>
            <journal>Combustion and Flame</journal>
            <month>dec</month>
            <number>12</number>
            <pages>2428--2440</pages>
            <publisher>Elsevier {BV}</publisher>
            <title>Effects of water vapor addition on the laminar burning velocity of oxygen-enriched methane flames</title>
            <volume>158</volume>
            <year>2011</year>
        </details>
    </bibliographyLink>
    <experimentType>laminar burning velocity measurement</experimentType>
    <apparatus>
        <kind>flame</kind>
        <mode>premixed</mode>
        <mode>laminar</mode>
    </apparatus>
    <commonProperties>
        <property name="pressure"     label="P"  sourcetype="reported"  units="atm" ><value>1</value></property>
        <property name="temperature"  label="T"  sourcetype="reported"  units="K"   ><value>373</value></property>
    </commonProperties>
    <dataGroup id="dg1">
        <property name="laminar burning velocity"      id="x1"   label="Sl"     sourcetype="digitized"  units="cm/s"          />
        <property name="composition"                   id="x2"   label="[CH4]"  sourcetype="digitized"  units="mole fraction" >
            <speciesLink preferredKey="CH4"  CAS="74-82-8"    InChI="1S/CH4/h1H4"  SMILES="C"    chemName="methane"  />
        </property>
        <property name="composition"                   id="x3"   label="[O2]"   sourcetype="digitized"  units="mole fraction" >
            <speciesLink preferredKey="O2"   CAS="7782-44-7"  InChI="1S/O2/c1-2"   SMILES="O=O"  chemName="oxygen"   />
        </property>
        <property name="composition"                   id="x4"   label="[N2]"   sourcetype="digitized"  units="mole fraction" >
            <speciesLink preferredKey="N2"   CAS="7727-37-9"  InChI="1S/N2/c1-2"   SMILES="N#N"  chemName="nitrogen" />
        </property>
        <property name="composition"                   id="x5"   label="[H2O]"  sourcetype="digitized"  units="mole fraction" >
            <speciesLink preferredKey="H2O"  CAS="7732-18-5"  InChI="1S/H2O/h1H2"  SMILES="O"    chemName="water"    />
        </property>
        <property name="evaluated standard deviation"  id="x6"   sourcetype="estimated"  units="cm/s"           reference="laminar burning velocity"  kind="absolute"  method="combined from scatter and reported uncertainty" />

        <dataPoint><x1>2.214969e+002</x1><x2>2.000000e-001</x2><x3>4.000000e-001</x3><x4>4.000000e-001</x4><x5>0.000000e+000</x5><x6>5.70077204889884</x6></dataPoint>
        <dataPoint><x1>2.141106e+002</x1><x2>1.953320e-001</x2><x3>3.906640e-001</x3><x4>3.906640e-001</x4><x5>2.334000e-002</x5><x6>5.52158013210213</x6></dataPoint>
        <dataPoint><x1>2.028424e+002</x1><x2>1.896360e-001</x2><x3>3.792720e-001</x3><x4>3.792720e-001</x4><x5>5.182000e-002</x5> <x6>5.2489430872891</x6></dataPoint>
        <dataPoint><x1>1.860108e+002</x1><x2>1.826620e-001</x2><x3>3.653240e-001</x3><x4>3.653240e-001</x4><x5>8.669000e-002</x5><x6>4.84363139420208</x6></dataPoint>
        <dataPoint><x1>1.678089e+002</x1><x2>1.723160e-001</x2><x3>3.446320e-001</x3><x4>3.446320e-001</x4><x5>1.384200e-001</x5><x6>4.40858773696365</x6></dataPoint>
        <dataPoint><x1>1.492276e+002</x1><x2>1.641620e-001</x2><x3>3.283240e-001</x3><x4>3.283240e-001</x4><x5>1.791900e-001</x5><x6>3.96910593031982</x6></dataPoint>
        <dataPoint><x1>1.336836e+002</x1><x2>1.558700e-001</x2><x3>3.117400e-001</x3><x4>3.117400e-001</x4><x5>2.206500e-001</x5><x6>3.60628889276774</x6></dataPoint>
        <dataPoint><x1>1.163359e+002</x1><x2>1.491480e-001</x2><x3>2.982960e-001</x3><x4>2.982960e-001</x4><x5>2.542600e-001</x5><x6>3.20850900388424</x6></dataPoint>
        <dataPoint><x1>1.059746e+002</x1><x2>1.439760e-001</x2><x3>2.879520e-001</x3><x4>2.879520e-001</x4><x5>2.801200e-001</x5><x6>2.97571653778128</x6></dataPoint>
        <dataPoint><x1>8.220765e+001</x1><x2>1.319440e-001</x2><x3>2.638880e-001</x3><x4>2.638880e-001</x4><x5>3.402800e-001</x5> <x6>2.4616183871747</x6></dataPoint>
        <dataPoint><x1>6.445609e+001</x1><x2>1.210780e-001</x2><x3>2.421560e-001</x3><x4>2.421560e-001</x4><x5>3.946100e-001</x5><x6>2.10531974324687</x6></dataPoint>
        <dataPoint><x1>5.317736e+001</x1><x2>1.126700e-001</x2><x3>2.253400e-001</x3><x4>2.253400e-001</x4><x5>4.366500e-001</x5><x6>1.89819618858431</x6></dataPoint>
        <dataPoint><x1>4.624557e+001</x1><x2>1.085240e-001</x2><x3>2.170480e-001</x3><x4>2.170480e-001</x4><x5>4.573800e-001</x5><x6>1.78112660285297</x6></dataPoint>
    </dataGroup>
</experiment>
