<experiment>
    <fileAuthor>Chemical Kinetics Laboratory, Institute of Chemistry, ELTE, Budapest, Hungary</fileAuthor>
    <fileDOI>10.24388/x20004290</fileDOI>
    <fileVersion>
        <major>1</major>
        <minor>0</minor>
    </fileVersion>
    <ReSpecThVersion>
        <major>2</major>
        <minor>3</minor>
    </ReSpecThVersion>
    <firstPublicationDate>2021-10-29</firstPublicationDate>
    <lastModificationDate>2021-10-29</lastModificationDate>
    <bibliographyLink>
        <description>M. Akram, P. Saxena, S. Kumar, Energy Fuels 27 (2013), 3460--3466</description>
        <referenceDOI>10.1021/ef4009218</referenceDOI>
        <location>Main article, Fig. 10, open circle, Tu=500K</location>
        <figure>Figure 10</figure>
        <details>
            <author>Mohammad Akram and Priyank Saxena and Sudarshan Kumar</author>
            <journal>Energy Fuels</journal>
            <month>jun</month>
            <number>6</number>
            <pages>3460--3466</pages>
            <publisher>American Chemical Society ({ACS})</publisher>
            <title>Laminar Burning Velocity of Methane{\textendash}Air Mixtures at Elevated Temperatures</title>
            <volume>27</volume>
            <year>2013</year>
        </details>
    </bibliographyLink>
    <experimentType>laminar burning velocity measurement</experimentType>
    <apparatus>
        <kind>flame</kind>
        <mode>premixed</mode>
        <mode>laminar</mode>
    </apparatus>
    <commonProperties>
        <property name="pressure"     label="P"  sourcetype="reported"  units="atm" ><value>1</value></property>
        <property name="temperature"  label="T"  sourcetype="reported"  units="K"   ><value>500</value></property>
    </commonProperties>
    <dataGroup id="dg1">
        <property name="laminar burning velocity"      id="x1"   label="Sl"     sourcetype="digitized"  units="m/s"           />
        <property name="composition"                   id="x2"   label="[CH4]"  sourcetype="digitized"  units="mole fraction" >
            <speciesLink preferredKey="CH4"  CAS="74-82-8"    InChI="1S/CH4/h1H4"  SMILES="C"    chemName="methane"  />
        </property>
        <property name="composition"                   id="x3"   label="[O2]"   sourcetype="digitized"  units="mole fraction" >
            <speciesLink preferredKey="O2"   CAS="7782-44-7"  InChI="1S/O2/c1-2"   SMILES="O=O"  chemName="oxygen"   />
        </property>
        <property name="composition"                   id="x4"   label="[N2]"   sourcetype="digitized"  units="mole fraction" >
            <speciesLink preferredKey="N2"   CAS="7727-37-9"  InChI="1S/N2/c1-2"   SMILES="N#N"  chemName="nitrogen" />
        </property>
        <property name="evaluated standard deviation"  id="x5"   sourcetype="estimated"  units="cm/s"           reference="laminar burning velocity"  kind="absolute"  method="combined from scatter and reported uncertainty" />

        <dataPoint><x1>3.957500e-001</x1><x2>5.991436e-002</x2><x3>1.994121e-001</x3><x4>7.406735e-001</x4><x5>2.38162798325536</x5></dataPoint>
        <dataPoint><x1>5.287700e-001</x1><x2>6.929612e-002</x2><x3>1.974220e-001</x3><x4>7.332818e-001</x4><x5>2.53786813401032</x5></dataPoint>
        <dataPoint><x1>6.589000e-001</x1><x2>7.816723e-002</x2><x3>1.955403e-001</x3><x4>7.262925e-001</x4> <x5>2.7215292617387</x5></dataPoint>
        <dataPoint><x1>7.421900e-001</x1><x2>8.708743e-002</x2><x3>1.936481e-001</x3><x4>7.192644e-001</x4><x5>2.85238083635846</x5></dataPoint>
        <dataPoint><x1>8.002100e-001</x1><x2>9.583839e-002</x2><x3>1.917919e-001</x3><x4>7.123698e-001</x4><x5>2.94879453940504</x5></dataPoint>
        <dataPoint><x1>8.279700e-001</x1><x2>1.044249e-001</x2><x3>1.899705e-001</x3><x4>7.056046e-001</x4><x5>2.99631080924943</x5></dataPoint>
        <dataPoint><x1>7.334900e-001</x1><x2>1.128573e-001</x2><x3>1.881818e-001</x3><x4>6.989609e-001</x4><x5>2.83828052447692</x5></dataPoint>
        <dataPoint><x1>5.843000e-001</x1><x2>1.211357e-001</x2><x3>1.864258e-001</x3><x4>6.924385e-001</x4><x5>2.61286806450307</x5></dataPoint>
        <dataPoint><x1>4.376100e-001</x1><x2>1.290809e-001</x2><x3>1.847404e-001</x3><x4>6.861787e-001</x4><x5>2.42696923355551</x5></dataPoint>
    </dataGroup>
</experiment>
