<experiment>
    <fileAuthor>Chemical Kinetics Laboratory, Institute of Chemistry, ELTE, Budapest, Hungary</fileAuthor>
    <fileDOI>10.24388/x20004497</fileDOI>
    <fileVersion>
        <major>1</major>
        <minor>0</minor>
    </fileVersion>
    <ReSpecThVersion>
        <major>2</major>
        <minor>3</minor>
    </ReSpecThVersion>
    <firstPublicationDate>2021-10-29</firstPublicationDate>
    <lastModificationDate>2021-10-29</lastModificationDate>
    <bibliographyLink>
        <description>W. Lowry, J.d. Vries, M. Krejci, E. Petersen, Z. Serinyel, W. Metcalfe, H. Curran, G. Bourque, Journal of Engineering for Gas Turbines and Power 133 (2011)</description>
        <referenceDOI>10.1115/1.4002809</referenceDOI>
        <location>Main article</location>
        <table>Table 2.</table>
        <details>
            <author>William Lowry and Jaap de Vries and Michael Krejci and Eric Petersen and Zeynep Serinyel and Wayne Metcalfe and Henry Curran and Gilles Bourque</author>
            <journal>Journal of Engineering for Gas Turbines and Power</journal>
            <month>apr</month>
            <number>9</number>
            <publisher>ASME} International</publisher>
            <title>Laminar Flame Speed Measurements and Modeling of Pure Alkanes and Alkane Blends at Elevated Pressures</title>
            <volume>133</volume>
            <year>2011</year>
        </details>
    </bibliographyLink>
    <experimentType>laminar burning velocity measurement</experimentType>
    <apparatus>
        <kind>flame</kind>
        <mode>premixed</mode>
        <mode>laminar</mode>
    </apparatus>
    <commonProperties>
        <property name="pressure"     label="P"  sourcetype="reported"  units="atm" ><value>1</value></property>
        <property name="temperature"  label="T"  sourcetype="reported"  units="K"   ><value>298</value></property>
    </commonProperties>
    <dataGroup id="dg1">
        <property name="laminar burning velocity"      id="x1"   label="Sl"     sourcetype="reported"    units="cm/s"          />
        <property name="composition"                   id="x2"   label="[CH4]"  sourcetype="calculated"  units="mole fraction" >
            <speciesLink preferredKey="CH4"  CAS="74-82-8"    InChI="1S/CH4/h1H4"  SMILES="C"    chemName="methane"  />
        </property>
        <property name="composition"                   id="x3"   label="[O2]"   sourcetype="calculated"  units="mole fraction" >
            <speciesLink preferredKey="O2"   CAS="7782-44-7"  InChI="1S/O2/c1-2"   SMILES="O=O"  chemName="oxygen"   />
        </property>
        <property name="composition"                   id="x4"   label="[N2]"   sourcetype="calculated"  units="mole fraction" >
            <speciesLink preferredKey="N2"   CAS="7727-37-9"  InChI="1S/N2/c1-2"   SMILES="N#N"  chemName="nitrogen" />
        </property>
        <property name="evaluated standard deviation"  id="x5"   sourcetype="estimated"   units="cm/s"           reference="laminar burning velocity"  kind="absolute"  method="combined from scatter and reported uncertainty" />

        <dataPoint><x1>1.485000e+001</x1><x2>6.846763e-002</x2><x3>1.956218e-001</x3><x4>7.359106e-001</x4><x5>0.525321382242338</x5></dataPoint>
        <dataPoint><x1>2.263000e+001</x1><x2>7.749077e-002</x2><x3>1.937269e-001</x3><x4>7.287823e-001</x4><x5>0.563526889013293</x5></dataPoint>
        <dataPoint><x1>2.917000e+001</x1><x2>8.634079e-002</x2><x3>1.918684e-001</x3><x4>7.217908e-001</x4>              <x5>0.5</x5></dataPoint>
        <dataPoint><x1>3.383000e+001</x1><x2>9.502262e-002</x2><x3>1.900452e-001</x3><x4>7.149321e-001</x4><x5>0.621258846730572</x5></dataPoint>
        <dataPoint><x1>3.512000e+001</x1><x2>1.035410e-001</x2><x3>1.882564e-001</x3><x4>7.082026e-001</x4>              <x5>0.5</x5></dataPoint>
        <dataPoint><x1>3.264000e+001</x1><x2>1.119005e-001</x2><x3>1.865009e-001</x3><x4>7.015986e-001</x4><x5>0.909388560869885</x5></dataPoint>
        <dataPoint><x1>2.418000e+001</x1><x2>1.201056e-001</x2><x3>1.847778e-001</x3><x4>6.951166e-001</x4><x5>0.772002302225194</x5></dataPoint>
    </dataGroup>
</experiment>
