<experiment>
    <fileAuthor>Chemical Kinetics Laboratory, Institute of Chemistry, ELTE, Budapest, Hungary</fileAuthor>
    <fileDOI>10.24388/x20004216</fileDOI>
    <fileVersion>
        <major>1</major>
        <minor>0</minor>
    </fileVersion>
    <ReSpecThVersion>
        <major>2</major>
        <minor>3</minor>
    </ReSpecThVersion>
    <firstPublicationDate>2021-10-29</firstPublicationDate>
    <lastModificationDate>2021-10-29</lastModificationDate>
    <bibliographyLink>
        <description>F.N. Egolfopoulos, C.K. Law, Combustion and Flame 80 (1990), 7--16</description>
        <referenceDOI>10.1016/0010-2180(90)90049-W</referenceDOI>
        <location>Fig. 5 full triangle, Table 2</location>
        <table>Table 2</table>
        <figure>Fig. 5</figure>
        <details>
            <author>F.N. Egolfopoulos and C.K. Law</author>
            <journal>Combustion and Flame</journal>
            <month>apr</month>
            <number>1</number>
            <pages>7--16</pages>
            <publisher>Elsevier {BV}</publisher>
            <title>Chain mechanisms in the overall reaction orders in laminar flame propagation</title>
            <volume>80</volume>
            <year>1990</year>
        </details>
    </bibliographyLink>
    <experimentType>laminar burning velocity measurement</experimentType>
    <apparatus>
        <kind>flame</kind>
        <mode>premixed</mode>
        <mode>laminar</mode>
    </apparatus>
    <commonProperties>
        <property name="temperature"                   label="T"  sourcetype="estimated"   units="K"             ><value>298</value></property>
        <property name="initial composition"           sourcetype="calculated" >
            <component><speciesLink preferredKey="CH4"  CAS="74-82-8"    InChI="1S/CH4/h1H4"  SMILES="C"    chemName="methane"  /><amount units="mole fraction" >0.063387</amount></component>
            <component><speciesLink preferredKey="O2"   CAS="7782-44-7"  InChI="1S/O2/c1-2"   SMILES="O=O"  chemName="oxygen"   /><amount units="mole fraction" >0.12677</amount></component>
            <component><speciesLink preferredKey="N2"   CAS="7727-37-9"  InChI="1S/N2/c1-2"   SMILES="N#N"  chemName="nitrogen" /><amount units="mole fraction" >0.80984</amount></component>
        </property>
        <property name="evaluated standard deviation"  sourcetype="estimated"   units="cm/s"           reference="laminar burning velocity"  kind="absolute"  method="combined from scatter and reported uncertainty" ><value>0.777296783168437</value></property>
    </commonProperties>
    <dataGroup id="dg1">
        <property name="pressure"                  id="x1"   label="P"   sourcetype="reported"   units="atm"  />
        <property name="laminar burning velocity"  id="x2"   label="Sl"  sourcetype="digitized"  units="cm/s" />

        <dataPoint><x1>9.901600e-001</x1><x2>1.018680e+001</x2></dataPoint>
        <dataPoint><x1>1.491730e+000</x1><x2>7.690210e+000</x2></dataPoint>
        <dataPoint><x1>1.998700e+000</x1><x2>5.510360e+000</x2></dataPoint>
        <dataPoint><x1>2.495000e+000</x1><x2>4.226890e+000</x2></dataPoint>
        <dataPoint><x1>2.976940e+000</x1><x2>2.652620e+000</x2></dataPoint>
    </dataGroup>
</experiment>
