<experiment>
    <fileAuthor>Chemical Kinetics Laboratory, Institute of Chemistry, ELTE, Budapest, Hungary</fileAuthor>
    <fileDOI>10.24388/x20004332</fileDOI>
    <fileVersion>
        <major>1</major>
        <minor>0</minor>
    </fileVersion>
    <ReSpecThVersion>
        <major>2</major>
        <minor>3</minor>
    </ReSpecThVersion>
    <firstPublicationDate>2021-10-29</firstPublicationDate>
    <lastModificationDate>2021-10-29</lastModificationDate>
    <bibliographyLink>
        <description>A.N. Mazas, B. Fiorina, D.A. Lacoste, T. Schuller, Combustion and Flame 158 (2011), 2428--2440</description>
        <referenceDOI>10.1016/j.combustflame.2011.05.014</referenceDOI>
        <location>Main article, Fig. 14, full triangle</location>
        <figure>Figure 14</figure>
        <details>
            <author>A.N. Mazas and B. Fiorina and D.A. Lacoste and T. Schuller</author>
            <journal>Combustion and Flame</journal>
            <month>dec</month>
            <number>12</number>
            <pages>2428--2440</pages>
            <publisher>Elsevier {BV}</publisher>
            <title>Effects of water vapor addition on the laminar burning velocity of oxygen-enriched methane flames</title>
            <volume>158</volume>
            <year>2011</year>
        </details>
    </bibliographyLink>
    <experimentType>laminar burning velocity measurement</experimentType>
    <apparatus>
        <kind>flame</kind>
        <mode>premixed</mode>
        <mode>laminar</mode>
    </apparatus>
    <commonProperties>
        <property name="pressure"     label="P"  sourcetype="reported"  units="atm" ><value>1</value></property>
        <property name="temperature"  label="T"  sourcetype="reported"  units="K"   ><value>373</value></property>
    </commonProperties>
    <dataGroup id="dg1">
        <property name="laminar burning velocity"      id="x1"   label="Sl"     sourcetype="digitized"  units="cm/s"          />
        <property name="composition"                   id="x2"   label="[CH4]"  sourcetype="digitized"  units="mole fraction" >
            <speciesLink preferredKey="CH4"  CAS="74-82-8"    InChI="1S/CH4/h1H4"  SMILES="C"    chemName="methane"  />
        </property>
        <property name="composition"                   id="x3"   label="[O2]"   sourcetype="digitized"  units="mole fraction" >
            <speciesLink preferredKey="O2"   CAS="7782-44-7"  InChI="1S/O2/c1-2"   SMILES="O=O"  chemName="oxygen"   />
        </property>
        <property name="composition"                   id="x4"   label="[N2]"   sourcetype="digitized"  units="mole fraction" >
            <speciesLink preferredKey="N2"   CAS="7727-37-9"  InChI="1S/N2/c1-2"   SMILES="N#N"  chemName="nitrogen" />
        </property>
        <property name="composition"                   id="x5"   label="[H2O]"  sourcetype="digitized"  units="mole fraction" >
            <speciesLink preferredKey="H2O"  CAS="7732-18-5"  InChI="1S/H2O/h1H2"  SMILES="O"    chemName="water"    />
        </property>
        <property name="evaluated standard deviation"  id="x6"   sourcetype="estimated"  units="cm/s"           reference="laminar burning velocity"  kind="absolute"  method="combined from scatter and reported uncertainty" />

        <dataPoint><x1>1.295716e+002</x1><x2>1.173913e-001</x2><x3>3.913043e-001</x3><x4>3.913043e-001</x4><x5>1.000000e-001</x5><x6>3.49843084553632</x6></dataPoint>
        <dataPoint><x1>1.567335e+002</x1><x2>1.422106e-001</x2><x3>3.788947e-001</x3><x4>3.788947e-001</x4><x5>1.000000e-001</x5><x6>4.13514055877261</x6></dataPoint>
        <dataPoint><x1>1.750783e+002</x1><x2>1.652731e-001</x2><x3>3.673634e-001</x3><x4>3.673634e-001</x4><x5>1.000000e-001</x5><x6>4.57206470139107</x6></dataPoint>
        <dataPoint><x1>1.847180e+002</x1><x2>1.800317e-001</x2><x3>3.599842e-001</x3><x4>3.599842e-001</x4><x5>1.000000e-001</x5><x6>4.80327813887557</x6></dataPoint>
        <dataPoint><x1>1.813151e+002</x1><x2>2.009111e-001</x2><x3>3.495444e-001</x3><x4>3.495444e-001</x4><x5>1.000000e-001</x5> <x6>4.7215460504909</x6></dataPoint>
        <dataPoint><x1>1.556624e+002</x1><x2>2.271581e-001</x2><x3>3.364209e-001</x3><x4>3.364209e-001</x4><x5>1.000000e-001</x5><x6>4.10977589541084</x6></dataPoint>
        <dataPoint><x1>1.150991e+002</x1><x2>2.454022e-001</x2><x3>3.272989e-001</x3><x4>3.272989e-001</x4><x5>1.000000e-001</x5><x6>3.16636944147493</x6></dataPoint>
    </dataGroup>
</experiment>
