<experiment>
    <fileAuthor>Chemical Kinetics Laboratory, Institute of Chemistry, ELTE, Budapest, Hungary</fileAuthor>
    <fileDOI>10.24388/x20004299</fileDOI>
    <fileVersion>
        <major>1</major>
        <minor>0</minor>
    </fileVersion>
    <ReSpecThVersion>
        <major>2</major>
        <minor>3</minor>
    </ReSpecThVersion>
    <firstPublicationDate>2021-10-29</firstPublicationDate>
    <lastModificationDate>2021-10-29</lastModificationDate>
    <bibliographyLink>
        <description>P. Dirrenberger, H.L. Gall, R. Bounaceur, O. Herbinet, P. Glaude, A. Konnov, F. Battin-Leclerc, Energy Fuels 25 (2011), 3875--3884</description>
        <referenceDOI>10.1021/ef200707h</referenceDOI>
        <location>Main article, Fig. 4a, full triangle</location>
        <figure>Figure 4a</figure>
        <details>
            <author>Patricia Dirrenberger and Herve{\'} Le Gall and Roda Bounaceur and Olivier Herbinet and Pierre-Alexandre Glaude and Alexander Konnov and Fre{\'}de{\'}rique Battin-Leclerc</author>
            <journal>Energy Fuels</journal>
            <month>sep</month>
            <number>9</number>
            <pages>3875--3884</pages>
            <publisher>American Chemical Society ({ACS})</publisher>
            <title>Measurements of Laminar Flame Velocity for Components of Natural Gas</title>
            <volume>25</volume>
            <year>2011</year>
        </details>
    </bibliographyLink>
    <experimentType>laminar burning velocity measurement</experimentType>
    <apparatus>
        <kind>flame</kind>
        <mode>premixed</mode>
        <mode>laminar</mode>
    </apparatus>
    <commonProperties>
        <property name="pressure"     label="P"  sourcetype="reported"  units="atm" ><value>1</value></property>
        <property name="temperature"  label="T"  sourcetype="reported"  units="K"   ><value>298</value></property>
    </commonProperties>
    <dataGroup id="dg1">
        <property name="laminar burning velocity"      id="x1"   label="Sl"     sourcetype="digitized"  units="cm/s"          />
        <property name="composition"                   id="x2"   label="[CH4]"  sourcetype="digitized"  units="mole fraction" >
            <speciesLink preferredKey="CH4"  CAS="74-82-8"    InChI="1S/CH4/h1H4"  SMILES="C"     chemName="methane"  />
        </property>
        <property name="composition"                   id="x3"   label="[O2]"   sourcetype="digitized"  units="mole fraction" >
            <speciesLink preferredKey="O2"   CAS="7782-44-7"  InChI="1S/O2/c1-2"   SMILES="O=O"   chemName="oxygen"   />
        </property>
        <property name="composition"                   id="x4"   label="[N2]"   sourcetype="digitized"  units="mole fraction" >
            <speciesLink preferredKey="N2"   CAS="7727-37-9"  InChI="1S/N2/c1-2"   SMILES="N#N"   chemName="nitrogen" />
        </property>
        <property name="composition"                   id="x5"   label="[H2]"   sourcetype="digitized"  units="mole fraction" >
            <speciesLink preferredKey="H2"   CAS="1333-74-0"  InChI="1S/H2/h1H"    SMILES="[HH]"  chemName="hydrogen" />
        </property>
        <property name="evaluated standard deviation"  id="x6"   sourcetype="estimated"  units="cm/s"           reference="laminar burning velocity"  kind="absolute"  method="combined from scatter and reported uncertainty" />

        <dataPoint><x1>7.827190e+000</x1><x2>3.927185e-002</x2><x3>1.935833e-001</x3><x4>7.278730e-001</x4><x5>3.927185e-002</x5><x6>1.21043407706095</x6></dataPoint>
        <dataPoint><x1>1.207116e+001</x1><x2>4.292931e-002</x2><x3>1.920465e-001</x3><x4>7.220949e-001</x4><x5>4.292931e-002</x5><x6>1.21239467787338</x6></dataPoint>
        <dataPoint><x1>1.682338e+001</x1><x2>4.618260e-002</x2><x3>1.906796e-001</x3><x4>7.169552e-001</x4><x5>4.618260e-002</x5><x6>1.21557588123803</x6></dataPoint>
        <dataPoint><x1>2.190597e+001</x1><x2>4.941651e-002</x2><x3>1.893208e-001</x3><x4>7.118462e-001</x4><x5>4.941651e-002</x5><x6>1.22012182883198</x6></dataPoint>
        <dataPoint><x1>2.818297e+001</x1><x2>5.273650e-002</x2><x3>1.879258e-001</x3><x4>7.066012e-001</x4><x5>5.273650e-002</x5><x6>1.22734784911967</x6></dataPoint>
        <dataPoint><x1>3.463787e+001</x1><x2>5.603509e-002</x2><x3>1.865399e-001</x3><x4>7.013899e-001</x4><x5>5.603509e-002</x5> <x6>1.2366051284647</x6></dataPoint>
        <dataPoint><x1>4.279543e+001</x1><x2>5.878078e-002</x2><x3>1.853862e-001</x3><x4>6.970522e-001</x4><x5>5.878078e-002</x5><x6>1.25088908410169</x6></dataPoint>
        <dataPoint><x1>4.823380e+001</x1><x2>6.266271e-002</x2><x3>1.837552e-001</x3><x4>6.909194e-001</x4><x5>6.266271e-002</x5><x6>1.26197072028722</x6></dataPoint>
        <dataPoint><x1>5.331639e+001</x1><x2>6.581450e-002</x2><x3>1.824309e-001</x3><x4>6.859401e-001</x4><x5>6.581450e-002</x5><x6>1.27342171343513</x6></dataPoint>
        <dataPoint><x1>5.806861e+001</x1><x2>6.906542e-002</x2><x3>1.810650e-001</x3><x4>6.808042e-001</x4><x5>6.906542e-002</x5><x6>1.28505931736143</x6></dataPoint>
        <dataPoint><x1>6.198221e+001</x1><x2>7.212345e-002</x2><x3>1.797801e-001</x3><x4>6.759730e-001</x4><x5>7.212345e-002</x5><x6>1.29530129184381</x6></dataPoint>
        <dataPoint><x1>6.520966e+001</x1><x2>7.513778e-002</x2><x3>1.785135e-001</x3><x4>6.712109e-001</x4><x5>7.513778e-002</x5><x6>1.30418417619944</x6></dataPoint>
        <dataPoint><x1>6.706480e+001</x1><x2>7.826962e-002</x2><x3>1.771976e-001</x3><x4>6.662631e-001</x4><x5>7.826962e-002</x5><x6>1.30946531847774</x6></dataPoint>
        <dataPoint><x1>6.724269e+001</x1><x2>8.116996e-002</x2><x3>1.759790e-001</x3><x4>6.616811e-001</x4><x5>8.116996e-002</x5><x6>1.30997837501694</x6></dataPoint>
        <dataPoint><x1>6.622618e+001</x1><x2>8.405163e-002</x2><x3>1.747682e-001</x3><x4>6.571285e-001</x4><x5>8.405163e-002</x5> <x6>1.3070622663834</x6></dataPoint>
        <dataPoint><x1>6.350699e+001</x1><x2>8.704702e-002</x2><x3>1.735097e-001</x3><x4>6.523963e-001</x4><x5>8.704702e-002</x5><x6>1.29944930803817</x6></dataPoint>
        <dataPoint><x1>5.926302e+001</x1><x2>8.984356e-002</x2><x3>1.723346e-001</x3><x4>6.479782e-001</x4><x5>8.984356e-002</x5><x6>1.28812283602847</x6></dataPoint>
        <dataPoint><x1>5.229987e+001</x1><x2>9.259858e-002</x2><x3>1.711771e-001</x3><x4>6.436258e-001</x4><x5>9.259858e-002</x5><x6>1.27104830817458</x6></dataPoint>
        <dataPoint><x1>4.500635e+001</x1><x2>9.544395e-002</x2><x3>1.699815e-001</x3><x4>6.391306e-001</x4><x5>9.544395e-002</x5><x6>1.25524615245104</x6></dataPoint>
        <dataPoint><x1>3.717916e+001</x1><x2>9.827047e-002</x2><x3>1.687939e-001</x3><x4>6.346651e-001</x4><x5>9.827047e-002</x5><x6>1.24074909354377</x6></dataPoint>
        <dataPoint><x1>2.988564e+001</x1><x2>1.009133e-001</x2><x3>1.676835e-001</x3><x4>6.304900e-001</x4><x5>1.009133e-001</x5><x6>1.22961143242461</x6></dataPoint>
        <dataPoint><x1>2.393901e+001</x1><x2>1.035030e-001</x2><x3>1.665954e-001</x3><x4>6.263986e-001</x4><x5>1.035030e-001</x5><x6>1.22226839946782</x6></dataPoint>
        <dataPoint><x1>1.900889e+001</x1><x2>1.060808e-001</x2><x3>1.655123e-001</x3><x4>6.223261e-001</x4><x5>1.060808e-001</x5><x6>1.21738644682802</x6></dataPoint>
        <dataPoint><x1>1.392630e+001</x1><x2>1.112818e-001</x2><x3>1.633270e-001</x3><x4>6.141094e-001</x4><x5>1.112818e-001</x5><x6>1.21351297155513</x6></dataPoint>
        <dataPoint><x1>1.069886e+001</x1><x2>1.162152e-001</x2><x3>1.612541e-001</x3><x4>6.063155e-001</x4><x5>1.162152e-001</x5><x6>1.21166958961513</x6></dataPoint>
        <dataPoint><x1>8.843710e+000</x1><x2>1.212705e-001</x2><x3>1.591301e-001</x3><x4>5.983290e-001</x4><x5>1.212705e-001</x5><x6>1.21082776829293</x6></dataPoint>
        <dataPoint><x1>6.963150e+000</x1><x2>1.260665e-001</x2><x3>1.571149e-001</x3><x4>5.907521e-001</x4><x5>1.260665e-001</x5><x6>1.21013710426056</x6></dataPoint>
        <dataPoint><x1>5.946630e+000</x1><x2>1.306367e-001</x2><x3>1.551947e-001</x3><x4>5.835320e-001</x4><x5>1.306367e-001</x5><x6>1.20983207081399</x6></dataPoint>
    </dataGroup>
</experiment>
