<experiment>
    <fileAuthor>Chemical Kinetics Laboratory, Institute of Chemistry, ELTE, Budapest, Hungary</fileAuthor>
    <fileDOI>10.24388/x20004189</fileDOI>
    <fileVersion>
        <major>1</major>
        <minor>0</minor>
    </fileVersion>
    <ReSpecThVersion>
        <major>2</major>
        <minor>3</minor>
    </ReSpecThVersion>
    <firstPublicationDate>2021-10-29</firstPublicationDate>
    <lastModificationDate>2021-10-29</lastModificationDate>
    <bibliographyLink>
        <description>M. Elia, M. Ulinski, M. Metghalchi, Journal of Engineering for Gas Turbines and Power 123 (2000), 190--196</description>
        <referenceDOI>10.1115/1.1339984</referenceDOI>
        <location>Fig. 13 full triangle</location>
        <figure>Fig. 13</figure>
        <details>
            <author>M. Elia and M. Ulinski and M. Metghalchi</author>
            <journal>Journal of Engineering for Gas Turbines and Power</journal>
            <month>jun</month>
            <number>1</number>
            <pages>190--196</pages>
            <publisher>ASME} International</publisher>
            <title>Laminar Burning Velocity of Methane{\textendash}Air{\textendash}Diluent Mixtures</title>
            <volume>123</volume>
            <year>2000</year>
        </details>
    </bibliographyLink>
    <experimentType>laminar burning velocity measurement</experimentType>
    <apparatus>
        <kind>flame</kind>
        <mode>premixed</mode>
        <mode>laminar</mode>
    </apparatus>
    <commonProperties>
        <property name="pressure"                      label="P"  sourcetype="reported"    units="atm"           ><value>3.5</value></property>
        <property name="initial composition"           sourcetype="calculated" >
            <component><speciesLink preferredKey="CH4"  CAS="74-82-8"    InChI="1S/CH4/h1H4"    SMILES="C"        chemName="methane"        /><amount units="mole fraction" >0.091096</amount></component>
            <component><speciesLink preferredKey="O2"   CAS="7782-44-7"  InChI="1S/O2/c1-2"     SMILES="O=O"      chemName="oxygen"         /><amount units="mole fraction" >0.18219</amount></component>
            <component><speciesLink preferredKey="N2"   CAS="7727-37-9"  InChI="1S/N2/c1-2"     SMILES="N#N"      chemName="nitrogen"       /><amount units="mole fraction" >0.71971</amount></component>
            <component><speciesLink preferredKey="CO2"  CAS="124-38-9"   InChI="1S/CO2/c2-1-3"  SMILES="C(=O)=O"  chemName="carbon dioxide" /><amount units="mole fraction" >0.007</amount></component>
        </property>
        <property name="evaluated standard deviation"  sourcetype="estimated"   units="cm/s"           reference="laminar burning velocity"  kind="absolute"  method="combined from scatter and reported uncertainty" ><value>0.612708990056454</value></property>
    </commonProperties>
    <dataGroup id="dg1">
        <property name="temperature"               id="x1"   label="T"   sourcetype="digitized"  units="K"    />
        <property name="laminar burning velocity"  id="x2"   label="Sl"  sourcetype="digitized"  units="cm/s" />

        <dataPoint><x1>3.008562e+002</x1><x2>1.951667e+001</x2></dataPoint>
        <dataPoint><x1>3.260457e+002</x1><x2>2.212962e+001</x2></dataPoint>
        <dataPoint><x1>3.447517e+002</x1><x2>2.408449e+001</x2></dataPoint>
        <dataPoint><x1>4.009222e+002</x1><x2>3.015382e+001</x2></dataPoint>
        <dataPoint><x1>4.509772e+002</x1><x2>3.666327e+001</x2></dataPoint>
        <dataPoint><x1>5.003976e+002</x1><x2>4.229751e+001</x2></dataPoint>
        <dataPoint><x1>5.249470e+002</x1><x2>4.544939e+001</x2></dataPoint>
    </dataGroup>
</experiment>
