<experiment>
    <fileAuthor>Chemical Kinetics Laboratory, Institute of Chemistry, ELTE, Budapest, Hungary</fileAuthor>
    <fileDOI>10.24388/x20004170</fileDOI>
    <fileVersion>
        <major>1</major>
        <minor>0</minor>
    </fileVersion>
    <ReSpecThVersion>
        <major>2</major>
        <minor>3</minor>
    </ReSpecThVersion>
    <firstPublicationDate>2021-10-29</firstPublicationDate>
    <lastModificationDate>2021-10-29</lastModificationDate>
    <bibliographyLink>
        <description>V.R. Kishore, N. Duhan, M.R. Ravi, A. Ray, Experimental Thermal and Fluid Science 33 (2008), 10--16</description>
        <referenceDOI>10.1016/j.expthermflusci.2008.06.001</referenceDOI>
        <location>Main article, Fig. 8, open triangle</location>
        <figure>Figure 8</figure>
        <details>
            <author>V. Ratna Kishore and Nipun Duhan and M.R. Ravi and Anjan Ray</author>
            <journal>Experimental Thermal and Fluid Science</journal>
            <month>oct</month>
            <number>1</number>
            <pages>10--16</pages>
            <publisher>Elsevier {BV}</publisher>
            <title>Measurement of adiabatic burning velocity in natural gas-like mixtures</title>
            <volume>33</volume>
            <year>2008</year>
        </details>
    </bibliographyLink>
    <experimentType>laminar burning velocity measurement</experimentType>
    <apparatus>
        <kind>flame</kind>
        <mode>premixed</mode>
        <mode>laminar</mode>
    </apparatus>
    <commonProperties>
        <property name="pressure"                      label="P"  sourcetype="reported"   units="bar"  ><value>1</value></property>
        <property name="temperature"                   label="T"  sourcetype="reported"   units="K"    ><value>307</value></property>
        <property name="evaluated standard deviation"  sourcetype="estimated"  units="cm/s"  reference="laminar burning velocity"  kind="absolute"  method="generic uncertainty" ><value>0.5</value></property>
    </commonProperties>
    <dataGroup id="dg1">
        <property name="laminar burning velocity"  id="x1"   label="Sl"     sourcetype="digitized"  units="cm/s"          />
        <property name="composition"               id="x2"   label="[CH4]"  sourcetype="digitized"  units="mole fraction" >
            <speciesLink preferredKey="CH4"  CAS="74-82-8"    InChI="1S/CH4/h1H4"  SMILES="C"    chemName="methane"  />
        </property>
        <property name="composition"               id="x3"   label="[O2]"   sourcetype="digitized"  units="mole fraction" >
            <speciesLink preferredKey="O2"   CAS="7782-44-7"  InChI="1S/O2/c1-2"   SMILES="O=O"  chemName="oxygen"   />
        </property>
        <property name="composition"               id="x4"   label="[N2]"   sourcetype="digitized"  units="mole fraction" >
            <speciesLink preferredKey="N2"   CAS="7727-37-9"  InChI="1S/N2/c1-2"   SMILES="N#N"  chemName="nitrogen" />
        </property>

        <dataPoint><x1>2.180029e+001</x1><x2>7.427359e-002</x2><x3>1.858629e-001</x3><x4>7.398635e-001</x4></dataPoint>
        <dataPoint><x1>2.695224e+001</x1><x2>8.225503e-002</x2><x3>1.830412e-001</x3><x4>7.347038e-001</x4></dataPoint>
        <dataPoint><x1>2.949928e+001</x1><x2>9.004756e-002</x2><x3>1.802862e-001</x3><x4>7.296662e-001</x4></dataPoint>
        <dataPoint><x1>2.962663e+001</x1><x2>9.762089e-002</x2><x3>1.776088e-001</x3><x4>7.247703e-001</x4></dataPoint>
        <dataPoint><x1>2.648915e+001</x1><x2>1.049249e-001</x2><x3>1.750265e-001</x3><x4>7.200485e-001</x4></dataPoint>
        <dataPoint><x1>1.979740e+001</x1><x2>1.120659e-001</x2><x3>1.725020e-001</x3><x4>7.154321e-001</x4></dataPoint>
    </dataGroup>
</experiment>
