<experiment>
    <fileAuthor>Chemical Kinetics Laboratory, Institute of Chemistry, ELTE, Budapest, Hungary</fileAuthor>
    <fileDOI>10.24388/x20004506</fileDOI>
    <fileVersion>
        <major>1</major>
        <minor>0</minor>
    </fileVersion>
    <ReSpecThVersion>
        <major>2</major>
        <minor>3</minor>
    </ReSpecThVersion>
    <firstPublicationDate>2021-10-29</firstPublicationDate>
    <lastModificationDate>2021-10-29</lastModificationDate>
    <bibliographyLink>
        <description>A. Omari, L. Tartakovsky, Combust Flame 168 (2016), 127--137</description>
        <referenceDOI>10.1016/j.combustflame.2016.03.012</referenceDOI>
        <location>Main article, main text</location>
        <table>Supplementary material</table>
        <figure>Main article, Fig. 6 (not used), Fig. 7 (not used)</figure>
        <details>
            <author>Omari, Ahmad and Tartakovsky, Leonid</author>
            <journal>Combust Flame</journal>
            <pages>127--137</pages>
            <title>Measurement of the laminar burning velocity using the confined and unconfined spherical flame methods - A comparative analysis</title>
            <volume>168</volume>
            <year>2016</year>
        </details>
    </bibliographyLink>
    <experimentType>laminar burning velocity measurement</experimentType>
    <apparatus>
        <kind>flame</kind>
        <mode>premixed</mode>
        <mode>laminar</mode>
        <mode>OPF</mode>
    </apparatus>
    <commonProperties>
        <property name="temperature"  label="T"  sourcetype="reported"  units="K"   ><value>300</value></property>
        <property name="pressure"     label="p"  sourcetype="reported"  units="bar" ><value>0.983</value></property>
    </commonProperties>
    <dataGroup id="dg1">
        <property name="equivalence ratio"             id="x1"   label="phi"    sourcetype="reported"   units="unitless"      />
        <property name="laminar burning velocity"      id="x2"   label="Sl"     sourcetype="reported"   units="cm/s"          />
        <property name="composition"                   id="x3"   label="[CH4]"  sourcetype="estimated"  units="mole fraction" >
            <speciesLink preferredKey="CH4"  CAS="74-82-8"    InChI="1S/CH4/h1H4"  SMILES="C"     chemName="methane"  />
        </property>
        <property name="composition"                   id="x4"   label="[H2]"   sourcetype="estimated"  units="mole fraction" >
            <speciesLink preferredKey="H2"   CAS="1333-74-0"  InChI="1S/H2/h1H"    SMILES="[HH]"  chemName="hydrogen" />
        </property>
        <property name="composition"                   id="x5"   label="[O2]"   sourcetype="estimated"  units="mole fraction" >
            <speciesLink preferredKey="O2"   CAS="7782-44-7"  InChI="1S/O2/c1-2"   SMILES="O=O"   chemName="oxygen"   />
        </property>
        <property name="composition"                   id="x6"   label="[N2]"   sourcetype="estimated"  units="mole fraction" >
            <speciesLink preferredKey="N2"   CAS="7727-37-9"  InChI="1S/N2/c1-2"   SMILES="N#N"   chemName="nitrogen" />
        </property>
        <property name="evaluated standard deviation"  id="x7"   sourcetype="estimated"  units="cm/s"           reference="laminar burning velocity"  kind="absolute"  method="combined from scatter and estimated uncertainty" />

        <dataPoint><x1>0.641</x1><x2>18.18</x2><x3>0.055934</x3><x4>0.023972</x4><x5>0.19322</x5><x6>0.72687</x6><x7>1.04455896094045</x7></dataPoint>
        <dataPoint><x1>0.647</x1><x2>18.98</x2><x3>0.056415</x3><x4>0.024178</x4><x5>0.19308</x5><x6>0.72633</x6><x7>1.07954778628878</x7></dataPoint>
        <dataPoint><x1>0.690</x1><x2>21.64</x2><x3>0.059844</x3><x4>0.025648</x4><x5>0.19205</x5><x6>0.72246</x6><x7>1.19814290586766</x7></dataPoint>
        <dataPoint><x1>0.703</x1><x2>24.12</x2><x3>0.060874</x3><x4>0.026089</x4><x5>0.19174</x5><x6>0.72130</x6> <x7>1.3112049507537</x7></dataPoint>
        <dataPoint><x1>0.734</x1><x2>26.05</x2><x3>0.063315</x3><x4>0.027135</x4><x5>0.19101</x5><x6>0.71854</x6><x7>1.40047444563655</x7></dataPoint>
        <dataPoint><x1>0.778</x1><x2>31.73</x2><x3>0.066749</x3><x4>0.028607</x4><x5>0.18998</x5><x6>0.71467</x6><x7>1.66787429768583</x7></dataPoint>
        <dataPoint><x1>0.829</x1><x2>33.98</x2><x3>0.070683</x3><x4>0.030293</x4><x5>0.18880</x5><x6>0.71023</x6><x7>1.77522489360672</x7></dataPoint>
        <dataPoint><x1>0.835</x1><x2>35.29</x2><x3>0.071142</x3><x4>0.030489</x4><x5>0.18866</x5><x6>0.70971</x6><x7>1.83801052034013</x7></dataPoint>
        <dataPoint><x1>0.893</x1><x2>39.90</x2><x3>0.075550</x3><x4>0.032379</x4><x5>0.18733</x5><x6>0.70474</x6><x7>2.06030275029691</x7></dataPoint>
        <dataPoint><x1>0.926</x1><x2>41.37</x2><x3>0.078031</x3><x4>0.033442</x4><x5>0.18659</x5><x6>0.70194</x6><x7>2.13155217456224</x7></dataPoint>
        <dataPoint><x1>0.946</x1><x2>42.98</x2><x3>0.079525</x3><x4>0.034082</x4><x5>0.18614</x5><x6>0.70025</x6><x7>2.20975641709239</x7></dataPoint>
        <dataPoint><x1>0.965</x1><x2>44.28</x2><x3>0.080937</x3><x4>0.034687</x4><x5>0.18572</x5><x6>0.69866</x6><x7>2.27301967058822</x7></dataPoint>
        <dataPoint><x1>0.972</x1><x2>44.21</x2><x3>0.081456</x3><x4>0.034910</x4><x5>0.18556</x5><x6>0.69807</x6><x7>2.26961068751471</x7></dataPoint>
        <dataPoint><x1>1.019</x1><x2>45.91</x2><x3>0.084917</x3><x4>0.036393</x4><x5>0.18452</x5><x6>0.69416</x6><x7>2.35247586021217</x7></dataPoint>
        <dataPoint><x1>1.046</x1><x2>47.01</x2><x3>0.086888</x3><x4>0.037238</x4><x5>0.18393</x5><x6>0.69194</x6><x7>2.40617386588771</x7></dataPoint>
        <dataPoint><x1>1.114</x1><x2>47.08</x2><x3>0.091796</x3><x4>0.039341</x4><x5>0.18246</x5><x6>0.68640</x6><x7>2.40959299942563</x7></dataPoint>
        <dataPoint><x1>1.120</x1><x2>47.50</x2><x3>0.092225</x3><x4>0.039525</x4><x5>0.18233</x5><x6>0.68592</x6><x7>2.43011263584242</x7></dataPoint>
        <dataPoint><x1>1.127</x1><x2>46.73</x2><x3>0.092725</x3><x4>0.039739</x4><x5>0.18218</x5><x6>0.68535</x6><x7>2.39249967040353</x7></dataPoint>
        <dataPoint><x1>1.148</x1><x2>46.76</x2><x3>0.094220</x3><x4>0.040380</x4><x5>0.18173</x5><x6>0.68367</x6><x7>2.39396458262878</x7></dataPoint>
        <dataPoint><x1>1.169</x1><x2>45.59</x2><x3>0.095708</x3><x4>0.041018</x4><x5>0.18129</x5><x6>0.68199</x6><x7>2.33686599377906</x7></dataPoint>
        <dataPoint><x1>1.225</x1><x2>42.04</x2><x3>0.099640</x3><x4>0.042703</x4><x5>0.18011</x5><x6>0.67755</x6><x7>2.16407634405097</x7></dataPoint>
        <dataPoint><x1>1.253</x1><x2>40.93</x2><x3>0.101587</x3><x4>0.043537</x4><x5>0.17952</x5><x6>0.67535</x6><x7>2.11020962771024</x7></dataPoint>
        <dataPoint><x1>1.296</x1><x2>36.99</x2><x3>0.104553</x3><x4>0.044808</x4><x5>0.17863</x5><x6>0.67200</x6><x7>1.91975849337384</x7></dataPoint>
        <dataPoint><x1>1.303</x1><x2>35.71</x2><x3>0.105033</x3><x4>0.045014</x4><x5>0.17849</x5><x6>0.67146</x6><x7>1.85817993555011</x7></dataPoint>
        <dataPoint><x1>1.346</x1><x2>30.65</x2><x3>0.107964</x3><x4>0.046270</x4><x5>0.17761</x5><x6>0.66815</x6><x7>1.61659477695587</x7></dataPoint>
        <dataPoint><x1>1.353</x1><x2>29.76</x2><x3>0.108439</x3><x4>0.046474</x4><x5>0.17747</x5><x6>0.66762</x6><x7>1.57447337954028</x7></dataPoint>
    </dataGroup>
    <comment>Ambient pressure reported. Fuel composition: 70% CH4, 30%H2. Mole fractions were estimated from fuel composition and phi. Data from unconfined-4 measurement.</comment>
</experiment>
