<experiment>
    <fileAuthor>Chemical Kinetics Laboratory, Institute of Chemistry, ELTE, Budapest, Hungary</fileAuthor>
    <fileDOI>10.24388/x20004352</fileDOI>
    <fileVersion>
        <major>1</major>
        <minor>0</minor>
    </fileVersion>
    <ReSpecThVersion>
        <major>2</major>
        <minor>3</minor>
    </ReSpecThVersion>
    <firstPublicationDate>2021-10-29</firstPublicationDate>
    <lastModificationDate>2021-10-29</lastModificationDate>
    <bibliographyLink>
        <description>E. Hu, Z. Huang, J. He, H. Miao, International Journal of Hydrogen Energy 34 (2009), 6951--6960</description>
        <referenceDOI>10.1016/j.ijhydene.2009.06.072</referenceDOI>
        <location>Main article</location>
        <figure>Fig. 2.a., full triangle</figure>
        <details>
            <author>Erjiang Hu and Zuohua Huang and Jiajia He and Haiyan Miao</author>
            <journal>International Journal of Hydrogen Energy</journal>
            <month>aug</month>
            <number>16</number>
            <pages>6951--6960</pages>
            <publisher>Elsevier {BV}</publisher>
            <title>Experimental and numerical study on lean premixed methane{\textendash}hydrogen{\textendash}air flames at elevated pressures and temperatures</title>
            <volume>34</volume>
            <year>2009</year>
        </details>
    </bibliographyLink>
    <experimentType>laminar burning velocity measurement</experimentType>
    <apparatus>
        <kind>flame</kind>
        <mode>premixed</mode>
        <mode>laminar</mode>
    </apparatus>
    <commonProperties>
        <property name="temperature"          label="T"  sourcetype="reported"    units="K"             ><value>373</value></property>
        <property name="initial composition"  sourcetype="calculated" >
            <component><speciesLink preferredKey="CH4"  CAS="74-82-8"    InChI="1S/CH4/h1H4"  SMILES="C"     chemName="methane"  /><amount units="mole fraction" >0.064865</amount></component>
            <component><speciesLink preferredKey="O2"   CAS="7782-44-7"  InChI="1S/O2/c1-2"   SMILES="O=O"   chemName="oxygen"   /><amount units="mole fraction" >0.189190</amount></component>
            <component><speciesLink preferredKey="N2"   CAS="7727-37-9"  InChI="1S/N2/c1-2"   SMILES="N#N"   chemName="nitrogen" /><amount units="mole fraction" >0.702700</amount></component>
            <component><speciesLink preferredKey="H2"   CAS="1333-74-0"  InChI="1S/H2/h1H"    SMILES="[HH]"  chemName="hydrogen" /><amount units="mole fraction" >0.043243</amount></component>
        </property>
    </commonProperties>
    <dataGroup id="dg1">
        <property name="pressure"                      id="x1"   label="P"   sourcetype="digitized"  units="Pa"   />
        <property name="laminar burning velocity"      id="x2"   label="Sl"  sourcetype="digitized"  units="m/s"  />
        <property name="evaluated standard deviation"  id="x3"   sourcetype="estimated"  units="cm/s"  reference="laminar burning velocity"  kind="absolute"  method="combined from scatter and estimated uncertainty" />

        <dataPoint><x1>9.950000e+004</x1><x2>5.567900e-001</x2><x3>3.65488446997987</x3></dataPoint>
        <dataPoint><x1>2.500000e+005</x1><x2>3.793200e-001</x2><x3>3.03395689593639</x3></dataPoint>
        <dataPoint><x1>5.000000e+005</x1><x2>2.555600e-001</x2><x3>2.69083179080373</x3></dataPoint>
        <dataPoint><x1>7.500000e+005</x1><x2>2.061700e-001</x2> <x3>2.5827223251639</x3></dataPoint>
    </dataGroup>
</experiment>
