<experiment>
    <fileAuthor>Chemical Kinetics Laboratory, Institute of Chemistry, ELTE, Budapest, Hungary</fileAuthor>
    <fileDOI>10.24388/x20004112</fileDOI>
    <fileVersion>
        <major>1</major>
        <minor>0</minor>
    </fileVersion>
    <ReSpecThVersion>
        <major>2</major>
        <minor>3</minor>
    </ReSpecThVersion>
    <firstPublicationDate>2021-10-29</firstPublicationDate>
    <lastModificationDate>2021-10-29</lastModificationDate>
    <bibliographyLink>
        <description>F. COPPENS, J. DERUYCK, A. KONNOV, Combustion and Flame 149 (2007), 409--417</description>
        <referenceDOI>10.1016/j.combustflame.2007.02.004</referenceDOI>
        <location>Main article, Fig. 3, open square</location>
        <figure>Figure 3</figure>
        <details>
            <author>F COPPENS and J DERUYCK and A KONNOV</author>
            <journal>Combustion and Flame</journal>
            <month>jun</month>
            <number>4</number>
            <pages>409--417</pages>
            <publisher>Elsevier {BV}</publisher>
            <title>The effects of composition on burning velocity and nitric oxide formation in laminar premixed flames of {CH}4 $\mathplus$ H2 $\mathplus$ O2 $\mathplus$ N2</title>
            <volume>149</volume>
            <year>2007</year>
        </details>
    </bibliographyLink>
    <experimentType>laminar burning velocity measurement</experimentType>
    <apparatus>
        <kind>flame</kind>
        <mode>premixed</mode>
        <mode>laminar</mode>
    </apparatus>
    <commonProperties>
        <property name="pressure"                      label="P"  sourcetype="reported"   units="atm"  ><value>1</value></property>
        <property name="temperature"                   label="T"  sourcetype="reported"   units="K"    ><value>298</value></property>
        <property name="evaluated standard deviation"  sourcetype="estimated"  units="cm/s"  reference="laminar burning velocity"  kind="absolute"  method="generic uncertainty" ><value>0.5</value></property>
    </commonProperties>
    <dataGroup id="dg1">
        <property name="laminar burning velocity"  id="x1"   label="Sl"     sourcetype="digitized"  units="cm/s"          />
        <property name="composition"               id="x2"   label="[CH4]"  sourcetype="digitized"  units="mole fraction" >
            <speciesLink preferredKey="CH4"  CAS="74-82-8"    InChI="1S/CH4/h1H4"  SMILES="C"     chemName="methane"  />
        </property>
        <property name="composition"               id="x3"   label="[O2]"   sourcetype="digitized"  units="mole fraction" >
            <speciesLink preferredKey="O2"   CAS="7782-44-7"  InChI="1S/O2/c1-2"   SMILES="O=O"   chemName="oxygen"   />
        </property>
        <property name="composition"               id="x4"   label="[N2]"   sourcetype="digitized"  units="mole fraction" >
            <speciesLink preferredKey="N2"   CAS="7727-37-9"  InChI="1S/N2/c1-2"   SMILES="N#N"   chemName="nitrogen" />
        </property>
        <property name="composition"               id="x5"   label="[H2]"   sourcetype="digitized"  units="mole fraction" >
            <speciesLink preferredKey="H2"   CAS="1333-74-0"  InChI="1S/H2/h1H"    SMILES="[HH]"  chemName="hydrogen" />
        </property>

        <dataPoint><x1>1.181660e+001</x1><x2>6.237827e-002</x2><x3>1.681810e-001</x3><x4>7.661577e-001</x4><x5>3.283067e-003</x5></dataPoint>
        <dataPoint><x1>1.481041e+001</x1><x2>6.629649e-002</x2><x3>1.674386e-001</x3><x4>7.627757e-001</x4><x5>3.489289e-003</x5></dataPoint>
        <dataPoint><x1>1.754647e+001</x1><x2>7.007969e-002</x2><x3>1.667217e-001</x3><x4>7.595102e-001</x4><x5>3.688405e-003</x5></dataPoint>
        <dataPoint><x1>2.027261e+001</x1><x2>7.383063e-002</x2><x3>1.660110e-001</x3><x4>7.562725e-001</x4><x5>3.885823e-003</x5></dataPoint>
        <dataPoint><x1>2.256258e+001</x1><x2>7.755197e-002</x2><x3>1.653059e-001</x3><x4>7.530604e-001</x4><x5>4.081683e-003</x5></dataPoint>
        <dataPoint><x1>2.422800e+001</x1><x2>8.134732e-002</x2><x3>1.645868e-001</x3><x4>7.497844e-001</x4><x5>4.281438e-003</x5></dataPoint>
        <dataPoint><x1>2.497150e+001</x1><x2>8.501626e-002</x2><x3>1.638917e-001</x3><x4>7.466175e-001</x4><x5>4.474540e-003</x5></dataPoint>
        <dataPoint><x1>2.503098e+001</x1><x2>8.865800e-002</x2><x3>1.632016e-001</x3><x4>7.434741e-001</x4><x5>4.666210e-003</x5></dataPoint>
        <dataPoint><x1>2.411896e+001</x1><x2>9.219533e-002</x2><x3>1.625314e-001</x3><x4>7.404209e-001</x4><x5>4.852386e-003</x5></dataPoint>
        <dataPoint><x1>2.246344e+001</x1><x2>9.586891e-002</x2><x3>1.618354e-001</x3><x4>7.372500e-001</x4><x5>5.045732e-003</x5></dataPoint>
        <dataPoint><x1>1.941016e+001</x1><x2>9.953680e-002</x2><x3>1.611404e-001</x3><x4>7.340840e-001</x4><x5>5.238779e-003</x5></dataPoint>
        <dataPoint><x1>1.630731e+001</x1><x2>1.030780e-001</x2><x3>1.604694e-001</x3><x4>7.310274e-001</x4><x5>5.425159e-003</x5></dataPoint>
        <dataPoint><x1>1.337299e+001</x1><x2>1.066676e-001</x2><x3>1.597893e-001</x3><x4>7.279290e-001</x4><x5>5.614083e-003</x5></dataPoint>
        <dataPoint><x1>1.107311e+001</x1><x2>1.101609e-001</x2><x3>1.591274e-001</x3><x4>7.249138e-001</x4><x5>5.797942e-003</x5></dataPoint>
    </dataGroup>
</experiment>
