<experiment>
    <fileAuthor>Chemical Kinetics Laboratory, Institute of Chemistry, ELTE, Budapest, Hungary</fileAuthor>
    <fileDOI>10.24388/x20004124</fileDOI>
    <fileVersion>
        <major>1</major>
        <minor>0</minor>
    </fileVersion>
    <ReSpecThVersion>
        <major>2</major>
        <minor>3</minor>
    </ReSpecThVersion>
    <firstPublicationDate>2021-10-29</firstPublicationDate>
    <lastModificationDate>2021-10-29</lastModificationDate>
    <bibliographyLink>
        <description>F. COPPENS, J. DERUYCK, A. KONNOV, Combustion and Flame 149 (2007), 409--417</description>
        <referenceDOI>10.1016/j.combustflame.2007.02.004</referenceDOI>
        <location>Main article, Fig. 5, open square</location>
        <figure>Figure 6</figure>
        <details>
            <author>F COPPENS and J DERUYCK and A KONNOV</author>
            <journal>Combustion and Flame</journal>
            <month>jun</month>
            <number>4</number>
            <pages>409--417</pages>
            <publisher>Elsevier {BV}</publisher>
            <title>The effects of composition on burning velocity and nitric oxide formation in laminar premixed flames of {CH}4 $\mathplus$ H2 $\mathplus$ O2 $\mathplus$ N2</title>
            <volume>149</volume>
            <year>2007</year>
        </details>
    </bibliographyLink>
    <experimentType>laminar burning velocity measurement</experimentType>
    <apparatus>
        <kind>flame</kind>
        <mode>premixed</mode>
        <mode>laminar</mode>
    </apparatus>
    <commonProperties>
        <property name="pressure"                      label="P"  sourcetype="reported"   units="atm"  ><value>1</value></property>
        <property name="temperature"                   label="T"  sourcetype="reported"   units="K"    ><value>298</value></property>
        <property name="evaluated standard deviation"  sourcetype="estimated"  units="cm/s"  reference="laminar burning velocity"  kind="absolute"  method="generic uncertainty" ><value>0.5</value></property>
    </commonProperties>
    <dataGroup id="dg1">
        <property name="laminar burning velocity"  id="x1"   label="Sl"     sourcetype="digitized"  units="cm/s"          />
        <property name="composition"               id="x2"   label="[CH4]"  sourcetype="digitized"  units="mole fraction" >
            <speciesLink preferredKey="CH4"  CAS="74-82-8"    InChI="1S/CH4/h1H4"  SMILES="C"     chemName="methane"  />
        </property>
        <property name="composition"               id="x3"   label="[O2]"   sourcetype="digitized"  units="mole fraction" >
            <speciesLink preferredKey="O2"   CAS="7782-44-7"  InChI="1S/O2/c1-2"   SMILES="O=O"   chemName="oxygen"   />
        </property>
        <property name="composition"               id="x4"   label="[N2]"   sourcetype="digitized"  units="mole fraction" >
            <speciesLink preferredKey="N2"   CAS="7727-37-9"  InChI="1S/N2/c1-2"   SMILES="N#N"   chemName="nitrogen" />
        </property>
        <property name="composition"               id="x5"   label="[H2]"   sourcetype="digitized"  units="mole fraction" >
            <speciesLink preferredKey="H2"   CAS="1333-74-0"  InChI="1S/H2/h1H"    SMILES="[HH]"  chemName="hydrogen" />
        </property>

        <dataPoint><x1>2.030481e+001</x1><x2>5.791221e-002</x2><x3>1.639628e-001</x3><x4>7.469415e-001</x4><x5>3.118350e-002</x5></dataPoint>
        <dataPoint><x1>2.358808e+001</x1><x2>6.119399e-002</x2><x3>1.630540e-001</x3><x4>7.428014e-001</x4><x5>3.295061e-002</x5></dataPoint>
        <dataPoint><x1>2.694590e+001</x1><x2>6.443959e-002</x2><x3>1.621552e-001</x3><x4>7.387070e-001</x4><x5>3.469824e-002</x5></dataPoint>
        <dataPoint><x1>2.967774e+001</x1><x2>6.757957e-002</x2><x3>1.612857e-001</x3><x4>7.347458e-001</x4><x5>3.638900e-002</x5></dataPoint>
        <dataPoint><x1>3.166409e+001</x1><x2>7.067407e-002</x2><x3>1.604287e-001</x3><x4>7.308419e-001</x4><x5>3.805527e-002</x5></dataPoint>
        <dataPoint><x1>3.302387e+001</x1><x2>7.382376e-002</x2><x3>1.595565e-001</x3><x4>7.268685e-001</x4><x5>3.975126e-002</x5></dataPoint>
        <dataPoint><x1>3.341440e+001</x1><x2>7.695727e-002</x2><x3>1.586888e-001</x3><x4>7.229154e-001</x4><x5>4.143853e-002</x5></dataPoint>
        <dataPoint><x1>3.252298e+001</x1><x2>7.996416e-002</x2><x3>1.578561e-001</x3><x4>7.191221e-001</x4><x5>4.305763e-002</x5></dataPoint>
        <dataPoint><x1>3.049802e+001</x1><x2>8.302598e-002</x2><x3>1.570082e-001</x3><x4>7.152595e-001</x4><x5>4.470630e-002</x5></dataPoint>
        <dataPoint><x1>2.710121e+001</x1><x2>8.607419e-002</x2><x3>1.561641e-001</x3><x4>7.114141e-001</x4><x5>4.634764e-002</x5></dataPoint>
        <dataPoint><x1>2.355568e+001</x1><x2>8.899587e-002</x2><x3>1.553550e-001</x3><x4>7.077283e-001</x4><x5>4.792085e-002</x5></dataPoint>
        <dataPoint><x1>1.977125e+001</x1><x2>9.196812e-002</x2><x3>1.545319e-001</x3><x4>7.039787e-001</x4><x5>4.952129e-002</x5></dataPoint>
        <dataPoint><x1>1.670248e+001</x1><x2>9.491945e-002</x2><x3>1.537146e-001</x3><x4>7.002555e-001</x4><x5>5.111047e-002</x5></dataPoint>
    </dataGroup>
</experiment>
