<experiment>
    <fileAuthor>Chemical Kinetics Laboratory, Institute of Chemistry, ELTE, Budapest, Hungary</fileAuthor>
    <fileDOI>10.24388/x20004227</fileDOI>
    <fileVersion>
        <major>1</major>
        <minor>0</minor>
    </fileVersion>
    <ReSpecThVersion>
        <major>2</major>
        <minor>3</minor>
    </ReSpecThVersion>
    <firstPublicationDate>2021-10-29</firstPublicationDate>
    <lastModificationDate>2021-10-29</lastModificationDate>
    <bibliographyLink>
        <description>G. Yu, C.K. Law, C.K. Wu, Combustion and Flame 63 (1986), 339--347</description>
        <referenceDOI>10.1016/0010-2180(86)90003-9</referenceDOI>
        <location>Fig. 6 open circle RH=0.20</location>
        <figure>Fig. 6</figure>
        <details>
            <author>G. Yu and C.K. Law and C.K. Wu</author>
            <journal>Combustion and Flame</journal>
            <month>mar</month>
            <number>3</number>
            <pages>339--347</pages>
            <publisher>Elsevier {BV}</publisher>
            <title>Laminar flame speeds of hydrocarbon $\mathplus$ air mixtures with hydrogen addition</title>
            <volume>63</volume>
            <year>1986</year>
        </details>
    </bibliographyLink>
    <experimentType>laminar burning velocity measurement</experimentType>
    <apparatus>
        <kind>flame</kind>
        <mode>premixed</mode>
        <mode>laminar</mode>
    </apparatus>
    <commonProperties>
        <property name="pressure"                      label="P"  sourcetype="estimated"  units="atm"  ><value>1</value></property>
        <property name="temperature"                   label="T"  sourcetype="estimated"  units="K"    ><value>298</value></property>
        <property name="evaluated standard deviation"  sourcetype="estimated"  units="cm/s"  reference="laminar burning velocity"  kind="absolute"  method="combined from scatter and estimated uncertainty" ><value>1.3374801136002</value></property>
    </commonProperties>
    <dataGroup id="dg1">
        <property name="laminar burning velocity"  id="x1"   label="Sl"     sourcetype="digitized"  units="cm/s"          />
        <property name="composition"               id="x2"   label="[CH4]"  sourcetype="digitized"  units="mole fraction" >
            <speciesLink preferredKey="CH4"  CAS="74-82-8"    InChI="1S/CH4/h1H4"  SMILES="C"     chemName="methane"  />
        </property>
        <property name="composition"               id="x3"   label="[O2]"   sourcetype="digitized"  units="mole fraction" >
            <speciesLink preferredKey="O2"   CAS="7782-44-7"  InChI="1S/O2/c1-2"   SMILES="O=O"   chemName="oxygen"   />
        </property>
        <property name="composition"               id="x4"   label="[N2]"   sourcetype="digitized"  units="mole fraction" >
            <speciesLink preferredKey="N2"   CAS="7727-37-9"  InChI="1S/N2/c1-2"   SMILES="N#N"   chemName="nitrogen" />
        </property>
        <property name="composition"               id="x5"   label="[H2]"   sourcetype="digitized"  units="mole fraction" >
            <speciesLink preferredKey="H2"   CAS="1333-74-0"  InChI="1S/H2/h1H"    SMILES="[HH]"  chemName="hydrogen" />
        </property>

        <dataPoint><x1>1.905207e+001</x1><x2>4.224563e-002</x2><x3>1.908111e-001</x3><x4>7.178131e-001</x4><x5>4.913023e-002</x5></dataPoint>
        <dataPoint><x1>2.815377e+001</x1><x2>5.085242e-002</x2><x3>1.890036e-001</x3><x4>7.110137e-001</x4><x5>4.913023e-002</x5></dataPoint>
        <dataPoint><x1>3.724172e+001</x1><x2>5.773684e-002</x2><x3>1.875579e-001</x3><x4>7.055750e-001</x4><x5>4.913023e-002</x5></dataPoint>
        <dataPoint><x1>4.306415e+001</x1><x2>6.446393e-002</x2><x3>1.861452e-001</x3><x4>7.002606e-001</x4><x5>4.913023e-002</x5></dataPoint>
        <dataPoint><x1>5.201328e+001</x1><x2>7.268185e-002</x2><x3>1.844195e-001</x3><x4>6.937685e-001</x4><x5>4.913023e-002</x5></dataPoint>
        <dataPoint><x1>5.715138e+001</x1><x2>7.925001e-002</x2><x3>1.830402e-001</x3><x4>6.885796e-001</x4><x5>4.913023e-002</x5></dataPoint>
        <dataPoint><x1>5.790484e+001</x1><x2>8.631160e-002</x2><x3>1.815572e-001</x3><x4>6.830010e-001</x4><x5>4.913023e-002</x5></dataPoint>
        <dataPoint><x1>5.417615e+001</x1><x2>9.337948e-002</x2><x3>1.800730e-001</x3><x4>6.774173e-001</x4><x5>4.913023e-002</x5></dataPoint>
        <dataPoint><x1>4.606927e+001</x1><x2>1.001300e-001</x2><x3>1.786554e-001</x3><x4>6.720844e-001</x4><x5>4.913023e-002</x5></dataPoint>
        <dataPoint><x1>3.850921e+001</x1><x2>1.049821e-001</x2><x3>1.776364e-001</x3><x4>6.682513e-001</x4><x5>4.913023e-002</x5></dataPoint>
    </dataGroup>
</experiment>
