<experiment>
    <fileAuthor>Chemical Kinetics Laboratory, Institute of Chemistry, ELTE, Budapest, Hungary</fileAuthor>
    <fileDOI>10.24388/x20004561</fileDOI>
    <fileVersion>
        <major>1</major>
        <minor>0</minor>
    </fileVersion>
    <ReSpecThVersion>
        <major>2</major>
        <minor>3</minor>
    </ReSpecThVersion>
    <firstPublicationDate>2021-10-29</firstPublicationDate>
    <lastModificationDate>2021-10-29</lastModificationDate>
    <bibliographyLink>
        <description>Y. Wu, V. Modica, B. Rossow, F. Grisch, Fuel 185 (2016), 577--588</description>
        <referenceDOI>10.1016/j.fuel.2016.07.110</referenceDOI>
        <location>Main article, Fig. 10., blue circle</location>
        <figure>Main article, Fig. 10., blue circle</figure>
        <details>
            <author>Wu, Yi and Modica, Vincent and Rossow, Bjorn and Grisch, Fr\'{e}d\'{e}ric</author>
            <journal>Fuel</journal>
            <pages>577--588</pages>
            <title>Effects of pressure and preheating temperature on the laminar flame speed of methane/air and acetone/air mixtures</title>
            <volume>185</volume>
            <year>2016</year>
        </details>
    </bibliographyLink>
    <experimentType>laminar burning velocity measurement</experimentType>
    <apparatus>
        <kind>flame</kind>
        <mode>premixed</mode>
        <mode>laminar</mode>
        <mode>FCM?</mode>
    </apparatus>
    <commonProperties>
        <property name="temperature"  label="T"  sourcetype="reported"  units="K"   ><value>418</value></property>
        <property name="pressure"     label="p"  sourcetype="reported"  units="MPa" ><value>0.1</value></property>
    </commonProperties>
    <dataGroup id="dg1">
        <property name="equivalence ratio"             id="x1"   label="phi"    sourcetype="digitized"   units="unitless"      />
        <property name="laminar burning velocity"      id="x2"   label="Sl"     sourcetype="digitized"   units="cm/s"          />
        <property name="composition"                   id="x3"   label="[CH4]"  sourcetype="calculated"  units="mole fraction" >
            <speciesLink preferredKey="CH4"  CAS="74-82-8"    InChI="1S/CH4/h1H4"  SMILES="C"    chemName="methane"  />
        </property>
        <property name="composition"                   id="x4"   label="[O2]"   sourcetype="calculated"  units="mole fraction" >
            <speciesLink preferredKey="O2"   CAS="7782-44-7"  InChI="1S/O2/c1-2"   SMILES="O=O"  chemName="oxygen"   />
        </property>
        <property name="composition"                   id="x5"   label="[N2]"   sourcetype="calculated"  units="mole fraction" >
            <speciesLink preferredKey="N2"   CAS="7727-37-9"  InChI="1S/N2/c1-2"   SMILES="N#N"  chemName="nitrogen" />
        </property>
        <property name="evaluated standard deviation"  id="x6"   sourcetype="estimated"   units="cm/s"           reference="laminar burning velocity"  kind="absolute"  method="combined from scatter and reported uncertainty" />

        <dataPoint><x1>0.701064</x1><x2>34.7471</x2><x3>0.0685646</x3><x4>0.1956014</x4><x5>0.7358340</x5><x6>0.780466830518761</x6></dataPoint>
        <dataPoint><x1>0.800798</x1><x2>47.5097</x2><x3>0.0775621</x3><x4>0.1937120</x4><x5>0.7287260</x5> <x6>1.01442236164824</x6></dataPoint>
        <dataPoint><x1>0.900532</x1> <x2>58.716</x2><x3>0.0863874</x3><x4>0.1918586</x4><x5>0.7217539</x5> <x6>1.22687063400181</x6></dataPoint>
        <dataPoint> <x1>1.00027</x1><x2>66.0311</x2><x3>0.0950458</x3><x4>0.1900404</x4><x5>0.7149138</x5> <x6>1.36756226807411</x6></dataPoint>
        <dataPoint>     <x1>1.1</x1><x2>67.7432</x2><x3>0.1035410</x3><x4>0.1882564</x4><x5>0.7082026</x5> <x6>1.40065718456445</x6></dataPoint>
        <dataPoint> <x1>1.19973</x1><x2>61.3619</x2><x3>0.1118782</x3><x4>0.1865056</x4><x5>0.7016162</x5> <x6>1.27761386921871</x6></dataPoint>
        <dataPoint>  <x1>1.3008</x1><x2>49.2218</x2><x3>0.1201706</x3><x4>0.1847642</x4><x5>0.6950652</x5>  <x6>1.0465650138773</x6></dataPoint>
        <dataPoint> <x1>1.40053</x1><x2>33.8132</x2><x3>0.1282027</x3><x4>0.1830774</x4><x5>0.6887199</x5><x6>0.763882901937202</x6></dataPoint>
    </dataGroup>
    <comment>CH4, O2 and N2 mole fractions were estimated using phi, O2 and N2 volume ratio in air.</comment>
</experiment>
