<experiment>
    <fileAuthor>Chemical Kinetics Laboratory, Institute of Chemistry, ELTE, Budapest, Hungary</fileAuthor>
    <fileDOI>10.24388/x20004095</fileDOI>
    <fileVersion>
        <major>1</major>
        <minor>0</minor>
    </fileVersion>
    <ReSpecThVersion>
        <major>2</major>
        <minor>3</minor>
    </ReSpecThVersion>
    <firstPublicationDate>2021-10-29</firstPublicationDate>
    <lastModificationDate>2021-10-29</lastModificationDate>
    <bibliographyLink>
        <description>O. Park, P.S. Veloo, N. Liu, F.N. Egolfopoulos, Proceedings of the Combustion Institute 33 (2011), 887-894</description>
        <referenceDOI>10.1016/j.proci.2010.06.116</referenceDOI>
        <location>Main article, Fig. 6a, full triangle</location>
        <figure>Figure 6a</figure>
        <details>
            <author>Okjoo Park and Peter S. Veloo and Ning Liu and Fokion N. Egolfopoulos</author>
            <journal>Proceedings of the Combustion Institute</journal>
            <number>1</number>
            <pages>887-894</pages>
            <title>Combustion characteristics of alternative gaseous fuels</title>
            <volume>33</volume>
            <year>2011</year>
        </details>
    </bibliographyLink>
    <experimentType>laminar burning velocity measurement</experimentType>
    <apparatus>
        <kind>flame</kind>
        <mode>premixed</mode>
        <mode>laminar</mode>
    </apparatus>
    <commonProperties>
        <property name="pressure"                      label="P"  sourcetype="reported"   units="atm"  ><value>1</value></property>
        <property name="temperature"                   label="T"  sourcetype="reported"   units="K"    ><value>298</value></property>
        <property name="evaluated standard deviation"  sourcetype="estimated"  units="cm/s"  reference="laminar burning velocity"  kind="absolute"  method="combined from scatter and reported uncertainty" ><value>1.08359388788236</value></property>
    </commonProperties>
    <dataGroup id="dg1">
        <property name="laminar burning velocity"  id="x1"   label="Sl"     sourcetype="digitized"  units="cm/s"          />
        <property name="composition"               id="x2"   label="[CH4]"  sourcetype="digitized"  units="mole fraction" >
            <speciesLink preferredKey="CH4"  CAS="74-82-8"    InChI="1S/CH4/h1H4"    SMILES="C"        chemName="methane"        />
        </property>
        <property name="composition"               id="x3"   label="[O2]"   sourcetype="digitized"  units="mole fraction" >
            <speciesLink preferredKey="O2"   CAS="7782-44-7"  InChI="1S/O2/c1-2"     SMILES="O=O"      chemName="oxygen"         />
        </property>
        <property name="composition"               id="x4"   label="[N2]"   sourcetype="digitized"  units="mole fraction" >
            <speciesLink preferredKey="N2"   CAS="7727-37-9"  InChI="1S/N2/c1-2"     SMILES="N#N"      chemName="nitrogen"       />
        </property>
        <property name="composition"               id="x5"   label="[CO2]"  sourcetype="digitized"  units="mole fraction" >
            <speciesLink preferredKey="CO2"  CAS="124-38-9"   InChI="1S/CO2/c2-1-3"  SMILES="C(=O)=O"  chemName="carbon dioxide" />
        </property>

        <dataPoint><x1>2.075807e+001</x1><x2>7.202443e-002</x2><x3>1.917507e-001</x3><x4>7.122168e-001</x4><x5>2.400814e-002</x5></dataPoint>
        <dataPoint><x1>2.409714e+001</x1><x2>8.054045e-002</x2><x3>1.893421e-001</x3><x4>7.032706e-001</x4><x5>2.684682e-002</x5></dataPoint>
        <dataPoint><x1>2.907749e+001</x1><x2>8.878501e-002</x2><x3>1.870103e-001</x3><x4>6.946097e-001</x4><x5>2.959500e-002</x5></dataPoint>
        <dataPoint><x1>2.935826e+001</x1><x2>9.289105e-002</x2><x3>1.858490e-001</x3><x4>6.902963e-001</x4><x5>3.096368e-002</x5></dataPoint>
        <dataPoint><x1>2.833434e+001</x1><x2>9.707423e-002</x2><x3>1.846659e-001</x3><x4>6.859018e-001</x4><x5>3.235808e-002</x5></dataPoint>
        <dataPoint><x1>2.771032e+001</x1><x2>1.010783e-001</x2><x3>1.835334e-001</x3><x4>6.816955e-001</x4><x5>3.369276e-002</x5></dataPoint>
        <dataPoint><x1>2.611839e+001</x1><x2>1.050335e-001</x2><x3>1.824148e-001</x3><x4>6.775406e-001</x4><x5>3.501117e-002</x5></dataPoint>
        <dataPoint><x1>2.549441e+001</x1><x2>1.088843e-001</x2><x3>1.813257e-001</x3><x4>6.734953e-001</x4><x5>3.629475e-002</x5></dataPoint>
        <dataPoint><x1>2.128275e+001</x1><x2>1.128118e-001</x2><x3>1.802148e-001</x3><x4>6.693694e-001</x4><x5>3.760393e-002</x5></dataPoint>
    </dataGroup>
</experiment>
