<experiment>
    <fileAuthor>Chemical Kinetics Laboratory, Institute of Chemistry, ELTE, Budapest, Hungary</fileAuthor>
    <fileDOI>10.24388/x20004600</fileDOI>
    <fileVersion>
        <major>1</major>
        <minor>0</minor>
    </fileVersion>
    <ReSpecThVersion>
        <major>2</major>
        <minor>3</minor>
    </ReSpecThVersion>
    <firstPublicationDate>2021-10-29</firstPublicationDate>
    <lastModificationDate>2021-10-29</lastModificationDate>
    <bibliographyLink>
        <description>S.Y. Liao, D.M. Jiang, Q. Cheng, Fuel 83 (2004), 1247--1250</description>
        <referenceDOI>10.1016/j.fuel.2003.12.001</referenceDOI>
        <location>Main article</location>
        <figure>Fig. 2, full square (present experimental for methane - air), Pu = 0.05 MPa</figure>
        <details>
            <author>Liao, S Y and Jiang, D M and Cheng, Q</author>
            <journal>Fuel</journal>
            <pages>1247--1250</pages>
            <title>Determination of laminar burning velocities for natural gas</title>
            <volume>83</volume>
            <year>2004</year>
        </details>
    </bibliographyLink>
    <experimentType>laminar burning velocity measurement</experimentType>
    <apparatus>
        <kind>flame</kind>
        <mode>premixed</mode>
        <mode>laminar</mode>
        <mode>OPF</mode>
    </apparatus>
    <commonProperties>
        <property name="temperature"  label="T"  sourcetype="reported"  units="K"   ><value>300</value></property>
        <property name="pressure"     label="p"  sourcetype="reported"  units="MPa" ><value>0.05</value></property>
    </commonProperties>
    <dataGroup id="dg1">
        <property name="laminar burning velocity"      id="x1"   label="Sl"     sourcetype="digitized"   units="cm/s"          />
        <property name="composition"                   id="x2"   label="[CH4]"  sourcetype="calculated"  units="mole fraction" >
            <speciesLink preferredKey="CH4"  CAS="74-82-8"    InChI="1S/CH4/h1H4"  SMILES="C"    chemName="methane"  />
        </property>
        <property name="composition"                   id="x3"   label="[O2]"   sourcetype="calculated"  units="mole fraction" >
            <speciesLink preferredKey="O2"   CAS="7782-44-7"  InChI="1S/O2/c1-2"   SMILES="O=O"  chemName="oxygen"   />
        </property>
        <property name="composition"                   id="x4"   label="[N2]"   sourcetype="calculated"  units="mole fraction" >
            <speciesLink preferredKey="N2"   CAS="7727-37-9"  InChI="1S/N2/c1-2"   SMILES="N#N"  chemName="nitrogen" />
        </property>
        <property name="evaluated standard deviation"  id="x5"   sourcetype="estimated"   units="cm/s"           reference="laminar burning velocity"  kind="absolute"  method="combined from scatter and reported uncertainty" />

        <dataPoint><x1>15.21</x1><x2>0.059237</x2><x3>0.197560</x3><x4>0.743203</x4><x5>0.86274065100759</x5></dataPoint>
        <dataPoint><x1>19.56</x1><x2>0.063874</x2><x3>0.196587</x3><x4>0.739540</x4><x5>1.05923461570183</x5></dataPoint>
        <dataPoint><x1>25.79</x1><x2>0.068398</x2><x3>0.195637</x3><x4>0.735966</x4><x5>1.35237992631546</x5></dataPoint>
        <dataPoint><x1>31.12</x1><x2>0.073019</x2><x3>0.194666</x3><x4>0.732315</x4><x5>1.60829810619052</x5></dataPoint>
        <dataPoint><x1>36.16</x1><x2>0.077452</x2><x3>0.193735</x3><x4>0.728813</x4> <x5>1.8534431499984</x5></dataPoint>
        <dataPoint><x1>40.37</x1><x2>0.081980</x2><x3>0.192784</x3><x4>0.725236</x4><x5>2.05908513279587</x5></dataPoint>
        <dataPoint><x1>45.48</x1><x2>0.086328</x2><x3>0.191871</x3><x4>0.721801</x4><x5>2.31035869108587</x5></dataPoint>
        <dataPoint><x1>48.36</x1><x2>0.090629</x2><x3>0.190968</x3><x4>0.718403</x4><x5>2.45196770532893</x5></dataPoint>
        <dataPoint><x1>51.02</x1><x2>0.094957</x2><x3>0.190059</x3><x4>0.714984</x4><x5>2.58344088964234</x5></dataPoint>
        <dataPoint><x1>52.50</x1><x2>0.099173</x2><x3>0.189174</x3><x4>0.711653</x4>  <x5>2.656244267434</x5></dataPoint>
        <dataPoint><x1>52.99</x1><x2>0.103348</x2><x3>0.188297</x3><x4>0.708355</x4><x5>2.68063496692034</x5></dataPoint>
        <dataPoint><x1>52.36</x1><x2>0.107614</x2><x3>0.187401</x3><x4>0.704985</x4><x5>2.64966819490686</x5></dataPoint>
        <dataPoint><x1>49.85</x1><x2>0.111769</x2><x3>0.186529</x3><x4>0.701703</x4><x5>2.52536393812377</x5></dataPoint>
        <dataPoint><x1>46.14</x1><x2>0.115947</x2><x3>0.185651</x3><x4>0.698402</x4><x5>2.34258791017562</x5></dataPoint>
        <dataPoint><x1>38.86</x1><x2>0.120077</x2><x3>0.184784</x3><x4>0.695139</x4> <x5>1.9851728215702</x5></dataPoint>
        <dataPoint><x1>30.53</x1><x2>0.124166</x2><x3>0.183925</x3><x4>0.691909</x4><x5>1.57985992578488</x5></dataPoint>
        <dataPoint><x1>20.94</x1><x2>0.128150</x2><x3>0.183088</x3><x4>0.688761</x4><x5>1.12338553590297</x5></dataPoint>
    </dataGroup>
    <comment>CH4, O2, and N2 mole fractions were calculated using the equivalence ration. The uncertainty of measured laminar buring velocity is 5%.</comment>
</experiment>
