<experiment>
    <fileAuthor>Chemical Kinetics Laboratory, Institute of Chemistry, ELTE, Budapest, Hungary</fileAuthor>
    <fileDOI>10.24388/x20004539</fileDOI>
    <fileVersion>
        <major>1</major>
        <minor>0</minor>
    </fileVersion>
    <ReSpecThVersion>
        <major>2</major>
        <minor>3</minor>
    </ReSpecThVersion>
    <firstPublicationDate>2021-10-29</firstPublicationDate>
    <lastModificationDate>2021-10-29</lastModificationDate>
    <bibliographyLink>
        <description>J. Beeckmann, L. Cai, H. Pitsch, Fuel 117, Part A (2014), 340--350</description>
        <referenceDOI>10.1016/j.fuel.2013.09.025</referenceDOI>
        <location>Main article, Fig. 2., black star</location>
        <figure>Fig. 2., black star</figure>
        <details>
            <author>Beeckmann, J and Cai, L and Pitsch, H</author>
            <journal>Fuel</journal>
            <pages>340--350</pages>
            <title>Experimental investigation of the laminar burning velocities of methanol, ethanol, n-propanol, and n-butanol at high pressure</title>
            <volume>117, Part A</volume>
            <year>2014</year>
        </details>
    </bibliographyLink>
    <experimentType>laminar burning velocity measurement</experimentType>
    <apparatus>
        <kind>flame</kind>
        <mode>premixed</mode>
        <mode>laminar</mode>
        <mode>OPF?</mode>
    </apparatus>
    <commonProperties>
        <property name="temperature"  label="T"    sourcetype="estimated"  units="K"   ><value>299</value></property>
        <property name="uncertainty"  label="d_T"  sourcetype="estimated"  units="K"    reference="temperature"  kind="absolute"  bound="plusminus" ><value>1</value></property>
        <property name="pressure"     label="p"    sourcetype="reported"   units="atm" ><value>1</value></property>
    </commonProperties>
    <dataGroup id="dg1">
        <property name="equivalence ratio"             id="x1"   label="phi"    sourcetype="digitized"   units="unitless"      />
        <property name="laminar burning velocity"      id="x2"   label="Sl"     sourcetype="digitized"   units="cm/s"          />
        <property name="composition"                   id="x3"   label="[CH4]"  sourcetype="calculated"  units="mole fraction" >
            <speciesLink preferredKey="CH4"  CAS="74-82-8"    InChI="1S/CH4/h1H4"  SMILES="C"    chemName="methane"  />
        </property>
        <property name="composition"                   id="x4"   label="[O2]"   sourcetype="calculated"  units="mole fraction" >
            <speciesLink preferredKey="O2"   CAS="7782-44-7"  InChI="1S/O2/c1-2"   SMILES="O=O"  chemName="oxygen"   />
        </property>
        <property name="composition"                   id="x5"   label="[N2]"   sourcetype="calculated"  units="mole fraction" >
            <speciesLink preferredKey="N2"   CAS="7727-37-9"  InChI="1S/N2/c1-2"   SMILES="N#N"  chemName="nitrogen" />
        </property>
        <property name="evaluated standard deviation"  id="x6"   sourcetype="estimated"   units="cm/s"           reference="laminar burning velocity"  kind="absolute"  method="combined from scatter and estimated uncertainty" />

        <dataPoint><x1>0.700225</x1><x2>14.7141</x2><x3>0.0683058</x3><x4>0.1950968</x4><x5>0.7365974</x5>  <x6>1.197441988703</x6></dataPoint>
        <dataPoint><x1>0.800337</x1><x2>25.0073</x2><x3>0.0773165</x3><x4>0.1932099</x4><x5>0.7294736</x5><x6>1.56716881748872</x6></dataPoint>
        <dataPoint><x1>0.900449</x1><x2>31.4076</x2><x3>0.0861546</x3><x4>0.1913592</x4><x5>0.7224862</x5> <x6>1.8326753159477</x6></dataPoint>
        <dataPoint><x1>0.999551</x1><x2>35.6305</x2><x3>0.0947383</x3><x4>0.1895618</x4><x5>0.7156999</x5><x6>2.01654079921756</x6></dataPoint>
        <dataPoint> <x1>1.09966</x1> <x2>37.676</x2><x3>0.1032471</x3><x4>0.1877801</x4><x5>0.7089728</x5><x6>2.10744108085707</x6></dataPoint>
        <dataPoint> <x1>1.19978</x1><x2>35.1026</x2><x3>0.1115983</x3><x4>0.1860313</x4><x5>0.7023704</x5><x6>1.99326034079445</x6></dataPoint>
        <dataPoint> <x1>1.29989</x1><x2>24.4135</x2><x3>0.1197946</x3><x4>0.1843150</x4><x5>0.6958904</x5><x6>1.54358444048552</x6></dataPoint>
    </dataGroup>
    <comment>Initial temperature between 298–300 K. CH4, O2 and N2 mole fractions were estimated using phi and O2 content of real air (XO2 = 20.94%).</comment>
</experiment>
