<experiment>
    <fileAuthor>Chemical Kinetics Laboratory, Institute of Chemistry, ELTE, Budapest, Hungary</fileAuthor>
    <fileDOI>10.24388/x20004207</fileDOI>
    <fileVersion>
        <major>1</major>
        <minor>0</minor>
    </fileVersion>
    <ReSpecThVersion>
        <major>2</major>
        <minor>3</minor>
    </ReSpecThVersion>
    <firstPublicationDate>2021-10-29</firstPublicationDate>
    <lastModificationDate>2021-10-29</lastModificationDate>
    <bibliographyLink>
        <description>L.-K. Tseng, M.A. Ismail, G.M. Faeth, Combustion and Flame 95 (1993), 410--426</description>
        <referenceDOI>10.1016/0010-2180(93)90007-P</referenceDOI>
        <location>Table 1</location>
        <table>Table 1</table>
        <details>
            <author>L.-K. Tseng and M.A. Ismail and G.M. Faeth</author>
            <journal>Combustion and Flame</journal>
            <month>dec</month>
            <number>4</number>
            <pages>410--426</pages>
            <publisher>Elsevier {BV}</publisher>
            <title>Laminar burning velocities and Markstein numbers of hydrocarbonair flames</title>
            <volume>95</volume>
            <year>1993</year>
        </details>
    </bibliographyLink>
    <experimentType>laminar burning velocity measurement</experimentType>
    <apparatus>
        <kind>flame</kind>
        <mode>premixed</mode>
        <mode>laminar</mode>
    </apparatus>
    <commonProperties>
        <property name="pressure"     label="P"  sourcetype="reported"  units="atm" ><value>1</value></property>
        <property name="temperature"  label="T"  sourcetype="reported"  units="K"   ><value>298</value></property>
    </commonProperties>
    <dataGroup id="dg1">
        <property name="laminar burning velocity"      id="x1"   label="Sl"     sourcetype="reported"    units="cm/s"          />
        <property name="composition"                   id="x2"   label="[CH4]"  sourcetype="calculated"  units="mole fraction" >
            <speciesLink preferredKey="CH4"  CAS="74-82-8"    InChI="1S/CH4/h1H4"  SMILES="C"    chemName="methane"  />
        </property>
        <property name="composition"                   id="x3"   label="[O2]"   sourcetype="calculated"  units="mole fraction" >
            <speciesLink preferredKey="O2"   CAS="7782-44-7"  InChI="1S/O2/c1-2"   SMILES="O=O"  chemName="oxygen"   />
        </property>
        <property name="composition"                   id="x4"   label="[N2]"   sourcetype="calculated"  units="mole fraction" >
            <speciesLink preferredKey="N2"   CAS="7727-37-9"  InChI="1S/N2/c1-2"   SMILES="N#N"  chemName="nitrogen" />
        </property>
        <property name="evaluated standard deviation"  id="x5"   sourcetype="estimated"   units="cm/s"           reference="laminar burning velocity"  kind="absolute"  method="combined from scatter and reported uncertainty" />

        <dataPoint><x1>6.000000e+000</x1><x2>5.982906e-002</x2><x3>1.994302e-001</x3><x4>7.407407e-001</x4><x5>1.47719082057803</x5></dataPoint>
        <dataPoint><x1>1.800000e+001</x1><x2>6.911143e-002</x2><x3>1.974612e-001</x3><x4>7.334274e-001</x4><x5>1.94989556653683</x5></dataPoint>
        <dataPoint><x1>3.400000e+001</x1><x2>8.713693e-002</x2><x3>1.936376e-001</x3><x4>7.192255e-001</x4><x5>2.91240325511424</x5></dataPoint>
        <dataPoint><x1>4.300000e+001</x1><x2>9.589041e-002</x2><x3>1.917808e-001</x3><x4>7.123288e-001</x4><x5>3.51855335619626</x5></dataPoint>
        <dataPoint><x1>4.400000e+001</x1><x2>1.044776e-001</x2><x3>1.899593e-001</x3><x4>7.055631e-001</x4><x5>3.58742145842944</x5></dataPoint>
        <dataPoint><x1>4.400000e+001</x1><x2>1.129032e-001</x2><x3>1.881720e-001</x3><x4>6.989247e-001</x4><x5>3.58742145842944</x5></dataPoint>
        <dataPoint><x1>3.900000e+001</x1><x2>1.252485e-001</x2><x3>1.855533e-001</x3><x4>6.891981e-001</x4><x5>3.24580001238524</x5></dataPoint>
    </dataGroup>
</experiment>
