<experiment>
    <fileAuthor>Chemical Kinetics Laboratory, Institute of Chemistry, ELTE, Budapest, Hungary</fileAuthor>
    <fileDOI>10.24388/x20004031</fileDOI>
    <fileVersion>
        <major>1</major>
        <minor>0</minor>
    </fileVersion>
    <ReSpecThVersion>
        <major>2</major>
        <minor>3</minor>
    </ReSpecThVersion>
    <firstPublicationDate>2021-10-29</firstPublicationDate>
    <lastModificationDate>2021-10-29</lastModificationDate>
    <bibliographyLink>
        <description>T. Boushaki, Y. Dhu{\'{e}}, L. Selle, B. Ferret, T. Poinsot, International Journal of Hydrogen Energy 37 (2012), 9412--9422</description>
        <referenceDOI>10.1016/j.ijhydene.2012.03.037</referenceDOI>
        <location>Main article, Fig. 3, full triangle</location>
        <figure>Figure 3</figure>
        <details>
            <author>T. Boushaki and Y. Dhu{\'{e}} and L. Selle and B. Ferret and T. Poinsot</author>
            <journal>International Journal of Hydrogen Energy</journal>
            <month>jun</month>
            <number>11</number>
            <pages>9412--9422</pages>
            <publisher>Elsevier {BV}</publisher>
            <title>Effects of hydrogen and steam addition on laminar burning velocity of methane{\textendash}air premixed flame: Experimental and numerical analysis</title>
            <volume>37</volume>
            <year>2012</year>
        </details>
    </bibliographyLink>
    <experimentType>laminar burning velocity measurement</experimentType>
    <apparatus>
        <kind>flame</kind>
        <mode>premixed</mode>
        <mode>laminar</mode>
    </apparatus>
    <commonProperties>
        <property name="pressure"     label="P"  sourcetype="reported"  units="bar" ><value>1</value></property>
        <property name="temperature"  label="T"  sourcetype="reported"  units="K"   ><value>300</value></property>
    </commonProperties>
    <dataGroup id="dg1">
        <property name="laminar burning velocity"      id="x1"   label="Sl"     sourcetype="digitized"  units="cm/s"          />
        <property name="composition"                   id="x2"   label="[CH4]"  sourcetype="digitized"  units="mole fraction" >
            <speciesLink preferredKey="CH4"  CAS="74-82-8"    InChI="1S/CH4/h1H4"  SMILES="C"     chemName="methane"  />
        </property>
        <property name="composition"                   id="x3"   label="[O2]"   sourcetype="digitized"  units="mole fraction" >
            <speciesLink preferredKey="O2"   CAS="7782-44-7"  InChI="1S/O2/c1-2"   SMILES="O=O"   chemName="oxygen"   />
        </property>
        <property name="composition"                   id="x4"   label="[N2]"   sourcetype="digitized"  units="mole fraction" >
            <speciesLink preferredKey="N2"   CAS="7727-37-9"  InChI="1S/N2/c1-2"   SMILES="N#N"   chemName="nitrogen" />
        </property>
        <property name="composition"                   id="x5"   label="[H2]"   sourcetype="reported"   units="mole fraction" >
            <speciesLink preferredKey="H2"   CAS="1333-74-0"  InChI="1S/H2/h1H"    SMILES="[HH]"  chemName="hydrogen" />
        </property>
        <property name="evaluated standard deviation"  id="x6"   sourcetype="estimated"  units="cm/s"           reference="laminar burning velocity"  kind="absolute"  method="combined from scatter and reported uncertainty" />

        <dataPoint><x1>2.649921e+001</x1><x2>7.557010e-002</x2><x3>1.928274e-001</x3><x4>7.250312e-001</x4><x5>6.571313e-003</x5><x6>1.57367634016385</x6></dataPoint>
        <dataPoint><x1>3.049711e+001</x1><x2>7.977825e-002</x2><x3>1.918665e-001</x3><x4>7.214180e-001</x4><x5>6.937239e-003</x5><x6>1.80821938228542</x6></dataPoint>
        <dataPoint><x1>3.407417e+001</x1><x2>8.417300e-002</x2><x3>1.908629e-001</x3><x4>7.176447e-001</x4><x5>7.319391e-003</x5><x6>2.01833656828775</x6></dataPoint>
        <dataPoint><x1>3.698843e+001</x1><x2>8.824900e-002</x2><x3>1.899322e-001</x3><x4>7.141450e-001</x4><x5>7.673826e-003</x5><x6>2.18965290041429</x6></dataPoint>
        <dataPoint><x1>3.854550e+001</x1><x2>9.251755e-002</x2><x3>1.889574e-001</x3><x4>7.104800e-001</x4><x5>8.045004e-003</x5><x6>2.28122464061066</x6></dataPoint>
        <dataPoint><x1>3.961862e+001</x1><x2>9.660171e-002</x2><x3>1.880248e-001</x3><x4>7.069733e-001</x4><x5>8.400149e-003</x5><x6>2.34434859446948</x6></dataPoint>
        <dataPoint><x1>3.943977e+001</x1><x2>1.007403e-001</x2><x3>1.870798e-001</x3><x4>7.034199e-001</x4><x5>8.760029e-003</x5><x6>2.33382741627969</x6></dataPoint>
        <dataPoint><x1>3.723041e+001</x1><x2>1.047544e-001</x2><x3>1.861631e-001</x3><x4>6.999734e-001</x4><x5>9.109081e-003</x5><x6>2.20388220112391</x6></dataPoint>
        <dataPoint><x1>3.389532e+001</x1><x2>1.087230e-001</x2><x3>1.852569e-001</x3><x4>6.965659e-001</x4><x5>9.454172e-003</x5><x6>2.00782625540838</x6></dataPoint>
    </dataGroup>
</experiment>
