<experiment>
    <fileAuthor>Chemical Kinetics Laboratory, Institute of Chemistry, ELTE, Budapest, Hungary</fileAuthor>
    <fileDOI>10.24388/x20004453</fileDOI>
    <fileVersion>
        <major>1</major>
        <minor>0</minor>
    </fileVersion>
    <ReSpecThVersion>
        <major>2</major>
        <minor>3</minor>
    </ReSpecThVersion>
    <firstPublicationDate>2021-10-29</firstPublicationDate>
    <lastModificationDate>2021-10-29</lastModificationDate>
    <bibliographyLink>
        <description>T. Kawakami, S. Okajima, K. Linuma, Symp (Int) Combust 22 (1988), 1609--1613</description>
        <referenceDOI>10.1016/S0082-0784(89)80172-9</referenceDOI>
        <location>Main article</location>
        <figure>Fig.8., open triangle</figure>
        <details>
            <author>Kawakami, T and Okajima, S and Linuma, K</author>
            <journal>Symp (Int) Combust</journal>
            <pages>1609--1613</pages>
            <title>Measurement of slow burning velocity by zero-gravity method</title>
            <volume>22</volume>
            <year>1988</year>
        </details>
    </bibliographyLink>
    <experimentType>laminar burning velocity measurement</experimentType>
    <apparatus>
        <kind>flame</kind>
        <mode>premixed</mode>
        <mode>laminar</mode>
    </apparatus>
    <commonProperties>
        <property name="temperature"          label="T"  sourcetype="reported"    units="K"             ><value>298</value></property>
        <property name="initial composition"  sourcetype="calculated" >
            <component><speciesLink preferredKey="CH4"  CAS="74-82-8"    InChI="1S/CH4/h1H4"  SMILES="C"    chemName="methane"  /><amount units="mole fraction" >0.120105587</amount></component>
            <component><speciesLink preferredKey="O2"   CAS="7782-44-7"  InChI="1S/O2/c1-2"   SMILES="O=O"  chemName="oxygen"   /><amount units="mole fraction" >0.184777827</amount></component>
            <component><speciesLink preferredKey="N2"   CAS="7727-37-9"  InChI="1S/N2/c1-2"   SMILES="N#N"  chemName="nitrogen" /><amount units="mole fraction" >0.695116586</amount></component>
        </property>
    </commonProperties>
    <dataGroup id="dg1">
        <property name="pressure"                      id="x1"   label="P"   sourcetype="digitized"  units="Pa"   />
        <property name="laminar burning velocity"      id="x2"   label="Sl"  sourcetype="digitized"  units="cm/s" />
        <property name="evaluated standard deviation"  id="x3"   sourcetype="estimated"  units="cm/s"  reference="laminar burning velocity"  kind="absolute"  method="combined from scatter and estimated uncertainty" />

        <dataPoint><x1>9.98481E+04</x1><x2>27.0164</x2>   <x3>1.480228404566</x3></dataPoint>
        <dataPoint><x1>1.99488E+05</x1><x2>23.6503</x2> <x3>1.32842131212541</x3></dataPoint>
        <dataPoint><x1>3.98720E+05</x1><x2>19.1475</x2> <x3>1.13266426972382</x3></dataPoint>
        <dataPoint><x1>5.98767E+05</x1><x2>16.9617</x2> <x3>1.04192592083555</x3></dataPoint>
        <dataPoint><x1>8.00555E+05</x1><x2>14.3388</x2><x3>0.938277368843563</x3></dataPoint>
    </dataGroup>
</experiment>
