<experiment>
    <fileAuthor>Chemical Kinetics Laboratory, Institute of Chemistry, ELTE, Budapest, Hungary</fileAuthor>
    <fileDOI>10.24388/x20004424</fileDOI>
    <fileVersion>
        <major>1</major>
        <minor>0</minor>
    </fileVersion>
    <ReSpecThVersion>
        <major>2</major>
        <minor>3</minor>
    </ReSpecThVersion>
    <firstPublicationDate>2021-10-29</firstPublicationDate>
    <lastModificationDate>2021-10-29</lastModificationDate>
    <bibliographyLink>
        <description>K.J. Bosschaart, G.L.P.H. de, Combust Flame 132 (2003), 170--180</description>
        <referenceDOI>10.1016/S0010-2180(02)00433-9</referenceDOI>
        <location>Main article</location>
        <figure>Fig.13., open circle</figure>
        <details>
            <author>Bosschaart, K J and de Goey, L P H</author>
            <journal>Combust Flame</journal>
            <pages>170--180</pages>
            <title>Detailed analysis of the heat flux method for measuring burning velocities</title>
            <volume>132</volume>
            <year>2003</year>
        </details>
    </bibliographyLink>
    <experimentType>laminar burning velocity measurement</experimentType>
    <apparatus>
        <kind>flame</kind>
        <mode>premixed</mode>
        <mode>laminar</mode>
    </apparatus>
    <commonProperties>
        <property name="pressure"     label="P"  sourcetype="reported"  units="bar" ><value>1</value></property>
        <property name="temperature"  label="T"  sourcetype="reported"  units="K"   ><value>295</value></property>
    </commonProperties>
    <dataGroup id="dg1">
        <property name="laminar burning velocity"      id="x1"   label="Sl"     sourcetype="digitized"   units="cm/s"          />
        <property name="uncertainty"                   id="x2"   label="d_Sl"   sourcetype="digitized"   units="cm/s"           reference="laminar burning velocity"  kind="absolute"  bound="plusminus" />
        <property name="composition"                   id="x3"   label="[CH4]"  sourcetype="calculated"  units="mole fraction" >
            <speciesLink preferredKey="CH4"  CAS="74-82-8"    InChI="1S/CH4/h1H4"  SMILES="C"    chemName="methane"  />
        </property>
        <property name="composition"                   id="x4"   label="[O2]"   sourcetype="calculated"  units="mole fraction" >
            <speciesLink preferredKey="O2"   CAS="7782-44-7"  InChI="1S/O2/c1-2"   SMILES="O=O"  chemName="oxygen"   />
        </property>
        <property name="composition"                   id="x5"   label="[N2]"   sourcetype="calculated"  units="mole fraction" >
            <speciesLink preferredKey="N2"   CAS="7727-37-9"  InChI="1S/N2/c1-2"   SMILES="N#N"  chemName="nitrogen" />
        </property>
        <property name="evaluated standard deviation"  id="x6"   sourcetype="estimated"   units="cm/s"           reference="laminar burning velocity"  kind="absolute"  method="combined from scatter and reported uncertainty" />

        <dataPoint><x1>11.2401</x1><x2>2.0838</x2><x3>0.06381</x3><x4>0.19660</x4><x5>0.73959</x5> <x6>1.12828818045037</x6></dataPoint>
        <dataPoint><x1>15.1563</x1><x2>1.3724</x2><x3>0.06841</x3><x4>0.19563</x4><x5>0.73596</x5><x6>0.811387113617169</x6></dataPoint>
        <dataPoint><x1>19.9873</x1><x2>0.8641</x2><x3>0.07288</x3><x4>0.19470</x4><x5>0.73243</x5><x6>0.611674595388757</x6></dataPoint>
        <dataPoint><x1>23.6493</x1><x2>0.0000</x2><x3>0.07739</x3><x4>0.19375</x4><x5>0.72886</x5><x6>0.589473161512889</x6></dataPoint>
        <dataPoint><x1>27.9212</x1><x2>0.0000</x2><x3>0.08186</x3><x4>0.19281</x4><x5>0.72533</x5><x6>0.589473161512889</x6></dataPoint>
        <dataPoint><x1>31.3291</x1><x2>0.0000</x2><x3>0.08628</x3><x4>0.19188</x4><x5>0.72183</x5><x6>0.589473161512889</x6></dataPoint>
        <dataPoint><x1>34.0254</x1><x2>0.0000</x2><x3>0.09059</x3><x4>0.19098</x4><x5>0.71843</x5><x6>0.589473161512889</x6></dataPoint>
        <dataPoint><x1>35.7051</x1><x2>0.0000</x2><x3>0.09485</x3><x4>0.19008</x4><x5>0.71506</x5><x6>0.589473161512889</x6></dataPoint>
        <dataPoint><x1>37.0292</x1><x2>0.0000</x2><x3>0.09916</x3><x4>0.18918</x4><x5>0.71166</x5><x6>0.589473161512889</x6></dataPoint>
        <dataPoint><x1>37.0307</x1><x2>0.0000</x2><x3>0.10170</x3><x4>0.18864</x4><x5>0.70966</x5><x6>0.589473161512889</x6></dataPoint>
        <dataPoint><x1>37.1334</x1><x2>0.0000</x2><x3>0.10351</x3><x4>0.18826</x4><x5>0.70823</x5><x6>0.589473161512889</x6></dataPoint>
        <dataPoint><x1>35.8652</x1><x2>0.0000</x2><x3>0.10758</x3><x4>0.18741</x4><x5>0.70501</x5><x6>0.589473161512889</x6></dataPoint>
        <dataPoint><x1>33.9872</x1><x2>0.0000</x2><x3>0.11177</x3><x4>0.18653</x4><x5>0.70170</x5><x6>0.589473161512889</x6></dataPoint>
        <dataPoint><x1>30.3811</x1><x2>0.0000</x2><x3>0.11585</x3><x4>0.18567</x4><x5>0.69848</x5><x6>0.589473161512889</x6></dataPoint>
        <dataPoint><x1>26.3684</x1><x2>0.0000</x2><x3>0.11997</x3><x4>0.18481</x4><x5>0.69522</x5><x6>0.589473161512889</x6></dataPoint>
        <dataPoint><x1>20.7293</x1><x2>0.7624</x2><x3>0.12406</x3><x4>0.18395</x4><x5>0.69200</x5><x6>0.576881312007938</x6></dataPoint>
        <dataPoint><x1>17.5298</x1><x2>0.8132</x2><x3>0.12802</x3><x4>0.18311</x4><x5>0.68886</x5><x6>0.593971521324045</x6></dataPoint>
        <dataPoint><x1>14.1270</x1><x2>0.8640</x2><x3>0.13203</x3><x4>0.18227</x4><x5>0.68570</x5><x6>0.611639279431921</x6></dataPoint>
        <dataPoint><x1>11.3342</x1><x2>0.9149</x2><x3>0.13600</x3><x4>0.18144</x4><x5>0.68256</x5><x6>0.629872297092038</x6></dataPoint>
        <dataPoint> <x1>7.6290</x1><x2>1.1181</x2><x3>0.14375</x3><x4>0.17981</x4><x5>0.67644</x5><x6>0.707117748783044</x6></dataPoint>
    </dataGroup>
</experiment>
