<experiment>
    <fileAuthor>Chemical Kinetics Laboratory, Institute of Chemistry, ELTE, Budapest, Hungary</fileAuthor>
    <fileDOI>10.24388/x20004056</fileDOI>
    <fileVersion>
        <major>1</major>
        <minor>0</minor>
    </fileVersion>
    <ReSpecThVersion>
        <major>2</major>
        <minor>3</minor>
    </ReSpecThVersion>
    <firstPublicationDate>2021-10-29</firstPublicationDate>
    <lastModificationDate>2021-10-29</lastModificationDate>
    <bibliographyLink>
        <description>E. Hu, Z. Huang, J. He, C. Jin, J. Zheng, Int J Hydrogen Energy 34 (2009), 4876--4888</description>
        <referenceDOI>10.1016/j.ijhydene.2009.03.058</referenceDOI>
        <location>Main article, Fig. 10a, red open circle</location>
        <figure>Figure 10a</figure>
        <details>
            <author>Hu, Erjiang and Huang, Zuohua and He, Jiajia and Jin, Chun and Zheng, Jianjun</author>
            <journal>Int J Hydrogen Energy</journal>
            <number>11</number>
            <pages>4876--4888</pages>
            <title>Experimental and numerical study on laminar burning characteristics of premixed methane--hydrogen--air flames</title>
            <volume>34</volume>
            <year>2009</year>
        </details>
    </bibliographyLink>
    <experimentType>laminar burning velocity measurement</experimentType>
    <apparatus>
        <kind>flame</kind>
        <mode>premixed</mode>
        <mode>laminar</mode>
    </apparatus>
    <commonProperties>
        <property name="pressure"     label="P"  sourcetype="reported"  units="Pa" ><value>0.1e+006</value></property>
        <property name="temperature"  label="T"  sourcetype="reported"  units="K"  ><value>303</value></property>
    </commonProperties>
    <dataGroup id="dg1">
        <property name="laminar burning velocity"      id="x1"   label="Sl"     sourcetype="digitized"  units="m/s"           />
        <property name="composition"                   id="x2"   label="[CH4]"  sourcetype="digitized"  units="mole fraction" >
            <speciesLink preferredKey="CH4"  CAS="74-82-8"    InChI="1S/CH4/h1H4"  SMILES="C"     chemName="methane"  />
        </property>
        <property name="composition"                   id="x3"   label="[O2]"   sourcetype="digitized"  units="mole fraction" >
            <speciesLink preferredKey="O2"   CAS="7782-44-7"  InChI="1S/O2/c1-2"   SMILES="O=O"   chemName="oxygen"   />
        </property>
        <property name="composition"                   id="x4"   label="[N2]"   sourcetype="digitized"  units="mole fraction" >
            <speciesLink preferredKey="N2"   CAS="7727-37-9"  InChI="1S/N2/c1-2"   SMILES="N#N"   chemName="nitrogen" />
        </property>
        <property name="composition"                   id="x5"   label="[H2]"   sourcetype="digitized"  units="mole fraction" >
            <speciesLink preferredKey="H2"   CAS="1333-74-0"  InChI="1S/H2/h1H"    SMILES="[HH]"  chemName="hydrogen" />
        </property>
        <property name="evaluated standard deviation"  id="x6"   sourcetype="estimated"  units="cm/s"           reference="laminar burning velocity"  kind="absolute"  method="combined from scatter and reported uncertainty" />

        <dataPoint><x1>1.296700e-001</x1><x2>5.740837e-002</x2><x3>1.966834e-001</x3><x4>7.395295e-001</x4><x5>6.378708e-003</x5><x6>1.46458178789305</x6></dataPoint>
        <dataPoint><x1>2.255200e-001</x1><x2>6.620903e-002</x2><x3>1.946291e-001</x3><x4>7.318053e-001</x4><x5>7.356558e-003</x5><x6>2.15938999858015</x6></dataPoint>
        <dataPoint><x1>3.032200e-001</x1><x2>7.488873e-002</x2><x3>1.926030e-001</x3><x4>7.241873e-001</x4><x5>8.320970e-003</x5><x6>2.77515244519071</x6></dataPoint>
        <dataPoint><x1>3.540200e-001</x1><x2>8.340305e-002</x2><x3>1.906155e-001</x3><x4>7.167144e-001</x4><x5>9.267006e-003</x5><x6>3.18917421762562</x6></dataPoint>
        <dataPoint><x1>3.932600e-001</x1><x2>9.174428e-002</x2><x3>1.886685e-001</x3><x4>7.093934e-001</x4><x5>1.019381e-002</x5><x6>3.51277397970322</x6></dataPoint>
        <dataPoint><x1>4.075700e-001</x1><x2>9.990228e-002</x2><x3>1.867642e-001</x3><x4>7.022333e-001</x4><x5>1.110025e-002</x5><x6>3.63141206111176</x6></dataPoint>
        <dataPoint><x1>3.526400e-001</x1><x2>1.078426e-001</x2><x3>1.849107e-001</x3><x4>6.952642e-001</x4><x5>1.198251e-002</x5><x6>3.17784629565371</x6></dataPoint>
        <dataPoint><x1>2.286200e-001</x1><x2>1.156805e-001</x2><x3>1.830811e-001</x3><x4>6.883850e-001</x4><x5>1.285338e-002</x5> <x6>2.1833663386175</x6></dataPoint>
    </dataGroup>
</experiment>
