<experiment>
    <fileAuthor>Chemical Kinetics Laboratory, Institute of Chemistry, ELTE, Budapest, Hungary</fileAuthor>
    <fileDOI>10.24388/x20004286</fileDOI>
    <fileVersion>
        <major>1</major>
        <minor>0</minor>
    </fileVersion>
    <ReSpecThVersion>
        <major>2</major>
        <minor>3</minor>
    </ReSpecThVersion>
    <firstPublicationDate>2021-10-29</firstPublicationDate>
    <lastModificationDate>2021-10-29</lastModificationDate>
    <bibliographyLink>
        <description>M. Akram, P. Saxena, S. Kumar, Energy Fuels 27 (2013), 3460--3466</description>
        <referenceDOI>10.1021/ef4009218</referenceDOI>
        <location>Main article, Fig. 4, open triangle</location>
        <figure>Figure 4</figure>
        <details>
            <author>Mohammad Akram and Priyank Saxena and Sudarshan Kumar</author>
            <journal>Energy Fuels</journal>
            <month>jun</month>
            <number>6</number>
            <pages>3460--3466</pages>
            <publisher>American Chemical Society ({ACS})</publisher>
            <title>Laminar Burning Velocity of Methane{\textendash}Air Mixtures at Elevated Temperatures</title>
            <volume>27</volume>
            <year>2013</year>
        </details>
    </bibliographyLink>
    <experimentType>laminar burning velocity measurement</experimentType>
    <apparatus>
        <kind>flame</kind>
        <mode>premixed</mode>
        <mode>laminar</mode>
    </apparatus>
    <commonProperties>
        <property name="pressure"             label="P"  sourcetype="reported"    units="atm"           ><value>1</value></property>
        <property name="initial composition"  sourcetype="calculated" >
            <component><speciesLink preferredKey="CH4"  CAS="74-82-8"    InChI="1S/CH4/h1H4"  SMILES="C"    chemName="methane"  /><amount units="mole fraction" >0.078212</amount></component>
            <component><speciesLink preferredKey="O2"   CAS="7782-44-7"  InChI="1S/O2/c1-2"   SMILES="O=O"  chemName="oxygen"   /><amount units="mole fraction" >0.19553</amount></component>
            <component><speciesLink preferredKey="N2"   CAS="7727-37-9"  InChI="1S/N2/c1-2"   SMILES="N#N"  chemName="nitrogen" /><amount units="mole fraction" >0.72626</amount></component>
        </property>
    </commonProperties>
    <dataGroup id="dg1">
        <property name="temperature"                   id="x1"   label="T"   sourcetype="digitized"  units="K"    />
        <property name="laminar burning velocity"      id="x2"   label="Sl"  sourcetype="digitized"  units="m/s"  />
        <property name="evaluated standard deviation"  id="x3"   sourcetype="estimated"  units="cm/s"  reference="laminar burning velocity"  kind="absolute"  method="combined from scatter and reported uncertainty" />

        <dataPoint><x1>4.386150e+002</x1><x2>5.062900e-001</x2><x3>1.88217015597023</x3></dataPoint>
        <dataPoint><x1>4.452270e+002</x1><x2>5.512800e-001</x2><x3>1.95957647475162</x3></dataPoint>
        <dataPoint><x1>4.483710e+002</x1><x2>5.428400e-001</x2><x3>1.94479436712471</x3></dataPoint>
        <dataPoint><x1>4.522920e+002</x1><x2>5.316500e-001</x2><x3>1.92537736197998</x3></dataPoint>
        <dataPoint><x1>4.552080e+002</x1><x2>5.596200e-001</x2><x3>1.97429623483914</x3></dataPoint>
        <dataPoint><x1>4.572900e+002</x1><x2>5.625500e-001</x2><x3>1.97949371330777</x3></dataPoint>
        <dataPoint><x1>4.591560e+002</x1><x2>5.568500e-001</x2><x3>1.96939501777196</x3></dataPoint>
        <dataPoint><x1>4.722060e+002</x1><x2>6.003100e-001</x2><x3>2.04764018348561</x3></dataPoint>
        <dataPoint><x1>4.821810e+002</x1><x2>6.198000e-001</x2><x3>2.08361584040821</x3></dataPoint>
        <dataPoint><x1>4.851030e+002</x1><x2>6.282000e-001</x2><x3>2.09927963130213</x3></dataPoint>
        <dataPoint><x1>4.863420e+002</x1><x2>6.452300e-001</x2><x3>2.13131782614067</x3></dataPoint>
        <dataPoint><x1>5.072880e+002</x1><x2>6.941000e-001</x2><x3>2.22521847981271</x3></dataPoint>
        <dataPoint><x1>5.162100e+002</x1><x2>7.011900e-001</x2><x3>2.23906812558819</x3></dataPoint>
        <dataPoint><x1>5.255640e+002</x1><x2>7.248900e-001</x2><x3>2.28575242995058</x3></dataPoint>
        <dataPoint><x1>5.282610e+002</x1><x2>7.558100e-001</x2><x3>2.34751133032942</x3></dataPoint>
        <dataPoint><x1>5.550300e+002</x1><x2>7.669600e-001</x2><x3>2.37000579754565</x3></dataPoint>
        <dataPoint><x1>5.614530e+002</x1><x2>8.258400e-001</x2><x3>2.49059789616871</x3></dataPoint>
        <dataPoint><x1>5.734860e+002</x1><x2>8.244700e-001</x2><x3>2.48775945401178</x3></dataPoint>
    </dataGroup>
</experiment>
