<experiment>
    <fileAuthor>Chemical Kinetics Laboratory, Institute of Chemistry, ELTE, Budapest, Hungary</fileAuthor>
    <fileDOI>10.24388/x20004660</fileDOI>
    <fileVersion>
        <major>1</major>
        <minor>0</minor>
    </fileVersion>
    <ReSpecThVersion>
        <major>2</major>
        <minor>3</minor>
    </ReSpecThVersion>
    <firstPublicationDate>2021-10-29</firstPublicationDate>
    <lastModificationDate>2021-10-29</lastModificationDate>
    <bibliographyLink>
        <description>Y. Wang, A. Movaghar, Z. Wang, Z. Liu, W. Sun, F.N. Egolfopoulos, Z. Chen, Combustion and Flame 218 (2020), 101--108</description>
        <referenceDOI>10.1016/j.combustflame.2020.05.004</referenceDOI>
        <location>Main Article + Supplementary</location>
        <figure>Fig. 6 (a)</figure>
        <details>
            <author>Yiqing Wang and Ashkan Movaghar and Ziyu Wang and Zefang Liu and Wenting Sun and Fokion N. Egolfopoulos and Zheng Chen</author>
            <journal>Combustion and Flame</journal>
            <month>aug</month>
            <pages>101--108</pages>
            <publisher>Elsevier {BV}</publisher>
            <title>Laminar flame speeds of methane/air mixtures at engine conditions: Performance of different kinetic models and power-law correlations</title>
            <volume>218</volume>
            <year>2020</year>
        </details>
    </bibliographyLink>
    <experimentType>laminar burning velocity measurement</experimentType>
    <apparatus>
        <kind>flame</kind>
        <mode>premixed</mode>
        <mode>laminar</mode>
        <mode>OPF</mode>
    </apparatus>
    <commonProperties>
        <property name="initial composition"           sourcetype="reported"  >
            <component><speciesLink preferredKey="CH4"  CAS="74-82-8"    InChI="1S/CH4/h1H4"  SMILES="C"     chemName="methane"  /><amount units="mole fraction" >0.066050</amount></component>
            <component><speciesLink preferredKey="O2"   CAS="7782-44-7"  InChI="1S/O2/c1-2"   SMILES="O=O"   chemName="oxygen"   /><amount units="mole fraction" >0.132100</amount></component>
            <component><speciesLink preferredKey="N2"   CAS="7727-37-9"  InChI="1S/N2/c1-2"   SMILES="N#N"   chemName="nitrogen" /><amount units="mole fraction" >0.080185</amount></component>
            <component><speciesLink preferredKey="He"   CAS="7440-59-7"  InChI="1S/He"        SMILES="[He]"  chemName="helium"   /><amount units="mole fraction" >0.721664</amount></component>
        </property>
        <property name="evaluated standard deviation"  sourcetype="estimated"  units="cm/s"           reference="laminar burning velocity"  kind="absolute"  method="combined from scatter and reported uncertainty" ><value>1.97602354913507</value></property>
    </commonProperties>
    <dataGroup id="dg1">
        <property name="pressure"                  id="x1"   label="p"     sourcetype="digitized"  units="atm"  />
        <property name="temperature"               id="x2"   label="T"     sourcetype="estimated"  units="K"    />
        <property name="laminar burning velocity"  id="x3"   label="Sl"    sourcetype="digitized"  units="cm/s" />
        <property name="uncertainty"               id="x4"   label="d_Sl"  sourcetype="estimated"  units="cm/s"  reference="laminar burning velocity"  kind="absolute"  bound="plusminus" />

        <dataPoint><x1>15.29</x1><x2>407.8</x2><x3>36.47</x3><x4>1.98</x4></dataPoint>
        <dataPoint><x1>15.44</x1><x2>409.2</x2><x3>36.57</x3><x4>1.98</x4></dataPoint>
        <dataPoint><x1>15.59</x1><x2>410.6</x2><x3>36.72</x3><x4>1.98</x4></dataPoint>
        <dataPoint><x1>15.71</x1><x2>411.8</x2><x3>36.86</x3><x4>1.98</x4></dataPoint>
        <dataPoint><x1>15.86</x1><x2>413.1</x2><x3>37.01</x3><x4>1.98</x4></dataPoint>
        <dataPoint><x1>16.01</x1><x2>414.5</x2><x3>37.11</x3><x4>1.98</x4></dataPoint>
        <dataPoint><x1>16.17</x1><x2>416.0</x2><x3>37.11</x3><x4>1.98</x4></dataPoint>
        <dataPoint><x1>16.32</x1><x2>417.3</x2><x3>37.16</x3><x4>1.98</x4></dataPoint>
        <dataPoint><x1>16.49</x1><x2>418.8</x2><x3>37.21</x3><x4>1.98</x4></dataPoint>
        <dataPoint><x1>16.63</x1><x2>420.2</x2><x3>37.31</x3><x4>1.98</x4></dataPoint>
        <dataPoint><x1>16.80</x1><x2>421.7</x2><x3>37.41</x3><x4>1.98</x4></dataPoint>
        <dataPoint><x1>16.95</x1><x2>422.9</x2><x3>37.60</x3><x4>1.98</x4></dataPoint>
        <dataPoint><x1>17.10</x1><x2>424.2</x2><x3>37.75</x3><x4>1.98</x4></dataPoint>
        <dataPoint><x1>17.28</x1><x2>425.9</x2><x3>37.85</x3><x4>1.98</x4></dataPoint>
        <dataPoint><x1>17.45</x1><x2>427.3</x2><x3>37.90</x3><x4>1.98</x4></dataPoint>
        <dataPoint><x1>17.62</x1><x2>428.7</x2><x3>38.00</x3><x4>1.98</x4></dataPoint>
        <dataPoint><x1>17.79</x1><x2>430.2</x2><x3>38.10</x3><x4>1.98</x4></dataPoint>
        <dataPoint><x1>17.95</x1><x2>431.6</x2><x3>38.20</x3><x4>1.98</x4></dataPoint>
        <dataPoint><x1>18.12</x1><x2>433.0</x2><x3>38.35</x3><x4>1.98</x4></dataPoint>
        <dataPoint><x1>18.31</x1><x2>434.5</x2><x3>38.49</x3><x4>1.98</x4></dataPoint>
        <dataPoint><x1>18.48</x1><x2>435.9</x2><x3>38.54</x3><x4>1.98</x4></dataPoint>
        <dataPoint><x1>18.67</x1><x2>437.5</x2><x3>38.59</x3><x4>1.98</x4></dataPoint>
        <dataPoint><x1>18.85</x1><x2>439.0</x2><x3>38.69</x3><x4>1.98</x4></dataPoint>
        <dataPoint><x1>19.04</x1><x2>440.5</x2><x3>38.84</x3><x4>1.98</x4></dataPoint>
        <dataPoint><x1>19.23</x1><x2>442.0</x2><x3>38.99</x3><x4>1.98</x4></dataPoint>
        <dataPoint><x1>19.42</x1><x2>443.5</x2><x3>39.09</x3><x4>1.98</x4></dataPoint>
        <dataPoint><x1>19.59</x1><x2>444.8</x2><x3>39.23</x3><x4>1.98</x4></dataPoint>
        <dataPoint><x1>19.82</x1><x2>446.6</x2><x3>39.28</x3><x4>1.98</x4></dataPoint>
        <dataPoint><x1>19.99</x1><x2>447.9</x2><x3>39.48</x3><x4>1.98</x4></dataPoint>
        <dataPoint><x1>20.20</x1><x2>449.5</x2><x3>39.53</x3><x4>1.98</x4></dataPoint>
        <dataPoint><x1>20.41</x1><x2>451.1</x2><x3>39.58</x3><x4>1.98</x4></dataPoint>
        <dataPoint><x1>20.59</x1><x2>452.5</x2><x3>39.73</x3><x4>1.98</x4></dataPoint>
        <dataPoint><x1>20.80</x1><x2>454.0</x2><x3>39.88</x3><x4>1.98</x4></dataPoint>
        <dataPoint><x1>21.01</x1><x2>455.6</x2><x3>40.02</x3><x4>1.98</x4></dataPoint>
        <dataPoint><x1>21.22</x1><x2>457.1</x2><x3>40.17</x3><x4>1.98</x4></dataPoint>
        <dataPoint><x1>21.43</x1><x2>458.6</x2><x3>40.27</x3><x4>1.98</x4></dataPoint>
        <dataPoint><x1>21.66</x1><x2>460.3</x2><x3>40.47</x3><x4>1.98</x4></dataPoint>
        <dataPoint><x1>21.87</x1><x2>461.8</x2><x3>40.57</x3><x4>1.98</x4></dataPoint>
        <dataPoint><x1>22.10</x1><x2>463.4</x2><x3>40.72</x3><x4>1.98</x4></dataPoint>
        <dataPoint><x1>22.33</x1><x2>465.0</x2><x3>40.91</x3><x4>1.98</x4></dataPoint>
        <dataPoint><x1>22.56</x1><x2>466.6</x2><x3>41.01</x3><x4>1.98</x4></dataPoint>
        <dataPoint><x1>22.79</x1><x2>468.2</x2><x3>41.11</x3><x4>1.98</x4></dataPoint>
        <dataPoint><x1>23.02</x1><x2>469.8</x2><x3>41.21</x3><x4>1.98</x4></dataPoint>
        <dataPoint><x1>23.25</x1><x2>471.4</x2><x3>41.31</x3><x4>1.98</x4></dataPoint>
        <dataPoint><x1>23.51</x1><x2>473.1</x2><x3>41.46</x3><x4>1.98</x4></dataPoint>
        <dataPoint><x1>23.76</x1><x2>474.8</x2><x3>41.60</x3><x4>1.98</x4></dataPoint>
        <dataPoint><x1>24.01</x1><x2>476.5</x2><x3>41.70</x3><x4>1.98</x4></dataPoint>
        <dataPoint><x1>24.24</x1><x2>478.0</x2><x3>41.85</x3><x4>1.98</x4></dataPoint>
        <dataPoint><x1>24.49</x1><x2>479.6</x2><x3>41.95</x3><x4>1.98</x4></dataPoint>
        <dataPoint><x1>24.74</x1><x2>481.3</x2><x3>42.10</x3><x4>1.98</x4></dataPoint>
        <dataPoint><x1>25.01</x1><x2>483.0</x2><x3>42.25</x3><x4>1.98</x4></dataPoint>
        <dataPoint><x1>25.29</x1><x2>484.8</x2><x3>42.44</x3><x4>1.98</x4></dataPoint>
        <dataPoint><x1>25.56</x1><x2>486.5</x2><x3>42.54</x3><x4>1.98</x4></dataPoint>
        <dataPoint><x1>25.81</x1><x2>488.1</x2><x3>42.74</x3><x4>1.98</x4></dataPoint>
        <dataPoint><x1>26.08</x1><x2>489.9</x2><x3>42.84</x3><x4>1.98</x4></dataPoint>
        <dataPoint><x1>26.38</x1><x2>491.7</x2><x3>43.04</x3><x4>1.98</x4></dataPoint>
        <dataPoint><x1>26.65</x1><x2>493.4</x2><x3>43.14</x3><x4>1.98</x4></dataPoint>
        <dataPoint><x1>26.92</x1><x2>495.1</x2><x3>43.23</x3><x4>1.98</x4></dataPoint>
        <dataPoint><x1>27.21</x1><x2>496.9</x2><x3>43.43</x3><x4>1.98</x4></dataPoint>
        <dataPoint><x1>27.51</x1><x2>498.7</x2><x3>43.63</x3><x4>1.98</x4></dataPoint>
        <dataPoint><x1>27.80</x1><x2>500.5</x2><x3>43.83</x3><x4>1.98</x4></dataPoint>
        <dataPoint><x1>28.09</x1><x2>502.3</x2><x3>44.02</x3><x4>1.98</x4></dataPoint>
        <dataPoint><x1>28.41</x1><x2>504.2</x2><x3>44.17</x3><x4>1.98</x4></dataPoint>
        <dataPoint><x1>28.72</x1><x2>506.2</x2><x3>44.22</x3><x4>1.98</x4></dataPoint>
        <dataPoint><x1>29.04</x1><x2>508.1</x2><x3>44.42</x3><x4>1.98</x4></dataPoint>
        <dataPoint><x1>29.35</x1><x2>510.0</x2><x3>44.57</x3><x4>1.98</x4></dataPoint>
    </dataGroup>
</experiment>
