<experiment>
    <fileAuthor>Chemical Kinetics Laboratory, Institute of Chemistry, ELTE, Budapest, Hungary</fileAuthor>
    <fileDOI>10.24388/x20004221</fileDOI>
    <fileVersion>
        <major>1</major>
        <minor>0</minor>
    </fileVersion>
    <ReSpecThVersion>
        <major>2</major>
        <minor>3</minor>
    </ReSpecThVersion>
    <firstPublicationDate>2021-10-29</firstPublicationDate>
    <lastModificationDate>2021-10-29</lastModificationDate>
    <bibliographyLink>
        <description>T. IIjima, T. Takeno, Combust Flame 65 (1986), 35--43</description>
        <referenceDOI>10.1016/0010-2180(86)90070-2</referenceDOI>
        <location>Fig. 6 full circle 1 atm</location>
        <figure>Fig. 6</figure>
        <details>
            <author>IIjima, T and Takeno, T</author>
            <journal>Combust Flame</journal>
            <pages>35--43</pages>
            <title>Effects of Temperature and Pressure on Burning Velocity</title>
            <volume>65</volume>
            <year>1986</year>
        </details>
    </bibliographyLink>
    <experimentType>laminar burning velocity measurement</experimentType>
    <apparatus>
        <kind>flame</kind>
        <mode>premixed</mode>
        <mode>laminar</mode>
    </apparatus>
    <commonProperties>
        <property name="pressure"             label="P"  sourcetype="reported"    units="atm"           ><value>1</value></property>
        <property name="initial composition"  sourcetype="calculated" >
            <component><speciesLink preferredKey="CH4"  CAS="74-82-8"    InChI="1S/CH4/h1H4"  SMILES="C"    chemName="methane"  /><amount units="mole fraction" >0.095057</amount></component>
            <component><speciesLink preferredKey="O2"   CAS="7782-44-7"  InChI="1S/O2/c1-2"   SMILES="O=O"  chemName="oxygen"   /><amount units="mole fraction" >0.190114</amount></component>
            <component><speciesLink preferredKey="N2"   CAS="7727-37-9"  InChI="1S/N2/c1-2"   SMILES="N#N"  chemName="nitrogen" /><amount units="mole fraction" >0.714829</amount></component>
        </property>
    </commonProperties>
    <dataGroup id="dg1">
        <property name="temperature"                   id="x1"   label="T"     sourcetype="digitized"  units="K"    />
        <property name="laminar burning velocity"      id="x2"   label="Sl"    sourcetype="digitized"  units="cm/s" />
        <property name="uncertainty"                   id="x3"   label="d_Sl"  sourcetype="digitized"  units="cm/s"  reference="laminar burning velocity"  kind="absolute"  bound="plus"  />
        <property name="uncertainty"                   id="x4"   label="d_Sl"  sourcetype="digitized"  units="cm/s"  reference="laminar burning velocity"  kind="absolute"  bound="minus" />
        <property name="evaluated standard deviation"  id="x5"   sourcetype="estimated"  units="cm/s"  reference="laminar burning velocity"  kind="absolute"  method="combined from scatter and reported uncertainty" />

        <dataPoint><x1>289.925</x1><x2>23.9814</x2><x3>1.1971</x3><x4>0.8970</x4><x5>3.48422175623553</x5></dataPoint>
        <dataPoint><x1>297.854</x1><x2>25.1931</x2><x3>1.4832</x3><x4>2.0461</x4><x5>3.60249755907273</x5></dataPoint>
        <dataPoint><x1>306.652</x1><x2>26.2995</x2><x3>1.2547</x3><x4>1.0907</x4><x5>3.71065799953661</x5></dataPoint>
        <dataPoint><x1>318.893</x1><x2>28.4672</x2><x3>0.9815</x3><x4>0.8902</x4><x5>3.92297088256145</x5></dataPoint>
        <dataPoint><x1>334.618</x1><x2>31.5458</x2><x3>1.1565</x3><x4>1.0514</x4><x5>4.22527877937362</x5></dataPoint>
        <dataPoint><x1>351.305</x1><x2>34.8100</x2><x3>1.2762</x3><x4>1.0888</x4><x5>4.54662586838031</x5></dataPoint>
        <dataPoint><x1>358.982</x1><x2>39.4615</x2><x3>1.5343</x3><x4>1.3951</x4><x5>5.00568133319781</x5></dataPoint>
    </dataGroup>
</experiment>
