<experiment>
    <fileAuthor>Chemical Kinetics Laboratory, Institute of Chemistry, ELTE, Budapest, Hungary</fileAuthor>
    <fileDOI>10.24388/x20004345</fileDOI>
    <fileVersion>
        <major>1</major>
        <minor>0</minor>
    </fileVersion>
    <ReSpecThVersion>
        <major>2</major>
        <minor>3</minor>
    </ReSpecThVersion>
    <firstPublicationDate>2021-10-29</firstPublicationDate>
    <lastModificationDate>2021-10-29</lastModificationDate>
    <bibliographyLink>
        <description>D. Lapalme, P. Seers, International Journal of Hydrogen Energy 39 (2014), 3477--3486</description>
        <referenceDOI>10.1016/j.ijhydene.2013.12.109</referenceDOI>
        <location>Main article</location>
        <table>Table 1, S50C25M25</table>
        <figure>Fig. 14., open diamond</figure>
        <details>
            <author>Denis Lapalme and Patrice Seers</author>
            <journal>International Journal of Hydrogen Energy</journal>
            <month>feb</month>
            <number>7</number>
            <pages>3477--3486</pages>
            <publisher>Elsevier {BV}</publisher>
            <title>Influence of {CO}2, {CH}4, and initial temperature on H2/{CO} laminar flame speed</title>
            <volume>39</volume>
            <year>2014</year>
        </details>
    </bibliographyLink>
    <experimentType>laminar burning velocity measurement</experimentType>
    <apparatus>
        <kind>flame</kind>
        <mode>premixed</mode>
        <mode>laminar</mode>
    </apparatus>
    <commonProperties>
        <property name="pressure"     label="P"  sourcetype="reported"  units="atm" ><value>1</value></property>
        <property name="temperature"  label="T"  sourcetype="reported"  units="K"   ><value>295</value></property>
    </commonProperties>
    <dataGroup id="dg1">
        <property name="laminar burning velocity"      id="x1"   label="Sl"     sourcetype="digitized"   units="m/s"           />
        <property name="composition"                   id="x2"   label="[CH4]"  sourcetype="calculated"  units="mole fraction" >
            <speciesLink preferredKey="CH4"  CAS="74-82-8"    InChI="1S/CH4/h1H4"    SMILES="C"          chemName="methane"         />
        </property>
        <property name="composition"                   id="x3"   label="[O2]"   sourcetype="calculated"  units="mole fraction" >
            <speciesLink preferredKey="O2"   CAS="7782-44-7"  InChI="1S/O2/c1-2"     SMILES="O=O"        chemName="oxygen"          />
        </property>
        <property name="composition"                   id="x4"   label="[N2]"   sourcetype="calculated"  units="mole fraction" >
            <speciesLink preferredKey="N2"   CAS="7727-37-9"  InChI="1S/N2/c1-2"     SMILES="N#N"        chemName="nitrogen"        />
        </property>
        <property name="composition"                   id="x5"   label="[H2]"   sourcetype="calculated"  units="mole fraction" >
            <speciesLink preferredKey="H2"   CAS="1333-74-0"  InChI="1S/H2/h1H"      SMILES="[HH]"       chemName="hydrogen"        />
        </property>
        <property name="composition"                   id="x6"   label="[CO]"   sourcetype="calculated"  units="mole fraction" >
            <speciesLink preferredKey="CO"   CAS="630-08-0"   InChI="1S/CO/c1-2"     SMILES="[C-]#[O+]"  chemName="carbon monoxide" />
        </property>
        <property name="composition"                   id="x7"   label="[CO2]"  sourcetype="calculated"  units="mole fraction" >
            <speciesLink preferredKey="CO2"  CAS="124-38-9"   InChI="1S/CO2/c2-1-3"  SMILES="C(=O)=O"    chemName="carbon dioxide"  />
        </property>
        <property name="evaluated standard deviation"  id="x8"   sourcetype="estimated"   units="cm/s"           reference="laminar burning velocity"  kind="absolute"  method="combined from scatter and reported uncertainty" />

        <dataPoint><x1>4.030800e-001</x1><x2>5.068599e-002</x2><x3>1.691149e-001</x3><x4>6.281411e-001</x4><x5>5.068599e-002</x5><x6>5.068599e-002</x6><x7>5.068599e-002</x7> <x8>1.4832610531245</x8></dataPoint>
        <dataPoint><x1>4.684900e-001</x1><x2>5.513100e-002</x2><x3>1.653434e-001</x3><x4>6.141326e-001</x4><x5>5.513100e-002</x5><x6>5.513100e-002</x6><x7>5.513100e-002</x7><x8>1.64716359084822</x8></dataPoint>
        <dataPoint><x1>4.892600e-001</x1><x2>5.926073e-002</x2><x3>1.618394e-001</x3><x4>6.011177e-001</x4><x5>5.926073e-002</x5><x6>5.926073e-002</x6><x7>5.926073e-002</x7><x8>1.70064108574267</x8></dataPoint>
        <dataPoint><x1>5.127600e-001</x1><x2>6.333226e-002</x2><x3>1.583848e-001</x3><x4>5.882862e-001</x4><x5>6.333226e-002</x5><x6>6.333226e-002</x6><x7>6.333226e-002</x7><x8>1.76184770412088</x8></dataPoint>
        <dataPoint><x1>4.841600e-001</x1><x2>6.721659e-002</x2><x3>1.550890e-001</x3><x4>5.760447e-001</x4><x5>6.721659e-002</x5><x6>6.721659e-002</x6><x7>6.721659e-002</x7><x8>1.68745373996326</x8></dataPoint>
        <dataPoint><x1>4.109100e-001</x1><x2>7.095271e-002</x2><x3>1.519189e-001</x3><x4>5.642702e-001</x4><x5>7.095271e-002</x5><x6>7.095271e-002</x6><x7>7.095271e-002</x7><x8>1.50247303703461</x8></dataPoint>
        <dataPoint><x1>3.165100e-001</x1><x2>7.452558e-002</x2><x3>1.488874e-001</x3><x4>5.530103e-001</x4><x5>7.452558e-002</x5><x6>7.452558e-002</x6><x7>7.452558e-002</x7>  <x8>1.280394156116</x8></dataPoint>
    </dataGroup>
</experiment>
