<experiment>
    <fileAuthor>Chemical Kinetics Laboratory, Institute of Chemistry, ELTE, Budapest, Hungary</fileAuthor>
    <fileDOI>10.24388/x20004071</fileDOI>
    <fileVersion>
        <major>1</major>
        <minor>0</minor>
    </fileVersion>
    <ReSpecThVersion>
        <major>2</major>
        <minor>3</minor>
    </ReSpecThVersion>
    <firstPublicationDate>2021-10-29</firstPublicationDate>
    <lastModificationDate>2021-10-29</lastModificationDate>
    <bibliographyLink>
        <description>B. Yan, Y. Wu, C. Liu, J.F. Yu, B. Li, Z.S. Li, G. Chen, X.S. Bai, M. Ald{\'{e}}n, A.A. Konnov, International Journal of Hydrogen Energy 36 (2011), 3769--3777</description>
        <referenceDOI>10.1016/j.ijhydene.2010.12.015</referenceDOI>
        <location>Main article, Fig. 6, open square</location>
        <figure>Figure 6</figure>
        <details>
            <author>B. Yan and Y. Wu and C. Liu and J.F. Yu and B. Li and Z.S. Li and G. Chen and X.S. Bai and M. Ald{\'{e}}n and A.A. Konnov</author>
            <journal>International Journal of Hydrogen Energy</journal>
            <month>mar</month>
            <number>5</number>
            <pages>3769--3777</pages>
            <publisher>Elsevier {BV}</publisher>
            <title>Experimental and modeling study of laminar burning velocity of biomass derived gases/air mixtures</title>
            <volume>36</volume>
            <year>2011</year>
        </details>
    </bibliographyLink>
    <experimentType>laminar burning velocity measurement</experimentType>
    <apparatus>
        <kind>flame</kind>
        <mode>premixed</mode>
        <mode>laminar</mode>
    </apparatus>
    <commonProperties>
        <property name="pressure"                      label="P"  sourcetype="reported"   units="atm"  ><value>1</value></property>
        <property name="temperature"                   label="T"  sourcetype="reported"   units="K"    ><value>298</value></property>
        <property name="evaluated standard deviation"  sourcetype="estimated"  units="cm/s"  reference="laminar burning velocity"  kind="absolute"  method="combined from scatter and reported uncertainty" ><value>1.2806879441148</value></property>
    </commonProperties>
    <dataGroup id="dg1">
        <property name="laminar burning velocity"  id="x1"   label="Sl"     sourcetype="digitized"  units="m/s"           />
        <property name="composition"               id="x2"   label="[CH4]"  sourcetype="digitized"  units="mole fraction" >
            <speciesLink preferredKey="CH4"  CAS="74-82-8"    InChI="1S/CH4/h1H4"    SMILES="C"          chemName="methane"         />
        </property>
        <property name="composition"               id="x3"   label="[O2]"   sourcetype="digitized"  units="mole fraction" >
            <speciesLink preferredKey="O2"   CAS="7782-44-7"  InChI="1S/O2/c1-2"     SMILES="O=O"        chemName="oxygen"          />
        </property>
        <property name="composition"               id="x4"   label="[N2]"   sourcetype="digitized"  units="mole fraction" >
            <speciesLink preferredKey="N2"   CAS="7727-37-9"  InChI="1S/N2/c1-2"     SMILES="N#N"        chemName="nitrogen"        />
        </property>
        <property name="composition"               id="x5"   label="[H2]"   sourcetype="digitized"  units="mole fraction" >
            <speciesLink preferredKey="H2"   CAS="1333-74-0"  InChI="1S/H2/h1H"      SMILES="[HH]"       chemName="hydrogen"        />
        </property>
        <property name="composition"               id="x6"   label="[CO]"   sourcetype="digitized"  units="mole fraction" >
            <speciesLink preferredKey="CO"   CAS="630-08-0"   InChI="1S/CO/c1-2"     SMILES="[C-]#[O+]"  chemName="carbon monoxide" />
        </property>
        <property name="composition"               id="x7"   label="[CO2]"  sourcetype="digitized"  units="mole fraction" >
            <speciesLink preferredKey="CO2"  CAS="124-38-9"   InChI="1S/CO2/c2-1-3"  SMILES="C(=O)=O"    chemName="carbon dioxide"  />
        </property>

        <dataPoint><x1>1.418000e-001</x1><x2>4.667744e-002</x2><x3>1.718721e-001</x3><x4>7.142805e-001</x4><x5>1.821559e-002</x5><x6>2.884135e-002</x6><x7>2.011305e-002</x7></dataPoint>
        <dataPoint><x1>1.781000e-001</x1><x2>4.929266e-002</x2><x3>1.696171e-001</x3><x4>7.101569e-001</x4><x5>1.923616e-002</x5><x6>3.045726e-002</x6><x7>2.123993e-002</x7></dataPoint>
        <dataPoint><x1>2.386600e-001</x1><x2>5.424325e-002</x2><x3>1.653483e-001</x3><x4>7.023511e-001</x4><x5>2.116810e-002</x5><x6>3.351616e-002</x6><x7>2.337311e-002</x7></dataPoint>
        <dataPoint><x1>2.814700e-001</x1><x2>5.927932e-002</x2><x3>1.610058e-001</x3><x4>6.944105e-001</x4><x5>2.313339e-002</x5><x6>3.662787e-002</x6><x7>2.554312e-002</x7></dataPoint>
        <dataPoint><x1>3.039800e-001</x1><x2>6.405763e-002</x2><x3>1.568855e-001</x3><x4>6.868764e-001</x4><x5>2.499810e-002</x5><x6>3.958032e-002</x6><x7>2.760207e-002</x7></dataPoint>
        <dataPoint><x1>3.094700e-001</x1><x2>6.640410e-002</x2><x3>1.548622e-001</x3><x4>6.831766e-001</x4><x5>2.591380e-002</x5><x6>4.103018e-002</x6><x7>2.861315e-002</x7></dataPoint>
        <dataPoint><x1>3.094500e-001</x1><x2>6.867806e-002</x2><x3>1.529014e-001</x3><x4>6.795911e-001</x4><x5>2.680119e-002</x5><x6>4.243522e-002</x6><x7>2.959298e-002</x7></dataPoint>
        <dataPoint><x1>3.022900e-001</x1><x2>7.103882e-002</x2><x3>1.508658e-001</x3><x4>6.758688e-001</x4><x5>2.772247e-002</x5><x6>4.389390e-002</x6><x7>3.061022e-002</x7></dataPoint>
        <dataPoint><x1>2.891100e-001</x1><x2>7.305707e-002</x2><x3>1.491255e-001</x3><x4>6.726866e-001</x4><x5>2.851008e-002</x5><x6>4.514096e-002</x6><x7>3.147988e-002</x7></dataPoint>
        <dataPoint><x1>2.339900e-001</x1><x2>7.723698e-002</x2><x3>1.455212e-001</x3><x4>6.660959e-001</x4><x5>3.014126e-002</x5><x6>4.772366e-002</x6><x7>3.328097e-002</x7></dataPoint>
        <dataPoint><x1>1.679500e-001</x1><x2>8.146288e-002</x2><x3>1.418773e-001</x3><x4>6.594328e-001</x4><x5>3.179039e-002</x5><x6>5.033478e-002</x6><x7>3.510189e-002</x7></dataPoint>
        <dataPoint><x1>1.140400e-001</x1><x2>8.548267e-002</x2><x3>1.384111e-001</x3><x4>6.530946e-001</x4><x5>3.335909e-002</x5><x6>5.281856e-002</x6><x7>3.683399e-002</x7></dataPoint>
    </dataGroup>
</experiment>
