<experiment>
    <fileAuthor>Chemical Kinetics Laboratory, Institute of Chemistry, ELTE, Budapest, Hungary</fileAuthor>
    <fileDOI>10.24388/x20004471</fileDOI>
    <fileVersion>
        <major>1</major>
        <minor>0</minor>
    </fileVersion>
    <ReSpecThVersion>
        <major>2</major>
        <minor>3</minor>
    </ReSpecThVersion>
    <firstPublicationDate>2021-10-29</firstPublicationDate>
    <lastModificationDate>2021-10-29</lastModificationDate>
    <bibliographyLink>
        <description>Z. Chen, X. Qin, B. Xu, Y. Ju, F. Liu, Proceedings of the Combustion Institute 31 (2007), 2693--2700</description>
        <referenceDOI>10.1016/j.proci.2006.07.202</referenceDOI>
        <location>Main article</location>
        <figure>Fig.5., full square</figure>
        <details>
            <author>Zheng Chen and Xiao Qin and Bo Xu and Yiguang Ju and Fengshan Liu</author>
            <journal>Proceedings of the Combustion Institute</journal>
            <month>jan</month>
            <number>2</number>
            <pages>2693--2700</pages>
            <publisher>Elsevier {BV}</publisher>
            <title>Studies of radiation absorption on flame speed and flammability limit of {CO}2 diluted methane flames at elevated pressures</title>
            <volume>31</volume>
            <year>2007</year>
        </details>
    </bibliographyLink>
    <experimentType>laminar burning velocity measurement</experimentType>
    <apparatus>
        <kind>flame</kind>
        <mode>premixed</mode>
        <mode>laminar</mode>
    </apparatus>
    <commonProperties>
        <property name="pressure"     label="P"  sourcetype="reported"  units="atm" ><value>2</value></property>
        <property name="temperature"  label="T"  sourcetype="reported"  units="K"   ><value>298</value></property>
    </commonProperties>
    <dataGroup id="dg1">
        <property name="laminar burning velocity"      id="x1"   label="Sl"     sourcetype="digitized"   units="cm/s"          />
        <property name="composition"                   id="x2"   label="[CH4]"  sourcetype="calculated"  units="mole fraction" >
            <speciesLink preferredKey="CH4"  CAS="74-82-8"    InChI="1S/CH4/h1H4"    SMILES="C"        chemName="methane"        />
        </property>
        <property name="composition"                   id="x3"   label="[O2]"   sourcetype="calculated"  units="mole fraction" >
            <speciesLink preferredKey="O2"   CAS="7782-44-7"  InChI="1S/O2/c1-2"     SMILES="O=O"      chemName="oxygen"         />
        </property>
        <property name="composition"                   id="x4"   label="[He]"   sourcetype="calculated"  units="mole fraction" >
            <speciesLink preferredKey="He"   CAS="7440-59-7"  InChI="1S/He"          SMILES="[He]"     chemName="helium"         />
        </property>
        <property name="composition"                   id="x5"   label="[CO2]"  sourcetype="calculated"  units="mole fraction" >
            <speciesLink preferredKey="CO2"  CAS="124-38-9"   InChI="1S/CO2/c2-1-3"  SMILES="C(=O)=O"  chemName="carbon dioxide" />
        </property>
        <property name="evaluated standard deviation"  id="x6"   sourcetype="estimated"   units="cm/s"           reference="laminar burning velocity"  kind="absolute"  method="generic uncertainty" />

        <dataPoint><x1>4.812080e+000</x1><x2>7.226973e-002</x2><x3>2.783191e-001</x3><x4>1.855461e-001</x4><x5>4.638651e-001</x5>              <x6>0.5</x6></dataPoint>
        <dataPoint><x1>5.140940e+000</x1><x2>7.362204e-002</x2><x3>2.779134e-001</x3><x4>1.852756e-001</x4><x5>4.631890e-001</x5>              <x6>0.5</x6></dataPoint>
        <dataPoint><x1>6.181210e+000</x1><x2>7.611133e-002</x2><x3>2.771666e-001</x3><x4>1.847777e-001</x4><x5>4.619443e-001</x5>              <x6>0.5</x6></dataPoint>
        <dataPoint><x1>9.241610e+000</x1><x2>8.256376e-002</x2><x3>2.752309e-001</x3><x4>1.834872e-001</x4><x5>4.587181e-001</x5>              <x6>0.5</x6></dataPoint>
        <dataPoint><x1>1.526174e+001</x1><x2>9.502017e-002</x2><x3>2.714939e-001</x3><x4>1.809960e-001</x4><x5>4.524899e-001</x5>              <x6>0.5</x6></dataPoint>
        <dataPoint><x1>2.012752e+001</x1><x2>1.072373e-001</x2><x3>2.678288e-001</x3><x4>1.785525e-001</x4><x5>4.463813e-001</x5><x6>0.515747227544657</x6></dataPoint>
    </dataGroup>
</experiment>
