<experiment>
    <fileAuthor>Chemical Kinetics Laboratory, Institute of Chemistry, ELTE, Budapest, Hungary</fileAuthor>
    <fileDOI>10.24388/x20004463</fileDOI>
    <fileVersion>
        <major>1</major>
        <minor>0</minor>
    </fileVersion>
    <ReSpecThVersion>
        <major>2</major>
        <minor>3</minor>
    </ReSpecThVersion>
    <firstPublicationDate>2021-10-29</firstPublicationDate>
    <lastModificationDate>2021-10-29</lastModificationDate>
    <bibliographyLink>
        <description>A.A. Konnov, R. Riemeijer, G.L.P.H. de, Proceedings of the European Combustion Meeting 2009 (2009), 1-6</description>
        <location>Main article</location>
        <figure>Fig.3., full circle</figure>
        <details>
            <author>Konnov, A. A. and Riemeijer, R. and de Goey, L. P. H.</author>
            <journal>Proceedings of the European Combustion Meeting 2009</journal>
            <pages>1-6</pages>
            <title>Adiabatic laminar burning velocities of CH 4 + H 2 + air flames at low pressures</title>
            <year>2009</year>
        </details>
    </bibliographyLink>
    <experimentType>laminar burning velocity measurement</experimentType>
    <apparatus>
        <kind>flame</kind>
        <mode>premixed</mode>
        <mode>laminar</mode>
    </apparatus>
    <commonProperties>
        <property name="pressure"                      label="P"  sourcetype="reported"   units="atm"  ><value>1</value></property>
        <property name="temperature"                   label="T"  sourcetype="reported"   units="K"    ><value>298</value></property>
        <property name="evaluated standard deviation"  sourcetype="estimated"  units="cm/s"  reference="laminar burning velocity"  kind="absolute"  method="combined from scatter and reported uncertainty" ><value>0.562947849166333</value></property>
    </commonProperties>
    <dataGroup id="dg1">
        <property name="laminar burning velocity"  id="x1"   label="Sl"     sourcetype="digitized"   units="cm/s"          />
        <property name="composition"               id="x2"   label="[CH4]"  sourcetype="calculated"  units="mole fraction" >
            <speciesLink preferredKey="CH4"  CAS="74-82-8"    InChI="1S/CH4/h1H4"  SMILES="C"    chemName="methane"  />
        </property>
        <property name="composition"               id="x3"   label="[O2]"   sourcetype="calculated"  units="mole fraction" >
            <speciesLink preferredKey="O2"   CAS="7782-44-7"  InChI="1S/O2/c1-2"   SMILES="O=O"  chemName="oxygen"   />
        </property>
        <property name="composition"               id="x4"   label="[N2]"   sourcetype="calculated"  units="mole fraction" >
            <speciesLink preferredKey="N2"   CAS="7727-37-9"  InChI="1S/N2/c1-2"   SMILES="N#N"  chemName="nitrogen" />
        </property>

        <dataPoint><x1>2.368620e+001</x1><x2>7.835736e-002</x2><x3>1.955000e-001</x3><x4>7.261427e-001</x4></dataPoint>
        <dataPoint><x1>3.081720e+001</x1><x2>8.731896e-002</x2><x3>1.935990e-001</x3><x4>7.190820e-001</x4></dataPoint>
        <dataPoint><x1>3.582600e+001</x1><x2>9.595196e-002</x2><x3>1.917678e-001</x3><x4>7.122803e-001</x4></dataPoint>
        <dataPoint><x1>3.713352e+001</x1><x2>1.002732e-001</x2><x3>1.908511e-001</x3><x4>7.088757e-001</x4></dataPoint>
        <dataPoint><x1>3.746543e+001</x1><x2>1.045763e-001</x2><x3>1.899384e-001</x3><x4>7.054854e-001</x4></dataPoint>
        <dataPoint><x1>3.729444e+001</x1><x2>1.088375e-001</x2><x3>1.890345e-001</x3><x4>7.021280e-001</x4></dataPoint>
        <dataPoint><x1>3.525270e+001</x1><x2>1.128657e-001</x2><x3>1.881800e-001</x3><x4>6.989543e-001</x4></dataPoint>
        <dataPoint><x1>2.844355e+001</x1><x2>1.211718e-001</x2><x3>1.864181e-001</x3><x4>6.924101e-001</x4></dataPoint>
        <dataPoint><x1>1.926075e+001</x1><x2>1.293447e-001</x2><x3>1.846845e-001</x3><x4>6.859709e-001</x4></dataPoint>
    </dataGroup>
</experiment>
