<experiment>
    <fileAuthor>Chemical Kinetics Laboratory, Institute of Chemistry, ELTE, Budapest, Hungary</fileAuthor>
    <fileDOI>10.24388/x20004115</fileDOI>
    <fileVersion>
        <major>1</major>
        <minor>0</minor>
    </fileVersion>
    <ReSpecThVersion>
        <major>2</major>
        <minor>3</minor>
    </ReSpecThVersion>
    <firstPublicationDate>2021-10-29</firstPublicationDate>
    <lastModificationDate>2021-10-29</lastModificationDate>
    <bibliographyLink>
        <description>F. COPPENS, J. DERUYCK, A. KONNOV, Combustion and Flame 149 (2007), 409--417</description>
        <referenceDOI>10.1016/j.combustflame.2007.02.004</referenceDOI>
        <location>Main article, Fig. 4, open diamond</location>
        <figure>Figure 4</figure>
        <details>
            <author>F COPPENS and J DERUYCK and A KONNOV</author>
            <journal>Combustion and Flame</journal>
            <month>jun</month>
            <number>4</number>
            <pages>409--417</pages>
            <publisher>Elsevier {BV}</publisher>
            <title>The effects of composition on burning velocity and nitric oxide formation in laminar premixed flames of {CH}4 $\mathplus$ H2 $\mathplus$ O2 $\mathplus$ N2</title>
            <volume>149</volume>
            <year>2007</year>
        </details>
    </bibliographyLink>
    <experimentType>laminar burning velocity measurement</experimentType>
    <apparatus>
        <kind>flame</kind>
        <mode>premixed</mode>
        <mode>laminar</mode>
    </apparatus>
    <commonProperties>
        <property name="pressure"                      label="P"  sourcetype="reported"   units="atm"  ><value>1</value></property>
        <property name="temperature"                   label="T"  sourcetype="reported"   units="K"    ><value>298</value></property>
        <property name="evaluated standard deviation"  sourcetype="estimated"  units="cm/s"  reference="laminar burning velocity"  kind="absolute"  method="generic uncertainty" ><value>0.5</value></property>
    </commonProperties>
    <dataGroup id="dg1">
        <property name="laminar burning velocity"  id="x1"   label="Sl"     sourcetype="digitized"  units="cm/s"          />
        <property name="composition"               id="x2"   label="[CH4]"  sourcetype="digitized"  units="mole fraction" >
            <speciesLink preferredKey="CH4"  CAS="74-82-8"    InChI="1S/CH4/h1H4"  SMILES="C"     chemName="methane"  />
        </property>
        <property name="composition"               id="x3"   label="[O2]"   sourcetype="digitized"  units="mole fraction" >
            <speciesLink preferredKey="O2"   CAS="7782-44-7"  InChI="1S/O2/c1-2"   SMILES="O=O"   chemName="oxygen"   />
        </property>
        <property name="composition"               id="x4"   label="[N2]"   sourcetype="digitized"  units="mole fraction" >
            <speciesLink preferredKey="N2"   CAS="7727-37-9"  InChI="1S/N2/c1-2"   SMILES="N#N"   chemName="nitrogen" />
        </property>
        <property name="composition"               id="x5"   label="[H2]"   sourcetype="digitized"  units="mole fraction" >
            <speciesLink preferredKey="H2"   CAS="1333-74-0"  InChI="1S/H2/h1H"    SMILES="[HH]"  chemName="hydrogen" />
        </property>

        <dataPoint><x1>1.329747e+001</x1><x2>5.925604e-002</x2><x3>1.767545e-001</x3><x4>7.535325e-001</x4><x5>1.045695e-002</x5></dataPoint>
        <dataPoint><x1>1.646235e+001</x1><x2>6.328044e-002</x2><x3>1.758550e-001</x3><x4>7.496975e-001</x4><x5>1.116714e-002</x5></dataPoint>
        <dataPoint><x1>1.990243e+001</x1><x2>6.719310e-002</x2><x3>1.749804e-001</x3><x4>7.459689e-001</x4><x5>1.185761e-002</x5></dataPoint>
        <dataPoint><x1>2.314236e+001</x1><x2>7.096540e-002</x2><x3>1.741371e-001</x3><x4>7.423741e-001</x4><x5>1.252331e-002</x5></dataPoint>
        <dataPoint><x1>2.604453e+001</x1><x2>7.480596e-002</x2><x3>1.732787e-001</x3><x4>7.387143e-001</x4><x5>1.320105e-002</x5></dataPoint>
        <dataPoint><x1>2.840881e+001</x1><x2>7.859610e-002</x2><x3>1.724315e-001</x3><x4>7.351025e-001</x4><x5>1.386990e-002</x5></dataPoint>
        <dataPoint><x1>3.016012e+001</x1><x2>8.226995e-002</x2><x3>1.716102e-001</x3><x4>7.316016e-001</x4><x5>1.451823e-002</x5></dataPoint>
        <dataPoint><x1>3.117338e+001</x1><x2>8.591485e-002</x2><x3>1.707955e-001</x3><x4>7.281282e-001</x4><x5>1.516145e-002</x5></dataPoint>
        <dataPoint><x1>3.151113e+001</x1><x2>8.962726e-002</x2><x3>1.699657e-001</x3><x4>7.245905e-001</x4><x5>1.581657e-002</x5></dataPoint>
        <dataPoint><x1>3.056042e+001</x1><x2>9.321578e-002</x2><x3>1.691635e-001</x3><x4>7.211708e-001</x4><x5>1.644984e-002</x5></dataPoint>
        <dataPoint><x1>2.867150e+001</x1><x2>9.677630e-002</x2><x3>1.683677e-001</x3><x4>7.177779e-001</x4><x5>1.707817e-002</x5></dataPoint>
        <dataPoint><x1>2.564423e+001</x1><x2>1.004068e-001</x2><x3>1.675561e-001</x3><x4>7.143182e-001</x4><x5>1.771885e-002</x5></dataPoint>
        <dataPoint><x1>2.192895e+001</x1><x2>1.039128e-001</x2><x3>1.667724e-001</x3><x4>7.109773e-001</x4><x5>1.833755e-002</x5></dataPoint>
        <dataPoint><x1>1.795096e+001</x1><x2>1.074652e-001</x2><x3>1.659784e-001</x3><x4>7.075920e-001</x4><x5>1.896445e-002</x5></dataPoint>
        <dataPoint><x1>1.471103e+001</x1><x2>1.109180e-001</x2><x3>1.652066e-001</x3><x4>7.043017e-001</x4><x5>1.957377e-002</x5></dataPoint>
        <dataPoint><x1>1.167125e+001</x1><x2>1.143981e-001</x2><x3>1.644287e-001</x3><x4>7.009853e-001</x4><x5>2.018790e-002</x5></dataPoint>
    </dataGroup>
</experiment>
