<experiment>
    <fileAuthor>Chemical Kinetics Laboratory, Institute of Chemistry, ELTE, Budapest, Hungary</fileAuthor>
    <fileDOI>10.24388/x20004504</fileDOI>
    <fileVersion>
        <major>1</major>
        <minor>0</minor>
    </fileVersion>
    <ReSpecThVersion>
        <major>2</major>
        <minor>3</minor>
    </ReSpecThVersion>
    <firstPublicationDate>2021-10-29</firstPublicationDate>
    <lastModificationDate>2021-10-29</lastModificationDate>
    <bibliographyLink>
        <description>C. Xiouris, T. Ye, J. Jayachandran, F.N. Egolfopoulos, Combust Flame 163 (2016), 270--283</description>
        <referenceDOI>10.1016/j.combustflame.2015.10.003</referenceDOI>
        <location>Supplementary material, Section 1., CH4/Air</location>
        <table>Table SPM 1. CH4/Air</table>
        <details>
            <author>Xiouris, Christodoulos and Ye, Tailai and Jayachandran, Jagannath and Egolfopoulos, Fokion N</author>
            <journal>Combust Flame</journal>
            <pages>270--283</pages>
            <title>Laminar flame speeds under engine-relevant conditions: Uncertainty quantification and minimization in spherically expanding flame experiments</title>
            <volume>163</volume>
            <year>2016</year>
        </details>
    </bibliographyLink>
    <experimentType>laminar burning velocity measurement</experimentType>
    <apparatus>
        <kind>flame</kind>
        <mode>premixed</mode>
        <mode>laminar</mode>
        <mode>OPF</mode>
    </apparatus>
    <commonProperties>
        <property name="temperature"                   label="T"  sourcetype="reported"   units="K"    ><value>298</value></property>
        <property name="pressure"                      label="p"  sourcetype="reported"   units="atm"  ><value>1</value></property>
        <property name="evaluated standard deviation"  sourcetype="estimated"  units="cm/s"  reference="laminar burning velocity"  kind="absolute"  method="generic uncertainty" ><value>0.5</value></property>
    </commonProperties>
    <dataGroup id="dg1">
        <property name="equivalence ratio"         id="x1"   label="phi"    sourcetype="reported"   units="unitless"      />
        <property name="laminar burning velocity"  id="x2"   label="Sl"     sourcetype="reported"   units="cm/s"          />
        <property name="uncertainty"               id="x3"   label="d_Sl"   sourcetype="reported"   units="cm/s"           reference="laminar burning velocity"  kind="absolute"  bound="plusminus" />
        <property name="composition"               id="x4"   label="[CH4]"  sourcetype="estimated"  units="mole fraction" >
            <speciesLink preferredKey="CH4"  CAS="74-82-8"    InChI="1S/CH4/h1H4"  SMILES="C"    chemName="methane"  />
        </property>
        <property name="composition"               id="x5"   label="[O2]"   sourcetype="estimated"  units="mole fraction" >
            <speciesLink preferredKey="O2"   CAS="7782-44-7"  InChI="1S/O2/c1-2"   SMILES="O=O"  chemName="oxygen"   />
        </property>
        <property name="composition"               id="x6"   label="[N2]"   sourcetype="estimated"  units="mole fraction" >
            <speciesLink preferredKey="N2"   CAS="7727-37-9"  InChI="1S/N2/c1-2"   SMILES="N#N"  chemName="nitrogen" />
        </property>

        <dataPoint><x1>0.7</x1><x2>16.7</x2><x3>0.6</x3><x4>0.0684676</x4><x5>0.1956218</x5><x6>0.7359106</x6></dataPoint>
        <dataPoint><x1>0.8</x1><x2>24.6</x2><x3>0.6</x3><x4>0.0774908</x4><x5>0.1937269</x5><x6>0.7287823</x6></dataPoint>
        <dataPoint><x1>0.9</x1><x2>31.2</x2><x3>0.6</x3><x4>0.0863408</x4><x5>0.1918684</x5><x6>0.7217908</x6></dataPoint>
        <dataPoint><x1>1.0</x1><x2>35.1</x2><x3>0.6</x3><x4>0.0950226</x4><x5>0.1900452</x5><x6>0.7149321</x6></dataPoint>
        <dataPoint><x1>1.1</x1><x2>35.4</x2><x3>0.5</x3><x4>0.1035410</x4><x5>0.1882564</x5><x6>0.7082026</x6></dataPoint>
        <dataPoint><x1>1.2</x1><x2>31.7</x2><x3>0.6</x3><x4>0.1119005</x4><x5>0.1865009</x5><x6>0.7015986</x6></dataPoint>
        <dataPoint><x1>1.3</x1><x2>23.4</x2><x3>0.9</x3><x4>0.1201056</x4><x5>0.1847778</x5><x6>0.6951166</x6></dataPoint>
    </dataGroup>
    <comment>CH4, O2 and N2 mole fractions were estimated using phi, O2 and N2 volume ratio in air.</comment>
</experiment>
