<experiment>
    <fileAuthor>Chemical Kinetics Laboratory, Institute of Chemistry, ELTE, Budapest, Hungary</fileAuthor>
    <fileDOI>10.24388/x20004226</fileDOI>
    <fileVersion>
        <major>1</major>
        <minor>0</minor>
    </fileVersion>
    <ReSpecThVersion>
        <major>2</major>
        <minor>3</minor>
    </ReSpecThVersion>
    <firstPublicationDate>2021-10-29</firstPublicationDate>
    <lastModificationDate>2021-10-29</lastModificationDate>
    <bibliographyLink>
        <description>G. Yu, C.K. Law, C.K. Wu, Combustion and Flame 63 (1986), 339--347</description>
        <referenceDOI>10.1016/0010-2180(86)90003-9</referenceDOI>
        <location>Fig. 6 open circle RH=0.10</location>
        <figure>Fig. 6</figure>
        <details>
            <author>G. Yu and C.K. Law and C.K. Wu</author>
            <journal>Combustion and Flame</journal>
            <month>mar</month>
            <number>3</number>
            <pages>339--347</pages>
            <publisher>Elsevier {BV}</publisher>
            <title>Laminar flame speeds of hydrocarbon $\mathplus$ air mixtures with hydrogen addition</title>
            <volume>63</volume>
            <year>1986</year>
        </details>
    </bibliographyLink>
    <experimentType>laminar burning velocity measurement</experimentType>
    <apparatus>
        <kind>flame</kind>
        <mode>premixed</mode>
        <mode>laminar</mode>
    </apparatus>
    <commonProperties>
        <property name="pressure"                      label="P"  sourcetype="estimated"  units="atm"  ><value>1</value></property>
        <property name="temperature"                   label="T"  sourcetype="estimated"  units="K"    ><value>298</value></property>
        <property name="evaluated standard deviation"  sourcetype="estimated"  units="cm/s"  reference="laminar burning velocity"  kind="absolute"  method="combined from scatter and estimated uncertainty" ><value>1.35822939488475</value></property>
    </commonProperties>
    <dataGroup id="dg1">
        <property name="laminar burning velocity"  id="x1"   label="Sl"     sourcetype="digitized"  units="cm/s"          />
        <property name="composition"               id="x2"   label="[CH4]"  sourcetype="digitized"  units="mole fraction" >
            <speciesLink preferredKey="CH4"  CAS="74-82-8"    InChI="1S/CH4/h1H4"  SMILES="C"     chemName="methane"  />
        </property>
        <property name="composition"               id="x3"   label="[O2]"   sourcetype="digitized"  units="mole fraction" >
            <speciesLink preferredKey="O2"   CAS="7782-44-7"  InChI="1S/O2/c1-2"   SMILES="O=O"   chemName="oxygen"   />
        </property>
        <property name="composition"               id="x4"   label="[N2]"   sourcetype="digitized"  units="mole fraction" >
            <speciesLink preferredKey="N2"   CAS="7727-37-9"  InChI="1S/N2/c1-2"   SMILES="N#N"   chemName="nitrogen" />
        </property>
        <property name="composition"               id="x5"   label="[H2]"   sourcetype="digitized"  units="mole fraction" >
            <speciesLink preferredKey="H2"   CAS="1333-74-0"  InChI="1S/H2/h1H"    SMILES="[HH]"  chemName="hydrogen" />
        </property>

        <dataPoint><x1>1.197236e+001</x1><x2>4.603452e-002</x2><x3>1.947051e-001</x3><x4>7.324621e-001</x4><x5>2.679831e-002</x5></dataPoint>
        <dataPoint><x1>2.110396e+001</x1><x2>5.532553e-002</x2><x3>1.927540e-001</x3><x4>7.251222e-001</x4><x5>2.679831e-002</x5></dataPoint>
        <dataPoint><x1>2.925351e+001</x1><x2>6.312536e-002</x2><x3>1.911160e-001</x3><x4>7.189603e-001</x4><x5>2.679831e-002</x5></dataPoint>
        <dataPoint><x1>3.537649e+001</x1><x2>7.038685e-002</x2><x3>1.895911e-001</x3><x4>7.132237e-001</x4><x5>2.679831e-002</x5></dataPoint>
        <dataPoint><x1>4.407658e+001</x1><x2>7.923600e-002</x2><x3>1.877328e-001</x3><x4>7.062329e-001</x4><x5>2.679831e-002</x5></dataPoint>
        <dataPoint><x1>4.801769e+001</x1><x2>8.639515e-002</x2><x3>1.862294e-001</x3><x4>7.005772e-001</x4><x5>2.679831e-002</x5></dataPoint>
        <dataPoint><x1>4.974865e+001</x1><x2>9.410595e-002</x2><x3>1.846101e-001</x3><x4>6.944856e-001</x4><x5>2.679831e-002</x5></dataPoint>
        <dataPoint><x1>4.600169e+001</x1><x2>1.017285e-001</x2><x3>1.830094e-001</x3><x4>6.884638e-001</x4><x5>2.679831e-002</x5></dataPoint>
        <dataPoint><x1>3.680101e+001</x1><x2>1.094543e-001</x2><x3>1.813869e-001</x3><x4>6.823604e-001</x4><x5>2.679831e-002</x5></dataPoint>
        <dataPoint><x1>3.048102e+001</x1><x2>1.145624e-001</x2><x3>1.803143e-001</x3><x4>6.783250e-001</x4><x5>2.679831e-002</x5></dataPoint>
    </dataGroup>
</experiment>
