<experiment>
    <fileAuthor>Chemical Kinetics Laboratory, Institute of Chemistry, ELTE, Budapest, Hungary</fileAuthor>
    <fileDOI>10.24388/x20004575</fileDOI>
    <fileVersion>
        <major>1</major>
        <minor>0</minor>
    </fileVersion>
    <ReSpecThVersion>
        <major>2</major>
        <minor>3</minor>
    </ReSpecThVersion>
    <firstPublicationDate>2021-10-29</firstPublicationDate>
    <lastModificationDate>2021-10-29</lastModificationDate>
    <bibliographyLink>
        <description>A.R. Khan, S. Anbusaravanan, L. Kalathi, R. Velamati, C. Prathap, Fuel 196 (2017), 225--232</description>
        <referenceDOI>10.1016/j.fuel.2017.01.086</referenceDOI>
        <location>Main article</location>
        <figure>fig. 7., 30% CO2 series</figure>
        <details>
            <author>Khan, A R and Anbusaravanan, S and Kalathi, Lokesh and Velamati, Ratnakishore and Prathap, C</author>
            <journal>Fuel</journal>
            <pages>225--232</pages>
            <title>Investigation of dilution effect with N$_{2}$/CO$_{2}$ on laminar burning velocity of premixed methane/oxygen mixtures using freely expanding spherical flames</title>
            <volume>196</volume>
            <year>2017</year>
        </details>
    </bibliographyLink>
    <experimentType>laminar burning velocity measurement</experimentType>
    <apparatus>
        <kind>flame</kind>
        <mode>premixed</mode>
        <mode>laminar</mode>
        <mode>OPF</mode>
    </apparatus>
    <commonProperties>
        <property name="temperature"  label="T"  sourcetype="reported"  units="K"   ><value>300</value></property>
        <property name="pressure"     label="p"  sourcetype="reported"  units="bar" ><value>1</value></property>
    </commonProperties>
    <dataGroup id="dg1">
        <property name="laminar burning velocity"      id="x1"   label="Sl"     sourcetype="digitized"   units="cm/s"          />
        <property name="uncertainty"                   id="x2"   label="d_Sl"   sourcetype="calculated"  units="cm/s"           reference="laminar burning velocity"  kind="absolute"  bound="plusminus" />
        <property name="composition"                   id="x3"   label="[CH4]"  sourcetype="calculated"  units="mole fraction" >
            <speciesLink preferredKey="CH4"  CAS="74-82-8"    InChI="1S/CH4/h1H4"    SMILES="C"        chemName="methane"        />
        </property>
        <property name="composition"                   id="x4"   label="[O2]"   sourcetype="calculated"  units="mole fraction" >
            <speciesLink preferredKey="O2"   CAS="7782-44-7"  InChI="1S/O2/c1-2"     SMILES="O=O"      chemName="oxygen"         />
        </property>
        <property name="composition"                   id="x5"   label="[CO2]"  sourcetype="calculated"  units="mole fraction" >
            <speciesLink preferredKey="CO2"  CAS="124-38-9"   InChI="1S/CO2/c2-1-3"  SMILES="C(=O)=O"  chemName="carbon dioxide" />
        </property>
        <property name="evaluated standard deviation"  id="x6"   sourcetype="estimated"   units="cm/s"           reference="laminar burning velocity"  kind="absolute"  method="combined from scatter and reported uncertainty" />

        <dataPoint><x1>124.24</x1> <x2>9.07</x2><x3>0.161</x3><x4>0.539</x4><x5>0.300</x5><x6>6.10700951487919</x6></dataPoint>
        <dataPoint><x1>157.84</x1><x2>11.52</x2><x3>0.200</x3><x4>0.500</x4><x5>0.300</x5><x6>6.99316444052512</x6></dataPoint>
        <dataPoint><x1>170.69</x1><x2>12.46</x2><x3>0.233</x3><x4>0.467</x4><x5>0.300</x5><x6>7.35370103335729</x6></dataPoint>
        <dataPoint><x1>163.25</x1><x2>11.92</x2><x3>0.262</x3><x4>0.438</x4><x5>0.300</x5><x6>7.14374035275814</x6></dataPoint>
        <dataPoint><x1>100.79</x1> <x2>7.36</x2><x3>0.288</x3><x4>0.412</x4><x5>0.300</x5><x6>5.55259890770304</x6></dataPoint>
    </dataGroup>
    <comment>CH4, O2 and N2 mole fractions were calculated using the equivalence ration. The uncertainty of temperature is +/- 2K.</comment>
</experiment>
