<experiment>
    <fileAuthor>Chemical Kinetics Laboratory, Institute of Chemistry, ELTE, Budapest, Hungary</fileAuthor>
    <fileDOI>10.24388/x20004529</fileDOI>
    <fileVersion>
        <major>1</major>
        <minor>0</minor>
    </fileVersion>
    <ReSpecThVersion>
        <major>2</major>
        <minor>3</minor>
    </ReSpecThVersion>
    <firstPublicationDate>2021-10-29</firstPublicationDate>
    <lastModificationDate>2021-10-29</lastModificationDate>
    <bibliographyLink>
        <description>E.J.K. Nilsson, S.A. van, J. Larfeldt, A.A. Konnov, Fuel 189 (2017), 369--376</description>
        <referenceDOI>10.1016/j.fuel.2016.10.103</referenceDOI>
        <location>Supplementary material, Table S5.</location>
        <table>Table S5. Laminar burning velocity for methane/air flames with hydrogen addition at 298 K. Column: 10% H2.</table>
        <figure>Main article, Fig. 5., red diamond (not used); Supplementary material, Fig. S2.a, red diamond (not used)</figure>
        <details>
            <author>Nilsson, Elna J K and van Sprang, Astrid and Larfeldt, Jenny and Konnov, Alexander A</author>
            <journal>Fuel</journal>
            <pages>369--376</pages>
            <title>The comparative and combined effects of hydrogen addition on the laminar burning velocities of methane and its blends with ethane and propane</title>
            <volume>189</volume>
            <year>2017</year>
        </details>
    </bibliographyLink>
    <experimentType>laminar burning velocity measurement</experimentType>
    <apparatus>
        <kind>flame</kind>
        <mode>premixed</mode>
        <mode>laminar</mode>
        <mode>HFM</mode>
    </apparatus>
    <commonProperties>
        <property name="temperature"  label="T"  sourcetype="reported"  units="K"   ><value>298</value></property>
        <property name="pressure"     label="p"  sourcetype="reported"  units="atm" ><value>1</value></property>
    </commonProperties>
    <dataGroup id="dg1">
        <property name="equivalence ratio"             id="x1"   label="phi"    sourcetype="reported"    units="unitless"      />
        <property name="uncertainty"                   id="x2"   label="d_phi"  sourcetype="reported"    units="unitless"       reference="equivalence ratio"         kind="absolute"  bound="plusminus" />
        <property name="laminar burning velocity"      id="x3"   label="Sl"     sourcetype="reported"    units="cm/s"          />
        <property name="uncertainty"                   id="x4"   label="d_Sl"   sourcetype="reported"    units="cm/s"           reference="laminar burning velocity"  kind="absolute"  bound="plusminus" />
        <property name="composition"                   id="x5"   label="[CH4]"  sourcetype="calculated"  units="mole fraction" >
            <speciesLink preferredKey="CH4"  CAS="74-82-8"    InChI="1S/CH4/h1H4"  SMILES="C"     chemName="methane"  />
        </property>
        <property name="composition"                   id="x6"   label="[H2]"   sourcetype="reported"    units="mole fraction" >
            <speciesLink preferredKey="H2"   CAS="1333-74-0"  InChI="1S/H2/h1H"    SMILES="[HH]"  chemName="hydrogen" />
        </property>
        <property name="composition"                   id="x7"   label="[O2]"   sourcetype="calculated"  units="mole fraction" >
            <speciesLink preferredKey="O2"   CAS="7782-44-7"  InChI="1S/O2/c1-2"   SMILES="O=O"   chemName="oxygen"   />
        </property>
        <property name="composition"                   id="x8"   label="[N2]"   sourcetype="calculated"  units="mole fraction" >
            <speciesLink preferredKey="N2"   CAS="7727-37-9"  InChI="1S/N2/c1-2"   SMILES="N#N"   chemName="nitrogen" />
        </property>
        <property name="evaluated standard deviation"  id="x9"   sourcetype="estimated"   units="cm/s"           reference="laminar burning velocity"  kind="absolute"  method="combined from scatter and reported uncertainty" />

        <dataPoint><x1>0.80</x1><x2>0.01</x2><x3>25.68</x3><x4>0.88</x4><x5>0.074926</x5><x6>0.008325</x6><x7>0.192517</x7><x8>0.724232</x8><x9>0.715906580374842</x9></dataPoint>
        <dataPoint><x1>0.90</x1><x2>0.01</x2><x3>32.65</x3><x4>0.82</x4><x5>0.083423</x5><x6>0.009269</x6><x7>0.190535</x7><x8>0.716773</x8> <x9>0.69786978142344</x9></dataPoint>
        <dataPoint><x1>1.00</x1><x2>0.02</x2><x3>38.71</x3><x4>0.79</x4><x5>0.091748</x5><x6>0.010194</x6><x7>0.188592</x7><x8>0.709466</x8><x9>0.689164154482805</x9></dataPoint>
        <dataPoint><x1>1.10</x1><x2>0.02</x2><x3>38.62</x3><x4>0.73</x4><x5>0.099904</x5><x6>0.011100</x6><x7>0.186689</x7><x8>0.702307</x8><x9>0.672418940708841</x9></dataPoint>
        <dataPoint><x1>1.20</x1><x2>0.02</x2><x3>35.52</x3><x4>0.95</x4><x5>0.107897</x5><x6>0.011989</x6><x7>0.184824</x7><x8>0.695290</x8><x9>0.737934435992792</x9></dataPoint>
        <dataPoint><x1>1.30</x1><x2>0.02</x2><x3>27.02</x3><x4>1.19</x4><x5>0.115732</x5><x6>0.012859</x6><x7>0.182996</x7><x8>0.688413</x8><x9>0.820333610078241</x9></dataPoint>
        <dataPoint><x1>1.40</x1><x2>0.02</x2><x3>16.69</x3><x4>1.43</x4><x5>0.123414</x5><x6>0.013713</x6><x7>0.181203</x7><x8>0.681670</x8><x9>0.911124158292381</x9></dataPoint>
        <dataPoint><x1>1.50</x1><x2>0.01</x2><x3>10.25</x3><x4>2.21</x4><x5>0.130947</x5><x6>0.014550</x6><x7>0.179446</x7><x8>0.675058</x8> <x9>1.24094610351296</x9></dataPoint>
    </dataGroup>
    <comment>Atmospheric pressure reported. CH4, O2 and N2 mole fractions were estimated using phi, O2 and N2 volume ratio.</comment>
</experiment>
