<experiment>
    <fileAuthor>Chemical Kinetics Laboratory, Institute of Chemistry, ELTE, Budapest, Hungary</fileAuthor>
    <fileDOI>10.24388/x20004656</fileDOI>
    <fileVersion>
        <major>1</major>
        <minor>0</minor>
    </fileVersion>
    <ReSpecThVersion>
        <major>2</major>
        <minor>3</minor>
    </ReSpecThVersion>
    <firstPublicationDate>2021-10-29</firstPublicationDate>
    <lastModificationDate>2021-10-29</lastModificationDate>
    <bibliographyLink>
        <description>R.J. Varghese, S. Kumar, International Journal of Hydrogen Energy 45 (2020), 3216--3232</description>
        <referenceDOI>10.1016/j.ijhydene.2019.11.134</referenceDOI>
        <location>Supplementary</location>
        <figure>Fig. 2(a), half-filled black square</figure>
        <details>
            <author>Robin John Varghese and Sudarshan Kumar</author>
            <journal>International Journal of Hydrogen Energy</journal>
            <month>jan</month>
            <number>4</number>
            <pages>3216--3232</pages>
            <publisher>Elsevier {BV}</publisher>
            <title>Machine learning model to predict the laminar burning velocities of H2/{CO}/{CH}4/{CO}2/N2/air mixtures at high pressure and temperature conditions</title>
            <volume>45</volume>
            <year>2020</year>
        </details>
    </bibliographyLink>
    <experimentType>laminar burning velocity measurement</experimentType>
    <apparatus>
        <kind>flame</kind>
        <mode>premixed</mode>
        <mode>laminar</mode>
        <mode>HFM</mode>
    </apparatus>
    <commonProperties>
        <property name="temperature"  label="T"  sourcetype="reported"  units="K"   ><value>300</value></property>
        <property name="pressure"     label="p"  sourcetype="reported"  units="atm" ><value>1</value></property>
    </commonProperties>
    <dataGroup id="dg1">
        <property name="laminar burning velocity"      id="x1"   label="Sl"     sourcetype="digitized"   units="cm/s"          />
        <property name="uncertainty"                   id="x2"   label="d_Sl"   sourcetype="digitized"   units="cm/s"           reference="laminar burning velocity"  kind="absolute"  bound="plusminus" />
        <property name="composition"                   id="x3"   label="[CH4]"  sourcetype="calculated"  units="mole fraction" >
            <speciesLink preferredKey="CH4"  CAS="74-82-8"    InChI="1S/CH4/h1H4"  SMILES="C"    chemName="methane"  />
        </property>
        <property name="composition"                   id="x4"   label="[N2]"   sourcetype="calculated"  units="mole fraction" >
            <speciesLink preferredKey="N2"   CAS="7727-37-9"  InChI="1S/N2/c1-2"   SMILES="N#N"  chemName="nitrogen" />
        </property>
        <property name="composition"                   id="x5"   label="[O2]"   sourcetype="calculated"  units="mole fraction" >
            <speciesLink preferredKey="O2"   CAS="7782-44-7"  InChI="1S/O2/c1-2"   SMILES="O=O"  chemName="oxygen"   />
        </property>
        <property name="evaluated standard deviation"  id="x6"   sourcetype="estimated"   units="cm/s"           reference="laminar burning velocity"  kind="absolute"  method="combined from scatter and reported uncertainty" />

        <dataPoint><x1>18.59</x1><x2>0.80</x2><x3>0.068340</x3><x4>0.736012</x4><x5>0.195649</x5><x6>1.24733062500044</x6></dataPoint>
        <dataPoint><x1>27.11</x1><x2>1.11</x2><x3>0.077470</x3><x4>0.728799</x4><x5>0.193731</x5><x6>1.46558305396317</x6></dataPoint>
        <dataPoint><x1>32.52</x1><x2>1.35</x2><x3>0.086300</x3><x4>0.721823</x4><x5>0.191877</x5> <x6>1.6547911312501</x6></dataPoint>
        <dataPoint><x1>36.50</x1><x2>1.51</x2><x3>0.094962</x3><x4>0.714980</x4><x5>0.190058</x5><x6>1.78771745196605</x6></dataPoint>
        <dataPoint><x1>37.21</x1><x2>1.51</x2><x3>0.103462</x3><x4>0.708265</x4><x5>0.188273</x5><x6>1.78771745196605</x6></dataPoint>
        <dataPoint><x1>32.52</x1><x2>1.35</x2><x3>0.111920</x3><x4>0.701584</x4><x5>0.186497</x5> <x6>1.6547911312501</x6></dataPoint>
        <dataPoint><x1>24.48</x1><x2>1.03</x2><x3>0.119991</x3><x4>0.695207</x4><x5>0.184802</x5> <x6>1.4059636154837</x6></dataPoint>
    </dataGroup>
</experiment>
