<experiment>
    <fileAuthor>Chemical Kinetics Laboratory, Institute of Chemistry, ELTE, Budapest, Hungary</fileAuthor>
    <fileDOI>10.24388/x20004165</fileDOI>
    <fileVersion>
        <major>1</major>
        <minor>0</minor>
    </fileVersion>
    <ReSpecThVersion>
        <major>2</major>
        <minor>3</minor>
    </ReSpecThVersion>
    <firstPublicationDate>2021-10-29</firstPublicationDate>
    <lastModificationDate>2021-10-29</lastModificationDate>
    <bibliographyLink>
        <description>V.R. Kishore, N. Duhan, M.R. Ravi, A. Ray, Experimental Thermal and Fluid Science 33 (2008), 10--16</description>
        <referenceDOI>10.1016/j.expthermflusci.2008.06.001</referenceDOI>
        <location>Main article, Fig. 4, half filled square</location>
        <figure>Figure 4</figure>
        <details>
            <author>V. Ratna Kishore and Nipun Duhan and M.R. Ravi and Anjan Ray</author>
            <journal>Experimental Thermal and Fluid Science</journal>
            <month>oct</month>
            <number>1</number>
            <pages>10--16</pages>
            <publisher>Elsevier {BV}</publisher>
            <title>Measurement of adiabatic burning velocity in natural gas-like mixtures</title>
            <volume>33</volume>
            <year>2008</year>
        </details>
    </bibliographyLink>
    <experimentType>laminar burning velocity measurement</experimentType>
    <apparatus>
        <kind>flame</kind>
        <mode>premixed</mode>
        <mode>laminar</mode>
    </apparatus>
    <commonProperties>
        <property name="pressure"                      label="P"  sourcetype="reported"   units="bar"  ><value>1</value></property>
        <property name="temperature"                   label="T"  sourcetype="reported"   units="K"    ><value>307</value></property>
        <property name="evaluated standard deviation"  sourcetype="estimated"  units="cm/s"  reference="laminar burning velocity"  kind="absolute"  method="combined from scatter and reported uncertainty" ><value>0.558915373459167</value></property>
    </commonProperties>
    <dataGroup id="dg1">
        <property name="laminar burning velocity"  id="x1"   label="Sl"     sourcetype="digitized"  units="cm/s"          />
        <property name="composition"               id="x2"   label="[CH4]"  sourcetype="digitized"  units="mole fraction" >
            <speciesLink preferredKey="CH4"  CAS="74-82-8"    InChI="1S/CH4/h1H4"  SMILES="C"    chemName="methane"  />
        </property>
        <property name="composition"               id="x3"   label="[O2]"   sourcetype="digitized"  units="mole fraction" >
            <speciesLink preferredKey="O2"   CAS="7782-44-7"  InChI="1S/O2/c1-2"   SMILES="O=O"  chemName="oxygen"   />
        </property>
        <property name="composition"               id="x4"   label="[N2]"   sourcetype="digitized"  units="mole fraction" >
            <speciesLink preferredKey="N2"   CAS="7727-37-9"  InChI="1S/N2/c1-2"   SMILES="N#N"  chemName="nitrogen" />
        </property>

        <dataPoint><x1>1.672246e+001</x1><x2>6.908109e-002</x2><x3>1.974676e-001</x3><x4>7.334513e-001</x4></dataPoint>
        <dataPoint><x1>2.432808e+001</x1><x2>7.815371e-002</x2><x3>1.955432e-001</x3><x4>7.263031e-001</x4></dataPoint>
        <dataPoint><x1>3.153868e+001</x1><x2>8.713163e-002</x2><x3>1.936387e-001</x3><x4>7.192296e-001</x4></dataPoint>
        <dataPoint><x1>3.533739e+001</x1><x2>9.585660e-002</x2><x3>1.917880e-001</x3><x4>7.123554e-001</x4></dataPoint>
        <dataPoint><x1>3.558144e+001</x1><x2>1.044955e-001</x2><x3>1.899555e-001</x3><x4>7.055490e-001</x4></dataPoint>
        <dataPoint><x1>3.189798e+001</x1><x2>1.128932e-001</x2><x3>1.881742e-001</x3><x4>6.989326e-001</x4></dataPoint>
        <dataPoint><x1>2.403461e+001</x1><x2>1.211226e-001</x2><x3>1.864285e-001</x3><x4>6.924488e-001</x4></dataPoint>
    </dataGroup>
</experiment>
