<experiment>
    <fileAuthor>Chemical Kinetics Laboratory, Institute of Chemistry, ELTE, Budapest, Hungary</fileAuthor>
    <fileDOI>10.24388/x20004611</fileDOI>
    <fileVersion>
        <major>1</major>
        <minor>0</minor>
    </fileVersion>
    <ReSpecThVersion>
        <major>2</major>
        <minor>3</minor>
    </ReSpecThVersion>
    <firstPublicationDate>2021-10-29</firstPublicationDate>
    <lastModificationDate>2021-10-29</lastModificationDate>
    <bibliographyLink>
        <description>S. Wang, Z. Wang, Y. He, X. Han, Z. Sun, Y. Zhu, M. Costa, Fuel 259 (2020), 116152</description>
        <referenceDOI>10.1016/j.fuel.2019.116152</referenceDOI>
        <location>Main article + Supplementary</location>
        <table>Supplementary</table>
        <details>
            <author>Shixing Wang and Zhihua Wang and Yong He and Xinlu Han and Zhiwei Sun and Yanqun Zhu and Mario Costa</author>
            <journal>Fuel</journal>
            <month>jan</month>
            <pages>116152</pages>
            <publisher>Elsevier {BV}</publisher>
            <title>Laminar burning velocities of {CH}4/O2/N2 and oxygen-enriched {CH}4/O2/{CO}2 flames at elevated pressures measured using the heat flux method</title>
            <volume>259</volume>
            <year>2020</year>
        </details>
    </bibliographyLink>
    <experimentType>laminar burning velocity measurement</experimentType>
    <apparatus>
        <kind>flame</kind>
        <mode>premixed</mode>
        <mode>laminar</mode>
        <mode>HFM</mode>
    </apparatus>
    <commonProperties>
        <property name="temperature"  label="T"  sourcetype="reported"  units="K"   ><value>298</value></property>
        <property name="pressure"     label="p"  sourcetype="reported"  units="MPa" ><value>0.15</value></property>
    </commonProperties>
    <dataGroup id="dg1">
        <property name="laminar burning velocity"      id="x1"   label="Sl"     sourcetype="reported"    units="cm/s"          />
        <property name="composition"                   id="x2"   label="[CH4]"  sourcetype="calculated"  units="mole fraction" >
            <speciesLink preferredKey="CH4"  CAS="74-82-8"    InChI="1S/CH4/h1H4"  SMILES="C"    chemName="methane"  />
        </property>
        <property name="composition"                   id="x3"   label="[O2]"   sourcetype="calculated"  units="mole fraction" >
            <speciesLink preferredKey="O2"   CAS="7782-44-7"  InChI="1S/O2/c1-2"   SMILES="O=O"  chemName="oxygen"   />
        </property>
        <property name="composition"                   id="x4"   label="[N2]"   sourcetype="calculated"  units="mole fraction" >
            <speciesLink preferredKey="N2"   CAS="7727-37-9"  InChI="1S/N2/c1-2"   SMILES="N#N"  chemName="nitrogen" />
        </property>
        <property name="evaluated standard deviation"  id="x5"   sourcetype="estimated"   units="cm/s"           reference="laminar burning velocity"  kind="absolute"  method="combined from scatter and reported uncertainty" />

        <dataPoint><x1>13.65</x1><x2>0.071064</x2><x3>0.167209</x3><x4>0.761728</x4><x5>0.643057002851655</x5></dataPoint>
        <dataPoint><x1>15.94</x1><x2>0.074931</x2><x3>0.166512</x3><x4>0.758557</x4><x5>0.670971185928863</x5></dataPoint>
        <dataPoint><x1>17.46</x1><x2>0.078766</x2><x3>0.165822</x3><x4>0.755412</x4><x5>0.647130451910272</x5></dataPoint>
        <dataPoint><x1>18.70</x1><x2>0.082569</x2><x3>0.165138</x3><x4>0.752294</x4><x5>0.639727789984139</x5></dataPoint>
        <dataPoint><x1>19.02</x1><x2>0.086341</x2><x3>0.164459</x3><x4>0.749201</x4><x5>0.637795216880307</x5></dataPoint>
        <dataPoint><x1>18.14</x1><x2>0.090082</x2><x3>0.163785</x3><x4>0.746133</x4> <x5>0.60828153143464</x5></dataPoint>
        <dataPoint><x1>17.09</x1><x2>0.093792</x2><x3>0.163117</x3><x4>0.743090</x4><x5>0.609360154190243</x5></dataPoint>
        <dataPoint><x1>15.03</x1><x2>0.097473</x2><x3>0.162455</x3><x4>0.740072</x4><x5>0.638051037989437</x5></dataPoint>
        <dataPoint><x1>11.36</x1><x2>0.101124</x2><x3>0.161798</x3><x4>0.737079</x4> <x5>0.75085380421348</x5></dataPoint>
        <dataPoint> <x1>9.64</x1><x2>0.104745</x2><x3>0.161146</x3><x4>0.734109</x4><x5>0.679017731952427</x5></dataPoint>
    </dataGroup>
    <comment>CH4, O2, and N2 mole fractions were calculated using the equivalence ration and O2/(O2+N2) ratio. The reported uncertainty of laminar burning velocity was deleted from this version as the Optima++ could not revognize it, the version of the xml file including full info is available in CommonSpace.</comment>
</experiment>
