<experiment>
    <fileAuthor>Chemical Kinetics Laboratory, Institute of Chemistry, ELTE, Budapest, Hungary</fileAuthor>
    <fileDOI>10.24388/x20004440</fileDOI>
    <fileVersion>
        <major>1</major>
        <minor>0</minor>
    </fileVersion>
    <ReSpecThVersion>
        <major>2</major>
        <minor>3</minor>
    </ReSpecThVersion>
    <firstPublicationDate>2021-10-29</firstPublicationDate>
    <lastModificationDate>2021-10-29</lastModificationDate>
    <bibliographyLink>
        <description>A.A. Konnov, G.P. {\'{A}}lvarez, I.V. Rybitskaya, J.D. Ruyck, Combustion Science and Technology 181 (2008), 117--135</description>
        <referenceDOI>10.1080/00102200802380173</referenceDOI>
        <location>Main article</location>
        <figure>Fig. 4., cross</figure>
        <details>
            <author>A. A. Konnov and G. Puig {\'{A}}lvarez and I. V. Rybitskaya and J. De Ruyck</author>
            <journal>Combustion Science and Technology</journal>
            <month>dec</month>
            <number>1</number>
            <pages>117--135</pages>
            <publisher>Informa {UK} Limited</publisher>
            <title>The Effects of Enrichment by Carbon Monoxide on Adiabatic Burning Velocity and Nitric Oxide Formation in Methane Flames</title>
            <volume>181</volume>
            <year>2008</year>
        </details>
    </bibliographyLink>
    <experimentType>laminar burning velocity measurement</experimentType>
    <apparatus>
        <kind>flame</kind>
        <mode>premixed</mode>
        <mode>laminar</mode>
    </apparatus>
    <commonProperties>
        <property name="pressure"                      label="P"  sourcetype="reported"   units="atm"  ><value>1</value></property>
        <property name="temperature"                   label="T"  sourcetype="reported"   units="K"    ><value>298</value></property>
        <property name="evaluated standard deviation"  sourcetype="estimated"  units="cm/s"  reference="laminar burning velocity"  kind="absolute"  method="combined from scatter and reported uncertainty" ><value>0.548014517180886</value></property>
    </commonProperties>
    <dataGroup id="dg1">
        <property name="laminar burning velocity"  id="x1"   label="Sl"     sourcetype="digitized"   units="cm/s"          />
        <property name="composition"               id="x2"   label="[CH4]"  sourcetype="calculated"  units="mole fraction" >
            <speciesLink preferredKey="CH4"  CAS="74-82-8"    InChI="1S/CH4/h1H4"  SMILES="C"          chemName="methane"         />
        </property>
        <property name="composition"               id="x3"   label="[O2]"   sourcetype="calculated"  units="mole fraction" >
            <speciesLink preferredKey="O2"   CAS="7782-44-7"  InChI="1S/O2/c1-2"   SMILES="O=O"        chemName="oxygen"          />
        </property>
        <property name="composition"               id="x4"   label="[N2]"   sourcetype="calculated"  units="mole fraction" >
            <speciesLink preferredKey="N2"   CAS="7727-37-9"  InChI="1S/N2/c1-2"   SMILES="N#N"        chemName="nitrogen"        />
        </property>
        <property name="composition"               id="x5"   label="[CO]"   sourcetype="calculated"  units="mole fraction" >
            <speciesLink preferredKey="CO"   CAS="630-08-0"   InChI="1S/CO/c1-2"   SMILES="[C-]#[O+]"  chemName="carbon monoxide" />
        </property>

        <dataPoint><x1>1.860969e+001</x1><x2>6.715738e-002</x2><x3>1.942254e-001</x3><x4>7.350826e-001</x4><x5>3.534599e-003</x5></dataPoint>
        <dataPoint><x1>2.256378e+001</x1><x2>7.160732e-002</x2><x3>1.932464e-001</x3><x4>7.313775e-001</x4><x5>3.768807e-003</x5></dataPoint>
        <dataPoint><x1>2.661990e+001</x1><x2>7.601263e-002</x2><x3>1.922772e-001</x3><x4>7.277095e-001</x4><x5>4.000665e-003</x5></dataPoint>
        <dataPoint><x1>3.025510e+001</x1><x2>8.037397e-002</x2><x3>1.913177e-001</x3><x4>7.240781e-001</x4><x5>4.230209e-003</x5></dataPoint>
        <dataPoint><x1>3.346939e+001</x1><x2>8.471082e-002</x2><x3>1.903636e-001</x3><x4>7.204671e-001</x4><x5>4.458464e-003</x5></dataPoint>
        <dataPoint><x1>3.607143e+001</x1><x2>8.883600e-002</x2><x3>1.894561e-001</x3><x4>7.170323e-001</x4><x5>4.675579e-003</x5></dataPoint>
        <dataPoint><x1>3.784439e+001</x1><x2>9.307061e-002</x2><x3>1.885245e-001</x3><x4>7.135065e-001</x4><x5>4.898453e-003</x5></dataPoint>
        <dataPoint><x1>3.877551e+001</x1><x2>9.726378e-002</x2><x3>1.876020e-001</x3><x4>7.100151e-001</x4><x5>5.119146e-003</x5></dataPoint>
        <dataPoint><x1>3.857143e+001</x1><x2>1.014342e-001</x2><x3>1.866845e-001</x3><x4>7.065427e-001</x4><x5>5.338643e-003</x5></dataPoint>
        <dataPoint><x1>3.711735e+001</x1><x2>1.054027e-001</x2><x3>1.858114e-001</x3><x4>7.032384e-001</x4><x5>5.547508e-003</x5></dataPoint>
        <dataPoint><x1>3.451531e+001</x1><x2>1.094763e-001</x2><x3>1.849152e-001</x3><x4>6.998466e-001</x4><x5>5.761910e-003</x5></dataPoint>
        <dataPoint><x1>3.077806e+001</x1><x2>1.135108e-001</x2><x3>1.840276e-001</x3><x4>6.964873e-001</x4><x5>5.974254e-003</x5></dataPoint>
        <dataPoint><x1>2.672194e+001</x1><x2>1.175068e-001</x2><x3>1.831485e-001</x3><x4>6.931601e-001</x4><x5>6.184568e-003</x5></dataPoint>
        <dataPoint><x1>2.224490e+001</x1><x2>1.214820e-001</x2><x3>1.822740e-001</x3><x4>6.898502e-001</x4><x5>6.393791e-003</x5></dataPoint>
        <dataPoint><x1>1.829082e+001</x1><x2>1.254016e-001</x2><x3>1.814116e-001</x3><x4>6.865866e-001</x4><x5>6.600085e-003</x5></dataPoint>
    </dataGroup>
</experiment>
