<experiment>
    <fileAuthor>Chemical Kinetics Laboratory, Institute of Chemistry, ELTE, Budapest, Hungary</fileAuthor>
    <fileDOI>10.24388/x20004310</fileDOI>
    <fileVersion>
        <major>1</major>
        <minor>0</minor>
    </fileVersion>
    <ReSpecThVersion>
        <major>2</major>
        <minor>3</minor>
    </ReSpecThVersion>
    <firstPublicationDate>2021-10-29</firstPublicationDate>
    <lastModificationDate>2021-10-29</lastModificationDate>
    <bibliographyLink>
        <description>H. Miao, Y. Liu, Fuel 121 (2014), 208--215</description>
        <referenceDOI>10.1016/j.fuel.2013.12.039</referenceDOI>
        <location>Main article, Fig. 4, star</location>
        <figure>Figure 4</figure>
        <details>
            <author>Haiyan Miao and Yan Liu</author>
            <journal>Fuel</journal>
            <month>apr</month>
            <pages>208--215</pages>
            <publisher>Elsevier {BV}</publisher>
            <title>Measuring the laminar burning velocity and Markstein length of premixed methane/nitrogen/air mixtures with the consideration of nonlinear stretch effects</title>
            <volume>121</volume>
            <year>2014</year>
        </details>
    </bibliographyLink>
    <experimentType>laminar burning velocity measurement</experimentType>
    <apparatus>
        <kind>flame</kind>
        <mode>premixed</mode>
        <mode>laminar</mode>
    </apparatus>
    <commonProperties>
        <property name="pressure"     label="P"  sourcetype="estimated"  units="atm" ><value>1</value></property>
        <property name="temperature"  label="T"  sourcetype="estimated"  units="K"   ><value>298</value></property>
    </commonProperties>
    <dataGroup id="dg1">
        <property name="laminar burning velocity"      id="x1"   label="Sl"     sourcetype="digitized"  units="cm/s"          />
        <property name="composition"                   id="x2"   label="[CH4]"  sourcetype="digitized"  units="mole fraction" >
            <speciesLink preferredKey="CH4"  CAS="74-82-8"    InChI="1S/CH4/h1H4"  SMILES="C"    chemName="methane"  />
        </property>
        <property name="composition"                   id="x3"   label="[O2]"   sourcetype="digitized"  units="mole fraction" >
            <speciesLink preferredKey="O2"   CAS="7782-44-7"  InChI="1S/O2/c1-2"   SMILES="O=O"  chemName="oxygen"   />
        </property>
        <property name="composition"                   id="x4"   label="[N2]"   sourcetype="digitized"  units="mole fraction" >
            <speciesLink preferredKey="N2"   CAS="7727-37-9"  InChI="1S/N2/c1-2"   SMILES="N#N"  chemName="nitrogen" />
        </property>
        <property name="evaluated standard deviation"  id="x5"   sourcetype="estimated"  units="cm/s"           reference="laminar burning velocity"  kind="absolute"  method="combined from scatter and estimated uncertainty" />

        <dataPoint><x1>7.038040e+000</x1><x2>5.757586e-002</x2><x3>1.917661e-001</x3><x4>7.506580e-001</x4> <x5>1.1346111286269</x5></dataPoint>
        <dataPoint><x1>2.232490e+001</x1><x2>7.422880e-002</x2><x3>1.858787e-001</x3><x4>7.398925e-001</x4><x5>1.55225973845391</x5></dataPoint>
        <dataPoint><x1>2.807185e+001</x1><x2>9.003989e-002</x2><x3>1.802889e-001</x3><x4>7.296712e-001</x4><x5>1.77019188272239</x5></dataPoint>
        <dataPoint><x1>2.831175e+001</x1><x2>9.757255e-002</x2><x3>1.776259e-001</x3><x4>7.248016e-001</x4><x5>1.77971777699619</x5></dataPoint>
        <dataPoint><x1>2.237057e+001</x1><x2>1.048866e-001</x2><x3>1.750401e-001</x3><x4>7.200733e-001</x4><x5>1.55390263559602</x5></dataPoint>
    </dataGroup>
</experiment>
