<experiment>
    <fileAuthor>Chemical Kinetics Laboratory, Institute of Chemistry, ELTE, Budapest, Hungary</fileAuthor>
    <fileDOI>10.24388/x20004119</fileDOI>
    <fileVersion>
        <major>1</major>
        <minor>0</minor>
    </fileVersion>
    <ReSpecThVersion>
        <major>2</major>
        <minor>3</minor>
    </ReSpecThVersion>
    <firstPublicationDate>2021-10-29</firstPublicationDate>
    <lastModificationDate>2021-10-29</lastModificationDate>
    <bibliographyLink>
        <description>F. COPPENS, J. DERUYCK, A. KONNOV, Combustion and Flame 149 (2007), 409--417</description>
        <referenceDOI>10.1016/j.combustflame.2007.02.004</referenceDOI>
        <location>Main article, Fig. 5, open diamond</location>
        <figure>Figure 5</figure>
        <details>
            <author>F COPPENS and J DERUYCK and A KONNOV</author>
            <journal>Combustion and Flame</journal>
            <month>jun</month>
            <number>4</number>
            <pages>409--417</pages>
            <publisher>Elsevier {BV}</publisher>
            <title>The effects of composition on burning velocity and nitric oxide formation in laminar premixed flames of {CH}4 $\mathplus$ H2 $\mathplus$ O2 $\mathplus$ N2</title>
            <volume>149</volume>
            <year>2007</year>
        </details>
    </bibliographyLink>
    <experimentType>laminar burning velocity measurement</experimentType>
    <apparatus>
        <kind>flame</kind>
        <mode>premixed</mode>
        <mode>laminar</mode>
    </apparatus>
    <commonProperties>
        <property name="pressure"                      label="P"  sourcetype="reported"   units="atm"  ><value>1</value></property>
        <property name="temperature"                   label="T"  sourcetype="reported"   units="K"    ><value>298</value></property>
        <property name="evaluated standard deviation"  sourcetype="estimated"  units="cm/s"  reference="laminar burning velocity"  kind="absolute"  method="generic uncertainty" ><value>0.5</value></property>
    </commonProperties>
    <dataGroup id="dg1">
        <property name="laminar burning velocity"  id="x1"   label="Sl"     sourcetype="digitized"  units="cm/s"          />
        <property name="composition"               id="x2"   label="[CH4]"  sourcetype="digitized"  units="mole fraction" >
            <speciesLink preferredKey="CH4"  CAS="74-82-8"    InChI="1S/CH4/h1H4"  SMILES="C"     chemName="methane"  />
        </property>
        <property name="composition"               id="x3"   label="[O2]"   sourcetype="digitized"  units="mole fraction" >
            <speciesLink preferredKey="O2"   CAS="7782-44-7"  InChI="1S/O2/c1-2"   SMILES="O=O"   chemName="oxygen"   />
        </property>
        <property name="composition"               id="x4"   label="[N2]"   sourcetype="digitized"  units="mole fraction" >
            <speciesLink preferredKey="N2"   CAS="7727-37-9"  InChI="1S/N2/c1-2"   SMILES="N#N"   chemName="nitrogen" />
        </property>
        <property name="composition"               id="x5"   label="[H2]"   sourcetype="digitized"  units="mole fraction" >
            <speciesLink preferredKey="H2"   CAS="1333-74-0"  InChI="1S/H2/h1H"    SMILES="[HH]"  chemName="hydrogen" />
        </property>

        <dataPoint><x1>1.847717e+001</x1><x2>6.060460e-002</x2><x3>1.746468e-001</x3><x4>7.445470e-001</x4><x5>2.020153e-002</x5></dataPoint>
        <dataPoint><x1>2.198946e+001</x1><x2>6.426451e-002</x2><x3>1.737197e-001</x3><x4>7.405943e-001</x4><x5>2.142150e-002</x5></dataPoint>
        <dataPoint><x1>2.563974e+001</x1><x2>6.788505e-002</x2><x3>1.728025e-001</x3><x4>7.366842e-001</x4><x5>2.262835e-002</x5></dataPoint>
        <dataPoint><x1>2.896387e+001</x1><x2>7.156730e-002</x2><x3>1.718696e-001</x3><x4>7.327073e-001</x4><x5>2.385577e-002</x5></dataPoint>
        <dataPoint><x1>3.125941e+001</x1><x2>7.502611e-002</x2><x3>1.709934e-001</x3><x4>7.289718e-001</x4><x5>2.500870e-002</x5></dataPoint>
        <dataPoint><x1>3.321626e+001</x1><x2>7.846881e-002</x2><x3>1.701212e-001</x3><x4>7.252537e-001</x4><x5>2.615627e-002</x5></dataPoint>
        <dataPoint><x1>3.457100e+001</x1><x2>8.196007e-002</x2><x3>1.692368e-001</x3><x4>7.214831e-001</x4><x5>2.732002e-002</x5></dataPoint>
        <dataPoint><x1>3.457100e+001</x1><x2>8.542761e-002</x2><x3>1.683583e-001</x3><x4>7.177382e-001</x4><x5>2.847587e-002</x5></dataPoint>
        <dataPoint><x1>3.363021e+001</x1><x2>8.878914e-002</x2><x3>1.675068e-001</x3><x4>7.141077e-001</x4><x5>2.959638e-002</x5></dataPoint>
        <dataPoint><x1>3.105871e+001</x1><x2>9.220657e-002</x2><x3>1.666410e-001</x3><x4>7.104169e-001</x4><x5>3.073552e-002</x5></dataPoint>
        <dataPoint><x1>2.760913e+001</x1><x2>9.559686e-002</x2><x3>1.657821e-001</x3><x4>7.067554e-001</x4><x5>3.186562e-002</x5></dataPoint>
        <dataPoint><x1>2.374561e+001</x1><x2>9.897023e-002</x2><x3>1.649275e-001</x3><x4>7.031122e-001</x4><x5>3.299008e-002</x5></dataPoint>
        <dataPoint><x1>1.915454e+001</x1><x2>1.022998e-001</x2><x3>1.640840e-001</x3><x4>6.995162e-001</x4><x5>3.409995e-002</x5></dataPoint>
        <dataPoint><x1>1.610637e+001</x1><x2>1.054952e-001</x2><x3>1.632745e-001</x3><x4>6.960652e-001</x4><x5>3.516507e-002</x5></dataPoint>
        <dataPoint><x1>1.319619e+001</x1><x2>1.086733e-001</x2><x3>1.624694e-001</x3><x4>6.926328e-001</x4><x5>3.622443e-002</x5></dataPoint>
    </dataGroup>
</experiment>
