<experiment>
    <fileAuthor>Chemical Kinetics Laboratory, Institute of Chemistry, ELTE, Budapest, Hungary</fileAuthor>
    <fileDOI>10.24388/x20004285</fileDOI>
    <fileVersion>
        <major>1</major>
        <minor>0</minor>
    </fileVersion>
    <ReSpecThVersion>
        <major>2</major>
        <minor>3</minor>
    </ReSpecThVersion>
    <firstPublicationDate>2021-10-29</firstPublicationDate>
    <lastModificationDate>2021-10-29</lastModificationDate>
    <bibliographyLink>
        <description>M. Akram, P. Saxena, S. Kumar, Energy Fuels 27 (2013), 3460--3466</description>
        <referenceDOI>10.1021/ef4009218</referenceDOI>
        <location>Main article, Fig. 3, full circle</location>
        <figure>Figure 3</figure>
        <details>
            <author>Mohammad Akram and Priyank Saxena and Sudarshan Kumar</author>
            <journal>Energy Fuels</journal>
            <month>jun</month>
            <number>6</number>
            <pages>3460--3466</pages>
            <publisher>American Chemical Society ({ACS})</publisher>
            <title>Laminar Burning Velocity of Methane{\textendash}Air Mixtures at Elevated Temperatures</title>
            <volume>27</volume>
            <year>2013</year>
        </details>
    </bibliographyLink>
    <experimentType>laminar burning velocity measurement</experimentType>
    <apparatus>
        <kind>flame</kind>
        <mode>premixed</mode>
        <mode>laminar</mode>
    </apparatus>
    <commonProperties>
        <property name="pressure"             label="P"  sourcetype="reported"    units="atm"           ><value>1</value></property>
        <property name="initial composition"  sourcetype="calculated" >
            <component><speciesLink preferredKey="CH4"  CAS="74-82-8"    InChI="1S/CH4/h1H4"  SMILES="C"    chemName="methane"  /><amount units="mole fraction" >0.095890</amount></component>
            <component><speciesLink preferredKey="O2"   CAS="7782-44-7"  InChI="1S/O2/c1-2"   SMILES="O=O"  chemName="oxygen"   /><amount units="mole fraction" >0.19178</amount></component>
            <component><speciesLink preferredKey="N2"   CAS="7727-37-9"  InChI="1S/N2/c1-2"   SMILES="N#N"  chemName="nitrogen" /><amount units="mole fraction" >0.71233</amount></component>
        </property>
    </commonProperties>
    <dataGroup id="dg1">
        <property name="temperature"                   id="x1"   label="T"   sourcetype="digitized"  units="K"    />
        <property name="laminar burning velocity"      id="x2"   label="Sl"  sourcetype="digitized"  units="m/s"  />
        <property name="evaluated standard deviation"  id="x3"   sourcetype="estimated"  units="cm/s"  reference="laminar burning velocity"  kind="absolute"  method="combined from scatter and reported uncertainty" />

        <dataPoint><x1>3.719130e+002</x1><x2>4.837800e-001</x2><x3>3.30893428506823</x3></dataPoint>
        <dataPoint><x1>3.811680e+002</x1><x2>5.026500e-001</x2><x3>3.32646707349178</x3></dataPoint>
        <dataPoint><x1>3.866460e+002</x1><x2>5.489500e-001</x2><x3>3.37189708339756</x3></dataPoint>
        <dataPoint><x1>4.282710e+002</x1><x2>6.224900e-001</x2><x3>3.45081338977132</x3></dataPoint>
        <dataPoint><x1>4.442640e+002</x1><x2>6.413200e-001</x2><x3>3.47229717771967</x3></dataPoint>
        <dataPoint><x1>4.484820e+002</x1><x2>6.813300e-001</x2><x3>3.51960123537099</x3></dataPoint>
        <dataPoint><x1>4.493010e+002</x1><x2>7.087500e-001</x2><x3>3.55328268169379</x3></dataPoint>
        <dataPoint><x1>4.530810e+002</x1><x2>7.213400e-001</x2><x3>3.56908223818113</x3></dataPoint>
        <dataPoint><x1>4.728540e+002</x1><x2>7.760800e-001</x2><x3>3.64014461806121</x3></dataPoint>
        <dataPoint><x1>5.044020e+002</x1><x2>8.285600e-001</x2><x3>3.71173473734317</x3></dataPoint>
        <dataPoint><x1>5.212140e+002</x1><x2>9.019100e-001</x2><x3>3.81710454415713</x3></dataPoint>
        <dataPoint><x1>5.258100e+002</x1><x2>8.388500e-001</x2><x3>3.72615217966537</x3></dataPoint>
        <dataPoint><x1>5.300310e+002</x1><x2>9.103800e-001</x2><x3>3.82965079385836</x3></dataPoint>
        <dataPoint><x1>5.401680e+002</x1><x2>9.336500e-001</x2><x3>3.86450725397495</x3></dataPoint>
        <dataPoint><x1>5.666160e+002</x1><x2>9.417000e-001</x2><x3>3.87669574030514</x3></dataPoint>
        <dataPoint><x1>5.700150e+002</x1><x2>9.416900e-001</x2><x3>3.87668055829017</x3></dataPoint>
        <dataPoint><x1>5.880870e+002</x1><x2>1.011250e+000</x2><x3>3.98468227290772</x3></dataPoint>
        <dataPoint><x1>5.897880e+002</x1><x2>1.034250e+000</x2><x3>4.02140938490786</x3></dataPoint>
        <dataPoint><x1>5.948250e+002</x1><x2>1.019730e+000</x2><x3>3.99816642425312</x3></dataPoint>
        <dataPoint><x1>5.989830e+002</x1><x2>1.101660e+000</x2><x3>4.13178157976677</x3></dataPoint>
        <dataPoint><x1>6.044610e+002</x1><x2>1.129050e+000</x2> <x3>4.1777372692673</x3></dataPoint>
        <dataPoint><x1>6.116400e+002</x1><x2>1.137530e+000</x2><x3>4.19208986437851</x3></dataPoint>
    </dataGroup>
</experiment>
