<experiment>
    <fileAuthor>Chemical Kinetics Laboratory, Institute of Chemistry, ELTE, Budapest, Hungary</fileAuthor>
    <fileDOI>10.24388/x20004120</fileDOI>
    <fileVersion>
        <major>1</major>
        <minor>0</minor>
    </fileVersion>
    <ReSpecThVersion>
        <major>2</major>
        <minor>3</minor>
    </ReSpecThVersion>
    <firstPublicationDate>2021-10-29</firstPublicationDate>
    <lastModificationDate>2021-10-29</lastModificationDate>
    <bibliographyLink>
        <description>F. COPPENS, J. DERUYCK, A. KONNOV, Combustion and Flame 149 (2007), 409--417</description>
        <referenceDOI>10.1016/j.combustflame.2007.02.004</referenceDOI>
        <location>Main article, Fig. 5, open square</location>
        <figure>Figure 5</figure>
        <details>
            <author>F COPPENS and J DERUYCK and A KONNOV</author>
            <journal>Combustion and Flame</journal>
            <month>jun</month>
            <number>4</number>
            <pages>409--417</pages>
            <publisher>Elsevier {BV}</publisher>
            <title>The effects of composition on burning velocity and nitric oxide formation in laminar premixed flames of {CH}4 $\mathplus$ H2 $\mathplus$ O2 $\mathplus$ N2</title>
            <volume>149</volume>
            <year>2007</year>
        </details>
    </bibliographyLink>
    <experimentType>laminar burning velocity measurement</experimentType>
    <apparatus>
        <kind>flame</kind>
        <mode>premixed</mode>
        <mode>laminar</mode>
    </apparatus>
    <commonProperties>
        <property name="pressure"                      label="P"  sourcetype="reported"   units="atm"  ><value>1</value></property>
        <property name="temperature"                   label="T"  sourcetype="reported"   units="K"    ><value>298</value></property>
        <property name="evaluated standard deviation"  sourcetype="estimated"  units="cm/s"  reference="laminar burning velocity"  kind="absolute"  method="combined from scatter and reported uncertainty" ><value>0.646709118194571</value></property>
    </commonProperties>
    <dataGroup id="dg1">
        <property name="laminar burning velocity"  id="x1"   label="Sl"     sourcetype="digitized"  units="cm/s"          />
        <property name="composition"               id="x2"   label="[CH4]"  sourcetype="digitized"  units="mole fraction" >
            <speciesLink preferredKey="CH4"  CAS="74-82-8"    InChI="1S/CH4/h1H4"  SMILES="C"     chemName="methane"  />
        </property>
        <property name="composition"               id="x3"   label="[O2]"   sourcetype="digitized"  units="mole fraction" >
            <speciesLink preferredKey="O2"   CAS="7782-44-7"  InChI="1S/O2/c1-2"   SMILES="O=O"   chemName="oxygen"   />
        </property>
        <property name="composition"               id="x4"   label="[N2]"   sourcetype="digitized"  units="mole fraction" >
            <speciesLink preferredKey="N2"   CAS="7727-37-9"  InChI="1S/N2/c1-2"   SMILES="N#N"   chemName="nitrogen" />
        </property>
        <property name="composition"               id="x5"   label="[H2]"   sourcetype="digitized"  units="mole fraction" >
            <speciesLink preferredKey="H2"   CAS="1333-74-0"  InChI="1S/H2/h1H"    SMILES="[HH]"  chemName="hydrogen" />
        </property>

        <dataPoint><x1>1.508078e+001</x1><x2>5.749654e-002</x2><x3>1.662008e-001</x3><x4>7.571371e-001</x4><x5>1.916551e-002</x5></dataPoint>
        <dataPoint><x1>1.805318e+001</x1><x2>6.111523e-002</x2><x3>1.653323e-001</x3><x4>7.531807e-001</x4><x5>2.037174e-002</x5></dataPoint>
        <dataPoint><x1>2.116330e+001</x1><x2>6.460126e-002</x2><x3>1.644957e-001</x3><x4>7.493693e-001</x4><x5>2.153375e-002</x5></dataPoint>
        <dataPoint><x1>2.401033e+001</x1><x2>6.805356e-002</x2><x3>1.636671e-001</x3><x4>7.455948e-001</x4><x5>2.268452e-002</x5></dataPoint>
        <dataPoint><x1>2.658174e+001</x1><x2>7.147261e-002</x2><x3>1.628466e-001</x3><x4>7.418566e-001</x4><x5>2.382420e-002</x5></dataPoint>
        <dataPoint><x1>2.861446e+001</x1><x2>7.487573e-002</x2><x3>1.620298e-001</x3><x4>7.381359e-001</x4><x5>2.495858e-002</x5></dataPoint>
        <dataPoint><x1>2.955713e+001</x1><x2>7.814356e-002</x2><x3>1.612455e-001</x3><x4>7.345630e-001</x4><x5>2.604785e-002</x5></dataPoint>
        <dataPoint><x1>3.017408e+001</x1><x2>8.139708e-002</x2><x3>1.604647e-001</x3><x4>7.310059e-001</x4><x5>2.713236e-002</x5></dataPoint>
        <dataPoint><x1>2.936290e+001</x1><x2>8.469965e-002</x2><x3>1.596721e-001</x3><x4>7.273950e-001</x4><x5>2.823322e-002</x5></dataPoint>
        <dataPoint><x1>2.741159e+001</x1><x2>8.790179e-002</x2><x3>1.589036e-001</x3><x4>7.238940e-001</x4><x5>2.930060e-002</x5></dataPoint>
        <dataPoint><x1>2.437032e+001</x1><x2>9.107838e-002</x2><x3>1.581412e-001</x3><x4>7.204210e-001</x4><x5>3.035946e-002</x5></dataPoint>
        <dataPoint><x1>2.045224e+001</x1><x2>9.437322e-002</x2><x3>1.573504e-001</x3><x4>7.168186e-001</x4><x5>3.145774e-002</x5></dataPoint>
        <dataPoint><x1>1.680969e+001</x1><x2>9.756235e-002</x2><x3>1.565850e-001</x3><x4>7.133318e-001</x4><x5>3.252079e-002</x5></dataPoint>
    </dataGroup>
</experiment>
