<experiment>
    <fileAuthor>Chemical Kinetics Laboratory, Institute of Chemistry, ELTE, Budapest, Hungary</fileAuthor>
    <fileDOI>10.24388/x20004363</fileDOI>
    <fileVersion>
        <major>1</major>
        <minor>0</minor>
    </fileVersion>
    <ReSpecThVersion>
        <major>2</major>
        <minor>3</minor>
    </ReSpecThVersion>
    <firstPublicationDate>2021-10-29</firstPublicationDate>
    <lastModificationDate>2021-10-29</lastModificationDate>
    <bibliographyLink>
        <description>B. Galmiche, F. Halter, F. Foucher, P. Dagaut, Energy Fuels 25 (2011), 948--954</description>
        <referenceDOI>10.1021/ef101482d</referenceDOI>
        <location>Main article</location>
        <figure>Fig.8., open star</figure>
        <details>
            <author>B. Galmiche and F. Halter and F. Foucher and P. Dagaut</author>
            <journal>Energy Fuels</journal>
            <month>mar</month>
            <number>3</number>
            <pages>948--954</pages>
            <publisher>American Chemical Society ({ACS})</publisher>
            <title>Effects of Dilution on Laminar Burning Velocity of Premixed Methane/Air Flames</title>
            <volume>25</volume>
            <year>2011</year>
        </details>
    </bibliographyLink>
    <experimentType>laminar burning velocity measurement</experimentType>
    <apparatus>
        <kind>flame</kind>
        <mode>premixed</mode>
        <mode>laminar</mode>
    </apparatus>
    <commonProperties>
        <property name="pressure"     label="P"  sourcetype="reported"  units="Pa" ><value>1e+005</value></property>
        <property name="temperature"  label="T"  sourcetype="reported"  units="K"  ><value>393</value></property>
    </commonProperties>
    <dataGroup id="dg1">
        <property name="laminar burning velocity"      id="x1"   label="Sl"     sourcetype="digitized"   units="cm/s"          />
        <property name="composition"                   id="x2"   label="[CH4]"  sourcetype="calculated"  units="mole fraction" >
            <speciesLink preferredKey="CH4"  CAS="74-82-8"    InChI="1S/CH4/h1H4"  SMILES="C"     chemName="methane"  />
        </property>
        <property name="composition"                   id="x3"   label="[O2]"   sourcetype="calculated"  units="mole fraction" >
            <speciesLink preferredKey="O2"   CAS="7782-44-7"  InChI="1S/O2/c1-2"   SMILES="O=O"   chemName="oxygen"   />
        </property>
        <property name="composition"                   id="x4"   label="[N2]"   sourcetype="calculated"  units="mole fraction" >
            <speciesLink preferredKey="N2"   CAS="7727-37-9"  InChI="1S/N2/c1-2"   SMILES="N#N"   chemName="nitrogen" />
        </property>
        <property name="composition"                   id="x5"   label="[He]"   sourcetype="calculated"  units="mole fraction" >
            <speciesLink preferredKey="He"   CAS="7440-59-7"  InChI="1S/He"        SMILES="[He]"  chemName="helium"   />
        </property>
        <property name="evaluated standard deviation"  id="x6"   sourcetype="estimated"   units="cm/s"           reference="laminar burning velocity"  kind="absolute"  method="combined from scatter and reported uncertainty" />

        <dataPoint><x1>5.637187e+001</x1><x2>9.502262e-002</x2><x3>1.900452e-001</x3><x4>7.149321e-001</x4><x5>0.000000e+000</x5> <x6>1.49879984052593</x6></dataPoint>
        <dataPoint><x1>5.349494e+001</x1><x2>9.028183e-002</x2><x3>1.805637e-001</x3><x4>6.792633e-001</x4><x5>4.989120e-002</x5> <x6>1.43138098034809</x6></dataPoint>
        <dataPoint><x1>4.922749e+001</x1><x2>8.554103e-002</x2><x3>1.710821e-001</x3><x4>6.435944e-001</x4><x5>9.978250e-002</x5> <x6>1.33224424926984</x6></dataPoint>
        <dataPoint><x1>4.516782e+001</x1><x2>8.075889e-002</x2><x3>1.615178e-001</x3><x4>6.076145e-001</x4><x5>1.501088e-001</x5> <x6>1.23909891034584</x6></dataPoint>
        <dataPoint><x1>4.090037e+001</x1><x2>7.606633e-002</x2><x3>1.521327e-001</x3><x4>5.723086e-001</x4><x5>1.994924e-001</x5> <x6>1.14271991263632</x6></dataPoint>
        <dataPoint><x1>3.608950e+001</x1><x2>7.127731e-002</x2><x3>1.425546e-001</x3><x4>5.362769e-001</x4><x5>2.498912e-001</x5> <x6>1.03649222804913</x6></dataPoint>
        <dataPoint><x1>3.246137e+001</x1><x2>6.653650e-002</x2><x3>1.330730e-001</x3><x4>5.006080e-001</x4><x5>2.997825e-001</x5><x6>0.958577837905228</x6></dataPoint>
    </dataGroup>
</experiment>
