<experiment>
    <fileAuthor>Chemical Kinetics Laboratory, Institute of Chemistry, ELTE, Budapest, Hungary</fileAuthor>
    <fileDOI>10.24388/x20004661</fileDOI>
    <fileVersion>
        <major>1</major>
        <minor>0</minor>
    </fileVersion>
    <ReSpecThVersion>
        <major>2</major>
        <minor>3</minor>
    </ReSpecThVersion>
    <firstPublicationDate>2021-10-29</firstPublicationDate>
    <lastModificationDate>2021-10-29</lastModificationDate>
    <bibliographyLink>
        <description>Y. Wang, A. Movaghar, Z. Wang, Z. Liu, W. Sun, F.N. Egolfopoulos, Z. Chen, Combustion and Flame 218 (2020), 101--108</description>
        <referenceDOI>10.1016/j.combustflame.2020.05.004</referenceDOI>
        <location>Main Article + Supplementary</location>
        <figure>Fig. 6 (b)</figure>
        <details>
            <author>Yiqing Wang and Ashkan Movaghar and Ziyu Wang and Zefang Liu and Wenting Sun and Fokion N. Egolfopoulos and Zheng Chen</author>
            <journal>Combustion and Flame</journal>
            <month>aug</month>
            <pages>101--108</pages>
            <publisher>Elsevier {BV}</publisher>
            <title>Laminar flame speeds of methane/air mixtures at engine conditions: Performance of different kinetic models and power-law correlations</title>
            <volume>218</volume>
            <year>2020</year>
        </details>
    </bibliographyLink>
    <experimentType>laminar burning velocity measurement</experimentType>
    <apparatus>
        <kind>flame</kind>
        <mode>premixed</mode>
        <mode>laminar</mode>
        <mode>OPF</mode>
    </apparatus>
    <commonProperties>
        <property name="initial composition"           sourcetype="reported"  >
            <component><speciesLink preferredKey="CH4"  CAS="74-82-8"    InChI="1S/CH4/h1H4"  SMILES="C"     chemName="methane"  /><amount units="mole fraction" >0.066050</amount></component>
            <component><speciesLink preferredKey="O2"   CAS="7782-44-7"  InChI="1S/O2/c1-2"   SMILES="O=O"   chemName="oxygen"   /><amount units="mole fraction" >0.132100</amount></component>
            <component><speciesLink preferredKey="N2"   CAS="7727-37-9"  InChI="1S/N2/c1-2"   SMILES="N#N"   chemName="nitrogen" /><amount units="mole fraction" >0.080185</amount></component>
            <component><speciesLink preferredKey="He"   CAS="7440-59-7"  InChI="1S/He"        SMILES="[He]"  chemName="helium"   /><amount units="mole fraction" >0.721664</amount></component>
        </property>
        <property name="evaluated standard deviation"  sourcetype="estimated"  units="cm/s"           reference="laminar burning velocity"  kind="absolute"  method="combined from scatter and reported uncertainty" ><value>3.69312465943325</value></property>
    </commonProperties>
    <dataGroup id="dg1">
        <property name="pressure"                  id="x1"   label="p"     sourcetype="digitized"  units="atm"  />
        <property name="temperature"               id="x2"   label="T"     sourcetype="estimated"  units="K"    />
        <property name="laminar burning velocity"  id="x3"   label="Sl"    sourcetype="digitized"  units="cm/s" />
        <property name="uncertainty"               id="x4"   label="d_Sl"  sourcetype="estimated"  units="cm/s"  reference="laminar burning velocity"  kind="absolute"  bound="plusminus" />

        <dataPoint><x1>15.48</x1><x2>585.2</x2> <x3>79.01</x3><x4>3.69</x4></dataPoint>
        <dataPoint><x1>15.61</x1><x2>586.8</x2> <x3>79.27</x3><x4>3.69</x4></dataPoint>
        <dataPoint><x1>15.67</x1><x2>587.6</x2> <x3>79.54</x3><x4>3.69</x4></dataPoint>
        <dataPoint><x1>15.77</x1><x2>588.9</x2> <x3>79.67</x3><x4>3.69</x4></dataPoint>
        <dataPoint><x1>15.88</x1><x2>590.2</x2> <x3>79.93</x3><x4>3.69</x4></dataPoint>
        <dataPoint><x1>16.00</x1><x2>591.8</x2> <x3>80.20</x3><x4>3.69</x4></dataPoint>
        <dataPoint><x1>16.13</x1><x2>593.4</x2> <x3>80.46</x3><x4>3.69</x4></dataPoint>
        <dataPoint><x1>16.25</x1><x2>594.9</x2> <x3>80.59</x3><x4>3.69</x4></dataPoint>
        <dataPoint><x1>16.38</x1><x2>596.4</x2> <x3>80.86</x3><x4>3.69</x4></dataPoint>
        <dataPoint><x1>16.48</x1><x2>597.7</x2> <x3>81.12</x3><x4>3.69</x4></dataPoint>
        <dataPoint><x1>16.59</x1><x2>599.0</x2> <x3>81.25</x3><x4>3.69</x4></dataPoint>
        <dataPoint><x1>16.71</x1><x2>600.5</x2> <x3>81.52</x3><x4>3.69</x4></dataPoint>
        <dataPoint><x1>16.84</x1><x2>602.0</x2> <x3>81.65</x3><x4>3.69</x4></dataPoint>
        <dataPoint><x1>16.98</x1><x2>603.7</x2> <x3>81.91</x3><x4>3.69</x4></dataPoint>
        <dataPoint><x1>17.07</x1><x2>604.7</x2> <x3>82.18</x3><x4>3.69</x4></dataPoint>
        <dataPoint><x1>17.21</x1><x2>606.4</x2> <x3>82.44</x3><x4>3.69</x4></dataPoint>
        <dataPoint><x1>17.34</x1><x2>607.9</x2> <x3>82.70</x3><x4>3.69</x4></dataPoint>
        <dataPoint><x1>17.47</x1><x2>609.3</x2> <x3>82.97</x3><x4>3.69</x4></dataPoint>
        <dataPoint><x1>17.61</x1><x2>611.0</x2> <x3>83.23</x3><x4>3.69</x4></dataPoint>
        <dataPoint><x1>17.78</x1><x2>612.9</x2> <x3>83.49</x3><x4>3.69</x4></dataPoint>
        <dataPoint><x1>17.90</x1><x2>614.4</x2> <x3>83.76</x3><x4>3.69</x4></dataPoint>
        <dataPoint><x1>18.03</x1><x2>615.8</x2> <x3>84.02</x3><x4>3.69</x4></dataPoint>
        <dataPoint><x1>18.18</x1><x2>617.4</x2> <x3>84.42</x3><x4>3.69</x4></dataPoint>
        <dataPoint><x1>18.32</x1><x2>619.1</x2> <x3>84.55</x3><x4>3.69</x4></dataPoint>
        <dataPoint><x1>18.45</x1><x2>620.4</x2> <x3>84.81</x3><x4>3.69</x4></dataPoint>
        <dataPoint><x1>18.59</x1><x2>622.1</x2> <x3>85.08</x3><x4>3.69</x4></dataPoint>
        <dataPoint><x1>18.74</x1><x2>623.7</x2> <x3>85.34</x3><x4>3.69</x4></dataPoint>
        <dataPoint><x1>18.89</x1><x2>625.2</x2> <x3>85.60</x3><x4>3.69</x4></dataPoint>
        <dataPoint><x1>19.03</x1><x2>626.8</x2> <x3>85.87</x3><x4>3.69</x4></dataPoint>
        <dataPoint><x1>19.18</x1><x2>628.4</x2> <x3>86.13</x3><x4>3.69</x4></dataPoint>
        <dataPoint><x1>19.32</x1><x2>629.9</x2> <x3>86.40</x3><x4>3.69</x4></dataPoint>
        <dataPoint><x1>19.47</x1><x2>631.5</x2> <x3>86.66</x3><x4>3.69</x4></dataPoint>
        <dataPoint><x1>19.62</x1><x2>633.0</x2> <x3>86.92</x3><x4>3.69</x4></dataPoint>
        <dataPoint><x1>19.76</x1><x2>634.5</x2> <x3>87.32</x3><x4>3.69</x4></dataPoint>
        <dataPoint><x1>19.93</x1><x2>636.3</x2> <x3>87.58</x3><x4>3.69</x4></dataPoint>
        <dataPoint><x1>20.10</x1><x2>638.0</x2> <x3>87.85</x3><x4>3.69</x4></dataPoint>
        <dataPoint><x1>20.24</x1><x2>639.5</x2> <x3>88.11</x3><x4>3.69</x4></dataPoint>
        <dataPoint><x1>20.41</x1><x2>641.2</x2> <x3>88.51</x3><x4>3.69</x4></dataPoint>
        <dataPoint><x1>20.58</x1><x2>642.9</x2> <x3>88.90</x3><x4>3.69</x4></dataPoint>
        <dataPoint><x1>20.72</x1><x2>644.3</x2> <x3>89.16</x3><x4>3.69</x4></dataPoint>
        <dataPoint><x1>20.89</x1><x2>646.0</x2> <x3>89.69</x3><x4>3.69</x4></dataPoint>
        <dataPoint><x1>21.08</x1><x2>647.9</x2> <x3>89.96</x3><x4>3.69</x4></dataPoint>
        <dataPoint><x1>21.23</x1><x2>649.3</x2> <x3>90.22</x3><x4>3.69</x4></dataPoint>
        <dataPoint><x1>21.41</x1><x2>651.1</x2> <x3>90.48</x3><x4>3.69</x4></dataPoint>
        <dataPoint><x1>21.58</x1><x2>652.8</x2> <x3>90.75</x3><x4>3.69</x4></dataPoint>
        <dataPoint><x1>21.77</x1><x2>654.6</x2> <x3>91.01</x3><x4>3.69</x4></dataPoint>
        <dataPoint><x1>21.92</x1><x2>656.0</x2> <x3>91.41</x3><x4>3.69</x4></dataPoint>
        <dataPoint><x1>22.10</x1><x2>657.8</x2> <x3>91.67</x3><x4>3.69</x4></dataPoint>
        <dataPoint><x1>22.29</x1><x2>659.5</x2> <x3>91.93</x3><x4>3.69</x4></dataPoint>
        <dataPoint><x1>22.48</x1><x2>661.3</x2> <x3>92.33</x3><x4>3.69</x4></dataPoint>
        <dataPoint><x1>22.67</x1><x2>663.1</x2> <x3>92.59</x3><x4>3.69</x4></dataPoint>
        <dataPoint><x1>22.86</x1><x2>664.8</x2> <x3>92.86</x3><x4>3.69</x4></dataPoint>
        <dataPoint><x1>23.04</x1><x2>666.5</x2> <x3>93.25</x3><x4>3.69</x4></dataPoint>
        <dataPoint><x1>23.23</x1><x2>668.3</x2> <x3>93.65</x3><x4>3.69</x4></dataPoint>
        <dataPoint><x1>23.40</x1><x2>669.8</x2> <x3>94.04</x3><x4>3.69</x4></dataPoint>
        <dataPoint><x1>23.61</x1><x2>671.7</x2> <x3>94.44</x3><x4>3.69</x4></dataPoint>
        <dataPoint><x1>23.82</x1><x2>673.5</x2> <x3>94.84</x3><x4>3.69</x4></dataPoint>
        <dataPoint><x1>24.00</x1><x2>675.2</x2> <x3>95.23</x3><x4>3.69</x4></dataPoint>
        <dataPoint><x1>24.21</x1><x2>677.1</x2> <x3>95.49</x3><x4>3.69</x4></dataPoint>
        <dataPoint><x1>24.42</x1><x2>678.9</x2> <x3>95.89</x3><x4>3.69</x4></dataPoint>
        <dataPoint><x1>24.63</x1><x2>680.8</x2> <x3>96.29</x3><x4>3.69</x4></dataPoint>
        <dataPoint><x1>24.84</x1><x2>682.6</x2> <x3>96.68</x3><x4>3.69</x4></dataPoint>
        <dataPoint><x1>25.05</x1><x2>684.4</x2> <x3>97.08</x3><x4>3.69</x4></dataPoint>
        <dataPoint><x1>25.26</x1><x2>686.2</x2> <x3>97.34</x3><x4>3.69</x4></dataPoint>
        <dataPoint><x1>25.49</x1><x2>688.2</x2> <x3>97.87</x3><x4>3.69</x4></dataPoint>
        <dataPoint><x1>25.70</x1><x2>690.0</x2> <x3>98.13</x3><x4>3.69</x4></dataPoint>
        <dataPoint><x1>25.93</x1><x2>692.0</x2> <x3>98.53</x3><x4>3.69</x4></dataPoint>
        <dataPoint><x1>26.14</x1><x2>693.8</x2> <x3>98.79</x3><x4>3.69</x4></dataPoint>
        <dataPoint><x1>26.39</x1><x2>695.9</x2> <x3>99.32</x3><x4>3.69</x4></dataPoint>
        <dataPoint><x1>26.62</x1><x2>697.8</x2> <x3>99.58</x3><x4>3.69</x4></dataPoint>
        <dataPoint><x1>26.85</x1><x2>699.8</x2><x3>100.11</x3><x4>3.69</x4></dataPoint>
        <dataPoint><x1>27.08</x1><x2>701.7</x2><x3>100.51</x3><x4>3.69</x4></dataPoint>
        <dataPoint><x1>27.31</x1><x2>703.6</x2><x3>100.90</x3><x4>3.69</x4></dataPoint>
        <dataPoint><x1>27.56</x1><x2>705.7</x2><x3>101.30</x3><x4>3.69</x4></dataPoint>
        <dataPoint><x1>27.81</x1><x2>707.8</x2><x3>101.69</x3><x4>3.69</x4></dataPoint>
        <dataPoint><x1>28.06</x1><x2>709.9</x2><x3>102.09</x3><x4>3.69</x4></dataPoint>
        <dataPoint><x1>28.29</x1><x2>711.8</x2><x3>102.62</x3><x4>3.69</x4></dataPoint>
        <dataPoint><x1>28.56</x1><x2>714.1</x2><x3>103.01</x3><x4>3.69</x4></dataPoint>
        <dataPoint><x1>28.83</x1><x2>716.3</x2><x3>103.41</x3><x4>3.69</x4></dataPoint>
        <dataPoint><x1>29.08</x1><x2>718.4</x2><x3>103.80</x3><x4>3.69</x4></dataPoint>
    </dataGroup>
</experiment>
