<experiment>
    <fileAuthor>Chemical Kinetics Laboratory, Institute of Chemistry, ELTE, Budapest, Hungary</fileAuthor>
    <fileDOI>10.24388/x20004169</fileDOI>
    <fileVersion>
        <major>1</major>
        <minor>0</minor>
    </fileVersion>
    <ReSpecThVersion>
        <major>2</major>
        <minor>3</minor>
    </ReSpecThVersion>
    <firstPublicationDate>2021-10-29</firstPublicationDate>
    <lastModificationDate>2021-10-29</lastModificationDate>
    <bibliographyLink>
        <description>V.R. Kishore, N. Duhan, M.R. Ravi, A. Ray, Experimental Thermal and Fluid Science 33 (2008), 10--16</description>
        <referenceDOI>10.1016/j.expthermflusci.2008.06.001</referenceDOI>
        <location>Main article, Fig. 8, open square</location>
        <figure>Figure 8</figure>
        <details>
            <author>V. Ratna Kishore and Nipun Duhan and M.R. Ravi and Anjan Ray</author>
            <journal>Experimental Thermal and Fluid Science</journal>
            <month>oct</month>
            <number>1</number>
            <pages>10--16</pages>
            <publisher>Elsevier {BV}</publisher>
            <title>Measurement of adiabatic burning velocity in natural gas-like mixtures</title>
            <volume>33</volume>
            <year>2008</year>
        </details>
    </bibliographyLink>
    <experimentType>laminar burning velocity measurement</experimentType>
    <apparatus>
        <kind>flame</kind>
        <mode>premixed</mode>
        <mode>laminar</mode>
    </apparatus>
    <commonProperties>
        <property name="pressure"                      label="P"  sourcetype="reported"   units="bar"  ><value>1</value></property>
        <property name="temperature"                   label="T"  sourcetype="reported"   units="K"    ><value>307</value></property>
        <property name="evaluated standard deviation"  sourcetype="estimated"  units="cm/s"  reference="laminar burning velocity"  kind="absolute"  method="combined from scatter and reported uncertainty" ><value>0.741092113120225</value></property>
    </commonProperties>
    <dataGroup id="dg1">
        <property name="laminar burning velocity"  id="x1"   label="Sl"     sourcetype="digitized"  units="cm/s"          />
        <property name="composition"               id="x2"   label="[CH4]"  sourcetype="digitized"  units="mole fraction" >
            <speciesLink preferredKey="CH4"  CAS="74-82-8"    InChI="1S/CH4/h1H4"  SMILES="C"    chemName="methane"  />
        </property>
        <property name="composition"               id="x3"   label="[O2]"   sourcetype="digitized"  units="mole fraction" >
            <speciesLink preferredKey="O2"   CAS="7782-44-7"  InChI="1S/O2/c1-2"   SMILES="O=O"  chemName="oxygen"   />
        </property>
        <property name="composition"               id="x4"   label="[N2]"   sourcetype="digitized"  units="mole fraction" >
            <speciesLink preferredKey="N2"   CAS="7727-37-9"  InChI="1S/N2/c1-2"   SMILES="N#N"  chemName="nitrogen" />
        </property>

        <dataPoint><x1>2.390602e+001</x1><x2>7.669326e-002</x2><x3>1.917859e-001</x3><x4>7.315209e-001</x4></dataPoint>
        <dataPoint><x1>2.923529e+001</x1><x2>8.527580e-002</x2><x3>1.895102e-001</x3><x4>7.252140e-001</x4></dataPoint>
        <dataPoint><x1>3.294953e+001</x1><x2>9.358926e-002</x2><x3>1.873059e-001</x3><x4>7.191049e-001</x4></dataPoint>
        <dataPoint><x1>3.430540e+001</x1><x2>1.017245e-001</x2><x3>1.851488e-001</x3><x4>7.131267e-001</x4></dataPoint>
        <dataPoint><x1>3.009651e+001</x1><x2>1.097376e-001</x2><x3>1.830241e-001</x3><x4>7.072383e-001</x4></dataPoint>
        <dataPoint><x1>2.474906e+001</x1><x2>1.175604e-001</x2><x3>1.809499e-001</x3><x4>7.014897e-001</x4></dataPoint>
    </dataGroup>
</experiment>
