<experiment>
    <fileAuthor>Chemical Kinetics Laboratory, Institute of Chemistry, ELTE, Budapest, Hungary</fileAuthor>
    <fileDOI>10.24388/x20004183</fileDOI>
    <fileVersion>
        <major>1</major>
        <minor>0</minor>
    </fileVersion>
    <ReSpecThVersion>
        <major>2</major>
        <minor>3</minor>
    </ReSpecThVersion>
    <firstPublicationDate>2021-10-29</firstPublicationDate>
    <lastModificationDate>2021-10-29</lastModificationDate>
    <bibliographyLink>
        <description>M. Elia, M. Ulinski, M. Metghalchi, Journal of Engineering for Gas Turbines and Power 123 (2000), 190--196</description>
        <referenceDOI>10.1115/1.1339984</referenceDOI>
        <location>Fig. 8 full diamond</location>
        <figure>Fig. 8</figure>
        <details>
            <author>M. Elia and M. Ulinski and M. Metghalchi</author>
            <journal>Journal of Engineering for Gas Turbines and Power</journal>
            <month>jun</month>
            <number>1</number>
            <pages>190--196</pages>
            <publisher>ASME} International</publisher>
            <title>Laminar Burning Velocity of Methane{\textendash}Air{\textendash}Diluent Mixtures</title>
            <volume>123</volume>
            <year>2000</year>
        </details>
    </bibliographyLink>
    <experimentType>laminar burning velocity measurement</experimentType>
    <apparatus>
        <kind>flame</kind>
        <mode>premixed</mode>
        <mode>laminar</mode>
    </apparatus>
    <commonProperties>
        <property name="pressure"             label="P"  sourcetype="calculated"  units="atm"           ><value>2</value></property>
        <property name="initial composition"  sourcetype="reported"   >
            <component><speciesLink preferredKey="CH4"  CAS="74-82-8"    InChI="1S/CH4/h1H4"  SMILES="C"    chemName="methane"  /><amount units="mole fraction" >0.095890</amount></component>
            <component><speciesLink preferredKey="O2"   CAS="7782-44-7"  InChI="1S/O2/c1-2"   SMILES="O=O"  chemName="oxygen"   /><amount units="mole fraction" >0.19178</amount></component>
            <component><speciesLink preferredKey="N2"   CAS="7727-37-9"  InChI="1S/N2/c1-2"   SMILES="N#N"  chemName="nitrogen" /><amount units="mole fraction" >0.71233</amount></component>
        </property>
    </commonProperties>
    <dataGroup id="dg1">
        <property name="temperature"                   id="x1"   label="T"   sourcetype="digitized"  units="K"    />
        <property name="laminar burning velocity"      id="x2"   label="Sl"  sourcetype="digitized"  units="cm/s" />
        <property name="evaluated standard deviation"  id="x3"   sourcetype="estimated"  units="cm/s"  reference="laminar burning velocity"  kind="absolute"  method="combined from scatter and reported uncertainty" />

        <dataPoint><x1>3.003550e+002</x1><x2>2.844105e+001</x2><x3>0.523116675820032</x3></dataPoint>
        <dataPoint><x1>3.252876e+002</x1><x2>3.326628e+001</x2><x3>0.523116675820032</x3></dataPoint>
        <dataPoint><x1>3.505913e+002</x1><x2>3.841430e+001</x2><x3>0.523116675820032</x3></dataPoint>
        <dataPoint><x1>4.008903e+002</x1><x2>4.868327e+001</x2><x3>0.523116675820032</x3></dataPoint>
        <dataPoint><x1>4.258258e+002</x1><x2>5.444937e+001</x2>        <x3>0.5444937</x3></dataPoint>
        <dataPoint><x1>4.504534e+002</x1><x2>6.034971e+001</x2>        <x3>0.6034971</x3></dataPoint>
        <dataPoint><x1>4.753908e+002</x1><x2>6.673408e+001</x2>        <x3>0.6673408</x3></dataPoint>
        <dataPoint><x1>5.006984e+002</x1><x2>7.311866e+001</x2>        <x3>0.7311866</x3></dataPoint>
        <dataPoint><x1>5.502682e+002</x1><x2>8.696251e+001</x2>        <x3>0.8696251</x3></dataPoint>
    </dataGroup>
</experiment>
