<experiment>
    <fileAuthor>Chemical Kinetics Laboratory, Institute of Chemistry, ELTE, Budapest, Hungary</fileAuthor>
    <fileDOI>10.24388/x20004177</fileDOI>
    <fileVersion>
        <major>1</major>
        <minor>0</minor>
    </fileVersion>
    <ReSpecThVersion>
        <major>2</major>
        <minor>3</minor>
    </ReSpecThVersion>
    <firstPublicationDate>2021-10-29</firstPublicationDate>
    <lastModificationDate>2021-10-29</lastModificationDate>
    <bibliographyLink>
        <description>P. Han, M.D. Checkel, B.A. Fleck, N.L. Nowicki, Fuel 86 (2007), 585--596</description>
        <referenceDOI>10.1016/j.fuel.2006.08.011</referenceDOI>
        <location>Main article, Fig. 6, cross</location>
        <figure>Figure 6</figure>
        <details>
            <author>Panfeng Han and M. David Checkel and Brian A. Fleck and Natalie L. Nowicki</author>
            <journal>Fuel</journal>
            <month>mar</month>
            <number>4</number>
            <pages>585--596</pages>
            <publisher>Elsevier {BV}</publisher>
            <title>Burning velocity of methane/diluent mixture with reformer gas addition</title>
            <volume>86</volume>
            <year>2007</year>
        </details>
    </bibliographyLink>
    <experimentType>laminar burning velocity measurement</experimentType>
    <apparatus>
        <kind>flame</kind>
        <mode>premixed</mode>
        <mode>laminar</mode>
    </apparatus>
    <commonProperties>
        <property name="temperature"          label="T"  sourcetype="reported"    units="K"             ><value>298</value></property>
        <property name="initial composition"  sourcetype="calculated" >
            <component><speciesLink preferredKey="CH4"  CAS="74-82-8"    InChI="1S/CH4/h1H4"    SMILES="C"        chemName="methane"        /><amount units="mole fraction" >0.08075</amount></component>
            <component><speciesLink preferredKey="O2"   CAS="7782-44-7"  InChI="1S/O2/c1-2"     SMILES="O=O"      chemName="oxygen"         /><amount units="mole fraction" >0.16143</amount></component>
            <component><speciesLink preferredKey="N2"   CAS="7727-37-9"  InChI="1S/N2/c1-2"     SMILES="N#N"      chemName="nitrogen"       /><amount units="mole fraction" >0.73007</amount></component>
            <component><speciesLink preferredKey="CO2"  CAS="124-38-9"   InChI="1S/CO2/c2-1-3"  SMILES="C(=O)=O"  chemName="carbon dioxide" /><amount units="mole fraction" >0.02775</amount></component>
        </property>
    </commonProperties>
    <dataGroup id="dg1">
        <property name="pressure"                      id="x1"   label="P"   sourcetype="digitized"  units="atm"  />
        <property name="laminar burning velocity"      id="x2"   label="Sl"  sourcetype="digitized"  units="cm/s" />
        <property name="evaluated standard deviation"  id="x3"   sourcetype="estimated"  units="cm/s"  reference="laminar burning velocity"  kind="absolute"  method="combined from scatter and estimated uncertainty" />

        <dataPoint><x1>1.002330e+000</x1><x2>1.654907e+001</x2><x3>0.892842892057864</x3></dataPoint>
        <dataPoint><x1>2.008540e+000</x1><x2>1.409102e+001</x2> <x3>0.78030843058178</x3></dataPoint>
        <dataPoint><x1>3.010010e+000</x1><x2>1.118812e+001</x2><x3>0.652245512113345</x3></dataPoint>
        <dataPoint><x1>4.000400e+000</x1><x2>9.479100e+000</x2><x3>0.580622491177357</x3></dataPoint>
        <dataPoint><x1>5.006830e+000</x1><x2>8.583720e+000</x2><x3>0.544692351545347</x3></dataPoint>
    </dataGroup>
</experiment>
