<experiment>
    <fileAuthor>Chemical Kinetics Laboratory, Institute of Chemistry, ELTE, Budapest, Hungary</fileAuthor>
    <fileDOI>10.24388/x20004131</fileDOI>
    <fileVersion>
        <major>1</major>
        <minor>0</minor>
    </fileVersion>
    <ReSpecThVersion>
        <major>2</major>
        <minor>3</minor>
    </ReSpecThVersion>
    <firstPublicationDate>2021-10-29</firstPublicationDate>
    <lastModificationDate>2021-10-29</lastModificationDate>
    <bibliographyLink>
        <description>F.H.V. Coppens, J.D. Ruyck, A.A. Konnov, Experimental Thermal and Fluid Science 31 (2007), 437--444</description>
        <referenceDOI>10.1016/j.expthermflusci.2006.04.012</referenceDOI>
        <location>Main article, Fig. 3, cross</location>
        <figure>Figure 3</figure>
        <details>
            <author>F.H.V. Coppens and J. De Ruyck and A.A. Konnov</author>
            <journal>Experimental Thermal and Fluid Science</journal>
            <month>apr</month>
            <number>5</number>
            <pages>437--444</pages>
            <publisher>Elsevier {BV}</publisher>
            <title>Effects of hydrogen enrichment on adiabatic burning velocity and {NO} formation in methane$\mathplus$air flames</title>
            <volume>31</volume>
            <year>2007</year>
        </details>
    </bibliographyLink>
    <experimentType>laminar burning velocity measurement</experimentType>
    <apparatus>
        <kind>flame</kind>
        <mode>premixed</mode>
        <mode>laminar</mode>
    </apparatus>
    <commonProperties>
        <property name="pressure"                      label="P"  sourcetype="reported"   units="atm"  ><value>1</value></property>
        <property name="temperature"                   label="T"  sourcetype="reported"   units="K"    ><value>298</value></property>
        <property name="evaluated standard deviation"  sourcetype="estimated"  units="cm/s"  reference="laminar burning velocity"  kind="absolute"  method="combined from scatter and reported uncertainty" ><value>0.751426838238428</value></property>
    </commonProperties>
    <dataGroup id="dg1">
        <property name="laminar burning velocity"  id="x1"   label="Sl"     sourcetype="digitized"  units="cm/s"          />
        <property name="composition"               id="x2"   label="[CH4]"  sourcetype="digitized"  units="mole fraction" >
            <speciesLink preferredKey="CH4"  CAS="74-82-8"    InChI="1S/CH4/h1H4"  SMILES="C"     chemName="methane"  />
        </property>
        <property name="composition"               id="x3"   label="[O2]"   sourcetype="digitized"  units="mole fraction" >
            <speciesLink preferredKey="O2"   CAS="7782-44-7"  InChI="1S/O2/c1-2"   SMILES="O=O"   chemName="oxygen"   />
        </property>
        <property name="composition"               id="x4"   label="[N2]"   sourcetype="digitized"  units="mole fraction" >
            <speciesLink preferredKey="N2"   CAS="7727-37-9"  InChI="1S/N2/c1-2"   SMILES="N#N"   chemName="nitrogen" />
        </property>
        <property name="composition"               id="x5"   label="[H2]"   sourcetype="digitized"  units="mole fraction" >
            <speciesLink preferredKey="H2"   CAS="1333-74-0"  InChI="1S/H2/h1H"    SMILES="[HH]"  chemName="hydrogen" />
        </property>

        <dataPoint><x1>2.454075e+001</x1><x2>5.944937e-002</x2><x3>1.927205e-001</x3><x4>7.158189e-001</x4><x5>3.201120e-002</x5></dataPoint>
        <dataPoint><x1>2.932775e+001</x1><x2>6.325720e-002</x2><x3>1.914778e-001</x3><x4>7.112034e-001</x4><x5>3.406157e-002</x5></dataPoint>
        <dataPoint><x1>3.418862e+001</x1><x2>6.705985e-002</x2><x3>1.902369e-001</x3><x4>7.065941e-001</x4><x5>3.610915e-002</x5></dataPoint>
        <dataPoint><x1>3.896085e+001</x1><x2>7.082392e-002</x2><x3>1.890085e-001</x3><x4>7.020316e-001</x4><x5>3.813596e-002</x5></dataPoint>
        <dataPoint><x1>4.326028e+001</x1><x2>7.442391e-002</x2><x3>1.878337e-001</x3><x4>6.976680e-001</x4><x5>4.007441e-002</x5></dataPoint>
        <dataPoint><x1>4.701305e+001</x1><x2>7.814588e-002</x2><x3>1.866191e-001</x3><x4>6.931565e-001</x4><x5>4.207855e-002</x5></dataPoint>
        <dataPoint><x1>4.980547e+001</x1><x2>8.170643e-002</x2><x3>1.854571e-001</x3><x4>6.888407e-001</x4><x5>4.399577e-002</x5></dataPoint>
        <dataPoint><x1>5.114996e+001</x1><x2>9.228733e-002</x2><x3>1.820041e-001</x3><x4>6.760154e-001</x4><x5>4.969317e-002</x5></dataPoint>
        <dataPoint><x1>4.812115e+001</x1><x2>9.568468e-002</x2><x3>1.808954e-001</x3><x4>6.718974e-001</x4><x5>5.152252e-002</x5></dataPoint>
        <dataPoint><x1>4.365920e+001</x1><x2>9.907916e-002</x2><x3>1.797877e-001</x3><x4>6.677828e-001</x4><x5>5.335032e-002</x5></dataPoint>
        <dataPoint><x1>3.776410e+001</x1><x2>1.023852e-001</x2><x3>1.787088e-001</x3><x4>6.637755e-001</x4><x5>5.513051e-002</x5></dataPoint>
        <dataPoint><x1>3.195765e+001</x1><x2>1.056610e-001</x2><x3>1.776398e-001</x3><x4>6.598048e-001</x4><x5>5.689440e-002</x5></dataPoint>
        <dataPoint><x1>2.684560e+001</x1><x2>1.088888e-001</x2><x3>1.765864e-001</x3><x4>6.558924e-001</x4><x5>5.863243e-002</x5></dataPoint>
        <dataPoint><x1>2.270869e+001</x1><x2>1.121797e-001</x2><x3>1.755125e-001</x3><x4>6.519034e-001</x4><x5>6.040443e-002</x5></dataPoint>
    </dataGroup>
</experiment>
