<experiment>
    <fileAuthor>Chemical Kinetics Laboratory, Institute of Chemistry, ELTE, Budapest, Hungary</fileAuthor>
    <fileDOI>10.24388/x20004266</fileDOI>
    <fileVersion>
        <major>1</major>
        <minor>0</minor>
    </fileVersion>
    <ReSpecThVersion>
        <major>2</major>
        <minor>3</minor>
    </ReSpecThVersion>
    <firstPublicationDate>2021-10-29</firstPublicationDate>
    <lastModificationDate>2021-10-29</lastModificationDate>
    <bibliographyLink>
        <description>V.S. Babkin, L.S. Kozachenko, Combustion, Explosion and Shock Waves 2 (1969), 46--52</description>
        <referenceDOI>10.1007/BF00749026</referenceDOI>
        <location>Fig. 1 full circle 4, main text</location>
        <figure>Fig. 1</figure>
        <details>
            <author>V. S. Babkin and L. S. Kozachenko</author>
            <journal>Combustion, Explosion and Shock Waves</journal>
            <number>3</number>
            <pages>46--52</pages>
            <publisher>Springer Science and Business Media {LLC}</publisher>
            <title>Study of normal burning velocity in methane-air mixtures at high pressures</title>
            <volume>2</volume>
            <year>1969</year>
        </details>
    </bibliographyLink>
    <experimentType>laminar burning velocity measurement</experimentType>
    <apparatus>
        <kind>flame</kind>
        <mode>premixed</mode>
        <mode>laminar</mode>
    </apparatus>
    <commonProperties>
        <property name="pressure"     label="P"  sourcetype="reported"  units="atm" ><value>1</value></property>
        <property name="temperature"  label="T"  sourcetype="reported"  units="K"   ><value>473</value></property>
    </commonProperties>
    <dataGroup id="dg1">
        <property name="laminar burning velocity"      id="x1"   label="Sl"     sourcetype="digitized"  units="cm/s"          />
        <property name="composition"                   id="x2"   label="[CH4]"  sourcetype="digitized"  units="mole fraction" >
            <speciesLink preferredKey="CH4"  CAS="74-82-8"    InChI="1S/CH4/h1H4"  SMILES="C"    chemName="methane"  />
        </property>
        <property name="composition"                   id="x3"   label="[O2]"   sourcetype="digitized"  units="mole fraction" >
            <speciesLink preferredKey="O2"   CAS="7782-44-7"  InChI="1S/O2/c1-2"   SMILES="O=O"  chemName="oxygen"   />
        </property>
        <property name="composition"                   id="x4"   label="[N2]"   sourcetype="digitized"  units="mole fraction" >
            <speciesLink preferredKey="N2"   CAS="7727-37-9"  InChI="1S/N2/c1-2"   SMILES="N#N"  chemName="nitrogen" />
        </property>
        <property name="evaluated standard deviation"  id="x5"   sourcetype="estimated"  units="cm/s"           reference="laminar burning velocity"  kind="absolute"  method="combined from scatter and estimated uncertainty" />

        <dataPoint><x1>2.738666e+001</x1><x2>6.006130e-002</x2><x3>1.973871e-001</x3><x4>7.425516e-001</x4><x5>1.69927971602353</x5></dataPoint>
        <dataPoint><x1>4.530026e+001</x1><x2>7.016460e-002</x2><x3>1.952654e-001</x3><x4>7.345700e-001</x4><x5>2.47845971897245</x5></dataPoint>
        <dataPoint><x1>6.004281e+001</x1><x2>7.997430e-002</x2><x3>1.932054e-001</x3><x4>7.268203e-001</x4><x5>3.16627956285295</x5></dataPoint>
        <dataPoint><x1>7.133729e+001</x1><x2>9.038740e-002</x2><x3>1.910186e-001</x3><x4>7.185940e-001</x4> <x5>3.7060762336682</x5></dataPoint>
        <dataPoint><x1>7.194915e+001</x1><x2>9.545660e-002</x2><x3>1.899541e-001</x3><x4>7.145893e-001</x4><x5>3.73552930020717</x5></dataPoint>
        <dataPoint><x1>7.196431e+001</x1><x2>1.005387e-001</x2><x3>1.888869e-001</x3><x4>7.105744e-001</x4><x5>3.73625928875931</x5></dataPoint>
        <dataPoint><x1>6.804083e+001</x1><x2>1.105585e-001</x2><x3>1.867827e-001</x3><x4>7.026588e-001</x4><x5>3.54772674484976</x5></dataPoint>
        <dataPoint><x1>5.315312e+001</x1><x2>1.208510e-001</x2><x3>1.846213e-001</x3><x4>6.945277e-001</x4><x5>2.84176249935423</x5></dataPoint>
        <dataPoint><x1>3.313499e+001</x1><x2>1.303976e-001</x2><x3>1.826165e-001</x3><x4>6.869859e-001</x4><x5>1.93837498801193</x5></dataPoint>
    </dataGroup>
</experiment>
