<experiment>
    <fileAuthor>Chemical Kinetics Laboratory, Institute of Chemistry, ELTE, Budapest, Hungary</fileAuthor>
    <fileDOI>10.24388/x20004063</fileDOI>
    <fileVersion>
        <major>1</major>
        <minor>0</minor>
    </fileVersion>
    <ReSpecThVersion>
        <major>2</major>
        <minor>3</minor>
    </ReSpecThVersion>
    <firstPublicationDate>2021-10-29</firstPublicationDate>
    <lastModificationDate>2021-10-29</lastModificationDate>
    <bibliographyLink>
        <description>E. Hu, Z. Huang, J. He, C. Jin, J. Zheng, Int J Hydrogen Energy 34 (2009), 4876--4888</description>
        <referenceDOI>10.1016/j.ijhydene.2009.03.058</referenceDOI>
        <location>Main article, Fig. 10b, green open trangle</location>
        <figure>Figure 10b</figure>
        <details>
            <author>Hu, Erjiang and Huang, Zuohua and He, Jiajia and Jin, Chun and Zheng, Jianjun</author>
            <journal>Int J Hydrogen Energy</journal>
            <number>11</number>
            <pages>4876--4888</pages>
            <title>Experimental and numerical study on laminar burning characteristics of premixed methane--hydrogen--air flames</title>
            <volume>34</volume>
            <year>2009</year>
        </details>
    </bibliographyLink>
    <experimentType>laminar burning velocity measurement</experimentType>
    <apparatus>
        <kind>flame</kind>
        <mode>premixed</mode>
        <mode>laminar</mode>
    </apparatus>
    <commonProperties>
        <property name="pressure"     label="P"  sourcetype="reported"  units="Pa" ><value>0.1e+006</value></property>
        <property name="temperature"  label="T"  sourcetype="reported"  units="K"  ><value>303</value></property>
    </commonProperties>
    <dataGroup id="dg1">
        <property name="laminar burning velocity"      id="x1"   label="Sl"     sourcetype="digitized"  units="m/s"           />
        <property name="composition"                   id="x2"   label="[CH4]"  sourcetype="digitized"  units="mole fraction" >
            <speciesLink preferredKey="CH4"  CAS="74-82-8"    InChI="1S/CH4/h1H4"  SMILES="C"     chemName="methane"  />
        </property>
        <property name="composition"                   id="x3"   label="[O2]"   sourcetype="digitized"  units="mole fraction" >
            <speciesLink preferredKey="O2"   CAS="7782-44-7"  InChI="1S/O2/c1-2"   SMILES="O=O"   chemName="oxygen"   />
        </property>
        <property name="composition"                   id="x4"   label="[N2]"   sourcetype="digitized"  units="mole fraction" >
            <speciesLink preferredKey="N2"   CAS="7727-37-9"  InChI="1S/N2/c1-2"   SMILES="N#N"   chemName="nitrogen" />
        </property>
        <property name="composition"                   id="x5"   label="[H2]"   sourcetype="digitized"  units="mole fraction" >
            <speciesLink preferredKey="H2"   CAS="1333-74-0"  InChI="1S/H2/h1H"    SMILES="[HH]"  chemName="hydrogen" />
        </property>
        <property name="evaluated standard deviation"  id="x6"   sourcetype="estimated"  units="cm/s"           reference="laminar burning velocity"  kind="absolute"  method="combined from scatter and reported uncertainty" />

        <dataPoint><x1>4.198200e-001</x1><x2>2.716834e-002</x2><x3>1.815459e-001</x3><x4>6.826124e-001</x4><x5>1.086734e-001</x5> <x6>5.8839498200362</x6></dataPoint>
        <dataPoint><x1>6.570300e-001</x1><x2>3.087056e-002</x2><x3>1.776570e-001</x3><x4>6.679902e-001</x4><x5>1.234823e-001</x5> <x6>7.3152701556514</x6></dataPoint>
        <dataPoint><x1>8.405400e-001</x1><x2>3.458294e-002</x2><x3>1.737574e-001</x3><x4>6.533279e-001</x4><x5>1.383318e-001</x5><x6>8.59295036172885</x6></dataPoint>
        <dataPoint><x1>9.703300e-001</x1><x2>3.826715e-002</x2><x3>1.698875e-001</x3><x4>6.387768e-001</x4><x5>1.530686e-001</x5><x6>9.55101162634849</x6></dataPoint>
        <dataPoint><x1>1.163680e+000</x1><x2>4.151196e-002</x2><x3>1.664790e-001</x3><x4>6.259612e-001</x4><x5>1.660479e-001</x5><x6>11.0335180396963</x6></dataPoint>
        <dataPoint><x1>1.284530e+000</x1><x2>4.474949e-002</x2><x3>1.630783e-001</x3><x4>6.131743e-001</x4><x5>1.789980e-001</x5><x6>11.9841888709317</x6></dataPoint>
        <dataPoint><x1>1.342710e+000</x1><x2>4.787897e-002</x2><x3>1.597910e-001</x3><x4>6.008141e-001</x4><x5>1.915159e-001</x5><x6>12.4469184016782</x6></dataPoint>
        <dataPoint><x1>1.323020e+000</x1><x2>5.097261e-002</x2><x3>1.565414e-001</x3><x4>5.885956e-001</x4><x5>2.038904e-001</x5><x6>12.2899857067933</x6></dataPoint>
        <dataPoint><x1>1.212020e+000</x1><x2>5.372271e-002</x2><x3>1.536526e-001</x3><x4>5.777338e-001</x4><x5>2.148909e-001</x5><x6>11.4119317247688</x6></dataPoint>
        <dataPoint><x1>7.053700e-001</x1><x2>5.914347e-002</x2><x3>1.479585e-001</x3><x4>5.563241e-001</x4><x5>2.365739e-001</x5> <x6>7.6409466623923</x6></dataPoint>
        <dataPoint><x1>2.945000e-001</x1><x2>6.408543e-002</x2><x3>1.427674e-001</x3><x4>5.368054e-001</x4><x5>2.563417e-001</x5><x6>5.29150934331595</x6></dataPoint>
    </dataGroup>
</experiment>
