<experiment>
    <fileAuthor>Chemical Kinetics Laboratory, Institute of Chemistry, ELTE, Budapest, Hungary</fileAuthor>
    <fileDOI>10.24388/x20004451</fileDOI>
    <fileVersion>
        <major>1</major>
        <minor>0</minor>
    </fileVersion>
    <ReSpecThVersion>
        <major>2</major>
        <minor>3</minor>
    </ReSpecThVersion>
    <firstPublicationDate>2021-10-29</firstPublicationDate>
    <lastModificationDate>2021-10-29</lastModificationDate>
    <bibliographyLink>
        <description>C.K. Law, O.C. Kwon, Int J Hydrogen Energy 29 (2004), 867--879</description>
        <referenceDOI>10.1016/j.ijhydene.2003.09.012</referenceDOI>
        <location>Main article</location>
        <figure>Fig.5., full circle</figure>
        <details>
            <author>Law, C K and Kwon, O C</author>
            <journal>Int J Hydrogen Energy</journal>
            <number>8</number>
            <pages>867--879</pages>
            <title>Effects of hydrocarbon substitution on atmospheric hydrogen-air flame propagation</title>
            <volume>29</volume>
            <year>2004</year>
        </details>
    </bibliographyLink>
    <experimentType>laminar burning velocity measurement</experimentType>
    <apparatus>
        <kind>flame</kind>
        <mode>premixed</mode>
        <mode>laminar</mode>
    </apparatus>
    <commonProperties>
        <property name="pressure"     label="P"  sourcetype="reported"  units="atm" ><value>1</value></property>
        <property name="temperature"  label="T"  sourcetype="reported"  units="K"   ><value>298</value></property>
    </commonProperties>
    <dataGroup id="dg1">
        <property name="laminar burning velocity"      id="x1"   label="Sl"     sourcetype="digitized"   units="cm/s"          />
        <property name="composition"                   id="x2"   label="[CH4]"  sourcetype="calculated"  units="mole fraction" >
            <speciesLink preferredKey="CH4"  CAS="74-82-8"    InChI="1S/CH4/h1H4"  SMILES="C"     chemName="methane"  />
        </property>
        <property name="composition"                   id="x3"   label="[H2]"   sourcetype="calculated"  units="mole fraction" >
            <speciesLink preferredKey="H2"   CAS="1333-74-0"  InChI="1S/H2/h1H"    SMILES="[HH]"  chemName="hydrogen" />
        </property>
        <property name="composition"                   id="x4"   label="[O2]"   sourcetype="calculated"  units="mole fraction" >
            <speciesLink preferredKey="O2"   CAS="7782-44-7"  InChI="1S/O2/c1-2"   SMILES="O=O"   chemName="oxygen"   />
        </property>
        <property name="composition"                   id="x5"   label="[N2]"   sourcetype="calculated"  units="mole fraction" >
            <speciesLink preferredKey="N2"   CAS="7727-37-9"  InChI="1S/N2/c1-2"   SMILES="N#N"   chemName="nitrogen" />
        </property>
        <property name="evaluated standard deviation"  id="x6"   sourcetype="estimated"   units="cm/s"           reference="laminar burning velocity"  kind="absolute"  method="combined from scatter and reported uncertainty" />

        <dataPoint><x1>2.800831e+002</x1><x2>0.000000e+000</x2><x3>4.123457e-001</x3><x4>1.234568e-001</x4><x5>4.641975e-001</x5><x6>7.76877049245286</x6></dataPoint>
        <dataPoint><x1>2.094301e+002</x1><x2>4.256462e-002</x2><x3>2.947412e-001</x3><x4>1.392215e-001</x4><x5>5.234727e-001</x5><x6>6.22397058875251</x6></dataPoint>
        <dataPoint><x1>1.545727e+002</x1><x2>6.829464e-002</x2><x3>2.236501e-001</x3><x4>1.487511e-001</x4><x5>5.593041e-001</x5><x6>5.12422241800707</x6></dataPoint>
        <dataPoint><x1>9.579726e+001</x1><x2>8.574864e-002</x2><x3>1.754253e-001</x3><x4>1.552155e-001</x4><x5>5.836105e-001</x5><x6>4.13042401432253</x6></dataPoint>
    </dataGroup>
</experiment>
