<experiment>
    <fileAuthor>Chemical Kinetics Laboratory, Institute of Chemistry, ELTE, Budapest, Hungary</fileAuthor>
    <fileDOI>10.24388/x20004127</fileDOI>
    <fileVersion>
        <major>1</major>
        <minor>0</minor>
    </fileVersion>
    <ReSpecThVersion>
        <major>2</major>
        <minor>3</minor>
    </ReSpecThVersion>
    <firstPublicationDate>2021-10-29</firstPublicationDate>
    <lastModificationDate>2021-10-29</lastModificationDate>
    <bibliographyLink>
        <description>F.H.V. Coppens, J.D. Ruyck, A.A. Konnov, Experimental Thermal and Fluid Science 31 (2007), 437--444</description>
        <referenceDOI>10.1016/j.expthermflusci.2006.04.012</referenceDOI>
        <location>Main article, Fig. 3, open diamond</location>
        <figure>Figure 3</figure>
        <details>
            <author>F.H.V. Coppens and J. De Ruyck and A.A. Konnov</author>
            <journal>Experimental Thermal and Fluid Science</journal>
            <month>apr</month>
            <number>5</number>
            <pages>437--444</pages>
            <publisher>Elsevier {BV}</publisher>
            <title>Effects of hydrogen enrichment on adiabatic burning velocity and {NO} formation in methane$\mathplus$air flames</title>
            <volume>31</volume>
            <year>2007</year>
        </details>
    </bibliographyLink>
    <experimentType>laminar burning velocity measurement</experimentType>
    <apparatus>
        <kind>flame</kind>
        <mode>premixed</mode>
        <mode>laminar</mode>
    </apparatus>
    <commonProperties>
        <property name="pressure"                      label="P"  sourcetype="reported"   units="atm"  ><value>1</value></property>
        <property name="temperature"                   label="T"  sourcetype="reported"   units="K"    ><value>298</value></property>
        <property name="evaluated standard deviation"  sourcetype="estimated"  units="cm/s"  reference="laminar burning velocity"  kind="absolute"  method="combined from scatter and reported uncertainty" ><value>0.535551159387224</value></property>
    </commonProperties>
    <dataGroup id="dg1">
        <property name="laminar burning velocity"  id="x1"   label="Sl"     sourcetype="digitized"  units="cm/s"          />
        <property name="composition"               id="x2"   label="[CH4]"  sourcetype="digitized"  units="mole fraction" >
            <speciesLink preferredKey="CH4"  CAS="74-82-8"    InChI="1S/CH4/h1H4"  SMILES="C"     chemName="methane"  />
        </property>
        <property name="composition"               id="x3"   label="[O2]"   sourcetype="digitized"  units="mole fraction" >
            <speciesLink preferredKey="O2"   CAS="7782-44-7"  InChI="1S/O2/c1-2"   SMILES="O=O"   chemName="oxygen"   />
        </property>
        <property name="composition"               id="x4"   label="[N2]"   sourcetype="digitized"  units="mole fraction" >
            <speciesLink preferredKey="N2"   CAS="7727-37-9"  InChI="1S/N2/c1-2"   SMILES="N#N"   chemName="nitrogen" />
        </property>
        <property name="composition"               id="x5"   label="[H2]"   sourcetype="digitized"  units="mole fraction" >
            <speciesLink preferredKey="H2"   CAS="1333-74-0"  InChI="1S/H2/h1H"    SMILES="[HH]"  chemName="hydrogen" />
        </property>

        <dataPoint><x1>1.730107e+001</x1><x2>6.903238e-002</x2><x3>1.974780e-001</x3><x4>7.334896e-001</x4><x5>0.000000e+000</x5></dataPoint>
        <dataPoint><x1>2.097044e+001</x1><x2>7.358136e-002</x2><x3>1.965130e-001</x3><x4>7.299056e-001</x4><x5>0.000000e+000</x5></dataPoint>
        <dataPoint><x1>2.503878e+001</x1><x2>7.813839e-002</x2><x3>1.955464e-001</x3><x4>7.263152e-001</x4><x5>0.000000e+000</x5></dataPoint>
        <dataPoint><x1>2.854571e+001</x1><x2>8.266329e-002</x2><x3>1.945866e-001</x3><x4>7.227501e-001</x4><x5>0.000000e+000</x5></dataPoint>
        <dataPoint><x1>3.165363e+001</x1><x2>8.706799e-002</x2><x3>1.936522e-001</x3><x4>7.192798e-001</x4><x5>0.000000e+000</x5></dataPoint>
        <dataPoint><x1>3.428885e+001</x1><x2>9.150587e-002</x2><x3>1.927109e-001</x3><x4>7.157833e-001</x4><x5>0.000000e+000</x5></dataPoint>
        <dataPoint><x1>3.628874e+001</x1><x2>9.588868e-002</x2><x3>1.917812e-001</x3><x4>7.123301e-001</x4><x5>0.000000e+000</x5></dataPoint>
        <dataPoint><x1>3.725433e+001</x1><x2>1.001676e-001</x2><x3>1.908735e-001</x3><x4>7.089589e-001</x4><x5>0.000000e+000</x5></dataPoint>
        <dataPoint><x1>3.733352e+001</x1><x2>1.044793e-001</x2><x3>1.899589e-001</x3><x4>7.055618e-001</x4><x5>0.000000e+000</x5></dataPoint>
        <dataPoint><x1>3.670344e+001</x1><x2>1.086775e-001</x2><x3>1.890684e-001</x3><x4>7.022541e-001</x4><x5>0.000000e+000</x5></dataPoint>
        <dataPoint><x1>3.480283e+001</x1><x2>1.129082e-001</x2><x3>1.881710e-001</x3><x4>6.989208e-001</x4><x5>0.000000e+000</x5></dataPoint>
        <dataPoint><x1>3.169069e+001</x1><x2>1.170874e-001</x2><x3>1.872845e-001</x3><x4>6.956281e-001</x4><x5>0.000000e+000</x5></dataPoint>
        <dataPoint><x1>2.772153e+001</x1><x2>1.211685e-001</x2><x3>1.864188e-001</x3><x4>6.924127e-001</x4><x5>0.000000e+000</x5></dataPoint>
        <dataPoint><x1>2.310230e+001</x1><x2>1.252234e-001</x2><x3>1.855587e-001</x3><x4>6.892180e-001</x4><x5>0.000000e+000</x5></dataPoint>
        <dataPoint><x1>1.880818e+001</x1><x2>1.292876e-001</x2><x3>1.846966e-001</x3><x4>6.860158e-001</x4><x5>0.000000e+000</x5></dataPoint>
        <dataPoint><x1>1.538577e+001</x1><x2>1.333254e-001</x2><x3>1.838401e-001</x3><x4>6.828345e-001</x4><x5>0.000000e+000</x5></dataPoint>
    </dataGroup>
</experiment>
