<experiment>
    <fileAuthor>Chemical Kinetics Laboratory, Institute of Chemistry, ELTE, Budapest, Hungary</fileAuthor>
    <fileDOI>10.24388/x20004341</fileDOI>
    <fileVersion>
        <major>1</major>
        <minor>0</minor>
    </fileVersion>
    <ReSpecThVersion>
        <major>2</major>
        <minor>3</minor>
    </ReSpecThVersion>
    <firstPublicationDate>2021-10-29</firstPublicationDate>
    <lastModificationDate>2021-10-29</lastModificationDate>
    <bibliographyLink>
        <description>D. Lapalme, P. Seers, International Journal of Hydrogen Energy 39 (2014), 3477--3486</description>
        <referenceDOI>10.1016/j.ijhydene.2013.12.109</referenceDOI>
        <location>Main article</location>
        <table>Table 1, S50M5</table>
        <figure>Fig. 12., full diamond</figure>
        <details>
            <author>Denis Lapalme and Patrice Seers</author>
            <journal>International Journal of Hydrogen Energy</journal>
            <month>feb</month>
            <number>7</number>
            <pages>3477--3486</pages>
            <publisher>Elsevier {BV}</publisher>
            <title>Influence of {CO}2, {CH}4, and initial temperature on H2/{CO} laminar flame speed</title>
            <volume>39</volume>
            <year>2014</year>
        </details>
    </bibliographyLink>
    <experimentType>laminar burning velocity measurement</experimentType>
    <apparatus>
        <kind>flame</kind>
        <mode>premixed</mode>
        <mode>laminar</mode>
    </apparatus>
    <commonProperties>
        <property name="pressure"     label="P"  sourcetype="reported"  units="atm" ><value>1</value></property>
        <property name="temperature"  label="T"  sourcetype="reported"  units="K"   ><value>450</value></property>
    </commonProperties>
    <dataGroup id="dg1">
        <property name="laminar burning velocity"      id="x1"   label="Sl"     sourcetype="digitized"   units="m/s"           />
        <property name="composition"                   id="x2"   label="[CH4]"  sourcetype="calculated"  units="mole fraction" >
            <speciesLink preferredKey="CH4"  CAS="74-82-8"    InChI="1S/CH4/h1H4"  SMILES="C"          chemName="methane"         />
        </property>
        <property name="composition"                   id="x3"   label="[O2]"   sourcetype="calculated"  units="mole fraction" >
            <speciesLink preferredKey="O2"   CAS="7782-44-7"  InChI="1S/O2/c1-2"   SMILES="O=O"        chemName="oxygen"          />
        </property>
        <property name="composition"                   id="x4"   label="[N2]"   sourcetype="calculated"  units="mole fraction" >
            <speciesLink preferredKey="N2"   CAS="7727-37-9"  InChI="1S/N2/c1-2"   SMILES="N#N"        chemName="nitrogen"        />
        </property>
        <property name="composition"                   id="x5"   label="[H2]"   sourcetype="calculated"  units="mole fraction" >
            <speciesLink preferredKey="H2"   CAS="1333-74-0"  InChI="1S/H2/h1H"    SMILES="[HH]"       chemName="hydrogen"        />
        </property>
        <property name="composition"                   id="x6"   label="[CO]"   sourcetype="calculated"  units="mole fraction" >
            <speciesLink preferredKey="CO"   CAS="630-08-0"   InChI="1S/CO/c1-2"   SMILES="[C-]#[O+]"  chemName="carbon monoxide" />
        </property>
        <property name="evaluated standard deviation"  id="x7"   sourcetype="estimated"   units="cm/s"           reference="laminar burning velocity"  kind="absolute"  method="combined from scatter and reported uncertainty" />

        <dataPoint><x1>1.576960e+000</x1><x2>1.141007e-002</x2><x3>1.637149e-001</x3><x4>6.080837e-001</x4><x5>1.083957e-001</x5><x6>1.083957e-001</x6><x7>4.73088</x7></dataPoint>
        <dataPoint><x1>1.889440e+000</x1><x2>1.349122e-002</x2><x3>1.548857e-001</x3><x4>5.752899e-001</x4><x5>1.281666e-001</x5><x6>1.281666e-001</x6><x7>5.66832</x7></dataPoint>
        <dataPoint><x1>2.201120e+000</x1><x2>1.534893e-002</x2><x3>1.470045e-001</x3><x4>5.460168e-001</x4><x5>1.458149e-001</x5><x6>1.458149e-001</x6><x7>6.60336</x7></dataPoint>
    </dataGroup>
</experiment>
