<experiment>
    <fileAuthor>Chemical Kinetics Laboratory, Institute of Chemistry, ELTE, Budapest, Hungary</fileAuthor>
    <fileDOI>10.24388/x20004194</fileDOI>
    <fileVersion>
        <major>1</major>
        <minor>0</minor>
    </fileVersion>
    <ReSpecThVersion>
        <major>2</major>
        <minor>3</minor>
    </ReSpecThVersion>
    <firstPublicationDate>2021-10-29</firstPublicationDate>
    <lastModificationDate>2021-10-29</lastModificationDate>
    <bibliographyLink>
        <description>C. Uykur, International Journal of Hydrogen Energy 26 (2001), 265--273</description>
        <referenceDOI>10.1016/S0360-3199(00)00068-9</referenceDOI>
        <location>Fig. 2 open circle, Table 1</location>
        <table>Table 1</table>
        <figure>Fig. 2</figure>
        <details>
            <author>C Uykur</author>
            <journal>International Journal of Hydrogen Energy</journal>
            <month>mar</month>
            <number>3</number>
            <pages>265--273</pages>
            <publisher>Elsevier {BV}</publisher>
            <title>Effects of addition of electrolysis products on methane/air premixed laminar combustion</title>
            <volume>26</volume>
            <year>2001</year>
        </details>
    </bibliographyLink>
    <experimentType>laminar burning velocity measurement</experimentType>
    <apparatus>
        <kind>flame</kind>
        <mode>premixed</mode>
        <mode>laminar</mode>
    </apparatus>
    <commonProperties>
        <property name="pressure"     label="P"  sourcetype="reported"  units="atm" ><value>1</value></property>
        <property name="temperature"  label="T"  sourcetype="reported"  units="K"   ><value>298</value></property>
    </commonProperties>
    <dataGroup id="dg1">
        <property name="laminar burning velocity"      id="x1"   label="Sl"     sourcetype="digitized"  units="cm/s"          />
        <property name="composition"                   id="x2"   label="[CH4]"  sourcetype="reported"   units="mole fraction" >
            <speciesLink preferredKey="CH4"  CAS="74-82-8"    InChI="1S/CH4/h1H4"  SMILES="C"    chemName="methane"  />
        </property>
        <property name="composition"                   id="x3"   label="[O2]"   sourcetype="reported"   units="mole fraction" >
            <speciesLink preferredKey="O2"   CAS="7782-44-7"  InChI="1S/O2/c1-2"   SMILES="O=O"  chemName="oxygen"   />
        </property>
        <property name="composition"                   id="x4"   label="[N2]"   sourcetype="reported"   units="mole fraction" >
            <speciesLink preferredKey="N2"   CAS="7727-37-9"  InChI="1S/N2/c1-2"   SMILES="N#N"  chemName="nitrogen" />
        </property>
        <property name="evaluated standard deviation"  id="x5"   sourcetype="estimated"  units="cm/s"           reference="laminar burning velocity"  kind="absolute"  method="combined from scatter and estimated uncertainty" />

        <dataPoint><x1>8.040170e+000</x1><x2>5.501962e-002</x2><x3>2.004504e-001</x3><x4>7.445300e-001</x4><x5>0.879693551964688</x5></dataPoint>
        <dataPoint><x1>1.157485e+001</x1><x2>5.972874e-002</x2><x3>1.994515e-001</x3><x4>7.408198e-001</x4><x5>0.973238302062886</x5></dataPoint>
        <dataPoint><x1>1.961068e+001</x1><x2>6.899285e-002</x2><x3>1.974864e-001</x3><x4>7.335208e-001</x4> <x5>1.25447073957586</x5></dataPoint>
        <dataPoint><x1>2.788789e+001</x1><x2>7.833574e-002</x2><x3>1.955045e-001</x3><x4>7.261597e-001</x4> <x5>1.59893274809363</x5></dataPoint>
        <dataPoint><x1>3.502831e+001</x1><x2>8.725358e-002</x2><x3>1.936129e-001</x3><x4>7.191335e-001</x4> <x5>1.91825602173856</x5></dataPoint>
        <dataPoint><x1>3.928359e+001</x1><x2>9.598577e-002</x2><x3>1.917606e-001</x3><x4>7.122536e-001</x4> <x5>2.11429681443175</x5></dataPoint>
        <dataPoint><x1>3.977252e+001</x1><x2>1.045525e-001</x2><x3>1.899434e-001</x3><x4>7.055041e-001</x4> <x5>2.13702673805734</x5></dataPoint>
        <dataPoint><x1>3.476100e+001</x1><x2>1.131277e-001</x2><x3>1.881244e-001</x3><x4>6.987479e-001</x4> <x5>1.90606078439173</x5></dataPoint>
        <dataPoint><x1>2.423524e+001</x1><x2>1.212914e-001</x2><x3>1.863927e-001</x3><x4>6.923159e-001</x4> <x5>1.44243441997895</x5></dataPoint>
        <dataPoint><x1>1.412164e+001</x1><x2>1.293053e-001</x2><x3>1.846928e-001</x3><x4>6.860019e-001</x4> <x5>1.05394577755215</x5></dataPoint>
    </dataGroup>
</experiment>
