<experiment>
    <fileAuthor>Chemical Kinetics Laboratory, Institute of Chemistry, ELTE, Budapest, Hungary</fileAuthor>
    <fileDOI>10.24388/x20004223</fileDOI>
    <fileVersion>
        <major>1</major>
        <minor>0</minor>
    </fileVersion>
    <ReSpecThVersion>
        <major>2</major>
        <minor>3</minor>
    </ReSpecThVersion>
    <firstPublicationDate>2021-10-29</firstPublicationDate>
    <lastModificationDate>2021-10-29</lastModificationDate>
    <bibliographyLink>
        <description>T. IIjima, T. Takeno, Combust Flame 65 (1986), 35--43</description>
        <referenceDOI>10.1016/0010-2180(86)90070-2</referenceDOI>
        <location>Fig. 6 full circle 4 atm</location>
        <figure>Fig. 6</figure>
        <details>
            <author>IIjima, T and Takeno, T</author>
            <journal>Combust Flame</journal>
            <pages>35--43</pages>
            <title>Effects of Temperature and Pressure on Burning Velocity</title>
            <volume>65</volume>
            <year>1986</year>
        </details>
    </bibliographyLink>
    <experimentType>laminar burning velocity measurement</experimentType>
    <apparatus>
        <kind>flame</kind>
        <mode>premixed</mode>
        <mode>laminar</mode>
    </apparatus>
    <commonProperties>
        <property name="pressure"             label="P"  sourcetype="reported"    units="atm"           ><value>4</value></property>
        <property name="initial composition"  sourcetype="calculated" >
            <component><speciesLink preferredKey="CH4"  CAS="74-82-8"    InChI="1S/CH4/h1H4"  SMILES="C"    chemName="methane"  /><amount units="mole fraction" >0.095057</amount></component>
            <component><speciesLink preferredKey="O2"   CAS="7782-44-7"  InChI="1S/O2/c1-2"   SMILES="O=O"  chemName="oxygen"   /><amount units="mole fraction" >0.190114</amount></component>
            <component><speciesLink preferredKey="N2"   CAS="7727-37-9"  InChI="1S/N2/c1-2"   SMILES="N#N"  chemName="nitrogen" /><amount units="mole fraction" >0.714829</amount></component>
        </property>
    </commonProperties>
    <dataGroup id="dg1">
        <property name="temperature"                   id="x1"   label="T"     sourcetype="digitized"  units="K"    />
        <property name="laminar burning velocity"      id="x2"   label="Sl"    sourcetype="digitized"  units="cm/s" />
        <property name="uncertainty"                   id="x3"   label="d_Sl"  sourcetype="digitized"  units="cm/s"  reference="laminar burning velocity"  kind="absolute"  bound="plus"  />
        <property name="uncertainty"                   id="x4"   label="d_Sl"  sourcetype="digitized"  units="cm/s"  reference="laminar burning velocity"  kind="absolute"  bound="minus" />
        <property name="evaluated standard deviation"  id="x5"   sourcetype="estimated"  units="cm/s"  reference="laminar burning velocity"  kind="absolute"  method="combined from scatter and reported uncertainty" />

        <dataPoint><x1>289.750</x1><x2>14.3034</x2><x3>0.4930</x3><x4>0.4473</x4><x5>2.56258597862101</x5></dataPoint>
        <dataPoint><x1>316.342</x1><x2>17.1932</x2><x3>0.5926</x3><x4>0.5378</x4><x5>2.83813242196783</x5></dataPoint>
        <dataPoint><x1>332.117</x1><x2>19.0528</x2><x3>0.8244</x3><x4>0.7902</x4><x5>3.01677746289397</x5></dataPoint>
        <dataPoint><x1>349.970</x1><x2>21.3853</x2><x3>0.7371</x3><x4>0.7125</x4><x5>3.24201556799547</x5></dataPoint>
        <dataPoint><x1>378.873</x1><x2>24.9504</x2><x3>0.9150</x3><x4>0.8313</x4><x5>3.58825848899226</x5></dataPoint>
        <dataPoint><x1>405.204</x1><x2>28.2521</x2><x3>0.8505</x3><x4>0.8831</x4><x5>3.91056593427665</x5></dataPoint>
        <dataPoint><x1>428.330</x1><x2>33.0850</x2><x3>1.6519</x3><x4>1.1700</x4><x5>4.38445739313601</x5></dataPoint>
        <dataPoint><x1>450.628</x1><x2>38.0898</x2><x3>1.4806</x3><x4>1.3469</x4><x5>4.87714906709083</x5></dataPoint>
        <dataPoint><x1>467.615</x1><x2>42.1991</x2><x3>1.7327</x3><x4>2.2604</x4><x5>5.28277907831901</x5></dataPoint>
        <dataPoint><x1>487.590</x1><x2>43.8782</x2><x3>1.2248</x3><x4>1.1916</x4><x5>5.44875203460618</x5></dataPoint>
        <dataPoint><x1>511.077</x1><x2>50.1918</x2><x3>1.5105</x3><x4>1.6723</x4><x5>6.07378154485531</x5></dataPoint>
    </dataGroup>
</experiment>
