<experiment>
    <fileAuthor>Chemical Kinetics Laboratory, Institute of Chemistry, ELTE, Budapest, Hungary</fileAuthor>
    <fileDOI>10.24388/x20004065</fileDOI>
    <fileVersion>
        <major>1</major>
        <minor>0</minor>
    </fileVersion>
    <ReSpecThVersion>
        <major>2</major>
        <minor>3</minor>
    </ReSpecThVersion>
    <firstPublicationDate>2021-10-29</firstPublicationDate>
    <lastModificationDate>2021-10-29</lastModificationDate>
    <bibliographyLink>
        <description>E. Hu, Z. Huang, J. He, C. Jin, J. Zheng, Int J Hydrogen Energy 34 (2009), 4876--4888</description>
        <referenceDOI>10.1016/j.ijhydene.2009.03.058</referenceDOI>
        <location>Main article, Fig. 10b, cyan open diamond</location>
        <figure>Figure 10b</figure>
        <details>
            <author>Hu, Erjiang and Huang, Zuohua and He, Jiajia and Jin, Chun and Zheng, Jianjun</author>
            <journal>Int J Hydrogen Energy</journal>
            <number>11</number>
            <pages>4876--4888</pages>
            <title>Experimental and numerical study on laminar burning characteristics of premixed methane--hydrogen--air flames</title>
            <volume>34</volume>
            <year>2009</year>
        </details>
    </bibliographyLink>
    <experimentType>laminar burning velocity measurement</experimentType>
    <apparatus>
        <kind>flame</kind>
        <mode>premixed</mode>
        <mode>laminar</mode>
    </apparatus>
    <commonProperties>
        <property name="pressure"     label="P"  sourcetype="reported"  units="Pa" ><value>0.1e+006</value></property>
        <property name="temperature"  label="T"  sourcetype="reported"  units="K"  ><value>303</value></property>
    </commonProperties>
    <dataGroup id="dg1">
        <property name="laminar burning velocity"      id="x1"   label="Sl"     sourcetype="digitized"  units="m/s"           />
        <property name="composition"                   id="x2"   label="[CH4]"  sourcetype="digitized"  units="mole fraction" >
            <speciesLink preferredKey="CH4"  CAS="74-82-8"    InChI="1S/CH4/h1H4"  SMILES="C"     chemName="methane"  />
        </property>
        <property name="composition"                   id="x3"   label="[O2]"   sourcetype="digitized"  units="mole fraction" >
            <speciesLink preferredKey="O2"   CAS="7782-44-7"  InChI="1S/O2/c1-2"   SMILES="O=O"   chemName="oxygen"   />
        </property>
        <property name="composition"                   id="x4"   label="[N2]"   sourcetype="digitized"  units="mole fraction" >
            <speciesLink preferredKey="N2"   CAS="7727-37-9"  InChI="1S/N2/c1-2"   SMILES="N#N"   chemName="nitrogen" />
        </property>
        <property name="composition"                   id="x5"   label="[H2]"   sourcetype="digitized"  units="mole fraction" >
            <speciesLink preferredKey="H2"   CAS="1333-74-0"  InChI="1S/H2/h1H"    SMILES="[HH]"  chemName="hydrogen" />
        </property>
        <property name="evaluated standard deviation"  id="x6"   sourcetype="estimated"  units="cm/s"           reference="laminar burning velocity"  kind="absolute"  method="combined from scatter and reported uncertainty" />

        <dataPoint><x1>8.120400e-001</x1><x2>0.000000e+000</x2><x3>1.678900e-001</x3><x4>6.312665e-001</x4><x5>2.008435e-001</x5><x6>7.87098326721865</x6></dataPoint>
        <dataPoint><x1>1.193850e+000</x1><x2>0.000000e+000</x2><x3>1.626365e-001</x3><x4>6.115134e-001</x4><x5>2.258501e-001</x5><x6>10.8901808316024</x6></dataPoint>
        <dataPoint><x1>1.542510e+000</x1><x2>0.000000e+000</x2><x3>1.572787e-001</x3><x4>5.913679e-001</x4><x5>2.513534e-001</x5><x6>13.7534818397487</x6></dataPoint>
        <dataPoint><x1>1.793470e+000</x1><x2>0.000000e+000</x2><x3>1.526592e-001</x3><x4>5.739985e-001</x4><x5>2.733424e-001</x5> <x6>15.845421825684</x6></dataPoint>
        <dataPoint><x1>2.045330e+000</x1><x2>0.000000e+000</x2><x3>1.480990e-001</x3><x4>5.568522e-001</x4><x5>2.950488e-001</x5><x6>17.9606484197855</x6></dataPoint>
        <dataPoint><x1>2.296290e+000</x1><x2>0.000000e+000</x2><x3>1.438352e-001</x3><x4>5.408204e-001</x4><x5>3.153443e-001</x5><x6>20.0790863194951</x6></dataPoint>
        <dataPoint><x1>2.504230e+000</x1><x2>0.000000e+000</x2><x3>1.397800e-001</x3><x4>5.255727e-001</x4><x5>3.346473e-001</x5>  <x6>21.84028544117</x6></dataPoint>
        <dataPoint><x1>2.644050e+000</x1><x2>0.000000e+000</x2><x3>1.359756e-001</x3><x4>5.112683e-001</x4><x5>3.527561e-001</x5><x6>23.0268730087652</x6></dataPoint>
        <dataPoint><x1>2.779390e+000</x1><x2>0.000000e+000</x2><x3>1.323728e-001</x3><x4>4.977219e-001</x4><x5>3.699053e-001</x5><x6>24.1769340400601</x6></dataPoint>
        <dataPoint><x1>2.929960e+000</x1><x2>0.000000e+000</x2><x3>1.258096e-001</x3><x4>4.730440e-001</x4><x5>4.011464e-001</x5><x6>25.4578938383998</x6></dataPoint>
        <dataPoint><x1>2.968500e+000</x1><x2>0.000000e+000</x2><x3>1.196438e-001</x3><x4>4.498609e-001</x4><x5>4.304953e-001</x5><x6>25.7859930505478</x6></dataPoint>
        <dataPoint><x1>2.871700e+000</x1><x2>0.000000e+000</x2><x3>1.092407e-001</x3><x4>4.107449e-001</x4><x5>4.800144e-001</x5><x6>24.9620818486219</x6></dataPoint>
        <dataPoint><x1>2.653910e+000</x1><x2>0.000000e+000</x2><x3>1.003454e-001</x3><x4>3.772987e-001</x4><x5>5.223559e-001</x5><x6>23.1106121636961</x6></dataPoint>
        <dataPoint><x1>2.480030e+000</x1><x2>0.000000e+000</x2><x3>9.293680e-002</x3><x4>3.494424e-001</x4><x5>5.576208e-001</x5><x6>21.6350890940496</x6></dataPoint>
        <dataPoint><x1>2.093730e+000</x1><x2>0.000000e+000</x2><x3>8.506208e-002</x3><x4>3.198334e-001</x4><x5>5.951045e-001</x5><x6>18.3684875734227</x6></dataPoint>
        <dataPoint><x1>1.745070e+000</x1><x2>0.000000e+000</x2><x3>7.847483e-002</x3><x4>2.950653e-001</x4><x5>6.264598e-001</x5><x6>15.4405507862674</x6></dataPoint>
        <dataPoint><x1>1.575670e+000</x1><x2>0.000000e+000</x2><x3>7.265393e-002</x3><x4>2.731788e-001</x4><x5>6.541673e-001</x5><x6>14.0287434067896</x6></dataPoint>
    </dataGroup>
</experiment>
