<experiment>
    <fileAuthor>Chemical Kinetics Laboratory, Institute of Chemistry, ELTE, Budapest, Hungary</fileAuthor>
    <fileDOI>10.24388/x20004103</fileDOI>
    <fileVersion>
        <major>1</major>
        <minor>0</minor>
    </fileVersion>
    <ReSpecThVersion>
        <major>2</major>
        <minor>3</minor>
    </ReSpecThVersion>
    <firstPublicationDate>2021-10-29</firstPublicationDate>
    <lastModificationDate>2021-10-29</lastModificationDate>
    <bibliographyLink>
        <description>A.A. Konnov, R. Riemeijer, L.P.H.{. Goey}, Fuel 89 (2010), 1392-1396</description>
        <referenceDOI>10.1016/j.fuel.2009.11.002</referenceDOI>
        <location>Main article, Fig. 4, open square</location>
        <figure>Figure 4</figure>
        <details>
            <author>A.A. Konnov and R. Riemeijer and L.P.H. {de Goey}</author>
            <journal>Fuel</journal>
            <number>7</number>
            <pages>1392-1396</pages>
            <title>Adiabatic laminar burning velocities of CH4+H2+air flames at low pressures</title>
            <volume>89</volume>
            <year>2010</year>
        </details>
    </bibliographyLink>
    <experimentType>laminar burning velocity measurement</experimentType>
    <apparatus>
        <kind>flame</kind>
        <mode>premixed</mode>
        <mode>laminar</mode>
    </apparatus>
    <commonProperties>
        <property name="pressure"                      label="P"  sourcetype="reported"   units="Pa"   ><value>60000</value></property>
        <property name="temperature"                   label="T"  sourcetype="reported"   units="K"    ><value>298</value></property>
        <property name="evaluated standard deviation"  sourcetype="estimated"  units="cm/s"  reference="laminar burning velocity"  kind="absolute"  method="combined from scatter and reported uncertainty" ><value>1.3678210096337</value></property>
    </commonProperties>
    <dataGroup id="dg1">
        <property name="laminar burning velocity"  id="x1"   label="Sl"     sourcetype="digitized"  units="cm/s"          />
        <property name="composition"               id="x2"   label="[CH4]"  sourcetype="digitized"  units="mole fraction" >
            <speciesLink preferredKey="CH4"  CAS="74-82-8"    InChI="1S/CH4/h1H4"  SMILES="C"     chemName="methane"  />
        </property>
        <property name="composition"               id="x3"   label="[O2]"   sourcetype="digitized"  units="mole fraction" >
            <speciesLink preferredKey="O2"   CAS="7782-44-7"  InChI="1S/O2/c1-2"   SMILES="O=O"   chemName="oxygen"   />
        </property>
        <property name="composition"               id="x4"   label="[N2]"   sourcetype="digitized"  units="mole fraction" >
            <speciesLink preferredKey="N2"   CAS="7727-37-9"  InChI="1S/N2/c1-2"   SMILES="N#N"   chemName="nitrogen" />
        </property>
        <property name="composition"               id="x5"   label="[H2]"   sourcetype="digitized"  units="mole fraction" >
            <speciesLink preferredKey="H2"   CAS="1333-74-0"  InChI="1S/H2/h1H"    SMILES="[HH]"  chemName="hydrogen" />
        </property>

        <dataPoint><x1>3.419837e+001</x1><x2>7.565960e-002</x2><x3>1.942890e-001</x3><x4>7.216448e-001</x4><x5>8.406622e-003</x5></dataPoint>
        <dataPoint><x1>4.145431e+001</x1><x2>8.421676e-002</x2><x3>1.922721e-001</x3><x4>7.141537e-001</x4><x5>9.357418e-003</x5></dataPoint>
        <dataPoint><x1>4.666676e+001</x1><x2>9.268528e-002</x2><x3>1.902762e-001</x3><x4>7.067402e-001</x4><x5>1.029837e-002</x5></dataPoint>
        <dataPoint><x1>4.699030e+001</x1><x2>1.009009e-001</x2><x3>1.883399e-001</x3><x4>6.995480e-001</x4><x5>1.121121e-002</x5></dataPoint>
        <dataPoint><x1>4.296976e+001</x1><x2>1.089318e-001</x2><x3>1.864470e-001</x3><x4>6.925176e-001</x4><x5>1.210354e-002</x5></dataPoint>
        <dataPoint><x1>3.292500e+001</x1><x2>1.168092e-001</x2><x3>1.845904e-001</x3><x4>6.856216e-001</x4><x5>1.297880e-002</x5></dataPoint>
        <dataPoint><x1>2.369762e+001</x1><x2>1.245190e-001</x2><x3>1.827733e-001</x3><x4>6.788723e-001</x4><x5>1.383545e-002</x5></dataPoint>
    </dataGroup>
</experiment>
