<experiment>
    <fileAuthor>Chemical Kinetics Laboratory, Institute of Chemistry, ELTE, Budapest, Hungary</fileAuthor>
    <fileDOI>10.24388/x20004472</fileDOI>
    <fileVersion>
        <major>1</major>
        <minor>0</minor>
    </fileVersion>
    <ReSpecThVersion>
        <major>2</major>
        <minor>3</minor>
    </ReSpecThVersion>
    <firstPublicationDate>2021-10-29</firstPublicationDate>
    <lastModificationDate>2021-10-29</lastModificationDate>
    <bibliographyLink>
        <description>Z. Chen, X. Qin, B. Xu, Y. Ju, F. Liu, Proceedings of the Combustion Institute 31 (2007), 2693--2700</description>
        <referenceDOI>10.1016/j.proci.2006.07.202</referenceDOI>
        <location>Main article</location>
        <figure>Fig.6., full square</figure>
        <details>
            <author>Zheng Chen and Xiao Qin and Bo Xu and Yiguang Ju and Fengshan Liu</author>
            <journal>Proceedings of the Combustion Institute</journal>
            <month>jan</month>
            <number>2</number>
            <pages>2693--2700</pages>
            <publisher>Elsevier {BV}</publisher>
            <title>Studies of radiation absorption on flame speed and flammability limit of {CO}2 diluted methane flames at elevated pressures</title>
            <volume>31</volume>
            <year>2007</year>
        </details>
    </bibliographyLink>
    <experimentType>laminar burning velocity measurement</experimentType>
    <apparatus>
        <kind>flame</kind>
        <mode>premixed</mode>
        <mode>laminar</mode>
    </apparatus>
    <commonProperties>
        <property name="pressure"                      label="P"  sourcetype="reported"   units="atm"  ><value>5</value></property>
        <property name="temperature"                   label="T"  sourcetype="reported"   units="K"    ><value>298</value></property>
        <property name="evaluated standard deviation"  sourcetype="estimated"  units="cm/s"  reference="laminar burning velocity"  kind="absolute"  method="generic uncertainty" ><value>0.5</value></property>
    </commonProperties>
    <dataGroup id="dg1">
        <property name="laminar burning velocity"  id="x1"   label="Sl"     sourcetype="digitized"   units="cm/s"          />
        <property name="composition"               id="x2"   label="[CH4]"  sourcetype="calculated"  units="mole fraction" >
            <speciesLink preferredKey="CH4"  CAS="74-82-8"    InChI="1S/CH4/h1H4"    SMILES="C"        chemName="methane"        />
        </property>
        <property name="composition"               id="x3"   label="[O2]"   sourcetype="calculated"  units="mole fraction" >
            <speciesLink preferredKey="O2"   CAS="7782-44-7"  InChI="1S/O2/c1-2"     SMILES="O=O"      chemName="oxygen"         />
        </property>
        <property name="composition"               id="x4"   label="[He]"   sourcetype="calculated"  units="mole fraction" >
            <speciesLink preferredKey="He"   CAS="7440-59-7"  InChI="1S/He"          SMILES="[He]"     chemName="helium"         />
        </property>
        <property name="composition"               id="x5"   label="[CO2]"  sourcetype="calculated"  units="mole fraction" >
            <speciesLink preferredKey="CO2"  CAS="124-38-9"   InChI="1S/CO2/c2-1-3"  SMILES="C(=O)=O"  chemName="carbon dioxide" />
        </property>

        <dataPoint><x1>4.709630e+000</x1><x2>7.866369e-002</x2><x3>2.764009e-001</x3><x4>1.842673e-001</x4><x5>4.606682e-001</x5></dataPoint>
        <dataPoint><x1>5.543480e+000</x1><x2>8.248042e-002</x2><x3>2.752559e-001</x3><x4>1.835039e-001</x4><x5>4.587598e-001</x5></dataPoint>
        <dataPoint><x1>9.568320e+000</x1><x2>9.487518e-002</x2><x3>2.715374e-001</x3><x4>1.810250e-001</x4><x5>4.525624e-001</x5></dataPoint>
        <dataPoint><x1>1.344410e+001</x1><x2>1.070352e-001</x2><x3>2.678894e-001</x3><x4>1.785930e-001</x4><x5>4.464824e-001</x5></dataPoint>
    </dataGroup>
</experiment>
