<experiment>
    <fileAuthor>Chemical Kinetics Laboratory, Institute of Chemistry, ELTE, Budapest, Hungary</fileAuthor>
    <fileDOI>10.24388/x20004308</fileDOI>
    <fileVersion>
        <major>1</major>
        <minor>0</minor>
    </fileVersion>
    <ReSpecThVersion>
        <major>2</major>
        <minor>3</minor>
    </ReSpecThVersion>
    <firstPublicationDate>2021-10-29</firstPublicationDate>
    <lastModificationDate>2021-10-29</lastModificationDate>
    <bibliographyLink>
        <description>H. Miao, Y. Liu, Fuel 121 (2014), 208--215</description>
        <referenceDOI>10.1016/j.fuel.2013.12.039</referenceDOI>
        <location>Main article, Fig. 4, dash</location>
        <figure>Figure 4</figure>
        <details>
            <author>Haiyan Miao and Yan Liu</author>
            <journal>Fuel</journal>
            <month>apr</month>
            <pages>208--215</pages>
            <publisher>Elsevier {BV}</publisher>
            <title>Measuring the laminar burning velocity and Markstein length of premixed methane/nitrogen/air mixtures with the consideration of nonlinear stretch effects</title>
            <volume>121</volume>
            <year>2014</year>
        </details>
    </bibliographyLink>
    <experimentType>laminar burning velocity measurement</experimentType>
    <apparatus>
        <kind>flame</kind>
        <mode>premixed</mode>
        <mode>laminar</mode>
    </apparatus>
    <commonProperties>
        <property name="pressure"     label="P"  sourcetype="estimated"  units="atm" ><value>1</value></property>
        <property name="temperature"  label="T"  sourcetype="estimated"  units="K"   ><value>298</value></property>
    </commonProperties>
    <dataGroup id="dg1">
        <property name="laminar burning velocity"      id="x1"   label="Sl"     sourcetype="digitized"  units="cm/s"          />
        <property name="composition"                   id="x2"   label="[CH4]"  sourcetype="digitized"  units="mole fraction" >
            <speciesLink preferredKey="CH4"  CAS="74-82-8"    InChI="1S/CH4/h1H4"  SMILES="C"    chemName="methane"  />
        </property>
        <property name="composition"                   id="x3"   label="[O2]"   sourcetype="digitized"  units="mole fraction" >
            <speciesLink preferredKey="O2"   CAS="7782-44-7"  InChI="1S/O2/c1-2"   SMILES="O=O"  chemName="oxygen"   />
        </property>
        <property name="composition"                   id="x4"   label="[N2]"   sourcetype="digitized"  units="mole fraction" >
            <speciesLink preferredKey="N2"   CAS="7727-37-9"  InChI="1S/N2/c1-2"   SMILES="N#N"  chemName="nitrogen" />
        </property>
        <property name="evaluated standard deviation"  id="x5"   sourcetype="estimated"  units="cm/s"           reference="laminar burning velocity"  kind="absolute"  method="combined from scatter and estimated uncertainty" />

        <dataPoint><x1>9.908780e+000</x1><x2>5.892826e-002</x2><x3>1.964963e-001</x3><x4>7.445754e-001</x4><x5>1.46638120051404</x5></dataPoint>
        <dataPoint><x1>2.597491e+001</x1><x2>7.672100e-002</x2><x3>1.917785e-001</x3><x4>7.315005e-001</x4><x5>1.89513954532912</x5></dataPoint>
        <dataPoint><x1>3.298746e+001</x1><x2>9.377445e-002</x2><x3>1.872568e-001</x3><x4>7.189688e-001</x4><x5>2.15063835072962</x5></dataPoint>
        <dataPoint><x1>3.375143e+001</x1><x2>1.018465e-001</x2><x3>1.851165e-001</x3><x4>7.130371e-001</x4><x5>2.18007146445071</x5></dataPoint>
        <dataPoint><x1>2.673888e+001</x1><x2>1.098039e-001</x2><x3>1.830065e-001</x3><x4>7.071895e-001</x4><x5>1.92151848329284</x5></dataPoint>
    </dataGroup>
</experiment>
