<experiment>
    <fileAuthor>Chemical Kinetics Laboratory, Institute of Chemistry, ELTE, Budapest, Hungary</fileAuthor>
    <fileDOI>10.24388/x20004021</fileDOI>
    <fileVersion>
        <major>1</major>
        <minor>0</minor>
    </fileVersion>
    <ReSpecThVersion>
        <major>2</major>
        <minor>3</minor>
    </ReSpecThVersion>
    <firstPublicationDate>2021-10-29</firstPublicationDate>
    <lastModificationDate>2021-10-29</lastModificationDate>
    <bibliographyLink>
        <description>G. Rozenchan, D.L. Zhu, C.K. Law, S.D. Tse, Proceedings of the Combustion Institute 29 (2002), 1461--1470</description>
        <referenceDOI>10.1016/S1540-7489(02)80179-1</referenceDOI>
        <location>Main article, Fig. 3, full circle</location>
        <figure>Figure 3</figure>
        <details>
            <author>G. Rozenchan and D.L. Zhu and C.K. Law and S.D. Tse</author>
            <journal>Proceedings of the Combustion Institute</journal>
            <month>jan</month>
            <number>2</number>
            <pages>1461--1470</pages>
            <publisher>Elsevier {BV}</publisher>
            <title>Outward propagation, burning velocities, and chemical effects of methane flames up to 60 {ATM}</title>
            <volume>29</volume>
            <year>2002</year>
        </details>
    </bibliographyLink>
    <experimentType>laminar burning velocity measurement</experimentType>
    <apparatus>
        <kind>flame</kind>
        <mode>premixed</mode>
        <mode>laminar</mode>
    </apparatus>
    <commonProperties>
        <property name="pressure"     label="P"  sourcetype="reported"  units="atm" ><value>2.0</value></property>
        <property name="temperature"  label="T"  sourcetype="reported"  units="K"   ><value>298</value></property>
    </commonProperties>
    <dataGroup id="dg1">
        <property name="laminar burning velocity"      id="x1"   label="Sl"     sourcetype="digitized"  units="cm/s"          />
        <property name="composition"                   id="x2"   label="[CH4]"  sourcetype="digitized"  units="mole fraction" >
            <speciesLink preferredKey="CH4"  CAS="74-82-8"    InChI="1S/CH4/h1H4"  SMILES="C"    chemName="methane"  />
        </property>
        <property name="composition"                   id="x3"   label="[O2]"   sourcetype="digitized"  units="mole fraction" >
            <speciesLink preferredKey="O2"   CAS="7782-44-7"  InChI="1S/O2/c1-2"   SMILES="O=O"  chemName="oxygen"   />
        </property>
        <property name="composition"                   id="x4"   label="[N2]"   sourcetype="digitized"  units="mole fraction" >
            <speciesLink preferredKey="N2"   CAS="7727-37-9"  InChI="1S/N2/c1-2"   SMILES="N#N"  chemName="nitrogen" />
        </property>
        <property name="evaluated standard deviation"  id="x5"   sourcetype="estimated"  units="cm/s"           reference="laminar burning velocity"  kind="absolute"  method="combined from scatter and estimated uncertainty" />

        <dataPoint><x1>4.050420e+000</x1><x2>5.987593e-002</x2><x3>1.994203e-001</x3><x4>7.407038e-001</x4><x5>0.903448550992252</x5></dataPoint>
        <dataPoint><x1>1.029925e+001</x1><x2>6.917024e-002</x2><x3>1.974487e-001</x3><x4>7.333810e-001</x4> <x5>1.01999554178205</x5></dataPoint>
        <dataPoint><x1>1.790528e+001</x1><x2>7.828258e-002</x2><x3>1.955158e-001</x3><x4>7.262016e-001</x4> <x5>1.25566801287004</x5></dataPoint>
        <dataPoint><x1>2.371583e+001</x1><x2>8.711483e-002</x2><x3>1.936423e-001</x3><x4>7.192429e-001</x4> <x5>1.47692451070502</x5></dataPoint>
        <dataPoint><x1>2.763902e+001</x1><x2>9.591382e-002</x2><x3>1.917759e-001</x3><x4>7.123103e-001</x4> <x5>1.63859485390685</x5></dataPoint>
        <dataPoint><x1>2.823987e+001</x1><x2>1.043951e-001</x2><x3>1.899768e-001</x3><x4>7.056281e-001</x4> <x5>1.66401026826497</x5></dataPoint>
        <dataPoint><x1>2.463478e+001</x1><x2>1.128790e-001</x2><x3>1.881772e-001</x3><x4>6.989438e-001</x4> <x5>1.51406257894778</x5></dataPoint>
        <dataPoint><x1>2.014609e+001</x1><x2>1.211980e-001</x2><x3>1.864125e-001</x3><x4>6.923895e-001</x4> <x5>1.33785906752888</x5></dataPoint>
        <dataPoint><x1>1.126060e+001</x1><x2>1.294355e-001</x2><x3>1.846652e-001</x3><x4>6.858993e-001</x4> <x5>1.04508722590461</x5></dataPoint>
    </dataGroup>
</experiment>
