<experiment>
    <fileAuthor>Chemical Kinetics Laboratory, Institute of Chemistry, ELTE, Budapest, Hungary</fileAuthor>
    <fileDOI>10.24388/x20004423</fileDOI>
    <fileVersion>
        <major>1</major>
        <minor>0</minor>
    </fileVersion>
    <ReSpecThVersion>
        <major>2</major>
        <minor>3</minor>
    </ReSpecThVersion>
    <firstPublicationDate>2021-10-29</firstPublicationDate>
    <lastModificationDate>2021-10-29</lastModificationDate>
    <bibliographyLink>
        <description>K.J. BOSSCHAART, L.P.H. GOEY, Combustion Science and Technology 176 (2004), 1537--1564</description>
        <referenceDOI>10.1080/00102200490473738</referenceDOI>
        <location>Main article</location>
        <figure>Fig.11., full circle</figure>
        <details>
            <author>K. J. BOSSCHAART and L. P. H. GOEY</author>
            <journal>Combustion Science and Technology</journal>
            <month>sep</month>
            <number>9</number>
            <pages>1537--1564</pages>
            <publisher>Informa {UK} Limited</publisher>
            <title>EXTENSION} {OF} {THE} {HEAT} {FLUX} {METHOD} {TO} {SUBATMOSPHERIC} {PRESSURES</title>
            <volume>176</volume>
            <year>2004</year>
        </details>
    </bibliographyLink>
    <experimentType>laminar burning velocity measurement</experimentType>
    <apparatus>
        <kind>flame</kind>
        <mode>premixed</mode>
        <mode>laminar</mode>
    </apparatus>
    <commonProperties>
        <property name="pressure"     label="P"  sourcetype="reported"  units="mbar" ><value>200</value></property>
        <property name="temperature"  label="T"  sourcetype="reported"  units="K"    ><value>295</value></property>
    </commonProperties>
    <dataGroup id="dg1">
        <property name="laminar burning velocity"      id="x1"   label="Sl"     sourcetype="digitized"   units="cm/s"          />
        <property name="composition"                   id="x2"   label="[CH4]"  sourcetype="calculated"  units="mole fraction" >
            <speciesLink preferredKey="CH4"  CAS="74-82-8"    InChI="1S/CH4/h1H4"  SMILES="C"    chemName="methane"  />
        </property>
        <property name="composition"                   id="x3"   label="[O2]"   sourcetype="calculated"  units="mole fraction" >
            <speciesLink preferredKey="O2"   CAS="7782-44-7"  InChI="1S/O2/c1-2"   SMILES="O=O"  chemName="oxygen"   />
        </property>
        <property name="composition"                   id="x4"   label="[N2]"   sourcetype="calculated"  units="mole fraction" >
            <speciesLink preferredKey="N2"   CAS="7727-37-9"  InChI="1S/N2/c1-2"   SMILES="N#N"  chemName="nitrogen" />
        </property>
        <property name="evaluated standard deviation"  id="x5"   sourcetype="estimated"   units="cm/s"           reference="laminar burning velocity"  kind="absolute"  method="combined from scatter and reported uncertainty" />

        <dataPoint><x1>3.046170e+001</x1><x2>6.910223e-002</x2><x3>1.974632e-001</x3><x4>7.334346e-001</x4> <x5>2.41659976125547</x5></dataPoint>
        <dataPoint><x1>4.063881e+001</x1><x2>7.819156e-002</x2><x3>1.955351e-001</x3><x4>7.262733e-001</x4> <x5>1.74210321338892</x5></dataPoint>
        <dataPoint><x1>4.859613e+001</x1><x2>8.708655e-002</x2><x3>1.936483e-001</x3><x4>7.192651e-001</x4> <x5>1.42010407315802</x5></dataPoint>
        <dataPoint><x1>5.219324e+001</x1><x2>9.590081e-002</x2><x3>1.917786e-001</x3><x4>7.123206e-001</x4> <x5>1.04082749584165</x5></dataPoint>
        <dataPoint><x1>5.255764e+001</x1><x2>1.001702e-001</x2><x3>1.908730e-001</x3><x4>7.089569e-001</x4><x5>0.953635590044751</x5></dataPoint>
        <dataPoint><x1>5.161294e+001</x1><x2>1.043874e-001</x2><x3>1.899784e-001</x3><x4>7.056341e-001</x4> <x5>1.01175961379173</x5></dataPoint>
        <dataPoint><x1>4.556784e+001</x1><x2>1.129324e-001</x2><x3>1.881658e-001</x3><x4>6.989017e-001</x4> <x5>1.30320847376772</x5></dataPoint>
        <dataPoint><x1>3.338742e+001</x1><x2>1.211308e-001</x2><x3>1.864268e-001</x3><x4>6.924424e-001</x4> <x5>1.97659350299954</x5></dataPoint>
    </dataGroup>
</experiment>
