<experiment>
    <fileAuthor>Chemical Kinetics Laboratory, Institute of Chemistry, ELTE, Budapest, Hungary</fileAuthor>
    <fileDOI>10.24388/x20004126</fileDOI>
    <fileVersion>
        <major>1</major>
        <minor>0</minor>
    </fileVersion>
    <ReSpecThVersion>
        <major>2</major>
        <minor>3</minor>
    </ReSpecThVersion>
    <firstPublicationDate>2021-10-29</firstPublicationDate>
    <lastModificationDate>2021-10-29</lastModificationDate>
    <bibliographyLink>
        <description>F. COPPENS, J. DERUYCK, A. KONNOV, Combustion and Flame 149 (2007), 409--417</description>
        <referenceDOI>10.1016/j.combustflame.2007.02.004</referenceDOI>
        <location>Main article, Fig. 5, full triangle</location>
        <figure>Figure 6</figure>
        <details>
            <author>F COPPENS and J DERUYCK and A KONNOV</author>
            <journal>Combustion and Flame</journal>
            <month>jun</month>
            <number>4</number>
            <pages>409--417</pages>
            <publisher>Elsevier {BV}</publisher>
            <title>The effects of composition on burning velocity and nitric oxide formation in laminar premixed flames of {CH}4 $\mathplus$ H2 $\mathplus$ O2 $\mathplus$ N2</title>
            <volume>149</volume>
            <year>2007</year>
        </details>
    </bibliographyLink>
    <experimentType>laminar burning velocity measurement</experimentType>
    <apparatus>
        <kind>flame</kind>
        <mode>premixed</mode>
        <mode>laminar</mode>
    </apparatus>
    <commonProperties>
        <property name="pressure"                      label="P"  sourcetype="reported"   units="atm"  ><value>1</value></property>
        <property name="temperature"                   label="T"  sourcetype="reported"   units="K"    ><value>298</value></property>
        <property name="evaluated standard deviation"  sourcetype="estimated"  units="cm/s"  reference="laminar burning velocity"  kind="absolute"  method="generic uncertainty" ><value>0.5</value></property>
    </commonProperties>
    <dataGroup id="dg1">
        <property name="laminar burning velocity"  id="x1"   label="Sl"     sourcetype="digitized"  units="cm/s"          />
        <property name="composition"               id="x2"   label="[CH4]"  sourcetype="digitized"  units="mole fraction" >
            <speciesLink preferredKey="CH4"  CAS="74-82-8"    InChI="1S/CH4/h1H4"  SMILES="C"     chemName="methane"  />
        </property>
        <property name="composition"               id="x3"   label="[O2]"   sourcetype="digitized"  units="mole fraction" >
            <speciesLink preferredKey="O2"   CAS="7782-44-7"  InChI="1S/O2/c1-2"   SMILES="O=O"   chemName="oxygen"   />
        </property>
        <property name="composition"               id="x4"   label="[N2]"   sourcetype="digitized"  units="mole fraction" >
            <speciesLink preferredKey="N2"   CAS="7727-37-9"  InChI="1S/N2/c1-2"   SMILES="N#N"   chemName="nitrogen" />
        </property>
        <property name="composition"               id="x5"   label="[H2]"   sourcetype="digitized"  units="mole fraction" >
            <speciesLink preferredKey="H2"   CAS="1333-74-0"  InChI="1S/H2/h1H"    SMILES="[HH]"  chemName="hydrogen" />
        </property>

        <dataPoint><x1>1.764944e+001</x1><x2>5.787081e-002</x2><x3>1.457549e-001</x3><x4>7.652131e-001</x4><x5>3.116121e-002</x5></dataPoint>
        <dataPoint><x1>1.972887e+001</x1><x2>6.072816e-002</x2><x3>1.450515e-001</x3><x4>7.615205e-001</x4><x5>3.269978e-002</x5></dataPoint>
        <dataPoint><x1>2.164409e+001</x1><x2>6.362463e-002</x2><x3>1.443386e-001</x3><x4>7.577774e-001</x4><x5>3.425942e-002</x5></dataPoint>
        <dataPoint><x1>2.284360e+001</x1><x2>6.649504e-002</x2><x3>1.436320e-001</x3><x4>7.540680e-001</x4><x5>3.580502e-002</x5></dataPoint>
        <dataPoint><x1>2.316356e+001</x1><x2>6.927614e-002</x2><x3>1.429474e-001</x3><x4>7.504739e-001</x4><x5>3.730254e-002</x5></dataPoint>
        <dataPoint><x1>2.251415e+001</x1><x2>7.209775e-002</x2><x3>1.422529e-001</x3><x4>7.468275e-001</x4><x5>3.882187e-002</x5></dataPoint>
        <dataPoint><x1>2.073170e+001</x1><x2>7.483301e-002</x2><x3>1.415796e-001</x3><x4>7.432927e-001</x4><x5>4.029470e-002</x5></dataPoint>
    </dataGroup>
</experiment>
