<experiment>
    <fileAuthor>Chemical Kinetics Laboratory, Institute of Chemistry, ELTE, Budapest, Hungary</fileAuthor>
    <fileDOI>10.24388/x20004393</fileDOI>
    <fileVersion>
        <major>1</major>
        <minor>0</minor>
    </fileVersion>
    <ReSpecThVersion>
        <major>2</major>
        <minor>3</minor>
    </ReSpecThVersion>
    <firstPublicationDate>2021-10-29</firstPublicationDate>
    <lastModificationDate>2021-10-29</lastModificationDate>
    <bibliographyLink>
        <description>A.A. Konnov, I.V. Dyakov, Proceedings of the Combustion Institute 32 (2009), 319--326</description>
        <referenceDOI>10.1016/j.proci.2008.07.020</referenceDOI>
        <location>Main article</location>
        <figure>Fig. 1., full square</figure>
        <details>
            <author>A.A. Konnov and I.V. Dyakov</author>
            <journal>Proceedings of the Combustion Institute</journal>
            <number>1</number>
            <pages>319--326</pages>
            <publisher>Elsevier {BV}</publisher>
            <title>Nitrous oxide conversion in laminar premixed flames of {CH}4$\mathplus$O2$\mathplus$Ar</title>
            <volume>32</volume>
            <year>2009</year>
        </details>
    </bibliographyLink>
    <experimentType>laminar burning velocity measurement</experimentType>
    <apparatus>
        <kind>flame</kind>
        <mode>premixed</mode>
        <mode>laminar</mode>
    </apparatus>
    <commonProperties>
        <property name="pressure"                      label="P"  sourcetype="reported"   units="atm"  ><value>1</value></property>
        <property name="temperature"                   label="T"  sourcetype="reported"   units="K"    ><value>298</value></property>
        <property name="evaluated standard deviation"  sourcetype="estimated"  units="cm/s"  reference="laminar burning velocity"  kind="absolute"  method="combined from scatter and reported uncertainty" ><value>0.600666199689145</value></property>
    </commonProperties>
    <dataGroup id="dg1">
        <property name="laminar burning velocity"  id="x1"   label="Sl"     sourcetype="digitized"   units="cm/s"          />
        <property name="composition"               id="x2"   label="[CH4]"  sourcetype="calculated"  units="mole fraction" >
            <speciesLink preferredKey="CH4"  CAS="74-82-8"    InChI="1S/CH4/h1H4"  SMILES="C"     chemName="methane" />
        </property>
        <property name="composition"               id="x3"   label="[O2]"   sourcetype="calculated"  units="mole fraction" >
            <speciesLink preferredKey="O2"   CAS="7782-44-7"  InChI="1S/O2/c1-2"   SMILES="O=O"   chemName="oxygen"  />
        </property>
        <property name="composition"               id="x4"   label="[Ar]"   sourcetype="calculated"  units="mole fraction" >
            <speciesLink preferredKey="Ar"   CAS="7440-37-1"  InChI="1S/Ar"        SMILES="[Ar]"  chemName="argon"   />
        </property>

        <dataPoint><x1>1.619296e+001</x1><x2>4.851136e-002</x2><x3>1.617531e-001</x3><x4>7.897356e-001</x4></dataPoint>
        <dataPoint><x1>2.644068e+001</x1><x2>5.624791e-002</x2><x3>1.604379e-001</x3><x4>7.833142e-001</x4></dataPoint>
        <dataPoint><x1>3.521773e+001</x1><x2>6.372630e-002</x2><x3>1.591665e-001</x3><x4>7.771072e-001</x4></dataPoint>
        <dataPoint><x1>4.264928e+001</x1><x2>7.108637e-002</x2><x3>1.579153e-001</x3><x4>7.709983e-001</x4></dataPoint>
        <dataPoint><x1>4.776532e+001</x1><x2>7.846158e-002</x2><x3>1.566615e-001</x3><x4>7.648769e-001</x4></dataPoint>
        <dataPoint><x1>4.912647e+001</x1><x2>8.205029e-002</x2><x3>1.560515e-001</x3><x4>7.618983e-001</x4></dataPoint>
        <dataPoint><x1>4.943937e+001</x1><x2>8.548322e-002</x2><x3>1.554679e-001</x3><x4>7.590489e-001</x4></dataPoint>
        <dataPoint><x1>4.870404e+001</x1><x2>8.899922e-002</x2><x3>1.548701e-001</x3><x4>7.561306e-001</x4></dataPoint>
        <dataPoint><x1>4.671708e+001</x1><x2>9.263247e-002</x2><x3>1.542525e-001</x3><x4>7.531150e-001</x4></dataPoint>
        <dataPoint><x1>3.992699e+001</x1><x2>9.954746e-002</x2><x3>1.530769e-001</x3><x4>7.473756e-001</x4></dataPoint>
        <dataPoint><x1>3.093090e+001</x1><x2>1.063572e-001</x2><x3>1.519193e-001</x3><x4>7.417235e-001</x4></dataPoint>
        <dataPoint><x1>2.174707e+001</x1><x2>1.131850e-001</x2><x3>1.507586e-001</x3><x4>7.360565e-001</x4></dataPoint>
    </dataGroup>
</experiment>
