<experiment>
    <fileAuthor>Chemical Kinetics Laboratory, Institute of Chemistry, ELTE, Budapest, Hungary</fileAuthor>
    <fileDOI>10.24388/x20004295</fileDOI>
    <fileVersion>
        <major>1</major>
        <minor>0</minor>
    </fileVersion>
    <ReSpecThVersion>
        <major>2</major>
        <minor>3</minor>
    </ReSpecThVersion>
    <firstPublicationDate>2021-10-29</firstPublicationDate>
    <lastModificationDate>2021-10-29</lastModificationDate>
    <bibliographyLink>
        <description>P. Dirrenberger, H.L. Gall, R. Bounaceur, O. Herbinet, P. Glaude, A. Konnov, F. Battin-Leclerc, Energy Fuels 25 (2011), 3875--3884</description>
        <referenceDOI>10.1021/ef200707h</referenceDOI>
        <location>Main article, Fig. 4a, open triangle</location>
        <figure>Figure 4a</figure>
        <details>
            <author>Patricia Dirrenberger and Herve{\'} Le Gall and Roda Bounaceur and Olivier Herbinet and Pierre-Alexandre Glaude and Alexander Konnov and Fre{\'}de{\'}rique Battin-Leclerc</author>
            <journal>Energy Fuels</journal>
            <month>sep</month>
            <number>9</number>
            <pages>3875--3884</pages>
            <publisher>American Chemical Society ({ACS})</publisher>
            <title>Measurements of Laminar Flame Velocity for Components of Natural Gas</title>
            <volume>25</volume>
            <year>2011</year>
        </details>
    </bibliographyLink>
    <experimentType>laminar burning velocity measurement</experimentType>
    <apparatus>
        <kind>flame</kind>
        <mode>premixed</mode>
        <mode>laminar</mode>
    </apparatus>
    <commonProperties>
        <property name="pressure"     label="P"  sourcetype="reported"  units="atm" ><value>1</value></property>
        <property name="temperature"  label="T"  sourcetype="reported"  units="K"   ><value>298</value></property>
    </commonProperties>
    <dataGroup id="dg1">
        <property name="laminar burning velocity"      id="x1"   label="Sl"     sourcetype="digitized"  units="cm/s"          />
        <property name="composition"                   id="x2"   label="[CH4]"  sourcetype="digitized"  units="mole fraction" >
            <speciesLink preferredKey="CH4"  CAS="74-82-8"    InChI="1S/CH4/h1H4"  SMILES="C"     chemName="methane"  />
        </property>
        <property name="composition"                   id="x3"   label="[O2]"   sourcetype="digitized"  units="mole fraction" >
            <speciesLink preferredKey="O2"   CAS="7782-44-7"  InChI="1S/O2/c1-2"   SMILES="O=O"   chemName="oxygen"   />
        </property>
        <property name="composition"                   id="x4"   label="[N2]"   sourcetype="digitized"  units="mole fraction" >
            <speciesLink preferredKey="N2"   CAS="7727-37-9"  InChI="1S/N2/c1-2"   SMILES="N#N"   chemName="nitrogen" />
        </property>
        <property name="composition"                   id="x5"   label="[H2]"   sourcetype="digitized"  units="mole fraction" >
            <speciesLink preferredKey="H2"   CAS="1333-74-0"  InChI="1S/H2/h1H"    SMILES="[HH]"  chemName="hydrogen" />
        </property>
        <property name="evaluated standard deviation"  id="x6"   sourcetype="estimated"  units="cm/s"           reference="laminar burning velocity"  kind="absolute"  method="combined from scatter and reported uncertainty" />

        <dataPoint><x1>6.475860e+000</x1><x2>4.972642e-002</x2><x3>1.984766e-001</x3><x4>7.462719e-001</x4><x5>5.525158e-003</x5><x6>0.583396242161451</x6></dataPoint>
        <dataPoint><x1>1.038981e+001</x1><x2>5.511966e-002</x2><x3>1.972176e-001</x3><x4>7.415383e-001</x4><x5>6.124407e-003</x5><x6>0.586569958321069</x6></dataPoint>
        <dataPoint><x1>1.158290e+001</x1><x2>5.789451e-002</x2><x3>1.965699e-001</x3><x4>7.391029e-001</x4><x5>6.432724e-003</x5><x6>0.587825597785655</x6></dataPoint>
        <dataPoint><x1>1.463303e+001</x1><x2>6.178304e-002</x2><x3>1.956622e-001</x3><x4>7.356900e-001</x4><x5>6.864783e-003</x5><x6>0.591639075456207</x6></dataPoint>
        <dataPoint><x1>1.666366e+001</x1><x2>6.655099e-002</x2><x3>1.945493e-001</x3><x4>7.315052e-001</x4><x5>7.394554e-003</x5><x6>0.594652499761417</x6></dataPoint>
        <dataPoint><x1>2.124068e+001</x1><x2>7.082975e-002</x2><x3>1.935505e-001</x3><x4>7.277498e-001</x4><x5>7.869972e-003</x5><x6>0.602802079749241</x6></dataPoint>
        <dataPoint><x1>2.566465e+001</x1><x2>7.529742e-002</x2><x3>1.925076e-001</x3><x4>7.238286e-001</x4><x5>8.366380e-003</x5><x6>0.612407266096481</x6></dataPoint>
        <dataPoint><x1>2.957976e+001</x1><x2>7.948707e-002</x2><x3>1.915296e-001</x3><x4>7.201514e-001</x4><x5>8.831897e-003</x5><x6>0.622261083715863</x6></dataPoint>
        <dataPoint><x1>3.331639e+001</x1><x2>8.382941e-002</x2><x3>1.905160e-001</x3><x4>7.163402e-001</x4><x5>9.314379e-003</x5><x6>0.632794367162079</x6></dataPoint>
        <dataPoint><x1>3.618797e+001</x1><x2>8.773995e-002</x2><x3>1.896032e-001</x3><x4>7.129080e-001</x4><x5>9.748883e-003</x5><x6>0.641603848515227</x6></dataPoint>
        <dataPoint><x1>3.857532e+001</x1><x2>9.199560e-002</x2><x3>1.886098e-001</x3><x4>7.091729e-001</x4><x5>1.022173e-002</x5><x6>0.649380738724217</x6></dataPoint>
        <dataPoint><x1>4.027556e+001</x1><x2>9.601772e-002</x2><x3>1.876709e-001</x3><x4>7.056427e-001</x4><x5>1.066864e-002</x5><x6>0.655161448585683</x6></dataPoint>
        <dataPoint><x1>4.111021e+001</x1><x2>1.000000e-001</x2><x3>1.867414e-001</x3><x4>7.021475e-001</x4><x5>1.111111e-002</x5><x6>0.658071051874515</x6></dataPoint>
        <dataPoint><x1>4.059533e+001</x1><x2>1.041285e-001</x2><x3>1.857777e-001</x3><x4>6.985240e-001</x4><x5>1.156983e-002</x5><x6>0.656270640411218</x6></dataPoint>
        <dataPoint><x1>3.906237e+001</x1><x2>1.080310e-001</x2><x3>1.848667e-001</x3><x4>6.950988e-001</x4><x5>1.200345e-002</x5><x6>0.651016397376019</x6></dataPoint>
        <dataPoint><x1>3.651108e+001</x1><x2>1.118955e-001</x2><x3>1.839646e-001</x3><x4>6.917071e-001</x4><x5>1.243283e-002</x5><x6>0.642632709344622</x6></dataPoint>
        <dataPoint><x1>3.276295e+001</x1><x2>1.159319e-001</x2><x3>1.830224e-001</x3><x4>6.881644e-001</x4><x5>1.288132e-002</x5><x6>0.631166852091042</x6></dataPoint>
        <dataPoint><x1>2.799679e+001</x1><x2>1.197198e-001</x2><x3>1.821382e-001</x3><x4>6.848398e-001</x4><x5>1.330220e-002</x5><x6>0.618127916813022</x6></dataPoint>
        <dataPoint><x1>2.305216e+001</x1><x2>1.236477e-001</x2><x3>1.812214e-001</x3><x4>6.813923e-001</x4><x5>1.373864e-002</x5><x6>0.606534087666505</x6></dataPoint>
        <dataPoint><x1>1.879517e+001</x1><x2>1.273616e-001</x2><x3>1.803544e-001</x3><x4>6.781327e-001</x4><x5>1.415129e-002</x5> <x6>0.59821653130472</x6></dataPoint>
        <dataPoint><x1>1.486883e+001</x1><x2>1.312423e-001</x2><x3>1.794486e-001</x3><x4>6.747267e-001</x4><x5>1.458248e-002</x5><x6>0.591969679039603</x6></dataPoint>
        <dataPoint><x1>1.333592e+001</x1><x2>1.348552e-001</x2><x3>1.786052e-001</x3><x4>6.715556e-001</x4><x5>1.498392e-002</x5><x6>0.589911953464549</x6></dataPoint>
        <dataPoint><x1>1.129379e+001</x1><x2>1.384629e-001</x2><x3>1.777631e-001</x3><x4>6.683892e-001</x4><x5>1.538477e-002</x5><x6>0.587509066032798</x6></dataPoint>
        <dataPoint><x1>8.889790e+000</x1><x2>1.455772e-001</x2><x3>1.761024e-001</x3><x4>6.621451e-001</x4><x5>1.617525e-002</x5><x6>0.585181662447851</x6></dataPoint>
        <dataPoint><x1>7.019840e+000</x1><x2>1.529135e-001</x2><x3>1.743899e-001</x3><x4>6.557062e-001</x4><x5>1.699039e-002</x5><x6>0.583750056621359</x6></dataPoint>
        <dataPoint><x1>6.321540e+000</x1><x2>1.597622e-001</x2><x3>1.727913e-001</x3><x4>6.496951e-001</x4><x5>1.775136e-002</x5><x6>0.583301026518386</x6></dataPoint>
        <dataPoint><x1>4.783110e+000</x1><x2>1.664859e-001</x2><x3>1.712218e-001</x3><x4>6.437939e-001</x4><x5>1.849843e-002</x5><x6>0.582476718771279</x6></dataPoint>
    </dataGroup>
</experiment>
