<experiment>
    <fileAuthor>Chemical Kinetics Laboratory, Institute of Chemistry, ELTE, Budapest, Hungary</fileAuthor>
    <fileDOI>10.24388/x20004096</fileDOI>
    <fileVersion>
        <major>1</major>
        <minor>0</minor>
    </fileVersion>
    <ReSpecThVersion>
        <major>2</major>
        <minor>3</minor>
    </ReSpecThVersion>
    <firstPublicationDate>2021-10-29</firstPublicationDate>
    <lastModificationDate>2021-10-29</lastModificationDate>
    <bibliographyLink>
        <description>O. Park, P.S. Veloo, N. Liu, F.N. Egolfopoulos, Proceedings of the Combustion Institute 33 (2011), 887-894</description>
        <referenceDOI>10.1016/j.proci.2010.06.116</referenceDOI>
        <location>Main article, Fig. 7a, full triangle</location>
        <figure>Figure 7a</figure>
        <details>
            <author>Okjoo Park and Peter S. Veloo and Ning Liu and Fokion N. Egolfopoulos</author>
            <journal>Proceedings of the Combustion Institute</journal>
            <number>1</number>
            <pages>887-894</pages>
            <title>Combustion characteristics of alternative gaseous fuels</title>
            <volume>33</volume>
            <year>2011</year>
        </details>
    </bibliographyLink>
    <experimentType>laminar burning velocity measurement</experimentType>
    <apparatus>
        <kind>flame</kind>
        <mode>premixed</mode>
        <mode>laminar</mode>
    </apparatus>
    <commonProperties>
        <property name="pressure"                      label="P"  sourcetype="reported"   units="atm"  ><value>2</value></property>
        <property name="temperature"                   label="T"  sourcetype="reported"   units="K"    ><value>298</value></property>
        <property name="evaluated standard deviation"  sourcetype="estimated"  units="cm/s"  reference="laminar burning velocity"  kind="absolute"  method="combined from scatter and reported uncertainty" ><value>0.734311505441662</value></property>
    </commonProperties>
    <dataGroup id="dg1">
        <property name="laminar burning velocity"  id="x1"   label="Sl"     sourcetype="digitized"  units="cm/s"          />
        <property name="composition"               id="x2"   label="[CH4]"  sourcetype="digitized"  units="mole fraction" >
            <speciesLink preferredKey="CH4"  CAS="74-82-8"    InChI="1S/CH4/h1H4"  SMILES="C"    chemName="methane"  />
        </property>
        <property name="composition"               id="x3"   label="[O2]"   sourcetype="digitized"  units="mole fraction" >
            <speciesLink preferredKey="O2"   CAS="7782-44-7"  InChI="1S/O2/c1-2"   SMILES="O=O"  chemName="oxygen"   />
        </property>
        <property name="composition"               id="x4"   label="[N2]"   sourcetype="digitized"  units="mole fraction" >
            <speciesLink preferredKey="N2"   CAS="7727-37-9"  InChI="1S/N2/c1-2"   SMILES="N#N"  chemName="nitrogen" />
        </property>

        <dataPoint><x1>1.365466e+001</x1><x2>6.910040e-002</x2><x3>1.974636e-001</x3><x4>7.334361e-001</x4></dataPoint>
        <dataPoint><x1>1.617585e+001</x1><x2>7.359138e-002</x2><x3>1.965109e-001</x3><x4>7.298977e-001</x4></dataPoint>
        <dataPoint><x1>2.000000e+001</x1><x2>7.803652e-002</x2><x3>1.955680e-001</x3><x4>7.263955e-001</x4></dataPoint>
        <dataPoint><x1>2.348517e+001</x1><x2>8.251154e-002</x2><x3>1.946188e-001</x3><x4>7.228697e-001</x4></dataPoint>
        <dataPoint><x1>2.570975e+001</x1><x2>8.696190e-002</x2><x3>1.936747e-001</x3><x4>7.193634e-001</x4></dataPoint>
        <dataPoint><x1>2.833686e+001</x1><x2>9.594763e-002</x2><x3>1.917687e-001</x3><x4>7.122837e-001</x4></dataPoint>
        <dataPoint><x1>2.914195e+001</x1><x2>1.043202e-001</x2><x3>1.899927e-001</x3><x4>7.056871e-001</x4></dataPoint>
        <dataPoint><x1>2.508475e+001</x1><x2>1.129016e-001</x2><x3>1.881724e-001</x3><x4>6.989260e-001</x4></dataPoint>
        <dataPoint><x1>1.811441e+001</x1><x2>1.210464e-001</x2><x3>1.864447e-001</x3><x4>6.925089e-001</x4></dataPoint>
    </dataGroup>
</experiment>
