<experiment>
    <fileAuthor>Chemical Kinetics Laboratory, Institute of Chemistry, ELTE, Budapest, Hungary</fileAuthor>
    <fileDOI>10.24388/x20004505</fileDOI>
    <fileVersion>
        <major>1</major>
        <minor>0</minor>
    </fileVersion>
    <ReSpecThVersion>
        <major>2</major>
        <minor>3</minor>
    </ReSpecThVersion>
    <firstPublicationDate>2021-10-29</firstPublicationDate>
    <lastModificationDate>2021-10-29</lastModificationDate>
    <bibliographyLink>
        <description>P.S. Veloo, Y.L. Wang, F.N. Egolfopoulos, C.K. Westbrook, Combust Flame 157 (2010), 1989--2004</description>
        <referenceDOI>10.1016/j.combustflame.2010.04.001</referenceDOI>
        <location>Main article, Fig. 9, blue circle, main text</location>
        <figure>Main article, Fig. 9, blue circle, Fig. 11, black diamond (not used)</figure>
        <details>
            <author>Veloo, Peter S and Wang, Yang L and Egolfopoulos, Fokion N and Westbrook, Charles K</author>
            <journal>Combust Flame</journal>
            <number>10</number>
            <pages>1989--2004</pages>
            <title>A comparative experimental and computational study of methanol, ethanol, and n-butanol flames</title>
            <volume>157</volume>
            <year>2010</year>
        </details>
    </bibliographyLink>
    <experimentType>laminar burning velocity measurement</experimentType>
    <apparatus>
        <kind>flame</kind>
        <mode>premixed</mode>
        <mode>laminar</mode>
        <mode>CTF</mode>
    </apparatus>
    <commonProperties>
        <property name="temperature"  label="T"  sourcetype="reported"   units="K"   ><value>343</value></property>
        <property name="pressure"     label="p"  sourcetype="estimated"  units="atm" ><value>1</value></property>
    </commonProperties>
    <dataGroup id="dg1">
        <property name="equivalence ratio"             id="x1"   label="phi"    sourcetype="digitized"  units="unitless"      />
        <property name="laminar burning velocity"      id="x2"   label="Sl"     sourcetype="digitized"  units="cm/s"          />
        <property name="uncertainty"                   id="x3"   label="d_Sl"   sourcetype="digitized"  units="cm/s"           reference="laminar burning velocity"  kind="absolute"  bound="plus"  />
        <property name="uncertainty"                   id="x4"   label="d_Sl"   sourcetype="digitized"  units="cm/s"           reference="laminar burning velocity"  kind="absolute"  bound="minus" />
        <property name="composition"                   id="x5"   label="[CH4]"  sourcetype="estimated"  units="mole fraction" >
            <speciesLink preferredKey="CH4"  CAS="74-82-8"    InChI="1S/CH4/h1H4"  SMILES="C"    chemName="methane"  />
        </property>
        <property name="composition"                   id="x6"   label="[O2]"   sourcetype="estimated"  units="mole fraction" >
            <speciesLink preferredKey="O2"   CAS="7782-44-7"  InChI="1S/O2/c1-2"   SMILES="O=O"  chemName="oxygen"   />
        </property>
        <property name="composition"                   id="x7"   label="[N2]"   sourcetype="estimated"  units="mole fraction" >
            <speciesLink preferredKey="N2"   CAS="7727-37-9"  InChI="1S/N2/c1-2"   SMILES="N#N"  chemName="nitrogen" />
        </property>
        <property name="evaluated standard deviation"  id="x8"   sourcetype="estimated"  units="cm/s"           reference="laminar burning velocity"  kind="absolute"  method="combined from scatter and reported uncertainty" />

        <dataPoint><x1>0.7015</x1><x2>26.0577</x2><x3>1.52295</x3>  <x4>1.494</x4><x5>0.0686043</x5><x6>0.1955931</x6><x7>0.7358026</x7><x8>1.35261485417136</x8></dataPoint>
        <dataPoint><x1>0.7530</x1><x2>31.8269</x2> <x3>1.4268</x3><x4>1.54205</x4><x5>0.0732718</x5><x6>0.1946129</x6><x7>0.7321153</x7><x8>1.35801410844107</x8></dataPoint>
        <dataPoint><x1>0.8015</x1><x2>35.5769</x2>  <x3>1.494</x3>  <x4>1.494</x4><x5>0.0776248</x5><x6>0.1936988</x6><x7>0.7286764</x7><x8>1.34451915869578</x8></dataPoint>
        <dataPoint><x1>0.9030</x1><x2>42.0192</x2> <x3>1.5757</x3><x4>1.39315</x4><x5>0.0866037</x5><x6>0.1918132</x6><x7>0.7215831</x7><x8>1.36763679045279</x8></dataPoint>
        <dataPoint><x1>1.0000</x1><x2>45.0000</x2> <x3>1.5276</x3> <x4>1.4413</x4><x5>0.0950226</x5><x6>0.1900452</x6><x7>0.7149321</x7><x8>1.35392511170301</x8></dataPoint>
        <dataPoint><x1>1.0515</x1><x2>47.1154</x2> <x3>1.9696</x3> <x4>2.0849</x4><x5>0.0994297</x5><x6>0.1891198</x6><x7>0.7114505</x7><x8>1.52853680708055</x8></dataPoint>
        <dataPoint><x1>1.1030</x1><x2>46.0577</x2><x3>2.03215</x3> <x4>1.9551</x4><x5>0.1037941</x5><x6>0.1882032</x6><x7>0.7080027</x7><x8>1.51067242436109</x8></dataPoint>
        <dataPoint><x1>1.2015</x1><x2>38.5577</x2><x3>2.10895</x3><x4>1.87835</x4><x5>0.1120247</x5><x6>0.1864748</x6><x7>0.7015005</x7><x8>1.53676292697508</x8></dataPoint>
        <dataPoint><x1>1.3015</x1><x2>29.0385</x2><x3>2.60855</x3> <x4>2.4933</x4><x5>0.1202275</x5><x6>0.1847522</x6><x7>0.6950203</x7><x8>1.71780558961863</x8></dataPoint>
        <dataPoint><x1>1.4015</x1><x2>17.0192</x2> <x3>2.4597</x3><x4>2.45965</x4><x5>0.1282801</x5><x6>0.1830612</x6><x7>0.6886587</x7><x8>1.66200294542459</x8></dataPoint>
    </dataGroup>
    <comment>Ambient pressure reported. Air composition assumed 21% O2 and 79% N2. Sl data present here is average of Fig. 9 and Fig. 11 digitized data.</comment>
</experiment>
