<experiment>
    <fileAuthor>Chemical Kinetics Laboratory, Institute of Chemistry, ELTE, Budapest, Hungary</fileAuthor>
    <fileDOI>10.24388/x20004359</fileDOI>
    <fileVersion>
        <major>1</major>
        <minor>0</minor>
    </fileVersion>
    <ReSpecThVersion>
        <major>2</major>
        <minor>3</minor>
    </ReSpecThVersion>
    <firstPublicationDate>2021-10-29</firstPublicationDate>
    <lastModificationDate>2021-10-29</lastModificationDate>
    <bibliographyLink>
        <description>B. Galmiche, F. Halter, F. Foucher, P. Dagaut, Energy Fuels 25 (2011), 948--954</description>
        <referenceDOI>10.1021/ef101482d</referenceDOI>
        <location>Main article</location>
        <figure>Fig.3., open circle</figure>
        <details>
            <author>B. Galmiche and F. Halter and F. Foucher and P. Dagaut</author>
            <journal>Energy Fuels</journal>
            <month>mar</month>
            <number>3</number>
            <pages>948--954</pages>
            <publisher>American Chemical Society ({ACS})</publisher>
            <title>Effects of Dilution on Laminar Burning Velocity of Premixed Methane/Air Flames</title>
            <volume>25</volume>
            <year>2011</year>
        </details>
    </bibliographyLink>
    <experimentType>laminar burning velocity measurement</experimentType>
    <apparatus>
        <kind>flame</kind>
        <mode>premixed</mode>
        <mode>laminar</mode>
    </apparatus>
    <commonProperties>
        <property name="pressure"     label="P"  sourcetype="reported"  units="Pa" ><value>1e+005</value></property>
        <property name="temperature"  label="T"  sourcetype="reported"  units="K"  ><value>393</value></property>
    </commonProperties>
    <dataGroup id="dg1">
        <property name="laminar burning velocity"      id="x1"   label="Sl"     sourcetype="digitized"   units="cm/s"          />
        <property name="composition"                   id="x2"   label="[CH4]"  sourcetype="calculated"  units="mole fraction" >
            <speciesLink preferredKey="CH4"  CAS="74-82-8"    InChI="1S/CH4/h1H4"    SMILES="C"        chemName="methane"        />
        </property>
        <property name="composition"                   id="x3"   label="[O2]"   sourcetype="calculated"  units="mole fraction" >
            <speciesLink preferredKey="O2"   CAS="7782-44-7"  InChI="1S/O2/c1-2"     SMILES="O=O"      chemName="oxygen"         />
        </property>
        <property name="composition"                   id="x4"   label="[N2]"   sourcetype="calculated"  units="mole fraction" >
            <speciesLink preferredKey="N2"   CAS="7727-37-9"  InChI="1S/N2/c1-2"     SMILES="N#N"      chemName="nitrogen"       />
        </property>
        <property name="composition"                   id="x5"   label="[CO2]"  sourcetype="calculated"  units="mole fraction" >
            <speciesLink preferredKey="CO2"  CAS="124-38-9"   InChI="1S/CO2/c2-1-3"  SMILES="C(=O)=O"  chemName="carbon dioxide" />
        </property>
        <property name="evaluated standard deviation"  id="x6"   sourcetype="estimated"   units="cm/s"           reference="laminar burning velocity"  kind="absolute"  method="combined from scatter and reported uncertainty" />

        <dataPoint><x1>5.605221e+001</x1><x2>9.502262e-002</x2><x3>1.900452e-001</x3><x4>7.149321e-001</x4><x5>0.000000e+000</x5> <x6>1.7757239760947</x6></dataPoint>
        <dataPoint><x1>4.516782e+001</x1><x2>9.265618e-002</x2><x3>1.853124e-001</x3><x4>6.971275e-001</x4><x5>2.490400e-002</x5><x6>1.56991137100801</x6></dataPoint>
        <dataPoint><x1>3.855088e+001</x1><x2>9.028974e-002</x2><x3>1.805795e-001</x3><x4>6.793228e-001</x4><x5>4.980800e-002</x5><x6>1.45547095593969</x6></dataPoint>
        <dataPoint><x1>3.321257e+001</x1><x2>8.787464e-002</x2><x3>1.757493e-001</x3><x4>6.611521e-001</x4><x5>7.522400e-002</x5> <x6>1.3707519795182</x6></dataPoint>
        <dataPoint><x1>2.605221e+001</x1><x2>8.553252e-002</x2><x3>1.710651e-001</x3><x4>6.435304e-001</x4><x5>9.987200e-002</x5> <x6>1.2703297856374</x6></dataPoint>
        <dataPoint><x1>2.263186e+001</x1><x2>8.314176e-002</x2><x3>1.662835e-001</x3><x4>6.255427e-001</x4><x5>1.250320e-001</x5><x6>1.22868422103169</x6></dataPoint>
        <dataPoint><x1>1.996271e+001</x1><x2>8.075099e-002</x2><x3>1.615020e-001</x3><x4>6.075550e-001</x4><x5>1.501920e-001</x5><x6>1.19941979919045</x6></dataPoint>
        <dataPoint><x1>1.526372e+001</x1><x2>7.836022e-002</x2><x3>1.567204e-001</x3><x4>5.895673e-001</x4><x5>1.753520e-001</x5><x6>1.15548797191879</x6></dataPoint>
        <dataPoint><x1>1.398508e+001</x1><x2>7.601810e-002</x2><x3>1.520362e-001</x3><x4>5.719457e-001</x4><x5>2.000000e-001</x5><x6>1.14532889369342</x6></dataPoint>
    </dataGroup>
</experiment>
