<experiment>
    <fileAuthor>Chemical Kinetics Laboratory, Institute of Chemistry, ELTE, Budapest, Hungary</fileAuthor>
    <fileDOI>10.24388/x20004476</fileDOI>
    <fileVersion>
        <major>1</major>
        <minor>0</minor>
    </fileVersion>
    <ReSpecThVersion>
        <major>2</major>
        <minor>3</minor>
    </ReSpecThVersion>
    <firstPublicationDate>2021-10-29</firstPublicationDate>
    <lastModificationDate>2021-10-29</lastModificationDate>
    <bibliographyLink>
        <description>R.T.E. Hermanns, PhD Thesis, (2007)</description>
        <location>Appendix E., E.2.</location>
        <table>Table E.4. 30% H2</table>
        <details>
            <author>Roy Theodorus Elisabeth Hermanns</author>
            <month>oct</month>
            <school>Eindhoven University of Technology</school>
            <title>Laminar Burning Velocities of Methane-Hydrogen-Air Mixtures</title>
            <year>2007</year>
        </details>
    </bibliographyLink>
    <experimentType>laminar burning velocity measurement</experimentType>
    <apparatus>
        <kind>flame</kind>
        <mode>premixed</mode>
        <mode>laminar</mode>
    </apparatus>
    <commonProperties>
        <property name="pressure"     label="P"  sourcetype="reported"  units="atm" ><value>1</value></property>
        <property name="temperature"  label="T"  sourcetype="reported"  units="K"   ><value>298</value></property>
    </commonProperties>
    <dataGroup id="dg1">
        <property name="laminar burning velocity"      id="x1"   label="Sl"     sourcetype="reported"    units="cm/s"          />
        <property name="composition"                   id="x2"   label="[CH4]"  sourcetype="calculated"  units="mole fraction" >
            <speciesLink preferredKey="CH4"  CAS="74-82-8"    InChI="1S/CH4/h1H4"  SMILES="C"     chemName="methane"  />
        </property>
        <property name="composition"                   id="x3"   label="[O2]"   sourcetype="calculated"  units="mole fraction" >
            <speciesLink preferredKey="O2"   CAS="7782-44-7"  InChI="1S/O2/c1-2"   SMILES="O=O"   chemName="oxygen"   />
        </property>
        <property name="composition"                   id="x4"   label="[N2]"   sourcetype="calculated"  units="mole fraction" >
            <speciesLink preferredKey="N2"   CAS="7727-37-9"  InChI="1S/N2/c1-2"   SMILES="N#N"   chemName="nitrogen" />
        </property>
        <property name="composition"                   id="x5"   label="[H2]"   sourcetype="calculated"  units="mole fraction" >
            <speciesLink preferredKey="H2"   CAS="1333-74-0"  InChI="1S/H2/h1H"    SMILES="[HH]"  chemName="hydrogen" />
        </property>
        <property name="evaluated standard deviation"  id="x6"   sourcetype="estimated"   units="cm/s"           reference="laminar burning velocity"  kind="absolute"  method="generic uncertainty" />

        <dataPoint><x1>1.240000e+001</x1><x2>5.311653e-002</x2><x3>1.960253e-001</x3><x4>7.280939e-001</x4><x5>2.276423e-002</x5>              <x6>0.5</x6></dataPoint>
        <dataPoint><x1>1.750000e+001</x1><x2>5.718133e-002</x2><x3>1.947935e-001</x3><x4>7.235189e-001</x4><x5>2.450628e-002</x5>              <x6>0.5</x6></dataPoint>
        <dataPoint><x1>2.290000e+001</x1><x2>6.119536e-002</x2><x3>1.935772e-001</x3><x4>7.190009e-001</x4><x5>2.622658e-002</x5>              <x6>0.5</x6></dataPoint>
        <dataPoint><x1>2.790000e+001</x1><x2>6.515957e-002</x2><x3>1.923759e-001</x3><x4>7.145390e-001</x4><x5>2.792553e-002</x5>              <x6>0.5</x6></dataPoint>
        <dataPoint><x1>3.360000e+001</x1><x2>6.907489e-002</x2><x3>1.911894e-001</x3><x4>7.101322e-001</x4><x5>2.960352e-002</x5><x6>0.507890234204203</x6></dataPoint>
        <dataPoint><x1>3.760000e+001</x1><x2>7.294221e-002</x2><x3>1.900175e-001</x3><x4>7.057793e-001</x4><x5>3.126095e-002</x5><x6>0.514851910747158</x6></dataPoint>
        <dataPoint><x1>4.100000e+001</x1><x2>7.676240e-002</x2><x3>1.888599e-001</x3><x4>7.014795e-001</x4><x5>3.289817e-002</x5><x6>0.521299808171843</x6></dataPoint>
        <dataPoint><x1>4.440000e+001</x1><x2>8.053633e-002</x2><x3>1.877163e-001</x3><x4>6.972318e-001</x4><x5>3.451557e-002</x5><x6>0.528216328789635</x6></dataPoint>
        <dataPoint><x1>4.700000e+001</x1><x2>8.426483e-002</x2><x3>1.865864e-001</x3><x4>6.930353e-001</x4><x5>3.611350e-002</x5><x6>0.533810350218128</x6></dataPoint>
        <dataPoint><x1>4.690000e+001</x1><x2>8.426483e-002</x2><x3>1.865864e-001</x3><x4>6.930353e-001</x4><x5>3.611350e-002</x5><x6>0.533590423452295</x6></dataPoint>
        <dataPoint><x1>4.840000e+001</x1><x2>8.794872e-002</x2><x3>1.854701e-001</x3><x4>6.888889e-001</x4><x5>3.769231e-002</x5> <x6>0.53692875691287</x6></dataPoint>
        <dataPoint><x1>4.840000e+001</x1><x2>9.158879e-002</x2><x3>1.843670e-001</x3><x4>6.847918e-001</x4><x5>3.925234e-002</x5> <x6>0.53692875691287</x6></dataPoint>
        <dataPoint><x1>4.740000e+001</x1><x2>9.518581e-002</x2><x3>1.832770e-001</x3><x4>6.807432e-001</x4><x5>4.079392e-002</x5><x6>0.534693828279325</x6></dataPoint>
        <dataPoint><x1>4.460000e+001</x1><x2>9.874055e-002</x2><x3>1.821998e-001</x3><x4>6.767422e-001</x4><x5>4.231738e-002</x5><x6>0.528637389899731</x6></dataPoint>
        <dataPoint><x1>4.120000e+001</x1><x2>1.022538e-001</x2><x3>1.811352e-001</x3><x4>6.727880e-001</x4><x5>4.382304e-002</x5><x6>0.521693866170573</x6></dataPoint>
        <dataPoint><x1>3.550000e+001</x1><x2>1.057261e-001</x2><x3>1.800830e-001</x3><x4>6.688797e-001</x4><x5>4.531120e-002</x5><x6>0.511111279468571</x6></dataPoint>
        <dataPoint><x1>2.870000e+001</x1><x2>1.091584e-001</x2><x3>1.790429e-001</x3><x4>6.650165e-001</x4><x5>4.678218e-002</x5><x6>0.500320637191791</x6></dataPoint>
        <dataPoint><x1>2.250000e+001</x1><x2>1.125513e-001</x2><x3>1.780148e-001</x3><x4>6.611977e-001</x4><x5>4.823626e-002</x5>              <x6>0.5</x6></dataPoint>
        <dataPoint><x1>1.880000e+001</x1><x2>1.159054e-001</x2><x3>1.769984e-001</x3><x4>6.574225e-001</x4><x5>4.967374e-002</x5>              <x6>0.5</x6></dataPoint>
        <dataPoint><x1>1.590000e+001</x1><x2>1.192214e-001</x2><x3>1.759935e-001</x3><x4>6.536902e-001</x4><x5>5.109489e-002</x5>              <x6>0.5</x6></dataPoint>
    </dataGroup>
</experiment>
