<experiment>
    <fileAuthor>Chemical Kinetics Laboratory, Institute of Chemistry, ELTE, Budapest, Hungary</fileAuthor>
    <fileDOI>10.24388/x20004075</fileDOI>
    <fileVersion>
        <major>1</major>
        <minor>0</minor>
    </fileVersion>
    <ReSpecThVersion>
        <major>2</major>
        <minor>3</minor>
    </ReSpecThVersion>
    <firstPublicationDate>2021-10-29</firstPublicationDate>
    <lastModificationDate>2021-10-29</lastModificationDate>
    <bibliographyLink>
        <description>D.L. Zhu, F.N. Egolfopoulos, C.K. Law, Symposium (International) on Combustion 22 (1989), 1537-1545</description>
        <referenceDOI>10.1016/S0082-0784(89)80164-X</referenceDOI>
        <location>Main article, Fig. 4, open trangle</location>
        <figure>Figure 3</figure>
        <details>
            <author>D.L. Zhu and F.N. Egolfopoulos and C.K. Law</author>
            <journal>Symposium (International) on Combustion</journal>
            <number>1</number>
            <pages>1537-1545</pages>
            <title>Experimental and numerical determination of laminar flame speeds of methane/(Ar, N2, CO2)-air mixtures as function of stoichiometry, pressure, and flame temperature</title>
            <volume>22</volume>
            <year>1989</year>
        </details>
    </bibliographyLink>
    <experimentType>laminar burning velocity measurement</experimentType>
    <apparatus>
        <kind>flame</kind>
        <mode>premixed</mode>
        <mode>laminar</mode>
    </apparatus>
    <commonProperties>
        <property name="pressure"                      label="P"  sourcetype="reported"   units="atm"  ><value>1</value></property>
        <property name="temperature"                   label="T"  sourcetype="reported"   units="K"    ><value>298</value></property>
        <property name="evaluated standard deviation"  sourcetype="estimated"  units="cm/s"  reference="laminar burning velocity"  kind="absolute"  method="combined from scatter and reported uncertainty" ><value>0.780213265924132</value></property>
    </commonProperties>
    <dataGroup id="dg1">
        <property name="laminar burning velocity"  id="x1"   label="Sl"     sourcetype="digitized"  units="cm/s"          />
        <property name="composition"               id="x2"   label="[CH4]"  sourcetype="digitized"  units="mole fraction" >
            <speciesLink preferredKey="CH4"  CAS="74-82-8"    InChI="1S/CH4/h1H4"    SMILES="C"        chemName="methane"        />
        </property>
        <property name="composition"               id="x3"   label="[O2]"   sourcetype="digitized"  units="mole fraction" >
            <speciesLink preferredKey="O2"   CAS="7782-44-7"  InChI="1S/O2/c1-2"     SMILES="O=O"      chemName="oxygen"         />
        </property>
        <property name="composition"               id="x4"   label="[CO2]"  sourcetype="digitized"  units="mole fraction" >
            <speciesLink preferredKey="CO2"  CAS="124-38-9"   InChI="1S/CO2/c2-1-3"  SMILES="C(=O)=O"  chemName="carbon dioxide" />
        </property>

        <dataPoint><x1>5.694230e+000</x1><x2>3.924509e-002</x2><x3>2.037965e-001</x3><x4>7.569584e-001</x4></dataPoint>
        <dataPoint><x1>5.937320e+000</x1><x2>4.234142e-002</x2><x3>2.031397e-001</x3><x4>7.545189e-001</x4></dataPoint>
        <dataPoint><x1>6.834960e+000</x1><x2>4.564589e-002</x2><x3>2.024388e-001</x3><x4>7.519154e-001</x4></dataPoint>
        <dataPoint><x1>6.956090e+000</x1><x2>4.769999e-002</x2><x3>2.020030e-001</x3><x4>7.502970e-001</x4></dataPoint>
        <dataPoint><x1>7.976680e+000</x1><x2>5.074215e-002</x2><x3>2.013577e-001</x3><x4>7.479001e-001</x4></dataPoint>
        <dataPoint><x1>8.199090e+000</x1><x2>5.403360e-002</x2><x3>2.006595e-001</x3><x4>7.453069e-001</x4></dataPoint>
    </dataGroup>
</experiment>
