<experiment>
    <fileAuthor>Chemical Kinetics Laboratory, Institute of Chemistry, ELTE, Budapest, Hungary</fileAuthor>
    <fileDOI>10.24388/x20004268</fileDOI>
    <fileVersion>
        <major>1</major>
        <minor>0</minor>
    </fileVersion>
    <ReSpecThVersion>
        <major>2</major>
        <minor>3</minor>
    </ReSpecThVersion>
    <firstPublicationDate>2021-10-29</firstPublicationDate>
    <lastModificationDate>2021-10-29</lastModificationDate>
    <bibliographyLink>
        <description>V.S. Babkin, L.S. Kozachenko, Combustion, Explosion and Shock Waves 2 (1969), 46--52</description>
        <referenceDOI>10.1007/BF00749026</referenceDOI>
        <location>Fig. 2 full circle 2, main text</location>
        <figure>Fig. 1</figure>
        <details>
            <author>V. S. Babkin and L. S. Kozachenko</author>
            <journal>Combustion, Explosion and Shock Waves</journal>
            <number>3</number>
            <pages>46--52</pages>
            <publisher>Springer Science and Business Media {LLC}</publisher>
            <title>Study of normal burning velocity in methane-air mixtures at high pressures</title>
            <volume>2</volume>
            <year>1969</year>
        </details>
    </bibliographyLink>
    <experimentType>laminar burning velocity measurement</experimentType>
    <apparatus>
        <kind>flame</kind>
        <mode>premixed</mode>
        <mode>laminar</mode>
    </apparatus>
    <commonProperties>
        <property name="pressure"     label="P"  sourcetype="reported"  units="atm" ><value>8</value></property>
        <property name="temperature"  label="T"  sourcetype="reported"  units="K"   ><value>373</value></property>
    </commonProperties>
    <dataGroup id="dg1">
        <property name="laminar burning velocity"      id="x1"   label="Sl"     sourcetype="digitized"  units="cm/s"          />
        <property name="composition"                   id="x2"   label="[CH4]"  sourcetype="digitized"  units="mole fraction" >
            <speciesLink preferredKey="CH4"  CAS="74-82-8"    InChI="1S/CH4/h1H4"  SMILES="C"    chemName="methane"  />
        </property>
        <property name="composition"                   id="x3"   label="[O2]"   sourcetype="digitized"  units="mole fraction" >
            <speciesLink preferredKey="O2"   CAS="7782-44-7"  InChI="1S/O2/c1-2"   SMILES="O=O"  chemName="oxygen"   />
        </property>
        <property name="composition"                   id="x4"   label="[N2]"   sourcetype="digitized"  units="mole fraction" >
            <speciesLink preferredKey="N2"   CAS="7727-37-9"  InChI="1S/N2/c1-2"   SMILES="N#N"  chemName="nitrogen" />
        </property>
        <property name="evaluated standard deviation"  id="x5"   sourcetype="estimated"  units="cm/s"           reference="laminar burning velocity"  kind="absolute"  method="generic uncertainty" />

        <dataPoint><x1>5.687990e+000</x1><x2>5.986460e-002</x2><x3>1.974284e-001</x3><x4>7.427070e-001</x4>              <x5>0.5</x5></dataPoint>
        <dataPoint><x1>1.318150e+001</x1><x2>7.011610e-002</x2><x3>1.952756e-001</x3><x4>7.346083e-001</x4><x5>0.723094241333728</x5></dataPoint>
        <dataPoint><x1>1.968374e+001</x1><x2>7.983560e-002</x2><x3>1.932345e-001</x3><x4>7.269299e-001</x4> <x5>1.02815829384098</x5></dataPoint>
        <dataPoint><x1>2.505310e+001</x1><x2>8.996620e-002</x2><x3>1.911071e-001</x3><x4>7.189267e-001</x4> <x5>1.28748979617316</x5></dataPoint>
        <dataPoint><x1>2.543073e+001</x1><x2>9.456000e-002</x2><x3>1.901424e-001</x3><x4>7.152976e-001</x4> <x5>1.30586771805465</x5></dataPoint>
        <dataPoint><x1>2.518291e+001</x1><x2>9.995160e-002</x2><x3>1.890102e-001</x3><x4>7.110382e-001</x4> <x5>1.29380555586813</x5></dataPoint>
        <dataPoint><x1>2.043899e+001</x1><x2>1.097921e-001</x2><x3>1.869437e-001</x3><x4>7.032642e-001</x4> <x5>1.06436187773485</x5></dataPoint>
        <dataPoint><x1>1.236724e+001</x1><x2>1.203095e-001</x2><x3>1.847350e-001</x3><x4>6.949555e-001</x4><x5>0.686190199047611</x5></dataPoint>
        <dataPoint><x1>6.502240e+000</x1><x2>1.306818e-001</x2><x3>1.825568e-001</x3><x4>6.867614e-001</x4>              <x5>0.5</x5></dataPoint>
    </dataGroup>
</experiment>
