<experiment>
    <fileAuthor>Chemical Kinetics Laboratory, Institute of Chemistry, ELTE, Budapest, Hungary</fileAuthor>
    <fileDOI>10.24388/x20004104</fileDOI>
    <fileVersion>
        <major>1</major>
        <minor>0</minor>
    </fileVersion>
    <ReSpecThVersion>
        <major>2</major>
        <minor>3</minor>
    </ReSpecThVersion>
    <firstPublicationDate>2021-10-29</firstPublicationDate>
    <lastModificationDate>2021-10-29</lastModificationDate>
    <bibliographyLink>
        <description>A.A. Konnov, R. Riemeijer, L.P.H.{. Goey}, Fuel 89 (2010), 1392-1396</description>
        <referenceDOI>10.1016/j.fuel.2009.11.002</referenceDOI>
        <location>Main article, Fig. 4, full circle</location>
        <figure>Figure 4</figure>
        <details>
            <author>A.A. Konnov and R. Riemeijer and L.P.H. {de Goey}</author>
            <journal>Fuel</journal>
            <number>7</number>
            <pages>1392-1396</pages>
            <title>Adiabatic laminar burning velocities of CH4+H2+air flames at low pressures</title>
            <volume>89</volume>
            <year>2010</year>
        </details>
    </bibliographyLink>
    <experimentType>laminar burning velocity measurement</experimentType>
    <apparatus>
        <kind>flame</kind>
        <mode>premixed</mode>
        <mode>laminar</mode>
    </apparatus>
    <commonProperties>
        <property name="pressure"                      label="P"  sourcetype="reported"   units="Pa"   ><value>80000</value></property>
        <property name="temperature"                   label="T"  sourcetype="reported"   units="K"    ><value>298</value></property>
        <property name="evaluated standard deviation"  sourcetype="estimated"  units="cm/s"  reference="laminar burning velocity"  kind="absolute"  method="combined from scatter and reported uncertainty" ><value>0.979045128025865</value></property>
    </commonProperties>
    <dataGroup id="dg1">
        <property name="laminar burning velocity"  id="x1"   label="Sl"     sourcetype="digitized"  units="cm/s"          />
        <property name="composition"               id="x2"   label="[CH4]"  sourcetype="digitized"  units="mole fraction" >
            <speciesLink preferredKey="CH4"  CAS="74-82-8"    InChI="1S/CH4/h1H4"  SMILES="C"     chemName="methane"  />
        </property>
        <property name="composition"               id="x3"   label="[O2]"   sourcetype="digitized"  units="mole fraction" >
            <speciesLink preferredKey="O2"   CAS="7782-44-7"  InChI="1S/O2/c1-2"   SMILES="O=O"   chemName="oxygen"   />
        </property>
        <property name="composition"               id="x4"   label="[N2]"   sourcetype="digitized"  units="mole fraction" >
            <speciesLink preferredKey="N2"   CAS="7727-37-9"  InChI="1S/N2/c1-2"   SMILES="N#N"   chemName="nitrogen" />
        </property>
        <property name="composition"               id="x5"   label="[H2]"   sourcetype="digitized"  units="mole fraction" >
            <speciesLink preferredKey="H2"   CAS="1333-74-0"  InChI="1S/H2/h1H"    SMILES="[HH]"  chemName="hydrogen" />
        </property>

        <dataPoint><x1>3.076238e+001</x1><x2>7.572106e-002</x2><x3>1.942745e-001</x3><x4>7.215910e-001</x4><x5>8.413451e-003</x5></dataPoint>
        <dataPoint><x1>3.835143e+001</x1><x2>8.417267e-002</x2><x3>1.922825e-001</x3><x4>7.141923e-001</x4><x5>9.352519e-003</x5></dataPoint>
        <dataPoint><x1>4.283736e+001</x1><x2>9.262051e-002</x2><x3>1.902915e-001</x3><x4>7.067969e-001</x4><x5>1.029117e-002</x5></dataPoint>
        <dataPoint><x1>4.396322e+001</x1><x2>1.007536e-001</x2><x3>1.883746e-001</x3><x4>6.996770e-001</x4><x5>1.119485e-002</x5></dataPoint>
        <dataPoint><x1>3.986692e+001</x1><x2>1.088593e-001</x2><x3>1.864641e-001</x3><x4>6.925811e-001</x4><x5>1.209548e-002</x5></dataPoint>
        <dataPoint><x1>3.080600e+001</x1><x2>1.167522e-001</x2><x3>1.846039e-001</x3><x4>6.856715e-001</x4><x5>1.297246e-002</x5></dataPoint>
        <dataPoint><x1>2.001956e+001</x1><x2>1.244776e-001</x2><x3>1.827831e-001</x3><x4>6.789085e-001</x4><x5>1.383085e-002</x5></dataPoint>
    </dataGroup>
</experiment>
