<experiment>
    <fileAuthor>Chemical Kinetics Laboratory, Institute of Chemistry, ELTE, Budapest, Hungary</fileAuthor>
    <fileDOI>10.24388/x20004250</fileDOI>
    <fileVersion>
        <major>1</major>
        <minor>0</minor>
    </fileVersion>
    <ReSpecThVersion>
        <major>2</major>
        <minor>3</minor>
    </ReSpecThVersion>
    <firstPublicationDate>2021-10-29</firstPublicationDate>
    <lastModificationDate>2021-10-29</lastModificationDate>
    <bibliographyLink>
        <description>S.P. Sharma, D.D. Agrawal, C.P. Gupta, Symposium (International) on Combustion 18 (1981), 493--501</description>
        <referenceDOI>10.1016/S0082-0784(81)80055-0</referenceDOI>
        <location>Fig. 4 open triangle, main text</location>
        <figure>Fig. 4</figure>
        <details>
            <author>S.P. Sharma and D.D. Agrawal and C.P. Gupta</author>
            <journal>Symposium (International) on Combustion</journal>
            <number>1</number>
            <pages>493--501</pages>
            <publisher>Elsevier {BV}</publisher>
            <title>The pressure and temperature dependence of burning velocity in a spherical combustion bomb</title>
            <volume>18</volume>
            <year>1981</year>
        </details>
    </bibliographyLink>
    <experimentType>laminar burning velocity measurement</experimentType>
    <apparatus>
        <kind>flame</kind>
        <mode>premixed</mode>
        <mode>laminar</mode>
    </apparatus>
    <commonProperties>
        <property name="pressure"     label="P"  sourcetype="reported"  units="atm" ><value>3.3</value></property>
        <property name="temperature"  label="T"  sourcetype="reported"  units="K"   ><value>417</value></property>
    </commonProperties>
    <dataGroup id="dg1">
        <property name="laminar burning velocity"      id="x1"   label="Sl"     sourcetype="digitized"  units="cm/s"          />
        <property name="composition"                   id="x2"   label="[CH4]"  sourcetype="digitized"  units="mole fraction" >
            <speciesLink preferredKey="CH4"  CAS="74-82-8"    InChI="1S/CH4/h1H4"  SMILES="C"    chemName="methane"  />
        </property>
        <property name="composition"                   id="x3"   label="[O2]"   sourcetype="digitized"  units="mole fraction" >
            <speciesLink preferredKey="O2"   CAS="7782-44-7"  InChI="1S/O2/c1-2"   SMILES="O=O"  chemName="oxygen"   />
        </property>
        <property name="composition"                   id="x4"   label="[N2]"   sourcetype="digitized"  units="mole fraction" >
            <speciesLink preferredKey="N2"   CAS="7727-37-9"  InChI="1S/N2/c1-2"   SMILES="N#N"  chemName="nitrogen" />
        </property>
        <property name="evaluated standard deviation"  id="x5"   sourcetype="estimated"  units="cm/s"           reference="laminar burning velocity"  kind="absolute"  method="combined from scatter and reported uncertainty" />

        <dataPoint><x1>3.643797e+001</x1><x2>7.807349e-002</x2><x3>1.955602e-001</x3><x4>7.263663e-001</x4><x5>2.02377089831294</x5></dataPoint>
        <dataPoint><x1>3.945146e+001</x1><x2>8.668330e-002</x2><x3>1.937338e-001</x3><x4>7.195829e-001</x4><x5>2.12337553043208</x5></dataPoint>
        <dataPoint><x1>4.479602e+001</x1><x2>9.532393e-002</x2><x3>1.919010e-001</x3><x4>7.127751e-001</x4><x5>2.30694951938956</x5></dataPoint>
        <dataPoint><x1>4.479195e+001</x1><x2>1.038801e-001</x2><x3>1.900860e-001</x3><x4>7.060338e-001</x4><x5>2.30680677228274</x5></dataPoint>
        <dataPoint><x1>4.245661e+001</x1><x2>1.125258e-001</x2><x3>1.882521e-001</x3><x4>6.992221e-001</x4><x5>2.22560664129471</x5></dataPoint>
    </dataGroup>
</experiment>
