<experiment>
    <fileAuthor>Chemical Kinetics Laboratory, Institute of Chemistry, ELTE, Budapest, Hungary</fileAuthor>
    <fileDOI>10.24388/x20004555</fileDOI>
    <fileVersion>
        <major>1</major>
        <minor>0</minor>
    </fileVersion>
    <ReSpecThVersion>
        <major>2</major>
        <minor>3</minor>
    </ReSpecThVersion>
    <firstPublicationDate>2021-10-29</firstPublicationDate>
    <lastModificationDate>2021-10-29</lastModificationDate>
    <bibliographyLink>
        <description>X. Cai, J. Wang, W. Zhang, Y. Xie, M. Zhang, Z. Huang, Fuel 184 (2016), 466--473</description>
        <referenceDOI>10.1016/j.fuel.2016.07.011</referenceDOI>
        <location>Main article</location>
        <figure>Fig. 3. (b), yellow triangle</figure>
        <details>
            <author>Cai, Xiao and Wang, Jinhua and Zhang, Weijie and Xie, Yongliang and Zhang, Meng and Huang, Zuohua</author>
            <journal>Fuel</journal>
            <pages>466--473</pages>
            <title>Effects of oxygen enrichment on laminar burning velocities and Markstein lengths of {CH}$_{4}$/{O}$_{2}$/{N}$_{2}$ flames at elevated pressures</title>
            <volume>184</volume>
            <year>2016</year>
        </details>
    </bibliographyLink>
    <experimentType>laminar burning velocity measurement</experimentType>
    <apparatus>
        <kind>flame</kind>
        <mode>premixed</mode>
        <mode>laminar</mode>
        <mode>OPF</mode>
    </apparatus>
    <commonProperties>
        <property name="temperature"  label="T"    sourcetype="reported"  units="K"   ><value>353</value></property>
        <property name="uncertainty"  label="d_T"  sourcetype="reported"  units="K"    reference="temperature"  kind="absolute"  bound="plusminus" ><value>3</value></property>
        <property name="pressure"     label="p"    sourcetype="reported"  units="MPa" ><value>0.3</value></property>
        <property name="uncertainty"  label="d_p"  sourcetype="reported"  units="kPa"  reference="pressure"     kind="absolute"  bound="plusminus" ><value>3</value></property>
    </commonProperties>
    <dataGroup id="dg1">
        <property name="equivalence ratio"             id="x1"   label="phi"    sourcetype="digitized"   units="unitless"      />
        <property name="laminar burning velocity"      id="x2"   label="Sl"     sourcetype="digitized"   units="cm/s"          />
        <property name="composition"                   id="x3"   label="[CH4]"  sourcetype="calculated"  units="mole fraction" >
            <speciesLink preferredKey="CH4"  CAS="74-82-8"    InChI="1S/CH4/h1H4"  SMILES="C"    chemName="methane"  />
        </property>
        <property name="composition"                   id="x4"   label="[O2]"   sourcetype="calculated"  units="mole fraction" >
            <speciesLink preferredKey="O2"   CAS="7782-44-7"  InChI="1S/O2/c1-2"   SMILES="O=O"  chemName="oxygen"   />
        </property>
        <property name="composition"                   id="x5"   label="[N2]"   sourcetype="calculated"  units="mole fraction" >
            <speciesLink preferredKey="N2"   CAS="7727-37-9"  InChI="1S/N2/c1-2"   SMILES="N#N"  chemName="nitrogen" />
        </property>
        <property name="evaluated standard deviation"  id="x6"   sourcetype="estimated"   units="cm/s"           reference="laminar burning velocity"  kind="absolute"  method="combined from scatter and reported uncertainty" />

        <dataPoint><x1>0.502058</x1><x2>14.9239</x2><x3>0.0700345</x3><x4>0.2789897</x4><x5>0.6509759</x5><x6>2.44190020475858</x6></dataPoint>
        <dataPoint><x1>0.602469</x1><x2>30.1523</x2><x3>0.0828804</x3><x4>0.2751359</x4><x5>0.6419837</x5><x6>3.02962409714473</x6></dataPoint>
        <dataPoint><x1>0.701235</x1><x2>47.2081</x2><x3>0.0951743</x3><x4>0.2714477</x4><x5>0.6333780</x5><x6>2.57214432332247</x6></dataPoint>
        <dataPoint><x1>0.801646</x1><x2>61.2183</x2><x3>0.1073396</x3><x4>0.2677981</x4><x5>0.6248623</x5>  <x6>2.714733228146</x6></dataPoint>
        <dataPoint><x1>0.902058</x1><x2>74.6193</x2><x3>0.1191823</x3><x4>0.2642453</x4><x5>0.6165724</x5>  <x6>2.714733228146</x6></dataPoint>
        <dataPoint> <x1>1.00247</x1><x2>78.5787</x2><x3>0.1307148</x3><x4>0.2607855</x4><x5>0.6084996</x5><x6>2.57214432332247</x6></dataPoint>
        <dataPoint> <x1>1.10123</x1><x2>81.3198</x2><x3>0.1417668</x3><x4>0.2574700</x4><x5>0.6007632</x5> <x6>3.3748205315246</x6></dataPoint>
        <dataPoint> <x1>1.20165</x1><x2>78.5787</x2><x3>0.1527201</x3><x4>0.2541840</x4><x5>0.5930959</x5><x6>2.57214432332247</x6></dataPoint>
        <dataPoint> <x1>1.30206</x1><x2>69.1371</x2><x3>0.1633962</x3><x4>0.2509811</x4><x5>0.5856226</x5><x6>2.44190020475858</x6></dataPoint>
        <dataPoint> <x1>1.40247</x1><x2>54.8223</x2><x3>0.1738067</x3><x4>0.2478580</x4><x5>0.5783353</x5><x6>2.86777925580056</x6></dataPoint>
        <dataPoint> <x1>1.50123</x1><x2>40.8122</x2><x3>0.1837964</x3><x4>0.2448611</x4><x5>0.5713425</x5><x6>5.75292096677853</x6></dataPoint>
    </dataGroup>
    <comment>CH4, O2 and N2 mole fractions were estimated using phi, O2 mole fraction - E(O2)=0.3 - in air.</comment>
</experiment>
