<experiment>
    <fileAuthor>Chemical Kinetics Laboratory, Institute of Chemistry, ELTE, Budapest, Hungary</fileAuthor>
    <fileDOI>10.24388/x20004466</fileDOI>
    <fileVersion>
        <major>1</major>
        <minor>0</minor>
    </fileVersion>
    <ReSpecThVersion>
        <major>2</major>
        <minor>3</minor>
    </ReSpecThVersion>
    <firstPublicationDate>2021-10-29</firstPublicationDate>
    <lastModificationDate>2021-10-29</lastModificationDate>
    <bibliographyLink>
        <description>A.A. Konnov, R. Riemeijer, G.L.P.H. de, Proceedings of the European Combustion Meeting 2009 (2009), 1-6</description>
        <location>Main article</location>
        <table>Table 1</table>
        <details>
            <author>Konnov, A. A. and Riemeijer, R. and de Goey, L. P. H.</author>
            <journal>Proceedings of the European Combustion Meeting 2009</journal>
            <pages>1-6</pages>
            <title>Adiabatic laminar burning velocities of CH 4 + H 2 + air flames at low pressures</title>
            <year>2009</year>
        </details>
    </bibliographyLink>
    <experimentType>laminar burning velocity measurement</experimentType>
    <apparatus>
        <kind>flame</kind>
        <mode>premixed</mode>
        <mode>laminar</mode>
    </apparatus>
    <commonProperties>
        <property name="pressure"     label="P"  sourcetype="reported"  units="atm" ><value>1</value></property>
        <property name="temperature"  label="T"  sourcetype="reported"  units="K"   ><value>298</value></property>
    </commonProperties>
    <dataGroup id="dg1">
        <property name="laminar burning velocity"      id="x1"   label="Sl"     sourcetype="reported"    units="cm/s"          />
        <property name="composition"                   id="x2"   label="[CH4]"  sourcetype="calculated"  units="mole fraction" >
            <speciesLink preferredKey="CH4"  CAS="74-82-8"    InChI="1S/CH4/h1H4"  SMILES="C"    chemName="methane"  />
        </property>
        <property name="composition"                   id="x3"   label="[O2]"   sourcetype="calculated"  units="mole fraction" >
            <speciesLink preferredKey="O2"   CAS="7782-44-7"  InChI="1S/O2/c1-2"   SMILES="O=O"  chemName="oxygen"   />
        </property>
        <property name="composition"                   id="x4"   label="[N2]"   sourcetype="calculated"  units="mole fraction" >
            <speciesLink preferredKey="N2"   CAS="7727-37-9"  InChI="1S/N2/c1-2"   SMILES="N#N"  chemName="nitrogen" />
        </property>
        <property name="evaluated standard deviation"  id="x5"   sourcetype="estimated"   units="cm/s"           reference="laminar burning velocity"  kind="absolute"  method="generic uncertainty" />

        <dataPoint><x1>1.610000e+001</x1><x2>6.911143e-002</x2><x3>1.974612e-001</x3><x4>7.334274e-001</x4>              <x5>0.5</x5></dataPoint>
        <dataPoint><x1>2.460000e+001</x1><x2>7.821229e-002</x2><x3>1.955307e-001</x3><x4>7.262570e-001</x4>              <x5>0.5</x5></dataPoint>
        <dataPoint><x1>3.180000e+001</x1><x2>8.713693e-002</x2><x3>1.936376e-001</x3><x4>7.192255e-001</x4><x5>0.754510176822685</x5></dataPoint>
        <dataPoint><x1>3.680000e+001</x1><x2>9.589041e-002</x2><x3>1.917808e-001</x3><x4>7.123288e-001</x4><x5>0.573834128410815</x5></dataPoint>
        <dataPoint><x1>3.810000e+001</x1><x2>1.044776e-001</x2><x3>1.899593e-001</x3><x4>7.055631e-001</x4><x5>0.754510176822685</x5></dataPoint>
        <dataPoint><x1>3.450000e+001</x1><x2>1.129032e-001</x2><x3>1.881720e-001</x3><x4>6.989247e-001</x4><x5>0.943019409624744</x5></dataPoint>
        <dataPoint><x1>2.660000e+001</x1><x2>1.211718e-001</x2><x3>1.864181e-001</x3><x4>6.924101e-001</x4> <x5>1.33014495711144</x5></dataPoint>
    </dataGroup>
</experiment>
