<experiment>
    <fileAuthor>Chemical Kinetics Laboratory, Institute of Chemistry, ELTE, Budapest, Hungary</fileAuthor>
    <fileDOI>10.24388/x20004166</fileDOI>
    <fileVersion>
        <major>1</major>
        <minor>0</minor>
    </fileVersion>
    <ReSpecThVersion>
        <major>2</major>
        <minor>3</minor>
    </ReSpecThVersion>
    <firstPublicationDate>2021-10-29</firstPublicationDate>
    <lastModificationDate>2021-10-29</lastModificationDate>
    <bibliographyLink>
        <description>V.R. Kishore, N. Duhan, M.R. Ravi, A. Ray, Experimental Thermal and Fluid Science 33 (2008), 10--16</description>
        <referenceDOI>10.1016/j.expthermflusci.2008.06.001</referenceDOI>
        <location>Main article, Fig. 6, open square</location>
        <figure>Figure 6</figure>
        <details>
            <author>V. Ratna Kishore and Nipun Duhan and M.R. Ravi and Anjan Ray</author>
            <journal>Experimental Thermal and Fluid Science</journal>
            <month>oct</month>
            <number>1</number>
            <pages>10--16</pages>
            <publisher>Elsevier {BV}</publisher>
            <title>Measurement of adiabatic burning velocity in natural gas-like mixtures</title>
            <volume>33</volume>
            <year>2008</year>
        </details>
    </bibliographyLink>
    <experimentType>laminar burning velocity measurement</experimentType>
    <apparatus>
        <kind>flame</kind>
        <mode>premixed</mode>
        <mode>laminar</mode>
    </apparatus>
    <commonProperties>
        <property name="pressure"                      label="P"  sourcetype="reported"   units="bar"  ><value>1</value></property>
        <property name="temperature"                   label="T"  sourcetype="reported"   units="K"    ><value>307</value></property>
        <property name="evaluated standard deviation"  sourcetype="estimated"  units="cm/s"  reference="laminar burning velocity"  kind="absolute"  method="combined from scatter and reported uncertainty" ><value>0.616526946463819</value></property>
    </commonProperties>
    <dataGroup id="dg1">
        <property name="laminar burning velocity"  id="x1"   label="Sl"     sourcetype="digitized"  units="cm/s"          />
        <property name="composition"               id="x2"   label="[CH4]"  sourcetype="digitized"  units="mole fraction" >
            <speciesLink preferredKey="CH4"  CAS="74-82-8"    InChI="1S/CH4/h1H4"    SMILES="C"        chemName="methane"        />
        </property>
        <property name="composition"               id="x3"   label="[O2]"   sourcetype="digitized"  units="mole fraction" >
            <speciesLink preferredKey="O2"   CAS="7782-44-7"  InChI="1S/O2/c1-2"     SMILES="O=O"      chemName="oxygen"         />
        </property>
        <property name="composition"               id="x4"   label="[N2]"   sourcetype="digitized"  units="mole fraction" >
            <speciesLink preferredKey="N2"   CAS="7727-37-9"  InChI="1S/N2/c1-2"     SMILES="N#N"      chemName="nitrogen"       />
        </property>
        <property name="composition"               id="x5"   label="[CO2]"  sourcetype="digitized"  units="mole fraction" >
            <speciesLink preferredKey="CO2"  CAS="124-38-9"   InChI="1S/CO2/c2-1-3"  SMILES="C(=O)=O"  chemName="carbon dioxide" />
        </property>

        <dataPoint><x1>2.276319e+001</x1><x2>7.664730e-002</x2><x3>1.917981e-001</x3><x4>7.123928e-001</x4><x5>1.916183e-002</x5></dataPoint>
        <dataPoint><x1>2.775937e+001</x1><x2>8.524194e-002</x2><x3>1.895192e-001</x3><x4>7.039284e-001</x4><x5>2.131049e-002</x5></dataPoint>
        <dataPoint><x1>3.071629e+001</x1><x2>9.356196e-002</x2><x3>1.873131e-001</x3><x4>6.957344e-001</x4><x5>2.339049e-002</x5></dataPoint>
        <dataPoint><x1>2.931430e+001</x1><x2>1.017067e-001</x2><x3>1.851535e-001</x3><x4>6.877131e-001</x4><x5>2.542667e-002</x5></dataPoint>
        <dataPoint><x1>2.629365e+001</x1><x2>1.096673e-001</x2><x3>1.830428e-001</x3><x4>6.798731e-001</x4><x5>2.741683e-002</x5></dataPoint>
        <dataPoint><x1>1.841703e+001</x1><x2>1.175666e-001</x2><x3>1.809483e-001</x3><x4>6.720935e-001</x4><x5>2.939165e-002</x5></dataPoint>
    </dataGroup>
</experiment>
