<experiment>
    <fileAuthor>Chemical Kinetics Laboratory, Institute of Chemistry, ELTE, Budapest, Hungary</fileAuthor>
    <fileDOI>10.24388/x20004270</fileDOI>
    <fileVersion>
        <major>1</major>
        <minor>0</minor>
    </fileVersion>
    <ReSpecThVersion>
        <major>2</major>
        <minor>3</minor>
    </ReSpecThVersion>
    <firstPublicationDate>2021-10-29</firstPublicationDate>
    <lastModificationDate>2021-10-29</lastModificationDate>
    <bibliographyLink>
        <description>V.S. Babkin, L.S. Kozachenko, Combustion, Explosion and Shock Waves 2 (1969), 46--52</description>
        <referenceDOI>10.1007/BF00749026</referenceDOI>
        <location>Fig. 2 full circle 4, main text</location>
        <figure>Fig. 1</figure>
        <details>
            <author>V. S. Babkin and L. S. Kozachenko</author>
            <journal>Combustion, Explosion and Shock Waves</journal>
            <number>3</number>
            <pages>46--52</pages>
            <publisher>Springer Science and Business Media {LLC}</publisher>
            <title>Study of normal burning velocity in methane-air mixtures at high pressures</title>
            <volume>2</volume>
            <year>1969</year>
        </details>
    </bibliographyLink>
    <experimentType>laminar burning velocity measurement</experimentType>
    <apparatus>
        <kind>flame</kind>
        <mode>premixed</mode>
        <mode>laminar</mode>
    </apparatus>
    <commonProperties>
        <property name="pressure"     label="P"  sourcetype="reported"  units="atm" ><value>8</value></property>
        <property name="temperature"  label="T"  sourcetype="reported"  units="K"   ><value>473</value></property>
    </commonProperties>
    <dataGroup id="dg1">
        <property name="laminar burning velocity"      id="x1"   label="Sl"     sourcetype="digitized"  units="cm/s"          />
        <property name="composition"                   id="x2"   label="[CH4]"  sourcetype="digitized"  units="mole fraction" >
            <speciesLink preferredKey="CH4"  CAS="74-82-8"    InChI="1S/CH4/h1H4"  SMILES="C"    chemName="methane"  />
        </property>
        <property name="composition"                   id="x3"   label="[O2]"   sourcetype="digitized"  units="mole fraction" >
            <speciesLink preferredKey="O2"   CAS="7782-44-7"  InChI="1S/O2/c1-2"   SMILES="O=O"  chemName="oxygen"   />
        </property>
        <property name="composition"                   id="x4"   label="[N2]"   sourcetype="digitized"  units="mole fraction" >
            <speciesLink preferredKey="N2"   CAS="7727-37-9"  InChI="1S/N2/c1-2"   SMILES="N#N"  chemName="nitrogen" />
        </property>
        <property name="evaluated standard deviation"  id="x5"   sourcetype="estimated"  units="cm/s"           reference="laminar burning velocity"  kind="absolute"  method="combined from scatter and estimated uncertainty" />

        <dataPoint><x1>1.014549e+001</x1><x2>6.005850e-002</x2><x3>1.973877e-001</x3><x4>7.425538e-001</x4><x5>0.549202472232464</x5></dataPoint>
        <dataPoint><x1>2.128477e+001</x1><x2>7.021640e-002</x2><x3>1.952546e-001</x3><x4>7.345290e-001</x4> <x5>1.08484999978718</x5></dataPoint>
        <dataPoint><x1>3.150127e+001</x1><x2>8.025090e-002</x2><x3>1.931473e-001</x3><x4>7.266018e-001</x4> <x5>1.58906292077698</x5></dataPoint>
        <dataPoint><x1>3.782505e+001</x1><x2>9.054250e-002</x2><x3>1.909861e-001</x3><x4>7.184714e-001</x4>  <x5>1.9029272072027</x5></dataPoint>
        <dataPoint><x1>3.881608e+001</x1><x2>9.529520e-002</x2><x3>1.899880e-001</x3><x4>7.147168e-001</x4> <x5>1.95218239505739</x5></dataPoint>
        <dataPoint><x1>3.894327e+001</x1><x2>1.002883e-001</x2><x3>1.889395e-001</x3><x4>7.107722e-001</x4> <x5>1.95850494839514</x5></dataPoint>
        <dataPoint><x1>3.386171e+001</x1><x2>1.101645e-001</x2><x3>1.868655e-001</x3><x4>7.029700e-001</x4> <x5>1.70611677427609</x5></dataPoint>
        <dataPoint><x1>2.326629e+001</x1><x2>1.206575e-001</x2><x3>1.846619e-001</x3><x4>6.946806e-001</x4> <x5>1.18219988287356</x5></dataPoint>
        <dataPoint><x1>1.267125e+001</x1><x2>1.305203e-001</x2><x3>1.825907e-001</x3><x4>6.868890e-001</x4><x5>0.667605705908997</x5></dataPoint>
    </dataGroup>
</experiment>
