<experiment>
    <fileAuthor>Chemical Kinetics Laboratory, Institute of Chemistry, ELTE, Budapest, Hungary</fileAuthor>
    <fileDOI>10.24388/x20004003</fileDOI>
    <fileVersion>
        <major>1</major>
        <minor>0</minor>
    </fileVersion>
    <ReSpecThVersion>
        <major>2</major>
        <minor>3</minor>
    </ReSpecThVersion>
    <firstPublicationDate>2021-10-29</firstPublicationDate>
    <lastModificationDate>2021-10-29</lastModificationDate>
    <bibliographyLink>
        <description>F.N. Egolfopoulos, P. Cho, C.K. Law, Combustion and Flame 76 (1989), 375--391</description>
        <referenceDOI>10.1016/0010-2180(89)90119-3</referenceDOI>
        <location>Main article</location>
        <figure>Fig. 5., full triangle, 1.0 atm</figure>
        <details>
            <author>Egolfopoulos, F. N. and Cho, P. and Law, C. K.</author>
            <journal>Combustion and Flame</journal>
            <number>3-4</number>
            <pages>375--391</pages>
            <title>Laminar flame speeds of methane-air mixtures under reduced and elevated pressures</title>
            <volume>76</volume>
            <year>1989</year>
        </details>
    </bibliographyLink>
    <experimentType>laminar burning velocity measurement</experimentType>
    <apparatus>
        <kind>flame</kind>
        <mode>premixed</mode>
        <mode>laminar</mode>
    </apparatus>
    <commonProperties>
        <property name="pressure"                      label="P"  sourcetype="digitized"  units="atm"  ><value>1.0</value></property>
        <property name="temperature"                   label="T"  sourcetype="digitized"  units="K"    ><value>298</value></property>
        <property name="evaluated standard deviation"  sourcetype="estimated"  units="cm/s"  reference="laminar burning velocity"  kind="absolute"  method="combined from scatter and reported uncertainty" ><value>1.47162743549446</value></property>
    </commonProperties>
    <dataGroup id="dg1">
        <property name="laminar burning velocity"  id="x1"   label="Sl"     sourcetype="digitized"   units="cm/s"          />
        <property name="composition"               id="x2"   label="[CH4]"  sourcetype="calculated"  units="mole fraction" >
            <speciesLink preferredKey="CH4"  CAS="74-82-8"    InChI="1S/CH4/h1H4"  SMILES="C"    chemName="methane"  />
        </property>
        <property name="composition"               id="x3"   label="[O2]"   sourcetype="calculated"  units="mole fraction" >
            <speciesLink preferredKey="O2"   CAS="7782-44-7"  InChI="1S/O2/c1-2"   SMILES="O=O"  chemName="oxygen"   />
        </property>
        <property name="composition"               id="x4"   label="[N2]"   sourcetype="calculated"  units="mole fraction" >
            <speciesLink preferredKey="N2"   CAS="7727-37-9"  InChI="1S/N2/c1-2"   SMILES="N#N"  chemName="nitrogen" />
        </property>

        <dataPoint><x1>6.844540e+000</x1><x2>5.516356e-002</x2><x3>2.004199e-001</x3><x4>7.444166e-001</x4></dataPoint>
        <dataPoint><x1>1.223595e+001</x1><x2>5.979718e-002</x2><x3>1.994370e-001</x3><x4>7.407659e-001</x4></dataPoint>
        <dataPoint><x1>2.024888e+001</x1><x2>6.914175e-002</x2><x3>1.974548e-001</x3><x4>7.334035e-001</x4></dataPoint>
        <dataPoint><x1>2.438273e+001</x1><x2>7.367329e-002</x2><x3>1.964935e-001</x3><x4>7.298332e-001</x4></dataPoint>
        <dataPoint><x1>2.824481e+001</x1><x2>7.830330e-002</x2><x3>1.955114e-001</x3><x4>7.261853e-001</x4></dataPoint>
        <dataPoint><x1>3.576473e+001</x1><x2>8.712190e-002</x2><x3>1.936408e-001</x3><x4>7.192373e-001</x4></dataPoint>
        <dataPoint><x1>4.029366e+001</x1><x2>9.578636e-002</x2><x3>1.918029e-001</x3><x4>7.124107e-001</x4></dataPoint>
        <dataPoint><x1>4.164496e+001</x1><x2>1.046205e-001</x2><x3>1.899290e-001</x3><x4>7.054505e-001</x4></dataPoint>
        <dataPoint><x1>3.655508e+001</x1><x2>1.129967e-001</x2><x3>1.881522e-001</x3><x4>6.988511e-001</x4></dataPoint>
        <dataPoint><x1>2.702969e+001</x1><x2>1.212357e-001</x2><x3>1.864046e-001</x3><x4>6.923598e-001</x4></dataPoint>
        <dataPoint><x1>1.750445e+001</x1><x2>1.294741e-001</x2><x3>1.846570e-001</x3><x4>6.858689e-001</x4></dataPoint>
        <dataPoint><x1>9.916430e+000</x1><x2>1.374285e-001</x2><x3>1.829697e-001</x3><x4>6.796018e-001</x4></dataPoint>
    </dataGroup>
</experiment>
