<experiment>
    <fileAuthor>Chemical Kinetics Laboratory, Institute of Chemistry, ELTE, Budapest, Hungary</fileAuthor>
    <fileDOI>10.24388/x20004073</fileDOI>
    <fileVersion>
        <major>1</major>
        <minor>0</minor>
    </fileVersion>
    <ReSpecThVersion>
        <major>2</major>
        <minor>3</minor>
    </ReSpecThVersion>
    <firstPublicationDate>2021-10-29</firstPublicationDate>
    <lastModificationDate>2021-10-29</lastModificationDate>
    <bibliographyLink>
        <description>D.L. Zhu, F.N. Egolfopoulos, C.K. Law, Symposium (International) on Combustion 22 (1989), 1537-1545</description>
        <referenceDOI>10.1016/S0082-0784(89)80164-X</referenceDOI>
        <location>Main article, Fig. 3, open square</location>
        <figure>Figure 3</figure>
        <details>
            <author>D.L. Zhu and F.N. Egolfopoulos and C.K. Law</author>
            <journal>Symposium (International) on Combustion</journal>
            <number>1</number>
            <pages>1537-1545</pages>
            <title>Experimental and numerical determination of laminar flame speeds of methane/(Ar, N2, CO2)-air mixtures as function of stoichiometry, pressure, and flame temperature</title>
            <volume>22</volume>
            <year>1989</year>
        </details>
    </bibliographyLink>
    <experimentType>laminar burning velocity measurement</experimentType>
    <apparatus>
        <kind>flame</kind>
        <mode>premixed</mode>
        <mode>laminar</mode>
    </apparatus>
    <commonProperties>
        <property name="pressure"                      label="P"  sourcetype="reported"   units="atm"  ><value>1</value></property>
        <property name="temperature"                   label="T"  sourcetype="reported"   units="K"    ><value>298</value></property>
        <property name="evaluated standard deviation"  sourcetype="estimated"  units="cm/s"  reference="laminar burning velocity"  kind="absolute"  method="combined from scatter and reported uncertainty" ><value>1.70074971777155</value></property>
    </commonProperties>
    <dataGroup id="dg1">
        <property name="laminar burning velocity"  id="x1"   label="Sl"     sourcetype="digitized"  units="cm/s"          />
        <property name="composition"               id="x2"   label="[CH4]"  sourcetype="digitized"  units="mole fraction" >
            <speciesLink preferredKey="CH4"  CAS="74-82-8"    InChI="1S/CH4/h1H4"  SMILES="C"     chemName="methane" />
        </property>
        <property name="composition"               id="x3"   label="[O2]"   sourcetype="digitized"  units="mole fraction" >
            <speciesLink preferredKey="O2"   CAS="7782-44-7"  InChI="1S/O2/c1-2"   SMILES="O=O"   chemName="oxygen"  />
        </property>
        <property name="composition"               id="x4"   label="[Ar]"   sourcetype="digitized"  units="mole fraction" >
            <speciesLink preferredKey="Ar"   CAS="7440-37-1"  InChI="1S/Ar"        SMILES="[Ar]"  chemName="argon"   />
        </property>

        <dataPoint><x1>5.858440e+000</x1><x2>3.940562e-002</x2><x3>2.037624e-001</x3><x4>7.568319e-001</x4></dataPoint>
        <dataPoint><x1>1.414031e+001</x1><x2>4.776731e-002</x2><x3>2.019888e-001</x3><x4>7.502439e-001</x4></dataPoint>
        <dataPoint><x1>2.959323e+001</x1><x2>5.704493e-002</x2><x3>2.000208e-001</x3><x4>7.429343e-001</x4></dataPoint>
        <dataPoint><x1>3.732133e+001</x1><x2>6.408467e-002</x2><x3>1.985275e-001</x3><x4>7.373878e-001</x4></dataPoint>
        <dataPoint><x1>4.812952e+001</x1><x2>6.894596e-002</x2><x3>1.974963e-001</x3><x4>7.335577e-001</x4></dataPoint>
        <dataPoint><x1>6.237887e+001</x1><x2>7.980105e-002</x2><x3>1.951937e-001</x3><x4>7.250052e-001</x4></dataPoint>
        <dataPoint><x1>7.198659e+001</x1><x2>9.090408e-002</x2><x3>1.928385e-001</x3><x4>7.162574e-001</x4></dataPoint>
        <dataPoint><x1>7.276335e+001</x1><x2>9.988409e-002</x2><x3>1.909337e-001</x3><x4>7.091822e-001</x4></dataPoint>
        <dataPoint><x1>6.516895e+001</x1><x2>1.143248e-001</x2><x3>1.878705e-001</x3><x4>6.978047e-001</x4></dataPoint>
        <dataPoint><x1>5.170565e+001</x1><x2>1.253751e-001</x2><x3>1.855265e-001</x3><x4>6.890984e-001</x4></dataPoint>
        <dataPoint><x1>3.186453e+001</x1><x2>1.392484e-001</x2><x3>1.825837e-001</x3><x4>6.781680e-001</x4></dataPoint>
        <dataPoint><x1>2.159949e+001</x1><x2>1.475273e-001</x2><x3>1.808276e-001</x3><x4>6.716452e-001</x4></dataPoint>
        <dataPoint><x1>1.289874e+001</x1><x2>1.602694e-001</x2><x3>1.781247e-001</x3><x4>6.616059e-001</x4></dataPoint>
    </dataGroup>
</experiment>
