<experiment>
    <fileAuthor>Chemical Kinetics Laboratory, Institute of Chemistry, ELTE, Budapest, Hungary</fileAuthor>
    <fileDOI>10.24388/x20004516</fileDOI>
    <fileVersion>
        <major>1</major>
        <minor>0</minor>
    </fileVersion>
    <ReSpecThVersion>
        <major>2</major>
        <minor>3</minor>
    </ReSpecThVersion>
    <firstPublicationDate>2021-10-29</firstPublicationDate>
    <lastModificationDate>2021-10-29</lastModificationDate>
    <bibliographyLink>
        <description>E. Hu, X. Li, X. Meng, Y. Chen, Y. Cheng, Y. Xie, Z. Huang, Fuel 158 (2015), 1--10</description>
        <referenceDOI>10.1016/j.fuel.2015.05.010</referenceDOI>
        <location>Main article, main text, Fig. 2.b, solid black circle</location>
        <figure>Main article, Fig. 2.b, solid black circle</figure>
        <details>
            <author>Hu, Erjiang and Li, Xiaotian and Meng, Xin and Chen, Yizhen and Cheng, Yu and Xie, Yongliang and Huang, Zuohua</author>
            <journal>Fuel</journal>
            <pages>1--10</pages>
            <title>Laminar flame speeds and ignition delay times of methane–air mixtures at elevated temperatures and pressures</title>
            <volume>158</volume>
            <year>2015</year>
        </details>
    </bibliographyLink>
    <experimentType>laminar burning velocity measurement</experimentType>
    <apparatus>
        <kind>flame</kind>
        <mode>premixed</mode>
        <mode>laminar</mode>
        <mode>OPF</mode>
    </apparatus>
    <commonProperties>
        <property name="temperature"  label="T"  sourcetype="reported"  units="K"   ><value>373</value></property>
        <property name="pressure"     label="p"  sourcetype="reported"  units="MPa" ><value>0.2</value></property>
    </commonProperties>
    <dataGroup id="dg1">
        <property name="equivalence ratio"             id="x1"   label="phi"    sourcetype="digitized"  units="unitless"      />
        <property name="laminar burning velocity"      id="x2"   label="Sl"     sourcetype="digitized"  units="cm/s"          />
        <property name="uncertainty"                   id="x3"   label="d_Sl"   sourcetype="estimated"  units="cm/s"           reference="laminar burning velocity"  kind="absolute"  bound="plus"  />
        <property name="uncertainty"                   id="x4"   label="d_Sl"   sourcetype="estimated"  units="cm/s"           reference="laminar burning velocity"  kind="absolute"  bound="minus" />
        <property name="composition"                   id="x5"   label="[CH4]"  sourcetype="estimated"  units="mole fraction" >
            <speciesLink preferredKey="CH4"  CAS="74-82-8"    InChI="1S/CH4/h1H4"  SMILES="C"    chemName="methane"  />
        </property>
        <property name="composition"                   id="x6"   label="[O2]"   sourcetype="estimated"  units="mole fraction" >
            <speciesLink preferredKey="O2"   CAS="7782-44-7"  InChI="1S/O2/c1-2"   SMILES="O=O"  chemName="oxygen"   />
        </property>
        <property name="composition"                   id="x7"   label="[N2]"   sourcetype="estimated"  units="mole fraction" >
            <speciesLink preferredKey="N2"   CAS="7727-37-9"  InChI="1S/N2/c1-2"   SMILES="N#N"  chemName="nitrogen" />
        </property>
        <property name="evaluated standard deviation"  id="x8"   sourcetype="estimated"  units="cm/s"           reference="laminar burning velocity"  kind="absolute"  method="combined from scatter and estimated uncertainty" />

        <dataPoint><x1>0.699381</x1> <x2>25.1966</x2>      <x3>0</x3>      <x4>0</x4><x5>0.068411</x5><x6>0.195634</x6><x7>0.735955</x7><x8>4.59952975920365</x8></dataPoint>
        <dataPoint> <x1>0.79969</x1><x2>22.45785</x2><x3>0.88485</x3><x4>0.88485</x4><x5>0.077463</x5><x6>0.193733</x6><x7>0.728804</x7><x8>4.56392264871528</x8></dataPoint>
        <dataPoint>     <x1>0.9</x1> <x2>33.3708</x2> <x3>0.6741</x3> <x4>0.8427</x4><x5>0.086341</x5><x6>0.191868</x6><x7>0.721791</x7><x8>4.72784603265589</x8></dataPoint>
        <dataPoint> <x1>1.00031</x1> <x2>38.0056</x2>  <x3>0.927</x3>  <x4>1.264</x4><x5>0.095049</x5><x6>0.190040</x6><x7>0.714911</x7><x8>4.81451622235298</x8></dataPoint>
        <dataPoint> <x1>1.09969</x1> <x2>41.1236</x2>      <x3>0</x3>      <x4>0</x4><x5>0.103515</x5><x6>0.188262</x6><x7>0.708223</x7><x8>4.87815319247971</x8></dataPoint>
        <dataPoint>     <x1>1.2</x1>    <x2>37.5</x2> <x3>1.4326</x3> <x4>1.4326</x4><x5>0.111901</x5><x6>0.186501</x6><x7>0.701599</x7><x8>4.80459440295432</x8></dataPoint>
        <dataPoint> <x1>1.30031</x1> <x2>30.5899</x2> <x3>1.1798</x3> <x4>1.1798</x4><x5>0.120131</x5><x6>0.184773</x6><x7>0.695097</x7><x8>4.68058301196817</x8></dataPoint>
        <dataPoint> <x1>1.39969</x1> <x2>17.4017</x2> <x3>2.5702</x3> <x4>2.5702</x4><x5>0.128136</x5><x6>0.183092</x6><x7>0.688773</x7><x8>4.50838666089378</x8></dataPoint>
    </dataGroup>
    <comment>Mole fractions were calculated from phi and N2:O2 volume ratio in air. Sl data by non-linear method.</comment>
</experiment>
