<experiment>
    <fileAuthor>Chemical Kinetics Laboratory, Institute of Chemistry, ELTE, Budapest, Hungary</fileAuthor>
    <fileDOI>10.24388/x20004390</fileDOI>
    <fileVersion>
        <major>1</major>
        <minor>0</minor>
    </fileVersion>
    <ReSpecThVersion>
        <major>2</major>
        <minor>3</minor>
    </ReSpecThVersion>
    <firstPublicationDate>2021-10-29</firstPublicationDate>
    <lastModificationDate>2021-10-29</lastModificationDate>
    <bibliographyLink>
        <description>K.Ya. Troshin, A.A. Borisov, A.N. Rakhmetov, V.S. Arutyunov, G.G. Politenkova, Combustion, Explosion, and Shock Waves 7 (2013), 290--301</description>
        <referenceDOI>10.1134/S1990793113050102</referenceDOI>
        <location>Main article</location>
        <figure>Fig. 11., full circle</figure>
        <details>
            <author>K. Ya. Troshin and A. A. Borisov and A. N. Rakhmetov and V. S. Arutyunov and G. G. Politenkova</author>
            <journal>Combustion, Explosion, and Shock Waves</journal>
            <month>may</month>
            <number>3</number>
            <pages>290--301</pages>
            <publisher>Pleiades Publishing Ltd</publisher>
            <title>Burning velocity of methane-hydrogen mixtures at elevated pressures and temperatures</title>
            <volume>7</volume>
            <year>2013</year>
        </details>
    </bibliographyLink>
    <experimentType>laminar burning velocity measurement</experimentType>
    <apparatus>
        <kind>flame</kind>
        <mode>premixed</mode>
        <mode>laminar</mode>
    </apparatus>
    <commonProperties>
        <property name="pressure"     label="P"  sourcetype="reported"  units="atm" ><value>1</value></property>
        <property name="temperature"  label="T"  sourcetype="reported"  units="K"   ><value>573.15</value></property>
    </commonProperties>
    <dataGroup id="dg1">
        <property name="laminar burning velocity"      id="x1"   label="Sl"     sourcetype="digitized"   units="cm/s"          />
        <property name="composition"                   id="x2"   label="[CH4]"  sourcetype="calculated"  units="mole fraction" >
            <speciesLink preferredKey="CH4"  CAS="74-82-8"    InChI="1S/CH4/h1H4"  SMILES="C"     chemName="methane"  />
        </property>
        <property name="composition"                   id="x3"   label="[O2]"   sourcetype="calculated"  units="mole fraction" >
            <speciesLink preferredKey="O2"   CAS="7782-44-7"  InChI="1S/O2/c1-2"   SMILES="O=O"   chemName="oxygen"   />
        </property>
        <property name="composition"                   id="x4"   label="[N2]"   sourcetype="calculated"  units="mole fraction" >
            <speciesLink preferredKey="N2"   CAS="7727-37-9"  InChI="1S/N2/c1-2"   SMILES="N#N"   chemName="nitrogen" />
        </property>
        <property name="composition"                   id="x5"   label="[H2]"   sourcetype="calculated"  units="mole fraction" >
            <speciesLink preferredKey="H2"   CAS="1333-74-0"  InChI="1S/H2/h1H"    SMILES="[HH]"  chemName="hydrogen" />
        </property>
        <property name="evaluated standard deviation"  id="x6"   sourcetype="estimated"   units="cm/s"           reference="laminar burning velocity"  kind="absolute"  method="combined from scatter and reported uncertainty" />

        <dataPoint><x1>1.244149e+001</x1><x2>4.033491e-002</x2><x3>1.994919e-001</x3><x4>7.500895e-001</x4><x5>1.008373e-002</x5><x6>0.771616480764611</x6></dataPoint>
        <dataPoint><x1>1.923721e+001</x1><x2>4.655406e-002</x2><x3>1.978587e-001</x3><x4>7.439487e-001</x4><x5>1.163851e-002</x5><x6>0.854366272663582</x6></dataPoint>
        <dataPoint><x1>2.540884e+001</x1><x2>5.530973e-002</x2><x3>1.955594e-001</x3><x4>7.353034e-001</x4><x5>1.382743e-002</x5><x6>0.949817635833848</x6></dataPoint>
        <dataPoint><x1>3.329096e+001</x1><x2>6.379810e-002</x2><x3>1.933303e-001</x3><x4>7.269220e-001</x4><x5>1.594952e-002</x5> <x6>1.09147965330372</x6></dataPoint>
        <dataPoint><x1>3.930078e+001</x1><x2>7.208368e-002</x2><x3>1.911545e-001</x3><x4>7.187409e-001</x4><x5>1.802092e-002</x5> <x6>1.20995553239789</x6></dataPoint>
        <dataPoint><x1>4.348454e+001</x1><x2>8.019365e-002</x2><x3>1.890248e-001</x3><x4>7.107332e-001</x4><x5>2.004841e-002</x5> <x6>1.29632695890437</x6></dataPoint>
        <dataPoint><x1>4.903207e+001</x1><x2>8.824230e-002</x2><x3>1.869112e-001</x3><x4>7.027860e-001</x4><x5>2.206057e-002</x5> <x6>1.41465110638739</x6></dataPoint>
    </dataGroup>
</experiment>
