<experiment>
    <fileAuthor>Chemical Kinetics Laboratory, Institute of Chemistry, ELTE, Budapest, Hungary</fileAuthor>
    <fileDOI>10.24388/x20004521</fileDOI>
    <fileVersion>
        <major>1</major>
        <minor>0</minor>
    </fileVersion>
    <ReSpecThVersion>
        <major>2</major>
        <minor>3</minor>
    </ReSpecThVersion>
    <firstPublicationDate>2021-10-29</firstPublicationDate>
    <lastModificationDate>2021-10-29</lastModificationDate>
    <bibliographyLink>
        <description>E. Hu, X. Li, X. Meng, Y. Chen, Y. Cheng, Y. Xie, Z. Huang, Fuel 158 (2015), 1--10</description>
        <referenceDOI>10.1016/j.fuel.2015.05.010</referenceDOI>
        <location>Main article, main text, Fig. 2.c, empty black triangle</location>
        <figure>Main article, Fig. 2.c, empty black triangle</figure>
        <details>
            <author>Hu, Erjiang and Li, Xiaotian and Meng, Xin and Chen, Yizhen and Cheng, Yu and Xie, Yongliang and Huang, Zuohua</author>
            <journal>Fuel</journal>
            <pages>1--10</pages>
            <title>Laminar flame speeds and ignition delay times of methane–air mixtures at elevated temperatures and pressures</title>
            <volume>158</volume>
            <year>2015</year>
        </details>
    </bibliographyLink>
    <experimentType>laminar burning velocity measurement</experimentType>
    <apparatus>
        <kind>flame</kind>
        <mode>premixed</mode>
        <mode>laminar</mode>
        <mode>OPF</mode>
    </apparatus>
    <commonProperties>
        <property name="temperature"  label="T"  sourcetype="reported"  units="K"   ><value>443</value></property>
        <property name="pressure"     label="p"  sourcetype="reported"  units="MPa" ><value>0.5</value></property>
    </commonProperties>
    <dataGroup id="dg1">
        <property name="equivalence ratio"             id="x1"   label="phi"    sourcetype="digitized"  units="unitless"      />
        <property name="laminar burning velocity"      id="x2"   label="Sl"     sourcetype="digitized"  units="cm/s"          />
        <property name="composition"                   id="x3"   label="[CH4]"  sourcetype="estimated"  units="mole fraction" >
            <speciesLink preferredKey="CH4"  CAS="74-82-8"    InChI="1S/CH4/h1H4"  SMILES="C"    chemName="methane"  />
        </property>
        <property name="composition"                   id="x4"   label="[O2]"   sourcetype="estimated"  units="mole fraction" >
            <speciesLink preferredKey="O2"   CAS="7782-44-7"  InChI="1S/O2/c1-2"   SMILES="O=O"  chemName="oxygen"   />
        </property>
        <property name="composition"                   id="x5"   label="[N2]"   sourcetype="estimated"  units="mole fraction" >
            <speciesLink preferredKey="N2"   CAS="7727-37-9"  InChI="1S/N2/c1-2"   SMILES="N#N"  chemName="nitrogen" />
        </property>
        <property name="evaluated standard deviation"  id="x6"   sourcetype="estimated"  units="cm/s"           reference="laminar burning velocity"  kind="absolute"  method="combined from scatter and estimated uncertainty" />

        <dataPoint><x1>0.900417</x1><x2>34.3662</x2><x3>0.086377</x3><x4>0.191861</x4><x5>0.721762</x5> <x6>1.71831</x6></dataPoint>
        <dataPoint> <x1>1.09958</x1><x2>42.5915</x2><x3>0.103506</x3><x4>0.188264</x4><x5>0.708231</x5><x6>2.129575</x6></dataPoint>
        <dataPoint> <x1>1.29979</x1><x2>29.4085</x2><x3>0.120089</x3><x4>0.184781</x4><x5>0.695130</x5><x6>1.470425</x6></dataPoint>
    </dataGroup>
    <comment>Mole fractions were calculated from phi and N2:O2 volume ratio in air. Sl data by linear method.</comment>
</experiment>
