<experiment>
    <fileAuthor>Chemical Kinetics Laboratory, Institute of Chemistry, ELTE, Budapest, Hungary</fileAuthor>
    <fileDOI>10.24388/x20004335</fileDOI>
    <fileVersion>
        <major>1</major>
        <minor>0</minor>
    </fileVersion>
    <ReSpecThVersion>
        <major>2</major>
        <minor>3</minor>
    </ReSpecThVersion>
    <firstPublicationDate>2021-10-29</firstPublicationDate>
    <lastModificationDate>2021-10-29</lastModificationDate>
    <bibliographyLink>
        <description>A.N. Mazas, B. Fiorina, D.A. Lacoste, T. Schuller, Combustion and Flame 158 (2011), 2428--2440</description>
        <referenceDOI>10.1016/j.combustflame.2011.05.014</referenceDOI>
        <location>Main article, Fig. 15, middle, full circle</location>
        <figure>Figure 15</figure>
        <details>
            <author>A.N. Mazas and B. Fiorina and D.A. Lacoste and T. Schuller</author>
            <journal>Combustion and Flame</journal>
            <month>dec</month>
            <number>12</number>
            <pages>2428--2440</pages>
            <publisher>Elsevier {BV}</publisher>
            <title>Effects of water vapor addition on the laminar burning velocity of oxygen-enriched methane flames</title>
            <volume>158</volume>
            <year>2011</year>
        </details>
    </bibliographyLink>
    <experimentType>laminar burning velocity measurement</experimentType>
    <apparatus>
        <kind>flame</kind>
        <mode>premixed</mode>
        <mode>laminar</mode>
    </apparatus>
    <commonProperties>
        <property name="pressure"     label="P"  sourcetype="reported"  units="atm" ><value>1</value></property>
        <property name="temperature"  label="T"  sourcetype="reported"  units="K"   ><value>373</value></property>
    </commonProperties>
    <dataGroup id="dg1">
        <property name="laminar burning velocity"      id="x1"   label="Sl"     sourcetype="digitized"  units="cm/s"          />
        <property name="composition"                   id="x2"   label="[CH4]"  sourcetype="digitized"  units="mole fraction" >
            <speciesLink preferredKey="CH4"  CAS="74-82-8"    InChI="1S/CH4/h1H4"  SMILES="C"    chemName="methane"  />
        </property>
        <property name="composition"                   id="x3"   label="[O2]"   sourcetype="digitized"  units="mole fraction" >
            <speciesLink preferredKey="O2"   CAS="7782-44-7"  InChI="1S/O2/c1-2"   SMILES="O=O"  chemName="oxygen"   />
        </property>
        <property name="composition"                   id="x4"   label="[N2]"   sourcetype="digitized"  units="mole fraction" >
            <speciesLink preferredKey="N2"   CAS="7727-37-9"  InChI="1S/N2/c1-2"   SMILES="N#N"  chemName="nitrogen" />
        </property>
        <property name="composition"                   id="x5"   label="[H2O]"  sourcetype="digitized"  units="mole fraction" >
            <speciesLink preferredKey="H2O"  CAS="7732-18-5"  InChI="1S/H2O/h1H2"  SMILES="O"    chemName="water"    />
        </property>
        <property name="evaluated standard deviation"  id="x6"   sourcetype="estimated"  units="cm/s"           reference="laminar burning velocity"  kind="absolute"  method="combined from scatter and reported uncertainty" />

        <dataPoint><x1>4.425023e+002</x1><x2>3.333333e-001</x2><x3>6.666667e-001</x3><x4>0.000000e+000</x4><x5>0.000000e+000</x5><x6>12.1536275853922</x6></dataPoint>
        <dataPoint><x1>4.111461e+002</x1><x2>3.216567e-001</x2><x3>6.433133e-001</x3><x4>0.000000e+000</x4><x5>3.503000e-002</x5><x6>11.4447010559191</x6></dataPoint>
        <dataPoint><x1>3.851512e+002</x1><x2>3.069133e-001</x2><x3>6.138267e-001</x3><x4>0.000000e+000</x4><x5>7.926000e-002</x5><x6>10.8648004736396</x6></dataPoint>
        <dataPoint><x1>3.669512e+002</x1><x2>2.972367e-001</x2><x3>5.944733e-001</x3><x4>0.000000e+000</x4><x5>1.082900e-001</x5><x6>10.4636859916571</x6></dataPoint>
        <dataPoint><x1>3.373236e+002</x1><x2>2.792367e-001</x2><x3>5.584733e-001</x3><x4>0.000000e+000</x4><x5>1.622900e-001</x5><x6>9.82076840128612</x6></dataPoint>
        <dataPoint><x1>3.061136e+002</x1><x2>2.644933e-001</x2><x3>5.289867e-001</x3><x4>0.000000e+000</x4><x5>2.065200e-001</x5><x6>9.15950026525465</x6></dataPoint>
        <dataPoint><x1>2.756905e+002</x1><x2>2.488933e-001</x2><x3>4.977867e-001</x3><x4>0.000000e+000</x4><x5>2.533200e-001</x5><x6>8.53427017456714</x6></dataPoint>
        <dataPoint><x1>2.461922e+002</x1><x2>2.310900e-001</x2><x3>4.621800e-001</x3><x4>0.000000e+000</x4><x5>3.067300e-001</x5>  <x6>7.950604356376</x6></dataPoint>
        <dataPoint><x1>2.167191e+002</x1><x2>2.086833e-001</x2><x3>4.173667e-001</x3><x4>0.000000e+000</x4><x5>3.739500e-001</x5> <x6>7.3949283454342</x6></dataPoint>
        <dataPoint><x1>1.723769e+002</x1><x2>1.873533e-001</x2><x3>3.747067e-001</x3><x4>0.000000e+000</x4><x5>4.379400e-001</x5><x6>6.62582880303334</x6></dataPoint>
    </dataGroup>
</experiment>
