<experiment>
    <fileAuthor>Chemical Kinetics Laboratory, Institute of Chemistry, ELTE, Budapest, Hungary</fileAuthor>
    <fileDOI>10.24388/x20004204</fileDOI>
    <fileVersion>
        <major>1</major>
        <minor>0</minor>
    </fileVersion>
    <ReSpecThVersion>
        <major>2</major>
        <minor>3</minor>
    </ReSpecThVersion>
    <firstPublicationDate>2021-10-29</firstPublicationDate>
    <lastModificationDate>2021-10-29</lastModificationDate>
    <bibliographyLink>
        <description>J.Y. Ren, W. Qin, F.N. Egolfopoulos, H. Mak, T.T. Tsotsis, Chem Eng Sci 56 (2001), 1541--1549</description>
        <referenceDOI>10.1016/S0009-2509(00)00381-X</referenceDOI>
        <location>Fig. 3b phi=0.78 full diamond</location>
        <figure>Fig. 3b</figure>
        <details>
            <author>Ren, J Y and Qin, W and Egolfopoulos, F N and Mak, H and Tsotsis, T T</author>
            <journal>Chem Eng Sci</journal>
            <number>4</number>
            <pages>1541--1549</pages>
            <title>Methane reforming and its potential effect on the efficiency and pollutant emissions of lean methane-air combustion</title>
            <volume>56</volume>
            <year>2001</year>
        </details>
    </bibliographyLink>
    <experimentType>laminar burning velocity measurement</experimentType>
    <apparatus>
        <kind>flame</kind>
        <mode>premixed</mode>
        <mode>laminar</mode>
    </apparatus>
    <commonProperties>
        <property name="pressure"                      label="P"  sourcetype="estimated"  units="atm"  ><value>1</value></property>
        <property name="temperature"                   label="T"  sourcetype="estimated"  units="K"    ><value>298</value></property>
        <property name="evaluated standard deviation"  sourcetype="estimated"  units="cm/s"  reference="laminar burning velocity"  kind="absolute"  method="combined from scatter and estimated uncertainty" ><value>1.01438531731488</value></property>
    </commonProperties>
    <dataGroup id="dg1">
        <property name="laminar burning velocity"  id="x1"   label="Sl"     sourcetype="digitized"  units="cm/s"          />
        <property name="composition"               id="x2"   label="[CH4]"  sourcetype="digitized"  units="mole fraction" >
            <speciesLink preferredKey="CH4"  CAS="74-82-8"    InChI="1S/CH4/h1H4"    SMILES="C"        chemName="methane"        />
        </property>
        <property name="composition"               id="x3"   label="[O2]"   sourcetype="digitized"  units="mole fraction" >
            <speciesLink preferredKey="O2"   CAS="7782-44-7"  InChI="1S/O2/c1-2"     SMILES="O=O"      chemName="oxygen"         />
        </property>
        <property name="composition"               id="x4"   label="[N2]"   sourcetype="digitized"  units="mole fraction" >
            <speciesLink preferredKey="N2"   CAS="7727-37-9"  InChI="1S/N2/c1-2"     SMILES="N#N"      chemName="nitrogen"       />
        </property>
        <property name="composition"               id="x5"   label="[CO2]"  sourcetype="digitized"  units="mole fraction" >
            <speciesLink preferredKey="CO2"  CAS="124-38-9"   InChI="1S/CO2/c2-1-3"  SMILES="C(=O)=O"  chemName="carbon dioxide" />
        </property>

        <dataPoint><x1>2.587905e+001</x1><x2>0.075697</x2><x3>0.194094</x3><x4>0.730164</x4><x5>0.000045</x5></dataPoint>
        <dataPoint><x1>2.511547e+001</x1><x2>0.074944</x2><x3>0.192164</x3><x4>0.722902</x4><x5>0.009991</x5></dataPoint>
        <dataPoint><x1>2.507142e+001</x1><x2>0.074192</x2><x3>0.190235</x3><x4>0.715645</x4><x5>0.019929</x5></dataPoint>
        <dataPoint><x1>2.419825e+001</x1><x2>0.072675</x2><x3>0.186346</x3><x4>0.701017</x4><x5>0.039961</x5></dataPoint>
        <dataPoint><x1>2.265421e+001</x1><x2>0.069653</x2><x3>0.178598</x3><x4>0.671868</x4><x5>0.079881</x5></dataPoint>
    </dataGroup>
</experiment>
