<experiment>
    <fileAuthor>Chemical Kinetics Laboratory, Institute of Chemistry, ELTE, Budapest, Hungary</fileAuthor>
    <fileDOI>10.24388/x20004464</fileDOI>
    <fileVersion>
        <major>1</major>
        <minor>0</minor>
    </fileVersion>
    <ReSpecThVersion>
        <major>2</major>
        <minor>3</minor>
    </ReSpecThVersion>
    <firstPublicationDate>2021-10-29</firstPublicationDate>
    <lastModificationDate>2021-10-29</lastModificationDate>
    <bibliographyLink>
        <description>A.A. Konnov, R. Riemeijer, G.L.P.H. de, Proceedings of the European Combustion Meeting 2009 (2009), 1-6</description>
        <location>Main article</location>
        <figure>Fig.4., full circle, 10% H2</figure>
        <details>
            <author>Konnov, A. A. and Riemeijer, R. and de Goey, L. P. H.</author>
            <journal>Proceedings of the European Combustion Meeting 2009</journal>
            <pages>1-6</pages>
            <title>Adiabatic laminar burning velocities of CH 4 + H 2 + air flames at low pressures</title>
            <year>2009</year>
        </details>
    </bibliographyLink>
    <experimentType>laminar burning velocity measurement</experimentType>
    <apparatus>
        <kind>flame</kind>
        <mode>premixed</mode>
        <mode>laminar</mode>
    </apparatus>
    <commonProperties>
        <property name="pressure"                      label="P"  sourcetype="reported"   units="atm"  ><value>1</value></property>
        <property name="temperature"                   label="T"  sourcetype="reported"   units="K"    ><value>298</value></property>
        <property name="evaluated standard deviation"  sourcetype="estimated"  units="cm/s"  reference="laminar burning velocity"  kind="absolute"  method="combined from scatter and reported uncertainty" ><value>0.91006181246111</value></property>
    </commonProperties>
    <dataGroup id="dg1">
        <property name="laminar burning velocity"  id="x1"   label="Sl"     sourcetype="digitized"   units="cm/s"          />
        <property name="composition"               id="x2"   label="[CH4]"  sourcetype="calculated"  units="mole fraction" >
            <speciesLink preferredKey="CH4"  CAS="74-82-8"    InChI="1S/CH4/h1H4"  SMILES="C"     chemName="methane"  />
        </property>
        <property name="composition"               id="x3"   label="[O2]"   sourcetype="calculated"  units="mole fraction" >
            <speciesLink preferredKey="O2"   CAS="7782-44-7"  InChI="1S/O2/c1-2"   SMILES="O=O"   chemName="oxygen"   />
        </property>
        <property name="composition"               id="x4"   label="[N2]"   sourcetype="calculated"  units="mole fraction" >
            <speciesLink preferredKey="N2"   CAS="7727-37-9"  InChI="1S/N2/c1-2"   SMILES="N#N"   chemName="nitrogen" />
        </property>
        <property name="composition"               id="x5"   label="[H2]"   sourcetype="calculated"  units="mole fraction" >
            <speciesLink preferredKey="H2"   CAS="1333-74-0"  InChI="1S/H2/h1H"    SMILES="[HH]"  chemName="hydrogen" />
        </property>

        <dataPoint><x1>1.984107e+001</x1><x2>6.690775e-002</x2><x3>1.963517e-001</x3><x4>7.293063e-001</x4><x5>7.434194e-003</x5></dataPoint>
        <dataPoint><x1>2.793643e+001</x1><x2>7.560765e-002</x2><x3>1.943012e-001</x3><x4>7.216903e-001</x4><x5>8.400850e-003</x5></dataPoint>
        <dataPoint><x1>3.532406e+001</x1><x2>8.410907e-002</x2><x3>1.922975e-001</x3><x4>7.142480e-001</x4><x5>9.345452e-003</x5></dataPoint>
        <dataPoint><x1>3.957040e+001</x1><x2>9.263546e-002</x2><x3>1.902879e-001</x3><x4>7.067838e-001</x4><x5>1.029283e-002</x5></dataPoint>
        <dataPoint><x1>4.068786e+001</x1><x2>1.009961e-001</x2><x3>1.883174e-001</x3><x4>6.994647e-001</x4><x5>1.122179e-002</x5></dataPoint>
        <dataPoint><x1>3.704991e+001</x1><x2>1.087061e-001</x2><x3>1.865002e-001</x3><x4>6.927152e-001</x4><x5>1.207846e-002</x5></dataPoint>
        <dataPoint><x1>2.803576e+001</x1><x2>1.165997e-001</x2><x3>1.846398e-001</x3><x4>6.858049e-001</x4><x5>1.295553e-002</x5></dataPoint>
        <dataPoint><x1>1.710951e+001</x1><x2>1.245152e-001</x2><x3>1.827742e-001</x3><x4>6.788756e-001</x4><x5>1.383502e-002</x5></dataPoint>
    </dataGroup>
</experiment>
