<experiment>
    <fileAuthor>Chemical Kinetics Laboratory, Institute of Chemistry, ELTE, Budapest, Hungary</fileAuthor>
    <fileDOI>10.24388/x20004511</fileDOI>
    <fileVersion>
        <major>1</major>
        <minor>0</minor>
    </fileVersion>
    <ReSpecThVersion>
        <major>2</major>
        <minor>3</minor>
    </ReSpecThVersion>
    <firstPublicationDate>2021-10-29</firstPublicationDate>
    <lastModificationDate>2021-10-29</lastModificationDate>
    <bibliographyLink>
        <description>E. Hu, X. Li, X. Meng, Y. Chen, Y. Cheng, Y. Xie, Z. Huang, Fuel 158 (2015), 1--10</description>
        <referenceDOI>10.1016/j.fuel.2015.05.010</referenceDOI>
        <location>Main article, main text, Fig. 1.d, empty black square</location>
        <figure>Main article, Fig. 1.d, empty black square</figure>
        <details>
            <author>Hu, Erjiang and Li, Xiaotian and Meng, Xin and Chen, Yizhen and Cheng, Yu and Xie, Yongliang and Huang, Zuohua</author>
            <journal>Fuel</journal>
            <pages>1--10</pages>
            <title>Laminar flame speeds and ignition delay times of methane–air mixtures at elevated temperatures and pressures</title>
            <volume>158</volume>
            <year>2015</year>
        </details>
    </bibliographyLink>
    <experimentType>laminar burning velocity measurement</experimentType>
    <apparatus>
        <kind>flame</kind>
        <mode>premixed</mode>
        <mode>laminar</mode>
        <mode>OPF</mode>
    </apparatus>
    <commonProperties>
        <property name="temperature"  label="T"  sourcetype="reported"  units="K"   ><value>300</value></property>
        <property name="pressure"     label="p"  sourcetype="reported"  units="MPa" ><value>0.1</value></property>
    </commonProperties>
    <dataGroup id="dg1">
        <property name="equivalence ratio"             id="x1"   label="phi"    sourcetype="digitized"  units="unitless"      />
        <property name="laminar burning velocity"      id="x2"   label="Sl"     sourcetype="digitized"  units="cm/s"          />
        <property name="composition"                   id="x3"   label="[CH4]"  sourcetype="estimated"  units="mole fraction" >
            <speciesLink preferredKey="CH4"  CAS="74-82-8"    InChI="1S/CH4/h1H4"  SMILES="C"    chemName="methane"  />
        </property>
        <property name="composition"                   id="x4"   label="[O2]"   sourcetype="estimated"  units="mole fraction" >
            <speciesLink preferredKey="O2"   CAS="7782-44-7"  InChI="1S/O2/c1-2"   SMILES="O=O"  chemName="oxygen"   />
        </property>
        <property name="composition"                   id="x5"   label="[N2]"   sourcetype="estimated"  units="mole fraction" >
            <speciesLink preferredKey="N2"   CAS="7727-37-9"  InChI="1S/N2/c1-2"   SMILES="N#N"  chemName="nitrogen" />
        </property>
        <property name="evaluated standard deviation"  id="x6"   sourcetype="estimated"  units="cm/s"           reference="laminar burning velocity"  kind="absolute"  method="combined from scatter and estimated uncertainty" />

        <dataPoint><x1>0.900494</x1><x2>30.5843</x2><x3>0.08638</x3><x4>0.19186</x4><x5>0.72176</x5><x6>1.59826445034919</x6></dataPoint>
        <dataPoint> <x1>1.00062</x1><x2>34.3239</x2><x3>0.09508</x3><x4>0.19003</x4><x5>0.71489</x5><x6>1.77799775451208</x6></dataPoint>
        <dataPoint> <x1>1.20087</x1> <x2>33.389</x2><x3>0.11197</x3><x4>0.18649</x4><x5>0.70154</x5><x6>1.73292066740662</x6></dataPoint>
        <dataPoint> <x1>1.30099</x1><x2>27.2454</x2><x3>0.12019</x3><x4>0.18476</x4><x5>0.69505</x5><x6>1.43935064870413</x6></dataPoint>
    </dataGroup>
    <comment>Mole fractions were calculated from phi and N2:O2 volume ratio of air. Sl data by linear method.</comment>
</experiment>
