<experiment>
    <fileAuthor>Chemical Kinetics Laboratory, Institute of Chemistry, ELTE, Budapest, Hungary</fileAuthor>
    <fileDOI>10.24388/x20004309</fileDOI>
    <fileVersion>
        <major>1</major>
        <minor>0</minor>
    </fileVersion>
    <ReSpecThVersion>
        <major>2</major>
        <minor>3</minor>
    </ReSpecThVersion>
    <firstPublicationDate>2021-10-29</firstPublicationDate>
    <lastModificationDate>2021-10-29</lastModificationDate>
    <bibliographyLink>
        <description>H. Miao, Y. Liu, Fuel 121 (2014), 208--215</description>
        <referenceDOI>10.1016/j.fuel.2013.12.039</referenceDOI>
        <location>Main article, Fig. 4, open diamond</location>
        <figure>Figure 4</figure>
        <details>
            <author>Haiyan Miao and Yan Liu</author>
            <journal>Fuel</journal>
            <month>apr</month>
            <pages>208--215</pages>
            <publisher>Elsevier {BV}</publisher>
            <title>Measuring the laminar burning velocity and Markstein length of premixed methane/nitrogen/air mixtures with the consideration of nonlinear stretch effects</title>
            <volume>121</volume>
            <year>2014</year>
        </details>
    </bibliographyLink>
    <experimentType>laminar burning velocity measurement</experimentType>
    <apparatus>
        <kind>flame</kind>
        <mode>premixed</mode>
        <mode>laminar</mode>
    </apparatus>
    <commonProperties>
        <property name="pressure"     label="P"  sourcetype="estimated"  units="atm" ><value>1</value></property>
        <property name="temperature"  label="T"  sourcetype="estimated"  units="K"   ><value>298</value></property>
    </commonProperties>
    <dataGroup id="dg1">
        <property name="laminar burning velocity"      id="x1"   label="Sl"     sourcetype="digitized"  units="cm/s"          />
        <property name="composition"                   id="x2"   label="[CH4]"  sourcetype="digitized"  units="mole fraction" >
            <speciesLink preferredKey="CH4"  CAS="74-82-8"    InChI="1S/CH4/h1H4"  SMILES="C"    chemName="methane"  />
        </property>
        <property name="composition"                   id="x3"   label="[O2]"   sourcetype="digitized"  units="mole fraction" >
            <speciesLink preferredKey="O2"   CAS="7782-44-7"  InChI="1S/O2/c1-2"   SMILES="O=O"  chemName="oxygen"   />
        </property>
        <property name="composition"                   id="x4"   label="[N2]"   sourcetype="digitized"  units="mole fraction" >
            <speciesLink preferredKey="N2"   CAS="7727-37-9"  InChI="1S/N2/c1-2"   SMILES="N#N"  chemName="nitrogen" />
        </property>
        <property name="evaluated standard deviation"  id="x5"   sourcetype="estimated"  units="cm/s"           reference="laminar burning velocity"  kind="absolute"  method="combined from scatter and estimated uncertainty" />

        <dataPoint><x1>7.552130e+000</x1><x2>5.828521e-002</x2><x3>1.944590e-001</x3><x4>7.472558e-001</x4><x5>1.53625031920005</x5></dataPoint>
        <dataPoint><x1>2.426735e+001</x1><x2>7.552378e-002</x2><x3>1.892352e-001</x3><x4>7.352410e-001</x4><x5>1.92086935121998</x5></dataPoint>
        <dataPoint><x1>3.152242e+001</x1><x2>9.194845e-002</x2><x3>1.842580e-001</x3><x4>7.237935e-001</x4><x5>2.16832557081288</x5></dataPoint>
        <dataPoint><x1>3.235647e+001</x1><x2>9.981839e-002</x2><x3>1.818732e-001</x3><x4>7.183084e-001</x4><x5>2.19882497064961</x5></dataPoint>
        <dataPoint><x1>2.480434e+001</x1><x2>1.075685e-001</x2><x3>1.795247e-001</x3><x4>7.129068e-001</x4><x5>1.93794132560534</x5></dataPoint>
    </dataGroup>
</experiment>
