<experiment>
    <fileAuthor>Chemical Kinetics Laboratory, Institute of Chemistry, ELTE, Budapest, Hungary</fileAuthor>
    <fileDOI>10.24388/x20004447</fileDOI>
    <fileVersion>
        <major>1</major>
        <minor>0</minor>
    </fileVersion>
    <ReSpecThVersion>
        <major>2</major>
        <minor>3</minor>
    </ReSpecThVersion>
    <firstPublicationDate>2021-10-29</firstPublicationDate>
    <lastModificationDate>2021-10-29</lastModificationDate>
    <bibliographyLink>
        <description>A.A. Konnov, G.P. {\'{A}}lvarez, I.V. Rybitskaya, J.D. Ruyck, Combustion Science and Technology 181 (2008), 117--135</description>
        <referenceDOI>10.1080/00102200802380173</referenceDOI>
        <location>Main article</location>
        <figure>Fig. 5., open circle</figure>
        <details>
            <author>A. A. Konnov and G. Puig {\'{A}}lvarez and I. V. Rybitskaya and J. De Ruyck</author>
            <journal>Combustion Science and Technology</journal>
            <month>dec</month>
            <number>1</number>
            <pages>117--135</pages>
            <publisher>Informa {UK} Limited</publisher>
            <title>The Effects of Enrichment by Carbon Monoxide on Adiabatic Burning Velocity and Nitric Oxide Formation in Methane Flames</title>
            <volume>181</volume>
            <year>2008</year>
        </details>
    </bibliographyLink>
    <experimentType>laminar burning velocity measurement</experimentType>
    <apparatus>
        <kind>flame</kind>
        <mode>premixed</mode>
        <mode>laminar</mode>
    </apparatus>
    <commonProperties>
        <property name="pressure"                      label="P"  sourcetype="reported"   units="atm"  ><value>1</value></property>
        <property name="temperature"                   label="T"  sourcetype="reported"   units="K"    ><value>298</value></property>
        <property name="evaluated standard deviation"  sourcetype="estimated"  units="cm/s"  reference="laminar burning velocity"  kind="absolute"  method="combined from scatter and reported uncertainty" ><value>0.58359690598563</value></property>
    </commonProperties>
    <dataGroup id="dg1">
        <property name="laminar burning velocity"  id="x1"   label="Sl"     sourcetype="digitized"   units="cm/s"          />
        <property name="composition"               id="x2"   label="[CH4]"  sourcetype="calculated"  units="mole fraction" >
            <speciesLink preferredKey="CH4"  CAS="74-82-8"    InChI="1S/CH4/h1H4"  SMILES="C"          chemName="methane"         />
        </property>
        <property name="composition"               id="x3"   label="[O2]"   sourcetype="calculated"  units="mole fraction" >
            <speciesLink preferredKey="O2"   CAS="7782-44-7"  InChI="1S/O2/c1-2"   SMILES="O=O"        chemName="oxygen"          />
        </property>
        <property name="composition"               id="x4"   label="[N2]"   sourcetype="calculated"  units="mole fraction" >
            <speciesLink preferredKey="N2"   CAS="7727-37-9"  InChI="1S/N2/c1-2"   SMILES="N#N"        chemName="nitrogen"        />
        </property>
        <property name="composition"               id="x5"   label="[CO]"   sourcetype="calculated"  units="mole fraction" >
            <speciesLink preferredKey="CO"   CAS="630-08-0"   InChI="1S/CO/c1-2"   SMILES="[C-]#[O+]"  chemName="carbon monoxide" />
        </property>

        <dataPoint><x1>1.434949e+001</x1><x2>6.004429e-002</x2><x3>1.672847e-001</x3><x4>7.620749e-001</x4><x5>1.059605e-002</x5></dataPoint>
        <dataPoint><x1>1.746173e+001</x1><x2>6.384295e-002</x2><x3>1.664803e-001</x3><x4>7.584103e-001</x4><x5>1.126640e-002</x5></dataPoint>
        <dataPoint><x1>2.026786e+001</x1><x2>6.745770e-002</x2><x3>1.657148e-001</x3><x4>7.549232e-001</x4><x5>1.190430e-002</x5></dataPoint>
        <dataPoint><x1>2.286990e+001</x1><x2>7.116892e-002</x2><x3>1.649289e-001</x3><x4>7.513429e-001</x4><x5>1.255922e-002</x5></dataPoint>
        <dataPoint><x1>2.484694e+001</x1><x2>7.471677e-002</x2><x3>1.641776e-001</x3><x4>7.479203e-001</x4><x5>1.318531e-002</x5></dataPoint>
        <dataPoint><x1>2.619898e+001</x1><x2>7.835962e-002</x2><x3>1.634062e-001</x3><x4>7.444060e-001</x4><x5>1.382817e-002</x5></dataPoint>
        <dataPoint><x1>2.692602e+001</x1><x2>8.185790e-002</x2><x3>1.626654e-001</x3><x4>7.410312e-001</x4><x5>1.444551e-002</x5></dataPoint>
        <dataPoint><x1>2.682398e+001</x1><x2>8.530925e-002</x2><x3>1.619345e-001</x3><x4>7.377017e-001</x4><x5>1.505457e-002</x5></dataPoint>
        <dataPoint><x1>2.557398e+001</x1><x2>8.872972e-002</x2><x3>1.612102e-001</x3><x4>7.344019e-001</x4><x5>1.565819e-002</x5></dataPoint>
        <dataPoint><x1>2.317602e+001</x1><x2>9.224237e-002</x2><x3>1.604663e-001</x3><x4>7.310132e-001</x4><x5>1.627807e-002</x5></dataPoint>
        <dataPoint><x1>1.964286e+001</x1><x2>9.560124e-002</x2><x3>1.597550e-001</x3><x4>7.277729e-001</x4><x5>1.687081e-002</x5></dataPoint>
        <dataPoint><x1>1.621173e+001</x1><x2>9.905090e-002</x2><x3>1.590245e-001</x3><x4>7.244450e-001</x4><x5>1.747957e-002</x5></dataPoint>
        <dataPoint><x1>1.267857e+001</x1><x2>1.023498e-001</x2><x3>1.583259e-001</x3><x4>7.212625e-001</x4><x5>1.806173e-002</x5></dataPoint>
        <dataPoint><x1>1.019133e+001</x1><x2>1.056351e-001</x2><x3>1.576302e-001</x3><x4>7.180932e-001</x4><x5>1.864148e-002</x5></dataPoint>
    </dataGroup>
</experiment>
