<experiment>
    <fileAuthor>Chemical Kinetics Laboratory, Institute of Chemistry, ELTE, Budapest, Hungary</fileAuthor>
    <fileDOI>10.24388/x20004651</fileDOI>
    <fileVersion>
        <major>1</major>
        <minor>0</minor>
    </fileVersion>
    <ReSpecThVersion>
        <major>2</major>
        <minor>3</minor>
    </ReSpecThVersion>
    <firstPublicationDate>2021-10-29</firstPublicationDate>
    <lastModificationDate>2021-10-29</lastModificationDate>
    <bibliographyLink>
        <description>R.J. Varghese, S. Kumar, International Journal of Hydrogen Energy 45 (2020), 3216--3232</description>
        <referenceDOI>10.1016/j.ijhydene.2019.11.134</referenceDOI>
        <location>Main article + Supplementary</location>
        <table>Table 1 in Main article, Table 7 in Supplementary</table>
        <details>
            <author>Robin John Varghese and Sudarshan Kumar</author>
            <journal>International Journal of Hydrogen Energy</journal>
            <month>jan</month>
            <number>4</number>
            <pages>3216--3232</pages>
            <publisher>Elsevier {BV}</publisher>
            <title>Machine learning model to predict the laminar burning velocities of H2/{CO}/{CH}4/{CO}2/N2/air mixtures at high pressure and temperature conditions</title>
            <volume>45</volume>
            <year>2020</year>
        </details>
    </bibliographyLink>
    <experimentType>laminar burning velocity measurement</experimentType>
    <apparatus>
        <kind>flame</kind>
        <mode>premixed</mode>
        <mode>laminar</mode>
        <mode>HFM</mode>
    </apparatus>
    <commonProperties>
        <property name="temperature"  label="T"  sourcetype="reported"  units="K"   ><value>300</value></property>
        <property name="pressure"     label="p"  sourcetype="reported"  units="atm" ><value>1</value></property>
    </commonProperties>
    <dataGroup id="dg1">
        <property name="laminar burning velocity"      id="x1"   label="Sl"     sourcetype="reported"    units="cm/s"          />
        <property name="uncertainty"                   id="x2"   label="d_Sl"   sourcetype="reported"    units="cm/s"           reference="laminar burning velocity"  kind="absolute"  bound="plusminus" />
        <property name="composition"                   id="x3"   label="[CO]"   sourcetype="calculated"  units="mole fraction" >
            <speciesLink preferredKey="CO"   CAS="630-08-0"   InChI="1S/CO/c1-2"     SMILES="[C-]#[O+]"  chemName="carbon monoxide" />
        </property>
        <property name="composition"                   id="x4"   label="[H2]"   sourcetype="calculated"  units="mole fraction" >
            <speciesLink preferredKey="H2"   CAS="1333-74-0"  InChI="1S/H2/h1H"      SMILES="[HH]"       chemName="hydrogen"        />
        </property>
        <property name="composition"                   id="x5"   label="[CH4]"  sourcetype="calculated"  units="mole fraction" >
            <speciesLink preferredKey="CH4"  CAS="74-82-8"    InChI="1S/CH4/h1H4"    SMILES="C"          chemName="methane"         />
        </property>
        <property name="composition"                   id="x6"   label="[CO2]"  sourcetype="calculated"  units="mole fraction" >
            <speciesLink preferredKey="CO2"  CAS="124-38-9"   InChI="1S/CO2/c2-1-3"  SMILES="C(=O)=O"    chemName="carbon dioxide"  />
        </property>
        <property name="composition"                   id="x7"   label="[N2]"   sourcetype="calculated"  units="mole fraction" >
            <speciesLink preferredKey="N2"   CAS="7727-37-9"  InChI="1S/N2/c1-2"     SMILES="N#N"        chemName="nitrogen"        />
        </property>
        <property name="composition"                   id="x8"   label="[O2]"   sourcetype="calculated"  units="mole fraction" >
            <speciesLink preferredKey="O2"   CAS="7782-44-7"  InChI="1S/O2/c1-2"     SMILES="O=O"        chemName="oxygen"          />
        </property>
        <property name="evaluated standard deviation"  id="x9"   sourcetype="estimated"   units="cm/s"           reference="laminar burning velocity"  kind="absolute"  method="combined from scatter and reported uncertainty" />

        <dataPoint><x1>18.46</x1><x2>0.92</x2><x3>0.052735</x3><x4>0.070314</x4><x5>0.017578</x5><x6>0.035157</x6><x7>0.688045</x7><x8>0.136171</x8><x9>0.920008037310692</x9></dataPoint>
        <dataPoint><x1>28.55</x1><x2>1.43</x2><x3>0.061099</x3><x4>0.081466</x4><x5>0.020366</x5><x6>0.040733</x6><x7>0.671875</x7><x8>0.124461</x8> <x9>1.43000517087047</x9></dataPoint>
        <dataPoint><x1>31.88</x1><x2>1.59</x2><x3>0.064948</x3><x4>0.086598</x4><x5>0.021649</x5><x6>0.043299</x6><x7>0.664433</x7><x8>0.119072</x8> <x9>1.59000465053291</x9></dataPoint>
        <dataPoint><x1>33.83</x1><x2>1.69</x2><x3>0.068478</x3><x4>0.091304</x4><x5>0.022826</x5><x6>0.045652</x6><x7>0.657609</x7><x8>0.114130</x8> <x9>1.69000437535418</x9></dataPoint>
        <dataPoint><x1>34.18</x1><x2>1.71</x2><x3>0.073256</x3><x4>0.097674</x4><x5>0.024419</x5><x6>0.048837</x6><x7>0.648372</x7><x8>0.107442</x8> <x9>1.71000432418058</x9></dataPoint>
    </dataGroup>
</experiment>
