<experiment>
    <fileAuthor>Chemical Kinetics Laboratory, Institute of Chemistry, ELTE, Budapest, Hungary</fileAuthor>
    <fileDOI>10.24388/x20004147</fileDOI>
    <fileVersion>
        <major>1</major>
        <minor>0</minor>
    </fileVersion>
    <ReSpecThVersion>
        <major>2</major>
        <minor>3</minor>
    </ReSpecThVersion>
    <firstPublicationDate>2021-10-29</firstPublicationDate>
    <lastModificationDate>2021-10-29</lastModificationDate>
    <bibliographyLink>
        <description>K.J. Bosschaart, G.L.P.H. de, Combust Flame 136 (2004), 261--269</description>
        <referenceDOI>10.1016/j.combustflame.2003.10.005</referenceDOI>
        <location>Main article, Fig. 3a, open square</location>
        <figure>Figure 3a</figure>
        <details>
            <author>Bosschaart, K J and de Goey, L P H</author>
            <journal>Combust Flame</journal>
            <pages>261--269</pages>
            <title>The laminar burning velocity of flames propagating in mixtures of hydrocarbons and air measured with the heat flux method</title>
            <volume>136</volume>
            <year>2004</year>
        </details>
    </bibliographyLink>
    <experimentType>laminar burning velocity measurement</experimentType>
    <apparatus>
        <kind>flame</kind>
        <mode>premixed</mode>
        <mode>laminar</mode>
    </apparatus>
    <commonProperties>
        <property name="pressure"                      label="P"  sourcetype="reported"    units="atm"           ><value>1</value></property>
        <property name="initial composition"           sourcetype="calculated" >
            <component><speciesLink preferredKey="CH4"  CAS="74-82-8"    InChI="1S/CH4/h1H4"  SMILES="C"    chemName="methane"  /><amount units="mole fraction" >0.095890</amount></component>
            <component><speciesLink preferredKey="O2"   CAS="7782-44-7"  InChI="1S/O2/c1-2"   SMILES="O=O"  chemName="oxygen"   /><amount units="mole fraction" >0.19178</amount></component>
            <component><speciesLink preferredKey="N2"   CAS="7727-37-9"  InChI="1S/N2/c1-2"   SMILES="N#N"  chemName="nitrogen" /><amount units="mole fraction" >0.71233</amount></component>
        </property>
        <property name="evaluated standard deviation"  sourcetype="estimated"   units="cm/s"           reference="laminar burning velocity"  kind="absolute"  method="combined from scatter and reported uncertainty" ><value>0.50245796885455</value></property>
    </commonProperties>
    <dataGroup id="dg1">
        <property name="temperature"               id="x1"   label="T"   sourcetype="digitized"  units="K"    />
        <property name="laminar burning velocity"  id="x2"   label="Sl"  sourcetype="digitized"  units="cm/s" />

        <dataPoint><x1>2.950218e+002</x1><x2>3.570862e+001</x2></dataPoint>
        <dataPoint><x1>3.034414e+002</x1><x2>3.751115e+001</x2></dataPoint>
        <dataPoint><x1>3.177272e+002</x1><x2>4.034421e+001</x2></dataPoint>
        <dataPoint><x1>3.333471e+002</x1><x2>4.363468e+001</x2></dataPoint>
        <dataPoint><x1>3.529469e+002</x1><x2>4.759316e+001</x2></dataPoint>
    </dataGroup>
</experiment>
