<experiment>
    <fileAuthor>Chemical Kinetics Laboratory, Institute of Chemistry, ELTE, Budapest, Hungary</fileAuthor>
    <fileDOI>10.24388/x20004604</fileDOI>
    <fileVersion>
        <major>1</major>
        <minor>0</minor>
    </fileVersion>
    <ReSpecThVersion>
        <major>2</major>
        <minor>3</minor>
    </ReSpecThVersion>
    <firstPublicationDate>2021-10-29</firstPublicationDate>
    <lastModificationDate>2021-10-29</lastModificationDate>
    <bibliographyLink>
        <description>E.J.K. Nilsson, A.v. Sprang, J. Larfeldt, A.A. Konnov, Fuel 253 (2019), 904--909</description>
        <referenceDOI>10.1016/j.fuel.2019.05.080</referenceDOI>
        <location>Main article + Supplementary</location>
        <table>Table S2, T = 338K</table>
        <figure>Fig. 3, green diamond, T = 338 K</figure>
        <details>
            <author>Elna J.K. Nilsson and Astrid van Sprang and Jenny Larfeldt and Alexander A. Konnov</author>
            <journal>Fuel</journal>
            <month>oct</month>
            <pages>904--909</pages>
            <publisher>Elsevier {BV}</publisher>
            <title>Effect of natural gas composition on the laminar burning velocities at elevated temperatures</title>
            <volume>253</volume>
            <year>2019</year>
        </details>
    </bibliographyLink>
    <experimentType>laminar burning velocity measurement</experimentType>
    <apparatus>
        <kind>flame</kind>
        <mode>premixed</mode>
        <mode>laminar</mode>
        <mode>OPF</mode>
    </apparatus>
    <commonProperties>
        <property name="temperature"  label="T"  sourcetype="reported"  units="K"   ><value>338</value></property>
        <property name="pressure"     label="p"  sourcetype="reported"  units="atm" ><value>1</value></property>
    </commonProperties>
    <dataGroup id="dg1">
        <property name="equivalence ratio"             id="x1"   label="phi"    sourcetype="reported"    units="unitless"      />
        <property name="laminar burning velocity"      id="x2"   label="Sl"     sourcetype="reported"    units="cm/s"          />
        <property name="composition"                   id="x3"   label="[CH4]"  sourcetype="calculated"  units="mole fraction" >
            <speciesLink preferredKey="CH4"  CAS="74-82-8"    InChI="1S/CH4/h1H4"  SMILES="C"    chemName="methane"  />
        </property>
        <property name="composition"                   id="x4"   label="[O2]"   sourcetype="calculated"  units="mole fraction" >
            <speciesLink preferredKey="O2"   CAS="7782-44-7"  InChI="1S/O2/c1-2"   SMILES="O=O"  chemName="oxygen"   />
        </property>
        <property name="composition"                   id="x5"   label="[N2]"   sourcetype="calculated"  units="mole fraction" >
            <speciesLink preferredKey="N2"   CAS="7727-37-9"  InChI="1S/N2/c1-2"   SMILES="N#N"  chemName="nitrogen" />
        </property>
        <property name="evaluated standard deviation"  id="x6"   sourcetype="estimated"   units="cm/s"           reference="laminar burning velocity"  kind="absolute"  method="combined from scatter and reported uncertainty" />

        <dataPoint><x1>0.70</x1><x2>12.33</x2><x3>0.068468</x3><x4>0.195622</x4><x5>0.735911</x5><x6>0.908864799582974</x6></dataPoint>
        <dataPoint><x1>0.80</x1><x2>23.08</x2><x3>0.077491</x3><x4>0.193727</x4><x5>0.728782</x5><x6>0.894446881553623</x6></dataPoint>
        <dataPoint><x1>0.90</x1><x2>33.16</x2><x3>0.086341</x3><x4>0.191868</x4><x5>0.721791</x5><x6>0.889443772208789</x6></dataPoint>
        <dataPoint><x1>1.00</x1><x2>40.26</x2><x3>0.095023</x3><x4>0.190045</x4><x5>0.714932</x5><x6>0.894446881553623</x6></dataPoint>
        <dataPoint><x1>1.10</x1><x2>42.99</x2><x3>0.103541</x3><x4>0.188256</x4><x5>0.708203</x5><x6>0.899672286958424</x6></dataPoint>
        <dataPoint><x1>1.20</x1><x2>36.42</x2><x3>0.111901</x3><x4>0.186501</x4><x5>0.701599</x5><x6>0.914663995093827</x6></dataPoint>
        <dataPoint><x1>1.30</x1><x2>25.43</x2><x3>0.120106</x3><x4>0.184778</x4><x5>0.695117</x5><x6>0.905116138360708</x6></dataPoint>
        <dataPoint><x1>1.40</x1><x2>15.97</x2><x3>0.128160</x3><x4>0.183086</x4><x5>0.688753</x5><x6>0.914663995093827</x6></dataPoint>
        <dataPoint><x1>1.50</x1><x2>10.69</x2><x3>0.136069</x3><x4>0.181425</x4><x5>0.682505</x5><x6>0.924789286227409</x6></dataPoint>
    </dataGroup>
    <comment>CH4, O2, and N2 mole fractions were calculated using the equivalence ration. In this version, the reported uncertainties of equivalence ratio and laminar burning velocity were deleted as the Optima++ could not recognize the properties. The full version xml file is available in CommonSpace.</comment>
</experiment>
