<experiment>
    <fileAuthor>Chemical Kinetics Laboratory, Institute of Chemistry, ELTE, Budapest, Hungary</fileAuthor>
    <fileDOI>10.24388/x20004397</fileDOI>
    <fileVersion>
        <major>1</major>
        <minor>0</minor>
    </fileVersion>
    <ReSpecThVersion>
        <major>2</major>
        <minor>3</minor>
    </ReSpecThVersion>
    <firstPublicationDate>2021-10-29</firstPublicationDate>
    <lastModificationDate>2021-10-29</lastModificationDate>
    <bibliographyLink>
        <description>T. Tahtouh, F. Halter, E. Samson, C. Mounaïm-Rousselle, International Journal of Hydrogen Energy 34 (2009), 8329--8338</description>
        <referenceDOI>10.1016/j.ijhydene.2009.07.071</referenceDOI>
        <location>Main article</location>
        <figure>Fig.8., open diamond</figure>
        <details>
            <author>T. Tahtouh and F. Halter and E. Samson and C. Mounaïm-Rousselle</author>
            <journal>International Journal of Hydrogen Energy</journal>
            <month>oct</month>
            <number>19</number>
            <pages>8329--8338</pages>
            <publisher>Elsevier {BV}</publisher>
            <title>Effects of hydrogen addition and nitrogen dilution on the laminar flame characteristics of premixed methane{\textendash}air flames</title>
            <volume>34</volume>
            <year>2009</year>
        </details>
    </bibliographyLink>
    <experimentType>laminar burning velocity measurement</experimentType>
    <apparatus>
        <kind>flame</kind>
        <mode>premixed</mode>
        <mode>laminar</mode>
    </apparatus>
    <commonProperties>
        <property name="pressure"     label="P"  sourcetype="reported"  units="Pa" ><value>0.1e+006</value></property>
        <property name="temperature"  label="T"  sourcetype="reported"  units="K"  ><value>300</value></property>
    </commonProperties>
    <dataGroup id="dg1">
        <property name="laminar burning velocity"      id="x1"   label="Sl"     sourcetype="digitized"   units="m/s"           />
        <property name="composition"                   id="x2"   label="[CH4]"  sourcetype="calculated"  units="mole fraction" >
            <speciesLink preferredKey="CH4"  CAS="74-82-8"    InChI="1S/CH4/h1H4"  SMILES="C"     chemName="methane"  />
        </property>
        <property name="composition"                   id="x3"   label="[O2]"   sourcetype="calculated"  units="mole fraction" >
            <speciesLink preferredKey="O2"   CAS="7782-44-7"  InChI="1S/O2/c1-2"   SMILES="O=O"   chemName="oxygen"   />
        </property>
        <property name="composition"                   id="x4"   label="[N2]"   sourcetype="calculated"  units="mole fraction" >
            <speciesLink preferredKey="N2"   CAS="7727-37-9"  InChI="1S/N2/c1-2"   SMILES="N#N"   chemName="nitrogen" />
        </property>
        <property name="composition"                   id="x5"   label="[H2]"   sourcetype="calculated"  units="mole fraction" >
            <speciesLink preferredKey="H2"   CAS="1333-74-0"  InChI="1S/H2/h1H"    SMILES="[HH]"  chemName="hydrogen" />
        </property>
        <property name="evaluated standard deviation"  id="x6"   sourcetype="estimated"   units="cm/s"           reference="laminar burning velocity"  kind="absolute"  method="combined from scatter and reported uncertainty" />

        <dataPoint><x1>2.373000e-001</x1><x2>8.555133e-002</x2><x3>1.711027e-001</x3><x4>7.433460e-001</x4><x5>0.000000e+000</x5><x6>0.615936307077282</x6></dataPoint>
        <dataPoint><x1>2.563800e-001</x1><x2>8.260660e-002</x2><x3>1.697958e-001</x3><x4>7.384323e-001</x4><x5>9.165255e-003</x5><x6>0.662003681542633</x6></dataPoint>
        <dataPoint><x1>2.645000e-001</x1><x2>8.098002e-002</x2><x3>1.690740e-001</x3><x4>7.357181e-001</x4><x5>1.422787e-002</x5><x6>0.681677001501444</x6></dataPoint>
        <dataPoint><x1>2.766800e-001</x1><x2>7.917246e-002</x2><x3>1.682718e-001</x3><x4>7.327020e-001</x4><x5>1.985377e-002</x5><x6>0.711253022402014</x6></dataPoint>
        <dataPoint><x1>3.077400e-001</x1><x2>7.516051e-002</x2><x3>1.664914e-001</x3><x4>7.260075e-001</x4><x5>3.234065e-002</x5>  <x6>0.7869761078813</x6></dataPoint>
    </dataGroup>
</experiment>
