<experiment>
    <fileAuthor>Chemical Kinetics Laboratory, Institute of Chemistry, ELTE, Budapest, Hungary</fileAuthor>
    <fileDOI>10.24388/x20004060</fileDOI>
    <fileVersion>
        <major>1</major>
        <minor>0</minor>
    </fileVersion>
    <ReSpecThVersion>
        <major>2</major>
        <minor>3</minor>
    </ReSpecThVersion>
    <firstPublicationDate>2021-10-29</firstPublicationDate>
    <lastModificationDate>2021-10-29</lastModificationDate>
    <bibliographyLink>
        <description>E. Hu, Z. Huang, J. He, C. Jin, J. Zheng, Int J Hydrogen Energy 34 (2009), 4876--4888</description>
        <referenceDOI>10.1016/j.ijhydene.2009.03.058</referenceDOI>
        <location>Main article, Fig. 10a, pink rotated triangle</location>
        <figure>Figure 10a</figure>
        <details>
            <author>Hu, Erjiang and Huang, Zuohua and He, Jiajia and Jin, Chun and Zheng, Jianjun</author>
            <journal>Int J Hydrogen Energy</journal>
            <number>11</number>
            <pages>4876--4888</pages>
            <title>Experimental and numerical study on laminar burning characteristics of premixed methane--hydrogen--air flames</title>
            <volume>34</volume>
            <year>2009</year>
        </details>
    </bibliographyLink>
    <experimentType>laminar burning velocity measurement</experimentType>
    <apparatus>
        <kind>flame</kind>
        <mode>premixed</mode>
        <mode>laminar</mode>
    </apparatus>
    <commonProperties>
        <property name="pressure"     label="P"  sourcetype="reported"  units="Pa" ><value>0.1e+006</value></property>
        <property name="temperature"  label="T"  sourcetype="reported"  units="K"  ><value>303</value></property>
    </commonProperties>
    <dataGroup id="dg1">
        <property name="laminar burning velocity"      id="x1"   label="Sl"     sourcetype="digitized"  units="m/s"           />
        <property name="composition"                   id="x2"   label="[CH4]"  sourcetype="digitized"  units="mole fraction" >
            <speciesLink preferredKey="CH4"  CAS="74-82-8"    InChI="1S/CH4/h1H4"  SMILES="C"     chemName="methane"  />
        </property>
        <property name="composition"                   id="x3"   label="[O2]"   sourcetype="digitized"  units="mole fraction" >
            <speciesLink preferredKey="O2"   CAS="7782-44-7"  InChI="1S/O2/c1-2"   SMILES="O=O"   chemName="oxygen"   />
        </property>
        <property name="composition"                   id="x4"   label="[N2]"   sourcetype="digitized"  units="mole fraction" >
            <speciesLink preferredKey="N2"   CAS="7727-37-9"  InChI="1S/N2/c1-2"   SMILES="N#N"   chemName="nitrogen" />
        </property>
        <property name="composition"                   id="x5"   label="[H2]"   sourcetype="digitized"  units="mole fraction" >
            <speciesLink preferredKey="H2"   CAS="1333-74-0"  InChI="1S/H2/h1H"    SMILES="[HH]"  chemName="hydrogen" />
        </property>
        <property name="evaluated standard deviation"  id="x6"   sourcetype="estimated"  units="cm/s"           reference="laminar burning velocity"  kind="absolute"  method="combined from scatter and reported uncertainty" />

        <dataPoint><x1>2.481300e-001</x1><x2>4.590552e-002</x2><x3>1.907960e-001</x3><x4>7.173930e-001</x4><x5>4.590552e-002</x5><x6>2.34452647512883</x6></dataPoint>
        <dataPoint><x1>3.500900e-001</x1><x2>5.264772e-002</x2><x3>1.879631e-001</x3><x4>7.067414e-001</x4><x5>5.264772e-002</x5><x6>3.16353574990579</x6></dataPoint>
        <dataPoint><x1>4.422500e-001</x1><x2>5.931997e-002</x2><x3>1.851597e-001</x3><x4>6.962004e-001</x4><x5>5.931997e-002</x5><x6>3.92538782598051</x6></dataPoint>
        <dataPoint><x1>5.317300e-001</x1><x2>6.567378e-002</x2><x3>1.824900e-001</x3><x4>6.861624e-001</x4><x5>6.567378e-002</x5><x6>4.67487021902641</x6></dataPoint>
        <dataPoint><x1>5.894800e-001</x1><x2>7.191473e-002</x2><x3>1.798678e-001</x3><x4>6.763028e-001</x4><x5>7.191473e-002</x5><x6>5.16171604261993</x6></dataPoint>
        <dataPoint><x1>6.422500e-001</x1><x2>7.797946e-002</x2><x3>1.773196e-001</x3><x4>6.667215e-001</x4><x5>7.797946e-002</x5><x6>5.60808287959049</x6></dataPoint>
        <dataPoint><x1>6.413500e-001</x1><x2>8.387942e-002</x2><x3>1.748406e-001</x3><x4>6.574006e-001</x4><x5>8.387942e-002</x5><x6>5.60045998414023</x6></dataPoint>
        <dataPoint><x1>5.509800e-001</x1><x2>8.950570e-002</x2><x3>1.724766e-001</x3><x4>6.485120e-001</x4><x5>8.950570e-002</x5><x6>4.83693066655291</x6></dataPoint>
        <dataPoint><x1>4.008900e-001</x1><x2>9.520781e-002</x2><x3>1.700808e-001</x3><x4>6.395036e-001</x4><x5>9.520781e-002</x5><x6>3.58183144013953</x6></dataPoint>
    </dataGroup>
</experiment>
