<experiment>
    <fileAuthor>Chemical Kinetics Laboratory, Institute of Chemistry, ELTE, Budapest, Hungary</fileAuthor>
    <fileDOI>10.24388/x20004043</fileDOI>
    <fileVersion>
        <major>1</major>
        <minor>0</minor>
    </fileVersion>
    <ReSpecThVersion>
        <major>2</major>
        <minor>3</minor>
    </ReSpecThVersion>
    <firstPublicationDate>2021-10-29</firstPublicationDate>
    <lastModificationDate>2021-10-29</lastModificationDate>
    <bibliographyLink>
        <description>M. Goswami, S.C.R. Derks, K. Coumans, W.J. Slikker, M.H.d.A. Oliveira, R.J.M. Bastiaans, C.C.M. Luijten, L.P.H.d. Goey, A.A. Konnov, Combustion and Flame 160 (2013), 1627--1635</description>
        <referenceDOI>10.1016/j.combustflame.2013.03.032</referenceDOI>
        <location>Main article, Table 3, p=2 atm</location>
        <table>Table 3</table>
        <details>
            <author>Mayuri Goswami and Sander C.R. Derks and Kris Coumans and Willemyn J. Slikker and Marcelo H. de Andrade Oliveira and Rob J.M. Bastiaans and Carlo C.M. Luijten and L. Philipus H. de Goey and Alexander A. Konnov</author>
            <journal>Combustion and Flame</journal>
            <month>sep</month>
            <number>9</number>
            <pages>1627--1635</pages>
            <publisher>Elsevier {BV}</publisher>
            <title>The effect of elevated pressures on the laminar burning velocity of methane$\mathplus$air mixtures</title>
            <volume>160</volume>
            <year>2013</year>
        </details>
    </bibliographyLink>
    <experimentType>laminar burning velocity measurement</experimentType>
    <apparatus>
        <kind>flame</kind>
        <mode>premixed</mode>
        <mode>laminar</mode>
    </apparatus>
    <commonProperties>
        <property name="pressure"                      label="P"  sourcetype="reported"   units="atm"  ><value>2</value></property>
        <property name="temperature"                   label="T"  sourcetype="reported"   units="K"    ><value>298</value></property>
        <property name="evaluated standard deviation"  sourcetype="estimated"  units="cm/s"  reference="laminar burning velocity"  kind="absolute"  method="combined from scatter and reported uncertainty" ><value>0.968163325870692</value></property>
    </commonProperties>
    <dataGroup id="dg1">
        <property name="laminar burning velocity"  id="x1"   label="Sl"     sourcetype="reported"    units="cm/s"          />
        <property name="composition"               id="x2"   label="[CH4]"  sourcetype="calculated"  units="mole fraction" >
            <speciesLink preferredKey="CH4"  CAS="74-82-8"    InChI="1S/CH4/h1H4"  SMILES="C"    chemName="methane"  />
        </property>
        <property name="composition"               id="x3"   label="[O2]"   sourcetype="calculated"  units="mole fraction" >
            <speciesLink preferredKey="O2"   CAS="7782-44-7"  InChI="1S/O2/c1-2"   SMILES="O=O"  chemName="oxygen"   />
        </property>
        <property name="composition"               id="x4"   label="[N2]"   sourcetype="calculated"  units="mole fraction" >
            <speciesLink preferredKey="N2"   CAS="7727-37-9"  InChI="1S/N2/c1-2"   SMILES="N#N"  chemName="nitrogen" />
        </property>

        <dataPoint><x1>1.784000e+001</x1><x2>7.821229e-002</x2><x3>1.955307e-001</x3><x4>7.262570e-001</x4></dataPoint>
        <dataPoint><x1>2.442000e+001</x1><x2>8.713693e-002</x2><x3>1.936376e-001</x3><x4>7.192255e-001</x4></dataPoint>
        <dataPoint><x1>2.771000e+001</x1><x2>9.589041e-002</x2><x3>1.917808e-001</x3><x4>7.123288e-001</x4></dataPoint>
        <dataPoint><x1>2.778000e+001</x1><x2>1.044776e-001</x2><x3>1.899593e-001</x3><x4>7.055631e-001</x4></dataPoint>
        <dataPoint><x1>2.289000e+001</x1><x2>1.129032e-001</x2><x3>1.881720e-001</x3><x4>6.989247e-001</x4></dataPoint>
        <dataPoint><x1>1.699000e+001</x1><x2>1.211718e-001</x2><x3>1.864181e-001</x3><x4>6.924101e-001</x4></dataPoint>
        <dataPoint><x1>1.234000e+001</x1><x2>1.292876e-001</x2><x3>1.846966e-001</x3><x4>6.860158e-001</x4></dataPoint>
    </dataGroup>
</experiment>
