<experiment>
    <fileAuthor>Chemical Kinetics Laboratory, Institute of Chemistry, ELTE, Budapest, Hungary</fileAuthor>
    <fileDOI>10.24388/x20004186</fileDOI>
    <fileVersion>
        <major>1</major>
        <minor>0</minor>
    </fileVersion>
    <ReSpecThVersion>
        <major>2</major>
        <minor>3</minor>
    </ReSpecThVersion>
    <firstPublicationDate>2021-10-29</firstPublicationDate>
    <lastModificationDate>2021-10-29</lastModificationDate>
    <bibliographyLink>
        <description>M. Elia, M. Ulinski, M. Metghalchi, Journal of Engineering for Gas Turbines and Power 123 (2000), 190--196</description>
        <referenceDOI>10.1115/1.1339984</referenceDOI>
        <location>Fig. 11 full diamond</location>
        <figure>Fig. 11</figure>
        <details>
            <author>M. Elia and M. Ulinski and M. Metghalchi</author>
            <journal>Journal of Engineering for Gas Turbines and Power</journal>
            <month>jun</month>
            <number>1</number>
            <pages>190--196</pages>
            <publisher>ASME} International</publisher>
            <title>Laminar Burning Velocity of Methane{\textendash}Air{\textendash}Diluent Mixtures</title>
            <volume>123</volume>
            <year>2000</year>
        </details>
    </bibliographyLink>
    <experimentType>laminar burning velocity measurement</experimentType>
    <apparatus>
        <kind>flame</kind>
        <mode>premixed</mode>
        <mode>laminar</mode>
    </apparatus>
    <commonProperties>
        <property name="temperature"                   label="T"  sourcetype="reported"    units="K"             ><value>470</value></property>
        <property name="initial composition"           sourcetype="calculated" >
            <component><speciesLink preferredKey="CH4"  CAS="74-82-8"    InChI="1S/CH4/h1H4"  SMILES="C"    chemName="methane"  /><amount units="mole fraction" >0.095890</amount></component>
            <component><speciesLink preferredKey="O2"   CAS="7782-44-7"  InChI="1S/O2/c1-2"   SMILES="O=O"  chemName="oxygen"   /><amount units="mole fraction" >0.19178</amount></component>
            <component><speciesLink preferredKey="N2"   CAS="7727-37-9"  InChI="1S/N2/c1-2"   SMILES="N#N"  chemName="nitrogen" /><amount units="mole fraction" >0.71233</amount></component>
        </property>
        <property name="evaluated standard deviation"  sourcetype="estimated"   units="cm/s"           reference="laminar burning velocity"  kind="absolute"  method="combined from scatter and reported uncertainty" ><value>0.594684681834836</value></property>
    </commonProperties>
    <dataGroup id="dg1">
        <property name="pressure"                  id="x1"   label="P"   sourcetype="digitized"  units="atm"  />
        <property name="laminar burning velocity"  id="x2"   label="Sl"  sourcetype="digitized"  units="cm/s" />

        <dataPoint><x1>3.986050e+000</x1><x2>4.817531e+001</x2></dataPoint>
        <dataPoint><x1>6.017190e+000</x1><x2>4.042311e+001</x2></dataPoint>
        <dataPoint><x1>8.020790e+000</x1><x2>3.543880e+001</x2></dataPoint>
        <dataPoint><x1>9.948990e+000</x1><x2>3.221420e+001</x2></dataPoint>
        <dataPoint><x1>1.203042e+001</x1><x2>2.990220e+001</x2></dataPoint>
        <dataPoint><x1>1.401084e+001</x1><x2>2.770180e+001</x2></dataPoint>
        <dataPoint><x1>1.598652e+001</x1><x2>2.631739e+001</x2></dataPoint>
        <dataPoint><x1>1.794021e+001</x1><x2>2.502889e+001</x2></dataPoint>
        <dataPoint><x1>2.004313e+001</x1><x2>2.374097e+001</x2></dataPoint>
    </dataGroup>
</experiment>
