<experiment>
    <fileAuthor>Chemical Kinetics Laboratory, Institute of Chemistry, ELTE, Budapest, Hungary</fileAuthor>
    <fileDOI>10.24388/x20004417</fileDOI>
    <fileVersion>
        <major>1</major>
        <minor>0</minor>
    </fileVersion>
    <ReSpecThVersion>
        <major>2</major>
        <minor>3</minor>
    </ReSpecThVersion>
    <firstPublicationDate>2021-10-29</firstPublicationDate>
    <lastModificationDate>2021-10-29</lastModificationDate>
    <bibliographyLink>
        <description>L. Qiao, Y. Gan, T. Nishiie, W.J.A. Dahm, E.S. Oran, Combustion and Flame 157 (2010), 1446--1455</description>
        <referenceDOI>10.1016/j.combustflame.2010.04.004</referenceDOI>
        <location>Main article</location>
        <table>Table 1.</table>
        <details>
            <author>L. Qiao and Y. Gan and T. Nishiie and W.J.A. Dahm and E.S. Oran</author>
            <journal>Combustion and Flame</journal>
            <month>aug</month>
            <number>8</number>
            <pages>1446--1455</pages>
            <publisher>Elsevier {BV}</publisher>
            <title>Extinction of premixed methane/air flames in microgravity by diluents: Effects of radiation and Lewis number</title>
            <volume>157</volume>
            <year>2010</year>
        </details>
    </bibliographyLink>
    <experimentType>laminar burning velocity measurement</experimentType>
    <apparatus>
        <kind>flame</kind>
        <mode>premixed</mode>
        <mode>laminar</mode>
    </apparatus>
    <commonProperties>
        <property name="pressure"     label="P"  sourcetype="reported"  units="atm" ><value>1</value></property>
        <property name="temperature"  label="T"  sourcetype="reported"  units="K"   ><value>293</value></property>
    </commonProperties>
    <dataGroup id="dg1">
        <property name="laminar burning velocity"      id="x1"   label="Sl"     sourcetype="reported"    units="cm/s"          />
        <property name="composition"                   id="x2"   label="[CH4]"  sourcetype="calculated"  units="mole fraction" >
            <speciesLink preferredKey="CH4"  CAS="74-82-8"    InChI="1S/CH4/h1H4"  SMILES="C"     chemName="methane"  />
        </property>
        <property name="composition"                   id="x3"   label="[O2]"   sourcetype="calculated"  units="mole fraction" >
            <speciesLink preferredKey="O2"   CAS="7782-44-7"  InChI="1S/O2/c1-2"   SMILES="O=O"   chemName="oxygen"   />
        </property>
        <property name="composition"                   id="x4"   label="[N2]"   sourcetype="calculated"  units="mole fraction" >
            <speciesLink preferredKey="N2"   CAS="7727-37-9"  InChI="1S/N2/c1-2"   SMILES="N#N"   chemName="nitrogen" />
        </property>
        <property name="composition"                   id="x5"   label="[He]"   sourcetype="calculated"  units="mole fraction" >
            <speciesLink preferredKey="He"   CAS="7440-59-7"  InChI="1S/He"        SMILES="[He]"  chemName="helium"   />
        </property>
        <property name="evaluated standard deviation"  id="x6"   sourcetype="estimated"   units="cm/s"           reference="laminar burning velocity"  kind="absolute"  method="combined from scatter and reported uncertainty" />

        <dataPoint><x1>3.700000e+001</x1><x2>9.502262e-002</x2><x3>1.900452e-001</x3><x4>7.149321e-001</x4><x5>0.000000e+000</x5><x6>1.90651019103518</x6></dataPoint>
        <dataPoint><x1>3.200000e+001</x1><x2>8.552036e-002</x2><x3>1.710407e-001</x3><x4>6.434389e-001</x4><x5>1.000000e-001</x5><x6>1.68433946727523</x6></dataPoint>
        <dataPoint><x1>2.590000e+001</x1><x2>7.601810e-002</x2><x3>1.520362e-001</x3><x4>5.719457e-001</x4><x5>2.000000e-001</x5><x6>1.43288438421284</x6></dataPoint>
        <dataPoint><x1>2.070000e+001</x1><x2>6.651584e-002</x2><x3>1.330317e-001</x3><x4>5.004525e-001</x4><x5>3.000000e-001</x5> <x6>1.1550332120857</x6></dataPoint>
        <dataPoint><x1>1.710000e+001</x1><x2>6.176471e-002</x2><x3>1.235294e-001</x3><x4>4.647059e-001</x4><x5>3.500000e-001</x5><x6>1.00458291893751</x6></dataPoint>
    </dataGroup>
</experiment>
