<experiment>
    <fileAuthor>Chemical Kinetics Laboratory, Institute of Chemistry, ELTE, Budapest, Hungary</fileAuthor>
    <fileDOI>10.24388/x20004306</fileDOI>
    <fileVersion>
        <major>1</major>
        <minor>0</minor>
    </fileVersion>
    <ReSpecThVersion>
        <major>2</major>
        <minor>3</minor>
    </ReSpecThVersion>
    <firstPublicationDate>2021-10-29</firstPublicationDate>
    <lastModificationDate>2021-10-29</lastModificationDate>
    <bibliographyLink>
        <description>H. Miao, Y. Liu, Fuel 121 (2014), 208--215</description>
        <referenceDOI>10.1016/j.fuel.2013.12.039</referenceDOI>
        <location>Main article, Fig. 3, full square</location>
        <figure>Figure 3</figure>
        <details>
            <author>Haiyan Miao and Yan Liu</author>
            <journal>Fuel</journal>
            <month>apr</month>
            <pages>208--215</pages>
            <publisher>Elsevier {BV}</publisher>
            <title>Measuring the laminar burning velocity and Markstein length of premixed methane/nitrogen/air mixtures with the consideration of nonlinear stretch effects</title>
            <volume>121</volume>
            <year>2014</year>
        </details>
    </bibliographyLink>
    <experimentType>laminar burning velocity measurement</experimentType>
    <apparatus>
        <kind>flame</kind>
        <mode>premixed</mode>
        <mode>laminar</mode>
    </apparatus>
    <commonProperties>
        <property name="pressure"     label="P"  sourcetype="estimated"  units="atm" ><value>1</value></property>
        <property name="temperature"  label="T"  sourcetype="estimated"  units="K"   ><value>298</value></property>
    </commonProperties>
    <dataGroup id="dg1">
        <property name="laminar burning velocity"      id="x1"   label="Sl"     sourcetype="digitized"  units="cm/s"          />
        <property name="composition"                   id="x2"   label="[CH4]"  sourcetype="digitized"  units="mole fraction" >
            <speciesLink preferredKey="CH4"  CAS="74-82-8"    InChI="1S/CH4/h1H4"  SMILES="C"    chemName="methane"  />
        </property>
        <property name="composition"                   id="x3"   label="[O2]"   sourcetype="digitized"  units="mole fraction" >
            <speciesLink preferredKey="O2"   CAS="7782-44-7"  InChI="1S/O2/c1-2"   SMILES="O=O"  chemName="oxygen"   />
        </property>
        <property name="composition"                   id="x4"   label="[N2]"   sourcetype="digitized"  units="mole fraction" >
            <speciesLink preferredKey="N2"   CAS="7727-37-9"  InChI="1S/N2/c1-2"   SMILES="N#N"  chemName="nitrogen" />
        </property>
        <property name="evaluated standard deviation"  id="x5"   sourcetype="estimated"  units="cm/s"           reference="laminar burning velocity"  kind="absolute"  method="combined from scatter and estimated uncertainty" />

        <dataPoint><x1>1.035034e+001</x1><x2>5.962277e-002</x2><x3>1.994740e-001</x3><x4>7.409033e-001</x4><x5>0.930240109490555</x5></dataPoint>
        <dataPoint><x1>2.693301e+001</x1><x2>7.822581e-002</x2><x3>1.955279e-001</x3><x4>7.262463e-001</x4> <x5>1.55273641844527</x5></dataPoint>
        <dataPoint><x1>3.498463e+001</x1><x2>9.585226e-002</x2><x3>1.917889e-001</x3><x4>7.123588e-001</x4>  <x5>1.9124156599987</x5></dataPoint>
        <dataPoint><x1>3.580824e+001</x1><x2>1.045023e-001</x2><x3>1.899541e-001</x3><x4>7.055437e-001</x4> <x5>1.95015331339872</x5></dataPoint>
        <dataPoint><x1>3.087892e+001</x1><x2>1.129032e-001</x2><x3>1.881720e-001</x3><x4>6.989247e-001</x4> <x5>1.72664184674529</x5></dataPoint>
    </dataGroup>
</experiment>
