<experiment>
    <fileAuthor>Chemical Kinetics Laboratory, Institute of Chemistry, ELTE, Budapest, Hungary</fileAuthor>
    <fileDOI>10.24388/x20004365</fileDOI>
    <fileVersion>
        <major>1</major>
        <minor>0</minor>
    </fileVersion>
    <ReSpecThVersion>
        <major>2</major>
        <minor>3</minor>
    </ReSpecThVersion>
    <firstPublicationDate>2021-10-29</firstPublicationDate>
    <lastModificationDate>2021-10-29</lastModificationDate>
    <bibliographyLink>
        <description>S.d. Persis, F. Foucher, L. Pillier, V. Osorio, I. Gökalp, Energy 55 (2013), 1055--1066</description>
        <referenceDOI>10.1016/j.energy.2013.04.041</referenceDOI>
        <location>Main article</location>
        <figure>Fig.4., full red square</figure>
        <details>
            <author>St{\'{e}}phanie de Persis and Fabrice Foucher and Laure Pillier and Vladimiro Osorio and Iskender Gökalp</author>
            <journal>Energy</journal>
            <month>jun</month>
            <pages>1055--1066</pages>
            <publisher>Elsevier {BV}</publisher>
            <title>Effects of O2 enrichment and {CO}2 dilution on laminar methane flames</title>
            <volume>55</volume>
            <year>2013</year>
        </details>
    </bibliographyLink>
    <experimentType>laminar burning velocity measurement</experimentType>
    <apparatus>
        <kind>flame</kind>
        <mode>premixed</mode>
        <mode>laminar</mode>
    </apparatus>
    <commonProperties>
        <property name="pressure"                      label="P"  sourcetype="reported"   units="atm"  ><value>1</value></property>
        <property name="temperature"                   label="T"  sourcetype="reported"   units="K"    ><value>300</value></property>
        <property name="evaluated standard deviation"  sourcetype="estimated"  units="cm/s"  reference="laminar burning velocity"  kind="absolute"  method="combined from scatter and reported uncertainty" ><value>3.74553545485822</value></property>
    </commonProperties>
    <dataGroup id="dg1">
        <property name="laminar burning velocity"  id="x1"   label="Sl"     sourcetype="digitized"   units="cm/s"          />
        <property name="composition"               id="x2"   label="[CH4]"  sourcetype="calculated"  units="mole fraction" >
            <speciesLink preferredKey="CH4"  CAS="74-82-8"    InChI="1S/CH4/h1H4"    SMILES="C"        chemName="methane"        />
        </property>
        <property name="composition"               id="x3"   label="[O2]"   sourcetype="calculated"  units="mole fraction" >
            <speciesLink preferredKey="O2"   CAS="7782-44-7"  InChI="1S/O2/c1-2"     SMILES="O=O"      chemName="oxygen"         />
        </property>
        <property name="composition"               id="x4"   label="[N2]"   sourcetype="calculated"  units="mole fraction" >
            <speciesLink preferredKey="N2"   CAS="7727-37-9"  InChI="1S/N2/c1-2"     SMILES="N#N"      chemName="nitrogen"       />
        </property>
        <property name="composition"               id="x5"   label="[CO2]"  sourcetype="calculated"  units="mole fraction" >
            <speciesLink preferredKey="CO2"  CAS="124-38-9"   InChI="1S/CO2/c2-1-3"  SMILES="C(=O)=O"  chemName="carbon dioxide" />
        </property>

        <dataPoint><x1>1.258521e+001</x1><x2>4.828119e-002</x2><x3>1.379463e-001</x3><x4>5.237725e-001</x4><x5>2.900000e-001</x5></dataPoint>
        <dataPoint><x1>4.687992e+001</x1><x2>6.742481e-002</x2><x3>1.926423e-001</x3><x4>4.499329e-001</x4><x5>2.900000e-001</x5></dataPoint>
        <dataPoint><x1>9.040378e+001</x1><x2>8.735656e-002</x2><x3>2.495902e-001</x3><x4>3.730533e-001</x4><x5>2.900000e-001</x5></dataPoint>
        <dataPoint><x1>1.260619e+002</x1><x2>1.058622e-001</x2><x3>3.024634e-001</x3><x4>3.016744e-001</x4><x5>2.900000e-001</x5></dataPoint>
        <dataPoint><x1>1.576298e+002</x1><x2>1.233301e-001</x2><x3>3.523718e-001</x3><x4>2.342981e-001</x4><x5>2.900000e-001</x5></dataPoint>
        <dataPoint><x1>1.793393e+002</x1><x2>1.395853e-001</x2><x3>3.988151e-001</x3><x4>1.715996e-001</x4><x5>2.900000e-001</x5></dataPoint>
        <dataPoint><x1>2.122706e+002</x1><x2>1.555378e-001</x2><x3>4.443938e-001</x3><x4>1.100684e-001</x4><x5>2.900000e-001</x5></dataPoint>
    </dataGroup>
</experiment>
