<experiment>
    <fileAuthor>Chemical Kinetics Laboratory, Institute of Chemistry, ELTE, Budapest, Hungary</fileAuthor>
    <fileDOI>10.24388/x20004129</fileDOI>
    <fileVersion>
        <major>1</major>
        <minor>0</minor>
    </fileVersion>
    <ReSpecThVersion>
        <major>2</major>
        <minor>3</minor>
    </ReSpecThVersion>
    <firstPublicationDate>2021-10-29</firstPublicationDate>
    <lastModificationDate>2021-10-29</lastModificationDate>
    <bibliographyLink>
        <description>F.H.V. Coppens, J.D. Ruyck, A.A. Konnov, Experimental Thermal and Fluid Science 31 (2007), 437--444</description>
        <referenceDOI>10.1016/j.expthermflusci.2006.04.012</referenceDOI>
        <location>Main article, Fig. 3, open triangle</location>
        <figure>Figure 3</figure>
        <details>
            <author>F.H.V. Coppens and J. De Ruyck and A.A. Konnov</author>
            <journal>Experimental Thermal and Fluid Science</journal>
            <month>apr</month>
            <number>5</number>
            <pages>437--444</pages>
            <publisher>Elsevier {BV}</publisher>
            <title>Effects of hydrogen enrichment on adiabatic burning velocity and {NO} formation in methane$\mathplus$air flames</title>
            <volume>31</volume>
            <year>2007</year>
        </details>
    </bibliographyLink>
    <experimentType>laminar burning velocity measurement</experimentType>
    <apparatus>
        <kind>flame</kind>
        <mode>premixed</mode>
        <mode>laminar</mode>
    </apparatus>
    <commonProperties>
        <property name="pressure"                      label="P"  sourcetype="reported"   units="atm"  ><value>1</value></property>
        <property name="temperature"                   label="T"  sourcetype="reported"   units="K"    ><value>298</value></property>
        <property name="evaluated standard deviation"  sourcetype="estimated"  units="cm/s"  reference="laminar burning velocity"  kind="absolute"  method="combined from scatter and reported uncertainty" ><value>0.625499337694294</value></property>
    </commonProperties>
    <dataGroup id="dg1">
        <property name="laminar burning velocity"  id="x1"   label="Sl"     sourcetype="digitized"  units="cm/s"          />
        <property name="composition"               id="x2"   label="[CH4]"  sourcetype="digitized"  units="mole fraction" >
            <speciesLink preferredKey="CH4"  CAS="74-82-8"    InChI="1S/CH4/h1H4"  SMILES="C"     chemName="methane"  />
        </property>
        <property name="composition"               id="x3"   label="[O2]"   sourcetype="digitized"  units="mole fraction" >
            <speciesLink preferredKey="O2"   CAS="7782-44-7"  InChI="1S/O2/c1-2"   SMILES="O=O"   chemName="oxygen"   />
        </property>
        <property name="composition"               id="x4"   label="[N2]"   sourcetype="digitized"  units="mole fraction" >
            <speciesLink preferredKey="N2"   CAS="7727-37-9"  InChI="1S/N2/c1-2"   SMILES="N#N"   chemName="nitrogen" />
        </property>
        <property name="composition"               id="x5"   label="[H2]"   sourcetype="digitized"  units="mole fraction" >
            <speciesLink preferredKey="H2"   CAS="1333-74-0"  InChI="1S/H2/h1H"    SMILES="[HH]"  chemName="hydrogen" />
        </property>

        <dataPoint><x1>1.913322e+001</x1><x2>6.561638e-002</x2><x3>1.957464e-001</x3><x4>7.270579e-001</x4><x5>1.157936e-002</x5></dataPoint>
        <dataPoint><x1>2.350653e+001</x1><x2>6.995111e-002</x2><x3>1.946646e-001</x3><x4>7.230400e-001</x4><x5>1.234431e-002</x5></dataPoint>
        <dataPoint><x1>2.749569e+001</x1><x2>7.416541e-002</x2><x3>1.936129e-001</x3><x4>7.191337e-001</x4><x5>1.308801e-002</x5></dataPoint>
        <dataPoint><x1>3.123369e+001</x1><x2>7.840642e-002</x2><x3>1.925545e-001</x3><x4>7.152026e-001</x4><x5>1.383643e-002</x5></dataPoint>
        <dataPoint><x1>3.458754e+001</x1><x2>8.253010e-002</x2><x3>1.915255e-001</x3><x4>7.113803e-001</x4><x5>1.456414e-002</x5></dataPoint>
        <dataPoint><x1>3.721743e+001</x1><x2>8.668040e-002</x2><x3>1.904897e-001</x3><x4>7.075333e-001</x4><x5>1.529654e-002</x5></dataPoint>
        <dataPoint><x1>3.888697e+001</x1><x2>9.071554e-002</x2><x3>1.894828e-001</x3><x4>7.037931e-001</x4><x5>1.600862e-002</x5></dataPoint>
        <dataPoint><x1>4.040877e+001</x1><x2>9.476678e-002</x2><x3>1.884717e-001</x3><x4>7.000379e-001</x4><x5>1.672355e-002</x5></dataPoint>
        <dataPoint><x1>4.048264e+001</x1><x2>9.878613e-002</x2><x3>1.874687e-001</x3><x4>6.963123e-001</x4><x5>1.743285e-002</x5></dataPoint>
        <dataPoint><x1>3.984733e+001</x1><x2>1.026954e-001</x2><x3>1.864931e-001</x3><x4>6.926887e-001</x4><x5>1.812272e-002</x5></dataPoint>
        <dataPoint><x1>3.785275e+001</x1><x2>1.066310e-001</x2><x3>1.855110e-001</x3><x4>6.890408e-001</x4><x5>1.881724e-002</x5></dataPoint>
        <dataPoint><x1>3.411475e+001</x1><x2>1.104593e-001</x2><x3>1.845556e-001</x3><x4>6.854923e-001</x4><x5>1.949282e-002</x5></dataPoint>
        <dataPoint><x1>2.972667e+001</x1><x2>1.142476e-001</x2><x3>1.836102e-001</x3><x4>6.819809e-001</x4><x5>2.016133e-002</x5></dataPoint>
        <dataPoint><x1>2.502832e+001</x1><x2>1.180628e-001</x2><x3>1.826581e-001</x3><x4>6.784445e-001</x4><x5>2.083460e-002</x5></dataPoint>
        <dataPoint><x1>2.007880e+001</x1><x2>1.218282e-001</x2><x3>1.817185e-001</x3><x4>6.749543e-001</x4><x5>2.149909e-002</x5></dataPoint>
        <dataPoint><x1>1.634080e+001</x1><x2>1.255653e-001</x2><x3>1.807858e-001</x3><x4>6.714902e-001</x4><x5>2.215859e-002</x5></dataPoint>
    </dataGroup>
</experiment>
