<experiment>
    <fileAuthor>Chemical Kinetics Laboratory, Institute of Chemistry, ELTE, Budapest, Hungary</fileAuthor>
    <fileDOI>10.24388/x20004500</fileDOI>
    <fileVersion>
        <major>1</major>
        <minor>0</minor>
    </fileVersion>
    <ReSpecThVersion>
        <major>2</major>
        <minor>3</minor>
    </ReSpecThVersion>
    <firstPublicationDate>2021-10-29</firstPublicationDate>
    <lastModificationDate>2021-10-29</lastModificationDate>
    <bibliographyLink>
        <description>T.M. Vu, J. Park, O.B. Kwon, J.S. Kim, Int J Hydrogen Energy 34 (2009), 6961--6969</description>
        <referenceDOI>10.1016/j.ijhydene.2009.06.067</referenceDOI>
        <location>Main article, Fig. 3, bottom part, black square</location>
        <table>Table 1, methane columns</table>
        <figure>Fig. 3, bottom part, black square</figure>
        <details>
            <author>Vu, Tran Manh and Park, Jeong and Kwon, Oh Boong and Kim, Jeong Soo</author>
            <journal>Int J Hydrogen Energy</journal>
            <pages>6961--6969</pages>
            <title>Effects of hydrocarbon addition on cellular instabilities in expanding syngas--air spherical premixed flames</title>
            <volume>34</volume>
            <year>2009</year>
        </details>
    </bibliographyLink>
    <experimentType>laminar burning velocity measurement</experimentType>
    <apparatus>
        <kind>flame</kind>
        <mode>premixed</mode>
        <mode>laminar</mode>
        <mode>OPF</mode>
    </apparatus>
    <commonProperties>
        <property name="temperature"        label="T"    sourcetype="reported"  units="K"        ><value>298</value></property>
        <property name="uncertainty"        label="d_T"  sourcetype="reported"  units="K"         reference="temperature"  kind="absolute"  bound="plusminus" ><value>3</value></property>
        <property name="pressure"           label="p"    sourcetype="reported"  units="MPa"      ><value>0.1</value></property>
        <property name="equivalence ratio"  label="phi"  sourcetype="reported"  units="unitless" ><value>0.8</value></property>
    </commonProperties>
    <dataGroup id="dg1">
        <property name="laminar burning velocity"      id="x1"   label="Sl"     sourcetype="digitized"  units="cm/s"          />
        <property name="composition"                   id="x2"   label="[H2]"   sourcetype="estimated"  units="mole fraction" >
            <speciesLink preferredKey="H2"   CAS="1333-74-0"  InChI="1S/H2/h1H"    SMILES="[HH]"       chemName="hydrogen"        />
        </property>
        <property name="composition"                   id="x3"   label="[CO]"   sourcetype="estimated"  units="mole fraction" >
            <speciesLink preferredKey="CO"   CAS="630-08-0"   InChI="1S/CO/c1-2"   SMILES="[C-]#[O+]"  chemName="carbon monoxide" />
        </property>
        <property name="composition"                   id="x4"   label="[CH4]"  sourcetype="reported"   units="mole fraction" >
            <speciesLink preferredKey="CH4"  CAS="74-82-8"    InChI="1S/CH4/h1H4"  SMILES="C"          chemName="methane"         />
        </property>
        <property name="composition"                   id="x5"   label="[O2]"   sourcetype="estimated"  units="mole fraction" >
            <speciesLink preferredKey="O2"   CAS="7782-44-7"  InChI="1S/O2/c1-2"   SMILES="O=O"        chemName="oxygen"          />
        </property>
        <property name="composition"                   id="x6"   label="[N2]"   sourcetype="estimated"  units="mole fraction" >
            <speciesLink preferredKey="N2"   CAS="7727-37-9"  InChI="1S/N2/c1-2"   SMILES="N#N"        chemName="nitrogen"        />
        </property>
        <property name="evaluated standard deviation"  id="x7"   sourcetype="estimated"  units="cm/s"           reference="laminar burning velocity"  kind="absolute"  method="combined from scatter and estimated uncertainty" />

        <dataPoint><x1>113.222</x1><x2>0.1479</x2><x3>0.1479</x3>      <x4>0</x4><x5>0.1479</x5><x6>0.5563</x6><x7>5.87858340503901</x7></dataPoint>
        <dataPoint><x1>109.707</x1><x2>0.1391</x2><x3>0.1391</x3><x4>0.00568</x4><x5>0.1504</x5><x6>0.5658</x6><x7>5.70953187770241</x7></dataPoint>
        <dataPoint><x1>101.799</x1><x2>0.1271</x2><x3>0.1271</x3><x4>0.01338</x4><x5>0.1538</x5><x6>0.5787</x6><x7>5.33078611862266</x7></dataPoint>
        <dataPoint> <x1>89.205</x1><x2>0.1099</x2><x3>0.1099</x3><x4>0.02442</x4><x5>0.1587</x5><x6>0.5971</x6><x7>4.73323564831712</x7></dataPoint>
    </dataGroup>
    <comment>H2, CO, O2, N2 mole fraction values were estimated using phi, methane mole fraction, syngas and air volume ratios. The independent variables is the volumetric fraction of syngas replaced by the hydrocarbon</comment>
</experiment>
