<experiment>
    <fileAuthor>Chemical Kinetics Laboratory, Institute of Chemistry, ELTE, Budapest, Hungary</fileAuthor>
    <fileDOI>10.24388/x20004200</fileDOI>
    <fileVersion>
        <major>1</major>
        <minor>0</minor>
    </fileVersion>
    <ReSpecThVersion>
        <major>2</major>
        <minor>3</minor>
    </ReSpecThVersion>
    <firstPublicationDate>2021-10-29</firstPublicationDate>
    <lastModificationDate>2021-10-29</lastModificationDate>
    <bibliographyLink>
        <description>J.Y. Ren, W. Qin, F.N. Egolfopoulos, H. Mak, T.T. Tsotsis, Chem Eng Sci 56 (2001), 1541--1549</description>
        <referenceDOI>10.1016/S0009-2509(00)00381-X</referenceDOI>
        <location>Fig. 3a phi=0.63 full triangle</location>
        <figure>Fig. 3a</figure>
        <details>
            <author>Ren, J Y and Qin, W and Egolfopoulos, F N and Mak, H and Tsotsis, T T</author>
            <journal>Chem Eng Sci</journal>
            <number>4</number>
            <pages>1541--1549</pages>
            <title>Methane reforming and its potential effect on the efficiency and pollutant emissions of lean methane-air combustion</title>
            <volume>56</volume>
            <year>2001</year>
        </details>
    </bibliographyLink>
    <experimentType>laminar burning velocity measurement</experimentType>
    <apparatus>
        <kind>flame</kind>
        <mode>premixed</mode>
        <mode>laminar</mode>
    </apparatus>
    <commonProperties>
        <property name="pressure"                      label="P"  sourcetype="estimated"  units="atm"  ><value>1</value></property>
        <property name="temperature"                   label="T"  sourcetype="estimated"  units="K"    ><value>298</value></property>
        <property name="evaluated standard deviation"  sourcetype="estimated"  units="cm/s"  reference="laminar burning velocity"  kind="absolute"  method="combined from scatter and estimated uncertainty" ><value>1.05174078194201</value></property>
    </commonProperties>
    <dataGroup id="dg1">
        <property name="laminar burning velocity"  id="x1"   label="Sl"     sourcetype="digitized"  units="cm/s"          />
        <property name="composition"               id="x2"   label="[CH4]"  sourcetype="digitized"  units="mole fraction" >
            <speciesLink preferredKey="CH4"  CAS="74-82-8"    InChI="1S/CH4/h1H4"  SMILES="C"     chemName="methane"  />
        </property>
        <property name="composition"               id="x3"   label="[O2]"   sourcetype="digitized"  units="mole fraction" >
            <speciesLink preferredKey="O2"   CAS="7782-44-7"  InChI="1S/O2/c1-2"   SMILES="O=O"   chemName="oxygen"   />
        </property>
        <property name="composition"               id="x4"   label="[N2]"   sourcetype="digitized"  units="mole fraction" >
            <speciesLink preferredKey="N2"   CAS="7727-37-9"  InChI="1S/N2/c1-2"   SMILES="N#N"   chemName="nitrogen" />
        </property>
        <property name="composition"               id="x5"   label="[H2]"   sourcetype="digitized"  units="mole fraction" >
            <speciesLink preferredKey="H2"   CAS="1333-74-0"  InChI="1S/H2/h1H"    SMILES="[HH]"  chemName="hydrogen" />
        </property>

        <dataPoint><x1>1.209354e+001</x1><x2>0.062046</x2><x3>0.196970</x3><x4>0.740984</x4><x5>0.000000</x5></dataPoint>
        <dataPoint><x1>1.203116e+001</x1><x2>0.059114</x2><x3>0.195510</x3><x4>0.735490</x4><x5>0.009885</x5></dataPoint>
        <dataPoint><x1>1.225180e+001</x1><x2>0.056137</x2><x3>0.194027</x3><x4>0.729910</x4><x5>0.019926</x5></dataPoint>
        <dataPoint><x1>1.331651e+001</x1><x2>0.050210</x2><x3>0.191074</x3><x4>0.718802</x4><x5>0.039915</x5></dataPoint>
        <dataPoint><x1>1.352652e+001</x1><x2>0.038335</x2><x3>0.185158</x3><x4>0.696547</x4><x5>0.079960</x5></dataPoint>
    </dataGroup>
</experiment>
