<experiment>
    <fileAuthor>Chemical Kinetics Laboratory, Institute of Chemistry, ELTE, Budapest, Hungary</fileAuthor>
    <fileDOI>10.24388/x20004544</fileDOI>
    <fileVersion>
        <major>1</major>
        <minor>0</minor>
    </fileVersion>
    <ReSpecThVersion>
        <major>2</major>
        <minor>3</minor>
    </ReSpecThVersion>
    <firstPublicationDate>2021-10-29</firstPublicationDate>
    <lastModificationDate>2021-10-29</lastModificationDate>
    <bibliographyLink>
        <description>H.O.B. Nonaka, F.M. Pereira, Fuel 182 (2016), 382--390</description>
        <referenceDOI>10.1016/j.fuel.2016.05.098</referenceDOI>
        <location>Main article, main text, Fig. 6. X(CO2)=0.1, black circle</location>
        <table>Table 2</table>
        <figure>Fig. 6. X(CO2)=0.1, black circle</figure>
        <details>
            <author>Nonaka, H O B and Pereira, F M</author>
            <journal>Fuel</journal>
            <pages>382--390</pages>
            <title>Experimental and numerical study of CO$_{2}$ content effects on the laminar burning velocity of biogas</title>
            <volume>182</volume>
            <year>2016</year>
        </details>
    </bibliographyLink>
    <experimentType>laminar burning velocity measurement</experimentType>
    <apparatus>
        <kind>flame</kind>
        <mode>premixed</mode>
        <mode>laminar</mode>
        <mode>HFM</mode>
    </apparatus>
    <commonProperties>
        <property name="temperature"  label="T"  sourcetype="reported"  units="K"   ><value>298</value></property>
        <property name="pressure"     label="p"  sourcetype="reported"  units="atm" ><value>1</value></property>
    </commonProperties>
    <dataGroup id="dg1">
        <property name="equivalence ratio"             id="x1"   label="phi"    sourcetype="digitized"  units="unitless"      />
        <property name="laminar burning velocity"      id="x2"   label="Sl"     sourcetype="digitized"  units="cm/s"          />
        <property name="uncertainty"                   id="x3"   label="d_Sl"   sourcetype="digitized"  units="cm/s"           reference="laminar burning velocity"  kind="absolute"  bound="plus"  />
        <property name="uncertainty"                   id="x4"   label="d_Sl"   sourcetype="digitized"  units="cm/s"           reference="laminar burning velocity"  kind="absolute"  bound="minus" />
        <property name="composition"                   id="x5"   label="[CH4]"  sourcetype="estimated"  units="mole fraction" >
            <speciesLink preferredKey="CH4"  CAS="74-82-8"    InChI="1S/CH4/h1H4"    SMILES="C"        chemName="methane"        />
        </property>
        <property name="composition"                   id="x6"   label="[O2]"   sourcetype="estimated"  units="mole fraction" >
            <speciesLink preferredKey="O2"   CAS="7782-44-7"  InChI="1S/O2/c1-2"     SMILES="O=O"      chemName="oxygen"         />
        </property>
        <property name="composition"                   id="x7"   label="[N2]"   sourcetype="estimated"  units="mole fraction" >
            <speciesLink preferredKey="N2"   CAS="7727-37-9"  InChI="1S/N2/c1-2"     SMILES="N#N"      chemName="nitrogen"       />
        </property>
        <property name="composition"                   id="x8"   label="[CO2]"  sourcetype="reported"   units="mole fraction" >
            <speciesLink preferredKey="CO2"  CAS="124-38-9"   InChI="1S/CO2/c2-1-3"  SMILES="C(=O)=O"  chemName="carbon dioxide" />
        </property>
        <property name="evaluated standard deviation"  id="x9"   sourcetype="estimated"  units="cm/s"           reference="laminar burning velocity"  kind="absolute"  method="combined from scatter and reported uncertainty" />

        <dataPoint><x1>0.800541</x1> <x2>23.522</x2><x3>2.5157</x3><x4>2.5681</x4><x5>0.076877</x5><x6>0.192062</x6><x7>0.722519</x7><x8>0.008542</x8><x9>1.30370590453676</x9></dataPoint>
        <dataPoint><x1>0.901081</x1><x2>29.5493</x2> <x3>2.306</x3><x4>2.4109</x4><x5>0.085613</x5><x6>0.190024</x6><x7>0.714850</x7><x8>0.009513</x8> <x9>1.2263663341449</x9></dataPoint>
        <dataPoint> <x1>1.00162</x1><x2>33.1656</x2><x3>1.8344</x3><x4>2.2537</x4><x5>0.094166</x5><x6>0.188028</x6><x7>0.707343</x7><x8>0.010463</x8><x9>1.14919780957153</x9></dataPoint>
        <dataPoint> <x1>1.10216</x1><x2>33.4277</x2><x3>1.5723</x3><x4>2.4633</x4><x5>0.102542</x5><x6>0.186074</x6><x7>0.699991</x7><x8>0.011394</x8><x9>1.25212874957969</x9></dataPoint>
        <dataPoint> <x1>1.19946</x1><x2>29.4969</x2><x3>2.7253</x3><x4>2.8302</x4><x5>0.110483</x5><x6>0.184221</x6><x7>0.693020</x7><x8>0.012276</x8><x9>1.43295941778684</x9></dataPoint>
        <dataPoint>     <x1>1.3</x1><x2>21.7925</x2><x3>3.0922</x3><x4>3.0399</x4><x5>0.118524</x5><x6>0.182345</x6><x7>0.685962</x7><x8>0.013169</x8><x9>1.56246276532403</x9></dataPoint>
    </dataGroup>
    <comment>CH4, CO2, O2 and N2 mole fractions were estimated using phi, CO2 volume%, O2:N2 volume ratio in air.</comment>
</experiment>
