<experiment>
    <fileAuthor>Chemical Kinetics Laboratory, Institute of Chemistry, ELTE, Budapest, Hungary</fileAuthor>
    <fileDOI>10.24388/x20004293</fileDOI>
    <fileVersion>
        <major>1</major>
        <minor>0</minor>
    </fileVersion>
    <ReSpecThVersion>
        <major>2</major>
        <minor>3</minor>
    </ReSpecThVersion>
    <firstPublicationDate>2021-10-29</firstPublicationDate>
    <lastModificationDate>2021-10-29</lastModificationDate>
    <bibliographyLink>
        <description>P. Dirrenberger, H.L. Gall, R. Bounaceur, O. Herbinet, P. Glaude, A. Konnov, F. Battin-Leclerc, Energy Fuels 25 (2011), 3875--3884</description>
        <referenceDOI>10.1021/ef200707h</referenceDOI>
        <location>Main article, Fig. 2a, full square</location>
        <figure>Figure 2a</figure>
        <details>
            <author>Patricia Dirrenberger and Herve{\'} Le Gall and Roda Bounaceur and Olivier Herbinet and Pierre-Alexandre Glaude and Alexander Konnov and Fre{\'}de{\'}rique Battin-Leclerc</author>
            <journal>Energy Fuels</journal>
            <month>sep</month>
            <number>9</number>
            <pages>3875--3884</pages>
            <publisher>American Chemical Society ({ACS})</publisher>
            <title>Measurements of Laminar Flame Velocity for Components of Natural Gas</title>
            <volume>25</volume>
            <year>2011</year>
        </details>
    </bibliographyLink>
    <experimentType>laminar burning velocity measurement</experimentType>
    <apparatus>
        <kind>flame</kind>
        <mode>premixed</mode>
        <mode>laminar</mode>
    </apparatus>
    <commonProperties>
        <property name="pressure"                      label="P"  sourcetype="reported"   units="atm"  ><value>1</value></property>
        <property name="temperature"                   label="T"  sourcetype="reported"   units="K"    ><value>298</value></property>
        <property name="evaluated standard deviation"  sourcetype="estimated"  units="cm/s"  reference="laminar burning velocity"  kind="absolute"  method="generic uncertainty" ><value>0.5</value></property>
    </commonProperties>
    <dataGroup id="dg1">
        <property name="laminar burning velocity"  id="x1"   label="Sl"     sourcetype="digitized"  units="cm/s"          />
        <property name="composition"               id="x2"   label="[CH4]"  sourcetype="digitized"  units="mole fraction" >
            <speciesLink preferredKey="CH4"  CAS="74-82-8"    InChI="1S/CH4/h1H4"  SMILES="C"    chemName="methane"  />
        </property>
        <property name="composition"               id="x3"   label="[O2]"   sourcetype="digitized"  units="mole fraction" >
            <speciesLink preferredKey="O2"   CAS="7782-44-7"  InChI="1S/O2/c1-2"   SMILES="O=O"  chemName="oxygen"   />
        </property>
        <property name="composition"               id="x4"   label="[N2]"   sourcetype="digitized"  units="mole fraction" >
            <speciesLink preferredKey="N2"   CAS="7727-37-9"  InChI="1S/N2/c1-2"   SMILES="N#N"  chemName="nitrogen" />
        </property>

        <dataPoint><x1>1.526810e+001</x1><x2>6.944585e-002</x2><x3>1.973903e-001</x3><x4>7.331639e-001</x4></dataPoint>
        <dataPoint><x1>1.956558e+001</x1><x2>7.400444e-002</x2><x3>1.964233e-001</x3><x4>7.295723e-001</x4></dataPoint>
        <dataPoint><x1>2.380050e+001</x1><x2>7.866537e-002</x2><x3>1.954346e-001</x3><x4>7.259000e-001</x4></dataPoint>
        <dataPoint><x1>2.775499e+001</x1><x2>8.310755e-002</x2><x3>1.944923e-001</x3><x4>7.224001e-001</x4></dataPoint>
        <dataPoint><x1>3.114815e+001</x1><x2>8.750269e-002</x2><x3>1.935600e-001</x3><x4>7.189373e-001</x4></dataPoint>
        <dataPoint><x1>3.405228e+001</x1><x2>9.218641e-002</x2><x3>1.925665e-001</x3><x4>7.152471e-001</x4></dataPoint>
        <dataPoint><x1>3.620845e+001</x1><x2>9.648475e-002</x2><x3>1.916548e-001</x3><x4>7.118605e-001</x4></dataPoint>
        <dataPoint><x1>3.744987e+001</x1><x2>1.007366e-001</x2><x3>1.907528e-001</x3><x4>7.085106e-001</x4></dataPoint>
        <dataPoint><x1>3.806756e+001</x1><x2>1.049664e-001</x2><x3>1.898556e-001</x3><x4>7.051780e-001</x4></dataPoint>
        <dataPoint><x1>3.736513e+001</x1><x2>1.091247e-001</x2><x3>1.889736e-001</x3><x4>7.019018e-001</x4></dataPoint>
        <dataPoint><x1>3.611155e+001</x1><x2>1.133987e-001</x2><x3>1.880669e-001</x3><x4>6.985343e-001</x4></dataPoint>
        <dataPoint><x1>3.318461e+001</x1><x2>1.174626e-001</x2><x3>1.872049e-001</x3><x4>6.953325e-001</x4></dataPoint>
        <dataPoint><x1>2.936368e+001</x1><x2>1.215050e-001</x2><x3>1.863474e-001</x3><x4>6.921475e-001</x4></dataPoint>
        <dataPoint><x1>2.498103e+001</x1><x2>1.257725e-001</x2><x3>1.854422e-001</x3><x4>6.887853e-001</x4></dataPoint>
        <dataPoint><x1>2.052601e+001</x1><x2>1.297344e-001</x2><x3>1.846018e-001</x3><x4>6.856638e-001</x4></dataPoint>
        <dataPoint><x1>1.642445e+001</x1><x2>1.336416e-001</x2><x3>1.837730e-001</x3><x4>6.825854e-001</x4></dataPoint>
        <dataPoint><x1>1.294635e+001</x1><x2>1.376692e-001</x2><x3>1.829187e-001</x3><x4>6.794122e-001</x4></dataPoint>
        <dataPoint><x1>8.839020e+000</x1><x2>1.452095e-001</x2><x3>1.813192e-001</x3><x4>6.734713e-001</x4></dataPoint>
        <dataPoint><x1>6.602110e+000</x1><x2>1.530476e-001</x2><x3>1.796566e-001</x3><x4>6.672958e-001</x4></dataPoint>
    </dataGroup>
</experiment>
