<experiment>
    <fileAuthor>Chemical Kinetics Laboratory, Institute of Chemistry, ELTE, Budapest, Hungary</fileAuthor>
    <fileDOI>10.24388/x20004569</fileDOI>
    <fileVersion>
        <major>1</major>
        <minor>0</minor>
    </fileVersion>
    <ReSpecThVersion>
        <major>2</major>
        <minor>3</minor>
    </ReSpecThVersion>
    <firstPublicationDate>2021-10-29</firstPublicationDate>
    <lastModificationDate>2021-10-29</lastModificationDate>
    <bibliographyLink>
        <description>S. Hu, J. Gao, C. Gong, Y. Zhou, X.S. Bai, Z.S. Li, M. Alden, Applied Energy (2018)</description>
        <referenceDOI>10.1016/j.apenergy.2017.09.083</referenceDOI>
        <location>Main article</location>
        <table>Table. 1. and Table. 2.</table>
        <details>
            <author>Hu, S. and Gao, J. and Gong, C. and Zhou, Y. and Bai, X. S. and Li, Z. S. and Alden, M.</author>
            <journal>Applied Energy</journal>
            <title>Assessment of uncertainties of laminar flame speed of premixed flames as determined using a Bunsen burner at varying pressures</title>
            <year>2018</year>
        </details>
    </bibliographyLink>
    <experimentType>laminar burning velocity measurement</experimentType>
    <apparatus>
        <kind>flame</kind>
        <mode>premixed</mode>
        <mode>laminar</mode>
        <mode>FCM</mode>
    </apparatus>
    <commonProperties>
        <property name="temperature"  label="T"  sourcetype="reported"  units="K" ><value>298</value></property>
    </commonProperties>
    <dataGroup id="dg1">
        <property name="pressure"                      id="x1"   label="p"      sourcetype="reported"    units="atm"           />
        <property name="equivalence ratio"             id="x2"   label="phi"    sourcetype="reported"    units="unitless"      />
        <property name="laminar burning velocity"      id="x3"   label="Sl"     sourcetype="reported"    units="m/s"           />
        <property name="uncertainty"                   id="x4"   label="d_Sl"   sourcetype="reported"    units="m/s"            reference="laminar burning velocity"  kind="absolute"  bound="plusminus" />
        <property name="composition"                   id="x5"   label="[CH4]"  sourcetype="calculated"  units="mole fraction" >
            <speciesLink preferredKey="CH4"  CAS="74-82-8"    InChI="1S/CH4/h1H4"  SMILES="C"    chemName="methane"  />
        </property>
        <property name="composition"                   id="x6"   label="[O2]"   sourcetype="calculated"  units="mole fraction" >
            <speciesLink preferredKey="O2"   CAS="7782-44-7"  InChI="1S/O2/c1-2"   SMILES="O=O"  chemName="oxygen"   />
        </property>
        <property name="composition"                   id="x7"   label="[N2]"   sourcetype="calculated"  units="mole fraction" >
            <speciesLink preferredKey="N2"   CAS="7727-37-9"  InChI="1S/N2/c1-2"   SMILES="N#N"  chemName="nitrogen" />
        </property>
        <property name="evaluated standard deviation"  id="x8"   sourcetype="estimated"   units="cm/s"           reference="laminar burning velocity"  kind="absolute"  method="generic uncertainty" />

        <dataPoint><x1>1</x1><x2>1.0</x2><x3>0.3779</x3><x4>0.0011</x4><x5>0.095023</x5><x6>0.190045</x6><x7>0.714932</x7>  <x8>0.5</x8></dataPoint>
        <dataPoint><x1>1</x1><x2>0.9</x2><x3>0.3578</x3><x4>0.0580</x4><x5>0.086341</x5><x6>0.191868</x6><x7>0.721791</x7>  <x8>2.9</x8></dataPoint>
        <dataPoint><x1>3</x1><x2>1.0</x2><x3>0.2461</x3><x4>0.0111</x4><x5>0.095023</x5><x6>0.190045</x6><x7>0.714932</x7><x8>0.555</x8></dataPoint>
    </dataGroup>
    <comment>CH4, O2 and N2 mole fractions were calculated using the equivalence ration.</comment>
</experiment>
