<experiment>
    <fileAuthor>Chemical Kinetics Laboratory, Institute of Chemistry, ELTE, Budapest, Hungary</fileAuthor>
    <fileDOI>10.24388/x20004395</fileDOI>
    <fileVersion>
        <major>1</major>
        <minor>0</minor>
    </fileVersion>
    <ReSpecThVersion>
        <major>2</major>
        <minor>3</minor>
    </ReSpecThVersion>
    <firstPublicationDate>2021-10-29</firstPublicationDate>
    <lastModificationDate>2021-10-29</lastModificationDate>
    <bibliographyLink>
        <description>C. Mandilas, M.P. Ormsby, C.G.W. Sheppard, R. Woolley, Proceedings of the Combustion Institute 31 (2007), 1443--1450</description>
        <referenceDOI>10.1016/j.proci.2006.07.157</referenceDOI>
        <location>Main article</location>
        <figure>Fig.4., open triangle</figure>
        <details>
            <author>C. Mandilas and M.P. Ormsby and C.G.W. Sheppard and R. Woolley</author>
            <journal>Proceedings of the Combustion Institute</journal>
            <month>jan</month>
            <number>1</number>
            <pages>1443--1450</pages>
            <publisher>Elsevier {BV}</publisher>
            <title>Effects of hydrogen addition on laminar and turbulent premixed methane and iso-octane{\textendash}air flames</title>
            <volume>31</volume>
            <year>2007</year>
        </details>
    </bibliographyLink>
    <experimentType>laminar burning velocity measurement</experimentType>
    <apparatus>
        <kind>flame</kind>
        <mode>premixed</mode>
        <mode>laminar</mode>
    </apparatus>
    <commonProperties>
        <property name="pressure"     label="P"  sourcetype="reported"  units="Pa" ><value>0.5e+006</value></property>
        <property name="temperature"  label="T"  sourcetype="reported"  units="K"  ><value>360</value></property>
    </commonProperties>
    <dataGroup id="dg1">
        <property name="laminar burning velocity"      id="x1"   label="Sl"     sourcetype="digitized"   units="m/s"           />
        <property name="composition"                   id="x2"   label="[CH4]"  sourcetype="calculated"  units="mole fraction" >
            <speciesLink preferredKey="CH4"  CAS="74-82-8"    InChI="1S/CH4/h1H4"  SMILES="C"     chemName="methane"  />
        </property>
        <property name="composition"                   id="x3"   label="[O2]"   sourcetype="calculated"  units="mole fraction" >
            <speciesLink preferredKey="O2"   CAS="7782-44-7"  InChI="1S/O2/c1-2"   SMILES="O=O"   chemName="oxygen"   />
        </property>
        <property name="composition"                   id="x4"   label="[N2]"   sourcetype="calculated"  units="mole fraction" >
            <speciesLink preferredKey="N2"   CAS="7727-37-9"  InChI="1S/N2/c1-2"   SMILES="N#N"   chemName="nitrogen" />
        </property>
        <property name="composition"                   id="x5"   label="[H2]"   sourcetype="calculated"  units="mole fraction" >
            <speciesLink preferredKey="H2"   CAS="1333-74-0"  InChI="1S/H2/h1H"    SMILES="[HH]"  chemName="hydrogen" />
        </property>
        <property name="evaluated standard deviation"  id="x6"   sourcetype="estimated"   units="cm/s"           reference="laminar burning velocity"  kind="absolute"  method="combined from scatter and estimated uncertainty" />

        <dataPoint><x1>3.337000e-002</x1><x2>4.438508e-002</x2><x3>1.967632e-001</x3><x4>7.398296e-001</x4><x5>1.902218e-002</x5><x6>1.91425533913321</x6></dataPoint>
        <dataPoint><x1>3.645000e-002</x1><x2>4.438341e-002</x2><x3>1.967637e-001</x3><x4>7.398314e-001</x4><x5>1.902146e-002</x5><x6>1.91565906241168</x6></dataPoint>
        <dataPoint><x1>1.204400e-001</x1><x2>5.272104e-002</x2><x3>1.942614e-001</x3><x4>7.304228e-001</x4><x5>2.259473e-002</x5><x6>1.99979484470283</x6></dataPoint>
        <dataPoint><x1>1.244700e-001</x1><x2>5.253440e-002</x2><x3>1.943174e-001</x3><x4>7.306335e-001</x4><x5>2.251474e-002</x5><x6>2.00595466135205</x6></dataPoint>
        <dataPoint><x1>1.894800e-001</x1><x2>6.052163e-002</x2><x3>1.919203e-001</x3><x4>7.216203e-001</x4><x5>2.593784e-002</x5><x6>2.12934293642429</x6></dataPoint>
        <dataPoint><x1>2.758400e-001</x1><x2>6.828020e-002</x2><x3>1.895918e-001</x3><x4>7.128651e-001</x4><x5>2.926294e-002</x5><x6>2.35345006764537</x6></dataPoint>
        <dataPoint><x1>2.987300e-001</x1><x2>6.844551e-002</x2><x3>1.895422e-001</x3><x4>7.126785e-001</x4><x5>2.933379e-002</x5><x6>2.42229744321378</x6></dataPoint>
        <dataPoint><x1>3.407500e-001</x1><x2>7.617994e-002</x2><x3>1.872209e-001</x3><x4>7.039506e-001</x4><x5>3.264855e-002</x5><x6>2.55720524076579</x6></dataPoint>
        <dataPoint><x1>3.534300e-001</x1><x2>7.602770e-002</x2><x3>1.872666e-001</x3><x4>7.041224e-001</x4><x5>3.258330e-002</x5> <x6>2.5998757092215</x6></dataPoint>
        <dataPoint><x1>3.661700e-001</x1><x2>8.344692e-002</x2><x3>1.850399e-001</x3><x4>6.957502e-001</x4><x5>3.576297e-002</x5> <x6>2.6435858797096</x6></dataPoint>
        <dataPoint><x1>3.773100e-001</x1><x2>8.344251e-002</x2><x3>1.850413e-001</x3><x4>6.957552e-001</x4><x5>3.576108e-002</x5><x6>2.68246257819191</x6></dataPoint>
        <dataPoint><x1>3.282800e-001</x1><x2>9.071263e-002</x2><x3>1.828594e-001</x3><x4>6.875512e-001</x4><x5>3.887684e-002</x5><x6>2.51609390542166</x6></dataPoint>
        <dataPoint><x1>3.369400e-001</x1><x2>9.070904e-002</x2><x3>1.828604e-001</x3><x4>6.875552e-001</x4><x5>3.887530e-002</x5><x6>2.54455274476675</x6></dataPoint>
        <dataPoint><x1>1.944900e-001</x1><x2>9.784701e-002</x2><x3>1.807182e-001</x3><x4>6.795004e-001</x4><x5>4.193443e-002</x5><x6>2.14060589165778</x6></dataPoint>
        <dataPoint><x1>1.065700e-001</x1><x2>1.049548e-001</x2><x3>1.785850e-001</x3><x4>6.714796e-001</x4><x5>4.498061e-002</x5><x6>1.98001608665182</x6></dataPoint>
        <dataPoint><x1>1.160600e-001</x1><x2>1.047957e-001</x2><x3>1.786328e-001</x3><x4>6.716592e-001</x4><x5>4.491242e-002</x5><x6>1.99330947695033</x6></dataPoint>
        <dataPoint><x1>8.446000e-002</x1><x2>1.117191e-001</x2><x3>1.765549e-001</x3><x4>6.638463e-001</x4><x5>4.787963e-002</x5><x6>1.95316969843892</x6></dataPoint>
        <dataPoint><x1>9.560000e-002</x1><x2>1.115844e-001</x2><x3>1.765953e-001</x3><x4>6.639984e-001</x4><x5>4.782190e-002</x5><x6>1.96596505078295</x6></dataPoint>
    </dataGroup>
</experiment>
