<experiment>
    <fileAuthor>Chemical Kinetics Laboratory, Institute of Chemistry, ELTE, Budapest, Hungary</fileAuthor>
    <fileDOI>10.24388/x20004540</fileDOI>
    <fileVersion>
        <major>1</major>
        <minor>0</minor>
    </fileVersion>
    <ReSpecThVersion>
        <major>2</major>
        <minor>3</minor>
    </ReSpecThVersion>
    <firstPublicationDate>2021-10-29</firstPublicationDate>
    <lastModificationDate>2021-10-29</lastModificationDate>
    <bibliographyLink>
        <description>C. Echeverri-Uribe, A.A. Amell, L.M. Rubio-Gaviria, A. Colorado, V. Mcdonell, Fuel 180 (2016), 565--573</description>
        <referenceDOI>10.1016/j.fuel.2016.04.041</referenceDOI>
        <location>Main article, Fig. 9., yellow circle</location>
        <table>Table 1. Compositions of mixtures of methane and water electrolysis products (composition by volume).</table>
        <figure>Main article, Fig. 9., yellow circle</figure>
        <details>
            <author>Echeverri-Uribe, Camilo and Amell, Andr\'{e}s A and Rubio-Gaviria, Lina M and Colorado, Andr\'{e}s and Mcdonell, Vincent</author>
            <journal>Fuel</journal>
            <pages>565--573</pages>
            <title>Numerical and experimental analysis of the effect of adding water electrolysis products on the laminar burning velocity and stability of lean premixed methane/air flames at sub-atmospheric pressures</title>
            <volume>180</volume>
            <year>2016</year>
        </details>
    </bibliographyLink>
    <experimentType>laminar burning velocity measurement</experimentType>
    <apparatus>
        <kind>flame</kind>
        <mode>premixed</mode>
        <mode>laminar</mode>
        <mode>LFF?</mode>
    </apparatus>
    <commonProperties>
        <property name="temperature"  label="T"  sourcetype="reported"  units="K"   ><value>295</value></property>
        <property name="pressure"     label="p"  sourcetype="reported"  units="bar" ><value>0.849</value></property>
    </commonProperties>
    <dataGroup id="dg1">
        <property name="equivalence ratio"             id="x1"   label="phi"    sourcetype="digitized"  units="unitless"      />
        <property name="laminar burning velocity"      id="x2"   label="Sl"     sourcetype="digitized"  units="cm/s"          />
        <property name="uncertainty"                   id="x3"   label="d_Sl"   sourcetype="estimated"  units="cm/s"           reference="laminar burning velocity"  kind="absolute"  bound="plus"  />
        <property name="uncertainty"                   id="x4"   label="d_Sl"   sourcetype="estimated"  units="cm/s"           reference="laminar burning velocity"  kind="absolute"  bound="minus" />
        <property name="composition"                   id="x5"   label="[CH4]"  sourcetype="estimated"  units="mole fraction" >
            <speciesLink preferredKey="CH4"  CAS="74-82-8"    InChI="1S/CH4/h1H4"  SMILES="C"    chemName="methane"  />
        </property>
        <property name="composition"                   id="x6"   label="[O2]"   sourcetype="estimated"  units="mole fraction" >
            <speciesLink preferredKey="O2"   CAS="7782-44-7"  InChI="1S/O2/c1-2"   SMILES="O=O"  chemName="oxygen"   />
        </property>
        <property name="composition"                   id="x7"   label="[N2]"   sourcetype="estimated"  units="mole fraction" >
            <speciesLink preferredKey="N2"   CAS="7727-37-9"  InChI="1S/N2/c1-2"   SMILES="N#N"  chemName="nitrogen" />
        </property>
        <property name="evaluated standard deviation"  id="x8"   sourcetype="estimated"  units="cm/s"           reference="laminar burning velocity"  kind="absolute"  method="combined from scatter and estimated uncertainty" />

        <dataPoint><x1>0.8</x1><x2>29.4778</x2>     <x3>0</x3><x4>1.9633</x4><x5>0.0774908</x5><x6>0.1937269</x6><x7>0.7287823</x7><x8>1.768668</x8></dataPoint>
        <dataPoint><x1>0.9</x1><x2>35.5706</x2><x3>1.8956</x3><x4>1.8279</x4><x5>0.0863408</x5><x6>0.1918684</x6><x7>0.7217908</x7><x8>2.134236</x8></dataPoint>
        <dataPoint>  <x1>1</x1><x2>40.3095</x2><x3>1.8955</x3><x4>1.8279</x4><x5>0.0950226</x5><x6>0.1900452</x6><x7>0.7149321</x7> <x8>2.41857</x8></dataPoint>
    </dataGroup>
    <comment>Data is about CH4/air mixture. CH4, O2 and N2 mole fractions were estimated using phi, CH4 volume% in mixtures, O2 and N2 volume% in air.</comment>
</experiment>
