<experiment>
    <fileAuthor>Chemical Kinetics Laboratory, Institute of Chemistry, ELTE, Budapest, Hungary</fileAuthor>
    <fileDOI>10.24388/x20004316</fileDOI>
    <fileVersion>
        <major>1</major>
        <minor>0</minor>
    </fileVersion>
    <ReSpecThVersion>
        <major>2</major>
        <minor>3</minor>
    </ReSpecThVersion>
    <firstPublicationDate>2021-10-29</firstPublicationDate>
    <lastModificationDate>2021-10-29</lastModificationDate>
    <bibliographyLink>
        <description>Y. Xie, J. Wang, M. Zhang, J. Gong, W. Jin, Z. Huang, Energy Fuels 27 (2013), 6231--6237</description>
        <referenceDOI>10.1021/ef401220h</referenceDOI>
        <location>Main article, Fig. 1b, open square</location>
        <figure>Figure 1b</figure>
        <details>
            <author>Yongliang Xie and Jinhua Wang and Meng Zhang and Jing Gong and Wu Jin and Zuohua Huang</author>
            <journal>Energy Fuels</journal>
            <month>oct</month>
            <number>10</number>
            <pages>6231--6237</pages>
            <publisher>American Chemical Society ({ACS})</publisher>
            <title>Experimental and Numerical Study on Laminar Flame Characteristics of Methane Oxy-fuel Mixtures Highly Diluted with {CO}2</title>
            <volume>27</volume>
            <year>2013</year>
        </details>
    </bibliographyLink>
    <experimentType>laminar burning velocity measurement</experimentType>
    <apparatus>
        <kind>flame</kind>
        <mode>premixed</mode>
        <mode>laminar</mode>
    </apparatus>
    <commonProperties>
        <property name="pressure"     label="P"  sourcetype="reported"  units="Pa" ><value>0.2e+006</value></property>
        <property name="temperature"  label="T"  sourcetype="reported"  units="K"  ><value>300</value></property>
    </commonProperties>
    <dataGroup id="dg1">
        <property name="laminar burning velocity"      id="x1"   label="Sl"     sourcetype="digitized"  units="cm/s"          />
        <property name="composition"                   id="x2"   label="[CH4]"  sourcetype="digitized"  units="mole fraction" >
            <speciesLink preferredKey="CH4"  CAS="74-82-8"    InChI="1S/CH4/h1H4"    SMILES="C"        chemName="methane"        />
        </property>
        <property name="composition"                   id="x3"   label="[O2]"   sourcetype="digitized"  units="mole fraction" >
            <speciesLink preferredKey="O2"   CAS="7782-44-7"  InChI="1S/O2/c1-2"     SMILES="O=O"      chemName="oxygen"         />
        </property>
        <property name="composition"                   id="x4"   label="[CO2]"  sourcetype="digitized"  units="mole fraction" >
            <speciesLink preferredKey="CO2"  CAS="124-38-9"   InChI="1S/CO2/c2-1-3"  SMILES="C(=O)=O"  chemName="carbon dioxide" />
        </property>
        <property name="evaluated standard deviation"  id="x5"   sourcetype="estimated"  units="cm/s"           reference="laminar burning velocity"  kind="absolute"  method="combined from scatter and estimated uncertainty" />

        <dataPoint><x1>3.222675e+001</x1><x2>1.074704E-01</x2><x3>5.355178E-01</x3><x4>3.570118E-01</x4><x5>2.93111137280832</x5></dataPoint>
        <dataPoint><x1>8.023802e+001</x1><x2>1.539577E-01</x2><x3>5.076254E-01</x3><x4>3.384169E-01</x4><x5>4.70003776311436</x5></dataPoint>
        <dataPoint><x1>1.113248e+002</x1><x2>1.953083E-01</x2><x3>4.828150E-01</x3><x4>3.218767E-01</x4><x5>6.08095659238742</x5></dataPoint>
        <dataPoint><x1>1.197870e+002</x1><x2>2.324307E-01</x2><x3>4.605416E-01</x3><x4>3.070277E-01</x4><x5>6.47049602143452</x5></dataPoint>
        <dataPoint><x1>1.139555e+002</x1><x2>2.663372E-01</x2><x3>4.401977E-01</x3><x4>2.934651E-01</x4><x5>6.20158409533605</x5></dataPoint>
        <dataPoint><x1>9.869715e+001</x1><x2>2.970592E-01</x2><x3>4.217645E-01</x3><x4>2.811763E-01</x4><x5>5.50888590244945</x5></dataPoint>
        <dataPoint><x1>6.383965e+001</x1><x2>3.250563E-01</x2><x3>4.049662E-01</x3><x4>2.699775E-01</x4><x5>4.02290412776718</x5></dataPoint>
    </dataGroup>
</experiment>
