<experiment>
    <fileAuthor>Chemical Kinetics Laboratory, Institute of Chemistry, ELTE, Budapest, Hungary</fileAuthor>
    <fileDOI>10.24388/x20004313</fileDOI>
    <fileVersion>
        <major>1</major>
        <minor>0</minor>
    </fileVersion>
    <ReSpecThVersion>
        <major>2</major>
        <minor>3</minor>
    </ReSpecThVersion>
    <firstPublicationDate>2021-10-29</firstPublicationDate>
    <lastModificationDate>2021-10-29</lastModificationDate>
    <bibliographyLink>
        <description>Y. Xie, J. Wang, M. Zhang, J. Gong, W. Jin, Z. Huang, Energy Fuels 27 (2013), 6231--6237</description>
        <referenceDOI>10.1021/ef401220h</referenceDOI>
        <location>Main article, Fig. 1a, open triangle</location>
        <figure>Figure 1a</figure>
        <details>
            <author>Yongliang Xie and Jinhua Wang and Meng Zhang and Jing Gong and Wu Jin and Zuohua Huang</author>
            <journal>Energy Fuels</journal>
            <month>oct</month>
            <number>10</number>
            <pages>6231--6237</pages>
            <publisher>American Chemical Society ({ACS})</publisher>
            <title>Experimental and Numerical Study on Laminar Flame Characteristics of Methane Oxy-fuel Mixtures Highly Diluted with {CO}2</title>
            <volume>27</volume>
            <year>2013</year>
        </details>
    </bibliographyLink>
    <experimentType>laminar burning velocity measurement</experimentType>
    <apparatus>
        <kind>flame</kind>
        <mode>premixed</mode>
        <mode>laminar</mode>
    </apparatus>
    <commonProperties>
        <property name="pressure"     label="P"  sourcetype="reported"  units="Pa" ><value>1e+005</value></property>
        <property name="temperature"  label="T"  sourcetype="reported"  units="K"  ><value>300</value></property>
    </commonProperties>
    <dataGroup id="dg1">
        <property name="laminar burning velocity"      id="x1"   label="Sl"     sourcetype="digitized"  units="cm/s"          />
        <property name="composition"                   id="x2"   label="[CH4]"  sourcetype="digitized"  units="mole fraction" >
            <speciesLink preferredKey="CH4"  CAS="74-82-8"    InChI="1S/CH4/h1H4"    SMILES="C"        chemName="methane"        />
        </property>
        <property name="composition"                   id="x3"   label="[O2]"   sourcetype="digitized"  units="mole fraction" >
            <speciesLink preferredKey="O2"   CAS="7782-44-7"  InChI="1S/O2/c1-2"     SMILES="O=O"      chemName="oxygen"         />
        </property>
        <property name="composition"                   id="x4"   label="[CO2]"  sourcetype="digitized"  units="mole fraction" >
            <speciesLink preferredKey="CO2"  CAS="124-38-9"   InChI="1S/CO2/c2-1-3"  SMILES="C(=O)=O"  chemName="carbon dioxide" />
        </property>
        <property name="evaluated standard deviation"  id="x5"   sourcetype="estimated"  units="cm/s"           reference="laminar burning velocity"  kind="absolute"  method="combined from scatter and estimated uncertainty" />

        <dataPoint><x1>1.781215e+001</x1><x2>9.058873E-02</x2><x3>4.547056E-01</x3><x4>4.547056E-01</x4><x5>2.43490318317921</x5></dataPoint>
        <dataPoint><x1>4.993454e+001</x1><x2>1.302741E-01</x2><x3>4.348630E-01</x3><x4>4.348630E-01</x4><x5>3.37182702772977</x5></dataPoint>
        <dataPoint><x1>7.063461e+001</x1><x2>1.666406E-01</x2><x3>4.166797E-01</x3><x4>4.166797E-01</x4><x5>4.19627121585703</x5></dataPoint>
        <dataPoint><x1>7.409173e+001</x1><x2>2.001232E-01</x2><x3>3.999384E-01</x3><x4>3.999384E-01</x4><x5>4.34275637451403</x5></dataPoint>
        <dataPoint><x1>7.728667e+001</x1><x2>2.307589E-01</x2><x3>3.846206E-01</x3><x4>3.846206E-01</x4><x5>4.47980414656961</x5></dataPoint>
        <dataPoint><x1>6.406988e+001</x1><x2>2.593457E-01</x2><x3>3.703272E-01</x3><x4>3.703272E-01</x4><x5>3.92402161059747</x5></dataPoint>
        <dataPoint><x1>3.947450e+001</x1><x2>2.859119E-01</x2><x3>3.570440E-01</x3><x4>3.570440E-01</x4><x5>3.00518920669315</x5></dataPoint>
    </dataGroup>
</experiment>
