<experiment>
    <fileAuthor>Chemical Kinetics Laboratory, Institute of Chemistry, ELTE, Budapest, Hungary</fileAuthor>
    <fileDOI>10.24388/x20004355</fileDOI>
    <fileVersion>
        <major>1</major>
        <minor>0</minor>
    </fileVersion>
    <ReSpecThVersion>
        <major>2</major>
        <minor>3</minor>
    </ReSpecThVersion>
    <firstPublicationDate>2021-10-29</firstPublicationDate>
    <lastModificationDate>2021-10-29</lastModificationDate>
    <bibliographyLink>
        <description>E. Hu, Z. Huang, J. He, H. Miao, International Journal of Hydrogen Energy 34 (2009), 6951--6960</description>
        <referenceDOI>10.1016/j.ijhydene.2009.06.072</referenceDOI>
        <location>Main article</location>
        <figure>Fig. 2.c., full square</figure>
        <details>
            <author>Erjiang Hu and Zuohua Huang and Jiajia He and Haiyan Miao</author>
            <journal>International Journal of Hydrogen Energy</journal>
            <month>aug</month>
            <number>16</number>
            <pages>6951--6960</pages>
            <publisher>Elsevier {BV}</publisher>
            <title>Experimental and numerical study on lean premixed methane{\textendash}hydrogen{\textendash}air flames at elevated pressures and temperatures</title>
            <volume>34</volume>
            <year>2009</year>
        </details>
    </bibliographyLink>
    <experimentType>laminar burning velocity measurement</experimentType>
    <apparatus>
        <kind>flame</kind>
        <mode>premixed</mode>
        <mode>laminar</mode>
    </apparatus>
    <commonProperties>
        <property name="pressure"     label="P"  sourcetype="reported"  units="Pa" ><value>5e+005</value></property>
        <property name="temperature"  label="T"  sourcetype="reported"  units="K"  ><value>303</value></property>
    </commonProperties>
    <dataGroup id="dg1">
        <property name="laminar burning velocity"      id="x1"   label="Sl"     sourcetype="digitized"   units="m/s"           />
        <property name="composition"                   id="x2"   label="[CH4]"  sourcetype="calculated"  units="mole fraction" >
            <speciesLink preferredKey="CH4"  CAS="74-82-8"    InChI="1S/CH4/h1H4"  SMILES="C"     chemName="methane"  />
        </property>
        <property name="composition"                   id="x3"   label="[O2]"   sourcetype="calculated"  units="mole fraction" >
            <speciesLink preferredKey="O2"   CAS="7782-44-7"  InChI="1S/O2/c1-2"   SMILES="O=O"   chemName="oxygen"   />
        </property>
        <property name="composition"                   id="x4"   label="[N2]"   sourcetype="calculated"  units="mole fraction" >
            <speciesLink preferredKey="N2"   CAS="7727-37-9"  InChI="1S/N2/c1-2"   SMILES="N#N"   chemName="nitrogen" />
        </property>
        <property name="composition"                   id="x5"   label="[H2]"   sourcetype="calculated"  units="mole fraction" >
            <speciesLink preferredKey="H2"   CAS="1333-74-0"  InChI="1S/H2/h1H"    SMILES="[HH]"  chemName="hydrogen" />
        </property>
        <property name="evaluated standard deviation"  id="x6"   sourcetype="estimated"   units="cm/s"           reference="laminar burning velocity"  kind="absolute"  method="combined from scatter and estimated uncertainty" />

        <dataPoint><x1>1.246500e-001</x1><x2>7.751938e-002</x2><x3>1.937985e-001</x3><x4>7.286822e-001</x4><x5>0.000000e+000</x5><x6>2.67274268235833</x6></dataPoint>
        <dataPoint><x1>1.293100e-001</x1><x2>7.196434e-002</x2><x3>1.911781e-001</x3><x4>7.188298e-001</x4><x5>1.802768e-002</x5><x6>2.67827179093161</x6></dataPoint>
        <dataPoint><x1>1.799500e-001</x1><x2>6.432778e-002</x2><x3>1.875760e-001</x3><x4>7.052857e-001</x4><x5>4.281049e-002</x5><x6>2.75039323481207</x6></dataPoint>
        <dataPoint><x1>2.630300e-001</x1><x2>5.318852e-002</x2><x3>1.823216e-001</x3><x4>6.855293e-001</x4><x5>7.896052e-002</x5><x6>2.91285639984191</x6></dataPoint>
        <dataPoint><x1>5.290000e-001</x1><x2>3.501838e-002</x2><x3>1.737508e-001</x3><x4>6.533030e-001</x4><x5>1.379278e-001</x5><x6>3.70825267256696</x6></dataPoint>
    </dataGroup>
</experiment>
