<experiment>
    <fileAuthor>Chemical Kinetics Laboratory, Institute of Chemistry, ELTE, Budapest, Hungary</fileAuthor>
    <fileDOI>10.24388/x20004222</fileDOI>
    <fileVersion>
        <major>1</major>
        <minor>0</minor>
    </fileVersion>
    <ReSpecThVersion>
        <major>2</major>
        <minor>3</minor>
    </ReSpecThVersion>
    <firstPublicationDate>2021-10-29</firstPublicationDate>
    <lastModificationDate>2021-10-29</lastModificationDate>
    <bibliographyLink>
        <description>T. IIjima, T. Takeno, Combust Flame 65 (1986), 35--43</description>
        <referenceDOI>10.1016/0010-2180(86)90070-2</referenceDOI>
        <location>Fig. 6 full circle 2 atm</location>
        <figure>Fig. 6</figure>
        <details>
            <author>IIjima, T and Takeno, T</author>
            <journal>Combust Flame</journal>
            <pages>35--43</pages>
            <title>Effects of Temperature and Pressure on Burning Velocity</title>
            <volume>65</volume>
            <year>1986</year>
        </details>
    </bibliographyLink>
    <experimentType>laminar burning velocity measurement</experimentType>
    <apparatus>
        <kind>flame</kind>
        <mode>premixed</mode>
        <mode>laminar</mode>
    </apparatus>
    <commonProperties>
        <property name="pressure"             label="P"  sourcetype="reported"    units="atm"           ><value>2</value></property>
        <property name="initial composition"  sourcetype="calculated" >
            <component><speciesLink preferredKey="CH4"  CAS="74-82-8"    InChI="1S/CH4/h1H4"  SMILES="C"    chemName="methane"  /><amount units="mole fraction" >0.095057</amount></component>
            <component><speciesLink preferredKey="O2"   CAS="7782-44-7"  InChI="1S/O2/c1-2"   SMILES="O=O"  chemName="oxygen"   /><amount units="mole fraction" >0.190114</amount></component>
            <component><speciesLink preferredKey="N2"   CAS="7727-37-9"  InChI="1S/N2/c1-2"   SMILES="N#N"  chemName="nitrogen" /><amount units="mole fraction" >0.714829</amount></component>
        </property>
    </commonProperties>
    <dataGroup id="dg1">
        <property name="temperature"                   id="x1"   label="T"     sourcetype="digitized"  units="K"    />
        <property name="laminar burning velocity"      id="x2"   label="Sl"    sourcetype="digitized"  units="cm/s" />
        <property name="uncertainty"                   id="x3"   label="d_Sl"  sourcetype="digitized"  units="cm/s"  reference="laminar burning velocity"  kind="absolute"  bound="plus"  />
        <property name="uncertainty"                   id="x4"   label="d_Sl"  sourcetype="digitized"  units="cm/s"  reference="laminar burning velocity"  kind="absolute"  bound="minus" />
        <property name="evaluated standard deviation"  id="x5"   sourcetype="estimated"  units="cm/s"  reference="laminar burning velocity"  kind="absolute"  method="combined from scatter and reported uncertainty" />

        <dataPoint><x1>289.982</x1><x2>19.1999</x2><x3>0.7458</x3><x4>0.8743</x4><x5>2.96797154812845</x5></dataPoint>
        <dataPoint><x1>305.585</x1><x2>20.3957</x2><x3>1.0635</x3><x4>0.9283</x4><x5>3.08569267674213</x5></dataPoint>
        <dataPoint><x1>319.306</x1><x2>21.8928</x2><x3>0.7064</x3><x4>0.6399</x4><x5>3.23326776323892</x5></dataPoint>
        <dataPoint><x1>334.676</x1><x2>25.9061</x2><x3>0.9497</x3><x4>1.0741</x4> <x5>3.6297374123344</x5></dataPoint>
        <dataPoint><x1>350.262</x1><x2>27.6324</x2><x3>1.1346</x3><x4>1.0898</x4> <x5>3.8005905867378</x5></dataPoint>
        <dataPoint><x1>362.324</x1><x2>29.4664</x2><x3>1.3401</x3><x4>1.1022</x4><x5>3.98227080947542</x5></dataPoint>
        <dataPoint><x1>374.993</x1><x2>32.0951</x2><x3>1.5308</x3><x4>1.4611</x4><x5>4.24293388476653</x5></dataPoint>
        <dataPoint><x1>387.907</x1><x2>34.2978</x2><x3>1.4840</x3><x4>1.2829</x4> <x5>4.4615540295731</x5></dataPoint>
        <dataPoint><x1>405.309</x1><x2>38.3269</x2><x3>1.7431</x3><x4>1.4332</x4><x5>4.86183156295033</x5></dataPoint>
        <dataPoint><x1>427.105</x1><x2>42.1174</x2><x3>1.4512</x3><x4>1.1442</x4><x5>5.23877345740394</x5></dataPoint>
    </dataGroup>
</experiment>
