<experiment>
    <fileAuthor>Chemical Kinetics Laboratory, Institute of Chemistry, ELTE, Budapest, Hungary</fileAuthor>
    <fileDOI>10.24388/x20004601</fileDOI>
    <fileVersion>
        <major>1</major>
        <minor>0</minor>
    </fileVersion>
    <ReSpecThVersion>
        <major>2</major>
        <minor>3</minor>
    </ReSpecThVersion>
    <firstPublicationDate>2021-10-29</firstPublicationDate>
    <lastModificationDate>2021-10-29</lastModificationDate>
    <bibliographyLink>
        <description>S.Y. Liao, D.M. Jiang, Q. Cheng, Fuel 83 (2004), 1247--1250</description>
        <referenceDOI>10.1016/j.fuel.2003.12.001</referenceDOI>
        <location>Main article</location>
        <figure>Fig. 2, full square (present experimental for methane - air), Pu = 0.1 MPa</figure>
        <details>
            <author>Liao, S Y and Jiang, D M and Cheng, Q</author>
            <journal>Fuel</journal>
            <pages>1247--1250</pages>
            <title>Determination of laminar burning velocities for natural gas</title>
            <volume>83</volume>
            <year>2004</year>
        </details>
    </bibliographyLink>
    <experimentType>laminar burning velocity measurement</experimentType>
    <apparatus>
        <kind>flame</kind>
        <mode>premixed</mode>
        <mode>laminar</mode>
        <mode>OPF</mode>
    </apparatus>
    <commonProperties>
        <property name="temperature"  label="T"  sourcetype="reported"  units="K"   ><value>300</value></property>
        <property name="pressure"     label="p"  sourcetype="reported"  units="MPa" ><value>0.1</value></property>
    </commonProperties>
    <dataGroup id="dg1">
        <property name="laminar burning velocity"      id="x1"   label="Sl"     sourcetype="digitized"   units="cm/s"          />
        <property name="composition"                   id="x2"   label="[CH4]"  sourcetype="calculated"  units="mole fraction" >
            <speciesLink preferredKey="CH4"  CAS="74-82-8"    InChI="1S/CH4/h1H4"  SMILES="C"    chemName="methane"  />
        </property>
        <property name="composition"                   id="x3"   label="[O2]"   sourcetype="calculated"  units="mole fraction" >
            <speciesLink preferredKey="O2"   CAS="7782-44-7"  InChI="1S/O2/c1-2"   SMILES="O=O"  chemName="oxygen"   />
        </property>
        <property name="composition"                   id="x4"   label="[N2]"   sourcetype="calculated"  units="mole fraction" >
            <speciesLink preferredKey="N2"   CAS="7727-37-9"  InChI="1S/N2/c1-2"   SMILES="N#N"  chemName="nitrogen" />
        </property>
        <property name="evaluated standard deviation"  id="x5"   sourcetype="estimated"   units="cm/s"           reference="laminar burning velocity"  kind="absolute"  method="combined from scatter and reported uncertainty" />

        <dataPoint><x1>10.59</x1><x2>0.059224</x2><x3>0.197563</x3><x4>0.743213</x4><x5>1.60151388957449</x5></dataPoint>
        <dataPoint><x1>14.79</x1><x2>0.063787</x2><x3>0.196605</x3><x4>0.739609</x4><x5>1.68275848018217</x5></dataPoint>
        <dataPoint><x1>19.21</x1><x2>0.068451</x2><x3>0.195625</x3><x4>0.735924</x4><x5>1.79081187722915</x5></dataPoint>
        <dataPoint><x1>23.69</x1><x2>0.072997</x2><x3>0.194671</x3><x4>0.732332</x4><x5>1.92043898117071</x5></dataPoint>
        <dataPoint><x1>28.11</x1><x2>0.077500</x2><x3>0.193725</x3><x4>0.728775</x4><x5>2.06395340466421</x5></dataPoint>
        <dataPoint><x1>32.45</x1><x2>0.081958</x2><x3>0.192789</x3><x4>0.725253</x4> <x5>2.2176131799809</x5></dataPoint>
        <dataPoint><x1>35.96</x1><x2>0.086302</x2><x3>0.191877</x3><x4>0.721822</x4><x5>2.34888652584581</x5></dataPoint>
        <dataPoint><x1>38.13</x1><x2>0.090670</x2><x3>0.190959</x3><x4>0.718371</x4><x5>2.43310901515427</x5></dataPoint>
        <dataPoint><x1>40.52</x1><x2>0.094928</x2><x3>0.190065</x3><x4>0.715007</x4><x5>2.52761999901587</x5></dataPoint>
        <dataPoint><x1>41.78</x1><x2>0.099213</x2><x3>0.189165</x3><x4>0.711622</x4><x5>2.57855220839622</x5></dataPoint>
        <dataPoint><x1>41.23</x1><x2>0.103383</x2><x3>0.188290</x3><x4>0.708327</x4><x5>2.55605277787842</x5></dataPoint>
        <dataPoint><x1>40.53</x1><x2>0.107582</x2><x3>0.187408</x3><x4>0.705010</x4><x5>2.52804080965874</x5></dataPoint>
        <dataPoint><x1>37.66</x1><x2>0.111802</x2><x3>0.186522</x3><x4>0.701676</x4><x5>2.41463228937658</x5></dataPoint>
        <dataPoint><x1>32.69</x1><x2>0.115977</x2><x3>0.185645</x3><x4>0.698378</x4><x5>2.22633570717109</x5></dataPoint>
        <dataPoint><x1>24.57</x1><x2>0.120105</x2><x3>0.184778</x3><x4>0.695117</x4><x5>1.94785216071446</x5></dataPoint>
        <dataPoint><x1>16.52</x1><x2>0.124130</x2><x3>0.183933</x3><x4>0.691937</x4><x5>1.72252833777125</x5></dataPoint>
        <dataPoint><x1>13.73</x1><x2>0.128132</x2><x3>0.183092</x3><x4>0.688776</x4> <x5>1.6599834836603</x5></dataPoint>
    </dataGroup>
    <comment>CH4, O2, and N2 mole fractions were calculated using the equivalence ration. The uncertainty of measured laminar buring velocity is 5%.</comment>
</experiment>
