<experiment>
    <fileAuthor>Chemical Kinetics Laboratory, Institute of Chemistry, ELTE, Budapest, Hungary</fileAuthor>
    <fileDOI>10.24388/x20004329</fileDOI>
    <fileVersion>
        <major>1</major>
        <minor>0</minor>
    </fileVersion>
    <ReSpecThVersion>
        <major>2</major>
        <minor>3</minor>
    </ReSpecThVersion>
    <firstPublicationDate>2021-10-29</firstPublicationDate>
    <lastModificationDate>2021-10-29</lastModificationDate>
    <bibliographyLink>
        <description>A.N. Mazas, B. Fiorina, D.A. Lacoste, T. Schuller, Combustion and Flame 158 (2011), 2428--2440</description>
        <referenceDOI>10.1016/j.combustflame.2011.05.014</referenceDOI>
        <location>Main article, Fig. 13, top, full circle</location>
        <figure>Figure 13</figure>
        <details>
            <author>A.N. Mazas and B. Fiorina and D.A. Lacoste and T. Schuller</author>
            <journal>Combustion and Flame</journal>
            <month>dec</month>
            <number>12</number>
            <pages>2428--2440</pages>
            <publisher>Elsevier {BV}</publisher>
            <title>Effects of water vapor addition on the laminar burning velocity of oxygen-enriched methane flames</title>
            <volume>158</volume>
            <year>2011</year>
        </details>
    </bibliographyLink>
    <experimentType>laminar burning velocity measurement</experimentType>
    <apparatus>
        <kind>flame</kind>
        <mode>premixed</mode>
        <mode>laminar</mode>
    </apparatus>
    <commonProperties>
        <property name="pressure"     label="P"  sourcetype="reported"  units="atm" ><value>1</value></property>
        <property name="temperature"  label="T"  sourcetype="reported"  units="K"   ><value>373</value></property>
    </commonProperties>
    <dataGroup id="dg1">
        <property name="laminar burning velocity"      id="x1"   label="Sl"     sourcetype="digitized"  units="cm/s"          />
        <property name="composition"                   id="x2"   label="[CH4]"  sourcetype="digitized"  units="mole fraction" >
            <speciesLink preferredKey="CH4"  CAS="74-82-8"    InChI="1S/CH4/h1H4"  SMILES="C"    chemName="methane"  />
        </property>
        <property name="composition"                   id="x3"   label="[O2]"   sourcetype="digitized"  units="mole fraction" >
            <speciesLink preferredKey="O2"   CAS="7782-44-7"  InChI="1S/O2/c1-2"   SMILES="O=O"  chemName="oxygen"   />
        </property>
        <property name="composition"                   id="x4"   label="[N2]"   sourcetype="digitized"  units="mole fraction" >
            <speciesLink preferredKey="N2"   CAS="7727-37-9"  InChI="1S/N2/c1-2"   SMILES="N#N"  chemName="nitrogen" />
        </property>
        <property name="composition"                   id="x5"   label="[H2O]"  sourcetype="digitized"  units="mole fraction" >
            <speciesLink preferredKey="H2O"  CAS="7732-18-5"  InChI="1S/H2O/h1H2"  SMILES="O"    chemName="water"    />
        </property>
        <property name="evaluated standard deviation"  id="x6"   sourcetype="estimated"  units="cm/s"           reference="laminar burning velocity"  kind="absolute"  method="combined from scatter and reported uncertainty" />

        <dataPoint><x1>1.596174e+002</x1><x2>1.291096e-001</x2><x3>4.303652e-001</x3><x4>4.303652e-001</x4><x5>1.016000e-002</x5><x6>4.37825100127037</x6></dataPoint>
        <dataPoint><x1>1.530507e+002</x1><x2>1.256400e-001</x2><x3>4.188000e-001</x3><x4>4.188000e-001</x4><x5>3.676000e-002</x5><x6>4.22916461283505</x6></dataPoint>
        <dataPoint><x1>1.444157e+002</x1><x2>1.229635e-001</x2><x3>4.098783e-001</x3><x4>4.098783e-001</x4><x5>5.728000e-002</x5><x6>4.03490326339508</x6></dataPoint>
        <dataPoint><x1>1.306101e+002</x1><x2>1.177604e-001</x2><x3>3.925348e-001</x3><x4>3.925348e-001</x4><x5>9.717000e-002</x5><x6>3.72926054730107</x6></dataPoint>
        <dataPoint><x1>1.154085e+002</x1><x2>1.142322e-001</x2><x3>3.807739e-001</x3><x4>3.807739e-001</x4><x5>1.242200e-001</x5><x6>3.40146461264207</x6></dataPoint>
        <dataPoint><x1>1.043433e+002</x1><x2>1.097700e-001</x2><x3>3.659000e-001</x3><x4>3.659000e-001</x4><x5>1.584300e-001</x5><x6>3.17020709105986</x6></dataPoint>
        <dataPoint><x1>9.327818e+001</x1><x2>1.054017e-001</x2><x3>3.513391e-001</x3><x4>3.513391e-001</x4><x5>1.919200e-001</x5><x6>2.94678165648055</x6></dataPoint>
        <dataPoint><x1>7.911065e+001</x1><x2>1.017248e-001</x2><x3>3.390826e-001</x3><x4>3.390826e-001</x4><x5>2.201100e-001</x5><x6>2.67527002011742</x6></dataPoint>
        <dataPoint><x1>7.150982e+001</x1><x2>9.809609e-002</x2><x3>3.269870e-001</x3><x4>3.269870e-001</x4><x5>2.479300e-001</x5><x6>2.53801976226945</x6></dataPoint>
        <dataPoint><x1>6.566701e+001</x1><x2>9.509739e-002</x2><x3>3.169913e-001</x3><x4>3.169913e-001</x4><x5>2.709200e-001</x5><x6>2.43733624421469</x6></dataPoint>
    </dataGroup>
</experiment>
