<experiment>
    <fileAuthor>Chemical Kinetics Laboratory, Institute of Chemistry, ELTE, Budapest, Hungary</fileAuthor>
    <fileDOI>10.24388/x20004217</fileDOI>
    <fileVersion>
        <major>1</major>
        <minor>0</minor>
    </fileVersion>
    <ReSpecThVersion>
        <major>2</major>
        <minor>3</minor>
    </ReSpecThVersion>
    <firstPublicationDate>2021-10-29</firstPublicationDate>
    <lastModificationDate>2021-10-29</lastModificationDate>
    <bibliographyLink>
        <description>T. IIjima, T. Takeno, Combust Flame 65 (1986), 35--43</description>
        <referenceDOI>10.1016/0010-2180(86)90070-2</referenceDOI>
        <location>Fig. 4 full circle</location>
        <figure>Fig. 4</figure>
        <details>
            <author>IIjima, T and Takeno, T</author>
            <journal>Combust Flame</journal>
            <pages>35--43</pages>
            <title>Effects of Temperature and Pressure on Burning Velocity</title>
            <volume>65</volume>
            <year>1986</year>
        </details>
    </bibliographyLink>
    <experimentType>laminar burning velocity measurement</experimentType>
    <apparatus>
        <kind>flame</kind>
        <mode>premixed</mode>
        <mode>laminar</mode>
    </apparatus>
    <commonProperties>
        <property name="pressure"     label="P"  sourcetype="reported"  units="atm" ><value>1</value></property>
        <property name="temperature"  label="T"  sourcetype="reported"  units="K"   ><value>291</value></property>
    </commonProperties>
    <dataGroup id="dg1">
        <property name="laminar burning velocity"      id="x1"   label="Sl"     sourcetype="digitized"  units="cm/s"          />
        <property name="uncertainty"                   id="x2"   label="d_Sl"   sourcetype="digitized"  units="cm/s"           reference="laminar burning velocity"  kind="absolute"  bound="plus"  />
        <property name="uncertainty"                   id="x3"   label="d_Sl"   sourcetype="digitized"  units="cm/s"           reference="laminar burning velocity"  kind="absolute"  bound="minus" />
        <property name="composition"                   id="x4"   label="[CH4]"  sourcetype="digitized"  units="mole fraction" >
            <speciesLink preferredKey="CH4"  CAS="74-82-8"    InChI="1S/CH4/h1H4"  SMILES="C"    chemName="methane"  />
        </property>
        <property name="composition"                   id="x5"   label="[O2]"   sourcetype="digitized"  units="mole fraction" >
            <speciesLink preferredKey="O2"   CAS="7782-44-7"  InChI="1S/O2/c1-2"   SMILES="O=O"  chemName="oxygen"   />
        </property>
        <property name="composition"                   id="x6"   label="[N2]"   sourcetype="digitized"  units="mole fraction" >
            <speciesLink preferredKey="N2"   CAS="7727-37-9"  InChI="1S/N2/c1-2"   SMILES="N#N"  chemName="nitrogen" />
        </property>
        <property name="evaluated standard deviation"  id="x7"   sourcetype="estimated"  units="cm/s"           reference="laminar burning velocity"  kind="absolute"  method="combined from scatter and reported uncertainty" />

        <dataPoint><x1>24.6592</x1><x2>0.8899</x2><x3>0.4188</x3><x4>0.077729</x4><x5>0.193754</x5><x6>0.728516</x6><x7>2.56148536567438</x7></dataPoint>
        <dataPoint><x1>29.7358</x1><x2>0.6282</x2><x3>0.5235</x3><x4>0.086420</x4><x5>0.191929</x5><x6>0.721652</x6><x7>3.05329720934009</x7></dataPoint>
        <dataPoint><x1>34.9209</x1><x2>0.6806</x2><x3>0.4711</x3><x4>0.095257</x4><x5>0.190072</x5><x6>0.714671</x6><x7>3.56021606089631</x7></dataPoint>
        <dataPoint><x1>36.5953</x1><x2>0.7335</x2><x3>0.7329</x3><x4>0.103695</x4><x5>0.188299</x5><x6>0.708006</x6><x7>3.72459469648229</x7></dataPoint>
        <dataPoint><x1>33.9225</x1><x2>0.7853</x2><x3>0.6800</x3><x4>0.111843</x4><x5>0.186588</x5><x6>0.701569</x6><x7>3.46234110027652</x7></dataPoint>
        <dataPoint><x1>28.4287</x1><x2>0.6805</x2><x3>0.4706</x3><x4>0.120328</x4><x5>0.184805</x5><x6>0.694867</x6><x7>2.92615031552789</x7></dataPoint>
    </dataGroup>
</experiment>
