<experiment>
    <fileAuthor>Chemical Kinetics Laboratory, Institute of Chemistry, ELTE, Budapest, Hungary</fileAuthor>
    <fileDOI>10.24388/x20004398</fileDOI>
    <fileVersion>
        <major>1</major>
        <minor>0</minor>
    </fileVersion>
    <ReSpecThVersion>
        <major>2</major>
        <minor>3</minor>
    </ReSpecThVersion>
    <firstPublicationDate>2021-10-29</firstPublicationDate>
    <lastModificationDate>2021-10-29</lastModificationDate>
    <bibliographyLink>
        <description>T. Tahtouh, F. Halter, E. Samson, C. Mounaïm-Rousselle, International Journal of Hydrogen Energy 34 (2009), 8329--8338</description>
        <referenceDOI>10.1016/j.ijhydene.2009.07.071</referenceDOI>
        <location>Main article</location>
        <figure>Fig.8., open square</figure>
        <details>
            <author>T. Tahtouh and F. Halter and E. Samson and C. Mounaïm-Rousselle</author>
            <journal>International Journal of Hydrogen Energy</journal>
            <month>oct</month>
            <number>19</number>
            <pages>8329--8338</pages>
            <publisher>Elsevier {BV}</publisher>
            <title>Effects of hydrogen addition and nitrogen dilution on the laminar flame characteristics of premixed methane{\textendash}air flames</title>
            <volume>34</volume>
            <year>2009</year>
        </details>
    </bibliographyLink>
    <experimentType>laminar burning velocity measurement</experimentType>
    <apparatus>
        <kind>flame</kind>
        <mode>premixed</mode>
        <mode>laminar</mode>
    </apparatus>
    <commonProperties>
        <property name="pressure"     label="P"  sourcetype="reported"  units="Pa" ><value>0.1e+006</value></property>
        <property name="temperature"  label="T"  sourcetype="reported"  units="K"  ><value>300</value></property>
    </commonProperties>
    <dataGroup id="dg1">
        <property name="laminar burning velocity"      id="x1"   label="Sl"     sourcetype="digitized"   units="m/s"           />
        <property name="composition"                   id="x2"   label="[CH4]"  sourcetype="calculated"  units="mole fraction" >
            <speciesLink preferredKey="CH4"  CAS="74-82-8"    InChI="1S/CH4/h1H4"  SMILES="C"     chemName="methane"  />
        </property>
        <property name="composition"                   id="x3"   label="[O2]"   sourcetype="calculated"  units="mole fraction" >
            <speciesLink preferredKey="O2"   CAS="7782-44-7"  InChI="1S/O2/c1-2"   SMILES="O=O"   chemName="oxygen"   />
        </property>
        <property name="composition"                   id="x4"   label="[N2]"   sourcetype="calculated"  units="mole fraction" >
            <speciesLink preferredKey="N2"   CAS="7727-37-9"  InChI="1S/N2/c1-2"   SMILES="N#N"   chemName="nitrogen" />
        </property>
        <property name="composition"                   id="x5"   label="[H2]"   sourcetype="calculated"  units="mole fraction" >
            <speciesLink preferredKey="H2"   CAS="1333-74-0"  InChI="1S/H2/h1H"    SMILES="[HH]"  chemName="hydrogen" />
        </property>
        <property name="evaluated standard deviation"  id="x6"   sourcetype="estimated"   units="cm/s"           reference="laminar burning velocity"  kind="absolute"  method="generic uncertainty" />

        <dataPoint><x1>1.534900e-001</x1><x2>7.604563e-002</x2><x3>1.520913e-001</x3><x4>7.718631e-001</x4><x5>0.000000e+000</x5>              <x6>0.5</x6></dataPoint>
        <dataPoint><x1>1.656900e-001</x1><x2>7.342275e-002</x2><x3>1.509273e-001</x3><x4>7.674865e-001</x4><x5>8.163522e-003</x5>              <x6>0.5</x6></dataPoint>
        <dataPoint><x1>1.697600e-001</x1><x2>7.197588e-002</x2><x3>1.502852e-001</x3><x4>7.650722e-001</x4><x5>1.266677e-002</x5>              <x6>0.5</x6></dataPoint>
        <dataPoint><x1>1.819600e-001</x1><x2>7.036897e-002</x2><x3>1.495720e-001</x3><x4>7.623908e-001</x4><x5>1.766818e-002</x5>              <x6>0.5</x6></dataPoint>
        <dataPoint><x1>1.996400e-001</x1><x2>6.680047e-002</x2><x3>1.479884e-001</x3><x4>7.564363e-001</x4><x5>2.877487e-002</x5><x6>0.538948848645212</x6></dataPoint>
    </dataGroup>
</experiment>
