<experiment>
    <fileAuthor>Chemical Kinetics Laboratory, Institute of Chemistry, ELTE, Budapest, Hungary</fileAuthor>
    <fileDOI>10.24388/x20004551</fileDOI>
    <fileVersion>
        <major>1</major>
        <minor>0</minor>
    </fileVersion>
    <ReSpecThVersion>
        <major>2</major>
        <minor>3</minor>
    </ReSpecThVersion>
    <firstPublicationDate>2021-10-29</firstPublicationDate>
    <lastModificationDate>2021-10-29</lastModificationDate>
    <bibliographyLink>
        <description>X. Cai, J. Wang, W. Zhang, Y. Xie, M. Zhang, Z. Huang, Fuel 184 (2016), 466--473</description>
        <referenceDOI>10.1016/j.fuel.2016.07.011</referenceDOI>
        <location>Main article</location>
        <figure>Fig. 3. (a), blue triangle</figure>
        <details>
            <author>Cai, Xiao and Wang, Jinhua and Zhang, Weijie and Xie, Yongliang and Zhang, Meng and Huang, Zuohua</author>
            <journal>Fuel</journal>
            <pages>466--473</pages>
            <title>Effects of oxygen enrichment on laminar burning velocities and Markstein lengths of {CH}$_{4}$/{O}$_{2}$/{N}$_{2}$ flames at elevated pressures</title>
            <volume>184</volume>
            <year>2016</year>
        </details>
    </bibliographyLink>
    <experimentType>laminar burning velocity measurement</experimentType>
    <apparatus>
        <kind>flame</kind>
        <mode>premixed</mode>
        <mode>laminar</mode>
        <mode>OPF</mode>
    </apparatus>
    <commonProperties>
        <property name="temperature"  label="T"    sourcetype="reported"  units="K"   ><value>353</value></property>
        <property name="uncertainty"  label="d_T"  sourcetype="reported"  units="K"    reference="temperature"  kind="absolute"  bound="plusminus" ><value>3</value></property>
        <property name="pressure"     label="p"    sourcetype="reported"  units="MPa" ><value>0.1</value></property>
        <property name="uncertainty"  label="d_p"  sourcetype="reported"  units="kPa"  reference="pressure"     kind="absolute"  bound="plusminus" ><value>3</value></property>
    </commonProperties>
    <dataGroup id="dg1">
        <property name="equivalence ratio"             id="x1"   label="phi"    sourcetype="digitized"   units="unitless"      />
        <property name="laminar burning velocity"      id="x2"   label="Sl"     sourcetype="digitized"   units="cm/s"          />
        <property name="composition"                   id="x3"   label="[CH4]"  sourcetype="calculated"  units="mole fraction" >
            <speciesLink preferredKey="CH4"  CAS="74-82-8"    InChI="1S/CH4/h1H4"  SMILES="C"    chemName="methane"  />
        </property>
        <property name="composition"                   id="x4"   label="[O2]"   sourcetype="calculated"  units="mole fraction" >
            <speciesLink preferredKey="O2"   CAS="7782-44-7"  InChI="1S/O2/c1-2"   SMILES="O=O"  chemName="oxygen"   />
        </property>
        <property name="composition"                   id="x5"   label="[N2]"   sourcetype="calculated"  units="mole fraction" >
            <speciesLink preferredKey="N2"   CAS="7727-37-9"  InChI="1S/N2/c1-2"   SMILES="N#N"  chemName="nitrogen" />
        </property>
        <property name="evaluated standard deviation"  id="x6"   sourcetype="estimated"   units="cm/s"           reference="laminar burning velocity"  kind="absolute"  method="combined from scatter and reported uncertainty" />

        <dataPoint><x1>0.499713</x1><x2>65.9331</x2><x3>0.0908617</x3><x4>0.3636553</x4><x5>0.5454830</x5><x6>5.38797076719056</x6></dataPoint>
        <dataPoint><x1>0.601146</x1> <x2>100.44</x2><x3>0.1073255</x3><x4>0.3570698</x4><x5>0.5356047</x5> <x6>6.2389302703348</x6></dataPoint>
        <dataPoint> <x1>0.70086</x1><x2>126.937</x2><x3>0.1229393</x3><x4>0.3508243</x4><x5>0.5262364</x5><x6>7.97786168268791</x6></dataPoint>
        <dataPoint><x1>0.800573</x1><x2>144.806</x2><x3>0.1380162</x3><x4>0.3447935</x4><x5>0.5171903</x5><x6>4.55955963094026</x6></dataPoint>
        <dataPoint><x1>0.900287</x1><x2>161.444</x2><x3>0.1525836</x3><x4>0.3389666</x4><x5>0.5084498</x5><x6>5.38834149141459</x6></dataPoint>
        <dataPoint>       <x1>1</x1><x2>165.757</x2><x3>0.1666667</x3><x4>0.3333333</x4><x5>0.5000000</x5><x6>4.55955963094026</x6></dataPoint>
        <dataPoint> <x1>1.10143</x1><x2>168.838</x2><x3>0.1805200</x3><x4>0.3277920</x4><x5>0.4916880</x5><x6>4.15672335236542</x6></dataPoint>
        <dataPoint> <x1>1.20115</x1><x2>157.746</x2><x3>0.1936979</x3><x4>0.3225208</x4><x5>0.4837812</x5><x6>3.39328219105044</x6></dataPoint>
        <dataPoint> <x1>1.30086</x1><x2>147.887</x2><x3>0.2064575</x3><x4>0.3174170</x4><x5>0.4761255</x5><x6>4.55866351336662</x6></dataPoint>
        <dataPoint> <x1>1.40057</x1><x2>132.482</x2><x3>0.2188196</x3><x4>0.3124722</x4><x5>0.4687083</x5> <x6>4.9704917290043</x6></dataPoint>
        <dataPoint> <x1>1.50029</x1><x2>102.289</x2><x3>0.2308035</x3><x4>0.3076786</x4><x5>0.4615179</x5><x6>5.81161698910896</x6></dataPoint>
    </dataGroup>
    <comment>CH4, O2 and N2 mole fractions were estimated using phi, O2 mole fraction - E(O2)=0.4 - in air.</comment>
</experiment>
