<experiment>
    <fileAuthor>Chemical Kinetics Laboratory, Institute of Chemistry, ELTE, Budapest, Hungary</fileAuthor>
    <fileDOI>10.24388/x20004469</fileDOI>
    <fileVersion>
        <major>1</major>
        <minor>0</minor>
    </fileVersion>
    <ReSpecThVersion>
        <major>2</major>
        <minor>3</minor>
    </ReSpecThVersion>
    <firstPublicationDate>2021-10-29</firstPublicationDate>
    <lastModificationDate>2021-10-29</lastModificationDate>
    <bibliographyLink>
        <description>G.E. Andrews, D. Bradley, Combustion and Flame 20 (1973), 77--89</description>
        <referenceDOI>10.1016/S0010-2180(73)81259-3</referenceDOI>
        <location>Main article</location>
        <figure>Fig.11., open circle</figure>
        <details>
            <author>G.E. Andrews and D. Bradley</author>
            <journal>Combustion and Flame</journal>
            <month>feb</month>
            <number>1</number>
            <pages>77--89</pages>
            <publisher>Elsevier {BV}</publisher>
            <title>Determination of burning velocity by double ignition in a closed vessel</title>
            <volume>20</volume>
            <year>1973</year>
        </details>
    </bibliographyLink>
    <experimentType>laminar burning velocity measurement</experimentType>
    <apparatus>
        <kind>flame</kind>
        <mode>premixed</mode>
        <mode>laminar</mode>
    </apparatus>
    <commonProperties>
        <property name="temperature"          label="T"  sourcetype="reported"    units="K"             ><value>298</value></property>
        <property name="initial composition"  sourcetype="calculated" >
            <component><speciesLink preferredKey="CH4"  CAS="74-82-8"    InChI="1S/CH4/h1H4"  SMILES="C"    chemName="methane"  /><amount units="mole fraction" >0.1</amount></component>
            <component><speciesLink preferredKey="O2"   CAS="7782-44-7"  InChI="1S/O2/c1-2"   SMILES="O=O"  chemName="oxygen"   /><amount units="mole fraction" >0.189</amount></component>
            <component><speciesLink preferredKey="N2"   CAS="7727-37-9"  InChI="1S/N2/c1-2"   SMILES="N#N"  chemName="nitrogen" /><amount units="mole fraction" >0.711</amount></component>
        </property>
    </commonProperties>
    <dataGroup id="dg1">
        <property name="pressure"                      id="x1"   label="P"   sourcetype="digitized"  units="atm"  />
        <property name="laminar burning velocity"      id="x2"   label="Sl"  sourcetype="digitized"  units="cm/s" />
        <property name="evaluated standard deviation"  id="x3"   sourcetype="estimated"  units="cm/s"  reference="laminar burning velocity"  kind="absolute"  method="combined from scatter and reported uncertainty" />

        <dataPoint><x1>9.970800e-002</x1><x2>1.153374e+002</x2><x3>9.89323979481065</x3></dataPoint>
        <dataPoint><x1>1.504490e-001</x1><x2>1.206174e+002</x2><x3>9.93251450930856</x3></dataPoint>
        <dataPoint><x1>2.003600e-001</x1><x2>1.146146e+002</x2><x3>9.88798831014808</x3></dataPoint>
        <dataPoint><x1>2.467910e-001</x1><x2>8.215614e+001</x2><x3>9.68403406776909</x3></dataPoint>
        <dataPoint><x1>2.464790e-001</x1><x2>9.950617e+001</x2><x3>9.78521435155833</x3></dataPoint>
        <dataPoint><x1>4.931280e-001</x1><x2>6.280728e+001</x2><x3>9.59309479529542</x3></dataPoint>
        <dataPoint><x1>7.359870e-001</x1><x2>5.418761e+001</x2><x3>9.56018733665011</x3></dataPoint>
        <dataPoint><x1>9.930470e-001</x1><x2>4.502047e+001</x2><x3>9.53041305179309</x3></dataPoint>
        <dataPoint><x1>1.472790e+000</x1><x2>3.311845e+001</x2><x3>9.49986926593738</x3></dataPoint>
        <dataPoint><x1>1.480680e+000</x1><x2>3.961229e+001</x2><x3>9.51539303906058</x3></dataPoint>
        <dataPoint><x1>1.985090e+000</x1><x2>3.667752e+001</x2><x3>9.50803720723915</x3></dataPoint>
        <dataPoint><x1>2.963130e+000</x1><x2>2.732247e+001</x2><x3>9.48833861077444</x3></dataPoint>
    </dataGroup>
</experiment>
