<experiment>
    <fileAuthor>Chemical Kinetics Laboratory, Institute of Chemistry, ELTE, Budapest, Hungary</fileAuthor>
    <fileDOI>10.24388/x20004097</fileDOI>
    <fileVersion>
        <major>1</major>
        <minor>0</minor>
    </fileVersion>
    <ReSpecThVersion>
        <major>2</major>
        <minor>3</minor>
    </ReSpecThVersion>
    <firstPublicationDate>2021-10-29</firstPublicationDate>
    <lastModificationDate>2021-10-29</lastModificationDate>
    <bibliographyLink>
        <description>O. Park, P.S. Veloo, N. Liu, F.N. Egolfopoulos, Proceedings of the Combustion Institute 33 (2011), 887-894</description>
        <referenceDOI>10.1016/j.proci.2010.06.116</referenceDOI>
        <location>Main article, Fig. 7a, full diamond</location>
        <figure>Figure 7a</figure>
        <details>
            <author>Okjoo Park and Peter S. Veloo and Ning Liu and Fokion N. Egolfopoulos</author>
            <journal>Proceedings of the Combustion Institute</journal>
            <number>1</number>
            <pages>887-894</pages>
            <title>Combustion characteristics of alternative gaseous fuels</title>
            <volume>33</volume>
            <year>2011</year>
        </details>
    </bibliographyLink>
    <experimentType>laminar burning velocity measurement</experimentType>
    <apparatus>
        <kind>flame</kind>
        <mode>premixed</mode>
        <mode>laminar</mode>
    </apparatus>
    <commonProperties>
        <property name="pressure"                      label="P"  sourcetype="reported"   units="atm"  ><value>4</value></property>
        <property name="temperature"                   label="T"  sourcetype="reported"   units="K"    ><value>298</value></property>
        <property name="evaluated standard deviation"  sourcetype="estimated"  units="cm/s"  reference="laminar burning velocity"  kind="absolute"  method="combined from scatter and reported uncertainty" ><value>0.603733529982392</value></property>
    </commonProperties>
    <dataGroup id="dg1">
        <property name="laminar burning velocity"  id="x1"   label="Sl"     sourcetype="digitized"  units="cm/s"          />
        <property name="composition"               id="x2"   label="[CH4]"  sourcetype="digitized"  units="mole fraction" >
            <speciesLink preferredKey="CH4"  CAS="74-82-8"    InChI="1S/CH4/h1H4"  SMILES="C"    chemName="methane"  />
        </property>
        <property name="composition"               id="x3"   label="[O2]"   sourcetype="digitized"  units="mole fraction" >
            <speciesLink preferredKey="O2"   CAS="7782-44-7"  InChI="1S/O2/c1-2"   SMILES="O=O"  chemName="oxygen"   />
        </property>
        <property name="composition"               id="x4"   label="[N2]"   sourcetype="digitized"  units="mole fraction" >
            <speciesLink preferredKey="N2"   CAS="7727-37-9"  InChI="1S/N2/c1-2"   SMILES="N#N"  chemName="nitrogen" />
        </property>

        <dataPoint><x1>6.525200e+000</x1><x2>6.445242e-002</x2><x3>1.984495e-001</x3><x4>7.370981e-001</x4></dataPoint>
        <dataPoint><x1>9.156500e+000</x1><x2>6.909396e-002</x2><x3>1.974649e-001</x3><x4>7.334411e-001</x4></dataPoint>
        <dataPoint><x1>1.168170e+001</x1><x2>7.359957e-002</x2><x3>1.965092e-001</x3><x4>7.298912e-001</x4></dataPoint>
        <dataPoint><x1>1.527851e+001</x1><x2>7.806447e-002</x2><x3>1.955621e-001</x3><x4>7.263734e-001</x4></dataPoint>
        <dataPoint><x1>2.014854e+001</x1><x2>8.700522e-002</x2><x3>1.936656e-001</x3><x4>7.193292e-001</x4></dataPoint>
        <dataPoint><x1>2.215385e+001</x1><x2>9.600917e-002</x2><x3>1.917556e-001</x3><x4>7.122352e-001</x4></dataPoint>
        <dataPoint><x1>2.168700e+001</x1><x2>1.045431e-001</x2><x3>1.899454e-001</x3><x4>7.055115e-001</x4></dataPoint>
        <dataPoint><x1>1.682759e+001</x1><x2>1.130451e-001</x2><x3>1.881420e-001</x3><x4>6.988130e-001</x4></dataPoint>
    </dataGroup>
</experiment>
