<experiment>
    <fileAuthor>Chemical Kinetics Laboratory, Institute of Chemistry, ELTE, Budapest, Hungary</fileAuthor>
    <fileDOI>10.24388/x20004512</fileDOI>
    <fileVersion>
        <major>1</major>
        <minor>0</minor>
    </fileVersion>
    <ReSpecThVersion>
        <major>2</major>
        <minor>3</minor>
    </ReSpecThVersion>
    <firstPublicationDate>2021-10-29</firstPublicationDate>
    <lastModificationDate>2021-10-29</lastModificationDate>
    <bibliographyLink>
        <description>E. Hu, X. Li, X. Meng, Y. Chen, Y. Cheng, Y. Xie, Z. Huang, Fuel 158 (2015), 1--10</description>
        <referenceDOI>10.1016/j.fuel.2015.05.010</referenceDOI>
        <location>Main article, main text, Fig. 1.d, solid black triangle</location>
        <figure>Main article, Fig. 1.d, solid black triangle</figure>
        <details>
            <author>Hu, Erjiang and Li, Xiaotian and Meng, Xin and Chen, Yizhen and Cheng, Yu and Xie, Yongliang and Huang, Zuohua</author>
            <journal>Fuel</journal>
            <pages>1--10</pages>
            <title>Laminar flame speeds and ignition delay times of methane–air mixtures at elevated temperatures and pressures</title>
            <volume>158</volume>
            <year>2015</year>
        </details>
    </bibliographyLink>
    <experimentType>laminar burning velocity measurement</experimentType>
    <apparatus>
        <kind>flame</kind>
        <mode>premixed</mode>
        <mode>laminar</mode>
        <mode>OPF</mode>
    </apparatus>
    <commonProperties>
        <property name="temperature"  label="T"  sourcetype="reported"  units="K"   ><value>443</value></property>
        <property name="pressure"     label="p"  sourcetype="reported"  units="MPa" ><value>0.1</value></property>
    </commonProperties>
    <dataGroup id="dg1">
        <property name="equivalence ratio"             id="x1"   label="phi"    sourcetype="digitized"  units="unitless"      />
        <property name="laminar burning velocity"      id="x2"   label="Sl"     sourcetype="digitized"  units="cm/s"          />
        <property name="uncertainty"                   id="x3"   label="d_Sl"   sourcetype="estimated"  units="cm/s"           reference="laminar burning velocity"  kind="absolute"  bound="plus"  />
        <property name="uncertainty"                   id="x4"   label="d_Sl"   sourcetype="estimated"  units="cm/s"           reference="laminar burning velocity"  kind="absolute"  bound="minus" />
        <property name="composition"                   id="x5"   label="[CH4]"  sourcetype="estimated"  units="mole fraction" >
            <speciesLink preferredKey="CH4"  CAS="74-82-8"    InChI="1S/CH4/h1H4"  SMILES="C"    chemName="methane"  />
        </property>
        <property name="composition"                   id="x6"   label="[O2]"   sourcetype="estimated"  units="mole fraction" >
            <speciesLink preferredKey="O2"   CAS="7782-44-7"  InChI="1S/O2/c1-2"   SMILES="O=O"  chemName="oxygen"   />
        </property>
        <property name="composition"                   id="x7"   label="[N2]"   sourcetype="estimated"  units="mole fraction" >
            <speciesLink preferredKey="N2"   CAS="7727-37-9"  InChI="1S/N2/c1-2"   SMILES="N#N"  chemName="nitrogen" />
        </property>
        <property name="evaluated standard deviation"  id="x8"   sourcetype="estimated"  units="cm/s"           reference="laminar burning velocity"  kind="absolute"  method="combined from scatter and estimated uncertainty" />

        <dataPoint><x1>0.700247</x1><x2>34.79135</x2><x3>0.73455</x3><x4>0.73455</x4><x5>0.06849</x5><x6>0.19562</x6><x7>0.73589</x7><x8>1.83209616360093</x8></dataPoint>
        <dataPoint><x1>0.800371</x1><x2>48.34725</x2><x3>0.66775</x3><x4>0.66775</x4><x5>0.07752</x5><x6>0.19372</x6><x7>0.72876</x7><x8>2.48477820379028</x8></dataPoint>
        <dataPoint><x1>0.900494</x1> <x2>59.9666</x2>      <x3>0</x3>      <x4>0</x4><x5>0.08638</x5><x6>0.19186</x6><x7>0.72176</x7><x8>3.05294350660555</x8></dataPoint>
        <dataPoint> <x1>1.00062</x1> <x2>64.9082</x2>      <x3>0</x3>      <x4>0</x4><x5>0.09508</x5><x6>0.19003</x6><x7>0.71489</x7><x8>3.29593193705892</x8></dataPoint>
        <dataPoint> <x1>1.10074</x1><x2>67.17865</x2><x3>1.60265</x3><x4>1.60265</x4><x5>0.10360</x5><x6>0.18824</x6><x7>0.70815</x7><x8>3.40777182410754</x8></dataPoint>
        <dataPoint> <x1>1.20087</x1><x2>63.17195</x2><x3>0.26715</x3><x4>0.26715</x4><x5>0.11197</x5><x6>0.18649</x6><x7>0.70154</x7><x8>3.21048585616434</x8></dataPoint>
        <dataPoint> <x1>1.30099</x1> <x2>51.9533</x2> <x3>1.7362</x3> <x4>2.1369</x4><x5>0.12019</x5><x6>0.18476</x6><x7>0.69505</x7><x8>2.66051587438414</x8></dataPoint>
        <dataPoint> <x1>1.40111</x1><x2>33.45575</x2><x3>1.26875</x3><x4>1.26875</x4><x5>0.12825</x5><x6>0.18307</x6><x7>0.68868</x7><x8>1.76881295952434</x8></dataPoint>
    </dataGroup>
    <comment>Mole fractions were calculated from phi and N2:O2 volume ratio of air. Sl data by non-linear method.</comment>
</experiment>
