<experiment>
    <fileAuthor>Chemical Kinetics Laboratory, Institute of Chemistry, ELTE, Budapest, Hungary</fileAuthor>
    <fileDOI>10.24388/x20004058</fileDOI>
    <fileVersion>
        <major>1</major>
        <minor>0</minor>
    </fileVersion>
    <ReSpecThVersion>
        <major>2</major>
        <minor>3</minor>
    </ReSpecThVersion>
    <firstPublicationDate>2021-10-29</firstPublicationDate>
    <lastModificationDate>2021-10-29</lastModificationDate>
    <bibliographyLink>
        <description>E. Hu, Z. Huang, J. He, C. Jin, J. Zheng, Int J Hydrogen Energy 34 (2009), 4876--4888</description>
        <referenceDOI>10.1016/j.ijhydene.2009.03.058</referenceDOI>
        <location>Main article, Fig. 10a, blue reverse triangle</location>
        <figure>Figure 10a</figure>
        <details>
            <author>Hu, Erjiang and Huang, Zuohua and He, Jiajia and Jin, Chun and Zheng, Jianjun</author>
            <journal>Int J Hydrogen Energy</journal>
            <number>11</number>
            <pages>4876--4888</pages>
            <title>Experimental and numerical study on laminar burning characteristics of premixed methane--hydrogen--air flames</title>
            <volume>34</volume>
            <year>2009</year>
        </details>
    </bibliographyLink>
    <experimentType>laminar burning velocity measurement</experimentType>
    <apparatus>
        <kind>flame</kind>
        <mode>premixed</mode>
        <mode>laminar</mode>
    </apparatus>
    <commonProperties>
        <property name="pressure"     label="P"  sourcetype="reported"  units="Pa" ><value>0.1e+006</value></property>
        <property name="temperature"  label="T"  sourcetype="reported"  units="K"  ><value>303</value></property>
    </commonProperties>
    <dataGroup id="dg1">
        <property name="laminar burning velocity"      id="x1"   label="Sl"     sourcetype="digitized"  units="m/s"           />
        <property name="composition"                   id="x2"   label="[CH4]"  sourcetype="digitized"  units="mole fraction" >
            <speciesLink preferredKey="CH4"  CAS="74-82-8"    InChI="1S/CH4/h1H4"  SMILES="C"     chemName="methane"  />
        </property>
        <property name="composition"                   id="x3"   label="[O2]"   sourcetype="digitized"  units="mole fraction" >
            <speciesLink preferredKey="O2"   CAS="7782-44-7"  InChI="1S/O2/c1-2"   SMILES="O=O"   chemName="oxygen"   />
        </property>
        <property name="composition"                   id="x4"   label="[N2]"   sourcetype="digitized"  units="mole fraction" >
            <speciesLink preferredKey="N2"   CAS="7727-37-9"  InChI="1S/N2/c1-2"   SMILES="N#N"   chemName="nitrogen" />
        </property>
        <property name="composition"                   id="x5"   label="[H2]"   sourcetype="digitized"  units="mole fraction" >
            <speciesLink preferredKey="H2"   CAS="1333-74-0"  InChI="1S/H2/h1H"    SMILES="[HH]"  chemName="hydrogen" />
        </property>
        <property name="evaluated standard deviation"  id="x6"   sourcetype="estimated"  units="cm/s"           reference="laminar burning velocity"  kind="absolute"  method="combined from scatter and reported uncertainty" />

        <dataPoint><x1>1.789700e-001</x1><x2>5.269832e-002</x2><x3>1.942682e-001</x3><x4>7.304485e-001</x4><x5>2.258500e-002</x5><x6>2.18485641914154</x6></dataPoint>
        <dataPoint><x1>2.962600e-001</x1><x2>6.070131e-002</x2><x3>1.918664e-001</x3><x4>7.214175e-001</x4><x5>2.601485e-002</x5><x6>2.98263436562311</x6></dataPoint>
        <dataPoint><x1>3.691600e-001</x1><x2>6.851346e-002</x2><x3>1.895218e-001</x3><x4>7.126019e-001</x4><x5>2.936291e-002</x5><x6>3.53324809860219</x6></dataPoint>
        <dataPoint><x1>4.433200e-001</x1><x2>7.612343e-002</x2><x3>1.872379e-001</x3><x4>7.040144e-001</x4><x5>3.262433e-002</x5><x6>4.11584647779822</x6></dataPoint>
        <dataPoint><x1>5.153300e-001</x1><x2>8.356614e-002</x2><x3>1.850042e-001</x3><x4>6.956156e-001</x4><x5>3.581406e-002</x5><x6>4.69529844997568</x6></dataPoint>
        <dataPoint><x1>5.374300e-001</x1><x2>9.076294e-002</x2><x3>1.828443e-001</x3><x4>6.874944e-001</x4><x5>3.889840e-002</x5><x6>4.87509800911777</x6></dataPoint>
        <dataPoint><x1>4.864500e-001</x1><x2>9.794879e-002</x2><x3>1.806876e-001</x3><x4>6.793855e-001</x4><x5>4.197805e-002</x5><x6>4.46162086208588</x6></dataPoint>
        <dataPoint><x1>3.336900e-001</x1><x2>1.048334e-001</x2><x3>1.786214e-001</x3><x4>6.716166e-001</x4><x5>4.492859e-002</x5><x6>3.26190323382776</x6></dataPoint>
    </dataGroup>
</experiment>
