<experiment>
    <fileAuthor>Chemical Kinetics Laboratory, Institute of Chemistry, ELTE, Budapest, Hungary</fileAuthor>
    <fileDOI>10.24388/x20004197</fileDOI>
    <fileVersion>
        <major>1</major>
        <minor>0</minor>
    </fileVersion>
    <ReSpecThVersion>
        <major>2</major>
        <minor>3</minor>
    </ReSpecThVersion>
    <firstPublicationDate>2021-10-29</firstPublicationDate>
    <lastModificationDate>2021-10-29</lastModificationDate>
    <bibliographyLink>
        <description>C. Uykur, International Journal of Hydrogen Energy 26 (2001), 265--273</description>
        <referenceDOI>10.1016/S0360-3199(00)00068-9</referenceDOI>
        <location>Fig. 2 full circle, Table 4</location>
        <table>Table 4</table>
        <figure>Fig. 2</figure>
        <details>
            <author>C Uykur</author>
            <journal>International Journal of Hydrogen Energy</journal>
            <month>mar</month>
            <number>3</number>
            <pages>265--273</pages>
            <publisher>Elsevier {BV}</publisher>
            <title>Effects of addition of electrolysis products on methane/air premixed laminar combustion</title>
            <volume>26</volume>
            <year>2001</year>
        </details>
    </bibliographyLink>
    <experimentType>laminar burning velocity measurement</experimentType>
    <apparatus>
        <kind>flame</kind>
        <mode>premixed</mode>
        <mode>laminar</mode>
    </apparatus>
    <commonProperties>
        <property name="pressure"     label="P"  sourcetype="reported"  units="atm" ><value>1</value></property>
        <property name="temperature"  label="T"  sourcetype="reported"  units="K"   ><value>298</value></property>
    </commonProperties>
    <dataGroup id="dg1">
        <property name="laminar burning velocity"      id="x1"   label="Sl"     sourcetype="digitized"  units="cm/s"          />
        <property name="composition"                   id="x2"   label="[CH4]"  sourcetype="reported"   units="mole fraction" >
            <speciesLink preferredKey="CH4"  CAS="74-82-8"    InChI="1S/CH4/h1H4"  SMILES="C"     chemName="methane"  />
        </property>
        <property name="composition"                   id="x3"   label="[O2]"   sourcetype="reported"   units="mole fraction" >
            <speciesLink preferredKey="O2"   CAS="7782-44-7"  InChI="1S/O2/c1-2"   SMILES="O=O"   chemName="oxygen"   />
        </property>
        <property name="composition"                   id="x4"   label="[N2]"   sourcetype="reported"   units="mole fraction" >
            <speciesLink preferredKey="N2"   CAS="7727-37-9"  InChI="1S/N2/c1-2"   SMILES="N#N"   chemName="nitrogen" />
        </property>
        <property name="composition"                   id="x5"   label="[H2]"   sourcetype="reported"   units="mole fraction" >
            <speciesLink preferredKey="H2"   CAS="1333-74-0"  InChI="1S/H2/h1H"    SMILES="[HH]"  chemName="hydrogen" />
        </property>
        <property name="evaluated standard deviation"  id="x6"   sourcetype="estimated"  units="cm/s"           reference="laminar burning velocity"  kind="absolute"  method="combined from scatter and estimated uncertainty" />

        <dataPoint><x1>5.422860e+000</x1><x2>5.015221e-002</x2><x3>2.002347e-001</x3><x4>7.458982e-001</x4><x5>3.714979e-003</x5><x6>1.33004096874833</x6></dataPoint>
        <dataPoint><x1>1.331876e+001</x1><x2>5.723097e-002</x2><x3>1.988445e-001</x3><x4>7.396852e-001</x4><x5>4.239331e-003</x5><x6>1.46251969967724</x6></dataPoint>
        <dataPoint><x1>2.235194e+001</x1><x2>6.626516e-002</x2><x3>1.970702e-001</x3><x4>7.317561e-001</x4><x5>4.908530e-003</x5><x6>1.71595848041525</x6></dataPoint>
        <dataPoint><x1>3.147062e+001</x1><x2>7.502014e-002</x2><x3>1.953509e-001</x3><x4>7.240720e-001</x4><x5>5.557048e-003</x5><x6>2.04242264481693</x6></dataPoint>
        <dataPoint><x1>3.903747e+001</x1><x2>8.359316e-002</x2><x3>1.936672e-001</x3><x4>7.165476e-001</x4><x5>6.192086e-003</x5><x6>2.34633770205873</x6></dataPoint>
        <dataPoint><x1>4.421259e+001</x1><x2>9.190663e-002</x2><x3>1.920345e-001</x3><x4>7.092510e-001</x4><x5>6.807898e-003</x5><x6>2.56561361829295</x6></dataPoint>
        <dataPoint><x1>4.486045e+001</x1><x2>9.996931e-002</x2><x3>1.904511e-001</x3><x4>7.021745e-001</x4><x5>7.405134e-003</x5><x6>2.59357675568051</x6></dataPoint>
        <dataPoint><x1>4.008384e+001</x1><x2>1.081149e-001</x2><x3>1.888514e-001</x3><x4>6.950252e-001</x4><x5>8.008510e-003</x5><x6>2.39003682502258</x6></dataPoint>
        <dataPoint><x1>2.905744e+001</x1><x2>1.158597e-001</x2><x3>1.873304e-001</x3><x4>6.882277e-001</x4><x5>8.582201e-003</x5>  <x6>1.950981163539</x6></dataPoint>
        <dataPoint><x1>1.786005e+001</x1><x2>1.236089e-001</x2><x3>1.858085e-001</x3><x4>6.814263e-001</x4><x5>9.156217e-003</x5><x6>1.57890592408359</x6></dataPoint>
    </dataGroup>
</experiment>
