<experiment>
    <fileAuthor>Chemical Kinetics Laboratory, Institute of Chemistry, ELTE, Budapest, Hungary</fileAuthor>
    <fileDOI>10.24388/x20004508</fileDOI>
    <fileVersion>
        <major>1</major>
        <minor>0</minor>
    </fileVersion>
    <ReSpecThVersion>
        <major>2</major>
        <minor>3</minor>
    </ReSpecThVersion>
    <firstPublicationDate>2021-10-29</firstPublicationDate>
    <lastModificationDate>2021-10-29</lastModificationDate>
    <bibliographyLink>
        <description>E. Hu, X. Li, X. Meng, Y. Chen, Y. Cheng, Y. Xie, Z. Huang, Fuel 158 (2015), 1--10</description>
        <referenceDOI>10.1016/j.fuel.2015.05.010</referenceDOI>
        <location>Main article, main text, Fig. 1.c, empty black star</location>
        <figure>Main article, Fig. 1.c, empty black star, Fig. 1.d, empty black circle (not used)</figure>
        <details>
            <author>Hu, Erjiang and Li, Xiaotian and Meng, Xin and Chen, Yizhen and Cheng, Yu and Xie, Yongliang and Huang, Zuohua</author>
            <journal>Fuel</journal>
            <pages>1--10</pages>
            <title>Laminar flame speeds and ignition delay times of methane–air mixtures at elevated temperatures and pressures</title>
            <volume>158</volume>
            <year>2015</year>
        </details>
    </bibliographyLink>
    <experimentType>laminar burning velocity measurement</experimentType>
    <apparatus>
        <kind>flame</kind>
        <mode>premixed</mode>
        <mode>laminar</mode>
        <mode>OPF</mode>
    </apparatus>
    <commonProperties>
        <property name="temperature"  label="T"  sourcetype="reported"  units="K"   ><value>373</value></property>
        <property name="pressure"     label="p"  sourcetype="reported"  units="MPa" ><value>0.1</value></property>
    </commonProperties>
    <dataGroup id="dg1">
        <property name="equivalence ratio"             id="x1"   label="phi"    sourcetype="digitized"  units="unitless"      />
        <property name="laminar burning velocity"      id="x2"   label="Sl"     sourcetype="digitized"  units="cm/s"          />
        <property name="uncertainty"                   id="x3"   label="d_Sl"   sourcetype="estimated"  units="cm/s"           reference="laminar burning velocity"  kind="absolute"  bound="plus"  />
        <property name="uncertainty"                   id="x4"   label="d_Sl"   sourcetype="estimated"  units="cm/s"           reference="laminar burning velocity"  kind="absolute"  bound="minus" />
        <property name="composition"                   id="x5"   label="[CH4]"  sourcetype="estimated"  units="mole fraction" >
            <speciesLink preferredKey="CH4"  CAS="74-82-8"    InChI="1S/CH4/h1H4"  SMILES="C"    chemName="methane"  />
        </property>
        <property name="composition"                   id="x6"   label="[O2]"   sourcetype="estimated"  units="mole fraction" >
            <speciesLink preferredKey="O2"   CAS="7782-44-7"  InChI="1S/O2/c1-2"   SMILES="O=O"  chemName="oxygen"   />
        </property>
        <property name="composition"                   id="x7"   label="[N2]"   sourcetype="estimated"  units="mole fraction" >
            <speciesLink preferredKey="N2"   CAS="7727-37-9"  InChI="1S/N2/c1-2"   SMILES="N#N"  chemName="nitrogen" />
        </property>
        <property name="evaluated standard deviation"  id="x8"   sourcetype="estimated"  units="cm/s"           reference="laminar burning velocity"  kind="absolute"  method="combined from scatter and estimated uncertainty" />

        <dataPoint><x1>0.699896</x1> <x2>23.7131</x2> <x3>0.1688</x3> <x4>0.1688</x4><x5>0.0684582</x5><x6>0.1956238</x6><x7>0.7359181</x7><x8>1.69559338165876</x8></dataPoint>
        <dataPoint><x1>0.799793</x1> <x2>37.2152</x2>      <x3>0</x3>      <x4>0</x4><x5>0.0774723</x5><x6>0.1937308</x6><x7>0.7287969</x7><x8>2.22074017266766</x8></dataPoint>
        <dataPoint><x1>0.899689</x1><x2>44.59915</x2><x3>0.21095</x3><x4>0.21095</x4><x5>0.0863135</x5><x6>0.1918742</x6><x7>0.7218123</x7><x8>2.53810354176228</x8></dataPoint>
        <dataPoint><x1>0.999585</x1> <x2>49.3671</x2>      <x3>0</x3>      <x4>0</x4><x5>0.0949869</x5><x6>0.1900527</x6><x7>0.7149603</x7><x8>2.74991555196246</x8></dataPoint>
        <dataPoint> <x1>1.09948</x1> <x2>54.0506</x2> <x3>0.8017</x3> <x4>0.8017</x4><x5>0.1034971</x5><x6>0.1882656</x6><x7>0.7082373</x7><x8>2.96191281738676</x8></dataPoint>
        <dataPoint> <x1>1.20031</x1><x2>49.15615</x2><x3>0.46415</x3><x4>0.46415</x4><x5>0.1119262</x5><x6>0.1864955</x6><x7>0.7015783</x7><x8>2.74045194155202</x8></dataPoint>
        <dataPoint> <x1>1.30021</x1> <x2>43.2911</x2>      <x3>0</x3>      <x4>0</x4><x5>0.1201227</x5><x6>0.1847742</x6><x7>0.6951031</x7><x8>2.48083806100378</x8></dataPoint>
        <dataPoint>  <x1>1.4001</x1> <x2>32.7426</x2>  <x3>2.616</x3> <x4>1.6034</x4><x5>0.1281684</x5><x6>0.1830846</x6><x7>0.6887470</x7> <x8>2.0370208083866</x8></dataPoint>
    </dataGroup>
    <comment>Mole fractions were calculated from phi and N2:O2 volume ratio in air. Sl data by linear method.</comment>
</experiment>
