<experiment>
    <fileAuthor>Chemical Kinetics Laboratory, Institute of Chemistry, ELTE, Budapest, Hungary</fileAuthor>
    <fileDOI>10.24388/x20004257</fileDOI>
    <fileVersion>
        <major>1</major>
        <minor>0</minor>
    </fileVersion>
    <ReSpecThVersion>
        <major>2</major>
        <minor>3</minor>
    </ReSpecThVersion>
    <firstPublicationDate>2021-10-29</firstPublicationDate>
    <lastModificationDate>2021-10-29</lastModificationDate>
    <bibliographyLink>
        <description>S.P. Sharma, D.D. Agrawal, C.P. Gupta, Symposium (International) on Combustion 18 (1981), 493--501</description>
        <referenceDOI>10.1016/S0082-0784(81)80055-0</referenceDOI>
        <location>Fig. 5b open circle 2 atm, main text</location>
        <figure>Fig. 5b</figure>
        <details>
            <author>S.P. Sharma and D.D. Agrawal and C.P. Gupta</author>
            <journal>Symposium (International) on Combustion</journal>
            <number>1</number>
            <pages>493--501</pages>
            <publisher>Elsevier {BV}</publisher>
            <title>The pressure and temperature dependence of burning velocity in a spherical combustion bomb</title>
            <volume>18</volume>
            <year>1981</year>
        </details>
    </bibliographyLink>
    <experimentType>laminar burning velocity measurement</experimentType>
    <apparatus>
        <kind>flame</kind>
        <mode>premixed</mode>
        <mode>laminar</mode>
    </apparatus>
    <commonProperties>
        <property name="pressure"             label="P"  sourcetype="reported"    units="atm"           ><value>2</value></property>
        <property name="initial composition"  sourcetype="calculated" >
            <component><speciesLink preferredKey="CH4"  CAS="74-82-8"    InChI="1S/CH4/h1H4"  SMILES="C"    chemName="methane"  /><amount units="mole fraction" >0.095890</amount></component>
            <component><speciesLink preferredKey="O2"   CAS="7782-44-7"  InChI="1S/O2/c1-2"   SMILES="O=O"  chemName="oxygen"   /><amount units="mole fraction" >0.19178</amount></component>
            <component><speciesLink preferredKey="N2"   CAS="7727-37-9"  InChI="1S/N2/c1-2"   SMILES="N#N"  chemName="nitrogen" /><amount units="mole fraction" >0.71233</amount></component>
        </property>
    </commonProperties>
    <dataGroup id="dg1">
        <property name="temperature"                   id="x1"   label="T"   sourcetype="digitized"  units="K"    />
        <property name="laminar burning velocity"      id="x2"   label="Sl"  sourcetype="digitized"  units="cm/s" />
        <property name="evaluated standard deviation"  id="x3"   sourcetype="estimated"  units="cm/s"  reference="laminar burning velocity"  kind="absolute"  method="combined from scatter and reported uncertainty" />

        <dataPoint><x1>3.000000e+002</x1><x2>2.911656e+001</x2><x3>1.23776983809408</x3></dataPoint>
        <dataPoint><x1>3.229693e+002</x1><x2>3.290031e+001</x2><x3>1.39854287439538</x3></dataPoint>
        <dataPoint><x1>3.683844e+002</x1><x2>4.098453e+001</x2><x3>1.74206706152759</x3></dataPoint>
        <dataPoint><x1>4.152037e+002</x1><x2>5.002994e+001</x2><x3>2.12645639423667</x3></dataPoint>
        <dataPoint><x1>4.520133e+002</x1><x2>5.739314e+001</x2><x3>2.43936879694572</x3></dataPoint>
    </dataGroup>
</experiment>
