<experiment>
    <fileAuthor>Chemical Kinetics Laboratory, Institute of Chemistry, ELTE, Budapest, Hungary</fileAuthor>
    <fileDOI>10.24388/x20004602</fileDOI>
    <fileVersion>
        <major>1</major>
        <minor>0</minor>
    </fileVersion>
    <ReSpecThVersion>
        <major>2</major>
        <minor>3</minor>
    </ReSpecThVersion>
    <firstPublicationDate>2021-10-29</firstPublicationDate>
    <lastModificationDate>2021-10-29</lastModificationDate>
    <bibliographyLink>
        <description>S.Y. Liao, D.M. Jiang, Q. Cheng, Fuel 83 (2004), 1247--1250</description>
        <referenceDOI>10.1016/j.fuel.2003.12.001</referenceDOI>
        <location>Main article</location>
        <figure>Fig. 2, full square (present experimental for methane - air), Pu = 0.15 MPa</figure>
        <details>
            <author>Liao, S Y and Jiang, D M and Cheng, Q</author>
            <journal>Fuel</journal>
            <pages>1247--1250</pages>
            <title>Determination of laminar burning velocities for natural gas</title>
            <volume>83</volume>
            <year>2004</year>
        </details>
    </bibliographyLink>
    <experimentType>laminar burning velocity measurement</experimentType>
    <apparatus>
        <kind>flame</kind>
        <mode>premixed</mode>
        <mode>laminar</mode>
        <mode>OPF</mode>
    </apparatus>
    <commonProperties>
        <property name="temperature"  label="T"  sourcetype="reported"  units="K"   ><value>300</value></property>
        <property name="pressure"     label="p"  sourcetype="reported"  units="MPa" ><value>0.15</value></property>
    </commonProperties>
    <dataGroup id="dg1">
        <property name="laminar burning velocity"      id="x1"   label="Sl"     sourcetype="digitized"   units="cm/s"          />
        <property name="composition"                   id="x2"   label="[CH4]"  sourcetype="calculated"  units="mole fraction" >
            <speciesLink preferredKey="CH4"  CAS="74-82-8"    InChI="1S/CH4/h1H4"  SMILES="C"    chemName="methane"  />
        </property>
        <property name="composition"                   id="x3"   label="[O2]"   sourcetype="calculated"  units="mole fraction" >
            <speciesLink preferredKey="O2"   CAS="7782-44-7"  InChI="1S/O2/c1-2"   SMILES="O=O"  chemName="oxygen"   />
        </property>
        <property name="composition"                   id="x4"   label="[N2]"   sourcetype="calculated"  units="mole fraction" >
            <speciesLink preferredKey="N2"   CAS="7727-37-9"  InChI="1S/N2/c1-2"   SMILES="N#N"  chemName="nitrogen" />
        </property>
        <property name="evaluated standard deviation"  id="x5"   sourcetype="estimated"   units="cm/s"           reference="laminar burning velocity"  kind="absolute"  method="combined from scatter and reported uncertainty" />

        <dataPoint> <x1>8.35</x1><x2>0.059217</x2><x3>0.197564</x3><x4>0.743219</x4><x5>1.12433515609226</x5></dataPoint>
        <dataPoint><x1>11.71</x1><x2>0.063851</x2><x3>0.196591</x3><x4>0.739558</x4> <x5>1.1970275987211</x5></dataPoint>
        <dataPoint><x1>15.36</x1><x2>0.068440</x2><x3>0.195628</x3><x4>0.735933</x4><x5>1.29596963738546</x5></dataPoint>
        <dataPoint><x1>19.63</x1><x2>0.072986</x2><x3>0.194673</x3><x4>0.732341</x4><x5>1.43300523663558</x5></dataPoint>
        <dataPoint><x1>23.42</x1><x2>0.077486</x2><x3>0.193728</x3><x4>0.728786</x4><x5>1.56871685045454</x5></dataPoint>
        <dataPoint><x1>26.78</x1><x2>0.081872</x2><x3>0.192807</x3><x4>0.725321</x4><x5>1.69798456768606</x5></dataPoint>
        <dataPoint><x1>29.87</x1><x2>0.086285</x2><x3>0.191880</x3><x4>0.721835</x4><x5>1.82209091129532</x5></dataPoint>
        <dataPoint><x1>32.53</x1><x2>0.090654</x2><x3>0.190963</x3><x4>0.718383</x4><x5>1.93279130550223</x5></dataPoint>
        <dataPoint><x1>34.43</x1><x2>0.094980</x2><x3>0.190054</x3><x4>0.714966</x4><x5>2.01314630646285</x5></dataPoint>
        <dataPoint><x1>35.34</x1><x2>0.099195</x2><x3>0.189169</x3><x4>0.711636</x4><x5>2.05234905672135</x5></dataPoint>
        <dataPoint><x1>35.34</x1><x2>0.103368</x2><x3>0.188293</x3><x4>0.708339</x4><x5>2.05249972533494</x5></dataPoint>
        <dataPoint><x1>33.11</x1><x2>0.107563</x2><x3>0.187412</x3><x4>0.705025</x4> <x5>1.9570099331378</x5></dataPoint>
        <dataPoint><x1>31.64</x1><x2>0.111786</x2><x3>0.186525</x3><x4>0.701689</x4> <x5>1.8953729250203</x5></dataPoint>
        <dataPoint><x1>24.08</x1><x2>0.115955</x2><x3>0.185649</x3><x4>0.698396</x4><x5>1.59356319047128</x5></dataPoint>
        <dataPoint><x1>16.17</x1><x2>0.120019</x2><x3>0.184796</x3><x4>0.695185</x4><x5>1.32043922272099</x5></dataPoint>
        <dataPoint><x1>12.46</x1><x2>0.124119</x2><x3>0.183935</x3><x4>0.691946</x4><x5>1.21579540039638</x5></dataPoint>
        <dataPoint> <x1>9.87</x1><x2>0.128122</x2><x3>0.183094</x3><x4>0.688784</x4><x5>1.15484706364782</x5></dataPoint>
    </dataGroup>
    <comment>CH4, O2, and N2 mole fractions were calculated using the equivalence ration. The uncertainty of measured laminar buring velocity is 5%.</comment>
</experiment>
