<experiment>
    <fileAuthor>Chemical Kinetics Laboratory, Institute of Chemistry, ELTE, Budapest, Hungary</fileAuthor>
    <fileDOI>10.24388/x20004083</fileDOI>
    <fileVersion>
        <major>1</major>
        <minor>0</minor>
    </fileVersion>
    <ReSpecThVersion>
        <major>2</major>
        <minor>3</minor>
    </ReSpecThVersion>
    <firstPublicationDate>2021-10-29</firstPublicationDate>
    <lastModificationDate>2021-10-29</lastModificationDate>
    <bibliographyLink>
        <description>Y. OGAMI, H. KOBAYASHI, JSME International Journal Series B Fluids and Thermal Engineering 48 (2005), 603--609</description>
        <referenceDOI>10.1299/jsmeb.48.603</referenceDOI>
        <location>Main article, Fig. 6, full circle</location>
        <figure>Figure 6</figure>
        <details>
            <author>Yasuhiro OGAMI and Hideaki KOBAYASHI</author>
            <journal>JSME International Journal Series B Fluids and Thermal Engineering</journal>
            <number>3</number>
            <pages>603--609</pages>
            <publisher>Japan Society of Mechanical Engineers</publisher>
            <title>Laminar Burning Velocity of Stoichiometric {CH}4/air Premixed Flames at High-Pressure and High-Temperature</title>
            <volume>48</volume>
            <year>2005</year>
        </details>
    </bibliographyLink>
    <experimentType>laminar burning velocity measurement</experimentType>
    <apparatus>
        <kind>flame</kind>
        <mode>premixed</mode>
        <mode>laminar</mode>
    </apparatus>
    <commonProperties>
        <property name="pressure"     label="P"  sourcetype="reported"  units="Pa" ><value>0.1e+006</value></property>
        <property name="temperature"  label="T"  sourcetype="reported"  units="K"  ><value>298</value></property>
    </commonProperties>
    <dataGroup id="dg1">
        <property name="laminar burning velocity"      id="x1"   label="Sl"     sourcetype="digitized"  units="cm/s"          />
        <property name="composition"                   id="x2"   label="[CH4]"  sourcetype="digitized"  units="mole fraction" >
            <speciesLink preferredKey="CH4"  CAS="74-82-8"    InChI="1S/CH4/h1H4"  SMILES="C"    chemName="methane"  />
        </property>
        <property name="composition"                   id="x3"   label="[O2]"   sourcetype="digitized"  units="mole fraction" >
            <speciesLink preferredKey="O2"   CAS="7782-44-7"  InChI="1S/O2/c1-2"   SMILES="O=O"  chemName="oxygen"   />
        </property>
        <property name="composition"                   id="x4"   label="[N2]"   sourcetype="digitized"  units="mole fraction" >
            <speciesLink preferredKey="N2"   CAS="7727-37-9"  InChI="1S/N2/c1-2"   SMILES="N#N"  chemName="nitrogen" />
        </property>
        <property name="evaluated standard deviation"  id="x5"   sourcetype="estimated"  units="cm/s"           reference="laminar burning velocity"  kind="absolute"  method="combined from scatter and estimated uncertainty" />

        <dataPoint><x1>2.396454e+001</x1><x2>7.830060e-002</x2><x3>1.955120e-001</x3><x4>7.261874e-001</x4><x5>1.46646931230447</x5></dataPoint>
        <dataPoint><x1>2.993387e+001</x1><x2>8.713693e-002</x2><x3>1.936376e-001</x3><x4>7.192255e-001</x4> <x5>1.8190071106749</x5></dataPoint>
        <dataPoint><x1>3.496948e+001</x1><x2>9.596670e-002</x2><x3>1.917646e-001</x3><x4>7.122687e-001</x4> <x5>2.1178686263653</x5></dataPoint>
        <dataPoint><x1>3.785784e+001</x1><x2>1.045363e-001</x2><x3>1.899468e-001</x3><x4>7.055169e-001</x4><x5>2.28967966827789</x5></dataPoint>
        <dataPoint><x1>3.495783e+001</x1><x2>1.129483e-001</x2><x3>1.881625e-001</x3><x4>6.988892e-001</x4><x5>2.11717613040603</x5></dataPoint>
        <dataPoint><x1>2.601270e+001</x1><x2>1.211783e-001</x2><x3>1.864167e-001</x3><x4>6.924050e-001</x4><x5>1.58714625220646</x5></dataPoint>
    </dataGroup>
</experiment>
