<experiment>
    <fileAuthor>Chemical Kinetics Laboratory, Institute of Chemistry, ELTE, Budapest, Hungary</fileAuthor>
    <fileDOI>10.24388/x20004116</fileDOI>
    <fileVersion>
        <major>1</major>
        <minor>0</minor>
    </fileVersion>
    <ReSpecThVersion>
        <major>2</major>
        <minor>3</minor>
    </ReSpecThVersion>
    <firstPublicationDate>2021-10-29</firstPublicationDate>
    <lastModificationDate>2021-10-29</lastModificationDate>
    <bibliographyLink>
        <description>F. COPPENS, J. DERUYCK, A. KONNOV, Combustion and Flame 149 (2007), 409--417</description>
        <referenceDOI>10.1016/j.combustflame.2007.02.004</referenceDOI>
        <location>Main article, Fig. 4, open square</location>
        <figure>Figure 4</figure>
        <details>
            <author>F COPPENS and J DERUYCK and A KONNOV</author>
            <journal>Combustion and Flame</journal>
            <month>jun</month>
            <number>4</number>
            <pages>409--417</pages>
            <publisher>Elsevier {BV}</publisher>
            <title>The effects of composition on burning velocity and nitric oxide formation in laminar premixed flames of {CH}4 $\mathplus$ H2 $\mathplus$ O2 $\mathplus$ N2</title>
            <volume>149</volume>
            <year>2007</year>
        </details>
    </bibliographyLink>
    <experimentType>laminar burning velocity measurement</experimentType>
    <apparatus>
        <kind>flame</kind>
        <mode>premixed</mode>
        <mode>laminar</mode>
    </apparatus>
    <commonProperties>
        <property name="pressure"                      label="P"  sourcetype="reported"   units="atm"  ><value>1</value></property>
        <property name="temperature"                   label="T"  sourcetype="reported"   units="K"    ><value>298</value></property>
        <property name="evaluated standard deviation"  sourcetype="estimated"  units="cm/s"  reference="laminar burning velocity"  kind="absolute"  method="generic uncertainty" ><value>0.5</value></property>
    </commonProperties>
    <dataGroup id="dg1">
        <property name="laminar burning velocity"  id="x1"   label="Sl"     sourcetype="digitized"  units="cm/s"          />
        <property name="composition"               id="x2"   label="[CH4]"  sourcetype="digitized"  units="mole fraction" >
            <speciesLink preferredKey="CH4"  CAS="74-82-8"    InChI="1S/CH4/h1H4"  SMILES="C"     chemName="methane"  />
        </property>
        <property name="composition"               id="x3"   label="[O2]"   sourcetype="digitized"  units="mole fraction" >
            <speciesLink preferredKey="O2"   CAS="7782-44-7"  InChI="1S/O2/c1-2"   SMILES="O=O"   chemName="oxygen"   />
        </property>
        <property name="composition"               id="x4"   label="[N2]"   sourcetype="digitized"  units="mole fraction" >
            <speciesLink preferredKey="N2"   CAS="7727-37-9"  InChI="1S/N2/c1-2"   SMILES="N#N"   chemName="nitrogen" />
        </property>
        <property name="composition"               id="x5"   label="[H2]"   sourcetype="digitized"  units="mole fraction" >
            <speciesLink preferredKey="H2"   CAS="1333-74-0"  InChI="1S/H2/h1H"    SMILES="[HH]"  chemName="hydrogen" />
        </property>

        <dataPoint><x1>1.242796e+001</x1><x2>6.022218e-002</x2><x3>1.672471e-001</x3><x4>7.619033e-001</x4><x5>1.062744e-002</x5></dataPoint>
        <dataPoint><x1>1.547231e+001</x1><x2>6.396165e-002</x2><x3>1.664552e-001</x3><x4>7.582958e-001</x4><x5>1.128735e-002</x5></dataPoint>
        <dataPoint><x1>1.811576e+001</x1><x2>6.766878e-002</x2><x3>1.656701e-001</x3><x4>7.547195e-001</x4><x5>1.194155e-002</x5></dataPoint>
        <dataPoint><x1>2.074668e+001</x1><x2>7.132448e-002</x2><x3>1.648960e-001</x3><x4>7.511929e-001</x4><x5>1.258667e-002</x5></dataPoint>
        <dataPoint><x1>2.290153e+001</x1><x2>7.486877e-002</x2><x3>1.641454e-001</x3><x4>7.477737e-001</x4><x5>1.321214e-002</x5></dataPoint>
        <dataPoint><x1>2.453019e+001</x1><x2>7.838378e-002</x2><x3>1.634011e-001</x3><x4>7.443827e-001</x4><x5>1.383243e-002</x5></dataPoint>
        <dataPoint><x1>2.568279e+001</x1><x2>8.186916e-002</x2><x3>1.626630e-001</x3><x4>7.410203e-001</x4><x5>1.444750e-002</x5></dataPoint>
        <dataPoint><x1>2.608369e+001</x1><x2>8.534273e-002</x2><x3>1.619274e-001</x3><x4>7.376694e-001</x4><x5>1.506048e-002</x5></dataPoint>
        <dataPoint><x1>2.534453e+001</x1><x2>8.877535e-002</x2><x3>1.612005e-001</x3><x4>7.343579e-001</x4><x5>1.566624e-002</x5></dataPoint>
        <dataPoint><x1>2.331496e+001</x1><x2>9.226018e-002</x2><x3>1.604626e-001</x3><x4>7.309961e-001</x4><x5>1.628121e-002</x5></dataPoint>
        <dataPoint><x1>2.054623e+001</x1><x2>9.573158e-002</x2><x3>1.597274e-001</x3><x4>7.276472e-001</x4><x5>1.689381e-002</x5></dataPoint>
        <dataPoint><x1>1.730143e+001</x1><x2>9.908387e-002</x2><x3>1.590175e-001</x3><x4>7.244132e-001</x4><x5>1.748539e-002</x5></dataPoint>
        <dataPoint><x1>1.431972e+001</x1><x2>1.024792e-001</x2><x3>1.582985e-001</x3><x4>7.211377e-001</x4><x5>1.808456e-002</x5></dataPoint>
        <dataPoint><x1>1.128790e+001</x1><x2>1.057858e-001</x2><x3>1.575983e-001</x3><x4>7.179479e-001</x4><x5>1.866807e-002</x5></dataPoint>
    </dataGroup>
</experiment>
