<experiment>
    <fileAuthor>Chemical Kinetics Laboratory, Institute of Chemistry, ELTE, Budapest, Hungary</fileAuthor>
    <fileDOI>10.24388/x20004578</fileDOI>
    <fileVersion>
        <major>1</major>
        <minor>0</minor>
    </fileVersion>
    <ReSpecThVersion>
        <major>2</major>
        <minor>3</minor>
    </ReSpecThVersion>
    <firstPublicationDate>2021-10-29</firstPublicationDate>
    <lastModificationDate>2021-10-29</lastModificationDate>
    <bibliographyLink>
        <description>N. Hinton, R. Stone, R. Cracknell, Fuel 211 (2018), 446 - 457</description>
        <referenceDOI>10.1016/j.fuel.2017.09.031</referenceDOI>
        <location>Main article</location>
        <figure>Fig. 6., 4 bar / 450 K series</figure>
        <details>
            <author>Nathan Hinton and Richard Stone and Roger Cracknell</author>
            <journal>Fuel</journal>
            <pages>446 - 457</pages>
            <title>Laminar burning velocity measurements in constant volume vessels – Reconciliation of flame front imaging and pressure rise methods</title>
            <volume>211</volume>
            <year>2018</year>
        </details>
    </bibliographyLink>
    <experimentType>laminar burning velocity measurement</experimentType>
    <apparatus>
        <kind>flame</kind>
        <mode>premixed</mode>
        <mode>laminar</mode>
        <mode>OPF</mode>
    </apparatus>
    <commonProperties>
        <property name="temperature"  label="T"  sourcetype="reported"  units="K"   ><value>450</value></property>
        <property name="pressure"     label="p"  sourcetype="reported"  units="bar" ><value>4</value></property>
    </commonProperties>
    <dataGroup id="dg1">
        <property name="laminar burning velocity"      id="x1"   label="Sl"     sourcetype="digitized"   units="cm/s"          />
        <property name="composition"                   id="x2"   label="[CH4]"  sourcetype="calculated"  units="mole fraction" >
            <speciesLink preferredKey="CH4"  CAS="74-82-8"    InChI="1S/CH4/h1H4"  SMILES="C"    chemName="methane"  />
        </property>
        <property name="composition"                   id="x3"   label="[O2]"   sourcetype="calculated"  units="mole fraction" >
            <speciesLink preferredKey="O2"   CAS="7782-44-7"  InChI="1S/O2/c1-2"   SMILES="O=O"  chemName="oxygen"   />
        </property>
        <property name="composition"                   id="x4"   label="[N2]"   sourcetype="calculated"  units="mole fraction" >
            <speciesLink preferredKey="N2"   CAS="7727-37-9"  InChI="1S/N2/c1-2"   SMILES="N#N"  chemName="nitrogen" />
        </property>
        <property name="evaluated standard deviation"  id="x5"   sourcetype="estimated"   units="cm/s"           reference="laminar burning velocity"  kind="absolute"  method="combined from scatter and reported uncertainty" />

        <dataPoint><x1>21.95</x1><x2>0.068384</x2><x3>0.195639</x3><x4>0.735977</x4><x5>0.666278419816261</x5></dataPoint>
        <dataPoint><x1>45.26</x1><x2>0.095062</x2><x3>0.190037</x3><x4>0.714901</x4> <x5>1.23105900760908</x5></dataPoint>
        <dataPoint><x1>37.91</x1><x2>0.111901</x2><x3>0.186501</x3><x4>0.701599</x4> <x5>1.04743766138523</x5></dataPoint>
        <dataPoint><x1>26.56</x1><x2>0.120143</x2><x3>0.184770</x3><x4>0.695087</x4><x5>0.772623542264027</x5></dataPoint>
    </dataGroup>
    <comment>CH4, O2 and N2 mole fractions were calculated using the equivalence ration. The uncertainty of measured laminar buring velocity is 3%.</comment>
</experiment>
