<experiment>
    <fileAuthor>Chemical Kinetics Laboratory, Institute of Chemistry, ELTE, Budapest, Hungary</fileAuthor>
    <fileDOI>10.24388/x20004094</fileDOI>
    <fileVersion>
        <major>1</major>
        <minor>0</minor>
    </fileVersion>
    <ReSpecThVersion>
        <major>2</major>
        <minor>3</minor>
    </ReSpecThVersion>
    <firstPublicationDate>2021-10-29</firstPublicationDate>
    <lastModificationDate>2021-10-29</lastModificationDate>
    <bibliographyLink>
        <description>O. Park, P.S. Veloo, N. Liu, F.N. Egolfopoulos, Proceedings of the Combustion Institute 33 (2011), 887-894</description>
        <referenceDOI>10.1016/j.proci.2010.06.116</referenceDOI>
        <location>Main article, Fig. 6a, full square</location>
        <figure>Figure 6a</figure>
        <details>
            <author>Okjoo Park and Peter S. Veloo and Ning Liu and Fokion N. Egolfopoulos</author>
            <journal>Proceedings of the Combustion Institute</journal>
            <number>1</number>
            <pages>887-894</pages>
            <title>Combustion characteristics of alternative gaseous fuels</title>
            <volume>33</volume>
            <year>2011</year>
        </details>
    </bibliographyLink>
    <experimentType>laminar burning velocity measurement</experimentType>
    <apparatus>
        <kind>flame</kind>
        <mode>premixed</mode>
        <mode>laminar</mode>
    </apparatus>
    <commonProperties>
        <property name="pressure"                      label="P"  sourcetype="reported"   units="atm"  ><value>1</value></property>
        <property name="temperature"                   label="T"  sourcetype="reported"   units="K"    ><value>298</value></property>
        <property name="evaluated standard deviation"  sourcetype="estimated"  units="cm/s"  reference="laminar burning velocity"  kind="absolute"  method="combined from scatter and reported uncertainty" ><value>0.650783298138482</value></property>
    </commonProperties>
    <dataGroup id="dg1">
        <property name="laminar burning velocity"  id="x1"   label="Sl"     sourcetype="digitized"  units="cm/s"          />
        <property name="composition"               id="x2"   label="[CH4]"  sourcetype="digitized"  units="mole fraction" >
            <speciesLink preferredKey="CH4"  CAS="74-82-8"    InChI="1S/CH4/h1H4"    SMILES="C"        chemName="methane"        />
        </property>
        <property name="composition"               id="x3"   label="[O2]"   sourcetype="digitized"  units="mole fraction" >
            <speciesLink preferredKey="O2"   CAS="7782-44-7"  InChI="1S/O2/c1-2"     SMILES="O=O"      chemName="oxygen"         />
        </property>
        <property name="composition"               id="x4"   label="[N2]"   sourcetype="digitized"  units="mole fraction" >
            <speciesLink preferredKey="N2"   CAS="7727-37-9"  InChI="1S/N2/c1-2"     SMILES="N#N"      chemName="nitrogen"       />
        </property>
        <property name="composition"               id="x5"   label="[CO2]"  sourcetype="digitized"  units="mole fraction" >
            <speciesLink preferredKey="CO2"  CAS="124-38-9"   InChI="1S/CO2/c2-1-3"  SMILES="C(=O)=O"  chemName="carbon dioxide" />
        </property>

        <dataPoint><x1>1.702262e+001</x1><x2>7.370330e-002</x2><x3>1.836957e-001</x3><x4>6.822983e-001</x4><x5>6.030270e-002</x5></dataPoint>
        <dataPoint><x1>1.889532e+001</x1><x2>7.759337e-002</x2><x3>1.821954e-001</x3><x4>6.767257e-001</x4><x5>6.348549e-002</x5></dataPoint>
        <dataPoint><x1>2.042083e+001</x1><x2>8.135420e-002</x2><x3>1.807449e-001</x3><x4>6.713383e-001</x4><x5>6.656253e-002</x5></dataPoint>
        <dataPoint><x1>2.115729e+001</x1><x2>8.512231e-002</x2><x3>1.792917e-001</x3><x4>6.659405e-001</x4><x5>6.964552e-002</x5></dataPoint>
        <dataPoint><x1>2.160968e+001</x1><x2>8.888548e-002</x2><x3>1.778403e-001</x3><x4>6.605497e-001</x4><x5>7.272448e-002</x5></dataPoint>
        <dataPoint><x1>2.110468e+001</x1><x2>9.270629e-002</x2><x3>1.763667e-001</x3><x4>6.550764e-001</x4><x5>7.585060e-002</x5></dataPoint>
        <dataPoint><x1>2.025250e+001</x1><x2>9.634888e-002</x2><x3>1.749619e-001</x3><x4>6.498584e-001</x4><x5>7.883090e-002</x5></dataPoint>
        <dataPoint><x1>1.690689e+001</x1><x2>9.993816e-002</x2><x3>1.735776e-001</x3><x4>6.447167e-001</x4><x5>8.176758e-002</x5></dataPoint>
        <dataPoint><x1>1.503419e+001</x1><x2>1.033669e-001</x2><x3>1.722552e-001</x3><x4>6.398050e-001</x4><x5>8.457291e-002</x5></dataPoint>
    </dataGroup>
</experiment>
