<experiment>
    <fileAuthor>Chemical Kinetics Laboratory, Institute of Chemistry, ELTE, Budapest, Hungary</fileAuthor>
    <fileDOI>10.24388/x20004515</fileDOI>
    <fileVersion>
        <major>1</major>
        <minor>0</minor>
    </fileVersion>
    <ReSpecThVersion>
        <major>2</major>
        <minor>3</minor>
    </ReSpecThVersion>
    <firstPublicationDate>2021-10-29</firstPublicationDate>
    <lastModificationDate>2021-10-29</lastModificationDate>
    <bibliographyLink>
        <description>E. Hu, X. Li, X. Meng, Y. Chen, Y. Cheng, Y. Xie, Z. Huang, Fuel 158 (2015), 1--10</description>
        <referenceDOI>10.1016/j.fuel.2015.05.010</referenceDOI>
        <location>Main article, main text, Fig. 2.a, solid black star</location>
        <figure>Main article, Fig. 2.a, solid black star</figure>
        <details>
            <author>Hu, Erjiang and Li, Xiaotian and Meng, Xin and Chen, Yizhen and Cheng, Yu and Xie, Yongliang and Huang, Zuohua</author>
            <journal>Fuel</journal>
            <pages>1--10</pages>
            <title>Laminar flame speeds and ignition delay times of methane–air mixtures at elevated temperatures and pressures</title>
            <volume>158</volume>
            <year>2015</year>
        </details>
    </bibliographyLink>
    <experimentType>laminar burning velocity measurement</experimentType>
    <apparatus>
        <kind>flame</kind>
        <mode>premixed</mode>
        <mode>laminar</mode>
        <mode>OPF</mode>
    </apparatus>
    <commonProperties>
        <property name="temperature"  label="T"  sourcetype="reported"  units="K"   ><value>373</value></property>
        <property name="pressure"     label="p"  sourcetype="reported"  units="MPa" ><value>0.5</value></property>
    </commonProperties>
    <dataGroup id="dg1">
        <property name="equivalence ratio"             id="x1"   label="phi"    sourcetype="digitized"  units="unitless"      />
        <property name="laminar burning velocity"      id="x2"   label="Sl"     sourcetype="digitized"  units="cm/s"          />
        <property name="uncertainty"                   id="x3"   label="d_Sl"   sourcetype="estimated"  units="cm/s"           reference="laminar burning velocity"  kind="absolute"  bound="plus"  />
        <property name="uncertainty"                   id="x4"   label="d_Sl"   sourcetype="estimated"  units="cm/s"           reference="laminar burning velocity"  kind="absolute"  bound="minus" />
        <property name="composition"                   id="x5"   label="[CH4]"  sourcetype="estimated"  units="mole fraction" >
            <speciesLink preferredKey="CH4"  CAS="74-82-8"    InChI="1S/CH4/h1H4"  SMILES="C"    chemName="methane"  />
        </property>
        <property name="composition"                   id="x6"   label="[O2]"   sourcetype="estimated"  units="mole fraction" >
            <speciesLink preferredKey="O2"   CAS="7782-44-7"  InChI="1S/O2/c1-2"   SMILES="O=O"  chemName="oxygen"   />
        </property>
        <property name="composition"                   id="x7"   label="[N2]"   sourcetype="estimated"  units="mole fraction" >
            <speciesLink preferredKey="N2"   CAS="7727-37-9"  InChI="1S/N2/c1-2"   SMILES="N#N"  chemName="nitrogen" />
        </property>
        <property name="evaluated standard deviation"  id="x8"   sourcetype="estimated"  units="cm/s"           reference="laminar burning velocity"  kind="absolute"  method="combined from scatter and estimated uncertainty" />

        <dataPoint><x1>0.900371</x1> <x2>23.8796</x2> <x3>0.2007</x3> <x4>0.2007</x4><x5>0.08637</x5><x6>0.19186</x6><x7>0.72177</x7><x8>1.37802399419205</x8></dataPoint>
        <dataPoint> <x1>1.00049</x1> <x2>27.6923</x2> <x3>0.2676</x3> <x4>0.2676</x4><x5>0.09506</x5><x6>0.19004</x6><x7>0.71490</x7>  <x8>1.546130843879</x8></dataPoint>
        <dataPoint> <x1>1.10062</x1><x2>29.36455</x2><x3>0.46825</x3><x4>0.46825</x4><x5>0.10359</x5><x6>0.18825</x6><x7>0.70816</x7><x8>1.62143574646831</x8></dataPoint>
        <dataPoint> <x1>1.20074</x1> <x2>25.8194</x2> <x3>1.9398</x3> <x4>0.7358</x4><x5>0.11196</x5><x6>0.18649</x6><x7>0.70155</x7> <x8>1.4628620676841</x8></dataPoint>
    </dataGroup>
    <comment>Mole fractions were calculated from phi and N2:O2 volume ratio of air. Sl data by non-linear method.</comment>
</experiment>
