<experiment>
    <fileAuthor>Chemical Kinetics Laboratory, Institute of Chemistry, ELTE, Budapest, Hungary</fileAuthor>
    <fileDOI>10.24388/x20004331</fileDOI>
    <fileVersion>
        <major>1</major>
        <minor>0</minor>
    </fileVersion>
    <ReSpecThVersion>
        <major>2</major>
        <minor>3</minor>
    </ReSpecThVersion>
    <firstPublicationDate>2021-10-29</firstPublicationDate>
    <lastModificationDate>2021-10-29</lastModificationDate>
    <bibliographyLink>
        <description>A.N. Mazas, B. Fiorina, D.A. Lacoste, T. Schuller, Combustion and Flame 158 (2011), 2428--2440</description>
        <referenceDOI>10.1016/j.combustflame.2011.05.014</referenceDOI>
        <location>Main article, Fig. 13, bottom, full circle</location>
        <figure>Figure 13</figure>
        <details>
            <author>A.N. Mazas and B. Fiorina and D.A. Lacoste and T. Schuller</author>
            <journal>Combustion and Flame</journal>
            <month>dec</month>
            <number>12</number>
            <pages>2428--2440</pages>
            <publisher>Elsevier {BV}</publisher>
            <title>Effects of water vapor addition on the laminar burning velocity of oxygen-enriched methane flames</title>
            <volume>158</volume>
            <year>2011</year>
        </details>
    </bibliographyLink>
    <experimentType>laminar burning velocity measurement</experimentType>
    <apparatus>
        <kind>flame</kind>
        <mode>premixed</mode>
        <mode>laminar</mode>
    </apparatus>
    <commonProperties>
        <property name="pressure"     label="P"  sourcetype="reported"  units="atm" ><value>1</value></property>
        <property name="temperature"  label="T"  sourcetype="reported"  units="K"   ><value>373</value></property>
    </commonProperties>
    <dataGroup id="dg1">
        <property name="laminar burning velocity"      id="x1"   label="Sl"     sourcetype="digitized"  units="cm/s"          />
        <property name="composition"                   id="x2"   label="[CH4]"  sourcetype="digitized"  units="mole fraction" >
            <speciesLink preferredKey="CH4"  CAS="74-82-8"    InChI="1S/CH4/h1H4"  SMILES="C"    chemName="methane"  />
        </property>
        <property name="composition"                   id="x3"   label="[O2]"   sourcetype="digitized"  units="mole fraction" >
            <speciesLink preferredKey="O2"   CAS="7782-44-7"  InChI="1S/O2/c1-2"   SMILES="O=O"  chemName="oxygen"   />
        </property>
        <property name="composition"                   id="x4"   label="[N2]"   sourcetype="digitized"  units="mole fraction" >
            <speciesLink preferredKey="N2"   CAS="7727-37-9"  InChI="1S/N2/c1-2"   SMILES="N#N"  chemName="nitrogen" />
        </property>
        <property name="composition"                   id="x5"   label="[H2O]"  sourcetype="digitized"  units="mole fraction" >
            <speciesLink preferredKey="H2O"  CAS="7732-18-5"  InChI="1S/H2O/h1H2"  SMILES="O"    chemName="water"    />
        </property>
        <property name="evaluated standard deviation"  id="x6"   sourcetype="estimated"  units="cm/s"           reference="laminar burning velocity"  kind="absolute"  method="combined from scatter and reported uncertainty" />

        <dataPoint><x1>1.369131e+002</x1><x2>2.727273e-001</x2><x3>3.636364e-001</x3><x4>3.636364e-001</x4><x5>0.000000e+000</x5><x6>3.61753611829326</x6></dataPoint>
        <dataPoint><x1>1.317250e+002</x1><x2>2.665309e-001</x2><x3>3.553745e-001</x3><x4>3.553745e-001</x4><x5>2.272000e-002</x5><x6>3.49506677161181</x6></dataPoint>
        <dataPoint><x1>1.230610e+002</x1><x2>2.589709e-001</x2><x3>3.452945e-001</x3><x4>3.452945e-001</x4><x5>5.044000e-002</x5><x6>3.29178151583986</x6></dataPoint>
        <dataPoint><x1>1.098833e+002</x1><x2>2.481136e-001</x2><x3>3.308182e-001</x3><x4>3.308182e-001</x4><x5>9.025000e-002</x5><x6>2.98618179858599</x6></dataPoint>
        <dataPoint><x1>9.706874e+001</x1><x2>2.347609e-001</x2><x3>3.130145e-001</x3><x4>3.130145e-001</x4><x5>1.392100e-001</x5><x6>2.69439829101828</x6></dataPoint>
        <dataPoint><x1>7.937743e+001</x1><x2>2.213155e-001</x2><x3>2.950873e-001</x3><x4>2.950873e-001</x4><x5>1.885100e-001</x5><x6>2.30408435572096</x6></dataPoint>
        <dataPoint><x1>6.863813e+001</x1><x2>2.125336e-001</x2><x3>2.833782e-001</x3><x4>2.833782e-001</x4><x5>2.207100e-001</x5><x6>2.07733363439424</x6></dataPoint>
        <dataPoint><x1>5.613489e+001</x1><x2>2.004191e-001</x2><x3>2.672255e-001</x3><x4>2.672255e-001</x4><x5>2.651300e-001</x5><x6>1.82764141572412</x6></dataPoint>
        <dataPoint><x1>4.368353e+001</x1><x2>1.925673e-001</x2><x3>2.567564e-001</x3><x4>2.567564e-001</x4><x5>2.939200e-001</x5><x6>1.60108594965669</x6></dataPoint>
    </dataGroup>
</experiment>
