<experiment>
    <fileAuthor>Chemical Kinetics Laboratory, Institute of Chemistry, ELTE, Budapest, Hungary</fileAuthor>
    <fileDOI>10.24388/x20004028</fileDOI>
    <fileVersion>
        <major>1</major>
        <minor>0</minor>
    </fileVersion>
    <ReSpecThVersion>
        <major>2</major>
        <minor>3</minor>
    </ReSpecThVersion>
    <firstPublicationDate>2021-10-29</firstPublicationDate>
    <lastModificationDate>2021-10-29</lastModificationDate>
    <bibliographyLink>
        <description>G. Rozenchan, D.L. Zhu, C.K. Law, S.D. Tse, Proceedings of the Combustion Institute 29 (2002), 1461--1470</description>
        <referenceDOI>10.1016/S1540-7489(02)80179-1</referenceDOI>
        <location>Main article, Fig. 5, full square</location>
        <figure>Figure 5</figure>
        <details>
            <author>G. Rozenchan and D.L. Zhu and C.K. Law and S.D. Tse</author>
            <journal>Proceedings of the Combustion Institute</journal>
            <month>jan</month>
            <number>2</number>
            <pages>1461--1470</pages>
            <publisher>Elsevier {BV}</publisher>
            <title>Outward propagation, burning velocities, and chemical effects of methane flames up to 60 {ATM}</title>
            <volume>29</volume>
            <year>2002</year>
        </details>
    </bibliographyLink>
    <experimentType>laminar burning velocity measurement</experimentType>
    <apparatus>
        <kind>flame</kind>
        <mode>premixed</mode>
        <mode>laminar</mode>
    </apparatus>
    <commonProperties>
        <property name="pressure"     label="P"  sourcetype="reported"  units="atm" ><value>60</value></property>
        <property name="temperature"  label="T"  sourcetype="reported"  units="K"   ><value>298</value></property>
    </commonProperties>
    <dataGroup id="dg1">
        <property name="laminar burning velocity"      id="x1"   label="Sl"     sourcetype="digitized"  units="cm/s"          />
        <property name="composition"                   id="x2"   label="[CH4]"  sourcetype="digitized"  units="mole fraction" >
            <speciesLink preferredKey="CH4"  CAS="74-82-8"    InChI="1S/CH4/h1H4"  SMILES="C"     chemName="methane" />
        </property>
        <property name="composition"                   id="x3"   label="[O2]"   sourcetype="digitized"  units="mole fraction" >
            <speciesLink preferredKey="O2"   CAS="7782-44-7"  InChI="1S/O2/c1-2"   SMILES="O=O"   chemName="oxygen"  />
        </property>
        <property name="composition"                   id="x4"   label="[He]"   sourcetype="digitized"  units="mole fraction" >
            <speciesLink preferredKey="He"   CAS="7440-59-7"  InChI="1S/He"        SMILES="[He]"  chemName="helium"  />
        </property>
        <property name="evaluated standard deviation"  id="x5"   sourcetype="estimated"  units="cm/s"           reference="laminar burning velocity"  kind="absolute"  method="combined from scatter and estimated uncertainty" />

        <dataPoint><x1>1.274870e+001</x1><x2>5.996860e-002</x2><x3>1.410047e-001</x3><x4>7.990267e-001</x4><x5>0.794287270446908</x5></dataPoint>
        <dataPoint><x1>1.409808e+001</x1><x2>6.328911e-002</x2><x3>1.405066e-001</x3><x4>7.962043e-001</x4> <x5>0.84938715435601</x5></dataPoint>
        <dataPoint><x1>1.535365e+001</x1><x2>6.985894e-002</x2><x3>1.395212e-001</x3><x4>7.906199e-001</x4><x5>0.902167007585209</x5></dataPoint>
        <dataPoint><x1>1.245284e+001</x1><x2>7.625023e-002</x2><x3>1.385625e-001</x3><x4>7.851873e-001</x4><x5>0.782465302063293</x5></dataPoint>
        <dataPoint><x1>1.006335e+001</x1><x2>8.254103e-002</x2><x3>1.376188e-001</x3><x4>7.798401e-001</x4><x5>0.691192029630876</x5></dataPoint>
        <dataPoint><x1>8.325250e+000</x1><x2>8.887376e-002</x2><x3>1.366689e-001</x3><x4>7.744573e-001</x4><x5>0.630748252217357</x5></dataPoint>
    </dataGroup>
</experiment>
