<experiment>
    <fileAuthor>Chemical Kinetics Laboratory, Institute of Chemistry, ELTE, Budapest, Hungary</fileAuthor>
    <fileDOI>10.24388/x20004010</fileDOI>
    <fileVersion>
        <major>1</major>
        <minor>0</minor>
    </fileVersion>
    <ReSpecThVersion>
        <major>2</major>
        <minor>3</minor>
    </ReSpecThVersion>
    <firstPublicationDate>2021-10-29</firstPublicationDate>
    <lastModificationDate>2021-10-29</lastModificationDate>
    <bibliographyLink>
        <description>A.V. MAAREN, D.S. THUNG, L.R.H.D. GOEY, Combustion Science and Technology 96 (1994), 327--344</description>
        <referenceDOI>10.1080/00102209408935360</referenceDOI>
        <location>Main article, Fig. 9, cross</location>
        <figure>Figure 9, cross</figure>
        <details>
            <author>A. VAN MAAREN and D. S. THUNG and L. R H. DE GOEY</author>
            <journal>Combustion Science and Technology</journal>
            <month>jan</month>
            <number>4-6</number>
            <pages>327--344</pages>
            <publisher>Informa {UK} Limited</publisher>
            <title>Measurement of Flame Temperature and Adiabatic Burning Velocity of Methane/Air Mixtures</title>
            <volume>96</volume>
            <year>1994</year>
        </details>
    </bibliographyLink>
    <experimentType>laminar burning velocity measurement</experimentType>
    <apparatus>
        <kind>flame</kind>
        <mode>premixed</mode>
        <mode>laminar</mode>
    </apparatus>
    <commonProperties>
        <property name="pressure"                      label="P"  sourcetype="reported"   units="atm"  ><value>1</value></property>
        <property name="temperature"                   label="T"  sourcetype="reported"   units="K"    ><value>298</value></property>
        <property name="evaluated standard deviation"  sourcetype="estimated"  units="cm/s"  reference="laminar burning velocity"  kind="absolute"  method="combined from scatter and reported uncertainty" ><value>1.24396505192228</value></property>
    </commonProperties>
    <dataGroup id="dg1">
        <property name="laminar burning velocity"  id="x1"   label="Sl"     sourcetype="digitized"  units="m/s"           />
        <property name="composition"               id="x2"   label="[CH4]"  sourcetype="digitized"  units="mole fraction" >
            <speciesLink preferredKey="CH4"  CAS="74-82-8"    InChI="1S/CH4/h1H4"  SMILES="C"    chemName="methane"  />
        </property>
        <property name="composition"               id="x3"   label="[O2]"   sourcetype="digitized"  units="mole fraction" >
            <speciesLink preferredKey="O2"   CAS="7782-44-7"  InChI="1S/O2/c1-2"   SMILES="O=O"  chemName="oxygen"   />
        </property>
        <property name="composition"               id="x4"   label="[N2]"   sourcetype="digitized"  units="mole fraction" >
            <speciesLink preferredKey="N2"   CAS="7727-37-9"  InChI="1S/N2/c1-2"   SMILES="N#N"  chemName="nitrogen" />
        </property>

        <dataPoint><x1>9.492000e-002</x1><x2>6.450348e-002</x2><x3>1.984387e-001</x3><x4>7.370579e-001</x4></dataPoint>
        <dataPoint><x1>1.382500e-001</x1><x2>6.912889e-002</x2><x3>1.974575e-001</x3><x4>7.334136e-001</x4></dataPoint>
        <dataPoint><x1>1.932800e-001</x1><x2>7.372698e-002</x2><x3>1.964822e-001</x3><x4>7.297909e-001</x4></dataPoint>
        <dataPoint><x1>2.382000e-001</x1><x2>7.804013e-002</x2><x3>1.955672e-001</x3><x4>7.263926e-001</x4></dataPoint>
        <dataPoint><x1>2.803400e-001</x1><x2>8.275343e-002</x2><x3>1.945675e-001</x3><x4>7.226791e-001</x4></dataPoint>
        <dataPoint><x1>3.202000e-001</x1><x2>8.719526e-002</x2><x3>1.936252e-001</x3><x4>7.191795e-001</x4></dataPoint>
        <dataPoint><x1>3.466800e-001</x1><x2>9.157327e-002</x2><x3>1.926966e-001</x3><x4>7.157302e-001</x4></dataPoint>
        <dataPoint><x1>3.674000e-001</x1><x2>9.568490e-002</x2><x3>1.918244e-001</x3><x4>7.124907e-001</x4></dataPoint>
        <dataPoint><x1>3.781100e-001</x1><x2>9.995884e-002</x2><x3>1.909178e-001</x3><x4>7.091233e-001</x4></dataPoint>
        <dataPoint><x1>3.837600e-001</x1><x2>1.043960e-001</x2><x3>1.899766e-001</x3><x4>7.056274e-001</x4></dataPoint>
        <dataPoint><x1>3.736500e-001</x1><x2>1.085570e-001</x2><x3>1.890940e-001</x3><x4>7.023491e-001</x4></dataPoint>
        <dataPoint><x1>3.466800e-001</x1><x2>1.126544e-001</x2><x3>1.882248e-001</x3><x4>6.991207e-001</x4></dataPoint>
        <dataPoint><x1>2.999800e-001</x1><x2>1.168575e-001</x2><x3>1.873332e-001</x3><x4>6.958092e-001</x4></dataPoint>
        <dataPoint><x1>2.489100e-001</x1><x2>1.210481e-001</x2><x3>1.864444e-001</x3><x4>6.925076e-001</x4></dataPoint>
        <dataPoint><x1>1.932800e-001</x1><x2>1.249912e-001</x2><x3>1.856079e-001</x3><x4>6.894009e-001</x4></dataPoint>
        <dataPoint><x1>1.534200e-001</x1><x2>1.290873e-001</x2><x3>1.847390e-001</x3><x4>6.861736e-001</x4></dataPoint>
        <dataPoint><x1>1.045400e-001</x1><x2>1.329684e-001</x2><x3>1.839158e-001</x3><x4>6.831158e-001</x4></dataPoint>
        <dataPoint><x1>8.480000e-002</x1><x2>1.370512e-001</x2><x3>1.830498e-001</x3><x4>6.798991e-001</x4></dataPoint>
    </dataGroup>
</experiment>
