<experiment>
    <fileAuthor>Chemical Kinetics Laboratory, Institute of Chemistry, ELTE, Budapest, Hungary</fileAuthor>
    <fileDOI>10.24388/x20004565</fileDOI>
    <fileVersion>
        <major>1</major>
        <minor>0</minor>
    </fileVersion>
    <ReSpecThVersion>
        <major>2</major>
        <minor>3</minor>
    </ReSpecThVersion>
    <firstPublicationDate>2021-10-29</firstPublicationDate>
    <lastModificationDate>2021-10-29</lastModificationDate>
    <bibliographyLink>
        <description>I.V. DYAKOV, A.A. KONNOV, J.D. RUYCK, K.J. BOSSCHAART, E.C.M. BROCK, L.P.H.D. GOEY, Combustion Science and Technology 172 (2001), 81--96</description>
        <referenceDOI>10.1080/00102200108935839</referenceDOI>
        <location>Main article</location>
        <table>Table. 3., Dilution ratio = 0.209 series</table>
        <figure>Fig. 3., cross</figure>
        <details>
            <author>I.V. DYAKOV and A. A. KONNOV and J. DE RUYCK and K. J. BOSSCHAART and E. C. M. BROCK and L. P. H. DE GOEY</author>
            <journal>Combustion Science and Technology</journal>
            <month>nov</month>
            <number>1</number>
            <pages>81--96</pages>
            <publisher>Informa {UK} Limited</publisher>
            <title>MEASUREMENT} {OF} {ADIABATIC} {BURNING} {VELOCITY} {IN} {METHANE}-{OXYGEN}-{NITROGEN} {MIXTURES</title>
            <volume>172</volume>
            <year>2001</year>
        </details>
    </bibliographyLink>
    <experimentType>laminar burning velocity measurement</experimentType>
    <apparatus>
        <kind>flame</kind>
        <mode>premixed</mode>
        <mode>laminar</mode>
        <mode>HFM</mode>
    </apparatus>
    <commonProperties>
        <property name="temperature"                   label="T"    sourcetype="reported"   units="K"    ><value>298</value></property>
        <property name="uncertainty"                   label="d_T"  sourcetype="reported"   units="K"     reference="temperature"               kind="absolute"  bound="plusminus" ><value>2</value></property>
        <property name="pressure"                      label="p"    sourcetype="reported"   units="bar"  ><value>1</value></property>
        <property name="uncertainty"                   label="d_p"  sourcetype="reported"   units="Pa"    reference="pressure"                  kind="absolute"  bound="plusminus" ><value>100</value></property>
        <property name="evaluated standard deviation"  sourcetype="estimated"  units="cm/s"  reference="laminar burning velocity"  kind="absolute"  method="combined from scatter and reported uncertainty" ><value>0.612643610528176</value></property>
    </commonProperties>
    <dataGroup id="dg1">
        <property name="laminar burning velocity"  id="x1"   label="Sl"     sourcetype="digitized"   units="cm/s"          />
        <property name="composition"               id="x2"   label="[CH4]"  sourcetype="calculated"  units="mole fraction" >
            <speciesLink preferredKey="CH4"  CAS="74-82-8"    InChI="1S/CH4/h1H4"  SMILES="C"    chemName="methane"  />
        </property>
        <property name="composition"               id="x3"   label="[O2]"   sourcetype="calculated"  units="mole fraction" >
            <speciesLink preferredKey="O2"   CAS="7782-44-7"  InChI="1S/O2/c1-2"   SMILES="O=O"  chemName="oxygen"   />
        </property>
        <property name="composition"               id="x4"   label="[N2]"   sourcetype="calculated"  units="mole fraction" >
            <speciesLink preferredKey="N2"   CAS="7727-37-9"  InChI="1S/N2/c1-2"   SMILES="N#N"  chemName="nitrogen" />
        </property>

        <dataPoint><x1>14.98</x1><x2>0.06816</x2><x3>0.19475</x3><x4>0.73708</x4></dataPoint>
        <dataPoint><x1>19.77</x1><x2>0.07268</x2><x3>0.19381</x3><x4>0.73351</x4></dataPoint>
        <dataPoint><x1>24.13</x1><x2>0.07715</x2><x3>0.19288</x3><x4>0.72997</x4></dataPoint>
        <dataPoint><x1>28.06</x1><x2>0.08158</x2><x3>0.19195</x3><x4>0.72647</x4></dataPoint>
        <dataPoint><x1>31.60</x1><x2>0.08596</x2><x3>0.19103</x3><x4>0.72300</x4></dataPoint>
        <dataPoint><x1>34.38</x1><x2>0.09031</x2><x3>0.19013</x3><x4>0.71957</x4></dataPoint>
        <dataPoint><x1>36.47</x1><x2>0.09461</x2><x3>0.18923</x3><x4>0.71616</x4></dataPoint>
        <dataPoint><x1>36.97</x1><x2>0.09632</x2><x3>0.18887</x3><x4>0.71481</x4></dataPoint>
        <dataPoint><x1>37.69</x1><x2>0.09888</x2><x3>0.18833</x3><x4>0.71279</x4></dataPoint>
        <dataPoint><x1>37.85</x1><x2>0.10310</x2><x3>0.18745</x3><x4>0.70945</x4></dataPoint>
        <dataPoint><x1>36.68</x1><x2>0.10728</x2><x3>0.18658</x3><x4>0.70614</x4></dataPoint>
        <dataPoint><x1>34.55</x1><x2>0.11143</x2><x3>0.18571</x3><x4>0.70286</x4></dataPoint>
        <dataPoint><x1>31.00</x1><x2>0.11553</x2><x3>0.18485</x3><x4>0.69961</x4></dataPoint>
        <dataPoint><x1>26.67</x1><x2>0.11960</x2><x3>0.18400</x3><x4>0.69639</x4></dataPoint>
        <dataPoint><x1>22.15</x1><x2>0.12363</x2><x3>0.18316</x3><x4>0.69321</x4></dataPoint>
        <dataPoint><x1>16.77</x1><x2>0.12763</x2><x3>0.18233</x3><x4>0.69005</x4></dataPoint>
        <dataPoint><x1>10.82</x1><x2>0.13551</x2><x3>0.18068</x3><x4>0.68381</x4></dataPoint>
    </dataGroup>
    <comment>CH4, O2 and N2 mole fractions were calculated using the ration: [O2]/([O2]+[N2]).</comment>
</experiment>
