<experiment>
    <fileAuthor>Chemical Kinetics Laboratory, Institute of Chemistry, ELTE, Budapest, Hungary</fileAuthor>
    <fileDOI>10.24388/x20004150</fileDOI>
    <fileVersion>
        <major>1</major>
        <minor>0</minor>
    </fileVersion>
    <ReSpecThVersion>
        <major>2</major>
        <minor>3</minor>
    </ReSpecThVersion>
    <firstPublicationDate>2021-10-29</firstPublicationDate>
    <lastModificationDate>2021-10-29</lastModificationDate>
    <bibliographyLink>
        <description>F. Halter, C. Chauveau, N. Djebaïli-Chaumeix, I. Gökalp, Proceedings of the Combustion Institute 30 (2005), 201--208</description>
        <referenceDOI>10.1016/j.proci.2004.08.195</referenceDOI>
        <location>Main article, Fig. 7, open circle</location>
        <figure>Figure 7</figure>
        <details>
            <author>F. Halter and C. Chauveau and N. Djebaïli-Chaumeix and I. Gökalp</author>
            <journal>Proceedings of the Combustion Institute</journal>
            <month>jan</month>
            <number>1</number>
            <pages>201--208</pages>
            <publisher>Elsevier {BV}</publisher>
            <title>Characterization of the effects of pressure and hydrogen concentration on laminar burning velocities of methane{\textendash}hydrogen{\textendash}air mixtures</title>
            <volume>30</volume>
            <year>2005</year>
        </details>
    </bibliographyLink>
    <experimentType>laminar burning velocity measurement</experimentType>
    <apparatus>
        <kind>flame</kind>
        <mode>premixed</mode>
        <mode>laminar</mode>
    </apparatus>
    <commonProperties>
        <property name="pressure"     label="P"  sourcetype="reported"  units="Pa" ><value>1e+005</value></property>
        <property name="temperature"  label="T"  sourcetype="reported"  units="K"  ><value>298</value></property>
    </commonProperties>
    <dataGroup id="dg1">
        <property name="laminar burning velocity"      id="x1"   label="Sl"     sourcetype="digitized"  units="cm/s"          />
        <property name="composition"                   id="x2"   label="[CH4]"  sourcetype="digitized"  units="mole fraction" >
            <speciesLink preferredKey="CH4"  CAS="74-82-8"    InChI="1S/CH4/h1H4"  SMILES="C"     chemName="methane"  />
        </property>
        <property name="composition"                   id="x3"   label="[O2]"   sourcetype="digitized"  units="mole fraction" >
            <speciesLink preferredKey="O2"   CAS="7782-44-7"  InChI="1S/O2/c1-2"   SMILES="O=O"   chemName="oxygen"   />
        </property>
        <property name="composition"                   id="x4"   label="[N2]"   sourcetype="digitized"  units="mole fraction" >
            <speciesLink preferredKey="N2"   CAS="7727-37-9"  InChI="1S/N2/c1-2"   SMILES="N#N"   chemName="nitrogen" />
        </property>
        <property name="composition"                   id="x5"   label="[H2]"   sourcetype="digitized"  units="mole fraction" >
            <speciesLink preferredKey="H2"   CAS="1333-74-0"  InChI="1S/H2/h1H"    SMILES="[HH]"  chemName="hydrogen" />
        </property>
        <property name="evaluated standard deviation"  id="x6"   sourcetype="estimated"  units="cm/s"           reference="laminar burning velocity"  kind="absolute"  method="generic uncertainty" />

        <dataPoint><x1>1.831181e+001</x1><x2>6.623446e-002</x2><x3>1.946231e-001</x3><x4>7.317830e-001</x4><x5>7.359385e-003</x5>              <x6>0.5</x6></dataPoint>
        <dataPoint><x1>2.403137e+001</x1><x2>7.499180e-002</x2><x3>1.925789e-001</x3><x4>7.240968e-001</x4><x5>8.332422e-003</x5>              <x6>0.5</x6></dataPoint>
        <dataPoint><x1>3.249077e+001</x1><x2>8.351578e-002</x2><x3>1.905892e-001</x3><x4>7.166155e-001</x4><x5>9.279532e-003</x5><x6>0.508059737775808</x6></dataPoint>
        <dataPoint><x1>3.821033e+001</x1><x2>9.185472e-002</x2><x3>1.886427e-001</x3><x4>7.092965e-001</x4><x5>1.020608e-002</x5><x6>0.517913290751186</x6></dataPoint>
        <dataPoint><x1>3.925277e+001</x1><x2>9.593126e-002</x2><x3>1.876911e-001</x3><x4>7.057186e-001</x4><x5>1.065903e-002</x5><x6>0.519858579409653</x6></dataPoint>
        <dataPoint><x1>3.916052e+001</x1><x2>9.997577e-002</x2><x3>1.867470e-001</x3><x4>7.021688e-001</x4><x5>1.110842e-002</x5><x6>0.519684617759425</x6></dataPoint>
        <dataPoint><x1>3.587638e+001</x1><x2>1.040294e-001</x2><x3>1.858008e-001</x3><x4>6.986110e-001</x4><x5>1.155882e-002</x5><x6>0.513722989379111</x6></dataPoint>
        <dataPoint><x1>3.194649e+001</x1><x2>1.080421e-001</x2><x3>1.848641e-001</x3><x4>6.950891e-001</x4><x5>1.200468e-002</x5><x6>0.507196115276924</x6></dataPoint>
    </dataGroup>
</experiment>
