<experiment>
    <fileAuthor>Chemical Kinetics Laboratory, Institute of Chemistry, ELTE, Budapest, Hungary</fileAuthor>
    <fileDOI>10.24388/x20004092</fileDOI>
    <fileVersion>
        <major>1</major>
        <minor>0</minor>
    </fileVersion>
    <ReSpecThVersion>
        <major>2</major>
        <minor>3</minor>
    </ReSpecThVersion>
    <firstPublicationDate>2021-10-29</firstPublicationDate>
    <lastModificationDate>2021-10-29</lastModificationDate>
    <bibliographyLink>
        <description>O. Park, P.S. Veloo, N. Liu, F.N. Egolfopoulos, Proceedings of the Combustion Institute 33 (2011), 887-894</description>
        <referenceDOI>10.1016/j.proci.2010.06.116</referenceDOI>
        <location>Main article, Fig. 3b, full circle</location>
        <figure>Figure 3b</figure>
        <details>
            <author>Okjoo Park and Peter S. Veloo and Ning Liu and Fokion N. Egolfopoulos</author>
            <journal>Proceedings of the Combustion Institute</journal>
            <number>1</number>
            <pages>887-894</pages>
            <title>Combustion characteristics of alternative gaseous fuels</title>
            <volume>33</volume>
            <year>2011</year>
        </details>
    </bibliographyLink>
    <experimentType>laminar burning velocity measurement</experimentType>
    <apparatus>
        <kind>flame</kind>
        <mode>premixed</mode>
        <mode>laminar</mode>
    </apparatus>
    <commonProperties>
        <property name="pressure"                      label="P"  sourcetype="reported"   units="atm"  ><value>1</value></property>
        <property name="temperature"                   label="T"  sourcetype="reported"   units="K"    ><value>298</value></property>
        <property name="evaluated standard deviation"  sourcetype="estimated"  units="cm/s"  reference="laminar burning velocity"  kind="absolute"  method="combined from scatter and reported uncertainty" ><value>1.41244035294415</value></property>
    </commonProperties>
    <dataGroup id="dg1">
        <property name="laminar burning velocity"  id="x1"   label="Sl"     sourcetype="digitized"  units="cm/s"          />
        <property name="composition"               id="x2"   label="[CH4]"  sourcetype="digitized"  units="mole fraction" >
            <speciesLink preferredKey="CH4"  CAS="74-82-8"    InChI="1S/CH4/h1H4"  SMILES="C"     chemName="methane"  />
        </property>
        <property name="composition"               id="x3"   label="[O2]"   sourcetype="digitized"  units="mole fraction" >
            <speciesLink preferredKey="O2"   CAS="7782-44-7"  InChI="1S/O2/c1-2"   SMILES="O=O"   chemName="oxygen"   />
        </property>
        <property name="composition"               id="x4"   label="[N2]"   sourcetype="digitized"  units="mole fraction" >
            <speciesLink preferredKey="N2"   CAS="7727-37-9"  InChI="1S/N2/c1-2"   SMILES="N#N"   chemName="nitrogen" />
        </property>
        <property name="composition"               id="x5"   label="[H2]"   sourcetype="digitized"  units="mole fraction" >
            <speciesLink preferredKey="H2"   CAS="1333-74-0"  InChI="1S/H2/h1H"    SMILES="[HH]"  chemName="hydrogen" />
        </property>

        <dataPoint><x1>8.542070e+000</x1><x2>5.143859e-003</x2><x3>1.902988e-001</x3><x4>7.068240e-001</x4><x5>9.773332e-002</x5></dataPoint>
        <dataPoint><x1>1.235812e+001</x1><x2>5.726154e-003</x2><x3>1.878284e-001</x3><x4>6.976485e-001</x4><x5>1.087969e-001</x5></dataPoint>
        <dataPoint><x1>1.582192e+001</x1><x2>6.299867e-003</x2><x3>1.853945e-001</x3><x4>6.886082e-001</x4><x5>1.196975e-001</x5></dataPoint>
        <dataPoint><x1>2.310176e+001</x1><x2>6.871667e-003</x2><x3>1.829687e-001</x3><x4>6.795980e-001</x4><x5>1.305617e-001</x5></dataPoint>
        <dataPoint><x1>3.657534e+001</x1><x2>7.784720e-003</x2><x3>1.790951e-001</x3><x4>6.652105e-001</x4><x5>1.479097e-001</x5></dataPoint>
        <dataPoint><x1>4.861057e+001</x1><x2>8.300864e-003</x2><x3>1.769054e-001</x3><x4>6.570773e-001</x4><x5>1.577164e-001</x5></dataPoint>
    </dataGroup>
</experiment>
