<experiment>
    <fileAuthor>Chemical Kinetics Laboratory, Institute of Chemistry, ELTE, Budapest, Hungary</fileAuthor>
    <fileDOI>10.24388/x20004105</fileDOI>
    <fileVersion>
        <major>1</major>
        <minor>0</minor>
    </fileVersion>
    <ReSpecThVersion>
        <major>2</major>
        <minor>3</minor>
    </ReSpecThVersion>
    <firstPublicationDate>2021-10-29</firstPublicationDate>
    <lastModificationDate>2021-10-29</lastModificationDate>
    <bibliographyLink>
        <description>A.A. Konnov, R. Riemeijer, L.P.H.{. Goey}, Fuel 89 (2010), 1392-1396</description>
        <referenceDOI>10.1016/j.fuel.2009.11.002</referenceDOI>
        <location>Main article, Fig. 5, cross</location>
        <figure>Figure 5</figure>
        <details>
            <author>A.A. Konnov and R. Riemeijer and L.P.H. {de Goey}</author>
            <journal>Fuel</journal>
            <number>7</number>
            <pages>1392-1396</pages>
            <title>Adiabatic laminar burning velocities of CH4+H2+air flames at low pressures</title>
            <volume>89</volume>
            <year>2010</year>
        </details>
    </bibliographyLink>
    <experimentType>laminar burning velocity measurement</experimentType>
    <apparatus>
        <kind>flame</kind>
        <mode>premixed</mode>
        <mode>laminar</mode>
    </apparatus>
    <commonProperties>
        <property name="pressure"                      label="P"  sourcetype="reported"   units="Pa"   ><value>20000</value></property>
        <property name="temperature"                   label="T"  sourcetype="reported"   units="K"    ><value>298</value></property>
        <property name="evaluated standard deviation"  sourcetype="estimated"  units="cm/s"  reference="laminar burning velocity"  kind="absolute"  method="combined from scatter and reported uncertainty" ><value>2.27792498235505</value></property>
    </commonProperties>
    <dataGroup id="dg1">
        <property name="laminar burning velocity"  id="x1"   label="Sl"     sourcetype="digitized"  units="cm/s"          />
        <property name="composition"               id="x2"   label="[CH4]"  sourcetype="digitized"  units="mole fraction" >
            <speciesLink preferredKey="CH4"  CAS="74-82-8"    InChI="1S/CH4/h1H4"  SMILES="C"     chemName="methane"  />
        </property>
        <property name="composition"               id="x3"   label="[O2]"   sourcetype="digitized"  units="mole fraction" >
            <speciesLink preferredKey="O2"   CAS="7782-44-7"  InChI="1S/O2/c1-2"   SMILES="O=O"   chemName="oxygen"   />
        </property>
        <property name="composition"               id="x4"   label="[N2]"   sourcetype="digitized"  units="mole fraction" >
            <speciesLink preferredKey="N2"   CAS="7727-37-9"  InChI="1S/N2/c1-2"   SMILES="N#N"   chemName="nitrogen" />
        </property>
        <property name="composition"               id="x5"   label="[H2]"   sourcetype="digitized"  units="mole fraction" >
            <speciesLink preferredKey="H2"   CAS="1333-74-0"  InChI="1S/H2/h1H"    SMILES="[HH]"  chemName="hydrogen" />
        </property>

        <dataPoint><x1>4.639196e+001</x1><x2>7.265066e-002</x2><x3>1.928578e-001</x3><x4>7.163289e-001</x4><x5>1.816267e-002</x5></dataPoint>
        <dataPoint><x1>5.539698e+001</x1><x2>8.074341e-002</x2><x3>1.907120e-001</x3><x4>7.083588e-001</x4><x5>2.018585e-002</x5></dataPoint>
        <dataPoint><x1>6.070352e+001</x1><x2>8.881114e-002</x2><x3>1.885728e-001</x3><x4>7.004133e-001</x4><x5>2.220278e-002</x5></dataPoint>
        <dataPoint><x1>6.082412e+001</x1><x2>9.661192e-002</x2><x3>1.865044e-001</x3><x4>6.927307e-001</x4><x5>2.415298e-002</x5></dataPoint>
        <dataPoint><x1>5.539698e+001</x1><x2>1.042389e-001</x2><x3>1.844821e-001</x3><x4>6.852193e-001</x4><x5>2.605973e-002</x5></dataPoint>
        <dataPoint><x1>4.402010e+001</x1><x2>1.116971e-001</x2><x3>1.825046e-001</x3><x4>6.778741e-001</x4><x5>2.792427e-002</x5></dataPoint>
        <dataPoint><x1>3.133668e+001</x1><x2>1.189956e-001</x2><x3>1.805693e-001</x3><x4>6.706861e-001</x4><x5>2.974890e-002</x5></dataPoint>
    </dataGroup>
</experiment>
