<experiment>
    <fileAuthor>Chemical Kinetics Laboratory, Institute of Chemistry, ELTE, Budapest, Hungary</fileAuthor>
    <fileDOI>10.24388/x20004318</fileDOI>
    <fileVersion>
        <major>1</major>
        <minor>0</minor>
    </fileVersion>
    <ReSpecThVersion>
        <major>2</major>
        <minor>3</minor>
    </ReSpecThVersion>
    <firstPublicationDate>2021-10-29</firstPublicationDate>
    <lastModificationDate>2021-10-29</lastModificationDate>
    <bibliographyLink>
        <description>Y. Xie, J. Wang, M. Zhang, J. Gong, W. Jin, Z. Huang, Energy Fuels 27 (2013), 6231--6237</description>
        <referenceDOI>10.1021/ef401220h</referenceDOI>
        <location>Main article, Fig. 1b, open circle</location>
        <figure>Figure 1b</figure>
        <details>
            <author>Yongliang Xie and Jinhua Wang and Meng Zhang and Jing Gong and Wu Jin and Zuohua Huang</author>
            <journal>Energy Fuels</journal>
            <month>oct</month>
            <number>10</number>
            <pages>6231--6237</pages>
            <publisher>American Chemical Society ({ACS})</publisher>
            <title>Experimental and Numerical Study on Laminar Flame Characteristics of Methane Oxy-fuel Mixtures Highly Diluted with {CO}2</title>
            <volume>27</volume>
            <year>2013</year>
        </details>
    </bibliographyLink>
    <experimentType>laminar burning velocity measurement</experimentType>
    <apparatus>
        <kind>flame</kind>
        <mode>premixed</mode>
        <mode>laminar</mode>
    </apparatus>
    <commonProperties>
        <property name="pressure"     label="P"  sourcetype="reported"  units="Pa" ><value>0.2e+006</value></property>
        <property name="temperature"  label="T"  sourcetype="reported"  units="K"  ><value>300</value></property>
    </commonProperties>
    <dataGroup id="dg1">
        <property name="laminar burning velocity"      id="x1"   label="Sl"     sourcetype="digitized"  units="cm/s"          />
        <property name="composition"                   id="x2"   label="[CH4]"  sourcetype="digitized"  units="mole fraction" >
            <speciesLink preferredKey="CH4"  CAS="74-82-8"    InChI="1S/CH4/h1H4"    SMILES="C"        chemName="methane"        />
        </property>
        <property name="composition"                   id="x3"   label="[O2]"   sourcetype="digitized"  units="mole fraction" >
            <speciesLink preferredKey="O2"   CAS="7782-44-7"  InChI="1S/O2/c1-2"     SMILES="O=O"      chemName="oxygen"         />
        </property>
        <property name="composition"                   id="x4"   label="[CO2]"  sourcetype="digitized"  units="mole fraction" >
            <speciesLink preferredKey="CO2"  CAS="124-38-9"   InChI="1S/CO2/c2-1-3"  SMILES="C(=O)=O"  chemName="carbon dioxide" />
        </property>
        <property name="evaluated standard deviation"  id="x5"   sourcetype="estimated"  units="cm/s"           reference="laminar burning velocity"  kind="absolute"  method="combined from scatter and estimated uncertainty" />

        <dataPoint><x1>1.750000e+000</x1><x2>7.387170E-02</x2><x3>3.704513E-01</x3><x4>5.556770E-01</x4><x5>1.71551292866011</x5></dataPoint>
        <dataPoint><x1>1.579375e+001</x1><x2>1.073310E-01</x2><x3>3.570676E-01</x3><x4>5.356014E-01</x4><x5>1.88651390295864</x5></dataPoint>
        <dataPoint><x1>2.721250e+001</x1><x2>1.382267E-01</x2><x3>3.447093E-01</x3><x4>5.170640E-01</x4><x5>2.18783654531709</x5></dataPoint>
        <dataPoint><x1>3.683750e+001</x1><x2>1.670040E-01</x2><x3>3.331984E-01</x3><x4>4.997976E-01</x4><x5>2.51551821182535</x5></dataPoint>
        <dataPoint><x1>3.596250e+001</x1><x2>1.940073E-01</x2><x3>3.223971E-01</x3><x4>4.835956E-01</x4><x5>2.48366299526023</x5></dataPoint>
        <dataPoint><x1>2.397500e+001</x1><x2>2.188513E-01</x2><x3>3.124595E-01</x3><x4>4.686892E-01</x4><x5>2.09101169793476</x5></dataPoint>
        <dataPoint><x1>1.198750e+001</x1><x2>2.425402E-01</x2><x3>3.029839E-01</x3><x4>4.544759E-01</x4><x5>1.81509744890598</x5></dataPoint>
    </dataGroup>
</experiment>
