<experiment>
    <fileAuthor>Chemical Kinetics Laboratory, Institute of Chemistry, ELTE, Budapest, Hungary</fileAuthor>
    <fileDOI>10.24388/x20004008</fileDOI>
    <fileVersion>
        <major>1</major>
        <minor>0</minor>
    </fileVersion>
    <ReSpecThVersion>
        <major>2</major>
        <minor>3</minor>
    </ReSpecThVersion>
    <firstPublicationDate>2021-10-29</firstPublicationDate>
    <lastModificationDate>2021-10-29</lastModificationDate>
    <bibliographyLink>
        <description>C.M. Vagelopoulos, F.N. Egolfopoulos, Symp (Int) Combust 25 (1994), 1317--1323</description>
        <referenceDOI>10.1016/S0082-0784(06)80773-3</referenceDOI>
        <location>Main article, Fig. 4b, (xCO+xCH4)=0.15</location>
        <figure>Figure 4b</figure>
        <details>
            <author>Vagelopoulos, C M and Egolfopoulos, F N</author>
            <journal>Symp (Int) Combust</journal>
            <pages>1317--1323</pages>
            <title>Laminar Flame Speeds and Extinction Strain Rates of Mixtures of Carbon Monoxide with Hydrogen, Methane, and Air</title>
            <volume>25</volume>
            <year>1994</year>
        </details>
    </bibliographyLink>
    <experimentType>laminar burning velocity measurement</experimentType>
    <apparatus>
        <kind>flame</kind>
        <mode>premixed</mode>
        <mode>laminar</mode>
    </apparatus>
    <commonProperties>
        <property name="pressure"                      label="P"  sourcetype="reported"   units="atm"  ><value>1</value></property>
        <property name="temperature"                   label="T"  sourcetype="reported"   units="K"    ><value>298</value></property>
        <property name="evaluated standard deviation"  sourcetype="estimated"  units="cm/s"  reference="laminar burning velocity"  kind="absolute"  method="combined from scatter and reported uncertainty" ><value>1.2387421937191</value></property>
    </commonProperties>
    <dataGroup id="dg1">
        <property name="laminar burning velocity"  id="x1"   label="Sl"     sourcetype="digitized"   units="cm/s"          />
        <property name="composition"               id="x2"   label="[CH4]"  sourcetype="reported"    units="mole fraction" >
            <speciesLink preferredKey="CH4"  CAS="74-82-8"    InChI="1S/CH4/h1H4"  SMILES="C"          chemName="methane"         />
        </property>
        <property name="composition"               id="x3"   label="[CO]"   sourcetype="reported"    units="mole fraction" >
            <speciesLink preferredKey="CO"   CAS="630-08-0"   InChI="1S/CO/c1-2"   SMILES="[C-]#[O+]"  chemName="carbon monoxide" />
        </property>
        <property name="composition"               id="x4"   label="[O2]"   sourcetype="calculated"  units="mole fraction" >
            <speciesLink preferredKey="O2"   CAS="7782-44-7"  InChI="1S/O2/c1-2"   SMILES="O=O"        chemName="oxygen"          />
        </property>
        <property name="composition"               id="x5"   label="[N2]"   sourcetype="calculated"  units="mole fraction" >
            <speciesLink preferredKey="N2"   CAS="7727-37-9"  InChI="1S/N2/c1-2"   SMILES="N#N"        chemName="nitrogen"        />
        </property>

        <dataPoint><x1>1.152658e+001</x1><x2>5.370000e-003</x2><x3>1.446300e-001</x3><x4>1.785000e-001</x4><x5>6.715000e-001</x5></dataPoint>
        <dataPoint><x1>1.504821e+001</x1><x2>1.479000e-002</x2><x3>1.352100e-001</x3><x4>1.785000e-001</x4><x5>6.715000e-001</x5></dataPoint>
        <dataPoint><x1>2.158366e+001</x1><x2>2.126000e-002</x2><x3>1.287400e-001</x3><x4>1.785000e-001</x4><x5>6.715000e-001</x5></dataPoint>
        <dataPoint><x1>2.602415e+001</x1><x2>2.977000e-002</x2><x3>1.202300e-001</x3><x4>1.785000e-001</x4><x5>6.715000e-001</x5></dataPoint>
        <dataPoint><x1>3.246186e+001</x1><x2>3.934000e-002</x2><x3>1.106600e-001</x3><x4>1.785000e-001</x4><x5>6.715000e-001</x5></dataPoint>
        <dataPoint><x1>3.795330e+001</x1><x2>4.505000e-002</x2><x3>1.049500e-001</x3><x4>1.785000e-001</x4><x5>6.715000e-001</x5></dataPoint>
        <dataPoint><x1>4.384671e+001</x1><x2>6.096000e-002</x2><x3>8.904000e-002</x3><x4>1.785000e-001</x4><x5>6.715000e-001</x5></dataPoint>
        <dataPoint><x1>4.735927e+001</x1><x2>7.504000e-002</x2><x3>7.496000e-002</x3><x4>1.785000e-001</x4><x5>6.715000e-001</x5></dataPoint>
        <dataPoint><x1>4.514450e+001</x1><x2>9.150000e-002</x2><x3>5.850000e-002</x3><x4>1.785000e-001</x4><x5>6.715000e-001</x5></dataPoint>
        <dataPoint><x1>3.741936e+001</x1><x2>1.025500e-001</x2><x3>4.745000e-002</x3><x4>1.785000e-001</x4><x5>6.715000e-001</x5></dataPoint>
        <dataPoint><x1>3.034074e+001</x1><x2>1.112800e-001</x2><x3>3.872000e-002</x3><x4>1.785000e-001</x4><x5>6.715000e-001</x5></dataPoint>
        <dataPoint><x1>2.564744e+001</x1><x2>1.195400e-001</x2><x3>3.046000e-002</x3><x4>1.785000e-001</x4><x5>6.715000e-001</x5></dataPoint>
        <dataPoint><x1>1.731643e+001</x1><x2>1.309000e-001</x2><x3>1.910000e-002</x3><x4>1.785000e-001</x4><x5>6.715000e-001</x5></dataPoint>
    </dataGroup>
</experiment>
