<experiment>
    <fileAuthor>Chemical Kinetics Laboratory, Institute of Chemistry, ELTE, Budapest, Hungary</fileAuthor>
    <fileDOI>10.24388/x20004072</fileDOI>
    <fileVersion>
        <major>1</major>
        <minor>0</minor>
    </fileVersion>
    <ReSpecThVersion>
        <major>2</major>
        <minor>3</minor>
    </ReSpecThVersion>
    <firstPublicationDate>2021-10-29</firstPublicationDate>
    <lastModificationDate>2021-10-29</lastModificationDate>
    <bibliographyLink>
        <description>D.L. Zhu, F.N. Egolfopoulos, C.K. Law, Symposium (International) on Combustion 22 (1989), 1537-1545</description>
        <referenceDOI>10.1016/S0082-0784(89)80164-X</referenceDOI>
        <location>Main article, Fig. 3, full square</location>
        <figure>Figure 3</figure>
        <details>
            <author>D.L. Zhu and F.N. Egolfopoulos and C.K. Law</author>
            <journal>Symposium (International) on Combustion</journal>
            <number>1</number>
            <pages>1537-1545</pages>
            <title>Experimental and numerical determination of laminar flame speeds of methane/(Ar, N2, CO2)-air mixtures as function of stoichiometry, pressure, and flame temperature</title>
            <volume>22</volume>
            <year>1989</year>
        </details>
    </bibliographyLink>
    <experimentType>laminar burning velocity measurement</experimentType>
    <apparatus>
        <kind>flame</kind>
        <mode>premixed</mode>
        <mode>laminar</mode>
    </apparatus>
    <commonProperties>
        <property name="pressure"                      label="P"  sourcetype="reported"   units="atm"  ><value>1</value></property>
        <property name="temperature"                   label="T"  sourcetype="reported"   units="K"    ><value>298</value></property>
        <property name="evaluated standard deviation"  sourcetype="estimated"  units="cm/s"  reference="laminar burning velocity"  kind="absolute"  method="combined from scatter and reported uncertainty" ><value>1.09489569052216</value></property>
    </commonProperties>
    <dataGroup id="dg1">
        <property name="laminar burning velocity"  id="x1"   label="Sl"     sourcetype="digitized"  units="cm/s"          />
        <property name="composition"               id="x2"   label="[CH4]"  sourcetype="digitized"  units="mole fraction" >
            <speciesLink preferredKey="CH4"  CAS="74-82-8"    InChI="1S/CH4/h1H4"  SMILES="C"    chemName="methane"  />
        </property>
        <property name="composition"               id="x3"   label="[O2]"   sourcetype="digitized"  units="mole fraction" >
            <speciesLink preferredKey="O2"   CAS="7782-44-7"  InChI="1S/O2/c1-2"   SMILES="O=O"  chemName="oxygen"   />
        </property>
        <property name="composition"               id="x4"   label="[N2]"   sourcetype="digitized"  units="mole fraction" >
            <speciesLink preferredKey="N2"   CAS="7727-37-9"  InChI="1S/N2/c1-2"   SMILES="N#N"  chemName="nitrogen" />
        </property>

        <dataPoint><x1>6.637600e+000</x1><x2>5.312921e-002</x2><x3>2.008514e-001</x3><x4>7.460194e-001</x4></dataPoint>
        <dataPoint><x1>7.863670e+000</x1><x2>5.525634e-002</x2><x3>2.004002e-001</x3><x4>7.443435e-001</x4></dataPoint>
        <dataPoint><x1>1.140254e+001</x1><x2>5.994342e-002</x2><x3>1.994059e-001</x3><x4>7.406506e-001</x4></dataPoint>
        <dataPoint><x1>1.492136e+001</x1><x2>6.411905e-002</x2><x3>1.985202e-001</x3><x4>7.373608e-001</x4></dataPoint>
        <dataPoint><x1>1.966535e+001</x1><x2>6.898733e-002</x2><x3>1.974875e-001</x3><x4>7.335251e-001</x4></dataPoint>
        <dataPoint><x1>2.763167e+001</x1><x2>7.759005e-002</x2><x3>1.956627e-001</x3><x4>7.267472e-001</x4></dataPoint>
        <dataPoint><x1>3.457081e+001</x1><x2>8.599714e-002</x2><x3>1.938794e-001</x3><x4>7.201235e-001</x4></dataPoint>
        <dataPoint><x1>3.965357e+001</x1><x2>9.482888e-002</x2><x3>1.920060e-001</x3><x4>7.131651e-001</x4></dataPoint>
        <dataPoint><x1>4.044730e+001</x1><x2>9.987979e-002</x2><x3>1.909346e-001</x3><x4>7.091856e-001</x4></dataPoint>
        <dataPoint><x1>4.045038e+001</x1><x2>1.041560e-001</x2><x3>1.900275e-001</x3><x4>7.058165e-001</x4></dataPoint>
        <dataPoint><x1>3.713808e+001</x1><x2>1.126486e-001</x2><x3>1.882261e-001</x3><x4>6.991254e-001</x4></dataPoint>
        <dataPoint><x1>2.831420e+001</x1><x2>1.203560e-001</x2><x3>1.865912e-001</x3><x4>6.930529e-001</x4></dataPoint>
        <dataPoint><x1>2.170056e+001</x1><x2>1.251682e-001</x2><x3>1.855704e-001</x3><x4>6.892615e-001</x4></dataPoint>
        <dataPoint><x1>1.441445e+001</x1><x2>1.288057e-001</x2><x3>1.847988e-001</x3><x4>6.863955e-001</x4></dataPoint>
        <dataPoint><x1>1.145477e+001</x1><x2>1.330672e-001</x2><x3>1.838948e-001</x3><x4>6.830379e-001</x4></dataPoint>
        <dataPoint><x1>1.011415e+001</x1><x2>1.364094e-001</x2><x3>1.831859e-001</x3><x4>6.804047e-001</x4></dataPoint>
    </dataGroup>
</experiment>
