<experiment>
    <fileAuthor>Chemical Kinetics Laboratory, Institute of Chemistry, ELTE, Budapest, Hungary</fileAuthor>
    <fileDOI>10.24388/x20004494</fileDOI>
    <fileVersion>
        <major>1</major>
        <minor>0</minor>
    </fileVersion>
    <ReSpecThVersion>
        <major>2</major>
        <minor>3</minor>
    </ReSpecThVersion>
    <firstPublicationDate>2021-10-29</firstPublicationDate>
    <lastModificationDate>2021-10-29</lastModificationDate>
    <bibliographyLink>
        <description>J. Han, C. Lee, S. Kum, Y. Hwang, Energy Fuels 21 (2007), 3202--3207</description>
        <referenceDOI>10.1021/ef070175v</referenceDOI>
        <location>Main article</location>
        <figure>Fig.4., open triangle</figure>
        <details>
            <author>Ji-Woong Han and Chang-Eon Lee and Sung-Min Kum and Yong-Soo Hwang</author>
            <journal>Energy Fuels</journal>
            <month>nov</month>
            <number>6</number>
            <pages>3202--3207</pages>
            <publisher>American Chemical Society ({ACS})</publisher>
            <title>Study on the Improvement of Chemical Reaction Mechanism of Methane Based on the Laminar Burning Velocities in {OEC}</title>
            <volume>21</volume>
            <year>2007</year>
        </details>
    </bibliographyLink>
    <experimentType>laminar burning velocity measurement</experimentType>
    <apparatus>
        <kind>flame</kind>
        <mode>premixed</mode>
        <mode>laminar</mode>
    </apparatus>
    <commonProperties>
        <property name="pressure"     label="P"  sourcetype="reported"  units="atm" ><value>1</value></property>
        <property name="temperature"  label="T"  sourcetype="reported"  units="K"   ><value>298</value></property>
    </commonProperties>
    <dataGroup id="dg1">
        <property name="laminar burning velocity"      id="x1"   label="Sl"     sourcetype="digitized"   units="cm/s"          />
        <property name="composition"                   id="x2"   label="[CH4]"  sourcetype="calculated"  units="mole fraction" >
            <speciesLink preferredKey="CH4"  CAS="74-82-8"    InChI="1S/CH4/h1H4"  SMILES="C"    chemName="methane"  />
        </property>
        <property name="composition"                   id="x3"   label="[O2]"   sourcetype="calculated"  units="mole fraction" >
            <speciesLink preferredKey="O2"   CAS="7782-44-7"  InChI="1S/O2/c1-2"   SMILES="O=O"  chemName="oxygen"   />
        </property>
        <property name="composition"                   id="x4"   label="[N2]"   sourcetype="calculated"  units="mole fraction" >
            <speciesLink preferredKey="N2"   CAS="7727-37-9"  InChI="1S/N2/c1-2"   SMILES="N#N"  chemName="nitrogen" />
        </property>
        <property name="evaluated standard deviation"  id="x5"   sourcetype="estimated"   units="cm/s"           reference="laminar burning velocity"  kind="absolute"  method="combined from scatter and estimated uncertainty" />

        <dataPoint><x1>3.348519e+001</x1><x2>8.183887e-002</x2><x3>1.928138e-001</x3><x4>7.253473e-001</x4><x5>2.02731549213509</x5></dataPoint>
        <dataPoint><x1>3.709725e+001</x1><x2>8.625752e-002</x2><x3>1.918859e-001</x3><x4>7.218566e-001</x4><x5>2.24228029788115</x5></dataPoint>
        <dataPoint><x1>4.027952e+001</x1><x2>9.063471e-002</x2><x3>1.909667e-001</x3><x4>7.183986e-001</x4><x5>2.43192568146941</x5></dataPoint>
        <dataPoint><x1>4.166443e+001</x1><x2>9.495555e-002</x2><x3>1.900593e-001</x3><x4>7.149851e-001</x4><x5>2.51451953761561</x5></dataPoint>
        <dataPoint><x1>4.261956e+001</x1><x2>9.925766e-002</x2><x3>1.891559e-001</x3><x4>7.115864e-001</x4><x5>2.57150078895146</x5></dataPoint>
        <dataPoint><x1>4.251956e+001</x1><x2>1.033562e-001</x2><x3>1.882952e-001</x3><x4>7.083486e-001</x4><x5>2.56553429608297</x5></dataPoint>
        <dataPoint><x1>4.050535e+001</x1><x2>1.077537e-001</x2><x3>1.873717e-001</x3><x4>7.048746e-001</x4><x5>2.44539151263801</x5></dataPoint>
        <dataPoint><x1>3.817820e+001</x1><x2>1.117622e-001</x2><x3>1.865299e-001</x3><x4>7.017079e-001</x4><x5>2.30667495020538</x5></dataPoint>
        <dataPoint><x1>3.478326e+001</x1><x2>1.159203e-001</x2><x3>1.856567e-001</x3><x4>6.984229e-001</x4><x5>2.10452610377262</x5></dataPoint>
        <dataPoint><x1>3.097154e+001</x1><x2>1.200414e-001</x2><x3>1.847913e-001</x3><x4>6.951673e-001</x4><x5>1.87795903334944</x5></dataPoint>
    </dataGroup>
</experiment>
