<experiment>
    <fileAuthor>Chemical Kinetics Laboratory, Institute of Chemistry, ELTE, Budapest, Hungary</fileAuthor>
    <fileDOI>10.24388/x20004051</fileDOI>
    <fileVersion>
        <major>1</major>
        <minor>0</minor>
    </fileVersion>
    <ReSpecThVersion>
        <major>2</major>
        <minor>3</minor>
    </ReSpecThVersion>
    <firstPublicationDate>2021-10-29</firstPublicationDate>
    <lastModificationDate>2021-10-29</lastModificationDate>
    <bibliographyLink>
        <description>X. Hu, Q. Yu, J. Liu, N. Sun, Energy 70 (2014), 626--634</description>
        <referenceDOI>10.1016/j.energy.2014.04.029</referenceDOI>
        <location>Main article, Fig. 4, full triangle</location>
        <figure>Figure 4</figure>
        <details>
            <author>Xianzhong Hu and Qingbo Yu and Junxiang Liu and Nan Sun</author>
            <journal>Energy</journal>
            <month>jun</month>
            <pages>626--634</pages>
            <publisher>Elsevier {BV}</publisher>
            <title>Investigation of laminar flame speeds of {CH}4/O2/{CO}2 mixtures at ordinary pressure and kinetic simulation</title>
            <volume>70</volume>
            <year>2014</year>
        </details>
    </bibliographyLink>
    <experimentType>laminar burning velocity measurement</experimentType>
    <apparatus>
        <kind>flame</kind>
        <mode>premixed</mode>
        <mode>laminar</mode>
    </apparatus>
    <commonProperties>
        <property name="pressure"     label="P"  sourcetype="reported"  units="atm" ><value>1</value></property>
        <property name="temperature"  label="T"  sourcetype="reported"  units="K"   ><value>300</value></property>
    </commonProperties>
    <dataGroup id="dg1">
        <property name="laminar burning velocity"      id="x1"   label="Sl"     sourcetype="digitized"  units="cm/s"          />
        <property name="composition"                   id="x2"   label="[CH4]"  sourcetype="digitized"  units="mole fraction" >
            <speciesLink preferredKey="CH4"  CAS="74-82-8"    InChI="1S/CH4/h1H4"    SMILES="C"        chemName="methane"        />
        </property>
        <property name="composition"                   id="x3"   label="[O2]"   sourcetype="digitized"  units="mole fraction" >
            <speciesLink preferredKey="O2"   CAS="7782-44-7"  InChI="1S/O2/c1-2"     SMILES="O=O"      chemName="oxygen"         />
        </property>
        <property name="composition"                   id="x4"   label="[CO2]"  sourcetype="digitized"  units="mole fraction" >
            <speciesLink preferredKey="CO2"  CAS="124-38-9"   InChI="1S/CO2/c2-1-3"  SMILES="C(=O)=O"  chemName="carbon dioxide" />
        </property>
        <property name="evaluated standard deviation"  id="x5"   sourcetype="estimated"  units="cm/s"           reference="laminar burning velocity"  kind="absolute"  method="combined from scatter and reported uncertainty" />

        <dataPoint><x1>5.099920e+000</x1><x2>8.003680e-002</x2><x3>2.667893e-001</x3><x4>6.531739e-001</x4><x5>0.882226519227913</x5></dataPoint>
        <dataPoint><x1>9.266380e+000</x1><x2>9.204309e-002</x2><x3>2.633075e-001</x3><x4>6.446494e-001</x4><x5>0.903179946170889</x5></dataPoint>
        <dataPoint><x1>1.179357e+001</x1><x2>1.038844e-001</x2><x3>2.598735e-001</x3><x4>6.362421e-001</x4><x5>0.921410915154342</x5></dataPoint>
        <dataPoint><x1>1.387680e+001</x1><x2>1.152802e-001</x2><x3>2.565687e-001</x3><x4>6.281511e-001</x4><x5>0.939372864002894</x5></dataPoint>
        <dataPoint><x1>1.572097e+001</x1><x2>1.265546e-001</x2><x3>2.532992e-001</x3><x4>6.201462e-001</x4><x5>0.957358841977794</x5></dataPoint>
        <dataPoint><x1>1.621047e+001</x1><x2>1.375194e-001</x2><x3>2.501194e-001</x3><x4>6.123612e-001</x4><x5>0.962447389335159</x5></dataPoint>
        <dataPoint><x1>1.197571e+001</x1><x2>1.482375e-001</x2><x3>2.470111e-001</x3><x4>6.047513e-001</x4><x5>0.922878058021515</x5></dataPoint>
        <dataPoint><x1>1.080319e+001</x1><x2>1.585396e-001</x2><x3>2.440235e-001</x3><x4>5.974369e-001</x4><x5>0.913789342564829</x5></dataPoint>
        <dataPoint><x1>6.875790e+000</x1><x2>1.685955e-001</x2><x3>2.411073e-001</x3><x4>5.902972e-001</x4><x5>0.889727877669663</x5></dataPoint>
    </dataGroup>
</experiment>
