<experiment>
    <fileAuthor>Chemical Kinetics Laboratory, Institute of Chemistry, ELTE, Budapest, Hungary</fileAuthor>
    <fileDOI>10.24388/x20004220</fileDOI>
    <fileVersion>
        <major>1</major>
        <minor>0</minor>
    </fileVersion>
    <ReSpecThVersion>
        <major>2</major>
        <minor>3</minor>
    </ReSpecThVersion>
    <firstPublicationDate>2021-10-29</firstPublicationDate>
    <lastModificationDate>2021-10-29</lastModificationDate>
    <bibliographyLink>
        <description>T. IIjima, T. Takeno, Combust Flame 65 (1986), 35--43</description>
        <referenceDOI>10.1016/0010-2180(86)90070-2</referenceDOI>
        <location>Fig. 5 full circle 500 K</location>
        <figure>Fig. 5</figure>
        <details>
            <author>IIjima, T and Takeno, T</author>
            <journal>Combust Flame</journal>
            <pages>35--43</pages>
            <title>Effects of Temperature and Pressure on Burning Velocity</title>
            <volume>65</volume>
            <year>1986</year>
        </details>
    </bibliographyLink>
    <experimentType>laminar burning velocity measurement</experimentType>
    <apparatus>
        <kind>flame</kind>
        <mode>premixed</mode>
        <mode>laminar</mode>
    </apparatus>
    <commonProperties>
        <property name="temperature"          label="T"  sourcetype="reported"    units="K"             ><value>500</value></property>
        <property name="initial composition"  sourcetype="calculated" >
            <component><speciesLink preferredKey="CH4"  CAS="74-82-8"    InChI="1S/CH4/h1H4"  SMILES="C"    chemName="methane"  /><amount units="mole fraction" >0.095057</amount></component>
            <component><speciesLink preferredKey="O2"   CAS="7782-44-7"  InChI="1S/O2/c1-2"   SMILES="O=O"  chemName="oxygen"   /><amount units="mole fraction" >0.190114</amount></component>
            <component><speciesLink preferredKey="N2"   CAS="7727-37-9"  InChI="1S/N2/c1-2"   SMILES="N#N"  chemName="nitrogen" /><amount units="mole fraction" >0.714829</amount></component>
        </property>
    </commonProperties>
    <dataGroup id="dg1">
        <property name="pressure"                      id="x1"   label="P"     sourcetype="digitized"  units="atm"  />
        <property name="laminar burning velocity"      id="x2"   label="Sl"    sourcetype="digitized"  units="cm/s" />
        <property name="uncertainty"                   id="x3"   label="d_Sl"  sourcetype="digitized"  units="cm/s"  reference="laminar burning velocity"  kind="absolute"  bound="plus"  />
        <property name="uncertainty"                   id="x4"   label="d_Sl"  sourcetype="digitized"  units="cm/s"  reference="laminar burning velocity"  kind="absolute"  bound="minus" />
        <property name="evaluated standard deviation"  id="x5"   sourcetype="estimated"  units="cm/s"  reference="laminar burning velocity"  kind="absolute"  method="combined from scatter and reported uncertainty" />

        <dataPoint> <x1>3.41391</x1><x2>62.9952</x2><x3>2.8074</x3><x4>2.3102</x4><x5>6.35832471991672</x5></dataPoint>
        <dataPoint> <x1>5.04075</x1><x2>56.3723</x2><x3>2.2677</x3><x4>2.0682</x4><x5>5.70286797027636</x5></dataPoint>
        <dataPoint> <x1>7.07592</x1><x2>49.1978</x2><x3>2.0855</x3><x4>2.0010</x4><x5>4.99485497906636</x5></dataPoint>
        <dataPoint><x1>10.45080</x1><x2>40.6012</x2><x3>1.5457</x3><x4>1.7325</x4><x5>4.15077287115352</x5></dataPoint>
        <dataPoint><x1>13.81100</x1><x2>37.7051</x2><x3>1.9260</x3><x4>1.6832</x4><x5>3.86795639499775</x5></dataPoint>
        <dataPoint><x1>17.51640</x1><x2>34.7221</x2><x3>1.3968</x3><x4>1.4813</x4><x5>3.57779028138934</x5></dataPoint>
        <dataPoint><x1>20.98380</x1><x2>32.7769</x2><x3>1.4606</x3><x4>1.2678</x4><x5>3.38933514861012</x5></dataPoint>
        <dataPoint><x1>24.97930</x1><x2>30.8119</x2><x3>1.1729</x3><x4>1.1918</x4><x5>3.19969886545656</x5></dataPoint>
        <dataPoint><x1>28.71940</x1><x2>28.6034</x2><x3>1.0276</x3><x4>1.1063</x4><x5>2.98762211952984</x5></dataPoint>
        <dataPoint><x1>32.19320</x1><x2>26.7174</x2><x3>1.1906</x3><x4>0.9798</x4><x5>2.80758537556812</x5></dataPoint>
    </dataGroup>
</experiment>
