<experiment>
    <fileAuthor>Chemical Kinetics Laboratory, Institute of Chemistry, ELTE, Budapest, Hungary</fileAuthor>
    <fileDOI>10.24388/x20004441</fileDOI>
    <fileVersion>
        <major>1</major>
        <minor>0</minor>
    </fileVersion>
    <ReSpecThVersion>
        <major>2</major>
        <minor>3</minor>
    </ReSpecThVersion>
    <firstPublicationDate>2021-10-29</firstPublicationDate>
    <lastModificationDate>2021-10-29</lastModificationDate>
    <bibliographyLink>
        <description>A.A. Konnov, G.P. {\'{A}}lvarez, I.V. Rybitskaya, J.D. Ruyck, Combustion Science and Technology 181 (2008), 117--135</description>
        <referenceDOI>10.1080/00102200802380173</referenceDOI>
        <location>Main article</location>
        <figure>Fig. 4., open diamond</figure>
        <details>
            <author>A. A. Konnov and G. Puig {\'{A}}lvarez and I. V. Rybitskaya and J. De Ruyck</author>
            <journal>Combustion Science and Technology</journal>
            <month>dec</month>
            <number>1</number>
            <pages>117--135</pages>
            <publisher>Informa {UK} Limited</publisher>
            <title>The Effects of Enrichment by Carbon Monoxide on Adiabatic Burning Velocity and Nitric Oxide Formation in Methane Flames</title>
            <volume>181</volume>
            <year>2008</year>
        </details>
    </bibliographyLink>
    <experimentType>laminar burning velocity measurement</experimentType>
    <apparatus>
        <kind>flame</kind>
        <mode>premixed</mode>
        <mode>laminar</mode>
    </apparatus>
    <commonProperties>
        <property name="pressure"                      label="P"  sourcetype="reported"   units="atm"  ><value>1</value></property>
        <property name="temperature"                   label="T"  sourcetype="reported"   units="K"    ><value>298</value></property>
        <property name="evaluated standard deviation"  sourcetype="estimated"  units="cm/s"  reference="laminar burning velocity"  kind="absolute"  method="combined from scatter and reported uncertainty" ><value>0.592632850828403</value></property>
    </commonProperties>
    <dataGroup id="dg1">
        <property name="laminar burning velocity"  id="x1"   label="Sl"     sourcetype="digitized"   units="cm/s"          />
        <property name="composition"               id="x2"   label="[CH4]"  sourcetype="calculated"  units="mole fraction" >
            <speciesLink preferredKey="CH4"  CAS="74-82-8"    InChI="1S/CH4/h1H4"  SMILES="C"          chemName="methane"         />
        </property>
        <property name="composition"               id="x3"   label="[O2]"   sourcetype="calculated"  units="mole fraction" >
            <speciesLink preferredKey="O2"   CAS="7782-44-7"  InChI="1S/O2/c1-2"   SMILES="O=O"        chemName="oxygen"          />
        </property>
        <property name="composition"               id="x4"   label="[N2]"   sourcetype="calculated"  units="mole fraction" >
            <speciesLink preferredKey="N2"   CAS="7727-37-9"  InChI="1S/N2/c1-2"   SMILES="N#N"        chemName="nitrogen"        />
        </property>
        <property name="composition"               id="x5"   label="[CO]"   sourcetype="calculated"  units="mole fraction" >
            <speciesLink preferredKey="CO"   CAS="630-08-0"   InChI="1S/CO/c1-2"   SMILES="[C-]#[O+]"  chemName="carbon monoxide" />
        </property>

        <dataPoint><x1>1.538265e+001</x1><x2>6.455085e-002</x2><x3>1.864103e-001</x3><x4>7.456414e-001</x4><x5>3.397413e-003</x5></dataPoint>
        <dataPoint><x1>1.933673e+001</x1><x2>6.881569e-002</x2><x3>1.855125e-001</x3><x4>7.420499e-001</x4><x5>3.621878e-003</x5></dataPoint>
        <dataPoint><x1>2.276786e+001</x1><x2>7.304132e-002</x2><x3>1.846229e-001</x3><x4>7.384915e-001</x4><x5>3.844280e-003</x5></dataPoint>
        <dataPoint><x1>2.630102e+001</x1><x2>7.722662e-002</x2><x3>1.837418e-001</x3><x4>7.349671e-001</x4><x5>4.064559e-003</x5></dataPoint>
        <dataPoint><x1>2.920918e+001</x1><x2>8.139196e-002</x2><x3>1.828649e-001</x3><x4>7.314594e-001</x4><x5>4.283787e-003</x5></dataPoint>
        <dataPoint><x1>3.170918e+001</x1><x2>8.550057e-002</x2><x3>1.819999e-001</x3><x4>7.279995e-001</x4><x5>4.500030e-003</x5></dataPoint>
        <dataPoint><x1>3.378827e+001</x1><x2>8.957211e-002</x2><x3>1.811427e-001</x3><x4>7.245709e-001</x4><x5>4.714321e-003</x5></dataPoint>
        <dataPoint><x1>3.461735e+001</x1><x2>9.346750e-002</x2><x3>1.803226e-001</x3><x4>7.212905e-001</x4><x5>4.919342e-003</x5></dataPoint>
        <dataPoint><x1>3.503827e+001</x1><x2>9.748677e-002</x2><x3>1.794765e-001</x3><x4>7.179059e-001</x4><x5>5.130883e-003</x5></dataPoint>
        <dataPoint><x1>3.399235e+001</x1><x2>1.014543e-001</x2><x3>1.786412e-001</x3><x4>7.145648e-001</x4><x5>5.339701e-003</x5></dataPoint>
        <dataPoint><x1>3.213010e+001</x1><x2>1.053882e-001</x2><x3>1.778130e-001</x3><x4>7.112520e-001</x4><x5>5.546750e-003</x5></dataPoint>
        <dataPoint><x1>2.920918e+001</x1><x2>1.091529e-001</x2><x3>1.770204e-001</x3><x4>7.080818e-001</x4><x5>5.744888e-003</x5></dataPoint>
        <dataPoint><x1>2.536990e+001</x1><x2>1.130205e-001</x2><x3>1.762062e-001</x3><x4>7.048248e-001</x4><x5>5.948447e-003</x5></dataPoint>
        <dataPoint><x1>2.099490e+001</x1><x2>1.168717e-001</x2><x3>1.753954e-001</x3><x4>7.015817e-001</x4><x5>6.151141e-003</x5></dataPoint>
        <dataPoint><x1>1.642857e+001</x1><x2>1.206710e-001</x2><x3>1.745956e-001</x3><x4>6.983823e-001</x4><x5>6.351107e-003</x5></dataPoint>
        <dataPoint><x1>1.289541e+001</x1><x2>1.244329e-001</x2><x3>1.738036e-001</x3><x4>6.952144e-001</x4><x5>6.549100e-003</x5></dataPoint>
    </dataGroup>
</experiment>
