<experiment>
    <fileAuthor>Chemical Kinetics Laboratory, Institute of Chemistry, ELTE, Budapest, Hungary</fileAuthor>
    <fileDOI>10.24388/x20004348</fileDOI>
    <fileVersion>
        <major>1</major>
        <minor>0</minor>
    </fileVersion>
    <ReSpecThVersion>
        <major>2</major>
        <minor>3</minor>
    </ReSpecThVersion>
    <firstPublicationDate>2021-10-29</firstPublicationDate>
    <lastModificationDate>2021-10-29</lastModificationDate>
    <bibliographyLink>
        <description>E.C. Okafor, A. Hayakawa, Y. Nagano, T. Kitagawa, International Journal of Hydrogen Energy 39 (2014), 2409--2417</description>
        <referenceDOI>10.1016/j.ijhydene.2013.11.128</referenceDOI>
        <location>Main article</location>
        <figure>Fig.3., full triangle</figure>
        <details>
            <author>Ekenechukwu C. Okafor and Akihiro Hayakawa and Yukihide Nagano and Toshiaki Kitagawa</author>
            <journal>International Journal of Hydrogen Energy</journal>
            <month>feb</month>
            <number>5</number>
            <pages>2409--2417</pages>
            <publisher>Elsevier {BV}</publisher>
            <title>Effects of hydrogen concentration on premixed laminar flames of hydrogen{\textendash}methane{\textendash}air</title>
            <volume>39</volume>
            <year>2014</year>
        </details>
    </bibliographyLink>
    <experimentType>laminar burning velocity measurement</experimentType>
    <apparatus>
        <kind>flame</kind>
        <mode>premixed</mode>
        <mode>laminar</mode>
    </apparatus>
    <commonProperties>
        <property name="pressure"     label="P"  sourcetype="reported"  units="Pa" ><value>1e+005</value></property>
        <property name="temperature"  label="T"  sourcetype="reported"  units="K"  ><value>350</value></property>
    </commonProperties>
    <dataGroup id="dg1">
        <property name="laminar burning velocity"      id="x1"   label="Sl"     sourcetype="digitized"   units="cm/s"          />
        <property name="composition"                   id="x2"   label="[CH4]"  sourcetype="calculated"  units="mole fraction" >
            <speciesLink preferredKey="CH4"  CAS="74-82-8"    InChI="1S/CH4/h1H4"  SMILES="C"     chemName="methane"  />
        </property>
        <property name="composition"                   id="x3"   label="[O2]"   sourcetype="calculated"  units="mole fraction" >
            <speciesLink preferredKey="O2"   CAS="7782-44-7"  InChI="1S/O2/c1-2"   SMILES="O=O"   chemName="oxygen"   />
        </property>
        <property name="composition"                   id="x4"   label="[N2]"   sourcetype="calculated"  units="mole fraction" >
            <speciesLink preferredKey="N2"   CAS="7727-37-9"  InChI="1S/N2/c1-2"   SMILES="N#N"   chemName="nitrogen" />
        </property>
        <property name="composition"                   id="x5"   label="[H2]"   sourcetype="calculated"  units="mole fraction" >
            <speciesLink preferredKey="H2"   CAS="1333-74-0"  InChI="1S/H2/h1H"    SMILES="[HH]"  chemName="hydrogen" />
        </property>
        <property name="evaluated standard deviation"  id="x6"   sourcetype="estimated"   units="cm/s"           reference="laminar burning velocity"  kind="absolute"  method="combined from scatter and reported uncertainty" />

        <dataPoint><x1>4.326068e+001</x1><x2>9.505703e-002</x2><x3>1.901141e-001</x3><x4>7.148289e-001</x4><x5>0.000000e+000</x5><x6>2.26198506707914</x6></dataPoint>
        <dataPoint><x1>4.630042e+001</x1><x2>9.188262e-002</x2><x3>1.887053e-001</x3><x4>7.095319e-001</x4><x5>9.880146e-003</x5><x6>2.29928858128123</x6></dataPoint>
        <dataPoint><x1>5.593713e+001</x1><x2>8.362862e-002</x2><x3>1.850423e-001</x3><x4>6.957590e-001</x4><x5>3.557009e-002</x5><x6>2.42950591536593</x6></dataPoint>
        <dataPoint><x1>6.977306e+001</x1><x2>7.207653e-002</x2><x3>1.799156e-001</x3><x4>6.764827e-001</x4><x5>7.152511e-002</x5><x6>2.64377993808151</x6></dataPoint>
        <dataPoint><x1>1.068803e+002</x1><x2>5.436471e-002</x2><x3>1.720553e-001</x3><x4>6.469281e-001</x4><x5>1.266519e-001</x5>  <x6>3.329642849084</x6></dataPoint>
        <dataPoint><x1>1.859704e+002</x1><x2>2.455893e-002</x2><x3>1.588279e-001</x3><x4>5.971930e-001</x4><x5>2.194201e-001</x5><x6>5.05593868337028</x6></dataPoint>
        <dataPoint><x1>2.602881e+002</x1><x2>5.657530e-004</x2><x3>1.481801e-001</x3><x4>5.571571e-001</x4><x5>2.940971e-001</x5><x6>6.80371823331965</x6></dataPoint>
    </dataGroup>
</experiment>
