<experiment>
    <fileAuthor>Chemical Kinetics Laboratory, Institute of Chemistry, ELTE, Budapest, Hungary</fileAuthor>
    <fileDOI>10.24388/x20004267</fileDOI>
    <fileVersion>
        <major>1</major>
        <minor>0</minor>
    </fileVersion>
    <ReSpecThVersion>
        <major>2</major>
        <minor>3</minor>
    </ReSpecThVersion>
    <firstPublicationDate>2021-10-29</firstPublicationDate>
    <lastModificationDate>2021-10-29</lastModificationDate>
    <bibliographyLink>
        <description>V.S. Babkin, L.S. Kozachenko, Combustion, Explosion and Shock Waves 2 (1969), 46--52</description>
        <referenceDOI>10.1007/BF00749026</referenceDOI>
        <location>Fig. 2 open circle 1, main text</location>
        <figure>Fig. 1</figure>
        <details>
            <author>V. S. Babkin and L. S. Kozachenko</author>
            <journal>Combustion, Explosion and Shock Waves</journal>
            <number>3</number>
            <pages>46--52</pages>
            <publisher>Springer Science and Business Media {LLC}</publisher>
            <title>Study of normal burning velocity in methane-air mixtures at high pressures</title>
            <volume>2</volume>
            <year>1969</year>
        </details>
    </bibliographyLink>
    <experimentType>laminar burning velocity measurement</experimentType>
    <apparatus>
        <kind>flame</kind>
        <mode>premixed</mode>
        <mode>laminar</mode>
    </apparatus>
    <commonProperties>
        <property name="pressure"     label="P"  sourcetype="reported"  units="atm" ><value>8</value></property>
        <property name="temperature"  label="T"  sourcetype="reported"  units="K"   ><value>323</value></property>
    </commonProperties>
    <dataGroup id="dg1">
        <property name="laminar burning velocity"      id="x1"   label="Sl"     sourcetype="digitized"  units="cm/s"          />
        <property name="composition"                   id="x2"   label="[CH4]"  sourcetype="digitized"  units="mole fraction" >
            <speciesLink preferredKey="CH4"  CAS="74-82-8"    InChI="1S/CH4/h1H4"  SMILES="C"    chemName="methane"  />
        </property>
        <property name="composition"                   id="x3"   label="[O2]"   sourcetype="digitized"  units="mole fraction" >
            <speciesLink preferredKey="O2"   CAS="7782-44-7"  InChI="1S/O2/c1-2"   SMILES="O=O"  chemName="oxygen"   />
        </property>
        <property name="composition"                   id="x4"   label="[N2]"   sourcetype="digitized"  units="mole fraction" >
            <speciesLink preferredKey="N2"   CAS="7727-37-9"  InChI="1S/N2/c1-2"   SMILES="N#N"  chemName="nitrogen" />
        </property>
        <property name="evaluated standard deviation"  id="x5"   sourcetype="estimated"  units="cm/s"           reference="laminar burning velocity"  kind="absolute"  method="generic uncertainty" />

        <dataPoint><x1>3.496440e+000</x1><x2>5.962190e-002</x2><x3>1.974794e-001</x3><x4>7.428987e-001</x4>              <x5>0.5</x5></dataPoint>
        <dataPoint><x1>8.885370e+000</x1><x2>7.016480e-002</x2><x3>1.952654e-001</x3><x4>7.345698e-001</x4><x5>0.500878968850011</x5></dataPoint>
        <dataPoint><x1>1.464133e+001</x1><x2>8.029570e-002</x2><x3>1.931379e-001</x3><x4>7.265664e-001</x4><x5>0.767741233597786</x5></dataPoint>
        <dataPoint><x1>1.864637e+001</x1><x2>9.018420e-002</x2><x3>1.910613e-001</x3><x4>7.187545e-001</x4><x5>0.960584731705772</x5></dataPoint>
        <dataPoint><x1>1.945993e+001</x1><x2>9.493460e-002</x2><x3>1.900637e-001</x3><x4>7.150017e-001</x4> <x5>1.00011370871329</x5></dataPoint>
        <dataPoint><x1>1.869960e+001</x1><x2>1.001939e-001</x2><x3>1.889593e-001</x3><x4>7.108468e-001</x4><x5>0.963168127454392</x5></dataPoint>
        <dataPoint><x1>1.424487e+001</x1><x2>1.104702e-001</x2><x3>1.868013e-001</x3><x4>7.027285e-001</x4><x5>0.748863168166421</x5></dataPoint>
        <dataPoint><x1>8.666390e+000</x1><x2>1.203345e-001</x2><x3>1.847298e-001</x3><x4>6.949357e-001</x4>              <x5>0.5</x5></dataPoint>
        <dataPoint><x1>4.957190e+000</x1><x2>1.303684e-001</x2><x3>1.826226e-001</x3><x4>6.870090e-001</x4>              <x5>0.5</x5></dataPoint>
    </dataGroup>
</experiment>
