<experiment>
    <fileAuthor>Chemical Kinetics Laboratory, Institute of Chemistry, ELTE, Budapest, Hungary</fileAuthor>
    <fileDOI>10.24388/x20004591</fileDOI>
    <fileVersion>
        <major>1</major>
        <minor>0</minor>
    </fileVersion>
    <ReSpecThVersion>
        <major>2</major>
        <minor>3</minor>
    </ReSpecThVersion>
    <firstPublicationDate>2021-10-29</firstPublicationDate>
    <lastModificationDate>2021-10-29</lastModificationDate>
    <bibliographyLink>
        <description>M. Mitu, V. Giurcan, D. Razus, D. Oancea, J Hazard Mater 321 (2017), 440--448</description>
        <referenceDOI>10.1016/j.jhazmat.2016.09.033</referenceDOI>
        <location>Main article</location>
        <figure>Fig. 2, triangle, 9.5 % CH4 - air (f = 1.00) series</figure>
        <details>
            <author>Mitu, Maria and Giurcan, Venera and Razus, Domnina and Oancea, Dumitru</author>
            <journal>J Hazard Mater</journal>
            <pages>440--448</pages>
            <title>Inert gas influence on the laminar burning velocity of methane-airmixtures</title>
            <volume>321</volume>
            <year>2017</year>
        </details>
    </bibliographyLink>
    <experimentType>laminar burning velocity measurement</experimentType>
    <apparatus>
        <kind>flame</kind>
        <mode>premixed</mode>
        <mode>laminar</mode>
        <mode>OPF</mode>
    </apparatus>
    <commonProperties>
        <property name="temperature"          label="T"  sourcetype="reported"    units="K"             ><value>298</value></property>
        <property name="initial composition"  sourcetype="calculated" >
            <component><speciesLink preferredKey="CH4"  CAS="74-82-8"    InChI="1S/CH4/h1H4"  SMILES="C"    chemName="methane"  /><amount units="mole fraction" >0.095023</amount></component>
            <component><speciesLink preferredKey="O2"   CAS="7782-44-7"  InChI="1S/O2/c1-2"   SMILES="O=O"  chemName="oxygen"   /><amount units="mole fraction" >0.190045</amount></component>
            <component><speciesLink preferredKey="N2"   CAS="7727-37-9"  InChI="1S/N2/c1-2"   SMILES="N#N"  chemName="nitrogen" /><amount units="mole fraction" >0.714932</amount></component>
        </property>
    </commonProperties>
    <dataGroup id="dg1">
        <property name="pressure"                      id="x1"   label="p"     sourcetype="digitized"   units="bar"  />
        <property name="laminar burning velocity"      id="x2"   label="Sl"    sourcetype="digitized"   units="cm/s" />
        <property name="uncertainty"                   id="x3"   label="d_Sl"  sourcetype="calculated"  units="cm/s"  reference="laminar burning velocity"  kind="absolute"  bound="plusminus" />
        <property name="evaluated standard deviation"  id="x4"   sourcetype="estimated"   units="cm/s"  reference="laminar burning velocity"  kind="absolute"  method="combined from scatter and reported uncertainty" />

        <dataPoint><x1>0.500</x1><x2>44.05</x2><x3>1.542</x3><x4>2.34215933408516</x4></dataPoint>
        <dataPoint><x1>0.749</x1><x2>41.81</x2><x3>1.463</x3><x4>2.29115728006198</x4></dataPoint>
        <dataPoint><x1>0.999</x1><x2>38.14</x2><x3>1.335</x3><x4>2.21142721721115</x4></dataPoint>
        <dataPoint><x1>1.248</x1><x2>34.06</x2><x3>1.192</x3> <x4>2.1282823628589</x4></dataPoint>
        <dataPoint><x1>1.497</x1><x2>37.14</x2><x3>1.300</x3><x4>2.19037065946474</x4></dataPoint>
        <dataPoint><x1>1.747</x1><x2>32.64</x2><x3>1.143</x3><x4>2.10086659299823</x4></dataPoint>
        <dataPoint><x1>1.998</x1><x2>30.81</x2><x3>1.078</x3><x4>2.06668185548333</x4></dataPoint>
    </dataGroup>
    <comment>CH4, O2, and N2 mole fractions were calculated using the equivalence ration and the ratio of methane.</comment>
</experiment>
