<experiment>
    <fileAuthor>Chemical Kinetics Laboratory, Institute of Chemistry, ELTE, Budapest, Hungary</fileAuthor>
    <fileDOI>10.24388/x20004358</fileDOI>
    <fileVersion>
        <major>1</major>
        <minor>0</minor>
    </fileVersion>
    <ReSpecThVersion>
        <major>2</major>
        <minor>3</minor>
    </ReSpecThVersion>
    <firstPublicationDate>2021-10-29</firstPublicationDate>
    <lastModificationDate>2021-10-29</lastModificationDate>
    <bibliographyLink>
        <description>B. Galmiche, F. Halter, F. Foucher, P. Dagaut, Energy Fuels 25 (2011), 948--954</description>
        <referenceDOI>10.1021/ef101482d</referenceDOI>
        <location>Main article</location>
        <figure>Fig.2., open diamond</figure>
        <details>
            <author>B. Galmiche and F. Halter and F. Foucher and P. Dagaut</author>
            <journal>Energy Fuels</journal>
            <month>mar</month>
            <number>3</number>
            <pages>948--954</pages>
            <publisher>American Chemical Society ({ACS})</publisher>
            <title>Effects of Dilution on Laminar Burning Velocity of Premixed Methane/Air Flames</title>
            <volume>25</volume>
            <year>2011</year>
        </details>
    </bibliographyLink>
    <experimentType>laminar burning velocity measurement</experimentType>
    <apparatus>
        <kind>flame</kind>
        <mode>premixed</mode>
        <mode>laminar</mode>
    </apparatus>
    <commonProperties>
        <property name="pressure"     label="P"  sourcetype="reported"  units="Pa" ><value>1e+005</value></property>
        <property name="temperature"  label="T"  sourcetype="reported"  units="K"  ><value>393</value></property>
    </commonProperties>
    <dataGroup id="dg1">
        <property name="laminar burning velocity"      id="x1"   label="Sl"     sourcetype="digitized"   units="cm/s"          />
        <property name="composition"                   id="x2"   label="[CH4]"  sourcetype="calculated"  units="mole fraction" >
            <speciesLink preferredKey="CH4"  CAS="74-82-8"    InChI="1S/CH4/h1H4"  SMILES="C"    chemName="methane"  />
        </property>
        <property name="composition"                   id="x3"   label="[O2]"   sourcetype="calculated"  units="mole fraction" >
            <speciesLink preferredKey="O2"   CAS="7782-44-7"  InChI="1S/O2/c1-2"   SMILES="O=O"  chemName="oxygen"   />
        </property>
        <property name="composition"                   id="x4"   label="[N2]"   sourcetype="calculated"  units="mole fraction" >
            <speciesLink preferredKey="N2"   CAS="7727-37-9"  InChI="1S/N2/c1-2"   SMILES="N#N"  chemName="nitrogen" />
        </property>
        <property name="evaluated standard deviation"  id="x5"   sourcetype="estimated"   units="cm/s"           reference="laminar burning velocity"  kind="absolute"  method="combined from scatter and reported uncertainty" />

        <dataPoint><x1>5.785753e+001</x1><x2>9.502262e-002</x2><x3>1.900452e-001</x3><x4>7.149321e-001</x4><x5>1.78913768926907</x5></dataPoint>
        <dataPoint><x1>4.774772e+001</x1><x2>9.033064e-002</x2><x3>1.806613e-001</x3><x4>7.290081e-001</x4><x5>1.59177041006202</x5></dataPoint>
        <dataPoint><x1>4.310123e+001</x1><x2>8.560101e-002</x2><x3>1.712020e-001</x3><x4>7.431970e-001</x4><x5>1.50661958612503</x5></dataPoint>
        <dataPoint><x1>3.433048e+001</x1><x2>8.082121e-002</x2><x3>1.616424e-001</x3><x4>7.575364e-001</x4> <x5>1.3584710967643</x5></dataPoint>
        <dataPoint><x1>2.922871e+001</x1><x2>7.604767e-002</x2><x3>1.520953e-001</x3><x4>7.718570e-001</x4><x5>1.28170920659292</x5></dataPoint>
        <dataPoint><x1>2.261382e+001</x1><x2>7.127413e-002</x2><x3>1.425483e-001</x3><x4>7.861776e-001</x4><x5>1.19517596799394</x5></dataPoint>
        <dataPoint><x1>1.850295e+001</x1><x2>6.653824e-002</x2><x3>1.330765e-001</x3><x4>8.003853e-001</x4><x5>1.15013239859116</x5></dataPoint>
        <dataPoint><x1>1.313337e+001</x1><x2>6.176471e-002</x2><x3>1.235294e-001</x3><x4>8.147059e-001</x4><x5>1.10301107873995</x5></dataPoint>
    </dataGroup>
</experiment>
