<experiment>
    <fileAuthor>Chemical Kinetics Laboratory, Institute of Chemistry, ELTE, Budapest, Hungary</fileAuthor>
    <fileDOI>10.24388/x20004552</fileDOI>
    <fileVersion>
        <major>1</major>
        <minor>0</minor>
    </fileVersion>
    <ReSpecThVersion>
        <major>2</major>
        <minor>3</minor>
    </ReSpecThVersion>
    <firstPublicationDate>2021-10-29</firstPublicationDate>
    <lastModificationDate>2021-10-29</lastModificationDate>
    <bibliographyLink>
        <description>X. Cai, J. Wang, W. Zhang, Y. Xie, M. Zhang, Z. Huang, Fuel 184 (2016), 466--473</description>
        <referenceDOI>10.1016/j.fuel.2016.07.011</referenceDOI>
        <location>Main article</location>
        <figure>Fig. 3. (a), pink reverse triangle</figure>
        <details>
            <author>Cai, Xiao and Wang, Jinhua and Zhang, Weijie and Xie, Yongliang and Zhang, Meng and Huang, Zuohua</author>
            <journal>Fuel</journal>
            <pages>466--473</pages>
            <title>Effects of oxygen enrichment on laminar burning velocities and Markstein lengths of {CH}$_{4}$/{O}$_{2}$/{N}$_{2}$ flames at elevated pressures</title>
            <volume>184</volume>
            <year>2016</year>
        </details>
    </bibliographyLink>
    <experimentType>laminar burning velocity measurement</experimentType>
    <apparatus>
        <kind>flame</kind>
        <mode>premixed</mode>
        <mode>laminar</mode>
        <mode>OPF</mode>
    </apparatus>
    <commonProperties>
        <property name="temperature"  label="T"    sourcetype="reported"  units="K"   ><value>353</value></property>
        <property name="uncertainty"  label="d_T"  sourcetype="reported"  units="K"    reference="temperature"  kind="absolute"  bound="plusminus" ><value>3</value></property>
        <property name="pressure"     label="p"    sourcetype="reported"  units="MPa" ><value>0.1</value></property>
        <property name="uncertainty"  label="d_p"  sourcetype="reported"  units="kPa"  reference="pressure"     kind="absolute"  bound="plusminus" ><value>3</value></property>
    </commonProperties>
    <dataGroup id="dg1">
        <property name="equivalence ratio"             id="x1"   label="phi"    sourcetype="digitized"   units="unitless"      />
        <property name="laminar burning velocity"      id="x2"   label="Sl"     sourcetype="digitized"   units="cm/s"          />
        <property name="composition"                   id="x3"   label="[CH4]"  sourcetype="calculated"  units="mole fraction" >
            <speciesLink preferredKey="CH4"  CAS="74-82-8"    InChI="1S/CH4/h1H4"  SMILES="C"    chemName="methane"  />
        </property>
        <property name="composition"                   id="x4"   label="[O2]"   sourcetype="calculated"  units="mole fraction" >
            <speciesLink preferredKey="O2"   CAS="7782-44-7"  InChI="1S/O2/c1-2"   SMILES="O=O"  chemName="oxygen"   />
        </property>
        <property name="composition"                   id="x5"   label="[N2]"   sourcetype="calculated"  units="mole fraction" >
            <speciesLink preferredKey="N2"   CAS="7727-37-9"  InChI="1S/N2/c1-2"   SMILES="N#N"  chemName="nitrogen" />
        </property>
        <property name="evaluated standard deviation"  id="x6"   sourcetype="estimated"   units="cm/s"           reference="laminar burning velocity"  kind="absolute"  method="combined from scatter and reported uncertainty" />

        <dataPoint><x1>0.499713</x1><x2>113.996</x2><x3>0.1110544</x3><x4>0.4444728</x4><x5>0.4444728</x5> <x6>5.8674048045878</x6></dataPoint>
        <dataPoint><x1>0.601146</x1><x2>149.736</x2><x3>0.1306514</x3><x4>0.4346743</x4><x5>0.4346743</x5><x6>6.71882840537695</x6></dataPoint>
        <dataPoint> <x1>0.70086</x1><x2>185.475</x2><x3>0.1490919</x3><x4>0.4254541</x4><x5>0.4254541</x5><x6>5.86833316546531</x6></dataPoint>
        <dataPoint><x1>0.800573</x1><x2>201.496</x2><x3>0.1667661</x3><x4>0.4166169</x4><x5>0.4166169</x5><x6>8.89647430957343</x6></dataPoint>
        <dataPoint><x1>0.902006</x1><x2>216.901</x2><x3>0.1840075</x3><x4>0.4079962</x4><x5>0.4079962</x5><x6>8.02023404526949</x6></dataPoint>
        <dataPoint>       <x1>1</x1><x2>226.761</x2><x3>0.2000000</x3><x4>0.4000000</x4><x5>0.4000000</x5><x6>5.03668841014609</x6></dataPoint>
        <dataPoint> <x1>1.09971</x1><x2>224.912</x2><x3>0.2156417</x3><x4>0.3921792</x4><x5>0.3921792</x5><x6>12.8967496347297</x6></dataPoint>
        <dataPoint> <x1>1.20115</x1><x2>217.518</x2><x3>0.2309393</x3><x4>0.3845303</x4><x5>0.3845303</x5><x6>6.29207709273338</x6></dataPoint>
        <dataPoint> <x1>1.30086</x1><x2>202.113</x2><x3>0.2454055</x3><x4>0.3772973</x4><x5>0.3772973</x5> <x6>5.8674048045878</x6></dataPoint>
        <dataPoint> <x1>1.40057</x1><x2>184.859</x2><x3>0.2593374</x3><x4>0.3703313</x4><x5>0.3703313</x5><x6>6.71882840537695</x6></dataPoint>
        <dataPoint> <x1>1.50029</x1><x2>159.595</x2><x3>0.2727656</x3><x4>0.3636172</x4><x5>0.3636172</x5><x6>7.58338968673638</x6></dataPoint>
    </dataGroup>
    <comment>CH4, O2 and N2 mole fractions were estimated using phi, O2 mole fraction - E(O2)=0.5 - in air.</comment>
</experiment>
