<experiment>
    <fileAuthor>Chemical Kinetics Laboratory, Institute of Chemistry, ELTE, Budapest, Hungary</fileAuthor>
    <fileDOI>10.24388/x20004545</fileDOI>
    <fileVersion>
        <major>1</major>
        <minor>0</minor>
    </fileVersion>
    <ReSpecThVersion>
        <major>2</major>
        <minor>3</minor>
    </ReSpecThVersion>
    <firstPublicationDate>2021-10-29</firstPublicationDate>
    <lastModificationDate>2021-10-29</lastModificationDate>
    <bibliographyLink>
        <description>H.O.B. Nonaka, F.M. Pereira, Fuel 182 (2016), 382--390</description>
        <referenceDOI>10.1016/j.fuel.2016.05.098</referenceDOI>
        <location>Main article, main text, Fig. 6. X(CO2)=0.2, black circle</location>
        <table>Table 2</table>
        <figure>Fig. 6. X(CO2)=0.2, black circle, Fig. 7. (not used), Fig. 8. (not used)</figure>
        <details>
            <author>Nonaka, H O B and Pereira, F M</author>
            <journal>Fuel</journal>
            <pages>382--390</pages>
            <title>Experimental and numerical study of CO$_{2}$ content effects on the laminar burning velocity of biogas</title>
            <volume>182</volume>
            <year>2016</year>
        </details>
    </bibliographyLink>
    <experimentType>laminar burning velocity measurement</experimentType>
    <apparatus>
        <kind>flame</kind>
        <mode>premixed</mode>
        <mode>laminar</mode>
        <mode>HFM</mode>
    </apparatus>
    <commonProperties>
        <property name="temperature"  label="T"  sourcetype="reported"  units="K"   ><value>298</value></property>
        <property name="pressure"     label="p"  sourcetype="reported"  units="atm" ><value>1</value></property>
    </commonProperties>
    <dataGroup id="dg1">
        <property name="equivalence ratio"             id="x1"   label="phi"    sourcetype="digitized"  units="unitless"      />
        <property name="laminar burning velocity"      id="x2"   label="Sl"     sourcetype="digitized"  units="cm/s"          />
        <property name="uncertainty"                   id="x3"   label="d_Sl"   sourcetype="digitized"  units="cm/s"           reference="laminar burning velocity"  kind="absolute"  bound="plus"  />
        <property name="uncertainty"                   id="x4"   label="d_Sl"   sourcetype="digitized"  units="cm/s"           reference="laminar burning velocity"  kind="absolute"  bound="minus" />
        <property name="composition"                   id="x5"   label="[CH4]"  sourcetype="estimated"  units="mole fraction" >
            <speciesLink preferredKey="CH4"  CAS="74-82-8"    InChI="1S/CH4/h1H4"    SMILES="C"        chemName="methane"        />
        </property>
        <property name="composition"                   id="x6"   label="[O2]"   sourcetype="estimated"  units="mole fraction" >
            <speciesLink preferredKey="O2"   CAS="7782-44-7"  InChI="1S/O2/c1-2"     SMILES="O=O"      chemName="oxygen"         />
        </property>
        <property name="composition"                   id="x7"   label="[N2]"   sourcetype="estimated"  units="mole fraction" >
            <speciesLink preferredKey="N2"   CAS="7727-37-9"  InChI="1S/N2/c1-2"     SMILES="N#N"      chemName="nitrogen"       />
        </property>
        <property name="composition"                   id="x8"   label="[CO2]"  sourcetype="reported"   units="mole fraction" >
            <speciesLink preferredKey="CO2"  CAS="124-38-9"   InChI="1S/CO2/c2-1-3"  SMILES="C(=O)=O"  chemName="carbon dioxide" />
        </property>
        <property name="evaluated standard deviation"  id="x9"   sourcetype="estimated"  units="cm/s"           reference="laminar burning velocity"  kind="absolute"  method="combined from scatter and reported uncertainty" />

        <dataPoint><x1>0.800541</x1> <x2>20.334</x2><x3>3.1837</x3><x4>3.2881</x4><x5>0.076065</x5><x6>0.190033</x6><x7>0.714886</x7><x8>0.019016</x8><x9>1.64830690330897</x9></dataPoint>
        <dataPoint><x1>0.901081</x1><x2>26.5449</x2><x3>2.9749</x3><x4>2.9228</x4><x5>0.084607</x5><x6>0.187791</x6><x7>0.706450</x7><x8>0.021152</x8><x9>1.49215372783638</x9></dataPoint>
        <dataPoint> <x1>1.00162</x1><x2>29.7808</x2><x3>2.4008</x3><x4>2.2965</x4><x5>0.092951</x5><x6>0.185601</x6><x7>0.698211</x7><x8>0.023238</x8><x9>1.20622361318124</x9></dataPoint>
        <dataPoint> <x1>1.10216</x1><x2>29.9374</x2><x3>2.4008</x3><x4>2.4009</x4><x5>0.101102</x5><x6>0.183461</x6><x7>0.690162</x7><x8>0.025275</x8><x9>1.20627337179265</x9></dataPoint>
        <dataPoint>  <x1>1.2027</x1><x2>26.2839</x2><x3>2.4531</x3><x4>2.5052</x4><x5>0.109067</x5><x6>0.181370</x6><x7>0.682296</x7><x8>0.027267</x8><x9>1.25818202379306</x9></dataPoint>
        <dataPoint> <x1>1.30324</x1><x2>19.3424</x2><x3>3.1315</x3><x4>3.0794</x4><x5>0.116853</x5><x6>0.179326</x6><x7>0.674608</x7><x8>0.029213</x8><x9>1.57021919090807</x9></dataPoint>
    </dataGroup>
    <comment>CH4, CO2, O2 and N2 mole fractions were estimated using phi, CO2 volume%, O2:N2 volume ratio in air.</comment>
</experiment>
