<experiment>
    <fileAuthor>Chemical Kinetics Laboratory, Institute of Chemistry, ELTE, Budapest, Hungary</fileAuthor>
    <fileDOI>10.24388/x20004425</fileDOI>
    <fileVersion>
        <major>1</major>
        <minor>0</minor>
    </fileVersion>
    <ReSpecThVersion>
        <major>2</major>
        <minor>3</minor>
    </ReSpecThVersion>
    <firstPublicationDate>2021-10-29</firstPublicationDate>
    <lastModificationDate>2021-10-29</lastModificationDate>
    <bibliographyLink>
        <description>W. Qin, J. Ren, F.N. Egolfopoulos, S. Wu, H. Zhang, T.T. Tsotsis, Proc Combust Inst 28 (2000), 1825--1831</description>
        <referenceDOI>10.1016/S0082-0784(00)80585-8</referenceDOI>
        <location>Main article</location>
        <figure>Fig.2., open circle</figure>
        <details>
            <author>Qin, Wenjun and Ren, Jyh-Yih and Egolfopoulos, Fokion N and Wu, Shangqiang and Zhang, Hai and Tsotsis, Theodore T</author>
            <journal>Proc Combust Inst</journal>
            <pages>1825--1831</pages>
            <title>Oxygen composition modulation effects on flame propagation and NO$_{x}$ formation in methane/air premixed flames</title>
            <volume>28</volume>
            <year>2000</year>
        </details>
    </bibliographyLink>
    <experimentType>laminar burning velocity measurement</experimentType>
    <apparatus>
        <kind>flame</kind>
        <mode>premixed</mode>
        <mode>laminar</mode>
    </apparatus>
    <commonProperties>
        <property name="pressure"                      label="P"  sourcetype="reported"   units="atm"  ><value>1</value></property>
        <property name="temperature"                   label="T"  sourcetype="reported"   units="K"    ><value>295</value></property>
        <property name="evaluated standard deviation"  sourcetype="estimated"  units="cm/s"  reference="laminar burning velocity"  kind="absolute"  method="combined from scatter and reported uncertainty" ><value>0.660296969419064</value></property>
    </commonProperties>
    <dataGroup id="dg1">
        <property name="laminar burning velocity"  id="x1"   label="Sl"     sourcetype="digitized"   units="cm/s"          />
        <property name="composition"               id="x2"   label="[CH4]"  sourcetype="calculated"  units="mole fraction" >
            <speciesLink preferredKey="CH4"  CAS="74-82-8"    InChI="1S/CH4/h1H4"  SMILES="C"    chemName="methane"  />
        </property>
        <property name="composition"               id="x3"   label="[O2]"   sourcetype="digitized"   units="mole fraction" >
            <speciesLink preferredKey="O2"   CAS="7782-44-7"  InChI="1S/O2/c1-2"   SMILES="O=O"  chemName="oxygen"   />
        </property>
        <property name="composition"               id="x4"   label="[N2]"   sourcetype="calculated"  units="mole fraction" >
            <speciesLink preferredKey="N2"   CAS="7727-37-9"  InChI="1S/N2/c1-2"   SMILES="N#N"  chemName="nitrogen" />
        </property>

        <dataPoint><x1>2.217183e+001</x1><x2>0.085401</x2><x3>0.180151</x3><x4>0.734448</x4></dataPoint>
        <dataPoint><x1>2.924579e+001</x1><x2>0.082342</x2><x3>0.209521</x3><x4>0.708137</x4></dataPoint>
        <dataPoint><x1>3.027538e+001</x1><x2>0.081293</x2><x3>0.219590</x3><x4>0.699117</x4></dataPoint>
        <dataPoint><x1>3.099057e+001</x1><x2>0.080243</x2><x3>0.229672</x3><x4>0.690086</x4></dataPoint>
        <dataPoint><x1>3.163157e+001</x1><x2>0.079262</x2><x3>0.239083</x3><x4>0.681655</x4></dataPoint>
        <dataPoint><x1>2.981629e+001</x1><x2>0.077148</x2><x3>0.259380</x3><x4>0.663472</x4></dataPoint>
        <dataPoint><x1>2.609307e+001</x1><x2>0.072981</x2><x3>0.299387</x3><x4>0.627632</x4></dataPoint>
    </dataGroup>
</experiment>
