<experiment>
    <fileAuthor>Chemical Kinetics Laboratory, Institute of Chemistry, ELTE, Budapest, Hungary</fileAuthor>
    <fileDOI>10.24388/x20004606</fileDOI>
    <fileVersion>
        <major>1</major>
        <minor>0</minor>
    </fileVersion>
    <ReSpecThVersion>
        <major>2</major>
        <minor>3</minor>
    </ReSpecThVersion>
    <firstPublicationDate>2021-10-29</firstPublicationDate>
    <lastModificationDate>2021-10-29</lastModificationDate>
    <bibliographyLink>
        <description>E.C. Okafor, Y. Nagano, T. Kitagawa, Int J Hydrogen Energy 41 (2016), 6581--6592</description>
        <referenceDOI>10.1016/j.ijhydene.2016.02.151</referenceDOI>
        <location>Main article</location>
        <figure>Fig. 7, triangle, P = 0.25 MPa</figure>
        <details>
            <author>Okafor, Ekenechukwu C and Nagano, Yukihide and Kitagawa, Toshiaki</author>
            <journal>Int J Hydrogen Energy</journal>
            <pages>6581--6592</pages>
            <title>Experimental and theoretical analysis of cellular instability in lean H$_{2}$-CH$_{4}$-air flames at elevated pressures</title>
            <volume>41</volume>
            <year>2016</year>
        </details>
    </bibliographyLink>
    <experimentType>laminar burning velocity measurement</experimentType>
    <apparatus>
        <kind>flame</kind>
        <mode>premixed</mode>
        <mode>laminar</mode>
        <mode>OPF</mode>
    </apparatus>
    <commonProperties>
        <property name="temperature"  label="T"  sourcetype="reported"  units="K"   ><value>350</value></property>
        <property name="pressure"     label="p"  sourcetype="reported"  units="MPa" ><value>0.25</value></property>
    </commonProperties>
    <dataGroup id="dg1">
        <property name="laminar burning velocity"      id="x1"   label="Sl"     sourcetype="digitized"   units="cm/s"          />
        <property name="composition"                   id="x2"   label="[H2]"   sourcetype="calculated"  units="mole fraction" >
            <speciesLink preferredKey="H2"   CAS="1333-74-0"  InChI="1S/H2/h1H"    SMILES="[HH]"  chemName="hydrogen" />
        </property>
        <property name="composition"                   id="x3"   label="[CH4]"  sourcetype="calculated"  units="mole fraction" >
            <speciesLink preferredKey="CH4"  CAS="74-82-8"    InChI="1S/CH4/h1H4"  SMILES="C"     chemName="methane"  />
        </property>
        <property name="composition"                   id="x4"   label="[O2]"   sourcetype="calculated"  units="mole fraction" >
            <speciesLink preferredKey="O2"   CAS="7782-44-7"  InChI="1S/O2/c1-2"   SMILES="O=O"   chemName="oxygen"   />
        </property>
        <property name="composition"                   id="x5"   label="[N2]"   sourcetype="calculated"  units="mole fraction" >
            <speciesLink preferredKey="N2"   CAS="7727-37-9"  InChI="1S/N2/c1-2"   SMILES="N#N"   chemName="nitrogen" />
        </property>
        <property name="evaluated standard deviation"  id="x6"   sourcetype="estimated"   units="cm/s"           reference="laminar burning velocity"  kind="absolute"  method="combined from scatter and reported uncertainty" />

        <dataPoint><x1>19.8639</x1><x2>0.000000</x2><x3>0.077491</x3><x4>0.193727</x4><x5>0.728782</x5><x6>1.74001482249434</x6></dataPoint>
        <dataPoint><x1>22.5850</x1><x2>0.008325</x2><x3>0.074926</x3><x4>0.192517</x4><x5>0.724232</x5><x6>1.90263324960435</x6></dataPoint>
        <dataPoint><x1>25.5782</x1><x2>0.029336</x2><x3>0.068452</x3><x4>0.189464</x4><x5>0.712747</x5><x6>1.90263324960435</x6></dataPoint>
        <dataPoint><x1>36.7347</x1><x2>0.059238</x2><x3>0.059238</x3><x4>0.185120</x4><x5>0.696403</x5><x6>1.96485412181159</x6></dataPoint>
    </dataGroup>
    <comment>CH4, O2, and N2 mole fractions were calculated using the equivalence ration and the mole fraction of H2. This version xml file do not contain the digitized uncertainty of laminar burning velocity as the Optima++ could not recognize, the version including full info is available in CommonSpace.</comment>
</experiment>
