<experiment>
    <fileAuthor>Chemical Kinetics Laboratory, Institute of Chemistry, ELTE, Budapest, Hungary</fileAuthor>
    <fileDOI>10.24388/x20004231</fileDOI>
    <fileVersion>
        <major>1</major>
        <minor>0</minor>
    </fileVersion>
    <ReSpecThVersion>
        <major>2</major>
        <minor>3</minor>
    </ReSpecThVersion>
    <firstPublicationDate>2021-10-29</firstPublicationDate>
    <lastModificationDate>2021-10-29</lastModificationDate>
    <bibliographyLink>
        <description>C.K. Wu, C.K. Law, Symp (Int) Combust 20 (1984), 1941--1949</description>
        <referenceDOI>10.1016/S0082-0784(85)80693-7</referenceDOI>
        <location>Fig. 7 open circle</location>
        <figure>Fig. 7</figure>
        <details>
            <author>Wu, C K and Law, C K</author>
            <journal>Symp (Int) Combust</journal>
            <pages>1941--1949</pages>
            <title>On the determination of laminar flame speeds from stretched flames</title>
            <volume>20</volume>
            <year>1984</year>
        </details>
    </bibliographyLink>
    <experimentType>laminar burning velocity measurement</experimentType>
    <apparatus>
        <kind>flame</kind>
        <mode>premixed</mode>
        <mode>laminar</mode>
    </apparatus>
    <commonProperties>
        <property name="pressure"                      label="P"  sourcetype="estimated"  units="atm"  ><value>1</value></property>
        <property name="temperature"                   label="T"  sourcetype="estimated"  units="K"    ><value>298</value></property>
        <property name="evaluated standard deviation"  sourcetype="estimated"  units="cm/s"  reference="laminar burning velocity"  kind="absolute"  method="combined from scatter and estimated uncertainty" ><value>1.52471471443021</value></property>
    </commonProperties>
    <dataGroup id="dg1">
        <property name="laminar burning velocity"  id="x1"   label="Sl"     sourcetype="digitized"  units="m/s"           />
        <property name="composition"               id="x2"   label="[CH4]"  sourcetype="digitized"  units="mole fraction" >
            <speciesLink preferredKey="CH4"  CAS="74-82-8"    InChI="1S/CH4/h1H4"  SMILES="C"    chemName="methane"  />
        </property>
        <property name="composition"               id="x3"   label="[O2]"   sourcetype="digitized"  units="mole fraction" >
            <speciesLink preferredKey="O2"   CAS="7782-44-7"  InChI="1S/O2/c1-2"   SMILES="O=O"  chemName="oxygen"   />
        </property>
        <property name="composition"               id="x4"   label="[N2]"   sourcetype="digitized"  units="mole fraction" >
            <speciesLink preferredKey="N2"   CAS="7727-37-9"  InChI="1S/N2/c1-2"   SMILES="N#N"  chemName="nitrogen" />
        </property>

        <dataPoint><x1>1.387100e-001</x1><x2>6.402057e-002</x2><x3>1.985411e-001</x3><x4>7.374383e-001</x4></dataPoint>
        <dataPoint><x1>1.494800e-001</x1><x2>6.439022e-002</x2><x3>1.984627e-001</x3><x4>7.371471e-001</x4></dataPoint>
        <dataPoint><x1>2.002300e-001</x1><x2>7.013323e-002</x2><x3>1.972445e-001</x3><x4>7.326223e-001</x4></dataPoint>
        <dataPoint><x1>2.085400e-001</x1><x2>7.049716e-002</x2><x3>1.971673e-001</x3><x4>7.323356e-001</x4></dataPoint>
        <dataPoint><x1>2.492900e-001</x1><x2>7.629237e-002</x2><x3>1.959380e-001</x3><x4>7.277696e-001</x4></dataPoint>
        <dataPoint><x1>3.049600e-001</x1><x2>8.205152e-002</x2><x3>1.947163e-001</x3><x4>7.232321e-001</x4></dataPoint>
        <dataPoint><x1>3.158900e-001</x1><x2>8.224631e-002</x2><x3>1.946750e-001</x3><x4>7.230787e-001</x4></dataPoint>
        <dataPoint><x1>3.400300e-001</x1><x2>8.842990e-002</x2><x3>1.933634e-001</x3><x4>7.182067e-001</x4></dataPoint>
        <dataPoint><x1>3.640300e-001</x1><x2>8.827828e-002</x2><x3>1.933955e-001</x3><x4>7.183262e-001</x4></dataPoint>
        <dataPoint><x1>3.783100e-001</x1><x2>9.369168e-002</x2><x3>1.922472e-001</x3><x4>7.140611e-001</x4></dataPoint>
        <dataPoint><x1>3.883000e-001</x1><x2>9.335005e-002</x2><x3>1.923197e-001</x3><x4>7.143303e-001</x4></dataPoint>
        <dataPoint><x1>4.041200e-001</x1><x2>9.873458e-002</x2><x3>1.911775e-001</x3><x4>7.100879e-001</x4></dataPoint>
        <dataPoint><x1>4.134600e-001</x1><x2>1.035342e-001</x2><x3>1.901594e-001</x3><x4>7.063064e-001</x4></dataPoint>
        <dataPoint><x1>4.259200e-001</x1><x2>1.033842e-001</x2><x3>1.901912e-001</x3><x4>7.064246e-001</x4></dataPoint>
        <dataPoint><x1>4.151200e-001</x1><x2>1.084617e-001</x2><x3>1.891142e-001</x3><x4>7.024241e-001</x4></dataPoint>
        <dataPoint><x1>4.234300e-001</x1><x2>1.084642e-001</x2><x3>1.891136e-001</x3><x4>7.024221e-001</x4></dataPoint>
        <dataPoint><x1>4.037100e-001</x1><x2>1.134829e-001</x2><x3>1.880491e-001</x3><x4>6.984680e-001</x4></dataPoint>
        <dataPoint><x1>3.706100e-001</x1><x2>1.187676e-001</x2><x3>1.869281e-001</x3><x4>6.943043e-001</x4></dataPoint>
        <dataPoint><x1>3.134700e-001</x1><x2>1.227254e-001</x2><x3>1.860886e-001</x3><x4>6.911860e-001</x4></dataPoint>
        <dataPoint><x1>3.027100e-001</x1><x2>1.230444e-001</x2><x3>1.860209e-001</x3><x4>6.909347e-001</x4></dataPoint>
        <dataPoint><x1>2.538900e-001</x1><x2>1.267926e-001</x2><x3>1.852258e-001</x3><x4>6.879816e-001</x4></dataPoint>
        <dataPoint><x1>2.009400e-001</x1><x2>1.317716e-001</x2><x3>1.841697e-001</x3><x4>6.840588e-001</x4></dataPoint>
        <dataPoint><x1>1.511900e-001</x1><x2>1.357579e-001</x2><x3>1.833241e-001</x3><x4>6.809180e-001</x4></dataPoint>
        <dataPoint><x1>1.379700e-001</x1><x2>1.359258e-001</x2><x3>1.832885e-001</x3><x4>6.807857e-001</x4></dataPoint>
        <dataPoint><x1>1.231400e-001</x1><x2>1.397416e-001</x2><x3>1.824791e-001</x3><x4>6.777794e-001</x4></dataPoint>
        <dataPoint><x1>1.164200e-001</x1><x2>1.415383e-001</x2><x3>1.820979e-001</x3><x4>6.763637e-001</x4></dataPoint>
    </dataGroup>
</experiment>
