<experiment>
    <fileAuthor>Chemical Kinetics Laboratory, Institute of Chemistry, ELTE, Budapest, Hungary</fileAuthor>
    <fileDOI>10.24388/x20004490</fileDOI>
    <fileVersion>
        <major>1</major>
        <minor>0</minor>
    </fileVersion>
    <ReSpecThVersion>
        <major>2</major>
        <minor>3</minor>
    </ReSpecThVersion>
    <firstPublicationDate>2021-10-29</firstPublicationDate>
    <lastModificationDate>2021-10-29</lastModificationDate>
    <bibliographyLink>
        <description>H. Eberius, Th. Kick, Berichte der Bunsengesellschaft für physikalische Chemie 96 (1992), 1416--1419</description>
        <referenceDOI>10.1002/bbpc.19920961013</referenceDOI>
        <location>Main article</location>
        <figure>Fig.1., open circle</figure>
        <details>
            <author>H. Eberius and Th. Kick</author>
            <journal>Berichte der Bunsengesellschaft für physikalische Chemie</journal>
            <month>oct</month>
            <number>10</number>
            <pages>1416--1419</pages>
            <publisher>Wiley</publisher>
            <title>Stabilization of Premixed, Conical Methane Flames at High Pressure</title>
            <volume>96</volume>
            <year>1992</year>
        </details>
    </bibliographyLink>
    <experimentType>laminar burning velocity measurement</experimentType>
    <apparatus>
        <kind>flame</kind>
        <mode>premixed</mode>
        <mode>laminar</mode>
    </apparatus>
    <commonProperties>
        <property name="temperature"          label="T"  sourcetype="reported"    units="K"             ><value>328</value></property>
        <property name="initial composition"  sourcetype="calculated" >
            <component><speciesLink preferredKey="CH4"  CAS="74-82-8"    InChI="1S/CH4/h1H4"  SMILES="C"    chemName="methane"  /><amount units="mole fraction" >0.095023</amount></component>
            <component><speciesLink preferredKey="O2"   CAS="7782-44-7"  InChI="1S/O2/c1-2"   SMILES="O=O"  chemName="oxygen"   /><amount units="mole fraction" >0.19005</amount></component>
            <component><speciesLink preferredKey="N2"   CAS="7727-37-9"  InChI="1S/N2/c1-2"   SMILES="N#N"  chemName="nitrogen" /><amount units="mole fraction" >0.71493</amount></component>
        </property>
    </commonProperties>
    <dataGroup id="dg1">
        <property name="pressure"                      id="x1"   label="P"   sourcetype="digitized"  units="bar"  />
        <property name="laminar burning velocity"      id="x2"   label="Sl"  sourcetype="digitized"  units="cm/s" />
        <property name="evaluated standard deviation"  id="x3"   sourcetype="estimated"  units="cm/s"  reference="laminar burning velocity"  kind="absolute"  method="combined from scatter and estimated uncertainty" />

        <dataPoint><x1>1.007370e+000</x1><x2>4.760691e+001</x2><x3>3.32050594058995</x3></dataPoint>
        <dataPoint><x1>2.006780e+000</x1><x2>3.555658e+001</x2><x3>2.72360582813796</x3></dataPoint>
        <dataPoint><x1>3.026980e+000</x1><x2>2.931838e+001</x2><x3>2.44153599100399</x3></dataPoint>
        <dataPoint><x1>4.030140e+000</x1><x2>2.518373e+001</x2><x3>2.26932771070342</x3></dataPoint>
        <dataPoint><x1>5.021690e+000</x1><x2>2.213400e+001</x2><x3>2.15182377903024</x3></dataPoint>
        <dataPoint><x1>6.054250e+000</x1><x2>2.100535e+001</x2> <x3>2.1107023374794</x3></dataPoint>
        <dataPoint><x1>7.060740e+000</x1><x2>1.924598e+001</x2><x3>2.04942021571405</x3></dataPoint>
        <dataPoint><x1>8.064920e+000</x1><x2>1.836919e+001</x2><x3>2.02024578775008</x3></dataPoint>
        <dataPoint><x1>1.005030e+001</x1><x2>1.712261e+001</x2><x3>1.98043351768333</x3></dataPoint>
    </dataGroup>
</experiment>
