<experiment>
    <fileAuthor>Chemical Kinetics Laboratory, Institute of Chemistry, ELTE, Budapest, Hungary</fileAuthor>
    <fileDOI>10.24388/x20004554</fileDOI>
    <fileVersion>
        <major>1</major>
        <minor>0</minor>
    </fileVersion>
    <ReSpecThVersion>
        <major>2</major>
        <minor>3</minor>
    </ReSpecThVersion>
    <firstPublicationDate>2021-10-29</firstPublicationDate>
    <lastModificationDate>2021-10-29</lastModificationDate>
    <bibliographyLink>
        <description>X. Cai, J. Wang, W. Zhang, Y. Xie, M. Zhang, Z. Huang, Fuel 184 (2016), 466--473</description>
        <referenceDOI>10.1016/j.fuel.2016.07.011</referenceDOI>
        <location>Main article</location>
        <figure>Fig. 3. (b), blue triangle</figure>
        <details>
            <author>Cai, Xiao and Wang, Jinhua and Zhang, Weijie and Xie, Yongliang and Zhang, Meng and Huang, Zuohua</author>
            <journal>Fuel</journal>
            <pages>466--473</pages>
            <title>Effects of oxygen enrichment on laminar burning velocities and Markstein lengths of {CH}$_{4}$/{O}$_{2}$/{N}$_{2}$ flames at elevated pressures</title>
            <volume>184</volume>
            <year>2016</year>
        </details>
    </bibliographyLink>
    <experimentType>laminar burning velocity measurement</experimentType>
    <apparatus>
        <kind>flame</kind>
        <mode>premixed</mode>
        <mode>laminar</mode>
        <mode>OPF</mode>
    </apparatus>
    <commonProperties>
        <property name="temperature"  label="T"    sourcetype="reported"  units="K"   ><value>353</value></property>
        <property name="uncertainty"  label="d_T"  sourcetype="reported"  units="K"    reference="temperature"  kind="absolute"  bound="plusminus" ><value>3</value></property>
        <property name="pressure"     label="p"    sourcetype="reported"  units="MPa" ><value>0.3</value></property>
        <property name="uncertainty"  label="d_p"  sourcetype="reported"  units="kPa"  reference="pressure"     kind="absolute"  bound="plusminus" ><value>3</value></property>
    </commonProperties>
    <dataGroup id="dg1">
        <property name="equivalence ratio"             id="x1"   label="phi"    sourcetype="digitized"   units="unitless"      />
        <property name="laminar burning velocity"      id="x2"   label="Sl"     sourcetype="digitized"   units="cm/s"          />
        <property name="composition"                   id="x3"   label="[CH4]"  sourcetype="calculated"  units="mole fraction" >
            <speciesLink preferredKey="CH4"  CAS="74-82-8"    InChI="1S/CH4/h1H4"  SMILES="C"    chemName="methane"  />
        </property>
        <property name="composition"                   id="x4"   label="[O2]"   sourcetype="calculated"  units="mole fraction" >
            <speciesLink preferredKey="O2"   CAS="7782-44-7"  InChI="1S/O2/c1-2"   SMILES="O=O"  chemName="oxygen"   />
        </property>
        <property name="composition"                   id="x5"   label="[N2]"   sourcetype="calculated"  units="mole fraction" >
            <speciesLink preferredKey="N2"   CAS="7727-37-9"  InChI="1S/N2/c1-2"   SMILES="N#N"  chemName="nitrogen" />
        </property>
        <property name="evaluated standard deviation"  id="x6"   sourcetype="estimated"   units="cm/s"           reference="laminar burning velocity"  kind="absolute"  method="combined from scatter and reported uncertainty" />

        <dataPoint><x1>0.699588</x1><x2>10.9645</x2><x3>0.0684301</x3><x4>0.1956297</x4><x5>0.7359402</x5><x6>1.69296873285392</x6></dataPoint>
        <dataPoint>     <x1>0.8</x1><x2>19.4924</x2><x3>0.0774908</x3><x4>0.1937269</x4><x5>0.7287823</x5><x6>1.69295946446482</x6></dataPoint>
        <dataPoint><x1>0.900412</x1><x2>27.4112</x2><x3>0.0863769</x3><x4>0.1918608</x4><x5>0.7217622</x5><x6>2.54631369401357</x6></dataPoint>
        <dataPoint><x1>0.999177</x1><x2>30.1523</x2><x3>0.0949518</x3><x4>0.1900601</x4><x5>0.7149880</x5><x6>1.48763635957213</x6></dataPoint>
        <dataPoint> <x1>1.09959</x1><x2>31.6751</x2><x3>0.1035064</x3><x4>0.1882637</x4><x5>0.7082299</x5><x6>2.11526433060291</x6></dataPoint>
        <dataPoint>     <x1>1.2</x1><x2>28.0203</x2><x3>0.1119005</x3><x4>0.1865009</x4><x5>0.7015986</x5><x6>3.86334976779491</x6></dataPoint>
        <dataPoint> <x1>1.30041</x1><x2>21.6244</x2><x3>0.1201389</x3><x4>0.1847708</x4><x5>0.6950903</x5><x6>1.69295946446482</x6></dataPoint>
        <dataPoint> <x1>1.39918</x1><x2>12.4873</x2><x3>0.1280950</x3><x4>0.1831001</x4><x5>0.6888050</x5> <x6>3.2019269476865</x6></dataPoint>
    </dataGroup>
    <comment>CH4, O2 and N2 mole fractions were estimated using phi, O2 mole fraction - E(O2)=0.21 - in air.</comment>
</experiment>
