<experiment>
    <fileAuthor>Chemical Kinetics Laboratory, Institute of Chemistry, ELTE, Budapest, Hungary</fileAuthor>
    <fileDOI>10.24388/x20004499</fileDOI>
    <fileVersion>
        <major>1</major>
        <minor>0</minor>
    </fileVersion>
    <ReSpecThVersion>
        <major>2</major>
        <minor>3</minor>
    </ReSpecThVersion>
    <firstPublicationDate>2021-10-29</firstPublicationDate>
    <lastModificationDate>2021-10-29</lastModificationDate>
    <bibliographyLink>
        <description>W. Lowry, J.d. Vries, M. Krejci, E. Petersen, Z. Serinyel, W. Metcalfe, H. Curran, G. Bourque, Journal of Engineering for Gas Turbines and Power 133 (2011)</description>
        <referenceDOI>10.1115/1.4002809</referenceDOI>
        <location>Main article</location>
        <figure>Fig. 6.b. full square</figure>
        <details>
            <author>William Lowry and Jaap de Vries and Michael Krejci and Eric Petersen and Zeynep Serinyel and Wayne Metcalfe and Henry Curran and Gilles Bourque</author>
            <journal>Journal of Engineering for Gas Turbines and Power</journal>
            <month>apr</month>
            <number>9</number>
            <publisher>ASME} International</publisher>
            <title>Laminar Flame Speed Measurements and Modeling of Pure Alkanes and Alkane Blends at Elevated Pressures</title>
            <volume>133</volume>
            <year>2011</year>
        </details>
    </bibliographyLink>
    <experimentType>laminar burning velocity measurement</experimentType>
    <apparatus>
        <kind>flame</kind>
        <mode>premixed</mode>
        <mode>laminar</mode>
    </apparatus>
    <commonProperties>
        <property name="pressure"     label="P"  sourcetype="reported"  units="atm" ><value>10</value></property>
        <property name="temperature"  label="T"  sourcetype="reported"  units="K"   ><value>298</value></property>
    </commonProperties>
    <dataGroup id="dg1">
        <property name="laminar burning velocity"      id="x1"   label="Sl"     sourcetype="digitized"   units="cm/s"          />
        <property name="composition"                   id="x2"   label="[CH4]"  sourcetype="calculated"  units="mole fraction" >
            <speciesLink preferredKey="CH4"  CAS="74-82-8"    InChI="1S/CH4/h1H4"  SMILES="C"    chemName="methane"  />
        </property>
        <property name="composition"                   id="x3"   label="[O2]"   sourcetype="calculated"  units="mole fraction" >
            <speciesLink preferredKey="O2"   CAS="7782-44-7"  InChI="1S/O2/c1-2"   SMILES="O=O"  chemName="oxygen"   />
        </property>
        <property name="composition"                   id="x4"   label="[N2]"   sourcetype="calculated"  units="mole fraction" >
            <speciesLink preferredKey="N2"   CAS="7727-37-9"  InChI="1S/N2/c1-2"   SMILES="N#N"  chemName="nitrogen" />
        </property>
        <property name="evaluated standard deviation"  id="x5"   sourcetype="estimated"   units="cm/s"           reference="laminar burning velocity"  kind="absolute"  method="combined from scatter and reported uncertainty" />

        <dataPoint><x1>4.175080e+000</x1><x2>6.837833e-002</x2><x3>1.956406e-001</x3><x4>7.359811e-001</x4><x5>1.12843023359887</x5></dataPoint>
        <dataPoint><x1>6.714250e+000</x1><x2>7.745324e-002</x2><x3>1.937348e-001</x3><x4>7.288119e-001</x4><x5>1.14671478236744</x5></dataPoint>
        <dataPoint><x1>1.211374e+001</x1><x2>8.627593e-002</x2><x3>1.918821e-001</x3><x4>7.218420e-001</x4> <x5>1.0656358628068</x5></dataPoint>
        <dataPoint><x1>1.424143e+001</x1><x2>9.510173e-002</x2><x3>1.900286e-001</x3><x4>7.148696e-001</x4><x5>1.17616104003661</x5></dataPoint>
        <dataPoint><x1>1.399052e+001</x1><x2>1.036709e-001</x2><x3>1.882291e-001</x3><x4>7.081000e-001</x4> <x5>1.0972601296411</x5></dataPoint>
        <dataPoint><x1>1.113019e+001</x1><x2>1.119693e-001</x2><x3>1.864865e-001</x3><x4>7.015443e-001</x4><x5>1.35069603986241</x5></dataPoint>
        <dataPoint><x1>6.874830e+000</x1><x2>1.202129e-001</x2><x3>1.847553e-001</x3><x4>6.950318e-001</x4><x5>1.26229148460251</x5></dataPoint>
    </dataGroup>
</experiment>
