<experiment>
    <fileAuthor>Chemical Kinetics Laboratory, Institute of Chemistry, ELTE, Budapest, Hungary</fileAuthor>
    <fileDOI>10.24388/x20004325</fileDOI>
    <fileVersion>
        <major>1</major>
        <minor>0</minor>
    </fileVersion>
    <ReSpecThVersion>
        <major>2</major>
        <minor>3</minor>
    </ReSpecThVersion>
    <firstPublicationDate>2021-10-29</firstPublicationDate>
    <lastModificationDate>2021-10-29</lastModificationDate>
    <bibliographyLink>
        <description>A.N. Mazas, B. Fiorina, D.A. Lacoste, T. Schuller, Combustion and Flame 158 (2011), 2428--2440</description>
        <referenceDOI>10.1016/j.combustflame.2011.05.014</referenceDOI>
        <location>Main article, Fig. 11, full circle</location>
        <figure>Figure 11</figure>
        <details>
            <author>A.N. Mazas and B. Fiorina and D.A. Lacoste and T. Schuller</author>
            <journal>Combustion and Flame</journal>
            <month>dec</month>
            <number>12</number>
            <pages>2428--2440</pages>
            <publisher>Elsevier {BV}</publisher>
            <title>Effects of water vapor addition on the laminar burning velocity of oxygen-enriched methane flames</title>
            <volume>158</volume>
            <year>2011</year>
        </details>
    </bibliographyLink>
    <experimentType>laminar burning velocity measurement</experimentType>
    <apparatus>
        <kind>flame</kind>
        <mode>premixed</mode>
        <mode>laminar</mode>
    </apparatus>
    <commonProperties>
        <property name="pressure"     label="P"  sourcetype="reported"  units="atm" ><value>1</value></property>
        <property name="temperature"  label="T"  sourcetype="reported"  units="K"   ><value>473</value></property>
    </commonProperties>
    <dataGroup id="dg1">
        <property name="laminar burning velocity"      id="x1"   label="Sl"     sourcetype="digitized"  units="cm/s"          />
        <property name="composition"                   id="x2"   label="[CH4]"  sourcetype="digitized"  units="mole fraction" >
            <speciesLink preferredKey="CH4"  CAS="74-82-8"    InChI="1S/CH4/h1H4"  SMILES="C"    chemName="methane"  />
        </property>
        <property name="composition"                   id="x3"   label="[O2]"   sourcetype="digitized"  units="mole fraction" >
            <speciesLink preferredKey="O2"   CAS="7782-44-7"  InChI="1S/O2/c1-2"   SMILES="O=O"  chemName="oxygen"   />
        </property>
        <property name="composition"                   id="x4"   label="[N2]"   sourcetype="digitized"  units="mole fraction" >
            <speciesLink preferredKey="N2"   CAS="7727-37-9"  InChI="1S/N2/c1-2"   SMILES="N#N"  chemName="nitrogen" />
        </property>
        <property name="composition"                   id="x5"   label="[H2O]"  sourcetype="digitized"  units="mole fraction" >
            <speciesLink preferredKey="H2O"  CAS="7732-18-5"  InChI="1S/H2O/h1H2"  SMILES="O"    chemName="water"    />
        </property>
        <property name="evaluated standard deviation"  id="x6"   sourcetype="estimated"  units="cm/s"           reference="laminar burning velocity"  kind="absolute"  method="combined from scatter and reported uncertainty" />

        <dataPoint><x1>7.816127e+001</x1><x2>9.449810e-002</x2><x3>1.889962e-001</x3><x4>7.109857e-001</x4><x5>5.520000e-003</x5><x6>2.15345201537161</x6></dataPoint>
        <dataPoint><x1>7.086837e+001</x1><x2>9.199140e-002</x2><x3>1.839828e-001</x3><x4>6.921258e-001</x4><x5>3.190000e-002</x5><x6>1.98948967552877</x6></dataPoint>
        <dataPoint><x1>6.730627e+001</x1><x2>9.027624e-002</x2><x3>1.805525e-001</x3><x4>6.792213e-001</x4><x5>4.995000e-002</x5><x6>1.91061488553307</x6></dataPoint>
        <dataPoint><x1>6.085594e+001</x1><x2>8.848697e-002</x2><x3>1.769739e-001</x3><x4>6.657591e-001</x4><x5>6.878000e-002</x5> <x6>1.7702454344814</x6></dataPoint>
        <dataPoint><x1>5.304765e+001</x1><x2>8.503480e-002</x2><x3>1.700696e-001</x3><x4>6.397856e-001</x4><x5>1.051100e-001</x5><x6>1.60558361167414</x6></dataPoint>
        <dataPoint><x1>4.879725e+001</x1><x2>8.284738e-002</x2><x3>1.656948e-001</x3><x4>6.233279e-001</x4><x5>1.281300e-001</x5><x6>1.51899564095048</x6></dataPoint>
        <dataPoint><x1>4.031295e+001</x1><x2>8.023996e-002</x2><x3>1.604799e-001</x3><x4>6.037101e-001</x4><x5>1.555700e-001</x5><x6>1.35455683290295</x6></dataPoint>
    </dataGroup>
</experiment>
