<experiment>
    <fileAuthor>Chemical Kinetics Laboratory, Institute of Chemistry, ELTE, Budapest, Hungary</fileAuthor>
    <fileDOI>10.24388/x20004609</fileDOI>
    <fileVersion>
        <major>1</major>
        <minor>0</minor>
    </fileVersion>
    <ReSpecThVersion>
        <major>2</major>
        <minor>3</minor>
    </ReSpecThVersion>
    <firstPublicationDate>2021-10-29</firstPublicationDate>
    <lastModificationDate>2021-10-29</lastModificationDate>
    <bibliographyLink>
        <description>J.L. Pagliaro, G.T. Linteris, P.B. Sunderland, P.T. Baker, Combustion and Flame 162 (2015), 41--49</description>
        <referenceDOI>10.1016/j.combustflame.2014.07.006</referenceDOI>
        <location>Main article</location>
        <figure>Fig. 4, square, 298 K, 1 bar</figure>
        <details>
            <author>John L. Pagliaro and Gregory T. Linteris and Peter B. Sunderland and Patrick T. Baker</author>
            <journal>Combustion and Flame</journal>
            <month>jan</month>
            <number>1</number>
            <pages>41--49</pages>
            <publisher>Elsevier {BV}</publisher>
            <title>Combustion inhibition and enhancement of premixed methane{\textendash}air flames by halon replacements</title>
            <volume>162</volume>
            <year>2015</year>
        </details>
    </bibliographyLink>
    <experimentType>laminar burning velocity measurement</experimentType>
    <apparatus>
        <kind>flame</kind>
        <mode>premixed</mode>
        <mode>laminar</mode>
        <mode>OPF</mode>
    </apparatus>
    <commonProperties>
        <property name="temperature"  label="T"  sourcetype="reported"  units="K"   ><value>298</value></property>
        <property name="pressure"     label="p"  sourcetype="reported"  units="bar" ><value>1</value></property>
    </commonProperties>
    <dataGroup id="dg1">
        <property name="laminar burning velocity"      id="x1"   label="Sl"     sourcetype="digitized"   units="cm/s"          />
        <property name="composition"                   id="x2"   label="[CH4]"  sourcetype="calculated"  units="mole fraction" >
            <speciesLink preferredKey="CH4"  CAS="74-82-8"    InChI="1S/CH4/h1H4"  SMILES="C"    chemName="methane"  />
        </property>
        <property name="composition"                   id="x3"   label="[O2]"   sourcetype="calculated"  units="mole fraction" >
            <speciesLink preferredKey="O2"   CAS="7782-44-7"  InChI="1S/O2/c1-2"   SMILES="O=O"  chemName="oxygen"   />
        </property>
        <property name="composition"                   id="x4"   label="[N2]"   sourcetype="calculated"  units="mole fraction" >
            <speciesLink preferredKey="N2"   CAS="7727-37-9"  InChI="1S/N2/c1-2"   SMILES="N#N"  chemName="nitrogen" />
        </property>
        <property name="evaluated standard deviation"  id="x5"   sourcetype="estimated"   units="cm/s"           reference="laminar burning velocity"  kind="absolute"  method="generic uncertainty" />

        <dataPoint> <x1>8.8291</x1><x2>0.059181</x2><x3>0.197572</x3><x4>0.743247</x4>              <x5>0.5</x5></dataPoint>
        <dataPoint><x1>16.8038</x1><x2>0.068384</x2><x3>0.195639</x3><x4>0.735977</x4><x5>0.655173450790705</x5></dataPoint>
        <dataPoint><x1>24.5886</x1><x2>0.077409</x2><x3>0.193744</x3><x4>0.728847</x4><x5>0.848092359704413</x5></dataPoint>
        <dataPoint><x1>31.3291</x1><x2>0.086341</x2><x3>0.191868</x3><x4>0.721791</x4> <x5>1.02882582673356</x5></dataPoint>
        <dataPoint><x1>35.9810</x1><x2>0.094944</x2><x3>0.190062</x3><x4>0.714994</x4> <x5>1.15770913900038</x5></dataPoint>
        <dataPoint><x1>36.1709</x1><x2>0.103541</x2><x3>0.188256</x3><x4>0.708203</x4>  <x5>1.1630227563354</x5></dataPoint>
        <dataPoint><x1>31.6139</x1><x2>0.111901</x2><x3>0.186501</x3><x4>0.701599</x4> <x5>1.03663693331561</x5></dataPoint>
        <dataPoint><x1>22.9747</x1><x2>0.120031</x2><x3>0.184794</x3><x4>0.695176</x4><x5>0.806333976529577</x5></dataPoint>
    </dataGroup>
    <comment>CH4, O2, and N2 mole fractions were calculated using the equivalence ration. The uncertainty of measured laminar buring velocity is 6%.</comment>
</experiment>
