<experiment>
    <fileAuthor>Chemical Kinetics Laboratory, Institute of Chemistry, ELTE, Budapest, Hungary</fileAuthor>
    <fileDOI>10.24388/x20004599</fileDOI>
    <fileVersion>
        <major>1</major>
        <minor>0</minor>
    </fileVersion>
    <ReSpecThVersion>
        <major>2</major>
        <minor>3</minor>
    </ReSpecThVersion>
    <firstPublicationDate>2021-10-29</firstPublicationDate>
    <lastModificationDate>2021-10-29</lastModificationDate>
    <bibliographyLink>
        <description>M. Mitu, V. Giurcan, D. Razus, D. Oancea, J Hazard Mater 321 (2017), 440--448</description>
        <referenceDOI>10.1016/j.jhazmat.2016.09.033</referenceDOI>
        <location>Main article</location>
        <figure>Fig. 7, lower triangle - CO2 series</figure>
        <details>
            <author>Mitu, Maria and Giurcan, Venera and Razus, Domnina and Oancea, Dumitru</author>
            <journal>J Hazard Mater</journal>
            <pages>440--448</pages>
            <title>Inert gas influence on the laminar burning velocity of methane-airmixtures</title>
            <volume>321</volume>
            <year>2017</year>
        </details>
    </bibliographyLink>
    <experimentType>laminar burning velocity measurement</experimentType>
    <apparatus>
        <kind>flame</kind>
        <mode>premixed</mode>
        <mode>laminar</mode>
        <mode>OPF</mode>
    </apparatus>
    <commonProperties>
        <property name="temperature"  label="T"  sourcetype="reported"  units="K"   ><value>300</value></property>
        <property name="pressure"     label="p"  sourcetype="reported"  units="atm" ><value>1</value></property>
    </commonProperties>
    <dataGroup id="dg1">
        <property name="laminar burning velocity"      id="x1"   label="Sl"     sourcetype="digitized"   units="cm/s"          />
        <property name="composition"                   id="x2"   label="[CH4]"  sourcetype="calculated"  units="mole fraction" >
            <speciesLink preferredKey="CH4"  CAS="74-82-8"    InChI="1S/CH4/h1H4"    SMILES="C"        chemName="methane"        />
        </property>
        <property name="composition"                   id="x3"   label="[O2]"   sourcetype="calculated"  units="mole fraction" >
            <speciesLink preferredKey="O2"   CAS="7782-44-7"  InChI="1S/O2/c1-2"     SMILES="O=O"      chemName="oxygen"         />
        </property>
        <property name="composition"                   id="x4"   label="[N2]"   sourcetype="calculated"  units="mole fraction" >
            <speciesLink preferredKey="N2"   CAS="7727-37-9"  InChI="1S/N2/c1-2"     SMILES="N#N"      chemName="nitrogen"       />
        </property>
        <property name="composition"                   id="x5"   label="[CO2]"  sourcetype="calculated"  units="mole fraction" >
            <speciesLink preferredKey="CO2"  CAS="124-38-9"   InChI="1S/CO2/c2-1-3"  SMILES="C(=O)=O"  chemName="carbon dioxide" />
        </property>
        <property name="evaluated standard deviation"  id="x6"   sourcetype="estimated"   units="cm/s"           reference="laminar burning velocity"  kind="absolute"  method="combined from scatter and reported uncertainty" />

        <dataPoint><x1>37.33</x1><x2>0.095023</x2><x3>0.190045</x3><x4>0.714932</x4><x5>0.000000</x5> <x6>1.43826234298589</x6></dataPoint>
        <dataPoint><x1>21.33</x1><x2>0.087939</x2><x3>0.175878</x3><x4>0.661638</x4><x5>0.074545</x5><x6>0.958505715815639</x6></dataPoint>
        <dataPoint><x1>18.97</x1><x2>0.085518</x2><x3>0.171037</x3><x4>0.643424</x4><x5>0.100021</x5><x6>0.895688540273347</x6></dataPoint>
        <dataPoint><x1>15.59</x1><x2>0.083127</x2><x3>0.166255</x3><x4>0.625435</x4><x5>0.125183</x5><x6>0.811755075328298</x6></dataPoint>
        <dataPoint><x1>12.92</x1><x2>0.080766</x2><x3>0.161533</x3><x4>0.607671</x4><x5>0.150030</x5><x6>0.752201314498486</x6></dataPoint>
        <dataPoint><x1>12.00</x1><x2>0.078316</x2><x3>0.156631</x3><x4>0.589232</x4><x5>0.175821</x5><x6>0.733228367127868</x6></dataPoint>
    </dataGroup>
    <comment>CH4, O2, N2, and CO2 mole fractions were calculated using the equivalence ration and the ratio of carbon dioxide. The uncertainty of measured laminar buring velocity is 3.5%.</comment>
</experiment>
