<experiment>
    <fileAuthor>Chemical Kinetics Laboratory, Institute of Chemistry, ELTE, Budapest, Hungary</fileAuthor>
    <fileDOI>10.24388/x20004525</fileDOI>
    <fileVersion>
        <major>1</major>
        <minor>0</minor>
    </fileVersion>
    <ReSpecThVersion>
        <major>2</major>
        <minor>3</minor>
    </ReSpecThVersion>
    <firstPublicationDate>2021-10-29</firstPublicationDate>
    <lastModificationDate>2021-10-29</lastModificationDate>
    <bibliographyLink>
        <description>B. Almansour, L. Thompson, J. Lopez, G. Barari, S.S. Vasu, J Energy Res Technol 138 (2016), 032201-1-9</description>
        <referenceDOI>10.1115/1.4031967</referenceDOI>
        <location>Main article, main text, Fig. 6, red circle</location>
        <figure>Main article, Fig. 3 (not used), Fig. 6, red circle, Fig. 7 (not used), Fig. 8 (not used), Fig. 15 (not used)</figure>
        <details>
            <author>Almansour, Bader and Thompson, Luke and Lopez, Joseph and Barari, Ghazal and Vasu, Subith S</author>
            <journal>J Energy Res Technol</journal>
            <pages>032201-1-9</pages>
            <title>Laser ignition and flame speed measurements in oxy-methane mixtures diluted with CO$_{2}$</title>
            <volume>138</volume>
            <year>2016</year>
        </details>
    </bibliographyLink>
    <experimentType>laminar burning velocity measurement</experimentType>
    <apparatus>
        <kind>flame</kind>
        <mode>premixed</mode>
        <mode>laminar</mode>
        <mode>OPF</mode>
    </apparatus>
    <commonProperties>
        <property name="temperature"  label="T"    sourcetype="reported"  units="K"        ><value>295</value></property>
        <property name="uncertainty"  label="d_T"  sourcetype="reported"  units="unitless"  reference="temperature"  kind="relative"  bound="plusminus" ><value>0.0148</value></property>
        <property name="pressure"     label="p"    sourcetype="reported"  units="atm"      ><value>1</value></property>
        <property name="uncertainty"  label="d_p"  sourcetype="reported"  units="unitless"  reference="pressure"     kind="relative"  bound="plusminus" ><value>0.0004</value></property>
    </commonProperties>
    <dataGroup id="dg1">
        <property name="equivalence ratio"             id="x1"   label="phi"    sourcetype="reported"    units="unitless"      />
        <property name="laminar burning velocity"      id="x2"   label="Sl"     sourcetype="reported"    units="cm/s"          />
        <property name="composition"                   id="x3"   label="[CH4]"  sourcetype="calculated"  units="mole fraction" >
            <speciesLink preferredKey="CH4"  CAS="74-82-8"    InChI="1S/CH4/h1H4"    SMILES="C"        chemName="methane"        />
        </property>
        <property name="composition"                   id="x4"   label="[O2]"   sourcetype="calculated"  units="mole fraction" >
            <speciesLink preferredKey="O2"   CAS="7782-44-7"  InChI="1S/O2/c1-2"     SMILES="O=O"      chemName="oxygen"         />
        </property>
        <property name="composition"                   id="x5"   label="[CO2]"  sourcetype="calculated"  units="mole fraction" >
            <speciesLink preferredKey="CO2"  CAS="124-38-9"   InChI="1S/CO2/c2-1-3"  SMILES="C(=O)=O"  chemName="carbon dioxide" />
        </property>
        <property name="evaluated standard deviation"  id="x6"   sourcetype="estimated"   units="cm/s"           reference="laminar burning velocity"  kind="absolute"  method="combined from scatter and reported uncertainty" />

        <dataPoint><x1>0.801044</x1><x2>22.4169</x2><x3>0.12294758</x3><x4>0.30696835</x4><x5>0.57008408</x5><x6>0.873065503117818</x6></dataPoint>
        <dataPoint><x1>0.900914</x1><x2>25.7251</x2><x3>0.13618848</x3><x4>0.30233403</x4><x5>0.56147749</x5><x6>0.955168833792082</x6></dataPoint>
        <dataPoint> <x1>1.00078</x1><x2>27.6284</x2><x3>0.14903503</x3><x4>0.29783774</x4><x5>0.55312723</x5> <x6>1.00401952591518</x6></dataPoint>
        <dataPoint> <x1>1.10065</x1><x2>27.3112</x2><x3>0.16150556</x3><x4>0.29347305</x4><x5>0.54502139</x5><x6>0.995806499743673</x6></dataPoint>
        <dataPoint> <x1>1.19935</x1><x2>24.4562</x2><x3>0.17347602</x3><x4>0.28928339</x4><x5>0.53724059</x5><x6>0.923219584764923</x6></dataPoint>
        <dataPoint> <x1>1.30039</x1><x2>22.0544</x2><x3>0.18538134</x3><x4>0.28511653</x4><x5>0.52950213</x5><x6>0.864320332025232</x6></dataPoint>
    </dataGroup>
    <comment>O2 volume ratio was 35 volume% in this measurement. CH4, O2 and CO2 mole fractions were estimated using phi, and O2 volume ratio.</comment>
</experiment>
