<experiment>
    <fileAuthor>Chemical Kinetics Laboratory, Institute of Chemistry, ELTE, Budapest, Hungary</fileAuthor>
    <fileDOI>10.24388/x20004111</fileDOI>
    <fileVersion>
        <major>1</major>
        <minor>0</minor>
    </fileVersion>
    <ReSpecThVersion>
        <major>2</major>
        <minor>3</minor>
    </ReSpecThVersion>
    <firstPublicationDate>2021-10-29</firstPublicationDate>
    <lastModificationDate>2021-10-29</lastModificationDate>
    <bibliographyLink>
        <description>F. COPPENS, J. DERUYCK, A. KONNOV, Combustion and Flame 149 (2007), 409--417</description>
        <referenceDOI>10.1016/j.combustflame.2007.02.004</referenceDOI>
        <location>Main article, Fig. 3, open diamond</location>
        <figure>Figure 3</figure>
        <details>
            <author>F COPPENS and J DERUYCK and A KONNOV</author>
            <journal>Combustion and Flame</journal>
            <month>jun</month>
            <number>4</number>
            <pages>409--417</pages>
            <publisher>Elsevier {BV}</publisher>
            <title>The effects of composition on burning velocity and nitric oxide formation in laminar premixed flames of {CH}4 $\mathplus$ H2 $\mathplus$ O2 $\mathplus$ N2</title>
            <volume>149</volume>
            <year>2007</year>
        </details>
    </bibliographyLink>
    <experimentType>laminar burning velocity measurement</experimentType>
    <apparatus>
        <kind>flame</kind>
        <mode>premixed</mode>
        <mode>laminar</mode>
    </apparatus>
    <commonProperties>
        <property name="pressure"                      label="P"  sourcetype="reported"   units="atm"  ><value>1</value></property>
        <property name="temperature"                   label="T"  sourcetype="reported"   units="K"    ><value>298</value></property>
        <property name="evaluated standard deviation"  sourcetype="estimated"  units="cm/s"  reference="laminar burning velocity"  kind="absolute"  method="generic uncertainty" ><value>0.5</value></property>
    </commonProperties>
    <dataGroup id="dg1">
        <property name="laminar burning velocity"  id="x1"   label="Sl"     sourcetype="digitized"  units="cm/s"          />
        <property name="composition"               id="x2"   label="[CH4]"  sourcetype="digitized"  units="mole fraction" >
            <speciesLink preferredKey="CH4"  CAS="74-82-8"    InChI="1S/CH4/h1H4"  SMILES="C"     chemName="methane"  />
        </property>
        <property name="composition"               id="x3"   label="[O2]"   sourcetype="digitized"  units="mole fraction" >
            <speciesLink preferredKey="O2"   CAS="7782-44-7"  InChI="1S/O2/c1-2"   SMILES="O=O"   chemName="oxygen"   />
        </property>
        <property name="composition"               id="x4"   label="[N2]"   sourcetype="digitized"  units="mole fraction" >
            <speciesLink preferredKey="N2"   CAS="7727-37-9"  InChI="1S/N2/c1-2"   SMILES="N#N"   chemName="nitrogen" />
        </property>
        <property name="composition"               id="x5"   label="[H2]"   sourcetype="digitized"  units="mole fraction" >
            <speciesLink preferredKey="H2"   CAS="1333-74-0"  InChI="1S/H2/h1H"    SMILES="[HH]"  chemName="hydrogen" />
        </property>

        <dataPoint><x1>1.168538e+001</x1><x2>6.147905e-002</x2><x3>1.777042e-001</x3><x4>7.575810e-001</x4><x5>3.235739e-003</x5></dataPoint>
        <dataPoint><x1>1.501629e+001</x1><x2>6.560523e-002</x2><x3>1.768790e-001</x3><x4>7.540629e-001</x4><x5>3.452907e-003</x5></dataPoint>
        <dataPoint><x1>1.838679e+001</x1><x2>6.960308e-002</x2><x3>1.760794e-001</x3><x4>7.506542e-001</x4><x5>3.663320e-003</x5></dataPoint>
        <dataPoint><x1>2.187657e+001</x1><x2>7.367188e-002</x2><x3>1.752656e-001</x3><x4>7.471850e-001</x4><x5>3.877467e-003</x5></dataPoint>
        <dataPoint><x1>2.466133e+001</x1><x2>7.759967e-002</x2><x3>1.744801e-001</x3><x4>7.438361e-001</x4><x5>4.084193e-003</x5></dataPoint>
        <dataPoint><x1>2.692003e+001</x1><x2>8.159976e-002</x2><x3>1.736800e-001</x3><x4>7.404255e-001</x4><x5>4.294724e-003</x5></dataPoint>
        <dataPoint><x1>2.853329e+001</x1><x2>8.546239e-002</x2><x3>1.729075e-001</x3><x4>7.371321e-001</x4><x5>4.498021e-003</x5></dataPoint>
        <dataPoint><x1>2.961043e+001</x1><x2>8.929313e-002</x2><x3>1.721414e-001</x3><x4>7.338659e-001</x4><x5>4.699638e-003</x5></dataPoint>
        <dataPoint><x1>2.977421e+001</x1><x2>9.309388e-002</x2><x3>1.713812e-001</x3><x4>7.306252e-001</x4><x5>4.899678e-003</x5></dataPoint>
        <dataPoint><x1>2.881612e+001</x1><x2>9.686575e-002</x2><x3>1.706269e-001</x3><x4>7.274092e-001</x4><x5>5.098197e-003</x5></dataPoint>
        <dataPoint><x1>2.662696e+001</x1><x2>1.006098e-001</x2><x3>1.698780e-001</x3><x4>7.242169e-001</x4><x5>5.295253e-003</x5></dataPoint>
        <dataPoint><x1>2.400111e+001</x1><x2>1.044229e-001</x2><x3>1.691154e-001</x3><x4>7.209657e-001</x4><x5>5.495943e-003</x5></dataPoint>
        <dataPoint><x1>2.015398e+001</x1><x2>1.081077e-001</x2><x3>1.683785e-001</x3><x4>7.178239e-001</x4><x5>5.689880e-003</x5></dataPoint>
        <dataPoint><x1>1.684297e+001</x1><x2>1.117583e-001</x2><x3>1.676483e-001</x3><x4>7.147113e-001</x4><x5>5.882018e-003</x5></dataPoint>
        <dataPoint><x1>1.352202e+001</x1><x2>1.153782e-001</x2><x3>1.669244e-001</x3><x4>7.116249e-001</x4><x5>6.072535e-003</x5></dataPoint>
        <dataPoint><x1>1.101531e+001</x1><x2>1.190594e-001</x2><x3>1.661881e-001</x3><x4>7.084862e-001</x4><x5>6.266285e-003</x5></dataPoint>
    </dataGroup>
</experiment>
