<experiment>
    <fileAuthor>Chemical Kinetics Laboratory, Institute of Chemistry, ELTE, Budapest, Hungary</fileAuthor>
    <fileDOI>10.24388/x20004587</fileDOI>
    <fileVersion>
        <major>1</major>
        <minor>0</minor>
    </fileVersion>
    <ReSpecThVersion>
        <major>2</major>
        <minor>3</minor>
    </ReSpecThVersion>
    <firstPublicationDate>2021-10-29</firstPublicationDate>
    <lastModificationDate>2021-10-29</lastModificationDate>
    <bibliographyLink>
        <description>M. Mitu, V. Giurcan, D. Razus, D. Oancea, J Hazard Mater 321 (2017), 440--448</description>
        <referenceDOI>10.1016/j.jhazmat.2016.09.033</referenceDOI>
        <location>Main article</location>
        <figure>Fig. 1, circle, 1.5 bar series</figure>
        <details>
            <author>Mitu, Maria and Giurcan, Venera and Razus, Domnina and Oancea, Dumitru</author>
            <journal>J Hazard Mater</journal>
            <pages>440--448</pages>
            <title>Inert gas influence on the laminar burning velocity of methane-airmixtures</title>
            <volume>321</volume>
            <year>2017</year>
        </details>
    </bibliographyLink>
    <experimentType>laminar burning velocity measurement</experimentType>
    <apparatus>
        <kind>flame</kind>
        <mode>premixed</mode>
        <mode>laminar</mode>
        <mode>OPF</mode>
    </apparatus>
    <commonProperties>
        <property name="temperature"  label="T"  sourcetype="reported"  units="K"   ><value>298</value></property>
        <property name="pressure"     label="p"  sourcetype="reported"  units="bar" ><value>1</value></property>
    </commonProperties>
    <dataGroup id="dg1">
        <property name="laminar burning velocity"      id="x1"   label="Sl"     sourcetype="digitized"   units="cm/s"          />
        <property name="composition"                   id="x2"   label="[CH4]"  sourcetype="calculated"  units="mole fraction" >
            <speciesLink preferredKey="CH4"  CAS="74-82-8"    InChI="1S/CH4/h1H4"  SMILES="C"    chemName="methane"  />
        </property>
        <property name="composition"                   id="x3"   label="[O2]"   sourcetype="calculated"  units="mole fraction" >
            <speciesLink preferredKey="O2"   CAS="7782-44-7"  InChI="1S/O2/c1-2"   SMILES="O=O"  chemName="oxygen"   />
        </property>
        <property name="composition"                   id="x4"   label="[N2]"   sourcetype="calculated"  units="mole fraction" >
            <speciesLink preferredKey="N2"   CAS="7727-37-9"  InChI="1S/N2/c1-2"   SMILES="N#N"  chemName="nitrogen" />
        </property>
        <property name="evaluated standard deviation"  id="x5"   sourcetype="estimated"   units="cm/s"           reference="laminar burning velocity"  kind="absolute"  method="combined from scatter and reported uncertainty" />

        <dataPoint><x1>11.84</x1><x2>0.060102</x2><x3>0.197379</x3><x4>0.742520</x4><x5>0.569844666211767</x5></dataPoint>
        <dataPoint><x1>19.87</x1><x2>0.070196</x2><x3>0.195259</x3><x4>0.734545</x4><x5>0.798088483972799</x5></dataPoint>
        <dataPoint><x1>27.85</x1><x2>0.080164</x2><x3>0.193166</x3><x4>0.726671</x4> <x5>1.05030325128567</x5></dataPoint>
        <dataPoint><x1>33.61</x1><x2>0.095195</x2><x3>0.190009</x3><x4>0.714796</x4> <x5>1.23964942513801</x5></dataPoint>
        <dataPoint><x1>34.24</x1><x2>0.100238</x2><x3>0.188950</x3><x4>0.710812</x4> <x5>1.26068770867144</x5></dataPoint>
        <dataPoint><x1>20.00</x1><x2>0.120268</x2><x3>0.184744</x3><x4>0.694988</x4><x5>0.801953237096154</x5></dataPoint>
    </dataGroup>
    <comment>CH4, O2, and N2 mole fractions were calculated using the equivalence ration and the ratio of methane. The uncertainty of measured laminar buring velocity is 3.5%.</comment>
</experiment>
