<experiment>
    <fileAuthor>Chemical Kinetics Laboratory, Institute of Chemistry, ELTE, Budapest, Hungary</fileAuthor>
    <fileDOI>10.24388/x20004123</fileDOI>
    <fileVersion>
        <major>1</major>
        <minor>0</minor>
    </fileVersion>
    <ReSpecThVersion>
        <major>2</major>
        <minor>3</minor>
    </ReSpecThVersion>
    <firstPublicationDate>2021-10-29</firstPublicationDate>
    <lastModificationDate>2021-10-29</lastModificationDate>
    <bibliographyLink>
        <description>F. COPPENS, J. DERUYCK, A. KONNOV, Combustion and Flame 149 (2007), 409--417</description>
        <referenceDOI>10.1016/j.combustflame.2007.02.004</referenceDOI>
        <location>Main article, Fig. 6, open diamond</location>
        <figure>Figure 6</figure>
        <details>
            <author>F COPPENS and J DERUYCK and A KONNOV</author>
            <journal>Combustion and Flame</journal>
            <month>jun</month>
            <number>4</number>
            <pages>409--417</pages>
            <publisher>Elsevier {BV}</publisher>
            <title>The effects of composition on burning velocity and nitric oxide formation in laminar premixed flames of {CH}4 $\mathplus$ H2 $\mathplus$ O2 $\mathplus$ N2</title>
            <volume>149</volume>
            <year>2007</year>
        </details>
    </bibliographyLink>
    <experimentType>laminar burning velocity measurement</experimentType>
    <apparatus>
        <kind>flame</kind>
        <mode>premixed</mode>
        <mode>laminar</mode>
    </apparatus>
    <commonProperties>
        <property name="pressure"                      label="P"  sourcetype="reported"   units="atm"  ><value>1</value></property>
        <property name="temperature"                   label="T"  sourcetype="reported"   units="K"    ><value>298</value></property>
        <property name="evaluated standard deviation"  sourcetype="estimated"  units="cm/s"  reference="laminar burning velocity"  kind="absolute"  method="combined from scatter and reported uncertainty" ><value>0.748960773338631</value></property>
    </commonProperties>
    <dataGroup id="dg1">
        <property name="laminar burning velocity"  id="x1"   label="Sl"     sourcetype="digitized"  units="cm/s"          />
        <property name="composition"               id="x2"   label="[CH4]"  sourcetype="digitized"  units="mole fraction" >
            <speciesLink preferredKey="CH4"  CAS="74-82-8"    InChI="1S/CH4/h1H4"  SMILES="C"     chemName="methane"  />
        </property>
        <property name="composition"               id="x3"   label="[O2]"   sourcetype="digitized"  units="mole fraction" >
            <speciesLink preferredKey="O2"   CAS="7782-44-7"  InChI="1S/O2/c1-2"   SMILES="O=O"   chemName="oxygen"   />
        </property>
        <property name="composition"               id="x4"   label="[N2]"   sourcetype="digitized"  units="mole fraction" >
            <speciesLink preferredKey="N2"   CAS="7727-37-9"  InChI="1S/N2/c1-2"   SMILES="N#N"   chemName="nitrogen" />
        </property>
        <property name="composition"               id="x5"   label="[H2]"   sourcetype="digitized"  units="mole fraction" >
            <speciesLink preferredKey="H2"   CAS="1333-74-0"  InChI="1S/H2/h1H"    SMILES="[HH]"  chemName="hydrogen" />
        </property>

        <dataPoint><x1>2.089480e+001</x1><x2>5.729911e-002</x2><x3>1.732510e-001</x3><x4>7.385965e-001</x4><x5>3.085337e-002</x5></dataPoint>
        <dataPoint><x1>2.522534e+001</x1><x2>6.085323e-002</x2><x3>1.722121e-001</x3><x4>7.341675e-001</x4><x5>3.276712e-002</x5></dataPoint>
        <dataPoint><x1>2.891513e+001</x1><x2>6.419841e-002</x2><x3>1.712343e-001</x3><x4>7.299989e-001</x4><x5>3.456838e-002</x5></dataPoint>
        <dataPoint><x1>3.220215e+001</x1><x2>6.758448e-002</x2><x3>1.702445e-001</x3><x4>7.257793e-001</x4><x5>3.639165e-002</x5></dataPoint>
        <dataPoint><x1>3.468398e+001</x1><x2>7.093562e-002</x2><x3>1.692650e-001</x3><x4>7.216033e-001</x4><x5>3.819610e-002</x5></dataPoint>
        <dataPoint><x1>3.645029e+001</x1><x2>7.417812e-002</x2><x3>1.683172e-001</x3><x4>7.175627e-001</x4><x5>3.994206e-002</x5></dataPoint>
        <dataPoint><x1>3.805262e+001</x1><x2>7.736956e-002</x2><x3>1.673843e-001</x3><x4>7.135856e-001</x4><x5>4.166053e-002</x5></dataPoint>
        <dataPoint><x1>3.837236e+001</x1><x2>8.063569e-002</x2><x3>1.664296e-001</x3><x4>7.095155e-001</x4><x5>4.341922e-002</x5></dataPoint>
        <dataPoint><x1>3.827486e+001</x1><x2>8.376504e-002</x2><x3>1.655148e-001</x3><x4>7.056159e-001</x4><x5>4.510425e-002</x5></dataPoint>
        <dataPoint><x1>3.674571e+001</x1><x2>8.695317e-002</x2><x3>1.645829e-001</x3><x4>7.016430e-001</x4><x5>4.682094e-002</x5></dataPoint>
        <dataPoint><x1>3.382982e+001</x1><x2>9.012673e-002</x2><x3>1.636553e-001</x3><x4>6.976882e-001</x4><x5>4.852978e-002</x5></dataPoint>
        <dataPoint><x1>2.884160e+001</x1><x2>9.317747e-002</x2><x3>1.627635e-001</x3><x4>6.938865e-001</x4><x5>5.017249e-002</x5></dataPoint>
        <dataPoint><x1>2.400227e+001</x1><x2>9.627658e-002</x2><x3>1.618576e-001</x3><x4>6.900246e-001</x4><x5>5.184124e-002</x5></dataPoint>
        <dataPoint><x1>1.974442e+001</x1><x2>9.935281e-002</x2><x3>1.609584e-001</x3><x4>6.861911e-001</x4><x5>5.349767e-002</x5></dataPoint>
    </dataGroup>
</experiment>
