<experiment>
    <fileAuthor>Chemical Kinetics Laboratory, Institute of Chemistry, ELTE, Budapest, Hungary</fileAuthor>
    <fileDOI>10.24388/x20004589</fileDOI>
    <fileVersion>
        <major>1</major>
        <minor>0</minor>
    </fileVersion>
    <ReSpecThVersion>
        <major>2</major>
        <minor>3</minor>
    </ReSpecThVersion>
    <firstPublicationDate>2021-10-29</firstPublicationDate>
    <lastModificationDate>2021-10-29</lastModificationDate>
    <bibliographyLink>
        <description>M. Mitu, V. Giurcan, D. Razus, D. Oancea, J Hazard Mater 321 (2017), 440--448</description>
        <referenceDOI>10.1016/j.jhazmat.2016.09.033</referenceDOI>
        <location>Main article</location>
        <figure>Fig. 2, square, 6.0 % CH4 - air (f = 0.61) series</figure>
        <details>
            <author>Mitu, Maria and Giurcan, Venera and Razus, Domnina and Oancea, Dumitru</author>
            <journal>J Hazard Mater</journal>
            <pages>440--448</pages>
            <title>Inert gas influence on the laminar burning velocity of methane-airmixtures</title>
            <volume>321</volume>
            <year>2017</year>
        </details>
    </bibliographyLink>
    <experimentType>laminar burning velocity measurement</experimentType>
    <apparatus>
        <kind>flame</kind>
        <mode>premixed</mode>
        <mode>laminar</mode>
        <mode>OPF</mode>
    </apparatus>
    <commonProperties>
        <property name="temperature"          label="T"  sourcetype="reported"    units="K"             ><value>298</value></property>
        <property name="initial composition"  sourcetype="calculated" >
            <component><speciesLink preferredKey="CH4"  CAS="74-82-8"    InChI="1S/CH4/h1H4"  SMILES="C"    chemName="methane"  /><amount units="mole fraction" >0.060195</amount></component>
            <component><speciesLink preferredKey="O2"   CAS="7782-44-7"  InChI="1S/O2/c1-2"   SMILES="O=O"  chemName="oxygen"   /><amount units="mole fraction" >0.197359</amount></component>
            <component><speciesLink preferredKey="N2"   CAS="7727-37-9"  InChI="1S/N2/c1-2"   SMILES="N#N"  chemName="nitrogen" /><amount units="mole fraction" >0.742446</amount></component>
        </property>
    </commonProperties>
    <dataGroup id="dg1">
        <property name="pressure"                      id="x1"   label="p"     sourcetype="digitized"   units="bar"  />
        <property name="laminar burning velocity"      id="x2"   label="Sl"    sourcetype="digitized"   units="cm/s" />
        <property name="uncertainty"                   id="x3"   label="d_Sl"  sourcetype="calculated"  units="cm/s"  reference="laminar burning velocity"  kind="absolute"  bound="plusminus" />
        <property name="evaluated standard deviation"  id="x4"   sourcetype="estimated"   units="cm/s"  reference="laminar burning velocity"  kind="absolute"  method="combined from scatter and reported uncertainty" />

        <dataPoint><x1>0.502</x1><x2>16.62</x2><x3>0.582</x3><x4>0.688223381655259</x4></dataPoint>
        <dataPoint><x1>0.753</x1><x2>14.38</x2><x3>0.503</x3><x4>0.623174249424669</x4></dataPoint>
        <dataPoint><x1>1.003</x1><x2>13.31</x2><x3>0.466</x3><x4>0.593509638005147</x4></dataPoint>
        <dataPoint><x1>1.250</x1><x2>12.78</x2><x3>0.447</x3> <x4>0.57900601662785</x4></dataPoint>
        <dataPoint><x1>1.501</x1><x2>12.19</x2><x3>0.427</x3><x4>0.563175768235149</x4></dataPoint>
        <dataPoint><x1>1.751</x1><x2>11.24</x2><x3>0.393</x3><x4>0.538534124691277</x4></dataPoint>
        <dataPoint><x1>2.000</x1><x2>10.95</x2><x3>0.383</x3><x4>0.531019745266831</x4></dataPoint>
    </dataGroup>
    <comment>CH4, O2, and N2 mole fractions were calculated using the equivalence ration and the ratio of methane.</comment>
</experiment>
