<experiment>
    <fileAuthor>Chemical Kinetics Laboratory, Institute of Chemistry, ELTE, Budapest, Hungary</fileAuthor>
    <fileDOI>10.24388/x20004361</fileDOI>
    <fileVersion>
        <major>1</major>
        <minor>0</minor>
    </fileVersion>
    <ReSpecThVersion>
        <major>2</major>
        <minor>3</minor>
    </ReSpecThVersion>
    <firstPublicationDate>2021-10-29</firstPublicationDate>
    <lastModificationDate>2021-10-29</lastModificationDate>
    <bibliographyLink>
        <description>B. Galmiche, F. Halter, F. Foucher, P. Dagaut, Energy Fuels 25 (2011), 948--954</description>
        <referenceDOI>10.1021/ef101482d</referenceDOI>
        <location>Main article</location>
        <figure>Fig.7., cross</figure>
        <details>
            <author>B. Galmiche and F. Halter and F. Foucher and P. Dagaut</author>
            <journal>Energy Fuels</journal>
            <month>mar</month>
            <number>3</number>
            <pages>948--954</pages>
            <publisher>American Chemical Society ({ACS})</publisher>
            <title>Effects of Dilution on Laminar Burning Velocity of Premixed Methane/Air Flames</title>
            <volume>25</volume>
            <year>2011</year>
        </details>
    </bibliographyLink>
    <experimentType>laminar burning velocity measurement</experimentType>
    <apparatus>
        <kind>flame</kind>
        <mode>premixed</mode>
        <mode>laminar</mode>
    </apparatus>
    <commonProperties>
        <property name="pressure"     label="P"  sourcetype="reported"  units="Pa" ><value>1e+005</value></property>
        <property name="temperature"  label="T"  sourcetype="reported"  units="K"  ><value>393</value></property>
    </commonProperties>
    <dataGroup id="dg1">
        <property name="laminar burning velocity"      id="x1"   label="Sl"     sourcetype="digitized"   units="cm/s"          />
        <property name="composition"                   id="x2"   label="[CH4]"  sourcetype="calculated"  units="mole fraction" >
            <speciesLink preferredKey="CH4"  CAS="74-82-8"    InChI="1S/CH4/h1H4"    SMILES="C"        chemName="methane"        />
        </property>
        <property name="composition"                   id="x3"   label="[O2]"   sourcetype="calculated"  units="mole fraction" >
            <speciesLink preferredKey="O2"   CAS="7782-44-7"  InChI="1S/O2/c1-2"     SMILES="O=O"      chemName="oxygen"         />
        </property>
        <property name="composition"                   id="x4"   label="[N2]"   sourcetype="calculated"  units="mole fraction" >
            <speciesLink preferredKey="N2"   CAS="7727-37-9"  InChI="1S/N2/c1-2"     SMILES="N#N"      chemName="nitrogen"       />
        </property>
        <property name="composition"                   id="x5"   label="[CO2]"  sourcetype="calculated"  units="mole fraction" >
            <speciesLink preferredKey="CO2"  CAS="124-38-9"   InChI="1S/CO2/c2-1-3"  SMILES="C(=O)=O"  chemName="carbon dioxide" />
        </property>
        <property name="composition"                   id="x6"   label="[H2O]"  sourcetype="calculated"  units="mole fraction" >
            <speciesLink preferredKey="H2O"  CAS="7732-18-5"  InChI="1S/H2O/h1H2"    SMILES="O"        chemName="water"          />
        </property>
        <property name="evaluated standard deviation"  id="x7"   sourcetype="estimated"   units="cm/s"           reference="laminar burning velocity"  kind="absolute"  method="combined from scatter and reported uncertainty" />

        <dataPoint><x1>5.544258e+001</x1><x2>9.502262e-002</x2><x3>1.900452e-001</x3><x4>7.149321e-001</x4><x5>0.000000e+000</x5><x6>0.000000e+000</x6> <x7>1.53933851510454</x7></dataPoint>
        <dataPoint><x1>4.720944e+001</x1><x2>9.031903e-002</x2><x3>1.806381e-001</x3><x4>7.149800e-001</x4><x5>4.687622e-003</x5><x6>9.375243e-003</x6> <x7>1.35696178340438</x7></dataPoint>
        <dataPoint><x1>3.916351e+001</x1><x2>8.558716e-002</x2><x3>1.711743e-001</x3><x4>7.150282e-001</x4><x5>9.403426e-003</x5><x6>1.880685e-002</x6>  <x7>1.1861707668477</x7></dataPoint>
        <dataPoint><x1>3.433184e+001</x1><x2>8.318429e-002</x2><x3>1.663686e-001</x3><x4>7.150527e-001</x4><x5>1.179814e-002</x5><x6>2.359629e-002</x6> <x7>1.08860474440451</x7></dataPoint>
        <dataPoint><x1>3.039565e+001</x1><x2>8.078197e-002</x2><x3>1.615639e-001</x3><x4>7.150772e-001</x4><x5>1.419230e-002</x5><x6>2.838460e-002</x6> <x7>1.01282919475623</x7></dataPoint>
        <dataPoint><x1>2.647284e+001</x1><x2>7.838487e-002</x2><x3>1.567697e-001</x3><x4>7.151016e-001</x4><x5>1.658127e-002</x5><x6>3.316254e-002</x6><x7>0.941485688667119</x7></dataPoint>
        <dataPoint><x1>2.396684e+001</x1><x2>7.601468e-002</x2><x3>1.520294e-001</x3><x4>7.151257e-001</x4><x5>1.894341e-002</x5><x6>3.788682e-002</x6><x7>0.898551141096042</x7></dataPoint>
        <dataPoint><x1>2.011095e+001</x1><x2>7.364885e-002</x2><x3>1.472977e-001</x3><x4>7.151498e-001</x4><x5>2.130120e-002</x5><x6>4.260241e-002</x6><x7>0.837358769950529</x7></dataPoint>
        <dataPoint><x1>1.813950e+001</x1><x2>7.125296e-002</x2><x3>1.425059e-001</x3><x4>7.151742e-001</x4><x5>2.368896e-002</x5><x6>4.737792e-002</x6><x7>0.808726887509158</x7></dataPoint>
        <dataPoint><x1>1.563341e+001</x1><x2>6.885154e-002</x2><x3>1.377031e-001</x3><x4>7.151987e-001</x4><x5>2.608223e-002</x5><x6>5.216445e-002</x6><x7>0.775332482594766</x7></dataPoint>
        <dataPoint><x1>1.446397e+001</x1><x2>6.648739e-002</x2><x3>1.329748e-001</x3><x4>7.152228e-001</x4><x5>2.843835e-002</x5><x6>5.687671e-002</x6><x7>0.761013983790418</x7></dataPoint>
    </dataGroup>
</experiment>
