<experiment>
    <fileAuthor>Chemical Kinetics Laboratory, Institute of Chemistry, ELTE, Budapest, Hungary</fileAuthor>
    <fileDOI>10.24388/x20004030</fileDOI>
    <fileVersion>
        <major>1</major>
        <minor>0</minor>
    </fileVersion>
    <ReSpecThVersion>
        <major>2</major>
        <minor>3</minor>
    </ReSpecThVersion>
    <firstPublicationDate>2021-10-29</firstPublicationDate>
    <lastModificationDate>2021-10-29</lastModificationDate>
    <bibliographyLink>
        <description>T. Boushaki, Y. Dhu{\'{e}}, L. Selle, B. Ferret, T. Poinsot, International Journal of Hydrogen Energy 37 (2012), 9412--9422</description>
        <referenceDOI>10.1016/j.ijhydene.2012.03.037</referenceDOI>
        <location>Main article, Fig. 3, full square</location>
        <figure>Figure 3</figure>
        <details>
            <author>T. Boushaki and Y. Dhu{\'{e}} and L. Selle and B. Ferret and T. Poinsot</author>
            <journal>International Journal of Hydrogen Energy</journal>
            <month>jun</month>
            <number>11</number>
            <pages>9412--9422</pages>
            <publisher>Elsevier {BV}</publisher>
            <title>Effects of hydrogen and steam addition on laminar burning velocity of methane{\textendash}air premixed flame: Experimental and numerical analysis</title>
            <volume>37</volume>
            <year>2012</year>
        </details>
    </bibliographyLink>
    <experimentType>laminar burning velocity measurement</experimentType>
    <apparatus>
        <kind>flame</kind>
        <mode>premixed</mode>
        <mode>laminar</mode>
    </apparatus>
    <commonProperties>
        <property name="pressure"     label="P"  sourcetype="reported"  units="bar" ><value>1</value></property>
        <property name="temperature"  label="T"  sourcetype="reported"  units="K"   ><value>300</value></property>
    </commonProperties>
    <dataGroup id="dg1">
        <property name="laminar burning velocity"      id="x1"   label="Sl"     sourcetype="digitized"  units="cm/s"          />
        <property name="composition"                   id="x2"   label="[CH4]"  sourcetype="digitized"  units="mole fraction" >
            <speciesLink preferredKey="CH4"  CAS="74-82-8"    InChI="1S/CH4/h1H4"  SMILES="C"    chemName="methane"  />
        </property>
        <property name="composition"                   id="x3"   label="[O2]"   sourcetype="digitized"  units="mole fraction" >
            <speciesLink preferredKey="O2"   CAS="7782-44-7"  InChI="1S/O2/c1-2"   SMILES="O=O"  chemName="oxygen"   />
        </property>
        <property name="composition"                   id="x4"   label="[N2]"   sourcetype="digitized"  units="mole fraction" >
            <speciesLink preferredKey="N2"   CAS="7727-37-9"  InChI="1S/N2/c1-2"   SMILES="N#N"  chemName="nitrogen" />
        </property>
        <property name="evaluated standard deviation"  id="x5"   sourcetype="estimated"  units="cm/s"           reference="laminar burning velocity"  kind="absolute"  method="combined from scatter and reported uncertainty" />

        <dataPoint><x1>2.605609e+001</x1><x2>7.820598e-002</x2><x3>1.955321e-001</x3><x4>7.262620e-001</x4> <x5>1.5841430311123</x5></dataPoint>
        <dataPoint><x1>2.964301e+001</x1><x2>8.259010e-002</x2><x3>1.946021e-001</x3><x4>7.228078e-001</x4> <x5>1.7902435370988</x5></dataPoint>
        <dataPoint><x1>3.286140e+001</x1><x2>8.707683e-002</x2><x3>1.936504e-001</x3><x4>7.192728e-001</x4><x5>1.97616353136064</x5></dataPoint>
        <dataPoint><x1>3.555293e+001</x1><x2>9.141920e-002</x2><x3>1.927293e-001</x3><x4>7.158515e-001</x4> <x5>2.1321845448169</x5></dataPoint>
        <dataPoint><x1>3.741240e+001</x1><x2>9.586093e-002</x2><x3>1.917871e-001</x3><x4>7.123520e-001</x4><x5>2.24020133487318</x5></dataPoint>
        <dataPoint><x1>3.777578e+001</x1><x2>1.001289e-001</x2><x3>1.908817e-001</x3><x4>7.089893e-001</x4><x5>2.26132914189882</x5></dataPoint>
        <dataPoint><x1>3.742293e+001</x1><x2>1.044461e-001</x2><x3>1.899660e-001</x3><x4>7.055879e-001</x4> <x5>2.2408134916923</x5></dataPoint>
        <dataPoint><x1>3.527901e+001</x1><x2>1.085839e-001</x2><x3>1.890883e-001</x3><x4>7.023278e-001</x4><x5>2.11628721563363</x5></dataPoint>
        <dataPoint><x1>3.271387e+001</x1><x2>1.128131e-001</x2><x3>1.881912e-001</x3><x4>6.989958e-001</x4><x5>1.96762445507546</x5></dataPoint>
    </dataGroup>
</experiment>
