<experiment>
    <fileAuthor>Chemical Kinetics Laboratory, Institute of Chemistry, ELTE, Budapest, Hungary</fileAuthor>
    <fileDOI>10.24388/x20004175</fileDOI>
    <fileVersion>
        <major>1</major>
        <minor>0</minor>
    </fileVersion>
    <ReSpecThVersion>
        <major>2</major>
        <minor>3</minor>
    </ReSpecThVersion>
    <firstPublicationDate>2021-10-29</firstPublicationDate>
    <lastModificationDate>2021-10-29</lastModificationDate>
    <bibliographyLink>
        <description>P. Han, M.D. Checkel, B.A. Fleck, N.L. Nowicki, Fuel 86 (2007), 585--596</description>
        <referenceDOI>10.1016/j.fuel.2006.08.011</referenceDOI>
        <location>Main article, Fig. 3, open square</location>
        <figure>Figure 3</figure>
        <details>
            <author>Panfeng Han and M. David Checkel and Brian A. Fleck and Natalie L. Nowicki</author>
            <journal>Fuel</journal>
            <month>mar</month>
            <number>4</number>
            <pages>585--596</pages>
            <publisher>Elsevier {BV}</publisher>
            <title>Burning velocity of methane/diluent mixture with reformer gas addition</title>
            <volume>86</volume>
            <year>2007</year>
        </details>
    </bibliographyLink>
    <experimentType>laminar burning velocity measurement</experimentType>
    <apparatus>
        <kind>flame</kind>
        <mode>premixed</mode>
        <mode>laminar</mode>
    </apparatus>
    <commonProperties>
        <property name="pressure"     label="P"  sourcetype="reported"  units="atm" ><value>1</value></property>
        <property name="temperature"  label="T"  sourcetype="reported"  units="K"   ><value>473</value></property>
    </commonProperties>
    <dataGroup id="dg1">
        <property name="laminar burning velocity"      id="x1"   label="Sl"     sourcetype="digitized"  units="cm/s"          />
        <property name="composition"                   id="x2"   label="[CH4]"  sourcetype="digitized"  units="mole fraction" >
            <speciesLink preferredKey="CH4"  CAS="74-82-8"    InChI="1S/CH4/h1H4"    SMILES="C"        chemName="methane"        />
        </property>
        <property name="composition"                   id="x3"   label="[O2]"   sourcetype="digitized"  units="mole fraction" >
            <speciesLink preferredKey="O2"   CAS="7782-44-7"  InChI="1S/O2/c1-2"     SMILES="O=O"      chemName="oxygen"         />
        </property>
        <property name="composition"                   id="x4"   label="[N2]"   sourcetype="digitized"  units="mole fraction" >
            <speciesLink preferredKey="N2"   CAS="7727-37-9"  InChI="1S/N2/c1-2"     SMILES="N#N"      chemName="nitrogen"       />
        </property>
        <property name="composition"                   id="x5"   label="[CO2]"  sourcetype="digitized"  units="mole fraction" >
            <speciesLink preferredKey="CO2"  CAS="124-38-9"   InChI="1S/CO2/c2-1-3"  SMILES="C(=O)=O"  chemName="carbon dioxide" />
        </property>
        <property name="evaluated standard deviation"  id="x6"   sourcetype="estimated"  units="cm/s"           reference="laminar burning velocity"  kind="absolute"  method="combined from scatter and estimated uncertainty" />

        <dataPoint><x1>7.595027e+001</x1><x2>9.500000e-002</x2><x3>1.899233e-001</x3><x4>7.150767e-001</x4><x5>0.000000e+000</x5> <x6>3.7979393638931</x6></dataPoint>
        <dataPoint><x1>6.920816e+001</x1><x2>9.020945e-002</x2><x3>1.803461e-001</x3><x4>7.201155e-001</x4><x5>9.328958e-003</x5><x6>3.46087534528339</x6></dataPoint>
        <dataPoint><x1>5.595408e+001</x1><x2>8.547087e-002</x2><x3>1.708727e-001</x3><x4>7.250997e-001</x4><x5>1.855672e-002</x5><x6>2.79828202666251</x6></dataPoint>
        <dataPoint><x1>4.210911e+001</x1><x2>8.070578e-002</x2><x3>1.613464e-001</x3><x4>7.301117e-001</x4><x5>2.783612e-002</x5><x6>2.10622351416147</x6></dataPoint>
        <dataPoint><x1>3.433332e+001</x1><x2>7.596925e-002</x2><x3>1.518772e-001</x3><x4>7.350937e-001</x4><x5>3.705989e-002</x5><x6>1.71760786697152</x6></dataPoint>
    </dataGroup>
</experiment>
