<experiment>
    <fileAuthor>Chemical Kinetics Laboratory, Institute of Chemistry, ELTE, Budapest, Hungary</fileAuthor>
    <fileDOI>10.24388/x20004337</fileDOI>
    <fileVersion>
        <major>1</major>
        <minor>0</minor>
    </fileVersion>
    <ReSpecThVersion>
        <major>2</major>
        <minor>3</minor>
    </ReSpecThVersion>
    <firstPublicationDate>2021-10-29</firstPublicationDate>
    <lastModificationDate>2021-10-29</lastModificationDate>
    <bibliographyLink>
        <description>D. Lapalme, P. Seers, International Journal of Hydrogen Energy 39 (2014), 3477--3486</description>
        <referenceDOI>10.1016/j.ijhydene.2013.12.109</referenceDOI>
        <location>Main article</location>
        <table>Table 1, S50M5</table>
        <figure>Fig. 7., open triangle</figure>
        <details>
            <author>Denis Lapalme and Patrice Seers</author>
            <journal>International Journal of Hydrogen Energy</journal>
            <month>feb</month>
            <number>7</number>
            <pages>3477--3486</pages>
            <publisher>Elsevier {BV}</publisher>
            <title>Influence of {CO}2, {CH}4, and initial temperature on H2/{CO} laminar flame speed</title>
            <volume>39</volume>
            <year>2014</year>
        </details>
    </bibliographyLink>
    <experimentType>laminar burning velocity measurement</experimentType>
    <apparatus>
        <kind>flame</kind>
        <mode>premixed</mode>
        <mode>laminar</mode>
    </apparatus>
    <commonProperties>
        <property name="pressure"     label="P"  sourcetype="reported"  units="atm" ><value>1</value></property>
        <property name="temperature"  label="T"  sourcetype="reported"  units="K"   ><value>295</value></property>
    </commonProperties>
    <dataGroup id="dg1">
        <property name="laminar burning velocity"      id="x1"   label="Sl"     sourcetype="digitized"   units="m/s"           />
        <property name="composition"                   id="x2"   label="[CH4]"  sourcetype="calculated"  units="mole fraction" >
            <speciesLink preferredKey="CH4"  CAS="74-82-8"    InChI="1S/CH4/h1H4"  SMILES="C"          chemName="methane"         />
        </property>
        <property name="composition"                   id="x3"   label="[O2]"   sourcetype="calculated"  units="mole fraction" >
            <speciesLink preferredKey="O2"   CAS="7782-44-7"  InChI="1S/O2/c1-2"   SMILES="O=O"        chemName="oxygen"          />
        </property>
        <property name="composition"                   id="x4"   label="[N2]"   sourcetype="calculated"  units="mole fraction" >
            <speciesLink preferredKey="N2"   CAS="7727-37-9"  InChI="1S/N2/c1-2"   SMILES="N#N"        chemName="nitrogen"        />
        </property>
        <property name="composition"                   id="x5"   label="[H2]"   sourcetype="calculated"  units="mole fraction" >
            <speciesLink preferredKey="H2"   CAS="1333-74-0"  InChI="1S/H2/h1H"    SMILES="[HH]"       chemName="hydrogen"        />
        </property>
        <property name="composition"                   id="x6"   label="[CO]"   sourcetype="calculated"  units="mole fraction" >
            <speciesLink preferredKey="CO"   CAS="630-08-0"   InChI="1S/CO/c1-2"   SMILES="[C-]#[O+]"  chemName="carbon monoxide" />
        </property>
        <property name="evaluated standard deviation"  id="x7"   sourcetype="estimated"   units="cm/s"           reference="laminar burning velocity"  kind="absolute"  method="combined from scatter and reported uncertainty" />

        <dataPoint><x1>8.078700e-001</x1><x2>1.246062e-002</x2><x3>1.592580e-001</x3><x4>5.915296e-001</x4><x5>1.183759e-001</x5><x6>1.183759e-001</x6><x7>4.60599692489042</x7></dataPoint>
        <dataPoint><x1>8.648800e-001</x1><x2>1.348601e-002</x2><x3>1.549078e-001</x3><x4>5.753720e-001</x4><x5>1.281171e-001</x5><x6>1.281171e-001</x6><x7>4.69824211483402</x7></dataPoint>
        <dataPoint><x1>1.013110e+000</x1><x2>1.445351e-002</x2><x3>1.508033e-001</x3><x4>5.601265e-001</x4><x5>1.373084e-001</x5><x6>1.373084e-001</x6><x7>4.95770603090784</x7></dataPoint>
        <dataPoint><x1>1.207530e+000</x1><x2>1.535186e-002</x2><x3>1.469921e-001</x3><x4>5.459707e-001</x4><x5>1.458426e-001</x5><x6>1.458426e-001</x6><x7>5.33521138738663</x7></dataPoint>
        <dataPoint><x1>1.336940e+000</x1><x2>1.622722e-002</x2><x3>1.432785e-001</x3><x4>5.321771e-001</x4><x5>1.541586e-001</x5><x6>1.541586e-001</x6><x7>5.60606807953667</x7></dataPoint>
        <dataPoint><x1>1.420750e+000</x1><x2>1.703637e-002</x2><x3>1.398457e-001</x3><x4>5.194269e-001</x4><x5>1.618455e-001</x5><x6>1.618455e-001</x6><x7>5.78861790952728</x7></dataPoint>
        <dataPoint><x1>1.493160e+000</x1><x2>1.782966e-002</x2><x3>1.364802e-001</x3><x4>5.069266e-001</x4><x5>1.693818e-001</x5><x6>1.693818e-001</x6><x7>5.95038345910581</x7></dataPoint>
        <dataPoint><x1>1.595780e+000</x1><x2>1.858297e-002</x2><x3>1.332844e-001</x3><x4>4.950562e-001</x4><x5>1.765382e-001</x5><x6>1.765382e-001</x6><x7>6.18546251428299</x7></dataPoint>
        <dataPoint><x1>1.565560e+000</x1><x2>1.928685e-002</x2><x3>1.302982e-001</x3><x4>4.839647e-001</x4><x5>1.832251e-001</x5><x6>1.832251e-001</x6>  <x7>6.115564181856</x7></dataPoint>
        <dataPoint><x1>1.694980e+000</x1><x2>1.995982e-002</x2><x3>1.274432e-001</x3><x4>4.733604e-001</x4><x5>1.896183e-001</x5><x6>1.896183e-001</x6><x7>6.41856191398042</x7></dataPoint>
        <dataPoint><x1>1.619160e+000</x1><x2>2.061776e-002</x2><x3>1.246519e-001</x3><x4>4.629929e-001</x4><x5>1.958687e-001</x5><x6>1.958687e-001</x6>   <x7>6.23990658507</x7></dataPoint>
        <dataPoint><x1>1.580960e+000</x1><x2>2.124969e-002</x2><x3>1.219710e-001</x3><x4>4.530352e-001</x4><x5>2.018720e-001</x5><x6>2.018720e-001</x6>  <x7>6.151116397403</x7></dataPoint>
        <dataPoint><x1>1.393960e+000</x1><x2>2.241915e-002</x2><x3>1.170097e-001</x3><x4>4.346073e-001</x4><x5>2.129819e-001</x5><x6>2.129819e-001</x6><x7>5.72969829697865</x7></dataPoint>
    </dataGroup>
</experiment>
