<experiment>
    <fileAuthor>Chemical Kinetics Laboratory, Institute of Chemistry, ELTE, Budapest, Hungary</fileAuthor>
    <fileDOI>10.24388/x20004622</fileDOI>
    <fileVersion>
        <major>1</major>
        <minor>0</minor>
    </fileVersion>
    <ReSpecThVersion>
        <major>2</major>
        <minor>3</minor>
    </ReSpecThVersion>
    <firstPublicationDate>2021-10-29</firstPublicationDate>
    <lastModificationDate>2021-10-29</lastModificationDate>
    <bibliographyLink>
        <description>S. Wang, Z. Wang, Y. He, X. Han, Z. Sun, Y. Zhu, M. Costa, Fuel 259 (2020), 116152</description>
        <referenceDOI>10.1016/j.fuel.2019.116152</referenceDOI>
        <location>Main article + Supplementary</location>
        <table>Supplementary</table>
        <details>
            <author>Shixing Wang and Zhihua Wang and Yong He and Xinlu Han and Zhiwei Sun and Yanqun Zhu and Mario Costa</author>
            <journal>Fuel</journal>
            <month>jan</month>
            <pages>116152</pages>
            <publisher>Elsevier {BV}</publisher>
            <title>Laminar burning velocities of {CH}4/O2/N2 and oxygen-enriched {CH}4/O2/{CO}2 flames at elevated pressures measured using the heat flux method</title>
            <volume>259</volume>
            <year>2020</year>
        </details>
    </bibliographyLink>
    <experimentType>laminar burning velocity measurement</experimentType>
    <apparatus>
        <kind>flame</kind>
        <mode>premixed</mode>
        <mode>laminar</mode>
        <mode>HFM</mode>
    </apparatus>
    <commonProperties>
        <property name="temperature"                   label="T"  sourcetype="reported"   units="K"    ><value>298</value></property>
        <property name="pressure"                      label="p"  sourcetype="reported"   units="MPa"  ><value>0.40</value></property>
        <property name="evaluated standard deviation"  sourcetype="estimated"  units="cm/s"  reference="laminar burning velocity"  kind="absolute"  method="generic uncertainty" ><value>0.5</value></property>
    </commonProperties>
    <dataGroup id="dg1">
        <property name="laminar burning velocity"  id="x1"   label="Sl"     sourcetype="reported"    units="cm/s"          />
        <property name="composition"               id="x2"   label="[CH4]"  sourcetype="calculated"  units="mole fraction" >
            <speciesLink preferredKey="CH4"  CAS="74-82-8"    InChI="1S/CH4/h1H4"  SMILES="C"    chemName="methane"  />
        </property>
        <property name="composition"               id="x3"   label="[O2]"   sourcetype="calculated"  units="mole fraction" >
            <speciesLink preferredKey="O2"   CAS="7782-44-7"  InChI="1S/O2/c1-2"   SMILES="O=O"  chemName="oxygen"   />
        </property>
        <property name="composition"               id="x4"   label="[N2]"   sourcetype="calculated"  units="mole fraction" >
            <speciesLink preferredKey="N2"   CAS="7727-37-9"  InChI="1S/N2/c1-2"   SMILES="N#N"  chemName="nitrogen" />
        </property>

        <dataPoint> <x1>7.73</x1><x2>0.068468</x2><x3>0.195622</x3><x4>0.735911</x4></dataPoint>
        <dataPoint><x1>12.39</x1><x2>0.077491</x2><x3>0.193727</x3><x4>0.728782</x4></dataPoint>
        <dataPoint><x1>17.28</x1><x2>0.086341</x2><x3>0.191868</x3><x4>0.721791</x4></dataPoint>
        <dataPoint><x1>20.46</x1><x2>0.095023</x2><x3>0.190045</x3><x4>0.714932</x4></dataPoint>
        <dataPoint><x1>21.08</x1><x2>0.103541</x2><x3>0.188256</x3><x4>0.708203</x4></dataPoint>
        <dataPoint><x1>16.78</x1><x2>0.111901</x2><x3>0.186501</x3><x4>0.701599</x4></dataPoint>
        <dataPoint><x1>11.71</x1><x2>0.120106</x2><x3>0.184778</x3><x4>0.695117</x4></dataPoint>
        <dataPoint> <x1>8.11</x1><x2>0.128160</x2><x3>0.183086</x3><x4>0.688753</x4></dataPoint>
    </dataGroup>
    <comment>CH4, O2, and N2 mole fractions were calculated using the equivalence ration and O2/(O2+N2) ratio. The reported uncertainty of laminar burning velocity was deleted from this version as the Optima++ could not revognize it, the version of the xml file including full info is available in CommonSpace.</comment>
</experiment>
