<experiment>
    <fileAuthor>Chemical Kinetics Laboratory, Institute of Chemistry, ELTE, Budapest, Hungary</fileAuthor>
    <fileDOI>10.24388/x20004383</fileDOI>
    <fileVersion>
        <major>1</major>
        <minor>0</minor>
    </fileVersion>
    <ReSpecThVersion>
        <major>2</major>
        <minor>3</minor>
    </ReSpecThVersion>
    <firstPublicationDate>2021-10-29</firstPublicationDate>
    <lastModificationDate>2021-10-29</lastModificationDate>
    <bibliographyLink>
        <description>K.Ya. Troshin, A.A. Borisov, A.N. Rakhmetov, V.S. Arutyunov, G.G. Politenkova, Combustion, Explosion, and Shock Waves 7 (2013), 290--301</description>
        <referenceDOI>10.1134/S1990793113050102</referenceDOI>
        <location>Main article</location>
        <figure>Fig. 8., full square</figure>
        <details>
            <author>K. Ya. Troshin and A. A. Borisov and A. N. Rakhmetov and V. S. Arutyunov and G. G. Politenkova</author>
            <journal>Combustion, Explosion, and Shock Waves</journal>
            <month>may</month>
            <number>3</number>
            <pages>290--301</pages>
            <publisher>Pleiades Publishing Ltd</publisher>
            <title>Burning velocity of methane-hydrogen mixtures at elevated pressures and temperatures</title>
            <volume>7</volume>
            <year>2013</year>
        </details>
    </bibliographyLink>
    <experimentType>laminar burning velocity measurement</experimentType>
    <apparatus>
        <kind>flame</kind>
        <mode>premixed</mode>
        <mode>laminar</mode>
    </apparatus>
    <commonProperties>
        <property name="pressure"     label="P"  sourcetype="reported"  units="atm" ><value>1</value></property>
        <property name="temperature"  label="T"  sourcetype="reported"  units="K"   ><value>295.15</value></property>
    </commonProperties>
    <dataGroup id="dg1">
        <property name="laminar burning velocity"      id="x1"   label="Sl"     sourcetype="digitized"   units="cm/s"          />
        <property name="composition"                   id="x2"   label="[CH4]"  sourcetype="calculated"  units="mole fraction" >
            <speciesLink preferredKey="CH4"  CAS="74-82-8"    InChI="1S/CH4/h1H4"  SMILES="C"     chemName="methane"  />
        </property>
        <property name="composition"                   id="x3"   label="[O2]"   sourcetype="calculated"  units="mole fraction" >
            <speciesLink preferredKey="O2"   CAS="7782-44-7"  InChI="1S/O2/c1-2"   SMILES="O=O"   chemName="oxygen"   />
        </property>
        <property name="composition"                   id="x4"   label="[N2]"   sourcetype="calculated"  units="mole fraction" >
            <speciesLink preferredKey="N2"   CAS="7727-37-9"  InChI="1S/N2/c1-2"   SMILES="N#N"   chemName="nitrogen" />
        </property>
        <property name="composition"                   id="x5"   label="[H2]"   sourcetype="calculated"  units="mole fraction" >
            <speciesLink preferredKey="H2"   CAS="1333-74-0"  InChI="1S/H2/h1H"    SMILES="[HH]"  chemName="hydrogen" />
        </property>
        <property name="evaluated standard deviation"  id="x6"   sourcetype="estimated"   units="cm/s"           reference="laminar burning velocity"  kind="absolute"  method="combined from scatter and reported uncertainty" />

        <dataPoint><x1>1.932060e+000</x1><x2>4.169309e-002</x2><x3>2.003518e-001</x3><x4>7.533226e-001</x4><x5>4.632566e-003</x5><x6>0.749421177757375</x6></dataPoint>
        <dataPoint><x1>7.996750e+000</x1><x2>4.814811e-002</x2><x3>1.988450e-001</x3><x4>7.476571e-001</x4><x5>5.349790e-003</x5><x6>0.774123099623414</x6></dataPoint>
        <dataPoint><x1>1.367035e+001</x1><x2>5.723276e-002</x2><x3>1.967244e-001</x3><x4>7.396837e-001</x4><x5>6.359195e-003</x5><x6>0.822251853126864</x6></dataPoint>
        <dataPoint><x1>2.090206e+001</x1><x2>6.611252e-002</x2><x3>1.946516e-001</x3><x4>7.318900e-001</x4><x5>7.345836e-003</x5><x6>0.912337183787469</x6></dataPoint>
        <dataPoint><x1>2.913294e+001</x1><x2>7.490420e-002</x2><x3>1.925994e-001</x3><x4>7.241737e-001</x4><x5>8.322688e-003</x5> <x6>1.04391292137862</x6></dataPoint>
    </dataGroup>
</experiment>
