<experiment>
    <fileAuthor>Chemical Kinetics Laboratory, Institute of Chemistry, ELTE, Budapest, Hungary</fileAuthor>
    <fileDOI>10.24388/x20004459</fileDOI>
    <fileVersion>
        <major>1</major>
        <minor>0</minor>
    </fileVersion>
    <ReSpecThVersion>
        <major>2</major>
        <minor>3</minor>
    </ReSpecThVersion>
    <firstPublicationDate>2021-10-29</firstPublicationDate>
    <lastModificationDate>2021-10-29</lastModificationDate>
    <bibliographyLink>
        <description>P.D. Ronney, H.Y. Wachman, Combustion and Flame 62 (1985), 107--119</description>
        <referenceDOI>10.1016/0010-2180(85)90139-7</referenceDOI>
        <location>Main article</location>
        <figure>Fig.5., open reverse trianle</figure>
        <details>
            <author>Paul D. Ronney and Harold Y. Wachman</author>
            <journal>Combustion and Flame</journal>
            <month>nov</month>
            <number>2</number>
            <pages>107--119</pages>
            <publisher>Elsevier {BV}</publisher>
            <title>Effect of gravity on laminar premixed gas combustion I: Flammability limits and burning velocities</title>
            <volume>62</volume>
            <year>1985</year>
        </details>
    </bibliographyLink>
    <experimentType>laminar burning velocity measurement</experimentType>
    <apparatus>
        <kind>flame</kind>
        <mode>premixed</mode>
        <mode>laminar</mode>
    </apparatus>
    <commonProperties>
        <property name="pressure"     label="P"  sourcetype="reported"  units="atm" ><value>0.13158</value></property>
        <property name="temperature"  label="T"  sourcetype="reported"  units="K"   ><value>296.15</value></property>
    </commonProperties>
    <dataGroup id="dg1">
        <property name="laminar burning velocity"      id="x1"   label="Sl"     sourcetype="digitized"   units="cm/s"          />
        <property name="composition"                   id="x2"   label="[CH4]"  sourcetype="digitized"   units="mole fraction" >
            <speciesLink preferredKey="CH4"  CAS="74-82-8"    InChI="1S/CH4/h1H4"  SMILES="C"    chemName="methane"  />
        </property>
        <property name="composition"                   id="x3"   label="[O2]"   sourcetype="calculated"  units="mole fraction" >
            <speciesLink preferredKey="O2"   CAS="7782-44-7"  InChI="1S/O2/c1-2"   SMILES="O=O"  chemName="oxygen"   />
        </property>
        <property name="composition"                   id="x4"   label="[N2]"   sourcetype="calculated"  units="mole fraction" >
            <speciesLink preferredKey="N2"   CAS="7727-37-9"  InChI="1S/N2/c1-2"   SMILES="N#N"  chemName="nitrogen" />
        </property>
        <property name="evaluated standard deviation"  id="x5"   sourcetype="estimated"   units="cm/s"           reference="laminar burning velocity"  kind="absolute"  method="combined from scatter and reported uncertainty" />

        <dataPoint><x1>2.809930e+000</x1><x2>4.440790e-002</x2><x3>2.006743e-001</x3><x4>7.549178e-001</x4>  <x5>0.8346183908605</x5></dataPoint>
        <dataPoint><x1>3.516260e+000</x1><x2>4.441040e-002</x2><x3>2.006738e-001</x3><x4>7.549158e-001</x4><x5>0.834622573504249</x5></dataPoint>
        <dataPoint><x1>3.337470e+000</x1><x2>4.523430e-002</x2><x3>2.005008e-001</x3><x4>7.542649e-001</x4><x5>0.834621426485761</x5></dataPoint>
        <dataPoint><x1>4.399910e+000</x1><x2>4.565560e-002</x2><x3>2.004123e-001</x3><x4>7.539321e-001</x4><x5>0.834629121276937</x5></dataPoint>
        <dataPoint><x1>4.560880e+000</x1><x2>4.781430e-002</x2><x3>1.999590e-001</x3><x4>7.522267e-001</x4><x5>0.834630471443626</x5></dataPoint>
        <dataPoint><x1>6.852690e+000</x1><x2>4.981780e-002</x2><x3>1.995383e-001</x3><x4>7.506439e-001</x4><x5>0.834654955847845</x5></dataPoint>
        <dataPoint><x1>1.151785e+001</x1><x2>5.473120e-002</x2><x3>1.985064e-001</x3><x4>7.467624e-001</x4><x5>0.834735169936084</x5></dataPoint>
        <dataPoint><x1>1.503161e+001</x1><x2>5.955900e-002</x2><x3>1.974926e-001</x3><x4>7.429484e-001</x4><x5>0.834822476399017</x5></dataPoint>
        <dataPoint><x1>2.276257e+001</x1><x2>6.970570e-002</x2><x3>1.953618e-001</x3><x4>7.349325e-001</x4><x5>0.835095866725833</x5></dataPoint>
        <dataPoint><x1>3.183006e+001</x1><x2>7.986750e-002</x2><x3>1.932278e-001</x3><x4>7.269047e-001</x4><x5>0.835558838410187</x5></dataPoint>
        <dataPoint><x1>3.891234e+001</x1><x2>9.490840e-002</x2><x3>1.900692e-001</x3><x4>7.150224e-001</x4><x5>0.836027160004495</x5></dataPoint>
    </dataGroup>
</experiment>
