<experiment>
    <fileAuthor>Chemical Kinetics Laboratory, Institute of Chemistry, ELTE, Budapest, Hungary</fileAuthor>
    <fileDOI>10.24388/x20004141</fileDOI>
    <fileVersion>
        <major>1</major>
        <minor>0</minor>
    </fileVersion>
    <ReSpecThVersion>
        <major>2</major>
        <minor>3</minor>
    </ReSpecThVersion>
    <firstPublicationDate>2021-10-29</firstPublicationDate>
    <lastModificationDate>2021-10-29</lastModificationDate>
    <bibliographyLink>
        <description>P. Zahedi, K. Yousefi, Journal of Mechanical Science and Technology 28 (2014), 377--386</description>
        <referenceDOI>10.1007/s12206-013-0970-5</referenceDOI>
        <location>Main article, Fig. 11a, open triangle</location>
        <figure>Figure 11a</figure>
        <details>
            <author>Peyman Zahedi and Kianoosh Yousefi</author>
            <journal>Journal of Mechanical Science and Technology</journal>
            <month>jan</month>
            <number>1</number>
            <pages>377--386</pages>
            <publisher>Springer Science and Business Media {LLC}</publisher>
            <title>Effects of pressure and carbon dioxide, hydrogen and nitrogen concentration on laminar burning velocities and {NO} formation of methane-air mixtures</title>
            <volume>28</volume>
            <year>2014</year>
        </details>
    </bibliographyLink>
    <experimentType>laminar burning velocity measurement</experimentType>
    <apparatus>
        <kind>flame</kind>
        <mode>premixed</mode>
        <mode>laminar</mode>
    </apparatus>
    <commonProperties>
        <property name="pressure"                      label="P"  sourcetype="reported"   units="Pa"   ><value>300000</value></property>
        <property name="temperature"                   label="T"  sourcetype="reported"   units="K"    ><value>298</value></property>
        <property name="evaluated standard deviation"  sourcetype="estimated"  units="cm/s"  reference="laminar burning velocity"  kind="absolute"  method="combined from scatter and estimated uncertainty" ><value>1.36200550426054</value></property>
    </commonProperties>
    <dataGroup id="dg1">
        <property name="laminar burning velocity"  id="x1"   label="Sl"     sourcetype="digitized"  units="cm/s"          />
        <property name="composition"               id="x2"   label="[CH4]"  sourcetype="digitized"  units="mole fraction" >
            <speciesLink preferredKey="CH4"  CAS="74-82-8"    InChI="1S/CH4/h1H4"  SMILES="C"    chemName="methane"  />
        </property>
        <property name="composition"               id="x3"   label="[O2]"   sourcetype="digitized"  units="mole fraction" >
            <speciesLink preferredKey="O2"   CAS="7782-44-7"  InChI="1S/O2/c1-2"   SMILES="O=O"  chemName="oxygen"   />
        </property>
        <property name="composition"               id="x4"   label="[N2]"   sourcetype="digitized"  units="mole fraction" >
            <speciesLink preferredKey="N2"   CAS="7727-37-9"  InChI="1S/N2/c1-2"   SMILES="N#N"  chemName="nitrogen" />
        </property>

        <dataPoint><x1>8.550060e+000</x1><x2>6.853226e-002</x2><x3>1.959688e-001</x3><x4>7.354989e-001</x4></dataPoint>
        <dataPoint><x1>1.551958e+001</x1><x2>7.743836e-002</x2><x3>1.938697e-001</x3><x4>7.286919e-001</x4></dataPoint>
        <dataPoint><x1>1.998472e+001</x1><x2>8.625195e-002</x2><x3>1.917925e-001</x3><x4>7.219556e-001</x4></dataPoint>
        <dataPoint><x1>2.393905e+001</x1><x2>9.479039e-002</x2><x3>1.897800e-001</x3><x4>7.154296e-001</x4></dataPoint>
        <dataPoint><x1>2.341926e+001</x1><x2>1.031739e-001</x2><x3>1.878041e-001</x3><x4>7.090219e-001</x4></dataPoint>
        <dataPoint><x1>1.701526e+001</x1><x2>1.115386e-001</x2><x3>1.858326e-001</x3><x4>7.026287e-001</x4></dataPoint>
        <dataPoint><x1>9.298040e+000</x1><x2>1.196474e-001</x2><x3>1.839215e-001</x3><x4>6.964311e-001</x4></dataPoint>
    </dataGroup>
</experiment>
