<experiment>
    <fileAuthor>Chemical Kinetics Laboratory, Institute of Chemistry, ELTE, Budapest, Hungary</fileAuthor>
    <fileDOI>10.24388/x20004522</fileDOI>
    <fileVersion>
        <major>1</major>
        <minor>0</minor>
    </fileVersion>
    <ReSpecThVersion>
        <major>2</major>
        <minor>3</minor>
    </ReSpecThVersion>
    <firstPublicationDate>2021-10-29</firstPublicationDate>
    <lastModificationDate>2021-10-29</lastModificationDate>
    <bibliographyLink>
        <description>E. Hu, X. Li, X. Meng, Y. Chen, Y. Cheng, Y. Xie, Z. Huang, Fuel 158 (2015), 1--10</description>
        <referenceDOI>10.1016/j.fuel.2015.05.010</referenceDOI>
        <location>Main article, main text, Fig. 5.a, empty black star</location>
        <figure>Main article, Fig. 5.a, empty black star</figure>
        <details>
            <author>Hu, Erjiang and Li, Xiaotian and Meng, Xin and Chen, Yizhen and Cheng, Yu and Xie, Yongliang and Huang, Zuohua</author>
            <journal>Fuel</journal>
            <pages>1--10</pages>
            <title>Laminar flame speeds and ignition delay times of methane–air mixtures at elevated temperatures and pressures</title>
            <volume>158</volume>
            <year>2015</year>
        </details>
    </bibliographyLink>
    <experimentType>laminar burning velocity measurement</experimentType>
    <apparatus>
        <kind>flame</kind>
        <mode>premixed</mode>
        <mode>laminar</mode>
        <mode>OPF</mode>
    </apparatus>
    <commonProperties>
        <property name="temperature"          label="T"    sourcetype="reported"   units="K"             ><value>300</value></property>
        <property name="equivalence ratio"    label="phi"  sourcetype="reported"   units="unitless"      ><value>1.0</value></property>
        <property name="initial composition"  sourcetype="estimated" >
            <component><speciesLink preferredKey="CH4"  CAS="74-82-8"    InChI="1S/CH4/h1H4"  SMILES="C"    chemName="methane"  /><amount units="mole fraction" >0.095023</amount></component>
            <component><speciesLink preferredKey="O2"   CAS="7782-44-7"  InChI="1S/O2/c1-2"   SMILES="O=O"  chemName="oxygen"   /><amount units="mole fraction" >0.190045</amount></component>
            <component><speciesLink preferredKey="N2"   CAS="7727-37-9"  InChI="1S/N2/c1-2"   SMILES="N#N"  chemName="nitrogen" /><amount units="mole fraction" >0.714932</amount></component>
        </property>
    </commonProperties>
    <dataGroup id="dg1">
        <property name="pressure"                      id="x1"   label="p"     sourcetype="digitized"  units="MPa"  />
        <property name="laminar burning velocity"      id="x2"   label="Sl"    sourcetype="digitized"  units="m/s"  />
        <property name="uncertainty"                   id="x3"   label="d_Sl"  sourcetype="estimated"  units="m/s"   reference="laminar burning velocity"  kind="absolute"  bound="plusminus" />
        <property name="evaluated standard deviation"  id="x4"   sourcetype="estimated"  units="cm/s"  reference="laminar burning velocity"  kind="absolute"  method="combined from scatter and estimated uncertainty" />

        <dataPoint><x1>0.101640</x1><x2>0.389445</x2><x3>0.0005555</x3><x4>3.00682684905949</x4></dataPoint>
        <dataPoint> <x1>0.25018</x1> <x2>0.27202</x2> <x3>0.001313</x3><x4>2.66443136702749</x4></dataPoint>
        <dataPoint><x1>0.501151</x1><x2>0.201339</x2><x3>0.0003285</x3><x4>2.50255016385786</x4></dataPoint>
        <dataPoint><x1>0.751079</x1>   <x2>0.155</x2>        <x3>0</x3><x4>2.41866647134325</x4></dataPoint>
    </dataGroup>
    <comment>Mole fractions were calculated from phi and N2:O2 volume ratio in air.</comment>
</experiment>
