<experiment>
    <fileAuthor>Chemical Kinetics Laboratory, Institute of Chemistry, ELTE, Budapest, Hungary</fileAuthor>
    <fileDOI>10.24388/x20004122</fileDOI>
    <fileVersion>
        <major>1</major>
        <minor>0</minor>
    </fileVersion>
    <ReSpecThVersion>
        <major>2</major>
        <minor>3</minor>
    </ReSpecThVersion>
    <firstPublicationDate>2021-10-29</firstPublicationDate>
    <lastModificationDate>2021-10-29</lastModificationDate>
    <bibliographyLink>
        <description>F. COPPENS, J. DERUYCK, A. KONNOV, Combustion and Flame 149 (2007), 409--417</description>
        <referenceDOI>10.1016/j.combustflame.2007.02.004</referenceDOI>
        <location>Main article, Fig. 5, full triangle</location>
        <figure>Figure 5</figure>
        <details>
            <author>F COPPENS and J DERUYCK and A KONNOV</author>
            <journal>Combustion and Flame</journal>
            <month>jun</month>
            <number>4</number>
            <pages>409--417</pages>
            <publisher>Elsevier {BV}</publisher>
            <title>The effects of composition on burning velocity and nitric oxide formation in laminar premixed flames of {CH}4 $\mathplus$ H2 $\mathplus$ O2 $\mathplus$ N2</title>
            <volume>149</volume>
            <year>2007</year>
        </details>
    </bibliographyLink>
    <experimentType>laminar burning velocity measurement</experimentType>
    <apparatus>
        <kind>flame</kind>
        <mode>premixed</mode>
        <mode>laminar</mode>
    </apparatus>
    <commonProperties>
        <property name="pressure"                      label="P"  sourcetype="reported"   units="atm"  ><value>1</value></property>
        <property name="temperature"                   label="T"  sourcetype="reported"   units="K"    ><value>298</value></property>
        <property name="evaluated standard deviation"  sourcetype="estimated"  units="cm/s"  reference="laminar burning velocity"  kind="absolute"  method="generic uncertainty" ><value>0.5</value></property>
    </commonProperties>
    <dataGroup id="dg1">
        <property name="laminar burning velocity"  id="x1"   label="Sl"     sourcetype="digitized"  units="cm/s"          />
        <property name="composition"               id="x2"   label="[CH4]"  sourcetype="digitized"  units="mole fraction" >
            <speciesLink preferredKey="CH4"  CAS="74-82-8"    InChI="1S/CH4/h1H4"  SMILES="C"     chemName="methane"  />
        </property>
        <property name="composition"               id="x3"   label="[O2]"   sourcetype="digitized"  units="mole fraction" >
            <speciesLink preferredKey="O2"   CAS="7782-44-7"  InChI="1S/O2/c1-2"   SMILES="O=O"   chemName="oxygen"   />
        </property>
        <property name="composition"               id="x4"   label="[N2]"   sourcetype="digitized"  units="mole fraction" >
            <speciesLink preferredKey="N2"   CAS="7727-37-9"  InChI="1S/N2/c1-2"   SMILES="N#N"   chemName="nitrogen" />
        </property>
        <property name="composition"               id="x5"   label="[H2]"   sourcetype="digitized"  units="mole fraction" >
            <speciesLink preferredKey="H2"   CAS="1333-74-0"  InChI="1S/H2/h1H"    SMILES="[HH]"  chemName="hydrogen" />
        </property>

        <dataPoint><x1>1.331369e+001</x1><x2>5.803229e-002</x2><x3>1.476198e-001</x3><x4>7.750038e-001</x4><x5>1.934410e-002</x5></dataPoint>
        <dataPoint><x1>1.555679e+001</x1><x2>6.116795e-002</x2><x3>1.469508e-001</x3><x4>7.714919e-001</x4><x5>2.038932e-002</x5></dataPoint>
        <dataPoint><x1>1.752352e+001</x1><x2>6.427655e-002</x2><x3>1.462877e-001</x3><x4>7.680103e-001</x4><x5>2.142552e-002</x5></dataPoint>
        <dataPoint><x1>1.908808e+001</x1><x2>6.728931e-002</x2><x3>1.456449e-001</x3><x4>7.646360e-001</x4><x5>2.242977e-002</x5></dataPoint>
        <dataPoint><x1>1.997442e+001</x1><x2>7.034788e-002</x2><x3>1.449925e-001</x3><x4>7.612104e-001</x4><x5>2.344929e-002</x5></dataPoint>
        <dataPoint><x1>2.039577e+001</x1><x2>7.331306e-002</x2><x3>1.443599e-001</x3><x4>7.578894e-001</x4><x5>2.443769e-002</x5></dataPoint>
        <dataPoint><x1>1.978715e+001</x1><x2>7.632397e-002</x2><x3>1.437176e-001</x3><x4>7.545172e-001</x4><x5>2.544132e-002</x5></dataPoint>
        <dataPoint><x1>1.823617e+001</x1><x2>7.924561e-002</x2><x3>1.430943e-001</x3><x4>7.512449e-001</x4><x5>2.641520e-002</x5></dataPoint>
        <dataPoint><x1>1.574314e+001</x1><x2>8.221286e-002</x2><x3>1.424613e-001</x3><x4>7.479216e-001</x4><x5>2.740429e-002</x5></dataPoint>
    </dataGroup>
</experiment>
