<experiment>
    <fileAuthor>Chemical Kinetics Laboratory, Institute of Chemistry, ELTE, Budapest, Hungary</fileAuthor>
    <fileDOI>10.24388/x20004132</fileDOI>
    <fileVersion>
        <major>1</major>
        <minor>0</minor>
    </fileVersion>
    <ReSpecThVersion>
        <major>2</major>
        <minor>3</minor>
    </ReSpecThVersion>
    <firstPublicationDate>2021-10-29</firstPublicationDate>
    <lastModificationDate>2021-10-29</lastModificationDate>
    <bibliographyLink>
        <description>P. Zahedi, K. Yousefi, Journal of Mechanical Science and Technology 28 (2014), 377--386</description>
        <referenceDOI>10.1007/s12206-013-0970-5</referenceDOI>
        <location>Main article, Fig. 3, open diamond</location>
        <figure>Figure 3</figure>
        <details>
            <author>Peyman Zahedi and Kianoosh Yousefi</author>
            <journal>Journal of Mechanical Science and Technology</journal>
            <month>jan</month>
            <number>1</number>
            <pages>377--386</pages>
            <publisher>Springer Science and Business Media {LLC}</publisher>
            <title>Effects of pressure and carbon dioxide, hydrogen and nitrogen concentration on laminar burning velocities and {NO} formation of methane-air mixtures</title>
            <volume>28</volume>
            <year>2014</year>
        </details>
    </bibliographyLink>
    <experimentType>laminar burning velocity measurement</experimentType>
    <apparatus>
        <kind>flame</kind>
        <mode>premixed</mode>
        <mode>laminar</mode>
    </apparatus>
    <commonProperties>
        <property name="pressure"                      label="P"  sourcetype="reported"   units="Pa"   ><value>100000</value></property>
        <property name="temperature"                   label="T"  sourcetype="reported"   units="K"    ><value>298</value></property>
        <property name="evaluated standard deviation"  sourcetype="estimated"  units="cm/s"  reference="laminar burning velocity"  kind="absolute"  method="combined from scatter and estimated uncertainty" ><value>1.01790528376858</value></property>
    </commonProperties>
    <dataGroup id="dg1">
        <property name="laminar burning velocity"  id="x1"   label="Sl"     sourcetype="digitized"  units="cm/s"          />
        <property name="composition"               id="x2"   label="[CH4]"  sourcetype="digitized"  units="mole fraction" >
            <speciesLink preferredKey="CH4"  CAS="74-82-8"    InChI="1S/CH4/h1H4"  SMILES="C"    chemName="methane"  />
        </property>
        <property name="composition"               id="x3"   label="[O2]"   sourcetype="digitized"  units="mole fraction" >
            <speciesLink preferredKey="O2"   CAS="7782-44-7"  InChI="1S/O2/c1-2"   SMILES="O=O"  chemName="oxygen"   />
        </property>
        <property name="composition"               id="x4"   label="[N2]"   sourcetype="digitized"  units="mole fraction" >
            <speciesLink preferredKey="N2"   CAS="7727-37-9"  InChI="1S/N2/c1-2"   SMILES="N#N"  chemName="nitrogen" />
        </property>

        <dataPoint><x1>1.800600e+001</x1><x2>6.900756e-002</x2><x3>1.974832e-001</x3><x4>7.335092e-001</x4></dataPoint>
        <dataPoint><x1>2.608696e+001</x1><x2>7.800767e-002</x2><x3>1.955741e-001</x3><x4>7.264182e-001</x4></dataPoint>
        <dataPoint><x1>3.260120e+001</x1><x2>8.705826e-002</x2><x3>1.936543e-001</x3><x4>7.192874e-001</x4></dataPoint>
        <dataPoint><x1>3.660420e+001</x1><x2>9.579070e-002</x2><x3>1.918020e-001</x3><x4>7.124073e-001</x4></dataPoint>
        <dataPoint><x1>3.631934e+001</x1><x2>1.043015e-001</x2><x3>1.899966e-001</x3><x4>7.057018e-001</x4></dataPoint>
        <dataPoint><x1>3.199400e+001</x1><x2>1.129333e-001</x2><x3>1.881657e-001</x3><x4>6.989011e-001</x4></dataPoint>
        <dataPoint><x1>2.241379e+001</x1><x2>1.212086e-001</x2><x3>1.864103e-001</x3><x4>6.923811e-001</x4></dataPoint>
    </dataGroup>
</experiment>
