<experiment>
    <fileAuthor>Chemical Kinetics Laboratory, Institute of Chemistry, ELTE, Budapest, Hungary</fileAuthor>
    <fileDOI>10.24388/x20004128</fileDOI>
    <fileVersion>
        <major>1</major>
        <minor>0</minor>
    </fileVersion>
    <ReSpecThVersion>
        <major>2</major>
        <minor>3</minor>
    </ReSpecThVersion>
    <firstPublicationDate>2021-10-29</firstPublicationDate>
    <lastModificationDate>2021-10-29</lastModificationDate>
    <bibliographyLink>
        <description>F.H.V. Coppens, J.D. Ruyck, A.A. Konnov, Experimental Thermal and Fluid Science 31 (2007), 437--444</description>
        <referenceDOI>10.1016/j.expthermflusci.2006.04.012</referenceDOI>
        <location>Main article, Fig. 3, open square</location>
        <figure>Figure 3</figure>
        <details>
            <author>F.H.V. Coppens and J. De Ruyck and A.A. Konnov</author>
            <journal>Experimental Thermal and Fluid Science</journal>
            <month>apr</month>
            <number>5</number>
            <pages>437--444</pages>
            <publisher>Elsevier {BV}</publisher>
            <title>Effects of hydrogen enrichment on adiabatic burning velocity and {NO} formation in methane$\mathplus$air flames</title>
            <volume>31</volume>
            <year>2007</year>
        </details>
    </bibliographyLink>
    <experimentType>laminar burning velocity measurement</experimentType>
    <apparatus>
        <kind>flame</kind>
        <mode>premixed</mode>
        <mode>laminar</mode>
    </apparatus>
    <commonProperties>
        <property name="pressure"                      label="P"  sourcetype="reported"   units="atm"  ><value>1</value></property>
        <property name="temperature"                   label="T"  sourcetype="reported"   units="K"    ><value>298</value></property>
        <property name="evaluated standard deviation"  sourcetype="estimated"  units="cm/s"  reference="laminar burning velocity"  kind="absolute"  method="combined from scatter and reported uncertainty" ><value>0.528613050274963</value></property>
    </commonProperties>
    <dataGroup id="dg1">
        <property name="laminar burning velocity"  id="x1"   label="Sl"     sourcetype="digitized"  units="cm/s"          />
        <property name="composition"               id="x2"   label="[CH4]"  sourcetype="digitized"  units="mole fraction" >
            <speciesLink preferredKey="CH4"  CAS="74-82-8"    InChI="1S/CH4/h1H4"  SMILES="C"     chemName="methane"  />
        </property>
        <property name="composition"               id="x3"   label="[O2]"   sourcetype="digitized"  units="mole fraction" >
            <speciesLink preferredKey="O2"   CAS="7782-44-7"  InChI="1S/O2/c1-2"   SMILES="O=O"   chemName="oxygen"   />
        </property>
        <property name="composition"               id="x4"   label="[N2]"   sourcetype="digitized"  units="mole fraction" >
            <speciesLink preferredKey="N2"   CAS="7727-37-9"  InChI="1S/N2/c1-2"   SMILES="N#N"   chemName="nitrogen" />
        </property>
        <property name="composition"               id="x5"   label="[H2]"   sourcetype="digitized"  units="mole fraction" >
            <speciesLink preferredKey="H2"   CAS="1333-74-0"  InChI="1S/H2/h1H"    SMILES="[HH]"  chemName="hydrogen" />
        </property>

        <dataPoint><x1>1.789966e+001</x1><x2>6.808482e-002</x2><x3>1.969189e-001</x3><x4>7.314129e-001</x4><x5>3.583412e-003</x5></dataPoint>
        <dataPoint><x1>2.220856e+001</x1><x2>7.252534e-002</x2><x3>1.959274e-001</x3><x4>7.277302e-001</x4><x5>3.817123e-003</x5></dataPoint>
        <dataPoint><x1>2.594196e+001</x1><x2>7.692224e-002</x2><x3>1.949456e-001</x3><x4>7.240836e-001</x4><x5>4.048539e-003</x5></dataPoint>
        <dataPoint><x1>2.976390e+001</x1><x2>8.127442e-002</x2><x3>1.939738e-001</x3><x4>7.204742e-001</x4><x5>4.277601e-003</x5></dataPoint>
        <dataPoint><x1>3.286276e+001</x1><x2>8.565883e-002</x2><x3>1.929948e-001</x3><x4>7.168380e-001</x4><x5>4.508359e-003</x5></dataPoint>
        <dataPoint><x1>3.541564e+001</x1><x2>9.000092e-002</x2><x3>1.920253e-001</x3><x4>7.132369e-001</x4><x5>4.736890e-003</x5></dataPoint>
        <dataPoint><x1>3.724545e+001</x1><x2>9.422655e-002</x2><x3>1.910818e-001</x3><x4>7.097324e-001</x4><x5>4.959292e-003</x5></dataPoint>
        <dataPoint><x1>3.820462e+001</x1><x2>9.847226e-002</x2><x3>1.901338e-001</x3><x4>7.062112e-001</x4><x5>5.182751e-003</x5></dataPoint>
        <dataPoint><x1>3.844073e+001</x1><x2>1.026178e-001</x2><x3>1.892082e-001</x3><x4>7.027732e-001</x4><x5>5.400935e-003</x5></dataPoint>
        <dataPoint><x1>3.764388e+001</x1><x2>1.068542e-001</x2><x3>1.882622e-001</x3><x4>6.992597e-001</x4><x5>5.623906e-003</x5></dataPoint>
        <dataPoint><x1>3.565175e+001</x1><x2>1.109326e-001</x2><x3>1.873516e-001</x3><x4>6.958773e-001</x4><x5>5.838556e-003</x5></dataPoint>
        <dataPoint><x1>3.255288e+001</x1><x2>1.150194e-001</x2><x3>1.864391e-001</x3><x4>6.924879e-001</x4><x5>6.053652e-003</x5></dataPoint>
        <dataPoint><x1>2.849484e+001</x1><x2>1.190097e-001</x2><x3>1.855481e-001</x3><x4>6.891785e-001</x4><x5>6.263669e-003</x5></dataPoint>
        <dataPoint><x1>2.427447e+001</x1><x2>1.230311e-001</x2><x3>1.846502e-001</x3><x4>6.858434e-001</x4><x5>6.475321e-003</x5></dataPoint>
        <dataPoint><x1>1.972946e+001</x1><x2>1.268904e-001</x2><x3>1.837884e-001</x3><x4>6.826427e-001</x4><x5>6.678442e-003</x5></dataPoint>
        <dataPoint><x1>1.630595e+001</x1><x2>1.308236e-001</x2><x3>1.829102e-001</x3><x4>6.793807e-001</x4><x5>6.885453e-003</x5></dataPoint>
    </dataGroup>
</experiment>
