<experiment>
    <fileAuthor>Chemical Kinetics Laboratory, Institute of Chemistry, ELTE, Budapest, Hungary</fileAuthor>
    <fileDOI>10.24388/x20004415</fileDOI>
    <fileVersion>
        <major>1</major>
        <minor>0</minor>
    </fileVersion>
    <ReSpecThVersion>
        <major>2</major>
        <minor>3</minor>
    </ReSpecThVersion>
    <firstPublicationDate>2021-10-29</firstPublicationDate>
    <lastModificationDate>2021-10-29</lastModificationDate>
    <bibliographyLink>
        <description>T.M. Vu, W.S. Song, J. Park, D.S. Bae, H.S. You, International Journal of Hydrogen Energy 36 (2011), 12058--12067</description>
        <referenceDOI>10.1016/j.ijhydene.2011.06.082</referenceDOI>
        <location>Main article</location>
        <figure>Fig. 3., full circle</figure>
        <details>
            <author>Tran Manh Vu and Won Sik Song and Jeong Park and Dae Seok Bae and Hyun Seok You</author>
            <journal>International Journal of Hydrogen Energy</journal>
            <month>sep</month>
            <number>18</number>
            <pages>12058--12067</pages>
            <publisher>Elsevier {BV}</publisher>
            <title>Measurements of propagation speeds and flame instabilities in biomass derived gas{\textendash}air premixed flames</title>
            <volume>36</volume>
            <year>2011</year>
        </details>
    </bibliographyLink>
    <experimentType>laminar burning velocity measurement</experimentType>
    <apparatus>
        <kind>flame</kind>
        <mode>premixed</mode>
        <mode>laminar</mode>
    </apparatus>
    <commonProperties>
        <property name="pressure"     label="P"  sourcetype="reported"  units="Pa" ><value>0.1e+006</value></property>
        <property name="temperature"  label="T"  sourcetype="reported"  units="K"  ><value>298</value></property>
    </commonProperties>
    <dataGroup id="dg1">
        <property name="laminar burning velocity"      id="x1"   label="Sl"     sourcetype="digitized"   units="cm/s"          />
        <property name="composition"                   id="x2"   label="[CH4]"  sourcetype="calculated"  units="mole fraction" >
            <speciesLink preferredKey="CH4"  CAS="74-82-8"    InChI="1S/CH4/h1H4"    SMILES="C"          chemName="methane"         />
        </property>
        <property name="composition"                   id="x3"   label="[O2]"   sourcetype="calculated"  units="mole fraction" >
            <speciesLink preferredKey="O2"   CAS="7782-44-7"  InChI="1S/O2/c1-2"     SMILES="O=O"        chemName="oxygen"          />
        </property>
        <property name="composition"                   id="x4"   label="[N2]"   sourcetype="calculated"  units="mole fraction" >
            <speciesLink preferredKey="N2"   CAS="7727-37-9"  InChI="1S/N2/c1-2"     SMILES="N#N"        chemName="nitrogen"        />
        </property>
        <property name="composition"                   id="x5"   label="[H2]"   sourcetype="calculated"  units="mole fraction" >
            <speciesLink preferredKey="H2"   CAS="1333-74-0"  InChI="1S/H2/h1H"      SMILES="[HH]"       chemName="hydrogen"        />
        </property>
        <property name="composition"                   id="x6"   label="[CO]"   sourcetype="calculated"  units="mole fraction" >
            <speciesLink preferredKey="CO"   CAS="630-08-0"   InChI="1S/CO/c1-2"     SMILES="[C-]#[O+]"  chemName="carbon monoxide" />
        </property>
        <property name="composition"                   id="x7"   label="[CO2]"  sourcetype="calculated"  units="mole fraction" >
            <speciesLink preferredKey="CO2"  CAS="124-38-9"   InChI="1S/CO2/c2-1-3"  SMILES="C(=O)=O"    chemName="carbon dioxide"  />
        </property>
        <property name="evaluated standard deviation"  id="x8"   sourcetype="estimated"   units="cm/s"           reference="laminar burning velocity"  kind="absolute"  method="combined from scatter and estimated uncertainty" />

        <dataPoint><x1>2.455218e+001</x1><x2>1.002171e-002</x2><x3>1.633639e-001</x3><x4>6.118831e-001</x4><x5>8.134595e-002</x5><x6>6.417572e-002</x6><x7>6.920956e-002</x7><x8>1.53807069213674</x8></dataPoint>
        <dataPoint><x1>4.580016e+001</x1><x2>1.243391e-002</x2><x3>1.516282e-001</x3><x4>5.695214e-001</x4><x5>1.009257e-001</x5><x6>7.962265e-002</x6><x7>8.586812e-002</x7> <x8>2.4703793711074</x8></dataPoint>
        <dataPoint><x1>6.312546e+001</x1><x2>1.449802e-002</x2><x3>1.415859e-001</x3><x4>5.332726e-001</x4><x5>1.176801e-001</x5><x6>9.284057e-002</x6><x7>1.001228e-001</x7><x8>3.28948276293675</x8></dataPoint>
        <dataPoint><x1>7.674327e+001</x1><x2>1.630495e-002</x2><x3>1.327949e-001</x3><x4>5.015404e-001</x4><x5>1.323468e-001</x5><x6>1.044115e-001</x6><x7>1.126014e-001</x7><x8>3.94746264363087</x8></dataPoint>
        <dataPoint><x1>8.068974e+001</x1><x2>1.791930e-002</x2><x3>1.249409e-001</x3><x4>4.731901e-001</x4><x5>1.454504e-001</x5><x6>1.147493e-001</x6><x7>1.237500e-001</x7><x8>4.13953173079975</x8></dataPoint>
        <dataPoint><x1>7.875229e+001</x1><x2>1.933386e-002</x2><x3>1.180588e-001</x3><x4>4.483483e-001</x4><x5>1.569325e-001</x5><x6>1.238077e-001</x6><x7>1.335190e-001</x7><x8>4.04517558923457</x8></dataPoint>
        <dataPoint><x1>7.023301e+001</x1><x2>2.061432e-002</x2><x3>1.118292e-001</x3><x4>4.258617e-001</x4><x5>1.673258e-001</x5><x6>1.320073e-001</x6><x7>1.423617e-001</x7><x8>3.63184895490978</x8></dataPoint>
        <dataPoint><x1>5.317046e+001</x1><x2>2.176684e-002</x2><x3>1.062219e-001</x3><x4>4.056217e-001</x4><x5>1.766809e-001</x5><x6>1.393877e-001</x6><x7>1.503210e-001</x7><x8>2.81538312466669</x8></dataPoint>
    </dataGroup>
</experiment>
