<experiment>
    <fileAuthor>Chemical Kinetics Laboratory, Institute of Chemistry, ELTE, Budapest, Hungary</fileAuthor>
    <fileDOI>10.24388/x20004117</fileDOI>
    <fileVersion>
        <major>1</major>
        <minor>0</minor>
    </fileVersion>
    <ReSpecThVersion>
        <major>2</major>
        <minor>3</minor>
    </ReSpecThVersion>
    <firstPublicationDate>2021-10-29</firstPublicationDate>
    <lastModificationDate>2021-10-29</lastModificationDate>
    <bibliographyLink>
        <description>F. COPPENS, J. DERUYCK, A. KONNOV, Combustion and Flame 149 (2007), 409--417</description>
        <referenceDOI>10.1016/j.combustflame.2007.02.004</referenceDOI>
        <location>Main article, Fig. 4, full circle</location>
        <figure>Figure 4</figure>
        <details>
            <author>F COPPENS and J DERUYCK and A KONNOV</author>
            <journal>Combustion and Flame</journal>
            <month>jun</month>
            <number>4</number>
            <pages>409--417</pages>
            <publisher>Elsevier {BV}</publisher>
            <title>The effects of composition on burning velocity and nitric oxide formation in laminar premixed flames of {CH}4 $\mathplus$ H2 $\mathplus$ O2 $\mathplus$ N2</title>
            <volume>149</volume>
            <year>2007</year>
        </details>
    </bibliographyLink>
    <experimentType>laminar burning velocity measurement</experimentType>
    <apparatus>
        <kind>flame</kind>
        <mode>premixed</mode>
        <mode>laminar</mode>
    </apparatus>
    <commonProperties>
        <property name="pressure"                      label="P"  sourcetype="reported"   units="atm"  ><value>1</value></property>
        <property name="temperature"                   label="T"  sourcetype="reported"   units="K"    ><value>298</value></property>
        <property name="evaluated standard deviation"  sourcetype="estimated"  units="cm/s"  reference="laminar burning velocity"  kind="absolute"  method="generic uncertainty" ><value>0.5</value></property>
    </commonProperties>
    <dataGroup id="dg1">
        <property name="laminar burning velocity"  id="x1"   label="Sl"     sourcetype="digitized"  units="cm/s"          />
        <property name="composition"               id="x2"   label="[CH4]"  sourcetype="digitized"  units="mole fraction" >
            <speciesLink preferredKey="CH4"  CAS="74-82-8"    InChI="1S/CH4/h1H4"  SMILES="C"     chemName="methane"  />
        </property>
        <property name="composition"               id="x3"   label="[O2]"   sourcetype="digitized"  units="mole fraction" >
            <speciesLink preferredKey="O2"   CAS="7782-44-7"  InChI="1S/O2/c1-2"   SMILES="O=O"   chemName="oxygen"   />
        </property>
        <property name="composition"               id="x4"   label="[N2]"   sourcetype="digitized"  units="mole fraction" >
            <speciesLink preferredKey="N2"   CAS="7727-37-9"  InChI="1S/N2/c1-2"   SMILES="N#N"   chemName="nitrogen" />
        </property>
        <property name="composition"               id="x5"   label="[H2]"   sourcetype="digitized"  units="mole fraction" >
            <speciesLink preferredKey="H2"   CAS="1333-74-0"  InChI="1S/H2/h1H"    SMILES="[HH]"  chemName="hydrogen" />
        </property>

        <dataPoint><x1>1.060190e+001</x1><x2>5.706017e-002</x2><x3>1.585880e-001</x3><x4>7.742824e-001</x4><x5>1.006944e-002</x5></dataPoint>
        <dataPoint><x1>1.302919e+001</x1><x2>6.063233e-002</x2><x3>1.578735e-001</x3><x4>7.707943e-001</x4><x5>1.069982e-002</x5></dataPoint>
        <dataPoint><x1>1.559438e+001</x1><x2>6.407850e-002</x2><x3>1.571843e-001</x3><x4>7.674292e-001</x4><x5>1.130797e-002</x5></dataPoint>
        <dataPoint><x1>1.788387e+001</x1><x2>6.758854e-002</x2><x3>1.564823e-001</x3><x4>7.640018e-001</x4><x5>1.192739e-002</x5></dataPoint>
        <dataPoint><x1>2.004808e+001</x1><x2>7.105232e-002</x2><x3>1.557895e-001</x3><x4>7.606195e-001</x4><x5>1.253864e-002</x5></dataPoint>
        <dataPoint><x1>2.146068e+001</x1><x2>7.441237e-002</x2><x3>1.551175e-001</x3><x4>7.573385e-001</x4><x5>1.313159e-002</x5></dataPoint>
        <dataPoint><x1>2.227191e+001</x1><x2>7.774557e-002</x2><x3>1.544509e-001</x3><x4>7.540837e-001</x4><x5>1.371981e-002</x5></dataPoint>
        <dataPoint><x1>2.246926e+001</x1><x2>8.106757e-002</x2><x3>1.537865e-001</x3><x4>7.508399e-001</x4><x5>1.430604e-002</x5></dataPoint>
        <dataPoint><x1>2.152647e+001</x1><x2>8.442320e-002</x2><x3>1.531154e-001</x3><x4>7.475632e-001</x4><x5>1.489821e-002</x5></dataPoint>
        <dataPoint><x1>1.963161e+001</x1><x2>8.767960e-002</x2><x3>1.524641e-001</x3><x4>7.443834e-001</x4><x5>1.547287e-002</x5></dataPoint>
        <dataPoint><x1>1.692234e+001</x1><x2>9.099866e-002</x2><x3>1.518003e-001</x3><x4>7.411425e-001</x4><x5>1.605859e-002</x5></dataPoint>
        <dataPoint><x1>1.435095e+001</x1><x2>9.420142e-002</x2><x3>1.511597e-001</x3><x4>7.380151e-001</x4><x5>1.662378e-002</x5></dataPoint>
        <dataPoint><x1>1.191731e+001</x1><x2>9.744873e-002</x2><x3>1.505103e-001</x3><x4>7.348442e-001</x4><x5>1.719684e-002</x5></dataPoint>
    </dataGroup>
</experiment>
