<experiment>
    <fileAuthor>Chemical Kinetics Laboratory, Institute of Chemistry, ELTE, Budapest, Hungary</fileAuthor>
    <fileDOI>10.24388/x20004069</fileDOI>
    <fileVersion>
        <major>1</major>
        <minor>0</minor>
    </fileVersion>
    <ReSpecThVersion>
        <major>2</major>
        <minor>3</minor>
    </ReSpecThVersion>
    <firstPublicationDate>2021-10-29</firstPublicationDate>
    <lastModificationDate>2021-10-29</lastModificationDate>
    <bibliographyLink>
        <description>B. Yan, Y. Wu, C. Liu, J.F. Yu, B. Li, Z.S. Li, G. Chen, X.S. Bai, M. Ald{\'{e}}n, A.A. Konnov, International Journal of Hydrogen Energy 36 (2011), 3769--3777</description>
        <referenceDOI>10.1016/j.ijhydene.2010.12.015</referenceDOI>
        <location>Main article, Fig. 8, full circle</location>
        <figure>Figure 8</figure>
        <details>
            <author>B. Yan and Y. Wu and C. Liu and J.F. Yu and B. Li and Z.S. Li and G. Chen and X.S. Bai and M. Ald{\'{e}}n and A.A. Konnov</author>
            <journal>International Journal of Hydrogen Energy</journal>
            <month>mar</month>
            <number>5</number>
            <pages>3769--3777</pages>
            <publisher>Elsevier {BV}</publisher>
            <title>Experimental and modeling study of laminar burning velocity of biomass derived gases/air mixtures</title>
            <volume>36</volume>
            <year>2011</year>
        </details>
    </bibliographyLink>
    <experimentType>laminar burning velocity measurement</experimentType>
    <apparatus>
        <kind>flame</kind>
        <mode>premixed</mode>
        <mode>laminar</mode>
    </apparatus>
    <commonProperties>
        <property name="pressure"                      label="P"  sourcetype="reported"   units="atm"  ><value>1</value></property>
        <property name="temperature"                   label="T"  sourcetype="reported"   units="K"    ><value>358</value></property>
        <property name="evaluated standard deviation"  sourcetype="estimated"  units="cm/s"  reference="laminar burning velocity"  kind="absolute"  method="combined from scatter and reported uncertainty" ><value>1.10851492046612</value></property>
    </commonProperties>
    <dataGroup id="dg1">
        <property name="laminar burning velocity"  id="x1"   label="Sl"     sourcetype="digitized"  units="m/s"           />
        <property name="composition"               id="x2"   label="[CH4]"  sourcetype="digitized"  units="mole fraction" >
            <speciesLink preferredKey="CH4"  CAS="74-82-8"    InChI="1S/CH4/h1H4"  SMILES="C"    chemName="methane"  />
        </property>
        <property name="composition"               id="x3"   label="[O2]"   sourcetype="digitized"  units="mole fraction" >
            <speciesLink preferredKey="O2"   CAS="7782-44-7"  InChI="1S/O2/c1-2"   SMILES="O=O"  chemName="oxygen"   />
        </property>
        <property name="composition"               id="x4"   label="[N2]"   sourcetype="digitized"  units="mole fraction" >
            <speciesLink preferredKey="N2"   CAS="7727-37-9"  InChI="1S/N2/c1-2"   SMILES="N#N"  chemName="nitrogen" />
        </property>

        <dataPoint><x1>1.769800e-001</x1><x2>5.982812e-002</x2><x3>1.994304e-001</x3><x4>7.407415e-001</x4></dataPoint>
        <dataPoint><x1>2.490800e-001</x1><x2>6.905812e-002</x2><x3>1.974725e-001</x3><x4>7.334694e-001</x4></dataPoint>
        <dataPoint><x1>3.636700e-001</x1><x2>7.823482e-002</x2><x3>1.955259e-001</x3><x4>7.262392e-001</x4></dataPoint>
        <dataPoint><x1>4.161100e-001</x1><x2>8.280964e-002</x2><x3>1.945555e-001</x3><x4>7.226348e-001</x4></dataPoint>
        <dataPoint><x1>4.598400e-001</x1><x2>8.707859e-002</x2><x3>1.936500e-001</x3><x4>7.192714e-001</x4></dataPoint>
        <dataPoint><x1>4.827400e-001</x1><x2>9.144109e-002</x2><x3>1.927246e-001</x3><x4>7.158343e-001</x4></dataPoint>
        <dataPoint><x1>5.036200e-001</x1><x2>9.591815e-002</x2><x3>1.917749e-001</x3><x4>7.123069e-001</x4></dataPoint>
        <dataPoint><x1>5.101300e-001</x1><x2>1.002011e-001</x2><x3>1.908664e-001</x3><x4>7.089325e-001</x4></dataPoint>
        <dataPoint><x1>5.036900e-001</x1><x2>1.043185e-001</x2><x3>1.899930e-001</x3><x4>7.056884e-001</x4></dataPoint>
        <dataPoint><x1>4.828900e-001</x1><x2>1.086530e-001</x2><x3>1.890736e-001</x3><x4>7.022734e-001</x4></dataPoint>
        <dataPoint><x1>4.503500e-001</x1><x2>1.128481e-001</x2><x3>1.881837e-001</x3><x4>6.989681e-001</x4></dataPoint>
        <dataPoint><x1>3.389400e-001</x1><x2>1.212021e-001</x2><x3>1.864117e-001</x3><x4>6.923862e-001</x4></dataPoint>
        <dataPoint><x1>2.093200e-001</x1><x2>1.293085e-001</x2><x3>1.846921e-001</x3><x4>6.859994e-001</x4></dataPoint>
        <dataPoint><x1>1.634300e-001</x1><x2>1.332904e-001</x2><x3>1.838475e-001</x3><x4>6.828621e-001</x4></dataPoint>
    </dataGroup>
</experiment>
