<experiment>
    <fileAuthor>Chemical Kinetics Laboratory, Institute of Chemistry, ELTE, Budapest, Hungary</fileAuthor>
    <fileDOI>10.24388/x20004312</fileDOI>
    <fileVersion>
        <major>1</major>
        <minor>0</minor>
    </fileVersion>
    <ReSpecThVersion>
        <major>2</major>
        <minor>3</minor>
    </ReSpecThVersion>
    <firstPublicationDate>2021-10-29</firstPublicationDate>
    <lastModificationDate>2021-10-29</lastModificationDate>
    <bibliographyLink>
        <description>Y. Xie, J. Wang, M. Zhang, J. Gong, W. Jin, Z. Huang, Energy Fuels 27 (2013), 6231--6237</description>
        <referenceDOI>10.1021/ef401220h</referenceDOI>
        <location>Main article, Fig. 1a, open square</location>
        <figure>Figure 1a</figure>
        <details>
            <author>Yongliang Xie and Jinhua Wang and Meng Zhang and Jing Gong and Wu Jin and Zuohua Huang</author>
            <journal>Energy Fuels</journal>
            <month>oct</month>
            <number>10</number>
            <pages>6231--6237</pages>
            <publisher>American Chemical Society ({ACS})</publisher>
            <title>Experimental and Numerical Study on Laminar Flame Characteristics of Methane Oxy-fuel Mixtures Highly Diluted with {CO}2</title>
            <volume>27</volume>
            <year>2013</year>
        </details>
    </bibliographyLink>
    <experimentType>laminar burning velocity measurement</experimentType>
    <apparatus>
        <kind>flame</kind>
        <mode>premixed</mode>
        <mode>laminar</mode>
    </apparatus>
    <commonProperties>
        <property name="pressure"     label="P"  sourcetype="reported"  units="Pa" ><value>1e+005</value></property>
        <property name="temperature"  label="T"  sourcetype="reported"  units="K"  ><value>300</value></property>
    </commonProperties>
    <dataGroup id="dg1">
        <property name="laminar burning velocity"      id="x1"   label="Sl"     sourcetype="digitized"  units="cm/s"          />
        <property name="composition"                   id="x2"   label="[CH4]"  sourcetype="digitized"  units="mole fraction" >
            <speciesLink preferredKey="CH4"  CAS="74-82-8"    InChI="1S/CH4/h1H4"    SMILES="C"        chemName="methane"        />
        </property>
        <property name="composition"                   id="x3"   label="[O2]"   sourcetype="digitized"  units="mole fraction" >
            <speciesLink preferredKey="O2"   CAS="7782-44-7"  InChI="1S/O2/c1-2"     SMILES="O=O"      chemName="oxygen"         />
        </property>
        <property name="composition"                   id="x4"   label="[CO2]"  sourcetype="digitized"  units="mole fraction" >
            <speciesLink preferredKey="CO2"  CAS="124-38-9"   InChI="1S/CO2/c2-1-3"  SMILES="C(=O)=O"  chemName="carbon dioxide" />
        </property>
        <property name="evaluated standard deviation"  id="x5"   sourcetype="estimated"  units="cm/s"           reference="laminar burning velocity"  kind="absolute"  method="combined from scatter and estimated uncertainty" />

        <dataPoint><x1>4.030635e+001</x1><x2>1.070376E-01</x2><x3>5.357774E-01</x3><x4>3.571850E-01</x4> <x5>2.5069908506826</x5></dataPoint>
        <dataPoint><x1>8.358862e+001</x1><x2>1.523829E-01</x2><x3>5.085703E-01</x3><x4>3.390468E-01</x4><x5>4.43747022337739</x5></dataPoint>
        <dataPoint><x1>1.081400e+002</x1><x2>1.931287E-01</x2><x3>4.841228E-01</x3><x4>3.227485E-01</x4><x5>5.60884546939921</x5></dataPoint>
        <dataPoint><x1>1.216193e+002</x1><x2>2.303945E-01</x2><x3>4.617633E-01</x3><x4>3.078422E-01</x4><x5>6.26112081266805</x5></dataPoint>
        <dataPoint><x1>1.148797e+002</x1><x2>2.644057E-01</x2><x3>4.413566E-01</x3><x4>2.942377E-01</x4><x5>5.93437967944629</x5></dataPoint>
        <dataPoint><x1>9.645514e+001</x1><x2>2.953593E-01</x2><x3>4.227844E-01</x3><x4>2.818563E-01</x4><x5>5.04801778727542</x5></dataPoint>
        <dataPoint><x1>6.778993e+001</x1><x2>3.240105E-01</x2><x3>4.055937E-01</x3><x4>2.703958E-01</x4><x5>3.70299676250361</x5></dataPoint>
    </dataGroup>
</experiment>
