<experiment>
    <fileAuthor>Chemical Kinetics Laboratory, Institute of Chemistry, ELTE, Budapest, Hungary</fileAuthor>
    <fileDOI>10.24388/x20004020</fileDOI>
    <fileVersion>
        <major>1</major>
        <minor>0</minor>
    </fileVersion>
    <ReSpecThVersion>
        <major>2</major>
        <minor>3</minor>
    </ReSpecThVersion>
    <firstPublicationDate>2021-10-29</firstPublicationDate>
    <lastModificationDate>2021-10-29</lastModificationDate>
    <bibliographyLink>
        <description>G. Rozenchan, D.L. Zhu, C.K. Law, S.D. Tse, Proceedings of the Combustion Institute 29 (2002), 1461--1470</description>
        <referenceDOI>10.1016/S1540-7489(02)80179-1</referenceDOI>
        <location>Main article, Fig. 2a, circle</location>
        <figure>Figure 2a</figure>
        <details>
            <author>G. Rozenchan and D.L. Zhu and C.K. Law and S.D. Tse</author>
            <journal>Proceedings of the Combustion Institute</journal>
            <month>jan</month>
            <number>2</number>
            <pages>1461--1470</pages>
            <publisher>Elsevier {BV}</publisher>
            <title>Outward propagation, burning velocities, and chemical effects of methane flames up to 60 {ATM}</title>
            <volume>29</volume>
            <year>2002</year>
        </details>
    </bibliographyLink>
    <experimentType>laminar burning velocity measurement</experimentType>
    <apparatus>
        <kind>flame</kind>
        <mode>premixed</mode>
        <mode>laminar</mode>
    </apparatus>
    <commonProperties>
        <property name="pressure"     label="P"  sourcetype="reported"  units="atm" ><value>1.0</value></property>
        <property name="temperature"  label="T"  sourcetype="reported"  units="K"   ><value>298</value></property>
    </commonProperties>
    <dataGroup id="dg1">
        <property name="laminar burning velocity"      id="x1"   label="Sl"     sourcetype="digitized"  units="cm/s"          />
        <property name="composition"                   id="x2"   label="[CH4]"  sourcetype="digitized"  units="mole fraction" >
            <speciesLink preferredKey="CH4"  CAS="74-82-8"    InChI="1S/CH4/h1H4"  SMILES="C"    chemName="methane"  />
        </property>
        <property name="composition"                   id="x3"   label="[O2]"   sourcetype="digitized"  units="mole fraction" >
            <speciesLink preferredKey="O2"   CAS="7782-44-7"  InChI="1S/O2/c1-2"   SMILES="O=O"  chemName="oxygen"   />
        </property>
        <property name="composition"                   id="x4"   label="[N2]"   sourcetype="digitized"  units="mole fraction" >
            <speciesLink preferredKey="N2"   CAS="7727-37-9"  InChI="1S/N2/c1-2"   SMILES="N#N"  chemName="nitrogen" />
        </property>
        <property name="evaluated standard deviation"  id="x5"   sourcetype="estimated"  units="cm/s"           reference="laminar burning velocity"  kind="absolute"  method="combined from scatter and estimated uncertainty" />

        <dataPoint><x1>7.748520e+000</x1><x2>5.985531e-002</x2><x3>1.994246e-001</x3><x4>7.407201e-001</x4><x5>1.04774891630581</x5></dataPoint>
        <dataPoint><x1>1.502328e+001</x1><x2>6.914635e-002</x2><x3>1.974538e-001</x3><x4>7.333998e-001</x4><x5>1.22960409931002</x5></dataPoint>
        <dataPoint><x1>2.481121e+001</x1><x2>7.825014e-002</x2><x3>1.955227e-001</x3><x4>7.262272e-001</x4><x5>1.57691763903644</x5></dataPoint>
        <dataPoint><x1>3.289986e+001</x1><x2>8.707948e-002</x2><x3>1.936498e-001</x3><x4>7.192707e-001</x4><x5>1.91146039880323</x5></dataPoint>
        <dataPoint><x1>3.568384e+001</x1><x2>9.586960e-002</x2><x3>1.917852e-001</x3><x4>7.123452e-001</x4><x5>2.03249107722715</x5></dataPoint>
        <dataPoint><x1>3.859165e+001</x1><x2>1.043772e-001</x2><x3>1.899806e-001</x3><x4>7.056422e-001</x4><x5>2.16124212212567</x5></dataPoint>
        <dataPoint><x1>3.489703e+001</x1><x2>1.128365e-001</x2><x3>1.881862e-001</x3><x4>6.989773e-001</x4><x5>1.99804545573825</x5></dataPoint>
        <dataPoint><x1>2.629966e+001</x1><x2>1.211480e-001</x2><x3>1.864231e-001</x3><x4>6.924288e-001</x4><x5>1.63611099147735</x5></dataPoint>
    </dataGroup>
</experiment>
