<experiment>
    <fileAuthor>Chemical Kinetics Laboratory, Institute of Chemistry, ELTE, Budapest, Hungary</fileAuthor>
    <fileDOI>10.24388/x20004085</fileDOI>
    <fileVersion>
        <major>1</major>
        <minor>0</minor>
    </fileVersion>
    <ReSpecThVersion>
        <major>2</major>
        <minor>3</minor>
    </ReSpecThVersion>
    <firstPublicationDate>2021-10-29</firstPublicationDate>
    <lastModificationDate>2021-10-29</lastModificationDate>
    <bibliographyLink>
        <description>Y. OGAMI, H. KOBAYASHI, JSME International Journal Series B Fluids and Thermal Engineering 48 (2005), 603--609</description>
        <referenceDOI>10.1299/jsmeb.48.603</referenceDOI>
        <location>Main article, Fig. 8a, full circle</location>
        <figure>Figure 8a</figure>
        <details>
            <author>Yasuhiro OGAMI and Hideaki KOBAYASHI</author>
            <journal>JSME International Journal Series B Fluids and Thermal Engineering</journal>
            <number>3</number>
            <pages>603--609</pages>
            <publisher>Japan Society of Mechanical Engineers</publisher>
            <title>Laminar Burning Velocity of Stoichiometric {CH}4/air Premixed Flames at High-Pressure and High-Temperature</title>
            <volume>48</volume>
            <year>2005</year>
        </details>
    </bibliographyLink>
    <experimentType>laminar burning velocity measurement</experimentType>
    <apparatus>
        <kind>flame</kind>
        <mode>premixed</mode>
        <mode>laminar</mode>
    </apparatus>
    <commonProperties>
        <property name="temperature"          label="T"  sourcetype="reported"  units="K"             ><value>298</value></property>
        <property name="initial composition"  sourcetype="reported" >
            <component><speciesLink preferredKey="CH4"  CAS="74-82-8"    InChI="1S/CH4/h1H4"  SMILES="C"     chemName="methane"  /><amount units="mole fraction" >0.08630</amount></component>
            <component><speciesLink preferredKey="O2"   CAS="7782-44-7"  InChI="1S/O2/c1-2"   SMILES="O=O"   chemName="oxygen"   /><amount units="mole fraction" >0.17260</amount></component>
            <component><speciesLink preferredKey="N2"   CAS="7727-37-9"  InChI="1S/N2/c1-2"   SMILES="N#N"   chemName="nitrogen" /><amount units="mole fraction" >0.64110</amount></component>
            <component><speciesLink preferredKey="He"   CAS="7440-59-7"  InChI="1S/He"        SMILES="[He]"  chemName="helium"   /><amount units="mole fraction" >0.1</amount></component>
        </property>
    </commonProperties>
    <dataGroup id="dg1">
        <property name="pressure"                      id="x1"   label="P"   sourcetype="digitized"  units="Pa"   />
        <property name="laminar burning velocity"      id="x2"   label="Sl"  sourcetype="digitized"  units="cm/s" />
        <property name="evaluated standard deviation"  id="x3"   sourcetype="estimated"  units="cm/s"  reference="laminar burning velocity"  kind="absolute"  method="combined from scatter and estimated uncertainty" />

        <dataPoint><x1>1.000000e+005</x1><x2>3.205128e+001</x2>  <x3>1.9486702808947</x3></dataPoint>
        <dataPoint><x1>1.995900e+005</x1><x2>2.602291e+001</x2> <x3>1.59279067252077</x3></dataPoint>
        <dataPoint><x1>3.002700e+005</x1><x2>2.059465e+001</x2> <x3>1.27514472746626</x3></dataPoint>
        <dataPoint><x1>5.004400e+005</x1><x2>1.500273e+001</x2><x3>0.953617508110269</x3></dataPoint>
        <dataPoint><x1>6.996500e+005</x1><x2>1.192035e+001</x2><x3>0.781429820127822</x3></dataPoint>
        <dataPoint><x1>9.992300e+005</x1><x2>9.847240e+000</x2><x3>0.669460060920261</x3></dataPoint>
    </dataGroup>
</experiment>
