<experiment>
    <fileAuthor>Chemical Kinetics Laboratory, Institute of Chemistry, ELTE, Budapest, Hungary</fileAuthor>
    <fileDOI>10.24388/x20004114</fileDOI>
    <fileVersion>
        <major>1</major>
        <minor>0</minor>
    </fileVersion>
    <ReSpecThVersion>
        <major>2</major>
        <minor>3</minor>
    </ReSpecThVersion>
    <firstPublicationDate>2021-10-29</firstPublicationDate>
    <lastModificationDate>2021-10-29</lastModificationDate>
    <bibliographyLink>
        <description>F. COPPENS, J. DERUYCK, A. KONNOV, Combustion and Flame 149 (2007), 409--417</description>
        <referenceDOI>10.1016/j.combustflame.2007.02.004</referenceDOI>
        <location>Main article, Fig. 3, full triangle</location>
        <figure>Figure 3</figure>
        <details>
            <author>F COPPENS and J DERUYCK and A KONNOV</author>
            <journal>Combustion and Flame</journal>
            <month>jun</month>
            <number>4</number>
            <pages>409--417</pages>
            <publisher>Elsevier {BV}</publisher>
            <title>The effects of composition on burning velocity and nitric oxide formation in laminar premixed flames of {CH}4 $\mathplus$ H2 $\mathplus$ O2 $\mathplus$ N2</title>
            <volume>149</volume>
            <year>2007</year>
        </details>
    </bibliographyLink>
    <experimentType>laminar burning velocity measurement</experimentType>
    <apparatus>
        <kind>flame</kind>
        <mode>premixed</mode>
        <mode>laminar</mode>
    </apparatus>
    <commonProperties>
        <property name="pressure"                      label="P"  sourcetype="reported"   units="atm"  ><value>1</value></property>
        <property name="temperature"                   label="T"  sourcetype="reported"   units="K"    ><value>298</value></property>
        <property name="evaluated standard deviation"  sourcetype="estimated"  units="cm/s"  reference="laminar burning velocity"  kind="absolute"  method="generic uncertainty" ><value>0.5</value></property>
    </commonProperties>
    <dataGroup id="dg1">
        <property name="laminar burning velocity"  id="x1"   label="Sl"     sourcetype="digitized"  units="cm/s"          />
        <property name="composition"               id="x2"   label="[CH4]"  sourcetype="digitized"  units="mole fraction" >
            <speciesLink preferredKey="CH4"  CAS="74-82-8"    InChI="1S/CH4/h1H4"  SMILES="C"     chemName="methane"  />
        </property>
        <property name="composition"               id="x3"   label="[O2]"   sourcetype="digitized"  units="mole fraction" >
            <speciesLink preferredKey="O2"   CAS="7782-44-7"  InChI="1S/O2/c1-2"   SMILES="O=O"   chemName="oxygen"   />
        </property>
        <property name="composition"               id="x4"   label="[N2]"   sourcetype="digitized"  units="mole fraction" >
            <speciesLink preferredKey="N2"   CAS="7727-37-9"  InChI="1S/N2/c1-2"   SMILES="N#N"   chemName="nitrogen" />
        </property>
        <property name="composition"               id="x5"   label="[H2]"   sourcetype="digitized"  units="mole fraction" >
            <speciesLink preferredKey="H2"   CAS="1333-74-0"  InChI="1S/H2/h1H"    SMILES="[HH]"  chemName="hydrogen" />
        </property>

        <dataPoint><x1>1.290643e+001</x1><x2>6.621595e-002</x2><x3>1.488478e-001</x3><x4>7.814512e-001</x4><x5>3.485050e-003</x5></dataPoint>
        <dataPoint><x1>1.467362e+001</x1><x2>6.958236e-002</x2><x3>1.482809e-001</x3><x4>7.784745e-001</x4><x5>3.662229e-003</x5></dataPoint>
        <dataPoint><x1>1.606354e+001</x1><x2>7.292524e-002</x2><x3>1.477179e-001</x3><x4>7.755187e-001</x4><x5>3.838170e-003</x5></dataPoint>
        <dataPoint><x1>1.708613e+001</x1><x2>7.624550e-002</x2><x3>1.471587e-001</x3><x4>7.725829e-001</x4><x5>4.012921e-003</x5></dataPoint>
        <dataPoint><x1>1.730454e+001</x1><x2>7.955994e-002</x2><x3>1.466004e-001</x3><x4>7.696523e-001</x4><x5>4.187365e-003</x5></dataPoint>
        <dataPoint><x1>1.670886e+001</x1><x2>8.291314e-002</x2><x3>1.460357e-001</x3><x4>7.666873e-001</x4><x5>4.363850e-003</x5></dataPoint>
        <dataPoint><x1>1.531894e+001</x1><x2>8.617272e-002</x2><x3>1.454867e-001</x3><x4>7.638052e-001</x4><x5>4.535406e-003</x5></dataPoint>
        <dataPoint><x1>1.312484e+001</x1><x2>8.949923e-002</x2><x3>1.449264e-001</x3><x4>7.608638e-001</x4><x5>4.710486e-003</x5></dataPoint>
    </dataGroup>
</experiment>
