<experiment>
    <fileAuthor>Chemical Kinetics Laboratory, Institute of Chemistry, ELTE, Budapest, Hungary</fileAuthor>
    <fileDOI>10.24388/x20004416</fileDOI>
    <fileVersion>
        <major>1</major>
        <minor>0</minor>
    </fileVersion>
    <ReSpecThVersion>
        <major>2</major>
        <minor>3</minor>
    </ReSpecThVersion>
    <firstPublicationDate>2021-10-29</firstPublicationDate>
    <lastModificationDate>2021-10-29</lastModificationDate>
    <bibliographyLink>
        <description>T.M. Vu, W.S. Song, J. Park, D.S. Bae, H.S. You, International Journal of Hydrogen Energy 36 (2011), 12058--12067</description>
        <referenceDOI>10.1016/j.ijhydene.2011.06.082</referenceDOI>
        <location>Main article</location>
        <figure>Fig. 3., full triangle</figure>
        <details>
            <author>Tran Manh Vu and Won Sik Song and Jeong Park and Dae Seok Bae and Hyun Seok You</author>
            <journal>International Journal of Hydrogen Energy</journal>
            <month>sep</month>
            <number>18</number>
            <pages>12058--12067</pages>
            <publisher>Elsevier {BV}</publisher>
            <title>Measurements of propagation speeds and flame instabilities in biomass derived gas{\textendash}air premixed flames</title>
            <volume>36</volume>
            <year>2011</year>
        </details>
    </bibliographyLink>
    <experimentType>laminar burning velocity measurement</experimentType>
    <apparatus>
        <kind>flame</kind>
        <mode>premixed</mode>
        <mode>laminar</mode>
    </apparatus>
    <commonProperties>
        <property name="pressure"     label="P"  sourcetype="reported"  units="Pa" ><value>0.1e+006</value></property>
        <property name="temperature"  label="T"  sourcetype="reported"  units="K"  ><value>298</value></property>
    </commonProperties>
    <dataGroup id="dg1">
        <property name="laminar burning velocity"      id="x1"   label="Sl"     sourcetype="digitized"   units="cm/s"          />
        <property name="composition"                   id="x2"   label="[CH4]"  sourcetype="calculated"  units="mole fraction" >
            <speciesLink preferredKey="CH4"  CAS="74-82-8"    InChI="1S/CH4/h1H4"    SMILES="C"          chemName="methane"         />
        </property>
        <property name="composition"                   id="x3"   label="[O2]"   sourcetype="calculated"  units="mole fraction" >
            <speciesLink preferredKey="O2"   CAS="7782-44-7"  InChI="1S/O2/c1-2"     SMILES="O=O"        chemName="oxygen"          />
        </property>
        <property name="composition"                   id="x4"   label="[N2]"   sourcetype="calculated"  units="mole fraction" >
            <speciesLink preferredKey="N2"   CAS="7727-37-9"  InChI="1S/N2/c1-2"     SMILES="N#N"        chemName="nitrogen"        />
        </property>
        <property name="composition"                   id="x5"   label="[H2]"   sourcetype="calculated"  units="mole fraction" >
            <speciesLink preferredKey="H2"   CAS="1333-74-0"  InChI="1S/H2/h1H"      SMILES="[HH]"       chemName="hydrogen"        />
        </property>
        <property name="composition"                   id="x6"   label="[CO]"   sourcetype="calculated"  units="mole fraction" >
            <speciesLink preferredKey="CO"   CAS="630-08-0"   InChI="1S/CO/c1-2"     SMILES="[C-]#[O+]"  chemName="carbon monoxide" />
        </property>
        <property name="composition"                   id="x7"   label="[CO2]"  sourcetype="calculated"  units="mole fraction" >
            <speciesLink preferredKey="CO2"  CAS="124-38-9"   InChI="1S/CO2/c2-1-3"  SMILES="C(=O)=O"    chemName="carbon dioxide"  />
        </property>
        <property name="evaluated standard deviation"  id="x8"   sourcetype="estimated"   units="cm/s"           reference="laminar burning velocity"  kind="absolute"  method="combined from scatter and estimated uncertainty" />

        <dataPoint><x1>3.603090e+001</x1><x2>1.908180e-002</x2><x3>1.769242e-001</x3><x4>6.632865e-001</x4><x5>9.806385e-002</x5><x6>3.268795e-002</x6><x7>9.955721e-003</x7><x8>2.21400196240315</x8></dataPoint>
        <dataPoint><x1>7.206179e+001</x1><x2>2.410894e-002</x2><x3>1.676515e-001</x3><x4>6.304623e-001</x4><x5>1.238990e-001</x5><x6>4.129967e-002</x6><x7>1.257858e-002</x7><x8>3.82602852152336</x8></dataPoint>
        <dataPoint><x1>1.065241e+002</x1><x2>2.863538e-002</x2><x3>1.593023e-001</x3><x4>6.009075e-001</x4><x5>1.471609e-001</x5><x6>4.905365e-002</x6><x7>1.494020e-002</x7> <x8>5.4794799027394</x8></dataPoint>
        <dataPoint><x1>1.297683e+002</x1><x2>3.273236e-002</x2><x3>1.517453e-001</x3><x4>5.741568e-001</x4><x5>1.682159e-001</x5><x6>5.607195e-002</x6><x7>1.707775e-002</x7><x8>6.61481439760217</x8></dataPoint>
        <dataPoint><x1>1.351872e+002</x1><x2>3.645824e-002</x2><x3>1.448728e-001</x3><x4>5.498291e-001</x4><x5>1.873636e-001</x5><x6>6.245455e-002</x6><x7>1.902169e-002</x7><x8>6.88078396057455</x8></dataPoint>
        <dataPoint><x1>1.286275e+002</x1><x2>3.986125e-002</x2><x3>1.385958e-001</x3><x4>5.276095e-001</x4><x5>2.048522e-001</x5><x6>6.828406e-002</x6><x7>2.079718e-002</x7><x8>6.55887373663535</x8></dataPoint>
        <dataPoint><x1>1.026738e+002</x1><x2>4.298163e-002</x2><x3>1.328402e-001</x3><x4>5.072354e-001</x4><x5>2.208882e-001</x5><x6>7.362939e-002</x6><x7>2.242520e-002</x7><x8>5.29254318060798</x8></dataPoint>
        <dataPoint><x1>7.087344e+001</x1><x2>4.585317e-002</x2><x3>1.275436e-001</x3><x4>4.884860e-001</x4><x5>2.356454e-001</x5><x6>7.854846e-002</x6><x7>2.392339e-002</x7><x8>3.77012619763371</x8></dataPoint>
    </dataGroup>
</experiment>
