<experiment>
    <fileAuthor>Chemical Kinetics Laboratory, Institute of Chemistry, ELTE, Budapest, Hungary</fileAuthor>
    <fileDOI>10.24388/x20001162</fileDOI>
    <fileVersion>
        <major>2</major>
        <minor>0</minor>
    </fileVersion>
    <ReSpecThVersion>
        <major>2</major>
        <minor>3</minor>
    </ReSpecThVersion>
    <firstPublicationDate>2014-06-24</firstPublicationDate>
    <lastModificationDate>2020-11-18</lastModificationDate>
    <bibliographyLink>
        <description>X. Zhang; Z. Huang; Z. Zhang; J. Zheng; W. Yu; D. Jiang, International Journal of Hydrogen Energy 2009, 34, (11), 4862-4875.</description>
        <referenceDOI>10.1016/j.ijhydene.2009.03.046</referenceDOI>
        <location>Main Article</location>
        <figure>Fig. 20b, open circle, H2/CO = 67/33, CO2 dilution, dilution ratio 0.1.</figure>
        <details>
            <author>Zhang, Xuan and Huang, Zuohua and Zhang, Zhiyuan and Zheng, Jianjun and Yu, Wu and Jiang, Deming</author>
            <journal>Int J Hydrogen Energy</journal>
            <number>11</number>
            <pages>4862--4875</pages>
            <title>Measurements of laminar burning velocities and flame stability analysis for dissociated methanol-air-diluent mixtures at elevated temperatures and pressures</title>
            <volume>34</volume>
            <year>2009</year>
        </details>
    </bibliographyLink>
    <experimentType>laminar burning velocity measurement</experimentType>
    <apparatus>
        <kind>flame</kind>
        <mode>premixed</mode>
        <mode>laminar</mode>
    </apparatus>
    <commonProperties>
        <property name="temperature"                   label="T"  sourcetype="reported"   units="K"    ><value>310</value></property>
        <property name="pressure"                      label="P"  sourcetype="reported"   units="MPa"  ><value>0.1</value></property>
        <property name="evaluated standard deviation"  sourcetype="estimated"  units="cm/s"  reference="laminar burning velocity"  kind="absolute"  method="statistical scatter" ><value>7.0</value></property>
    </commonProperties>
    <dataGroup id="dg1">
        <property name="laminar burning velocity"  id="x1"   label="Sl"     sourcetype="digitized"   units="cm/s"          />
        <property name="composition"               id="x2"   label="[H2]"   sourcetype="calculated"  units="mole fraction" >
            <speciesLink preferredKey="H2"   CAS="1333-74-0"  InChI="1S/H2/h1H"      SMILES="[HH]"       chemName="hydrogen"        />
        </property>
        <property name="composition"               id="x3"   label="[CO]"   sourcetype="calculated"  units="mole fraction" >
            <speciesLink preferredKey="CO"   CAS="630-08-0"   InChI="1S/CO/c1-2"     SMILES="[C-]#[O+]"  chemName="carbon monoxide" />
        </property>
        <property name="composition"               id="x4"   label="[O2]"   sourcetype="calculated"  units="mole fraction" >
            <speciesLink preferredKey="O2"   CAS="7782-44-7"  InChI="1S/O2/c1-2"     SMILES="O=O"        chemName="oxygen"          />
        </property>
        <property name="composition"               id="x5"   label="[N2]"   sourcetype="calculated"  units="mole fraction" >
            <speciesLink preferredKey="N2"   CAS="7727-37-9"  InChI="1S/N2/c1-2"     SMILES="N#N"        chemName="nitrogen"        />
        </property>
        <property name="composition"               id="x6"   label="[CO2]"  sourcetype="calculated"  units="mole fraction" >
            <speciesLink preferredKey="CO2"  CAS="124-38-9"   InChI="1S/CO2/c2-1-3"  SMILES="C(=O)=O"    chemName="carbon dioxide"  />
        </property>

        <dataPoint><x1>3.920000e+001</x1><x2>1.208700e-001</x2><x3>6.034000e-002</x3><x4>1.510100e-001</x4><x5>5.677900e-001</x5><x6>1.000000e-001</x6></dataPoint>
        <dataPoint><x1>7.019000e+001</x1><x2>1.510200e-001</x2><x3>7.540000e-002</x3><x4>1.415100e-001</x4><x5>5.320800e-001</x5><x6>1.000000e-001</x6></dataPoint>
        <dataPoint><x1>8.333000e+001</x1><x2>1.776000e-001</x2><x3>8.867000e-002</x3><x4>1.331400e-001</x4><x5>5.005900e-001</x5><x6>1.000000e-001</x6></dataPoint>
        <dataPoint><x1>1.241800e+002</x1><x2>2.012200e-001</x2><x3>1.004600e-001</x3><x4>1.257000e-001</x4><x5>4.726300e-001</x5><x6>1.000000e-001</x6></dataPoint>
        <dataPoint><x1>1.340400e+002</x1><x2>2.223300e-001</x2><x3>1.110000e-001</x3><x4>1.190500e-001</x4><x5>4.476200e-001</x5><x6>1.000000e-001</x6></dataPoint>
        <dataPoint><x1>1.424900e+002</x1><x2>2.413300e-001</x2><x3>1.204800e-001</x3><x4>1.130700e-001</x4><x5>4.251300e-001</x5><x6>1.000000e-001</x6></dataPoint>
        <dataPoint><x1>1.424900e+002</x1><x2>2.585000e-001</x2><x3>1.290600e-001</x3><x4>1.076600e-001</x4><x5>4.047800e-001</x5><x6>1.000000e-001</x6></dataPoint>
        <dataPoint><x1>1.448400e+002</x1><x2>2.741100e-001</x2><x3>1.368500e-001</x3><x4>1.027400e-001</x4><x5>3.863000e-001</x5><x6>1.000000e-001</x6></dataPoint>
        <dataPoint><x1>1.105600e+002</x1><x2>3.075300e-001</x2><x3>1.535300e-001</x3><x4>9.221000e-002</x4><x5>3.467200e-001</x5><x6>1.000000e-001</x6></dataPoint>
        <dataPoint><x1>8.897000e+001</x1><x2>3.347400e-001</x2><x3>1.671200e-001</x3><x4>8.364000e-002</x4><x5>3.145000e-001</x5><x6>1.000000e-001</x6></dataPoint>
        <dataPoint><x1>6.643000e+001</x1><x2>3.573200e-001</x2><x3>1.783900e-001</x3><x4>7.653000e-002</x4><x5>2.877600e-001</x5><x6>1.000000e-001</x6></dataPoint>
    </dataGroup>
</experiment>
