<experiment>
    <fileAuthor>Chemical Kinetics Laboratory, Institute of Chemistry, ELTE, Budapest, Hungary</fileAuthor>
    <fileDOI>10.24388/x20001077</fileDOI>
    <fileVersion>
        <major>2</major>
        <minor>0</minor>
    </fileVersion>
    <ReSpecThVersion>
        <major>2</major>
        <minor>3</minor>
    </ReSpecThVersion>
    <firstPublicationDate>2014-06-24</firstPublicationDate>
    <lastModificationDate>2020-11-18</lastModificationDate>
    <bibliographyLink>
        <description>J. Natarajan; T. Lieuwen; J. Seitzman, Combustion and Flame 2007, 151, (1-2), 104-119.</description>
        <referenceDOI>10.1016/j.combustflame.2007.05.003</referenceDOI>
        <location>Main Article</location>
        <figure>Fig. 12, H2/CO = 5/95, 0% CO2 dilution, green square.</figure>
        <details>
            <author>Natarajan, J and Lieuwen, T and Seitzman, J</author>
            <journal>Combust Flame</journal>
            <number>1--2</number>
            <pages>104--119</pages>
            <title>Laminar flame speeds of H$_{2}$/CO mixtures: Effect of CO$_{2}$ dilution, preheat temperature, and pressure</title>
            <volume>151</volume>
            <year>2007</year>
        </details>
    </bibliographyLink>
    <experimentType>laminar burning velocity measurement</experimentType>
    <apparatus>
        <kind>flame</kind>
        <mode>premixed</mode>
        <mode>laminar</mode>
    </apparatus>
    <commonProperties>
        <property name="temperature"                   label="T"  sourcetype="reported"   units="K"    ><value>500</value></property>
        <property name="pressure"                      label="P"  sourcetype="reported"   units="atm"  ><value>1</value></property>
        <property name="evaluated standard deviation"  sourcetype="estimated"  units="cm/s"  reference="laminar burning velocity"  kind="absolute"  method="generic uncertainty" ><value>2.0</value></property>
    </commonProperties>
    <dataGroup id="dg1">
        <property name="laminar burning velocity"  id="x1"   label="Sl"     sourcetype="digitized"   units="cm/s"          />
        <property name="composition"               id="x2"   label="[CO]"   sourcetype="calculated"  units="mole fraction" >
            <speciesLink preferredKey="CO"   CAS="630-08-0"   InChI="1S/CO/c1-2"     SMILES="[C-]#[O+]"  chemName="carbon monoxide" />
        </property>
        <property name="composition"               id="x3"   label="[H2]"   sourcetype="calculated"  units="mole fraction" >
            <speciesLink preferredKey="H2"   CAS="1333-74-0"  InChI="1S/H2/h1H"      SMILES="[HH]"       chemName="hydrogen"        />
        </property>
        <property name="composition"               id="x4"   label="[O2]"   sourcetype="calculated"  units="mole fraction" >
            <speciesLink preferredKey="O2"   CAS="7782-44-7"  InChI="1S/O2/c1-2"     SMILES="O=O"        chemName="oxygen"          />
        </property>
        <property name="composition"               id="x5"   label="[N2]"   sourcetype="calculated"  units="mole fraction" >
            <speciesLink preferredKey="N2"   CAS="7727-37-9"  InChI="1S/N2/c1-2"     SMILES="N#N"        chemName="nitrogen"        />
        </property>
        <property name="composition"               id="x6"   label="[CO2]"  sourcetype="calculated"  units="mole fraction" >
            <speciesLink preferredKey="CO2"  CAS="124-38-9"   InChI="1S/CO2/c2-1-3"  SMILES="C(=O)=O"    chemName="carbon dioxide"  />
        </property>

        <dataPoint><x1>4.768210e+001</x1><x2>1.890000e-001</x2><x3>9.900000e-003</x3><x4>1.683000e-001</x4><x5>6.328000e-001</x5><x6>0.000000e+000</x6></dataPoint>
        <dataPoint><x1>5.165560e+001</x1><x2>1.944000e-001</x2><x3>1.020000e-002</x3><x4>1.671000e-001</x4><x5>6.283000e-001</x5><x6>0.000000e+000</x6></dataPoint>
        <dataPoint><x1>5.880790e+001</x1><x2>2.082000e-001</x2><x3>1.100000e-002</x3><x4>1.641000e-001</x4><x5>6.168000e-001</x5><x6>0.000000e+000</x6></dataPoint>
        <dataPoint><x1>6.715230e+001</x1><x2>2.179000e-001</x2><x3>1.150000e-002</x3><x4>1.619000e-001</x4><x5>6.088000e-001</x5><x6>0.000000e+000</x6></dataPoint>
        <dataPoint><x1>7.033110e+001</x1><x2>2.289000e-001</x2><x3>1.200000e-002</x3><x4>1.595000e-001</x4><x5>5.996000e-001</x5><x6>0.000000e+000</x6></dataPoint>
        <dataPoint><x1>7.350990e+001</x1><x2>2.315000e-001</x2><x3>1.220000e-002</x3><x4>1.589000e-001</x4><x5>5.974000e-001</x5><x6>0.000000e+000</x6></dataPoint>
        <dataPoint><x1>8.026490e+001</x1><x2>2.439000e-001</x2><x3>1.280000e-002</x3><x4>1.561000e-001</x4><x5>5.871000e-001</x5><x6>0.000000e+000</x6></dataPoint>
        <dataPoint><x1>8.582780e+001</x1><x2>2.554000e-001</x2><x3>1.340000e-002</x3><x4>1.536000e-001</x4><x5>5.775000e-001</x5><x6>0.000000e+000</x6></dataPoint>
        <dataPoint><x1>9.019870e+001</x1><x2>2.659000e-001</x2><x3>1.400000e-002</x3><x4>1.513000e-001</x4><x5>5.688000e-001</x5><x6>0.000000e+000</x6></dataPoint>
    </dataGroup>
</experiment>
