<experiment>
    <fileAuthor>Chemical Kinetics Laboratory, Institute of Chemistry, ELTE, Budapest, Hungary</fileAuthor>
    <fileDOI>10.24388/x20001121</fileDOI>
    <fileVersion>
        <major>2</major>
        <minor>0</minor>
    </fileVersion>
    <ReSpecThVersion>
        <major>2</major>
        <minor>3</minor>
    </ReSpecThVersion>
    <firstPublicationDate>2014-06-24</firstPublicationDate>
    <lastModificationDate>2020-11-18</lastModificationDate>
    <bibliographyLink>
        <description>B. Lewis; G. von Elbe, Combustion, Flames and Explosions of Gases. 2nd ed.; Academic Press: New York and London, 1961.</description>
        <location>Main Article</location>
        <figure>Fig. 191, CO/O2/N2/H2O, f = 0.985.</figure>
        <details>
            <address>Oldenbourg, Berlin</address>
            <author>Jahn, Georg</author>
            <school>Berlin</school>
            <title>Der Z{\"{u}}ndvorgang in Gasgemischen</title>
            <type>Dissertation</type>
            <year>1934</year>
        </details>
    </bibliographyLink>
    <experimentType>laminar burning velocity measurement</experimentType>
    <apparatus>
        <kind>flame</kind>
        <mode>premixed</mode>
        <mode>laminar</mode>
    </apparatus>
    <commonProperties>
        <property name="temperature"                   label="T"  sourcetype="reported"   units="K"    ><value>298</value></property>
        <property name="pressure"                      label="P"  sourcetype="reported"   units="atm"  ><value>1</value></property>
        <property name="evaluated standard deviation"  sourcetype="estimated"  units="cm/s"  reference="laminar burning velocity"  kind="absolute"  method="generic uncertainty" ><value>2.0</value></property>
    </commonProperties>
    <dataGroup id="dg1">
        <property name="laminar burning velocity"  id="x1"   label="Sl"     sourcetype="digitized"   units="cm/s"          />
        <property name="composition"               id="x2"   label="[CO]"   sourcetype="calculated"  units="mole fraction" >
            <speciesLink preferredKey="CO"   CAS="630-08-0"   InChI="1S/CO/c1-2"   SMILES="[C-]#[O+]"  chemName="carbon monoxide" />
        </property>
        <property name="composition"               id="x3"   label="[O2]"   sourcetype="calculated"  units="mole fraction" >
            <speciesLink preferredKey="O2"   CAS="7782-44-7"  InChI="1S/O2/c1-2"   SMILES="O=O"        chemName="oxygen"          />
        </property>
        <property name="composition"               id="x4"   label="[N2]"   sourcetype="calculated"  units="mole fraction" >
            <speciesLink preferredKey="N2"   CAS="7727-37-9"  InChI="1S/N2/c1-2"   SMILES="N#N"        chemName="nitrogen"        />
        </property>
        <property name="composition"               id="x5"   label="[H2O]"  sourcetype="calculated"  units="mole fraction" >
            <speciesLink preferredKey="H2O"  CAS="7732-18-5"  InChI="1S/H2O/h1H2"  SMILES="O"          chemName="water"           />
        </property>

        <dataPoint><x1>4.562000e+001</x1><x2>3.692800e-001</x2><x3>6.162800e-001</x3><x4>9.380000e-003</x4><x5>5.050000e-003</x5></dataPoint>
        <dataPoint><x1>5.718000e+001</x1><x2>4.655200e-001</x2><x3>5.201900e-001</x3><x4>7.920000e-003</x4><x5>6.370000e-003</x5></dataPoint>
        <dataPoint><x1>6.729000e+001</x1><x2>5.657500e-001</x2><x3>4.201100e-001</x3><x4>6.400000e-003</x4><x5>7.740000e-003</x5></dataPoint>
        <dataPoint><x1>7.031000e+001</x1><x2>6.173700e-001</x2><x3>3.685700e-001</x3><x4>5.610000e-003</x4><x5>8.450000e-003</x5></dataPoint>
        <dataPoint><x1>7.072000e+001</x1><x2>6.531300e-001</x2><x3>3.328600e-001</x3><x4>5.070000e-003</x4><x5>8.940000e-003</x5></dataPoint>
        <dataPoint><x1>7.218000e+001</x1><x2>6.849100e-001</x2><x3>3.011300e-001</x3><x4>4.590000e-003</x4><x5>9.370000e-003</x5></dataPoint>
        <dataPoint><x1>7.415000e+001</x1><x2>7.087300e-001</x2><x3>2.773500e-001</x3><x4>4.220000e-003</x4><x5>9.700000e-003</x5></dataPoint>
        <dataPoint><x1>7.290000e+001</x1><x2>7.286100e-001</x2><x3>2.575000e-001</x3><x4>3.920000e-003</x4><x5>9.970000e-003</x5></dataPoint>
        <dataPoint><x1>7.373000e+001</x1><x2>7.464800e-001</x2><x3>2.396500e-001</x3><x4>3.650000e-003</x4><x5>1.022000e-002</x5></dataPoint>
        <dataPoint><x1>7.342000e+001</x1><x2>7.643700e-001</x2><x3>2.217900e-001</x3><x4>3.380000e-003</x4><x5>1.046000e-002</x5></dataPoint>
        <dataPoint><x1>7.279000e+001</x1><x2>7.802700e-001</x2><x3>2.059100e-001</x3><x4>3.140000e-003</x4><x5>1.068000e-002</x5></dataPoint>
        <dataPoint><x1>6.976000e+001</x1><x2>8.081200e-001</x2><x3>1.781100e-001</x3><x4>2.710000e-003</x4><x5>1.106000e-002</x5></dataPoint>
        <dataPoint><x1>6.872000e+001</x1><x2>8.230400e-001</x2><x3>1.632200e-001</x3><x4>2.490000e-003</x4><x5>1.126000e-002</x5></dataPoint>
        <dataPoint><x1>6.371000e+001</x1><x2>8.439500e-001</x2><x3>1.423300e-001</x3><x4>2.170000e-003</x4><x5>1.155000e-002</x5></dataPoint>
        <dataPoint><x1>5.839000e+001</x1><x2>8.658700e-001</x2><x3>1.204500e-001</x3><x4>1.830000e-003</x4><x5>1.185000e-002</x5></dataPoint>
        <dataPoint><x1>5.464000e+001</x1><x2>8.728600e-001</x2><x3>1.134600e-001</x3><x4>1.730000e-003</x4><x5>1.194000e-002</x5></dataPoint>
        <dataPoint><x1>5.015000e+001</x1><x2>8.838400e-001</x2><x3>1.025000e-001</x3><x4>1.560000e-003</x4><x5>1.210000e-002</x5></dataPoint>
    </dataGroup>
</experiment>
