<experiment>
    <fileAuthor>Chemical Kinetics Laboratory, Institute of Chemistry, ELTE, Budapest, Hungary</fileAuthor>
    <fileDOI>10.24388/x20001041</fileDOI>
    <fileVersion>
        <major>1</major>
        <minor>1</minor>
    </fileVersion>
    <ReSpecThVersion>
        <major>2</major>
        <minor>3</minor>
    </ReSpecThVersion>
    <firstPublicationDate>2014-06-24</firstPublicationDate>
    <lastModificationDate>2020-11-18</lastModificationDate>
    <bibliographyLink>
        <description>Natarajan, J.; Kochar, Y.; Lieuwen, T.; Seitzman, J., Proceedings of the Combustion Institute 2009, 32, 1261-1268.</description>
        <referenceDOI>10.1016/j.proci.2008.06.110</referenceDOI>
        <location>Main Article</location>
        <figure>Fig. 5, open diamond.</figure>
        <details>
            <author>Natarajan, J and Kochar, Y and Lieuwen, T and Seitzman, J</author>
            <journal>Proc Combust Inst</journal>
            <pages>1261--1268</pages>
            <title>Pressure and preheat dependence of laminarflame speeds of H$_{2}$/CO/CO$_{2}$/O$_{2}$/He mixtures</title>
            <volume>32</volume>
            <year>2009</year>
        </details>
    </bibliographyLink>
    <experimentType>laminar burning velocity measurement</experimentType>
    <apparatus>
        <kind>flame</kind>
        <mode>premixed</mode>
        <mode>laminar</mode>
    </apparatus>
    <commonProperties>
        <property name="temperature"                   label="T"  sourcetype="reported"   units="K"    ><value>300</value></property>
        <property name="pressure"                      label="P"  sourcetype="reported"   units="atm"  ><value>15</value></property>
        <property name="evaluated standard deviation"  sourcetype="estimated"  units="cm/s"  reference="laminar burning velocity"  kind="absolute"  method="statistical scatter" ><value>2.33</value></property>
    </commonProperties>
    <dataGroup id="dg1">
        <property name="laminar burning velocity"  id="x1"   label="Sl"    sourcetype="digitized"   units="cm/s"          />
        <property name="composition"               id="x2"   label="[CO]"  sourcetype="calculated"  units="mole fraction" >
            <speciesLink preferredKey="CO"  CAS="630-08-0"   InChI="1S/CO/c1-2"  SMILES="[C-]#[O+]"  chemName="carbon monoxide" />
        </property>
        <property name="composition"               id="x3"   label="[H2]"  sourcetype="calculated"  units="mole fraction" >
            <speciesLink preferredKey="H2"  CAS="1333-74-0"  InChI="1S/H2/h1H"   SMILES="[HH]"       chemName="hydrogen"        />
        </property>
        <property name="composition"               id="x4"   label="[O2]"  sourcetype="calculated"  units="mole fraction" >
            <speciesLink preferredKey="O2"  CAS="7782-44-7"  InChI="1S/O2/c1-2"  SMILES="O=O"        chemName="oxygen"          />
        </property>
        <property name="composition"               id="x5"   label="[He]"  sourcetype="calculated"  units="mole fraction" >
            <speciesLink preferredKey="He"  CAS="7440-59-7"  InChI="1S/He"       SMILES="[He]"       chemName="helium"          />
        </property>

        <dataPoint><x1>2.774650e+001</x1><x2>9.660000e-002</x2><x3>4.140000e-002</x3><x4>8.620000e-002</x4><x5>7.759000e-001</x5></dataPoint>
        <dataPoint><x1>3.492960e+001</x1><x2>8.280000e-002</x2><x3>5.520000e-002</x3><x4>8.620000e-002</x4><x5>7.759000e-001</x5></dataPoint>
        <dataPoint><x1>3.609150e+001</x1><x2>6.900000e-002</x2><x3>6.900000e-002</x3><x4>8.620000e-002</x4><x5>7.759000e-001</x5></dataPoint>
        <dataPoint><x1>4.242960e+001</x1><x2>5.520000e-002</x2><x3>8.280000e-002</x3><x4>8.620000e-002</x4><x5>7.759000e-001</x5></dataPoint>
        <dataPoint><x1>4.676060e+001</x1><x2>4.140000e-002</x2><x3>9.660000e-002</x3><x4>8.620000e-002</x4><x5>7.759000e-001</x5></dataPoint>
        <dataPoint><x1>5.563380e+001</x1><x2>2.760000e-002</x2><x3>1.103000e-001</x3><x4>8.620000e-002</x4><x5>7.759000e-001</x5></dataPoint>
    </dataGroup>
</experiment>
