<experiment>
    <fileAuthor>Chemical Kinetics Laboratory, Institute of Chemistry, ELTE, Budapest, Hungary</fileAuthor>
    <fileDOI>10.24388/x20001111</fileDOI>
    <fileVersion>
        <major>2</major>
        <minor>0</minor>
    </fileVersion>
    <ReSpecThVersion>
        <major>2</major>
        <minor>3</minor>
    </ReSpecThVersion>
    <firstPublicationDate>2014-06-24</firstPublicationDate>
    <lastModificationDate>2020-11-18</lastModificationDate>
    <bibliographyLink>
        <description>C. M. Vagelopoulos; F. N. Egolfopoulos, Proceedings of the Combustion Institute 1994, 25, 1317-1323.</description>
        <referenceDOI>10.1016/S0082-0784(06)80773-3</referenceDOI>
        <location>Main Article</location>
        <figure>Fig. 1, (XCO+XH2) = 0.17, H2/CO ratio varied.</figure>
        <details>
            <author>Vagelopoulos, C M and Egolfopoulos, F N</author>
            <journal>Symp (Int) Combust</journal>
            <pages>1317--1323</pages>
            <title>Laminar Flame Speeds and Extinction Strain Rates of Mixtures of Carbon Monoxide with Hydrogen, Methane, and Air</title>
            <volume>25</volume>
            <year>1994</year>
        </details>
    </bibliographyLink>
    <experimentType>laminar burning velocity measurement</experimentType>
    <apparatus>
        <kind>flame</kind>
        <mode>counterflow</mode>
        <mode>twin flat</mode>
        <mode>premixed</mode>
        <mode>laminar</mode>
    </apparatus>
    <commonProperties>
        <property name="temperature"                   label="T"  sourcetype="reported"   units="K"    ><value>298</value></property>
        <property name="pressure"                      label="P"  sourcetype="reported"   units="atm"  ><value>1</value></property>
        <property name="evaluated standard deviation"  sourcetype="estimated"  units="cm/s"  reference="laminar burning velocity"  kind="absolute"  method="generic uncertainty" ><value>2.0</value></property>
    </commonProperties>
    <dataGroup id="dg1">
        <property name="laminar burning velocity"  id="x1"   label="Sl"    sourcetype="digitized"   units="cm/s"          />
        <property name="composition"               id="x2"   label="[H2]"  sourcetype="digitized"   units="mole fraction" >
            <speciesLink preferredKey="H2"  CAS="1333-74-0"  InChI="1S/H2/h1H"   SMILES="[HH]"       chemName="hydrogen"        />
        </property>
        <property name="composition"               id="x3"   label="[CO]"  sourcetype="calculated"  units="mole fraction" >
            <speciesLink preferredKey="CO"  CAS="630-08-0"   InChI="1S/CO/c1-2"  SMILES="[C-]#[O+]"  chemName="carbon monoxide" />
        </property>
        <property name="composition"               id="x4"   label="[O2]"  sourcetype="calculated"  units="mole fraction" >
            <speciesLink preferredKey="O2"  CAS="7782-44-7"  InChI="1S/O2/c1-2"  SMILES="O=O"        chemName="oxygen"          />
        </property>
        <property name="composition"               id="x5"   label="[N2]"  sourcetype="calculated"  units="mole fraction" >
            <speciesLink preferredKey="N2"  CAS="7727-37-9"  InChI="1S/N2/c1-2"  SMILES="N#N"        chemName="nitrogen"        />
        </property>

        <dataPoint><x1>6.947700e+000</x1><x2>2.200000e-003</x2><x3>1.678000e-001</x3><x4>0.1744</x4><x5>0.6556</x5></dataPoint>
        <dataPoint><x1>8.368420e+000</x1><x2>4.700000e-003</x2><x3>1.653000e-001</x3><x4>0.1744</x4><x5>0.6556</x5></dataPoint>
        <dataPoint><x1>1.039020e+001</x1><x2>8.400000e-003</x2><x3>1.616000e-001</x3><x4>0.1744</x4><x5>0.6556</x5></dataPoint>
        <dataPoint><x1>1.208100e+001</x1><x2>1.530000e-002</x2><x3>1.547000e-001</x3><x4>0.1744</x4><x5>0.6556</x5></dataPoint>
        <dataPoint><x1>1.437230e+001</x1><x2>2.420000e-002</x2><x3>1.458000e-001</x3><x4>0.1744</x4><x5>0.6556</x5></dataPoint>
        <dataPoint><x1>1.628110e+001</x1><x2>3.230000e-002</x2><x3>1.377000e-001</x3><x4>0.1744</x4><x5>0.6556</x5></dataPoint>
        <dataPoint><x1>1.856620e+001</x1><x2>4.910000e-002</x2><x3>1.209000e-001</x3><x4>0.1744</x4><x5>0.6556</x5></dataPoint>
    </dataGroup>
</experiment>
