<experiment>
    <fileAuthor>Chemical Kinetics Laboratory, Institute of Chemistry, ELTE, Budapest, Hungary</fileAuthor>
    <fileDOI>10.24388/x20001183</fileDOI>
    <fileVersion>
        <major>2</major>
        <minor>0</minor>
    </fileVersion>
    <ReSpecThVersion>
        <major>2</major>
        <minor>3</minor>
    </ReSpecThVersion>
    <firstPublicationDate>2014-06-24</firstPublicationDate>
    <lastModificationDate>2020-11-18</lastModificationDate>
    <bibliographyLink>
        <description>B. Lohoefener; E. Roungos; S. Voss; D. Trimis, in: 2nd Heat Flux Burner Workshop, Warsaw University of Technology, Poland, 2012; pp July 29, 2012.</description>
        <location>Report + data file from personal communication</location>
        <figure>Fig. p. 11, full red circle, H2/CO = 1, air, 60% N2 dilution.</figure>
        <details>
            <address>Warsaw University of Technology, Poland</address>
            <author>Loh{\"{o}}fener, Burkhard and Roungos, Efstratios and Voss, Stefan and Trimis, Dimosthenis</author>
            <booktitle>2$^{\text{nd}}$ Heat Flux Burner Workshop</booktitle>
            <month>July 29, 2012</month>
            <title>Burning velocities of low calorific value hydrogen and carbon monoxide gas mixtures</title>
            <year>2012</year>
        </details>
    </bibliographyLink>
    <experimentType>laminar burning velocity measurement</experimentType>
    <apparatus>
        <kind>flame</kind>
        <mode>premixed</mode>
        <mode>laminar</mode>
    </apparatus>
    <commonProperties>
        <property name="temperature"                   label="T"   sourcetype="reported"   units="K"    ><value>302</value></property>
        <property name="uncertainty"                   label="dT"  sourcetype="reported"   units="K"     reference="temperature"               kind="absolute"  bound="plusminus" ><value>3</value></property>
        <property name="pressure"                      label="P"   sourcetype="estimated"  units="atm"  ><value>0.96</value></property>
        <property name="evaluated standard deviation"  sourcetype="estimated"  units="cm/s"  reference="laminar burning velocity"  kind="absolute"  method="generic uncertainty" ><value>2.0</value></property>
    </commonProperties>
    <dataGroup id="dg1">
        <property name="laminar burning velocity"  id="x1"   label="Sl"    sourcetype="digitized"   units="cm/s"          />
        <property name="composition"               id="x2"   label="[H2]"  sourcetype="calculated"  units="mole fraction" >
            <speciesLink preferredKey="H2"  CAS="1333-74-0"  InChI="1S/H2/h1H"   SMILES="[HH]"       chemName="hydrogen"        />
        </property>
        <property name="composition"               id="x3"   label="[CO]"  sourcetype="calculated"  units="mole fraction" >
            <speciesLink preferredKey="CO"  CAS="630-08-0"   InChI="1S/CO/c1-2"  SMILES="[C-]#[O+]"  chemName="carbon monoxide" />
        </property>
        <property name="composition"               id="x4"   label="[O2]"  sourcetype="calculated"  units="mole fraction" >
            <speciesLink preferredKey="O2"  CAS="7782-44-7"  InChI="1S/O2/c1-2"  SMILES="O=O"        chemName="oxygen"          />
        </property>
        <property name="composition"               id="x5"   label="[N2]"  sourcetype="calculated"  units="mole fraction" >
            <speciesLink preferredKey="N2"  CAS="7727-37-9"  InChI="1S/N2/c1-2"  SMILES="N#N"        chemName="nitrogen"        />
        </property>

        <dataPoint><x1>2.456000e+001</x1><x2>8.470000e-002</x2><x3>8.470000e-002</x3><x4>1.211000e-001</x4><x5>7.094000e-001</x5></dataPoint>
        <dataPoint><x1>3.171000e+001</x1><x2>9.130000e-002</x2><x3>9.130000e-002</x3><x4>1.142000e-001</x4><x5>7.032000e-001</x5></dataPoint>
        <dataPoint><x1>3.728000e+001</x1><x2>9.720000e-002</x2><x3>9.720000e-002</x3><x4>1.080000e-001</x4><x5>6.976000e-001</x5></dataPoint>
        <dataPoint><x1>4.282000e+001</x1><x2>1.025000e-001</x2><x3>1.025000e-001</x3><x4>1.025000e-001</x4><x5>6.926000e-001</x5></dataPoint>
        <dataPoint><x1>4.780000e+001</x1><x2>1.072000e-001</x2><x3>1.072000e-001</x3><x4>9.750000e-002</x4><x5>6.881000e-001</x5></dataPoint>
        <dataPoint><x1>5.097000e+001</x1><x2>1.115000e-001</x2><x3>1.115000e-001</x3><x4>9.290000e-002</x4><x5>6.840000e-001</x5></dataPoint>
        <dataPoint><x1>5.302000e+001</x1><x2>1.155000e-001</x2><x3>1.155000e-001</x3><x4>8.880000e-002</x4><x5>6.803000e-001</x5></dataPoint>
        <dataPoint><x1>5.482000e+001</x1><x2>1.190000e-001</x2><x3>1.190000e-001</x3><x4>8.500000e-002</x4><x5>6.769000e-001</x5></dataPoint>
        <dataPoint><x1>5.478000e+001</x1><x2>1.223000e-001</x2><x3>1.223000e-001</x3><x4>8.160000e-002</x4><x5>6.737000e-001</x5></dataPoint>
        <dataPoint><x1>5.370000e+001</x1><x2>1.254000e-001</x2><x3>1.254000e-001</x3><x4>7.840000e-002</x4><x5>6.708000e-001</x5></dataPoint>
        <dataPoint><x1>5.248000e+001</x1><x2>1.282000e-001</x2><x3>1.282000e-001</x3><x4>7.540000e-002</x4><x5>6.682000e-001</x5></dataPoint>
        <dataPoint><x1>4.945000e+001</x1><x2>1.308000e-001</x2><x3>1.308000e-001</x3><x4>7.270000e-002</x4><x5>6.657000e-001</x5></dataPoint>
    </dataGroup>
</experiment>
