<experiment>
    <fileAuthor>Chemical Kinetics Laboratory, Institute of Chemistry, ELTE, Budapest, Hungary</fileAuthor>
    <fileDOI>10.24388/x20001222</fileDOI>
    <fileVersion>
        <major>2</major>
        <minor>0</minor>
    </fileVersion>
    <ReSpecThVersion>
        <major>2</major>
        <minor>3</minor>
    </ReSpecThVersion>
    <firstPublicationDate>2014-06-24</firstPublicationDate>
    <lastModificationDate>2020-11-18</lastModificationDate>
    <bibliographyLink>
        <description>X. Li, X. You, F. Wu, C. K. Law, Uncertainty analysis of the kinetic model prediction for high-pressure H2/CO combustion. Proc. Combust. Inst. 2015, in press.</description>
        <referenceDOI>10.1016/j.proci.2014.07.047</referenceDOI>
        <location>Main Article</location>
        <table>Table 2, Exp. No.s 10a-10d.</table>
        <details>
            <author>Li, Xiaoyu and You, Xiaoqing and Wu, Fujia and Law, Chung K</author>
            <journal>Proc Combust Inst</journal>
            <number>1</number>
            <pages>617--624</pages>
            <title>Uncertainty analysis of the kinetic model prediction for high-pressure H$_{2}$/CO combustion</title>
            <volume>35</volume>
            <year>2015</year>
        </details>
    </bibliographyLink>
    <experimentType>laminar burning velocity measurement</experimentType>
    <apparatus>
        <kind>flame</kind>
        <mode>premixed</mode>
        <mode>laminar</mode>
        <mode>OPF</mode>
    </apparatus>
    <commonProperties>
        <property name="temperature"                   label="T"  sourcetype="reported"    units="K"             ><value>353</value></property>
        <property name="initial composition"          >
            <component><speciesLink preferredKey="H2"   CAS="1333-74-0"  InChI="1S/H2/h1H"      SMILES="[HH]"     sourcetype="reported"    chemName="hydrogen"       /><amount units="mole fraction" >0.5354</amount></component>
            <component><speciesLink preferredKey="O2"   CAS="7782-44-7"  InChI="1S/O2/c1-2"     SMILES="O=O"      sourcetype="reported"    chemName="oxygen"         /><amount units="mole fraction" >0.1071</amount></component>
            <component><speciesLink preferredKey="CO2"  CAS="124-38-9"   InChI="1S/CO2/c2-1-3"  SMILES="C(=O)=O"  sourcetype="calculated"  chemName="carbon dioxide" /><amount units="mole fraction" >0.3575</amount></component>
        </property>
        <property name="evaluated standard deviation"  sourcetype="estimated"   units="cm/s"           reference="laminar burning velocity"  kind="absolute"  method="statistical scatter" ><value>3.38</value></property>
    </commonProperties>
    <dataGroup id="dg1">
        <property name="pressure"                  id="x1"   label="P"   sourcetype="reported"    units="atm"  />
        <property name="laminar burning velocity"  id="x2"   label="Sl"  sourcetype="reported"    units="cm/s" />
        <property name="uncertainty"               id="x3"   sourcetype="calculated"  units="cm/s"  reference="Sl"  kind="absolute"  bound="plusminus" />

        <dataPoint> <x1>5</x1><x2>153.1</x2><x3>7.7</x3></dataPoint>
        <dataPoint><x1>15</x1> <x2>55.0</x2><x3>2.8</x3></dataPoint>
        <dataPoint><x1>20</x1> <x2>33.2</x2><x3>1.7</x3></dataPoint>
        <dataPoint><x1>25</x1> <x2>25.4</x2><x3>1.3</x3></dataPoint>
    </dataGroup>
</experiment>
