<experiment>
    <fileAuthor>Chemical Kinetics Laboratory, Institute of Chemistry, ELTE, Budapest, Hungary</fileAuthor>
    <fileDOI>10.24388/x20001101</fileDOI>
    <fileVersion>
        <major>2</major>
        <minor>0</minor>
    </fileVersion>
    <ReSpecThVersion>
        <major>2</major>
        <minor>3</minor>
    </ReSpecThVersion>
    <firstPublicationDate>2014-06-24</firstPublicationDate>
    <lastModificationDate>2020-11-18</lastModificationDate>
    <bibliographyLink>
        <description>V. Ratna Kishore; M. R. Ravi; A. Ray, Combustion and Flame 2011, 158, (11), 2149-2164.</description>
        <referenceDOI>10.1016/j.combustflame.2011.03.018</referenceDOI>
        <location>Main Article</location>
        <figure>Fig. 9, H2/CO/CO2 = 30/30/40, open reverse triangle.</figure>
        <details>
            <author>Ratna Kishore}, V and Ravi, M R and Ray, Anjan</author>
            <journal>Combust Flame</journal>
            <number>11</number>
            <pages>2149--2164</pages>
            <title>Adiabatic burning velocity and cellular flame characteristics of H$_{2}$-CO-CO$_{2}$-air mixtures</title>
            <volume>158</volume>
            <year>2011</year>
        </details>
    </bibliographyLink>
    <experimentType>laminar burning velocity measurement</experimentType>
    <apparatus>
        <kind>flame</kind>
        <mode>premixed</mode>
        <mode>laminar</mode>
    </apparatus>
    <commonProperties>
        <property name="temperature"                   label="T"  sourcetype="reported"   units="K"    ><value>300</value></property>
        <property name="pressure"                      label="P"  sourcetype="reported"   units="bar"  ><value>1</value></property>
        <property name="evaluated standard deviation"  sourcetype="estimated"  units="cm/s"  reference="laminar burning velocity"  kind="absolute"  method="generic uncertainty" ><value>2.0</value></property>
    </commonProperties>
    <dataGroup id="dg1">
        <property name="laminar burning velocity"  id="x1"   label="Sl"     sourcetype="digitized"   units="cm/s"          />
        <property name="composition"               id="x2"   label="[CO]"   sourcetype="calculated"  units="mole fraction" >
            <speciesLink preferredKey="CO"   CAS="630-08-0"   InChI="1S/CO/c1-2"     SMILES="[C-]#[O+]"  chemName="carbon monoxide" />
        </property>
        <property name="composition"               id="x3"   label="[H2]"   sourcetype="calculated"  units="mole fraction" >
            <speciesLink preferredKey="H2"   CAS="1333-74-0"  InChI="1S/H2/h1H"      SMILES="[HH]"       chemName="hydrogen"        />
        </property>
        <property name="composition"               id="x4"   label="[O2]"   sourcetype="calculated"  units="mole fraction" >
            <speciesLink preferredKey="O2"   CAS="7782-44-7"  InChI="1S/O2/c1-2"     SMILES="O=O"        chemName="oxygen"          />
        </property>
        <property name="composition"               id="x5"   label="[N2]"   sourcetype="calculated"  units="mole fraction" >
            <speciesLink preferredKey="N2"   CAS="7727-37-9"  InChI="1S/N2/c1-2"     SMILES="N#N"        chemName="nitrogen"        />
        </property>
        <property name="composition"               id="x6"   label="[CO2]"  sourcetype="calculated"  units="mole fraction" >
            <speciesLink preferredKey="CO2"  CAS="124-38-9"   InChI="1S/CO2/c2-1-3"  SMILES="C(=O)=O"    chemName="carbon dioxide"  />
        </property>

        <dataPoint><x1>3.536840e+001</x1><x2>1.077000e-001</x2><x3>1.077000e-001</x3><x4>1.346000e-001</x4><x5>5.063000e-001</x5><x6>1.436000e-001</x6></dataPoint>
        <dataPoint><x1>4.619550e+001</x1><x2>1.236000e-001</x2><x3>1.236000e-001</x3><x4>1.236000e-001</x4><x5>4.646000e-001</x5><x6>1.647000e-001</x6></dataPoint>
        <dataPoint><x1>5.425560e+001</x1><x2>1.370000e-001</x2><x3>1.370000e-001</x3><x4>1.142000e-001</x4><x5>4.292000e-001</x5><x6>1.826000e-001</x6></dataPoint>
        <dataPoint><x1>5.834590e+001</x1><x2>1.485000e-001</x2><x3>1.485000e-001</x3><x4>1.061000e-001</x4><x5>3.989000e-001</x5><x6>1.980000e-001</x6></dataPoint>
        <dataPoint><x1>6.099250e+001</x1><x2>1.585000e-001</x2><x3>1.585000e-001</x3><x4>9.910000e-002</x4><x5>3.725000e-001</x5><x6>2.114000e-001</x6></dataPoint>
        <dataPoint><x1>6.027070e+001</x1><x2>1.673000e-001</x2><x3>1.673000e-001</x3><x4>9.290000e-002</x4><x5>3.494000e-001</x5><x6>2.230000e-001</x6></dataPoint>
        <dataPoint><x1>5.726320e+001</x1><x2>1.750000e-001</x2><x3>1.750000e-001</x3><x4>8.750000e-002</x4><x5>3.291000e-001</x5><x6>2.334000e-001</x6></dataPoint>
    </dataGroup>
    <comment>The experimental uncertainty is ±0.7 cm/s for most of data except at the extremes of equivalence ratio, where it is ±0.9 cm/s.</comment>
</experiment>
