<experiment>
    <fileAuthor>Chemical Kinetics Laboratory, Institute of Chemistry, ELTE, Budapest, Hungary</fileAuthor>
    <fileDOI>10.24388/x20001080</fileDOI>
    <fileVersion>
        <major>2</major>
        <minor>0</minor>
    </fileVersion>
    <ReSpecThVersion>
        <major>2</major>
        <minor>3</minor>
    </ReSpecThVersion>
    <firstPublicationDate>2014-06-24</firstPublicationDate>
    <lastModificationDate>2020-11-18</lastModificationDate>
    <bibliographyLink>
        <description>J. Natarajan; T. Lieuwen; J. Seitzman, Combustion and Flame 2007, 151, (1-2), 104-119.</description>
        <referenceDOI>10.1016/j.combustflame.2007.05.003</referenceDOI>
        <location>Main Article</location>
        <figure>Fig. 13, H2/CO = 95/5, 0% CO2 dilution, blue circle.</figure>
        <details>
            <author>Natarajan, J and Lieuwen, T and Seitzman, J</author>
            <journal>Combust Flame</journal>
            <number>1--2</number>
            <pages>104--119</pages>
            <title>Laminar flame speeds of H$_{2}$/CO mixtures: Effect of CO$_{2}$ dilution, preheat temperature, and pressure</title>
            <volume>151</volume>
            <year>2007</year>
        </details>
    </bibliographyLink>
    <experimentType>laminar burning velocity measurement</experimentType>
    <apparatus>
        <kind>flame</kind>
        <mode>premixed</mode>
        <mode>laminar</mode>
    </apparatus>
    <commonProperties>
        <property name="temperature"                   label="T"  sourcetype="reported"   units="K"    ><value>600</value></property>
        <property name="pressure"                      label="P"  sourcetype="reported"   units="atm"  ><value>1</value></property>
        <property name="evaluated standard deviation"  sourcetype="estimated"  units="cm/s"  reference="laminar burning velocity"  kind="absolute"  method="statistical scatter" ><value>5.23</value></property>
    </commonProperties>
    <dataGroup id="dg1">
        <property name="laminar burning velocity"  id="x1"   label="Sl"     sourcetype="digitized"   units="cm/s"          />
        <property name="composition"               id="x2"   label="[CO]"   sourcetype="calculated"  units="mole fraction" >
            <speciesLink preferredKey="CO"   CAS="630-08-0"   InChI="1S/CO/c1-2"     SMILES="[C-]#[O+]"  chemName="carbon monoxide" />
        </property>
        <property name="composition"               id="x3"   label="[H2]"   sourcetype="calculated"  units="mole fraction" >
            <speciesLink preferredKey="H2"   CAS="1333-74-0"  InChI="1S/H2/h1H"      SMILES="[HH]"       chemName="hydrogen"        />
        </property>
        <property name="composition"               id="x4"   label="[O2]"   sourcetype="calculated"  units="mole fraction" >
            <speciesLink preferredKey="O2"   CAS="7782-44-7"  InChI="1S/O2/c1-2"     SMILES="O=O"        chemName="oxygen"          />
        </property>
        <property name="composition"               id="x5"   label="[N2]"   sourcetype="calculated"  units="mole fraction" >
            <speciesLink preferredKey="N2"   CAS="7727-37-9"  InChI="1S/N2/c1-2"     SMILES="N#N"        chemName="nitrogen"        />
        </property>
        <property name="composition"               id="x6"   label="[CO2]"  sourcetype="calculated"  units="mole fraction" >
            <speciesLink preferredKey="CO2"  CAS="124-38-9"   InChI="1S/CO2/c2-1-3"  SMILES="C(=O)=O"    chemName="carbon dioxide"  />
        </property>

        <dataPoint><x1>1.581860e+002</x1><x2>7.600000e-003</x2><x3>1.441000e-001</x3><x4>1.703000e-001</x4><x5>6.402000e-001</x5><x6>3.790000e-002</x6></dataPoint>
        <dataPoint><x1>1.814160e+002</x1><x2>8.000000e-003</x2><x3>1.525000e-001</x3><x4>1.679000e-001</x4><x5>6.315000e-001</x5><x6>4.010000e-002</x6></dataPoint>
        <dataPoint><x1>1.924780e+002</x1><x2>8.300000e-003</x2><x3>1.569000e-001</x3><x4>1.667000e-001</x4><x5>6.268000e-001</x5><x6>4.130000e-002</x6></dataPoint>
        <dataPoint><x1>2.223450e+002</x1><x2>8.500000e-003</x2><x3>1.611000e-001</x3><x4>1.656000e-001</x4><x5>6.225000e-001</x5><x6>4.240000e-002</x6></dataPoint>
        <dataPoint><x1>2.500000e+002</x1><x2>8.900000e-003</x2><x3>1.694000e-001</x3><x4>1.632000e-001</x4><x5>6.138000e-001</x5><x6>4.460000e-002</x6></dataPoint>
        <dataPoint><x1>2.787610e+002</x1><x2>9.300000e-003</x2><x3>1.776000e-001</x3><x4>1.610000e-001</x4><x5>6.053000e-001</x5><x6>4.670000e-002</x6></dataPoint>
        <dataPoint><x1>3.053100e+002</x1><x2>9.800000e-003</x2><x3>1.855000e-001</x3><x4>1.588000e-001</x4><x5>5.971000e-001</x5><x6>4.880000e-002</x6></dataPoint>
        <dataPoint><x1>3.285400e+002</x1><x2>1.020000e-002</x2><x3>1.932000e-001</x3><x4>1.567000e-001</x4><x5>5.891000e-001</x5><x6>5.080000e-002</x6></dataPoint>
        <dataPoint><x1>3.495580e+002</x1><x2>1.060000e-002</x2><x3>2.007000e-001</x3><x4>1.546000e-001</x4><x5>5.813000e-001</x5><x6>5.280000e-002</x6></dataPoint>
        <dataPoint><x1>3.738940e+002</x1><x2>1.090000e-002</x2><x3>2.078000e-001</x3><x4>1.526000e-001</x4><x5>5.739000e-001</x5><x6>5.470000e-002</x6></dataPoint>
        <dataPoint><x1>3.915930e+002</x1><x2>1.130000e-002</x2><x3>2.150000e-001</x3><x4>1.507000e-001</x4><x5>5.665000e-001</x5><x6>5.660000e-002</x6></dataPoint>
    </dataGroup>
</experiment>
