<experiment>
    <fileAuthor>Chemical Kinetics Laboratory, Institute of Chemistry, ELTE, Budapest, Hungary</fileAuthor>
    <fileDOI>10.24388/x20001073_x</fileDOI>
    <fileVersion>
        <major>2</major>
        <minor>0</minor>
    </fileVersion>
    <ReSpecThVersion>
        <major>2</major>
        <minor>3</minor>
    </ReSpecThVersion>
    <firstPublicationDate>2014-06-24</firstPublicationDate>
    <lastModificationDate>2020-11-18</lastModificationDate>
    <bibliographyLink>
        <description>J. Natarajan; T. Lieuwen; J. Seitzman, Combustion and Flame 2007, 151, (1-2), 104-119.</description>
        <referenceDOI>10.1016/j.combustflame.2007.05.003</referenceDOI>
        <location>Main Article</location>
        <figure>Fig. 7, H2/CO = 95/5, 0% CO2 dilution, dark blue square.</figure>
        <details>
            <author>Natarajan, J and Lieuwen, T and Seitzman, J</author>
            <journal>Combust Flame</journal>
            <number>1--2</number>
            <pages>104--119</pages>
            <title>Laminar flame speeds of H$_{2}$/CO mixtures: Effect of CO$_{2}$ dilution, preheat temperature, and pressure</title>
            <volume>151</volume>
            <year>2007</year>
        </details>
    </bibliographyLink>
    <experimentType>laminar burning velocity measurement</experimentType>
    <apparatus>
        <kind>flame</kind>
        <mode>premixed</mode>
        <mode>laminar</mode>
    </apparatus>
    <commonProperties>
        <property name="temperature"                   label="T"  sourcetype="reported"   units="K"    ><value>300</value></property>
        <property name="pressure"                      label="P"  sourcetype="reported"   units="atm"  ><value>1</value></property>
        <property name="evaluated standard deviation"  sourcetype="estimated"  units="cm/s"  reference="laminar burning velocity"  kind="absolute"  method="generic uncertainty" ><value>2.0</value></property>
    </commonProperties>
    <dataGroup id="dg1">
        <property name="laminar burning velocity"  id="x1"   label="Sl"     sourcetype="digitized"   units="cm/s"          />
        <property name="composition"               id="x2"   label="[CO]"   sourcetype="calculated"  units="mole fraction" >
            <speciesLink preferredKey="CO"   CAS="630-08-0"   InChI="1S/CO/c1-2"     SMILES="[C-]#[O+]"  chemName="carbon monoxide" />
        </property>
        <property name="composition"               id="x3"   label="[H2]"   sourcetype="calculated"  units="mole fraction" >
            <speciesLink preferredKey="H2"   CAS="1333-74-0"  InChI="1S/H2/h1H"      SMILES="[HH]"       chemName="hydrogen"        />
        </property>
        <property name="composition"               id="x4"   label="[O2]"   sourcetype="calculated"  units="mole fraction" >
            <speciesLink preferredKey="O2"   CAS="7782-44-7"  InChI="1S/O2/c1-2"     SMILES="O=O"        chemName="oxygen"          />
        </property>
        <property name="composition"               id="x5"   label="[N2]"   sourcetype="calculated"  units="mole fraction" >
            <speciesLink preferredKey="N2"   CAS="7727-37-9"  InChI="1S/N2/c1-2"     SMILES="N#N"        chemName="nitrogen"        />
        </property>
        <property name="composition"               id="x6"   label="[CO2]"  sourcetype="calculated"  units="mole fraction" >
            <speciesLink preferredKey="CO2"  CAS="124-38-9"   InChI="1S/CO2/c2-1-3"  SMILES="C(=O)=O"    chemName="carbon dioxide"  />
        </property>

        <dataPoint><x1>7.897380e+001</x1><x2>1.000000e-002</x2><x3>1.905000e-001</x3><x4>1.680000e-001</x4><x5>6.316000e-001</x5><x6>0.000000e+000</x6></dataPoint>
        <dataPoint><x1>8.450700e+001</x1><x2>1.030000e-002</x2><x3>1.956000e-001</x3><x4>1.668000e-001</x4><x5>6.273000e-001</x5><x6>0.000000e+000</x6></dataPoint>
        <dataPoint><x1>8.953720e+001</x1><x2>1.040000e-002</x2><x3>1.982000e-001</x3><x4>1.663000e-001</x4><x5>6.251000e-001</x5><x6>0.000000e+000</x6></dataPoint>
        <dataPoint><x1>9.356140e+001</x1><x2>1.070000e-002</x2><x3>2.025000e-001</x3><x4>1.653000e-001</x4><x5>6.215000e-001</x5><x6>0.000000e+000</x6></dataPoint>
        <dataPoint><x1>9.808850e+001</x1><x2>1.090000e-002</x2><x3>2.070000e-001</x3><x4>1.643000e-001</x4><x5>6.178000e-001</x5><x6>0.000000e+000</x6></dataPoint>
        <dataPoint><x1>1.056340e+002</x1><x2>1.120000e-002</x2><x3>2.120000e-001</x3><x4>1.632000e-001</x4><x5>6.137000e-001</x5><x6>0.000000e+000</x6></dataPoint>
        <dataPoint><x1>1.136820e+002</x1><x2>1.140000e-002</x2><x3>2.165000e-001</x3><x4>1.622000e-001</x4><x5>6.099000e-001</x5><x6>0.000000e+000</x6></dataPoint>
        <dataPoint><x1>1.232390e+002</x1><x2>1.170000e-002</x2><x3>2.218000e-001</x3><x4>1.610000e-001</x4><x5>6.055000e-001</x5><x6>0.000000e+000</x6></dataPoint>
        <dataPoint><x1>1.312880e+002</x1><x2>1.190000e-002</x2><x3>2.270000e-001</x3><x4>1.599000e-001</x4><x5>6.012000e-001</x5><x6>0.000000e+000</x6></dataPoint>
        <dataPoint><x1>1.473840e+002</x1><x2>1.230000e-002</x2><x3>2.332000e-001</x3><x4>1.585000e-001</x4><x5>5.960000e-001</x5><x6>0.000000e+000</x6></dataPoint>
        <dataPoint><x1>1.544270e+002</x1><x2>1.260000e-002</x2><x3>2.386000e-001</x3><x4>1.573000e-001</x4><x5>5.915000e-001</x5><x6>0.000000e+000</x6></dataPoint>
        <dataPoint><x1>1.629780e+002</x1><x2>1.280000e-002</x2><x3>2.435000e-001</x3><x4>1.562000e-001</x4><x5>5.874000e-001</x5><x6>0.000000e+000</x6></dataPoint>
        <dataPoint><x1>1.740440e+002</x1><x2>1.310000e-002</x2><x3>2.489000e-001</x3><x4>1.550000e-001</x4><x5>5.830000e-001</x5><x6>0.000000e+000</x6></dataPoint>
        <dataPoint><x1>1.836020e+002</x1><x2>1.340000e-002</x2><x3>2.543000e-001</x3><x4>1.538000e-001</x4><x5>5.785000e-001</x5><x6>0.000000e+000</x6></dataPoint>
        <dataPoint><x1>1.951710e+002</x1><x2>1.370000e-002</x2><x3>2.596000e-001</x3><x4>1.527000e-001</x4><x5>5.740000e-001</x5><x6>0.000000e+000</x6></dataPoint>
    </dataGroup>
</experiment>
