<experiment>
    <fileAuthor>Chemical Kinetics Laboratory, Institute of Chemistry, ELTE, Budapest, Hungary</fileAuthor>
    <fileDOI>10.24388/x20001172</fileDOI>
    <fileVersion>
        <major>2</major>
        <minor>0</minor>
    </fileVersion>
    <ReSpecThVersion>
        <major>2</major>
        <minor>3</minor>
    </ReSpecThVersion>
    <firstPublicationDate>2014-06-24</firstPublicationDate>
    <lastModificationDate>2020-11-18</lastModificationDate>
    <bibliographyLink>
        <description>C. Dong; Q. Zhou; Q. Zhao; Y. Zhang; T. Xu; S. Hui, Fuel 2009, 88, (10), 1858-1863.</description>
        <referenceDOI>10.1016/j.fuel.2009.04.024</referenceDOI>
        <location>Main Article</location>
        <figure>Fig. 6, full dark blue diamond, H2/(CO+ H2) = 60%.</figure>
        <details>
            <author>Dong, Chen and Zhou, Qulan and Zhao, Qinxin and Zhang, Yaqing and Xu, Tongmo and Hui, Shien</author>
            <journal>Fuel</journal>
            <number>10</number>
            <pages>1858--1863</pages>
            <title>Experimental study on the laminar flame speed of hydrogen/carbon monoxide/air mixtures</title>
            <volume>88</volume>
            <year>2009</year>
        </details>
    </bibliographyLink>
    <experimentType>laminar burning velocity measurement</experimentType>
    <apparatus>
        <kind>flame</kind>
        <mode>premixed</mode>
        <mode>laminar</mode>
    </apparatus>
    <commonProperties>
        <property name="temperature"                   label="T"  sourcetype="estimated"  units="K"    ><value>293</value></property>
        <property name="pressure"                      label="P"  sourcetype="reported"   units="atm"  ><value>1</value></property>
        <property name="evaluated standard deviation"  sourcetype="estimated"  units="cm/s"  reference="laminar burning velocity"  kind="absolute"  method="statistical scatter" ><value>4.27</value></property>
    </commonProperties>
    <dataGroup id="dg1">
        <property name="laminar burning velocity"  id="x1"   label="Sl"    sourcetype="digitized"   units="cm/s"          />
        <property name="composition"               id="x2"   label="[CO]"  sourcetype="calculated"  units="mole fraction" >
            <speciesLink preferredKey="CO"  CAS="630-08-0"   InChI="1S/CO/c1-2"  SMILES="[C-]#[O+]"  chemName="carbon monoxide" />
        </property>
        <property name="composition"               id="x3"   label="[H2]"  sourcetype="calculated"  units="mole fraction" >
            <speciesLink preferredKey="H2"  CAS="1333-74-0"  InChI="1S/H2/h1H"   SMILES="[HH]"       chemName="hydrogen"        />
        </property>
        <property name="composition"               id="x4"   label="[O2]"  sourcetype="calculated"  units="mole fraction" >
            <speciesLink preferredKey="O2"  CAS="7782-44-7"  InChI="1S/O2/c1-2"  SMILES="O=O"        chemName="oxygen"          />
        </property>
        <property name="composition"               id="x5"   label="[N2]"  sourcetype="calculated"  units="mole fraction" >
            <speciesLink preferredKey="N2"  CAS="7727-37-9"  InChI="1S/N2/c1-2"  SMILES="N#N"        chemName="nitrogen"        />
        </property>

        <dataPoint><x1>4.143000e+001</x1><x2>6.940000e-002</x2><x3>1.042000e-001</x3><x4>1.736000e-001</x4><x5>6.528000e-001</x5></dataPoint>
        <dataPoint><x1>4.930000e+001</x1><x2>8.050000e-002</x2><x3>1.208000e-001</x3><x4>1.678000e-001</x4><x5>6.309000e-001</x5></dataPoint>
        <dataPoint><x1>6.189000e+001</x1><x2>9.090000e-002</x2><x3>1.364000e-001</x3><x4>1.623000e-001</x4><x5>6.104000e-001</x5></dataPoint>
        <dataPoint><x1>8.706000e+001</x1><x2>1.006000e-001</x2><x3>1.509000e-001</x3><x4>1.572000e-001</x4><x5>5.912000e-001</x5></dataPoint>
        <dataPoint><x1>1.033200e+002</x1><x2>1.098000e-001</x2><x3>1.646000e-001</x3><x4>1.524000e-001</x4><x5>5.732000e-001</x5></dataPoint>
        <dataPoint><x1>1.222000e+002</x1><x2>1.183000e-001</x2><x3>1.775000e-001</x3><x4>1.479000e-001</x4><x5>5.562000e-001</x5></dataPoint>
        <dataPoint><x1>1.326900e+002</x1><x2>1.264000e-001</x2><x3>1.897000e-001</x3><x4>1.437000e-001</x4><x5>5.402000e-001</x5></dataPoint>
        <dataPoint><x1>1.442300e+002</x1><x2>1.341000e-001</x2><x3>2.011000e-001</x3><x4>1.397000e-001</x4><x5>5.251000e-001</x5></dataPoint>
        <dataPoint><x1>1.515700e+002</x1><x2>1.413000e-001</x2><x3>2.120000e-001</x3><x4>1.359000e-001</x4><x5>5.109000e-001</x5></dataPoint>
        <dataPoint><x1>1.631100e+002</x1><x2>1.481000e-001</x2><x3>2.222000e-001</x3><x4>1.323000e-001</x4><x5>4.974000e-001</x5></dataPoint>
        <dataPoint><x1>1.762200e+002</x1><x2>1.546000e-001</x2><x3>2.320000e-001</x3><x4>1.289000e-001</x4><x5>4.845000e-001</x5></dataPoint>
        <dataPoint><x1>1.846200e+002</x1><x2>1.608000e-001</x2><x3>2.412000e-001</x3><x4>1.256000e-001</x4><x5>4.724000e-001</x5></dataPoint>
        <dataPoint><x1>1.872400e+002</x1><x2>1.667000e-001</x2><x3>2.500000e-001</x3><x4>1.225000e-001</x4><x5>4.608000e-001</x5></dataPoint>
        <dataPoint><x1>1.924800e+002</x1><x2>1.722000e-001</x2><x3>2.584000e-001</x3><x4>1.196000e-001</x4><x5>4.498000e-001</x5></dataPoint>
        <dataPoint><x1>1.903900e+002</x1><x2>1.776000e-001</x2><x3>2.664000e-001</x3><x4>1.168000e-001</x4><x5>4.393000e-001</x5></dataPoint>
        <dataPoint><x1>1.877600e+002</x1><x2>1.826000e-001</x2><x3>2.740000e-001</x3><x4>1.142000e-001</x4><x5>4.292000e-001</x5></dataPoint>
        <dataPoint><x1>1.882900e+002</x1><x2>1.875000e-001</x2><x3>2.813000e-001</x3><x4>1.116000e-001</x4><x5>4.196000e-001</x5></dataPoint>
    </dataGroup>
</experiment>
