<experiment>
    <fileAuthor>Chemical Kinetics Laboratory, Institute of Chemistry, ELTE, Budapest, Hungary</fileAuthor>
    <fileDOI>10.24388/x20001115</fileDOI>
    <fileVersion>
        <major>2</major>
        <minor>0</minor>
    </fileVersion>
    <ReSpecThVersion>
        <major>2</major>
        <minor>3</minor>
    </ReSpecThVersion>
    <firstPublicationDate>2014-06-24</firstPublicationDate>
    <lastModificationDate>2020-11-18</lastModificationDate>
    <bibliographyLink>
        <description>B. Lewis; G. von Elbe, Combustion, Flames and Explosions of Gases. 2nd ed.; Academic Press: New York and London, 1961.</description>
        <location>Main Article</location>
        <figure>Fig. 190, H2/CO/O2/N2/H2O, f = 0.60.</figure>
        <details>
            <address>Oldenbourg, Berlin</address>
            <author>Jahn, Georg</author>
            <school>Berlin</school>
            <title>Der Z{\"{u}}ndvorgang in Gasgemischen</title>
            <type>Dissertation</type>
            <year>1934</year>
        </details>
    </bibliographyLink>
    <experimentType>laminar burning velocity measurement</experimentType>
    <apparatus>
        <kind>flame</kind>
        <mode>premixed</mode>
        <mode>laminar</mode>
    </apparatus>
    <commonProperties>
        <property name="temperature"                   label="T"  sourcetype="reported"   units="K"    ><value>298</value></property>
        <property name="pressure"                      label="P"  sourcetype="reported"   units="atm"  ><value>1</value></property>
        <property name="evaluated standard deviation"  sourcetype="estimated"  units="cm/s"  reference="laminar burning velocity"  kind="absolute"  method="generic uncertainty" ><value>2.0</value></property>
    </commonProperties>
    <dataGroup id="dg1">
        <property name="laminar burning velocity"  id="x1"   label="Sl"     sourcetype="digitized"   units="cm/s"          />
        <property name="composition"               id="x2"   label="[H2]"   sourcetype="calculated"  units="mole fraction" >
            <speciesLink preferredKey="H2"   CAS="1333-74-0"  InChI="1S/H2/h1H"    SMILES="[HH]"       chemName="hydrogen"        />
        </property>
        <property name="composition"               id="x3"   label="[CO]"   sourcetype="calculated"  units="mole fraction" >
            <speciesLink preferredKey="CO"   CAS="630-08-0"   InChI="1S/CO/c1-2"   SMILES="[C-]#[O+]"  chemName="carbon monoxide" />
        </property>
        <property name="composition"               id="x4"   label="[O2]"   sourcetype="calculated"  units="mole fraction" >
            <speciesLink preferredKey="O2"   CAS="7782-44-7"  InChI="1S/O2/c1-2"   SMILES="O=O"        chemName="oxygen"          />
        </property>
        <property name="composition"               id="x5"   label="[N2]"   sourcetype="calculated"  units="mole fraction" >
            <speciesLink preferredKey="N2"   CAS="7727-37-9"  InChI="1S/N2/c1-2"   SMILES="N#N"        chemName="nitrogen"        />
        </property>
        <property name="composition"               id="x6"   label="[H2O]"  sourcetype="calculated"  units="mole fraction" >
            <speciesLink preferredKey="H2O"  CAS="7732-18-5"  InChI="1S/H2O/h1H2"  SMILES="O"          chemName="water"           />
        </property>

        <dataPoint><x1>2.934000e+001</x1><x2>3.940000e-003</x2><x3>2.552000e-001</x3><x4>4.423900e-001</x4><x5>2.949300e-001</x5><x6>3.550000e-003</x6></dataPoint>
        <dataPoint><x1>5.996000e+001</x1><x2>6.350000e-003</x2><x3>4.109900e-001</x3><x4>3.461700e-001</x4><x5>2.307800e-001</x5><x6>5.710000e-003</x6></dataPoint>
        <dataPoint><x1>7.088000e+001</x1><x2>7.380000e-003</x2><x3>4.780200e-001</x3><x4>3.047800e-001</x4><x5>2.031800e-001</x5><x6>6.640000e-003</x6></dataPoint>
        <dataPoint><x1>7.887000e+001</x1><x2>8.420000e-003</x2><x3>5.450200e-001</x3><x4>2.633900e-001</x4><x5>1.756000e-001</x5><x6>7.570000e-003</x6></dataPoint>
        <dataPoint><x1>8.373000e+001</x1><x2>9.220000e-003</x2><x3>5.972300e-001</x3><x4>2.311500e-001</x4><x5>1.541000e-001</x5><x6>8.300000e-003</x6></dataPoint>
        <dataPoint><x1>8.610000e+001</x1><x2>9.750000e-003</x2><x3>6.317000e-001</x3><x4>2.098600e-001</x4><x5>1.399100e-001</x5><x6>8.780000e-003</x6></dataPoint>
        <dataPoint><x1>8.981000e+001</x1><x2>1.048000e-002</x2><x3>6.789800e-001</x3><x4>1.806600e-001</x4><x5>1.204400e-001</x5><x6>9.440000e-003</x6></dataPoint>
        <dataPoint><x1>8.949000e+001</x1><x2>1.067000e-002</x2><x3>6.907900e-001</x3><x4>1.733700e-001</x4><x5>1.155800e-001</x5><x6>9.600000e-003</x6></dataPoint>
        <dataPoint><x1>8.946000e+001</x1><x2>1.094000e-002</x2><x3>7.085100e-001</x3><x4>1.624200e-001</x4><x5>1.082800e-001</x5><x6>9.850000e-003</x6></dataPoint>
        <dataPoint><x1>8.934000e+001</x1><x2>1.114000e-002</x2><x3>7.213000e-001</x3><x4>1.545200e-001</x4><x5>1.030100e-001</x5><x6>1.002000e-002</x6></dataPoint>
        <dataPoint><x1>8.765000e+001</x1><x2>1.138000e-002</x2><x3>7.370400e-001</x3><x4>1.448000e-001</x4><x5>9.654000e-002</x5><x6>1.024000e-002</x6></dataPoint>
        <dataPoint><x1>6.724000e+001</x1><x2>1.246000e-002</x2><x3>8.067400e-001</x3><x4>1.017600e-001</x4><x5>6.784000e-002</x5><x6>1.121000e-002</x6></dataPoint>
    </dataGroup>
</experiment>
