<experiment>
    <fileAuthor>Chemical Kinetics Laboratory, Institute of Chemistry, ELTE, Budapest, Hungary</fileAuthor>
    <fileDOI>10.24388/x20001190</fileDOI>
    <fileVersion>
        <major>2</major>
        <minor>0</minor>
    </fileVersion>
    <ReSpecThVersion>
        <major>2</major>
        <minor>3</minor>
    </ReSpecThVersion>
    <firstPublicationDate>2014-06-24</firstPublicationDate>
    <lastModificationDate>2020-11-18</lastModificationDate>
    <bibliographyLink>
        <description>B. Lohoefener; E. Roungos; S. Voss; D. Trimis, in: 2nd Heat Flux Burner Workshop, Warsaw University of Technology, Poland, 2012; pp July 29, 2012.</description>
        <location>Report + data file from personal communication</location>
        <figure>Fig. p. 15, full green square, H2/CO = 3, air, 80% dilution (70% N2, 10% CO2), T = 325 K.</figure>
        <details>
            <address>Warsaw University of Technology, Poland</address>
            <author>Loh{\"{o}}fener, Burkhard and Roungos, Efstratios and Voss, Stefan and Trimis, Dimosthenis</author>
            <booktitle>2$^{\text{nd}}$ Heat Flux Burner Workshop</booktitle>
            <month>July 29, 2012</month>
            <title>Burning velocities of low calorific value hydrogen and carbon monoxide gas mixtures</title>
            <year>2012</year>
        </details>
    </bibliographyLink>
    <experimentType>laminar burning velocity measurement</experimentType>
    <apparatus>
        <kind>flame</kind>
        <mode>premixed</mode>
        <mode>laminar</mode>
    </apparatus>
    <commonProperties>
        <property name="temperature"                   label="T"  sourcetype="reported"   units="K"    ><value>325</value></property>
        <property name="pressure"                      label="P"  sourcetype="estimated"  units="atm"  ><value>0.966</value></property>
        <property name="evaluated standard deviation"  sourcetype="estimated"  units="cm/s"  reference="laminar burning velocity"  kind="absolute"  method="generic uncertainty" ><value>2.0</value></property>
    </commonProperties>
    <dataGroup id="dg1">
        <property name="laminar burning velocity"  id="x1"   label="Sl"     sourcetype="digitized"   units="cm/s"          />
        <property name="composition"               id="x2"   label="[H2]"   sourcetype="calculated"  units="mole fraction" >
            <speciesLink preferredKey="H2"   CAS="1333-74-0"  InChI="1S/H2/h1H"      SMILES="[HH]"       chemName="hydrogen"        />
        </property>
        <property name="composition"               id="x3"   label="[CO]"   sourcetype="calculated"  units="mole fraction" >
            <speciesLink preferredKey="CO"   CAS="630-08-0"   InChI="1S/CO/c1-2"     SMILES="[C-]#[O+]"  chemName="carbon monoxide" />
        </property>
        <property name="composition"               id="x4"   label="[O2]"   sourcetype="calculated"  units="mole fraction" >
            <speciesLink preferredKey="O2"   CAS="7782-44-7"  InChI="1S/O2/c1-2"     SMILES="O=O"        chemName="oxygen"          />
        </property>
        <property name="composition"               id="x5"   label="[N2]"   sourcetype="calculated"  units="mole fraction" >
            <speciesLink preferredKey="N2"   CAS="7727-37-9"  InChI="1S/N2/c1-2"     SMILES="N#N"        chemName="nitrogen"        />
        </property>
        <property name="composition"               id="x6"   label="[CO2]"  sourcetype="calculated"  units="mole fraction" >
            <speciesLink preferredKey="CO2"  CAS="124-38-9"   InChI="1S/CO2/c2-1-3"  SMILES="C(=O)=O"    chemName="carbon dioxide"  />
        </property>

        <dataPoint><x1>8.690000e+000</x1><x2>9.810000e-002</x2><x3>3.270000e-002</x3><x4>7.270000e-002</x4><x5>7.311000e-001</x5><x6>6.540000e-002</x6></dataPoint>
        <dataPoint><x1>9.720000e+000</x1><x2>1.016000e-001</x2><x3>3.390000e-002</x3><x4>6.780000e-002</x4><x5>7.290000e-001</x5><x6>6.780000e-002</x6></dataPoint>
        <dataPoint><x1>1.147000e+001</x1><x2>1.047000e-001</x2><x3>3.490000e-002</x3><x4>6.350000e-002</x4><x5>7.272000e-001</x5><x6>6.980000e-002</x6></dataPoint>
        <dataPoint><x1>1.221000e+001</x1><x2>1.061000e-001</x2><x3>3.540000e-002</x3><x4>6.150000e-002</x4><x5>7.263000e-001</x5><x6>7.070000e-002</x6></dataPoint>
        <dataPoint><x1>1.241000e+001</x1><x2>1.068000e-001</x2><x3>3.560000e-002</x3><x4>6.060000e-002</x4><x5>7.259000e-001</x5><x6>7.120000e-002</x6></dataPoint>
        <dataPoint><x1>1.254000e+001</x1><x2>1.074000e-001</x2><x3>3.580000e-002</x3><x4>5.970000e-002</x4><x5>7.255000e-001</x5><x6>7.160000e-002</x6></dataPoint>
        <dataPoint><x1>1.254000e+001</x1><x2>1.080000e-001</x2><x3>3.600000e-002</x3><x4>5.880000e-002</x4><x5>7.252000e-001</x5><x6>7.200000e-002</x6></dataPoint>
        <dataPoint><x1>1.245000e+001</x1><x2>1.086000e-001</x2><x3>3.620000e-002</x3><x4>5.790000e-002</x4><x5>7.248000e-001</x5><x6>7.240000e-002</x6></dataPoint>
        <dataPoint><x1>1.199000e+001</x1><x2>1.098000e-001</x2><x3>3.660000e-002</x3><x4>5.630000e-002</x4><x5>7.241000e-001</x5><x6>7.320000e-002</x6></dataPoint>
        <dataPoint><x1>1.034000e+001</x1><x2>1.119000e-001</x2><x3>3.730000e-002</x3><x4>5.330000e-002</x4><x5>7.228000e-001</x5><x6>7.460000e-002</x6></dataPoint>
        <dataPoint><x1>8.570000e+000</x1><x2>1.139000e-001</x2><x3>3.800000e-002</x3><x4>5.060000e-002</x4><x5>7.217000e-001</x5><x6>7.590000e-002</x6></dataPoint>
        <dataPoint><x1>6.400000e+000</x1><x2>1.172000e-001</x2><x3>3.910000e-002</x3><x4>4.600000e-002</x4><x5>7.197000e-001</x5><x6>7.810000e-002</x6></dataPoint>
    </dataGroup>
</experiment>
