<experiment>
    <fileAuthor>Chemical Kinetics Laboratory, Institute of Chemistry, ELTE, Budapest, Hungary</fileAuthor>
    <fileDOI>10.24388/x20001067</fileDOI>
    <fileVersion>
        <major>2</major>
        <minor>0</minor>
    </fileVersion>
    <ReSpecThVersion>
        <major>2</major>
        <minor>3</minor>
    </ReSpecThVersion>
    <firstPublicationDate>2014-06-24</firstPublicationDate>
    <lastModificationDate>2020-11-18</lastModificationDate>
    <bibliographyLink>
        <description>H. J. Burbano; J. Pareja; A. A. Amell, International Journal of Hydrogen Energy 2011, 36, (4), 3232-3242.</description>
        <referenceDOI>10.1016/j.ijhydene.2010.11.089</referenceDOI>
        <location>Main Article</location>
        <figure>Fig. 8, full black triangle.</figure>
        <details>
            <author>Burbano, H J and Pareja, J and Amell, A A</author>
            <journal>International Journal of Hydrogen Energy</journal>
            <number>4</number>
            <pages>3232–-3242</pages>
            <title>Laminar burning velocities and flame stability analysis of H2/CO/air mixtures with dilution of N2 and CO2</title>
            <volume>36</volume>
            <year>2011</year>
        </details>
    </bibliographyLink>
    <experimentType>laminar burning velocity measurement</experimentType>
    <apparatus>
        <kind>flame</kind>
        <mode>premixed</mode>
        <mode>laminar</mode>
    </apparatus>
    <commonProperties>
        <property name="temperature"                   label="T"  sourcetype="reported"   units="K"    ><value>303</value></property>
        <property name="pressure"                      label="P"  sourcetype="reported"   units="atm"  ><value>0.95</value></property>
        <property name="evaluated standard deviation"  sourcetype="estimated"  units="cm/s"  reference="laminar burning velocity"  kind="absolute"  method="statistical scatter" ><value>2.42</value></property>
    </commonProperties>
    <dataGroup id="dg1">
        <property name="laminar burning velocity"  id="x1"   label="Sl"     sourcetype="digitized"   units="cm/s"          />
        <property name="composition"               id="x2"   label="[CO]"   sourcetype="calculated"  units="mole fraction" >
            <speciesLink preferredKey="CO"   CAS="630-08-0"   InChI="1S/CO/c1-2"     SMILES="[C-]#[O+]"  chemName="carbon monoxide" />
        </property>
        <property name="composition"               id="x3"   label="[H2]"   sourcetype="calculated"  units="mole fraction" >
            <speciesLink preferredKey="H2"   CAS="1333-74-0"  InChI="1S/H2/h1H"      SMILES="[HH]"       chemName="hydrogen"        />
        </property>
        <property name="composition"               id="x4"   label="[O2]"   sourcetype="calculated"  units="mole fraction" >
            <speciesLink preferredKey="O2"   CAS="7782-44-7"  InChI="1S/O2/c1-2"     SMILES="O=O"        chemName="oxygen"          />
        </property>
        <property name="composition"               id="x5"   label="[N2]"   sourcetype="calculated"  units="mole fraction" >
            <speciesLink preferredKey="N2"   CAS="7727-37-9"  InChI="1S/N2/c1-2"     SMILES="N#N"        chemName="nitrogen"        />
        </property>
        <property name="composition"               id="x6"   label="[CO2]"  sourcetype="calculated"  units="mole fraction" >
            <speciesLink preferredKey="CO2"  CAS="124-38-9"   InChI="1S/CO2/c2-1-3"  SMILES="C(=O)=O"    chemName="carbon dioxide"  />
        </property>

        <dataPoint><x1>6.870000e+001</x1><x2>1.227000e-001</x2><x3>1.227000e-001</x3><x4>1.528000e-001</x4><x5>5.745000e-001</x5><x6>2.730000e-002</x6></dataPoint>
        <dataPoint><x1>1.004400e+002</x1><x2>1.434000e-001</x2><x3>1.434000e-001</x3><x4>1.431000e-001</x4><x5>5.381000e-001</x5><x6>3.190000e-002</x6></dataPoint>
        <dataPoint><x1>1.465200e+002</x1><x2>1.782000e-001</x2><x3>1.782000e-001</x3><x4>1.269000e-001</x4><x5>4.771000e-001</x5><x6>3.960000e-002</x6></dataPoint>
        <dataPoint><x1>1.678300e+002</x1><x2>2.053000e-001</x2><x3>2.053000e-001</x3><x4>1.142000e-001</x4><x5>4.295000e-001</x5><x6>4.560000e-002</x6></dataPoint>
        <dataPoint><x1>1.713000e+002</x1><x2>2.176000e-001</x2><x3>2.176000e-001</x3><x4>1.085000e-001</x4><x5>4.079000e-001</x5><x6>4.840000e-002</x6></dataPoint>
        <dataPoint><x1>1.682600e+002</x1><x2>2.280000e-001</x2><x3>2.280000e-001</x3><x4>1.036000e-001</x4><x5>3.896000e-001</x5><x6>5.070000e-002</x6></dataPoint>
        <dataPoint><x1>1.452200e+002</x1><x2>2.471000e-001</x2><x3>2.471000e-001</x3><x4>9.470000e-002</x4><x5>3.562000e-001</x5><x6>5.490000e-002</x6></dataPoint>
        <dataPoint><x1>1.234800e+002</x1><x2>2.617000e-001</x2><x3>2.617000e-001</x3><x4>8.790000e-002</x4><x5>3.305000e-001</x5><x6>5.820000e-002</x6></dataPoint>
        <dataPoint><x1>1.026100e+002</x1><x2>2.762000e-001</x2><x3>2.762000e-001</x3><x4>8.110000e-002</x4><x5>3.051000e-001</x5><x6>6.140000e-002</x6></dataPoint>
        <dataPoint><x1>8.565000e+001</x1><x2>2.883000e-001</x2><x3>2.883000e-001</x3><x4>7.550000e-002</x4><x5>2.838000e-001</x5><x6>6.410000e-002</x6></dataPoint>
        <dataPoint><x1>6.696000e+001</x1><x2>3.009000e-001</x2><x3>3.009000e-001</x3><x4>6.960000e-002</x4><x5>2.617000e-001</x5><x6>6.690000e-002</x6></dataPoint>
    </dataGroup>
</experiment>
