<experiment>
    <fileAuthor>Chemical Kinetics Laboratory, Institute of Chemistry, ELTE, Budapest, Hungary</fileAuthor>
    <fileDOI>10.24388/x20001184</fileDOI>
    <fileVersion>
        <major>2</major>
        <minor>0</minor>
    </fileVersion>
    <ReSpecThVersion>
        <major>2</major>
        <minor>3</minor>
    </ReSpecThVersion>
    <firstPublicationDate>2014-06-24</firstPublicationDate>
    <lastModificationDate>2020-11-18</lastModificationDate>
    <bibliographyLink>
        <description>B. Lohoefener; E. Roungos; S. Voss; D. Trimis, in: 2nd Heat Flux Burner Workshop, Warsaw University of Technology, Poland, 2012; pp July 29, 2012.</description>
        <location>Report + data file from personal communication</location>
        <figure>Fig. p. 12, full blue circle, H2/CO = 2, air, 70% N2 dilution.</figure>
        <details>
            <address>Warsaw University of Technology, Poland</address>
            <author>Loh{\"{o}}fener, Burkhard and Roungos, Efstratios and Voss, Stefan and Trimis, Dimosthenis</author>
            <booktitle>2$^{\text{nd}}$ Heat Flux Burner Workshop</booktitle>
            <month>July 29, 2012</month>
            <title>Burning velocities of low calorific value hydrogen and carbon monoxide gas mixtures</title>
            <year>2012</year>
        </details>
    </bibliographyLink>
    <experimentType>laminar burning velocity measurement</experimentType>
    <apparatus>
        <kind>flame</kind>
        <mode>premixed</mode>
        <mode>laminar</mode>
    </apparatus>
    <commonProperties>
        <property name="temperature"                   label="T"  sourcetype="reported"   units="K"    ><value>298</value></property>
        <property name="pressure"                      label="P"  sourcetype="estimated"  units="atm"  ><value>0.96</value></property>
        <property name="evaluated standard deviation"  sourcetype="estimated"  units="cm/s"  reference="laminar burning velocity"  kind="absolute"  method="generic uncertainty" ><value>2.0</value></property>
    </commonProperties>
    <dataGroup id="dg1">
        <property name="laminar burning velocity"  id="x1"   label="Sl"    sourcetype="digitized"   units="cm/s"          />
        <property name="composition"               id="x2"   label="[H2]"  sourcetype="calculated"  units="mole fraction" >
            <speciesLink preferredKey="H2"  CAS="1333-74-0"  InChI="1S/H2/h1H"   SMILES="[HH]"       chemName="hydrogen"        />
        </property>
        <property name="composition"               id="x3"   label="[CO]"  sourcetype="calculated"  units="mole fraction" >
            <speciesLink preferredKey="CO"  CAS="630-08-0"   InChI="1S/CO/c1-2"  SMILES="[C-]#[O+]"  chemName="carbon monoxide" />
        </property>
        <property name="composition"               id="x4"   label="[O2]"  sourcetype="calculated"  units="mole fraction" >
            <speciesLink preferredKey="O2"  CAS="7782-44-7"  InChI="1S/O2/c1-2"  SMILES="O=O"        chemName="oxygen"          />
        </property>
        <property name="composition"               id="x5"   label="[N2]"  sourcetype="calculated"  units="mole fraction" >
            <speciesLink preferredKey="N2"  CAS="7727-37-9"  InChI="1S/N2/c1-2"  SMILES="N#N"        chemName="nitrogen"        />
        </property>

        <dataPoint><x1>2.628000e+001</x1><x2>1.115000e-001</x2><x3>5.580000e-002</x3><x4>9.290000e-002</x4><x5>7.398000e-001</x5></dataPoint>
        <dataPoint><x1>3.077000e+001</x1><x2>1.167000e-001</x2><x3>5.830000e-002</x3><x4>8.750000e-002</x4><x5>7.375000e-001</x5></dataPoint>
        <dataPoint><x1>3.457000e+001</x1><x2>1.213000e-001</x2><x3>6.060000e-002</x3><x4>8.270000e-002</x4><x5>7.354000e-001</x5></dataPoint>
        <dataPoint><x1>3.719000e+001</x1><x2>1.254000e-001</x2><x3>6.270000e-002</x3><x4>7.840000e-002</x4><x5>7.335000e-001</x5></dataPoint>
        <dataPoint><x1>3.838000e+001</x1><x2>1.291000e-001</x2><x3>6.450000e-002</x3><x4>7.450000e-002</x4><x5>7.319000e-001</x5></dataPoint>
        <dataPoint><x1>3.784000e+001</x1><x2>1.325000e-001</x2><x3>6.620000e-002</x3><x4>7.100000e-002</x4><x5>7.304000e-001</x5></dataPoint>
        <dataPoint><x1>3.582000e+001</x1><x2>1.355000e-001</x2><x3>6.780000e-002</x3><x4>6.780000e-002</x4><x5>7.290000e-001</x5></dataPoint>
        <dataPoint><x1>3.297000e+001</x1><x2>1.383000e-001</x2><x3>6.910000e-002</x3><x4>6.480000e-002</x4><x5>7.277000e-001</x5></dataPoint>
        <dataPoint><x1>2.918000e+001</x1><x2>1.408000e-001</x2><x3>7.040000e-002</x3><x4>6.210000e-002</x4><x5>7.266000e-001</x5></dataPoint>
        <dataPoint><x1>2.561000e+001</x1><x2>1.432000e-001</x2><x3>7.160000e-002</x3><x4>5.970000e-002</x4><x5>7.255000e-001</x5></dataPoint>
        <dataPoint><x1>2.209000e+001</x1><x2>1.454000e-001</x2><x3>7.270000e-002</x3><x4>5.740000e-002</x4><x5>7.246000e-001</x5></dataPoint>
    </dataGroup>
</experiment>
