<experiment>
    <fileAuthor>Chemical Kinetics Laboratory, Institute of Chemistry, ELTE, Budapest, Hungary</fileAuthor>
    <fileDOI>10.24388/x20001035</fileDOI>
    <fileVersion>
        <major>1</major>
        <minor>1</minor>
    </fileVersion>
    <ReSpecThVersion>
        <major>2</major>
        <minor>3</minor>
    </ReSpecThVersion>
    <firstPublicationDate>2014-06-24</firstPublicationDate>
    <lastModificationDate>2020-11-18</lastModificationDate>
    <bibliographyLink>
        <description>Natarajan, J.; Kochar, Y.; Lieuwen, T.; Seitzman, J., Proceedings of the Combustion Institute 2009, 32, 1261-1268.</description>
        <referenceDOI>10.1016/j.proci.2008.06.110</referenceDOI>
        <location>Main Article</location>
        <figure>Fig. 3, open dark blue diamond.</figure>
        <details>
            <author>Natarajan, J and Kochar, Y and Lieuwen, T and Seitzman, J</author>
            <journal>Proc Combust Inst</journal>
            <pages>1261--1268</pages>
            <title>Pressure and preheat dependence of laminarflame speeds of H$_{2}$/CO/CO$_{2}$/O$_{2}$/He mixtures</title>
            <volume>32</volume>
            <year>2009</year>
        </details>
    </bibliographyLink>
    <experimentType>laminar burning velocity measurement</experimentType>
    <apparatus>
        <kind>flame</kind>
        <mode>premixed</mode>
        <mode>laminar</mode>
    </apparatus>
    <commonProperties>
        <property name="temperature"                   label="T"  sourcetype="reported"   units="K"    ><value>300</value></property>
        <property name="pressure"                      label="P"  sourcetype="reported"   units="atm"  ><value>1</value></property>
        <property name="evaluated standard deviation"  sourcetype="estimated"  units="cm/s"  reference="laminar burning velocity"  kind="absolute"  method="generic uncertainty" ><value>2.0</value></property>
    </commonProperties>
    <dataGroup id="dg1">
        <property name="laminar burning velocity"  id="x1"   label="Sl"    sourcetype="digitized"   units="cm/s"          />
        <property name="composition"               id="x2"   label="[CO]"  sourcetype="calculated"  units="mole fraction" >
            <speciesLink preferredKey="CO"  CAS="630-08-0"   InChI="1S/CO/c1-2"  SMILES="[C-]#[O+]"  chemName="carbon monoxide" />
        </property>
        <property name="composition"               id="x3"   label="[H2]"  sourcetype="calculated"  units="mole fraction" >
            <speciesLink preferredKey="H2"  CAS="1333-74-0"  InChI="1S/H2/h1H"   SMILES="[HH]"       chemName="hydrogen"        />
        </property>
        <property name="composition"               id="x4"   label="[O2]"  sourcetype="calculated"  units="mole fraction" >
            <speciesLink preferredKey="O2"  CAS="7782-44-7"  InChI="1S/O2/c1-2"  SMILES="O=O"        chemName="oxygen"          />
        </property>
        <property name="composition"               id="x5"   label="[N2]"  sourcetype="calculated"  units="mole fraction" >
            <speciesLink preferredKey="N2"  CAS="7727-37-9"  InChI="1S/N2/c1-2"  SMILES="N#N"        chemName="nitrogen"        />
        </property>

        <dataPoint><x1>4.296880e+001</x1><x2>1.011000e-001</x2><x3>1.011000e-001</x3><x4>1.676000e-001</x4><x5>6.302000e-001</x5></dataPoint>
        <dataPoint><x1>4.687500e+001</x1><x2>1.056000e-001</x2><x3>1.056000e-001</x3><x4>1.657000e-001</x4><x5>6.231000e-001</x5></dataPoint>
        <dataPoint><x1>5.175780e+001</x1><x2>1.097000e-001</x2><x3>1.097000e-001</x3><x4>1.640000e-001</x4><x5>6.166000e-001</x5></dataPoint>
        <dataPoint><x1>6.250000e+001</x1><x2>1.161000e-001</x2><x3>1.161000e-001</x3><x4>1.613000e-001</x4><x5>6.065000e-001</x5></dataPoint>
        <dataPoint><x1>6.542970e+001</x1><x2>1.183000e-001</x2><x3>1.183000e-001</x3><x4>1.604000e-001</x4><x5>6.030000e-001</x5></dataPoint>
        <dataPoint><x1>7.421870e+001</x1><x2>1.245000e-001</x2><x3>1.245000e-001</x3><x4>1.578000e-001</x4><x5>5.932000e-001</x5></dataPoint>
        <dataPoint><x1>8.105470e+001</x1><x2>1.287000e-001</x2><x3>1.287000e-001</x3><x4>1.560000e-001</x4><x5>5.866000e-001</x5></dataPoint>
        <dataPoint><x1>9.082030e+001</x1><x2>1.337000e-001</x2><x3>1.337000e-001</x3><x4>1.539000e-001</x4><x5>5.787000e-001</x5></dataPoint>
        <dataPoint><x1>9.863280e+001</x1><x2>1.385000e-001</x2><x3>1.385000e-001</x3><x4>1.519000e-001</x4><x5>5.711000e-001</x5></dataPoint>
        <dataPoint><x1>1.054690e+002</x1><x2>1.431000e-001</x2><x3>1.431000e-001</x3><x4>1.500000e-001</x4><x5>5.638000e-001</x5></dataPoint>
        <dataPoint><x1>1.123050e+002</x1><x2>1.476000e-001</x2><x3>1.476000e-001</x3><x4>1.481000e-001</x4><x5>5.567000e-001</x5></dataPoint>
        <dataPoint><x1>1.191410e+002</x1><x2>1.518000e-001</x2><x3>1.518000e-001</x3><x4>1.463000e-001</x4><x5>5.500000e-001</x5></dataPoint>
    </dataGroup>
</experiment>
