<experiment>
    <fileAuthor>Chemical Kinetics Laboratory, Institute of Chemistry, ELTE, Budapest, Hungary</fileAuthor>
    <fileDOI>10.24388/x20001179</fileDOI>
    <fileVersion>
        <major>2</major>
        <minor>0</minor>
    </fileVersion>
    <ReSpecThVersion>
        <major>2</major>
        <minor>3</minor>
    </ReSpecThVersion>
    <firstPublicationDate>2014-06-24</firstPublicationDate>
    <lastModificationDate>2020-11-18</lastModificationDate>
    <bibliographyLink>
        <description>M. P. Burke; X. Qin; Y. Ju; F. L. Dryer, in: 5th US Combustion Meeting Organized by the Western States Section of the Combustion Institute, University of California at San Diego, March 25-28, 2007, Paper #A16.</description>
        <location>Main Article</location>
        <figure>Fig. 7b, full triangle.</figure>
        <details>
            <address>University of California at San Diego, March 25--28, 2007, Paper {\#}A16</address>
            <author>Burke, M P and Qin, X and Ju, Y and Dryer, F L</author>
            <booktitle>5$^{\text{th}}$ US Combustion Meeting Organized by the Western States Section of the Combustion Institute</booktitle>
            <title>Measurements of Hydrogen Syngas Flame Speeds at Elevated Pressures</title>
            <year>2007</year>
        </details>
    </bibliographyLink>
    <experimentType>laminar burning velocity measurement</experimentType>
    <apparatus>
        <kind>flame</kind>
        <mode>premixed</mode>
        <mode>laminar</mode>
    </apparatus>
    <commonProperties>
        <property name="temperature"                   label="T"  sourcetype="estimated"  units="K"    ><value>298</value></property>
        <property name="pressure"                      label="P"  sourcetype="reported"   units="atm"  ><value>10</value></property>
        <property name="evaluated standard deviation"  sourcetype="estimated"  units="cm/s"  reference="laminar burning velocity"  kind="absolute"  method="generic uncertainty" ><value>2.0</value></property>
    </commonProperties>
    <dataGroup id="dg1">
        <property name="laminar burning velocity"  id="x1"   label="Sl"     sourcetype="digitized"   units="cm/s"          />
        <property name="composition"               id="x2"   label="[CO]"   sourcetype="calculated"  units="mole fraction" >
            <speciesLink preferredKey="CO"   CAS="630-08-0"   InChI="1S/CO/c1-2"     SMILES="[C-]#[O+]"  chemName="carbon monoxide" />
        </property>
        <property name="composition"               id="x3"   label="[H2]"   sourcetype="calculated"  units="mole fraction" >
            <speciesLink preferredKey="H2"   CAS="1333-74-0"  InChI="1S/H2/h1H"      SMILES="[HH]"       chemName="hydrogen"        />
        </property>
        <property name="composition"               id="x4"   label="[O2]"   sourcetype="calculated"  units="mole fraction" >
            <speciesLink preferredKey="O2"   CAS="7782-44-7"  InChI="1S/O2/c1-2"     SMILES="O=O"        chemName="oxygen"          />
        </property>
        <property name="composition"               id="x5"   label="[He]"   sourcetype="calculated"  units="mole fraction" >
            <speciesLink preferredKey="He"   CAS="7440-59-7"  InChI="1S/He"          SMILES="[He]"       chemName="helium"          />
        </property>
        <property name="composition"               id="x6"   label="[CO2]"  sourcetype="calculated"  units="mole fraction" >
            <speciesLink preferredKey="CO2"  CAS="124-38-9"   InChI="1S/CO2/c2-1-3"  SMILES="C(=O)=O"    chemName="carbon dioxide"  />
        </property>

        <dataPoint><x1>6.185000e+001</x1><x2>1.484400e-001</x2><x3>4.948000e-002</x3><x4>9.896000e-002</x4><x5>6.927100e-001</x5><x6>1.042000e-002</x6></dataPoint>
        <dataPoint><x1>5.610000e+001</x1><x2>1.467400e-001</x2><x3>4.891000e-002</x3><x4>9.783000e-002</x4><x5>6.847800e-001</x5><x6>2.174000e-002</x6></dataPoint>
        <dataPoint><x1>5.098000e+001</x1><x2>1.448900e-001</x2><x3>4.830000e-002</x3><x4>9.659000e-002</x4><x5>6.761400e-001</x5><x6>3.409000e-002</x6></dataPoint>
        <dataPoint><x1>4.507000e+001</x1><x2>1.428600e-001</x2><x3>4.762000e-002</x3><x4>9.524000e-002</x4><x5>6.666700e-001</x5><x6>4.762000e-002</x6></dataPoint>
        <dataPoint><x1>3.947000e+001</x1><x2>1.406300e-001</x2><x3>4.688000e-002</x3><x4>9.375000e-002</x4><x5>6.562500e-001</x5><x6>6.250000e-002</x6></dataPoint>
    </dataGroup>
</experiment>
