<experiment>
    <fileAuthor>Chemical Kinetics Laboratory, Institute of Chemistry, ELTE, Budapest, Hungary</fileAuthor>
    <fileDOI>10.24388/x20001178</fileDOI>
    <fileVersion>
        <major>2</major>
        <minor>0</minor>
    </fileVersion>
    <ReSpecThVersion>
        <major>2</major>
        <minor>3</minor>
    </ReSpecThVersion>
    <firstPublicationDate>2014-06-24</firstPublicationDate>
    <lastModificationDate>2020-11-18</lastModificationDate>
    <bibliographyLink>
        <description>M. P. Burke; X. Qin; Y. Ju; F. L. Dryer, in: 5th US Combustion Meeting Organized by the Western States Section of the Combustion Institute, University of California at San Diego, March 25-28, 2007, Paper #A16.</description>
        <location>Main Article</location>
        <figure>Fig. 7a, full diamond.</figure>
        <details>
            <address>University of California at San Diego, March 25--28, 2007, Paper {\#}A16</address>
            <author>Burke, M P and Qin, X and Ju, Y and Dryer, F L</author>
            <booktitle>5$^{\text{th}}$ US Combustion Meeting Organized by the Western States Section of the Combustion Institute</booktitle>
            <title>Measurements of Hydrogen Syngas Flame Speeds at Elevated Pressures</title>
            <year>2007</year>
        </details>
    </bibliographyLink>
    <experimentType>laminar burning velocity measurement</experimentType>
    <apparatus>
        <kind>flame</kind>
        <mode>premixed</mode>
        <mode>laminar</mode>
    </apparatus>
    <commonProperties>
        <property name="temperature"                   label="T"  sourcetype="estimated"  units="K"    ><value>298</value></property>
        <property name="pressure"                      label="P"  sourcetype="reported"   units="atm"  ><value>20</value></property>
        <property name="evaluated standard deviation"  sourcetype="estimated"  units="cm/s"  reference="laminar burning velocity"  kind="absolute"  method="statistical scatter" ><value>2.28</value></property>
    </commonProperties>
    <dataGroup id="dg1">
        <property name="laminar burning velocity"  id="x1"   label="Sl"    sourcetype="digitized"   units="cm/s"          />
        <property name="composition"               id="x2"   label="[CO]"  sourcetype="calculated"  units="mole fraction" >
            <speciesLink preferredKey="CO"  CAS="630-08-0"   InChI="1S/CO/c1-2"  SMILES="[C-]#[O+]"  chemName="carbon monoxide" />
        </property>
        <property name="composition"               id="x3"   label="[H2]"  sourcetype="calculated"  units="mole fraction" >
            <speciesLink preferredKey="H2"  CAS="1333-74-0"  InChI="1S/H2/h1H"   SMILES="[HH]"       chemName="hydrogen"        />
        </property>
        <property name="composition"               id="x4"   label="[O2]"  sourcetype="calculated"  units="mole fraction" >
            <speciesLink preferredKey="O2"  CAS="7782-44-7"  InChI="1S/O2/c1-2"  SMILES="O=O"        chemName="oxygen"          />
        </property>
        <property name="composition"               id="x5"   label="[He]"  sourcetype="calculated"  units="mole fraction" >
            <speciesLink preferredKey="He"  CAS="7440-59-7"  InChI="1S/He"       SMILES="[He]"       chemName="helium"          />
        </property>

        <dataPoint><x1>3.829000e+001</x1><x2>1.250000e-001</x2><x3>4.167000e-002</x3><x4>1.041700e-001</x4><x5>7.291700e-001</x5></dataPoint>
        <dataPoint><x1>5.775000e+001</x1><x2>1.500000e-001</x2><x3>5.000000e-002</x3><x4>1.000000e-001</x4><x5>7.000000e-001</x5></dataPoint>
        <dataPoint><x1>7.101000e+001</x1><x2>1.730800e-001</x2><x3>5.769000e-002</x3><x4>9.615000e-002</x4><x5>6.730800e-001</x5></dataPoint>
        <dataPoint><x1>7.721000e+001</x1><x2>1.944400e-001</x2><x3>6.481000e-002</x3><x4>9.259000e-002</x4><x5>6.481500e-001</x5></dataPoint>
        <dataPoint><x1>8.124000e+001</x1><x2>2.142900e-001</x2><x3>7.143000e-002</x3><x4>8.929000e-002</x4><x5>6.250000e-001</x5></dataPoint>
        <dataPoint><x1>8.074000e+001</x1><x2>2.327600e-001</x2><x3>7.759000e-002</x3><x4>8.621000e-002</x4><x5>6.034500e-001</x5></dataPoint>
        <dataPoint><x1>7.520000e+001</x1><x2>2.582000e-001</x2><x3>8.607000e-002</x3><x4>8.197000e-002</x4><x5>5.737700e-001</x5></dataPoint>
        <dataPoint><x1>5.289000e+001</x1><x2>2.884600e-001</x2><x3>9.615000e-002</x3><x4>7.692000e-002</x4><x5>5.384600e-001</x5></dataPoint>
        <dataPoint><x1>3.040000e+001</x1><x2>3.214300e-001</x2><x3>1.071400e-001</x3><x4>7.143000e-002</x4><x5>5.000000e-001</x5></dataPoint>
    </dataGroup>
</experiment>
