<experiment>
    <fileAuthor>Chemical Kinetics Laboratory, Institute of Chemistry, ELTE, Budapest, Hungary</fileAuthor>
    <fileDOI>10.24388/x20001049</fileDOI>
    <fileVersion>
        <major>2</major>
        <minor>0</minor>
    </fileVersion>
    <ReSpecThVersion>
        <major>2</major>
        <minor>3</minor>
    </ReSpecThVersion>
    <firstPublicationDate>2014-06-24</firstPublicationDate>
    <lastModificationDate>2020-11-18</lastModificationDate>
    <bibliographyLink>
        <description>N. Bouvet; S. Y. Lee; I. Gökalp; R. J. Santoro, Proceedings of the European Combustion Meeting 2007, 3, 6-17.</description>
        <location>Main Article</location>
        <figure>Fig. 7, H2/CO = 70/30, full pink square.</figure>
        <details>
            <author>Bouvet, N and Lee, S Y and G{\"{o}}kalp, I and Santoro, R J</author>
            <journal>Proc 3$^{\text{rd}}$ Europ Combust Meeting</journal>
            <pages>6--17</pages>
            <title>Flame Speed Characteristics of Syngas (H$_{2}$-CO) with Straight Burners for Laminar Premixed Flames</title>
            <year>2007</year>
        </details>
    </bibliographyLink>
    <experimentType>laminar burning velocity measurement</experimentType>
    <apparatus>
        <kind>flame</kind>
        <mode>cylindrical</mode>
        <mode>premixed</mode>
        <mode>laminar</mode>
    </apparatus>
    <commonProperties>
        <property name="temperature"                   label="T"  sourcetype="reported"   units="K"    ><value>298</value></property>
        <property name="pressure"                      label="P"  sourcetype="reported"   units="atm"  ><value>1</value></property>
        <property name="evaluated standard deviation"  sourcetype="estimated"  units="cm/s"  reference="laminar burning velocity"  kind="absolute"  method="generic uncertainty" ><value>2.0</value></property>
    </commonProperties>
    <dataGroup id="dg1">
        <property name="laminar burning velocity"  id="x1"   label="Sl"    sourcetype="digitized"   units="cm/s"          />
        <property name="composition"               id="x2"   label="[CO]"  sourcetype="calculated"  units="mole fraction" >
            <speciesLink preferredKey="CO"  CAS="630-08-0"   InChI="1S/CO/c1-2"  SMILES="[C-]#[O+]"  chemName="carbon monoxide" />
        </property>
        <property name="composition"               id="x3"   label="[H2]"  sourcetype="calculated"  units="mole fraction" >
            <speciesLink preferredKey="H2"  CAS="1333-74-0"  InChI="1S/H2/h1H"   SMILES="[HH]"       chemName="hydrogen"        />
        </property>
        <property name="composition"               id="x4"   label="[O2]"  sourcetype="calculated"  units="mole fraction" >
            <speciesLink preferredKey="O2"  CAS="7782-44-7"  InChI="1S/O2/c1-2"  SMILES="O=O"        chemName="oxygen"          />
        </property>
        <property name="composition"               id="x5"   label="[N2]"  sourcetype="calculated"  units="mole fraction" >
            <speciesLink preferredKey="N2"  CAS="7727-37-9"  InChI="1S/N2/c1-2"  SMILES="N#N"        chemName="nitrogen"        />
        </property>

        <dataPoint><x1>7.853000e+001</x1><x2>6.920000e-002</x2><x3>1.614000e-001</x3><x4>1.617000e-001</x4><x5>6.078000e-001</x5></dataPoint>
        <dataPoint><x1>8.665380e+001</x1><x2>7.200000e-002</x2><x3>1.680000e-001</x3><x4>1.597000e-001</x4><x5>6.003000e-001</x5></dataPoint>
        <dataPoint><x1>9.903290e+001</x1><x2>7.570000e-002</x2><x3>1.766000e-001</x3><x4>1.571000e-001</x4><x5>5.907000e-001</x5></dataPoint>
        <dataPoint><x1>1.129590e+002</x1><x2>7.990000e-002</x2><x3>1.864000e-001</x3><x4>1.541000e-001</x4><x5>5.796000e-001</x5></dataPoint>
        <dataPoint><x1>1.222440e+002</x1><x2>8.250000e-002</x2><x3>1.924000e-001</x3><x4>1.523000e-001</x4><x5>5.727000e-001</x5></dataPoint>
    </dataGroup>
</experiment>
