<experiment>
    <fileAuthor>Chemical Kinetics Laboratory, Institute of Chemistry, ELTE, Budapest, Hungary</fileAuthor>
    <fileDOI>10.24388/x20001189</fileDOI>
    <fileVersion>
        <major>2</major>
        <minor>0</minor>
    </fileVersion>
    <ReSpecThVersion>
        <major>2</major>
        <minor>3</minor>
    </ReSpecThVersion>
    <firstPublicationDate>2014-06-24</firstPublicationDate>
    <lastModificationDate>2020-11-18</lastModificationDate>
    <bibliographyLink>
        <description>B. Lohoefener; E. Roungos; S. Voss; D. Trimis, in: 2nd Heat Flux Burner Workshop, Warsaw University of Technology, Poland, 2012; pp July 29, 2012.</description>
        <location>Report + data file from personal communication</location>
        <figure>Fig. p. 14, full green triangle, H2/CO = 2, air, 60% dilution (50% N2, 10% CO2).</figure>
        <details>
            <address>Warsaw University of Technology, Poland</address>
            <author>Loh{\"{o}}fener, Burkhard and Roungos, Efstratios and Voss, Stefan and Trimis, Dimosthenis</author>
            <booktitle>2$^{\text{nd}}$ Heat Flux Burner Workshop</booktitle>
            <month>July 29, 2012</month>
            <title>Burning velocities of low calorific value hydrogen and carbon monoxide gas mixtures</title>
            <year>2012</year>
        </details>
    </bibliographyLink>
    <experimentType>laminar burning velocity measurement</experimentType>
    <apparatus>
        <kind>flame</kind>
        <mode>premixed</mode>
        <mode>laminar</mode>
    </apparatus>
    <commonProperties>
        <property name="temperature"                   label="T"  sourcetype="reported"   units="K"    ><value>300</value></property>
        <property name="pressure"                      label="P"  sourcetype="estimated"  units="atm"  ><value>0.966</value></property>
        <property name="evaluated standard deviation"  sourcetype="estimated"  units="cm/s"  reference="laminar burning velocity"  kind="absolute"  method="generic uncertainty" ><value>2.0</value></property>
    </commonProperties>
    <dataGroup id="dg1">
        <property name="laminar burning velocity"  id="x1"   label="Sl"     sourcetype="digitized"   units="cm/s"          />
        <property name="composition"               id="x2"   label="[H2]"   sourcetype="calculated"  units="mole fraction" >
            <speciesLink preferredKey="H2"   CAS="1333-74-0"  InChI="1S/H2/h1H"      SMILES="[HH]"       chemName="hydrogen"        />
        </property>
        <property name="composition"               id="x3"   label="[CO]"   sourcetype="calculated"  units="mole fraction" >
            <speciesLink preferredKey="CO"   CAS="630-08-0"   InChI="1S/CO/c1-2"     SMILES="[C-]#[O+]"  chemName="carbon monoxide" />
        </property>
        <property name="composition"               id="x4"   label="[O2]"   sourcetype="calculated"  units="mole fraction" >
            <speciesLink preferredKey="O2"   CAS="7782-44-7"  InChI="1S/O2/c1-2"     SMILES="O=O"        chemName="oxygen"          />
        </property>
        <property name="composition"               id="x5"   label="[N2]"   sourcetype="calculated"  units="mole fraction" >
            <speciesLink preferredKey="N2"   CAS="7727-37-9"  InChI="1S/N2/c1-2"     SMILES="N#N"        chemName="nitrogen"        />
        </property>
        <property name="composition"               id="x6"   label="[CO2]"  sourcetype="calculated"  units="mole fraction" >
            <speciesLink preferredKey="CO2"  CAS="124-38-9"   InChI="1S/CO2/c2-1-3"  SMILES="C(=O)=O"    chemName="carbon dioxide"  />
        </property>

        <dataPoint><x1>2.738000e+001</x1><x2>1.130000e-001</x2><x3>5.650000e-002</x3><x4>1.211000e-001</x4><x5>6.671000e-001</x5><x6>4.240000e-002</x6></dataPoint>
        <dataPoint><x1>4.656000e+001</x1><x2>1.366000e-001</x2><x3>6.830000e-002</x3><x4>1.025000e-001</x4><x5>6.414000e-001</x5><x6>5.120000e-002</x6></dataPoint>
        <dataPoint><x1>5.537000e+001</x1><x2>1.487000e-001</x2><x3>7.430000e-002</x3><x4>9.290000e-002</x4><x5>6.283000e-001</x5><x6>5.580000e-002</x6></dataPoint>
        <dataPoint><x1>5.806000e+001</x1><x2>1.539000e-001</x2><x3>7.700000e-002</x3><x4>8.880000e-002</x4><x5>6.226000e-001</x5><x6>5.770000e-002</x6></dataPoint>
        <dataPoint><x1>5.855000e+001</x1><x2>1.552000e-001</x2><x3>7.760000e-002</x3><x4>8.780000e-002</x4><x5>6.212000e-001</x5><x6>5.820000e-002</x6></dataPoint>
        <dataPoint><x1>5.894000e+001</x1><x2>1.564000e-001</x2><x3>7.820000e-002</x3><x4>8.690000e-002</x4><x5>6.199000e-001</x5><x6>5.860000e-002</x6></dataPoint>
        <dataPoint><x1>5.924000e+001</x1><x2>1.576000e-001</x2><x3>7.880000e-002</x3><x4>8.590000e-002</x4><x5>6.186000e-001</x5><x6>5.910000e-002</x6></dataPoint>
        <dataPoint><x1>5.940000e+001</x1><x2>1.587000e-001</x2><x3>7.940000e-002</x3><x4>8.500000e-002</x4><x5>6.173000e-001</x5><x6>5.950000e-002</x6></dataPoint>
        <dataPoint><x1>5.909000e+001</x1><x2>1.631000e-001</x2><x3>8.160000e-002</x3><x4>8.160000e-002</x4><x5>6.126000e-001</x5><x6>6.120000e-002</x6></dataPoint>
    </dataGroup>
</experiment>
