<experiment>
    <fileAuthor>Chemical Kinetics Laboratory, Institute of Chemistry, ELTE, Budapest, Hungary</fileAuthor>
    <fileDOI>10.24388/x20001015</fileDOI>
    <fileVersion>
        <major>2</major>
        <minor>0</minor>
    </fileVersion>
    <ReSpecThVersion>
        <major>2</major>
        <minor>3</minor>
    </ReSpecThVersion>
    <firstPublicationDate>2014-06-24</firstPublicationDate>
    <lastModificationDate>2020-11-18</lastModificationDate>
    <bibliographyLink>
        <description>Das, A.K., Kumar, K., Sung, C.-J., Combustion and Flame, (158), 345-353, 2011.</description>
        <referenceDOI>10.1016/j.combustflame.2010.09.004</referenceDOI>
        <location>Supplementary Material.</location>
        <table>Table(Supplementary Material).</table>
        <figure>Fig. 6, open square.</figure>
        <details>
            <author>Das, Apurba K and Kumar, Kamal and Sung, Chih-Jen</author>
            <journal>Combust Flame</journal>
            <number>2</number>
            <pages>345--353</pages>
            <title>Laminar flame speeds of moist syngas mixtures</title>
            <volume>158</volume>
            <year>2011</year>
        </details>
    </bibliographyLink>
    <experimentType>laminar burning velocity measurement</experimentType>
    <apparatus>
        <kind>flame</kind>
        <mode>counterflow</mode>
        <mode>twin flat</mode>
        <mode>premixed</mode>
        <mode>laminar</mode>
    </apparatus>
    <commonProperties>
        <property name="temperature"                   label="T"  sourcetype="reported"   units="K"    ><value>323</value></property>
        <property name="pressure"                      label="P"  sourcetype="reported"   units="atm"  ><value>1</value></property>
        <property name="evaluated standard deviation"  sourcetype="estimated"  units="cm/s"  reference="laminar burning velocity"  kind="absolute"  method="generic uncertainty" ><value>2.0</value></property>
    </commonProperties>
    <dataGroup id="dg1">
        <property name="laminar burning velocity"  id="x1"   label="Sl"     sourcetype="reported"    units="cm/s"          />
        <property name="composition"               id="x2"   label="[H2]"   sourcetype="calculated"  units="mole fraction" >
            <speciesLink preferredKey="H2"   CAS="1333-74-0"  InChI="1S/H2/h1H"    SMILES="[HH]"       chemName="hydrogen"        />
        </property>
        <property name="composition"               id="x3"   label="[CO]"   sourcetype="calculated"  units="mole fraction" >
            <speciesLink preferredKey="CO"   CAS="630-08-0"   InChI="1S/CO/c1-2"   SMILES="[C-]#[O+]"  chemName="carbon monoxide" />
        </property>
        <property name="composition"               id="x4"   label="[O2]"   sourcetype="calculated"  units="mole fraction" >
            <speciesLink preferredKey="O2"   CAS="7782-44-7"  InChI="1S/O2/c1-2"   SMILES="O=O"        chemName="oxygen"          />
        </property>
        <property name="composition"               id="x5"   label="[N2]"   sourcetype="calculated"  units="mole fraction" >
            <speciesLink preferredKey="N2"   CAS="7727-37-9"  InChI="1S/N2/c1-2"   SMILES="N#N"        chemName="nitrogen"        />
        </property>
        <property name="composition"               id="x6"   label="[H2O]"  sourcetype="calculated"  units="mole fraction" >
            <speciesLink preferredKey="H2O"  CAS="7732-18-5"  InChI="1S/H2O/h1H2"  SMILES="O"          chemName="water"           />
        </property>

        <dataPoint><x1>35.0</x1><x2>8.680000e-002</x2><x3>8.680000e-002</x3><x4>1.736000e-001</x4><x5>6.528000e-001</x5><x6>0.000000e+000</x6></dataPoint>
        <dataPoint><x1>33.4</x1><x2>8.560000e-002</x2><x3>8.560000e-002</x3><x4>1.712000e-001</x4><x5>6.437000e-001</x5><x6>1.390000e-002</x6></dataPoint>
        <dataPoint><x1>29.4</x1><x2>8.420000e-002</x2><x3>8.420000e-002</x3><x4>1.685000e-001</x4><x5>6.334000e-001</x5><x6>2.970000e-002</x6></dataPoint>
        <dataPoint><x1>23.7</x1><x2>8.210000e-002</x2><x3>8.210000e-002</x3><x4>1.641000e-001</x4><x5>6.171000e-001</x5><x6>5.470000e-002</x6></dataPoint>
        <dataPoint><x1>19.7</x1><x2>7.940000e-002</x2><x3>7.940000e-002</x3><x4>1.588000e-001</x4><x5>5.970000e-001</x5><x6>8.550000e-002</x6></dataPoint>
    </dataGroup>
</experiment>
