<experiment>
    <fileAuthor>Chemical Kinetics Laboratory, Institute of Chemistry, ELTE, Budapest, Hungary</fileAuthor>
    <fileDOI>10.24388/x20001116</fileDOI>
    <fileVersion>
        <major>2</major>
        <minor>0</minor>
    </fileVersion>
    <ReSpecThVersion>
        <major>2</major>
        <minor>3</minor>
    </ReSpecThVersion>
    <firstPublicationDate>2014-06-24</firstPublicationDate>
    <lastModificationDate>2020-11-18</lastModificationDate>
    <bibliographyLink>
        <description>B. Lewis; G. von Elbe, Combustion, Flames and Explosions of Gases. 2nd ed.; Academic Press: New York and London, 1961.</description>
        <location>Main Article</location>
        <figure>Fig. 190, H2/CO/O2/N2/H2O, f = 0.40.</figure>
        <details>
            <address>Oldenbourg, Berlin</address>
            <author>Jahn, Georg</author>
            <school>Berlin</school>
            <title>Der Z{\"{u}}ndvorgang in Gasgemischen</title>
            <type>Dissertation</type>
            <year>1934</year>
        </details>
    </bibliographyLink>
    <experimentType>laminar burning velocity measurement</experimentType>
    <apparatus>
        <kind>flame</kind>
        <mode>premixed</mode>
        <mode>laminar</mode>
    </apparatus>
    <commonProperties>
        <property name="temperature"                   label="T"  sourcetype="reported"   units="K"    ><value>298</value></property>
        <property name="pressure"                      label="P"  sourcetype="reported"   units="atm"  ><value>1</value></property>
        <property name="evaluated standard deviation"  sourcetype="estimated"  units="cm/s"  reference="laminar burning velocity"  kind="absolute"  method="generic uncertainty" ><value>2.0</value></property>
    </commonProperties>
    <dataGroup id="dg1">
        <property name="laminar burning velocity"  id="x1"   label="Sl"     sourcetype="digitized"   units="cm/s"          />
        <property name="composition"               id="x2"   label="[H2]"   sourcetype="calculated"  units="mole fraction" >
            <speciesLink preferredKey="H2"   CAS="1333-74-0"  InChI="1S/H2/h1H"    SMILES="[HH]"       chemName="hydrogen"        />
        </property>
        <property name="composition"               id="x3"   label="[CO]"   sourcetype="calculated"  units="mole fraction" >
            <speciesLink preferredKey="CO"   CAS="630-08-0"   InChI="1S/CO/c1-2"   SMILES="[C-]#[O+]"  chemName="carbon monoxide" />
        </property>
        <property name="composition"               id="x4"   label="[O2]"   sourcetype="calculated"  units="mole fraction" >
            <speciesLink preferredKey="O2"   CAS="7782-44-7"  InChI="1S/O2/c1-2"   SMILES="O=O"        chemName="oxygen"          />
        </property>
        <property name="composition"               id="x5"   label="[N2]"   sourcetype="calculated"  units="mole fraction" >
            <speciesLink preferredKey="N2"   CAS="7727-37-9"  InChI="1S/N2/c1-2"   SMILES="N#N"        chemName="nitrogen"        />
        </property>
        <property name="composition"               id="x6"   label="[H2O]"  sourcetype="calculated"  units="mole fraction" >
            <speciesLink preferredKey="H2O"  CAS="7732-18-5"  InChI="1S/H2O/h1H2"  SMILES="O"          chemName="water"           />
        </property>

        <dataPoint><x1>5.066000e+001</x1><x2>5.980000e-003</x2><x3>3.872800e-001</x3><x4>2.405400e-001</x4><x5>3.608100e-001</x5><x6>5.380000e-003</x6></dataPoint>
        <dataPoint><x1>5.337000e+001</x1><x2>6.250000e-003</x2><x3>4.050200e-001</x3><x4>2.332400e-001</x4><x5>3.498600e-001</x5><x6>5.630000e-003</x6></dataPoint>
        <dataPoint><x1>5.991000e+001</x1><x2>7.000000e-003</x2><x3>4.533100e-001</x3><x4>2.133600e-001</x4><x5>3.200300e-001</x5><x6>6.300000e-003</x6></dataPoint>
        <dataPoint><x1>6.302000e+001</x1><x2>7.380000e-003</x2><x3>4.779500e-001</x3><x4>2.032100e-001</x4><x5>3.048200e-001</x5><x6>6.640000e-003</x6></dataPoint>
        <dataPoint><x1>6.301000e+001</x1><x2>7.550000e-003</x2><x3>4.887700e-001</x3><x4>1.987500e-001</x4><x5>2.981300e-001</x5><x6>6.790000e-003</x6></dataPoint>
        <dataPoint><x1>7.202000e+001</x1><x2>8.950000e-003</x2><x3>5.794100e-001</x3><x4>1.614400e-001</x4><x5>2.421600e-001</x5><x6>8.050000e-003</x6></dataPoint>
        <dataPoint><x1>7.415000e+001</x1><x2>9.810000e-003</x2><x3>6.355300e-001</x3><x4>1.383300e-001</x4><x5>2.074900e-001</x5><x6>8.830000e-003</x6></dataPoint>
        <dataPoint><x1>7.516000e+001</x1><x2>1.027000e-002</x2><x3>6.650700e-001</x3><x4>1.261700e-001</x4><x5>1.892500e-001</x5><x6>9.240000e-003</x6></dataPoint>
        <dataPoint><x1>7.388000e+001</x1><x2>1.063000e-002</x2><x3>6.886800e-001</x3><x4>1.164500e-001</x4><x5>1.746700e-001</x5><x6>9.570000e-003</x6></dataPoint>
        <dataPoint><x1>7.113000e+001</x1><x2>1.092000e-002</x2><x3>7.073600e-001</x3><x4>1.087600e-001</x4><x5>1.631300e-001</x5><x6>9.830000e-003</x6></dataPoint>
        <dataPoint><x1>6.797000e+001</x1><x2>1.118000e-002</x2><x3>7.240700e-001</x3><x4>1.018800e-001</x4><x5>1.528200e-001</x5><x6>1.006000e-002</x6></dataPoint>
        <dataPoint><x1>6.451000e+001</x1><x2>1.119000e-002</x2><x3>7.250200e-001</x3><x4>1.014800e-001</x4><x5>1.522300e-001</x5><x6>1.007000e-002</x6></dataPoint>
        <dataPoint><x1>6.345000e+001</x1><x2>1.141000e-002</x2><x3>7.387900e-001</x3><x4>9.581000e-002</x4><x5>1.437200e-001</x5><x6>1.027000e-002</x6></dataPoint>
        <dataPoint><x1>5.505000e+001</x1><x2>1.165000e-002</x2><x3>7.544600e-001</x3><x4>8.936000e-002</x4><x5>1.340400e-001</x5><x6>1.048000e-002</x6></dataPoint>
        <dataPoint><x1>5.010000e+001</x1><x2>1.195000e-002</x2><x3>7.741000e-001</x3><x4>8.127000e-002</x4><x5>1.219100e-001</x5><x6>1.076000e-002</x6></dataPoint>
        <dataPoint><x1>4.475000e+001</x1><x2>1.207000e-002</x2><x3>7.819300e-001</x3><x4>7.805000e-002</x4><x5>1.170800e-001</x5><x6>1.087000e-002</x6></dataPoint>
        <dataPoint><x1>3.708000e+001</x1><x2>1.230000e-002</x2><x3>7.966300e-001</x3><x4>7.200000e-002</x4><x5>1.080000e-001</x5><x6>1.107000e-002</x6></dataPoint>
        <dataPoint><x1>2.806000e+001</x1><x2>1.254000e-002</x2><x3>8.123000e-001</x3><x4>6.555000e-002</x4><x5>9.833000e-002</x5><x6>1.129000e-002</x6></dataPoint>
    </dataGroup>
</experiment>
