<experiment>
    <fileAuthor>Chemical Kinetics Laboratory, Institute of Chemistry, ELTE, Budapest, Hungary</fileAuthor>
    <fileDOI>10.24388/x20001176</fileDOI>
    <fileVersion>
        <major>2</major>
        <minor>0</minor>
    </fileVersion>
    <ReSpecThVersion>
        <major>2</major>
        <minor>3</minor>
    </ReSpecThVersion>
    <firstPublicationDate>2014-06-24</firstPublicationDate>
    <lastModificationDate>2020-11-18</lastModificationDate>
    <bibliographyLink>
        <description>M. P. Burke; X. Qin; Y. Ju; F. L. Dryer, in: 5th US Combustion Meeting Organized by the Western States Section of the Combustion Institute, University of California at San Diego, March 25-28, 2007, Paper #A16.</description>
        <location>Main Article</location>
        <figure>Fig. 6, full square.</figure>
        <details>
            <address>University of California at San Diego, March 25--28, 2007, Paper {\#}A16</address>
            <author>Burke, M P and Qin, X and Ju, Y and Dryer, F L</author>
            <booktitle>5$^{\text{th}}$ US Combustion Meeting Organized by the Western States Section of the Combustion Institute</booktitle>
            <title>Measurements of Hydrogen Syngas Flame Speeds at Elevated Pressures</title>
            <year>2007</year>
        </details>
    </bibliographyLink>
    <experimentType>laminar burning velocity measurement</experimentType>
    <apparatus>
        <kind>flame</kind>
        <mode>premixed</mode>
        <mode>laminar</mode>
    </apparatus>
    <commonProperties>
        <property name="temperature"                   label="T"  sourcetype="estimated"  units="K"    ><value>298</value></property>
        <property name="pressure"                      label="P"  sourcetype="reported"   units="atm"  ><value>1</value></property>
        <property name="evaluated standard deviation"  sourcetype="estimated"  units="cm/s"  reference="laminar burning velocity"  kind="absolute"  method="statistical scatter" ><value>3.17</value></property>
    </commonProperties>
    <dataGroup id="dg1">
        <property name="laminar burning velocity"  id="x1"   label="Sl"    sourcetype="digitized"   units="cm/s"          />
        <property name="composition"               id="x2"   label="[CO]"  sourcetype="calculated"  units="mole fraction" >
            <speciesLink preferredKey="CO"  CAS="630-08-0"   InChI="1S/CO/c1-2"  SMILES="[C-]#[O+]"  chemName="carbon monoxide" />
        </property>
        <property name="composition"               id="x3"   label="[H2]"  sourcetype="calculated"  units="mole fraction" >
            <speciesLink preferredKey="H2"  CAS="1333-74-0"  InChI="1S/H2/h1H"   SMILES="[HH]"       chemName="hydrogen"        />
        </property>
        <property name="composition"               id="x4"   label="[O2]"  sourcetype="calculated"  units="mole fraction" >
            <speciesLink preferredKey="O2"  CAS="7782-44-7"  InChI="1S/O2/c1-2"  SMILES="O=O"        chemName="oxygen"          />
        </property>
        <property name="composition"               id="x5"   label="[N2]"  sourcetype="calculated"  units="mole fraction" >
            <speciesLink preferredKey="N2"  CAS="7727-37-9"  InChI="1S/N2/c1-2"  SMILES="N#N"        chemName="nitrogen"        />
        </property>

        <dataPoint><x1>4.873000e+001</x1><x2>1.006700e-001</x2><x3>1.006700e-001</x3><x4>1.677900e-001</x4><x5>6.308700e-001</x5></dataPoint>
        <dataPoint><x1>1.105900e+002</x1><x2>1.479300e-001</x2><x3>1.479300e-001</x3><x4>1.479300e-001</x4><x5>5.562100e-001</x5></dataPoint>
        <dataPoint><x1>1.584800e+002</x1><x2>1.851900e-001</x2><x3>1.851900e-001</x3><x4>1.322800e-001</x4><x5>4.973500e-001</x5></dataPoint>
        <dataPoint><x1>1.707600e+002</x1><x2>2.010100e-001</x2><x3>2.010100e-001</x3><x4>1.256300e-001</x4><x5>4.723600e-001</x5></dataPoint>
        <dataPoint><x1>1.864400e+002</x1><x2>2.283100e-001</x2><x3>2.283100e-001</x3><x4>1.141600e-001</x4><x5>4.292200e-001</x5></dataPoint>
        <dataPoint><x1>1.809300e+002</x1><x2>2.561500e-001</x2><x3>2.561500e-001</x3><x4>1.024600e-001</x4><x5>3.852500e-001</x5></dataPoint>
        <dataPoint><x1>1.669500e+002</x1><x2>2.788100e-001</x2><x3>2.788100e-001</x3><x4>9.294000e-002</x4><x5>3.494400e-001</x5></dataPoint>
        <dataPoint><x1>1.457600e+002</x1><x2>2.976200e-001</x2><x3>2.976200e-001</x3><x4>8.503000e-002</x4><x5>3.197300e-001</x5></dataPoint>
        <dataPoint><x1>1.216100e+002</x1><x2>3.134800e-001</x2><x3>3.134800e-001</x3><x4>7.837000e-002</x4><x5>2.946700e-001</x5></dataPoint>
    </dataGroup>
</experiment>
