<experiment>
    <fileAuthor>Chemical Kinetics Laboratory, Institute of Chemistry, ELTE, Budapest, Hungary</fileAuthor>
    <fileDOI>10.24388/x20001072</fileDOI>
    <fileVersion>
        <major>2</major>
        <minor>0</minor>
    </fileVersion>
    <ReSpecThVersion>
        <major>2</major>
        <minor>3</minor>
    </ReSpecThVersion>
    <firstPublicationDate>2014-06-24</firstPublicationDate>
    <lastModificationDate>2020-11-18</lastModificationDate>
    <bibliographyLink>
        <description>J. Natarajan; T. Lieuwen; J. Seitzman, Combustion and Flame 2007, 151, (1-2), 104-119.</description>
        <referenceDOI>10.1016/j.combustflame.2007.05.003</referenceDOI>
        <location>Main Article</location>
        <figure>Fig. 7, H2/CO = 5/95, 10% CO2 dilution, red triangle.</figure>
        <details>
            <author>Natarajan, J and Lieuwen, T and Seitzman, J</author>
            <journal>Combust Flame</journal>
            <number>1--2</number>
            <pages>104--119</pages>
            <title>Laminar flame speeds of H$_{2}$/CO mixtures: Effect of CO$_{2}$ dilution, preheat temperature, and pressure</title>
            <volume>151</volume>
            <year>2007</year>
        </details>
    </bibliographyLink>
    <experimentType>laminar burning velocity measurement</experimentType>
    <apparatus>
        <kind>flame</kind>
        <mode>premixed</mode>
        <mode>laminar</mode>
    </apparatus>
    <commonProperties>
        <property name="temperature"                   label="T"  sourcetype="reported"   units="K"    ><value>300</value></property>
        <property name="pressure"                      label="P"  sourcetype="reported"   units="atm"  ><value>1</value></property>
        <property name="evaluated standard deviation"  sourcetype="estimated"  units="cm/s"  reference="laminar burning velocity"  kind="absolute"  method="generic uncertainty" ><value>2.0</value></property>
    </commonProperties>
    <dataGroup id="dg1">
        <property name="laminar burning velocity"  id="x1"   label="Sl"     sourcetype="digitized"   units="cm/s"          />
        <property name="composition"               id="x2"   label="[CO]"   sourcetype="calculated"  units="mole fraction" >
            <speciesLink preferredKey="CO"   CAS="630-08-0"   InChI="1S/CO/c1-2"     SMILES="[C-]#[O+]"  chemName="carbon monoxide" />
        </property>
        <property name="composition"               id="x3"   label="[H2]"   sourcetype="calculated"  units="mole fraction" >
            <speciesLink preferredKey="H2"   CAS="1333-74-0"  InChI="1S/H2/h1H"      SMILES="[HH]"       chemName="hydrogen"        />
        </property>
        <property name="composition"               id="x4"   label="[O2]"   sourcetype="calculated"  units="mole fraction" >
            <speciesLink preferredKey="O2"   CAS="7782-44-7"  InChI="1S/O2/c1-2"     SMILES="O=O"        chemName="oxygen"          />
        </property>
        <property name="composition"               id="x5"   label="[N2]"   sourcetype="calculated"  units="mole fraction" >
            <speciesLink preferredKey="N2"   CAS="7727-37-9"  InChI="1S/N2/c1-2"     SMILES="N#N"        chemName="nitrogen"        />
        </property>
        <property name="composition"               id="x6"   label="[CO2]"  sourcetype="calculated"  units="mole fraction" >
            <speciesLink preferredKey="CO2"  CAS="124-38-9"   InChI="1S/CO2/c2-1-3"  SMILES="C(=O)=O"    chemName="carbon dioxide"  />
        </property>

        <dataPoint><x1>2.129000e+001</x1><x2>2.100000e-001</x2><x3>1.110000e-002</x3><x4>1.585000e-001</x4><x5>5.959000e-001</x5><x6>2.460000e-002</x6></dataPoint>
        <dataPoint><x1>2.171400e+001</x1><x2>2.201000e-001</x2><x3>1.160000e-002</x3><x4>1.560000e-001</x4><x5>5.865000e-001</x5><x6>2.570000e-002</x6></dataPoint>
        <dataPoint><x1>2.425400e+001</x1><x2>2.310000e-001</x2><x3>1.220000e-002</x3><x4>1.533000e-001</x4><x5>5.765000e-001</x5><x6>2.700000e-002</x6></dataPoint>
        <dataPoint><x1>2.524200e+001</x1><x2>2.331000e-001</x2><x3>1.230000e-002</x3><x4>1.528000e-001</x4><x5>5.746000e-001</x5><x6>2.730000e-002</x6></dataPoint>
        <dataPoint><x1>2.686500e+001</x1><x2>2.401000e-001</x2><x3>1.260000e-002</x3><x4>1.511000e-001</x4><x5>5.681000e-001</x5><x6>2.810000e-002</x6></dataPoint>
        <dataPoint><x1>2.877000e+001</x1><x2>2.530000e-001</x2><x3>1.330000e-002</x3><x4>1.479000e-001</x4><x5>5.561000e-001</x5><x6>2.960000e-002</x6></dataPoint>
        <dataPoint><x1>3.293400e+001</x1><x2>2.651000e-001</x2><x3>1.400000e-002</x3><x4>1.450000e-001</x4><x5>5.450000e-001</x5><x6>3.100000e-002</x6></dataPoint>
        <dataPoint><x1>3.399200e+001</x1><x2>2.761000e-001</x2><x3>1.450000e-002</x3><x4>1.422000e-001</x4><x5>5.348000e-001</x5><x6>3.230000e-002</x6></dataPoint>
    </dataGroup>
</experiment>
