<experiment>
    <fileAuthor>Chemical Kinetics Laboratory, Institute of Chemistry, ELTE, Budapest, Hungary</fileAuthor>
    <fileDOI>10.24388/x20001208</fileDOI>
    <fileVersion>
        <major>2</major>
        <minor>0</minor>
    </fileVersion>
    <ReSpecThVersion>
        <major>2</major>
        <minor>3</minor>
    </ReSpecThVersion>
    <firstPublicationDate>2014-06-24</firstPublicationDate>
    <lastModificationDate>2020-11-18</lastModificationDate>
    <bibliographyLink>
        <description>F. Wu, A. P. Kelley, C. Tang, D. Zhu, C. K. Law, Int. J. Hydrogen Energy 35 (2011), 13171-13180.</description>
        <referenceDOI>10.1016/j.ijhydene.2011.07.021</referenceDOI>
        <location>Main Article</location>
        <figure>Fig. 2, top, open sircle.</figure>
        <details>
            <author>Wu, Fujia and Kelley, Andrew P and Tang, Chenglong and Zhu, Delin and Law, Chung K</author>
            <journal>Int J Hydrogen Energy</journal>
            <pages>13171--13180</pages>
            <title>Measurement and correlation of laminar flame speeds of CO and C$_{2}$ hydrocarbons with hydrogen addition at atmospheric and elevated pressures</title>
            <volume>36</volume>
            <year>2011</year>
        </details>
    </bibliographyLink>
    <experimentType>laminar burning velocity measurement</experimentType>
    <apparatus>
        <kind>flame</kind>
        <mode>premixed</mode>
        <mode>laminar</mode>
        <mode>OPF</mode>
    </apparatus>
    <commonProperties>
        <property name="temperature"                   label="T"   sourcetype="reported"   units="K"    ><value>293</value></property>
        <property name="uncertainty"                   label="dT"  sourcetype="reported"   units="K"     reference="temperature"               kind="absolute"  bound="plusminus" ><value>2</value></property>
        <property name="pressure"                      label="P"   sourcetype="reported"   units="atm"  ><value>1</value></property>
        <property name="evaluated standard deviation"  sourcetype="estimated"  units="cm/s"  reference="laminar burning velocity"  kind="absolute"  method="generic uncertainty" ><value>2.0</value></property>
    </commonProperties>
    <dataGroup id="dg1">
        <property name="composition"               id="x1"   label="[H2]"  sourcetype="calculated"  units="mole fraction" >
            <speciesLink preferredKey="H2"  CAS="1333-74-0"  InChI="1S/H2/h1H"   SMILES="[HH]"       chemName="hydrogen"        />
        </property>
        <property name="composition"               id="x2"   label="[CO]"  sourcetype="calculated"  units="mole fraction" >
            <speciesLink preferredKey="CO"  CAS="630-08-0"   InChI="1S/CO/c1-2"  SMILES="[C-]#[O+]"  chemName="carbon monoxide" />
        </property>
        <property name="composition"               id="x3"   label="[O2]"  sourcetype="calculated"  units="mole fraction" >
            <speciesLink preferredKey="O2"  CAS="7782-44-7"  InChI="1S/O2/c1-2"  SMILES="O=O"        chemName="oxygen"          />
        </property>
        <property name="composition"               id="x4"   label="[N2]"  sourcetype="calculated"  units="mole fraction" >
            <speciesLink preferredKey="N2"  CAS="7727-37-9"  InChI="1S/N2/c1-2"  SMILES="N#N"        chemName="nitrogen"        />
        </property>
        <property name="laminar burning velocity"  id="x5"   label="Sl"    sourcetype="digitized"   units="cm/s"          />
        <property name="uncertainty"               id="x6"   sourcetype="digitized"   units="cm/s"           reference="Sl"  kind="absolute"  bound="plusminus" />

        <dataPoint><x1>0.00147</x1><x2>0.22614</x2><x3>0.16227</x3><x4>0.61012</x4><x5>10.15</x5><x6>1.45</x6></dataPoint>
        <dataPoint><x1>0.00293</x1><x2>0.22502</x2><x3>0.16220</x3><x4>0.60985</x4><x5>12.63</x5><x6>1.45</x6></dataPoint>
        <dataPoint><x1>0.00862</x1><x2>0.22065</x2><x3>0.16192</x3><x4>0.60881</x4><x5>18.50</x5><x6>1.45</x6></dataPoint>
        <dataPoint><x1>0.01409</x1><x2>0.21645</x2><x3>0.16165</x3><x4>0.60781</x4><x5>22.33</x5><x6>1.45</x6></dataPoint>
        <dataPoint><x1>0.02690</x1><x2>0.20661</x2><x3>0.16103</x3><x4>0.60546</x4><x5>29.55</x5><x6>1.45</x6></dataPoint>
        <dataPoint><x1>0.04931</x1><x2>0.18939</x2><x3>0.15994</x3><x4>0.60136</x4><x5>40.60</x5><x6>1.45</x6></dataPoint>
        <dataPoint><x1>0.06827</x1><x2>0.17483</x2><x3>0.15901</x3><x4>0.59789</x4><x5>50.08</x5><x6>1.45</x6></dataPoint>
        <dataPoint><x1>0.08453</x1><x2>0.16234</x2><x3>0.15822</x3><x4>0.59491</x4><x5>56.84</x5><x6>2.25</x6></dataPoint>
        <dataPoint><x1>0.09862</x1><x2>0.15152</x2><x3>0.15753</x3><x4>0.59233</x4><x5>63.83</x5><x6>2.25</x6></dataPoint>
    </dataGroup>
</experiment>
