<experiment>
    <fileAuthor>Chemical Kinetics Laboratory, Institute of Chemistry, ELTE, Budapest, Hungary</fileAuthor>
    <fileDOI>10.24388/x20001173</fileDOI>
    <fileVersion>
        <major>2</major>
        <minor>0</minor>
    </fileVersion>
    <ReSpecThVersion>
        <major>2</major>
        <minor>3</minor>
    </ReSpecThVersion>
    <firstPublicationDate>2014-06-24</firstPublicationDate>
    <lastModificationDate>2020-11-18</lastModificationDate>
    <bibliographyLink>
        <description>C. Dong; Q. Zhou; Q. Zhao; Y. Zhang; T. Xu; S. Hui, Fuel 2009, 88, (10), 1858-1863.</description>
        <referenceDOI>10.1016/j.fuel.2009.04.024</referenceDOI>
        <location>Main Article</location>
        <figure>Fig. 6, full dark red circle, H2/(CO+ H2) = 70%.</figure>
        <details>
            <author>Dong, Chen and Zhou, Qulan and Zhao, Qinxin and Zhang, Yaqing and Xu, Tongmo and Hui, Shien</author>
            <journal>Fuel</journal>
            <number>10</number>
            <pages>1858--1863</pages>
            <title>Experimental study on the laminar flame speed of hydrogen/carbon monoxide/air mixtures</title>
            <volume>88</volume>
            <year>2009</year>
        </details>
    </bibliographyLink>
    <experimentType>laminar burning velocity measurement</experimentType>
    <apparatus>
        <kind>flame</kind>
        <mode>premixed</mode>
        <mode>laminar</mode>
    </apparatus>
    <commonProperties>
        <property name="temperature"                   label="T"  sourcetype="estimated"  units="K"    ><value>293</value></property>
        <property name="pressure"                      label="P"  sourcetype="reported"   units="atm"  ><value>1</value></property>
        <property name="evaluated standard deviation"  sourcetype="estimated"  units="cm/s"  reference="laminar burning velocity"  kind="absolute"  method="statistical scatter" ><value>5.78</value></property>
    </commonProperties>
    <dataGroup id="dg1">
        <property name="laminar burning velocity"  id="x1"   label="Sl"    sourcetype="digitized"   units="cm/s"          />
        <property name="composition"               id="x2"   label="[CO]"  sourcetype="calculated"  units="mole fraction" >
            <speciesLink preferredKey="CO"  CAS="630-08-0"   InChI="1S/CO/c1-2"  SMILES="[C-]#[O+]"  chemName="carbon monoxide" />
        </property>
        <property name="composition"               id="x3"   label="[H2]"  sourcetype="calculated"  units="mole fraction" >
            <speciesLink preferredKey="H2"  CAS="1333-74-0"  InChI="1S/H2/h1H"   SMILES="[HH]"       chemName="hydrogen"        />
        </property>
        <property name="composition"               id="x4"   label="[O2]"  sourcetype="calculated"  units="mole fraction" >
            <speciesLink preferredKey="O2"  CAS="7782-44-7"  InChI="1S/O2/c1-2"  SMILES="O=O"        chemName="oxygen"          />
        </property>
        <property name="composition"               id="x5"   label="[N2]"  sourcetype="calculated"  units="mole fraction" >
            <speciesLink preferredKey="N2"  CAS="7727-37-9"  InChI="1S/N2/c1-2"  SMILES="N#N"        chemName="nitrogen"        />
        </property>

        <dataPoint><x1>4.615000e+001</x1><x2>5.210000e-002</x2><x3>1.215000e-001</x3><x4>1.736000e-001</x4><x5>6.528000e-001</x5></dataPoint>
        <dataPoint><x1>5.612000e+001</x1><x2>6.040000e-002</x2><x3>1.409000e-001</x3><x4>1.678000e-001</x4><x5>6.309000e-001</x5></dataPoint>
        <dataPoint><x1>7.552000e+001</x1><x2>6.820000e-002</x2><x3>1.591000e-001</x3><x4>1.623000e-001</x4><x5>6.104000e-001</x5></dataPoint>
        <dataPoint><x1>1.054200e+002</x1><x2>7.550000e-002</x2><x3>1.761000e-001</x3><x4>1.572000e-001</x4><x5>5.912000e-001</x5></dataPoint>
        <dataPoint><x1>1.237800e+002</x1><x2>8.230000e-002</x2><x3>1.921000e-001</x3><x4>1.524000e-001</x4><x5>5.732000e-001</x5></dataPoint>
        <dataPoint><x1>1.326900e+002</x1><x2>8.880000e-002</x2><x3>2.071000e-001</x3><x4>1.479000e-001</x4><x5>5.562000e-001</x5></dataPoint>
        <dataPoint><x1>1.405600e+002</x1><x2>9.480000e-002</x2><x3>2.213000e-001</x3><x4>1.437000e-001</x4><x5>5.402000e-001</x5></dataPoint>
        <dataPoint><x1>1.562900e+002</x1><x2>1.006000e-001</x2><x3>2.346000e-001</x3><x4>1.397000e-001</x4><x5>5.251000e-001</x5></dataPoint>
        <dataPoint><x1>1.667800e+002</x1><x2>1.060000e-001</x2><x3>2.473000e-001</x3><x4>1.359000e-001</x4><x5>5.109000e-001</x5></dataPoint>
        <dataPoint><x1>1.762200e+002</x1><x2>1.111000e-001</x2><x3>2.593000e-001</x3><x4>1.323000e-001</x4><x5>4.974000e-001</x5></dataPoint>
        <dataPoint><x1>1.861900e+002</x1><x2>1.160000e-001</x2><x3>2.706000e-001</x3><x4>1.289000e-001</x4><x5>4.845000e-001</x5></dataPoint>
        <dataPoint><x1>1.961500e+002</x1><x2>1.206000e-001</x2><x3>2.814000e-001</x3><x4>1.256000e-001</x4><x5>4.724000e-001</x5></dataPoint>
        <dataPoint><x1>2.055900e+002</x1><x2>1.250000e-001</x2><x3>2.917000e-001</x3><x4>1.225000e-001</x4><x5>4.608000e-001</x5></dataPoint>
        <dataPoint><x1>1.987800e+002</x1><x2>1.292000e-001</x2><x3>3.014000e-001</x3><x4>1.196000e-001</x4><x5>4.498000e-001</x5></dataPoint>
        <dataPoint><x1>1.956300e+002</x1><x2>1.332000e-001</x2><x3>3.107000e-001</x3><x4>1.168000e-001</x4><x5>4.393000e-001</x5></dataPoint>
        <dataPoint><x1>1.903900e+002</x1><x2>1.370000e-001</x2><x3>3.196000e-001</x3><x4>1.142000e-001</x4><x5>4.292000e-001</x5></dataPoint>
        <dataPoint><x1>1.893400e+002</x1><x2>1.406000e-001</x2><x3>3.281000e-001</x3><x4>1.116000e-001</x4><x5>4.196000e-001</x5></dataPoint>
    </dataGroup>
</experiment>
