<experiment>
    <fileAuthor>Chemical Kinetics Laboratory, Institute of Chemistry, ELTE, Budapest, Hungary</fileAuthor>
    <fileDOI>10.24388/x20001060</fileDOI>
    <fileVersion>
        <major>2</major>
        <minor>0</minor>
    </fileVersion>
    <ReSpecThVersion>
        <major>2</major>
        <minor>3</minor>
    </ReSpecThVersion>
    <firstPublicationDate>2014-06-24</firstPublicationDate>
    <lastModificationDate>2020-11-18</lastModificationDate>
    <bibliographyLink>
        <description>I. C. McLean; D. B. Smith; S. C. Taylor, in: Proceedings of the Combustion Institute, 1994; Vol. 25, pp 749-757.</description>
        <referenceDOI>10.1016/S0082-0784(06)80707-1</referenceDOI>
        <location>Main Article</location>
        <figure>open circle.</figure>
        <details>
            <author>McLean, I C and Smith, D B and Taylor, S C</author>
            <journal>Symp (Int) Combust</journal>
            <number>1</number>
            <pages>749--757</pages>
            <title>The use of carbon monoxide/hydrogen burning velocities to examine the rate of the CO + OH reaction</title>
            <volume>25</volume>
            <year>1994</year>
        </details>
    </bibliographyLink>
    <experimentType>laminar burning velocity measurement</experimentType>
    <apparatus>
        <kind>flame</kind>
        <mode>premixed</mode>
        <mode>laminar</mode>
    </apparatus>
    <commonProperties>
        <property name="temperature"                   label="T"  sourcetype="reported"   units="K"    ><value>298</value></property>
        <property name="pressure"                      label="P"  sourcetype="reported"   units="atm"  ><value>1</value></property>
        <property name="evaluated standard deviation"  sourcetype="estimated"  units="cm/s"  reference="laminar burning velocity"  kind="absolute"  method="statistical scatter" ><value>2.25</value></property>
    </commonProperties>
    <dataGroup id="dg1">
        <property name="laminar burning velocity"  id="x1"   label="Sl"    sourcetype="digitized"   units="cm/s"          />
        <property name="composition"               id="x2"   label="[CO]"  sourcetype="calculated"  units="mole fraction" >
            <speciesLink preferredKey="CO"  CAS="630-08-0"   InChI="1S/CO/c1-2"  SMILES="[C-]#[O+]"  chemName="carbon monoxide" />
        </property>
        <property name="composition"               id="x3"   label="[H2]"  sourcetype="calculated"  units="mole fraction" >
            <speciesLink preferredKey="H2"  CAS="1333-74-0"  InChI="1S/H2/h1H"   SMILES="[HH]"       chemName="hydrogen"        />
        </property>
        <property name="composition"               id="x4"   label="[O2]"  sourcetype="calculated"  units="mole fraction" >
            <speciesLink preferredKey="O2"  CAS="7782-44-7"  InChI="1S/O2/c1-2"  SMILES="O=O"        chemName="oxygen"          />
        </property>
        <property name="composition"               id="x5"   label="[N2]"  sourcetype="calculated"  units="mole fraction" >
            <speciesLink preferredKey="N2"  CAS="7727-37-9"  InChI="1S/N2/c1-2"  SMILES="N#N"        chemName="nitrogen"        />
        </property>

        <dataPoint><x1>5.082870e+001</x1><x2>1.013000e-001</x2><x3>1.013000e-001</x3><x4>1.675000e-001</x4><x5>6.299000e-001</x5></dataPoint>
        <dataPoint><x1>6.961330e+001</x1><x2>1.165000e-001</x2><x3>1.165000e-001</x3><x4>1.611000e-001</x4><x5>6.059000e-001</x5></dataPoint>
        <dataPoint><x1>8.950280e+001</x1><x2>1.305000e-001</x2><x3>1.305000e-001</x3><x4>1.552000e-001</x4><x5>5.837000e-001</x5></dataPoint>
        <dataPoint><x1>1.116020e+002</x1><x2>1.467000e-001</x2><x3>1.467000e-001</x3><x4>1.484000e-001</x4><x5>5.582000e-001</x5></dataPoint>
        <dataPoint><x1>1.624310e+002</x1><x2>1.913000e-001</x2><x3>1.913000e-001</x3><x4>1.297000e-001</x4><x5>4.877000e-001</x5></dataPoint>
        <dataPoint><x1>1.812150e+002</x1><x2>2.212000e-001</x2><x3>2.212000e-001</x3><x4>1.172000e-001</x4><x5>4.405000e-001</x5></dataPoint>
        <dataPoint><x1>1.823200e+002</x1><x2>2.366000e-001</x2><x3>2.366000e-001</x3><x4>1.107000e-001</x4><x5>4.161000e-001</x5></dataPoint>
        <dataPoint><x1>1.779010e+002</x1><x2>2.505000e-001</x2><x3>2.505000e-001</x3><x4>1.048000e-001</x4><x5>3.942000e-001</x5></dataPoint>
        <dataPoint><x1>1.546960e+002</x1><x2>2.804000e-001</x2><x3>2.804000e-001</x3><x4>9.230000e-002</x4><x5>3.470000e-001</x5></dataPoint>
        <dataPoint><x1>1.381220e+002</x1><x2>2.949000e-001</x2><x3>2.949000e-001</x3><x4>8.620000e-002</x4><x5>3.240000e-001</x5></dataPoint>
        <dataPoint><x1>8.950280e+001</x1><x2>3.251000e-001</x2><x3>3.251000e-001</x3><x4>7.350000e-002</x4><x5>2.763000e-001</x5></dataPoint>
    </dataGroup>
</experiment>
