<experiment>
    <fileAuthor>Chemical Kinetics Laboratory, Institute of Chemistry, ELTE, Budapest, Hungary</fileAuthor>
    <fileDOI>10.24388/x20001220</fileDOI>
    <fileVersion>
        <major>2</major>
        <minor>0</minor>
    </fileVersion>
    <ReSpecThVersion>
        <major>2</major>
        <minor>3</minor>
    </ReSpecThVersion>
    <firstPublicationDate>2014-06-24</firstPublicationDate>
    <lastModificationDate>2020-11-18</lastModificationDate>
    <bibliographyLink>
        <description>Yang Zhang, Wenfeng Shen, Meng Fan, Hai Zhang, Suhui Li, Combustion and Flame 2014, 161, 2492-2495.</description>
        <referenceDOI>10.1016/j.combustflame.2014.03.016</referenceDOI>
        <location>Main Article</location>
        <figure>Fig. 4, full blue triangle, phi = 0.6.</figure>
        <details>
            <author>Zhang, Yang and Shen, Wenfeng and Fan, Meng and Zhang, Hai and Li, Suhui</author>
            <journal>Combust Flame</journal>
            <number>10</number>
            <pages>2492--2495</pages>
            <title>Laminar flame speed studies of lean premixed H$_{2}$/CO/air flames</title>
            <volume>161</volume>
            <year>2014</year>
        </details>
    </bibliographyLink>
    <experimentType>laminar burning velocity measurement</experimentType>
    <apparatus>
        <kind>flame</kind>
        <mode>premixed</mode>
        <mode>laminar</mode>
        <mode>CTF</mode>
    </apparatus>
    <commonProperties>
        <property name="temperature"                   label="T"  sourcetype="reported"   units="K"    ><value>298</value></property>
        <property name="pressure"                      label="P"  sourcetype="reported"   units="atm"  ><value>1</value></property>
        <property name="evaluated standard deviation"  sourcetype="estimated"  units="cm/s"  reference="laminar burning velocity"  kind="absolute"  method="generic uncertainty" ><value>2.0</value></property>
    </commonProperties>
    <dataGroup id="dg1">
        <property name="composition"               id="x1"   label="[H2]"  sourcetype="calculated"  units="mole fraction" >
            <speciesLink preferredKey="H2"  CAS="1333-74-0"  InChI="1S/H2/h1H"   SMILES="[HH]"       chemName="hydrogen"        />
        </property>
        <property name="composition"               id="x2"   label="[CO]"  sourcetype="calculated"  units="mole fraction" >
            <speciesLink preferredKey="CO"  CAS="630-08-0"   InChI="1S/CO/c1-2"  SMILES="[C-]#[O+]"  chemName="carbon monoxide" />
        </property>
        <property name="composition"               id="x3"   label="[O2]"  sourcetype="calculated"  units="mole fraction" >
            <speciesLink preferredKey="O2"  CAS="7782-44-7"  InChI="1S/O2/c1-2"  SMILES="O=O"        chemName="oxygen"          />
        </property>
        <property name="composition"               id="x4"   label="[N2]"  sourcetype="calculated"  units="mole fraction" >
            <speciesLink preferredKey="N2"  CAS="7727-37-9"  InChI="1S/N2/c1-2"  SMILES="N#N"        chemName="nitrogen"        />
        </property>
        <property name="laminar burning velocity"  id="x5"   label="Sl"    sourcetype="digitized"   units="cm/s"          />
        <property name="uncertainty"               id="x6"   sourcetype="digitized"   units="cm/s"           reference="Sl"  kind="absolute"  bound="plusminus" />

        <dataPoint><x1>0.004027</x1><x2>0.197315</x2><x3>0.167785</x3><x4>0.630872</x4><x5>11.32</x5><x6>1.82</x6></dataPoint>
        <dataPoint><x1>0.020134</x1><x2>0.181208</x2><x3>0.167785</x3><x4>0.630872</x4><x5>21.37</x5><x6>2.22</x6></dataPoint>
        <dataPoint><x1>0.040268</x1><x2>0.161074</x2><x3>0.167785</x3><x4>0.630872</x4><x5>27.63</x5><x6>2.61</x6></dataPoint>
        <dataPoint><x1>0.060403</x1><x2>0.140940</x2><x3>0.167785</x3><x4>0.630872</x4><x5>30.71</x5><x6>2.22</x6></dataPoint>
        <dataPoint><x1>0.080537</x1><x2>0.120805</x2><x3>0.167785</x3><x4>0.630872</x4><x5>35.22</x5><x6>2.30</x6></dataPoint>
        <dataPoint><x1>0.100671</x1><x2>0.100671</x2><x3>0.167785</x3><x4>0.630872</x4><x5>40.13</x5><x6>2.14</x6></dataPoint>
        <dataPoint><x1>0.120805</x1><x2>0.080537</x2><x3>0.167785</x3><x4>0.630872</x4><x5>45.91</x5><x6>1.58</x6></dataPoint>
        <dataPoint><x1>0.140940</x1><x2>0.060403</x2><x3>0.167785</x3><x4>0.630872</x4><x5>53.03</x5><x6>2.22</x6></dataPoint>
        <dataPoint><x1>0.161074</x1><x2>0.040268</x2><x3>0.167785</x3><x4>0.630872</x4><x5>58.89</x5><x6>2.53</x6></dataPoint>
    </dataGroup>
    <comment>Description is incomplete in version 1.0 as the article were in press, but it has been completed in version 2.0.</comment>
</experiment>
