<experiment>
    <fileAuthor>Chemical Kinetics Laboratory, Institute of Chemistry, ELTE, Budapest, Hungary</fileAuthor>
    <fileDOI>10.24388/x20001156</fileDOI>
    <fileVersion>
        <major>2</major>
        <minor>0</minor>
    </fileVersion>
    <ReSpecThVersion>
        <major>2</major>
        <minor>3</minor>
    </ReSpecThVersion>
    <firstPublicationDate>2014-06-24</firstPublicationDate>
    <lastModificationDate>2020-11-18</lastModificationDate>
    <bibliographyLink>
        <description>M. C. Krejci, O. Mathieu, A. J. Vissotski, S. Ravi, T. G. Sikes, E. L. Petersen, A. Kérmonès, W. Metcalfe and H. J. Curran, Gas Turbines: Combustion, Fuels, and Emissions, 2013, 135, page information is unknown.</description>
        <referenceDOI>10.1115/gt2012-69290</referenceDOI>
        <location>Main Article</location>
        <table>Table A3, H2/CO = 5/95, no H2O addition.</table>
        <details>
            <author>Krejci, M C and Mathieu, O and Vissotski, A J and Ravi, S and Sikes, T G and Petersen, E L and K{\'{e}}romn{\`{e}}s, A and Metcalfe, W K and Curran, H J</author>
            <journal>Proceedings of the ASME Turbo Expo, June 11-15, 2012, Copenhagen, Denmark, Paper GT2012--69290</journal>
            <pages>931--948</pages>
            <title>Laminar flame speed and ignition delay time data for the kinetic modeling of hydrogen and syngas fuel blends</title>
            <year>2012</year>
        </details>
    </bibliographyLink>
    <experimentType>laminar burning velocity measurement</experimentType>
    <apparatus>
        <kind>flame</kind>
        <mode>premixed</mode>
        <mode>laminar</mode>
    </apparatus>
    <commonProperties>
        <property name="pressure"                      label="P"  sourcetype="reported"   units="atm"  ><value>10</value></property>
        <property name="evaluated standard deviation"  sourcetype="estimated"  units="cm/s"  reference="laminar burning velocity"  kind="absolute"  method="statistical scatter" ><value>4.95</value></property>
    </commonProperties>
    <dataGroup id="dg1">
        <property name="temperature"               id="x1"   label="T"     sourcetype="reported"    units="K"             />
        <property name="laminar burning velocity"  id="x2"   label="Sl"    sourcetype="reported"    units="cm/s"          />
        <property name="composition"               id="x3"   label="[H2]"  sourcetype="calculated"  units="mole fraction" >
            <speciesLink preferredKey="H2"  CAS="1333-74-0"  InChI="1S/H2/h1H"   SMILES="[HH]"       chemName="hydrogen"        />
        </property>
        <property name="composition"               id="x4"   label="[CO]"  sourcetype="calculated"  units="mole fraction" >
            <speciesLink preferredKey="CO"  CAS="630-08-0"   InChI="1S/CO/c1-2"  SMILES="[C-]#[O+]"  chemName="carbon monoxide" />
        </property>
        <property name="composition"               id="x5"   label="[O2]"  sourcetype="calculated"  units="mole fraction" >
            <speciesLink preferredKey="O2"  CAS="7782-44-7"  InChI="1S/O2/c1-2"  SMILES="O=O"        chemName="oxygen"          />
        </property>
        <property name="composition"               id="x6"   label="[He]"  sourcetype="calculated"  units="mole fraction" >
            <speciesLink preferredKey="He"  CAS="7440-59-7"  InChI="1S/He"       SMILES="[He]"       chemName="helium"          />
        </property>

        <dataPoint><x1>424</x1> <x2>28.8</x2><x3>6.520000e-003</x3><x4>1.239100e-001</x4><x5>1.087000e-001</x5><x6>7.608700e-001</x6></dataPoint>
        <dataPoint><x1>423</x1> <x2>53.2</x2><x3>8.760000e-003</x3><x4>1.664900e-001</x4><x5>1.030900e-001</x5><x6>7.216500e-001</x6></dataPoint>
        <dataPoint><x1>422</x1> <x2>70.0</x2><x3>1.040000e-002</x3><x4>1.975200e-001</x4><x5>9.901000e-002</x5><x6>6.930700e-001</x6></dataPoint>
        <dataPoint><x1>423</x1> <x2>82.6</x2><x3>1.190000e-002</x3><x4>2.261900e-001</x4><x5>9.524000e-002</x5><x6>6.666700e-001</x6></dataPoint>
        <dataPoint><x1>423</x1> <x2>97.6</x2><x3>1.429000e-002</x3><x4>2.714300e-001</x4><x5>8.929000e-002</x5><x6>6.250000e-001</x6></dataPoint>
        <dataPoint><x1>422</x1> <x2>99.5</x2><x3>1.610000e-002</x3><x4>3.059300e-001</x4><x5>8.475000e-002</x5><x6>5.932200e-001</x6></dataPoint>
        <dataPoint><x1>423</x1><x2>105.0</x2><x3>1.721000e-002</x3><x4>3.270500e-001</x4><x5>8.197000e-002</x5><x6>5.737700e-001</x6></dataPoint>
        <dataPoint><x1>423</x1> <x2>94.4</x2><x3>1.970000e-002</x3><x4>3.742400e-001</x4><x5>7.576000e-002</x5><x6>5.303000e-001</x6></dataPoint>
        <dataPoint><x1>423</x1> <x2>77.0</x2><x3>2.183000e-002</x3><x4>4.147900e-001</x4><x5>7.042000e-002</x5><x6>4.929600e-001</x6></dataPoint>
        <dataPoint><x1>422</x1> <x2>62.8</x2><x3>2.368000e-002</x3><x4>4.500000e-001</x4><x5>6.579000e-002</x5><x6>4.605300e-001</x6></dataPoint>
        <dataPoint><x1>422</x1> <x2>50.1</x2><x3>2.531000e-002</x3><x4>4.808600e-001</x4><x5>6.173000e-002</x5><x6>4.321000e-001</x6></dataPoint>
        <dataPoint><x1>423</x1> <x2>33.6</x2><x3>2.674000e-002</x3><x4>5.081400e-001</x4><x5>5.814000e-002</x5><x6>4.069800e-001</x6></dataPoint>
        <dataPoint><x1>422</x1>  <x2>9.5</x2><x3>2.778000e-002</x3><x4>5.277800e-001</x4><x5>5.556000e-002</x5><x6>3.888900e-001</x6></dataPoint>
    </dataGroup>
    <comment>Article described in Version 1.0 is inexistent, which is "M. C. Krejci; A. J. Vissotski; S. Ravi; W. K. Metcalfe; A. Keromnes; H. J. Curran; E. L. Petersen, Proceedings of the Combustion Institute 2012, 34, in press.". Current article is still not available, yet it has been published.</comment>
</experiment>
