<experiment>
    <fileAuthor>Chemical Kinetics Laboratory, Institute of Chemistry, ELTE, Budapest, Hungary</fileAuthor>
    <fileDOI>10.24388/x20001092</fileDOI>
    <fileVersion>
        <major>2</major>
        <minor>0</minor>
    </fileVersion>
    <ReSpecThVersion>
        <major>2</major>
        <minor>3</minor>
    </ReSpecThVersion>
    <firstPublicationDate>2014-06-24</firstPublicationDate>
    <lastModificationDate>2020-11-18</lastModificationDate>
    <bibliographyLink>
        <description>V. Ratna Kishore; M. R. Ravi; A. Ray, Combustion and Flame 2011, 158, (11), 2149-2164.</description>
        <referenceDOI>10.1016/j.combustflame.2011.03.018</referenceDOI>
        <location>Main Article</location>
        <figure>Fig. 2, H2/CO/CO2 = 5/95/0, open square.</figure>
        <details>
            <author>Ratna Kishore}, V and Ravi, M R and Ray, Anjan</author>
            <journal>Combust Flame</journal>
            <number>11</number>
            <pages>2149--2164</pages>
            <title>Adiabatic burning velocity and cellular flame characteristics of H$_{2}$-CO-CO$_{2}$-air mixtures</title>
            <volume>158</volume>
            <year>2011</year>
        </details>
    </bibliographyLink>
    <experimentType>laminar burning velocity measurement</experimentType>
    <apparatus>
        <kind>flame</kind>
        <mode>premixed</mode>
        <mode>laminar</mode>
    </apparatus>
    <commonProperties>
        <property name="temperature"                   label="T"   sourcetype="reported"   units="K"    ><value>308</value></property>
        <property name="uncertainty"                   label="dT"  sourcetype="reported"   units="K"     reference="temperature"               kind="absolute"  bound="plusminus" ><value>1</value></property>
        <property name="pressure"                      label="P"   sourcetype="reported"   units="atm"  ><value>1</value></property>
        <property name="evaluated standard deviation"  sourcetype="estimated"  units="cm/s"  reference="laminar burning velocity"  kind="absolute"  method="generic uncertainty" ><value>2.0</value></property>
    </commonProperties>
    <dataGroup id="dg1">
        <property name="laminar burning velocity"  id="x1"   label="Sl"     sourcetype="digitized"   units="cm/s"          />
        <property name="composition"               id="x2"   label="[CO]"   sourcetype="calculated"  units="mole fraction" >
            <speciesLink preferredKey="CO"   CAS="630-08-0"   InChI="1S/CO/c1-2"     SMILES="[C-]#[O+]"  chemName="carbon monoxide" />
        </property>
        <property name="composition"               id="x3"   label="[H2]"   sourcetype="calculated"  units="mole fraction" >
            <speciesLink preferredKey="H2"   CAS="1333-74-0"  InChI="1S/H2/h1H"      SMILES="[HH]"       chemName="hydrogen"        />
        </property>
        <property name="composition"               id="x4"   label="[O2]"   sourcetype="calculated"  units="mole fraction" >
            <speciesLink preferredKey="O2"   CAS="7782-44-7"  InChI="1S/O2/c1-2"     SMILES="O=O"        chemName="oxygen"          />
        </property>
        <property name="composition"               id="x5"   label="[N2]"   sourcetype="calculated"  units="mole fraction" >
            <speciesLink preferredKey="N2"   CAS="7727-37-9"  InChI="1S/N2/c1-2"     SMILES="N#N"        chemName="nitrogen"        />
        </property>
        <property name="composition"               id="x6"   label="[CO2]"  sourcetype="calculated"  units="mole fraction" >
            <speciesLink preferredKey="CO2"  CAS="124-38-9"   InChI="1S/CO2/c2-1-3"  SMILES="C(=O)=O"    chemName="carbon dioxide"  />
        </property>

        <dataPoint><x1>3.022690e+001</x1><x2>2.390000e-001</x2><x3>1.260000e-002</x3><x4>1.572000e-001</x4><x5>5.912000e-001</x5><x6>0.000000e+000</x6></dataPoint>
        <dataPoint><x1>3.888170e+001</x1><x2>2.811000e-001</x2><x3>1.480000e-002</x3><x4>1.479000e-001</x4><x5>5.562000e-001</x5><x6>0.000000e+000</x6></dataPoint>
        <dataPoint><x1>4.685580e+001</x1><x2>3.184000e-001</x2><x3>1.680000e-002</x3><x4>1.397000e-001</x4><x5>5.251000e-001</x5><x6>0.000000e+000</x6></dataPoint>
        <dataPoint><x1>5.269040e+001</x1><x2>3.519000e-001</x2><x3>1.850000e-002</x3><x4>1.323000e-001</x4><x5>4.974000e-001</x5><x6>0.000000e+000</x6></dataPoint>
        <dataPoint><x1>5.745540e+001</x1><x2>3.819000e-001</x2><x3>2.010000e-002</x3><x4>1.256000e-001</x4><x5>4.724000e-001</x5><x6>0.000000e+000</x6></dataPoint>
    </dataGroup>
    <comment>The experimental uncertainty is ±0.7 cm/s for most of data except at the extremes of equivalence ratio, where it is ±0.9 cm/s.</comment>
</experiment>
