<experiment>
    <fileAuthor>Chemical Kinetics Laboratory, Institute of Chemistry, ELTE, Budapest, Hungary</fileAuthor>
    <fileDOI>10.24388/x20001076</fileDOI>
    <fileVersion>
        <major>2</major>
        <minor>0</minor>
    </fileVersion>
    <ReSpecThVersion>
        <major>2</major>
        <minor>3</minor>
    </ReSpecThVersion>
    <firstPublicationDate>2014-06-24</firstPublicationDate>
    <lastModificationDate>2020-11-18</lastModificationDate>
    <bibliographyLink>
        <description>J. Natarajan; T. Lieuwen; J. Seitzman, Combustion and Flame 2007, 151, (1-2), 104-119.</description>
        <referenceDOI>10.1016/j.combustflame.2007.05.003</referenceDOI>
        <location>Main Article</location>
        <figure>Fig. 12, H2/CO = 5/95, 0% CO2 dilution, brown circle.</figure>
        <details>
            <author>Natarajan, J and Lieuwen, T and Seitzman, J</author>
            <journal>Combust Flame</journal>
            <number>1--2</number>
            <pages>104--119</pages>
            <title>Laminar flame speeds of H$_{2}$/CO mixtures: Effect of CO$_{2}$ dilution, preheat temperature, and pressure</title>
            <volume>151</volume>
            <year>2007</year>
        </details>
    </bibliographyLink>
    <experimentType>laminar burning velocity measurement</experimentType>
    <apparatus>
        <kind>flame</kind>
        <mode>premixed</mode>
        <mode>laminar</mode>
    </apparatus>
    <commonProperties>
        <property name="temperature"                   label="T"  sourcetype="reported"   units="K"    ><value>600</value></property>
        <property name="pressure"                      label="P"  sourcetype="reported"   units="atm"  ><value>1</value></property>
        <property name="evaluated standard deviation"  sourcetype="estimated"  units="cm/s"  reference="laminar burning velocity"  kind="absolute"  method="statistical scatter" ><value>2.06</value></property>
    </commonProperties>
    <dataGroup id="dg1">
        <property name="laminar burning velocity"  id="x1"   label="Sl"     sourcetype="digitized"   units="cm/s"          />
        <property name="composition"               id="x2"   label="[CO]"   sourcetype="calculated"  units="mole fraction" >
            <speciesLink preferredKey="CO"   CAS="630-08-0"   InChI="1S/CO/c1-2"     SMILES="[C-]#[O+]"  chemName="carbon monoxide" />
        </property>
        <property name="composition"               id="x3"   label="[H2]"   sourcetype="calculated"  units="mole fraction" >
            <speciesLink preferredKey="H2"   CAS="1333-74-0"  InChI="1S/H2/h1H"      SMILES="[HH]"       chemName="hydrogen"        />
        </property>
        <property name="composition"               id="x4"   label="[O2]"   sourcetype="calculated"  units="mole fraction" >
            <speciesLink preferredKey="O2"   CAS="7782-44-7"  InChI="1S/O2/c1-2"     SMILES="O=O"        chemName="oxygen"          />
        </property>
        <property name="composition"               id="x5"   label="[N2]"   sourcetype="calculated"  units="mole fraction" >
            <speciesLink preferredKey="N2"   CAS="7727-37-9"  InChI="1S/N2/c1-2"     SMILES="N#N"        chemName="nitrogen"        />
        </property>
        <property name="composition"               id="x6"   label="[CO2]"  sourcetype="calculated"  units="mole fraction" >
            <speciesLink preferredKey="CO2"  CAS="124-38-9"   InChI="1S/CO2/c2-1-3"  SMILES="C(=O)=O"    chemName="carbon dioxide"  />
        </property>

        <dataPoint><x1>6.238410e+001</x1><x2>1.789000e-001</x2><x3>9.400000e-003</x3><x4>1.705000e-001</x4><x5>6.411000e-001</x5><x6>0.000000e+000</x6></dataPoint>
        <dataPoint><x1>6.675500e+001</x1><x2>1.849000e-001</x2><x3>9.700000e-003</x3><x4>1.692000e-001</x4><x5>6.362000e-001</x5><x6>0.000000e+000</x6></dataPoint>
        <dataPoint><x1>7.033110e+001</x1><x2>1.910000e-001</x2><x3>1.010000e-002</x3><x4>1.678000e-001</x4><x5>6.311000e-001</x5><x6>0.000000e+000</x6></dataPoint>
        <dataPoint><x1>7.668870e+001</x1><x2>1.998000e-001</x2><x3>1.050000e-002</x3><x4>1.659000e-001</x4><x5>6.238000e-001</x5><x6>0.000000e+000</x6></dataPoint>
        <dataPoint><x1>8.503310e+001</x1><x2>2.037000e-001</x2><x3>1.070000e-002</x3><x4>1.650000e-001</x4><x5>6.205000e-001</x5><x6>0.000000e+000</x6></dataPoint>
        <dataPoint><x1>9.496690e+001</x1><x2>2.167000e-001</x2><x3>1.140000e-002</x3><x4>1.622000e-001</x4><x5>6.097000e-001</x5><x6>0.000000e+000</x6></dataPoint>
        <dataPoint><x1>1.037090e+002</x1><x2>2.288000e-001</x2><x3>1.200000e-002</x3><x4>1.595000e-001</x4><x5>5.997000e-001</x5><x6>0.000000e+000</x6></dataPoint>
        <dataPoint><x1>1.116560e+002</x1><x2>2.397000e-001</x2><x3>1.260000e-002</x3><x4>1.571000e-001</x4><x5>5.906000e-001</x5><x6>0.000000e+000</x6></dataPoint>
        <dataPoint><x1>1.164240e+002</x1><x2>2.498000e-001</x2><x3>1.310000e-002</x3><x4>1.548000e-001</x4><x5>5.822000e-001</x5><x6>0.000000e+000</x6></dataPoint>
        <dataPoint><x1>1.247680e+002</x1><x2>2.589000e-001</x2><x3>1.360000e-002</x3><x4>1.528000e-001</x4><x5>5.746000e-001</x5><x6>0.000000e+000</x6></dataPoint>
    </dataGroup>
</experiment>
