<experiment>
    <fileAuthor>Chemical Kinetics Laboratory, Institute of Chemistry, ELTE, Budapest, Hungary</fileAuthor>
    <fileDOI>10.24388/x20001174</fileDOI>
    <fileVersion>
        <major>2</major>
        <minor>0</minor>
    </fileVersion>
    <ReSpecThVersion>
        <major>2</major>
        <minor>3</minor>
    </ReSpecThVersion>
    <firstPublicationDate>2014-06-24</firstPublicationDate>
    <lastModificationDate>2020-11-18</lastModificationDate>
    <bibliographyLink>
        <description>C. Dong; Q. Zhou; Q. Zhao; Y. Zhang; T. Xu; S. Hui, Fuel 2009, 88, (10), 1858-1863.</description>
        <referenceDOI>10.1016/j.fuel.2009.04.024</referenceDOI>
        <location>Main Article</location>
        <figure>Fig. 6, full magenta circle, H2/(CO+ H2) = 80%.</figure>
        <details>
            <author>Dong, Chen and Zhou, Qulan and Zhao, Qinxin and Zhang, Yaqing and Xu, Tongmo and Hui, Shien</author>
            <journal>Fuel</journal>
            <number>10</number>
            <pages>1858--1863</pages>
            <title>Experimental study on the laminar flame speed of hydrogen/carbon monoxide/air mixtures</title>
            <volume>88</volume>
            <year>2009</year>
        </details>
    </bibliographyLink>
    <experimentType>laminar burning velocity measurement</experimentType>
    <apparatus>
        <kind>flame</kind>
        <mode>premixed</mode>
        <mode>laminar</mode>
    </apparatus>
    <commonProperties>
        <property name="temperature"                   label="T"  sourcetype="estimated"  units="K"    ><value>293</value></property>
        <property name="pressure"                      label="P"  sourcetype="reported"   units="atm"  ><value>1</value></property>
        <property name="evaluated standard deviation"  sourcetype="estimated"  units="cm/s"  reference="laminar burning velocity"  kind="absolute"  method="statistical scatter" ><value>3.52</value></property>
    </commonProperties>
    <dataGroup id="dg1">
        <property name="laminar burning velocity"  id="x1"   label="Sl"    sourcetype="digitized"   units="cm/s"          />
        <property name="composition"               id="x2"   label="[CO]"  sourcetype="calculated"  units="mole fraction" >
            <speciesLink preferredKey="CO"  CAS="630-08-0"   InChI="1S/CO/c1-2"  SMILES="[C-]#[O+]"  chemName="carbon monoxide" />
        </property>
        <property name="composition"               id="x3"   label="[H2]"  sourcetype="calculated"  units="mole fraction" >
            <speciesLink preferredKey="H2"  CAS="1333-74-0"  InChI="1S/H2/h1H"   SMILES="[HH]"       chemName="hydrogen"        />
        </property>
        <property name="composition"               id="x4"   label="[O2]"  sourcetype="calculated"  units="mole fraction" >
            <speciesLink preferredKey="O2"  CAS="7782-44-7"  InChI="1S/O2/c1-2"  SMILES="O=O"        chemName="oxygen"          />
        </property>
        <property name="composition"               id="x5"   label="[N2]"  sourcetype="calculated"  units="mole fraction" >
            <speciesLink preferredKey="N2"  CAS="7727-37-9"  InChI="1S/N2/c1-2"  SMILES="N#N"        chemName="nitrogen"        />
        </property>

        <dataPoint><x1>4.720000e+001</x1><x2>3.470000e-002</x2><x3>1.389000e-001</x3><x4>1.736000e-001</x4><x5>6.528000e-001</x5></dataPoint>
        <dataPoint><x1>6.504000e+001</x1><x2>4.030000e-002</x2><x3>1.611000e-001</x3><x4>1.678000e-001</x4><x5>6.309000e-001</x5></dataPoint>
        <dataPoint><x1>9.336000e+001</x1><x2>4.550000e-002</x2><x3>1.818000e-001</x3><x4>1.623000e-001</x4><x5>6.104000e-001</x5></dataPoint>
        <dataPoint><x1>1.164300e+002</x1><x2>5.030000e-002</x2><x3>2.013000e-001</x3><x4>1.572000e-001</x4><x5>5.912000e-001</x5></dataPoint>
        <dataPoint><x1>1.358400e+002</x1><x2>5.490000e-002</x2><x3>2.195000e-001</x3><x4>1.524000e-001</x4><x5>5.732000e-001</x5></dataPoint>
        <dataPoint><x1>1.500000e+002</x1><x2>5.920000e-002</x2><x3>2.367000e-001</x3><x4>1.479000e-001</x4><x5>5.562000e-001</x5></dataPoint>
        <dataPoint><x1>1.641600e+002</x1><x2>6.320000e-002</x2><x3>2.529000e-001</x3><x4>1.437000e-001</x4><x5>5.402000e-001</x5></dataPoint>
        <dataPoint><x1>1.751800e+002</x1><x2>6.700000e-002</x2><x3>2.682000e-001</x3><x4>1.397000e-001</x4><x5>5.251000e-001</x5></dataPoint>
        <dataPoint><x1>1.872400e+002</x1><x2>7.070000e-002</x2><x3>2.826000e-001</x3><x4>1.359000e-001</x4><x5>5.109000e-001</x5></dataPoint>
        <dataPoint><x1>1.909100e+002</x1><x2>7.410000e-002</x2><x3>2.963000e-001</x3><x4>1.323000e-001</x4><x5>4.974000e-001</x5></dataPoint>
        <dataPoint><x1>2.055900e+002</x1><x2>7.730000e-002</x2><x3>3.093000e-001</x3><x4>1.289000e-001</x4><x5>4.845000e-001</x5></dataPoint>
        <dataPoint><x1>2.145100e+002</x1><x2>8.040000e-002</x2><x3>3.216000e-001</x3><x4>1.256000e-001</x4><x5>4.724000e-001</x5></dataPoint>
        <dataPoint><x1>2.124100e+002</x1><x2>8.330000e-002</x2><x3>3.333000e-001</x3><x4>1.225000e-001</x4><x5>4.608000e-001</x5></dataPoint>
        <dataPoint><x1>2.076900e+002</x1><x2>8.610000e-002</x2><x3>3.445000e-001</x3><x4>1.196000e-001</x4><x5>4.498000e-001</x5></dataPoint>
        <dataPoint><x1>2.087400e+002</x1><x2>8.880000e-002</x2><x3>3.551000e-001</x3><x4>1.168000e-001</x4><x5>4.393000e-001</x5></dataPoint>
        <dataPoint><x1>2.045500e+002</x1><x2>9.130000e-002</x2><x3>3.653000e-001</x3><x4>1.142000e-001</x4><x5>4.292000e-001</x5></dataPoint>
        <dataPoint><x1>2.019200e+002</x1><x2>9.380000e-002</x2><x3>3.750000e-001</x3><x4>1.116000e-001</x4><x5>4.196000e-001</x5></dataPoint>
    </dataGroup>
</experiment>
