<experiment>
    <fileAuthor>Chemical Kinetics Laboratory, Institute of Chemistry, ELTE, Budapest, Hungary</fileAuthor>
    <fileDOI>10.24388/x20001163_x</fileDOI>
    <fileVersion>
        <major>2</major>
        <minor>0</minor>
    </fileVersion>
    <ReSpecThVersion>
        <major>2</major>
        <minor>3</minor>
    </ReSpecThVersion>
    <firstPublicationDate>2014-06-24</firstPublicationDate>
    <lastModificationDate>2020-11-18</lastModificationDate>
    <bibliographyLink>
        <description>X. Zhang; Z. Huang; Z. Zhang; J. Zheng; W. Yu; D. Jiang, International Journal of Hydrogen Energy 2009, 34, (11), 4862-4875.</description>
        <referenceDOI>10.1016/j.ijhydene.2009.03.046</referenceDOI>
        <location>Main Article</location>
        <figure>Fig. 20b, open triangle, H2/CO = 67/33, CO2 dilution, dilution ratio 0.2.</figure>
        <details>
            <author>Zhang, Xuan and Huang, Zuohua and Zhang, Zhiyuan and Zheng, Jianjun and Yu, Wu and Jiang, Deming</author>
            <journal>Int J Hydrogen Energy</journal>
            <number>11</number>
            <pages>4862--4875</pages>
            <title>Measurements of laminar burning velocities and flame stability analysis for dissociated methanol-air-diluent mixtures at elevated temperatures and pressures</title>
            <volume>34</volume>
            <year>2009</year>
        </details>
    </bibliographyLink>
    <experimentType>laminar burning velocity measurement</experimentType>
    <apparatus>
        <kind>flame</kind>
        <mode>premixed</mode>
        <mode>laminar</mode>
    </apparatus>
    <commonProperties>
        <property name="temperature"                   label="T"  sourcetype="reported"   units="K"    ><value>310</value></property>
        <property name="pressure"                      label="P"  sourcetype="reported"   units="MPa"  ><value>0.1</value></property>
        <property name="evaluated standard deviation"  sourcetype="estimated"  units="cm/s"  reference="laminar burning velocity"  kind="absolute"  method="statistical scatter" ><value>3.32</value></property>
    </commonProperties>
    <dataGroup id="dg1">
        <property name="laminar burning velocity"  id="x1"   label="Sl"     sourcetype="digitized"   units="cm/s"          />
        <property name="composition"               id="x2"   label="[H2]"   sourcetype="calculated"  units="mole fraction" >
            <speciesLink preferredKey="H2"   CAS="1333-74-0"  InChI="1S/H2/h1H"      SMILES="[HH]"       chemName="hydrogen"        />
        </property>
        <property name="composition"               id="x3"   label="[CO]"   sourcetype="calculated"  units="mole fraction" >
            <speciesLink preferredKey="CO"   CAS="630-08-0"   InChI="1S/CO/c1-2"     SMILES="[C-]#[O+]"  chemName="carbon monoxide" />
        </property>
        <property name="composition"               id="x4"   label="[O2]"   sourcetype="calculated"  units="mole fraction" >
            <speciesLink preferredKey="O2"   CAS="7782-44-7"  InChI="1S/O2/c1-2"     SMILES="O=O"        chemName="oxygen"          />
        </property>
        <property name="composition"               id="x5"   label="[N2]"   sourcetype="calculated"  units="mole fraction" >
            <speciesLink preferredKey="N2"   CAS="7727-37-9"  InChI="1S/N2/c1-2"     SMILES="N#N"        chemName="nitrogen"        />
        </property>
        <property name="composition"               id="x6"   label="[CO2]"  sourcetype="calculated"  units="mole fraction" >
            <speciesLink preferredKey="CO2"  CAS="124-38-9"   InChI="1S/CO2/c2-1-3"  SMILES="C(=O)=O"    chemName="carbon dioxide"  />
        </property>

        <dataPoint><x1>1.479000e+001</x1><x2>1.074400e-001</x2><x3>5.364000e-002</x3><x4>1.342300e-001</x4><x5>5.047000e-001</x5><x6>2.000000e-001</x6></dataPoint>
        <dataPoint><x1>3.216000e+001</x1><x2>1.342400e-001</x2><x3>6.702000e-002</x3><x4>1.257900e-001</x4><x5>4.729600e-001</x5><x6>2.000000e-001</x6></dataPoint>
        <dataPoint><x1>5.235000e+001</x1><x2>1.578700e-001</x2><x3>7.882000e-002</x3><x4>1.183400e-001</x4><x5>4.449700e-001</x5><x6>2.000000e-001</x6></dataPoint>
        <dataPoint><x1>6.596000e+001</x1><x2>1.788600e-001</x2><x3>8.930000e-002</x3><x4>1.117300e-001</x4><x5>4.201100e-001</x5><x6>2.000000e-001</x6></dataPoint>
        <dataPoint><x1>8.521000e+001</x1><x2>1.976300e-001</x2><x3>9.867000e-002</x3><x4>1.058200e-001</x4><x5>3.978800e-001</x5><x6>2.000000e-001</x6></dataPoint>
        <dataPoint><x1>8.756000e+001</x1><x2>2.145100e-001</x2><x3>1.071000e-001</x3><x4>1.005000e-001</x4><x5>3.778900e-001</x5><x6>2.000000e-001</x6></dataPoint>
        <dataPoint><x1>6.362000e+001</x1><x2>2.297800e-001</x2><x3>1.147200e-001</x3><x4>9.569000e-002</x4><x5>3.598100e-001</x5><x6>2.000000e-001</x6></dataPoint>
        <dataPoint><x1>4.484000e+001</x1><x2>2.436500e-001</x2><x3>1.216400e-001</x3><x4>9.132000e-002</x4><x5>3.433800e-001</x5><x6>2.000000e-001</x6></dataPoint>
    </dataGroup>
</experiment>
