<experiment>
    <fileAuthor>Chemical Kinetics Laboratory, Institute of Chemistry, ELTE, Budapest, Hungary</fileAuthor>
    <fileDOI>10.24388/x20001117</fileDOI>
    <fileVersion>
        <major>2</major>
        <minor>0</minor>
    </fileVersion>
    <ReSpecThVersion>
        <major>2</major>
        <minor>3</minor>
    </ReSpecThVersion>
    <firstPublicationDate>2014-06-24</firstPublicationDate>
    <lastModificationDate>2020-11-18</lastModificationDate>
    <bibliographyLink>
        <description>B. Lewis; G. von Elbe, Combustion, Flames and Explosions of Gases. 2nd ed.; Academic Press: New York and London, 1961.</description>
        <location>Main Article</location>
        <figure>Fig. 190, H2/CO/O2/N2/H2O, f = 0.30.</figure>
        <details>
            <address>Oldenbourg, Berlin</address>
            <author>Jahn, Georg</author>
            <school>Berlin</school>
            <title>Der Z{\"{u}}ndvorgang in Gasgemischen</title>
            <type>Dissertation</type>
            <year>1934</year>
        </details>
    </bibliographyLink>
    <experimentType>laminar burning velocity measurement</experimentType>
    <apparatus>
        <kind>flame</kind>
        <mode>premixed</mode>
        <mode>laminar</mode>
    </apparatus>
    <commonProperties>
        <property name="temperature"                   label="T"  sourcetype="reported"   units="K"    ><value>298</value></property>
        <property name="pressure"                      label="P"  sourcetype="reported"   units="atm"  ><value>1</value></property>
        <property name="evaluated standard deviation"  sourcetype="estimated"  units="cm/s"  reference="laminar burning velocity"  kind="absolute"  method="generic uncertainty" ><value>2.0</value></property>
    </commonProperties>
    <dataGroup id="dg1">
        <property name="laminar burning velocity"  id="x1"   label="Sl"     sourcetype="digitized"   units="cm/s"          />
        <property name="composition"               id="x2"   label="[H2]"   sourcetype="calculated"  units="mole fraction" >
            <speciesLink preferredKey="H2"   CAS="1333-74-0"  InChI="1S/H2/h1H"    SMILES="[HH]"       chemName="hydrogen"        />
        </property>
        <property name="composition"               id="x3"   label="[CO]"   sourcetype="calculated"  units="mole fraction" >
            <speciesLink preferredKey="CO"   CAS="630-08-0"   InChI="1S/CO/c1-2"   SMILES="[C-]#[O+]"  chemName="carbon monoxide" />
        </property>
        <property name="composition"               id="x4"   label="[O2]"   sourcetype="calculated"  units="mole fraction" >
            <speciesLink preferredKey="O2"   CAS="7782-44-7"  InChI="1S/O2/c1-2"   SMILES="O=O"        chemName="oxygen"          />
        </property>
        <property name="composition"               id="x5"   label="[N2]"   sourcetype="calculated"  units="mole fraction" >
            <speciesLink preferredKey="N2"   CAS="7727-37-9"  InChI="1S/N2/c1-2"   SMILES="N#N"        chemName="nitrogen"        />
        </property>
        <property name="composition"               id="x6"   label="[H2O]"  sourcetype="calculated"  units="mole fraction" >
            <speciesLink preferredKey="H2O"  CAS="7732-18-5"  InChI="1S/H2O/h1H2"  SMILES="O"          chemName="water"           />
        </property>

        <dataPoint><x1>4.814000e+001</x1><x2>6.160000e-003</x2><x3>3.990700e-001</x3><x4>1.767700e-001</x4><x5>4.124600e-001</x5><x6>5.550000e-003</x6></dataPoint>
        <dataPoint><x1>5.115000e+001</x1><x2>6.510000e-003</x2><x3>4.217400e-001</x3><x4>1.697700e-001</x4><x5>3.961200e-001</x5><x6>5.860000e-003</x6></dataPoint>
        <dataPoint><x1>5.374000e+001</x1><x2>6.850000e-003</x2><x3>4.434100e-001</x3><x4>1.630700e-001</x4><x5>3.805000e-001</x5><x6>6.160000e-003</x6></dataPoint>
        <dataPoint><x1>5.621000e+001</x1><x2>7.380000e-003</x2><x3>4.778900e-001</x3><x4>1.524300e-001</x4><x5>3.556700e-001</x5><x6>6.640000e-003</x6></dataPoint>
        <dataPoint><x1>5.819000e+001</x1><x2>7.520000e-003</x2><x3>4.867600e-001</x3><x4>1.496900e-001</x4><x5>3.492700e-001</x5><x6>6.760000e-003</x6></dataPoint>
        <dataPoint><x1>6.075000e+001</x1><x2>8.400000e-003</x2><x3>5.438700e-001</x3><x4>1.320500e-001</x4><x5>3.081200e-001</x5><x6>7.560000e-003</x6></dataPoint>
        <dataPoint><x1>6.277000e+001</x1><x2>9.260000e-003</x2><x3>6.000000e-001</x3><x4>1.147200e-001</x4><x5>2.676800e-001</x5><x6>8.340000e-003</x6></dataPoint>
        <dataPoint><x1>6.169000e+001</x1><x2>9.800000e-003</x2><x3>6.344400e-001</x3><x4>1.040900e-001</x4><x5>2.428700e-001</x5><x6>8.820000e-003</x6></dataPoint>
        <dataPoint><x1>5.819000e+001</x1><x2>1.024000e-002</x2><x3>6.629500e-001</x3><x4>9.528000e-002</x4><x5>2.223200e-001</x5><x6>9.210000e-003</x6></dataPoint>
        <dataPoint><x1>5.556000e+001</x1><x2>1.040000e-002</x2><x3>6.737600e-001</x3><x4>9.194000e-002</x4><x5>2.145400e-001</x5><x6>9.360000e-003</x6></dataPoint>
        <dataPoint><x1>5.387000e+001</x1><x2>1.057000e-002</x2><x3>6.845700e-001</x3><x4>8.861000e-002</x4><x5>2.067500e-001</x5><x6>9.510000e-003</x6></dataPoint>
        <dataPoint><x1>4.819000e+001</x1><x2>1.086000e-002</x2><x3>7.032200e-001</x3><x4>8.285000e-002</x4><x5>1.933100e-001</x5><x6>9.770000e-003</x6></dataPoint>
        <dataPoint><x1>4.599000e+001</x1><x2>1.098000e-002</x2><x3>7.110700e-001</x3><x4>8.042000e-002</x4><x5>1.876500e-001</x5><x6>9.880000e-003</x6></dataPoint>
        <dataPoint><x1>3.778000e+001</x1><x2>1.140000e-002</x2><x3>7.385600e-001</x3><x4>7.193000e-002</x4><x5>1.678400e-001</x5><x6>1.026000e-002</x6></dataPoint>
        <dataPoint><x1>3.074000e+001</x1><x2>1.175000e-002</x2><x3>7.611400e-001</x3><x4>6.496000e-002</x4><x5>1.515800e-001</x5><x6>1.058000e-002</x6></dataPoint>
        <dataPoint><x1>2.590000e+001</x1><x2>1.201000e-002</x2><x3>7.778300e-001</x3><x4>5.981000e-002</x4><x5>1.395500e-001</x5><x6>1.081000e-002</x6></dataPoint>
    </dataGroup>
</experiment>
