<experiment>
    <fileAuthor>Chemical Kinetics Laboratory, Institute of Chemistry, ELTE, Budapest, Hungary</fileAuthor>
    <fileDOI>10.24388/x20001120</fileDOI>
    <fileVersion>
        <major>2</major>
        <minor>0</minor>
    </fileVersion>
    <ReSpecThVersion>
        <major>2</major>
        <minor>3</minor>
    </ReSpecThVersion>
    <firstPublicationDate>2014-06-24</firstPublicationDate>
    <lastModificationDate>2020-11-18</lastModificationDate>
    <bibliographyLink>
        <description>B. Lewis; G. von Elbe, Combustion, Flames and Explosions of Gases. 2nd ed.; Academic Press: New York and London, 1961.</description>
        <location>Main Article</location>
        <figure>Fig. 190, H2/CO/O2/N2/H2O, f = 0.13.</figure>
        <details>
            <address>Oldenbourg, Berlin</address>
            <author>Jahn, Georg</author>
            <school>Berlin</school>
            <title>Der Z{\"{u}}ndvorgang in Gasgemischen</title>
            <type>Dissertation</type>
            <year>1934</year>
        </details>
    </bibliographyLink>
    <experimentType>laminar burning velocity measurement</experimentType>
    <apparatus>
        <kind>flame</kind>
        <mode>premixed</mode>
        <mode>laminar</mode>
    </apparatus>
    <commonProperties>
        <property name="temperature"                   label="T"  sourcetype="reported"   units="K"    ><value>298</value></property>
        <property name="pressure"                      label="P"  sourcetype="reported"   units="atm"  ><value>1</value></property>
        <property name="evaluated standard deviation"  sourcetype="estimated"  units="cm/s"  reference="laminar burning velocity"  kind="absolute"  method="generic uncertainty" ><value>2.0</value></property>
    </commonProperties>
    <dataGroup id="dg1">
        <property name="laminar burning velocity"  id="x1"   label="Sl"     sourcetype="digitized"   units="cm/s"          />
        <property name="composition"               id="x2"   label="[H2]"   sourcetype="calculated"  units="mole fraction" >
            <speciesLink preferredKey="H2"   CAS="1333-74-0"  InChI="1S/H2/h1H"    SMILES="[HH]"       chemName="hydrogen"        />
        </property>
        <property name="composition"               id="x3"   label="[CO]"   sourcetype="calculated"  units="mole fraction" >
            <speciesLink preferredKey="CO"   CAS="630-08-0"   InChI="1S/CO/c1-2"   SMILES="[C-]#[O+]"  chemName="carbon monoxide" />
        </property>
        <property name="composition"               id="x4"   label="[O2]"   sourcetype="calculated"  units="mole fraction" >
            <speciesLink preferredKey="O2"   CAS="7782-44-7"  InChI="1S/O2/c1-2"   SMILES="O=O"        chemName="oxygen"          />
        </property>
        <property name="composition"               id="x5"   label="[N2]"   sourcetype="calculated"  units="mole fraction" >
            <speciesLink preferredKey="N2"   CAS="7727-37-9"  InChI="1S/N2/c1-2"   SMILES="N#N"        chemName="nitrogen"        />
        </property>
        <property name="composition"               id="x6"   label="[H2O]"  sourcetype="calculated"  units="mole fraction" >
            <speciesLink preferredKey="H2O"  CAS="7732-18-5"  InChI="1S/H2O/h1H2"  SMILES="O"          chemName="water"           />
        </property>

        <dataPoint><x1>2.506000e+001</x1><x2>5.200000e-003</x2><x3>3.368500e-001</x3><x4>8.492000e-002</x4><x5>5.683400e-001</x5><x6>4.680000e-003</x6></dataPoint>
        <dataPoint><x1>2.639000e+001</x1><x2>5.600000e-003</x2><x3>3.624600e-001</x3><x4>8.150000e-002</x4><x5>5.454100e-001</x5><x6>5.040000e-003</x6></dataPoint>
        <dataPoint><x1>2.688000e+001</x1><x2>6.010000e-003</x2><x3>3.890400e-001</x3><x4>7.794000e-002</x4><x5>5.216100e-001</x5><x6>5.410000e-003</x6></dataPoint>
        <dataPoint><x1>2.623000e+001</x1><x2>6.280000e-003</x2><x3>4.067500e-001</x3><x4>7.557000e-002</x4><x5>5.057500e-001</x5><x6>5.650000e-003</x6></dataPoint>
        <dataPoint><x1>2.568000e+001</x1><x2>6.630000e-003</x2><x3>4.293800e-001</x3><x4>7.254000e-002</x4><x5>4.854800e-001</x5><x6>5.970000e-003</x6></dataPoint>
        <dataPoint><x1>2.493000e+001</x1><x2>6.830000e-003</x2><x3>4.421700e-001</x3><x4>7.083000e-002</x4><x5>4.740200e-001</x5><x6>6.140000e-003</x6></dataPoint>
        <dataPoint><x1>2.376000e+001</x1><x2>7.090000e-003</x2><x3>4.588900e-001</x3><x4>6.859000e-002</x4><x5>4.590500e-001</x5><x6>6.380000e-003</x6></dataPoint>
    </dataGroup>
</experiment>
