<experiment>
    <fileAuthor>Chemical Kinetics Laboratory, Institute of Chemistry, ELTE, Budapest, Hungary</fileAuthor>
    <fileDOI>10.24388/x20001070</fileDOI>
    <fileVersion>
        <major>2</major>
        <minor>0</minor>
    </fileVersion>
    <ReSpecThVersion>
        <major>2</major>
        <minor>3</minor>
    </ReSpecThVersion>
    <firstPublicationDate>2014-06-24</firstPublicationDate>
    <lastModificationDate>2020-11-18</lastModificationDate>
    <bibliographyLink>
        <description>J. Natarajan; T. Lieuwen; J. Seitzman, Combustion and Flame 2007, 151, (1-2), 104-119.</description>
        <referenceDOI>10.1016/j.combustflame.2007.05.003</referenceDOI>
        <location>Main Article</location>
        <figure>Fig. 5, H2/CO = 50/50, 20% CO2 dilution, red triangle.</figure>
        <details>
            <author>Natarajan, J and Lieuwen, T and Seitzman, J</author>
            <journal>Combust Flame</journal>
            <number>1--2</number>
            <pages>104--119</pages>
            <title>Laminar flame speeds of H$_{2}$/CO mixtures: Effect of CO$_{2}$ dilution, preheat temperature, and pressure</title>
            <volume>151</volume>
            <year>2007</year>
        </details>
    </bibliographyLink>
    <experimentType>laminar burning velocity measurement</experimentType>
    <apparatus>
        <kind>flame</kind>
        <mode>premixed</mode>
        <mode>laminar</mode>
    </apparatus>
    <commonProperties>
        <property name="temperature"                   label="T"  sourcetype="reported"   units="K"    ><value>300</value></property>
        <property name="pressure"                      label="P"  sourcetype="reported"   units="atm"  ><value>1</value></property>
        <property name="evaluated standard deviation"  sourcetype="estimated"  units="cm/s"  reference="laminar burning velocity"  kind="absolute"  method="generic uncertainty" ><value>2.0</value></property>
    </commonProperties>
    <dataGroup id="dg1">
        <property name="laminar burning velocity"  id="x1"   label="Sl"     sourcetype="digitized"   units="cm/s"          />
        <property name="composition"               id="x2"   label="[CO]"   sourcetype="calculated"  units="mole fraction" >
            <speciesLink preferredKey="CO"   CAS="630-08-0"   InChI="1S/CO/c1-2"     SMILES="[C-]#[O+]"  chemName="carbon monoxide" />
        </property>
        <property name="composition"               id="x3"   label="[H2]"   sourcetype="calculated"  units="mole fraction" >
            <speciesLink preferredKey="H2"   CAS="1333-74-0"  InChI="1S/H2/h1H"      SMILES="[HH]"       chemName="hydrogen"        />
        </property>
        <property name="composition"               id="x4"   label="[O2]"   sourcetype="calculated"  units="mole fraction" >
            <speciesLink preferredKey="O2"   CAS="7782-44-7"  InChI="1S/O2/c1-2"     SMILES="O=O"        chemName="oxygen"          />
        </property>
        <property name="composition"               id="x5"   label="[N2]"   sourcetype="calculated"  units="mole fraction" >
            <speciesLink preferredKey="N2"   CAS="7727-37-9"  InChI="1S/N2/c1-2"     SMILES="N#N"        chemName="nitrogen"        />
        </property>
        <property name="composition"               id="x6"   label="[CO2]"  sourcetype="calculated"  units="mole fraction" >
            <speciesLink preferredKey="CO2"  CAS="124-38-9"   InChI="1S/CO2/c2-1-3"  SMILES="C(=O)=O"    chemName="carbon dioxide"  />
        </property>

        <dataPoint><x1>3.664400e+001</x1><x2>9.770000e-002</x2><x3>9.770000e-002</x3><x4>1.588000e-001</x4><x5>5.970000e-001</x5><x6>4.880000e-002</x6></dataPoint>
        <dataPoint><x1>3.687200e+001</x1><x2>9.960000e-002</x2><x3>9.960000e-002</x3><x4>1.578000e-001</x4><x5>5.932000e-001</x5><x6>4.980000e-002</x6></dataPoint>
        <dataPoint><x1>3.961200e+001</x1><x2>1.013000e-001</x2><x3>1.013000e-001</x3><x4>1.569000e-001</x4><x5>5.899000e-001</x5><x6>5.060000e-002</x6></dataPoint>
        <dataPoint><x1>4.235200e+001</x1><x2>1.038000e-001</x2><x3>1.038000e-001</x3><x4>1.555000e-001</x4><x5>5.848000e-001</x5><x6>5.190000e-002</x6></dataPoint>
        <dataPoint><x1>4.372200e+001</x1><x2>1.042000e-001</x2><x3>1.042000e-001</x3><x4>1.554000e-001</x4><x5>5.842000e-001</x5><x6>5.210000e-002</x6></dataPoint>
        <dataPoint><x1>4.942900e+001</x1><x2>1.083000e-001</x2><x3>1.083000e-001</x3><x4>1.532000e-001</x4><x5>5.760000e-001</x5><x6>5.420000e-002</x6></dataPoint>
        <dataPoint><x1>5.468000e+001</x1><x2>1.126000e-001</x2><x3>1.126000e-001</x3><x4>1.510000e-001</x4><x5>5.676000e-001</x5><x6>5.630000e-002</x6></dataPoint>
        <dataPoint><x1>5.970300e+001</x1><x2>1.169000e-001</x2><x3>1.169000e-001</x3><x4>1.487000e-001</x4><x5>5.591000e-001</x5><x6>5.840000e-002</x6></dataPoint>
        <dataPoint><x1>6.541100e+001</x1><x2>1.211000e-001</x2><x3>1.211000e-001</x3><x4>1.465000e-001</x4><x5>5.509000e-001</x5><x6>6.050000e-002</x6></dataPoint>
        <dataPoint><x1>7.089000e+001</x1><x2>1.252000e-001</x2><x3>1.252000e-001</x3><x4>1.443000e-001</x4><x5>5.427000e-001</x5><x6>6.260000e-002</x6></dataPoint>
        <dataPoint><x1>7.614200e+001</x1><x2>1.291000e-001</x2><x3>1.291000e-001</x3><x4>1.423000e-001</x4><x5>5.349000e-001</x5><x6>6.460000e-002</x6></dataPoint>
        <dataPoint><x1>7.979500e+001</x1><x2>1.329000e-001</x2><x3>1.329000e-001</x3><x4>1.403000e-001</x4><x5>5.275000e-001</x5><x6>6.650000e-002</x6></dataPoint>
        <dataPoint><x1>8.413200e+001</x1><x2>1.364000e-001</x2><x3>1.364000e-001</x3><x4>1.385000e-001</x4><x5>5.206000e-001</x5><x6>6.820000e-002</x6></dataPoint>
    </dataGroup>
</experiment>
