<experiment>
    <fileAuthor>Chemical Kinetics Laboratory, Institute of Chemistry, ELTE, Budapest, Hungary</fileAuthor>
    <fileDOI>10.24388/x20001087_x</fileDOI>
    <fileVersion>
        <major>2</major>
        <minor>0</minor>
    </fileVersion>
    <ReSpecThVersion>
        <major>2</major>
        <minor>3</minor>
    </ReSpecThVersion>
    <firstPublicationDate>2014-06-24</firstPublicationDate>
    <lastModificationDate>2020-11-18</lastModificationDate>
    <bibliographyLink>
        <description>N. Bouvet; C. Chauveau; I. Gökalp; F. Halter, Proceedings of the Combustion Institute 2011, 33, (1), 913-920.</description>
        <referenceDOI>10.1016/j.proci.2010.05.088</referenceDOI>
        <location>Main Article</location>
        <figure>Fig. 8, H2/CO = 50/50, full yellow square.</figure>
        <details>
            <author>Bouvet, Nicolas and Chauveau, Christian and G{\"{o}}kalp, Iskender and Halter, Fabien</author>
            <journal>Proc Combust Inst</journal>
            <number>1</number>
            <pages>913--920</pages>
            <title>Experimental studies of the fundamental flame speeds of syngas (H$_{2}$/CO)/air mixtures</title>
            <volume>33</volume>
            <year>2011</year>
        </details>
    </bibliographyLink>
    <experimentType>laminar burning velocity measurement</experimentType>
    <apparatus>
        <kind>flame</kind>
        <mode>premixed</mode>
        <mode>laminar</mode>
    </apparatus>
    <commonProperties>
        <property name="temperature"                   label="T"  sourcetype="reported"   units="K"    ><value>295</value></property>
        <property name="pressure"                      label="P"  sourcetype="reported"   units="atm"  ><value>1</value></property>
        <property name="evaluated standard deviation"  sourcetype="estimated"  units="cm/s"  reference="laminar burning velocity"  kind="absolute"  method="statistical scatter" ><value>2.22</value></property>
    </commonProperties>
    <dataGroup id="dg1">
        <property name="laminar burning velocity"  id="x1"   label="Sl"    sourcetype="digitized"   units="cm/s"          />
        <property name="composition"               id="x2"   label="[CO]"  sourcetype="calculated"  units="mole fraction" >
            <speciesLink preferredKey="CO"  CAS="630-08-0"   InChI="1S/CO/c1-2"  SMILES="[C-]#[O+]"  chemName="carbon monoxide" />
        </property>
        <property name="composition"               id="x3"   label="[H2]"  sourcetype="calculated"  units="mole fraction" >
            <speciesLink preferredKey="H2"  CAS="1333-74-0"  InChI="1S/H2/h1H"   SMILES="[HH]"       chemName="hydrogen"        />
        </property>
        <property name="composition"               id="x4"   label="[O2]"  sourcetype="calculated"  units="mole fraction" >
            <speciesLink preferredKey="O2"  CAS="7782-44-7"  InChI="1S/O2/c1-2"  SMILES="O=O"        chemName="oxygen"          />
        </property>
        <property name="composition"               id="x5"   label="[N2]"  sourcetype="calculated"  units="mole fraction" >
            <speciesLink preferredKey="N2"  CAS="7727-37-9"  InChI="1S/N2/c1-2"  SMILES="N#N"        chemName="nitrogen"        />
        </property>

        <dataPoint><x1>1.257290e+001</x1><x2>7.190000e-002</x2><x3>7.190000e-002</x3><x4>1.799000e-001</x4><x5>6.763000e-001</x5></dataPoint>
        <dataPoint><x1>4.228120e+001</x1><x2>1.007000e-001</x2><x3>1.007000e-001</x3><x4>1.678000e-001</x4><x5>6.309000e-001</x5></dataPoint>
        <dataPoint><x1>7.310340e+001</x1><x2>1.258000e-001</x2><x3>1.258000e-001</x3><x4>1.572000e-001</x4><x5>5.912000e-001</x5></dataPoint>
        <dataPoint><x1>9.464190e+001</x1><x2>1.479000e-001</x2><x3>1.479000e-001</x3><x4>1.479000e-001</x4><x5>5.562000e-001</x5></dataPoint>
        <dataPoint><x1>1.176660e+002</x1><x2>1.676000e-001</x2><x3>1.676000e-001</x3><x4>1.397000e-001</x4><x5>5.251000e-001</x5></dataPoint>
        <dataPoint><x1>1.488590e+002</x1><x2>1.933000e-001</x2><x3>1.933000e-001</x3><x4>1.289000e-001</x4><x5>4.845000e-001</x5></dataPoint>
        <dataPoint><x1>1.785680e+002</x1><x2>2.283000e-001</x2><x3>2.283000e-001</x3><x4>1.142000e-001</x4><x5>4.292000e-001</x5></dataPoint>
        <dataPoint><x1>1.800530e+002</x1><x2>2.561000e-001</x2><x3>2.561000e-001</x3><x4>1.025000e-001</x4><x5>3.852000e-001</x5></dataPoint>
        <dataPoint><x1>1.666840e+002</x1><x2>2.788000e-001</x2><x3>2.788000e-001</x3><x4>9.290000e-002</x4><x5>3.494000e-001</x5></dataPoint>
        <dataPoint><x1>1.484880e+002</x1><x2>2.976000e-001</x2><x3>2.976000e-001</x3><x4>8.500000e-002</x4><x5>3.197000e-001</x5></dataPoint>
        <dataPoint><x1>1.239790e+002</x1><x2>3.135000e-001</x2><x3>3.135000e-001</x3><x4>7.840000e-002</x4><x5>2.947000e-001</x5></dataPoint>
        <dataPoint><x1>1.020690e+002</x1><x2>3.270000e-001</x2><x3>3.270000e-001</x3><x4>7.270000e-002</x4><x5>2.733000e-001</x5></dataPoint>
        <dataPoint><x1>8.572940e+001</x1><x2>3.388000e-001</x2><x3>3.388000e-001</x3><x4>6.780000e-002</x4><x5>2.547000e-001</x5></dataPoint>
    </dataGroup>
</experiment>
