<experiment>
    <fileAuthor>Chemical Kinetics Laboratory, Institute of Chemistry, ELTE, Budapest, Hungary</fileAuthor>
    <fileDOI>10.24388/x20001154</fileDOI>
    <fileVersion>
        <major>2</major>
        <minor>0</minor>
    </fileVersion>
    <ReSpecThVersion>
        <major>2</major>
        <minor>3</minor>
    </ReSpecThVersion>
    <firstPublicationDate>2014-06-24</firstPublicationDate>
    <lastModificationDate>2020-11-18</lastModificationDate>
    <bibliographyLink>
        <description>M. C. Krejci, O. Mathieu, A. J. Vissotski, S. Ravi, T. G. Sikes, E. L. Petersen, A. Kérmonès, W. Metcalfe and H. J. Curran, Gas Turbines: Combustion, Fuels, and Emissions, 2013, 135, page information is unknown.</description>
        <referenceDOI>10.1115/gt2012-69290</referenceDOI>
        <location>Main Article</location>
        <table>Table A2, H2/CO = 50/50, 7.5% H2O addition.</table>
        <details>
            <author>Krejci, M C and Mathieu, O and Vissotski, A J and Ravi, S and Sikes, T G and Petersen, E L and K{\'{e}}romn{\`{e}}s, A and Metcalfe, W K and Curran, H J</author>
            <journal>Proceedings of the ASME Turbo Expo, June 11-15, 2012, Copenhagen, Denmark, Paper GT2012--69290</journal>
            <pages>931--948</pages>
            <title>Laminar flame speed and ignition delay time data for the kinetic modeling of hydrogen and syngas fuel blends</title>
            <year>2012</year>
        </details>
    </bibliographyLink>
    <experimentType>laminar burning velocity measurement</experimentType>
    <apparatus>
        <kind>flame</kind>
        <mode>premixed</mode>
        <mode>laminar</mode>
    </apparatus>
    <commonProperties>
        <property name="pressure"                      label="P"  sourcetype="reported"   units="atm"  ><value>10</value></property>
        <property name="evaluated standard deviation"  sourcetype="estimated"  units="cm/s"  reference="laminar burning velocity"  kind="absolute"  method="statistical scatter" ><value>4.11</value></property>
    </commonProperties>
    <dataGroup id="dg1">
        <property name="temperature"               id="x1"   label="T"      sourcetype="reported"    units="K"             />
        <property name="laminar burning velocity"  id="x2"   label="Sl"     sourcetype="reported"    units="cm/s"          />
        <property name="composition"               id="x3"   label="[H2]"   sourcetype="calculated"  units="mole fraction" >
            <speciesLink preferredKey="H2"   CAS="1333-74-0"  InChI="1S/H2/h1H"    SMILES="[HH]"       chemName="hydrogen"        />
        </property>
        <property name="composition"               id="x4"   label="[CO]"   sourcetype="calculated"  units="mole fraction" >
            <speciesLink preferredKey="CO"   CAS="630-08-0"   InChI="1S/CO/c1-2"   SMILES="[C-]#[O+]"  chemName="carbon monoxide" />
        </property>
        <property name="composition"               id="x5"   label="[O2]"   sourcetype="calculated"  units="mole fraction" >
            <speciesLink preferredKey="O2"   CAS="7782-44-7"  InChI="1S/O2/c1-2"   SMILES="O=O"        chemName="oxygen"          />
        </property>
        <property name="composition"               id="x6"   label="[He]"   sourcetype="calculated"  units="mole fraction" >
            <speciesLink preferredKey="He"   CAS="7440-59-7"  InChI="1S/He"        SMILES="[He]"       chemName="helium"          />
        </property>
        <property name="composition"               id="x7"   label="[H2O]"  sourcetype="calculated"  units="mole fraction" >
            <speciesLink preferredKey="H2O"  CAS="7732-18-5"  InChI="1S/H2O/h1H2"  SMILES="O"          chemName="water"           />
        </property>

        <dataPoint><x1>373</x1> <x2>46.6</x2><x3>6.453000e-002</x3><x4>6.453000e-002</x4><x5>1.075600e-001</x5><x6>7.529100e-001</x6><x7>1.047000e-002</x7></dataPoint>
        <dataPoint><x1>373</x1><x2>100.3</x2><x3>8.222000e-002</x3><x4>8.222000e-002</x4><x5>1.027800e-001</x5><x6>7.194400e-001</x6><x7>1.333000e-002</x7></dataPoint>
        <dataPoint><x1>372</x1><x2>148.7</x2><x3>9.840000e-002</x3><x4>9.840000e-002</x4><x5>9.840000e-002</x5><x6>6.888300e-001</x6><x7>1.596000e-002</x7></dataPoint>
        <dataPoint><x1>373</x1><x2>198.5</x2><x3>1.569200e-001</x3><x4>1.569200e-001</x4><x5>8.259000e-002</x5><x6>5.781300e-001</x6><x7>2.545000e-002</x7></dataPoint>
        <dataPoint><x1>373</x1><x2>185.6</x2><x3>1.674600e-001</x3><x4>1.674600e-001</x4><x5>7.974000e-002</x5><x6>5.581900e-001</x6><x7>2.716000e-002</x7></dataPoint>
        <dataPoint><x1>374</x1><x2>167.5</x2><x3>1.819700e-001</x3><x4>1.819700e-001</x4><x5>7.582000e-002</x5><x6>5.307400e-001</x6><x7>2.951000e-002</x7></dataPoint>
        <dataPoint><x1>373</x1><x2>169.5</x2><x3>1.819700e-001</x3><x4>1.819700e-001</x4><x5>7.582000e-002</x5><x6>5.307400e-001</x6><x7>2.951000e-002</x7></dataPoint>
        <dataPoint><x1>373</x1><x2>169.1</x2><x3>1.819700e-001</x3><x4>1.819700e-001</x4><x5>7.582000e-002</x5><x6>5.307400e-001</x6><x7>2.951000e-002</x7></dataPoint>
        <dataPoint><x1>373</x1><x2>168.6</x2><x3>1.819700e-001</x3><x4>1.819700e-001</x4><x5>7.582000e-002</x5><x6>5.307400e-001</x6><x7>2.951000e-002</x7></dataPoint>
        <dataPoint><x1>373</x1><x2>170.9</x2><x3>1.819700e-001</x3><x4>1.819700e-001</x4><x5>7.582000e-002</x5><x6>5.307400e-001</x6><x7>2.951000e-002</x7></dataPoint>
        <dataPoint><x1>374</x1><x2>114.6</x2><x3>2.032200e-001</x3><x4>2.032200e-001</x4><x5>7.008000e-002</x5><x6>4.905300e-001</x6><x7>3.295000e-002</x7></dataPoint>
        <dataPoint><x1>373</x1> <x2>83.2</x2><x3>2.214800e-001</x3><x4>2.214800e-001</x4><x5>6.514000e-002</x5><x6>4.559900e-001</x6><x7>3.592000e-002</x7></dataPoint>
    </dataGroup>
    <comment>Article described in Version 1.0 is inexistent, which is "M. C. Krejci; A. J. Vissotski; S. Ravi; W. K. Metcalfe; A. Keromnes; H. J. Curran; E. L. Petersen, Proceedings of the Combustion Institute 2012, 34, in press.". Current article is still not available, yet it has been published.</comment>
</experiment>
