<experiment>
    <fileAuthor>Chemical Kinetics Laboratory, Institute of Chemistry, ELTE, Budapest, Hungary</fileAuthor>
    <fileDOI>10.24388/x20001039</fileDOI>
    <fileVersion>
        <major>1</major>
        <minor>1</minor>
    </fileVersion>
    <ReSpecThVersion>
        <major>2</major>
        <minor>3</minor>
    </ReSpecThVersion>
    <firstPublicationDate>2014-06-24</firstPublicationDate>
    <lastModificationDate>2020-11-18</lastModificationDate>
    <bibliographyLink>
        <description>Natarajan, J.; Kochar, Y.; Lieuwen, T.; Seitzman, J., Proceedings of the Combustion Institute 2009, 32, 1261-1268.</description>
        <referenceDOI>10.1016/j.proci.2008.06.110</referenceDOI>
        <location>Main Article</location>
        <figure>Fig. 3, blue star.</figure>
        <details>
            <author>Natarajan, J and Kochar, Y and Lieuwen, T and Seitzman, J</author>
            <journal>Proc Combust Inst</journal>
            <pages>1261--1268</pages>
            <title>Pressure and preheat dependence of laminarflame speeds of H$_{2}$/CO/CO$_{2}$/O$_{2}$/He mixtures</title>
            <volume>32</volume>
            <year>2009</year>
        </details>
    </bibliographyLink>
    <experimentType>laminar burning velocity measurement</experimentType>
    <apparatus>
        <kind>flame</kind>
        <mode>premixed</mode>
        <mode>laminar</mode>
    </apparatus>
    <commonProperties>
        <property name="temperature"                   label="T"  sourcetype="reported"   units="K"    ><value>700</value></property>
        <property name="pressure"                      label="P"  sourcetype="reported"   units="atm"  ><value>1</value></property>
        <property name="evaluated standard deviation"  sourcetype="estimated"  units="cm/s"  reference="laminar burning velocity"  kind="absolute"  method="generic uncertainty" ><value>2.0</value></property>
    </commonProperties>
    <dataGroup id="dg1">
        <property name="laminar burning velocity"  id="x1"   label="Sl"    sourcetype="digitized"   units="cm/s"          />
        <property name="composition"               id="x2"   label="[CO]"  sourcetype="calculated"  units="mole fraction" >
            <speciesLink preferredKey="CO"  CAS="630-08-0"   InChI="1S/CO/c1-2"  SMILES="[C-]#[O+]"  chemName="carbon monoxide" />
        </property>
        <property name="composition"               id="x3"   label="[H2]"  sourcetype="calculated"  units="mole fraction" >
            <speciesLink preferredKey="H2"  CAS="1333-74-0"  InChI="1S/H2/h1H"   SMILES="[HH]"       chemName="hydrogen"        />
        </property>
        <property name="composition"               id="x4"   label="[O2]"  sourcetype="calculated"  units="mole fraction" >
            <speciesLink preferredKey="O2"  CAS="7782-44-7"  InChI="1S/O2/c1-2"  SMILES="O=O"        chemName="oxygen"          />
        </property>
        <property name="composition"               id="x5"   label="[N2]"  sourcetype="calculated"  units="mole fraction" >
            <speciesLink preferredKey="N2"  CAS="7727-37-9"  InChI="1S/N2/c1-2"  SMILES="N#N"        chemName="nitrogen"        />
        </property>

        <dataPoint><x1>2.460940e+002</x1><x2>1.000000e-001</x2><x3>1.000000e-001</x3><x4>1.681000e-001</x4><x5>6.320000e-001</x5></dataPoint>
        <dataPoint><x1>2.753910e+002</x1><x2>1.042000e-001</x2><x3>1.042000e-001</x3><x4>1.663000e-001</x4><x5>6.253000e-001</x5></dataPoint>
        <dataPoint><x1>2.939450e+002</x1><x2>1.072000e-001</x2><x3>1.072000e-001</x3><x4>1.651000e-001</x4><x5>6.206000e-001</x5></dataPoint>
        <dataPoint><x1>3.164060e+002</x1><x2>1.102000e-001</x2><x3>1.102000e-001</x3><x4>1.638000e-001</x4><x5>6.158000e-001</x5></dataPoint>
        <dataPoint><x1>3.535160e+002</x1><x2>1.169000e-001</x2><x3>1.169000e-001</x3><x4>1.610000e-001</x4><x5>6.053000e-001</x5></dataPoint>
        <dataPoint><x1>3.720700e+002</x1><x2>1.195000e-001</x2><x3>1.195000e-001</x3><x4>1.599000e-001</x4><x5>6.010000e-001</x5></dataPoint>
        <dataPoint><x1>3.935550e+002</x1><x2>1.238000e-001</x2><x3>1.238000e-001</x3><x4>1.581000e-001</x4><x5>5.943000e-001</x5></dataPoint>
        <dataPoint><x1>4.218750e+002</x1><x2>1.303000e-001</x2><x3>1.303000e-001</x3><x4>1.553000e-001</x4><x5>5.841000e-001</x5></dataPoint>
        <dataPoint><x1>4.492190e+002</x1><x2>1.364000e-001</x2><x3>1.364000e-001</x3><x4>1.528000e-001</x4><x5>5.744000e-001</x5></dataPoint>
    </dataGroup>
</experiment>
