<experiment>
    <fileAuthor>Chemical Kinetics Laboratory, Institute of Chemistry, ELTE, Budapest, Hungary</fileAuthor>
    <fileDOI>10.24388/x20001198</fileDOI>
    <fileVersion>
        <major>2</major>
        <minor>0</minor>
    </fileVersion>
    <ReSpecThVersion>
        <major>2</major>
        <minor>3</minor>
    </ReSpecThVersion>
    <firstPublicationDate>2014-06-24</firstPublicationDate>
    <lastModificationDate>2020-11-18</lastModificationDate>
    <bibliographyLink>
        <description>W.B. Weng, Z.H. Wang, Y. He, Y.J. Zhou, J.H. Zhou, K.F. Cen: H2/CO Syngas Laminar Burning Velocity Measurement Using Teflon Coated Heat Flux Burner. Proc. Europ. Combust. Meeting 2013.</description>
        <location>Paper P3-4.</location>
        <figure>Fig. 7, full circle.</figure>
        <details>
            <author>Weng, W.B. and Wang, Weng and He, Y. and Zhou, Y.J. and Zhou, J.H. and Cen, K.F.</author>
            <journal>Proceedings of the 6th European Combustion Meeting</journal>
            <pages>P3–4</pages>
            <title>H2/CO Syngas Laminar Burning Velocity Measurement Using Teflon Coated Heat Flux Burner</title>
            <year>2013</year>
        </details>
    </bibliographyLink>
    <experimentType>laminar burning velocity measurement</experimentType>
    <apparatus>
        <kind>flame</kind>
        <mode>premixed</mode>
        <mode>laminar</mode>
        <mode>HFM</mode>
    </apparatus>
    <commonProperties>
        <property name="temperature"                   label="T"  sourcetype="reported"   units="K"    ><value>298</value></property>
        <property name="pressure"                      label="P"  sourcetype="reported"   units="atm"  ><value>1</value></property>
        <property name="evaluated standard deviation"  sourcetype="estimated"  units="cm/s"  reference="laminar burning velocity"  kind="absolute"  method="generic uncertainty" ><value>2.0</value></property>
    </commonProperties>
    <dataGroup id="dg1">
        <property name="composition"               id="x1"   label="[H2]"  sourcetype="calculated"  units="mole fraction" >
            <speciesLink preferredKey="H2"  CAS="1333-74-0"  InChI="1S/H2/h1H"   SMILES="[HH]"       chemName="hydrogen"        />
        </property>
        <property name="composition"               id="x2"   label="[CO]"  sourcetype="calculated"  units="mole fraction" >
            <speciesLink preferredKey="CO"  CAS="630-08-0"   InChI="1S/CO/c1-2"  SMILES="[C-]#[O+]"  chemName="carbon monoxide" />
        </property>
        <property name="composition"               id="x3"   label="[O2]"  sourcetype="calculated"  units="mole fraction" >
            <speciesLink preferredKey="O2"  CAS="7782-44-7"  InChI="1S/O2/c1-2"  SMILES="O=O"        chemName="oxygen"          />
        </property>
        <property name="composition"               id="x4"   label="[N2]"  sourcetype="calculated"  units="mole fraction" >
            <speciesLink preferredKey="N2"  CAS="7727-37-9"  InChI="1S/N2/c1-2"  SMILES="N#N"        chemName="nitrogen"        />
        </property>
        <property name="laminar burning velocity"  id="x5"   label="Sl"    sourcetype="digitized"   units="cm/s"          />
        <property name="uncertainty"               id="x6"   sourcetype="digitized"   units="cm/s"           reference="Sl"  kind="absolute"  bound="plusminus" />

        <dataPoint><x1>8.449300e-002</x1><x2>8.449300e-002</x2><x3>1.207050e-001</x3><x4>7.103090e-001</x4><x5>2.228000e+001</x5><x6>1.000000e+000</x6></dataPoint>
        <dataPoint><x1>9.106800e-002</x1><x2>9.106800e-002</x2><x3>1.138340e-001</x3><x4>7.040310e-001</x4><x5>2.957000e+001</x5><x6>8.400000e-001</x6></dataPoint>
        <dataPoint><x1>9.693400e-002</x1><x2>9.693400e-002</x2><x3>1.077040e-001</x3><x4>6.984280e-001</x4><x5>3.632000e+001</x5><x6>7.000000e-001</x6></dataPoint>
        <dataPoint><x1>1.022000e-001</x1><x2>1.022000e-001</x2><x3>1.022000e-001</x3><x4>6.933990e-001</x4><x5>4.256000e+001</x5><x6>6.300000e-001</x6></dataPoint>
        <dataPoint><x1>1.069550e-001</x1><x2>1.069550e-001</x2><x3>9.723200e-002</x3><x4>6.888580e-001</x4><x5>4.790000e+001</x5><x6>6.400000e-001</x6></dataPoint>
        <dataPoint><x1>1.112690e-001</x1><x2>1.112690e-001</x2><x3>9.272400e-002</x3><x4>6.847380e-001</x4><x5>5.212000e+001</x5><x6>8.500000e-001</x6></dataPoint>
        <dataPoint><x1>1.152000e-001</x1><x2>1.152000e-001</x2><x3>8.861600e-002</x3><x4>6.809840e-001</x4><x5>5.510000e+001</x5><x6>8.500000e-001</x6></dataPoint>
        <dataPoint><x1>1.187980e-001</x1><x2>1.187980e-001</x2><x3>8.485600e-002</x3><x4>6.775480e-001</x4><x5>5.665000e+001</x5><x6>9.200000e-001</x6></dataPoint>
        <dataPoint><x1>1.221030e-001</x1><x2>1.221030e-001</x2><x3>8.140200e-002</x3><x4>6.743910e-001</x4><x5>5.706000e+001</x5><x6>9.100000e-001</x6></dataPoint>
        <dataPoint><x1>1.251500e-001</x1><x2>1.251500e-001</x2><x3>7.821900e-002</x3><x4>6.714820e-001</x4><x5>5.589000e+001</x5><x6>1.070000e+000</x6></dataPoint>
        <dataPoint><x1>1.279670e-001</x1><x2>1.279670e-001</x2><x3>7.527500e-002</x3><x4>6.687920e-001</x4><x5>5.355000e+001</x5><x6>7.500000e-001</x6></dataPoint>
        <dataPoint><x1>1.305800e-001</x1><x2>1.305800e-001</x2><x3>7.254400e-002</x3><x4>6.662960e-001</x4><x5>5.033000e+001</x5><x6>8.100000e-001</x6></dataPoint>
        <dataPoint><x1>1.330100e-001</x1><x2>1.330100e-001</x2><x3>7.000500e-002</x3><x4>6.639760e-001</x4><x5>4.655000e+001</x5><x6>7.500000e-001</x6></dataPoint>
        <dataPoint><x1>1.352750e-001</x1><x2>1.352750e-001</x2><x3>6.763800e-002</x3><x4>6.618120e-001</x4><x5>4.205000e+001</x5><x6>7.800000e-001</x6></dataPoint>
        <dataPoint><x1>1.373920e-001</x1><x2>1.373920e-001</x2><x3>6.542500e-002</x3><x4>6.597900e-001</x4><x5>3.726000e+001</x5><x6>8.900000e-001</x6></dataPoint>
        <dataPoint><x1>1.393760e-001</x1><x2>1.393760e-001</x2><x3>6.335300e-002</x3><x4>6.578960e-001</x4><x5>3.255000e+001</x5><x6>9.800000e-001</x6></dataPoint>
        <dataPoint><x1>1.412370e-001</x1><x2>1.412370e-001</x2><x3>6.140700e-002</x3><x4>6.561190e-001</x4><x5>2.732000e+001</x5><x6>1.450000e+000</x6></dataPoint>
    </dataGroup>
</experiment>
