<experiment>
    <fileAuthor>Chemical Kinetics Laboratory, Institute of Chemistry, ELTE, Budapest, Hungary</fileAuthor>
    <fileDOI>10.24388/x20001057</fileDOI>
    <fileVersion>
        <major>2</major>
        <minor>0</minor>
    </fileVersion>
    <ReSpecThVersion>
        <major>2</major>
        <minor>3</minor>
    </ReSpecThVersion>
    <firstPublicationDate>2014-06-24</firstPublicationDate>
    <lastModificationDate>2020-11-18</lastModificationDate>
    <bibliographyLink>
        <description>N. Bouvet; S. Y. Lee; I. Gökalp; R. J. Santoro, Proceedings of the European Combustion Meeting 2007, 3, 6-17.</description>
        <location>Main Article</location>
        <figure>Fig. 8, H2/CO = 5/95, full pink square.</figure>
        <details>
            <author>Bouvet, N and Lee, S Y and G{\"{o}}kalp, I and Santoro, R J</author>
            <journal>Proc 3$^{\text{rd}}$ Europ Combust Meeting</journal>
            <pages>6--17</pages>
            <title>Flame Speed Characteristics of Syngas (H$_{2}$-CO) with Straight Burners for Laminar Premixed Flames</title>
            <year>2007</year>
        </details>
    </bibliographyLink>
    <experimentType>laminar burning velocity measurement</experimentType>
    <apparatus>
        <kind>flame</kind>
        <mode>cylindrical</mode>
        <mode>premixed</mode>
        <mode>laminar</mode>
    </apparatus>
    <commonProperties>
        <property name="temperature"                   label="T"  sourcetype="reported"   units="K"    ><value>298</value></property>
        <property name="pressure"                      label="P"  sourcetype="reported"   units="atm"  ><value>1</value></property>
        <property name="evaluated standard deviation"  sourcetype="estimated"  units="cm/s"  reference="laminar burning velocity"  kind="absolute"  method="generic uncertainty" ><value>2.0</value></property>
    </commonProperties>
    <dataGroup id="dg1">
        <property name="laminar burning velocity"  id="x1"   label="Sl"    sourcetype="digitized"   units="cm/s"          />
        <property name="composition"               id="x2"   label="[CO]"  sourcetype="calculated"  units="mole fraction" >
            <speciesLink preferredKey="CO"  CAS="630-08-0"   InChI="1S/CO/c1-2"  SMILES="[C-]#[O+]"  chemName="carbon monoxide" />
        </property>
        <property name="composition"               id="x3"   label="[H2]"  sourcetype="calculated"  units="mole fraction" >
            <speciesLink preferredKey="H2"  CAS="1333-74-0"  InChI="1S/H2/h1H"   SMILES="[HH]"       chemName="hydrogen"        />
        </property>
        <property name="composition"               id="x4"   label="[O2]"  sourcetype="calculated"  units="mole fraction" >
            <speciesLink preferredKey="O2"  CAS="7782-44-7"  InChI="1S/O2/c1-2"  SMILES="O=O"        chemName="oxygen"          />
        </property>
        <property name="composition"               id="x5"   label="[N2]"  sourcetype="calculated"  units="mole fraction" >
            <speciesLink preferredKey="N2"  CAS="7727-37-9"  InChI="1S/N2/c1-2"  SMILES="N#N"        chemName="nitrogen"        />
        </property>

        <dataPoint><x1>1.796610e+001</x1><x2>1.917000e-001</x2><x3>1.010000e-002</x3><x4>1.677000e-001</x4><x5>6.305000e-001</x5></dataPoint>
        <dataPoint><x1>1.949150e+001</x1><x2>2.056000e-001</x2><x3>1.080000e-002</x3><x4>1.646000e-001</x4><x5>6.190000e-001</x5></dataPoint>
        <dataPoint><x1>2.169490e+001</x1><x2>2.146000e-001</x2><x3>1.130000e-002</x3><x4>1.626000e-001</x4><x5>6.115000e-001</x5></dataPoint>
        <dataPoint><x1>2.525420e+001</x1><x2>2.282000e-001</x2><x3>1.200000e-002</x3><x4>1.596000e-001</x4><x5>6.002000e-001</x5></dataPoint>
        <dataPoint><x1>3.067800e+001</x1><x2>2.403000e-001</x2><x3>1.260000e-002</x3><x4>1.569000e-001</x4><x5>5.901000e-001</x5></dataPoint>
        <dataPoint><x1>3.423730e+001</x1><x2>2.469000e-001</x2><x3>1.300000e-002</x3><x4>1.555000e-001</x4><x5>5.846000e-001</x5></dataPoint>
        <dataPoint><x1>3.271190e+001</x1><x2>2.505000e-001</x2><x3>1.320000e-002</x3><x4>1.547000e-001</x4><x5>5.817000e-001</x5></dataPoint>
    </dataGroup>
</experiment>
