<experiment>
    <fileAuthor>Chemical Kinetics Laboratory, Institute of Chemistry, ELTE, Budapest, Hungary</fileAuthor>
    <fileDOI>10.24388/x20001089</fileDOI>
    <fileVersion>
        <major>2</major>
        <minor>0</minor>
    </fileVersion>
    <ReSpecThVersion>
        <major>2</major>
        <minor>3</minor>
    </ReSpecThVersion>
    <firstPublicationDate>2014-06-24</firstPublicationDate>
    <lastModificationDate>2020-11-18</lastModificationDate>
    <bibliographyLink>
        <description>M. I. Hassan; K. T. Aung; G. M. Faeth, Journal of Propulsion and Power 1997, 13, (2), 239-245.</description>
        <referenceDOI>10.2514/2.5154</referenceDOI>
        <location>Main Article</location>
        <table>Table 1, H2/CO = 10/90.</table>
        <details>
            <author>Hassan, M I and Aung, K T and Faeth, G M</author>
            <journal>J Propul Power</journal>
            <number>2</number>
            <pages>239--245</pages>
            <title>Properties of laminar premixed CO/H$_{2}$/air flames at various pressures</title>
            <volume>13</volume>
            <year>1997</year>
        </details>
    </bibliographyLink>
    <experimentType>laminar burning velocity measurement</experimentType>
    <apparatus>
        <kind>flame</kind>
        <mode>premixed</mode>
        <mode>laminar</mode>
    </apparatus>
    <commonProperties>
        <property name="temperature"                   label="T"  sourcetype="reported"   units="K"    ><value>298</value></property>
        <property name="pressure"                      label="P"  sourcetype="reported"   units="atm"  ><value>1</value></property>
        <property name="evaluated standard deviation"  sourcetype="estimated"  units="cm/s"  reference="laminar burning velocity"  kind="absolute"  method="statistical scatter" ><value>3.66</value></property>
    </commonProperties>
    <dataGroup id="dg1">
        <property name="laminar burning velocity"  id="x1"   label="Sl"    sourcetype="reported"    units="mm/s"          />
        <property name="composition"               id="x2"   label="[CO]"  sourcetype="calculated"  units="mole fraction" >
            <speciesLink preferredKey="CO"  CAS="630-08-0"   InChI="1S/CO/c1-2"  SMILES="[C-]#[O+]"  chemName="carbon monoxide" />
        </property>
        <property name="composition"               id="x3"   label="[H2]"  sourcetype="calculated"  units="mole fraction" >
            <speciesLink preferredKey="H2"  CAS="1333-74-0"  InChI="1S/H2/h1H"   SMILES="[HH]"       chemName="hydrogen"        />
        </property>
        <property name="composition"               id="x4"   label="[O2]"  sourcetype="calculated"  units="mole fraction" >
            <speciesLink preferredKey="O2"  CAS="7782-44-7"  InChI="1S/O2/c1-2"  SMILES="O=O"        chemName="oxygen"          />
        </property>
        <property name="composition"               id="x5"   label="[N2]"  sourcetype="calculated"  units="mole fraction" >
            <speciesLink preferredKey="N2"  CAS="7727-37-9"  InChI="1S/N2/c1-2"  SMILES="N#N"        chemName="nitrogen"        />
        </property>

        <dataPoint><x1>240</x1><x2>1.812000e-001</x2><x3>2.010000e-002</x3><x4>1.678000e-001</x4><x5>6.309000e-001</x5></dataPoint>
        <dataPoint><x1>360</x1><x2>2.264000e-001</x2><x3>2.520000e-002</x3><x4>1.572000e-001</x4><x5>5.912000e-001</x5></dataPoint>
        <dataPoint><x1>550</x1><x2>2.663000e-001</x2><x3>2.960000e-002</x3><x4>1.479000e-001</x4><x5>5.562000e-001</x5></dataPoint>
        <dataPoint><x1>540</x1><x2>3.017000e-001</x2><x3>3.350000e-002</x3><x4>1.397000e-001</x4><x5>5.251000e-001</x5></dataPoint>
        <dataPoint><x1>710</x1><x2>3.618000e-001</x2><x3>4.020000e-002</x3><x4>1.256000e-001</x4><x5>4.724000e-001</x5></dataPoint>
        <dataPoint><x1>790</x1><x2>4.110000e-001</x2><x3>4.570000e-002</x3><x4>1.142000e-001</x4><x5>4.292000e-001</x5></dataPoint>
        <dataPoint><x1>830</x1><x2>4.519000e-001</x2><x3>5.020000e-002</x3><x4>1.046000e-001</x4><x5>3.933000e-001</x5></dataPoint>
        <dataPoint><x1>790</x1><x2>4.865000e-001</x2><x3>5.410000e-002</x3><x4>9.650000e-002</x4><x5>3.629000e-001</x5></dataPoint>
        <dataPoint><x1>790</x1><x2>5.019000e-001</x2><x3>5.580000e-002</x3><x4>9.290000e-002</x4><x5>3.494000e-001</x5></dataPoint>
        <dataPoint><x1>730</x1><x2>5.357000e-001</x2><x3>5.950000e-002</x3><x4>8.500000e-002</x4><x5>3.197000e-001</x5></dataPoint>
        <dataPoint><x1>540</x1><x2>5.643000e-001</x2><x3>6.270000e-002</x3><x4>7.840000e-002</x4><x5>2.947000e-001</x5></dataPoint>
        <dataPoint><x1>410</x1><x2>5.887000e-001</x2><x3>6.540000e-002</x3><x4>7.270000e-002</x4><x5>2.733000e-001</x5></dataPoint>
        <dataPoint><x1>290</x1><x2>6.098000e-001</x2><x3>6.780000e-002</x3><x4>6.780000e-002</x4><x5>2.547000e-001</x5></dataPoint>
    </dataGroup>
</experiment>
