<experiment>
    <fileAuthor>Chemical Kinetics Laboratory, Institute of Chemistry, ELTE, Budapest, Hungary</fileAuthor>
    <fileDOI>10.24388/x20001069</fileDOI>
    <fileVersion>
        <major>2</major>
        <minor>0</minor>
    </fileVersion>
    <ReSpecThVersion>
        <major>2</major>
        <minor>3</minor>
    </ReSpecThVersion>
    <firstPublicationDate>2014-06-24</firstPublicationDate>
    <lastModificationDate>2020-11-18</lastModificationDate>
    <bibliographyLink>
        <description>J. Natarajan; T. Lieuwen; J. Seitzman, Combustion and Flame 2007, 151, (1-2), 104-119.</description>
        <referenceDOI>10.1016/j.combustflame.2007.05.003</referenceDOI>
        <location>Main Article</location>
        <figure>Fig. 5, H2/CO = 50/50, 0% CO2 dilution, dark blue square.</figure>
        <details>
            <author>Natarajan, J and Lieuwen, T and Seitzman, J</author>
            <journal>Combust Flame</journal>
            <number>1--2</number>
            <pages>104--119</pages>
            <title>Laminar flame speeds of H$_{2}$/CO mixtures: Effect of CO$_{2}$ dilution, preheat temperature, and pressure</title>
            <volume>151</volume>
            <year>2007</year>
        </details>
    </bibliographyLink>
    <experimentType>laminar burning velocity measurement</experimentType>
    <apparatus>
        <kind>flame</kind>
        <mode>premixed</mode>
        <mode>laminar</mode>
    </apparatus>
    <commonProperties>
        <property name="temperature"                   label="T"  sourcetype="reported"   units="K"    ><value>300</value></property>
        <property name="pressure"                      label="P"  sourcetype="reported"   units="atm"  ><value>1</value></property>
        <property name="evaluated standard deviation"  sourcetype="estimated"  units="cm/s"  reference="laminar burning velocity"  kind="absolute"  method="generic uncertainty" ><value>2.0</value></property>
    </commonProperties>
    <dataGroup id="dg1">
        <property name="laminar burning velocity"  id="x1"   label="Sl"     sourcetype="digitized"   units="cm/s"          />
        <property name="composition"               id="x2"   label="[CO]"   sourcetype="calculated"  units="mole fraction" >
            <speciesLink preferredKey="CO"   CAS="630-08-0"   InChI="1S/CO/c1-2"     SMILES="[C-]#[O+]"  chemName="carbon monoxide" />
        </property>
        <property name="composition"               id="x3"   label="[H2]"   sourcetype="calculated"  units="mole fraction" >
            <speciesLink preferredKey="H2"   CAS="1333-74-0"  InChI="1S/H2/h1H"      SMILES="[HH]"       chemName="hydrogen"        />
        </property>
        <property name="composition"               id="x4"   label="[O2]"   sourcetype="calculated"  units="mole fraction" >
            <speciesLink preferredKey="O2"   CAS="7782-44-7"  InChI="1S/O2/c1-2"     SMILES="O=O"        chemName="oxygen"          />
        </property>
        <property name="composition"               id="x5"   label="[N2]"   sourcetype="calculated"  units="mole fraction" >
            <speciesLink preferredKey="N2"   CAS="7727-37-9"  InChI="1S/N2/c1-2"     SMILES="N#N"        chemName="nitrogen"        />
        </property>
        <property name="composition"               id="x6"   label="[CO2]"  sourcetype="calculated"  units="mole fraction" >
            <speciesLink preferredKey="CO2"  CAS="124-38-9"   InChI="1S/CO2/c2-1-3"  SMILES="C(=O)=O"    chemName="carbon dioxide"  />
        </property>

        <dataPoint><x1>4.280820e+001</x1><x2>1.006000e-001</x2><x3>1.006000e-001</x3><x4>1.678000e-001</x4><x5>6.310000e-001</x5><x6>0.000000e+000</x6></dataPoint>
        <dataPoint><x1>4.737440e+001</x1><x2>1.048000e-001</x2><x3>1.048000e-001</x3><x4>1.660000e-001</x4><x5>6.243000e-001</x5><x6>0.000000e+000</x6></dataPoint>
        <dataPoint><x1>5.216890e+001</x1><x2>1.089000e-001</x2><x3>1.089000e-001</x3><x4>1.643000e-001</x4><x5>6.179000e-001</x5><x6>0.000000e+000</x6></dataPoint>
        <dataPoint><x1>6.198630e+001</x1><x2>1.148000e-001</x2><x3>1.148000e-001</x3><x4>1.618000e-001</x4><x5>6.085000e-001</x5><x6>0.000000e+000</x6></dataPoint>
        <dataPoint><x1>6.586760e+001</x1><x2>1.170000e-001</x2><x3>1.170000e-001</x3><x4>1.609000e-001</x4><x5>6.051000e-001</x5><x6>0.000000e+000</x6></dataPoint>
        <dataPoint><x1>7.500000e+001</x1><x2>1.229000e-001</x2><x3>1.229000e-001</x3><x4>1.585000e-001</x4><x5>5.958000e-001</x5><x6>0.000000e+000</x6></dataPoint>
        <dataPoint><x1>8.139270e+001</x1><x2>1.270000e-001</x2><x3>1.270000e-001</x3><x4>1.567000e-001</x4><x5>5.893000e-001</x5><x6>0.000000e+000</x6></dataPoint>
        <dataPoint><x1>9.052510e+001</x1><x2>1.317000e-001</x2><x3>1.317000e-001</x3><x4>1.547000e-001</x4><x5>5.818000e-001</x5><x6>0.000000e+000</x6></dataPoint>
        <dataPoint><x1>9.828770e+001</x1><x2>1.362000e-001</x2><x3>1.362000e-001</x3><x4>1.528000e-001</x4><x5>5.747000e-001</x5><x6>0.000000e+000</x6></dataPoint>
        <dataPoint><x1>1.055940e+002</x1><x2>1.407000e-001</x2><x3>1.407000e-001</x3><x4>1.510000e-001</x4><x5>5.677000e-001</x5><x6>0.000000e+000</x6></dataPoint>
        <dataPoint><x1>1.124430e+002</x1><x2>1.449000e-001</x2><x3>1.449000e-001</x3><x4>1.492000e-001</x4><x5>5.609000e-001</x5><x6>0.000000e+000</x6></dataPoint>
        <dataPoint><x1>1.192920e+002</x1><x2>1.491000e-001</x2><x3>1.491000e-001</x3><x4>1.474000e-001</x4><x5>5.544000e-001</x5><x6>0.000000e+000</x6></dataPoint>
    </dataGroup>
</experiment>
