<experiment>
    <fileAuthor>Chemical Kinetics Laboratory, Institute of Chemistry, ELTE, Budapest, Hungary</fileAuthor>
    <fileDOI>10.24388/x20001082</fileDOI>
    <fileVersion>
        <major>2</major>
        <minor>0</minor>
    </fileVersion>
    <ReSpecThVersion>
        <major>2</major>
        <minor>3</minor>
    </ReSpecThVersion>
    <firstPublicationDate>2014-06-24</firstPublicationDate>
    <lastModificationDate>2020-11-18</lastModificationDate>
    <bibliographyLink>
        <description>J. Natarajan; T. Lieuwen; J. Seitzman, Combustion and Flame 2007, 151, (1-2), 104-119.</description>
        <referenceDOI>10.1016/j.combustflame.2007.05.003</referenceDOI>
        <location>Main Article</location>
        <figure>Fig. 13, H2/CO = 95/5, 0% CO2 dilution, red triangle.</figure>
        <details>
            <author>Natarajan, J and Lieuwen, T and Seitzman, J</author>
            <journal>Combust Flame</journal>
            <number>1--2</number>
            <pages>104--119</pages>
            <title>Laminar flame speeds of H$_{2}$/CO mixtures: Effect of CO$_{2}$ dilution, preheat temperature, and pressure</title>
            <volume>151</volume>
            <year>2007</year>
        </details>
    </bibliographyLink>
    <experimentType>laminar burning velocity measurement</experimentType>
    <apparatus>
        <kind>flame</kind>
        <mode>premixed</mode>
        <mode>laminar</mode>
    </apparatus>
    <commonProperties>
        <property name="temperature"                   label="T"  sourcetype="reported"   units="K"    ><value>400</value></property>
        <property name="pressure"                      label="P"  sourcetype="reported"   units="atm"  ><value>1</value></property>
        <property name="evaluated standard deviation"  sourcetype="estimated"  units="cm/s"  reference="laminar burning velocity"  kind="absolute"  method="statistical scatter" ><value>2.74</value></property>
    </commonProperties>
    <dataGroup id="dg1">
        <property name="laminar burning velocity"  id="x1"   label="Sl"     sourcetype="digitized"   units="cm/s"          />
        <property name="composition"               id="x2"   label="[CO]"   sourcetype="calculated"  units="mole fraction" >
            <speciesLink preferredKey="CO"   CAS="630-08-0"   InChI="1S/CO/c1-2"     SMILES="[C-]#[O+]"  chemName="carbon monoxide" />
        </property>
        <property name="composition"               id="x3"   label="[H2]"   sourcetype="calculated"  units="mole fraction" >
            <speciesLink preferredKey="H2"   CAS="1333-74-0"  InChI="1S/H2/h1H"      SMILES="[HH]"       chemName="hydrogen"        />
        </property>
        <property name="composition"               id="x4"   label="[O2]"   sourcetype="calculated"  units="mole fraction" >
            <speciesLink preferredKey="O2"   CAS="7782-44-7"  InChI="1S/O2/c1-2"     SMILES="O=O"        chemName="oxygen"          />
        </property>
        <property name="composition"               id="x5"   label="[N2]"   sourcetype="calculated"  units="mole fraction" >
            <speciesLink preferredKey="N2"   CAS="7727-37-9"  InChI="1S/N2/c1-2"     SMILES="N#N"        chemName="nitrogen"        />
        </property>
        <property name="composition"               id="x6"   label="[CO2]"  sourcetype="calculated"  units="mole fraction" >
            <speciesLink preferredKey="CO2"  CAS="124-38-9"   InChI="1S/CO2/c2-1-3"  SMILES="C(=O)=O"    chemName="carbon dioxide"  />
        </property>

        <dataPoint><x1>9.402700e+001</x1><x2>8.900000e-003</x2><x3>1.690000e-001</x3><x4>1.634000e-001</x4><x5>6.143000e-001</x5><x6>4.450000e-002</x6></dataPoint>
        <dataPoint><x1>1.128320e+002</x1><x2>9.600000e-003</x2><x3>1.830000e-001</x3><x4>1.595000e-001</x4><x5>5.998000e-001</x5><x6>4.810000e-002</x6></dataPoint>
        <dataPoint><x1>1.338500e+002</x1><x2>1.030000e-002</x2><x3>1.959000e-001</x3><x4>1.559000e-001</x4><x5>5.863000e-001</x5><x6>5.150000e-002</x6></dataPoint>
        <dataPoint><x1>1.426990e+002</x1><x2>1.070000e-002</x2><x3>2.039000e-001</x3><x4>1.537000e-001</x4><x5>5.780000e-001</x5><x6>5.370000e-002</x6></dataPoint>
        <dataPoint><x1>1.592920e+002</x1><x2>1.130000e-002</x2><x3>2.146000e-001</x3><x4>1.508000e-001</x4><x5>5.669000e-001</x5><x6>5.650000e-002</x6></dataPoint>
        <dataPoint><x1>1.758850e+002</x1><x2>1.180000e-002</x2><x3>2.247000e-001</x3><x4>1.480000e-001</x4><x5>5.564000e-001</x5><x6>5.910000e-002</x6></dataPoint>
        <dataPoint><x1>1.780970e+002</x1><x2>1.200000e-002</x2><x3>2.276000e-001</x3><x4>1.472000e-001</x4><x5>5.534000e-001</x5><x6>5.990000e-002</x6></dataPoint>
        <dataPoint><x1>1.913720e+002</x1><x2>1.240000e-002</x2><x3>2.351000e-001</x3><x4>1.451000e-001</x4><x5>5.456000e-001</x5><x6>6.190000e-002</x6></dataPoint>
        <dataPoint><x1>2.013270e+002</x1><x2>1.280000e-002</x2><x3>2.424000e-001</x3><x4>1.431000e-001</x4><x5>5.380000e-001</x5><x6>6.380000e-002</x6></dataPoint>
        <dataPoint><x1>2.179200e+002</x1><x2>1.300000e-002</x2><x3>2.468000e-001</x3><x4>1.419000e-001</x4><x5>5.334000e-001</x5><x6>6.500000e-002</x6></dataPoint>
        <dataPoint><x1>2.256640e+002</x1><x2>1.330000e-002</x2><x3>2.530000e-001</x3><x4>1.402000e-001</x4><x5>5.270000e-001</x5><x6>6.660000e-002</x6></dataPoint>
        <dataPoint><x1>2.345130e+002</x1><x2>1.360000e-002</x2><x3>2.592000e-001</x3><x4>1.384000e-001</x4><x5>5.206000e-001</x5><x6>6.820000e-002</x6></dataPoint>
    </dataGroup>
</experiment>
