<experiment>
    <fileAuthor>Chemical Kinetics Laboratory, Institute of Chemistry, ELTE, Budapest, Hungary</fileAuthor>
    <fileDOI>10.24388/x20001054</fileDOI>
    <fileVersion>
        <major>2</major>
        <minor>0</minor>
    </fileVersion>
    <ReSpecThVersion>
        <major>2</major>
        <minor>3</minor>
    </ReSpecThVersion>
    <firstPublicationDate>2014-06-24</firstPublicationDate>
    <lastModificationDate>2020-11-18</lastModificationDate>
    <bibliographyLink>
        <description>N. Bouvet; S. Y. Lee; I. Gökalp; R. J. Santoro, Proceedings of the European Combustion Meeting 2007, 3, 6-17.</description>
        <location>Main Article</location>
        <figure>Fig. 7, H2/CO = 20/80, full green triangle.</figure>
        <details>
            <author>Bouvet, N and Lee, S Y and G{\"{o}}kalp, I and Santoro, R J</author>
            <journal>Proc 3$^{\text{rd}}$ Europ Combust Meeting</journal>
            <pages>6--17</pages>
            <title>Flame Speed Characteristics of Syngas (H$_{2}$-CO) with Straight Burners for Laminar Premixed Flames</title>
            <year>2007</year>
        </details>
    </bibliographyLink>
    <experimentType>laminar burning velocity measurement</experimentType>
    <apparatus>
        <kind>flame</kind>
        <mode>cylindrical</mode>
        <mode>premixed</mode>
        <mode>laminar</mode>
    </apparatus>
    <commonProperties>
        <property name="temperature"                   label="T"  sourcetype="reported"   units="K"    ><value>298</value></property>
        <property name="pressure"                      label="P"  sourcetype="reported"   units="atm"  ><value>1</value></property>
        <property name="evaluated standard deviation"  sourcetype="estimated"  units="cm/s"  reference="laminar burning velocity"  kind="absolute"  method="generic uncertainty" ><value>2.0</value></property>
    </commonProperties>
    <dataGroup id="dg1">
        <property name="laminar burning velocity"  id="x1"   label="Sl"    sourcetype="digitized"   units="cm/s"          />
        <property name="composition"               id="x2"   label="[CO]"  sourcetype="calculated"  units="mole fraction" >
            <speciesLink preferredKey="CO"  CAS="630-08-0"   InChI="1S/CO/c1-2"  SMILES="[C-]#[O+]"  chemName="carbon monoxide" />
        </property>
        <property name="composition"               id="x3"   label="[H2]"  sourcetype="calculated"  units="mole fraction" >
            <speciesLink preferredKey="H2"  CAS="1333-74-0"  InChI="1S/H2/h1H"   SMILES="[HH]"       chemName="hydrogen"        />
        </property>
        <property name="composition"               id="x4"   label="[O2]"  sourcetype="calculated"  units="mole fraction" >
            <speciesLink preferredKey="O2"  CAS="7782-44-7"  InChI="1S/O2/c1-2"  SMILES="O=O"        chemName="oxygen"          />
        </property>
        <property name="composition"               id="x5"   label="[N2]"  sourcetype="calculated"  units="mole fraction" >
            <speciesLink preferredKey="N2"  CAS="7727-37-9"  InChI="1S/N2/c1-2"  SMILES="N#N"        chemName="nitrogen"        />
        </property>

        <dataPoint><x1>2.707930e+001</x1><x2>1.684000e-001</x2><x3>4.210000e-002</x3><x4>1.658000e-001</x4><x5>6.236000e-001</x5></dataPoint>
        <dataPoint><x1>2.862670e+001</x1><x2>1.727000e-001</x2><x3>4.320000e-002</x3><x4>1.647000e-001</x4><x5>6.194000e-001</x5></dataPoint>
        <dataPoint><x1>3.326890e+001</x1><x2>1.881000e-001</x2><x3>4.700000e-002</x3><x4>1.607000e-001</x4><x5>6.042000e-001</x5></dataPoint>
        <dataPoint><x1>4.023210e+001</x1><x2>2.016000e-001</x2><x3>5.040000e-002</x3><x4>1.571000e-001</x4><x5>5.908000e-001</x5></dataPoint>
        <dataPoint><x1>5.067700e+001</x1><x2>2.193000e-001</x2><x3>5.480000e-002</x3><x4>1.525000e-001</x4><x5>5.734000e-001</x5></dataPoint>
        <dataPoint><x1>5.725340e+001</x1><x2>2.349000e-001</x2><x3>5.870000e-002</x3><x4>1.484000e-001</x4><x5>5.580000e-001</x5></dataPoint>
        <dataPoint><x1>6.305610e+001</x1><x2>2.476000e-001</x2><x3>6.190000e-002</x3><x4>1.451000e-001</x4><x5>5.455000e-001</x5></dataPoint>
        <dataPoint><x1>7.311410e+001</x1><x2>2.647000e-001</x2><x3>6.620000e-002</x3><x4>1.406000e-001</x4><x5>5.286000e-001</x5></dataPoint>
    </dataGroup>
</experiment>
