<experiment>
    <fileAuthor>Chemical Kinetics Laboratory, Institute of Chemistry, ELTE, Budapest, Hungary</fileAuthor>
    <fileDOI>10.24388/x20001055</fileDOI>
    <fileVersion>
        <major>2</major>
        <minor>0</minor>
    </fileVersion>
    <ReSpecThVersion>
        <major>2</major>
        <minor>3</minor>
    </ReSpecThVersion>
    <firstPublicationDate>2014-06-24</firstPublicationDate>
    <lastModificationDate>2020-11-18</lastModificationDate>
    <bibliographyLink>
        <description>N. Bouvet; S. Y. Lee; I. Gökalp; R. J. Santoro, Proceedings of the European Combustion Meeting 2007, 3, 6-17.</description>
        <location>Main Article</location>
        <figure>Fig. 7, H2/CO = 10/90, full blue circle.</figure>
        <details>
            <author>Bouvet, N and Lee, S Y and G{\"{o}}kalp, I and Santoro, R J</author>
            <journal>Proc 3$^{\text{rd}}$ Europ Combust Meeting</journal>
            <pages>6--17</pages>
            <title>Flame Speed Characteristics of Syngas (H$_{2}$-CO) with Straight Burners for Laminar Premixed Flames</title>
            <year>2007</year>
        </details>
    </bibliographyLink>
    <experimentType>laminar burning velocity measurement</experimentType>
    <apparatus>
        <kind>flame</kind>
        <mode>cylindrical</mode>
        <mode>premixed</mode>
        <mode>laminar</mode>
    </apparatus>
    <commonProperties>
        <property name="temperature"                   label="T"  sourcetype="reported"   units="K"    ><value>298</value></property>
        <property name="pressure"                      label="P"  sourcetype="reported"   units="atm"  ><value>1</value></property>
        <property name="evaluated standard deviation"  sourcetype="estimated"  units="cm/s"  reference="laminar burning velocity"  kind="absolute"  method="statistical scatter" ><value>2.84</value></property>
    </commonProperties>
    <dataGroup id="dg1">
        <property name="laminar burning velocity"  id="x1"   label="Sl"    sourcetype="digitized"   units="cm/s"          />
        <property name="composition"               id="x2"   label="[CO]"  sourcetype="calculated"  units="mole fraction" >
            <speciesLink preferredKey="CO"  CAS="630-08-0"   InChI="1S/CO/c1-2"  SMILES="[C-]#[O+]"  chemName="carbon monoxide" />
        </property>
        <property name="composition"               id="x3"   label="[H2]"  sourcetype="calculated"  units="mole fraction" >
            <speciesLink preferredKey="H2"  CAS="1333-74-0"  InChI="1S/H2/h1H"   SMILES="[HH]"       chemName="hydrogen"        />
        </property>
        <property name="composition"               id="x4"   label="[O2]"  sourcetype="calculated"  units="mole fraction" >
            <speciesLink preferredKey="O2"  CAS="7782-44-7"  InChI="1S/O2/c1-2"  SMILES="O=O"        chemName="oxygen"          />
        </property>
        <property name="composition"               id="x5"   label="[N2]"  sourcetype="calculated"  units="mole fraction" >
            <speciesLink preferredKey="N2"  CAS="7727-37-9"  InChI="1S/N2/c1-2"  SMILES="N#N"        chemName="nitrogen"        />
        </property>

        <dataPoint><x1>2.940040e+001</x1><x2>1.865000e-001</x2><x3>2.070000e-002</x3><x4>1.665000e-001</x4><x5>6.262000e-001</x5></dataPoint>
        <dataPoint><x1>2.669250e+001</x1><x2>2.077000e-001</x2><x3>2.310000e-002</x3><x4>1.616000e-001</x4><x5>6.076000e-001</x5></dataPoint>
        <dataPoint><x1>3.056090e+001</x1><x2>2.175000e-001</x2><x3>2.420000e-002</x3><x4>1.593000e-001</x4><x5>5.990000e-001</x5></dataPoint>
        <dataPoint><x1>3.172150e+001</x1><x2>2.307000e-001</x2><x3>2.560000e-002</x3><x4>1.562000e-001</x4><x5>5.874000e-001</x5></dataPoint>
        <dataPoint><x1>3.791100e+001</x1><x2>2.319000e-001</x2><x3>2.580000e-002</x3><x4>1.560000e-001</x4><x5>5.864000e-001</x5></dataPoint>
        <dataPoint><x1>3.791100e+001</x1><x2>2.490000e-001</x2><x3>2.770000e-002</x3><x4>1.520000e-001</x4><x5>5.714000e-001</x5></dataPoint>
        <dataPoint><x1>4.758220e+001</x1><x2>2.782000e-001</x2><x3>3.090000e-002</x3><x4>1.451000e-001</x4><x5>5.458000e-001</x5></dataPoint>
        <dataPoint><x1>5.145070e+001</x1><x2>2.890000e-001</x2><x3>3.210000e-002</x3><x4>1.426000e-001</x4><x5>5.363000e-001</x5></dataPoint>
        <dataPoint><x1>5.725340e+001</x1><x2>3.052000e-001</x2><x3>3.390000e-002</x3><x4>1.388000e-001</x4><x5>5.220000e-001</x5></dataPoint>
    </dataGroup>
</experiment>
