<experiment>
    <fileAuthor>Chemical Kinetics Laboratory, Institute of Chemistry, ELTE, Budapest, Hungary</fileAuthor>
    <fileDOI>10.24388/x20001209</fileDOI>
    <fileVersion>
        <major>2</major>
        <minor>0</minor>
    </fileVersion>
    <ReSpecThVersion>
        <major>2</major>
        <minor>3</minor>
    </ReSpecThVersion>
    <firstPublicationDate>2014-06-24</firstPublicationDate>
    <lastModificationDate>2020-11-18</lastModificationDate>
    <bibliographyLink>
        <description>F. Wu, A. P. Kelley, C. Tang, D. Zhu, C. K. Law, Int. J. Hydrogen Energy 35 (2011), 13171-13180.</description>
        <referenceDOI>10.1016/j.ijhydene.2011.07.021</referenceDOI>
        <location>Main Article</location>
        <figure>Fig. 2, middle, open sircle.</figure>
        <details>
            <author>Wu, Fujia and Kelley, Andrew P and Tang, Chenglong and Zhu, Delin and Law, Chung K</author>
            <journal>Int J Hydrogen Energy</journal>
            <pages>13171--13180</pages>
            <title>Measurement and correlation of laminar flame speeds of CO and C$_{2}$ hydrocarbons with hydrogen addition at atmospheric and elevated pressures</title>
            <volume>36</volume>
            <year>2011</year>
        </details>
    </bibliographyLink>
    <experimentType>laminar burning velocity measurement</experimentType>
    <apparatus>
        <kind>flame</kind>
        <mode>premixed</mode>
        <mode>laminar</mode>
        <mode>OPF</mode>
    </apparatus>
    <commonProperties>
        <property name="temperature"                   label="T"   sourcetype="reported"   units="K"    ><value>293</value></property>
        <property name="uncertainty"                   label="dT"  sourcetype="reported"   units="K"     reference="temperature"               kind="absolute"  bound="plusminus" ><value>2</value></property>
        <property name="pressure"                      label="P"   sourcetype="reported"   units="atm"  ><value>1</value></property>
        <property name="evaluated standard deviation"  sourcetype="estimated"  units="cm/s"  reference="laminar burning velocity"  kind="absolute"  method="generic uncertainty" ><value>2.0</value></property>
    </commonProperties>
    <dataGroup id="dg1">
        <property name="composition"               id="x1"   label="[H2]"  sourcetype="calculated"  units="mole fraction" >
            <speciesLink preferredKey="H2"  CAS="1333-74-0"  InChI="1S/H2/h1H"   SMILES="[HH]"       chemName="hydrogen"        />
        </property>
        <property name="composition"               id="x2"   label="[CO]"  sourcetype="calculated"  units="mole fraction" >
            <speciesLink preferredKey="CO"  CAS="630-08-0"   InChI="1S/CO/c1-2"  SMILES="[C-]#[O+]"  chemName="carbon monoxide" />
        </property>
        <property name="composition"               id="x3"   label="[O2]"  sourcetype="calculated"  units="mole fraction" >
            <speciesLink preferredKey="O2"  CAS="7782-44-7"  InChI="1S/O2/c1-2"  SMILES="O=O"        chemName="oxygen"          />
        </property>
        <property name="composition"               id="x4"   label="[N2]"  sourcetype="calculated"  units="mole fraction" >
            <speciesLink preferredKey="N2"  CAS="7727-37-9"  InChI="1S/N2/c1-2"  SMILES="N#N"        chemName="nitrogen"        />
        </property>
        <property name="laminar burning velocity"  id="x5"   label="Sl"    sourcetype="digitized"   units="cm/s"          />
        <property name="uncertainty"               id="x6"   sourcetype="digitized"   units="cm/s"           reference="Sl"  kind="absolute"  bound="plusminus" />

        <dataPoint><x1>0.00088</x1><x2>0.29497</x2><x3>0.14793</x3><x4>0.55621</x4><x5>10.40</x5><x6>1.45</x6></dataPoint>
        <dataPoint><x1>0.00147</x1><x2>0.29439</x2><x3>0.14793</x3><x4>0.55621</x4><x5>13.29</x5><x6>1.45</x6></dataPoint>
        <dataPoint><x1>0.00293</x1><x2>0.29293</x2><x3>0.14793</x3><x4>0.55621</x4><x5>17.33</x5><x6>1.45</x6></dataPoint>
        <dataPoint><x1>0.00580</x1><x2>0.29006</x2><x3>0.14793</x3><x4>0.55621</x4><x5>22.53</x5><x6>1.45</x6></dataPoint>
        <dataPoint><x1>0.01138</x1><x2>0.28448</x2><x3>0.14793</x3><x4>0.55621</x4><x5>28.88</x5><x6>1.45</x6></dataPoint>
        <dataPoint><x1>0.01675</x1><x2>0.27911</x2><x3>0.14793</x3><x4>0.55621</x4><x5>34.66</x5><x6>1.45</x6></dataPoint>
        <dataPoint><x1>0.02192</x1><x2>0.27394</x2><x3>0.14793</x3><x4>0.55621</x4><x5>38.70</x5><x6>1.45</x6></dataPoint>
        <dataPoint><x1>0.02690</x1><x2>0.26896</x2><x3>0.14793</x3><x4>0.55621</x4><x5>42.17</x5><x6>1.45</x6></dataPoint>
        <dataPoint><x1>0.03859</x1><x2>0.25727</x2><x3>0.14793</x3><x4>0.55621</x4><x5>49.96</x5><x6>1.45</x6></dataPoint>
        <dataPoint><x1>0.04931</x1><x2>0.24655</x2><x3>0.14793</x3><x4>0.55621</x4><x5>55.16</x5><x6>1.45</x6></dataPoint>
        <dataPoint><x1>0.05917</x1><x2>0.23669</x2><x3>0.14793</x3><x4>0.55621</x4><x5>60.36</x5><x6>1.45</x6></dataPoint>
        <dataPoint><x1>0.06827</x1><x2>0.22758</x2><x3>0.14793</x3><x4>0.55621</x4><x5>64.98</x5><x6>1.45</x6></dataPoint>
        <dataPoint><x1>0.07670</x1><x2>0.21915</x2><x3>0.14793</x3><x4>0.55621</x4><x5>69.31</x5><x6>1.45</x6></dataPoint>
        <dataPoint><x1>0.08453</x1><x2>0.21133</x2><x3>0.14793</x3><x4>0.55621</x4><x5>73.07</x5><x6>2.60</x6></dataPoint>
        <dataPoint><x1>0.09182</x1><x2>0.20404</x2><x3>0.14793</x3><x4>0.55621</x4><x5>76.25</x5><x6>2.90</x6></dataPoint>
        <dataPoint><x1>0.09862</x1><x2>0.19724</x2><x3>0.14793</x3><x4>0.55621</x4><x5>80.29</x5><x6>2.90</x6></dataPoint>
    </dataGroup>
</experiment>
