<experiment>
    <fileAuthor>Chemical Kinetics Laboratory, Institute of Chemistry, ELTE, Budapest, Hungary</fileAuthor>
    <fileDOI>10.24388/x20001113</fileDOI>
    <fileVersion>
        <major>2</major>
        <minor>0</minor>
    </fileVersion>
    <ReSpecThVersion>
        <major>2</major>
        <minor>3</minor>
    </ReSpecThVersion>
    <firstPublicationDate>2014-06-24</firstPublicationDate>
    <lastModificationDate>2020-11-18</lastModificationDate>
    <bibliographyLink>
        <description>B. Lewis; G. von Elbe, Combustion, Flames and Explosions of Gases. 2nd ed.; Academic Press: New York and London, 1961.</description>
        <location>Main Article</location>
        <figure>Fig. 190, H2/CO/O2/N2/H2O, f = 0.985.</figure>
        <details>
            <address>Oldenbourg, Berlin</address>
            <author>Jahn, Georg</author>
            <school>Berlin</school>
            <title>Der Z{\"{u}}ndvorgang in Gasgemischen</title>
            <type>Dissertation</type>
            <year>1934</year>
        </details>
    </bibliographyLink>
    <experimentType>laminar burning velocity measurement</experimentType>
    <apparatus>
        <kind>flame</kind>
        <mode>premixed</mode>
        <mode>laminar</mode>
    </apparatus>
    <commonProperties>
        <property name="temperature"                   label="T"  sourcetype="reported"   units="K"    ><value>298</value></property>
        <property name="pressure"                      label="P"  sourcetype="reported"   units="atm"  ><value>1</value></property>
        <property name="evaluated standard deviation"  sourcetype="estimated"  units="cm/s"  reference="laminar burning velocity"  kind="absolute"  method="generic uncertainty" ><value>2.0</value></property>
    </commonProperties>
    <dataGroup id="dg1">
        <property name="laminar burning velocity"  id="x1"   label="Sl"     sourcetype="digitized"   units="cm/s"          />
        <property name="composition"               id="x2"   label="[H2]"   sourcetype="calculated"  units="mole fraction" >
            <speciesLink preferredKey="H2"   CAS="1333-74-0"  InChI="1S/H2/h1H"    SMILES="[HH]"       chemName="hydrogen"        />
        </property>
        <property name="composition"               id="x3"   label="[CO]"   sourcetype="calculated"  units="mole fraction" >
            <speciesLink preferredKey="CO"   CAS="630-08-0"   InChI="1S/CO/c1-2"   SMILES="[C-]#[O+]"  chemName="carbon monoxide" />
        </property>
        <property name="composition"               id="x4"   label="[O2]"   sourcetype="calculated"  units="mole fraction" >
            <speciesLink preferredKey="O2"   CAS="7782-44-7"  InChI="1S/O2/c1-2"   SMILES="O=O"        chemName="oxygen"          />
        </property>
        <property name="composition"               id="x5"   label="[N2]"   sourcetype="calculated"  units="mole fraction" >
            <speciesLink preferredKey="N2"   CAS="7727-37-9"  InChI="1S/N2/c1-2"   SMILES="N#N"        chemName="nitrogen"        />
        </property>
        <property name="composition"               id="x6"   label="[H2O]"  sourcetype="calculated"  units="mole fraction" >
            <speciesLink preferredKey="H2O"  CAS="7732-18-5"  InChI="1S/H2O/h1H2"  SMILES="O"          chemName="water"           />
        </property>

        <dataPoint><x1>6.000000e+001</x1><x2>6.010000e-003</x2><x3>3.889500e-001</x3><x4>5.906500e-001</x4><x5>8.990000e-003</x5><x6>5.400000e-003</x6></dataPoint>
        <dataPoint><x1>7.199000e+001</x1><x2>6.920000e-003</x2><x3>4.485000e-001</x3><x4>5.302700e-001</x4><x5>8.080000e-003</x5><x6>6.230000e-003</x6></dataPoint>
        <dataPoint><x1>7.428000e+001</x1><x2>7.120000e-003</x2><x3>4.611900e-001</x3><x4>5.174000e-001</x4><x5>7.880000e-003</x5><x6>6.410000e-003</x6></dataPoint>
        <dataPoint><x1>8.575000e+001</x1><x2>8.130000e-003</x2><x3>5.266200e-001</x3><x4>4.510700e-001</x4><x5>6.870000e-003</x5><x6>7.320000e-003</x6></dataPoint>
        <dataPoint><x1>8.773000e+001</x1><x2>8.360000e-003</x2><x3>5.412700e-001</x3><x4>4.362100e-001</x4><x5>6.640000e-003</x5><x6>7.520000e-003</x6></dataPoint>
        <dataPoint><x1>9.127000e+001</x1><x2>8.760000e-003</x2><x3>5.676500e-001</x3><x4>4.094700e-001</x4><x5>6.240000e-003</x5><x6>7.890000e-003</x6></dataPoint>
        <dataPoint><x1>9.679000e+001</x1><x2>9.440000e-003</x2><x3>6.116100e-001</x3><x4>3.648900e-001</x4><x5>5.560000e-003</x5><x6>8.500000e-003</x6></dataPoint>
        <dataPoint><x1>9.752000e+001</x1><x2>9.520000e-003</x2><x3>6.165000e-001</x3><x4>3.599400e-001</x4><x5>5.480000e-003</x5><x6>8.570000e-003</x6></dataPoint>
        <dataPoint><x1>1.004400e+002</x1><x2>9.760000e-003</x2><x3>6.321200e-001</x3><x4>3.441000e-001</x4><x5>5.240000e-003</x5><x6>8.780000e-003</x6></dataPoint>
        <dataPoint><x1>1.001300e+002</x1><x2>9.900000e-003</x2><x3>6.409300e-001</x3><x4>3.351700e-001</x4><x5>5.100000e-003</x5><x6>8.910000e-003</x6></dataPoint>
        <dataPoint><x1>1.024200e+002</x1><x2>1.012000e-002</x2><x3>6.555800e-001</x3><x4>3.203100e-001</x4><x5>4.880000e-003</x5><x6>9.110000e-003</x6></dataPoint>
        <dataPoint><x1>1.054400e+002</x1><x2>1.050000e-002</x2><x3>6.800000e-001</x3><x4>2.955500e-001</x4><x5>4.500000e-003</x5><x6>9.450000e-003</x6></dataPoint>
        <dataPoint><x1>1.052300e+002</x1><x2>1.070000e-002</x2><x3>6.927200e-001</x3><x4>2.826500e-001</x4><x5>4.300000e-003</x5><x6>9.630000e-003</x6></dataPoint>
        <dataPoint><x1>1.067900e+002</x1><x2>1.118000e-002</x2><x3>7.240100e-001</x3><x4>2.509300e-001</x4><x5>3.820000e-003</x5><x6>1.006000e-002</x6></dataPoint>
        <dataPoint><x1>1.075200e+002</x1><x2>1.136000e-002</x2><x3>7.357500e-001</x3><x4>2.390300e-001</x4><x5>3.640000e-003</x5><x6>1.022000e-002</x6></dataPoint>
        <dataPoint><x1>1.077300e+002</x1><x2>1.163000e-002</x2><x3>7.533500e-001</x3><x4>2.211800e-001</x4><x5>3.370000e-003</x5><x6>1.047000e-002</x6></dataPoint>
        <dataPoint><x1>1.070000e+002</x1><x2>1.198000e-002</x2><x3>7.758600e-001</x3><x4>1.983600e-001</x4><x5>3.020000e-003</x5><x6>1.078000e-002</x6></dataPoint>
        <dataPoint><x1>1.048000e+002</x1><x2>1.236000e-002</x2><x3>8.003500e-001</x3><x4>1.735300e-001</x4><x5>2.640000e-003</x5><x6>1.112000e-002</x6></dataPoint>
        <dataPoint><x1>9.917000e+001</x1><x2>1.280000e-002</x2><x3>8.287800e-001</x3><x4>1.447000e-001</x4><x5>2.200000e-003</x5><x6>1.152000e-002</x6></dataPoint>
        <dataPoint><x1>7.810000e+001</x1><x2>1.346000e-002</x2><x3>8.720600e-001</x3><x4>1.008300e-001</x4><x5>1.540000e-003</x5><x6>1.212000e-002</x6></dataPoint>
        <dataPoint><x1>4.587000e+001</x1><x2>1.386000e-002</x2><x3>8.978400e-001</x3><x4>7.468000e-002</x4><x5>1.140000e-003</x5><x6>1.248000e-002</x6></dataPoint>
        <dataPoint><x1>3.252000e+001</x1><x2>1.396000e-002</x2><x3>9.038600e-001</x3><x4>6.858000e-002</x4><x5>1.040000e-003</x5><x6>1.256000e-002</x6></dataPoint>
    </dataGroup>
</experiment>
