<experiment>
    <fileAuthor>Chemical Kinetics Laboratory, Institute of Chemistry, ELTE, Budapest, Hungary</fileAuthor>
    <fileDOI>10.24388/x20001063</fileDOI>
    <fileVersion>
        <major>2</major>
        <minor>0</minor>
    </fileVersion>
    <ReSpecThVersion>
        <major>2</major>
        <minor>3</minor>
    </ReSpecThVersion>
    <firstPublicationDate>2014-06-24</firstPublicationDate>
    <lastModificationDate>2020-11-18</lastModificationDate>
    <bibliographyLink>
        <description>H. J. Burbano; J. Pareja; A. A. Amell, International Journal of Hydrogen Energy 2011, 36, (4), 3232-3242.</description>
        <referenceDOI>10.1016/j.ijhydene.2010.11.089</referenceDOI>
        <location>Main Article</location>
        <figure>Fig. 7, full black square.</figure>
        <details>
            <author>Burbano, H J and Pareja, J and Amell, A A</author>
            <journal>International Journal of Hydrogen Energy</journal>
            <number>4</number>
            <pages>3232–-3242</pages>
            <title>Laminar burning velocities and flame stability analysis of H2/CO/air mixtures with dilution of N2 and CO2</title>
            <volume>36</volume>
            <year>2011</year>
        </details>
    </bibliographyLink>
    <experimentType>laminar burning velocity measurement</experimentType>
    <apparatus>
        <kind>flame</kind>
        <mode>premixed</mode>
        <mode>laminar</mode>
    </apparatus>
    <commonProperties>
        <property name="temperature"                   label="T"  sourcetype="reported"   units="K"    ><value>303</value></property>
        <property name="pressure"                      label="P"  sourcetype="reported"   units="atm"  ><value>0.95</value></property>
        <property name="evaluated standard deviation"  sourcetype="estimated"  units="cm/s"  reference="laminar burning velocity"  kind="absolute"  method="statistical scatter" ><value>4.63</value></property>
    </commonProperties>
    <dataGroup id="dg1">
        <property name="laminar burning velocity"  id="x1"   label="Sl"    sourcetype="digitized"   units="cm/s"          />
        <property name="composition"               id="x2"   label="[CO]"  sourcetype="calculated"  units="mole fraction" >
            <speciesLink preferredKey="CO"  CAS="630-08-0"   InChI="1S/CO/c1-2"  SMILES="[C-]#[O+]"  chemName="carbon monoxide" />
        </property>
        <property name="composition"               id="x3"   label="[H2]"  sourcetype="calculated"  units="mole fraction" >
            <speciesLink preferredKey="H2"  CAS="1333-74-0"  InChI="1S/H2/h1H"   SMILES="[HH]"       chemName="hydrogen"        />
        </property>
        <property name="composition"               id="x4"   label="[O2]"  sourcetype="calculated"  units="mole fraction" >
            <speciesLink preferredKey="O2"  CAS="7782-44-7"  InChI="1S/O2/c1-2"  SMILES="O=O"        chemName="oxygen"          />
        </property>
        <property name="composition"               id="x5"   label="[N2]"  sourcetype="calculated"  units="mole fraction" >
            <speciesLink preferredKey="N2"  CAS="7727-37-9"  InChI="1S/N2/c1-2"  SMILES="N#N"        chemName="nitrogen"        />
        </property>

        <dataPoint><x1>6.012110e+001</x1><x2>1.120000e-001</x2><x3>1.120000e-001</x3><x4>1.630000e-001</x4><x5>6.130000e-001</x5></dataPoint>
        <dataPoint><x1>7.612460e+001</x1><x2>1.252000e-001</x2><x3>1.252000e-001</x3><x4>1.575000e-001</x4><x5>5.921000e-001</x5></dataPoint>
        <dataPoint><x1>9.558820e+001</x1><x2>1.354000e-001</x2><x3>1.354000e-001</x3><x4>1.532000e-001</x4><x5>5.760000e-001</x5></dataPoint>
        <dataPoint><x1>1.189450e+002</x1><x2>1.466000e-001</x2><x3>1.466000e-001</x3><x4>1.485000e-001</x4><x5>5.584000e-001</x5></dataPoint>
        <dataPoint><x1>1.782010e+002</x1><x2>1.856000e-001</x2><x3>1.856000e-001</x3><x4>1.321000e-001</x4><x5>4.967000e-001</x5></dataPoint>
        <dataPoint><x1>2.024220e+002</x1><x2>2.139000e-001</x2><x3>2.139000e-001</x3><x4>1.202000e-001</x4><x5>4.521000e-001</x5></dataPoint>
        <dataPoint><x1>2.076120e+002</x1><x2>2.277000e-001</x2><x3>2.277000e-001</x3><x4>1.144000e-001</x4><x5>4.302000e-001</x5></dataPoint>
        <dataPoint><x1>2.063150e+002</x1><x2>2.400000e-001</x2><x3>2.400000e-001</x3><x4>1.092000e-001</x4><x5>4.108000e-001</x5></dataPoint>
        <dataPoint><x1>1.903110e+002</x1><x2>2.610000e-001</x2><x3>2.610000e-001</x3><x4>1.004000e-001</x4><x5>3.775000e-001</x5></dataPoint>
        <dataPoint><x1>1.708480e+002</x1><x2>2.789000e-001</x2><x3>2.789000e-001</x3><x4>9.290000e-002</x4><x5>3.492000e-001</x5></dataPoint>
        <dataPoint><x1>1.479240e+002</x1><x2>2.944000e-001</x2><x3>2.944000e-001</x3><x4>8.640000e-002</x4><x5>3.249000e-001</x5></dataPoint>
        <dataPoint><x1>1.254330e+002</x1><x2>3.073000e-001</x2><x3>3.073000e-001</x3><x4>8.100000e-002</x4><x5>3.044000e-001</x5></dataPoint>
        <dataPoint><x1>9.299310e+001</x1><x2>3.212000e-001</x2><x3>3.212000e-001</x3><x4>7.510000e-002</x4><x5>2.824000e-001</x5></dataPoint>
    </dataGroup>
</experiment>
