<experiment>
    <fileAuthor>Chemical Kinetics Laboratory, Institute of Chemistry, ELTE, Budapest, Hungary</fileAuthor>
    <fileDOI>10.24388/x20001037</fileDOI>
    <fileVersion>
        <major>1</major>
        <minor>1</minor>
    </fileVersion>
    <ReSpecThVersion>
        <major>2</major>
        <minor>3</minor>
    </ReSpecThVersion>
    <firstPublicationDate>2014-06-24</firstPublicationDate>
    <lastModificationDate>2020-11-18</lastModificationDate>
    <bibliographyLink>
        <description>Natarajan, J.; Kochar, Y.; Lieuwen, T.; Seitzman, J., Proceedings of the Combustion Institute 2009, 32, 1261-1268.</description>
        <referenceDOI>10.1016/j.proci.2008.06.110</referenceDOI>
        <location>Main Article</location>
        <figure>Fig. 3, open green square.</figure>
        <details>
            <author>Natarajan, J and Kochar, Y and Lieuwen, T and Seitzman, J</author>
            <journal>Proc Combust Inst</journal>
            <pages>1261--1268</pages>
            <title>Pressure and preheat dependence of laminarflame speeds of H$_{2}$/CO/CO$_{2}$/O$_{2}$/He mixtures</title>
            <volume>32</volume>
            <year>2009</year>
        </details>
    </bibliographyLink>
    <experimentType>laminar burning velocity measurement</experimentType>
    <apparatus>
        <kind>flame</kind>
        <mode>premixed</mode>
        <mode>laminar</mode>
    </apparatus>
    <commonProperties>
        <property name="temperature"                   label="T"  sourcetype="reported"   units="K"    ><value>500</value></property>
        <property name="pressure"                      label="P"  sourcetype="reported"   units="atm"  ><value>1</value></property>
        <property name="evaluated standard deviation"  sourcetype="estimated"  units="cm/s"  reference="laminar burning velocity"  kind="absolute"  method="statistical scatter" ><value>9.28</value></property>
    </commonProperties>
    <dataGroup id="dg1">
        <property name="laminar burning velocity"  id="x1"   label="Sl"    sourcetype="digitized"   units="cm/s"          />
        <property name="composition"               id="x2"   label="[CO]"  sourcetype="calculated"  units="mole fraction" >
            <speciesLink preferredKey="CO"  CAS="630-08-0"   InChI="1S/CO/c1-2"  SMILES="[C-]#[O+]"  chemName="carbon monoxide" />
        </property>
        <property name="composition"               id="x3"   label="[H2]"  sourcetype="calculated"  units="mole fraction" >
            <speciesLink preferredKey="H2"  CAS="1333-74-0"  InChI="1S/H2/h1H"   SMILES="[HH]"       chemName="hydrogen"        />
        </property>
        <property name="composition"               id="x4"   label="[O2]"  sourcetype="calculated"  units="mole fraction" >
            <speciesLink preferredKey="O2"  CAS="7782-44-7"  InChI="1S/O2/c1-2"  SMILES="O=O"        chemName="oxygen"          />
        </property>
        <property name="composition"               id="x5"   label="[N2]"  sourcetype="calculated"  units="mole fraction" >
            <speciesLink preferredKey="N2"  CAS="7727-37-9"  InChI="1S/N2/c1-2"  SMILES="N#N"        chemName="nitrogen"        />
        </property>

        <dataPoint><x1>1.298830e+002</x1><x2>1.046000e-001</x2><x3>1.046000e-001</x3><x4>1.661000e-001</x4><x5>6.247000e-001</x5></dataPoint>
        <dataPoint><x1>1.416020e+002</x1><x2>1.097000e-001</x2><x3>1.097000e-001</x3><x4>1.640000e-001</x4><x5>6.166000e-001</x5></dataPoint>
        <dataPoint><x1>1.650390e+002</x1><x2>1.149000e-001</x2><x3>1.149000e-001</x3><x4>1.618000e-001</x4><x5>6.084000e-001</x5></dataPoint>
        <dataPoint><x1>1.582030e+002</x1><x2>1.155000e-001</x2><x3>1.155000e-001</x3><x4>1.615000e-001</x4><x5>6.074000e-001</x5></dataPoint>
        <dataPoint><x1>1.992190e+002</x1><x2>1.239000e-001</x2><x3>1.239000e-001</x3><x4>1.580000e-001</x4><x5>5.942000e-001</x5></dataPoint>
        <dataPoint><x1>2.529300e+002</x1><x2>1.403000e-001</x2><x3>1.403000e-001</x3><x4>1.511000e-001</x4><x5>5.683000e-001</x5></dataPoint>
        <dataPoint><x1>2.792970e+002</x1><x2>1.477000e-001</x2><x3>1.477000e-001</x3><x4>1.480000e-001</x4><x5>5.565000e-001</x5></dataPoint>
    </dataGroup>
</experiment>
