<experiment>
    <fileAuthor>Chemical Kinetics Laboratory, Institute of Chemistry, ELTE, Budapest, Hungary</fileAuthor>
    <fileDOI>10.24388/x20001210</fileDOI>
    <fileVersion>
        <major>2</major>
        <minor>0</minor>
    </fileVersion>
    <ReSpecThVersion>
        <major>2</major>
        <minor>3</minor>
    </ReSpecThVersion>
    <firstPublicationDate>2014-06-24</firstPublicationDate>
    <lastModificationDate>2020-11-18</lastModificationDate>
    <bibliographyLink>
        <description>F. Wu, A. P. Kelley, C. Tang, D. Zhu, C. K. Law, Int. J. Hydrogen Energy 35 (2011), 13171-13180.</description>
        <referenceDOI>10.1016/j.ijhydene.2011.07.021</referenceDOI>
        <location>Main Article</location>
        <figure>Fig. 2, bottom, open sircle.</figure>
        <details>
            <author>Wu, Fujia and Kelley, Andrew P and Tang, Chenglong and Zhu, Delin and Law, Chung K</author>
            <journal>Int J Hydrogen Energy</journal>
            <pages>13171--13180</pages>
            <title>Measurement and correlation of laminar flame speeds of CO and C$_{2}$ hydrocarbons with hydrogen addition at atmospheric and elevated pressures</title>
            <volume>36</volume>
            <year>2011</year>
        </details>
    </bibliographyLink>
    <experimentType>laminar burning velocity measurement</experimentType>
    <apparatus>
        <kind>flame</kind>
        <mode>premixed</mode>
        <mode>laminar</mode>
        <mode>OPF</mode>
    </apparatus>
    <commonProperties>
        <property name="temperature"                   label="T"   sourcetype="reported"   units="K"    ><value>293</value></property>
        <property name="uncertainty"                   label="dT"  sourcetype="reported"   units="K"     reference="temperature"               kind="absolute"  bound="plusminus" ><value>2</value></property>
        <property name="pressure"                      label="P"   sourcetype="reported"   units="atm"  ><value>1</value></property>
        <property name="evaluated standard deviation"  sourcetype="estimated"  units="cm/s"  reference="laminar burning velocity"  kind="absolute"  method="generic uncertainty" ><value>2.0</value></property>
    </commonProperties>
    <dataGroup id="dg1">
        <property name="composition"               id="x1"   label="[H2]"  sourcetype="calculated"  units="mole fraction" >
            <speciesLink preferredKey="H2"  CAS="1333-74-0"  InChI="1S/H2/h1H"   SMILES="[HH]"       chemName="hydrogen"        />
        </property>
        <property name="composition"               id="x2"   label="[CO]"  sourcetype="calculated"  units="mole fraction" >
            <speciesLink preferredKey="CO"  CAS="630-08-0"   InChI="1S/CO/c1-2"  SMILES="[C-]#[O+]"  chemName="carbon monoxide" />
        </property>
        <property name="composition"               id="x3"   label="[O2]"  sourcetype="calculated"  units="mole fraction" >
            <speciesLink preferredKey="O2"  CAS="7782-44-7"  InChI="1S/O2/c1-2"  SMILES="O=O"        chemName="oxygen"          />
        </property>
        <property name="composition"               id="x4"   label="[N2]"  sourcetype="calculated"  units="mole fraction" >
            <speciesLink preferredKey="N2"  CAS="7727-37-9"  InChI="1S/N2/c1-2"  SMILES="N#N"        chemName="nitrogen"        />
        </property>
        <property name="laminar burning velocity"  id="x5"   label="Sl"    sourcetype="digitized"   units="cm/s"          />
        <property name="uncertainty"               id="x6"   sourcetype="digitized"   units="cm/s"           reference="Sl"  kind="absolute"  bound="plusminus" />

        <dataPoint><x1>0.00147</x1><x2>0.40001</x2><x3>0.12574</x3><x4>0.47278</x4><x5>16.25</x5><x6>1.45</x6></dataPoint>
        <dataPoint><x1>0.00293</x1><x2>0.39803</x2><x3>0.12585</x3><x4>0.47319</x4><x5>20.85</x5><x6>1.45</x6></dataPoint>
        <dataPoint><x1>0.00862</x1><x2>0.39030</x2><x3>0.12628</x3><x4>0.47480</x4><x5>35.34</x5><x6>1.45</x6></dataPoint>
        <dataPoint><x1>0.01409</x1><x2>0.38287</x2><x3>0.12669</x3><x4>0.47635</x4><x5>42.76</x5><x6>1.45</x6></dataPoint>
        <dataPoint><x1>0.02690</x1><x2>0.36546</x2><x3>0.12766</x3><x4>0.47998</x4><x5>56.18</x5><x6>1.45</x6></dataPoint>
        <dataPoint><x1>0.03859</x1><x2>0.34957</x2><x3>0.12854</x3><x4>0.48330</x4><x5>64.31</x5><x6>1.45</x6></dataPoint>
        <dataPoint><x1>0.04931</x1><x2>0.33501</x2><x3>0.12934</x3><x4>0.48634</x4><x5>71.02</x5><x6>1.45</x6></dataPoint>
        <dataPoint><x1>0.06827</x1><x2>0.30924</x2><x3>0.13077</x3><x4>0.49171</x4><x5>81.27</x5><x6>1.45</x6></dataPoint>
        <dataPoint><x1>0.08453</x1><x2>0.28715</x2><x3>0.13200</x3><x4>0.49632</x4><x5>90.46</x5><x6>3.50</x6></dataPoint>
        <dataPoint><x1>0.09862</x1><x2>0.26801</x2><x3>0.13306</x3><x4>0.50031</x4><x5>97.88</x5><x6>3.50</x6></dataPoint>
    </dataGroup>
</experiment>
