<?xml version="1.0" encoding="UTF-8"?>
<uncertainty>
	<PLOG rxn ='NC7H16&#032;&#60;&#61;&#62;&#032;PC4H9&#032;+&#032;NC3H7' no = '2260:High'>
	 <class>PLOG</class>
		<type>pressure_dependent</type>
		<sub_type name = "forward">
			<multiple> True </multiple>
			<branches></branches>
			<pressure_limit>High</pressure_limit>
			<common_temp>N/A</common_temp>
			<temp_limit>N/A</temp_limit>
		</sub_type>
		<perturbation_type>all</perturbation_type>
		<data_type>constant;end_points</data_type>
		<unsrt>1.3862943611198906,1.3862943611198906</unsrt>
		<temp>300,2500</temp>
		<file></file>	
	</PLOG>
	<PLOG rxn = 'NC7H16&#032;&#60;&#61;&#62;&#032;PC4H9&#032;+&#032;NC3H7' no = '2260:Low'>
	 <class>PLOG</class>
		<type>pressure_dependent</type>
		<sub_type name = "forward">
			<multiple> True </multiple>
			<branches></branches>
			<pressure_limit>Low</pressure_limit>
			<common_temp>N/A</common_temp>
			<temp_limit>N/A</temp_limit>
		</sub_type>
		<perturbation_type>all</perturbation_type>
		<data_type>constant;end_points</data_type>
		<unsrt>1.3862943611198906,1.3862943611198906</unsrt>
		<temp>300,2500</temp>
		<file></file>	
	</PLOG>
	
	<PLOG-Interconnectedness>
	  <class>PLOG</class>
	  <InterConnectedRxns>2260:High,2260:Low</InterConnectedRxns>
	  <RxnCount>6</RxnCount>
	  <unsrtQuantType>Interpolation</unsrtQuantType>
	</PLOG-Interconnectedness>	
	<reaction rxn = 'NC7H16&#032;+&#032;H&#032;&#60;&#61;&#62;&#032;C7H15-3&#032;+&#032;H2' no = '2267'>
	 <class>Elementary</class>
		<type>pressure_independent</type>
		<sub_type name = "forward">
			<multiple> False </multiple>
			<branches>N/A</branches>
			<pressure_limit>N/A</pressure_limit>
			<common_temp>N/A</common_temp>
			<temp_limit>N/A</temp_limit>
		</sub_type>
		<perturbation_type>all</perturbation_type>
		<data_type>constant;end_points</data_type>
		<unsrt>1.3862943611198906,1.3862943611198906</unsrt>
		<temp>300,2500</temp>
		<file></file>	
	</reaction>
	<reaction rxn = 'NC7H16&#032;+&#032;OH&#032;&#60;&#61;&#62;&#032;C7H15-1&#032;+&#032;H2O' no = '2273'>
	 <class>Elementary</class>
		<type>pressure_independent</type>
		<sub_type name = "forward">
			<multiple> False </multiple>
			<branches>N/A</branches>
			<pressure_limit>N/A</pressure_limit>
			<common_temp>N/A</common_temp>
			<temp_limit>N/A</temp_limit>
		</sub_type>
		<perturbation_type>all</perturbation_type>
		<data_type>constant;end_points</data_type>
		<unsrt>1.3862943611198906,1.3862943611198906</unsrt>
		<temp>300,2500</temp>
		<file></file>	
	</reaction>
	<reaction rxn = 'NC7H16&#032;+&#032;OH&#032;&#60;&#61;&#62;&#032;C7H15-3&#032;+&#032;H2O' no = '2275'>
	 <class>Elementary</class>
		<type>pressure_independent</type>
		<sub_type name = "forward">
			<multiple> False </multiple>
			<branches>N/A</branches>
			<pressure_limit>N/A</pressure_limit>
			<common_temp>N/A</common_temp>
			<temp_limit>N/A</temp_limit>
		</sub_type>
		<perturbation_type>all</perturbation_type>
		<data_type>constant;end_points</data_type>
		<unsrt>1.3862943611198906,1.3862943611198906</unsrt>
		<temp>300,2500</temp>
		<file></file>	
	</reaction>
	<reaction rxn = 'NC7H16&#032;+&#032;OH&#032;&#60;&#61;&#62;&#032;C7H15-4&#032;+&#032;H2O' no = '2276'>
	 <class>Elementary</class>
		<type>pressure_independent</type>
		<sub_type name = "forward">
			<multiple> False </multiple>
			<branches>N/A</branches>
			<pressure_limit>N/A</pressure_limit>
			<common_temp>N/A</common_temp>
			<temp_limit>N/A</temp_limit>
		</sub_type>
		<perturbation_type>all</perturbation_type>
		<data_type>constant;end_points</data_type>
		<unsrt>1.3862943611198906,1.3862943611198906</unsrt>
		<temp>300,2500</temp>
		<file></file>	
	</reaction>
	<reaction rxn = 'NC7H16&#032;+&#032;HO2&#032;&#60;&#61;&#62;&#032;C7H15-1&#032;+&#032;H2O2' no = '2281'>
	 <class>Elementary</class>
		<type>pressure_independent</type>
		<sub_type name = "forward">
			<multiple> False </multiple>
			<branches>N/A</branches>
			<pressure_limit>N/A</pressure_limit>
			<common_temp>N/A</common_temp>
			<temp_limit>N/A</temp_limit>
		</sub_type>
		<perturbation_type>all</perturbation_type>
		<data_type>constant;end_points</data_type>
		<unsrt>1.3862943611198906,1.3862943611198906</unsrt>
		<temp>300,2500</temp>
		<file></file>	
	</reaction>
	<reaction rxn = 'NC7H16&#032;+&#032;HO2&#032;&#60;&#61;&#62;&#032;C7H15-2&#032;+&#032;H2O2' no = '2282'>
	 <class>Elementary</class>
		<type>pressure_independent</type>
		<sub_type name = "forward">
			<multiple> False </multiple>
			<branches>N/A</branches>
			<pressure_limit>N/A</pressure_limit>
			<common_temp>N/A</common_temp>
			<temp_limit>N/A</temp_limit>
		</sub_type>
		<perturbation_type>all</perturbation_type>
		<data_type>constant;end_points</data_type>
		<unsrt>1.3862943611198906,1.3862943611198906</unsrt>
		<temp>300,2500</temp>
		<file></file>	
	</reaction>
	<reaction rxn = 'NC7H16&#032;+&#032;HO2&#032;&#60;&#61;&#62;&#032;C7H15-3&#032;+&#032;H2O2' no = '2283'>
	 <class>Elementary</class>
		<type>pressure_independent</type>
		<sub_type name = "forward">
			<multiple> False </multiple>
			<branches>N/A</branches>
			<pressure_limit>N/A</pressure_limit>
			<common_temp>N/A</common_temp>
			<temp_limit>N/A</temp_limit>
		</sub_type>
		<perturbation_type>all</perturbation_type>
		<data_type>constant;end_points</data_type>
		<unsrt>1.3862943611198906,1.3862943611198906</unsrt>
		<temp>300,2500</temp>
		<file></file>	
	</reaction>
	<reaction rxn = 'NC7H16&#032;+&#032;HO2&#032;&#60;&#61;&#62;&#032;C7H15-4&#032;+&#032;H2O2' no = '2284'>
	 <class>Elementary</class>
		<type>pressure_independent</type>
		<sub_type name = "forward">
			<multiple> False </multiple>
			<branches>N/A</branches>
			<pressure_limit>N/A</pressure_limit>
			<common_temp>N/A</common_temp>
			<temp_limit>N/A</temp_limit>
		</sub_type>
		<perturbation_type>all</perturbation_type>
		<data_type>constant;end_points</data_type>
		<unsrt>1.3862943611198906,1.3862943611198906</unsrt>
		<temp>300,2500</temp>
		<file></file>	
	</reaction>
</uncertainty>