<?xml version="1.0" encoding="UTF-8"?>
<uncertainty>
	<PLOG rxn ='NC7H16&#032;&#60;&#61;&#62;&#032;PC4H9&#032;+&#032;NC3H7' no = '2260:High'>
	 <class>PLOG</class>
		<type>pressure_dependent</type>
		<sub_type name = "forward">
			<multiple> True </multiple>
			<branches></branches>
			<pressure_limit>High</pressure_limit>
			<common_temp>N/A</common_temp>
			<temp_limit>N/A</temp_limit>
		</sub_type>
		<perturbation_type>factor</perturbation_type>
		<data_type>constant;end_points</data_type>
		<unsrt>1.3862943611198906,1.3862943611198906</unsrt>
		<temp>300,2500</temp>
		<file></file>	
	</PLOG>
	<PLOG rxn = 'NC7H16&#032;&#60;&#61;&#62;&#032;PC4H9&#032;+&#032;NC3H7' no = '2260:Low'>
	 <class>PLOG</class>
		<type>pressure_dependent</type>
		<sub_type name = "forward">
			<multiple> True </multiple>
			<branches></branches>
			<pressure_limit>Low</pressure_limit>
			<common_temp>N/A</common_temp>
			<temp_limit>N/A</temp_limit>
		</sub_type>
		<perturbation_type>factor</perturbation_type>
		<data_type>constant;end_points</data_type>
		<unsrt>1.3862943611198906,1.3862943611198906</unsrt>
		<temp>300,2500</temp>
		<file></file>	
	</PLOG>
	
	<PLOG-Interconnectedness>
	  <class>PLOG</class>
	  <InterConnectedRxns>2260:High,2260:Low</InterConnectedRxns>
	  <RxnCount>6</RxnCount>
	  <unsrtQuantType>Interpolation</unsrtQuantType>
	</PLOG-Interconnectedness>	
	<reaction rxn = 'NC7H16&#032;+&#032;H&#032;&#60;&#61;&#62;&#032;C7H15-3&#032;+&#032;H2' no = '2267'>
	 <class>Elementary</class>
		<type>pressure_independent</type>
		<sub_type name = "forward">
			<multiple> False </multiple>
			<branches>N/A</branches>
			<pressure_limit>N/A</pressure_limit>
			<common_temp>N/A</common_temp>
			<temp_limit>N/A</temp_limit>
		</sub_type>
		<perturbation_type>factor</perturbation_type>
		<data_type>constant;end_points</data_type>
		<unsrt>1.3862943611198906,1.3862943611198906</unsrt>
		<temp>300,2500</temp>
		<file></file>	
	</reaction>
	<reaction rxn = 'NC7H16&#032;+&#032;OH&#032;&#60;&#61;&#62;&#032;C7H15-1&#032;+&#032;H2O' no = '2273'>
	 <class>Elementary</class>
		<type>pressure_independent</type>
		<sub_type name = "forward">
			<multiple> False </multiple>
			<branches>N/A</branches>
			<pressure_limit>N/A</pressure_limit>
			<common_temp>N/A</common_temp>
			<temp_limit>N/A</temp_limit>
		</sub_type>
		<perturbation_type>factor</perturbation_type>
		<data_type>constant;end_points</data_type>
		<unsrt>1.3862943611198906,1.3862943611198906</unsrt>
		<temp>300,2500</temp>
		<file></file>	
	</reaction>
	<reaction rxn = 'NC7H16&#032;+&#032;OH&#032;&#60;&#61;&#62;&#032;C7H15-3&#032;+&#032;H2O' no = '2275'>
	 <class>Elementary</class>
		<type>pressure_independent</type>
		<sub_type name = "forward">
			<multiple> False </multiple>
			<branches>N/A</branches>
			<pressure_limit>N/A</pressure_limit>
			<common_temp>N/A</common_temp>
			<temp_limit>N/A</temp_limit>
		</sub_type>
		<perturbation_type>factor</perturbation_type>
		<data_type>constant;end_points</data_type>
		<unsrt>1.3862943611198906,1.3862943611198906</unsrt>
		<temp>300,2500</temp>
		<file></file>	
	</reaction>
	<reaction rxn = 'NC7H16&#032;+&#032;OH&#032;&#60;&#61;&#62;&#032;C7H15-4&#032;+&#032;H2O' no = '2276'>
	 <class>Elementary</class>
		<type>pressure_independent</type>
		<sub_type name = "forward">
			<multiple> False </multiple>
			<branches>N/A</branches>
			<pressure_limit>N/A</pressure_limit>
			<common_temp>N/A</common_temp>
			<temp_limit>N/A</temp_limit>
		</sub_type>
		<perturbation_type>factor</perturbation_type>
		<data_type>constant;end_points</data_type>
		<unsrt>1.3862943611198906,1.3862943611198906</unsrt>
		<temp>300,2500</temp>
		<file></file>	
	</reaction>
	<reaction rxn = 'NC7H16&#032;+&#032;HO2&#032;&#60;&#61;&#62;&#032;C7H15-1&#032;+&#032;H2O2' no = '2281'>
	 <class>Elementary</class>
		<type>pressure_independent</type>
		<sub_type name = "forward">
			<multiple> False </multiple>
			<branches>N/A</branches>
			<pressure_limit>N/A</pressure_limit>
			<common_temp>N/A</common_temp>
			<temp_limit>N/A</temp_limit>
		</sub_type>
		<perturbation_type>factor</perturbation_type>
		<data_type>constant;end_points</data_type>
		<unsrt>1.3862943611198906,1.3862943611198906</unsrt>
		<temp>300,2500</temp>
		<file></file>	
	</reaction>
	<reaction rxn = 'NC7H16&#032;+&#032;HO2&#032;&#60;&#61;&#62;&#032;C7H15-2&#032;+&#032;H2O2' no = '2282'>
	 <class>Elementary</class>
		<type>pressure_independent</type>
		<sub_type name = "forward">
			<multiple> False </multiple>
			<branches>N/A</branches>
			<pressure_limit>N/A</pressure_limit>
			<common_temp>N/A</common_temp>
			<temp_limit>N/A</temp_limit>
		</sub_type>
		<perturbation_type>factor</perturbation_type>
		<data_type>constant;end_points</data_type>
		<unsrt>1.3862943611198906,1.3862943611198906</unsrt>
		<temp>300,2500</temp>
		<file></file>	
	</reaction>
	<reaction rxn = 'NC7H16&#032;+&#032;HO2&#032;&#60;&#61;&#62;&#032;C7H15-3&#032;+&#032;H2O2' no = '2283'>
	 <class>Elementary</class>
		<type>pressure_independent</type>
		<sub_type name = "forward">
			<multiple> False </multiple>
			<branches>N/A</branches>
			<pressure_limit>N/A</pressure_limit>
			<common_temp>N/A</common_temp>
			<temp_limit>N/A</temp_limit>
		</sub_type>
		<perturbation_type>factor</perturbation_type>
		<data_type>constant;end_points</data_type>
		<unsrt>1.3862943611198906,1.3862943611198906</unsrt>
		<temp>300,2500</temp>
		<file></file>	
	</reaction>
	<reaction rxn = 'NC7H16&#032;+&#032;HO2&#032;&#60;&#61;&#62;&#032;C7H15-4&#032;+&#032;H2O2' no = '2284'>
	 <class>Elementary</class>
		<type>pressure_independent</type>
		<sub_type name = "forward">
			<multiple> False </multiple>
			<branches>N/A</branches>
			<pressure_limit>N/A</pressure_limit>
			<common_temp>N/A</common_temp>
			<temp_limit>N/A</temp_limit>
		</sub_type>
		<perturbation_type>factor</perturbation_type>
		<data_type>constant;end_points</data_type>
		<unsrt>1.3862943611198906,1.3862943611198906</unsrt>
		<temp>300,2500</temp>
		<file></file>	
	</reaction>
	<reaction rxn = 'PC4H9O2&#032;&#60;&#61;&#62;&#032;C4H8-1&#032;+&#032;HO2' no = '962'>
	 <class>Elementary</class>
		<type>pressure_independent</type>
		<sub_type name = "forward">
			<multiple> False </multiple>
			<branches>N/A</branches>
			<pressure_limit>N/A</pressure_limit>
			<common_temp>N/A</common_temp>
			<temp_limit>N/A</temp_limit>
		</sub_type>
		<perturbation_type>factor</perturbation_type>
		<data_type>constant;end_points</data_type>
		<unsrt>1.3862943611198906,1.3862943611198906</unsrt>
		<temp>300,2500</temp>
		<file></file>	
	</reaction>
	<reaction rxn = 'C7H15-1O2&#032;&#60;&#61;&#62;&#032;C7H14-1&#032;+&#032;HO2' no = '2378'>
	 <class>Elementary</class>
		<type>pressure_independent</type>
		<sub_type name = "forward">
			<multiple> False </multiple>
			<branches>N/A</branches>
			<pressure_limit>N/A</pressure_limit>
			<common_temp>N/A</common_temp>
			<temp_limit>N/A</temp_limit>
		</sub_type>
		<perturbation_type>factor</perturbation_type>
		<data_type>constant;end_points</data_type>
		<unsrt>1.3862943611198906,1.3862943611198906</unsrt>
		<temp>300,2500</temp>
		<file></file>	
	</reaction>
	<reaction rxn = 'C7H15-2O2&#032;&#60;&#61;&#62;&#032;C7H14-1&#032;+&#032;HO2' no = '2379'>
	 <class>Elementary</class>
		<type>pressure_independent</type>
		<sub_type name = "forward">
			<multiple> False </multiple>
			<branches>N/A</branches>
			<pressure_limit>N/A</pressure_limit>
			<common_temp>N/A</common_temp>
			<temp_limit>N/A</temp_limit>
		</sub_type>
		<perturbation_type>factor</perturbation_type>
		<data_type>constant;end_points</data_type>
		<unsrt>1.3862943611198906,1.3862943611198906</unsrt>
		<temp>300,2500</temp>
		<file></file>	
	</reaction>
	<reaction rxn = 'C7H15-2O2&#032;&#60;&#61;&#62;&#032;C7H14-2&#032;+&#032;HO2' no = '2380'>
	 <class>Elementary</class>
		<type>pressure_independent</type>
		<sub_type name = "forward">
			<multiple> False </multiple>
			<branches>N/A</branches>
			<pressure_limit>N/A</pressure_limit>
			<common_temp>N/A</common_temp>
			<temp_limit>N/A</temp_limit>
		</sub_type>
		<perturbation_type>factor</perturbation_type>
		<data_type>constant;end_points</data_type>
		<unsrt>1.3862943611198906,1.3862943611198906</unsrt>
		<temp>300,2500</temp>
		<file></file>	
	</reaction>
	<reaction rxn = 'C7H15-3O2&#032;&#60;&#61;&#62;&#032;C7H14-2&#032;+&#032;HO2' no = '2381'>
	 <class>Elementary</class>
		<type>pressure_independent</type>
		<sub_type name = "forward">
			<multiple> False </multiple>
			<branches>N/A</branches>
			<pressure_limit>N/A</pressure_limit>
			<common_temp>N/A</common_temp>
			<temp_limit>N/A</temp_limit>
		</sub_type>
		<perturbation_type>factor</perturbation_type>
		<data_type>constant;end_points</data_type>
		<unsrt>1.3862943611198906,1.3862943611198906</unsrt>
		<temp>300,2500</temp>
		<file></file>	
	</reaction>
	<reaction rxn = 'C7H15-3O2&#032;&#60;&#61;&#62;&#032;C7H14-3&#032;+&#032;HO2' no = '2382'>
	 <class>Elementary</class>
		<type>pressure_independent</type>
		<sub_type name = "forward">
			<multiple> False </multiple>
			<branches>N/A</branches>
			<pressure_limit>N/A</pressure_limit>
			<common_temp>N/A</common_temp>
			<temp_limit>N/A</temp_limit>
		</sub_type>
		<perturbation_type>factor</perturbation_type>
		<data_type>constant;end_points</data_type>
		<unsrt>1.3862943611198906,1.3862943611198906</unsrt>
		<temp>300,2500</temp>
		<file></file>	
	</reaction>
	<reaction rxn = 'C7H15-4O2&#032;&#60;&#61;&#62;&#032;C7H14-3&#032;+&#032;HO2' no = '2383'>
	 <class>Elementary</class>
		<type>pressure_independent</type>
		<sub_type name = "forward">
			<multiple> False </multiple>
			<branches>N/A</branches>
			<pressure_limit>N/A</pressure_limit>
			<common_temp>N/A</common_temp>
			<temp_limit>N/A</temp_limit>
		</sub_type>
		<perturbation_type>factor</perturbation_type>
		<data_type>constant;end_points</data_type>
		<unsrt>1.3862943611198906,1.3862943611198906</unsrt>
		<temp>300,2500</temp>
		<file></file>	
	</reaction>
	<reaction rxn = 'C7H14OOH1-3&#032;+&#032;O2&#032;&#60;&#61;&#62;&#032;C7H14OOH1-3O2' no = '2463'>
	 <class>Elementary</class>
		<type>pressure_independent</type>
		<sub_type name = "forward">
			<multiple> False </multiple>
			<branches>N/A</branches>
			<pressure_limit>N/A</pressure_limit>
			<common_temp>N/A</common_temp>
			<temp_limit>N/A</temp_limit>
		</sub_type>
		<perturbation_type>factor</perturbation_type>
		<data_type>constant;end_points</data_type>
		<unsrt>1.3862943611198906,1.3862943611198906</unsrt>
		<temp>300,2500</temp>
		<file></file>	
	</reaction>
	<reaction rxn = 'C7H14OOH1-4&#032;+&#032;O2&#032;&#60;&#61;&#62;&#032;C7H14OOH1-4O2' no = '2464'>
	 <class>Elementary</class>
		<type>pressure_independent</type>
		<sub_type name = "forward">
			<multiple> False </multiple>
			<branches>N/A</branches>
			<pressure_limit>N/A</pressure_limit>
			<common_temp>N/A</common_temp>
			<temp_limit>N/A</temp_limit>
		</sub_type>
		<perturbation_type>factor</perturbation_type>
		<data_type>constant;end_points</data_type>
		<unsrt>1.3862943611198906,1.3862943611198906</unsrt>
		<temp>300,2500</temp>
		<file></file>	
	</reaction>
	<reaction rxn = 'C7H14OOH2-4&#032;+&#032;O2&#032;&#60;&#61;&#62;&#032;C7H14OOH2-4O2' no = '2467'>
	 <class>Elementary</class>
		<type>pressure_independent</type>
		<sub_type name = "forward">
			<multiple> False </multiple>
			<branches>N/A</branches>
			<pressure_limit>N/A</pressure_limit>
			<common_temp>N/A</common_temp>
			<temp_limit>N/A</temp_limit>
		</sub_type>
		<perturbation_type>factor</perturbation_type>
		<data_type>constant;end_points</data_type>
		<unsrt>1.3862943611198906,1.3862943611198906</unsrt>
		<temp>300,2500</temp>
		<file></file>	
	</reaction>
	<reaction rxn = 'C7H14OOH3-5&#032;+&#032;O2&#032;&#60;&#61;&#62;&#032;C7H14OOH3-5O2' no = '2473'>
	 <class>Elementary</class>
		<type>pressure_independent</type>
		<sub_type name = "forward">
			<multiple> False </multiple>
			<branches>N/A</branches>
			<pressure_limit>N/A</pressure_limit>
			<common_temp>N/A</common_temp>
			<temp_limit>N/A</temp_limit>
		</sub_type>
		<perturbation_type>factor</perturbation_type>
		<data_type>constant;end_points</data_type>
		<unsrt>1.3862943611198906,1.3862943611198906</unsrt>
		<temp>300,2500</temp>
		<file></file>	
	</reaction>
	<reaction rxn = 'C7H14OOH4-2&#032;+&#032;O2&#032;&#60;&#61;&#62;&#032;C7H14OOH4-2O2' no = '2477'>
	 <class>Elementary</class>
		<type>pressure_independent</type>
		<sub_type name = "forward">
			<multiple> False </multiple>
			<branches>N/A</branches>
			<pressure_limit>N/A</pressure_limit>
			<common_temp>N/A</common_temp>
			<temp_limit>N/A</temp_limit>
		</sub_type>
		<perturbation_type>factor</perturbation_type>
		<data_type>constant;end_points</data_type>
		<unsrt>1.3862943611198906,1.3862943611198906</unsrt>
		<temp>300,2500</temp>
		<file></file>	
	</reaction>
	<reaction rxn = 'C7H14OOH1-3O2&#032;&#61;&#62;&#032;C7KET13&#032;+&#032;OH' no = '2479'>
	 <class>Elementary</class>
		<type>pressure_independent</type>
		<sub_type name = "forward">
			<multiple> False </multiple>
			<branches>N/A</branches>
			<pressure_limit>N/A</pressure_limit>
			<common_temp>N/A</common_temp>
			<temp_limit>N/A</temp_limit>
		</sub_type>
		<perturbation_type>factor</perturbation_type>
		<data_type>constant;end_points</data_type>
		<unsrt>1.3862943611198906,1.3862943611198906</unsrt>
		<temp>300,2500</temp>
		<file></file>	
	</reaction>
	<reaction rxn = 'C7H14OOH2-4O2&#032;&#61;&#62;&#032;C7KET24&#032;+&#032;OH' no = '2482'>
	 <class>Elementary</class>
		<type>pressure_independent</type>
		<sub_type name = "forward">
			<multiple> False </multiple>
			<branches>N/A</branches>
			<pressure_limit>N/A</pressure_limit>
			<common_temp>N/A</common_temp>
			<temp_limit>N/A</temp_limit>
		</sub_type>
		<perturbation_type>factor</perturbation_type>
		<data_type>constant;end_points</data_type>
		<unsrt>1.3862943611198906,1.3862943611198906</unsrt>
		<temp>300,2500</temp>
		<file></file>	
	</reaction>
	<reaction rxn = 'C7KET13&#032;&#60;&#61;&#62;&#032;C7KET13O&#032;+&#032;OH' no = '2568'>
	 <class>Elementary</class>
		<type>pressure_independent</type>
		<sub_type name = "forward">
			<multiple> False </multiple>
			<branches>N/A</branches>
			<pressure_limit>N/A</pressure_limit>
			<common_temp>N/A</common_temp>
			<temp_limit>N/A</temp_limit>
		</sub_type>
		<perturbation_type>factor</perturbation_type>
		<data_type>constant;end_points</data_type>
		<unsrt>1.3862943611198906,1.3862943611198906</unsrt>
		<temp>300,2500</temp>
		<file></file>	
	</reaction>
	<reaction rxn = 'C7KET24&#032;&#60;&#61;&#62;&#032;C7KET24O&#032;+&#032;OH' no = '2571'>
	 <class>Elementary</class>
		<type>pressure_independent</type>
		<sub_type name = "forward">
			<multiple> False </multiple>
			<branches>N/A</branches>
			<pressure_limit>N/A</pressure_limit>
			<common_temp>N/A</common_temp>
			<temp_limit>N/A</temp_limit>
		</sub_type>
		<perturbation_type>factor</perturbation_type>
		<data_type>constant;end_points</data_type>
		<unsrt>1.3862943611198906,1.3862943611198906</unsrt>
		<temp>300,2500</temp>
		<file></file>	
	</reaction>
	<reaction rxn = 'C7KET35&#032;&#60;&#61;&#62;&#032;C7KET35O&#032;+&#032;OH' no = '2576'>
	 <class>Elementary</class>
		<type>pressure_independent</type>
		<sub_type name = "forward">
			<multiple> False </multiple>
			<branches>N/A</branches>
			<pressure_limit>N/A</pressure_limit>
			<common_temp>N/A</common_temp>
			<temp_limit>N/A</temp_limit>
		</sub_type>
		<perturbation_type>factor</perturbation_type>
		<data_type>constant;end_points</data_type>
		<unsrt>1.3862943611198906,1.3862943611198906</unsrt>
		<temp>300,2500</temp>
		<file></file>	
	</reaction>
	<reaction rxn = 'C7KET42&#032;&#60;&#61;&#62;&#032;C7KET42O&#032;+&#032;OH' no = '2580'>
	 <class>Elementary</class>
		<type>pressure_independent</type>
		<sub_type name = "forward">
			<multiple> False </multiple>
			<branches>N/A</branches>
			<pressure_limit>N/A</pressure_limit>
			<common_temp>N/A</common_temp>
			<temp_limit>N/A</temp_limit>
		</sub_type>
		<perturbation_type>factor</perturbation_type>
		<data_type>constant;end_points</data_type>
		<unsrt>1.3862943611198906,1.3862943611198906</unsrt>
		<temp>300,2500</temp>
		<file></file>	
	</reaction>
</uncertainty>
