<experiment>
    <fileAuthor>Chemical Kinetics Laboratory, Institute of Chemistry, ELTE, Budapest, Hungary</fileAuthor>
    <fileDOI>10.24388/x40004012</fileDOI>
    <fileVersion>
        <major>2</major>
        <minor>3</minor>
    </fileVersion>
    <ReSpecThVersion>
        <major>2</major>
        <minor>3</minor>
    </ReSpecThVersion>
    <firstPublicationDate>2020-09-08</firstPublicationDate>
    <lastModificationDate>2020-11-18</lastModificationDate>
    <bibliographyLink>
        <description>A. Ramalingam, K. Zhang, A. Dhongde, L. Virnich, H. Sankhla, H. Curran, A. Heufer, Fuel 206 (2017) 325–333.</description>
        <referenceDOI>10.1016/j.fuel.2017.06.005</referenceDOI>
        <location>Main Article + Supplementary</location>
        <table>Table 1, Table S1, Table S8</table>
        <figure>Fig. 7, No. 1, Pc = 105 bar, phi = 0.526</figure>
        <details>
            <author>A. Ramalingam, K. Zhang, A. Dhongde, L. Virnich, H. Sankhla, H. Curran, A. Heufer</author>
            <journal>Fuel</journal>
            <pages>325–-333</pages>
            <title>An RCM experimental and modeling study on CH4 and CH4/C2H6 oxidation at pressures up to 160 bar</title>
            <volume>206</volume>
            <year>2017</year>
        </details>
    </bibliographyLink>
    <experimentType>ignition delay measurement</experimentType>
    <apparatus>
        <kind>rapid compression machine</kind>
    </apparatus>
    <commonProperties>
        <property name="initial composition"           sourcetype="calculated" >
            <component><speciesLink preferredKey="CH4"  CAS="74-82-8"    InChI="1S/CH4/h1H4"  SMILES="C"     chemName="methane"  /><amount units="mole fraction" >0.047381</amount></component>
            <component><speciesLink preferredKey="O2"   CAS="7782-44-7"  InChI="1S/O2/c1-2"   SMILES="O=O"   chemName="oxygen"   /><amount units="mole fraction" >0.179928</amount></component>
            <component><speciesLink preferredKey="N2"   CAS="7727-37-9"  InChI="1S/N2/c1-2"   SMILES="N#N"   chemName="nitrogen" /><amount units="mole fraction" >0.262895</amount></component>
            <component><speciesLink preferredKey="Ar"   CAS="7440-37-1"  InChI="1S/Ar"        SMILES="[Ar]"  chemName="argon"    /><amount units="mole fraction" >0.509796</amount></component>
        </property>
        <property name="evaluated standard deviation"  sourcetype="estimated"   units="unitless"       reference="ignition delay"  kind="relative"  method="generic uncertainty" ><value>0.1</value></property>
    </commonProperties>
    <dataGroup id="dg1" label="measured data">
        <property name="pressure"        id="x1"   label="P"              sourcetype="reported"  units="atm" />
        <property name="temperature"     id="x2"   label="T"              sourcetype="reported"  units="K"   />
        <property name="ignition delay"  id="x3"   label="tau"            sourcetype="reported"  units="ms"  />

        <dataPoint><x1>2.605</x1><x2>296.40</x2><x3>13.02</x3></dataPoint>
        <dataPoint><x1>2.605</x1><x2>296.40</x2><x3>12.88</x3></dataPoint>
    </dataGroup>
    <ignitionType target="p;" type="d/dt max"/>
    <dataGroup id="dg2" label="V-t history" dataPointLink="all">
        <property name="time"    id="x4"   label="t"            sourcetype="calculated"  units="s"   />
        <property name="volume"  id="x5"   label="V"            sourcetype="calculated"  units="cm3" />

        <dataPoint><x4>0.000000E+00</x4><x5>1.000000E+00</x5></dataPoint>
        <dataPoint><x4>2.203480E-03</x4><x5>8.713221E-01</x5></dataPoint>
        <dataPoint><x4>2.559670E-03</x4><x5>8.522223E-01</x5></dataPoint>
        <dataPoint><x4>4.109480E-03</x4><x5>7.348317E-01</x5></dataPoint>
        <dataPoint><x4>6.194800E-03</x4><x5>5.840686E-01</x5></dataPoint>
        <dataPoint><x4>8.190080E-03</x4><x5>4.350942E-01</x5></dataPoint>
        <dataPoint><x4>9.635220E-03</x4><x5>3.271606E-01</x5></dataPoint>
        <dataPoint><x4>1.066999E-02</x4><x5>2.529554E-01</x5></dataPoint>
        <dataPoint><x4>1.186034E-02</x4><x5>1.724205E-01</x5></dataPoint>
        <dataPoint><x4>1.271529E-02</x4><x5>1.209479E-01</x5></dataPoint>
        <dataPoint><x4>1.306082E-02</x4><x5>1.056052E-01</x5></dataPoint>
        <dataPoint><x4>1.352619E-02</x4><x5>9.360071E-02</x5></dataPoint>
        <dataPoint><x4>1.570265E-02</x4><x5>8.080030E-02</x5></dataPoint>
        <dataPoint><x4>1.653495E-02</x4><x5>8.155256E-02</x5></dataPoint>
        <dataPoint><x4>1.890153E-02</x4><x5>8.311224E-02</x5></dataPoint>
        <dataPoint><x4>2.104323E-02</x4><x5>8.428188E-02</x5></dataPoint>
        <dataPoint><x4>2.314302E-02</x4><x5>8.522281E-02</x5></dataPoint>
        <dataPoint><x4>2.537956E-02</x4><x5>8.607196E-02</x5></dataPoint>
        <dataPoint><x4>2.896482E-02</x4><x5>8.729412E-02</x5></dataPoint>
        <dataPoint><x4>3.141050E-02</x4><x5>8.800517E-02</x5></dataPoint>
        <dataPoint><x4>3.510745E-02</x4><x5>8.896661E-02</x5></dataPoint>
        <dataPoint><x4>4.157075E-02</x4><x5>9.037161E-02</x5></dataPoint>
        <dataPoint><x4>4.697495E-02</x4><x5>9.136618E-02</x5></dataPoint>
        <dataPoint><x4>5.457545E-02</x4><x5>9.262894E-02</x5></dataPoint>
        <dataPoint><x4>6.497615E-02</x4><x5>9.409390E-02</x5></dataPoint>
        <dataPoint><x4>7.629145E-02</x4><x5>9.547295E-02</x5></dataPoint>
        <dataPoint><x4>8.796795E-02</x4><x5>9.673290E-02</x5></dataPoint>
        <dataPoint><x4>1.012621E-01</x4><x5>9.802220E-02</x5></dataPoint>
        <dataPoint><x4>1.193756E-01</x4><x5>9.957806E-02</x5></dataPoint>
        <dataPoint><x4>1.398977E-01</x4><x5>1.011938E-01</x5></dataPoint>
        <dataPoint><x4>1.615104E-01</x4><x5>1.027763E-01</x5></dataPoint>
        <dataPoint><x4>1.796618E-01</x4><x5>1.040462E-01</x5></dataPoint>
        <dataPoint><x4>1.923498E-01</x4><x5>1.049130E-01</x5></dataPoint>
    </dataGroup>
</experiment>
