<experiment>
    <fileAuthor>Chemical Kinetics Laboratory, Institute of Chemistry, ELTE, Budapest, Hungary</fileAuthor>
    <fileDOI>10.24388/x40004024</fileDOI>
    <fileVersion>
        <major>2</major>
        <minor>3</minor>
    </fileVersion>
    <ReSpecThVersion>
        <major>2</major>
        <minor>3</minor>
    </ReSpecThVersion>
    <firstPublicationDate>2020-09-08</firstPublicationDate>
    <lastModificationDate>2020-11-18</lastModificationDate>
    <bibliographyLink>
        <description>A. Ramalingam, K. Zhang, A. Dhongde, L. Virnich, H. Sankhla, H. Curran, A. Heufer, Fuel 206 (2017) 325–333.</description>
        <referenceDOI>10.1016/j.fuel.2017.06.005</referenceDOI>
        <location>Main Article + Supplementary</location>
        <table>Table 1, Table S4, Table S8</table>
        <figure>Fig. 9, No. 4, Pc = 125 bar, phi = 0.526</figure>
        <details>
            <author>A. Ramalingam, K. Zhang, A. Dhongde, L. Virnich, H. Sankhla, H. Curran, A. Heufer</author>
            <journal>Fuel</journal>
            <pages>325–-333</pages>
            <title>An RCM experimental and modeling study on CH4 and CH4/C2H6 oxidation at pressures up to 160 bar</title>
            <volume>206</volume>
            <year>2017</year>
        </details>
    </bibliographyLink>
    <experimentType>ignition delay measurement</experimentType>
    <apparatus>
        <kind>rapid compression machine</kind>
    </apparatus>
    <commonProperties>
        <property name="initial composition"           sourcetype="calculated" >
            <component><speciesLink preferredKey="CH4"  CAS="74-82-8"    InChI="1S/CH4/h1H4"  SMILES="C"     chemName="methane"  /><amount units="mole fraction" >0.052367</amount></component>
            <component><speciesLink preferredKey="O2"   CAS="7782-44-7"  InChI="1S/O2/c1-2"   SMILES="O=O"   chemName="oxygen"   /><amount units="mole fraction" >0.198995</amount></component>
            <component><speciesLink preferredKey="N2"   CAS="7727-37-9"  InChI="1S/N2/c1-2"   SMILES="N#N"   chemName="nitrogen" /><amount units="mole fraction" >0.232090</amount></component>
            <component><speciesLink preferredKey="Ar"   CAS="7440-37-1"  InChI="1S/Ar"        SMILES="[Ar]"  chemName="argon"    /><amount units="mole fraction" >0.516548</amount></component>
        </property>
        <property name="evaluated standard deviation"  sourcetype="estimated"   units="unitless"       reference="ignition delay"  kind="relative"  method="statistical scatter" ><value>0.109</value></property>
    </commonProperties>
    <dataGroup id="dg1" label="measured data">
        <property name="pressure"        id="x1"   label="P"              sourcetype="reported"  units="atm" />
        <property name="temperature"     id="x2"   label="T"              sourcetype="reported"  units="K"   />
        <property name="ignition delay"  id="x3"   label="tau"            sourcetype="reported"  units="ms"  />

        <dataPoint><x1>3.148</x1><x2>296.30</x2><x3>8.89</x3></dataPoint>
    </dataGroup>
    <ignitionType target="p;" type="d/dt max"/>
    <dataGroup id="dg2" label="V-t history" dataPointLink="all">
        <property name="time"    id="x4"   label="t"            sourcetype="calculated"  units="s"   />
        <property name="volume"  id="x5"   label="V"            sourcetype="calculated"  units="cm3" />

        <dataPoint><x4>0.000000E+00</x4><x5>1.000000E+00</x5></dataPoint>
        <dataPoint><x4>1.989270E-03</x4><x5>9.166447E-01</x5></dataPoint>
        <dataPoint><x4>3.190060E-03</x4><x5>8.386393E-01</x5></dataPoint>
        <dataPoint><x4>4.845490E-03</x4><x5>7.145479E-01</x5></dataPoint>
        <dataPoint><x4>6.430510E-03</x4><x5>5.996402E-01</x5></dataPoint>
        <dataPoint><x4>8.695360E-03</x4><x5>4.236094E-01</x5></dataPoint>
        <dataPoint><x4>9.910230E-03</x4><x5>3.293497E-01</x5></dataPoint>
        <dataPoint><x4>1.140537E-02</x4><x5>2.233239E-01</x5></dataPoint>
        <dataPoint><x4>1.216522E-02</x4><x5>1.711537E-01</x5></dataPoint>
        <dataPoint><x4>1.261022E-02</x4><x5>1.420235E-01</x5></dataPoint>
        <dataPoint><x4>1.327508E-02</x4><x5>1.074945E-01</x5></dataPoint>
        <dataPoint><x4>1.616753E-02</x4><x5>7.987555E-02</x5></dataPoint>
        <dataPoint><x4>1.989307E-02</x4><x5>8.205521E-02</x5></dataPoint>
        <dataPoint><x4>2.209801E-02</x4><x5>8.310345E-02</x5></dataPoint>
        <dataPoint><x4>2.344817E-02</x4><x5>8.364617E-02</x5></dataPoint>
        <dataPoint><x4>2.635620E-02</x4><x5>8.460544E-02</x5></dataPoint>
        <dataPoint><x4>3.018175E-02</x4><x5>8.580489E-02</x5></dataPoint>
        <dataPoint><x4>3.551041E-02</x4><x5>8.715078E-02</x5></dataPoint>
        <dataPoint><x4>4.176861E-02</x4><x5>8.845498E-02</x5></dataPoint>
        <dataPoint><x4>4.725141E-02</x4><x5>8.943096E-02</x5></dataPoint>
        <dataPoint><x4>5.458491E-02</x4><x5>9.060038E-02</x5></dataPoint>
        <dataPoint><x4>6.538911E-02</x4><x5>9.202366E-02</x5></dataPoint>
        <dataPoint><x4>7.540011E-02</x4><x5>9.313703E-02</x5></dataPoint>
        <dataPoint><x4>8.860201E-02</x4><x5>9.448716E-02</x5></dataPoint>
        <dataPoint><x4>1.035489E-01</x4><x5>9.586081E-02</x5></dataPoint>
        <dataPoint><x4>1.204476E-01</x4><x5>9.727083E-02</x5></dataPoint>
        <dataPoint><x4>1.387883E-01</x4><x5>9.869720E-02</x5></dataPoint>
        <dataPoint><x4>1.618531E-01</x4><x5>1.003634E-01</x5></dataPoint>
        <dataPoint><x4>1.776450E-01</x4><x5>1.014440E-01</x5></dataPoint>
    </dataGroup>
</experiment>
