<experiment>
    <fileAuthor>Chemical Kinetics Laboratory, Institute of Chemistry, ELTE, Budapest, Hungary</fileAuthor>
    <fileDOI>10.24388/x40004052</fileDOI>
    <fileVersion>
        <major>2</major>
        <minor>3</minor>
    </fileVersion>
    <ReSpecThVersion>
        <major>2</major>
        <minor>3</minor>
    </ReSpecThVersion>
    <firstPublicationDate>2020-09-08</firstPublicationDate>
    <lastModificationDate>2020-11-18</lastModificationDate>
    <bibliographyLink>
        <description>S. Gersen, H. Darmeveil, H. Levinsky, Combustion and Flame 159 (2012), 3472–3475.</description>
        <referenceDOI>10.1016/j.combustflame.2012.06.021</referenceDOI>
        <location>Main Article + Supplementary + Personal Communication</location>
        <table>Supplementary material, Appendix A, Appendix B</table>
        <figure>Fig. 2, Pc = 40 bar, phi = 1.0, CH4:H2:CO = 1:0:0 series</figure>
        <details>
            <author>S. Gersen, H. Darmeveil, H. Levinsky</author>
            <journal>Combust Flame</journal>
            <pages>3472–-3475</pages>
            <title>The effects of CO addition on the autoignition of H2, CH4 and CH4/H2 fuels at high pressure in an RCM</title>
            <volume>159</volume>
            <year>2012</year>
        </details>
    </bibliographyLink>
    <experimentType>ignition delay measurement</experimentType>
    <apparatus>
        <kind>rapid compression machine</kind>
    </apparatus>
    <commonProperties>
        <property name="initial composition"           sourcetype="reported"  >
            <component><speciesLink preferredKey="CH4"  CAS="74-82-8"    InChI="1S/CH4/h1H4"  SMILES="C"          chemName="methane"         /><amount units="mole fraction" >0.091</amount></component>
            <component><speciesLink preferredKey="H2"   CAS="1333-74-0"  InChI="1S/H2/h1H"    SMILES="[HH]"       chemName="hydrogen"        /><amount units="mole fraction" >0</amount></component>
            <component><speciesLink preferredKey="CO"   CAS="630-08-0"   InChI="1S/CO/c1-2"   SMILES="[C-]#[O+]"  chemName="carbon monoxide" /><amount units="mole fraction" >0</amount></component>
            <component><speciesLink preferredKey="O2"   CAS="7782-44-7"  InChI="1S/O2/c1-2"   SMILES="O=O"        chemName="oxygen"          /><amount units="mole fraction" >0.182</amount></component>
            <component><speciesLink preferredKey="N2"   CAS="7727-37-9"  InChI="1S/N2/c1-2"   SMILES="N#N"        chemName="nitrogen"        /><amount units="mole fraction" >0.300</amount></component>
            <component><speciesLink preferredKey="Ar"   CAS="7440-37-1"  InChI="1S/Ar"        SMILES="[Ar]"       chemName="argon"           /><amount units="mole fraction" >0.427</amount></component>
        </property>
        <property name="evaluated standard deviation"  sourcetype="estimated"  units="unitless"       reference="ignition delay"  kind="relative"  method="generic uncertainty" ><value>0.1</value></property>
    </commonProperties>
    <dataGroup id="dg1" label="measured data">
        <property name="pressure"        id="x1"   label="P"              sourcetype="reported"  units="bar" />
        <property name="temperature"     id="x2"   label="T"              sourcetype="reported"  units="K"   />
        <property name="ignition delay"  id="x3"   label="tau"            sourcetype="reported"  units="ms"  />

        <dataPoint><x1>0.89</x1><x2>294.95</x2><x3>54.7</x3></dataPoint>
        <dataPoint><x1>0.85</x1><x2>294.85</x2><x3>37.4</x3></dataPoint>
        <dataPoint><x1>0.80</x1><x2>295.35</x2><x3>30.8</x3></dataPoint>
        <dataPoint><x1>0.80</x1><x2>295.25</x2><x3>23.4</x3></dataPoint>
        <dataPoint><x1>0.76</x1><x2>295.05</x2><x3>15.8</x3></dataPoint>
        <dataPoint><x1>0.73</x1><x2>295.15</x2><x3>13.4</x3></dataPoint>
        <dataPoint><x1>0.70</x1><x2>295.05</x2><x3>10.6</x3></dataPoint>
        <dataPoint><x1>0.64</x1><x2>294.15</x2> <x3>7.4</x3></dataPoint>
        <dataPoint><x1>0.64</x1><x2>294.35</x2> <x3>7.4</x3></dataPoint>
        <dataPoint><x1>0.60</x1><x2>294.45</x2> <x3>5.6</x3></dataPoint>
        <dataPoint><x1>0.55</x1><x2>294.55</x2> <x3>3.8</x3></dataPoint>
        <dataPoint><x1>0.53</x1><x2>294.65</x2> <x3>3.2</x3></dataPoint>
    </dataGroup>
    <ignitionType target="p;" type="d/dt max"/>
    <dataGroup id="dg2" label="V-t history" dataPointLink="1">
        <property name="time"      id="x4"   label="t"            sourcetype="calculated"  units="s"   />
        <property name="volume"    id="x5"   label="V"            sourcetype="calculated"  units="cm3" />
        <property name="pressure"  id="x6"   label="p"            sourcetype="estimated"   units="bar"  kind="reactive" />

        <dataPoint><x4>0.000000E+00</x4><x5>1.000000E+00</x5><x6>8.900000E-01</x6></dataPoint>
        <dataPoint><x4>1.564000E-01</x4><x5>1.000000E+00</x5><x6>8.900000E-01</x6></dataPoint>
        <dataPoint><x4>3.016000E-01</x4><x5>7.941110E-01</x5><x6>1.246987E+00</x6></dataPoint>
        <dataPoint><x4>3.155887E-01</x4><x5>6.394916E-01</x5><x6>1.709682E+00</x6></dataPoint>
        <dataPoint><x4>3.247332E-01</x4><x5>4.636577E-01</x5><x6>2.724675E+00</x6></dataPoint>
        <dataPoint><x4>3.286555E-01</x4><x5>3.772025E-01</x5><x6>3.668122E+00</x6></dataPoint>
        <dataPoint><x4>3.306891E-01</x4><x5>3.320880E-01</x5><x6>4.403703E+00</x6></dataPoint>
        <dataPoint><x4>3.310844E-01</x4><x5>3.213534E-01</x5><x6>4.615825E+00</x6></dataPoint>
        <dataPoint><x4>3.324101E-01</x4><x5>2.936070E-01</x5><x6>5.251738E+00</x6></dataPoint>
        <dataPoint><x4>3.339689E-01</x4><x5>2.581895E-01</x5><x6>6.307453E+00</x6></dataPoint>
        <dataPoint><x4>3.349518E-01</x4><x5>2.377922E-01</x5><x6>7.089669E+00</x6></dataPoint>
        <dataPoint><x4>3.367832E-01</x4><x5>2.015100E-01</x5><x6>8.961522E+00</x6></dataPoint>
        <dataPoint><x4>3.374266E-01</x4><x5>1.878449E-01</x5><x6>9.894259E+00</x6></dataPoint>
        <dataPoint><x4>3.378381E-01</x4><x5>1.795039E-01</x5><x6>1.054740E+01</x6></dataPoint>
        <dataPoint><x4>3.386094E-01</x4><x5>1.626606E-01</x5><x6>1.211241E+01</x6></dataPoint>
        <dataPoint><x4>3.392971E-01</x4><x5>1.482535E-01</x5><x6>1.379140E+01</x6></dataPoint>
        <dataPoint><x4>3.398140E-01</x4><x5>1.375154E-01</x5><x6>1.531749E+01</x6></dataPoint>
        <dataPoint><x4>3.405364E-01</x4><x5>1.235236E-01</x5><x6>1.778432E+01</x6></dataPoint>
        <dataPoint><x4>3.407801E-01</x4><x5>1.189909E-01</x5><x6>1.873168E+01</x6></dataPoint>
        <dataPoint><x4>3.414876E-01</x4><x5>1.055824E-01</x5><x6>2.210378E+01</x6></dataPoint>
        <dataPoint><x4>3.430413E-01</x4><x5>8.173881E-02</x5><x6>3.143587E+01</x6></dataPoint>
        <dataPoint><x4>3.448226E-01</x4><x5>7.037163E-02</x5><x6>3.857696E+01</x6></dataPoint>
        <dataPoint><x4>3.452546E-01</x4><x5>6.914813E-02</x5><x6>3.951071E+01</x6></dataPoint>
        <dataPoint><x4>3.462000E-01</x4><x5>6.862729E-02</x5><x6>3.992000E+01</x6></dataPoint>
        <dataPoint><x4>3.532000E-01</x4><x5>7.034159E-02</x5><x6>3.859943E+01</x6></dataPoint>
        <dataPoint><x4>3.602000E-01</x4><x5>7.179241E-02</x5><x6>3.753912E+01</x6></dataPoint>
        <dataPoint><x4>3.672000E-01</x4><x5>7.302558E-02</x5><x6>3.667642E+01</x6></dataPoint>
        <dataPoint><x4>3.742000E-01</x4><x5>7.406613E-02</x5><x6>3.597450E+01</x6></dataPoint>
        <dataPoint><x4>3.812000E-01</x4><x5>7.493871E-02</x5><x6>3.540339E+01</x6></dataPoint>
        <dataPoint><x4>3.882000E-01</x4><x5>7.566663E-02</x5><x6>3.493872E+01</x6></dataPoint>
        <dataPoint><x4>3.952000E-01</x4><x5>7.627120E-02</x5><x6>3.456065E+01</x6></dataPoint>
        <dataPoint><x4>4.022000E-01</x4><x5>7.677150E-02</x5><x6>3.425303E+01</x6></dataPoint>
        <dataPoint><x4>4.092000E-01</x4><x5>7.718426E-02</x5><x6>3.400275E+01</x6></dataPoint>
        <dataPoint><x4>4.162000E-01</x4><x5>7.752395E-02</x5><x6>3.379911E+01</x6></dataPoint>
        <dataPoint><x4>4.232000E-01</x4><x5>7.780292E-02</x5><x6>3.363343E+01</x6></dataPoint>
        <dataPoint><x4>4.302000E-01</x4><x5>7.803163E-02</x5><x6>3.349862E+01</x6></dataPoint>
        <dataPoint><x4>4.372000E-01</x4><x5>7.821888E-02</x5><x6>3.338893E+01</x6></dataPoint>
        <dataPoint><x4>4.442000E-01</x4><x5>7.837202E-02</x5><x6>3.329969E+01</x6></dataPoint>
        <dataPoint><x4>4.512000E-01</x4><x5>7.849713E-02</x5><x6>3.322708E+01</x6></dataPoint>
    </dataGroup>
    <dataGroup id="dg2" label="V-t history" dataPointLink="2">
        <property name="time"      id="x4"   label="t"            sourcetype="calculated"  units="s"   />
        <property name="volume"    id="x5"   label="V"            sourcetype="calculated"  units="cm3" />
        <property name="pressure"  id="x6"   label="p"            sourcetype="estimated"   units="bar"  kind="reactive" />

        <dataPoint><x4>0.000000E+00</x4><x5>1.000000E+00</x5><x6>8.500000E-01</x6></dataPoint>
        <dataPoint><x4>1.390000E-01</x4><x5>1.000000E+00</x5><x6>8.500000E-01</x6></dataPoint>
        <dataPoint><x4>2.942000E-01</x4><x5>7.839442E-01</x5><x6>1.213565E+00</x6></dataPoint>
        <dataPoint><x4>3.038534E-01</x4><x5>6.753458E-01</x5><x6>1.508254E+00</x6></dataPoint>
        <dataPoint><x4>3.124768E-01</x4><x5>5.290879E-01</x5><x6>2.149907E+00</x6></dataPoint>
        <dataPoint><x4>3.179816E-01</x4><x5>4.153041E-01</x5><x6>3.050336E+00</x6></dataPoint>
        <dataPoint><x4>3.205403E-01</x4><x5>3.579065E-01</x5><x6>3.777762E+00</x6></dataPoint>
        <dataPoint><x4>3.224863E-01</x4><x5>3.170832E-01</x5><x6>4.493681E+00</x6></dataPoint>
        <dataPoint><x4>3.243447E-01</x4><x5>2.762644E-01</x5><x6>5.470900E+00</x6></dataPoint>
        <dataPoint><x4>3.246676E-01</x4><x5>2.692227E-01</x5><x6>5.675877E+00</x6></dataPoint>
        <dataPoint><x4>3.267608E-01</x4><x5>2.266922E-01</x5><x6>7.246109E+00</x6></dataPoint>
        <dataPoint><x4>3.280556E-01</x4><x5>2.029096E-01</x5><x6>8.475866E+00</x6></dataPoint>
        <dataPoint><x4>3.297726E-01</x4><x5>1.674136E-01</x5><x6>1.111056E+01</x6></dataPoint>
        <dataPoint><x4>3.315175E-01</x4><x5>1.327184E-01</x5><x6>1.537178E+01</x6></dataPoint>
        <dataPoint><x4>3.328635E-01</x4><x5>1.068873E-01</x5><x6>2.075624E+01</x6></dataPoint>
        <dataPoint><x4>3.344592E-01</x4><x5>8.105049E-02</x5><x6>3.037502E+01</x6></dataPoint>
        <dataPoint><x4>3.347983E-01</x4><x5>7.805156E-02</x5><x6>3.198415E+01</x6></dataPoint>
        <dataPoint><x4>3.349843E-01</x4><x5>7.681267E-02</x5><x6>3.269193E+01</x6></dataPoint>
        <dataPoint><x4>3.353843E-01</x4><x5>7.416695E-02</x5><x6>3.429636E+01</x6></dataPoint>
        <dataPoint><x4>3.355810E-01</x4><x5>7.314026E-02</x5><x6>3.495561E+01</x6></dataPoint>
        <dataPoint><x4>3.363756E-01</x4><x5>6.860972E-02</x5><x6>3.814200E+01</x6></dataPoint>
        <dataPoint><x4>3.366669E-01</x4><x5>6.756531E-02</x5><x6>3.894766E+01</x6></dataPoint>
        <dataPoint><x4>3.370253E-01</x4><x5>6.689119E-02</x5><x6>3.948328E+01</x6></dataPoint>
        <dataPoint><x4>3.378000E-01</x4><x5>6.659823E-02</x5><x6>3.972000E+01</x6></dataPoint>
        <dataPoint><x4>3.448000E-01</x4><x5>6.827193E-02</x5><x6>3.839943E+01</x6></dataPoint>
        <dataPoint><x4>3.518000E-01</x4><x5>6.968881E-02</x5><x6>3.733912E+01</x6></dataPoint>
        <dataPoint><x4>3.588000E-01</x4><x5>7.089346E-02</x5><x6>3.647642E+01</x6></dataPoint>
        <dataPoint><x4>3.658000E-01</x4><x5>7.191016E-02</x5><x6>3.577450E+01</x6></dataPoint>
        <dataPoint><x4>3.728000E-01</x4><x5>7.276290E-02</x5><x6>3.520339E+01</x6></dataPoint>
        <dataPoint><x4>3.798000E-01</x4><x5>7.347437E-02</x5><x6>3.473872E+01</x6></dataPoint>
        <dataPoint><x4>3.868000E-01</x4><x5>7.406536E-02</x5><x6>3.436065E+01</x6></dataPoint>
        <dataPoint><x4>3.938000E-01</x4><x5>7.455447E-02</x5><x6>3.405303E+01</x6></dataPoint>
        <dataPoint><x4>4.008000E-01</x4><x5>7.495804E-02</x5><x6>3.380275E+01</x6></dataPoint>
        <dataPoint><x4>4.078000E-01</x4><x5>7.529019E-02</x5><x6>3.359911E+01</x6></dataPoint>
        <dataPoint><x4>4.148000E-01</x4><x5>7.556298E-02</x5><x6>3.343343E+01</x6></dataPoint>
        <dataPoint><x4>4.218000E-01</x4><x5>7.578664E-02</x5><x6>3.329862E+01</x6></dataPoint>
        <dataPoint><x4>4.288000E-01</x4><x5>7.596976E-02</x5><x6>3.318893E+01</x6></dataPoint>
        <dataPoint><x4>4.358000E-01</x4><x5>7.611952E-02</x5><x6>3.309969E+01</x6></dataPoint>
        <dataPoint><x4>4.428000E-01</x4><x5>7.624188E-02</x5><x6>3.302708E+01</x6></dataPoint>
    </dataGroup>
    <dataGroup id="dg2" label="V-t history" dataPointLink="3">
        <property name="time"      id="x4"   label="t"            sourcetype="calculated"  units="s"   />
        <property name="volume"    id="x5"   label="V"            sourcetype="calculated"  units="cm3" />
        <property name="pressure"  id="x6"   label="p"            sourcetype="estimated"   units="bar"  kind="reactive" />

        <dataPoint><x4>0.000000E+00</x4><x5>1.000000E+00</x5><x6>8.000000E-01</x6></dataPoint>
        <dataPoint><x4>1.276000E-01</x4><x5>1.000000E+00</x5><x6>8.000000E-01</x6></dataPoint>
        <dataPoint><x4>2.792000E-01</x4><x5>7.958421E-01</x5><x6>1.117312E+00</x6></dataPoint>
        <dataPoint><x4>2.948180E-01</x4><x5>6.018980E-01</x5><x6>1.678191E+00</x6></dataPoint>
        <dataPoint><x4>3.043446E-01</x4><x5>4.187031E-01</x5><x6>2.837130E+00</x6></dataPoint>
        <dataPoint><x4>3.086078E-01</x4><x5>3.265437E-01</x5><x6>4.054581E+00</x6></dataPoint>
        <dataPoint><x4>3.096766E-01</x4><x5>3.004080E-01</x5><x6>4.568296E+00</x6></dataPoint>
        <dataPoint><x4>3.099961E-01</x4><x5>2.962950E-01</x5><x6>4.659126E+00</x6></dataPoint>
        <dataPoint><x4>3.105930E-01</x4><x5>2.828584E-01</x5><x6>4.978095E+00</x6></dataPoint>
        <dataPoint><x4>3.117182E-01</x4><x5>2.584445E-01</x5><x6>5.660950E+00</x6></dataPoint>
        <dataPoint><x4>3.119949E-01</x4><x5>2.558926E-01</x5><x6>5.741395E+00</x6></dataPoint>
        <dataPoint><x4>3.140271E-01</x4><x5>2.133597E-01</x5><x6>7.429431E+00</x6></dataPoint>
        <dataPoint><x4>3.151551E-01</x4><x5>1.924812E-01</x5><x6>8.591969E+00</x6></dataPoint>
        <dataPoint><x4>3.160359E-01</x4><x5>1.757474E-01</x5><x6>9.765225E+00</x6></dataPoint>
        <dataPoint><x4>3.170584E-01</x4><x5>1.551754E-01</x5><x6>1.162804E+01</x6></dataPoint>
        <dataPoint><x4>3.181799E-01</x4><x5>1.329727E-01</x5><x6>1.442520E+01</x6></dataPoint>
        <dataPoint><x4>3.192253E-01</x4><x5>1.136567E-01</x5><x6>1.793857E+01</x6></dataPoint>
        <dataPoint><x4>3.201707E-01</x4><x5>9.680320E-02</x5><x6>2.239116E+01</x6></dataPoint>
        <dataPoint><x4>3.214486E-01</x4><x5>7.783673E-02</x5><x6>3.020575E+01</x6></dataPoint>
        <dataPoint><x4>3.218301E-01</x4><x5>7.446971E-02</x5><x6>3.208816E+01</x6></dataPoint>
        <dataPoint><x4>3.226990E-01</x4><x5>6.938731E-02</x5><x6>3.533792E+01</x6></dataPoint>
        <dataPoint><x4>3.234301E-01</x4><x5>6.552204E-02</x5><x6>3.820740E+01</x6></dataPoint>
        <dataPoint><x4>3.238896E-01</x4><x5>6.393700E-02</x5><x6>3.950178E+01</x6></dataPoint>
        <dataPoint><x4>3.250000E-01</x4><x5>6.344375E-02</x5><x6>3.992000E+01</x6></dataPoint>
        <dataPoint><x4>3.320000E-01</x4><x5>6.503237E-02</x5><x6>3.859943E+01</x6></dataPoint>
        <dataPoint><x4>3.390000E-01</x4><x5>6.637694E-02</x5><x6>3.753912E+01</x6></dataPoint>
        <dataPoint><x4>3.460000E-01</x4><x5>6.751988E-02</x5><x6>3.667642E+01</x6></dataPoint>
        <dataPoint><x4>3.530000E-01</x4><x5>6.848434E-02</x5><x6>3.597450E+01</x6></dataPoint>
        <dataPoint><x4>3.600000E-01</x4><x5>6.929316E-02</x5><x6>3.540339E+01</x6></dataPoint>
        <dataPoint><x4>3.670000E-01</x4><x5>6.996790E-02</x5><x6>3.493872E+01</x6></dataPoint>
        <dataPoint><x4>3.740000E-01</x4><x5>7.052833E-02</x5><x6>3.456065E+01</x6></dataPoint>
        <dataPoint><x4>3.810000E-01</x4><x5>7.099211E-02</x5><x6>3.425303E+01</x6></dataPoint>
        <dataPoint><x4>3.880000E-01</x4><x5>7.137475E-02</x5><x6>3.400275E+01</x6></dataPoint>
        <dataPoint><x4>3.950000E-01</x4><x5>7.168966E-02</x5><x6>3.379911E+01</x6></dataPoint>
        <dataPoint><x4>4.020000E-01</x4><x5>7.194827E-02</x5><x6>3.363343E+01</x6></dataPoint>
        <dataPoint><x4>4.090000E-01</x4><x5>7.216031E-02</x5><x6>3.349862E+01</x6></dataPoint>
        <dataPoint><x4>4.160000E-01</x4><x5>7.233391E-02</x5><x6>3.338893E+01</x6></dataPoint>
        <dataPoint><x4>4.230000E-01</x4><x5>7.247587E-02</x5><x6>3.329969E+01</x6></dataPoint>
        <dataPoint><x4>4.300000E-01</x4><x5>7.259186E-02</x5><x6>3.322708E+01</x6></dataPoint>
    </dataGroup>
    <dataGroup id="dg2" label="V-t history" dataPointLink="4">
        <property name="time"      id="x4"   label="t"            sourcetype="calculated"  units="s"   />
        <property name="volume"    id="x5"   label="V"            sourcetype="calculated"  units="cm3" />
        <property name="pressure"  id="x6"   label="p"            sourcetype="estimated"   units="bar"  kind="reactive" />

        <dataPoint><x4>0.000000E+00</x4><x5>1.000000E+00</x5><x6>8.000000E-01</x6></dataPoint>
        <dataPoint><x4>1.512000E-01</x4><x5>1.000000E+00</x5><x6>8.000000E-01</x6></dataPoint>
        <dataPoint><x4>2.978000E-01</x4><x5>7.806796E-01</x5><x6>1.149138E+00</x6></dataPoint>
        <dataPoint><x4>3.041484E-01</x4><x5>7.254394E-01</x5><x6>1.278980E+00</x6></dataPoint>
        <dataPoint><x4>3.118280E-01</x4><x5>6.059980E-01</x5><x6>1.661740E+00</x6></dataPoint>
        <dataPoint><x4>3.163931E-01</x4><x5>5.281794E-01</x5><x6>2.028385E+00</x6></dataPoint>
        <dataPoint><x4>3.212270E-01</x4><x5>4.306163E-01</x5><x6>2.724746E+00</x6></dataPoint>
        <dataPoint><x4>3.243859E-01</x4><x5>3.693103E-01</x5><x6>3.398678E+00</x6></dataPoint>
        <dataPoint><x4>3.273406E-01</x4><x5>3.059624E-01</x5><x6>4.450391E+00</x6></dataPoint>
        <dataPoint><x4>3.290159E-01</x4><x5>2.710257E-01</x5><x6>5.290824E+00</x6></dataPoint>
        <dataPoint><x4>3.292005E-01</x4><x5>2.631572E-01</x5><x6>5.517450E+00</x6></dataPoint>
        <dataPoint><x4>3.294378E-01</x4><x5>2.638278E-01</x5><x6>5.497505E+00</x6></dataPoint>
        <dataPoint><x4>3.325046E-01</x4><x5>2.027609E-01</x5><x6>7.984295E+00</x6></dataPoint>
        <dataPoint><x4>3.340197E-01</x4><x5>1.709511E-01</x5><x6>1.015270E+01</x6></dataPoint>
        <dataPoint><x4>3.350299E-01</x4><x5>1.506791E-01</x5><x6>1.211689E+01</x6></dataPoint>
        <dataPoint><x4>3.356267E-01</x4><x5>1.390814E-01</x5><x6>1.355075E+01</x6></dataPoint>
        <dataPoint><x4>3.359845E-01</x4><x5>1.323972E-01</x5><x6>1.451334E+01</x6></dataPoint>
        <dataPoint><x4>3.363282E-01</x4><x5>1.256243E-01</x5><x6>1.561311E+01</x6></dataPoint>
        <dataPoint><x4>3.366690E-01</x4><x5>1.201031E-01</x5><x6>1.661868E+01</x6></dataPoint>
        <dataPoint><x4>3.372898E-01</x4><x5>1.089036E-01</x5><x6>1.903235E+01</x6></dataPoint>
        <dataPoint><x4>3.379480E-01</x4><x5>9.729823E-02</x5><x6>2.223577E+01</x6></dataPoint>
        <dataPoint><x4>3.394885E-01</x4><x5>7.565212E-02</x5><x6>3.140705E+01</x6></dataPoint>
        <dataPoint><x4>3.416836E-01</x4><x5>6.388059E-02</x5><x6>3.955227E+01</x6></dataPoint>
        <dataPoint><x4>3.430000E-01</x4><x5>6.321457E-02</x5><x6>4.012000E+01</x6></dataPoint>
        <dataPoint><x4>3.500000E-01</x4><x5>6.478946E-02</x5><x6>3.879943E+01</x6></dataPoint>
        <dataPoint><x4>3.570000E-01</x4><x5>6.612205E-02</x5><x6>3.773912E+01</x6></dataPoint>
        <dataPoint><x4>3.640000E-01</x4><x5>6.725455E-02</x5><x6>3.687642E+01</x6></dataPoint>
        <dataPoint><x4>3.710000E-01</x4><x5>6.821002E-02</x5><x6>3.617450E+01</x6></dataPoint>
        <dataPoint><x4>3.780000E-01</x4><x5>6.901116E-02</x5><x6>3.560339E+01</x6></dataPoint>
        <dataPoint><x4>3.850000E-01</x4><x5>6.967941E-02</x5><x6>3.513872E+01</x6></dataPoint>
        <dataPoint><x4>3.920000E-01</x4><x5>7.023438E-02</x5><x6>3.476065E+01</x6></dataPoint>
        <dataPoint><x4>3.990000E-01</x4><x5>7.069360E-02</x5><x6>3.445303E+01</x6></dataPoint>
        <dataPoint><x4>4.060000E-01</x4><x5>7.107244E-02</x5><x6>3.420275E+01</x6></dataPoint>
        <dataPoint><x4>4.130000E-01</x4><x5>7.138420E-02</x5><x6>3.399911E+01</x6></dataPoint>
        <dataPoint><x4>4.200000E-01</x4><x5>7.164023E-02</x5><x6>3.383343E+01</x6></dataPoint>
        <dataPoint><x4>4.270000E-01</x4><x5>7.185012E-02</x5><x6>3.369862E+01</x6></dataPoint>
        <dataPoint><x4>4.340000E-01</x4><x5>7.202196E-02</x5><x6>3.358893E+01</x6></dataPoint>
        <dataPoint><x4>4.410000E-01</x4><x5>7.216249E-02</x5><x6>3.349969E+01</x6></dataPoint>
        <dataPoint><x4>4.480000E-01</x4><x5>7.227730E-02</x5><x6>3.342708E+01</x6></dataPoint>
    </dataGroup>
    <dataGroup id="dg2" label="V-t history" dataPointLink="5">
        <property name="time"      id="x4"   label="t"            sourcetype="calculated"  units="s"   />
        <property name="volume"    id="x5"   label="V"            sourcetype="calculated"  units="cm3" />
        <property name="pressure"  id="x6"   label="p"            sourcetype="estimated"   units="bar"  kind="reactive" />

        <dataPoint><x4>0.000000E+00</x4><x5>1.000000E+00</x5><x6>7.600000E-01</x6></dataPoint>
        <dataPoint><x4>1.364000E-01</x4><x5>1.000000E+00</x5><x6>7.600000E-01</x6></dataPoint>
        <dataPoint><x4>2.694000E-01</x4><x5>8.422949E-01</x5><x6>9.770350E-01</x6></dataPoint>
        <dataPoint><x4>2.864000E-01</x4><x5>5.997617E-01</x5><x6>1.602583E+00</x6></dataPoint>
        <dataPoint><x4>2.955810E-01</x4><x5>4.111967E-01</x5><x6>2.766585E+00</x6></dataPoint>
        <dataPoint><x4>3.000000E-01</x4><x5>3.154591E-01</x5><x6>4.047294E+00</x6></dataPoint>
        <dataPoint><x4>3.030034E-01</x4><x5>2.529105E-01</x5><x6>5.546514E+00</x6></dataPoint>
        <dataPoint><x4>3.055599E-01</x4><x5>2.020632E-01</x5><x6>7.622675E+00</x6></dataPoint>
        <dataPoint><x4>3.073089E-01</x4><x5>1.686724E-01</x5><x6>9.829364E+00</x6></dataPoint>
        <dataPoint><x4>3.088513E-01</x4><x5>1.379296E-01</x5><x6>1.302470E+01</x6></dataPoint>
        <dataPoint><x4>3.101083E-01</x4><x5>1.146210E-01</x5><x6>1.684631E+01</x6></dataPoint>
        <dataPoint><x4>3.111998E-01</x4><x5>9.574439E-02</x5><x6>2.160047E+01</x6></dataPoint>
        <dataPoint><x4>3.127321E-01</x4><x5>7.330991E-02</x5><x6>3.115116E+01</x6></dataPoint>
        <dataPoint><x4>3.132114E-01</x4><x5>7.012168E-02</x5><x6>3.309992E+01</x6></dataPoint>
        <dataPoint><x4>3.141881E-01</x4><x5>6.496206E-02</x5><x6>3.673189E+01</x6></dataPoint>
        <dataPoint><x4>3.144010E-01</x4><x5>6.377589E-02</x5><x6>3.766437E+01</x6></dataPoint>
        <dataPoint><x4>3.145679E-01</x4><x5>6.306739E-02</x5><x6>3.824088E+01</x6></dataPoint>
        <dataPoint><x4>3.148008E-01</x4><x5>6.213595E-02</x5><x6>3.902219E+01</x6></dataPoint>
        <dataPoint><x4>3.150001E-01</x4><x5>6.161618E-02</x5><x6>3.947016E+01</x6></dataPoint>
        <dataPoint><x4>3.152011E-01</x4><x5>6.129503E-02</x5><x6>3.975139E+01</x6></dataPoint>
        <dataPoint><x4>3.153968E-01</x4><x5>6.110723E-02</x5><x6>3.991743E+01</x6></dataPoint>
        <dataPoint><x4>3.158139E-01</x4><x5>6.093234E-02</x5><x6>4.007314E+01</x6></dataPoint>
        <dataPoint><x4>3.158845E-01</x4><x5>6.092180E-02</x5><x6>4.008256E+01</x6></dataPoint>
        <dataPoint><x4>3.166000E-01</x4><x5>6.086877E-02</x5><x6>4.013000E+01</x6></dataPoint>
        <dataPoint><x4>3.236000E-01</x4><x5>6.238640E-02</x5><x6>3.880943E+01</x6></dataPoint>
        <dataPoint><x4>3.306000E-01</x4><x5>6.367056E-02</x5><x6>3.774912E+01</x6></dataPoint>
        <dataPoint><x4>3.376000E-01</x4><x5>6.476193E-02</x5><x6>3.688642E+01</x6></dataPoint>
        <dataPoint><x4>3.446000E-01</x4><x5>6.568271E-02</x5><x6>3.618450E+01</x6></dataPoint>
        <dataPoint><x4>3.516000E-01</x4><x5>6.645478E-02</x5><x6>3.561339E+01</x6></dataPoint>
        <dataPoint><x4>3.586000E-01</x4><x5>6.709878E-02</x5><x6>3.514872E+01</x6></dataPoint>
        <dataPoint><x4>3.656000E-01</x4><x5>6.763362E-02</x5><x6>3.477065E+01</x6></dataPoint>
        <dataPoint><x4>3.726000E-01</x4><x5>6.807618E-02</x5><x6>3.446303E+01</x6></dataPoint>
        <dataPoint><x4>3.796000E-01</x4><x5>6.844129E-02</x5><x6>3.421275E+01</x6></dataPoint>
        <dataPoint><x4>3.866000E-01</x4><x5>6.874174E-02</x5><x6>3.400911E+01</x6></dataPoint>
        <dataPoint><x4>3.936000E-01</x4><x5>6.898849E-02</x5><x6>3.384343E+01</x6></dataPoint>
        <dataPoint><x4>4.006000E-01</x4><x5>6.919077E-02</x5><x6>3.370862E+01</x6></dataPoint>
        <dataPoint><x4>4.076000E-01</x4><x5>6.935638E-02</x5><x6>3.359893E+01</x6></dataPoint>
        <dataPoint><x4>4.146000E-01</x4><x5>6.949182E-02</x5><x6>3.350969E+01</x6></dataPoint>
        <dataPoint><x4>4.216000E-01</x4><x5>6.960246E-02</x5><x6>3.343708E+01</x6></dataPoint>
    </dataGroup>
    <dataGroup id="dg2" label="V-t history" dataPointLink="6">
        <property name="time"      id="x4"   label="t"            sourcetype="calculated"  units="s"   />
        <property name="volume"    id="x5"   label="V"            sourcetype="calculated"  units="cm3" />
        <property name="pressure"  id="x6"   label="p"            sourcetype="estimated"   units="bar"  kind="reactive" />

        <dataPoint><x4>0.000000E+00</x4><x5>1.000000E+00</x5><x6>7.300000E-01</x6></dataPoint>
        <dataPoint><x4>1.246000E-01</x4><x5>1.000000E+00</x5><x6>7.300000E-01</x6></dataPoint>
        <dataPoint><x4>2.758000E-01</x4><x5>8.067660E-01</x5><x6>9.994575E-01</x6></dataPoint>
        <dataPoint><x4>2.867149E-01</x4><x5>6.709838E-01</x5><x6>1.307572E+00</x6></dataPoint>
        <dataPoint><x4>2.936488E-01</x4><x5>5.595657E-01</x5><x6>1.702362E+00</x6></dataPoint>
        <dataPoint><x4>3.003561E-01</x4><x5>4.375198E-01</x5><x6>2.429996E+00</x6></dataPoint>
        <dataPoint><x4>3.053052E-01</x4><x5>3.375598E-01</x5><x6>3.528268E+00</x6></dataPoint>
        <dataPoint><x4>3.093079E-01</x4><x5>2.532221E-01</x5><x6>5.318084E+00</x6></dataPoint>
        <dataPoint><x4>3.118449E-01</x4><x5>2.040381E-01</x5><x6>7.221644E+00</x6></dataPoint>
        <dataPoint><x4>3.130561E-01</x4><x5>1.818039E-01</x5><x6>8.496954E+00</x6></dataPoint>
        <dataPoint><x4>3.143127E-01</x4><x5>1.566876E-01</x5><x6>1.046852E+01</x6></dataPoint>
        <dataPoint><x4>3.153608E-01</x4><x5>1.367831E-01</x5><x6>1.265633E+01</x6></dataPoint>
        <dataPoint><x4>3.160087E-01</x4><x5>1.256153E-01</x5><x6>1.424917E+01</x6></dataPoint>
        <dataPoint><x4>3.164939E-01</x4><x5>1.166853E-01</x5><x6>1.578501E+01</x6></dataPoint>
        <dataPoint><x4>3.172074E-01</x4><x5>1.047352E-01</x5><x6>1.833075E+01</x6></dataPoint>
        <dataPoint><x4>3.178386E-01</x4><x5>9.403965E-02</x5><x6>2.126607E+01</x6></dataPoint>
        <dataPoint><x4>3.184099E-01</x4><x5>8.484603E-02</x5><x6>2.449531E+01</x6></dataPoint>
        <dataPoint><x4>3.192895E-01</x4><x5>7.292653E-02</x5><x6>3.013431E+01</x6></dataPoint>
        <dataPoint><x4>3.196344E-01</x4><x5>7.000647E-02</x5><x6>3.186236E+01</x6></dataPoint>
        <dataPoint><x4>3.202134E-01</x4><x5>6.685264E-02</x5><x6>3.392811E+01</x6></dataPoint>
        <dataPoint><x4>3.212081E-01</x4><x5>6.144378E-02</x5><x6>3.805376E+01</x6></dataPoint>
        <dataPoint><x4>3.214223E-01</x4><x5>6.071986E-02</x5><x6>3.867134E+01</x6></dataPoint>
        <dataPoint><x4>3.218418E-01</x4><x5>5.981151E-02</x5><x6>3.947096E+01</x6></dataPoint>
        <dataPoint><x4>3.232000E-01</x4><x5>5.953503E-02</x5><x6>3.972000E+01</x6></dataPoint>
        <dataPoint><x4>3.302000E-01</x4><x5>6.103613E-02</x5><x6>3.839943E+01</x6></dataPoint>
        <dataPoint><x4>3.372000E-01</x4><x5>6.230705E-02</x5><x6>3.733912E+01</x6></dataPoint>
        <dataPoint><x4>3.442000E-01</x4><x5>6.338770E-02</x5><x6>3.647642E+01</x6></dataPoint>
        <dataPoint><x4>3.512000E-01</x4><x5>6.429983E-02</x5><x6>3.577450E+01</x6></dataPoint>
        <dataPoint><x4>3.582000E-01</x4><x5>6.506491E-02</x5><x6>3.520339E+01</x6></dataPoint>
        <dataPoint><x4>3.652000E-01</x4><x5>6.570327E-02</x5><x6>3.473872E+01</x6></dataPoint>
        <dataPoint><x4>3.722000E-01</x4><x5>6.623356E-02</x5><x6>3.436065E+01</x6></dataPoint>
        <dataPoint><x4>3.792000E-01</x4><x5>6.667246E-02</x5><x6>3.405303E+01</x6></dataPoint>
        <dataPoint><x4>3.862000E-01</x4><x5>6.703460E-02</x5><x6>3.380275E+01</x6></dataPoint>
        <dataPoint><x4>3.932000E-01</x4><x5>6.733265E-02</x5><x6>3.359911E+01</x6></dataPoint>
        <dataPoint><x4>4.002000E-01</x4><x5>6.757745E-02</x5><x6>3.343343E+01</x6></dataPoint>
        <dataPoint><x4>4.072000E-01</x4><x5>6.777817E-02</x5><x6>3.329862E+01</x6></dataPoint>
        <dataPoint><x4>4.142000E-01</x4><x5>6.794250E-02</x5><x6>3.318893E+01</x6></dataPoint>
        <dataPoint><x4>4.212000E-01</x4><x5>6.807690E-02</x5><x6>3.309969E+01</x6></dataPoint>
        <dataPoint><x4>4.282000E-01</x4><x5>6.818671E-02</x5><x6>3.302708E+01</x6></dataPoint>
    </dataGroup>
    <dataGroup id="dg2" label="V-t history" dataPointLink="7">
        <property name="time"      id="x4"   label="t"            sourcetype="calculated"  units="s"   />
        <property name="volume"    id="x5"   label="V"            sourcetype="calculated"  units="cm3" />
        <property name="pressure"  id="x6"   label="p"            sourcetype="estimated"   units="bar"  kind="reactive" />

        <dataPoint><x4>0.000000E+00</x4><x5>1.000000E+00</x5><x6>7.000000E-01</x6></dataPoint>
        <dataPoint><x4>1.086000E-01</x4><x5>1.000000E+00</x5><x6>7.000000E-01</x6></dataPoint>
        <dataPoint><x4>2.978000E-01</x4><x5>7.902337E-01</x5><x6>9.878069E-01</x6></dataPoint>
        <dataPoint><x4>3.132000E-01</x4><x5>5.507240E-01</x5><x6>1.670561E+00</x6></dataPoint>
        <dataPoint><x4>3.201599E-01</x4><x5>4.102071E-01</x5><x6>2.557028E+00</x6></dataPoint>
        <dataPoint><x4>3.220087E-01</x4><x5>3.741929E-01</x5><x6>2.918381E+00</x6></dataPoint>
        <dataPoint><x4>3.223945E-01</x4><x5>3.621253E-01</x5><x6>3.059068E+00</x6></dataPoint>
        <dataPoint><x4>3.225565E-01</x4><x5>3.623594E-01</x5><x6>3.056231E+00</x6></dataPoint>
        <dataPoint><x4>3.237305E-01</x4><x5>3.433842E-01</x5><x6>3.301401E+00</x6></dataPoint>
        <dataPoint><x4>3.267550E-01</x4><x5>2.845724E-01</x5><x6>4.318838E+00</x6></dataPoint>
        <dataPoint><x4>3.297151E-01</x4><x5>2.279552E-01</x5><x6>5.920173E+00</x6></dataPoint>
        <dataPoint><x4>3.317358E-01</x4><x5>1.930970E-01</x5><x6>7.485116E+00</x6></dataPoint>
        <dataPoint><x4>3.329937E-01</x4><x5>1.687450E-01</x5><x6>9.047895E+00</x6></dataPoint>
        <dataPoint><x4>3.341564E-01</x4><x5>1.472899E-01</x5><x6>1.094592E+01</x6></dataPoint>
        <dataPoint><x4>3.345796E-01</x4><x5>1.398176E-01</x5><x6>1.177114E+01</x6></dataPoint>
        <dataPoint><x4>3.352086E-01</x4><x5>1.295770E-01</x5><x6>1.308690E+01</x6></dataPoint>
        <dataPoint><x4>3.360197E-01</x4><x5>1.165764E-01</x5><x6>1.515679E+01</x6></dataPoint>
        <dataPoint><x4>3.368848E-01</x4><x5>1.017796E-01</x5><x6>1.828721E+01</x6></dataPoint>
        <dataPoint><x4>3.377331E-01</x4><x5>8.809592E-02</x5><x6>2.230895E+01</x6></dataPoint>
        <dataPoint><x4>3.390533E-01</x4><x5>7.020919E-02</x5><x6>3.043496E+01</x6></dataPoint>
        <dataPoint><x4>3.393641E-01</x4><x5>6.789464E-02</x5><x6>3.185797E+01</x6></dataPoint>
        <dataPoint><x4>3.413402E-01</x4><x5>5.843429E-02</x5><x6>3.906767E+01</x6></dataPoint>
        <dataPoint><x4>3.417422E-01</x4><x5>5.761861E-02</x5><x6>3.981978E+01</x6></dataPoint>
        <dataPoint><x4>3.426000E-01</x4><x5>5.711151E-02</x5><x6>4.030000E+01</x6></dataPoint>
        <dataPoint><x4>3.496000E-01</x4><x5>5.853175E-02</x5><x6>3.897943E+01</x6></dataPoint>
        <dataPoint><x4>3.566000E-01</x4><x5>5.973332E-02</x5><x6>3.791912E+01</x6></dataPoint>
        <dataPoint><x4>3.636000E-01</x4><x5>6.075435E-02</x5><x6>3.705642E+01</x6></dataPoint>
        <dataPoint><x4>3.706000E-01</x4><x5>6.161568E-02</x5><x6>3.635450E+01</x6></dataPoint>
        <dataPoint><x4>3.776000E-01</x4><x5>6.233783E-02</x5><x6>3.578339E+01</x6></dataPoint>
        <dataPoint><x4>3.846000E-01</x4><x5>6.294014E-02</x5><x6>3.531872E+01</x6></dataPoint>
        <dataPoint><x4>3.916000E-01</x4><x5>6.344031E-02</x5><x6>3.494065E+01</x6></dataPoint>
        <dataPoint><x4>3.986000E-01</x4><x5>6.385417E-02</x5><x6>3.463303E+01</x6></dataPoint>
        <dataPoint><x4>4.056000E-01</x4><x5>6.419557E-02</x5><x6>3.438275E+01</x6></dataPoint>
        <dataPoint><x4>4.126000E-01</x4><x5>6.447651E-02</x5><x6>3.417911E+01</x6></dataPoint>
        <dataPoint><x4>4.196000E-01</x4><x5>6.470722E-02</x5><x6>3.401343E+01</x6></dataPoint>
        <dataPoint><x4>4.266000E-01</x4><x5>6.489635E-02</x5><x6>3.387862E+01</x6></dataPoint>
        <dataPoint><x4>4.336000E-01</x4><x5>6.505120E-02</x5><x6>3.376893E+01</x6></dataPoint>
        <dataPoint><x4>4.406000E-01</x4><x5>6.517782E-02</x5><x6>3.367969E+01</x6></dataPoint>
        <dataPoint><x4>4.476000E-01</x4><x5>6.528127E-02</x5><x6>3.360708E+01</x6></dataPoint>
    </dataGroup>
    <dataGroup id="dg2" label="V-t history" dataPointLink="8">
        <property name="time"      id="x4"   label="t"            sourcetype="calculated"  units="s"   />
        <property name="volume"    id="x5"   label="V"            sourcetype="calculated"  units="cm3" />
        <property name="pressure"  id="x6"   label="p"            sourcetype="estimated"   units="bar"  kind="reactive" />

        <dataPoint><x4>0.000000E+00</x4><x5>1.000000E+00</x5><x6>6.400000E-01</x6></dataPoint>
        <dataPoint><x4>1.308000E-01</x4><x5>1.000000E+00</x5><x6>6.400000E-01</x6></dataPoint>
        <dataPoint><x4>2.960000E-01</x4><x5>7.713510E-01</x5><x6>9.356294E-01</x6></dataPoint>
        <dataPoint><x4>3.099203E-01</x4><x5>5.331685E-01</x5><x6>1.600972E+00</x6></dataPoint>
        <dataPoint><x4>3.157946E-01</x4><x5>4.047128E-01</x5><x6>2.384096E+00</x6></dataPoint>
        <dataPoint><x4>3.189570E-01</x4><x5>3.340652E-01</x5><x6>3.140498E+00</x6></dataPoint>
        <dataPoint><x4>3.210518E-01</x4><x5>2.874620E-01</x5><x6>3.893149E+00</x6></dataPoint>
        <dataPoint><x4>3.234932E-01</x4><x5>2.339765E-01</x5><x6>5.217968E+00</x6></dataPoint>
        <dataPoint><x4>3.257311E-01</x4><x5>1.876743E-01</x5><x6>7.126464E+00</x6></dataPoint>
        <dataPoint><x4>3.273492E-01</x4><x5>1.529964E-01</x5><x6>9.493864E+00</x6></dataPoint>
        <dataPoint><x4>3.284090E-01</x4><x5>1.302605E-01</x5><x6>1.188366E+01</x6></dataPoint>
        <dataPoint><x4>3.291357E-01</x4><x5>1.158179E-01</x5><x6>1.399090E+01</x6></dataPoint>
        <dataPoint><x4>3.296507E-01</x4><x5>1.047309E-01</x5><x6>1.608158E+01</x6></dataPoint>
        <dataPoint><x4>3.301359E-01</x4><x5>9.513507E-02</x5><x6>1.836117E+01</x6></dataPoint>
        <dataPoint><x4>3.305906E-01</x4><x5>8.667282E-02</x5><x6>2.087073E+01</x6></dataPoint>
        <dataPoint><x4>3.307917E-01</x4><x5>8.301068E-02</x5><x6>2.214442E+01</x6></dataPoint>
        <dataPoint><x4>3.309916E-01</x4><x5>7.940924E-02</x5><x6>2.353202E+01</x6></dataPoint>
        <dataPoint><x4>3.316106E-01</x4><x5>6.987164E-02</x5><x6>2.802848E+01</x6></dataPoint>
        <dataPoint><x4>3.319302E-01</x4><x5>6.638450E-02</x5><x6>3.005396E+01</x6></dataPoint>
        <dataPoint><x4>3.337766E-01</x4><x5>5.486653E-02</x5><x6>3.893196E+01</x6></dataPoint>
        <dataPoint><x4>3.339992E-01</x4><x5>5.427414E-02</x5><x6>3.950867E+01</x6></dataPoint>
        <dataPoint><x4>3.341999E-01</x4><x5>5.394052E-02</x5><x6>3.983996E+01</x6></dataPoint>
        <dataPoint><x4>3.343800E-01</x4><x5>5.373437E-02</x5><x6>4.004707E+01</x6></dataPoint>
        <dataPoint><x4>3.350000E-01</x4><x5>5.358332E-02</x5><x6>4.020000E+01</x6></dataPoint>
        <dataPoint><x4>3.420000E-01</x4><x5>5.492123E-02</x5><x6>3.887943E+01</x6></dataPoint>
        <dataPoint><x4>3.490000E-01</x4><x5>5.605336E-02</x5><x6>3.781912E+01</x6></dataPoint>
        <dataPoint><x4>3.560000E-01</x4><x5>5.701555E-02</x5><x6>3.695642E+01</x6></dataPoint>
        <dataPoint><x4>3.630000E-01</x4><x5>5.782735E-02</x5><x6>3.625450E+01</x6></dataPoint>
        <dataPoint><x4>3.700000E-01</x4><x5>5.850805E-02</x5><x6>3.568339E+01</x6></dataPoint>
        <dataPoint><x4>3.770000E-01</x4><x5>5.907585E-02</x5><x6>3.521872E+01</x6></dataPoint>
        <dataPoint><x4>3.840000E-01</x4><x5>5.954741E-02</x5><x6>3.484065E+01</x6></dataPoint>
        <dataPoint><x4>3.910000E-01</x4><x5>5.993761E-02</x5><x6>3.453303E+01</x6></dataPoint>
        <dataPoint><x4>3.980000E-01</x4><x5>6.025952E-02</x5><x6>3.428275E+01</x6></dataPoint>
        <dataPoint><x4>4.050000E-01</x4><x5>6.052443E-02</x5><x6>3.407911E+01</x6></dataPoint>
        <dataPoint><x4>4.120000E-01</x4><x5>6.074197E-02</x5><x6>3.391343E+01</x6></dataPoint>
        <dataPoint><x4>4.190000E-01</x4><x5>6.092033E-02</x5><x6>3.377862E+01</x6></dataPoint>
        <dataPoint><x4>4.260000E-01</x4><x5>6.106635E-02</x5><x6>3.366893E+01</x6></dataPoint>
        <dataPoint><x4>4.330000E-01</x4><x5>6.118576E-02</x5><x6>3.357969E+01</x6></dataPoint>
        <dataPoint><x4>4.400000E-01</x4><x5>6.128332E-02</x5><x6>3.350708E+01</x6></dataPoint>
    </dataGroup>
    <dataGroup id="dg2" label="V-t history" dataPointLink="9">
        <property name="time"      id="x4"   label="t"            sourcetype="calculated"  units="s"   />
        <property name="volume"    id="x5"   label="V"            sourcetype="calculated"  units="cm3" />
        <property name="pressure"  id="x6"   label="p"            sourcetype="estimated"   units="bar"  kind="reactive" />

        <dataPoint><x4>0.000000E+00</x4><x5>1.000000E+00</x5><x6>6.400000E-01</x6></dataPoint>
        <dataPoint><x4>1.482000E-01</x4><x5>1.000000E+00</x5><x6>6.400000E-01</x6></dataPoint>
        <dataPoint><x4>2.972000E-01</x4><x5>8.256572E-01</x5><x6>8.471268E-01</x6></dataPoint>
        <dataPoint><x4>3.128739E-01</x4><x5>6.379519E-01</x5><x6>1.233813E+00</x6></dataPoint>
        <dataPoint><x4>3.227189E-01</x4><x5>4.476936E-01</x5><x6>2.061183E+00</x6></dataPoint>
        <dataPoint><x4>3.275501E-01</x4><x5>3.399134E-01</x5><x6>3.063207E+00</x6></dataPoint>
        <dataPoint><x4>3.305610E-01</x4><x5>2.728942E-01</x5><x6>4.192567E+00</x6></dataPoint>
        <dataPoint><x4>3.331309E-01</x4><x5>2.152068E-01</x5><x6>5.873719E+00</x6></dataPoint>
        <dataPoint><x4>3.332086E-01</x4><x5>2.151456E-01</x5><x6>5.876083E+00</x6></dataPoint>
        <dataPoint><x4>3.348173E-01</x4><x5>1.841269E-01</x5><x6>7.319951E+00</x6></dataPoint>
        <dataPoint><x4>3.362564E-01</x4><x5>1.537495E-01</x5><x6>9.427943E+00</x6></dataPoint>
        <dataPoint><x4>3.368383E-01</x4><x5>1.399227E-01</x5><x6>1.075478E+01</x6></dataPoint>
        <dataPoint><x4>3.373842E-01</x4><x5>1.299788E-01</x5><x6>1.191823E+01</x6></dataPoint>
        <dataPoint><x4>3.377998E-01</x4><x5>1.215114E-01</x5><x6>1.308820E+01</x6></dataPoint>
        <dataPoint><x4>3.382160E-01</x4><x5>1.135548E-01</x5><x6>1.437712E+01</x6></dataPoint>
        <dataPoint><x4>3.385374E-01</x4><x5>1.071128E-01</x5><x6>1.558749E+01</x6></dataPoint>
        <dataPoint><x4>3.391674E-01</x4><x5>9.496468E-02</x5><x6>1.840418E+01</x6></dataPoint>
        <dataPoint><x4>3.397227E-01</x4><x5>8.483003E-02</x5><x6>2.149263E+01</x6></dataPoint>
        <dataPoint><x4>3.408147E-01</x4><x5>6.807922E-02</x5><x6>2.903499E+01</x6></dataPoint>
        <dataPoint><x4>3.412031E-01</x4><x5>6.481549E-02</x5><x6>3.104395E+01</x6></dataPoint>
        <dataPoint><x4>3.414003E-01</x4><x5>6.358243E-02</x5><x6>3.186585E+01</x6></dataPoint>
        <dataPoint><x4>3.427730E-01</x4><x5>5.545977E-02</x5><x6>3.836257E+01</x6></dataPoint>
        <dataPoint><x4>3.432472E-01</x4><x5>5.413888E-02</x5><x6>3.963596E+01</x6></dataPoint>
        <dataPoint><x4>3.440000E-01</x4><x5>5.368540E-02</x5><x6>4.009000E+01</x6></dataPoint>
        <dataPoint><x4>3.510000E-01</x4><x5>5.502963E-02</x5><x6>3.876943E+01</x6></dataPoint>
        <dataPoint><x4>3.580000E-01</x4><x5>5.616727E-02</x5><x6>3.770912E+01</x6></dataPoint>
        <dataPoint><x4>3.650000E-01</x4><x5>5.713427E-02</x5><x6>3.684642E+01</x6></dataPoint>
        <dataPoint><x4>3.720000E-01</x4><x5>5.795022E-02</x5><x6>3.614450E+01</x6></dataPoint>
        <dataPoint><x4>3.790000E-01</x4><x5>5.863446E-02</x5><x6>3.557339E+01</x6></dataPoint>
        <dataPoint><x4>3.860000E-01</x4><x5>5.920525E-02</x5><x6>3.510872E+01</x6></dataPoint>
        <dataPoint><x4>3.930000E-01</x4><x5>5.967933E-02</x5><x6>3.473065E+01</x6></dataPoint>
        <dataPoint><x4>4.000000E-01</x4><x5>6.007163E-02</x5><x6>3.442303E+01</x6></dataPoint>
        <dataPoint><x4>4.070000E-01</x4><x5>6.039529E-02</x5><x6>3.417275E+01</x6></dataPoint>
        <dataPoint><x4>4.140000E-01</x4><x5>6.066165E-02</x5><x6>3.396911E+01</x6></dataPoint>
        <dataPoint><x4>4.210000E-01</x4><x5>6.088040E-02</x5><x6>3.380343E+01</x6></dataPoint>
        <dataPoint><x4>4.280000E-01</x4><x5>6.105974E-02</x5><x6>3.366862E+01</x6></dataPoint>
        <dataPoint><x4>4.350000E-01</x4><x5>6.120657E-02</x5><x6>3.355893E+01</x6></dataPoint>
        <dataPoint><x4>4.420000E-01</x4><x5>6.132664E-02</x5><x6>3.346969E+01</x6></dataPoint>
        <dataPoint><x4>4.490000E-01</x4><x5>6.142475E-02</x5><x6>3.339708E+01</x6></dataPoint>
    </dataGroup>
    <dataGroup id="dg2" label="V-t history" dataPointLink="10">
        <property name="time"      id="x4"   label="t"            sourcetype="calculated"  units="s"   />
        <property name="volume"    id="x5"   label="V"            sourcetype="calculated"  units="cm3" />
        <property name="pressure"  id="x6"   label="p"            sourcetype="estimated"   units="bar"  kind="reactive" />

        <dataPoint><x4>0.000000E+00</x4><x5>1.000000E+00</x5><x6>6.000000E-01</x6></dataPoint>
        <dataPoint><x4>1.334000E-01</x4><x5>1.000000E+00</x5><x6>6.000000E-01</x6></dataPoint>
        <dataPoint><x4>2.820000E-01</x4><x5>8.259261E-01</x5><x6>7.938011E-01</x6></dataPoint>
        <dataPoint><x4>2.985753E-01</x4><x5>5.702408E-01</x5><x6>1.361468E+00</x6></dataPoint>
        <dataPoint><x4>3.063528E-01</x4><x5>4.048335E-01</x5><x6>2.234004E+00</x6></dataPoint>
        <dataPoint><x4>3.104402E-01</x4><x5>3.139448E-01</x5><x6>3.217798E+00</x6></dataPoint>
        <dataPoint><x4>3.133462E-01</x4><x5>2.499012E-01</x5><x6>4.454822E+00</x6></dataPoint>
        <dataPoint><x4>3.166303E-01</x4><x5>1.841949E-01</x5><x6>6.858597E+00</x6></dataPoint>
        <dataPoint><x4>3.182483E-01</x4><x5>1.480413E-01</x5><x6>9.318519E+00</x6></dataPoint>
        <dataPoint><x4>3.191708E-01</x4><x5>1.283666E-01</x5><x6>1.136846E+01</x6></dataPoint>
        <dataPoint><x4>3.199920E-01</x4><x5>1.119208E-01</x5><x6>1.375106E+01</x6></dataPoint>
        <dataPoint><x4>3.202078E-01</x4><x5>1.076177E-01</x5><x6>1.451768E+01</x6></dataPoint>
        <dataPoint><x4>3.204081E-01</x4><x5>1.039538E-01</x5><x6>1.522959E+01</x6></dataPoint>
        <dataPoint><x4>3.207947E-01</x4><x5>9.667463E-02</x5><x6>1.683384E+01</x6></dataPoint>
        <dataPoint><x4>3.212175E-01</x4><x5>8.870490E-02</x5><x6>1.894945E+01</x6></dataPoint>
        <dataPoint><x4>3.214106E-01</x4><x5>8.539028E-02</x5><x6>1.996679E+01</x6></dataPoint>
        <dataPoint><x4>3.217908E-01</x4><x5>7.858781E-02</x5><x6>2.237282E+01</x6></dataPoint>
        <dataPoint><x4>3.227501E-01</x4><x5>6.489537E-02</x5><x6>2.905274E+01</x6></dataPoint>
        <dataPoint><x4>3.230011E-01</x4><x5>6.280235E-02</x5><x6>3.037761E+01</x6></dataPoint>
        <dataPoint><x4>3.232427E-01</x4><x5>6.122072E-02</x5><x6>3.144916E+01</x6></dataPoint>
        <dataPoint><x4>3.244926E-01</x4><x5>5.381057E-02</x5><x6>3.746299E+01</x6></dataPoint>
        <dataPoint><x4>3.248042E-01</x4><x5>5.248925E-02</x5><x6>3.874517E+01</x6></dataPoint>
        <dataPoint><x4>3.250596E-01</x4><x5>5.187299E-02</x5><x6>3.936926E+01</x6></dataPoint>
        <dataPoint><x4>3.254000E-01</x4><x5>5.152439E-02</x5><x6>3.973000E+01</x6></dataPoint>
        <dataPoint><x4>3.324000E-01</x4><x5>5.282790E-02</x5><x6>3.840943E+01</x6></dataPoint>
        <dataPoint><x4>3.394000E-01</x4><x5>5.393168E-02</x5><x6>3.734912E+01</x6></dataPoint>
        <dataPoint><x4>3.464000E-01</x4><x5>5.487032E-02</x5><x6>3.648642E+01</x6></dataPoint>
        <dataPoint><x4>3.534000E-01</x4><x5>5.566265E-02</x5><x6>3.578450E+01</x6></dataPoint>
        <dataPoint><x4>3.604000E-01</x4><x5>5.632731E-02</x5><x6>3.521339E+01</x6></dataPoint>
        <dataPoint><x4>3.674000E-01</x4><x5>5.688191E-02</x5><x6>3.474872E+01</x6></dataPoint>
        <dataPoint><x4>3.744000E-01</x4><x5>5.734265E-02</x5><x6>3.437065E+01</x6></dataPoint>
        <dataPoint><x4>3.814000E-01</x4><x5>5.772399E-02</x5><x6>3.406303E+01</x6></dataPoint>
        <dataPoint><x4>3.884000E-01</x4><x5>5.803865E-02</x5><x6>3.381275E+01</x6></dataPoint>
        <dataPoint><x4>3.954000E-01</x4><x5>5.829764E-02</x5><x6>3.360911E+01</x6></dataPoint>
        <dataPoint><x4>4.024000E-01</x4><x5>5.851036E-02</x5><x6>3.344343E+01</x6></dataPoint>
        <dataPoint><x4>4.094000E-01</x4><x5>5.868477E-02</x5><x6>3.330862E+01</x6></dataPoint>
        <dataPoint><x4>4.164000E-01</x4><x5>5.882758E-02</x5><x6>3.319893E+01</x6></dataPoint>
        <dataPoint><x4>4.234000E-01</x4><x5>5.894437E-02</x5><x6>3.310969E+01</x6></dataPoint>
        <dataPoint><x4>4.304000E-01</x4><x5>5.903979E-02</x5><x6>3.303708E+01</x6></dataPoint>
    </dataGroup>
    <dataGroup id="dg2" label="V-t history" dataPointLink="11">
        <property name="time"      id="x4"   label="t"            sourcetype="calculated"  units="s"   />
        <property name="volume"    id="x5"   label="V"            sourcetype="calculated"  units="cm3" />
        <property name="pressure"  id="x6"   label="p"            sourcetype="estimated"   units="bar"  kind="reactive" />

        <dataPoint><x4>0.000000E+00</x4><x5>1.000000E+00</x5><x6>5.500000E-01</x6></dataPoint>
        <dataPoint><x4>1.412000E-01</x4><x5>1.000000E+00</x5><x6>5.500000E-01</x6></dataPoint>
        <dataPoint><x4>2.820000E-01</x4><x5>8.021346E-01</x5><x6>7.593916E-01</x6></dataPoint>
        <dataPoint><x4>2.946003E-01</x4><x5>6.080512E-01</x5><x6>1.136920E+00</x6></dataPoint>
        <dataPoint><x4>3.018364E-01</x4><x5>4.762976E-01</x5><x6>1.619707E+00</x6></dataPoint>
        <dataPoint><x4>3.058638E-01</x4><x5>3.999805E-01</x5><x6>2.083661E+00</x6></dataPoint>
        <dataPoint><x4>3.107346E-01</x4><x5>3.005853E-01</x5><x6>3.138737E+00</x6></dataPoint>
        <dataPoint><x4>3.140457E-01</x4><x5>2.294623E-01</x5><x6>4.609142E+00</x6></dataPoint>
        <dataPoint><x4>3.161682E-01</x4><x5>1.875916E-01</x5><x6>6.127084E+00</x6></dataPoint>
        <dataPoint><x4>3.171075E-01</x4><x5>1.687351E-01</x5><x6>7.111254E+00</x6></dataPoint>
        <dataPoint><x4>3.182137E-01</x4><x5>1.468243E-01</x5><x6>8.640653E+00</x6></dataPoint>
        <dataPoint><x4>3.186432E-01</x4><x5>1.386745E-01</x5><x6>9.357668E+00</x6></dataPoint>
        <dataPoint><x4>3.190058E-01</x4><x5>1.309241E-01</x5><x6>1.013836E+01</x6></dataPoint>
        <dataPoint><x4>3.191869E-01</x4><x5>1.282131E-01</x5><x6>1.043787E+01</x6></dataPoint>
        <dataPoint><x4>3.203389E-01</x4><x5>1.070148E-01</x5><x6>1.341085E+01</x6></dataPoint>
        <dataPoint><x4>3.211783E-01</x4><x5>9.152842E-02</x5><x6>1.663686E+01</x6></dataPoint>
        <dataPoint><x4>3.214646E-01</x4><x5>8.633964E-02</x5><x6>1.802600E+01</x6></dataPoint>
        <dataPoint><x4>3.216486E-01</x4><x5>8.339303E-02</x5><x6>1.890560E+01</x6></dataPoint>
        <dataPoint><x4>3.222376E-01</x4><x5>7.372387E-02</x5><x6>2.237904E+01</x6></dataPoint>
        <dataPoint><x4>3.231799E-01</x4><x5>6.099603E-02</x5><x6>2.897050E+01</x6></dataPoint>
        <dataPoint><x4>3.234801E-01</x4><x5>5.861387E-02</x5><x6>3.058060E+01</x6></dataPoint>
        <dataPoint><x4>3.253760E-01</x4><x5>4.885883E-02</x5><x6>3.912713E+01</x6></dataPoint>
        <dataPoint><x4>3.258349E-01</x4><x5>4.802591E-02</x5><x6>4.004640E+01</x6></dataPoint>
        <dataPoint><x4>3.268000E-01</x4><x5>4.774050E-02</x5><x6>4.037000E+01</x6></dataPoint>
        <dataPoint><x4>3.338000E-01</x4><x5>4.893077E-02</x5><x6>3.904943E+01</x6></dataPoint>
        <dataPoint><x4>3.408000E-01</x4><x5>4.993785E-02</x5><x6>3.798912E+01</x6></dataPoint>
        <dataPoint><x4>3.478000E-01</x4><x5>5.079367E-02</x5><x6>3.712642E+01</x6></dataPoint>
        <dataPoint><x4>3.548000E-01</x4><x5>5.151567E-02</x5><x6>3.642450E+01</x6></dataPoint>
        <dataPoint><x4>3.618000E-01</x4><x5>5.212103E-02</x5><x6>3.585339E+01</x6></dataPoint>
        <dataPoint><x4>3.688000E-01</x4><x5>5.262595E-02</x5><x6>3.538872E+01</x6></dataPoint>
        <dataPoint><x4>3.758000E-01</x4><x5>5.304527E-02</x5><x6>3.501065E+01</x6></dataPoint>
        <dataPoint><x4>3.828000E-01</x4><x5>5.339223E-02</x5><x6>3.470303E+01</x6></dataPoint>
        <dataPoint><x4>3.898000E-01</x4><x5>5.367846E-02</x5><x6>3.445275E+01</x6></dataPoint>
        <dataPoint><x4>3.968000E-01</x4><x5>5.391400E-02</x5><x6>3.424911E+01</x6></dataPoint>
        <dataPoint><x4>4.038000E-01</x4><x5>5.410742E-02</x5><x6>3.408343E+01</x6></dataPoint>
        <dataPoint><x4>4.108000E-01</x4><x5>5.426600E-02</x5><x6>3.394862E+01</x6></dataPoint>
        <dataPoint><x4>4.178000E-01</x4><x5>5.439582E-02</x5><x6>3.383893E+01</x6></dataPoint>
        <dataPoint><x4>4.248000E-01</x4><x5>5.450198E-02</x5><x6>3.374969E+01</x6></dataPoint>
        <dataPoint><x4>4.318000E-01</x4><x5>5.458872E-02</x5><x6>3.367708E+01</x6></dataPoint>
    </dataGroup>
    <dataGroup id="dg2" label="V-t history" dataPointLink="12">
        <property name="time"      id="x4"   label="t"            sourcetype="calculated"  units="s"   />
        <property name="volume"    id="x5"   label="V"            sourcetype="calculated"  units="cm3" />
        <property name="pressure"  id="x6"   label="p"            sourcetype="estimated"   units="bar"  kind="reactive" />

        <dataPoint><x4>0.000000E+00</x4><x5>1.000000E+00</x5><x6>5.300000E-01</x6></dataPoint>
        <dataPoint><x4>1.374000E-01</x4><x5>1.000000E+00</x5><x6>5.300000E-01</x6></dataPoint>
        <dataPoint><x4>2.906000E-01</x4><x5>7.923625E-01</x5><x6>7.449910E-01</x6></dataPoint>
        <dataPoint><x4>3.037999E-01</x4><x5>6.033148E-01</x5><x6>1.108085E+00</x6></dataPoint>
        <dataPoint><x4>3.108000E-01</x4><x5>4.871652E-01</x5><x6>1.510701E+00</x6></dataPoint>
        <dataPoint><x4>3.159340E-01</x4><x5>3.911010E-01</x5><x6>2.073773E+00</x6></dataPoint>
        <dataPoint><x4>3.197858E-01</x4><x5>3.190970E-01</x5><x6>2.776817E+00</x6></dataPoint>
        <dataPoint><x4>3.227774E-01</x4><x5>2.570716E-01</x5><x6>3.779735E+00</x6></dataPoint>
        <dataPoint><x4>3.246801E-01</x4><x5>2.214098E-01</x5><x6>4.671925E+00</x6></dataPoint>
        <dataPoint><x4>3.255279E-01</x4><x5>2.060568E-01</x5><x6>5.171715E+00</x6></dataPoint>
        <dataPoint><x4>3.271663E-01</x4><x5>1.785283E-01</x5><x6>6.330179E+00</x6></dataPoint>
        <dataPoint><x4>3.288894E-01</x4><x5>1.455590E-01</x5><x6>8.427317E+00</x6></dataPoint>
        <dataPoint><x4>3.302330E-01</x4><x5>1.209384E-01</x5><x6>1.090818E+01</x6></dataPoint>
        <dataPoint><x4>3.310022E-01</x4><x5>1.078628E-01</x5><x6>1.278213E+01</x6></dataPoint>
        <dataPoint><x4>3.314279E-01</x4><x5>1.000962E-01</x5><x6>1.417188E+01</x6></dataPoint>
        <dataPoint><x4>3.316005E-01</x4><x5>9.741764E-02</x5><x6>1.471195E+01</x6></dataPoint>
        <dataPoint><x4>3.318005E-01</x4><x5>9.322167E-02</x5><x6>1.563160E+01</x6></dataPoint>
        <dataPoint><x4>3.319979E-01</x4><x5>9.061170E-02</x5><x6>1.625428E+01</x6></dataPoint>
        <dataPoint><x4>3.323894E-01</x4><x5>8.358363E-02</x5><x6>1.815993E+01</x6></dataPoint>
        <dataPoint><x4>3.325897E-01</x4><x5>8.022294E-02</x5><x6>1.921053E+01</x6></dataPoint>
        <dataPoint><x4>3.329962E-01</x4><x5>7.372343E-02</x5><x6>2.156386E+01</x6></dataPoint>
        <dataPoint><x4>3.341291E-01</x4><x5>5.887921E-02</x5><x6>2.928619E+01</x6></dataPoint>
        <dataPoint><x4>3.364752E-01</x4><x5>4.739194E-02</x5><x6>3.928545E+01</x6></dataPoint>
        <dataPoint><x4>3.372000E-01</x4><x5>4.669403E-02</x5><x6>4.008000E+01</x6></dataPoint>
        <dataPoint><x4>3.442000E-01</x4><x5>4.786751E-02</x5><x6>3.875943E+01</x6></dataPoint>
        <dataPoint><x4>3.512000E-01</x4><x5>4.886079E-02</x5><x6>3.769912E+01</x6></dataPoint>
        <dataPoint><x4>3.582000E-01</x4><x5>4.970517E-02</x5><x6>3.683642E+01</x6></dataPoint>
        <dataPoint><x4>3.652000E-01</x4><x5>5.041774E-02</x5><x6>3.613450E+01</x6></dataPoint>
        <dataPoint><x4>3.722000E-01</x4><x5>5.101534E-02</x5><x6>3.556339E+01</x6></dataPoint>
        <dataPoint><x4>3.792000E-01</x4><x5>5.151389E-02</x5><x6>3.509872E+01</x6></dataPoint>
        <dataPoint><x4>3.862000E-01</x4><x5>5.192799E-02</x5><x6>3.472065E+01</x6></dataPoint>
        <dataPoint><x4>3.932000E-01</x4><x5>5.227069E-02</x5><x6>3.441303E+01</x6></dataPoint>
        <dataPoint><x4>4.002000E-01</x4><x5>5.255343E-02</x5><x6>3.416275E+01</x6></dataPoint>
        <dataPoint><x4>4.072000E-01</x4><x5>5.278612E-02</x5><x6>3.395911E+01</x6></dataPoint>
        <dataPoint><x4>4.142000E-01</x4><x5>5.297723E-02</x5><x6>3.379343E+01</x6></dataPoint>
        <dataPoint><x4>4.212000E-01</x4><x5>5.313391E-02</x5><x6>3.365862E+01</x6></dataPoint>
        <dataPoint><x4>4.282000E-01</x4><x5>5.326220E-02</x5><x6>3.354893E+01</x6></dataPoint>
        <dataPoint><x4>4.352000E-01</x4><x5>5.336710E-02</x5><x6>3.345969E+01</x6></dataPoint>
        <dataPoint><x4>4.422000E-01</x4><x5>5.345282E-02</x5><x6>3.338708E+01</x6></dataPoint>
    </dataGroup>
</experiment>
