<experiment>
    <fileAuthor>Chemical Kinetics Laboratory, Institute of Chemistry, ELTE, Budapest, Hungary</fileAuthor>
    <fileDOI>10.24388/x40004023</fileDOI>
    <fileVersion>
        <major>2</major>
        <minor>3</minor>
    </fileVersion>
    <ReSpecThVersion>
        <major>2</major>
        <minor>3</minor>
    </ReSpecThVersion>
    <firstPublicationDate>2020-09-08</firstPublicationDate>
    <lastModificationDate>2020-11-18</lastModificationDate>
    <bibliographyLink>
        <description>A. Ramalingam, K. Zhang, A. Dhongde, L. Virnich, H. Sankhla, H. Curran, A. Heufer, Fuel 206 (2017) 325–333.</description>
        <referenceDOI>10.1016/j.fuel.2017.06.005</referenceDOI>
        <location>Main Article + Supplementary</location>
        <table>Table 1, Table S4, Table S8</table>
        <figure>Fig. 9, No. 4, Pc = 125 bar, phi = 0.526</figure>
        <details>
            <author>A. Ramalingam, K. Zhang, A. Dhongde, L. Virnich, H. Sankhla, H. Curran, A. Heufer</author>
            <journal>Fuel</journal>
            <pages>325–-333</pages>
            <title>An RCM experimental and modeling study on CH4 and CH4/C2H6 oxidation at pressures up to 160 bar</title>
            <volume>206</volume>
            <year>2017</year>
        </details>
    </bibliographyLink>
    <experimentType>ignition delay measurement</experimentType>
    <apparatus>
        <kind>rapid compression machine</kind>
    </apparatus>
    <commonProperties>
        <property name="initial composition"           sourcetype="calculated" >
            <component><speciesLink preferredKey="CH4"  CAS="74-82-8"    InChI="1S/CH4/h1H4"  SMILES="C"     chemName="methane"  /><amount units="mole fraction" >0.052370</amount></component>
            <component><speciesLink preferredKey="O2"   CAS="7782-44-7"  InChI="1S/O2/c1-2"   SMILES="O=O"   chemName="oxygen"   /><amount units="mole fraction" >0.199005</amount></component>
            <component><speciesLink preferredKey="N2"   CAS="7727-37-9"  InChI="1S/N2/c1-2"   SMILES="N#N"   chemName="nitrogen" /><amount units="mole fraction" >0.329406</amount></component>
            <component><speciesLink preferredKey="Ar"   CAS="7440-37-1"  InChI="1S/Ar"        SMILES="[Ar]"  chemName="argon"    /><amount units="mole fraction" >0.419220</amount></component>
        </property>
        <property name="evaluated standard deviation"  sourcetype="estimated"   units="unitless"       reference="ignition delay"  kind="relative"  method="statistical scatter" ><value>0.109</value></property>
    </commonProperties>
    <dataGroup id="dg1" label="measured data">
        <property name="pressure"        id="x1"   label="P"              sourcetype="reported"  units="atm" />
        <property name="temperature"     id="x2"   label="T"              sourcetype="reported"  units="K"   />
        <property name="ignition delay"  id="x3"   label="tau"            sourcetype="reported"  units="ms"  />

        <dataPoint><x1>3.277</x1><x2>295.80</x2><x3>45.22</x3></dataPoint>
        <dataPoint><x1>3.277</x1><x2>295.80</x2><x3>44.51</x3></dataPoint>
    </dataGroup>
    <ignitionType target="p;" type="d/dt max"/>
    <dataGroup id="dg2" label="V-t history" dataPointLink="all">
        <property name="time"    id="x4"   label="t"            sourcetype="calculated"  units="s"   />
        <property name="volume"  id="x5"   label="V"            sourcetype="calculated"  units="cm3" />

        <dataPoint><x4>0.000000E+00</x4><x5>1.000000E+00</x5></dataPoint>
        <dataPoint><x4>3.235110E-03</x4><x5>8.340014E-01</x5></dataPoint>
        <dataPoint><x4>5.271500E-03</x4><x5>6.868348E-01</x5></dataPoint>
        <dataPoint><x4>7.745740E-03</x4><x5>4.929853E-01</x5></dataPoint>
        <dataPoint><x4>9.225910E-03</x4><x5>3.824713E-01</x5></dataPoint>
        <dataPoint><x4>1.019620E-02</x4><x5>3.078679E-01</x5></dataPoint>
        <dataPoint><x4>1.138115E-02</x4><x5>2.244334E-01</x5></dataPoint>
        <dataPoint><x4>1.215635E-02</x4><x5>1.713834E-01</x5></dataPoint>
        <dataPoint><x4>1.259566E-02</x4><x5>1.424349E-01</x5></dataPoint>
        <dataPoint><x4>1.331048E-02</x4><x5>1.057078E-01</x5></dataPoint>
        <dataPoint><x4>1.391037E-02</x4><x5>9.075488E-02</x5></dataPoint>
        <dataPoint><x4>1.471739E-02</x4><x5>8.245287E-02</x5></dataPoint>
        <dataPoint><x4>1.614380E-02</x4><x5>7.921030E-02</x5></dataPoint>
        <dataPoint><x4>2.000800E-02</x4><x5>8.138279E-02</x5></dataPoint>
        <dataPoint><x4>2.333351E-02</x4><x5>8.277416E-02</x5></dataPoint>
        <dataPoint><x4>3.019413E-02</x4><x5>8.481688E-02</x5></dataPoint>
        <dataPoint><x4>3.585752E-02</x4><x5>8.609214E-02</x5></dataPoint>
        <dataPoint><x4>4.406352E-02</x4><x5>8.761449E-02</x5></dataPoint>
        <dataPoint><x4>5.594572E-02</x4><x5>8.934742E-02</x5></dataPoint>
        <dataPoint><x4>7.025522E-02</x4><x5>9.103483E-02</x5></dataPoint>
        <dataPoint><x4>8.860302E-02</x4><x5>9.283674E-02</x5></dataPoint>
        <dataPoint><x4>1.092821E-01</x4><x5>9.459923E-02</x5></dataPoint>
        <dataPoint><x4>1.298989E-01</x4><x5>9.616137E-02</x5></dataPoint>
        <dataPoint><x4>1.495292E-01</x4><x5>9.753998E-02</x5></dataPoint>
        <dataPoint><x4>1.709849E-01</x4><x5>9.895619E-02</x5></dataPoint>
        <dataPoint><x4>1.764600E-01</x4><x5>9.929735E-02</x5></dataPoint>
    </dataGroup>
</experiment>
