<experiment>
    <fileAuthor>Chemical Kinetics Laboratory, Institute of Chemistry, ELTE, Budapest, Hungary</fileAuthor>
    <fileDOI>10.24388/x40004001</fileDOI>
    <fileVersion>
        <major>2</major>
        <minor>3</minor>
    </fileVersion>
    <ReSpecThVersion>
        <major>2</major>
        <minor>3</minor>
    </ReSpecThVersion>
    <firstPublicationDate>2020-09-08</firstPublicationDate>
    <lastModificationDate>2020-11-18</lastModificationDate>
    <bibliographyLink>
        <description>Y. Yu, Cinétique D'Auto-Inflammation de Carburants Gazeux a Haute Pression: Etude Experimentale et de Modelisation, PhD Thesis, 2012</description>
        <location>Main Article + Personal Communication</location>
        <table>Annexes, I, 1.1.2</table>
        <figure>Chapter IV, Figure 23, phi = 0.7 (left figure), Page 114</figure>
        <details>
            <author>Y, Yu</author>
            <month>12</month>
            <school>Université Lille 1</school>
            <title>Cinétique d'auto-inflammation de carburants gazeux a haute pression: etude experimentale et de modelisation</title>
            <year>2012</year>
        </details>
    </bibliographyLink>
    <experimentType>ignition delay measurement</experimentType>
    <apparatus>
        <kind>rapid compression machine</kind>
    </apparatus>
    <commonProperties>
        <property name="initial composition"           sourcetype="calculated" >
            <component><speciesLink preferredKey="CH4"  CAS="74-82-8"    InChI="1S/CH4/h1H4"  SMILES="C"     chemName="methane"  /><amount units="mole fraction" >0.06847</amount></component>
            <component><speciesLink preferredKey="O2"   CAS="7782-44-7"  InChI="1S/O2/c1-2"   SMILES="O=O"   chemName="oxygen"   /><amount units="mole fraction" >0.19561</amount></component>
            <component><speciesLink preferredKey="N2"   CAS="7727-37-9"  InChI="1S/N2/c1-2"   SMILES="N#N"   chemName="nitrogen" /><amount units="mole fraction" >0</amount></component>
            <component><speciesLink preferredKey="Ar"   CAS="7440-37-1"  InChI="1S/Ar"        SMILES="[Ar]"  chemName="argon"    /><amount units="mole fraction" >0.73592</amount></component>
        </property>
        <property name="evaluated standard deviation"  sourcetype="estimated"   units="unitless"       reference="ignition delay"  kind="relative"  method="generic uncertainty" ><value>0.1</value></property>
    </commonProperties>
    <dataGroup id="dg1" label="measured data">
        <property name="pressure"        id="x1"   label="P"              sourcetype="reported"  units="Torr" />
        <property name="temperature"     id="x2"   label="T"              sourcetype="reported"  units="K"    />
        <property name="ignition delay"  id="x3"   label="tau"            sourcetype="reported"  units="ms"   />

        <dataPoint><x1>800</x1><x2>363.35</x2> <x3>21.31</x3></dataPoint>
        <dataPoint><x1>800</x1><x2>362.85</x2> <x3>21.56</x3></dataPoint>
        <dataPoint><x1>800</x1><x2>362.65</x2> <x3>21.08</x3></dataPoint>
        <dataPoint><x1>750</x1><x2>362.65</x2> <x3>24.28</x3></dataPoint>
        <dataPoint><x1>750</x1><x2>362.75</x2> <x3>23.56</x3></dataPoint>
        <dataPoint><x1>750</x1><x2>362.95</x2> <x3>23.00</x3></dataPoint>
        <dataPoint><x1>750</x1><x2>363.25</x2> <x3>22.68</x3></dataPoint>
        <dataPoint><x1>700</x1><x2>363.35</x2> <x3>26.36</x3></dataPoint>
        <dataPoint><x1>700</x1><x2>363.55</x2> <x3>26.17</x3></dataPoint>
        <dataPoint><x1>700</x1><x2>363.75</x2> <x3>25.52</x3></dataPoint>
        <dataPoint><x1>650</x1><x2>363.95</x2> <x3>30.68</x3></dataPoint>
        <dataPoint><x1>650</x1><x2>364.25</x2> <x3>30.82</x3></dataPoint>
        <dataPoint><x1>650</x1><x2>364.45</x2> <x3>30.18</x3></dataPoint>
        <dataPoint><x1>600</x1><x2>364.55</x2> <x3>36.61</x3></dataPoint>
        <dataPoint><x1>600</x1><x2>364.75</x2> <x3>36.20</x3></dataPoint>
        <dataPoint><x1>600</x1><x2>364.85</x2> <x3>36.60</x3></dataPoint>
        <dataPoint><x1>550</x1><x2>364.55</x2> <x3>48.98</x3></dataPoint>
        <dataPoint><x1>550</x1><x2>363.75</x2> <x3>52.52</x3></dataPoint>
        <dataPoint><x1>550</x1><x2>363.05</x2> <x3>52.80</x3></dataPoint>
        <dataPoint><x1>550</x1><x2>362.65</x2> <x3>52.27</x3></dataPoint>
        <dataPoint><x1>500</x1><x2>362.55</x2> <x3>65.93</x3></dataPoint>
        <dataPoint><x1>500</x1><x2>362.65</x2> <x3>64.60</x3></dataPoint>
        <dataPoint><x1>500</x1><x2>362.75</x2> <x3>63.10</x3></dataPoint>
        <dataPoint><x1>500</x1><x2>362.85</x2> <x3>62.12</x3></dataPoint>
        <dataPoint><x1>500</x1><x2>363.05</x2> <x3>60.98</x3></dataPoint>
        <dataPoint><x1>500</x1><x2>363.25</x2> <x3>60.46</x3></dataPoint>
        <dataPoint><x1>500</x1><x2>363.45</x2> <x3>59.30</x3></dataPoint>
        <dataPoint><x1>500</x1><x2>363.65</x2> <x3>58.64</x3></dataPoint>
        <dataPoint><x1>500</x1><x2>363.85</x2> <x3>58.24</x3></dataPoint>
        <dataPoint><x1>500</x1><x2>363.96</x2> <x3>57.76</x3></dataPoint>
        <dataPoint><x1>500</x1><x2>364.15</x2> <x3>57.40</x3></dataPoint>
        <dataPoint><x1>500</x1><x2>364.45</x2> <x3>56.80</x3></dataPoint>
        <dataPoint><x1>500</x1><x2>364.55</x2> <x3>56.70</x3></dataPoint>
        <dataPoint><x1>500</x1><x2>364.65</x2> <x3>59.68</x3></dataPoint>
        <dataPoint><x1>500</x1><x2>364.05</x2> <x3>65.80</x3></dataPoint>
        <dataPoint><x1>450</x1><x2>363.25</x2> <x3>92.69</x3></dataPoint>
        <dataPoint><x1>450</x1><x2>362.85</x2> <x3>92.14</x3></dataPoint>
        <dataPoint><x1>450</x1><x2>362.65</x2> <x3>90.50</x3></dataPoint>
        <dataPoint><x1>450</x1><x2>362.45</x2> <x3>88.08</x3></dataPoint>
        <dataPoint><x1>450</x1><x2>362.55</x2> <x3>86.40</x3></dataPoint>
        <dataPoint><x1>450</x1><x2>362.75</x2> <x3>84.80</x3></dataPoint>
        <dataPoint><x1>450</x1><x2>362.85</x2> <x3>83.28</x3></dataPoint>
        <dataPoint><x1>450</x1><x2>363.05</x2> <x3>81.18</x3></dataPoint>
        <dataPoint><x1>450</x1><x2>363.25</x2> <x3>79.80</x3></dataPoint>
        <dataPoint><x1>450</x1><x2>363.45</x2> <x3>78.78</x3></dataPoint>
        <dataPoint><x1>450</x1><x2>363.75</x2> <x3>77.60</x3></dataPoint>
        <dataPoint><x1>450</x1><x2>364.05</x2> <x3>76.28</x3></dataPoint>
        <dataPoint><x1>450</x1><x2>364.25</x2> <x3>76.28</x3></dataPoint>
        <dataPoint><x1>450</x1><x2>364.55</x2> <x3>74.98</x3></dataPoint>
        <dataPoint><x1>400</x1><x2>364.85</x2><x3>107.50</x3></dataPoint>
        <dataPoint><x1>400</x1><x2>364.45</x2><x3>121.60</x3></dataPoint>
        <dataPoint><x1>400</x1><x2>363.46</x2><x3>137.60</x3></dataPoint>
        <dataPoint><x1>400</x1><x2>362.85</x2><x3>140.36</x3></dataPoint>
        <dataPoint><x1>400</x1><x2>362.45</x2><x3>138.28</x3></dataPoint>
        <dataPoint><x1>400</x1><x2>362.35</x2><x3>133.76</x3></dataPoint>
        <dataPoint><x1>400</x1><x2>362.45</x2><x3>129.40</x3></dataPoint>
        <dataPoint><x1>400</x1><x2>362.45</x2><x3>123.50</x3></dataPoint>
    </dataGroup>
    <ignitionType target="p;" type="d/dt max"/>
    <dataGroup id="dg2" label="V-t history" dataPointLink="1;2;3">
        <property name="time"      id="x4"   label="t"            sourcetype="calculated"  units="ms"  />
        <property name="volume"    id="x5"   label="V"            sourcetype="calculated"  units="cm3" />
        <property name="pressure"  id="x6"   label="p"            sourcetype="calculated"  units="bar"  kind="nonreactive" />

        <dataPoint><x4>0.000000E+00</x4><x5>1.000000E+00</x5><x6>1.066576E+00</x6></dataPoint>
        <dataPoint><x4>1.800000E+01</x4><x5>8.920556E-01</x5><x6>1.270950E+00</x6></dataPoint>
        <dataPoint><x4>2.400000E+01</x4><x5>8.321628E-01</x5><x6>1.413674E+00</x6></dataPoint>
        <dataPoint><x4>3.000000E+01</x4><x5>7.730043E-01</x5><x6>1.582349E+00</x6></dataPoint>
        <dataPoint><x4>3.600000E+01</x4><x5>6.997360E-01</x5><x6>1.841848E+00</x6></dataPoint>
        <dataPoint><x4>4.200000E+01</x4><x5>6.109808E-01</x5><x6>2.263535E+00</x6></dataPoint>
        <dataPoint><x4>4.800000E+01</x4><x5>5.068172E-01</x5><x6>3.003108E+00</x6></dataPoint>
        <dataPoint><x4>5.300000E+01</x4><x5>4.142169E-01</x5><x6>4.067055E+00</x6></dataPoint>
        <dataPoint><x4>5.800000E+01</x4><x5>3.140056E-01</x5><x6>6.146293E+00</x6></dataPoint>
        <dataPoint><x4>6.300000E+01</x4><x5>2.178474E-01</x5><x6>1.053508E+01</x6></dataPoint>
        <dataPoint><x4>6.800000E+01</x4><x5>1.400284E-01</x5><x6>2.002627E+01</x6></dataPoint>
        <dataPoint><x4>7.124000E+01</x4><x5>1.285132E-01</x5><x6>2.266344E+01</x6></dataPoint>
        <dataPoint><x4>7.152000E+01</x4><x5>1.287052E-01</x5><x6>2.261478E+01</x6></dataPoint>
        <dataPoint><x4>7.452000E+01</x4><x5>1.320097E-01</x5><x6>2.180384E+01</x6></dataPoint>
        <dataPoint><x4>7.952000E+01</x4><x5>1.351649E-01</x5><x6>2.107400E+01</x6></dataPoint>
        <dataPoint><x4>8.652000E+01</x4><x5>1.379753E-01</x5><x6>2.045769E+01</x6></dataPoint>
        <dataPoint><x4>9.552000E+01</x4><x5>1.405176E-01</x5><x6>1.992571E+01</x6></dataPoint>
        <dataPoint><x4>1.065200E+02</x4><x5>1.427959E-01</x5><x6>1.946835E+01</x6></dataPoint>
        <dataPoint><x4>1.195200E+02</x4><x5>1.447724E-01</x5><x6>1.908558E+01</x6></dataPoint>
        <dataPoint><x4>1.345200E+02</x4><x5>1.467460E-01</x5><x6>1.871580E+01</x6></dataPoint>
        <dataPoint><x4>1.515200E+02</x4><x5>1.487494E-01</x5><x6>1.835250E+01</x6></dataPoint>
        <dataPoint><x4>1.705200E+02</x4><x5>1.508014E-01</x5><x6>1.799244E+01</x6></dataPoint>
        <dataPoint><x4>1.915200E+02</x4><x5>1.530010E-01</x5><x6>1.761941E+01</x6></dataPoint>
        <dataPoint><x4>2.145200E+02</x4><x5>1.551790E-01</x5><x6>1.726260E+01</x6></dataPoint>
        <dataPoint><x4>2.395200E+02</x4><x5>1.573917E-01</x5><x6>1.691228E+01</x6></dataPoint>
        <dataPoint><x4>2.665200E+02</x4><x5>1.595098E-01</x5><x6>1.658790E+01</x6></dataPoint>
        <dataPoint><x4>2.955200E+02</x4><x5>1.618319E-01</x5><x6>1.624406E+01</x6></dataPoint>
        <dataPoint><x4>3.265200E+02</x4><x5>1.642836E-01</x5><x6>1.589374E+01</x6></dataPoint>
        <dataPoint><x4>3.595200E+02</x4><x5>1.668271E-01</x5><x6>1.554341E+01</x6></dataPoint>
        <dataPoint><x4>3.945200E+02</x4><x5>1.693683E-01</x5><x6>1.520607E+01</x6></dataPoint>
        <dataPoint><x4>4.315200E+02</x4><x5>1.720829E-01</x5><x6>1.485898E+01</x6></dataPoint>
        <dataPoint><x4>4.705200E+02</x4><x5>1.748245E-01</x5><x6>1.452164E+01</x6></dataPoint>
        <dataPoint><x4>5.115200E+02</x4><x5>1.777023E-01</x5><x6>1.418104E+01</x6></dataPoint>
        <dataPoint><x4>5.545200E+02</x4><x5>1.805520E-01</x5><x6>1.385667E+01</x6></dataPoint>
        <dataPoint><x4>5.995200E+02</x4><x5>1.833943E-01</x5><x6>1.354527E+01</x6></dataPoint>
        <dataPoint><x4>6.465200E+02</x4><x5>1.861594E-01</x5><x6>1.325333E+01</x6></dataPoint>
        <dataPoint><x4>6.955200E+02</x4><x5>1.889628E-01</x5><x6>1.296788E+01</x6></dataPoint>
        <dataPoint><x4>7.465200E+02</x4><x5>1.917363E-01</x5><x6>1.269541E+01</x6></dataPoint>
        <dataPoint><x4>7.995200E+02</x4><x5>1.944713E-01</x5><x6>1.243591E+01</x6></dataPoint>
        <dataPoint><x4>8.545200E+02</x4><x5>1.970870E-01</x5><x6>1.219587E+01</x6></dataPoint>
        <dataPoint><x4>9.115200E+02</x4><x5>1.996783E-01</x5><x6>1.196557E+01</x6></dataPoint>
        <dataPoint><x4>9.705200E+02</x4><x5>2.022008E-01</x5><x6>1.174823E+01</x6></dataPoint>
        <dataPoint><x4>1.031520E+03</x4><x5>2.047627E-01</x5><x6>1.153415E+01</x6></dataPoint>
        <dataPoint><x4>1.094520E+03</x4><x5>2.072422E-01</x5><x6>1.133304E+01</x6></dataPoint>
        <dataPoint><x4>1.159520E+03</x4><x5>2.097123E-01</x5><x6>1.113841E+01</x6></dataPoint>
        <dataPoint><x4>1.226520E+03</x4><x5>2.119546E-01</x5><x6>1.096649E+01</x6></dataPoint>
        <dataPoint><x4>1.295520E+03</x4><x5>2.141241E-01</x5><x6>1.080431E+01</x6></dataPoint>
        <dataPoint><x4>1.366520E+03</x4><x5>2.162133E-01</x5><x6>1.065185E+01</x6></dataPoint>
        <dataPoint><x4>1.439520E+03</x4><x5>2.181687E-01</x5><x6>1.051237E+01</x6></dataPoint>
        <dataPoint><x4>1.514520E+03</x4><x5>2.199797E-01</x5><x6>1.038586E+01</x6></dataPoint>
        <dataPoint><x4>1.591520E+03</x4><x5>2.216842E-01</x5><x6>1.026909E+01</x6></dataPoint>
        <dataPoint><x4>1.670520E+03</x4><x5>2.234211E-01</x5><x6>1.015231E+01</x6></dataPoint>
        <dataPoint><x4>1.751520E+03</x4><x5>2.247952E-01</x5><x6>1.006149E+01</x6></dataPoint>
        <dataPoint><x4>1.834520E+03</x4><x5>2.262904E-01</x5><x6>9.964176E+00</x6></dataPoint>
    </dataGroup>
    <dataGroup id="dg2" label="V-t history" dataPointLink="4;5;6;7">
        <property name="time"      id="x4"   label="t"            sourcetype="calculated"  units="ms"  />
        <property name="volume"    id="x5"   label="V"            sourcetype="calculated"  units="cm3" />
        <property name="pressure"  id="x6"   label="p"            sourcetype="estimated"   units="bar"  kind="nonreactive" />

        <dataPoint><x4>0.000000E+00</x4><x5>1.000000E+00</x5><x6>9.999150E-01</x6></dataPoint>
        <dataPoint><x4>7.000000E+00</x4><x5>8.661892E-01</x5><x6>1.246457E+00</x6></dataPoint>
        <dataPoint><x4>1.300000E+01</x4><x5>8.312465E-01</x5><x6>1.327551E+00</x6></dataPoint>
        <dataPoint><x4>1.900000E+01</x4><x5>7.764100E-01</x5><x6>1.473519E+00</x6></dataPoint>
        <dataPoint><x4>2.500000E+01</x4><x5>7.032611E-01</x5><x6>1.713556E+00</x6></dataPoint>
        <dataPoint><x4>3.100000E+01</x4><x5>6.165416E-01</x5><x6>2.093074E+00</x6></dataPoint>
        <dataPoint><x4>3.700000E+01</x4><x5>5.165998E-01</x5><x6>2.735335E+00</x6></dataPoint>
        <dataPoint><x4>4.200000E+01</x4><x5>4.224508E-01</x5><x6>3.701969E+00</x6></dataPoint>
        <dataPoint><x4>4.700000E+01</x4><x5>3.222557E-01</x5><x6>5.544415E+00</x6></dataPoint>
        <dataPoint><x4>5.200000E+01</x4><x5>2.239856E-01</x5><x6>9.482317E+00</x6></dataPoint>
        <dataPoint><x4>5.700000E+01</x4><x5>1.411524E-01</x5><x6>1.855831E+01</x6></dataPoint>
        <dataPoint><x4>6.032000E+01</x4><x5>1.286845E-01</x5><x6>2.120521E+01</x6></dataPoint>
        <dataPoint><x4>6.084000E+01</x4><x5>1.290342E-01</x5><x6>2.112249E+01</x6></dataPoint>
        <dataPoint><x4>6.384000E+01</x4><x5>1.324422E-01</x5><x6>2.034399E+01</x6></dataPoint>
        <dataPoint><x4>6.884000E+01</x4><x5>1.352219E-01</x5><x6>1.974390E+01</x6></dataPoint>
        <dataPoint><x4>7.584000E+01</x4><x5>1.383256E-01</x5><x6>1.910813E+01</x6></dataPoint>
        <dataPoint><x4>8.484000E+01</x4><x5>1.409477E-01</x5><x6>1.859724E+01</x6></dataPoint>
        <dataPoint><x4>9.584000E+01</x4><x5>1.432487E-01</x5><x6>1.816744E+01</x6></dataPoint>
        <dataPoint><x4>1.088400E+02</x4><x5>1.452842E-01</x5><x6>1.780090E+01</x6></dataPoint>
        <dataPoint><x4>1.238400E+02</x4><x5>1.472395E-01</x5><x6>1.746030E+01</x6></dataPoint>
        <dataPoint><x4>1.408400E+02</x4><x5>1.492595E-01</x5><x6>1.711971E+01</x6></dataPoint>
        <dataPoint><x4>1.598400E+02</x4><x5>1.513175E-01</x5><x6>1.678398E+01</x6></dataPoint>
        <dataPoint><x4>1.808400E+02</x4><x5>1.535500E-01</x5><x6>1.643204E+01</x6></dataPoint>
        <dataPoint><x4>2.038400E+02</x4><x5>1.557337E-01</x5><x6>1.609955E+01</x6></dataPoint>
        <dataPoint><x4>2.288400E+02</x4><x5>1.579379E-01</x5><x6>1.577518E+01</x6></dataPoint>
        <dataPoint><x4>2.558400E+02</x4><x5>1.601379E-01</x5><x6>1.546216E+01</x6></dataPoint>
        <dataPoint><x4>2.848400E+02</x4><x5>1.624735E-01</x5><x6>1.514103E+01</x6></dataPoint>
        <dataPoint><x4>3.158400E+02</x4><x5>1.649305E-01</x5><x6>1.481503E+01</x6></dataPoint>
        <dataPoint><x4>3.488400E+02</x4><x5>1.674793E-01</x5><x6>1.448903E+01</x6></dataPoint>
        <dataPoint><x4>3.838400E+02</x4><x5>1.700987E-01</x5><x6>1.416628E+01</x6></dataPoint>
        <dataPoint><x4>4.208400E+02</x4><x5>1.728474E-01</x5><x6>1.384029E+01</x6></dataPoint>
        <dataPoint><x4>4.598400E+02</x4><x5>1.755901E-01</x5><x6>1.352726E+01</x6></dataPoint>
        <dataPoint><x4>5.008400E+02</x4><x5>1.785160E-01</x5><x6>1.320613E+01</x6></dataPoint>
        <dataPoint><x4>5.438400E+02</x4><x5>1.813588E-01</x5><x6>1.290609E+01</x6></dataPoint>
        <dataPoint><x4>5.888400E+02</x4><x5>1.841674E-01</x5><x6>1.262064E+01</x6></dataPoint>
        <dataPoint><x4>6.358400E+02</x4><x5>1.870330E-01</x5><x6>1.234005E+01</x6></dataPoint>
        <dataPoint><x4>6.848400E+02</x4><x5>1.897640E-01</x5><x6>1.208218E+01</x6></dataPoint>
        <dataPoint><x4>7.358400E+02</x4><x5>1.925032E-01</x5><x6>1.183241E+01</x6></dataPoint>
        <dataPoint><x4>7.888400E+02</x4><x5>1.951528E-01</x5><x6>1.159886E+01</x6></dataPoint>
        <dataPoint><x4>8.438400E+02</x4><x5>1.978734E-01</x5><x6>1.136693E+01</x6></dataPoint>
        <dataPoint><x4>9.008400E+02</x4><x5>2.004678E-01</x5><x6>1.115284E+01</x6></dataPoint>
        <dataPoint><x4>9.598400E+02</x4><x5>2.029609E-01</x5><x6>1.095335E+01</x6></dataPoint>
        <dataPoint><x4>1.020840E+03</x4><x5>2.054882E-01</x5><x6>1.075711E+01</x6></dataPoint>
        <dataPoint><x4>1.083840E+03</x4><x5>2.080276E-01</x5><x6>1.056573E+01</x6></dataPoint>
        <dataPoint><x4>1.148840E+03</x4><x5>2.103748E-01</x5><x6>1.039381E+01</x6></dataPoint>
        <dataPoint><x4>1.215840E+03</x4><x5>2.126030E-01</x5><x6>1.023486E+01</x6></dataPoint>
        <dataPoint><x4>1.284840E+03</x4><x5>2.147712E-01</x5><x6>1.008403E+01</x6></dataPoint>
        <dataPoint><x4>1.355840E+03</x4><x5>2.168246E-01</x5><x6>9.944550E+00</x6></dataPoint>
        <dataPoint><x4>1.428840E+03</x4><x5>2.187041E-01</x5><x6>9.819665E+00</x6></dataPoint>
        <dataPoint><x4>1.503840E+03</x4><x5>2.204978E-01</x5><x6>9.702891E+00</x6></dataPoint>
        <dataPoint><x4>1.580840E+03</x4><x5>2.220714E-01</x5><x6>9.602335E+00</x6></dataPoint>
        <dataPoint><x4>1.659840E+03</x4><x5>2.237506E-01</x5><x6>9.496913E+00</x6></dataPoint>
        <dataPoint><x4>1.740840E+03</x4><x5>2.250900E-01</x5><x6>9.414198E+00</x6></dataPoint>
        <dataPoint><x4>1.823840E+03</x4><x5>2.264759E-01</x5><x6>9.329860E+00</x6></dataPoint>
    </dataGroup>
    <dataGroup id="dg2" label="V-t history" dataPointLink="8;9;10">
        <property name="time"      id="x4"   label="t"            sourcetype="calculated"  units="ms"  />
        <property name="volume"    id="x5"   label="V"            sourcetype="calculated"  units="cm3" />
        <property name="pressure"  id="x6"   label="p"            sourcetype="calculated"  units="bar"  kind="nonreactive" />

        <dataPoint><x4>0.000000E+00</x4><x5>1.000000E+00</x5><x6>9.332540E-01</x6></dataPoint>
        <dataPoint><x4>6.000000E+00</x4><x5>8.888741E-01</x5><x6>1.118165E+00</x6></dataPoint>
        <dataPoint><x4>1.200000E+01</x4><x5>8.231738E-01</x5><x6>1.257646E+00</x6></dataPoint>
        <dataPoint><x4>1.800000E+01</x4><x5>7.649325E-01</x5><x6>1.406858E+00</x6></dataPoint>
        <dataPoint><x4>2.400000E+01</x4><x5>6.889333E-01</x5><x6>1.650139E+00</x6></dataPoint>
        <dataPoint><x4>3.000000E+01</x4><x5>6.017980E-01</x5><x6>2.026413E+00</x6></dataPoint>
        <dataPoint><x4>3.500000E+01</x4><x5>5.149717E-01</x5><x6>2.564874E+00</x6></dataPoint>
        <dataPoint><x4>4.000000E+01</x4><x5>4.238595E-01</x5><x6>3.437440E+00</x6></dataPoint>
        <dataPoint><x4>4.500000E+01</x4><x5>3.236594E-01</x5><x6>5.140404E+00</x6></dataPoint>
        <dataPoint><x4>5.000000E+01</x4><x5>2.234196E-01</x5><x6>8.880439E+00</x6></dataPoint>
        <dataPoint><x4>5.500000E+01</x4><x5>1.398318E-01</x5><x6>1.755096E+01</x6></dataPoint>
        <dataPoint><x4>5.800000E+01</x4><x5>1.289093E-01</x5><x6>1.973400E+01</x6></dataPoint>
        <dataPoint><x4>5.876000E+01</x4><x5>1.294417E-01</x5><x6>1.961723E+01</x6></dataPoint>
        <dataPoint><x4>6.176000E+01</x4><x5>1.329731E-01</x5><x6>1.887117E+01</x6></dataPoint>
        <dataPoint><x4>6.676000E+01</x4><x5>1.353220E-01</x5><x6>1.840083E+01</x6></dataPoint>
        <dataPoint><x4>7.376000E+01</x4><x5>1.387672E-01</x5><x6>1.774559E+01</x6></dataPoint>
        <dataPoint><x4>8.276000E+01</x4><x5>1.414848E-01</x5><x6>1.725578E+01</x6></dataPoint>
        <dataPoint><x4>9.376000E+01</x4><x5>1.438149E-01</x5><x6>1.685356E+01</x6></dataPoint>
        <dataPoint><x4>1.067600E+02</x4><x5>1.459214E-01</x5><x6>1.650323E+01</x6></dataPoint>
        <dataPoint><x4>1.217600E+02</x4><x5>1.478576E-01</x5><x6>1.619184E+01</x6></dataPoint>
        <dataPoint><x4>1.387600E+02</x4><x5>1.498994E-01</x5><x6>1.587395E+01</x6></dataPoint>
        <dataPoint><x4>1.577600E+02</x4><x5>1.519669E-01</x5><x6>1.556255E+01</x6></dataPoint>
        <dataPoint><x4>1.787600E+02</x4><x5>1.542407E-01</x5><x6>1.523169E+01</x6></dataPoint>
        <dataPoint><x4>2.017600E+02</x4><x5>1.564338E-01</x5><x6>1.492353E+01</x6></dataPoint>
        <dataPoint><x4>2.267600E+02</x4><x5>1.586310E-01</x5><x6>1.462511E+01</x6></dataPoint>
        <dataPoint><x4>2.537600E+02</x4><x5>1.609295E-01</x5><x6>1.432344E+01</x6></dataPoint>
        <dataPoint><x4>2.827600E+02</x4><x5>1.632841E-01</x5><x6>1.402501E+01</x6></dataPoint>
        <dataPoint><x4>3.137600E+02</x4><x5>1.657508E-01</x5><x6>1.372335E+01</x6></dataPoint>
        <dataPoint><x4>3.467600E+02</x4><x5>1.683096E-01</x5><x6>1.342168E+01</x6></dataPoint>
        <dataPoint><x4>3.817600E+02</x4><x5>1.710244E-01</x5><x6>1.311352E+01</x6></dataPoint>
        <dataPoint><x4>4.187600E+02</x4><x5>1.738172E-01</x5><x6>1.280861E+01</x6></dataPoint>
        <dataPoint><x4>4.577600E+02</x4><x5>1.765656E-01</x5><x6>1.251992E+01</x6></dataPoint>
        <dataPoint><x4>4.987600E+02</x4><x5>1.795525E-01</x5><x6>1.221825E+01</x6></dataPoint>
        <dataPoint><x4>5.417600E+02</x4><x5>1.823919E-01</x5><x6>1.194253E+01</x6></dataPoint>
        <dataPoint><x4>5.867600E+02</x4><x5>1.851658E-01</x5><x6>1.168303E+01</x6></dataPoint>
        <dataPoint><x4>6.337600E+02</x4><x5>1.881542E-01</x5><x6>1.141380E+01</x6></dataPoint>
        <dataPoint><x4>6.827600E+02</x4><x5>1.908051E-01</x5><x6>1.118350E+01</x6></dataPoint>
        <dataPoint><x4>7.337600E+02</x4><x5>1.935091E-01</x5><x6>1.095643E+01</x6></dataPoint>
        <dataPoint><x4>7.867600E+02</x4><x5>1.960642E-01</x5><x6>1.074883E+01</x6></dataPoint>
        <dataPoint><x4>8.417600E+02</x4><x5>1.989124E-01</x5><x6>1.052502E+01</x6></dataPoint>
        <dataPoint><x4>8.987600E+02</x4><x5>2.015155E-01</x5><x6>1.032715E+01</x6></dataPoint>
        <dataPoint><x4>9.577600E+02</x4><x5>2.039793E-01</x5><x6>1.014550E+01</x6></dataPoint>
        <dataPoint><x4>1.018760E+03</x4><x5>2.064714E-01</x5><x6>9.967092E+00</x6></dataPoint>
        <dataPoint><x4>1.081760E+03</x4><x5>2.090861E-01</x5><x6>9.785442E+00</x6></dataPoint>
        <dataPoint><x4>1.146760E+03</x4><x5>2.112950E-01</x5><x6>9.636230E+00</x6></dataPoint>
        <dataPoint><x4>1.213760E+03</x4><x5>2.135114E-01</x5><x6>9.490261E+00</x6></dataPoint>
        <dataPoint><x4>1.282760E+03</x4><x5>2.156829E-01</x5><x6>9.350780E+00</x6></dataPoint>
        <dataPoint><x4>1.353760E+03</x4><x5>2.176994E-01</x5><x6>9.224275E+00</x6></dataPoint>
        <dataPoint><x4>1.426760E+03</x4><x5>2.194952E-01</x5><x6>9.113987E+00</x6></dataPoint>
        <dataPoint><x4>1.501760E+03</x4><x5>2.212729E-01</x5><x6>9.006944E+00</x6></dataPoint>
        <dataPoint><x4>1.578760E+03</x4><x5>2.226984E-01</x5><x6>8.922606E+00</x6></dataPoint>
        <dataPoint><x4>1.657760E+03</x4><x5>2.243151E-01</x5><x6>8.828538E+00</x6></dataPoint>
        <dataPoint><x4>1.738760E+03</x4><x5>2.256177E-01</x5><x6>8.753932E+00</x6></dataPoint>
        <dataPoint><x4>1.821760E+03</x4><x5>2.268809E-01</x5><x6>8.682570E+00</x6></dataPoint>
    </dataGroup>
    <dataGroup id="dg2" label="V-t history" dataPointLink="11;12;13">
        <property name="time"      id="x4"   label="t"            sourcetype="calculated"  units="ms"  />
        <property name="volume"    id="x5"   label="V"            sourcetype="calculated"  units="cm3" />
        <property name="pressure"  id="x6"   label="p"            sourcetype="calculated"  units="bar"  kind="nonreactive" />

        <dataPoint><x4>0.000000E+00</x4><x5>1.000000E+00</x5><x6>8.665930E-01</x6></dataPoint>
        <dataPoint><x4>6.000000E+00</x4><x5>8.558985E-01</x5><x6>1.100160E+00</x6></dataPoint>
        <dataPoint><x4>1.200000E+01</x4><x5>8.069056E-01</x5><x6>1.203960E+00</x6></dataPoint>
        <dataPoint><x4>1.700000E+01</x4><x5>7.558015E-01</x5><x6>1.330466E+00</x6></dataPoint>
        <dataPoint><x4>2.200000E+01</x4><x5>6.959036E-01</x5><x6>1.508871E+00</x6></dataPoint>
        <dataPoint><x4>2.700000E+01</x4><x5>6.231497E-01</x5><x6>1.784589E+00</x6></dataPoint>
        <dataPoint><x4>3.200000E+01</x4><x5>5.422194E-01</x5><x6>2.203032E+00</x6></dataPoint>
        <dataPoint><x4>3.700000E+01</x4><x5>4.504006E-01</x5><x6>2.913411E+00</x6></dataPoint>
        <dataPoint><x4>4.200000E+01</x4><x5>3.508014E-01</x5><x6>4.233614E+00</x6></dataPoint>
        <dataPoint><x4>4.700000E+01</x4><x5>2.482463E-01</x5><x6>7.062157E+00</x6></dataPoint>
        <dataPoint><x4>5.200000E+01</x4><x5>1.515204E-01</x5><x6>1.450655E+01</x6></dataPoint>
        <dataPoint><x4>5.560000E+01</x4><x5>1.289645E-01</x5><x6>1.830497E+01</x6></dataPoint>
        <dataPoint><x4>5.572000E+01</x4><x5>1.290280E-01</x5><x6>1.829200E+01</x6></dataPoint>
        <dataPoint><x4>5.872000E+01</x4><x5>1.324732E-01</x5><x6>1.761081E+01</x6></dataPoint>
        <dataPoint><x4>6.372000E+01</x4><x5>1.357705E-01</x5><x6>1.699774E+01</x6></dataPoint>
        <dataPoint><x4>7.072000E+01</x4><x5>1.386836E-01</x5><x6>1.648523E+01</x6></dataPoint>
        <dataPoint><x4>7.972000E+01</x4><x5>1.415136E-01</x5><x6>1.601164E+01</x6></dataPoint>
        <dataPoint><x4>9.072000E+01</x4><x5>1.439466E-01</x5><x6>1.562239E+01</x6></dataPoint>
        <dataPoint><x4>1.037200E+02</x4><x5>1.460101E-01</x5><x6>1.530451E+01</x6></dataPoint>
        <dataPoint><x4>1.187200E+02</x4><x5>1.480356E-01</x5><x6>1.500284E+01</x6></dataPoint>
        <dataPoint><x4>1.357200E+02</x4><x5>1.501304E-01</x5><x6>1.470117E+01</x6></dataPoint>
        <dataPoint><x4>1.547200E+02</x4><x5>1.522508E-01</x5><x6>1.440599E+01</x6></dataPoint>
        <dataPoint><x4>1.757200E+02</x4><x5>1.545433E-01</x5><x6>1.409783E+01</x6></dataPoint>
        <dataPoint><x4>1.987200E+02</x4><x5>1.567174E-01</x5><x6>1.381563E+01</x6></dataPoint>
        <dataPoint><x4>2.237200E+02</x4><x5>1.589669E-01</x5><x6>1.353342E+01</x6></dataPoint>
        <dataPoint><x4>2.507200E+02</x4><x5>1.611328E-01</x5><x6>1.327068E+01</x6></dataPoint>
        <dataPoint><x4>2.797200E+02</x4><x5>1.634558E-01</x5><x6>1.299821E+01</x6></dataPoint>
        <dataPoint><x4>3.107200E+02</x4><x5>1.658323E-01</x5><x6>1.272897E+01</x6></dataPoint>
        <dataPoint><x4>3.437200E+02</x4><x5>1.683244E-01</x5><x6>1.245650E+01</x6></dataPoint>
        <dataPoint><x4>3.787200E+02</x4><x5>1.709717E-01</x5><x6>1.217754E+01</x6></dataPoint>
        <dataPoint><x4>4.157200E+02</x4><x5>1.737547E-01</x5><x6>1.189533E+01</x6></dataPoint>
        <dataPoint><x4>4.547200E+02</x4><x5>1.766838E-01</x5><x6>1.160988E+01</x6></dataPoint>
        <dataPoint><x4>4.957200E+02</x4><x5>1.797354E-01</x5><x6>1.132443E+01</x6></dataPoint>
        <dataPoint><x4>5.387200E+02</x4><x5>1.826965E-01</x5><x6>1.105845E+01</x6></dataPoint>
        <dataPoint><x4>5.837200E+02</x4><x5>1.856253E-01</x5><x6>1.080543E+01</x6></dataPoint>
        <dataPoint><x4>6.307200E+02</x4><x5>1.887501E-01</x5><x6>1.054594E+01</x6></dataPoint>
        <dataPoint><x4>6.797200E+02</x4><x5>1.915499E-01</x5><x6>1.032212E+01</x6></dataPoint>
        <dataPoint><x4>7.307200E+02</x4><x5>1.944096E-01</x5><x6>1.010154E+01</x6></dataPoint>
        <dataPoint><x4>7.837200E+02</x4><x5>1.969321E-01</x5><x6>9.913406E+00</x6></dataPoint>
        <dataPoint><x4>8.387200E+02</x4><x5>1.997180E-01</x5><x6>9.712293E+00</x6></dataPoint>
        <dataPoint><x4>8.957200E+02</x4><x5>2.023180E-01</x5><x6>9.530644E+00</x6></dataPoint>
        <dataPoint><x4>9.547200E+02</x4><x5>2.049044E-01</x5><x6>9.355482E+00</x6></dataPoint>
        <dataPoint><x4>1.015720E+03</x4><x5>2.071719E-01</x5><x6>9.206270E+00</x6></dataPoint>
        <dataPoint><x4>1.078720E+03</x4><x5>2.095012E-01</x5><x6>9.057057E+00</x6></dataPoint>
        <dataPoint><x4>1.143720E+03</x4><x5>2.116843E-01</x5><x6>8.920820E+00</x6></dataPoint>
        <dataPoint><x4>1.210720E+03</x4><x5>2.139235E-01</x5><x6>8.784583E+00</x6></dataPoint>
        <dataPoint><x4>1.279720E+03</x4><x5>2.159996E-01</x5><x6>8.661321E+00</x6></dataPoint>
        <dataPoint><x4>1.350720E+03</x4><x5>2.180688E-01</x5><x6>8.541302E+00</x6></dataPoint>
        <dataPoint><x4>1.423720E+03</x4><x5>2.197823E-01</x5><x6>8.443990E+00</x6></dataPoint>
        <dataPoint><x4>1.498720E+03</x4><x5>2.216465E-01</x5><x6>8.340190E+00</x6></dataPoint>
        <dataPoint><x4>1.575720E+03</x4><x5>2.232496E-01</x5><x6>8.252609E+00</x6></dataPoint>
        <dataPoint><x4>1.654720E+03</x4><x5>2.247593E-01</x5><x6>8.171516E+00</x6></dataPoint>
        <dataPoint><x4>1.735720E+03</x4><x5>2.261703E-01</x5><x6>8.096910E+00</x6></dataPoint>
        <dataPoint><x4>1.818720E+03</x4><x5>2.275403E-01</x5><x6>8.025547E+00</x6></dataPoint>
    </dataGroup>
    <dataGroup id="dg2" label="V-t history" dataPointLink="14;15;16">
        <property name="time"      id="x4"   label="t"            sourcetype="calculated"  units="ms"  />
        <property name="volume"    id="x5"   label="V"            sourcetype="calculated"  units="cm3" />
        <property name="pressure"  id="x6"   label="p"            sourcetype="calculated"  units="bar"  kind="nonreactive" />

        <dataPoint><x4>0.000000E+00</x4><x5>1.000000E+00</x5><x6>7.999320E-01</x6></dataPoint>
        <dataPoint><x4>6.000000E+00</x4><x5>8.513890E-01</x5><x6>1.023767E+00</x6></dataPoint>
        <dataPoint><x4>1.200000E+01</x4><x5>8.053612E-01</x5><x6>1.114592E+00</x6></dataPoint>
        <dataPoint><x4>1.800000E+01</x4><x5>7.467703E-01</x5><x6>1.250829E+00</x6></dataPoint>
        <dataPoint><x4>2.400000E+01</x4><x5>6.741661E-01</x5><x6>1.461673E+00</x6></dataPoint>
        <dataPoint><x4>3.000000E+01</x4><x5>5.886586E-01</x5><x6>1.795778E+00</x6></dataPoint>
        <dataPoint><x4>3.500000E+01</x4><x5>5.085359E-01</x5><x6>2.240170E+00</x6></dataPoint>
        <dataPoint><x4>4.000000E+01</x4><x5>4.155036E-01</x5><x6>3.034887E+00</x6></dataPoint>
        <dataPoint><x4>4.500000E+01</x4><x5>3.186630E-01</x5><x6>4.507546E+00</x6></dataPoint>
        <dataPoint><x4>5.000000E+01</x4><x5>2.196600E-01</x5><x6>7.799944E+00</x6></dataPoint>
        <dataPoint><x4>5.500000E+01</x4><x5>1.382332E-01</x5><x6>1.528650E+01</x6></dataPoint>
        <dataPoint><x4>5.740000E+01</x4><x5>1.293908E-01</x5><x6>1.681431E+01</x6></dataPoint>
        <dataPoint><x4>5.772000E+01</x4><x5>1.297213E-01</x5><x6>1.675267E+01</x6></dataPoint>
        <dataPoint><x4>6.072000E+01</x4><x5>1.335889E-01</x5><x6>1.605851E+01</x6></dataPoint>
        <dataPoint><x4>6.572000E+01</x4><x5>1.371455E-01</x5><x6>1.546166E+01</x6></dataPoint>
        <dataPoint><x4>7.272000E+01</x4><x5>1.402405E-01</x5><x6>1.497186E+01</x6></dataPoint>
        <dataPoint><x4>8.172000E+01</x4><x5>1.430662E-01</x5><x6>1.454693E+01</x6></dataPoint>
        <dataPoint><x4>9.272000E+01</x4><x5>1.455938E-01</x5><x6>1.418363E+01</x6></dataPoint>
        <dataPoint><x4>1.057200E+02</x4><x5>1.477286E-01</x5><x6>1.388845E+01</x6></dataPoint>
        <dataPoint><x4>1.207200E+02</x4><x5>1.498169E-01</x5><x6>1.360949E+01</x6></dataPoint>
        <dataPoint><x4>1.377200E+02</x4><x5>1.520549E-01</x5><x6>1.332079E+01</x6></dataPoint>
        <dataPoint><x4>1.567200E+02</x4><x5>1.543222E-01</x5><x6>1.303859E+01</x6></dataPoint>
        <dataPoint><x4>1.777200E+02</x4><x5>1.566180E-01</x5><x6>1.276287E+01</x6></dataPoint>
        <dataPoint><x4>2.007200E+02</x4><x5>1.589411E-01</x5><x6>1.249364E+01</x6></dataPoint>
        <dataPoint><x4>2.257200E+02</x4><x5>1.612312E-01</x5><x6>1.223738E+01</x6></dataPoint>
        <dataPoint><x4>2.527200E+02</x4><x5>1.636333E-01</x5><x6>1.197788E+01</x6></dataPoint>
        <dataPoint><x4>2.817200E+02</x4><x5>1.660287E-01</x5><x6>1.172812E+01</x6></dataPoint>
        <dataPoint><x4>3.127200E+02</x4><x5>1.685436E-01</x5><x6>1.147510E+01</x6></dataPoint>
        <dataPoint><x4>3.457200E+02</x4><x5>1.711868E-01</x5><x6>1.121885E+01</x6></dataPoint>
        <dataPoint><x4>3.807200E+02</x4><x5>1.739325E-01</x5><x6>1.096259E+01</x6></dataPoint>
        <dataPoint><x4>4.177200E+02</x4><x5>1.767504E-01</x5><x6>1.070958E+01</x6></dataPoint>
        <dataPoint><x4>4.567200E+02</x4><x5>1.798349E-01</x5><x6>1.044359E+01</x6></dataPoint>
        <dataPoint><x4>4.977200E+02</x4><x5>1.830130E-01</x5><x6>1.018085E+01</x6></dataPoint>
        <dataPoint><x4>5.407200E+02</x4><x5>1.859964E-01</x5><x6>9.944057E+00</x6></dataPoint>
        <dataPoint><x4>5.857200E+02</x4><x5>1.888838E-01</x5><x6>9.723482E+00</x6></dataPoint>
        <dataPoint><x4>6.327200E+02</x4><x5>1.919272E-01</x5><x6>9.499664E+00</x6></dataPoint>
        <dataPoint><x4>6.817200E+02</x4><x5>1.949054E-01</x5><x6>9.288821E+00</x6></dataPoint>
        <dataPoint><x4>7.327200E+02</x4><x5>1.977559E-01</x5><x6>9.094196E+00</x6></dataPoint>
        <dataPoint><x4>7.857200E+02</x4><x5>2.006595E-01</x5><x6>8.902815E+00</x6></dataPoint>
        <dataPoint><x4>8.407200E+02</x4><x5>2.032543E-01</x5><x6>8.737384E+00</x6></dataPoint>
        <dataPoint><x4>8.977200E+02</x4><x5>2.058255E-01</x5><x6>8.578441E+00</x6></dataPoint>
        <dataPoint><x4>9.567200E+02</x4><x5>2.083122E-01</x5><x6>8.429229E+00</x6></dataPoint>
        <dataPoint><x4>1.017720E+03</x4><x5>2.108731E-01</x5><x6>8.280017E+00</x6></dataPoint>
        <dataPoint><x4>1.080720E+03</x4><x5>2.132211E-01</x5><x6>8.147023E+00</x6></dataPoint>
        <dataPoint><x4>1.145720E+03</x4><x5>2.152765E-01</x5><x6>8.033492E+00</x6></dataPoint>
        <dataPoint><x4>1.212720E+03</x4><x5>2.177463E-01</x5><x6>7.900499E+00</x6></dataPoint>
        <dataPoint><x4>1.281720E+03</x4><x5>2.197849E-01</x5><x6>7.793455E+00</x6></dataPoint>
        <dataPoint><x4>1.352720E+03</x4><x5>2.216151E-01</x5><x6>7.699387E+00</x6></dataPoint>
        <dataPoint><x4>1.425720E+03</x4><x5>2.232878E-01</x5><x6>7.615050E+00</x6></dataPoint>
        <dataPoint><x4>1.500720E+03</x4><x5>2.250576E-01</x5><x6>7.527469E+00</x6></dataPoint>
        <dataPoint><x4>1.577720E+03</x4><x5>2.269295E-01</x5><x6>7.436644E+00</x6></dataPoint>
        <dataPoint><x4>1.656720E+03</x4><x5>2.279479E-01</x5><x6>7.387988E+00</x6></dataPoint>
        <dataPoint><x4>1.737720E+03</x4><x5>2.291849E-01</x5><x6>7.329600E+00</x6></dataPoint>
        <dataPoint><x4>1.820720E+03</x4><x5>2.305785E-01</x5><x6>7.264725E+00</x6></dataPoint>
    </dataGroup>
    <dataGroup id="dg2" label="V-t history" dataPointLink="17;18;19;20">
        <property name="time"      id="x4"   label="t"            sourcetype="calculated"  units="ms"  />
        <property name="volume"    id="x5"   label="V"            sourcetype="calculated"  units="cm3" />
        <property name="pressure"  id="x6"   label="p"            sourcetype="calculated"  units="bar"  kind="nonreactive" />

        <dataPoint><x4>0.000000E+00</x4><x5>1.000000E+00</x5><x6>7.332710E-01</x6></dataPoint>
        <dataPoint><x4>6.000000E+00</x4><x5>8.461782E-01</x5><x6>9.473751E-01</x6></dataPoint>
        <dataPoint><x4>1.200000E+01</x4><x5>7.970147E-01</x5><x6>1.038200E+00</x6></dataPoint>
        <dataPoint><x4>1.800000E+01</x4><x5>7.446443E-01</x5><x6>1.151731E+00</x6></dataPoint>
        <dataPoint><x4>2.400000E+01</x4><x5>6.668320E-01</x5><x6>1.362574E+00</x6></dataPoint>
        <dataPoint><x4>3.000000E+01</x4><x5>5.929330E-01</x5><x6>1.628561E+00</x6></dataPoint>
        <dataPoint><x4>3.500000E+01</x4><x5>5.140365E-01</x5><x6>2.021053E+00</x6></dataPoint>
        <dataPoint><x4>4.000000E+01</x4><x5>4.234239E-01</x5><x6>2.705483E+00</x6></dataPoint>
        <dataPoint><x4>4.500000E+01</x4><x5>3.272722E-01</x5><x6>3.973786E+00</x6></dataPoint>
        <dataPoint><x4>5.000000E+01</x4><x5>2.276012E-01</x5><x6>6.792597E+00</x6></dataPoint>
        <dataPoint><x4>5.500000E+01</x4><x5>1.398558E-01</x5><x6>1.379259E+01</x6></dataPoint>
        <dataPoint><x4>5.780000E+01</x4><x5>1.289119E-01</x5><x6>1.551178E+01</x6></dataPoint>
        <dataPoint><x4>5.832000E+01</x4><x5>1.295901E-01</x5><x6>1.539500E+01</x6></dataPoint>
        <dataPoint><x4>6.132000E+01</x4><x5>1.333784E-01</x5><x6>1.476896E+01</x6></dataPoint>
        <dataPoint><x4>6.632000E+01</x4><x5>1.360214E-01</x5><x6>1.435701E+01</x6></dataPoint>
        <dataPoint><x4>7.332000E+01</x4><x5>1.395149E-01</x5><x6>1.384125E+01</x6></dataPoint>
        <dataPoint><x4>8.232000E+01</x4><x5>1.424181E-01</x5><x6>1.343578E+01</x6></dataPoint>
        <dataPoint><x4>9.332000E+01</x4><x5>1.449725E-01</x5><x6>1.309519E+01</x6></dataPoint>
        <dataPoint><x4>1.063200E+02</x4><x5>1.470716E-01</x5><x6>1.282596E+01</x6></dataPoint>
        <dataPoint><x4>1.213200E+02</x4><x5>1.491391E-01</x5><x6>1.256970E+01</x6></dataPoint>
        <dataPoint><x4>1.383200E+02</x4><x5>1.513609E-01</x5><x6>1.230372E+01</x6></dataPoint>
        <dataPoint><x4>1.573200E+02</x4><x5>1.536931E-01</x5><x6>1.203448E+01</x6></dataPoint>
        <dataPoint><x4>1.783200E+02</x4><x5>1.560843E-01</x5><x6>1.176850E+01</x6></dataPoint>
        <dataPoint><x4>2.013200E+02</x4><x5>1.584441E-01</x5><x6>1.151549E+01</x6></dataPoint>
        <dataPoint><x4>2.263200E+02</x4><x5>1.607962E-01</x5><x6>1.127221E+01</x6></dataPoint>
        <dataPoint><x4>2.533200E+02</x4><x5>1.630362E-01</x5><x6>1.104839E+01</x6></dataPoint>
        <dataPoint><x4>2.823200E+02</x4><x5>1.655927E-01</x5><x6>1.080186E+01</x6></dataPoint>
        <dataPoint><x4>3.133200E+02</x4><x5>1.680705E-01</x5><x6>1.057156E+01</x6></dataPoint>
        <dataPoint><x4>3.463200E+02</x4><x5>1.706768E-01</x5><x6>1.033801E+01</x6></dataPoint>
        <dataPoint><x4>3.813200E+02</x4><x5>1.733831E-01</x5><x6>1.010446E+01</x6></dataPoint>
        <dataPoint><x4>4.183200E+02</x4><x5>1.762354E-01</x5><x6>9.867665E+00</x6></dataPoint>
        <dataPoint><x4>4.573200E+02</x4><x5>1.790797E-01</x5><x6>9.640603E+00</x6></dataPoint>
        <dataPoint><x4>4.983200E+02</x4><x5>1.822104E-01</x5><x6>9.400566E+00</x6></dataPoint>
        <dataPoint><x4>5.413200E+02</x4><x5>1.849824E-01</x5><x6>9.196210E+00</x6></dataPoint>
        <dataPoint><x4>5.863200E+02</x4><x5>1.878589E-01</x5><x6>8.991854E+00</x6></dataPoint>
        <dataPoint><x4>6.333200E+02</x4><x5>1.906530E-01</x5><x6>8.800473E+00</x6></dataPoint>
        <dataPoint><x4>6.823200E+02</x4><x5>1.934003E-01</x5><x6>8.618824E+00</x6></dataPoint>
        <dataPoint><x4>7.333200E+02</x4><x5>1.961421E-01</x5><x6>8.443662E+00</x6></dataPoint>
        <dataPoint><x4>7.863200E+02</x4><x5>1.988732E-01</x5><x6>8.274987E+00</x6></dataPoint>
        <dataPoint><x4>8.413200E+02</x4><x5>2.015327E-01</x5><x6>8.116044E+00</x6></dataPoint>
        <dataPoint><x4>8.983200E+02</x4><x5>2.040526E-01</x5><x6>7.970075E+00</x6></dataPoint>
        <dataPoint><x4>9.573200E+02</x4><x5>2.065916E-01</x5><x6>7.827351E+00</x6></dataPoint>
        <dataPoint><x4>1.018320E+03</x4><x5>2.089073E-01</x5><x6>7.700845E+00</x6></dataPoint>
        <dataPoint><x4>1.081320E+03</x4><x5>2.110398E-01</x5><x6>7.587314E+00</x6></dataPoint>
        <dataPoint><x4>1.146320E+03</x4><x5>2.132261E-01</x5><x6>7.473783E+00</x6></dataPoint>
        <dataPoint><x4>1.213320E+03</x4><x5>2.151443E-01</x5><x6>7.376470E+00</x6></dataPoint>
        <dataPoint><x4>1.282320E+03</x4><x5>2.170389E-01</x5><x6>7.282402E+00</x6></dataPoint>
        <dataPoint><x4>1.353320E+03</x4><x5>2.187051E-01</x5><x6>7.201308E+00</x6></dataPoint>
        <dataPoint><x4>1.426320E+03</x4><x5>2.204027E-01</x5><x6>7.120215E+00</x6></dataPoint>
        <dataPoint><x4>1.501320E+03</x4><x5>2.220629E-01</x5><x6>7.042365E+00</x6></dataPoint>
        <dataPoint><x4>1.578320E+03</x4><x5>2.233989E-01</x5><x6>6.980734E+00</x6></dataPoint>
        <dataPoint><x4>1.657320E+03</x4><x5>2.248985E-01</x5><x6>6.912615E+00</x6></dataPoint>
        <dataPoint><x4>1.738320E+03</x4><x5>2.259119E-01</x5><x6>6.867203E+00</x6></dataPoint>
        <dataPoint><x4>1.821320E+03</x4><x5>2.273052E-01</x5><x6>6.805572E+00</x6></dataPoint>
    </dataGroup>
    <dataGroup id="dg2" label="V-t history" dataPointLink="21;22;23;24;25;26;27;28;29;30;31;32;33;34;35">
        <property name="time"      id="x4"   label="t"            sourcetype="calculated"  units="ms"  />
        <property name="volume"    id="x5"   label="V"            sourcetype="calculated"  units="cm3" />
        <property name="pressure"  id="x6"   label="p"            sourcetype="calculated"  units="bar"  kind="nonreactive" />

        <dataPoint><x4>0.000000E+00</x4><x5>1.000000E+00</x5><x6>6.666100E-01</x6></dataPoint>
        <dataPoint><x4>6.000000E+00</x4><x5>8.546032E-01</x5><x6>8.482764E-01</x6></dataPoint>
        <dataPoint><x4>1.200000E+01</x4><x5>8.069342E-01</x5><x6>9.261262E-01</x6></dataPoint>
        <dataPoint><x4>1.800000E+01</x4><x5>7.589940E-01</x5><x6>1.016951E+00</x6></dataPoint>
        <dataPoint><x4>2.400000E+01</x4><x5>6.937954E-01</x5><x6>1.166163E+00</x6></dataPoint>
        <dataPoint><x4>3.000000E+01</x4><x5>6.219392E-01</x5><x6>1.377006E+00</x6></dataPoint>
        <dataPoint><x4>3.600000E+01</x4><x5>5.321681E-01</x5><x6>1.743549E+00</x6></dataPoint>
        <dataPoint><x4>4.200000E+01</x4><x5>4.293621E-01</x5><x6>2.408516E+00</x6></dataPoint>
        <dataPoint><x4>4.700000E+01</x4><x5>3.358617E-01</x5><x6>3.475707E+00</x6></dataPoint>
        <dataPoint><x4>5.200000E+01</x4><x5>2.383745E-01</x5><x6>5.769032E+00</x6></dataPoint>
        <dataPoint><x4>5.700000E+01</x4><x5>1.471400E-01</x5><x6>1.164994E+01</x6></dataPoint>
        <dataPoint><x4>6.036000E+01</x4><x5>1.295741E-01</x5><x6>1.399516E+01</x6></dataPoint>
        <dataPoint><x4>6.040000E+01</x4><x5>1.296367E-01</x5><x6>1.398543E+01</x6></dataPoint>
        <dataPoint><x4>6.340000E+01</x4><x5>1.335537E-01</x5><x6>1.339831E+01</x6></dataPoint>
        <dataPoint><x4>6.840000E+01</x4><x5>1.374797E-01</x5><x6>1.285012E+01</x6></dataPoint>
        <dataPoint><x4>7.540000E+01</x4><x5>1.405179E-01</x5><x6>1.245114E+01</x6></dataPoint>
        <dataPoint><x4>8.440000E+01</x4><x5>1.434297E-01</x5><x6>1.208784E+01</x6></dataPoint>
        <dataPoint><x4>9.540000E+01</x4><x5>1.460723E-01</x5><x6>1.177320E+01</x6></dataPoint>
        <dataPoint><x4>1.084000E+02</x4><x5>1.483134E-01</x5><x6>1.151694E+01</x6></dataPoint>
        <dataPoint><x4>1.234000E+02</x4><x5>1.504596E-01</x5><x6>1.128015E+01</x6></dataPoint>
        <dataPoint><x4>1.404000E+02</x4><x5>1.528687E-01</x5><x6>1.102389E+01</x6></dataPoint>
        <dataPoint><x4>1.594000E+02</x4><x5>1.551795E-01</x5><x6>1.078710E+01</x6></dataPoint>
        <dataPoint><x4>1.804000E+02</x4><x5>1.577104E-01</x5><x6>1.053733E+01</x6></dataPoint>
        <dataPoint><x4>2.034000E+02</x4><x5>1.602041E-01</x5><x6>1.030054E+01</x6></dataPoint>
        <dataPoint><x4>2.284000E+02</x4><x5>1.625425E-01</x5><x6>1.008645E+01</x6></dataPoint>
        <dataPoint><x4>2.554000E+02</x4><x5>1.649278E-01</x5><x6>9.875610E+00</x6></dataPoint>
        <dataPoint><x4>2.844000E+02</x4><x5>1.673221E-01</x5><x6>9.671254E+00</x6></dataPoint>
        <dataPoint><x4>3.154000E+02</x4><x5>1.699226E-01</x5><x6>9.457167E+00</x6></dataPoint>
        <dataPoint><x4>3.484000E+02</x4><x5>1.726231E-01</x5><x6>9.243080E+00</x6></dataPoint>
        <dataPoint><x4>3.834000E+02</x4><x5>1.754299E-01</x5><x6>9.028993E+00</x6></dataPoint>
        <dataPoint><x4>4.204000E+02</x4><x5>1.782595E-01</x5><x6>8.821393E+00</x6></dataPoint>
        <dataPoint><x4>4.594000E+02</x4><x5>1.809214E-01</x5><x6>8.633256E+00</x6></dataPoint>
        <dataPoint><x4>5.004000E+02</x4><x5>1.840216E-01</x5><x6>8.422413E+00</x6></dataPoint>
        <dataPoint><x4>5.434000E+02</x4><x5>1.870508E-01</x5><x6>8.224545E+00</x6></dataPoint>
        <dataPoint><x4>5.884000E+02</x4><x5>1.899931E-01</x5><x6>8.039651E+00</x6></dataPoint>
        <dataPoint><x4>6.354000E+02</x4><x5>1.928862E-01</x5><x6>7.864489E+00</x6></dataPoint>
        <dataPoint><x4>6.844000E+02</x4><x5>1.958884E-01</x5><x6>7.689327E+00</x6></dataPoint>
        <dataPoint><x4>7.354000E+02</x4><x5>1.986542E-01</x5><x6>7.533627E+00</x6></dataPoint>
        <dataPoint><x4>7.884000E+02</x4><x5>2.010929E-01</x5><x6>7.400634E+00</x6></dataPoint>
        <dataPoint><x4>8.434000E+02</x4><x5>2.038547E-01</x5><x6>7.254666E+00</x6></dataPoint>
        <dataPoint><x4>9.004000E+02</x4><x5>2.065170E-01</x5><x6>7.118428E+00</x6></dataPoint>
        <dataPoint><x4>9.594000E+02</x4><x5>2.088011E-01</x5><x6>7.004898E+00</x6></dataPoint>
        <dataPoint><x4>1.020400E+03</x4><x5>2.110116E-01</x5><x6>6.897854E+00</x6></dataPoint>
        <dataPoint><x4>1.083400E+03</x4><x5>2.133496E-01</x5><x6>6.787567E+00</x6></dataPoint>
        <dataPoint><x4>1.148400E+03</x4><x5>2.155368E-01</x5><x6>6.687011E+00</x6></dataPoint>
        <dataPoint><x4>1.215400E+03</x4><x5>2.173409E-01</x5><x6>6.605917E+00</x6></dataPoint>
        <dataPoint><x4>1.284400E+03</x4><x5>2.191077E-01</x5><x6>6.528067E+00</x6></dataPoint>
        <dataPoint><x4>1.355400E+03</x4><x5>2.209098E-01</x5><x6>6.450218E+00</x6></dataPoint>
        <dataPoint><x4>1.428400E+03</x4><x5>2.225937E-01</x5><x6>6.378855E+00</x6></dataPoint>
        <dataPoint><x4>1.503400E+03</x4><x5>2.239948E-01</x5><x6>6.320468E+00</x6></dataPoint>
        <dataPoint><x4>1.580400E+03</x4><x5>2.253380E-01</x5><x6>6.265324E+00</x6></dataPoint>
        <dataPoint><x4>1.659400E+03</x4><x5>2.266202E-01</x5><x6>6.213424E+00</x6></dataPoint>
        <dataPoint><x4>1.740400E+03</x4><x5>2.276751E-01</x5><x6>6.171256E+00</x6></dataPoint>
        <dataPoint><x4>1.823400E+03</x4><x5>2.285771E-01</x5><x6>6.135575E+00</x6></dataPoint>
    </dataGroup>
    <dataGroup id="dg2" label="V-t history" dataPointLink="36;37;38;39;40;41;42;43;44;45;46;47;48;49">
        <property name="time"      id="x4"   label="t"            sourcetype="calculated"  units="ms"  />
        <property name="volume"    id="x5"   label="V"            sourcetype="calculated"  units="cm3" />
        <property name="pressure"  id="x6"   label="p"            sourcetype="calculated"  units="bar"  kind="nonreactive" />

        <dataPoint><x4>0.000000E+00</x4><x5>1.000000E+00</x5><x6>5.999490E-01</x6></dataPoint>
        <dataPoint><x4>6.000000E+00</x4><x5>8.259724E-01</x5><x6>8.043214E-01</x6></dataPoint>
        <dataPoint><x4>1.200000E+01</x4><x5>7.889641E-01</x5><x6>8.627088E-01</x6></dataPoint>
        <dataPoint><x4>1.800000E+01</x4><x5>7.388884E-01</x5><x6>9.535335E-01</x6></dataPoint>
        <dataPoint><x4>2.400000E+01</x4><x5>6.742319E-01</x5><x6>1.096258E+00</x6></dataPoint>
        <dataPoint><x4>3.000000E+01</x4><x5>5.985303E-01</x5><x6>1.313589E+00</x6></dataPoint>
        <dataPoint><x4>3.600000E+01</x4><x5>5.145736E-01</x5><x6>1.650938E+00</x6></dataPoint>
        <dataPoint><x4>4.200000E+01</x4><x5>4.127656E-01</x5><x6>2.299686E+00</x6></dataPoint>
        <dataPoint><x4>4.700000E+01</x4><x5>3.206929E-01</x5><x6>3.350658E+00</x6></dataPoint>
        <dataPoint><x4>5.200000E+01</x4><x5>2.257391E-01</x5><x6>5.624521E+00</x6></dataPoint>
        <dataPoint><x4>5.700000E+01</x4><x5>1.402657E-01</x5><x6>1.123620E+01</x6></dataPoint>
        <dataPoint><x4>6.012000E+01</x4><x5>1.300508E-01</x5><x6>1.253045E+01</x6></dataPoint>
        <dataPoint><x4>6.068000E+01</x4><x5>1.311368E-01</x5><x6>1.238124E+01</x6></dataPoint>
        <dataPoint><x4>6.368000E+01</x4><x5>1.337500E-01</x5><x6>1.203416E+01</x6></dataPoint>
        <dataPoint><x4>6.868000E+01</x4><x5>1.369938E-01</x5><x6>1.162544E+01</x6></dataPoint>
        <dataPoint><x4>7.568000E+01</x4><x5>1.415708E-01</x5><x6>1.108698E+01</x6></dataPoint>
        <dataPoint><x4>8.468000E+01</x4><x5>1.447534E-01</x5><x6>1.073666E+01</x6></dataPoint>
        <dataPoint><x4>9.568000E+01</x4><x5>1.476365E-01</x5><x6>1.043499E+01</x6></dataPoint>
        <dataPoint><x4>1.086800E+02</x4><x5>1.499990E-01</x5><x6>1.019820E+01</x6></dataPoint>
        <dataPoint><x4>1.236800E+02</x4><x5>1.521469E-01</x5><x6>9.990598E+00</x6></dataPoint>
        <dataPoint><x4>1.406800E+02</x4><x5>1.547965E-01</x5><x6>9.744074E+00</x6></dataPoint>
        <dataPoint><x4>1.596800E+02</x4><x5>1.574119E-01</x5><x6>9.510524E+00</x6></dataPoint>
        <dataPoint><x4>1.806800E+02</x4><x5>1.600981E-01</x5><x6>9.280218E+00</x6></dataPoint>
        <dataPoint><x4>2.036800E+02</x4><x5>1.626166E-01</x5><x6>9.072619E+00</x6></dataPoint>
        <dataPoint><x4>2.286800E+02</x4><x5>1.651082E-01</x5><x6>8.874751E+00</x6></dataPoint>
        <dataPoint><x4>2.556800E+02</x4><x5>1.676941E-01</x5><x6>8.676882E+00</x6></dataPoint>
        <dataPoint><x4>2.846800E+02</x4><x5>1.702905E-01</x5><x6>8.485501E+00</x6></dataPoint>
        <dataPoint><x4>3.156800E+02</x4><x5>1.729399E-01</x5><x6>8.297364E+00</x6></dataPoint>
        <dataPoint><x4>3.486800E+02</x4><x5>1.757396E-01</x5><x6>8.105984E+00</x6></dataPoint>
        <dataPoint><x4>3.836800E+02</x4><x5>1.785007E-01</x5><x6>7.924334E+00</x6></dataPoint>
        <dataPoint><x4>4.206800E+02</x4><x5>1.813692E-01</x5><x6>7.742684E+00</x6></dataPoint>
        <dataPoint><x4>4.596800E+02</x4><x5>1.842976E-01</x5><x6>7.564279E+00</x6></dataPoint>
        <dataPoint><x4>5.006800E+02</x4><x5>1.873998E-01</x5><x6>7.382629E+00</x6></dataPoint>
        <dataPoint><x4>5.436800E+02</x4><x5>1.903963E-01</x5><x6>7.213954E+00</x6></dataPoint>
        <dataPoint><x4>5.886800E+02</x4><x5>1.935116E-01</x5><x6>7.045280E+00</x6></dataPoint>
        <dataPoint><x4>6.356800E+02</x4><x5>1.964360E-01</x5><x6>6.892824E+00</x6></dataPoint>
        <dataPoint><x4>6.846800E+02</x4><x5>1.994041E-01</x5><x6>6.743612E+00</x6></dataPoint>
        <dataPoint><x4>7.356800E+02</x4><x5>2.020074E-01</x5><x6>6.617106E+00</x6></dataPoint>
        <dataPoint><x4>7.886800E+02</x4><x5>2.046947E-01</x5><x6>6.490600E+00</x6></dataPoint>
        <dataPoint><x4>8.436800E+02</x4><x5>2.073258E-01</x5><x6>6.370582E+00</x6></dataPoint>
        <dataPoint><x4>9.006800E+02</x4><x5>2.098173E-01</x5><x6>6.260294E+00</x6></dataPoint>
        <dataPoint><x4>9.596800E+02</x4><x5>2.121532E-01</x5><x6>6.159738E+00</x6></dataPoint>
        <dataPoint><x4>1.020680E+03</x4><x5>2.143182E-01</x5><x6>6.068914E+00</x6></dataPoint>
        <dataPoint><x4>1.083680E+03</x4><x5>2.165376E-01</x5><x6>5.978089E+00</x6></dataPoint>
        <dataPoint><x4>1.148680E+03</x4><x5>2.186491E-01</x5><x6>5.893751E+00</x6></dataPoint>
        <dataPoint><x4>1.215680E+03</x4><x5>2.205592E-01</x5><x6>5.819145E+00</x6></dataPoint>
        <dataPoint><x4>1.284680E+03</x4><x5>2.225104E-01</x5><x6>5.744539E+00</x6></dataPoint>
        <dataPoint><x4>1.355680E+03</x4><x5>2.239798E-01</x5><x6>5.689396E+00</x6></dataPoint>
        <dataPoint><x4>1.428680E+03</x4><x5>2.255616E-01</x5><x6>5.631008E+00</x6></dataPoint>
        <dataPoint><x4>1.503680E+03</x4><x5>2.270807E-01</x5><x6>5.575865E+00</x6></dataPoint>
        <dataPoint><x4>1.580680E+03</x4><x5>2.280770E-01</x5><x6>5.540184E+00</x6></dataPoint>
        <dataPoint><x4>1.659680E+03</x4><x5>2.296378E-01</x5><x6>5.485040E+00</x6></dataPoint>
        <dataPoint><x4>1.740680E+03</x4><x5>2.306617E-01</x5><x6>5.449359E+00</x6></dataPoint>
        <dataPoint><x4>1.823680E+03</x4><x5>2.316967E-01</x5><x6>5.413678E+00</x6></dataPoint>
    </dataGroup>
    <dataGroup id="dg2" label="V-t history" dataPointLink="50;51;52;53;54;55;56;57">
        <property name="time"      id="x4"   label="t"            sourcetype="calculated"  units="ms"  />
        <property name="volume"    id="x5"   label="V"            sourcetype="calculated"  units="cm3" />
        <property name="pressure"  id="x6"   label="p"            sourcetype="calculated"  units="bar"  kind="nonreactive" />

        <dataPoint><x4>0.000000E+00</x4><x5>1.000000E+00</x5><x6>5.332880E-01</x6></dataPoint>
        <dataPoint><x4>6.000000E+00</x4><x5>8.211156E-01</x5><x6>7.214415E-01</x6></dataPoint>
        <dataPoint><x4>1.200000E+01</x4><x5>7.846340E-01</x5><x6>7.733414E-01</x6></dataPoint>
        <dataPoint><x4>1.800000E+01</x4><x5>7.405517E-01</x5><x6>8.447037E-01</x6></dataPoint>
        <dataPoint><x4>2.400000E+01</x4><x5>6.832445E-01</x5><x6>9.549909E-01</x6></dataPoint>
        <dataPoint><x4>3.000000E+01</x4><x5>6.162366E-01</x5><x6>1.117178E+00</x6></dataPoint>
        <dataPoint><x4>3.600000E+01</x4><x5>5.343369E-01</x5><x6>1.386408E+00</x6></dataPoint>
        <dataPoint><x4>4.200000E+01</x4><x5>4.421862E-01</x5><x6>1.843776E+00</x6></dataPoint>
        <dataPoint><x4>4.800000E+01</x4><x5>3.319487E-01</x5><x6>2.829873E+00</x6></dataPoint>
        <dataPoint><x4>5.400000E+01</x4><x5>2.196628E-01</x5><x6>5.204292E+00</x6></dataPoint>
        <dataPoint><x4>5.900000E+01</x4><x5>1.373511E-01</x5><x6>1.029697E+01</x6></dataPoint>
        <dataPoint><x4>6.180000E+01</x4><x5>1.304999E-01</x5><x6>1.108520E+01</x6></dataPoint>
        <dataPoint><x4>6.232000E+01</x4><x5>1.314897E-01</x5><x6>1.096518E+01</x6></dataPoint>
        <dataPoint><x4>6.532000E+01</x4><x5>1.347428E-01</x5><x6>1.058566E+01</x6></dataPoint>
        <dataPoint><x4>7.032000E+01</x4><x5>1.377122E-01</x5><x6>1.025804E+01</x6></dataPoint>
        <dataPoint><x4>7.732000E+01</x4><x5>1.421010E-01</x5><x6>9.803918E+00</x6></dataPoint>
        <dataPoint><x4>8.632000E+01</x4><x5>1.457952E-01</x5><x6>9.447107E+00</x6></dataPoint>
        <dataPoint><x4>9.732000E+01</x4><x5>1.487771E-01</x5><x6>9.174632E+00</x6></dataPoint>
        <dataPoint><x4>1.103200E+02</x4><x5>1.513775E-01</x5><x6>8.947570E+00</x6></dataPoint>
        <dataPoint><x4>1.253200E+02</x4><x5>1.536170E-01</x5><x6>8.759433E+00</x6></dataPoint>
        <dataPoint><x4>1.423200E+02</x4><x5>1.563881E-01</x5><x6>8.535615E+00</x6></dataPoint>
        <dataPoint><x4>1.613200E+02</x4><x5>1.591547E-01</x5><x6>8.321528E+00</x6></dataPoint>
        <dataPoint><x4>1.823200E+02</x4><x5>1.618641E-01</x5><x6>8.120416E+00</x6></dataPoint>
        <dataPoint><x4>2.053200E+02</x4><x5>1.645019E-01</x5><x6>7.932279E+00</x6></dataPoint>
        <dataPoint><x4>2.303200E+02</x4><x5>1.673428E-01</x5><x6>7.737654E+00</x6></dataPoint>
        <dataPoint><x4>2.573200E+02</x4><x5>1.698529E-01</x5><x6>7.572224E+00</x6></dataPoint>
        <dataPoint><x4>2.863200E+02</x4><x5>1.726122E-01</x5><x6>7.397062E+00</x6></dataPoint>
        <dataPoint><x4>3.173200E+02</x4><x5>1.752660E-01</x5><x6>7.234874E+00</x6></dataPoint>
        <dataPoint><x4>3.503200E+02</x4><x5>1.781893E-01</x5><x6>7.062956E+00</x6></dataPoint>
        <dataPoint><x4>3.853200E+02</x4><x5>1.811750E-01</x5><x6>6.894282E+00</x6></dataPoint>
        <dataPoint><x4>4.223200E+02</x4><x5>1.842237E-01</x5><x6>6.728851E+00</x6></dataPoint>
        <dataPoint><x4>4.613200E+02</x4><x5>1.872727E-01</x5><x6>6.569907E+00</x6></dataPoint>
        <dataPoint><x4>5.023200E+02</x4><x5>1.903809E-01</x5><x6>6.414208E+00</x6></dataPoint>
        <dataPoint><x4>5.453200E+02</x4><x5>1.933423E-01</x5><x6>6.271483E+00</x6></dataPoint>
        <dataPoint><x4>5.903200E+02</x4><x5>1.963467E-01</x5><x6>6.132002E+00</x6></dataPoint>
        <dataPoint><x4>6.373200E+02</x4><x5>1.993190E-01</x5><x6>5.999009E+00</x6></dataPoint>
        <dataPoint><x4>6.863200E+02</x4><x5>2.021733E-01</x5><x6>5.875747E+00</x6></dataPoint>
        <dataPoint><x4>7.373200E+02</x4><x5>2.048917E-01</x5><x6>5.762216E+00</x6></dataPoint>
        <dataPoint><x4>7.903200E+02</x4><x5>2.075375E-01</x5><x6>5.655172E+00</x6></dataPoint>
        <dataPoint><x4>8.453200E+02</x4><x5>2.100998E-01</x5><x6>5.554616E+00</x6></dataPoint>
        <dataPoint><x4>9.023200E+02</x4><x5>2.124812E-01</x5><x6>5.463791E+00</x6></dataPoint>
        <dataPoint><x4>9.613200E+02</x4><x5>2.147522E-01</x5><x6>5.379454E+00</x6></dataPoint>
        <dataPoint><x4>1.022320E+03</x4><x5>2.169921E-01</x5><x6>5.298360E+00</x6></dataPoint>
        <dataPoint><x4>1.085320E+03</x4><x5>2.189181E-01</x5><x6>5.230242E+00</x6></dataPoint>
        <dataPoint><x4>1.150320E+03</x4><x5>2.207915E-01</x5><x6>5.165367E+00</x6></dataPoint>
        <dataPoint><x4>1.217320E+03</x4><x5>2.225112E-01</x5><x6>5.106980E+00</x6></dataPoint>
        <dataPoint><x4>1.286320E+03</x4><x5>2.242639E-01</x5><x6>5.048592E+00</x6></dataPoint>
        <dataPoint><x4>1.357320E+03</x4><x5>2.257503E-01</x5><x6>4.999936E+00</x6></dataPoint>
        <dataPoint><x4>1.430320E+03</x4><x5>2.273625E-01</x5><x6>4.948036E+00</x6></dataPoint>
        <dataPoint><x4>1.505320E+03</x4><x5>2.283844E-01</x5><x6>4.915599E+00</x6></dataPoint>
        <dataPoint><x4>1.582320E+03</x4><x5>2.296255E-01</x5><x6>4.876674E+00</x6></dataPoint>
        <dataPoint><x4>1.661320E+03</x4><x5>2.307778E-01</x5><x6>4.840993E+00</x6></dataPoint>
        <dataPoint><x4>1.742320E+03</x4><x5>2.315183E-01</x5><x6>4.818287E+00</x6></dataPoint>
        <dataPoint><x4>1.825320E+03</x4><x5>2.323719E-01</x5><x6>4.792337E+00</x6></dataPoint>
    </dataGroup>
</experiment>
