<experiment>
    <fileAuthor>Chemical Kinetics Laboratory, Institute of Chemistry, ELTE, Budapest, Hungary</fileAuthor>
    <fileDOI>10.24388/x40004008</fileDOI>
    <fileVersion>
        <major>2</major>
        <minor>3</minor>
    </fileVersion>
    <ReSpecThVersion>
        <major>2</major>
        <minor>3</minor>
    </ReSpecThVersion>
    <firstPublicationDate>2020-09-08</firstPublicationDate>
    <lastModificationDate>2020-11-18</lastModificationDate>
    <bibliographyLink>
        <description>Y. Yu, Cinétique D'Auto-Inflammation de Carburants Gazeux a Haute Pression: Etude Experimentale et de Modelisation, PhD Thesis, 2012</description>
        <location>Main Article + Personal Communication</location>
        <table>Annexes, I, 1.1.2</table>
        <figure>Chapter IV, Figure 1, CH4 phi = 1.0, M3</figure>
        <details>
            <author>Y, Yu</author>
            <month>12</month>
            <school>Université Lille 1</school>
            <title>Cinétique d'auto-inflammation de carburants gazeux a haute pression: etude experimentale et de modelisation</title>
            <year>2012</year>
        </details>
    </bibliographyLink>
    <experimentType>ignition delay measurement</experimentType>
    <apparatus>
        <kind>rapid compression machine</kind>
    </apparatus>
    <commonProperties>
        <property name="initial composition"           sourcetype="reported"  >
            <component><speciesLink preferredKey="CH4"  CAS="74-82-8"    InChI="1S/CH4/h1H4"  SMILES="C"     chemName="methane"  /><amount units="mole fraction" >0.09474</amount></component>
            <component><speciesLink preferredKey="O2"   CAS="7782-44-7"  InChI="1S/O2/c1-2"   SMILES="O=O"   chemName="oxygen"   /><amount units="mole fraction" >0.18949</amount></component>
            <component><speciesLink preferredKey="N2"   CAS="7727-37-9"  InChI="1S/N2/c1-2"   SMILES="N#N"   chemName="nitrogen" /><amount units="mole fraction" >0.10970</amount></component>
            <component><speciesLink preferredKey="Ar"   CAS="7440-37-1"  InChI="1S/Ar"        SMILES="[Ar]"  chemName="argon"    /><amount units="mole fraction" >0.60606</amount></component>
        </property>
        <property name="evaluated standard deviation"  sourcetype="estimated"  units="unitless"       reference="ignition delay"  kind="relative"  method="generic uncertainty" ><value>0.1</value></property>
    </commonProperties>
    <dataGroup id="dg1" label="measured data">
        <property name="pressure"        id="x1"   label="P"              sourcetype="reported"  units="Torr" />
        <property name="temperature"     id="x2"   label="T"              sourcetype="reported"  units="K"    />
        <property name="ignition delay"  id="x3"   label="tau"            sourcetype="reported"  units="ms"   />

        <dataPoint><x1>800</x1><x2>363.25</x2> <x3>80.40</x3></dataPoint>
        <dataPoint><x1>800</x1><x2>363.85</x2> <x3>73.32</x3></dataPoint>
        <dataPoint><x1>800</x1><x2>364.05</x2> <x3>80.14</x3></dataPoint>
        <dataPoint><x1>800</x1><x2>363.75</x2> <x3>78.60</x3></dataPoint>
        <dataPoint><x1>700</x1><x2>364.15</x2><x3>100.20</x3></dataPoint>
        <dataPoint><x1>700</x1><x2>363.95</x2><x3>111.53</x3></dataPoint>
        <dataPoint><x1>700</x1><x2>364.05</x2><x3>101.78</x3></dataPoint>
        <dataPoint><x1>700</x1><x2>364.45</x2><x3>103.56</x3></dataPoint>
        <dataPoint><x1>600</x1><x2>364.15</x2><x3>176.04</x3></dataPoint>
        <dataPoint><x1>600</x1><x2>363.95</x2><x3>172.92</x3></dataPoint>
        <dataPoint><x1>600</x1><x2>363.25</x2><x3>235.05</x3></dataPoint>
    </dataGroup>
    <ignitionType target="p;" type="d/dt max"/>
    <dataGroup id="dg2" label="V-t history" dataPointLink="1;2;3;4">
        <property name="time"      id="x4"   label="t"            sourcetype="calculated"  units="ms"  />
        <property name="volume"    id="x5"   label="V"            sourcetype="calculated"  units="cm3" />
        <property name="pressure"  id="x6"   label="p"            sourcetype="calculated"  units="bar"  kind="nonreactive" />

        <dataPoint><x4>0.000000E+00</x4><x5>1.000000E+00</x5><x6>1.066576E+00</x6></dataPoint>
        <dataPoint><x4>6.000000E+00</x4><x5>9.550895E-01</x5><x6>1.142308E+00</x6></dataPoint>
        <dataPoint><x4>1.200000E+01</x4><x5>9.028443E-01</x5><x6>1.242252E+00</x6></dataPoint>
        <dataPoint><x4>1.800000E+01</x4><x5>8.344835E-01</x5><x6>1.396711E+00</x6></dataPoint>
        <dataPoint><x4>2.400000E+01</x4><x5>7.539556E-01</x5><x6>1.623857E+00</x6></dataPoint>
        <dataPoint><x4>3.000000E+01</x4><x5>6.584549E-01</x5><x6>1.984261E+00</x6></dataPoint>
        <dataPoint><x4>3.600000E+01</x4><x5>5.495171E-01</x5><x6>2.589982E+00</x6></dataPoint>
        <dataPoint><x4>4.200000E+01</x4><x5>4.329443E-01</x5><x6>3.671194E+00</x6></dataPoint>
        <dataPoint><x4>4.800000E+01</x4><x5>3.104975E-01</x5><x6>5.942649E+00</x6></dataPoint>
        <dataPoint><x4>5.400000E+01</x4><x5>1.942504E-01</x5><x6>1.160917E+01</x6></dataPoint>
        <dataPoint><x4>6.000000E+01</x4><x5>1.288106E-01</x5><x6>2.067683E+01</x6></dataPoint>
        <dataPoint><x4>6.124000E+01</x4><x5>1.273037E-01</x5><x6>2.101906E+01</x6></dataPoint>
        <dataPoint><x4>6.144000E+01</x4><x5>1.273959E-01</x5><x6>2.099786E+01</x6></dataPoint>
        <dataPoint><x4>6.444000E+01</x4><x5>1.293542E-01</x5><x6>2.055568E+01</x6></dataPoint>
        <dataPoint><x4>6.944000E+01</x4><x5>1.315839E-01</x5><x6>2.007110E+01</x6></dataPoint>
        <dataPoint><x4>7.644000E+01</x4><x5>1.338178E-01</x5><x6>1.960470E+01</x6></dataPoint>
        <dataPoint><x4>8.544000E+01</x4><x5>1.358514E-01</x5><x6>1.919584E+01</x6></dataPoint>
        <dataPoint><x4>9.644000E+01</x4><x5>1.380073E-01</x5><x6>1.877789E+01</x6></dataPoint>
        <dataPoint><x4>1.094400E+02</x4><x5>1.404614E-01</x5><x6>1.832057E+01</x6></dataPoint>
        <dataPoint><x4>1.244400E+02</x4><x5>1.424180E-01</x5><x6>1.796925E+01</x6></dataPoint>
        <dataPoint><x4>1.414400E+02</x4><x5>1.440869E-01</x5><x6>1.767850E+01</x6></dataPoint>
        <dataPoint><x4>1.604400E+02</x4><x5>1.454775E-01</x5><x6>1.744227E+01</x6></dataPoint>
        <dataPoint><x4>1.814400E+02</x4><x5>1.470110E-01</x5><x6>1.718787E+01</x6></dataPoint>
        <dataPoint><x4>2.044400E+02</x4><x5>1.485644E-01</x5><x6>1.693649E+01</x6></dataPoint>
        <dataPoint><x4>2.294400E+02</x4><x5>1.503129E-01</x5><x6>1.666089E+01</x6></dataPoint>
        <dataPoint><x4>2.564400E+02</x4><x5>1.520708E-01</x5><x6>1.639134E+01</x6></dataPoint>
        <dataPoint><x4>2.854400E+02</x4><x5>1.538577E-01</x5><x6>1.612483E+01</x6></dataPoint>
        <dataPoint><x4>3.164400E+02</x4><x5>1.557163E-01</x5><x6>1.585528E+01</x6></dataPoint>
        <dataPoint><x4>3.494400E+02</x4><x5>1.576726E-01</x5><x6>1.557968E+01</x6></dataPoint>
        <dataPoint><x4>3.844400E+02</x4><x5>1.596657E-01</x5><x6>1.530710E+01</x6></dataPoint>
        <dataPoint><x4>4.214400E+02</x4><x5>1.616964E-01</x5><x6>1.503756E+01</x6></dataPoint>
        <dataPoint><x4>4.604400E+02</x4><x5>1.637178E-01</x5><x6>1.477710E+01</x6></dataPoint>
        <dataPoint><x4>5.014400E+02</x4><x5>1.658740E-01</x5><x6>1.450755E+01</x6></dataPoint>
        <dataPoint><x4>5.444400E+02</x4><x5>1.680987E-01</x5><x6>1.423800E+01</x6></dataPoint>
        <dataPoint><x4>5.894400E+02</x4><x5>1.701600E-01</x5><x6>1.399572E+01</x6></dataPoint>
        <dataPoint><x4>6.364400E+02</x4><x5>1.724439E-01</x5><x6>1.373525E+01</x6></dataPoint>
        <dataPoint><x4>6.854400E+02</x4><x5>1.746350E-01</x5><x6>1.349297E+01</x6></dataPoint>
        <dataPoint><x4>7.364400E+02</x4><x5>1.769507E-01</x5><x6>1.324462E+01</x6></dataPoint>
        <dataPoint><x4>7.894400E+02</x4><x5>1.791632E-01</x5><x6>1.301445E+01</x6></dataPoint>
        <dataPoint><x4>8.444400E+02</x4><x5>1.813208E-01</x5><x6>1.279639E+01</x6></dataPoint>
        <dataPoint><x4>9.014400E+02</x4><x5>1.835412E-01</x5><x6>1.257833E+01</x6></dataPoint>
        <dataPoint><x4>9.604400E+02</x4><x5>1.856022E-01</x5><x6>1.238147E+01</x6></dataPoint>
        <dataPoint><x4>1.021440E+03</x4><x5>1.877519E-01</x5><x6>1.218158E+01</x6></dataPoint>
        <dataPoint><x4>1.084440E+03</x4><x5>1.897584E-01</x5><x6>1.199986E+01</x6></dataPoint>
        <dataPoint><x4>1.149440E+03</x4><x5>1.918167E-01</x5><x6>1.181815E+01</x6></dataPoint>
        <dataPoint><x4>1.216440E+03</x4><x5>1.936440E-01</x5><x6>1.166066E+01</x6></dataPoint>
        <dataPoint><x4>1.285440E+03</x4><x5>1.954405E-01</x5><x6>1.150923E+01</x6></dataPoint>
        <dataPoint><x4>1.356440E+03</x4><x5>1.972773E-01</x5><x6>1.135780E+01</x6></dataPoint>
        <dataPoint><x4>1.429440E+03</x4><x5>1.990038E-01</x5><x6>1.121848E+01</x6></dataPoint>
        <dataPoint><x4>1.504440E+03</x4><x5>2.007668E-01</x5><x6>1.107917E+01</x6></dataPoint>
        <dataPoint><x4>1.581440E+03</x4><x5>2.023303E-01</x5><x6>1.095802E+01</x6></dataPoint>
        <dataPoint><x4>1.660440E+03</x4><x5>2.037625E-01</x5><x6>1.084899E+01</x6></dataPoint>
        <dataPoint><x4>1.741440E+03</x4><x5>2.052599E-01</x5><x6>1.073693E+01</x6></dataPoint>
        <dataPoint><x4>1.824440E+03</x4><x5>2.066177E-01</x5><x6>1.063699E+01</x6></dataPoint>
    </dataGroup>
    <dataGroup id="dg2" label="V-t history" dataPointLink="5;6;7;8">
        <property name="time"      id="x4"   label="t"            sourcetype="calculated"  units="ms"  />
        <property name="volume"    id="x5"   label="V"            sourcetype="calculated"  units="cm3" />
        <property name="pressure"  id="x6"   label="p"            sourcetype="calculated"  units="bar"  kind="nonreactive" />

        <dataPoint><x4>0.000000E+00</x4><x5>1.000000E+00</x5><x6>9.332542E-01</x6></dataPoint>
        <dataPoint><x4>6.000000E+00</x4><x5>9.548448E-01</x5><x6>9.999001E-01</x6></dataPoint>
        <dataPoint><x4>1.200000E+01</x4><x5>9.075136E-01</x5><x6>1.078644E+00</x6></dataPoint>
        <dataPoint><x4>1.800000E+01</x4><x5>8.463304E-01</x5><x6>1.196759E+00</x6></dataPoint>
        <dataPoint><x4>2.400000E+01</x4><x5>7.672364E-01</x5><x6>1.384533E+00</x6></dataPoint>
        <dataPoint><x4>3.000000E+01</x4><x5>6.688502E-01</x5><x6>1.696479E+00</x6></dataPoint>
        <dataPoint><x4>3.600000E+01</x4><x5>5.597982E-01</x5><x6>2.205285E+00</x6></dataPoint>
        <dataPoint><x4>4.100000E+01</x4><x5>4.608768E-01</x5><x6>2.932151E+00</x6></dataPoint>
        <dataPoint><x4>4.600000E+01</x4><x5>3.577659E-01</x5><x6>4.237480E+00</x6></dataPoint>
        <dataPoint><x4>5.100000E+01</x4><x5>2.537685E-01</x5><x6>6.945054E+00</x6></dataPoint>
        <dataPoint><x4>5.600000E+01</x4><x5>1.576365E-01</x5><x6>1.363525E+01</x6></dataPoint>
        <dataPoint><x4>6.060000E+01</x4><x5>1.270313E-01</x5><x6>1.844468E+01</x6></dataPoint>
        <dataPoint><x4>6.096000E+01</x4><x5>1.272712E-01</x5><x6>1.839622E+01</x6></dataPoint>
        <dataPoint><x4>6.396000E+01</x4><x5>1.295571E-01</x5><x6>1.794496E+01</x6></dataPoint>
        <dataPoint><x4>6.896000E+01</x4><x5>1.319426E-01</x5><x6>1.749369E+01</x6></dataPoint>
        <dataPoint><x4>7.596000E+01</x4><x5>1.343320E-01</x5><x6>1.706060E+01</x6></dataPoint>
        <dataPoint><x4>8.496000E+01</x4><x5>1.364532E-01</x5><x6>1.669111E+01</x6></dataPoint>
        <dataPoint><x4>9.596000E+01</x4><x5>1.383435E-01</x5><x6>1.637311E+01</x6></dataPoint>
        <dataPoint><x4>1.089600E+02</x4><x5>1.400704E-01</x5><x6>1.609145E+01</x6></dataPoint>
        <dataPoint><x4>1.239600E+02</x4><x5>1.418491E-01</x5><x6>1.580979E+01</x6></dataPoint>
        <dataPoint><x4>1.409600E+02</x4><x5>1.434625E-01</x5><x6>1.556144E+01</x6></dataPoint>
        <dataPoint><x4>1.599600E+02</x4><x5>1.452841E-01</x5><x6>1.528887E+01</x6></dataPoint>
        <dataPoint><x4>1.809600E+02</x4><x5>1.471827E-01</x5><x6>1.501326E+01</x6></dataPoint>
        <dataPoint><x4>2.039600E+02</x4><x5>1.491847E-01</x5><x6>1.473160E+01</x6></dataPoint>
        <dataPoint><x4>2.289600E+02</x4><x5>1.509819E-01</x5><x6>1.448629E+01</x6></dataPoint>
        <dataPoint><x4>2.559600E+02</x4><x5>1.529239E-01</x5><x6>1.422885E+01</x6></dataPoint>
        <dataPoint><x4>2.849600E+02</x4><x5>1.549740E-01</x5><x6>1.396537E+01</x6></dataPoint>
        <dataPoint><x4>3.159600E+02</x4><x5>1.569176E-01</x5><x6>1.372308E+01</x6></dataPoint>
        <dataPoint><x4>3.489600E+02</x4><x5>1.589454E-01</x5><x6>1.347776E+01</x6></dataPoint>
        <dataPoint><x4>3.839600E+02</x4><x5>1.610889E-01</x5><x6>1.322638E+01</x6></dataPoint>
        <dataPoint><x4>4.209600E+02</x4><x5>1.631939E-01</x5><x6>1.298712E+01</x6></dataPoint>
        <dataPoint><x4>4.599600E+02</x4><x5>1.655330E-01</x5><x6>1.272969E+01</x6></dataPoint>
        <dataPoint><x4>5.009600E+02</x4><x5>1.677507E-01</x5><x6>1.249346E+01</x6></dataPoint>
        <dataPoint><x4>5.439600E+02</x4><x5>1.700105E-01</x5><x6>1.226026E+01</x6></dataPoint>
        <dataPoint><x4>5.889600E+02</x4><x5>1.722207E-01</x5><x6>1.203917E+01</x6></dataPoint>
        <dataPoint><x4>6.359600E+02</x4><x5>1.744053E-01</x5><x6>1.182717E+01</x6></dataPoint>
        <dataPoint><x4>6.849600E+02</x4><x5>1.768531E-01</x5><x6>1.159699E+01</x6></dataPoint>
        <dataPoint><x4>7.359600E+02</x4><x5>1.791135E-01</x5><x6>1.139105E+01</x6></dataPoint>
        <dataPoint><x4>7.889600E+02</x4><x5>1.812700E-01</x5><x6>1.120025E+01</x6></dataPoint>
        <dataPoint><x4>8.439600E+02</x4><x5>1.835966E-01</x5><x6>1.100036E+01</x6></dataPoint>
        <dataPoint><x4>9.009600E+02</x4><x5>1.857006E-01</x5><x6>1.082470E+01</x6></dataPoint>
        <dataPoint><x4>9.599600E+02</x4><x5>1.880142E-01</x5><x6>1.063693E+01</x6></dataPoint>
        <dataPoint><x4>1.020960E+03</x4><x5>1.900470E-01</x5><x6>1.047641E+01</x6></dataPoint>
        <dataPoint><x4>1.083960E+03</x4><x5>1.921729E-01</x5><x6>1.031286E+01</x6></dataPoint>
        <dataPoint><x4>1.148960E+03</x4><x5>1.939882E-01</x5><x6>1.017658E+01</x6></dataPoint>
        <dataPoint><x4>1.215960E+03</x4><x5>1.960118E-01</x5><x6>1.002818E+01</x6></dataPoint>
        <dataPoint><x4>1.284960E+03</x4><x5>1.980008E-01</x5><x6>9.885831E+00</x6></dataPoint>
        <dataPoint><x4>1.355960E+03</x4><x5>1.996007E-01</x5><x6>9.773772E+00</x6></dataPoint>
        <dataPoint><x4>1.428960E+03</x4><x5>2.013654E-01</x5><x6>9.652628E+00</x6></dataPoint>
        <dataPoint><x4>1.503960E+03</x4><x5>2.030312E-01</x5><x6>9.540570E+00</x6></dataPoint>
        <dataPoint><x4>1.580960E+03</x4><x5>2.046375E-01</x5><x6>9.434568E+00</x6></dataPoint>
        <dataPoint><x4>1.659960E+03</x4><x5>2.062272E-01</x5><x6>9.331596E+00</x6></dataPoint>
        <dataPoint><x4>1.740960E+03</x4><x5>2.076545E-01</x5><x6>9.240738E+00</x6></dataPoint>
        <dataPoint><x4>1.823960E+03</x4><x5>2.089107E-01</x5><x6>9.161994E+00</x6></dataPoint>
    </dataGroup>
    <dataGroup id="dg2" label="V-t history" dataPointLink="9;10;11">
        <property name="time"      id="x4"   label="t"            sourcetype="calculated"  units="ms"  />
        <property name="volume"    id="x5"   label="V"            sourcetype="calculated"  units="cm3" />
        <property name="pressure"  id="x6"   label="p"            sourcetype="calculated"  units="bar"  kind="nonreactive" />

        <dataPoint><x4>0.000000E+00</x4><x5>1.000000E+00</x5><x6>7.999321E-01</x6></dataPoint>
        <dataPoint><x4>6.000000E+00</x4><x5>9.567872E-01</x5><x6>8.544632E-01</x6></dataPoint>
        <dataPoint><x4>1.200000E+01</x4><x5>9.018572E-01</x5><x6>9.332070E-01</x6></dataPoint>
        <dataPoint><x4>1.800000E+01</x4><x5>8.389712E-01</x5><x6>1.039208E+00</x6></dataPoint>
        <dataPoint><x4>2.400000E+01</x4><x5>7.603391E-01</x5><x6>1.202753E+00</x6></dataPoint>
        <dataPoint><x4>3.000000E+01</x4><x5>6.679125E-01</x5><x6>1.457156E+00</x6></dataPoint>
        <dataPoint><x4>3.600000E+01</x4><x5>5.610267E-01</x5><x6>1.884189E+00</x6></dataPoint>
        <dataPoint><x4>4.200000E+01</x4><x5>4.426729E-01</x5><x6>2.665570E+00</x6></dataPoint>
        <dataPoint><x4>4.700000E+01</x4><x5>3.408870E-01</x5><x6>3.895184E+00</x6></dataPoint>
        <dataPoint><x4>5.200000E+01</x4><x5>2.397218E-01</x5><x6>6.457384E+00</x6></dataPoint>
        <dataPoint><x4>5.700000E+01</x4><x5>1.470857E-01</x5><x6>1.288106E+01</x6></dataPoint>
        <dataPoint><x4>6.048000E+01</x4><x5>1.273689E-01</x5><x6>1.575218E+01</x6></dataPoint>
        <dataPoint><x4>6.136000E+01</x4><x5>1.282718E-01</x5><x6>1.559772E+01</x6></dataPoint>
        <dataPoint><x4>6.436000E+01</x4><x5>1.301978E-01</x5><x6>1.527669E+01</x6></dataPoint>
        <dataPoint><x4>6.936000E+01</x4><x5>1.326749E-01</x5><x6>1.487994E+01</x6></dataPoint>
        <dataPoint><x4>7.636000E+01</x4><x5>1.349838E-01</x5><x6>1.452559E+01</x6></dataPoint>
        <dataPoint><x4>8.536000E+01</x4><x5>1.371384E-01</x5><x6>1.420759E+01</x6></dataPoint>
        <dataPoint><x4>9.636000E+01</x4><x5>1.391162E-01</x5><x6>1.392593E+01</x6></dataPoint>
        <dataPoint><x4>1.093600E+02</x4><x5>1.410062E-01</x5><x6>1.366547E+01</x6></dataPoint>
        <dataPoint><x4>1.243600E+02</x4><x5>1.427049E-01</x5><x6>1.343832E+01</x6></dataPoint>
        <dataPoint><x4>1.413600E+02</x4><x5>1.445949E-01</x5><x6>1.319301E+01</x6></dataPoint>
        <dataPoint><x4>1.603600E+02</x4><x5>1.464963E-01</x5><x6>1.295375E+01</x6></dataPoint>
        <dataPoint><x4>1.813600E+02</x4><x5>1.484075E-01</x5><x6>1.272054E+01</x6></dataPoint>
        <dataPoint><x4>2.043600E+02</x4><x5>1.503009E-01</x5><x6>1.249643E+01</x6></dataPoint>
        <dataPoint><x4>2.293600E+02</x4><x5>1.525478E-01</x5><x6>1.223900E+01</x6></dataPoint>
        <dataPoint><x4>2.563600E+02</x4><x5>1.547087E-01</x5><x6>1.199974E+01</x6></dataPoint>
        <dataPoint><x4>2.853600E+02</x4><x5>1.569149E-01</x5><x6>1.176350E+01</x6></dataPoint>
        <dataPoint><x4>3.163600E+02</x4><x5>1.591376E-01</x5><x6>1.153333E+01</x6></dataPoint>
        <dataPoint><x4>3.493600E+02</x4><x5>1.612521E-01</x5><x6>1.132133E+01</x6></dataPoint>
        <dataPoint><x4>3.843600E+02</x4><x5>1.633078E-01</x5><x6>1.112144E+01</x6></dataPoint>
        <dataPoint><x4>4.213600E+02</x4><x5>1.657208E-01</x5><x6>1.089429E+01</x6></dataPoint>
        <dataPoint><x4>4.603600E+02</x4><x5>1.679493E-01</x5><x6>1.069138E+01</x6></dataPoint>
        <dataPoint><x4>5.013600E+02</x4><x5>1.704249E-01</x5><x6>1.047332E+01</x6></dataPoint>
        <dataPoint><x4>5.443600E+02</x4><x5>1.727355E-01</x5><x6>1.027646E+01</x6></dataPoint>
        <dataPoint><x4>5.893600E+02</x4><x5>1.750847E-01</x5><x6>1.008263E+01</x6></dataPoint>
        <dataPoint><x4>6.363600E+02</x4><x5>1.774341E-01</x5><x6>9.894853E+00</x6></dataPoint>
        <dataPoint><x4>6.853600E+02</x4><x5>1.797803E-01</x5><x6>9.713137E+00</x6></dataPoint>
        <dataPoint><x4>7.363600E+02</x4><x5>1.819968E-01</x5><x6>9.546563E+00</x6></dataPoint>
        <dataPoint><x4>7.893600E+02</x4><x5>1.843215E-01</x5><x6>9.376961E+00</x6></dataPoint>
        <dataPoint><x4>8.443600E+02</x4><x5>1.865444E-01</x5><x6>9.219474E+00</x6></dataPoint>
        <dataPoint><x4>9.013600E+02</x4><x5>1.888767E-01</x5><x6>9.058958E+00</x6></dataPoint>
        <dataPoint><x4>9.603600E+02</x4><x5>1.911876E-01</x5><x6>8.904499E+00</x6></dataPoint>
        <dataPoint><x4>1.021360E+03</x4><x5>1.932362E-01</x5><x6>8.771240E+00</x6></dataPoint>
        <dataPoint><x4>1.084360E+03</x4><x5>1.952410E-01</x5><x6>8.644038E+00</x6></dataPoint>
        <dataPoint><x4>1.149360E+03</x4><x5>1.972465E-01</x5><x6>8.519866E+00</x6></dataPoint>
        <dataPoint><x4>1.216360E+03</x4><x5>1.989472E-01</x5><x6>8.416893E+00</x6></dataPoint>
        <dataPoint><x4>1.285360E+03</x4><x5>2.007865E-01</x5><x6>8.307863E+00</x6></dataPoint>
        <dataPoint><x4>1.356360E+03</x4><x5>2.025612E-01</x5><x6>8.204890E+00</x6></dataPoint>
        <dataPoint><x4>1.429360E+03</x4><x5>2.042660E-01</x5><x6>8.107975E+00</x6></dataPoint>
        <dataPoint><x4>1.504360E+03</x4><x5>2.059506E-01</x5><x6>8.014088E+00</x6></dataPoint>
        <dataPoint><x4>1.581360E+03</x4><x5>2.075008E-01</x5><x6>7.929287E+00</x6></dataPoint>
        <dataPoint><x4>1.660360E+03</x4><x5>2.090222E-01</x5><x6>7.847515E+00</x6></dataPoint>
        <dataPoint><x4>1.741360E+03</x4><x5>2.104549E-01</x5><x6>7.771800E+00</x6></dataPoint>
        <dataPoint><x4>1.824360E+03</x4><x5>2.116180E-01</x5><x6>7.711227E+00</x6></dataPoint>
    </dataGroup>
</experiment>
