<experiment>
    <fileAuthor>Chemical Kinetics Laboratory, Institute of Chemistry, ELTE, Budapest, Hungary</fileAuthor>
    <fileDOI>10.24388/x40004055</fileDOI>
    <fileVersion>
        <major>2</major>
        <minor>3</minor>
    </fileVersion>
    <ReSpecThVersion>
        <major>2</major>
        <minor>3</minor>
    </ReSpecThVersion>
    <firstPublicationDate>2020-09-08</firstPublicationDate>
    <lastModificationDate>2020-11-18</lastModificationDate>
    <bibliographyLink>
        <description>S. Gersen, H. Darmeveil, H. Levinsky, Combustion and Flame 159 (2012), 3472–3475.</description>
        <referenceDOI>10.1016/j.combustflame.2012.06.021</referenceDOI>
        <location>Main Article + Supplementary + Personal Communication</location>
        <table>Supplementary material, Appendix A, Appendix B</table>
        <figure>Fig. 2, Pc = 40 bar, phi = 1.0, CH4:H2:CO = 8:0:2 series</figure>
        <details>
            <author>S. Gersen, H. Darmeveil, H. Levinsky</author>
            <journal>Combust Flame</journal>
            <pages>3472–-3475</pages>
            <title>The effects of CO addition on the autoignition of H2, CH4 and CH4/H2 fuels at high pressure in an RCM</title>
            <volume>159</volume>
            <year>2012</year>
        </details>
    </bibliographyLink>
    <experimentType>ignition delay measurement</experimentType>
    <apparatus>
        <kind>rapid compression machine</kind>
    </apparatus>
    <commonProperties>
        <property name="initial composition"           sourcetype="reported"  >
            <component><speciesLink preferredKey="CH4"  CAS="74-82-8"    InChI="1S/CH4/h1H4"  SMILES="C"          chemName="methane"         /><amount units="mole fraction" >0.084</amount></component>
            <component><speciesLink preferredKey="H2"   CAS="1333-74-0"  InChI="1S/H2/h1H"    SMILES="[HH]"       chemName="hydrogen"        /><amount units="mole fraction" >0</amount></component>
            <component><speciesLink preferredKey="CO"   CAS="630-08-0"   InChI="1S/CO/c1-2"   SMILES="[C-]#[O+]"  chemName="carbon monoxide" /><amount units="mole fraction" >0.021</amount></component>
            <component><speciesLink preferredKey="O2"   CAS="7782-44-7"  InChI="1S/O2/c1-2"   SMILES="O=O"        chemName="oxygen"          /><amount units="mole fraction" >0.179</amount></component>
            <component><speciesLink preferredKey="N2"   CAS="7727-37-9"  InChI="1S/N2/c1-2"   SMILES="N#N"        chemName="nitrogen"        /><amount units="mole fraction" >0.300</amount></component>
            <component><speciesLink preferredKey="Ar"   CAS="7440-37-1"  InChI="1S/Ar"        SMILES="[Ar]"       chemName="argon"           /><amount units="mole fraction" >0.416</amount></component>
        </property>
        <property name="evaluated standard deviation"  sourcetype="estimated"  units="unitless"       reference="ignition delay"  kind="relative"  method="generic uncertainty" ><value>0.1</value></property>
    </commonProperties>
    <dataGroup id="dg1" label="measured data">
        <property name="pressure"        id="x1"   label="P"              sourcetype="reported"  units="bar" />
        <property name="temperature"     id="x2"   label="T"              sourcetype="reported"  units="K"   />
        <property name="ignition delay"  id="x3"   label="tau"            sourcetype="reported"  units="ms"  />

        <dataPoint><x1>0.64</x1><x2>294.55</x2> <x3>8.2</x3></dataPoint>
        <dataPoint><x1>0.61</x1><x2>296.15</x2> <x3>6.0</x3></dataPoint>
        <dataPoint><x1>0.57</x1><x2>296.35</x2> <x3>3.8</x3></dataPoint>
        <dataPoint><x1>0.52</x1><x2>296.35</x2> <x3>2.6</x3></dataPoint>
        <dataPoint><x1>0.71</x1><x2>296.45</x2><x3>12.0</x3></dataPoint>
        <dataPoint><x1>0.77</x1><x2>296.55</x2><x3>19.4</x3></dataPoint>
    </dataGroup>
    <ignitionType target="p;" type="d/dt max"/>
    <dataGroup id="dg2" label="V-t history" dataPointLink="1">
        <property name="time"      id="x4"   label="t"            sourcetype="calculated"  units="s"   />
        <property name="volume"    id="x5"   label="V"            sourcetype="calculated"  units="cm3" />
        <property name="pressure"  id="x6"   label="p"            sourcetype="estimated"   units="bar"  kind="reactive" />

        <dataPoint><x4>0.000000E+00</x4><x5>1.000000E+00</x5><x6>6.400000E-01</x6></dataPoint>
        <dataPoint><x4>1.386000E-01</x4><x5>1.000000E+00</x5><x6>6.400000E-01</x6></dataPoint>
        <dataPoint><x4>2.856000E-01</x4><x5>8.064950E-01</x5><x6>8.765255E-01</x6></dataPoint>
        <dataPoint><x4>2.966212E-01</x4><x5>6.386213E-01</x5><x6>1.231501E+00</x6></dataPoint>
        <dataPoint><x4>3.037640E-01</x4><x5>5.035678E-01</x5><x6>1.738196E+00</x6></dataPoint>
        <dataPoint><x4>3.077424E-01</x4><x5>4.175337E-01</x5><x6>2.278171E+00</x6></dataPoint>
        <dataPoint><x4>3.119309E-01</x4><x5>3.288285E-01</x5><x6>3.210740E+00</x6></dataPoint>
        <dataPoint><x4>3.129161E-01</x4><x5>3.049566E-01</x5><x6>3.576383E+00</x6></dataPoint>
        <dataPoint><x4>3.153187E-01</x4><x5>2.507471E-01</x5><x6>4.727566E+00</x6></dataPoint>
        <dataPoint><x4>3.164759E-01</x4><x5>2.245065E-01</x5><x6>5.530802E+00</x6></dataPoint>
        <dataPoint><x4>3.181930E-01</x4><x5>1.895501E-01</x5><x6>7.025895E+00</x6></dataPoint>
        <dataPoint><x4>3.190044E-01</x4><x5>1.717839E-01</x5><x6>8.070068E+00</x6></dataPoint>
        <dataPoint><x4>3.194235E-01</x4><x5>1.627986E-01</x5><x6>8.702558E+00</x6></dataPoint>
        <dataPoint><x4>3.198948E-01</x4><x5>1.520954E-01</x5><x6>9.573003E+00</x6></dataPoint>
        <dataPoint><x4>3.206101E-01</x4><x5>1.372987E-01</x5><x6>1.104551E+01</x6></dataPoint>
        <dataPoint><x4>3.211447E-01</x4><x5>1.256012E-01</x5><x6>1.250489E+01</x6></dataPoint>
        <dataPoint><x4>3.215968E-01</x4><x5>1.169449E-01</x5><x6>1.380973E+01</x6></dataPoint>
        <dataPoint><x4>3.218041E-01</x4><x5>1.127213E-01</x5><x6>1.453284E+01</x6></dataPoint>
        <dataPoint><x4>3.223420E-01</x4><x5>1.017979E-01</x5><x6>1.673519E+01</x6></dataPoint>
        <dataPoint><x4>3.230887E-01</x4><x5>8.736152E-02</x5><x6>2.066314E+01</x6></dataPoint>
        <dataPoint><x4>3.242654E-01</x4><x5>6.877606E-02</x5><x6>2.867690E+01</x6></dataPoint>
        <dataPoint><x4>3.245364E-01</x4><x5>6.620626E-02</x5><x6>3.020634E+01</x6></dataPoint>
        <dataPoint><x4>3.264774E-01</x4><x5>5.470567E-02</x5><x6>3.915714E+01</x6></dataPoint>
        <dataPoint><x4>3.272000E-01</x4><x5>5.391317E-02</x5><x6>3.994000E+01</x6></dataPoint>
        <dataPoint><x4>3.312000E-01</x4><x5>5.502545E-02</x5><x6>3.884869E+01</x6></dataPoint>
        <dataPoint><x4>3.352000E-01</x4><x5>5.592861E-02</x5><x6>3.799968E+01</x6></dataPoint>
        <dataPoint><x4>3.392000E-01</x4><x5>5.663291E-02</x5><x6>3.735948E+01</x6></dataPoint>
        <dataPoint><x4>3.432000E-01</x4><x5>5.717785E-02</x5><x6>3.687673E+01</x6></dataPoint>
        <dataPoint><x4>3.472000E-01</x4><x5>5.759693E-02</x5><x6>3.651271E+01</x6></dataPoint>
        <dataPoint><x4>3.512000E-01</x4><x5>5.791772E-02</x5><x6>3.623822E+01</x6></dataPoint>
        <dataPoint><x4>3.552000E-01</x4><x5>5.816239E-02</x5><x6>3.603124E+01</x6></dataPoint>
        <dataPoint><x4>3.592000E-01</x4><x5>5.834848E-02</x5><x6>3.587516E+01</x6></dataPoint>
        <dataPoint><x4>3.632000E-01</x4><x5>5.848973E-02</x5><x6>3.575747E+01</x6></dataPoint>
        <dataPoint><x4>3.672000E-01</x4><x5>5.859677E-02</x5><x6>3.566872E+01</x6></dataPoint>
        <dataPoint><x4>3.712000E-01</x4><x5>5.867778E-02</x5><x6>3.560180E+01</x6></dataPoint>
        <dataPoint><x4>3.752000E-01</x4><x5>5.873904E-02</x5><x6>3.555134E+01</x6></dataPoint>
        <dataPoint><x4>3.792000E-01</x4><x5>5.878534E-02</x5><x6>3.551329E+01</x6></dataPoint>
        <dataPoint><x4>3.832000E-01</x4><x5>5.882030E-02</x5><x6>3.548460E+01</x6></dataPoint>
        <dataPoint><x4>3.872000E-01</x4><x5>5.884670E-02</x5><x6>3.546296E+01</x6></dataPoint>
    </dataGroup>
    <dataGroup id="dg2" label="V-t history" dataPointLink="2">
        <property name="time"      id="x4"   label="t"            sourcetype="calculated"  units="s"   />
        <property name="volume"    id="x5"   label="V"            sourcetype="calculated"  units="cm3" />
        <property name="pressure"  id="x6"   label="p"            sourcetype="estimated"   units="bar"  kind="reactive" />

        <dataPoint><x4>0.000000E+00</x4><x5>1.000000E+00</x5><x6>6.100000E-01</x6></dataPoint>
        <dataPoint><x4>1.168000E-01</x4><x5>1.000000E+00</x5><x6>6.100000E-01</x6></dataPoint>
        <dataPoint><x4>2.892000E-01</x4><x5>7.816103E-01</x5><x6>8.744823E-01</x6></dataPoint>
        <dataPoint><x4>3.035953E-01</x4><x5>5.239040E-01</x5><x6>1.564140E+00</x6></dataPoint>
        <dataPoint><x4>3.090000E-01</x4><x5>3.998330E-01</x5><x6>2.310469E+00</x6></dataPoint>
        <dataPoint><x4>3.124273E-01</x4><x5>3.304297E-01</x5><x6>3.037872E+00</x6></dataPoint>
        <dataPoint><x4>3.158318E-01</x4><x5>2.550006E-01</x5><x6>4.397272E+00</x6></dataPoint>
        <dataPoint><x4>3.185143E-01</x4><x5>1.981515E-01</x5><x6>6.286207E+00</x6></dataPoint>
        <dataPoint><x4>3.197419E-01</x4><x5>1.734091E-01</x5><x6>7.585419E+00</x6></dataPoint>
        <dataPoint><x4>3.212191E-01</x4><x5>1.419727E-01</x5><x6>1.003902E+01</x6></dataPoint>
        <dataPoint><x4>3.216444E-01</x4><x5>1.330538E-01</x5><x6>1.099013E+01</x6></dataPoint>
        <dataPoint><x4>3.222471E-01</x4><x5>1.208711E-01</x5><x6>1.256127E+01</x6></dataPoint>
        <dataPoint><x4>3.229346E-01</x4><x5>1.071317E-01</x5><x6>1.484891E+01</x6></dataPoint>
        <dataPoint><x4>3.234068E-01</x4><x5>9.797837E-02</x5><x6>1.679930E+01</x6></dataPoint>
        <dataPoint><x4>3.240076E-01</x4><x5>8.706981E-02</x5><x6>1.976464E+01</x6></dataPoint>
        <dataPoint><x4>3.242410E-01</x4><x5>8.281699E-02</x5><x6>2.117192E+01</x6></dataPoint>
        <dataPoint><x4>3.253806E-01</x4><x5>6.580263E-02</x5><x6>2.899719E+01</x6></dataPoint>
        <dataPoint><x4>3.259111E-01</x4><x5>6.178740E-02</x5><x6>3.159318E+01</x6></dataPoint>
        <dataPoint><x4>3.265238E-01</x4><x5>5.825739E-02</x5><x6>3.422390E+01</x6></dataPoint>
        <dataPoint><x4>3.270182E-01</x4><x5>5.545468E-02</x5><x6>3.659330E+01</x6></dataPoint>
        <dataPoint><x4>3.273980E-01</x4><x5>5.362949E-02</x5><x6>3.829259E+01</x6></dataPoint>
        <dataPoint><x4>3.275960E-01</x4><x5>5.287518E-02</x5><x6>3.903495E+01</x6></dataPoint>
        <dataPoint><x4>3.280155E-01</x4><x5>5.218409E-02</x5><x6>3.973711E+01</x6></dataPoint>
        <dataPoint><x4>3.286000E-01</x4><x5>5.194989E-02</x5><x6>3.998000E+01</x6></dataPoint>
        <dataPoint><x4>3.326000E-01</x4><x5>5.302184E-02</x5><x6>3.888869E+01</x6></dataPoint>
        <dataPoint><x4>3.366000E-01</x4><x5>5.389224E-02</x5><x6>3.803968E+01</x6></dataPoint>
        <dataPoint><x4>3.406000E-01</x4><x5>5.457099E-02</x5><x6>3.739948E+01</x6></dataPoint>
        <dataPoint><x4>3.446000E-01</x4><x5>5.509617E-02</x5><x6>3.691673E+01</x6></dataPoint>
        <dataPoint><x4>3.486000E-01</x4><x5>5.550005E-02</x5><x6>3.655271E+01</x6></dataPoint>
        <dataPoint><x4>3.526000E-01</x4><x5>5.580921E-02</x5><x6>3.627822E+01</x6></dataPoint>
        <dataPoint><x4>3.566000E-01</x4><x5>5.604500E-02</x5><x6>3.607124E+01</x6></dataPoint>
        <dataPoint><x4>3.606000E-01</x4><x5>5.622434E-02</x5><x6>3.591516E+01</x6></dataPoint>
        <dataPoint><x4>3.646000E-01</x4><x5>5.636047E-02</x5><x6>3.579747E+01</x6></dataPoint>
        <dataPoint><x4>3.686000E-01</x4><x5>5.646362E-02</x5><x6>3.570872E+01</x6></dataPoint>
        <dataPoint><x4>3.726000E-01</x4><x5>5.654170E-02</x5><x6>3.564180E+01</x6></dataPoint>
        <dataPoint><x4>3.766000E-01</x4><x5>5.660074E-02</x5><x6>3.559134E+01</x6></dataPoint>
        <dataPoint><x4>3.806000E-01</x4><x5>5.664535E-02</x5><x6>3.555329E+01</x6></dataPoint>
        <dataPoint><x4>3.846000E-01</x4><x5>5.667905E-02</x5><x6>3.552460E+01</x6></dataPoint>
        <dataPoint><x4>3.886000E-01</x4><x5>5.670449E-02</x5><x6>3.550296E+01</x6></dataPoint>
    </dataGroup>
    <dataGroup id="dg2" label="V-t history" dataPointLink="3">
        <property name="time"      id="x4"   label="t"            sourcetype="calculated"  units="s"   />
        <property name="volume"    id="x5"   label="V"            sourcetype="calculated"  units="cm3" />
        <property name="pressure"  id="x6"   label="p"            sourcetype="estimated"   units="bar"  kind="reactive" />

        <dataPoint><x4>0.000000E+00</x4><x5>1.000000E+00</x5><x6>5.700000E-01</x6></dataPoint>
        <dataPoint><x4>1.076000E-01</x4><x5>1.000000E+00</x5><x6>5.700000E-01</x6></dataPoint>
        <dataPoint><x4>2.900000E-01</x4><x5>7.581791E-01</x5><x6>8.542210E-01</x6></dataPoint>
        <dataPoint><x4>3.021037E-01</x4><x5>5.617940E-01</x5><x6>1.320917E+00</x6></dataPoint>
        <dataPoint><x4>3.086485E-01</x4><x5>4.336243E-01</x5><x6>1.920787E+00</x6></dataPoint>
        <dataPoint><x4>3.139936E-01</x4><x5>3.226726E-01</x5><x6>2.936733E+00</x6></dataPoint>
        <dataPoint><x4>3.175096E-01</x4><x5>2.432898E-01</x5><x6>4.392539E+00</x6></dataPoint>
        <dataPoint><x4>3.198129E-01</x4><x5>1.947637E-01</x5><x6>6.018216E+00</x6></dataPoint>
        <dataPoint><x4>3.212539E-01</x4><x5>1.677946E-01</x5><x6>7.422799E+00</x6></dataPoint>
        <dataPoint><x4>3.225855E-01</x4><x5>1.392124E-01</x5><x6>9.640462E+00</x6></dataPoint>
        <dataPoint><x4>3.233928E-01</x4><x5>1.231723E-01</x5><x6>1.143271E+01</x6></dataPoint>
        <dataPoint><x4>3.242744E-01</x4><x5>1.068394E-01</x5><x6>1.392613E+01</x6></dataPoint>
        <dataPoint><x4>3.250633E-01</x4><x5>9.191891E-02</x5><x6>1.713945E+01</x6></dataPoint>
        <dataPoint><x4>3.258679E-01</x4><x5>7.760760E-02</x5><x6>2.162368E+01</x6></dataPoint>
        <dataPoint><x4>3.262257E-01</x4><x5>7.151046E-02</x5><x6>2.418458E+01</x6></dataPoint>
        <dataPoint><x4>3.269981E-01</x4><x5>6.185056E-02</x5><x6>2.947603E+01</x6></dataPoint>
        <dataPoint><x4>3.278268E-01</x4><x5>5.676156E-02</x5><x6>3.312448E+01</x6></dataPoint>
        <dataPoint><x4>3.280004E-01</x4><x5>5.594564E-02</x5><x6>3.378191E+01</x6></dataPoint>
        <dataPoint><x4>3.282164E-01</x4><x5>5.463766E-02</x5><x6>3.488374E+01</x6></dataPoint>
        <dataPoint><x4>3.288317E-01</x4><x5>5.152512E-02</x5><x6>3.777012E+01</x6></dataPoint>
        <dataPoint><x4>3.290054E-01</x4><x5>5.078990E-02</x5><x6>3.851242E+01</x6></dataPoint>
        <dataPoint><x4>3.293905E-01</x4><x5>4.988009E-02</x5><x6>3.946640E+01</x6></dataPoint>
        <dataPoint><x4>3.295821E-01</x4><x5>4.963900E-02</x5><x6>3.972602E+01</x6></dataPoint>
        <dataPoint><x4>3.300000E-01</x4><x5>4.939664E-02</x5><x6>3.999000E+01</x6></dataPoint>
        <dataPoint><x4>3.340000E-01</x4><x5>5.041688E-02</x5><x6>3.889869E+01</x6></dataPoint>
        <dataPoint><x4>3.380000E-01</x4><x5>5.124533E-02</x5><x6>3.804968E+01</x6></dataPoint>
        <dataPoint><x4>3.420000E-01</x4><x5>5.189137E-02</x5><x6>3.740948E+01</x6></dataPoint>
        <dataPoint><x4>3.460000E-01</x4><x5>5.239124E-02</x5><x6>3.692673E+01</x6></dataPoint>
        <dataPoint><x4>3.500000E-01</x4><x5>5.277567E-02</x5><x6>3.656271E+01</x6></dataPoint>
        <dataPoint><x4>3.540000E-01</x4><x5>5.306994E-02</x5><x6>3.628822E+01</x6></dataPoint>
        <dataPoint><x4>3.580000E-01</x4><x5>5.329438E-02</x5><x6>3.608124E+01</x6></dataPoint>
        <dataPoint><x4>3.620000E-01</x4><x5>5.346508E-02</x5><x6>3.592516E+01</x6></dataPoint>
        <dataPoint><x4>3.660000E-01</x4><x5>5.359466E-02</x5><x6>3.580747E+01</x6></dataPoint>
        <dataPoint><x4>3.700000E-01</x4><x5>5.369285E-02</x5><x6>3.571872E+01</x6></dataPoint>
        <dataPoint><x4>3.740000E-01</x4><x5>5.376716E-02</x5><x6>3.565180E+01</x6></dataPoint>
        <dataPoint><x4>3.780000E-01</x4><x5>5.382336E-02</x5><x6>3.560134E+01</x6></dataPoint>
        <dataPoint><x4>3.820000E-01</x4><x5>5.386583E-02</x5><x6>3.556329E+01</x6></dataPoint>
        <dataPoint><x4>3.860000E-01</x4><x5>5.389791E-02</x5><x6>3.553460E+01</x6></dataPoint>
        <dataPoint><x4>3.900000E-01</x4><x5>5.392212E-02</x5><x6>3.551296E+01</x6></dataPoint>
    </dataGroup>
    <dataGroup id="dg2" label="V-t history" dataPointLink="4">
        <property name="time"      id="x4"   label="t"            sourcetype="calculated"  units="s"   />
        <property name="volume"    id="x5"   label="V"            sourcetype="calculated"  units="cm3" />
        <property name="pressure"  id="x6"   label="p"            sourcetype="estimated"   units="bar"  kind="reactive" />

        <dataPoint><x4>0.000000E+00</x4><x5>1.000000E+00</x5><x6>5.200000E-01</x6></dataPoint>
        <dataPoint><x4>1.162000E-01</x4><x5>1.000000E+00</x5><x6>5.200000E-01</x6></dataPoint>
        <dataPoint><x4>2.920000E-01</x4><x5>7.827031E-01</x5><x6>7.439364E-01</x6></dataPoint>
        <dataPoint><x4>2.980497E-01</x4><x5>6.888150E-01</x5><x6>8.961930E-01</x6></dataPoint>
        <dataPoint><x4>3.016138E-01</x4><x5>6.296089E-01</x5><x6>1.021329E+00</x6></dataPoint>
        <dataPoint><x4>3.071656E-01</x4><x5>5.431419E-01</x5><x6>1.265484E+00</x6></dataPoint>
        <dataPoint><x4>3.105657E-01</x4><x5>4.869339E-01</x5><x6>1.482224E+00</x6></dataPoint>
        <dataPoint><x4>3.152725E-01</x4><x5>4.076133E-01</x5><x6>1.915628E+00</x6></dataPoint>
        <dataPoint><x4>3.190938E-01</x4><x5>3.306124E-01</x5><x6>2.587490E+00</x6></dataPoint>
        <dataPoint><x4>3.216901E-01</x4><x5>2.801193E-01</x5><x6>3.278927E+00</x6></dataPoint>
        <dataPoint><x4>3.228536E-01</x4><x5>2.568497E-01</x5><x6>3.709945E+00</x6></dataPoint>
        <dataPoint><x4>3.251522E-01</x4><x5>2.153446E-01</x5><x6>4.763874E+00</x6></dataPoint>
        <dataPoint><x4>3.271389E-01</x4><x5>1.794302E-01</x5><x6>6.162679E+00</x6></dataPoint>
        <dataPoint><x4>3.287440E-01</x4><x5>1.478359E-01</x5><x6>8.086517E+00</x6></dataPoint>
        <dataPoint><x4>3.298978E-01</x4><x5>1.268489E-01</x5><x6>1.001182E+01</x6></dataPoint>
        <dataPoint><x4>3.312819E-01</x4><x5>1.036567E-01</x5><x6>1.324714E+01</x6></dataPoint>
        <dataPoint><x4>3.323417E-01</x4><x5>8.525539E-02</x5><x6>1.734094E+01</x6></dataPoint>
        <dataPoint><x4>3.329784E-01</x4><x5>7.490054E-02</x5><x6>2.070930E+01</x6></dataPoint>
        <dataPoint><x4>3.333930E-01</x4><x5>6.857893E-02</x5><x6>2.336086E+01</x6></dataPoint>
        <dataPoint><x4>3.340149E-01</x4><x5>6.072564E-02</x5><x6>2.757029E+01</x6></dataPoint>
        <dataPoint><x4>3.345263E-01</x4><x5>5.673846E-02</x5><x6>3.023552E+01</x6></dataPoint>
        <dataPoint><x4>3.351516E-01</x4><x5>5.366024E-02</x5><x6>3.261235E+01</x6></dataPoint>
        <dataPoint><x4>3.366569E-01</x4><x5>4.702858E-02</x5><x6>3.898817E+01</x6></dataPoint>
        <dataPoint><x4>3.376000E-01</x4><x5>4.629100E-02</x5><x6>3.983000E+01</x6></dataPoint>
        <dataPoint><x4>3.416000E-01</x4><x5>4.725246E-02</x5><x6>3.873869E+01</x6></dataPoint>
        <dataPoint><x4>3.456000E-01</x4><x5>4.803335E-02</x5><x6>3.788968E+01</x6></dataPoint>
        <dataPoint><x4>3.496000E-01</x4><x5>4.864240E-02</x5><x6>3.724948E+01</x6></dataPoint>
        <dataPoint><x4>3.536000E-01</x4><x5>4.911373E-02</x5><x6>3.676673E+01</x6></dataPoint>
        <dataPoint><x4>3.576000E-01</x4><x5>4.947624E-02</x5><x6>3.640271E+01</x6></dataPoint>
        <dataPoint><x4>3.616000E-01</x4><x5>4.975374E-02</x5><x6>3.612822E+01</x6></dataPoint>
        <dataPoint><x4>3.656000E-01</x4><x5>4.996541E-02</x5><x6>3.592124E+01</x6></dataPoint>
        <dataPoint><x4>3.696000E-01</x4><x5>5.012642E-02</x5><x6>3.576516E+01</x6></dataPoint>
        <dataPoint><x4>3.736000E-01</x4><x5>5.024863E-02</x5><x6>3.564747E+01</x6></dataPoint>
        <dataPoint><x4>3.776000E-01</x4><x5>5.034124E-02</x5><x6>3.555872E+01</x6></dataPoint>
        <dataPoint><x4>3.816000E-01</x4><x5>5.041134E-02</x5><x6>3.549180E+01</x6></dataPoint>
        <dataPoint><x4>3.856000E-01</x4><x5>5.046435E-02</x5><x6>3.544134E+01</x6></dataPoint>
        <dataPoint><x4>3.896000E-01</x4><x5>5.050441E-02</x5><x6>3.540329E+01</x6></dataPoint>
        <dataPoint><x4>3.936000E-01</x4><x5>5.053467E-02</x5><x6>3.537460E+01</x6></dataPoint>
        <dataPoint><x4>3.976000E-01</x4><x5>5.055751E-02</x5><x6>3.535296E+01</x6></dataPoint>
    </dataGroup>
    <dataGroup id="dg2" label="V-t history" dataPointLink="5">
        <property name="time"      id="x4"   label="t"            sourcetype="calculated"  units="s"   />
        <property name="volume"    id="x5"   label="V"            sourcetype="calculated"  units="cm3" />
        <property name="pressure"  id="x6"   label="p"            sourcetype="estimated"   units="bar"  kind="reactive" />

        <dataPoint><x4>0.000000E+00</x4><x5>1.000000E+00</x5><x6>7.100000E-01</x6></dataPoint>
        <dataPoint><x4>1.117000E-01</x4><x5>1.000000E+00</x5><x6>7.100000E-01</x6></dataPoint>
        <dataPoint><x4>2.502000E-01</x4><x5>7.714790E-01</x5><x6>1.037382E+00</x6></dataPoint>
        <dataPoint><x4>2.553314E-01</x4><x5>6.914476E-01</x5><x6>1.216865E+00</x6></dataPoint>
        <dataPoint><x4>2.599124E-01</x4><x5>6.269924E-01</x5><x6>1.402959E+00</x6></dataPoint>
        <dataPoint><x4>2.662000E-01</x4><x5>4.987705E-01</x5><x6>1.954708E+00</x6></dataPoint>
        <dataPoint><x4>2.696310E-01</x4><x5>4.217287E-01</x5><x6>2.490381E+00</x6></dataPoint>
        <dataPoint><x4>2.697348E-01</x4><x5>4.144343E-01</x5><x6>2.553764E+00</x6></dataPoint>
        <dataPoint><x4>2.718538E-01</x4><x5>3.701150E-01</x5><x6>3.004855E+00</x6></dataPoint>
        <dataPoint><x4>2.720192E-01</x4><x5>3.565991E-01</x5><x6>3.169691E+00</x6></dataPoint>
        <dataPoint><x4>2.724176E-01</x4><x5>3.643769E-01</x5><x6>3.073036E+00</x6></dataPoint>
        <dataPoint><x4>2.730018E-01</x4><x5>3.393681E-01</x5><x6>3.402992E+00</x6></dataPoint>
        <dataPoint><x4>2.734072E-01</x4><x5>3.304259E-01</x5><x6>3.535691E+00</x6></dataPoint>
        <dataPoint><x4>2.750792E-01</x4><x5>2.925049E-01</x5><x6>4.208900E+00</x6></dataPoint>
        <dataPoint><x4>2.770141E-01</x4><x5>2.475679E-01</x5><x6>5.337426E+00</x6></dataPoint>
        <dataPoint><x4>2.789333E-01</x4><x5>2.014456E-01</x5><x6>7.147568E+00</x6></dataPoint>
        <dataPoint><x4>2.804959E-01</x4><x5>1.665428E-01</x5><x6>9.343245E+00</x6></dataPoint>
        <dataPoint><x4>2.818889E-01</x4><x5>1.363757E-01</x5><x6>1.235759E+01</x6></dataPoint>
        <dataPoint><x4>2.833131E-01</x4><x5>1.042031E-01</x5><x6>1.795542E+01</x6></dataPoint>
        <dataPoint><x4>2.850630E-01</x4><x5>7.241063E-02</x5><x6>2.961197E+01</x6></dataPoint>
        <dataPoint><x4>2.868012E-01</x4><x5>5.981400E-02</x5><x6>3.842337E+01</x6></dataPoint>
        <dataPoint><x4>2.870070E-01</x4><x5>5.904801E-02</x5><x6>3.910240E+01</x6></dataPoint>
        <dataPoint><x4>2.873081E-01</x4><x5>5.853335E-02</x5><x6>3.957030E+01</x6></dataPoint>
        <dataPoint><x4>2.878000E-01</x4><x5>5.832767E-02</x5><x6>3.976000E+01</x6></dataPoint>
        <dataPoint><x4>2.918000E-01</x4><x5>5.953459E-02</x5><x6>3.866869E+01</x6></dataPoint>
        <dataPoint><x4>2.958000E-01</x4><x5>6.051475E-02</x5><x6>3.781968E+01</x6></dataPoint>
        <dataPoint><x4>2.998000E-01</x4><x5>6.127917E-02</x5><x6>3.717948E+01</x6></dataPoint>
        <dataPoint><x4>3.038000E-01</x4><x5>6.187069E-02</x5><x6>3.669673E+01</x6></dataPoint>
        <dataPoint><x4>3.078000E-01</x4><x5>6.232563E-02</x5><x6>3.633271E+01</x6></dataPoint>
        <dataPoint><x4>3.118000E-01</x4><x5>6.267388E-02</x5><x6>3.605822E+01</x6></dataPoint>
        <dataPoint><x4>3.158000E-01</x4><x5>6.293950E-02</x5><x6>3.585124E+01</x6></dataPoint>
        <dataPoint><x4>3.198000E-01</x4><x5>6.314155E-02</x5><x6>3.569516E+01</x6></dataPoint>
        <dataPoint><x4>3.238000E-01</x4><x5>6.329490E-02</x5><x6>3.557747E+01</x6></dataPoint>
        <dataPoint><x4>3.278000E-01</x4><x5>6.341111E-02</x5><x6>3.548872E+01</x6></dataPoint>
        <dataPoint><x4>3.318000E-01</x4><x5>6.349908E-02</x5><x6>3.542180E+01</x6></dataPoint>
        <dataPoint><x4>3.358000E-01</x4><x5>6.356559E-02</x5><x6>3.537134E+01</x6></dataPoint>
        <dataPoint><x4>3.398000E-01</x4><x5>6.361586E-02</x5><x6>3.533329E+01</x6></dataPoint>
        <dataPoint><x4>3.438000E-01</x4><x5>6.365382E-02</x5><x6>3.530460E+01</x6></dataPoint>
        <dataPoint><x4>3.478000E-01</x4><x5>6.368249E-02</x5><x6>3.528296E+01</x6></dataPoint>
    </dataGroup>
    <dataGroup id="dg2" label="V-t history" dataPointLink="6">
        <property name="time"      id="x4"   label="t"            sourcetype="calculated"  units="s"   />
        <property name="volume"    id="x5"   label="V"            sourcetype="calculated"  units="cm3" />
        <property name="pressure"  id="x6"   label="p"            sourcetype="estimated"   units="bar"  kind="reactive" />

        <dataPoint><x4>0.000000E+00</x4><x5>1.000000E+00</x5><x6>7.700000E-01</x6></dataPoint>
        <dataPoint><x4>1.309000E-01</x4><x5>1.000000E+00</x5><x6>7.700000E-01</x6></dataPoint>
        <dataPoint><x4>2.610000E-01</x4><x5>7.896300E-01</x5><x6>1.087519E+00</x6></dataPoint>
        <dataPoint><x4>2.707189E-01</x4><x5>6.671452E-01</x5><x6>1.390217E+00</x6></dataPoint>
        <dataPoint><x4>2.793472E-01</x4><x5>4.839716E-01</x5><x6>2.214213E+00</x6></dataPoint>
        <dataPoint><x4>2.840000E-01</x4><x5>3.695576E-01</x5><x6>3.265780E+00</x6></dataPoint>
        <dataPoint><x4>2.869890E-01</x4><x5>2.960823E-01</x5><x6>4.485927E+00</x6></dataPoint>
        <dataPoint><x4>2.872010E-01</x4><x5>2.846150E-01</x5><x6>4.746069E+00</x6></dataPoint>
        <dataPoint><x4>2.872045E-01</x4><x5>2.844347E-01</x5><x6>4.750361E+00</x6></dataPoint>
        <dataPoint><x4>2.880183E-01</x4><x5>2.655935E-01</x5><x6>5.237704E+00</x6></dataPoint>
        <dataPoint><x4>2.894228E-01</x4><x5>2.318746E-01</x5><x6>6.352139E+00</x6></dataPoint>
        <dataPoint><x4>2.902095E-01</x4><x5>2.115682E-01</x5><x6>7.232445E+00</x6></dataPoint>
        <dataPoint><x4>2.904237E-01</x4><x5>2.067152E-01</x5><x6>7.473642E+00</x6></dataPoint>
        <dataPoint><x4>2.920750E-01</x4><x5>1.694770E-01</x5><x6>9.886924E+00</x6></dataPoint>
        <dataPoint><x4>2.927869E-01</x4><x5>1.525453E-01</x5><x6>1.145920E+01</x6></dataPoint>
        <dataPoint><x4>2.936592E-01</x4><x5>1.319780E-01</x5><x6>1.402771E+01</x6></dataPoint>
        <dataPoint><x4>2.944707E-01</x4><x5>1.126256E-01</x5><x6>1.748546E+01</x6></dataPoint>
        <dataPoint><x4>2.948213E-01</x4><x5>1.048482E-01</x5><x6>1.930616E+01</x6></dataPoint>
        <dataPoint><x4>2.953917E-01</x4><x5>9.266363E-02</x5><x6>2.289453E+01</x6></dataPoint>
        <dataPoint><x4>2.962535E-01</x4><x5>7.767004E-02</x5><x6>2.917476E+01</x6></dataPoint>
        <dataPoint><x4>2.972551E-01</x4><x5>6.923487E-02</x5><x6>3.414061E+01</x6></dataPoint>
        <dataPoint><x4>2.980546E-01</x4><x5>6.338183E-02</x5><x6>3.850910E+01</x6></dataPoint>
        <dataPoint><x4>2.984592E-01</x4><x5>6.201794E-02</x5><x6>3.966636E+01</x6></dataPoint>
        <dataPoint><x4>2.992000E-01</x4><x5>6.155815E-02</x5><x6>4.007000E+01</x6></dataPoint>
        <dataPoint><x4>3.032000E-01</x4><x5>6.282003E-02</x5><x6>3.897869E+01</x6></dataPoint>
        <dataPoint><x4>3.072000E-01</x4><x5>6.384441E-02</x5><x6>3.812968E+01</x6></dataPoint>
        <dataPoint><x4>3.112000E-01</x4><x5>6.464309E-02</x5><x6>3.748948E+01</x6></dataPoint>
        <dataPoint><x4>3.152000E-01</x4><x5>6.526096E-02</x5><x6>3.700673E+01</x6></dataPoint>
        <dataPoint><x4>3.192000E-01</x4><x5>6.573608E-02</x5><x6>3.664271E+01</x6></dataPoint>
        <dataPoint><x4>3.232000E-01</x4><x5>6.609973E-02</x5><x6>3.636822E+01</x6></dataPoint>
        <dataPoint><x4>3.272000E-01</x4><x5>6.637706E-02</x5><x6>3.616124E+01</x6></dataPoint>
        <dataPoint><x4>3.312000E-01</x4><x5>6.658800E-02</x5><x6>3.600516E+01</x6></dataPoint>
        <dataPoint><x4>3.352000E-01</x4><x5>6.674809E-02</x5><x6>3.588747E+01</x6></dataPoint>
        <dataPoint><x4>3.392000E-01</x4><x5>6.686940E-02</x5><x6>3.579872E+01</x6></dataPoint>
        <dataPoint><x4>3.432000E-01</x4><x5>6.696122E-02</x5><x6>3.573180E+01</x6></dataPoint>
        <dataPoint><x4>3.472000E-01</x4><x5>6.703066E-02</x5><x6>3.568134E+01</x6></dataPoint>
        <dataPoint><x4>3.512000E-01</x4><x5>6.708312E-02</x5><x6>3.564329E+01</x6></dataPoint>
        <dataPoint><x4>3.552000E-01</x4><x5>6.712275E-02</x5><x6>3.561460E+01</x6></dataPoint>
        <dataPoint><x4>3.592000E-01</x4><x5>6.715267E-02</x5><x6>3.559296E+01</x6></dataPoint>
    </dataGroup>
</experiment>
