<experiment>
    <fileAuthor>Chemical Kinetics Laboratory, Institute of Chemistry, ELTE, Budapest, Hungary</fileAuthor>
    <fileDOI>10.24388/x40004056</fileDOI>
    <fileVersion>
        <major>2</major>
        <minor>3</minor>
    </fileVersion>
    <ReSpecThVersion>
        <major>2</major>
        <minor>3</minor>
    </ReSpecThVersion>
    <firstPublicationDate>2020-09-08</firstPublicationDate>
    <lastModificationDate>2020-11-18</lastModificationDate>
    <bibliographyLink>
        <description>S. Gersen, H. Darmeveil, H. Levinsky, Combustion and Flame 159 (2012), 3472–3475.</description>
        <referenceDOI>10.1016/j.combustflame.2012.06.021</referenceDOI>
        <location>Main Article + Supplementary + Personal Communication</location>
        <table>Supplementary material, Appendix A, Appendix B</table>
        <figure>Fig. 3, Pc = 50 bar, phi = 0.5, CH4:H2:CO = 1:0:0 series</figure>
        <details>
            <author>S. Gersen, H. Darmeveil, H. Levinsky</author>
            <journal>Combust Flame</journal>
            <pages>3472–-3475</pages>
            <title>The effects of CO addition on the autoignition of H2, CH4 and CH4/H2 fuels at high pressure in an RCM</title>
            <volume>159</volume>
            <year>2012</year>
        </details>
    </bibliographyLink>
    <experimentType>ignition delay measurement</experimentType>
    <apparatus>
        <kind>rapid compression machine</kind>
    </apparatus>
    <commonProperties>
        <property name="initial composition"           sourcetype="reported"  >
            <component><speciesLink preferredKey="CH4"  CAS="74-82-8"    InChI="1S/CH4/h1H4"  SMILES="C"          chemName="methane"         /><amount units="mole fraction" >0.048</amount></component>
            <component><speciesLink preferredKey="H2"   CAS="1333-74-0"  InChI="1S/H2/h1H"    SMILES="[HH]"       chemName="hydrogen"        /><amount units="mole fraction" >0</amount></component>
            <component><speciesLink preferredKey="CO"   CAS="630-08-0"   InChI="1S/CO/c1-2"   SMILES="[C-]#[O+]"  chemName="carbon monoxide" /><amount units="mole fraction" >0</amount></component>
            <component><speciesLink preferredKey="O2"   CAS="7782-44-7"  InChI="1S/O2/c1-2"   SMILES="O=O"        chemName="oxygen"          /><amount units="mole fraction" >0.190</amount></component>
            <component><speciesLink preferredKey="N2"   CAS="7727-37-9"  InChI="1S/N2/c1-2"   SMILES="N#N"        chemName="nitrogen"        /><amount units="mole fraction" >0.300</amount></component>
            <component><speciesLink preferredKey="Ar"   CAS="7440-37-1"  InChI="1S/Ar"        SMILES="[Ar]"       chemName="argon"           /><amount units="mole fraction" >0.462</amount></component>
        </property>
        <property name="evaluated standard deviation"  sourcetype="estimated"  units="unitless"       reference="ignition delay"  kind="relative"  method="generic uncertainty" ><value>0.1</value></property>
    </commonProperties>
    <dataGroup id="dg1" label="measured data">
        <property name="pressure"        id="x1"   label="P"              sourcetype="reported"  units="bar" />
        <property name="temperature"     id="x2"   label="T"              sourcetype="reported"  units="K"   />
        <property name="ignition delay"  id="x3"   label="tau"            sourcetype="reported"  units="ms"  />

        <dataPoint><x1>1.0526</x1><x2>296.45</x2><x3>13.8</x3></dataPoint>
        <dataPoint><x1>1.0547</x1><x2>296.65</x2><x3>13.4</x3></dataPoint>
        <dataPoint><x1>1.0946</x1><x2>296.75</x2><x3>18.8</x3></dataPoint>
        <dataPoint><x1>0.9656</x1><x2>296.85</x2> <x3>9.0</x3></dataPoint>
        <dataPoint><x1>0.9666</x1><x2>296.95</x2> <x3>9.4</x3></dataPoint>
        <dataPoint><x1>0.9176</x1><x2>296.95</x2> <x3>6.4</x3></dataPoint>
        <dataPoint><x1>0.8306</x1><x2>294.15</x2> <x3>5.6</x3></dataPoint>
        <dataPoint><x1>0.7756</x1><x2>294.25</x2> <x3>4.2</x3></dataPoint>
        <dataPoint><x1>0.7776</x1><x2>294.45</x2> <x3>3.2</x3></dataPoint>
        <dataPoint><x1>0.7277</x1><x2>294.65</x2> <x3>2.4</x3></dataPoint>
        <dataPoint><x1>0.6826</x1><x2>294.85</x2> <x3>1.9</x3></dataPoint>
        <dataPoint><x1>0.6396</x1><x2>294.95</x2> <x3>1.4</x3></dataPoint>
    </dataGroup>
    <ignitionType target="p;" type="d/dt max"/>
    <dataGroup id="dg2" label="V-t history" dataPointLink="1">
        <property name="time"      id="x4"   label="t"            sourcetype="calculated"  units="s"   />
        <property name="volume"    id="x5"   label="V"            sourcetype="calculated"  units="cm3" />
        <property name="pressure"  id="x6"   label="p"            sourcetype="estimated"   units="bar"  kind="reactive" />

        <dataPoint><x4>0.000000E+00</x4><x5>1.000000E+00</x5><x6>1.052600E+00</x6></dataPoint>
        <dataPoint><x4>1.152000E-01</x4><x5>1.000000E+00</x5><x6>1.052600E+00</x6></dataPoint>
        <dataPoint><x4>2.118000E-01</x4><x5>7.686200E-01</x5><x6>1.553213E+00</x6></dataPoint>
        <dataPoint><x4>2.162232E-01</x4><x5>7.163021E-01</x5><x6>1.723427E+00</x6></dataPoint>
        <dataPoint><x4>2.206341E-01</x4><x5>6.264240E-01</x5><x6>2.099705E+00</x6></dataPoint>
        <dataPoint><x4>2.240000E-01</x4><x5>5.409468E-01</x5><x6>2.604944E+00</x6></dataPoint>
        <dataPoint><x4>2.257908E-01</x4><x5>4.905038E-01</x5><x6>3.007116E+00</x6></dataPoint>
        <dataPoint><x4>2.260001E-01</x4><x5>4.743776E-01</x5><x6>3.158051E+00</x6></dataPoint>
        <dataPoint><x4>2.261413E-01</x4><x5>4.787864E-01</x5><x6>3.115549E+00</x6></dataPoint>
        <dataPoint><x4>2.286670E-01</x4><x5>3.989823E-01</x5><x6>4.067522E+00</x6></dataPoint>
        <dataPoint><x4>2.292931E-01</x4><x5>3.815097E-01</x5><x6>4.342155E+00</x6></dataPoint>
        <dataPoint><x4>2.306901E-01</x4><x5>3.361110E-01</x5><x6>5.222067E+00</x6></dataPoint>
        <dataPoint><x4>2.312356E-01</x4><x5>3.215199E-01</x5><x6>5.570101E+00</x6></dataPoint>
        <dataPoint><x4>2.330392E-01</x4><x5>2.620941E-01</x5><x6>7.490565E+00</x6></dataPoint>
        <dataPoint><x4>2.332012E-01</x4><x5>2.549035E-01</x5><x6>7.797918E+00</x6></dataPoint>
        <dataPoint><x4>2.333621E-01</x4><x5>2.505005E-01</x5><x6>7.996709E+00</x6></dataPoint>
        <dataPoint><x4>2.341898E-01</x4><x5>2.225234E-01</x5><x6>9.486122E+00</x6></dataPoint>
        <dataPoint><x4>2.346684E-01</x4><x5>2.077414E-01</x5><x6>1.047218E+01</x6></dataPoint>
        <dataPoint><x4>2.349271E-01</x4><x5>1.996409E-01</x5><x6>1.108795E+01</x6></dataPoint>
        <dataPoint><x4>2.350238E-01</x4><x5>1.966133E-01</x5><x6>1.133387E+01</x6></dataPoint>
        <dataPoint><x4>2.354024E-01</x4><x5>1.843828E-01</x5><x6>1.242718E+01</x6></dataPoint>
        <dataPoint><x4>2.355397E-01</x4><x5>1.797525E-01</x5><x6>1.288816E+01</x6></dataPoint>
        <dataPoint><x4>2.362043E-01</x4><x5>1.586059E-01</x5><x6>1.541219E+01</x6></dataPoint>
        <dataPoint><x4>2.365055E-01</x4><x5>1.497465E-01</x5><x6>1.672786E+01</x6></dataPoint>
        <dataPoint><x4>2.370594E-01</x4><x5>1.331838E-01</x5><x6>1.976061E+01</x6></dataPoint>
        <dataPoint><x4>2.374289E-01</x4><x5>1.215784E-01</x5><x6>2.248572E+01</x6></dataPoint>
        <dataPoint><x4>2.379796E-01</x4><x5>1.053603E-01</x5><x6>2.752339E+01</x6></dataPoint>
        <dataPoint><x4>2.382027E-01</x4><x5>9.899926E-02</x5><x6>3.004487E+01</x6></dataPoint>
        <dataPoint><x4>2.385933E-01</x4><x5>8.964124E-02</x5><x6>3.454025E+01</x6></dataPoint>
        <dataPoint><x4>2.387341E-01</x4><x5>8.697831E-02</x5><x6>3.603144E+01</x6></dataPoint>
        <dataPoint><x4>2.400530E-01</x4><x5>7.055391E-02</x5><x6>4.826647E+01</x6></dataPoint>
        <dataPoint><x4>2.402025E-01</x4><x5>6.946072E-02</x5><x6>4.932772E+01</x6></dataPoint>
        <dataPoint><x4>2.404689E-01</x4><x5>6.865802E-02</x5><x6>5.013250E+01</x6></dataPoint>
        <dataPoint><x4>2.408000E-01</x4><x5>6.850349E-02</x5><x6>5.029000E+01</x6></dataPoint>
        <dataPoint><x4>2.428000E-01</x4><x5>6.936743E-02</x5><x6>4.942012E+01</x6></dataPoint>
        <dataPoint><x4>2.448000E-01</x4><x5>7.014746E-02</x5><x6>4.865648E+01</x6></dataPoint>
        <dataPoint><x4>2.468000E-01</x4><x5>7.080135E-02</x5><x6>4.803164E+01</x6></dataPoint>
        <dataPoint><x4>2.488000E-01</x4><x5>7.134725E-02</x5><x6>4.752037E+01</x6></dataPoint>
        <dataPoint><x4>2.508000E-01</x4><x5>7.180140E-02</x5><x6>4.710203E+01</x6></dataPoint>
        <dataPoint><x4>2.528000E-01</x4><x5>7.217814E-02</x5><x6>4.675973E+01</x6></dataPoint>
        <dataPoint><x4>2.548000E-01</x4><x5>7.248990E-02</x5><x6>4.647964E+01</x6></dataPoint>
        <dataPoint><x4>2.568000E-01</x4><x5>7.274738E-02</x5><x6>4.625047E+01</x6></dataPoint>
        <dataPoint><x4>2.588000E-01</x4><x5>7.295968E-02</x5><x6>4.606295E+01</x6></dataPoint>
        <dataPoint><x4>2.608000E-01</x4><x5>7.313449E-02</x5><x6>4.590951E+01</x6></dataPoint>
        <dataPoint><x4>2.628000E-01</x4><x5>7.327826E-02</x5><x6>4.578397E+01</x6></dataPoint>
        <dataPoint><x4>2.648000E-01</x4><x5>7.339640E-02</x5><x6>4.568124E+01</x6></dataPoint>
        <dataPoint><x4>2.668000E-01</x4><x5>7.349340E-02</x5><x6>4.559718E+01</x6></dataPoint>
        <dataPoint><x4>2.688000E-01</x4><x5>7.357300E-02</x5><x6>4.552841E+01</x6></dataPoint>
        <dataPoint><x4>2.708000E-01</x4><x5>7.363828E-02</x5><x6>4.547213E+01</x6></dataPoint>
    </dataGroup>
    <dataGroup id="dg2" label="V-t history" dataPointLink="2">
        <property name="time"      id="x4"   label="t"            sourcetype="calculated"  units="s"   />
        <property name="volume"    id="x5"   label="V"            sourcetype="calculated"  units="cm3" />
        <property name="pressure"  id="x6"   label="p"            sourcetype="estimated"   units="bar"  kind="reactive" />

        <dataPoint><x4>0.000000E+00</x4><x5>1.000000E+00</x5><x6>1.054700E+00</x6></dataPoint>
        <dataPoint><x4>1.070000E-01</x4><x5>1.000000E+00</x5><x6>1.054700E+00</x6></dataPoint>
        <dataPoint><x4>1.928000E-01</x4><x5>8.038043E-01</x5><x6>1.456788E+00</x6></dataPoint>
        <dataPoint><x4>1.930198E-01</x4><x5>8.283840E-01</x5><x6>1.393397E+00</x6></dataPoint>
        <dataPoint><x4>1.998272E-01</x4><x5>7.459061E-01</x5><x6>1.626732E+00</x6></dataPoint>
        <dataPoint><x4>2.012517E-01</x4><x5>6.912691E-01</x5><x6>1.819810E+00</x6></dataPoint>
        <dataPoint><x4>2.013553E-01</x4><x5>7.123541E-01</x5><x6>1.740978E+00</x6></dataPoint>
        <dataPoint><x4>2.044700E-01</x4><x5>6.273390E-01</x5><x6>2.099353E+00</x6></dataPoint>
        <dataPoint><x4>2.046098E-01</x4><x5>6.187079E-01</x5><x6>2.142582E+00</x6></dataPoint>
        <dataPoint><x4>2.048013E-01</x4><x5>6.116120E-01</x5><x6>2.179247E+00</x6></dataPoint>
        <dataPoint><x4>2.049573E-01</x4><x5>6.114650E-01</x5><x6>2.180018E+00</x6></dataPoint>
        <dataPoint><x4>2.067398E-01</x4><x5>5.709785E-01</x5><x6>2.410994E+00</x6></dataPoint>
        <dataPoint><x4>2.101512E-01</x4><x5>4.716941E-01</x5><x6>3.190676E+00</x6></dataPoint>
        <dataPoint><x4>2.135185E-01</x4><x5>3.641197E-01</x5><x6>4.656834E+00</x6></dataPoint>
        <dataPoint><x4>2.152186E-01</x4><x5>3.031714E-01</x5><x6>6.078079E+00</x6></dataPoint>
        <dataPoint><x4>2.154107E-01</x4><x5>2.925137E-01</x5><x6>6.401901E+00</x6></dataPoint>
        <dataPoint><x4>2.157461E-01</x4><x5>2.845880E-01</x5><x6>6.661915E+00</x6></dataPoint>
        <dataPoint><x4>2.163637E-01</x4><x5>2.645331E-01</x5><x6>7.405277E+00</x6></dataPoint>
        <dataPoint><x4>2.170367E-01</x4><x5>2.420584E-01</x5><x6>8.418784E+00</x6></dataPoint>
        <dataPoint><x4>2.177317E-01</x4><x5>2.173277E-01</x5><x6>9.833298E+00</x6></dataPoint>
        <dataPoint><x4>2.185141E-01</x4><x5>1.909223E-01</x5><x6>1.184446E+01</x6></dataPoint>
        <dataPoint><x4>2.195187E-01</x4><x5>1.583456E-01</x5><x6>1.547797E+01</x6></dataPoint>
        <dataPoint><x4>2.201647E-01</x4><x5>1.374375E-01</x5><x6>1.893414E+01</x6></dataPoint>
        <dataPoint><x4>2.206121E-01</x4><x5>1.234469E-01</x5><x6>2.204741E+01</x6></dataPoint>
        <dataPoint><x4>2.209937E-01</x4><x5>1.118885E-01</x5><x6>2.533423E+01</x6></dataPoint>
        <dataPoint><x4>2.213870E-01</x4><x5>1.010609E-01</x5><x6>2.924146E+01</x6></dataPoint>
        <dataPoint><x4>2.218016E-01</x4><x5>9.068049E-02</x5><x6>3.405046E+01</x6></dataPoint>
        <dataPoint><x4>2.220007E-01</x4><x5>8.663846E-02</x5><x6>3.629779E+01</x6></dataPoint>
        <dataPoint><x4>2.224039E-01</x4><x5>8.091521E-02</x5><x6>3.994059E+01</x6></dataPoint>
        <dataPoint><x4>2.227860E-01</x4><x5>7.633840E-02</x5><x6>4.332502E+01</x6></dataPoint>
        <dataPoint><x4>2.231961E-01</x4><x5>7.152074E-02</x5><x6>4.744849E+01</x6></dataPoint>
        <dataPoint><x4>2.234003E-01</x4><x5>6.979308E-02</x5><x6>4.909259E+01</x6></dataPoint>
        <dataPoint><x4>2.236178E-01</x4><x5>6.877936E-02</x5><x6>5.010296E+01</x6></dataPoint>
        <dataPoint><x4>2.242000E-01</x4><x5>6.853677E-02</x5><x6>5.035000E+01</x6></dataPoint>
        <dataPoint><x4>2.262000E-01</x4><x5>6.940011E-02</x5><x6>4.948012E+01</x6></dataPoint>
        <dataPoint><x4>2.282000E-01</x4><x5>7.017956E-02</x5><x6>4.871648E+01</x6></dataPoint>
        <dataPoint><x4>2.302000E-01</x4><x5>7.083295E-02</x5><x6>4.809164E+01</x6></dataPoint>
        <dataPoint><x4>2.322000E-01</x4><x5>7.137842E-02</x5><x6>4.758037E+01</x6></dataPoint>
        <dataPoint><x4>2.342000E-01</x4><x5>7.183221E-02</x5><x6>4.716203E+01</x6></dataPoint>
        <dataPoint><x4>2.362000E-01</x4><x5>7.220863E-02</x5><x6>4.681973E+01</x6></dataPoint>
        <dataPoint><x4>2.382000E-01</x4><x5>7.252013E-02</x5><x6>4.653964E+01</x6></dataPoint>
        <dataPoint><x4>2.402000E-01</x4><x5>7.277739E-02</x5><x6>4.631047E+01</x6></dataPoint>
        <dataPoint><x4>2.422000E-01</x4><x5>7.298951E-02</x5><x6>4.612295E+01</x6></dataPoint>
        <dataPoint><x4>2.442000E-01</x4><x5>7.316416E-02</x5><x6>4.596951E+01</x6></dataPoint>
        <dataPoint><x4>2.462000E-01</x4><x5>7.330781E-02</x5><x6>4.584397E+01</x6></dataPoint>
        <dataPoint><x4>2.482000E-01</x4><x5>7.342584E-02</x5><x6>4.574124E+01</x6></dataPoint>
        <dataPoint><x4>2.502000E-01</x4><x5>7.352276E-02</x5><x6>4.565718E+01</x6></dataPoint>
        <dataPoint><x4>2.522000E-01</x4><x5>7.360228E-02</x5><x6>4.558841E+01</x6></dataPoint>
        <dataPoint><x4>2.542000E-01</x4><x5>7.366751E-02</x5><x6>4.553213E+01</x6></dataPoint>
    </dataGroup>
    <dataGroup id="dg2" label="V-t history" dataPointLink="3">
        <property name="time"      id="x4"   label="t"            sourcetype="calculated"  units="s"   />
        <property name="volume"    id="x5"   label="V"            sourcetype="calculated"  units="cm3" />
        <property name="pressure"  id="x6"   label="p"            sourcetype="estimated"   units="bar"  kind="reactive" />

        <dataPoint><x4>0.000000E+00</x4><x5>1.000000E+00</x5><x6>1.094600E+00</x6></dataPoint>
        <dataPoint><x4>1.103000E-01</x4><x5>1.000000E+00</x5><x6>1.094600E+00</x6></dataPoint>
        <dataPoint><x4>1.806000E-01</x4><x5>8.037938E-01</x5><x6>1.511924E+00</x6></dataPoint>
        <dataPoint><x4>1.808049E-01</x4><x5>8.390430E-01</x5><x6>1.419046E+00</x6></dataPoint>
        <dataPoint><x4>1.810653E-01</x4><x5>8.220005E-01</x5><x6>1.462727E+00</x6></dataPoint>
        <dataPoint><x4>1.847550E-01</x4><x5>7.649132E-01</x5><x6>1.626736E+00</x6></dataPoint>
        <dataPoint><x4>1.890059E-01</x4><x5>6.553914E-01</x5><x6>2.042890E+00</x6></dataPoint>
        <dataPoint><x4>1.914977E-01</x4><x5>5.997781E-01</x5><x6>2.327601E+00</x6></dataPoint>
        <dataPoint><x4>1.957568E-01</x4><x5>4.668412E-01</x5><x6>3.361864E+00</x6></dataPoint>
        <dataPoint><x4>1.975511E-01</x4><x5>4.014714E-01</x5><x6>4.191408E+00</x6></dataPoint>
        <dataPoint><x4>1.992155E-01</x4><x5>3.500986E-01</x5><x6>5.117350E+00</x6></dataPoint>
        <dataPoint><x4>1.993494E-01</x4><x5>3.416547E-01</x5><x6>5.302437E+00</x6></dataPoint>
        <dataPoint><x4>2.005410E-01</x4><x5>3.017328E-01</x5><x6>6.351567E+00</x6></dataPoint>
        <dataPoint><x4>2.014693E-01</x4><x5>2.693886E-01</x5><x6>7.485659E+00</x6></dataPoint>
        <dataPoint><x4>2.024233E-01</x4><x5>2.377075E-01</x5><x6>8.968694E+00</x6></dataPoint>
        <dataPoint><x4>2.033609E-01</x4><x5>2.047193E-01</x5><x6>1.112076E+01</x6></dataPoint>
        <dataPoint><x4>2.038471E-01</x4><x5>1.871248E-01</x5><x6>1.265130E+01</x6></dataPoint>
        <dataPoint><x4>2.040010E-01</x4><x5>1.827925E-01</x5><x6>1.308306E+01</x6></dataPoint>
        <dataPoint><x4>2.042103E-01</x4><x5>1.756692E-01</x5><x6>1.384900E+01</x6></dataPoint>
        <dataPoint><x4>2.047645E-01</x4><x5>1.569809E-01</x5><x6>1.626240E+01</x6></dataPoint>
        <dataPoint><x4>2.052584E-01</x4><x5>1.409637E-01</x5><x6>1.895494E+01</x6></dataPoint>
        <dataPoint><x4>2.055741E-01</x4><x5>1.305808E-01</x5><x6>2.112979E+01</x6></dataPoint>
        <dataPoint><x4>2.058223E-01</x4><x5>1.230231E-01</x5><x6>2.299208E+01</x6></dataPoint>
        <dataPoint><x4>2.061809E-01</x4><x5>1.120122E-01</x5><x6>2.625038E+01</x6></dataPoint>
        <dataPoint><x4>2.064023E-01</x4><x5>1.054199E-01</x5><x6>2.859447E+01</x6></dataPoint>
        <dataPoint><x4>2.068020E-01</x4><x5>9.459338E-02</x5><x6>3.330254E+01</x6></dataPoint>
        <dataPoint><x4>2.070013E-01</x4><x5>9.006788E-02</x5><x6>3.567420E+01</x6></dataPoint>
        <dataPoint><x4>2.071999E-01</x4><x5>8.649118E-02</x5><x6>3.775871E+01</x6></dataPoint>
        <dataPoint><x4>2.074034E-01</x4><x5>8.373684E-02</x5><x6>3.950885E+01</x6></dataPoint>
        <dataPoint><x4>2.078067E-01</x4><x5>7.839934E-02</x5><x6>4.331966E+01</x6></dataPoint>
        <dataPoint><x4>2.082025E-01</x4><x5>7.359278E-02</x5><x6>4.731870E+01</x6></dataPoint>
        <dataPoint><x4>2.084003E-01</x4><x5>7.197010E-02</x5><x6>4.881256E+01</x6></dataPoint>
        <dataPoint><x4>2.086267E-01</x4><x5>7.098716E-02</x5><x6>4.975693E+01</x6></dataPoint>
        <dataPoint><x4>2.092000E-01</x4><x5>7.077993E-02</x5><x6>4.996000E+01</x6></dataPoint>
        <dataPoint><x4>2.112000E-01</x4><x5>7.167788E-02</x5><x6>4.909012E+01</x6></dataPoint>
        <dataPoint><x4>2.132000E-01</x4><x5>7.248875E-02</x5><x6>4.832648E+01</x6></dataPoint>
        <dataPoint><x4>2.152000E-01</x4><x5>7.316860E-02</x5><x6>4.770164E+01</x6></dataPoint>
        <dataPoint><x4>2.172000E-01</x4><x5>7.373624E-02</x5><x6>4.719037E+01</x6></dataPoint>
        <dataPoint><x4>2.192000E-01</x4><x5>7.420854E-02</x5><x6>4.677203E+01</x6></dataPoint>
        <dataPoint><x4>2.212000E-01</x4><x5>7.460035E-02</x5><x6>4.642973E+01</x6></dataPoint>
        <dataPoint><x4>2.232000E-01</x4><x5>7.492462E-02</x5><x6>4.614964E+01</x6></dataPoint>
        <dataPoint><x4>2.252000E-01</x4><x5>7.519244E-02</x5><x6>4.592047E+01</x6></dataPoint>
        <dataPoint><x4>2.272000E-01</x4><x5>7.541328E-02</x5><x6>4.573295E+01</x6></dataPoint>
        <dataPoint><x4>2.292000E-01</x4><x5>7.559513E-02</x5><x6>4.557951E+01</x6></dataPoint>
        <dataPoint><x4>2.312000E-01</x4><x5>7.574469E-02</x5><x6>4.545397E+01</x6></dataPoint>
        <dataPoint><x4>2.332000E-01</x4><x5>7.586760E-02</x5><x6>4.535124E+01</x6></dataPoint>
        <dataPoint><x4>2.352000E-01</x4><x5>7.596852E-02</x5><x6>4.526718E+01</x6></dataPoint>
        <dataPoint><x4>2.372000E-01</x4><x5>7.605133E-02</x5><x6>4.519841E+01</x6></dataPoint>
        <dataPoint><x4>2.392000E-01</x4><x5>7.611924E-02</x5><x6>4.514213E+01</x6></dataPoint>
    </dataGroup>
    <dataGroup id="dg2" label="V-t history" dataPointLink="4">
        <property name="time"      id="x4"   label="t"            sourcetype="calculated"  units="s"   />
        <property name="volume"    id="x5"   label="V"            sourcetype="calculated"  units="cm3" />
        <property name="pressure"  id="x6"   label="p"            sourcetype="estimated"   units="bar"  kind="reactive" />

        <dataPoint><x4>0.000000E+00</x4><x5>1.000000E+00</x5><x6>9.656000E-01</x6></dataPoint>
        <dataPoint><x4>1.132000E-01</x4><x5>1.000000E+00</x5><x6>9.656000E-01</x6></dataPoint>
        <dataPoint><x4>1.764000E-01</x4><x5>8.279910E-01</x5><x6>1.276572E+00</x6></dataPoint>
        <dataPoint><x4>1.788799E-01</x4><x5>7.769629E-01</x5><x6>1.402293E+00</x6></dataPoint>
        <dataPoint><x4>1.801749E-01</x4><x5>7.592024E-01</x5><x6>1.450975E+00</x6></dataPoint>
        <dataPoint><x4>1.846167E-01</x4><x5>6.550285E-01</x5><x6>1.803592E+00</x6></dataPoint>
        <dataPoint><x4>1.857170E-01</x4><x5>6.320866E-01</x5><x6>1.900771E+00</x6></dataPoint>
        <dataPoint><x4>1.875656E-01</x4><x5>5.739321E-01</x5><x6>2.190611E+00</x6></dataPoint>
        <dataPoint><x4>1.890471E-01</x4><x5>5.318099E-01</x5><x6>2.450046E+00</x6></dataPoint>
        <dataPoint><x4>1.914536E-01</x4><x5>4.620919E-01</x5><x6>3.010356E+00</x6></dataPoint>
        <dataPoint><x4>1.923115E-01</x4><x5>4.360796E-01</x5><x6>3.276647E+00</x6></dataPoint>
        <dataPoint><x4>1.931091E-01</x4><x5>4.086386E-01</x5><x6>3.603090E+00</x6></dataPoint>
        <dataPoint><x4>1.947994E-01</x4><x5>3.583315E-01</x5><x6>4.363966E+00</x6></dataPoint>
        <dataPoint><x4>1.949999E-01</x4><x5>3.446446E-01</x5><x6>4.618528E+00</x6></dataPoint>
        <dataPoint><x4>1.952235E-01</x4><x5>3.418599E-01</x5><x6>4.673368E+00</x6></dataPoint>
        <dataPoint><x4>1.957654E-01</x4><x5>3.260268E-01</x5><x6>5.007006E+00</x6></dataPoint>
        <dataPoint><x4>1.966458E-01</x4><x5>2.964000E-01</x5><x6>5.749724E+00</x6></dataPoint>
        <dataPoint><x4>1.967996E-01</x4><x5>2.891911E-01</x5><x6>5.958681E+00</x6></dataPoint>
        <dataPoint><x4>1.969920E-01</x4><x5>2.872311E-01</x5><x6>6.017698E+00</x6></dataPoint>
        <dataPoint><x4>1.975923E-01</x4><x5>2.645810E-01</x5><x6>6.777583E+00</x6></dataPoint>
        <dataPoint><x4>1.977422E-01</x4><x5>2.617136E-01</x5><x6>6.885227E+00</x6></dataPoint>
        <dataPoint><x4>1.982561E-01</x4><x5>2.458101E-01</x5><x6>7.537963E+00</x6></dataPoint>
        <dataPoint><x4>1.997095E-01</x4><x5>1.982486E-01</x5><x6>1.027291E+01</x6></dataPoint>
        <dataPoint><x4>2.007017E-01</x4><x5>1.657676E-01</x5><x6>1.327265E+01</x6></dataPoint>
        <dataPoint><x4>2.013504E-01</x4><x5>1.448602E-01</x5><x6>1.608455E+01</x6></dataPoint>
        <dataPoint><x4>2.019937E-01</x4><x5>1.258114E-01</x5><x6>1.964801E+01</x6></dataPoint>
        <dataPoint><x4>2.024013E-01</x4><x5>1.137971E-01</x5><x6>2.264452E+01</x6></dataPoint>
        <dataPoint><x4>2.028128E-01</x4><x5>1.021215E-01</x5><x6>2.637803E+01</x6></dataPoint>
        <dataPoint><x4>2.036516E-01</x4><x5>8.083906E-02</x5><x6>3.661036E+01</x6></dataPoint>
        <dataPoint><x4>2.043460E-01</x4><x5>7.170382E-02</x5><x6>4.328031E+01</x6></dataPoint>
        <dataPoint><x4>2.046059E-01</x4><x5>6.862136E-02</x5><x6>4.601167E+01</x6></dataPoint>
        <dataPoint><x4>2.048021E-01</x4><x5>6.654562E-02</x5><x6>4.802088E+01</x6></dataPoint>
        <dataPoint><x4>2.050332E-01</x4><x5>6.489802E-02</x5><x6>4.972453E+01</x6></dataPoint>
        <dataPoint><x4>2.054000E-01</x4><x5>6.423443E-02</x5><x6>5.044000E+01</x6></dataPoint>
        <dataPoint><x4>2.074000E-01</x4><x5>6.504338E-02</x5><x6>4.957012E+01</x6></dataPoint>
        <dataPoint><x4>2.094000E-01</x4><x5>6.577371E-02</x5><x6>4.880648E+01</x6></dataPoint>
        <dataPoint><x4>2.114000E-01</x4><x5>6.638592E-02</x5><x6>4.818164E+01</x6></dataPoint>
        <dataPoint><x4>2.134000E-01</x4><x5>6.689701E-02</x5><x6>4.767037E+01</x6></dataPoint>
        <dataPoint><x4>2.154000E-01</x4><x5>6.732218E-02</x5><x6>4.725203E+01</x6></dataPoint>
        <dataPoint><x4>2.174000E-01</x4><x5>6.767487E-02</x5><x6>4.690973E+01</x6></dataPoint>
        <dataPoint><x4>2.194000E-01</x4><x5>6.796673E-02</x5><x6>4.662964E+01</x6></dataPoint>
        <dataPoint><x4>2.214000E-01</x4><x5>6.820777E-02</x5><x6>4.640047E+01</x6></dataPoint>
        <dataPoint><x4>2.234000E-01</x4><x5>6.840651E-02</x5><x6>4.621295E+01</x6></dataPoint>
        <dataPoint><x4>2.254000E-01</x4><x5>6.857015E-02</x5><x6>4.605951E+01</x6></dataPoint>
        <dataPoint><x4>2.274000E-01</x4><x5>6.870473E-02</x5><x6>4.593397E+01</x6></dataPoint>
        <dataPoint><x4>2.294000E-01</x4><x5>6.881533E-02</x5><x6>4.583124E+01</x6></dataPoint>
        <dataPoint><x4>2.314000E-01</x4><x5>6.890613E-02</x5><x6>4.574718E+01</x6></dataPoint>
        <dataPoint><x4>2.334000E-01</x4><x5>6.898064E-02</x5><x6>4.567841E+01</x6></dataPoint>
        <dataPoint><x4>2.354000E-01</x4><x5>6.904175E-02</x5><x6>4.562213E+01</x6></dataPoint>
    </dataGroup>
    <dataGroup id="dg2" label="V-t history" dataPointLink="5">
        <property name="time"      id="x4"   label="t"            sourcetype="calculated"  units="s"   />
        <property name="volume"    id="x5"   label="V"            sourcetype="calculated"  units="cm3" />
        <property name="pressure"  id="x6"   label="p"            sourcetype="estimated"   units="bar"  kind="reactive" />

        <dataPoint><x4>0.000000E+00</x4><x5>1.000000E+00</x5><x6>9.666000E-01</x6></dataPoint>
        <dataPoint><x4>1.177000E-01</x4><x5>1.000000E+00</x5><x6>9.666000E-01</x6></dataPoint>
        <dataPoint><x4>1.910000E-01</x4><x5>7.941056E-01</x5><x6>1.359237E+00</x6></dataPoint>
        <dataPoint><x4>1.917188E-01</x4><x5>8.256787E-01</x5><x6>1.283181E+00</x6></dataPoint>
        <dataPoint><x4>1.959261E-01</x4><x5>7.269606E-01</x5><x6>1.548489E+00</x6></dataPoint>
        <dataPoint><x4>1.969480E-01</x4><x5>7.286021E-01</x5><x6>1.543348E+00</x6></dataPoint>
        <dataPoint><x4>1.984609E-01</x4><x5>6.703140E-01</x5><x6>1.745149E+00</x6></dataPoint>
        <dataPoint><x4>2.010122E-01</x4><x5>6.221970E-01</x5><x6>1.947392E+00</x6></dataPoint>
        <dataPoint><x4>2.029588E-01</x4><x5>5.697322E-01</x5><x6>2.216652E+00</x6></dataPoint>
        <dataPoint><x4>2.038340E-01</x4><x5>5.443402E-01</x5><x6>2.370148E+00</x6></dataPoint>
        <dataPoint><x4>2.040977E-01</x4><x5>5.440716E-01</x5><x6>2.371866E+00</x6></dataPoint>
        <dataPoint><x4>2.065329E-01</x4><x5>4.728633E-01</x5><x6>2.913473E+00</x6></dataPoint>
        <dataPoint><x4>2.092356E-01</x4><x5>3.905956E-01</x5><x6>3.852519E+00</x6></dataPoint>
        <dataPoint><x4>2.104339E-01</x4><x5>3.539003E-01</x5><x6>4.448285E+00</x6></dataPoint>
        <dataPoint><x4>2.106026E-01</x4><x5>3.438554E-01</x5><x6>4.638675E+00</x6></dataPoint>
        <dataPoint><x4>2.112117E-01</x4><x5>3.268978E-01</x5><x6>4.992696E+00</x6></dataPoint>
        <dataPoint><x4>2.113724E-01</x4><x5>3.257041E-01</x5><x6>5.019311E+00</x6></dataPoint>
        <dataPoint><x4>2.130842E-01</x4><x5>2.687618E-01</x5><x6>6.632306E+00</x6></dataPoint>
        <dataPoint><x4>2.139462E-01</x4><x5>2.411193E-01</x5><x6>7.758339E+00</x6></dataPoint>
        <dataPoint><x4>2.145780E-01</x4><x5>2.207165E-01</x5><x6>8.812674E+00</x6></dataPoint>
        <dataPoint><x4>2.149917E-01</x4><x5>2.069205E-01</x5><x6>9.669968E+00</x6></dataPoint>
        <dataPoint><x4>2.154061E-01</x4><x5>1.925613E-01</x5><x6>1.072176E+01</x6></dataPoint>
        <dataPoint><x4>2.160675E-01</x4><x5>1.722703E-01</x5><x6>1.257516E+01</x6></dataPoint>
        <dataPoint><x4>2.165489E-01</x4><x5>1.585573E-01</x5><x6>1.415645E+01</x6></dataPoint>
        <dataPoint><x4>2.170323E-01</x4><x5>1.434357E-01</x5><x6>1.632843E+01</x6></dataPoint>
        <dataPoint><x4>2.174097E-01</x4><x5>1.324952E-01</x5><x6>1.827610E+01</x6></dataPoint>
        <dataPoint><x4>2.176558E-01</x4><x5>1.254152E-01</x5><x6>1.975552E+01</x6></dataPoint>
        <dataPoint><x4>2.179520E-01</x4><x5>1.168063E-01</x5><x6>2.184640E+01</x6></dataPoint>
        <dataPoint><x4>2.182151E-01</x4><x5>1.095729E-01</x5><x6>2.390980E+01</x6></dataPoint>
        <dataPoint><x4>2.186164E-01</x4><x5>9.892236E-02</x5><x6>2.761307E+01</x6></dataPoint>
        <dataPoint><x4>2.193174E-01</x4><x5>8.239788E-02</x5><x6>3.568041E+01</x6></dataPoint>
        <dataPoint><x4>2.207577E-01</x4><x5>6.603031E-02</x5><x6>4.859012E+01</x6></dataPoint>
        <dataPoint><x4>2.210133E-01</x4><x5>6.510683E-02</x5><x6>4.955109E+01</x6></dataPoint>
        <dataPoint><x4>2.214000E-01</x4><x5>6.485385E-02</x5><x6>4.982000E+01</x6></dataPoint>
        <dataPoint><x4>2.234000E-01</x4><x5>6.568074E-02</x5><x6>4.895012E+01</x6></dataPoint>
        <dataPoint><x4>2.254000E-01</x4><x5>6.642754E-02</x5><x6>4.818648E+01</x6></dataPoint>
        <dataPoint><x4>2.274000E-01</x4><x5>6.705375E-02</x5><x6>4.756164E+01</x6></dataPoint>
        <dataPoint><x4>2.294000E-01</x4><x5>6.757665E-02</x5><x6>4.705037E+01</x6></dataPoint>
        <dataPoint><x4>2.314000E-01</x4><x5>6.801175E-02</x5><x6>4.663203E+01</x6></dataPoint>
        <dataPoint><x4>2.334000E-01</x4><x5>6.837274E-02</x5><x6>4.628973E+01</x6></dataPoint>
        <dataPoint><x4>2.354000E-01</x4><x5>6.867151E-02</x5><x6>4.600964E+01</x6></dataPoint>
        <dataPoint><x4>2.374000E-01</x4><x5>6.891829E-02</x5><x6>4.578047E+01</x6></dataPoint>
        <dataPoint><x4>2.394000E-01</x4><x5>6.912178E-02</x5><x6>4.559295E+01</x6></dataPoint>
        <dataPoint><x4>2.414000E-01</x4><x5>6.928934E-02</x5><x6>4.543951E+01</x6></dataPoint>
        <dataPoint><x4>2.434000E-01</x4><x5>6.942717E-02</x5><x6>4.531397E+01</x6></dataPoint>
        <dataPoint><x4>2.454000E-01</x4><x5>6.954042E-02</x5><x6>4.521124E+01</x6></dataPoint>
        <dataPoint><x4>2.474000E-01</x4><x5>6.963342E-02</x5><x6>4.512718E+01</x6></dataPoint>
        <dataPoint><x4>2.494000E-01</x4><x5>6.970974E-02</x5><x6>4.505841E+01</x6></dataPoint>
        <dataPoint><x4>2.514000E-01</x4><x5>6.977233E-02</x5><x6>4.500213E+01</x6></dataPoint>
    </dataGroup>
    <dataGroup id="dg2" label="V-t history" dataPointLink="6">
        <property name="time"      id="x4"   label="t"            sourcetype="calculated"  units="s"   />
        <property name="volume"    id="x5"   label="V"            sourcetype="calculated"  units="cm3" />
        <property name="pressure"  id="x6"   label="p"            sourcetype="estimated"   units="bar"  kind="reactive" />

        <dataPoint><x4>0.000000E+00</x4><x5>1.000000E+00</x5><x6>9.176000E-01</x6></dataPoint>
        <dataPoint><x4>1.322000E-01</x4><x5>1.000000E+00</x5><x6>9.176000E-01</x6></dataPoint>
        <dataPoint><x4>1.976000E-01</x4><x5>7.711751E-01</x5><x6>1.347368E+00</x6></dataPoint>
        <dataPoint><x4>2.017944E-01</x4><x5>7.144610E-01</x5><x6>1.508068E+00</x6></dataPoint>
        <dataPoint><x4>2.046035E-01</x4><x5>6.333293E-01</x5><x6>1.801059E+00</x6></dataPoint>
        <dataPoint><x4>2.046325E-01</x4><x5>6.335310E-01</x5><x6>1.800215E+00</x6></dataPoint>
        <dataPoint><x4>2.068198E-01</x4><x5>5.819723E-01</x5><x6>2.039575E+00</x6></dataPoint>
        <dataPoint><x4>2.078379E-01</x4><x5>5.620546E-01</x5><x6>2.146642E+00</x6></dataPoint>
        <dataPoint><x4>2.078868E-01</x4><x5>5.644696E-01</x5><x6>2.133165E+00</x6></dataPoint>
        <dataPoint><x4>2.091978E-01</x4><x5>5.141611E-01</x5><x6>2.446404E+00</x6></dataPoint>
        <dataPoint><x4>2.098507E-01</x4><x5>5.045523E-01</x5><x6>2.515021E+00</x6></dataPoint>
        <dataPoint><x4>2.116209E-01</x4><x5>4.526419E-01</x5><x6>2.948501E+00</x6></dataPoint>
        <dataPoint><x4>2.139609E-01</x4><x5>3.885947E-01</x5><x6>3.684728E+00</x6></dataPoint>
        <dataPoint><x4>2.160127E-01</x4><x5>3.207904E-01</x5><x6>4.871288E+00</x6></dataPoint>
        <dataPoint><x4>2.173428E-01</x4><x5>2.770931E-01</x5><x6>6.023961E+00</x6></dataPoint>
        <dataPoint><x4>2.185602E-01</x4><x5>2.392273E-01</x5><x6>7.449228E+00</x6></dataPoint>
        <dataPoint><x4>2.196135E-01</x4><x5>2.065928E-01</x5><x6>9.200699E+00</x6></dataPoint>
        <dataPoint><x4>2.203690E-01</x4><x5>1.813066E-01</x5><x6>1.109567E+01</x6></dataPoint>
        <dataPoint><x4>2.210139E-01</x4><x5>1.622415E-01</x5><x6>1.300554E+01</x6></dataPoint>
        <dataPoint><x4>2.213814E-01</x4><x5>1.518755E-01</x5><x6>1.428935E+01</x6></dataPoint>
        <dataPoint><x4>2.216053E-01</x4><x5>1.456916E-01</x5><x6>1.516044E+01</x6></dataPoint>
        <dataPoint><x4>2.219683E-01</x4><x5>1.346802E-01</x5><x6>1.695160E+01</x6></dataPoint>
        <dataPoint><x4>2.221991E-01</x4><x5>1.281258E-01</x5><x6>1.819447E+01</x6></dataPoint>
        <dataPoint><x4>2.224079E-01</x4><x5>1.218267E-01</x5><x6>1.954083E+01</x6></dataPoint>
        <dataPoint><x4>2.228150E-01</x4><x5>1.102272E-01</x5><x6>2.250791E+01</x6></dataPoint>
        <dataPoint><x4>2.231818E-01</x4><x5>1.001826E-01</x5><x6>2.575072E+01</x6></dataPoint>
        <dataPoint><x4>2.234860E-01</x4><x5>9.241436E-02</x5><x6>2.884274E+01</x6></dataPoint>
        <dataPoint><x4>2.240031E-01</x4><x5>8.022132E-02</x5><x6>3.516345E+01</x6></dataPoint>
        <dataPoint><x4>2.241981E-01</x4><x5>7.691915E-02</x5><x6>3.728989E+01</x6></dataPoint>
        <dataPoint><x4>2.244399E-01</x4><x5>7.406244E-02</x5><x6>3.931203E+01</x6></dataPoint>
        <dataPoint><x4>2.249694E-01</x4><x5>6.815327E-02</x5><x6>4.414023E+01</x6></dataPoint>
        <dataPoint><x4>2.253937E-01</x4><x5>6.391512E-02</x5><x6>4.826267E+01</x6></dataPoint>
        <dataPoint><x4>2.256803E-01</x4><x5>6.245134E-02</x5><x6>4.984143E+01</x6></dataPoint>
        <dataPoint><x4>2.262000E-01</x4><x5>6.212093E-02</x5><x6>5.021000E+01</x6></dataPoint>
        <dataPoint><x4>2.282000E-01</x4><x5>6.290749E-02</x5><x6>4.934012E+01</x6></dataPoint>
        <dataPoint><x4>2.302000E-01</x4><x5>6.361772E-02</x5><x6>4.857648E+01</x6></dataPoint>
        <dataPoint><x4>2.322000E-01</x4><x5>6.421317E-02</x5><x6>4.795164E+01</x6></dataPoint>
        <dataPoint><x4>2.342000E-01</x4><x5>6.471030E-02</x5><x6>4.744037E+01</x6></dataPoint>
        <dataPoint><x4>2.362000E-01</x4><x5>6.512392E-02</x5><x6>4.702203E+01</x6></dataPoint>
        <dataPoint><x4>2.382000E-01</x4><x5>6.546704E-02</x5><x6>4.667973E+01</x6></dataPoint>
        <dataPoint><x4>2.402000E-01</x4><x5>6.575100E-02</x5><x6>4.639964E+01</x6></dataPoint>
        <dataPoint><x4>2.422000E-01</x4><x5>6.598553E-02</x5><x6>4.617047E+01</x6></dataPoint>
        <dataPoint><x4>2.442000E-01</x4><x5>6.617891E-02</x5><x6>4.598295E+01</x6></dataPoint>
        <dataPoint><x4>2.462000E-01</x4><x5>6.633814E-02</x5><x6>4.582951E+01</x6></dataPoint>
        <dataPoint><x4>2.482000E-01</x4><x5>6.646911E-02</x5><x6>4.570397E+01</x6></dataPoint>
        <dataPoint><x4>2.502000E-01</x4><x5>6.657673E-02</x5><x6>4.560124E+01</x6></dataPoint>
        <dataPoint><x4>2.522000E-01</x4><x5>6.666509E-02</x5><x6>4.551718E+01</x6></dataPoint>
        <dataPoint><x4>2.542000E-01</x4><x5>6.673760E-02</x5><x6>4.544841E+01</x6></dataPoint>
        <dataPoint><x4>2.562000E-01</x4><x5>6.679707E-02</x5><x6>4.539213E+01</x6></dataPoint>
    </dataGroup>
    <dataGroup id="dg2" label="V-t history" dataPointLink="7">
        <property name="time"      id="x4"   label="t"            sourcetype="calculated"  units="s"   />
        <property name="volume"    id="x5"   label="V"            sourcetype="calculated"  units="cm3" />
        <property name="pressure"  id="x6"   label="p"            sourcetype="estimated"   units="bar"  kind="reactive" />

        <dataPoint><x4>0.000000E+00</x4><x5>1.000000E+00</x5><x6>8.306000E-01</x6></dataPoint>
        <dataPoint><x4>1.374000E-01</x4><x5>1.000000E+00</x5><x6>8.306000E-01</x6></dataPoint>
        <dataPoint><x4>2.406000E-01</x4><x5>7.707732E-01</x5><x6>1.220678E+00</x6></dataPoint>
        <dataPoint><x4>2.476125E-01</x4><x5>6.532529E-01</x5><x6>1.557897E+00</x6></dataPoint>
        <dataPoint><x4>2.487507E-01</x4><x5>6.405567E-01</x5><x6>1.603578E+00</x6></dataPoint>
        <dataPoint><x4>2.497515E-01</x4><x5>6.128348E-01</x5><x6>1.711471E+00</x6></dataPoint>
        <dataPoint><x4>2.519664E-01</x4><x5>5.636878E-01</x5><x6>1.935303E+00</x6></dataPoint>
        <dataPoint><x4>2.539219E-01</x4><x5>5.184408E-01</x5><x6>2.188297E+00</x6></dataPoint>
        <dataPoint><x4>2.548001E-01</x4><x5>4.918527E-01</x5><x6>2.363952E+00</x6></dataPoint>
        <dataPoint><x4>2.554224E-01</x4><x5>4.880321E-01</x5><x6>2.391129E+00</x6></dataPoint>
        <dataPoint><x4>2.558476E-01</x4><x5>4.719356E-01</x5><x6>2.511572E+00</x6></dataPoint>
        <dataPoint><x4>2.560554E-01</x4><x5>4.582642E-01</x5><x6>2.622055E+00</x6></dataPoint>
        <dataPoint><x4>2.572257E-01</x4><x5>4.393013E-01</x5><x6>2.789341E+00</x6></dataPoint>
        <dataPoint><x4>2.604464E-01</x4><x5>3.508987E-01</x5><x6>3.872013E+00</x6></dataPoint>
        <dataPoint><x4>2.627195E-01</x4><x5>2.860474E-01</x5><x6>5.210570E+00</x6></dataPoint>
        <dataPoint><x4>2.637115E-01</x4><x5>2.552627E-01</x5><x6>6.144326E+00</x6></dataPoint>
        <dataPoint><x4>2.641673E-01</x4><x5>2.412460E-01</x5><x6>6.666648E+00</x6></dataPoint>
        <dataPoint><x4>2.651978E-01</x4><x5>2.138405E-01</x5><x6>7.932179E+00</x6></dataPoint>
        <dataPoint><x4>2.655568E-01</x4><x5>2.021277E-01</x5><x6>8.601452E+00</x6></dataPoint>
        <dataPoint><x4>2.660281E-01</x4><x5>1.890292E-01</x5><x6>9.469849E+00</x6></dataPoint>
        <dataPoint><x4>2.662597E-01</x4><x5>1.836325E-01</x5><x6>9.871369E+00</x6></dataPoint>
        <dataPoint><x4>2.667784E-01</x4><x5>1.702364E-01</x5><x6>1.100199E+01</x6></dataPoint>
        <dataPoint><x4>2.671627E-01</x4><x5>1.590911E-01</x5><x6>1.211941E+01</x6></dataPoint>
        <dataPoint><x4>2.676344E-01</x4><x5>1.469027E-01</x5><x6>1.357774E+01</x6></dataPoint>
        <dataPoint><x4>2.683657E-01</x4><x5>1.267076E-01</x5><x6>1.675226E+01</x6></dataPoint>
        <dataPoint><x4>2.688081E-01</x4><x5>1.148295E-01</x5><x6>1.925664E+01</x6></dataPoint>
        <dataPoint><x4>2.692588E-01</x4><x5>1.029318E-01</x5><x6>2.247013E+01</x6></dataPoint>
        <dataPoint><x4>2.697292E-01</x4><x5>9.117399E-02</x5><x6>2.664861E+01</x6></dataPoint>
        <dataPoint><x4>2.705844E-01</x4><x5>7.306388E-02</x5><x6>3.632655E+01</x6></dataPoint>
        <dataPoint><x4>2.707920E-01</x4><x5>7.071865E-02</x5><x6>3.801712E+01</x6></dataPoint>
        <dataPoint><x4>2.711931E-01</x4><x5>6.662970E-02</x5><x6>4.130492E+01</x6></dataPoint>
        <dataPoint><x4>2.720047E-01</x4><x5>5.943827E-02</x5><x6>4.841047E+01</x6></dataPoint>
        <dataPoint><x4>2.723482E-01</x4><x5>5.823035E-02</x5><x6>4.980967E+01</x6></dataPoint>
        <dataPoint><x4>2.728000E-01</x4><x5>5.802867E-02</x5><x6>5.005000E+01</x6></dataPoint>
        <dataPoint><x4>2.748000E-01</x4><x5>5.876659E-02</x5><x6>4.918012E+01</x6></dataPoint>
        <dataPoint><x4>2.768000E-01</x4><x5>5.943296E-02</x5><x6>4.841648E+01</x6></dataPoint>
        <dataPoint><x4>2.788000E-01</x4><x5>5.999169E-02</x5><x6>4.779164E+01</x6></dataPoint>
        <dataPoint><x4>2.808000E-01</x4><x5>6.045821E-02</x5><x6>4.728037E+01</x6></dataPoint>
        <dataPoint><x4>2.828000E-01</x4><x5>6.084638E-02</x5><x6>4.686203E+01</x6></dataPoint>
        <dataPoint><x4>2.848000E-01</x4><x5>6.116841E-02</x5><x6>4.651973E+01</x6></dataPoint>
        <dataPoint><x4>2.868000E-01</x4><x5>6.143493E-02</x5><x6>4.623964E+01</x6></dataPoint>
        <dataPoint><x4>2.888000E-01</x4><x5>6.165506E-02</x5><x6>4.601047E+01</x6></dataPoint>
        <dataPoint><x4>2.908000E-01</x4><x5>6.183658E-02</x5><x6>4.582295E+01</x6></dataPoint>
        <dataPoint><x4>2.928000E-01</x4><x5>6.198605E-02</x5><x6>4.566951E+01</x6></dataPoint>
        <dataPoint><x4>2.948000E-01</x4><x5>6.210898E-02</x5><x6>4.554397E+01</x6></dataPoint>
        <dataPoint><x4>2.968000E-01</x4><x5>6.221001E-02</x5><x6>4.544124E+01</x6></dataPoint>
        <dataPoint><x4>2.988000E-01</x4><x5>6.229296E-02</x5><x6>4.535718E+01</x6></dataPoint>
        <dataPoint><x4>3.008000E-01</x4><x5>6.236102E-02</x5><x6>4.528841E+01</x6></dataPoint>
        <dataPoint><x4>3.028000E-01</x4><x5>6.241685E-02</x5><x6>4.523213E+01</x6></dataPoint>
    </dataGroup>
    <dataGroup id="dg2" label="V-t history" dataPointLink="8">
        <property name="time"      id="x4"   label="t"            sourcetype="calculated"  units="s"   />
        <property name="volume"    id="x5"   label="V"            sourcetype="calculated"  units="cm3" />
        <property name="pressure"  id="x6"   label="p"            sourcetype="estimated"   units="bar"  kind="reactive" />

        <dataPoint><x4>0.000000E+00</x4><x5>1.000000E+00</x5><x6>7.756000E-01</x6></dataPoint>
        <dataPoint><x4>1.283000E-01</x4><x5>1.000000E+00</x5><x6>7.756000E-01</x6></dataPoint>
        <dataPoint><x4>2.496000E-01</x4><x5>7.534823E-01</x5><x6>1.178663E+00</x6></dataPoint>
        <dataPoint><x4>2.527243E-01</x4><x5>7.221767E-01</x5><x6>1.254814E+00</x6></dataPoint>
        <dataPoint><x4>2.533753E-01</x4><x5>6.841076E-01</x5><x6>1.359108E+00</x6></dataPoint>
        <dataPoint><x4>2.549261E-01</x4><x5>6.797913E-01</x5><x6>1.371844E+00</x6></dataPoint>
        <dataPoint><x4>2.551567E-01</x4><x5>6.888915E-01</x5><x6>1.345220E+00</x6></dataPoint>
        <dataPoint><x4>2.555681E-01</x4><x5>6.735951E-01</x5><x6>1.390479E+00</x6></dataPoint>
        <dataPoint><x4>2.625561E-01</x4><x5>5.279888E-01</x5><x6>1.989378E+00</x6></dataPoint>
        <dataPoint><x4>2.667267E-01</x4><x5>4.191923E-01</x5><x6>2.789310E+00</x6></dataPoint>
        <dataPoint><x4>2.699508E-01</x4><x5>3.311048E-01</x5><x6>3.934363E+00</x6></dataPoint>
        <dataPoint><x4>2.706931E-01</x4><x5>3.050900E-01</x5><x6>4.431142E+00</x6></dataPoint>
        <dataPoint><x4>2.711769E-01</x4><x5>2.962088E-01</x5><x6>4.625259E+00</x6></dataPoint>
        <dataPoint><x4>2.715478E-01</x4><x5>2.793489E-01</x5><x6>5.035420E+00</x6></dataPoint>
        <dataPoint><x4>2.720071E-01</x4><x5>2.733041E-01</x5><x6>5.197528E+00</x6></dataPoint>
        <dataPoint><x4>2.733937E-01</x4><x5>2.331221E-01</x5><x6>6.540462E+00</x6></dataPoint>
        <dataPoint><x4>2.749863E-01</x4><x5>1.906733E-01</x5><x6>8.733322E+00</x6></dataPoint>
        <dataPoint><x4>2.753452E-01</x4><x5>1.795234E-01</x5><x6>9.521137E+00</x6></dataPoint>
        <dataPoint><x4>2.761302E-01</x4><x5>1.587977E-01</x5><x6>1.134632E+01</x6></dataPoint>
        <dataPoint><x4>2.767179E-01</x4><x5>1.440042E-01</x5><x6>1.304291E+01</x6></dataPoint>
        <dataPoint><x4>2.769925E-01</x4><x5>1.369019E-01</x5><x6>1.401545E+01</x6></dataPoint>
        <dataPoint><x4>2.773629E-01</x4><x5>1.268721E-01</x5><x6>1.561354E+01</x6></dataPoint>
        <dataPoint><x4>2.775963E-01</x4><x5>1.206841E-01</x5><x6>1.675951E+01</x6></dataPoint>
        <dataPoint><x4>2.780927E-01</x4><x5>1.078779E-01</x5><x6>1.963805E+01</x6></dataPoint>
        <dataPoint><x4>2.785479E-01</x4><x5>9.653757E-02</x5><x6>2.296281E+01</x6></dataPoint>
        <dataPoint><x4>2.788022E-01</x4><x5>9.028958E-02</x5><x6>2.522535E+01</x6></dataPoint>
        <dataPoint><x4>2.791260E-01</x4><x5>8.251279E-02</x5><x6>2.861869E+01</x6></dataPoint>
        <dataPoint><x4>2.797385E-01</x4><x5>7.057034E-02</x5><x6>3.560155E+01</x6></dataPoint>
        <dataPoint><x4>2.799983E-01</x4><x5>6.751839E-02</x5><x6>3.786267E+01</x6></dataPoint>
        <dataPoint><x4>2.804853E-01</x4><x5>6.304092E-02</x5><x6>4.165436E+01</x6></dataPoint>
        <dataPoint><x4>2.810044E-01</x4><x5>5.845383E-02</x5><x6>4.626180E+01</x6></dataPoint>
        <dataPoint><x4>2.811999E-01</x4><x5>5.710939E-02</x5><x6>4.777941E+01</x6></dataPoint>
        <dataPoint><x4>2.814192E-01</x4><x5>5.619894E-02</x5><x6>4.885607E+01</x6></dataPoint>
        <dataPoint><x4>2.820000E-01</x4><x5>5.567871E-02</x5><x6>4.949000E+01</x6></dataPoint>
        <dataPoint><x4>2.840000E-01</x4><x5>5.639553E-02</x5><x6>4.862012E+01</x6></dataPoint>
        <dataPoint><x4>2.860000E-01</x4><x5>5.704306E-02</x5><x6>4.785648E+01</x6></dataPoint>
        <dataPoint><x4>2.880000E-01</x4><x5>5.758616E-02</x5><x6>4.723164E+01</x6></dataPoint>
        <dataPoint><x4>2.900000E-01</x4><x5>5.803974E-02</x5><x6>4.672037E+01</x6></dataPoint>
        <dataPoint><x4>2.920000E-01</x4><x5>5.841723E-02</x5><x6>4.630203E+01</x6></dataPoint>
        <dataPoint><x4>2.940000E-01</x4><x5>5.873045E-02</x5><x6>4.595973E+01</x6></dataPoint>
        <dataPoint><x4>2.960000E-01</x4><x5>5.898972E-02</x5><x6>4.567964E+01</x6></dataPoint>
        <dataPoint><x4>2.980000E-01</x4><x5>5.920388E-02</x5><x6>4.545047E+01</x6></dataPoint>
        <dataPoint><x4>3.000000E-01</x4><x5>5.938050E-02</x5><x6>4.526295E+01</x6></dataPoint>
        <dataPoint><x4>3.020000E-01</x4><x5>5.952594E-02</x5><x6>4.510951E+01</x6></dataPoint>
        <dataPoint><x4>3.040000E-01</x4><x5>5.964557E-02</x5><x6>4.498397E+01</x6></dataPoint>
        <dataPoint><x4>3.060000E-01</x4><x5>5.974389E-02</x5><x6>4.488124E+01</x6></dataPoint>
        <dataPoint><x4>3.080000E-01</x4><x5>5.982462E-02</x5><x6>4.479718E+01</x6></dataPoint>
        <dataPoint><x4>3.100000E-01</x4><x5>5.989087E-02</x5><x6>4.472841E+01</x6></dataPoint>
        <dataPoint><x4>3.120000E-01</x4><x5>5.994520E-02</x5><x6>4.467213E+01</x6></dataPoint>
    </dataGroup>
    <dataGroup id="dg2" label="V-t history" dataPointLink="9">
        <property name="time"      id="x4"   label="t"            sourcetype="calculated"  units="s"   />
        <property name="volume"    id="x5"   label="V"            sourcetype="calculated"  units="cm3" />
        <property name="pressure"  id="x6"   label="p"            sourcetype="estimated"   units="bar"  kind="reactive" />

        <dataPoint><x4>0.000000E+00</x4><x5>1.000000E+00</x5><x6>7.776000E-01</x6></dataPoint>
        <dataPoint><x4>1.339000E-01</x4><x5>1.000000E+00</x5><x6>7.776000E-01</x6></dataPoint>
        <dataPoint><x4>2.482000E-01</x4><x5>7.831833E-01</x5><x6>1.116143E+00</x6></dataPoint>
        <dataPoint><x4>2.579897E-01</x4><x5>6.414649E-01</x5><x6>1.498098E+00</x6></dataPoint>
        <dataPoint><x4>2.609374E-01</x4><x5>5.774736E-01</x5><x6>1.748564E+00</x6></dataPoint>
        <dataPoint><x4>2.656503E-01</x4><x5>4.661539E-01</x5><x6>2.394063E+00</x6></dataPoint>
        <dataPoint><x4>2.675750E-01</x4><x5>4.143392E-01</x5><x6>2.844419E+00</x6></dataPoint>
        <dataPoint><x4>2.686044E-01</x4><x5>3.830824E-01</x5><x6>3.189546E+00</x6></dataPoint>
        <dataPoint><x4>2.688038E-01</x4><x5>3.847955E-01</x5><x6>3.168850E+00</x6></dataPoint>
        <dataPoint><x4>2.707104E-01</x4><x5>3.300585E-01</x5><x6>3.962559E+00</x6></dataPoint>
        <dataPoint><x4>2.722406E-01</x4><x5>2.908761E-01</x5><x6>4.760800E+00</x6></dataPoint>
        <dataPoint><x4>2.736606E-01</x4><x5>2.483650E-01</x5><x6>5.984091E+00</x6></dataPoint>
        <dataPoint><x4>2.737668E-01</x4><x5>2.476811E-01</x5><x6>6.007975E+00</x6></dataPoint>
        <dataPoint><x4>2.749253E-01</x4><x5>2.155295E-01</x5><x6>7.341769E+00</x6></dataPoint>
        <dataPoint><x4>2.758254E-01</x4><x5>1.911244E-01</x5><x6>8.725641E+00</x6></dataPoint>
        <dataPoint><x4>2.765939E-01</x4><x5>1.716463E-01</x5><x6>1.017809E+01</x6></dataPoint>
        <dataPoint><x4>2.774310E-01</x4><x5>1.500501E-01</x5><x6>1.233182E+01</x6></dataPoint>
        <dataPoint><x4>2.780468E-01</x4><x5>1.337167E-01</x5><x6>1.452811E+01</x6></dataPoint>
        <dataPoint><x4>2.785712E-01</x4><x5>1.201066E-01</x5><x6>1.691562E+01</x6></dataPoint>
        <dataPoint><x4>2.789794E-01</x4><x5>1.093721E-01</x5><x6>1.930834E+01</x6></dataPoint>
        <dataPoint><x4>2.792181E-01</x4><x5>1.031313E-01</x5><x6>2.097580E+01</x6></dataPoint>
        <dataPoint><x4>2.794005E-01</x4><x5>9.892101E-02</x5><x6>2.224340E+01</x6></dataPoint>
        <dataPoint><x4>2.795984E-01</x4><x5>9.381055E-02</x5><x6>2.396540E+01</x6></dataPoint>
        <dataPoint><x4>2.797994E-01</x4><x5>8.885004E-02</x5><x6>2.586418E+01</x6></dataPoint>
        <dataPoint><x4>2.799964E-01</x4><x5>8.417126E-02</x5><x6>2.790103E+01</x6></dataPoint>
        <dataPoint><x4>2.801974E-01</x4><x5>7.970738E-02</x5><x6>3.011139E+01</x6></dataPoint>
        <dataPoint><x4>2.804010E-01</x4><x5>7.556596E-02</x5><x6>3.244168E+01</x6></dataPoint>
        <dataPoint><x4>2.806035E-01</x4><x5>7.202488E-02</x5><x6>3.468832E+01</x6></dataPoint>
        <dataPoint><x4>2.807590E-01</x4><x5>6.965595E-02</x5><x6>3.634339E+01</x6></dataPoint>
        <dataPoint><x4>2.822039E-01</x4><x5>5.683345E-02</x5><x6>4.821903E+01</x6></dataPoint>
        <dataPoint><x4>2.823997E-01</x4><x5>5.601479E-02</x5><x6>4.919885E+01</x6></dataPoint>
        <dataPoint><x4>2.826013E-01</x4><x5>5.568578E-02</x5><x6>4.960223E+01</x6></dataPoint>
        <dataPoint><x4>2.828181E-01</x4><x5>5.549620E-02</x5><x6>4.983725E+01</x6></dataPoint>
        <dataPoint><x4>2.832000E-01</x4><x5>5.542179E-02</x5><x6>4.993000E+01</x6></dataPoint>
        <dataPoint><x4>2.852000E-01</x4><x5>5.612900E-02</x5><x6>4.906012E+01</x6></dataPoint>
        <dataPoint><x4>2.872000E-01</x4><x5>5.676771E-02</x5><x6>4.829648E+01</x6></dataPoint>
        <dataPoint><x4>2.892000E-01</x4><x5>5.730328E-02</x5><x6>4.767164E+01</x6></dataPoint>
        <dataPoint><x4>2.912000E-01</x4><x5>5.775049E-02</x5><x6>4.716037E+01</x6></dataPoint>
        <dataPoint><x4>2.932000E-01</x4><x5>5.812261E-02</x5><x6>4.674203E+01</x6></dataPoint>
        <dataPoint><x4>2.952000E-01</x4><x5>5.843134E-02</x5><x6>4.639973E+01</x6></dataPoint>
        <dataPoint><x4>2.972000E-01</x4><x5>5.868687E-02</x5><x6>4.611964E+01</x6></dataPoint>
        <dataPoint><x4>2.992000E-01</x4><x5>5.889792E-02</x5><x6>4.589047E+01</x6></dataPoint>
        <dataPoint><x4>3.012000E-01</x4><x5>5.907196E-02</x5><x6>4.570295E+01</x6></dataPoint>
        <dataPoint><x4>3.032000E-01</x4><x5>5.921527E-02</x5><x6>4.554951E+01</x6></dataPoint>
        <dataPoint><x4>3.052000E-01</x4><x5>5.933314E-02</x5><x6>4.542397E+01</x6></dataPoint>
        <dataPoint><x4>3.072000E-01</x4><x5>5.943001E-02</x5><x6>4.532124E+01</x6></dataPoint>
        <dataPoint><x4>3.092000E-01</x4><x5>5.950954E-02</x5><x6>4.523718E+01</x6></dataPoint>
        <dataPoint><x4>3.112000E-01</x4><x5>5.957481E-02</x5><x6>4.516841E+01</x6></dataPoint>
        <dataPoint><x4>3.132000E-01</x4><x5>5.962834E-02</x5><x6>4.511213E+01</x6></dataPoint>
    </dataGroup>
    <dataGroup id="dg2" label="V-t history" dataPointLink="10">
        <property name="time"      id="x4"   label="t"            sourcetype="calculated"  units="s"   />
        <property name="volume"    id="x5"   label="V"            sourcetype="calculated"  units="cm3" />
        <property name="pressure"  id="x6"   label="p"            sourcetype="estimated"   units="bar"  kind="reactive" />

        <dataPoint><x4>0.000000E+00</x4><x5>1.000000E+00</x5><x6>7.277000E-01</x6></dataPoint>
        <dataPoint><x4>1.308000E-01</x4><x5>1.000000E+00</x5><x6>7.277000E-01</x6></dataPoint>
        <dataPoint><x4>2.588000E-01</x4><x5>7.219362E-01</x5><x6>1.177876E+00</x6></dataPoint>
        <dataPoint><x4>2.598620E-01</x4><x5>7.487857E-01</x5><x6>1.116104E+00</x6></dataPoint>
        <dataPoint><x4>2.655738E-01</x4><x5>6.588780E-01</x5><x6>1.347728E+00</x6></dataPoint>
        <dataPoint><x4>2.696003E-01</x4><x5>5.604424E-01</x5><x6>1.709919E+00</x6></dataPoint>
        <dataPoint><x4>2.720402E-01</x4><x5>5.093748E-01</x5><x6>1.967364E+00</x6></dataPoint>
        <dataPoint><x4>2.722013E-01</x4><x5>4.946913E-01</x5><x6>2.053582E+00</x6></dataPoint>
        <dataPoint><x4>2.724338E-01</x4><x5>4.983628E-01</x5><x6>2.031441E+00</x6></dataPoint>
        <dataPoint><x4>2.764319E-01</x4><x5>4.075962E-01</x5><x6>2.726390E+00</x6></dataPoint>
        <dataPoint><x4>2.765424E-01</x4><x5>3.967407E-01</x5><x6>2.836009E+00</x6></dataPoint>
        <dataPoint><x4>2.775297E-01</x4><x5>3.804412E-01</x5><x6>3.015050E+00</x6></dataPoint>
        <dataPoint><x4>2.806257E-01</x4><x5>2.978241E-01</x5><x6>4.305136E+00</x6></dataPoint>
        <dataPoint><x4>2.823855E-01</x4><x5>2.486458E-01</x5><x6>5.590660E+00</x6></dataPoint>
        <dataPoint><x4>2.836455E-01</x4><x5>2.142428E-01</x5><x6>6.929686E+00</x6></dataPoint>
        <dataPoint><x4>2.839740E-01</x4><x5>2.056494E-01</x5><x6>7.349939E+00</x6></dataPoint>
        <dataPoint><x4>2.848864E-01</x4><x5>1.832011E-01</x5><x6>8.676164E+00</x6></dataPoint>
        <dataPoint><x4>2.854337E-01</x4><x5>1.689852E-01</x5><x6>9.739437E+00</x6></dataPoint>
        <dataPoint><x4>2.863328E-01</x4><x5>1.468736E-01</x5><x6>1.189659E+01</x6></dataPoint>
        <dataPoint><x4>2.868270E-01</x4><x5>1.339883E-01</x5><x6>1.355552E+01</x6></dataPoint>
        <dataPoint><x4>2.872158E-01</x4><x5>1.246351E-01</x5><x6>1.502053E+01</x6></dataPoint>
        <dataPoint><x4>2.873857E-01</x4><x5>1.203342E-01</x5><x6>1.578627E+01</x6></dataPoint>
        <dataPoint><x4>2.879513E-01</x4><x5>1.062612E-01</x5><x6>1.881799E+01</x6></dataPoint>
        <dataPoint><x4>2.883934E-01</x4><x5>9.533447E-02</x5><x6>2.192310E+01</x6></dataPoint>
        <dataPoint><x4>2.887874E-01</x4><x5>8.595427E-02</x5><x6>2.535225E+01</x6></dataPoint>
        <dataPoint><x4>2.890392E-01</x4><x5>8.045740E-02</x5><x6>2.780923E+01</x6></dataPoint>
        <dataPoint><x4>2.896420E-01</x4><x5>6.874728E-02</x5><x6>3.463461E+01</x6></dataPoint>
        <dataPoint><x4>2.898005E-01</x4><x5>6.649975E-02</x5><x6>3.627477E+01</x6></dataPoint>
        <dataPoint><x4>2.900003E-01</x4><x5>6.426393E-02</x5><x6>3.804201E+01</x6></dataPoint>
        <dataPoint><x4>2.904136E-01</x4><x5>6.074093E-02</x5><x6>4.114204E+01</x6></dataPoint>
        <dataPoint><x4>2.912022E-01</x4><x5>5.462676E-02</x5><x6>4.766445E+01</x6></dataPoint>
        <dataPoint><x4>2.914005E-01</x4><x5>5.361643E-02</x5><x6>4.891308E+01</x6></dataPoint>
        <dataPoint><x4>2.916229E-01</x4><x5>5.294094E-02</x5><x6>4.977941E+01</x6></dataPoint>
        <dataPoint><x4>2.922000E-01</x4><x5>5.261262E-02</x5><x6>5.021000E+01</x6></dataPoint>
        <dataPoint><x4>2.942000E-01</x4><x5>5.328094E-02</x5><x6>4.934012E+01</x6></dataPoint>
        <dataPoint><x4>2.962000E-01</x4><x5>5.388443E-02</x5><x6>4.857648E+01</x6></dataPoint>
        <dataPoint><x4>2.982000E-01</x4><x5>5.439041E-02</x5><x6>4.795164E+01</x6></dataPoint>
        <dataPoint><x4>3.002000E-01</x4><x5>5.481287E-02</x5><x6>4.744037E+01</x6></dataPoint>
        <dataPoint><x4>3.022000E-01</x4><x5>5.516437E-02</x5><x6>4.702203E+01</x6></dataPoint>
        <dataPoint><x4>3.042000E-01</x4><x5>5.545597E-02</x5><x6>4.667973E+01</x6></dataPoint>
        <dataPoint><x4>3.062000E-01</x4><x5>5.569729E-02</x5><x6>4.639964E+01</x6></dataPoint>
        <dataPoint><x4>3.082000E-01</x4><x5>5.589661E-02</x5><x6>4.617047E+01</x6></dataPoint>
        <dataPoint><x4>3.102000E-01</x4><x5>5.606096E-02</x5><x6>4.598295E+01</x6></dataPoint>
        <dataPoint><x4>3.122000E-01</x4><x5>5.619629E-02</x5><x6>4.582951E+01</x6></dataPoint>
        <dataPoint><x4>3.142000E-01</x4><x5>5.630760E-02</x5><x6>4.570397E+01</x6></dataPoint>
        <dataPoint><x4>3.162000E-01</x4><x5>5.639907E-02</x5><x6>4.560124E+01</x6></dataPoint>
        <dataPoint><x4>3.182000E-01</x4><x5>5.647417E-02</x5><x6>4.551718E+01</x6></dataPoint>
        <dataPoint><x4>3.202000E-01</x4><x5>5.653580E-02</x5><x6>4.544841E+01</x6></dataPoint>
        <dataPoint><x4>3.222000E-01</x4><x5>5.658634E-02</x5><x6>4.539213E+01</x6></dataPoint>
    </dataGroup>
    <dataGroup id="dg2" label="V-t history" dataPointLink="11">
        <property name="time"      id="x4"   label="t"            sourcetype="calculated"  units="s"   />
        <property name="volume"    id="x5"   label="V"            sourcetype="calculated"  units="cm3" />
        <property name="pressure"  id="x6"   label="p"            sourcetype="estimated"   units="bar"  kind="reactive" />

        <dataPoint><x4>0.000000E+00</x4><x5>1.000000E+00</x5><x6>6.826000E-01</x6></dataPoint>
        <dataPoint><x4>1.359000E-01</x4><x5>1.000000E+00</x5><x6>6.826000E-01</x6></dataPoint>
        <dataPoint><x4>2.602000E-01</x4><x5>7.962390E-01</x5><x6>9.561407E-01</x6></dataPoint>
        <dataPoint><x4>2.684124E-01</x4><x5>6.598259E-01</x5><x6>1.261512E+00</x6></dataPoint>
        <dataPoint><x4>2.690187E-01</x4><x5>6.580939E-01</x5><x6>1.266405E+00</x6></dataPoint>
        <dataPoint><x4>2.754916E-01</x4><x5>5.219667E-01</x5><x6>1.780459E+00</x6></dataPoint>
        <dataPoint><x4>2.802969E-01</x4><x5>3.993563E-01</x5><x6>2.634765E+00</x6></dataPoint>
        <dataPoint><x4>2.826241E-01</x4><x5>3.417427E-01</x5><x6>3.306538E+00</x6></dataPoint>
        <dataPoint><x4>2.846423E-01</x4><x5>2.892661E-01</x5><x6>4.212569E+00</x6></dataPoint>
        <dataPoint><x4>2.856720E-01</x4><x5>2.605035E-01</x5><x6>4.902424E+00</x6></dataPoint>
        <dataPoint><x4>2.858127E-01</x4><x5>2.549906E-01</x5><x6>5.056404E+00</x6></dataPoint>
        <dataPoint><x4>2.866754E-01</x4><x5>2.348490E-01</x5><x6>5.694327E+00</x6></dataPoint>
        <dataPoint><x4>2.874565E-01</x4><x5>2.147331E-01</x5><x6>6.478480E+00</x6></dataPoint>
        <dataPoint><x4>2.887231E-01</x4><x5>1.827909E-01</x5><x6>8.164074E+00</x6></dataPoint>
        <dataPoint><x4>2.892746E-01</x4><x5>1.694697E-01</x5><x6>9.097847E+00</x6></dataPoint>
        <dataPoint><x4>2.896063E-01</x4><x5>1.608339E-01</x5><x6>9.803627E+00</x6></dataPoint>
        <dataPoint><x4>2.900245E-01</x4><x5>1.505773E-01</x5><x6>1.076956E+01</x6></dataPoint>
        <dataPoint><x4>2.902973E-01</x4><x5>1.438762E-01</x5><x6>1.149066E+01</x6></dataPoint>
        <dataPoint><x4>2.907967E-01</x4><x5>1.327622E-01</x5><x6>1.288131E+01</x6></dataPoint>
        <dataPoint><x4>2.912297E-01</x4><x5>1.219803E-01</x5><x6>1.452453E+01</x6></dataPoint>
        <dataPoint><x4>2.916059E-01</x4><x5>1.133477E-01</x5><x6>1.611309E+01</x6></dataPoint>
        <dataPoint><x4>2.920399E-01</x4><x5>1.029058E-01</x5><x6>1.846627E+01</x6></dataPoint>
        <dataPoint><x4>2.925648E-01</x4><x5>9.078234E-02</x5><x6>2.202448E+01</x6></dataPoint>
        <dataPoint><x4>2.928250E-01</x4><x5>8.487485E-02</x5><x6>2.420298E+01</x6></dataPoint>
        <dataPoint><x4>2.931861E-01</x4><x5>7.694351E-02</x5><x6>2.776223E+01</x6></dataPoint>
        <dataPoint><x4>2.938056E-01</x4><x5>6.554091E-02</x5><x6>3.471672E+01</x6></dataPoint>
        <dataPoint><x4>2.940046E-01</x4><x5>6.297952E-02</x5><x6>3.669518E+01</x6></dataPoint>
        <dataPoint><x4>2.943705E-01</x4><x5>5.975022E-02</x5><x6>3.947830E+01</x6></dataPoint>
        <dataPoint><x4>2.948437E-01</x4><x5>5.636781E-02</x5><x6>4.280222E+01</x6></dataPoint>
        <dataPoint><x4>2.952842E-01</x4><x5>5.317065E-02</x5><x6>4.640888E+01</x6></dataPoint>
        <dataPoint><x4>2.954004E-01</x4><x5>5.240274E-02</x5><x6>4.735304E+01</x6></dataPoint>
        <dataPoint><x4>2.956018E-01</x4><x5>5.138076E-02</x5><x6>4.866149E+01</x6></dataPoint>
        <dataPoint><x4>2.958468E-01</x4><x5>5.066173E-02</x5><x6>4.961955E+01</x6></dataPoint>
        <dataPoint><x4>2.962000E-01</x4><x5>5.034634E-02</x5><x6>5.005000E+01</x6></dataPoint>
        <dataPoint><x4>2.982000E-01</x4><x5>5.098856E-02</x5><x6>4.918012E+01</x6></dataPoint>
        <dataPoint><x4>3.002000E-01</x4><x5>5.156854E-02</x5><x6>4.841648E+01</x6></dataPoint>
        <dataPoint><x4>3.022000E-01</x4><x5>5.205485E-02</x5><x6>4.779164E+01</x6></dataPoint>
        <dataPoint><x4>3.042000E-01</x4><x5>5.246092E-02</x5><x6>4.728037E+01</x6></dataPoint>
        <dataPoint><x4>3.062000E-01</x4><x5>5.279880E-02</x5><x6>4.686203E+01</x6></dataPoint>
        <dataPoint><x4>3.082000E-01</x4><x5>5.307912E-02</x5><x6>4.651973E+01</x6></dataPoint>
        <dataPoint><x4>3.102000E-01</x4><x5>5.331112E-02</x5><x6>4.623964E+01</x6></dataPoint>
        <dataPoint><x4>3.122000E-01</x4><x5>5.350275E-02</x5><x6>4.601047E+01</x6></dataPoint>
        <dataPoint><x4>3.142000E-01</x4><x5>5.366076E-02</x5><x6>4.582295E+01</x6></dataPoint>
        <dataPoint><x4>3.162000E-01</x4><x5>5.379087E-02</x5><x6>4.566951E+01</x6></dataPoint>
        <dataPoint><x4>3.182000E-01</x4><x5>5.389789E-02</x5><x6>4.554397E+01</x6></dataPoint>
        <dataPoint><x4>3.202000E-01</x4><x5>5.398584E-02</x5><x6>4.544124E+01</x6></dataPoint>
        <dataPoint><x4>3.222000E-01</x4><x5>5.405805E-02</x5><x6>4.535718E+01</x6></dataPoint>
        <dataPoint><x4>3.242000E-01</x4><x5>5.411730E-02</x5><x6>4.528841E+01</x6></dataPoint>
        <dataPoint><x4>3.262000E-01</x4><x5>5.416590E-02</x5><x6>4.523213E+01</x6></dataPoint>
    </dataGroup>
    <dataGroup id="dg2" label="V-t history" dataPointLink="12">
        <property name="time"      id="x4"   label="t"            sourcetype="calculated"  units="s"   />
        <property name="volume"    id="x5"   label="V"            sourcetype="calculated"  units="cm3" />
        <property name="pressure"  id="x6"   label="p"            sourcetype="estimated"   units="bar"  kind="reactive" />

        <dataPoint><x4>0.000000E+00</x4><x5>1.000000E+00</x5><x6>6.396000E-01</x6></dataPoint>
        <dataPoint><x4>1.359000E-01</x4><x5>1.000000E+00</x5><x6>6.396000E-01</x6></dataPoint>
        <dataPoint><x4>2.414000E-01</x4><x5>7.723757E-01</x5><x6>9.370746E-01</x6></dataPoint>
        <dataPoint><x4>2.433999E-01</x4><x5>7.409712E-01</x5><x6>9.962721E-01</x6></dataPoint>
        <dataPoint><x4>2.481760E-01</x4><x5>6.531841E-01</x5><x6>1.199781E+00</x6></dataPoint>
        <dataPoint><x4>2.522146E-01</x4><x5>5.696037E-01</x5><x6>1.467487E+00</x6></dataPoint>
        <dataPoint><x4>2.565887E-01</x4><x5>4.814592E-01</x5><x6>1.878067E+00</x6></dataPoint>
        <dataPoint><x4>2.606069E-01</x4><x5>3.831312E-01</x5><x6>2.622807E+00</x6></dataPoint>
        <dataPoint><x4>2.612214E-01</x4><x5>3.559715E-01</x5><x6>2.919538E+00</x6></dataPoint>
        <dataPoint><x4>2.622361E-01</x4><x5>3.402178E-01</x5><x6>3.118417E+00</x6></dataPoint>
        <dataPoint><x4>2.650902E-01</x4><x5>2.697082E-01</x5><x6>4.368410E+00</x6></dataPoint>
        <dataPoint><x4>2.665651E-01</x4><x5>2.280302E-01</x5><x6>5.567029E+00</x6></dataPoint>
        <dataPoint><x4>2.673019E-01</x4><x5>2.115205E-01</x5><x6>6.203281E+00</x6></dataPoint>
        <dataPoint><x4>2.686066E-01</x4><x5>1.788328E-01</x5><x6>7.893161E+00</x6></dataPoint>
        <dataPoint><x4>2.690713E-01</x4><x5>1.656407E-01</x5><x6>8.807419E+00</x6></dataPoint>
        <dataPoint><x4>2.694008E-01</x4><x5>1.596009E-01</x5><x6>9.287154E+00</x6></dataPoint>
        <dataPoint><x4>2.697685E-01</x4><x5>1.501131E-01</x5><x6>1.013522E+01</x6></dataPoint>
        <dataPoint><x4>2.700047E-01</x4><x5>1.452583E-01</x5><x6>1.062091E+01</x6></dataPoint>
        <dataPoint><x4>2.701915E-01</x4><x5>1.408308E-01</x5><x6>1.109901E+01</x6></dataPoint>
        <dataPoint><x4>2.705867E-01</x4><x5>1.307951E-01</x5><x6>1.232770E+01</x6></dataPoint>
        <dataPoint><x4>2.707887E-01</x4><x5>1.273468E-01</x5><x6>1.280373E+01</x6></dataPoint>
        <dataPoint><x4>2.715109E-01</x4><x5>1.098619E-01</x5><x6>1.577799E+01</x6></dataPoint>
        <dataPoint><x4>2.719649E-01</x4><x5>9.911450E-02</x5><x6>1.824088E+01</x6></dataPoint>
        <dataPoint><x4>2.722066E-01</x4><x5>9.373426E-02</x5><x6>1.972949E+01</x6></dataPoint>
        <dataPoint><x4>2.726162E-01</x4><x5>8.450141E-02</x5><x6>2.281750E+01</x6></dataPoint>
        <dataPoint><x4>2.730190E-01</x4><x5>7.592070E-02</x5><x6>2.650243E+01</x6></dataPoint>
        <dataPoint><x4>2.738149E-01</x4><x5>6.151466E-02</x5><x6>3.552408E+01</x6></dataPoint>
        <dataPoint><x4>2.741447E-01</x4><x5>5.822225E-02</x5><x6>3.834283E+01</x6></dataPoint>
        <dataPoint><x4>2.745763E-01</x4><x5>5.504760E-02</x5><x6>4.144240E+01</x6></dataPoint>
        <dataPoint><x4>2.747712E-01</x4><x5>5.357931E-02</x5><x6>4.302386E+01</x6></dataPoint>
        <dataPoint><x4>2.749898E-01</x4><x5>5.201365E-02</x5><x6>4.482706E+01</x6></dataPoint>
        <dataPoint><x4>2.752537E-01</x4><x5>5.020792E-02</x5><x6>4.707279E+01</x6></dataPoint>
        <dataPoint><x4>2.756083E-01</x4><x5>4.858435E-02</x5><x6>4.926138E+01</x6></dataPoint>
        <dataPoint><x4>2.760000E-01</x4><x5>4.799448E-02</x5><x6>5.010000E+01</x6></dataPoint>
        <dataPoint><x4>2.780000E-01</x4><x5>4.860667E-02</x5><x6>4.923012E+01</x6></dataPoint>
        <dataPoint><x4>2.800000E-01</x4><x5>4.915954E-02</x5><x6>4.846648E+01</x6></dataPoint>
        <dataPoint><x4>2.820000E-01</x4><x5>4.962311E-02</x5><x6>4.784164E+01</x6></dataPoint>
        <dataPoint><x4>2.840000E-01</x4><x5>5.001019E-02</x5><x6>4.733037E+01</x6></dataPoint>
        <dataPoint><x4>2.860000E-01</x4><x5>5.033227E-02</x5><x6>4.691203E+01</x6></dataPoint>
        <dataPoint><x4>2.880000E-01</x4><x5>5.059947E-02</x5><x6>4.656973E+01</x6></dataPoint>
        <dataPoint><x4>2.900000E-01</x4><x5>5.082062E-02</x5><x6>4.628964E+01</x6></dataPoint>
        <dataPoint><x4>2.920000E-01</x4><x5>5.100328E-02</x5><x6>4.606047E+01</x6></dataPoint>
        <dataPoint><x4>2.940000E-01</x4><x5>5.115390E-02</x5><x6>4.587295E+01</x6></dataPoint>
        <dataPoint><x4>2.960000E-01</x4><x5>5.127792E-02</x5><x6>4.571951E+01</x6></dataPoint>
        <dataPoint><x4>2.980000E-01</x4><x5>5.137993E-02</x5><x6>4.559397E+01</x6></dataPoint>
        <dataPoint><x4>3.000000E-01</x4><x5>5.146376E-02</x5><x6>4.549124E+01</x6></dataPoint>
        <dataPoint><x4>3.020000E-01</x4><x5>5.153259E-02</x5><x6>4.540718E+01</x6></dataPoint>
        <dataPoint><x4>3.040000E-01</x4><x5>5.158908E-02</x5><x6>4.533841E+01</x6></dataPoint>
        <dataPoint><x4>3.060000E-01</x4><x5>5.163540E-02</x5><x6>4.528213E+01</x6></dataPoint>
    </dataGroup>
</experiment>
