<experiment>
    <fileAuthor>Chemical Kinetics Laboratory, Institute of Chemistry, ELTE, Budapest, Hungary</fileAuthor>
    <fileDOI>10.24388/x40004054</fileDOI>
    <fileVersion>
        <major>2</major>
        <minor>3</minor>
    </fileVersion>
    <ReSpecThVersion>
        <major>2</major>
        <minor>3</minor>
    </ReSpecThVersion>
    <firstPublicationDate>2020-09-08</firstPublicationDate>
    <lastModificationDate>2020-11-18</lastModificationDate>
    <bibliographyLink>
        <description>S. Gersen, H. Darmeveil, H. Levinsky, Combustion and Flame 159 (2012), 3472–3475.</description>
        <referenceDOI>10.1016/j.combustflame.2012.06.021</referenceDOI>
        <location>Main Article + Supplementary + Personal Communication</location>
        <table>Supplementary material, Appendix A, Appendix B</table>
        <figure>Fig. 2, Pc = 40 bar, phi = 1.0, CH4:H2:CO = 7:3:0 series</figure>
        <details>
            <author>S. Gersen, H. Darmeveil, H. Levinsky</author>
            <journal>Combust Flame</journal>
            <pages>3472–-3475</pages>
            <title>The effects of CO addition on the autoignition of H2, CH4 and CH4/H2 fuels at high pressure in an RCM</title>
            <volume>159</volume>
            <year>2012</year>
        </details>
    </bibliographyLink>
    <experimentType>ignition delay measurement</experimentType>
    <apparatus>
        <kind>rapid compression machine</kind>
    </apparatus>
    <commonProperties>
        <property name="initial composition"           sourcetype="reported"  >
            <component><speciesLink preferredKey="CH4"  CAS="74-82-8"    InChI="1S/CH4/h1H4"  SMILES="C"          chemName="methane"         /><amount units="mole fraction" >0.080</amount></component>
            <component><speciesLink preferredKey="H2"   CAS="1333-74-0"  InChI="1S/H2/h1H"    SMILES="[HH]"       chemName="hydrogen"        /><amount units="mole fraction" >0.034</amount></component>
            <component><speciesLink preferredKey="CO"   CAS="630-08-0"   InChI="1S/CO/c1-2"   SMILES="[C-]#[O+]"  chemName="carbon monoxide" /><amount units="mole fraction" >0</amount></component>
            <component><speciesLink preferredKey="O2"   CAS="7782-44-7"  InChI="1S/O2/c1-2"   SMILES="O=O"        chemName="oxygen"          /><amount units="mole fraction" >0.177</amount></component>
            <component><speciesLink preferredKey="N2"   CAS="7727-37-9"  InChI="1S/N2/c1-2"   SMILES="N#N"        chemName="nitrogen"        /><amount units="mole fraction" >0.300</amount></component>
            <component><speciesLink preferredKey="Ar"   CAS="7440-37-1"  InChI="1S/Ar"        SMILES="[Ar]"       chemName="argon"           /><amount units="mole fraction" >0.409</amount></component>
        </property>
        <property name="evaluated standard deviation"  sourcetype="estimated"  units="unitless"       reference="ignition delay"  kind="relative"  method="statistical scatter" ><value>0.131</value></property>
    </commonProperties>
    <dataGroup id="dg1" label="measured data">
        <property name="pressure"        id="x1"   label="P"              sourcetype="reported"  units="bar" />
        <property name="temperature"     id="x2"   label="T"              sourcetype="reported"  units="K"   />
        <property name="ignition delay"  id="x3"   label="tau"            sourcetype="reported"  units="ms"  />

        <dataPoint><x1>0.65</x1><x2>295.65</x2> <x3>4.2</x3></dataPoint>
        <dataPoint><x1>0.79</x1><x2>294.15</x2><x3>25.0</x3></dataPoint>
        <dataPoint><x1>0.79</x1><x2>294.35</x2><x3>28.8</x3></dataPoint>
        <dataPoint><x1>0.73</x1><x2>294.55</x2><x3>14.8</x3></dataPoint>
        <dataPoint><x1>0.68</x1><x2>294.65</x2> <x3>8.2</x3></dataPoint>
        <dataPoint><x1>0.61</x1><x2>295.05</x2> <x3>3.2</x3></dataPoint>
        <dataPoint><x1>0.57</x1><x2>295.25</x2> <x3>2.0</x3></dataPoint>
        <dataPoint><x1>0.53</x1><x2>295.35</x2> <x3>0.9</x3></dataPoint>
    </dataGroup>
    <ignitionType target="p;" type="d/dt max"/>
    <dataGroup id="dg2" label="V-t history" dataPointLink="1">
        <property name="time"      id="x4"   label="t"            sourcetype="calculated"  units="s"   />
        <property name="volume"    id="x5"   label="V"            sourcetype="calculated"  units="cm3" />
        <property name="pressure"  id="x6"   label="p"            sourcetype="estimated"   units="bar"  kind="reactive" />

        <dataPoint><x4>0.000000E+00</x4><x5>1.000000E+00</x5><x6>6.500000E-01</x6></dataPoint>
        <dataPoint><x4>1.358000E-01</x4><x5>1.000000E+00</x5><x6>6.500000E-01</x6></dataPoint>
        <dataPoint><x4>2.944000E-01</x4><x5>7.649837E-01</x5><x6>9.613534E-01</x6></dataPoint>
        <dataPoint><x4>3.064374E-01</x4><x5>6.057780E-01</x5><x6>1.349959E+00</x6></dataPoint>
        <dataPoint><x4>3.147619E-01</x4><x5>4.345919E-01</x5><x6>2.182939E+00</x6></dataPoint>
        <dataPoint><x4>3.197524E-01</x4><x5>3.266460E-01</x5><x6>3.290678E+00</x6></dataPoint>
        <dataPoint><x4>3.231651E-01</x4><x5>2.489858E-01</x5><x6>4.848281E+00</x6></dataPoint>
        <dataPoint><x4>3.233171E-01</x4><x5>2.413674E-01</x5><x6>5.067276E+00</x6></dataPoint>
        <dataPoint><x4>3.247584E-01</x4><x5>2.119565E-01</x5><x6>6.092840E+00</x6></dataPoint>
        <dataPoint><x4>3.252893E-01</x4><x5>2.004894E-01</x5><x6>6.591604E+00</x6></dataPoint>
        <dataPoint><x4>3.264151E-01</x4><x5>1.786823E-01</x5><x6>7.754573E+00</x6></dataPoint>
        <dataPoint><x4>3.270513E-01</x4><x5>1.638115E-01</x5><x6>8.762832E+00</x6></dataPoint>
        <dataPoint><x4>3.276719E-01</x4><x5>1.510162E-01</x5><x6>9.822062E+00</x6></dataPoint>
        <dataPoint><x4>3.284444E-01</x4><x5>1.344145E-01</x5><x6>1.155972E+01</x6></dataPoint>
        <dataPoint><x4>3.290980E-01</x4><x5>1.207637E-01</x5><x6>1.342061E+01</x6></dataPoint>
        <dataPoint><x4>3.298014E-01</x4><x5>1.064157E-01</x5><x6>1.599736E+01</x6></dataPoint>
        <dataPoint><x4>3.300272E-01</x4><x5>1.013180E-01</x5><x6>1.712258E+01</x6></dataPoint>
        <dataPoint><x4>3.302167E-01</x4><x5>9.759482E-02</x5><x6>1.803239E+01</x6></dataPoint>
        <dataPoint><x4>3.303978E-01</x4><x5>9.414903E-02</x5><x6>1.895025E+01</x6></dataPoint>
        <dataPoint><x4>3.309888E-01</x4><x5>8.313255E-02</x5><x6>2.249437E+01</x6></dataPoint>
        <dataPoint><x4>3.319822E-01</x4><x5>6.839021E-02</x5><x6>2.939725E+01</x6></dataPoint>
        <dataPoint><x4>3.339862E-01</x4><x5>5.563200E-02</x5><x6>3.895375E+01</x6></dataPoint>
        <dataPoint><x4>3.344894E-01</x4><x5>5.462118E-02</x5><x6>3.993688E+01</x6></dataPoint>
        <dataPoint><x4>3.350000E-01</x4><x5>5.444759E-02</x5><x6>4.011000E+01</x6></dataPoint>
        <dataPoint><x4>3.390000E-01</x4><x5>5.545783E-02</x5><x6>3.912017E+01</x6></dataPoint>
        <dataPoint><x4>3.430000E-01</x4><x5>5.644818E-02</x5><x6>3.818985E+01</x6></dataPoint>
        <dataPoint><x4>3.470000E-01</x4><x5>5.732102E-02</x5><x6>3.740095E+01</x6></dataPoint>
        <dataPoint><x4>3.510000E-01</x4><x5>5.808634E-02</x5><x6>3.673196E+01</x6></dataPoint>
        <dataPoint><x4>3.550000E-01</x4><x5>5.875431E-02</x5><x6>3.616466E+01</x6></dataPoint>
        <dataPoint><x4>3.590000E-01</x4><x5>5.933499E-02</x5><x6>3.568359E+01</x6></dataPoint>
        <dataPoint><x4>3.630000E-01</x4><x5>5.983803E-02</x5><x6>3.527565E+01</x6></dataPoint>
        <dataPoint><x4>3.670000E-01</x4><x5>6.027249E-02</x5><x6>3.492972E+01</x6></dataPoint>
        <dataPoint><x4>3.710000E-01</x4><x5>6.064673E-02</x5><x6>3.463637E+01</x6></dataPoint>
        <dataPoint><x4>3.750000E-01</x4><x5>6.096837E-02</x5><x6>3.438761E+01</x6></dataPoint>
        <dataPoint><x4>3.790000E-01</x4><x5>6.124426E-02</x5><x6>3.417666E+01</x6></dataPoint>
        <dataPoint><x4>3.830000E-01</x4><x5>6.148051E-02</x5><x6>3.399778E+01</x6></dataPoint>
        <dataPoint><x4>3.870000E-01</x4><x5>6.168253E-02</x5><x6>3.384609E+01</x6></dataPoint>
        <dataPoint><x4>3.910000E-01</x4><x5>6.185506E-02</x5><x6>3.371746E+01</x6></dataPoint>
        <dataPoint><x4>3.950000E-01</x4><x5>6.200224E-02</x5><x6>3.360838E+01</x6></dataPoint>
    </dataGroup>
    <dataGroup id="dg2" label="V-t history" dataPointLink="2">
        <property name="time"      id="x4"   label="t"            sourcetype="calculated"  units="s"   />
        <property name="volume"    id="x5"   label="V"            sourcetype="calculated"  units="cm3" />
        <property name="pressure"  id="x6"   label="p"            sourcetype="estimated"   units="bar"  kind="reactive" />

        <dataPoint><x4>0.000000E+00</x4><x5>1.000000E+00</x5><x6>7.900000E-01</x6></dataPoint>
        <dataPoint><x4>1.227000E-01</x4><x5>1.000000E+00</x5><x6>7.900000E-01</x6></dataPoint>
        <dataPoint><x4>2.390000E-01</x4><x5>8.128634E-01</x5><x6>1.069458E+00</x6></dataPoint>
        <dataPoint><x4>2.402586E-01</x4><x5>8.347987E-01</x5><x6>1.028684E+00</x6></dataPoint>
        <dataPoint><x4>2.403921E-01</x4><x5>8.122401E-01</x5><x6>1.070656E+00</x6></dataPoint>
        <dataPoint><x4>2.501228E-01</x4><x5>6.659233E-01</x5><x6>1.430013E+00</x6></dataPoint>
        <dataPoint><x4>2.553711E-01</x4><x5>5.661733E-01</x5><x6>1.810111E+00</x6></dataPoint>
        <dataPoint><x4>2.584929E-01</x4><x5>4.904337E-01</x5><x6>2.228601E+00</x6></dataPoint>
        <dataPoint><x4>2.604978E-01</x4><x5>4.456340E-01</x5><x6>2.559386E+00</x6></dataPoint>
        <dataPoint><x4>2.607164E-01</x4><x5>4.301447E-01</x5><x6>2.693402E+00</x6></dataPoint>
        <dataPoint><x4>2.617866E-01</x4><x5>4.188472E-01</x5><x6>2.798761E+00</x6></dataPoint>
        <dataPoint><x4>2.623493E-01</x4><x5>4.012802E-01</x5><x6>2.976956E+00</x6></dataPoint>
        <dataPoint><x4>2.647794E-01</x4><x5>3.448850E-01</x5><x6>3.700954E+00</x6></dataPoint>
        <dataPoint><x4>2.669923E-01</x4><x5>2.914746E-01</x5><x6>4.709124E+00</x6></dataPoint>
        <dataPoint><x4>2.691171E-01</x4><x5>2.377439E-01</x5><x6>6.295462E+00</x6></dataPoint>
        <dataPoint><x4>2.703864E-01</x4><x5>2.069286E-01</x5><x6>7.665181E+00</x6></dataPoint>
        <dataPoint><x4>2.708400E-01</x4><x5>1.968161E-01</x5><x6>8.228028E+00</x6></dataPoint>
        <dataPoint><x4>2.715673E-01</x4><x5>1.791969E-01</x5><x6>9.392346E+00</x6></dataPoint>
        <dataPoint><x4>2.723876E-01</x4><x5>1.600341E-01</x5><x6>1.101215E+01</x6></dataPoint>
        <dataPoint><x4>2.730192E-01</x4><x5>1.450023E-01</x5><x6>1.264554E+01</x6></dataPoint>
        <dataPoint><x4>2.734133E-01</x4><x5>1.361570E-01</x5><x6>1.380920E+01</x6></dataPoint>
        <dataPoint><x4>2.742850E-01</x4><x5>1.160809E-01</x5><x6>1.724731E+01</x6></dataPoint>
        <dataPoint><x4>2.778668E-01</x4><x5>6.432667E-02</x5><x6>3.888923E+01</x6></dataPoint>
        <dataPoint><x4>2.790000E-01</x4><x5>6.250963E-02</x5><x6>4.044000E+01</x6></dataPoint>
        <dataPoint><x4>2.830000E-01</x4><x5>6.365530E-02</x5><x6>3.945017E+01</x6></dataPoint>
        <dataPoint><x4>2.870000E-01</x4><x5>6.477789E-02</x5><x6>3.851985E+01</x6></dataPoint>
        <dataPoint><x4>2.910000E-01</x4><x5>6.576685E-02</x5><x6>3.773095E+01</x6></dataPoint>
        <dataPoint><x4>2.950000E-01</x4><x5>6.663364E-02</x5><x6>3.706196E+01</x6></dataPoint>
        <dataPoint><x4>2.990000E-01</x4><x5>6.738993E-02</x5><x6>3.649466E+01</x6></dataPoint>
        <dataPoint><x4>3.030000E-01</x4><x5>6.804719E-02</x5><x6>3.601359E+01</x6></dataPoint>
        <dataPoint><x4>3.070000E-01</x4><x5>6.861643E-02</x5><x6>3.560565E+01</x6></dataPoint>
        <dataPoint><x4>3.110000E-01</x4><x5>6.910795E-02</x5><x6>3.525972E+01</x6></dataPoint>
        <dataPoint><x4>3.150000E-01</x4><x5>6.953127E-02</x5><x6>3.496637E+01</x6></dataPoint>
        <dataPoint><x4>3.190000E-01</x4><x5>6.989502E-02</x5><x6>3.471761E+01</x6></dataPoint>
        <dataPoint><x4>3.230000E-01</x4><x5>7.020699E-02</x5><x6>3.450666E+01</x6></dataPoint>
        <dataPoint><x4>3.270000E-01</x4><x5>7.047411E-02</x5><x6>3.432778E+01</x6></dataPoint>
        <dataPoint><x4>3.310000E-01</x4><x5>7.070250E-02</x5><x6>3.417609E+01</x6></dataPoint>
        <dataPoint><x4>3.350000E-01</x4><x5>7.089753E-02</x5><x6>3.404746E+01</x6></dataPoint>
        <dataPoint><x4>3.390000E-01</x4><x5>7.106390E-02</x5><x6>3.393838E+01</x6></dataPoint>
    </dataGroup>
    <dataGroup id="dg2" label="V-t history" dataPointLink="3">
        <property name="time"      id="x4"   label="t"            sourcetype="calculated"  units="s"   />
        <property name="volume"    id="x5"   label="V"            sourcetype="calculated"  units="cm3" />
        <property name="pressure"  id="x6"   label="p"            sourcetype="estimated"   units="bar"  kind="reactive" />

        <dataPoint><x4>0.000000E+00</x4><x5>1.000000E+00</x5><x6>7.900000E-01</x6></dataPoint>
        <dataPoint><x4>1.282000E-01</x4><x5>1.000000E+00</x5><x6>7.900000E-01</x6></dataPoint>
        <dataPoint><x4>2.478000E-01</x4><x5>8.292347E-01</x5><x6>1.038771E+00</x6></dataPoint>
        <dataPoint><x4>2.584157E-01</x4><x5>6.835380E-01</x5><x6>1.376694E+00</x6></dataPoint>
        <dataPoint><x4>2.677443E-01</x4><x5>4.851293E-01</x5><x6>2.263863E+00</x6></dataPoint>
        <dataPoint><x4>2.725793E-01</x4><x5>3.632302E-01</x5><x6>3.435438E+00</x6></dataPoint>
        <dataPoint><x4>2.751988E-01</x4><x5>2.966820E-01</x5><x6>4.591217E+00</x6></dataPoint>
        <dataPoint><x4>2.770775E-01</x4><x5>2.470640E-01</x5><x6>5.960181E+00</x6></dataPoint>
        <dataPoint><x4>2.787830E-01</x4><x5>2.047802E-01</x5><x6>7.778661E+00</x6></dataPoint>
        <dataPoint><x4>2.800168E-01</x4><x5>1.755914E-01</x5><x6>9.664382E+00</x6></dataPoint>
        <dataPoint><x4>2.808042E-01</x4><x5>1.569297E-01</x5><x6>1.131818E+01</x6></dataPoint>
        <dataPoint><x4>2.814008E-01</x4><x5>1.431065E-01</x5><x6>1.287942E+01</x6></dataPoint>
        <dataPoint><x4>2.819338E-01</x4><x5>1.303904E-01</x5><x6>1.466785E+01</x6></dataPoint>
        <dataPoint><x4>2.824003E-01</x4><x5>1.194084E-01</x5><x6>1.658078E+01</x6></dataPoint>
        <dataPoint><x4>2.826027E-01</x4><x5>1.143563E-01</x5><x6>1.760795E+01</x6></dataPoint>
        <dataPoint><x4>2.829572E-01</x4><x5>1.070171E-01</x5><x6>1.930593E+01</x6></dataPoint>
        <dataPoint><x4>2.831960E-01</x4><x5>1.019554E-01</x5><x6>2.064633E+01</x6></dataPoint>
        <dataPoint><x4>2.837039E-01</x4><x5>9.143459E-02</x5><x6>2.399982E+01</x6></dataPoint>
        <dataPoint><x4>2.842309E-01</x4><x5>8.217499E-02</x5><x6>2.780178E+01</x6></dataPoint>
        <dataPoint><x4>2.846248E-01</x4><x5>7.733374E-02</x5><x6>3.022025E+01</x6></dataPoint>
        <dataPoint><x4>2.853238E-01</x4><x5>7.156389E-02</x5><x6>3.360948E+01</x6></dataPoint>
        <dataPoint><x4>2.862342E-01</x4><x5>6.497914E-02</x5><x6>3.835150E+01</x6></dataPoint>
        <dataPoint><x4>2.866141E-01</x4><x5>6.359879E-02</x5><x6>3.949227E+01</x6></dataPoint>
        <dataPoint><x4>2.872000E-01</x4><x5>6.319153E-02</x5><x6>3.984000E+01</x6></dataPoint>
        <dataPoint><x4>2.912000E-01</x4><x5>6.436721E-02</x5><x6>3.885017E+01</x6></dataPoint>
        <dataPoint><x4>2.952000E-01</x4><x5>6.551994E-02</x5><x6>3.791985E+01</x6></dataPoint>
        <dataPoint><x4>2.992000E-01</x4><x5>6.653606E-02</x5><x6>3.713095E+01</x6></dataPoint>
        <dataPoint><x4>3.032000E-01</x4><x5>6.742713E-02</x5><x6>3.646196E+01</x6></dataPoint>
        <dataPoint><x4>3.072000E-01</x4><x5>6.820495E-02</x5><x6>3.589466E+01</x6></dataPoint>
        <dataPoint><x4>3.112000E-01</x4><x5>6.888121E-02</x5><x6>3.541359E+01</x6></dataPoint>
        <dataPoint><x4>3.152000E-01</x4><x5>6.946710E-02</x5><x6>3.500565E+01</x6></dataPoint>
        <dataPoint><x4>3.192000E-01</x4><x5>6.997316E-02</x5><x6>3.465972E+01</x6></dataPoint>
        <dataPoint><x4>3.232000E-01</x4><x5>7.040911E-02</x5><x6>3.436637E+01</x6></dataPoint>
        <dataPoint><x4>3.272000E-01</x4><x5>7.078380E-02</x5><x6>3.411761E+01</x6></dataPoint>
        <dataPoint><x4>3.312000E-01</x4><x5>7.110523E-02</x5><x6>3.390666E+01</x6></dataPoint>
        <dataPoint><x4>3.352000E-01</x4><x5>7.138048E-02</x5><x6>3.372778E+01</x6></dataPoint>
        <dataPoint><x4>3.392000E-01</x4><x5>7.161585E-02</x5><x6>3.357609E+01</x6></dataPoint>
        <dataPoint><x4>3.432000E-01</x4><x5>7.181688E-02</x5><x6>3.344746E+01</x6></dataPoint>
        <dataPoint><x4>3.472000E-01</x4><x5>7.198839E-02</x5><x6>3.333838E+01</x6></dataPoint>
    </dataGroup>
    <dataGroup id="dg2" label="V-t history" dataPointLink="4">
        <property name="time"      id="x4"   label="t"            sourcetype="calculated"  units="s"   />
        <property name="volume"    id="x5"   label="V"            sourcetype="calculated"  units="cm3" />
        <property name="pressure"  id="x6"   label="p"            sourcetype="estimated"   units="bar"  kind="reactive" />

        <dataPoint><x4>0.000000E+00</x4><x5>1.000000E+00</x5><x6>7.300000E-01</x6></dataPoint>
        <dataPoint><x4>1.217000E-01</x4><x5>1.000000E+00</x5><x6>7.300000E-01</x6></dataPoint>
        <dataPoint><x4>2.528000E-01</x4><x5>8.051020E-01</x5><x6>1.002153E+00</x6></dataPoint>
        <dataPoint><x4>2.644934E-01</x4><x5>6.198305E-01</x5><x6>1.466583E+00</x6></dataPoint>
        <dataPoint><x4>2.732000E-01</x4><x5>4.240412E-01</x5><x6>2.540491E+00</x6></dataPoint>
        <dataPoint><x4>2.777350E-01</x4><x5>3.095013E-01</x5><x6>3.993277E+00</x6></dataPoint>
        <dataPoint><x4>2.797253E-01</x4><x5>2.564775E-01</x5><x6>5.221783E+00</x6></dataPoint>
        <dataPoint><x4>2.808227E-01</x4><x5>2.295005E-01</x5><x6>6.115501E+00</x6></dataPoint>
        <dataPoint><x4>2.821901E-01</x4><x5>1.994612E-01</x5><x6>7.459893E+00</x6></dataPoint>
        <dataPoint><x4>2.829424E-01</x4><x5>1.813064E-01</x5><x6>8.535653E+00</x6></dataPoint>
        <dataPoint><x4>2.837767E-01</x4><x5>1.624280E-01</x5><x6>9.964025E+00</x6></dataPoint>
        <dataPoint><x4>2.840532E-01</x4><x5>1.561411E-01</x5><x6>1.053184E+01</x6></dataPoint>
        <dataPoint><x4>2.845360E-01</x4><x5>1.452907E-01</x5><x6>1.165048E+01</x6></dataPoint>
        <dataPoint><x4>2.851851E-01</x4><x5>1.302935E-01</x5><x6>1.356654E+01</x6></dataPoint>
        <dataPoint><x4>2.853976E-01</x4><x5>1.252009E-01</x5><x6>1.434204E+01</x6></dataPoint>
        <dataPoint><x4>2.859802E-01</x4><x5>1.121284E-01</x5><x6>1.671955E+01</x6></dataPoint>
        <dataPoint><x4>2.861971E-01</x4><x5>1.075047E-01</x5><x6>1.772556E+01</x6></dataPoint>
        <dataPoint><x4>2.863989E-01</x4><x5>1.032564E-01</x5><x6>1.874408E+01</x6></dataPoint>
        <dataPoint><x4>2.866064E-01</x4><x5>9.875340E-02</x5><x6>1.993709E+01</x6></dataPoint>
        <dataPoint><x4>2.867788E-01</x4><x5>9.526007E-02</x5><x6>2.095457E+01</x6></dataPoint>
        <dataPoint><x4>2.875502E-01</x4><x5>8.068997E-02</x5><x6>2.633893E+01</x6></dataPoint>
        <dataPoint><x4>2.879537E-01</x4><x5>7.467814E-02</x5><x6>2.929216E+01</x6></dataPoint>
        <dataPoint><x4>2.898631E-01</x4><x5>6.032836E-02</x5><x6>3.921119E+01</x6></dataPoint>
        <dataPoint><x4>2.906000E-01</x4><x5>5.944193E-02</x5><x6>4.001000E+01</x6></dataPoint>
        <dataPoint><x4>2.946000E-01</x4><x5>6.054493E-02</x5><x6>3.902017E+01</x6></dataPoint>
        <dataPoint><x4>2.986000E-01</x4><x5>6.162626E-02</x5><x6>3.808985E+01</x6></dataPoint>
        <dataPoint><x4>3.026000E-01</x4><x5>6.257931E-02</x5><x6>3.730095E+01</x6></dataPoint>
        <dataPoint><x4>3.066000E-01</x4><x5>6.341497E-02</x5><x6>3.663196E+01</x6></dataPoint>
        <dataPoint><x4>3.106000E-01</x4><x5>6.414436E-02</x5><x6>3.606466E+01</x6></dataPoint>
        <dataPoint><x4>3.146000E-01</x4><x5>6.477846E-02</x5><x6>3.558359E+01</x6></dataPoint>
        <dataPoint><x4>3.186000E-01</x4><x5>6.532777E-02</x5><x6>3.517565E+01</x6></dataPoint>
        <dataPoint><x4>3.226000E-01</x4><x5>6.580221E-02</x5><x6>3.482972E+01</x6></dataPoint>
        <dataPoint><x4>3.266000E-01</x4><x5>6.621089E-02</x5><x6>3.453637E+01</x6></dataPoint>
        <dataPoint><x4>3.306000E-01</x4><x5>6.656214E-02</x5><x6>3.428761E+01</x6></dataPoint>
        <dataPoint><x4>3.346000E-01</x4><x5>6.686343E-02</x5><x6>3.407666E+01</x6></dataPoint>
        <dataPoint><x4>3.386000E-01</x4><x5>6.712143E-02</x5><x6>3.389778E+01</x6></dataPoint>
        <dataPoint><x4>3.426000E-01</x4><x5>6.734205E-02</x5><x6>3.374609E+01</x6></dataPoint>
        <dataPoint><x4>3.466000E-01</x4><x5>6.753047E-02</x5><x6>3.361746E+01</x6></dataPoint>
        <dataPoint><x4>3.506000E-01</x4><x5>6.769121E-02</x5><x6>3.350838E+01</x6></dataPoint>
    </dataGroup>
    <dataGroup id="dg2" label="V-t history" dataPointLink="5">
        <property name="time"      id="x4"   label="t"            sourcetype="calculated"  units="s"   />
        <property name="volume"    id="x5"   label="V"            sourcetype="calculated"  units="cm3" />
        <property name="pressure"  id="x6"   label="p"            sourcetype="estimated"   units="bar"  kind="reactive" />

        <dataPoint><x4>0.000000E+00</x4><x5>1.000000E+00</x5><x6>6.800000E-01</x6></dataPoint>
        <dataPoint><x4>1.370000E-01</x4><x5>1.000000E+00</x5><x6>6.800000E-01</x6></dataPoint>
        <dataPoint><x4>2.866000E-01</x4><x5>7.870191E-01</x5><x6>9.649657E-01</x6></dataPoint>
        <dataPoint><x4>2.972000E-01</x4><x5>6.503543E-01</x5><x6>1.273937E+00</x6></dataPoint>
        <dataPoint><x4>3.061998E-01</x4><x5>4.739897E-01</x5><x6>2.015099E+00</x6></dataPoint>
        <dataPoint><x4>3.105960E-01</x4><x5>3.730409E-01</x5><x6>2.845812E+00</x6></dataPoint>
        <dataPoint><x4>3.120068E-01</x4><x5>3.383504E-01</x5><x6>3.273895E+00</x6></dataPoint>
        <dataPoint><x4>3.125020E-01</x4><x5>3.319241E-01</x5><x6>3.365148E+00</x6></dataPoint>
        <dataPoint><x4>3.148001E-01</x4><x5>2.757603E-01</x5><x6>4.386576E+00</x6></dataPoint>
        <dataPoint><x4>3.161449E-01</x4><x5>2.457637E-01</x5><x6>5.168453E+00</x6></dataPoint>
        <dataPoint><x4>3.167080E-01</x4><x5>2.327234E-01</x5><x6>5.694333E+00</x6></dataPoint>
        <dataPoint><x4>3.168111E-01</x4><x5>2.295604E-01</x5><x6>5.584780E+00</x6></dataPoint>
        <dataPoint><x4>3.183997E-01</x4><x5>1.967440E-01</x5><x6>7.084700E+00</x6></dataPoint>
        <dataPoint><x4>3.193793E-01</x4><x5>1.757910E-01</x5><x6>8.304394E+00</x6></dataPoint>
        <dataPoint><x4>3.198121E-01</x4><x5>1.664434E-01</x5><x6>8.968037E+00</x6></dataPoint>
        <dataPoint><x4>3.208226E-01</x4><x5>1.433767E-01</x5><x6>1.105529E+01</x6></dataPoint>
        <dataPoint><x4>3.217007E-01</x4><x5>1.250654E-01</x5><x6>1.337919E+01</x6></dataPoint>
        <dataPoint><x4>3.226360E-01</x4><x5>1.054999E-01</x5><x6>1.694702E+01</x6></dataPoint>
        <dataPoint><x4>3.235097E-01</x4><x5>8.797966E-02</x5><x6>2.178067E+01</x6></dataPoint>
        <dataPoint><x4>3.245130E-01</x4><x5>7.194912E-02</x5><x6>2.871181E+01</x6></dataPoint>
        <dataPoint><x4>3.247939E-01</x4><x5>6.920036E-02</x5><x6>3.028406E+01</x6></dataPoint>
        <dataPoint><x4>3.265096E-01</x4><x5>5.786342E-02</x5><x6>3.865792E+01</x6></dataPoint>
        <dataPoint><x4>3.270820E-01</x4><x5>5.661655E-02</x5><x6>3.982105E+01</x6></dataPoint>
        <dataPoint><x4>3.280000E-01</x4><x5>5.641988E-02</x5><x6>4.001000E+01</x6></dataPoint>
        <dataPoint><x4>3.320000E-01</x4><x5>5.746825E-02</x5><x6>3.902017E+01</x6></dataPoint>
        <dataPoint><x4>3.360000E-01</x4><x5>5.849607E-02</x5><x6>3.808985E+01</x6></dataPoint>
        <dataPoint><x4>3.400000E-01</x4><x5>5.940199E-02</x5><x6>3.730095E+01</x6></dataPoint>
        <dataPoint><x4>3.440000E-01</x4><x5>6.019636E-02</x5><x6>3.663196E+01</x6></dataPoint>
        <dataPoint><x4>3.480000E-01</x4><x5>6.088973E-02</x5><x6>3.606466E+01</x6></dataPoint>
        <dataPoint><x4>3.520000E-01</x4><x5>6.149252E-02</x5><x6>3.558359E+01</x6></dataPoint>
        <dataPoint><x4>3.560000E-01</x4><x5>6.201473E-02</x5><x6>3.517565E+01</x6></dataPoint>
        <dataPoint><x4>3.600000E-01</x4><x5>6.246576E-02</x5><x6>3.482972E+01</x6></dataPoint>
        <dataPoint><x4>3.640000E-01</x4><x5>6.285429E-02</x5><x6>3.453637E+01</x6></dataPoint>
        <dataPoint><x4>3.680000E-01</x4><x5>6.318822E-02</x5><x6>3.428761E+01</x6></dataPoint>
        <dataPoint><x4>3.720000E-01</x4><x5>6.347466E-02</x5><x6>3.407666E+01</x6></dataPoint>
        <dataPoint><x4>3.760000E-01</x4><x5>6.371995E-02</x5><x6>3.389778E+01</x6></dataPoint>
        <dataPoint><x4>3.800000E-01</x4><x5>6.392970E-02</x5><x6>3.374609E+01</x6></dataPoint>
        <dataPoint><x4>3.840000E-01</x4><x5>6.410883E-02</x5><x6>3.361746E+01</x6></dataPoint>
        <dataPoint><x4>3.880000E-01</x4><x5>6.426166E-02</x5><x6>3.350838E+01</x6></dataPoint>
    </dataGroup>
    <dataGroup id="dg2" label="V-t history" dataPointLink="6">
        <property name="time"      id="x4"   label="t"            sourcetype="calculated"  units="s"   />
        <property name="volume"    id="x5"   label="V"            sourcetype="calculated"  units="cm3" />
        <property name="pressure"  id="x6"   label="p"            sourcetype="estimated"   units="bar"  kind="reactive" />

        <dataPoint><x4>0.000000E+00</x4><x5>1.000000E+00</x5><x6>6.100000E-01</x6></dataPoint>
        <dataPoint><x4>1.500000E-01</x4><x5>1.000000E+00</x5><x6>6.100000E-01</x6></dataPoint>
        <dataPoint><x4>3.090000E-01</x4><x5>7.605268E-01</x5><x6>9.099351E-01</x6></dataPoint>
        <dataPoint><x4>3.191077E-01</x4><x5>6.122300E-01</x5><x6>1.247608E+00</x6></dataPoint>
        <dataPoint><x4>3.255089E-01</x4><x5>4.935388E-01</x5><x6>1.704984E+00</x6></dataPoint>
        <dataPoint><x4>3.304689E-01</x4><x5>3.921254E-01</x5><x6>2.375920E+00</x6></dataPoint>
        <dataPoint><x4>3.336179E-01</x4><x5>3.266311E-01</x5><x6>3.088800E+00</x6></dataPoint>
        <dataPoint><x4>3.360310E-01</x4><x5>2.731693E-01</x5><x6>3.987920E+00</x6></dataPoint>
        <dataPoint><x4>3.374501E-01</x4><x5>2.410021E-01</x5><x6>4.766583E+00</x6></dataPoint>
        <dataPoint><x4>3.375317E-01</x4><x5>2.417342E-01</x5><x6>4.746078E+00</x6></dataPoint>
        <dataPoint><x4>3.394603E-01</x4><x5>2.026248E-01</x5><x6>6.095333E+00</x6></dataPoint>
        <dataPoint><x4>3.405741E-01</x4><x5>1.779710E-01</x5><x6>7.320144E+00</x6></dataPoint>
        <dataPoint><x4>3.419198E-01</x4><x5>1.521967E-01</x5><x6>9.120070E+00</x6></dataPoint>
        <dataPoint><x4>3.434451E-01</x4><x5>1.205638E-01</x5><x6>1.262779E+01</x6></dataPoint>
        <dataPoint><x4>3.444210E-01</x4><x5>1.012369E-01</x5><x6>1.609234E+01</x6></dataPoint>
        <dataPoint><x4>3.452908E-01</x4><x5>8.483566E-02</x5><x6>2.053727E+01</x6></dataPoint>
        <dataPoint><x4>3.465041E-01</x4><x5>6.613599E-02</x5><x6>2.889348E+01</x6></dataPoint>
        <dataPoint><x4>3.469151E-01</x4><x5>6.270243E-02</x5><x6>3.107448E+01</x6></dataPoint>
        <dataPoint><x4>3.477843E-01</x4><x5>5.757604E-02</x5><x6>3.490373E+01</x6></dataPoint>
        <dataPoint><x4>3.482522E-01</x4><x5>5.487358E-02</x5><x6>3.726220E+01</x6></dataPoint>
        <dataPoint><x4>3.485898E-01</x4><x5>5.336798E-02</x5><x6>3.869782E+01</x6></dataPoint>
        <dataPoint><x4>3.488002E-01</x4><x5>5.272458E-02</x5><x6>3.934059E+01</x6></dataPoint>
        <dataPoint><x4>3.490038E-01</x4><x5>5.228691E-02</x5><x6>3.978840E+01</x6></dataPoint>
        <dataPoint><x4>3.498000E-01</x4><x5>5.182557E-02</x5><x6>4.027000E+01</x6></dataPoint>
        <dataPoint><x4>3.538000E-01</x4><x5>5.278429E-02</x5><x6>3.928017E+01</x6></dataPoint>
        <dataPoint><x4>3.578000E-01</x4><x5>5.372401E-02</x5><x6>3.834985E+01</x6></dataPoint>
        <dataPoint><x4>3.618000E-01</x4><x5>5.455213E-02</x5><x6>3.756095E+01</x6></dataPoint>
        <dataPoint><x4>3.658000E-01</x4><x5>5.527815E-02</x5><x6>3.689196E+01</x6></dataPoint>
        <dataPoint><x4>3.698000E-01</x4><x5>5.591176E-02</x5><x6>3.632466E+01</x6></dataPoint>
        <dataPoint><x4>3.738000E-01</x4><x5>5.646252E-02</x5><x6>3.584359E+01</x6></dataPoint>
        <dataPoint><x4>3.778000E-01</x4><x5>5.693961E-02</x5><x6>3.543565E+01</x6></dataPoint>
        <dataPoint><x4>3.818000E-01</x4><x5>5.735162E-02</x5><x6>3.508972E+01</x6></dataPoint>
        <dataPoint><x4>3.858000E-01</x4><x5>5.770651E-02</x5><x6>3.479637E+01</x6></dataPoint>
        <dataPoint><x4>3.898000E-01</x4><x5>5.801150E-02</x5><x6>3.454761E+01</x6></dataPoint>
        <dataPoint><x4>3.938000E-01</x4><x5>5.827310E-02</x5><x6>3.433666E+01</x6></dataPoint>
        <dataPoint><x4>3.978000E-01</x4><x5>5.849710E-02</x5><x6>3.415778E+01</x6></dataPoint>
        <dataPoint><x4>4.018000E-01</x4><x5>5.868864E-02</x5><x6>3.400609E+01</x6></dataPoint>
        <dataPoint><x4>4.058000E-01</x4><x5>5.885222E-02</x5><x6>3.387746E+01</x6></dataPoint>
        <dataPoint><x4>4.098000E-01</x4><x5>5.899176E-02</x5><x6>3.376838E+01</x6></dataPoint>
    </dataGroup>
    <dataGroup id="dg2" label="V-t history" dataPointLink="7">
        <property name="time"      id="x4"   label="t"            sourcetype="calculated"  units="s"   />
        <property name="volume"    id="x5"   label="V"            sourcetype="calculated"  units="cm3" />
        <property name="pressure"  id="x6"   label="p"            sourcetype="estimated"   units="bar"  kind="reactive" />

        <dataPoint><x4>0.000000E+00</x4><x5>1.000000E+00</x5><x6>5.700000E-01</x6></dataPoint>
        <dataPoint><x4>1.422000E-01</x4><x5>1.000000E+00</x5><x6>5.700000E-01</x6></dataPoint>
        <dataPoint><x4>2.940000E-01</x4><x5>7.723928E-01</x5><x6>8.312830E-01</x6></dataPoint>
        <dataPoint><x4>3.100534E-01</x4><x5>5.187035E-01</x5><x6>1.482535E+00</x6></dataPoint>
        <dataPoint><x4>3.178000E-01</x4><x5>3.493858E-01</x5><x6>2.620475E+00</x6></dataPoint>
        <dataPoint><x4>3.209389E-01</x4><x5>2.788146E-01</x5><x6>3.619062E+00</x6></dataPoint>
        <dataPoint><x4>3.225405E-01</x4><x5>2.451013E-01</x5><x6>4.348239E+00</x6></dataPoint>
        <dataPoint><x4>3.232265E-01</x4><x5>2.272902E-01</x5><x6>4.840036E+00</x6></dataPoint>
        <dataPoint><x4>3.235676E-01</x4><x5>2.233149E-01</x5><x6>4.962697E+00</x6></dataPoint>
        <dataPoint><x4>3.242289E-01</x4><x5>2.079701E-01</x5><x6>5.489265E+00</x6></dataPoint>
        <dataPoint><x4>3.243924E-01</x4><x5>2.072001E-01</x5><x6>5.518154E+00</x6></dataPoint>
        <dataPoint><x4>3.254152E-01</x4><x5>1.885281E-01</x5><x6>6.305898E+00</x6></dataPoint>
        <dataPoint><x4>3.261523E-01</x4><x5>1.725848E-01</x5><x6>7.142012E+00</x6></dataPoint>
        <dataPoint><x4>3.270261E-01</x4><x5>1.557732E-01</x5><x6>8.248181E+00</x6></dataPoint>
        <dataPoint><x4>3.279734E-01</x4><x5>1.371440E-01</x5><x6>9.858256E+00</x6></dataPoint>
        <dataPoint><x4>3.289678E-01</x4><x5>1.174460E-01</x5><x6>1.223638E+01</x6></dataPoint>
        <dataPoint><x4>3.299933E-01</x4><x5>9.832679E-02</x5><x6>1.565427E+01</x6></dataPoint>
        <dataPoint><x4>3.308706E-01</x4><x5>8.257479E-02</x5><x6>1.991443E+01</x6></dataPoint>
        <dataPoint><x4>3.322910E-01</x4><x5>6.168284E-02</x5><x6>2.968892E+01</x6></dataPoint>
        <dataPoint><x4>3.341550E-01</x4><x5>5.128078E-02</x5><x6>3.816700E+01</x6></dataPoint>
        <dataPoint><x4>3.344010E-01</x4><x5>5.035357E-02</x5><x6>3.912366E+01</x6></dataPoint>
        <dataPoint><x4>3.346460E-01</x4><x5>4.988134E-02</x5><x6>3.962687E+01</x6></dataPoint>
        <dataPoint><x4>3.350041E-01</x4><x5>4.947103E-02</x5><x6>4.007321E+01</x6></dataPoint>
        <dataPoint><x4>3.356000E-01</x4><x5>4.923851E-02</x5><x6>4.033000E+01</x6></dataPoint>
        <dataPoint><x4>3.396000E-01</x4><x5>5.014912E-02</x5><x6>3.934017E+01</x6></dataPoint>
        <dataPoint><x4>3.436000E-01</x4><x5>5.104164E-02</x5><x6>3.840985E+01</x6></dataPoint>
        <dataPoint><x4>3.476000E-01</x4><x5>5.182815E-02</x5><x6>3.762095E+01</x6></dataPoint>
        <dataPoint><x4>3.516000E-01</x4><x5>5.251767E-02</x5><x6>3.695196E+01</x6></dataPoint>
        <dataPoint><x4>3.556000E-01</x4><x5>5.311942E-02</x5><x6>3.638466E+01</x6></dataPoint>
        <dataPoint><x4>3.596000E-01</x4><x5>5.364248E-02</x5><x6>3.590359E+01</x6></dataPoint>
        <dataPoint><x4>3.636000E-01</x4><x5>5.409556E-02</x5><x6>3.549565E+01</x6></dataPoint>
        <dataPoint><x4>3.676000E-01</x4><x5>5.448684E-02</x5><x6>3.514972E+01</x6></dataPoint>
        <dataPoint><x4>3.716000E-01</x4><x5>5.482387E-02</x5><x6>3.485637E+01</x6></dataPoint>
        <dataPoint><x4>3.756000E-01</x4><x5>5.511350E-02</x5><x6>3.460761E+01</x6></dataPoint>
        <dataPoint><x4>3.796000E-01</x4><x5>5.536193E-02</x5><x6>3.439666E+01</x6></dataPoint>
        <dataPoint><x4>3.836000E-01</x4><x5>5.557465E-02</x5><x6>3.421778E+01</x6></dataPoint>
        <dataPoint><x4>3.876000E-01</x4><x5>5.575654E-02</x5><x6>3.406609E+01</x6></dataPoint>
        <dataPoint><x4>3.916000E-01</x4><x5>5.591188E-02</x5><x6>3.393746E+01</x6></dataPoint>
        <dataPoint><x4>3.956000E-01</x4><x5>5.604440E-02</x5><x6>3.382838E+01</x6></dataPoint>
    </dataGroup>
    <dataGroup id="dg2" label="V-t history" dataPointLink="8">
        <property name="time"      id="x4"   label="t"            sourcetype="calculated"  units="s"   />
        <property name="volume"    id="x5"   label="V"            sourcetype="calculated"  units="cm3" />
        <property name="pressure"  id="x6"   label="p"            sourcetype="estimated"   units="bar"  kind="reactive" />

        <dataPoint><x4>0.000000E+00</x4><x5>1.000000E+00</x5><x6>5.300000E-01</x6></dataPoint>
        <dataPoint><x4>1.221000E-01</x4><x5>1.000000E+00</x5><x6>5.300000E-01</x6></dataPoint>
        <dataPoint><x4>2.746000E-01</x4><x5>8.132668E-01</x5><x6>7.169366E-01</x6></dataPoint>
        <dataPoint><x4>2.752574E-01</x4><x5>8.118835E-01</x5><x6>7.187198E-01</x6></dataPoint>
        <dataPoint><x4>2.791286E-01</x4><x5>7.699949E-01</x5><x6>7.764564E-01</x6></dataPoint>
        <dataPoint><x4>2.892722E-01</x4><x5>6.230027E-01</x5><x6>1.056843E+00</x6></dataPoint>
        <dataPoint><x4>2.988820E-01</x4><x5>4.675534E-01</x5><x6>1.601767E+00</x6></dataPoint>
        <dataPoint><x4>3.053484E-01</x4><x5>3.389981E-01</x5><x6>2.544334E+00</x6></dataPoint>
        <dataPoint><x4>3.081558E-01</x4><x5>2.822982E-01</x5><x6>3.305903E+00</x6></dataPoint>
        <dataPoint><x4>3.114083E-01</x4><x5>2.193083E-01</x5><x6>4.734244E+00</x6></dataPoint>
        <dataPoint><x4>3.135354E-01</x4><x5>1.798735E-01</x5><x6>6.264805E+00</x6></dataPoint>
        <dataPoint><x4>3.149298E-01</x4><x5>1.531068E-01</x5><x6>7.856975E+00</x6></dataPoint>
        <dataPoint><x4>3.156170E-01</x4><x5>1.404364E-01</x5><x6>8.867069E+00</x6></dataPoint>
        <dataPoint><x4>3.162745E-01</x4><x5>1.282102E-01</x5><x6>1.006953E+01</x6></dataPoint>
        <dataPoint><x4>3.172431E-01</x4><x5>1.113141E-01</x5><x6>1.225686E+01</x6></dataPoint>
        <dataPoint><x4>3.176386E-01</x4><x5>1.045031E-01</x5><x6>1.337821E+01</x6></dataPoint>
        <dataPoint><x4>3.181142E-01</x4><x5>9.638426E-02</x5><x6>1.496180E+01</x6></dataPoint>
        <dataPoint><x4>3.186167E-01</x4><x5>8.809791E-02</x5><x6>1.693726E+01</x6></dataPoint>
        <dataPoint><x4>3.191456E-01</x4><x5>7.957099E-02</x5><x6>1.948290E+01</x6></dataPoint>
        <dataPoint><x4>3.194203E-01</x4><x5>7.510588E-02</x5><x6>2.108957E+01</x6></dataPoint>
        <dataPoint><x4>3.195289E-01</x4><x5>7.340584E-02</x5><x6>2.176180E+01</x6></dataPoint>
        <dataPoint><x4>3.206448E-01</x4><x5>5.935395E-02</x5><x6>2.908969E+01</x6></dataPoint>
        <dataPoint><x4>3.230923E-01</x4><x5>4.778089E-02</x5><x6>3.905552E+01</x6></dataPoint>
        <dataPoint><x4>3.238000E-01</x4><x5>4.682443E-02</x5><x6>4.014000E+01</x6></dataPoint>
        <dataPoint><x4>3.278000E-01</x4><x5>4.769560E-02</x5><x6>3.915017E+01</x6></dataPoint>
        <dataPoint><x4>3.318000E-01</x4><x5>4.854967E-02</x5><x6>3.821985E+01</x6></dataPoint>
        <dataPoint><x4>3.358000E-01</x4><x5>4.930246E-02</x5><x6>3.743095E+01</x6></dataPoint>
        <dataPoint><x4>3.398000E-01</x4><x5>4.996254E-02</x5><x6>3.676196E+01</x6></dataPoint>
        <dataPoint><x4>3.438000E-01</x4><x5>5.053870E-02</x5><x6>3.619466E+01</x6></dataPoint>
        <dataPoint><x4>3.478000E-01</x4><x5>5.103958E-02</x5><x6>3.571359E+01</x6></dataPoint>
        <dataPoint><x4>3.518000E-01</x4><x5>5.147351E-02</x5><x6>3.530565E+01</x6></dataPoint>
        <dataPoint><x4>3.558000E-01</x4><x5>5.184830E-02</x5><x6>3.495972E+01</x6></dataPoint>
        <dataPoint><x4>3.598000E-01</x4><x5>5.217114E-02</x5><x6>3.466637E+01</x6></dataPoint>
        <dataPoint><x4>3.638000E-01</x4><x5>5.244862E-02</x5><x6>3.441761E+01</x6></dataPoint>
        <dataPoint><x4>3.678000E-01</x4><x5>5.268663E-02</x5><x6>3.420666E+01</x6></dataPoint>
        <dataPoint><x4>3.718000E-01</x4><x5>5.289045E-02</x5><x6>3.402778E+01</x6></dataPoint>
        <dataPoint><x4>3.758000E-01</x4><x5>5.306474E-02</x5><x6>3.387609E+01</x6></dataPoint>
        <dataPoint><x4>3.798000E-01</x4><x5>5.321359E-02</x5><x6>3.374746E+01</x6></dataPoint>
        <dataPoint><x4>3.838000E-01</x4><x5>5.334058E-02</x5><x6>3.363838E+01</x6></dataPoint>
    </dataGroup>
</experiment>
