<experiment>
    <fileAuthor>Chemical Kinetics Laboratory, Institute of Chemistry, ELTE, Budapest, Hungary</fileAuthor>
    <fileDOI>10.24388/x40004060</fileDOI>
    <fileVersion>
        <major>2</major>
        <minor>3</minor>
    </fileVersion>
    <ReSpecThVersion>
        <major>2</major>
        <minor>3</minor>
    </ReSpecThVersion>
    <firstPublicationDate>2020-09-08</firstPublicationDate>
    <lastModificationDate>2020-11-18</lastModificationDate>
    <bibliographyLink>
        <description>S. Gersen, H. Darmeveil, H. Levinsky, Combustion and Flame 159 (2012), 3472–3475.</description>
        <referenceDOI>10.1016/j.combustflame.2012.06.021</referenceDOI>
        <location>Main Article + Supplementary + Personal Communication</location>
        <table>Supplementary material, Appendix A, Appendix B</table>
        <figure>Fig. 4, Tc = 1010 K, phi = 0.5, CH4:H2:CO = 5:3:2 series</figure>
        <details>
            <author>S. Gersen, H. Darmeveil, H. Levinsky</author>
            <journal>Combust Flame</journal>
            <pages>3472–-3475</pages>
            <title>The effects of CO addition on the autoignition of H2, CH4 and CH4/H2 fuels at high pressure in an RCM</title>
            <volume>159</volume>
            <year>2012</year>
        </details>
    </bibliographyLink>
    <experimentType>ignition delay measurement</experimentType>
    <apparatus>
        <kind>rapid compression machine</kind>
    </apparatus>
    <commonProperties>
        <property name="initial composition"           sourcetype="reported"  >
            <component><speciesLink preferredKey="CH4"  CAS="74-82-8"    InChI="1S/CH4/h1H4"  SMILES="C"          chemName="methane"         /><amount units="mole fraction" >0.037</amount></component>
            <component><speciesLink preferredKey="H2"   CAS="1333-74-0"  InChI="1S/H2/h1H"    SMILES="[HH]"       chemName="hydrogen"        /><amount units="mole fraction" >0.022</amount></component>
            <component><speciesLink preferredKey="CO"   CAS="630-08-0"   InChI="1S/CO/c1-2"   SMILES="[C-]#[O+]"  chemName="carbon monoxide" /><amount units="mole fraction" >0.015</amount></component>
            <component><speciesLink preferredKey="O2"   CAS="7782-44-7"  InChI="1S/O2/c1-2"   SMILES="O=O"        chemName="oxygen"          /><amount units="mole fraction" >0.185</amount></component>
            <component><speciesLink preferredKey="N2"   CAS="7727-37-9"  InChI="1S/N2/c1-2"   SMILES="N#N"        chemName="nitrogen"        /><amount units="mole fraction" >0.300</amount></component>
            <component><speciesLink preferredKey="Ar"   CAS="7440-37-1"  InChI="1S/Ar"        SMILES="[Ar]"       chemName="argon"           /><amount units="mole fraction" >0.441</amount></component>
        </property>
        <property name="evaluated standard deviation"  sourcetype="estimated"  units="unitless"       reference="ignition delay"  kind="relative"  method="generic uncertainty" ><value>0.1</value></property>
    </commonProperties>
    <dataGroup id="dg1" label="measured data">
        <property name="pressure"        id="x1"   label="P"              sourcetype="reported"  units="bar" />
        <property name="temperature"     id="x2"   label="T"              sourcetype="reported"  units="K"   />
        <property name="ignition delay"  id="x3"   label="tau"            sourcetype="reported"  units="ms"  />

        <dataPoint><x1>0.5458</x1><x2>295.45</x2><x3>10.4</x3></dataPoint>
        <dataPoint><x1>0.3646</x1><x2>295.55</x2><x3>17.0</x3></dataPoint>
        <dataPoint><x1>0.9136</x1><x2>295.95</x2> <x3>4.8</x3></dataPoint>
        <dataPoint><x1>0.7277</x1><x2>295.55</x2> <x3>6.4</x3></dataPoint>
        <dataPoint><x1>0.7286</x1><x2>295.65</x2> <x3>6.6</x3></dataPoint>
        <dataPoint><x1>1.0946</x1><x2>295.85</x2> <x3>3.6</x3></dataPoint>
        <dataPoint><x1>1.2796</x1><x2>296.05</x2> <x3>2.5</x3></dataPoint>
        <dataPoint><x1>1.3828</x1><x2>296.15</x2> <x3>2.3</x3></dataPoint>
    </dataGroup>
    <ignitionType target="p;" type="d/dt max"/>
    <dataGroup id="dg2" label="V-t history" dataPointLink="1">
        <property name="time"      id="x4"   label="t"            sourcetype="calculated"  units="s"   />
        <property name="volume"    id="x5"   label="V"            sourcetype="calculated"  units="cm3" />
        <property name="pressure"  id="x6"   label="p"            sourcetype="estimated"   units="bar"  kind="reactive" />

        <dataPoint><x4>0.000000E+00</x4><x5>1.000000E+00</x5><x6>5.458000E-01</x6></dataPoint>
        <dataPoint><x4>1.246000E-01</x4><x5>1.000000E+00</x5><x6>5.458000E-01</x6></dataPoint>
        <dataPoint><x4>2.338000E-01</x4><x5>7.838492E-01</x5><x6>7.819833E-01</x6></dataPoint>
        <dataPoint><x4>2.434834E-01</x4><x5>5.954961E-01</x5><x6>1.171804E+00</x6></dataPoint>
        <dataPoint><x4>2.488346E-01</x4><x5>4.444599E-01</x5><x6>1.799169E+00</x6></dataPoint>
        <dataPoint><x4>2.490663E-01</x4><x5>4.397025E-01</x5><x6>1.827704E+00</x6></dataPoint>
        <dataPoint><x4>2.501878E-01</x4><x5>4.063525E-01</x5><x6>2.050954E+00</x6></dataPoint>
        <dataPoint><x4>2.505470E-01</x4><x5>4.023147E-01</x5><x6>2.081074E+00</x6></dataPoint>
        <dataPoint><x4>2.520661E-01</x4><x5>3.537735E-01</x5><x6>2.510198E+00</x6></dataPoint>
        <dataPoint><x4>2.523987E-01</x4><x5>3.334671E-01</x5><x6>2.735737E+00</x6></dataPoint>
        <dataPoint><x4>2.526439E-01</x4><x5>3.359408E-01</x5><x6>2.706480E+00</x6></dataPoint>
        <dataPoint><x4>2.537621E-01</x4><x5>3.024308E-01</x5><x6>3.153051E+00</x6></dataPoint>
        <dataPoint><x4>2.558344E-01</x4><x5>2.374307E-01</x5><x6>4.476114E+00</x6></dataPoint>
        <dataPoint><x4>2.573018E-01</x4><x5>1.913916E-01</x5><x6>6.105716E+00</x6></dataPoint>
        <dataPoint><x4>2.577961E-01</x4><x5>1.770643E-01</x5><x6>6.826993E+00</x6></dataPoint>
        <dataPoint><x4>2.578441E-01</x4><x5>1.751285E-01</x5><x6>6.935420E+00</x6></dataPoint>
        <dataPoint><x4>2.579912E-01</x4><x5>1.695301E-01</x5><x6>7.265852E+00</x6></dataPoint>
        <dataPoint><x4>2.583543E-01</x4><x5>1.612346E-01</x5><x6>7.806670E+00</x6></dataPoint>
        <dataPoint><x4>2.590040E-01</x4><x5>1.411243E-01</x5><x6>9.441737E+00</x6></dataPoint>
        <dataPoint><x4>2.594856E-01</x4><x5>1.263719E-01</x5><x6>1.104760E+01</x6></dataPoint>
        <dataPoint><x4>2.599454E-01</x4><x5>1.127656E-01</x5><x6>1.298455E+01</x6></dataPoint>
        <dataPoint><x4>2.601503E-01</x4><x5>1.069585E-01</x5><x6>1.399301E+01</x6></dataPoint>
        <dataPoint><x4>2.624682E-01</x4><x5>6.298403E-02</x5><x6>2.942430E+01</x6></dataPoint>
        <dataPoint><x4>2.630000E-01</x4><x5>6.199616E-02</x5><x6>3.008000E+01</x6></dataPoint>
        <dataPoint><x4>2.645000E-01</x4><x5>6.274006E-02</x5><x6>2.958396E+01</x6></dataPoint>
        <dataPoint><x4>2.660000E-01</x4><x5>6.340496E-02</x5><x6>2.915226E+01</x6></dataPoint>
        <dataPoint><x4>2.675000E-01</x4><x5>6.395933E-02</x5><x6>2.880045E+01</x6></dataPoint>
        <dataPoint><x4>2.690000E-01</x4><x5>6.441971E-02</x5><x6>2.851374E+01</x6></dataPoint>
        <dataPoint><x4>2.705000E-01</x4><x5>6.480075E-02</x5><x6>2.828010E+01</x6></dataPoint>
        <dataPoint><x4>2.720000E-01</x4><x5>6.511526E-02</x5><x6>2.808969E+01</x6></dataPoint>
        <dataPoint><x4>2.735000E-01</x4><x5>6.537427E-02</x5><x6>2.793451E+01</x6></dataPoint>
        <dataPoint><x4>2.750000E-01</x4><x5>6.558716E-02</x5><x6>2.780806E+01</x6></dataPoint>
        <dataPoint><x4>2.765000E-01</x4><x5>6.576187E-02</x5><x6>2.770500E+01</x6></dataPoint>
        <dataPoint><x4>2.780000E-01</x4><x5>6.590507E-02</x5><x6>2.762102E+01</x6></dataPoint>
    </dataGroup>
    <dataGroup id="dg2" label="V-t history" dataPointLink="2">
        <property name="time"      id="x4"   label="t"            sourcetype="calculated"  units="s"   />
        <property name="volume"    id="x5"   label="V"            sourcetype="calculated"  units="cm3" />
        <property name="pressure"  id="x6"   label="p"            sourcetype="estimated"   units="bar"  kind="reactive" />

        <dataPoint><x4>0.000000E+00</x4><x5>1.000000E+00</x5><x6>3.646000E-01</x6></dataPoint>
        <dataPoint><x4>1.246000E-01</x4><x5>1.000000E+00</x5><x6>3.646000E-01</x6></dataPoint>
        <dataPoint><x4>2.346000E-01</x4><x5>7.691483E-01</x5><x6>5.371563E-01</x6></dataPoint>
        <dataPoint><x4>2.440000E-01</x4><x5>5.971268E-01</x5><x6>7.796337E-01</x6></dataPoint>
        <dataPoint><x4>2.442007E-01</x4><x5>5.736203E-01</x5><x6>8.270010E-01</x6></dataPoint>
        <dataPoint><x4>2.443354E-01</x4><x5>5.926062E-01</x5><x6>7.883855E-01</x6></dataPoint>
        <dataPoint><x4>2.495305E-01</x4><x5>4.460039E-01</x5><x6>1.195771E+00</x6></dataPoint>
        <dataPoint><x4>2.502422E-01</x4><x5>4.040985E-01</x5><x6>1.381212E+00</x6></dataPoint>
        <dataPoint><x4>2.504178E-01</x4><x5>4.105877E-01</x5><x6>1.349454E+00</x6></dataPoint>
        <dataPoint><x4>2.512470E-01</x4><x5>3.881040E-01</x5><x6>1.465062E+00</x6></dataPoint>
        <dataPoint><x4>2.535692E-01</x4><x5>3.277794E-01</x5><x6>1.873770E+00</x6></dataPoint>
        <dataPoint><x4>2.549278E-01</x4><x5>2.860098E-01</x5><x6>2.283936E+00</x6></dataPoint>
        <dataPoint><x4>2.562457E-01</x4><x5>2.469065E-01</x5><x6>2.825659E+00</x6></dataPoint>
        <dataPoint><x4>2.573486E-01</x4><x5>2.126075E-01</x5><x6>3.506204E+00</x6></dataPoint>
        <dataPoint><x4>2.586000E-01</x4><x5>1.780569E-01</x5><x6>4.523954E+00</x6></dataPoint>
        <dataPoint><x4>2.593923E-01</x4><x5>1.530679E-01</x5><x6>5.616845E+00</x6></dataPoint>
        <dataPoint><x4>2.602845E-01</x4><x5>1.263693E-01</x5><x6>7.379819E+00</x6></dataPoint>
        <dataPoint><x4>2.607939E-01</x4><x5>1.113972E-01</x5><x6>8.824626E+00</x6></dataPoint>
        <dataPoint><x4>2.613660E-01</x4><x5>9.459474E-02</x5><x6>1.111625E+01</x6></dataPoint>
        <dataPoint><x4>2.620304E-01</x4><x5>7.790576E-02</x5><x6>1.460149E+01</x6></dataPoint>
        <dataPoint><x4>2.625547E-01</x4><x5>7.066875E-02</x5><x6>1.673638E+01</x6></dataPoint>
        <dataPoint><x4>2.630720E-01</x4><x5>6.448467E-02</x5><x6>1.901959E+01</x6></dataPoint>
        <dataPoint><x4>2.633949E-01</x4><x5>6.253182E-02</x5><x6>1.985302E+01</x6></dataPoint>
        <dataPoint><x4>2.638000E-01</x4><x5>6.226885E-02</x5><x6>1.997000E+01</x6></dataPoint>
        <dataPoint><x4>2.668000E-01</x4><x5>6.416082E-02</x5><x6>1.915364E+01</x6></dataPoint>
        <dataPoint><x4>2.698000E-01</x4><x5>6.554362E-02</x5><x6>1.859220E+01</x6></dataPoint>
        <dataPoint><x4>2.728000E-01</x4><x5>6.655888E-02</x5><x6>1.819756E+01</x6></dataPoint>
        <dataPoint><x4>2.758000E-01</x4><x5>6.729520E-02</x5><x6>1.792016E+01</x6></dataPoint>
        <dataPoint><x4>2.788000E-01</x4><x5>6.782448E-02</x5><x6>1.772517E+01</x6></dataPoint>
        <dataPoint><x4>2.818000E-01</x4><x5>6.820247E-02</x5><x6>1.758812E+01</x6></dataPoint>
        <dataPoint><x4>2.848000E-01</x4><x5>6.847117E-02</x5><x6>1.749178E+01</x6></dataPoint>
        <dataPoint><x4>2.878000E-01</x4><x5>6.866156E-02</x5><x6>1.742406E+01</x6></dataPoint>
        <dataPoint><x4>2.908000E-01</x4><x5>6.879613E-02</x5><x6>1.737646E+01</x6></dataPoint>
        <dataPoint><x4>2.938000E-01</x4><x5>6.889110E-02</x5><x6>1.734300E+01</x6></dataPoint>
    </dataGroup>
    <dataGroup id="dg2" label="V-t history" dataPointLink="3">
        <property name="time"      id="x4"   label="t"            sourcetype="calculated"  units="s"   />
        <property name="volume"    id="x5"   label="V"            sourcetype="calculated"  units="cm3" />
        <property name="pressure"  id="x6"   label="p"            sourcetype="estimated"   units="bar"  kind="reactive" />

        <dataPoint><x4>0.000000E+00</x4><x5>1.000000E+00</x5><x6>9.136000E-01</x6></dataPoint>
        <dataPoint><x4>1.115000E-01</x4><x5>1.000000E+00</x5><x6>9.136000E-01</x6></dataPoint>
        <dataPoint><x4>2.348000E-01</x4><x5>7.461095E-01</x5><x6>1.407661E+00</x6></dataPoint>
        <dataPoint><x4>2.362683E-01</x4><x5>7.285031E-01</x5><x6>1.458064E+00</x6></dataPoint>
        <dataPoint><x4>2.363649E-01</x4><x5>7.428178E-01</x5><x6>1.416861E+00</x6></dataPoint>
        <dataPoint><x4>2.374281E-01</x4><x5>7.319635E-01</x5><x6>1.447922E+00</x6></dataPoint>
        <dataPoint><x4>2.437833E-01</x4><x5>6.381616E-01</x5><x6>1.771732E+00</x6></dataPoint>
        <dataPoint><x4>2.441544E-01</x4><x5>6.151696E-01</x5><x6>1.869920E+00</x6></dataPoint>
        <dataPoint><x4>2.455690E-01</x4><x5>5.986498E-01</x5><x6>1.946226E+00</x6></dataPoint>
        <dataPoint><x4>2.486358E-01</x4><x5>5.212593E-01</x5><x6>2.384623E+00</x6></dataPoint>
        <dataPoint><x4>2.503896E-01</x4><x5>4.845801E-01</x5><x6>2.653679E+00</x6></dataPoint>
        <dataPoint><x4>2.504293E-01</x4><x5>4.818055E-01</x5><x6>2.676085E+00</x6></dataPoint>
        <dataPoint><x4>2.535005E-01</x4><x5>3.974565E-01</x5><x6>3.545540E+00</x6></dataPoint>
        <dataPoint><x4>2.552921E-01</x4><x5>3.467812E-01</x5><x6>4.325331E+00</x6></dataPoint>
        <dataPoint><x4>2.564906E-01</x4><x5>3.119012E-01</x5><x6>5.046227E+00</x6></dataPoint>
        <dataPoint><x4>2.576250E-01</x4><x5>2.794180E-01</x5><x6>5.919266E+00</x6></dataPoint>
        <dataPoint><x4>2.582230E-01</x4><x5>2.596155E-01</x5><x6>6.584102E+00</x6></dataPoint>
        <dataPoint><x4>2.584981E-01</x4><x5>2.535658E-01</x5><x6>6.812535E+00</x6></dataPoint>
        <dataPoint><x4>2.596178E-01</x4><x5>2.206465E-01</x5><x6>8.327336E+00</x6></dataPoint>
        <dataPoint><x4>2.600975E-01</x4><x5>2.070809E-01</x5><x6>9.124254E+00</x6></dataPoint>
        <dataPoint><x4>2.604244E-01</x4><x5>1.965629E-01</x5><x6>9.834622E+00</x6></dataPoint>
        <dataPoint><x4>2.607750E-01</x4><x5>1.880945E-01</x5><x6>1.047688E+01</x6></dataPoint>
        <dataPoint><x4>2.613902E-01</x4><x5>1.706159E-01</x5><x6>1.204945E+01</x6></dataPoint>
        <dataPoint><x4>2.620676E-01</x4><x5>1.521064E-01</x5><x6>1.419963E+01</x6></dataPoint>
        <dataPoint><x4>2.627533E-01</x4><x5>1.335527E-01</x5><x6>1.709171E+01</x6></dataPoint>
        <dataPoint><x4>2.633056E-01</x4><x5>1.185242E-01</x5><x6>2.024931E+01</x6></dataPoint>
        <dataPoint><x4>2.637758E-01</x4><x5>1.056792E-01</x5><x6>2.381879E+01</x6></dataPoint>
        <dataPoint><x4>2.642015E-01</x4><x5>9.510466E-02</x5><x6>2.763905E+01</x6></dataPoint>
        <dataPoint><x4>2.646196E-01</x4><x5>8.520018E-02</x5><x6>3.226332E+01</x6></dataPoint>
        <dataPoint><x4>2.648072E-01</x4><x5>8.134566E-02</x5><x6>3.442963E+01</x6></dataPoint>
        <dataPoint><x4>2.650376E-01</x4><x5>7.762342E-02</x5><x6>3.676641E+01</x6></dataPoint>
        <dataPoint><x4>2.665191E-01</x4><x5>6.327197E-02</x5><x6>4.892574E+01</x6></dataPoint>
        <dataPoint><x4>2.668220E-01</x4><x5>6.222123E-02</x5><x6>5.008145E+01</x6></dataPoint>
        <dataPoint><x4>2.676000E-01</x4><x5>6.208029E-02</x5><x6>5.024000E+01</x6></dataPoint>
        <dataPoint><x4>2.716000E-01</x4><x5>6.348678E-02</x5><x6>4.869506E+01</x6></dataPoint>
        <dataPoint><x4>2.756000E-01</x4><x5>6.462043E-02</x5><x6>4.750769E+01</x6></dataPoint>
        <dataPoint><x4>2.796000E-01</x4><x5>6.549275E-02</x5><x6>4.662715E+01</x6></dataPoint>
        <dataPoint><x4>2.836000E-01</x4><x5>6.615797E-02</x5><x6>4.597414E+01</x6></dataPoint>
        <dataPoint><x4>2.876000E-01</x4><x5>6.666177E-02</x5><x6>4.548988E+01</x6></dataPoint>
        <dataPoint><x4>2.916000E-01</x4><x5>6.704130E-02</x5><x6>4.513075E+01</x6></dataPoint>
        <dataPoint><x4>2.956000E-01</x4><x5>6.732610E-02</x5><x6>4.486443E+01</x6></dataPoint>
        <dataPoint><x4>2.996000E-01</x4><x5>6.753916E-02</x5><x6>4.466692E+01</x6></dataPoint>
        <dataPoint><x4>3.036000E-01</x4><x5>6.769821E-02</x5><x6>4.452045E+01</x6></dataPoint>
        <dataPoint><x4>3.076000E-01</x4><x5>6.781673E-02</x5><x6>4.441183E+01</x6></dataPoint>
        <dataPoint><x4>3.116000E-01</x4><x5>6.790494E-02</x5><x6>4.433128E+01</x6></dataPoint>
        <dataPoint><x4>3.156000E-01</x4><x5>6.797054E-02</x5><x6>4.427154E+01</x6></dataPoint>
        <dataPoint><x4>3.196000E-01</x4><x5>6.801928E-02</x5><x6>4.422724E+01</x6></dataPoint>
    </dataGroup>
    <dataGroup id="dg2" label="V-t history" dataPointLink="4">
        <property name="time"      id="x4"   label="t"            sourcetype="calculated"  units="s"   />
        <property name="volume"    id="x5"   label="V"            sourcetype="calculated"  units="cm3" />
        <property name="pressure"  id="x6"   label="p"            sourcetype="estimated"   units="bar"  kind="reactive" />

        <dataPoint><x4>0.000000E+00</x4><x5>1.000000E+00</x5><x6>7.277000E-01</x6></dataPoint>
        <dataPoint><x4>1.199000E-01</x4><x5>1.000000E+00</x5><x6>7.277000E-01</x6></dataPoint>
        <dataPoint><x4>2.194000E-01</x4><x5>7.486405E-01</x5><x6>1.115664E+00</x6></dataPoint>
        <dataPoint><x4>2.196154E-01</x4><x5>8.023517E-01</x5><x6>1.007336E+00</x6></dataPoint>
        <dataPoint><x4>2.300823E-01</x4><x5>6.002125E-01</x5><x6>1.544322E+00</x6></dataPoint>
        <dataPoint><x4>2.368000E-01</x4><x5>4.058263E-01</x5><x6>2.739622E+00</x6></dataPoint>
        <dataPoint><x4>2.403465E-01</x4><x5>2.946641E-01</x5><x6>4.365565E+00</x6></dataPoint>
        <dataPoint><x4>2.422216E-01</x4><x5>2.346833E-01</x5><x6>6.068866E+00</x6></dataPoint>
        <dataPoint><x4>2.437695E-01</x4><x5>1.858366E-01</x5><x6>8.492006E+00</x6></dataPoint>
        <dataPoint><x4>2.441933E-01</x4><x5>1.732166E-01</x5><x6>9.393100E+00</x6></dataPoint>
        <dataPoint><x4>2.446745E-01</x4><x5>1.587830E-01</x5><x6>1.063857E+01</x6></dataPoint>
        <dataPoint><x4>2.450055E-01</x4><x5>1.493285E-01</x5><x6>1.161346E+01</x6></dataPoint>
        <dataPoint><x4>2.455339E-01</x4><x5>1.339593E-01</x5><x6>1.355727E+01</x6></dataPoint>
        <dataPoint><x4>2.456234E-01</x4><x5>1.316664E-01</x5><x6>1.389431E+01</x6></dataPoint>
        <dataPoint><x4>2.462065E-01</x4><x5>1.141807E-01</x5><x6>1.700816E+01</x6></dataPoint>
        <dataPoint><x4>2.466907E-01</x4><x5>1.004529E-01</x5><x6>2.038456E+01</x6></dataPoint>
        <dataPoint><x4>2.469893E-01</x4><x5>9.257600E-02</x5><x6>2.287116E+01</x6></dataPoint>
        <dataPoint><x4>2.475580E-01</x4><x5>7.885700E-02</x5><x6>2.865137E+01</x6></dataPoint>
        <dataPoint><x4>2.478616E-01</x4><x5>7.429008E-02</x5><x6>3.114855E+01</x6></dataPoint>
        <dataPoint><x4>2.482343E-01</x4><x5>7.008162E-02</x5><x6>3.379573E+01</x6></dataPoint>
        <dataPoint><x4>2.486185E-01</x4><x5>6.560980E-02</x5><x6>3.705569E+01</x6></dataPoint>
        <dataPoint><x4>2.488013E-01</x4><x5>6.386063E-02</x5><x6>3.847936E+01</x6></dataPoint>
        <dataPoint><x4>2.490157E-01</x4><x5>6.233484E-02</x5><x6>3.979903E+01</x6></dataPoint>
        <dataPoint><x4>2.496000E-01</x4><x5>6.169012E-02</x5><x6>4.038000E+01</x6></dataPoint>
        <dataPoint><x4>2.506000E-01</x4><x5>6.217181E-02</x5><x6>3.994459E+01</x6></dataPoint>
        <dataPoint><x4>2.516000E-01</x4><x5>6.256320E-02</x5><x6>3.959666E+01</x6></dataPoint>
        <dataPoint><x4>2.526000E-01</x4><x5>6.289335E-02</x5><x6>3.930715E+01</x6></dataPoint>
        <dataPoint><x4>2.536000E-01</x4><x5>6.317124E-02</x5><x6>3.906625E+01</x6></dataPoint>
        <dataPoint><x4>2.546000E-01</x4><x5>6.340470E-02</x5><x6>3.886581E+01</x6></dataPoint>
        <dataPoint><x4>2.556000E-01</x4><x5>6.360053E-02</x5><x6>3.869902E+01</x6></dataPoint>
        <dataPoint><x4>2.566000E-01</x4><x5>6.376457E-02</x5><x6>3.856024E+01</x6></dataPoint>
        <dataPoint><x4>2.576000E-01</x4><x5>6.390183E-02</x5><x6>3.844476E+01</x6></dataPoint>
        <dataPoint><x4>2.586000E-01</x4><x5>6.401658E-02</x5><x6>3.834868E+01</x6></dataPoint>
        <dataPoint><x4>2.596000E-01</x4><x5>6.411244E-02</x5><x6>3.826873E+01</x6></dataPoint>
    </dataGroup>
    <dataGroup id="dg2" label="V-t history" dataPointLink="5">
        <property name="time"      id="x4"   label="t"            sourcetype="calculated"  units="s"   />
        <property name="volume"    id="x5"   label="V"            sourcetype="calculated"  units="cm3" />
        <property name="pressure"  id="x6"   label="p"            sourcetype="estimated"   units="bar"  kind="reactive" />

        <dataPoint><x4>0.000000E+00</x4><x5>1.000000E+00</x5><x6>7.286000E-01</x6></dataPoint>
        <dataPoint><x4>1.199000E-01</x4><x5>1.000000E+00</x5><x6>7.286000E-01</x6></dataPoint>
        <dataPoint><x4>2.056000E-01</x4><x5>8.363123E-01</x5><x6>9.487511E-01</x6></dataPoint>
        <dataPoint><x4>2.130003E-01</x4><x5>7.343757E-01</x5><x6>1.149154E+00</x6></dataPoint>
        <dataPoint><x4>2.182131E-01</x4><x5>6.155567E-01</x5><x6>1.489919E+00</x6></dataPoint>
        <dataPoint><x4>2.183243E-01</x4><x5>6.220137E-01</x5><x6>1.467243E+00</x6></dataPoint>
        <dataPoint><x4>2.214354E-01</x4><x5>5.313935E-01</x5><x6>1.848855E+00</x6></dataPoint>
        <dataPoint><x4>2.246862E-01</x4><x5>4.419173E-01</x5><x6>2.421926E+00</x6></dataPoint>
        <dataPoint><x4>2.278316E-01</x4><x5>3.494239E-01</x5><x6>3.411720E+00</x6></dataPoint>
        <dataPoint><x4>2.297887E-01</x4><x5>2.844427E-01</x5><x6>4.600525E+00</x6></dataPoint>
        <dataPoint><x4>2.309779E-01</x4><x5>2.462987E-01</x5><x6>5.666688E+00</x6></dataPoint>
        <dataPoint><x4>2.322904E-01</x4><x5>2.067169E-01</x5><x6>7.295686E+00</x6></dataPoint>
        <dataPoint><x4>2.332033E-01</x4><x5>1.794149E-01</x5><x6>8.942222E+00</x6></dataPoint>
        <dataPoint><x4>2.336531E-01</x4><x5>1.651267E-01</x5><x6>1.007103E+01</x6></dataPoint>
        <dataPoint><x4>2.341002E-01</x4><x5>1.530249E-01</x5><x6>1.122855E+01</x6></dataPoint>
        <dataPoint><x4>2.347839E-01</x4><x5>1.329468E-01</x5><x6>1.372079E+01</x6></dataPoint>
        <dataPoint><x4>2.352251E-01</x4><x5>1.194559E-01</x5><x6>1.597267E+01</x6></dataPoint>
        <dataPoint><x4>2.353913E-01</x4><x5>1.153412E-01</x5><x6>1.678627E+01</x6></dataPoint>
        <dataPoint><x4>2.358114E-01</x4><x5>1.034524E-01</x5><x6>1.957848E+01</x6></dataPoint>
        <dataPoint><x4>2.360085E-01</x4><x5>9.811762E-02</x5><x6>2.109734E+01</x6></dataPoint>
        <dataPoint><x4>2.369610E-01</x4><x5>7.629175E-02</x5><x6>3.004578E+01</x6></dataPoint>
        <dataPoint><x4>2.371961E-01</x4><x5>7.344986E-02</x5><x6>3.168572E+01</x6></dataPoint>
        <dataPoint><x4>2.381861E-01</x4><x5>6.278725E-02</x5><x6>3.944618E+01</x6></dataPoint>
        <dataPoint><x4>2.388000E-01</x4><x5>6.196254E-02</x5><x6>4.018000E+01</x6></dataPoint>
        <dataPoint><x4>2.398000E-01</x4><x5>6.244875E-02</x5><x6>3.974459E+01</x6></dataPoint>
        <dataPoint><x4>2.408000E-01</x4><x5>6.284384E-02</x5><x6>3.939666E+01</x6></dataPoint>
        <dataPoint><x4>2.418000E-01</x4><x5>6.317715E-02</x5><x6>3.910715E+01</x6></dataPoint>
        <dataPoint><x4>2.428000E-01</x4><x5>6.345770E-02</x5><x6>3.886625E+01</x6></dataPoint>
        <dataPoint><x4>2.438000E-01</x4><x5>6.369341E-02</x5><x6>3.866581E+01</x6></dataPoint>
        <dataPoint><x4>2.448000E-01</x4><x5>6.389114E-02</x5><x6>3.849902E+01</x6></dataPoint>
        <dataPoint><x4>2.458000E-01</x4><x5>6.405677E-02</x5><x6>3.836024E+01</x6></dataPoint>
        <dataPoint><x4>2.468000E-01</x4><x5>6.419538E-02</x5><x6>3.824476E+01</x6></dataPoint>
        <dataPoint><x4>2.478000E-01</x4><x5>6.431125E-02</x5><x6>3.814868E+01</x6></dataPoint>
        <dataPoint><x4>2.488000E-01</x4><x5>6.440804E-02</x5><x6>3.806873E+01</x6></dataPoint>
    </dataGroup>
    <dataGroup id="dg2" label="V-t history" dataPointLink="6">
        <property name="time"      id="x4"   label="t"            sourcetype="calculated"  units="s"   />
        <property name="volume"    id="x5"   label="V"            sourcetype="calculated"  units="cm3" />
        <property name="pressure"  id="x6"   label="p"            sourcetype="estimated"   units="bar"  kind="reactive" />

        <dataPoint><x4>0.000000E+00</x4><x5>1.000000E+00</x5><x6>1.094600E+00</x6></dataPoint>
        <dataPoint><x4>1.088000E-01</x4><x5>1.000000E+00</x5><x6>1.094600E+00</x6></dataPoint>
        <dataPoint><x4>2.056000E-01</x4><x5>8.129271E-01</x5><x6>1.486233E+00</x6></dataPoint>
        <dataPoint><x4>2.058078E-01</x4><x5>8.429125E-01</x5><x6>1.408897E+00</x6></dataPoint>
        <dataPoint><x4>2.179514E-01</x4><x5>7.045879E-01</x5><x6>1.834954E+00</x6></dataPoint>
        <dataPoint><x4>2.229239E-01</x4><x5>5.721619E-01</x5><x6>2.492059E+00</x6></dataPoint>
        <dataPoint><x4>2.263752E-01</x4><x5>4.769815E-01</x5><x6>3.253884E+00</x6></dataPoint>
        <dataPoint><x4>2.291013E-01</x4><x5>3.977382E-01</x5><x6>4.243640E+00</x6></dataPoint>
        <dataPoint><x4>2.304005E-01</x4><x5>3.560176E-01</x5><x6>4.987735E+00</x6></dataPoint>
        <dataPoint><x4>2.317609E-01</x4><x5>3.158400E-01</x5><x6>5.936849E+00</x6></dataPoint>
        <dataPoint><x4>2.327158E-01</x4><x5>2.883863E-01</x5><x6>6.774620E+00</x6></dataPoint>
        <dataPoint><x4>2.339211E-01</x4><x5>2.489410E-01</x5><x6>8.382560E+00</x6></dataPoint>
        <dataPoint><x4>2.350437E-01</x4><x5>2.143171E-01</x5><x6>1.040474E+01</x6></dataPoint>
        <dataPoint><x4>2.354891E-01</x4><x5>2.007481E-01</x5><x6>1.143180E+01</x6></dataPoint>
        <dataPoint><x4>2.358736E-01</x4><x5>1.899164E-01</x5><x6>1.238036E+01</x6></dataPoint>
        <dataPoint><x4>2.367456E-01</x4><x5>1.637266E-01</x5><x6>1.531445E+01</x6></dataPoint>
        <dataPoint><x4>2.372279E-01</x4><x5>1.501697E-01</x5><x6>1.732749E+01</x6></dataPoint>
        <dataPoint><x4>2.376073E-01</x4><x5>1.394081E-01</x5><x6>1.926537E+01</x6></dataPoint>
        <dataPoint><x4>2.380260E-01</x4><x5>1.279855E-01</x5><x6>2.175660E+01</x6></dataPoint>
        <dataPoint><x4>2.385854E-01</x4><x5>1.122886E-01</x5><x6>2.619254E+01</x6></dataPoint>
        <dataPoint><x4>2.391373E-01</x4><x5>9.793034E-02</x5><x6>3.177766E+01</x6></dataPoint>
        <dataPoint><x4>2.400058E-01</x4><x5>7.897003E-02</x5><x6>4.300371E+01</x6></dataPoint>
        <dataPoint><x4>2.416423E-01</x4><x5>6.308302E-02</x5><x6>5.886725E+01</x6></dataPoint>
        <dataPoint><x4>2.430000E-01</x4><x5>6.266914E-02</x5><x6>5.941000E+01</x6></dataPoint>
        <dataPoint><x4>2.440000E-01</x4><x5>6.300065E-02</x5><x6>5.897459E+01</x6></dataPoint>
        <dataPoint><x4>2.450000E-01</x4><x5>6.326857E-02</x5><x6>5.862666E+01</x6></dataPoint>
        <dataPoint><x4>2.460000E-01</x4><x5>6.349357E-02</x5><x6>5.833715E+01</x6></dataPoint>
        <dataPoint><x4>2.470000E-01</x4><x5>6.368225E-02</x5><x6>5.809625E+01</x6></dataPoint>
        <dataPoint><x4>2.480000E-01</x4><x5>6.384026E-02</x5><x6>5.789581E+01</x6></dataPoint>
        <dataPoint><x4>2.490000E-01</x4><x5>6.397245E-02</x5><x6>5.772902E+01</x6></dataPoint>
        <dataPoint><x4>2.500000E-01</x4><x5>6.408294E-02</x5><x6>5.759024E+01</x6></dataPoint>
        <dataPoint><x4>2.510000E-01</x4><x5>6.417522E-02</x5><x6>5.747476E+01</x6></dataPoint>
        <dataPoint><x4>2.520000E-01</x4><x5>6.425224E-02</x5><x6>5.737868E+01</x6></dataPoint>
        <dataPoint><x4>2.530000E-01</x4><x5>6.431650E-02</x5><x6>5.729873E+01</x6></dataPoint>
    </dataGroup>
    <dataGroup id="dg2" label="V-t history" dataPointLink="7">
        <property name="time"      id="x4"   label="t"            sourcetype="calculated"  units="s"   />
        <property name="volume"    id="x5"   label="V"            sourcetype="calculated"  units="cm3" />
        <property name="pressure"  id="x6"   label="p"            sourcetype="estimated"   units="bar"  kind="reactive" />

        <dataPoint><x4>0.000000E+00</x4><x5>1.000000E+00</x5><x6>1.279600E+00</x6></dataPoint>
        <dataPoint><x4>1.083000E-01</x4><x5>1.000000E+00</x5><x6>1.279600E+00</x6></dataPoint>
        <dataPoint><x4>2.008000E-01</x4><x5>8.066892E-01</x5><x6>1.757266E+00</x6></dataPoint>
        <dataPoint><x4>2.020867E-01</x4><x5>8.076294E-01</x5><x6>1.754250E+00</x6></dataPoint>
        <dataPoint><x4>2.097324E-01</x4><x5>6.874903E-01</x5><x6>2.224052E+00</x6></dataPoint>
        <dataPoint><x4>2.158624E-01</x4><x5>5.276199E-01</x5><x6>3.281040E+00</x6></dataPoint>
        <dataPoint><x4>2.193277E-01</x4><x5>4.225339E-01</x5><x6>4.541459E+00</x6></dataPoint>
        <dataPoint><x4>2.206492E-01</x4><x5>3.819135E-01</x5><x6>5.263425E+00</x6></dataPoint>
        <dataPoint><x4>2.214808E-01</x4><x5>3.540010E-01</x5><x6>5.878970E+00</x6></dataPoint>
        <dataPoint><x4>2.230475E-01</x4><x5>3.100431E-01</x5><x6>7.129286E+00</x6></dataPoint>
        <dataPoint><x4>2.244150E-01</x4><x5>2.671803E-01</x5><x6>8.846084E+00</x6></dataPoint>
        <dataPoint><x4>2.254953E-01</x4><x5>2.318056E-01</x5><x6>1.086200E+01</x6></dataPoint>
        <dataPoint><x4>2.261790E-01</x4><x5>2.104442E-01</x5><x6>1.248624E+01</x6></dataPoint>
        <dataPoint><x4>2.269166E-01</x4><x5>1.888922E-01</x5><x6>1.458473E+01</x6></dataPoint>
        <dataPoint><x4>2.276221E-01</x4><x5>1.675576E-01</x5><x6>1.731879E+01</x6></dataPoint>
        <dataPoint><x4>2.284728E-01</x4><x5>1.444628E-01</x5><x6>2.140537E+01</x6></dataPoint>
        <dataPoint><x4>2.291415E-01</x4><x5>1.254422E-01</x5><x6>2.616709E+01</x6></dataPoint>
        <dataPoint><x4>2.297241E-01</x4><x5>1.094697E-01</x5><x6>3.173814E+01</x6></dataPoint>
        <dataPoint><x4>2.302325E-01</x4><x5>9.702409E-02</x5><x6>3.763493E+01</x6></dataPoint>
        <dataPoint><x4>2.311523E-01</x4><x5>7.836938E-02</x5><x6>5.080720E+01</x6></dataPoint>
        <dataPoint><x4>2.318969E-01</x4><x5>7.090728E-02</x5><x6>5.844530E+01</x6></dataPoint>
        <dataPoint><x4>2.326349E-01</x4><x5>6.455021E-02</x5><x6>6.663696E+01</x6></dataPoint>
        <dataPoint><x4>2.330081E-01</x4><x5>6.296159E-02</x5><x6>6.899341E+01</x6></dataPoint>
        <dataPoint><x4>2.338000E-01</x4><x5>6.224704E-02</x5><x6>7.010000E+01</x6></dataPoint>
        <dataPoint><x4>2.348000E-01</x4><x5>6.252589E-02</x5><x6>6.966459E+01</x6></dataPoint>
        <dataPoint><x4>2.358000E-01</x4><x5>6.275086E-02</x5><x6>6.931666E+01</x6></dataPoint>
        <dataPoint><x4>2.368000E-01</x4><x5>6.293952E-02</x5><x6>6.902715E+01</x6></dataPoint>
        <dataPoint><x4>2.378000E-01</x4><x5>6.309753E-02</x5><x6>6.878625E+01</x6></dataPoint>
        <dataPoint><x4>2.388000E-01</x4><x5>6.322973E-02</x5><x6>6.858581E+01</x6></dataPoint>
        <dataPoint><x4>2.398000E-01</x4><x5>6.334023E-02</x5><x6>6.841902E+01</x6></dataPoint>
        <dataPoint><x4>2.408000E-01</x4><x5>6.343253E-02</x5><x6>6.828024E+01</x6></dataPoint>
        <dataPoint><x4>2.418000E-01</x4><x5>6.350957E-02</x5><x6>6.816476E+01</x6></dataPoint>
        <dataPoint><x4>2.428000E-01</x4><x5>6.357384E-02</x5><x6>6.806868E+01</x6></dataPoint>
        <dataPoint><x4>2.438000E-01</x4><x5>6.362744E-02</x5><x6>6.798873E+01</x6></dataPoint>
    </dataGroup>
    <dataGroup id="dg2" label="V-t history" dataPointLink="8">
        <property name="time"      id="x4"   label="t"            sourcetype="calculated"  units="s"   />
        <property name="volume"    id="x5"   label="V"            sourcetype="calculated"  units="cm3" />
        <property name="pressure"  id="x6"   label="p"            sourcetype="estimated"   units="bar"  kind="reactive" />

        <dataPoint><x4>0.000000E+00</x4><x5>1.000000E+00</x5><x6>1.382800E+00</x6></dataPoint>
        <dataPoint><x4>1.270000E-01</x4><x5>1.000000E+00</x5><x6>1.382800E+00</x6></dataPoint>
        <dataPoint><x4>2.196000E-01</x4><x5>8.255080E-01</x5><x6>1.835479E+00</x6></dataPoint>
        <dataPoint><x4>2.302624E-01</x4><x5>6.304165E-01</x5><x6>2.730189E+00</x6></dataPoint>
        <dataPoint><x4>2.367023E-01</x4><x5>4.459898E-01</x5><x6>4.535038E+00</x6></dataPoint>
        <dataPoint><x4>2.394414E-01</x4><x5>3.577202E-01</x5><x6>6.257044E+00</x6></dataPoint>
        <dataPoint><x4>2.415373E-01</x4><x5>2.948436E-01</x5><x6>8.287301E+00</x6></dataPoint>
        <dataPoint><x4>2.429798E-01</x4><x5>2.481478E-01</x5><x6>1.063784E+01</x6></dataPoint>
        <dataPoint><x4>2.440627E-01</x4><x5>2.147119E-01</x5><x6>1.310836E+01</x6></dataPoint>
        <dataPoint><x4>2.449736E-01</x4><x5>1.881846E-01</x5><x6>1.584567E+01</x6></dataPoint>
        <dataPoint><x4>2.452064E-01</x4><x5>1.807973E-01</x5><x6>1.678291E+01</x6></dataPoint>
        <dataPoint><x4>2.458588E-01</x4><x5>1.619601E-01</x5><x6>1.964714E+01</x6></dataPoint>
        <dataPoint><x4>2.463468E-01</x4><x5>1.485311E-01</x5><x6>2.223265E+01</x6></dataPoint>
        <dataPoint><x4>2.469252E-01</x4><x5>1.323695E-01</x5><x6>2.619695E+01</x6></dataPoint>
        <dataPoint><x4>2.474856E-01</x4><x5>1.170747E-01</x5><x6>3.118533E+01</x6></dataPoint>
        <dataPoint><x4>2.481267E-01</x4><x5>1.010098E-01</x5><x6>3.842343E+01</x6></dataPoint>
        <dataPoint><x4>2.492735E-01</x4><x5>7.805353E-02</x5><x6>5.521341E+01</x6></dataPoint>
        <dataPoint><x4>2.498433E-01</x4><x5>7.257666E-02</x5><x6>6.113336E+01</x6></dataPoint>
        <dataPoint><x4>2.501965E-01</x4><x5>6.956204E-02</x5><x6>6.486886E+01</x6></dataPoint>
        <dataPoint><x4>2.506054E-01</x4><x5>6.612145E-02</x5><x6>6.963073E+01</x6></dataPoint>
        <dataPoint><x4>2.508001E-01</x4><x5>6.475400E-02</x5><x6>7.169107E+01</x6></dataPoint>
        <dataPoint><x4>2.510004E-01</x4><x5>6.368606E-02</x5><x6>7.337339E+01</x6></dataPoint>
        <dataPoint><x4>2.512162E-01</x4><x5>6.286364E-02</x5><x6>7.471533E+01</x6></dataPoint>
        <dataPoint><x4>2.518000E-01</x4><x5>6.208194E-02</x5><x6>7.603000E+01</x6></dataPoint>
        <dataPoint><x4>2.528000E-01</x4><x5>6.233826E-02</x5><x6>7.559459E+01</x6></dataPoint>
        <dataPoint><x4>2.538000E-01</x4><x5>6.254491E-02</x5><x6>7.524666E+01</x6></dataPoint>
        <dataPoint><x4>2.548000E-01</x4><x5>6.271810E-02</x5><x6>7.495715E+01</x6></dataPoint>
        <dataPoint><x4>2.558000E-01</x4><x5>6.286308E-02</x5><x6>7.471625E+01</x6></dataPoint>
        <dataPoint><x4>2.568000E-01</x4><x5>6.298432E-02</x5><x6>7.451581E+01</x6></dataPoint>
        <dataPoint><x4>2.578000E-01</x4><x5>6.308562E-02</x5><x6>7.434902E+01</x6></dataPoint>
        <dataPoint><x4>2.588000E-01</x4><x5>6.317021E-02</x5><x6>7.421024E+01</x6></dataPoint>
        <dataPoint><x4>2.598000E-01</x4><x5>6.324081E-02</x5><x6>7.409476E+01</x6></dataPoint>
        <dataPoint><x4>2.608000E-01</x4><x5>6.329969E-02</x5><x6>7.399868E+01</x6></dataPoint>
        <dataPoint><x4>2.618000E-01</x4><x5>6.334878E-02</x5><x6>7.391873E+01</x6></dataPoint>
    </dataGroup>
</experiment>
