<experiment>
    <fileAuthor>Chemical Kinetics Laboratory, Institute of Chemistry, ELTE, Budapest, Hungary</fileAuthor>
    <fileDOI>10.24388/x40004019</fileDOI>
    <fileVersion>
        <major>2</major>
        <minor>3</minor>
    </fileVersion>
    <ReSpecThVersion>
        <major>2</major>
        <minor>3</minor>
    </ReSpecThVersion>
    <firstPublicationDate>2020-09-08</firstPublicationDate>
    <lastModificationDate>2020-11-18</lastModificationDate>
    <bibliographyLink>
        <description>A. Ramalingam, K. Zhang, A. Dhongde, L. Virnich, H. Sankhla, H. Curran, A. Heufer, Fuel 206 (2017) 325–333.</description>
        <referenceDOI>10.1016/j.fuel.2017.06.005</referenceDOI>
        <location>Main Article + Supplementary</location>
        <table>Table 1, Table S3, Table S8</table>
        <figure>Fig. 7, No. 3, Pc = 150 bar, phi = 0.526</figure>
        <details>
            <author>A. Ramalingam, K. Zhang, A. Dhongde, L. Virnich, H. Sankhla, H. Curran, A. Heufer</author>
            <journal>Fuel</journal>
            <pages>325–-333</pages>
            <title>An RCM experimental and modeling study on CH4 and CH4/C2H6 oxidation at pressures up to 160 bar</title>
            <volume>206</volume>
            <year>2017</year>
        </details>
    </bibliographyLink>
    <experimentType>ignition delay measurement</experimentType>
    <apparatus>
        <kind>rapid compression machine</kind>
    </apparatus>
    <commonProperties>
        <property name="initial composition"           sourcetype="calculated" >
            <component><speciesLink preferredKey="CH4"  CAS="74-82-8"    InChI="1S/CH4/h1H4"  SMILES="C"     chemName="methane"  /><amount units="mole fraction" >0.047381</amount></component>
            <component><speciesLink preferredKey="O2"   CAS="7782-44-7"  InChI="1S/O2/c1-2"   SMILES="O=O"   chemName="oxygen"   /><amount units="mole fraction" >0.179928</amount></component>
            <component><speciesLink preferredKey="N2"   CAS="7727-37-9"  InChI="1S/N2/c1-2"   SMILES="N#N"   chemName="nitrogen" /><amount units="mole fraction" >0.656737</amount></component>
            <component><speciesLink preferredKey="Ar"   CAS="7440-37-1"  InChI="1S/Ar"        SMILES="[Ar]"  chemName="argon"    /><amount units="mole fraction" >0.115954</amount></component>
        </property>
        <property name="evaluated standard deviation"  sourcetype="estimated"   units="unitless"       reference="ignition delay"  kind="relative"  method="generic uncertainty" ><value>0.1</value></property>
    </commonProperties>
    <dataGroup id="dg1" label="measured data">
        <property name="pressure"        id="x1"   label="P"              sourcetype="reported"  units="atm" />
        <property name="temperature"     id="x2"   label="T"              sourcetype="reported"  units="K"   />
        <property name="ignition delay"  id="x3"   label="tau"            sourcetype="reported"  units="ms"  />

        <dataPoint><x1>2.843</x1><x2>298.70</x2><x3>85.39</x3></dataPoint>
        <dataPoint><x1>2.843</x1><x2>298.70</x2><x3>82.59</x3></dataPoint>
    </dataGroup>
    <ignitionType target="p;" type="d/dt max"/>
    <dataGroup id="dg2" label="V-t history" dataPointLink="all">
        <property name="time"    id="x4"   label="t"            sourcetype="calculated"  units="s"   />
        <property name="volume"  id="x5"   label="V"            sourcetype="calculated"  units="cm3" />

        <dataPoint><x4>0.000000E+00</x4><x5>1.000000E+00</x5></dataPoint>
        <dataPoint><x4>5.434590E-03</x4><x5>8.799537E-01</x5></dataPoint>
        <dataPoint><x4>7.200820E-03</x4><x5>7.360360E-01</x5></dataPoint>
        <dataPoint><x4>8.758510E-03</x4><x5>6.134907E-01</x5></dataPoint>
        <dataPoint><x4>1.003515E-02</x4><x5>5.015527E-01</x5></dataPoint>
        <dataPoint><x4>1.166147E-02</x4><x5>3.545925E-01</x5></dataPoint>
        <dataPoint><x4>1.264021E-02</x4><x5>2.705169E-01</x5></dataPoint>
        <dataPoint><x4>1.409054E-02</x4><x5>1.501971E-01</x5></dataPoint>
        <dataPoint><x4>1.486972E-02</x4><x5>9.516465E-02</x5></dataPoint>
        <dataPoint><x4>1.542134E-02</x4><x5>7.351229E-02</x5></dataPoint>
        <dataPoint><x4>1.616561E-02</x4><x5>6.172424E-02</x5></dataPoint>
        <dataPoint><x4>1.660685E-02</x4><x5>5.888908E-02</x5></dataPoint>
        <dataPoint><x4>1.719268E-02</x4><x5>5.773941E-02</x5></dataPoint>
        <dataPoint><x4>1.771858E-02</x4><x5>5.789245E-02</x5></dataPoint>
        <dataPoint><x4>2.138680E-02</x4><x5>6.013267E-02</x5></dataPoint>
        <dataPoint><x4>2.476446E-02</x4><x5>6.167824E-02</x5></dataPoint>
        <dataPoint><x4>3.014805E-02</x4><x5>6.347861E-02</x5></dataPoint>
        <dataPoint><x4>3.556650E-02</x4><x5>6.502077E-02</x5></dataPoint>
        <dataPoint><x4>4.436425E-02</x4><x5>6.695395E-02</x5></dataPoint>
        <dataPoint><x4>5.561797E-02</x4><x5>6.885600E-02</x5></dataPoint>
        <dataPoint><x4>6.591133E-02</x4><x5>7.027060E-02</x5></dataPoint>
        <dataPoint><x4>7.787783E-02</x4><x5>7.169036E-02</x5></dataPoint>
        <dataPoint><x4>9.256783E-02</x4><x5>7.319115E-02</x5></dataPoint>
        <dataPoint><x4>1.115676E-01</x4><x5>7.485247E-02</x5></dataPoint>
        <dataPoint><x4>1.367542E-01</x4><x5>7.674662E-02</x5></dataPoint>
        <dataPoint><x4>1.641270E-01</x4><x5>7.856028E-02</x5></dataPoint>
        <dataPoint><x4>1.644296E-01</x4><x5>7.855278E-02</x5></dataPoint>
    </dataGroup>
</experiment>
