<experiment>
    <fileAuthor>Chemical Kinetics Laboratory, Institute of Chemistry, ELTE, Budapest, Hungary</fileAuthor>
    <fileDOI>10.24388/x40004030</fileDOI>
    <fileVersion>
        <major>2</major>
        <minor>3</minor>
    </fileVersion>
    <ReSpecThVersion>
        <major>2</major>
        <minor>3</minor>
    </ReSpecThVersion>
    <firstPublicationDate>2020-09-08</firstPublicationDate>
    <lastModificationDate>2020-11-18</lastModificationDate>
    <bibliographyLink>
        <description>A. Ramalingam, K. Zhang, A. Dhongde, L. Virnich, H. Sankhla, H. Curran, A. Heufer, Fuel 206 (2017) 325–333.</description>
        <referenceDOI>10.1016/j.fuel.2017.06.005</referenceDOI>
        <location>Main Article + Supplementary</location>
        <table>Table 1, Table S6, Table S8</table>
        <figure>Fig. 9, No. 6, Pc = 160 bar, phi = 1.0</figure>
        <details>
            <author>A. Ramalingam, K. Zhang, A. Dhongde, L. Virnich, H. Sankhla, H. Curran, A. Heufer</author>
            <journal>Fuel</journal>
            <pages>325–-333</pages>
            <title>An RCM experimental and modeling study on CH4 and CH4/C2H6 oxidation at pressures up to 160 bar</title>
            <volume>206</volume>
            <year>2017</year>
        </details>
    </bibliographyLink>
    <experimentType>ignition delay measurement</experimentType>
    <apparatus>
        <kind>rapid compression machine</kind>
    </apparatus>
    <commonProperties>
        <property name="initial composition"           sourcetype="calculated" >
            <component><speciesLink preferredKey="CH4"  CAS="74-82-8"    InChI="1S/CH4/h1H4"  SMILES="C"     chemName="methane"  /><amount units="mole fraction" >0.066346</amount></component>
            <component><speciesLink preferredKey="O2"   CAS="7782-44-7"  InChI="1S/O2/c1-2"   SMILES="O=O"   chemName="oxygen"   /><amount units="mole fraction" >0.133093</amount></component>
            <component><speciesLink preferredKey="N2"   CAS="7727-37-9"  InChI="1S/N2/c1-2"   SMILES="N#N"   chemName="nitrogen" /><amount units="mole fraction" >0.528370</amount></component>
            <component><speciesLink preferredKey="Ar"   CAS="7440-37-1"  InChI="1S/Ar"        SMILES="[Ar]"  chemName="argon"    /><amount units="mole fraction" >0.272191</amount></component>
        </property>
        <property name="evaluated standard deviation"  sourcetype="estimated"   units="unitless"       reference="ignition delay"  kind="relative"  method="generic uncertainty" ><value>0.1</value></property>
    </commonProperties>
    <dataGroup id="dg1" label="measured data">
        <property name="pressure"        id="x1"   label="P"              sourcetype="reported"  units="atm" />
        <property name="temperature"     id="x2"   label="T"              sourcetype="reported"  units="K"   />
        <property name="ignition delay"  id="x3"   label="tau"            sourcetype="reported"  units="ms"  />

        <dataPoint><x1>2.932</x1><x2>296.90</x2><x3>8.61</x3></dataPoint>
        <dataPoint><x1>2.932</x1><x2>296.90</x2><x3>8.28</x3></dataPoint>
    </dataGroup>
    <ignitionType target="p;" type="d/dt max"/>
    <dataGroup id="dg2" label="V-t history" dataPointLink="all">
        <property name="time"    id="x4"   label="t"            sourcetype="calculated"  units="s"   />
        <property name="volume"  id="x5"   label="V"            sourcetype="calculated"  units="cm3" />

        <dataPoint><x4>0.000000E+00</x4><x5>1.000000E+00</x5></dataPoint>
        <dataPoint><x4>2.680220E-03</x4><x5>8.469389E-01</x5></dataPoint>
        <dataPoint><x4>3.710240E-03</x4><x5>7.649767E-01</x5></dataPoint>
        <dataPoint><x4>6.265560E-03</x4><x5>5.415204E-01</x5></dataPoint>
        <dataPoint><x4>7.375520E-03</x4><x5>4.423044E-01</x5></dataPoint>
        <dataPoint><x4>8.510360E-03</x4><x5>3.416002E-01</x5></dataPoint>
        <dataPoint><x4>9.545270E-03</x4><x5>2.527576E-01</x5></dataPoint>
        <dataPoint><x4>1.087540E-02</x4><x5>1.441060E-01</x5></dataPoint>
        <dataPoint><x4>1.159035E-02</x4><x5>9.510159E-02</x5></dataPoint>
        <dataPoint><x4>1.251976E-02</x4><x5>6.576193E-02</x5></dataPoint>
        <dataPoint><x4>1.385746E-02</x4><x5>5.881503E-02</x5></dataPoint>
        <dataPoint><x4>1.464890E-02</x4><x5>5.855631E-02</x5></dataPoint>
        <dataPoint><x4>1.847527E-02</x4><x5>6.065561E-02</x5></dataPoint>
        <dataPoint><x4>2.136003E-02</x4><x5>6.205612E-02</x5></dataPoint>
        <dataPoint><x4>2.792896E-02</x4><x5>6.422377E-02</x5></dataPoint>
        <dataPoint><x4>3.331509E-02</x4><x5>6.574600E-02</x5></dataPoint>
        <dataPoint><x4>4.213244E-02</x4><x5>6.771134E-02</x5></dataPoint>
        <dataPoint><x4>5.337974E-02</x4><x5>6.963108E-02</x5></dataPoint>
        <dataPoint><x4>6.403474E-02</x4><x5>7.112679E-02</x5></dataPoint>
        <dataPoint><x4>7.750154E-02</x4><x5>7.273404E-02</x5></dataPoint>
        <dataPoint><x4>9.581534E-02</x4><x5>7.457349E-02</x5></dataPoint>
        <dataPoint><x4>1.186432E-01</x4><x5>7.650920E-02</x5></dataPoint>
        <dataPoint><x4>1.446734E-01</x4><x5>7.845142E-02</x5></dataPoint>
        <dataPoint><x4>1.698248E-01</x4><x5>8.013274E-02</x5></dataPoint>
    </dataGroup>
</experiment>
