<experiment>
    <fileAuthor>Chemical Kinetics Laboratory, Institute of Chemistry, ELTE, Budapest, Hungary</fileAuthor>
    <fileDOI>10.24388/x40004032</fileDOI>
    <fileVersion>
        <major>2</major>
        <minor>3</minor>
    </fileVersion>
    <ReSpecThVersion>
        <major>2</major>
        <minor>3</minor>
    </ReSpecThVersion>
    <firstPublicationDate>2020-09-08</firstPublicationDate>
    <lastModificationDate>2020-11-18</lastModificationDate>
    <bibliographyLink>
        <description>A. Ramalingam, K. Zhang, A. Dhongde, L. Virnich, H. Sankhla, H. Curran, A. Heufer, Fuel 206 (2017) 325–333.</description>
        <referenceDOI>10.1016/j.fuel.2017.06.005</referenceDOI>
        <location>Main Article + Supplementary</location>
        <table>Table 1, Table S7, Table S8</table>
        <figure>Fig. 9, No. 7, Pc = 125 bar, phi = 0.417</figure>
        <details>
            <author>A. Ramalingam, K. Zhang, A. Dhongde, L. Virnich, H. Sankhla, H. Curran, A. Heufer</author>
            <journal>Fuel</journal>
            <pages>325–-333</pages>
            <title>An RCM experimental and modeling study on CH4 and CH4/C2H6 oxidation at pressures up to 160 bar</title>
            <volume>206</volume>
            <year>2017</year>
        </details>
    </bibliographyLink>
    <experimentType>ignition delay measurement</experimentType>
    <apparatus>
        <kind>rapid compression machine</kind>
    </apparatus>
    <commonProperties>
        <property name="initial composition"           sourcetype="calculated" >
            <component><speciesLink preferredKey="CH4"  CAS="74-82-8"    InChI="1S/CH4/h1H4"  SMILES="C"     chemName="methane"  /><amount units="mole fraction" >0.041929</amount></component>
            <component><speciesLink preferredKey="O2"   CAS="7782-44-7"  InChI="1S/O2/c1-2"   SMILES="O=O"   chemName="oxygen"   /><amount units="mole fraction" >0.201258</amount></component>
            <component><speciesLink preferredKey="N2"   CAS="7727-37-9"  InChI="1S/N2/c1-2"   SMILES="N#N"   chemName="nitrogen" /><amount units="mole fraction" >0.257023</amount></component>
            <component><speciesLink preferredKey="Ar"   CAS="7440-37-1"  InChI="1S/Ar"        SMILES="[Ar]"  chemName="argon"    /><amount units="mole fraction" >0.499790</amount></component>
        </property>
        <property name="evaluated standard deviation"  sourcetype="estimated"   units="unitless"       reference="ignition delay"  kind="relative"  method="generic uncertainty" ><value>0.1</value></property>
    </commonProperties>
    <dataGroup id="dg1" label="measured data">
        <property name="pressure"        id="x1"   label="P"              sourcetype="reported"  units="atm" />
        <property name="temperature"     id="x2"   label="T"              sourcetype="reported"  units="K"   />
        <property name="ignition delay"  id="x3"   label="tau"            sourcetype="reported"  units="ms"  />

        <dataPoint><x1>3.117</x1><x2>295.70</x2><x3>10.99</x3></dataPoint>
        <dataPoint><x1>3.117</x1><x2>295.70</x2><x3>10.44</x3></dataPoint>
    </dataGroup>
    <ignitionType target="p;" type="d/dt max"/>
    <dataGroup id="dg2" label="V-t history" dataPointLink="all">
        <property name="time"    id="x4"   label="t"            sourcetype="calculated"  units="s"   />
        <property name="volume"  id="x5"   label="V"            sourcetype="calculated"  units="cm3" />

        <dataPoint><x4>0.000000E+00</x4><x5>1.000000E+00</x5></dataPoint>
        <dataPoint><x4>2.795230E-03</x4><x5>8.643332E-01</x5></dataPoint>
        <dataPoint><x4>4.969930E-03</x4><x5>7.049927E-01</x5></dataPoint>
        <dataPoint><x4>6.718990E-03</x4><x5>5.687368E-01</x5></dataPoint>
        <dataPoint><x4>8.165310E-03</x4><x5>4.539862E-01</x5></dataPoint>
        <dataPoint><x4>9.375730E-03</x4><x5>3.569510E-01</x5></dataPoint>
        <dataPoint><x4>1.043993E-02</x4><x5>2.779461E-01</x5></dataPoint>
        <dataPoint><x4>1.154042E-02</x4><x5>1.995159E-01</x5></dataPoint>
        <dataPoint><x4>1.223539E-02</x4><x5>1.519788E-01</x5></dataPoint>
        <dataPoint><x4>1.305034E-02</x4><x5>1.073269E-01</x5></dataPoint>
        <dataPoint><x4>1.337070E-02</x4><x5>9.847492E-02</x5></dataPoint>
        <dataPoint><x4>1.596147E-02</x4><x5>8.002874E-02</x5></dataPoint>
        <dataPoint><x4>1.640144E-02</x4><x5>8.046237E-02</x5></dataPoint>
        <dataPoint><x4>1.983264E-02</x4><x5>8.254231E-02</x5></dataPoint>
        <dataPoint><x4>2.304391E-02</x4><x5>8.403973E-02</x5></dataPoint>
        <dataPoint><x4>2.866139E-02</x4><x5>8.593592E-02</x5></dataPoint>
        <dataPoint><x4>3.319519E-02</x4><x5>8.721098E-02</x5></dataPoint>
        <dataPoint><x4>4.016199E-02</x4><x5>8.879635E-02</x5></dataPoint>
        <dataPoint><x4>4.611893E-02</x4><x5>8.992092E-02</x5></dataPoint>
        <dataPoint><x4>5.433423E-02</x4><x5>9.126360E-02</x5></dataPoint>
        <dataPoint><x4>6.416583E-02</x4><x5>9.263501E-02</x5></dataPoint>
        <dataPoint><x4>7.524873E-02</x4><x5>9.396461E-02</x5></dataPoint>
        <dataPoint><x4>8.735323E-02</x4><x5>9.523903E-02</x5></dataPoint>
        <dataPoint><x4>9.747573E-02</x4><x5>9.620453E-02</x5></dataPoint>
        <dataPoint><x4>1.078236E-01</x4><x5>9.711730E-02</x5></dataPoint>
        <dataPoint><x4>1.246841E-01</x4><x5>9.848804E-02</x5></dataPoint>
        <dataPoint><x4>1.416199E-01</x4><x5>9.977583E-02</x5></dataPoint>
        <dataPoint><x4>1.622577E-01</x4><x5>1.012251E-01</x5></dataPoint>
        <dataPoint><x4>1.817304E-01</x4><x5>1.025322E-01</x5></dataPoint>
        <dataPoint><x4>1.928347E-01</x4><x5>1.032555E-01</x5></dataPoint>
    </dataGroup>
</experiment>
