<experiment>
    <fileAuthor>Chemical Kinetics Laboratory, Institute of Chemistry, ELTE, Budapest, Hungary</fileAuthor>
    <fileDOI>10.24388/x40004006</fileDOI>
    <fileVersion>
        <major>2</major>
        <minor>3</minor>
    </fileVersion>
    <ReSpecThVersion>
        <major>2</major>
        <minor>3</minor>
    </ReSpecThVersion>
    <firstPublicationDate>2020-09-08</firstPublicationDate>
    <lastModificationDate>2020-11-18</lastModificationDate>
    <bibliographyLink>
        <description>Y. Yu, Cinétique D'Auto-Inflammation de Carburants Gazeux a Haute Pression: Etude Experimentale et de Modelisation, PhD Thesis, 2012</description>
        <location>Main Article + Personal Communication</location>
        <table>Annexes, I, 1.1.2</table>
        <figure>Chapter IV, Figure 23, phi = 1.0 (right figure), Page 114</figure>
        <details>
            <author>Y, Yu</author>
            <month>12</month>
            <school>Université Lille 1</school>
            <title>Cinétique d'auto-inflammation de carburants gazeux a haute pression: etude experimentale et de modelisation</title>
            <year>2012</year>
        </details>
    </bibliographyLink>
    <experimentType>ignition delay measurement</experimentType>
    <apparatus>
        <kind>rapid compression machine</kind>
    </apparatus>
    <commonProperties>
        <property name="initial composition"           sourcetype="reported"  >
            <component><speciesLink preferredKey="CH4"  CAS="74-82-8"    InChI="1S/CH4/h1H4"  SMILES="C"     chemName="methane"  /><amount units="mole fraction" >0.09501</amount></component>
            <component><speciesLink preferredKey="O2"   CAS="7782-44-7"  InChI="1S/O2/c1-2"   SMILES="O=O"   chemName="oxygen"   /><amount units="mole fraction" >0.19002</amount></component>
            <component><speciesLink preferredKey="N2"   CAS="7727-37-9"  InChI="1S/N2/c1-2"   SMILES="N#N"   chemName="nitrogen" /><amount units="mole fraction" >0</amount></component>
            <component><speciesLink preferredKey="Ar"   CAS="7440-37-1"  InChI="1S/Ar"        SMILES="[Ar]"  chemName="argon"    /><amount units="mole fraction" >0.71497</amount></component>
        </property>
        <property name="evaluated standard deviation"  sourcetype="estimated"  units="unitless"       reference="ignition delay"  kind="relative"  method="generic uncertainty" ><value>0.1</value></property>
    </commonProperties>
    <dataGroup id="dg1" label="measured data">
        <property name="pressure"        id="x1"   label="P"              sourcetype="reported"  units="Torr" />
        <property name="temperature"     id="x2"   label="T"              sourcetype="reported"  units="K"    />
        <property name="ignition delay"  id="x3"   label="tau"            sourcetype="reported"  units="ms"   />

        <dataPoint><x1>800</x1><x2>363.75</x2> <x3>31.96</x3></dataPoint>
        <dataPoint><x1>800</x1><x2>363.25</x2> <x3>34.36</x3></dataPoint>
        <dataPoint><x1>800</x1><x2>363.95</x2> <x3>31.90</x3></dataPoint>
        <dataPoint><x1>800</x1><x2>363.35</x2> <x3>34.68</x3></dataPoint>
        <dataPoint><x1>800</x1><x2>363.55</x2> <x3>32.48</x3></dataPoint>
        <dataPoint><x1>750</x1><x2>364.05</x2> <x3>37.00</x3></dataPoint>
        <dataPoint><x1>750</x1><x2>363.45</x2> <x3>39.60</x3></dataPoint>
        <dataPoint><x1>750</x1><x2>363.65</x2> <x3>37.12</x3></dataPoint>
        <dataPoint><x1>750</x1><x2>364.05</x2> <x3>36.60</x3></dataPoint>
        <dataPoint><x1>750</x1><x2>363.45</x2> <x3>38.84</x3></dataPoint>
        <dataPoint><x1>700</x1><x2>363.75</x2> <x3>43.44</x3></dataPoint>
        <dataPoint><x1>700</x1><x2>363.65</x2> <x3>45.52</x3></dataPoint>
        <dataPoint><x1>700</x1><x2>363.25</x2> <x3>44.60</x3></dataPoint>
        <dataPoint><x1>700</x1><x2>363.85</x2> <x3>41.84</x3></dataPoint>
        <dataPoint><x1>700</x1><x2>362.75</x2> <x3>45.84</x3></dataPoint>
        <dataPoint><x1>650</x1><x2>363.45</x2> <x3>50.36</x3></dataPoint>
        <dataPoint><x1>650</x1><x2>363.45</x2> <x3>53.20</x3></dataPoint>
        <dataPoint><x1>650</x1><x2>363.45</x2> <x3>52.16</x3></dataPoint>
        <dataPoint><x1>650</x1><x2>363.95</x2> <x3>49.96</x3></dataPoint>
        <dataPoint><x1>650</x1><x2>363.25</x2> <x3>54.52</x3></dataPoint>
        <dataPoint><x1>600</x1><x2>363.25</x2> <x3>62.54</x3></dataPoint>
        <dataPoint><x1>600</x1><x2>363.25</x2> <x3>63.76</x3></dataPoint>
        <dataPoint><x1>600</x1><x2>363.65</x2> <x3>61.24</x3></dataPoint>
        <dataPoint><x1>600</x1><x2>363.05</x2> <x3>65.56</x3></dataPoint>
        <dataPoint><x1>600</x1><x2>363.25</x2> <x3>62.22</x3></dataPoint>
        <dataPoint><x1>550</x1><x2>363.75</x2> <x3>75.68</x3></dataPoint>
        <dataPoint><x1>550</x1><x2>363.15</x2> <x3>82.04</x3></dataPoint>
        <dataPoint><x1>550</x1><x2>363.25</x2> <x3>75.94</x3></dataPoint>
        <dataPoint><x1>550</x1><x2>363.45</x2> <x3>80.32</x3></dataPoint>
        <dataPoint><x1>550</x1><x2>362.85</x2> <x3>79.82</x3></dataPoint>
        <dataPoint><x1>550</x1><x2>363.35</x2> <x3>74.44</x3></dataPoint>
        <dataPoint><x1>500</x1><x2>362.65</x2><x3>109.74</x3></dataPoint>
        <dataPoint><x1>500</x1><x2>363.15</x2> <x3>99.27</x3></dataPoint>
        <dataPoint><x1>500</x1><x2>363.45</x2><x3>103.52</x3></dataPoint>
        <dataPoint><x1>500</x1><x2>363.65</x2><x3>100.20</x3></dataPoint>
        <dataPoint><x1>500</x1><x2>363.05</x2><x3>107.40</x3></dataPoint>
    </dataGroup>
    <ignitionType target="p;" type="d/dt max"/>
    <dataGroup id="dg2" label="V-t history" dataPointLink="1;2;3;4;5">
        <property name="time"      id="x4"   label="t"            sourcetype="calculated"  units="ms"  />
        <property name="volume"    id="x5"   label="V"            sourcetype="calculated"  units="cm3" />
        <property name="pressure"  id="x6"   label="p"            sourcetype="calculated"  units="bar"  kind="nonreactive" />

        <dataPoint><x4>0.000000E+00</x4><x5>1.000000E+00</x5><x6>1.066576E+00</x6></dataPoint>
        <dataPoint><x4>6.000000E+00</x4><x5>9.332577E-01</x5><x6>1.184709E+00</x6></dataPoint>
        <dataPoint><x4>1.200000E+01</x4><x5>8.793165E-01</x5><x6>1.296767E+00</x6></dataPoint>
        <dataPoint><x4>1.800000E+01</x4><x5>8.053031E-01</x5><x6>1.481512E+00</x6></dataPoint>
        <dataPoint><x4>2.400000E+01</x4><x5>7.192761E-01</x5><x6>1.757115E+00</x6></dataPoint>
        <dataPoint><x4>3.000000E+01</x4><x5>6.150372E-01</x5><x6>2.223521E+00</x6></dataPoint>
        <dataPoint><x4>3.500000E+01</x4><x5>5.220325E-01</x5><x6>2.841356E+00</x6></dataPoint>
        <dataPoint><x4>4.000000E+01</x4><x5>4.248179E-01</x5><x6>3.858968E+00</x6></dataPoint>
        <dataPoint><x4>4.500000E+01</x4><x5>3.233493E-01</x5><x6>5.766990E+00</x6></dataPoint>
        <dataPoint><x4>5.000000E+01</x4><x5>2.242633E-01</x5><x6>9.816237E+00</x6></dataPoint>
        <dataPoint><x4>5.500000E+01</x4><x5>1.443011E-01</x5><x6>1.845080E+01</x6></dataPoint>
        <dataPoint><x4>5.892000E+01</x4><x5>1.291155E-01</x5><x6>2.160055E+01</x6></dataPoint>
        <dataPoint><x4>5.964000E+01</x4><x5>1.295394E-01</x5><x6>2.150061E+01</x6></dataPoint>
        <dataPoint><x4>6.264000E+01</x4><x5>1.316291E-01</x5><x6>2.101906E+01</x6></dataPoint>
        <dataPoint><x4>6.764000E+01</x4><x5>1.341504E-01</x5><x6>2.046180E+01</x6></dataPoint>
        <dataPoint><x4>7.464000E+01</x4><x5>1.365848E-01</x5><x6>1.994693E+01</x6></dataPoint>
        <dataPoint><x4>8.364000E+01</x4><x5>1.387463E-01</x5><x6>1.950778E+01</x6></dataPoint>
        <dataPoint><x4>9.464000E+01</x4><x5>1.407865E-01</x5><x6>1.910801E+01</x6></dataPoint>
        <dataPoint><x4>1.076400E+02</x4><x5>1.426882E-01</x5><x6>1.874760E+01</x6></dataPoint>
        <dataPoint><x4>1.226400E+02</x4><x5>1.445853E-01</x5><x6>1.839931E+01</x6></dataPoint>
        <dataPoint><x4>1.396400E+02</x4><x5>1.465611E-01</x5><x6>1.804799E+01</x6></dataPoint>
        <dataPoint><x4>1.586400E+02</x4><x5>1.483347E-01</x5><x6>1.774210E+01</x6></dataPoint>
        <dataPoint><x4>1.796400E+02</x4><x5>1.502706E-01</x5><x6>1.741804E+01</x6></dataPoint>
        <dataPoint><x4>2.026400E+02</x4><x5>1.520597E-01</x5><x6>1.712730E+01</x6></dataPoint>
        <dataPoint><x4>2.276400E+02</x4><x5>1.540174E-01</x5><x6>1.681838E+01</x6></dataPoint>
        <dataPoint><x4>2.546400E+02</x4><x5>1.557955E-01</x5><x6>1.654580E+01</x6></dataPoint>
        <dataPoint><x4>2.836400E+02</x4><x5>1.577266E-01</x5><x6>1.625809E+01</x6></dataPoint>
        <dataPoint><x4>3.146400E+02</x4><x5>1.598435E-01</x5><x6>1.595220E+01</x6></dataPoint>
        <dataPoint><x4>3.476400E+02</x4><x5>1.619636E-01</x5><x6>1.565539E+01</x6></dataPoint>
        <dataPoint><x4>3.826400E+02</x4><x5>1.641295E-01</x5><x6>1.536162E+01</x6></dataPoint>
        <dataPoint><x4>4.196400E+02</x4><x5>1.663894E-01</x5><x6>1.506481E+01</x6></dataPoint>
        <dataPoint><x4>4.586400E+02</x4><x5>1.686283E-01</x5><x6>1.478012E+01</x6></dataPoint>
        <dataPoint><x4>4.996400E+02</x4><x5>1.710657E-01</x5><x6>1.448029E+01</x6></dataPoint>
        <dataPoint><x4>5.426400E+02</x4><x5>1.733044E-01</x5><x6>1.421377E+01</x6></dataPoint>
        <dataPoint><x4>5.876400E+02</x4><x5>1.757480E-01</x5><x6>1.393211E+01</x6></dataPoint>
        <dataPoint><x4>6.346400E+02</x4><x5>1.781927E-01</x5><x6>1.365954E+01</x6></dataPoint>
        <dataPoint><x4>6.836400E+02</x4><x5>1.806063E-01</x5><x6>1.339908E+01</x6></dataPoint>
        <dataPoint><x4>7.346400E+02</x4><x5>1.830703E-01</x5><x6>1.314165E+01</x6></dataPoint>
        <dataPoint><x4>7.876400E+02</x4><x5>1.855858E-01</x5><x6>1.288724E+01</x6></dataPoint>
        <dataPoint><x4>8.426400E+02</x4><x5>1.879031E-01</x5><x6>1.266010E+01</x6></dataPoint>
        <dataPoint><x4>8.996400E+02</x4><x5>1.905174E-01</x5><x6>1.241175E+01</x6></dataPoint>
        <dataPoint><x4>9.586400E+02</x4><x5>1.928527E-01</x5><x6>1.219672E+01</x6></dataPoint>
        <dataPoint><x4>1.019640E+03</x4><x5>1.951891E-01</x5><x6>1.198775E+01</x6></dataPoint>
        <dataPoint><x4>1.082640E+03</x4><x5>1.973120E-01</x5><x6>1.180300E+01</x6></dataPoint>
        <dataPoint><x4>1.147640E+03</x4><x5>1.995635E-01</x5><x6>1.161220E+01</x6></dataPoint>
        <dataPoint><x4>1.214640E+03</x4><x5>2.016174E-01</x5><x6>1.144260E+01</x6></dataPoint>
        <dataPoint><x4>1.283640E+03</x4><x5>2.036847E-01</x5><x6>1.127603E+01</x6></dataPoint>
        <dataPoint><x4>1.354640E+03</x4><x5>2.055698E-01</x5><x6>1.112762E+01</x6></dataPoint>
        <dataPoint><x4>1.427640E+03</x4><x5>2.075770E-01</x5><x6>1.097316E+01</x6></dataPoint>
        <dataPoint><x4>1.502640E+03</x4><x5>2.092657E-01</x5><x6>1.084596E+01</x6></dataPoint>
        <dataPoint><x4>1.579640E+03</x4><x5>2.112365E-01</x5><x6>1.070059E+01</x6></dataPoint>
        <dataPoint><x4>1.658640E+03</x4><x5>2.129556E-01</x5><x6>1.057642E+01</x6></dataPoint>
        <dataPoint><x4>1.739640E+03</x4><x5>2.144931E-01</x5><x6>1.046739E+01</x6></dataPoint>
        <dataPoint><x4>1.822640E+03</x4><x5>2.157949E-01</x5><x6>1.037653E+01</x6></dataPoint>
    </dataGroup>
    <dataGroup id="dg2" label="V-t history" dataPointLink="6;7;8;9;10">
        <property name="time"      id="x4"   label="t"            sourcetype="calculated"  units="ms"  />
        <property name="volume"    id="x5"   label="V"            sourcetype="calculated"  units="cm3" />
        <property name="pressure"  id="x6"   label="p"            sourcetype="estimated"   units="bar"  kind="nonreactive" />

        <dataPoint><x4>0.000000E+00</x4><x5>1.000000E+00</x5><x6>9.999152E-01</x6></dataPoint>
        <dataPoint><x4>6.000000E+00</x4><x5>9.426911E-01</x5><x6>1.093819E+00</x6></dataPoint>
        <dataPoint><x4>1.200000E+01</x4><x5>8.825791E-01</x5><x6>1.208906E+00</x6></dataPoint>
        <dataPoint><x4>1.800000E+01</x4><x5>8.128598E-01</x5><x6>1.369422E+00</x6></dataPoint>
        <dataPoint><x4>2.400000E+01</x4><x5>7.234691E-01</x5><x6>1.632911E+00</x6></dataPoint>
        <dataPoint><x4>3.000000E+01</x4><x5>6.229771E-01</x5><x6>2.044801E+00</x6></dataPoint>
        <dataPoint><x4>3.500000E+01</x4><x5>5.286461E-01</x5><x6>2.614179E+00</x6></dataPoint>
        <dataPoint><x4>4.000000E+01</x4><x5>4.283008E-01</x5><x6>3.574247E+00</x6></dataPoint>
        <dataPoint><x4>4.500000E+01</x4><x5>3.245854E-01</x5><x6>5.376268E+00</x6></dataPoint>
        <dataPoint><x4>5.000000E+01</x4><x5>2.247407E-01</x5><x6>9.174140E+00</x6></dataPoint>
        <dataPoint><x4>5.500000E+01</x4><x5>1.428931E-01</x5><x6>1.753916E+01</x6></dataPoint>
        <dataPoint><x4>5.848000E+01</x4><x5>1.289911E-01</x5><x6>2.027702E+01</x6></dataPoint>
        <dataPoint><x4>5.922000E+01</x4><x5>1.294629E-01</x5><x6>2.017253E+01</x6></dataPoint>
        <dataPoint><x4>6.222000E+01</x4><x5>1.316704E-01</x5><x6>1.969553E+01</x6></dataPoint>
        <dataPoint><x4>6.722000E+01</x4><x5>1.342087E-01</x5><x6>1.917006E+01</x6></dataPoint>
        <dataPoint><x4>7.422000E+01</x4><x5>1.367338E-01</x5><x6>1.867034E+01</x6></dataPoint>
        <dataPoint><x4>8.322000E+01</x4><x5>1.389591E-01</x5><x6>1.824785E+01</x6></dataPoint>
        <dataPoint><x4>9.422000E+01</x4><x5>1.411798E-01</x5><x6>1.784202E+01</x6></dataPoint>
        <dataPoint><x4>1.072200E+02</x4><x5>1.434432E-01</x5><x6>1.744375E+01</x6></dataPoint>
        <dataPoint><x4>1.222200E+02</x4><x5>1.454769E-01</x5><x6>1.709849E+01</x6></dataPoint>
        <dataPoint><x4>1.392200E+02</x4><x5>1.474307E-01</x5><x6>1.677746E+01</x6></dataPoint>
        <dataPoint><x4>1.582200E+02</x4><x5>1.491012E-01</x5><x6>1.651094E+01</x6></dataPoint>
        <dataPoint><x4>1.792200E+02</x4><x5>1.508966E-01</x5><x6>1.623231E+01</x6></dataPoint>
        <dataPoint><x4>2.022200E+02</x4><x5>1.526224E-01</x5><x6>1.597185E+01</x6></dataPoint>
        <dataPoint><x4>2.272200E+02</x4><x5>1.545427E-01</x5><x6>1.569019E+01</x6></dataPoint>
        <dataPoint><x4>2.542200E+02</x4><x5>1.564245E-01</x5><x6>1.542216E+01</x6></dataPoint>
        <dataPoint><x4>2.832200E+02</x4><x5>1.584510E-01</x5><x6>1.514201E+01</x6></dataPoint>
        <dataPoint><x4>3.142200E+02</x4><x5>1.605413E-01</x5><x6>1.486186E+01</x6></dataPoint>
        <dataPoint><x4>3.472200E+02</x4><x5>1.627107E-01</x5><x6>1.458020E+01</x6></dataPoint>
        <dataPoint><x4>3.822200E+02</x4><x5>1.649024E-01</x5><x6>1.430460E+01</x6></dataPoint>
        <dataPoint><x4>4.192200E+02</x4><x5>1.672800E-01</x5><x6>1.401537E+01</x6></dataPoint>
        <dataPoint><x4>4.582200E+02</x4><x5>1.695579E-01</x5><x6>1.374734E+01</x6></dataPoint>
        <dataPoint><x4>4.992200E+02</x4><x5>1.719655E-01</x5><x6>1.347325E+01</x6></dataPoint>
        <dataPoint><x4>5.422200E+02</x4><x5>1.742748E-01</x5><x6>1.321885E+01</x6></dataPoint>
        <dataPoint><x4>5.872200E+02</x4><x5>1.767463E-01</x5><x6>1.295536E+01</x6></dataPoint>
        <dataPoint><x4>6.342200E+02</x4><x5>1.791839E-01</x5><x6>1.270398E+01</x6></dataPoint>
        <dataPoint><x4>6.832200E+02</x4><x5>1.816418E-01</x5><x6>1.245866E+01</x6></dataPoint>
        <dataPoint><x4>7.342200E+02</x4><x5>1.840387E-01</x5><x6>1.222698E+01</x6></dataPoint>
        <dataPoint><x4>7.872200E+02</x4><x5>1.864799E-01</x5><x6>1.199832E+01</x6></dataPoint>
        <dataPoint><x4>8.422200E+02</x4><x5>1.887799E-01</x5><x6>1.178934E+01</x6></dataPoint>
        <dataPoint><x4>8.992200E+02</x4><x5>1.912712E-01</x5><x6>1.156977E+01</x6></dataPoint>
        <dataPoint><x4>9.582200E+02</x4><x5>1.935729E-01</x5><x6>1.137291E+01</x6></dataPoint>
        <dataPoint><x4>1.019220E+03</x4><x5>1.958682E-01</x5><x6>1.118211E+01</x6></dataPoint>
        <dataPoint><x4>1.082220E+03</x4><x5>1.979452E-01</x5><x6>1.101402E+01</x6></dataPoint>
        <dataPoint><x4>1.147220E+03</x4><x5>2.002314E-01</x5><x6>1.083382E+01</x6></dataPoint>
        <dataPoint><x4>1.214220E+03</x4><x5>2.022422E-01</x5><x6>1.067936E+01</x6></dataPoint>
        <dataPoint><x4>1.283220E+03</x4><x5>2.043021E-01</x5><x6>1.052490E+01</x6></dataPoint>
        <dataPoint><x4>1.354220E+03</x4><x5>2.061620E-01</x5><x6>1.038861E+01</x6></dataPoint>
        <dataPoint><x4>1.427220E+03</x4><x5>2.081272E-01</x5><x6>1.024778E+01</x6></dataPoint>
        <dataPoint><x4>1.502220E+03</x4><x5>2.098105E-01</x5><x6>1.012967E+01</x6></dataPoint>
        <dataPoint><x4>1.579220E+03</x4><x5>2.116380E-01</x5><x6>1.000398E+01</x6></dataPoint>
        <dataPoint><x4>1.658220E+03</x4><x5>2.132773E-01</x5><x6>9.893434E+00</x6></dataPoint>
        <dataPoint><x4>1.739220E+03</x4><x5>2.147859E-01</x5><x6>9.793490E+00</x6></dataPoint>
        <dataPoint><x4>1.822220E+03</x4><x5>2.160628E-01</x5><x6>9.710203E+00</x6></dataPoint>
    </dataGroup>
    <dataGroup id="dg2" label="V-t history" dataPointLink="11;12;13;14;15">
        <property name="time"      id="x4"   label="t"            sourcetype="calculated"  units="ms"  />
        <property name="volume"    id="x5"   label="V"            sourcetype="calculated"  units="cm3" />
        <property name="pressure"  id="x6"   label="p"            sourcetype="calculated"  units="bar"  kind="nonreactive" />

        <dataPoint><x4>0.000000E+00</x4><x5>1.000000E+00</x5><x6>9.332542E-01</x6></dataPoint>
        <dataPoint><x4>6.000000E+00</x4><x5>9.462652E-01</x5><x6>1.015043E+00</x6></dataPoint>
        <dataPoint><x4>1.200000E+01</x4><x5>8.879287E-01</x5><x6>1.118016E+00</x6></dataPoint>
        <dataPoint><x4>1.800000E+01</x4><x5>8.165288E-01</x5><x6>1.269446E+00</x6></dataPoint>
        <dataPoint><x4>2.400000E+01</x4><x5>7.322440E-01</x5><x6>1.496591E+00</x6></dataPoint>
        <dataPoint><x4>3.000000E+01</x4><x5>6.330581E-01</x5><x6>1.863053E+00</x6></dataPoint>
        <dataPoint><x4>3.500000E+01</x4><x5>5.387609E-01</x5><x6>2.371858E+00</x6></dataPoint>
        <dataPoint><x4>4.000000E+01</x4><x5>4.381127E-01</x5><x6>3.225925E+00</x6></dataPoint>
        <dataPoint><x4>4.500000E+01</x4><x5>3.342428E-01</x5><x6>4.806858E+00</x6></dataPoint>
        <dataPoint><x4>5.000000E+01</x4><x5>2.320123E-01</x5><x6>8.177697E+00</x6></dataPoint>
        <dataPoint><x4>5.500000E+01</x4><x5>1.445344E-01</x5><x6>1.610659E+01</x6></dataPoint>
        <dataPoint><x4>5.860000E+01</x4><x5>1.289133E-01</x5><x6>1.894137E+01</x6></dataPoint>
        <dataPoint><x4>5.936000E+01</x4><x5>1.294403E-01</x5><x6>1.883234E+01</x6></dataPoint>
        <dataPoint><x4>6.236000E+01</x4><x5>1.317849E-01</x5><x6>1.835988E+01</x6></dataPoint>
        <dataPoint><x4>6.736000E+01</x4><x5>1.343457E-01</x5><x6>1.786621E+01</x6></dataPoint>
        <dataPoint><x4>7.436000E+01</x4><x5>1.369780E-01</x5><x6>1.738164E+01</x6></dataPoint>
        <dataPoint><x4>8.336000E+01</x4><x5>1.392794E-01</x5><x6>1.697580E+01</x6></dataPoint>
        <dataPoint><x4>9.436000E+01</x4><x5>1.417117E-01</x5><x6>1.656391E+01</x6></dataPoint>
        <dataPoint><x4>1.073600E+02</x4><x5>1.444005E-01</x5><x6>1.612779E+01</x6></dataPoint>
        <dataPoint><x4>1.223600E+02</x4><x5>1.465976E-01</x5><x6>1.578556E+01</x6></dataPoint>
        <dataPoint><x4>1.393600E+02</x4><x5>1.485280E-01</x5><x6>1.549481E+01</x6></dataPoint>
        <dataPoint><x4>1.583600E+02</x4><x5>1.500790E-01</x5><x6>1.526767E+01</x6></dataPoint>
        <dataPoint><x4>1.793600E+02</x4><x5>1.517121E-01</x5><x6>1.503446E+01</x6></dataPoint>
        <dataPoint><x4>2.023600E+02</x4><x5>1.533663E-01</x5><x6>1.480429E+01</x6></dataPoint>
        <dataPoint><x4>2.273600E+02</x4><x5>1.552456E-01</x5><x6>1.454989E+01</x6></dataPoint>
        <dataPoint><x4>2.543600E+02</x4><x5>1.572511E-01</x5><x6>1.428640E+01</x6></dataPoint>
        <dataPoint><x4>2.833600E+02</x4><x5>1.593920E-01</x5><x6>1.401382E+01</x6></dataPoint>
        <dataPoint><x4>3.143600E+02</x4><x5>1.614542E-01</x5><x6>1.375942E+01</x6></dataPoint>
        <dataPoint><x4>3.473600E+02</x4><x5>1.636843E-01</x5><x6>1.349290E+01</x6></dataPoint>
        <dataPoint><x4>3.823600E+02</x4><x5>1.659097E-01</x5><x6>1.323547E+01</x6></dataPoint>
        <dataPoint><x4>4.193600E+02</x4><x5>1.684291E-01</x5><x6>1.295381E+01</x6></dataPoint>
        <dataPoint><x4>4.583600E+02</x4><x5>1.707563E-01</x5><x6>1.270244E+01</x6></dataPoint>
        <dataPoint><x4>4.993600E+02</x4><x5>1.731325E-01</x5><x6>1.245409E+01</x6></dataPoint>
        <dataPoint><x4>5.423600E+02</x4><x5>1.755285E-01</x5><x6>1.221180E+01</x6></dataPoint>
        <dataPoint><x4>5.873600E+02</x4><x5>1.780369E-01</x5><x6>1.196648E+01</x6></dataPoint>
        <dataPoint><x4>6.343600E+02</x4><x5>1.804700E-01</x5><x6>1.173631E+01</x6></dataPoint>
        <dataPoint><x4>6.833600E+02</x4><x5>1.829843E-01</x5><x6>1.150614E+01</x6></dataPoint>
        <dataPoint><x4>7.343600E+02</x4><x5>1.853062E-01</x5><x6>1.130019E+01</x6></dataPoint>
        <dataPoint><x4>7.873600E+02</x4><x5>1.876643E-01</x5><x6>1.109727E+01</x6></dataPoint>
        <dataPoint><x4>8.423600E+02</x4><x5>1.899483E-01</x5><x6>1.090647E+01</x6></dataPoint>
        <dataPoint><x4>8.993600E+02</x4><x5>1.923001E-01</x5><x6>1.071567E+01</x6></dataPoint>
        <dataPoint><x4>9.583600E+02</x4><x5>1.945669E-01</x5><x6>1.053698E+01</x6></dataPoint>
        <dataPoint><x4>1.019360E+03</x4><x5>1.968187E-01</x5><x6>1.036435E+01</x6></dataPoint>
        <dataPoint><x4>1.082360E+03</x4><x5>1.988461E-01</x5><x6>1.021292E+01</x6></dataPoint>
        <dataPoint><x4>1.147360E+03</x4><x5>2.011773E-01</x5><x6>1.004332E+01</x6></dataPoint>
        <dataPoint><x4>1.214360E+03</x4><x5>2.031419E-01</x5><x6>9.904002E+00</x6></dataPoint>
        <dataPoint><x4>1.283360E+03</x4><x5>2.051975E-01</x5><x6>9.761658E+00</x6></dataPoint>
        <dataPoint><x4>1.354360E+03</x4><x5>2.070319E-01</x5><x6>9.637485E+00</x6></dataPoint>
        <dataPoint><x4>1.427360E+03</x4><x5>2.089524E-01</x5><x6>9.510283E+00</x6></dataPoint>
        <dataPoint><x4>1.502360E+03</x4><x5>2.106330E-01</x5><x6>9.401254E+00</x6></dataPoint>
        <dataPoint><x4>1.579360E+03</x4><x5>2.122984E-01</x5><x6>9.295252E+00</x6></dataPoint>
        <dataPoint><x4>1.658360E+03</x4><x5>2.138490E-01</x5><x6>9.198337E+00</x6></dataPoint>
        <dataPoint><x4>1.739360E+03</x4><x5>2.153276E-01</x5><x6>9.107479E+00</x6></dataPoint>
        <dataPoint><x4>1.822360E+03</x4><x5>2.165787E-01</x5><x6>9.031764E+00</x6></dataPoint>
    </dataGroup>
    <dataGroup id="dg2" label="V-t history" dataPointLink="16;17;18;19;20">
        <property name="time"      id="x4"   label="t"            sourcetype="calculated"  units="ms"  />
        <property name="volume"    id="x5"   label="V"            sourcetype="calculated"  units="cm3" />
        <property name="pressure"  id="x6"   label="p"            sourcetype="estimated"   units="bar"  kind="nonreactive" />

        <dataPoint><x4>0.000000E+00</x4><x5>1.000000E+00</x5><x6>8.665932E-01</x6></dataPoint>
        <dataPoint><x4>6.000000E+00</x4><x5>9.565490E-01</x5><x6>9.271816E-01</x6></dataPoint>
        <dataPoint><x4>1.200000E+01</x4><x5>9.012236E-01</x5><x6>1.015011E+00</x6></dataPoint>
        <dataPoint><x4>1.800000E+01</x4><x5>8.381120E-01</x5><x6>1.133127E+00</x6></dataPoint>
        <dataPoint><x4>2.400000E+01</x4><x5>7.584548E-01</x5><x6>1.317872E+00</x6></dataPoint>
        <dataPoint><x4>3.000000E+01</x4><x5>6.686599E-01</x5><x6>1.593475E+00</x6></dataPoint>
        <dataPoint><x4>3.600000E+01</x4><x5>5.617959E-01</x5><x6>2.068966E+00</x6></dataPoint>
        <dataPoint><x4>4.200000E+01</x4><x5>4.492000E-01</x5><x6>2.886690E+00</x6></dataPoint>
        <dataPoint><x4>4.800000E+01</x4><x5>3.309915E-01</x5><x6>4.528194E+00</x6></dataPoint>
        <dataPoint><x4>5.400000E+01</x4><x5>2.149246E-01</x5><x6>8.480526E+00</x6></dataPoint>
        <dataPoint><x4>6.000000E+01</x4><x5>1.341772E-01</x5><x6>1.662142E+01</x6></dataPoint>
        <dataPoint><x4>6.232000E+01</x4><x5>1.291955E-01</x5><x6>1.753606E+01</x6></dataPoint>
        <dataPoint><x4>6.318000E+01</x4><x5>1.299657E-01</x5><x6>1.738918E+01</x6></dataPoint>
        <dataPoint><x4>6.618000E+01</x4><x5>1.322103E-01</x5><x6>1.697274E+01</x6></dataPoint>
        <dataPoint><x4>7.118000E+01</x4><x5>1.348194E-01</x5><x6>1.650936E+01</x6></dataPoint>
        <dataPoint><x4>7.818000E+01</x4><x5>1.373994E-01</x5><x6>1.607173E+01</x6></dataPoint>
        <dataPoint><x4>8.718000E+01</x4><x5>1.396999E-01</x5><x6>1.569770E+01</x6></dataPoint>
        <dataPoint><x4>9.818000E+01</x4><x5>1.419957E-01</x5><x6>1.533881E+01</x6></dataPoint>
        <dataPoint><x4>1.111800E+02</x4><x5>1.444144E-01</x5><x6>1.497537E+01</x6></dataPoint>
        <dataPoint><x4>1.261800E+02</x4><x5>1.464535E-01</x5><x6>1.468008E+01</x6></dataPoint>
        <dataPoint><x4>1.431800E+02</x4><x5>1.484417E-01</x5><x6>1.440145E+01</x6></dataPoint>
        <dataPoint><x4>1.621800E+02</x4><x5>1.501900E-01</x5><x6>1.416371E+01</x6></dataPoint>
        <dataPoint><x4>1.831800E+02</x4><x5>1.520581E-01</x5><x6>1.391688E+01</x6></dataPoint>
        <dataPoint><x4>2.061800E+02</x4><x5>1.538509E-01</x5><x6>1.368670E+01</x6></dataPoint>
        <dataPoint><x4>2.311800E+02</x4><x5>1.558798E-01</x5><x6>1.343381E+01</x6></dataPoint>
        <dataPoint><x4>2.581800E+02</x4><x5>1.580249E-01</x5><x6>1.317487E+01</x6></dataPoint>
        <dataPoint><x4>2.871800E+02</x4><x5>1.601892E-01</x5><x6>1.292198E+01</x6></dataPoint>
        <dataPoint><x4>3.181800E+02</x4><x5>1.623712E-01</x5><x6>1.267515E+01</x6></dataPoint>
        <dataPoint><x4>3.511800E+02</x4><x5>1.646679E-01</x5><x6>1.242377E+01</x6></dataPoint>
        <dataPoint><x4>3.861800E+02</x4><x5>1.669128E-01</x5><x6>1.218603E+01</x6></dataPoint>
        <dataPoint><x4>4.231800E+02</x4><x5>1.694581E-01</x5><x6>1.192557E+01</x6></dataPoint>
        <dataPoint><x4>4.621800E+02</x4><x5>1.719108E-01</x5><x6>1.168328E+01</x6></dataPoint>
        <dataPoint><x4>5.031800E+02</x4><x5>1.743856E-01</x5><x6>1.144705E+01</x6></dataPoint>
        <dataPoint><x4>5.461800E+02</x4><x5>1.767972E-01</x5><x6>1.122444E+01</x6></dataPoint>
        <dataPoint><x4>5.911800E+02</x4><x5>1.793937E-01</x5><x6>1.099275E+01</x6></dataPoint>
        <dataPoint><x4>6.381800E+02</x4><x5>1.818154E-01</x5><x6>1.078378E+01</x6></dataPoint>
        <dataPoint><x4>6.871800E+02</x4><x5>1.843538E-01</x5><x6>1.057178E+01</x6></dataPoint>
        <dataPoint><x4>7.381800E+02</x4><x5>1.867312E-01</x5><x6>1.037946E+01</x6></dataPoint>
        <dataPoint><x4>7.911800E+02</x4><x5>1.892031E-01</x5><x6>1.018563E+01</x6></dataPoint>
        <dataPoint><x4>8.461800E+02</x4><x5>1.915323E-01</x5><x6>1.000846E+01</x6></dataPoint>
        <dataPoint><x4>9.031800E+02</x4><x5>1.940148E-01</x5><x6>9.825227E+00</x6></dataPoint>
        <dataPoint><x4>9.621800E+02</x4><x5>1.963610E-01</x5><x6>9.657139E+00</x6></dataPoint>
        <dataPoint><x4>1.023180E+03</x4><x5>1.986441E-01</x5><x6>9.498137E+00</x6></dataPoint>
        <dataPoint><x4>1.086180E+03</x4><x5>2.007429E-01</x5><x6>9.355793E+00</x6></dataPoint>
        <dataPoint><x4>1.151180E+03</x4><x5>2.029885E-01</x5><x6>9.207391E+00</x6></dataPoint>
        <dataPoint><x4>1.218180E+03</x4><x5>2.049619E-01</x5><x6>9.080189E+00</x6></dataPoint>
        <dataPoint><x4>1.287180E+03</x4><x5>2.069576E-01</x5><x6>8.954502E+00</x6></dataPoint>
        <dataPoint><x4>1.358180E+03</x4><x5>2.088514E-01</x5><x6>8.837901E+00</x6></dataPoint>
        <dataPoint><x4>1.431180E+03</x4><x5>2.107618E-01</x5><x6>8.722814E+00</x6></dataPoint>
        <dataPoint><x4>1.506180E+03</x4><x5>2.122742E-01</x5><x6>8.633470E+00</x6></dataPoint>
        <dataPoint><x4>1.583180E+03</x4><x5>2.140499E-01</x5><x6>8.530497E+00</x6></dataPoint>
        <dataPoint><x4>1.662180E+03</x4><x5>2.155662E-01</x5><x6>8.444182E+00</x6></dataPoint>
        <dataPoint><x4>1.743180E+03</x4><x5>2.169722E-01</x5><x6>8.365438E+00</x6></dataPoint>
        <dataPoint><x4>1.826180E+03</x4><x5>2.181240E-01</x5><x6>8.301837E+00</x6></dataPoint>
    </dataGroup>
    <dataGroup id="dg2" label="V-t history" dataPointLink="21;22;23;24;25">
        <property name="time"      id="x4"   label="t"            sourcetype="calculated"  units="ms"  />
        <property name="volume"    id="x5"   label="V"            sourcetype="calculated"  units="cm3" />
        <property name="pressure"  id="x6"   label="p"            sourcetype="calculated"  units="bar"  kind="nonreactive" />

        <dataPoint><x4>0.000000E+00</x4><x5>1.000000E+00</x5><x6>7.999321E-01</x6></dataPoint>
        <dataPoint><x4>6.000000E+00</x4><x5>9.401249E-01</x5><x6>8.786921E-01</x6></dataPoint>
        <dataPoint><x4>1.200000E+01</x4><x5>8.884625E-01</x5><x6>9.574358E-01</x6></dataPoint>
        <dataPoint><x4>1.800000E+01</x4><x5>8.197713E-01</x5><x6>1.081609E+00</x6></dataPoint>
        <dataPoint><x4>2.400000E+01</x4><x5>7.420780E-01</x5><x6>1.257268E+00</x6></dataPoint>
        <dataPoint><x4>3.000000E+01</x4><x5>6.514195E-01</x5><x6>1.529842E+00</x6></dataPoint>
        <dataPoint><x4>3.600000E+01</x4><x5>5.448566E-01</x5><x6>1.999276E+00</x6></dataPoint>
        <dataPoint><x4>4.100000E+01</x4><x5>4.501416E-01</x5><x6>2.656484E+00</x6></dataPoint>
        <dataPoint><x4>4.600000E+01</x4><x5>3.497211E-01</x5><x6>3.855812E+00</x6></dataPoint>
        <dataPoint><x4>5.100000E+01</x4><x5>2.499626E-01</x5><x6>6.293840E+00</x6></dataPoint>
        <dataPoint><x4>5.600000E+01</x4><x5>1.574418E-01</x5><x6>1.222688E+01</x6></dataPoint>
        <dataPoint><x4>6.080000E+01</x4><x5>1.290117E-01</x5><x6>1.622161E+01</x6></dataPoint>
        <dataPoint><x4>6.176000E+01</x4><x5>1.300601E-01</x5><x6>1.603687E+01</x6></dataPoint>
        <dataPoint><x4>6.476000E+01</x4><x5>1.321652E-01</x5><x6>1.567647E+01</x6></dataPoint>
        <dataPoint><x4>6.976000E+01</x4><x5>1.348053E-01</x5><x6>1.524337E+01</x6></dataPoint>
        <dataPoint><x4>7.676000E+01</x4><x5>1.372975E-01</x5><x6>1.485268E+01</x6></dataPoint>
        <dataPoint><x4>8.576000E+01</x4><x5>1.395731E-01</x5><x6>1.451045E+01</x6></dataPoint>
        <dataPoint><x4>9.676000E+01</x4><x5>1.416847E-01</x5><x6>1.420456E+01</x6></dataPoint>
        <dataPoint><x4>1.097600E+02</x4><x5>1.437640E-01</x5><x6>1.391382E+01</x6></dataPoint>
        <dataPoint><x4>1.247600E+02</x4><x5>1.455987E-01</x5><x6>1.366547E+01</x6></dataPoint>
        <dataPoint><x4>1.417600E+02</x4><x5>1.476310E-01</x5><x6>1.339895E+01</x6></dataPoint>
        <dataPoint><x4>1.607600E+02</x4><x5>1.495869E-01</x5><x6>1.315061E+01</x6></dataPoint>
        <dataPoint><x4>1.817600E+02</x4><x5>1.517059E-01</x5><x6>1.289015E+01</x6></dataPoint>
        <dataPoint><x4>2.047600E+02</x4><x5>1.536392E-01</x5><x6>1.265997E+01</x6></dataPoint>
        <dataPoint><x4>2.297600E+02</x4><x5>1.558192E-01</x5><x6>1.240860E+01</x6></dataPoint>
        <dataPoint><x4>2.567600E+02</x4><x5>1.581022E-01</x5><x6>1.215419E+01</x6></dataPoint>
        <dataPoint><x4>2.857600E+02</x4><x5>1.602666E-01</x5><x6>1.192099E+01</x6></dataPoint>
        <dataPoint><x4>3.167600E+02</x4><x5>1.625621E-01</x5><x6>1.168173E+01</x6></dataPoint>
        <dataPoint><x4>3.497600E+02</x4><x5>1.649073E-01</x5><x6>1.144550E+01</x6></dataPoint>
        <dataPoint><x4>3.847600E+02</x4><x5>1.671453E-01</x5><x6>1.122744E+01</x6></dataPoint>
        <dataPoint><x4>4.217600E+02</x4><x5>1.696862E-01</x5><x6>1.098818E+01</x6></dataPoint>
        <dataPoint><x4>4.607600E+02</x4><x5>1.722535E-01</x5><x6>1.075498E+01</x6></dataPoint>
        <dataPoint><x4>5.017600E+02</x4><x5>1.748102E-01</x5><x6>1.053086E+01</x6></dataPoint>
        <dataPoint><x4>5.447600E+02</x4><x5>1.772049E-01</x5><x6>1.032794E+01</x6></dataPoint>
        <dataPoint><x4>5.897600E+02</x4><x5>1.798676E-01</x5><x6>1.010988E+01</x6></dataPoint>
        <dataPoint><x4>6.367600E+02</x4><x5>1.822388E-01</x5><x6>9.922110E+00</x6></dataPoint>
        <dataPoint><x4>6.857600E+02</x4><x5>1.847664E-01</x5><x6>9.728280E+00</x6></dataPoint>
        <dataPoint><x4>7.367600E+02</x4><x5>1.871723E-01</x5><x6>9.549592E+00</x6></dataPoint>
        <dataPoint><x4>7.897600E+02</x4><x5>1.897403E-01</x5><x6>9.364847E+00</x6></dataPoint>
        <dataPoint><x4>8.447600E+02</x4><x5>1.920852E-01</x5><x6>9.201302E+00</x6></dataPoint>
        <dataPoint><x4>9.017600E+02</x4><x5>1.946826E-01</x5><x6>9.025643E+00</x6></dataPoint>
        <dataPoint><x4>9.607600E+02</x4><x5>1.970842E-01</x5><x6>8.868155E+00</x6></dataPoint>
        <dataPoint><x4>1.021760E+03</x4><x5>1.993652E-01</x5><x6>8.722782E+00</x6></dataPoint>
        <dataPoint><x4>1.084760E+03</x4><x5>2.015125E-01</x5><x6>8.589523E+00</x6></dataPoint>
        <dataPoint><x4>1.149760E+03</x4><x5>2.036148E-01</x5><x6>8.462322E+00</x6></dataPoint>
        <dataPoint><x4>1.216760E+03</x4><x5>2.055628E-01</x5><x6>8.347235E+00</x6></dataPoint>
        <dataPoint><x4>1.285760E+03</x4><x5>2.074500E-01</x5><x6>8.238205E+00</x6></dataPoint>
        <dataPoint><x4>1.356760E+03</x4><x5>2.093794E-01</x5><x6>8.129175E+00</x6></dataPoint>
        <dataPoint><x4>1.429760E+03</x4><x5>2.112417E-01</x5><x6>8.026202E+00</x6></dataPoint>
        <dataPoint><x4>1.504760E+03</x4><x5>2.125242E-01</x5><x6>7.956545E+00</x6></dataPoint>
        <dataPoint><x4>1.581760E+03</x4><x5>2.143974E-01</x5><x6>7.856601E+00</x6></dataPoint>
        <dataPoint><x4>1.660760E+03</x4><x5>2.158432E-01</x5><x6>7.780885E+00</x6></dataPoint>
        <dataPoint><x4>1.741760E+03</x4><x5>2.171350E-01</x5><x6>7.714256E+00</x6></dataPoint>
        <dataPoint><x4>1.824760E+03</x4><x5>2.181460E-01</x5><x6>7.662770E+00</x6></dataPoint>
    </dataGroup>
    <dataGroup id="dg2" label="V-t history" dataPointLink="26;27;28;29;30;31">
        <property name="time"      id="x4"   label="t"            sourcetype="calculated"  units="ms"  />
        <property name="volume"    id="x5"   label="V"            sourcetype="calculated"  units="cm3" />
        <property name="pressure"  id="x6"   label="p"            sourcetype="estimated"   units="bar"  kind="nonreactive" />

        <dataPoint><x4>0.000000E+00</x4><x5>1.000000E+00</x5><x6>7.332711E-01</x6></dataPoint>
        <dataPoint><x4>6.000000E+00</x4><x5>9.515398E-01</x5><x6>7.908306E-01</x6></dataPoint>
        <dataPoint><x4>1.200000E+01</x4><x5>8.938971E-01</x5><x6>8.695744E-01</x6></dataPoint>
        <dataPoint><x4>1.800000E+01</x4><x5>8.337164E-01</x5><x6>9.664898E-01</x6></dataPoint>
        <dataPoint><x4>2.400000E+01</x4><x5>7.585781E-01</x5><x6>1.114891E+00</x6></dataPoint>
        <dataPoint><x4>3.000000E+01</x4><x5>6.628341E-01</x5><x6>1.366266E+00</x6></dataPoint>
        <dataPoint><x4>3.600000E+01</x4><x5>5.560026E-01</x5><x6>1.778156E+00</x6></dataPoint>
        <dataPoint><x4>4.100000E+01</x4><x5>4.598189E-01</x5><x6>2.359648E+00</x6></dataPoint>
        <dataPoint><x4>4.600000E+01</x4><x5>3.589963E-01</x5><x6>3.401489E+00</x6></dataPoint>
        <dataPoint><x4>5.100000E+01</x4><x5>2.568965E-01</x5><x6>5.545742E+00</x6></dataPoint>
        <dataPoint><x4>5.600000E+01</x4><x5>1.607273E-01</x5><x6>1.088518E+01</x6></dataPoint>
        <dataPoint><x4>6.044000E+01</x4><x5>1.286744E-01</x5><x6>1.492837E+01</x6></dataPoint>
        <dataPoint><x4>6.150000E+01</x4><x5>1.300477E-01</x5><x6>1.470576E+01</x6></dataPoint>
        <dataPoint><x4>6.450000E+01</x4><x5>1.319832E-01</x5><x6>1.440139E+01</x6></dataPoint>
        <dataPoint><x4>6.950000E+01</x4><x5>1.346531E-01</x5><x6>1.399858E+01</x6></dataPoint>
        <dataPoint><x4>7.650000E+01</x4><x5>1.370359E-01</x5><x6>1.365484E+01</x6></dataPoint>
        <dataPoint><x4>8.550000E+01</x4><x5>1.392762E-01</x5><x6>1.334441E+01</x6></dataPoint>
        <dataPoint><x4>9.650000E+01</x4><x5>1.411670E-01</x5><x6>1.309152E+01</x6></dataPoint>
        <dataPoint><x4>1.095000E+02</x4><x5>1.428475E-01</x5><x6>1.287346E+01</x6></dataPoint>
        <dataPoint><x4>1.245000E+02</x4><x5>1.444426E-01</x5><x6>1.267205E+01</x6></dataPoint>
        <dataPoint><x4>1.415000E+02</x4><x5>1.465194E-01</x5><x6>1.241765E+01</x6></dataPoint>
        <dataPoint><x4>1.605000E+02</x4><x5>1.487081E-01</x5><x6>1.215871E+01</x6></dataPoint>
        <dataPoint><x4>1.815000E+02</x4><x5>1.511117E-01</x5><x6>1.188462E+01</x6></dataPoint>
        <dataPoint><x4>2.045000E+02</x4><x5>1.532032E-01</x5><x6>1.165444E+01</x6></dataPoint>
        <dataPoint><x4>2.295000E+02</x4><x5>1.555536E-01</x5><x6>1.140458E+01</x6></dataPoint>
        <dataPoint><x4>2.565000E+02</x4><x5>1.579920E-01</x5><x6>1.115472E+01</x6></dataPoint>
        <dataPoint><x4>2.855000E+02</x4><x5>1.601494E-01</x5><x6>1.094121E+01</x6></dataPoint>
        <dataPoint><x4>3.165000E+02</x4><x5>1.625719E-01</x5><x6>1.070952E+01</x6></dataPoint>
        <dataPoint><x4>3.495000E+02</x4><x5>1.649668E-01</x5><x6>1.048843E+01</x6></dataPoint>
        <dataPoint><x4>3.845000E+02</x4><x5>1.671888E-01</x5><x6>1.029005E+01</x6></dataPoint>
        <dataPoint><x4>4.215000E+02</x4><x5>1.697157E-01</x5><x6>1.007199E+01</x6></dataPoint>
        <dataPoint><x4>4.605000E+02</x4><x5>1.724100E-01</x5><x6>9.847878E+00</x6></dataPoint>
        <dataPoint><x4>5.015000E+02</x4><x5>1.750550E-01</x5><x6>9.635875E+00</x6></dataPoint>
        <dataPoint><x4>5.445000E+02</x4><x5>1.774207E-01</x5><x6>9.452645E+00</x6></dataPoint>
        <dataPoint><x4>5.895000E+02</x4><x5>1.801524E-01</x5><x6>9.248214E+00</x6></dataPoint>
        <dataPoint><x4>6.365000E+02</x4><x5>1.824540E-01</x5><x6>9.081640E+00</x6></dataPoint>
        <dataPoint><x4>6.855000E+02</x4><x5>1.849589E-01</x5><x6>8.905981E+00</x6></dataPoint>
        <dataPoint><x4>7.365000E+02</x4><x5>1.873891E-01</x5><x6>8.740922E+00</x6></dataPoint>
        <dataPoint><x4>7.895000E+02</x4><x5>1.900611E-01</x5><x6>8.565263E+00</x6></dataPoint>
        <dataPoint><x4>8.445000E+02</x4><x5>1.924150E-01</x5><x6>8.415347E+00</x6></dataPoint>
        <dataPoint><x4>9.015000E+02</x4><x5>1.951389E-01</x5><x6>8.247259E+00</x6></dataPoint>
        <dataPoint><x4>9.605000E+02</x4><x5>1.975963E-01</x5><x6>8.100372E+00</x6></dataPoint>
        <dataPoint><x4>1.021500E+03</x4><x5>1.998646E-01</x5><x6>7.968627E+00</x6></dataPoint>
        <dataPoint><x4>1.084500E+03</x4><x5>2.020606E-01</x5><x6>7.844455E+00</x6></dataPoint>
        <dataPoint><x4>1.149500E+03</x4><x5>2.039816E-01</x5><x6>7.738453E+00</x6></dataPoint>
        <dataPoint><x4>1.216500E+03</x4><x5>2.058902E-01</x5><x6>7.635481E+00</x6></dataPoint>
        <dataPoint><x4>1.285500E+03</x4><x5>2.076393E-01</x5><x6>7.543108E+00</x6></dataPoint>
        <dataPoint><x4>1.356500E+03</x4><x5>2.096021E-01</x5><x6>7.441650E+00</x6></dataPoint>
        <dataPoint><x4>1.429500E+03</x4><x5>2.113981E-01</x5><x6>7.350792E+00</x6></dataPoint>
        <dataPoint><x4>1.504500E+03</x4><x5>2.124018E-01</x5><x6>7.300820E+00</x6></dataPoint>
        <dataPoint><x4>1.581500E+03</x4><x5>2.143813E-01</x5><x6>7.203904E+00</x6></dataPoint>
        <dataPoint><x4>1.660500E+03</x4><x5>2.157364E-01</x5><x6>7.138789E+00</x6></dataPoint>
        <dataPoint><x4>1.741500E+03</x4><x5>2.168868E-01</x5><x6>7.084274E+00</x6></dataPoint>
        <dataPoint><x4>1.824500E+03</x4><x5>2.177270E-01</x5><x6>7.044902E+00</x6></dataPoint>
    </dataGroup>
    <dataGroup id="dg2" label="V-t history" dataPointLink="32;33;34;35;36">
        <property name="time"      id="x4"   label="t"            sourcetype="calculated"  units="ms"  />
        <property name="volume"    id="x5"   label="V"            sourcetype="calculated"  units="cm3" />
        <property name="pressure"  id="x6"   label="p"            sourcetype="estimated"   units="bar"  kind="nonreactive" />

        <dataPoint><x4>0.000000E+00</x4><x5>1.000000E+00</x5><x6>6.666101E-01</x6></dataPoint>
        <dataPoint><x4>6.000000E+00</x4><x5>9.522572E-01</x5><x6>7.181122E-01</x6></dataPoint>
        <dataPoint><x4>1.200000E+01</x4><x5>8.959506E-01</x5><x6>7.877702E-01</x6></dataPoint>
        <dataPoint><x4>1.800000E+01</x4><x5>8.299374E-01</x5><x6>8.846855E-01</x6></dataPoint>
        <dataPoint><x4>2.400000E+01</x4><x5>7.534293E-01</x5><x6>1.024001E+00</x6></dataPoint>
        <dataPoint><x4>3.000000E+01</x4><x5>6.617522E-01</x5><x6>1.245090E+00</x6></dataPoint>
        <dataPoint><x4>3.600000E+01</x4><x5>5.550431E-01</x5><x6>1.620637E+00</x6></dataPoint>
        <dataPoint><x4>4.100000E+01</x4><x5>4.594488E-01</x5><x6>2.147614E+00</x6></dataPoint>
        <dataPoint><x4>4.600000E+01</x4><x5>3.577704E-01</x5><x6>3.107682E+00</x6></dataPoint>
        <dataPoint><x4>5.100000E+01</x4><x5>2.543138E-01</x5><x6>5.115648E+00</x6></dataPoint>
        <dataPoint><x4>5.600000E+01</x4><x5>1.560929E-01</x5><x6>1.031577E+01</x6></dataPoint>
        <dataPoint><x4>5.996000E+01</x4><x5>1.283184E-01</x5><x6>1.362301E+01</x6></dataPoint>
        <dataPoint><x4>6.112000E+01</x4><x5>1.300809E-01</x5><x6>1.336254E+01</x6></dataPoint>
        <dataPoint><x4>6.412000E+01</x4><x5>1.318162E-01</x5><x6>1.311420E+01</x6></dataPoint>
        <dataPoint><x4>6.912000E+01</x4><x5>1.345255E-01</x5><x6>1.274168E+01</x6></dataPoint>
        <dataPoint><x4>7.612000E+01</x4><x5>1.367814E-01</x5><x6>1.244488E+01</x6></dataPoint>
        <dataPoint><x4>8.512000E+01</x4><x5>1.389831E-01</x5><x6>1.216625E+01</x6></dataPoint>
        <dataPoint><x4>9.612000E+01</x4><x5>1.406156E-01</x5><x6>1.196636E+01</x6></dataPoint>
        <dataPoint><x4>1.091200E+02</x4><x5>1.418320E-01</x5><x6>1.182098E+01</x6></dataPoint>
        <dataPoint><x4>1.241200E+02</x4><x5>1.431522E-01</x5><x6>1.166653E+01</x6></dataPoint>
        <dataPoint><x4>1.411200E+02</x4><x5>1.452834E-01</x5><x6>1.142424E+01</x6></dataPoint>
        <dataPoint><x4>1.601200E+02</x4><x5>1.477455E-01</x5><x6>1.115469E+01</x6></dataPoint>
        <dataPoint><x4>1.811200E+02</x4><x5>1.504862E-01</x5><x6>1.086697E+01</x6></dataPoint>
        <dataPoint><x4>2.041200E+02</x4><x5>1.527681E-01</x5><x6>1.063680E+01</x6></dataPoint>
        <dataPoint><x4>2.291200E+02</x4><x5>1.553250E-01</x5><x6>1.038845E+01</x6></dataPoint>
        <dataPoint><x4>2.561200E+02</x4><x5>1.579534E-01</x5><x6>1.014314E+01</x6></dataPoint>
        <dataPoint><x4>2.851200E+02</x4><x5>1.601068E-01</x5><x6>9.949305E+00</x6></dataPoint>
        <dataPoint><x4>3.161200E+02</x4><x5>1.626861E-01</x5><x6>9.725188E+00</x6></dataPoint>
        <dataPoint><x4>3.491200E+02</x4><x5>1.651457E-01</x5><x6>9.519243E+00</x6></dataPoint>
        <dataPoint><x4>3.841200E+02</x4><x5>1.673531E-01</x5><x6>9.340555E+00</x6></dataPoint>
        <dataPoint><x4>4.211200E+02</x4><x5>1.698684E-01</x5><x6>9.143695E+00</x6></dataPoint>
        <dataPoint><x4>4.601200E+02</x4><x5>1.727217E-01</x5><x6>8.928664E+00</x6></dataPoint>
        <dataPoint><x4>5.011200E+02</x4><x5>1.754791E-01</x5><x6>8.728776E+00</x6></dataPoint>
        <dataPoint><x4>5.441200E+02</x4><x5>1.778151E-01</x5><x6>8.565231E+00</x6></dataPoint>
        <dataPoint><x4>5.891200E+02</x4><x5>1.806365E-01</x5><x6>8.374429E+00</x6></dataPoint>
        <dataPoint><x4>6.361200E+02</x4><x5>1.828593E-01</x5><x6>8.229056E+00</x6></dataPoint>
        <dataPoint><x4>6.851200E+02</x4><x5>1.853428E-01</x5><x6>8.071569E+00</x6></dataPoint>
        <dataPoint><x4>7.361200E+02</x4><x5>1.878083E-01</x5><x6>7.920138E+00</x6></dataPoint>
        <dataPoint><x4>7.891200E+02</x4><x5>1.906130E-01</x5><x6>7.753565E+00</x6></dataPoint>
        <dataPoint><x4>8.441200E+02</x4><x5>1.929838E-01</x5><x6>7.617278E+00</x6></dataPoint>
        <dataPoint><x4>9.011200E+02</x4><x5>1.958685E-01</x5><x6>7.456761E+00</x6></dataPoint>
        <dataPoint><x4>9.601200E+02</x4><x5>1.984005E-01</x5><x6>7.320474E+00</x6></dataPoint>
        <dataPoint><x4>1.021120E+03</x4><x5>2.006594E-01</x5><x6>7.202358E+00</x6></dataPoint>
        <dataPoint><x4>1.084120E+03</x4><x5>2.029207E-01</x5><x6>7.087271E+00</x6></dataPoint>
        <dataPoint><x4>1.149120E+03</x4><x5>2.046265E-01</x5><x6>7.002470E+00</x6></dataPoint>
        <dataPoint><x4>1.216120E+03</x4><x5>2.064928E-01</x5><x6>6.911612E+00</x6></dataPoint>
        <dataPoint><x4>1.285120E+03</x4><x5>2.080797E-01</x5><x6>6.835897E+00</x6></dataPoint>
        <dataPoint><x4>1.356120E+03</x4><x5>2.100885E-01</x5><x6>6.742010E+00</x6></dataPoint>
        <dataPoint><x4>1.429120E+03</x4><x5>2.118097E-01</x5><x6>6.663267E+00</x6></dataPoint>
        <dataPoint><x4>1.504120E+03</x4><x5>2.124808E-01</x5><x6>6.632980E+00</x6></dataPoint>
        <dataPoint><x4>1.581120E+03</x4><x5>2.145939E-01</x5><x6>6.539094E+00</x6></dataPoint>
        <dataPoint><x4>1.660120E+03</x4><x5>2.158443E-01</x5><x6>6.484579E+00</x6></dataPoint>
        <dataPoint><x4>1.741120E+03</x4><x5>2.168290E-01</x5><x6>6.442178E+00</x6></dataPoint>
        <dataPoint><x4>1.824120E+03</x4><x5>2.174677E-01</x5><x6>6.414921E+00</x6></dataPoint>
    </dataGroup>
</experiment>
