<experiment>
    <fileAuthor>Chemical Kinetics Laboratory, Institute of Chemistry, ELTE, Budapest, Hungary</fileAuthor>
    <fileDOI>10.24388/x40004029</fileDOI>
    <fileVersion>
        <major>2</major>
        <minor>3</minor>
    </fileVersion>
    <ReSpecThVersion>
        <major>2</major>
        <minor>3</minor>
    </ReSpecThVersion>
    <firstPublicationDate>2020-09-08</firstPublicationDate>
    <lastModificationDate>2020-11-18</lastModificationDate>
    <bibliographyLink>
        <description>A. Ramalingam, K. Zhang, A. Dhongde, L. Virnich, H. Sankhla, H. Curran, A. Heufer, Fuel 206 (2017) 325–333.</description>
        <referenceDOI>10.1016/j.fuel.2017.06.005</referenceDOI>
        <location>Main Article + Supplementary</location>
        <table>Table 1, Table S6, Table S8</table>
        <figure>Fig. 9, No. 6, Pc = 160 bar, phi = 1.0</figure>
        <details>
            <author>A. Ramalingam, K. Zhang, A. Dhongde, L. Virnich, H. Sankhla, H. Curran, A. Heufer</author>
            <journal>Fuel</journal>
            <pages>325–-333</pages>
            <title>An RCM experimental and modeling study on CH4 and CH4/C2H6 oxidation at pressures up to 160 bar</title>
            <volume>206</volume>
            <year>2017</year>
        </details>
    </bibliographyLink>
    <experimentType>ignition delay measurement</experimentType>
    <apparatus>
        <kind>rapid compression machine</kind>
    </apparatus>
    <commonProperties>
        <property name="initial composition"           sourcetype="calculated" >
            <component><speciesLink preferredKey="CH4"  CAS="74-82-8"    InChI="1S/CH4/h1H4"  SMILES="C"     chemName="methane"  /><amount units="mole fraction" >0.066346</amount></component>
            <component><speciesLink preferredKey="O2"   CAS="7782-44-7"  InChI="1S/O2/c1-2"   SMILES="O=O"   chemName="oxygen"   /><amount units="mole fraction" >0.133093</amount></component>
            <component><speciesLink preferredKey="N2"   CAS="7727-37-9"  InChI="1S/N2/c1-2"   SMILES="N#N"   chemName="nitrogen" /><amount units="mole fraction" >0.592415</amount></component>
            <component><speciesLink preferredKey="Ar"   CAS="7440-37-1"  InChI="1S/Ar"        SMILES="[Ar]"  chemName="argon"    /><amount units="mole fraction" >0.208146</amount></component>
        </property>
        <property name="evaluated standard deviation"  sourcetype="estimated"   units="unitless"       reference="ignition delay"  kind="relative"  method="generic uncertainty" ><value>0.1</value></property>
    </commonProperties>
    <dataGroup id="dg1" label="measured data">
        <property name="pressure"        id="x1"   label="P"              sourcetype="reported"  units="atm" />
        <property name="temperature"     id="x2"   label="T"              sourcetype="reported"  units="K"   />
        <property name="ignition delay"  id="x3"   label="tau"            sourcetype="reported"  units="ms"  />

        <dataPoint><x1>2.981</x1><x2>296.10</x2><x3>21.31</x3></dataPoint>
        <dataPoint><x1>2.981</x1><x2>296.10</x2><x3>20.82</x3></dataPoint>
    </dataGroup>
    <ignitionType target="p;" type="d/dt max"/>
    <dataGroup id="dg2" label="V-t history" dataPointLink="all">
        <property name="time"    id="x4"   label="t"            sourcetype="calculated"  units="s"   />
        <property name="volume"  id="x5"   label="V"            sourcetype="calculated"  units="cm3" />

        <dataPoint><x4>0.000000E+00</x4><x5>1.000000E+00</x5></dataPoint>
        <dataPoint><x4>1.616570E-03</x4><x5>8.641748E-01</x5></dataPoint>
        <dataPoint><x4>3.281460E-03</x4><x5>7.765026E-01</x5></dataPoint>
        <dataPoint><x4>4.956950E-03</x4><x5>6.339113E-01</x5></dataPoint>
        <dataPoint><x4>6.456160E-03</x4><x5>4.953722E-01</x5></dataPoint>
        <dataPoint><x4>7.921620E-03</x4><x5>3.628791E-01</x5></dataPoint>
        <dataPoint><x4>8.743440E-03</x4><x5>2.887166E-01</x5></dataPoint>
        <dataPoint><x4>1.048842E-02</x4><x5>1.450372E-01</x5></dataPoint>
        <dataPoint><x4>1.121732E-02</x4><x5>9.516622E-02</x5></dataPoint>
        <dataPoint><x4>1.144239E-02</x4><x5>8.312259E-02</x5></dataPoint>
        <dataPoint><x4>1.285787E-02</x4><x5>6.036396E-02</x5></dataPoint>
        <dataPoint><x4>1.350242E-02</x4><x5>5.897078E-02</x5></dataPoint>
        <dataPoint><x4>1.415976E-02</x4><x5>5.881533E-02</x5></dataPoint>
        <dataPoint><x4>1.897384E-02</x4><x5>6.156528E-02</x5></dataPoint>
        <dataPoint><x4>2.223904E-02</x4><x5>6.286816E-02</x5></dataPoint>
        <dataPoint><x4>2.851365E-02</x4><x5>6.488349E-02</x5></dataPoint>
        <dataPoint><x4>4.076570E-02</x4><x5>6.781945E-02</x5></dataPoint>
        <dataPoint><x4>5.935462E-02</x4><x5>7.080571E-02</x5></dataPoint>
        <dataPoint><x4>8.268906E-02</x4><x5>7.353606E-02</x5></dataPoint>
        <dataPoint><x4>1.066983E-01</x4><x5>7.575255E-02</x5></dataPoint>
        <dataPoint><x4>1.396325E-01</x4><x5>7.828557E-02</x5></dataPoint>
        <dataPoint><x4>1.721265E-01</x4><x5>8.045980E-02</x5></dataPoint>
    </dataGroup>
</experiment>
