<experiment>
    <fileAuthor>Chemical Kinetics Laboratory, Institute of Chemistry, ELTE, Budapest, Hungary</fileAuthor>
    <fileDOI>10.24388/x40004010</fileDOI>
    <fileVersion>
        <major>2</major>
        <minor>3</minor>
    </fileVersion>
    <ReSpecThVersion>
        <major>2</major>
        <minor>3</minor>
    </ReSpecThVersion>
    <firstPublicationDate>2020-09-08</firstPublicationDate>
    <lastModificationDate>2020-11-18</lastModificationDate>
    <bibliographyLink>
        <description>A. Ramalingam, K. Zhang, A. Dhongde, L. Virnich, H. Sankhla, H. Curran, A. Heufer, Fuel 206 (2017) 325–333.</description>
        <referenceDOI>10.1016/j.fuel.2017.06.005</referenceDOI>
        <location>Main Article + Supplementary</location>
        <table>Table 1, Table S1, Table S8</table>
        <figure>Fig. 7, No. 1, Pc = 105 bar, phi = 0.526</figure>
        <details>
            <author>A. Ramalingam, K. Zhang, A. Dhongde, L. Virnich, H. Sankhla, H. Curran, A. Heufer</author>
            <journal>Fuel</journal>
            <pages>325–-333</pages>
            <title>An RCM experimental and modeling study on CH4 and CH4/C2H6 oxidation at pressures up to 160 bar</title>
            <volume>206</volume>
            <year>2017</year>
        </details>
    </bibliographyLink>
    <experimentType>ignition delay measurement</experimentType>
    <apparatus>
        <kind>rapid compression machine</kind>
    </apparatus>
    <commonProperties>
        <property name="initial composition"           sourcetype="calculated" >
            <component><speciesLink preferredKey="CH4"  CAS="74-82-8"    InChI="1S/CH4/h1H4"  SMILES="C"     chemName="methane"  /><amount units="mole fraction" >0.047381</amount></component>
            <component><speciesLink preferredKey="O2"   CAS="7782-44-7"  InChI="1S/O2/c1-2"   SMILES="O=O"   chemName="oxygen"   /><amount units="mole fraction" >0.179928</amount></component>
            <component><speciesLink preferredKey="N2"   CAS="7727-37-9"  InChI="1S/N2/c1-2"   SMILES="N#N"   chemName="nitrogen" /><amount units="mole fraction" >0.347861</amount></component>
            <component><speciesLink preferredKey="Ar"   CAS="7440-37-1"  InChI="1S/Ar"        SMILES="[Ar]"  chemName="argon"    /><amount units="mole fraction" >0.424830</amount></component>
        </property>
        <property name="evaluated standard deviation"  sourcetype="estimated"   units="unitless"       reference="ignition delay"  kind="relative"  method="generic uncertainty" ><value>0.1</value></property>
    </commonProperties>
    <dataGroup id="dg1" label="measured data">
        <property name="pressure"        id="x1"   label="P"              sourcetype="reported"  units="atm" />
        <property name="temperature"     id="x2"   label="T"              sourcetype="reported"  units="K"   />
        <property name="ignition delay"  id="x3"   label="tau"            sourcetype="reported"  units="ms"  />

        <dataPoint><x1>2.724</x1><x2>295.60</x2><x3>61.48</x3></dataPoint>
        <dataPoint><x1>2.724</x1><x2>295.60</x2><x3>58.70</x3></dataPoint>
        <dataPoint><x1>2.724</x1><x2>295.60</x2><x3>55.50</x3></dataPoint>
    </dataGroup>
    <ignitionType target="p;" type="d/dt max"/>
    <dataGroup id="dg2" label="V-t history" dataPointLink="all">
        <property name="time"    id="x4"   label="t"            sourcetype="calculated"  units="s"   />
        <property name="volume"  id="x5"   label="V"            sourcetype="calculated"  units="cm3" />

        <dataPoint><x4>0.000000E+00</x4><x5>1.000000E+00</x5></dataPoint>
        <dataPoint><x4>1.519970E-03</x4><x5>9.237728E-01</x5></dataPoint>
        <dataPoint><x4>2.581630E-03</x4><x5>8.660014E-01</x5></dataPoint>
        <dataPoint><x4>3.596320E-03</x4><x5>7.933252E-01</x5></dataPoint>
        <dataPoint><x4>5.091200E-03</x4><x5>6.886977E-01</x5></dataPoint>
        <dataPoint><x4>7.125580E-03</x4><x5>5.378968E-01</x5></dataPoint>
        <dataPoint><x4>8.725770E-03</x4><x5>4.161043E-01</x5></dataPoint>
        <dataPoint><x4>1.006020E-02</x4><x5>3.205502E-01</x5></dataPoint>
        <dataPoint><x4>1.094140E-02</x4><x5>2.608063E-01</x5></dataPoint>
        <dataPoint><x4>1.208041E-02</x4><x5>1.842945E-01</x5></dataPoint>
        <dataPoint><x4>1.260627E-02</x4><x5>1.502938E-01</x5></dataPoint>
        <dataPoint><x4>1.319023E-02</x4><x5>1.181868E-01</x5></dataPoint>
        <dataPoint><x4>1.609635E-02</x4><x5>8.001844E-02</x5></dataPoint>
        <dataPoint><x4>1.691583E-02</x4><x5>8.069963E-02</x5></dataPoint>
        <dataPoint><x4>1.926418E-02</x4><x5>8.219188E-02</x5></dataPoint>
        <dataPoint><x4>2.177043E-02</x4><x5>8.347603E-02</x5></dataPoint>
        <dataPoint><x4>2.497130E-02</x4><x5>8.472189E-02</x5></dataPoint>
        <dataPoint><x4>2.982938E-02</x4><x5>8.626335E-02</x5></dataPoint>
        <dataPoint><x4>3.511318E-02</x4><x5>8.758966E-02</x5></dataPoint>
        <dataPoint><x4>4.155172E-02</x4><x5>8.891963E-02</x5></dataPoint>
        <dataPoint><x4>4.729850E-02</x4><x5>8.991150E-02</x5></dataPoint>
        <dataPoint><x4>5.538223E-02</x4><x5>9.113494E-02</x5></dataPoint>
        <dataPoint><x4>6.525692E-02</x4><x5>9.239448E-02</x5></dataPoint>
        <dataPoint><x4>7.732172E-02</x4><x5>9.372702E-02</x5></dataPoint>
        <dataPoint><x4>8.965312E-02</x4><x5>9.491587E-02</x5></dataPoint>
        <dataPoint><x4>1.074554E-01</x4><x5>9.642233E-02</x5></dataPoint>
        <dataPoint><x4>1.295046E-01</x4><x5>9.808110E-02</x5></dataPoint>
        <dataPoint><x4>1.541203E-01</x4><x5>9.977312E-02</x5></dataPoint>
        <dataPoint><x4>1.817599E-01</x4><x5>1.015897E-01</x5></dataPoint>
    </dataGroup>
</experiment>
