<experiment>
    <fileAuthor>Chemical Kinetics Laboratory, Institute of Chemistry, ELTE, Budapest, Hungary</fileAuthor>
    <fileDOI>10.24388/x40004022</fileDOI>
    <fileVersion>
        <major>2</major>
        <minor>3</minor>
    </fileVersion>
    <ReSpecThVersion>
        <major>2</major>
        <minor>3</minor>
    </ReSpecThVersion>
    <firstPublicationDate>2020-09-08</firstPublicationDate>
    <lastModificationDate>2020-11-18</lastModificationDate>
    <bibliographyLink>
        <description>A. Ramalingam, K. Zhang, A. Dhongde, L. Virnich, H. Sankhla, H. Curran, A. Heufer, Fuel 206 (2017) 325–333.</description>
        <referenceDOI>10.1016/j.fuel.2017.06.005</referenceDOI>
        <location>Main Article + Supplementary</location>
        <table>Table 1, Table S4, Table S8</table>
        <figure>Fig. 9, No. 4, Pc = 125 bar, phi = 0.526</figure>
        <details>
            <author>A. Ramalingam, K. Zhang, A. Dhongde, L. Virnich, H. Sankhla, H. Curran, A. Heufer</author>
            <journal>Fuel</journal>
            <pages>325–-333</pages>
            <title>An RCM experimental and modeling study on CH4 and CH4/C2H6 oxidation at pressures up to 160 bar</title>
            <volume>206</volume>
            <year>2017</year>
        </details>
    </bibliographyLink>
    <experimentType>ignition delay measurement</experimentType>
    <apparatus>
        <kind>rapid compression machine</kind>
    </apparatus>
    <commonProperties>
        <property name="initial composition"           sourcetype="calculated" >
            <component><speciesLink preferredKey="CH4"  CAS="74-82-8"    InChI="1S/CH4/h1H4"  SMILES="C"     chemName="methane"  /><amount units="mole fraction" >0.052367</amount></component>
            <component><speciesLink preferredKey="O2"   CAS="7782-44-7"  InChI="1S/O2/c1-2"   SMILES="O=O"   chemName="oxygen"   /><amount units="mole fraction" >0.198995</amount></component>
            <component><speciesLink preferredKey="N2"   CAS="7727-37-9"  InChI="1S/N2/c1-2"   SMILES="N#N"   chemName="nitrogen" /><amount units="mole fraction" >0.303205</amount></component>
            <component><speciesLink preferredKey="Ar"   CAS="7440-37-1"  InChI="1S/Ar"        SMILES="[Ar]"  chemName="argon"    /><amount units="mole fraction" >0.445434</amount></component>
        </property>
        <property name="evaluated standard deviation"  sourcetype="estimated"   units="unitless"       reference="ignition delay"  kind="relative"  method="statistical scatter" ><value>0.109</value></property>
    </commonProperties>
    <dataGroup id="dg1" label="measured data">
        <property name="pressure"        id="x1"   label="P"              sourcetype="reported"  units="atm" />
        <property name="temperature"     id="x2"   label="T"              sourcetype="reported"  units="K"   />
        <property name="ignition delay"  id="x3"   label="tau"            sourcetype="reported"  units="ms"  />

        <dataPoint><x1>3.250</x1><x2>295.50</x2><x3>26.25</x3></dataPoint>
    </dataGroup>
    <ignitionType target="p;" type="d/dt max"/>
    <dataGroup id="dg2" label="V-t history" dataPointLink="all">
        <property name="time"    id="x4"   label="t"            sourcetype="calculated"  units="s"   />
        <property name="volume"  id="x5"   label="V"            sourcetype="calculated"  units="cm3" />

        <dataPoint><x4>0.000000E+00</x4><x5>1.000000E+00</x5></dataPoint>
        <dataPoint><x4>7.078020E-03</x4><x5>8.824613E-01</x5></dataPoint>
        <dataPoint><x4>1.029826E-02</x4><x5>6.448018E-01</x5></dataPoint>
        <dataPoint><x4>1.200358E-02</x4><x5>5.131193E-01</x5></dataPoint>
        <dataPoint><x4>1.344337E-02</x4><x5>3.980042E-01</x5></dataPoint>
        <dataPoint><x4>1.439321E-02</x4><x5>3.263079E-01</x5></dataPoint>
        <dataPoint><x4>1.554304E-02</x4><x5>2.439014E-01</x5></dataPoint>
        <dataPoint><x4>1.628240E-02</x4><x5>1.917017E-01</x5></dataPoint>
        <dataPoint><x4>1.681293E-02</x4><x5>1.560893E-01</x5></dataPoint>
        <dataPoint><x4>1.747251E-02</x4><x5>1.178984E-01</x5></dataPoint>
        <dataPoint><x4>1.772764E-02</x4><x5>1.057483E-01</x5></dataPoint>
        <dataPoint><x4>1.858326E-02</x4><x5>8.743720E-02</x5></dataPoint>
        <dataPoint><x4>2.049331E-02</x4><x5>7.954194E-02</x5></dataPoint>
        <dataPoint><x4>2.450886E-02</x4><x5>8.185390E-02</x5></dataPoint>
        <dataPoint><x4>2.793811E-02</x4><x5>8.334315E-02</x5></dataPoint>
        <dataPoint><x4>3.557791E-02</x4><x5>8.571728E-02</x5></dataPoint>
        <dataPoint><x4>4.159037E-02</x4><x5>8.711776E-02</x5></dataPoint>
        <dataPoint><x4>4.856207E-02</x4><x5>8.848401E-02</x5></dataPoint>
        <dataPoint><x4>5.905477E-02</x4><x5>9.013710E-02</x5></dataPoint>
        <dataPoint><x4>6.985877E-02</x4><x5>9.152614E-02</x5></dataPoint>
        <dataPoint><x4>8.319847E-02</x4><x5>9.298591E-02</x5></dataPoint>
        <dataPoint><x4>1.021076E-01</x4><x5>9.473165E-02</x5></dataPoint>
        <dataPoint><x4>1.260595E-01</x4><x5>9.663075E-02</x5></dataPoint>
        <dataPoint><x4>1.588845E-01</x4><x5>9.890615E-02</x5></dataPoint>
        <dataPoint><x4>1.869521E-01</x4><x5>1.006988E-01</x5></dataPoint>
    </dataGroup>
</experiment>
