<experiment>
    <fileAuthor>Chemical Kinetics Laboratory, Institute of Chemistry, ELTE, Budapest, Hungary</fileAuthor>
    <fileDOI>10.24388/x40004057</fileDOI>
    <fileVersion>
        <major>2</major>
        <minor>3</minor>
    </fileVersion>
    <ReSpecThVersion>
        <major>2</major>
        <minor>3</minor>
    </ReSpecThVersion>
    <firstPublicationDate>2020-09-08</firstPublicationDate>
    <lastModificationDate>2020-11-18</lastModificationDate>
    <bibliographyLink>
        <description>S. Gersen, H. Darmeveil, H. Levinsky, Combustion and Flame 159 (2012), 3472–3475.</description>
        <referenceDOI>10.1016/j.combustflame.2012.06.021</referenceDOI>
        <location>Main Article + Supplementary + Personal Communication</location>
        <table>Supplementary material, Appendix A, Appendix B</table>
        <figure>Fig. 3, Pc = 50 bar, phi = 0.5, CH4:H2:CO = 5:3:2 series</figure>
        <details>
            <author>S. Gersen, H. Darmeveil, H. Levinsky</author>
            <journal>Combust Flame</journal>
            <pages>3472–-3475</pages>
            <title>The effects of CO addition on the autoignition of H2, CH4 and CH4/H2 fuels at high pressure in an RCM</title>
            <volume>159</volume>
            <year>2012</year>
        </details>
    </bibliographyLink>
    <experimentType>ignition delay measurement</experimentType>
    <apparatus>
        <kind>rapid compression machine</kind>
    </apparatus>
    <commonProperties>
        <property name="initial composition"           sourcetype="reported"  >
            <component><speciesLink preferredKey="CH4"  CAS="74-82-8"    InChI="1S/CH4/h1H4"  SMILES="C"          chemName="methane"         /><amount units="mole fraction" >0.037</amount></component>
            <component><speciesLink preferredKey="H2"   CAS="1333-74-0"  InChI="1S/H2/h1H"    SMILES="[HH]"       chemName="hydrogen"        /><amount units="mole fraction" >0.022</amount></component>
            <component><speciesLink preferredKey="CO"   CAS="630-08-0"   InChI="1S/CO/c1-2"   SMILES="[C-]#[O+]"  chemName="carbon monoxide" /><amount units="mole fraction" >0.015</amount></component>
            <component><speciesLink preferredKey="O2"   CAS="7782-44-7"  InChI="1S/O2/c1-2"   SMILES="O=O"        chemName="oxygen"          /><amount units="mole fraction" >0.185</amount></component>
            <component><speciesLink preferredKey="N2"   CAS="7727-37-9"  InChI="1S/N2/c1-2"   SMILES="N#N"        chemName="nitrogen"        /><amount units="mole fraction" >0.300</amount></component>
            <component><speciesLink preferredKey="Ar"   CAS="7440-37-1"  InChI="1S/Ar"        SMILES="[Ar]"       chemName="argon"           /><amount units="mole fraction" >0.441</amount></component>
        </property>
        <property name="evaluated standard deviation"  sourcetype="estimated"  units="unitless"       reference="ignition delay"  kind="relative"  method="generic uncertainty" ><value>0.1</value></property>
    </commonProperties>
    <dataGroup id="dg1" label="measured data">
        <property name="pressure"        id="x1"   label="P"              sourcetype="reported"  units="bar" />
        <property name="temperature"     id="x2"   label="T"              sourcetype="reported"  units="K"   />
        <property name="ignition delay"  id="x3"   label="tau"            sourcetype="reported"  units="ms"  />

        <dataPoint><x1>0.9136</x1><x2>295.95</x2> <x3>4.8</x3></dataPoint>
        <dataPoint><x1>1.0766</x1><x2>294.65</x2><x3>18.8</x3></dataPoint>
        <dataPoint><x1>1.0780</x1><x2>294.75</x2><x3>20.0</x3></dataPoint>
        <dataPoint><x1>1.0046</x1><x2>294.95</x2> <x3>9.6</x3></dataPoint>
        <dataPoint><x1>0.9576</x1><x2>295.45</x2> <x3>6.2</x3></dataPoint>
        <dataPoint><x1>0.9599</x1><x2>295.65</x2> <x3>7.0</x3></dataPoint>
        <dataPoint><x1>0.8506</x1><x2>295.75</x2> <x3>3.0</x3></dataPoint>
        <dataPoint><x1>0.7958</x1><x2>295.95</x2> <x3>1.6</x3></dataPoint>
        <dataPoint><x1>0.7446</x1><x2>296.05</x2> <x3>1.1</x3></dataPoint>
    </dataGroup>
    <ignitionType target="p;" type="d/dt max"/>
    <dataGroup id="dg2" label="V-t history" dataPointLink="1">
        <property name="time"      id="x4"   label="t"            sourcetype="calculated"  units="s"   />
        <property name="volume"    id="x5"   label="V"            sourcetype="calculated"  units="cm3" />
        <property name="pressure"  id="x6"   label="p"            sourcetype="estimated"   units="bar"  kind="reactive" />

        <dataPoint><x4>0.000000E+00</x4><x5>1.000000E+00</x5><x6>9.136000E-01</x6></dataPoint>
        <dataPoint><x4>1.115000E-01</x4><x5>1.000000E+00</x5><x6>9.136000E-01</x6></dataPoint>
        <dataPoint><x4>2.348000E-01</x4><x5>7.461095E-01</x5><x6>1.407661E+00</x6></dataPoint>
        <dataPoint><x4>2.362683E-01</x4><x5>7.285031E-01</x5><x6>1.458064E+00</x6></dataPoint>
        <dataPoint><x4>2.363649E-01</x4><x5>7.428178E-01</x5><x6>1.416861E+00</x6></dataPoint>
        <dataPoint><x4>2.374281E-01</x4><x5>7.319635E-01</x5><x6>1.447922E+00</x6></dataPoint>
        <dataPoint><x4>2.437833E-01</x4><x5>6.381616E-01</x5><x6>1.771732E+00</x6></dataPoint>
        <dataPoint><x4>2.441544E-01</x4><x5>6.151696E-01</x5><x6>1.869920E+00</x6></dataPoint>
        <dataPoint><x4>2.455690E-01</x4><x5>5.986498E-01</x5><x6>1.946226E+00</x6></dataPoint>
        <dataPoint><x4>2.486358E-01</x4><x5>5.212593E-01</x5><x6>2.384623E+00</x6></dataPoint>
        <dataPoint><x4>2.503896E-01</x4><x5>4.845801E-01</x5><x6>2.653679E+00</x6></dataPoint>
        <dataPoint><x4>2.504293E-01</x4><x5>4.818055E-01</x5><x6>2.676085E+00</x6></dataPoint>
        <dataPoint><x4>2.535005E-01</x4><x5>3.974565E-01</x5><x6>3.545540E+00</x6></dataPoint>
        <dataPoint><x4>2.552921E-01</x4><x5>3.467812E-01</x5><x6>4.325331E+00</x6></dataPoint>
        <dataPoint><x4>2.564906E-01</x4><x5>3.119012E-01</x5><x6>5.046227E+00</x6></dataPoint>
        <dataPoint><x4>2.576250E-01</x4><x5>2.794180E-01</x5><x6>5.919266E+00</x6></dataPoint>
        <dataPoint><x4>2.582230E-01</x4><x5>2.596155E-01</x5><x6>6.584102E+00</x6></dataPoint>
        <dataPoint><x4>2.584981E-01</x4><x5>2.535658E-01</x5><x6>6.812535E+00</x6></dataPoint>
        <dataPoint><x4>2.596178E-01</x4><x5>2.206465E-01</x5><x6>8.327336E+00</x6></dataPoint>
        <dataPoint><x4>2.600975E-01</x4><x5>2.070809E-01</x5><x6>9.124254E+00</x6></dataPoint>
        <dataPoint><x4>2.604244E-01</x4><x5>1.965629E-01</x5><x6>9.834622E+00</x6></dataPoint>
        <dataPoint><x4>2.607750E-01</x4><x5>1.880945E-01</x5><x6>1.047688E+01</x6></dataPoint>
        <dataPoint><x4>2.613902E-01</x4><x5>1.706159E-01</x5><x6>1.204945E+01</x6></dataPoint>
        <dataPoint><x4>2.620676E-01</x4><x5>1.521064E-01</x5><x6>1.419963E+01</x6></dataPoint>
        <dataPoint><x4>2.627533E-01</x4><x5>1.335527E-01</x5><x6>1.709171E+01</x6></dataPoint>
        <dataPoint><x4>2.633056E-01</x4><x5>1.185242E-01</x5><x6>2.024931E+01</x6></dataPoint>
        <dataPoint><x4>2.637758E-01</x4><x5>1.056792E-01</x5><x6>2.381879E+01</x6></dataPoint>
        <dataPoint><x4>2.642015E-01</x4><x5>9.510466E-02</x5><x6>2.763905E+01</x6></dataPoint>
        <dataPoint><x4>2.646196E-01</x4><x5>8.520018E-02</x5><x6>3.226332E+01</x6></dataPoint>
        <dataPoint><x4>2.648072E-01</x4><x5>8.134566E-02</x5><x6>3.442963E+01</x6></dataPoint>
        <dataPoint><x4>2.650376E-01</x4><x5>7.762342E-02</x5><x6>3.676641E+01</x6></dataPoint>
        <dataPoint><x4>2.665191E-01</x4><x5>6.327197E-02</x5><x6>4.892574E+01</x6></dataPoint>
        <dataPoint><x4>2.668220E-01</x4><x5>6.222123E-02</x5><x6>5.008145E+01</x6></dataPoint>
        <dataPoint><x4>2.676000E-01</x4><x5>6.208029E-02</x5><x6>5.024000E+01</x6></dataPoint>
        <dataPoint><x4>2.716000E-01</x4><x5>6.348678E-02</x5><x6>4.869506E+01</x6></dataPoint>
        <dataPoint><x4>2.756000E-01</x4><x5>6.462043E-02</x5><x6>4.750769E+01</x6></dataPoint>
        <dataPoint><x4>2.796000E-01</x4><x5>6.549275E-02</x5><x6>4.662715E+01</x6></dataPoint>
        <dataPoint><x4>2.836000E-01</x4><x5>6.615797E-02</x5><x6>4.597414E+01</x6></dataPoint>
        <dataPoint><x4>2.876000E-01</x4><x5>6.666177E-02</x5><x6>4.548988E+01</x6></dataPoint>
        <dataPoint><x4>2.916000E-01</x4><x5>6.704130E-02</x5><x6>4.513075E+01</x6></dataPoint>
        <dataPoint><x4>2.956000E-01</x4><x5>6.732610E-02</x5><x6>4.486443E+01</x6></dataPoint>
        <dataPoint><x4>2.996000E-01</x4><x5>6.753916E-02</x5><x6>4.466692E+01</x6></dataPoint>
        <dataPoint><x4>3.036000E-01</x4><x5>6.769821E-02</x5><x6>4.452045E+01</x6></dataPoint>
        <dataPoint><x4>3.076000E-01</x4><x5>6.781673E-02</x5><x6>4.441183E+01</x6></dataPoint>
        <dataPoint><x4>3.116000E-01</x4><x5>6.790494E-02</x5><x6>4.433128E+01</x6></dataPoint>
        <dataPoint><x4>3.156000E-01</x4><x5>6.797054E-02</x5><x6>4.427154E+01</x6></dataPoint>
        <dataPoint><x4>3.196000E-01</x4><x5>6.801928E-02</x5><x6>4.422724E+01</x6></dataPoint>
    </dataGroup>
    <dataGroup id="dg2" label="V-t history" dataPointLink="2">
        <property name="time"      id="x4"   label="t"            sourcetype="calculated"  units="s"   />
        <property name="volume"    id="x5"   label="V"            sourcetype="calculated"  units="cm3" />
        <property name="pressure"  id="x6"   label="p"            sourcetype="estimated"   units="bar"  kind="reactive" />

        <dataPoint><x4>0.000000E+00</x4><x5>1.000000E+00</x5><x6>1.076600E+00</x6></dataPoint>
        <dataPoint><x4>1.214550E-01</x4><x5>1.000000E+00</x5><x6>1.076600E+00</x6></dataPoint>
        <dataPoint><x4>2.314000E-01</x4><x5>7.077928E-01</x5><x6>1.792852E+00</x6></dataPoint>
        <dataPoint><x4>2.325787E-01</x4><x5>7.123390E-01</x5><x6>1.776028E+00</x6></dataPoint>
        <dataPoint><x4>2.376240E-01</x4><x5>6.030667E-01</x5><x6>2.269021E+00</x6></dataPoint>
        <dataPoint><x4>2.421907E-01</x4><x5>4.801084E-01</x5><x6>3.170292E+00</x6></dataPoint>
        <dataPoint><x4>2.447980E-01</x4><x5>3.981937E-01</x5><x6>4.167562E+00</x6></dataPoint>
        <dataPoint><x4>2.467447E-01</x4><x5>3.396351E-01</x5><x6>5.254989E+00</x6></dataPoint>
        <dataPoint><x4>2.481100E-01</x4><x5>2.939689E-01</x5><x6>6.481974E+00</x6></dataPoint>
        <dataPoint><x4>2.492067E-01</x4><x5>2.577234E-01</x5><x6>7.843640E+00</x6></dataPoint>
        <dataPoint><x4>2.493935E-01</x4><x5>2.530287E-01</x5><x6>8.055042E+00</x6></dataPoint>
        <dataPoint><x4>2.500162E-01</x4><x5>2.317107E-01</x5><x6>9.147409E+00</x6></dataPoint>
        <dataPoint><x4>2.506028E-01</x4><x5>2.134992E-01</x5><x6>1.029348E+01</x6></dataPoint>
        <dataPoint><x4>2.515184E-01</x4><x5>1.861401E-01</x5><x6>1.253759E+01</x6></dataPoint>
        <dataPoint><x4>2.520288E-01</x4><x5>1.696828E-01</x5><x6>1.431732E+01</x6></dataPoint>
        <dataPoint><x4>2.522184E-01</x4><x5>1.641031E-01</x5><x6>1.501929E+01</x6></dataPoint>
        <dataPoint><x4>2.524160E-01</x4><x5>1.584990E-01</x5><x6>1.578456E+01</x6></dataPoint>
        <dataPoint><x4>2.528277E-01</x4><x5>1.459882E-01</x5><x6>1.775105E+01</x6></dataPoint>
        <dataPoint><x4>2.531782E-01</x4><x5>1.356445E-01</x5><x6>1.971066E+01</x6></dataPoint>
        <dataPoint><x4>2.536108E-01</x4><x5>1.234088E-01</x5><x6>2.254578E+01</x6></dataPoint>
        <dataPoint><x4>2.539937E-01</x4><x5>1.120738E-01</x5><x6>2.584556E+01</x6></dataPoint>
        <dataPoint><x4>2.542061E-01</x4><x5>1.061500E-01</x5><x6>2.790938E+01</x6></dataPoint>
        <dataPoint><x4>2.546032E-01</x4><x5>9.570768E-02</x5><x6>3.230208E+01</x6></dataPoint>
        <dataPoint><x4>2.548038E-01</x4><x5>9.124005E-02</x5><x6>3.455200E+01</x6></dataPoint>
        <dataPoint><x4>2.550394E-01</x4><x5>8.688949E-02</x5><x6>3.701003E+01</x6></dataPoint>
        <dataPoint><x4>2.553866E-01</x4><x5>8.229417E-02</x5><x6>3.994539E+01</x6></dataPoint>
        <dataPoint><x4>2.556057E-01</x4><x5>7.970374E-02</x5><x6>4.177874E+01</x6></dataPoint>
        <dataPoint><x4>2.558087E-01</x4><x5>7.730262E-02</x5><x6>4.360925E+01</x6></dataPoint>
        <dataPoint><x4>2.560096E-01</x4><x5>7.501986E-02</x5><x6>4.547932E+01</x6></dataPoint>
        <dataPoint><x4>2.562049E-01</x4><x5>7.296490E-02</x5><x6>4.728227E+01</x6></dataPoint>
        <dataPoint><x4>2.563998E-01</x4><x5>7.124307E-02</x5><x6>4.888847E+01</x6></dataPoint>
        <dataPoint><x4>2.565998E-01</x4><x5>7.018772E-02</x5><x6>4.991935E+01</x6></dataPoint>
        <dataPoint><x4>2.567963E-01</x4><x5>6.974609E-02</x5><x6>5.036175E+01</x6></dataPoint>
        <dataPoint><x4>2.572000E-01</x4><x5>6.961929E-02</x5><x6>5.049000E+01</x6></dataPoint>
        <dataPoint><x4>2.612000E-01</x4><x5>7.118416E-02</x5><x6>4.894506E+01</x6></dataPoint>
        <dataPoint><x4>2.652000E-01</x4><x5>7.244501E-02</x5><x6>4.775769E+01</x6></dataPoint>
        <dataPoint><x4>2.692000E-01</x4><x5>7.341495E-02</x5><x6>4.687715E+01</x6></dataPoint>
        <dataPoint><x4>2.732000E-01</x4><x5>7.415444E-02</x5><x6>4.622414E+01</x6></dataPoint>
        <dataPoint><x4>2.772000E-01</x4><x5>7.471439E-02</x5><x6>4.573988E+01</x6></dataPoint>
        <dataPoint><x4>2.812000E-01</x4><x5>7.513619E-02</x5><x6>4.538075E+01</x6></dataPoint>
        <dataPoint><x4>2.852000E-01</x4><x5>7.545266E-02</x5><x6>4.511443E+01</x6></dataPoint>
        <dataPoint><x4>2.892000E-01</x4><x5>7.568941E-02</x5><x6>4.491692E+01</x6></dataPoint>
        <dataPoint><x4>2.932000E-01</x4><x5>7.586612E-02</x5><x6>4.477045E+01</x6></dataPoint>
        <dataPoint><x4>2.972000E-01</x4><x5>7.599781E-02</x5><x6>4.466183E+01</x6></dataPoint>
        <dataPoint><x4>3.012000E-01</x4><x5>7.609581E-02</x5><x6>4.458128E+01</x6></dataPoint>
        <dataPoint><x4>3.052000E-01</x4><x5>7.616869E-02</x5><x6>4.452154E+01</x6></dataPoint>
        <dataPoint><x4>3.092000E-01</x4><x5>7.622284E-02</x5><x6>4.447724E+01</x6></dataPoint>
    </dataGroup>
    <dataGroup id="dg2" label="V-t history" dataPointLink="3">
        <property name="time"      id="x4"   label="t"            sourcetype="calculated"  units="s"   />
        <property name="volume"    id="x5"   label="V"            sourcetype="calculated"  units="cm3" />
        <property name="pressure"  id="x6"   label="p"            sourcetype="estimated"   units="bar"  kind="reactive" />

        <dataPoint><x4>0.000000E+00</x4><x5>1.000000E+00</x5><x6>1.078000E+00</x6></dataPoint>
        <dataPoint><x4>1.124600E-01</x4><x5>1.000000E+00</x5><x6>1.078000E+00</x6></dataPoint>
        <dataPoint><x4>2.172000E-01</x4><x5>7.531607E-01</x5><x6>1.638172E+00</x6></dataPoint>
        <dataPoint><x4>2.180069E-01</x4><x5>7.550375E-01</x5><x6>1.632174E+00</x6></dataPoint>
        <dataPoint><x4>2.181347E-01</x4><x5>7.371211E-01</x5><x6>1.690967E+00</x6></dataPoint>
        <dataPoint><x4>2.214220E-01</x4><x5>6.856938E-01</x5><x6>1.880999E+00</x6></dataPoint>
        <dataPoint><x4>2.215862E-01</x4><x5>6.729647E-01</x5><x6>1.933596E+00</x6></dataPoint>
        <dataPoint><x4>2.223075E-01</x4><x5>6.624393E-01</x5><x6>1.978971E+00</x6></dataPoint>
        <dataPoint><x4>2.225999E-01</x4><x5>6.552284E-01</x5><x6>2.011094E+00</x6></dataPoint>
        <dataPoint><x4>2.245204E-01</x4><x5>6.099857E-01</x5><x6>2.234188E+00</x6></dataPoint>
        <dataPoint><x4>2.282179E-01</x4><x5>5.058107E-01</x5><x6>2.940904E+00</x6></dataPoint>
        <dataPoint><x4>2.291999E-01</x4><x5>4.811285E-01</x5><x6>3.164531E+00</x6></dataPoint>
        <dataPoint><x4>2.309210E-01</x4><x5>4.251649E-01</x5><x6>3.792017E+00</x6></dataPoint>
        <dataPoint><x4>2.314205E-01</x4><x5>4.036775E-01</x5><x6>4.090429E+00</x6></dataPoint>
        <dataPoint><x4>2.317144E-01</x4><x5>4.050174E-01</x5><x6>4.070687E+00</x6></dataPoint>
        <dataPoint><x4>2.333263E-01</x4><x5>3.523442E-01</x5><x6>4.987715E+00</x6></dataPoint>
        <dataPoint><x4>2.347390E-01</x4><x5>3.078668E-01</x5><x6>6.069293E+00</x6></dataPoint>
        <dataPoint><x4>2.358091E-01</x4><x5>2.704087E-01</x5><x6>7.325933E+00</x6></dataPoint>
        <dataPoint><x4>2.359858E-01</x4><x5>2.667407E-01</x5><x6>7.472281E+00</x6></dataPoint>
        <dataPoint><x4>2.369593E-01</x4><x5>2.330597E-01</x5><x6>9.082645E+00</x6></dataPoint>
        <dataPoint><x4>2.373762E-01</x4><x5>2.194433E-01</x5><x6>9.906692E+00</x6></dataPoint>
        <dataPoint><x4>2.379077E-01</x4><x5>2.032826E-01</x5><x6>1.106051E+01</x6></dataPoint>
        <dataPoint><x4>2.385046E-01</x4><x5>1.851430E-01</x5><x6>1.265067E+01</x6></dataPoint>
        <dataPoint><x4>2.390464E-01</x4><x5>1.685631E-01</x5><x6>1.447203E+01</x6></dataPoint>
        <dataPoint><x4>2.396063E-01</x4><x5>1.512222E-01</x5><x6>1.690215E+01</x6></dataPoint>
        <dataPoint><x4>2.401161E-01</x4><x5>1.359438E-01</x5><x6>1.967370E+01</x6></dataPoint>
        <dataPoint><x4>2.405419E-01</x4><x5>1.229763E-01</x5><x6>2.268695E+01</x6></dataPoint>
        <dataPoint><x4>2.408291E-01</x4><x5>1.145800E-01</x5><x6>2.508006E+01</x6></dataPoint>
        <dataPoint><x4>2.411524E-01</x4><x5>1.054816E-01</x5><x6>2.819496E+01</x6></dataPoint>
        <dataPoint><x4>2.418475E-01</x4><x5>8.883439E-02</x5><x6>3.592058E+01</x6></dataPoint>
        <dataPoint><x4>2.426612E-01</x4><x5>7.835489E-02</x5><x6>4.284394E+01</x6></dataPoint>
        <dataPoint><x4>2.432201E-01</x4><x5>7.226166E-02</x5><x6>4.798692E+01</x6></dataPoint>
        <dataPoint><x4>2.435363E-01</x4><x5>7.059080E-02</x5><x6>4.958286E+01</x6></dataPoint>
        <dataPoint><x4>2.440000E-01</x4><x5>7.015901E-02</x5><x6>5.001000E+01</x6></dataPoint>
        <dataPoint><x4>2.480000E-01</x4><x5>7.175128E-02</x5><x6>4.846506E+01</x6></dataPoint>
        <dataPoint><x4>2.520000E-01</x4><x5>7.303480E-02</x5><x6>4.727769E+01</x6></dataPoint>
        <dataPoint><x4>2.560000E-01</x4><x5>7.402254E-02</x5><x6>4.639715E+01</x6></dataPoint>
        <dataPoint><x4>2.600000E-01</x4><x5>7.477582E-02</x5><x6>4.574414E+01</x6></dataPoint>
        <dataPoint><x4>2.640000E-01</x4><x5>7.534633E-02</x5><x6>4.525988E+01</x6></dataPoint>
        <dataPoint><x4>2.680000E-01</x4><x5>7.577615E-02</x5><x6>4.490075E+01</x6></dataPoint>
        <dataPoint><x4>2.720000E-01</x4><x5>7.609869E-02</x5><x6>4.463443E+01</x6></dataPoint>
        <dataPoint><x4>2.760000E-01</x4><x5>7.633999E-02</x5><x6>4.443692E+01</x6></dataPoint>
        <dataPoint><x4>2.800000E-01</x4><x5>7.652012E-02</x5><x6>4.429045E+01</x6></dataPoint>
        <dataPoint><x4>2.840000E-01</x4><x5>7.665435E-02</x5><x6>4.418183E+01</x6></dataPoint>
        <dataPoint><x4>2.880000E-01</x4><x5>7.675426E-02</x5><x6>4.410128E+01</x6></dataPoint>
        <dataPoint><x4>2.920000E-01</x4><x5>7.682855E-02</x5><x6>4.404154E+01</x6></dataPoint>
        <dataPoint><x4>2.960000E-01</x4><x5>7.688376E-02</x5><x6>4.399724E+01</x6></dataPoint>
    </dataGroup>
    <dataGroup id="dg2" label="V-t history" dataPointLink="4">
        <property name="time"      id="x4"   label="t"            sourcetype="calculated"  units="s"   />
        <property name="volume"    id="x5"   label="V"            sourcetype="calculated"  units="cm3" />
        <property name="pressure"  id="x6"   label="p"            sourcetype="estimated"   units="bar"  kind="reactive" />

        <dataPoint><x4>0.000000E+00</x4><x5>1.000000E+00</x5><x6>1.004600E+00</x6></dataPoint>
        <dataPoint><x4>1.091700E-01</x4><x5>1.000000E+00</x5><x6>1.004600E+00</x6></dataPoint>
        <dataPoint><x4>2.408000E-01</x4><x5>7.067741E-01</x5><x6>1.676482E+00</x6></dataPoint>
        <dataPoint><x4>2.445983E-01</x4><x5>6.238585E-01</x5><x6>2.014345E+00</x6></dataPoint>
        <dataPoint><x4>2.448004E-01</x4><x5>6.285794E-01</x5><x6>1.992144E+00</x6></dataPoint>
        <dataPoint><x4>2.450408E-01</x4><x5>6.116819E-01</x5><x6>2.073558E+00</x6></dataPoint>
        <dataPoint><x4>2.453251E-01</x4><x5>5.994700E-01</x5><x6>2.135924E+00</x6></dataPoint>
        <dataPoint><x4>2.464321E-01</x4><x5>5.906042E-01</x5><x6>2.183191E+00</x6></dataPoint>
        <dataPoint><x4>2.468097E-01</x4><x5>5.605724E-01</x5><x6>2.357063E+00</x6></dataPoint>
        <dataPoint><x4>2.472664E-01</x4><x5>5.618309E-01</x5><x6>2.349318E+00</x6></dataPoint>
        <dataPoint><x4>2.505377E-01</x4><x5>4.769441E-01</x5><x6>2.986962E+00</x6></dataPoint>
        <dataPoint><x4>2.535437E-01</x4><x5>3.860731E-01</x5><x6>4.068114E+00</x6></dataPoint>
        <dataPoint><x4>2.540525E-01</x4><x5>3.651451E-01</x5><x6>4.412493E+00</x6></dataPoint>
        <dataPoint><x4>2.541496E-01</x4><x5>3.624929E-01</x5><x6>4.459616E+00</x6></dataPoint>
        <dataPoint><x4>2.555418E-01</x4><x5>3.232553E-01</x5><x6>5.268835E+00</x6></dataPoint>
        <dataPoint><x4>2.559823E-01</x4><x5>3.057199E-01</x5><x6>5.713608E+00</x6></dataPoint>
        <dataPoint><x4>2.562363E-01</x4><x5>3.003546E-01</x5><x6>5.862394E+00</x6></dataPoint>
        <dataPoint><x4>2.575944E-01</x4><x5>2.574053E-01</x5><x6>7.331674E+00</x6></dataPoint>
        <dataPoint><x4>2.579201E-01</x4><x5>2.472358E-01</x5><x6>7.771785E+00</x6></dataPoint>
        <dataPoint><x4>2.586101E-01</x4><x5>2.251242E-01</x5><x6>8.897642E+00</x6></dataPoint>
        <dataPoint><x4>2.593599E-01</x4><x5>2.013080E-01</x5><x6>1.045259E+01</x6></dataPoint>
        <dataPoint><x4>2.598222E-01</x4><x5>1.874145E-01</x5><x6>1.158401E+01</x6></dataPoint>
        <dataPoint><x4>2.601698E-01</x4><x5>1.763390E-01</x5><x6>1.264194E+01</x6></dataPoint>
        <dataPoint><x4>2.607995E-01</x4><x5>1.581438E-01</x5><x6>1.477470E+01</x6></dataPoint>
        <dataPoint><x4>2.611022E-01</x4><x5>1.488303E-01</x5><x6>1.611271E+01</x6></dataPoint>
        <dataPoint><x4>2.616073E-01</x4><x5>1.342735E-01</x5><x6>1.865813E+01</x6></dataPoint>
        <dataPoint><x4>2.620182E-01</x4><x5>1.223494E-01</x5><x6>2.129435E+01</x6></dataPoint>
        <dataPoint><x4>2.623836E-01</x4><x5>1.118717E-01</x5><x6>2.417554E+01</x6></dataPoint>
        <dataPoint><x4>2.627916E-01</x4><x5>1.009948E-01</x5><x6>2.793629E+01</x6></dataPoint>
        <dataPoint><x4>2.635192E-01</x4><x5>8.397640E-02</x5><x6>3.622416E+01</x6></dataPoint>
        <dataPoint><x4>2.641830E-01</x4><x5>7.590976E-02</x5><x6>4.173577E+01</x6></dataPoint>
        <dataPoint><x4>2.648988E-01</x4><x5>6.843919E-02</x5><x6>4.824411E+01</x6></dataPoint>
        <dataPoint><x4>2.652019E-01</x4><x5>6.701950E-02</x5><x6>4.967747E+01</x6></dataPoint>
        <dataPoint><x4>2.656000E-01</x4><x5>6.675743E-02</x5><x6>4.995000E+01</x6></dataPoint>
        <dataPoint><x4>2.696000E-01</x4><x5>6.827622E-02</x5><x6>4.840506E+01</x6></dataPoint>
        <dataPoint><x4>2.736000E-01</x4><x5>6.950064E-02</x5><x6>4.721769E+01</x6></dataPoint>
        <dataPoint><x4>2.776000E-01</x4><x5>7.044297E-02</x5><x6>4.633715E+01</x6></dataPoint>
        <dataPoint><x4>2.816000E-01</x4><x5>7.116167E-02</x5><x6>4.568414E+01</x6></dataPoint>
        <dataPoint><x4>2.856000E-01</x4><x5>7.170601E-02</x5><x6>4.519988E+01</x6></dataPoint>
        <dataPoint><x4>2.896000E-01</x4><x5>7.211613E-02</x5><x6>4.484075E+01</x6></dataPoint>
        <dataPoint><x4>2.936000E-01</x4><x5>7.242389E-02</x5><x6>4.457443E+01</x6></dataPoint>
        <dataPoint><x4>2.976000E-01</x4><x5>7.265415E-02</x5><x6>4.437692E+01</x6></dataPoint>
        <dataPoint><x4>3.016000E-01</x4><x5>7.282603E-02</x5><x6>4.423045E+01</x6></dataPoint>
        <dataPoint><x4>3.056000E-01</x4><x5>7.295413E-02</x5><x6>4.412183E+01</x6></dataPoint>
        <dataPoint><x4>3.096000E-01</x4><x5>7.304947E-02</x5><x6>4.404128E+01</x6></dataPoint>
        <dataPoint><x4>3.136000E-01</x4><x5>7.312036E-02</x5><x6>4.398154E+01</x6></dataPoint>
        <dataPoint><x4>3.176000E-01</x4><x5>7.317304E-02</x5><x6>4.393724E+01</x6></dataPoint>
    </dataGroup>
    <dataGroup id="dg2" label="V-t history" dataPointLink="5">
        <property name="time"      id="x4"   label="t"            sourcetype="calculated"  units="s"   />
        <property name="volume"    id="x5"   label="V"            sourcetype="calculated"  units="cm3" />
        <property name="pressure"  id="x6"   label="p"            sourcetype="estimated"   units="bar"  kind="reactive" />

        <dataPoint><x4>0.000000E+00</x4><x5>1.000000E+00</x5><x6>9.576000E-01</x6></dataPoint>
        <dataPoint><x4>1.195700E-01</x4><x5>1.000000E+00</x5><x6>9.576000E-01</x6></dataPoint>
        <dataPoint><x4>2.550000E-01</x4><x5>6.860977E-01</x5><x6>1.669411E+00</x6></dataPoint>
        <dataPoint><x4>2.558241E-01</x4><x5>6.713458E-01</x5><x6>1.723674E+00</x6></dataPoint>
        <dataPoint><x4>2.605232E-01</x4><x5>5.725078E-01</x5><x6>2.178284E+00</x6></dataPoint>
        <dataPoint><x4>2.626151E-01</x4><x5>5.171632E-01</x5><x6>2.528656E+00</x6></dataPoint>
        <dataPoint><x4>2.647357E-01</x4><x5>4.624917E-01</x5><x6>2.978229E+00</x6></dataPoint>
        <dataPoint><x4>2.668967E-01</x4><x5>4.009964E-01</x5><x6>3.668758E+00</x6></dataPoint>
        <dataPoint><x4>2.671974E-01</x4><x5>3.962952E-01</x5><x6>3.732454E+00</x6></dataPoint>
        <dataPoint><x4>2.674020E-01</x4><x5>3.871391E-01</x5><x6>3.861950E+00</x6></dataPoint>
        <dataPoint><x4>2.680866E-01</x4><x5>3.698190E-01</x5><x6>4.128497E+00</x6></dataPoint>
        <dataPoint><x4>2.694822E-01</x4><x5>3.276361E-01</x5><x6>4.924562E+00</x6></dataPoint>
        <dataPoint><x4>2.704212E-01</x4><x5>2.961917E-01</x5><x6>5.701933E+00</x6></dataPoint>
        <dataPoint><x4>2.717125E-01</x4><x5>2.580854E-01</x5><x6>6.961254E+00</x6></dataPoint>
        <dataPoint><x4>2.724140E-01</x4><x5>2.357955E-01</x5><x6>7.932049E+00</x6></dataPoint>
        <dataPoint><x4>2.728235E-01</x4><x5>2.229851E-01</x5><x6>8.597844E+00</x6></dataPoint>
        <dataPoint><x4>2.729445E-01</x4><x5>2.198037E-01</x5><x6>8.777822E+00</x6></dataPoint>
        <dataPoint><x4>2.737608E-01</x4><x5>1.969518E-01</x5><x6>1.028052E+01</x6></dataPoint>
        <dataPoint><x4>2.746268E-01</x4><x5>1.718590E-01</x5><x6>1.250116E+01</x6></dataPoint>
        <dataPoint><x4>2.753860E-01</x4><x5>1.505290E-01</x5><x6>1.510936E+01</x6></dataPoint>
        <dataPoint><x4>2.760450E-01</x4><x5>1.317425E-01</x5><x6>1.826960E+01</x6></dataPoint>
        <dataPoint><x4>2.765855E-01</x4><x5>1.165001E-01</x5><x6>2.175380E+01</x6></dataPoint>
        <dataPoint><x4>2.770066E-01</x4><x5>1.050441E-01</x5><x6>2.518530E+01</x6></dataPoint>
        <dataPoint><x4>2.773831E-01</x4><x5>9.538632E-02</x5><x6>2.885681E+01</x6></dataPoint>
        <dataPoint><x4>2.776015E-01</x4><x5>8.989745E-02</x5><x6>3.136800E+01</x6></dataPoint>
        <dataPoint><x4>2.779998E-01</x4><x5>8.189413E-02</x5><x6>3.575869E+01</x6></dataPoint>
        <dataPoint><x4>2.781996E-01</x4><x5>7.893021E-02</x5><x6>3.765614E+01</x6></dataPoint>
        <dataPoint><x4>2.787921E-01</x4><x5>7.239940E-02</x5><x6>4.249715E+01</x6></dataPoint>
        <dataPoint><x4>2.790019E-01</x4><x5>7.020401E-02</x5><x6>4.436691E+01</x6></dataPoint>
        <dataPoint><x4>2.791998E-01</x4><x5>6.825412E-02</x5><x6>4.614797E+01</x6></dataPoint>
        <dataPoint><x4>2.793997E-01</x4><x5>6.645926E-02</x5><x6>4.789762E+01</x6></dataPoint>
        <dataPoint><x4>2.796002E-01</x4><x5>6.512658E-02</x5><x6>4.927110E+01</x6></dataPoint>
        <dataPoint><x4>2.798232E-01</x4><x5>6.436573E-02</x5><x6>5.008558E+01</x6></dataPoint>
        <dataPoint><x4>2.802000E-01</x4><x5>6.405029E-02</x5><x6>5.043000E+01</x6></dataPoint>
        <dataPoint><x4>2.842000E-01</x4><x5>6.549471E-02</x5><x6>4.888506E+01</x6></dataPoint>
        <dataPoint><x4>2.882000E-01</x4><x5>6.665869E-02</x5><x6>4.769769E+01</x6></dataPoint>
        <dataPoint><x4>2.922000E-01</x4><x5>6.755419E-02</x5><x6>4.681715E+01</x6></dataPoint>
        <dataPoint><x4>2.962000E-01</x4><x5>6.823700E-02</x5><x6>4.616414E+01</x6></dataPoint>
        <dataPoint><x4>3.002000E-01</x4><x5>6.875406E-02</x5><x6>4.567988E+01</x6></dataPoint>
        <dataPoint><x4>3.042000E-01</x4><x5>6.914356E-02</x5><x6>4.532075E+01</x6></dataPoint>
        <dataPoint><x4>3.082000E-01</x4><x5>6.943582E-02</x5><x6>4.505443E+01</x6></dataPoint>
        <dataPoint><x4>3.122000E-01</x4><x5>6.965445E-02</x5><x6>4.485692E+01</x6></dataPoint>
        <dataPoint><x4>3.162000E-01</x4><x5>6.981765E-02</x5><x6>4.471045E+01</x6></dataPoint>
        <dataPoint><x4>3.202000E-01</x4><x5>6.993927E-02</x5><x6>4.460183E+01</x6></dataPoint>
        <dataPoint><x4>3.242000E-01</x4><x5>7.002978E-02</x5><x6>4.452128E+01</x6></dataPoint>
        <dataPoint><x4>3.282000E-01</x4><x5>7.009708E-02</x5><x6>4.446154E+01</x6></dataPoint>
        <dataPoint><x4>3.322000E-01</x4><x5>7.014710E-02</x5><x6>4.441724E+01</x6></dataPoint>
    </dataGroup>
    <dataGroup id="dg2" label="V-t history" dataPointLink="6">
        <property name="time"      id="x4"   label="t"            sourcetype="calculated"  units="s"   />
        <property name="volume"    id="x5"   label="V"            sourcetype="calculated"  units="cm3" />
        <property name="pressure"  id="x6"   label="p"            sourcetype="estimated"   units="bar"  kind="reactive" />

        <dataPoint><x4>0.000000E+00</x4><x5>1.000000E+00</x5><x6>9.599000E-01</x6></dataPoint>
        <dataPoint><x4>1.308000E-01</x4><x5>1.000000E+00</x5><x6>9.599000E-01</x6></dataPoint>
        <dataPoint><x4>2.468000E-01</x4><x5>7.511353E-01</x5><x6>1.464457E+00</x6></dataPoint>
        <dataPoint><x4>2.469777E-01</x4><x5>7.264257E-01</x5><x6>1.538432E+00</x6></dataPoint>
        <dataPoint><x4>2.480019E-01</x4><x5>7.192633E-01</x5><x6>1.554613E+00</x6></dataPoint>
        <dataPoint><x4>2.486070E-01</x4><x5>7.212836E-01</x5><x6>1.561048E+00</x6></dataPoint>
        <dataPoint><x4>2.521602E-01</x4><x5>6.700998E-01</x5><x6>1.732526E+00</x6></dataPoint>
        <dataPoint><x4>2.550731E-01</x4><x5>6.092326E-01</x5><x6>1.992922E+00</x6></dataPoint>
        <dataPoint><x4>2.568387E-01</x4><x5>5.652648E-01</x5><x6>2.224678E+00</x6></dataPoint>
        <dataPoint><x4>2.597882E-01</x4><x5>4.838420E-01</x5><x6>2.794478E+00</x6></dataPoint>
        <dataPoint><x4>2.599903E-01</x4><x5>4.846260E-01</x5><x6>2.787860E+00</x6></dataPoint>
        <dataPoint><x4>2.623767E-01</x4><x5>4.132430E-01</x5><x6>3.519439E+00</x6></dataPoint>
        <dataPoint><x4>2.636108E-01</x4><x5>3.804160E-01</x5><x6>3.971305E+00</x6></dataPoint>
        <dataPoint><x4>2.653016E-01</x4><x5>3.285584E-01</x5><x6>4.916082E+00</x6></dataPoint>
        <dataPoint><x4>2.657153E-01</x4><x5>3.139199E-01</x5><x6>5.252791E+00</x6></dataPoint>
        <dataPoint><x4>2.667856E-01</x4><x5>2.830310E-01</x5><x6>6.104878E+00</x6></dataPoint>
        <dataPoint><x4>2.679472E-01</x4><x5>2.475333E-01</x5><x6>7.411862E+00</x6></dataPoint>
        <dataPoint><x4>2.691398E-01</x4><x5>2.117364E-01</x5><x6>9.285442E+00</x6></dataPoint>
        <dataPoint><x4>2.698940E-01</x4><x5>1.882277E-01</x5><x6>1.099764E+01</x6></dataPoint>
        <dataPoint><x4>2.699922E-01</x4><x5>1.855760E-01</x5><x6>1.122394E+01</x6></dataPoint>
        <dataPoint><x4>2.706330E-01</x4><x5>1.662506E-01</x5><x6>1.313998E+01</x6></dataPoint>
        <dataPoint><x4>2.711806E-01</x4><x5>1.516555E-01</x5><x6>1.498422E+01</x6></dataPoint>
        <dataPoint><x4>2.715800E-01</x4><x5>1.396079E-01</x5><x6>1.686146E+01</x6></dataPoint>
        <dataPoint><x4>2.720429E-01</x4><x5>1.267012E-01</x5><x6>1.935617E+01</x6></dataPoint>
        <dataPoint><x4>2.725551E-01</x4><x5>1.123010E-01</x5><x6>2.296777E+01</x6></dataPoint>
        <dataPoint><x4>2.730037E-01</x4><x5>1.004016E-01</x5><x6>2.690714E+01</x6></dataPoint>
        <dataPoint><x4>2.732087E-01</x4><x5>9.521149E-02</x5><x6>2.899814E+01</x6></dataPoint>
        <dataPoint><x4>2.736142E-01</x4><x5>8.572112E-02</x5><x6>3.361461E+01</x6></dataPoint>
        <dataPoint><x4>2.739189E-01</x4><x5>8.057797E-02</x5><x6>3.666473E+01</x6></dataPoint>
        <dataPoint><x4>2.744477E-01</x4><x5>7.442473E-02</x5><x6>4.098137E+01</x6></dataPoint>
        <dataPoint><x4>2.751702E-01</x4><x5>6.713579E-02</x5><x6>4.733302E+01</x6></dataPoint>
        <dataPoint><x4>2.754006E-01</x4><x5>6.569822E-02</x5><x6>4.878505E+01</x6></dataPoint>
        <dataPoint><x4>2.756379E-01</x4><x5>6.508586E-02</x5><x6>4.942674E+01</x6></dataPoint>
        <dataPoint><x4>2.760000E-01</x4><x5>6.495100E-02</x5><x6>4.957000E+01</x6></dataPoint>
        <dataPoint><x4>2.800000E-01</x4><x5>6.644142E-02</x5><x6>4.802506E+01</x6></dataPoint>
        <dataPoint><x4>2.840000E-01</x4><x5>6.764347E-02</x5><x6>4.683769E+01</x6></dataPoint>
        <dataPoint><x4>2.880000E-01</x4><x5>6.856888E-02</x5><x6>4.595715E+01</x6></dataPoint>
        <dataPoint><x4>2.920000E-01</x4><x5>6.927485E-02</x5><x6>4.530414E+01</x6></dataPoint>
        <dataPoint><x4>2.960000E-01</x4><x5>6.980966E-02</x5><x6>4.481988E+01</x6></dataPoint>
        <dataPoint><x4>3.000000E-01</x4><x5>7.021265E-02</x5><x6>4.446075E+01</x6></dataPoint>
        <dataPoint><x4>3.040000E-01</x4><x5>7.051509E-02</x5><x6>4.419443E+01</x6></dataPoint>
        <dataPoint><x4>3.080000E-01</x4><x5>7.074139E-02</x5><x6>4.399692E+01</x6></dataPoint>
        <dataPoint><x4>3.120000E-01</x4><x5>7.091033E-02</x5><x6>4.385045E+01</x6></dataPoint>
        <dataPoint><x4>3.160000E-01</x4><x5>7.103623E-02</x5><x6>4.374183E+01</x6></dataPoint>
        <dataPoint><x4>3.200000E-01</x4><x5>7.112994E-02</x5><x6>4.366128E+01</x6></dataPoint>
        <dataPoint><x4>3.240000E-01</x4><x5>7.119963E-02</x5><x6>4.360154E+01</x6></dataPoint>
        <dataPoint><x4>3.280000E-01</x4><x5>7.125141E-02</x5><x6>4.355724E+01</x6></dataPoint>
    </dataGroup>
    <dataGroup id="dg2" label="V-t history" dataPointLink="7">
        <property name="time"      id="x4"   label="t"            sourcetype="calculated"  units="s"   />
        <property name="volume"    id="x5"   label="V"            sourcetype="calculated"  units="cm3" />
        <property name="pressure"  id="x6"   label="p"            sourcetype="estimated"   units="bar"  kind="reactive" />

        <dataPoint><x4>0.000000E+00</x4><x5>1.000000E+00</x5><x6>8.506000E-01</x6></dataPoint>
        <dataPoint><x4>1.309800E-01</x4><x5>1.000000E+00</x5><x6>8.506000E-01</x6></dataPoint>
        <dataPoint><x4>2.482000E-01</x4><x5>7.394482E-01</x5><x6>1.328033E+00</x6></dataPoint>
        <dataPoint><x4>2.483889E-01</x4><x5>7.309706E-01</x5><x6>1.350785E+00</x6></dataPoint>
        <dataPoint><x4>2.497494E-01</x4><x5>7.295756E-01</x5><x6>1.354591E+00</x6></dataPoint>
        <dataPoint><x4>2.541858E-01</x4><x5>6.503449E-01</x5><x6>1.604332E+00</x6></dataPoint>
        <dataPoint><x4>2.564531E-01</x4><x5>5.997083E-01</x5><x6>1.807346E+00</x6></dataPoint>
        <dataPoint><x4>2.598182E-01</x4><x5>5.266854E-01</x5><x6>2.186769E+00</x6></dataPoint>
        <dataPoint><x4>2.627419E-01</x4><x5>4.482649E-01</x5><x6>2.769077E+00</x6></dataPoint>
        <dataPoint><x4>2.648614E-01</x4><x5>3.879417E-01</x5><x6>3.419934E+00</x6></dataPoint>
        <dataPoint><x4>2.664659E-01</x4><x5>3.454687E-01</x5><x6>4.049486E+00</x6></dataPoint>
        <dataPoint><x4>2.676249E-01</x4><x5>3.099909E-01</x5><x6>4.740536E+00</x6></dataPoint>
        <dataPoint><x4>2.678007E-01</x4><x5>3.066596E-01</x5><x6>4.815509E+00</x6></dataPoint>
        <dataPoint><x4>2.679861E-01</x4><x5>2.985948E-01</x5><x6>5.005475E+00</x6></dataPoint>
        <dataPoint><x4>2.686072E-01</x4><x5>2.837609E-01</x5><x6>5.389467E+00</x6></dataPoint>
        <dataPoint><x4>2.690510E-01</x4><x5>2.692241E-01</x5><x6>5.816184E+00</x6></dataPoint>
        <dataPoint><x4>2.702212E-01</x4><x5>2.360141E-01</x5><x6>7.035805E+00</x6></dataPoint>
        <dataPoint><x4>2.709342E-01</x4><x5>2.142527E-01</x5><x6>8.089109E+00</x6></dataPoint>
        <dataPoint><x4>2.718604E-01</x4><x5>1.882650E-01</x5><x6>9.742325E+00</x6></dataPoint>
        <dataPoint><x4>2.724267E-01</x4><x5>1.728577E-01</x5><x6>1.101145E+01</x6></dataPoint>
        <dataPoint><x4>2.728103E-01</x4><x5>1.625795E-01</x5><x6>1.202137E+01</x6></dataPoint>
        <dataPoint><x4>2.732718E-01</x4><x5>1.516271E-01</x5><x6>1.328111E+01</x6></dataPoint>
        <dataPoint><x4>2.735630E-01</x4><x5>1.444066E-01</x5><x6>1.423848E+01</x6></dataPoint>
        <dataPoint><x4>2.742398E-01</x4><x5>1.270237E-01</x5><x6>1.708963E+01</x6></dataPoint>
        <dataPoint><x4>2.746928E-01</x4><x5>1.150351E-01</x5><x6>1.967009E+01</x6></dataPoint>
        <dataPoint><x4>2.752908E-01</x4><x5>9.954878E-02</x5><x6>2.413086E+01</x6></dataPoint>
        <dataPoint><x4>2.756766E-01</x4><x5>8.976998E-02</x5><x6>2.791444E+01</x6></dataPoint>
        <dataPoint><x4>2.762472E-01</x4><x5>7.714018E-02</x5><x6>3.453566E+01</x6></dataPoint>
        <dataPoint><x4>2.764802E-01</x4><x5>7.360926E-02</x5><x6>3.687721E+01</x6></dataPoint>
        <dataPoint><x4>2.773484E-01</x4><x5>6.525794E-02</x5><x6>4.363508E+01</x6></dataPoint>
        <dataPoint><x4>2.777796E-01</x4><x5>6.161342E-02</x5><x6>4.727595E+01</x6></dataPoint>
        <dataPoint><x4>2.780114E-01</x4><x5>6.016981E-02</x5><x6>4.886376E+01</x6></dataPoint>
        <dataPoint><x4>2.782953E-01</x4><x5>5.929626E-02</x5><x6>4.986925E+01</x6></dataPoint>
        <dataPoint><x4>2.792000E-01</x4><x5>5.903233E-02</x5><x6>5.018000E+01</x6></dataPoint>
        <dataPoint><x4>2.832000E-01</x4><x5>6.037279E-02</x5><x6>4.863506E+01</x6></dataPoint>
        <dataPoint><x4>2.872000E-01</x4><x5>6.145331E-02</x5><x6>4.744769E+01</x6></dataPoint>
        <dataPoint><x4>2.912000E-01</x4><x5>6.228482E-02</x5><x6>4.656715E+01</x6></dataPoint>
        <dataPoint><x4>2.952000E-01</x4><x5>6.291895E-02</x5><x6>4.591414E+01</x6></dataPoint>
        <dataPoint><x4>2.992000E-01</x4><x5>6.339922E-02</x5><x6>4.542988E+01</x6></dataPoint>
        <dataPoint><x4>3.032000E-01</x4><x5>6.376104E-02</x5><x6>4.507075E+01</x6></dataPoint>
        <dataPoint><x4>3.072000E-01</x4><x5>6.403256E-02</x5><x6>4.480443E+01</x6></dataPoint>
        <dataPoint><x4>3.112000E-01</x4><x5>6.423569E-02</x5><x6>4.460692E+01</x6></dataPoint>
        <dataPoint><x4>3.152000E-01</x4><x5>6.438732E-02</x5><x6>4.446045E+01</x6></dataPoint>
        <dataPoint><x4>3.192000E-01</x4><x5>6.450032E-02</x5><x6>4.435183E+01</x6></dataPoint>
        <dataPoint><x4>3.232000E-01</x4><x5>6.458443E-02</x5><x6>4.427128E+01</x6></dataPoint>
        <dataPoint><x4>3.272000E-01</x4><x5>6.464697E-02</x5><x6>4.421154E+01</x6></dataPoint>
        <dataPoint><x4>3.312000E-01</x4><x5>6.469344E-02</x5><x6>4.416724E+01</x6></dataPoint>
    </dataGroup>
    <dataGroup id="dg2" label="V-t history" dataPointLink="8">
        <property name="time"      id="x4"   label="t"            sourcetype="calculated"  units="s"   />
        <property name="volume"    id="x5"   label="V"            sourcetype="calculated"  units="cm3" />
        <property name="pressure"  id="x6"   label="p"            sourcetype="estimated"   units="bar"  kind="reactive" />

        <dataPoint><x4>0.000000E+00</x4><x5>1.000000E+00</x5><x6>7.958000E-01</x6></dataPoint>
        <dataPoint><x4>1.326600E-01</x4><x5>1.000000E+00</x5><x6>7.958000E-01</x6></dataPoint>
        <dataPoint><x4>2.440000E-01</x4><x5>7.839330E-01</x5><x6>1.139969E+00</x6></dataPoint>
        <dataPoint><x4>2.444802E-01</x4><x5>8.000581E-01</x5><x6>1.106254E+00</x6></dataPoint>
        <dataPoint><x4>2.472692E-01</x4><x5>7.671685E-01</x5><x6>1.176880E+00</x6></dataPoint>
        <dataPoint><x4>2.473990E-01</x4><x5>7.365609E-01</x5><x6>1.249647E+00</x6></dataPoint>
        <dataPoint><x4>2.476368E-01</x4><x5>7.649168E-01</x5><x6>1.181990E+00</x6></dataPoint>
        <dataPoint><x4>2.495139E-01</x4><x5>7.202043E-01</x5><x6>1.291674E+00</x6></dataPoint>
        <dataPoint><x4>2.514214E-01</x4><x5>6.994947E-01</x5><x6>1.348374E+00</x6></dataPoint>
        <dataPoint><x4>2.569468E-01</x4><x5>5.811685E-01</x5><x6>1.770698E+00</x6></dataPoint>
        <dataPoint><x4>2.599705E-01</x4><x5>5.086068E-01</x5><x6>2.153324E+00</x6></dataPoint>
        <dataPoint><x4>2.634539E-01</x4><x5>4.159755E-01</x5><x6>2.889712E+00</x6></dataPoint>
        <dataPoint><x4>2.660667E-01</x4><x5>3.434642E-01</x5><x6>3.820699E+00</x6></dataPoint>
        <dataPoint><x4>2.678437E-01</x4><x5>2.912878E-01</x5><x6>4.854216E+00</x6></dataPoint>
        <dataPoint><x4>2.692126E-01</x4><x5>2.520628E-01</x5><x6>5.985361E+00</x6></dataPoint>
        <dataPoint><x4>2.705648E-01</x4><x5>2.132392E-01</x5><x6>7.616448E+00</x6></dataPoint>
        <dataPoint><x4>2.705649E-01</x4><x5>2.132969E-01</x5><x6>7.619421E+00</x6></dataPoint>
        <dataPoint><x4>2.716238E-01</x4><x5>1.816480E-01</x5><x6>9.594331E+00</x6></dataPoint>
        <dataPoint><x4>2.721751E-01</x4><x5>1.670585E-01</x5><x6>1.081723E+01</x6></dataPoint>
        <dataPoint><x4>2.728136E-01</x4><x5>1.503165E-01</x5><x6>1.257949E+01</x6></dataPoint>
        <dataPoint><x4>2.733912E-01</x4><x5>1.351612E-01</x5><x6>1.463646E+01</x6></dataPoint>
        <dataPoint><x4>2.738112E-01</x4><x5>1.236464E-01</x5><x6>1.661090E+01</x6></dataPoint>
        <dataPoint><x4>2.741850E-01</x4><x5>1.135458E-01</x5><x6>1.874396E+01</x6></dataPoint>
        <dataPoint><x4>2.743992E-01</x4><x5>1.080608E-01</x5><x6>2.010419E+01</x6></dataPoint>
        <dataPoint><x4>2.746171E-01</x4><x5>1.024970E-01</x5><x6>2.166318E+01</x6></dataPoint>
        <dataPoint><x4>2.749140E-01</x4><x5>9.494689E-02</x5><x6>2.413164E+01</x6></dataPoint>
        <dataPoint><x4>2.752295E-01</x4><x5>8.708678E-02</x5><x6>2.725166E+01</x6></dataPoint>
        <dataPoint><x4>2.756056E-01</x4><x5>7.834383E-02</x5><x6>3.161382E+01</x6></dataPoint>
        <dataPoint><x4>2.759846E-01</x4><x5>7.141020E-02</x5><x6>3.599255E+01</x6></dataPoint>
        <dataPoint><x4>2.762364E-01</x4><x5>6.823783E-02</x5><x6>3.835234E+01</x6></dataPoint>
        <dataPoint><x4>2.766933E-01</x4><x5>6.384052E-02</x5><x6>4.208888E+01</x6></dataPoint>
        <dataPoint><x4>2.774114E-01</x4><x5>5.763269E-02</x5><x6>4.853589E+01</x6></dataPoint>
        <dataPoint><x4>2.777559E-01</x4><x5>5.635387E-02</x5><x6>5.007514E+01</x6></dataPoint>
        <dataPoint><x4>2.782000E-01</x4><x5>5.611652E-02</x5><x6>5.037000E+01</x6></dataPoint>
        <dataPoint><x4>2.822000E-01</x4><x5>5.738721E-02</x5><x6>4.882506E+01</x6></dataPoint>
        <dataPoint><x4>2.862000E-01</x4><x5>5.841133E-02</x5><x6>4.763769E+01</x6></dataPoint>
        <dataPoint><x4>2.902000E-01</x4><x5>5.919934E-02</x5><x6>4.675715E+01</x6></dataPoint>
        <dataPoint><x4>2.942000E-01</x4><x5>5.980023E-02</x5><x6>4.610414E+01</x6></dataPoint>
        <dataPoint><x4>2.982000E-01</x4><x5>6.025529E-02</x5><x6>4.561988E+01</x6></dataPoint>
        <dataPoint><x4>3.022000E-01</x4><x5>6.059811E-02</x5><x6>4.526075E+01</x6></dataPoint>
        <dataPoint><x4>3.062000E-01</x4><x5>6.085535E-02</x5><x6>4.499443E+01</x6></dataPoint>
        <dataPoint><x4>3.102000E-01</x4><x5>6.104780E-02</x5><x6>4.479692E+01</x6></dataPoint>
        <dataPoint><x4>3.142000E-01</x4><x5>6.119145E-02</x5><x6>4.465045E+01</x6></dataPoint>
        <dataPoint><x4>3.182000E-01</x4><x5>6.129851E-02</x5><x6>4.454183E+01</x6></dataPoint>
        <dataPoint><x4>3.222000E-01</x4><x5>6.137818E-02</x5><x6>4.446128E+01</x6></dataPoint>
        <dataPoint><x4>3.262000E-01</x4><x5>6.143743E-02</x5><x6>4.440154E+01</x6></dataPoint>
        <dataPoint><x4>3.302000E-01</x4><x5>6.148145E-02</x5><x6>4.435724E+01</x6></dataPoint>
    </dataGroup>
    <dataGroup id="dg2" label="V-t history" dataPointLink="9">
        <property name="time"      id="x4"   label="t"            sourcetype="calculated"  units="s"   />
        <property name="volume"    id="x5"   label="V"            sourcetype="calculated"  units="cm3" />
        <property name="pressure"  id="x6"   label="p"            sourcetype="estimated"   units="bar"  kind="reactive" />

        <dataPoint><x4>0.000000E+00</x4><x5>1.000000E+00</x5><x6>7.446000E-01</x6></dataPoint>
        <dataPoint><x4>1.240000E-01</x4><x5>1.000000E+00</x5><x6>7.446000E-01</x6></dataPoint>
        <dataPoint><x4>2.297933E-01</x4><x5>7.928081E-01</x5><x6>1.049065E+00</x6></dataPoint>
        <dataPoint><x4>2.354126E-01</x4><x5>7.584649E-01</x5><x6>1.119832E+00</x6></dataPoint>
        <dataPoint><x4>2.420790E-01</x4><x5>6.296365E-01</x5><x6>1.472819E+00</x6></dataPoint>
        <dataPoint><x4>2.454536E-01</x4><x5>5.608268E-01</x5><x6>1.745723E+00</x6></dataPoint>
        <dataPoint><x4>2.462955E-01</x4><x5>5.275233E-01</x5><x6>1.909752E+00</x6></dataPoint>
        <dataPoint><x4>2.465033E-01</x4><x5>5.318871E-01</x5><x6>1.886821E+00</x6></dataPoint>
        <dataPoint><x4>2.497189E-01</x4><x5>4.476770E-01</x5><x6>2.428574E+00</x6></dataPoint>
        <dataPoint><x4>2.498448E-01</x4><x5>4.528974E-01</x5><x6>2.387742E+00</x6></dataPoint>
        <dataPoint><x4>2.522752E-01</x4><x5>3.858981E-01</x5><x6>3.016777E+00</x6></dataPoint>
        <dataPoint><x4>2.541237E-01</x4><x5>3.353239E-01</x5><x6>3.701792E+00</x6></dataPoint>
        <dataPoint><x4>2.550974E-01</x4><x5>3.083591E-01</x5><x6>4.181481E+00</x6></dataPoint>
        <dataPoint><x4>2.559939E-01</x4><x5>2.846242E-01</x5><x6>4.696827E+00</x6></dataPoint>
        <dataPoint><x4>2.569931E-01</x4><x5>2.552224E-01</x5><x6>5.500166E+00</x6></dataPoint>
        <dataPoint><x4>2.572001E-01</x4><x5>2.511508E-01</x5><x6>5.629574E+00</x6></dataPoint>
        <dataPoint><x4>2.580560E-01</x4><x5>2.259265E-01</x5><x6>6.559248E+00</x6></dataPoint>
        <dataPoint><x4>2.590778E-01</x4><x5>1.970627E-01</x5><x6>7.985956E+00</x6></dataPoint>
        <dataPoint><x4>2.599806E-01</x4><x5>1.734798E-01</x5><x6>9.588814E+00</x6></dataPoint>
        <dataPoint><x4>2.607098E-01</x4><x5>1.545545E-01</x5><x6>1.131168E+01</x6></dataPoint>
        <dataPoint><x4>2.609910E-01</x4><x5>1.477332E-01</x5><x6>1.206446E+01</x6></dataPoint>
        <dataPoint><x4>2.615455E-01</x4><x5>1.336593E-01</x5><x6>1.391369E+01</x6></dataPoint>
        <dataPoint><x4>2.619869E-01</x4><x5>1.223462E-01</x5><x6>1.577645E+01</x6></dataPoint>
        <dataPoint><x4>2.623889E-01</x4><x5>1.122378E-01</x5><x6>1.782727E+01</x6></dataPoint>
        <dataPoint><x4>2.626016E-01</x4><x5>1.062692E-01</x5><x6>1.925971E+01</x6></dataPoint>
        <dataPoint><x4>2.628202E-01</x4><x5>1.014416E-01</x5><x6>2.056676E+01</x6></dataPoint>
        <dataPoint><x4>2.632192E-01</x4><x5>9.139151E-02</x5><x6>2.382440E+01</x6></dataPoint>
        <dataPoint><x4>2.635902E-01</x4><x5>8.274799E-02</x5><x6>2.739432E+01</x6></dataPoint>
        <dataPoint><x4>2.641971E-01</x4><x5>7.031560E-02</x5><x6>3.441005E+01</x6></dataPoint>
        <dataPoint><x4>2.644617E-01</x4><x5>6.660095E-02</x5><x6>3.712016E+01</x6></dataPoint>
        <dataPoint><x4>2.650831E-01</x4><x5>6.099448E-02</x5><x6>4.196332E+01</x6></dataPoint>
        <dataPoint><x4>2.657693E-01</x4><x5>5.554640E-02</x5><x6>4.780046E+01</x6></dataPoint>
        <dataPoint><x4>2.660106E-01</x4><x5>5.426586E-02</x5><x6>4.937587E+01</x6></dataPoint>
        <dataPoint><x4>2.664000E-01</x4><x5>5.354663E-02</x5><x6>5.030000E+01</x6></dataPoint>
        <dataPoint><x4>2.704000E-01</x4><x5>5.476205E-02</x5><x6>4.875506E+01</x6></dataPoint>
        <dataPoint><x4>2.744000E-01</x4><x5>5.574171E-02</x5><x6>4.756769E+01</x6></dataPoint>
        <dataPoint><x4>2.784000E-01</x4><x5>5.649557E-02</x5><x6>4.668715E+01</x6></dataPoint>
        <dataPoint><x4>2.824000E-01</x4><x5>5.707045E-02</x5><x6>4.603414E+01</x6></dataPoint>
        <dataPoint><x4>2.864000E-01</x4><x5>5.750584E-02</x5><x6>4.554988E+01</x6></dataPoint>
        <dataPoint><x4>2.904000E-01</x4><x5>5.783384E-02</x5><x6>4.519075E+01</x6></dataPoint>
        <dataPoint><x4>2.944000E-01</x4><x5>5.807997E-02</x5><x6>4.492443E+01</x6></dataPoint>
        <dataPoint><x4>2.984000E-01</x4><x5>5.826411E-02</x5><x6>4.472692E+01</x6></dataPoint>
        <dataPoint><x4>3.024000E-01</x4><x5>5.840156E-02</x5><x6>4.458045E+01</x6></dataPoint>
        <dataPoint><x4>3.064000E-01</x4><x5>5.850400E-02</x5><x6>4.447183E+01</x6></dataPoint>
        <dataPoint><x4>3.104000E-01</x4><x5>5.858023E-02</x5><x6>4.439128E+01</x6></dataPoint>
        <dataPoint><x4>3.144000E-01</x4><x5>5.863693E-02</x5><x6>4.433154E+01</x6></dataPoint>
        <dataPoint><x4>3.184000E-01</x4><x5>5.867905E-02</x5><x6>4.428724E+01</x6></dataPoint>
    </dataGroup>
</experiment>
