<experiment>
    <fileAuthor>Chemical Kinetics Laboratory, Institute of Chemistry, ELTE, Budapest, Hungary</fileAuthor>
    <fileDOI>10.24388/x40004053</fileDOI>
    <fileVersion>
        <major>2</major>
        <minor>3</minor>
    </fileVersion>
    <ReSpecThVersion>
        <major>2</major>
        <minor>3</minor>
    </ReSpecThVersion>
    <firstPublicationDate>2020-09-08</firstPublicationDate>
    <lastModificationDate>2020-11-18</lastModificationDate>
    <bibliographyLink>
        <description>S. Gersen, H. Darmeveil, H. Levinsky, Combustion and Flame 159 (2012), 3472–3475.</description>
        <referenceDOI>10.1016/j.combustflame.2012.06.021</referenceDOI>
        <location>Main Article + Supplementary + Personal Communication</location>
        <table>Supplementary material, Appendix A, Appendix B</table>
        <figure>Fig. 2, Pc = 40 bar, phi = 1.0, CH4:H2:CO = 5:3:2 series</figure>
        <details>
            <author>S. Gersen, H. Darmeveil, H. Levinsky</author>
            <journal>Combust Flame</journal>
            <pages>3472–-3475</pages>
            <title>The effects of CO addition on the autoignition of H2, CH4 and CH4/H2 fuels at high pressure in an RCM</title>
            <volume>159</volume>
            <year>2012</year>
        </details>
    </bibliographyLink>
    <experimentType>ignition delay measurement</experimentType>
    <apparatus>
        <kind>rapid compression machine</kind>
    </apparatus>
    <commonProperties>
        <property name="initial composition"           sourcetype="reported"  >
            <component><speciesLink preferredKey="CH4"  CAS="74-82-8"    InChI="1S/CH4/h1H4"  SMILES="C"          chemName="methane"         /><amount units="mole fraction" >0.069</amount></component>
            <component><speciesLink preferredKey="H2"   CAS="1333-74-0"  InChI="1S/H2/h1H"    SMILES="[HH]"       chemName="hydrogen"        /><amount units="mole fraction" >0.041</amount></component>
            <component><speciesLink preferredKey="CO"   CAS="630-08-0"   InChI="1S/CO/c1-2"   SMILES="[C-]#[O+]"  chemName="carbon monoxide" /><amount units="mole fraction" >0.028</amount></component>
            <component><speciesLink preferredKey="O2"   CAS="7782-44-7"  InChI="1S/O2/c1-2"   SMILES="O=O"        chemName="oxygen"          /><amount units="mole fraction" >0.172</amount></component>
            <component><speciesLink preferredKey="N2"   CAS="7727-37-9"  InChI="1S/N2/c1-2"   SMILES="N#N"        chemName="nitrogen"        /><amount units="mole fraction" >0.300</amount></component>
            <component><speciesLink preferredKey="Ar"   CAS="7440-37-1"  InChI="1S/Ar"        SMILES="[Ar]"       chemName="argon"           /><amount units="mole fraction" >0.390</amount></component>
        </property>
        <property name="evaluated standard deviation"  sourcetype="estimated"  units="unitless"       reference="ignition delay"  kind="relative"  method="generic uncertainty" ><value>0.1</value></property>
    </commonProperties>
    <dataGroup id="dg1" label="measured data">
        <property name="pressure"        id="x1"   label="P"              sourcetype="reported"  units="bar" />
        <property name="temperature"     id="x2"   label="T"              sourcetype="reported"  units="K"   />
        <property name="ignition delay"  id="x3"   label="tau"            sourcetype="reported"  units="ms"  />

        <dataPoint><x1>0.80</x1><x2>294.95</x2><x3>26.4</x3></dataPoint>
        <dataPoint><x1>0.74</x1><x2>295.05</x2><x3>14.2</x3></dataPoint>
        <dataPoint><x1>0.69</x1><x2>295.15</x2> <x3>7.4</x3></dataPoint>
        <dataPoint><x1>0.65</x1><x2>294.55</x2> <x3>5.0</x3></dataPoint>
        <dataPoint><x1>0.61</x1><x2>295.25</x2> <x3>3.2</x3></dataPoint>
        <dataPoint><x1>0.57</x1><x2>295.25</x2> <x3>1.6</x3></dataPoint>
        <dataPoint><x1>0.54</x1><x2>295.25</x2> <x3>0.9</x3></dataPoint>
    </dataGroup>
    <ignitionType target="p;" type="d/dt max"/>
    <dataGroup id="dg2" label="V-t history" dataPointLink="1">
        <property name="time"      id="x4"   label="t"            sourcetype="calculated"  units="s"   />
        <property name="volume"    id="x5"   label="V"            sourcetype="calculated"  units="cm3" />
        <property name="pressure"  id="x6"   label="p"            sourcetype="estimated"   units="bar"  kind="reactive" />

        <dataPoint><x4>0.000000E+00</x4><x5>1.000000E+00</x5><x6>8.000000E-01</x6></dataPoint>
        <dataPoint><x4>1.190000E-01</x4><x5>1.000000E+00</x5><x6>8.000000E-01</x6></dataPoint>
        <dataPoint><x4>2.492000E-01</x4><x5>7.509953E-01</x5><x6>1.214933E+00</x6></dataPoint>
        <dataPoint><x4>2.540051E-01</x4><x5>6.680183E-01</x5><x6>1.440535E+00</x6></dataPoint>
        <dataPoint><x4>2.597823E-01</x4><x5>5.576961E-01</x5><x6>1.871884E+00</x6></dataPoint>
        <dataPoint><x4>2.607081E-01</x4><x5>5.454249E-01</x5><x6>1.933196E+00</x6></dataPoint>
        <dataPoint><x4>2.645572E-01</x4><x5>4.499510E-01</x5><x6>2.553214E+00</x6></dataPoint>
        <dataPoint><x4>2.681690E-01</x4><x5>3.620806E-01</x5><x6>3.490884E+00</x6></dataPoint>
        <dataPoint><x4>2.704331E-01</x4><x5>3.057678E-01</x5><x6>4.448138E+00</x6></dataPoint>
        <dataPoint><x4>2.730225E-01</x4><x5>2.400068E-01</x5><x6>6.283439E+00</x6></dataPoint>
        <dataPoint><x4>2.755497E-01</x4><x5>1.797052E-01</x5><x6>9.466758E+00</x6></dataPoint>
        <dataPoint><x4>2.757814E-01</x4><x5>1.719607E-01</x5><x6>1.007337E+01</x6></dataPoint>
        <dataPoint><x4>2.760608E-01</x4><x5>1.663509E-01</x5><x6>1.055506E+01</x6></dataPoint>
        <dataPoint><x4>2.765821E-01</x4><x5>1.532061E-01</x5><x6>1.185012E+01</x6></dataPoint>
        <dataPoint><x4>2.771954E-01</x4><x5>1.384868E-01</x5><x6>1.365312E+01</x6></dataPoint>
        <dataPoint><x4>2.780132E-01</x4><x5>1.187183E-01</x5><x6>1.693019E+01</x6></dataPoint>
        <dataPoint><x4>2.785911E-01</x4><x5>1.058538E-01</x5><x6>1.985872E+01</x6></dataPoint>
        <dataPoint><x4>2.789881E-01</x4><x5>9.725180E-02</x5><x6>2.233560E+01</x6></dataPoint>
        <dataPoint><x4>2.799531E-01</x4><x5>7.985638E-02</x5><x6>2.932151E+01</x6></dataPoint>
        <dataPoint><x4>2.816337E-01</x4><x5>6.574243E-02</x5><x6>3.829629E+01</x6></dataPoint>
        <dataPoint><x4>2.818002E-01</x4><x5>6.481205E-02</x5><x6>3.905090E+01</x6></dataPoint>
        <dataPoint><x4>2.820107E-01</x4><x5>6.404694E-02</x5><x6>3.969074E+01</x6></dataPoint>
        <dataPoint><x4>2.823848E-01</x4><x5>6.348692E-02</x5><x6>4.017053E+01</x6></dataPoint>
        <dataPoint><x4>2.830000E-01</x4><x5>6.336074E-02</x5><x6>4.028000E+01</x6></dataPoint>
        <dataPoint><x4>2.870000E-01</x4><x5>6.468925E-02</x5><x6>3.915240E+01</x6></dataPoint>
        <dataPoint><x4>2.910000E-01</x4><x5>6.584620E-02</x5><x6>3.821368E+01</x6></dataPoint>
        <dataPoint><x4>2.950000E-01</x4><x5>6.679460E-02</x5><x6>3.747250E+01</x6></dataPoint>
        <dataPoint><x4>2.990000E-01</x4><x5>6.756640E-02</x5><x6>3.688728E+01</x6></dataPoint>
        <dataPoint><x4>3.030000E-01</x4><x5>6.819073E-02</x5><x6>3.642522E+01</x6></dataPoint>
        <dataPoint><x4>3.070000E-01</x4><x5>6.869333E-02</x5><x6>3.606038E+01</x6></dataPoint>
        <dataPoint><x4>3.110000E-01</x4><x5>6.909636E-02</x5><x6>3.577232E+01</x6></dataPoint>
        <dataPoint><x4>3.150000E-01</x4><x5>6.941851E-02</x5><x6>3.554487E+01</x6></dataPoint>
        <dataPoint><x4>3.190000E-01</x4><x5>6.967537E-02</x5><x6>3.536529E+01</x6></dataPoint>
        <dataPoint><x4>3.230000E-01</x4><x5>6.987976E-02</x5><x6>3.522350E+01</x6></dataPoint>
        <dataPoint><x4>3.270000E-01</x4><x5>7.004214E-02</x5><x6>3.511154E+01</x6></dataPoint>
        <dataPoint><x4>3.310000E-01</x4><x5>7.017098E-02</x5><x6>3.502314E+01</x6></dataPoint>
        <dataPoint><x4>3.350000E-01</x4><x5>7.027309E-02</x5><x6>3.495335E+01</x6></dataPoint>
        <dataPoint><x4>3.390000E-01</x4><x5>7.035397E-02</x5><x6>3.489824E+01</x6></dataPoint>
        <dataPoint><x4>3.430000E-01</x4><x5>7.041798E-02</x5><x6>3.485473E+01</x6></dataPoint>
    </dataGroup>
    <dataGroup id="dg2" label="V-t history" dataPointLink="2">
        <property name="time"      id="x4"   label="t"            sourcetype="calculated"  units="s"   />
        <property name="volume"    id="x5"   label="V"            sourcetype="calculated"  units="cm3" />
        <property name="pressure"  id="x6"   label="p"            sourcetype="estimated"   units="bar"  kind="reactive" />

        <dataPoint><x4>0.000000E+00</x4><x5>1.000000E+00</x5><x6>7.400000E-01</x6></dataPoint>
        <dataPoint><x4>1.294000E-01</x4><x5>1.000000E+00</x5><x6>7.400000E-01</x6></dataPoint>
        <dataPoint><x4>2.674000E-01</x4><x5>7.560338E-01</x5><x6>1.112920E+00</x6></dataPoint>
        <dataPoint><x4>2.746000E-01</x4><x5>6.561724E-01</x5><x6>1.367584E+00</x6></dataPoint>
        <dataPoint><x4>2.772508E-01</x4><x5>6.000970E-01</x5><x6>1.556967E+00</x6></dataPoint>
        <dataPoint><x4>2.795025E-01</x4><x5>5.611909E-01</x5><x6>1.715875E+00</x6></dataPoint>
        <dataPoint><x4>2.850359E-01</x4><x5>4.541719E-01</x5><x6>2.330083E+00</x6></dataPoint>
        <dataPoint><x4>2.896832E-01</x4><x5>3.461882E-01</x5><x6>3.443918E+00</x6></dataPoint>
        <dataPoint><x4>2.909618E-01</x4><x5>3.083734E-01</x5><x6>4.064780E+00</x6></dataPoint>
        <dataPoint><x4>2.922779E-01</x4><x5>2.808214E-01</x5><x6>4.646619E+00</x6></dataPoint>
        <dataPoint><x4>2.941218E-01</x4><x5>2.341826E-01</x5><x6>6.018570E+00</x6></dataPoint>
        <dataPoint><x4>2.951963E-01</x4><x5>2.105703E-01</x5><x6>6.998351E+00</x6></dataPoint>
        <dataPoint><x4>2.958122E-01</x4><x5>1.976711E-01</x5><x6>7.653600E+00</x6></dataPoint>
        <dataPoint><x4>2.960031E-01</x4><x5>1.933188E-01</x5><x6>7.898402E+00</x6></dataPoint>
        <dataPoint><x4>2.962034E-01</x4><x5>1.899103E-01</x5><x6>8.099503E+00</x6></dataPoint>
        <dataPoint><x4>2.968951E-01</x4><x5>1.736912E-01</x5><x6>9.186960E+00</x6></dataPoint>
        <dataPoint><x4>2.974232E-01</x4><x5>1.613087E-01</x5><x6>1.019513E+01</x6></dataPoint>
        <dataPoint><x4>2.977660E-01</x4><x5>1.530904E-01</x5><x6>1.097253E+01</x6></dataPoint>
        <dataPoint><x4>2.982294E-01</x4><x5>1.423877E-01</x5><x6>1.214666E+01</x6></dataPoint>
        <dataPoint><x4>2.986364E-01</x4><x5>1.330526E-01</x5><x6>1.335603E+01</x6></dataPoint>
        <dataPoint><x4>2.991837E-01</x4><x5>1.209850E-01</x5><x6>1.525220E+01</x6></dataPoint>
        <dataPoint><x4>2.995718E-01</x4><x5>1.125317E-01</x5><x6>1.687107E+01</x6></dataPoint>
        <dataPoint><x4>3.033320E-01</x4><x5>6.165285E-02</x5><x6>3.867484E+01</x6></dataPoint>
        <dataPoint><x4>3.048000E-01</x4><x5>6.027279E-02</x5><x6>3.989000E+01</x6></dataPoint>
        <dataPoint><x4>3.088000E-01</x4><x5>6.155093E-02</x5><x6>3.876240E+01</x6></dataPoint>
        <dataPoint><x4>3.128000E-01</x4><x5>6.266456E-02</x5><x6>3.782368E+01</x6></dataPoint>
        <dataPoint><x4>3.168000E-01</x4><x5>6.357784E-02</x5><x6>3.708250E+01</x6></dataPoint>
        <dataPoint><x4>3.208000E-01</x4><x5>6.432132E-02</x5><x6>3.649728E+01</x6></dataPoint>
        <dataPoint><x4>3.248000E-01</x4><x5>6.492291E-02</x5><x6>3.603522E+01</x6></dataPoint>
        <dataPoint><x4>3.288000E-01</x4><x5>6.540731E-02</x5><x6>3.567038E+01</x6></dataPoint>
        <dataPoint><x4>3.328000E-01</x4><x5>6.579581E-02</x5><x6>3.538232E+01</x6></dataPoint>
        <dataPoint><x4>3.368000E-01</x4><x5>6.610640E-02</x5><x6>3.515487E+01</x6></dataPoint>
        <dataPoint><x4>3.408000E-01</x4><x5>6.635407E-02</x5><x6>3.497529E+01</x6></dataPoint>
        <dataPoint><x4>3.448000E-01</x4><x5>6.655116E-02</x5><x6>3.483350E+01</x6></dataPoint>
        <dataPoint><x4>3.488000E-01</x4><x5>6.670776E-02</x5><x6>3.472154E+01</x6></dataPoint>
        <dataPoint><x4>3.528000E-01</x4><x5>6.683201E-02</x5><x6>3.463314E+01</x6></dataPoint>
        <dataPoint><x4>3.568000E-01</x4><x5>6.693050E-02</x5><x6>3.456335E+01</x6></dataPoint>
        <dataPoint><x4>3.608000E-01</x4><x5>6.700850E-02</x5><x6>3.450824E+01</x6></dataPoint>
        <dataPoint><x4>3.648000E-01</x4><x5>6.707025E-02</x5><x6>3.446473E+01</x6></dataPoint>
    </dataGroup>
    <dataGroup id="dg2" label="V-t history" dataPointLink="3">
        <property name="time"      id="x4"   label="t"            sourcetype="calculated"  units="s"   />
        <property name="volume"    id="x5"   label="V"            sourcetype="calculated"  units="cm3" />
        <property name="pressure"  id="x6"   label="p"            sourcetype="estimated"   units="bar"  kind="reactive" />

        <dataPoint><x4>0.000000E+00</x4><x5>1.000000E+00</x5><x6>6.900000E-01</x6></dataPoint>
        <dataPoint><x4>1.174000E-01</x4><x5>1.000000E+00</x5><x6>6.900000E-01</x6></dataPoint>
        <dataPoint><x4>2.786000E-01</x4><x5>7.850867E-01</x5><x6>9.822573E-01</x6></dataPoint>
        <dataPoint><x4>2.904039E-01</x4><x5>5.847546E-01</x5><x6>1.507323E+00</x6></dataPoint>
        <dataPoint><x4>2.942659E-01</x4><x5>5.064018E-01</x5><x6>1.856455E+00</x6></dataPoint>
        <dataPoint><x4>2.994857E-01</x4><x5>3.949988E-01</x5><x6>2.656738E+00</x6></dataPoint>
        <dataPoint><x4>3.030250E-01</x4><x5>3.117873E-01</x5><x6>3.730797E+00</x6></dataPoint>
        <dataPoint><x4>3.055942E-01</x4><x5>2.525783E-01</x5><x6>5.039417E+00</x6></dataPoint>
        <dataPoint><x4>3.078991E-01</x4><x5>2.009489E-01</x5><x6>6.972081E+00</x6></dataPoint>
        <dataPoint><x4>3.089603E-01</x4><x5>1.775908E-01</x5><x6>8.301910E+00</x6></dataPoint>
        <dataPoint><x4>3.096347E-01</x4><x5>1.623174E-01</x5><x6>9.422907E+00</x6></dataPoint>
        <dataPoint><x4>3.100022E-01</x4><x5>1.532015E-01</x5><x6>1.022029E+01</x6></dataPoint>
        <dataPoint><x4>3.102646E-01</x4><x5>1.490752E-01</x5><x6>1.061957E+01</x6></dataPoint>
        <dataPoint><x4>3.111250E-01</x4><x5>1.297625E-01</x5><x6>1.289656E+01</x6></dataPoint>
        <dataPoint><x4>3.118478E-01</x4><x5>1.135308E-01</x5><x6>1.553805E+01</x6></dataPoint>
        <dataPoint><x4>3.120095E-01</x4><x5>1.102285E-01</x5><x6>1.618927E+01</x6></dataPoint>
        <dataPoint><x4>3.124121E-01</x4><x5>1.016846E-01</x5><x6>1.810841E+01</x6></dataPoint>
        <dataPoint><x4>3.128340E-01</x4><x5>9.343802E-02</x5><x6>2.035894E+01</x6></dataPoint>
        <dataPoint><x4>3.132209E-01</x4><x5>8.573164E-02</x5><x6>2.292969E+01</x6></dataPoint>
        <dataPoint><x4>3.140189E-01</x4><x5>7.334910E-02</x5><x6>2.842186E+01</x6></dataPoint>
        <dataPoint><x4>3.143153E-01</x4><x5>7.026976E-02</x5><x6>3.014523E+01</x6></dataPoint>
        <dataPoint><x4>3.162136E-01</x4><x5>5.811420E-02</x5><x6>3.909117E+01</x6></dataPoint>
        <dataPoint><x4>3.164276E-01</x4><x5>5.743619E-02</x5><x6>3.972225E+01</x6></dataPoint>
        <dataPoint><x4>3.170000E-01</x4><x5>5.690395E-02</x5><x6>4.023000E+01</x6></dataPoint>
        <dataPoint><x4>3.210000E-01</x4><x5>5.810198E-02</x5><x6>3.910240E+01</x6></dataPoint>
        <dataPoint><x4>3.250000E-01</x4><x5>5.914544E-02</x5><x6>3.816368E+01</x6></dataPoint>
        <dataPoint><x4>3.290000E-01</x4><x5>6.000093E-02</x5><x6>3.742250E+01</x6></dataPoint>
        <dataPoint><x4>3.330000E-01</x4><x5>6.069718E-02</x5><x6>3.683728E+01</x6></dataPoint>
        <dataPoint><x4>3.370000E-01</x4><x5>6.126045E-02</x5><x6>3.637522E+01</x6></dataPoint>
        <dataPoint><x4>3.410000E-01</x4><x5>6.171393E-02</x5><x6>3.601038E+01</x6></dataPoint>
        <dataPoint><x4>3.450000E-01</x4><x5>6.207757E-02</x5><x6>3.572232E+01</x6></dataPoint>
        <dataPoint><x4>3.490000E-01</x4><x5>6.236826E-02</x5><x6>3.549487E+01</x6></dataPoint>
        <dataPoint><x4>3.530000E-01</x4><x5>6.260005E-02</x5><x6>3.531529E+01</x6></dataPoint>
        <dataPoint><x4>3.570000E-01</x4><x5>6.278449E-02</x5><x6>3.517350E+01</x6></dataPoint>
        <dataPoint><x4>3.610000E-01</x4><x5>6.293102E-02</x5><x6>3.506154E+01</x6></dataPoint>
        <dataPoint><x4>3.650000E-01</x4><x5>6.304728E-02</x5><x6>3.497314E+01</x6></dataPoint>
        <dataPoint><x4>3.690000E-01</x4><x5>6.313943E-02</x5><x6>3.490335E+01</x6></dataPoint>
        <dataPoint><x4>3.730000E-01</x4><x5>6.321242E-02</x5><x6>3.484824E+01</x6></dataPoint>
        <dataPoint><x4>3.770000E-01</x4><x5>6.327019E-02</x5><x6>3.480473E+01</x6></dataPoint>
    </dataGroup>
    <dataGroup id="dg2" label="V-t history" dataPointLink="4">
        <property name="time"      id="x4"   label="t"            sourcetype="calculated"  units="s"   />
        <property name="volume"    id="x5"   label="V"            sourcetype="calculated"  units="cm3" />
        <property name="pressure"  id="x6"   label="p"            sourcetype="estimated"   units="bar"  kind="reactive" />

        <dataPoint><x4>0.000000E+00</x4><x5>1.000000E+00</x5><x6>6.500000E-01</x6></dataPoint>
        <dataPoint><x4>1.313000E-01</x4><x5>1.000000E+00</x5><x6>6.500000E-01</x6></dataPoint>
        <dataPoint><x4>2.718000E-01</x4><x5>8.418765E-01</x5><x6>8.357579E-01</x6></dataPoint>
        <dataPoint><x4>2.893191E-01</x4><x5>5.542606E-01</x5><x6>1.534643E+00</x6></dataPoint>
        <dataPoint><x4>2.957776E-01</x4><x5>4.103735E-01</x5><x6>2.369089E+00</x6></dataPoint>
        <dataPoint><x4>2.975141E-01</x4><x5>3.660473E-01</x5><x6>2.792504E+00</x6></dataPoint>
        <dataPoint><x4>3.007683E-01</x4><x5>2.944059E-01</x5><x6>3.815587E+00</x6></dataPoint>
        <dataPoint><x4>3.025215E-01</x4><x5>2.542333E-01</x5><x6>4.704114E+00</x6></dataPoint>
        <dataPoint><x4>3.040936E-01</x4><x5>2.187915E-01</x5><x6>5.823228E+00</x6></dataPoint>
        <dataPoint><x4>3.055092E-01</x4><x5>1.902204E-01</x5><x6>7.099323E+00</x6></dataPoint>
        <dataPoint><x4>3.068568E-01</x4><x5>1.611346E-01</x5><x6>8.970636E+00</x6></dataPoint>
        <dataPoint><x4>3.076213E-01</x4><x5>1.445595E-01</x5><x6>1.044771E+01</x6></dataPoint>
        <dataPoint><x4>3.078007E-01</x4><x5>1.399631E-01</x5><x6>1.093164E+01</x6></dataPoint>
        <dataPoint><x4>3.079906E-01</x4><x5>1.365101E-01</x5><x6>1.132072E+01</x6></dataPoint>
        <dataPoint><x4>3.087635E-01</x4><x5>1.202682E-01</x5><x6>1.351203E+01</x6></dataPoint>
        <dataPoint><x4>3.094852E-01</x4><x5>1.052950E-01</x5><x6>1.625774E+01</x6></dataPoint>
        <dataPoint><x4>3.103112E-01</x4><x5>8.931225E-02</x5><x6>2.042135E+01</x6></dataPoint>
        <dataPoint><x4>3.115461E-01</x4><x5>6.945515E-02</x5><x6>2.886700E+01</x6></dataPoint>
        <dataPoint><x4>3.117631E-01</x4><x5>6.748448E-02</x5><x6>3.002887E+01</x6></dataPoint>
        <dataPoint><x4>3.132374E-01</x4><x5>5.796421E-02</x5><x6>3.697096E+01</x6></dataPoint>
        <dataPoint><x4>3.135989E-01</x4><x5>5.627147E-02</x5><x6>3.849665E+01</x6></dataPoint>
        <dataPoint><x4>3.138005E-01</x4><x5>5.559014E-02</x5><x6>3.914153E+01</x6></dataPoint>
        <dataPoint><x4>3.140228E-01</x4><x5>5.508044E-02</x5><x6>3.963617E+01</x6></dataPoint>
        <dataPoint><x4>3.148000E-01</x4><x5>5.484328E-02</x5><x6>3.987000E+01</x6></dataPoint>
        <dataPoint><x4>3.188000E-01</x4><x5>5.600954E-02</x5><x6>3.874240E+01</x6></dataPoint>
        <dataPoint><x4>3.228000E-01</x4><x5>5.702579E-02</x5><x6>3.780368E+01</x6></dataPoint>
        <dataPoint><x4>3.268000E-01</x4><x5>5.785928E-02</x5><x6>3.706250E+01</x6></dataPoint>
        <dataPoint><x4>3.308000E-01</x4><x5>5.853785E-02</x5><x6>3.647728E+01</x6></dataPoint>
        <dataPoint><x4>3.348000E-01</x4><x5>5.908694E-02</x5><x6>3.601522E+01</x6></dataPoint>
        <dataPoint><x4>3.388000E-01</x4><x5>5.952910E-02</x5><x6>3.565038E+01</x6></dataPoint>
        <dataPoint><x4>3.428000E-01</x4><x5>5.988373E-02</x5><x6>3.536232E+01</x6></dataPoint>
        <dataPoint><x4>3.468000E-01</x4><x5>6.016725E-02</x5><x6>3.513487E+01</x6></dataPoint>
        <dataPoint><x4>3.508000E-01</x4><x5>6.039334E-02</x5><x6>3.495529E+01</x6></dataPoint>
        <dataPoint><x4>3.548000E-01</x4><x5>6.057326E-02</x5><x6>3.481350E+01</x6></dataPoint>
        <dataPoint><x4>3.588000E-01</x4><x5>6.071622E-02</x5><x6>3.470154E+01</x6></dataPoint>
        <dataPoint><x4>3.628000E-01</x4><x5>6.082965E-02</x5><x6>3.461314E+01</x6></dataPoint>
        <dataPoint><x4>3.668000E-01</x4><x5>6.091956E-02</x5><x6>3.454335E+01</x6></dataPoint>
        <dataPoint><x4>3.708000E-01</x4><x5>6.099077E-02</x5><x6>3.448824E+01</x6></dataPoint>
        <dataPoint><x4>3.748000E-01</x4><x5>6.104713E-02</x5><x6>3.444473E+01</x6></dataPoint>
    </dataGroup>
    <dataGroup id="dg2" label="V-t history" dataPointLink="5">
        <property name="time"      id="x4"   label="t"            sourcetype="calculated"  units="s"   />
        <property name="volume"    id="x5"   label="V"            sourcetype="calculated"  units="cm3" />
        <property name="pressure"  id="x6"   label="p"            sourcetype="estimated"   units="bar"  kind="reactive" />

        <dataPoint><x4>0.000000E+00</x4><x5>1.000000E+00</x5><x6>6.100000E-01</x6></dataPoint>
        <dataPoint><x4>1.544000E-01</x4><x5>1.000000E+00</x5><x6>6.100000E-01</x6></dataPoint>
        <dataPoint><x4>2.738000E-01</x4><x5>7.691713E-01</x5><x6>8.946679E-01</x6></dataPoint>
        <dataPoint><x4>2.801122E-01</x4><x5>6.974885E-01</x5><x6>1.031569E+00</x6></dataPoint>
        <dataPoint><x4>2.846025E-01</x4><x5>6.224447E-01</x5><x6>1.217103E+00</x6></dataPoint>
        <dataPoint><x4>2.894661E-01</x4><x5>5.420906E-01</x5><x6>1.487164E+00</x6></dataPoint>
        <dataPoint><x4>2.953264E-01</x4><x5>4.319077E-01</x5><x6>2.065115E+00</x6></dataPoint>
        <dataPoint><x4>3.012812E-01</x4><x5>3.085210E-01</x5><x6>3.348252E+00</x6></dataPoint>
        <dataPoint><x4>3.041609E-01</x4><x5>2.396559E-01</x5><x6>4.800679E+00</x6></dataPoint>
        <dataPoint><x4>3.050214E-01</x4><x5>2.225974E-01</x5><x6>5.331593E+00</x6></dataPoint>
        <dataPoint><x4>3.068398E-01</x4><x5>1.861799E-01</x5><x6>6.865864E+00</x6></dataPoint>
        <dataPoint><x4>3.078123E-01</x4><x5>1.658969E-01</x5><x6>8.078287E+00</x6></dataPoint>
        <dataPoint><x4>3.084112E-01</x4><x5>1.531680E-01</x5><x6>9.037725E+00</x6></dataPoint>
        <dataPoint><x4>3.092847E-01</x4><x5>1.357821E-01</x5><x6>1.070040E+01</x6></dataPoint>
        <dataPoint><x4>3.098108E-01</x4><x5>1.251175E-01</x5><x6>1.199612E+01</x6></dataPoint>
        <dataPoint><x4>3.104061E-01</x4><x5>1.133029E-01</x5><x6>1.377428E+01</x6></dataPoint>
        <dataPoint><x4>3.110175E-01</x4><x5>1.015727E-01</x5><x6>1.603245E+01</x6></dataPoint>
        <dataPoint><x4>3.113861E-01</x4><x5>9.448036E-02</x5><x6>1.772333E+01</x6></dataPoint>
        <dataPoint><x4>3.118029E-01</x4><x5>8.692858E-02</x5><x6>1.988581E+01</x6></dataPoint>
        <dataPoint><x4>3.122155E-01</x4><x5>7.983671E-02</x5><x6>2.236104E+01</x6></dataPoint>
        <dataPoint><x4>3.133039E-01</x4><x5>6.469704E-02</x5><x6>2.984265E+01</x6></dataPoint>
        <dataPoint><x4>3.153560E-01</x4><x5>5.304374E-02</x5><x6>3.913648E+01</x6></dataPoint>
        <dataPoint><x4>3.158083E-01</x4><x5>5.206342E-02</x5><x6>4.014324E+01</x6></dataPoint>
        <dataPoint><x4>3.166000E-01</x4><x5>5.168859E-02</x5><x6>4.054000E+01</x6></dataPoint>
        <dataPoint><x4>3.206000E-01</x4><x5>5.277079E-02</x5><x6>3.941240E+01</x6></dataPoint>
        <dataPoint><x4>3.246000E-01</x4><x5>5.371311E-02</x5><x6>3.847368E+01</x6></dataPoint>
        <dataPoint><x4>3.286000E-01</x4><x5>5.448549E-02</x5><x6>3.773250E+01</x6></dataPoint>
        <dataPoint><x4>3.326000E-01</x4><x5>5.511399E-02</x5><x6>3.714728E+01</x6></dataPoint>
        <dataPoint><x4>3.366000E-01</x4><x5>5.562236E-02</x5><x6>3.668522E+01</x6></dataPoint>
        <dataPoint><x4>3.406000E-01</x4><x5>5.603159E-02</x5><x6>3.632038E+01</x6></dataPoint>
        <dataPoint><x4>3.446000E-01</x4><x5>5.635972E-02</x5><x6>3.603232E+01</x6></dataPoint>
        <dataPoint><x4>3.486000E-01</x4><x5>5.662199E-02</x5><x6>3.580487E+01</x6></dataPoint>
        <dataPoint><x4>3.526000E-01</x4><x5>5.683111E-02</x5><x6>3.562529E+01</x6></dataPoint>
        <dataPoint><x4>3.566000E-01</x4><x5>5.699750E-02</x5><x6>3.548350E+01</x6></dataPoint>
        <dataPoint><x4>3.606000E-01</x4><x5>5.712968E-02</x5><x6>3.537154E+01</x6></dataPoint>
        <dataPoint><x4>3.646000E-01</x4><x5>5.723456E-02</x5><x6>3.528314E+01</x6></dataPoint>
        <dataPoint><x4>3.686000E-01</x4><x5>5.731769E-02</x5><x6>3.521335E+01</x6></dataPoint>
        <dataPoint><x4>3.726000E-01</x4><x5>5.738352E-02</x5><x6>3.515824E+01</x6></dataPoint>
        <dataPoint><x4>3.766000E-01</x4><x5>5.743563E-02</x5><x6>3.511473E+01</x6></dataPoint>
    </dataGroup>
    <dataGroup id="dg2" label="V-t history" dataPointLink="6">
        <property name="time"      id="x4"   label="t"            sourcetype="calculated"  units="s"   />
        <property name="volume"    id="x5"   label="V"            sourcetype="calculated"  units="cm3" />
        <property name="pressure"  id="x6"   label="p"            sourcetype="estimated"   units="bar"  kind="reactive" />

        <dataPoint><x4>0.000000E+00</x4><x5>1.000000E+00</x5><x6>5.700000E-01</x6></dataPoint>
        <dataPoint><x4>1.463000E-01</x4><x5>1.000000E+00</x5><x6>5.700000E-01</x6></dataPoint>
        <dataPoint><x4>2.792000E-01</x4><x5>7.383470E-01</x5><x6>8.873009E-01</x6></dataPoint>
        <dataPoint><x4>2.801449E-01</x4><x5>7.729912E-01</x5><x6>8.299903E-01</x6></dataPoint>
        <dataPoint><x4>2.922795E-01</x4><x5>5.654470E-01</x5><x6>1.307271E+00</x6></dataPoint>
        <dataPoint><x4>2.991724E-01</x4><x5>4.267201E-01</x5><x6>1.963604E+00</x6></dataPoint>
        <dataPoint><x4>3.034777E-01</x4><x5>3.376635E-01</x5><x6>2.749226E+00</x6></dataPoint>
        <dataPoint><x4>3.069727E-01</x4><x5>2.631785E-01</x5><x6>3.926071E+00</x6></dataPoint>
        <dataPoint><x4>3.092446E-01</x4><x5>2.145474E-01</x5><x6>5.249193E+00</x6></dataPoint>
        <dataPoint><x4>3.109656E-01</x4><x5>1.808135E-01</x5><x6>6.686054E+00</x6></dataPoint>
        <dataPoint><x4>3.117326E-01</x4><x5>1.659731E-01</x5><x6>7.543684E+00</x6></dataPoint>
        <dataPoint><x4>3.124379E-01</x4><x5>1.519001E-01</x5><x6>8.544224E+00</x6></dataPoint>
        <dataPoint><x4>3.130032E-01</x4><x5>1.390896E-01</x5><x6>9.667553E+00</x6></dataPoint>
        <dataPoint><x4>3.131802E-01</x4><x5>1.360978E-01</x5><x6>9.966306E+00</x6></dataPoint>
        <dataPoint><x4>3.140277E-01</x4><x5>1.196978E-01</x5><x6>1.192362E+01</x6></dataPoint>
        <dataPoint><x4>3.146543E-01</x4><x5>1.080515E-01</x5><x6>1.374898E+01</x6></dataPoint>
        <dataPoint><x4>3.151550E-01</x4><x5>9.899879E-02</x5><x6>1.552378E+01</x6></dataPoint>
        <dataPoint><x4>3.157949E-01</x4><x5>8.778329E-02</x5><x6>1.833253E+01</x6></dataPoint>
        <dataPoint><x4>3.162990E-01</x4><x5>7.900560E-02</x5><x6>2.119791E+01</x6></dataPoint>
        <dataPoint><x4>3.173634E-01</x4><x5>6.335006E-02</x5><x6>2.870017E+01</x6></dataPoint>
        <dataPoint><x4>3.176939E-01</x4><x5>6.054850E-02</x5><x6>3.053080E+01</x6></dataPoint>
        <dataPoint><x4>3.196867E-01</x4><x5>5.032695E-02</x5><x6>3.928296E+01</x6></dataPoint>
        <dataPoint><x4>3.199727E-01</x4><x5>4.965108E-02</x5><x6>4.001200E+01</x6></dataPoint>
        <dataPoint><x4>3.204000E-01</x4><x5>4.911229E-02</x5><x6>4.061000E+01</x6></dataPoint>
        <dataPoint><x4>3.244000E-01</x4><x5>5.013993E-02</x5><x6>3.948240E+01</x6></dataPoint>
        <dataPoint><x4>3.284000E-01</x4><x5>5.103470E-02</x5><x6>3.854368E+01</x6></dataPoint>
        <dataPoint><x4>3.324000E-01</x4><x5>5.176808E-02</x5><x6>3.780250E+01</x6></dataPoint>
        <dataPoint><x4>3.364000E-01</x4><x5>5.236481E-02</x5><x6>3.721728E+01</x6></dataPoint>
        <dataPoint><x4>3.404000E-01</x4><x5>5.284749E-02</x5><x6>3.675522E+01</x6></dataPoint>
        <dataPoint><x4>3.444000E-01</x4><x5>5.323602E-02</x5><x6>3.639038E+01</x6></dataPoint>
        <dataPoint><x4>3.484000E-01</x4><x5>5.354755E-02</x5><x6>3.610232E+01</x6></dataPoint>
        <dataPoint><x4>3.524000E-01</x4><x5>5.379655E-02</x5><x6>3.587487E+01</x6></dataPoint>
        <dataPoint><x4>3.564000E-01</x4><x5>5.399508E-02</x5><x6>3.569529E+01</x6></dataPoint>
        <dataPoint><x4>3.604000E-01</x4><x5>5.415305E-02</x5><x6>3.555350E+01</x6></dataPoint>
        <dataPoint><x4>3.644000E-01</x4><x5>5.427855E-02</x5><x6>3.544154E+01</x6></dataPoint>
        <dataPoint><x4>3.684000E-01</x4><x5>5.437812E-02</x5><x6>3.535314E+01</x6></dataPoint>
        <dataPoint><x4>3.724000E-01</x4><x5>5.445703E-02</x5><x6>3.528335E+01</x6></dataPoint>
        <dataPoint><x4>3.764000E-01</x4><x5>5.451954E-02</x5><x6>3.522824E+01</x6></dataPoint>
        <dataPoint><x4>3.804000E-01</x4><x5>5.456900E-02</x5><x6>3.518473E+01</x6></dataPoint>
    </dataGroup>
    <dataGroup id="dg2" label="V-t history" dataPointLink="7">
        <property name="time"      id="x4"   label="t"            sourcetype="calculated"  units="s"   />
        <property name="volume"    id="x5"   label="V"            sourcetype="calculated"  units="cm3" />
        <property name="pressure"  id="x6"   label="p"            sourcetype="estimated"   units="bar"  kind="reactive" />

        <dataPoint><x4>0.000000E+00</x4><x5>1.000000E+00</x5><x6>5.400000E-01</x6></dataPoint>
        <dataPoint><x4>1.331000E-01</x4><x5>1.000000E+00</x5><x6>5.400000E-01</x6></dataPoint>
        <dataPoint><x4>2.776000E-01</x4><x5>8.007932E-01</x5><x6>7.468479E-01</x6></dataPoint>
        <dataPoint><x4>2.863726E-01</x4><x5>7.375846E-01</x5><x6>8.418659E-01</x6></dataPoint>
        <dataPoint><x4>2.990754E-01</x4><x5>5.401069E-01</x5><x6>1.323513E+00</x6></dataPoint>
        <dataPoint><x4>3.077676E-01</x4><x5>3.774577E-01</x5><x6>2.219523E+00</x6></dataPoint>
        <dataPoint><x4>3.122673E-01</x4><x5>2.857287E-01</x5><x6>3.307755E+00</x6></dataPoint>
        <dataPoint><x4>3.138103E-01</x4><x5>2.533527E-01</x5><x6>3.926629E+00</x6></dataPoint>
        <dataPoint><x4>3.158476E-01</x4><x5>2.175577E-01</x5><x6>4.875631E+00</x6></dataPoint>
        <dataPoint><x4>3.167469E-01</x4><x5>2.004942E-01</x5><x6>5.473742E+00</x6></dataPoint>
        <dataPoint><x4>3.181388E-01</x4><x5>1.744840E-01</x5><x6>6.660591E+00</x6></dataPoint>
        <dataPoint><x4>3.191380E-01</x4><x5>1.553828E-01</x5><x6>7.840910E+00</x6></dataPoint>
        <dataPoint><x4>3.198701E-01</x4><x5>1.412534E-01</x5><x6>8.962856E+00</x6></dataPoint>
        <dataPoint><x4>3.209880E-01</x4><x5>1.218911E-01</x5><x6>1.101370E+01</x6></dataPoint>
        <dataPoint><x4>3.214316E-01</x4><x5>1.138231E-01</x5><x6>1.211616E+01</x6></dataPoint>
        <dataPoint><x4>3.220125E-01</x4><x5>1.039338E-01</x5><x6>1.374737E+01</x6></dataPoint>
        <dataPoint><x4>3.222643E-01</x4><x5>9.981304E-02</x5><x6>1.454073E+01</x6></dataPoint>
        <dataPoint><x4>3.223807E-01</x4><x5>9.806523E-02</x5><x6>1.490106E+01</x6></dataPoint>
        <dataPoint><x4>3.229633E-01</x4><x5>8.775131E-02</x5><x6>1.737640E+01</x6></dataPoint>
        <dataPoint><x4>3.231484E-01</x4><x5>8.478331E-02</x5><x6>1.822134E+01</x6></dataPoint>
        <dataPoint><x4>3.233900E-01</x4><x5>8.091956E-02</x5><x6>1.943118E+01</x6></dataPoint>
        <dataPoint><x4>3.237609E-01</x4><x5>7.511504E-02</x5><x6>2.152654E+01</x6></dataPoint>
        <dataPoint><x4>3.249706E-01</x4><x5>5.959090E-02</x5><x6>2.956067E+01</x6></dataPoint>
        <dataPoint><x4>3.276000E-01</x4><x5>4.741163E-02</x5><x6>4.036000E+01</x6></dataPoint>
        <dataPoint><x4>3.316000E-01</x4><x5>4.841077E-02</x5><x6>3.923240E+01</x6></dataPoint>
        <dataPoint><x4>3.356000E-01</x4><x5>4.928100E-02</x5><x6>3.829368E+01</x6></dataPoint>
        <dataPoint><x4>3.396000E-01</x4><x5>4.999444E-02</x5><x6>3.755250E+01</x6></dataPoint>
        <dataPoint><x4>3.436000E-01</x4><x5>5.057508E-02</x5><x6>3.696728E+01</x6></dataPoint>
        <dataPoint><x4>3.476000E-01</x4><x5>5.104482E-02</x5><x6>3.650522E+01</x6></dataPoint>
        <dataPoint><x4>3.516000E-01</x4><x5>5.142299E-02</x5><x6>3.614038E+01</x6></dataPoint>
        <dataPoint><x4>3.556000E-01</x4><x5>5.172624E-02</x5><x6>3.585232E+01</x6></dataPoint>
        <dataPoint><x4>3.596000E-01</x4><x5>5.196866E-02</x5><x6>3.562487E+01</x6></dataPoint>
        <dataPoint><x4>3.636000E-01</x4><x5>5.216195E-02</x5><x6>3.544529E+01</x6></dataPoint>
        <dataPoint><x4>3.676000E-01</x4><x5>5.231576E-02</x5><x6>3.530350E+01</x6></dataPoint>
        <dataPoint><x4>3.716000E-01</x4><x5>5.243795E-02</x5><x6>3.519154E+01</x6></dataPoint>
        <dataPoint><x4>3.756000E-01</x4><x5>5.253491E-02</x5><x6>3.510314E+01</x6></dataPoint>
        <dataPoint><x4>3.796000E-01</x4><x5>5.261176E-02</x5><x6>3.503335E+01</x6></dataPoint>
        <dataPoint><x4>3.836000E-01</x4><x5>5.267262E-02</x5><x6>3.497824E+01</x6></dataPoint>
        <dataPoint><x4>3.876000E-01</x4><x5>5.272079E-02</x5><x6>3.493473E+01</x6></dataPoint>
    </dataGroup>
</experiment>
