<experiment>
    <fileAuthor>Chemical Kinetics Laboratory, Institute of Chemistry, ELTE, Budapest, Hungary</fileAuthor>
    <fileDOI>10.24388/x40004041</fileDOI>
    <fileVersion>
        <major>2</major>
        <minor>3</minor>
    </fileVersion>
    <ReSpecThVersion>
        <major>2</major>
        <minor>3</minor>
    </ReSpecThVersion>
    <firstPublicationDate>2020-09-08</firstPublicationDate>
    <lastModificationDate>2020-11-18</lastModificationDate>
    <bibliographyLink>
        <description>U. Burke, K. P. Somers, P. O’Toole, C. M. Zinner, N. Marquet, G. Bourque, E. L. Petersen, W. K. Metcalfe, Z. Serinyel, H. J. Curran, Combustion and Flame 162 (2015), 315–330.</description>
        <referenceDOI>10.1016/j.combustflame.2014.08.014</referenceDOI>
        <location>Main Article + Personal Communication</location>
        <table>Table 3</table>
        <figure>Fig.5 (c), red circle, phi = 1.0, Pc = 25 atm</figure>
        <details>
            <author>U. Burke, K. P. Somers, P. O’Toole, C. M. Zinner, N. Marquet, G. Bourque, E. L. Petersen, W. K. Metcalfe, Z. Serinyel, H. J. Curran</author>
            <journal>Combust Flame</journal>
            <pages>315–-330</pages>
            <title>An ignition delay and kinetic modeling study of methane, dimethyl ether, and their mixtures at high pressures</title>
            <volume>162</volume>
            <year>2015</year>
        </details>
    </bibliographyLink>
    <experimentType>ignition delay measurement</experimentType>
    <apparatus>
        <kind>rapid compression machine</kind>
    </apparatus>
    <commonProperties>
        <property name="initial composition"           sourcetype="calculated" >
            <component><speciesLink preferredKey="CH4"  CAS="74-82-8"    InChI="1S/CH4/h1H4"  SMILES="C"     chemName="methane" /><amount units="mole fraction" >0.09505703</amount></component>
            <component><speciesLink preferredKey="O2"   CAS="7782-44-7"  InChI="1S/O2/c1-2"   SMILES="O=O"   chemName="oxygen"  /><amount units="mole fraction" >0.19011407</amount></component>
            <component><speciesLink preferredKey="Ar"   CAS="7440-37-1"  InChI="1S/Ar"        SMILES="[Ar]"  chemName="argon"   /><amount units="mole fraction" >0.71482890</amount></component>
        </property>
        <property name="evaluated standard deviation"  sourcetype="estimated"   units="unitless"       reference="ignition delay"  kind="relative"  method="statistical scatter" ><value>0.206</value></property>
    </commonProperties>
    <dataGroup id="dg1" label="measured data">
        <property name="pressure"        id="x1"   label="P"              sourcetype="calculated"  units="atm" />
        <property name="temperature"     id="x2"   label="T"              sourcetype="calculated"  units="K"   />
        <property name="ignition delay"  id="x3"   label="tau"            sourcetype="reported"    units="ms"  />

        <dataPoint><x1>0.8968</x1><x2>316.2</x2><x3>72.8</x3></dataPoint>
        <dataPoint><x1>0.8975</x1><x2>317.9</x2><x3>66.4</x3></dataPoint>
        <dataPoint><x1>0.8980</x1><x2>318.1</x2><x3>67.3</x3></dataPoint>
        <dataPoint><x1>0.9015</x1><x2>325.2</x2><x3>40.2</x3></dataPoint>
        <dataPoint><x1>0.9020</x1><x2>326.9</x2><x3>38.8</x3></dataPoint>
        <dataPoint><x1>0.9070</x1><x2>336.4</x2><x3>26.2</x3></dataPoint>
        <dataPoint><x1>0.9075</x1><x2>337.6</x2><x3>27.1</x3></dataPoint>
        <dataPoint><x1>0.9110</x1><x2>344.6</x2><x3>17.9</x3></dataPoint>
        <dataPoint><x1>0.9115</x1><x2>345.1</x2><x3>18.1</x3></dataPoint>
        <dataPoint><x1>0.9171</x1><x2>353.3</x2><x3>13.8</x3></dataPoint>
        <dataPoint><x1>0.9178</x1><x2>354.6</x2><x3>13.3</x3></dataPoint>
        <dataPoint><x1>0.9229</x1><x2>363.9</x2><x3>10.4</x3></dataPoint>
        <dataPoint><x1>0.9249</x1><x2>367.4</x2> <x3>9.6</x3></dataPoint>
        <dataPoint><x1>0.9286</x1><x2>376.7</x2> <x3>7.5</x3></dataPoint>
        <dataPoint><x1>0.9289</x1><x2>376.9</x2> <x3>7.2</x3></dataPoint>
        <dataPoint><x1>0.9316</x1><x2>386.6</x2> <x3>5.8</x3></dataPoint>
    </dataGroup>
    <ignitionType target="p;" type="d/dt max"/>
    <comment>The inital temperature and pressure were deduced backward from the temperature and pressure at the end of compression showed in original article, the adjustments of initial pressure were within 4.30%</comment>
    <dataGroup id="dg2" label="V-t history" dataPointLink="all">
        <property name="time"    id="x4"   label="t"            sourcetype="calculated"  units="s"   />
        <property name="volume"  id="x5"   label="V"            sourcetype="calculated"  units="cm3" />

        <dataPoint><x4>0.000000E+00</x4><x5>1.000000E+00</x5></dataPoint>
        <dataPoint><x4>2.110990E-03</x4><x5>9.856166E-01</x5></dataPoint>
        <dataPoint><x4>3.866340E-03</x4><x5>9.503706E-01</x5></dataPoint>
        <dataPoint><x4>4.552740E-03</x4><x5>9.422737E-01</x5></dataPoint>
        <dataPoint><x4>5.080270E-03</x4><x5>9.289050E-01</x5></dataPoint>
        <dataPoint><x4>6.435340E-03</x4><x5>8.654162E-01</x5></dataPoint>
        <dataPoint><x4>8.189910E-03</x4><x5>7.608015E-01</x5></dataPoint>
        <dataPoint><x4>8.832260E-03</x4><x5>7.198793E-01</x5></dataPoint>
        <dataPoint><x4>9.334200E-03</x4><x5>6.852712E-01</x5></dataPoint>
        <dataPoint><x4>9.836370E-03</x4><x5>6.519820E-01</x5></dataPoint>
        <dataPoint><x4>1.014002E-02</x4><x5>6.302898E-01</x5></dataPoint>
        <dataPoint><x4>1.063939E-02</x4><x5>5.948503E-01</x5></dataPoint>
        <dataPoint><x4>1.099064E-02</x4><x5>5.681052E-01</x5></dataPoint>
        <dataPoint><x4>1.138953E-02</x4><x5>5.386734E-01</x5></dataPoint>
        <dataPoint><x4>1.198813E-02</x4><x5>4.938272E-01</x5></dataPoint>
        <dataPoint><x4>1.219038E-02</x4><x5>4.783616E-01</x5></dataPoint>
        <dataPoint><x4>1.258715E-02</x4><x5>4.476496E-01</x5></dataPoint>
        <dataPoint><x4>1.283887E-02</x4><x5>4.279801E-01</x5></dataPoint>
        <dataPoint><x4>1.318898E-02</x4><x5>4.004910E-01</x5></dataPoint>
        <dataPoint><x4>1.348962E-02</x4><x5>3.780580E-01</x5></dataPoint>
        <dataPoint><x4>1.373823E-02</x4><x5>3.588666E-01</x5></dataPoint>
        <dataPoint><x4>1.413921E-02</x4><x5>3.297784E-01</x5></dataPoint>
        <dataPoint><x4>1.443894E-02</x4><x5>3.090443E-01</x5></dataPoint>
        <dataPoint><x4>1.478821E-02</x4><x5>2.866566E-01</x5></dataPoint>
        <dataPoint><x4>1.503889E-02</x4><x5>2.717181E-01</x5></dataPoint>
        <dataPoint><x4>1.523920E-02</x4><x5>2.595761E-01</x5></dataPoint>
        <dataPoint><x4>1.543902E-02</x4><x5>2.475459E-01</x5></dataPoint>
        <dataPoint><x4>1.568799E-02</x4><x5>2.327306E-01</x5></dataPoint>
        <dataPoint><x4>1.588859E-02</x4><x5>2.207196E-01</x5></dataPoint>
        <dataPoint><x4>1.608835E-02</x4><x5>2.085717E-01</x5></dataPoint>
        <dataPoint><x4>1.628779E-02</x4><x5>1.964353E-01</x5></dataPoint>
        <dataPoint><x4>1.648694E-02</x4><x5>1.845237E-01</x5></dataPoint>
        <dataPoint><x4>1.668720E-02</x4><x5>1.731387E-01</x5></dataPoint>
        <dataPoint><x4>1.738469E-02</x4><x5>1.409348E-01</x5></dataPoint>
        <dataPoint><x4>1.768604E-02</x4><x5>1.324217E-01</x5></dataPoint>
        <dataPoint><x4>1.848831E-02</x4><x5>1.172463E-01</x5></dataPoint>
        <dataPoint><x4>1.874274E-02</x4><x5>1.135271E-01</x5></dataPoint>
        <dataPoint><x4>1.899381E-02</x4><x5>1.106688E-01</x5></dataPoint>
        <dataPoint><x4>1.915865E-02</x4><x5>1.095829E-01</x5></dataPoint>
        <dataPoint><x4>1.951058E-02</x4><x5>1.082899E-01</x5></dataPoint>
        <dataPoint><x4>2.022090E-02</x4><x5>1.073190E-01</x5></dataPoint>
        <dataPoint><x4>2.088367E-02</x4><x5>1.070535E-01</x5></dataPoint>
        <dataPoint><x4>2.351357E-02</x4><x5>1.085394E-01</x5></dataPoint>
        <dataPoint><x4>2.762131E-02</x4><x5>1.118581E-01</x5></dataPoint>
        <dataPoint><x4>2.940713E-02</x4><x5>1.131367E-01</x5></dataPoint>
        <dataPoint><x4>3.097552E-02</x4><x5>1.134354E-01</x5></dataPoint>
        <dataPoint><x4>3.192071E-02</x4><x5>1.139701E-01</x5></dataPoint>
        <dataPoint><x4>3.328470E-02</x4><x5>1.150976E-01</x5></dataPoint>
        <dataPoint><x4>4.177605E-02</x4><x5>1.183084E-01</x5></dataPoint>
        <dataPoint><x4>4.488867E-02</x4><x5>1.191099E-01</x5></dataPoint>
        <dataPoint><x4>4.608160E-02</x4><x5>1.197254E-01</x5></dataPoint>
        <dataPoint><x4>5.567334E-02</x4><x5>1.221218E-01</x5></dataPoint>
        <dataPoint><x4>7.959754E-02</x4><x5>1.269869E-01</x5></dataPoint>
        <dataPoint><x4>9.271814E-02</x4><x5>1.291684E-01</x5></dataPoint>
        <dataPoint><x4>1.047574E-01</x4><x5>1.306471E-01</x5></dataPoint>
        <dataPoint><x4>1.191640E-01</x4><x5>1.319137E-01</x5></dataPoint>
        <dataPoint><x4>2.109062E-01</x4><x5>1.375190E-01</x5></dataPoint>
        <dataPoint><x4>2.529556E-01</x4><x5>1.406110E-01</x5></dataPoint>
        <dataPoint><x4>3.458031E-01</x4><x5>1.491177E-01</x5></dataPoint>
        <dataPoint><x4>3.825932E-01</x4><x5>1.525554E-01</x5></dataPoint>
        <dataPoint><x4>4.258950E-01</x4><x5>1.563504E-01</x5></dataPoint>
        <dataPoint><x4>4.505826E-01</x4><x5>1.583559E-01</x5></dataPoint>
    </dataGroup>
</experiment>
