<experiment>
    <fileAuthor>Chemical Kinetics Laboratory, Institute of Chemistry, ELTE, Budapest, Hungary</fileAuthor>
    <fileDOI>10.24388/x40004039</fileDOI>
    <fileVersion>
        <major>2</major>
        <minor>3</minor>
    </fileVersion>
    <ReSpecThVersion>
        <major>2</major>
        <minor>3</minor>
    </ReSpecThVersion>
    <firstPublicationDate>2020-09-08</firstPublicationDate>
    <lastModificationDate>2020-11-18</lastModificationDate>
    <bibliographyLink>
        <description>U. Burke, K. P. Somers, P. O’Toole, C. M. Zinner, N. Marquet, G. Bourque, E. L. Petersen, W. K. Metcalfe, Z. Serinyel, H. J. Curran, Combustion and Flame 162 (2015), 315–330.</description>
        <referenceDOI>10.1016/j.combustflame.2014.08.014</referenceDOI>
        <location>Main Article + Personal Communication</location>
        <table>Table 3</table>
        <figure>Fig.5 (b), red circle, phi = 0.5, Pc = 25 atm</figure>
        <details>
            <author>U. Burke, K. P. Somers, P. O’Toole, C. M. Zinner, N. Marquet, G. Bourque, E. L. Petersen, W. K. Metcalfe, Z. Serinyel, H. J. Curran</author>
            <journal>Combust Flame</journal>
            <pages>315–-330</pages>
            <title>An ignition delay and kinetic modeling study of methane, dimethyl ether, and their mixtures at high pressures</title>
            <volume>162</volume>
            <year>2015</year>
        </details>
    </bibliographyLink>
    <experimentType>ignition delay measurement</experimentType>
    <apparatus>
        <kind>rapid compression machine</kind>
    </apparatus>
    <commonProperties>
        <property name="initial composition"           sourcetype="calculated" >
            <component><speciesLink preferredKey="CH4"  CAS="74-82-8"    InChI="1S/CH4/h1H4"  SMILES="C"     chemName="methane" /><amount units="mole fraction" >0.04987531</amount></component>
            <component><speciesLink preferredKey="O2"   CAS="7782-44-7"  InChI="1S/O2/c1-2"   SMILES="O=O"   chemName="oxygen"  /><amount units="mole fraction" >0.19950125</amount></component>
            <component><speciesLink preferredKey="Ar"   CAS="7440-37-1"  InChI="1S/Ar"        SMILES="[Ar]"  chemName="argon"   /><amount units="mole fraction" >0.75062344</amount></component>
        </property>
        <property name="evaluated standard deviation"  sourcetype="estimated"   units="unitless"       reference="ignition delay"  kind="relative"  method="statistical scatter" ><value>0.204</value></property>
    </commonProperties>
    <dataGroup id="dg1" label="measured data">
        <property name="pressure"        id="x1"   label="P"              sourcetype="calculated"  units="atm" />
        <property name="temperature"     id="x2"   label="T"              sourcetype="calculated"  units="K"   />
        <property name="ignition delay"  id="x3"   label="tau"            sourcetype="reported"    units="ms"  />

        <dataPoint><x1>0.8622</x1><x2>319.0</x2><x3>28.9</x3></dataPoint>
        <dataPoint><x1>0.8628</x1><x2>320.5</x2><x3>28.0</x3></dataPoint>
        <dataPoint><x1>0.8650</x1><x2>326.9</x2><x3>19.7</x3></dataPoint>
        <dataPoint><x1>0.8658</x1><x2>328.8</x2><x3>19.0</x3></dataPoint>
        <dataPoint><x1>0.8690</x1><x2>336.8</x2><x3>14.7</x3></dataPoint>
        <dataPoint><x1>0.8698</x1><x2>338.7</x2><x3>13.6</x3></dataPoint>
        <dataPoint><x1>0.8722</x1><x2>344.9</x2><x3>10.7</x3></dataPoint>
        <dataPoint><x1>0.8726</x1><x2>345.2</x2><x3>11.0</x3></dataPoint>
        <dataPoint><x1>0.8758</x1><x2>353.7</x2> <x3>7.7</x3></dataPoint>
        <dataPoint><x1>0.8770</x1><x2>356.3</x2> <x3>6.9</x3></dataPoint>
        <dataPoint><x1>0.8802</x1><x2>364.0</x2> <x3>5.0</x3></dataPoint>
    </dataGroup>
    <ignitionType target="p;" type="d/dt max"/>
    <comment>The inital temperature and pressure were deduced backward from the temperature and pressure at the end of compression showed in original article, the adjustments of initial pressure were within 4.09%</comment>
    <dataGroup id="dg2" label="V-t history" dataPointLink="all">
        <property name="time"    id="x4"   label="t"            sourcetype="calculated"  units="s"   />
        <property name="volume"  id="x5"   label="V"            sourcetype="calculated"  units="cm3" />

        <dataPoint><x4>0.000000E+00</x4><x5>1.000000E+00</x5></dataPoint>
        <dataPoint><x4>1.910730E-03</x4><x5>9.764260E-01</x5></dataPoint>
        <dataPoint><x4>2.576100E-03</x4><x5>9.625037E-01</x5></dataPoint>
        <dataPoint><x4>3.800550E-03</x4><x5>9.275340E-01</x5></dataPoint>
        <dataPoint><x4>4.369880E-03</x4><x5>9.042028E-01</x5></dataPoint>
        <dataPoint><x4>5.136430E-03</x4><x5>8.677022E-01</x5></dataPoint>
        <dataPoint><x4>5.725330E-03</x4><x5>8.355616E-01</x5></dataPoint>
        <dataPoint><x4>6.238740E-03</x4><x5>8.051626E-01</x5></dataPoint>
        <dataPoint><x4>6.385700E-03</x4><x5>7.980532E-01</x5></dataPoint>
        <dataPoint><x4>6.990320E-03</x4><x5>7.617203E-01</x5></dataPoint>
        <dataPoint><x4>7.333110E-03</x4><x5>7.395145E-01</x5></dataPoint>
        <dataPoint><x4>7.831190E-03</x4><x5>7.059456E-01</x5></dataPoint>
        <dataPoint><x4>8.324860E-03</x4><x5>6.711995E-01</x5></dataPoint>
        <dataPoint><x4>8.727580E-03</x4><x5>6.428752E-01</x5></dataPoint>
        <dataPoint><x4>9.185190E-03</x4><x5>6.097103E-01</x5></dataPoint>
        <dataPoint><x4>9.480080E-03</x4><x5>5.878404E-01</x5></dataPoint>
        <dataPoint><x4>9.834780E-03</x4><x5>5.603109E-01</x5></dataPoint>
        <dataPoint><x4>1.013027E-02</x4><x5>5.375339E-01</x5></dataPoint>
        <dataPoint><x4>1.047952E-02</x4><x5>5.101476E-01</x5></dataPoint>
        <dataPoint><x4>1.073370E-02</x4><x5>4.907647E-01</x5></dataPoint>
        <dataPoint><x4>1.103393E-02</x4><x5>4.683346E-01</x5></dataPoint>
        <dataPoint><x4>1.133005E-02</x4><x5>4.460600E-01</x5></dataPoint>
        <dataPoint><x4>1.158275E-02</x4><x5>4.266895E-01</x5></dataPoint>
        <dataPoint><x4>1.183238E-02</x4><x5>4.078888E-01</x5></dataPoint>
        <dataPoint><x4>1.203317E-02</x4><x5>3.925747E-01</x5></dataPoint>
        <dataPoint><x4>1.228052E-02</x4><x5>3.734380E-01</x5></dataPoint>
        <dataPoint><x4>1.248325E-02</x4><x5>3.580295E-01</x5></dataPoint>
        <dataPoint><x4>1.268250E-02</x4><x5>3.428988E-01</x5></dataPoint>
        <dataPoint><x4>1.288034E-02</x4><x5>3.276447E-01</x5></dataPoint>
        <dataPoint><x4>1.303058E-02</x4><x5>3.160029E-01</x5></dataPoint>
        <dataPoint><x4>1.318162E-02</x4><x5>3.045693E-01</x5></dataPoint>
        <dataPoint><x4>1.333147E-02</x4><x5>2.933762E-01</x5></dataPoint>
        <dataPoint><x4>1.353091E-02</x4><x5>2.786761E-01</x5></dataPoint>
        <dataPoint><x4>1.372990E-02</x4><x5>2.643833E-01</x5></dataPoint>
        <dataPoint><x4>1.388054E-02</x4><x5>2.539806E-01</x5></dataPoint>
        <dataPoint><x4>1.408082E-02</x4><x5>2.409184E-01</x5></dataPoint>
        <dataPoint><x4>1.433029E-02</x4><x5>2.256748E-01</x5></dataPoint>
        <dataPoint><x4>1.453138E-02</x4><x5>2.141815E-01</x5></dataPoint>
        <dataPoint><x4>1.473132E-02</x4><x5>2.034450E-01</x5></dataPoint>
        <dataPoint><x4>1.492993E-02</x4><x5>1.931607E-01</x5></dataPoint>
        <dataPoint><x4>1.508083E-02</x4><x5>1.855319E-01</x5></dataPoint>
        <dataPoint><x4>1.528039E-02</x4><x5>1.757864E-01</x5></dataPoint>
        <dataPoint><x4>1.553015E-02</x4><x5>1.644170E-01</x5></dataPoint>
        <dataPoint><x4>1.582923E-02</x4><x5>1.524102E-01</x5></dataPoint>
        <dataPoint><x4>1.617998E-02</x4><x5>1.404557E-01</x5></dataPoint>
        <dataPoint><x4>1.692460E-02</x4><x5>1.198381E-01</x5></dataPoint>
        <dataPoint><x4>1.713066E-02</x4><x5>1.160428E-01</x5></dataPoint>
        <dataPoint><x4>1.728665E-02</x4><x5>1.139958E-01</x5></dataPoint>
        <dataPoint><x4>1.744489E-02</x4><x5>1.124688E-01</x5></dataPoint>
        <dataPoint><x4>1.764662E-02</x4><x5>1.112344E-01</x5></dataPoint>
        <dataPoint><x4>1.794367E-02</x4><x5>1.102615E-01</x5></dataPoint>
        <dataPoint><x4>1.853179E-02</x4><x5>1.092327E-01</x5></dataPoint>
        <dataPoint><x4>1.885693E-02</x4><x5>1.088820E-01</x5></dataPoint>
        <dataPoint><x4>1.985547E-02</x4><x5>1.089407E-01</x5></dataPoint>
        <dataPoint><x4>2.045469E-02</x4><x5>1.093415E-01</x5></dataPoint>
        <dataPoint><x4>2.643028E-02</x4><x5>1.150813E-01</x5></dataPoint>
        <dataPoint><x4>2.755264E-02</x4><x5>1.159023E-01</x5></dataPoint>
        <dataPoint><x4>2.916226E-02</x4><x5>1.164742E-01</x5></dataPoint>
        <dataPoint><x4>3.225228E-02</x4><x5>1.187882E-01</x5></dataPoint>
        <dataPoint><x4>3.994233E-02</x4><x5>1.224320E-01</x5></dataPoint>
        <dataPoint><x4>4.249145E-02</x4><x5>1.233226E-01</x5></dataPoint>
        <dataPoint><x4>4.638659E-02</x4><x5>1.249148E-01</x5></dataPoint>
        <dataPoint><x4>5.276867E-02</x4><x5>1.270293E-01</x5></dataPoint>
        <dataPoint><x4>5.954587E-02</x4><x5>1.290240E-01</x5></dataPoint>
        <dataPoint><x4>6.588567E-02</x4><x5>1.306230E-01</x5></dataPoint>
        <dataPoint><x4>7.396507E-02</x4><x5>1.324779E-01</x5></dataPoint>
        <dataPoint><x4>8.213317E-02</x4><x5>1.341671E-01</x5></dataPoint>
        <dataPoint><x4>9.415747E-02</x4><x5>1.362915E-01</x5></dataPoint>
        <dataPoint><x4>1.070871E-01</x4><x5>1.382379E-01</x5></dataPoint>
        <dataPoint><x4>1.215024E-01</x4><x5>1.401259E-01</x5></dataPoint>
        <dataPoint><x4>1.340636E-01</x4><x5>1.415507E-01</x5></dataPoint>
        <dataPoint><x4>1.526277E-01</x4><x5>1.433636E-01</x5></dataPoint>
        <dataPoint><x4>1.744596E-01</x4><x5>1.453853E-01</x5></dataPoint>
        <dataPoint><x4>2.376557E-01</x4><x5>1.511764E-01</x5></dataPoint>
        <dataPoint><x4>3.201868E-01</x4><x5>1.602718E-01</x5></dataPoint>
        <dataPoint><x4>3.475246E-01</x4><x5>1.634154E-01</x5></dataPoint>
        <dataPoint><x4>3.765362E-01</x4><x5>1.666423E-01</x5></dataPoint>
        <dataPoint><x4>4.092695E-01</x4><x5>1.701820E-01</x5></dataPoint>
        <dataPoint><x4>4.463555E-01</x4><x5>1.738878E-01</x5></dataPoint>
        <dataPoint><x4>4.490729E-01</x4><x5>1.742162E-01</x5></dataPoint>
    </dataGroup>
</experiment>
