<experiment>
    <fileAuthor>Chemical Kinetics Laboratory, Institute of Chemistry, ELTE, Budapest, Hungary</fileAuthor>
    <fileDOI>10.24388/x40004007</fileDOI>
    <fileVersion>
        <major>2</major>
        <minor>3</minor>
    </fileVersion>
    <ReSpecThVersion>
        <major>2</major>
        <minor>3</minor>
    </ReSpecThVersion>
    <firstPublicationDate>2020-09-08</firstPublicationDate>
    <lastModificationDate>2020-11-18</lastModificationDate>
    <bibliographyLink>
        <description>Y. Yu, Cinétique D'Auto-Inflammation de Carburants Gazeux a Haute Pression: Etude Experimentale et de Modelisation, PhD Thesis, 2012</description>
        <location>Main Article + Personal Communication</location>
        <table>Annexes, I, 1.1.2</table>
        <figure>Chapter IV, Figure 1, CH4 phi = 1.0, M2</figure>
        <details>
            <author>Y, Yu</author>
            <month>12</month>
            <school>Université Lille 1</school>
            <title>Cinétique d'auto-inflammation de carburants gazeux a haute pression: etude experimentale et de modelisation</title>
            <year>2012</year>
        </details>
    </bibliographyLink>
    <experimentType>ignition delay measurement</experimentType>
    <apparatus>
        <kind>rapid compression machine</kind>
    </apparatus>
    <commonProperties>
        <property name="initial composition"           sourcetype="reported"  >
            <component><speciesLink preferredKey="CH4"  CAS="74-82-8"    InChI="1S/CH4/h1H4"  SMILES="C"     chemName="methane"  /><amount units="mole fraction" >0.09501</amount></component>
            <component><speciesLink preferredKey="O2"   CAS="7782-44-7"  InChI="1S/O2/c1-2"   SMILES="O=O"   chemName="oxygen"   /><amount units="mole fraction" >0.19002</amount></component>
            <component><speciesLink preferredKey="N2"   CAS="7727-37-9"  InChI="1S/N2/c1-2"   SMILES="N#N"   chemName="nitrogen" /><amount units="mole fraction" >0.05001</amount></component>
            <component><speciesLink preferredKey="Ar"   CAS="7440-37-1"  InChI="1S/Ar"        SMILES="[Ar]"  chemName="argon"    /><amount units="mole fraction" >0.66497</amount></component>
        </property>
        <property name="evaluated standard deviation"  sourcetype="estimated"  units="unitless"       reference="ignition delay"  kind="relative"  method="generic uncertainty" ><value>0.1</value></property>
    </commonProperties>
    <dataGroup id="dg1" label="measured data">
        <property name="pressure"        id="x1"   label="P"              sourcetype="reported"  units="Torr" />
        <property name="temperature"     id="x2"   label="T"              sourcetype="reported"  units="K"    />
        <property name="ignition delay"  id="x3"   label="tau"            sourcetype="reported"  units="ms"   />

        <dataPoint><x1>800</x1><x2>362.85</x2> <x3>51.04</x3></dataPoint>
        <dataPoint><x1>800</x1><x2>363.55</x2> <x3>46.20</x3></dataPoint>
        <dataPoint><x1>800</x1><x2>363.55</x2> <x3>51.04</x3></dataPoint>
        <dataPoint><x1>800</x1><x2>363.85</x2> <x3>50.60</x3></dataPoint>
        <dataPoint><x1>700</x1><x2>363.35</x2> <x3>71.82</x3></dataPoint>
        <dataPoint><x1>700</x1><x2>363.55</x2> <x3>64.92</x3></dataPoint>
        <dataPoint><x1>700</x1><x2>364.05</x2> <x3>62.40</x3></dataPoint>
        <dataPoint><x1>700</x1><x2>363.55</x2> <x3>68.48</x3></dataPoint>
        <dataPoint><x1>700</x1><x2>363.65</x2> <x3>63.44</x3></dataPoint>
        <dataPoint><x1>600</x1><x2>364.25</x2> <x3>89.44</x3></dataPoint>
        <dataPoint><x1>600</x1><x2>363.95</x2> <x3>99.72</x3></dataPoint>
        <dataPoint><x1>600</x1><x2>363.95</x2> <x3>94.32</x3></dataPoint>
        <dataPoint><x1>600</x1><x2>363.45</x2> <x3>98.44</x3></dataPoint>
        <dataPoint><x1>600</x1><x2>364.05</x2> <x3>89.81</x3></dataPoint>
        <dataPoint><x1>600</x1><x2>363.85</x2><x3>100.09</x3></dataPoint>
    </dataGroup>
    <ignitionType target="p;" type="d/dt max"/>
    <dataGroup id="dg2" label="V-t history" dataPointLink="1;2;3;4">
        <property name="time"      id="x4"   label="t"            sourcetype="calculated"  units="ms"  />
        <property name="volume"    id="x5"   label="V"            sourcetype="calculated"  units="cm3" />
        <property name="pressure"  id="x6"   label="p"            sourcetype="calculated"  units="bar"  kind="nonreactive" />

        <dataPoint><x4>0.000000E+00</x4><x5>1.000000E+00</x5><x6>1.066576E+00</x6></dataPoint>
        <dataPoint><x4>6.000000E+00</x4><x5>9.472070E-01</x5><x6>1.157451E+00</x6></dataPoint>
        <dataPoint><x4>1.200000E+01</x4><x5>8.936430E-01</x5><x6>1.263452E+00</x6></dataPoint>
        <dataPoint><x4>1.800000E+01</x4><x5>8.240994E-01</x5><x6>1.426997E+00</x6></dataPoint>
        <dataPoint><x4>2.400000E+01</x4><x5>7.386368E-01</x5><x6>1.681400E+00</x6></dataPoint>
        <dataPoint><x4>3.000000E+01</x4><x5>6.384142E-01</x5><x6>2.090262E+00</x6></dataPoint>
        <dataPoint><x4>3.600000E+01</x4><x5>5.259734E-01</x5><x6>2.786841E+00</x6></dataPoint>
        <dataPoint><x4>4.200000E+01</x4><x5>4.048181E-01</x5><x6>4.098228E+00</x6></dataPoint>
        <dataPoint><x4>4.700000E+01</x4><x5>3.027273E-01</x5><x6>6.260652E+00</x6></dataPoint>
        <dataPoint><x4>5.200000E+01</x4><x5>2.047459E-01</x5><x6>1.099134E+01</x6></dataPoint>
        <dataPoint><x4>5.700000E+01</x4><x5>1.355874E-01</x5><x6>1.971676E+01</x6></dataPoint>
        <dataPoint><x4>5.964000E+01</x4><x5>1.280929E-01</x5><x6>2.135826E+01</x6></dataPoint>
        <dataPoint><x4>6.036000E+01</x4><x5>1.284041E-01</x5><x6>2.128558E+01</x6></dataPoint>
        <dataPoint><x4>6.336000E+01</x4><x5>1.304170E-01</x5><x6>2.082523E+01</x6></dataPoint>
        <dataPoint><x4>6.836000E+01</x4><x5>1.327031E-01</x5><x6>2.032248E+01</x6></dataPoint>
        <dataPoint><x4>7.536000E+01</x4><x5>1.350426E-01</x5><x6>1.982882E+01</x6></dataPoint>
        <dataPoint><x4>8.436000E+01</x4><x5>1.371471E-01</x5><x6>1.940178E+01</x6></dataPoint>
        <dataPoint><x4>9.536000E+01</x4><x5>1.393313E-01</x5><x6>1.897475E+01</x6></dataPoint>
        <dataPoint><x4>1.083600E+02</x4><x5>1.417313E-01</x5><x6>1.852348E+01</x6></dataPoint>
        <dataPoint><x4>1.233600E+02</x4><x5>1.439754E-01</x5><x6>1.811765E+01</x6></dataPoint>
        <dataPoint><x4>1.403600E+02</x4><x5>1.459523E-01</x5><x6>1.777239E+01</x6></dataPoint>
        <dataPoint><x4>1.593600E+02</x4><x5>1.477405E-01</x5><x6>1.746953E+01</x6></dataPoint>
        <dataPoint><x4>1.803600E+02</x4><x5>1.493579E-01</x5><x6>1.720301E+01</x6></dataPoint>
        <dataPoint><x4>2.033600E+02</x4><x5>1.507890E-01</x5><x6>1.697284E+01</x6></dataPoint>
        <dataPoint><x4>2.283600E+02</x4><x5>1.524093E-01</x5><x6>1.671843E+01</x6></dataPoint>
        <dataPoint><x4>2.553600E+02</x4><x5>1.540917E-01</x5><x6>1.646100E+01</x6></dataPoint>
        <dataPoint><x4>2.843600E+02</x4><x5>1.559427E-01</x5><x6>1.618540E+01</x6></dataPoint>
        <dataPoint><x4>3.153600E+02</x4><x5>1.578686E-01</x5><x6>1.590677E+01</x6></dataPoint>
        <dataPoint><x4>3.483600E+02</x4><x5>1.598303E-01</x5><x6>1.563116E+01</x6></dataPoint>
        <dataPoint><x4>3.833600E+02</x4><x5>1.619187E-01</x5><x6>1.534647E+01</x6></dataPoint>
        <dataPoint><x4>4.203600E+02</x4><x5>1.640499E-01</x5><x6>1.506481E+01</x6></dataPoint>
        <dataPoint><x4>4.593600E+02</x4><x5>1.661532E-01</x5><x6>1.479527E+01</x6></dataPoint>
        <dataPoint><x4>5.003600E+02</x4><x5>1.684704E-01</x5><x6>1.450755E+01</x6></dataPoint>
        <dataPoint><x4>5.433600E+02</x4><x5>1.706613E-01</x5><x6>1.424406E+01</x6></dataPoint>
        <dataPoint><x4>5.883600E+02</x4><x5>1.728949E-01</x5><x6>1.398360E+01</x6></dataPoint>
        <dataPoint><x4>6.353600E+02</x4><x5>1.751451E-01</x5><x6>1.372920E+01</x6></dataPoint>
        <dataPoint><x4>6.843600E+02</x4><x5>1.773822E-01</x5><x6>1.348388E+01</x6></dataPoint>
        <dataPoint><x4>7.353600E+02</x4><x5>1.796598E-01</x5><x6>1.324159E+01</x6></dataPoint>
        <dataPoint><x4>7.883600E+02</x4><x5>1.820680E-01</x5><x6>1.299325E+01</x6></dataPoint>
        <dataPoint><x4>8.433600E+02</x4><x5>1.843392E-01</x5><x6>1.276610E+01</x6></dataPoint>
        <dataPoint><x4>9.003600E+02</x4><x5>1.866159E-01</x5><x6>1.254501E+01</x6></dataPoint>
        <dataPoint><x4>9.593600E+02</x4><x5>1.887655E-01</x5><x6>1.234210E+01</x6></dataPoint>
        <dataPoint><x4>1.020360E+03</x4><x5>1.910421E-01</x5><x6>1.213312E+01</x6></dataPoint>
        <dataPoint><x4>1.083360E+03</x4><x5>1.931101E-01</x5><x6>1.194838E+01</x6></dataPoint>
        <dataPoint><x4>1.148360E+03</x4><x5>1.952325E-01</x5><x6>1.176363E+01</x6></dataPoint>
        <dataPoint><x4>1.215360E+03</x4><x5>1.972306E-01</x5><x6>1.159403E+01</x6></dataPoint>
        <dataPoint><x4>1.284360E+03</x4><x5>1.991303E-01</x5><x6>1.143654E+01</x6></dataPoint>
        <dataPoint><x4>1.355360E+03</x4><x5>2.010365E-01</x5><x6>1.128208E+01</x6></dataPoint>
        <dataPoint><x4>1.428360E+03</x4><x5>2.028323E-01</x5><x6>1.113974E+01</x6></dataPoint>
        <dataPoint><x4>1.503360E+03</x4><x5>2.045487E-01</x5><x6>1.100648E+01</x6></dataPoint>
        <dataPoint><x4>1.580360E+03</x4><x5>2.063404E-01</x5><x6>1.087019E+01</x6></dataPoint>
        <dataPoint><x4>1.659360E+03</x4><x5>2.078420E-01</x5><x6>1.075813E+01</x6></dataPoint>
        <dataPoint><x4>1.740360E+03</x4><x5>2.093700E-01</x5><x6>1.064607E+01</x6></dataPoint>
        <dataPoint><x4>1.823360E+03</x4><x5>2.106711E-01</x5><x6>1.055219E+01</x6></dataPoint>
    </dataGroup>
    <dataGroup id="dg2" label="V-t history" dataPointLink="5;6;7;8;9">
        <property name="time"      id="x4"   label="t"            sourcetype="calculated"  units="ms"  />
        <property name="volume"    id="x5"   label="V"            sourcetype="calculated"  units="cm3" />
        <property name="pressure"  id="x6"   label="p"            sourcetype="estimated"   units="bar"  kind="nonreactive" />

        <dataPoint><x4>0.000000E+00</x4><x5>1.000000E+00</x5><x6>9.332542E-01</x6></dataPoint>
        <dataPoint><x4>6.000000E+00</x4><x5>9.591399E-01</x5><x6>9.938428E-01</x6></dataPoint>
        <dataPoint><x4>1.200000E+01</x4><x5>9.066889E-01</x5><x6>1.081672E+00</x6></dataPoint>
        <dataPoint><x4>1.800000E+01</x4><x5>8.434550E-01</x5><x6>1.205845E+00</x6></dataPoint>
        <dataPoint><x4>2.400000E+01</x4><x5>7.560188E-01</x5><x6>1.420876E+00</x6></dataPoint>
        <dataPoint><x4>3.000000E+01</x4><x5>6.596497E-01</x5><x6>1.741908E+00</x6></dataPoint>
        <dataPoint><x4>3.500000E+01</x4><x5>5.697668E-01</x5><x6>2.165913E+00</x6></dataPoint>
        <dataPoint><x4>4.000000E+01</x4><x5>4.685035E-01</x5><x6>2.892779E+00</x6></dataPoint>
        <dataPoint><x4>4.500000E+01</x4><x5>3.647262E-01</x5><x6>4.176908E+00</x6></dataPoint>
        <dataPoint><x4>5.000000E+01</x4><x5>2.597220E-01</x5><x6>6.836024E+00</x6></dataPoint>
        <dataPoint><x4>5.500000E+01</x4><x5>1.620008E-01</x5><x6>1.341719E+01</x6></dataPoint>
        <dataPoint><x4>5.976000E+01</x4><x5>1.278984E-01</x5><x6>1.872634E+01</x6></dataPoint>
        <dataPoint><x4>6.020000E+01</x4><x5>1.280016E-01</x5><x6>1.870514E+01</x6></dataPoint>
        <dataPoint><x4>6.320000E+01</x4><x5>1.304453E-01</x5><x6>1.821450E+01</x6></dataPoint>
        <dataPoint><x4>6.820000E+01</x4><x5>1.330190E-01</x5><x6>1.772084E+01</x6></dataPoint>
        <dataPoint><x4>7.520000E+01</x4><x5>1.355304E-01</x5><x6>1.726049E+01</x6></dataPoint>
        <dataPoint><x4>8.420000E+01</x4><x5>1.376295E-01</x5><x6>1.689100E+01</x6></dataPoint>
        <dataPoint><x4>9.520000E+01</x4><x5>1.397710E-01</x5><x6>1.652757E+01</x6></dataPoint>
        <dataPoint><x4>1.082000E+02</x4><x5>1.415423E-01</x5><x6>1.623682E+01</x6></dataPoint>
        <dataPoint><x4>1.232000E+02</x4><x5>1.433293E-01</x5><x6>1.595213E+01</x6></dataPoint>
        <dataPoint><x4>1.402000E+02</x4><x5>1.451708E-01</x5><x6>1.566744E+01</x6></dataPoint>
        <dataPoint><x4>1.592000E+02</x4><x5>1.469466E-01</x5><x6>1.540093E+01</x6></dataPoint>
        <dataPoint><x4>1.802000E+02</x4><x5>1.487961E-01</x5><x6>1.513138E+01</x6></dataPoint>
        <dataPoint><x4>2.032000E+02</x4><x5>1.507018E-01</x5><x6>1.486183E+01</x6></dataPoint>
        <dataPoint><x4>2.282000E+02</x4><x5>1.526219E-01</x5><x6>1.459834E+01</x6></dataPoint>
        <dataPoint><x4>2.552000E+02</x4><x5>1.546243E-01</x5><x6>1.433183E+01</x6></dataPoint>
        <dataPoint><x4>2.842000E+02</x4><x5>1.564997E-01</x5><x6>1.408954E+01</x6></dataPoint>
        <dataPoint><x4>3.152000E+02</x4><x5>1.587002E-01</x5><x6>1.381393E+01</x6></dataPoint>
        <dataPoint><x4>3.482000E+02</x4><x5>1.606965E-01</x5><x6>1.357165E+01</x6></dataPoint>
        <dataPoint><x4>3.832000E+02</x4><x5>1.629105E-01</x5><x6>1.331119E+01</x6></dataPoint>
        <dataPoint><x4>4.202000E+02</x4><x5>1.651175E-01</x5><x6>1.305981E+01</x6></dataPoint>
        <dataPoint><x4>4.592000E+02</x4><x5>1.673412E-01</x5><x6>1.281449E+01</x6></dataPoint>
        <dataPoint><x4>5.002000E+02</x4><x5>1.696088E-01</x5><x6>1.257221E+01</x6></dataPoint>
        <dataPoint><x4>5.432000E+02</x4><x5>1.719212E-01</x5><x6>1.233295E+01</x6></dataPoint>
        <dataPoint><x4>5.882000E+02</x4><x5>1.742487E-01</x5><x6>1.209974E+01</x6></dataPoint>
        <dataPoint><x4>6.352000E+02</x4><x5>1.767163E-01</x5><x6>1.186048E+01</x6></dataPoint>
        <dataPoint><x4>6.842000E+02</x4><x5>1.790392E-01</x5><x6>1.164242E+01</x6></dataPoint>
        <dataPoint><x4>7.352000E+02</x4><x5>1.815378E-01</x5><x6>1.141528E+01</x6></dataPoint>
        <dataPoint><x4>7.882000E+02</x4><x5>1.837367E-01</x5><x6>1.122145E+01</x6></dataPoint>
        <dataPoint><x4>8.432000E+02</x4><x5>1.860722E-01</x5><x6>1.102156E+01</x6></dataPoint>
        <dataPoint><x4>9.002000E+02</x4><x5>1.882578E-01</x5><x6>1.083984E+01</x6></dataPoint>
        <dataPoint><x4>9.592000E+02</x4><x5>1.905817E-01</x5><x6>1.065207E+01</x6></dataPoint>
        <dataPoint><x4>1.020200E+03</x4><x5>1.927406E-01</x5><x6>1.048247E+01</x6></dataPoint>
        <dataPoint><x4>1.083200E+03</x4><x5>1.949588E-01</x5><x6>1.031286E+01</x6></dataPoint>
        <dataPoint><x4>1.148200E+03</x4><x5>1.970327E-01</x5><x6>1.015841E+01</x6></dataPoint>
        <dataPoint><x4>1.215200E+03</x4><x5>1.990757E-01</x5><x6>1.001000E+01</x6></dataPoint>
        <dataPoint><x4>1.284200E+03</x4><x5>2.008246E-01</x5><x6>9.885831E+00</x6></dataPoint>
        <dataPoint><x4>1.355200E+03</x4><x5>2.027869E-01</x5><x6>9.749544E+00</x6></dataPoint>
        <dataPoint><x4>1.428200E+03</x4><x5>2.045701E-01</x5><x6>9.628399E+00</x6></dataPoint>
        <dataPoint><x4>1.503200E+03</x4><x5>2.060239E-01</x5><x6>9.531484E+00</x6></dataPoint>
        <dataPoint><x4>1.580200E+03</x4><x5>2.077828E-01</x5><x6>9.416397E+00</x6></dataPoint>
        <dataPoint><x4>1.659200E+03</x4><x5>2.091970E-01</x5><x6>9.325539E+00</x6></dataPoint>
        <dataPoint><x4>1.740200E+03</x4><x5>2.105378E-01</x5><x6>9.240738E+00</x6></dataPoint>
        <dataPoint><x4>1.823200E+03</x4><x5>2.119975E-01</x5><x6>9.149879E+00</x6></dataPoint>
    </dataGroup>
    <dataGroup id="dg2" label="V-t history" dataPointLink="10;11;12;13;14;15">
        <property name="time"      id="x4"   label="t"            sourcetype="calculated"  units="ms"  />
        <property name="volume"    id="x5"   label="V"            sourcetype="calculated"  units="cm3" />
        <property name="pressure"  id="x6"   label="p"            sourcetype="calculated"  units="bar"  kind="nonreactive" />

        <dataPoint><x4>0.000000E+00</x4><x5>1.000000E+00</x5><x6>7.999321E-01</x6></dataPoint>
        <dataPoint><x4>6.000000E+00</x4><x5>9.353237E-01</x5><x6>8.847493E-01</x6></dataPoint>
        <dataPoint><x4>1.200000E+01</x4><x5>8.931607E-01</x5><x6>9.483500E-01</x6></dataPoint>
        <dataPoint><x4>1.800000E+01</x4><x5>8.260364E-01</x5><x6>1.066466E+00</x6></dataPoint>
        <dataPoint><x4>2.400000E+01</x4><x5>7.461264E-01</x5><x6>1.242125E+00</x6></dataPoint>
        <dataPoint><x4>3.000000E+01</x4><x5>6.489582E-01</x5><x6>1.529842E+00</x6></dataPoint>
        <dataPoint><x4>3.600000E+01</x4><x5>5.442077E-01</x5><x6>1.987162E+00</x6></dataPoint>
        <dataPoint><x4>4.200000E+01</x4><x5>4.261499E-01</x5><x6>2.850314E+00</x6></dataPoint>
        <dataPoint><x4>4.700000E+01</x4><x5>3.236047E-01</x5><x6>4.261645E+00</x6></dataPoint>
        <dataPoint><x4>5.200000E+01</x4><x5>2.225025E-01</x5><x6>7.317509E+00</x6></dataPoint>
        <dataPoint><x4>5.700000E+01</x4><x5>1.386560E-01</x5><x6>1.432571E+01</x6></dataPoint>
        <dataPoint><x4>5.980000E+01</x4><x5>1.281415E-01</x5><x6>1.600658E+01</x6></dataPoint>
        <dataPoint><x4>6.056000E+01</x4><x5>1.289412E-01</x5><x6>1.586727E+01</x6></dataPoint>
        <dataPoint><x4>6.356000E+01</x4><x5>1.310114E-01</x5><x6>1.551595E+01</x6></dataPoint>
        <dataPoint><x4>6.856000E+01</x4><x5>1.335417E-01</x5><x6>1.510406E+01</x6></dataPoint>
        <dataPoint><x4>7.556000E+01</x4><x5>1.360716E-01</x5><x6>1.471034E+01</x6></dataPoint>
        <dataPoint><x4>8.456000E+01</x4><x5>1.382827E-01</x5><x6>1.438022E+01</x6></dataPoint>
        <dataPoint><x4>9.556000E+01</x4><x5>1.403449E-01</x5><x6>1.408342E+01</x6></dataPoint>
        <dataPoint><x4>1.085600E+02</x4><x5>1.422381E-01</x5><x6>1.381993E+01</x6></dataPoint>
        <dataPoint><x4>1.235600E+02</x4><x5>1.440334E-01</x5><x6>1.357764E+01</x6></dataPoint>
        <dataPoint><x4>1.405600E+02</x4><x5>1.460246E-01</x5><x6>1.331718E+01</x6></dataPoint>
        <dataPoint><x4>1.595600E+02</x4><x5>1.478882E-01</x5><x6>1.308095E+01</x6></dataPoint>
        <dataPoint><x4>1.805600E+02</x4><x5>1.499345E-01</x5><x6>1.282957E+01</x6></dataPoint>
        <dataPoint><x4>2.035600E+02</x4><x5>1.519458E-01</x5><x6>1.259031E+01</x6></dataPoint>
        <dataPoint><x4>2.285600E+02</x4><x5>1.542099E-01</x5><x6>1.232985E+01</x6></dataPoint>
        <dataPoint><x4>2.555600E+02</x4><x5>1.562788E-01</x5><x6>1.209968E+01</x6></dataPoint>
        <dataPoint><x4>2.845600E+02</x4><x5>1.585293E-01</x5><x6>1.185739E+01</x6></dataPoint>
        <dataPoint><x4>3.155600E+02</x4><x5>1.608584E-01</x5><x6>1.161510E+01</x6></dataPoint>
        <dataPoint><x4>3.485600E+02</x4><x5>1.632094E-01</x5><x6>1.137887E+01</x6></dataPoint>
        <dataPoint><x4>3.835600E+02</x4><x5>1.653586E-01</x5><x6>1.116990E+01</x6></dataPoint>
        <dataPoint><x4>4.205600E+02</x4><x5>1.678054E-01</x5><x6>1.093972E+01</x6></dataPoint>
        <dataPoint><x4>4.595600E+02</x4><x5>1.700353E-01</x5><x6>1.073681E+01</x6></dataPoint>
        <dataPoint><x4>5.005600E+02</x4><x5>1.725819E-01</x5><x6>1.051269E+01</x6></dataPoint>
        <dataPoint><x4>5.435600E+02</x4><x5>1.747868E-01</x5><x6>1.032492E+01</x6></dataPoint>
        <dataPoint><x4>5.885600E+02</x4><x5>1.772838E-01</x5><x6>1.011897E+01</x6></dataPoint>
        <dataPoint><x4>6.355600E+02</x4><x5>1.796360E-01</x5><x6>9.931196E+00</x6></dataPoint>
        <dataPoint><x4>6.845600E+02</x4><x5>1.818652E-01</x5><x6>9.758566E+00</x6></dataPoint>
        <dataPoint><x4>7.355600E+02</x4><x5>1.842026E-01</x5><x6>9.582907E+00</x6></dataPoint>
        <dataPoint><x4>7.885600E+02</x4><x5>1.865285E-01</x5><x6>9.413305E+00</x6></dataPoint>
        <dataPoint><x4>8.435600E+02</x4><x5>1.887521E-01</x5><x6>9.255817E+00</x6></dataPoint>
        <dataPoint><x4>9.005600E+02</x4><x5>1.910847E-01</x5><x6>9.095301E+00</x6></dataPoint>
        <dataPoint><x4>9.595600E+02</x4><x5>1.930743E-01</x5><x6>8.962042E+00</x6></dataPoint>
        <dataPoint><x4>1.020560E+03</x4><x5>1.953491E-01</x5><x6>8.813640E+00</x6></dataPoint>
        <dataPoint><x4>1.083560E+03</x4><x5>1.973506E-01</x5><x6>8.686439E+00</x6></dataPoint>
        <dataPoint><x4>1.148560E+03</x4><x5>1.994018E-01</x5><x6>8.559237E+00</x6></dataPoint>
        <dataPoint><x4>1.215560E+03</x4><x5>2.012010E-01</x5><x6>8.450208E+00</x6></dataPoint>
        <dataPoint><x4>1.284560E+03</x4><x5>2.030912E-01</x5><x6>8.338149E+00</x6></dataPoint>
        <dataPoint><x4>1.355560E+03</x4><x5>2.047079E-01</x5><x6>8.244262E+00</x6></dataPoint>
        <dataPoint><x4>1.428560E+03</x4><x5>2.064094E-01</x5><x6>8.147347E+00</x6></dataPoint>
        <dataPoint><x4>1.503560E+03</x4><x5>2.079809E-01</x5><x6>8.059517E+00</x6></dataPoint>
        <dataPoint><x4>1.580560E+03</x4><x5>2.096371E-01</x5><x6>7.968659E+00</x6></dataPoint>
        <dataPoint><x4>1.659560E+03</x4><x5>2.110415E-01</x5><x6>7.892944E+00</x6></dataPoint>
        <dataPoint><x4>1.740560E+03</x4><x5>2.125263E-01</x5><x6>7.814200E+00</x6></dataPoint>
        <dataPoint><x4>1.823560E+03</x4><x5>2.136272E-01</x5><x6>7.756657E+00</x6></dataPoint>
    </dataGroup>
</experiment>
