<experiment>
    <fileAuthor>Chemical Kinetics Laboratory, Institute of Chemistry, ELTE, Budapest, Hungary</fileAuthor>
    <fileDOI>10.24388/x40004013</fileDOI>
    <fileVersion>
        <major>2</major>
        <minor>3</minor>
    </fileVersion>
    <ReSpecThVersion>
        <major>2</major>
        <minor>3</minor>
    </ReSpecThVersion>
    <firstPublicationDate>2020-09-08</firstPublicationDate>
    <lastModificationDate>2020-11-18</lastModificationDate>
    <bibliographyLink>
        <description>A. Ramalingam, K. Zhang, A. Dhongde, L. Virnich, H. Sankhla, H. Curran, A. Heufer, Fuel 206 (2017) 325–333.</description>
        <referenceDOI>10.1016/j.fuel.2017.06.005</referenceDOI>
        <location>Main Article + Supplementary</location>
        <table>Table 1, Table S1, Table S8</table>
        <figure>Fig. 7, No. 1, Pc = 105 bar, phi = 0.526</figure>
        <details>
            <author>A. Ramalingam, K. Zhang, A. Dhongde, L. Virnich, H. Sankhla, H. Curran, A. Heufer</author>
            <journal>Fuel</journal>
            <pages>325–-333</pages>
            <title>An RCM experimental and modeling study on CH4 and CH4/C2H6 oxidation at pressures up to 160 bar</title>
            <volume>206</volume>
            <year>2017</year>
        </details>
    </bibliographyLink>
    <experimentType>ignition delay measurement</experimentType>
    <apparatus>
        <kind>rapid compression machine</kind>
    </apparatus>
    <commonProperties>
        <property name="initial composition"           sourcetype="calculated" >
            <component><speciesLink preferredKey="CH4"  CAS="74-82-8"    InChI="1S/CH4/h1H4"  SMILES="C"     chemName="methane"  /><amount units="mole fraction" >0.047381</amount></component>
            <component><speciesLink preferredKey="O2"   CAS="7782-44-7"  InChI="1S/O2/c1-2"   SMILES="O=O"   chemName="oxygen"   /><amount units="mole fraction" >0.179928</amount></component>
            <component><speciesLink preferredKey="N2"   CAS="7727-37-9"  InChI="1S/N2/c1-2"   SMILES="N#N"   chemName="nitrogen" /><amount units="mole fraction" >0.316873</amount></component>
            <component><speciesLink preferredKey="Ar"   CAS="7440-37-1"  InChI="1S/Ar"        SMILES="[Ar]"  chemName="argon"    /><amount units="mole fraction" >0.455818</amount></component>
        </property>
        <property name="evaluated standard deviation"  sourcetype="estimated"   units="unitless"       reference="ignition delay"  kind="relative"  method="generic uncertainty" ><value>0.1</value></property>
    </commonProperties>
    <dataGroup id="dg1" label="measured data">
        <property name="pressure"        id="x1"   label="P"              sourcetype="reported"  units="atm" />
        <property name="temperature"     id="x2"   label="T"              sourcetype="reported"  units="K"   />
        <property name="ignition delay"  id="x3"   label="tau"            sourcetype="reported"  units="ms"  />

        <dataPoint><x1>2.684</x1><x2>294.70</x2><x3>39.86</x3></dataPoint>
        <dataPoint><x1>2.684</x1><x2>294.70</x2><x3>37.94</x3></dataPoint>
        <dataPoint><x1>2.684</x1><x2>294.70</x2><x3>35.72</x3></dataPoint>
    </dataGroup>
    <ignitionType target="p;" type="d/dt max"/>
    <dataGroup id="dg2" label="V-t history" dataPointLink="all">
        <property name="time"    id="x4"   label="t"            sourcetype="calculated"  units="s"   />
        <property name="volume"  id="x5"   label="V"            sourcetype="calculated"  units="cm3" />

        <dataPoint><x4>0.000000E+00</x4><x5>1.000000E+00</x5></dataPoint>
        <dataPoint><x4>2.743400E-03</x4><x5>8.347598E-01</x5></dataPoint>
        <dataPoint><x4>4.084290E-03</x4><x5>7.368988E-01</x5></dataPoint>
        <dataPoint><x4>5.575730E-03</x4><x5>6.326095E-01</x5></dataPoint>
        <dataPoint><x4>7.265630E-03</x4><x5>5.012781E-01</x5></dataPoint>
        <dataPoint><x4>8.995700E-03</x4><x5>3.728074E-01</x5></dataPoint>
        <dataPoint><x4>1.001068E-02</x4><x5>3.034988E-01</x5></dataPoint>
        <dataPoint><x4>1.096053E-02</x4><x5>2.371184E-01</x5></dataPoint>
        <dataPoint><x4>1.198566E-02</x4><x5>1.689155E-01</x5></dataPoint>
        <dataPoint><x4>1.287553E-02</x4><x5>1.177506E-01</x5></dataPoint>
        <dataPoint><x4>1.338591E-02</x4><x5>9.949990E-02</x5></dataPoint>
        <dataPoint><x4>1.377642E-02</x4><x5>9.064845E-02</x5></dataPoint>
        <dataPoint><x4>1.591779E-02</x4><x5>7.961678E-02</x5></dataPoint>
        <dataPoint><x4>1.659854E-02</x4><x5>8.024592E-02</x5></dataPoint>
        <dataPoint><x4>1.869193E-02</x4><x5>8.157591E-02</x5></dataPoint>
        <dataPoint><x4>2.038369E-02</x4><x5>8.250247E-02</x5></dataPoint>
        <dataPoint><x4>2.239412E-02</x4><x5>8.345283E-02</x5></dataPoint>
        <dataPoint><x4>2.553146E-02</x4><x5>8.462241E-02</x5></dataPoint>
        <dataPoint><x4>3.024147E-02</x4><x5>8.612012E-02</x5></dataPoint>
        <dataPoint><x4>3.559144E-02</x4><x5>8.748322E-02</x5></dataPoint>
        <dataPoint><x4>4.168226E-02</x4><x5>8.878022E-02</x5></dataPoint>
        <dataPoint><x4>4.688526E-02</x4><x5>8.972997E-02</x5></dataPoint>
        <dataPoint><x4>5.342706E-02</x4><x5>9.081147E-02</x5></dataPoint>
        <dataPoint><x4>5.965306E-02</x4><x5>9.169404E-02</x5></dataPoint>
        <dataPoint><x4>6.875526E-02</x4><x5>9.285685E-02</x5></dataPoint>
        <dataPoint><x4>7.733026E-02</x4><x5>9.384240E-02</x5></dataPoint>
        <dataPoint><x4>8.884316E-02</x4><x5>9.502878E-02</x5></dataPoint>
        <dataPoint><x4>1.028997E-01</x4><x5>9.632366E-02</x5></dataPoint>
        <dataPoint><x4>1.179149E-01</x4><x5>9.758577E-02</x5></dataPoint>
        <dataPoint><x4>1.373631E-01</x4><x5>9.907773E-02</x5></dataPoint>
        <dataPoint><x4>1.576661E-01</x4><x5>1.005299E-01</x5></dataPoint>
        <dataPoint><x4>1.853770E-01</x4><x5>1.024024E-01</x5></dataPoint>
        <dataPoint><x4>2.137100E-01</x4><x5>1.042694E-01</x5></dataPoint>
    </dataGroup>
</experiment>
