<experiment>
    <fileAuthor>Chemical Kinetics Laboratory, Institute of Chemistry, ELTE, Budapest, Hungary</fileAuthor>
    <fileDOI>10.24388/x40004036</fileDOI>
    <fileVersion>
        <major>2</major>
        <minor>3</minor>
    </fileVersion>
    <ReSpecThVersion>
        <major>2</major>
        <minor>3</minor>
    </ReSpecThVersion>
    <firstPublicationDate>2020-09-08</firstPublicationDate>
    <lastModificationDate>2020-11-18</lastModificationDate>
    <bibliographyLink>
        <description>U. Burke, K. P. Somers, P. O’Toole, C. M. Zinner, N. Marquet, G. Bourque, E. L. Petersen, W. K. Metcalfe, Z. Serinyel, H. J. Curran, Combustion and Flame 162 (2015), 315–330.</description>
        <referenceDOI>10.1016/j.combustflame.2014.08.014</referenceDOI>
        <location>Main Article + Personal Communication</location>
        <table>Table 3</table>
        <figure>Fig.5 (a), black square, phi = 0.3, Pc = 10 atm</figure>
        <details>
            <author>U. Burke, K. P. Somers, P. O’Toole, C. M. Zinner, N. Marquet, G. Bourque, E. L. Petersen, W. K. Metcalfe, Z. Serinyel, H. J. Curran</author>
            <journal>Combust Flame</journal>
            <pages>315–-330</pages>
            <title>An ignition delay and kinetic modeling study of methane, dimethyl ether, and their mixtures at high pressures</title>
            <volume>162</volume>
            <year>2015</year>
        </details>
    </bibliographyLink>
    <experimentType>ignition delay measurement</experimentType>
    <apparatus>
        <kind>rapid compression machine</kind>
    </apparatus>
    <commonProperties>
        <property name="initial composition"           sourcetype="calculated" >
            <component><speciesLink preferredKey="CH4"  CAS="74-82-8"    InChI="1S/CH4/h1H4"  SMILES="C"     chemName="methane" /><amount units="mole fraction" >0.03053435</amount></component>
            <component><speciesLink preferredKey="O2"   CAS="7782-44-7"  InChI="1S/O2/c1-2"   SMILES="O=O"   chemName="oxygen"  /><amount units="mole fraction" >0.20366412</amount></component>
            <component><speciesLink preferredKey="Ar"   CAS="7440-37-1"  InChI="1S/Ar"        SMILES="[Ar]"  chemName="argon"   /><amount units="mole fraction" >0.76580153</amount></component>
        </property>
        <property name="evaluated standard deviation"  sourcetype="estimated"   units="unitless"       reference="ignition delay"  kind="relative"  method="statistical scatter" ><value>0.252</value></property>
    </commonProperties>
    <dataGroup id="dg1" label="measured data">
        <property name="pressure"        id="x1"   label="P"              sourcetype="calculated"  units="atm" />
        <property name="temperature"     id="x2"   label="T"              sourcetype="calculated"  units="K"   />
        <property name="ignition delay"  id="x3"   label="tau"            sourcetype="reported"    units="ms"  />

        <dataPoint><x1>0.3466</x1><x2>343.0</x2><x3>78.0</x3></dataPoint>
        <dataPoint><x1>0.3466</x1><x2>343.3</x2><x3>73.6</x3></dataPoint>
        <dataPoint><x1>0.3476</x1><x2>353.5</x2><x3>32.3</x3></dataPoint>
        <dataPoint><x1>0.3476</x1><x2>354.5</x2><x3>32.8</x3></dataPoint>
        <dataPoint><x1>0.3482</x1><x2>363.3</x2><x3>20.1</x3></dataPoint>
        <dataPoint><x1>0.3482</x1><x2>363.6</x2><x3>23.3</x3></dataPoint>
        <dataPoint><x1>0.3490</x1><x2>375.5</x2> <x3>7.8</x3></dataPoint>
    </dataGroup>
    <ignitionType target="p;" type="d/dt max"/>
    <comment>The inital temperature and pressure were deduced backward from the temperature and pressure at the end of compression showed in original article, the adjustments of initial pressure were within 0.50%</comment>
    <dataGroup id="dg2" label="V-t history" dataPointLink="all">
        <property name="time"    id="x4"   label="t"            sourcetype="calculated"  units="s"   />
        <property name="volume"  id="x5"   label="V"            sourcetype="calculated"  units="cm3" />

        <dataPoint><x4>0.000000E+00</x4><x5>1.000000E+00</x5></dataPoint>
        <dataPoint><x4>8.029970E-04</x4><x5>9.740840E-01</x5></dataPoint>
        <dataPoint><x4>1.424746E-03</x4><x5>9.610358E-01</x5></dataPoint>
        <dataPoint><x4>2.585878E-03</x4><x5>9.309502E-01</x5></dataPoint>
        <dataPoint><x4>3.525412E-03</x4><x5>8.911965E-01</x5></dataPoint>
        <dataPoint><x4>4.392222E-03</x4><x5>8.472378E-01</x5></dataPoint>
        <dataPoint><x4>4.937628E-03</x4><x5>8.169250E-01</x5></dataPoint>
        <dataPoint><x4>5.729418E-03</x4><x5>7.712323E-01</x5></dataPoint>
        <dataPoint><x4>6.286467E-03</x4><x5>7.317078E-01</x5></dataPoint>
        <dataPoint><x4>7.129402E-03</x4><x5>6.686305E-01</x5></dataPoint>
        <dataPoint><x4>7.638165E-03</x4><x5>6.295890E-01</x5></dataPoint>
        <dataPoint><x4>8.234653E-03</x4><x5>5.832697E-01</x5></dataPoint>
        <dataPoint><x4>8.438507E-03</x4><x5>5.672744E-01</x5></dataPoint>
        <dataPoint><x4>8.933712E-03</x4><x5>5.289985E-01</x5></dataPoint>
        <dataPoint><x4>9.387391E-03</x4><x5>4.948095E-01</x5></dataPoint>
        <dataPoint><x4>9.738511E-03</x4><x5>4.685202E-01</x5></dataPoint>
        <dataPoint><x4>1.018461E-02</x4><x5>4.350307E-01</x5></dataPoint>
        <dataPoint><x4>1.038444E-02</x4><x5>4.191057E-01</x5></dataPoint>
        <dataPoint><x4>1.068673E-02</x4><x5>3.957612E-01</x5></dataPoint>
        <dataPoint><x4>1.098769E-02</x4><x5>3.725137E-01</x5></dataPoint>
        <dataPoint><x4>1.128635E-02</x4><x5>3.486279E-01</x5></dataPoint>
        <dataPoint><x4>1.153578E-02</x4><x5>3.294359E-01</x5></dataPoint>
        <dataPoint><x4>1.178639E-02</x4><x5>3.092543E-01</x5></dataPoint>
        <dataPoint><x4>1.198609E-02</x4><x5>2.931334E-01</x5></dataPoint>
        <dataPoint><x4>1.223648E-02</x4><x5>2.730339E-01</x5></dataPoint>
        <dataPoint><x4>1.248591E-02</x4><x5>2.534720E-01</x5></dataPoint>
        <dataPoint><x4>1.273603E-02</x4><x5>2.345670E-01</x5></dataPoint>
        <dataPoint><x4>1.298536E-02</x4><x5>2.166254E-01</x5></dataPoint>
        <dataPoint><x4>1.323628E-02</x4><x5>1.998291E-01</x5></dataPoint>
        <dataPoint><x4>1.348597E-02</x4><x5>1.845362E-01</x5></dataPoint>
        <dataPoint><x4>1.373623E-02</x4><x5>1.706831E-01</x5></dataPoint>
        <dataPoint><x4>1.398636E-02</x4><x5>1.580684E-01</x5></dataPoint>
        <dataPoint><x4>1.418509E-02</x4><x5>1.487481E-01</x5></dataPoint>
        <dataPoint><x4>1.473377E-02</x4><x5>1.269374E-01</x5></dataPoint>
        <dataPoint><x4>1.498610E-02</x4><x5>1.202138E-01</x5></dataPoint>
        <dataPoint><x4>1.519122E-02</x4><x5>1.163848E-01</x5></dataPoint>
        <dataPoint><x4>1.539458E-02</x4><x5>1.141088E-01</x5></dataPoint>
        <dataPoint><x4>1.566271E-02</x4><x5>1.126702E-01</x5></dataPoint>
        <dataPoint><x4>1.602188E-02</x4><x5>1.116290E-01</x5></dataPoint>
        <dataPoint><x4>1.691716E-02</x4><x5>1.109884E-01</x5></dataPoint>
        <dataPoint><x4>1.756779E-02</x4><x5>1.115223E-01</x5></dataPoint>
        <dataPoint><x4>1.898743E-02</x4><x5>1.148305E-01</x5></dataPoint>
        <dataPoint><x4>1.991428E-02</x4><x5>1.161950E-01</x5></dataPoint>
        <dataPoint><x4>2.067188E-02</x4><x5>1.170685E-01</x5></dataPoint>
        <dataPoint><x4>2.194891E-02</x4><x5>1.180307E-01</x5></dataPoint>
        <dataPoint><x4>2.495439E-02</x4><x5>1.224056E-01</x5></dataPoint>
        <dataPoint><x4>2.645041E-02</x4><x5>1.238450E-01</x5></dataPoint>
        <dataPoint><x4>2.924859E-02</x4><x5>1.255247E-01</x5></dataPoint>
        <dataPoint><x4>3.121068E-02</x4><x5>1.276427E-01</x5></dataPoint>
        <dataPoint><x4>3.251322E-02</x4><x5>1.287132E-01</x5></dataPoint>
        <dataPoint><x4>3.555363E-02</x4><x5>1.301413E-01</x5></dataPoint>
        <dataPoint><x4>3.666523E-02</x4><x5>1.311499E-01</x5></dataPoint>
        <dataPoint><x4>3.923200E-02</x4><x5>1.329479E-01</x5></dataPoint>
        <dataPoint><x4>4.191883E-02</x4><x5>1.339445E-01</x5></dataPoint>
        <dataPoint><x4>4.462333E-02</x4><x5>1.358020E-01</x5></dataPoint>
        <dataPoint><x4>5.320666E-02</x4><x5>1.395755E-01</x5></dataPoint>
        <dataPoint><x4>5.932534E-02</x4><x5>1.420559E-01</x5></dataPoint>
        <dataPoint><x4>6.931145E-02</x4><x5>1.454973E-01</x5></dataPoint>
        <dataPoint><x4>7.952388E-02</x4><x5>1.482618E-01</x5></dataPoint>
        <dataPoint><x4>8.811592E-02</x4><x5>1.499941E-01</x5></dataPoint>
        <dataPoint><x4>9.768500E-02</x4><x5>1.517193E-01</x5></dataPoint>
        <dataPoint><x4>1.194286E-01</x4><x5>1.544433E-01</x5></dataPoint>
        <dataPoint><x4>1.758953E-01</x4><x5>1.597869E-01</x5></dataPoint>
        <dataPoint><x4>2.111595E-01</x4><x5>1.638031E-01</x5></dataPoint>
        <dataPoint><x4>2.282260E-01</x4><x5>1.660398E-01</x5></dataPoint>
        <dataPoint><x4>2.985036E-01</x4><x5>1.754003E-01</x5></dataPoint>
        <dataPoint><x4>3.364807E-01</x4><x5>1.807797E-01</x5></dataPoint>
        <dataPoint><x4>3.720847E-01</x4><x5>1.858650E-01</x5></dataPoint>
        <dataPoint><x4>3.955946E-01</x4><x5>1.891345E-01</x5></dataPoint>
        <dataPoint><x4>4.247806E-01</x4><x5>1.928109E-01</x5></dataPoint>
        <dataPoint><x4>4.484018E-01</x4><x5>1.956673E-01</x5></dataPoint>
        <dataPoint><x4>4.484305E-01</x4><x5>1.952277E-01</x5></dataPoint>
    </dataGroup>
</experiment>
