<experiment>
    <fileAuthor>Chemical Kinetics Laboratory, Institute of Chemistry, ELTE, Budapest, Hungary</fileAuthor>
    <fileDOI>10.24388/x40004025</fileDOI>
    <fileVersion>
        <major>2</major>
        <minor>3</minor>
    </fileVersion>
    <ReSpecThVersion>
        <major>2</major>
        <minor>3</minor>
    </ReSpecThVersion>
    <firstPublicationDate>2020-09-08</firstPublicationDate>
    <lastModificationDate>2020-11-18</lastModificationDate>
    <bibliographyLink>
        <description>A. Ramalingam, K. Zhang, A. Dhongde, L. Virnich, H. Sankhla, H. Curran, A. Heufer, Fuel 206 (2017) 325–333.</description>
        <referenceDOI>10.1016/j.fuel.2017.06.005</referenceDOI>
        <location>Main Article + Supplementary</location>
        <table>Table 1, Table S4, Table S8</table>
        <figure>Fig. 9, No. 4, Pc = 125 bar, phi = 0.526</figure>
        <details>
            <author>A. Ramalingam, K. Zhang, A. Dhongde, L. Virnich, H. Sankhla, H. Curran, A. Heufer</author>
            <journal>Fuel</journal>
            <pages>325–-333</pages>
            <title>An RCM experimental and modeling study on CH4 and CH4/C2H6 oxidation at pressures up to 160 bar</title>
            <volume>206</volume>
            <year>2017</year>
        </details>
    </bibliographyLink>
    <experimentType>ignition delay measurement</experimentType>
    <apparatus>
        <kind>rapid compression machine</kind>
    </apparatus>
    <commonProperties>
        <property name="initial composition"           sourcetype="calculated" >
            <component><speciesLink preferredKey="CH4"  CAS="74-82-8"    InChI="1S/CH4/h1H4"  SMILES="C"     chemName="methane"  /><amount units="mole fraction" >0.052370</amount></component>
            <component><speciesLink preferredKey="O2"   CAS="7782-44-7"  InChI="1S/O2/c1-2"   SMILES="O=O"   chemName="oxygen"   /><amount units="mole fraction" >0.199005</amount></component>
            <component><speciesLink preferredKey="N2"   CAS="7727-37-9"  InChI="1S/N2/c1-2"   SMILES="N#N"   chemName="nitrogen" /><amount units="mole fraction" >0.269495</amount></component>
            <component><speciesLink preferredKey="Ar"   CAS="7440-37-1"  InChI="1S/Ar"        SMILES="[Ar]"  chemName="argon"    /><amount units="mole fraction" >0.479131</amount></component>
        </property>
        <property name="evaluated standard deviation"  sourcetype="estimated"   units="unitless"       reference="ignition delay"  kind="relative"  method="statistical scatter" ><value>0.109</value></property>
    </commonProperties>
    <dataGroup id="dg1" label="measured data">
        <property name="pressure"        id="x1"   label="P"              sourcetype="reported"  units="atm" />
        <property name="temperature"     id="x2"   label="T"              sourcetype="reported"  units="K"   />
        <property name="ignition delay"  id="x3"   label="tau"            sourcetype="reported"  units="ms"  />

        <dataPoint><x1>3.148</x1><x2>294.60</x2><x3>14.90</x3></dataPoint>
        <dataPoint><x1>3.148</x1><x2>294.60</x2><x3>14.90</x3></dataPoint>
    </dataGroup>
    <ignitionType target="p;" type="d/dt max"/>
    <dataGroup id="dg2" label="V-t history" dataPointLink="all">
        <property name="time"    id="x4"   label="t"            sourcetype="calculated"  units="s"   />
        <property name="volume"  id="x5"   label="V"            sourcetype="calculated"  units="cm3" />

        <dataPoint><x4>0.000000E+00</x4><x5>1.000000E+00</x5></dataPoint>
        <dataPoint><x4>2.745060E-03</x4><x5>8.652690E-01</x5></dataPoint>
        <dataPoint><x4>5.494880E-03</x4><x5>6.677606E-01</x5></dataPoint>
        <dataPoint><x4>6.796320E-03</x4><x5>5.687469E-01</x5></dataPoint>
        <dataPoint><x4>8.570640E-03</x4><x5>4.268064E-01</x5></dataPoint>
        <dataPoint><x4>9.586180E-03</x4><x5>3.497964E-01</x5></dataPoint>
        <dataPoint><x4>1.052590E-02</x4><x5>2.783487E-01</x5></dataPoint>
        <dataPoint><x4>1.161528E-02</x4><x5>2.016756E-01</x5></dataPoint>
        <dataPoint><x4>1.225541E-02</x4><x5>1.577745E-01</x5></dataPoint>
        <dataPoint><x4>1.291025E-02</x4><x5>1.192746E-01</x5></dataPoint>
        <dataPoint><x4>1.314550E-02</x4><x5>1.077109E-01</x5></dataPoint>
        <dataPoint><x4>1.602647E-02</x4><x5>8.000227E-02</x5></dataPoint>
        <dataPoint><x4>1.649188E-02</x4><x5>8.043835E-02</x5></dataPoint>
        <dataPoint><x4>1.891461E-02</x4><x5>8.192925E-02</x5></dataPoint>
        <dataPoint><x4>2.106687E-02</x4><x5>8.306544E-02</x5></dataPoint>
        <dataPoint><x4>2.344878E-02</x4><x5>8.407511E-02</x5></dataPoint>
        <dataPoint><x4>2.894283E-02</x4><x5>8.584517E-02</x5></dataPoint>
        <dataPoint><x4>3.225391E-02</x4><x5>8.675543E-02</x5></dataPoint>
        <dataPoint><x4>3.590261E-02</x4><x5>8.761995E-02</x5></dataPoint>
        <dataPoint><x4>4.073785E-02</x4><x5>8.863609E-02</x5></dataPoint>
        <dataPoint><x4>4.637516E-02</x4><x5>8.965341E-02</x5></dataPoint>
        <dataPoint><x4>5.459106E-02</x4><x5>9.095410E-02</x5></dataPoint>
        <dataPoint><x4>6.484626E-02</x4><x5>9.229975E-02</x5></dataPoint>
        <dataPoint><x4>7.626076E-02</x4><x5>9.359581E-02</x5></dataPoint>
        <dataPoint><x4>8.913836E-02</x4><x5>9.489343E-02</x5></dataPoint>
        <dataPoint><x4>1.044353E-01</x4><x5>9.626862E-02</x5></dataPoint>
        <dataPoint><x4>1.205497E-01</x4><x5>9.758205E-02</x5></dataPoint>
        <dataPoint><x4>1.296750E-01</x4><x5>9.826867E-02</x5></dataPoint>
    </dataGroup>
</experiment>
