<experiment>
    <fileAuthor>Chemical Kinetics Laboratory, Institute of Chemistry, ELTE, Budapest, Hungary</fileAuthor>
    <fileDOI>10.24388/x40004058</fileDOI>
    <fileVersion>
        <major>2</major>
        <minor>3</minor>
    </fileVersion>
    <ReSpecThVersion>
        <major>2</major>
        <minor>3</minor>
    </ReSpecThVersion>
    <firstPublicationDate>2020-09-08</firstPublicationDate>
    <lastModificationDate>2020-11-18</lastModificationDate>
    <bibliographyLink>
        <description>S. Gersen, H. Darmeveil, H. Levinsky, Combustion and Flame 159 (2012), 3472–3475.</description>
        <referenceDOI>10.1016/j.combustflame.2012.06.021</referenceDOI>
        <location>Main Article + Supplementary + Personal Communication</location>
        <table>Supplementary material, Appendix A, Appendix B</table>
        <figure>Fig. 3, Pc = 50 bar, phi = 0.5, CH4:H2:CO = 7:3:0 series</figure>
        <details>
            <author>S. Gersen, H. Darmeveil, H. Levinsky</author>
            <journal>Combust Flame</journal>
            <pages>3472–-3475</pages>
            <title>The effects of CO addition on the autoignition of H2, CH4 and CH4/H2 fuels at high pressure in an RCM</title>
            <volume>159</volume>
            <year>2012</year>
        </details>
    </bibliographyLink>
    <experimentType>ignition delay measurement</experimentType>
    <apparatus>
        <kind>rapid compression machine</kind>
    </apparatus>
    <commonProperties>
        <property name="initial composition"           sourcetype="reported"  >
            <component><speciesLink preferredKey="CH4"  CAS="74-82-8"    InChI="1S/CH4/h1H4"  SMILES="C"          chemName="methane"         /><amount units="mole fraction" >0.042</amount></component>
            <component><speciesLink preferredKey="H2"   CAS="1333-74-0"  InChI="1S/H2/h1H"    SMILES="[HH]"       chemName="hydrogen"        /><amount units="mole fraction" >0.018</amount></component>
            <component><speciesLink preferredKey="CO"   CAS="630-08-0"   InChI="1S/CO/c1-2"   SMILES="[C-]#[O+]"  chemName="carbon monoxide" /><amount units="mole fraction" >0</amount></component>
            <component><speciesLink preferredKey="O2"   CAS="7782-44-7"  InChI="1S/O2/c1-2"   SMILES="O=O"        chemName="oxygen"          /><amount units="mole fraction" >0.188</amount></component>
            <component><speciesLink preferredKey="N2"   CAS="7727-37-9"  InChI="1S/N2/c1-2"   SMILES="N#N"        chemName="nitrogen"        /><amount units="mole fraction" >0.300</amount></component>
            <component><speciesLink preferredKey="Ar"   CAS="7440-37-1"  InChI="1S/Ar"        SMILES="[Ar]"       chemName="argon"           /><amount units="mole fraction" >0.452</amount></component>
        </property>
        <property name="evaluated standard deviation"  sourcetype="estimated"  units="unitless"       reference="ignition delay"  kind="relative"  method="generic uncertainty" ><value>0.1</value></property>
    </commonProperties>
    <dataGroup id="dg1" label="measured data">
        <property name="pressure"        id="x1"   label="P"              sourcetype="reported"  units="bar" />
        <property name="temperature"     id="x2"   label="T"              sourcetype="reported"  units="K"   />
        <property name="ignition delay"  id="x3"   label="tau"            sourcetype="reported"  units="ms"  />

        <dataPoint><x1>1.0849</x1><x2>295.45</x2><x3>20.4</x3></dataPoint>
        <dataPoint><x1>1.0096</x1><x2>295.55</x2><x3>10.0</x3></dataPoint>
        <dataPoint><x1>0.9616</x1><x2>296.05</x2> <x3>6.8</x3></dataPoint>
        <dataPoint><x1>0.9626</x1><x2>296.15</x2> <x3>7.6</x3></dataPoint>
        <dataPoint><x1>0.9126</x1><x2>296.15</x2> <x3>4.6</x3></dataPoint>
        <dataPoint><x1>0.8526</x1><x2>296.25</x2> <x3>2.6</x3></dataPoint>
        <dataPoint><x1>0.7966</x1><x2>296.35</x2><x3>1.72</x3></dataPoint>
        <dataPoint><x1>0.7456</x1><x2>296.45</x2><x3>1.02</x3></dataPoint>
    </dataGroup>
    <ignitionType target="p;" type="d/dt max"/>
    <dataGroup id="dg2" label="V-t history" dataPointLink="1">
        <property name="time"      id="x4"   label="t"            sourcetype="calculated"  units="s"   />
        <property name="volume"    id="x5"   label="V"            sourcetype="calculated"  units="cm3" />
        <property name="pressure"  id="x6"   label="p"            sourcetype="estimated"   units="bar"  kind="reactive" />

        <dataPoint><x4>0.000000E+00</x4><x5>1.000000E+00</x5><x6>1.084900E+00</x6></dataPoint>
        <dataPoint><x4>1.276000E-01</x4><x5>1.000000E+00</x5><x6>1.084900E+00</x6></dataPoint>
        <dataPoint><x4>1.860000E-01</x4><x5>8.535222E-01</x5><x6>1.371175E+00</x6></dataPoint>
        <dataPoint><x4>1.927600E-01</x4><x5>7.205559E-01</x5><x6>1.760428E+00</x6></dataPoint>
        <dataPoint><x4>1.973517E-01</x4><x5>6.029758E-01</x5><x6>2.288304E+00</x6></dataPoint>
        <dataPoint><x4>2.013241E-01</x4><x5>4.838508E-01</x5><x6>3.160912E+00</x6></dataPoint>
        <dataPoint><x4>2.014306E-01</x4><x5>4.760855E-01</x5><x6>3.236724E+00</x6></dataPoint>
        <dataPoint><x4>2.034640E-01</x4><x5>4.108378E-01</x5><x6>4.015585E+00</x6></dataPoint>
        <dataPoint><x4>2.040759E-01</x4><x5>3.930199E-01</x5><x6>4.284186E+00</x6></dataPoint>
        <dataPoint><x4>2.044947E-01</x4><x5>3.740710E-01</x5><x6>4.607534E+00</x6></dataPoint>
        <dataPoint><x4>2.045008E-01</x4><x5>3.739002E-01</x5><x6>4.604468E+00</x6></dataPoint>
        <dataPoint><x4>2.045064E-01</x4><x5>3.735828E-01</x5><x6>4.613244E+00</x6></dataPoint>
        <dataPoint><x4>2.053641E-01</x4><x5>3.500125E-01</x5><x6>5.072877E+00</x6></dataPoint>
        <dataPoint><x4>2.058195E-01</x4><x5>3.267727E-01</x5><x6>5.606343E+00</x6></dataPoint>
        <dataPoint><x4>2.060089E-01</x4><x5>3.225194E-01</x5><x6>5.714179E+00</x6></dataPoint>
        <dataPoint><x4>2.070177E-01</x4><x5>2.909358E-01</x5><x6>6.636810E+00</x6></dataPoint>
        <dataPoint><x4>2.073922E-01</x4><x5>2.757891E-01</x5><x6>7.171755E+00</x6></dataPoint>
        <dataPoint><x4>2.076000E-01</x4><x5>2.702914E-01</x5><x6>7.384033E+00</x6></dataPoint>
        <dataPoint><x4>2.077841E-01</x4><x5>2.638266E-01</x5><x6>7.647449E+00</x6></dataPoint>
        <dataPoint><x4>2.084209E-01</x4><x5>2.405984E-01</x5><x6>8.737598E+00</x6></dataPoint>
        <dataPoint><x4>2.088015E-01</x4><x5>2.282272E-01</x5><x6>9.429383E+00</x6></dataPoint>
        <dataPoint><x4>2.091809E-01</x4><x5>2.152124E-01</x5><x6>1.026219E+01</x6></dataPoint>
        <dataPoint><x4>2.098499E-01</x4><x5>1.929374E-01</x5><x6>1.200857E+01</x6></dataPoint>
        <dataPoint><x4>2.104463E-01</x4><x5>1.730468E-01</x5><x6>1.403661E+01</x6></dataPoint>
        <dataPoint><x4>2.108197E-01</x4><x5>1.603813E-01</x5><x6>1.564898E+01</x6></dataPoint>
        <dataPoint><x4>2.111898E-01</x4><x5>1.486389E-01</x5><x6>1.744319E+01</x6></dataPoint>
        <dataPoint><x4>2.116362E-01</x4><x5>1.347639E-01</x5><x6>2.005536E+01</x6></dataPoint>
        <dataPoint><x4>2.122037E-01</x4><x5>1.171450E-01</x5><x6>2.446714E+01</x6></dataPoint>
        <dataPoint><x4>2.125689E-01</x4><x5>1.060878E-01</x5><x6>2.814971E+01</x6></dataPoint>
        <dataPoint><x4>2.133037E-01</x4><x5>8.757564E-02</x5><x6>3.687655E+01</x6></dataPoint>
        <dataPoint><x4>2.138180E-01</x4><x5>8.045787E-02</x5><x6>4.153269E+01</x6></dataPoint>
        <dataPoint><x4>2.145311E-01</x4><x5>7.199299E-02</x5><x6>4.852131E+01</x6></dataPoint>
        <dataPoint><x4>2.147983E-01</x4><x5>7.048290E-02</x5><x6>4.997937E+01</x6></dataPoint>
        <dataPoint><x4>2.152000E-01</x4><x5>7.022084E-02</x5><x6>5.024000E+01</x6></dataPoint>
        <dataPoint><x4>2.182000E-01</x4><x5>7.159993E-02</x5><x6>4.889381E+01</x6></dataPoint>
        <dataPoint><x4>2.212000E-01</x4><x5>7.271003E-02</x5><x6>4.785406E+01</x6></dataPoint>
        <dataPoint><x4>2.242000E-01</x4><x5>7.360259E-02</x5><x6>4.704498E+01</x6></dataPoint>
        <dataPoint><x4>2.272000E-01</x4><x5>7.431536E-02</x5><x6>4.641540E+01</x6></dataPoint>
        <dataPoint><x4>2.302000E-01</x4><x5>7.488145E-02</x5><x6>4.592549E+01</x6></dataPoint>
        <dataPoint><x4>2.332000E-01</x4><x5>7.532910E-02</x5><x6>4.554426E+01</x6></dataPoint>
        <dataPoint><x4>2.362000E-01</x4><x5>7.568186E-02</x5><x6>4.524761E+01</x6></dataPoint>
        <dataPoint><x4>2.392000E-01</x4><x5>7.595908E-02</x5><x6>4.501678E+01</x6></dataPoint>
        <dataPoint><x4>2.422000E-01</x4><x5>7.617647E-02</x5><x6>4.483715E+01</x6></dataPoint>
        <dataPoint><x4>2.452000E-01</x4><x5>7.634666E-02</x5><x6>4.469737E+01</x6></dataPoint>
    </dataGroup>
    <dataGroup id="dg2" label="V-t history" dataPointLink="2">
        <property name="time"      id="x4"   label="t"            sourcetype="calculated"  units="s"   />
        <property name="volume"    id="x5"   label="V"            sourcetype="calculated"  units="cm3" />
        <property name="pressure"  id="x6"   label="p"            sourcetype="estimated"   units="bar"  kind="reactive" />

        <dataPoint><x4>0.000000E+00</x4><x5>1.000000E+00</x5><x6>1.009600E+00</x6></dataPoint>
        <dataPoint><x4>1.243900E-01</x4><x5>1.000000E+00</x5><x6>1.009600E+00</x6></dataPoint>
        <dataPoint><x4>1.972000E-01</x4><x5>8.584908E-01</x5><x6>1.265109E+00</x6></dataPoint>
        <dataPoint><x4>2.065346E-01</x4><x5>6.621068E-01</x5><x6>1.855653E+00</x6></dataPoint>
        <dataPoint><x4>2.107535E-01</x4><x5>5.450584E-01</x5><x6>2.470021E+00</x6></dataPoint>
        <dataPoint><x4>2.129146E-01</x4><x5>4.744530E-01</x5><x6>3.027231E+00</x6></dataPoint>
        <dataPoint><x4>2.160398E-01</x4><x5>3.789284E-01</x5><x6>4.204945E+00</x6></dataPoint>
        <dataPoint><x4>2.162383E-01</x4><x5>3.676687E-01</x5><x6>4.394040E+00</x6></dataPoint>
        <dataPoint><x4>2.177885E-01</x4><x5>3.217510E-01</x5><x6>5.335949E+00</x6></dataPoint>
        <dataPoint><x4>2.180519E-01</x4><x5>3.105423E-01</x5><x6>5.618126E+00</x6></dataPoint>
        <dataPoint><x4>2.191010E-01</x4><x5>2.762812E-01</x5><x6>6.656618E+00</x6></dataPoint>
        <dataPoint><x4>2.196618E-01</x4><x5>2.577060E-01</x5><x6>7.362377E+00</x6></dataPoint>
        <dataPoint><x4>2.199922E-01</x4><x5>2.456871E-01</x5><x6>7.888767E+00</x6></dataPoint>
        <dataPoint><x4>2.202080E-01</x4><x5>2.400398E-01</x5><x6>8.158285E+00</x6></dataPoint>
        <dataPoint><x4>2.205822E-01</x4><x5>2.273174E-01</x5><x6>8.825384E+00</x6></dataPoint>
        <dataPoint><x4>2.208075E-01</x4><x5>2.193636E-01</x5><x6>9.290388E+00</x6></dataPoint>
        <dataPoint><x4>2.209882E-01</x4><x5>2.141790E-01</x5><x6>9.616087E+00</x6></dataPoint>
        <dataPoint><x4>2.214234E-01</x4><x5>1.990530E-01</x5><x6>1.068476E+01</x6></dataPoint>
        <dataPoint><x4>2.216001E-01</x4><x5>1.928692E-01</x5><x6>1.118042E+01</x6></dataPoint>
        <dataPoint><x4>2.218337E-01</x4><x5>1.869578E-01</x5><x6>1.169142E+01</x6></dataPoint>
        <dataPoint><x4>2.228058E-01</x4><x5>1.560121E-01</x5><x6>1.514836E+01</x6></dataPoint>
        <dataPoint><x4>2.234091E-01</x4><x5>1.367698E-01</x5><x6>1.827453E+01</x6></dataPoint>
        <dataPoint><x4>2.237795E-01</x4><x5>1.258754E-01</x5><x6>2.056213E+01</x6></dataPoint>
        <dataPoint><x4>2.240186E-01</x4><x5>1.190100E-01</x5><x6>2.226417E+01</x6></dataPoint>
        <dataPoint><x4>2.244318E-01</x4><x5>1.071981E-01</x5><x6>2.581232E+01</x6></dataPoint>
        <dataPoint><x4>2.247692E-01</x4><x5>9.809895E-02</x5><x6>2.925295E+01</x6></dataPoint>
        <dataPoint><x4>2.253665E-01</x4><x5>8.404805E-02</x5><x6>3.635359E+01</x6></dataPoint>
        <dataPoint><x4>2.258174E-01</x4><x5>7.791570E-02</x5><x6>4.042525E+01</x6></dataPoint>
        <dataPoint><x4>2.260467E-01</x4><x5>7.536019E-02</x5><x6>4.235628E+01</x6></dataPoint>
        <dataPoint><x4>2.264370E-01</x4><x5>7.084700E-02</x5><x6>4.617429E+01</x6></dataPoint>
        <dataPoint><x4>2.265995E-01</x4><x5>6.924148E-02</x5><x6>4.767582E+01</x6></dataPoint>
        <dataPoint><x4>2.267998E-01</x4><x5>6.767913E-02</x5><x6>4.921844E+01</x6></dataPoint>
        <dataPoint><x4>2.270094E-01</x4><x5>6.682684E-02</x5><x6>5.009612E+01</x6></dataPoint>
        <dataPoint><x4>2.274000E-01</x4><x5>6.664198E-02</x5><x6>5.029000E+01</x6></dataPoint>
        <dataPoint><x4>2.284000E-01</x4><x5>6.697284E-02</x5><x6>4.994389E+01</x6></dataPoint>
        <dataPoint><x4>2.294000E-01</x4><x5>6.735850E-02</x5><x6>4.954553E+01</x6></dataPoint>
        <dataPoint><x4>2.304000E-01</x4><x5>6.771788E-02</x5><x6>4.917915E+01</x6></dataPoint>
        <dataPoint><x4>2.314000E-01</x4><x5>6.805246E-02</x5><x6>4.884218E+01</x6></dataPoint>
        <dataPoint><x4>2.324000E-01</x4><x5>6.836366E-02</x5><x6>4.853226E+01</x6></dataPoint>
        <dataPoint><x4>2.334000E-01</x4><x5>6.865287E-02</x5><x6>4.824722E+01</x6></dataPoint>
        <dataPoint><x4>2.344000E-01</x4><x5>6.892144E-02</x5><x6>4.798507E+01</x6></dataPoint>
        <dataPoint><x4>2.354000E-01</x4><x5>6.917067E-02</x5><x6>4.774396E+01</x6></dataPoint>
        <dataPoint><x4>2.364000E-01</x4><x5>6.940178E-02</x5><x6>4.752220E+01</x6></dataPoint>
        <dataPoint><x4>2.374000E-01</x4><x5>6.961596E-02</x5><x6>4.731824E+01</x6></dataPoint>
        <dataPoint><x4>2.384000E-01</x4><x5>6.981434E-02</x5><x6>4.713066E+01</x6></dataPoint>
        <dataPoint><x4>2.394000E-01</x4><x5>6.999798E-02</x5><x6>4.695814E+01</x6></dataPoint>
        <dataPoint><x4>2.404000E-01</x4><x5>7.016790E-02</x5><x6>4.679946E+01</x6></dataPoint>
        <dataPoint><x4>2.414000E-01</x4><x5>7.032504E-02</x5><x6>4.665353E+01</x6></dataPoint>
        <dataPoint><x4>2.424000E-01</x4><x5>7.047031E-02</x5><x6>4.651931E+01</x6></dataPoint>
    </dataGroup>
    <dataGroup id="dg2" label="V-t history" dataPointLink="3">
        <property name="time"      id="x4"   label="t"            sourcetype="calculated"  units="s"   />
        <property name="volume"    id="x5"   label="V"            sourcetype="calculated"  units="cm3" />
        <property name="pressure"  id="x6"   label="p"            sourcetype="estimated"   units="bar"  kind="reactive" />

        <dataPoint><x4>0.000000E+00</x4><x5>1.000000E+00</x5><x6>9.616000E-01</x6></dataPoint>
        <dataPoint><x4>1.325000E-01</x4><x5>1.000000E+00</x5><x6>9.616000E-01</x6></dataPoint>
        <dataPoint><x4>2.026000E-01</x4><x5>8.346595E-01</x5><x6>1.256107E+00</x6></dataPoint>
        <dataPoint><x4>2.097396E-01</x4><x5>7.192772E-01</x5><x6>1.564404E+00</x6></dataPoint>
        <dataPoint><x4>2.101792E-01</x4><x5>7.007406E-01</x5><x6>1.625765E+00</x6></dataPoint>
        <dataPoint><x4>2.131721E-01</x4><x5>6.318118E-01</x5><x6>1.893495E+00</x6></dataPoint>
        <dataPoint><x4>2.161708E-01</x4><x5>5.565763E-01</x5><x6>2.281364E+00</x6></dataPoint>
        <dataPoint><x4>2.176693E-01</x4><x5>5.005100E-01</x5><x6>2.665913E+00</x6></dataPoint>
        <dataPoint><x4>2.181148E-01</x4><x5>5.003908E-01</x5><x6>2.666845E+00</x6></dataPoint>
        <dataPoint><x4>2.194253E-01</x4><x5>4.467220E-01</x5><x6>3.148861E+00</x6></dataPoint>
        <dataPoint><x4>2.195998E-01</x4><x5>4.460212E-01</x5><x6>3.156102E+00</x6></dataPoint>
        <dataPoint><x4>2.197991E-01</x4><x5>4.511073E-01</x5><x6>3.104175E+00</x6></dataPoint>
        <dataPoint><x4>2.201982E-01</x4><x5>4.303342E-01</x5><x6>3.325772E+00</x6></dataPoint>
        <dataPoint><x4>2.203998E-01</x4><x5>4.304099E-01</x5><x6>3.324916E+00</x6></dataPoint>
        <dataPoint><x4>2.205999E-01</x4><x5>4.171161E-01</x5><x6>3.480934E+00</x6></dataPoint>
        <dataPoint><x4>2.207538E-01</x4><x5>4.152282E-01</x5><x6>3.504083E+00</x6></dataPoint>
        <dataPoint><x4>2.221185E-01</x4><x5>3.723039E-01</x5><x6>4.109064E+00</x6></dataPoint>
        <dataPoint><x4>2.236944E-01</x4><x5>3.233443E-01</x5><x6>5.045427E+00</x6></dataPoint>
        <dataPoint><x4>2.248524E-01</x4><x5>2.870792E-01</x5><x6>5.996751E+00</x6></dataPoint>
        <dataPoint><x4>2.264478E-01</x4><x5>2.361477E-01</x5><x6>7.954995E+00</x6></dataPoint>
        <dataPoint><x4>2.273951E-01</x4><x5>2.045730E-01</x5><x6>9.782815E+00</x6></dataPoint>
        <dataPoint><x4>2.277800E-01</x4><x5>1.922197E-01</x5><x6>1.069892E+01</x6></dataPoint>
        <dataPoint><x4>2.282237E-01</x4><x5>1.788525E-01</x5><x6>1.186447E+01</x6></dataPoint>
        <dataPoint><x4>2.289212E-01</x4><x5>1.568651E-01</x5><x6>1.431363E+01</x6></dataPoint>
        <dataPoint><x4>2.295144E-01</x4><x5>1.396945E-01</x5><x6>1.688607E+01</x6></dataPoint>
        <dataPoint><x4>2.302172E-01</x4><x5>1.188798E-01</x5><x6>2.123384E+01</x6></dataPoint>
        <dataPoint><x4>2.306243E-01</x4><x5>1.072241E-01</x5><x6>2.457085E+01</x6></dataPoint>
        <dataPoint><x4>2.310511E-01</x4><x5>9.588915E-02</x5><x6>2.876342E+01</x6></dataPoint>
        <dataPoint><x4>2.316121E-01</x4><x5>8.243771E-02</x5><x6>3.556766E+01</x6></dataPoint>
        <dataPoint><x4>2.319692E-01</x4><x5>7.712192E-02</x5><x6>3.904804E+01</x6></dataPoint>
        <dataPoint><x4>2.323449E-01</x4><x5>7.292477E-02</x5><x6>4.222624E+01</x6></dataPoint>
        <dataPoint><x4>2.329745E-01</x4><x5>6.622005E-02</x5><x6>4.831052E+01</x6></dataPoint>
        <dataPoint><x4>2.332116E-01</x4><x5>6.482379E-02</x5><x6>4.976698E+01</x6></dataPoint>
        <dataPoint><x4>2.336000E-01</x4><x5>6.423839E-02</x5><x6>5.040000E+01</x6></dataPoint>
        <dataPoint><x4>2.346000E-01</x4><x5>6.455690E-02</x5><x6>5.005389E+01</x6></dataPoint>
        <dataPoint><x4>2.356000E-01</x4><x5>6.492816E-02</x5><x6>4.965553E+01</x6></dataPoint>
        <dataPoint><x4>2.366000E-01</x4><x5>6.527412E-02</x5><x6>4.928915E+01</x6></dataPoint>
        <dataPoint><x4>2.376000E-01</x4><x5>6.559620E-02</x5><x6>4.895218E+01</x6></dataPoint>
        <dataPoint><x4>2.386000E-01</x4><x5>6.589577E-02</x5><x6>4.864226E+01</x6></dataPoint>
        <dataPoint><x4>2.396000E-01</x4><x5>6.617417E-02</x5><x6>4.835722E+01</x6></dataPoint>
        <dataPoint><x4>2.406000E-01</x4><x5>6.643270E-02</x5><x6>4.809507E+01</x6></dataPoint>
        <dataPoint><x4>2.416000E-01</x4><x5>6.667260E-02</x5><x6>4.785396E+01</x6></dataPoint>
        <dataPoint><x4>2.426000E-01</x4><x5>6.689506E-02</x5><x6>4.763220E+01</x6></dataPoint>
        <dataPoint><x4>2.436000E-01</x4><x5>6.710122E-02</x5><x6>4.742824E+01</x6></dataPoint>
        <dataPoint><x4>2.446000E-01</x4><x5>6.729217E-02</x5><x6>4.724066E+01</x6></dataPoint>
        <dataPoint><x4>2.456000E-01</x4><x5>6.746894E-02</x5><x6>4.706814E+01</x6></dataPoint>
        <dataPoint><x4>2.466000E-01</x4><x5>6.763249E-02</x5><x6>4.690946E+01</x6></dataPoint>
        <dataPoint><x4>2.476000E-01</x4><x5>6.778374E-02</x5><x6>4.676353E+01</x6></dataPoint>
        <dataPoint><x4>2.486000E-01</x4><x5>6.792356E-02</x5><x6>4.662931E+01</x6></dataPoint>
    </dataGroup>
    <dataGroup id="dg2" label="V-t history" dataPointLink="4">
        <property name="time"      id="x4"   label="t"            sourcetype="calculated"  units="s"   />
        <property name="volume"    id="x5"   label="V"            sourcetype="calculated"  units="cm3" />
        <property name="pressure"  id="x6"   label="p"            sourcetype="estimated"   units="bar"  kind="reactive" />

        <dataPoint><x4>0.000000E+00</x4><x5>1.000000E+00</x5><x6>9.626000E-01</x6></dataPoint>
        <dataPoint><x4>1.287950E-01</x4><x5>1.000000E+00</x5><x6>9.626000E-01</x6></dataPoint>
        <dataPoint><x4>2.058000E-01</x4><x5>8.398639E-01</x5><x6>1.245921E+00</x6></dataPoint>
        <dataPoint><x4>2.059947E-01</x4><x5>7.953834E-01</x5><x6>1.350139E+00</x6></dataPoint>
        <dataPoint><x4>2.076104E-01</x4><x5>8.273838E-01</x5><x6>1.273772E+00</x6></dataPoint>
        <dataPoint><x4>2.156425E-01</x4><x5>6.573522E-01</x5><x6>1.788079E+00</x6></dataPoint>
        <dataPoint><x4>2.157480E-01</x4><x5>6.615458E-01</x5><x6>1.771419E+00</x6></dataPoint>
        <dataPoint><x4>2.187782E-01</x4><x5>5.806180E-01</x5><x6>2.146181E+00</x6></dataPoint>
        <dataPoint><x4>2.224805E-01</x4><x5>4.749770E-01</x5><x6>2.881456E+00</x6></dataPoint>
        <dataPoint><x4>2.253990E-01</x4><x5>3.900347E-01</x5><x6>3.843384E+00</x6></dataPoint>
        <dataPoint><x4>2.255475E-01</x4><x5>3.795044E-01</x5><x6>3.999960E+00</x6></dataPoint>
        <dataPoint><x4>2.269853E-01</x4><x5>3.400721E-01</x5><x6>4.693278E+00</x6></dataPoint>
        <dataPoint><x4>2.287627E-01</x4><x5>2.816668E-01</x5><x6>6.170817E+00</x6></dataPoint>
        <dataPoint><x4>2.292279E-01</x4><x5>2.678616E-01</x5><x6>6.636832E+00</x6></dataPoint>
        <dataPoint><x4>2.294018E-01</x4><x5>2.601008E-01</x5><x6>6.925354E+00</x6></dataPoint>
        <dataPoint><x4>2.296444E-01</x4><x5>2.533680E-01</x5><x6>7.193109E+00</x6></dataPoint>
        <dataPoint><x4>2.308454E-01</x4><x5>2.168954E-01</x5><x6>9.001994E+00</x6></dataPoint>
        <dataPoint><x4>2.319877E-01</x4><x5>1.804071E-01</x5><x6>1.172999E+01</x6></dataPoint>
        <dataPoint><x4>2.325983E-01</x4><x5>1.618812E-01</x5><x6>1.369796E+01</x6></dataPoint>
        <dataPoint><x4>2.330886E-01</x4><x5>1.474524E-01</x5><x6>1.565051E+01</x6></dataPoint>
        <dataPoint><x4>2.336153E-01</x4><x5>1.322528E-01</x5><x6>1.827148E+01</x6></dataPoint>
        <dataPoint><x4>2.339862E-01</x4><x5>1.213415E-01</x5><x6>2.064653E+01</x6></dataPoint>
        <dataPoint><x4>2.344796E-01</x4><x5>1.072294E-01</x5><x6>2.459352E+01</x6></dataPoint>
        <dataPoint><x4>2.347949E-01</x4><x5>9.898048E-02</x5><x6>2.753353E+01</x6></dataPoint>
        <dataPoint><x4>2.351715E-01</x4><x5>8.956539E-02</x5><x6>3.169130E+01</x6></dataPoint>
        <dataPoint><x4>2.353997E-01</x4><x5>8.445445E-02</x5><x6>3.441626E+01</x6></dataPoint>
        <dataPoint><x4>2.355994E-01</x4><x5>8.101200E-02</x5><x6>3.648389E+01</x6></dataPoint>
        <dataPoint><x4>2.357880E-01</x4><x5>7.839300E-02</x5><x6>3.820230E+01</x6></dataPoint>
        <dataPoint><x4>2.360945E-01</x4><x5>7.498241E-02</x5><x6>4.065530E+01</x6></dataPoint>
        <dataPoint><x4>2.364169E-01</x4><x5>7.143608E-02</x5><x6>4.350325E+01</x6></dataPoint>
        <dataPoint><x4>2.368073E-01</x4><x5>6.749800E-02</x5><x6>4.708597E+01</x6></dataPoint>
        <dataPoint><x4>2.370000E-01</x4><x5>6.599316E-02</x5><x6>4.858977E+01</x6></dataPoint>
        <dataPoint><x4>2.372079E-01</x4><x5>6.519636E-02</x5><x6>4.941945E+01</x6></dataPoint>
        <dataPoint><x4>2.376000E-01</x4><x5>6.496019E-02</x5><x6>4.967000E+01</x6></dataPoint>
        <dataPoint><x4>2.386000E-01</x4><x5>6.528697E-02</x5><x6>4.932389E+01</x6></dataPoint>
        <dataPoint><x4>2.396000E-01</x4><x5>6.566793E-02</x5><x6>4.892553E+01</x6></dataPoint>
        <dataPoint><x4>2.406000E-01</x4><x5>6.602301E-02</x5><x6>4.855915E+01</x6></dataPoint>
        <dataPoint><x4>2.416000E-01</x4><x5>6.635363E-02</x5><x6>4.822218E+01</x6></dataPoint>
        <dataPoint><x4>2.426000E-01</x4><x5>6.666119E-02</x5><x6>4.791226E+01</x6></dataPoint>
        <dataPoint><x4>2.436000E-01</x4><x5>6.694707E-02</x5><x6>4.762722E+01</x6></dataPoint>
        <dataPoint><x4>2.446000E-01</x4><x5>6.721258E-02</x5><x6>4.736507E+01</x6></dataPoint>
        <dataPoint><x4>2.456000E-01</x4><x5>6.745899E-02</x5><x6>4.712396E+01</x6></dataPoint>
        <dataPoint><x4>2.466000E-01</x4><x5>6.768752E-02</x5><x6>4.690220E+01</x6></dataPoint>
        <dataPoint><x4>2.476000E-01</x4><x5>6.789933E-02</x5><x6>4.669824E+01</x6></dataPoint>
        <dataPoint><x4>2.486000E-01</x4><x5>6.809553E-02</x5><x6>4.651066E+01</x6></dataPoint>
        <dataPoint><x4>2.496000E-01</x4><x5>6.827717E-02</x5><x6>4.633814E+01</x6></dataPoint>
        <dataPoint><x4>2.506000E-01</x4><x5>6.844525E-02</x5><x6>4.617946E+01</x6></dataPoint>
        <dataPoint><x4>2.516000E-01</x4><x5>6.860070E-02</x5><x6>4.603353E+01</x6></dataPoint>
        <dataPoint><x4>2.526000E-01</x4><x5>6.874442E-02</x5><x6>4.589931E+01</x6></dataPoint>
    </dataGroup>
    <dataGroup id="dg2" label="V-t history" dataPointLink="5">
        <property name="time"      id="x4"   label="t"            sourcetype="calculated"  units="s"   />
        <property name="volume"    id="x5"   label="V"            sourcetype="calculated"  units="cm3" />
        <property name="pressure"  id="x6"   label="p"            sourcetype="estimated"   units="bar"  kind="reactive" />

        <dataPoint><x4>0.000000E+00</x4><x5>1.000000E+00</x5><x6>9.126000E-01</x6></dataPoint>
        <dataPoint><x4>1.371800E-01</x4><x5>1.000000E+00</x5><x6>9.126000E-01</x6></dataPoint>
        <dataPoint><x4>2.236000E-01</x4><x5>7.789052E-01</x5><x6>1.320167E+00</x6></dataPoint>
        <dataPoint><x4>2.249997E-01</x4><x5>7.790632E-01</x5><x6>1.319772E+00</x6></dataPoint>
        <dataPoint><x4>2.296557E-01</x4><x5>7.159223E-01</x5><x6>1.494946E+00</x6></dataPoint>
        <dataPoint><x4>2.305506E-01</x4><x5>6.946387E-01</x5><x6>1.562923E+00</x6></dataPoint>
        <dataPoint><x4>2.352119E-01</x4><x5>5.818316E-01</x5><x6>2.028470E+00</x6></dataPoint>
        <dataPoint><x4>2.354016E-01</x4><x5>5.868874E-01</x5><x6>2.002844E+00</x6></dataPoint>
        <dataPoint><x4>2.358986E-01</x4><x5>5.596836E-01</x5><x6>2.147467E+00</x6></dataPoint>
        <dataPoint><x4>2.378532E-01</x4><x5>5.190885E-01</x5><x6>2.398383E+00</x6></dataPoint>
        <dataPoint><x4>2.404703E-01</x4><x5>4.419116E-01</x5><x6>3.036076E+00</x6></dataPoint>
        <dataPoint><x4>2.425367E-01</x4><x5>3.843174E-01</x5><x6>3.723113E+00</x6></dataPoint>
        <dataPoint><x4>2.440604E-01</x4><x5>3.373358E-01</x5><x6>4.502116E+00</x6></dataPoint>
        <dataPoint><x4>2.457436E-01</x4><x5>2.860986E-01</x5><x6>5.719364E+00</x6></dataPoint>
        <dataPoint><x4>2.459473E-01</x4><x5>2.763722E-01</x5><x6>6.013410E+00</x6></dataPoint>
        <dataPoint><x4>2.467480E-01</x4><x5>2.571775E-01</x5><x6>6.673872E+00</x6></dataPoint>
        <dataPoint><x4>2.484273E-01</x4><x5>2.048525E-01</x5><x6>9.265831E+00</x6></dataPoint>
        <dataPoint><x4>2.494752E-01</x4><x5>1.739037E-01</x5><x6>1.172137E+01</x6></dataPoint>
        <dataPoint><x4>2.504899E-01</x4><x5>1.449720E-01</x5><x6>1.520068E+01</x6></dataPoint>
        <dataPoint><x4>2.509258E-01</x4><x5>1.325220E-01</x5><x6>1.727242E+01</x6></dataPoint>
        <dataPoint><x4>2.512091E-01</x4><x5>1.239910E-01</x5><x6>1.898370E+01</x6></dataPoint>
        <dataPoint><x4>2.514060E-01</x4><x5>1.185530E-01</x5><x6>2.022966E+01</x6></dataPoint>
        <dataPoint><x4>2.516090E-01</x4><x5>1.129433E-01</x5><x6>2.166643E+01</x6></dataPoint>
        <dataPoint><x4>2.518109E-01</x4><x5>1.075189E-01</x5><x6>2.322745E+01</x6></dataPoint>
        <dataPoint><x4>2.520004E-01</x4><x5>1.026330E-01</x5><x6>2.480333E+01</x6></dataPoint>
        <dataPoint><x4>2.522113E-01</x4><x5>9.690548E-02</x5><x6>2.689413E+01</x6></dataPoint>
        <dataPoint><x4>2.524017E-01</x4><x5>9.217053E-02</x5><x6>2.885841E+01</x6></dataPoint>
        <dataPoint><x4>2.526217E-01</x4><x5>8.679239E-02</x5><x6>3.140197E+01</x6></dataPoint>
        <dataPoint><x4>2.528147E-01</x4><x5>8.261407E-02</x5><x6>3.365242E+01</x6></dataPoint>
        <dataPoint><x4>2.530099E-01</x4><x5>7.880586E-02</x5><x6>3.595261E+01</x6></dataPoint>
        <dataPoint><x4>2.543570E-01</x4><x5>6.433976E-02</x5><x6>4.772391E+01</x6></dataPoint>
        <dataPoint><x4>2.544024E-01</x4><x5>6.395935E-02</x5><x6>4.811980E+01</x6></dataPoint>
        <dataPoint><x4>2.546381E-01</x4><x5>6.269239E-02</x5><x6>4.947951E+01</x6></dataPoint>
        <dataPoint><x4>2.552000E-01</x4><x5>6.224085E-02</x5><x6>4.998000E+01</x6></dataPoint>
        <dataPoint><x4>2.562000E-01</x4><x5>6.255228E-02</x5><x6>4.963389E+01</x6></dataPoint>
        <dataPoint><x4>2.572000E-01</x4><x5>6.291533E-02</x5><x6>4.923553E+01</x6></dataPoint>
        <dataPoint><x4>2.582000E-01</x4><x5>6.325369E-02</x5><x6>4.886915E+01</x6></dataPoint>
        <dataPoint><x4>2.592000E-01</x4><x5>6.356871E-02</x5><x6>4.853218E+01</x6></dataPoint>
        <dataPoint><x4>2.602000E-01</x4><x5>6.386176E-02</x5><x6>4.822226E+01</x6></dataPoint>
        <dataPoint><x4>2.612000E-01</x4><x5>6.413412E-02</x5><x6>4.793722E+01</x6></dataPoint>
        <dataPoint><x4>2.622000E-01</x4><x5>6.438706E-02</x5><x6>4.767507E+01</x6></dataPoint>
        <dataPoint><x4>2.632000E-01</x4><x5>6.462180E-02</x5><x6>4.743396E+01</x6></dataPoint>
        <dataPoint><x4>2.642000E-01</x4><x5>6.483949E-02</x5><x6>4.721220E+01</x6></dataPoint>
        <dataPoint><x4>2.652000E-01</x4><x5>6.504125E-02</x5><x6>4.700824E+01</x6></dataPoint>
        <dataPoint><x4>2.662000E-01</x4><x5>6.522814E-02</x5><x6>4.682066E+01</x6></dataPoint>
        <dataPoint><x4>2.672000E-01</x4><x5>6.540115E-02</x5><x6>4.664814E+01</x6></dataPoint>
        <dataPoint><x4>2.682000E-01</x4><x5>6.556123E-02</x5><x6>4.648946E+01</x6></dataPoint>
        <dataPoint><x4>2.692000E-01</x4><x5>6.570929E-02</x5><x6>4.634353E+01</x6></dataPoint>
        <dataPoint><x4>2.702000E-01</x4><x5>6.584616E-02</x5><x6>4.620931E+01</x6></dataPoint>
    </dataGroup>
    <dataGroup id="dg2" label="V-t history" dataPointLink="6">
        <property name="time"      id="x4"   label="t"            sourcetype="calculated"  units="s"   />
        <property name="volume"    id="x5"   label="V"            sourcetype="calculated"  units="cm3" />
        <property name="pressure"  id="x6"   label="p"            sourcetype="estimated"   units="bar"  kind="reactive" />

        <dataPoint><x4>0.000000E+00</x4><x5>1.000000E+00</x5><x6>8.526000E-01</x6></dataPoint>
        <dataPoint><x4>1.164000E-01</x4><x5>1.000000E+00</x5><x6>8.526000E-01</x6></dataPoint>
        <dataPoint><x4>2.280000E-01</x4><x5>7.632455E-01</x5><x6>1.270878E+00</x6></dataPoint>
        <dataPoint><x4>2.292574E-01</x4><x5>7.648293E-01</x5><x6>1.266999E+00</x6></dataPoint>
        <dataPoint><x4>2.308537E-01</x4><x5>7.262942E-01</x5><x6>1.367356E+00</x6></dataPoint>
        <dataPoint><x4>2.328000E-01</x4><x5>7.004502E-01</x5><x6>1.442347E+00</x6></dataPoint>
        <dataPoint><x4>2.339763E-01</x4><x5>6.893324E-01</x5><x6>1.476747E+00</x6></dataPoint>
        <dataPoint><x4>2.403522E-01</x4><x5>5.545137E-01</x5><x6>2.033789E+00</x6></dataPoint>
        <dataPoint><x4>2.441186E-01</x4><x5>4.546513E-01</x5><x6>2.720907E+00</x6></dataPoint>
        <dataPoint><x4>2.443994E-01</x4><x5>4.548229E-01</x5><x6>2.719405E+00</x6></dataPoint>
        <dataPoint><x4>2.444272E-01</x4><x5>4.528932E-01</x5><x6>2.736378E+00</x6></dataPoint>
        <dataPoint><x4>2.480144E-01</x4><x5>3.455468E-01</x5><x6>4.061366E+00</x6></dataPoint>
        <dataPoint><x4>2.484107E-01</x4><x5>3.257583E-01</x5><x6>4.425234E+00</x6></dataPoint>
        <dataPoint><x4>2.485386E-01</x4><x5>3.257536E-01</x5><x6>4.425326E+00</x6></dataPoint>
        <dataPoint><x4>2.497935E-01</x4><x5>2.940055E-01</x5><x6>5.136067E+00</x6></dataPoint>
        <dataPoint><x4>2.510770E-01</x4><x5>2.539147E-01</x5><x6>6.351149E+00</x6></dataPoint>
        <dataPoint><x4>2.520221E-01</x4><x5>2.268218E-01</x5><x6>7.475083E+00</x6></dataPoint>
        <dataPoint><x4>2.524583E-01</x4><x5>2.124823E-01</x5><x6>8.212637E+00</x6></dataPoint>
        <dataPoint><x4>2.531597E-01</x4><x5>1.935545E-01</x5><x6>9.391790E+00</x6></dataPoint>
        <dataPoint><x4>2.538056E-01</x4><x5>1.755297E-01</x5><x6>1.080537E+01</x6></dataPoint>
        <dataPoint><x4>2.538061E-01</x4><x5>1.756159E-01</x5><x6>1.079777E+01</x6></dataPoint>
        <dataPoint><x4>2.547271E-01</x4><x5>1.507465E-01</x5><x6>1.343164E+01</x6></dataPoint>
        <dataPoint><x4>2.553104E-01</x4><x5>1.347914E-01</x5><x6>1.575136E+01</x6></dataPoint>
        <dataPoint><x4>2.558010E-01</x4><x5>1.215192E-01</x5><x6>1.824847E+01</x6></dataPoint>
        <dataPoint><x4>2.560930E-01</x4><x5>1.134946E-01</x5><x6>2.010209E+01</x6></dataPoint>
        <dataPoint><x4>2.564149E-01</x4><x5>1.050386E-01</x5><x6>2.242624E+01</x6></dataPoint>
        <dataPoint><x4>2.567966E-01</x4><x5>9.534229E-02</x5><x6>2.570654E+01</x6></dataPoint>
        <dataPoint><x4>2.570870E-01</x4><x5>8.804716E-02</x5><x6>2.875055E+01</x6></dataPoint>
        <dataPoint><x4>2.577671E-01</x4><x5>7.429214E-02</x5><x6>3.647600E+01</x6></dataPoint>
        <dataPoint><x4>2.584679E-01</x4><x5>6.685232E-02</x5><x6>4.226553E+01</x6></dataPoint>
        <dataPoint><x4>2.589936E-01</x4><x5>6.197704E-02</x5><x6>4.696803E+01</x6></dataPoint>
        <dataPoint><x4>2.592004E-01</x4><x5>6.050720E-02</x5><x6>4.856339E+01</x6></dataPoint>
        <dataPoint><x4>2.594281E-01</x4><x5>5.959286E-02</x5><x6>4.960302E+01</x6></dataPoint>
        <dataPoint><x4>2.600000E-01</x4><x5>5.925229E-02</x5><x6>5.000000E+01</x6></dataPoint>
        <dataPoint><x4>2.610000E-01</x4><x5>5.954896E-02</x5><x6>4.965389E+01</x6></dataPoint>
        <dataPoint><x4>2.620000E-01</x4><x5>5.989481E-02</x5><x6>4.925553E+01</x6></dataPoint>
        <dataPoint><x4>2.630000E-01</x4><x5>6.021713E-02</x5><x6>4.888915E+01</x6></dataPoint>
        <dataPoint><x4>2.640000E-01</x4><x5>6.051724E-02</x5><x6>4.855218E+01</x6></dataPoint>
        <dataPoint><x4>2.650000E-01</x4><x5>6.079640E-02</x5><x6>4.824226E+01</x6></dataPoint>
        <dataPoint><x4>2.660000E-01</x4><x5>6.105586E-02</x5><x6>4.795722E+01</x6></dataPoint>
        <dataPoint><x4>2.670000E-01</x4><x5>6.129682E-02</x5><x6>4.769507E+01</x6></dataPoint>
        <dataPoint><x4>2.680000E-01</x4><x5>6.152043E-02</x5><x6>4.745396E+01</x6></dataPoint>
        <dataPoint><x4>2.690000E-01</x4><x5>6.172782E-02</x5><x6>4.723220E+01</x6></dataPoint>
        <dataPoint><x4>2.700000E-01</x4><x5>6.192002E-02</x5><x6>4.702824E+01</x6></dataPoint>
        <dataPoint><x4>2.710000E-01</x4><x5>6.209805E-02</x5><x6>4.684066E+01</x6></dataPoint>
        <dataPoint><x4>2.720000E-01</x4><x5>6.226287E-02</x5><x6>4.666814E+01</x6></dataPoint>
        <dataPoint><x4>2.730000E-01</x4><x5>6.241537E-02</x5><x6>4.650946E+01</x6></dataPoint>
        <dataPoint><x4>2.740000E-01</x4><x5>6.255641E-02</x5><x6>4.636353E+01</x6></dataPoint>
        <dataPoint><x4>2.750000E-01</x4><x5>6.268680E-02</x5><x6>4.622931E+01</x6></dataPoint>
    </dataGroup>
    <dataGroup id="dg2" label="V-t history" dataPointLink="7">
        <property name="time"      id="x4"   label="t"            sourcetype="calculated"  units="s"   />
        <property name="volume"    id="x5"   label="V"            sourcetype="calculated"  units="cm3" />
        <property name="pressure"  id="x6"   label="p"            sourcetype="estimated"   units="bar"  kind="reactive" />

        <dataPoint><x4>0.000000E+00</x4><x5>1.000000E+00</x5><x6>7.966000E-01</x6></dataPoint>
        <dataPoint><x4>1.271000E-01</x4><x5>1.000000E+00</x5><x6>7.966000E-01</x6></dataPoint>
        <dataPoint><x4>2.542000E-01</x4><x5>7.567425E-01</x5><x6>1.202481E+00</x6></dataPoint>
        <dataPoint><x4>2.553502E-01</x4><x5>7.626815E-01</x5><x6>1.188697E+00</x6></dataPoint>
        <dataPoint><x4>2.613816E-01</x4><x5>6.700951E-01</x5><x6>1.438471E+00</x6></dataPoint>
        <dataPoint><x4>2.668600E-01</x4><x5>5.717887E-01</x5><x6>1.816482E+00</x6></dataPoint>
        <dataPoint><x4>2.671236E-01</x4><x5>5.460046E-01</x5><x6>1.943823E+00</x6></dataPoint>
        <dataPoint><x4>2.697538E-01</x4><x5>4.912299E-01</x5><x6>2.269819E+00</x6></dataPoint>
        <dataPoint><x4>2.729770E-01</x4><x5>4.064713E-01</x5><x6>2.994504E+00</x6></dataPoint>
        <dataPoint><x4>2.735666E-01</x4><x5>3.827857E-01</x5><x6>3.268762E+00</x6></dataPoint>
        <dataPoint><x4>2.740647E-01</x4><x5>3.787003E-01</x5><x6>3.320325E+00</x6></dataPoint>
        <dataPoint><x4>2.763955E-01</x4><x5>3.138479E-01</x5><x6>4.364509E+00</x6></dataPoint>
        <dataPoint><x4>2.766003E-01</x4><x5>3.034649E-01</x5><x6>4.583066E+00</x6></dataPoint>
        <dataPoint><x4>2.770184E-01</x4><x5>2.934572E-01</x5><x6>4.811638E+00</x6></dataPoint>
        <dataPoint><x4>2.774738E-01</x4><x5>2.807068E-01</x5><x6>5.131776E+00</x6></dataPoint>
        <dataPoint><x4>2.784564E-01</x4><x5>2.556803E-01</x5><x6>5.874688E+00</x6></dataPoint>
        <dataPoint><x4>2.786035E-01</x4><x5>2.475557E-01</x5><x6>6.155449E+00</x6></dataPoint>
        <dataPoint><x4>2.789840E-01</x4><x5>2.390865E-01</x5><x6>6.472885E+00</x6></dataPoint>
        <dataPoint><x4>2.802304E-01</x4><x5>2.044288E-01</x5><x6>8.111705E+00</x6></dataPoint>
        <dataPoint><x4>2.814047E-01</x4><x5>1.725206E-01</x5><x6>1.034844E+01</x6></dataPoint>
        <dataPoint><x4>2.820007E-01</x4><x5>1.568245E-01</x5><x6>1.186065E+01</x6></dataPoint>
        <dataPoint><x4>2.822144E-01</x4><x5>1.513962E-01</x5><x6>1.247222E+01</x6></dataPoint>
        <dataPoint><x4>2.825351E-01</x4><x5>1.430837E-01</x5><x6>1.351763E+01</x6></dataPoint>
        <dataPoint><x4>2.830257E-01</x4><x5>1.305946E-01</x5><x6>1.539279E+01</x6></dataPoint>
        <dataPoint><x4>2.834191E-01</x4><x5>1.200731E-01</x5><x6>1.734086E+01</x6></dataPoint>
        <dataPoint><x4>2.836950E-01</x4><x5>1.131260E-01</x5><x6>1.886750E+01</x6></dataPoint>
        <dataPoint><x4>2.843446E-01</x4><x5>9.683612E-02</x5><x6>2.349695E+01</x6></dataPoint>
        <dataPoint><x4>2.847404E-01</x4><x5>8.704784E-02</x5><x6>2.729471E+01</x6></dataPoint>
        <dataPoint><x4>2.855880E-01</x4><x5>7.043985E-02</x5><x6>3.670976E+01</x6></dataPoint>
        <dataPoint><x4>2.865769E-01</x4><x5>6.134858E-02</x5><x6>4.450731E+01</x6></dataPoint>
        <dataPoint><x4>2.867994E-01</x4><x5>5.947071E-02</x5><x6>4.647457E+01</x6></dataPoint>
        <dataPoint><x4>2.870004E-01</x4><x5>5.809390E-02</x5><x6>4.801312E+01</x6></dataPoint>
        <dataPoint><x4>2.872177E-01</x4><x5>5.686921E-02</x5><x6>4.945615E+01</x6></dataPoint>
        <dataPoint><x4>2.876000E-01</x4><x5>5.630179E-02</x5><x6>5.015000E+01</x6></dataPoint>
        <dataPoint><x4>2.886000E-01</x4><x5>5.658315E-02</x5><x6>4.980389E+01</x6></dataPoint>
        <dataPoint><x4>2.896000E-01</x4><x5>5.691114E-02</x5><x6>4.940553E+01</x6></dataPoint>
        <dataPoint><x4>2.906000E-01</x4><x5>5.721680E-02</x5><x6>4.903915E+01</x6></dataPoint>
        <dataPoint><x4>2.916000E-01</x4><x5>5.750138E-02</x5><x6>4.870218E+01</x6></dataPoint>
        <dataPoint><x4>2.926000E-01</x4><x5>5.776610E-02</x5><x6>4.839226E+01</x6></dataPoint>
        <dataPoint><x4>2.936000E-01</x4><x5>5.801213E-02</x5><x6>4.810722E+01</x6></dataPoint>
        <dataPoint><x4>2.946000E-01</x4><x5>5.824061E-02</x5><x6>4.784507E+01</x6></dataPoint>
        <dataPoint><x4>2.956000E-01</x4><x5>5.845264E-02</x5><x6>4.760396E+01</x6></dataPoint>
        <dataPoint><x4>2.966000E-01</x4><x5>5.864928E-02</x5><x6>4.738220E+01</x6></dataPoint>
        <dataPoint><x4>2.976000E-01</x4><x5>5.883151E-02</x5><x6>4.717824E+01</x6></dataPoint>
        <dataPoint><x4>2.986000E-01</x4><x5>5.900031E-02</x5><x6>4.699066E+01</x6></dataPoint>
        <dataPoint><x4>2.996000E-01</x4><x5>5.915657E-02</x5><x6>4.681814E+01</x6></dataPoint>
        <dataPoint><x4>3.006000E-01</x4><x5>5.930116E-02</x5><x6>4.665946E+01</x6></dataPoint>
        <dataPoint><x4>3.016000E-01</x4><x5>5.943489E-02</x5><x6>4.651353E+01</x6></dataPoint>
        <dataPoint><x4>3.026000E-01</x4><x5>5.955851E-02</x5><x6>4.637931E+01</x6></dataPoint>
    </dataGroup>
    <dataGroup id="dg2" label="V-t history" dataPointLink="8">
        <property name="time"      id="x4"   label="t"            sourcetype="calculated"  units="s"   />
        <property name="volume"    id="x5"   label="V"            sourcetype="calculated"  units="cm3" />
        <property name="pressure"  id="x6"   label="p"            sourcetype="estimated"   units="bar"  kind="reactive" />

        <dataPoint><x4>0.000000E+00</x4><x5>1.000000E+00</x5><x6>7.456000E-01</x6></dataPoint>
        <dataPoint><x4>1.231000E-01</x4><x5>1.000000E+00</x5><x6>7.456000E-01</x6></dataPoint>
        <dataPoint><x4>2.556000E-01</x4><x5>7.712735E-01</x5><x6>1.094356E+00</x6></dataPoint>
        <dataPoint><x4>2.650972E-01</x4><x5>6.289137E-01</x5><x6>1.478094E+00</x6></dataPoint>
        <dataPoint><x4>2.716878E-01</x4><x5>4.756493E-01</x5><x6>2.227196E+00</x6></dataPoint>
        <dataPoint><x4>2.746849E-01</x4><x5>3.988912E-01</x5><x6>2.880860E+00</x6></dataPoint>
        <dataPoint><x4>2.750189E-01</x4><x5>3.831718E-01</x5><x6>3.054948E+00</x6></dataPoint>
        <dataPoint><x4>2.760679E-01</x4><x5>3.642488E-01</x5><x6>3.289083E+00</x6></dataPoint>
        <dataPoint><x4>2.770887E-01</x4><x5>3.353416E-01</x5><x6>3.709935E+00</x6></dataPoint>
        <dataPoint><x4>2.782378E-01</x4><x5>3.046069E-01</x5><x6>4.266235E+00</x6></dataPoint>
        <dataPoint><x4>2.800110E-01</x4><x5>2.572897E-01</x5><x6>5.448775E+00</x6></dataPoint>
        <dataPoint><x4>2.804145E-01</x4><x5>2.441237E-01</x5><x6>5.878613E+00</x6></dataPoint>
        <dataPoint><x4>2.812438E-01</x4><x5>2.223398E-01</x5><x6>6.727433E+00</x6></dataPoint>
        <dataPoint><x4>2.813539E-01</x4><x5>2.181357E-01</x5><x6>6.915051E+00</x6></dataPoint>
        <dataPoint><x4>2.824323E-01</x4><x5>1.922413E-01</x5><x6>8.293312E+00</x6></dataPoint>
        <dataPoint><x4>2.825922E-01</x4><x5>1.868845E-01</x5><x6>8.636638E+00</x6></dataPoint>
        <dataPoint><x4>2.829913E-01</x4><x5>1.771291E-01</x5><x6>9.326701E+00</x6></dataPoint>
        <dataPoint><x4>2.832003E-01</x4><x5>1.705310E-01</x5><x6>9.847742E+00</x6></dataPoint>
        <dataPoint><x4>2.833997E-01</x4><x5>1.665166E-01</x5><x6>1.018918E+01</x6></dataPoint>
        <dataPoint><x4>2.835998E-01</x4><x5>1.599796E-01</x5><x6>1.078954E+01</x6></dataPoint>
        <dataPoint><x4>2.838168E-01</x4><x5>1.557085E-01</x5><x6>1.121468E+01</x6></dataPoint>
        <dataPoint><x4>2.842011E-01</x4><x5>1.464586E-01</x5><x6>1.223841E+01</x6></dataPoint>
        <dataPoint><x4>2.846026E-01</x4><x5>1.370970E-01</x5><x6>1.344524E+01</x6></dataPoint>
        <dataPoint><x4>2.853111E-01</x4><x5>1.198920E-01</x5><x6>1.626470E+01</x6></dataPoint>
        <dataPoint><x4>2.859125E-01</x4><x5>1.048427E-01</x5><x6>1.966163E+01</x6></dataPoint>
        <dataPoint><x4>2.864064E-01</x4><x5>9.285524E-02</x5><x6>2.332975E+01</x6></dataPoint>
        <dataPoint><x4>2.866054E-01</x4><x5>8.797554E-02</x5><x6>2.516847E+01</x6></dataPoint>
        <dataPoint><x4>2.869357E-01</x4><x5>8.057007E-02</x5><x6>2.847194E+01</x6></dataPoint>
        <dataPoint><x4>2.871111E-01</x4><x5>7.684773E-02</x5><x6>3.042120E+01</x6></dataPoint>
        <dataPoint><x4>2.874334E-01</x4><x5>7.072196E-02</x5><x6>3.416631E+01</x6></dataPoint>
        <dataPoint><x4>2.877872E-01</x4><x5>6.600829E-02</x5><x6>3.761728E+01</x6></dataPoint>
        <dataPoint><x4>2.884334E-01</x4><x5>6.069198E-02</x5><x6>4.228370E+01</x6></dataPoint>
        <dataPoint><x4>2.891965E-01</x4><x5>5.504350E-02</x5><x6>4.843309E+01</x6></dataPoint>
        <dataPoint><x4>2.896000E-01</x4><x5>5.373347E-02</x5><x6>5.008000E+01</x6></dataPoint>
        <dataPoint><x4>2.906000E-01</x4><x5>5.400264E-02</x5><x6>4.973389E+01</x6></dataPoint>
        <dataPoint><x4>2.916000E-01</x4><x5>5.431642E-02</x5><x6>4.933553E+01</x6></dataPoint>
        <dataPoint><x4>2.926000E-01</x4><x5>5.460885E-02</x5><x6>4.896915E+01</x6></dataPoint>
        <dataPoint><x4>2.936000E-01</x4><x5>5.488112E-02</x5><x6>4.863218E+01</x6></dataPoint>
        <dataPoint><x4>2.946000E-01</x4><x5>5.513439E-02</x5><x6>4.832226E+01</x6></dataPoint>
        <dataPoint><x4>2.956000E-01</x4><x5>5.536978E-02</x5><x6>4.803722E+01</x6></dataPoint>
        <dataPoint><x4>2.966000E-01</x4><x5>5.558839E-02</x5><x6>4.777507E+01</x6></dataPoint>
        <dataPoint><x4>2.976000E-01</x4><x5>5.579127E-02</x5><x6>4.753396E+01</x6></dataPoint>
        <dataPoint><x4>2.986000E-01</x4><x5>5.597941E-02</x5><x6>4.731220E+01</x6></dataPoint>
        <dataPoint><x4>2.996000E-01</x4><x5>5.615378E-02</x5><x6>4.710824E+01</x6></dataPoint>
        <dataPoint><x4>3.006000E-01</x4><x5>5.631530E-02</x5><x6>4.692066E+01</x6></dataPoint>
        <dataPoint><x4>3.016000E-01</x4><x5>5.646482E-02</x5><x6>4.674814E+01</x6></dataPoint>
        <dataPoint><x4>3.026000E-01</x4><x5>5.660317E-02</x5><x6>4.658946E+01</x6></dataPoint>
        <dataPoint><x4>3.036000E-01</x4><x5>5.673113E-02</x5><x6>4.644353E+01</x6></dataPoint>
        <dataPoint><x4>3.046000E-01</x4><x5>5.684943E-02</x5><x6>4.630931E+01</x6></dataPoint>
    </dataGroup>
</experiment>
