<experiment>
    <fileAuthor>Chemical Kinetics Laboratory, Institute of Chemistry, ELTE, Budapest, Hungary</fileAuthor>
    <fileDOI>10.24388/x40004045</fileDOI>
    <fileVersion>
        <major>2</major>
        <minor>3</minor>
    </fileVersion>
    <ReSpecThVersion>
        <major>2</major>
        <minor>3</minor>
    </ReSpecThVersion>
    <firstPublicationDate>2020-09-08</firstPublicationDate>
    <lastModificationDate>2020-11-18</lastModificationDate>
    <bibliographyLink>
        <description>H. Hashemi, J. M. Christensen, S. Gersen, H. Levinsky, S. J. Klippenstein, P. Glarborg, Combustion and Flame 172 (2016), 349–364.</description>
        <referenceDOI>10.1016/j.combustflame.2016.07.016</referenceDOI>
        <location>Main Article + Supplementary + Personal Communication</location>
        <table>Table 1, Table S9</table>
        <figure>Fig. 14, blue diamond, mixture D, phi = 0.5, Pc = 30 bar series</figure>
        <details>
            <author>H. Hashemi, J. M. Christensen, S. Gersen, H. Levinsky, S. J. Klippenstein, P. Glarborg</author>
            <journal>Combust Flame</journal>
            <pages>349–-364</pages>
            <title>High-pressure oxidation of methane</title>
            <volume>172</volume>
            <year>2016</year>
        </details>
    </bibliographyLink>
    <experimentType>ignition delay measurement</experimentType>
    <apparatus>
        <kind>rapid compression machine</kind>
    </apparatus>
    <commonProperties>
        <property name="initial composition"           sourcetype="reported"  >
            <component><speciesLink preferredKey="CH4"  CAS="74-82-8"    InChI="1S/CH4/h1H4"  SMILES="C"     chemName="methane"  /><amount units="mole fraction" >0.0476</amount></component>
            <component><speciesLink preferredKey="O2"   CAS="7782-44-7"  InChI="1S/O2/c1-2"   SMILES="O=O"   chemName="oxygen"   /><amount units="mole fraction" >0.1905</amount></component>
            <component><speciesLink preferredKey="N2"   CAS="7727-37-9"  InChI="1S/N2/c1-2"   SMILES="N#N"   chemName="nitrogen" /><amount units="mole fraction" >0</amount></component>
            <component><speciesLink preferredKey="Ar"   CAS="7440-37-1"  InChI="1S/Ar"        SMILES="[Ar]"  chemName="argon"    /><amount units="mole fraction" >0.7619</amount></component>
        </property>
        <property name="evaluated standard deviation"  sourcetype="estimated"  units="unitless"       reference="ignition delay"  kind="relative"  method="generic uncertainty" ><value>0.1</value></property>
    </commonProperties>
    <dataGroup id="dg1" label="measured data">
        <property name="pressure"        id="x1"   label="P"              sourcetype="reported"  units="bar" />
        <property name="temperature"     id="x2"   label="T"              sourcetype="reported"  units="K"   />
        <property name="ignition delay"  id="x3"   label="tau"            sourcetype="reported"  units="ms"  />

        <dataPoint><x1>0.5357</x1><x2>296.05</x2>  <x3>1.6</x3></dataPoint>
        <dataPoint><x1>0.5359</x1><x2>296.15</x2>  <x3>2.2</x3></dataPoint>
        <dataPoint><x1>0.6727</x1><x2>296.35</x2>  <x3>7.6</x3></dataPoint>
        <dataPoint><x1>0.7588</x1><x2>296.45</x2> <x3>12.4</x3></dataPoint>
        <dataPoint><x1>0.7597</x1><x2>296.55</x2> <x3>13.4</x3></dataPoint>
        <dataPoint><x1>0.8492</x1><x2>293.35</x2> <x3>24.6</x3></dataPoint>
        <dataPoint><x1>0.9256</x1><x2>293.45</x2> <x3>46.4</x3></dataPoint>
        <dataPoint><x1>0.9786</x1><x2>293.55</x2><x3>106.8</x3></dataPoint>
    </dataGroup>
    <ignitionType target="p;" type="d/dt max"/>
    <dataGroup id="dg2" label="V-t history" dataPointLink="1">
        <property name="time"      id="x4"   label="t"            sourcetype="calculated"  units="s"   />
        <property name="volume"    id="x5"   label="V"            sourcetype="calculated"  units="cm3" />
        <property name="pressure"  id="x6"   label="p"            sourcetype="estimated"   units="bar"  kind="reactive" />

        <dataPoint><x4>0.000000E+00</x4><x5>1.000000E+00</x5><x6>5.357000E-01</x6></dataPoint>
        <dataPoint><x4>1.000000E-01</x4><x5>1.000000E+00</x5><x6>5.357000E-01</x6></dataPoint>
        <dataPoint><x4>1.900000E-01</x4><x5>9.035102E-01</x5><x6>6.276053E-01</x6></dataPoint>
        <dataPoint><x4>2.305733E-01</x4><x5>8.375600E-01</x5><x6>7.062839E-01</x6></dataPoint>
        <dataPoint><x4>2.340029E-01</x4><x5>8.147504E-01</x5><x6>7.373068E-01</x6></dataPoint>
        <dataPoint><x4>2.373348E-01</x4><x5>7.639853E-01</x5><x6>8.149132E-01</x6></dataPoint>
        <dataPoint><x4>2.375600E-01</x4><x5>7.892734E-01</x5><x6>7.746712E-01</x6></dataPoint>
        <dataPoint><x4>2.387896E-01</x4><x5>7.703252E-01</x5><x6>8.045090E-01</x6></dataPoint>
        <dataPoint><x4>2.400454E-01</x4><x5>7.315957E-01</x5><x6>8.716652E-01</x6></dataPoint>
        <dataPoint><x4>2.405455E-01</x4><x5>7.391006E-01</x5><x6>8.579530E-01</x6></dataPoint>
        <dataPoint><x4>2.454067E-01</x4><x5>6.311741E-01</x5><x6>1.096019E+00</x6></dataPoint>
        <dataPoint><x4>2.456017E-01</x4><x5>6.582924E-01</x5><x6>1.026851E+00</x6></dataPoint>
        <dataPoint><x4>2.458026E-01</x4><x5>6.608563E-01</x5><x6>1.020681E+00</x6></dataPoint>
        <dataPoint><x4>2.459719E-01</x4><x5>6.344756E-01</x5><x6>1.087198E+00</x6></dataPoint>
        <dataPoint><x4>2.498887E-01</x4><x5>5.355755E-01</x5><x6>1.412889E+00</x6></dataPoint>
        <dataPoint><x4>2.500053E-01</x4><x5>5.273268E-01</x5><x6>1.447138E+00</x6></dataPoint>
        <dataPoint><x4>2.517805E-01</x4><x5>4.926013E-01</x5><x6>1.607380E+00</x6></dataPoint>
        <dataPoint><x4>2.520035E-01</x4><x5>4.666596E-01</x5><x6>1.746977E+00</x6></dataPoint>
        <dataPoint><x4>2.524176E-01</x4><x5>4.796076E-01</x5><x6>1.674928E+00</x6></dataPoint>
        <dataPoint><x4>2.525748E-01</x4><x5>4.783533E-01</x5><x6>1.681693E+00</x6></dataPoint>
        <dataPoint><x4>2.538421E-01</x4><x5>4.358699E-01</x5><x6>1.940222E+00</x6></dataPoint>
        <dataPoint><x4>2.538727E-01</x4><x5>4.361888E-01</x5><x6>1.938044E+00</x6></dataPoint>
        <dataPoint><x4>2.539923E-01</x4><x5>4.368797E-01</x5><x6>1.933339E+00</x6></dataPoint>
        <dataPoint><x4>2.543216E-01</x4><x5>4.223683E-01</x5><x6>2.036245E+00</x6></dataPoint>
        <dataPoint><x4>2.546029E-01</x4><x5>4.280520E-01</x5><x6>1.994896E+00</x6></dataPoint>
        <dataPoint><x4>2.548006E-01</x4><x5>4.093687E-01</x5><x6>2.136266E+00</x6></dataPoint>
        <dataPoint><x4>2.549921E-01</x4><x5>4.119853E-01</x5><x6>2.115496E+00</x6></dataPoint>
        <dataPoint><x4>2.555705E-01</x4><x5>3.968794E-01</x5><x6>2.240158E+00</x6></dataPoint>
        <dataPoint><x4>2.574561E-01</x4><x5>3.477903E-01</x5><x6>2.741377E+00</x6></dataPoint>
        <dataPoint><x4>2.578964E-01</x4><x5>3.281411E-01</x5><x6>2.995651E+00</x6></dataPoint>
        <dataPoint><x4>2.587010E-01</x4><x5>3.096050E-01</x5><x6>3.272976E+00</x6></dataPoint>
        <dataPoint><x4>2.597886E-01</x4><x5>2.827967E-01</x5><x6>3.755817E+00</x6></dataPoint>
        <dataPoint><x4>2.600215E-01</x4><x5>2.722384E-01</x5><x6>3.978902E+00</x6></dataPoint>
        <dataPoint><x4>2.606057E-01</x4><x5>2.605190E-01</x5><x6>4.253102E+00</x6></dataPoint>
        <dataPoint><x4>2.608082E-01</x4><x5>2.505079E-01</x5><x6>4.512809E+00</x6></dataPoint>
        <dataPoint><x4>2.611442E-01</x4><x5>2.431582E-01</x5><x6>4.720496E+00</x6></dataPoint>
        <dataPoint><x4>2.616737E-01</x4><x5>2.305074E-01</x5><x6>5.116847E+00</x6></dataPoint>
        <dataPoint><x4>2.619491E-01</x4><x5>2.229648E-01</x5><x6>5.379915E+00</x6></dataPoint>
        <dataPoint><x4>2.620400E-01</x4><x5>2.205665E-01</x5><x6>5.468251E+00</x6></dataPoint>
        <dataPoint><x4>2.626946E-01</x4><x5>2.003047E-01</x5><x6>6.320626E+00</x6></dataPoint>
        <dataPoint><x4>2.629676E-01</x4><x5>1.938665E-01</x5><x6>6.638130E+00</x6></dataPoint>
        <dataPoint><x4>2.632126E-01</x4><x5>1.865393E-01</x5><x6>7.032663E+00</x6></dataPoint>
        <dataPoint><x4>2.633859E-01</x4><x5>1.826143E-01</x5><x6>7.260157E+00</x6></dataPoint>
        <dataPoint><x4>2.640421E-01</x4><x5>1.656496E-01</x5><x6>8.398838E+00</x6></dataPoint>
        <dataPoint><x4>2.642157E-01</x4><x5>1.603055E-01</x5><x6>8.819748E+00</x6></dataPoint>
        <dataPoint><x4>2.644154E-01</x4><x5>1.542629E-01</x5><x6>9.339224E+00</x6></dataPoint>
        <dataPoint><x4>2.645879E-01</x4><x5>1.499075E-01</x5><x6>9.745811E+00</x6></dataPoint>
        <dataPoint><x4>2.652143E-01</x4><x5>1.319232E-01</x5><x6>1.178151E+01</x6></dataPoint>
        <dataPoint><x4>2.658613E-01</x4><x5>1.148472E-01</x5><x6>1.446126E+01</x6></dataPoint>
        <dataPoint><x4>2.663381E-01</x4><x5>1.017920E-01</x5><x6>1.727470E+01</x6></dataPoint>
        <dataPoint><x4>2.665983E-01</x4><x5>9.524150E-02</x5><x6>1.904878E+01</x6></dataPoint>
        <dataPoint><x4>2.668047E-01</x4><x5>9.012757E-02</x5><x6>2.065592E+01</x6></dataPoint>
        <dataPoint><x4>2.670011E-01</x4><x5>8.591332E-02</x5><x6>2.215808E+01</x6></dataPoint>
        <dataPoint><x4>2.672005E-01</x4><x5>8.247679E-02</x5><x6>2.352320E+01</x6></dataPoint>
        <dataPoint><x4>2.674018E-01</x4><x5>7.970438E-02</x5><x6>2.473012E+01</x6></dataPoint>
        <dataPoint><x4>2.676030E-01</x4><x5>7.733562E-02</x5><x6>2.584561E+01</x6></dataPoint>
        <dataPoint><x4>2.678006E-01</x4><x5>7.545311E-02</x5><x6>2.679344E+01</x6></dataPoint>
        <dataPoint><x4>2.680011E-01</x4><x5>7.312903E-02</x5><x6>2.804627E+01</x6></dataPoint>
        <dataPoint><x4>2.682011E-01</x4><x5>7.127772E-02</x5><x6>2.911600E+01</x6></dataPoint>
        <dataPoint><x4>2.684022E-01</x4><x5>6.938411E-02</x5><x6>3.028264E+01</x6></dataPoint>
        <dataPoint><x4>2.688000E-01</x4><x5>6.803855E-02</x5><x6>3.116000E+01</x6></dataPoint>
        <dataPoint><x4>2.690000E-01</x4><x5>6.791901E-02</x5><x6>3.124000E+01</x6></dataPoint>
        <dataPoint><x4>2.740000E-01</x4><x5>7.066077E-02</x5><x6>2.948773E+01</x6></dataPoint>
        <dataPoint><x4>2.790000E-01</x4><x5>7.240015E-02</x5><x6>2.845947E+01</x6></dataPoint>
        <dataPoint><x4>2.890000E-01</x4><x5>7.500811E-02</x5><x6>2.702600E+01</x6></dataPoint>
        <dataPoint><x4>2.990000E-01</x4><x5>7.748780E-02</x5><x6>2.577144E+01</x6></dataPoint>
        <dataPoint><x4>3.090000E-01</x4><x5>7.943506E-02</x5><x6>2.485286E+01</x6></dataPoint>
        <dataPoint><x4>3.190000E-01</x4><x5>8.093873E-02</x5><x6>2.418030E+01</x6></dataPoint>
        <dataPoint><x4>3.290000E-01</x4><x5>8.208471E-02</x5><x6>2.368785E+01</x6></dataPoint>
        <dataPoint><x4>3.390000E-01</x4><x5>8.294930E-02</x5><x6>2.332729E+01</x6></dataPoint>
        <dataPoint><x4>3.490000E-01</x4><x5>8.359661E-02</x5><x6>2.306329E+01</x6></dataPoint>
        <dataPoint><x4>3.590000E-01</x4><x5>8.407845E-02</x5><x6>2.287000E+01</x6></dataPoint>
        <dataPoint><x4>3.690000E-01</x4><x5>8.443558E-02</x5><x6>2.272847E+01</x6></dataPoint>
        <dataPoint><x4>3.790000E-01</x4><x5>8.469942E-02</x5><x6>2.262484E+01</x6></dataPoint>
        <dataPoint><x4>3.890000E-01</x4><x5>8.489389E-02</x5><x6>2.254897E+01</x6></dataPoint>
        <dataPoint><x4>3.990000E-01</x4><x5>8.503697E-02</x5><x6>2.249342E+01</x6></dataPoint>
        <dataPoint><x4>4.090000E-01</x4><x5>8.514210E-02</x5><x6>2.245274E+01</x6></dataPoint>
        <dataPoint><x4>4.190000E-01</x4><x5>8.521928E-02</x5><x6>2.242296E+01</x6></dataPoint>
    </dataGroup>
    <dataGroup id="dg2" label="V-t history" dataPointLink="2">
        <property name="time"      id="x4"   label="t"            sourcetype="calculated"  units="s"   />
        <property name="volume"    id="x5"   label="V"            sourcetype="calculated"  units="cm3" />
        <property name="pressure"  id="x6"   label="p"            sourcetype="estimated"   units="bar"  kind="reactive" />

        <dataPoint><x4>0.000000E+00</x4><x5>1.000000E+00</x5><x6>5.359000E-01</x6></dataPoint>
        <dataPoint><x4>1.000000E-01</x4><x5>1.000000E+00</x5><x6>5.359000E-01</x6></dataPoint>
        <dataPoint><x4>1.900000E-01</x4><x5>9.326816E-01</x5><x6>5.974823E-01</x6></dataPoint>
        <dataPoint><x4>2.147805E-01</x4><x5>8.678760E-01</x5><x6>6.684773E-01</x6></dataPoint>
        <dataPoint><x4>2.305618E-01</x4><x5>7.788050E-01</x5><x6>7.912203E-01</x6></dataPoint>
        <dataPoint><x4>2.349947E-01</x4><x5>7.280853E-01</x5><x6>8.785259E-01</x6></dataPoint>
        <dataPoint><x4>2.373522E-01</x4><x5>7.136888E-01</x5><x6>9.062008E-01</x6></dataPoint>
        <dataPoint><x4>2.413884E-01</x4><x5>6.149113E-01</x5><x6>1.141647E+00</x6></dataPoint>
        <dataPoint><x4>2.415884E-01</x4><x5>6.336873E-01</x5><x6>1.089692E+00</x6></dataPoint>
        <dataPoint><x4>2.424098E-01</x4><x5>5.863955E-01</x5><x6>1.228683E+00</x6></dataPoint>
        <dataPoint><x4>2.451861E-01</x4><x5>5.474149E-01</x5><x6>1.366488E+00</x6></dataPoint>
        <dataPoint><x4>2.468283E-01</x4><x5>4.987033E-01</x5><x6>1.577749E+00</x6></dataPoint>
        <dataPoint><x4>2.470843E-01</x4><x5>5.082975E-01</x5><x6>1.532087E+00</x6></dataPoint>
        <dataPoint><x4>2.479009E-01</x4><x5>4.670698E-01</x5><x6>1.745244E+00</x6></dataPoint>
        <dataPoint><x4>2.480486E-01</x4><x5>4.596427E-01</x5><x6>1.788807E+00</x6></dataPoint>
        <dataPoint><x4>2.495849E-01</x4><x5>4.363721E-01</x5><x6>1.937487E+00</x6></dataPoint>
        <dataPoint><x4>2.497723E-01</x4><x5>4.258749E-01</x5><x6>2.011289E+00</x6></dataPoint>
        <dataPoint><x4>2.507908E-01</x4><x5>4.055091E-01</x5><x6>2.168288E+00</x6></dataPoint>
        <dataPoint><x4>2.508021E-01</x4><x5>4.036747E-01</x5><x6>2.183409E+00</x6></dataPoint>
        <dataPoint><x4>2.509819E-01</x4><x5>4.032056E-01</x5><x6>2.187304E+00</x6></dataPoint>
        <dataPoint><x4>2.514137E-01</x4><x5>3.959312E-01</x5><x6>2.249181E+00</x6></dataPoint>
        <dataPoint><x4>2.516067E-01</x4><x5>3.865794E-01</x5><x6>2.333038E+00</x6></dataPoint>
        <dataPoint><x4>2.538186E-01</x4><x5>3.271765E-01</x5><x6>3.010176E+00</x6></dataPoint>
        <dataPoint><x4>2.542079E-01</x4><x5>3.128618E-01</x5><x6>3.222401E+00</x6></dataPoint>
        <dataPoint><x4>2.552577E-01</x4><x5>2.891499E-01</x5><x6>3.632540E+00</x6></dataPoint>
        <dataPoint><x4>2.556105E-01</x4><x5>2.806697E-01</x5><x6>3.800400E+00</x6></dataPoint>
        <dataPoint><x4>2.558007E-01</x4><x5>2.731852E-01</x5><x6>3.959389E+00</x6></dataPoint>
        <dataPoint><x4>2.560012E-01</x4><x5>2.716326E-01</x5><x6>3.993737E+00</x6></dataPoint>
        <dataPoint><x4>2.561996E-01</x4><x5>2.621956E-01</x5><x6>4.213455E+00</x6></dataPoint>
        <dataPoint><x4>2.564378E-01</x4><x5>2.597745E-01</x5><x6>4.273033E+00</x6></dataPoint>
        <dataPoint><x4>2.570276E-01</x4><x5>2.434034E-01</x5><x6>4.714929E+00</x6></dataPoint>
        <dataPoint><x4>2.572005E-01</x4><x5>2.406549E-01</x5><x6>4.796477E+00</x6></dataPoint>
        <dataPoint><x4>2.576128E-01</x4><x5>2.274197E-01</x5><x6>5.223706E+00</x6></dataPoint>
        <dataPoint><x4>2.585525E-01</x4><x5>2.031599E-01</x5><x6>6.189819E+00</x6></dataPoint>
        <dataPoint><x4>2.587812E-01</x4><x5>1.986898E-01</x5><x6>6.400036E+00</x6></dataPoint>
        <dataPoint><x4>2.591777E-01</x4><x5>1.888156E-01</x5><x6>6.908362E+00</x6></dataPoint>
        <dataPoint><x4>2.596236E-01</x4><x5>1.765951E-01</x5><x6>7.635958E+00</x6></dataPoint>
        <dataPoint><x4>2.597997E-01</x4><x5>1.707568E-01</x5><x6>8.029324E+00</x6></dataPoint>
        <dataPoint><x4>2.599939E-01</x4><x5>1.665360E-01</x5><x6>8.334988E+00</x6></dataPoint>
        <dataPoint><x4>2.604089E-01</x4><x5>1.550189E-01</x5><x6>9.274563E+00</x6></dataPoint>
        <dataPoint><x4>2.606026E-01</x4><x5>1.498454E-01</x5><x6>9.755017E+00</x6></dataPoint>
        <dataPoint><x4>2.608000E-01</x4><x5>1.457052E-01</x5><x6>1.016991E+01</x6></dataPoint>
        <dataPoint><x4>2.610004E-01</x4><x5>1.392968E-01</x5><x6>1.087233E+01</x6></dataPoint>
        <dataPoint><x4>2.614030E-01</x4><x5>1.290821E-01</x5><x6>1.217153E+01</x6></dataPoint>
        <dataPoint><x4>2.616034E-01</x4><x5>1.239152E-01</x5><x6>1.292990E+01</x6></dataPoint>
        <dataPoint><x4>2.619993E-01</x4><x5>1.134317E-01</x5><x6>1.473301E+01</x6></dataPoint>
        <dataPoint><x4>2.621974E-01</x4><x5>1.086151E-01</x5><x6>1.570621E+01</x6></dataPoint>
        <dataPoint><x4>2.623997E-01</x4><x5>1.035986E-01</x5><x6>1.683872E+01</x6></dataPoint>
        <dataPoint><x4>2.626134E-01</x4><x5>9.840577E-02</x5><x6>1.816151E+01</x6></dataPoint>
        <dataPoint><x4>2.630143E-01</x4><x5>8.934494E-02</x5><x6>2.092843E+01</x6></dataPoint>
        <dataPoint><x4>2.633869E-01</x4><x5>8.317004E-02</x5><x6>2.324401E+01</x6></dataPoint>
        <dataPoint><x4>2.637861E-01</x4><x5>7.883484E-02</x5><x6>2.513799E+01</x6></dataPoint>
        <dataPoint><x4>2.640055E-01</x4><x5>7.666998E-02</x5><x6>2.618246E+01</x6></dataPoint>
        <dataPoint><x4>2.644059E-01</x4><x5>7.249274E-02</x5><x6>2.841529E+01</x6></dataPoint>
        <dataPoint><x4>2.646001E-01</x4><x5>7.098521E-02</x5><x6>2.930040E+01</x6></dataPoint>
        <dataPoint><x4>2.648003E-01</x4><x5>6.990894E-02</x5><x6>2.996090E+01</x6></dataPoint>
        <dataPoint><x4>2.652000E-01</x4><x5>6.945025E-02</x5><x6>3.025000E+01</x6></dataPoint>
        <dataPoint><x4>2.702000E-01</x4><x5>7.234902E-02</x5><x6>2.849773E+01</x6></dataPoint>
        <dataPoint><x4>2.752000E-01</x4><x5>7.419290E-02</x5><x6>2.746947E+01</x6></dataPoint>
        <dataPoint><x4>2.852000E-01</x4><x5>7.696479E-02</x5><x6>2.603600E+01</x6></dataPoint>
        <dataPoint><x4>2.952000E-01</x4><x5>7.960859E-02</x5><x6>2.478144E+01</x6></dataPoint>
        <dataPoint><x4>3.052000E-01</x4><x5>8.169045E-02</x5><x6>2.386286E+01</x6></dataPoint>
        <dataPoint><x4>3.152000E-01</x4><x5>8.330156E-02</x5><x6>2.319030E+01</x6></dataPoint>
        <dataPoint><x4>3.252000E-01</x4><x5>8.453150E-02</x5><x6>2.269785E+01</x6></dataPoint>
        <dataPoint><x4>3.352000E-01</x4><x5>8.546064E-02</x5><x6>2.233729E+01</x6></dataPoint>
        <dataPoint><x4>3.452000E-01</x4><x5>8.615695E-02</x5><x6>2.207329E+01</x6></dataPoint>
        <dataPoint><x4>3.552000E-01</x4><x5>8.667565E-02</x5><x6>2.188000E+01</x6></dataPoint>
        <dataPoint><x4>3.652000E-01</x4><x5>8.706031E-02</x5><x6>2.173847E+01</x6></dataPoint>
        <dataPoint><x4>3.752000E-01</x4><x5>8.734461E-02</x5><x6>2.163484E+01</x6></dataPoint>
        <dataPoint><x4>3.852000E-01</x4><x5>8.755421E-02</x5><x6>2.155897E+01</x6></dataPoint>
        <dataPoint><x4>3.952000E-01</x4><x5>8.770846E-02</x5><x6>2.150342E+01</x6></dataPoint>
        <dataPoint><x4>4.052000E-01</x4><x5>8.782182E-02</x5><x6>2.146274E+01</x6></dataPoint>
        <dataPoint><x4>4.152000E-01</x4><x5>8.790505E-02</x5><x6>2.143296E+01</x6></dataPoint>
    </dataGroup>
    <dataGroup id="dg2" label="V-t history" dataPointLink="3">
        <property name="time"      id="x4"   label="t"            sourcetype="calculated"  units="s"   />
        <property name="volume"    id="x5"   label="V"            sourcetype="calculated"  units="cm3" />
        <property name="pressure"  id="x6"   label="p"            sourcetype="estimated"   units="bar"  kind="reactive" />

        <dataPoint><x4>0.000000E+00</x4><x5>1.000000E+00</x5><x6>6.727000E-01</x6></dataPoint>
        <dataPoint><x4>1.000000E-01</x4><x5>1.000000E+00</x5><x6>6.727000E-01</x6></dataPoint>
        <dataPoint><x4>1.900000E-01</x4><x5>8.767681E-01</x5><x6>8.258933E-01</x6></dataPoint>
        <dataPoint><x4>2.157708E-01</x4><x5>8.233101E-01</x5><x6>9.109169E-01</x6></dataPoint>
        <dataPoint><x4>2.226393E-01</x4><x5>7.623466E-01</x5><x6>1.026728E+00</x6></dataPoint>
        <dataPoint><x4>2.266515E-01</x4><x5>6.513629E-01</x5><x6>1.310756E+00</x6></dataPoint>
        <dataPoint><x4>2.314574E-01</x4><x5>5.371117E-01</x5><x6>1.766337E+00</x6></dataPoint>
        <dataPoint><x4>2.318429E-01</x4><x5>5.227784E-01</x5><x6>1.841615E+00</x6></dataPoint>
        <dataPoint><x4>2.322206E-01</x4><x5>5.151124E-01</x5><x6>1.884054E+00</x6></dataPoint>
        <dataPoint><x4>2.324035E-01</x4><x5>5.041547E-01</x5><x6>1.947551E+00</x6></dataPoint>
        <dataPoint><x4>2.325081E-01</x4><x5>5.093724E-01</x5><x6>1.916887E+00</x6></dataPoint>
        <dataPoint><x4>2.325413E-01</x4><x5>5.106363E-01</x5><x6>1.909577E+00</x6></dataPoint>
        <dataPoint><x4>2.333256E-01</x4><x5>4.897629E-01</x5><x6>2.036419E+00</x6></dataPoint>
        <dataPoint><x4>2.340150E-01</x4><x5>4.674549E-01</x5><x6>2.187919E+00</x6></dataPoint>
        <dataPoint><x4>2.341925E-01</x4><x5>4.568267E-01</x5><x6>2.266692E+00</x6></dataPoint>
        <dataPoint><x4>2.343848E-01</x4><x5>4.419698E-01</x5><x6>2.384845E+00</x6></dataPoint>
        <dataPoint><x4>2.344093E-01</x4><x5>4.408432E-01</x5><x6>2.394215E+00</x6></dataPoint>
        <dataPoint><x4>2.346064E-01</x4><x5>4.497822E-01</x5><x6>2.321494E+00</x6></dataPoint>
        <dataPoint><x4>2.354699E-01</x4><x5>4.173412E-01</x5><x6>2.604273E+00</x6></dataPoint>
        <dataPoint><x4>2.357206E-01</x4><x5>4.218541E-01</x5><x6>2.561652E+00</x6></dataPoint>
        <dataPoint><x4>2.363992E-01</x4><x5>4.001553E-01</x5><x6>2.777701E+00</x6></dataPoint>
        <dataPoint><x4>2.380109E-01</x4><x5>3.490181E-01</x5><x6>3.423771E+00</x6></dataPoint>
        <dataPoint><x4>2.382070E-01</x4><x5>3.393906E-01</x5><x6>3.573076E+00</x6></dataPoint>
        <dataPoint><x4>2.384087E-01</x4><x5>3.365624E-01</x5><x6>3.618971E+00</x6></dataPoint>
        <dataPoint><x4>2.386128E-01</x4><x5>3.378574E-01</x5><x6>3.597837E+00</x6></dataPoint>
        <dataPoint><x4>2.405929E-01</x4><x5>2.760669E-01</x5><x6>4.891406E+00</x6></dataPoint>
        <dataPoint><x4>2.408104E-01</x4><x5>2.676293E-01</x5><x6>5.126987E+00</x6></dataPoint>
        <dataPoint><x4>2.409999E-01</x4><x5>2.637798E-01</x5><x6>5.240714E+00</x6></dataPoint>
        <dataPoint><x4>2.419157E-01</x4><x5>2.366229E-01</x5><x6>6.176012E+00</x6></dataPoint>
        <dataPoint><x4>2.423583E-01</x4><x5>2.217816E-01</x5><x6>6.809446E+00</x6></dataPoint>
        <dataPoint><x4>2.427737E-01</x4><x5>2.107767E-01</x5><x6>7.351357E+00</x6></dataPoint>
        <dataPoint><x4>2.434043E-01</x4><x5>1.921322E-01</x5><x6>8.447876E+00</x6></dataPoint>
        <dataPoint><x4>2.438002E-01</x4><x5>1.807353E-01</x5><x6>9.257971E+00</x6></dataPoint>
        <dataPoint><x4>2.444171E-01</x4><x5>1.611181E-01</x5><x6>1.099074E+01</x6></dataPoint>
        <dataPoint><x4>2.446153E-01</x4><x5>1.560057E-01</x5><x6>1.153161E+01</x6></dataPoint>
        <dataPoint><x4>2.451912E-01</x4><x5>1.391065E-01</x5><x6>1.367416E+01</x6></dataPoint>
        <dataPoint><x4>2.453940E-01</x4><x5>1.331838E-01</x5><x6>1.458543E+01</x6></dataPoint>
        <dataPoint><x4>2.458004E-01</x4><x5>1.211312E-01</x5><x6>1.678328E+01</x6></dataPoint>
        <dataPoint><x4>2.461922E-01</x4><x5>1.108860E-01</x5><x6>1.912138E+01</x6></dataPoint>
        <dataPoint><x4>2.465962E-01</x4><x5>1.010852E-01</x5><x6>2.191240E+01</x6></dataPoint>
        <dataPoint><x4>2.468070E-01</x4><x5>9.740438E-02</x5><x6>2.314030E+01</x6></dataPoint>
        <dataPoint><x4>2.471979E-01</x4><x5>9.208103E-02</x5><x6>2.513091E+01</x6></dataPoint>
        <dataPoint><x4>2.474072E-01</x4><x5>8.944335E-02</x5><x6>2.622549E+01</x6></dataPoint>
        <dataPoint><x4>2.475979E-01</x4><x5>8.746595E-02</x5><x6>2.709927E+01</x6></dataPoint>
        <dataPoint><x4>2.478057E-01</x4><x5>8.501741E-02</x5><x6>2.825047E+01</x6></dataPoint>
        <dataPoint><x4>2.480044E-01</x4><x5>8.298373E-02</x5><x6>2.927007E+01</x6></dataPoint>
        <dataPoint><x4>2.482006E-01</x4><x5>8.155906E-02</x5><x6>3.002148E+01</x6></dataPoint>
        <dataPoint><x4>2.484017E-01</x4><x5>8.106105E-02</x5><x6>3.029177E+01</x6></dataPoint>
        <dataPoint><x4>2.486000E-01</x4><x5>8.100947E-02</x5><x6>3.032000E+01</x6></dataPoint>
        <dataPoint><x4>2.536000E-01</x4><x5>8.437164E-02</x5><x6>2.856773E+01</x6></dataPoint>
        <dataPoint><x4>2.586000E-01</x4><x5>8.650954E-02</x5><x6>2.753947E+01</x6></dataPoint>
        <dataPoint><x4>2.686000E-01</x4><x5>8.972231E-02</x5><x6>2.610600E+01</x6></dataPoint>
        <dataPoint><x4>2.786000E-01</x4><x5>9.278540E-02</x5><x6>2.485144E+01</x6></dataPoint>
        <dataPoint><x4>2.886000E-01</x4><x5>9.519660E-02</x5><x6>2.393286E+01</x6></dataPoint>
        <dataPoint><x4>2.986000E-01</x4><x5>9.706208E-02</x5><x6>2.326030E+01</x6></dataPoint>
        <dataPoint><x4>3.086000E-01</x4><x5>9.848590E-02</x5><x6>2.276785E+01</x6></dataPoint>
        <dataPoint><x4>3.186000E-01</x4><x5>9.956133E-02</x5><x6>2.240729E+01</x6></dataPoint>
        <dataPoint><x4>3.286000E-01</x4><x5>1.003672E-01</x5><x6>2.214329E+01</x6></dataPoint>
        <dataPoint><x4>3.386000E-01</x4><x5>1.009674E-01</x5><x6>2.195000E+01</x6></dataPoint>
        <dataPoint><x4>3.486000E-01</x4><x5>1.014125E-01</x5><x6>2.180847E+01</x6></dataPoint>
        <dataPoint><x4>3.586000E-01</x4><x5>1.017415E-01</x5><x6>2.170484E+01</x6></dataPoint>
        <dataPoint><x4>3.686000E-01</x4><x5>1.019840E-01</x5><x6>2.162897E+01</x6></dataPoint>
        <dataPoint><x4>3.786000E-01</x4><x5>1.021624E-01</x5><x6>2.157342E+01</x6></dataPoint>
        <dataPoint><x4>3.886000E-01</x4><x5>1.022936E-01</x5><x6>2.153274E+01</x6></dataPoint>
        <dataPoint><x4>3.986000E-01</x4><x5>1.023899E-01</x5><x6>2.150296E+01</x6></dataPoint>
    </dataGroup>
    <dataGroup id="dg2" label="V-t history" dataPointLink="4">
        <property name="time"      id="x4"   label="t"            sourcetype="calculated"  units="s"   />
        <property name="volume"    id="x5"   label="V"            sourcetype="calculated"  units="cm3" />
        <property name="pressure"  id="x6"   label="p"            sourcetype="estimated"   units="bar"  kind="reactive" />

        <dataPoint><x4>0.000000E+00</x4><x5>1.000000E+00</x5><x6>7.588000E-01</x6></dataPoint>
        <dataPoint><x4>1.000000E-01</x4><x5>1.000000E+00</x5><x6>7.588000E-01</x6></dataPoint>
        <dataPoint><x4>1.900000E-01</x4><x5>8.329869E-01</x5><x6>1.008980E+00</x6></dataPoint>
        <dataPoint><x4>1.987129E-01</x4><x5>8.146841E-01</x5><x6>1.044488E+00</x6></dataPoint>
        <dataPoint><x4>2.022607E-01</x4><x5>7.913019E-01</x5><x6>1.092906E+00</x6></dataPoint>
        <dataPoint><x4>2.101592E-01</x4><x5>6.613310E-01</x5><x6>1.444111E+00</x6></dataPoint>
        <dataPoint><x4>2.149165E-01</x4><x5>5.372629E-01</x5><x6>1.991527E+00</x6></dataPoint>
        <dataPoint><x4>2.152170E-01</x4><x5>5.402165E-01</x5><x6>1.974744E+00</x6></dataPoint>
        <dataPoint><x4>2.183968E-01</x4><x5>4.360132E-01</x5><x6>2.746697E+00</x6></dataPoint>
        <dataPoint><x4>2.195851E-01</x4><x5>3.985083E-01</x5><x6>3.153031E+00</x6></dataPoint>
        <dataPoint><x4>2.201967E-01</x4><x5>3.796456E-01</x5><x6>3.396029E+00</x6></dataPoint>
        <dataPoint><x4>2.214512E-01</x4><x5>3.414166E-01</x5><x6>3.993887E+00</x6></dataPoint>
        <dataPoint><x4>2.216424E-01</x4><x5>3.358534E-01</x5><x6>4.095227E+00</x6></dataPoint>
        <dataPoint><x4>2.227919E-01</x4><x5>2.991134E-01</x5><x6>4.885081E+00</x6></dataPoint>
        <dataPoint><x4>2.233575E-01</x4><x5>2.804856E-01</x5><x6>5.386046E+00</x6></dataPoint>
        <dataPoint><x4>2.236277E-01</x4><x5>2.729648E-01</x5><x6>5.612637E+00</x6></dataPoint>
        <dataPoint><x4>2.241996E-01</x4><x5>2.552809E-01</x5><x6>6.211647E+00</x6></dataPoint>
        <dataPoint><x4>2.248077E-01</x4><x5>2.350559E-01</x5><x6>7.036452E+00</x6></dataPoint>
        <dataPoint><x4>2.250045E-01</x4><x5>2.279961E-01</x5><x6>7.367546E+00</x6></dataPoint>
        <dataPoint><x4>2.251842E-01</x4><x5>2.261963E-01</x5><x6>7.456063E+00</x6></dataPoint>
        <dataPoint><x4>2.255817E-01</x4><x5>2.114341E-01</x5><x6>8.253247E+00</x6></dataPoint>
        <dataPoint><x4>2.259971E-01</x4><x5>1.993059E-01</x5><x6>9.019046E+00</x6></dataPoint>
        <dataPoint><x4>2.262097E-01</x4><x5>1.910039E-01</x5><x6>9.613255E+00</x6></dataPoint>
        <dataPoint><x4>2.266216E-01</x4><x5>1.783464E-01</x5><x6>1.065239E+01</x6></dataPoint>
        <dataPoint><x4>2.270124E-01</x4><x5>1.644019E-01</x5><x6>1.202956E+01</x6></dataPoint>
        <dataPoint><x4>2.272000E-01</x4><x5>1.589419E-01</x5><x6>1.265073E+01</x6></dataPoint>
        <dataPoint><x4>2.275979E-01</x4><x5>1.465677E-01</x5><x6>1.427225E+01</x6></dataPoint>
        <dataPoint><x4>2.279989E-01</x4><x5>1.344386E-01</x5><x6>1.622439E+01</x6></dataPoint>
        <dataPoint><x4>2.282050E-01</x4><x5>1.276826E-01</x5><x6>1.751186E+01</x6></dataPoint>
        <dataPoint><x4>2.286010E-01</x4><x5>1.162324E-01</x5><x6>2.012047E+01</x6></dataPoint>
        <dataPoint><x4>2.290000E-01</x4><x5>1.064469E-01</x5><x6>2.290571E+01</x6></dataPoint>
        <dataPoint><x4>2.294060E-01</x4><x5>9.996611E-02</x5><x6>2.512354E+01</x6></dataPoint>
        <dataPoint><x4>2.295958E-01</x4><x5>9.752648E-02</x5><x6>2.605262E+01</x6></dataPoint>
        <dataPoint><x4>2.299990E-01</x4><x5>9.196256E-02</x5><x6>2.839945E+01</x6></dataPoint>
        <dataPoint><x4>2.302041E-01</x4><x5>8.950711E-02</x5><x6>2.954955E+01</x6></dataPoint>
        <dataPoint><x4>2.304013E-01</x4><x5>8.800142E-02</x5><x6>3.029376E+01</x6></dataPoint>
        <dataPoint><x4>2.306174E-01</x4><x5>8.756617E-02</x5><x6>3.051473E+01</x6></dataPoint>
        <dataPoint><x4>2.309868E-01</x4><x5>8.751674E-02</x5><x6>3.054000E+01</x6></dataPoint>
        <dataPoint><x4>2.359868E-01</x4><x5>9.111532E-02</x5><x6>2.878773E+01</x6></dataPoint>
        <dataPoint><x4>2.409868E-01</x4><x5>9.340197E-02</x5><x6>2.775947E+01</x6></dataPoint>
        <dataPoint><x4>2.509868E-01</x4><x5>9.683598E-02</x5><x6>2.632600E+01</x6></dataPoint>
        <dataPoint><x4>2.609868E-01</x4><x5>1.001074E-01</x5><x6>2.507144E+01</x6></dataPoint>
        <dataPoint><x4>2.709868E-01</x4><x5>1.026807E-01</x5><x6>2.415286E+01</x6></dataPoint>
        <dataPoint><x4>2.809868E-01</x4><x5>1.046704E-01</x5><x6>2.348030E+01</x6></dataPoint>
        <dataPoint><x4>2.909868E-01</x4><x5>1.061884E-01</x5><x6>2.298785E+01</x6></dataPoint>
        <dataPoint><x4>3.009868E-01</x4><x5>1.073345E-01</x5><x6>2.262729E+01</x6></dataPoint>
        <dataPoint><x4>3.109868E-01</x4><x5>1.081931E-01</x5><x6>2.236329E+01</x6></dataPoint>
        <dataPoint><x4>3.209868E-01</x4><x5>1.088326E-01</x5><x6>2.217000E+01</x6></dataPoint>
        <dataPoint><x4>3.309868E-01</x4><x5>1.093066E-01</x5><x6>2.202847E+01</x6></dataPoint>
        <dataPoint><x4>3.409868E-01</x4><x5>1.096570E-01</x5><x6>2.192484E+01</x6></dataPoint>
        <dataPoint><x4>3.509868E-01</x4><x5>1.099152E-01</x5><x6>2.184897E+01</x6></dataPoint>
        <dataPoint><x4>3.609868E-01</x4><x5>1.101053E-01</x5><x6>2.179342E+01</x6></dataPoint>
        <dataPoint><x4>3.709868E-01</x4><x5>1.102449E-01</x5><x6>2.175274E+01</x6></dataPoint>
        <dataPoint><x4>3.809868E-01</x4><x5>1.103474E-01</x5><x6>2.172296E+01</x6></dataPoint>
    </dataGroup>
    <dataGroup id="dg2" label="V-t history" dataPointLink="5">
        <property name="time"      id="x4"   label="t"            sourcetype="calculated"  units="s"   />
        <property name="volume"    id="x5"   label="V"            sourcetype="calculated"  units="cm3" />
        <property name="pressure"  id="x6"   label="p"            sourcetype="estimated"   units="bar"  kind="reactive" />

        <dataPoint><x4>0.000000E+00</x4><x5>1.000000E+00</x5><x6>7.597000E-01</x6></dataPoint>
        <dataPoint><x4>1.000000E-01</x4><x5>1.000000E+00</x5><x6>7.597000E-01</x6></dataPoint>
        <dataPoint><x4>1.900000E-01</x4><x5>8.511669E-01</x5><x6>9.767741E-01</x6></dataPoint>
        <dataPoint><x4>2.102539E-01</x4><x5>8.364220E-01</x5><x6>1.003722E+00</x6></dataPoint>
        <dataPoint><x4>2.212061E-01</x4><x5>7.009633E-01</x5><x6>1.321001E+00</x6></dataPoint>
        <dataPoint><x4>2.258177E-01</x4><x5>5.533580E-01</x5><x6>1.905039E+00</x6></dataPoint>
        <dataPoint><x4>2.281790E-01</x4><x5>4.818806E-01</x5><x6>2.357906E+00</x6></dataPoint>
        <dataPoint><x4>2.299269E-01</x4><x5>4.276741E-01</x5><x6>2.832661E+00</x6></dataPoint>
        <dataPoint><x4>2.302046E-01</x4><x5>4.112395E-01</x5><x6>3.008170E+00</x6></dataPoint>
        <dataPoint><x4>2.304677E-01</x4><x5>4.090751E-01</x5><x6>3.032607E+00</x6></dataPoint>
        <dataPoint><x4>2.313686E-01</x4><x5>3.845192E-01</x5><x6>3.334268E+00</x6></dataPoint>
        <dataPoint><x4>2.328119E-01</x4><x5>3.334625E-01</x5><x6>4.144898E+00</x6></dataPoint>
        <dataPoint><x4>2.330073E-01</x4><x5>3.296888E-01</x5><x6>4.217433E+00</x6></dataPoint>
        <dataPoint><x4>2.332837E-01</x4><x5>3.184791E-01</x5><x6>4.445624E+00</x6></dataPoint>
        <dataPoint><x4>2.336266E-01</x4><x5>3.077826E-01</x5><x6>4.682856E+00</x6></dataPoint>
        <dataPoint><x4>2.340220E-01</x4><x5>2.915429E-01</x5><x6>5.084974E+00</x6></dataPoint>
        <dataPoint><x4>2.345477E-01</x4><x5>2.756887E-01</x5><x6>5.535199E+00</x6></dataPoint>
        <dataPoint><x4>2.348025E-01</x4><x5>2.639044E-01</x5><x6>5.913926E+00</x6></dataPoint>
        <dataPoint><x4>2.350009E-01</x4><x5>2.622851E-01</x5><x6>5.969285E+00</x6></dataPoint>
        <dataPoint><x4>2.351915E-01</x4><x5>2.516874E-01</x5><x6>6.353575E+00</x6></dataPoint>
        <dataPoint><x4>2.355802E-01</x4><x5>2.421157E-01</x5><x6>6.736873E+00</x6></dataPoint>
        <dataPoint><x4>2.358049E-01</x4><x5>2.315227E-01</x5><x6>7.207334E+00</x6></dataPoint>
        <dataPoint><x4>2.360429E-01</x4><x5>2.246253E-01</x5><x6>7.543451E+00</x6></dataPoint>
        <dataPoint><x4>2.362059E-01</x4><x5>2.198419E-01</x5><x6>7.791962E+00</x6></dataPoint>
        <dataPoint><x4>2.364711E-01</x4><x5>2.101813E-01</x5><x6>8.336900E+00</x6></dataPoint>
        <dataPoint><x4>2.368214E-01</x4><x5>1.977202E-01</x5><x6>9.138284E+00</x6></dataPoint>
        <dataPoint><x4>2.370025E-01</x4><x5>1.919546E-01</x5><x6>9.552944E+00</x6></dataPoint>
        <dataPoint><x4>2.374336E-01</x4><x5>1.784779E-01</x5><x6>1.065285E+01</x6></dataPoint>
        <dataPoint><x4>2.377856E-01</x4><x5>1.679403E-01</x5><x6>1.166672E+01</x6></dataPoint>
        <dataPoint><x4>2.379983E-01</x4><x5>1.608409E-01</x5><x6>1.244301E+01</x6></dataPoint>
        <dataPoint><x4>2.384082E-01</x4><x5>1.467225E-01</x5><x6>1.426614E+01</x6></dataPoint>
        <dataPoint><x4>2.386071E-01</x4><x5>1.410257E-01</x5><x6>1.513038E+01</x6></dataPoint>
        <dataPoint><x4>2.390224E-01</x4><x5>1.271970E-01</x5><x6>1.763091E+01</x6></dataPoint>
        <dataPoint><x4>2.394067E-01</x4><x5>1.159553E-01</x5><x6>2.021437E+01</x6></dataPoint>
        <dataPoint><x4>2.396086E-01</x4><x5>1.109790E-01</x5><x6>2.156541E+01</x6></dataPoint>
        <dataPoint><x4>2.398014E-01</x4><x5>1.070112E-01</x5><x6>2.275380E+01</x6></dataPoint>
        <dataPoint><x4>2.402283E-01</x4><x5>1.006254E-01</x5><x6>2.491004E+01</x6></dataPoint>
        <dataPoint><x4>2.405782E-01</x4><x5>9.596229E-02</x5><x6>2.670898E+01</x6></dataPoint>
        <dataPoint><x4>2.408102E-01</x4><x5>9.256296E-02</x5><x6>2.816132E+01</x6></dataPoint>
        <dataPoint><x4>2.411967E-01</x4><x5>8.902378E-02</x5><x6>2.981871E+01</x6></dataPoint>
        <dataPoint><x4>2.414048E-01</x4><x5>8.885864E-02</x5><x6>2.990000E+01</x6></dataPoint>
        <dataPoint><x4>2.464048E-01</x4><x5>9.259341E-02</x5><x6>2.814773E+01</x6></dataPoint>
        <dataPoint><x4>2.514048E-01</x4><x5>9.497080E-02</x5><x6>2.711947E+01</x6></dataPoint>
        <dataPoint><x4>2.614048E-01</x4><x5>9.854737E-02</x5><x6>2.568600E+01</x6></dataPoint>
        <dataPoint><x4>2.714048E-01</x4><x5>1.019617E-01</x5><x6>2.443144E+01</x6></dataPoint>
        <dataPoint><x4>2.814048E-01</x4><x5>1.046523E-01</x5><x6>2.351286E+01</x6></dataPoint>
        <dataPoint><x4>2.914048E-01</x4><x5>1.067358E-01</x5><x6>2.284030E+01</x6></dataPoint>
        <dataPoint><x4>3.014048E-01</x4><x5>1.083271E-01</x5><x6>2.234785E+01</x6></dataPoint>
        <dataPoint><x4>3.114048E-01</x4><x5>1.095297E-01</x5><x6>2.198729E+01</x6></dataPoint>
        <dataPoint><x4>3.214048E-01</x4><x5>1.104311E-01</x5><x6>2.172329E+01</x6></dataPoint>
        <dataPoint><x4>3.314048E-01</x4><x5>1.111028E-01</x5><x6>2.153000E+01</x6></dataPoint>
        <dataPoint><x4>3.414048E-01</x4><x5>1.116010E-01</x5><x6>2.138847E+01</x6></dataPoint>
        <dataPoint><x4>3.514048E-01</x4><x5>1.119692E-01</x5><x6>2.128484E+01</x6></dataPoint>
        <dataPoint><x4>3.614048E-01</x4><x5>1.122407E-01</x5><x6>2.120897E+01</x6></dataPoint>
        <dataPoint><x4>3.714048E-01</x4><x5>1.124405E-01</x5><x6>2.115342E+01</x6></dataPoint>
        <dataPoint><x4>3.814048E-01</x4><x5>1.125874E-01</x5><x6>2.111274E+01</x6></dataPoint>
        <dataPoint><x4>3.914048E-01</x4><x5>1.126952E-01</x5><x6>2.108296E+01</x6></dataPoint>
    </dataGroup>
    <dataGroup id="dg2" label="V-t history" dataPointLink="6">
        <property name="time"      id="x4"   label="t"            sourcetype="calculated"  units="s"   />
        <property name="volume"    id="x5"   label="V"            sourcetype="calculated"  units="cm3" />
        <property name="pressure"  id="x6"   label="p"            sourcetype="estimated"   units="bar"  kind="reactive" />

        <dataPoint><x4>0.000000E+00</x4><x5>1.000000E+00</x5><x6>8.492000E-01</x6></dataPoint>
        <dataPoint><x4>1.000000E-01</x4><x5>1.000000E+00</x5><x6>8.492000E-01</x6></dataPoint>
        <dataPoint><x4>1.900000E-01</x4><x5>8.766404E-01</x5><x6>1.042885E+00</x6></dataPoint>
        <dataPoint><x4>1.949345E-01</x4><x5>7.769578E-01</x5><x6>1.258563E+00</x6></dataPoint>
        <dataPoint><x4>1.957570E-01</x4><x5>7.992542E-01</x5><x6>1.204357E+00</x6></dataPoint>
        <dataPoint><x4>1.959402E-01</x4><x5>7.753297E-01</x5><x6>1.262677E+00</x6></dataPoint>
        <dataPoint><x4>1.982086E-01</x4><x5>7.252685E-01</x5><x6>1.400740E+00</x6></dataPoint>
        <dataPoint><x4>2.017088E-01</x4><x5>6.449738E-01</x5><x6>1.680503E+00</x6></dataPoint>
        <dataPoint><x4>2.058384E-01</x4><x5>5.470017E-01</x5><x6>2.168535E+00</x6></dataPoint>
        <dataPoint><x4>2.065240E-01</x4><x5>5.140482E-01</x5><x6>2.386828E+00</x6></dataPoint>
        <dataPoint><x4>2.065240E-01</x4><x5>5.139274E-01</x5><x6>2.387694E+00</x6></dataPoint>
        <dataPoint><x4>2.073782E-01</x4><x5>5.047020E-01</x5><x6>2.455336E+00</x6></dataPoint>
        <dataPoint><x4>2.101131E-01</x4><x5>4.233448E-01</x5><x6>3.217882E+00</x6></dataPoint>
        <dataPoint><x4>2.116375E-01</x4><x5>3.786254E-01</x5><x6>3.818545E+00</x6></dataPoint>
        <dataPoint><x4>2.125438E-01</x4><x5>3.523428E-01</x5><x6>4.262637E+00</x6></dataPoint>
        <dataPoint><x4>2.130185E-01</x4><x5>3.334391E-01</x5><x6>4.637007E+00</x6></dataPoint>
        <dataPoint><x4>2.139883E-01</x4><x5>3.078220E-01</x5><x6>5.237608E+00</x6></dataPoint>
        <dataPoint><x4>2.142049E-01</x4><x5>2.981165E-01</x5><x6>5.499178E+00</x6></dataPoint>
        <dataPoint><x4>2.144092E-01</x4><x5>2.917058E-01</x5><x6>5.683911E+00</x6></dataPoint>
        <dataPoint><x4>2.145065E-01</x4><x5>2.898059E-01</x5><x6>5.740620E+00</x6></dataPoint>
        <dataPoint><x4>2.150510E-01</x4><x5>2.747506E-01</x5><x6>6.224828E+00</x6></dataPoint>
        <dataPoint><x4>2.159234E-01</x4><x5>2.461091E-01</x5><x6>7.353958E+00</x6></dataPoint>
        <dataPoint><x4>2.161915E-01</x4><x5>2.422247E-01</x5><x6>7.532907E+00</x6></dataPoint>
        <dataPoint><x4>2.171841E-01</x4><x5>2.107099E-01</x5><x6>9.294363E+00</x6></dataPoint>
        <dataPoint><x4>2.175982E-01</x4><x5>1.973553E-01</x5><x6>1.025533E+01</x6></dataPoint>
        <dataPoint><x4>2.179828E-01</x4><x5>1.854376E-01</x5><x6>1.125939E+01</x6></dataPoint>
        <dataPoint><x4>2.183989E-01</x4><x5>1.728913E-01</x5><x6>1.250382E+01</x6></dataPoint>
        <dataPoint><x4>2.188071E-01</x4><x5>1.610661E-01</x5><x6>1.389897E+01</x6></dataPoint>
        <dataPoint><x4>2.190358E-01</x4><x5>1.539767E-01</x5><x6>1.486335E+01</x6></dataPoint>
        <dataPoint><x4>2.191843E-01</x4><x5>1.496322E-01</x5><x6>1.551029E+01</x6></dataPoint>
        <dataPoint><x4>2.196956E-01</x4><x5>1.344933E-01</x5><x6>1.817328E+01</x6></dataPoint>
        <dataPoint><x4>2.201706E-01</x4><x5>1.212115E-01</x5><x6>2.119818E+01</x6></dataPoint>
        <dataPoint><x4>2.204208E-01</x4><x5>1.144788E-01</x5><x6>2.306549E+01</x6></dataPoint>
        <dataPoint><x4>2.207358E-01</x4><x5>1.087544E-01</x5><x6>2.487852E+01</x6></dataPoint>
        <dataPoint><x4>2.210079E-01</x4><x5>1.053814E-01</x5><x6>2.606064E+01</x6></dataPoint>
        <dataPoint><x4>2.212143E-01</x4><x5>1.025409E-01</x5><x6>2.713041E+01</x6></dataPoint>
        <dataPoint><x4>2.214013E-01</x4><x5>1.003747E-01</x5><x6>2.799629E+01</x6></dataPoint>
        <dataPoint><x4>2.216043E-01</x4><x5>9.788306E-02</x5><x6>2.905050E+01</x6></dataPoint>
        <dataPoint><x4>2.217997E-01</x4><x5>9.594084E-02</x5><x6>2.991893E+01</x6></dataPoint>
        <dataPoint><x4>2.220015E-01</x4><x5>9.487609E-02</x5><x6>3.041353E+01</x6></dataPoint>
        <dataPoint><x4>2.223850E-01</x4><x5>9.462953E-02</x5><x6>3.053000E+01</x6></dataPoint>
        <dataPoint><x4>2.273850E-01</x4><x5>9.851316E-02</x5><x6>2.877773E+01</x6></dataPoint>
        <dataPoint><x4>2.323850E-01</x4><x5>1.009807E-01</x5><x6>2.774947E+01</x6></dataPoint>
        <dataPoint><x4>2.423850E-01</x4><x5>1.046859E-01</x5><x6>2.631600E+01</x6></dataPoint>
        <dataPoint><x4>2.523850E-01</x4><x5>1.082152E-01</x5><x6>2.506144E+01</x6></dataPoint>
        <dataPoint><x4>2.623850E-01</x4><x5>1.109911E-01</x5><x6>2.414286E+01</x6></dataPoint>
        <dataPoint><x4>2.723850E-01</x4><x5>1.131372E-01</x5><x6>2.347030E+01</x6></dataPoint>
        <dataPoint><x4>2.823850E-01</x4><x5>1.147745E-01</x5><x6>2.297785E+01</x6></dataPoint>
        <dataPoint><x4>2.923850E-01</x4><x5>1.160106E-01</x5><x6>2.261729E+01</x6></dataPoint>
        <dataPoint><x4>3.023850E-01</x4><x5>1.169366E-01</x5><x6>2.235329E+01</x6></dataPoint>
        <dataPoint><x4>3.123850E-01</x4><x5>1.176262E-01</x5><x6>2.216000E+01</x6></dataPoint>
        <dataPoint><x4>3.223850E-01</x4><x5>1.181374E-01</x5><x6>2.201847E+01</x6></dataPoint>
        <dataPoint><x4>3.323850E-01</x4><x5>1.185152E-01</x5><x6>2.191484E+01</x6></dataPoint>
        <dataPoint><x4>3.423850E-01</x4><x5>1.187937E-01</x5><x6>2.183897E+01</x6></dataPoint>
        <dataPoint><x4>3.523850E-01</x4><x5>1.189987E-01</x5><x6>2.178342E+01</x6></dataPoint>
        <dataPoint><x4>3.623850E-01</x4><x5>1.191493E-01</x5><x6>2.174274E+01</x6></dataPoint>
        <dataPoint><x4>3.723850E-01</x4><x5>1.192598E-01</x5><x6>2.171296E+01</x6></dataPoint>
    </dataGroup>
    <dataGroup id="dg2" label="V-t history" dataPointLink="7">
        <property name="time"      id="x4"   label="t"            sourcetype="calculated"  units="s"   />
        <property name="volume"    id="x5"   label="V"            sourcetype="calculated"  units="cm3" />
        <property name="pressure"  id="x6"   label="p"            sourcetype="estimated"   units="bar"  kind="reactive" />

        <dataPoint><x4>0.000000E+00</x4><x5>1.000000E+00</x5><x6>9.256000E-01</x6></dataPoint>
        <dataPoint><x4>1.000000E-01</x4><x5>1.000000E+00</x5><x6>9.256000E-01</x6></dataPoint>
        <dataPoint><x4>1.983917E-01</x4><x5>8.725230E-01</x5><x6>1.145081E+00</x6></dataPoint>
        <dataPoint><x4>2.002664E-01</x4><x5>8.528376E-01</x5><x6>1.186536E+00</x6></dataPoint>
        <dataPoint><x4>2.060709E-01</x4><x5>8.016542E-01</x5><x6>1.306593E+00</x6></dataPoint>
        <dataPoint><x4>2.062323E-01</x4><x5>7.976110E-01</x5><x6>1.316917E+00</x6></dataPoint>
        <dataPoint><x4>2.099657E-01</x4><x5>7.216553E-01</x5><x6>1.538645E+00</x6></dataPoint>
        <dataPoint><x4>2.154326E-01</x4><x5>5.949112E-01</x5><x6>2.075860E+00</x6></dataPoint>
        <dataPoint><x4>2.158309E-01</x4><x5>5.825940E-01</x5><x6>2.144154E+00</x6></dataPoint>
        <dataPoint><x4>2.160290E-01</x4><x5>5.830549E-01</x5><x6>2.141533E+00</x6></dataPoint>
        <dataPoint><x4>2.183589E-01</x4><x5>5.136843E-01</x5><x6>2.604377E+00</x6></dataPoint>
        <dataPoint><x4>2.196469E-01</x4><x5>4.783631E-01</x5><x6>2.906609E+00</x6></dataPoint>
        <dataPoint><x4>2.198330E-01</x4><x5>4.705999E-01</x5><x6>2.980758E+00</x6></dataPoint>
        <dataPoint><x4>2.206613E-01</x4><x5>4.543393E-01</x5><x6>3.146473E+00</x6></dataPoint>
        <dataPoint><x4>2.225224E-01</x4><x5>3.950835E-01</x5><x6>3.899422E+00</x6></dataPoint>
        <dataPoint><x4>2.229657E-01</x4><x5>3.840633E-01</x5><x6>4.072126E+00</x6></dataPoint>
        <dataPoint><x4>2.240499E-01</x4><x5>3.498450E-01</x5><x6>4.696803E+00</x6></dataPoint>
        <dataPoint><x4>2.256269E-01</x4><x5>3.038855E-01</x5><x6>5.821579E+00</x6></dataPoint>
        <dataPoint><x4>2.257850E-01</x4><x5>2.969494E-01</x5><x6>6.029620E+00</x6></dataPoint>
        <dataPoint><x4>2.270062E-01</x4><x5>2.623136E-01</x5><x6>7.278129E+00</x6></dataPoint>
        <dataPoint><x4>2.272632E-01</x4><x5>2.534940E-01</x5><x6>7.664852E+00</x6></dataPoint>
        <dataPoint><x4>2.276429E-01</x4><x5>2.412344E-01</x5><x6>8.261337E+00</x6></dataPoint>
        <dataPoint><x4>2.279471E-01</x4><x5>2.324783E-01</x5><x6>8.735592E+00</x6></dataPoint>
        <dataPoint><x4>2.282138E-01</x4><x5>2.234291E-01</x5><x6>9.274559E+00</x6></dataPoint>
        <dataPoint><x4>2.283826E-01</x4><x5>2.200783E-01</x5><x6>9.488127E+00</x6></dataPoint>
        <dataPoint><x4>2.292675E-01</x4><x5>1.931554E-01</x5><x6>1.154422E+01</x6></dataPoint>
        <dataPoint><x4>2.300427E-01</x4><x5>1.691417E-01</x5><x6>1.408208E+01</x6></dataPoint>
        <dataPoint><x4>2.307605E-01</x4><x5>1.479872E-01</x5><x6>1.718524E+01</x6></dataPoint>
        <dataPoint><x4>2.313859E-01</x4><x5>1.298625E-01</x5><x6>2.086318E+01</x6></dataPoint>
        <dataPoint><x4>2.319452E-01</x4><x5>1.170398E-01</x5><x6>2.433137E+01</x6></dataPoint>
        <dataPoint><x4>2.324083E-01</x4><x5>1.106222E-01</x5><x6>2.644304E+01</x6></dataPoint>
        <dataPoint><x4>2.325943E-01</x4><x5>1.081761E-01</x5><x6>2.732925E+01</x6></dataPoint>
        <dataPoint><x4>2.329874E-01</x4><x5>1.034030E-01</x5><x6>2.920748E+01</x6></dataPoint>
        <dataPoint><x4>2.332540E-01</x4><x5>1.009255E-01</x5><x6>3.026869E+01</x6></dataPoint>
        <dataPoint><x4>2.339013E-01</x4><x5>1.001146E-01</x5><x6>3.063000E+01</x6></dataPoint>
        <dataPoint><x4>2.343491E-01</x4><x5>1.006633E-01</x5><x6>3.038471E+01</x6></dataPoint>
        <dataPoint><x4>2.346074E-01</x4><x5>1.007777E-01</x5><x6>3.033402E+01</x6></dataPoint>
        <dataPoint><x4>2.353669E-01</x4><x5>1.015874E-01</x5><x6>2.997897E+01</x6></dataPoint>
        <dataPoint><x4>2.382238E-01</x4><x5>1.037574E-01</x5><x6>2.906076E+01</x6></dataPoint>
        <dataPoint><x4>2.384113E-01</x4><x5>1.037094E-01</x5><x6>2.908053E+01</x6></dataPoint>
        <dataPoint><x4>2.390275E-01</x4><x5>1.041154E-01</x5><x6>2.891374E+01</x6></dataPoint>
        <dataPoint><x4>2.424064E-01</x4><x5>1.061757E-01</x5><x6>2.809127E+01</x6></dataPoint>
        <dataPoint><x4>2.429691E-01</x4><x5>1.064012E-01</x5><x6>2.800363E+01</x6></dataPoint>
        <dataPoint><x4>2.435806E-01</x4><x5>1.066195E-01</x5><x6>2.791919E+01</x6></dataPoint>
        <dataPoint><x4>2.440239E-01</x4><x5>1.066557E-01</x5><x6>2.790525E+01</x6></dataPoint>
        <dataPoint><x4>2.440999E-01</x4><x5>1.067285E-01</x5><x6>2.787718E+01</x6></dataPoint>
        <dataPoint><x4>2.442207E-01</x4><x5>1.068476E-01</x5><x6>2.783141E+01</x6></dataPoint>
        <dataPoint><x4>2.444044E-01</x4><x5>1.070889E-01</x5><x6>2.773909E+01</x6></dataPoint>
        <dataPoint><x4>2.446068E-01</x4><x5>1.071612E-01</x5><x6>2.771151E+01</x6></dataPoint>
        <dataPoint><x4>2.448835E-01</x4><x5>1.070739E-01</x5><x6>2.774482E+01</x6></dataPoint>
        <dataPoint><x4>2.450027E-01</x4><x5>1.070876E-01</x5><x6>2.773956E+01</x6></dataPoint>
        <dataPoint><x4>2.452350E-01</x4><x5>1.074176E-01</x5><x6>2.761412E+01</x6></dataPoint>
        <dataPoint><x4>2.454009E-01</x4><x5>1.075837E-01</x5><x6>2.755130E+01</x6></dataPoint>
        <dataPoint><x4>2.457993E-01</x4><x5>1.075034E-01</x5><x6>2.758164E+01</x6></dataPoint>
        <dataPoint><x4>2.459372E-01</x4><x5>1.076275E-01</x5><x6>2.753477E+01</x6></dataPoint>
        <dataPoint><x4>2.461513E-01</x4><x5>1.078680E-01</x5><x6>2.744437E+01</x6></dataPoint>
        <dataPoint><x4>2.467357E-01</x4><x5>1.081084E-01</x5><x6>2.735446E+01</x6></dataPoint>
        <dataPoint><x4>2.472166E-01</x4><x5>1.082621E-01</x5><x6>2.729726E+01</x6></dataPoint>
        <dataPoint><x4>2.473596E-01</x4><x5>1.083777E-01</x5><x6>2.725437E+01</x6></dataPoint>
        <dataPoint><x4>2.478278E-01</x4><x5>1.085555E-01</x5><x6>2.718859E+01</x6></dataPoint>
        <dataPoint><x4>2.479584E-01</x4><x5>1.084333E-01</x5><x6>2.723375E+01</x6></dataPoint>
        <dataPoint><x4>2.486067E-01</x4><x5>1.084868E-01</x5><x6>2.721397E+01</x6></dataPoint>
        <dataPoint><x4>2.488271E-01</x4><x5>1.090135E-01</x5><x6>2.702039E+01</x6></dataPoint>
        <dataPoint><x4>2.497538E-01</x4><x5>1.091414E-01</x5><x6>2.697371E+01</x6></dataPoint>
        <dataPoint><x4>2.500002E-01</x4><x5>1.090433E-01</x5><x6>2.700949E+01</x6></dataPoint>
        <dataPoint><x4>2.503604E-01</x4><x5>1.092123E-01</x5><x6>2.694788E+01</x6></dataPoint>
        <dataPoint><x4>2.507795E-01</x4><x5>1.096430E-01</x5><x6>2.679199E+01</x6></dataPoint>
        <dataPoint><x4>2.512069E-01</x4><x5>1.095296E-01</x5><x6>2.683288E+01</x6></dataPoint>
        <dataPoint><x4>2.516958E-01</x4><x5>1.098319E-01</x5><x6>2.672406E+01</x6></dataPoint>
        <dataPoint><x4>2.724000E-01</x4><x5>1.151291E-01</x5><x6>2.493000E+01</x6></dataPoint>
        <dataPoint><x4>2.774000E-01</x4><x5>1.209511E-01</x5><x6>2.317773E+01</x6></dataPoint>
        <dataPoint><x4>2.824000E-01</x4><x5>1.247196E-01</x5><x6>2.214947E+01</x6></dataPoint>
        <dataPoint><x4>2.924000E-01</x4><x5>1.304845E-01</x5><x6>2.071600E+01</x6></dataPoint>
        <dataPoint><x4>3.024000E-01</x4><x5>1.361002E-01</x5><x6>1.946144E+01</x6></dataPoint>
        <dataPoint><x4>3.124000E-01</x4><x5>1.406066E-01</x5><x6>1.854286E+01</x6></dataPoint>
        <dataPoint><x4>3.224000E-01</x4><x5>1.441472E-01</x5><x6>1.787030E+01</x6></dataPoint>
        <dataPoint><x4>3.324000E-01</x4><x5>1.468823E-01</x5><x6>1.737785E+01</x6></dataPoint>
        <dataPoint><x4>3.424000E-01</x4><x5>1.489675E-01</x5><x6>1.701729E+01</x6></dataPoint>
        <dataPoint><x4>3.524000E-01</x4><x5>1.505411E-01</x5><x6>1.675329E+01</x6></dataPoint>
        <dataPoint><x4>3.624000E-01</x4><x5>1.517195E-01</x5><x6>1.656000E+01</x6></dataPoint>
        <dataPoint><x4>3.724000E-01</x4><x5>1.525967E-01</x5><x6>1.641847E+01</x6></dataPoint>
        <dataPoint><x4>3.824000E-01</x4><x5>1.532470E-01</x5><x6>1.631484E+01</x6></dataPoint>
        <dataPoint><x4>3.924000E-01</x4><x5>1.537275E-01</x5><x6>1.623897E+01</x6></dataPoint>
        <dataPoint><x4>4.024000E-01</x4><x5>1.540817E-01</x5><x6>1.618342E+01</x6></dataPoint>
        <dataPoint><x4>4.124000E-01</x4><x5>1.543422E-01</x5><x6>1.614274E+01</x6></dataPoint>
        <dataPoint><x4>4.224000E-01</x4><x5>1.545337E-01</x5><x6>1.611296E+01</x6></dataPoint>
    </dataGroup>
    <dataGroup id="dg2" label="V-t history" dataPointLink="8">
        <property name="time"      id="x4"   label="t"            sourcetype="calculated"  units="s"   />
        <property name="volume"    id="x5"   label="V"            sourcetype="calculated"  units="cm3" />
        <property name="pressure"  id="x6"   label="p"            sourcetype="estimated"   units="bar"  kind="reactive" />

        <dataPoint><x4>0.000000E+00</x4><x5>1.000000E+00</x5><x6>9.786000E-01</x6></dataPoint>
        <dataPoint><x4>1.000000E-01</x4><x5>1.000000E+00</x5><x6>9.786000E-01</x6></dataPoint>
        <dataPoint><x4>1.900000E-01</x4><x5>8.810141E-01</x5><x6>1.192506E+00</x6></dataPoint>
        <dataPoint><x4>1.989939E-01</x4><x5>8.550413E-01</x5><x6>1.249440E+00</x6></dataPoint>
        <dataPoint><x4>2.065947E-01</x4><x5>7.916114E-01</x5><x6>1.408775E+00</x6></dataPoint>
        <dataPoint><x4>2.090378E-01</x4><x5>7.413889E-01</x5><x6>1.559956E+00</x6></dataPoint>
        <dataPoint><x4>2.128253E-01</x4><x5>6.614654E-01</x5><x6>1.862202E+00</x6></dataPoint>
        <dataPoint><x4>2.150563E-01</x4><x5>6.089445E-01</x5><x6>2.116912E+00</x6></dataPoint>
        <dataPoint><x4>2.182487E-01</x4><x5>5.206589E-01</x5><x6>2.696776E+00</x6></dataPoint>
        <dataPoint><x4>2.213436E-01</x4><x5>4.295931E-01</x5><x6>3.625607E+00</x6></dataPoint>
        <dataPoint><x4>2.235784E-01</x4><x5>3.568377E-01</x5><x6>4.817743E+00</x6></dataPoint>
        <dataPoint><x4>2.238043E-01</x4><x5>3.435294E-01</x5><x6>5.105712E+00</x6></dataPoint>
        <dataPoint><x4>2.240132E-01</x4><x5>3.419119E-01</x5><x6>5.142630E+00</x6></dataPoint>
        <dataPoint><x4>2.253172E-01</x4><x5>3.035017E-01</x5><x6>6.166614E+00</x6></dataPoint>
        <dataPoint><x4>2.254367E-01</x4><x5>2.993359E-01</x5><x6>6.297606E+00</x6></dataPoint>
        <dataPoint><x4>2.256027E-01</x4><x5>2.919807E-01</x5><x6>6.540313E+00</x6></dataPoint>
        <dataPoint><x4>2.260428E-01</x4><x5>2.801331E-01</x5><x6>6.964914E+00</x6></dataPoint>
        <dataPoint><x4>2.262729E-01</x4><x5>2.718039E-01</x5><x6>7.291215E+00</x6></dataPoint>
        <dataPoint><x4>2.266475E-01</x4><x5>2.597869E-01</x5><x6>7.808265E+00</x6></dataPoint>
        <dataPoint><x4>2.270342E-01</x4><x5>2.464775E-01</x5><x6>8.454889E+00</x6></dataPoint>
        <dataPoint><x4>2.272074E-01</x4><x5>2.427235E-01</x5><x6>8.653286E+00</x6></dataPoint>
        <dataPoint><x4>2.274255E-01</x4><x5>2.352254E-01</x5><x6>9.073207E+00</x6></dataPoint>
        <dataPoint><x4>2.278563E-01</x4><x5>2.237728E-01</x5><x6>9.782606E+00</x6></dataPoint>
        <dataPoint><x4>2.280166E-01</x4><x5>2.192507E-01</x5><x6>1.008816E+01</x6></dataPoint>
        <dataPoint><x4>2.289295E-01</x4><x5>1.894348E-01</x5><x6>1.256600E+01</x6></dataPoint>
        <dataPoint><x4>2.293054E-01</x4><x5>1.775143E-01</x5><x6>1.385052E+01</x6></dataPoint>
        <dataPoint><x4>2.297675E-01</x4><x5>1.635100E-01</x5><x6>1.565975E+01</x6></dataPoint>
        <dataPoint><x4>2.302001E-01</x4><x5>1.500880E-01</x5><x6>1.779141E+01</x6></dataPoint>
        <dataPoint><x4>2.304086E-01</x4><x5>1.441153E-01</x5><x6>1.889890E+01</x6></dataPoint>
        <dataPoint><x4>2.308155E-01</x4><x5>1.320917E-01</x5><x6>2.150740E+01</x6></dataPoint>
        <dataPoint><x4>2.310149E-01</x4><x5>1.270931E-01</x5><x6>2.277222E+01</x6></dataPoint>
        <dataPoint><x4>2.312113E-01</x4><x5>1.228216E-01</x5><x6>2.395386E+01</x6></dataPoint>
        <dataPoint><x4>2.323951E-01</x4><x5>1.065280E-01</x5><x6>2.955361E+01</x6></dataPoint>
        <dataPoint><x4>2.327606E-01</x4><x5>1.043653E-01</x5><x6>3.046000E+01</x6></dataPoint>
        <dataPoint><x4>2.377606E-01</x4><x5>1.086482E-01</x5><x6>2.870773E+01</x6></dataPoint>
        <dataPoint><x4>2.427606E-01</x4><x5>1.113695E-01</x5><x6>2.767947E+01</x6></dataPoint>
        <dataPoint><x4>2.527606E-01</x4><x5>1.154561E-01</x5><x6>2.624600E+01</x6></dataPoint>
        <dataPoint><x4>2.627606E-01</x4><x5>1.193488E-01</x5><x6>2.499144E+01</x6></dataPoint>
        <dataPoint><x4>2.727606E-01</x4><x5>1.224107E-01</x5><x6>2.407286E+01</x6></dataPoint>
        <dataPoint><x4>2.827606E-01</x4><x5>1.247782E-01</x5><x6>2.340030E+01</x6></dataPoint>
        <dataPoint><x4>2.927606E-01</x4><x5>1.265844E-01</x5><x6>2.290785E+01</x6></dataPoint>
        <dataPoint><x4>3.027606E-01</x4><x5>1.279481E-01</x5><x6>2.254729E+01</x6></dataPoint>
        <dataPoint><x4>3.127606E-01</x4><x5>1.289697E-01</x5><x6>2.228329E+01</x6></dataPoint>
        <dataPoint><x4>3.227606E-01</x4><x5>1.297305E-01</x5><x6>2.209000E+01</x6></dataPoint>
        <dataPoint><x4>3.327606E-01</x4><x5>1.302945E-01</x5><x6>2.194847E+01</x6></dataPoint>
        <dataPoint><x4>3.427606E-01</x4><x5>1.307114E-01</x5><x6>2.184484E+01</x6></dataPoint>
        <dataPoint><x4>3.527606E-01</x4><x5>1.310187E-01</x5><x6>2.176897E+01</x6></dataPoint>
        <dataPoint><x4>3.627606E-01</x4><x5>1.312448E-01</x5><x6>2.171342E+01</x6></dataPoint>
        <dataPoint><x4>3.727606E-01</x4><x5>1.314109E-01</x5><x6>2.167274E+01</x6></dataPoint>
        <dataPoint><x4>3.827606E-01</x4><x5>1.315329E-01</x5><x6>2.164296E+01</x6></dataPoint>
    </dataGroup>
</experiment>
