<experiment>
    <fileAuthor>Chemical Kinetics Laboratory, Institute of Chemistry, ELTE, Budapest, Hungary</fileAuthor>
    <fileDOI>10.24388/x40004021</fileDOI>
    <fileVersion>
        <major>2</major>
        <minor>3</minor>
    </fileVersion>
    <ReSpecThVersion>
        <major>2</major>
        <minor>3</minor>
    </ReSpecThVersion>
    <firstPublicationDate>2020-09-08</firstPublicationDate>
    <lastModificationDate>2020-11-18</lastModificationDate>
    <bibliographyLink>
        <description>A. Ramalingam, K. Zhang, A. Dhongde, L. Virnich, H. Sankhla, H. Curran, A. Heufer, Fuel 206 (2017) 325–333.</description>
        <referenceDOI>10.1016/j.fuel.2017.06.005</referenceDOI>
        <location>Main Article + Supplementary</location>
        <table>Table 1, Table S3, Table S8</table>
        <figure>Fig. 7, No. 3, Pc = 150 bar, phi = 0.526</figure>
        <details>
            <author>A. Ramalingam, K. Zhang, A. Dhongde, L. Virnich, H. Sankhla, H. Curran, A. Heufer</author>
            <journal>Fuel</journal>
            <pages>325–-333</pages>
            <title>An RCM experimental and modeling study on CH4 and CH4/C2H6 oxidation at pressures up to 160 bar</title>
            <volume>206</volume>
            <year>2017</year>
        </details>
    </bibliographyLink>
    <experimentType>ignition delay measurement</experimentType>
    <apparatus>
        <kind>rapid compression machine</kind>
    </apparatus>
    <commonProperties>
        <property name="initial composition"           sourcetype="calculated" >
            <component><speciesLink preferredKey="CH4"  CAS="74-82-8"    InChI="1S/CH4/h1H4"  SMILES="C"     chemName="methane"  /><amount units="mole fraction" >0.047428</amount></component>
            <component><speciesLink preferredKey="O2"   CAS="7782-44-7"  InChI="1S/O2/c1-2"   SMILES="O=O"   chemName="oxygen"   /><amount units="mole fraction" >0.180108</amount></component>
            <component><speciesLink preferredKey="N2"   CAS="7727-37-9"  InChI="1S/N2/c1-2"   SMILES="N#N"   chemName="nitrogen" /><amount units="mole fraction" >0.556334</amount></component>
            <component><speciesLink preferredKey="Ar"   CAS="7440-37-1"  InChI="1S/Ar"        SMILES="[Ar]"  chemName="argon"    /><amount units="mole fraction" >0.216130</amount></component>
        </property>
        <property name="evaluated standard deviation"  sourcetype="estimated"   units="unitless"       reference="ignition delay"  kind="relative"  method="generic uncertainty" ><value>0.1</value></property>
    </commonProperties>
    <dataGroup id="dg1" label="measured data">
        <property name="pressure"        id="x1"   label="P"              sourcetype="reported"  units="atm" />
        <property name="temperature"     id="x2"   label="T"              sourcetype="reported"  units="K"   />
        <property name="ignition delay"  id="x3"   label="tau"            sourcetype="reported"  units="ms"  />

        <dataPoint><x1>2.724</x1><x2>298.97</x2><x3>14.70</x3></dataPoint>
    </dataGroup>
    <ignitionType target="p;" type="d/dt max"/>
    <dataGroup id="dg2" label="V-t history" dataPointLink="all">
        <property name="time"    id="x4"   label="t"            sourcetype="calculated"  units="s"   />
        <property name="volume"  id="x5"   label="V"            sourcetype="calculated"  units="cm3" />

        <dataPoint><x4>0.000000E+00</x4><x5>1.000000E+00</x5></dataPoint>
        <dataPoint><x4>2.734470E-03</x4><x5>7.882790E-01</x5></dataPoint>
        <dataPoint><x4>4.650880E-03</x4><x5>6.292775E-01</x5></dataPoint>
        <dataPoint><x4>5.735010E-03</x4><x5>5.352750E-01</x5></dataPoint>
        <dataPoint><x4>6.795750E-03</x4><x5>4.409159E-01</x5></dataPoint>
        <dataPoint><x4>7.779990E-03</x4><x5>3.522441E-01</x5></dataPoint>
        <dataPoint><x4>9.695250E-03</x4><x5>1.888101E-01</x5></dataPoint>
        <dataPoint><x4>1.047555E-02</x4><x5>1.266603E-01</x5></dataPoint>
        <dataPoint><x4>1.122112E-02</x4><x5>8.145760E-02</x5></dataPoint>
        <dataPoint><x4>1.187046E-02</x4><x5>6.567760E-02</x5></dataPoint>
        <dataPoint><x4>1.266941E-02</x4><x5>5.937791E-02</x5></dataPoint>
        <dataPoint><x4>1.280026E-02</x4><x5>5.897712E-02</x5></dataPoint>
        <dataPoint><x4>1.326059E-02</x4><x5>5.810946E-02</x5></dataPoint>
        <dataPoint><x4>1.407095E-02</x4><x5>5.839603E-02</x5></dataPoint>
        <dataPoint><x4>1.451328E-02</x4><x5>5.894496E-02</x5></dataPoint>
        <dataPoint><x4>1.503637E-02</x4><x5>5.911393E-02</x5></dataPoint>
        <dataPoint><x4>1.558077E-02</x4><x5>5.966496E-02</x5></dataPoint>
        <dataPoint><x4>1.606816E-02</x4><x5>5.977726E-02</x5></dataPoint>
        <dataPoint><x4>1.657007E-02</x4><x5>6.028694E-02</x5></dataPoint>
        <dataPoint><x4>1.716741E-02</x4><x5>6.046586E-02</x5></dataPoint>
        <dataPoint><x4>1.740399E-02</x4><x5>6.073256E-02</x5></dataPoint>
        <dataPoint><x4>1.988155E-02</x4><x5>6.200968E-02</x5></dataPoint>
        <dataPoint><x4>2.021819E-02</x4><x5>6.203917E-02</x5></dataPoint>
        <dataPoint><x4>2.062607E-02</x4><x5>6.235433E-02</x5></dataPoint>
        <dataPoint><x4>2.480223E-02</x4><x5>6.388911E-02</x5></dataPoint>
        <dataPoint><x4>2.845635E-02</x4><x5>6.508580E-02</x5></dataPoint>
        <dataPoint><x4>3.174340E-02</x4><x5>6.602576E-02</x5></dataPoint>
        <dataPoint><x4>3.572149E-02</x4><x5>6.700932E-02</x5></dataPoint>
        <dataPoint><x4>3.954336E-02</x4><x5>6.789824E-02</x5></dataPoint>
        <dataPoint><x4>4.412481E-02</x4><x5>6.885262E-02</x5></dataPoint>
        <dataPoint><x4>5.289349E-02</x4><x5>7.043455E-02</x5></dataPoint>
        <dataPoint><x4>6.250514E-02</x4><x5>7.189577E-02</x5></dataPoint>
        <dataPoint><x4>7.319264E-02</x4><x5>7.330502E-02</x5></dataPoint>
        <dataPoint><x4>8.470064E-02</x4><x5>7.463246E-02</x5></dataPoint>
        <dataPoint><x4>9.463714E-02</x4><x5>7.565730E-02</x5></dataPoint>
        <dataPoint><x4>1.047655E-01</x4><x5>7.661628E-02</x5></dataPoint>
        <dataPoint><x4>1.162944E-01</x4><x5>7.762252E-02</x5></dataPoint>
        <dataPoint><x4>1.301561E-01</x4><x5>7.874678E-02</x5></dataPoint>
        <dataPoint><x4>1.467385E-01</x4><x5>7.999137E-02</x5></dataPoint>
        <dataPoint><x4>1.661196E-01</x4><x5>8.132458E-02</x5></dataPoint>
        <dataPoint><x4>1.793050E-01</x4><x5>8.218736E-02</x5></dataPoint>
        <dataPoint><x4>1.793100E-01</x4><x5>8.222749E-02</x5></dataPoint>
    </dataGroup>
</experiment>
