<experiment>
    <fileAuthor>Chemical Kinetics Laboratory, Institute of Chemistry, ELTE, Budapest, Hungary</fileAuthor>
    <fileDOI>10.24388/x40004047</fileDOI>
    <fileVersion>
        <major>2</major>
        <minor>3</minor>
    </fileVersion>
    <ReSpecThVersion>
        <major>2</major>
        <minor>3</minor>
    </ReSpecThVersion>
    <firstPublicationDate>2020-09-08</firstPublicationDate>
    <lastModificationDate>2020-11-18</lastModificationDate>
    <bibliographyLink>
        <description>H. Hashemi, J. M. Christensen, S. Gersen, H. Levinsky, S. J. Klippenstein, P. Glarborg, Combustion and Flame 172 (2016), 349–364.</description>
        <referenceDOI>10.1016/j.combustflame.2016.07.016</referenceDOI>
        <location>Main Article + Supplementary + Personal Communication</location>
        <table>Table 1, Table S12</table>
        <figure>Fig. 15, green triangle, mixture C, phi = 0.5, Tc = 970 K series</figure>
        <details>
            <author>H. Hashemi, J. M. Christensen, S. Gersen, H. Levinsky, S. J. Klippenstein, P. Glarborg</author>
            <journal>Combust Flame</journal>
            <pages>349–-364</pages>
            <title>High-pressure oxidation of methane</title>
            <volume>172</volume>
            <year>2016</year>
        </details>
    </bibliographyLink>
    <experimentType>ignition delay measurement</experimentType>
    <apparatus>
        <kind>rapid compression machine</kind>
    </apparatus>
    <commonProperties>
        <property name="initial composition"           sourcetype="reported"  >
            <component><speciesLink preferredKey="CH4"  CAS="74-82-8"    InChI="1S/CH4/h1H4"  SMILES="C"     chemName="methane"  /><amount units="mole fraction" >0.0476</amount></component>
            <component><speciesLink preferredKey="O2"   CAS="7782-44-7"  InChI="1S/O2/c1-2"   SMILES="O=O"   chemName="oxygen"   /><amount units="mole fraction" >0.1905</amount></component>
            <component><speciesLink preferredKey="N2"   CAS="7727-37-9"  InChI="1S/N2/c1-2"   SMILES="N#N"   chemName="nitrogen" /><amount units="mole fraction" >0.3000</amount></component>
            <component><speciesLink preferredKey="Ar"   CAS="7440-37-1"  InChI="1S/Ar"        SMILES="[Ar]"  chemName="argon"    /><amount units="mole fraction" >0.4619</amount></component>
        </property>
        <property name="evaluated standard deviation"  sourcetype="estimated"  units="unitless"       reference="ignition delay"  kind="relative"  method="generic uncertainty" ><value>0.1</value></property>
    </commonProperties>
    <dataGroup id="dg1" label="measured data">
        <property name="pressure"        id="x1"   label="P"              sourcetype="reported"  units="bar" />
        <property name="temperature"     id="x2"   label="T"              sourcetype="reported"  units="K"   />
        <property name="ignition delay"  id="x3"   label="tau"            sourcetype="reported"  units="ms"  />

        <dataPoint><x1>1.5886</x1><x2>290.95</x2> <x3>6.2</x3></dataPoint>
        <dataPoint><x1>1.3946</x1><x2>291.25</x2> <x3>8.4</x3></dataPoint>
        <dataPoint><x1>1.3996</x1><x2>291.55</x2> <x3>7.6</x3></dataPoint>
        <dataPoint><x1>1.4026</x1><x2>291.75</x2> <x3>7.8</x3></dataPoint>
        <dataPoint><x1>1.2016</x1><x2>291.75</x2><x3>10.2</x3></dataPoint>
        <dataPoint><x1>1.0058</x1><x2>292.15</x2><x3>16.4</x3></dataPoint>
        <dataPoint><x1>0.8112</x1><x2>292.85</x2><x3>30.6</x3></dataPoint>
    </dataGroup>
    <ignitionType target="p;" type="d/dt max"/>
    <dataGroup id="dg2" label="V-t history" dataPointLink="1">
        <property name="time"      id="x4"   label="t"            sourcetype="calculated"  units="s"   />
        <property name="volume"    id="x5"   label="V"            sourcetype="calculated"  units="cm3" />
        <property name="pressure"  id="x6"   label="p"            sourcetype="estimated"   units="bar"  kind="reactive" />

        <dataPoint><x4>0.000000E+00</x4><x5>1.000000E+00</x5><x6>1.588600E+00</x6></dataPoint>
        <dataPoint><x4>1.000000E-01</x4><x5>1.000000E+00</x5><x6>1.588600E+00</x6></dataPoint>
        <dataPoint><x4>2.700000E-01</x4><x5>7.705997E-01</x5><x6>2.335728E+00</x6></dataPoint>
        <dataPoint><x4>2.815694E-01</x4><x5>7.431499E-01</x5><x6>2.464218E+00</x6></dataPoint>
        <dataPoint><x4>2.853959E-01</x4><x5>6.843187E-01</x5><x6>2.783025E+00</x6></dataPoint>
        <dataPoint><x4>2.872768E-01</x4><x5>6.553537E-01</x5><x6>2.966196E+00</x6></dataPoint>
        <dataPoint><x4>2.876074E-01</x4><x5>6.451602E-01</x5><x6>3.035497E+00</x6></dataPoint>
        <dataPoint><x4>2.898542E-01</x4><x5>6.059938E-01</x5><x6>3.328714E+00</x6></dataPoint>
        <dataPoint><x4>2.910132E-01</x4><x5>5.766271E-01</x5><x6>3.581062E+00</x6></dataPoint>
        <dataPoint><x4>2.911993E-01</x4><x5>5.815041E-01</x5><x6>3.536982E+00</x6></dataPoint>
        <dataPoint><x4>2.914748E-01</x4><x5>5.689846E-01</x5><x6>3.652009E+00</x6></dataPoint>
        <dataPoint><x4>2.919203E-01</x4><x5>5.623132E-01</x5><x6>3.715880E+00</x6></dataPoint>
        <dataPoint><x4>2.942153E-01</x4><x5>5.121667E-01</x5><x6>4.262308E+00</x6></dataPoint>
        <dataPoint><x4>2.948182E-01</x4><x5>4.893400E-01</x5><x6>4.557147E+00</x6></dataPoint>
        <dataPoint><x4>2.955596E-01</x4><x5>4.814531E-01</x5><x6>4.667024E+00</x6></dataPoint>
        <dataPoint><x4>2.955616E-01</x4><x5>4.804656E-01</x5><x6>4.681092E+00</x6></dataPoint>
        <dataPoint><x4>2.981874E-01</x4><x5>4.140227E-01</x5><x6>5.820735E+00</x6></dataPoint>
        <dataPoint><x4>2.983430E-01</x4><x5>4.071479E-01</x5><x6>5.964960E+00</x6></dataPoint>
        <dataPoint><x4>2.995401E-01</x4><x5>3.798584E-01</x5><x6>6.601056E+00</x6></dataPoint>
        <dataPoint><x4>2.998230E-01</x4><x5>3.687588E-01</x5><x6>6.892951E+00</x6></dataPoint>
        <dataPoint><x4>3.006926E-01</x4><x5>3.476404E-01</x5><x6>7.511748E+00</x6></dataPoint>
        <dataPoint><x4>3.012207E-01</x4><x5>3.354101E-01</x5><x6>7.913932E+00</x6></dataPoint>
        <dataPoint><x4>3.014151E-01</x4><x5>3.272188E-01</x5><x6>8.203887E+00</x6></dataPoint>
        <dataPoint><x4>3.020373E-01</x4><x5>3.138803E-01</x5><x6>8.715748E+00</x6></dataPoint>
        <dataPoint><x4>3.035075E-01</x4><x5>2.746070E-01</x5><x6>1.058189E+01</x6></dataPoint>
        <dataPoint><x4>3.036583E-01</x4><x5>2.703088E-01</x5><x6>1.082656E+01</x6></dataPoint>
        <dataPoint><x4>3.042419E-01</x4><x5>2.542306E-01</x5><x6>1.183157E+01</x6></dataPoint>
        <dataPoint><x4>3.044231E-01</x4><x5>2.490690E-01</x5><x6>1.218778E+01</x6></dataPoint>
        <dataPoint><x4>3.047287E-01</x4><x5>2.423403E-01</x5><x6>1.267986E+01</x6></dataPoint>
        <dataPoint><x4>3.049154E-01</x4><x5>2.373962E-01</x5><x6>1.306305E+01</x6></dataPoint>
        <dataPoint><x4>3.051386E-01</x4><x5>2.318578E-01</x5><x6>1.351587E+01</x6></dataPoint>
        <dataPoint><x4>3.053429E-01</x4><x5>2.269027E-01</x5><x6>1.394376E+01</x6></dataPoint>
        <dataPoint><x4>3.054505E-01</x4><x5>2.241743E-01</x5><x6>1.418915E+01</x6></dataPoint>
        <dataPoint><x4>3.060576E-01</x4><x5>2.093680E-01</x5><x6>1.565696E+01</x6></dataPoint>
        <dataPoint><x4>3.061999E-01</x4><x5>2.070388E-01</x5><x6>1.591106E+01</x6></dataPoint>
        <dataPoint><x4>3.064771E-01</x4><x5>1.995013E-01</x5><x6>1.678271E+01</x6></dataPoint>
        <dataPoint><x4>3.066400E-01</x4><x5>1.958720E-01</x5><x6>1.723140E+01</x6></dataPoint>
        <dataPoint><x4>3.067874E-01</x4><x5>1.932240E-01</x5><x6>1.757161E+01</x6></dataPoint>
        <dataPoint><x4>3.074333E-01</x4><x5>1.771702E-01</x5><x6>1.989979E+01</x6></dataPoint>
        <dataPoint><x4>3.076170E-01</x4><x5>1.726154E-01</x5><x6>2.065609E+01</x6></dataPoint>
        <dataPoint><x4>3.082031E-01</x4><x5>1.583496E-01</x5><x6>2.336769E+01</x6></dataPoint>
        <dataPoint><x4>3.087684E-01</x4><x5>1.447570E-01</x5><x6>2.655872E+01</x6></dataPoint>
        <dataPoint><x4>3.092516E-01</x4><x5>1.339596E-01</x5><x6>2.965539E+01</x6></dataPoint>
        <dataPoint><x4>3.097825E-01</x4><x5>1.219365E-01</x5><x6>3.388892E+01</x6></dataPoint>
        <dataPoint><x4>3.103488E-01</x4><x5>1.096496E-01</x5><x6>3.938362E+01</x6></dataPoint>
        <dataPoint><x4>3.108305E-01</x4><x5>1.000151E-01</x5><x6>4.483873E+01</x6></dataPoint>
        <dataPoint><x4>3.112110E-01</x4><x5>9.304465E-02</x5><x6>4.963606E+01</x6></dataPoint>
        <dataPoint><x4>3.117815E-01</x4><x5>8.447978E-02</x5><x6>5.684065E+01</x6></dataPoint>
        <dataPoint><x4>3.120380E-01</x4><x5>8.155417E-02</x5><x6>5.971744E+01</x6></dataPoint>
        <dataPoint><x4>3.123544E-01</x4><x5>7.875523E-02</x5><x6>6.270850E+01</x6></dataPoint>
        <dataPoint><x4>3.126187E-01</x4><x5>7.687385E-02</x5><x6>6.486488E+01</x6></dataPoint>
        <dataPoint><x4>3.127909E-01</x4><x5>7.582089E-02</x5><x6>6.612730E+01</x6></dataPoint>
        <dataPoint><x4>3.132216E-01</x4><x5>7.319710E-02</x5><x6>6.946122E+01</x6></dataPoint>
        <dataPoint><x4>3.133974E-01</x4><x5>7.221828E-02</x5><x6>7.077876E+01</x6></dataPoint>
        <dataPoint><x4>3.136071E-01</x4><x5>7.091049E-02</x5><x6>7.260655E+01</x6></dataPoint>
        <dataPoint><x4>3.140416E-01</x4><x5>6.878300E-02</x5><x6>7.575673E+01</x6></dataPoint>
        <dataPoint><x4>3.143771E-01</x4><x5>6.759599E-02</x5><x6>7.761681E+01</x6></dataPoint>
        <dataPoint><x4>3.146183E-01</x4><x5>6.701427E-02</x5><x6>7.855695E+01</x6></dataPoint>
        <dataPoint><x4>3.149759E-01</x4><x5>6.653608E-02</x5><x6>7.934435E+01</x6></dataPoint>
        <dataPoint><x4>3.158000E-01</x4><x5>6.632273E-02</x5><x6>7.970000E+01</x6></dataPoint>
        <dataPoint><x4>3.208000E-01</x4><x5>6.808978E-02</x5><x6>7.683370E+01</x6></dataPoint>
        <dataPoint><x4>3.258000E-01</x4><x5>6.929418E-02</x5><x6>7.497889E+01</x6></dataPoint>
        <dataPoint><x4>3.308000E-01</x4><x5>7.003266E-02</x5><x6>7.387889E+01</x6></dataPoint>
        <dataPoint><x4>3.358000E-01</x4><x5>7.047951E-02</x5><x6>7.322653E+01</x6></dataPoint>
        <dataPoint><x4>3.408000E-01</x4><x5>7.074773E-02</x5><x6>7.283964E+01</x6></dataPoint>
        <dataPoint><x4>3.458000E-01</x4><x5>7.090794E-02</x5><x6>7.261019E+01</x6></dataPoint>
        <dataPoint><x4>3.508000E-01</x4><x5>7.100336E-02</x5><x6>7.247412E+01</x6></dataPoint>
        <dataPoint><x4>3.558000E-01</x4><x5>7.106010E-02</x5><x6>7.239342E+01</x6></dataPoint>
        <dataPoint><x4>3.608000E-01</x4><x5>7.109379E-02</x5><x6>7.234556E+01</x6></dataPoint>
        <dataPoint><x4>3.658000E-01</x4><x5>7.111380E-02</x5><x6>7.231717E+01</x6></dataPoint>
    </dataGroup>
    <dataGroup id="dg2" label="V-t history" dataPointLink="2">
        <property name="time"      id="x4"   label="t"            sourcetype="calculated"  units="s"   />
        <property name="volume"    id="x5"   label="V"            sourcetype="calculated"  units="cm3" />
        <property name="pressure"  id="x6"   label="p"            sourcetype="estimated"   units="bar"  kind="reactive" />

        <dataPoint><x4>0.000000E+00</x4><x5>1.000000E+00</x5><x6>1.394600E+00</x6></dataPoint>
        <dataPoint><x4>1.000000E-01</x4><x5>1.000000E+00</x5><x6>1.394600E+00</x6></dataPoint>
        <dataPoint><x4>2.701890E-01</x4><x5>7.828798E-01</x5><x6>2.003145E+00</x6></dataPoint>
        <dataPoint><x4>2.835864E-01</x4><x5>7.574338E-01</x5><x6>2.103312E+00</x6></dataPoint>
        <dataPoint><x4>2.890148E-01</x4><x5>7.133982E-01</x5><x6>2.297694E+00</x6></dataPoint>
        <dataPoint><x4>2.942155E-01</x4><x5>6.391547E-01</x5><x6>2.701713E+00</x6></dataPoint>
        <dataPoint><x4>2.951987E-01</x4><x5>6.127189E-01</x5><x6>2.875069E+00</x6></dataPoint>
        <dataPoint><x4>2.990019E-01</x4><x5>5.413018E-01</x5><x6>3.449750E+00</x6></dataPoint>
        <dataPoint><x4>2.994478E-01</x4><x5>5.271521E-01</x5><x6>3.586590E+00</x6></dataPoint>
        <dataPoint><x4>3.008826E-01</x4><x5>4.982221E-01</x5><x6>3.896336E+00</x6></dataPoint>
        <dataPoint><x4>3.036775E-01</x4><x5>4.298491E-01</x5><x6>4.836920E+00</x6></dataPoint>
        <dataPoint><x4>3.038681E-01</x4><x5>4.233975E-01</x5><x6>4.945108E+00</x6></dataPoint>
        <dataPoint><x4>3.056652E-01</x4><x5>3.788651E-01</x5><x6>5.816844E+00</x6></dataPoint>
        <dataPoint><x4>3.058529E-01</x4><x5>3.746974E-01</x5><x6>5.911494E+00</x6></dataPoint>
        <dataPoint><x4>3.061904E-01</x4><x5>3.665375E-01</x5><x6>6.104441E+00</x6></dataPoint>
        <dataPoint><x4>3.079131E-01</x4><x5>3.234805E-01</x5><x6>7.323003E+00</x6></dataPoint>
        <dataPoint><x4>3.093940E-01</x4><x5>2.848138E-01</x5><x6>8.810309E+00</x6></dataPoint>
        <dataPoint><x4>3.104121E-01</x4><x5>2.568096E-01</x5><x6>1.023537E+01</x6></dataPoint>
        <dataPoint><x4>3.114141E-01</x4><x5>2.314334E-01</x5><x6>1.189574E+01</x6></dataPoint>
        <dataPoint><x4>3.116022E-01</x4><x5>2.278848E-01</x5><x6>1.216391E+01</x6></dataPoint>
        <dataPoint><x4>3.128261E-01</x4><x5>1.989906E-01</x5><x6>1.478618E+01</x6></dataPoint>
        <dataPoint><x4>3.132259E-01</x4><x5>1.885660E-01</x5><x6>1.597419E+01</x6></dataPoint>
        <dataPoint><x4>3.133990E-01</x4><x5>1.846559E-01</x5><x6>1.646171E+01</x6></dataPoint>
        <dataPoint><x4>3.141860E-01</x4><x5>1.651554E-01</x5><x6>1.931465E+01</x6></dataPoint>
        <dataPoint><x4>3.148057E-01</x4><x5>1.499540E-01</x5><x6>2.216970E+01</x6></dataPoint>
        <dataPoint><x4>3.153891E-01</x4><x5>1.363836E-01</x5><x6>2.537538E+01</x6></dataPoint>
        <dataPoint><x4>3.160068E-01</x4><x5>1.222721E-01</x5><x6>2.963067E+01</x6></dataPoint>
        <dataPoint><x4>3.165945E-01</x4><x5>1.091576E-01</x5><x6>3.478922E+01</x6></dataPoint>
        <dataPoint><x4>3.172032E-01</x4><x5>9.688564E-02</x5><x6>4.115820E+01</x6></dataPoint>
        <dataPoint><x4>3.174037E-01</x4><x5>9.315233E-02</x5><x6>4.349664E+01</x6></dataPoint>
        <dataPoint><x4>3.179972E-01</x4><x5>8.392245E-02</x5><x6>5.035563E+01</x6></dataPoint>
        <dataPoint><x4>3.182058E-01</x4><x5>8.149840E-02</x5><x6>5.246582E+01</x6></dataPoint>
        <dataPoint><x4>3.184076E-01</x4><x5>7.954006E-02</x5><x6>5.428254E+01</x6></dataPoint>
        <dataPoint><x4>3.186081E-01</x4><x5>7.803847E-02</x5><x6>5.574905E+01</x6></dataPoint>
        <dataPoint><x4>3.188086E-01</x4><x5>7.663366E-02</x5><x6>5.718293E+01</x6></dataPoint>
        <dataPoint><x4>3.190062E-01</x4><x5>7.526969E-02</x5><x6>5.863602E+01</x6></dataPoint>
        <dataPoint><x4>3.192064E-01</x4><x5>7.393614E-02</x5><x6>6.011833E+01</x6></dataPoint>
        <dataPoint><x4>3.194068E-01</x4><x5>7.261482E-02</x5><x6>6.165088E+01</x6></dataPoint>
        <dataPoint><x4>3.195970E-01</x4><x5>7.145090E-02</x5><x6>6.305666E+01</x6></dataPoint>
        <dataPoint><x4>3.198075E-01</x4><x5>7.007857E-02</x5><x6>6.478546E+01</x6></dataPoint>
        <dataPoint><x4>3.200105E-01</x4><x5>6.907105E-02</x5><x6>6.610664E+01</x6></dataPoint>
        <dataPoint><x4>3.202105E-01</x4><x5>6.817791E-02</x5><x6>6.731660E+01</x6></dataPoint>
        <dataPoint><x4>3.204030E-01</x4><x5>6.754223E-02</x5><x6>6.820089E+01</x6></dataPoint>
        <dataPoint><x4>3.206292E-01</x4><x5>6.722095E-02</x5><x6>6.865536E+01</x6></dataPoint>
        <dataPoint><x4>3.208082E-01</x4><x5>6.699949E-02</x5><x6>6.897165E+01</x6></dataPoint>
        <dataPoint><x4>3.210484E-01</x4><x5>6.689473E-02</x5><x6>6.912213E+01</x6></dataPoint>
        <dataPoint><x4>3.212391E-01</x4><x5>6.687536E-02</x5><x6>6.915000E+01</x6></dataPoint>
        <dataPoint><x4>3.262391E-01</x4><x5>6.893863E-02</x5><x6>6.628370E+01</x6></dataPoint>
        <dataPoint><x4>3.312391E-01</x4><x5>7.035649E-02</x5><x6>6.442889E+01</x6></dataPoint>
        <dataPoint><x4>3.362391E-01</x4><x5>7.123059E-02</x5><x6>6.332889E+01</x6></dataPoint>
        <dataPoint><x4>3.412391E-01</x4><x5>7.176126E-02</x5><x6>6.267653E+01</x6></dataPoint>
        <dataPoint><x4>3.462391E-01</x4><x5>7.208043E-02</x5><x6>6.228964E+01</x6></dataPoint>
        <dataPoint><x4>3.512391E-01</x4><x5>7.227131E-02</x5><x6>6.206019E+01</x6></dataPoint>
        <dataPoint><x4>3.562391E-01</x4><x5>7.238508E-02</x5><x6>6.192412E+01</x6></dataPoint>
        <dataPoint><x4>3.612391E-01</x4><x5>7.245276E-02</x5><x6>6.184342E+01</x6></dataPoint>
        <dataPoint><x4>3.662391E-01</x4><x5>7.249296E-02</x5><x6>6.179556E+01</x6></dataPoint>
        <dataPoint><x4>3.712391E-01</x4><x5>7.251683E-02</x5><x6>6.176717E+01</x6></dataPoint>
    </dataGroup>
    <dataGroup id="dg2" label="V-t history" dataPointLink="3">
        <property name="time"      id="x4"   label="t"            sourcetype="calculated"  units="s"   />
        <property name="volume"    id="x5"   label="V"            sourcetype="calculated"  units="cm3" />
        <property name="pressure"  id="x6"   label="p"            sourcetype="estimated"   units="bar"  kind="reactive" />

        <dataPoint><x4>0.000000E+00</x4><x5>1.000000E+00</x5><x6>1.399600E+00</x6></dataPoint>
        <dataPoint><x4>1.000000E-01</x4><x5>1.000000E+00</x5><x6>1.399600E+00</x6></dataPoint>
        <dataPoint><x4>2.700000E-01</x4><x5>8.092021E-01</x5><x6>1.914455E+00</x6></dataPoint>
        <dataPoint><x4>2.986836E-01</x4><x5>7.551577E-01</x5><x6>2.120228E+00</x6></dataPoint>
        <dataPoint><x4>2.988086E-01</x4><x5>7.595820E-01</x5><x6>2.102022E+00</x6></dataPoint>
        <dataPoint><x4>2.990048E-01</x4><x5>7.333111E-01</x5><x6>2.214116E+00</x6></dataPoint>
        <dataPoint><x4>2.994145E-01</x4><x5>7.387776E-01</x5><x6>2.189982E+00</x6></dataPoint>
        <dataPoint><x4>3.004941E-01</x4><x5>7.263872E-01</x5><x6>2.245328E+00</x6></dataPoint>
        <dataPoint><x4>3.025719E-01</x4><x5>6.965634E-01</x5><x6>2.388563E+00</x6></dataPoint>
        <dataPoint><x4>3.026535E-01</x4><x5>6.954772E-01</x5><x6>2.394066E+00</x6></dataPoint>
        <dataPoint><x4>3.028093E-01</x4><x5>6.981118E-01</x5><x6>2.380755E+00</x6></dataPoint>
        <dataPoint><x4>3.031831E-01</x4><x5>6.774681E-01</x5><x6>2.488480E+00</x6></dataPoint>
        <dataPoint><x4>3.032320E-01</x4><x5>6.782715E-01</x5><x6>2.484137E+00</x6></dataPoint>
        <dataPoint><x4>3.034091E-01</x4><x5>6.858396E-01</x5><x6>2.443833E+00</x6></dataPoint>
        <dataPoint><x4>3.036072E-01</x4><x5>6.789125E-01</x5><x6>2.480680E+00</x6></dataPoint>
        <dataPoint><x4>3.037015E-01</x4><x5>6.842752E-01</x5><x6>2.452074E+00</x6></dataPoint>
        <dataPoint><x4>3.047563E-01</x4><x5>6.650024E-01</x5><x6>2.557534E+00</x6></dataPoint>
        <dataPoint><x4>3.053166E-01</x4><x5>6.618152E-01</x5><x6>2.575703E+00</x6></dataPoint>
        <dataPoint><x4>3.053761E-01</x4><x5>6.624557E-01</x5><x6>2.572035E+00</x6></dataPoint>
        <dataPoint><x4>3.061338E-01</x4><x5>6.427939E-01</x5><x6>2.688771E+00</x6></dataPoint>
        <dataPoint><x4>3.069705E-01</x4><x5>6.197926E-01</x5><x6>2.836977E+00</x6></dataPoint>
        <dataPoint><x4>3.072804E-01</x4><x5>6.248907E-01</x5><x6>2.802970E+00</x6></dataPoint>
        <dataPoint><x4>3.078194E-01</x4><x5>6.142798E-01</x5><x6>2.874532E+00</x6></dataPoint>
        <dataPoint><x4>3.078780E-01</x4><x5>6.103374E-01</x5><x6>2.901902E+00</x6></dataPoint>
        <dataPoint><x4>3.080102E-01</x4><x5>6.027020E-01</x5><x6>2.956161E+00</x6></dataPoint>
        <dataPoint><x4>3.082090E-01</x4><x5>6.074681E-01</x5><x6>2.922095E+00</x6></dataPoint>
        <dataPoint><x4>3.084042E-01</x4><x5>5.977611E-01</x5><x6>2.992183E+00</x6></dataPoint>
        <dataPoint><x4>3.108005E-01</x4><x5>5.582510E-01</x5><x6>3.308697E+00</x6></dataPoint>
        <dataPoint><x4>3.110233E-01</x4><x5>5.480421E-01</x5><x6>3.399656E+00</x6></dataPoint>
        <dataPoint><x4>3.124934E-01</x4><x5>5.208534E-01</x5><x6>3.663428E+00</x6></dataPoint>
        <dataPoint><x4>3.144859E-01</x4><x5>4.700665E-01</x5><x6>4.258288E+00</x6></dataPoint>
        <dataPoint><x4>3.146561E-01</x4><x5>4.691405E-01</x5><x6>4.270609E+00</x6></dataPoint>
        <dataPoint><x4>3.164311E-01</x4><x5>4.288263E-01</x5><x6>4.871015E+00</x6></dataPoint>
        <dataPoint><x4>3.183513E-01</x4><x5>3.846212E-01</x5><x6>5.710356E+00</x6></dataPoint>
        <dataPoint><x4>3.203565E-01</x4><x5>3.364824E-01</x5><x6>6.939299E+00</x6></dataPoint>
        <dataPoint><x4>3.206693E-01</x4><x5>3.267253E-01</x5><x6>7.242908E+00</x6></dataPoint>
        <dataPoint><x4>3.211434E-01</x4><x5>3.151253E-01</x5><x6>7.633840E+00</x6></dataPoint>
        <dataPoint><x4>3.216831E-01</x4><x5>3.039334E-01</x5><x6>8.045680E+00</x6></dataPoint>
        <dataPoint><x4>3.236990E-01</x4><x5>2.547393E-01</x5><x6>1.039228E+01</x6></dataPoint>
        <dataPoint><x4>3.249902E-01</x4><x5>2.228762E-01</x5><x6>1.260399E+01</x6></dataPoint>
        <dataPoint><x4>3.254660E-01</x4><x5>2.119398E-01</x5><x6>1.355146E+01</x6></dataPoint>
        <dataPoint><x4>3.256295E-01</x4><x5>2.088216E-01</x5><x6>1.384366E+01</x6></dataPoint>
        <dataPoint><x4>3.262307E-01</x4><x5>1.964710E-01</x5><x6>1.511197E+01</x6></dataPoint>
        <dataPoint><x4>3.264531E-01</x4><x5>1.911517E-01</x5><x6>1.571956E+01</x6></dataPoint>
        <dataPoint><x4>3.266408E-01</x4><x5>1.876442E-01</x5><x6>1.614299E+01</x6></dataPoint>
        <dataPoint><x4>3.268210E-01</x4><x5>1.835793E-01</x5><x6>1.665817E+01</x6></dataPoint>
        <dataPoint><x4>3.270715E-01</x4><x5>1.775548E-01</x5><x6>1.747422E+01</x6></dataPoint>
        <dataPoint><x4>3.274561E-01</x4><x5>1.682479E-01</x5><x6>1.887431E+01</x6></dataPoint>
        <dataPoint><x4>3.277838E-01</x4><x5>1.607490E-01</x5><x6>2.014547E+01</x6></dataPoint>
        <dataPoint><x4>3.282008E-01</x4><x5>1.511332E-01</x5><x6>2.199945E+01</x6></dataPoint>
        <dataPoint><x4>3.284399E-01</x4><x5>1.460701E-01</x5><x6>2.309425E+01</x6></dataPoint>
        <dataPoint><x4>3.287969E-01</x4><x5>1.386434E-01</x5><x6>2.487495E+01</x6></dataPoint>
        <dataPoint><x4>3.292154E-01</x4><x5>1.297912E-01</x5><x6>2.731981E+01</x6></dataPoint>
        <dataPoint><x4>3.296178E-01</x4><x5>1.213269E-01</x5><x6>3.006149E+01</x6></dataPoint>
        <dataPoint><x4>3.300214E-01</x4><x5>1.131208E-01</x5><x6>3.319336E+01</x6></dataPoint>
        <dataPoint><x4>3.301872E-01</x4><x5>1.099821E-01</x5><x6>3.453974E+01</x6></dataPoint>
        <dataPoint><x4>3.305874E-01</x4><x5>1.023290E-01</x5><x6>3.823950E+01</x6></dataPoint>
        <dataPoint><x4>3.308290E-01</x4><x5>9.832279E-02</x5><x6>4.045217E+01</x6></dataPoint>
        <dataPoint><x4>3.312233E-01</x4><x5>9.190048E-02</x5><x6>4.448315E+01</x6></dataPoint>
        <dataPoint><x4>3.313929E-01</x4><x5>8.948789E-02</x5><x6>4.617638E+01</x6></dataPoint>
        <dataPoint><x4>3.316177E-01</x4><x5>8.630153E-02</x5><x6>4.858596E+01</x6></dataPoint>
        <dataPoint><x4>3.320022E-01</x4><x5>8.197856E-02</x5><x6>5.221355E+01</x6></dataPoint>
        <dataPoint><x4>3.323887E-01</x4><x5>7.898887E-02</x5><x6>5.499997E+01</x6></dataPoint>
        <dataPoint><x4>3.327920E-01</x4><x5>7.643716E-02</x5><x6>5.758389E+01</x6></dataPoint>
        <dataPoint><x4>3.330176E-01</x4><x5>7.518452E-02</x5><x6>5.892872E+01</x6></dataPoint>
        <dataPoint><x4>3.333776E-01</x4><x5>7.323891E-02</x5><x6>6.112607E+01</x6></dataPoint>
        <dataPoint><x4>3.338184E-01</x4><x5>7.083175E-02</x5><x6>6.404376E+01</x6></dataPoint>
        <dataPoint><x4>3.340089E-01</x4><x5>7.007379E-02</x5><x6>6.501180E+01</x6></dataPoint>
        <dataPoint><x4>3.342317E-01</x4><x5>6.904576E-02</x5><x6>6.636506E+01</x6></dataPoint>
        <dataPoint><x4>3.346360E-01</x4><x5>6.781668E-02</x5><x6>6.804697E+01</x6></dataPoint>
        <dataPoint><x4>3.350452E-01</x4><x5>6.723688E-02</x5><x6>6.886572E+01</x6></dataPoint>
        <dataPoint><x4>3.353741E-01</x4><x5>6.705798E-02</x5><x6>6.912172E+01</x6></dataPoint>
        <dataPoint><x4>3.360000E-01</x4><x5>6.691327E-02</x5><x6>6.933000E+01</x6></dataPoint>
        <dataPoint><x4>3.410000E-01</x4><x5>6.897223E-02</x5><x6>6.646370E+01</x6></dataPoint>
        <dataPoint><x4>3.460000E-01</x4><x5>7.038691E-02</x5><x6>6.460889E+01</x6></dataPoint>
        <dataPoint><x4>3.510000E-01</x4><x5>7.125895E-02</x5><x6>6.350889E+01</x6></dataPoint>
        <dataPoint><x4>3.560000E-01</x4><x5>7.178834E-02</x5><x6>6.285653E+01</x6></dataPoint>
        <dataPoint><x4>3.610000E-01</x4><x5>7.210673E-02</x5><x6>6.246964E+01</x6></dataPoint>
        <dataPoint><x4>3.660000E-01</x4><x5>7.229713E-02</x5><x6>6.224019E+01</x6></dataPoint>
        <dataPoint><x4>3.710000E-01</x4><x5>7.241062E-02</x5><x6>6.210412E+01</x6></dataPoint>
        <dataPoint><x4>3.760000E-01</x4><x5>7.247812E-02</x5><x6>6.202342E+01</x6></dataPoint>
        <dataPoint><x4>3.810000E-01</x4><x5>7.251823E-02</x5><x6>6.197556E+01</x6></dataPoint>
        <dataPoint><x4>3.860000E-01</x4><x5>7.254204E-02</x5><x6>6.194717E+01</x6></dataPoint>
    </dataGroup>
    <dataGroup id="dg2" label="V-t history" dataPointLink="4">
        <property name="time"      id="x4"   label="t"            sourcetype="calculated"  units="s"   />
        <property name="volume"    id="x5"   label="V"            sourcetype="calculated"  units="cm3" />
        <property name="pressure"  id="x6"   label="p"            sourcetype="estimated"   units="bar"  kind="reactive" />

        <dataPoint><x4>0.000000E+00</x4><x5>1.000000E+00</x5><x6>1.402600E+00</x6></dataPoint>
        <dataPoint><x4>1.000000E-01</x4><x5>1.000000E+00</x5><x6>1.402600E+00</x6></dataPoint>
        <dataPoint><x4>2.700000E-01</x4><x5>7.471013E-01</x5><x6>2.158666E+00</x6></dataPoint>
        <dataPoint><x4>2.714643E-01</x4><x5>7.146428E-01</x5><x6>2.304887E+00</x6></dataPoint>
        <dataPoint><x4>2.727333E-01</x4><x5>7.104181E-01</x5><x6>2.325134E+00</x6></dataPoint>
        <dataPoint><x4>2.778716E-01</x4><x5>6.166476E-01</x5><x6>2.864388E+00</x6></dataPoint>
        <dataPoint><x4>2.798654E-01</x4><x5>5.632602E-01</x5><x6>3.272485E+00</x6></dataPoint>
        <dataPoint><x4>2.801826E-01</x4><x5>5.699427E-01</x5><x6>3.216240E+00</x6></dataPoint>
        <dataPoint><x4>2.809953E-01</x4><x5>5.448056E-01</x5><x6>3.436657E+00</x6></dataPoint>
        <dataPoint><x4>2.811945E-01</x4><x5>5.381332E-01</x5><x6>3.499428E+00</x6></dataPoint>
        <dataPoint><x4>2.828217E-01</x4><x5>4.998042E-01</x5><x6>3.900301E+00</x6></dataPoint>
        <dataPoint><x4>2.846323E-01</x4><x5>4.598265E-01</x5><x6>4.407251E+00</x6></dataPoint>
        <dataPoint><x4>2.847602E-01</x4><x5>4.466757E-01</x5><x6>4.598545E+00</x6></dataPoint>
        <dataPoint><x4>2.857508E-01</x4><x5>4.299695E-01</x5><x6>4.862351E+00</x6></dataPoint>
        <dataPoint><x4>2.860022E-01</x4><x5>4.158443E-01</x5><x6>5.105770E+00</x6></dataPoint>
        <dataPoint><x4>2.861914E-01</x4><x5>4.209254E-01</x5><x6>5.015907E+00</x6></dataPoint>
        <dataPoint><x4>2.882058E-01</x4><x5>3.656118E-01</x5><x6>6.161630E+00</x6></dataPoint>
        <dataPoint><x4>2.894784E-01</x4><x5>3.328782E-01</x5><x6>7.063777E+00</x6></dataPoint>
        <dataPoint><x4>2.904210E-01</x4><x5>3.096609E-01</x5><x6>7.846865E+00</x6></dataPoint>
        <dataPoint><x4>2.905510E-01</x4><x5>3.057919E-01</x5><x6>7.991516E+00</x6></dataPoint>
        <dataPoint><x4>2.909071E-01</x4><x5>2.948784E-01</x5><x6>8.424532E+00</x6></dataPoint>
        <dataPoint><x4>2.911452E-01</x4><x5>2.878639E-01</x5><x6>8.724028E+00</x6></dataPoint>
        <dataPoint><x4>2.915345E-01</x4><x5>2.770247E-01</x5><x6>9.223282E+00</x6></dataPoint>
        <dataPoint><x4>2.918564E-01</x4><x5>2.691880E-01</x5><x6>9.614829E+00</x6></dataPoint>
        <dataPoint><x4>2.929932E-01</x4><x5>2.386315E-01</x5><x6>1.144500E+01</x6></dataPoint>
        <dataPoint><x4>2.933951E-01</x4><x5>2.275961E-01</x5><x6>1.225436E+01</x6></dataPoint>
        <dataPoint><x4>2.938515E-01</x4><x5>2.170147E-01</x5><x6>1.312477E+01</x6></dataPoint>
        <dataPoint><x4>2.942703E-01</x4><x5>2.064838E-01</x5><x6>1.409904E+01</x6></dataPoint>
        <dataPoint><x4>2.944871E-01</x4><x5>2.017061E-01</x5><x6>1.458178E+01</x6></dataPoint>
        <dataPoint><x4>2.946730E-01</x4><x5>1.975090E-01</x5><x6>1.502919E+01</x6></dataPoint>
        <dataPoint><x4>2.950259E-01</x4><x5>1.876675E-01</x5><x6>1.617364E+01</x6></dataPoint>
        <dataPoint><x4>2.954800E-01</x4><x5>1.768219E-01</x5><x6>1.761452E+01</x6></dataPoint>
        <dataPoint><x4>2.958052E-01</x4><x5>1.691259E-01</x5><x6>1.877310E+01</x6></dataPoint>
        <dataPoint><x4>2.960269E-01</x4><x5>1.631299E-01</x5><x6>1.976747E+01</x6></dataPoint>
        <dataPoint><x4>2.964058E-01</x4><x5>1.539934E-01</x5><x6>2.146318E+01</x6></dataPoint>
        <dataPoint><x4>2.966340E-01</x4><x5>1.481846E-01</x5><x6>2.267281E+01</x6></dataPoint>
        <dataPoint><x4>2.970068E-01</x4><x5>1.394538E-01</x5><x6>2.472038E+01</x6></dataPoint>
        <dataPoint><x4>2.973878E-01</x4><x5>1.303924E-01</x5><x6>2.719694E+01</x6></dataPoint>
        <dataPoint><x4>2.978182E-01</x4><x5>1.201695E-01</x5><x6>3.053490E+01</x6></dataPoint>
        <dataPoint><x4>2.980276E-01</x4><x5>1.155799E-01</x5><x6>3.226504E+01</x6></dataPoint>
        <dataPoint><x4>2.984033E-01</x4><x5>1.072147E-01</x5><x6>3.587826E+01</x6></dataPoint>
        <dataPoint><x4>2.987948E-01</x4><x5>9.906495E-02</x5><x6>4.010777E+01</x6></dataPoint>
        <dataPoint><x4>2.992124E-01</x4><x5>9.087823E-02</x5><x6>4.527945E+01</x6></dataPoint>
        <dataPoint><x4>2.994129E-01</x4><x5>8.735254E-02</x5><x6>4.786511E+01</x6></dataPoint>
        <dataPoint><x4>2.996137E-01</x4><x5>8.420024E-02</x5><x6>5.039610E+01</x6></dataPoint>
        <dataPoint><x4>2.998115E-01</x4><x5>8.158469E-02</x5><x6>5.267337E+01</x6></dataPoint>
        <dataPoint><x4>3.000123E-01</x4><x5>7.948467E-02</x5><x6>5.463110E+01</x6></dataPoint>
        <dataPoint><x4>3.002180E-01</x4><x5>7.776083E-02</x5><x6>5.633222E+01</x6></dataPoint>
        <dataPoint><x4>3.004093E-01</x4><x5>7.618136E-02</x5><x6>5.797131E+01</x6></dataPoint>
        <dataPoint><x4>3.006009E-01</x4><x5>7.500358E-02</x5><x6>5.924696E+01</x6></dataPoint>
        <dataPoint><x4>3.007964E-01</x4><x5>7.359178E-02</x5><x6>6.084004E+01</x6></dataPoint>
        <dataPoint><x4>3.010199E-01</x4><x5>7.198203E-02</x5><x6>6.274719E+01</x6></dataPoint>
        <dataPoint><x4>3.012207E-01</x4><x5>7.064595E-02</x5><x6>6.440858E+01</x6></dataPoint>
        <dataPoint><x4>3.014208E-01</x4><x5>6.941572E-02</x5><x6>6.600554E+01</x6></dataPoint>
        <dataPoint><x4>3.016071E-01</x4><x5>6.832413E-02</x5><x6>6.747975E+01</x6></dataPoint>
        <dataPoint><x4>3.018207E-01</x4><x5>6.745259E-02</x5><x6>6.869743E+01</x6></dataPoint>
        <dataPoint><x4>3.020025E-01</x4><x5>6.686528E-02</x5><x6>6.953925E+01</x6></dataPoint>
        <dataPoint><x4>3.022093E-01</x4><x5>6.653699E-02</x5><x6>7.001748E+01</x6></dataPoint>
        <dataPoint><x4>3.024045E-01</x4><x5>6.636239E-02</x5><x6>7.027411E+01</x6></dataPoint>
        <dataPoint><x4>3.026087E-01</x4><x5>6.633806E-02</x5><x6>7.030999E+01</x6></dataPoint>
        <dataPoint><x4>3.028042E-01</x4><x5>6.637797E-02</x5><x6>7.025114E+01</x6></dataPoint>
        <dataPoint><x4>3.030015E-01</x4><x5>6.631096E-02</x5><x6>7.035000E+01</x6></dataPoint>
        <dataPoint><x4>3.080015E-01</x4><x5>6.832126E-02</x5><x6>6.748370E+01</x6></dataPoint>
        <dataPoint><x4>3.130015E-01</x4><x5>6.970129E-02</x5><x6>6.562889E+01</x6></dataPoint>
        <dataPoint><x4>3.180015E-01</x4><x5>7.055147E-02</x5><x6>6.452889E+01</x6></dataPoint>
        <dataPoint><x4>3.230015E-01</x4><x5>7.106739E-02</x5><x6>6.387653E+01</x6></dataPoint>
        <dataPoint><x4>3.280015E-01</x4><x5>7.137762E-02</x5><x6>6.348964E+01</x6></dataPoint>
        <dataPoint><x4>3.330015E-01</x4><x5>7.156312E-02</x5><x6>6.326019E+01</x6></dataPoint>
        <dataPoint><x4>3.380015E-01</x4><x5>7.167367E-02</x5><x6>6.312412E+01</x6></dataPoint>
        <dataPoint><x4>3.430015E-01</x4><x5>7.173943E-02</x5><x6>6.304342E+01</x6></dataPoint>
        <dataPoint><x4>3.480015E-01</x4><x5>7.177849E-02</x5><x6>6.299556E+01</x6></dataPoint>
        <dataPoint><x4>3.530015E-01</x4><x5>7.180168E-02</x5><x6>6.296717E+01</x6></dataPoint>
    </dataGroup>
    <dataGroup id="dg2" label="V-t history" dataPointLink="5">
        <property name="time"      id="x4"   label="t"            sourcetype="calculated"  units="s"   />
        <property name="volume"    id="x5"   label="V"            sourcetype="calculated"  units="cm3" />
        <property name="pressure"  id="x6"   label="p"            sourcetype="estimated"   units="bar"  kind="reactive" />

        <dataPoint><x4>0.000000E+00</x4><x5>1.000000E+00</x5><x6>1.201600E+00</x6></dataPoint>
        <dataPoint><x4>1.000000E-01</x4><x5>1.000000E+00</x5><x6>1.201600E+00</x6></dataPoint>
        <dataPoint><x4>2.700000E-01</x4><x5>7.590442E-01</x5><x6>1.806525E+00</x6></dataPoint>
        <dataPoint><x4>2.775432E-01</x4><x5>7.008879E-01</x5><x6>2.032005E+00</x6></dataPoint>
        <dataPoint><x4>2.831558E-01</x4><x5>5.944118E-01</x5><x6>2.590166E+00</x6></dataPoint>
        <dataPoint><x4>2.867953E-01</x4><x5>5.115279E-01</x5><x6>3.229615E+00</x6></dataPoint>
        <dataPoint><x4>2.882198E-01</x4><x5>4.790214E-01</x5><x6>3.556069E+00</x6></dataPoint>
        <dataPoint><x4>2.896997E-01</x4><x5>4.474360E-01</x5><x6>3.929753E+00</x6></dataPoint>
        <dataPoint><x4>2.910875E-01</x4><x5>4.052105E-01</x5><x6>4.542868E+00</x6></dataPoint>
        <dataPoint><x4>2.916000E-01</x4><x5>3.996614E-01</x5><x6>4.635316E+00</x6></dataPoint>
        <dataPoint><x4>2.920428E-01</x4><x5>3.823713E-01</x5><x6>4.944527E+00</x6></dataPoint>
        <dataPoint><x4>2.920459E-01</x4><x5>3.847829E-01</x5><x6>4.899358E+00</x6></dataPoint>
        <dataPoint><x4>2.934038E-01</x4><x5>3.508336E-01</x5><x6>5.605831E+00</x6></dataPoint>
        <dataPoint><x4>2.936385E-01</x4><x5>3.424136E-01</x5><x6>5.807739E+00</x6></dataPoint>
        <dataPoint><x4>2.946012E-01</x4><x5>3.196567E-01</x5><x6>6.419002E+00</x6></dataPoint>
        <dataPoint><x4>2.948125E-01</x4><x5>3.120005E-01</x5><x6>6.649243E+00</x6></dataPoint>
        <dataPoint><x4>2.957939E-01</x4><x5>2.882020E-01</x5><x6>7.461114E+00</x6></dataPoint>
        <dataPoint><x4>2.969786E-01</x4><x5>2.562439E-01</x5><x6>8.845972E+00</x6></dataPoint>
        <dataPoint><x4>2.975735E-01</x4><x5>2.398728E-01</x5><x6>9.731685E+00</x6></dataPoint>
        <dataPoint><x4>2.977915E-01</x4><x5>2.340437E-01</x5><x6>1.008354E+01</x6></dataPoint>
        <dataPoint><x4>2.980223E-01</x4><x5>2.268300E-01</x5><x6>1.054942E+01</x6></dataPoint>
        <dataPoint><x4>2.981739E-01</x4><x5>2.236331E-01</x5><x6>1.076754E+01</x6></dataPoint>
        <dataPoint><x4>2.984790E-01</x4><x5>2.166358E-01</x5><x6>1.127225E+01</x6></dataPoint>
        <dataPoint><x4>2.993745E-01</x4><x5>1.962649E-01</x5><x6>1.299285E+01</x6></dataPoint>
        <dataPoint><x4>2.993986E-01</x4><x5>1.958178E-01</x5><x6>1.303549E+01</x6></dataPoint>
        <dataPoint><x4>2.998849E-01</x4><x5>1.832904E-01</x5><x6>1.433292E+01</x6></dataPoint>
        <dataPoint><x4>3.000508E-01</x4><x5>1.796148E-01</x5><x6>1.475521E+01</x6></dataPoint>
        <dataPoint><x4>3.002303E-01</x4><x5>1.747593E-01</x5><x6>1.534598E+01</x6></dataPoint>
        <dataPoint><x4>3.006408E-01</x4><x5>1.641817E-01</x5><x6>1.677984E+01</x6></dataPoint>
        <dataPoint><x4>3.010503E-01</x4><x5>1.537567E-01</x5><x6>1.842778E+01</x6></dataPoint>
        <dataPoint><x4>3.012604E-01</x4><x5>1.484159E-01</x5><x6>1.938055E+01</x6></dataPoint>
        <dataPoint><x4>3.016287E-01</x4><x5>1.395723E-01</x5><x6>2.115226E+01</x6></dataPoint>
        <dataPoint><x4>3.019645E-01</x4><x5>1.314943E-01</x5><x6>2.302275E+01</x6></dataPoint>
        <dataPoint><x4>3.023886E-01</x4><x5>1.213166E-01</x5><x6>2.580944E+01</x6></dataPoint>
        <dataPoint><x4>3.028281E-01</x4><x5>1.109939E-01</x5><x6>2.926943E+01</x6></dataPoint>
        <dataPoint><x4>3.031746E-01</x4><x5>1.032431E-01</x5><x6>3.241753E+01</x6></dataPoint>
        <dataPoint><x4>3.035755E-01</x4><x5>9.490741E-02</x5><x6>3.649664E+01</x6></dataPoint>
        <dataPoint><x4>3.039810E-01</x4><x5>8.717648E-02</x5><x6>4.112199E+01</x6></dataPoint>
        <dataPoint><x4>3.043445E-01</x4><x5>8.167089E-02</x5><x6>4.505833E+01</x6></dataPoint>
        <dataPoint><x4>3.046462E-01</x4><x5>7.833269E-02</x5><x6>4.776764E+01</x6></dataPoint>
        <dataPoint><x4>3.049632E-01</x4><x5>7.576245E-02</x5><x6>5.004780E+01</x6></dataPoint>
        <dataPoint><x4>3.052440E-01</x4><x5>7.371518E-02</x5><x6>5.199959E+01</x6></dataPoint>
        <dataPoint><x4>3.056184E-01</x4><x5>7.100960E-02</x5><x6>5.478481E+01</x6></dataPoint>
        <dataPoint><x4>3.060765E-01</x4><x5>6.796353E-02</x5><x6>5.823732E+01</x6></dataPoint>
        <dataPoint><x4>3.063882E-01</x4><x5>6.679467E-02</x5><x6>5.966163E+01</x6></dataPoint>
        <dataPoint><x4>3.067741E-01</x4><x5>6.628913E-02</x5><x6>6.029610E+01</x6></dataPoint>
        <dataPoint><x4>3.071296E-01</x4><x5>6.627027E-02</x5><x6>6.032000E+01</x6></dataPoint>
        <dataPoint><x4>3.121296E-01</x4><x5>6.862757E-02</x5><x6>5.745370E+01</x6></dataPoint>
        <dataPoint><x4>3.171296E-01</x4><x5>7.026244E-02</x5><x6>5.559889E+01</x6></dataPoint>
        <dataPoint><x4>3.221296E-01</x4><x5>7.127651E-02</x5><x6>5.449889E+01</x6></dataPoint>
        <dataPoint><x4>3.271296E-01</x4><x5>7.189449E-02</x5><x6>5.384653E+01</x6></dataPoint>
        <dataPoint><x4>3.321296E-01</x4><x5>7.226703E-02</x5><x6>5.345964E+01</x6></dataPoint>
        <dataPoint><x4>3.371296E-01</x4><x5>7.249013E-02</x5><x6>5.323019E+01</x6></dataPoint>
        <dataPoint><x4>3.421296E-01</x4><x5>7.262322E-02</x5><x6>5.309412E+01</x6></dataPoint>
        <dataPoint><x4>3.471296E-01</x4><x5>7.270242E-02</x5><x6>5.301342E+01</x6></dataPoint>
        <dataPoint><x4>3.521296E-01</x4><x5>7.274949E-02</x5><x6>5.296556E+01</x6></dataPoint>
        <dataPoint><x4>3.571296E-01</x4><x5>7.277744E-02</x5><x6>5.293717E+01</x6></dataPoint>
    </dataGroup>
    <dataGroup id="dg2" label="V-t history" dataPointLink="6">
        <property name="time"      id="x4"   label="t"            sourcetype="calculated"  units="s"   />
        <property name="volume"    id="x5"   label="V"            sourcetype="calculated"  units="cm3" />
        <property name="pressure"  id="x6"   label="p"            sourcetype="estimated"   units="bar"  kind="reactive" />

        <dataPoint><x4>0.000000E+00</x4><x5>1.000000E+00</x5><x6>1.005800E+00</x6></dataPoint>
        <dataPoint><x4>1.000000E-01</x4><x5>1.000000E+00</x5><x6>1.005800E+00</x6></dataPoint>
        <dataPoint><x4>2.700000E-01</x4><x5>7.890762E-01</x5><x6>1.427923E+00</x6></dataPoint>
        <dataPoint><x4>2.711676E-01</x4><x5>7.816318E-01</x5><x6>1.448055E+00</x6></dataPoint>
        <dataPoint><x4>2.737095E-01</x4><x5>7.846767E-01</x5><x6>1.439763E+00</x6></dataPoint>
        <dataPoint><x4>2.852241E-01</x4><x5>7.586209E-01</x5><x6>1.513377E+00</x6></dataPoint>
        <dataPoint><x4>2.921619E-01</x4><x5>7.332733E-01</x5><x6>1.591220E+00</x6></dataPoint>
        <dataPoint><x4>2.975993E-01</x4><x5>6.450465E-01</x5><x6>1.922241E+00</x6></dataPoint>
        <dataPoint><x4>2.993370E-01</x4><x5>6.198249E-01</x5><x6>2.038509E+00</x6></dataPoint>
        <dataPoint><x4>3.033393E-01</x4><x5>5.345142E-01</x5><x6>2.534327E+00</x6></dataPoint>
        <dataPoint><x4>3.060590E-01</x4><x5>4.720914E-01</x5><x6>3.040726E+00</x6></dataPoint>
        <dataPoint><x4>3.077901E-01</x4><x5>4.362183E-01</x5><x6>3.413766E+00</x6></dataPoint>
        <dataPoint><x4>3.115640E-01</x4><x5>3.393143E-01</x5><x6>4.925801E+00</x6></dataPoint>
        <dataPoint><x4>3.126319E-01</x4><x5>3.081791E-01</x5><x6>5.665854E+00</x6></dataPoint>
        <dataPoint><x4>3.130169E-01</x4><x5>2.975938E-01</x5><x6>5.960852E+00</x6></dataPoint>
        <dataPoint><x4>3.132435E-01</x4><x5>2.937797E-01</x5><x6>6.073503E+00</x6></dataPoint>
        <dataPoint><x4>3.149477E-01</x4><x5>2.491268E-01</x5><x6>7.711566E+00</x6></dataPoint>
        <dataPoint><x4>3.152027E-01</x4><x5>2.405852E-01</x5><x6>8.110240E+00</x6></dataPoint>
        <dataPoint><x4>3.165267E-01</x4><x5>2.096789E-01</x5><x6>9.888250E+00</x6></dataPoint>
        <dataPoint><x4>3.175953E-01</x4><x5>1.835452E-01</x5><x6>1.197188E+01</x6></dataPoint>
        <dataPoint><x4>3.178575E-01</x4><x5>1.767325E-01</x5><x6>1.263870E+01</x6></dataPoint>
        <dataPoint><x4>3.182229E-01</x4><x5>1.663948E-01</x5><x6>1.377725E+01</x6></dataPoint>
        <dataPoint><x4>3.184498E-01</x4><x5>1.618445E-01</x5><x6>1.433418E+01</x6></dataPoint>
        <dataPoint><x4>3.191893E-01</x4><x5>1.432685E-01</x5><x6>1.705619E+01</x6></dataPoint>
        <dataPoint><x4>3.195971E-01</x4><x5>1.332278E-01</x5><x6>1.891277E+01</x6></dataPoint>
        <dataPoint><x4>3.198077E-01</x4><x5>1.285822E-01</x5><x6>1.989015E+01</x6></dataPoint>
        <dataPoint><x4>3.200180E-01</x4><x5>1.233704E-01</x5><x6>2.109213E+01</x6></dataPoint>
        <dataPoint><x4>3.202088E-01</x4><x5>1.190872E-01</x5><x6>2.217465E+01</x6></dataPoint>
        <dataPoint><x4>3.204139E-01</x4><x5>1.141175E-01</x5><x6>2.355306E+01</x6></dataPoint>
        <dataPoint><x4>3.208017E-01</x4><x5>1.050906E-01</x5><x6>2.645954E+01</x6></dataPoint>
        <dataPoint><x4>3.210079E-01</x4><x5>1.004530E-01</x5><x6>2.819724E+01</x6></dataPoint>
        <dataPoint><x4>3.212054E-01</x4><x5>9.633606E-02</x5><x6>2.990792E+01</x6></dataPoint>
        <dataPoint><x4>3.219924E-01</x4><x5>8.222096E-02</x5><x6>3.735465E+01</x6></dataPoint>
        <dataPoint><x4>3.222108E-01</x4><x5>7.968674E-02</x5><x6>3.902771E+01</x6></dataPoint>
        <dataPoint><x4>3.224175E-01</x4><x5>7.770961E-02</x5><x6>4.042328E+01</x6></dataPoint>
        <dataPoint><x4>3.227970E-01</x4><x5>7.461061E-02</x5><x6>4.278829E+01</x6></dataPoint>
        <dataPoint><x4>3.229944E-01</x4><x5>7.309263E-02</x5><x6>4.403389E+01</x6></dataPoint>
        <dataPoint><x4>3.233932E-01</x4><x5>7.015540E-02</x5><x6>4.662654E+01</x6></dataPoint>
        <dataPoint><x4>3.236078E-01</x4><x5>6.866130E-02</x5><x6>4.804669E+01</x6></dataPoint>
        <dataPoint><x4>3.238008E-01</x4><x5>6.763691E-02</x5><x6>4.906345E+01</x6></dataPoint>
        <dataPoint><x4>3.239987E-01</x4><x5>6.704708E-02</x5><x6>4.966562E+01</x6></dataPoint>
        <dataPoint><x4>3.243666E-01</x4><x5>6.681104E-02</x5><x6>4.991011E+01</x6></dataPoint>
        <dataPoint><x4>3.244067E-01</x4><x5>6.678233E-02</x5><x6>4.994000E+01</x6></dataPoint>
        <dataPoint><x4>3.294067E-01</x4><x5>6.967670E-02</x5><x6>4.707370E+01</x6></dataPoint>
        <dataPoint><x4>3.344067E-01</x4><x5>7.171465E-02</x5><x6>4.521889E+01</x6></dataPoint>
        <dataPoint><x4>3.394067E-01</x4><x5>7.299170E-02</x5><x6>4.411889E+01</x6></dataPoint>
        <dataPoint><x4>3.444067E-01</x4><x5>7.377490E-02</x5><x6>4.346653E+01</x6></dataPoint>
        <dataPoint><x4>3.494067E-01</x4><x5>7.424888E-02</x5><x6>4.307964E+01</x6></dataPoint>
        <dataPoint><x4>3.544067E-01</x4><x5>7.453341E-02</x5><x6>4.285019E+01</x6></dataPoint>
        <dataPoint><x4>3.594067E-01</x4><x5>7.470337E-02</x5><x6>4.271412E+01</x6></dataPoint>
        <dataPoint><x4>3.644067E-01</x4><x5>7.480461E-02</x5><x6>4.263342E+01</x6></dataPoint>
        <dataPoint><x4>3.694067E-01</x4><x5>7.486480E-02</x5><x6>4.258556E+01</x6></dataPoint>
        <dataPoint><x4>3.744067E-01</x4><x5>7.490055E-02</x5><x6>4.255717E+01</x6></dataPoint>
    </dataGroup>
    <dataGroup id="dg2" label="V-t history" dataPointLink="7">
        <property name="time"      id="x4"   label="t"            sourcetype="calculated"  units="s"   />
        <property name="volume"    id="x5"   label="V"            sourcetype="calculated"  units="cm3" />
        <property name="pressure"  id="x6"   label="p"            sourcetype="estimated"   units="bar"  kind="reactive" />

        <dataPoint><x4>0.000000E+00</x4><x5>1.000000E+00</x5><x6>8.112000E-01</x6></dataPoint>
        <dataPoint><x4>1.000000E-01</x4><x5>1.000000E+00</x5><x6>8.112000E-01</x6></dataPoint>
        <dataPoint><x4>2.700000E-01</x4><x5>7.850964E-01</x5><x6>1.160258E+00</x6></dataPoint>
        <dataPoint><x4>2.837113E-01</x4><x5>7.619684E-01</x5><x6>1.212633E+00</x6></dataPoint>
        <dataPoint><x4>2.916211E-01</x4><x5>6.682427E-01</x5><x6>1.471645E+00</x6></dataPoint>
        <dataPoint><x4>2.933123E-01</x4><x5>6.319563E-01</x5><x6>1.597778E+00</x6></dataPoint>
        <dataPoint><x4>2.958582E-01</x4><x5>5.807291E-01</x5><x6>1.809395E+00</x6></dataPoint>
        <dataPoint><x4>2.961618E-01</x4><x5>5.695875E-01</x5><x6>1.861666E+00</x6></dataPoint>
        <dataPoint><x4>2.961632E-01</x4><x5>5.670602E-01</x5><x6>1.873874E+00</x6></dataPoint>
        <dataPoint><x4>2.989764E-01</x4><x5>5.096143E-01</x5><x6>2.192094E+00</x6></dataPoint>
        <dataPoint><x4>3.032593E-01</x4><x5>4.134661E-01</x5><x6>2.977347E+00</x6></dataPoint>
        <dataPoint><x4>3.040279E-01</x4><x5>3.852960E-01</x5><x6>3.300566E+00</x6></dataPoint>
        <dataPoint><x4>3.044432E-01</x4><x5>3.758054E-01</x5><x6>3.422892E+00</x6></dataPoint>
        <dataPoint><x4>3.045491E-01</x4><x5>3.757364E-01</x5><x6>3.423809E+00</x6></dataPoint>
        <dataPoint><x4>3.057542E-01</x4><x5>3.489053E-01</x5><x6>3.814266E+00</x6></dataPoint>
        <dataPoint><x4>3.081873E-01</x4><x5>2.853488E-01</x5><x6>5.108963E+00</x6></dataPoint>
        <dataPoint><x4>3.085046E-01</x4><x5>2.766036E-01</x5><x6>5.344750E+00</x6></dataPoint>
        <dataPoint><x4>3.100628E-01</x4><x5>2.371485E-01</x5><x6>6.677145E+00</x6></dataPoint>
        <dataPoint><x4>3.108569E-01</x4><x5>2.173006E-01</x5><x6>7.573951E+00</x6></dataPoint>
        <dataPoint><x4>3.116119E-01</x4><x5>2.002470E-01</x5><x6>8.518965E+00</x6></dataPoint>
        <dataPoint><x4>3.118090E-01</x4><x5>1.943060E-01</x5><x6>8.895610E+00</x6></dataPoint>
        <dataPoint><x4>3.120107E-01</x4><x5>1.903212E-01</x5><x6>9.164175E+00</x6></dataPoint>
        <dataPoint><x4>3.123041E-01</x4><x5>1.826393E-01</x5><x6>9.722007E+00</x6></dataPoint>
        <dataPoint><x4>3.125755E-01</x4><x5>1.765094E-01</x5><x6>1.020935E+01</x6></dataPoint>
        <dataPoint><x4>3.134826E-01</x4><x5>1.542109E-01</x5><x6>1.238305E+01</x6></dataPoint>
        <dataPoint><x4>3.138641E-01</x4><x5>1.442540E-01</x5><x6>1.361869E+01</x6></dataPoint>
        <dataPoint><x4>3.139847E-01</x4><x5>1.415176E-01</x5><x6>1.399501E+01</x6></dataPoint>
        <dataPoint><x4>3.143944E-01</x4><x5>1.312469E-01</x5><x6>1.557677E+01</x6></dataPoint>
        <dataPoint><x4>3.146172E-01</x4><x5>1.261153E-01</x5><x6>1.648359E+01</x6></dataPoint>
        <dataPoint><x4>3.150194E-01</x4><x5>1.164364E-01</x5><x6>1.845711E+01</x6></dataPoint>
        <dataPoint><x4>3.151856E-01</x4><x5>1.126008E-01</x5><x6>1.935219E+01</x6></dataPoint>
        <dataPoint><x4>3.156050E-01</x4><x5>1.027166E-01</x5><x6>2.203091E+01</x6></dataPoint>
        <dataPoint><x4>3.158214E-01</x4><x5>9.775643E-02</x5><x6>2.362105E+01</x6></dataPoint>
        <dataPoint><x4>3.161901E-01</x4><x5>9.014576E-02</x5><x6>2.647077E+01</x6></dataPoint>
        <dataPoint><x4>3.164168E-01</x4><x5>8.583566E-02</x5><x6>2.835381E+01</x6></dataPoint>
        <dataPoint><x4>3.166150E-01</x4><x5>8.274783E-02</x5><x6>2.984705E+01</x6></dataPoint>
        <dataPoint><x4>3.168099E-01</x4><x5>8.027730E-02</x5><x6>3.114048E+01</x6></dataPoint>
        <dataPoint><x4>3.172299E-01</x4><x5>7.625533E-02</x5><x6>3.346048E+01</x6></dataPoint>
        <dataPoint><x4>3.174188E-01</x4><x5>7.467366E-02</x5><x6>3.445445E+01</x6></dataPoint>
        <dataPoint><x4>3.176301E-01</x4><x5>7.284508E-02</x5><x6>3.566759E+01</x6></dataPoint>
        <dataPoint><x4>3.181567E-01</x4><x5>6.880587E-02</x5><x6>3.862041E+01</x6></dataPoint>
        <dataPoint><x4>3.184081E-01</x4><x5>6.749900E-02</x5><x6>3.966591E+01</x6></dataPoint>
        <dataPoint><x4>3.187674E-01</x4><x5>6.700947E-02</x5><x6>4.007000E+01</x6></dataPoint>
        <dataPoint><x4>3.237674E-01</x4><x5>7.067583E-02</x5><x6>3.720370E+01</x6></dataPoint>
        <dataPoint><x4>3.287674E-01</x4><x5>7.331513E-02</x5><x6>3.534889E+01</x6></dataPoint>
        <dataPoint><x4>3.337674E-01</x4><x5>7.499436E-02</x5><x6>3.424889E+01</x6></dataPoint>
        <dataPoint><x4>3.387674E-01</x4><x5>7.603416E-02</x5><x6>3.359653E+01</x6></dataPoint>
        <dataPoint><x4>3.437674E-01</x4><x5>7.666715E-02</x5><x6>3.320964E+01</x6></dataPoint>
        <dataPoint><x4>3.487674E-01</x4><x5>7.704850E-02</x5><x6>3.298019E+01</x6></dataPoint>
        <dataPoint><x4>3.537674E-01</x4><x5>7.727679E-02</x5><x6>3.284412E+01</x6></dataPoint>
        <dataPoint><x4>3.587674E-01</x4><x5>7.741294E-02</x5><x6>3.276342E+01</x6></dataPoint>
        <dataPoint><x4>3.637674E-01</x4><x5>7.749395E-02</x5><x6>3.271556E+01</x6></dataPoint>
        <dataPoint><x4>3.687674E-01</x4><x5>7.754209E-02</x5><x6>3.268717E+01</x6></dataPoint>
    </dataGroup>
</experiment>
