<experiment>
    <fileAuthor>Chemical Kinetics Laboratory, Institute of Chemistry, ELTE, Budapest, Hungary</fileAuthor>
    <fileDOI>10.24388/x40004031</fileDOI>
    <fileVersion>
        <major>2</major>
        <minor>3</minor>
    </fileVersion>
    <ReSpecThVersion>
        <major>2</major>
        <minor>3</minor>
    </ReSpecThVersion>
    <firstPublicationDate>2020-09-08</firstPublicationDate>
    <lastModificationDate>2020-11-18</lastModificationDate>
    <bibliographyLink>
        <description>A. Ramalingam, K. Zhang, A. Dhongde, L. Virnich, H. Sankhla, H. Curran, A. Heufer, Fuel 206 (2017) 325–333.</description>
        <referenceDOI>10.1016/j.fuel.2017.06.005</referenceDOI>
        <location>Main Article + Supplementary</location>
        <table>Table 1, Table S6, Table S8</table>
        <figure>Fig. 9, No. 6, Pc = 160 bar, phi = 1.0</figure>
        <details>
            <author>A. Ramalingam, K. Zhang, A. Dhongde, L. Virnich, H. Sankhla, H. Curran, A. Heufer</author>
            <journal>Fuel</journal>
            <pages>325–-333</pages>
            <title>An RCM experimental and modeling study on CH4 and CH4/C2H6 oxidation at pressures up to 160 bar</title>
            <volume>206</volume>
            <year>2017</year>
        </details>
    </bibliographyLink>
    <experimentType>ignition delay measurement</experimentType>
    <apparatus>
        <kind>rapid compression machine</kind>
    </apparatus>
    <commonProperties>
        <property name="initial composition"           sourcetype="calculated" >
            <component><speciesLink preferredKey="CH4"  CAS="74-82-8"    InChI="1S/CH4/h1H4"  SMILES="C"     chemName="methane"  /><amount units="mole fraction" >0.066346</amount></component>
            <component><speciesLink preferredKey="O2"   CAS="7782-44-7"  InChI="1S/O2/c1-2"   SMILES="O=O"   chemName="oxygen"   /><amount units="mole fraction" >0.133093</amount></component>
            <component><speciesLink preferredKey="N2"   CAS="7727-37-9"  InChI="1S/N2/c1-2"   SMILES="N#N"   chemName="nitrogen" /><amount units="mole fraction" >0.620434</amount></component>
            <component><speciesLink preferredKey="Ar"   CAS="7440-37-1"  InChI="1S/Ar"        SMILES="[Ar]"  chemName="argon"    /><amount units="mole fraction" >0.180126</amount></component>
        </property>
        <property name="evaluated standard deviation"  sourcetype="estimated"   units="unitless"       reference="ignition delay"  kind="relative"  method="generic uncertainty" ><value>0.1</value></property>
    </commonProperties>
    <dataGroup id="dg1" label="measured data">
        <property name="pressure"        id="x1"   label="P"              sourcetype="reported"  units="atm" />
        <property name="temperature"     id="x2"   label="T"              sourcetype="reported"  units="K"   />
        <property name="ignition delay"  id="x3"   label="tau"            sourcetype="reported"  units="ms"  />

        <dataPoint><x1>3.020</x1><x2>296.90</x2><x3>28.77</x3></dataPoint>
        <dataPoint><x1>3.020</x1><x2>296.90</x2><x3>28.24</x3></dataPoint>
    </dataGroup>
    <ignitionType target="p;" type="d/dt max"/>
    <dataGroup id="dg2" label="V-t history" dataPointLink="all">
        <property name="time"    id="x4"   label="t"            sourcetype="calculated"  units="s"   />
        <property name="volume"  id="x5"   label="V"            sourcetype="calculated"  units="cm3" />

        <dataPoint><x4>0.000000E+00</x4><x5>1.000000E+00</x5></dataPoint>
        <dataPoint><x4>2.136800E-03</x4><x5>9.153116E-01</x5></dataPoint>
        <dataPoint><x4>3.657560E-03</x4><x5>8.137596E-01</x5></dataPoint>
        <dataPoint><x4>4.211860E-03</x4><x5>7.655787E-01</x5></dataPoint>
        <dataPoint><x4>5.987680E-03</x4><x5>6.149679E-01</x5></dataPoint>
        <dataPoint><x4>6.893060E-03</x4><x5>5.360355E-01</x5></dataPoint>
        <dataPoint><x4>8.167830E-03</x4><x5>4.202611E-01</x5></dataPoint>
        <dataPoint><x4>9.343790E-03</x4><x5>3.166923E-01</x5></dataPoint>
        <dataPoint><x4>1.069818E-02</x4><x5>2.015629E-01</x5></dataPoint>
        <dataPoint><x4>1.174749E-02</x4><x5>1.180541E-01</x5></dataPoint>
        <dataPoint><x4>1.386624E-02</x4><x5>5.946526E-02</x5></dataPoint>
        <dataPoint><x4>1.444320E-02</x4><x5>5.840134E-02</x5></dataPoint>
        <dataPoint><x4>1.519134E-02</x4><x5>5.810936E-02</x5></dataPoint>
        <dataPoint><x4>1.979356E-02</x4><x5>6.054597E-02</x5></dataPoint>
        <dataPoint><x4>2.274044E-02</x4><x5>6.172881E-02</x5></dataPoint>
        <dataPoint><x4>2.817201E-02</x4><x5>6.342666E-02</x5></dataPoint>
        <dataPoint><x4>3.174509E-02</x4><x5>6.441350E-02</x5></dataPoint>
        <dataPoint><x4>3.613275E-02</x4><x5>6.543762E-02</x5></dataPoint>
        <dataPoint><x4>4.283458E-02</x4><x5>6.681038E-02</x5></dataPoint>
        <dataPoint><x4>5.280218E-02</x4><x5>6.844749E-02</x5></dataPoint>
        <dataPoint><x4>6.330048E-02</x4><x5>6.987477E-02</x5></dataPoint>
        <dataPoint><x4>7.436028E-02</x4><x5>7.116162E-02</x5></dataPoint>
        <dataPoint><x4>8.648688E-02</x4><x5>7.238798E-02</x5></dataPoint>
        <dataPoint><x4>9.889628E-02</x4><x5>7.349300E-02</x5></dataPoint>
        <dataPoint><x4>1.172248E-01</x4><x5>7.493701E-02</x5></dataPoint>
        <dataPoint><x4>1.400150E-01</x4><x5>7.654851E-02</x5></dataPoint>
        <dataPoint><x4>1.624114E-01</x4><x5>7.797636E-02</x5></dataPoint>
        <dataPoint><x4>1.828038E-01</x4><x5>7.921898E-02</x5></dataPoint>
        <dataPoint><x4>1.828867E-01</x4><x5>7.921264E-02</x5></dataPoint>
    </dataGroup>
</experiment>
