<experiment>
    <fileAuthor>Chemical Kinetics Laboratory, Institute of Chemistry, ELTE, Budapest, Hungary</fileAuthor>
    <fileDOI>10.24388/x40004064</fileDOI>
    <fileVersion>
        <major>2</major>
        <minor>3</minor>
    </fileVersion>
    <ReSpecThVersion>
        <major>2</major>
        <minor>3</minor>
    </ReSpecThVersion>
    <firstPublicationDate>2020-09-08</firstPublicationDate>
    <lastModificationDate>2020-11-18</lastModificationDate>
    <bibliographyLink>
        <description>C. Liu, H. Song, P. Zhang, Z. Wang, M. S. Wooldridgec, X. He, G. Suo, Combustion and Flame 188 (2018), 150–161.</description>
        <referenceDOI>10.1016/j.combustflame.2017.09.031</referenceDOI>
        <location>Main Article + Supplementary</location>
        <table>Table S1</table>
        <figure>Fig.5, blue triangle, CH4/CO, phi = 1.0</figure>
        <details>
            <author>C. Liu, H. Song, P. Zhang, Z. Wang, M. S. Wooldridgec, X. He, G. Suo</author>
            <journal>Combust Flame</journal>
            <pages>150–-161</pages>
            <title>A rapid compression machine study of autoignition, spark-ignition and flame propagation characteristics of H2/CH4/CO/air mixtures</title>
            <volume>188</volume>
            <year>2018</year>
        </details>
    </bibliographyLink>
    <experimentType>ignition delay measurement</experimentType>
    <apparatus>
        <kind>rapid compression machine</kind>
    </apparatus>
    <commonProperties>
        <property name="initial composition"  sourcetype="calculated" >
            <component><speciesLink preferredKey="CH4"  CAS="74-82-8"    InChI="1S/CH4/h1H4"  SMILES="C"          chemName="methane"         /><amount units="mole fraction" >0.087989</amount></component>
            <component><speciesLink preferredKey="H2"   CAS="1333-74-0"  InChI="1S/H2/h1H"    SMILES="[HH]"       chemName="hydrogen"        /><amount units="mole fraction" >0</amount></component>
            <component><speciesLink preferredKey="CO"   CAS="630-08-0"   InChI="1S/CO/c1-2"   SMILES="[C-]#[O+]"  chemName="carbon monoxide" /><amount units="mole fraction" >0.021997</amount></component>
            <component><speciesLink preferredKey="O2"   CAS="7782-44-7"  InChI="1S/O2/c1-2"   SMILES="O=O"        chemName="oxygen"          /><amount units="mole fraction" >0.186978</amount></component>
            <component><speciesLink preferredKey="Ar"   CAS="7440-37-1"  InChI="1S/Ar"        SMILES="[Ar]"       chemName="argon"           /><amount units="mole fraction" >0.703036</amount></component>
        </property>
    </commonProperties>
    <dataGroup id="dg1" label="measured data">
        <property name="pressure"                      id="x1"   label="P"              sourcetype="calculated"  units="bar"      />
        <property name="temperature"                   id="x2"   label="T"              sourcetype="calculated"  units="K"        />
        <property name="ignition delay"                id="x3"   label="tau"            sourcetype="reported"    units="ms"       />
        <property name="evaluated standard deviation"  id="x4"   sourcetype="estimated"   units="unitless"  reference="ignition delay"  kind="relative"  method="statistical scatter" />

        <dataPoint><x1>0.5815</x1><x2>282.25</x2><x3>116.8</x3><x4>0.105</x4></dataPoint>
        <dataPoint><x1>0.6238</x1><x2>286.38</x2> <x3>90.6</x3> <x4>0.12</x4></dataPoint>
        <dataPoint><x1>0.6092</x1><x2>285.75</x2> <x3>93.9</x3><x4>0.118</x4></dataPoint>
        <dataPoint><x1>0.4990</x1><x2>289.22</x2> <x3>47.9</x3> <x4>0.13</x4></dataPoint>
        <dataPoint><x1>0.5239</x1><x2>290.43</x2> <x3>42.4</x3>  <x4>0.1</x4></dataPoint>
        <dataPoint><x1>0.4629</x1><x2>296.61</x2> <x3>19.9</x3>  <x4>0.1</x4></dataPoint>
        <dataPoint><x1>0.4631</x1><x2>296.61</x2> <x3>19.9</x3>  <x4>0.1</x4></dataPoint>
        <dataPoint><x1>0.4051</x1><x2>296.81</x2> <x3>14.5</x3>  <x4>0.1</x4></dataPoint>
        <dataPoint><x1>0.3560</x1><x2>294.40</x2> <x3>11.1</x3><x4>0.102</x4></dataPoint>
        <dataPoint><x1>0.3517</x1><x2>292.67</x2> <x3>11.4</x3>  <x4>0.1</x4></dataPoint>
    </dataGroup>
    <ignitionType target="p;" type="d/dt max"/>
    <comment>The initial temperature and pressure were deduced backward from the nominal Tc and Pc showed in original article, the averaged adjustment amount of initial temeperature and pressure are 2.41% and 8.59%, the gaps between nominal Tc / Pc and calculated Tc / Pc (GRI_III mech) are within 0.96K / 0.02bar</comment>
    <dataGroup id="dg2" label="V-t history" dataPointLink="1;2;3">
        <property name="time"    id="x4"   label="t"            sourcetype="calculated"  units="ms"  />
        <property name="volume"  id="x5"   label="V"            sourcetype="calculated"  units="cm3" />

        <dataPoint><x4>0.000000E+00</x4><x5>1.000000E+00</x5></dataPoint>
        <dataPoint><x4>3.573806E+00</x4><x5>9.997525E-01</x5></dataPoint>
        <dataPoint><x4>5.599001E+00</x4><x5>9.980772E-01</x5></dataPoint>
        <dataPoint><x4>8.701155E+00</x4><x5>9.819569E-01</x5></dataPoint>
        <dataPoint><x4>1.002903E+01</x4><x5>9.680446E-01</x5></dataPoint>
        <dataPoint><x4>1.097439E+01</x4><x5>9.605460E-01</x5></dataPoint>
        <dataPoint><x4>1.304665E+01</x4><x5>9.270709E-01</x5></dataPoint>
        <dataPoint><x4>1.480790E+01</x4><x5>8.952139E-01</x5></dataPoint>
        <dataPoint><x4>1.828029E+01</x4><x5>8.207206E-01</x5></dataPoint>
        <dataPoint><x4>2.357149E+01</x4><x5>6.761089E-01</x5></dataPoint>
        <dataPoint><x4>2.800042E+01</x4><x5>5.211087E-01</x5></dataPoint>
        <dataPoint><x4>2.905952E+01</x4><x5>4.800554E-01</x5></dataPoint>
        <dataPoint><x4>3.045615E+01</x4><x5>4.287455E-01</x5></dataPoint>
        <dataPoint><x4>3.395549E+01</x4><x5>2.878415E-01</x5></dataPoint>
        <dataPoint><x4>3.794307E+01</x4><x5>1.194432E-01</x5></dataPoint>
        <dataPoint><x4>3.868973E+01</x4><x5>1.036471E-01</x5></dataPoint>
        <dataPoint><x4>4.030000E+01</x4><x5>9.374471E-02</x5></dataPoint>
        <dataPoint><x4>4.067086E+01</x4><x5>9.416577E-02</x5></dataPoint>
        <dataPoint><x4>4.120985E+01</x4><x5>9.382838E-02</x5></dataPoint>
        <dataPoint><x4>4.140532E+01</x4><x5>9.401208E-02</x5></dataPoint>
        <dataPoint><x4>4.151369E+01</x4><x5>9.396479E-02</x5></dataPoint>
        <dataPoint><x4>4.210003E+01</x4><x5>9.428652E-02</x5></dataPoint>
        <dataPoint><x4>4.374344E+01</x4><x5>9.545275E-02</x5></dataPoint>
        <dataPoint><x4>4.422221E+01</x4><x5>9.564356E-02</x5></dataPoint>
        <dataPoint><x4>4.715487E+01</x4><x5>9.720718E-02</x5></dataPoint>
        <dataPoint><x4>4.748496E+01</x4><x5>9.730860E-02</x5></dataPoint>
        <dataPoint><x4>5.302609E+01</x4><x5>9.987626E-02</x5></dataPoint>
        <dataPoint><x4>5.683880E+01</x4><x5>1.012661E-01</x5></dataPoint>
        <dataPoint><x4>5.996426E+01</x4><x5>1.021320E-01</x5></dataPoint>
        <dataPoint><x4>6.437675E+01</x4><x5>1.032692E-01</x5></dataPoint>
        <dataPoint><x4>7.298603E+01</x4><x5>1.050026E-01</x5></dataPoint>
        <dataPoint><x4>8.204447E+01</x4><x5>1.064757E-01</x5></dataPoint>
        <dataPoint><x4>8.338252E+01</x4><x5>1.066608E-01</x5></dataPoint>
        <dataPoint><x4>9.512263E+01</x4><x5>1.082048E-01</x5></dataPoint>
        <dataPoint><x4>9.921582E+01</x4><x5>1.086723E-01</x5></dataPoint>
        <dataPoint><x4>1.022099E+02</x4><x5>1.090899E-01</x5></dataPoint>
        <dataPoint><x4>1.268745E+02</x4><x5>1.116213E-01</x5></dataPoint>
        <dataPoint><x4>1.291746E+02</x4><x5>1.117738E-01</x5></dataPoint>
        <dataPoint><x4>1.419416E+02</x4><x5>1.129219E-01</x5></dataPoint>
        <dataPoint><x4>1.745959E+02</x4><x5>1.154110E-01</x5></dataPoint>
        <dataPoint><x4>2.139975E+02</x4><x5>1.179640E-01</x5></dataPoint>
        <dataPoint><x4>2.500000E+02</x4><x5>1.200490E-01</x5></dataPoint>
    </dataGroup>
    <dataGroup id="dg2" label="V-t history" dataPointLink="4;5">
        <property name="time"    id="x4"   label="t"            sourcetype="calculated"  units="ms"  />
        <property name="volume"  id="x5"   label="V"            sourcetype="calculated"  units="cm3" />

        <dataPoint><x4>0.000000E+00</x4><x5>1.000000E+00</x5></dataPoint>
        <dataPoint><x4>4.904658E+00</x4><x5>9.993589E-01</x5></dataPoint>
        <dataPoint><x4>7.028167E+00</x4><x5>9.939040E-01</x5></dataPoint>
        <dataPoint><x4>1.104939E+01</x4><x5>9.586048E-01</x5></dataPoint>
        <dataPoint><x4>1.660920E+01</x4><x5>8.531523E-01</x5></dataPoint>
        <dataPoint><x4>2.100263E+01</x4><x5>7.461483E-01</x5></dataPoint>
        <dataPoint><x4>2.115374E+01</x4><x5>7.408125E-01</x5></dataPoint>
        <dataPoint><x4>2.200021E+01</x4><x5>7.109450E-01</x5></dataPoint>
        <dataPoint><x4>2.286809E+01</x4><x5>6.890225E-01</x5></dataPoint>
        <dataPoint><x4>2.509831E+01</x4><x5>6.177347E-01</x5></dataPoint>
        <dataPoint><x4>2.760759E+01</x4><x5>5.265598E-01</x5></dataPoint>
        <dataPoint><x4>3.059500E+01</x4><x5>4.127055E-01</x5></dataPoint>
        <dataPoint><x4>3.384879E+01</x4><x5>2.807247E-01</x5></dataPoint>
        <dataPoint><x4>3.545867E+01</x4><x5>2.123960E-01</x5></dataPoint>
        <dataPoint><x4>3.785442E+01</x4><x5>1.098877E-01</x5></dataPoint>
        <dataPoint><x4>3.873304E+01</x4><x5>9.266038E-02</x5></dataPoint>
        <dataPoint><x4>4.040000E+01</x4><x5>8.523311E-02</x5></dataPoint>
        <dataPoint><x4>4.135477E+01</x4><x5>8.553723E-02</x5></dataPoint>
        <dataPoint><x4>4.160163E+01</x4><x5>8.600293E-02</x5></dataPoint>
        <dataPoint><x4>4.202157E+01</x4><x5>8.612228E-02</x5></dataPoint>
        <dataPoint><x4>4.230647E+01</x4><x5>8.635607E-02</x5></dataPoint>
        <dataPoint><x4>4.239493E+01</x4><x5>8.653717E-02</x5></dataPoint>
        <dataPoint><x4>4.349987E+01</x4><x5>8.747841E-02</x5></dataPoint>
        <dataPoint><x4>4.620205E+01</x4><x5>8.901220E-02</x5></dataPoint>
        <dataPoint><x4>4.720000E+01</x4><x5>8.949623E-02</x5></dataPoint>
        <dataPoint><x4>5.280938E+01</x4><x5>9.179920E-02</x5></dataPoint>
        <dataPoint><x4>5.687606E+01</x4><x5>9.308083E-02</x5></dataPoint>
        <dataPoint><x4>6.434786E+01</x4><x5>9.490997E-02</x5></dataPoint>
        <dataPoint><x4>6.697900E+01</x4><x5>9.538738E-02</x5></dataPoint>
        <dataPoint><x4>7.020390E+01</x4><x5>9.610448E-02</x5></dataPoint>
        <dataPoint><x4>7.730716E+01</x4><x5>9.743207E-02</x5></dataPoint>
        <dataPoint><x4>7.987792E+01</x4><x5>9.781240E-02</x5></dataPoint>
        <dataPoint><x4>8.462619E+01</x4><x5>9.863782E-02</x5></dataPoint>
        <dataPoint><x4>8.597670E+01</x4><x5>9.877781E-02</x5></dataPoint>
        <dataPoint><x4>1.035951E+02</x4><x5>1.010959E-01</x5></dataPoint>
        <dataPoint><x4>1.080164E+02</x4><x5>1.016099E-01</x5></dataPoint>
        <dataPoint><x4>1.124501E+02</x4><x5>1.019183E-01</x5></dataPoint>
        <dataPoint><x4>1.235426E+02</x4><x5>1.032396E-01</x5></dataPoint>
        <dataPoint><x4>1.296414E+02</x4><x5>1.037069E-01</x5></dataPoint>
        <dataPoint><x4>1.468627E+02</x4><x5>1.052958E-01</x5></dataPoint>
        <dataPoint><x4>1.733656E+02</x4><x5>1.073859E-01</x5></dataPoint>
        <dataPoint><x4>2.087586E+02</x4><x5>1.097629E-01</x5></dataPoint>
        <dataPoint><x4>2.500000E+02</x4><x5>1.121951E-01</x5></dataPoint>
    </dataGroup>
    <dataGroup id="dg2" label="V-t history" dataPointLink="6;7">
        <property name="time"    id="x4"   label="t"            sourcetype="calculated"  units="ms"  />
        <property name="volume"  id="x5"   label="V"            sourcetype="calculated"  units="cm3" />

        <dataPoint><x4>0.000000E+00</x4><x5>1.000000E+00</x5></dataPoint>
        <dataPoint><x4>8.584064E+00</x4><x5>9.885238E-01</x5></dataPoint>
        <dataPoint><x4>1.001525E+01</x4><x5>9.640111E-01</x5></dataPoint>
        <dataPoint><x4>1.093166E+01</x4><x5>9.638888E-01</x5></dataPoint>
        <dataPoint><x4>1.717186E+01</x4><x5>8.412948E-01</x5></dataPoint>
        <dataPoint><x4>2.293369E+01</x4><x5>6.914922E-01</x5></dataPoint>
        <dataPoint><x4>2.774616E+01</x4><x5>5.246111E-01</x5></dataPoint>
        <dataPoint><x4>3.304220E+01</x4><x5>3.115442E-01</x5></dataPoint>
        <dataPoint><x4>3.785667E+01</x4><x5>1.028214E-01</x5></dataPoint>
        <dataPoint><x4>3.836156E+01</x4><x5>9.069233E-02</x5></dataPoint>
        <dataPoint><x4>3.865021E+01</x4><x5>8.638906E-02</x5></dataPoint>
        <dataPoint><x4>3.880973E+01</x4><x5>8.458529E-02</x5></dataPoint>
        <dataPoint><x4>3.907800E+01</x4><x5>8.282299E-02</x5></dataPoint>
        <dataPoint><x4>3.952399E+01</x4><x5>7.878227E-02</x5></dataPoint>
        <dataPoint><x4>3.969289E+01</x4><x5>7.805616E-02</x5></dataPoint>
        <dataPoint><x4>3.986029E+01</x4><x5>7.691637E-02</x5></dataPoint>
        <dataPoint><x4>4.120000E+01</x4><x5>7.618566E-02</x5></dataPoint>
        <dataPoint><x4>4.705105E+01</x4><x5>7.992330E-02</x5></dataPoint>
        <dataPoint><x4>4.798883E+01</x4><x5>8.032440E-02</x5></dataPoint>
        <dataPoint><x4>4.806474E+01</x4><x5>8.032286E-02</x5></dataPoint>
        <dataPoint><x4>4.925702E+01</x4><x5>8.093731E-02</x5></dataPoint>
        <dataPoint><x4>5.309689E+01</x4><x5>8.255417E-02</x5></dataPoint>
        <dataPoint><x4>5.418318E+01</x4><x5>8.296289E-02</x5></dataPoint>
        <dataPoint><x4>5.541051E+01</x4><x5>8.335901E-02</x5></dataPoint>
        <dataPoint><x4>6.007808E+01</x4><x5>8.463086E-02</x5></dataPoint>
        <dataPoint><x4>6.083042E+01</x4><x5>8.478830E-02</x5></dataPoint>
        <dataPoint><x4>6.414260E+01</x4><x5>8.562036E-02</x5></dataPoint>
        <dataPoint><x4>6.496930E+01</x4><x5>8.582775E-02</x5></dataPoint>
        <dataPoint><x4>6.684416E+01</x4><x5>8.617689E-02</x5></dataPoint>
        <dataPoint><x4>6.684630E+01</x4><x5>8.616451E-02</x5></dataPoint>
        <dataPoint><x4>7.315815E+01</x4><x5>8.748817E-02</x5></dataPoint>
        <dataPoint><x4>8.223528E+01</x4><x5>8.909038E-02</x5></dataPoint>
        <dataPoint><x4>9.387385E+01</x4><x5>9.078256E-02</x5></dataPoint>
        <dataPoint><x4>1.010490E+02</x4><x5>9.173098E-02</x5></dataPoint>
        <dataPoint><x4>1.035402E+02</x4><x5>9.216804E-02</x5></dataPoint>
        <dataPoint><x4>1.132755E+02</x4><x5>9.310751E-02</x5></dataPoint>
        <dataPoint><x4>1.250783E+02</x4><x5>9.456932E-02</x5></dataPoint>
        <dataPoint><x4>1.284483E+02</x4><x5>9.475990E-02</x5></dataPoint>
        <dataPoint><x4>1.459122E+02</x4><x5>9.657067E-02</x5></dataPoint>
        <dataPoint><x4>1.789647E+02</x4><x5>9.934246E-02</x5></dataPoint>
        <dataPoint><x4>2.021217E+02</x4><x5>1.009668E-01</x5></dataPoint>
        <dataPoint><x4>2.103301E+02</x4><x5>1.015700E-01</x5></dataPoint>
        <dataPoint><x4>2.500000E+02</x4><x5>1.040603E-01</x5></dataPoint>
    </dataGroup>
    <dataGroup id="dg2" label="V-t history" dataPointLink="8">
        <property name="time"    id="x4"   label="t"            sourcetype="calculated"  units="ms"  />
        <property name="volume"  id="x5"   label="V"            sourcetype="calculated"  units="cm3" />

        <dataPoint><x4>0.000000E+00</x4><x5>1.000000E+00</x5></dataPoint>
        <dataPoint><x4>3.014808E+00</x4><x5>9.948617E-01</x5></dataPoint>
        <dataPoint><x4>4.601005E+00</x4><x5>9.894862E-01</x5></dataPoint>
        <dataPoint><x4>6.187203E+00</x4><x5>9.869486E-01</x5></dataPoint>
        <dataPoint><x4>1.004103E+01</x4><x5>9.754880E-01</x5></dataPoint>
        <dataPoint><x4>1.206188E+01</x4><x5>9.453899E-01</x5></dataPoint>
        <dataPoint><x4>1.300269E+01</x4><x5>9.212383E-01</x5></dataPoint>
        <dataPoint><x4>1.408146E+01</x4><x5>9.007124E-01</x5></dataPoint>
        <dataPoint><x4>1.611573E+01</x4><x5>8.646155E-01</x5></dataPoint>
        <dataPoint><x4>2.117969E+01</x4><x5>7.383740E-01</x5></dataPoint>
        <dataPoint><x4>2.693356E+01</x4><x5>5.542784E-01</x5></dataPoint>
        <dataPoint><x4>3.069283E+01</x4><x5>4.048974E-01</x5></dataPoint>
        <dataPoint><x4>3.177934E+01</x4><x5>3.602827E-01</x5></dataPoint>
        <dataPoint><x4>3.413254E+01</x4><x5>2.616664E-01</x5></dataPoint>
        <dataPoint><x4>3.786230E+01</x4><x5>9.635783E-02</x5></dataPoint>
        <dataPoint><x4>3.864457E+01</x4><x5>7.909536E-02</x5></dataPoint>
        <dataPoint><x4>4.050000E+01</x4><x5>7.008261E-02</x5></dataPoint>
        <dataPoint><x4>4.059923E+01</x4><x5>7.047375E-02</x5></dataPoint>
        <dataPoint><x4>4.081637E+01</x4><x5>7.029975E-02</x5></dataPoint>
        <dataPoint><x4>4.100889E+01</x4><x5>7.047926E-02</x5></dataPoint>
        <dataPoint><x4>4.107802E+01</x4><x5>7.046258E-02</x5></dataPoint>
        <dataPoint><x4>4.128402E+01</x4><x5>7.027460E-02</x5></dataPoint>
        <dataPoint><x4>4.140054E+01</x4><x5>7.047190E-02</x5></dataPoint>
        <dataPoint><x4>4.148700E+01</x4><x5>7.046908E-02</x5></dataPoint>
        <dataPoint><x4>4.328008E+01</x4><x5>7.184859E-02</x5></dataPoint>
        <dataPoint><x4>4.338781E+01</x4><x5>7.187479E-02</x5></dataPoint>
        <dataPoint><x4>4.393096E+01</x4><x5>7.242600E-02</x5></dataPoint>
        <dataPoint><x4>4.423659E+01</x4><x5>7.251145E-02</x5></dataPoint>
        <dataPoint><x4>4.598841E+01</x4><x5>7.353891E-02</x5></dataPoint>
        <dataPoint><x4>4.728625E+01</x4><x5>7.415794E-02</x5></dataPoint>
        <dataPoint><x4>5.298912E+01</x4><x5>7.662310E-02</x5></dataPoint>
        <dataPoint><x4>5.419501E+01</x4><x5>7.703634E-02</x5></dataPoint>
        <dataPoint><x4>5.505763E+01</x4><x5>7.735071E-02</x5></dataPoint>
        <dataPoint><x4>5.675526E+01</x4><x5>7.788150E-02</x5></dataPoint>
        <dataPoint><x4>6.338397E+01</x4><x5>7.958150E-02</x5></dataPoint>
        <dataPoint><x4>6.814856E+01</x4><x5>8.064519E-02</x5></dataPoint>
        <dataPoint><x4>7.424668E+01</x4><x5>8.186254E-02</x5></dataPoint>
        <dataPoint><x4>8.377428E+01</x4><x5>8.343966E-02</x5></dataPoint>
        <dataPoint><x4>9.356592E+01</x4><x5>8.481282E-02</x5></dataPoint>
        <dataPoint><x4>1.064718E+02</x4><x5>8.651804E-02</x5></dataPoint>
        <dataPoint><x4>1.447519E+02</x4><x5>9.050629E-02</x5></dataPoint>
        <dataPoint><x4>1.907523E+02</x4><x5>9.418879E-02</x5></dataPoint>
        <dataPoint><x4>2.500000E+02</x4><x5>9.794051E-02</x5></dataPoint>
    </dataGroup>
    <dataGroup id="dg2" label="V-t history" dataPointLink="9;10">
        <property name="time"    id="x4"   label="t"            sourcetype="calculated"  units="ms"  />
        <property name="volume"  id="x5"   label="V"            sourcetype="calculated"  units="cm3" />

        <dataPoint><x4>0.000000E+00</x4><x5>1.000000E+00</x5></dataPoint>
        <dataPoint><x4>6.086225E-01</x4><x5>9.993512E-01</x5></dataPoint>
        <dataPoint><x4>5.538456E+00</x4><x5>9.870242E-01</x5></dataPoint>
        <dataPoint><x4>9.256075E+00</x4><x5>9.822822E-01</x5></dataPoint>
        <dataPoint><x4>1.274053E+01</x4><x5>9.315894E-01</x5></dataPoint>
        <dataPoint><x4>1.678155E+01</x4><x5>8.485262E-01</x5></dataPoint>
        <dataPoint><x4>2.308297E+01</x4><x5>6.879481E-01</x5></dataPoint>
        <dataPoint><x4>3.088812E+01</x4><x5>3.978952E-01</x5></dataPoint>
        <dataPoint><x4>3.474622E+01</x4><x5>2.326747E-01</x5></dataPoint>
        <dataPoint><x4>3.515830E+01</x4><x5>2.140484E-01</x5></dataPoint>
        <dataPoint><x4>3.579869E+01</x4><x5>1.861709E-01</x5></dataPoint>
        <dataPoint><x4>3.605126E+01</x4><x5>1.744654E-01</x5></dataPoint>
        <dataPoint><x4>3.756106E+01</x4><x5>1.062123E-01</x5></dataPoint>
        <dataPoint><x4>3.789410E+01</x4><x5>9.191582E-02</x5></dataPoint>
        <dataPoint><x4>3.804298E+01</x4><x5>8.743520E-02</x5></dataPoint>
        <dataPoint><x4>3.870754E+01</x4><x5>7.363468E-02</x5></dataPoint>
        <dataPoint><x4>4.020000E+01</x4><x5>6.443941E-02</x5></dataPoint>
        <dataPoint><x4>4.041308E+01</x4><x5>6.484238E-02</x5></dataPoint>
        <dataPoint><x4>4.079464E+01</x4><x5>6.512963E-02</x5></dataPoint>
        <dataPoint><x4>4.114090E+01</x4><x5>6.469361E-02</x5></dataPoint>
        <dataPoint><x4>4.295344E+01</x4><x5>6.625510E-02</x5></dataPoint>
        <dataPoint><x4>4.594698E+01</x4><x5>6.850436E-02</x5></dataPoint>
        <dataPoint><x4>4.693909E+01</x4><x5>6.908907E-02</x5></dataPoint>
        <dataPoint><x4>5.170842E+01</x4><x5>7.138927E-02</x5></dataPoint>
        <dataPoint><x4>5.577299E+01</x4><x5>7.301920E-02</x5></dataPoint>
        <dataPoint><x4>5.780895E+01</x4><x5>7.364856E-02</x5></dataPoint>
        <dataPoint><x4>6.277471E+01</x4><x5>7.505851E-02</x5></dataPoint>
        <dataPoint><x4>6.703163E+01</x4><x5>7.612196E-02</x5></dataPoint>
        <dataPoint><x4>6.807559E+01</x4><x5>7.635684E-02</x5></dataPoint>
        <dataPoint><x4>6.998898E+01</x4><x5>7.680890E-02</x5></dataPoint>
        <dataPoint><x4>8.019720E+01</x4><x5>7.895884E-02</x5></dataPoint>
        <dataPoint><x4>8.101050E+01</x4><x5>7.906815E-02</x5></dataPoint>
        <dataPoint><x4>8.200148E+01</x4><x5>7.929201E-02</x5></dataPoint>
        <dataPoint><x4>8.308410E+01</x4><x5>7.942807E-02</x5></dataPoint>
        <dataPoint><x4>8.491429E+01</x4><x5>7.980567E-02</x5></dataPoint>
        <dataPoint><x4>8.943999E+01</x4><x5>8.042947E-02</x5></dataPoint>
        <dataPoint><x4>9.115308E+01</x4><x5>8.073613E-02</x5></dataPoint>
        <dataPoint><x4>9.484576E+01</x4><x5>8.125129E-02</x5></dataPoint>
        <dataPoint><x4>1.027207E+02</x4><x5>8.232350E-02</x5></dataPoint>
        <dataPoint><x4>1.061426E+02</x4><x5>8.280986E-02</x5></dataPoint>
        <dataPoint><x4>1.410000E+02</x4><x5>8.659260E-02</x5></dataPoint>
        <dataPoint><x4>1.895368E+02</x4><x5>9.067595E-02</x5></dataPoint>
        <dataPoint><x4>2.500000E+02</x4><x5>9.472426E-02</x5></dataPoint>
    </dataGroup>
</experiment>
