<experiment>
    <fileAuthor>Chemical Kinetics Laboratory, Institute of Chemistry, ELTE, Budapest, Hungary</fileAuthor>
    <fileDOI>10.24388/x40004035</fileDOI>
    <fileVersion>
        <major>2</major>
        <minor>3</minor>
    </fileVersion>
    <ReSpecThVersion>
        <major>2</major>
        <minor>3</minor>
    </ReSpecThVersion>
    <firstPublicationDate>2020-09-08</firstPublicationDate>
    <lastModificationDate>2020-11-18</lastModificationDate>
    <bibliographyLink>
        <description>A. Ramalingam, K. Zhang, A. Dhongde, L. Virnich, H. Sankhla, H. Curran, A. Heufer, Fuel 206 (2017) 325–333.</description>
        <referenceDOI>10.1016/j.fuel.2017.06.005</referenceDOI>
        <location>Main Article + Supplementary</location>
        <table>Table 1, Table S7, Table S8</table>
        <figure>Fig. 9, No. 7, Pc = 125 bar, phi = 0.417</figure>
        <details>
            <author>A. Ramalingam, K. Zhang, A. Dhongde, L. Virnich, H. Sankhla, H. Curran, A. Heufer</author>
            <journal>Fuel</journal>
            <pages>325–-333</pages>
            <title>An RCM experimental and modeling study on CH4 and CH4/C2H6 oxidation at pressures up to 160 bar</title>
            <volume>206</volume>
            <year>2017</year>
        </details>
    </bibliographyLink>
    <experimentType>ignition delay measurement</experimentType>
    <apparatus>
        <kind>rapid compression machine</kind>
    </apparatus>
    <commonProperties>
        <property name="initial composition"           sourcetype="calculated" >
            <component><speciesLink preferredKey="CH4"  CAS="74-82-8"    InChI="1S/CH4/h1H4"  SMILES="C"     chemName="methane"  /><amount units="mole fraction" >0.041911</amount></component>
            <component><speciesLink preferredKey="O2"   CAS="7782-44-7"  InChI="1S/O2/c1-2"   SMILES="O=O"   chemName="oxygen"   /><amount units="mole fraction" >0.201174</amount></component>
            <component><speciesLink preferredKey="N2"   CAS="7727-37-9"  InChI="1S/N2/c1-2"   SMILES="N#N"   chemName="nitrogen" /><amount units="mole fraction" >0.363370</amount></component>
            <component><speciesLink preferredKey="Ar"   CAS="7440-37-1"  InChI="1S/Ar"        SMILES="[Ar]"  chemName="argon"    /><amount units="mole fraction" >0.393546</amount></component>
        </property>
        <property name="evaluated standard deviation"  sourcetype="estimated"   units="unitless"       reference="ignition delay"  kind="relative"  method="generic uncertainty" ><value>0.1</value></property>
    </commonProperties>
    <dataGroup id="dg1" label="measured data">
        <property name="pressure"        id="x1"   label="P"              sourcetype="reported"  units="atm" />
        <property name="temperature"     id="x2"   label="T"              sourcetype="reported"  units="K"   />
        <property name="ignition delay"  id="x3"   label="tau"            sourcetype="reported"  units="ms"  />

        <dataPoint><x1>3.286</x1><x2>295.30</x2><x3>64.84</x3></dataPoint>
        <dataPoint><x1>3.286</x1><x2>295.30</x2><x3>61.15</x3></dataPoint>
    </dataGroup>
    <ignitionType target="p;" type="d/dt max"/>
    <dataGroup id="dg2" label="V-t history" dataPointLink="all">
        <property name="time"    id="x4"   label="t"            sourcetype="calculated"  units="s"   />
        <property name="volume"  id="x5"   label="V"            sourcetype="calculated"  units="cm3" />

        <dataPoint><x4>0.000000E+00</x4><x5>1.000000E+00</x5></dataPoint>
        <dataPoint><x4>1.584840E-03</x4><x5>9.772307E-01</x5></dataPoint>
        <dataPoint><x4>5.206410E-03</x4><x5>7.609384E-01</x5></dataPoint>
        <dataPoint><x4>6.216690E-03</x4><x5>6.784932E-01</x5></dataPoint>
        <dataPoint><x4>7.287870E-03</x4><x5>5.977732E-01</x5></dataPoint>
        <dataPoint><x4>9.099670E-03</x4><x5>4.552948E-01</x5></dataPoint>
        <dataPoint><x4>1.030621E-02</x4><x5>3.608915E-01</x5></dataPoint>
        <dataPoint><x4>1.169121E-02</x4><x5>2.566520E-01</x5></dataPoint>
        <dataPoint><x4>1.266254E-02</x4><x5>1.877924E-01</x5></dataPoint>
        <dataPoint><x4>1.410096E-02</x4><x5>1.034225E-01</x5></dataPoint>
        <dataPoint><x4>1.475492E-02</x4><x5>8.835431E-02</x5></dataPoint>
        <dataPoint><x4>1.611225E-02</x4><x5>7.955850E-02</x5></dataPoint>
        <dataPoint><x4>1.666992E-02</x4><x5>7.894488E-02</x5></dataPoint>
        <dataPoint><x4>2.309870E-02</x4><x5>8.225433E-02</x5></dataPoint>
        <dataPoint><x4>3.063168E-02</x4><x5>8.463209E-02</x5></dataPoint>
        <dataPoint><x4>3.650106E-02</x4><x5>8.607571E-02</x5></dataPoint>
        <dataPoint><x4>4.395956E-02</x4><x5>8.754674E-02</x5></dataPoint>
        <dataPoint><x4>5.647496E-02</x4><x5>8.951650E-02</x5></dataPoint>
        <dataPoint><x4>7.711506E-02</x4><x5>9.193250E-02</x5></dataPoint>
        <dataPoint><x4>1.012825E-01</x4><x5>9.411410E-02</x5></dataPoint>
        <dataPoint><x4>1.341110E-01</x4><x5>9.655917E-02</x5></dataPoint>
        <dataPoint><x4>1.775914E-01</x4><x5>9.937814E-02</x5></dataPoint>
        <dataPoint><x4>2.372553E-01</x4><x5>1.029568E-01</x5></dataPoint>
    </dataGroup>
</experiment>
