<experiment>
    <fileAuthor>Chemical Kinetics Laboratory, Institute of Chemistry, ELTE, Budapest, Hungary</fileAuthor>
    <fileDOI>10.24388/x40004033</fileDOI>
    <fileVersion>
        <major>2</major>
        <minor>3</minor>
    </fileVersion>
    <ReSpecThVersion>
        <major>2</major>
        <minor>3</minor>
    </ReSpecThVersion>
    <firstPublicationDate>2020-09-08</firstPublicationDate>
    <lastModificationDate>2020-11-18</lastModificationDate>
    <bibliographyLink>
        <description>A. Ramalingam, K. Zhang, A. Dhongde, L. Virnich, H. Sankhla, H. Curran, A. Heufer, Fuel 206 (2017) 325–333.</description>
        <referenceDOI>10.1016/j.fuel.2017.06.005</referenceDOI>
        <location>Main Article + Supplementary</location>
        <table>Table 1, Table S7, Table S8</table>
        <figure>Fig. 9, No. 7, Pc = 125 bar, phi = 0.417</figure>
        <details>
            <author>A. Ramalingam, K. Zhang, A. Dhongde, L. Virnich, H. Sankhla, H. Curran, A. Heufer</author>
            <journal>Fuel</journal>
            <pages>325–-333</pages>
            <title>An RCM experimental and modeling study on CH4 and CH4/C2H6 oxidation at pressures up to 160 bar</title>
            <volume>206</volume>
            <year>2017</year>
        </details>
    </bibliographyLink>
    <experimentType>ignition delay measurement</experimentType>
    <apparatus>
        <kind>rapid compression machine</kind>
    </apparatus>
    <commonProperties>
        <property name="initial composition"           sourcetype="calculated" >
            <component><speciesLink preferredKey="CH4"  CAS="74-82-8"    InChI="1S/CH4/h1H4"  SMILES="C"     chemName="methane"  /><amount units="mole fraction" >0.041929</amount></component>
            <component><speciesLink preferredKey="O2"   CAS="7782-44-7"  InChI="1S/O2/c1-2"   SMILES="O=O"   chemName="oxygen"   /><amount units="mole fraction" >0.201258</amount></component>
            <component><speciesLink preferredKey="N2"   CAS="7727-37-9"  InChI="1S/N2/c1-2"   SMILES="N#N"   chemName="nitrogen" /><amount units="mole fraction" >0.295178</amount></component>
            <component><speciesLink preferredKey="Ar"   CAS="7440-37-1"  InChI="1S/Ar"        SMILES="[Ar]"  chemName="argon"    /><amount units="mole fraction" >0.461635</amount></component>
        </property>
        <property name="evaluated standard deviation"  sourcetype="estimated"   units="unitless"       reference="ignition delay"  kind="relative"  method="generic uncertainty" ><value>0.1</value></property>
    </commonProperties>
    <dataGroup id="dg1" label="measured data">
        <property name="pressure"        id="x1"   label="P"              sourcetype="reported"  units="atm" />
        <property name="temperature"     id="x2"   label="T"              sourcetype="reported"  units="K"   />
        <property name="ignition delay"  id="x3"   label="tau"            sourcetype="reported"  units="ms"  />

        <dataPoint><x1>3.193</x1><x2>296.30</x2><x3>20.20</x3></dataPoint>
        <dataPoint><x1>3.193</x1><x2>296.30</x2><x3>17.18</x3></dataPoint>
    </dataGroup>
    <ignitionType target="p;" type="d/dt max"/>
    <dataGroup id="dg2" label="V-t history" dataPointLink="all">
        <property name="time"    id="x4"   label="t"            sourcetype="calculated"  units="s"   />
        <property name="volume"  id="x5"   label="V"            sourcetype="calculated"  units="cm3" />

        <dataPoint><x4>0.000000E+00</x4><x5>1.000000E+00</x5></dataPoint>
        <dataPoint><x4>2.184870E-03</x4><x5>9.242360E-01</x5></dataPoint>
        <dataPoint><x4>2.469840E-03</x4><x5>9.071326E-01</x5></dataPoint>
        <dataPoint><x4>3.989790E-03</x4><x5>8.001730E-01</x5></dataPoint>
        <dataPoint><x4>6.065920E-03</x4><x5>6.476367E-01</x5></dataPoint>
        <dataPoint><x4>8.075780E-03</x4><x5>4.905988E-01</x5></dataPoint>
        <dataPoint><x4>9.790590E-03</x4><x5>3.565694E-01</x5></dataPoint>
        <dataPoint><x4>1.167515E-02</x4><x5>2.187958E-01</x5></dataPoint>
        <dataPoint><x4>1.248047E-02</x4><x5>1.630761E-01</x5></dataPoint>
        <dataPoint><x4>1.323048E-02</x4><x5>1.186087E-01</x5></dataPoint>
        <dataPoint><x4>1.376117E-02</x4><x5>9.884360E-02</x5></dataPoint>
        <dataPoint><x4>1.426074E-02</x4><x5>8.860792E-02</x5></dataPoint>
        <dataPoint><x4>1.637100E-02</x4><x5>7.972595E-02</x5></dataPoint>
        <dataPoint><x4>1.682127E-02</x4><x5>8.013666E-02</x5></dataPoint>
        <dataPoint><x4>1.917476E-02</x4><x5>8.155565E-02</x5></dataPoint>
        <dataPoint><x4>2.120728E-02</x4><x5>8.263779E-02</x5></dataPoint>
        <dataPoint><x4>2.236509E-02</x4><x5>8.315253E-02</x5></dataPoint>
        <dataPoint><x4>2.360982E-02</x4><x5>8.366419E-02</x5></dataPoint>
        <dataPoint><x4>2.670184E-02</x4><x5>8.472796E-02</x5></dataPoint>
        <dataPoint><x4>3.049448E-02</x4><x5>8.590946E-02</x5></dataPoint>
        <dataPoint><x4>3.484450E-02</x4><x5>8.705638E-02</x5></dataPoint>
        <dataPoint><x4>4.155670E-02</x4><x5>8.851047E-02</x5></dataPoint>
        <dataPoint><x4>4.663580E-02</x4><x5>8.943457E-02</x5></dataPoint>
        <dataPoint><x4>5.475540E-02</x4><x5>9.074099E-02</x5></dataPoint>
        <dataPoint><x4>6.457550E-02</x4><x5>9.205931E-02</x5></dataPoint>
        <dataPoint><x4>7.498830E-02</x4><x5>9.328533E-02</x5></dataPoint>
        <dataPoint><x4>8.668000E-02</x4><x5>9.449342E-02</x5></dataPoint>
        <dataPoint><x4>9.828150E-02</x4><x5>9.557445E-02</x5></dataPoint>
        <dataPoint><x4>1.117111E-01</x4><x5>9.672408E-02</x5></dataPoint>
        <dataPoint><x4>1.308934E-01</x4><x5>9.820018E-02</x5></dataPoint>
        <dataPoint><x4>1.537148E-01</x4><x5>9.984334E-02</x5></dataPoint>
        <dataPoint><x4>1.809823E-01</x4><x5>1.016776E-01</x5></dataPoint>
        <dataPoint><x4>2.022027E-01</x4><x5>1.030514E-01</x5></dataPoint>
        <dataPoint><x4>2.249798E-01</x4><x5>1.044934E-01</x5></dataPoint>
    </dataGroup>
</experiment>
