<experiment>
    <fileAuthor>Chemical Kinetics Laboratory, Institute of Chemistry, ELTE, Budapest, Hungary</fileAuthor>
    <fileDOI>10.24388/x40004059</fileDOI>
    <fileVersion>
        <major>2</major>
        <minor>3</minor>
    </fileVersion>
    <ReSpecThVersion>
        <major>2</major>
        <minor>3</minor>
    </ReSpecThVersion>
    <firstPublicationDate>2020-09-08</firstPublicationDate>
    <lastModificationDate>2020-11-18</lastModificationDate>
    <bibliographyLink>
        <description>S. Gersen, H. Darmeveil, H. Levinsky, Combustion and Flame 159 (2012), 3472–3475.</description>
        <referenceDOI>10.1016/j.combustflame.2012.06.021</referenceDOI>
        <location>Main Article + Supplementary + Personal Communication</location>
        <table>Supplementary material, Appendix A, Appendix B</table>
        <figure>Fig. 4, Tc = 1010 K, phi = 0.5, CH4:H2:CO = 1:0:0 series</figure>
        <details>
            <author>S. Gersen, H. Darmeveil, H. Levinsky</author>
            <journal>Combust Flame</journal>
            <pages>3472–-3475</pages>
            <title>The effects of CO addition on the autoignition of H2, CH4 and CH4/H2 fuels at high pressure in an RCM</title>
            <volume>159</volume>
            <year>2012</year>
        </details>
    </bibliographyLink>
    <experimentType>ignition delay measurement</experimentType>
    <apparatus>
        <kind>rapid compression machine</kind>
    </apparatus>
    <commonProperties>
        <property name="initial composition"           sourcetype="reported"  >
            <component><speciesLink preferredKey="CH4"  CAS="74-82-8"    InChI="1S/CH4/h1H4"  SMILES="C"          chemName="methane"         /><amount units="mole fraction" >0.048</amount></component>
            <component><speciesLink preferredKey="H2"   CAS="1333-74-0"  InChI="1S/H2/h1H"    SMILES="[HH]"       chemName="hydrogen"        /><amount units="mole fraction" >0</amount></component>
            <component><speciesLink preferredKey="CO"   CAS="630-08-0"   InChI="1S/CO/c1-2"   SMILES="[C-]#[O+]"  chemName="carbon monoxide" /><amount units="mole fraction" >0</amount></component>
            <component><speciesLink preferredKey="O2"   CAS="7782-44-7"  InChI="1S/O2/c1-2"   SMILES="O=O"        chemName="oxygen"          /><amount units="mole fraction" >0.190</amount></component>
            <component><speciesLink preferredKey="N2"   CAS="7727-37-9"  InChI="1S/N2/c1-2"   SMILES="N#N"        chemName="nitrogen"        /><amount units="mole fraction" >0.300</amount></component>
            <component><speciesLink preferredKey="Ar"   CAS="7440-37-1"  InChI="1S/Ar"        SMILES="[Ar]"       chemName="argon"           /><amount units="mole fraction" >0.462</amount></component>
        </property>
        <property name="evaluated standard deviation"  sourcetype="estimated"  units="unitless"       reference="ignition delay"  kind="relative"  method="statistical scatter" ><value>0.137</value></property>
    </commonProperties>
    <dataGroup id="dg1" label="measured data">
        <property name="pressure"        id="x1"   label="P"              sourcetype="reported"  units="bar" />
        <property name="temperature"     id="x2"   label="T"              sourcetype="reported"  units="K"   />
        <property name="ignition delay"  id="x3"   label="tau"            sourcetype="reported"  units="ms"  />

        <dataPoint><x1>0.9176</x1><x2>296.95</x2> <x3>6.4</x3></dataPoint>
        <dataPoint><x1>0.5446</x1><x2>295.95</x2><x3>26.0</x3></dataPoint>
        <dataPoint><x1>0.7286</x1><x2>296.25</x2><x3>12.0</x3></dataPoint>
        <dataPoint><x1>1.0916</x1><x2>296.25</x2> <x3>4.8</x3></dataPoint>
        <dataPoint><x1>1.2588</x1><x2>295.15</x2> <x3>4.2</x3></dataPoint>
        <dataPoint><x1>1.2626</x1><x2>295.45</x2> <x3>3.6</x3></dataPoint>
        <dataPoint><x1>1.4466</x1><x2>295.65</x2> <x3>2.3</x3></dataPoint>
    </dataGroup>
    <ignitionType target="p;" type="d/dt max"/>
    <dataGroup id="dg2" label="V-t history" dataPointLink="1">
        <property name="time"      id="x4"   label="t"            sourcetype="calculated"  units="s"   />
        <property name="volume"    id="x5"   label="V"            sourcetype="calculated"  units="cm3" />
        <property name="pressure"  id="x6"   label="p"            sourcetype="estimated"   units="bar"  kind="reactive" />

        <dataPoint><x4>0.000000E+00</x4><x5>1.000000E+00</x5><x6>9.176000E-01</x6></dataPoint>
        <dataPoint><x4>1.322000E-01</x4><x5>1.000000E+00</x5><x6>9.176000E-01</x6></dataPoint>
        <dataPoint><x4>1.976000E-01</x4><x5>7.711751E-01</x5><x6>1.347368E+00</x6></dataPoint>
        <dataPoint><x4>2.017944E-01</x4><x5>7.144610E-01</x5><x6>1.508068E+00</x6></dataPoint>
        <dataPoint><x4>2.046035E-01</x4><x5>6.333293E-01</x5><x6>1.801059E+00</x6></dataPoint>
        <dataPoint><x4>2.046325E-01</x4><x5>6.335310E-01</x5><x6>1.800215E+00</x6></dataPoint>
        <dataPoint><x4>2.068198E-01</x4><x5>5.819723E-01</x5><x6>2.039575E+00</x6></dataPoint>
        <dataPoint><x4>2.078379E-01</x4><x5>5.620546E-01</x5><x6>2.146642E+00</x6></dataPoint>
        <dataPoint><x4>2.078868E-01</x4><x5>5.644696E-01</x5><x6>2.133165E+00</x6></dataPoint>
        <dataPoint><x4>2.091978E-01</x4><x5>5.141611E-01</x5><x6>2.446404E+00</x6></dataPoint>
        <dataPoint><x4>2.098507E-01</x4><x5>5.045523E-01</x5><x6>2.515021E+00</x6></dataPoint>
        <dataPoint><x4>2.116209E-01</x4><x5>4.526419E-01</x5><x6>2.948501E+00</x6></dataPoint>
        <dataPoint><x4>2.139609E-01</x4><x5>3.885947E-01</x5><x6>3.684728E+00</x6></dataPoint>
        <dataPoint><x4>2.160127E-01</x4><x5>3.207904E-01</x5><x6>4.871288E+00</x6></dataPoint>
        <dataPoint><x4>2.173428E-01</x4><x5>2.770931E-01</x5><x6>6.023961E+00</x6></dataPoint>
        <dataPoint><x4>2.185602E-01</x4><x5>2.392273E-01</x5><x6>7.449228E+00</x6></dataPoint>
        <dataPoint><x4>2.196135E-01</x4><x5>2.065928E-01</x5><x6>9.200699E+00</x6></dataPoint>
        <dataPoint><x4>2.203690E-01</x4><x5>1.813066E-01</x5><x6>1.109567E+01</x6></dataPoint>
        <dataPoint><x4>2.210139E-01</x4><x5>1.622415E-01</x5><x6>1.300554E+01</x6></dataPoint>
        <dataPoint><x4>2.213814E-01</x4><x5>1.518755E-01</x5><x6>1.428935E+01</x6></dataPoint>
        <dataPoint><x4>2.216053E-01</x4><x5>1.456916E-01</x5><x6>1.516044E+01</x6></dataPoint>
        <dataPoint><x4>2.219683E-01</x4><x5>1.346802E-01</x5><x6>1.695160E+01</x6></dataPoint>
        <dataPoint><x4>2.221991E-01</x4><x5>1.281258E-01</x5><x6>1.819447E+01</x6></dataPoint>
        <dataPoint><x4>2.224079E-01</x4><x5>1.218267E-01</x5><x6>1.954083E+01</x6></dataPoint>
        <dataPoint><x4>2.228150E-01</x4><x5>1.102272E-01</x5><x6>2.250791E+01</x6></dataPoint>
        <dataPoint><x4>2.231818E-01</x4><x5>1.001826E-01</x5><x6>2.575072E+01</x6></dataPoint>
        <dataPoint><x4>2.234860E-01</x4><x5>9.241436E-02</x5><x6>2.884274E+01</x6></dataPoint>
        <dataPoint><x4>2.240031E-01</x4><x5>8.022132E-02</x5><x6>3.516345E+01</x6></dataPoint>
        <dataPoint><x4>2.241981E-01</x4><x5>7.691915E-02</x5><x6>3.728989E+01</x6></dataPoint>
        <dataPoint><x4>2.244399E-01</x4><x5>7.406244E-02</x5><x6>3.931203E+01</x6></dataPoint>
        <dataPoint><x4>2.249694E-01</x4><x5>6.815327E-02</x5><x6>4.414023E+01</x6></dataPoint>
        <dataPoint><x4>2.253937E-01</x4><x5>6.391512E-02</x5><x6>4.826267E+01</x6></dataPoint>
        <dataPoint><x4>2.256803E-01</x4><x5>6.245134E-02</x5><x6>4.984143E+01</x6></dataPoint>
        <dataPoint><x4>2.262000E-01</x4><x5>6.212093E-02</x5><x6>5.021000E+01</x6></dataPoint>
        <dataPoint><x4>2.282000E-01</x4><x5>6.290749E-02</x5><x6>4.934012E+01</x6></dataPoint>
        <dataPoint><x4>2.302000E-01</x4><x5>6.361772E-02</x5><x6>4.857648E+01</x6></dataPoint>
        <dataPoint><x4>2.322000E-01</x4><x5>6.421317E-02</x5><x6>4.795164E+01</x6></dataPoint>
        <dataPoint><x4>2.342000E-01</x4><x5>6.471030E-02</x5><x6>4.744037E+01</x6></dataPoint>
        <dataPoint><x4>2.362000E-01</x4><x5>6.512392E-02</x5><x6>4.702203E+01</x6></dataPoint>
        <dataPoint><x4>2.382000E-01</x4><x5>6.546704E-02</x5><x6>4.667973E+01</x6></dataPoint>
        <dataPoint><x4>2.402000E-01</x4><x5>6.575100E-02</x5><x6>4.639964E+01</x6></dataPoint>
        <dataPoint><x4>2.422000E-01</x4><x5>6.598553E-02</x5><x6>4.617047E+01</x6></dataPoint>
        <dataPoint><x4>2.442000E-01</x4><x5>6.617891E-02</x5><x6>4.598295E+01</x6></dataPoint>
        <dataPoint><x4>2.462000E-01</x4><x5>6.633814E-02</x5><x6>4.582951E+01</x6></dataPoint>
        <dataPoint><x4>2.482000E-01</x4><x5>6.646911E-02</x5><x6>4.570397E+01</x6></dataPoint>
        <dataPoint><x4>2.502000E-01</x4><x5>6.657673E-02</x5><x6>4.560124E+01</x6></dataPoint>
        <dataPoint><x4>2.522000E-01</x4><x5>6.666509E-02</x5><x6>4.551718E+01</x6></dataPoint>
        <dataPoint><x4>2.542000E-01</x4><x5>6.673760E-02</x5><x6>4.544841E+01</x6></dataPoint>
        <dataPoint><x4>2.562000E-01</x4><x5>6.679707E-02</x5><x6>4.539213E+01</x6></dataPoint>
    </dataGroup>
    <dataGroup id="dg2" label="V-t history" dataPointLink="2">
        <property name="time"      id="x4"   label="t"            sourcetype="calculated"  units="s"   />
        <property name="volume"    id="x5"   label="V"            sourcetype="calculated"  units="cm3" />
        <property name="pressure"  id="x6"   label="p"            sourcetype="estimated"   units="bar"  kind="reactive" />

        <dataPoint><x4>0.000000E+00</x4><x5>1.000000E+00</x5><x6>5.446000E-01</x6></dataPoint>
        <dataPoint><x4>1.422000E-01</x4><x5>1.000000E+00</x5><x6>5.446000E-01</x6></dataPoint>
        <dataPoint><x4>2.174000E-01</x4><x5>8.463433E-01</x5><x6>6.970547E-01</x6></dataPoint>
        <dataPoint><x4>2.291722E-01</x4><x5>6.184995E-01</x5><x6>1.106935E+00</x6></dataPoint>
        <dataPoint><x4>2.344375E-01</x4><x5>4.771980E-01</x5><x6>1.619897E+00</x6></dataPoint>
        <dataPoint><x4>2.376890E-01</x4><x5>3.818380E-01</x5><x6>2.243929E+00</x6></dataPoint>
        <dataPoint><x4>2.400456E-01</x4><x5>3.085136E-01</x5><x6>3.060324E+00</x6></dataPoint>
        <dataPoint><x4>2.415032E-01</x4><x5>2.652424E-01</x5><x6>3.809618E+00</x6></dataPoint>
        <dataPoint><x4>2.433795E-01</x4><x5>2.069639E-01</x5><x6>5.448266E+00</x6></dataPoint>
        <dataPoint><x4>2.435997E-01</x4><x5>1.968333E-01</x5><x6>5.855512E+00</x6></dataPoint>
        <dataPoint><x4>2.438021E-01</x4><x5>1.922441E-01</x5><x6>6.057116E+00</x6></dataPoint>
        <dataPoint><x4>2.440394E-01</x4><x5>1.844146E-01</x5><x6>6.429145E+00</x6></dataPoint>
        <dataPoint><x4>2.442731E-01</x4><x5>1.769743E-01</x5><x6>6.819665E+00</x6></dataPoint>
        <dataPoint><x4>2.447518E-01</x4><x5>1.636966E-01</x5><x6>7.623948E+00</x6></dataPoint>
        <dataPoint><x4>2.454331E-01</x4><x5>1.442770E-01</x5><x6>9.127286E+00</x6></dataPoint>
        <dataPoint><x4>2.456290E-01</x4><x5>1.372583E-01</x5><x6>9.797798E+00</x6></dataPoint>
        <dataPoint><x4>2.460654E-01</x4><x5>1.248256E-01</x5><x6>1.121024E+01</x6></dataPoint>
        <dataPoint><x4>2.466164E-01</x4><x5>1.083091E-01</x5><x6>1.370021E+01</x6></dataPoint>
        <dataPoint><x4>2.469714E-01</x4><x5>9.807323E-02</x5><x6>1.575570E+01</x6></dataPoint>
        <dataPoint><x4>2.473914E-01</x4><x5>8.658472E-02</x5><x6>1.876623E+01</x6></dataPoint>
        <dataPoint><x4>2.477355E-01</x4><x5>7.863602E-02</x5><x6>2.147252E+01</x6></dataPoint>
        <dataPoint><x4>2.489917E-01</x4><x5>6.284248E-02</x5><x6>2.934454E+01</x6></dataPoint>
        <dataPoint><x4>2.491986E-01</x4><x5>6.204973E-02</x5><x6>2.986664E+01</x6></dataPoint>
        <dataPoint><x4>2.498000E-01</x4><x5>6.198496E-02</x5><x6>2.991000E+01</x6></dataPoint>
        <dataPoint><x4>2.528000E-01</x4><x5>6.362524E-02</x5><x6>2.884409E+01</x6></dataPoint>
        <dataPoint><x4>2.558000E-01</x4><x5>6.495811E-02</x5><x6>2.802468E+01</x6></dataPoint>
        <dataPoint><x4>2.588000E-01</x4><x5>6.602292E-02</x5><x6>2.739812E+01</x6></dataPoint>
        <dataPoint><x4>2.618000E-01</x4><x5>6.686550E-02</x5><x6>2.691902E+01</x6></dataPoint>
        <dataPoint><x4>2.648000E-01</x4><x5>6.752720E-02</x5><x6>2.655268E+01</x6></dataPoint>
        <dataPoint><x4>2.678000E-01</x4><x5>6.804374E-02</x5><x6>2.627256E+01</x6></dataPoint>
        <dataPoint><x4>2.708000E-01</x4><x5>6.844508E-02</x5><x6>2.605836E+01</x6></dataPoint>
        <dataPoint><x4>2.738000E-01</x4><x5>6.875577E-02</x5><x6>2.589457E+01</x6></dataPoint>
        <dataPoint><x4>2.768000E-01</x4><x5>6.899560E-02</x5><x6>2.576933E+01</x6></dataPoint>
        <dataPoint><x4>2.798000E-01</x4><x5>6.918033E-02</x5><x6>2.567357E+01</x6></dataPoint>
    </dataGroup>
    <dataGroup id="dg2" label="V-t history" dataPointLink="3">
        <property name="time"      id="x4"   label="t"            sourcetype="calculated"  units="s"   />
        <property name="volume"    id="x5"   label="V"            sourcetype="calculated"  units="cm3" />
        <property name="pressure"  id="x6"   label="p"            sourcetype="estimated"   units="bar"  kind="reactive" />

        <dataPoint><x4>0.000000E+00</x4><x5>1.000000E+00</x5><x6>7.286000E-01</x6></dataPoint>
        <dataPoint><x4>1.277000E-01</x4><x5>1.000000E+00</x5><x6>7.286000E-01</x6></dataPoint>
        <dataPoint><x4>2.147672E-01</x4><x5>8.156935E-01</x5><x6>9.847902E-01</x6></dataPoint>
        <dataPoint><x4>2.241512E-01</x4><x5>6.808096E-01</x5><x6>1.285736E+00</x6></dataPoint>
        <dataPoint><x4>2.278369E-01</x4><x5>5.915175E-01</x5><x6>1.581298E+00</x6></dataPoint>
        <dataPoint><x4>2.310879E-01</x4><x5>5.035233E-01</x5><x6>2.003128E+00</x6></dataPoint>
        <dataPoint><x4>2.328941E-01</x4><x5>4.590171E-01</x5><x6>2.293956E+00</x6></dataPoint>
        <dataPoint><x4>2.361169E-01</x4><x5>3.670176E-01</x5><x6>3.180267E+00</x6></dataPoint>
        <dataPoint><x4>2.365379E-01</x4><x5>3.458755E-01</x5><x6>3.467280E+00</x6></dataPoint>
        <dataPoint><x4>2.374777E-01</x4><x5>3.258348E-01</x5><x6>3.781742E+00</x6></dataPoint>
        <dataPoint><x4>2.388205E-01</x4><x5>2.845647E-01</x5><x6>4.603094E+00</x6></dataPoint>
        <dataPoint><x4>2.401890E-01</x4><x5>2.403284E-01</x5><x6>5.876933E+00</x6></dataPoint>
        <dataPoint><x4>2.412083E-01</x4><x5>2.102639E-01</x5><x6>7.124486E+00</x6></dataPoint>
        <dataPoint><x4>2.422177E-01</x4><x5>1.800460E-01</x5><x6>8.900864E+00</x6></dataPoint>
        <dataPoint><x4>2.430201E-01</x4><x5>1.573644E-01</x5><x6>1.078924E+01</x6></dataPoint>
        <dataPoint><x4>2.434763E-01</x4><x5>1.433833E-01</x5><x6>1.231793E+01</x6></dataPoint>
        <dataPoint><x4>2.436103E-01</x4><x5>1.399095E-01</x5><x6>1.275499E+01</x6></dataPoint>
        <dataPoint><x4>2.440012E-01</x4><x5>1.283341E-01</x5><x6>1.441819E+01</x6></dataPoint>
        <dataPoint><x4>2.445407E-01</x4><x5>1.127685E-01</x5><x6>1.731208E+01</x6></dataPoint>
        <dataPoint><x4>2.450539E-01</x4><x5>9.850742E-02</x5><x6>2.094514E+01</x6></dataPoint>
        <dataPoint><x4>2.459124E-01</x4><x5>7.801019E-02</x5><x6>2.904460E+01</x6></dataPoint>
        <dataPoint><x4>2.472652E-01</x4><x5>6.268843E-02</x5><x6>3.938546E+01</x6></dataPoint>
        <dataPoint><x4>2.478000E-01</x4><x5>6.181564E-02</x5><x6>4.016000E+01</x6></dataPoint>
        <dataPoint><x4>2.508000E-01</x4><x5>6.302437E-02</x5><x6>3.909409E+01</x6></dataPoint>
        <dataPoint><x4>2.538000E-01</x4><x5>6.399244E-02</x5><x6>3.827468E+01</x6></dataPoint>
        <dataPoint><x4>2.568000E-01</x4><x5>6.475682E-02</x5><x6>3.764812E+01</x6></dataPoint>
        <dataPoint><x4>2.598000E-01</x4><x5>6.535608E-02</x5><x6>3.716902E+01</x6></dataPoint>
        <dataPoint><x4>2.628000E-01</x4><x5>6.582325E-02</x5><x6>3.680268E+01</x6></dataPoint>
        <dataPoint><x4>2.658000E-01</x4><x5>6.618584E-02</x5><x6>3.652256E+01</x6></dataPoint>
        <dataPoint><x4>2.688000E-01</x4><x5>6.646631E-02</x5><x6>3.630836E+01</x6></dataPoint>
        <dataPoint><x4>2.718000E-01</x4><x5>6.668268E-02</x5><x6>3.614457E+01</x6></dataPoint>
        <dataPoint><x4>2.748000E-01</x4><x5>6.684926E-02</x5><x6>3.601933E+01</x6></dataPoint>
        <dataPoint><x4>2.778000E-01</x4><x5>6.697730E-02</x5><x6>3.592357E+01</x6></dataPoint>
    </dataGroup>
    <dataGroup id="dg2" label="V-t history" dataPointLink="4">
        <property name="time"      id="x4"   label="t"            sourcetype="calculated"  units="s"   />
        <property name="volume"    id="x5"   label="V"            sourcetype="calculated"  units="cm3" />
        <property name="pressure"  id="x6"   label="p"            sourcetype="estimated"   units="bar"  kind="reactive" />

        <dataPoint><x4>0.000000E+00</x4><x5>1.000000E+00</x5><x6>1.091600E+00</x6></dataPoint>
        <dataPoint><x4>1.128000E-01</x4><x5>1.000000E+00</x5><x6>1.091600E+00</x6></dataPoint>
        <dataPoint><x4>2.156000E-01</x4><x5>8.145485E-01</x5><x6>1.478493E+00</x6></dataPoint>
        <dataPoint><x4>2.243760E-01</x4><x5>7.022662E-01</x5><x6>1.840208E+00</x6></dataPoint>
        <dataPoint><x4>2.302000E-01</x4><x5>5.518133E-01</x5><x6>2.623763E+00</x6></dataPoint>
        <dataPoint><x4>2.338356E-01</x4><x5>4.479748E-01</x5><x6>3.561515E+00</x6></dataPoint>
        <dataPoint><x4>2.366332E-01</x4><x5>3.650243E-01</x5><x6>4.802687E+00</x6></dataPoint>
        <dataPoint><x4>2.390535E-01</x4><x5>2.934032E-01</x5><x6>6.597348E+00</x6></dataPoint>
        <dataPoint><x4>2.407664E-01</x4><x5>2.389481E-01</x5><x6>8.878396E+00</x6></dataPoint>
        <dataPoint><x4>2.419384E-01</x4><x5>2.028069E-01</x5><x6>1.124257E+01</x6></dataPoint>
        <dataPoint><x4>2.427783E-01</x4><x5>1.781779E-01</x5><x6>1.353601E+01</x6></dataPoint>
        <dataPoint><x4>2.434937E-01</x4><x5>1.574067E-01</x5><x6>1.615842E+01</x6></dataPoint>
        <dataPoint><x4>2.441525E-01</x4><x5>1.393528E-01</x5><x6>1.921832E+01</x6></dataPoint>
        <dataPoint><x4>2.448461E-01</x4><x5>1.197571E-01</x5><x6>2.382436E+01</x6></dataPoint>
        <dataPoint><x4>2.455652E-01</x4><x5>1.007286E-01</x5><x6>3.041138E+01</x6></dataPoint>
        <dataPoint><x4>2.466376E-01</x4><x5>7.743614E-02</x5><x6>4.396626E+01</x6></dataPoint>
        <dataPoint><x4>2.471999E-01</x4><x5>7.139923E-02</x5><x6>4.923710E+01</x6></dataPoint>
        <dataPoint><x4>2.475865E-01</x4><x5>6.758138E-02</x5><x6>5.315300E+01</x6></dataPoint>
        <dataPoint><x4>2.477974E-01</x4><x5>6.562267E-02</x5><x6>5.537288E+01</x6></dataPoint>
        <dataPoint><x4>2.480006E-01</x4><x5>6.397523E-02</x5><x6>5.736517E+01</x6></dataPoint>
        <dataPoint><x4>2.481996E-01</x4><x5>6.284189E-02</x5><x6>5.880782E+01</x6></dataPoint>
        <dataPoint><x4>2.484013E-01</x4><x5>6.229650E-02</x5><x6>5.952425E+01</x6></dataPoint>
        <dataPoint><x4>2.486524E-01</x4><x5>6.205452E-02</x5><x6>5.984689E+01</x6></dataPoint>
        <dataPoint><x4>2.492000E-01</x4><x5>6.194790E-02</x5><x6>5.999000E+01</x6></dataPoint>
        <dataPoint><x4>2.522000E-01</x4><x5>6.275261E-02</x5><x6>5.892409E+01</x6></dataPoint>
        <dataPoint><x4>2.552000E-01</x4><x5>6.338828E-02</x5><x6>5.810468E+01</x6></dataPoint>
        <dataPoint><x4>2.582000E-01</x4><x5>6.388475E-02</x5><x6>5.747812E+01</x6></dataPoint>
        <dataPoint><x4>2.612000E-01</x4><x5>6.427064E-02</x5><x6>5.699902E+01</x6></dataPoint>
        <dataPoint><x4>2.642000E-01</x4><x5>6.456945E-02</x5><x6>5.663268E+01</x6></dataPoint>
        <dataPoint><x4>2.672000E-01</x4><x5>6.480017E-02</x5><x6>5.635256E+01</x6></dataPoint>
        <dataPoint><x4>2.702000E-01</x4><x5>6.497791E-02</x5><x6>5.613836E+01</x6></dataPoint>
        <dataPoint><x4>2.732000E-01</x4><x5>6.511461E-02</x5><x6>5.597457E+01</x6></dataPoint>
        <dataPoint><x4>2.762000E-01</x4><x5>6.521959E-02</x5><x6>5.584933E+01</x6></dataPoint>
        <dataPoint><x4>2.792000E-01</x4><x5>6.530013E-02</x5><x6>5.575357E+01</x6></dataPoint>
    </dataGroup>
    <dataGroup id="dg2" label="V-t history" dataPointLink="5">
        <property name="time"      id="x4"   label="t"            sourcetype="calculated"  units="s"   />
        <property name="volume"    id="x5"   label="V"            sourcetype="calculated"  units="cm3" />
        <property name="pressure"  id="x6"   label="p"            sourcetype="estimated"   units="bar"  kind="reactive" />

        <dataPoint><x4>0.000000E+00</x4><x5>1.000000E+00</x5><x6>1.258800E+00</x6></dataPoint>
        <dataPoint><x4>1.190000E-01</x4><x5>1.000000E+00</x5><x6>1.258800E+00</x6></dataPoint>
        <dataPoint><x4>2.316000E-01</x4><x5>7.790003E-01</x5><x6>1.821143E+00</x6></dataPoint>
        <dataPoint><x4>2.359452E-01</x4><x5>7.384940E-01</x5><x6>1.970463E+00</x6></dataPoint>
        <dataPoint><x4>2.412568E-01</x4><x5>6.255436E-01</x5><x6>2.516448E+00</x6></dataPoint>
        <dataPoint><x4>2.437618E-01</x4><x5>5.604764E-01</x5><x6>2.957486E+00</x6></dataPoint>
        <dataPoint><x4>2.455554E-01</x4><x5>5.094536E-01</x5><x6>3.402269E+00</x6></dataPoint>
        <dataPoint><x4>2.462909E-01</x4><x5>4.884595E-01</x5><x6>3.618789E+00</x6></dataPoint>
        <dataPoint><x4>2.484420E-01</x4><x5>4.346718E-01</x5><x6>4.292787E+00</x6></dataPoint>
        <dataPoint><x4>2.491369E-01</x4><x5>4.096825E-01</x5><x6>4.680824E+00</x6></dataPoint>
        <dataPoint><x4>2.505474E-01</x4><x5>3.745460E-01</x5><x6>5.335257E+00</x6></dataPoint>
        <dataPoint><x4>2.519670E-01</x4><x5>3.324082E-01</x5><x6>6.348020E+00</x6></dataPoint>
        <dataPoint><x4>2.533483E-01</x4><x5>2.903824E-01</x5><x6>7.724738E+00</x6></dataPoint>
        <dataPoint><x4>2.545850E-01</x4><x5>2.536422E-01</x5><x6>9.395665E+00</x6></dataPoint>
        <dataPoint><x4>2.557181E-01</x4><x5>2.191146E-01</x5><x6>1.160375E+01</x6></dataPoint>
        <dataPoint><x4>2.567500E-01</x4><x5>1.902611E-01</x5><x6>1.421406E+01</x6></dataPoint>
        <dataPoint><x4>2.577736E-01</x4><x5>1.618260E-01</x5><x6>1.791907E+01</x6></dataPoint>
        <dataPoint><x4>2.584041E-01</x4><x5>1.445107E-01</x5><x6>2.105539E+01</x6></dataPoint>
        <dataPoint><x4>2.586352E-01</x4><x5>1.381320E-01</x5><x6>2.245122E+01</x6></dataPoint>
        <dataPoint><x4>2.592567E-01</x4><x5>1.220626E-01</x5><x6>2.675578E+01</x6></dataPoint>
        <dataPoint><x4>2.600797E-01</x4><x5>1.011767E-01</x5><x6>3.487095E+01</x6></dataPoint>
        <dataPoint><x4>2.612347E-01</x4><x5>7.756541E-02</x5><x6>5.061559E+01</x6></dataPoint>
        <dataPoint><x4>2.630711E-01</x4><x5>6.236616E-02</x5><x6>6.858375E+01</x6></dataPoint>
        <dataPoint><x4>2.644000E-01</x4><x5>6.169652E-02</x5><x6>6.962000E+01</x6></dataPoint>
        <dataPoint><x4>2.674000E-01</x4><x5>6.238558E-02</x5><x6>6.855409E+01</x6></dataPoint>
        <dataPoint><x4>2.704000E-01</x4><x5>6.292783E-02</x5><x6>6.773468E+01</x6></dataPoint>
        <dataPoint><x4>2.734000E-01</x4><x5>6.335005E-02</x5><x6>6.710812E+01</x6></dataPoint>
        <dataPoint><x4>2.764000E-01</x4><x5>6.367747E-02</x5><x6>6.662902E+01</x6></dataPoint>
        <dataPoint><x4>2.794000E-01</x4><x5>6.393055E-02</x5><x6>6.626268E+01</x6></dataPoint>
        <dataPoint><x4>2.824000E-01</x4><x5>6.412567E-02</x5><x6>6.598256E+01</x6></dataPoint>
        <dataPoint><x4>2.854000E-01</x4><x5>6.427583E-02</x5><x6>6.576836E+01</x6></dataPoint>
        <dataPoint><x4>2.884000E-01</x4><x5>6.439121E-02</x5><x6>6.560457E+01</x6></dataPoint>
        <dataPoint><x4>2.914000E-01</x4><x5>6.447977E-02</x5><x6>6.547933E+01</x6></dataPoint>
        <dataPoint><x4>2.944000E-01</x4><x5>6.454768E-02</x5><x6>6.538357E+01</x6></dataPoint>
    </dataGroup>
    <dataGroup id="dg2" label="V-t history" dataPointLink="6">
        <property name="time"      id="x4"   label="t"            sourcetype="calculated"  units="s"   />
        <property name="volume"    id="x5"   label="V"            sourcetype="calculated"  units="cm3" />
        <property name="pressure"  id="x6"   label="p"            sourcetype="estimated"   units="bar"  kind="reactive" />

        <dataPoint><x4>0.000000E+00</x4><x5>1.000000E+00</x5><x6>1.262600E+00</x6></dataPoint>
        <dataPoint><x4>1.190000E-01</x4><x5>1.000000E+00</x5><x6>1.262600E+00</x6></dataPoint>
        <dataPoint><x4>2.211868E-01</x4><x5>7.792412E-01</x5><x6>1.825789E+00</x6></dataPoint>
        <dataPoint><x4>2.268004E-01</x4><x5>6.866744E-01</x5><x6>2.200178E+00</x6></dataPoint>
        <dataPoint><x4>2.311465E-01</x4><x5>5.923675E-01</x5><x6>2.734638E+00</x6></dataPoint>
        <dataPoint><x4>2.355735E-01</x4><x5>4.775054E-01</x5><x6>3.752239E+00</x6></dataPoint>
        <dataPoint><x4>2.388970E-01</x4><x5>3.834732E-01</x5><x6>5.170403E+00</x6></dataPoint>
        <dataPoint><x4>2.417556E-01</x4><x5>2.994158E-01</x5><x6>7.410844E+00</x6></dataPoint>
        <dataPoint><x4>2.433322E-01</x4><x5>2.496512E-01</x5><x6>9.641738E+00</x6></dataPoint>
        <dataPoint><x4>2.442026E-01</x4><x5>2.225333E-01</x5><x6>1.138120E+01</x6></dataPoint>
        <dataPoint><x4>2.447262E-01</x4><x5>2.067111E-01</x5><x6>1.265540E+01</x6></dataPoint>
        <dataPoint><x4>2.455795E-01</x4><x5>1.841507E-01</x5><x6>1.493847E+01</x6></dataPoint>
        <dataPoint><x4>2.462457E-01</x4><x5>1.648701E-01</x5><x6>1.749923E+01</x6></dataPoint>
        <dataPoint><x4>2.469425E-01</x4><x5>1.464997E-01</x5><x6>2.070956E+01</x6></dataPoint>
        <dataPoint><x4>2.475698E-01</x4><x5>1.294963E-01</x5><x6>2.467692E+01</x6></dataPoint>
        <dataPoint><x4>2.482051E-01</x4><x5>1.128880E-01</x5><x6>2.996708E+01</x6></dataPoint>
        <dataPoint><x4>2.486231E-01</x4><x5>1.024013E-01</x5><x6>3.438352E+01</x6></dataPoint>
        <dataPoint><x4>2.490452E-01</x4><x5>9.253703E-02</x5><x6>3.964554E+01</x6></dataPoint>
        <dataPoint><x4>2.498067E-01</x4><x5>7.811458E-02</x5><x6>5.026156E+01</x6></dataPoint>
        <dataPoint><x4>2.514151E-01</x4><x5>6.399639E-02</x5><x6>6.635493E+01</x6></dataPoint>
        <dataPoint><x4>2.516311E-01</x4><x5>6.282885E-02</x5><x6>6.807477E+01</x6></dataPoint>
        <dataPoint><x4>2.520622E-01</x4><x5>6.182051E-02</x5><x6>6.962217E+01</x6></dataPoint>
        <dataPoint><x4>2.532000E-01</x4><x5>6.163081E-02</x5><x6>6.992000E+01</x6></dataPoint>
        <dataPoint><x4>2.562000E-01</x4><x5>6.231619E-02</x5><x6>6.885409E+01</x6></dataPoint>
        <dataPoint><x4>2.592000E-01</x4><x5>6.285549E-02</x5><x6>6.803468E+01</x6></dataPoint>
        <dataPoint><x4>2.622000E-01</x4><x5>6.327539E-02</x5><x6>6.740812E+01</x6></dataPoint>
        <dataPoint><x4>2.652000E-01</x4><x5>6.360097E-02</x5><x6>6.692902E+01</x6></dataPoint>
        <dataPoint><x4>2.682000E-01</x4><x5>6.385263E-02</x5><x6>6.656268E+01</x6></dataPoint>
        <dataPoint><x4>2.712000E-01</x4><x5>6.404665E-02</x5><x6>6.628256E+01</x6></dataPoint>
        <dataPoint><x4>2.742000E-01</x4><x5>6.419595E-02</x5><x6>6.606836E+01</x6></dataPoint>
        <dataPoint><x4>2.772000E-01</x4><x5>6.431068E-02</x5><x6>6.590457E+01</x6></dataPoint>
        <dataPoint><x4>2.802000E-01</x4><x5>6.439873E-02</x5><x6>6.577933E+01</x6></dataPoint>
        <dataPoint><x4>2.832000E-01</x4><x5>6.446625E-02</x5><x6>6.568357E+01</x6></dataPoint>
    </dataGroup>
    <dataGroup id="dg2" label="V-t history" dataPointLink="7">
        <property name="time"      id="x4"   label="t"            sourcetype="calculated"  units="s"   />
        <property name="volume"    id="x5"   label="V"            sourcetype="calculated"  units="cm3" />
        <property name="pressure"  id="x6"   label="p"            sourcetype="estimated"   units="bar"  kind="reactive" />

        <dataPoint><x4>0.000000E+00</x4><x5>1.000000E+00</x5><x6>1.446600E+00</x6></dataPoint>
        <dataPoint><x4>1.174000E-01</x4><x5>1.000000E+00</x5><x6>1.446600E+00</x6></dataPoint>
        <dataPoint><x4>2.358000E-01</x4><x5>7.780751E-01</x5><x6>2.096479E+00</x6></dataPoint>
        <dataPoint><x4>2.413654E-01</x4><x5>7.186343E-01</x5><x6>2.357285E+00</x6></dataPoint>
        <dataPoint><x4>2.456483E-01</x4><x5>6.337267E-01</x5><x6>2.836994E+00</x6></dataPoint>
        <dataPoint><x4>2.503730E-01</x4><x5>5.222456E-01</x5><x6>3.769988E+00</x6></dataPoint>
        <dataPoint><x4>2.528884E-01</x4><x5>4.487588E-01</x5><x6>4.708053E+00</x6></dataPoint>
        <dataPoint><x4>2.552722E-01</x4><x5>3.844764E-01</x5><x6>5.901172E+00</x6></dataPoint>
        <dataPoint><x4>2.573684E-01</x4><x5>3.205754E-01</x5><x6>7.689050E+00</x6></dataPoint>
        <dataPoint><x4>2.591677E-01</x4><x5>2.677205E-01</x5><x6>9.984822E+00</x6></dataPoint>
        <dataPoint><x4>2.602299E-01</x4><x5>2.358214E-01</x5><x6>1.199338E+01</x6></dataPoint>
        <dataPoint><x4>2.615061E-01</x4><x5>1.998124E-01</x5><x6>1.522337E+01</x6></dataPoint>
        <dataPoint><x4>2.626407E-01</x4><x5>1.684191E-01</x5><x6>1.944708E+01</x6></dataPoint>
        <dataPoint><x4>2.635062E-01</x4><x5>1.456531E-01</x5><x6>2.392214E+01</x6></dataPoint>
        <dataPoint><x4>2.642073E-01</x4><x5>1.271058E-01</x5><x6>2.902729E+01</x6></dataPoint>
        <dataPoint><x4>2.646916E-01</x4><x5>1.151094E-01</x5><x6>3.339883E+01</x6></dataPoint>
        <dataPoint><x4>2.652040E-01</x4><x5>1.030636E-01</x5><x6>3.903429E+01</x6></dataPoint>
        <dataPoint><x4>2.655941E-01</x4><x5>9.420555E-02</x5><x6>4.429277E+01</x6></dataPoint>
        <dataPoint><x4>2.664154E-01</x4><x5>7.932806E-02</x5><x6>5.635249E+01</x6></dataPoint>
        <dataPoint><x4>2.667727E-01</x4><x5>7.548179E-02</x5><x6>6.040297E+01</x6></dataPoint>
        <dataPoint><x4>2.673375E-01</x4><x5>7.102755E-02</x5><x6>6.575006E+01</x6></dataPoint>
        <dataPoint><x4>2.683609E-01</x4><x5>6.398668E-02</x5><x6>7.603121E+01</x6></dataPoint>
        <dataPoint><x4>2.687612E-01</x4><x5>6.258911E-02</x5><x6>7.840066E+01</x6></dataPoint>
        <dataPoint><x4>2.692000E-01</x4><x5>6.201541E-02</x5><x6>7.941000E+01</x6></dataPoint>
        <dataPoint><x4>2.722000E-01</x4><x5>6.262164E-02</x5><x6>7.834409E+01</x6></dataPoint>
        <dataPoint><x4>2.752000E-01</x4><x5>6.309730E-02</x5><x6>7.752468E+01</x6></dataPoint>
        <dataPoint><x4>2.782000E-01</x4><x5>6.346684E-02</x5><x6>7.689812E+01</x6></dataPoint>
        <dataPoint><x4>2.812000E-01</x4><x5>6.375288E-02</x5><x6>7.641902E+01</x6></dataPoint>
        <dataPoint><x4>2.842000E-01</x4><x5>6.397368E-02</x5><x6>7.605268E+01</x6></dataPoint>
        <dataPoint><x4>2.872000E-01</x4><x5>6.414373E-02</x5><x6>7.577256E+01</x6></dataPoint>
        <dataPoint><x4>2.902000E-01</x4><x5>6.427449E-02</x5><x6>7.555836E+01</x6></dataPoint>
        <dataPoint><x4>2.932000E-01</x4><x5>6.437490E-02</x5><x6>7.539457E+01</x6></dataPoint>
        <dataPoint><x4>2.962000E-01</x4><x5>6.445193E-02</x5><x6>7.526933E+01</x6></dataPoint>
        <dataPoint><x4>2.992000E-01</x4><x5>6.451098E-02</x5><x6>7.517357E+01</x6></dataPoint>
    </dataGroup>
</experiment>
