<experiment>
    <fileAuthor>Chemical Kinetics Laboratory, Institute of Chemistry, ELTE, Budapest, Hungary</fileAuthor>
    <fileDOI>10.24388/x40004015</fileDOI>
    <fileVersion>
        <major>2</major>
        <minor>3</minor>
    </fileVersion>
    <ReSpecThVersion>
        <major>2</major>
        <minor>3</minor>
    </ReSpecThVersion>
    <firstPublicationDate>2020-09-08</firstPublicationDate>
    <lastModificationDate>2020-11-18</lastModificationDate>
    <bibliographyLink>
        <description>A. Ramalingam, K. Zhang, A. Dhongde, L. Virnich, H. Sankhla, H. Curran, A. Heufer, Fuel 206 (2017) 325–333.</description>
        <referenceDOI>10.1016/j.fuel.2017.06.005</referenceDOI>
        <location>Main Article + Supplementary</location>
        <table>Table 1, Table S2, Table S8</table>
        <figure>Fig. 7, No. 2, Pc = 125 bar, phi = 0.526</figure>
        <details>
            <author>A. Ramalingam, K. Zhang, A. Dhongde, L. Virnich, H. Sankhla, H. Curran, A. Heufer</author>
            <journal>Fuel</journal>
            <pages>325–-333</pages>
            <title>An RCM experimental and modeling study on CH4 and CH4/C2H6 oxidation at pressures up to 160 bar</title>
            <volume>206</volume>
            <year>2017</year>
        </details>
    </bibliographyLink>
    <experimentType>ignition delay measurement</experimentType>
    <apparatus>
        <kind>rapid compression machine</kind>
    </apparatus>
    <commonProperties>
        <property name="initial composition"           sourcetype="calculated" >
            <component><speciesLink preferredKey="CH4"  CAS="74-82-8"    InChI="1S/CH4/h1H4"  SMILES="C"     chemName="methane"  /><amount units="mole fraction" >0.047381</amount></component>
            <component><speciesLink preferredKey="O2"   CAS="7782-44-7"  InChI="1S/O2/c1-2"   SMILES="O=O"   chemName="oxygen"   /><amount units="mole fraction" >0.179928</amount></component>
            <component><speciesLink preferredKey="N2"   CAS="7727-37-9"  InChI="1S/N2/c1-2"   SMILES="N#N"   chemName="nitrogen" /><amount units="mole fraction" >0.347861</amount></component>
            <component><speciesLink preferredKey="Ar"   CAS="7440-37-1"  InChI="1S/Ar"        SMILES="[Ar]"  chemName="argon"    /><amount units="mole fraction" >0.424830</amount></component>
        </property>
        <property name="evaluated standard deviation"  sourcetype="estimated"   units="unitless"       reference="ignition delay"  kind="relative"  method="statistical scatter" ><value>0.114</value></property>
    </commonProperties>
    <dataGroup id="dg1" label="measured data">
        <property name="pressure"        id="x1"   label="P"              sourcetype="reported"  units="atm" />
        <property name="temperature"     id="x2"   label="T"              sourcetype="reported"  units="K"   />
        <property name="ignition delay"  id="x3"   label="tau"            sourcetype="reported"  units="ms"  />

        <dataPoint><x1>3.237</x1><x2>297.00</x2><x3>38.44</x3></dataPoint>
        <dataPoint><x1>3.237</x1><x2>297.00</x2><x3>37.94</x3></dataPoint>
    </dataGroup>
    <ignitionType target="p;" type="d/dt max"/>
    <dataGroup id="dg2" label="V-t history" dataPointLink="all">
        <property name="time"    id="x4"   label="t"            sourcetype="calculated"  units="s"   />
        <property name="volume"  id="x5"   label="V"            sourcetype="calculated"  units="cm3" />

        <dataPoint><x4>0.000000E+00</x4><x5>1.000000E+00</x5></dataPoint>
        <dataPoint><x4>5.654590E-03</x4><x5>7.102950E-01</x5></dataPoint>
        <dataPoint><x4>6.524580E-03</x4><x5>6.423815E-01</x5></dataPoint>
        <dataPoint><x4>7.276340E-03</x4><x5>5.832269E-01</x5></dataPoint>
        <dataPoint><x4>9.150400E-03</x4><x5>4.341195E-01</x5></dataPoint>
        <dataPoint><x4>1.033041E-02</x4><x5>3.469057E-01</x5></dataPoint>
        <dataPoint><x4>1.146434E-02</x4><x5>2.616482E-01</x5></dataPoint>
        <dataPoint><x4>1.250009E-02</x4><x5>1.875354E-01</x5></dataPoint>
        <dataPoint><x4>1.315980E-02</x4><x5>1.432136E-01</x5></dataPoint>
        <dataPoint><x4>1.397535E-02</x4><x5>1.023926E-01</x5></dataPoint>
        <dataPoint><x4>1.436863E-02</x4><x5>9.269752E-02</x5></dataPoint>
        <dataPoint><x4>1.664342E-02</x4><x5>7.917620E-02</x5></dataPoint>
        <dataPoint><x4>1.845479E-02</x4><x5>8.032582E-02</x5></dataPoint>
        <dataPoint><x4>2.043020E-02</x4><x5>8.142099E-02</x5></dataPoint>
        <dataPoint><x4>2.178533E-02</x4><x5>8.207164E-02</x5></dataPoint>
        <dataPoint><x4>2.391724E-02</x4><x5>8.294345E-02</x5></dataPoint>
        <dataPoint><x4>2.727963E-02</x4><x5>8.402490E-02</x5></dataPoint>
        <dataPoint><x4>3.170608E-02</x4><x5>8.532457E-02</x5></dataPoint>
        <dataPoint><x4>3.614766E-02</x4><x5>8.641046E-02</x5></dataPoint>
        <dataPoint><x4>4.212118E-02</x4><x5>8.765598E-02</x5></dataPoint>
        <dataPoint><x4>4.718258E-02</x4><x5>8.854849E-02</x5></dataPoint>
        <dataPoint><x4>5.526998E-02</x4><x5>8.980048E-02</x5></dataPoint>
        <dataPoint><x4>6.523498E-02</x4><x5>9.109887E-02</x5></dataPoint>
        <dataPoint><x4>7.590608E-02</x4><x5>9.229470E-02</x5></dataPoint>
        <dataPoint><x4>8.731668E-02</x4><x5>9.341532E-02</x5></dataPoint>
        <dataPoint><x4>9.745038E-02</x4><x5>9.429706E-02</x5></dataPoint>
        <dataPoint><x4>1.085732E-01</x4><x5>9.520710E-02</x5></dataPoint>
        <dataPoint><x4>1.241440E-01</x4><x5>9.637121E-02</x5></dataPoint>
        <dataPoint><x4>1.441492E-01</x4><x5>9.774516E-02</x5></dataPoint>
        <dataPoint><x4>1.695295E-01</x4><x5>9.936930E-02</x5></dataPoint>
    </dataGroup>
</experiment>
