<experiment>
    <fileAuthor>Chemical Kinetics Laboratory, Institute of Chemistry, ELTE, Budapest, Hungary</fileAuthor>
    <fileDOI>10.24388/x40004051</fileDOI>
    <fileVersion>
        <major>2</major>
        <minor>3</minor>
    </fileVersion>
    <ReSpecThVersion>
        <major>2</major>
        <minor>3</minor>
    </ReSpecThVersion>
    <firstPublicationDate>2020-09-08</firstPublicationDate>
    <lastModificationDate>2020-11-18</lastModificationDate>
    <bibliographyLink>
        <description>H. Hashemi, J. M. Christensen, S. Gersen, H. Levinsky, S. J. Klippenstein, P. Glarborg, Combustion and Flame 172 (2016), 349–364.</description>
        <referenceDOI>10.1016/j.combustflame.2016.07.016</referenceDOI>
        <location>Main Article + Supplementary + Personal Communication</location>
        <table>Table 1, Table S7</table>
        <figure>Fig. 12, black diamond, mixture A, phi = 1.0, Tc = 995 K series</figure>
        <details>
            <author>H. Hashemi, J. M. Christensen, S. Gersen, H. Levinsky, S. J. Klippenstein, P. Glarborg</author>
            <journal>Combust Flame</journal>
            <pages>349–-364</pages>
            <title>High-pressure oxidation of methane</title>
            <volume>172</volume>
            <year>2016</year>
        </details>
    </bibliographyLink>
    <experimentType>ignition delay measurement</experimentType>
    <apparatus>
        <kind>rapid compression machine</kind>
    </apparatus>
    <commonProperties>
        <property name="initial composition"           sourcetype="reported"  >
            <component><speciesLink preferredKey="CH4"  CAS="74-82-8"    InChI="1S/CH4/h1H4"  SMILES="C"     chemName="methane"  /><amount units="mole fraction" >0.0909</amount></component>
            <component><speciesLink preferredKey="O2"   CAS="7782-44-7"  InChI="1S/O2/c1-2"   SMILES="O=O"   chemName="oxygen"   /><amount units="mole fraction" >0.1818</amount></component>
            <component><speciesLink preferredKey="N2"   CAS="7727-37-9"  InChI="1S/N2/c1-2"   SMILES="N#N"   chemName="nitrogen" /><amount units="mole fraction" >0.3000</amount></component>
            <component><speciesLink preferredKey="Ar"   CAS="7440-37-1"  InChI="1S/Ar"        SMILES="[Ar]"  chemName="argon"    /><amount units="mole fraction" >0.4273</amount></component>
        </property>
        <property name="evaluated standard deviation"  sourcetype="estimated"  units="unitless"       reference="ignition delay"  kind="relative"  method="generic uncertainty" ><value>0.1</value></property>
    </commonProperties>
    <dataGroup id="dg1" label="measured data">
        <property name="pressure"        id="x1"   label="P"              sourcetype="reported"  units="bar" />
        <property name="temperature"     id="x2"   label="T"              sourcetype="reported"  units="K"   />
        <property name="ignition delay"  id="x3"   label="tau"            sourcetype="reported"  units="ms"  />

        <dataPoint><x1>0.6426</x1><x2>296.05</x2> <x3>7.0</x3></dataPoint>
        <dataPoint><x1>0.7236</x1><x2>296.15</x2> <x3>5.6</x3></dataPoint>
        <dataPoint><x1>0.7136</x1><x2>294.85</x2> <x3>5.0</x3></dataPoint>
        <dataPoint><x1>0.5558</x1><x2>294.95</x2> <x3>8.8</x3></dataPoint>
        <dataPoint><x1>0.4766</x1><x2>294.95</x2><x3>12.2</x3></dataPoint>
        <dataPoint><x1>0.3976</x1><x2>295.05</x2><x3>20.2</x3></dataPoint>
        <dataPoint><x1>0.7946</x1><x2>295.15</x2> <x3>4.4</x3></dataPoint>
    </dataGroup>
    <ignitionType target="p;" type="d/dt max"/>
    <dataGroup id="dg2" label="V-t history" dataPointLink="1">
        <property name="time"      id="x4"   label="t"            sourcetype="calculated"  units="s"   />
        <property name="volume"    id="x5"   label="V"            sourcetype="calculated"  units="cm3" />
        <property name="pressure"  id="x6"   label="p"            sourcetype="estimated"   units="bar"  kind="reactive" />

        <dataPoint><x4>0.000000E+00</x4><x5>1.000000E+00</x5><x6>6.426000E-01</x6></dataPoint>
        <dataPoint><x4>2.660000E-02</x4><x5>9.799398E-01</x5><x6>6.619677E-01</x6></dataPoint>
        <dataPoint><x4>5.320000E-02</x4><x5>9.608374E-01</x5><x6>6.813354E-01</x6></dataPoint>
        <dataPoint><x4>7.980000E-02</x4><x5>9.426220E-01</x5><x6>7.007031E-01</x6></dataPoint>
        <dataPoint><x4>1.064000E-01</x4><x5>9.252294E-01</x5><x6>7.200708E-01</x6></dataPoint>
        <dataPoint><x4>1.330000E-01</x4><x5>9.086020E-01</x5><x6>7.394384E-01</x6></dataPoint>
        <dataPoint><x4>1.596000E-01</x4><x5>8.926872E-01</x5><x6>7.588061E-01</x6></dataPoint>
        <dataPoint><x4>1.862000E-01</x4><x5>8.774376E-01</x5><x6>7.781738E-01</x6></dataPoint>
        <dataPoint><x4>2.128000E-01</x4><x5>8.628098E-01</x5><x6>7.975415E-01</x6></dataPoint>
        <dataPoint><x4>2.394000E-01</x4><x5>8.487643E-01</x5><x6>8.169092E-01</x6></dataPoint>
        <dataPoint><x4>2.660000E-01</x4><x5>8.352650E-01</x5><x6>8.362769E-01</x6></dataPoint>
        <dataPoint><x4>2.690576E-01</x4><x5>8.172475E-01</x5><x6>8.633507E-01</x6></dataPoint>
        <dataPoint><x4>2.874155E-01</x4><x5>8.067124E-01</x5><x6>8.798682E-01</x6></dataPoint>
        <dataPoint><x4>2.874170E-01</x4><x5>8.053548E-01</x5><x6>8.820351E-01</x6></dataPoint>
        <dataPoint><x4>2.948545E-01</x4><x5>7.139905E-01</x5><x6>1.051419E+00</x6></dataPoint>
        <dataPoint><x4>2.952382E-01</x4><x5>7.091771E-01</x5><x6>1.061833E+00</x6></dataPoint>
        <dataPoint><x4>2.952421E-01</x4><x5>7.199837E-01</x5><x6>1.038688E+00</x6></dataPoint>
        <dataPoint><x4>2.978455E-01</x4><x5>6.565016E-01</x5><x6>1.188119E+00</x6></dataPoint>
        <dataPoint><x4>3.000543E-01</x4><x5>6.375808E-01</x5><x6>1.239746E+00</x6></dataPoint>
        <dataPoint><x4>3.020323E-01</x4><x5>6.032977E-01</x5><x6>1.343436E+00</x6></dataPoint>
        <dataPoint><x4>3.021392E-01</x4><x5>5.811412E-01</x5><x6>1.418438E+00</x6></dataPoint>
        <dataPoint><x4>3.045873E-01</x4><x5>5.622047E-01</x5><x6>1.488279E+00</x6></dataPoint>
        <dataPoint><x4>3.048469E-01</x4><x5>5.366552E-01</x5><x6>1.592083E+00</x6></dataPoint>
        <dataPoint><x4>3.055874E-01</x4><x5>5.311674E-01</x5><x6>1.615968E+00</x6></dataPoint>
        <dataPoint><x4>3.076365E-01</x4><x5>4.900454E-01</x5><x6>1.815857E+00</x6></dataPoint>
        <dataPoint><x4>3.080027E-01</x4><x5>4.744576E-01</x5><x6>1.902719E+00</x6></dataPoint>
        <dataPoint><x4>3.080226E-01</x4><x5>4.748404E-01</x5><x6>1.900503E+00</x6></dataPoint>
        <dataPoint><x4>3.099269E-01</x4><x5>4.413299E-01</x5><x6>2.112308E+00</x6></dataPoint>
        <dataPoint><x4>3.101345E-01</x4><x5>4.439277E-01</x5><x6>2.094499E+00</x6></dataPoint>
        <dataPoint><x4>3.118450E-01</x4><x5>4.031444E-01</x5><x6>2.406523E+00</x6></dataPoint>
        <dataPoint><x4>3.119474E-01</x4><x5>3.989107E-01</x5><x6>2.443366E+00</x6></dataPoint>
        <dataPoint><x4>3.143287E-01</x4><x5>3.540314E-01</x5><x6>2.900437E+00</x6></dataPoint>
        <dataPoint><x4>3.146023E-01</x4><x5>3.370848E-01</x5><x6>3.111748E+00</x6></dataPoint>
        <dataPoint><x4>3.147829E-01</x4><x5>3.429322E-01</x5><x6>3.035993E+00</x6></dataPoint>
        <dataPoint><x4>3.157187E-01</x4><x5>3.208354E-01</x5><x6>3.339842E+00</x6></dataPoint>
        <dataPoint><x4>3.158610E-01</x4><x5>3.140492E-01</x5><x6>3.443553E+00</x6></dataPoint>
        <dataPoint><x4>3.175698E-01</x4><x5>2.787748E-01</x5><x6>4.082047E+00</x6></dataPoint>
        <dataPoint><x4>3.179662E-01</x4><x5>2.673093E-01</x5><x6>4.333686E+00</x6></dataPoint>
        <dataPoint><x4>3.182780E-01</x4><x5>2.633270E-01</x5><x6>4.427257E+00</x6></dataPoint>
        <dataPoint><x4>3.184125E-01</x4><x5>2.601345E-01</x5><x6>4.504753E+00</x6></dataPoint>
        <dataPoint><x4>3.188590E-01</x4><x5>2.472630E-01</x5><x6>4.841664E+00</x6></dataPoint>
        <dataPoint><x4>3.190045E-01</x4><x5>2.424090E-01</x5><x6>4.979890E+00</x6></dataPoint>
        <dataPoint><x4>3.192422E-01</x4><x5>2.403873E-01</x5><x6>5.039434E+00</x6></dataPoint>
        <dataPoint><x4>3.198436E-01</x4><x5>2.275451E-01</x5><x6>5.447395E+00</x6></dataPoint>
        <dataPoint><x4>3.200021E-01</x4><x5>2.218056E-01</x5><x6>5.648075E+00</x6></dataPoint>
        <dataPoint><x4>3.202007E-01</x4><x5>2.212020E-01</x5><x6>5.669902E+00</x6></dataPoint>
        <dataPoint><x4>3.204879E-01</x4><x5>2.123680E-01</x5><x6>6.006385E+00</x6></dataPoint>
        <dataPoint><x4>3.208256E-01</x4><x5>2.038277E-01</x5><x6>6.364971E+00</x6></dataPoint>
        <dataPoint><x4>3.213663E-01</x4><x5>1.947044E-01</x5><x6>6.789752E+00</x6></dataPoint>
        <dataPoint><x4>3.215797E-01</x4><x5>1.914691E-01</x5><x6>6.952009E+00</x6></dataPoint>
        <dataPoint><x4>3.220474E-01</x4><x5>1.811111E-01</x5><x6>7.518190E+00</x6></dataPoint>
        <dataPoint><x4>3.222599E-01</x4><x5>1.764189E-01</x5><x6>7.800832E+00</x6></dataPoint>
        <dataPoint><x4>3.226589E-01</x4><x5>1.685733E-01</x5><x6>8.315427E+00</x6></dataPoint>
        <dataPoint><x4>3.227817E-01</x4><x5>1.661245E-01</x5><x6>8.487896E+00</x6></dataPoint>
        <dataPoint><x4>3.231728E-01</x4><x5>1.573187E-01</x5><x6>9.161066E+00</x6></dataPoint>
        <dataPoint><x4>3.234500E-01</x4><x5>1.516213E-01</x5><x6>9.646323E+00</x6></dataPoint>
        <dataPoint><x4>3.236602E-01</x4><x5>1.471084E-01</x5><x6>1.006242E+01</x6></dataPoint>
        <dataPoint><x4>3.237807E-01</x4><x5>1.444793E-01</x5><x6>1.031906E+01</x6></dataPoint>
        <dataPoint><x4>3.241756E-01</x4><x5>1.354644E-01</x5><x6>1.128917E+01</x6></dataPoint>
        <dataPoint><x4>3.243998E-01</x4><x5>1.308150E-01</x5><x6>1.185168E+01</x6></dataPoint>
        <dataPoint><x4>3.250036E-01</x4><x5>1.189177E-01</x5><x6>1.353039E+01</x6></dataPoint>
        <dataPoint><x4>3.255862E-01</x4><x5>1.067977E-01</x5><x6>1.570172E+01</x6></dataPoint>
        <dataPoint><x4>3.260037E-01</x4><x5>9.852250E-02</x5><x6>1.755055E+01</x6></dataPoint>
        <dataPoint><x4>3.263891E-01</x4><x5>9.095725E-02</x5><x6>1.959089E+01</x6></dataPoint>
        <dataPoint><x4>3.268277E-01</x4><x5>8.295949E-02</x5><x6>2.222914E+01</x6></dataPoint>
        <dataPoint><x4>3.272126E-01</x4><x5>7.632956E-02</x5><x6>2.491377E+01</x6></dataPoint>
        <dataPoint><x4>3.274114E-01</x4><x5>7.325981E-02</x5><x6>2.635088E+01</x6></dataPoint>
        <dataPoint><x4>3.278240E-01</x4><x5>6.828447E-02</x5><x6>2.900380E+01</x6></dataPoint>
        <dataPoint><x4>3.281850E-01</x4><x5>6.528353E-02</x5><x6>3.083411E+01</x6></dataPoint>
        <dataPoint><x4>3.284242E-01</x4><x5>6.345434E-02</x5><x6>3.204935E+01</x6></dataPoint>
        <dataPoint><x4>3.287755E-01</x4><x5>6.145054E-02</x5><x6>3.347789E+01</x6></dataPoint>
        <dataPoint><x4>3.291950E-01</x4><x5>5.898662E-02</x5><x6>3.539050E+01</x6></dataPoint>
        <dataPoint><x4>3.294181E-01</x4><x5>5.758132E-02</x5><x6>3.656720E+01</x6></dataPoint>
        <dataPoint><x4>3.296157E-01</x4><x5>5.636886E-02</x5><x6>3.763755E+01</x6></dataPoint>
        <dataPoint><x4>3.300003E-01</x4><x5>5.485973E-02</x5><x6>3.904711E+01</x6></dataPoint>
        <dataPoint><x4>3.302889E-01</x4><x5>5.432237E-02</x5><x6>3.957110E+01</x6></dataPoint>
        <dataPoint><x4>3.306421E-01</x4><x5>5.384184E-02</x5><x6>4.005000E+01</x6></dataPoint>
        <dataPoint><x4>3.346421E-01</x4><x5>5.473012E-02</x5><x6>3.917240E+01</x6></dataPoint>
        <dataPoint><x4>3.386421E-01</x4><x5>5.546047E-02</x5><x6>3.847530E+01</x6></dataPoint>
        <dataPoint><x4>3.426421E-01</x4><x5>5.603270E-02</x5><x6>3.794388E+01</x6></dataPoint>
        <dataPoint><x4>3.466421E-01</x4><x5>5.647827E-02</x5><x6>3.753876E+01</x6></dataPoint>
        <dataPoint><x4>3.506421E-01</x4><x5>5.682354E-02</x5><x6>3.722993E+01</x6></dataPoint>
        <dataPoint><x4>3.546421E-01</x4><x5>5.709007E-02</x5><x6>3.699449E+01</x6></dataPoint>
        <dataPoint><x4>3.586421E-01</x4><x5>5.729522E-02</x5><x6>3.681501E+01</x6></dataPoint>
        <dataPoint><x4>3.626421E-01</x4><x5>5.745278E-02</x5><x6>3.667819E+01</x6></dataPoint>
        <dataPoint><x4>3.666421E-01</x4><x5>5.757356E-02</x5><x6>3.657388E+01</x6></dataPoint>
        <dataPoint><x4>3.706421E-01</x4><x5>5.766604E-02</x5><x6>3.649436E+01</x6></dataPoint>
        <dataPoint><x4>3.746421E-01</x4><x5>5.773678E-02</x5><x6>3.643375E+01</x6></dataPoint>
        <dataPoint><x4>3.786421E-01</x4><x5>5.779083E-02</x5><x6>3.638754E+01</x6></dataPoint>
        <dataPoint><x4>3.826421E-01</x4><x5>5.783212E-02</x5><x6>3.635231E+01</x6></dataPoint>
        <dataPoint><x4>3.866421E-01</x4><x5>5.786365E-02</x5><x6>3.632545E+01</x6></dataPoint>
        <dataPoint><x4>3.906421E-01</x4><x5>5.788770E-02</x5><x6>3.630498E+01</x6></dataPoint>
        <dataPoint><x4>3.946421E-01</x4><x5>5.790606E-02</x5><x6>3.628937E+01</x6></dataPoint>
        <dataPoint><x4>3.986421E-01</x4><x5>5.792006E-02</x5><x6>3.627747E+01</x6></dataPoint>
    </dataGroup>
    <dataGroup id="dg2" label="V-t history" dataPointLink="2">
        <property name="time"      id="x4"   label="t"            sourcetype="calculated"  units="s"   />
        <property name="volume"    id="x5"   label="V"            sourcetype="calculated"  units="cm3" />
        <property name="pressure"  id="x6"   label="p"            sourcetype="estimated"   units="bar"  kind="reactive" />

        <dataPoint><x4>0.000000E+00</x4><x5>1.000000E+00</x5><x6>7.236000E-01</x6></dataPoint>
        <dataPoint><x4>2.660000E-02</x4><x5>9.786928E-01</x5><x6>7.468006E-01</x6></dataPoint>
        <dataPoint><x4>5.320000E-02</x4><x5>9.584644E-01</x5><x6>7.700012E-01</x6></dataPoint>
        <dataPoint><x4>7.980000E-02</x4><x5>9.392301E-01</x5><x6>7.932018E-01</x6></dataPoint>
        <dataPoint><x4>1.064000E-01</x4><x5>9.209140E-01</x5><x6>8.164025E-01</x6></dataPoint>
        <dataPoint><x4>1.330000E-01</x4><x5>9.034483E-01</x5><x6>8.396031E-01</x6></dataPoint>
        <dataPoint><x4>1.596000E-01</x4><x5>8.867714E-01</x5><x6>8.628037E-01</x6></dataPoint>
        <dataPoint><x4>1.862000E-01</x4><x5>8.708280E-01</x5><x6>8.860043E-01</x6></dataPoint>
        <dataPoint><x4>2.128000E-01</x4><x5>8.555680E-01</x5><x6>9.092049E-01</x6></dataPoint>
        <dataPoint><x4>2.394000E-01</x4><x5>8.409456E-01</x5><x6>9.324055E-01</x6></dataPoint>
        <dataPoint><x4>2.660000E-01</x4><x5>8.269194E-01</x5><x6>9.556062E-01</x6></dataPoint>
        <dataPoint><x4>2.768008E-01</x4><x5>8.259204E-01</x5><x6>9.572954E-01</x6></dataPoint>
        <dataPoint><x4>2.929348E-01</x4><x5>7.768998E-01</x5><x6>1.046765E+00</x6></dataPoint>
        <dataPoint><x4>3.024988E-01</x4><x5>6.720285E-01</x5><x6>1.293126E+00</x6></dataPoint>
        <dataPoint><x4>3.025207E-01</x4><x5>6.706816E-01</x5><x6>1.296908E+00</x6></dataPoint>
        <dataPoint><x4>3.072796E-01</x4><x5>5.799010E-01</x5><x6>1.602177E+00</x6></dataPoint>
        <dataPoint><x4>3.074011E-01</x4><x5>5.489301E-01</x5><x6>1.734940E+00</x6></dataPoint>
        <dataPoint><x4>3.075262E-01</x4><x5>5.655839E-01</x5><x6>1.661356E+00</x6></dataPoint>
        <dataPoint><x4>3.084778E-01</x4><x5>5.589365E-01</x5><x6>1.690089E+00</x6></dataPoint>
        <dataPoint><x4>3.087800E-01</x4><x5>5.521035E-01</x5><x6>1.720502E+00</x6></dataPoint>
        <dataPoint><x4>3.110308E-01</x4><x5>5.099800E-01</x5><x6>1.930111E+00</x6></dataPoint>
        <dataPoint><x4>3.131414E-01</x4><x5>4.709418E-01</x5><x6>2.165673E+00</x6></dataPoint>
        <dataPoint><x4>3.149492E-01</x4><x5>4.361605E-01</x5><x6>2.419290E+00</x6></dataPoint>
        <dataPoint><x4>3.152286E-01</x4><x5>4.230548E-01</x5><x6>2.528064E+00</x6></dataPoint>
        <dataPoint><x4>3.160555E-01</x4><x5>4.145285E-01</x5><x6>2.603315E+00</x6></dataPoint>
        <dataPoint><x4>3.185655E-01</x4><x5>3.545629E-01</x5><x6>3.258943E+00</x6></dataPoint>
        <dataPoint><x4>3.194724E-01</x4><x5>3.364518E-01</x5><x6>3.513350E+00</x6></dataPoint>
        <dataPoint><x4>3.206538E-01</x4><x5>3.092318E-01</x5><x6>3.964163E+00</x6></dataPoint>
        <dataPoint><x4>3.209685E-01</x4><x5>3.070572E-01</x5><x6>4.004348E+00</x6></dataPoint>
        <dataPoint><x4>3.214336E-01</x4><x5>2.920169E-01</x5><x6>4.302097E+00</x6></dataPoint>
        <dataPoint><x4>3.220113E-01</x4><x5>2.831609E-01</x5><x6>4.495298E+00</x6></dataPoint>
        <dataPoint><x4>3.222227E-01</x4><x5>2.727711E-01</x5><x6>4.741266E+00</x6></dataPoint>
        <dataPoint><x4>3.226079E-01</x4><x5>2.716048E-01</x5><x6>4.770288E+00</x6></dataPoint>
        <dataPoint><x4>3.228024E-01</x4><x5>2.612118E-01</x5><x6>5.042689E+00</x6></dataPoint>
        <dataPoint><x4>3.230094E-01</x4><x5>2.600970E-01</x5><x6>5.073458E+00</x6></dataPoint>
        <dataPoint><x4>3.232207E-01</x4><x5>2.544653E-01</x5><x6>5.233854E+00</x6></dataPoint>
        <dataPoint><x4>3.244236E-01</x4><x5>2.271044E-01</x5><x6>6.150691E+00</x6></dataPoint>
        <dataPoint><x4>3.246252E-01</x4><x5>2.208336E-01</x5><x6>6.399446E+00</x6></dataPoint>
        <dataPoint><x4>3.249429E-01</x4><x5>2.174227E-01</x5><x6>6.541962E+00</x6></dataPoint>
        <dataPoint><x4>3.264044E-01</x4><x5>1.879945E-01</x5><x6>8.032554E+00</x6></dataPoint>
        <dataPoint><x4>3.268196E-01</x4><x5>1.791485E-01</x5><x6>8.596209E+00</x6></dataPoint>
        <dataPoint><x4>3.270032E-01</x4><x5>1.763799E-01</x5><x6>8.786477E+00</x6></dataPoint>
        <dataPoint><x4>3.272210E-01</x4><x5>1.695536E-01</x5><x6>9.287281E+00</x6></dataPoint>
        <dataPoint><x4>3.276081E-01</x4><x5>1.624743E-01</x5><x6>9.859758E+00</x6></dataPoint>
        <dataPoint><x4>3.278199E-01</x4><x5>1.584676E-01</x5><x6>1.021077E+01</x6></dataPoint>
        <dataPoint><x4>3.282153E-01</x4><x5>1.496349E-01</x5><x6>1.106382E+01</x6></dataPoint>
        <dataPoint><x4>3.286103E-01</x4><x5>1.408350E-01</x5><x6>1.204090E+01</x6></dataPoint>
        <dataPoint><x4>3.288093E-01</x4><x5>1.367620E-01</x5><x6>1.254378E+01</x6></dataPoint>
        <dataPoint><x4>3.290061E-01</x4><x5>1.328810E-01</x5><x6>1.305697E+01</x6></dataPoint>
        <dataPoint><x4>3.292074E-01</x4><x5>1.287639E-01</x5><x6>1.364150E+01</x6></dataPoint>
        <dataPoint><x4>3.296186E-01</x4><x5>1.205336E-01</x5><x6>1.495243E+01</x6></dataPoint>
        <dataPoint><x4>3.300046E-01</x4><x5>1.127014E-01</x5><x6>1.641177E+01</x6></dataPoint>
        <dataPoint><x4>3.303978E-01</x4><x5>1.055991E-01</x5><x6>1.795773E+01</x6></dataPoint>
        <dataPoint><x4>3.308034E-01</x4><x5>9.710885E-02</x5><x6>2.015905E+01</x6></dataPoint>
        <dataPoint><x4>3.309987E-01</x4><x5>9.390237E-02</x5><x6>2.111293E+01</x6></dataPoint>
        <dataPoint><x4>3.311987E-01</x4><x5>9.020587E-02</x5><x6>2.231183E+01</x6></dataPoint>
        <dataPoint><x4>3.314039E-01</x4><x5>8.649880E-02</x5><x6>2.363551E+01</x6></dataPoint>
        <dataPoint><x4>3.317962E-01</x4><x5>8.017529E-02</x5><x6>2.622769E+01</x6></dataPoint>
        <dataPoint><x4>3.321999E-01</x4><x5>7.389230E-02</x5><x6>2.932401E+01</x6></dataPoint>
        <dataPoint><x4>3.324026E-01</x4><x5>7.116396E-02</x5><x6>3.086918E+01</x6></dataPoint>
        <dataPoint><x4>3.326039E-01</x4><x5>6.890847E-02</x5><x6>3.225499E+01</x6></dataPoint>
        <dataPoint><x4>3.328041E-01</x4><x5>6.714896E-02</x5><x6>3.341184E+01</x6></dataPoint>
        <dataPoint><x4>3.332046E-01</x4><x5>6.424852E-02</x5><x6>3.548118E+01</x6></dataPoint>
        <dataPoint><x4>3.333979E-01</x4><x5>6.313164E-02</x5><x6>3.633741E+01</x6></dataPoint>
        <dataPoint><x4>3.337968E-01</x4><x5>6.089166E-02</x5><x6>3.816554E+01</x6></dataPoint>
        <dataPoint><x4>3.342061E-01</x4><x5>5.858846E-02</x5><x6>4.021622E+01</x6></dataPoint>
        <dataPoint><x4>3.346051E-01</x4><x5>5.655884E-02</x5><x6>4.218558E+01</x6></dataPoint>
        <dataPoint><x4>3.348050E-01</x4><x5>5.569988E-02</x5><x6>4.306957E+01</x6></dataPoint>
        <dataPoint><x4>3.350043E-01</x4><x5>5.506713E-02</x5><x6>4.374135E+01</x6></dataPoint>
        <dataPoint><x4>3.354092E-01</x4><x5>5.434222E-02</x5><x6>4.453342E+01</x6></dataPoint>
        <dataPoint><x4>3.356025E-01</x4><x5>5.416403E-02</x5><x6>4.473190E+01</x6></dataPoint>
        <dataPoint><x4>3.358054E-01</x4><x5>5.418224E-02</x5><x6>4.471155E+01</x6></dataPoint>
        <dataPoint><x4>3.360016E-01</x4><x5>5.410458E-02</x5><x6>4.479846E+01</x6></dataPoint>
        <dataPoint><x4>3.363586E-01</x4><x5>5.409764E-02</x5><x6>4.480624E+01</x6></dataPoint>
        <dataPoint><x4>3.366133E-01</x4><x5>5.401417E-02</x5><x6>4.490000E+01</x6></dataPoint>
        <dataPoint><x4>3.406133E-01</x4><x5>5.480734E-02</x5><x6>4.402240E+01</x6></dataPoint>
        <dataPoint><x4>3.446133E-01</x4><x5>5.545702E-02</x5><x6>4.332530E+01</x6></dataPoint>
        <dataPoint><x4>3.486133E-01</x4><x5>5.596448E-02</x5><x6>4.279388E+01</x6></dataPoint>
        <dataPoint><x4>3.526133E-01</x4><x5>5.635868E-02</x5><x6>4.238876E+01</x6></dataPoint>
        <dataPoint><x4>3.566133E-01</x4><x5>5.666357E-02</x5><x6>4.207993E+01</x6></dataPoint>
        <dataPoint><x4>3.606133E-01</x4><x5>5.689859E-02</x5><x6>4.184449E+01</x6></dataPoint>
        <dataPoint><x4>3.646133E-01</x4><x5>5.707929E-02</x5><x6>4.166501E+01</x6></dataPoint>
        <dataPoint><x4>3.686133E-01</x4><x5>5.721794E-02</x5><x6>4.152819E+01</x6></dataPoint>
        <dataPoint><x4>3.726133E-01</x4><x5>5.732417E-02</x5><x6>4.142388E+01</x6></dataPoint>
        <dataPoint><x4>3.766133E-01</x4><x5>5.740546E-02</x5><x6>4.134436E+01</x6></dataPoint>
        <dataPoint><x4>3.806133E-01</x4><x5>5.746761E-02</x5><x6>4.128375E+01</x6></dataPoint>
        <dataPoint><x4>3.846133E-01</x4><x5>5.751510E-02</x5><x6>4.123754E+01</x6></dataPoint>
        <dataPoint><x4>3.886133E-01</x4><x5>5.755136E-02</x5><x6>4.120231E+01</x6></dataPoint>
        <dataPoint><x4>3.926133E-01</x4><x5>5.757904E-02</x5><x6>4.117545E+01</x6></dataPoint>
        <dataPoint><x4>3.966133E-01</x4><x5>5.760016E-02</x5><x6>4.115498E+01</x6></dataPoint>
        <dataPoint><x4>4.006133E-01</x4><x5>5.761627E-02</x5><x6>4.113937E+01</x6></dataPoint>
        <dataPoint><x4>4.046133E-01</x4><x5>5.762856E-02</x5><x6>4.112747E+01</x6></dataPoint>
    </dataGroup>
    <dataGroup id="dg2" label="V-t history" dataPointLink="3">
        <property name="time"      id="x4"   label="t"            sourcetype="calculated"  units="s"   />
        <property name="volume"    id="x5"   label="V"            sourcetype="calculated"  units="cm3" />
        <property name="pressure"  id="x6"   label="p"            sourcetype="estimated"   units="bar"  kind="reactive" />

        <dataPoint><x4>0.000000E+00</x4><x5>1.000000E+00</x5><x6>7.136000E-01</x6></dataPoint>
        <dataPoint><x4>2.660000E-02</x4><x5>9.779050E-01</x5><x6>7.373529E-01</x6></dataPoint>
        <dataPoint><x4>5.320000E-02</x4><x5>9.569688E-01</x5><x6>7.611059E-01</x6></dataPoint>
        <dataPoint><x4>7.980000E-02</x4><x5>9.370974E-01</x5><x6>7.848588E-01</x6></dataPoint>
        <dataPoint><x4>1.064000E-01</x4><x5>9.182068E-01</x5><x6>8.086117E-01</x6></dataPoint>
        <dataPoint><x4>1.330000E-01</x4><x5>9.002219E-01</x5><x6>8.323646E-01</x6></dataPoint>
        <dataPoint><x4>1.596000E-01</x4><x5>8.830754E-01</x5><x6>8.561176E-01</x6></dataPoint>
        <dataPoint><x4>1.862000E-01</x4><x5>8.667064E-01</x5><x6>8.798705E-01</x6></dataPoint>
        <dataPoint><x4>2.128000E-01</x4><x5>8.510601E-01</x5><x6>9.036234E-01</x6></dataPoint>
        <dataPoint><x4>2.394000E-01</x4><x5>8.360870E-01</x5><x6>9.273763E-01</x6></dataPoint>
        <dataPoint><x4>2.660000E-01</x4><x5>8.217419E-01</x5><x6>9.511293E-01</x6></dataPoint>
        <dataPoint><x4>2.725755E-01</x4><x5>8.244351E-01</x5><x6>9.465927E-01</x6></dataPoint>
        <dataPoint><x4>2.899856E-01</x4><x5>7.389439E-01</x5><x6>1.110632E+00</x6></dataPoint>
        <dataPoint><x4>2.994002E-01</x4><x5>5.823532E-01</x5><x6>1.570598E+00</x6></dataPoint>
        <dataPoint><x4>3.028220E-01</x4><x5>5.151591E-01</x5><x6>1.876119E+00</x6></dataPoint>
        <dataPoint><x4>3.042801E-01</x4><x5>4.841439E-01</x5><x6>2.052480E+00</x6></dataPoint>
        <dataPoint><x4>3.055405E-01</x4><x5>4.528755E-01</x5><x6>2.260330E+00</x6></dataPoint>
        <dataPoint><x4>3.067003E-01</x4><x5>4.431840E-01</x5><x6>2.332015E+00</x6></dataPoint>
        <dataPoint><x4>3.076042E-01</x4><x5>4.016534E-01</x5><x6>2.687323E+00</x6></dataPoint>
        <dataPoint><x4>3.077681E-01</x4><x5>4.117384E-01</x5><x6>2.593054E+00</x6></dataPoint>
        <dataPoint><x4>3.088095E-01</x4><x5>3.901080E-01</x5><x6>2.802510E+00</x6></dataPoint>
        <dataPoint><x4>3.104281E-01</x4><x5>3.590830E-01</x5><x6>3.156922E+00</x6></dataPoint>
        <dataPoint><x4>3.104522E-01</x4><x5>3.582847E-01</x5><x6>3.167025E+00</x6></dataPoint>
        <dataPoint><x4>3.106022E-01</x4><x5>3.527441E-01</x5><x6>3.238655E+00</x6></dataPoint>
        <dataPoint><x4>3.108017E-01</x4><x5>3.528890E-01</x5><x6>3.236748E+00</x6></dataPoint>
        <dataPoint><x4>3.108904E-01</x4><x5>3.479251E-01</x5><x6>3.303197E+00</x6></dataPoint>
        <dataPoint><x4>3.110047E-01</x4><x5>3.418120E-01</x5><x6>3.388237E+00</x6></dataPoint>
        <dataPoint><x4>3.122624E-01</x4><x5>3.183211E-01</x5><x6>3.751985E+00</x6></dataPoint>
        <dataPoint><x4>3.127620E-01</x4><x5>3.064356E-01</x5><x6>3.961827E+00</x6></dataPoint>
        <dataPoint><x4>3.136817E-01</x4><x5>2.835311E-01</x5><x6>4.426580E+00</x6></dataPoint>
        <dataPoint><x4>3.142677E-01</x4><x5>2.729769E-01</x5><x6>4.672539E+00</x6></dataPoint>
        <dataPoint><x4>3.145866E-01</x4><x5>2.657020E-01</x5><x6>4.855790E+00</x6></dataPoint>
        <dataPoint><x4>3.148327E-01</x4><x5>2.627229E-01</x5><x6>4.934350E+00</x6></dataPoint>
        <dataPoint><x4>3.151719E-01</x4><x5>2.511173E-01</x5><x6>5.261811E+00</x6></dataPoint>
        <dataPoint><x4>3.160152E-01</x4><x5>2.345476E-01</x5><x6>5.797303E+00</x6></dataPoint>
        <dataPoint><x4>3.164235E-01</x4><x5>2.234114E-01</x5><x6>6.211085E+00</x6></dataPoint>
        <dataPoint><x4>3.174391E-01</x4><x5>2.049753E-01</x5><x6>7.015685E+00</x6></dataPoint>
        <dataPoint><x4>3.182540E-01</x4><x5>1.896965E-01</x5><x6>7.825836E+00</x6></dataPoint>
        <dataPoint><x4>3.187673E-01</x4><x5>1.764511E-01</x5><x6>8.665061E+00</x6></dataPoint>
        <dataPoint><x4>3.191730E-01</x4><x5>1.694239E-01</x5><x6>9.174151E+00</x6></dataPoint>
        <dataPoint><x4>3.197762E-01</x4><x5>1.566359E-01</x5><x6>1.024126E+01</x6></dataPoint>
        <dataPoint><x4>3.201513E-01</x4><x5>1.489180E-01</x5><x6>1.099146E+01</x6></dataPoint>
        <dataPoint><x4>3.205698E-01</x4><x5>1.399245E-01</x5><x6>1.199043E+01</x6></dataPoint>
        <dataPoint><x4>3.207806E-01</x4><x5>1.358464E-01</x5><x6>1.249528E+01</x6></dataPoint>
        <dataPoint><x4>3.214292E-01</x4><x5>1.226894E-01</x5><x6>1.439784E+01</x6></dataPoint>
        <dataPoint><x4>3.215945E-01</x4><x5>1.195512E-01</x5><x6>1.492519E+01</x6></dataPoint>
        <dataPoint><x4>3.222337E-01</x4><x5>1.068641E-01</x5><x6>1.743429E+01</x6></dataPoint>
        <dataPoint><x4>3.225376E-01</x4><x5>1.013783E-01</x5><x6>1.875069E+01</x6></dataPoint>
        <dataPoint><x4>3.228198E-01</x4><x5>9.567539E-02</x5><x6>2.030883E+01</x6></dataPoint>
        <dataPoint><x4>3.231774E-01</x4><x5>8.903394E-02</x5><x6>2.242183E+01</x6></dataPoint>
        <dataPoint><x4>3.235946E-01</x4><x5>8.201087E-02</x5><x6>2.509820E+01</x6></dataPoint>
        <dataPoint><x4>3.240227E-01</x4><x5>7.504457E-02</x5><x6>2.834044E+01</x6></dataPoint>
        <dataPoint><x4>3.242253E-01</x4><x5>7.208414E-02</x5><x6>2.994208E+01</x6></dataPoint>
        <dataPoint><x4>3.244086E-01</x4><x5>6.980568E-02</x5><x6>3.128341E+01</x6></dataPoint>
        <dataPoint><x4>3.247317E-01</x4><x5>6.643857E-02</x5><x6>3.346363E+01</x6></dataPoint>
        <dataPoint><x4>3.250046E-01</x4><x5>6.434524E-02</x5><x6>3.495409E+01</x6></dataPoint>
        <dataPoint><x4>3.254418E-01</x4><x5>6.170025E-02</x5><x6>3.700707E+01</x6></dataPoint>
        <dataPoint><x4>3.255825E-01</x4><x5>6.089905E-02</x5><x6>3.767012E+01</x6></dataPoint>
        <dataPoint><x4>3.262299E-01</x4><x5>5.724458E-02</x5><x6>4.097087E+01</x6></dataPoint>
        <dataPoint><x4>3.264309E-01</x4><x5>5.616772E-02</x5><x6>4.203949E+01</x6></dataPoint>
        <dataPoint><x4>3.266857E-01</x4><x5>5.501699E-02</x5><x6>4.323546E+01</x6></dataPoint>
        <dataPoint><x4>3.269862E-01</x4><x5>5.406113E-02</x5><x6>4.427410E+01</x6></dataPoint>
        <dataPoint><x4>3.272106E-01</x4><x5>5.371153E-02</x5><x6>4.466476E+01</x6></dataPoint>
        <dataPoint><x4>3.276009E-01</x4><x5>5.335417E-02</x5><x6>4.507026E+01</x6></dataPoint>
        <dataPoint><x4>3.278027E-01</x4><x5>5.338865E-02</x5><x6>4.503086E+01</x6></dataPoint>
        <dataPoint><x4>3.281972E-01</x4><x5>5.323230E-02</x5><x6>4.521000E+01</x6></dataPoint>
        <dataPoint><x4>3.321972E-01</x4><x5>5.400863E-02</x5><x6>4.433240E+01</x6></dataPoint>
        <dataPoint><x4>3.361972E-01</x4><x5>5.464438E-02</x5><x6>4.363530E+01</x6></dataPoint>
        <dataPoint><x4>3.401972E-01</x4><x5>5.514089E-02</x5><x6>4.310388E+01</x6></dataPoint>
        <dataPoint><x4>3.441972E-01</x4><x5>5.552653E-02</x5><x6>4.269876E+01</x6></dataPoint>
        <dataPoint><x4>3.481972E-01</x4><x5>5.582476E-02</x5><x6>4.238993E+01</x6></dataPoint>
        <dataPoint><x4>3.521972E-01</x4><x5>5.605463E-02</x5><x6>4.215449E+01</x6></dataPoint>
        <dataPoint><x4>3.561972E-01</x4><x5>5.623136E-02</x5><x6>4.197501E+01</x6></dataPoint>
        <dataPoint><x4>3.601972E-01</x4><x5>5.636696E-02</x5><x6>4.183819E+01</x6></dataPoint>
        <dataPoint><x4>3.641972E-01</x4><x5>5.647085E-02</x5><x6>4.173388E+01</x6></dataPoint>
        <dataPoint><x4>3.681972E-01</x4><x5>5.655034E-02</x5><x6>4.165436E+01</x6></dataPoint>
        <dataPoint><x4>3.721972E-01</x4><x5>5.661112E-02</x5><x6>4.159375E+01</x6></dataPoint>
        <dataPoint><x4>3.761972E-01</x4><x5>5.665756E-02</x5><x6>4.154754E+01</x6></dataPoint>
        <dataPoint><x4>3.801972E-01</x4><x5>5.669302E-02</x5><x6>4.151231E+01</x6></dataPoint>
        <dataPoint><x4>3.841972E-01</x4><x5>5.672008E-02</x5><x6>4.148545E+01</x6></dataPoint>
        <dataPoint><x4>3.881972E-01</x4><x5>5.674074E-02</x5><x6>4.146498E+01</x6></dataPoint>
        <dataPoint><x4>3.921972E-01</x4><x5>5.675649E-02</x5><x6>4.144937E+01</x6></dataPoint>
        <dataPoint><x4>3.961972E-01</x4><x5>5.676851E-02</x5><x6>4.143747E+01</x6></dataPoint>
    </dataGroup>
    <dataGroup id="dg2" label="V-t history" dataPointLink="4">
        <property name="time"      id="x4"   label="t"            sourcetype="calculated"  units="s"   />
        <property name="volume"    id="x5"   label="V"            sourcetype="calculated"  units="cm3" />
        <property name="pressure"  id="x6"   label="p"            sourcetype="estimated"   units="bar"  kind="reactive" />

        <dataPoint><x4>0.000000E+00</x4><x5>1.000000E+00</x5><x6>5.558000E-01</x6></dataPoint>
        <dataPoint><x4>2.660000E-02</x4><x5>9.686462E-01</x5><x6>5.823609E-01</x6></dataPoint>
        <dataPoint><x4>5.320000E-02</x4><x5>9.395959E-01</x5><x6>6.089218E-01</x6></dataPoint>
        <dataPoint><x4>7.980000E-02</x4><x5>9.125900E-01</x5><x6>6.354827E-01</x6></dataPoint>
        <dataPoint><x4>1.064000E-01</x4><x5>8.874081E-01</x5><x6>6.620435E-01</x6></dataPoint>
        <dataPoint><x4>1.330000E-01</x4><x5>8.638611E-01</x5><x6>6.886044E-01</x6></dataPoint>
        <dataPoint><x4>1.596000E-01</x4><x5>8.417857E-01</x5><x6>7.151653E-01</x6></dataPoint>
        <dataPoint><x4>1.862000E-01</x4><x5>8.210405E-01</x5><x6>7.417262E-01</x6></dataPoint>
        <dataPoint><x4>2.128000E-01</x4><x5>8.015019E-01</x5><x6>7.682871E-01</x6></dataPoint>
        <dataPoint><x4>2.394000E-01</x4><x5>7.830615E-01</x5><x6>7.948480E-01</x6></dataPoint>
        <dataPoint><x4>2.660000E-01</x4><x5>7.656241E-01</x5><x6>8.214088E-01</x6></dataPoint>
        <dataPoint><x4>2.927915E-01</x4><x5>7.346373E-01</x5><x6>8.724359E-01</x6></dataPoint>
        <dataPoint><x4>3.040459E-01</x4><x5>6.351213E-01</x5><x6>1.078429E+00</x6></dataPoint>
        <dataPoint><x4>3.045060E-01</x4><x5>6.219388E-01</x5><x6>1.111822E+00</x6></dataPoint>
        <dataPoint><x4>3.048091E-01</x4><x5>6.353818E-01</x5><x6>1.077786E+00</x6></dataPoint>
        <dataPoint><x4>3.049069E-01</x4><x5>6.235644E-01</x5><x6>1.107611E+00</x6></dataPoint>
        <dataPoint><x4>3.057627E-01</x4><x5>5.937756E-01</x5><x6>1.189257E+00</x6></dataPoint>
        <dataPoint><x4>3.071839E-01</x4><x5>5.693407E-01</x5><x6>1.264060E+00</x6></dataPoint>
        <dataPoint><x4>3.085163E-01</x4><x5>5.309352E-01</x5><x6>1.398765E+00</x6></dataPoint>
        <dataPoint><x4>3.087997E-01</x4><x5>5.385115E-01</x5><x6>1.370339E+00</x6></dataPoint>
        <dataPoint><x4>3.090017E-01</x4><x5>5.085995E-01</x5><x6>1.488591E+00</x6></dataPoint>
        <dataPoint><x4>3.091666E-01</x4><x5>5.203678E-01</x5><x6>1.440098E+00</x6></dataPoint>
        <dataPoint><x4>3.104530E-01</x4><x5>5.223075E-01</x5><x6>1.432359E+00</x6></dataPoint>
        <dataPoint><x4>3.106084E-01</x4><x5>4.957946E-01</x5><x6>1.544544E+00</x6></dataPoint>
        <dataPoint><x4>3.130333E-01</x4><x5>4.574301E-01</x5><x6>1.735217E+00</x6></dataPoint>
        <dataPoint><x4>3.130333E-01</x4><x5>4.572572E-01</x5><x6>1.736165E+00</x6></dataPoint>
        <dataPoint><x4>3.133767E-01</x4><x5>4.633567E-01</x5><x6>1.703255E+00</x6></dataPoint>
        <dataPoint><x4>3.142572E-01</x4><x5>4.303470E-01</x5><x6>1.894964E+00</x6></dataPoint>
        <dataPoint><x4>3.155075E-01</x4><x5>4.086577E-01</x5><x6>2.041573E+00</x6></dataPoint>
        <dataPoint><x4>3.158214E-01</x4><x5>4.094694E-01</x5><x6>2.035747E+00</x6></dataPoint>
        <dataPoint><x4>3.162099E-01</x4><x5>3.847372E-01</x5><x6>2.226697E+00</x6></dataPoint>
        <dataPoint><x4>3.163340E-01</x4><x5>3.873159E-01</x5><x6>2.205409E+00</x6></dataPoint>
        <dataPoint><x4>3.174976E-01</x4><x5>3.683048E-01</x5><x6>2.370856E+00</x6></dataPoint>
        <dataPoint><x4>3.177434E-01</x4><x5>3.570655E-01</x5><x6>2.478735E+00</x6></dataPoint>
        <dataPoint><x4>3.185371E-01</x4><x5>3.493350E-01</x5><x6>2.557815E+00</x6></dataPoint>
        <dataPoint><x4>3.192583E-01</x4><x5>3.268742E-01</x5><x6>2.813400E+00</x6></dataPoint>
        <dataPoint><x4>3.194117E-01</x4><x5>3.215479E-01</x5><x6>2.880352E+00</x6></dataPoint>
        <dataPoint><x4>3.209153E-01</x4><x5>2.943422E-01</x5><x6>3.268348E+00</x6></dataPoint>
        <dataPoint><x4>3.220030E-01</x4><x5>2.687482E-01</x5><x6>3.721014E+00</x6></dataPoint>
        <dataPoint><x4>3.221747E-01</x4><x5>2.683686E-01</x5><x6>3.728511E+00</x6></dataPoint>
        <dataPoint><x4>3.241818E-01</x4><x5>2.235054E-01</x5><x6>4.834557E+00</x6></dataPoint>
        <dataPoint><x4>3.244035E-01</x4><x5>2.148941E-01</x5><x6>5.111025E+00</x6></dataPoint>
        <dataPoint><x4>3.245497E-01</x4><x5>2.130737E-01</x5><x6>5.172893E+00</x6></dataPoint>
        <dataPoint><x4>3.253723E-01</x4><x5>1.963706E-01</x5><x6>5.805050E+00</x6></dataPoint>
        <dataPoint><x4>3.265703E-01</x4><x5>1.740735E-01</x5><x6>6.878539E+00</x6></dataPoint>
        <dataPoint><x4>3.273673E-01</x4><x5>1.560984E-01</x5><x6>8.014688E+00</x6></dataPoint>
        <dataPoint><x4>3.279917E-01</x4><x5>1.430995E-01</x5><x6>9.050608E+00</x6></dataPoint>
        <dataPoint><x4>3.288175E-01</x4><x5>1.255511E-01</x5><x6>1.085985E+01</x6></dataPoint>
        <dataPoint><x4>3.290199E-01</x4><x5>1.219590E-01</x5><x6>1.130675E+01</x6></dataPoint>
        <dataPoint><x4>3.294118E-01</x4><x5>1.127699E-01</x5><x6>1.260424E+01</x6></dataPoint>
        <dataPoint><x4>3.296083E-01</x4><x5>1.086126E-01</x5><x6>1.327684E+01</x6></dataPoint>
        <dataPoint><x4>3.298007E-01</x4><x5>1.052135E-01</x5><x6>1.387346E+01</x6></dataPoint>
        <dataPoint><x4>3.302014E-01</x4><x5>9.733461E-02</x5><x6>1.544660E+01</x6></dataPoint>
        <dataPoint><x4>3.304011E-01</x4><x5>9.354417E-02</x5><x6>1.631516E+01</x6></dataPoint>
        <dataPoint><x4>3.306090E-01</x4><x5>8.931769E-02</x5><x6>1.738629E+01</x6></dataPoint>
        <dataPoint><x4>3.308010E-01</x4><x5>8.579054E-02</x5><x6>1.837548E+01</x6></dataPoint>
        <dataPoint><x4>3.310203E-01</x4><x5>8.186107E-02</x5><x6>1.959586E+01</x6></dataPoint>
        <dataPoint><x4>3.315964E-01</x4><x5>7.206825E-02</x5><x6>2.332623E+01</x6></dataPoint>
        <dataPoint><x4>3.318034E-01</x4><x5>6.916797E-02</x5><x6>2.467063E+01</x6></dataPoint>
        <dataPoint><x4>3.320216E-01</x4><x5>6.671551E-02</x5><x6>2.591455E+01</x6></dataPoint>
        <dataPoint><x4>3.323822E-01</x4><x5>6.372290E-02</x5><x6>2.758482E+01</x6></dataPoint>
        <dataPoint><x4>3.328281E-01</x4><x5>6.085575E-02</x5><x6>2.936610E+01</x6></dataPoint>
        <dataPoint><x4>3.332142E-01</x4><x5>5.814381E-02</x5><x6>3.124083E+01</x6></dataPoint>
        <dataPoint><x4>3.336085E-01</x4><x5>5.585003E-02</x5><x6>3.299324E+01</x6></dataPoint>
        <dataPoint><x4>3.338058E-01</x4><x5>5.480102E-02</x5><x6>3.385186E+01</x6></dataPoint>
        <dataPoint><x4>3.340362E-01</x4><x5>5.407891E-02</x5><x6>3.446552E+01</x6></dataPoint>
        <dataPoint><x4>3.344794E-01</x4><x5>5.342454E-02</x5><x6>3.503833E+01</x6></dataPoint>
        <dataPoint><x4>3.350472E-01</x4><x5>5.345576E-02</x5><x6>3.501064E+01</x6></dataPoint>
        <dataPoint><x4>3.351992E-01</x4><x5>5.340015E-02</x5><x6>3.506000E+01</x6></dataPoint>
        <dataPoint><x4>3.391992E-01</x4><x5>5.440930E-02</x5><x6>3.418240E+01</x6></dataPoint>
        <dataPoint><x4>3.431992E-01</x4><x5>5.524321E-02</x5><x6>3.348530E+01</x6></dataPoint>
        <dataPoint><x4>3.471992E-01</x4><x5>5.589925E-02</x5><x6>3.295388E+01</x6></dataPoint>
        <dataPoint><x4>3.511992E-01</x4><x5>5.641171E-02</x5><x6>3.254876E+01</x6></dataPoint>
        <dataPoint><x4>3.551992E-01</x4><x5>5.680981E-02</x5><x6>3.223993E+01</x6></dataPoint>
        <dataPoint><x4>3.591992E-01</x4><x5>5.711771E-02</x5><x6>3.200449E+01</x6></dataPoint>
        <dataPoint><x4>3.631992E-01</x4><x5>5.735507E-02</x5><x6>3.182501E+01</x6></dataPoint>
        <dataPoint><x4>3.671992E-01</x4><x5>5.753757E-02</x5><x6>3.168819E+01</x6></dataPoint>
        <dataPoint><x4>3.711992E-01</x4><x5>5.767760E-02</x5><x6>3.158388E+01</x6></dataPoint>
        <dataPoint><x4>3.751992E-01</x4><x5>5.778489E-02</x5><x6>3.150436E+01</x6></dataPoint>
        <dataPoint><x4>3.791992E-01</x4><x5>5.786699E-02</x5><x6>3.144375E+01</x6></dataPoint>
        <dataPoint><x4>3.831992E-01</x4><x5>5.792976E-02</x5><x6>3.139754E+01</x6></dataPoint>
        <dataPoint><x4>3.871992E-01</x4><x5>5.797772E-02</x5><x6>3.136231E+01</x6></dataPoint>
        <dataPoint><x4>3.911992E-01</x4><x5>5.801435E-02</x5><x6>3.133545E+01</x6></dataPoint>
        <dataPoint><x4>3.951992E-01</x4><x5>5.804230E-02</x5><x6>3.131498E+01</x6></dataPoint>
        <dataPoint><x4>3.991992E-01</x4><x5>5.806363E-02</x5><x6>3.129937E+01</x6></dataPoint>
        <dataPoint><x4>4.031992E-01</x4><x5>5.807991E-02</x5><x6>3.128747E+01</x6></dataPoint>
    </dataGroup>
    <dataGroup id="dg2" label="V-t history" dataPointLink="5">
        <property name="time"      id="x4"   label="t"            sourcetype="calculated"  units="s"   />
        <property name="volume"    id="x5"   label="V"            sourcetype="calculated"  units="cm3" />
        <property name="pressure"  id="x6"   label="p"            sourcetype="estimated"   units="bar"  kind="reactive" />

        <dataPoint><x4>0.000000E+00</x4><x5>1.000000E+00</x5><x6>4.766000E-01</x6></dataPoint>
        <dataPoint><x4>2.660000E-02</x4><x5>9.967126E-01</x5><x6>4.789059E-01</x6></dataPoint>
        <dataPoint><x4>5.320000E-02</x4><x5>9.934515E-01</x5><x6>4.812117E-01</x6></dataPoint>
        <dataPoint><x4>7.980000E-02</x4><x5>9.902164E-01</x5><x6>4.835176E-01</x6></dataPoint>
        <dataPoint><x4>1.064000E-01</x4><x5>9.870070E-01</x5><x6>4.858234E-01</x6></dataPoint>
        <dataPoint><x4>1.330000E-01</x4><x5>9.838230E-01</x5><x6>4.881293E-01</x6></dataPoint>
        <dataPoint><x4>1.596000E-01</x4><x5>9.806640E-01</x5><x6>4.904351E-01</x6></dataPoint>
        <dataPoint><x4>1.862000E-01</x4><x5>9.775298E-01</x5><x6>4.927410E-01</x6></dataPoint>
        <dataPoint><x4>2.128000E-01</x4><x5>9.744199E-01</x5><x6>4.950468E-01</x6></dataPoint>
        <dataPoint><x4>2.394000E-01</x4><x5>9.713343E-01</x5><x6>4.973527E-01</x6></dataPoint>
        <dataPoint><x4>2.661407E-01</x4><x5>8.571471E-01</x5><x6>5.972555E-01</x6></dataPoint>
        <dataPoint><x4>2.953182E-01</x4><x5>8.118732E-01</x5><x6>6.465517E-01</x6></dataPoint>
        <dataPoint><x4>3.031733E-01</x4><x5>7.690395E-01</x5><x6>6.997999E-01</x6></dataPoint>
        <dataPoint><x4>3.110027E-01</x4><x5>6.273460E-01</x5><x6>9.414678E-01</x6></dataPoint>
        <dataPoint><x4>3.143078E-01</x4><x5>5.699087E-01</x5><x6>1.082368E+00</x6></dataPoint>
        <dataPoint><x4>3.146041E-01</x4><x5>6.087962E-01</x5><x6>9.834471E-01</x6></dataPoint>
        <dataPoint><x4>3.148370E-01</x4><x5>5.695567E-01</x5><x6>1.083339E+00</x6></dataPoint>
        <dataPoint><x4>3.194905E-01</x4><x5>4.818313E-01</x5><x6>1.380316E+00</x6></dataPoint>
        <dataPoint><x4>3.195705E-01</x4><x5>4.889006E-01</x5><x6>1.351549E+00</x6></dataPoint>
        <dataPoint><x4>3.221746E-01</x4><x5>4.186281E-01</x5><x6>1.690907E+00</x6></dataPoint>
        <dataPoint><x4>3.230012E-01</x4><x5>4.145929E-01</x5><x6>1.714670E+00</x6></dataPoint>
        <dataPoint><x4>3.230067E-01</x4><x5>4.141380E-01</x5><x6>1.717384E+00</x6></dataPoint>
        <dataPoint><x4>3.232245E-01</x4><x5>3.994192E-01</x5><x6>1.809246E+00</x6></dataPoint>
        <dataPoint><x4>3.252932E-01</x4><x5>3.601944E-01</x5><x6>2.099071E+00</x6></dataPoint>
        <dataPoint><x4>3.254754E-01</x4><x5>3.524875E-01</x5><x6>2.165247E+00</x6></dataPoint>
        <dataPoint><x4>3.273994E-01</x4><x5>3.167696E-01</x5><x6>2.523395E+00</x6></dataPoint>
        <dataPoint><x4>3.294395E-01</x4><x5>2.692291E-01</x5><x6>3.182666E+00</x6></dataPoint>
        <dataPoint><x4>3.311007E-01</x4><x5>2.349293E-01</x5><x6>3.862857E+00</x6></dataPoint>
        <dataPoint><x4>3.314016E-01</x4><x5>2.248326E-01</x5><x6>4.111029E+00</x6></dataPoint>
        <dataPoint><x4>3.316021E-01</x4><x5>2.237525E-01</x5><x6>4.139164E+00</x6></dataPoint>
        <dataPoint><x4>3.318097E-01</x4><x5>2.176939E-01</x5><x6>4.303185E+00</x6></dataPoint>
        <dataPoint><x4>3.320259E-01</x4><x5>2.146316E-01</x5><x6>4.390301E+00</x6></dataPoint>
        <dataPoint><x4>3.322018E-01</x4><x5>2.132934E-01</x5><x6>4.429310E+00</x6></dataPoint>
        <dataPoint><x4>3.324162E-01</x4><x5>2.059933E-01</x5><x6>4.652787E+00</x6></dataPoint>
        <dataPoint><x4>3.326175E-01</x4><x5>2.005831E-01</x5><x6>4.830976E+00</x6></dataPoint>
        <dataPoint><x4>3.328208E-01</x4><x5>1.966470E-01</x5><x6>4.967979E+00</x6></dataPoint>
        <dataPoint><x4>3.330096E-01</x4><x5>1.941655E-01</x5><x6>5.057756E+00</x6></dataPoint>
        <dataPoint><x4>3.332192E-01</x4><x5>1.894146E-01</x5><x6>5.237475E+00</x6></dataPoint>
        <dataPoint><x4>3.334116E-01</x4><x5>1.857545E-01</x5><x6>5.383408E+00</x6></dataPoint>
        <dataPoint><x4>3.336108E-01</x4><x5>1.810640E-01</x5><x6>5.580723E+00</x6></dataPoint>
        <dataPoint><x4>3.338061E-01</x4><x5>1.783295E-01</x5><x6>5.701456E+00</x6></dataPoint>
        <dataPoint><x4>3.340166E-01</x4><x5>1.733203E-01</x5><x6>5.934413E+00</x6></dataPoint>
        <dataPoint><x4>3.342056E-01</x4><x5>1.695022E-01</x5><x6>6.122992E+00</x6></dataPoint>
        <dataPoint><x4>3.344115E-01</x4><x5>1.639589E-01</x5><x6>6.415420E+00</x6></dataPoint>
        <dataPoint><x4>3.346090E-01</x4><x5>1.602280E-01</x5><x6>6.625803E+00</x6></dataPoint>
        <dataPoint><x4>3.348058E-01</x4><x5>1.558863E-01</x5><x6>6.885713E+00</x6></dataPoint>
        <dataPoint><x4>3.350123E-01</x4><x5>1.506763E-01</x5><x6>7.221134E+00</x6></dataPoint>
        <dataPoint><x4>3.352024E-01</x4><x5>1.470750E-01</x5><x6>7.469501E+00</x6></dataPoint>
        <dataPoint><x4>3.354045E-01</x4><x5>1.412519E-01</x5><x6>7.902971E+00</x6></dataPoint>
        <dataPoint><x4>3.356098E-01</x4><x5>1.379408E-01</x5><x6>8.168834E+00</x6></dataPoint>
        <dataPoint><x4>3.358037E-01</x4><x5>1.344538E-01</x5><x6>8.465600E+00</x6></dataPoint>
        <dataPoint><x4>3.360042E-01</x4><x5>1.299283E-01</x5><x6>8.878936E+00</x6></dataPoint>
        <dataPoint><x4>3.362071E-01</x4><x5>1.253758E-01</x5><x6>9.330463E+00</x6></dataPoint>
        <dataPoint><x4>3.364012E-01</x4><x5>1.215147E-01</x5><x6>9.744838E+00</x6></dataPoint>
        <dataPoint><x4>3.366057E-01</x4><x5>1.167177E-01</x5><x6>1.030491E+01</x6></dataPoint>
        <dataPoint><x4>3.368059E-01</x4><x5>1.128758E-01</x5><x6>1.079413E+01</x6></dataPoint>
        <dataPoint><x4>3.370008E-01</x4><x5>1.095361E-01</x5><x6>1.125235E+01</x6></dataPoint>
        <dataPoint><x4>3.372058E-01</x4><x5>1.047499E-01</x5><x6>1.196934E+01</x6></dataPoint>
        <dataPoint><x4>3.374027E-01</x4><x5>1.009892E-01</x5><x6>1.258907E+01</x6></dataPoint>
        <dataPoint><x4>3.375996E-01</x4><x5>9.700157E-02</x5><x6>1.330821E+01</x6></dataPoint>
        <dataPoint><x4>3.378045E-01</x4><x5>9.264103E-02</x5><x6>1.417833E+01</x6></dataPoint>
        <dataPoint><x4>3.379995E-01</x4><x5>8.923552E-02</x5><x6>1.492766E+01</x6></dataPoint>
        <dataPoint><x4>3.382034E-01</x4><x5>8.516435E-02</x5><x6>1.591623E+01</x6></dataPoint>
        <dataPoint><x4>3.383992E-01</x4><x5>8.174751E-02</x5><x6>1.683550E+01</x6></dataPoint>
        <dataPoint><x4>3.386030E-01</x4><x5>7.767054E-02</x5><x6>1.805714E+01</x6></dataPoint>
        <dataPoint><x4>3.388014E-01</x4><x5>7.432361E-02</x5><x6>1.917801E+01</x6></dataPoint>
        <dataPoint><x4>3.389984E-01</x4><x5>7.131654E-02</x5><x6>2.029061E+01</x6></dataPoint>
        <dataPoint><x4>3.392032E-01</x4><x5>6.833486E-02</x5><x6>2.150747E+01</x6></dataPoint>
        <dataPoint><x4>3.394036E-01</x4><x5>6.613773E-02</x5><x6>2.248657E+01</x6></dataPoint>
        <dataPoint><x4>3.396037E-01</x4><x5>6.437104E-02</x5><x6>2.333066E+01</x6></dataPoint>
        <dataPoint><x4>3.400043E-01</x4><x5>6.133883E-02</x5><x6>2.491247E+01</x6></dataPoint>
        <dataPoint><x4>3.401946E-01</x4><x5>6.007117E-02</x5><x6>2.562923E+01</x6></dataPoint>
        <dataPoint><x4>3.405972E-01</x4><x5>5.723318E-02</x5><x6>2.736889E+01</x6></dataPoint>
        <dataPoint><x4>3.408041E-01</x4><x5>5.579820E-02</x5><x6>2.832742E+01</x6></dataPoint>
        <dataPoint><x4>3.410038E-01</x4><x5>5.472493E-02</x5><x6>2.908275E+01</x6></dataPoint>
        <dataPoint><x4>3.412042E-01</x4><x5>5.400471E-02</x5><x6>2.960928E+01</x6></dataPoint>
        <dataPoint><x4>3.414106E-01</x4><x5>5.352806E-02</x5><x6>2.996683E+01</x6></dataPoint>
        <dataPoint><x4>3.416020E-01</x4><x5>5.317044E-02</x5><x6>3.024000E+01</x6></dataPoint>
        <dataPoint><x4>3.456020E-01</x4><x5>5.433965E-02</x5><x6>2.936240E+01</x6></dataPoint>
        <dataPoint><x4>3.496020E-01</x4><x5>5.531209E-02</x5><x6>2.866530E+01</x6></dataPoint>
        <dataPoint><x4>3.536020E-01</x4><x5>5.608116E-02</x5><x6>2.813388E+01</x6></dataPoint>
        <dataPoint><x4>3.576020E-01</x4><x5>5.668443E-02</x5><x6>2.772876E+01</x6></dataPoint>
        <dataPoint><x4>3.616020E-01</x4><x5>5.715459E-02</x5><x6>2.741993E+01</x6></dataPoint>
        <dataPoint><x4>3.656020E-01</x4><x5>5.751917E-02</x5><x6>2.718449E+01</x6></dataPoint>
        <dataPoint><x4>3.696020E-01</x4><x5>5.780077E-02</x5><x6>2.700501E+01</x6></dataPoint>
        <dataPoint><x4>3.736020E-01</x4><x5>5.801760E-02</x5><x6>2.686819E+01</x6></dataPoint>
        <dataPoint><x4>3.776020E-01</x4><x5>5.818419E-02</x5><x6>2.676388E+01</x6></dataPoint>
        <dataPoint><x4>3.816020E-01</x4><x5>5.831193E-02</x5><x6>2.668436E+01</x6></dataPoint>
        <dataPoint><x4>3.856020E-01</x4><x5>5.840975E-02</x5><x6>2.662375E+01</x6></dataPoint>
        <dataPoint><x4>3.896020E-01</x4><x5>5.848458E-02</x5><x6>2.657754E+01</x6></dataPoint>
        <dataPoint><x4>3.936020E-01</x4><x5>5.854178E-02</x5><x6>2.654231E+01</x6></dataPoint>
        <dataPoint><x4>3.976020E-01</x4><x5>5.858547E-02</x5><x6>2.651545E+01</x6></dataPoint>
        <dataPoint><x4>4.016020E-01</x4><x5>5.861882E-02</x5><x6>2.649498E+01</x6></dataPoint>
        <dataPoint><x4>4.056020E-01</x4><x5>5.864428E-02</x5><x6>2.647937E+01</x6></dataPoint>
        <dataPoint><x4>4.096020E-01</x4><x5>5.866371E-02</x5><x6>2.646747E+01</x6></dataPoint>
    </dataGroup>
    <dataGroup id="dg2" label="V-t history" dataPointLink="6">
        <property name="time"      id="x4"   label="t"            sourcetype="calculated"  units="s"   />
        <property name="volume"    id="x5"   label="V"            sourcetype="calculated"  units="cm3" />
        <property name="pressure"  id="x6"   label="p"            sourcetype="estimated"   units="bar"  kind="reactive" />

        <dataPoint><x4>0.000000E+00</x4><x5>1.000000E+00</x5><x6>3.976000E-01</x6></dataPoint>
        <dataPoint><x4>2.660000E-02</x4><x5>9.736200E-01</x5><x6>4.134862E-01</x6></dataPoint>
        <dataPoint><x4>5.320000E-02</x4><x5>9.488819E-01</x5><x6>4.293724E-01</x6></dataPoint>
        <dataPoint><x4>7.980000E-02</x4><x5>9.256284E-01</x5><x6>4.452587E-01</x6></dataPoint>
        <dataPoint><x4>1.064000E-01</x4><x5>9.037221E-01</x5><x6>4.611449E-01</x6></dataPoint>
        <dataPoint><x4>1.330000E-01</x4><x5>8.830426E-01</x5><x6>4.770311E-01</x6></dataPoint>
        <dataPoint><x4>1.596000E-01</x4><x5>8.634836E-01</x5><x6>4.929173E-01</x6></dataPoint>
        <dataPoint><x4>1.862000E-01</x4><x5>8.449514E-01</x5><x6>5.088035E-01</x6></dataPoint>
        <dataPoint><x4>2.128000E-01</x4><x5>8.273623E-01</x5><x6>5.246898E-01</x6></dataPoint>
        <dataPoint><x4>2.394000E-01</x4><x5>8.106421E-01</x5><x6>5.405760E-01</x6></dataPoint>
        <dataPoint><x4>2.660000E-01</x4><x5>7.947242E-01</x5><x6>5.564622E-01</x6></dataPoint>
        <dataPoint><x4>2.926239E-01</x4><x5>7.553993E-01</x5><x6>5.992457E-01</x6></dataPoint>
        <dataPoint><x4>2.987561E-01</x4><x5>7.230244E-01</x5><x6>6.387756E-01</x6></dataPoint>
        <dataPoint><x4>3.007212E-01</x4><x5>6.815869E-01</x5><x6>6.961345E-01</x6></dataPoint>
        <dataPoint><x4>3.033751E-01</x4><x5>6.440823E-01</x5><x6>7.559033E-01</x6></dataPoint>
        <dataPoint><x4>3.042719E-01</x4><x5>6.087081E-01</x5><x6>8.205983E-01</x6></dataPoint>
        <dataPoint><x4>3.047049E-01</x4><x5>6.323455E-01</x5><x6>7.763934E-01</x6></dataPoint>
        <dataPoint><x4>3.072888E-01</x4><x5>5.752357E-01</x5><x6>8.908392E-01</x6></dataPoint>
        <dataPoint><x4>3.073258E-01</x4><x5>5.773324E-01</x5><x6>8.861475E-01</x6></dataPoint>
        <dataPoint><x4>3.074147E-01</x4><x5>5.789917E-01</x5><x6>8.824640E-01</x6></dataPoint>
        <dataPoint><x4>3.076619E-01</x4><x5>5.644412E-01</x5><x6>9.156652E-01</x6></dataPoint>
        <dataPoint><x4>3.103791E-01</x4><x5>5.341827E-01</x5><x6>9.918138E-01</x6></dataPoint>
        <dataPoint><x4>3.118079E-01</x4><x5>4.935482E-01</x5><x6>1.112180E+00</x6></dataPoint>
        <dataPoint><x4>3.148438E-01</x4><x5>4.444297E-01</x5><x6>1.294045E+00</x6></dataPoint>
        <dataPoint><x4>3.174162E-01</x4><x5>3.865618E-01</x5><x6>1.582069E+00</x6></dataPoint>
        <dataPoint><x4>3.197896E-01</x4><x5>3.386207E-01</x5><x6>1.913304E+00</x6></dataPoint>
        <dataPoint><x4>3.216530E-01</x4><x5>2.965699E-01</x5><x6>2.312962E+00</x6></dataPoint>
        <dataPoint><x4>3.221143E-01</x4><x5>2.876826E-01</x5><x6>2.415625E+00</x6></dataPoint>
        <dataPoint><x4>3.236453E-01</x4><x5>2.515014E-01</x5><x6>2.925197E+00</x6></dataPoint>
        <dataPoint><x4>3.252381E-01</x4><x5>2.193722E-01</x5><x6>3.550962E+00</x6></dataPoint>
        <dataPoint><x4>3.254050E-01</x4><x5>2.120617E-01</x5><x6>3.725363E+00</x6></dataPoint>
        <dataPoint><x4>3.258177E-01</x4><x5>2.070467E-01</x5><x6>3.853533E+00</x6></dataPoint>
        <dataPoint><x4>3.259772E-01</x4><x5>2.032642E-01</x5><x6>3.955208E+00</x6></dataPoint>
        <dataPoint><x4>3.262175E-01</x4><x5>1.962966E-01</x5><x6>4.154771E+00</x6></dataPoint>
        <dataPoint><x4>3.264104E-01</x4><x5>1.932478E-01</x5><x6>4.247501E+00</x6></dataPoint>
        <dataPoint><x4>3.265708E-01</x4><x5>1.927194E-01</x5><x6>4.263927E+00</x6></dataPoint>
        <dataPoint><x4>3.281546E-01</x4><x5>1.567108E-01</x5><x6>5.701809E+00</x6></dataPoint>
        <dataPoint><x4>3.285665E-01</x4><x5>1.452722E-01</x5><x6>6.339356E+00</x6></dataPoint>
        <dataPoint><x4>3.287942E-01</x4><x5>1.426094E-01</x5><x6>6.505243E+00</x6></dataPoint>
        <dataPoint><x4>3.296185E-01</x4><x5>1.241554E-01</x5><x6>7.889957E+00</x6></dataPoint>
        <dataPoint><x4>3.298119E-01</x4><x5>1.201123E-01</x5><x6>8.261146E+00</x6></dataPoint>
        <dataPoint><x4>3.302402E-01</x4><x5>1.111323E-01</x5><x6>9.200571E+00</x6></dataPoint>
        <dataPoint><x4>3.306317E-01</x4><x5>1.028133E-01</x5><x6>1.024540E+01</x6></dataPoint>
        <dataPoint><x4>3.310146E-01</x4><x5>9.418786E-02</x5><x6>1.156090E+01</x6></dataPoint>
        <dataPoint><x4>3.312361E-01</x4><x5>9.010041E-02</x5><x6>1.228846E+01</x6></dataPoint>
        <dataPoint><x4>3.317834E-01</x4><x5>7.939442E-02</x5><x6>1.461714E+01</x6></dataPoint>
        <dataPoint><x4>3.324403E-01</x4><x5>6.817139E-02</x5><x6>1.799976E+01</x6></dataPoint>
        <dataPoint><x4>3.333937E-01</x4><x5>6.003204E-02</x5><x6>2.139824E+01</x6></dataPoint>
        <dataPoint><x4>3.340050E-01</x4><x5>5.597510E-02</x5><x6>2.352889E+01</x6></dataPoint>
        <dataPoint><x4>3.342023E-01</x4><x5>5.486438E-02</x5><x6>2.417662E+01</x6></dataPoint>
        <dataPoint><x4>3.344190E-01</x4><x5>5.410602E-02</x5><x6>2.463671E+01</x6></dataPoint>
        <dataPoint><x4>3.347249E-01</x4><x5>5.362525E-02</x5><x6>2.493625E+01</x6></dataPoint>
        <dataPoint><x4>3.352313E-01</x4><x5>5.360342E-02</x5><x6>2.495000E+01</x6></dataPoint>
        <dataPoint><x4>3.392313E-01</x4><x5>5.503962E-02</x5><x6>2.407240E+01</x6></dataPoint>
        <dataPoint><x4>3.432313E-01</x4><x5>5.624621E-02</x5><x6>2.337530E+01</x6></dataPoint>
        <dataPoint><x4>3.472313E-01</x4><x5>5.720839E-02</x5><x6>2.284388E+01</x6></dataPoint>
        <dataPoint><x4>3.512313E-01</x4><x5>5.796812E-02</x5><x6>2.243876E+01</x6></dataPoint>
        <dataPoint><x4>3.552313E-01</x4><x5>5.856330E-02</x5><x6>2.212993E+01</x6></dataPoint>
        <dataPoint><x4>3.592313E-01</x4><x5>5.902669E-02</x5><x6>2.189449E+01</x6></dataPoint>
        <dataPoint><x4>3.632313E-01</x4><x5>5.938574E-02</x5><x6>2.171501E+01</x6></dataPoint>
        <dataPoint><x4>3.672313E-01</x4><x5>5.966290E-02</x5><x6>2.157819E+01</x6></dataPoint>
        <dataPoint><x4>3.712313E-01</x4><x5>5.987622E-02</x5><x6>2.147388E+01</x6></dataPoint>
        <dataPoint><x4>3.752313E-01</x4><x5>6.004004E-02</x5><x6>2.139436E+01</x6></dataPoint>
        <dataPoint><x4>3.792313E-01</x4><x5>6.016563E-02</x5><x6>2.133375E+01</x6></dataPoint>
        <dataPoint><x4>3.832313E-01</x4><x5>6.026179E-02</x5><x6>2.128754E+01</x6></dataPoint>
        <dataPoint><x4>3.872313E-01</x4><x5>6.033533E-02</x5><x6>2.125231E+01</x6></dataPoint>
        <dataPoint><x4>3.912313E-01</x4><x5>6.039153E-02</x5><x6>2.122545E+01</x6></dataPoint>
        <dataPoint><x4>3.952313E-01</x4><x5>6.043446E-02</x5><x6>2.120498E+01</x6></dataPoint>
        <dataPoint><x4>3.992313E-01</x4><x5>6.046723E-02</x5><x6>2.118937E+01</x6></dataPoint>
        <dataPoint><x4>4.032313E-01</x4><x5>6.049225E-02</x5><x6>2.117747E+01</x6></dataPoint>
    </dataGroup>
    <dataGroup id="dg2" label="V-t history" dataPointLink="7">
        <property name="time"      id="x4"   label="t"            sourcetype="calculated"  units="s"   />
        <property name="volume"    id="x5"   label="V"            sourcetype="calculated"  units="cm3" />
        <property name="pressure"  id="x6"   label="p"            sourcetype="estimated"   units="bar"  kind="reactive" />

        <dataPoint><x4>0.000000E+00</x4><x5>1.000000E+00</x5><x6>7.946000E-01</x6></dataPoint>
        <dataPoint><x4>2.660000E-02</x4><x5>9.766872E-01</x5><x6>8.225486E-01</x6></dataPoint>
        <dataPoint><x4>5.320000E-02</x4><x5>9.546623E-01</x5><x6>8.504972E-01</x6></dataPoint>
        <dataPoint><x4>7.980000E-02</x4><x5>9.338153E-01</x5><x6>8.784458E-01</x6></dataPoint>
        <dataPoint><x4>1.064000E-01</x4><x5>9.140486E-01</x5><x6>9.063944E-01</x6></dataPoint>
        <dataPoint><x4>1.330000E-01</x4><x5>8.952757E-01</x5><x6>9.343429E-01</x6></dataPoint>
        <dataPoint><x4>1.596000E-01</x4><x5>8.774189E-01</x5><x6>9.622915E-01</x6></dataPoint>
        <dataPoint><x4>1.862000E-01</x4><x5>8.604089E-01</x5><x6>9.902401E-01</x6></dataPoint>
        <dataPoint><x4>2.128000E-01</x4><x5>8.441835E-01</x5><x6>1.018189E+00</x6></dataPoint>
        <dataPoint><x4>2.394000E-01</x4><x5>8.286862E-01</x5><x6>1.046137E+00</x6></dataPoint>
        <dataPoint><x4>2.660000E-01</x4><x5>8.138664E-01</x5><x6>1.074086E+00</x6></dataPoint>
        <dataPoint><x4>2.684984E-01</x4><x5>7.887879E-01</x5><x6>1.124322E+00</x6></dataPoint>
        <dataPoint><x4>2.712234E-01</x4><x5>7.624372E-01</x5><x6>1.181486E+00</x6></dataPoint>
        <dataPoint><x4>2.747468E-01</x4><x5>7.111385E-01</x5><x6>1.307797E+00</x6></dataPoint>
        <dataPoint><x4>2.775336E-01</x4><x5>6.912883E-01</x5><x6>1.362867E+00</x6></dataPoint>
        <dataPoint><x4>2.801536E-01</x4><x5>6.397116E-01</x5><x6>1.525689E+00</x6></dataPoint>
        <dataPoint><x4>2.808005E-01</x4><x5>6.033717E-01</x5><x6>1.661057E+00</x6></dataPoint>
        <dataPoint><x4>2.810020E-01</x4><x5>6.448569E-01</x5><x6>1.508015E+00</x6></dataPoint>
        <dataPoint><x4>2.812393E-01</x4><x5>6.297421E-01</x5><x6>1.560937E+00</x6></dataPoint>
        <dataPoint><x4>2.836377E-01</x4><x5>5.734908E-01</x5><x6>1.788181E+00</x6></dataPoint>
        <dataPoint><x4>2.839368E-01</x4><x5>5.857363E-01</x5><x6>1.734177E+00</x6></dataPoint>
        <dataPoint><x4>2.872812E-01</x4><x5>5.065646E-01</x5><x6>2.140493E+00</x6></dataPoint>
        <dataPoint><x4>2.874464E-01</x4><x5>5.127201E-01</x5><x6>2.103396E+00</x6></dataPoint>
        <dataPoint><x4>2.899980E-01</x4><x5>4.503047E-01</x5><x6>2.537544E+00</x6></dataPoint>
        <dataPoint><x4>2.904001E-01</x4><x5>4.534554E-01</x5><x6>2.512131E+00</x6></dataPoint>
        <dataPoint><x4>2.934217E-01</x4><x5>3.896870E-01</x5><x6>3.125284E+00</x6></dataPoint>
        <dataPoint><x4>2.936331E-01</x4><x5>3.755921E-01</x5><x6>3.295277E+00</x6></dataPoint>
        <dataPoint><x4>2.939412E-01</x4><x5>3.799196E-01</x5><x6>3.241465E+00</x6></dataPoint>
        <dataPoint><x4>2.952444E-01</x4><x5>3.467815E-01</x5><x6>3.695293E+00</x6></dataPoint>
        <dataPoint><x4>2.953901E-01</x4><x5>3.382072E-01</x5><x6>3.830333E+00</x6></dataPoint>
        <dataPoint><x4>2.962167E-01</x4><x5>3.277763E-01</x5><x6>4.006141E+00</x6></dataPoint>
        <dataPoint><x4>2.966050E-01</x4><x5>3.136564E-01</x5><x6>4.266708E+00</x6></dataPoint>
        <dataPoint><x4>2.969621E-01</x4><x5>3.110622E-01</x5><x6>4.317685E+00</x6></dataPoint>
        <dataPoint><x4>2.974598E-01</x4><x5>2.994420E-01</x5><x6>4.559118E+00</x6></dataPoint>
        <dataPoint><x4>2.976122E-01</x4><x5>2.941642E-01</x5><x6>4.676374E+00</x6></dataPoint>
        <dataPoint><x4>2.978065E-01</x4><x5>2.929521E-01</x5><x6>4.704021E+00</x6></dataPoint>
        <dataPoint><x4>2.980080E-01</x4><x5>2.853916E-01</x5><x6>4.882845E+00</x6></dataPoint>
        <dataPoint><x4>2.981603E-01</x4><x5>2.843588E-01</x5><x6>4.908161E+00</x6></dataPoint>
        <dataPoint><x4>2.990213E-01</x4><x5>2.651317E-01</x5><x6>5.423027E+00</x6></dataPoint>
        <dataPoint><x4>2.992108E-01</x4><x5>2.582007E-01</x5><x6>5.631328E+00</x6></dataPoint>
        <dataPoint><x4>2.994650E-01</x4><x5>2.532543E-01</x5><x6>5.788363E+00</x6></dataPoint>
        <dataPoint><x4>3.013882E-01</x4><x5>2.131416E-01</x5><x6>7.391545E+00</x6></dataPoint>
        <dataPoint><x4>3.016419E-01</x4><x5>2.068991E-01</x5><x6>7.708720E+00</x6></dataPoint>
        <dataPoint><x4>3.022026E-01</x4><x5>1.959155E-01</x5><x6>8.325730E+00</x6></dataPoint>
        <dataPoint><x4>3.025088E-01</x4><x5>1.902181E-01</x5><x6>8.679413E+00</x6></dataPoint>
        <dataPoint><x4>3.028095E-01</x4><x5>1.846512E-01</x5><x6>9.050194E+00</x6></dataPoint>
        <dataPoint><x4>3.028729E-01</x4><x5>1.828995E-01</x5><x6>9.172424E+00</x6></dataPoint>
        <dataPoint><x4>3.032390E-01</x4><x5>1.754188E-01</x5><x6>9.727246E+00</x6></dataPoint>
        <dataPoint><x4>3.035178E-01</x4><x5>1.689569E-01</x5><x6>1.025377E+01</x6></dataPoint>
        <dataPoint><x4>3.037806E-01</x4><x5>1.636475E-01</x5><x6>1.072351E+01</x6></dataPoint>
        <dataPoint><x4>3.042743E-01</x4><x5>1.537778E-01</x5><x6>1.169983E+01</x6></dataPoint>
        <dataPoint><x4>3.046989E-01</x4><x5>1.443097E-01</x5><x6>1.278667E+01</x6></dataPoint>
        <dataPoint><x4>3.050184E-01</x4><x5>1.381395E-01</x5><x6>1.359057E+01</x6></dataPoint>
        <dataPoint><x4>3.055077E-01</x4><x5>1.276072E-01</x5><x6>1.517743E+01</x6></dataPoint>
        <dataPoint><x4>3.057850E-01</x4><x5>1.223758E-01</x5><x6>1.608651E+01</x6></dataPoint>
        <dataPoint><x4>3.062863E-01</x4><x5>1.122802E-01</x5><x6>1.812645E+01</x6></dataPoint>
        <dataPoint><x4>3.064758E-01</x4><x5>1.087129E-01</x5><x6>1.895475E+01</x6></dataPoint>
        <dataPoint><x4>3.066065E-01</x4><x5>1.062222E-01</x5><x6>1.957203E+01</x6></dataPoint>
        <dataPoint><x4>3.070811E-01</x4><x5>9.722533E-02</x5><x6>2.211464E+01</x6></dataPoint>
        <dataPoint><x4>3.074622E-01</x4><x5>9.013212E-02</x5><x6>2.454488E+01</x6></dataPoint>
        <dataPoint><x4>3.075680E-01</x4><x5>8.841517E-02</x5><x6>2.520225E+01</x6></dataPoint>
        <dataPoint><x4>3.079827E-01</x4><x5>8.132024E-02</x5><x6>2.826693E+01</x6></dataPoint>
        <dataPoint><x4>3.084333E-01</x4><x5>7.442709E-02</x5><x6>3.190874E+01</x6></dataPoint>
        <dataPoint><x4>3.088564E-01</x4><x5>6.918037E-02</x5><x6>3.525651E+01</x6></dataPoint>
        <dataPoint><x4>3.091843E-01</x4><x5>6.628106E-02</x5><x6>3.737418E+01</x6></dataPoint>
        <dataPoint><x4>3.096574E-01</x4><x5>6.325593E-02</x5><x6>3.982697E+01</x6></dataPoint>
        <dataPoint><x4>3.101745E-01</x4><x5>6.052404E-02</x5><x6>4.228948E+01</x6></dataPoint>
        <dataPoint><x4>3.104158E-01</x4><x5>5.906771E-02</x5><x6>4.371126E+01</x6></dataPoint>
        <dataPoint><x4>3.106364E-01</x4><x5>5.807406E-02</x5><x6>4.472918E+01</x6></dataPoint>
        <dataPoint><x4>3.108681E-01</x4><x5>5.692730E-02</x5><x6>4.595556E+01</x6></dataPoint>
        <dataPoint><x4>3.110238E-01</x4><x5>5.617751E-02</x5><x6>4.678903E+01</x6></dataPoint>
        <dataPoint><x4>3.114413E-01</x4><x5>5.462586E-02</x5><x6>4.859881E+01</x6></dataPoint>
        <dataPoint><x4>3.117746E-01</x4><x5>5.392088E-02</x5><x6>4.946127E+01</x6></dataPoint>
        <dataPoint><x4>3.124000E-01</x4><x5>5.340439E-02</x5><x6>5.011000E+01</x6></dataPoint>
        <dataPoint><x4>3.164000E-01</x4><x5>5.410589E-02</x5><x6>4.923240E+01</x6></dataPoint>
        <dataPoint><x4>3.204000E-01</x4><x5>5.467862E-02</x5><x6>4.853530E+01</x6></dataPoint>
        <dataPoint><x4>3.244000E-01</x4><x5>5.512483E-02</x5><x6>4.800388E+01</x6></dataPoint>
        <dataPoint><x4>3.284000E-01</x4><x5>5.547073E-02</x5><x6>4.759876E+01</x6></dataPoint>
        <dataPoint><x4>3.324000E-01</x4><x5>5.573784E-02</x5><x6>4.728993E+01</x6></dataPoint>
        <dataPoint><x4>3.364000E-01</x4><x5>5.594349E-02</x5><x6>4.705449E+01</x6></dataPoint>
        <dataPoint><x4>3.404000E-01</x4><x5>5.610146E-02</x5><x6>4.687501E+01</x6></dataPoint>
        <dataPoint><x4>3.444000E-01</x4><x5>5.622258E-02</x5><x6>4.673819E+01</x6></dataPoint>
        <dataPoint><x4>3.484000E-01</x4><x5>5.631533E-02</x5><x6>4.663388E+01</x6></dataPoint>
        <dataPoint><x4>3.524000E-01</x4><x5>5.638628E-02</x5><x6>4.655436E+01</x6></dataPoint>
        <dataPoint><x4>3.564000E-01</x4><x5>5.644050E-02</x5><x6>4.649375E+01</x6></dataPoint>
        <dataPoint><x4>3.604000E-01</x4><x5>5.648192E-02</x5><x6>4.644754E+01</x6></dataPoint>
        <dataPoint><x4>3.644000E-01</x4><x5>5.651354E-02</x5><x6>4.641231E+01</x6></dataPoint>
        <dataPoint><x4>3.684000E-01</x4><x5>5.653767E-02</x5><x6>4.638545E+01</x6></dataPoint>
        <dataPoint><x4>3.724000E-01</x4><x5>5.655609E-02</x5><x6>4.636498E+01</x6></dataPoint>
        <dataPoint><x4>3.764000E-01</x4><x5>5.657013E-02</x5><x6>4.634937E+01</x6></dataPoint>
        <dataPoint><x4>3.804000E-01</x4><x5>5.658085E-02</x5><x6>4.633747E+01</x6></dataPoint>
    </dataGroup>
</experiment>
