<experiment>
    <fileAuthor>Chemical Kinetics Laboratory, Institute of Chemistry, ELTE, Budapest, Hungary</fileAuthor>
    <fileDOI>10.24388/x40004037</fileDOI>
    <fileVersion>
        <major>2</major>
        <minor>3</minor>
    </fileVersion>
    <ReSpecThVersion>
        <major>2</major>
        <minor>3</minor>
    </ReSpecThVersion>
    <firstPublicationDate>2020-09-08</firstPublicationDate>
    <lastModificationDate>2020-11-18</lastModificationDate>
    <bibliographyLink>
        <description>U. Burke, K. P. Somers, P. O’Toole, C. M. Zinner, N. Marquet, G. Bourque, E. L. Petersen, W. K. Metcalfe, Z. Serinyel, H. J. Curran, Combustion and Flame 162 (2015), 315–330.</description>
        <referenceDOI>10.1016/j.combustflame.2014.08.014</referenceDOI>
        <location>Main Article + Personal Communication</location>
        <table>Table 3</table>
        <figure>Fig.5 (a), red circle, phi = 0.3, Pc = 25 atm</figure>
        <details>
            <author>U. Burke, K. P. Somers, P. O’Toole, C. M. Zinner, N. Marquet, G. Bourque, E. L. Petersen, W. K. Metcalfe, Z. Serinyel, H. J. Curran</author>
            <journal>Combust Flame</journal>
            <pages>315–-330</pages>
            <title>An ignition delay and kinetic modeling study of methane, dimethyl ether, and their mixtures at high pressures</title>
            <volume>162</volume>
            <year>2015</year>
        </details>
    </bibliographyLink>
    <experimentType>ignition delay measurement</experimentType>
    <apparatus>
        <kind>rapid compression machine</kind>
    </apparatus>
    <commonProperties>
        <property name="initial composition"           sourcetype="calculated" >
            <component><speciesLink preferredKey="CH4"  CAS="74-82-8"    InChI="1S/CH4/h1H4"  SMILES="C"     chemName="methane" /><amount units="mole fraction" >0.03053435</amount></component>
            <component><speciesLink preferredKey="O2"   CAS="7782-44-7"  InChI="1S/O2/c1-2"   SMILES="O=O"   chemName="oxygen"  /><amount units="mole fraction" >0.20366412</amount></component>
            <component><speciesLink preferredKey="Ar"   CAS="7440-37-1"  InChI="1S/Ar"        SMILES="[Ar]"  chemName="argon"   /><amount units="mole fraction" >0.76580153</amount></component>
        </property>
        <property name="evaluated standard deviation"  sourcetype="estimated"   units="unitless"       reference="ignition delay"  kind="relative"  method="statistical scatter" ><value>0.237</value></property>
    </commonProperties>
    <dataGroup id="dg1" label="measured data">
        <property name="pressure"        id="x1"   label="P"              sourcetype="calculated"  units="atm" />
        <property name="temperature"     id="x2"   label="T"              sourcetype="calculated"  units="K"   />
        <property name="ignition delay"  id="x3"   label="tau"            sourcetype="reported"    units="ms"  />

        <dataPoint><x1>0.7514</x1><x2>326.6</x2><x3>16.1</x3></dataPoint>
        <dataPoint><x1>0.7522</x1><x2>331.0</x2><x3>13.0</x3></dataPoint>
        <dataPoint><x1>0.7542</x1><x2>341.3</x2> <x3>9.6</x3></dataPoint>
        <dataPoint><x1>0.7544</x1><x2>341.6</x2> <x3>9.6</x3></dataPoint>
        <dataPoint><x1>0.7560</x1><x2>350.0</x2> <x3>5.8</x3></dataPoint>
        <dataPoint><x1>0.7562</x1><x2>350.3</x2> <x3>5.0</x3></dataPoint>
        <dataPoint><x1>0.7576</x1><x2>358.0</x2> <x3>4.6</x3></dataPoint>
    </dataGroup>
    <ignitionType target="p;" type="d/dt max"/>
    <comment>The inital temperature and pressure were deduced backward from the temperature and pressure at the end of compression showed in original article, the adjustments of initial pressure were within 0.87%</comment>
    <dataGroup id="dg2" label="V-t history" dataPointLink="all">
        <property name="time"    id="x4"   label="t"            sourcetype="calculated"  units="s"   />
        <property name="volume"  id="x5"   label="V"            sourcetype="calculated"  units="cm3" />

        <dataPoint><x4>0.000000E+00</x4><x5>1.000000E+00</x5></dataPoint>
        <dataPoint><x4>1.680820E-03</x4><x5>9.556901E-01</x5></dataPoint>
        <dataPoint><x4>2.827910E-03</x4><x5>9.241359E-01</x5></dataPoint>
        <dataPoint><x4>4.327790E-03</x4><x5>8.598218E-01</x5></dataPoint>
        <dataPoint><x4>5.285180E-03</x4><x5>8.070056E-01</x5></dataPoint>
        <dataPoint><x4>5.335600E-03</x4><x5>8.017125E-01</x5></dataPoint>
        <dataPoint><x4>5.883810E-03</x4><x5>7.652998E-01</x5></dataPoint>
        <dataPoint><x4>6.833730E-03</x4><x5>6.992450E-01</x5></dataPoint>
        <dataPoint><x4>7.285950E-03</x4><x5>6.668590E-01</x5></dataPoint>
        <dataPoint><x4>7.586820E-03</x4><x5>6.436977E-01</x5></dataPoint>
        <dataPoint><x4>8.032180E-03</x4><x5>6.102129E-01</x5></dataPoint>
        <dataPoint><x4>8.387550E-03</x4><x5>5.823864E-01</x5></dataPoint>
        <dataPoint><x4>8.733700E-03</x4><x5>5.562367E-01</x5></dataPoint>
        <dataPoint><x4>9.185990E-03</x4><x5>5.206438E-01</x5></dataPoint>
        <dataPoint><x4>9.385440E-03</x4><x5>5.052324E-01</x5></dataPoint>
        <dataPoint><x4>9.635580E-03</x4><x5>4.854084E-01</x5></dataPoint>
        <dataPoint><x4>1.003487E-02</x4><x5>4.547376E-01</x5></dataPoint>
        <dataPoint><x4>1.028613E-02</x4><x5>4.355183E-01</x5></dataPoint>
        <dataPoint><x4>1.058479E-02</x4><x5>4.126795E-01</x5></dataPoint>
        <dataPoint><x4>1.078596E-02</x4><x5>3.970526E-01</x5></dataPoint>
        <dataPoint><x4>1.093671E-02</x4><x5>3.857146E-01</x5></dataPoint>
        <dataPoint><x4>1.123500E-02</x4><x5>3.619979E-01</x5></dataPoint>
        <dataPoint><x4>1.143579E-02</x4><x5>3.461008E-01</x5></dataPoint>
        <dataPoint><x4>1.168609E-02</x4><x5>3.263202E-01</x5></dataPoint>
        <dataPoint><x4>1.183650E-02</x4><x5>3.143269E-01</x5></dataPoint>
        <dataPoint><x4>1.203599E-02</x4><x5>2.986451E-01</x5></dataPoint>
        <dataPoint><x4>1.218605E-02</x4><x5>2.867715E-01</x5></dataPoint>
        <dataPoint><x4>1.233604E-02</x4><x5>2.748854E-01</x5></dataPoint>
        <dataPoint><x4>1.253596E-02</x4><x5>2.590138E-01</x5></dataPoint>
        <dataPoint><x4>1.273588E-02</x4><x5>2.432403E-01</x5></dataPoint>
        <dataPoint><x4>1.293622E-02</x4><x5>2.276628E-01</x5></dataPoint>
        <dataPoint><x4>1.313595E-02</x4><x5>2.129125E-01</x5></dataPoint>
        <dataPoint><x4>1.338548E-02</x4><x5>1.962988E-01</x5></dataPoint>
        <dataPoint><x4>1.368628E-02</x4><x5>1.789448E-01</x5></dataPoint>
        <dataPoint><x4>1.393622E-02</x4><x5>1.664093E-01</x5></dataPoint>
        <dataPoint><x4>1.413669E-02</x4><x5>1.572481E-01</x5></dataPoint>
        <dataPoint><x4>1.433598E-02</x4><x5>1.484785E-01</x5></dataPoint>
        <dataPoint><x4>1.448579E-02</x4><x5>1.420952E-01</x5></dataPoint>
        <dataPoint><x4>1.498432E-02</x4><x5>1.233586E-01</x5></dataPoint>
        <dataPoint><x4>1.518507E-02</x4><x5>1.180485E-01</x5></dataPoint>
        <dataPoint><x4>1.533689E-02</x4><x5>1.149831E-01</x5></dataPoint>
        <dataPoint><x4>1.548731E-02</x4><x5>1.126373E-01</x5></dataPoint>
        <dataPoint><x4>1.563826E-02</x4><x5>1.110523E-01</x5></dataPoint>
        <dataPoint><x4>1.584189E-02</x4><x5>1.098052E-01</x5></dataPoint>
        <dataPoint><x4>1.609642E-02</x4><x5>1.090121E-01</x5></dataPoint>
        <dataPoint><x4>1.644988E-02</x4><x5>1.084176E-01</x5></dataPoint>
        <dataPoint><x4>1.715939E-02</x4><x5>1.079914E-01</x5></dataPoint>
        <dataPoint><x4>1.800003E-02</x4><x5>1.082012E-01</x5></dataPoint>
        <dataPoint><x4>1.943876E-02</x4><x5>1.104359E-01</x5></dataPoint>
        <dataPoint><x4>2.024150E-02</x4><x5>1.113480E-01</x5></dataPoint>
        <dataPoint><x4>2.079910E-02</x4><x5>1.117969E-01</x5></dataPoint>
        <dataPoint><x4>2.214283E-02</x4><x5>1.124726E-01</x5></dataPoint>
        <dataPoint><x4>2.503357E-02</x4><x5>1.155506E-01</x5></dataPoint>
        <dataPoint><x4>2.639733E-02</x4><x5>1.166711E-01</x5></dataPoint>
        <dataPoint><x4>2.915842E-02</x4><x5>1.177483E-01</x5></dataPoint>
        <dataPoint><x4>3.237611E-02</x4><x5>1.200786E-01</x5></dataPoint>
        <dataPoint><x4>3.588496E-02</x4><x5>1.211278E-01</x5></dataPoint>
        <dataPoint><x4>3.854160E-02</x4><x5>1.226352E-01</x5></dataPoint>
        <dataPoint><x4>3.998748E-02</x4><x5>1.231540E-01</x5></dataPoint>
        <dataPoint><x4>4.144824E-02</x4><x5>1.234099E-01</x5></dataPoint>
        <dataPoint><x4>4.260048E-02</x4><x5>1.237714E-01</x5></dataPoint>
        <dataPoint><x4>4.515801E-02</x4><x5>1.249684E-01</x5></dataPoint>
        <dataPoint><x4>4.954069E-02</x4><x5>1.260135E-01</x5></dataPoint>
        <dataPoint><x4>5.116409E-02</x4><x5>1.266333E-01</x5></dataPoint>
        <dataPoint><x4>5.949899E-02</x4><x5>1.286741E-01</x5></dataPoint>
        <dataPoint><x4>6.936979E-02</x4><x5>1.307094E-01</x5></dataPoint>
        <dataPoint><x4>7.813149E-02</x4><x5>1.322124E-01</x5></dataPoint>
        <dataPoint><x4>9.230369E-02</x4><x5>1.342511E-01</x5></dataPoint>
        <dataPoint><x4>1.086450E-01</x4><x5>1.360406E-01</x5></dataPoint>
        <dataPoint><x4>1.237509E-01</x4><x5>1.374561E-01</x5></dataPoint>
        <dataPoint><x4>1.457891E-01</x4><x5>1.393093E-01</x5></dataPoint>
        <dataPoint><x4>2.119000E-01</x4><x5>1.445782E-01</x5></dataPoint>
        <dataPoint><x4>2.381800E-01</x4><x5>1.470829E-01</x5></dataPoint>
        <dataPoint><x4>2.752453E-01</x4><x5>1.509840E-01</x5></dataPoint>
        <dataPoint><x4>3.350526E-01</x4><x5>1.575518E-01</x5></dataPoint>
        <dataPoint><x4>3.725207E-01</x4><x5>1.618390E-01</x5></dataPoint>
        <dataPoint><x4>4.167624E-01</x4><x5>1.666634E-01</x5></dataPoint>
        <dataPoint><x4>4.417016E-01</x4><x5>1.693734E-01</x5></dataPoint>
        <dataPoint><x4>4.471334E-01</x4><x5>1.699266E-01</x5></dataPoint>
    </dataGroup>
</experiment>
