<experiment>
    <fileAuthor>Chemical Kinetics Laboratory, Institute of Chemistry, ELTE, Budapest, Hungary</fileAuthor>
    <fileDOI>10.24388/x40004061</fileDOI>
    <fileVersion>
        <major>2</major>
        <minor>3</minor>
    </fileVersion>
    <ReSpecThVersion>
        <major>2</major>
        <minor>3</minor>
    </ReSpecThVersion>
    <firstPublicationDate>2020-09-08</firstPublicationDate>
    <lastModificationDate>2020-11-18</lastModificationDate>
    <bibliographyLink>
        <description>S. Gersen, H. Darmeveil, H. Levinsky, Combustion and Flame 159 (2012), 3472–3475.</description>
        <referenceDOI>10.1016/j.combustflame.2012.06.021</referenceDOI>
        <location>Main Article + Supplementary + Personal Communication</location>
        <table>Supplementary material, Appendix A, Appendix B</table>
        <figure>Fig. 4, Tc = 1010 K, phi = 0.5, CH4:H2:CO = 7:3:0 series</figure>
        <details>
            <author>S. Gersen, H. Darmeveil, H. Levinsky</author>
            <journal>Combust Flame</journal>
            <pages>3472–-3475</pages>
            <title>The effects of CO addition on the autoignition of H2, CH4 and CH4/H2 fuels at high pressure in an RCM</title>
            <volume>159</volume>
            <year>2012</year>
        </details>
    </bibliographyLink>
    <experimentType>ignition delay measurement</experimentType>
    <apparatus>
        <kind>rapid compression machine</kind>
    </apparatus>
    <commonProperties>
        <property name="initial composition"           sourcetype="reported"  >
            <component><speciesLink preferredKey="CH4"  CAS="74-82-8"    InChI="1S/CH4/h1H4"  SMILES="C"          chemName="methane"         /><amount units="mole fraction" >0.042</amount></component>
            <component><speciesLink preferredKey="H2"   CAS="1333-74-0"  InChI="1S/H2/h1H"    SMILES="[HH]"       chemName="hydrogen"        /><amount units="mole fraction" >0.018</amount></component>
            <component><speciesLink preferredKey="CO"   CAS="630-08-0"   InChI="1S/CO/c1-2"   SMILES="[C-]#[O+]"  chemName="carbon monoxide" /><amount units="mole fraction" >0</amount></component>
            <component><speciesLink preferredKey="O2"   CAS="7782-44-7"  InChI="1S/O2/c1-2"   SMILES="O=O"        chemName="oxygen"          /><amount units="mole fraction" >0.188</amount></component>
            <component><speciesLink preferredKey="N2"   CAS="7727-37-9"  InChI="1S/N2/c1-2"   SMILES="N#N"        chemName="nitrogen"        /><amount units="mole fraction" >0.300</amount></component>
            <component><speciesLink preferredKey="Ar"   CAS="7440-37-1"  InChI="1S/Ar"        SMILES="[Ar]"       chemName="argon"           /><amount units="mole fraction" >0.452</amount></component>
        </property>
        <property name="evaluated standard deviation"  sourcetype="estimated"  units="unitless"       reference="ignition delay"  kind="relative"  method="generic uncertainty" ><value>0.1</value></property>
    </commonProperties>
    <dataGroup id="dg1" label="measured data">
        <property name="pressure"        id="x1"   label="P"              sourcetype="reported"  units="bar" />
        <property name="temperature"     id="x2"   label="T"              sourcetype="reported"  units="K"   />
        <property name="ignition delay"  id="x3"   label="tau"            sourcetype="reported"  units="ms"  />

        <dataPoint><x1>0.9126</x1><x2>296.15</x2> <x3>4.6</x3></dataPoint>
        <dataPoint><x1>0.3698</x1><x2>297.05</x2><x3>12.4</x3></dataPoint>
        <dataPoint><x1>0.5547</x1><x2>297.15</x2> <x3>9.8</x3></dataPoint>
        <dataPoint><x1>0.7389</x1><x2>297.15</x2> <x3>6.4</x3></dataPoint>
        <dataPoint><x1>1.1067</x1><x2>297.15</x2> <x3>3.2</x3></dataPoint>
        <dataPoint><x1>1.1077</x1><x2>297.25</x2> <x3>3.0</x3></dataPoint>
        <dataPoint><x1>1.2936</x1><x2>297.35</x2><x3>2.36</x3></dataPoint>
    </dataGroup>
    <ignitionType target="p;" type="d/dt max"/>
    <dataGroup id="dg2" label="V-t history" dataPointLink="1">
        <property name="time"      id="x4"   label="t"            sourcetype="calculated"  units="s"   />
        <property name="volume"    id="x5"   label="V"            sourcetype="calculated"  units="cm3" />
        <property name="pressure"  id="x6"   label="p"            sourcetype="estimated"   units="bar"  kind="reactive" />

        <dataPoint><x4>0.000000E+00</x4><x5>1.000000E+00</x5><x6>9.126000E-01</x6></dataPoint>
        <dataPoint><x4>1.371800E-01</x4><x5>1.000000E+00</x5><x6>9.126000E-01</x6></dataPoint>
        <dataPoint><x4>2.236000E-01</x4><x5>7.789052E-01</x5><x6>1.320167E+00</x6></dataPoint>
        <dataPoint><x4>2.249997E-01</x4><x5>7.790632E-01</x5><x6>1.319772E+00</x6></dataPoint>
        <dataPoint><x4>2.296557E-01</x4><x5>7.159223E-01</x5><x6>1.494946E+00</x6></dataPoint>
        <dataPoint><x4>2.305506E-01</x4><x5>6.946387E-01</x5><x6>1.562923E+00</x6></dataPoint>
        <dataPoint><x4>2.352119E-01</x4><x5>5.818316E-01</x5><x6>2.028470E+00</x6></dataPoint>
        <dataPoint><x4>2.354016E-01</x4><x5>5.868874E-01</x5><x6>2.002844E+00</x6></dataPoint>
        <dataPoint><x4>2.358986E-01</x4><x5>5.596836E-01</x5><x6>2.147467E+00</x6></dataPoint>
        <dataPoint><x4>2.378532E-01</x4><x5>5.190885E-01</x5><x6>2.398383E+00</x6></dataPoint>
        <dataPoint><x4>2.404703E-01</x4><x5>4.419116E-01</x5><x6>3.036076E+00</x6></dataPoint>
        <dataPoint><x4>2.425367E-01</x4><x5>3.843174E-01</x5><x6>3.723113E+00</x6></dataPoint>
        <dataPoint><x4>2.440604E-01</x4><x5>3.373358E-01</x5><x6>4.502116E+00</x6></dataPoint>
        <dataPoint><x4>2.457436E-01</x4><x5>2.860986E-01</x5><x6>5.719364E+00</x6></dataPoint>
        <dataPoint><x4>2.459473E-01</x4><x5>2.763722E-01</x5><x6>6.013410E+00</x6></dataPoint>
        <dataPoint><x4>2.467480E-01</x4><x5>2.571775E-01</x5><x6>6.673872E+00</x6></dataPoint>
        <dataPoint><x4>2.484273E-01</x4><x5>2.048525E-01</x5><x6>9.265831E+00</x6></dataPoint>
        <dataPoint><x4>2.494752E-01</x4><x5>1.739037E-01</x5><x6>1.172137E+01</x6></dataPoint>
        <dataPoint><x4>2.504899E-01</x4><x5>1.449720E-01</x5><x6>1.520068E+01</x6></dataPoint>
        <dataPoint><x4>2.509258E-01</x4><x5>1.325220E-01</x5><x6>1.727242E+01</x6></dataPoint>
        <dataPoint><x4>2.512091E-01</x4><x5>1.239910E-01</x5><x6>1.898370E+01</x6></dataPoint>
        <dataPoint><x4>2.514060E-01</x4><x5>1.185530E-01</x5><x6>2.022966E+01</x6></dataPoint>
        <dataPoint><x4>2.516090E-01</x4><x5>1.129433E-01</x5><x6>2.166643E+01</x6></dataPoint>
        <dataPoint><x4>2.518109E-01</x4><x5>1.075189E-01</x5><x6>2.322745E+01</x6></dataPoint>
        <dataPoint><x4>2.520004E-01</x4><x5>1.026330E-01</x5><x6>2.480333E+01</x6></dataPoint>
        <dataPoint><x4>2.522113E-01</x4><x5>9.690548E-02</x5><x6>2.689413E+01</x6></dataPoint>
        <dataPoint><x4>2.524017E-01</x4><x5>9.217053E-02</x5><x6>2.885841E+01</x6></dataPoint>
        <dataPoint><x4>2.526217E-01</x4><x5>8.679239E-02</x5><x6>3.140197E+01</x6></dataPoint>
        <dataPoint><x4>2.528147E-01</x4><x5>8.261407E-02</x5><x6>3.365242E+01</x6></dataPoint>
        <dataPoint><x4>2.530099E-01</x4><x5>7.880586E-02</x5><x6>3.595261E+01</x6></dataPoint>
        <dataPoint><x4>2.543570E-01</x4><x5>6.433976E-02</x5><x6>4.772391E+01</x6></dataPoint>
        <dataPoint><x4>2.544024E-01</x4><x5>6.395935E-02</x5><x6>4.811980E+01</x6></dataPoint>
        <dataPoint><x4>2.546381E-01</x4><x5>6.269239E-02</x5><x6>4.947951E+01</x6></dataPoint>
        <dataPoint><x4>2.552000E-01</x4><x5>6.224085E-02</x5><x6>4.998000E+01</x6></dataPoint>
        <dataPoint><x4>2.562000E-01</x4><x5>6.255228E-02</x5><x6>4.963389E+01</x6></dataPoint>
        <dataPoint><x4>2.572000E-01</x4><x5>6.291533E-02</x5><x6>4.923553E+01</x6></dataPoint>
        <dataPoint><x4>2.582000E-01</x4><x5>6.325369E-02</x5><x6>4.886915E+01</x6></dataPoint>
        <dataPoint><x4>2.592000E-01</x4><x5>6.356871E-02</x5><x6>4.853218E+01</x6></dataPoint>
        <dataPoint><x4>2.602000E-01</x4><x5>6.386176E-02</x5><x6>4.822226E+01</x6></dataPoint>
        <dataPoint><x4>2.612000E-01</x4><x5>6.413412E-02</x5><x6>4.793722E+01</x6></dataPoint>
        <dataPoint><x4>2.622000E-01</x4><x5>6.438706E-02</x5><x6>4.767507E+01</x6></dataPoint>
        <dataPoint><x4>2.632000E-01</x4><x5>6.462180E-02</x5><x6>4.743396E+01</x6></dataPoint>
        <dataPoint><x4>2.642000E-01</x4><x5>6.483949E-02</x5><x6>4.721220E+01</x6></dataPoint>
        <dataPoint><x4>2.652000E-01</x4><x5>6.504125E-02</x5><x6>4.700824E+01</x6></dataPoint>
        <dataPoint><x4>2.662000E-01</x4><x5>6.522814E-02</x5><x6>4.682066E+01</x6></dataPoint>
        <dataPoint><x4>2.672000E-01</x4><x5>6.540115E-02</x5><x6>4.664814E+01</x6></dataPoint>
        <dataPoint><x4>2.682000E-01</x4><x5>6.556123E-02</x5><x6>4.648946E+01</x6></dataPoint>
        <dataPoint><x4>2.692000E-01</x4><x5>6.570929E-02</x5><x6>4.634353E+01</x6></dataPoint>
        <dataPoint><x4>2.702000E-01</x4><x5>6.584616E-02</x5><x6>4.620931E+01</x6></dataPoint>
    </dataGroup>
    <dataGroup id="dg2" label="V-t history" dataPointLink="2">
        <property name="time"      id="x4"   label="t"            sourcetype="calculated"  units="s"   />
        <property name="volume"    id="x5"   label="V"            sourcetype="calculated"  units="cm3" />
        <property name="pressure"  id="x6"   label="p"            sourcetype="estimated"   units="bar"  kind="reactive" />

        <dataPoint><x4>0.000000E+00</x4><x5>1.000000E+00</x5><x6>3.698000E-01</x6></dataPoint>
        <dataPoint><x4>1.126000E-01</x4><x5>1.000000E+00</x5><x6>3.698000E-01</x6></dataPoint>
        <dataPoint><x4>2.358000E-01</x4><x5>7.565940E-01</x5><x6>5.583672E-01</x6></dataPoint>
        <dataPoint><x4>2.446871E-01</x4><x5>5.463012E-01</x5><x6>9.015951E-01</x6></dataPoint>
        <dataPoint><x4>2.487871E-01</x4><x5>4.240869E-01</x5><x6>1.306452E+00</x6></dataPoint>
        <dataPoint><x4>2.509927E-01</x4><x5>3.679111E-01</x5><x6>1.607544E+00</x6></dataPoint>
        <dataPoint><x4>2.515898E-01</x4><x5>3.595691E-01</x5><x6>1.662177E+00</x6></dataPoint>
        <dataPoint><x4>2.539655E-01</x4><x5>2.812394E-01</x5><x6>2.375398E+00</x6></dataPoint>
        <dataPoint><x4>2.543871E-01</x4><x5>2.645719E-01</x5><x6>2.595147E+00</x6></dataPoint>
        <dataPoint><x4>2.544011E-01</x4><x5>2.639193E-01</x5><x6>2.604439E+00</x6></dataPoint>
        <dataPoint><x4>2.551385E-01</x4><x5>2.461241E-01</x5><x6>2.881054E+00</x6></dataPoint>
        <dataPoint><x4>2.554012E-01</x4><x5>2.395331E-01</x5><x6>2.996248E+00</x6></dataPoint>
        <dataPoint><x4>2.556084E-01</x4><x5>2.265156E-01</x5><x6>3.247815E+00</x6></dataPoint>
        <dataPoint><x4>2.560601E-01</x4><x5>2.172929E-01</x5><x6>3.448309E+00</x6></dataPoint>
        <dataPoint><x4>2.573613E-01</x4><x5>1.796952E-01</x5><x6>4.530566E+00</x6></dataPoint>
        <dataPoint><x4>2.582253E-01</x4><x5>1.539169E-01</x5><x6>5.653605E+00</x6></dataPoint>
        <dataPoint><x4>2.588444E-01</x4><x5>1.353664E-01</x5><x6>6.788441E+00</x6></dataPoint>
        <dataPoint><x4>2.590502E-01</x4><x5>1.290454E-01</x5><x6>7.265677E+00</x6></dataPoint>
        <dataPoint><x4>2.592069E-01</x4><x5>1.246551E-01</x5><x6>7.631463E+00</x6></dataPoint>
        <dataPoint><x4>2.594887E-01</x4><x5>1.157806E-01</x5><x6>8.473249E+00</x6></dataPoint>
        <dataPoint><x4>2.600841E-01</x4><x5>9.861197E-02</x5><x6>1.062846E+01</x6></dataPoint>
        <dataPoint><x4>2.609652E-01</x4><x5>7.595744E-02</x5><x6>1.533092E+01</x6></dataPoint>
        <dataPoint><x4>2.620958E-01</x4><x5>6.278068E-02</x5><x6>1.999957E+01</x6></dataPoint>
        <dataPoint><x4>2.624000E-01</x4><x5>6.244366E-02</x5><x6>2.015000E+01</x6></dataPoint>
        <dataPoint><x4>2.654000E-01</x4><x5>6.424109E-02</x5><x6>1.936925E+01</x6></dataPoint>
        <dataPoint><x4>2.684000E-01</x4><x5>6.543439E-02</x5><x6>1.887889E+01</x6></dataPoint>
        <dataPoint><x4>2.714000E-01</x4><x5>6.615401E-02</x5><x6>1.859329E+01</x6></dataPoint>
        <dataPoint><x4>2.744000E-01</x4><x5>6.658188E-02</x5><x6>1.842695E+01</x6></dataPoint>
        <dataPoint><x4>2.774000E-01</x4><x5>6.683412E-02</x5><x6>1.833007E+01</x6></dataPoint>
        <dataPoint><x4>2.804000E-01</x4><x5>6.698208E-02</x5><x6>1.827364E+01</x6></dataPoint>
        <dataPoint><x4>2.834000E-01</x4><x5>6.706862E-02</x5><x6>1.824077E+01</x6></dataPoint>
        <dataPoint><x4>2.864000E-01</x4><x5>6.711914E-02</x5><x6>1.822163E+01</x6></dataPoint>
        <dataPoint><x4>2.894000E-01</x4><x5>6.714861E-02</x5><x6>1.821048E+01</x6></dataPoint>
        <dataPoint><x4>2.924000E-01</x4><x5>6.716579E-02</x5><x6>1.820399E+01</x6></dataPoint>
    </dataGroup>
    <dataGroup id="dg2" label="V-t history" dataPointLink="3">
        <property name="time"      id="x4"   label="t"            sourcetype="calculated"  units="s"   />
        <property name="volume"    id="x5"   label="V"            sourcetype="calculated"  units="cm3" />
        <property name="pressure"  id="x6"   label="p"            sourcetype="estimated"   units="bar"  kind="reactive" />

        <dataPoint><x4>0.000000E+00</x4><x5>1.000000E+00</x5><x6>5.547000E-01</x6></dataPoint>
        <dataPoint><x4>1.032000E-01</x4><x5>1.000000E+00</x5><x6>5.547000E-01</x6></dataPoint>
        <dataPoint><x4>2.024000E-01</x4><x5>7.719150E-01</x5><x6>8.131459E-01</x6></dataPoint>
        <dataPoint><x4>2.027516E-01</x4><x5>8.253823E-01</x5><x6>7.366252E-01</x6></dataPoint>
        <dataPoint><x4>2.130558E-01</x4><x5>5.973445E-01</x5><x6>1.186101E+00</x6></dataPoint>
        <dataPoint><x4>2.174417E-01</x4><x5>4.685354E-01</x5><x6>1.693794E+00</x6></dataPoint>
        <dataPoint><x4>2.199498E-01</x4><x5>3.936333E-01</x5><x6>2.184957E+00</x6></dataPoint>
        <dataPoint><x4>2.199973E-01</x4><x5>3.904664E-01</x5><x6>2.210866E+00</x6></dataPoint>
        <dataPoint><x4>2.214599E-01</x4><x5>3.507112E-01</x5><x6>2.585467E+00</x6></dataPoint>
        <dataPoint><x4>2.234024E-01</x4><x5>2.878276E-01</x5><x6>3.445406E+00</x6></dataPoint>
        <dataPoint><x4>2.235926E-01</x4><x5>2.778642E-01</x5><x6>3.625905E+00</x6></dataPoint>
        <dataPoint><x4>2.239007E-01</x4><x5>2.711954E-01</x5><x6>3.755761E+00</x6></dataPoint>
        <dataPoint><x4>2.247535E-01</x4><x5>2.431935E-01</x5><x6>4.396901E+00</x6></dataPoint>
        <dataPoint><x4>2.251942E-01</x4><x5>2.289021E-01</x5><x6>4.798522E+00</x6></dataPoint>
        <dataPoint><x4>2.263595E-01</x4><x5>1.944634E-01</x5><x6>6.067635E+00</x6></dataPoint>
        <dataPoint><x4>2.273818E-01</x4><x5>1.619052E-01</x5><x6>7.888994E+00</x6></dataPoint>
        <dataPoint><x4>2.278028E-01</x4><x5>1.483050E-01</x5><x6>8.941407E+00</x6></dataPoint>
        <dataPoint><x4>2.282052E-01</x4><x5>1.367063E-01</x5><x6>1.004064E+01</x6></dataPoint>
        <dataPoint><x4>2.285017E-01</x4><x5>1.272745E-01</x5><x6>1.111392E+01</x6></dataPoint>
        <dataPoint><x4>2.286097E-01</x4><x5>1.242885E-01</x5><x6>1.149462E+01</x6></dataPoint>
        <dataPoint><x4>2.289697E-01</x4><x5>1.135736E-01</x5><x6>1.306013E+01</x6></dataPoint>
        <dataPoint><x4>2.291584E-01</x4><x5>1.079104E-01</x5><x6>1.403924E+01</x6></dataPoint>
        <dataPoint><x4>2.314267E-01</x4><x5>6.366171E-02</x5><x6>2.942102E+01</x6></dataPoint>
        <dataPoint><x4>2.320000E-01</x4><x5>6.270189E-02</x5><x6>3.005000E+01</x6></dataPoint>
        <dataPoint><x4>2.350000E-01</x4><x5>6.428687E-02</x5><x6>2.902329E+01</x6></dataPoint>
        <dataPoint><x4>2.380000E-01</x4><x5>6.516136E-02</x5><x6>2.848209E+01</x6></dataPoint>
        <dataPoint><x4>2.410000E-01</x4><x5>6.565282E-02</x5><x6>2.818542E+01</x6></dataPoint>
        <dataPoint><x4>2.440000E-01</x4><x5>6.592597E-02</x5><x6>2.802281E+01</x6></dataPoint>
        <dataPoint><x4>2.470000E-01</x4><x5>6.607684E-02</x5><x6>2.793367E+01</x6></dataPoint>
        <dataPoint><x4>2.500000E-01</x4><x5>6.615989E-02</x5><x6>2.788481E+01</x6></dataPoint>
        <dataPoint><x4>2.530000E-01</x4><x5>6.620552E-02</x5><x6>2.785802E+01</x6></dataPoint>
        <dataPoint><x4>2.560000E-01</x4><x5>6.623056E-02</x5><x6>2.784334E+01</x6></dataPoint>
        <dataPoint><x4>2.590000E-01</x4><x5>6.624430E-02</x5><x6>2.783529E+01</x6></dataPoint>
        <dataPoint><x4>2.620000E-01</x4><x5>6.625183E-02</x5><x6>2.783088E+01</x6></dataPoint>
    </dataGroup>
    <dataGroup id="dg2" label="V-t history" dataPointLink="4">
        <property name="time"      id="x4"   label="t"            sourcetype="calculated"  units="s"   />
        <property name="volume"    id="x5"   label="V"            sourcetype="calculated"  units="cm3" />
        <property name="pressure"  id="x6"   label="p"            sourcetype="estimated"   units="bar"  kind="reactive" />

        <dataPoint><x4>0.000000E+00</x4><x5>1.000000E+00</x5><x6>7.389000E-01</x6></dataPoint>
        <dataPoint><x4>1.190000E-01</x4><x5>1.000000E+00</x5><x6>7.389000E-01</x6></dataPoint>
        <dataPoint><x4>2.064000E-01</x4><x5>8.976549E-01</x5><x6>8.668170E-01</x6></dataPoint>
        <dataPoint><x4>2.217094E-01</x4><x5>5.652437E-01</x5><x6>1.713535E+00</x6></dataPoint>
        <dataPoint><x4>2.263525E-01</x4><x5>4.086601E-01</x5><x6>2.755604E+00</x6></dataPoint>
        <dataPoint><x4>2.271328E-01</x4><x5>3.837842E-01</x5><x6>3.020139E+00</x6></dataPoint>
        <dataPoint><x4>2.290373E-01</x4><x5>3.246558E-01</x5><x6>3.853420E+00</x6></dataPoint>
        <dataPoint><x4>2.292795E-01</x4><x5>3.138535E-01</x5><x6>4.047658E+00</x6></dataPoint>
        <dataPoint><x4>2.307373E-01</x4><x5>2.698324E-01</x5><x6>5.039573E+00</x6></dataPoint>
        <dataPoint><x4>2.312521E-01</x4><x5>2.529713E-01</x5><x6>5.532696E+00</x6></dataPoint>
        <dataPoint><x4>2.323859E-01</x4><x5>2.190327E-01</x5><x6>6.811207E+00</x6></dataPoint>
        <dataPoint><x4>2.329326E-01</x4><x5>2.016863E-01</x5><x6>7.669898E+00</x6></dataPoint>
        <dataPoint><x4>2.339439E-01</x4><x5>1.705630E-01</x5><x6>9.754303E+00</x6></dataPoint>
        <dataPoint><x4>2.347060E-01</x4><x5>1.484801E-01</x5><x6>1.189058E+01</x6></dataPoint>
        <dataPoint><x4>2.353912E-01</x4><x5>1.279597E-01</x5><x6>1.469215E+01</x6></dataPoint>
        <dataPoint><x4>2.361424E-01</x4><x5>1.059142E-01</x5><x6>1.920086E+01</x6></dataPoint>
        <dataPoint><x4>2.366343E-01</x4><x5>9.244128E-02</x5><x6>2.325742E+01</x6></dataPoint>
        <dataPoint><x4>2.371924E-01</x4><x5>7.932784E-02</x5><x6>2.882559E+01</x6></dataPoint>
        <dataPoint><x4>2.373850E-01</x4><x5>7.639046E-02</x5><x6>3.038851E+01</x6></dataPoint>
        <dataPoint><x4>2.377765E-01</x4><x5>7.161385E-02</x5><x6>3.325830E+01</x6></dataPoint>
        <dataPoint><x4>2.379887E-01</x4><x5>6.904863E-02</x5><x6>3.499552E+01</x6></dataPoint>
        <dataPoint><x4>2.383949E-01</x4><x5>6.456411E-02</x5><x6>3.843004E+01</x6></dataPoint>
        <dataPoint><x4>2.386489E-01</x4><x5>6.301743E-02</x5><x6>3.974996E+01</x6></dataPoint>
        <dataPoint><x4>2.392000E-01</x4><x5>6.276807E-02</x5><x6>3.997000E+01</x6></dataPoint>
        <dataPoint><x4>2.422000E-01</x4><x5>6.395208E-02</x5><x6>3.894329E+01</x6></dataPoint>
        <dataPoint><x4>2.452000E-01</x4><x5>6.459784E-02</x5><x6>3.840209E+01</x6></dataPoint>
        <dataPoint><x4>2.482000E-01</x4><x5>6.495842E-02</x5><x6>3.810542E+01</x6></dataPoint>
        <dataPoint><x4>2.512000E-01</x4><x5>6.515812E-02</x5><x6>3.794281E+01</x6></dataPoint>
        <dataPoint><x4>2.542000E-01</x4><x5>6.526820E-02</x5><x6>3.785367E+01</x6></dataPoint>
        <dataPoint><x4>2.572000E-01</x4><x5>6.532872E-02</x5><x6>3.780481E+01</x6></dataPoint>
        <dataPoint><x4>2.602000E-01</x4><x5>6.536196E-02</x5><x6>3.777802E+01</x6></dataPoint>
        <dataPoint><x4>2.632000E-01</x4><x5>6.538019E-02</x5><x6>3.776334E+01</x6></dataPoint>
        <dataPoint><x4>2.662000E-01</x4><x5>6.539020E-02</x5><x6>3.775529E+01</x6></dataPoint>
        <dataPoint><x4>2.692000E-01</x4><x5>6.539568E-02</x5><x6>3.775088E+01</x6></dataPoint>
    </dataGroup>
    <dataGroup id="dg2" label="V-t history" dataPointLink="5">
        <property name="time"      id="x4"   label="t"            sourcetype="calculated"  units="s"   />
        <property name="volume"    id="x5"   label="V"            sourcetype="calculated"  units="cm3" />
        <property name="pressure"  id="x6"   label="p"            sourcetype="estimated"   units="bar"  kind="reactive" />

        <dataPoint><x4>0.000000E+00</x4><x5>1.000000E+00</x5><x6>1.106700E+00</x6></dataPoint>
        <dataPoint><x4>1.145000E-01</x4><x5>1.000000E+00</x5><x6>1.106700E+00</x6></dataPoint>
        <dataPoint><x4>2.108000E-01</x4><x5>7.876881E-01</x5><x6>1.574636E+00</x6></dataPoint>
        <dataPoint><x4>2.172745E-01</x4><x5>7.260369E-01</x5><x6>1.775731E+00</x6></dataPoint>
        <dataPoint><x4>2.236001E-01</x4><x5>5.818714E-01</x5><x6>2.459474E+00</x6></dataPoint>
        <dataPoint><x4>2.275469E-01</x4><x5>4.747235E-01</x5><x6>3.315040E+00</x6></dataPoint>
        <dataPoint><x4>2.290125E-01</x4><x5>4.228124E-01</x5><x6>3.927001E+00</x6></dataPoint>
        <dataPoint><x4>2.295897E-01</x4><x5>4.178176E-01</x5><x6>3.995786E+00</x6></dataPoint>
        <dataPoint><x4>2.323790E-01</x4><x5>3.338233E-01</x5><x6>5.542478E+00</x6></dataPoint>
        <dataPoint><x4>2.344575E-01</x4><x5>2.696309E-01</x5><x6>7.556277E+00</x6></dataPoint>
        <dataPoint><x4>2.357407E-01</x4><x5>2.282180E-01</x5><x6>9.615103E+00</x6></dataPoint>
        <dataPoint><x4>2.365038E-01</x4><x5>2.064697E-01</x5><x6>1.110696E+01</x6></dataPoint>
        <dataPoint><x4>2.370234E-01</x4><x5>1.914201E-01</x5><x6>1.238304E+01</x6></dataPoint>
        <dataPoint><x4>2.376229E-01</x4><x5>1.729515E-01</x5><x6>1.432174E+01</x6></dataPoint>
        <dataPoint><x4>2.378112E-01</x4><x5>1.674163E-01</x5><x6>1.500412E+01</x6></dataPoint>
        <dataPoint><x4>2.382930E-01</x4><x5>1.538119E-01</x5><x6>1.693539E+01</x6></dataPoint>
        <dataPoint><x4>2.385869E-01</x4><x5>1.455775E-01</x5><x6>1.831749E+01</x6></dataPoint>
        <dataPoint><x4>2.391318E-01</x4><x5>1.311622E-01</x5><x6>2.124647E+01</x6></dataPoint>
        <dataPoint><x4>2.397646E-01</x4><x5>1.136763E-01</x5><x6>2.602338E+01</x6></dataPoint>
        <dataPoint><x4>2.403656E-01</x4><x5>9.800111E-02</x5><x6>3.208579E+01</x6></dataPoint>
        <dataPoint><x4>2.412227E-01</x4><x5>7.985233E-02</x5><x6>4.277746E+01</x6></dataPoint>
        <dataPoint><x4>2.428253E-01</x4><x5>6.436154E-02</x5><x6>5.781175E+01</x6></dataPoint>
        <dataPoint><x4>2.431540E-01</x4><x5>6.315601E-02</x5><x6>5.935436E+01</x6></dataPoint>
        <dataPoint><x4>2.438000E-01</x4><x5>6.290076E-02</x5><x6>5.969000E+01</x6></dataPoint>
        <dataPoint><x4>2.468000E-01</x4><x5>6.368940E-02</x5><x6>5.866329E+01</x6></dataPoint>
        <dataPoint><x4>2.498000E-01</x4><x5>6.411465E-02</x5><x6>5.812209E+01</x6></dataPoint>
        <dataPoint><x4>2.528000E-01</x4><x5>6.435062E-02</x5><x6>5.782542E+01</x6></dataPoint>
        <dataPoint><x4>2.558000E-01</x4><x5>6.448084E-02</x5><x6>5.766281E+01</x6></dataPoint>
        <dataPoint><x4>2.588000E-01</x4><x5>6.455249E-02</x5><x6>5.757367E+01</x6></dataPoint>
        <dataPoint><x4>2.618000E-01</x4><x5>6.459185E-02</x5><x6>5.752481E+01</x6></dataPoint>
        <dataPoint><x4>2.648000E-01</x4><x5>6.461344E-02</x5><x6>5.749802E+01</x6></dataPoint>
        <dataPoint><x4>2.678000E-01</x4><x5>6.462529E-02</x5><x6>5.748334E+01</x6></dataPoint>
        <dataPoint><x4>2.708000E-01</x4><x5>6.463178E-02</x5><x6>5.747529E+01</x6></dataPoint>
        <dataPoint><x4>2.738000E-01</x4><x5>6.463534E-02</x5><x6>5.747088E+01</x6></dataPoint>
    </dataGroup>
    <dataGroup id="dg2" label="V-t history" dataPointLink="6">
        <property name="time"      id="x4"   label="t"            sourcetype="calculated"  units="s"   />
        <property name="volume"    id="x5"   label="V"            sourcetype="calculated"  units="cm3" />
        <property name="pressure"  id="x6"   label="p"            sourcetype="estimated"   units="bar"  kind="reactive" />

        <dataPoint><x4>0.000000E+00</x4><x5>1.000000E+00</x5><x6>1.107700E+00</x6></dataPoint>
        <dataPoint><x4>1.145000E-01</x4><x5>1.000000E+00</x5><x6>1.107700E+00</x6></dataPoint>
        <dataPoint><x4>2.288000E-01</x4><x5>7.762621E-01</x5><x6>1.610399E+00</x6></dataPoint>
        <dataPoint><x4>2.340803E-01</x4><x5>7.273372E-01</x5><x6>1.772647E+00</x6></dataPoint>
        <dataPoint><x4>2.398280E-01</x4><x5>5.904642E-01</x5><x6>2.409221E+00</x6></dataPoint>
        <dataPoint><x4>2.437704E-01</x4><x5>4.881715E-01</x5><x6>3.184983E+00</x6></dataPoint>
        <dataPoint><x4>2.471438E-01</x4><x5>3.956839E-01</x5><x6>4.330194E+00</x6></dataPoint>
        <dataPoint><x4>2.499822E-01</x4><x5>3.085803E-01</x5><x6>6.218999E+00</x6></dataPoint>
        <dataPoint><x4>2.506047E-01</x4><x5>2.873134E-01</x5><x6>6.897971E+00</x6></dataPoint>
        <dataPoint><x4>2.507552E-01</x4><x5>2.815590E-01</x5><x6>7.103267E+00</x6></dataPoint>
        <dataPoint><x4>2.513425E-01</x4><x5>2.654136E-01</x5><x6>7.737506E+00</x6></dataPoint>
        <dataPoint><x4>2.526999E-01</x4><x5>2.235185E-01</x5><x6>9.916583E+00</x6></dataPoint>
        <dataPoint><x4>2.536138E-01</x4><x5>1.957560E-01</x5><x6>1.200156E+01</x6></dataPoint>
        <dataPoint><x4>2.544432E-01</x4><x5>1.723511E-01</x5><x6>1.440573E+01</x6></dataPoint>
        <dataPoint><x4>2.549524E-01</x4><x5>1.573950E-01</x5><x6>1.640199E+01</x6></dataPoint>
        <dataPoint><x4>2.554830E-01</x4><x5>1.424960E-01</x5><x6>1.890057E+01</x6></dataPoint>
        <dataPoint><x4>2.560035E-01</x4><x5>1.282577E-01</x5><x6>2.195177E+01</x6></dataPoint>
        <dataPoint><x4>2.564313E-01</x4><x5>1.160416E-01</x5><x6>2.529777E+01</x6></dataPoint>
        <dataPoint><x4>2.568093E-01</x4><x5>1.060958E-01</x5><x6>2.871351E+01</x6></dataPoint>
        <dataPoint><x4>2.571525E-01</x4><x5>9.712433E-02</x5><x6>3.252214E+01</x6></dataPoint>
        <dataPoint><x4>2.580787E-01</x4><x5>7.799059E-02</x5><x6>4.425123E+01</x6></dataPoint>
        <dataPoint><x4>2.585644E-01</x4><x5>7.265778E-02</x5><x6>4.885769E+01</x6></dataPoint>
        <dataPoint><x4>2.596812E-01</x4><x5>6.300255E-02</x5><x6>5.960593E+01</x6></dataPoint>
        <dataPoint><x4>2.606000E-01</x4><x5>6.242133E-02</x5><x6>6.038000E+01</x6></dataPoint>
        <dataPoint><x4>2.636000E-01</x4><x5>6.319503E-02</x5><x6>5.935329E+01</x6></dataPoint>
        <dataPoint><x4>2.666000E-01</x4><x5>6.361211E-02</x5><x6>5.881209E+01</x6></dataPoint>
        <dataPoint><x4>2.696000E-01</x4><x5>6.384352E-02</x5><x6>5.851542E+01</x6></dataPoint>
        <dataPoint><x4>2.726000E-01</x4><x5>6.397121E-02</x5><x6>5.835281E+01</x6></dataPoint>
        <dataPoint><x4>2.756000E-01</x4><x5>6.404147E-02</x5><x6>5.826367E+01</x6></dataPoint>
        <dataPoint><x4>2.786000E-01</x4><x5>6.408005E-02</x5><x6>5.821481E+01</x6></dataPoint>
        <dataPoint><x4>2.816000E-01</x4><x5>6.410123E-02</x5><x6>5.818802E+01</x6></dataPoint>
        <dataPoint><x4>2.846000E-01</x4><x5>6.411284E-02</x5><x6>5.817334E+01</x6></dataPoint>
        <dataPoint><x4>2.876000E-01</x4><x5>6.411921E-02</x5><x6>5.816529E+01</x6></dataPoint>
        <dataPoint><x4>2.906000E-01</x4><x5>6.412270E-02</x5><x6>5.816088E+01</x6></dataPoint>
    </dataGroup>
    <dataGroup id="dg2" label="V-t history" dataPointLink="7">
        <property name="time"      id="x4"   label="t"            sourcetype="calculated"  units="s"   />
        <property name="volume"    id="x5"   label="V"            sourcetype="calculated"  units="cm3" />
        <property name="pressure"  id="x6"   label="p"            sourcetype="estimated"   units="bar"  kind="reactive" />

        <dataPoint><x4>0.000000E+00</x4><x5>1.000000E+00</x5><x6>1.293600E+00</x6></dataPoint>
        <dataPoint><x4>1.059000E-01</x4><x5>1.000000E+00</x5><x6>1.293600E+00</x6></dataPoint>
        <dataPoint><x4>2.096000E-01</x4><x5>7.938273E-01</x5><x6>1.819587E+00</x6></dataPoint>
        <dataPoint><x4>2.161704E-01</x4><x5>6.899791E-01</x5><x6>2.237370E+00</x6></dataPoint>
        <dataPoint><x4>2.222260E-01</x4><x5>5.388523E-01</x5><x6>3.217984E+00</x6></dataPoint>
        <dataPoint><x4>2.265192E-01</x4><x5>4.201566E-01</x5><x6>4.632534E+00</x6></dataPoint>
        <dataPoint><x4>2.304000E-01</x4><x5>3.034956E-01</x5><x6>7.439893E+00</x6></dataPoint>
        <dataPoint><x4>2.327589E-01</x4><x5>2.270215E-01</x5><x6>1.132382E+01</x6></dataPoint>
        <dataPoint><x4>2.342693E-01</x4><x5>1.820491E-01</x5><x6>1.555398E+01</x6></dataPoint>
        <dataPoint><x4>2.355246E-01</x4><x5>1.462616E-01</x5><x6>2.126677E+01</x6></dataPoint>
        <dataPoint><x4>2.362690E-01</x4><x5>1.252600E-01</x5><x6>2.650958E+01</x6></dataPoint>
        <dataPoint><x4>2.368304E-01</x4><x5>1.104941E-01</x5><x6>3.166121E+01</x6></dataPoint>
        <dataPoint><x4>2.373440E-01</x4><x5>9.784238E-02</x5><x6>3.758640E+01</x6></dataPoint>
        <dataPoint><x4>2.382501E-01</x4><x5>7.986821E-02</x5><x6>4.998225E+01</x6></dataPoint>
        <dataPoint><x4>2.385487E-01</x4><x5>7.631178E-02</x5><x6>5.327216E+01</x6></dataPoint>
        <dataPoint><x4>2.390039E-01</x4><x5>7.223448E-02</x5><x6>5.752148E+01</x6></dataPoint>
        <dataPoint><x4>2.392897E-01</x4><x5>6.982693E-02</x5><x6>6.030912E+01</x6></dataPoint>
        <dataPoint><x4>2.396239E-01</x4><x5>6.697448E-02</x5><x6>6.392175E+01</x6></dataPoint>
        <dataPoint><x4>2.398089E-01</x4><x5>6.562937E-02</x5><x6>6.575520E+01</x6></dataPoint>
        <dataPoint><x4>2.399998E-01</x4><x5>6.439491E-02</x5><x6>6.751805E+01</x6></dataPoint>
        <dataPoint><x4>2.401997E-01</x4><x5>6.353906E-02</x5><x6>6.878803E+01</x6></dataPoint>
        <dataPoint><x4>2.404010E-01</x4><x5>6.310111E-02</x5><x6>6.945371E+01</x6></dataPoint>
        <dataPoint><x4>2.406589E-01</x4><x5>6.283500E-02</x5><x6>6.986358E+01</x6></dataPoint>
        <dataPoint><x4>2.412000E-01</x4><x5>6.261215E-02</x5><x6>7.021000E+01</x6></dataPoint>
        <dataPoint><x4>2.442000E-01</x4><x5>6.327815E-02</x5><x6>6.918329E+01</x6></dataPoint>
        <dataPoint><x4>2.472000E-01</x4><x5>6.363604E-02</x5><x6>6.864209E+01</x6></dataPoint>
        <dataPoint><x4>2.502000E-01</x4><x5>6.383426E-02</x5><x6>6.834542E+01</x6></dataPoint>
        <dataPoint><x4>2.532000E-01</x4><x5>6.394353E-02</x5><x6>6.818281E+01</x6></dataPoint>
        <dataPoint><x4>2.562000E-01</x4><x5>6.400362E-02</x5><x6>6.809367E+01</x6></dataPoint>
        <dataPoint><x4>2.592000E-01</x4><x5>6.403662E-02</x5><x6>6.804481E+01</x6></dataPoint>
        <dataPoint><x4>2.622000E-01</x4><x5>6.405472E-02</x5><x6>6.801802E+01</x6></dataPoint>
        <dataPoint><x4>2.652000E-01</x4><x5>6.406465E-02</x5><x6>6.800334E+01</x6></dataPoint>
        <dataPoint><x4>2.682000E-01</x4><x5>6.407010E-02</x5><x6>6.799529E+01</x6></dataPoint>
        <dataPoint><x4>2.712000E-01</x4><x5>6.407308E-02</x5><x6>6.799088E+01</x6></dataPoint>
    </dataGroup>
</experiment>
