<experiment>
    <fileAuthor>Chemical Kinetics Laboratory, Institute of Chemistry, ELTE, Budapest, Hungary</fileAuthor>
    <fileDOI>10.24388/x40004003</fileDOI>
    <fileVersion>
        <major>2</major>
        <minor>3</minor>
    </fileVersion>
    <ReSpecThVersion>
        <major>2</major>
        <minor>3</minor>
    </ReSpecThVersion>
    <firstPublicationDate>2020-09-08</firstPublicationDate>
    <lastModificationDate>2020-11-18</lastModificationDate>
    <bibliographyLink>
        <description>Y. Yu, Cinétique D'Auto-Inflammation de Carburants Gazeux a Haute Pression: Etude Experimentale et de Modelisation, PhD Thesis, 2012</description>
        <location>Main Article + Personal Communication</location>
        <table>Annexes, I, 1.1.2</table>
        <figure>Chapter IV, Figure 1, CH4 phi = 0.7, M3</figure>
        <details>
            <author>Y, Yu</author>
            <month>12</month>
            <school>Université Lille 1</school>
            <title>Cinétique d'auto-inflammation de carburants gazeux a haute pression: etude experimentale et de modelisation</title>
            <year>2012</year>
        </details>
    </bibliographyLink>
    <experimentType>ignition delay measurement</experimentType>
    <apparatus>
        <kind>rapid compression machine</kind>
    </apparatus>
    <commonProperties>
        <property name="initial composition"           sourcetype="calculated" >
            <component><speciesLink preferredKey="CH4"  CAS="74-82-8"    InChI="1S/CH4/h1H4"  SMILES="C"     chemName="methane"  /><amount units="mole fraction" >0.06847</amount></component>
            <component><speciesLink preferredKey="O2"   CAS="7782-44-7"  InChI="1S/O2/c1-2"   SMILES="O=O"   chemName="oxygen"   /><amount units="mole fraction" >0.19561</amount></component>
            <component><speciesLink preferredKey="N2"   CAS="7727-37-9"  InChI="1S/N2/c1-2"   SMILES="N#N"   chemName="nitrogen" /><amount units="mole fraction" >0.11040</amount></component>
            <component><speciesLink preferredKey="Ar"   CAS="7440-37-1"  InChI="1S/Ar"        SMILES="[Ar]"  chemName="argon"    /><amount units="mole fraction" >0.62552</amount></component>
        </property>
        <property name="evaluated standard deviation"  sourcetype="estimated"   units="unitless"       reference="ignition delay"  kind="relative"  method="generic uncertainty" ><value>0.1</value></property>
    </commonProperties>
    <dataGroup id="dg1" label="measured data">
        <property name="pressure"        id="x1"   label="P"              sourcetype="reported"  units="Torr" />
        <property name="temperature"     id="x2"   label="T"              sourcetype="reported"  units="K"    />
        <property name="ignition delay"  id="x3"   label="tau"            sourcetype="reported"  units="ms"   />

        <dataPoint><x1>800</x1><x2>364.05</x2><x3>40.98</x3></dataPoint>
        <dataPoint><x1>800</x1><x2>364.55</x2><x3>37.21</x3></dataPoint>
        <dataPoint><x1>800</x1><x2>364.75</x2><x3>35.94</x3></dataPoint>
        <dataPoint><x1>800</x1><x2>364.85</x2><x3>36.82</x3></dataPoint>
        <dataPoint><x1>700</x1><x2>364.15</x2><x3>57.69</x3></dataPoint>
        <dataPoint><x1>700</x1><x2>363.45</x2><x3>59.50</x3></dataPoint>
        <dataPoint><x1>700</x1><x2>363.05</x2><x3>59.66</x3></dataPoint>
        <dataPoint><x1>700</x1><x2>363.15</x2><x3>57.42</x3></dataPoint>
        <dataPoint><x1>700</x1><x2>363.05</x2><x3>55.39</x3></dataPoint>
        <dataPoint><x1>600</x1><x2>363.15</x2><x3>78.70</x3></dataPoint>
        <dataPoint><x1>600</x1><x2>363.35</x2><x3>76.48</x3></dataPoint>
        <dataPoint><x1>600</x1><x2>363.55</x2><x3>75.60</x3></dataPoint>
        <dataPoint><x1>600</x1><x2>363.85</x2><x3>73.98</x3></dataPoint>
        <dataPoint><x1>600</x1><x2>364.05</x2><x3>73.28</x3></dataPoint>
        <dataPoint><x1>600</x1><x2>364.35</x2><x3>70.92</x3></dataPoint>
        <dataPoint><x1>600</x1><x2>364.55</x2><x3>71.70</x3></dataPoint>
    </dataGroup>
    <ignitionType target="p;" type="d/dt max"/>
    <dataGroup id="dg2" label="V-t history" dataPointLink="1;2;3;4">
        <property name="time"      id="x4"   label="t"            sourcetype="calculated"  units="ms"  />
        <property name="volume"    id="x5"   label="V"            sourcetype="calculated"  units="cm3" />
        <property name="pressure"  id="x6"   label="p"            sourcetype="calculated"  units="bar"  kind="nonreactive" />

        <dataPoint><x4>0.000000E+00</x4><x5>1.000000E+00</x5><x6>1.066576E+00</x6></dataPoint>
        <dataPoint><x4>1.100000E+01</x4><x5>8.766310E-01</x5><x6>1.300143E+00</x6></dataPoint>
        <dataPoint><x4>1.700000E+01</x4><x5>8.278040E-01</x5><x6>1.416918E+00</x6></dataPoint>
        <dataPoint><x4>2.300000E+01</x4><x5>7.700505E-01</x5><x6>1.579105E+00</x6></dataPoint>
        <dataPoint><x4>2.900000E+01</x4><x5>6.963778E-01</x5><x6>1.835361E+00</x6></dataPoint>
        <dataPoint><x4>3.500000E+01</x4><x5>6.120990E-01</x5><x6>2.224610E+00</x6></dataPoint>
        <dataPoint><x4>4.100000E+01</x4><x5>5.148124E-01</x5><x6>2.876602E+00</x6></dataPoint>
        <dataPoint><x4>4.700000E+01</x4><x5>4.051783E-01</x5><x6>4.096249E+00</x6></dataPoint>
        <dataPoint><x4>5.200000E+01</x4><x5>3.092236E-01</x5><x6>6.084662E+00</x6></dataPoint>
        <dataPoint><x4>5.700000E+01</x4><x5>2.151780E-01</x5><x6>1.028855E+01</x6></dataPoint>
        <dataPoint><x4>6.200000E+01</x4><x5>1.395472E-01</x5><x6>1.910505E+01</x6></dataPoint>
        <dataPoint><x4>6.536000E+01</x4><x5>1.268187E-01</x5><x6>2.187845E+01</x6></dataPoint>
        <dataPoint><x4>6.568000E+01</x4><x5>1.269784E-01</x5><x6>2.183952E+01</x6></dataPoint>
        <dataPoint><x4>6.868000E+01</x4><x5>1.298946E-01</x5><x6>2.114861E+01</x6></dataPoint>
        <dataPoint><x4>7.368000E+01</x4><x5>1.328720E-01</x5><x6>2.048039E+01</x6></dataPoint>
        <dataPoint><x4>8.068000E+01</x4><x5>1.353464E-01</x5><x6>1.995166E+01</x6></dataPoint>
        <dataPoint><x4>8.968000E+01</x4><x5>1.377393E-01</x5><x6>1.946186E+01</x6></dataPoint>
        <dataPoint><x4>1.006800E+02</x4><x5>1.399157E-01</x5><x6>1.903368E+01</x6></dataPoint>
        <dataPoint><x4>1.136800E+02</x4><x5>1.417066E-01</x5><x6>1.869309E+01</x6></dataPoint>
        <dataPoint><x4>1.286800E+02</x4><x5>1.435533E-01</x5><x6>1.835250E+01</x6></dataPoint>
        <dataPoint><x4>1.456800E+02</x4><x5>1.454218E-01</x5><x6>1.801839E+01</x6></dataPoint>
        <dataPoint><x4>1.646800E+02</x4><x5>1.472924E-01</x5><x6>1.769402E+01</x6></dataPoint>
        <dataPoint><x4>1.856800E+02</x4><x5>1.492608E-01</x5><x6>1.736316E+01</x6></dataPoint>
        <dataPoint><x4>2.086800E+02</x4><x5>1.512933E-01</x5><x6>1.703229E+01</x6></dataPoint>
        <dataPoint><x4>2.336800E+02</x4><x5>1.532887E-01</x5><x6>1.671765E+01</x6></dataPoint>
        <dataPoint><x4>2.606800E+02</x4><x5>1.553482E-01</x5><x6>1.640301E+01</x6></dataPoint>
        <dataPoint><x4>2.896800E+02</x4><x5>1.573861E-01</x5><x6>1.610134E+01</x6></dataPoint>
        <dataPoint><x4>3.206800E+02</x4><x5>1.596271E-01</x5><x6>1.578021E+01</x6></dataPoint>
        <dataPoint><x4>3.536800E+02</x4><x5>1.619699E-01</x5><x6>1.545583E+01</x6></dataPoint>
        <dataPoint><x4>3.886800E+02</x4><x5>1.643966E-01</x5><x6>1.513146E+01</x6></dataPoint>
        <dataPoint><x4>4.256800E+02</x4><x5>1.670148E-01</x5><x6>1.479411E+01</x6></dataPoint>
        <dataPoint><x4>4.646800E+02</x4><x5>1.696552E-01</x5><x6>1.446649E+01</x6></dataPoint>
        <dataPoint><x4>5.056800E+02</x4><x5>1.723148E-01</x5><x6>1.414861E+01</x6></dataPoint>
        <dataPoint><x4>5.486800E+02</x4><x5>1.751053E-01</x5><x6>1.382747E+01</x6></dataPoint>
        <dataPoint><x4>5.936800E+02</x4><x5>1.776487E-01</x5><x6>1.354527E+01</x6></dataPoint>
        <dataPoint><x4>6.406800E+02</x4><x5>1.802826E-01</x5><x6>1.326306E+01</x6></dataPoint>
        <dataPoint><x4>6.896800E+02</x4><x5>1.828525E-01</x5><x6>1.299708E+01</x6></dataPoint>
        <dataPoint><x4>7.406800E+02</x4><x5>1.855120E-01</x5><x6>1.273109E+01</x6></dataPoint>
        <dataPoint><x4>7.936800E+02</x4><x5>1.879932E-01</x5><x6>1.249105E+01</x6></dataPoint>
        <dataPoint><x4>8.486800E+02</x4><x5>1.905555E-01</x5><x6>1.225102E+01</x6></dataPoint>
        <dataPoint><x4>9.056800E+02</x4><x5>1.930216E-01</x5><x6>1.202720E+01</x6></dataPoint>
        <dataPoint><x4>9.646800E+02</x4><x5>1.954161E-01</x5><x6>1.181635E+01</x6></dataPoint>
        <dataPoint><x4>1.025680E+03</x4><x5>1.978831E-01</x5><x6>1.160551E+01</x6></dataPoint>
        <dataPoint><x4>1.088680E+03</x4><x5>2.002674E-01</x5><x6>1.140764E+01</x6></dataPoint>
        <dataPoint><x4>1.153680E+03</x4><x5>2.025181E-01</x5><x6>1.122599E+01</x6></dataPoint>
        <dataPoint><x4>1.220680E+03</x4><x5>2.047886E-01</x5><x6>1.104759E+01</x6></dataPoint>
        <dataPoint><x4>1.289680E+03</x4><x5>2.069495E-01</x5><x6>1.088216E+01</x6></dataPoint>
        <dataPoint><x4>1.360680E+03</x4><x5>2.087269E-01</x5><x6>1.074916E+01</x6></dataPoint>
        <dataPoint><x4>1.433680E+03</x4><x5>2.107206E-01</x5><x6>1.060319E+01</x6></dataPoint>
        <dataPoint><x4>1.508680E+03</x4><x5>2.126231E-01</x5><x6>1.046696E+01</x6></dataPoint>
        <dataPoint><x4>1.585680E+03</x4><x5>2.142871E-01</x5><x6>1.035018E+01</x6></dataPoint>
        <dataPoint><x4>1.664680E+03</x4><x5>2.159827E-01</x5><x6>1.023341E+01</x6></dataPoint>
        <dataPoint><x4>1.745680E+03</x4><x5>2.174207E-01</x5><x6>1.013609E+01</x6></dataPoint>
        <dataPoint><x4>1.828680E+03</x4><x5>2.188328E-01</x5><x6>1.004203E+01</x6></dataPoint>
    </dataGroup>
    <dataGroup id="dg2" label="V-t history" dataPointLink="5;6;7;8;9">
        <property name="time"      id="x4"   label="t"            sourcetype="calculated"  units="ms"  />
        <property name="volume"    id="x5"   label="V"            sourcetype="calculated"  units="cm3" />
        <property name="pressure"  id="x6"   label="p"            sourcetype="calculated"  units="bar"  kind="nonreactive" />

        <dataPoint><x4>0.000000E+00</x4><x5>1.000000E+00</x5><x6>9.332540E-01</x6></dataPoint>
        <dataPoint><x4>1.500000E+01</x4><x5>8.816640E-01</x5><x6>1.127896E+00</x6></dataPoint>
        <dataPoint><x4>2.100000E+01</x4><x5>8.388193E-01</x5><x6>1.215477E+00</x6></dataPoint>
        <dataPoint><x4>2.700000E+01</x4><x5>7.839458E-01</x5><x6>1.345227E+00</x6></dataPoint>
        <dataPoint><x4>3.300000E+01</x4><x5>7.182811E-01</x5><x6>1.533364E+00</x6></dataPoint>
        <dataPoint><x4>3.900000E+01</x4><x5>6.383600E-01</x5><x6>1.828544E+00</x6></dataPoint>
        <dataPoint><x4>4.500000E+01</x4><x5>5.452189E-01</x5><x6>2.311862E+00</x6></dataPoint>
        <dataPoint><x4>5.100000E+01</x4><x5>4.390867E-01</x5><x6>3.184428E+00</x6></dataPoint>
        <dataPoint><x4>5.600000E+01</x4><x5>3.430340E-01</x5><x6>4.575993E+00</x6></dataPoint>
        <dataPoint><x4>6.100000E+01</x4><x5>2.449236E-01</x5><x6>7.469411E+00</x6></dataPoint>
        <dataPoint><x4>6.600000E+01</x4><x5>1.533528E-01</x5><x6>1.462186E+01</x6></dataPoint>
        <dataPoint><x4>7.052000E+01</x4><x5>1.265789E-01</x5><x6>1.919879E+01</x6></dataPoint>
        <dataPoint><x4>7.132000E+01</x4><x5>1.270494E-01</x5><x6>1.909823E+01</x6></dataPoint>
        <dataPoint><x4>7.432000E+01</x4><x5>1.301724E-01</x5><x6>1.845273E+01</x6></dataPoint>
        <dataPoint><x4>7.932000E+01</x4><x5>1.321796E-01</x5><x6>1.805699E+01</x6></dataPoint>
        <dataPoint><x4>8.632000E+01</x4><x5>1.354401E-01</x5><x6>1.744392E+01</x6></dataPoint>
        <dataPoint><x4>9.532000E+01</x4><x5>1.378896E-01</x5><x6>1.700602E+01</x6></dataPoint>
        <dataPoint><x4>1.063200E+02</x4><x5>1.400038E-01</x5><x6>1.664272E+01</x6></dataPoint>
        <dataPoint><x4>1.193200E+02</x4><x5>1.418590E-01</x5><x6>1.633456E+01</x6></dataPoint>
        <dataPoint><x4>1.343200E+02</x4><x5>1.437945E-01</x5><x6>1.602316E+01</x6></dataPoint>
        <dataPoint><x4>1.513200E+02</x4><x5>1.457309E-01</x5><x6>1.572149E+01</x6></dataPoint>
        <dataPoint><x4>1.703200E+02</x4><x5>1.477526E-01</x5><x6>1.541658E+01</x6></dataPoint>
        <dataPoint><x4>1.913200E+02</x4><x5>1.497072E-01</x5><x6>1.513113E+01</x6></dataPoint>
        <dataPoint><x4>2.143200E+02</x4><x5>1.517480E-01</x5><x6>1.484244E+01</x6></dataPoint>
        <dataPoint><x4>2.393200E+02</x4><x5>1.537363E-01</x5><x6>1.456996E+01</x6></dataPoint>
        <dataPoint><x4>2.663200E+02</x4><x5>1.558627E-01</x5><x6>1.428776E+01</x6></dataPoint>
        <dataPoint><x4>2.953200E+02</x4><x5>1.580864E-01</x5><x6>1.400231E+01</x6></dataPoint>
        <dataPoint><x4>3.263200E+02</x4><x5>1.603876E-01</x5><x6>1.371686E+01</x6></dataPoint>
        <dataPoint><x4>3.593200E+02</x4><x5>1.626604E-01</x5><x6>1.344438E+01</x6></dataPoint>
        <dataPoint><x4>3.943200E+02</x4><x5>1.651830E-01</x5><x6>1.315245E+01</x6></dataPoint>
        <dataPoint><x4>4.313200E+02</x4><x5>1.678014E-01</x5><x6>1.286051E+01</x6></dataPoint>
        <dataPoint><x4>4.703200E+02</x4><x5>1.703367E-01</x5><x6>1.258804E+01</x6></dataPoint>
        <dataPoint><x4>5.113200E+02</x4><x5>1.730615E-01</x5><x6>1.230583E+01</x6></dataPoint>
        <dataPoint><x4>5.543200E+02</x4><x5>1.757605E-01</x5><x6>1.203660E+01</x6></dataPoint>
        <dataPoint><x4>5.993200E+02</x4><x5>1.785970E-01</x5><x6>1.176413E+01</x6></dataPoint>
        <dataPoint><x4>6.463200E+02</x4><x5>1.810463E-01</x5><x6>1.153706E+01</x6></dataPoint>
        <dataPoint><x4>6.953200E+02</x4><x5>1.836144E-01</x5><x6>1.130676E+01</x6></dataPoint>
        <dataPoint><x4>7.463200E+02</x4><x5>1.861575E-01</x5><x6>1.108618E+01</x6></dataPoint>
        <dataPoint><x4>7.993200E+02</x4><x5>1.887474E-01</x5><x6>1.086885E+01</x6></dataPoint>
        <dataPoint><x4>8.543200E+02</x4><x5>1.912226E-01</x5><x6>1.066774E+01</x6></dataPoint>
        <dataPoint><x4>9.113200E+02</x4><x5>1.935263E-01</x5><x6>1.048609E+01</x6></dataPoint>
        <dataPoint><x4>9.703200E+02</x4><x5>1.958547E-01</x5><x6>1.030768E+01</x6></dataPoint>
        <dataPoint><x4>1.031320E+03</x4><x5>1.981633E-01</x5><x6>1.013577E+01</x6></dataPoint>
        <dataPoint><x4>1.094320E+03</x4><x5>2.003566E-01</x5><x6>9.976823E+00</x6></dataPoint>
        <dataPoint><x4>1.159320E+03</x4><x5>2.025160E-01</x5><x6>9.824367E+00</x6></dataPoint>
        <dataPoint><x4>1.226320E+03</x4><x5>2.044937E-01</x5><x6>9.688130E+00</x6></dataPoint>
        <dataPoint><x4>1.295320E+03</x4><x5>2.063235E-01</x5><x6>9.564868E+00</x6></dataPoint>
        <dataPoint><x4>1.366320E+03</x4><x5>2.080938E-01</x5><x6>9.448093E+00</x6></dataPoint>
        <dataPoint><x4>1.439320E+03</x4><x5>2.095972E-01</x5><x6>9.350781E+00</x6></dataPoint>
        <dataPoint><x4>1.514320E+03</x4><x5>2.114361E-01</x5><x6>9.234006E+00</x6></dataPoint>
        <dataPoint><x4>1.591320E+03</x4><x5>2.129460E-01</x5><x6>9.139937E+00</x6></dataPoint>
        <dataPoint><x4>1.670320E+03</x4><x5>2.144821E-01</x5><x6>9.045869E+00</x6></dataPoint>
        <dataPoint><x4>1.751320E+03</x4><x5>2.157736E-01</x5><x6>8.968019E+00</x6></dataPoint>
        <dataPoint><x4>1.834320E+03</x4><x5>2.170840E-01</x5><x6>8.890169E+00</x6></dataPoint>
    </dataGroup>
    <dataGroup id="dg2" label="V-t history" dataPointLink="10;11;12;13;14;15;16">
        <property name="time"      id="x4"   label="t"            sourcetype="calculated"  units="ms"  />
        <property name="volume"    id="x5"   label="V"            sourcetype="calculated"  units="cm3" />
        <property name="pressure"  id="x6"   label="p"            sourcetype="calculated"  units="bar"  kind="nonreactive" />

        <dataPoint><x4>0.000000E+00</x4><x5>1.000000E+00</x5><x6>7.999320E-01</x6></dataPoint>
        <dataPoint><x4>1.900000E+01</x4><x5>8.540799E-01</x5><x6>1.014036E+00</x6></dataPoint>
        <dataPoint><x4>2.500000E+01</x4><x5>8.146043E-01</x5><x6>1.088642E+00</x6></dataPoint>
        <dataPoint><x4>3.100000E+01</x4><x5>7.624142E-01</x5><x6>1.202173E+00</x6></dataPoint>
        <dataPoint><x4>3.700000E+01</x4><x5>6.961242E-01</x5><x6>1.377335E+00</x6></dataPoint>
        <dataPoint><x4>4.300000E+01</x4><x5>6.208706E-01</x5><x6>1.633591E+00</x6></dataPoint>
        <dataPoint><x4>4.900000E+01</x4><x5>5.302850E-01</x5><x6>2.065008E+00</x6></dataPoint>
        <dataPoint><x4>5.500000E+01</x4><x5>4.274102E-01</x5><x6>2.840263E+00</x6></dataPoint>
        <dataPoint><x4>6.100000E+01</x4><x5>3.150061E-01</x5><x6>4.442671E+00</x6></dataPoint>
        <dataPoint><x4>6.700000E+01</x4><x5>2.014223E-01</x5><x6>8.487617E+00</x6></dataPoint>
        <dataPoint><x4>7.300000E+01</x4><x5>1.287430E-01</x5><x6>1.606824E+01</x6></dataPoint>
        <dataPoint><x4>7.408000E+01</x4><x5>1.273659E-01</x5><x6>1.631477E+01</x6></dataPoint>
        <dataPoint><x4>7.440000E+01</x4><x5>1.274554E-01</x5><x6>1.629855E+01</x6></dataPoint>
        <dataPoint><x4>7.740000E+01</x4><x5>1.306102E-01</x5><x6>1.574387E+01</x6></dataPoint>
        <dataPoint><x4>8.240000E+01</x4><x5>1.336763E-01</x5><x6>1.523460E+01</x6></dataPoint>
        <dataPoint><x4>8.940000E+01</x4><x5>1.364331E-01</x5><x6>1.479994E+01</x6></dataPoint>
        <dataPoint><x4>9.840000E+01</x4><x5>1.390423E-01</x5><x6>1.440745E+01</x6></dataPoint>
        <dataPoint><x4>1.094000E+02</x4><x5>1.413365E-01</x5><x6>1.407659E+01</x6></dataPoint>
        <dataPoint><x4>1.224000E+02</x4><x5>1.432951E-01</x5><x6>1.380411E+01</x6></dataPoint>
        <dataPoint><x4>1.374000E+02</x4><x5>1.453199E-01</x5><x6>1.353164E+01</x6></dataPoint>
        <dataPoint><x4>1.544000E+02</x4><x5>1.474397E-01</x5><x6>1.325592E+01</x6></dataPoint>
        <dataPoint><x4>1.734000E+02</x4><x5>1.495825E-01</x5><x6>1.298669E+01</x6></dataPoint>
        <dataPoint><x4>1.944000E+02</x4><x5>1.517469E-01</x5><x6>1.272394E+01</x6></dataPoint>
        <dataPoint><x4>2.174000E+02</x4><x5>1.539596E-01</x5><x6>1.246445E+01</x6></dataPoint>
        <dataPoint><x4>2.424000E+02</x4><x5>1.561054E-01</x5><x6>1.222116E+01</x6></dataPoint>
        <dataPoint><x4>2.694000E+02</x4><x5>1.582640E-01</x5><x6>1.198437E+01</x6></dataPoint>
        <dataPoint><x4>2.984000E+02</x4><x5>1.605888E-01</x5><x6>1.173785E+01</x6></dataPoint>
        <dataPoint><x4>3.294000E+02</x4><x5>1.631586E-01</x5><x6>1.147510E+01</x6></dataPoint>
        <dataPoint><x4>3.624000E+02</x4><x5>1.655940E-01</x5><x6>1.123507E+01</x6></dataPoint>
        <dataPoint><x4>3.974000E+02</x4><x5>1.682227E-01</x5><x6>1.098530E+01</x6></dataPoint>
        <dataPoint><x4>4.344000E+02</x4><x5>1.708091E-01</x5><x6>1.074851E+01</x6></dataPoint>
        <dataPoint><x4>4.734000E+02</x4><x5>1.734554E-01</x5><x6>1.051496E+01</x6></dataPoint>
        <dataPoint><x4>5.144000E+02</x4><x5>1.762021E-01</x5><x6>1.028141E+01</x6></dataPoint>
        <dataPoint><x4>5.574000E+02</x4><x5>1.789343E-01</x5><x6>1.005759E+01</x6></dataPoint>
        <dataPoint><x4>6.024000E+02</x4><x5>1.816448E-01</x5><x6>9.843501E+00</x6></dataPoint>
        <dataPoint><x4>6.494000E+02</x4><x5>1.840664E-01</x5><x6>9.658608E+00</x6></dataPoint>
        <dataPoint><x4>6.984000E+02</x4><x5>1.867901E-01</x5><x6>9.457496E+00</x6></dataPoint>
        <dataPoint><x4>7.494000E+02</x4><x5>1.891505E-01</x5><x6>9.288821E+00</x6></dataPoint>
        <dataPoint><x4>8.024000E+02</x4><x5>1.915837E-01</x5><x6>9.120146E+00</x6></dataPoint>
        <dataPoint><x4>8.574000E+02</x4><x5>1.940443E-01</x5><x6>8.954715E+00</x6></dataPoint>
        <dataPoint><x4>9.144000E+02</x4><x5>1.962796E-01</x5><x6>8.808747E+00</x6></dataPoint>
        <dataPoint><x4>9.734000E+02</x4><x5>1.985776E-01</x5><x6>8.662779E+00</x6></dataPoint>
        <dataPoint><x4>1.034400E+03</x4><x5>2.006754E-01</x5><x6>8.533029E+00</x6></dataPoint>
        <dataPoint><x4>1.097400E+03</x4><x5>2.028272E-01</x5><x6>8.403279E+00</x6></dataPoint>
        <dataPoint><x4>1.162400E+03</x4><x5>2.048119E-01</x5><x6>8.286505E+00</x6></dataPoint>
        <dataPoint><x4>1.229400E+03</x4><x5>2.067298E-01</x5><x6>8.176217E+00</x6></dataPoint>
        <dataPoint><x4>1.298400E+03</x4><x5>2.086330E-01</x5><x6>8.069174E+00</x6></dataPoint>
        <dataPoint><x4>1.369400E+03</x4><x5>2.104598E-01</x5><x6>7.968618E+00</x6></dataPoint>
        <dataPoint><x4>1.442400E+03</x4><x5>2.120218E-01</x5><x6>7.884280E+00</x6></dataPoint>
        <dataPoint><x4>1.517400E+03</x4><x5>2.136121E-01</x5><x6>7.799943E+00</x6></dataPoint>
        <dataPoint><x4>1.594400E+03</x4><x5>2.149803E-01</x5><x6>7.728581E+00</x6></dataPoint>
        <dataPoint><x4>1.673400E+03</x4><x5>2.163062E-01</x5><x6>7.660462E+00</x6></dataPoint>
        <dataPoint><x4>1.754400E+03</x4><x5>2.175873E-01</x5><x6>7.595587E+00</x6></dataPoint>
        <dataPoint><x4>1.837400E+03</x4><x5>2.188215E-01</x5><x6>7.533956E+00</x6></dataPoint>
    </dataGroup>
</experiment>
