<experiment>
    <fileAuthor>Chemical Kinetics Laboratory, Institute of Chemistry, ELTE, Budapest, Hungary</fileAuthor>
    <fileDOI>10.24388/x40004014</fileDOI>
    <fileVersion>
        <major>2</major>
        <minor>3</minor>
    </fileVersion>
    <ReSpecThVersion>
        <major>2</major>
        <minor>3</minor>
    </ReSpecThVersion>
    <firstPublicationDate>2020-09-08</firstPublicationDate>
    <lastModificationDate>2020-11-18</lastModificationDate>
    <bibliographyLink>
        <description>A. Ramalingam, K. Zhang, A. Dhongde, L. Virnich, H. Sankhla, H. Curran, A. Heufer, Fuel 206 (2017) 325–333.</description>
        <referenceDOI>10.1016/j.fuel.2017.06.005</referenceDOI>
        <location>Main Article + Supplementary</location>
        <table>Table 1, Table S2, Table S8</table>
        <figure>Fig. 7, No. 2, Pc = 125 bar, phi = 0.526</figure>
        <details>
            <author>A. Ramalingam, K. Zhang, A. Dhongde, L. Virnich, H. Sankhla, H. Curran, A. Heufer</author>
            <journal>Fuel</journal>
            <pages>325–-333</pages>
            <title>An RCM experimental and modeling study on CH4 and CH4/C2H6 oxidation at pressures up to 160 bar</title>
            <volume>206</volume>
            <year>2017</year>
        </details>
    </bibliographyLink>
    <experimentType>ignition delay measurement</experimentType>
    <apparatus>
        <kind>rapid compression machine</kind>
    </apparatus>
    <commonProperties>
        <property name="initial composition"           sourcetype="calculated" >
            <component><speciesLink preferredKey="CH4"  CAS="74-82-8"    InChI="1S/CH4/h1H4"  SMILES="C"     chemName="methane"  /><amount units="mole fraction" >0.047381</amount></component>
            <component><speciesLink preferredKey="O2"   CAS="7782-44-7"  InChI="1S/O2/c1-2"   SMILES="O=O"   chemName="oxygen"   /><amount units="mole fraction" >0.179928</amount></component>
            <component><speciesLink preferredKey="N2"   CAS="7727-37-9"  InChI="1S/N2/c1-2"   SMILES="N#N"   chemName="nitrogen" /><amount units="mole fraction" >0.316873</amount></component>
            <component><speciesLink preferredKey="Ar"   CAS="7440-37-1"  InChI="1S/Ar"        SMILES="[Ar]"  chemName="argon"    /><amount units="mole fraction" >0.455818</amount></component>
        </property>
        <property name="evaluated standard deviation"  sourcetype="estimated"   units="unitless"       reference="ignition delay"  kind="relative"  method="statistical scatter" ><value>0.114</value></property>
    </commonProperties>
    <dataGroup id="dg1" label="measured data">
        <property name="pressure"        id="x1"   label="P"              sourcetype="reported"  units="atm" />
        <property name="temperature"     id="x2"   label="T"              sourcetype="reported"  units="K"   />
        <property name="ignition delay"  id="x3"   label="tau"            sourcetype="reported"  units="ms"  />

        <dataPoint><x1>3.193</x1><x2>294.60</x2><x3>22.26</x3></dataPoint>
        <dataPoint><x1>3.193</x1><x2>294.60</x2><x3>22.51</x3></dataPoint>
        <dataPoint><x1>3.193</x1><x2>294.60</x2><x3>22.90</x3></dataPoint>
    </dataGroup>
    <ignitionType target="p;" type="d/dt max"/>
    <dataGroup id="dg2" label="V-t history" dataPointLink="all">
        <property name="time"    id="x4"   label="t"            sourcetype="calculated"  units="s"   />
        <property name="volume"  id="x5"   label="V"            sourcetype="calculated"  units="cm3" />

        <dataPoint><x4>0.000000E+00</x4><x5>1.000000E+00</x5></dataPoint>
        <dataPoint><x4>1.054070E-03</x4><x5>9.865685E-01</x5></dataPoint>
        <dataPoint><x4>2.574230E-03</x4><x5>8.960289E-01</x5></dataPoint>
        <dataPoint><x4>3.563860E-03</x4><x5>8.461298E-01</x5></dataPoint>
        <dataPoint><x4>3.884560E-03</x4><x5>8.292042E-01</x5></dataPoint>
        <dataPoint><x4>6.395770E-03</x4><x5>6.343892E-01</x5></dataPoint>
        <dataPoint><x4>8.789500E-03</x4><x5>4.487622E-01</x5></dataPoint>
        <dataPoint><x4>1.019021E-02</x4><x5>3.398948E-01</x5></dataPoint>
        <dataPoint><x4>1.159464E-02</x4><x5>2.358419E-01</x5></dataPoint>
        <dataPoint><x4>1.232992E-02</x4><x5>1.840935E-01</x5></dataPoint>
        <dataPoint><x4>1.281475E-02</x4><x5>1.514238E-01</x5></dataPoint>
        <dataPoint><x4>1.340447E-02</x4><x5>1.176030E-01</x5></dataPoint>
        <dataPoint><x4>1.644737E-02</x4><x5>7.917283E-02</x5></dataPoint>
        <dataPoint><x4>2.023722E-02</x4><x5>8.136332E-02</x5></dataPoint>
        <dataPoint><x4>2.253439E-02</x4><x5>8.242438E-02</x5></dataPoint>
        <dataPoint><x4>2.462692E-02</x4><x5>8.320597E-02</x5></dataPoint>
        <dataPoint><x4>2.929664E-02</x4><x5>8.465738E-02</x5></dataPoint>
        <dataPoint><x4>3.188438E-02</x4><x5>8.537666E-02</x5></dataPoint>
        <dataPoint><x4>3.620877E-02</x4><x5>8.640950E-02</x5></dataPoint>
        <dataPoint><x4>4.203827E-02</x4><x5>8.758325E-02</x5></dataPoint>
        <dataPoint><x4>4.702487E-02</x4><x5>8.844731E-02</x5></dataPoint>
        <dataPoint><x4>5.521777E-02</x4><x5>8.970741E-02</x5></dataPoint>
        <dataPoint><x4>6.496377E-02</x4><x5>9.096639E-02</x5></dataPoint>
        <dataPoint><x4>7.586137E-02</x4><x5>9.217419E-02</x5></dataPoint>
        <dataPoint><x4>8.689937E-02</x4><x5>9.326762E-02</x5></dataPoint>
        <dataPoint><x4>9.672157E-02</x4><x5>9.415490E-02</x5></dataPoint>
        <dataPoint><x4>1.093098E-01</x4><x5>9.521004E-02</x5></dataPoint>
        <dataPoint><x4>1.277766E-01</x4><x5>9.662065E-02</x5></dataPoint>
        <dataPoint><x4>1.511278E-01</x4><x5>9.825253E-02</x5></dataPoint>
        <dataPoint><x4>1.618592E-01</x4><x5>9.896159E-02</x5></dataPoint>
    </dataGroup>
</experiment>
