<experiment>
    <fileAuthor>Chemical Kinetics Laboratory, Institute of Chemistry, ELTE, Budapest, Hungary</fileAuthor>
    <fileDOI>10.24388/x40004028</fileDOI>
    <fileVersion>
        <major>2</major>
        <minor>3</minor>
    </fileVersion>
    <ReSpecThVersion>
        <major>2</major>
        <minor>3</minor>
    </ReSpecThVersion>
    <firstPublicationDate>2020-09-08</firstPublicationDate>
    <lastModificationDate>2020-11-18</lastModificationDate>
    <bibliographyLink>
        <description>A. Ramalingam, K. Zhang, A. Dhongde, L. Virnich, H. Sankhla, H. Curran, A. Heufer, Fuel 206 (2017) 325–333.</description>
        <referenceDOI>10.1016/j.fuel.2017.06.005</referenceDOI>
        <location>Main Article + Supplementary</location>
        <table>Table 1, Table S6, Table S8</table>
        <figure>Fig. 9, No. 6, Pc = 160 bar, phi = 1.0</figure>
        <details>
            <author>A. Ramalingam, K. Zhang, A. Dhongde, L. Virnich, H. Sankhla, H. Curran, A. Heufer</author>
            <journal>Fuel</journal>
            <pages>325–-333</pages>
            <title>An RCM experimental and modeling study on CH4 and CH4/C2H6 oxidation at pressures up to 160 bar</title>
            <volume>206</volume>
            <year>2017</year>
        </details>
    </bibliographyLink>
    <experimentType>ignition delay measurement</experimentType>
    <apparatus>
        <kind>rapid compression machine</kind>
    </apparatus>
    <commonProperties>
        <property name="initial composition"           sourcetype="calculated" >
            <component><speciesLink preferredKey="CH4"  CAS="74-82-8"    InChI="1S/CH4/h1H4"  SMILES="C"     chemName="methane"  /><amount units="mole fraction" >0.066346</amount></component>
            <component><speciesLink preferredKey="O2"   CAS="7782-44-7"  InChI="1S/O2/c1-2"   SMILES="O=O"   chemName="oxygen"   /><amount units="mole fraction" >0.133093</amount></component>
            <component><speciesLink preferredKey="N2"   CAS="7727-37-9"  InChI="1S/N2/c1-2"   SMILES="N#N"   chemName="nitrogen" /><amount units="mole fraction" >0.560392</amount></component>
            <component><speciesLink preferredKey="Ar"   CAS="7440-37-1"  InChI="1S/Ar"        SMILES="[Ar]"  chemName="argon"    /><amount units="mole fraction" >0.240168</amount></component>
        </property>
        <property name="evaluated standard deviation"  sourcetype="estimated"   units="unitless"       reference="ignition delay"  kind="relative"  method="generic uncertainty" ><value>0.1</value></property>
    </commonProperties>
    <dataGroup id="dg1" label="measured data">
        <property name="pressure"        id="x1"   label="P"              sourcetype="reported"  units="atm" />
        <property name="temperature"     id="x2"   label="T"              sourcetype="reported"  units="K"   />
        <property name="ignition delay"  id="x3"   label="tau"            sourcetype="reported"  units="ms"  />

        <dataPoint><x1>2.953</x1><x2>296.40</x2><x3>14.15</x3></dataPoint>
        <dataPoint><x1>2.953</x1><x2>296.40</x2><x3>13.16</x3></dataPoint>
    </dataGroup>
    <ignitionType target="p;" type="d/dt max"/>
    <dataGroup id="dg2" label="V-t history" dataPointLink="all">
        <property name="time"    id="x4"   label="t"            sourcetype="calculated"  units="s"   />
        <property name="volume"  id="x5"   label="V"            sourcetype="calculated"  units="cm3" />

        <dataPoint><x4>0.000000E+00</x4><x5>1.000000E+00</x5></dataPoint>
        <dataPoint><x4>1.796530E-03</x4><x5>9.040859E-01</x5></dataPoint>
        <dataPoint><x4>2.291750E-03</x4><x5>8.661712E-01</x5></dataPoint>
        <dataPoint><x4>4.023430E-03</x4><x5>7.344792E-01</x5></dataPoint>
        <dataPoint><x4>5.537450E-03</x4><x5>6.083319E-01</x5></dataPoint>
        <dataPoint><x4>6.191570E-03</x4><x5>5.583948E-01</x5></dataPoint>
        <dataPoint><x4>7.217650E-03</x4><x5>4.595026E-01</x5></dataPoint>
        <dataPoint><x4>8.361520E-03</x4><x5>3.572539E-01</x5></dataPoint>
        <dataPoint><x4>1.002222E-02</x4><x5>2.145154E-01</x5></dataPoint>
        <dataPoint><x4>1.122223E-02</x4><x5>1.188085E-01</x5></dataPoint>
        <dataPoint><x4>1.185134E-02</x4><x5>8.243799E-02</x5></dataPoint>
        <dataPoint><x4>1.389279E-02</x4><x5>5.893723E-02</x5></dataPoint>
        <dataPoint><x4>1.458512E-02</x4><x5>5.868453E-02</x5></dataPoint>
        <dataPoint><x4>1.920787E-02</x4><x5>6.127700E-02</x5></dataPoint>
        <dataPoint><x4>2.223426E-02</x4><x5>6.253693E-02</x5></dataPoint>
        <dataPoint><x4>2.877877E-02</x4><x5>6.462700E-02</x5></dataPoint>
        <dataPoint><x4>3.414028E-02</x4><x5>6.601298E-02</x5></dataPoint>
        <dataPoint><x4>4.209802E-02</x4><x5>6.770896E-02</x5></dataPoint>
        <dataPoint><x4>5.256156E-02</x4><x5>6.950573E-02</x5></dataPoint>
        <dataPoint><x4>6.317656E-02</x4><x5>7.100362E-02</x5></dataPoint>
        <dataPoint><x4>7.510526E-02</x4><x5>7.246702E-02</x5></dataPoint>
        <dataPoint><x4>9.324396E-02</x4><x5>7.434470E-02</x5></dataPoint>
        <dataPoint><x4>1.171795E-01</x4><x5>7.642133E-02</x5></dataPoint>
        <dataPoint><x4>1.471426E-01</x4><x5>7.869335E-02</x5></dataPoint>
        <dataPoint><x4>1.621665E-01</x4><x5>7.970362E-02</x5></dataPoint>
    </dataGroup>
</experiment>
