<experiment>
    <fileAuthor>Chemical Kinetics Laboratory, Institute of Chemistry, ELTE, Budapest, Hungary</fileAuthor>
    <fileDOI>10.24388/x40004067</fileDOI>
    <fileVersion>
        <major>2</major>
        <minor>3</minor>
    </fileVersion>
    <ReSpecThVersion>
        <major>2</major>
        <minor>3</minor>
    </ReSpecThVersion>
    <firstPublicationDate>2020-09-08</firstPublicationDate>
    <lastModificationDate>2020-11-18</lastModificationDate>
    <bibliographyLink>
        <description>N. Donohoe, A. Heufer, W. K. Metcalfe, H. J. Curran, M. L. Davis, O. Mathieu, D. Plichta, A. Morones, E. L. Petersen, F. Guthe, Combustion and Flame 161 (2014), 1432–1443.</description>
        <referenceDOI>10.1016/j.combustflame.2013.12.005</referenceDOI>
        <location>Main Article + Supplementary + Personal Communication</location>
        <table>Supplementary, Mix 2b</table>
        <figure>Supplementary, First figure, black full square</figure>
        <details>
            <author>N. Donohoe, A. Heufer, W. K. Metcalfe, H. J. Curran, M. L. Davis, O. Mathieu, D. Plichta, A. Morones, E. L. Petersen, F. Guthe</author>
            <journal>Combust Flame</journal>
            <pages>1432–-1443</pages>
            <title>Ignition delay times, laminar flame speeds, and mechanism validation for natural gas/hydrogen blends at elevated pressures</title>
            <volume>161</volume>
            <year>2014</year>
        </details>
    </bibliographyLink>
    <experimentType>ignition delay measurement</experimentType>
    <apparatus>
        <kind>rapid compression machine</kind>
    </apparatus>
    <commonProperties>
        <property name="initial composition"           sourcetype="reported"  >
            <component><speciesLink preferredKey="CH4"  CAS="74-82-8"    InChI="1S/CH4/h1H4"  SMILES="C"     chemName="methane"  /><amount units="mole fraction" >0.034850</amount></component>
            <component><speciesLink preferredKey="H2"   CAS="1333-74-0"  InChI="1S/H2/h1H"    SMILES="[HH]"  chemName="hydrogen" /><amount units="mole fraction" >0.052280</amount></component>
            <component><speciesLink preferredKey="O2"   CAS="7782-44-7"  InChI="1S/O2/c1-2"   SMILES="O=O"   chemName="oxygen"   /><amount units="mole fraction" >0.191702</amount></component>
            <component><speciesLink preferredKey="N2"   CAS="7727-37-9"  InChI="1S/N2/c1-2"   SMILES="N#N"   chemName="nitrogen" /><amount units="mole fraction" >0.360584</amount></component>
            <component><speciesLink preferredKey="Ar"   CAS="7440-37-1"  InChI="1S/Ar"        SMILES="[Ar]"  chemName="argon"    /><amount units="mole fraction" >0.360584</amount></component>
        </property>
        <property name="evaluated standard deviation"  sourcetype="estimated"  units="unitless"       reference="ignition delay"  kind="relative"  method="statistical scatter" ><value>0.236</value></property>
    </commonProperties>
    <dataGroup id="dg1" label="measured data">
        <property name="pressure"        id="x1"   label="P"              sourcetype="calculated"  units="bar" />
        <property name="temperature"     id="x2"   label="T"              sourcetype="calculated"  units="K"   />
        <property name="ignition delay"  id="x3"   label="tau"            sourcetype="reported"    units="ms"  />

        <dataPoint><x1>0.410</x1><x2>373.67</x2><x3>71.7</x3></dataPoint>
        <dataPoint><x1>0.410</x1><x2>378.75</x2><x3>40.5</x3></dataPoint>
        <dataPoint><x1>0.410</x1><x2>378.90</x2><x3>37.1</x3></dataPoint>
        <dataPoint><x1>0.410</x1><x2>383.95</x2><x3>22.4</x3></dataPoint>
        <dataPoint><x1>0.410</x1><x2>383.88</x2><x3>13.3</x3></dataPoint>
        <dataPoint><x1>0.410</x1><x2>384.14</x2><x3>20.9</x3></dataPoint>
        <dataPoint><x1>0.410</x1><x2>389.08</x2><x3>10.7</x3></dataPoint>
        <dataPoint><x1>0.410</x1><x2>389.13</x2><x3>11.9</x3></dataPoint>
        <dataPoint><x1>0.410</x1><x2>389.14</x2><x3>12.0</x3></dataPoint>
        <dataPoint><x1>0.410</x1><x2>394.04</x2><x3>10.1</x3></dataPoint>
        <dataPoint><x1>0.410</x1><x2>394.12</x2> <x3>8.8</x3></dataPoint>
    </dataGroup>
    <ignitionType target="p;" type="d/dt max"/>
    <dataGroup id="dg2" label="V-t history" dataPointLink="all">
        <property name="time"    id="x4"   label="t"            sourcetype="calculated"  units="s"   />
        <property name="volume"  id="x5"   label="V"            sourcetype="calculated"  units="cm3" />

        <dataPoint><x4>0.000000E+00</x4><x5>1.000000E+00</x5></dataPoint>
        <dataPoint><x4>3.946453E-03</x4><x5>9.408193E-01</x5></dataPoint>
        <dataPoint><x4>5.289152E-03</x4><x5>8.535937E-01</x5></dataPoint>
        <dataPoint><x4>7.894007E-03</x4><x5>7.214438E-01</x5></dataPoint>
        <dataPoint><x4>8.700054E-03</x4><x5>6.419279E-01</x5></dataPoint>
        <dataPoint><x4>1.024893E-02</x4><x5>5.375014E-01</x5></dataPoint>
        <dataPoint><x4>1.495294E-02</x4><x5>1.820000E-01</x5></dataPoint>
        <dataPoint><x4>1.515411E-02</x4><x5>1.690996E-01</x5></dataPoint>
        <dataPoint><x4>1.556280E-02</x4><x5>1.469869E-01</x5></dataPoint>
        <dataPoint><x4>1.586810E-02</x4><x5>1.338564E-01</x5></dataPoint>
        <dataPoint><x4>1.621675E-02</x4><x5>1.217955E-01</x5></dataPoint>
        <dataPoint><x4>1.665375E-02</x4><x5>1.098458E-01</x5></dataPoint>
        <dataPoint><x4>1.805490E-02</x4><x5>1.044579E-01</x5></dataPoint>
        <dataPoint><x4>2.109795E-02</x4><x5>1.081179E-01</x5></dataPoint>
        <dataPoint><x4>2.359129E-02</x4><x5>1.082451E-01</x5></dataPoint>
        <dataPoint><x4>2.696421E-02</x4><x5>1.111683E-01</x5></dataPoint>
        <dataPoint><x4>4.123773E-02</x4><x5>1.157233E-01</x5></dataPoint>
        <dataPoint><x4>5.366990E-02</x4><x5>1.190762E-01</x5></dataPoint>
        <dataPoint><x4>8.873341E-02</x4><x5>1.260100E-01</x5></dataPoint>
        <dataPoint><x4>1.112526E-01</x4><x5>1.293235E-01</x5></dataPoint>
        <dataPoint><x4>1.361990E-01</x4><x5>1.332548E-01</x5></dataPoint>
        <dataPoint><x4>1.922501E-01</x4><x5>1.396174E-01</x5></dataPoint>
        <dataPoint><x4>2.607430E-01</x4><x5>1.461944E-01</x5></dataPoint>
        <dataPoint><x4>2.997389E-01</x4><x5>1.494163E-01</x5></dataPoint>
        <dataPoint><x4>3.406651E-01</x4><x5>1.529924E-01</x5></dataPoint>
        <dataPoint><x4>4.269500E-01</x4><x5>1.591200E-01</x5></dataPoint>
    </dataGroup>
</experiment>
