<experiment>
    <fileAuthor>Chemical Kinetics Laboratory, Institute of Chemistry, ELTE, Budapest, Hungary</fileAuthor>
    <fileDOI>10.24388/x40004042</fileDOI>
    <fileVersion>
        <major>2</major>
        <minor>3</minor>
    </fileVersion>
    <ReSpecThVersion>
        <major>2</major>
        <minor>3</minor>
    </ReSpecThVersion>
    <firstPublicationDate>2020-09-08</firstPublicationDate>
    <lastModificationDate>2020-11-18</lastModificationDate>
    <bibliographyLink>
        <description>U. Burke, K. P. Somers, P. O’Toole, C. M. Zinner, N. Marquet, G. Bourque, E. L. Petersen, W. K. Metcalfe, Z. Serinyel, H. J. Curran, Combustion and Flame 162 (2015), 315–330.</description>
        <referenceDOI>10.1016/j.combustflame.2014.08.014</referenceDOI>
        <location>Main Article + Personal Communication</location>
        <table>Table 3</table>
        <figure>Fig.5 (d), black square, phi = 2.0, Pc = 10 atm</figure>
        <details>
            <author>U. Burke, K. P. Somers, P. O’Toole, C. M. Zinner, N. Marquet, G. Bourque, E. L. Petersen, W. K. Metcalfe, Z. Serinyel, H. J. Curran</author>
            <journal>Combust Flame</journal>
            <pages>315–-330</pages>
            <title>An ignition delay and kinetic modeling study of methane, dimethyl ether, and their mixtures at high pressures</title>
            <volume>162</volume>
            <year>2015</year>
        </details>
    </bibliographyLink>
    <experimentType>ignition delay measurement</experimentType>
    <apparatus>
        <kind>rapid compression machine</kind>
    </apparatus>
    <commonProperties>
        <property name="initial composition"           sourcetype="calculated" >
            <component><speciesLink preferredKey="CH4"  CAS="74-82-8"    InChI="1S/CH4/h1H4"  SMILES="C"     chemName="methane" /><amount units="mole fraction" >0.17361111</amount></component>
            <component><speciesLink preferredKey="O2"   CAS="7782-44-7"  InChI="1S/O2/c1-2"   SMILES="O=O"   chemName="oxygen"  /><amount units="mole fraction" >0.17361111</amount></component>
            <component><speciesLink preferredKey="Ar"   CAS="7440-37-1"  InChI="1S/Ar"        SMILES="[Ar]"  chemName="argon"   /><amount units="mole fraction" >0.65277778</amount></component>
        </property>
        <property name="evaluated standard deviation"  sourcetype="estimated"   units="unitless"       reference="ignition delay"  kind="relative"  method="statistical scatter" ><value>0.245</value></property>
    </commonProperties>
    <dataGroup id="dg1" label="measured data">
        <property name="pressure"        id="x1"   label="P"              sourcetype="calculated"  units="atm" />
        <property name="temperature"     id="x2"   label="T"              sourcetype="calculated"  units="K"   />
        <property name="ignition delay"  id="x3"   label="tau"            sourcetype="reported"    units="ms"  />

        <dataPoint><x1>0.4479</x1><x2>387.4</x2><x3>232.6</x3></dataPoint>
        <dataPoint><x1>0.4488</x1><x2>390.0</x2><x3>143.5</x3></dataPoint>
        <dataPoint><x1>0.4491</x1><x2>391.5</x2><x3>138.5</x3></dataPoint>
        <dataPoint><x1>0.4497</x1><x2>393.9</x2> <x3>93.1</x3></dataPoint>
        <dataPoint><x1>0.4509</x1><x2>397.9</x2> <x3>91.2</x3></dataPoint>
        <dataPoint><x1>0.4518</x1><x2>400.5</x2> <x3>83.9</x3></dataPoint>
        <dataPoint><x1>0.4533</x1><x2>405.6</x2> <x3>58.1</x3></dataPoint>
        <dataPoint><x1>0.4539</x1><x2>407.7</x2> <x3>64.4</x3></dataPoint>
    </dataGroup>
    <ignitionType target="p;" type="d/dt max"/>
    <comment>The inital temperature and pressure were deduced backward from the temperature and pressure at the end of compression showed in original article, the adjustments of initial pressure were within 4.76%</comment>
    <dataGroup id="dg2" label="V-t history" dataPointLink="all">
        <property name="time"    id="x4"   label="t"            sourcetype="calculated"  units="s"   />
        <property name="volume"  id="x5"   label="V"            sourcetype="calculated"  units="cm3" />

        <dataPoint><x4>0.000000E+00</x4><x5>1.000000E+00</x5></dataPoint>
        <dataPoint><x4>5.174700E-04</x4><x5>9.812341E-01</x5></dataPoint>
        <dataPoint><x4>8.969800E-04</x4><x5>9.787945E-01</x5></dataPoint>
        <dataPoint><x4>1.248520E-03</x4><x5>9.627439E-01</x5></dataPoint>
        <dataPoint><x4>2.431430E-03</x4><x5>9.347526E-01</x5></dataPoint>
        <dataPoint><x4>4.378110E-03</x4><x5>8.457640E-01</x5></dataPoint>
        <dataPoint><x4>4.530410E-03</x4><x5>8.379606E-01</x5></dataPoint>
        <dataPoint><x4>5.221500E-03</x4><x5>7.943780E-01</x5></dataPoint>
        <dataPoint><x4>6.123710E-03</x4><x5>7.351485E-01</x5></dataPoint>
        <dataPoint><x4>6.969420E-03</x4><x5>6.684553E-01</x5></dataPoint>
        <dataPoint><x4>7.721670E-03</x4><x5>6.128757E-01</x5></dataPoint>
        <dataPoint><x4>8.223910E-03</x4><x5>5.739232E-01</x5></dataPoint>
        <dataPoint><x4>8.620570E-03</x4><x5>5.426580E-01</x5></dataPoint>
        <dataPoint><x4>9.074220E-03</x4><x5>5.065668E-01</x5></dataPoint>
        <dataPoint><x4>9.473680E-03</x4><x5>4.764090E-01</x5></dataPoint>
        <dataPoint><x4>9.924300E-03</x4><x5>4.423809E-01</x5></dataPoint>
        <dataPoint><x4>1.032478E-02</x4><x5>4.112934E-01</x5></dataPoint>
        <dataPoint><x4>1.067346E-02</x4><x5>3.839892E-01</x5></dataPoint>
        <dataPoint><x4>1.102570E-02</x4><x5>3.562962E-01</x5></dataPoint>
        <dataPoint><x4>1.127664E-02</x4><x5>3.370077E-01</x5></dataPoint>
        <dataPoint><x4>1.157455E-02</x4><x5>3.140040E-01</x5></dataPoint>
        <dataPoint><x4>1.182459E-02</x4><x5>2.950728E-01</x5></dataPoint>
        <dataPoint><x4>1.202645E-02</x4><x5>2.797663E-01</x5></dataPoint>
        <dataPoint><x4>1.227546E-02</x4><x5>2.604706E-01</x5></dataPoint>
        <dataPoint><x4>1.247584E-02</x4><x5>2.447541E-01</x5></dataPoint>
        <dataPoint><x4>1.267445E-02</x4><x5>2.290509E-01</x5></dataPoint>
        <dataPoint><x4>1.292483E-02</x4><x5>2.096669E-01</x5></dataPoint>
        <dataPoint><x4>1.332373E-02</x4><x5>1.820553E-01</x5></dataPoint>
        <dataPoint><x4>1.372424E-02</x4><x5>1.600843E-01</x5></dataPoint>
        <dataPoint><x4>1.402472E-02</x4><x5>1.457374E-01</x5></dataPoint>
        <dataPoint><x4>1.467184E-02</x4><x5>1.205660E-01</x5></dataPoint>
        <dataPoint><x4>1.488102E-02</x4><x5>1.154969E-01</x5></dataPoint>
        <dataPoint><x4>1.512814E-02</x4><x5>1.114216E-01</x5></dataPoint>
        <dataPoint><x4>1.534093E-02</x4><x5>1.093907E-01</x5></dataPoint>
        <dataPoint><x4>1.560619E-02</x4><x5>1.080508E-01</x5></dataPoint>
        <dataPoint><x4>1.610213E-02</x4><x5>1.067547E-01</x5></dataPoint>
        <dataPoint><x4>1.679151E-02</x4><x5>1.063593E-01</x5></dataPoint>
        <dataPoint><x4>1.730202E-02</x4><x5>1.068085E-01</x5></dataPoint>
        <dataPoint><x4>1.875071E-02</x4><x5>1.095972E-01</x5></dataPoint>
        <dataPoint><x4>2.109635E-02</x4><x5>1.104432E-01</x5></dataPoint>
        <dataPoint><x4>2.443978E-02</x4><x5>1.153063E-01</x5></dataPoint>
        <dataPoint><x4>2.541961E-02</x4><x5>1.159744E-01</x5></dataPoint>
        <dataPoint><x4>2.728957E-02</x4><x5>1.161405E-01</x5></dataPoint>
        <dataPoint><x4>2.849246E-02</x4><x5>1.169000E-01</x5></dataPoint>
        <dataPoint><x4>3.047778E-02</x4><x5>1.194795E-01</x5></dataPoint>
        <dataPoint><x4>3.172912E-02</x4><x5>1.201973E-01</x5></dataPoint>
        <dataPoint><x4>3.412569E-02</x4><x5>1.207008E-01</x5></dataPoint>
        <dataPoint><x4>3.583537E-02</x4><x5>1.218337E-01</x5></dataPoint>
        <dataPoint><x4>3.719543E-02</x4><x5>1.230261E-01</x5></dataPoint>
        <dataPoint><x4>4.989517E-02</x4><x5>1.281611E-01</x5></dataPoint>
        <dataPoint><x4>6.446347E-02</x4><x5>1.326846E-01</x5></dataPoint>
        <dataPoint><x4>7.549437E-02</x4><x5>1.355964E-01</x5></dataPoint>
        <dataPoint><x4>8.922457E-02</x4><x5>1.383589E-01</x5></dataPoint>
        <dataPoint><x4>1.207402E-01</x4><x5>1.428543E-01</x5></dataPoint>
        <dataPoint><x4>1.315868E-01</x4><x5>1.440448E-01</x5></dataPoint>
        <dataPoint><x4>1.765971E-01</x4><x5>1.473729E-01</x5></dataPoint>
        <dataPoint><x4>2.202823E-01</x4><x5>1.513079E-01</x5></dataPoint>
        <dataPoint><x4>2.440199E-01</x4><x5>1.534317E-01</x5></dataPoint>
        <dataPoint><x4>3.161601E-01</x4><x5>1.618789E-01</x5></dataPoint>
        <dataPoint><x4>3.623975E-01</x4><x5>1.673988E-01</x5></dataPoint>
        <dataPoint><x4>4.073124E-01</x4><x5>1.723389E-01</x5></dataPoint>
        <dataPoint><x4>4.477415E-01</x4><x5>1.768578E-01</x5></dataPoint>
        <dataPoint><x4>4.481700E-01</x4><x5>1.766205E-01</x5></dataPoint>
    </dataGroup>
</experiment>
