<experiment>
    <fileAuthor>Chemical Kinetics Laboratory, Institute of Chemistry, ELTE, Budapest, Hungary</fileAuthor>
    <fileDOI>10.24388/x40004046</fileDOI>
    <fileVersion>
        <major>2</major>
        <minor>3</minor>
    </fileVersion>
    <ReSpecThVersion>
        <major>2</major>
        <minor>3</minor>
    </ReSpecThVersion>
    <firstPublicationDate>2020-09-08</firstPublicationDate>
    <lastModificationDate>2020-11-18</lastModificationDate>
    <bibliographyLink>
        <description>H. Hashemi, J. M. Christensen, S. Gersen, H. Levinsky, S. J. Klippenstein, P. Glarborg, Combustion and Flame 172 (2016), 349–364.</description>
        <referenceDOI>10.1016/j.combustflame.2016.07.016</referenceDOI>
        <location>Main Article + Supplementary + Personal Communication</location>
        <table>Table 1, Table S10</table>
        <figure>Fig. 14, orange circle, mixture C, phi = 0.5, Pc = 50 bar series</figure>
        <details>
            <author>H. Hashemi, J. M. Christensen, S. Gersen, H. Levinsky, S. J. Klippenstein, P. Glarborg</author>
            <journal>Combust Flame</journal>
            <pages>349–-364</pages>
            <title>High-pressure oxidation of methane</title>
            <volume>172</volume>
            <year>2016</year>
        </details>
    </bibliographyLink>
    <experimentType>ignition delay measurement</experimentType>
    <apparatus>
        <kind>rapid compression machine</kind>
    </apparatus>
    <commonProperties>
        <property name="initial composition"           sourcetype="reported"  >
            <component><speciesLink preferredKey="CH4"  CAS="74-82-8"    InChI="1S/CH4/h1H4"  SMILES="C"     chemName="methane"  /><amount units="mole fraction" >0.0476</amount></component>
            <component><speciesLink preferredKey="O2"   CAS="7782-44-7"  InChI="1S/O2/c1-2"   SMILES="O=O"   chemName="oxygen"   /><amount units="mole fraction" >0.1905</amount></component>
            <component><speciesLink preferredKey="N2"   CAS="7727-37-9"  InChI="1S/N2/c1-2"   SMILES="N#N"   chemName="nitrogen" /><amount units="mole fraction" >0.3000</amount></component>
            <component><speciesLink preferredKey="Ar"   CAS="7440-37-1"  InChI="1S/Ar"        SMILES="[Ar]"  chemName="argon"    /><amount units="mole fraction" >0.4619</amount></component>
        </property>
        <property name="evaluated standard deviation"  sourcetype="estimated"  units="unitless"       reference="ignition delay"  kind="relative"  method="generic uncertainty" ><value>0.1</value></property>
    </commonProperties>
    <dataGroup id="dg1" label="measured data">
        <property name="pressure"        id="x1"   label="P"              sourcetype="reported"  units="bar" />
        <property name="temperature"     id="x2"   label="T"              sourcetype="reported"  units="K"   />
        <property name="ignition delay"  id="x3"   label="tau"            sourcetype="reported"  units="ms"  />

        <dataPoint><x1>1.0526</x1><x2>296.45</x2><x3>13.8</x3></dataPoint>
        <dataPoint><x1>1.0547</x1><x2>296.65</x2><x3>13.4</x3></dataPoint>
        <dataPoint><x1>1.0946</x1><x2>296.75</x2><x3>18.8</x3></dataPoint>
        <dataPoint><x1>0.9656</x1><x2>296.85</x2> <x3>9.0</x3></dataPoint>
        <dataPoint><x1>0.9666</x1><x2>296.95</x2> <x3>9.4</x3></dataPoint>
        <dataPoint><x1>0.9176</x1><x2>296.95</x2> <x3>6.4</x3></dataPoint>
        <dataPoint><x1>0.8306</x1><x2>294.15</x2> <x3>5.6</x3></dataPoint>
        <dataPoint><x1>0.7756</x1><x2>294.25</x2> <x3>4.2</x3></dataPoint>
        <dataPoint><x1>0.7776</x1><x2>294.45</x2> <x3>2.4</x3></dataPoint>
        <dataPoint><x1>0.7277</x1><x2>294.65</x2> <x3>1.9</x3></dataPoint>
        <dataPoint><x1>0.6826</x1><x2>294.85</x2> <x3>1.4</x3></dataPoint>
    </dataGroup>
    <ignitionType target="p;" type="d/dt max"/>
    <dataGroup id="dg2" label="V-t history" dataPointLink="1">
        <property name="time"      id="x4"   label="t"            sourcetype="calculated"  units="s"   />
        <property name="volume"    id="x5"   label="V"            sourcetype="calculated"  units="cm3" />
        <property name="pressure"  id="x6"   label="p"            sourcetype="estimated"   units="bar"  kind="reactive" />

        <dataPoint><x4>0.000000E+00</x4><x5>1.000000E+00</x5><x6>1.052600E+00</x6></dataPoint>
        <dataPoint><x4>1.000000E-01</x4><x5>1.000000E+00</x5><x6>1.052600E+00</x6></dataPoint>
        <dataPoint><x4>1.750000E-01</x4><x5>8.614121E-01</x5><x6>1.312573E+00</x6></dataPoint>
        <dataPoint><x4>2.084874E-01</x4><x5>7.983297E-01</x5><x6>1.468661E+00</x6></dataPoint>
        <dataPoint><x4>2.115979E-01</x4><x5>7.741699E-01</x5><x6>1.536828E+00</x6></dataPoint>
        <dataPoint><x4>2.162682E-01</x4><x5>7.143021E-01</x5><x6>1.730579E+00</x6></dataPoint>
        <dataPoint><x4>2.166846E-01</x4><x5>7.067668E-01</x5><x6>1.757849E+00</x6></dataPoint>
        <dataPoint><x4>2.206238E-01</x4><x5>6.252252E-01</x5><x6>2.105691E+00</x6></dataPoint>
        <dataPoint><x4>2.216308E-01</x4><x5>6.030677E-01</x5><x6>2.220478E+00</x6></dataPoint>
        <dataPoint><x4>2.255038E-01</x4><x5>5.018328E-01</x5><x6>2.908274E+00</x6></dataPoint>
        <dataPoint><x4>2.268054E-01</x4><x5>4.531237E-01</x5><x6>3.377427E+00</x6></dataPoint>
        <dataPoint><x4>2.269575E-01</x4><x5>4.457479E-01</x5><x6>3.459511E+00</x6></dataPoint>
        <dataPoint><x4>2.279998E-01</x4><x5>4.198005E-01</x5><x6>3.776569E+00</x6></dataPoint>
        <dataPoint><x4>2.282333E-01</x4><x5>4.110596E-01</x5><x6>3.894467E+00</x6></dataPoint>
        <dataPoint><x4>2.292905E-01</x4><x5>3.817015E-01</x5><x6>4.339291E+00</x6></dataPoint>
        <dataPoint><x4>2.311436E-01</x4><x5>3.238542E-01</x5><x6>5.512362E+00</x6></dataPoint>
        <dataPoint><x4>2.320198E-01</x4><x5>2.935507E-01</x5><x6>6.357396E+00</x6></dataPoint>
        <dataPoint><x4>2.326404E-01</x4><x5>2.725906E-01</x5><x6>7.077697E+00</x6></dataPoint>
        <dataPoint><x4>2.333196E-01</x4><x5>2.522415E-01</x5><x6>7.918090E+00</x6></dataPoint>
        <dataPoint><x4>2.342379E-01</x4><x5>2.210704E-01</x5><x6>9.577411E+00</x6></dataPoint>
        <dataPoint><x4>2.344777E-01</x4><x5>2.131974E-01</x5><x6>1.009052E+01</x6></dataPoint>
        <dataPoint><x4>2.346509E-01</x4><x5>2.083542E-01</x5><x6>1.042953E+01</x6></dataPoint>
        <dataPoint><x4>2.348995E-01</x4><x5>2.005494E-01</x5><x6>1.101766E+01</x6></dataPoint>
        <dataPoint><x4>2.350870E-01</x4><x5>1.945806E-01</x5><x6>1.150604E+01</x6></dataPoint>
        <dataPoint><x4>2.354985E-01</x4><x5>1.813002E-01</x5><x6>1.273316E+01</x6></dataPoint>
        <dataPoint><x4>2.362298E-01</x4><x5>1.579318E-01</x5><x6>1.550919E+01</x6></dataPoint>
        <dataPoint><x4>2.365784E-01</x4><x5>1.476145E-01</x5><x6>1.707648E+01</x6></dataPoint>
        <dataPoint><x4>2.372433E-01</x4><x5>1.278516E-01</x5><x6>2.094443E+01</x6></dataPoint>
        <dataPoint><x4>2.379548E-01</x4><x5>1.061639E-01</x5><x6>2.723776E+01</x6></dataPoint>
        <dataPoint><x4>2.386073E-01</x4><x5>8.938883E-02</x5><x6>3.468784E+01</x6></dataPoint>
        <dataPoint><x4>2.388032E-01</x4><x5>8.576780E-02</x5><x6>3.675745E+01</x6></dataPoint>
        <dataPoint><x4>2.395866E-01</x4><x5>7.565701E-02</x5><x6>4.380362E+01</x6></dataPoint>
        <dataPoint><x4>2.398182E-01</x4><x5>7.290316E-02</x5><x6>4.612909E+01</x6></dataPoint>
        <dataPoint><x4>2.400020E-01</x4><x5>7.095235E-02</x5><x6>4.790654E+01</x6></dataPoint>
        <dataPoint><x4>2.402006E-01</x4><x5>6.949344E-02</x5><x6>4.931338E+01</x6></dataPoint>
        <dataPoint><x4>2.404016E-01</x4><x5>6.884232E-02</x5><x6>4.996410E+01</x6></dataPoint>
        <dataPoint><x4>2.406011E-01</x4><x5>6.853997E-02</x5><x6>5.027125E+01</x6></dataPoint>
        <dataPoint><x4>2.408091E-01</x4><x5>6.852161E-02</x5><x6>5.029000E+01</x6></dataPoint>
        <dataPoint><x4>2.458091E-01</x4><x5>7.050730E-02</x5><x6>4.832840E+01</x6></dataPoint>
        <dataPoint><x4>2.508091E-01</x4><x5>7.181983E-02</x5><x6>4.710203E+01</x6></dataPoint>
        <dataPoint><x4>2.558091E-01</x4><x5>7.264332E-02</x5><x6>4.635931E+01</x6></dataPoint>
        <dataPoint><x4>2.608091E-01</x4><x5>7.315303E-02</x5><x6>4.590951E+01</x6></dataPoint>
        <dataPoint><x4>2.658091E-01</x4><x5>7.346586E-02</x5><x6>4.563710E+01</x6></dataPoint>
        <dataPoint><x4>2.708091E-01</x4><x5>7.365687E-02</x5><x6>4.547213E+01</x6></dataPoint>
        <dataPoint><x4>2.758091E-01</x4><x5>7.377311E-02</x5><x6>4.537222E+01</x6></dataPoint>
        <dataPoint><x4>2.808091E-01</x4><x5>7.384373E-02</x5><x6>4.531171E+01</x6></dataPoint>
        <dataPoint><x4>2.858091E-01</x4><x5>7.388657E-02</x5><x6>4.527506E+01</x6></dataPoint>
        <dataPoint><x4>2.908091E-01</x4><x5>7.391255E-02</x5><x6>4.525287E+01</x6></dataPoint>
    </dataGroup>
    <dataGroup id="dg2" label="V-t history" dataPointLink="2">
        <property name="time"      id="x4"   label="t"            sourcetype="calculated"  units="s"   />
        <property name="volume"    id="x5"   label="V"            sourcetype="calculated"  units="cm3" />
        <property name="pressure"  id="x6"   label="p"            sourcetype="estimated"   units="bar"  kind="reactive" />

        <dataPoint><x4>0.000000E+00</x4><x5>1.000000E+00</x5><x6>1.054700E+00</x6></dataPoint>
        <dataPoint><x4>1.296000E-01</x4><x5>1.000000E+00</x5><x6>1.054700E+00</x6></dataPoint>
        <dataPoint><x4>1.912000E-01</x4><x5>8.288714E-01</x5><x6>1.392200E+00</x6></dataPoint>
        <dataPoint><x4>1.935900E-01</x4><x5>8.210258E-01</x5><x6>1.411898E+00</x6></dataPoint>
        <dataPoint><x4>1.986126E-01</x4><x5>7.646070E-01</x5><x6>1.568393E+00</x6></dataPoint>
        <dataPoint><x4>2.017988E-01</x4><x5>6.970880E-01</x5><x6>1.797505E+00</x6></dataPoint>
        <dataPoint><x4>2.051814E-01</x4><x5>6.096287E-01</x5><x6>2.189749E+00</x6></dataPoint>
        <dataPoint><x4>2.052380E-01</x4><x5>6.088551E-01</x5><x6>2.193842E+00</x6></dataPoint>
        <dataPoint><x4>2.084768E-01</x4><x5>5.219694E-01</x5><x6>2.750641E+00</x6></dataPoint>
        <dataPoint><x4>2.116104E-01</x4><x5>4.234277E-01</x5><x6>3.736723E+00</x6></dataPoint>
        <dataPoint><x4>2.136636E-01</x4><x5>3.577552E-01</x5><x6>4.778384E+00</x6></dataPoint>
        <dataPoint><x4>2.138117E-01</x4><x5>3.484068E-01</x5><x6>4.966208E+00</x6></dataPoint>
        <dataPoint><x4>2.141605E-01</x4><x5>3.393129E-01</x5><x6>5.161074E+00</x6></dataPoint>
        <dataPoint><x4>2.146098E-01</x4><x5>3.208430E-01</x5><x6>5.598634E+00</x6></dataPoint>
        <dataPoint><x4>2.149023E-01</x4><x5>3.129037E-01</x5><x6>5.806163E+00</x6></dataPoint>
        <dataPoint><x4>2.151076E-01</x4><x5>3.070247E-01</x5><x6>5.968279E+00</x6></dataPoint>
        <dataPoint><x4>2.152080E-01</x4><x5>3.038833E-01</x5><x6>6.058036E+00</x6></dataPoint>
        <dataPoint><x4>2.154144E-01</x4><x5>2.924080E-01</x5><x6>6.405931E+00</x6></dataPoint>
        <dataPoint><x4>2.157076E-01</x4><x5>2.853386E-01</x5><x6>6.637259E+00</x6></dataPoint>
        <dataPoint><x4>2.157536E-01</x4><x5>2.844911E-01</x5><x6>6.665930E+00</x6></dataPoint>
        <dataPoint><x4>2.164467E-01</x4><x5>2.620529E-01</x5><x6>7.507746E+00</x6></dataPoint>
        <dataPoint><x4>2.166472E-01</x4><x5>2.540597E-01</x5><x6>7.851583E+00</x6></dataPoint>
        <dataPoint><x4>2.168115E-01</x4><x5>2.478349E-01</x5><x6>8.138040E+00</x6></dataPoint>
        <dataPoint><x4>2.170028E-01</x4><x5>2.441195E-01</x5><x6>8.317471E+00</x6></dataPoint>
        <dataPoint><x4>2.172265E-01</x4><x5>2.344669E-01</x5><x6>8.815985E+00</x6></dataPoint>
        <dataPoint><x4>2.174063E-01</x4><x5>2.265715E-01</x5><x6>9.262192E+00</x6></dataPoint>
        <dataPoint><x4>2.176021E-01</x4><x5>2.225121E-01</x5><x6>9.506559E+00</x6></dataPoint>
        <dataPoint><x4>2.178338E-01</x4><x5>2.132763E-01</x5><x6>1.010467E+01</x6></dataPoint>
        <dataPoint><x4>2.180352E-01</x4><x5>2.063197E-01</x5><x6>1.059814E+01</x6></dataPoint>
        <dataPoint><x4>2.182361E-01</x4><x5>1.996183E-01</x5><x6>1.111296E+01</x6></dataPoint>
        <dataPoint><x4>2.184214E-01</x4><x5>1.937332E-01</x5><x6>1.160067E+01</x6></dataPoint>
        <dataPoint><x4>2.186038E-01</x4><x5>1.875443E-01</x5><x6>1.215356E+01</x6></dataPoint>
        <dataPoint><x4>2.188164E-01</x4><x5>1.789483E-01</x5><x6>1.299845E+01</x6></dataPoint>
        <dataPoint><x4>2.190269E-01</x4><x5>1.728777E-01</x5><x6>1.365642E+01</x6></dataPoint>
        <dataPoint><x4>2.192043E-01</x4><x5>1.678391E-01</x5><x6>1.424622E+01</x6></dataPoint>
        <dataPoint><x4>2.194228E-01</x4><x5>1.607238E-01</x5><x6>1.515527E+01</x6></dataPoint>
        <dataPoint><x4>2.196018E-01</x4><x5>1.553519E-01</x5><x6>1.590823E+01</x6></dataPoint>
        <dataPoint><x4>2.198186E-01</x4><x5>1.478628E-01</x5><x6>1.706829E+01</x6></dataPoint>
        <dataPoint><x4>2.200088E-01</x4><x5>1.420606E-01</x5><x6>1.806858E+01</x6></dataPoint>
        <dataPoint><x4>2.201988E-01</x4><x5>1.362552E-01</x5><x6>1.917223E+01</x6></dataPoint>
        <dataPoint><x4>2.204098E-01</x4><x5>1.294476E-01</x5><x6>2.061853E+01</x6></dataPoint>
        <dataPoint><x4>2.205957E-01</x4><x5>1.239069E-01</x5><x6>2.193700E+01</x6></dataPoint>
        <dataPoint><x4>2.207940E-01</x4><x5>1.177455E-01</x5><x6>2.357863E+01</x6></dataPoint>
        <dataPoint><x4>2.209940E-01</x4><x5>1.118479E-01</x5><x6>2.535392E+01</x6></dataPoint>
        <dataPoint><x4>2.211943E-01</x4><x5>1.061529E-01</x5><x6>2.729336E+01</x6></dataPoint>
        <dataPoint><x4>2.213951E-01</x4><x5>1.008476E-01</x5><x6>2.933692E+01</x6></dataPoint>
        <dataPoint><x4>2.216044E-01</x4><x5>9.528973E-02</x5><x6>3.177089E+01</x6></dataPoint>
        <dataPoint><x4>2.218055E-01</x4><x5>9.061985E-02</x5><x6>3.409291E+01</x6></dataPoint>
        <dataPoint><x4>2.220058E-01</x4><x5>8.657113E-02</x5><x6>3.634886E+01</x6></dataPoint>
        <dataPoint><x4>2.222032E-01</x4><x5>8.366517E-02</x5><x6>3.812887E+01</x6></dataPoint>
        <dataPoint><x4>2.224050E-01</x4><x5>8.091398E-02</x5><x6>3.995468E+01</x6></dataPoint>
        <dataPoint><x4>2.225940E-01</x4><x5>7.860198E-02</x5><x6>4.160685E+01</x6></dataPoint>
        <dataPoint><x4>2.227940E-01</x4><x5>7.625893E-02</x5><x6>4.340300E+01</x6></dataPoint>
        <dataPoint><x4>2.230058E-01</x4><x5>7.366702E-02</x5><x6>4.554859E+01</x6></dataPoint>
        <dataPoint><x4>2.232067E-01</x4><x5>7.144012E-02</x5><x6>4.754018E+01</x6></dataPoint>
        <dataPoint><x4>2.234029E-01</x4><x5>6.979386E-02</x5><x6>4.910971E+01</x6></dataPoint>
        <dataPoint><x4>2.236190E-01</x4><x5>6.879389E-02</x5><x6>5.010664E+01</x6></dataPoint>
        <dataPoint><x4>2.241199E-01</x4><x5>6.855491E-02</x5><x6>5.035000E+01</x6></dataPoint>
        <dataPoint><x4>2.291199E-01</x4><x5>7.053916E-02</x5><x6>4.838840E+01</x6></dataPoint>
        <dataPoint><x4>2.341199E-01</x4><x5>7.185065E-02</x5><x6>4.716203E+01</x6></dataPoint>
        <dataPoint><x4>2.391199E-01</x4><x5>7.267345E-02</x5><x6>4.641931E+01</x6></dataPoint>
        <dataPoint><x4>2.441199E-01</x4><x5>7.318272E-02</x5><x6>4.596951E+01</x6></dataPoint>
        <dataPoint><x4>2.491199E-01</x4><x5>7.349527E-02</x5><x6>4.569710E+01</x6></dataPoint>
        <dataPoint><x4>2.541199E-01</x4><x5>7.368611E-02</x5><x6>4.553213E+01</x6></dataPoint>
        <dataPoint><x4>2.591199E-01</x4><x5>7.380225E-02</x5><x6>4.543222E+01</x6></dataPoint>
        <dataPoint><x4>2.641199E-01</x4><x5>7.387280E-02</x5><x6>4.537171E+01</x6></dataPoint>
        <dataPoint><x4>2.691199E-01</x4><x5>7.391561E-02</x5><x6>4.533506E+01</x6></dataPoint>
        <dataPoint><x4>2.741199E-01</x4><x5>7.394156E-02</x5><x6>4.531287E+01</x6></dataPoint>
    </dataGroup>
    <dataGroup id="dg2" label="V-t history" dataPointLink="3">
        <property name="time"      id="x4"   label="t"            sourcetype="calculated"  units="s"   />
        <property name="volume"    id="x5"   label="V"            sourcetype="calculated"  units="cm3" />
        <property name="pressure"  id="x6"   label="p"            sourcetype="estimated"   units="bar"  kind="reactive" />

        <dataPoint><x4>0.000000E+00</x4><x5>1.000000E+00</x5><x6>1.094600E+00</x6></dataPoint>
        <dataPoint><x4>1.000000E-01</x4><x5>1.000000E+00</x5><x6>1.094600E+00</x6></dataPoint>
        <dataPoint><x4>1.750000E-01</x4><x5>8.845879E-01</x5><x6>1.312403E+00</x6></dataPoint>
        <dataPoint><x4>1.781861E-01</x4><x5>8.622084E-01</x5><x6>1.363076E+00</x6></dataPoint>
        <dataPoint><x4>1.820430E-01</x4><x5>8.074890E-01</x5><x6>1.501735E+00</x6></dataPoint>
        <dataPoint><x4>1.850202E-01</x4><x5>7.590352E-01</x5><x6>1.645384E+00</x6></dataPoint>
        <dataPoint><x4>1.879539E-01</x4><x5>6.827752E-01</x5><x6>1.923408E+00</x6></dataPoint>
        <dataPoint><x4>1.907181E-01</x4><x5>6.138568E-01</x5><x6>2.249586E+00</x6></dataPoint>
        <dataPoint><x4>1.943355E-01</x4><x5>5.077271E-01</x5><x6>2.972885E+00</x6></dataPoint>
        <dataPoint><x4>1.961543E-01</x4><x5>4.507370E-01</x5><x6>3.539307E+00</x6></dataPoint>
        <dataPoint><x4>1.977533E-01</x4><x5>3.948308E-01</x5><x6>4.294996E+00</x6></dataPoint>
        <dataPoint><x4>1.991239E-01</x4><x5>3.522665E-01</x5><x6>5.071984E+00</x6></dataPoint>
        <dataPoint><x4>2.005682E-01</x4><x5>3.006425E-01</x5><x6>6.385663E+00</x6></dataPoint>
        <dataPoint><x4>2.014667E-01</x4><x5>2.694751E-01</x5><x6>7.483052E+00</x6></dataPoint>
        <dataPoint><x4>2.018259E-01</x4><x5>2.564692E-01</x5><x6>8.038006E+00</x6></dataPoint>
        <dataPoint><x4>2.019718E-01</x4><x5>2.516626E-01</x5><x6>8.260781E+00</x6></dataPoint>
        <dataPoint><x4>2.024279E-01</x4><x5>2.375082E-01</x5><x6>8.980755E+00</x6></dataPoint>
        <dataPoint><x4>2.033440E-01</x4><x5>2.052954E-01</x5><x6>1.107768E+01</x6></dataPoint>
        <dataPoint><x4>2.041128E-01</x4><x5>1.792583E-01</x5><x6>1.345634E+01</x6></dataPoint>
        <dataPoint><x4>2.047376E-01</x4><x5>1.579606E-01</x5><x6>1.612199E+01</x6></dataPoint>
        <dataPoint><x4>2.053086E-01</x4><x5>1.394913E-01</x5><x6>1.924419E+01</x6></dataPoint>
        <dataPoint><x4>2.058499E-01</x4><x5>1.223052E-01</x5><x6>2.318907E+01</x6></dataPoint>
        <dataPoint><x4>2.063133E-01</x4><x5>1.081896E-01</x5><x6>2.757569E+01</x6></dataPoint>
        <dataPoint><x4>2.068317E-01</x4><x5>9.391855E-02</x5><x6>3.364912E+01</x6></dataPoint>
        <dataPoint><x4>2.070252E-01</x4><x5>8.960366E-02</x5><x6>3.594476E+01</x6></dataPoint>
        <dataPoint><x4>2.082584E-01</x4><x5>7.314063E-02</x5><x6>4.774396E+01</x6></dataPoint>
        <dataPoint><x4>2.084003E-01</x4><x5>7.198910E-02</x5><x6>4.881206E+01</x6></dataPoint>
        <dataPoint><x4>2.086003E-01</x4><x5>7.110407E-02</x5><x6>4.966087E+01</x6></dataPoint>
        <dataPoint><x4>2.088119E-01</x4><x5>7.085721E-02</x5><x6>4.990212E+01</x6></dataPoint>
        <dataPoint><x4>2.091776E-01</x4><x5>7.079828E-02</x5><x6>4.996000E+01</x6></dataPoint>
        <dataPoint><x4>2.141776E-01</x4><x5>7.286237E-02</x5><x6>4.799840E+01</x6></dataPoint>
        <dataPoint><x4>2.191776E-01</x4><x5>7.422719E-02</x5><x6>4.677203E+01</x6></dataPoint>
        <dataPoint><x4>2.241776E-01</x4><x5>7.508369E-02</x5><x6>4.602931E+01</x6></dataPoint>
        <dataPoint><x4>2.291776E-01</x4><x5>7.561390E-02</x5><x6>4.557951E+01</x6></dataPoint>
        <dataPoint><x4>2.341776E-01</x4><x5>7.593934E-02</x5><x6>4.530710E+01</x6></dataPoint>
        <dataPoint><x4>2.391776E-01</x4><x5>7.613806E-02</x5><x6>4.514213E+01</x6></dataPoint>
        <dataPoint><x4>2.441776E-01</x4><x5>7.625901E-02</x5><x6>4.504222E+01</x6></dataPoint>
        <dataPoint><x4>2.491776E-01</x4><x5>7.633248E-02</x5><x6>4.498171E+01</x6></dataPoint>
        <dataPoint><x4>2.541776E-01</x4><x5>7.637705E-02</x5><x6>4.494506E+01</x6></dataPoint>
        <dataPoint><x4>2.591776E-01</x4><x5>7.640408E-02</x5><x6>4.492287E+01</x6></dataPoint>
    </dataGroup>
    <dataGroup id="dg2" label="V-t history" dataPointLink="4">
        <property name="time"      id="x4"   label="t"            sourcetype="calculated"  units="s"   />
        <property name="volume"    id="x5"   label="V"            sourcetype="calculated"  units="cm3" />
        <property name="pressure"  id="x6"   label="p"            sourcetype="estimated"   units="bar"  kind="reactive" />

        <dataPoint><x4>0.000000E+00</x4><x5>1.000000E+00</x5><x6>9.656000E-01</x6></dataPoint>
        <dataPoint><x4>1.000000E-01</x4><x5>1.000000E+00</x5><x6>9.656000E-01</x6></dataPoint>
        <dataPoint><x4>1.750000E-01</x4><x5>8.246472E-01</x5><x6>1.284239E+00</x6></dataPoint>
        <dataPoint><x4>1.759498E-01</x4><x5>8.241063E-01</x5><x6>1.285485E+00</x6></dataPoint>
        <dataPoint><x4>1.814737E-01</x4><x5>7.277128E-01</x5><x6>1.544564E+00</x6></dataPoint>
        <dataPoint><x4>1.855606E-01</x4><x5>6.352888E-01</x5><x6>1.886740E+00</x6></dataPoint>
        <dataPoint><x4>1.881002E-01</x4><x5>5.596425E-01</x5><x6>2.273351E+00</x6></dataPoint>
        <dataPoint><x4>1.888695E-01</x4><x5>5.366878E-01</x5><x6>2.417534E+00</x6></dataPoint>
        <dataPoint><x4>1.915717E-01</x4><x5>4.602986E-01</x5><x6>3.027702E+00</x6></dataPoint>
        <dataPoint><x4>1.931830E-01</x4><x5>4.069833E-01</x5><x6>3.624751E+00</x6></dataPoint>
        <dataPoint><x4>1.948077E-01</x4><x5>3.578329E-01</x5><x6>4.373176E+00</x6></dataPoint>
        <dataPoint><x4>1.950089E-01</x4><x5>3.442831E-01</x5><x6>4.625979E+00</x6></dataPoint>
        <dataPoint><x4>1.952282E-01</x4><x5>3.416756E-01</x5><x6>4.677439E+00</x6></dataPoint>
        <dataPoint><x4>1.954265E-01</x4><x5>3.360064E-01</x5><x6>4.792684E+00</x6></dataPoint>
        <dataPoint><x4>1.956793E-01</x4><x5>3.290168E-01</x5><x6>4.941450E+00</x6></dataPoint>
        <dataPoint><x4>1.964200E-01</x4><x5>3.028359E-01</x5><x6>5.573886E+00</x6></dataPoint>
        <dataPoint><x4>1.969893E-01</x4><x5>2.867336E-01</x5><x6>6.033487E+00</x6></dataPoint>
        <dataPoint><x4>1.976162E-01</x4><x5>2.640345E-01</x5><x6>6.798690E+00</x6></dataPoint>
        <dataPoint><x4>1.978031E-01</x4><x5>2.605482E-01</x5><x6>6.930634E+00</x6></dataPoint>
        <dataPoint><x4>1.980120E-01</x4><x5>2.515320E-01</x5><x6>7.292519E+00</x6></dataPoint>
        <dataPoint><x4>1.982015E-01</x4><x5>2.479642E-01</x5><x6>7.444555E+00</x6></dataPoint>
        <dataPoint><x4>1.984127E-01</x4><x5>2.383664E-01</x5><x6>7.881036E+00</x6></dataPoint>
        <dataPoint><x4>1.986139E-01</x4><x5>2.319442E-01</x5><x6>8.197647E+00</x6></dataPoint>
        <dataPoint><x4>1.988084E-01</x4><x5>2.256792E-01</x5><x6>8.527594E+00</x6></dataPoint>
        <dataPoint><x4>1.990126E-01</x4><x5>2.184566E-01</x5><x6>8.936506E+00</x6></dataPoint>
        <dataPoint><x4>1.992085E-01</x4><x5>2.128699E-01</x5><x6>9.275899E+00</x6></dataPoint>
        <dataPoint><x4>1.994118E-01</x4><x5>2.064447E-01</x5><x6>9.693777E+00</x6></dataPoint>
        <dataPoint><x4>1.996090E-01</x4><x5>2.003570E-01</x5><x6>1.011969E+01</x6></dataPoint>
        <dataPoint><x4>1.998014E-01</x4><x5>1.945771E-01</x5><x6>1.055395E+01</x6></dataPoint>
        <dataPoint><x4>2.000092E-01</x4><x5>1.871794E-01</x5><x6>1.115720E+01</x6></dataPoint>
        <dataPoint><x4>2.002091E-01</x4><x5>1.804481E-01</x5><x6>1.175819E+01</x6></dataPoint>
        <dataPoint><x4>2.004104E-01</x4><x5>1.738521E-01</x5><x6>1.240176E+01</x6></dataPoint>
        <dataPoint><x4>2.006016E-01</x4><x5>1.686191E-01</x5><x6>1.295564E+01</x6></dataPoint>
        <dataPoint><x4>2.008072E-01</x4><x5>1.617628E-01</x5><x6>1.374692E+01</x6></dataPoint>
        <dataPoint><x4>2.009998E-01</x4><x5>1.562093E-01</x5><x6>1.444935E+01</x6></dataPoint>
        <dataPoint><x4>2.012056E-01</x4><x5>1.489236E-01</x5><x6>1.546692E+01</x6></dataPoint>
        <dataPoint><x4>2.013996E-01</x4><x5>1.430517E-01</x5><x6>1.637808E+01</x6></dataPoint>
        <dataPoint><x4>2.015985E-01</x4><x5>1.370763E-01</x5><x6>1.740197E+01</x6></dataPoint>
        <dataPoint><x4>2.018039E-01</x4><x5>1.308322E-01</x5><x6>1.859239E+01</x6></dataPoint>
        <dataPoint><x4>2.019979E-01</x4><x5>1.256118E-01</x5><x6>1.969702E+01</x6></dataPoint>
        <dataPoint><x4>2.021990E-01</x4><x5>1.195599E-01</x5><x6>2.112297E+01</x6></dataPoint>
        <dataPoint><x4>2.023979E-01</x4><x5>1.138581E-01</x5><x6>2.263332E+01</x6></dataPoint>
        <dataPoint><x4>2.025977E-01</x4><x5>1.079525E-01</x5><x6>2.440001E+01</x6></dataPoint>
        <dataPoint><x4>2.028044E-01</x4><x5>1.023944E-01</x5><x6>2.628653E+01</x6></dataPoint>
        <dataPoint><x4>2.035983E-01</x4><x5>8.188462E-02</x5><x6>3.597025E+01</x6></dataPoint>
        <dataPoint><x4>2.038026E-01</x4><x5>7.855952E-02</x5><x6>3.811623E+01</x6></dataPoint>
        <dataPoint><x4>2.040028E-01</x4><x5>7.582910E-02</x5><x6>4.004635E+01</x6></dataPoint>
        <dataPoint><x4>2.041979E-01</x4><x5>7.356055E-02</x5><x6>4.177984E+01</x6></dataPoint>
        <dataPoint><x4>2.043980E-01</x4><x5>7.107633E-02</x5><x6>4.382942E+01</x6></dataPoint>
        <dataPoint><x4>2.046014E-01</x4><x5>6.868987E-02</x5><x6>4.596473E+01</x6></dataPoint>
        <dataPoint><x4>2.048027E-01</x4><x5>6.656038E-02</x5><x6>4.802410E+01</x6></dataPoint>
        <dataPoint><x4>2.050028E-01</x4><x5>6.510271E-02</x5><x6>4.952617E+01</x6></dataPoint>
        <dataPoint><x4>2.052040E-01</x4><x5>6.445469E-02</x5><x6>5.021981E+01</x6></dataPoint>
        <dataPoint><x4>2.053950E-01</x4><x5>6.425217E-02</x5><x6>5.044000E+01</x6></dataPoint>
        <dataPoint><x4>2.103950E-01</x4><x5>6.611140E-02</x5><x6>4.847840E+01</x6></dataPoint>
        <dataPoint><x4>2.153950E-01</x4><x5>6.734022E-02</x5><x6>4.725203E+01</x6></dataPoint>
        <dataPoint><x4>2.203950E-01</x4><x5>6.811115E-02</x5><x6>4.650931E+01</x6></dataPoint>
        <dataPoint><x4>2.253950E-01</x4><x5>6.858830E-02</x5><x6>4.605951E+01</x6></dataPoint>
        <dataPoint><x4>2.303950E-01</x4><x5>6.888115E-02</x5><x6>4.578710E+01</x6></dataPoint>
        <dataPoint><x4>2.353950E-01</x4><x5>6.905995E-02</x5><x6>4.562213E+01</x6></dataPoint>
        <dataPoint><x4>2.403950E-01</x4><x5>6.916877E-02</x5><x6>4.552222E+01</x6></dataPoint>
        <dataPoint><x4>2.453950E-01</x4><x5>6.923487E-02</x5><x6>4.546171E+01</x6></dataPoint>
        <dataPoint><x4>2.503950E-01</x4><x5>6.927497E-02</x5><x6>4.542506E+01</x6></dataPoint>
        <dataPoint><x4>2.553950E-01</x4><x5>6.929929E-02</x5><x6>4.540287E+01</x6></dataPoint>
    </dataGroup>
    <dataGroup id="dg2" label="V-t history" dataPointLink="5">
        <property name="time"      id="x4"   label="t"            sourcetype="calculated"  units="s"   />
        <property name="volume"    id="x5"   label="V"            sourcetype="calculated"  units="cm3" />
        <property name="pressure"  id="x6"   label="p"            sourcetype="estimated"   units="bar"  kind="reactive" />

        <dataPoint><x4>0.000000E+00</x4><x5>1.000000E+00</x5><x6>9.666000E-01</x6></dataPoint>
        <dataPoint><x4>1.000000E-01</x4><x5>1.000000E+00</x5><x6>9.666000E-01</x6></dataPoint>
        <dataPoint><x4>1.750000E-01</x4><x5>8.590130E-01</x5><x6>1.210300E+00</x6></dataPoint>
        <dataPoint><x4>1.898382E-01</x4><x5>8.240690E-01</x5><x6>1.286899E+00</x6></dataPoint>
        <dataPoint><x4>1.976769E-01</x4><x5>6.953025E-01</x5><x6>1.653572E+00</x6></dataPoint>
        <dataPoint><x4>2.016588E-01</x4><x5>6.062259E-01</x5><x6>2.023384E+00</x6></dataPoint>
        <dataPoint><x4>2.046388E-01</x4><x5>5.279713E-01</x5><x6>2.478872E+00</x6></dataPoint>
        <dataPoint><x4>2.072503E-01</x4><x5>4.522562E-01</x5><x6>3.110002E+00</x6></dataPoint>
        <dataPoint><x4>2.074022E-01</x4><x5>4.509222E-01</x5><x6>3.123473E+00</x6></dataPoint>
        <dataPoint><x4>2.075958E-01</x4><x5>4.333314E-01</x5><x6>3.310654E+00</x6></dataPoint>
        <dataPoint><x4>2.080207E-01</x4><x5>4.190362E-01</x5><x6>3.477021E+00</x6></dataPoint>
        <dataPoint><x4>2.083689E-01</x4><x5>4.140586E-01</x5><x6>3.538255E+00</x6></dataPoint>
        <dataPoint><x4>2.086000E-01</x4><x5>4.036730E-01</x5><x6>3.671982E+00</x6></dataPoint>
        <dataPoint><x4>2.088889E-01</x4><x5>4.020420E-01</x5><x6>3.693751E+00</x6></dataPoint>
        <dataPoint><x4>2.103179E-01</x4><x5>3.572558E-01</x5><x6>4.387933E+00</x6></dataPoint>
        <dataPoint><x4>2.119344E-01</x4><x5>3.053684E-01</x5><x6>5.512518E+00</x6></dataPoint>
        <dataPoint><x4>2.127482E-01</x4><x5>2.794119E-01</x5><x6>6.270226E+00</x6></dataPoint>
        <dataPoint><x4>2.136251E-01</x4><x5>2.505018E-01</x5><x6>7.343292E+00</x6></dataPoint>
        <dataPoint><x4>2.138580E-01</x4><x5>2.442282E-01</x5><x6>7.617214E+00</x6></dataPoint>
        <dataPoint><x4>2.145798E-01</x4><x5>2.207103E-01</x5><x6>8.814306E+00</x6></dataPoint>
        <dataPoint><x4>2.150172E-01</x4><x5>2.061324E-01</x5><x6>9.724658E+00</x6></dataPoint>
        <dataPoint><x4>2.152269E-01</x4><x5>1.982073E-01</x5><x6>1.028796E+01</x6></dataPoint>
        <dataPoint><x4>2.154261E-01</x4><x5>1.920210E-01</x5><x6>1.076686E+01</x6></dataPoint>
        <dataPoint><x4>2.156142E-01</x4><x5>1.858567E-01</x5><x6>1.128247E+01</x6></dataPoint>
        <dataPoint><x4>2.158101E-01</x4><x5>1.789817E-01</x5><x6>1.190825E+01</x6></dataPoint>
        <dataPoint><x4>2.160045E-01</x4><x5>1.742558E-01</x5><x6>1.237305E+01</x6></dataPoint>
        <dataPoint><x4>2.162243E-01</x4><x5>1.675372E-01</x5><x6>1.308841E+01</x6></dataPoint>
        <dataPoint><x4>2.164153E-01</x4><x5>1.622500E-01</x5><x6>1.370171E+01</x6></dataPoint>
        <dataPoint><x4>2.166052E-01</x4><x5>1.569595E-01</x5><x6>1.436529E+01</x6></dataPoint>
        <dataPoint><x4>2.173640E-01</x4><x5>1.339515E-01</x5><x6>1.799898E+01</x6></dataPoint>
        <dataPoint><x4>2.175978E-01</x4><x5>1.270725E-01</x5><x6>1.939622E+01</x6></dataPoint>
        <dataPoint><x4>2.177961E-01</x4><x5>1.213143E-01</x5><x6>2.071258E+01</x6></dataPoint>
        <dataPoint><x4>2.179951E-01</x4><x5>1.155719E-01</x5><x6>2.218255E+01</x6></dataPoint>
        <dataPoint><x4>2.181974E-01</x4><x5>1.100582E-01</x5><x6>2.376758E+01</x6></dataPoint>
        <dataPoint><x4>2.183968E-01</x4><x5>1.045245E-01</x5><x6>2.556048E+01</x6></dataPoint>
        <dataPoint><x4>2.186055E-01</x4><x5>9.919717E-02</x5><x6>2.751351E+01</x6></dataPoint>
        <dataPoint><x4>2.193658E-01</x4><x5>8.158622E-02</x5><x6>3.618974E+01</x6></dataPoint>
        <dataPoint><x4>2.201863E-01</x4><x5>7.168827E-02</x5><x6>4.335112E+01</x6></dataPoint>
        <dataPoint><x4>2.204046E-01</x4><x5>6.921435E-02</x5><x6>4.552476E+01</x6></dataPoint>
        <dataPoint><x4>2.206023E-01</x4><x5>6.730837E-02</x5><x6>4.732915E+01</x6></dataPoint>
        <dataPoint><x4>2.208004E-01</x4><x5>6.585117E-02</x5><x6>4.879248E+01</x6></dataPoint>
        <dataPoint><x4>2.210009E-01</x4><x5>6.517065E-02</x5><x6>4.950247E+01</x6></dataPoint>
        <dataPoint><x4>2.212132E-01</x4><x5>6.492397E-02</x5><x6>4.976419E+01</x6></dataPoint>
        <dataPoint><x4>2.215203E-01</x4><x5>6.487165E-02</x5><x6>4.982000E+01</x6></dataPoint>
        <dataPoint><x4>2.265203E-01</x4><x5>6.677259E-02</x5><x6>4.785840E+01</x6></dataPoint>
        <dataPoint><x4>2.315203E-01</x4><x5>6.802986E-02</x5><x6>4.663203E+01</x6></dataPoint>
        <dataPoint><x4>2.365203E-01</x4><x5>6.881900E-02</x5><x6>4.588931E+01</x6></dataPoint>
        <dataPoint><x4>2.415203E-01</x4><x5>6.930757E-02</x5><x6>4.543951E+01</x6></dataPoint>
        <dataPoint><x4>2.465203E-01</x4><x5>6.960747E-02</x5><x6>4.516710E+01</x6></dataPoint>
        <dataPoint><x4>2.515203E-01</x4><x5>6.979060E-02</x5><x6>4.500213E+01</x6></dataPoint>
        <dataPoint><x4>2.565203E-01</x4><x5>6.990206E-02</x5><x6>4.490222E+01</x6></dataPoint>
        <dataPoint><x4>2.615203E-01</x4><x5>6.996977E-02</x5><x6>4.484171E+01</x6></dataPoint>
        <dataPoint><x4>2.665203E-01</x4><x5>7.001085E-02</x5><x6>4.480506E+01</x6></dataPoint>
        <dataPoint><x4>2.715203E-01</x4><x5>7.003576E-02</x5><x6>4.478287E+01</x6></dataPoint>
    </dataGroup>
    <dataGroup id="dg2" label="V-t history" dataPointLink="6">
        <property name="time"      id="x4"   label="t"            sourcetype="calculated"  units="s"   />
        <property name="volume"    id="x5"   label="V"            sourcetype="calculated"  units="cm3" />
        <property name="pressure"  id="x6"   label="p"            sourcetype="estimated"   units="bar"  kind="reactive" />

        <dataPoint><x4>0.000000E+00</x4><x5>1.000000E+00</x5><x6>9.176000E-01</x6></dataPoint>
        <dataPoint><x4>1.000000E-01</x4><x5>1.000000E+00</x5><x6>9.176000E-01</x6></dataPoint>
        <dataPoint><x4>2.000000E-01</x4><x5>7.501731E-01</x5><x6>1.403420E+00</x6></dataPoint>
        <dataPoint><x4>2.079455E-01</x4><x5>5.625630E-01</x5><x6>2.143871E+00</x6></dataPoint>
        <dataPoint><x4>2.116077E-01</x4><x5>4.523881E-01</x5><x6>2.951086E+00</x6></dataPoint>
        <dataPoint><x4>2.131998E-01</x4><x5>4.090602E-01</x5><x6>3.419006E+00</x6></dataPoint>
        <dataPoint><x4>2.136535E-01</x4><x5>3.937645E-01</x5><x6>3.614612E+00</x6></dataPoint>
        <dataPoint><x4>2.138122E-01</x4><x5>3.877266E-01</x5><x6>3.697035E+00</x6></dataPoint>
        <dataPoint><x4>2.139171E-01</x4><x5>3.887028E-01</x5><x6>3.683496E+00</x6></dataPoint>
        <dataPoint><x4>2.147344E-01</x4><x5>3.609943E-01</x5><x6>4.102811E+00</x6></dataPoint>
        <dataPoint><x4>2.150397E-01</x4><x5>3.494249E-01</x5><x6>4.302110E+00</x6></dataPoint>
        <dataPoint><x4>2.152009E-01</x4><x5>3.477202E-01</x5><x6>4.332847E+00</x6></dataPoint>
        <dataPoint><x4>2.154491E-01</x4><x5>3.334469E-01</x5><x6>4.605286E+00</x6></dataPoint>
        <dataPoint><x4>2.158268E-01</x4><x5>3.258829E-01</x5><x6>4.761506E+00</x6></dataPoint>
        <dataPoint><x4>2.160037E-01</x4><x5>3.217523E-01</x5><x6>4.850596E+00</x6></dataPoint>
        <dataPoint><x4>2.162236E-01</x4><x5>3.106387E-01</x5><x6>5.104684E+00</x6></dataPoint>
        <dataPoint><x4>2.164567E-01</x4><x5>3.045749E-01</x5><x6>5.252868E+00</x6></dataPoint>
        <dataPoint><x4>2.166489E-01</x4><x5>2.990191E-01</x5><x6>5.395069E+00</x6></dataPoint>
        <dataPoint><x4>2.168341E-01</x4><x5>2.931270E-01</x5><x6>5.553054E+00</x6></dataPoint>
        <dataPoint><x4>2.174125E-01</x4><x5>2.744258E-01</x5><x6>6.109602E+00</x6></dataPoint>
        <dataPoint><x4>2.176129E-01</x4><x5>2.657512E-01</x5><x6>6.400294E+00</x6></dataPoint>
        <dataPoint><x4>2.178122E-01</x4><x5>2.620844E-01</x5><x6>6.530206E+00</x6></dataPoint>
        <dataPoint><x4>2.180260E-01</x4><x5>2.551656E-01</x5><x6>6.787705E+00</x6></dataPoint>
        <dataPoint><x4>2.186015E-01</x4><x5>2.378618E-01</x5><x6>7.511998E+00</x6></dataPoint>
        <dataPoint><x4>2.188177E-01</x4><x5>2.305810E-01</x5><x6>7.856400E+00</x6></dataPoint>
        <dataPoint><x4>2.190326E-01</x4><x5>2.222497E-01</x5><x6>8.284165E+00</x6></dataPoint>
        <dataPoint><x4>2.196028E-01</x4><x5>2.074757E-01</x5><x6>9.145901E+00</x6></dataPoint>
        <dataPoint><x4>2.198169E-01</x4><x5>1.983793E-01</x5><x6>9.754280E+00</x6></dataPoint>
        <dataPoint><x4>2.200193E-01</x4><x5>1.918476E-01</x5><x6>1.023431E+01</x6></dataPoint>
        <dataPoint><x4>2.202055E-01</x4><x5>1.865424E-01</x5><x6>1.065414E+01</x6></dataPoint>
        <dataPoint><x4>2.204137E-01</x4><x5>1.798294E-01</x5><x6>1.122838E+01</x6></dataPoint>
        <dataPoint><x4>2.206103E-01</x4><x5>1.737888E-01</x5><x6>1.179099E+01</x6></dataPoint>
        <dataPoint><x4>2.208168E-01</x4><x5>1.673927E-01</x5><x6>1.244025E+01</x6></dataPoint>
        <dataPoint><x4>2.210049E-01</x4><x5>1.625267E-01</x5><x6>1.297553E+01</x6></dataPoint>
        <dataPoint><x4>2.212144E-01</x4><x5>1.564493E-01</x5><x6>1.370053E+01</x6></dataPoint>
        <dataPoint><x4>2.214063E-01</x4><x5>1.512000E-01</x5><x6>1.438336E+01</x6></dataPoint>
        <dataPoint><x4>2.215995E-01</x4><x5>1.458675E-01</x5><x6>1.513768E+01</x6></dataPoint>
        <dataPoint><x4>2.218073E-01</x4><x5>1.393973E-01</x5><x6>1.614645E+01</x6></dataPoint>
        <dataPoint><x4>2.219986E-01</x4><x5>1.338074E-01</x5><x6>1.711268E+01</x6></dataPoint>
        <dataPoint><x4>2.221966E-01</x4><x5>1.282202E-01</x5><x6>1.817982E+01</x6></dataPoint>
        <dataPoint><x4>2.223963E-01</x4><x5>1.221853E-01</x5><x6>1.946454E+01</x6></dataPoint>
        <dataPoint><x4>2.226060E-01</x4><x5>1.159013E-01</x5><x6>2.097355E+01</x6></dataPoint>
        <dataPoint><x4>2.227967E-01</x4><x5>1.107166E-01</x5><x6>2.237366E+01</x6></dataPoint>
        <dataPoint><x4>2.229963E-01</x4><x5>1.051009E-01</x5><x6>2.407746E+01</x6></dataPoint>
        <dataPoint><x4>2.231958E-01</x4><x5>9.979156E-02</x5><x6>2.590021E+01</x6></dataPoint>
        <dataPoint><x4>2.233963E-01</x4><x5>9.467204E-02</x5><x6>2.789019E+01</x6></dataPoint>
        <dataPoint><x4>2.235962E-01</x4><x5>8.957138E-02</x5><x6>3.014430E+01</x6></dataPoint>
        <dataPoint><x4>2.238044E-01</x4><x5>8.443596E-02</x5><x6>3.274385E+01</x6></dataPoint>
        <dataPoint><x4>2.240046E-01</x4><x5>8.020899E-02</x5><x6>3.518275E+01</x6></dataPoint>
        <dataPoint><x4>2.242041E-01</x4><x5>7.685009E-02</x5><x6>3.734949E+01</x6></dataPoint>
        <dataPoint><x4>2.243965E-01</x4><x5>7.460151E-02</x5><x6>3.892999E+01</x6></dataPoint>
        <dataPoint><x4>2.245963E-01</x4><x5>7.221491E-02</x5><x6>4.073580E+01</x6></dataPoint>
        <dataPoint><x4>2.248055E-01</x4><x5>6.985033E-02</x5><x6>4.266996E+01</x6></dataPoint>
        <dataPoint><x4>2.249961E-01</x4><x5>6.792569E-02</x5><x6>4.436262E+01</x6></dataPoint>
        <dataPoint><x4>2.252049E-01</x4><x5>6.566946E-02</x5><x6>4.649739E+01</x6></dataPoint>
        <dataPoint><x4>2.254038E-01</x4><x5>6.388834E-02</x5><x6>4.830939E+01</x6></dataPoint>
        <dataPoint><x4>2.256029E-01</x4><x5>6.278491E-02</x5><x6>4.949325E+01</x6></dataPoint>
        <dataPoint><x4>2.258063E-01</x4><x5>6.229598E-02</x5><x6>5.003372E+01</x6></dataPoint>
        <dataPoint><x4>2.262000E-01</x4><x5>6.213845E-02</x5><x6>5.021000E+01</x6></dataPoint>
        <dataPoint><x4>2.302000E-01</x4><x5>6.338727E-02</x5><x6>4.884093E+01</x6></dataPoint>
        <dataPoint><x4>2.342000E-01</x4><x5>6.429547E-02</x5><x6>4.788471E+01</x6></dataPoint>
        <dataPoint><x4>2.382000E-01</x4><x5>6.494147E-02</x5><x6>4.722378E+01</x6></dataPoint>
        <dataPoint><x4>2.422000E-01</x4><x5>6.539705E-02</x5><x6>4.676696E+01</x6></dataPoint>
        <dataPoint><x4>2.462000E-01</x4><x5>6.571639E-02</x5><x6>4.645121E+01</x6></dataPoint>
        <dataPoint><x4>2.502000E-01</x4><x5>6.593929E-02</x5><x6>4.623296E+01</x6></dataPoint>
        <dataPoint><x4>2.542000E-01</x4><x5>6.609440E-02</x5><x6>4.608212E+01</x6></dataPoint>
        <dataPoint><x4>2.582000E-01</x4><x5>6.620212E-02</x5><x6>4.597785E+01</x6></dataPoint>
        <dataPoint><x4>2.622000E-01</x4><x5>6.627681E-02</x5><x6>4.590579E+01</x6></dataPoint>
        <dataPoint><x4>2.662000E-01</x4><x5>6.632856E-02</x5><x6>4.585598E+01</x6></dataPoint>
    </dataGroup>
    <dataGroup id="dg2" label="V-t history" dataPointLink="7">
        <property name="time"      id="x4"   label="t"            sourcetype="calculated"  units="s"   />
        <property name="volume"    id="x5"   label="V"            sourcetype="calculated"  units="cm3" />
        <property name="pressure"  id="x6"   label="p"            sourcetype="estimated"   units="bar"  kind="reactive" />

        <dataPoint><x4>0.000000E+00</x4><x5>1.000000E+00</x5><x6>8.306000E-01</x6></dataPoint>
        <dataPoint><x4>1.000000E-01</x4><x5>1.000000E+00</x5><x6>8.306000E-01</x6></dataPoint>
        <dataPoint><x4>2.400000E-01</x4><x5>7.914532E-01</x5><x6>1.173893E+00</x6></dataPoint>
        <dataPoint><x4>2.487427E-01</x4><x5>6.397600E-01</x5><x6>1.606561E+00</x6></dataPoint>
        <dataPoint><x4>2.520370E-01</x4><x5>5.629740E-01</x5><x6>1.938979E+00</x6></dataPoint>
        <dataPoint><x4>2.554460E-01</x4><x5>4.877886E-01</x5><x6>2.392993E+00</x6></dataPoint>
        <dataPoint><x4>2.571287E-01</x4><x5>4.414684E-01</x5><x6>2.769490E+00</x6></dataPoint>
        <dataPoint><x4>2.598312E-01</x4><x5>3.660454E-01</x5><x6>3.641080E+00</x6></dataPoint>
        <dataPoint><x4>2.600208E-01</x4><x5>3.567899E-01</x5><x6>3.779543E+00</x6></dataPoint>
        <dataPoint><x4>2.603908E-01</x4><x5>3.508491E-01</x5><x6>3.873127E+00</x6></dataPoint>
        <dataPoint><x4>2.621945E-01</x4><x5>3.013925E-01</x5><x6>4.830692E+00</x6></dataPoint>
        <dataPoint><x4>2.624569E-01</x4><x5>2.894943E-01</x5><x6>5.121399E+00</x6></dataPoint>
        <dataPoint><x4>2.628189E-01</x4><x5>2.831064E-01</x5><x6>5.289783E+00</x6></dataPoint>
        <dataPoint><x4>2.630309E-01</x4><x5>2.742593E-01</x5><x6>5.538800E+00</x6></dataPoint>
        <dataPoint><x4>2.633814E-01</x4><x5>2.642691E-01</x5><x6>5.844474E+00</x6></dataPoint>
        <dataPoint><x4>2.635959E-01</x4><x5>2.593390E-01</x5><x6>6.005890E+00</x6></dataPoint>
        <dataPoint><x4>2.642030E-01</x4><x5>2.402523E-01</x5><x6>6.707363E+00</x6></dataPoint>
        <dataPoint><x4>2.644267E-01</x4><x5>2.335501E-01</x5><x6>6.986889E+00</x6></dataPoint>
        <dataPoint><x4>2.646275E-01</x4><x5>2.281288E-01</x5><x6>7.227589E+00</x6></dataPoint>
        <dataPoint><x4>2.650282E-01</x4><x5>2.175453E-01</x5><x6>7.739588E+00</x6></dataPoint>
        <dataPoint><x4>2.651912E-01</x4><x5>2.141447E-01</x5><x6>7.917136E+00</x6></dataPoint>
        <dataPoint><x4>2.655998E-01</x4><x5>2.008684E-01</x5><x6>8.680405E+00</x6></dataPoint>
        <dataPoint><x4>2.658106E-01</x4><x5>1.950274E-01</x5><x6>9.056220E+00</x6></dataPoint>
        <dataPoint><x4>2.660209E-01</x4><x5>1.892451E-01</x5><x6>9.455936E+00</x6></dataPoint>
        <dataPoint><x4>2.663868E-01</x4><x5>1.803475E-01</x5><x6>1.013177E+01</x6></dataPoint>
        <dataPoint><x4>2.667824E-01</x4><x5>1.701097E-01</x5><x6>1.101575E+01</x6></dataPoint>
        <dataPoint><x4>2.671940E-01</x4><x5>1.583124E-01</x5><x6>1.220698E+01</x6></dataPoint>
        <dataPoint><x4>2.674082E-01</x4><x5>1.525046E-01</x5><x6>1.287541E+01</x6></dataPoint>
        <dataPoint><x4>2.675981E-01</x4><x5>1.478108E-01</x5><x6>1.346193E+01</x6></dataPoint>
        <dataPoint><x4>2.679951E-01</x4><x5>1.363610E-01</x5><x6>1.509801E+01</x6></dataPoint>
        <dataPoint><x4>2.683942E-01</x4><x5>1.258843E-01</x5><x6>1.691181E+01</x6></dataPoint>
        <dataPoint><x4>2.687965E-01</x4><x5>1.151497E-01</x5><x6>1.918593E+01</x6></dataPoint>
        <dataPoint><x4>2.692036E-01</x4><x5>1.043260E-01</x5><x6>2.205432E+01</x6></dataPoint>
        <dataPoint><x4>2.695970E-01</x4><x5>9.433012E-02</x5><x6>2.541263E+01</x6></dataPoint>
        <dataPoint><x4>2.698070E-01</x4><x5>8.916576E-02</x5><x6>2.750299E+01</x6></dataPoint>
        <dataPoint><x4>2.702038E-01</x4><x5>8.001800E-02</x5><x6>3.200551E+01</x6></dataPoint>
        <dataPoint><x4>2.704037E-01</x4><x5>7.606845E-02</x5><x6>3.435159E+01</x6></dataPoint>
        <dataPoint><x4>2.706029E-01</x4><x5>7.285642E-02</x5><x6>3.648373E+01</x6></dataPoint>
        <dataPoint><x4>2.710029E-01</x4><x5>6.850885E-02</x5><x6>3.975075E+01</x6></dataPoint>
        <dataPoint><x4>2.712084E-01</x4><x5>6.652641E-02</x5><x6>4.140959E+01</x6></dataPoint>
        <dataPoint><x4>2.716063E-01</x4><x5>6.267923E-02</x5><x6>4.498658E+01</x6></dataPoint>
        <dataPoint><x4>2.718009E-01</x4><x5>6.107419E-02</x5><x6>4.663770E+01</x6></dataPoint>
        <dataPoint><x4>2.720027E-01</x4><x5>5.950098E-02</x5><x6>4.835890E+01</x6></dataPoint>
        <dataPoint><x4>2.722059E-01</x4><x5>5.866054E-02</x5><x6>4.932332E+01</x6></dataPoint>
        <dataPoint><x4>2.724008E-01</x4><x5>5.818689E-02</x5><x6>4.988140E+01</x6></dataPoint>
        <dataPoint><x4>2.726126E-01</x4><x5>5.815769E-02</x5><x6>4.991615E+01</x6></dataPoint>
        <dataPoint><x4>2.727846E-01</x4><x5>5.804557E-02</x5><x6>5.005000E+01</x6></dataPoint>
        <dataPoint><x4>2.777846E-01</x4><x5>5.974186E-02</x5><x6>4.808840E+01</x6></dataPoint>
        <dataPoint><x4>2.827846E-01</x4><x5>6.086358E-02</x5><x6>4.686203E+01</x6></dataPoint>
        <dataPoint><x4>2.877846E-01</x4><x5>6.156756E-02</x5><x6>4.611931E+01</x6></dataPoint>
        <dataPoint><x4>2.927846E-01</x4><x5>6.200337E-02</x5><x6>4.566951E+01</x6></dataPoint>
        <dataPoint><x4>2.977846E-01</x4><x5>6.227088E-02</x5><x6>4.539710E+01</x6></dataPoint>
        <dataPoint><x4>3.027846E-01</x4><x5>6.243422E-02</x5><x6>4.523213E+01</x6></dataPoint>
        <dataPoint><x4>3.077846E-01</x4><x5>6.253364E-02</x5><x6>4.513222E+01</x6></dataPoint>
        <dataPoint><x4>3.127846E-01</x4><x5>6.259403E-02</x5><x6>4.507171E+01</x6></dataPoint>
        <dataPoint><x4>3.177846E-01</x4><x5>6.263067E-02</x5><x6>4.503506E+01</x6></dataPoint>
        <dataPoint><x4>3.227846E-01</x4><x5>6.265288E-02</x5><x6>4.501287E+01</x6></dataPoint>
    </dataGroup>
    <dataGroup id="dg2" label="V-t history" dataPointLink="8">
        <property name="time"      id="x4"   label="t"            sourcetype="calculated"  units="s"   />
        <property name="volume"    id="x5"   label="V"            sourcetype="calculated"  units="cm3" />
        <property name="pressure"  id="x6"   label="p"            sourcetype="estimated"   units="bar"  kind="reactive" />

        <dataPoint><x4>0.000000E+00</x4><x5>1.000000E+00</x5><x6>7.756000E-01</x6></dataPoint>
        <dataPoint><x4>1.000000E-01</x4><x5>1.000000E+00</x5><x6>7.756000E-01</x6></dataPoint>
        <dataPoint><x4>2.400000E-01</x4><x5>8.005236E-01</x5><x6>1.077864E+00</x6></dataPoint>
        <dataPoint><x4>2.531912E-01</x4><x5>7.142344E-01</x5><x6>1.275470E+00</x6></dataPoint>
        <dataPoint><x4>2.555577E-01</x4><x5>6.734826E-01</x5><x6>1.390852E+00</x6></dataPoint>
        <dataPoint><x4>2.626076E-01</x4><x5>5.283005E-01</x5><x6>1.987738E+00</x6></dataPoint>
        <dataPoint><x4>2.664649E-01</x4><x5>4.277123E-01</x5><x6>2.708624E+00</x6></dataPoint>
        <dataPoint><x4>2.681761E-01</x4><x5>3.759663E-01</x5><x6>3.269901E+00</x6></dataPoint>
        <dataPoint><x4>2.700021E-01</x4><x5>3.288309E-01</x5><x6>3.974348E+00</x6></dataPoint>
        <dataPoint><x4>2.718159E-01</x4><x5>2.760084E-01</x5><x6>5.124511E+00</x6></dataPoint>
        <dataPoint><x4>2.720062E-01</x4><x5>2.729705E-01</x5><x6>5.207318E+00</x6></dataPoint>
        <dataPoint><x4>2.726203E-01</x4><x5>2.545304E-01</x5><x6>5.761903E+00</x6></dataPoint>
        <dataPoint><x4>2.728105E-01</x4><x5>2.464610E-01</x5><x6>6.036497E+00</x6></dataPoint>
        <dataPoint><x4>2.730087E-01</x4><x5>2.442572E-01</x5><x6>6.115323E+00</x6></dataPoint>
        <dataPoint><x4>2.732326E-01</x4><x5>2.368197E-01</x5><x6>6.394501E+00</x6></dataPoint>
        <dataPoint><x4>2.734107E-01</x4><x5>2.322445E-01</x5><x6>6.577026E+00</x6></dataPoint>
        <dataPoint><x4>2.736229E-01</x4><x5>2.241886E-01</x5><x6>6.920432E+00</x6></dataPoint>
        <dataPoint><x4>2.738312E-01</x4><x5>2.194983E-01</x5><x6>7.134469E+00</x6></dataPoint>
        <dataPoint><x4>2.740228E-01</x4><x5>2.147708E-01</x5><x6>7.361667E+00</x6></dataPoint>
        <dataPoint><x4>2.745992E-01</x4><x5>2.000897E-01</x5><x6>8.150716E+00</x6></dataPoint>
        <dataPoint><x4>2.748154E-01</x4><x5>1.931102E-01</x5><x6>8.577041E+00</x6></dataPoint>
        <dataPoint><x4>2.750055E-01</x4><x5>1.899225E-01</x5><x6>8.784355E+00</x6></dataPoint>
        <dataPoint><x4>2.752143E-01</x4><x5>1.835178E-01</x5><x6>9.227248E+00</x6></dataPoint>
        <dataPoint><x4>2.754145E-01</x4><x5>1.774742E-01</x5><x6>9.680671E+00</x6></dataPoint>
        <dataPoint><x4>2.756150E-01</x4><x5>1.716386E-01</x5><x6>1.015515E+01</x6></dataPoint>
        <dataPoint><x4>2.758158E-01</x4><x5>1.663963E-01</x5><x6>1.061569E+01</x6></dataPoint>
        <dataPoint><x4>2.760102E-01</x4><x5>1.617412E-01</x5><x6>1.105485E+01</x6></dataPoint>
        <dataPoint><x4>2.762077E-01</x4><x5>1.567433E-01</x5><x6>1.156140E+01</x6></dataPoint>
        <dataPoint><x4>2.764137E-01</x4><x5>1.512074E-01</x5><x6>1.216965E+01</x6></dataPoint>
        <dataPoint><x4>2.766082E-01</x4><x5>1.466290E-01</x5><x6>1.271453E+01</x6></dataPoint>
        <dataPoint><x4>2.768048E-01</x4><x5>1.417923E-01</x5><x6>1.333621E+01</x6></dataPoint>
        <dataPoint><x4>2.770001E-01</x4><x5>1.366814E-01</x5><x6>1.405074E+01</x6></dataPoint>
        <dataPoint><x4>2.772072E-01</x4><x5>1.309523E-01</x5><x6>1.493158E+01</x6></dataPoint>
        <dataPoint><x4>2.773991E-01</x4><x5>1.259151E-01</x5><x6>1.578577E+01</x6></dataPoint>
        <dataPoint><x4>2.775978E-01</x4><x5>1.206605E-01</x5><x6>1.676829E+01</x6></dataPoint>
        <dataPoint><x4>2.778068E-01</x4><x5>1.148119E-01</x5><x6>1.798919E+01</x6></dataPoint>
        <dataPoint><x4>2.779978E-01</x4><x5>1.102208E-01</x5><x6>1.905666E+01</x6></dataPoint>
        <dataPoint><x4>2.781976E-01</x4><x5>1.050856E-01</x5><x6>2.038339E+01</x6></dataPoint>
        <dataPoint><x4>2.783969E-01</x4><x5>1.001011E-01</x5><x6>2.182752E+01</x6></dataPoint>
        <dataPoint><x4>2.786099E-01</x4><x5>9.508225E-02</x5><x6>2.346525E+01</x6></dataPoint>
        <dataPoint><x4>2.790053E-01</x4><x5>8.537110E-02</x5><x6>2.729480E+01</x6></dataPoint>
        <dataPoint><x4>2.794036E-01</x4><x5>7.656281E-02</x5><x6>3.178612E+01</x6></dataPoint>
        <dataPoint><x4>2.796039E-01</x4><x5>7.276886E-02</x5><x6>3.412299E+01</x6></dataPoint>
        <dataPoint><x4>2.798055E-01</x4><x5>6.969641E-02</x5><x6>3.623819E+01</x6></dataPoint>
        <dataPoint><x4>2.801948E-01</x4><x5>6.564708E-02</x5><x6>3.938772E+01</x6></dataPoint>
        <dataPoint><x4>2.804065E-01</x4><x5>6.375883E-02</x5><x6>4.101951E+01</x6></dataPoint>
        <dataPoint><x4>2.808041E-01</x4><x5>6.016397E-02</x5><x6>4.446435E+01</x6></dataPoint>
        <dataPoint><x4>2.810050E-01</x4><x5>5.846186E-02</x5><x6>4.627159E+01</x6></dataPoint>
        <dataPoint><x4>2.812049E-01</x4><x5>5.709813E-02</x5><x6>4.781199E+01</x6></dataPoint>
        <dataPoint><x4>2.814039E-01</x4><x5>5.627558E-02</x5><x6>4.878392E+01</x6></dataPoint>
        <dataPoint><x4>2.816364E-01</x4><x5>5.595844E-02</x5><x6>4.916770E+01</x6></dataPoint>
        <dataPoint><x4>2.819653E-01</x4><x5>5.569534E-02</x5><x6>4.949000E+01</x6></dataPoint>
        <dataPoint><x4>2.869653E-01</x4><x5>5.734352E-02</x5><x6>4.752840E+01</x6></dataPoint>
        <dataPoint><x4>2.919653E-01</x4><x5>5.843417E-02</x5><x6>4.630203E+01</x6></dataPoint>
        <dataPoint><x4>2.969653E-01</x4><x5>5.911896E-02</x5><x6>4.555931E+01</x6></dataPoint>
        <dataPoint><x4>3.019653E-01</x4><x5>5.954300E-02</x5><x6>4.510951E+01</x6></dataPoint>
        <dataPoint><x4>3.069653E-01</x4><x5>5.980334E-02</x5><x6>4.483710E+01</x6></dataPoint>
        <dataPoint><x4>3.119653E-01</x4><x5>5.996232E-02</x5><x6>4.467213E+01</x6></dataPoint>
        <dataPoint><x4>3.169653E-01</x4><x5>6.005908E-02</x5><x6>4.457222E+01</x6></dataPoint>
        <dataPoint><x4>3.219653E-01</x4><x5>6.011787E-02</x5><x6>4.451171E+01</x6></dataPoint>
        <dataPoint><x4>3.269653E-01</x4><x5>6.015353E-02</x5><x6>4.447506E+01</x6></dataPoint>
        <dataPoint><x4>3.319653E-01</x4><x5>6.017516E-02</x5><x6>4.445287E+01</x6></dataPoint>
    </dataGroup>
    <dataGroup id="dg2" label="V-t history" dataPointLink="9">
        <property name="time"      id="x4"   label="t"            sourcetype="calculated"  units="s"   />
        <property name="volume"    id="x5"   label="V"            sourcetype="calculated"  units="cm3" />
        <property name="pressure"  id="x6"   label="p"            sourcetype="estimated"   units="bar"  kind="reactive" />

        <dataPoint><x4>0.000000E+00</x4><x5>1.000000E+00</x5><x6>7.776000E-01</x6></dataPoint>
        <dataPoint><x4>1.000000E-01</x4><x5>1.000000E+00</x5><x6>7.776000E-01</x6></dataPoint>
        <dataPoint><x4>2.409348E-01</x4><x5>8.512844E-01</x5><x6>9.867937E-01</x6></dataPoint>
        <dataPoint><x4>2.549086E-01</x4><x5>8.180705E-01</x5><x6>1.046572E+00</x6></dataPoint>
        <dataPoint><x4>2.630959E-01</x4><x5>7.454316E-01</x5><x6>1.200593E+00</x6></dataPoint>
        <dataPoint><x4>2.683908E-01</x4><x5>6.232839E-01</x5><x6>1.562906E+00</x6></dataPoint>
        <dataPoint><x4>2.724026E-01</x4><x5>5.213439E-01</x5><x6>2.031973E+00</x6></dataPoint>
        <dataPoint><x4>2.725990E-01</x4><x5>5.126563E-01</x5><x6>2.082695E+00</x6></dataPoint>
        <dataPoint><x4>2.739984E-01</x4><x5>4.838829E-01</x5><x6>2.266776E+00</x6></dataPoint>
        <dataPoint><x4>2.775008E-01</x4><x5>3.992311E-01</x5><x6>3.003212E+00</x6></dataPoint>
        <dataPoint><x4>2.806335E-01</x4><x5>3.116442E-01</x5><x6>4.307778E+00</x6></dataPoint>
        <dataPoint><x4>2.809043E-01</x4><x5>3.008685E-01</x5><x6>4.533601E+00</x6></dataPoint>
        <dataPoint><x4>2.812269E-01</x4><x5>2.911771E-01</x5><x6>4.754162E+00</x6></dataPoint>
        <dataPoint><x4>2.813843E-01</x4><x5>2.886444E-01</x5><x6>4.814774E+00</x6></dataPoint>
        <dataPoint><x4>2.817103E-01</x4><x5>2.778966E-01</x5><x6>5.086999E+00</x6></dataPoint>
        <dataPoint><x4>2.824445E-01</x4><x5>2.585818E-01</x5><x6>5.646069E+00</x6></dataPoint>
        <dataPoint><x4>2.834708E-01</x4><x5>2.283784E-01</x5><x6>6.755178E+00</x6></dataPoint>
        <dataPoint><x4>2.836080E-01</x4><x5>2.256566E-01</x5><x6>6.872939E+00</x6></dataPoint>
        <dataPoint><x4>2.838556E-01</x4><x5>2.182998E-01</x5><x6>7.209066E+00</x6></dataPoint>
        <dataPoint><x4>2.840901E-01</x4><x5>2.126094E-01</x5><x6>7.488431E+00</x6></dataPoint>
        <dataPoint><x4>2.845995E-01</x4><x5>1.974479E-01</x5><x6>8.328711E+00</x6></dataPoint>
        <dataPoint><x4>2.848028E-01</x4><x5>1.947007E-01</x5><x6>8.497956E+00</x6></dataPoint>
        <dataPoint><x4>2.850290E-01</x4><x5>1.874978E-01</x5><x6>8.970223E+00</x6></dataPoint>
        <dataPoint><x4>2.852182E-01</x4><x5>1.830243E-01</x5><x6>9.286185E+00</x6></dataPoint>
        <dataPoint><x4>2.854486E-01</x4><x5>1.763631E-01</x5><x6>9.792610E+00</x6></dataPoint>
        <dataPoint><x4>2.856457E-01</x4><x5>1.708392E-01</x5><x6>1.024881E+01</x6></dataPoint>
        <dataPoint><x4>2.858450E-01</x4><x5>1.655395E-01</x5><x6>1.072108E+01</x6></dataPoint>
        <dataPoint><x4>2.860158E-01</x4><x5>1.616825E-01</x5><x6>1.108828E+01</x6></dataPoint>
        <dataPoint><x4>2.862355E-01</x4><x5>1.559516E-01</x5><x6>1.167435E+01</x6></dataPoint>
        <dataPoint><x4>2.864055E-01</x4><x5>1.518431E-01</x5><x6>1.212733E+01</x6></dataPoint>
        <dataPoint><x4>2.866306E-01</x4><x5>1.453832E-01</x5><x6>1.290206E+01</x6></dataPoint>
        <dataPoint><x4>2.868168E-01</x4><x5>1.407463E-01</x5><x6>1.351103E+01</x6></dataPoint>
        <dataPoint><x4>2.870286E-01</x4><x5>1.349912E-01</x5><x6>1.433696E+01</x6></dataPoint>
        <dataPoint><x4>2.872041E-01</x4><x5>1.309660E-01</x5><x6>1.496655E+01</x6></dataPoint>
        <dataPoint><x4>2.873971E-01</x4><x5>1.258566E-01</x5><x6>1.583547E+01</x6></dataPoint>
        <dataPoint><x4>2.876139E-01</x4><x5>1.194458E-01</x5><x6>1.705242E+01</x6></dataPoint>
        <dataPoint><x4>2.877989E-01</x4><x5>1.152178E-01</x5><x6>1.794411E+01</x6></dataPoint>
        <dataPoint><x4>2.879974E-01</x4><x5>1.101026E-01</x5><x6>1.913289E+01</x6></dataPoint>
        <dataPoint><x4>2.882126E-01</x4><x5>1.043442E-01</x5><x6>2.063881E+01</x6></dataPoint>
        <dataPoint><x4>2.883969E-01</x4><x5>9.986177E-02</x5><x6>2.195538E+01</x6></dataPoint>
        <dataPoint><x4>2.886095E-01</x4><x5>9.428585E-02</x5><x6>2.380292E+01</x6></dataPoint>
        <dataPoint><x4>2.887954E-01</x4><x5>8.995512E-02</x5><x6>2.542741E+01</x6></dataPoint>
        <dataPoint><x4>2.889951E-01</x4><x5>8.535449E-02</x5><x6>2.736954E+01</x6></dataPoint>
        <dataPoint><x4>2.892057E-01</x4><x5>8.056764E-02</x5><x6>2.967257E+01</x6></dataPoint>
        <dataPoint><x4>2.893940E-01</x4><x5>7.672256E-02</x5><x6>3.177166E+01</x6></dataPoint>
        <dataPoint><x4>2.896067E-01</x4><x5>7.266648E-02</x5><x6>3.427406E+01</x6></dataPoint>
        <dataPoint><x4>2.898062E-01</x4><x5>6.969303E-02</x5><x6>3.632959E+01</x6></dataPoint>
        <dataPoint><x4>2.900089E-01</x4><x5>6.733648E-02</x5><x6>3.811242E+01</x6></dataPoint>
        <dataPoint><x4>2.902116E-01</x4><x5>6.547719E-02</x5><x6>3.962688E+01</x6></dataPoint>
        <dataPoint><x4>2.903947E-01</x4><x5>6.389528E-02</x5><x6>4.099796E+01</x6></dataPoint>
        <dataPoint><x4>2.906115E-01</x4><x5>6.196569E-02</x5><x6>4.278319E+01</x6></dataPoint>
        <dataPoint><x4>2.907940E-01</x4><x5>6.048012E-02</x5><x6>4.424995E+01</x6></dataPoint>
        <dataPoint><x4>2.910109E-01</x4><x5>5.872091E-02</x5><x6>4.610105E+01</x6></dataPoint>
        <dataPoint><x4>2.912060E-01</x4><x5>5.730099E-02</x5><x6>4.769370E+01</x6></dataPoint>
        <dataPoint><x4>2.914049E-01</x4><x5>5.624637E-02</x5><x6>4.893840E+01</x6></dataPoint>
        <dataPoint><x4>2.916000E-01</x4><x5>5.562336E-02</x5><x6>4.970000E+01</x6></dataPoint>
        <dataPoint><x4>2.918000E-01</x4><x5>5.540639E-02</x5><x6>4.997000E+01</x6></dataPoint>
        <dataPoint><x4>2.920000E-01</x4><x5>5.531059E-02</x5><x6>5.009000E+01</x6></dataPoint>
        <dataPoint><x4>2.922000E-01</x4><x5>5.521519E-02</x5><x6>5.021000E+01</x6></dataPoint>
        <dataPoint><x4>2.972000E-01</x4><x5>5.682527E-02</x5><x6>4.824840E+01</x6></dataPoint>
        <dataPoint><x4>3.022000E-01</x4><x5>5.788981E-02</x5><x6>4.702203E+01</x6></dataPoint>
        <dataPoint><x4>3.072000E-01</x4><x5>5.855785E-02</x5><x6>4.627931E+01</x6></dataPoint>
        <dataPoint><x4>3.122000E-01</x4><x5>5.897138E-02</x5><x6>4.582951E+01</x6></dataPoint>
        <dataPoint><x4>3.172000E-01</x4><x5>5.922520E-02</x5><x6>4.555710E+01</x6></dataPoint>
        <dataPoint><x4>3.222000E-01</x4><x5>5.938018E-02</x5><x6>4.539213E+01</x6></dataPoint>
        <dataPoint><x4>3.272000E-01</x4><x5>5.947451E-02</x5><x6>4.529222E+01</x6></dataPoint>
        <dataPoint><x4>3.322000E-01</x4><x5>5.953181E-02</x5><x6>4.523171E+01</x6></dataPoint>
        <dataPoint><x4>3.372000E-01</x4><x5>5.956658E-02</x5><x6>4.519506E+01</x6></dataPoint>
        <dataPoint><x4>3.422000E-01</x4><x5>5.958765E-02</x5><x6>4.517287E+01</x6></dataPoint>
    </dataGroup>
    <dataGroup id="dg2" label="V-t history" dataPointLink="10">
        <property name="time"      id="x4"   label="t"            sourcetype="calculated"  units="s"   />
        <property name="volume"    id="x5"   label="V"            sourcetype="calculated"  units="cm3" />
        <property name="pressure"  id="x6"   label="p"            sourcetype="estimated"   units="bar"  kind="reactive" />

        <dataPoint><x4>0.000000E+00</x4><x5>1.000000E+00</x5><x6>7.277000E-01</x6></dataPoint>
        <dataPoint><x4>1.000000E-01</x4><x5>1.000000E+00</x5><x6>7.277000E-01</x6></dataPoint>
        <dataPoint><x4>2.400000E-01</x4><x5>8.690273E-01</x5><x6>8.957278E-01</x6></dataPoint>
        <dataPoint><x4>2.594313E-01</x4><x5>8.317201E-01</x5><x6>9.557504E-01</x6></dataPoint>
        <dataPoint><x4>2.641901E-01</x4><x5>7.616871E-01</x5><x6>1.088334E+00</x6></dataPoint>
        <dataPoint><x4>2.684480E-01</x4><x5>6.837465E-01</x5><x6>1.276164E+00</x6></dataPoint>
        <dataPoint><x4>2.700426E-01</x4><x5>6.493760E-01</x5><x6>1.376905E+00</x6></dataPoint>
        <dataPoint><x4>2.722254E-01</x4><x5>6.071722E-01</x5><x6>1.520052E+00</x6></dataPoint>
        <dataPoint><x4>2.734381E-01</x4><x5>5.861226E-01</x5><x6>1.601010E+00</x6></dataPoint>
        <dataPoint><x4>2.751236E-01</x4><x5>5.483451E-01</x5><x6>1.765681E+00</x6></dataPoint>
        <dataPoint><x4>2.752064E-01</x4><x5>5.398416E-01</x5><x6>1.806673E+00</x6></dataPoint>
        <dataPoint><x4>2.753651E-01</x4><x5>5.462941E-01</x5><x6>1.775425E+00</x6></dataPoint>
        <dataPoint><x4>2.763337E-01</x4><x5>5.269621E-01</x5><x6>1.871863E+00</x6></dataPoint>
        <dataPoint><x4>2.765392E-01</x4><x5>4.989594E-01</x5><x6>2.027974E+00</x6></dataPoint>
        <dataPoint><x4>2.777976E-01</x4><x5>4.766830E-01</x5><x6>2.168378E+00</x6></dataPoint>
        <dataPoint><x4>2.791425E-01</x4><x5>4.382049E-01</x5><x6>2.452712E+00</x6></dataPoint>
        <dataPoint><x4>2.796184E-01</x4><x5>4.402966E-01</x5><x6>2.435686E+00</x6></dataPoint>
        <dataPoint><x4>2.800038E-01</x4><x5>4.158540E-01</x5><x6>2.647825E+00</x6></dataPoint>
        <dataPoint><x4>2.803008E-01</x4><x5>4.176597E-01</x5><x6>2.631112E+00</x6></dataPoint>
        <dataPoint><x4>2.810024E-01</x4><x5>3.961089E-01</x5><x6>2.842809E+00</x6></dataPoint>
        <dataPoint><x4>2.825996E-01</x4><x5>3.578092E-01</x5><x6>3.297293E+00</x6></dataPoint>
        <dataPoint><x4>2.847008E-01</x4><x5>3.012442E-01</x5><x6>4.234815E+00</x6></dataPoint>
        <dataPoint><x4>2.859633E-01</x4><x5>2.634163E-01</x5><x6>5.143804E+00</x6></dataPoint>
        <dataPoint><x4>2.861886E-01</x4><x5>2.563093E-01</x5><x6>5.351361E+00</x6></dataPoint>
        <dataPoint><x4>2.867044E-01</x4><x5>2.450337E-01</x5><x6>5.710811E+00</x6></dataPoint>
        <dataPoint><x4>2.872545E-01</x4><x5>2.290495E-01</x5><x6>6.294649E+00</x6></dataPoint>
        <dataPoint><x4>2.874032E-01</x4><x5>2.261559E-01</x5><x6>6.411072E+00</x6></dataPoint>
        <dataPoint><x4>2.879701E-01</x4><x5>2.097087E-01</x5><x6>7.147332E+00</x6></dataPoint>
        <dataPoint><x4>2.882391E-01</x4><x5>2.020450E-01</x5><x6>7.540291E+00</x6></dataPoint>
        <dataPoint><x4>2.886406E-01</x4><x5>1.931681E-01</x5><x6>8.042826E+00</x6></dataPoint>
        <dataPoint><x4>2.889315E-01</x4><x5>1.858967E-01</x5><x6>8.497880E+00</x6></dataPoint>
        <dataPoint><x4>2.895315E-01</x4><x5>1.704527E-01</x5><x6>9.621551E+00</x6></dataPoint>
        <dataPoint><x4>2.898640E-01</x4><x5>1.614317E-01</x5><x6>1.039896E+01</x6></dataPoint>
        <dataPoint><x4>2.900552E-01</x4><x5>1.567906E-01</x5><x6>1.084104E+01</x6></dataPoint>
        <dataPoint><x4>2.908172E-01</x4><x5>1.385252E-01</x5><x6>1.293211E+01</x6></dataPoint>
        <dataPoint><x4>2.915802E-01</x4><x5>1.193552E-01</x5><x6>1.597380E+01</x6></dataPoint>
        <dataPoint><x4>2.918259E-01</x4><x5>1.127652E-01</x5><x6>1.730934E+01</x6></dataPoint>
        <dataPoint><x4>2.920084E-01</x4><x5>1.084491E-01</x5><x6>1.828975E+01</x6></dataPoint>
        <dataPoint><x4>2.922190E-01</x4><x5>1.030464E-01</x5><x6>1.965602E+01</x6></dataPoint>
        <dataPoint><x4>2.924052E-01</x4><x5>9.859630E-02</x5><x6>2.091633E+01</x6></dataPoint>
        <dataPoint><x4>2.926041E-01</x4><x5>9.407815E-02</x5><x6>2.234217E+01</x6></dataPoint>
        <dataPoint><x4>2.927961E-01</x4><x5>8.952057E-02</x5><x6>2.395525E+01</x6></dataPoint>
        <dataPoint><x4>2.930235E-01</x4><x5>8.420128E-02</x5><x6>2.610292E+01</x6></dataPoint>
        <dataPoint><x4>2.934069E-01</x4><x5>7.584572E-02</x5><x6>3.021036E+01</x6></dataPoint>
        <dataPoint><x4>2.935948E-01</x4><x5>7.226129E-02</x5><x6>3.232179E+01</x6></dataPoint>
        <dataPoint><x4>2.938088E-01</x4><x5>6.858120E-02</x5><x6>3.476417E+01</x6></dataPoint>
        <dataPoint><x4>2.940053E-01</x4><x5>6.596738E-02</x5><x6>3.669646E+01</x6></dataPoint>
        <dataPoint><x4>2.942168E-01</x4><x5>6.393680E-02</x5><x6>3.832751E+01</x6></dataPoint>
        <dataPoint><x4>2.944177E-01</x4><x5>6.220709E-02</x5><x6>3.981684E+01</x6></dataPoint>
        <dataPoint><x4>2.946184E-01</x4><x5>6.068763E-02</x5><x6>4.120846E+01</x6></dataPoint>
        <dataPoint><x4>2.948030E-01</x4><x5>5.934114E-02</x5><x6>4.251246E+01</x6></dataPoint>
        <dataPoint><x4>2.949955E-01</x4><x5>5.787547E-02</x5><x6>4.401385E+01</x6></dataPoint>
        <dataPoint><x4>2.952159E-01</x4><x5>5.618549E-02</x5><x6>4.586064E+01</x6></dataPoint>
        <dataPoint><x4>2.954000E-01</x4><x5>5.490491E-02</x5><x6>4.735000E+01</x6></dataPoint>
        <dataPoint><x4>2.956000E-01</x4><x5>5.384205E-02</x5><x6>4.865000E+01</x6></dataPoint>
        <dataPoint><x4>2.958000E-01</x4><x5>5.320399E-02</x5><x6>4.946000E+01</x6></dataPoint>
        <dataPoint><x4>2.960000E-01</x4><x5>5.287247E-02</x5><x6>4.989000E+01</x6></dataPoint>
        <dataPoint><x4>2.962000E-01</x4><x5>5.275035E-02</x5><x6>5.005000E+01</x6></dataPoint>
        <dataPoint><x4>3.012000E-01</x4><x5>5.429519E-02</x5><x6>4.808840E+01</x6></dataPoint>
        <dataPoint><x4>3.062000E-01</x4><x5>5.531682E-02</x5><x6>4.686203E+01</x6></dataPoint>
        <dataPoint><x4>3.112000E-01</x4><x5>5.595802E-02</x5><x6>4.611931E+01</x6></dataPoint>
        <dataPoint><x4>3.162000E-01</x4><x5>5.635497E-02</x5><x6>4.566951E+01</x6></dataPoint>
        <dataPoint><x4>3.212000E-01</x4><x5>5.659863E-02</x5><x6>4.539710E+01</x6></dataPoint>
        <dataPoint><x4>3.262000E-01</x4><x5>5.674741E-02</x5><x6>4.523213E+01</x6></dataPoint>
        <dataPoint><x4>3.312000E-01</x4><x5>5.683797E-02</x5><x6>4.513222E+01</x6></dataPoint>
        <dataPoint><x4>3.362000E-01</x4><x5>5.689298E-02</x5><x6>4.507171E+01</x6></dataPoint>
        <dataPoint><x4>3.412000E-01</x4><x5>5.692635E-02</x5><x6>4.503506E+01</x6></dataPoint>
        <dataPoint><x4>3.462000E-01</x4><x5>5.694659E-02</x5><x6>4.501287E+01</x6></dataPoint>
    </dataGroup>
    <dataGroup id="dg2" label="V-t history" dataPointLink="11">
        <property name="time"      id="x4"   label="t"            sourcetype="calculated"  units="s"   />
        <property name="volume"    id="x5"   label="V"            sourcetype="calculated"  units="cm3" />
        <property name="pressure"  id="x6"   label="p"            sourcetype="estimated"   units="bar"  kind="reactive" />

        <dataPoint><x4>0.000000E+00</x4><x5>1.000000E+00</x5><x6>6.826000E-01</x6></dataPoint>
        <dataPoint><x4>1.000000E-01</x4><x5>1.000000E+00</x5><x6>6.826000E-01</x6></dataPoint>
        <dataPoint><x4>2.400000E-01</x4><x5>7.877087E-01</x5><x6>9.714825E-01</x6></dataPoint>
        <dataPoint><x4>2.468805E-01</x4><x5>7.257771E-01</x5><x6>1.096273E+00</x6></dataPoint>
        <dataPoint><x4>2.545613E-01</x4><x5>5.552521E-01</x5><x6>1.626050E+00</x6></dataPoint>
        <dataPoint><x4>2.601016E-01</x4><x5>4.145878E-01</x5><x6>2.494746E+00</x6></dataPoint>
        <dataPoint><x4>2.625406E-01</x4><x5>3.451769E-01</x5><x6>3.259039E+00</x6></dataPoint>
        <dataPoint><x4>2.633858E-01</x4><x5>3.204639E-01</x5><x6>3.630933E+00</x6></dataPoint>
        <dataPoint><x4>2.640233E-01</x4><x5>3.060379E-01</x5><x6>3.882193E+00</x6></dataPoint>
        <dataPoint><x4>2.645309E-01</x4><x5>2.911153E-01</x5><x6>4.174264E+00</x6></dataPoint>
        <dataPoint><x4>2.648416E-01</x4><x5>2.888453E-01</x5><x6>4.221917E+00</x6></dataPoint>
        <dataPoint><x4>2.649916E-01</x4><x5>2.855379E-01</x5><x6>4.292999E+00</x6></dataPoint>
        <dataPoint><x4>2.660222E-01</x4><x5>2.523795E-01</x5><x6>5.132821E+00</x6></dataPoint>
        <dataPoint><x4>2.662046E-01</x4><x5>2.502361E-01</x5><x6>5.196476E+00</x6></dataPoint>
        <dataPoint><x4>2.664118E-01</x4><x5>2.415269E-01</x5><x6>5.469258E+00</x6></dataPoint>
        <dataPoint><x4>2.668079E-01</x4><x5>2.332154E-01</x5><x6>5.752725E+00</x6></dataPoint>
        <dataPoint><x4>2.670040E-01</x4><x5>2.259459E-01</x5><x6>6.021456E+00</x6></dataPoint>
        <dataPoint><x4>2.672323E-01</x4><x5>2.234465E-01</x5><x6>6.118748E+00</x6></dataPoint>
        <dataPoint><x4>2.674038E-01</x4><x5>2.196434E-01</x5><x6>6.271931E+00</x6></dataPoint>
        <dataPoint><x4>2.676084E-01</x4><x5>2.099950E-01</x5><x6>6.690820E+00</x6></dataPoint>
        <dataPoint><x4>2.678255E-01</x4><x5>2.051114E-01</x5><x6>6.921075E+00</x6></dataPoint>
        <dataPoint><x4>2.679994E-01</x4><x5>2.031158E-01</x5><x6>7.019014E+00</x6></dataPoint>
        <dataPoint><x4>2.683463E-01</x4><x5>1.924877E-01</x5><x6>7.582171E+00</x6></dataPoint>
        <dataPoint><x4>2.686182E-01</x4><x5>1.868501E-01</x5><x6>7.912437E+00</x6></dataPoint>
        <dataPoint><x4>2.686914E-01</x4><x5>1.845550E-01</x5><x6>8.053871E+00</x6></dataPoint>
        <dataPoint><x4>2.689930E-01</x4><x5>1.753440E-01</x5><x6>8.666625E+00</x6></dataPoint>
        <dataPoint><x4>2.694227E-01</x4><x5>1.665005E-01</x5><x6>9.332379E+00</x6></dataPoint>
        <dataPoint><x4>2.696921E-01</x4><x5>1.589988E-01</x5><x6>9.967477E+00</x6></dataPoint>
        <dataPoint><x4>2.699163E-01</x4><x5>1.539536E-01</x5><x6>1.043666E+01</x6></dataPoint>
        <dataPoint><x4>2.700570E-01</x4><x5>1.508202E-01</x5><x6>1.074707E+01</x6></dataPoint>
        <dataPoint><x4>2.702307E-01</x4><x5>1.463983E-01</x5><x6>1.121236E+01</x6></dataPoint>
        <dataPoint><x4>2.704655E-01</x4><x5>1.398794E-01</x5><x6>1.196303E+01</x6></dataPoint>
        <dataPoint><x4>2.706379E-01</x4><x5>1.359444E-01</x5><x6>1.245811E+01</x6></dataPoint>
        <dataPoint><x4>2.708006E-01</x4><x5>1.331391E-01</x5><x6>1.283252E+01</x6></dataPoint>
        <dataPoint><x4>2.710208E-01</x4><x5>1.264012E-01</x5><x6>1.381356E+01</x6></dataPoint>
        <dataPoint><x4>2.712284E-01</x4><x5>1.217203E-01</x5><x6>1.457205E+01</x6></dataPoint>
        <dataPoint><x4>2.714255E-01</x4><x5>1.169785E-01</x5><x6>1.541479E+01</x6></dataPoint>
        <dataPoint><x4>2.716103E-01</x4><x5>1.124815E-01</x5><x6>1.629287E+01</x6></dataPoint>
        <dataPoint><x4>2.718330E-01</x4><x5>1.068294E-01</x5><x6>1.752251E+01</x6></dataPoint>
        <dataPoint><x4>2.720065E-01</x4><x5>1.028400E-01</x5><x6>1.848806E+01</x6></dataPoint>
        <dataPoint><x4>2.721978E-01</x4><x5>9.839369E-02</x5><x6>1.967481E+01</x6></dataPoint>
        <dataPoint><x4>2.724200E-01</x4><x5>9.292662E-02</x5><x6>2.132087E+01</x6></dataPoint>
        <dataPoint><x4>2.725954E-01</x4><x5>8.897304E-02</x5><x6>2.266230E+01</x6></dataPoint>
        <dataPoint><x4>2.727911E-01</x4><x5>8.445619E-02</x5><x6>2.437896E+01</x6></dataPoint>
        <dataPoint><x4>2.729944E-01</x4><x5>8.003755E-02</x5><x6>2.628289E+01</x6></dataPoint>
        <dataPoint><x4>2.732136E-01</x4><x5>7.518942E-02</x5><x6>2.868054E+01</x6></dataPoint>
        <dataPoint><x4>2.733916E-01</x4><x5>7.167046E-02</x5><x6>3.066394E+01</x6></dataPoint>
        <dataPoint><x4>2.736139E-01</x4><x5>6.755202E-02</x5><x6>3.329931E+01</x6></dataPoint>
        <dataPoint><x4>2.738072E-01</x4><x5>6.460407E-02</x5><x6>3.543227E+01</x6></dataPoint>
        <dataPoint><x4>2.740162E-01</x4><x5>6.226333E-02</x5><x6>3.729746E+01</x6></dataPoint>
        <dataPoint><x4>2.742188E-01</x4><x5>6.041758E-02</x5><x6>3.888960E+01</x6></dataPoint>
        <dataPoint><x4>2.744218E-01</x4><x5>5.886895E-02</x5><x6>4.031707E+01</x6></dataPoint>
        <dataPoint><x4>2.745953E-01</x4><x5>5.756149E-02</x5><x6>4.159329E+01</x6></dataPoint>
        <dataPoint><x4>2.748205E-01</x4><x5>5.579728E-02</x5><x6>4.342808E+01</x6></dataPoint>
        <dataPoint><x4>2.749937E-01</x4><x5>5.450909E-02</x5><x6>4.485695E+01</x6></dataPoint>
        <dataPoint><x4>2.752000E-01</x4><x5>5.299656E-02</x5><x6>4.664000E+01</x6></dataPoint>
        <dataPoint><x4>2.754000E-01</x4><x5>5.187645E-02</x5><x6>4.804000E+01</x6></dataPoint>
        <dataPoint><x4>2.756000E-01</x4><x5>5.099723E-02</x5><x6>4.919000E+01</x6></dataPoint>
        <dataPoint><x4>2.758000E-01</x4><x5>5.056699E-02</x5><x6>4.977000E+01</x6></dataPoint>
        <dataPoint><x4>2.760000E-01</x4><x5>5.032600E-02</x5><x6>5.010000E+01</x6></dataPoint>
        <dataPoint><x4>2.810000E-01</x4><x5>5.179981E-02</x5><x6>4.813840E+01</x6></dataPoint>
        <dataPoint><x4>2.860000E-01</x4><x5>5.277445E-02</x5><x6>4.691203E+01</x6></dataPoint>
        <dataPoint><x4>2.910000E-01</x4><x5>5.338614E-02</x5><x6>4.616931E+01</x6></dataPoint>
        <dataPoint><x4>2.960000E-01</x4><x5>5.376482E-02</x5><x6>4.571951E+01</x6></dataPoint>
        <dataPoint><x4>3.010000E-01</x4><x5>5.399727E-02</x5><x6>4.544710E+01</x6></dataPoint>
        <dataPoint><x4>3.060000E-01</x4><x5>5.413920E-02</x5><x6>4.528213E+01</x6></dataPoint>
        <dataPoint><x4>3.110000E-01</x4><x5>5.422558E-02</x5><x6>4.518222E+01</x6></dataPoint>
        <dataPoint><x4>3.160000E-01</x4><x5>5.427806E-02</x5><x6>4.512171E+01</x6></dataPoint>
        <dataPoint><x4>3.210000E-01</x4><x5>5.430990E-02</x5><x6>4.508506E+01</x6></dataPoint>
        <dataPoint><x4>3.260000E-01</x4><x5>5.432920E-02</x5><x6>4.506287E+01</x6></dataPoint>
    </dataGroup>
</experiment>
