<experiment>
    <fileAuthor>Chemical Kinetics Laboratory, Institute of Chemistry, ELTE, Budapest, Hungary</fileAuthor>
    <fileDOI>10.24388/x40004040</fileDOI>
    <fileVersion>
        <major>2</major>
        <minor>3</minor>
    </fileVersion>
    <ReSpecThVersion>
        <major>2</major>
        <minor>3</minor>
    </ReSpecThVersion>
    <firstPublicationDate>2020-09-08</firstPublicationDate>
    <lastModificationDate>2020-11-18</lastModificationDate>
    <bibliographyLink>
        <description>U. Burke, K. P. Somers, P. O’Toole, C. M. Zinner, N. Marquet, G. Bourque, E. L. Petersen, W. K. Metcalfe, Z. Serinyel, H. J. Curran, Combustion and Flame 162 (2015), 315–330.</description>
        <referenceDOI>10.1016/j.combustflame.2014.08.014</referenceDOI>
        <location>Main Article + Personal Communication</location>
        <table>Table 3</table>
        <figure>Fig.5 (c), black square, phi = 1.0, Pc = 10 atm</figure>
        <details>
            <author>U. Burke, K. P. Somers, P. O’Toole, C. M. Zinner, N. Marquet, G. Bourque, E. L. Petersen, W. K. Metcalfe, Z. Serinyel, H. J. Curran</author>
            <journal>Combust Flame</journal>
            <pages>315–-330</pages>
            <title>An ignition delay and kinetic modeling study of methane, dimethyl ether, and their mixtures at high pressures</title>
            <volume>162</volume>
            <year>2015</year>
        </details>
    </bibliographyLink>
    <experimentType>ignition delay measurement</experimentType>
    <apparatus>
        <kind>rapid compression machine</kind>
    </apparatus>
    <commonProperties>
        <property name="initial composition"           sourcetype="calculated" >
            <component><speciesLink preferredKey="CH4"  CAS="74-82-8"    InChI="1S/CH4/h1H4"  SMILES="C"     chemName="methane" /><amount units="mole fraction" >0.09505703</amount></component>
            <component><speciesLink preferredKey="O2"   CAS="7782-44-7"  InChI="1S/O2/c1-2"   SMILES="O=O"   chemName="oxygen"  /><amount units="mole fraction" >0.19011407</amount></component>
            <component><speciesLink preferredKey="Ar"   CAS="7440-37-1"  InChI="1S/Ar"        SMILES="[Ar]"  chemName="argon"   /><amount units="mole fraction" >0.71482890</amount></component>
        </property>
        <property name="evaluated standard deviation"  sourcetype="estimated"   units="unitless"       reference="ignition delay"  kind="relative"  method="statistical scatter" ><value>0.209</value></property>
    </commonProperties>
    <dataGroup id="dg1" label="measured data">
        <property name="pressure"        id="x1"   label="P"              sourcetype="calculated"  units="atm" />
        <property name="temperature"     id="x2"   label="T"              sourcetype="calculated"  units="K"   />
        <property name="ignition delay"  id="x3"   label="tau"            sourcetype="reported"    units="ms"  />

        <dataPoint><x1>0.4090</x1><x2>348.3</x2><x3>183.6</x3></dataPoint>
        <dataPoint><x1>0.4093</x1><x2>348.5</x2><x3>188.3</x3></dataPoint>
        <dataPoint><x1>0.4114</x1><x2>356.2</x2><x3>115.8</x3></dataPoint>
        <dataPoint><x1>0.4117</x1><x2>356.6</x2><x3>113.4</x3></dataPoint>
        <dataPoint><x1>0.4141</x1><x2>365.5</x2> <x3>82.9</x3></dataPoint>
        <dataPoint><x1>0.4152</x1><x2>369.6</x2> <x3>67.7</x3></dataPoint>
        <dataPoint><x1>0.4172</x1><x2>379.2</x2> <x3>50.2</x3></dataPoint>
        <dataPoint><x1>0.4174</x1><x2>380.2</x2> <x3>51.4</x3></dataPoint>
        <dataPoint><x1>0.4187</x1><x2>387.8</x2> <x3>35.9</x3></dataPoint>
        <dataPoint><x1>0.4190</x1><x2>387.9</x2> <x3>37.1</x3></dataPoint>
        <dataPoint><x1>0.4211</x1><x2>399.3</x2> <x3>23.8</x3></dataPoint>
    </dataGroup>
    <ignitionType target="p;" type="d/dt max"/>
    <comment>The inital temperature and pressure were deduced backward from the temperature and pressure at the end of compression showed in original article, the adjustments of initial pressure were within 4.57%</comment>
    <dataGroup id="dg2" label="V-t history" dataPointLink="all">
        <property name="time"    id="x4"   label="t"            sourcetype="calculated"  units="s"   />
        <property name="volume"  id="x5"   label="V"            sourcetype="calculated"  units="cm3" />

        <dataPoint><x4>0.000000E+00</x4><x5>1.000000E+00</x5></dataPoint>
        <dataPoint><x4>1.023750E-03</x4><x5>9.631596E-01</x5></dataPoint>
        <dataPoint><x4>2.619080E-03</x4><x5>9.027761E-01</x5></dataPoint>
        <dataPoint><x4>3.270920E-03</x4><x5>8.733877E-01</x5></dataPoint>
        <dataPoint><x4>4.672060E-03</x4><x5>7.927326E-01</x5></dataPoint>
        <dataPoint><x4>5.217320E-03</x4><x5>7.607827E-01</x5></dataPoint>
        <dataPoint><x4>5.771600E-03</x4><x5>7.235078E-01</x5></dataPoint>
        <dataPoint><x4>6.174440E-03</x4><x5>6.936607E-01</x5></dataPoint>
        <dataPoint><x4>6.767270E-03</x4><x5>6.502739E-01</x5></dataPoint>
        <dataPoint><x4>7.374860E-03</x4><x5>6.043364E-01</x5></dataPoint>
        <dataPoint><x4>8.069590E-03</x4><x5>5.508667E-01</x5></dataPoint>
        <dataPoint><x4>8.571210E-03</x4><x5>5.098169E-01</x5></dataPoint>
        <dataPoint><x4>9.266720E-03</x4><x5>4.578225E-01</x5></dataPoint>
        <dataPoint><x4>9.724610E-03</x4><x5>4.231902E-01</x5></dataPoint>
        <dataPoint><x4>9.922360E-03</x4><x5>4.086812E-01</x5></dataPoint>
        <dataPoint><x4>1.022275E-02</x4><x5>3.850878E-01</x5></dataPoint>
        <dataPoint><x4>1.057083E-02</x4><x5>3.578604E-01</x5></dataPoint>
        <dataPoint><x4>1.082261E-02</x4><x5>3.380912E-01</x5></dataPoint>
        <dataPoint><x4>1.112121E-02</x4><x5>3.138633E-01</x5></dataPoint>
        <dataPoint><x4>1.147126E-02</x4><x5>2.852435E-01</x5></dataPoint>
        <dataPoint><x4>1.177100E-02</x4><x5>2.612125E-01</x5></dataPoint>
        <dataPoint><x4>1.206955E-02</x4><x5>2.379762E-01</x5></dataPoint>
        <dataPoint><x4>1.256922E-02</x4><x5>2.050849E-01</x5></dataPoint>
        <dataPoint><x4>1.301939E-02</x4><x5>1.798213E-01</x5></dataPoint>
        <dataPoint><x4>1.332018E-02</x4><x5>1.642658E-01</x5></dataPoint>
        <dataPoint><x4>1.346968E-02</x4><x5>1.561560E-01</x5></dataPoint>
        <dataPoint><x4>1.416374E-02</x4><x5>1.247584E-01</x5></dataPoint>
        <dataPoint><x4>1.442572E-02</x4><x5>1.182837E-01</x5></dataPoint>
        <dataPoint><x4>1.460366E-02</x4><x5>1.159423E-01</x5></dataPoint>
        <dataPoint><x4>1.612844E-02</x4><x5>1.093307E-01</x5></dataPoint>
        <dataPoint><x4>1.645563E-02</x4><x5>1.093189E-01</x5></dataPoint>
        <dataPoint><x4>1.974179E-02</x4><x5>1.134413E-01</x5></dataPoint>
        <dataPoint><x4>2.057943E-02</x4><x5>1.134359E-01</x5></dataPoint>
        <dataPoint><x4>2.195001E-02</x4><x5>1.147915E-01</x5></dataPoint>
        <dataPoint><x4>2.331138E-02</x4><x5>1.173235E-01</x5></dataPoint>
        <dataPoint><x4>2.465386E-02</x4><x5>1.183829E-01</x5></dataPoint>
        <dataPoint><x4>2.736477E-02</x4><x5>1.194700E-01</x5></dataPoint>
        <dataPoint><x4>2.850510E-02</x4><x5>1.203797E-01</x5></dataPoint>
        <dataPoint><x4>2.986602E-02</x4><x5>1.228592E-01</x5></dataPoint>
        <dataPoint><x4>3.171102E-02</x4><x5>1.228912E-01</x5></dataPoint>
        <dataPoint><x4>3.481532E-02</x4><x5>1.243058E-01</x5></dataPoint>
        <dataPoint><x4>3.676756E-02</x4><x5>1.260848E-01</x5></dataPoint>
        <dataPoint><x4>4.121613E-02</x4><x5>1.275375E-01</x5></dataPoint>
        <dataPoint><x4>4.260727E-02</x4><x5>1.287689E-01</x5></dataPoint>
        <dataPoint><x4>4.849523E-02</x4><x5>1.305280E-01</x5></dataPoint>
        <dataPoint><x4>4.954275E-02</x4><x5>1.313951E-01</x5></dataPoint>
        <dataPoint><x4>5.169595E-02</x4><x5>1.316515E-01</x5></dataPoint>
        <dataPoint><x4>6.368275E-02</x4><x5>1.355420E-01</x5></dataPoint>
        <dataPoint><x4>7.732775E-02</x4><x5>1.389200E-01</x5></dataPoint>
        <dataPoint><x4>8.316615E-02</x4><x5>1.401278E-01</x5></dataPoint>
        <dataPoint><x4>9.824315E-02</x4><x5>1.426483E-01</x5></dataPoint>
        <dataPoint><x4>1.177619E-01</x4><x5>1.453560E-01</x5></dataPoint>
        <dataPoint><x4>1.349760E-01</x4><x5>1.472444E-01</x5></dataPoint>
        <dataPoint><x4>1.556597E-01</x4><x5>1.492631E-01</x5></dataPoint>
        <dataPoint><x4>2.111993E-01</x4><x5>1.540722E-01</x5></dataPoint>
        <dataPoint><x4>2.526003E-01</x4><x5>1.583106E-01</x5></dataPoint>
        <dataPoint><x4>3.335110E-01</x4><x5>1.684114E-01</x5></dataPoint>
        <dataPoint><x4>3.837187E-01</x4><x5>1.744549E-01</x5></dataPoint>
        <dataPoint><x4>4.435642E-01</x4><x5>1.812600E-01</x5></dataPoint>
        <dataPoint><x4>4.486634E-01</x4><x5>1.815655E-01</x5></dataPoint>
    </dataGroup>
</experiment>
