<experiment>
    <fileAuthor>Chemical Kinetics Laboratory, Institute of Chemistry, ELTE, Budapest, Hungary</fileAuthor>
    <fileDOI>10.24388/x40004048</fileDOI>
    <fileVersion>
        <major>2</major>
        <minor>3</minor>
    </fileVersion>
    <ReSpecThVersion>
        <major>2</major>
        <minor>3</minor>
    </ReSpecThVersion>
    <firstPublicationDate>2020-09-08</firstPublicationDate>
    <lastModificationDate>2020-11-18</lastModificationDate>
    <bibliographyLink>
        <description>H. Hashemi, J. M. Christensen, S. Gersen, H. Levinsky, S. J. Klippenstein, P. Glarborg, Combustion and Flame 172 (2016), 349–364.</description>
        <referenceDOI>10.1016/j.combustflame.2016.07.016</referenceDOI>
        <location>Main Article + Supplementary + Personal Communication</location>
        <table>Table 1, Table S11</table>
        <figure>Fig. 15, black diamond, mixture C, phi = 0.5, Tc = 1010 K series</figure>
        <details>
            <author>H. Hashemi, J. M. Christensen, S. Gersen, H. Levinsky, S. J. Klippenstein, P. Glarborg</author>
            <journal>Combust Flame</journal>
            <pages>349–-364</pages>
            <title>High-pressure oxidation of methane</title>
            <volume>172</volume>
            <year>2016</year>
        </details>
    </bibliographyLink>
    <experimentType>ignition delay measurement</experimentType>
    <apparatus>
        <kind>rapid compression machine</kind>
    </apparatus>
    <commonProperties>
        <property name="initial composition"           sourcetype="reported"  >
            <component><speciesLink preferredKey="CH4"  CAS="74-82-8"    InChI="1S/CH4/h1H4"  SMILES="C"     chemName="methane"  /><amount units="mole fraction" >0.0476</amount></component>
            <component><speciesLink preferredKey="O2"   CAS="7782-44-7"  InChI="1S/O2/c1-2"   SMILES="O=O"   chemName="oxygen"   /><amount units="mole fraction" >0.1905</amount></component>
            <component><speciesLink preferredKey="N2"   CAS="7727-37-9"  InChI="1S/N2/c1-2"   SMILES="N#N"   chemName="nitrogen" /><amount units="mole fraction" >0.3000</amount></component>
            <component><speciesLink preferredKey="Ar"   CAS="7440-37-1"  InChI="1S/Ar"        SMILES="[Ar]"  chemName="argon"    /><amount units="mole fraction" >0.4619</amount></component>
        </property>
        <property name="evaluated standard deviation"  sourcetype="estimated"  units="unitless"       reference="ignition delay"  kind="relative"  method="statistical scatter" ><value>0.156</value></property>
    </commonProperties>
    <dataGroup id="dg1" label="measured data">
        <property name="pressure"        id="x1"   label="P"              sourcetype="reported"  units="bar" />
        <property name="temperature"     id="x2"   label="T"              sourcetype="reported"  units="K"   />
        <property name="ignition delay"  id="x3"   label="tau"            sourcetype="reported"  units="ms"  />

        <dataPoint><x1>0.9176</x1><x2>296.95</x2> <x3>6.4</x3></dataPoint>
        <dataPoint><x1>0.5446</x1><x2>295.95</x2><x3>26.0</x3></dataPoint>
        <dataPoint><x1>0.7286</x1><x2>296.25</x2><x3>12.0</x3></dataPoint>
        <dataPoint><x1>1.0916</x1><x2>296.25</x2> <x3>4.8</x3></dataPoint>
        <dataPoint><x1>1.2588</x1><x2>295.15</x2> <x3>4.2</x3></dataPoint>
        <dataPoint><x1>1.2626</x1><x2>295.45</x2> <x3>3.6</x3></dataPoint>
        <dataPoint><x1>1.4466</x1><x2>295.65</x2> <x3>2.3</x3></dataPoint>
    </dataGroup>
    <ignitionType target="p;" type="d/dt max"/>
    <dataGroup id="dg2" label="V-t history" dataPointLink="1">
        <property name="time"      id="x4"   label="t"            sourcetype="calculated"  units="s"   />
        <property name="volume"    id="x5"   label="V"            sourcetype="calculated"  units="cm3" />
        <property name="pressure"  id="x6"   label="p"            sourcetype="estimated"   units="bar"  kind="reactive" />

        <dataPoint><x4>0.000000E+00</x4><x5>1.000000E+00</x5><x6>9.176000E-01</x6></dataPoint>
        <dataPoint><x4>1.000000E-01</x4><x5>1.000000E+00</x5><x6>9.176000E-01</x6></dataPoint>
        <dataPoint><x4>2.000000E-01</x4><x5>7.501731E-01</x5><x6>1.403420E+00</x6></dataPoint>
        <dataPoint><x4>2.079455E-01</x4><x5>5.625630E-01</x5><x6>2.143871E+00</x6></dataPoint>
        <dataPoint><x4>2.116077E-01</x4><x5>4.523881E-01</x5><x6>2.951086E+00</x6></dataPoint>
        <dataPoint><x4>2.131998E-01</x4><x5>4.090602E-01</x5><x6>3.419006E+00</x6></dataPoint>
        <dataPoint><x4>2.136535E-01</x4><x5>3.937645E-01</x5><x6>3.614612E+00</x6></dataPoint>
        <dataPoint><x4>2.138122E-01</x4><x5>3.877266E-01</x5><x6>3.697035E+00</x6></dataPoint>
        <dataPoint><x4>2.139171E-01</x4><x5>3.887028E-01</x5><x6>3.683496E+00</x6></dataPoint>
        <dataPoint><x4>2.147344E-01</x4><x5>3.609943E-01</x5><x6>4.102811E+00</x6></dataPoint>
        <dataPoint><x4>2.150397E-01</x4><x5>3.494249E-01</x5><x6>4.302110E+00</x6></dataPoint>
        <dataPoint><x4>2.152009E-01</x4><x5>3.477202E-01</x5><x6>4.332847E+00</x6></dataPoint>
        <dataPoint><x4>2.154491E-01</x4><x5>3.334469E-01</x5><x6>4.605286E+00</x6></dataPoint>
        <dataPoint><x4>2.158268E-01</x4><x5>3.258829E-01</x5><x6>4.761506E+00</x6></dataPoint>
        <dataPoint><x4>2.160037E-01</x4><x5>3.217523E-01</x5><x6>4.850596E+00</x6></dataPoint>
        <dataPoint><x4>2.162236E-01</x4><x5>3.106387E-01</x5><x6>5.104684E+00</x6></dataPoint>
        <dataPoint><x4>2.164567E-01</x4><x5>3.045749E-01</x5><x6>5.252868E+00</x6></dataPoint>
        <dataPoint><x4>2.166489E-01</x4><x5>2.990191E-01</x5><x6>5.395069E+00</x6></dataPoint>
        <dataPoint><x4>2.168341E-01</x4><x5>2.931270E-01</x5><x6>5.553054E+00</x6></dataPoint>
        <dataPoint><x4>2.174125E-01</x4><x5>2.744258E-01</x5><x6>6.109602E+00</x6></dataPoint>
        <dataPoint><x4>2.176129E-01</x4><x5>2.657512E-01</x5><x6>6.400294E+00</x6></dataPoint>
        <dataPoint><x4>2.178122E-01</x4><x5>2.620844E-01</x5><x6>6.530206E+00</x6></dataPoint>
        <dataPoint><x4>2.180260E-01</x4><x5>2.551656E-01</x5><x6>6.787705E+00</x6></dataPoint>
        <dataPoint><x4>2.186015E-01</x4><x5>2.378618E-01</x5><x6>7.511998E+00</x6></dataPoint>
        <dataPoint><x4>2.188177E-01</x4><x5>2.305810E-01</x5><x6>7.856400E+00</x6></dataPoint>
        <dataPoint><x4>2.190326E-01</x4><x5>2.222497E-01</x5><x6>8.284165E+00</x6></dataPoint>
        <dataPoint><x4>2.196028E-01</x4><x5>2.074757E-01</x5><x6>9.145901E+00</x6></dataPoint>
        <dataPoint><x4>2.198169E-01</x4><x5>1.983793E-01</x5><x6>9.754280E+00</x6></dataPoint>
        <dataPoint><x4>2.200193E-01</x4><x5>1.918476E-01</x5><x6>1.023431E+01</x6></dataPoint>
        <dataPoint><x4>2.202055E-01</x4><x5>1.865424E-01</x5><x6>1.065414E+01</x6></dataPoint>
        <dataPoint><x4>2.204137E-01</x4><x5>1.798294E-01</x5><x6>1.122838E+01</x6></dataPoint>
        <dataPoint><x4>2.206103E-01</x4><x5>1.737888E-01</x5><x6>1.179099E+01</x6></dataPoint>
        <dataPoint><x4>2.208168E-01</x4><x5>1.673927E-01</x5><x6>1.244025E+01</x6></dataPoint>
        <dataPoint><x4>2.210049E-01</x4><x5>1.625267E-01</x5><x6>1.297553E+01</x6></dataPoint>
        <dataPoint><x4>2.212144E-01</x4><x5>1.564493E-01</x5><x6>1.370053E+01</x6></dataPoint>
        <dataPoint><x4>2.214063E-01</x4><x5>1.512000E-01</x5><x6>1.438336E+01</x6></dataPoint>
        <dataPoint><x4>2.215995E-01</x4><x5>1.458675E-01</x5><x6>1.513768E+01</x6></dataPoint>
        <dataPoint><x4>2.218073E-01</x4><x5>1.393973E-01</x5><x6>1.614645E+01</x6></dataPoint>
        <dataPoint><x4>2.219986E-01</x4><x5>1.338074E-01</x5><x6>1.711268E+01</x6></dataPoint>
        <dataPoint><x4>2.221966E-01</x4><x5>1.282202E-01</x5><x6>1.817982E+01</x6></dataPoint>
        <dataPoint><x4>2.223963E-01</x4><x5>1.221853E-01</x5><x6>1.946454E+01</x6></dataPoint>
        <dataPoint><x4>2.226060E-01</x4><x5>1.159013E-01</x5><x6>2.097355E+01</x6></dataPoint>
        <dataPoint><x4>2.227967E-01</x4><x5>1.107166E-01</x5><x6>2.237366E+01</x6></dataPoint>
        <dataPoint><x4>2.229963E-01</x4><x5>1.051009E-01</x5><x6>2.407746E+01</x6></dataPoint>
        <dataPoint><x4>2.231958E-01</x4><x5>9.979156E-02</x5><x6>2.590021E+01</x6></dataPoint>
        <dataPoint><x4>2.233963E-01</x4><x5>9.467204E-02</x5><x6>2.789019E+01</x6></dataPoint>
        <dataPoint><x4>2.235962E-01</x4><x5>8.957138E-02</x5><x6>3.014430E+01</x6></dataPoint>
        <dataPoint><x4>2.238044E-01</x4><x5>8.443596E-02</x5><x6>3.274385E+01</x6></dataPoint>
        <dataPoint><x4>2.240046E-01</x4><x5>8.020899E-02</x5><x6>3.518275E+01</x6></dataPoint>
        <dataPoint><x4>2.242041E-01</x4><x5>7.685009E-02</x5><x6>3.734949E+01</x6></dataPoint>
        <dataPoint><x4>2.243965E-01</x4><x5>7.460151E-02</x5><x6>3.892999E+01</x6></dataPoint>
        <dataPoint><x4>2.245963E-01</x4><x5>7.221491E-02</x5><x6>4.073580E+01</x6></dataPoint>
        <dataPoint><x4>2.248055E-01</x4><x5>6.985033E-02</x5><x6>4.266996E+01</x6></dataPoint>
        <dataPoint><x4>2.249961E-01</x4><x5>6.792569E-02</x5><x6>4.436262E+01</x6></dataPoint>
        <dataPoint><x4>2.252049E-01</x4><x5>6.566946E-02</x5><x6>4.649739E+01</x6></dataPoint>
        <dataPoint><x4>2.254038E-01</x4><x5>6.388834E-02</x5><x6>4.830939E+01</x6></dataPoint>
        <dataPoint><x4>2.256029E-01</x4><x5>6.278491E-02</x5><x6>4.949325E+01</x6></dataPoint>
        <dataPoint><x4>2.258063E-01</x4><x5>6.229598E-02</x5><x6>5.003372E+01</x6></dataPoint>
        <dataPoint><x4>2.262000E-01</x4><x5>6.213845E-02</x5><x6>5.021000E+01</x6></dataPoint>
        <dataPoint><x4>2.302000E-01</x4><x5>6.338727E-02</x5><x6>4.884093E+01</x6></dataPoint>
        <dataPoint><x4>2.342000E-01</x4><x5>6.429547E-02</x5><x6>4.788471E+01</x6></dataPoint>
        <dataPoint><x4>2.382000E-01</x4><x5>6.494147E-02</x5><x6>4.722378E+01</x6></dataPoint>
        <dataPoint><x4>2.422000E-01</x4><x5>6.539705E-02</x5><x6>4.676696E+01</x6></dataPoint>
        <dataPoint><x4>2.462000E-01</x4><x5>6.571639E-02</x5><x6>4.645121E+01</x6></dataPoint>
        <dataPoint><x4>2.502000E-01</x4><x5>6.593929E-02</x5><x6>4.623296E+01</x6></dataPoint>
        <dataPoint><x4>2.542000E-01</x4><x5>6.609440E-02</x5><x6>4.608212E+01</x6></dataPoint>
        <dataPoint><x4>2.582000E-01</x4><x5>6.620212E-02</x5><x6>4.597785E+01</x6></dataPoint>
        <dataPoint><x4>2.622000E-01</x4><x5>6.627681E-02</x5><x6>4.590579E+01</x6></dataPoint>
        <dataPoint><x4>2.662000E-01</x4><x5>6.632856E-02</x5><x6>4.585598E+01</x6></dataPoint>
    </dataGroup>
    <dataGroup id="dg2" label="V-t history" dataPointLink="2">
        <property name="time"      id="x4"   label="t"            sourcetype="calculated"  units="s"   />
        <property name="volume"    id="x5"   label="V"            sourcetype="calculated"  units="cm3" />
        <property name="pressure"  id="x6"   label="p"            sourcetype="estimated"   units="bar"  kind="reactive" />

        <dataPoint><x4>0.000000E+00</x4><x5>1.000000E+00</x5><x6>5.446000E-01</x6></dataPoint>
        <dataPoint><x4>1.000000E-01</x4><x5>1.000000E+00</x5><x6>5.446000E-01</x6></dataPoint>
        <dataPoint><x4>2.200000E-01</x4><x5>7.630554E-01</x5><x6>8.123001E-01</x6></dataPoint>
        <dataPoint><x4>2.207646E-01</x4><x5>7.818514E-01</x5><x6>7.836406E-01</x6></dataPoint>
        <dataPoint><x4>2.213941E-01</x4><x5>7.711504E-01</x5><x6>7.997463E-01</x6></dataPoint>
        <dataPoint><x4>2.264284E-01</x4><x5>6.717014E-01</x5><x6>9.803357E-01</x6></dataPoint>
        <dataPoint><x4>2.308155E-01</x4><x5>5.587858E-01</x5><x6>1.285160E+00</x6></dataPoint>
        <dataPoint><x4>2.317522E-01</x4><x5>5.455085E-01</x5><x6>1.331359E+00</x6></dataPoint>
        <dataPoint><x4>2.345275E-01</x4><x5>4.727480E-01</x5><x6>1.642364E+00</x6></dataPoint>
        <dataPoint><x4>2.378556E-01</x4><x5>3.794057E-01</x5><x6>2.265106E+00</x6></dataPoint>
        <dataPoint><x4>2.380761E-01</x4><x5>3.605422E-01</x5><x6>2.439901E+00</x6></dataPoint>
        <dataPoint><x4>2.388860E-01</x4><x5>3.422780E-01</x5><x6>2.631758E+00</x6></dataPoint>
        <dataPoint><x4>2.391139E-01</x4><x5>3.338690E-01</x5><x6>2.728744E+00</x6></dataPoint>
        <dataPoint><x4>2.392389E-01</x4><x5>3.293456E-01</x5><x6>2.783416E+00</x6></dataPoint>
        <dataPoint><x4>2.395702E-01</x4><x5>3.228948E-01</x5><x6>2.864619E+00</x6></dataPoint>
        <dataPoint><x4>2.398160E-01</x4><x5>3.167873E-01</x5><x6>2.945220E+00</x6></dataPoint>
        <dataPoint><x4>2.398835E-01</x4><x5>3.129814E-01</x5><x6>2.997385E+00</x6></dataPoint>
        <dataPoint><x4>2.400336E-01</x4><x5>3.070398E-01</x5><x6>3.081977E+00</x6></dataPoint>
        <dataPoint><x4>2.407081E-01</x4><x5>2.880362E-01</x5><x6>3.381288E+00</x6></dataPoint>
        <dataPoint><x4>2.409740E-01</x4><x5>2.757683E-01</x5><x6>3.601382E+00</x6></dataPoint>
        <dataPoint><x4>2.414031E-01</x4><x5>2.696307E-01</x5><x6>3.720664E+00</x6></dataPoint>
        <dataPoint><x4>2.432980E-01</x4><x5>2.089473E-01</x5><x6>5.374898E+00</x6></dataPoint>
        <dataPoint><x4>2.439931E-01</x4><x5>1.859603E-01</x5><x6>6.353799E+00</x6></dataPoint>
        <dataPoint><x4>2.443602E-01</x4><x5>1.745291E-01</x5><x6>6.958053E+00</x6></dataPoint>
        <dataPoint><x4>2.447504E-01</x4><x5>1.637401E-01</x5><x6>7.622526E+00</x6></dataPoint>
        <dataPoint><x4>2.454368E-01</x4><x5>1.441926E-01</x5><x6>9.136859E+00</x6></dataPoint>
        <dataPoint><x4>2.456358E-01</x4><x5>1.370277E-01</x5><x6>9.823438E+00</x6></dataPoint>
        <dataPoint><x4>2.460000E-01</x4><x5>1.266638E-01</x5><x6>1.098310E+01</x6></dataPoint>
        <dataPoint><x4>2.461888E-01</x4><x5>1.208141E-01</x5><x6>1.174370E+01</x6></dataPoint>
        <dataPoint><x4>2.466180E-01</x4><x5>1.082576E-01</x5><x6>1.371310E+01</x6></dataPoint>
        <dataPoint><x4>2.469772E-01</x4><x5>9.792237E-02</x5><x6>1.579443E+01</x6></dataPoint>
        <dataPoint><x4>2.473939E-01</x4><x5>8.656217E-02</x5><x6>1.877902E+01</x6></dataPoint>
        <dataPoint><x4>2.476136E-01</x4><x5>8.117941E-02</x5><x6>2.054487E+01</x6></dataPoint>
        <dataPoint><x4>2.478196E-01</x4><x5>7.711579E-02</x5><x6>2.207360E+01</x6></dataPoint>
        <dataPoint><x4>2.483912E-01</x4><x5>6.961201E-02</x5><x6>2.546139E+01</x6></dataPoint>
        <dataPoint><x4>2.488137E-01</x4><x5>6.444935E-02</x5><x6>2.834354E+01</x6></dataPoint>
        <dataPoint><x4>2.490015E-01</x4><x5>6.281057E-02</x5><x6>2.937664E+01</x6></dataPoint>
        <dataPoint><x4>2.491992E-01</x4><x5>6.206542E-02</x5><x6>2.986782E+01</x6></dataPoint>
        <dataPoint><x4>2.498113E-01</x4><x5>6.200240E-02</x5><x6>2.991000E+01</x6></dataPoint>
        <dataPoint><x4>2.538113E-01</x4><x5>6.412843E-02</x5><x6>2.854093E+01</x6></dataPoint>
        <dataPoint><x4>2.578113E-01</x4><x5>6.571933E-02</x5><x6>2.758471E+01</x6></dataPoint>
        <dataPoint><x4>2.618113E-01</x4><x5>6.687494E-02</x5><x6>2.692378E+01</x6></dataPoint>
        <dataPoint><x4>2.658113E-01</x4><x5>6.770229E-02</x5><x6>2.646696E+01</x6></dataPoint>
        <dataPoint><x4>2.698113E-01</x4><x5>6.828849E-02</x5><x6>2.615121E+01</x6></dataPoint>
        <dataPoint><x4>2.738113E-01</x4><x5>6.870074E-02</x5><x6>2.593296E+01</x6></dataPoint>
        <dataPoint><x4>2.778113E-01</x4><x5>6.898916E-02</x5><x6>2.578212E+01</x6></dataPoint>
        <dataPoint><x4>2.818113E-01</x4><x5>6.919019E-02</x5><x6>2.567785E+01</x6></dataPoint>
        <dataPoint><x4>2.858113E-01</x4><x5>6.932995E-02</x5><x6>2.560579E+01</x6></dataPoint>
        <dataPoint><x4>2.898113E-01</x4><x5>6.942694E-02</x5><x6>2.555598E+01</x6></dataPoint>
    </dataGroup>
    <dataGroup id="dg2" label="V-t history" dataPointLink="3">
        <property name="time"      id="x4"   label="t"            sourcetype="calculated"  units="s"   />
        <property name="volume"    id="x5"   label="V"            sourcetype="calculated"  units="cm3" />
        <property name="pressure"  id="x6"   label="p"            sourcetype="estimated"   units="bar"  kind="reactive" />

        <dataPoint><x4>0.000000E+00</x4><x5>1.000000E+00</x5><x6>7.286000E-01</x6></dataPoint>
        <dataPoint><x4>1.000000E-01</x4><x5>1.000000E+00</x5><x6>7.286000E-01</x6></dataPoint>
        <dataPoint><x4>2.200000E-01</x4><x5>7.358118E-01</x5><x6>1.146620E+00</x6></dataPoint>
        <dataPoint><x4>2.236158E-01</x4><x5>6.901140E-01</x5><x6>1.260302E+00</x6></dataPoint>
        <dataPoint><x4>2.241772E-01</x4><x5>6.758260E-01</x5><x6>1.299758E+00</x6></dataPoint>
        <dataPoint><x4>2.278122E-01</x4><x5>5.926620E-01</x5><x6>1.576862E+00</x6></dataPoint>
        <dataPoint><x4>2.313507E-01</x4><x5>4.983514E-01</x5><x6>2.033773E+00</x6></dataPoint>
        <dataPoint><x4>2.315193E-01</x4><x5>4.874421E-01</x5><x6>2.100833E+00</x6></dataPoint>
        <dataPoint><x4>2.328587E-01</x4><x5>4.623111E-01</x5><x6>2.270192E+00</x6></dataPoint>
        <dataPoint><x4>2.330343E-01</x4><x5>4.492117E-01</x5><x6>2.367734E+00</x6></dataPoint>
        <dataPoint><x4>2.335935E-01</x4><x5>4.370746E-01</x5><x6>2.464529E+00</x6></dataPoint>
        <dataPoint><x4>2.344818E-01</x4><x5>4.084488E-01</x5><x6>2.720995E+00</x6></dataPoint>
        <dataPoint><x4>2.354342E-01</x4><x5>3.800202E-01</x5><x6>3.023113E+00</x6></dataPoint>
        <dataPoint><x4>2.356121E-01</x4><x5>3.810195E-01</x5><x6>3.011557E+00</x6></dataPoint>
        <dataPoint><x4>2.356999E-01</x4><x5>3.787279E-01</x5><x6>3.038169E+00</x6></dataPoint>
        <dataPoint><x4>2.358539E-01</x4><x5>3.725842E-01</x5><x6>3.111489E+00</x6></dataPoint>
        <dataPoint><x4>2.375260E-01</x4><x5>3.233901E-01</x5><x6>3.823716E+00</x6></dataPoint>
        <dataPoint><x4>2.388331E-01</x4><x5>2.845279E-01</x5><x6>4.604456E+00</x6></dataPoint>
        <dataPoint><x4>2.390357E-01</x4><x5>2.758198E-01</x5><x6>4.816519E+00</x6></dataPoint>
        <dataPoint><x4>2.398467E-01</x4><x5>2.499007E-01</x5><x6>5.555434E+00</x6></dataPoint>
        <dataPoint><x4>2.400907E-01</x4><x5>2.429868E-01</x5><x6>5.785126E+00</x6></dataPoint>
        <dataPoint><x4>2.402552E-01</x4><x5>2.385111E-01</x5><x6>5.942440E+00</x6></dataPoint>
        <dataPoint><x4>2.404280E-01</x4><x5>2.327276E-01</x5><x6>6.156606E+00</x6></dataPoint>
        <dataPoint><x4>2.406093E-01</x4><x5>2.255838E-01</x5><x6>6.439564E+00</x6></dataPoint>
        <dataPoint><x4>2.408288E-01</x4><x5>2.207783E-01</x5><x6>6.642409E+00</x6></dataPoint>
        <dataPoint><x4>2.410597E-01</x4><x5>2.141982E-01</x5><x6>6.938077E+00</x6></dataPoint>
        <dataPoint><x4>2.412130E-01</x4><x5>2.100648E-01</x5><x6>7.135286E+00</x6></dataPoint>
        <dataPoint><x4>2.414159E-01</x4><x5>2.026349E-01</x5><x6>7.514307E+00</x6></dataPoint>
        <dataPoint><x4>2.416036E-01</x4><x5>1.982211E-01</x5><x6>7.755768E+00</x6></dataPoint>
        <dataPoint><x4>2.418192E-01</x4><x5>1.902461E-01</x5><x6>8.226500E+00</x6></dataPoint>
        <dataPoint><x4>2.420379E-01</x4><x5>1.845701E-01</x5><x6>8.591548E+00</x6></dataPoint>
        <dataPoint><x4>2.422205E-01</x4><x5>1.799924E-01</x5><x6>8.906241E+00</x6></dataPoint>
        <dataPoint><x4>2.424042E-01</x4><x5>1.747316E-01</x5><x6>9.292504E+00</x6></dataPoint>
        <dataPoint><x4>2.426161E-01</x4><x5>1.672604E-01</x5><x6>9.891602E+00</x6></dataPoint>
        <dataPoint><x4>2.428248E-01</x4><x5>1.619136E-01</x5><x6>1.036138E+01</x6></dataPoint>
        <dataPoint><x4>2.430003E-01</x4><x5>1.583999E-01</x5><x6>1.069092E+01</x6></dataPoint>
        <dataPoint><x4>2.432105E-01</x4><x5>1.506285E-01</x5><x6>1.148574E+01</x6></dataPoint>
        <dataPoint><x4>2.434146E-01</x4><x5>1.452492E-01</x5><x6>1.209605E+01</x6></dataPoint>
        <dataPoint><x4>2.436040E-01</x4><x5>1.400829E-01</x5><x6>1.273539E+01</x6></dataPoint>
        <dataPoint><x4>2.438101E-01</x4><x5>1.338017E-01</x5><x6>1.359286E+01</x6></dataPoint>
        <dataPoint><x4>2.439992E-01</x4><x5>1.283698E-01</x5><x6>1.441594E+01</x6></dataPoint>
        <dataPoint><x4>2.442100E-01</x4><x5>1.217296E-01</x5><x6>1.554233E+01</x6></dataPoint>
        <dataPoint><x4>2.443984E-01</x4><x5>1.166861E-01</x5><x6>1.650097E+01</x6></dataPoint>
        <dataPoint><x4>2.445977E-01</x4><x5>1.109207E-01</x5><x6>1.772526E+01</x6></dataPoint>
        <dataPoint><x4>2.447980E-01</x4><x5>1.053727E-01</x5><x6>1.905546E+01</x6></dataPoint>
        <dataPoint><x4>2.449971E-01</x4><x5>9.988311E-02</x5><x6>2.054645E+01</x6></dataPoint>
        <dataPoint><x4>2.451965E-01</x4><x5>9.444618E-02</x5><x6>2.222834E+01</x6></dataPoint>
        <dataPoint><x4>2.453958E-01</x4><x5>8.908309E-02</x5><x6>2.412890E+01</x6></dataPoint>
        <dataPoint><x4>2.456052E-01</x4><x5>8.395343E-02</x5><x6>2.621938E+01</x6></dataPoint>
        <dataPoint><x4>2.458038E-01</x4><x5>8.003192E-02</x5><x6>2.803395E+01</x6></dataPoint>
        <dataPoint><x4>2.460046E-01</x4><x5>7.657515E-02</x5><x6>2.981770E+01</x6></dataPoint>
        <dataPoint><x4>2.462048E-01</x4><x5>7.398291E-02</x5><x6>3.128584E+01</x6></dataPoint>
        <dataPoint><x4>2.464054E-01</x4><x5>7.153284E-02</x5><x6>3.279006E+01</x6></dataPoint>
        <dataPoint><x4>2.466054E-01</x4><x5>6.931568E-02</x5><x6>3.426048E+01</x6></dataPoint>
        <dataPoint><x4>2.467975E-01</x4><x5>6.728406E-02</x5><x6>3.570917E+01</x6></dataPoint>
        <dataPoint><x4>2.470044E-01</x4><x5>6.491404E-02</x5><x6>3.753569E+01</x6></dataPoint>
        <dataPoint><x4>2.472004E-01</x4><x5>6.320681E-02</x5><x6>3.895246E+01</x6></dataPoint>
        <dataPoint><x4>2.474018E-01</x4><x5>6.234187E-02</x5><x6>3.970541E+01</x6></dataPoint>
        <dataPoint><x4>2.476009E-01</x4><x5>6.189826E-02</x5><x6>4.010127E+01</x6></dataPoint>
        <dataPoint><x4>2.477663E-01</x4><x5>6.183308E-02</x5><x6>4.016000E+01</x6></dataPoint>
        <dataPoint><x4>2.517663E-01</x4><x5>6.339607E-02</x5><x6>3.879093E+01</x6></dataPoint>
        <dataPoint><x4>2.557663E-01</x4><x5>6.454466E-02</x5><x6>3.783471E+01</x6></dataPoint>
        <dataPoint><x4>2.597663E-01</x4><x5>6.536786E-02</x5><x6>3.717378E+01</x6></dataPoint>
        <dataPoint><x4>2.637663E-01</x4><x5>6.595157E-02</x5><x6>3.671696E+01</x6></dataPoint>
        <dataPoint><x4>2.677663E-01</x4><x5>6.636229E-02</x5><x6>3.640121E+01</x6></dataPoint>
        <dataPoint><x4>2.717663E-01</x4><x5>6.664974E-02</x5><x6>3.618296E+01</x6></dataPoint>
        <dataPoint><x4>2.757663E-01</x4><x5>6.685016E-02</x5><x6>3.603212E+01</x6></dataPoint>
        <dataPoint><x4>2.797663E-01</x4><x5>6.698952E-02</x5><x6>3.592785E+01</x6></dataPoint>
        <dataPoint><x4>2.837663E-01</x4><x5>6.708624E-02</x5><x6>3.585579E+01</x6></dataPoint>
        <dataPoint><x4>2.877663E-01</x4><x5>6.715329E-02</x5><x6>3.580598E+01</x6></dataPoint>
    </dataGroup>
    <dataGroup id="dg2" label="V-t history" dataPointLink="4">
        <property name="time"      id="x4"   label="t"            sourcetype="calculated"  units="s"   />
        <property name="volume"    id="x5"   label="V"            sourcetype="calculated"  units="cm3" />
        <property name="pressure"  id="x6"   label="p"            sourcetype="estimated"   units="bar"  kind="reactive" />

        <dataPoint><x4>0.000000E+00</x4><x5>1.000000E+00</x5><x6>1.091600E+00</x6></dataPoint>
        <dataPoint><x4>1.000000E-01</x4><x5>1.000000E+00</x5><x6>1.091600E+00</x6></dataPoint>
        <dataPoint><x4>2.200000E-01</x4><x5>7.382657E-01</x5><x6>1.709468E+00</x6></dataPoint>
        <dataPoint><x4>2.244814E-01</x4><x5>6.946628E-01</x5><x6>1.870011E+00</x6></dataPoint>
        <dataPoint><x4>2.275038E-01</x4><x5>6.258563E-01</x5><x6>2.180498E+00</x6></dataPoint>
        <dataPoint><x4>2.323021E-01</x4><x5>4.870109E-01</x5><x6>3.151586E+00</x6></dataPoint>
        <dataPoint><x4>2.338366E-01</x4><x5>4.475701E-01</x5><x6>3.566431E+00</x6></dataPoint>
        <dataPoint><x4>2.340065E-01</x4><x5>4.380523E-01</x5><x6>3.680350E+00</x6></dataPoint>
        <dataPoint><x4>2.348182E-01</x4><x5>4.180573E-01</x5><x6>3.940489E+00</x6></dataPoint>
        <dataPoint><x4>2.350059E-01</x4><x5>4.053848E-01</x5><x6>4.121716E+00</x6></dataPoint>
        <dataPoint><x4>2.354116E-01</x4><x5>4.024496E-01</x5><x6>4.165685E+00</x6></dataPoint>
        <dataPoint><x4>2.357006E-01</x4><x5>3.865504E-01</x5><x6>4.418100E+00</x6></dataPoint>
        <dataPoint><x4>2.357524E-01</x4><x5>3.830784E-01</x5><x6>4.476636E+00</x6></dataPoint>
        <dataPoint><x4>2.366147E-01</x4><x5>3.659056E-01</x5><x6>4.786214E+00</x6></dataPoint>
        <dataPoint><x4>2.368012E-01</x4><x5>3.538179E-01</x5><x6>5.026261E+00</x6></dataPoint>
        <dataPoint><x4>2.369969E-01</x4><x5>3.528884E-01</x5><x6>5.045551E+00</x6></dataPoint>
        <dataPoint><x4>2.374264E-01</x4><x5>3.384233E-01</x5><x6>5.362474E+00</x6></dataPoint>
        <dataPoint><x4>2.376021E-01</x4><x5>3.301636E-01</x5><x6>5.558697E+00</x6></dataPoint>
        <dataPoint><x4>2.377954E-01</x4><x5>3.289561E-01</x5><x6>5.588388E+00</x6></dataPoint>
        <dataPoint><x4>2.384200E-01</x4><x5>3.100147E-01</x5><x6>6.091282E+00</x6></dataPoint>
        <dataPoint><x4>2.387980E-01</x4><x5>2.952386E-01</x5><x6>6.538635E+00</x6></dataPoint>
        <dataPoint><x4>2.389948E-01</x4><x5>2.951313E-01</x5><x6>6.542083E+00</x6></dataPoint>
        <dataPoint><x4>2.393626E-01</x4><x5>2.801026E-01</x5><x6>7.056933E+00</x6></dataPoint>
        <dataPoint><x4>2.395869E-01</x4><x5>2.749259E-01</x5><x6>7.250184E+00</x6></dataPoint>
        <dataPoint><x4>2.399632E-01</x4><x5>2.623776E-01</x5><x6>7.757268E+00</x6></dataPoint>
        <dataPoint><x4>2.402008E-01</x4><x5>2.564475E-01</x5><x6>8.017956E+00</x6></dataPoint>
        <dataPoint><x4>2.404004E-01</x4><x5>2.470685E-01</x5><x6>8.461389E+00</x6></dataPoint>
        <dataPoint><x4>2.407605E-01</x4><x5>2.385429E-01</x5><x6>8.901346E+00</x6></dataPoint>
        <dataPoint><x4>2.407783E-01</x4><x5>2.379380E-01</x5><x6>8.934012E+00</x6></dataPoint>
        <dataPoint><x4>2.411701E-01</x4><x5>2.252095E-01</x5><x6>9.670968E+00</x6></dataPoint>
        <dataPoint><x4>2.414131E-01</x4><x5>2.179096E-01</x5><x6>1.014092E+01</x6></dataPoint>
        <dataPoint><x4>2.418265E-01</x4><x5>2.055259E-01</x5><x6>1.103122E+01</x6></dataPoint>
        <dataPoint><x4>2.420702E-01</x4><x5>1.986244E-01</x5><x6>1.158596E+01</x6></dataPoint>
        <dataPoint><x4>2.424534E-01</x4><x5>1.869006E-01</x5><x6>1.264260E+01</x6></dataPoint>
        <dataPoint><x4>2.426481E-01</x4><x5>1.815843E-01</x5><x6>1.317627E+01</x6></dataPoint>
        <dataPoint><x4>2.427986E-01</x4><x5>1.774563E-01</x5><x6>1.361730E+01</x6></dataPoint>
        <dataPoint><x4>2.432226E-01</x4><x5>1.647416E-01</x5><x6>1.514449E+01</x6></dataPoint>
        <dataPoint><x4>2.434408E-01</x4><x5>1.587441E-01</x5><x6>1.596778E+01</x6></dataPoint>
        <dataPoint><x4>2.438204E-01</x4><x5>1.480422E-01</x5><x6>1.763781E+01</x6></dataPoint>
        <dataPoint><x4>2.440018E-01</x4><x5>1.432720E-01</x5><x6>1.847933E+01</x6></dataPoint>
        <dataPoint><x4>2.442003E-01</x4><x5>1.376982E-01</x5><x6>1.955162E+01</x6></dataPoint>
        <dataPoint><x4>2.444213E-01</x4><x5>1.310852E-01</x5><x6>2.096648E+01</x6></dataPoint>
        <dataPoint><x4>2.445991E-01</x4><x5>1.262902E-01</x5><x6>2.210395E+01</x6></dataPoint>
        <dataPoint><x4>2.447981E-01</x4><x5>1.208177E-01</x5><x6>2.353488E+01</x6></dataPoint>
        <dataPoint><x4>2.450128E-01</x4><x5>1.146714E-01</x5><x6>2.533805E+01</x6></dataPoint>
        <dataPoint><x4>2.451964E-01</x4><x5>1.098933E-01</x5><x6>2.690729E+01</x6></dataPoint>
        <dataPoint><x4>2.453985E-01</x4><x5>1.046684E-01</x5><x6>2.882024E+01</x6></dataPoint>
        <dataPoint><x4>2.458285E-01</x4><x5>9.409153E-02</x5><x6>3.347929E+01</x6></dataPoint>
        <dataPoint><x4>2.462201E-01</x4><x5>8.476480E-02</x5><x6>3.875689E+01</x6></dataPoint>
        <dataPoint><x4>2.465943E-01</x4><x5>7.807807E-02</x5><x6>4.347697E+01</x6></dataPoint>
        <dataPoint><x4>2.469569E-01</x4><x5>7.384751E-02</x5><x6>4.699288E+01</x6></dataPoint>
        <dataPoint><x4>2.471911E-01</x4><x5>7.151703E-02</x5><x6>4.914172E+01</x6></dataPoint>
        <dataPoint><x4>2.475937E-01</x4><x5>6.753195E-02</x5><x6>5.322691E+01</x6></dataPoint>
        <dataPoint><x4>2.478100E-01</x4><x5>6.553097E-02</x5><x6>5.550165E+01</x6></dataPoint>
        <dataPoint><x4>2.480020E-01</x4><x5>6.398345E-02</x5><x6>5.737694E+01</x6></dataPoint>
        <dataPoint><x4>2.482005E-01</x4><x5>6.285551E-02</x5><x6>5.881293E+01</x6></dataPoint>
        <dataPoint><x4>2.484008E-01</x4><x5>6.231556E-02</x5><x6>5.952217E+01</x6></dataPoint>
        <dataPoint><x4>2.486041E-01</x4><x5>6.211139E-02</x5><x6>5.979416E+01</x6></dataPoint>
        <dataPoint><x4>2.488012E-01</x4><x5>6.202570E-02</x5><x6>5.990895E+01</x6></dataPoint>
        <dataPoint><x4>2.492000E-01</x4><x5>6.196536E-02</x5><x6>5.999000E+01</x6></dataPoint>
        <dataPoint><x4>2.532000E-01</x4><x5>6.300359E-02</x5><x6>5.862093E+01</x6></dataPoint>
        <dataPoint><x4>2.572000E-01</x4><x5>6.375358E-02</x5><x6>5.766471E+01</x6></dataPoint>
        <dataPoint><x4>2.612000E-01</x4><x5>6.428447E-02</x5><x6>5.700378E+01</x6></dataPoint>
        <dataPoint><x4>2.652000E-01</x4><x5>6.465758E-02</x5><x6>5.654696E+01</x6></dataPoint>
        <dataPoint><x4>2.692000E-01</x4><x5>6.491848E-02</x5><x6>5.623121E+01</x6></dataPoint>
        <dataPoint><x4>2.732000E-01</x4><x5>6.510028E-02</x5><x6>5.601296E+01</x6></dataPoint>
        <dataPoint><x4>2.772000E-01</x4><x5>6.522664E-02</x5><x6>5.586212E+01</x6></dataPoint>
        <dataPoint><x4>2.812000E-01</x4><x5>6.531432E-02</x5><x6>5.575785E+01</x6></dataPoint>
        <dataPoint><x4>2.852000E-01</x4><x5>6.537509E-02</x5><x6>5.568579E+01</x6></dataPoint>
        <dataPoint><x4>2.892000E-01</x4><x5>6.541717E-02</x5><x6>5.563598E+01</x6></dataPoint>
    </dataGroup>
    <dataGroup id="dg2" label="V-t history" dataPointLink="5">
        <property name="time"      id="x4"   label="t"            sourcetype="calculated"  units="s"   />
        <property name="volume"    id="x5"   label="V"            sourcetype="calculated"  units="cm3" />
        <property name="pressure"  id="x6"   label="p"            sourcetype="estimated"   units="bar"  kind="reactive" />

        <dataPoint><x4>0.000000E+00</x4><x5>1.000000E+00</x5><x6>1.258800E+00</x6></dataPoint>
        <dataPoint><x4>1.000000E-01</x4><x5>1.000000E+00</x5><x6>1.258800E+00</x6></dataPoint>
        <dataPoint><x4>2.200000E-01</x4><x5>8.189505E-01</x5><x6>1.691500E+00</x6></dataPoint>
        <dataPoint><x4>2.274897E-01</x4><x5>8.098367E-01</x5><x6>1.719696E+00</x6></dataPoint>
        <dataPoint><x4>2.295639E-01</x4><x5>7.844397E-01</x5><x6>1.802553E+00</x6></dataPoint>
        <dataPoint><x4>2.299247E-01</x4><x5>7.955821E-01</x5><x6>1.765399E+00</x6></dataPoint>
        <dataPoint><x4>2.321382E-01</x4><x5>7.775405E-01</x5><x6>1.826218E+00</x6></dataPoint>
        <dataPoint><x4>2.324494E-01</x4><x5>7.794410E-01</x5><x6>1.819647E+00</x6></dataPoint>
        <dataPoint><x4>2.337404E-01</x4><x5>7.489881E-01</x5><x6>1.929897E+00</x6></dataPoint>
        <dataPoint><x4>2.337614E-01</x4><x5>7.465720E-01</x5><x6>1.939120E+00</x6></dataPoint>
        <dataPoint><x4>2.356657E-01</x4><x5>7.465085E-01</x5><x6>1.939363E+00</x6></dataPoint>
        <dataPoint><x4>2.408804E-01</x4><x5>6.327481E-01</x5><x6>2.474460E+00</x6></dataPoint>
        <dataPoint><x4>2.437423E-01</x4><x5>5.634233E-01</x5><x6>2.934895E+00</x6></dataPoint>
        <dataPoint><x4>2.440014E-01</x4><x5>5.484178E-01</x5><x6>3.053605E+00</x6></dataPoint>
        <dataPoint><x4>2.454936E-01</x4><x5>5.148847E-01</x5><x6>3.349905E+00</x6></dataPoint>
        <dataPoint><x4>2.457627E-01</x4><x5>4.968070E-01</x5><x6>3.530177E+00</x6></dataPoint>
        <dataPoint><x4>2.458040E-01</x4><x5>4.936566E-01</x5><x6>3.563254E+00</x6></dataPoint>
        <dataPoint><x4>2.460381E-01</x4><x5>4.966403E-01</x5><x6>3.531915E+00</x6></dataPoint>
        <dataPoint><x4>2.483780E-01</x4><x5>4.358532E-01</x5><x6>4.276034E+00</x6></dataPoint>
        <dataPoint><x4>2.488168E-01</x4><x5>4.233689E-01</x5><x6>4.461652E+00</x6></dataPoint>
        <dataPoint><x4>2.489468E-01</x4><x5>4.144664E-01</x5><x6>4.602400E+00</x6></dataPoint>
        <dataPoint><x4>2.505236E-01</x4><x5>3.754030E-01</x5><x6>5.317903E+00</x6></dataPoint>
        <dataPoint><x4>2.519507E-01</x4><x5>3.327950E-01</x5><x6>6.337852E+00</x6></dataPoint>
        <dataPoint><x4>2.524639E-01</x4><x5>3.159015E-01</x5><x6>6.836477E+00</x6></dataPoint>
        <dataPoint><x4>2.534029E-01</x4><x5>2.889428E-01</x5><x6>7.781424E+00</x6></dataPoint>
        <dataPoint><x4>2.538016E-01</x4><x5>2.750903E-01</x5><x6>8.355586E+00</x6></dataPoint>
        <dataPoint><x4>2.545708E-01</x4><x5>2.542107E-01</x5><x6>9.366465E+00</x6></dataPoint>
        <dataPoint><x4>2.554382E-01</x4><x5>2.265486E-01</x5><x6>1.106084E+01</x6></dataPoint>
        <dataPoint><x4>2.556318E-01</x4><x5>2.215128E-01</x5><x6>1.142492E+01</x6></dataPoint>
        <dataPoint><x4>2.558250E-01</x4><x5>2.157851E-01</x5><x6>1.186410E+01</x6></dataPoint>
        <dataPoint><x4>2.560793E-01</x4><x5>2.080694E-01</x5><x6>1.250212E+01</x6></dataPoint>
        <dataPoint><x4>2.564238E-01</x4><x5>1.978610E-01</x5><x6>1.343935E+01</x6></dataPoint>
        <dataPoint><x4>2.566287E-01</x4><x5>1.937998E-01</x5><x6>1.384548E+01</x6></dataPoint>
        <dataPoint><x4>2.570320E-01</x4><x5>1.811332E-01</x5><x6>1.525445E+01</x6></dataPoint>
        <dataPoint><x4>2.572047E-01</x4><x5>1.770799E-01</x5><x6>1.575691E+01</x6></dataPoint>
        <dataPoint><x4>2.576185E-01</x4><x5>1.652758E-01</x5><x6>1.739066E+01</x6></dataPoint>
        <dataPoint><x4>2.578034E-01</x4><x5>1.609279E-01</x5><x6>1.806553E+01</x6></dataPoint>
        <dataPoint><x4>2.584028E-01</x4><x5>1.445667E-01</x5><x6>2.104831E+01</x6></dataPoint>
        <dataPoint><x4>2.586077E-01</x4><x5>1.388604E-01</x5><x6>2.228900E+01</x6></dataPoint>
        <dataPoint><x4>2.588147E-01</x4><x5>1.330691E-01</x5><x6>2.367938E+01</x6></dataPoint>
        <dataPoint><x4>2.590116E-01</x4><x5>1.279997E-01</x5><x6>2.502077E+01</x6></dataPoint>
        <dataPoint><x4>2.592165E-01</x4><x5>1.229744E-01</x5><x6>2.648182E+01</x6></dataPoint>
        <dataPoint><x4>2.597869E-01</x4><x5>1.079771E-01</x5><x6>3.182560E+01</x6></dataPoint>
        <dataPoint><x4>2.599972E-01</x4><x5>1.028192E-01</x5><x6>3.409880E+01</x6></dataPoint>
        <dataPoint><x4>2.601968E-01</x4><x5>9.802198E-02</x5><x6>3.647075E+01</x6></dataPoint>
        <dataPoint><x4>2.604123E-01</x4><x5>9.300364E-02</x5><x6>3.926627E+01</x6></dataPoint>
        <dataPoint><x4>2.609904E-01</x4><x5>8.133860E-02</x5><x6>4.737985E+01</x6></dataPoint>
        <dataPoint><x4>2.612036E-01</x4><x5>7.806340E-02</x5><x6>5.018203E+01</x6></dataPoint>
        <dataPoint><x4>2.614090E-01</x4><x5>7.574347E-02</x5><x6>5.234176E+01</x6></dataPoint>
        <dataPoint><x4>2.616099E-01</x4><x5>7.378082E-02</x5><x6>5.429518E+01</x6></dataPoint>
        <dataPoint><x4>2.618098E-01</x4><x5>7.197729E-02</x5><x6>5.620202E+01</x6></dataPoint>
        <dataPoint><x4>2.619973E-01</x4><x5>7.041896E-02</x5><x6>5.794316E+01</x6></dataPoint>
        <dataPoint><x4>2.622083E-01</x4><x5>6.854864E-02</x5><x6>6.015725E+01</x6></dataPoint>
        <dataPoint><x4>2.624083E-01</x4><x5>6.687188E-02</x5><x6>6.226748E+01</x6></dataPoint>
        <dataPoint><x4>2.626094E-01</x4><x5>6.529915E-02</x5><x6>6.436391E+01</x6></dataPoint>
        <dataPoint><x4>2.628030E-01</x4><x5>6.398112E-02</x5><x6>6.621518E+01</x6></dataPoint>
        <dataPoint><x4>2.630015E-01</x4><x5>6.299582E-02</x5><x6>6.765922E+01</x6></dataPoint>
        <dataPoint><x4>2.632015E-01</x4><x5>6.236917E-02</x5><x6>6.860579E+01</x6></dataPoint>
        <dataPoint><x4>2.634014E-01</x4><x5>6.202007E-02</x5><x6>6.914294E+01</x6></dataPoint>
        <dataPoint><x4>2.636019E-01</x4><x5>6.186650E-02</x5><x6>6.938150E+01</x6></dataPoint>
        <dataPoint><x4>2.638051E-01</x4><x5>6.184659E-02</x5><x6>6.941254E+01</x6></dataPoint>
        <dataPoint><x4>2.640032E-01</x4><x5>6.175764E-02</x5><x6>6.955148E+01</x6></dataPoint>
        <dataPoint><x4>2.642086E-01</x4><x5>6.175737E-02</x5><x6>6.955189E+01</x6></dataPoint>
        <dataPoint><x4>2.644011E-01</x4><x5>6.171388E-02</x5><x6>6.962000E+01</x6></dataPoint>
        <dataPoint><x4>2.684011E-01</x4><x5>6.260235E-02</x5><x6>6.825093E+01</x6></dataPoint>
        <dataPoint><x4>2.724011E-01</x4><x5>6.324113E-02</x5><x6>6.729471E+01</x6></dataPoint>
        <dataPoint><x4>2.764011E-01</x4><x5>6.369176E-02</x5><x6>6.663378E+01</x6></dataPoint>
        <dataPoint><x4>2.804011E-01</x4><x5>6.400770E-02</x5><x6>6.617696E+01</x6></dataPoint>
        <dataPoint><x4>2.844011E-01</x4><x5>6.422826E-02</x5><x6>6.586121E+01</x6></dataPoint>
        <dataPoint><x4>2.884011E-01</x4><x5>6.438176E-02</x5><x6>6.564296E+01</x6></dataPoint>
        <dataPoint><x4>2.924011E-01</x4><x5>6.448836E-02</x5><x6>6.549212E+01</x6></dataPoint>
        <dataPoint><x4>2.964011E-01</x4><x5>6.456229E-02</x5><x6>6.538785E+01</x6></dataPoint>
        <dataPoint><x4>3.004011E-01</x4><x5>6.461351E-02</x5><x6>6.531579E+01</x6></dataPoint>
        <dataPoint><x4>3.044011E-01</x4><x5>6.464896E-02</x5><x6>6.526598E+01</x6></dataPoint>
    </dataGroup>
    <dataGroup id="dg2" label="V-t history" dataPointLink="6">
        <property name="time"      id="x4"   label="t"            sourcetype="calculated"  units="s"   />
        <property name="volume"    id="x5"   label="V"            sourcetype="calculated"  units="cm3" />
        <property name="pressure"  id="x6"   label="p"            sourcetype="estimated"   units="bar"  kind="reactive" />

        <dataPoint><x4>0.000000E+00</x4><x5>1.000000E+00</x5><x6>1.262600E+00</x6></dataPoint>
        <dataPoint><x4>1.000000E-01</x4><x5>1.000000E+00</x5><x6>1.262600E+00</x6></dataPoint>
        <dataPoint><x4>2.200000E-01</x4><x5>7.621774E-01</x5><x6>1.886472E+00</x6></dataPoint>
        <dataPoint><x4>2.214726E-01</x4><x5>7.758483E-01</x5><x6>1.837613E+00</x6></dataPoint>
        <dataPoint><x4>2.229745E-01</x4><x5>7.385273E-01</x5><x6>1.976289E+00</x6></dataPoint>
        <dataPoint><x4>2.235633E-01</x4><x5>7.344523E-01</x5><x6>1.992486E+00</x6></dataPoint>
        <dataPoint><x4>2.255943E-01</x4><x5>7.048676E-01</x5><x6>2.117033E+00</x6></dataPoint>
        <dataPoint><x4>2.290908E-01</x4><x5>6.362400E-01</x5><x6>2.461857E+00</x6></dataPoint>
        <dataPoint><x4>2.294576E-01</x4><x5>6.177490E-01</x5><x6>2.571067E+00</x6></dataPoint>
        <dataPoint><x4>2.313715E-01</x4><x5>5.932795E-01</x5><x6>2.728546E+00</x6></dataPoint>
        <dataPoint><x4>2.315387E-01</x4><x5>5.723727E-01</x5><x6>2.876300E+00</x6></dataPoint>
        <dataPoint><x4>2.336572E-01</x4><x5>5.237460E-01</x5><x6>3.276845E+00</x6></dataPoint>
        <dataPoint><x4>2.345365E-01</x4><x5>4.991022E-01</x5><x6>3.516876E+00</x6></dataPoint>
        <dataPoint><x4>2.352625E-01</x4><x5>4.829941E-01</x5><x6>3.690117E+00</x6></dataPoint>
        <dataPoint><x4>2.356173E-01</x4><x5>4.741055E-01</x5><x6>3.791914E+00</x6></dataPoint>
        <dataPoint><x4>2.360000E-01</x4><x5>4.594048E-01</x5><x6>3.970913E+00</x6></dataPoint>
        <dataPoint><x4>2.363372E-01</x4><x5>4.553062E-01</x5><x6>4.023348E+00</x6></dataPoint>
        <dataPoint><x4>2.363523E-01</x4><x5>4.534360E-01</x5><x6>4.047659E+00</x6></dataPoint>
        <dataPoint><x4>2.387062E-01</x4><x5>3.863701E-01</x5><x6>5.114312E+00</x6></dataPoint>
        <dataPoint><x4>2.396454E-01</x4><x5>3.564706E-01</x5><x6>5.751520E+00</x6></dataPoint>
        <dataPoint><x4>2.399048E-01</x4><x5>3.515676E-01</x5><x6>5.868712E+00</x6></dataPoint>
        <dataPoint><x4>2.400457E-01</x4><x5>3.477317E-01</x5><x6>5.963211E+00</x6></dataPoint>
        <dataPoint><x4>2.402496E-01</x4><x5>3.403170E-01</x5><x6>6.153254E+00</x6></dataPoint>
        <dataPoint><x4>2.404270E-01</x4><x5>3.338385E-01</x5><x6>6.327748E+00</x6></dataPoint>
        <dataPoint><x4>2.406573E-01</x4><x5>3.297942E-01</x5><x6>6.440917E+00</x6></dataPoint>
        <dataPoint><x4>2.412391E-01</x4><x5>3.111109E-01</x5><x6>7.010604E+00</x6></dataPoint>
        <dataPoint><x4>2.414031E-01</x4><x5>3.070688E-01</x5><x6>7.145006E+00</x6></dataPoint>
        <dataPoint><x4>2.422392E-01</x4><x5>2.819494E-01</x5><x6>8.086528E+00</x6></dataPoint>
        <dataPoint><x4>2.424098E-01</x4><x5>2.775841E-01</x5><x6>8.271408E+00</x6></dataPoint>
        <dataPoint><x4>2.433769E-01</x4><x5>2.479671E-01</x5><x6>9.737704E+00</x6></dataPoint>
        <dataPoint><x4>2.442002E-01</x4><x5>2.226886E-01</x5><x6>1.137138E+01</x6></dataPoint>
        <dataPoint><x4>2.450020E-01</x4><x5>1.991361E-01</x5><x6>1.335487E+01</x6></dataPoint>
        <dataPoint><x4>2.452159E-01</x4><x5>1.931339E-01</x5><x6>1.395468E+01</x6></dataPoint>
        <dataPoint><x4>2.454178E-01</x4><x5>1.878741E-01</x5><x6>1.451844E+01</x6></dataPoint>
        <dataPoint><x4>2.456017E-01</x4><x5>1.835959E-01</x5><x6>1.500579E+01</x6></dataPoint>
        <dataPoint><x4>2.458138E-01</x4><x5>1.766768E-01</x5><x6>1.585445E+01</x6></dataPoint>
        <dataPoint><x4>2.460152E-01</x4><x5>1.708270E-01</x5><x6>1.663685E+01</x6></dataPoint>
        <dataPoint><x4>2.461960E-01</x4><x5>1.662815E-01</x5><x6>1.729071E+01</x6></dataPoint>
        <dataPoint><x4>2.465993E-01</x4><x5>1.551173E-01</x5><x6>1.909398E+01</x6></dataPoint>
        <dataPoint><x4>2.468036E-01</x4><x5>1.499539E-01</x5><x6>2.003782E+01</x6></dataPoint>
        <dataPoint><x4>2.469999E-01</x4><x5>1.446999E-01</x5><x6>2.108160E+01</x6></dataPoint>
        <dataPoint><x4>2.473985E-01</x4><x5>1.339282E-01</x5><x6>2.353180E+01</x6></dataPoint>
        <dataPoint><x4>2.476026E-01</x4><x5>1.284151E-01</x5><x6>2.497792E+01</x6></dataPoint>
        <dataPoint><x4>2.479981E-01</x4><x5>1.179834E-01</x5><x6>2.816181E+01</x6></dataPoint>
        <dataPoint><x4>2.481978E-01</x4><x5>1.129567E-01</x5><x6>2.994918E+01</x6></dataPoint>
        <dataPoint><x4>2.483973E-01</x4><x5>1.079423E-01</x5><x6>3.193144E+01</x6></dataPoint>
        <dataPoint><x4>2.485967E-01</x4><x5>1.030000E-01</x5><x6>3.411199E+01</x6></dataPoint>
        <dataPoint><x4>2.487965E-01</x4><x5>9.815205E-02</x5><x6>3.650692E+01</x6></dataPoint>
        <dataPoint><x4>2.489970E-01</x4><x5>9.357619E-02</x5><x6>3.904048E+01</x6></dataPoint>
        <dataPoint><x4>2.491972E-01</x4><x5>8.932871E-02</x5><x6>4.167055E+01</x6></dataPoint>
        <dataPoint><x4>2.494035E-01</x4><x5>8.493724E-02</x5><x6>4.472106E+01</x6></dataPoint>
        <dataPoint><x4>2.496038E-01</x4><x5>8.134192E-02</x5><x6>4.751191E+01</x6></dataPoint>
        <dataPoint><x4>2.498041E-01</x4><x5>7.824677E-02</x5><x6>5.015989E+01</x6></dataPoint>
        <dataPoint><x4>2.500055E-01</x4><x5>7.586018E-02</x5><x6>5.237764E+01</x6></dataPoint>
        <dataPoint><x4>2.502055E-01</x4><x5>7.388435E-02</x5><x6>5.434279E+01</x6></dataPoint>
        <dataPoint><x4>2.503983E-01</x4><x5>7.219572E-02</x5><x6>5.612373E+01</x6></dataPoint>
        <dataPoint><x4>2.505985E-01</x4><x5>7.044731E-02</x5><x6>5.807475E+01</x6></dataPoint>
        <dataPoint><x4>2.508026E-01</x4><x5>6.870469E-02</x5><x6>6.013686E+01</x6></dataPoint>
        <dataPoint><x4>2.510033E-01</x4><x5>6.704087E-02</x5><x6>6.222471E+01</x6></dataPoint>
        <dataPoint><x4>2.512057E-01</x4><x5>6.544375E-02</x5><x6>6.434763E+01</x6></dataPoint>
        <dataPoint><x4>2.514053E-01</x4><x5>6.406783E-02</x5><x6>6.627743E+01</x6></dataPoint>
        <dataPoint><x4>2.516034E-01</x4><x5>6.298103E-02</x5><x6>6.787253E+01</x6></dataPoint>
        <dataPoint><x4>2.518086E-01</x4><x5>6.236000E-02</x5><x6>6.881363E+01</x6></dataPoint>
        <dataPoint><x4>2.520035E-01</x4><x5>6.197467E-02</x5><x6>6.940881E+01</x6></dataPoint>
        <dataPoint><x4>2.522506E-01</x4><x5>6.179109E-02</x5><x6>6.969546E+01</x6></dataPoint>
        <dataPoint><x4>2.524027E-01</x4><x5>6.169212E-02</x5><x6>6.985083E+01</x6></dataPoint>
        <dataPoint><x4>2.528481E-01</x4><x5>6.165461E-02</x5><x6>6.990986E+01</x6></dataPoint>
        <dataPoint><x4>2.530319E-01</x4><x5>6.166017E-02</x5><x6>6.990110E+01</x6></dataPoint>
        <dataPoint><x4>2.532000E-01</x4><x5>6.164818E-02</x5><x6>6.992000E+01</x6></dataPoint>
        <dataPoint><x4>2.572000E-01</x4><x5>6.253190E-02</x5><x6>6.855093E+01</x6></dataPoint>
        <dataPoint><x4>2.612000E-01</x4><x5>6.316717E-02</x5><x6>6.759471E+01</x6></dataPoint>
        <dataPoint><x4>2.652000E-01</x4><x5>6.361529E-02</x5><x6>6.693378E+01</x6></dataPoint>
        <dataPoint><x4>2.692000E-01</x4><x5>6.392946E-02</x5><x6>6.647696E+01</x6></dataPoint>
        <dataPoint><x4>2.732000E-01</x4><x5>6.414876E-02</x5><x6>6.616121E+01</x6></dataPoint>
        <dataPoint><x4>2.772000E-01</x4><x5>6.430138E-02</x5><x6>6.594296E+01</x6></dataPoint>
        <dataPoint><x4>2.812000E-01</x4><x5>6.440738E-02</x5><x6>6.579212E+01</x6></dataPoint>
        <dataPoint><x4>2.852000E-01</x4><x5>6.448089E-02</x5><x6>6.568785E+01</x6></dataPoint>
        <dataPoint><x4>2.892000E-01</x4><x5>6.453181E-02</x5><x6>6.561579E+01</x6></dataPoint>
        <dataPoint><x4>2.932000E-01</x4><x5>6.456706E-02</x5><x6>6.556598E+01</x6></dataPoint>
    </dataGroup>
    <dataGroup id="dg2" label="V-t history" dataPointLink="7">
        <property name="time"      id="x4"   label="t"            sourcetype="calculated"  units="s"   />
        <property name="volume"    id="x5"   label="V"            sourcetype="calculated"  units="cm3" />
        <property name="pressure"  id="x6"   label="p"            sourcetype="estimated"   units="bar"  kind="reactive" />

        <dataPoint><x4>0.000000E+00</x4><x5>1.000000E+00</x5><x6>1.446600E+00</x6></dataPoint>
        <dataPoint><x4>1.000000E-01</x4><x5>1.000000E+00</x5><x6>1.446600E+00</x6></dataPoint>
        <dataPoint><x4>2.200000E-01</x4><x5>8.065788E-01</x5><x6>1.988031E+00</x6></dataPoint>
        <dataPoint><x4>2.246506E-01</x4><x5>8.010717E-01</x5><x6>2.008250E+00</x6></dataPoint>
        <dataPoint><x4>2.328012E-01</x4><x5>7.793317E-01</x5><x6>2.091518E+00</x6></dataPoint>
        <dataPoint><x4>2.344508E-01</x4><x5>7.727045E-01</x5><x6>2.118053E+00</x6></dataPoint>
        <dataPoint><x4>2.390438E-01</x4><x5>7.525957E-01</x5><x6>2.202106E+00</x6></dataPoint>
        <dataPoint><x4>2.417908E-01</x4><x5>7.040426E-01</x5><x6>2.429718E+00</x6></dataPoint>
        <dataPoint><x4>2.426418E-01</x4><x5>6.967797E-01</x5><x6>2.467143E+00</x6></dataPoint>
        <dataPoint><x4>2.427849E-01</x4><x5>6.825276E-01</x5><x6>2.543441E+00</x6></dataPoint>
        <dataPoint><x4>2.437746E-01</x4><x5>6.646668E-01</x5><x6>2.644771E+00</x6></dataPoint>
        <dataPoint><x4>2.439829E-01</x4><x5>6.710525E-01</x5><x6>2.607781E+00</x6></dataPoint>
        <dataPoint><x4>2.478687E-01</x4><x5>5.787619E-01</x5><x6>3.242087E+00</x6></dataPoint>
        <dataPoint><x4>2.480122E-01</x4><x5>5.821880E-01</x5><x6>3.214082E+00</x6></dataPoint>
        <dataPoint><x4>2.506386E-01</x4><x5>5.106284E-01</x5><x6>3.896642E+00</x6></dataPoint>
        <dataPoint><x4>2.508311E-01</x4><x5>5.101570E-01</x5><x6>3.901924E+00</x6></dataPoint>
        <dataPoint><x4>2.510930E-01</x4><x5>4.992292E-01</x5><x6>4.027807E+00</x6></dataPoint>
        <dataPoint><x4>2.535554E-01</x4><x5>4.304724E-01</x5><x6>5.003726E+00</x6></dataPoint>
        <dataPoint><x4>2.538879E-01</x4><x5>4.181978E-01</x5><x6>5.219850E+00</x6></dataPoint>
        <dataPoint><x4>2.542075E-01</x4><x5>4.126795E-01</x5><x6>5.322149E+00</x6></dataPoint>
        <dataPoint><x4>2.550223E-01</x4><x5>3.872232E-01</x5><x6>5.840618E+00</x6></dataPoint>
        <dataPoint><x4>2.551318E-01</x4><x5>3.882404E-01</x5><x6>5.818304E+00</x6></dataPoint>
        <dataPoint><x4>2.551800E-01</x4><x5>3.883570E-01</x5><x6>5.815754E+00</x6></dataPoint>
        <dataPoint><x4>2.573804E-01</x4><x5>3.202468E-01</x5><x6>7.701235E+00</x6></dataPoint>
        <dataPoint><x4>2.576466E-01</x4><x5>3.090627E-01</x5><x6>8.109353E+00</x6></dataPoint>
        <dataPoint><x4>2.581165E-01</x4><x5>2.969374E-01</x5><x6>8.594357E+00</x6></dataPoint>
        <dataPoint><x4>2.586892E-01</x4><x5>2.798596E-01</x5><x6>9.364966E+00</x6></dataPoint>
        <dataPoint><x4>2.588071E-01</x4><x5>2.780130E-01</x5><x6>9.455206E+00</x6></dataPoint>
        <dataPoint><x4>2.590232E-01</x4><x5>2.701114E-01</x5><x6>9.858311E+00</x6></dataPoint>
        <dataPoint><x4>2.592207E-01</x4><x5>2.653623E-01</x5><x6>1.011465E+01</x6></dataPoint>
        <dataPoint><x4>2.596255E-01</x4><x5>2.534812E-01</x5><x6>1.080729E+01</x6></dataPoint>
        <dataPoint><x4>2.600382E-01</x4><x5>2.409708E-01</x5><x6>1.162689E+01</x6></dataPoint>
        <dataPoint><x4>2.603331E-01</x4><x5>2.326759E-01</x5><x6>1.222957E+01</x6></dataPoint>
        <dataPoint><x4>2.606132E-01</x4><x5>2.223425E-01</x5><x6>1.305703E+01</x6></dataPoint>
        <dataPoint><x4>2.608218E-01</x4><x5>2.183639E-01</x5><x6>1.340096E+01</x6></dataPoint>
        <dataPoint><x4>2.615765E-01</x4><x5>1.975341E-01</x5><x6>1.547860E+01</x6></dataPoint>
        <dataPoint><x4>2.618194E-01</x4><x5>1.896691E-01</x5><x6>1.640787E+01</x6></dataPoint>
        <dataPoint><x4>2.622153E-01</x4><x5>1.790883E-01</x5><x6>1.781456E+01</x6></dataPoint>
        <dataPoint><x4>2.626003E-01</x4><x5>1.691757E-01</x5><x6>1.932652E+01</x6></dataPoint>
        <dataPoint><x4>2.631948E-01</x4><x5>1.535474E-01</x5><x6>2.219440E+01</x6></dataPoint>
        <dataPoint><x4>2.636035E-01</x4><x5>1.427848E-01</x5><x6>2.461402E+01</x6></dataPoint>
        <dataPoint><x4>2.640096E-01</x4><x5>1.319113E-01</x5><x6>2.754568E+01</x6></dataPoint>
        <dataPoint><x4>2.642019E-01</x4><x5>1.271339E-01</x5><x6>2.902510E+01</x6></dataPoint>
        <dataPoint><x4>2.644055E-01</x4><x5>1.220032E-01</x5><x6>3.076913E+01</x6></dataPoint>
        <dataPoint><x4>2.645999E-01</x4><x5>1.172476E-01</x5><x6>3.254952E+01</x6></dataPoint>
        <dataPoint><x4>2.647984E-01</x4><x5>1.124179E-01</x5><x6>3.454284E+01</x6></dataPoint>
        <dataPoint><x4>2.650067E-01</x4><x5>1.074158E-01</x5><x6>3.683434E+01</x6></dataPoint>
        <dataPoint><x4>2.651987E-01</x4><x5>1.031585E-01</x5><x6>3.899459E+01</x6></dataPoint>
        <dataPoint><x4>2.653975E-01</x4><x5>9.853189E-02</x5><x6>4.159615E+01</x6></dataPoint>
        <dataPoint><x4>2.656039E-01</x4><x5>9.396610E-02</x5><x6>4.446464E+01</x6></dataPoint>
        <dataPoint><x4>2.657969E-01</x4><x5>9.001892E-02</x5><x6>4.722536E+01</x6></dataPoint>
        <dataPoint><x4>2.660046E-01</x4><x5>8.606041E-02</x5><x6>5.029841E+01</x6></dataPoint>
        <dataPoint><x4>2.662050E-01</x4><x5>8.258811E-02</x5><x6>5.328401E+01</x6></dataPoint>
        <dataPoint><x4>2.664037E-01</x4><x5>7.951247E-02</x5><x6>5.618868E+01</x6></dataPoint>
        <dataPoint><x4>2.666057E-01</x4><x5>7.719020E-02</x5><x6>5.856474E+01</x6></dataPoint>
        <dataPoint><x4>2.668045E-01</x4><x5>7.523235E-02</x5><x6>6.070367E+01</x6></dataPoint>
        <dataPoint><x4>2.672073E-01</x4><x5>7.199404E-02</x5><x6>6.454611E+01</x6></dataPoint>
        <dataPoint><x4>2.673993E-01</x4><x5>7.061256E-02</x5><x6>6.631299E+01</x6></dataPoint>
        <dataPoint><x4>2.676014E-01</x4><x5>6.910653E-02</x5><x6>6.833484E+01</x6></dataPoint>
        <dataPoint><x4>2.678067E-01</x4><x5>6.756768E-02</x5><x6>7.051144E+01</x6></dataPoint>
        <dataPoint><x4>2.680062E-01</x4><x5>6.614462E-02</x5><x6>7.263141E+01</x6></dataPoint>
        <dataPoint><x4>2.682091E-01</x4><x5>6.494556E-02</x5><x6>7.450338E+01</x6></dataPoint>
        <dataPoint><x4>2.684022E-01</x4><x5>6.386140E-02</x5><x6>7.626783E+01</x6></dataPoint>
        <dataPoint><x4>2.686052E-01</x4><x5>6.308288E-02</x5><x6>7.757928E+01</x6></dataPoint>
        <dataPoint><x4>2.688048E-01</x4><x5>6.254452E-02</x5><x6>7.850880E+01</x6></dataPoint>
        <dataPoint><x4>2.690128E-01</x4><x5>6.221934E-02</x5><x6>7.907948E+01</x6></dataPoint>
        <dataPoint><x4>2.696000E-01</x4><x5>6.187028E-02</x5><x6>7.970000E+01</x6></dataPoint>
        <dataPoint><x4>2.698000E-01</x4><x5>6.179216E-02</x5><x6>7.984000E+01</x6></dataPoint>
        <dataPoint><x4>2.700000E-01</x4><x5>6.173651E-02</x5><x6>7.994000E+01</x6></dataPoint>
        <dataPoint><x4>2.740000E-01</x4><x5>6.250892E-02</x5><x6>7.857093E+01</x6></dataPoint>
        <dataPoint><x4>2.780000E-01</x4><x5>6.306215E-02</x5><x6>7.761471E+01</x6></dataPoint>
        <dataPoint><x4>2.820000E-01</x4><x5>6.345137E-02</x5><x6>7.695378E+01</x6></dataPoint>
        <dataPoint><x4>2.860000E-01</x4><x5>6.372374E-02</x5><x6>7.649696E+01</x6></dataPoint>
        <dataPoint><x4>2.900000E-01</x4><x5>6.391363E-02</x5><x6>7.618121E+01</x6></dataPoint>
        <dataPoint><x4>2.940000E-01</x4><x5>6.404566E-02</x5><x6>7.596296E+01</x6></dataPoint>
        <dataPoint><x4>2.980000E-01</x4><x5>6.413729E-02</x5><x6>7.581212E+01</x6></dataPoint>
        <dataPoint><x4>3.020000E-01</x4><x5>6.420081E-02</x5><x6>7.570785E+01</x6></dataPoint>
        <dataPoint><x4>3.060000E-01</x4><x5>6.424480E-02</x5><x6>7.563579E+01</x6></dataPoint>
        <dataPoint><x4>3.100000E-01</x4><x5>6.427525E-02</x5><x6>7.558598E+01</x6></dataPoint>
    </dataGroup>
</experiment>
