<experiment>
    <fileAuthor>Chemical Kinetics Laboratory, Institute of Chemistry, ELTE, Budapest, Hungary</fileAuthor>
    <fileDOI>10.24388/x40004065</fileDOI>
    <fileVersion>
        <major>2</major>
        <minor>3</minor>
    </fileVersion>
    <ReSpecThVersion>
        <major>2</major>
        <minor>3</minor>
    </ReSpecThVersion>
    <firstPublicationDate>2020-09-08</firstPublicationDate>
    <lastModificationDate>2020-11-18</lastModificationDate>
    <bibliographyLink>
        <description>C. Liu, H. Song, P. Zhang, Z. Wang, M. S. Wooldridgec, X. He, G. Suo, Combustion and Flame 188 (2018), 150–161.</description>
        <referenceDOI>10.1016/j.combustflame.2017.09.031</referenceDOI>
        <location>Main Article + Supplementary</location>
        <table>Table S1</table>
        <figure>Fig.6, blue triangle, CH4, phi = 1.5</figure>
        <details>
            <author>C. Liu, H. Song, P. Zhang, Z. Wang, M. S. Wooldridgec, X. He, G. Suo</author>
            <journal>Combust Flame</journal>
            <pages>150–-161</pages>
            <title>A rapid compression machine study of autoignition, spark-ignition and flame propagation characteristics of H2/CH4/CO/air mixtures</title>
            <volume>188</volume>
            <year>2018</year>
        </details>
    </bibliographyLink>
    <experimentType>ignition delay measurement</experimentType>
    <apparatus>
        <kind>rapid compression machine</kind>
    </apparatus>
    <commonProperties>
        <property name="initial composition"           sourcetype="calculated" >
            <component><speciesLink preferredKey="CH4"  CAS="74-82-8"    InChI="1S/CH4/h1H4"  SMILES="C"          chemName="methane"         /><amount units="mole fraction" >0.136116</amount></component>
            <component><speciesLink preferredKey="H2"   CAS="1333-74-0"  InChI="1S/H2/h1H"    SMILES="[HH]"       chemName="hydrogen"        /><amount units="mole fraction" >0</amount></component>
            <component><speciesLink preferredKey="CO"   CAS="630-08-0"   InChI="1S/CO/c1-2"   SMILES="[C-]#[O+]"  chemName="carbon monoxide" /><amount units="mole fraction" >0</amount></component>
            <component><speciesLink preferredKey="O2"   CAS="7782-44-7"  InChI="1S/O2/c1-2"   SMILES="O=O"        chemName="oxygen"          /><amount units="mole fraction" >0.181488</amount></component>
            <component><speciesLink preferredKey="Ar"   CAS="7440-37-1"  InChI="1S/Ar"        SMILES="[Ar]"       chemName="argon"           /><amount units="mole fraction" >0.682396</amount></component>
        </property>
        <property name="evaluated standard deviation"  sourcetype="estimated"   units="unitless"       reference="ignition delay"  kind="relative"  method="generic uncertainty" ><value>0.1</value></property>
    </commonProperties>
    <dataGroup id="dg1" label="measured data">
        <property name="pressure"        id="x1"   label="P"              sourcetype="calculated"  units="bar" />
        <property name="temperature"     id="x2"   label="T"              sourcetype="calculated"  units="K"   />
        <property name="ignition delay"  id="x3"   label="tau"            sourcetype="reported"    units="ms"  />

        <dataPoint><x1>0.5882</x1><x2>273.89</x2><x3>129.0</x3></dataPoint>
        <dataPoint><x1>0.6155</x1><x2>276.67</x2><x3>105.9</x3></dataPoint>
        <dataPoint><x1>0.6041</x1><x2>301.56</x2> <x3>38.9</x3></dataPoint>
        <dataPoint><x1>0.6077</x1><x2>303.13</x2> <x3>38.0</x3></dataPoint>
        <dataPoint><x1>0.5374</x1><x2>302.28</x2> <x3>25.2</x3></dataPoint>
        <dataPoint><x1>0.5463</x1><x2>302.57</x2> <x3>23.7</x3></dataPoint>
        <dataPoint><x1>0.4544</x1><x2>293.80</x2> <x3>20.4</x3></dataPoint>
    </dataGroup>
    <ignitionType target="p;" type="d/dt max"/>
    <comment>The initial temperature and pressure were deduced backward from the nominal Tc and Pc showed in original article, the averaged adjustment amount of initial temeperature and pressure are 3.20% and 9.07%, the gaps between nominal Tc / Pc and calculated Tc / Pc (GRI_III mech) are within 1.33K / 0.06bar</comment>
    <dataGroup id="dg2" label="V-t history" dataPointLink="1;2;3;4">
        <property name="time"    id="x4"   label="t"            sourcetype="calculated"  units="ms"  />
        <property name="volume"  id="x5"   label="V"            sourcetype="calculated"  units="cm3" />

        <dataPoint><x4>0.000000E+00</x4><x5>1.000000E+00</x5></dataPoint>
        <dataPoint><x4>3.573806E+00</x4><x5>9.997525E-01</x5></dataPoint>
        <dataPoint><x4>5.599001E+00</x4><x5>9.980772E-01</x5></dataPoint>
        <dataPoint><x4>8.701155E+00</x4><x5>9.819569E-01</x5></dataPoint>
        <dataPoint><x4>1.002903E+01</x4><x5>9.680446E-01</x5></dataPoint>
        <dataPoint><x4>1.097439E+01</x4><x5>9.605460E-01</x5></dataPoint>
        <dataPoint><x4>1.304665E+01</x4><x5>9.270709E-01</x5></dataPoint>
        <dataPoint><x4>1.480790E+01</x4><x5>8.952139E-01</x5></dataPoint>
        <dataPoint><x4>1.828029E+01</x4><x5>8.207206E-01</x5></dataPoint>
        <dataPoint><x4>2.357149E+01</x4><x5>6.761089E-01</x5></dataPoint>
        <dataPoint><x4>2.800042E+01</x4><x5>5.211087E-01</x5></dataPoint>
        <dataPoint><x4>2.905952E+01</x4><x5>4.800554E-01</x5></dataPoint>
        <dataPoint><x4>3.045615E+01</x4><x5>4.287455E-01</x5></dataPoint>
        <dataPoint><x4>3.395549E+01</x4><x5>2.878415E-01</x5></dataPoint>
        <dataPoint><x4>3.794307E+01</x4><x5>1.194432E-01</x5></dataPoint>
        <dataPoint><x4>3.868973E+01</x4><x5>1.036471E-01</x5></dataPoint>
        <dataPoint><x4>4.030000E+01</x4><x5>9.374471E-02</x5></dataPoint>
        <dataPoint><x4>4.067086E+01</x4><x5>9.416577E-02</x5></dataPoint>
        <dataPoint><x4>4.120985E+01</x4><x5>9.382838E-02</x5></dataPoint>
        <dataPoint><x4>4.140532E+01</x4><x5>9.401208E-02</x5></dataPoint>
        <dataPoint><x4>4.151369E+01</x4><x5>9.396479E-02</x5></dataPoint>
        <dataPoint><x4>4.210003E+01</x4><x5>9.428652E-02</x5></dataPoint>
        <dataPoint><x4>4.374344E+01</x4><x5>9.545275E-02</x5></dataPoint>
        <dataPoint><x4>4.422221E+01</x4><x5>9.564356E-02</x5></dataPoint>
        <dataPoint><x4>4.715487E+01</x4><x5>9.720718E-02</x5></dataPoint>
        <dataPoint><x4>4.748496E+01</x4><x5>9.730860E-02</x5></dataPoint>
        <dataPoint><x4>5.302609E+01</x4><x5>9.987626E-02</x5></dataPoint>
        <dataPoint><x4>5.683880E+01</x4><x5>1.012661E-01</x5></dataPoint>
        <dataPoint><x4>5.996426E+01</x4><x5>1.021320E-01</x5></dataPoint>
        <dataPoint><x4>6.437675E+01</x4><x5>1.032692E-01</x5></dataPoint>
        <dataPoint><x4>7.298603E+01</x4><x5>1.050026E-01</x5></dataPoint>
        <dataPoint><x4>8.204447E+01</x4><x5>1.064757E-01</x5></dataPoint>
        <dataPoint><x4>8.338252E+01</x4><x5>1.066608E-01</x5></dataPoint>
        <dataPoint><x4>9.512263E+01</x4><x5>1.082048E-01</x5></dataPoint>
        <dataPoint><x4>9.921582E+01</x4><x5>1.086723E-01</x5></dataPoint>
        <dataPoint><x4>1.022099E+02</x4><x5>1.090899E-01</x5></dataPoint>
        <dataPoint><x4>1.268745E+02</x4><x5>1.116213E-01</x5></dataPoint>
        <dataPoint><x4>1.291746E+02</x4><x5>1.117738E-01</x5></dataPoint>
        <dataPoint><x4>1.419416E+02</x4><x5>1.129219E-01</x5></dataPoint>
        <dataPoint><x4>1.745959E+02</x4><x5>1.154110E-01</x5></dataPoint>
        <dataPoint><x4>2.139975E+02</x4><x5>1.179640E-01</x5></dataPoint>
        <dataPoint><x4>2.500000E+02</x4><x5>1.200490E-01</x5></dataPoint>
    </dataGroup>
    <dataGroup id="dg2" label="V-t history" dataPointLink="5;6">
        <property name="time"    id="x4"   label="t"            sourcetype="calculated"  units="ms"  />
        <property name="volume"  id="x5"   label="V"            sourcetype="calculated"  units="cm3" />

        <dataPoint><x4>0.000000E+00</x4><x5>1.000000E+00</x5></dataPoint>
        <dataPoint><x4>4.904658E+00</x4><x5>9.993589E-01</x5></dataPoint>
        <dataPoint><x4>7.028167E+00</x4><x5>9.939040E-01</x5></dataPoint>
        <dataPoint><x4>1.104939E+01</x4><x5>9.586048E-01</x5></dataPoint>
        <dataPoint><x4>1.660920E+01</x4><x5>8.531523E-01</x5></dataPoint>
        <dataPoint><x4>2.100263E+01</x4><x5>7.461483E-01</x5></dataPoint>
        <dataPoint><x4>2.115374E+01</x4><x5>7.408125E-01</x5></dataPoint>
        <dataPoint><x4>2.200021E+01</x4><x5>7.109450E-01</x5></dataPoint>
        <dataPoint><x4>2.286809E+01</x4><x5>6.890225E-01</x5></dataPoint>
        <dataPoint><x4>2.509831E+01</x4><x5>6.177347E-01</x5></dataPoint>
        <dataPoint><x4>2.760759E+01</x4><x5>5.265598E-01</x5></dataPoint>
        <dataPoint><x4>3.059500E+01</x4><x5>4.127055E-01</x5></dataPoint>
        <dataPoint><x4>3.384879E+01</x4><x5>2.807247E-01</x5></dataPoint>
        <dataPoint><x4>3.545867E+01</x4><x5>2.123960E-01</x5></dataPoint>
        <dataPoint><x4>3.785442E+01</x4><x5>1.098877E-01</x5></dataPoint>
        <dataPoint><x4>3.873304E+01</x4><x5>9.266038E-02</x5></dataPoint>
        <dataPoint><x4>4.040000E+01</x4><x5>8.523311E-02</x5></dataPoint>
        <dataPoint><x4>4.135477E+01</x4><x5>8.553723E-02</x5></dataPoint>
        <dataPoint><x4>4.160163E+01</x4><x5>8.600293E-02</x5></dataPoint>
        <dataPoint><x4>4.202157E+01</x4><x5>8.612228E-02</x5></dataPoint>
        <dataPoint><x4>4.230647E+01</x4><x5>8.635607E-02</x5></dataPoint>
        <dataPoint><x4>4.239493E+01</x4><x5>8.653717E-02</x5></dataPoint>
        <dataPoint><x4>4.349987E+01</x4><x5>8.747841E-02</x5></dataPoint>
        <dataPoint><x4>4.620205E+01</x4><x5>8.901220E-02</x5></dataPoint>
        <dataPoint><x4>4.720000E+01</x4><x5>8.949623E-02</x5></dataPoint>
        <dataPoint><x4>5.280938E+01</x4><x5>9.179920E-02</x5></dataPoint>
        <dataPoint><x4>5.687606E+01</x4><x5>9.308083E-02</x5></dataPoint>
        <dataPoint><x4>6.434786E+01</x4><x5>9.490997E-02</x5></dataPoint>
        <dataPoint><x4>6.697900E+01</x4><x5>9.538738E-02</x5></dataPoint>
        <dataPoint><x4>7.020390E+01</x4><x5>9.610448E-02</x5></dataPoint>
        <dataPoint><x4>7.730716E+01</x4><x5>9.743207E-02</x5></dataPoint>
        <dataPoint><x4>7.987792E+01</x4><x5>9.781240E-02</x5></dataPoint>
        <dataPoint><x4>8.462619E+01</x4><x5>9.863782E-02</x5></dataPoint>
        <dataPoint><x4>8.597670E+01</x4><x5>9.877781E-02</x5></dataPoint>
        <dataPoint><x4>1.035951E+02</x4><x5>1.010959E-01</x5></dataPoint>
        <dataPoint><x4>1.080164E+02</x4><x5>1.016099E-01</x5></dataPoint>
        <dataPoint><x4>1.124501E+02</x4><x5>1.019183E-01</x5></dataPoint>
        <dataPoint><x4>1.235426E+02</x4><x5>1.032396E-01</x5></dataPoint>
        <dataPoint><x4>1.296414E+02</x4><x5>1.037069E-01</x5></dataPoint>
        <dataPoint><x4>1.468627E+02</x4><x5>1.052958E-01</x5></dataPoint>
        <dataPoint><x4>1.733656E+02</x4><x5>1.073859E-01</x5></dataPoint>
        <dataPoint><x4>2.087586E+02</x4><x5>1.097629E-01</x5></dataPoint>
        <dataPoint><x4>2.500000E+02</x4><x5>1.121951E-01</x5></dataPoint>
    </dataGroup>
    <dataGroup id="dg2" label="V-t history" dataPointLink="7">
        <property name="time"    id="x4"   label="t"            sourcetype="calculated"  units="ms"  />
        <property name="volume"  id="x5"   label="V"            sourcetype="calculated"  units="cm3" />

        <dataPoint><x4>0.000000E+00</x4><x5>1.000000E+00</x5></dataPoint>
        <dataPoint><x4>8.584064E+00</x4><x5>9.885238E-01</x5></dataPoint>
        <dataPoint><x4>1.001525E+01</x4><x5>9.640111E-01</x5></dataPoint>
        <dataPoint><x4>1.093166E+01</x4><x5>9.638888E-01</x5></dataPoint>
        <dataPoint><x4>1.717186E+01</x4><x5>8.412948E-01</x5></dataPoint>
        <dataPoint><x4>2.293369E+01</x4><x5>6.914922E-01</x5></dataPoint>
        <dataPoint><x4>2.774616E+01</x4><x5>5.246111E-01</x5></dataPoint>
        <dataPoint><x4>3.304220E+01</x4><x5>3.115442E-01</x5></dataPoint>
        <dataPoint><x4>3.785667E+01</x4><x5>1.028214E-01</x5></dataPoint>
        <dataPoint><x4>3.836156E+01</x4><x5>9.069233E-02</x5></dataPoint>
        <dataPoint><x4>3.865021E+01</x4><x5>8.638906E-02</x5></dataPoint>
        <dataPoint><x4>3.880973E+01</x4><x5>8.458529E-02</x5></dataPoint>
        <dataPoint><x4>3.907800E+01</x4><x5>8.282299E-02</x5></dataPoint>
        <dataPoint><x4>3.952399E+01</x4><x5>7.878227E-02</x5></dataPoint>
        <dataPoint><x4>3.969289E+01</x4><x5>7.805616E-02</x5></dataPoint>
        <dataPoint><x4>3.986029E+01</x4><x5>7.691637E-02</x5></dataPoint>
        <dataPoint><x4>4.120000E+01</x4><x5>7.618566E-02</x5></dataPoint>
        <dataPoint><x4>4.705105E+01</x4><x5>7.992330E-02</x5></dataPoint>
        <dataPoint><x4>4.798883E+01</x4><x5>8.032440E-02</x5></dataPoint>
        <dataPoint><x4>4.806474E+01</x4><x5>8.032286E-02</x5></dataPoint>
        <dataPoint><x4>4.925702E+01</x4><x5>8.093731E-02</x5></dataPoint>
        <dataPoint><x4>5.309689E+01</x4><x5>8.255417E-02</x5></dataPoint>
        <dataPoint><x4>5.418318E+01</x4><x5>8.296289E-02</x5></dataPoint>
        <dataPoint><x4>5.541051E+01</x4><x5>8.335901E-02</x5></dataPoint>
        <dataPoint><x4>6.007808E+01</x4><x5>8.463086E-02</x5></dataPoint>
        <dataPoint><x4>6.083042E+01</x4><x5>8.478830E-02</x5></dataPoint>
        <dataPoint><x4>6.414260E+01</x4><x5>8.562036E-02</x5></dataPoint>
        <dataPoint><x4>6.496930E+01</x4><x5>8.582775E-02</x5></dataPoint>
        <dataPoint><x4>6.684416E+01</x4><x5>8.617689E-02</x5></dataPoint>
        <dataPoint><x4>6.684630E+01</x4><x5>8.616451E-02</x5></dataPoint>
        <dataPoint><x4>7.315815E+01</x4><x5>8.748817E-02</x5></dataPoint>
        <dataPoint><x4>8.223528E+01</x4><x5>8.909038E-02</x5></dataPoint>
        <dataPoint><x4>9.387385E+01</x4><x5>9.078256E-02</x5></dataPoint>
        <dataPoint><x4>1.010490E+02</x4><x5>9.173098E-02</x5></dataPoint>
        <dataPoint><x4>1.035402E+02</x4><x5>9.216804E-02</x5></dataPoint>
        <dataPoint><x4>1.132755E+02</x4><x5>9.310751E-02</x5></dataPoint>
        <dataPoint><x4>1.250783E+02</x4><x5>9.456932E-02</x5></dataPoint>
        <dataPoint><x4>1.284483E+02</x4><x5>9.475990E-02</x5></dataPoint>
        <dataPoint><x4>1.459122E+02</x4><x5>9.657067E-02</x5></dataPoint>
        <dataPoint><x4>1.789647E+02</x4><x5>9.934246E-02</x5></dataPoint>
        <dataPoint><x4>2.021217E+02</x4><x5>1.009668E-01</x5></dataPoint>
        <dataPoint><x4>2.103301E+02</x4><x5>1.015700E-01</x5></dataPoint>
        <dataPoint><x4>2.500000E+02</x4><x5>1.040603E-01</x5></dataPoint>
    </dataGroup>
</experiment>
