<experiment>
    <fileAuthor>Chemical Kinetics Laboratory, Institute of Chemistry, ELTE, Budapest, Hungary</fileAuthor>
    <fileDOI>10.24388/x40004018</fileDOI>
    <fileVersion>
        <major>2</major>
        <minor>3</minor>
    </fileVersion>
    <ReSpecThVersion>
        <major>2</major>
        <minor>3</minor>
    </ReSpecThVersion>
    <firstPublicationDate>2020-09-08</firstPublicationDate>
    <lastModificationDate>2020-11-18</lastModificationDate>
    <bibliographyLink>
        <description>A. Ramalingam, K. Zhang, A. Dhongde, L. Virnich, H. Sankhla, H. Curran, A. Heufer, Fuel 206 (2017) 325–333.</description>
        <referenceDOI>10.1016/j.fuel.2017.06.005</referenceDOI>
        <location>Main Article + Supplementary</location>
        <table>Table 1, Table S3, Table S8</table>
        <figure>Fig. 7, No. 3, Pc = 150 bar, phi = 0.526</figure>
        <details>
            <author>A. Ramalingam, K. Zhang, A. Dhongde, L. Virnich, H. Sankhla, H. Curran, A. Heufer</author>
            <journal>Fuel</journal>
            <pages>325–-333</pages>
            <title>An RCM experimental and modeling study on CH4 and CH4/C2H6 oxidation at pressures up to 160 bar</title>
            <volume>206</volume>
            <year>2017</year>
        </details>
    </bibliographyLink>
    <experimentType>ignition delay measurement</experimentType>
    <apparatus>
        <kind>rapid compression machine</kind>
    </apparatus>
    <commonProperties>
        <property name="initial composition"           sourcetype="calculated" >
            <component><speciesLink preferredKey="CH4"  CAS="74-82-8"    InChI="1S/CH4/h1H4"  SMILES="C"     chemName="methane"  /><amount units="mole fraction" >0.047381</amount></component>
            <component><speciesLink preferredKey="O2"   CAS="7782-44-7"  InChI="1S/O2/c1-2"   SMILES="O=O"   chemName="oxygen"   /><amount units="mole fraction" >0.179928</amount></component>
            <component><speciesLink preferredKey="N2"   CAS="7727-37-9"  InChI="1S/N2/c1-2"   SMILES="N#N"   chemName="nitrogen" /><amount units="mole fraction" >0.590764</amount></component>
            <component><speciesLink preferredKey="Ar"   CAS="7440-37-1"  InChI="1S/Ar"        SMILES="[Ar]"  chemName="argon"    /><amount units="mole fraction" >0.181927</amount></component>
        </property>
        <property name="evaluated standard deviation"  sourcetype="estimated"   units="unitless"       reference="ignition delay"  kind="relative"  method="generic uncertainty" ><value>0.1</value></property>
    </commonProperties>
    <dataGroup id="dg1" label="measured data">
        <property name="pressure"        id="x1"   label="P"              sourcetype="reported"  units="atm" />
        <property name="temperature"     id="x2"   label="T"              sourcetype="reported"  units="K"   />
        <property name="ignition delay"  id="x3"   label="tau"            sourcetype="reported"  units="ms"  />

        <dataPoint><x1>2.776</x1><x2>298.20</x2><x3>26.70</x3></dataPoint>
        <dataPoint><x1>2.776</x1><x2>298.20</x2><x3>27.11</x3></dataPoint>
    </dataGroup>
    <ignitionType target="p;" type="d/dt max"/>
    <dataGroup id="dg2" label="V-t history" dataPointLink="all">
        <property name="time"    id="x4"   label="t"            sourcetype="calculated"  units="s"   />
        <property name="volume"  id="x5"   label="V"            sourcetype="calculated"  units="cm3" />

        <dataPoint><x4>0.000000E+00</x4><x5>1.000000E+00</x5></dataPoint>
        <dataPoint><x4>3.867420E-03</x4><x5>8.622109E-01</x5></dataPoint>
        <dataPoint><x4>5.112780E-03</x4><x5>7.575188E-01</x5></dataPoint>
        <dataPoint><x4>6.452530E-03</x4><x5>6.404048E-01</x5></dataPoint>
        <dataPoint><x4>8.063090E-03</x4><x5>5.065362E-01</x5></dataPoint>
        <dataPoint><x4>8.679080E-03</x4><x5>4.530561E-01</x5></dataPoint>
        <dataPoint><x4>9.663620E-03</x4><x5>3.651541E-01</x5></dataPoint>
        <dataPoint><x4>1.078819E-02</x4><x5>2.671068E-01</x5></dataPoint>
        <dataPoint><x4>1.220859E-02</x4><x5>1.511625E-01</x5></dataPoint>
        <dataPoint><x4>1.298801E-02</x4><x5>9.612399E-02</x5></dataPoint>
        <dataPoint><x4>1.393336E-02</x4><x5>6.537960E-02</x5></dataPoint>
        <dataPoint><x4>1.468350E-02</x4><x5>5.949738E-02</x5></dataPoint>
        <dataPoint><x4>1.538906E-02</x4><x5>5.800193E-02</x5></dataPoint>
        <dataPoint><x4>1.966618E-02</x4><x5>6.063874E-02</x5></dataPoint>
        <dataPoint><x4>2.269269E-02</x4><x5>6.209225E-02</x5></dataPoint>
        <dataPoint><x4>2.812888E-02</x4><x5>6.398873E-02</x5></dataPoint>
        <dataPoint><x4>3.368398E-02</x4><x5>6.564549E-02</x5></dataPoint>
        <dataPoint><x4>4.251564E-02</x4><x5>6.767628E-02</x5></dataPoint>
        <dataPoint><x4>5.375321E-02</x4><x5>6.968899E-02</x5></dataPoint>
        <dataPoint><x4>6.463691E-02</x4><x5>7.125903E-02</x5></dataPoint>
        <dataPoint><x4>7.761741E-02</x4><x5>7.286534E-02</x5></dataPoint>
        <dataPoint><x4>9.602181E-02</x4><x5>7.475801E-02</x5></dataPoint>
        <dataPoint><x4>1.172830E-01</x4><x5>7.658156E-02</x5></dataPoint>
        <dataPoint><x4>1.405813E-01</x4><x5>7.830652E-02</x5></dataPoint>
        <dataPoint><x4>1.725220E-01</x4><x5>8.043865E-02</x5></dataPoint>
        <dataPoint><x4>2.151402E-01</x4><x5>8.308690E-02</x5></dataPoint>
        <dataPoint><x4>2.166727E-01</x4><x5>8.310683E-02</x5></dataPoint>
    </dataGroup>
</experiment>
