<experiment>
    <fileAuthor>Chemical Kinetics Laboratory, Institute of Chemistry, ELTE, Budapest, Hungary</fileAuthor>
    <fileDOI>10.24388/x40004017</fileDOI>
    <fileVersion>
        <major>2</major>
        <minor>3</minor>
    </fileVersion>
    <ReSpecThVersion>
        <major>2</major>
        <minor>3</minor>
    </ReSpecThVersion>
    <firstPublicationDate>2020-09-08</firstPublicationDate>
    <lastModificationDate>2020-11-18</lastModificationDate>
    <bibliographyLink>
        <description>A. Ramalingam, K. Zhang, A. Dhongde, L. Virnich, H. Sankhla, H. Curran, A. Heufer, Fuel 206 (2017) 325–333.</description>
        <referenceDOI>10.1016/j.fuel.2017.06.005</referenceDOI>
        <location>Main Article + Supplementary</location>
        <table>Table 1, Table S2, Table S8</table>
        <figure>Fig. 7, No. 2, Pc = 125 bar, phi = 0.526</figure>
        <details>
            <author>A. Ramalingam, K. Zhang, A. Dhongde, L. Virnich, H. Sankhla, H. Curran, A. Heufer</author>
            <journal>Fuel</journal>
            <pages>325–-333</pages>
            <title>An RCM experimental and modeling study on CH4 and CH4/C2H6 oxidation at pressures up to 160 bar</title>
            <volume>206</volume>
            <year>2017</year>
        </details>
    </bibliographyLink>
    <experimentType>ignition delay measurement</experimentType>
    <apparatus>
        <kind>rapid compression machine</kind>
    </apparatus>
    <commonProperties>
        <property name="initial composition"           sourcetype="calculated" >
            <component><speciesLink preferredKey="CH4"  CAS="74-82-8"    InChI="1S/CH4/h1H4"  SMILES="C"     chemName="methane"  /><amount units="mole fraction" >0.047381</amount></component>
            <component><speciesLink preferredKey="O2"   CAS="7782-44-7"  InChI="1S/O2/c1-2"   SMILES="O=O"   chemName="oxygen"   /><amount units="mole fraction" >0.179928</amount></component>
            <component><speciesLink preferredKey="N2"   CAS="7727-37-9"  InChI="1S/N2/c1-2"   SMILES="N#N"   chemName="nitrogen" /><amount units="mole fraction" >0.262895</amount></component>
            <component><speciesLink preferredKey="Ar"   CAS="7440-37-1"  InChI="1S/Ar"        SMILES="[Ar]"  chemName="argon"    /><amount units="mole fraction" >0.509796</amount></component>
        </property>
        <property name="evaluated standard deviation"  sourcetype="estimated"   units="unitless"       reference="ignition delay"  kind="relative"  method="statistical scatter" ><value>0.114</value></property>
    </commonProperties>
    <dataGroup id="dg1" label="measured data">
        <property name="pressure"        id="x1"   label="P"              sourcetype="reported"  units="atm" />
        <property name="temperature"     id="x2"   label="T"              sourcetype="reported"  units="K"   />
        <property name="ignition delay"  id="x3"   label="tau"            sourcetype="reported"  units="ms"  />

        <dataPoint><x1>3.113</x1><x2>297.10</x2><x3>11.02</x3></dataPoint>
        <dataPoint><x1>3.113</x1><x2>297.10</x2><x3>10.25</x3></dataPoint>
        <dataPoint><x1>3.113</x1><x2>297.10</x2> <x3>8.78</x3></dataPoint>
    </dataGroup>
    <ignitionType target="p;" type="d/dt max"/>
    <dataGroup id="dg2" label="V-t history" dataPointLink="all">
        <property name="time"    id="x4"   label="t"            sourcetype="calculated"  units="s"   />
        <property name="volume"  id="x5"   label="V"            sourcetype="calculated"  units="cm3" />

        <dataPoint><x4>0.000000E+00</x4><x5>1.000000E+00</x5></dataPoint>
        <dataPoint><x4>2.633460E-03</x4><x5>8.799614E-01</x5></dataPoint>
        <dataPoint><x4>6.010460E-03</x4><x5>6.277791E-01</x5></dataPoint>
        <dataPoint><x4>7.750620E-03</x4><x5>4.843576E-01</x5></dataPoint>
        <dataPoint><x4>8.861110E-03</x4><x5>3.974337E-01</x5></dataPoint>
        <dataPoint><x4>1.003103E-02</x4><x5>3.095356E-01</x5></dataPoint>
        <dataPoint><x4>1.131515E-02</x4><x5>2.144022E-01</x5></dataPoint>
        <dataPoint><x4>1.203067E-02</x4><x5>1.642101E-01</x5></dataPoint>
        <dataPoint><x4>1.256086E-02</x4><x5>1.295556E-01</x5></dataPoint>
        <dataPoint><x4>1.313641E-02</x4><x5>1.031084E-01</x5></dataPoint>
        <dataPoint><x4>1.358133E-02</x4><x5>9.211099E-02</x5></dataPoint>
        <dataPoint><x4>1.587200E-02</x4><x5>7.972438E-02</x5></dataPoint>
        <dataPoint><x4>1.643797E-02</x4><x5>8.025182E-02</x5></dataPoint>
        <dataPoint><x4>1.879965E-02</x4><x5>8.171026E-02</x5></dataPoint>
        <dataPoint><x4>2.075144E-02</x4><x5>8.275070E-02</x5></dataPoint>
        <dataPoint><x4>2.293653E-02</x4><x5>8.371982E-02</x5></dataPoint>
        <dataPoint><x4>2.651430E-02</x4><x5>8.494029E-02</x5></dataPoint>
        <dataPoint><x4>3.082139E-02</x4><x5>8.624927E-02</x5></dataPoint>
        <dataPoint><x4>3.529871E-02</x4><x5>8.736731E-02</x5></dataPoint>
        <dataPoint><x4>4.136602E-02</x4><x5>8.865456E-02</x5></dataPoint>
        <dataPoint><x4>4.687077E-02</x4><x5>8.963538E-02</x5></dataPoint>
        <dataPoint><x4>5.459027E-02</x4><x5>9.086391E-02</x5></dataPoint>
        <dataPoint><x4>6.492487E-02</x4><x5>9.222647E-02</x5></dataPoint>
        <dataPoint><x4>7.479137E-02</x4><x5>9.335427E-02</x5></dataPoint>
        <dataPoint><x4>8.659737E-02</x4><x5>9.455336E-02</x5></dataPoint>
        <dataPoint><x4>1.001102E-01</x4><x5>9.578524E-02</x5></dataPoint>
        <dataPoint><x4>1.152381E-01</x4><x5>9.702196E-02</x5></dataPoint>
        <dataPoint><x4>1.301062E-01</x4><x5>9.813215E-02</x5></dataPoint>
        <dataPoint><x4>1.508076E-01</x4><x5>9.959163E-02</x5></dataPoint>
        <dataPoint><x4>1.740758E-01</x4><x5>1.011541E-01</x5></dataPoint>
        <dataPoint><x4>1.741100E-01</x4><x5>1.011573E-01</x5></dataPoint>
    </dataGroup>
</experiment>
