<experiment>
    <fileAuthor>Chemical Kinetics Laboratory, Institute of Chemistry, ELTE, Budapest, Hungary</fileAuthor>
    <fileDOI>10.24388/x40004016</fileDOI>
    <fileVersion>
        <major>2</major>
        <minor>3</minor>
    </fileVersion>
    <ReSpecThVersion>
        <major>2</major>
        <minor>3</minor>
    </ReSpecThVersion>
    <firstPublicationDate>2020-09-08</firstPublicationDate>
    <lastModificationDate>2020-11-18</lastModificationDate>
    <bibliographyLink>
        <description>A. Ramalingam, K. Zhang, A. Dhongde, L. Virnich, H. Sankhla, H. Curran, A. Heufer, Fuel 206 (2017) 325–333.</description>
        <referenceDOI>10.1016/j.fuel.2017.06.005</referenceDOI>
        <location>Main Article + Supplementary</location>
        <table>Table 1, Table S2, Table S8</table>
        <figure>Fig. 7, No. 2, Pc = 125 bar, phi = 0.526</figure>
        <details>
            <author>A. Ramalingam, K. Zhang, A. Dhongde, L. Virnich, H. Sankhla, H. Curran, A. Heufer</author>
            <journal>Fuel</journal>
            <pages>325–-333</pages>
            <title>An RCM experimental and modeling study on CH4 and CH4/C2H6 oxidation at pressures up to 160 bar</title>
            <volume>206</volume>
            <year>2017</year>
        </details>
    </bibliographyLink>
    <experimentType>ignition delay measurement</experimentType>
    <apparatus>
        <kind>rapid compression machine</kind>
    </apparatus>
    <commonProperties>
        <property name="initial composition"           sourcetype="calculated" >
            <component><speciesLink preferredKey="CH4"  CAS="74-82-8"    InChI="1S/CH4/h1H4"  SMILES="C"     chemName="methane"  /><amount units="mole fraction" >0.047381</amount></component>
            <component><speciesLink preferredKey="O2"   CAS="7782-44-7"  InChI="1S/O2/c1-2"   SMILES="O=O"   chemName="oxygen"   /><amount units="mole fraction" >0.179928</amount></component>
            <component><speciesLink preferredKey="N2"   CAS="7727-37-9"  InChI="1S/N2/c1-2"   SMILES="N#N"   chemName="nitrogen" /><amount units="mole fraction" >0.293882</amount></component>
            <component><speciesLink preferredKey="Ar"   CAS="7440-37-1"  InChI="1S/Ar"        SMILES="[Ar]"  chemName="argon"    /><amount units="mole fraction" >0.478808</amount></component>
        </property>
        <property name="evaluated standard deviation"  sourcetype="estimated"   units="unitless"       reference="ignition delay"  kind="relative"  method="statistical scatter" ><value>0.114</value></property>
    </commonProperties>
    <dataGroup id="dg1" label="measured data">
        <property name="pressure"        id="x1"   label="P"              sourcetype="reported"  units="atm" />
        <property name="temperature"     id="x2"   label="T"              sourcetype="reported"  units="K"   />
        <property name="ignition delay"  id="x3"   label="tau"            sourcetype="reported"  units="ms"  />

        <dataPoint><x1>3.236</x1><x2>297.00</x2><x3>15.04</x3></dataPoint>
        <dataPoint><x1>3.236</x1><x2>297.00</x2><x3>14.79</x3></dataPoint>
    </dataGroup>
    <ignitionType target="p;" type="d/dt max"/>
    <dataGroup id="dg2" label="V-t history" dataPointLink="all">
        <property name="time"    id="x4"   label="t"            sourcetype="calculated"  units="s"   />
        <property name="volume"  id="x5"   label="V"            sourcetype="calculated"  units="cm3" />

        <dataPoint><x4>0.000000E+00</x4><x5>1.000000E+00</x5></dataPoint>
        <dataPoint><x4>2.414910E-03</x4><x5>9.413271E-01</x5></dataPoint>
        <dataPoint><x4>3.795610E-03</x4><x5>8.599284E-01</x5></dataPoint>
        <dataPoint><x4>5.370080E-03</x4><x5>7.445766E-01</x5></dataPoint>
        <dataPoint><x4>6.851880E-03</x4><x5>6.360280E-01</x5></dataPoint>
        <dataPoint><x4>9.047310E-03</x4><x5>4.598713E-01</x5></dataPoint>
        <dataPoint><x4>1.048541E-02</x4><x5>3.467364E-01</x5></dataPoint>
        <dataPoint><x4>1.159034E-02</x4><x5>2.621581E-01</x5></dataPoint>
        <dataPoint><x4>1.270052E-02</x4><x5>1.813824E-01</x5></dataPoint>
        <dataPoint><x4>1.326046E-02</x4><x5>1.431433E-01</x5></dataPoint>
        <dataPoint><x4>1.392367E-02</x4><x5>1.081226E-01</x5></dataPoint>
        <dataPoint><x4>1.421063E-02</x4><x5>1.000666E-01</x5></dataPoint>
        <dataPoint><x4>1.670088E-02</x4><x5>8.120442E-02</x5></dataPoint>
        <dataPoint><x4>1.735929E-02</x4><x5>8.174639E-02</x5></dataPoint>
        <dataPoint><x4>1.964262E-02</x4><x5>8.316071E-02</x5></dataPoint>
        <dataPoint><x4>2.166992E-02</x4><x5>8.423889E-02</x5></dataPoint>
        <dataPoint><x4>2.383679E-02</x4><x5>8.520876E-02</x5></dataPoint>
        <dataPoint><x4>2.712889E-02</x4><x5>8.633765E-02</x5></dataPoint>
        <dataPoint><x4>3.088127E-02</x4><x5>8.752569E-02</x5></dataPoint>
        <dataPoint><x4>3.558882E-02</x4><x5>8.877728E-02</x5></dataPoint>
        <dataPoint><x4>4.220878E-02</x4><x5>9.023600E-02</x5></dataPoint>
        <dataPoint><x4>4.822317E-02</x4><x5>9.133799E-02</x5></dataPoint>
        <dataPoint><x4>5.624936E-02</x4><x5>9.264279E-02</x5></dataPoint>
        <dataPoint><x4>6.588456E-02</x4><x5>9.395581E-02</x5></dataPoint>
        <dataPoint><x4>7.607426E-02</x4><x5>9.517114E-02</x5></dataPoint>
        <dataPoint><x4>8.859266E-02</x4><x5>9.649214E-02</x5></dataPoint>
        <dataPoint><x4>1.023437E-01</x4><x5>9.779783E-02</x5></dataPoint>
        <dataPoint><x4>1.202817E-01</x4><x5>9.929311E-02</x5></dataPoint>
        <dataPoint><x4>1.411858E-01</x4><x5>1.008996E-01</x5></dataPoint>
        <dataPoint><x4>1.700276E-01</x4><x5>1.029643E-01</x5></dataPoint>
        <dataPoint><x4>1.948542E-01</x4><x5>1.046647E-01</x5></dataPoint>
        <dataPoint><x4>1.951200E-01</x4><x5>1.046591E-01</x5></dataPoint>
    </dataGroup>
</experiment>
