<experiment>
    <fileAuthor>Chemical Kinetics Laboratory, Institute of Chemistry, ELTE, Budapest, Hungary</fileAuthor>
    <fileDOI>10.24388/x40004049</fileDOI>
    <fileVersion>
        <major>2</major>
        <minor>3</minor>
    </fileVersion>
    <ReSpecThVersion>
        <major>2</major>
        <minor>3</minor>
    </ReSpecThVersion>
    <firstPublicationDate>2020-09-08</firstPublicationDate>
    <lastModificationDate>2020-11-18</lastModificationDate>
    <bibliographyLink>
        <description>H. Hashemi, J. M. Christensen, S. Gersen, H. Levinsky, S. J. Klippenstein, P. Glarborg, Combustion and Flame 172 (2016), 349–364.</description>
        <referenceDOI>10.1016/j.combustflame.2016.07.016</referenceDOI>
        <location>Main Article + Supplementary + Personal Communication</location>
        <table>Table 1, Table S5</table>
        <figure>Fig. 12, green triangle, mixture B, phi = 1.0, Pc = 15 bar series</figure>
        <details>
            <author>H. Hashemi, J. M. Christensen, S. Gersen, H. Levinsky, S. J. Klippenstein, P. Glarborg</author>
            <journal>Combust Flame</journal>
            <pages>349–-364</pages>
            <title>High-pressure oxidation of methane</title>
            <volume>172</volume>
            <year>2016</year>
        </details>
    </bibliographyLink>
    <experimentType>ignition delay measurement</experimentType>
    <apparatus>
        <kind>rapid compression machine</kind>
    </apparatus>
    <commonProperties>
        <property name="initial composition"           sourcetype="reported"  >
            <component><speciesLink preferredKey="CH4"  CAS="74-82-8"    InChI="1S/CH4/h1H4"  SMILES="C"     chemName="methane"  /><amount units="mole fraction" >0.0909</amount></component>
            <component><speciesLink preferredKey="O2"   CAS="7782-44-7"  InChI="1S/O2/c1-2"   SMILES="O=O"   chemName="oxygen"   /><amount units="mole fraction" >0.1818</amount></component>
            <component><speciesLink preferredKey="N2"   CAS="7727-37-9"  InChI="1S/N2/c1-2"   SMILES="N#N"   chemName="nitrogen" /><amount units="mole fraction" >0</amount></component>
            <component><speciesLink preferredKey="Ar"   CAS="7440-37-1"  InChI="1S/Ar"        SMILES="[Ar]"  chemName="argon"    /><amount units="mole fraction" >0.7273</amount></component>
        </property>
        <property name="evaluated standard deviation"  sourcetype="estimated"  units="unitless"       reference="ignition delay"  kind="relative"  method="statistical scatter" ><value>0.107</value></property>
    </commonProperties>
    <dataGroup id="dg1" label="measured data">
        <property name="pressure"        id="x1"   label="P"              sourcetype="reported"  units="bar" />
        <property name="temperature"     id="x2"   label="T"              sourcetype="reported"  units="K"   />
        <property name="ignition delay"  id="x3"   label="tau"            sourcetype="reported"  units="ms"  />

        <dataPoint><x1>0.2015</x1><x2>292.65</x2>  <x3>6.4</x3></dataPoint>
        <dataPoint><x1>0.2226</x1><x2>292.85</x2> <x3>13.2</x3></dataPoint>
        <dataPoint><x1>0.2358</x1><x2>292.85</x2> <x3>19.4</x3></dataPoint>
        <dataPoint><x1>0.2133</x1><x2>292.95</x2>  <x3>9.8</x3></dataPoint>
        <dataPoint><x1>0.2066</x1><x2>293.05</x2>  <x3>8.0</x3></dataPoint>
        <dataPoint><x1>0.2066</x1><x2>293.15</x2>  <x3>8.2</x3></dataPoint>
        <dataPoint><x1>0.2296</x1><x2>293.25</x2> <x3>16.8</x3></dataPoint>
        <dataPoint><x1>0.2526</x1><x2>292.65</x2> <x3>23.0</x3></dataPoint>
        <dataPoint><x1>0.2667</x1><x2>295.15</x2> <x3>24.2</x3></dataPoint>
        <dataPoint><x1>0.2736</x1><x2>295.35</x2> <x3>25.2</x3></dataPoint>
        <dataPoint><x1>0.2920</x1><x2>295.35</x2> <x3>36.2</x3></dataPoint>
        <dataPoint><x1>0.3327</x1><x2>295.45</x2> <x3>73.6</x3></dataPoint>
        <dataPoint><x1>0.3332</x1><x2>295.55</x2><x3>101.0</x3></dataPoint>
    </dataGroup>
    <ignitionType target="p;" type="d/dt max"/>
    <dataGroup id="dg2" label="V-t history" dataPointLink="1">
        <property name="time"      id="x4"   label="t"            sourcetype="calculated"  units="s"   />
        <property name="volume"    id="x5"   label="V"            sourcetype="calculated"  units="cm3" />
        <property name="pressure"  id="x6"   label="p"            sourcetype="estimated"   units="bar"  kind="reactive" />

        <dataPoint><x4>0.000000E+00</x4><x5>1.000000E+00</x5><x6>2.015000E-01</x6></dataPoint>
        <dataPoint><x4>2.800000E-02</x4><x5>9.912446E-01</x5><x6>2.042498E-01</x6></dataPoint>
        <dataPoint><x4>5.600000E-02</x4><x5>9.826800E-01</x5><x6>2.069996E-01</x6></dataPoint>
        <dataPoint><x4>8.400000E-02</x4><x5>9.742994E-01</x5><x6>2.097494E-01</x6></dataPoint>
        <dataPoint><x4>1.120000E-01</x4><x5>9.660967E-01</x5><x6>2.124992E-01</x6></dataPoint>
        <dataPoint><x4>1.400000E-01</x4><x5>9.580659E-01</x5><x6>2.152490E-01</x6></dataPoint>
        <dataPoint><x4>1.680000E-01</x4><x5>9.502011E-01</x5><x6>2.179989E-01</x6></dataPoint>
        <dataPoint><x4>1.960000E-01</x4><x5>9.424969E-01</x5><x6>2.207487E-01</x6></dataPoint>
        <dataPoint><x4>2.240000E-01</x4><x5>9.349482E-01</x5><x6>2.234985E-01</x6></dataPoint>
        <dataPoint><x4>2.520000E-01</x4><x5>9.275499E-01</x5><x6>2.262483E-01</x6></dataPoint>
        <dataPoint><x4>2.800000E-01</x4><x5>9.202973E-01</x5><x6>2.289981E-01</x6></dataPoint>
        <dataPoint><x4>2.987588E-01</x4><x5>8.607478E-01</x5><x6>2.538086E-01</x6></dataPoint>
        <dataPoint><x4>3.115238E-01</x4><x5>8.485939E-01</x5><x6>2.594150E-01</x6></dataPoint>
        <dataPoint><x4>3.206346E-01</x4><x5>7.538594E-01</x5><x6>3.110703E-01</x6></dataPoint>
        <dataPoint><x4>3.261941E-01</x4><x5>6.536680E-01</x5><x6>3.868680E-01</x6></dataPoint>
        <dataPoint><x4>3.298532E-01</x4><x5>6.301022E-01</x5><x6>4.091570E-01</x6></dataPoint>
        <dataPoint><x4>3.304413E-01</x4><x5>5.917774E-01</x5><x6>4.502042E-01</x6></dataPoint>
        <dataPoint><x4>3.305436E-01</x4><x5>5.678780E-01</x5><x6>4.793421E-01</x6></dataPoint>
        <dataPoint><x4>3.314027E-01</x4><x5>6.291239E-01</x5><x6>4.101276E-01</x6></dataPoint>
        <dataPoint><x4>3.316139E-01</x4><x5>5.572849E-01</x5><x6>4.932596E-01</x6></dataPoint>
        <dataPoint><x4>3.352470E-01</x4><x5>5.005575E-01</x5><x6>5.805101E-01</x6></dataPoint>
        <dataPoint><x4>3.356031E-01</x4><x5>5.923569E-01</x5><x6>4.495339E-01</x6></dataPoint>
        <dataPoint><x4>3.357548E-01</x4><x5>5.156009E-01</x5><x6>5.550378E-01</x6></dataPoint>
        <dataPoint><x4>3.389737E-01</x4><x5>4.284563E-01</x5><x6>7.342988E-01</x6></dataPoint>
        <dataPoint><x4>3.391373E-01</x4><x5>4.302807E-01</x5><x6>7.296110E-01</x6></dataPoint>
        <dataPoint><x4>3.402554E-01</x4><x5>4.151533E-01</x5><x6>7.700301E-01</x6></dataPoint>
        <dataPoint><x4>3.402615E-01</x4><x5>4.155047E-01</x5><x6>7.690497E-01</x6></dataPoint>
        <dataPoint><x4>3.404441E-01</x4><x5>4.224854E-01</x5><x6>7.499924E-01</x6></dataPoint>
        <dataPoint><x4>3.412386E-01</x4><x5>3.955840E-01</x5><x6>8.280461E-01</x6></dataPoint>
        <dataPoint><x4>3.414908E-01</x4><x5>3.978508E-01</x5><x6>8.209638E-01</x6></dataPoint>
        <dataPoint><x4>3.448187E-01</x4><x5>3.389049E-01</x5><x6>1.044090E+00</x6></dataPoint>
        <dataPoint><x4>3.450029E-01</x4><x5>3.217334E-01</x5><x6>1.128410E+00</x6></dataPoint>
        <dataPoint><x4>3.457131E-01</x4><x5>3.012034E-01</x5><x6>1.244937E+00</x6></dataPoint>
        <dataPoint><x4>3.460026E-01</x4><x5>3.245506E-01</x5><x6>1.113823E+00</x6></dataPoint>
        <dataPoint><x4>3.461618E-01</x4><x5>3.037130E-01</x5><x6>1.229652E+00</x6></dataPoint>
        <dataPoint><x4>3.481429E-01</x4><x5>2.710928E-01</x5><x6>1.455811E+00</x6></dataPoint>
        <dataPoint><x4>3.486835E-01</x4><x5>2.497132E-01</x5><x6>1.644071E+00</x6></dataPoint>
        <dataPoint><x4>3.500169E-01</x4><x5>2.361193E-01</x5><x6>1.785719E+00</x6></dataPoint>
        <dataPoint><x4>3.512085E-01</x4><x5>2.119416E-01</x5><x6>2.093444E+00</x6></dataPoint>
        <dataPoint><x4>3.513852E-01</x4><x5>2.056315E-01</x5><x6>2.188406E+00</x6></dataPoint>
        <dataPoint><x4>3.517789E-01</x4><x5>2.021763E-01</x5><x6>2.243468E+00</x6></dataPoint>
        <dataPoint><x4>3.520009E-01</x4><x5>1.908863E-01</x5><x6>2.440402E+00</x6></dataPoint>
        <dataPoint><x4>3.522010E-01</x4><x5>1.925628E-01</x5><x6>2.409385E+00</x6></dataPoint>
        <dataPoint><x4>3.523968E-01</x4><x5>1.859444E-01</x5><x6>2.535797E+00</x6></dataPoint>
        <dataPoint><x4>3.527867E-01</x4><x5>1.805592E-01</x5><x6>2.646991E+00</x6></dataPoint>
        <dataPoint><x4>3.529711E-01</x4><x5>1.757538E-01</x5><x6>2.753215E+00</x6></dataPoint>
        <dataPoint><x4>3.532014E-01</x4><x5>1.682633E-01</x5><x6>2.933544E+00</x6></dataPoint>
        <dataPoint><x4>3.534003E-01</x4><x5>1.687061E-01</x5><x6>2.922344E+00</x6></dataPoint>
        <dataPoint><x4>3.536608E-01</x4><x5>1.601665E-01</x5><x6>3.151617E+00</x6></dataPoint>
        <dataPoint><x4>3.538009E-01</x4><x5>1.561349E-01</x5><x6>3.270451E+00</x6></dataPoint>
        <dataPoint><x4>3.539977E-01</x4><x5>1.574237E-01</x5><x6>3.231664E+00</x6></dataPoint>
        <dataPoint><x4>3.546067E-01</x4><x5>1.432368E-01</x5><x6>3.705573E+00</x6></dataPoint>
        <dataPoint><x4>3.547936E-01</x4><x5>1.419120E-01</x5><x6>3.755701E+00</x6></dataPoint>
        <dataPoint><x4>3.552341E-01</x4><x5>1.325893E-01</x5><x6>4.142876E+00</x6></dataPoint>
        <dataPoint><x4>3.554241E-01</x4><x5>1.292050E-01</x5><x6>4.300188E+00</x6></dataPoint>
        <dataPoint><x4>3.558283E-01</x4><x5>1.218596E-01</x5><x6>4.678089E+00</x6></dataPoint>
        <dataPoint><x4>3.562306E-01</x4><x5>1.134274E-01</x5><x6>5.185350E+00</x6></dataPoint>
        <dataPoint><x4>3.563805E-01</x4><x5>1.111409E-01</x5><x6>5.338932E+00</x6></dataPoint>
        <dataPoint><x4>3.568014E-01</x4><x5>1.020868E-01</x5><x6>6.029086E+00</x6></dataPoint>
        <dataPoint><x4>3.570564E-01</x4><x5>9.764095E-02</x5><x6>6.424735E+00</x6></dataPoint>
        <dataPoint><x4>3.573941E-01</x4><x5>9.075229E-02</x5><x6>7.130571E+00</x6></dataPoint>
        <dataPoint><x4>3.576015E-01</x4><x5>8.674405E-02</x5><x6>7.603633E+00</x6></dataPoint>
        <dataPoint><x4>3.579969E-01</x4><x5>7.940220E-02</x5><x6>8.620370E+00</x6></dataPoint>
        <dataPoint><x4>3.584051E-01</x4><x5>7.177177E-02</x5><x6>9.945523E+00</x6></dataPoint>
        <dataPoint><x4>3.588024E-01</x4><x5>6.562370E-02</x5><x6>1.128578E+01</x6></dataPoint>
        <dataPoint><x4>3.589966E-01</x4><x5>6.409080E-02</x5><x6>1.166812E+01</x6></dataPoint>
        <dataPoint><x4>3.594059E-01</x4><x5>6.076378E-02</x5><x6>1.257775E+01</x6></dataPoint>
        <dataPoint><x4>3.596174E-01</x4><x5>5.934610E-02</x5><x6>1.300251E+01</x6></dataPoint>
        <dataPoint><x4>3.599868E-01</x4><x5>5.720194E-02</x5><x6>1.369290E+01</x6></dataPoint>
        <dataPoint><x4>3.603938E-01</x4><x5>5.430292E-02</x5><x6>1.473052E+01</x6></dataPoint>
        <dataPoint><x4>3.606048E-01</x4><x5>5.335904E-02</x5><x6>1.509748E+01</x6></dataPoint>
        <dataPoint><x4>3.609144E-01</x4><x5>5.305253E-02</x5><x6>1.522000E+01</x6></dataPoint>
        <dataPoint><x4>3.639144E-01</x4><x5>5.519268E-02</x5><x6>1.439824E+01</x6></dataPoint>
        <dataPoint><x4>3.669144E-01</x4><x5>5.687468E-02</x5><x6>1.380374E+01</x6></dataPoint>
        <dataPoint><x4>3.699144E-01</x4><x5>5.821984E-02</x5><x6>1.335760E+01</x6></dataPoint>
        <dataPoint><x4>3.729144E-01</x4><x5>5.928037E-02</x5><x6>1.302280E+01</x6></dataPoint>
        <dataPoint><x4>3.759144E-01</x4><x5>6.010708E-02</x5><x6>1.277154E+01</x6></dataPoint>
        <dataPoint><x4>3.789144E-01</x4><x5>6.074581E-02</x5><x6>1.258299E+01</x6></dataPoint>
        <dataPoint><x4>3.819144E-01</x4><x5>6.123588E-02</x5><x6>1.244148E+01</x6></dataPoint>
        <dataPoint><x4>3.849144E-01</x4><x5>6.160990E-02</x5><x6>1.233530E+01</x6></dataPoint>
        <dataPoint><x4>3.879144E-01</x4><x5>6.189418E-02</x5><x6>1.225561E+01</x6></dataPoint>
        <dataPoint><x4>3.909144E-01</x4><x5>6.210959E-02</x5><x6>1.219580E+01</x6></dataPoint>
    </dataGroup>
    <dataGroup id="dg2" label="V-t history" dataPointLink="2">
        <property name="time"      id="x4"   label="t"            sourcetype="calculated"  units="s"   />
        <property name="volume"    id="x5"   label="V"            sourcetype="calculated"  units="cm3" />
        <property name="pressure"  id="x6"   label="p"            sourcetype="estimated"   units="bar"  kind="reactive" />

        <dataPoint><x4>0.000000E+00</x4><x5>1.000000E+00</x5><x6>2.226000E-01</x6></dataPoint>
        <dataPoint><x4>2.800000E-02</x4><x5>9.859677E-01</x5><x6>2.275014E-01</x6></dataPoint>
        <dataPoint><x4>5.600000E-02</x4><x5>9.724214E-01</x5><x6>2.324028E-01</x6></dataPoint>
        <dataPoint><x4>8.400000E-02</x4><x5>9.593345E-01</x5><x6>2.373042E-01</x6></dataPoint>
        <dataPoint><x4>1.120000E-01</x4><x5>9.466825E-01</x5><x6>2.422057E-01</x6></dataPoint>
        <dataPoint><x4>1.400000E-01</x4><x5>9.344426E-01</x5><x6>2.471071E-01</x6></dataPoint>
        <dataPoint><x4>1.680000E-01</x4><x5>9.225935E-01</x5><x6>2.520085E-01</x6></dataPoint>
        <dataPoint><x4>1.960000E-01</x4><x5>9.111155E-01</x5><x6>2.569099E-01</x6></dataPoint>
        <dataPoint><x4>2.240000E-01</x4><x5>8.999904E-01</x5><x6>2.618113E-01</x6></dataPoint>
        <dataPoint><x4>2.520000E-01</x4><x5>8.892008E-01</x5><x6>2.667127E-01</x6></dataPoint>
        <dataPoint><x4>2.800000E-01</x4><x5>8.787310E-01</x5><x6>2.716141E-01</x6></dataPoint>
        <dataPoint><x4>3.133946E-01</x4><x5>8.107916E-01</x5><x6>3.073452E-01</x6></dataPoint>
        <dataPoint><x4>3.159506E-01</x4><x5>7.233789E-01</x5><x6>3.660553E-01</x6></dataPoint>
        <dataPoint><x4>3.194094E-01</x4><x5>6.310353E-01</x5><x6>4.509735E-01</x6></dataPoint>
        <dataPoint><x4>3.212031E-01</x4><x5>6.148205E-01</x5><x6>4.692276E-01</x6></dataPoint>
        <dataPoint><x4>3.248460E-01</x4><x5>5.777020E-01</x5><x6>5.158893E-01</x6></dataPoint>
        <dataPoint><x4>3.260775E-01</x4><x5>5.364452E-01</x5><x6>5.773648E-01</x6></dataPoint>
        <dataPoint><x4>3.281170E-01</x4><x5>5.041275E-01</x5><x6>6.344099E-01</x6></dataPoint>
        <dataPoint><x4>3.281179E-01</x4><x5>5.047203E-01</x5><x6>6.332814E-01</x6></dataPoint>
        <dataPoint><x4>3.328210E-01</x4><x5>4.231620E-01</x5><x6>8.264962E-01</x6></dataPoint>
        <dataPoint><x4>3.352105E-01</x4><x5>3.511889E-01</x5><x6>1.093531E+00</x6></dataPoint>
        <dataPoint><x4>3.354820E-01</x4><x5>3.584454E-01</x5><x6>1.060549E+00</x6></dataPoint>
        <dataPoint><x4>3.373962E-01</x4><x5>3.198496E-01</x5><x6>1.257463E+00</x6></dataPoint>
        <dataPoint><x4>3.384710E-01</x4><x5>2.951840E-01</x5><x6>1.417143E+00</x6></dataPoint>
        <dataPoint><x4>3.386005E-01</x4><x5>2.808055E-01</x5><x6>1.526306E+00</x6></dataPoint>
        <dataPoint><x4>3.388037E-01</x4><x5>2.939717E-01</x5><x6>1.425843E+00</x6></dataPoint>
        <dataPoint><x4>3.398522E-01</x4><x5>2.647854E-01</x5><x6>1.665232E+00</x6></dataPoint>
        <dataPoint><x4>3.407652E-01</x4><x5>2.426132E-01</x5><x6>1.895136E+00</x6></dataPoint>
        <dataPoint><x4>3.410008E-01</x4><x5>2.466467E-01</x5><x6>1.849546E+00</x6></dataPoint>
        <dataPoint><x4>3.411983E-01</x4><x5>2.302521E-01</x5><x6>2.047082E+00</x6></dataPoint>
        <dataPoint><x4>3.416060E-01</x4><x5>2.288953E-01</x5><x6>2.064984E+00</x6></dataPoint>
        <dataPoint><x4>3.417995E-01</x4><x5>2.255376E-01</x5><x6>2.110414E+00</x6></dataPoint>
        <dataPoint><x4>3.432478E-01</x4><x5>1.963465E-01</x5><x6>2.586691E+00</x6></dataPoint>
        <dataPoint><x4>3.434096E-01</x4><x5>1.922515E-01</x5><x6>2.667727E+00</x6></dataPoint>
        <dataPoint><x4>3.444893E-01</x4><x5>1.680053E-01</x5><x6>3.247620E+00</x6></dataPoint>
        <dataPoint><x4>3.458722E-01</x4><x5>1.367068E-01</x5><x6>4.378593E+00</x6></dataPoint>
        <dataPoint><x4>3.462058E-01</x4><x5>1.299184E-01</x5><x6>4.712344E+00</x6></dataPoint>
        <dataPoint><x4>3.464012E-01</x4><x5>1.238795E-01</x5><x6>5.046558E+00</x6></dataPoint>
        <dataPoint><x4>3.466068E-01</x4><x5>1.208667E-01</x5><x6>5.228399E+00</x6></dataPoint>
        <dataPoint><x4>3.470176E-01</x4><x5>1.105238E-01</x5><x6>5.944410E+00</x6></dataPoint>
        <dataPoint><x4>3.472036E-01</x4><x5>1.075668E-01</x5><x6>6.179760E+00</x6></dataPoint>
        <dataPoint><x4>3.473751E-01</x4><x5>1.037879E-01</x5><x6>6.504054E+00</x6></dataPoint>
        <dataPoint><x4>3.478163E-01</x4><x5>9.398204E-02</x5><x6>7.493530E+00</x6></dataPoint>
        <dataPoint><x4>3.480004E-01</x4><x5>8.963363E-02</x5><x6>8.016280E+00</x6></dataPoint>
        <dataPoint><x4>3.483605E-01</x4><x5>8.252236E-02</x5><x6>9.015117E+00</x6></dataPoint>
        <dataPoint><x4>3.486165E-01</x4><x5>7.697245E-02</x5><x6>9.950123E+00</x6></dataPoint>
        <dataPoint><x4>3.489948E-01</x4><x5>7.076437E-02</x5><x6>1.120681E+01</x6></dataPoint>
        <dataPoint><x4>3.492043E-01</x4><x5>6.814175E-02</x5><x6>1.182066E+01</x6></dataPoint>
        <dataPoint><x4>3.496988E-01</x4><x5>6.394281E-02</x5><x6>1.292984E+01</x6></dataPoint>
        <dataPoint><x4>3.500373E-01</x4><x5>6.114650E-02</x5><x6>1.377025E+01</x6></dataPoint>
        <dataPoint><x4>3.501986E-01</x4><x5>6.010641E-02</x5><x6>1.410674E+01</x6></dataPoint>
        <dataPoint><x4>3.504069E-01</x4><x5>5.840438E-02</x5><x6>1.468832E+01</x6></dataPoint>
        <dataPoint><x4>3.507906E-01</x4><x5>5.705845E-02</x5><x6>1.517762E+01</x6></dataPoint>
        <dataPoint><x4>3.510011E-01</x4><x5>5.694533E-02</x5><x6>1.522000E+01</x6></dataPoint>
        <dataPoint><x4>3.540011E-01</x4><x5>5.923876E-02</x5><x6>1.439824E+01</x6></dataPoint>
        <dataPoint><x4>3.570011E-01</x4><x5>6.104106E-02</x5><x6>1.380374E+01</x6></dataPoint>
        <dataPoint><x4>3.600011E-01</x4><x5>6.248231E-02</x5><x6>1.335760E+01</x6></dataPoint>
        <dataPoint><x4>3.630011E-01</x4><x5>6.361855E-02</x5><x6>1.302280E+01</x6></dataPoint>
        <dataPoint><x4>3.660011E-01</x4><x5>6.450423E-02</x5><x6>1.277154E+01</x6></dataPoint>
        <dataPoint><x4>3.690011E-01</x4><x5>6.518849E-02</x5><x6>1.258299E+01</x6></dataPoint>
        <dataPoint><x4>3.720011E-01</x4><x5>6.571349E-02</x5><x6>1.244148E+01</x6></dataPoint>
        <dataPoint><x4>3.750011E-01</x4><x5>6.611416E-02</x5><x6>1.233530E+01</x6></dataPoint>
        <dataPoint><x4>3.780011E-01</x4><x5>6.641869E-02</x5><x6>1.225561E+01</x6></dataPoint>
        <dataPoint><x4>3.810011E-01</x4><x5>6.664944E-02</x5><x6>1.219580E+01</x6></dataPoint>
    </dataGroup>
    <dataGroup id="dg2" label="V-t history" dataPointLink="3">
        <property name="time"      id="x4"   label="t"            sourcetype="calculated"  units="s"   />
        <property name="volume"    id="x5"   label="V"            sourcetype="calculated"  units="cm3" />
        <property name="pressure"  id="x6"   label="p"            sourcetype="estimated"   units="bar"  kind="reactive" />

        <dataPoint><x4>0.000000E+00</x4><x5>1.000000E+00</x5><x6>2.358000E-01</x6></dataPoint>
        <dataPoint><x4>2.800000E-02</x4><x5>9.797123E-01</x5><x6>2.433672E-01</x6></dataPoint>
        <dataPoint><x4>5.600000E-02</x4><x5>9.604309E-01</x5><x6>2.509343E-01</x6></dataPoint>
        <dataPoint><x4>8.400000E-02</x4><x5>9.420780E-01</x5><x6>2.585015E-01</x6></dataPoint>
        <dataPoint><x4>1.120000E-01</x4><x5>9.245835E-01</x5><x6>2.660687E-01</x6></dataPoint>
        <dataPoint><x4>1.400000E-01</x4><x5>9.078845E-01</x5><x6>2.736359E-01</x6></dataPoint>
        <dataPoint><x4>1.680000E-01</x4><x5>8.919244E-01</x5><x6>2.812030E-01</x6></dataPoint>
        <dataPoint><x4>1.960000E-01</x4><x5>8.766520E-01</x5><x6>2.887702E-01</x6></dataPoint>
        <dataPoint><x4>2.240000E-01</x4><x5>8.620206E-01</x5><x6>2.963374E-01</x6></dataPoint>
        <dataPoint><x4>2.520000E-01</x4><x5>8.479882E-01</x5><x6>3.039045E-01</x6></dataPoint>
        <dataPoint><x4>2.800000E-01</x4><x5>8.345161E-01</x5><x6>3.114717E-01</x6></dataPoint>
        <dataPoint><x4>2.874124E-01</x4><x5>7.796249E-01</x5><x6>3.457446E-01</x6></dataPoint>
        <dataPoint><x4>3.018564E-01</x4><x5>6.482728E-01</x5><x6>4.584758E-01</x6></dataPoint>
        <dataPoint><x4>3.068168E-01</x4><x5>6.106346E-01</x5><x6>5.022531E-01</x6></dataPoint>
        <dataPoint><x4>3.130678E-01</x4><x5>4.667536E-01</x5><x6>7.551055E-01</x6></dataPoint>
        <dataPoint><x4>3.132030E-01</x4><x5>4.288633E-01</x5><x6>8.580276E-01</x6></dataPoint>
        <dataPoint><x4>3.134013E-01</x4><x5>4.447351E-01</x5><x6>8.122693E-01</x6></dataPoint>
        <dataPoint><x4>3.155857E-01</x4><x5>4.019883E-01</x5><x6>9.458358E-01</x6></dataPoint>
        <dataPoint><x4>3.176807E-01</x4><x5>3.622480E-01</x5><x6>1.105816E+00</x6></dataPoint>
        <dataPoint><x4>3.178108E-01</x4><x5>3.534061E-01</x5><x6>1.147514E+00</x6></dataPoint>
        <dataPoint><x4>3.195630E-01</x4><x5>3.253099E-01</x5><x6>1.298803E+00</x6></dataPoint>
        <dataPoint><x4>3.204080E-01</x4><x5>3.002330E-01</x5><x6>1.463770E+00</x6></dataPoint>
        <dataPoint><x4>3.206018E-01</x4><x5>3.260735E-01</x5><x6>1.294265E+00</x6></dataPoint>
        <dataPoint><x4>3.208865E-01</x4><x5>2.945279E-01</x5><x6>1.506155E+00</x6></dataPoint>
        <dataPoint><x4>3.210027E-01</x4><x5>2.817202E-01</x5><x6>1.609026E+00</x6></dataPoint>
        <dataPoint><x4>3.214748E-01</x4><x5>2.789268E-01</x5><x6>1.633006E+00</x6></dataPoint>
        <dataPoint><x4>3.237838E-01</x4><x5>2.278224E-01</x5><x6>2.202625E+00</x6></dataPoint>
        <dataPoint><x4>3.250083E-01</x4><x5>1.980065E-01</x5><x6>2.706506E+00</x6></dataPoint>
        <dataPoint><x4>3.251695E-01</x4><x5>1.974849E-01</x5><x6>2.716983E+00</x6></dataPoint>
        <dataPoint><x4>3.267571E-01</x4><x5>1.618505E-01</x5><x6>3.632070E+00</x6></dataPoint>
        <dataPoint><x4>3.280405E-01</x4><x5>1.317629E-01</x5><x6>4.891378E+00</x6></dataPoint>
        <dataPoint><x4>3.284284E-01</x4><x5>1.225125E-01</x5><x6>5.431809E+00</x6></dataPoint>
        <dataPoint><x4>3.286052E-01</x4><x5>1.186722E-01</x5><x6>5.686160E+00</x6></dataPoint>
        <dataPoint><x4>3.288166E-01</x4><x5>1.128651E-01</x5><x6>6.110572E+00</x6></dataPoint>
        <dataPoint><x4>3.291741E-01</x4><x5>1.046424E-01</x5><x6>6.809460E+00</x6></dataPoint>
        <dataPoint><x4>3.296322E-01</x4><x5>9.445069E-02</x5><x6>7.881836E+00</x6></dataPoint>
        <dataPoint><x4>3.300092E-01</x4><x5>8.558844E-02</x5><x6>9.067733E+00</x6></dataPoint>
        <dataPoint><x4>3.302013E-01</x4><x5>8.174644E-02</x5><x6>9.678553E+00</x6></dataPoint>
        <dataPoint><x4>3.304044E-01</x4><x5>7.726227E-02</x5><x6>1.048421E+01</x6></dataPoint>
        <dataPoint><x4>3.306375E-01</x4><x5>7.385359E-02</x5><x6>1.117556E+01</x6></dataPoint>
        <dataPoint><x4>3.316121E-01</x4><x5>6.436921E-02</x5><x6>1.356889E+01</x6></dataPoint>
        <dataPoint><x4>3.318081E-01</x4><x5>6.260937E-02</x5><x6>1.410927E+01</x6></dataPoint>
        <dataPoint><x4>3.322155E-01</x4><x5>5.997663E-02</x5><x6>1.498876E+01</x6></dataPoint>
        <dataPoint><x4>3.325197E-01</x4><x5>5.938289E-02</x5><x6>1.520000E+01</x6></dataPoint>
        <dataPoint><x4>3.355197E-01</x4><x5>6.177533E-02</x5><x6>1.437824E+01</x6></dataPoint>
        <dataPoint><x4>3.385197E-01</x4><x5>6.365555E-02</x5><x6>1.378374E+01</x6></dataPoint>
        <dataPoint><x4>3.415197E-01</x4><x5>6.515918E-02</x5><x6>1.333760E+01</x6></dataPoint>
        <dataPoint><x4>3.445197E-01</x4><x5>6.634464E-02</x5><x6>1.300280E+01</x6></dataPoint>
        <dataPoint><x4>3.475197E-01</x4><x5>6.726872E-02</x5><x6>1.275154E+01</x6></dataPoint>
        <dataPoint><x4>3.505197E-01</x4><x5>6.798267E-02</x5><x6>1.256299E+01</x6></dataPoint>
        <dataPoint><x4>3.535197E-01</x4><x5>6.853046E-02</x5><x6>1.242148E+01</x6></dataPoint>
        <dataPoint><x4>3.565197E-01</x4><x5>6.894852E-02</x5><x6>1.231530E+01</x6></dataPoint>
        <dataPoint><x4>3.595197E-01</x4><x5>6.926628E-02</x5><x6>1.223561E+01</x6></dataPoint>
        <dataPoint><x4>3.625197E-01</x4><x5>6.950705E-02</x5><x6>1.217580E+01</x6></dataPoint>
    </dataGroup>
    <dataGroup id="dg2" label="V-t history" dataPointLink="4">
        <property name="time"      id="x4"   label="t"            sourcetype="calculated"  units="s"   />
        <property name="volume"    id="x5"   label="V"            sourcetype="calculated"  units="cm3" />
        <property name="pressure"  id="x6"   label="p"            sourcetype="estimated"   units="bar"  kind="reactive" />

        <dataPoint><x4>0.000000E+00</x4><x5>1.000000E+00</x5><x6>2.133000E-01</x6></dataPoint>
        <dataPoint><x4>2.230000E-01</x4><x5>1.000000E+00</x5><x6>2.133000E-01</x6></dataPoint>
        <dataPoint><x4>3.110000E-01</x4><x5>7.492333E-01</x5><x6>3.324000E-01</x6></dataPoint>
        <dataPoint><x4>3.176174E-01</x4><x5>6.582569E-01</x5><x6>4.051620E-01</x6></dataPoint>
        <dataPoint><x4>3.276902E-01</x4><x5>4.609321E-01</x5><x6>6.961172E-01</x6></dataPoint>
        <dataPoint><x4>3.305493E-01</x4><x5>3.945981E-01</x5><x6>8.797670E-01</x6></dataPoint>
        <dataPoint><x4>3.346894E-01</x4><x5>3.172434E-01</x5><x6>1.219684E+00</x6></dataPoint>
        <dataPoint><x4>3.350468E-01</x4><x5>3.008329E-01</x5><x6>1.320126E+00</x6></dataPoint>
        <dataPoint><x4>3.366100E-01</x4><x5>2.801191E-01</x5><x6>1.467809E+00</x6></dataPoint>
        <dataPoint><x4>3.367547E-01</x4><x5>2.698192E-01</x5><x6>1.551688E+00</x6></dataPoint>
        <dataPoint><x4>3.380170E-01</x4><x5>2.480456E-01</x5><x6>1.757456E+00</x6></dataPoint>
        <dataPoint><x4>3.382080E-01</x4><x5>2.377994E-01</x5><x6>1.870392E+00</x6></dataPoint>
        <dataPoint><x4>3.395204E-01</x4><x5>2.126561E-01</x5><x6>2.204808E+00</x6></dataPoint>
        <dataPoint><x4>3.395242E-01</x4><x5>2.125146E-01</x5><x6>2.206963E+00</x6></dataPoint>
        <dataPoint><x4>3.406814E-01</x4><x5>1.894923E-01</x5><x6>2.610761E+00</x6></dataPoint>
        <dataPoint><x4>3.408523E-01</x4><x5>1.856339E-01</x5><x6>2.690448E+00</x6></dataPoint>
        <dataPoint><x4>3.410513E-01</x4><x5>1.800132E-01</x5><x6>2.813974E+00</x6></dataPoint>
        <dataPoint><x4>3.412040E-01</x4><x5>1.752506E-01</x5><x6>2.926189E+00</x6></dataPoint>
        <dataPoint><x4>3.414024E-01</x4><x5>1.740192E-01</x5><x6>2.956416E+00</x6></dataPoint>
        <dataPoint><x4>3.416073E-01</x4><x5>1.674537E-01</x5><x6>3.126696E+00</x6></dataPoint>
        <dataPoint><x4>3.418219E-01</x4><x5>1.641552E-01</x5><x6>3.218488E+00</x6></dataPoint>
        <dataPoint><x4>3.420118E-01</x4><x5>1.595573E-01</x5><x6>3.354129E+00</x6></dataPoint>
        <dataPoint><x4>3.432077E-01</x4><x5>1.342862E-01</x5><x6>4.304971E+00</x6></dataPoint>
        <dataPoint><x4>3.434052E-01</x4><x5>1.318854E-01</x5><x6>4.418441E+00</x6></dataPoint>
        <dataPoint><x4>3.436209E-01</x4><x5>1.272179E-01</x5><x6>4.653865E+00</x6></dataPoint>
        <dataPoint><x4>3.437992E-01</x4><x5>1.232609E-01</x5><x6>4.870347E+00</x6></dataPoint>
        <dataPoint><x4>3.442093E-01</x4><x5>1.134032E-01</x5><x6>5.489571E+00</x6></dataPoint>
        <dataPoint><x4>3.445977E-01</x4><x5>1.062414E-01</x5><x6>6.027134E+00</x6></dataPoint>
        <dataPoint><x4>3.449937E-01</x4><x5>9.880109E-02</x5><x6>6.685877E+00</x6></dataPoint>
        <dataPoint><x4>3.454056E-01</x4><x5>8.947130E-02</x5><x6>7.700621E+00</x6></dataPoint>
        <dataPoint><x4>3.458000E-01</x4><x5>8.118298E-02</x5><x6>8.840646E+00</x6></dataPoint>
        <dataPoint><x4>3.460058E-01</x4><x5>7.700954E-02</x5><x6>9.527161E+00</x6></dataPoint>
        <dataPoint><x4>3.464029E-01</x4><x5>7.017197E-02</x5><x6>1.086600E+01</x6></dataPoint>
        <dataPoint><x4>3.468063E-01</x4><x5>6.532129E-02</x5><x6>1.202174E+01</x6></dataPoint>
        <dataPoint><x4>3.472058E-01</x4><x5>6.230022E-02</x5><x6>1.285117E+01</x6></dataPoint>
        <dataPoint><x4>3.476075E-01</x4><x5>5.954394E-02</x5><x6>1.369618E+01</x6></dataPoint>
        <dataPoint><x4>3.477994E-01</x4><x5>5.827014E-02</x5><x6>1.411905E+01</x6></dataPoint>
        <dataPoint><x4>3.480439E-01</x4><x5>5.659284E-02</x5><x6>1.471064E+01</x6></dataPoint>
        <dataPoint><x4>3.483701E-01</x4><x5>5.534091E-02</x5><x6>1.518017E+01</x6></dataPoint>
        <dataPoint><x4>3.487038E-01</x4><x5>5.518609E-02</x5><x6>1.524000E+01</x6></dataPoint>
        <dataPoint><x4>3.517038E-01</x4><x5>5.740730E-02</x5><x6>1.441824E+01</x6></dataPoint>
        <dataPoint><x4>3.547038E-01</x4><x5>5.915273E-02</x5><x6>1.382374E+01</x6></dataPoint>
        <dataPoint><x4>3.577038E-01</x4><x5>6.054842E-02</x5><x6>1.337760E+01</x6></dataPoint>
        <dataPoint><x4>3.607038E-01</x4><x5>6.164869E-02</x5><x6>1.304280E+01</x6></dataPoint>
        <dataPoint><x4>3.637038E-01</x4><x5>6.250631E-02</x5><x6>1.279154E+01</x6></dataPoint>
        <dataPoint><x4>3.667038E-01</x4><x5>6.316886E-02</x5><x6>1.260299E+01</x6></dataPoint>
        <dataPoint><x4>3.697038E-01</x4><x5>6.367720E-02</x5><x6>1.246148E+01</x6></dataPoint>
        <dataPoint><x4>3.727038E-01</x4><x5>6.406514E-02</x5><x6>1.235530E+01</x6></dataPoint>
        <dataPoint><x4>3.757038E-01</x4><x5>6.435999E-02</x5><x6>1.227561E+01</x6></dataPoint>
        <dataPoint><x4>3.787038E-01</x4><x5>6.458340E-02</x5><x6>1.221580E+01</x6></dataPoint>
    </dataGroup>
    <dataGroup id="dg2" label="V-t history" dataPointLink="5">
        <property name="time"      id="x4"   label="t"            sourcetype="calculated"  units="s"   />
        <property name="volume"    id="x5"   label="V"            sourcetype="calculated"  units="cm3" />
        <property name="pressure"  id="x6"   label="p"            sourcetype="estimated"   units="bar"  kind="reactive" />

        <dataPoint><x4>0.000000E+00</x4><x5>1.000000E+00</x5><x6>2.066000E-01</x6></dataPoint>
        <dataPoint><x4>1.500000E-01</x4><x5>9.987459E-01</x5><x6>2.070000E-01</x6></dataPoint>
        <dataPoint><x4>2.848247E-01</x4><x5>8.787892E-01</x5><x6>2.520641E-01</x6></dataPoint>
        <dataPoint><x4>2.934398E-01</x4><x5>7.309106E-01</x5><x6>3.343962E-01</x6></dataPoint>
        <dataPoint><x4>3.013313E-01</x4><x5>5.652000E-01</x5><x6>4.949922E-01</x6></dataPoint>
        <dataPoint><x4>3.067931E-01</x4><x5>4.717289E-01</x5><x6>6.510546E-01</x6></dataPoint>
        <dataPoint><x4>3.070225E-01</x4><x5>4.297208E-01</x5><x6>7.494826E-01</x6></dataPoint>
        <dataPoint><x4>3.074264E-01</x4><x5>4.664584E-01</x5><x6>6.622056E-01</x6></dataPoint>
        <dataPoint><x4>3.081414E-01</x4><x5>4.149772E-01</x5><x6>7.899526E-01</x6></dataPoint>
        <dataPoint><x4>3.100875E-01</x4><x5>3.986690E-01</x5><x6>8.390662E-01</x6></dataPoint>
        <dataPoint><x4>3.122148E-01</x4><x5>3.584636E-01</x5><x6>9.841903E-01</x6></dataPoint>
        <dataPoint><x4>3.126152E-01</x4><x5>3.392852E-01</x5><x6>1.068598E+00</x6></dataPoint>
        <dataPoint><x4>3.128057E-01</x4><x5>3.412200E-01</x5><x6>1.059551E+00</x6></dataPoint>
        <dataPoint><x4>3.130030E-01</x4><x5>3.244493E-01</x5><x6>1.142406E+00</x6></dataPoint>
        <dataPoint><x4>3.132647E-01</x4><x5>3.267722E-01</x5><x6>1.130304E+00</x6></dataPoint>
        <dataPoint><x4>3.136151E-01</x4><x5>3.257840E-01</x5><x6>1.135426E+00</x6></dataPoint>
        <dataPoint><x4>3.137101E-01</x4><x5>3.291726E-01</x5><x6>1.118019E+00</x6></dataPoint>
        <dataPoint><x4>3.143900E-01</x4><x5>3.058739E-01</x5><x6>1.247369E+00</x6></dataPoint>
        <dataPoint><x4>3.146021E-01</x4><x5>3.076104E-01</x5><x6>1.236895E+00</x6></dataPoint>
        <dataPoint><x4>3.148034E-01</x4><x5>2.869198E-01</x5><x6>1.371898E+00</x6></dataPoint>
        <dataPoint><x4>3.152127E-01</x4><x5>2.952520E-01</x5><x6>1.314742E+00</x6></dataPoint>
        <dataPoint><x4>3.155799E-01</x4><x5>2.839095E-01</x5><x6>1.393562E+00</x6></dataPoint>
        <dataPoint><x4>3.158016E-01</x4><x5>2.659505E-01</x5><x6>1.535403E+00</x6></dataPoint>
        <dataPoint><x4>3.160218E-01</x4><x5>2.690456E-01</x5><x6>1.509302E+00</x6></dataPoint>
        <dataPoint><x4>3.163064E-01</x4><x5>2.701601E-01</x5><x6>1.500081E+00</x6></dataPoint>
        <dataPoint><x4>3.169729E-01</x4><x5>2.432656E-01</x5><x6>1.751814E+00</x6></dataPoint>
        <dataPoint><x4>3.177553E-01</x4><x5>2.242478E-01</x5><x6>1.975154E+00</x6></dataPoint>
        <dataPoint><x4>3.184673E-01</x4><x5>2.188011E-01</x5><x6>2.047906E+00</x6></dataPoint>
        <dataPoint><x4>3.188028E-01</x4><x5>2.017178E-01</x5><x6>2.307479E+00</x6></dataPoint>
        <dataPoint><x4>3.193456E-01</x4><x5>1.960880E-01</x5><x6>2.405167E+00</x6></dataPoint>
        <dataPoint><x4>3.196116E-01</x4><x5>1.846275E-01</x5><x6>2.626580E+00</x6></dataPoint>
        <dataPoint><x4>3.204066E-01</x4><x5>1.716021E-01</x5><x6>2.922342E+00</x6></dataPoint>
        <dataPoint><x4>3.208025E-01</x4><x5>1.624779E-01</x5><x6>3.164104E+00</x6></dataPoint>
        <dataPoint><x4>3.210200E-01</x4><x5>1.543727E-01</x5><x6>3.408121E+00</x6></dataPoint>
        <dataPoint><x4>3.212048E-01</x4><x5>1.501628E-01</x5><x6>3.547494E+00</x6></dataPoint>
        <dataPoint><x4>3.214059E-01</x4><x5>1.490551E-01</x5><x6>3.585747E+00</x6></dataPoint>
        <dataPoint><x4>3.216032E-01</x4><x5>1.452797E-01</x5><x6>3.721425E+00</x6></dataPoint>
        <dataPoint><x4>3.218109E-01</x4><x5>1.382996E-01</x5><x6>3.995967E+00</x6></dataPoint>
        <dataPoint><x4>3.220215E-01</x4><x5>1.341631E-01</x5><x6>4.175009E+00</x6></dataPoint>
        <dataPoint><x4>3.222297E-01</x4><x5>1.297266E-01</x5><x6>4.382395E+00</x6></dataPoint>
        <dataPoint><x4>3.224128E-01</x4><x5>1.263272E-01</x5><x6>4.553214E+00</x6></dataPoint>
        <dataPoint><x4>3.226082E-01</x4><x5>1.221411E-01</x5><x6>4.779361E+00</x6></dataPoint>
        <dataPoint><x4>3.228133E-01</x4><x5>1.166598E-01</x5><x6>5.105181E+00</x6></dataPoint>
        <dataPoint><x4>3.230003E-01</x4><x5>1.134126E-01</x5><x6>5.316141E+00</x6></dataPoint>
        <dataPoint><x4>3.234031E-01</x4><x5>1.034560E-01</x5><x6>6.063398E+00</x6></dataPoint>
        <dataPoint><x4>3.237937E-01</x4><x5>9.595515E-02</x5><x6>6.751019E+00</x6></dataPoint>
        <dataPoint><x4>3.239952E-01</x4><x5>9.140623E-02</x5><x6>7.234563E+00</x6></dataPoint>
        <dataPoint><x4>3.242011E-01</x4><x5>8.658682E-02</x5><x6>7.813830E+00</x6></dataPoint>
        <dataPoint><x4>3.243951E-01</x4><x5>8.287415E-02</x5><x6>8.315496E+00</x6></dataPoint>
        <dataPoint><x4>3.245996E-01</x4><x5>7.853416E-02</x5><x6>8.974486E+00</x6></dataPoint>
        <dataPoint><x4>3.248022E-01</x4><x5>7.423464E-02</x5><x6>9.719073E+00</x6></dataPoint>
        <dataPoint><x4>3.250011E-01</x4><x5>7.045567E-02</x5><x6>1.046403E+01</x6></dataPoint>
        <dataPoint><x4>3.252038E-01</x4><x5>6.700255E-02</x5><x6>1.123328E+01</x6></dataPoint>
        <dataPoint><x4>3.254042E-01</x4><x5>6.442091E-02</x5><x6>1.187318E+01</x6></dataPoint>
        <dataPoint><x4>3.256020E-01</x4><x5>6.219826E-02</x5><x6>1.247519E+01</x6></dataPoint>
        <dataPoint><x4>3.257972E-01</x4><x5>6.085875E-02</x5><x6>1.286343E+01</x6></dataPoint>
        <dataPoint><x4>3.260005E-01</x4><x5>5.911185E-02</x5><x6>1.340141E+01</x6></dataPoint>
        <dataPoint><x4>3.261959E-01</x4><x5>5.760007E-02</x5><x6>1.389851E+01</x6></dataPoint>
        <dataPoint><x4>3.264018E-01</x4><x5>5.582140E-02</x5><x6>1.452467E+01</x6></dataPoint>
        <dataPoint><x4>3.266101E-01</x4><x5>5.465895E-02</x5><x6>1.496025E+01</x6></dataPoint>
        <dataPoint><x4>3.268596E-01</x4><x5>5.378300E-02</x5><x6>1.529000E+01</x6></dataPoint>
        <dataPoint><x4>3.298596E-01</x4><x5>5.597635E-02</x5><x6>1.446824E+01</x6></dataPoint>
        <dataPoint><x4>3.328596E-01</x4><x5>5.767323E-02</x5><x6>1.387374E+01</x6></dataPoint>
        <dataPoint><x4>3.358596E-01</x4><x5>5.902982E-02</x5><x6>1.342760E+01</x6></dataPoint>
        <dataPoint><x4>3.388596E-01</x4><x5>6.009909E-02</x5><x6>1.309280E+01</x6></dataPoint>
        <dataPoint><x4>3.418596E-01</x4><x5>6.093244E-02</x5><x6>1.284154E+01</x6></dataPoint>
        <dataPoint><x4>3.448596E-01</x4><x5>6.157618E-02</x5><x6>1.265299E+01</x6></dataPoint>
        <dataPoint><x4>3.478596E-01</x4><x5>6.207005E-02</x5><x6>1.251148E+01</x6></dataPoint>
        <dataPoint><x4>3.508596E-01</x4><x5>6.244692E-02</x5><x6>1.240530E+01</x6></dataPoint>
        <dataPoint><x4>3.538596E-01</x4><x5>6.273336E-02</x5><x6>1.232561E+01</x6></dataPoint>
        <dataPoint><x4>3.568596E-01</x4><x5>6.295038E-02</x5><x6>1.226580E+01</x6></dataPoint>
    </dataGroup>
    <dataGroup id="dg2" label="V-t history" dataPointLink="6">
        <property name="time"      id="x4"   label="t"            sourcetype="calculated"  units="s"   />
        <property name="volume"    id="x5"   label="V"            sourcetype="calculated"  units="cm3" />
        <property name="pressure"  id="x6"   label="p"            sourcetype="estimated"   units="bar"  kind="reactive" />

        <dataPoint><x4>0.000000E+00</x4><x5>1.000000E+00</x5><x6>2.066000E-01</x6></dataPoint>
        <dataPoint><x4>2.800000E-02</x4><x5>9.710976E-01</x5><x6>2.161510E-01</x6></dataPoint>
        <dataPoint><x4>5.600000E-02</x4><x5>9.442118E-01</x5><x6>2.257020E-01</x6></dataPoint>
        <dataPoint><x4>8.400000E-02</x4><x5>9.191253E-01</x5><x6>2.352530E-01</x6></dataPoint>
        <dataPoint><x4>1.120000E-01</x4><x5>8.956517E-01</x5><x6>2.448040E-01</x6></dataPoint>
        <dataPoint><x4>1.400000E-01</x4><x5>8.736304E-01</x5><x6>2.543550E-01</x6></dataPoint>
        <dataPoint><x4>1.680000E-01</x4><x5>8.529219E-01</x5><x6>2.639060E-01</x6></dataPoint>
        <dataPoint><x4>1.960000E-01</x4><x5>8.334047E-01</x5><x6>2.734569E-01</x6></dataPoint>
        <dataPoint><x4>2.240000E-01</x4><x5>8.149721E-01</x5><x6>2.830079E-01</x6></dataPoint>
        <dataPoint><x4>2.520000E-01</x4><x5>7.975303E-01</x5><x6>2.925589E-01</x6></dataPoint>
        <dataPoint><x4>2.800000E-01</x4><x5>7.809962E-01</x5><x6>3.021099E-01</x6></dataPoint>
        <dataPoint><x4>3.224207E-01</x4><x5>7.224456E-01</x5><x6>3.404087E-01</x6></dataPoint>
        <dataPoint><x4>3.311425E-01</x4><x5>5.800426E-01</x5><x6>4.758542E-01</x6></dataPoint>
        <dataPoint><x4>3.402797E-01</x4><x5>3.914764E-01</x5><x6>8.623219E-01</x6></dataPoint>
        <dataPoint><x4>3.428775E-01</x4><x5>3.312273E-01</x5><x6>1.107644E+00</x6></dataPoint>
        <dataPoint><x4>3.460685E-01</x4><x5>2.646804E-01</x5><x6>1.546271E+00</x6></dataPoint>
        <dataPoint><x4>3.475385E-01</x4><x5>2.287736E-01</x5><x6>1.917810E+00</x6></dataPoint>
        <dataPoint><x4>3.476232E-01</x4><x5>2.274376E-01</x5><x6>1.934425E+00</x6></dataPoint>
        <dataPoint><x4>3.478015E-01</x4><x5>2.276369E-01</x5><x6>1.931931E+00</x6></dataPoint>
        <dataPoint><x4>3.480019E-01</x4><x5>2.144246E-01</x5><x6>2.109536E+00</x6></dataPoint>
        <dataPoint><x4>3.484023E-01</x4><x5>2.172160E-01</x5><x6>2.069819E+00</x6></dataPoint>
        <dataPoint><x4>3.485719E-01</x4><x5>2.068228E-01</x5><x6>2.224340E+00</x6></dataPoint>
        <dataPoint><x4>3.493055E-01</x4><x5>1.883577E-01</x5><x6>2.550797E+00</x6></dataPoint>
        <dataPoint><x4>3.501021E-01</x4><x5>1.749615E-01</x5><x6>2.840801E+00</x6></dataPoint>
        <dataPoint><x4>3.504107E-01</x4><x5>1.661403E-01</x5><x6>3.063039E+00</x6></dataPoint>
        <dataPoint><x4>3.506200E-01</x4><x5>1.634407E-01</x5><x6>3.136875E+00</x6></dataPoint>
        <dataPoint><x4>3.508198E-01</x4><x5>1.589195E-01</x5><x6>3.267353E+00</x6></dataPoint>
        <dataPoint><x4>3.510092E-01</x4><x5>1.531301E-01</x5><x6>3.448099E+00</x6></dataPoint>
        <dataPoint><x4>3.512078E-01</x4><x5>1.499542E-01</x5><x6>3.554437E+00</x6></dataPoint>
        <dataPoint><x4>3.514445E-01</x4><x5>1.436054E-01</x5><x6>3.784130E+00</x6></dataPoint>
        <dataPoint><x4>3.516454E-01</x4><x5>1.394038E-01</x5><x6>3.950089E+00</x6></dataPoint>
        <dataPoint><x4>3.519983E-01</x4><x5>1.337393E-01</x5><x6>4.193842E+00</x6></dataPoint>
        <dataPoint><x4>3.522016E-01</x4><x5>1.277599E-01</x5><x6>4.479601E+00</x6></dataPoint>
        <dataPoint><x4>3.524800E-01</x4><x5>1.237008E-01</x5><x6>4.692647E+00</x6></dataPoint>
        <dataPoint><x4>3.529635E-01</x4><x5>1.115659E-01</x5><x6>5.442341E+00</x6></dataPoint>
        <dataPoint><x4>3.532056E-01</x4><x5>1.074690E-01</x5><x6>5.741842E+00</x6></dataPoint>
        <dataPoint><x4>3.539652E-01</x4><x5>9.086633E-02</x5><x6>7.295269E+00</x6></dataPoint>
        <dataPoint><x4>3.545896E-01</x4><x5>7.778692E-02</x5><x6>9.096138E+00</x6></dataPoint>
        <dataPoint><x4>3.551723E-01</x4><x5>6.693343E-02</x5><x6>1.124873E+01</x6></dataPoint>
        <dataPoint><x4>3.564258E-01</x4><x5>5.646837E-02</x5><x6>1.429025E+01</x6></dataPoint>
        <dataPoint><x4>3.565996E-01</x4><x5>5.564201E-02</x5><x6>1.458922E+01</x6></dataPoint>
        <dataPoint><x4>3.568009E-01</x4><x5>5.449683E-02</x5><x6>1.502145E+01</x6></dataPoint>
        <dataPoint><x4>3.570015E-01</x4><x5>5.413955E-02</x5><x6>1.516076E+01</x6></dataPoint>
        <dataPoint><x4>3.572053E-01</x4><x5>5.416431E-02</x5><x6>1.515104E+01</x6></dataPoint>
        <dataPoint><x4>3.574006E-01</x4><x5>5.401460E-02</x5><x6>1.521000E+01</x6></dataPoint>
        <dataPoint><x4>3.604006E-01</x4><x5>5.619432E-02</x5><x6>1.438824E+01</x6></dataPoint>
        <dataPoint><x4>3.634006E-01</x4><x5>5.790748E-02</x5><x6>1.379374E+01</x6></dataPoint>
        <dataPoint><x4>3.664006E-01</x4><x5>5.927760E-02</x5><x6>1.334760E+01</x6></dataPoint>
        <dataPoint><x4>3.694006E-01</x4><x5>6.035784E-02</x5><x6>1.301280E+01</x6></dataPoint>
        <dataPoint><x4>3.724006E-01</x4><x5>6.119993E-02</x5><x6>1.276154E+01</x6></dataPoint>
        <dataPoint><x4>3.754005E-01</x4><x5>6.185054E-02</x5><x6>1.257299E+01</x6></dataPoint>
        <dataPoint><x4>3.784005E-01</x4><x5>6.234975E-02</x5><x6>1.243148E+01</x6></dataPoint>
        <dataPoint><x4>3.814005E-01</x4><x5>6.273074E-02</x5><x6>1.232530E+01</x6></dataPoint>
        <dataPoint><x4>3.844005E-01</x4><x5>6.302032E-02</x5><x6>1.224561E+01</x6></dataPoint>
        <dataPoint><x4>3.874005E-01</x4><x5>6.323974E-02</x5><x6>1.218580E+01</x6></dataPoint>
    </dataGroup>
    <dataGroup id="dg2" label="V-t history" dataPointLink="7">
        <property name="time"      id="x4"   label="t"            sourcetype="calculated"  units="s"   />
        <property name="volume"    id="x5"   label="V"            sourcetype="calculated"  units="cm3" />
        <property name="pressure"  id="x6"   label="p"            sourcetype="estimated"   units="bar"  kind="reactive" />

        <dataPoint><x4>0.000000E+00</x4><x5>1.000000E+00</x5><x6>2.296000E-01</x6></dataPoint>
        <dataPoint><x4>2.800000E-02</x4><x5>9.781486E-01</x5><x6>2.375517E-01</x6></dataPoint>
        <dataPoint><x4>5.600000E-02</x4><x5>9.574619E-01</x5><x6>2.455035E-01</x6></dataPoint>
        <dataPoint><x4>8.400000E-02</x4><x5>9.378431E-01</x5><x6>2.534552E-01</x6></dataPoint>
        <dataPoint><x4>1.120000E-01</x4><x5>9.192062E-01</x5><x6>2.614069E-01</x6></dataPoint>
        <dataPoint><x4>1.400000E-01</x4><x5>9.014744E-01</x5><x6>2.693587E-01</x6></dataPoint>
        <dataPoint><x4>1.680000E-01</x4><x5>8.845788E-01</x5><x6>2.773104E-01</x6></dataPoint>
        <dataPoint><x4>1.960000E-01</x4><x5>8.684579E-01</x5><x6>2.852621E-01</x6></dataPoint>
        <dataPoint><x4>2.240000E-01</x4><x5>8.530559E-01</x5><x6>2.932139E-01</x6></dataPoint>
        <dataPoint><x4>2.520000E-01</x4><x5>8.383226E-01</x5><x6>3.011656E-01</x6></dataPoint>
        <dataPoint><x4>2.800000E-01</x4><x5>8.242125E-01</x5><x6>3.091174E-01</x6></dataPoint>
        <dataPoint><x4>3.142003E-01</x4><x5>5.790534E-01</x5><x6>5.301974E-01</x6></dataPoint>
        <dataPoint><x4>3.172314E-01</x4><x5>5.148325E-01</x5><x6>6.338105E-01</x6></dataPoint>
        <dataPoint><x4>3.216582E-01</x4><x5>4.134840E-01</x5><x6>8.826316E-01</x6></dataPoint>
        <dataPoint><x4>3.222109E-01</x4><x5>4.229098E-01</x5><x6>8.531774E-01</x6></dataPoint>
        <dataPoint><x4>3.224533E-01</x4><x5>4.056955E-01</x5><x6>9.082522E-01</x6></dataPoint>
        <dataPoint><x4>3.256329E-01</x4><x5>3.333815E-01</x5><x6>1.219054E+00</x6></dataPoint>
        <dataPoint><x4>3.262241E-01</x4><x5>3.298558E-01</x5><x6>1.238568E+00</x6></dataPoint>
        <dataPoint><x4>3.272694E-01</x4><x5>2.948641E-01</x5><x6>1.463867E+00</x6></dataPoint>
        <dataPoint><x4>3.283287E-01</x4><x5>2.780057E-01</x5><x6>1.597663E+00</x6></dataPoint>
        <dataPoint><x4>3.289966E-01</x4><x5>2.607617E-01</x5><x6>1.756721E+00</x6></dataPoint>
        <dataPoint><x4>3.308429E-01</x4><x5>2.189439E-01</x5><x6>2.273504E+00</x6></dataPoint>
        <dataPoint><x4>3.310000E-01</x4><x5>2.092302E-01</x5><x6>2.430231E+00</x6></dataPoint>
        <dataPoint><x4>3.312756E-01</x4><x5>2.081640E-01</x5><x6>2.448519E+00</x6></dataPoint>
        <dataPoint><x4>3.316219E-01</x4><x5>1.998235E-01</x5><x6>2.599814E+00</x6></dataPoint>
        <dataPoint><x4>3.318038E-01</x4><x5>1.925377E-01</x5><x6>2.745093E+00</x6></dataPoint>
        <dataPoint><x4>3.320055E-01</x4><x5>1.915358E-01</x5><x6>2.766121E+00</x6></dataPoint>
        <dataPoint><x4>3.330857E-01</x4><x5>1.672606E-01</x5><x6>3.370734E+00</x6></dataPoint>
        <dataPoint><x4>3.342067E-01</x4><x5>1.438265E-01</x5><x6>4.195804E+00</x6></dataPoint>
        <dataPoint><x4>3.344219E-01</x4><x5>1.355214E-01</x5><x6>4.572282E+00</x6></dataPoint>
        <dataPoint><x4>3.351894E-01</x4><x5>1.192323E-01</x5><x6>5.497879E+00</x6></dataPoint>
        <dataPoint><x4>3.360147E-01</x4><x5>1.000109E-01</x5><x6>7.071351E+00</x6></dataPoint>
        <dataPoint><x4>3.368137E-01</x4><x5>8.200681E-02</x5><x6>9.378748E+00</x6></dataPoint>
        <dataPoint><x4>3.372360E-01</x4><x5>7.371215E-02</x5><x6>1.090776E+01</x6></dataPoint>
        <dataPoint><x4>3.376005E-01</x4><x5>6.936356E-02</x5><x6>1.188642E+01</x6></dataPoint>
        <dataPoint><x4>3.384171E-01</x4><x5>6.220952E-02</x5><x6>1.385814E+01</x6></dataPoint>
        <dataPoint><x4>3.386649E-01</x4><x5>6.024992E-02</x5><x6>1.449669E+01</x6></dataPoint>
        <dataPoint><x4>3.389737E-01</x4><x5>5.878260E-02</x5><x6>1.500821E+01</x6></dataPoint>
        <dataPoint><x4>3.396295E-01</x4><x5>5.863876E-02</x5><x6>1.506000E+01</x6></dataPoint>
        <dataPoint><x4>3.426295E-01</x4><x5>6.102514E-02</x5><x6>1.423824E+01</x6></dataPoint>
        <dataPoint><x4>3.456295E-01</x4><x5>6.290216E-02</x5><x6>1.364374E+01</x6></dataPoint>
        <dataPoint><x4>3.486295E-01</x4><x5>6.440422E-02</x5><x6>1.319760E+01</x6></dataPoint>
        <dataPoint><x4>3.516295E-01</x4><x5>6.558909E-02</x5><x6>1.286280E+01</x6></dataPoint>
        <dataPoint><x4>3.546295E-01</x4><x5>6.651309E-02</x5><x6>1.261154E+01</x6></dataPoint>
        <dataPoint><x4>3.576295E-01</x4><x5>6.722721E-02</x5><x6>1.242299E+01</x6></dataPoint>
        <dataPoint><x4>3.606295E-01</x4><x5>6.777527E-02</x5><x6>1.228148E+01</x6></dataPoint>
        <dataPoint><x4>3.636295E-01</x4><x5>6.819363E-02</x5><x6>1.217530E+01</x6></dataPoint>
        <dataPoint><x4>3.666295E-01</x4><x5>6.851165E-02</x5><x6>1.209561E+01</x6></dataPoint>
        <dataPoint><x4>3.696295E-01</x4><x5>6.875265E-02</x5><x6>1.203580E+01</x6></dataPoint>
    </dataGroup>
    <dataGroup id="dg2" label="V-t history" dataPointLink="8">
        <property name="time"      id="x4"   label="t"            sourcetype="calculated"  units="s"   />
        <property name="volume"    id="x5"   label="V"            sourcetype="calculated"  units="cm3" />
        <property name="pressure"  id="x6"   label="p"            sourcetype="estimated"   units="bar"  kind="reactive" />

        <dataPoint><x4>0.000000E+00</x4><x5>1.000000E+00</x5><x6>2.526000E-01</x6></dataPoint>
        <dataPoint><x4>2.800000E-02</x4><x5>9.864930E-01</x5><x6>2.579503E-01</x6></dataPoint>
        <dataPoint><x4>5.600000E-02</x4><x5>9.734366E-01</x5><x6>2.633006E-01</x6></dataPoint>
        <dataPoint><x4>8.400000E-02</x4><x5>9.608071E-01</x5><x6>2.686510E-01</x6></dataPoint>
        <dataPoint><x4>1.120000E-01</x4><x5>9.485826E-01</x5><x6>2.740013E-01</x6></dataPoint>
        <dataPoint><x4>1.400000E-01</x4><x5>9.367424E-01</x5><x6>2.793516E-01</x6></dataPoint>
        <dataPoint><x4>1.680000E-01</x4><x5>9.252675E-01</x5><x6>2.847019E-01</x6></dataPoint>
        <dataPoint><x4>1.960000E-01</x4><x5>9.141401E-01</x5><x6>2.900522E-01</x6></dataPoint>
        <dataPoint><x4>2.240000E-01</x4><x5>9.033435E-01</x5><x6>2.954025E-01</x6></dataPoint>
        <dataPoint><x4>2.520000E-01</x4><x5>8.928622E-01</x5><x6>3.007529E-01</x6></dataPoint>
        <dataPoint><x4>2.800000E-01</x4><x5>8.826816E-01</x5><x6>3.061032E-01</x6></dataPoint>
        <dataPoint><x4>3.050062E-01</x4><x5>7.234105E-01</x5><x6>4.153670E-01</x6></dataPoint>
        <dataPoint><x4>3.155993E-01</x4><x5>5.421934E-01</x5><x6>6.446803E-01</x6></dataPoint>
        <dataPoint><x4>3.187983E-01</x4><x5>4.766111E-01</x5><x6>7.837744E-01</x6></dataPoint>
        <dataPoint><x4>3.188717E-01</x4><x5>4.779850E-01</x5><x6>7.803697E-01</x6></dataPoint>
        <dataPoint><x4>3.215902E-01</x4><x5>4.430038E-01</x5><x6>8.753132E-01</x6></dataPoint>
        <dataPoint><x4>3.228354E-01</x4><x5>4.125741E-01</x5><x6>9.744073E-01</x6></dataPoint>
        <dataPoint><x4>3.254061E-01</x4><x5>3.565148E-01</x5><x6>1.213321E+00</x6></dataPoint>
        <dataPoint><x4>3.260185E-01</x4><x5>3.552033E-01</x5><x6>1.220037E+00</x6></dataPoint>
        <dataPoint><x4>3.286209E-01</x4><x5>2.965565E-01</x5><x6>1.597182E+00</x6></dataPoint>
        <dataPoint><x4>3.289551E-01</x4><x5>2.877360E-01</x5><x6>1.670523E+00</x6></dataPoint>
        <dataPoint><x4>3.309801E-01</x4><x5>2.511947E-01</x5><x6>2.043061E+00</x6></dataPoint>
        <dataPoint><x4>3.312017E-01</x4><x5>2.389708E-01</x5><x6>2.199282E+00</x6></dataPoint>
        <dataPoint><x4>3.314040E-01</x4><x5>2.426508E-01</x5><x6>2.150231E+00</x6></dataPoint>
        <dataPoint><x4>3.317774E-01</x4><x5>2.323908E-01</x5><x6>2.291730E+00</x6></dataPoint>
        <dataPoint><x4>3.326084E-01</x4><x5>2.226005E-01</x5><x6>2.441702E+00</x6></dataPoint>
        <dataPoint><x4>3.335059E-01</x4><x5>2.015448E-01</x5><x6>2.825334E+00</x6></dataPoint>
        <dataPoint><x4>3.337279E-01</x4><x5>1.980476E-01</x5><x6>2.898735E+00</x6></dataPoint>
        <dataPoint><x4>3.339040E-01</x4><x5>1.939678E-01</x5><x6>2.988438E+00</x6></dataPoint>
        <dataPoint><x4>3.341156E-01</x4><x5>1.899043E-01</x5><x6>3.082447E+00</x6></dataPoint>
        <dataPoint><x4>3.344384E-01</x4><x5>1.827516E-01</x5><x6>3.260312E+00</x6></dataPoint>
        <dataPoint><x4>3.346439E-01</x4><x5>1.770351E-01</x5><x6>3.415062E+00</x6></dataPoint>
        <dataPoint><x4>3.354246E-01</x4><x5>1.612714E-01</x5><x6>3.911597E+00</x6></dataPoint>
        <dataPoint><x4>3.356028E-01</x4><x5>1.597307E-01</x5><x6>3.966524E+00</x6></dataPoint>
        <dataPoint><x4>3.358043E-01</x4><x5>1.532743E-01</x5><x6>4.211291E+00</x6></dataPoint>
        <dataPoint><x4>3.363056E-01</x4><x5>1.459980E-01</x5><x6>4.518726E+00</x6></dataPoint>
        <dataPoint><x4>3.369950E-01</x4><x5>1.325203E-01</x5><x6>5.197401E+00</x6></dataPoint>
        <dataPoint><x4>3.377754E-01</x4><x5>1.159612E-01</x5><x6>6.297581E+00</x6></dataPoint>
        <dataPoint><x4>3.379911E-01</x4><x5>1.130693E-01</x5><x6>6.529879E+00</x6></dataPoint>
        <dataPoint><x4>3.387907E-01</x4><x5>9.638941E-02</x5><x6>8.203583E+00</x6></dataPoint>
        <dataPoint><x4>3.391851E-01</x4><x5>8.913326E-02</x5><x6>9.170739E+00</x6></dataPoint>
        <dataPoint><x4>3.400027E-01</x4><x5>7.496975E-02</x5><x6>1.172228E+01</x6></dataPoint>
        <dataPoint><x4>3.402112E-01</x4><x5>7.291350E-02</x5><x6>1.219260E+01</x6></dataPoint>
        <dataPoint><x4>3.410047E-01</x4><x5>6.775237E-02</x5><x6>1.352488E+01</x6></dataPoint>
        <dataPoint><x4>3.414287E-01</x4><x5>6.471176E-02</x5><x6>1.442971E+01</x6></dataPoint>
        <dataPoint><x4>3.417819E-01</x4><x5>6.342895E-02</x5><x6>1.484264E+01</x6></dataPoint>
        <dataPoint><x4>3.423191E-01</x4><x5>6.312827E-02</x5><x6>1.494233E+01</x6></dataPoint>
        <dataPoint><x4>3.423614E-01</x4><x5>6.301553E-02</x5><x6>1.498000E+01</x6></dataPoint>
        <dataPoint><x4>3.473614E-01</x4><x5>6.593530E-02</x5><x6>1.405364E+01</x6></dataPoint>
        <dataPoint><x4>3.523614E-01</x4><x5>6.752585E-02</x5><x6>1.358895E+01</x6></dataPoint>
        <dataPoint><x4>3.573614E-01</x4><x5>6.900259E-02</x5><x6>1.318029E+01</x6></dataPoint>
        <dataPoint><x4>3.623614E-01</x4><x5>7.036673E-02</x5><x6>1.282089E+01</x6></dataPoint>
        <dataPoint><x4>3.673614E-01</x4><x5>7.162091E-02</x5><x6>1.250482E+01</x6></dataPoint>
        <dataPoint><x4>3.723614E-01</x4><x5>7.276898E-02</x5><x6>1.222686E+01</x6></dataPoint>
        <dataPoint><x4>3.773614E-01</x4><x5>7.381566E-02</x5><x6>1.198240E+01</x6></dataPoint>
        <dataPoint><x4>3.823614E-01</x4><x5>7.476640E-02</x5><x6>1.176742E+01</x6></dataPoint>
        <dataPoint><x4>3.873614E-01</x4><x5>7.562707E-02</x5><x6>1.157836E+01</x6></dataPoint>
        <dataPoint><x4>3.923614E-01</x4><x5>7.640381E-02</x5><x6>1.141209E+01</x6></dataPoint>
        <dataPoint><x4>3.973614E-01</x4><x5>7.710285E-02</x5><x6>1.126586E+01</x6></dataPoint>
        <dataPoint><x4>4.023614E-01</x4><x5>7.773039E-02</x5><x6>1.113726E+01</x6></dataPoint>
        <dataPoint><x4>4.073614E-01</x4><x5>7.829245E-02</x5><x6>1.102417E+01</x6></dataPoint>
        <dataPoint><x4>4.123614E-01</x4><x5>7.879485E-02</x5><x6>1.092471E+01</x6></dataPoint>
        <dataPoint><x4>4.173614E-01</x4><x5>7.924309E-02</x5><x6>1.083724E+01</x6></dataPoint>
        <dataPoint><x4>4.223614E-01</x4><x5>7.964236E-02</x5><x6>1.076032E+01</x6></dataPoint>
        <dataPoint><x4>4.273614E-01</x4><x5>7.999750E-02</x5><x6>1.069267E+01</x6></dataPoint>
        <dataPoint><x4>4.323614E-01</x4><x5>8.031296E-02</x5><x6>1.063318E+01</x6></dataPoint>
        <dataPoint><x4>4.373614E-01</x4><x5>8.059286E-02</x5><x6>1.058086E+01</x6></dataPoint>
        <dataPoint><x4>4.423614E-01</x4><x5>8.084095E-02</x5><x6>1.053484E+01</x6></dataPoint>
        <dataPoint><x4>4.473614E-01</x4><x5>8.106064E-02</x5><x6>1.049438E+01</x6></dataPoint>
        <dataPoint><x4>4.523614E-01</x4><x5>8.125503E-02</x5><x6>1.045879E+01</x6></dataPoint>
        <dataPoint><x4>4.573614E-01</x4><x5>8.142691E-02</x5><x6>1.042749E+01</x6></dataPoint>
        <dataPoint><x4>4.623614E-01</x4><x5>8.157879E-02</x5><x6>1.039997E+01</x6></dataPoint>
        <dataPoint><x4>4.673614E-01</x4><x5>8.171291E-02</x5><x6>1.037576E+01</x6></dataPoint>
        <dataPoint><x4>4.723614E-01</x4><x5>8.183131E-02</x5><x6>1.035448E+01</x6></dataPoint>
        <dataPoint><x4>4.773614E-01</x4><x5>8.193577E-02</x5><x6>1.033575E+01</x6></dataPoint>
        <dataPoint><x4>4.823614E-01</x4><x5>8.202789E-02</x5><x6>1.031929E+01</x6></dataPoint>
        <dataPoint><x4>4.873614E-01</x4><x5>8.210912E-02</x5><x6>1.030481E+01</x6></dataPoint>
        <dataPoint><x4>4.923614E-01</x4><x5>8.218071E-02</x5><x6>1.029208E+01</x6></dataPoint>
    </dataGroup>
    <dataGroup id="dg2" label="V-t history" dataPointLink="9">
        <property name="time"      id="x4"   label="t"            sourcetype="calculated"  units="s"   />
        <property name="volume"    id="x5"   label="V"            sourcetype="calculated"  units="cm3" />
        <property name="pressure"  id="x6"   label="p"            sourcetype="estimated"   units="bar"  kind="reactive" />

        <dataPoint><x4>0.000000E+00</x4><x5>1.000000E+00</x5><x6>2.667000E-01</x6></dataPoint>
        <dataPoint><x4>2.800000E-02</x4><x5>9.857654E-01</x5><x6>2.726569E-01</x6></dataPoint>
        <dataPoint><x4>5.600000E-02</x4><x5>9.720305E-01</x5><x6>2.786138E-01</x6></dataPoint>
        <dataPoint><x4>8.400000E-02</x4><x5>9.587679E-01</x5><x6>2.845707E-01</x6></dataPoint>
        <dataPoint><x4>1.120000E-01</x4><x5>9.459518E-01</x5><x6>2.905276E-01</x6></dataPoint>
        <dataPoint><x4>1.400000E-01</x4><x5>9.335585E-01</x5><x6>2.964845E-01</x6></dataPoint>
        <dataPoint><x4>1.680000E-01</x4><x5>9.215661E-01</x5><x6>3.024415E-01</x6></dataPoint>
        <dataPoint><x4>1.960000E-01</x4><x5>9.099540E-01</x5><x6>3.083984E-01</x6></dataPoint>
        <dataPoint><x4>2.240000E-01</x4><x5>8.987032E-01</x5><x6>3.143553E-01</x6></dataPoint>
        <dataPoint><x4>2.520000E-01</x4><x5>8.877959E-01</x5><x6>3.203122E-01</x6></dataPoint>
        <dataPoint><x4>2.800000E-01</x4><x5>8.772155E-01</x5><x6>3.262691E-01</x6></dataPoint>
        <dataPoint><x4>2.882615E-01</x4><x5>7.073469E-01</x5><x6>4.537944E-01</x6></dataPoint>
        <dataPoint><x4>2.986044E-01</x4><x5>5.049206E-01</x5><x6>7.579963E-01</x6></dataPoint>
        <dataPoint><x4>3.020452E-01</x4><x5>4.475664E-01</x5><x6>9.095305E-01</x6></dataPoint>
        <dataPoint><x4>3.045746E-01</x4><x5>3.921915E-01</x5><x6>1.109580E+00</x6></dataPoint>
        <dataPoint><x4>3.062816E-01</x4><x5>3.650048E-01</x5><x6>1.235832E+00</x6></dataPoint>
        <dataPoint><x4>3.078019E-01</x4><x5>3.138597E-01</x5><x6>1.548526E+00</x6></dataPoint>
        <dataPoint><x4>3.079998E-01</x4><x5>3.010678E-01</x5><x6>1.647494E+00</x6></dataPoint>
        <dataPoint><x4>3.083660E-01</x4><x5>3.040372E-01</x5><x6>1.623610E+00</x6></dataPoint>
        <dataPoint><x4>3.088757E-01</x4><x5>2.940747E-01</x5><x6>1.706090E+00</x6></dataPoint>
        <dataPoint><x4>3.112210E-01</x4><x5>2.431402E-01</x5><x6>2.261195E+00</x6></dataPoint>
        <dataPoint><x4>3.119218E-01</x4><x5>2.323533E-01</x5><x6>2.417654E+00</x6></dataPoint>
        <dataPoint><x4>3.136877E-01</x4><x5>1.906992E-01</x5><x6>3.230667E+00</x6></dataPoint>
        <dataPoint><x4>3.139912E-01</x4><x5>1.813759E-01</x5><x6>3.476000E+00</x6></dataPoint>
        <dataPoint><x4>3.144772E-01</x4><x5>1.737342E-01</x5><x6>3.701073E+00</x6></dataPoint>
        <dataPoint><x4>3.148107E-01</x4><x5>1.635359E-01</x5><x6>4.041500E+00</x6></dataPoint>
        <dataPoint><x4>3.150108E-01</x4><x5>1.610550E-01</x5><x6>4.132234E+00</x6></dataPoint>
        <dataPoint><x4>3.154073E-01</x4><x5>1.496037E-01</x5><x6>4.598630E+00</x6></dataPoint>
        <dataPoint><x4>3.156006E-01</x4><x5>1.479357E-01</x5><x6>4.673874E+00</x6></dataPoint>
        <dataPoint><x4>3.158214E-01</x4><x5>1.418518E-01</x5><x6>4.966503E+00</x6></dataPoint>
        <dataPoint><x4>3.162023E-01</x4><x5>1.338352E-01</x5><x6>5.401506E+00</x6></dataPoint>
        <dataPoint><x4>3.165871E-01</x4><x5>1.255575E-01</x5><x6>5.921655E+00</x6></dataPoint>
        <dataPoint><x4>3.170353E-01</x4><x5>1.160301E-01</x5><x6>6.632316E+00</x6></dataPoint>
        <dataPoint><x4>3.171712E-01</x4><x5>1.134677E-01</x5><x6>6.848084E+00</x6></dataPoint>
        <dataPoint><x4>3.175734E-01</x4><x5>1.043168E-01</x5><x6>7.723660E+00</x6></dataPoint>
        <dataPoint><x4>3.179943E-01</x4><x5>9.504416E-02</x5><x6>8.820623E+00</x6></dataPoint>
        <dataPoint><x4>3.181984E-01</x4><x5>9.082636E-02</x5><x6>9.409336E+00</x6></dataPoint>
        <dataPoint><x4>3.184019E-01</x4><x5>8.571791E-02</x5><x6>1.021611E+01</x6></dataPoint>
        <dataPoint><x4>3.185993E-01</x4><x5>8.287084E-02</x5><x6>1.071775E+01</x6></dataPoint>
        <dataPoint><x4>3.188064E-01</x4><x5>7.869527E-02</x5><x6>1.153260E+01</x6></dataPoint>
        <dataPoint><x4>3.190181E-01</x4><x5>7.575676E-02</x5><x6>1.217090E+01</x6></dataPoint>
        <dataPoint><x4>3.193979E-01</x4><x5>7.297665E-02</x5><x6>1.283169E+01</x6></dataPoint>
        <dataPoint><x4>3.195997E-01</x4><x5>7.149163E-02</x5><x6>1.320992E+01</x6></dataPoint>
        <dataPoint><x4>3.198190E-01</x4><x5>6.963558E-02</x5><x6>1.370983E+01</x6></dataPoint>
        <dataPoint><x4>3.202491E-01</x4><x5>6.660465E-02</x5><x6>1.459815E+01</x6></dataPoint>
        <dataPoint><x4>3.204026E-01</x4><x5>6.569511E-02</x5><x6>1.488388E+01</x6></dataPoint>
        <dataPoint><x4>3.206054E-01</x4><x5>6.505711E-02</x5><x6>1.509000E+01</x6></dataPoint>
        <dataPoint><x4>3.256054E-01</x4><x5>6.804703E-02</x5><x6>1.416364E+01</x6></dataPoint>
        <dataPoint><x4>3.306054E-01</x4><x5>6.967473E-02</x5><x6>1.369895E+01</x6></dataPoint>
        <dataPoint><x4>3.356054E-01</x4><x5>7.118528E-02</x5><x6>1.329029E+01</x6></dataPoint>
        <dataPoint><x4>3.406054E-01</x4><x5>7.258008E-02</x5><x6>1.293089E+01</x6></dataPoint>
        <dataPoint><x4>3.456054E-01</x4><x5>7.386195E-02</x5><x6>1.261482E+01</x6></dataPoint>
        <dataPoint><x4>3.506054E-01</x4><x5>7.503493E-02</x5><x6>1.233686E+01</x6></dataPoint>
        <dataPoint><x4>3.556054E-01</x4><x5>7.610398E-02</x5><x6>1.209240E+01</x6></dataPoint>
        <dataPoint><x4>3.606054E-01</x4><x5>7.707474E-02</x5><x6>1.187742E+01</x6></dataPoint>
        <dataPoint><x4>3.656054E-01</x4><x5>7.795329E-02</x5><x6>1.168836E+01</x6></dataPoint>
        <dataPoint><x4>3.706054E-01</x4><x5>7.874597E-02</x5><x6>1.152209E+01</x6></dataPoint>
        <dataPoint><x4>3.756054E-01</x4><x5>7.945920E-02</x5><x6>1.137586E+01</x6></dataPoint>
        <dataPoint><x4>3.806054E-01</x4><x5>8.009934E-02</x5><x6>1.124726E+01</x6></dataPoint>
        <dataPoint><x4>3.856054E-01</x4><x5>8.067259E-02</x5><x6>1.113417E+01</x6></dataPoint>
        <dataPoint><x4>3.906054E-01</x4><x5>8.118490E-02</x5><x6>1.103471E+01</x6></dataPoint>
        <dataPoint><x4>3.956054E-01</x4><x5>8.164192E-02</x5><x6>1.094724E+01</x6></dataPoint>
        <dataPoint><x4>4.006054E-01</x4><x5>8.204895E-02</x5><x6>1.087032E+01</x6></dataPoint>
        <dataPoint><x4>4.056054E-01</x4><x5>8.241095E-02</x5><x6>1.080267E+01</x6></dataPoint>
        <dataPoint><x4>4.106054E-01</x4><x5>8.273248E-02</x5><x6>1.074318E+01</x6></dataPoint>
        <dataPoint><x4>4.156054E-01</x4><x5>8.301773E-02</x5><x6>1.069086E+01</x6></dataPoint>
        <dataPoint><x4>4.206054E-01</x4><x5>8.327054E-02</x5><x6>1.064484E+01</x6></dataPoint>
        <dataPoint><x4>4.256054E-01</x4><x5>8.349440E-02</x5><x6>1.060438E+01</x6></dataPoint>
        <dataPoint><x4>4.306054E-01</x4><x5>8.369246E-02</x5><x6>1.056879E+01</x6></dataPoint>
        <dataPoint><x4>4.356054E-01</x4><x5>8.386758E-02</x5><x6>1.053749E+01</x6></dataPoint>
        <dataPoint><x4>4.406054E-01</x4><x5>8.402231E-02</x5><x6>1.050997E+01</x6></dataPoint>
        <dataPoint><x4>4.456054E-01</x4><x5>8.415895E-02</x5><x6>1.048576E+01</x6></dataPoint>
        <dataPoint><x4>4.506054E-01</x4><x5>8.427955E-02</x5><x6>1.046448E+01</x6></dataPoint>
        <dataPoint><x4>4.556054E-01</x4><x5>8.438596E-02</x5><x6>1.044575E+01</x6></dataPoint>
        <dataPoint><x4>4.606054E-01</x4><x5>8.447981E-02</x5><x6>1.042929E+01</x6></dataPoint>
        <dataPoint><x4>4.656054E-01</x4><x5>8.456255E-02</x5><x6>1.041481E+01</x6></dataPoint>
        <dataPoint><x4>4.706054E-01</x4><x5>8.463547E-02</x5><x6>1.040208E+01</x6></dataPoint>
    </dataGroup>
    <dataGroup id="dg2" label="V-t history" dataPointLink="10">
        <property name="time"      id="x4"   label="t"            sourcetype="calculated"  units="s"   />
        <property name="volume"    id="x5"   label="V"            sourcetype="calculated"  units="cm3" />
        <property name="pressure"  id="x6"   label="p"            sourcetype="estimated"   units="bar"  kind="reactive" />

        <dataPoint><x4>0.000000E+00</x4><x5>1.000000E+00</x5><x6>2.736000E-01</x6></dataPoint>
        <dataPoint><x4>2.800000E-02</x4><x5>9.804780E-01</x5><x6>2.820378E-01</x6></dataPoint>
        <dataPoint><x4>5.600000E-02</x4><x5>9.618886E-01</x5><x6>2.904756E-01</x6></dataPoint>
        <dataPoint><x4>8.400000E-02</x4><x5>9.441622E-01</x5><x6>2.989134E-01</x6></dataPoint>
        <dataPoint><x4>1.120000E-01</x4><x5>9.272361E-01</x5><x6>3.073512E-01</x6></dataPoint>
        <dataPoint><x4>1.400000E-01</x4><x5>9.110535E-01</x5><x6>3.157889E-01</x6></dataPoint>
        <dataPoint><x4>1.680000E-01</x4><x5>8.955633E-01</x5><x6>3.242267E-01</x6></dataPoint>
        <dataPoint><x4>1.960000E-01</x4><x5>8.807190E-01</x5><x6>3.326645E-01</x6></dataPoint>
        <dataPoint><x4>2.240000E-01</x4><x5>8.664782E-01</x5><x6>3.411023E-01</x6></dataPoint>
        <dataPoint><x4>2.520000E-01</x4><x5>8.528025E-01</x5><x6>3.495401E-01</x6></dataPoint>
        <dataPoint><x4>2.800000E-01</x4><x5>8.396566E-01</x5><x6>3.579779E-01</x6></dataPoint>
        <dataPoint><x4>2.858179E-01</x4><x5>7.766872E-01</x5><x6>4.034435E-01</x6></dataPoint>
        <dataPoint><x4>2.871298E-01</x4><x5>7.275242E-01</x5><x6>4.459280E-01</x6></dataPoint>
        <dataPoint><x4>2.916239E-01</x4><x5>7.201684E-01</x5><x6>4.529141E-01</x6></dataPoint>
        <dataPoint><x4>2.982757E-01</x4><x5>6.201410E-01</x5><x6>5.690534E-01</x6></dataPoint>
        <dataPoint><x4>2.994805E-01</x4><x5>5.636571E-01</x5><x6>6.580418E-01</x6></dataPoint>
        <dataPoint><x4>3.021021E-01</x4><x5>5.563793E-01</x5><x6>6.711614E-01</x6></dataPoint>
        <dataPoint><x4>3.039128E-01</x4><x5>4.930160E-01</x5><x6>8.061784E-01</x6></dataPoint>
        <dataPoint><x4>3.061290E-01</x4><x5>4.934259E-01</x5><x6>8.051652E-01</x6></dataPoint>
        <dataPoint><x4>3.063667E-01</x4><x5>4.617126E-01</x5><x6>8.902172E-01</x6></dataPoint>
        <dataPoint><x4>3.095631E-01</x4><x5>4.013967E-01</x5><x6>1.099240E+00</x6></dataPoint>
        <dataPoint><x4>3.112011E-01</x4><x5>3.640041E-01</x5><x6>1.272962E+00</x6></dataPoint>
        <dataPoint><x4>3.143207E-01</x4><x5>2.927037E-01</x5><x6>1.762307E+00</x6></dataPoint>
        <dataPoint><x4>3.161830E-01</x4><x5>2.474611E-01</x5><x6>2.259974E+00</x6></dataPoint>
        <dataPoint><x4>3.168921E-01</x4><x5>2.290398E-01</x5><x6>2.533005E+00</x6></dataPoint>
        <dataPoint><x4>3.179296E-01</x4><x5>2.136833E-01</x5><x6>2.805087E+00</x6></dataPoint>
        <dataPoint><x4>3.182119E-01</x4><x5>2.043066E-01</x5><x6>2.995937E+00</x6></dataPoint>
        <dataPoint><x4>3.186407E-01</x4><x5>1.977507E-01</x5><x6>3.142518E+00</x6></dataPoint>
        <dataPoint><x4>3.190942E-01</x4><x5>1.855576E-01</x5><x6>3.448910E+00</x6></dataPoint>
        <dataPoint><x4>3.193390E-01</x4><x5>1.790145E-01</x5><x6>3.634363E+00</x6></dataPoint>
        <dataPoint><x4>3.196071E-01</x4><x5>1.735588E-01</x5><x6>3.802011E+00</x6></dataPoint>
        <dataPoint><x4>3.197907E-01</x4><x5>1.668340E-01</x5><x6>4.027029E+00</x6></dataPoint>
        <dataPoint><x4>3.201074E-01</x4><x5>1.621028E-01</x5><x6>4.198944E+00</x6></dataPoint>
        <dataPoint><x4>3.209172E-01</x4><x5>1.442209E-01</x5><x6>4.973874E+00</x6></dataPoint>
        <dataPoint><x4>3.210355E-01</x4><x5>1.420825E-01</x5><x6>5.082434E+00</x6></dataPoint>
        <dataPoint><x4>3.212293E-01</x4><x5>1.375871E-01</x5><x6>5.323957E+00</x6></dataPoint>
        <dataPoint><x4>3.214339E-01</x4><x5>1.324010E-01</x5><x6>5.627280E+00</x6></dataPoint>
        <dataPoint><x4>3.216378E-01</x4><x5>1.276007E-01</x5><x6>5.934641E+00</x6></dataPoint>
        <dataPoint><x4>3.218176E-01</x4><x5>1.240799E-01</x5><x6>6.178356E+00</x6></dataPoint>
        <dataPoint><x4>3.222235E-01</x4><x5>1.151859E-01</x5><x6>6.874609E+00</x6></dataPoint>
        <dataPoint><x4>3.225928E-01</x4><x5>1.073446E-01</x5><x6>7.604890E+00</x6></dataPoint>
        <dataPoint><x4>3.228115E-01</x4><x5>1.014484E-01</x5><x6>8.244199E+00</x6></dataPoint>
        <dataPoint><x4>3.230004E-01</x4><x5>9.755576E-02</x5><x6>8.717415E+00</x6></dataPoint>
        <dataPoint><x4>3.232413E-01</x4><x5>9.218214E-02</x5><x6>9.450029E+00</x6></dataPoint>
        <dataPoint><x4>3.238268E-01</x4><x5>8.055542E-02</x5><x6>1.144401E+01</x6></dataPoint>
        <dataPoint><x4>3.240243E-01</x4><x5>7.833486E-02</x5><x6>1.190627E+01</x6></dataPoint>
        <dataPoint><x4>3.242257E-01</x4><x5>7.625206E-02</x5><x6>1.236923E+01</x6></dataPoint>
        <dataPoint><x4>3.244224E-01</x4><x5>7.445200E-02</x5><x6>1.279437E+01</x6></dataPoint>
        <dataPoint><x4>3.254048E-01</x4><x5>6.687901E-02</x5><x6>1.488684E+01</x6></dataPoint>
        <dataPoint><x4>3.257572E-01</x4><x5>6.650754E-02</x5><x6>1.500421E+01</x6></dataPoint>
        <dataPoint><x4>3.261455E-01</x4><x5>6.650526E-02</x5><x6>1.500493E+01</x6></dataPoint>
        <dataPoint><x4>3.261841E-01</x4><x5>6.645794E-02</x5><x6>1.502000E+01</x6></dataPoint>
        <dataPoint><x4>3.311841E-01</x4><x5>6.952565E-02</x5><x6>1.409364E+01</x6></dataPoint>
        <dataPoint><x4>3.361841E-01</x4><x5>7.119631E-02</x5><x6>1.362895E+01</x6></dataPoint>
        <dataPoint><x4>3.411841E-01</x4><x5>7.274714E-02</x5><x6>1.322029E+01</x6></dataPoint>
        <dataPoint><x4>3.461841E-01</x4><x5>7.417947E-02</x5><x6>1.286089E+01</x6></dataPoint>
        <dataPoint><x4>3.511841E-01</x4><x5>7.549613E-02</x5><x6>1.254482E+01</x6></dataPoint>
        <dataPoint><x4>3.561841E-01</x4><x5>7.670119E-02</x5><x6>1.226686E+01</x6></dataPoint>
        <dataPoint><x4>3.611841E-01</x4><x5>7.779970E-02</x5><x6>1.202240E+01</x6></dataPoint>
        <dataPoint><x4>3.661841E-01</x4><x5>7.879737E-02</x5><x6>1.180742E+01</x6></dataPoint>
        <dataPoint><x4>3.711841E-01</x4><x5>7.970043E-02</x5><x6>1.161836E+01</x6></dataPoint>
        <dataPoint><x4>3.761841E-01</x4><x5>8.051534E-02</x5><x6>1.145209E+01</x6></dataPoint>
        <dataPoint><x4>3.811841E-01</x4><x5>8.124866E-02</x5><x6>1.130586E+01</x6></dataPoint>
        <dataPoint><x4>3.861841E-01</x4><x5>8.190691E-02</x5><x6>1.117726E+01</x6></dataPoint>
        <dataPoint><x4>3.911841E-01</x4><x5>8.249644E-02</x5><x6>1.106417E+01</x6></dataPoint>
        <dataPoint><x4>3.961841E-01</x4><x5>8.302335E-02</x5><x6>1.096471E+01</x6></dataPoint>
        <dataPoint><x4>4.011841E-01</x4><x5>8.349344E-02</x5><x6>1.087724E+01</x6></dataPoint>
        <dataPoint><x4>4.061841E-01</x4><x5>8.391214E-02</x5><x6>1.080032E+01</x6></dataPoint>
        <dataPoint><x4>4.111841E-01</x4><x5>8.428454E-02</x5><x6>1.073267E+01</x6></dataPoint>
        <dataPoint><x4>4.161841E-01</x4><x5>8.461532E-02</x5><x6>1.067318E+01</x6></dataPoint>
        <dataPoint><x4>4.211841E-01</x4><x5>8.490880E-02</x5><x6>1.062086E+01</x6></dataPoint>
        <dataPoint><x4>4.261841E-01</x4><x5>8.516892E-02</x5><x6>1.057484E+01</x6></dataPoint>
        <dataPoint><x4>4.311841E-01</x4><x5>8.539926E-02</x5><x6>1.053438E+01</x6></dataPoint>
        <dataPoint><x4>4.361841E-01</x4><x5>8.560306E-02</x5><x6>1.049879E+01</x6></dataPoint>
        <dataPoint><x4>4.411841E-01</x4><x5>8.578325E-02</x5><x6>1.046749E+01</x6></dataPoint>
        <dataPoint><x4>4.461841E-01</x4><x5>8.594248E-02</x5><x6>1.043997E+01</x6></dataPoint>
        <dataPoint><x4>4.511841E-01</x4><x5>8.608309E-02</x5><x6>1.041576E+01</x6></dataPoint>
        <dataPoint><x4>4.561841E-01</x4><x5>8.620720E-02</x5><x6>1.039448E+01</x6></dataPoint>
        <dataPoint><x4>4.611841E-01</x4><x5>8.631671E-02</x5><x6>1.037575E+01</x6></dataPoint>
        <dataPoint><x4>4.661841E-01</x4><x5>8.641329E-02</x5><x6>1.035929E+01</x6></dataPoint>
        <dataPoint><x4>4.711841E-01</x4><x5>8.649844E-02</x5><x6>1.034481E+01</x6></dataPoint>
        <dataPoint><x4>4.761841E-01</x4><x5>8.657349E-02</x5><x6>1.033208E+01</x6></dataPoint>
    </dataGroup>
    <dataGroup id="dg2" label="V-t history" dataPointLink="11">
        <property name="time"      id="x4"   label="t"            sourcetype="calculated"  units="s"   />
        <property name="volume"    id="x5"   label="V"            sourcetype="calculated"  units="cm3" />
        <property name="pressure"  id="x6"   label="p"            sourcetype="estimated"   units="bar"  kind="reactive" />

        <dataPoint><x4>0.000000E+00</x4><x5>1.000000E+00</x5><x6>2.920000E-01</x6></dataPoint>
        <dataPoint><x4>2.800000E-02</x4><x5>9.751173E-01</x5><x6>3.035578E-01</x6></dataPoint>
        <dataPoint><x4>5.600000E-02</x4><x5>9.517378E-01</x5><x6>3.151156E-01</x6></dataPoint>
        <dataPoint><x4>8.400000E-02</x4><x5>9.297204E-01</x5><x6>3.266733E-01</x6></dataPoint>
        <dataPoint><x4>1.120000E-01</x4><x5>9.089418E-01</x5><x6>3.382311E-01</x6></dataPoint>
        <dataPoint><x4>1.400000E-01</x4><x5>8.892935E-01</x5><x6>3.497889E-01</x6></dataPoint>
        <dataPoint><x4>1.680000E-01</x4><x5>8.706796E-01</x5><x6>3.613467E-01</x6></dataPoint>
        <dataPoint><x4>1.960000E-01</x4><x5>8.530151E-01</x5><x6>3.729045E-01</x6></dataPoint>
        <dataPoint><x4>2.240000E-01</x4><x5>8.362244E-01</x5><x6>3.844622E-01</x6></dataPoint>
        <dataPoint><x4>2.520000E-01</x4><x5>8.202401E-01</x5><x6>3.960200E-01</x6></dataPoint>
        <dataPoint><x4>2.800000E-01</x4><x5>8.050014E-01</x5><x6>4.075778E-01</x6></dataPoint>
        <dataPoint><x4>2.913772E-01</x4><x5>5.987433E-01</x5><x6>6.406791E-01</x6></dataPoint>
        <dataPoint><x4>2.960008E-01</x4><x5>5.040088E-01</x5><x6>8.321490E-01</x6></dataPoint>
        <dataPoint><x4>2.982831E-01</x4><x5>4.527033E-01</x5><x6>9.787724E-01</x6></dataPoint>
        <dataPoint><x4>3.010726E-01</x4><x5>3.953183E-01</x5><x6>1.200376E+00</x6></dataPoint>
        <dataPoint><x4>3.030293E-01</x4><x5>3.543938E-01</x5><x6>1.414101E+00</x6></dataPoint>
        <dataPoint><x4>3.033516E-01</x4><x5>3.493174E-01</x5><x6>1.444958E+00</x6></dataPoint>
        <dataPoint><x4>3.064441E-01</x4><x5>2.715248E-01</x5><x6>2.102585E+00</x6></dataPoint>
        <dataPoint><x4>3.068090E-01</x4><x5>2.593447E-01</x5><x6>2.250423E+00</x6></dataPoint>
        <dataPoint><x4>3.070022E-01</x4><x5>2.622133E-01</x5><x6>2.214093E+00</x6></dataPoint>
        <dataPoint><x4>3.071672E-01</x4><x5>2.523343E-01</x5><x6>2.343472E+00</x6></dataPoint>
        <dataPoint><x4>3.080597E-01</x4><x5>2.305782E-01</x5><x6>2.676839E+00</x6></dataPoint>
        <dataPoint><x4>3.088024E-01</x4><x5>2.118098E-01</x5><x6>3.032684E+00</x6></dataPoint>
        <dataPoint><x4>3.095663E-01</x4><x5>1.969542E-01</x5><x6>3.373727E+00</x6></dataPoint>
        <dataPoint><x4>3.103996E-01</x4><x5>1.802898E-01</x5><x6>3.838835E+00</x6></dataPoint>
        <dataPoint><x4>3.108380E-01</x4><x5>1.671627E-01</x5><x6>4.285571E+00</x6></dataPoint>
        <dataPoint><x4>3.111975E-01</x4><x5>1.605552E-01</x5><x6>4.544184E+00</x6></dataPoint>
        <dataPoint><x4>3.114323E-01</x4><x5>1.541188E-01</x5><x6>4.822044E+00</x6></dataPoint>
        <dataPoint><x4>3.121594E-01</x4><x5>1.367280E-01</x5><x6>5.733592E+00</x6></dataPoint>
        <dataPoint><x4>3.126231E-01</x4><x5>1.246416E-01</x5><x6>6.551177E+00</x6></dataPoint>
        <dataPoint><x4>3.127692E-01</x4><x5>1.215752E-01</x5><x6>6.789957E+00</x6></dataPoint>
        <dataPoint><x4>3.132215E-01</x4><x5>1.110074E-01</x5><x6>7.735830E+00</x6></dataPoint>
        <dataPoint><x4>3.136187E-01</x4><x5>1.014266E-01</x5><x6>8.801333E+00</x6></dataPoint>
        <dataPoint><x4>3.140265E-01</x4><x5>9.193388E-02</x5><x6>1.012433E+01</x6></dataPoint>
        <dataPoint><x4>3.144288E-01</x4><x5>8.410354E-02</x5><x6>1.148946E+01</x6></dataPoint>
        <dataPoint><x4>3.147762E-01</x4><x5>7.940923E-02</x5><x6>1.246417E+01</x6></dataPoint>
        <dataPoint><x4>3.152293E-01</x4><x5>7.532681E-02</x5><x6>1.343107E+01</x6></dataPoint>
        <dataPoint><x4>3.154039E-01</x4><x5>7.401488E-02</x5><x6>1.376898E+01</x6></dataPoint>
        <dataPoint><x4>3.156314E-01</x4><x5>7.188562E-02</x5><x6>1.434889E+01</x6></dataPoint>
        <dataPoint><x4>3.159883E-01</x4><x5>6.958896E-02</x5><x6>1.502215E+01</x6></dataPoint>
        <dataPoint><x4>3.161998E-01</x4><x5>6.917236E-02</x5><x6>1.515000E+01</x6></dataPoint>
        <dataPoint><x4>3.211998E-01</x4><x5>7.233307E-02</x5><x6>1.422364E+01</x6></dataPoint>
        <dataPoint><x4>3.261998E-01</x4><x5>7.405302E-02</x5><x6>1.375895E+01</x6></dataPoint>
        <dataPoint><x4>3.311998E-01</x4><x5>7.564873E-02</x5><x6>1.335029E+01</x6></dataPoint>
        <dataPoint><x4>3.361998E-01</x4><x5>7.712175E-02</x5><x6>1.299089E+01</x6></dataPoint>
        <dataPoint><x4>3.411998E-01</x4><x5>7.847519E-02</x5><x6>1.267482E+01</x6></dataPoint>
        <dataPoint><x4>3.461998E-01</x4><x5>7.971337E-02</x5><x6>1.239686E+01</x6></dataPoint>
        <dataPoint><x4>3.511998E-01</x4><x5>8.084162E-02</x5><x6>1.215240E+01</x6></dataPoint>
        <dataPoint><x4>3.561998E-01</x4><x5>8.186593E-02</x5><x6>1.193742E+01</x6></dataPoint>
        <dataPoint><x4>3.611998E-01</x4><x5>8.279278E-02</x5><x6>1.174836E+01</x6></dataPoint>
        <dataPoint><x4>3.661998E-01</x4><x5>8.362890E-02</x5><x6>1.158209E+01</x6></dataPoint>
        <dataPoint><x4>3.711998E-01</x4><x5>8.438111E-02</x5><x6>1.143586E+01</x6></dataPoint>
        <dataPoint><x4>3.761998E-01</x4><x5>8.505614E-02</x5><x6>1.130726E+01</x6></dataPoint>
        <dataPoint><x4>3.811998E-01</x4><x5>8.566057E-02</x5><x6>1.119417E+01</x6></dataPoint>
        <dataPoint><x4>3.861998E-01</x4><x5>8.620068E-02</x5><x6>1.109471E+01</x6></dataPoint>
        <dataPoint><x4>3.911998E-01</x4><x5>8.668246E-02</x5><x6>1.100724E+01</x6></dataPoint>
        <dataPoint><x4>3.961998E-01</x4><x5>8.711151E-02</x5><x6>1.093032E+01</x6></dataPoint>
        <dataPoint><x4>4.011998E-01</x4><x5>8.749305E-02</x5><x6>1.086267E+01</x6></dataPoint>
        <dataPoint><x4>4.061998E-01</x4><x5>8.783191E-02</x5><x6>1.080318E+01</x6></dataPoint>
        <dataPoint><x4>4.111998E-01</x4><x5>8.813253E-02</x5><x6>1.075086E+01</x6></dataPoint>
        <dataPoint><x4>4.161998E-01</x4><x5>8.839894E-02</x5><x6>1.070484E+01</x6></dataPoint>
        <dataPoint><x4>4.211998E-01</x4><x5>8.863484E-02</x5><x6>1.066438E+01</x6></dataPoint>
        <dataPoint><x4>4.261998E-01</x4><x5>8.884354E-02</x5><x6>1.062879E+01</x6></dataPoint>
        <dataPoint><x4>4.311998E-01</x4><x5>8.902806E-02</x5><x6>1.059749E+01</x6></dataPoint>
        <dataPoint><x4>4.361998E-01</x4><x5>8.919108E-02</x5><x6>1.056997E+01</x6></dataPoint>
        <dataPoint><x4>4.411998E-01</x4><x5>8.933505E-02</x5><x6>1.054576E+01</x6></dataPoint>
        <dataPoint><x4>4.461998E-01</x4><x5>8.946212E-02</x5><x6>1.052448E+01</x6></dataPoint>
        <dataPoint><x4>4.511998E-01</x4><x5>8.957423E-02</x5><x6>1.050575E+01</x6></dataPoint>
        <dataPoint><x4>4.561998E-01</x4><x5>8.967310E-02</x5><x6>1.048929E+01</x6></dataPoint>
        <dataPoint><x4>4.611998E-01</x4><x5>8.976026E-02</x5><x6>1.047481E+01</x6></dataPoint>
        <dataPoint><x4>4.661998E-01</x4><x5>8.983709E-02</x5><x6>1.046208E+01</x6></dataPoint>
    </dataGroup>
    <dataGroup id="dg2" label="V-t history" dataPointLink="12">
        <property name="time"      id="x4"   label="t"            sourcetype="calculated"  units="s"   />
        <property name="volume"    id="x5"   label="V"            sourcetype="calculated"  units="cm3" />
        <property name="pressure"  id="x6"   label="p"            sourcetype="estimated"   units="bar"  kind="reactive" />

        <dataPoint><x4>0.000000E+00</x4><x5>1.000000E+00</x5><x6>3.327000E-01</x6></dataPoint>
        <dataPoint><x4>2.800000E-02</x4><x5>9.840392E-01</x5><x6>3.410503E-01</x6></dataPoint>
        <dataPoint><x4>5.600000E-02</x4><x5>9.687051E-01</x5><x6>3.494006E-01</x6></dataPoint>
        <dataPoint><x4>8.400000E-02</x4><x5>9.539591E-01</x5><x6>3.577510E-01</x6></dataPoint>
        <dataPoint><x4>1.120000E-01</x4><x5>9.397656E-01</x5><x6>3.661013E-01</x6></dataPoint>
        <dataPoint><x4>1.400000E-01</x4><x5>9.260922E-01</x5><x6>3.744516E-01</x6></dataPoint>
        <dataPoint><x4>1.680000E-01</x4><x5>9.129086E-01</x5><x6>3.828019E-01</x6></dataPoint>
        <dataPoint><x4>1.960000E-01</x4><x5>9.001874E-01</x5><x6>3.911522E-01</x6></dataPoint>
        <dataPoint><x4>2.240000E-01</x4><x5>8.879029E-01</x5><x6>3.995026E-01</x6></dataPoint>
        <dataPoint><x4>2.520000E-01</x4><x5>8.760315E-01</x5><x6>4.078529E-01</x6></dataPoint>
        <dataPoint><x4>2.800000E-01</x4><x5>8.645513E-01</x5><x6>4.162032E-01</x6></dataPoint>
        <dataPoint><x4>2.930181E-01</x4><x5>7.525794E-01</x5><x6>5.148640E-01</x6></dataPoint>
        <dataPoint><x4>2.999004E-01</x4><x5>6.663200E-01</x5><x6>6.201822E-01</x6></dataPoint>
        <dataPoint><x4>3.031600E-01</x4><x5>5.979582E-01</x5><x6>7.314297E-01</x6></dataPoint>
        <dataPoint><x4>3.077463E-01</x4><x5>4.954184E-01</x5><x6>9.731183E-01</x6></dataPoint>
        <dataPoint><x4>3.102360E-01</x4><x5>4.464007E-01</x5><x6>1.139014E+00</x6></dataPoint>
        <dataPoint><x4>3.127247E-01</x4><x5>3.916163E-01</x5><x6>1.387120E+00</x6></dataPoint>
        <dataPoint><x4>3.133726E-01</x4><x5>3.706069E-01</x5><x6>1.506753E+00</x6></dataPoint>
        <dataPoint><x4>3.140676E-01</x4><x5>3.568964E-01</x5><x6>1.594279E+00</x6></dataPoint>
        <dataPoint><x4>3.141666E-01</x4><x5>3.577557E-01</x5><x6>1.588550E+00</x6></dataPoint>
        <dataPoint><x4>3.160490E-01</x4><x5>3.119092E-01</x5><x6>1.949575E+00</x6></dataPoint>
        <dataPoint><x4>3.162076E-01</x4><x5>3.019048E-01</x5><x6>2.046523E+00</x6></dataPoint>
        <dataPoint><x4>3.171053E-01</x4><x5>2.864002E-01</x5><x6>2.213340E+00</x6></dataPoint>
        <dataPoint><x4>3.194587E-01</x4><x5>2.265544E-01</x5><x6>3.129882E+00</x6></dataPoint>
        <dataPoint><x4>3.208265E-01</x4><x5>1.926636E-01</x5><x6>3.969639E+00</x6></dataPoint>
        <dataPoint><x4>3.217303E-01</x4><x5>1.696837E-01</x5><x6>4.777496E+00</x6></dataPoint>
        <dataPoint><x4>3.224181E-01</x4><x5>1.506835E-01</x5><x6>5.676230E+00</x6></dataPoint>
        <dataPoint><x4>3.227653E-01</x4><x5>1.426720E-01</x5><x6>6.143050E+00</x6></dataPoint>
        <dataPoint><x4>3.232177E-01</x4><x5>1.321342E-01</x5><x6>6.862312E+00</x6></dataPoint>
        <dataPoint><x4>3.234227E-01</x4><x5>1.257492E-01</x5><x6>7.369469E+00</x6></dataPoint>
        <dataPoint><x4>3.237760E-01</x4><x5>1.172278E-01</x5><x6>8.151006E+00</x6></dataPoint>
        <dataPoint><x4>3.249925E-01</x4><x5>9.079974E-02</x5><x6>1.174014E+01</x6></dataPoint>
        <dataPoint><x4>3.258401E-01</x4><x5>8.187892E-02</x5><x6>1.359719E+01</x6></dataPoint>
        <dataPoint><x4>3.260005E-01</x4><x5>8.073442E-02</x5><x6>1.387124E+01</x6></dataPoint>
        <dataPoint><x4>3.262003E-01</x4><x5>7.847526E-02</x5><x6>1.444033E+01</x6></dataPoint>
        <dataPoint><x4>3.264424E-01</x4><x5>7.772620E-02</x5><x6>1.463777E+01</x6></dataPoint>
        <dataPoint><x4>3.265857E-01</x4><x5>7.716022E-02</x5><x6>1.479000E+01</x6></dataPoint>
        <dataPoint><x4>3.315857E-01</x4><x5>8.076564E-02</x5><x6>1.386364E+01</x6></dataPoint>
        <dataPoint><x4>3.365857E-01</x4><x5>8.273136E-02</x5><x6>1.339895E+01</x6></dataPoint>
        <dataPoint><x4>3.415857E-01</x4><x5>8.455750E-02</x5><x6>1.299029E+01</x6></dataPoint>
        <dataPoint><x4>3.465857E-01</x4><x5>8.624531E-02</x5><x6>1.263089E+01</x6></dataPoint>
        <dataPoint><x4>3.515857E-01</x4><x5>8.779787E-02</x5><x6>1.231482E+01</x6></dataPoint>
        <dataPoint><x4>3.565857E-01</x4><x5>8.921972E-02</x5><x6>1.203686E+01</x6></dataPoint>
        <dataPoint><x4>3.615857E-01</x4><x5>9.051657E-02</x5><x6>1.179240E+01</x6></dataPoint>
        <dataPoint><x4>3.665857E-01</x4><x5>9.169501E-02</x5><x6>1.157742E+01</x6></dataPoint>
        <dataPoint><x4>3.715857E-01</x4><x5>9.276219E-02</x5><x6>1.138836E+01</x6></dataPoint>
        <dataPoint><x4>3.765857E-01</x4><x5>9.372561E-02</x5><x6>1.122209E+01</x6></dataPoint>
        <dataPoint><x4>3.815857E-01</x4><x5>9.459293E-02</x5><x6>1.107586E+01</x6></dataPoint>
        <dataPoint><x4>3.865857E-01</x4><x5>9.537173E-02</x5><x6>1.094726E+01</x6></dataPoint>
        <dataPoint><x4>3.915857E-01</x4><x5>9.606944E-02</x5><x6>1.083417E+01</x6></dataPoint>
        <dataPoint><x4>3.965857E-01</x4><x5>9.669322E-02</x5><x6>1.073471E+01</x6></dataPoint>
        <dataPoint><x4>4.015857E-01</x4><x5>9.724987E-02</x5><x6>1.064724E+01</x6></dataPoint>
        <dataPoint><x4>4.065857E-01</x4><x5>9.774580E-02</x5><x6>1.057032E+01</x6></dataPoint>
        <dataPoint><x4>4.115857E-01</x4><x5>9.818697E-02</x5><x6>1.050267E+01</x6></dataPoint>
        <dataPoint><x4>4.165857E-01</x4><x5>9.857891E-02</x5><x6>1.044318E+01</x6></dataPoint>
        <dataPoint><x4>4.215857E-01</x4><x5>9.892671E-02</x5><x6>1.039086E+01</x6></dataPoint>
        <dataPoint><x4>4.265857E-01</x4><x5>9.923502E-02</x5><x6>1.034484E+01</x6></dataPoint>
        <dataPoint><x4>4.315857E-01</x4><x5>9.950807E-02</x5><x6>1.030438E+01</x6></dataPoint>
        <dataPoint><x4>4.365857E-01</x4><x5>9.974968E-02</x5><x6>1.026879E+01</x6></dataPoint>
        <dataPoint><x4>4.415857E-01</x4><x5>9.996334E-02</x5><x6>1.023749E+01</x6></dataPoint>
        <dataPoint><x4>4.465857E-01</x4><x5>1.001521E-01</x5><x6>1.020997E+01</x6></dataPoint>
        <dataPoint><x4>4.515857E-01</x4><x5>1.003189E-01</x5><x6>1.018576E+01</x6></dataPoint>
        <dataPoint><x4>4.565857E-01</x4><x5>1.004661E-01</x5><x6>1.016448E+01</x6></dataPoint>
        <dataPoint><x4>4.615857E-01</x4><x5>1.005960E-01</x5><x6>1.014575E+01</x6></dataPoint>
        <dataPoint><x4>4.665857E-01</x4><x5>1.007105E-01</x5><x6>1.012929E+01</x6></dataPoint>
        <dataPoint><x4>4.715857E-01</x4><x5>1.008115E-01</x5><x6>1.011481E+01</x6></dataPoint>
        <dataPoint><x4>4.765857E-01</x4><x5>1.009005E-01</x5><x6>1.010208E+01</x6></dataPoint>
    </dataGroup>
    <dataGroup id="dg2" label="V-t history" dataPointLink="13">
        <property name="time"      id="x4"   label="t"            sourcetype="calculated"  units="s"   />
        <property name="volume"    id="x5"   label="V"            sourcetype="calculated"  units="cm3" />
        <property name="pressure"  id="x6"   label="p"            sourcetype="estimated"   units="bar"  kind="reactive" />

        <dataPoint><x4>0.000000E+00</x4><x5>1.000000E+00</x5><x6>3.332000E-01</x6></dataPoint>
        <dataPoint><x4>1.500000E-01</x4><x5>1.000000E+00</x5><x6>3.332000E-01</x6></dataPoint>
        <dataPoint><x4>2.900000E-01</x4><x5>6.721797E-01</x5><x6>6.128621E-01</x6></dataPoint>
        <dataPoint><x4>2.970624E-01</x4><x5>5.020390E-01</x5><x6>9.551764E-01</x6></dataPoint>
        <dataPoint><x4>3.038666E-01</x4><x5>3.671829E-01</x5><x6>1.530114E+00</x6></dataPoint>
        <dataPoint><x4>3.066124E-01</x4><x5>2.981713E-01</x5><x6>2.087817E+00</x6></dataPoint>
        <dataPoint><x4>3.066638E-01</x4><x5>2.941547E-01</x5><x6>2.130341E+00</x6></dataPoint>
        <dataPoint><x4>3.093187E-01</x4><x5>2.280487E-01</x5><x6>3.104271E+00</x6></dataPoint>
        <dataPoint><x4>3.109217E-01</x4><x5>1.905232E-01</x5><x6>4.040863E+00</x6></dataPoint>
        <dataPoint><x4>3.121071E-01</x4><x5>1.593191E-01</x5><x6>5.243265E+00</x6></dataPoint>
        <dataPoint><x4>3.127986E-01</x4><x5>1.423589E-01</x5><x6>6.171472E+00</x6></dataPoint>
        <dataPoint><x4>3.131892E-01</x4><x5>1.328295E-01</x5><x6>6.820413E+00</x6></dataPoint>
        <dataPoint><x4>3.140076E-01</x4><x5>1.119475E-01</x5><x6>8.720180E+00</x6></dataPoint>
        <dataPoint><x4>3.147972E-01</x4><x5>9.400615E-02</x5><x6>1.119041E+01</x6></dataPoint>
        <dataPoint><x4>3.150075E-01</x4><x5>9.006302E-02</x5><x6>1.189390E+01</x6></dataPoint>
        <dataPoint><x4>3.152336E-01</x4><x5>8.749997E-02</x5><x6>1.239209E+01</x6></dataPoint>
        <dataPoint><x4>3.163685E-01</x4><x5>7.685738E-02</x5><x6>1.489373E+01</x6></dataPoint>
        <dataPoint><x4>3.165299E-01</x4><x5>7.629259E-02</x5><x6>1.505000E+01</x6></dataPoint>
        <dataPoint><x4>3.215299E-01</x4><x5>7.979368E-02</x5><x6>1.412364E+01</x6></dataPoint>
        <dataPoint><x4>3.265299E-01</x4><x5>8.169968E-02</x5><x6>1.365895E+01</x6></dataPoint>
        <dataPoint><x4>3.315299E-01</x4><x5>8.346851E-02</x5><x6>1.325029E+01</x6></dataPoint>
        <dataPoint><x4>3.365299E-01</x4><x5>8.510180E-02</x5><x6>1.289089E+01</x6></dataPoint>
        <dataPoint><x4>3.415299E-01</x4><x5>8.660286E-02</x5><x6>1.257482E+01</x6></dataPoint>
        <dataPoint><x4>3.465299E-01</x4><x5>8.797641E-02</x5><x6>1.229686E+01</x6></dataPoint>
        <dataPoint><x4>3.515299E-01</x4><x5>8.922827E-02</x5><x6>1.205240E+01</x6></dataPoint>
        <dataPoint><x4>3.565299E-01</x4><x5>9.036502E-02</x5><x6>1.183742E+01</x6></dataPoint>
        <dataPoint><x4>3.615299E-01</x4><x5>9.139381E-02</x5><x6>1.164836E+01</x6></dataPoint>
        <dataPoint><x4>3.665299E-01</x4><x5>9.232204E-02</x5><x6>1.148209E+01</x6></dataPoint>
        <dataPoint><x4>3.715299E-01</x4><x5>9.315723E-02</x5><x6>1.133586E+01</x6></dataPoint>
        <dataPoint><x4>3.765299E-01</x4><x5>9.390683E-02</x5><x6>1.120726E+01</x6></dataPoint>
        <dataPoint><x4>3.815299E-01</x4><x5>9.457810E-02</x5><x6>1.109417E+01</x6></dataPoint>
        <dataPoint><x4>3.865299E-01</x4><x5>9.517802E-02</x5><x6>1.099471E+01</x6></dataPoint>
        <dataPoint><x4>3.915299E-01</x4><x5>9.571319E-02</x5><x6>1.090724E+01</x6></dataPoint>
        <dataPoint><x4>3.965299E-01</x4><x5>9.618984E-02</x5><x6>1.083032E+01</x6></dataPoint>
        <dataPoint><x4>4.015299E-01</x4><x5>9.661374E-02</x5><x6>1.076267E+01</x6></dataPoint>
        <dataPoint><x4>4.065299E-01</x4><x5>9.699025E-02</x5><x6>1.070318E+01</x6></dataPoint>
        <dataPoint><x4>4.115299E-01</x4><x5>9.732428E-02</x5><x6>1.065086E+01</x6></dataPoint>
        <dataPoint><x4>4.165299E-01</x4><x5>9.762033E-02</x5><x6>1.060484E+01</x6></dataPoint>
        <dataPoint><x4>4.215299E-01</x4><x5>9.788247E-02</x5><x6>1.056438E+01</x6></dataPoint>
        <dataPoint><x4>4.265299E-01</x4><x5>9.811441E-02</x5><x6>1.052879E+01</x6></dataPoint>
        <dataPoint><x4>4.315299E-01</x4><x5>9.831948E-02</x5><x6>1.049749E+01</x6></dataPoint>
        <dataPoint><x4>4.365299E-01</x4><x5>9.850067E-02</x5><x6>1.046997E+01</x6></dataPoint>
        <dataPoint><x4>4.415299E-01</x4><x5>9.866068E-02</x5><x6>1.044576E+01</x6></dataPoint>
        <dataPoint><x4>4.465299E-01</x4><x5>9.880191E-02</x5><x6>1.042448E+01</x6></dataPoint>
        <dataPoint><x4>4.515299E-01</x4><x5>9.892652E-02</x5><x6>1.040575E+01</x6></dataPoint>
        <dataPoint><x4>4.565299E-01</x4><x5>9.903642E-02</x5><x6>1.038929E+01</x6></dataPoint>
        <dataPoint><x4>4.615299E-01</x4><x5>9.913330E-02</x5><x6>1.037481E+01</x6></dataPoint>
        <dataPoint><x4>4.665299E-01</x4><x5>9.921870E-02</x5><x6>1.036208E+01</x6></dataPoint>
    </dataGroup>
</experiment>
