<experiment>
    <fileAuthor>Chemical Kinetics Laboratory, Institute of Chemistry, ELTE, Budapest, Hungary</fileAuthor>
    <fileDOI>10.24388/x40004069</fileDOI>
    <fileVersion>
        <major>2</major>
        <minor>3</minor>
    </fileVersion>
    <ReSpecThVersion>
        <major>2</major>
        <minor>3</minor>
    </ReSpecThVersion>
    <firstPublicationDate>2020-09-08</firstPublicationDate>
    <lastModificationDate>2020-11-18</lastModificationDate>
    <bibliographyLink>
        <description>N. Donohoe, A. Heufer, W. K. Metcalfe, H. J. Curran, M. L. Davis, O. Mathieu, D. Plichta, A. Morones, E. L. Petersen, F. Guthe, Combustion and Flame 161 (2014), 1432–1443.</description>
        <referenceDOI>10.1016/j.combustflame.2013.12.005</referenceDOI>
        <location>Main Article + Supplementary + Personal Communication</location>
        <table>Supplementary, Mix 3b</table>
        <figure>Supplementary, First figure, red full circle</figure>
        <details>
            <author>N. Donohoe, A. Heufer, W. K. Metcalfe, H. J. Curran, M. L. Davis, O. Mathieu, D. Plichta, A. Morones, E. L. Petersen, F. Guthe</author>
            <journal>Combust Flame</journal>
            <pages>1432–-1443</pages>
            <title>Ignition delay times, laminar flame speeds, and mechanism validation for natural gas/hydrogen blends at elevated pressures</title>
            <volume>161</volume>
            <year>2014</year>
        </details>
    </bibliographyLink>
    <experimentType>ignition delay measurement</experimentType>
    <apparatus>
        <kind>rapid compression machine</kind>
    </apparatus>
    <commonProperties>
        <property name="initial composition"           sourcetype="reported"  >
            <component><speciesLink preferredKey="CH4"  CAS="74-82-8"    InChI="1S/CH4/h1H4"  SMILES="C"     chemName="methane"  /><amount units="mole fraction" >0.04157</amount></component>
            <component><speciesLink preferredKey="H2"   CAS="1333-74-0"  InChI="1S/H2/h1H"    SMILES="[HH]"  chemName="hydrogen" /><amount units="mole fraction" >0.16630</amount></component>
            <component><speciesLink preferredKey="O2"   CAS="7782-44-7"  InChI="1S/O2/c1-2"   SMILES="O=O"   chemName="oxygen"   /><amount units="mole fraction" >0.16634</amount></component>
            <component><speciesLink preferredKey="N2"   CAS="7727-37-9"  InChI="1S/N2/c1-2"   SMILES="N#N"   chemName="nitrogen" /><amount units="mole fraction" >0.31290</amount></component>
            <component><speciesLink preferredKey="Ar"   CAS="7440-37-1"  InChI="1S/Ar"        SMILES="[Ar]"  chemName="argon"    /><amount units="mole fraction" >0.31289</amount></component>
        </property>
        <property name="evaluated standard deviation"  sourcetype="estimated"  units="unitless"       reference="ignition delay"  kind="relative"  method="statistical scatter" ><value>0.171</value></property>
    </commonProperties>
    <dataGroup id="dg1" label="measured data">
        <property name="pressure"        id="x1"   label="P"              sourcetype="calculated"  units="bar" />
        <property name="temperature"     id="x2"   label="T"              sourcetype="calculated"  units="K"   />
        <property name="ignition delay"  id="x3"   label="tau"            sourcetype="reported"    units="ms"  />

        <dataPoint><x1>1.234</x1><x2>342.96</x2><x3>166.4</x3></dataPoint>
        <dataPoint><x1>1.234</x1><x2>343.15</x2><x3>171.6</x3></dataPoint>
        <dataPoint><x1>1.234</x1><x2>352.81</x2> <x3>57.7</x3></dataPoint>
        <dataPoint><x1>1.234</x1><x2>352.91</x2> <x3>57.0</x3></dataPoint>
        <dataPoint><x1>1.234</x1><x2>362.93</x2> <x3>27.7</x3></dataPoint>
        <dataPoint><x1>1.234</x1><x2>363.17</x2> <x3>26.4</x3></dataPoint>
        <dataPoint><x1>1.234</x1><x2>373.32</x2> <x3>11.0</x3></dataPoint>
        <dataPoint><x1>1.234</x1><x2>373.40</x2> <x3>10.7</x3></dataPoint>
        <dataPoint><x1>1.234</x1><x2>383.53</x2>  <x3>5.1</x3></dataPoint>
        <dataPoint><x1>1.234</x1><x2>383.52</x2>  <x3>4.5</x3></dataPoint>
    </dataGroup>
    <ignitionType target="p;" type="d/dt max"/>
    <comment>The inital temperature and pressure were deduced backward from the temperature and pressure at the end of compression showed in original article, the adjustments of initial pressure were within 0.325%, the adjustments of initial temperature were within 0.292%, the gaps between nominal Tc / Pc and calculated Tc / Pc (GRI_III mech) are within 0.70K / 0.05bar</comment>
    <dataGroup id="dg2" label="V-t history" dataPointLink="all">
        <property name="time"    id="x4"   label="t"            sourcetype="calculated"  units="s"   />
        <property name="volume"  id="x5"   label="V"            sourcetype="calculated"  units="cm3" />

        <dataPoint><x4>0.000000E+00</x4><x5>1.000000E+00</x5></dataPoint>
        <dataPoint><x4>1.344584E-03</x4><x5>9.806916E-01</x5></dataPoint>
        <dataPoint><x4>2.611000E-03</x4><x5>9.336114E-01</x5></dataPoint>
        <dataPoint><x4>3.406849E-03</x4><x5>8.929964E-01</x5></dataPoint>
        <dataPoint><x4>5.604820E-03</x4><x5>7.892453E-01</x5></dataPoint>
        <dataPoint><x4>1.437812E-02</x4><x5>1.625152E-01</x5></dataPoint>
        <dataPoint><x4>1.476315E-02</x4><x5>1.427607E-01</x5></dataPoint>
        <dataPoint><x4>1.543361E-02</x4><x5>1.169443E-01</x5></dataPoint>
        <dataPoint><x4>1.616191E-02</x4><x5>1.069479E-01</x5></dataPoint>
        <dataPoint><x4>1.817765E-02</x4><x5>1.037679E-01</x5></dataPoint>
        <dataPoint><x4>2.974235E-02</x4><x5>1.083261E-01</x5></dataPoint>
        <dataPoint><x4>5.150470E-02</x4><x5>1.127362E-01</x5></dataPoint>
        <dataPoint><x4>8.624972E-02</x4><x5>1.169496E-01</x5></dataPoint>
        <dataPoint><x4>8.999279E-02</x4><x5>1.172776E-01</x5></dataPoint>
        <dataPoint><x4>1.002207E-01</x4><x5>1.181862E-01</x5></dataPoint>
        <dataPoint><x4>1.049255E-01</x4><x5>1.186100E-01</x5></dataPoint>
        <dataPoint><x4>1.136838E-01</x4><x5>1.194077E-01</x5></dataPoint>
        <dataPoint><x4>1.234371E-01</x4><x5>1.203120E-01</x5></dataPoint>
        <dataPoint><x4>1.287864E-01</x4><x5>1.208151E-01</x5></dataPoint>
        <dataPoint><x4>1.465052E-01</x4><x5>1.220494E-01</x5></dataPoint>
        <dataPoint><x4>1.656845E-01</x4><x5>1.234204E-01</x5></dataPoint>
        <dataPoint><x4>1.829927E-01</x4><x5>1.246895E-01</x5></dataPoint>
        <dataPoint><x4>4.246437E-01</x4><x5>1.402593E-01</x5></dataPoint>
    </dataGroup>
</experiment>
