<experiment>
    <fileAuthor>Chemical Kinetics Laboratory, Institute of Chemistry, ELTE, Budapest, Hungary</fileAuthor>
    <fileDOI>10.24388/x40004043</fileDOI>
    <fileVersion>
        <major>2</major>
        <minor>3</minor>
    </fileVersion>
    <ReSpecThVersion>
        <major>2</major>
        <minor>3</minor>
    </ReSpecThVersion>
    <firstPublicationDate>2020-09-08</firstPublicationDate>
    <lastModificationDate>2020-11-18</lastModificationDate>
    <bibliographyLink>
        <description>U. Burke, K. P. Somers, P. O’Toole, C. M. Zinner, N. Marquet, G. Bourque, E. L. Petersen, W. K. Metcalfe, Z. Serinyel, H. J. Curran, Combustion and Flame 162 (2015), 315–330.</description>
        <referenceDOI>10.1016/j.combustflame.2014.08.014</referenceDOI>
        <location>Main Article + Personal Communication</location>
        <table>Table 3</table>
        <figure>Fig.5 (d), red circle, phi = 2.0, Pc = 25 atm</figure>
        <details>
            <author>U. Burke, K. P. Somers, P. O’Toole, C. M. Zinner, N. Marquet, G. Bourque, E. L. Petersen, W. K. Metcalfe, Z. Serinyel, H. J. Curran</author>
            <journal>Combust Flame</journal>
            <pages>315–-330</pages>
            <title>An ignition delay and kinetic modeling study of methane, dimethyl ether, and their mixtures at high pressures</title>
            <volume>162</volume>
            <year>2015</year>
        </details>
    </bibliographyLink>
    <experimentType>ignition delay measurement</experimentType>
    <apparatus>
        <kind>rapid compression machine</kind>
    </apparatus>
    <commonProperties>
        <property name="initial composition"           sourcetype="calculated" >
            <component><speciesLink preferredKey="CH4"  CAS="74-82-8"    InChI="1S/CH4/h1H4"  SMILES="C"     chemName="methane" /><amount units="mole fraction" >0.17361111</amount></component>
            <component><speciesLink preferredKey="O2"   CAS="7782-44-7"  InChI="1S/O2/c1-2"   SMILES="O=O"   chemName="oxygen"  /><amount units="mole fraction" >0.17361111</amount></component>
            <component><speciesLink preferredKey="Ar"   CAS="7440-37-1"  InChI="1S/Ar"        SMILES="[Ar]"  chemName="argon"   /><amount units="mole fraction" >0.65277778</amount></component>
        </property>
        <property name="evaluated standard deviation"  sourcetype="estimated"   units="unitless"       reference="ignition delay"  kind="relative"  method="statistical scatter" ><value>0.211</value></property>
    </commonProperties>
    <dataGroup id="dg1" label="measured data">
        <property name="pressure"        id="x1"   label="P"              sourcetype="calculated"  units="atm" />
        <property name="temperature"     id="x2"   label="T"              sourcetype="calculated"  units="K"   />
        <property name="ignition delay"  id="x3"   label="tau"            sourcetype="reported"    units="ms"  />

        <dataPoint><x1>0.9298</x1><x2>327.8</x2><x3>206.2</x3></dataPoint>
        <dataPoint><x1>0.9314</x1><x2>329.1</x2><x3>222.9</x3></dataPoint>
        <dataPoint><x1>0.9426</x1><x2>343.3</x2> <x3>77.7</x3></dataPoint>
        <dataPoint><x1>0.9497</x1><x2>354.8</x2> <x3>40.5</x3></dataPoint>
        <dataPoint><x1>0.9511</x1><x2>356.4</x2> <x3>41.0</x3></dataPoint>
        <dataPoint><x1>0.9567</x1><x2>364.4</x2> <x3>27.4</x3></dataPoint>
        <dataPoint><x1>0.9581</x1><x2>366.1</x2> <x3>26.8</x3></dataPoint>
        <dataPoint><x1>0.9658</x1><x2>377.7</x2> <x3>20.3</x3></dataPoint>
        <dataPoint><x1>0.9665</x1><x2>378.6</x2> <x3>18.7</x3></dataPoint>
        <dataPoint><x1>0.9707</x1><x2>384.6</x2> <x3>15.1</x3></dataPoint>
        <dataPoint><x1>0.9742</x1><x2>389.4</x2> <x3>14.9</x3></dataPoint>
    </dataGroup>
    <ignitionType target="p;" type="d/dt max"/>
    <comment>The inital temperature and pressure were deduced backward from the temperature and pressure at the end of compression showed in original article, the adjustments of initial pressure were within 3.04%</comment>
    <dataGroup id="dg2" label="V-t history" dataPointLink="all">
        <property name="time"    id="x4"   label="t"            sourcetype="calculated"  units="s"   />
        <property name="volume"  id="x5"   label="V"            sourcetype="calculated"  units="cm3" />

        <dataPoint><x4>0.000000E+00</x4><x5>1.000000E+00</x5></dataPoint>
        <dataPoint><x4>1.198220E-03</x4><x5>9.893786E-01</x5></dataPoint>
        <dataPoint><x4>1.668110E-03</x4><x5>9.703734E-01</x5></dataPoint>
        <dataPoint><x4>2.523170E-03</x4><x5>9.667332E-01</x5></dataPoint>
        <dataPoint><x4>2.811250E-03</x4><x5>9.679404E-01</x5></dataPoint>
        <dataPoint><x4>3.595660E-03</x4><x5>9.439099E-01</x5></dataPoint>
        <dataPoint><x4>3.898190E-03</x4><x5>9.281564E-01</x5></dataPoint>
        <dataPoint><x4>4.950110E-03</x4><x5>8.868236E-01</x5></dataPoint>
        <dataPoint><x4>5.694450E-03</x4><x5>8.426978E-01</x5></dataPoint>
        <dataPoint><x4>6.395200E-03</x4><x5>8.081368E-01</x5></dataPoint>
        <dataPoint><x4>6.846540E-03</x4><x5>7.805628E-01</x5></dataPoint>
        <dataPoint><x4>7.396370E-03</x4><x5>7.435217E-01</x5></dataPoint>
        <dataPoint><x4>7.852380E-03</x4><x5>7.107328E-01</x5></dataPoint>
        <dataPoint><x4>8.392380E-03</x4><x5>6.706639E-01</x5></dataPoint>
        <dataPoint><x4>8.798700E-03</x4><x5>6.396155E-01</x5></dataPoint>
        <dataPoint><x4>9.348530E-03</x4><x5>5.978594E-01</x5></dataPoint>
        <dataPoint><x4>9.948850E-03</x4><x5>5.527316E-01</x5></dataPoint>
        <dataPoint><x4>1.034959E-02</x4><x5>5.231164E-01</x5></dataPoint>
        <dataPoint><x4>1.079870E-02</x4><x5>4.912468E-01</x5></dataPoint>
        <dataPoint><x4>1.115001E-02</x4><x5>4.638386E-01</x5></dataPoint>
        <dataPoint><x4>1.144869E-02</x4><x5>4.406886E-01</x5></dataPoint>
        <dataPoint><x4>1.179671E-02</x4><x5>4.137023E-01</x5></dataPoint>
        <dataPoint><x4>1.214898E-02</x4><x5>3.862603E-01</x5></dataPoint>
        <dataPoint><x4>1.239891E-02</x4><x5>3.677311E-01</x5></dataPoint>
        <dataPoint><x4>1.269966E-02</x4><x5>3.450899E-01</x5></dataPoint>
        <dataPoint><x4>1.304839E-02</x4><x5>3.191538E-01</x5></dataPoint>
        <dataPoint><x4>1.319939E-02</x4><x5>3.075018E-01</x5></dataPoint>
        <dataPoint><x4>1.334878E-02</x4><x5>2.962308E-01</x5></dataPoint>
        <dataPoint><x4>1.359915E-02</x4><x5>2.769801E-01</x5></dataPoint>
        <dataPoint><x4>1.379837E-02</x4><x5>2.615154E-01</x5></dataPoint>
        <dataPoint><x4>1.394864E-02</x4><x5>2.499168E-01</x5></dataPoint>
        <dataPoint><x4>1.414891E-02</x4><x5>2.341610E-01</x5></dataPoint>
        <dataPoint><x4>1.429918E-02</x4><x5>2.223847E-01</x5></dataPoint>
        <dataPoint><x4>1.444914E-02</x4><x5>2.107727E-01</x5></dataPoint>
        <dataPoint><x4>1.464899E-02</x4><x5>1.954685E-01</x5></dataPoint>
        <dataPoint><x4>1.479897E-02</x4><x5>1.843396E-01</x5></dataPoint>
        <dataPoint><x4>1.504853E-02</x4><x5>1.673931E-01</x5></dataPoint>
        <dataPoint><x4>1.529879E-02</x4><x5>1.525982E-01</x5></dataPoint>
        <dataPoint><x4>1.594686E-02</x4><x5>1.233950E-01</x5></dataPoint>
        <dataPoint><x4>1.609908E-02</x4><x5>1.189210E-01</x5></dataPoint>
        <dataPoint><x4>1.629934E-02</x4><x5>1.141856E-01</x5></dataPoint>
        <dataPoint><x4>1.645074E-02</x4><x5>1.113921E-01</x5></dataPoint>
        <dataPoint><x4>1.665092E-02</x4><x5>1.087071E-01</x5></dataPoint>
        <dataPoint><x4>1.680279E-02</x4><x5>1.073682E-01</x5></dataPoint>
        <dataPoint><x4>1.720984E-02</x4><x5>1.052906E-01</x5></dataPoint>
        <dataPoint><x4>1.755942E-02</x4><x5>1.040373E-01</x5></dataPoint>
        <dataPoint><x4>1.811120E-02</x4><x5>1.028317E-01</x5></dataPoint>
        <dataPoint><x4>1.859980E-02</x4><x5>1.026797E-01</x5></dataPoint>
        <dataPoint><x4>1.945404E-02</x4><x5>1.031200E-01</x5></dataPoint>
        <dataPoint><x4>2.085398E-02</x4><x5>1.043466E-01</x5></dataPoint>
        <dataPoint><x4>2.290717E-02</x4><x5>1.048644E-01</x5></dataPoint>
        <dataPoint><x4>2.401201E-02</x4><x5>1.055053E-01</x5></dataPoint>
        <dataPoint><x4>2.634097E-02</x4><x5>1.077643E-01</x5></dataPoint>
        <dataPoint><x4>2.736030E-02</x4><x5>1.084143E-01</x5></dataPoint>
        <dataPoint><x4>3.027480E-02</x4><x5>1.088956E-01</x5></dataPoint>
        <dataPoint><x4>3.285095E-02</x4><x5>1.106319E-01</x5></dataPoint>
        <dataPoint><x4>3.383307E-02</x4><x5>1.110063E-01</x5></dataPoint>
        <dataPoint><x4>3.643951E-02</x4><x5>1.113509E-01</x5></dataPoint>
        <dataPoint><x4>3.746445E-02</x4><x5>1.116815E-01</x5></dataPoint>
        <dataPoint><x4>3.934593E-02</x4><x5>1.126862E-01</x5></dataPoint>
        <dataPoint><x4>5.380932E-02</x4><x5>1.161364E-01</x5></dataPoint>
        <dataPoint><x4>5.543812E-02</x4><x5>1.161647E-01</x5></dataPoint>
        <dataPoint><x4>5.914262E-02</x4><x5>1.170729E-01</x5></dataPoint>
        <dataPoint><x4>6.281642E-02</x4><x5>1.175227E-01</x5></dataPoint>
        <dataPoint><x4>6.587842E-02</x4><x5>1.181471E-01</x5></dataPoint>
        <dataPoint><x4>7.730072E-02</x4><x5>1.196872E-01</x5></dataPoint>
        <dataPoint><x4>9.279982E-02</x4><x5>1.213654E-01</x5></dataPoint>
        <dataPoint><x4>1.050203E-01</x4><x5>1.224869E-01</x5></dataPoint>
        <dataPoint><x4>1.272228E-01</x4><x5>1.241723E-01</x5></dataPoint>
        <dataPoint><x4>1.568118E-01</x4><x5>1.259973E-01</x5></dataPoint>
        <dataPoint><x4>2.297986E-01</x4><x5>1.300741E-01</x5></dataPoint>
        <dataPoint><x4>2.769669E-01</x4><x5>1.332581E-01</x5></dataPoint>
        <dataPoint><x4>3.326642E-01</x4><x5>1.377807E-01</x5></dataPoint>
        <dataPoint><x4>3.763898E-01</x4><x5>1.411291E-01</x5></dataPoint>
        <dataPoint><x4>4.481897E-01</x4><x5>1.465880E-01</x5></dataPoint>
        <dataPoint><x4>4.482464E-01</x4><x5>1.463719E-01</x5></dataPoint>
    </dataGroup>
</experiment>
