<experiment>
    <fileAuthor>Chemical Kinetics Laboratory, Institute of Chemistry, ELTE, Budapest, Hungary</fileAuthor>
    <fileDOI>10.24388/x00001003_x</fileDOI>
    <fileVersion>
        <major>2</major>
        <minor>0</minor>
    </fileVersion>
    <ReSpecThVersion>
        <major>2</major>
        <minor>3</minor>
    </ReSpecThVersion>
    <firstPublicationDate>2014-06-24</firstPublicationDate>
    <lastModificationDate>2020-11-18</lastModificationDate>
    <bibliographyLink>
        <description>P. Dagaut; F. Lecomte; J. Mieritz; P. Glarborg, International Journal of Chemical Kinetics 2003, 35, 564-575.</description>
        <referenceDOI>10.1002/kin.10154</referenceDOI>
        <location>Main Article</location>
        <figure>Fig. 3a</figure>
        <details>
            <author>Dagaut, P and Lecomte, F and Mieritz, J and Glarborg, P</author>
            <journal>Int J Chem Kinet</journal>
            <number>11</number>
            <pages>564--575</pages>
            <title>Experimental and kinetic modeling study of the effect of NO and SO$_{2}$ on the oxidation of CO/H$_{2}$ mixtures.</title>
            <volume>35</volume>
            <year>2003</year>
        </details>
    </bibliographyLink>
    <experimentType>jet stirred reactor measurement</experimentType>
    <apparatus>
        <kind>stirred reactor</kind>
    </apparatus>
    <commonProperties>
        <property name="pressure"                      label="P"    sourcetype="reported"    units="atm"           ><value>1</value></property>
        <property name="volume"                        label="V"    sourcetype="reported"    units="cm3"           ><value>30</value></property>
        <property name="residence time"                label="tau"  sourcetype="reported"    units="ms"            ><value>120</value></property>
        <property name="initial composition"           sourcetype="calculated" >
            <component><speciesLink preferredKey="H2"  CAS="1333-74-0"  InChI="1S/H2/h1H"   SMILES="[HH]"       chemName="hydrogen"        /><amount units="mole fraction" >0.006850</amount></component>
            <component><speciesLink preferredKey="CO"  CAS="630-08-0"   InChI="1S/CO/c1-2"  SMILES="[C-]#[O+]"  chemName="carbon monoxide" /><amount units="mole fraction" >0.006850</amount></component>
            <component><speciesLink preferredKey="O2"  CAS="7782-44-7"  InChI="1S/O2/c1-2"  SMILES="O=O"        chemName="oxygen"          /><amount units="mole fraction" >0.003425</amount></component>
            <component><speciesLink preferredKey="N2"  CAS="7727-37-9"  InChI="1S/N2/c1-2"  SMILES="N#N"        chemName="nitrogen"        /><amount units="mole fraction" >0.982875</amount></component>
        </property>
        <property name="evaluated standard deviation"  sourcetype="estimated"   units="mole fraction"  reference="composition"  kind="absolute"  method="statistical scatter" >
            <speciesLink preferredKey="CO"   CAS="630-08-0"   InChI="1S/CO/c1-2"     SMILES="[C-]#[O+]"  chemName="carbon monoxide" />
            <value>0.0002933</value>
        </property>
        <property name="evaluated standard deviation"  sourcetype="estimated"   units="mole fraction"  reference="composition"  kind="absolute"  method="statistical scatter" >
            <speciesLink preferredKey="CO2"  CAS="124-38-9"   InChI="1S/CO2/c2-1-3"  SMILES="C(=O)=O"    chemName="carbon dioxide"  />
            <value>0.0002048</value>
        </property>
        <property name="evaluated standard deviation"  sourcetype="estimated"   units="mole fraction"  reference="composition"  kind="absolute"  method="statistical scatter" >
            <speciesLink preferredKey="H2"   CAS="1333-74-0"  InChI="1S/H2/h1H"      SMILES="[HH]"       chemName="hydrogen"        />
            <value>0.0004809</value>
        </property>
    </commonProperties>
    <dataGroup id="dg1">
        <property name="temperature"  id="x1"   label="T"      sourcetype="digitized"  units="K"             />
        <property name="composition"  id="x2"   label="[H2]"   sourcetype="digitized"  units="mole fraction" >
            <speciesLink preferredKey="H2"   CAS="1333-74-0"  InChI="1S/H2/h1H"      SMILES="[HH]"       chemName="hydrogen"        />
        </property>
        <property name="composition"  id="x3"   label="[CO]"   sourcetype="digitized"  units="mole fraction" >
            <speciesLink preferredKey="CO"   CAS="630-08-0"   InChI="1S/CO/c1-2"     SMILES="[C-]#[O+]"  chemName="carbon monoxide" />
        </property>
        <property name="composition"  id="x4"   label="[CO2]"  sourcetype="digitized"  units="mole fraction" >
            <speciesLink preferredKey="CO2"  CAS="124-38-9"   InChI="1S/CO2/c2-1-3"  SMILES="C(=O)=O"    chemName="carbon dioxide"  />
        </property>

        <dataPoint><x1>8.500000e+002</x1><x2>6.905110e-003</x2><x3>6.905110e-003</x3><x4>0.000000e+000</x4></dataPoint>
        <dataPoint><x1>8.750000e+002</x1><x2>7.138690e-003</x2><x3>7.007300e-003</x3><x4>0.000000e+000</x4></dataPoint>
        <dataPoint><x1>9.000000e+002</x1><x2>3.299270e-003</x2><x3>5.430660e-003</x3><x4>1.386860e-003</x4></dataPoint>
        <dataPoint><x1>9.250000e+002</x1><x2>2.905110e-003</x2><x3>5.343070e-003</x3><x4>1.664230e-003</x4></dataPoint>
        <dataPoint><x1>9.500000e+002</x1><x2>2.540150e-003</x2><x3>5.167880e-003</x3><x4>1.810220e-003</x4></dataPoint>
        <dataPoint><x1>9.750000e+002</x1><x2>2.613140e-003</x2><x3>5.109490e-003</x3><x4>1.897810e-003</x4></dataPoint>
        <dataPoint><x1>1.000000e+003</x1><x2>2.729930e-003</x2><x3>5.021900e-003</x3><x4>2.000000e-003</x4></dataPoint>
        <dataPoint><x1>1.050000e+003</x1><x2>2.759120e-003</x2><x3>4.686130e-003</x3><x4>2.248180e-003</x4></dataPoint>
        <dataPoint><x1>1.100000e+003</x1><x2>2.817520e-003</x2><x3>4.218980e-003</x3><x4>2.569340e-003</x4></dataPoint>
        <dataPoint><x1>1.150000e+003</x1><x2>2.963500e-003</x2><x3>3.912410e-003</x3><x4>2.817520e-003</x4></dataPoint>
        <dataPoint><x1>1.200000e+003</x1><x2>3.051090e-003</x2><x3>3.766420e-003</x3><x4>2.890510e-003</x4></dataPoint>
        <dataPoint><x1>1.300000e+003</x1><x2>3.138690e-003</x2><x3>4.000000e-003</x3><x4>3.021900e-003</x4></dataPoint>
        <dataPoint><x1>1.400000e+003</x1><x2>3.197080e-003</x2><x3>3.912410e-003</x3><x4>3.182480e-003</x4></dataPoint>
    </dataGroup>
</experiment>
