<experiment>
    <fileAuthor>Chemical Kinetics Laboratory, Institute of Chemistry, ELTE, Budapest, Hungary</fileAuthor>
    <fileDOI>10.24388/x10001024_x</fileDOI>
    <fileVersion>
        <major>2</major>
        <minor>0</minor>
    </fileVersion>
    <ReSpecThVersion>
        <major>2</major>
        <minor>3</minor>
    </ReSpecThVersion>
    <firstPublicationDate>2014-06-24</firstPublicationDate>
    <lastModificationDate>2020-11-18</lastModificationDate>
    <bibliographyLink>
        <description>C. Naumann; J. Herzler; P. Griebel; H. Curran; A. Keromnes; I. Mantzaras H2-IGCC project: Results of ignition delay times for hydrogen-rich and syngas fuel mixtures measured; 2011.</description>
        <location>Main Article</location>
        <table>Table 3.1, H2 / CO / O2 / Ar, Phi = 1.0, dilution 1:5, H2 /CO = 50/50, 16 bar series.</table>
        <details>
            <author>Naumann, Clemens and Herzler, J{\"{u}}rgen and Griebel, Peter and Curran, Henry J and K{\'{e}}romn{\`{e}}s, Alan and Mantzaras, Ioannis</author>
            <booktitle>7$^{\text{th}}$ Framework Programme FP7-ENERGY-2008-TREN-1 ENERGY-2008-6-CLEAN COAL TECHNOLOGIES, Deliverable 1.1.3</booktitle>
            <institution>H$_{2}$-IGCC project</institution>
            <number>Deliverable 1.1.3</number>
            <title>Results of ignition delay times for hydrogen-rich and syngas fuel mixtures measured</title>
            <year>2011</year>
        </details>
    </bibliographyLink>
    <experimentType>ignition delay measurement</experimentType>
    <apparatus>
        <kind>shock tube</kind>
    </apparatus>
    <commonProperties>
        <property name="initial composition"           sourcetype="reported"  >
            <component><speciesLink preferredKey="H2"  CAS="1333-74-0"  InChI="1S/H2/h1H"   SMILES="[HH]"       chemName="hydrogen"        /><amount units="mole fraction" >0.0174</amount></component>
            <component><speciesLink preferredKey="CO"  CAS="630-08-0"   InChI="1S/CO/c1-2"  SMILES="[C-]#[O+]"  chemName="carbon monoxide" /><amount units="mole fraction" >0.0174</amount></component>
            <component><speciesLink preferredKey="O2"  CAS="7782-44-7"  InChI="1S/O2/c1-2"  SMILES="O=O"        chemName="oxygen"          /><amount units="mole fraction" >0.0347</amount></component>
            <component><speciesLink preferredKey="Ar"  CAS="7440-37-1"  InChI="1S/Ar"       SMILES="[Ar]"       chemName="argon"           /><amount units="mole fraction" >0.9306</amount></component>
        </property>
        <property name="evaluated standard deviation"  sourcetype="estimated"  units="unitless"       reference="ignition delay"  kind="relative"  method="generic uncertainty" ><value>0.1</value></property>
    </commonProperties>
    <dataGroup id="dg1">
        <property name="temperature"     id="x1"   label="T"    sourcetype="reported"  units="K"   />
        <property name="pressure"        id="x2"   label="P"    sourcetype="reported"  units="bar" />
        <property name="ignition delay"  id="x3"   label="tau"  sourcetype="reported"  units="us"  />

        <dataPoint> <x1>997</x1><x2>16.24</x2><x3>5424</x3></dataPoint>
        <dataPoint><x1>1000</x1><x2>15.86</x2><x3>5209</x3></dataPoint>
        <dataPoint><x1>1007</x1><x2>15.69</x2><x3>4840</x3></dataPoint>
        <dataPoint><x1>1015</x1><x2>16.84</x2><x3>4626</x3></dataPoint>
        <dataPoint><x1>1034</x1><x2>15.69</x2><x3>3212</x3></dataPoint>
        <dataPoint><x1>1068</x1><x2>15.98</x2><x3>1861</x3></dataPoint>
        <dataPoint><x1>1085</x1><x2>14.70</x2><x3>1246</x3></dataPoint>
        <dataPoint><x1>1106</x1><x2>16.10</x2> <x3>849</x3></dataPoint>
        <dataPoint><x1>1116</x1><x2>15.98</x2> <x3>594</x3></dataPoint>
        <dataPoint><x1>1143</x1><x2>16.20</x2> <x3>299</x3></dataPoint>
        <dataPoint><x1>1145</x1><x2>15.62</x2> <x3>262</x3></dataPoint>
        <dataPoint><x1>1146</x1><x2>16.00</x2> <x3>268</x3></dataPoint>
        <dataPoint><x1>1174</x1><x2>16.31</x2>  <x3>80</x3></dataPoint>
        <dataPoint><x1>1179</x1><x2>15.86</x2>  <x3>68</x3></dataPoint>
        <dataPoint><x1>1205</x1><x2>16.10</x2>  <x3>30</x3></dataPoint>
        <dataPoint><x1>1215</x1><x2>15.32</x2>  <x3>31</x3></dataPoint>
    </dataGroup>
    <ignitionType target="OHEX;" type="max"/>
</experiment>
