<experiment>
    <fileAuthor>Chemical Kinetics Laboratory, Institute of Chemistry, ELTE, Budapest, Hungary</fileAuthor>
    <fileDOI>10.24388/x10001035</fileDOI>
    <fileVersion>
        <major>2</major>
        <minor>0</minor>
    </fileVersion>
    <ReSpecThVersion>
        <major>2</major>
        <minor>3</minor>
    </ReSpecThVersion>
    <firstPublicationDate>2014-06-24</firstPublicationDate>
    <lastModificationDate>2020-11-18</lastModificationDate>
    <bibliographyLink>
        <description>D. M. Kalitan; J. D. Mertens; M. W. Crofton; E. L. Petersen, Journal of Propulsion and Power 2007, 23, (6), 1291-1303.</description>
        <referenceDOI>10.2514/1.28123</referenceDOI>
        <location>Main Article</location>
        <table>Table 2, H2/CO = 40/60 (mixture 3), low pressure series.</table>
        <details>
            <author>Kalitan, Danielle M and Mertens, John D and Crofton, Mark W and Petersen, Eric L</author>
            <journal>J Propul Power</journal>
            <number>6</number>
            <pages>1291--1303</pages>
            <title>Ignition and oxidation of lean CO/H$_{2}$ fuel blends in air</title>
            <volume>23</volume>
            <year>2007</year>
        </details>
    </bibliographyLink>
    <experimentType>ignition delay measurement</experimentType>
    <apparatus>
        <kind>shock tube</kind>
    </apparatus>
    <commonProperties>
        <property name="initial composition"           sourcetype="reported"  >
            <component><speciesLink preferredKey="H2"  CAS="1333-74-0"  InChI="1S/H2/h1H"   SMILES="[HH]"       chemName="hydrogen"        /><amount units="mole fraction" >0.070</amount></component>
            <component><speciesLink preferredKey="CO"  CAS="630-08-0"   InChI="1S/CO/c1-2"  SMILES="[C-]#[O+]"  chemName="carbon monoxide" /><amount units="mole fraction" >0.104</amount></component>
            <component><speciesLink preferredKey="O2"  CAS="7782-44-7"  InChI="1S/O2/c1-2"  SMILES="O=O"        chemName="oxygen"          /><amount units="mole fraction" >0.174</amount></component>
            <component><speciesLink preferredKey="N2"  CAS="7727-37-9"  InChI="1S/N2/c1-2"  SMILES="N#N"        chemName="nitrogen"        /><amount units="mole fraction" >0.651</amount></component>
        </property>
        <property name="evaluated standard deviation"  sourcetype="estimated"  units="unitless"       reference="ignition delay"  kind="relative"  method="statistical scatter" ><value>0.16</value></property>
    </commonProperties>
    <dataGroup id="dg1">
        <property name="pressure"        id="x1"   label="P"    sourcetype="reported"  units="atm" />
        <property name="temperature"     id="x2"   label="T"    sourcetype="reported"  units="K"   />
        <property name="ignition delay"  id="x3"   label="tau"  sourcetype="reported"  units="us"  />

        <dataPoint><x1>0.9</x1> <x2>900</x2><x3>2935</x3></dataPoint>
        <dataPoint><x1>1.1</x1> <x2>933</x2><x3>1471</x3></dataPoint>
        <dataPoint><x1>1.1</x1> <x2>948</x2> <x3>600</x3></dataPoint>
        <dataPoint><x1>0.9</x1> <x2>950</x2> <x3>748</x3></dataPoint>
        <dataPoint><x1>1.1</x1><x2>1009</x2> <x3>193</x3></dataPoint>
        <dataPoint><x1>1.1</x1><x2>1024</x2> <x3>160</x3></dataPoint>
        <dataPoint><x1>1.1</x1><x2>1026</x2> <x3>153</x3></dataPoint>
        <dataPoint><x1>1.1</x1><x2>1071</x2>  <x3>99</x3></dataPoint>
        <dataPoint><x1>1.1</x1><x2>1078</x2>  <x3>93</x3></dataPoint>
        <dataPoint><x1>1.1</x1><x2>1113</x2>  <x3>73</x3></dataPoint>
        <dataPoint><x1>1.1</x1><x2>1145</x2>  <x3>47</x3></dataPoint>
        <dataPoint><x1>1.0</x1><x2>1154</x2>  <x3>69</x3></dataPoint>
        <dataPoint><x1>1.0</x1><x2>1162</x2>  <x3>57</x3></dataPoint>
        <dataPoint><x1>1.0</x1><x2>1169</x2>  <x3>61</x3></dataPoint>
    </dataGroup>
    <ignitionType target="OHEX;" type="d/dt max"/>
</experiment>
