<experiment>
    <fileAuthor>Chemical Kinetics Laboratory, Institute of Chemistry, ELTE, Budapest, Hungary</fileAuthor>
    <fileDOI>10.24388/x10001023</fileDOI>
    <fileVersion>
        <major>2</major>
        <minor>0</minor>
    </fileVersion>
    <ReSpecThVersion>
        <major>2</major>
        <minor>3</minor>
    </ReSpecThVersion>
    <firstPublicationDate>2014-06-24</firstPublicationDate>
    <lastModificationDate>2020-11-18</lastModificationDate>
    <bibliographyLink>
        <description>C. Naumann; J. Herzler; P. Griebel; H. Curran; A. Keromnes; I. Mantzaras H2-IGCC project: Results of ignition delay times for hydrogen-rich and syngas fuel mixtures measured; 2011.</description>
        <location>Main Article</location>
        <table>Table 3.1, H2 / CO / O2 / Ar, Phi = 1.0, dilution 1:5, H2 /CO = 5/95, 1 bar series.</table>
        <details>
            <author>Naumann, Clemens and Herzler, J{\"{u}}rgen and Griebel, Peter and Curran, Henry J and K{\'{e}}romn{\`{e}}s, Alan and Mantzaras, Ioannis</author>
            <booktitle>7$^{\text{th}}$ Framework Programme FP7-ENERGY-2008-TREN-1 ENERGY-2008-6-CLEAN COAL TECHNOLOGIES, Deliverable 1.1.3</booktitle>
            <institution>H$_{2}$-IGCC project</institution>
            <number>Deliverable 1.1.3</number>
            <title>Results of ignition delay times for hydrogen-rich and syngas fuel mixtures measured</title>
            <year>2011</year>
        </details>
    </bibliographyLink>
    <experimentType>ignition delay measurement</experimentType>
    <apparatus>
        <kind>shock tube</kind>
    </apparatus>
    <commonProperties>
        <property name="initial composition"           sourcetype="reported"  >
            <component><speciesLink preferredKey="H2"  CAS="1333-74-0"  InChI="1S/H2/h1H"   SMILES="[HH]"       chemName="hydrogen"        /><amount units="mole fraction" >0.0030</amount></component>
            <component><speciesLink preferredKey="CO"  CAS="630-08-0"   InChI="1S/CO/c1-2"  SMILES="[C-]#[O+]"  chemName="carbon monoxide" /><amount units="mole fraction" >0.0562</amount></component>
            <component><speciesLink preferredKey="O2"  CAS="7782-44-7"  InChI="1S/O2/c1-2"  SMILES="O=O"        chemName="oxygen"          /><amount units="mole fraction" >0.0296</amount></component>
            <component><speciesLink preferredKey="Ar"  CAS="7440-37-1"  InChI="1S/Ar"       SMILES="[Ar]"       chemName="argon"           /><amount units="mole fraction" >0.9112</amount></component>
        </property>
        <property name="evaluated standard deviation"  sourcetype="estimated"  units="unitless"       reference="ignition delay"  kind="relative"  method="statistical scatter" ><value>0.16</value></property>
    </commonProperties>
    <dataGroup id="dg1">
        <property name="temperature"     id="x1"   label="T"    sourcetype="reported"  units="K"   />
        <property name="pressure"        id="x2"   label="P"    sourcetype="reported"  units="bar" />
        <property name="ignition delay"  id="x3"   label="tau"  sourcetype="reported"  units="us"  />

        <dataPoint> <x1>957</x1><x2>0.92</x2><x3>6497</x3></dataPoint>
        <dataPoint> <x1>975</x1><x2>0.90</x2><x3>5699</x3></dataPoint>
        <dataPoint> <x1>993</x1><x2>0.92</x2><x3>5478</x3></dataPoint>
        <dataPoint> <x1>994</x1><x2>0.87</x2><x3>4495</x3></dataPoint>
        <dataPoint> <x1>996</x1><x2>0.93</x2><x3>4473</x3></dataPoint>
        <dataPoint><x1>1028</x1><x2>0.92</x2><x3>3950</x3></dataPoint>
        <dataPoint><x1>1048</x1><x2>0.96</x2><x3>2913</x3></dataPoint>
        <dataPoint><x1>1081</x1><x2>1.01</x2><x3>2349</x3></dataPoint>
        <dataPoint><x1>1120</x1><x2>1.07</x2><x3>1873</x3></dataPoint>
        <dataPoint><x1>1214</x1><x2>1.00</x2><x3>1349</x3></dataPoint>
        <dataPoint><x1>1237</x1><x2>1.04</x2><x3>1109</x3></dataPoint>
        <dataPoint><x1>1268</x1><x2>0.97</x2><x3>1085</x3></dataPoint>
        <dataPoint><x1>1351</x1><x2>0.88</x2> <x3>920</x3></dataPoint>
        <dataPoint><x1>1405</x1><x2>0.85</x2> <x3>802</x3></dataPoint>
        <dataPoint><x1>1510</x1><x2>0.96</x2> <x3>615</x3></dataPoint>
        <dataPoint><x1>1564</x1><x2>0.92</x2> <x3>619</x3></dataPoint>
        <dataPoint><x1>1669</x1><x2>0.88</x2> <x3>477</x3></dataPoint>
        <dataPoint><x1>1986</x1><x2>0.94</x2> <x3>302</x3></dataPoint>
        <dataPoint><x1>2147</x1><x2>1.14</x2> <x3>254</x3></dataPoint>
        <dataPoint><x1>2158</x1><x2>0.90</x2> <x3>257</x3></dataPoint>
        <dataPoint><x1>2161</x1><x2>1.13</x2> <x3>230</x3></dataPoint>
        <dataPoint><x1>2374</x1><x2>0.86</x2> <x3>398</x3></dataPoint>
    </dataGroup>
    <ignitionType target="OHEX;" type="max"/>
</experiment>
