<experiment>
    <fileAuthor>Chemical Kinetics Laboratory, Institute of Chemistry, ELTE, Budapest, Hungary</fileAuthor>
    <fileDOI>10.24388/x10001031</fileDOI>
    <fileVersion>
        <major>2</major>
        <minor>0</minor>
    </fileVersion>
    <ReSpecThVersion>
        <major>2</major>
        <minor>3</minor>
    </ReSpecThVersion>
    <firstPublicationDate>2014-06-24</firstPublicationDate>
    <lastModificationDate>2020-11-18</lastModificationDate>
    <bibliographyLink>
        <description>C. Naumann; J. Herzler; P. Griebel; H. Curran; A. Keromnes; I. Mantzaras H2-IGCC project: Results of ignition delay times for hydrogen-rich and syngas fuel mixtures measured; 2011.</description>
        <location>Main Article</location>
        <table>Table 3.1, H2 / CO / O2 / Ar, Phi = 0.5, dilution 1:5, H2 /CO = 50/50, 4 bar series.</table>
        <details>
            <author>Naumann, Clemens and Herzler, J{\"{u}}rgen and Griebel, Peter and Curran, Henry J and K{\'{e}}romn{\`{e}}s, Alan and Mantzaras, Ioannis</author>
            <booktitle>7$^{\text{th}}$ Framework Programme FP7-ENERGY-2008-TREN-1 ENERGY-2008-6-CLEAN COAL TECHNOLOGIES, Deliverable 1.1.3</booktitle>
            <institution>H$_{2}$-IGCC project</institution>
            <number>Deliverable 1.1.3</number>
            <title>Results of ignition delay times for hydrogen-rich and syngas fuel mixtures measured</title>
            <year>2011</year>
        </details>
    </bibliographyLink>
    <experimentType>ignition delay measurement</experimentType>
    <apparatus>
        <kind>shock tube</kind>
    </apparatus>
    <commonProperties>
        <property name="initial composition"           sourcetype="reported"  >
            <component><speciesLink preferredKey="H2"  CAS="1333-74-0"  InChI="1S/H2/h1H"   SMILES="[HH]"       chemName="hydrogen"        /><amount units="mole fraction" >0.0296</amount></component>
            <component><speciesLink preferredKey="CO"  CAS="630-08-0"   InChI="1S/CO/c1-2"  SMILES="[C-]#[O+]"  chemName="carbon monoxide" /><amount units="mole fraction" >0.0296</amount></component>
            <component><speciesLink preferredKey="O2"  CAS="7782-44-7"  InChI="1S/O2/c1-2"  SMILES="O=O"        chemName="oxygen"          /><amount units="mole fraction" >0.0296</amount></component>
            <component><speciesLink preferredKey="Ar"  CAS="7440-37-1"  InChI="1S/Ar"       SMILES="[Ar]"       chemName="argon"           /><amount units="mole fraction" >0.9112</amount></component>
        </property>
        <property name="evaluated standard deviation"  sourcetype="estimated"  units="unitless"       reference="ignition delay"  kind="relative"  method="generic uncertainty" ><value>0.1</value></property>
    </commonProperties>
    <dataGroup id="dg1">
        <property name="temperature"     id="x1"   label="T"    sourcetype="reported"  units="K"   />
        <property name="pressure"        id="x2"   label="P"    sourcetype="reported"  units="bar" />
        <property name="ignition delay"  id="x3"   label="tau"  sourcetype="reported"  units="us"  />

        <dataPoint> <x1>970</x1><x2>3.60</x2><x3>4531</x3></dataPoint>
        <dataPoint> <x1>985</x1><x2>4.09</x2><x3>3448</x3></dataPoint>
        <dataPoint> <x1>993</x1><x2>4.04</x2><x3>2861</x3></dataPoint>
        <dataPoint><x1>1002</x1><x2>4.17</x2><x3>2702</x3></dataPoint>
        <dataPoint><x1>1007</x1><x2>3.83</x2><x3>1456</x3></dataPoint>
        <dataPoint><x1>1021</x1><x2>3.96</x2><x3>1068</x3></dataPoint>
        <dataPoint><x1>1024</x1><x2>3.83</x2> <x3>805</x3></dataPoint>
        <dataPoint><x1>1027</x1><x2>4.11</x2> <x3>826</x3></dataPoint>
        <dataPoint><x1>1029</x1><x2>4.04</x2> <x3>684</x3></dataPoint>
        <dataPoint><x1>1031</x1><x2>3.77</x2> <x3>631</x3></dataPoint>
        <dataPoint><x1>1050</x1><x2>4.10</x2> <x3>333</x3></dataPoint>
        <dataPoint><x1>1058</x1><x2>4.04</x2> <x3>318</x3></dataPoint>
        <dataPoint><x1>1060</x1><x2>4.07</x2> <x3>311</x3></dataPoint>
        <dataPoint><x1>1084</x1><x2>4.05</x2> <x3>227</x3></dataPoint>
        <dataPoint><x1>1093</x1><x2>4.22</x2> <x3>192</x3></dataPoint>
        <dataPoint><x1>1103</x1><x2>4.33</x2> <x3>170</x3></dataPoint>
        <dataPoint><x1>1148</x1><x2>4.17</x2> <x3>109</x3></dataPoint>
        <dataPoint><x1>1167</x1><x2>3.80</x2> <x3>103</x3></dataPoint>
        <dataPoint><x1>1186</x1><x2>4.09</x2>  <x3>79</x3></dataPoint>
        <dataPoint><x1>1192</x1><x2>3.84</x2>  <x3>74</x3></dataPoint>
        <dataPoint><x1>1192</x1><x2>3.62</x2>  <x3>89</x3></dataPoint>
        <dataPoint><x1>1201</x1><x2>3.79</x2>  <x3>81</x3></dataPoint>
        <dataPoint><x1>1206</x1><x2>3.67</x2>  <x3>78</x3></dataPoint>
        <dataPoint><x1>1281</x1><x2>4.37</x2>  <x3>45</x3></dataPoint>
        <dataPoint><x1>1336</x1><x2>4.61</x2>  <x3>31</x3></dataPoint>
        <dataPoint><x1>1418</x1><x2>4.83</x2>  <x3>22</x3></dataPoint>
    </dataGroup>
    <ignitionType target="OHEX;" type="max"/>
</experiment>
