<experiment>
    <fileAuthor>Chemical Kinetics Laboratory, Institute of Chemistry, ELTE, Budapest, Hungary</fileAuthor>
    <fileDOI>10.24388/x10001085</fileDOI>
    <fileVersion>
        <major>2</major>
        <minor>0</minor>
    </fileVersion>
    <ReSpecThVersion>
        <major>2</major>
        <minor>3</minor>
    </ReSpecThVersion>
    <firstPublicationDate>2014-06-24</firstPublicationDate>
    <lastModificationDate>2020-11-18</lastModificationDate>
    <bibliographyLink>
        <description>L. D. Thi, Y. Zhang, J. Fu, Z. Huang, Y. Zhang: Study on Ignition Delay of Multi-Component Syngas Using Shock Tube, The Canadian Journal of Chemical Engineering, 2013, in press.</description>
        <referenceDOI>10.1002/cjce.21938</referenceDOI>
        <location>Supplementary materials</location>
        <table>Table 2, SH26N58 (mixture 4), 2 MPa series.</table>
        <details>
            <author>Thi, Luong Dinh and Zhang, Yingjia and Fu, Jin and Huang, Zuohua and Zhang, Yang</author>
            <journal>Can J Chem Eng</journal>
            <number>5</number>
            <pages>861--870</pages>
            <title>Study on ignition delay of multi-component syngas using shock tube</title>
            <volume>92</volume>
            <year>2014</year>
        </details>
    </bibliographyLink>
    <experimentType>ignition delay measurement</experimentType>
    <apparatus>
        <kind>shock tube</kind>
    </apparatus>
    <commonProperties>
        <property name="initial composition"           sourcetype="reported"  >
            <component><speciesLink preferredKey="H2"  CAS="1333-74-0"  InChI="1S/H2/h1H"   SMILES="[HH]"       chemName="hydrogen"        /><amount units="mole fraction" >0.00545</amount></component>
            <component><speciesLink preferredKey="CO"  CAS="630-08-0"   InChI="1S/CO/c1-2"  SMILES="[C-]#[O+]"  chemName="carbon monoxide" /><amount units="mole fraction" >0.01537</amount></component>
            <component><speciesLink preferredKey="O2"  CAS="7782-44-7"  InChI="1S/O2/c1-2"  SMILES="O=O"        chemName="oxygen"          /><amount units="mole fraction" >0.01041</amount></component>
            <component><speciesLink preferredKey="N2"  CAS="7727-37-9"  InChI="1S/N2/c1-2"  SMILES="N#N"        chemName="nitrogen"        /><amount units="mole fraction" >0.02876</amount></component>
            <component><speciesLink preferredKey="Ar"  CAS="7440-37-1"  InChI="1S/Ar"       SMILES="[Ar]"       chemName="argon"           /><amount units="mole fraction" >0.94000</amount></component>
        </property>
        <property name="pressure rise"                 label="dp/dt"  sourcetype="reported"   units="ms-1"           kind="relative" ><value>0.0422</value></property>
        <property name="evaluated standard deviation"  sourcetype="estimated"  units="unitless"       reference="ignition delay"  kind="relative"  method="generic uncertainty" ><value>0.1</value></property>
    </commonProperties>
    <dataGroup id="dg1">
        <property name="pressure"        id="x1"   label="p"    sourcetype="reported"  units="atm" />
        <property name="temperature"     id="x2"   label="T"    sourcetype="reported"  units="K"   />
        <property name="ignition delay"  id="x3"   label="tau"  sourcetype="reported"  units="us"  />

        <dataPoint><x1>19.95</x1><x2>1088</x2><x3>2350</x3></dataPoint>
        <dataPoint><x1>20.22</x1><x2>1117</x2><x3>1368</x3></dataPoint>
        <dataPoint><x1>19.87</x1><x2>1139</x2> <x3>766</x3></dataPoint>
        <dataPoint><x1>20.53</x1><x2>1184</x2> <x3>279</x3></dataPoint>
        <dataPoint><x1>19.97</x1><x2>1208</x2> <x3>156</x3></dataPoint>
        <dataPoint><x1>19.61</x1><x2>1222</x2> <x3>112</x3></dataPoint>
        <dataPoint><x1>19.42</x1><x2>1244</x2>  <x3>77</x3></dataPoint>
    </dataGroup>
    <ignitionType target="OHEX;" type="d/dt max"/>
</experiment>
