<experiment>
    <fileAuthor>Chemical Kinetics Laboratory, Institute of Chemistry, ELTE, Budapest, Hungary</fileAuthor>
    <fileDOI>10.24388/x10001032</fileDOI>
    <fileVersion>
        <major>2</major>
        <minor>0</minor>
    </fileVersion>
    <ReSpecThVersion>
        <major>2</major>
        <minor>3</minor>
    </ReSpecThVersion>
    <firstPublicationDate>2014-06-24</firstPublicationDate>
    <lastModificationDate>2020-11-18</lastModificationDate>
    <bibliographyLink>
        <description>C. Naumann; J. Herzler; P. Griebel; H. Curran; A. Keromnes; I. Mantzaras H2-IGCC project: Results of ignition delay times for hydrogen-rich and syngas fuel mixtures measured; 2011.</description>
        <location>Main Article</location>
        <table>Table 3.1, H2 / CO / O2 / Ar, Phi = 0.5, dilution 1:5, H2 /CO = 50/50, 1 bar series.</table>
        <details>
            <author>Naumann, Clemens and Herzler, J{\"{u}}rgen and Griebel, Peter and Curran, Henry J and K{\'{e}}romn{\`{e}}s, Alan and Mantzaras, Ioannis</author>
            <booktitle>7$^{\text{th}}$ Framework Programme FP7-ENERGY-2008-TREN-1 ENERGY-2008-6-CLEAN COAL TECHNOLOGIES, Deliverable 1.1.3</booktitle>
            <institution>H$_{2}$-IGCC project</institution>
            <number>Deliverable 1.1.3</number>
            <title>Results of ignition delay times for hydrogen-rich and syngas fuel mixtures measured</title>
            <year>2011</year>
        </details>
    </bibliographyLink>
    <experimentType>ignition delay measurement</experimentType>
    <apparatus>
        <kind>shock tube</kind>
    </apparatus>
    <commonProperties>
        <property name="initial composition"           sourcetype="reported"  >
            <component><speciesLink preferredKey="H2"  CAS="1333-74-0"  InChI="1S/H2/h1H"   SMILES="[HH]"       chemName="hydrogen"        /><amount units="mole fraction" >0.0296</amount></component>
            <component><speciesLink preferredKey="CO"  CAS="630-08-0"   InChI="1S/CO/c1-2"  SMILES="[C-]#[O+]"  chemName="carbon monoxide" /><amount units="mole fraction" >0.0296</amount></component>
            <component><speciesLink preferredKey="O2"  CAS="7782-44-7"  InChI="1S/O2/c1-2"  SMILES="O=O"        chemName="oxygen"          /><amount units="mole fraction" >0.0296</amount></component>
            <component><speciesLink preferredKey="Ar"  CAS="7440-37-1"  InChI="1S/Ar"       SMILES="[Ar]"       chemName="argon"           /><amount units="mole fraction" >0.9112</amount></component>
        </property>
        <property name="evaluated standard deviation"  sourcetype="estimated"  units="unitless"       reference="ignition delay"  kind="relative"  method="statistical scatter" ><value>0.17</value></property>
    </commonProperties>
    <dataGroup id="dg1">
        <property name="temperature"     id="x1"   label="T"    sourcetype="reported"  units="K"   />
        <property name="pressure"        id="x2"   label="P"    sourcetype="reported"  units="bar" />
        <property name="ignition delay"  id="x3"   label="tau"  sourcetype="reported"  units="us"  />

        <dataPoint> <x1>882</x1><x2>0.86</x2><x3>10776</x3></dataPoint>
        <dataPoint> <x1>895</x1><x2>0.87</x2> <x3>9696</x3></dataPoint>
        <dataPoint> <x1>900</x1><x2>0.88</x2> <x3>3734</x3></dataPoint>
        <dataPoint> <x1>902</x1><x2>0.96</x2> <x3>8273</x3></dataPoint>
        <dataPoint> <x1>906</x1><x2>0.90</x2> <x3>6633</x3></dataPoint>
        <dataPoint> <x1>912</x1><x2>0.90</x2> <x3>5445</x3></dataPoint>
        <dataPoint> <x1>926</x1><x2>1.00</x2> <x3>3555</x3></dataPoint>
        <dataPoint> <x1>947</x1><x2>1.05</x2> <x3>2263</x3></dataPoint>
        <dataPoint> <x1>978</x1><x2>1.06</x2> <x3>1279</x3></dataPoint>
        <dataPoint> <x1>988</x1><x2>0.92</x2> <x3>1150</x3></dataPoint>
        <dataPoint> <x1>990</x1><x2>0.82</x2> <x3>1170</x3></dataPoint>
        <dataPoint><x1>1009</x1><x2>0.85</x2>  <x3>720</x3></dataPoint>
        <dataPoint><x1>1009</x1><x2>1.09</x2>  <x3>844</x3></dataPoint>
        <dataPoint><x1>1011</x1><x2>0.93</x2>  <x3>758</x3></dataPoint>
        <dataPoint><x1>1016</x1><x2>1.04</x2>  <x3>763</x3></dataPoint>
        <dataPoint><x1>1040</x1><x2>1.10</x2>  <x3>640</x3></dataPoint>
        <dataPoint><x1>1065</x1><x2>1.00</x2>  <x3>432</x3></dataPoint>
        <dataPoint><x1>1085</x1><x2>1.10</x2>  <x3>455</x3></dataPoint>
        <dataPoint><x1>1099</x1><x2>1.04</x2>  <x3>394</x3></dataPoint>
        <dataPoint><x1>1123</x1><x2>1.10</x2>  <x3>371</x3></dataPoint>
        <dataPoint><x1>1148</x1><x2>0.97</x2>  <x3>364</x3></dataPoint>
        <dataPoint><x1>1152</x1><x2>1.05</x2>  <x3>345</x3></dataPoint>
        <dataPoint><x1>1170</x1><x2>1.05</x2>  <x3>294</x3></dataPoint>
        <dataPoint><x1>1244</x1><x2>1.08</x2>  <x3>204</x3></dataPoint>
        <dataPoint><x1>1272</x1><x2>1.03</x2>  <x3>199</x3></dataPoint>
        <dataPoint><x1>1331</x1><x2>1.00</x2>  <x3>179</x3></dataPoint>
        <dataPoint><x1>1337</x1><x2>0.99</x2>  <x3>174</x3></dataPoint>
        <dataPoint><x1>1371</x1><x2>0.97</x2>  <x3>151</x3></dataPoint>
        <dataPoint><x1>1389</x1><x2>1.03</x2>  <x3>155</x3></dataPoint>
        <dataPoint><x1>1397</x1><x2>0.97</x2>  <x3>158</x3></dataPoint>
        <dataPoint><x1>1663</x1><x2>1.00</x2>  <x3>102</x3></dataPoint>
        <dataPoint><x1>1663</x1><x2>0.97</x2>  <x3>107</x3></dataPoint>
        <dataPoint><x1>1686</x1><x2>1.12</x2>   <x3>79</x3></dataPoint>
        <dataPoint><x1>1876</x1><x2>1.05</x2>   <x3>85</x3></dataPoint>
        <dataPoint><x1>2000</x1><x2>1.11</x2>   <x3>87</x3></dataPoint>
        <dataPoint><x1>2029</x1><x2>1.08</x2>  <x3>113</x3></dataPoint>
        <dataPoint><x1>2031</x1><x2>1.07</x2>   <x3>61</x3></dataPoint>
    </dataGroup>
    <ignitionType target="OHEX;" type="max"/>
</experiment>
