<experiment>
    <fileAuthor>Chemical Kinetics Laboratory, Institute of Chemistry, ELTE, Budapest, Hungary</fileAuthor>
    <fileDOI>10.24388/x10001028</fileDOI>
    <fileVersion>
        <major>2</major>
        <minor>0</minor>
    </fileVersion>
    <ReSpecThVersion>
        <major>2</major>
        <minor>3</minor>
    </ReSpecThVersion>
    <firstPublicationDate>2014-06-24</firstPublicationDate>
    <lastModificationDate>2020-11-18</lastModificationDate>
    <bibliographyLink>
        <description>C. Naumann; J. Herzler; P. Griebel; H. Curran; A. Keromnes; I. Mantzaras H2-IGCC project: Results of ignition delay times for hydrogen-rich and syngas fuel mixtures measured; 2011.</description>
        <location>Main Article</location>
        <table>Table 3.1, H2 / CO / O2 / Ar, Phi = 0.5, dilution 1:5, H2 /CO = 5/95, 4 bar series.</table>
        <details>
            <author>Naumann, Clemens and Herzler, J{\"{u}}rgen and Griebel, Peter and Curran, Henry J and K{\'{e}}romn{\`{e}}s, Alan and Mantzaras, Ioannis</author>
            <booktitle>7$^{\text{th}}$ Framework Programme FP7-ENERGY-2008-TREN-1 ENERGY-2008-6-CLEAN COAL TECHNOLOGIES, Deliverable 1.1.3</booktitle>
            <institution>H$_{2}$-IGCC project</institution>
            <number>Deliverable 1.1.3</number>
            <title>Results of ignition delay times for hydrogen-rich and syngas fuel mixtures measured</title>
            <year>2011</year>
        </details>
    </bibliographyLink>
    <experimentType>ignition delay measurement</experimentType>
    <apparatus>
        <kind>shock tube</kind>
    </apparatus>
    <commonProperties>
        <property name="initial composition"           sourcetype="reported"  >
            <component><speciesLink preferredKey="H2"  CAS="1333-74-0"  InChI="1S/H2/h1H"   SMILES="[HH]"       chemName="hydrogen"        /><amount units="mole fraction" >0.0017</amount></component>
            <component><speciesLink preferredKey="CO"  CAS="630-08-0"   InChI="1S/CO/c1-2"  SMILES="[C-]#[O+]"  chemName="carbon monoxide" /><amount units="mole fraction" >0.0330</amount></component>
            <component><speciesLink preferredKey="O2"  CAS="7782-44-7"  InChI="1S/O2/c1-2"  SMILES="O=O"        chemName="oxygen"          /><amount units="mole fraction" >0.0347</amount></component>
            <component><speciesLink preferredKey="Ar"  CAS="7440-37-1"  InChI="1S/Ar"       SMILES="[Ar]"       chemName="argon"           /><amount units="mole fraction" >0.9306</amount></component>
        </property>
        <property name="evaluated standard deviation"  sourcetype="estimated"  units="unitless"       reference="ignition delay"  kind="relative"  method="statistical scatter" ><value>0.24</value></property>
    </commonProperties>
    <dataGroup id="dg1">
        <property name="temperature"     id="x1"   label="T"    sourcetype="reported"  units="K"   />
        <property name="pressure"        id="x2"   label="P"    sourcetype="reported"  units="bar" />
        <property name="ignition delay"  id="x3"   label="tau"  sourcetype="reported"  units="us"  />

        <dataPoint><x1>1042</x1><x2>4.55</x2><x3>3231</x3></dataPoint>
        <dataPoint><x1>1042</x1><x2>4.01</x2><x3>2833</x3></dataPoint>
        <dataPoint><x1>1049</x1><x2>4.56</x2><x3>4621</x3></dataPoint>
        <dataPoint><x1>1089</x1><x2>4.21</x2><x3>1573</x3></dataPoint>
        <dataPoint><x1>1119</x1><x2>4.15</x2><x3>1085</x3></dataPoint>
        <dataPoint><x1>1146</x1><x2>4.15</x2><x3>1224</x3></dataPoint>
        <dataPoint><x1>1159</x1><x2>3.93</x2> <x3>694</x3></dataPoint>
        <dataPoint><x1>1215</x1><x2>3.93</x2> <x3>402</x3></dataPoint>
        <dataPoint><x1>1260</x1><x2>3.81</x2> <x3>213</x3></dataPoint>
        <dataPoint><x1>1345</x1><x2>3.88</x2> <x3>191</x3></dataPoint>
        <dataPoint><x1>1463</x1><x2>3.96</x2> <x3>115</x3></dataPoint>
        <dataPoint><x1>1478</x1><x2>3.68</x2> <x3>140</x3></dataPoint>
        <dataPoint><x1>1497</x1><x2>3.76</x2> <x3>115</x3></dataPoint>
        <dataPoint><x1>1516</x1><x2>3.77</x2> <x3>105</x3></dataPoint>
        <dataPoint><x1>1614</x1><x2>3.84</x2>  <x3>84</x3></dataPoint>
        <dataPoint><x1>1824</x1><x2>4.30</x2>  <x3>55</x3></dataPoint>
    </dataGroup>
    <ignitionType target="OHEX;" type="max"/>
</experiment>
