<experiment>
    <fileAuthor>Chemical Kinetics Laboratory, Institute of Chemistry, ELTE, Budapest, Hungary</fileAuthor>
    <fileDOI>10.24388/x10001026</fileDOI>
    <fileVersion>
        <major>2</major>
        <minor>0</minor>
    </fileVersion>
    <ReSpecThVersion>
        <major>2</major>
        <minor>3</minor>
    </ReSpecThVersion>
    <firstPublicationDate>2014-06-24</firstPublicationDate>
    <lastModificationDate>2020-11-18</lastModificationDate>
    <bibliographyLink>
        <description>C. Naumann; J. Herzler; P. Griebel; H. Curran; A. Keromnes; I. Mantzaras H2-IGCC project: Results of ignition delay times for hydrogen-rich and syngas fuel mixtures measured; 2011.</description>
        <location>Main Article</location>
        <table>Table 3.1, H2 / CO / O2 / Ar, Phi = 1.0, dilution 1:5, H2 /CO = 50/50, 1 bar series.</table>
        <details>
            <author>Naumann, Clemens and Herzler, J{\"{u}}rgen and Griebel, Peter and Curran, Henry J and K{\'{e}}romn{\`{e}}s, Alan and Mantzaras, Ioannis</author>
            <booktitle>7$^{\text{th}}$ Framework Programme FP7-ENERGY-2008-TREN-1 ENERGY-2008-6-CLEAN COAL TECHNOLOGIES, Deliverable 1.1.3</booktitle>
            <institution>H$_{2}$-IGCC project</institution>
            <number>Deliverable 1.1.3</number>
            <title>Results of ignition delay times for hydrogen-rich and syngas fuel mixtures measured</title>
            <year>2011</year>
        </details>
    </bibliographyLink>
    <experimentType>ignition delay measurement</experimentType>
    <apparatus>
        <kind>shock tube</kind>
    </apparatus>
    <commonProperties>
        <property name="initial composition"           sourcetype="reported"  >
            <component><speciesLink preferredKey="H2"  CAS="1333-74-0"  InChI="1S/H2/h1H"   SMILES="[HH]"       chemName="hydrogen"        /><amount units="mole fraction" >0.0174</amount></component>
            <component><speciesLink preferredKey="CO"  CAS="630-08-0"   InChI="1S/CO/c1-2"  SMILES="[C-]#[O+]"  chemName="carbon monoxide" /><amount units="mole fraction" >0.0174</amount></component>
            <component><speciesLink preferredKey="O2"  CAS="7782-44-7"  InChI="1S/O2/c1-2"  SMILES="O=O"        chemName="oxygen"          /><amount units="mole fraction" >0.0347</amount></component>
            <component><speciesLink preferredKey="Ar"  CAS="7440-37-1"  InChI="1S/Ar"       SMILES="[Ar]"       chemName="argon"           /><amount units="mole fraction" >0.9306</amount></component>
        </property>
        <property name="evaluated standard deviation"  sourcetype="estimated"  units="unitless"       reference="ignition delay"  kind="relative"  method="statistical scatter" ><value>0.17</value></property>
    </commonProperties>
    <dataGroup id="dg1">
        <property name="temperature"     id="x1"   label="T"    sourcetype="reported"  units="K"   />
        <property name="pressure"        id="x2"   label="P"    sourcetype="reported"  units="bar" />
        <property name="ignition delay"  id="x3"   label="tau"  sourcetype="reported"  units="us"  />

        <dataPoint> <x1>924</x1><x2>1.07</x2><x3>3188</x3></dataPoint>
        <dataPoint> <x1>938</x1><x2>1.07</x2><x3>3689</x3></dataPoint>
        <dataPoint> <x1>950</x1><x2>1.04</x2><x3>1631</x3></dataPoint>
        <dataPoint> <x1>982</x1><x2>1.07</x2><x3>1179</x3></dataPoint>
        <dataPoint> <x1>993</x1><x2>0.99</x2><x3>1218</x3></dataPoint>
        <dataPoint><x1>1080</x1><x2>0.99</x2> <x3>586</x3></dataPoint>
        <dataPoint><x1>1169</x1><x2>1.09</x2> <x3>297</x3></dataPoint>
        <dataPoint><x1>1200</x1><x2>0.88</x2> <x3>349</x3></dataPoint>
        <dataPoint><x1>1245</x1><x2>1.05</x2> <x3>246</x3></dataPoint>
        <dataPoint><x1>1336</x1><x2>0.97</x2> <x3>196</x3></dataPoint>
        <dataPoint><x1>1475</x1><x2>0.84</x2> <x3>161</x3></dataPoint>
        <dataPoint><x1>1479</x1><x2>0.93</x2> <x3>128</x3></dataPoint>
        <dataPoint><x1>1527</x1><x2>0.91</x2> <x3>117</x3></dataPoint>
        <dataPoint><x1>1734</x1><x2>1.08</x2>  <x3>91</x3></dataPoint>
        <dataPoint><x1>1754</x1><x2>1.08</x2>  <x3>91</x3></dataPoint>
        <dataPoint><x1>1829</x1><x2>0.93</x2>  <x3>93</x3></dataPoint>
        <dataPoint><x1>1972</x1><x2>1.15</x2>  <x3>62</x3></dataPoint>
        <dataPoint><x1>2011</x1><x2>1.10</x2>  <x3>68</x3></dataPoint>
        <dataPoint><x1>2145</x1><x2>1.13</x2>  <x3>54</x3></dataPoint>
        <dataPoint><x1>2147</x1><x2>0.97</x2>  <x3>70</x3></dataPoint>
        <dataPoint><x1>2202</x1><x2>0.92</x2>  <x3>69</x3></dataPoint>
        <dataPoint><x1>2214</x1><x2>0.76</x2>  <x3>65</x3></dataPoint>
        <dataPoint><x1>2220</x1><x2>1.18</x2>  <x3>46</x3></dataPoint>
    </dataGroup>
    <ignitionType target="OHEX;" type="max"/>
</experiment>
