<experiment>
    <fileAuthor>Chemical Kinetics Laboratory, Institute of Chemistry, ELTE, Budapest, Hungary</fileAuthor>
    <fileDOI>10.24388/x10001030</fileDOI>
    <fileVersion>
        <major>2</major>
        <minor>0</minor>
    </fileVersion>
    <ReSpecThVersion>
        <major>2</major>
        <minor>3</minor>
    </ReSpecThVersion>
    <firstPublicationDate>2014-06-24</firstPublicationDate>
    <lastModificationDate>2020-11-18</lastModificationDate>
    <bibliographyLink>
        <description>C. Naumann; J. Herzler; P. Griebel; H. Curran; A. Keromnes; I. Mantzaras H2-IGCC project: Results of ignition delay times for hydrogen-rich and syngas fuel mixtures measured; 2011.</description>
        <location>Main Article</location>
        <table>Table 3.1, H2 / CO / O2 / Ar, Phi = 0.5, dilution 1:5, H2 /CO = 50/50, 16 bar series.</table>
        <details>
            <author>Naumann, Clemens and Herzler, J{\"{u}}rgen and Griebel, Peter and Curran, Henry J and K{\'{e}}romn{\`{e}}s, Alan and Mantzaras, Ioannis</author>
            <booktitle>7$^{\text{th}}$ Framework Programme FP7-ENERGY-2008-TREN-1 ENERGY-2008-6-CLEAN COAL TECHNOLOGIES, Deliverable 1.1.3</booktitle>
            <institution>H$_{2}$-IGCC project</institution>
            <number>Deliverable 1.1.3</number>
            <title>Results of ignition delay times for hydrogen-rich and syngas fuel mixtures measured</title>
            <year>2011</year>
        </details>
    </bibliographyLink>
    <experimentType>ignition delay measurement</experimentType>
    <apparatus>
        <kind>shock tube</kind>
    </apparatus>
    <commonProperties>
        <property name="initial composition"           sourcetype="reported"  >
            <component><speciesLink preferredKey="H2"  CAS="1333-74-0"  InChI="1S/H2/h1H"   SMILES="[HH]"       chemName="hydrogen"        /><amount units="mole fraction" >0.0296</amount></component>
            <component><speciesLink preferredKey="CO"  CAS="630-08-0"   InChI="1S/CO/c1-2"  SMILES="[C-]#[O+]"  chemName="carbon monoxide" /><amount units="mole fraction" >0.0296</amount></component>
            <component><speciesLink preferredKey="O2"  CAS="7782-44-7"  InChI="1S/O2/c1-2"  SMILES="O=O"        chemName="oxygen"          /><amount units="mole fraction" >0.0296</amount></component>
            <component><speciesLink preferredKey="Ar"  CAS="7440-37-1"  InChI="1S/Ar"       SMILES="[Ar]"       chemName="argon"           /><amount units="mole fraction" >0.9112</amount></component>
        </property>
        <property name="evaluated standard deviation"  sourcetype="estimated"  units="unitless"       reference="ignition delay"  kind="relative"  method="statistical scatter" ><value>0.14</value></property>
    </commonProperties>
    <dataGroup id="dg1">
        <property name="temperature"     id="x1"   label="T"    sourcetype="reported"  units="K"   />
        <property name="pressure"        id="x2"   label="P"    sourcetype="reported"  units="bar" />
        <property name="ignition delay"  id="x3"   label="tau"  sourcetype="reported"  units="us"  />

        <dataPoint><x1>1007</x1><x2>15.06</x2><x3>6076</x3></dataPoint>
        <dataPoint><x1>1029</x1><x2>15.50</x2><x3>4892</x3></dataPoint>
        <dataPoint><x1>1045</x1><x2>15.22</x2><x3>4045</x3></dataPoint>
        <dataPoint><x1>1073</x1><x2>15.63</x2><x3>1944</x3></dataPoint>
        <dataPoint><x1>1120</x1><x2>15.43</x2> <x3>684</x3></dataPoint>
        <dataPoint><x1>1122</x1><x2>15.73</x2> <x3>774</x3></dataPoint>
        <dataPoint><x1>1124</x1><x2>16.42</x2> <x3>688</x3></dataPoint>
        <dataPoint><x1>1147</x1><x2>16.50</x2> <x3>357</x3></dataPoint>
        <dataPoint><x1>1148</x1><x2>17.16</x2> <x3>369</x3></dataPoint>
        <dataPoint><x1>1161</x1><x2>15.93</x2> <x3>180</x3></dataPoint>
        <dataPoint><x1>1164</x1><x2>16.47</x2> <x3>232</x3></dataPoint>
        <dataPoint><x1>1202</x1><x2>16.55</x2>  <x3>51</x3></dataPoint>
        <dataPoint><x1>1211</x1><x2>16.36</x2>  <x3>40</x3></dataPoint>
        <dataPoint><x1>1212</x1><x2>17.10</x2>  <x3>43</x3></dataPoint>
        <dataPoint><x1>1249</x1><x2>16.51</x2>  <x3>19</x3></dataPoint>
    </dataGroup>
    <ignitionType target="OHEX;" type="max"/>
</experiment>
