<experiment>
    <fileAuthor>Chemical Kinetics Laboratory, Institute of Chemistry, ELTE, Budapest, Hungary</fileAuthor>
    <fileDOI>10.24388/x10001027_x</fileDOI>
    <fileVersion>
        <major>2</major>
        <minor>0</minor>
    </fileVersion>
    <ReSpecThVersion>
        <major>2</major>
        <minor>3</minor>
    </ReSpecThVersion>
    <firstPublicationDate>2014-06-24</firstPublicationDate>
    <lastModificationDate>2020-11-18</lastModificationDate>
    <bibliographyLink>
        <description>C. Naumann; J. Herzler; P. Griebel; H. Curran; A. Keromnes; I. Mantzaras H2-IGCC project: Results of ignition delay times for hydrogen-rich and syngas fuel mixtures measured; 2011.</description>
        <location>Main Article</location>
        <table>Table 3.1, H2 / CO / O2 / Ar, Phi = 0.5, dilution 1:5, H2 /CO = 5/95, 16 bar series.</table>
        <details>
            <author>Naumann, Clemens and Herzler, J{\"{u}}rgen and Griebel, Peter and Curran, Henry J and K{\'{e}}romn{\`{e}}s, Alan and Mantzaras, Ioannis</author>
            <booktitle>7$^{\text{th}}$ Framework Programme FP7-ENERGY-2008-TREN-1 ENERGY-2008-6-CLEAN COAL TECHNOLOGIES, Deliverable 1.1.3</booktitle>
            <institution>H$_{2}$-IGCC project</institution>
            <number>Deliverable 1.1.3</number>
            <title>Results of ignition delay times for hydrogen-rich and syngas fuel mixtures measured</title>
            <year>2011</year>
        </details>
    </bibliographyLink>
    <experimentType>ignition delay measurement</experimentType>
    <apparatus>
        <kind>shock tube</kind>
    </apparatus>
    <commonProperties>
        <property name="initial composition"           sourcetype="reported"  >
            <component><speciesLink preferredKey="H2"  CAS="1333-74-0"  InChI="1S/H2/h1H"   SMILES="[HH]"       chemName="hydrogen"        /><amount units="mole fraction" >0.0017</amount></component>
            <component><speciesLink preferredKey="CO"  CAS="630-08-0"   InChI="1S/CO/c1-2"  SMILES="[C-]#[O+]"  chemName="carbon monoxide" /><amount units="mole fraction" >0.0330</amount></component>
            <component><speciesLink preferredKey="O2"  CAS="7782-44-7"  InChI="1S/O2/c1-2"  SMILES="O=O"        chemName="oxygen"          /><amount units="mole fraction" >0.0347</amount></component>
            <component><speciesLink preferredKey="Ar"  CAS="7440-37-1"  InChI="1S/Ar"       SMILES="[Ar]"       chemName="argon"           /><amount units="mole fraction" >0.9306</amount></component>
        </property>
        <property name="evaluated standard deviation"  sourcetype="estimated"  units="unitless"       reference="ignition delay"  kind="relative"  method="generic uncertainty" ><value>0.1</value></property>
    </commonProperties>
    <dataGroup id="dg1">
        <property name="temperature"     id="x1"   label="T"    sourcetype="reported"  units="K"   />
        <property name="pressure"        id="x2"   label="P"    sourcetype="reported"  units="bar" />
        <property name="ignition delay"  id="x3"   label="tau"  sourcetype="reported"  units="us"  />

        <dataPoint><x1>1055</x1><x2>15.98</x2><x3>6271</x3></dataPoint>
        <dataPoint><x1>1058</x1><x2>16.45</x2><x3>5985</x3></dataPoint>
        <dataPoint><x1>1084</x1><x2>16.13</x2><x3>5671</x3></dataPoint>
        <dataPoint><x1>1101</x1><x2>16.17</x2><x3>5092</x3></dataPoint>
        <dataPoint><x1>1156</x1><x2>16.95</x2><x3>2251</x3></dataPoint>
        <dataPoint><x1>1174</x1><x2>17.02</x2><x3>1488</x3></dataPoint>
        <dataPoint><x1>1179</x1><x2>16.54</x2><x3>1320</x3></dataPoint>
        <dataPoint><x1>1194</x1><x2>16.35</x2> <x3>929</x3></dataPoint>
        <dataPoint><x1>1232</x1><x2>16.31</x2> <x3>451</x3></dataPoint>
        <dataPoint><x1>1247</x1><x2>15.67</x2> <x3>312</x3></dataPoint>
        <dataPoint><x1>1288</x1><x2>16.30</x2> <x3>203</x3></dataPoint>
        <dataPoint><x1>1359</x1><x2>16.80</x2>  <x3>87</x3></dataPoint>
        <dataPoint><x1>1385</x1><x2>16.28</x2>  <x3>77</x3></dataPoint>
        <dataPoint><x1>1470</x1><x2>15.67</x2>  <x3>34</x3></dataPoint>
    </dataGroup>
    <ignitionType target="OHEX;" type="max"/>
</experiment>
