<experiment>
    <fileAuthor>Chemical Kinetics Laboratory, Institute of Chemistry, ELTE, Budapest, Hungary</fileAuthor>
    <fileDOI>10.24388/x10001075</fileDOI>
    <fileVersion>
        <major>2</major>
        <minor>0</minor>
    </fileVersion>
    <ReSpecThVersion>
        <major>2</major>
        <minor>3</minor>
    </ReSpecThVersion>
    <firstPublicationDate>2014-06-24</firstPublicationDate>
    <lastModificationDate>2020-11-18</lastModificationDate>
    <bibliographyLink>
        <description>L. D. Thi, Y. Zhang, J. Fu, Z. Huang, Y. Zhang: Study on Ignition Delay of Multi-Component Syngas Using Shock Tube, The Canadian Journal of Chemical Engineering, 2013, in press.</description>
        <referenceDOI>10.1002/cjce.21938</referenceDOI>
        <location>Supplementary materials</location>
        <table>Table 2, SH70 (mixture 1), 1 MPa series.</table>
        <details>
            <author>Thi, Luong Dinh and Zhang, Yingjia and Fu, Jin and Huang, Zuohua and Zhang, Yang</author>
            <journal>Can J Chem Eng</journal>
            <number>5</number>
            <pages>861--870</pages>
            <title>Study on ignition delay of multi-component syngas using shock tube</title>
            <volume>92</volume>
            <year>2014</year>
        </details>
    </bibliographyLink>
    <experimentType>ignition delay measurement</experimentType>
    <apparatus>
        <kind>shock tube</kind>
    </apparatus>
    <commonProperties>
        <property name="initial composition"           sourcetype="reported"  >
            <component><speciesLink preferredKey="H2"  CAS="1333-74-0"  InChI="1S/H2/h1H"   SMILES="[HH]"       chemName="hydrogen"        /><amount units="mole fraction" >0.02800</amount></component>
            <component><speciesLink preferredKey="CO"  CAS="630-08-0"   InChI="1S/CO/c1-2"  SMILES="[C-]#[O+]"  chemName="carbon monoxide" /><amount units="mole fraction" >0.01200</amount></component>
            <component><speciesLink preferredKey="O2"  CAS="7782-44-7"  InChI="1S/O2/c1-2"  SMILES="O=O"        chemName="oxygen"          /><amount units="mole fraction" >0.02000</amount></component>
            <component><speciesLink preferredKey="Ar"  CAS="7440-37-1"  InChI="1S/Ar"       SMILES="[Ar]"       chemName="argon"           /><amount units="mole fraction" >0.94000</amount></component>
        </property>
        <property name="pressure rise"                 label="dp/dt"  sourcetype="reported"   units="ms-1"           kind="relative" ><value>0.0422</value></property>
        <property name="evaluated standard deviation"  sourcetype="estimated"  units="unitless"       reference="ignition delay"  kind="relative"  method="statistical scatter" ><value>0.13</value></property>
    </commonProperties>
    <dataGroup id="dg1">
        <property name="pressure"        id="x1"   label="p"    sourcetype="reported"  units="atm" />
        <property name="temperature"     id="x2"   label="T"    sourcetype="reported"  units="K"   />
        <property name="ignition delay"  id="x3"   label="tau"  sourcetype="reported"  units="us"  />

        <dataPoint><x1>9.54</x1><x2>1005</x2><x3>3804</x3></dataPoint>
        <dataPoint><x1>9.98</x1><x2>1021</x2><x3>2574</x3></dataPoint>
        <dataPoint><x1>9.63</x1><x2>1046</x2><x3>1434</x3></dataPoint>
        <dataPoint><x1>9.24</x1><x2>1062</x2><x3>1023</x3></dataPoint>
        <dataPoint><x1>9.32</x1><x2>1089</x2> <x3>495</x3></dataPoint>
        <dataPoint><x1>9.64</x1><x2>1102</x2> <x3>248</x3></dataPoint>
        <dataPoint><x1>9.31</x1><x2>1117</x2> <x3>170</x3></dataPoint>
        <dataPoint><x1>9.59</x1><x2>1165</x2>  <x3>87</x3></dataPoint>
        <dataPoint><x1>9.45</x1><x2>1174</x2>  <x3>74</x3></dataPoint>
        <dataPoint><x1>9.10</x1><x2>1179</x2>  <x3>69</x3></dataPoint>
        <dataPoint><x1>9.13</x1><x2>1264</x2>  <x3>33</x3></dataPoint>
    </dataGroup>
    <ignitionType target="OHEX;" type="d/dt max"/>
</experiment>
