<experiment>
    <fileAuthor>Chemical Kinetics Laboratory, Institute of Chemistry, ELTE, Budapest, Hungary</fileAuthor>
    <fileDOI>10.24388/x10001071</fileDOI>
    <fileVersion>
        <major>2</major>
        <minor>0</minor>
    </fileVersion>
    <ReSpecThVersion>
        <major>2</major>
        <minor>3</minor>
    </ReSpecThVersion>
    <firstPublicationDate>2014-06-24</firstPublicationDate>
    <lastModificationDate>2020-11-18</lastModificationDate>
    <bibliographyLink>
        <description>M. C. Krejci; O. Mathieu; A. J. Vissotski; S. Ravi; T. G. Sikes; E. L. Petersen; A. Keromnes; W. K. Metcalfe; H. J. Curran, Proceedings of ASME Turbo Expo 2012-GT2012, June 11-15, Copenhagen, Denmark 2012, Paper GT2012-69290.</description>
        <referenceDOI>10.1115/gt2012-69290</referenceDOI>
        <location>Appendix</location>
        <table>Table A9, H2/CO/O2/Ar = 0.001/0.009/0.01/0.98, low pressure series.</table>
        <details>
            <author>Krejci, M C and Mathieu, O and Vissotski, A J and Ravi, S and Sikes, T G and Petersen, E L and K{\'{e}}romn{\`{e}}s, A and Metcalfe, W K and Curran, H J</author>
            <journal>Proceedings of the ASME Turbo Expo, June 11-15, 2012, Copenhagen, Denmark, Paper GT2012--69290</journal>
            <pages>931--948</pages>
            <title>Laminar flame speed and ignition delay time data for the kinetic modeling of hydrogen and syngas fuel blends</title>
            <year>2012</year>
        </details>
    </bibliographyLink>
    <experimentType>ignition delay measurement</experimentType>
    <apparatus>
        <kind>shock tube</kind>
    </apparatus>
    <commonProperties>
        <property name="initial composition"           sourcetype="reported"  >
            <component><speciesLink preferredKey="H2"  CAS="1333-74-0"  InChI="1S/H2/h1H"   SMILES="[HH]"       chemName="hydrogen"        /><amount units="mole fraction" >0.001</amount></component>
            <component><speciesLink preferredKey="CO"  CAS="630-08-0"   InChI="1S/CO/c1-2"  SMILES="[C-]#[O+]"  chemName="carbon monoxide" /><amount units="mole fraction" >0.009</amount></component>
            <component><speciesLink preferredKey="O2"  CAS="7782-44-7"  InChI="1S/O2/c1-2"  SMILES="O=O"        chemName="oxygen"          /><amount units="mole fraction" >0.010</amount></component>
            <component><speciesLink preferredKey="Ar"  CAS="7440-37-1"  InChI="1S/Ar"       SMILES="[Ar]"       chemName="argon"           /><amount units="mole fraction" >0.980</amount></component>
        </property>
        <property name="evaluated standard deviation"  sourcetype="estimated"  units="unitless"       reference="ignition delay"  kind="relative"  method="generic uncertainty" ><value>0.1</value></property>
    </commonProperties>
    <dataGroup id="dg1">
        <property name="pressure"        id="x1"   label="p"    sourcetype="reported"  units="atm" />
        <property name="temperature"     id="x2"   label="T"    sourcetype="reported"  units="K"   />
        <property name="ignition delay"  id="x3"   label="tau"  sourcetype="reported"  units="us"  />

        <dataPoint><x1>1.47</x1><x2>1991</x2>  <x3>77.0</x3></dataPoint>
        <dataPoint><x1>1.50</x1><x2>1787</x2> <x3>103.0</x3></dataPoint>
        <dataPoint><x1>1.41</x1><x2>1730</x2> <x3>149.0</x3></dataPoint>
        <dataPoint><x1>1.57</x1><x2>1657</x2> <x3>150.0</x3></dataPoint>
        <dataPoint><x1>1.56</x1><x2>1526</x2> <x3>226.0</x3></dataPoint>
        <dataPoint><x1>1.59</x1><x2>1434</x2> <x3>297.0</x3></dataPoint>
        <dataPoint><x1>1.70</x1><x2>1391</x2> <x3>336.0</x3></dataPoint>
        <dataPoint><x1>1.53</x1><x2>1313</x2> <x3>522.0</x3></dataPoint>
        <dataPoint><x1>1.63</x1><x2>1220</x2> <x3>666.0</x3></dataPoint>
        <dataPoint><x1>1.80</x1><x2>1201</x2> <x3>731.0</x3></dataPoint>
        <dataPoint><x1>1.76</x1><x2>1154</x2> <x3>835.0</x3></dataPoint>
        <dataPoint><x1>1.97</x1><x2>1126</x2> <x3>893.0</x3></dataPoint>
        <dataPoint><x1>1.96</x1><x2>1109</x2><x3>1110.0</x3></dataPoint>
        <dataPoint><x1>1.77</x1><x2>1082</x2><x3>1265.0</x3></dataPoint>
        <dataPoint><x1>1.69</x1><x2>1026</x2><x3>1713.0</x3></dataPoint>
    </dataGroup>
    <ignitionType target="OHEX;" type="d/dt max"/>
</experiment>
