<experiment>
    <fileAuthor>Chemical Kinetics Laboratory, Institute of Chemistry, ELTE, Budapest, Hungary</fileAuthor>
    <fileDOI>10.24388/x10001022</fileDOI>
    <fileVersion>
        <major>2</major>
        <minor>0</minor>
    </fileVersion>
    <ReSpecThVersion>
        <major>2</major>
        <minor>3</minor>
    </ReSpecThVersion>
    <firstPublicationDate>2014-06-24</firstPublicationDate>
    <lastModificationDate>2020-11-18</lastModificationDate>
    <bibliographyLink>
        <description>C. Naumann; J. Herzler; P. Griebel; H. Curran; A. Keromnes; I. Mantzaras H2-IGCC project: Results of ignition delay times for hydrogen-rich and syngas fuel mixtures measured; 2011.</description>
        <location>Main Article</location>
        <table>Table 3.1, H2 / CO / O2 / Ar, Phi = 1.0, dilution 1:5, H2 /CO = 5/95, 4 bar series.</table>
        <details>
            <author>Naumann, Clemens and Herzler, J{\"{u}}rgen and Griebel, Peter and Curran, Henry J and K{\'{e}}romn{\`{e}}s, Alan and Mantzaras, Ioannis</author>
            <booktitle>7$^{\text{th}}$ Framework Programme FP7-ENERGY-2008-TREN-1 ENERGY-2008-6-CLEAN COAL TECHNOLOGIES, Deliverable 1.1.3</booktitle>
            <institution>H$_{2}$-IGCC project</institution>
            <number>Deliverable 1.1.3</number>
            <title>Results of ignition delay times for hydrogen-rich and syngas fuel mixtures measured</title>
            <year>2011</year>
        </details>
    </bibliographyLink>
    <experimentType>ignition delay measurement</experimentType>
    <apparatus>
        <kind>shock tube</kind>
    </apparatus>
    <commonProperties>
        <property name="initial composition"           sourcetype="reported"  >
            <component><speciesLink preferredKey="H2"  CAS="1333-74-0"  InChI="1S/H2/h1H"   SMILES="[HH]"       chemName="hydrogen"        /><amount units="mole fraction" >0.0030</amount></component>
            <component><speciesLink preferredKey="CO"  CAS="630-08-0"   InChI="1S/CO/c1-2"  SMILES="[C-]#[O+]"  chemName="carbon monoxide" /><amount units="mole fraction" >0.0562</amount></component>
            <component><speciesLink preferredKey="O2"  CAS="7782-44-7"  InChI="1S/O2/c1-2"  SMILES="O=O"        chemName="oxygen"          /><amount units="mole fraction" >0.0296</amount></component>
            <component><speciesLink preferredKey="Ar"  CAS="7440-37-1"  InChI="1S/Ar"       SMILES="[Ar]"       chemName="argon"           /><amount units="mole fraction" >0.9112</amount></component>
        </property>
        <property name="evaluated standard deviation"  sourcetype="estimated"  units="unitless"       reference="ignition delay"  kind="relative"  method="generic uncertainty" ><value>0.1</value></property>
    </commonProperties>
    <dataGroup id="dg1">
        <property name="temperature"     id="x1"   label="T"    sourcetype="reported"  units="K"   />
        <property name="pressure"        id="x2"   label="P"    sourcetype="reported"  units="bar" />
        <property name="ignition delay"  id="x3"   label="tau"  sourcetype="reported"  units="us"  />

        <dataPoint> <x1>991</x1><x2>3.51</x2><x3>4367</x3></dataPoint>
        <dataPoint><x1>1018</x1><x2>3.63</x2><x3>2865</x3></dataPoint>
        <dataPoint><x1>1031</x1><x2>3.56</x2><x3>2143</x3></dataPoint>
        <dataPoint><x1>1057</x1><x2>3.64</x2><x3>1582</x3></dataPoint>
        <dataPoint><x1>1079</x1><x2>3.63</x2><x3>1051</x3></dataPoint>
        <dataPoint><x1>1144</x1><x2>3.71</x2> <x3>559</x3></dataPoint>
        <dataPoint><x1>1147</x1><x2>3.75</x2> <x3>590</x3></dataPoint>
        <dataPoint><x1>1240</x1><x2>3.79</x2> <x3>329</x3></dataPoint>
        <dataPoint><x1>1254</x1><x2>3.46</x2> <x3>314</x3></dataPoint>
        <dataPoint><x1>1371</x1><x2>3.60</x2> <x3>197</x3></dataPoint>
        <dataPoint><x1>1456</x1><x2>3.44</x2> <x3>167</x3></dataPoint>
        <dataPoint><x1>1471</x1><x2>3.67</x2> <x3>150</x3></dataPoint>
        <dataPoint><x1>1649</x1><x2>4.13</x2>  <x3>89</x3></dataPoint>
        <dataPoint><x1>1763</x1><x2>4.25</x2>  <x3>75</x3></dataPoint>
        <dataPoint><x1>1934</x1><x2>4.18</x2>  <x3>56</x3></dataPoint>
    </dataGroup>
    <ignitionType target="OHEX;" type="max"/>
</experiment>
